"V1","V2","V3","V4","V5","V6","V7","V8","V9","V10","V11","V12","V13","V14","V15","V16","V17","V18","V19","V20","V21","V22","V23","V24","V25","V26","V27","V28","V29","V30","V31","V32","V33","V34","V35","V36","V37","V38","V39","V40","V41","V42","V43","V44","V45","V46","V47","V48","V49","V50","V51","V52","V53","V54","V55","V56","V57","V58","V59","V60","V61","V62","V63","V64","V65","V66","V67","V68","V69","V70","V71","V72","V73","V74","V75","V76","V77","V78","V79","V80","V81","V82","V83","V84","V85","V86","V87","V88","V89","V90","V91","V92","V93","V94","V95","V96","V97","V98","V99","V100"
3.29729391088733e-06,3.29729391088733e-06,3.29729391088733e-06,3.29729391088733e-06,3.29729391088733e-06,3.29729391088733e-06,3.29729391088733e-06,3.29729391088733e-06,3.29729391088733e-06,3.29729391088733e-06,3.29729391088733e-06,3.29729391088733e-06,3.29729391088733e-06,3.29729391088733e-06,3.29729391088733e-06,3.29729391088733e-06,3.29729391088733e-06,3.29729391088733e-06,3.29729391088733e-06,3.29729391088733e-06,3.29729391088733e-06,3.29729391088733e-06,3.29729391088733e-06,3.29729391088733e-06,3.29729391088733e-06,3.29729391088733e-06,3.29729391088733e-06,3.29729391088733e-06,3.29729391088733e-06,3.29729391088733e-06,3.29729391088733e-06,3.29729391088733e-06,3.29729391088733e-06,3.29729391088733e-06,3.29729391088733e-06,3.29729391088733e-06,3.29729391088733e-06,3.29729391088733e-06,3.29729391088733e-06,3.29729391088733e-06,3.29729391088733e-06,3.29729391088733e-06,3.29729391088733e-06,3.29729391088733e-06,3.29729391088733e-06,3.29729391088733e-06,3.29729391088733e-06,3.29729391088733e-06,3.29729391088733e-06,3.29729391088733e-06,3.29729391088733e-06,3.29729391088733e-06,3.29729391088733e-06,3.29729391088733e-06,3.29729391088733e-06,3.29729391088733e-06,3.29729391088733e-06,3.29729391088733e-06,3.29729391088733e-06,3.29729391088733e-06,3.29729391088733e-06,3.29729391088733e-06,3.29729391088733e-06,3.29729391088733e-06,3.29729391088733e-06,3.29729391088733e-06,3.29729391088733e-06,3.29729391088733e-06,3.29729391088733e-06,3.29729391088733e-06,3.29729391088733e-06,3.29729391088733e-06,3.29729391088733e-06,3.29729391088733e-06,3.29729391088733e-06,3.29729391088733e-06,3.29729391088733e-06,3.29729391088733e-06,3.29729391088733e-06,3.29729391088733e-06,3.29729391088733e-06,3.29729391088733e-06,3.29729391088733e-06,3.29729391088733e-06,3.29729391088733e-06,3.29729391088733e-06,3.29729391088733e-06,3.29729391088733e-06,3.29729391088733e-06,3.29729391088733e-06,3.29729391088733e-06,3.29729391088733e-06,3.29729391088733e-06,3.29729391088733e-06,3.29729391088733e-06,3.29729391088733e-06,3.29729391088733e-06,3.29729391088733e-06,3.29729391088733e-06,3.29729391088733e-06
3.29729391088733e-06,3.29729391088733e-06,3.29729391088733e-06,3.29729391088733e-06,3.29729391088733e-06,3.29729391088733e-06,3.29729391088733e-06,3.29729391088733e-06,3.29729391088733e-06,3.29729391088733e-06,3.29729391088733e-06,3.29729391088733e-06,3.29729391088733e-06,3.29729391088733e-06,3.29729391088733e-06,3.29729391088733e-06,3.29729391088733e-06,3.29729391088733e-06,3.29729391088733e-06,3.29729391088733e-06,3.29729391088733e-06,3.29729391088733e-06,3.29729391088733e-06,3.29729391088733e-06,3.29729391088733e-06,3.29729391088733e-06,3.29729391088733e-06,3.29729391088733e-06,3.29729391088733e-06,3.29729391088733e-06,3.29729391088733e-06,3.29729391088733e-06,3.29729391088733e-06,3.29729391088733e-06,3.29729391088733e-06,3.29729391088733e-06,3.29729391088733e-06,3.29729391088733e-06,3.29729391088733e-06,3.29729391088733e-06,3.29729391088733e-06,3.29729391088733e-06,3.29729391088733e-06,3.29729391088733e-06,3.29729391088733e-06,3.29729391088733e-06,3.29729391088733e-06,3.29729391088733e-06,3.29729391088733e-06,3.29729391088733e-06,3.29729391088733e-06,3.29729391088733e-06,3.29729391088733e-06,3.29729391088733e-06,3.29729391088733e-06,3.29729391088733e-06,3.29729391088733e-06,3.29729391088733e-06,3.29729391088733e-06,3.29729391088733e-06,3.29729391088733e-06,3.29729391088733e-06,3.29729391088733e-06,3.29729391088733e-06,3.29729391088733e-06,3.29729391088733e-06,3.29729391088733e-06,3.29729391088733e-06,3.29729391088733e-06,3.29729391088733e-06,3.29729391088733e-06,3.29729391088733e-06,3.29729391088733e-06,3.29729391088733e-06,3.29729391088733e-06,3.29729391088733e-06,3.29729391088733e-06,3.29729391088733e-06,3.29729391088733e-06,3.29729391088733e-06,3.29729391088733e-06,3.29729391088733e-06,3.29729391088733e-06,3.29729391088733e-06,3.29729391088733e-06,3.29729391088733e-06,3.29729391088733e-06,3.29729391088733e-06,3.29729391088733e-06,3.29729391088733e-06,3.29729391088733e-06,3.29729391088733e-06,3.29729391088733e-06,3.29729391088733e-06,3.29729391088733e-06,3.29729391088733e-06,3.29729391088733e-06,3.29729391088733e-06,3.29729391088733e-06,3.29729391088733e-06
3.29729391088733e-06,3.29729391088733e-06,3.29729391088733e-06,3.29729391088733e-06,3.29729391088733e-06,3.29729391088733e-06,3.29729391088733e-06,3.29729391088733e-06,3.29729391088733e-06,3.29729391088733e-06,3.29729391088733e-06,3.29729391088733e-06,3.29729391088733e-06,3.29729391088733e-06,3.29729391088733e-06,3.29729391088733e-06,3.29729391088733e-06,3.29729391088733e-06,3.29729391088733e-06,3.29729391088733e-06,3.29729391088733e-06,3.29729391088733e-06,3.29729391088733e-06,3.29729391088733e-06,3.29729391088733e-06,3.29729391088733e-06,3.29729391088733e-06,3.29729391088733e-06,3.29729391088733e-06,3.29729391088733e-06,3.29729391088733e-06,3.29729391088733e-06,3.29729391088733e-06,3.29729391088733e-06,3.29729391088733e-06,3.29729391088733e-06,3.29729391088733e-06,3.29729391088733e-06,3.29729391088733e-06,3.29729391088733e-06,3.29729391088733e-06,3.29729391088733e-06,3.29729391088733e-06,3.29729391088733e-06,3.29729391088733e-06,3.29729391088733e-06,3.29729391088733e-06,3.29729391088733e-06,3.29729391088733e-06,3.29729391088733e-06,3.29729391088733e-06,3.29729391088733e-06,3.29729391088733e-06,3.29729391088733e-06,3.29729391088733e-06,3.29729391088733e-06,3.29729391088733e-06,3.29729391088733e-06,3.29729391088733e-06,3.29729391088733e-06,3.29729391088733e-06,3.29729391088733e-06,3.29729391088733e-06,3.29729391088733e-06,3.29729391088733e-06,3.29729391088733e-06,3.29729391088733e-06,3.29729391088733e-06,3.29729391088733e-06,3.29729391088733e-06,3.29729391088733e-06,3.29729391088733e-06,3.29729391088733e-06,3.29729391088733e-06,3.29729391088733e-06,3.29729391088733e-06,3.29729391088733e-06,3.29729391088733e-06,3.29729391088733e-06,3.29729391088733e-06,3.29729391088733e-06,3.29729391088733e-06,3.29729391088733e-06,3.29729391088733e-06,3.29729391088733e-06,3.29729391088733e-06,3.29729391088733e-06,3.29729391088733e-06,3.29729391088733e-06,3.29729391088733e-06,3.29729391088733e-06,3.29729391088733e-06,3.29729391088733e-06,3.29729391088733e-06,3.29729391088733e-06,3.29729391088733e-06,3.29729391088733e-06,3.29729391088733e-06,3.29729391088733e-06,3.29729391088733e-06
3.29729391088733e-06,3.29729391088733e-06,3.29729391088733e-06,3.29729391088733e-06,3.29729391088733e-06,3.29729391088733e-06,3.29729391088733e-06,3.29729391088733e-06,3.29729391088733e-06,3.29729391088733e-06,3.29729391088733e-06,3.29729391088733e-06,3.29729391088733e-06,3.29729391088733e-06,3.29729391088733e-06,3.29729391088733e-06,3.29729391088733e-06,3.29729391088733e-06,3.29729391088733e-06,3.29729391088733e-06,3.29729391088733e-06,3.29729391088733e-06,3.29729391088733e-06,3.29729391088733e-06,3.29729391088733e-06,3.29729391088733e-06,3.29729391088733e-06,3.29729391088733e-06,3.29729391088733e-06,3.29729391088733e-06,3.29729391088733e-06,3.29729391088733e-06,3.29729391088733e-06,3.29729391088733e-06,3.29729391088733e-06,3.29729391088733e-06,3.29729391088733e-06,3.29729391088733e-06,3.29729391088733e-06,3.29729391088733e-06,3.29729391088733e-06,3.29729391088733e-06,3.29729391088733e-06,3.29729391088733e-06,3.29729391088733e-06,3.29729391088733e-06,3.29729391088733e-06,3.29729391088733e-06,3.29729391088733e-06,3.29729391088733e-06,3.29729391088733e-06,3.29729391088733e-06,3.29729391088733e-06,3.29729391088733e-06,3.29729391088733e-06,3.29729391088733e-06,3.29729391088733e-06,3.29729391088733e-06,3.29729391088733e-06,3.29729391088733e-06,3.29729391088733e-06,3.29729391088733e-06,3.29729391088733e-06,3.29729391088733e-06,3.29729391088733e-06,3.29729391088733e-06,3.29729391088733e-06,3.29729391088733e-06,3.29729391088733e-06,3.29729391088733e-06,3.29729391088733e-06,3.29729391088733e-06,3.29729391088733e-06,3.29729391088733e-06,3.29729391088733e-06,3.29729391088733e-06,3.29729391088733e-06,3.29729391088733e-06,3.29729391088733e-06,3.29729391088733e-06,3.29729391088733e-06,3.29729391088733e-06,3.29729391088733e-06,3.29729391088733e-06,3.29729391088733e-06,3.29729391088733e-06,3.29729391088733e-06,3.29729391088733e-06,3.29729391088733e-06,3.29729391088733e-06,3.29729391088733e-06,3.29729391088733e-06,3.29729391088733e-06,3.29729391088733e-06,3.29729391088733e-06,3.29729391088733e-06,3.29729391088733e-06,3.29729391088733e-06,3.29729391088733e-06,3.29729391088733e-06
3.29729391088733e-06,3.29729391088733e-06,3.29729391088733e-06,3.29729391088733e-06,3.29729391088733e-06,3.29729391088733e-06,3.29729391088733e-06,3.29729391088733e-06,3.29729391088733e-06,3.29729391088733e-06,3.29729391088733e-06,3.29729391088733e-06,3.29729391088733e-06,3.29729391088733e-06,3.29729391088733e-06,3.29729391088733e-06,3.29729391088733e-06,3.29729391088733e-06,3.29729391088733e-06,3.29729391088733e-06,3.29729391088733e-06,3.29729391088733e-06,3.29729391088733e-06,3.29729391088733e-06,3.29729391088733e-06,3.29729391088733e-06,3.29729391088733e-06,3.29729391088733e-06,3.29729391088733e-06,3.29729391088733e-06,3.29729391088733e-06,3.29729391088733e-06,3.29729391088733e-06,3.29729391088733e-06,3.29729391088733e-06,3.29729391088733e-06,3.29729391088733e-06,3.29729391088733e-06,3.29729391088733e-06,3.29729391088733e-06,3.29729391088733e-06,3.29729391088733e-06,3.29729391088733e-06,3.29729391088733e-06,3.29729391088733e-06,3.29729391088733e-06,3.29729391088733e-06,3.29729391088733e-06,3.29729391088733e-06,3.29729391088733e-06,3.29729391088733e-06,3.29729391088733e-06,3.29729391088733e-06,3.29729391088733e-06,3.29729391088733e-06,3.29729391088733e-06,3.29729391088733e-06,3.29729391088733e-06,3.29729391088733e-06,3.29729391088733e-06,3.29729391088733e-06,3.29729391088733e-06,3.29729391088733e-06,3.29729391088733e-06,3.29729391088733e-06,3.29729391088733e-06,3.29729391088733e-06,3.29729391088733e-06,3.29729391088733e-06,3.29729391088733e-06,3.29729391088733e-06,3.29729391088733e-06,3.29729391088733e-06,3.29729391088733e-06,3.29729391088733e-06,3.29729391088733e-06,3.29729391088733e-06,3.29729391088733e-06,3.29729391088733e-06,3.29729391088733e-06,3.29729391088733e-06,3.29729391088733e-06,3.29729391088733e-06,3.29729391088733e-06,3.29729391088733e-06,3.29729391088733e-06,3.29729391088733e-06,3.29729391088733e-06,3.29729391088733e-06,3.29729391088733e-06,3.29729391088733e-06,3.29729391088733e-06,3.29729391088733e-06,3.29729391088733e-06,3.29729391088733e-06,3.29729391088733e-06,3.29729391088733e-06,3.29729391088733e-06,3.29729391088733e-06,3.29729391088733e-06
3.29729391088733e-06,3.29729391088733e-06,3.29729391088733e-06,3.29729391088733e-06,3.29729391088733e-06,3.29729391088733e-06,3.29729391088733e-06,3.29729391088733e-06,3.29729391088733e-06,3.29729391088733e-06,3.29729391088733e-06,3.29729391088733e-06,3.29729391088733e-06,3.29729391088733e-06,3.29729391088733e-06,3.29729391088733e-06,3.29729391088733e-06,3.29729391088733e-06,3.29729391088733e-06,3.29729391088733e-06,3.29729391088733e-06,3.29729391088733e-06,3.29729391088733e-06,3.29729391088733e-06,3.29729391088733e-06,3.29729391088733e-06,3.29729391088733e-06,3.29729391088733e-06,3.29729391088733e-06,3.29729391088733e-06,3.29729391088733e-06,3.29729391088733e-06,3.29729391088733e-06,3.29729391088733e-06,3.29729391088733e-06,3.29729391088733e-06,3.29729391088733e-06,3.29729391088733e-06,3.29729391088733e-06,3.29729391088733e-06,3.29729391088733e-06,3.29729391088733e-06,3.29729391088733e-06,3.29729391088733e-06,3.29729391088733e-06,3.29729391088733e-06,3.29729391088733e-06,3.29729391088733e-06,3.29729391088733e-06,3.29729391088733e-06,3.29729391088733e-06,3.29729391088733e-06,3.29729391088733e-06,3.29729391088733e-06,3.29729391088733e-06,3.29729391088733e-06,3.29729391088733e-06,3.29729391088733e-06,3.29729391088733e-06,3.29729391088733e-06,3.29729391088733e-06,3.29729391088733e-06,3.29729391088733e-06,3.29729391088733e-06,3.29729391088733e-06,3.29729391088733e-06,3.29729391088733e-06,3.29729391088733e-06,3.29729391088733e-06,3.29729391088733e-06,3.29729391088733e-06,3.29729391088733e-06,3.29729391088733e-06,3.29729391088733e-06,3.29729391088733e-06,3.29729391088733e-06,3.29729391088733e-06,3.29729391088733e-06,3.29729391088733e-06,3.29729391088733e-06,3.29729391088733e-06,3.29729391088733e-06,3.29729391088733e-06,3.29729391088733e-06,3.29729391088733e-06,3.29729391088733e-06,3.29729391088733e-06,3.29729391088733e-06,3.29729391088733e-06,3.29729391088733e-06,3.29729391088733e-06,3.29729391088733e-06,3.29729391088733e-06,3.29729391088733e-06,3.29729391088733e-06,3.29729391088733e-06,3.29729391088733e-06,3.29729391088733e-06,3.29729391088733e-06,3.29729391088733e-06
3.29729391088733e-06,3.29729391088733e-06,3.29729391088733e-06,3.29729391088733e-06,3.29729391088733e-06,3.29729391088733e-06,3.29729391088733e-06,3.29729391088733e-06,3.29729391088733e-06,3.29729391088733e-06,3.29729391088733e-06,3.29729391088733e-06,3.29729391088733e-06,3.29729391088733e-06,3.29729391088733e-06,3.29729391088733e-06,3.29729391088733e-06,3.29729391088733e-06,3.29729391088733e-06,3.29729391088733e-06,3.29729391088733e-06,3.29729391088733e-06,3.29729391088733e-06,3.29729391088733e-06,3.29729391088733e-06,3.29729391088733e-06,3.29729391088733e-06,3.29729391088733e-06,3.29729391088733e-06,3.29729391088733e-06,3.29729391088733e-06,3.29729391088733e-06,3.29729391088733e-06,3.29729391088733e-06,3.29729391088733e-06,3.29729391088733e-06,3.29729391088733e-06,3.29729391088733e-06,3.29729391088733e-06,3.29729391088733e-06,3.29729391088733e-06,3.29729391088733e-06,3.29729391088733e-06,3.29729391088733e-06,3.29729391088733e-06,3.29729391088733e-06,3.29729391088733e-06,3.29729391088733e-06,3.29729391088733e-06,3.29729391088733e-06,3.29729391088733e-06,3.29729391088733e-06,3.29729391088733e-06,3.29729391088733e-06,3.29729391088733e-06,3.29729391088733e-06,3.29729391088733e-06,3.29729391088733e-06,3.29729391088733e-06,3.29729391088733e-06,3.29729391088733e-06,3.29729391088733e-06,3.29729391088733e-06,3.29729391088733e-06,3.29729391088733e-06,3.29729391088733e-06,3.29729391088733e-06,3.29729391088733e-06,3.29729391088733e-06,3.29729391088733e-06,3.29729391088733e-06,3.29729391088733e-06,3.29729391088733e-06,3.29729391088733e-06,3.29729391088733e-06,3.29729391088733e-06,3.29729391088733e-06,3.29729391088733e-06,3.29729391088733e-06,3.29729391088733e-06,3.29729391088733e-06,3.29729391088733e-06,3.29729391088733e-06,3.29729391088733e-06,3.29729391088733e-06,3.29729391088733e-06,3.29729391088733e-06,3.29729391088733e-06,3.29729391088733e-06,3.29729391088733e-06,3.29729391088733e-06,3.29729391088733e-06,3.29729391088733e-06,3.29729391088733e-06,3.29729391088733e-06,3.29729391088733e-06,3.29729391088733e-06,3.29729391088733e-06,3.29729391088733e-06,3.29729391088733e-06
3.29729391088733e-06,3.29729391088733e-06,3.29729391088733e-06,3.29729391088733e-06,3.29729391088733e-06,3.29729391088733e-06,3.29729391088733e-06,3.29729391088733e-06,3.29729391088733e-06,3.29729391088733e-06,3.29729391088733e-06,3.29729391088733e-06,3.29729391088733e-06,3.29729391088733e-06,3.29729391088733e-06,3.29729391088733e-06,3.29729391088733e-06,3.29729391088733e-06,3.29729391088733e-06,3.29729391088733e-06,3.29729391088733e-06,3.29729391088733e-06,3.29729391088733e-06,3.29729391088733e-06,3.29729391088733e-06,3.29729391088733e-06,3.29729391088733e-06,3.29729391088733e-06,3.29729391088733e-06,3.29729391088733e-06,3.29729391088733e-06,3.29729391088733e-06,3.29729391088733e-06,3.29729391088733e-06,3.29729391088733e-06,3.29729391088733e-06,3.29729391088733e-06,3.29729391088733e-06,3.29729391088733e-06,3.29729391088733e-06,3.29729391088733e-06,3.29729391088733e-06,3.29729391088733e-06,3.29729391088733e-06,3.29729391088733e-06,3.29729391088733e-06,3.29729391088733e-06,3.29729391088733e-06,3.29729391088733e-06,3.29729391088733e-06,3.29729391088733e-06,3.29729391088733e-06,3.29729391088733e-06,3.29729391088733e-06,3.29729391088733e-06,3.29729391088733e-06,3.29729391088733e-06,3.29729391088733e-06,3.29729391088733e-06,3.29729391088733e-06,3.29729391088733e-06,3.29729391088733e-06,3.29729391088733e-06,3.29729391088733e-06,3.29729391088733e-06,3.29729391088733e-06,3.29729391088733e-06,3.29729391088733e-06,3.29729391088733e-06,3.29729391088733e-06,3.29729391088733e-06,3.29729391088733e-06,3.29729391088733e-06,3.29729391088733e-06,3.29729391088733e-06,3.29729391088733e-06,3.29729391088733e-06,3.29729391088733e-06,3.29729391088733e-06,3.29729391088733e-06,3.29729391088733e-06,3.29729391088733e-06,3.29729391088733e-06,3.29729391088733e-06,3.29729391088733e-06,3.29729391088733e-06,3.29729391088733e-06,3.29729391088733e-06,3.29729391088733e-06,3.29729391088733e-06,3.29729391088733e-06,3.29729391088733e-06,3.29729391088733e-06,3.29729391088733e-06,3.29729391088733e-06,3.29729391088733e-06,3.29729391088733e-06,3.29729391088733e-06,3.29729391088733e-06,3.29729391088733e-06
3.29729391088733e-06,3.29729391088733e-06,3.29729391088733e-06,3.29729391088733e-06,3.29729391088733e-06,3.29729391088733e-06,3.29729391088733e-06,3.29729391088733e-06,3.29729391088733e-06,3.29729391088733e-06,3.29729391088733e-06,3.29729391088733e-06,3.29729391088733e-06,3.29729391088733e-06,3.29729391088733e-06,3.29729391088733e-06,3.29729391088733e-06,3.29729391088733e-06,3.29729391088733e-06,3.29729391088733e-06,3.29729391088733e-06,3.29729391088733e-06,3.29729391088733e-06,3.29729391088733e-06,3.29729391088733e-06,3.29729391088733e-06,3.29729391088733e-06,3.29729391088733e-06,3.29729391088733e-06,3.29729391088733e-06,3.29729391088733e-06,3.29729391088733e-06,3.29729391088733e-06,3.29729391088733e-06,3.29729391088733e-06,3.29729391088733e-06,3.29729391088733e-06,3.29729391088733e-06,3.29729391088733e-06,3.29729391088733e-06,3.29729391088733e-06,3.29729391088733e-06,3.29729391088733e-06,3.29729391088733e-06,3.29729391088733e-06,3.29729391088733e-06,3.29729391088733e-06,3.29729391088733e-06,3.29729391088733e-06,3.29729391088733e-06,3.29729391088733e-06,3.29729391088733e-06,3.29729391088733e-06,3.29729391088733e-06,3.29729391088733e-06,3.29729391088733e-06,3.29729391088733e-06,3.29729391088733e-06,3.29729391088733e-06,3.29729391088733e-06,3.29729391088733e-06,3.29729391088733e-06,3.29729391088733e-06,3.29729391088733e-06,3.29729391088733e-06,3.29729391088733e-06,3.29729391088733e-06,3.29729391088733e-06,3.29729391088733e-06,3.29729391088733e-06,3.29729391088733e-06,3.29729391088733e-06,3.29729391088733e-06,3.29729391088733e-06,3.29729391088733e-06,3.29729391088733e-06,3.29729391088733e-06,3.29729391088733e-06,3.29729391088733e-06,3.29729391088733e-06,3.29729391088733e-06,3.29729391088733e-06,3.29729391088733e-06,3.29729391088733e-06,3.29729391088733e-06,3.29729391088733e-06,3.29729391088733e-06,3.29729391088733e-06,3.29729391088733e-06,3.29729391088733e-06,3.29729391088733e-06,3.29729391088733e-06,3.29729391088733e-06,3.29729391088733e-06,3.29729391088733e-06,3.29729391088733e-06,3.29729391088733e-06,3.29729391088733e-06,3.29729391088733e-06,3.29729391088733e-06
3.29729391088733e-06,3.29729391088733e-06,3.29729391088733e-06,3.29729391088733e-06,3.29729391088733e-06,3.29729391088733e-06,3.29729391088733e-06,3.29729391088733e-06,3.29729391088733e-06,3.29729391088733e-06,3.29729391088733e-06,3.29729391088733e-06,3.29729391088733e-06,3.29729391088733e-06,3.29729391088733e-06,3.29729391088733e-06,3.29729391088733e-06,3.29729391088733e-06,3.29729391088733e-06,3.29729391088733e-06,3.29729391088733e-06,3.29729391088733e-06,3.29729391088733e-06,3.29729391088733e-06,3.29729391088733e-06,3.29729391088733e-06,3.29729391088733e-06,3.29729391088733e-06,3.29729391088733e-06,3.29729391088733e-06,3.29729391088733e-06,3.29729391088733e-06,3.29729391088733e-06,3.29729391088733e-06,3.29729391088733e-06,3.29729391088733e-06,3.29729391088733e-06,3.29729391088733e-06,3.29729391088733e-06,3.29729391088733e-06,3.29729391088733e-06,3.29729391088733e-06,3.29729391088733e-06,3.29729391088733e-06,3.29729391088733e-06,3.29729391088733e-06,3.29729391088733e-06,3.29729391088733e-06,3.29729391088733e-06,3.29729391088733e-06,3.29729391088733e-06,3.29729391088733e-06,3.29729391088733e-06,3.29729391088733e-06,3.29729391088733e-06,3.29729391088733e-06,3.29729391088733e-06,3.29729391088733e-06,3.29729391088733e-06,3.29729391088733e-06,3.29729391088733e-06,3.29729391088733e-06,3.29729391088733e-06,3.29729391088733e-06,3.29729391088733e-06,3.29729391088733e-06,3.29729391088733e-06,3.29729391088733e-06,3.29729391088733e-06,3.29729391088733e-06,3.29729391088733e-06,3.29729391088733e-06,3.29729391088733e-06,3.29729391088733e-06,3.29729391088733e-06,3.29729391088733e-06,3.29729391088733e-06,3.29729391088733e-06,3.29729391088733e-06,3.29729391088733e-06,3.29729391088733e-06,3.29729391088733e-06,3.29729391088733e-06,3.29729391088733e-06,3.29729391088733e-06,3.29729391088733e-06,3.29729391088733e-06,3.29729391088733e-06,3.29729391088733e-06,3.29729391088733e-06,3.29729391088733e-06,3.29729391088733e-06,3.29729391088733e-06,3.29729391088733e-06,3.29729391088733e-06,3.29729391088733e-06,3.29729391088733e-06,3.29729391088733e-06,3.29729391088733e-06,3.29729391088733e-06
3.29729391088733e-06,3.29729391088733e-06,3.29729391088733e-06,3.29729391088733e-06,3.29729391088733e-06,3.29729391088733e-06,3.29729391088733e-06,3.29729391088733e-06,3.29729391088733e-06,3.29729391088733e-06,3.29729391088733e-06,3.29729391088733e-06,3.29729391088733e-06,3.29729391088733e-06,3.29729391088733e-06,3.29729391088733e-06,3.29729391088733e-06,3.29729391088733e-06,3.29729391088733e-06,3.29729391088733e-06,3.29729391088733e-06,3.29729391088733e-06,3.29729391088733e-06,3.29729391088733e-06,3.29729391088733e-06,3.29729391088733e-06,3.29729391088733e-06,3.29729391088733e-06,3.29729391088733e-06,3.29729391088733e-06,3.29729391088733e-06,3.29729391088733e-06,3.29729391088733e-06,3.29729391088733e-06,3.29729391088733e-06,3.29729391088733e-06,3.29729391088733e-06,3.29729391088733e-06,3.29729391088733e-06,3.29729391088733e-06,3.29729391088733e-06,3.29729391088733e-06,3.29729391088733e-06,3.29729391088733e-06,3.29729391088733e-06,3.29729391088733e-06,3.29729391088733e-06,3.29729391088733e-06,3.29729391088733e-06,3.29729391088733e-06,3.29729391088733e-06,3.29729391088733e-06,3.29729391088733e-06,3.29729391088733e-06,3.29729391088733e-06,3.29729391088733e-06,3.29729391088733e-06,3.29729391088733e-06,3.29729391088733e-06,3.29729391088733e-06,3.29729391088733e-06,3.29729391088733e-06,3.29729391088733e-06,3.29729391088733e-06,3.29729391088733e-06,3.29729391088733e-06,3.29729391088733e-06,3.29729391088733e-06,3.29729391088733e-06,3.29729391088733e-06,3.29729391088733e-06,3.29729391088733e-06,3.29729391088733e-06,3.29729391088733e-06,3.29729391088733e-06,3.29729391088733e-06,3.29729391088733e-06,3.29729391088733e-06,3.29729391088733e-06,3.29729391088733e-06,3.29729391088733e-06,3.29729391088733e-06,3.29729391088733e-06,3.29729391088733e-06,3.29729391088733e-06,3.29729391088733e-06,3.29729391088733e-06,3.29729391088733e-06,3.29729391088733e-06,3.29729391088733e-06,3.29729391088733e-06,3.29729391088733e-06,3.29729391088733e-06,3.29729391088733e-06,3.29729391088733e-06,3.29729391088733e-06,3.29729391088733e-06,3.29729391088733e-06,3.29729391088733e-06,3.29729391088733e-06
3.29729391088733e-06,3.29729391088733e-06,3.29729391088733e-06,3.29729391088733e-06,3.29729391088733e-06,3.29729391088733e-06,3.29729391088733e-06,3.29729391088733e-06,3.29729391088733e-06,3.29729391088733e-06,3.29729391088733e-06,3.29729391088733e-06,3.29729391088733e-06,3.29729391088733e-06,3.29729391088733e-06,3.29729391088733e-06,3.29729391088733e-06,3.29729391088733e-06,3.29729391088733e-06,3.29729391088733e-06,3.29729391088733e-06,3.29729391088733e-06,3.29729391088733e-06,3.29729391088733e-06,3.29729391088733e-06,3.29729391088733e-06,3.29729391088733e-06,3.29729391088733e-06,3.29729391088733e-06,3.29729391088733e-06,3.29729391088733e-06,3.29729391088733e-06,3.29729391088733e-06,3.29729391088733e-06,3.29729391088733e-06,3.29729391088733e-06,3.29729391088733e-06,3.29729391088733e-06,3.29729391088733e-06,3.29729391088733e-06,3.29729391088733e-06,3.29729391088733e-06,3.29729391088733e-06,3.29729391088733e-06,3.29729391088733e-06,3.29729391088733e-06,3.29729391088733e-06,3.29729391088733e-06,3.29729391088733e-06,3.29729391088733e-06,3.29729391088733e-06,3.29729391088733e-06,3.29729391088733e-06,3.29729391088733e-06,3.29729391088733e-06,3.29729391088733e-06,3.29729391088733e-06,3.29729391088733e-06,3.29729391088733e-06,3.29729391088733e-06,3.29729391088733e-06,3.29729391088733e-06,3.29729391088733e-06,3.29729391088733e-06,3.29729391088733e-06,3.29729391088733e-06,3.29729391088733e-06,3.29729391088733e-06,3.29729391088733e-06,3.29729391088733e-06,3.29729391088733e-06,3.29729391088733e-06,3.29729391088733e-06,3.29729391088733e-06,3.29729391088733e-06,3.29729391088733e-06,3.29729391088733e-06,3.29729391088733e-06,3.29729391088733e-06,3.29729391088733e-06,3.29729391088733e-06,3.29729391088733e-06,3.29729391088733e-06,3.29729391088733e-06,3.29729391088733e-06,3.29729391088733e-06,3.29729391088733e-06,3.29729391088733e-06,3.29729391088733e-06,3.29729391088733e-06,3.29729391088733e-06,3.29729391088733e-06,3.29729391088733e-06,3.29729391088733e-06,3.29729391088733e-06,3.29729391088733e-06,3.29729391088733e-06,3.29729391088733e-06,3.29729391088733e-06,3.29729391088733e-06
3.29729391088733e-06,3.29729391088733e-06,3.29729391088733e-06,3.29729391088733e-06,3.29729391088733e-06,3.29729391088733e-06,3.29729391088733e-06,3.29729391088733e-06,3.29729391088733e-06,3.29729391088733e-06,3.29729391088733e-06,3.29729391088733e-06,3.29729391088733e-06,3.29729391088733e-06,3.29729391088733e-06,3.29729391088733e-06,3.29729391088733e-06,3.29729391088733e-06,3.29729391088733e-06,3.29729391088733e-06,3.29729391088733e-06,3.29729391088733e-06,3.29729391088733e-06,3.29729391088733e-06,3.29729391088733e-06,3.29729391088733e-06,3.29729391088733e-06,3.29729391088733e-06,3.29729391088733e-06,3.29729391088733e-06,3.29729391088733e-06,3.29729391088733e-06,3.29729391088733e-06,3.29729391088733e-06,3.29729391088733e-06,3.29729391088733e-06,3.29729391088733e-06,3.29729391088733e-06,3.29729391088733e-06,3.29729391088733e-06,3.29729391088733e-06,3.29729391088733e-06,3.29729391088733e-06,3.29729391088733e-06,3.29729391088733e-06,3.29729391088733e-06,3.29729391088733e-06,3.29729391088733e-06,3.29729391088733e-06,3.29729391088733e-06,3.29729391088733e-06,3.29729391088733e-06,3.29729391088733e-06,3.29729391088733e-06,3.29729391088733e-06,3.29729391088733e-06,3.29729391088733e-06,3.29729391088733e-06,3.29729391088733e-06,3.29729391088733e-06,3.29729391088733e-06,3.29729391088733e-06,3.29729391088733e-06,3.29729391088733e-06,3.29729391088733e-06,3.29729391088733e-06,3.29729391088733e-06,3.29729391088733e-06,3.29729391088733e-06,3.29729391088733e-06,3.29729391088733e-06,3.29729391088733e-06,3.29729391088733e-06,3.29729391088733e-06,3.29729391088733e-06,3.29729391088733e-06,3.29729391088733e-06,3.29729391088733e-06,3.29729391088733e-06,3.29729391088733e-06,3.29729391088733e-06,3.29729391088733e-06,3.29729391088733e-06,3.29729391088733e-06,3.29729391088733e-06,3.29729391088733e-06,3.29729391088733e-06,3.29729391088733e-06,3.29729391088733e-06,3.29729391088733e-06,3.29729391088733e-06,3.29729391088733e-06,3.29729391088733e-06,3.29729391088733e-06,3.29729391088733e-06,3.29729391088733e-06,3.29729391088733e-06,3.29729391088733e-06,3.29729391088733e-06,3.29729391088733e-06
3.29729391088733e-06,3.29729391088733e-06,3.29729391088733e-06,3.29729391088733e-06,3.29729391088733e-06,3.29729391088733e-06,3.29729391088733e-06,3.29729391088733e-06,3.29729391088733e-06,3.29729391088733e-06,3.29729391088733e-06,3.29729391088733e-06,3.29729391088733e-06,3.29729391088733e-06,3.29729391088733e-06,3.29729391088733e-06,3.29729391088733e-06,3.29729391088733e-06,3.29729391088733e-06,3.29729391088733e-06,3.29729391088733e-06,3.29729391088733e-06,3.29729391088733e-06,3.29729391088733e-06,3.29729391088733e-06,3.29729391088733e-06,3.29729391088733e-06,3.29729391088733e-06,3.29729391088733e-06,3.29729391088733e-06,3.29729391088733e-06,3.29729391088733e-06,3.29729391088733e-06,3.29729391088733e-06,3.29729391088733e-06,3.29729391088733e-06,3.29729391088733e-06,3.29729391088733e-06,3.29729391088733e-06,3.29729391088733e-06,3.29729391088733e-06,3.29729391088733e-06,3.29729391088733e-06,3.29729391088733e-06,3.29729391088733e-06,3.29729391088733e-06,3.29729391088733e-06,3.29729391088733e-06,3.29729391088733e-06,3.29729391088733e-06,3.29729391088733e-06,3.29729391088733e-06,3.29729391088733e-06,3.29729391088733e-06,3.29729391088733e-06,3.29729391088733e-06,3.29729391088733e-06,3.29729391088733e-06,3.29729391088733e-06,3.29729391088733e-06,3.29729391088733e-06,3.29729391088733e-06,3.29729391088733e-06,3.29729391088733e-06,3.29729391088733e-06,3.29729391088733e-06,3.29729391088733e-06,3.29729391088733e-06,3.29729391088733e-06,3.29729391088733e-06,3.29729391088733e-06,3.29729391088733e-06,3.29729391088733e-06,3.29729391088733e-06,3.29729391088733e-06,3.29729391088733e-06,3.29729391088733e-06,3.29729391088733e-06,3.29729391088733e-06,3.29729391088733e-06,3.29729391088733e-06,3.29729391088733e-06,3.29729391088733e-06,3.29729391088733e-06,3.29729391088733e-06,3.29729391088733e-06,3.29729391088733e-06,3.29729391088733e-06,3.29729391088733e-06,3.29729391088733e-06,3.29729391088733e-06,3.29729391088733e-06,3.29729391088733e-06,3.29729391088733e-06,3.29729391088733e-06,3.29729391088733e-06,3.29729391088733e-06,3.29729391088733e-06,3.29729391088733e-06,3.29729391088733e-06
3.29729391088733e-06,3.29729391088733e-06,3.29729391088733e-06,3.29729391088733e-06,3.29729391088733e-06,3.29729391088733e-06,3.29729391088733e-06,3.29729391088733e-06,3.29729391088733e-06,3.29729391088733e-06,3.29729391088733e-06,3.29729391088733e-06,3.29729391088733e-06,3.29729391088733e-06,3.29729391088733e-06,3.29729391088733e-06,3.29729391088733e-06,3.29729391088733e-06,3.29729391088733e-06,3.29729391088733e-06,3.29729391088733e-06,3.29729391088733e-06,3.29729391088733e-06,3.29729391088733e-06,3.29729391088733e-06,3.29729391088733e-06,3.29729391088733e-06,3.29729391088733e-06,3.29729391088733e-06,3.29729391088733e-06,3.29729391088733e-06,3.29729391088733e-06,3.29729391088733e-06,3.29729391088733e-06,3.29729391088733e-06,3.29729391088733e-06,3.29729391088733e-06,3.29729391088733e-06,3.29729391088733e-06,3.29729391088733e-06,3.29729391088733e-06,3.29729391088733e-06,3.29729391088733e-06,3.29729391088733e-06,3.29729391088733e-06,3.29729391088733e-06,3.29729391088733e-06,3.29729391088733e-06,3.29729391088733e-06,3.29729391088733e-06,3.29729391088733e-06,3.29729391088733e-06,3.29729391088733e-06,3.29729391088733e-06,3.29729391088733e-06,3.29729391088733e-06,3.29729391088733e-06,3.29729391088733e-06,3.29729391088733e-06,3.29729391088733e-06,3.29729391088733e-06,3.29729391088733e-06,3.29729391088733e-06,3.29729391088733e-06,3.29729391088733e-06,3.29729391088733e-06,3.29729391088733e-06,3.29729391088733e-06,3.29729391088733e-06,3.29729391088733e-06,3.29729391088733e-06,3.29729391088733e-06,3.29729391088733e-06,3.29729391088733e-06,3.29729391088733e-06,3.29729391088733e-06,3.29729391088733e-06,3.29729391088733e-06,3.29729391088733e-06,3.29729391088733e-06,3.29729391088733e-06,3.29729391088733e-06,3.29729391088733e-06,3.29729391088733e-06,3.29729391088733e-06,3.29729391088733e-06,3.29729391088733e-06,3.29729391088733e-06,3.29729391088733e-06,3.29729391088733e-06,3.29729391088733e-06,3.29729391088733e-06,3.29729391088733e-06,3.29729391088733e-06,3.29729391088733e-06,3.29729391088733e-06,3.29729391088733e-06,3.29729391088733e-06,3.29729391088733e-06,3.29729391088733e-06
3.29729391088733e-06,3.29729391088733e-06,3.29729391088733e-06,3.29729391088733e-06,3.29729391088733e-06,3.29729391088733e-06,3.29729391088733e-06,3.29729391088733e-06,3.29729391088733e-06,3.29729391088733e-06,3.29729391088733e-06,3.29729391088733e-06,3.29729391088733e-06,3.29729391088733e-06,3.29729391088733e-06,3.29729391088733e-06,3.29729391088733e-06,3.29729391088733e-06,3.29729391088733e-06,3.29729391088733e-06,3.29729391088733e-06,3.29729391088733e-06,3.29729391088733e-06,3.29729391088733e-06,3.29729391088733e-06,3.29729391088733e-06,3.29729391088733e-06,3.29729391088733e-06,3.29729391088733e-06,3.29729391088733e-06,3.29729391088733e-06,3.29729391088733e-06,3.29729391088733e-06,3.29729391088733e-06,3.29729391088733e-06,3.29729391088733e-06,3.29729391088733e-06,3.29729391088733e-06,3.29729391088733e-06,3.29729391088733e-06,3.29729391088733e-06,3.29729391088733e-06,3.29729391088733e-06,3.29729391088733e-06,3.29729391088733e-06,3.29729391088733e-06,3.29729391088733e-06,3.29729391088733e-06,3.29729391088733e-06,3.29729391088733e-06,3.29729391088733e-06,3.29729391088733e-06,3.29729391088733e-06,3.29729391088733e-06,3.29729391088733e-06,3.29729391088733e-06,3.29729391088733e-06,3.29729391088733e-06,3.29729391088733e-06,3.29729391088733e-06,3.29729391088733e-06,3.29729391088733e-06,3.29729391088733e-06,3.29729391088733e-06,3.29729391088733e-06,3.29729391088733e-06,3.29729391088733e-06,3.29729391088733e-06,3.29729391088733e-06,3.29729391088733e-06,3.29729391088733e-06,3.29729391088733e-06,3.29729391088733e-06,3.29729391088733e-06,3.29729391088733e-06,3.29729391088733e-06,3.29729391088733e-06,3.29729391088733e-06,3.29729391088733e-06,3.29729391088733e-06,3.29729391088733e-06,3.29729391088733e-06,3.29729391088733e-06,3.29729391088733e-06,3.29729391088733e-06,3.29729391088733e-06,3.29729391088733e-06,3.29729391088733e-06,3.29729391088733e-06,3.29729391088733e-06,3.29729391088733e-06,3.29729391088733e-06,3.29729391088733e-06,3.29729391088733e-06,3.29729391088733e-06,3.29729391088733e-06,3.29729391088733e-06,3.29729391088733e-06,3.29729391088733e-06,3.29729391088733e-06
3.29729391088733e-06,3.29729391088733e-06,3.29729391088733e-06,3.29729391088733e-06,3.29729391088733e-06,3.29729391088733e-06,3.29729391088733e-06,3.29729391088733e-06,3.29729391088733e-06,3.29729391088733e-06,3.29729391088733e-06,3.29729391088733e-06,3.29729391088733e-06,3.29729391088733e-06,3.29729391088733e-06,3.29729391088733e-06,3.29729391088733e-06,3.29729391088733e-06,3.29729391088733e-06,3.29729391088733e-06,3.29729391088733e-06,3.29729391088733e-06,3.29729391088733e-06,3.29729391088733e-06,3.29729391088733e-06,3.29729391088733e-06,3.29729391088733e-06,3.29729391088733e-06,3.29729391088733e-06,3.29729391088733e-06,3.29729391088733e-06,3.29729391088733e-06,3.29729391088733e-06,3.29729391088733e-06,3.29729391088733e-06,3.29729391088733e-06,3.29729391088733e-06,3.29729391088733e-06,3.29729391088733e-06,3.29729391088733e-06,3.29729391088733e-06,3.29729391088733e-06,3.29729391088733e-06,3.29729391088733e-06,3.29729391088733e-06,3.29729391088733e-06,3.29729391088733e-06,3.29729391088733e-06,3.29729391088733e-06,3.29729391088733e-06,3.29729391088733e-06,3.29729391088733e-06,3.29729391088733e-06,3.29729391088733e-06,3.29729391088733e-06,3.29729391088733e-06,3.29729391088733e-06,3.29729391088733e-06,3.29729391088733e-06,3.29729391088733e-06,3.29729391088733e-06,3.29729391088733e-06,3.29729391088733e-06,3.29729391088733e-06,3.29729391088733e-06,3.29729391088733e-06,3.29729391088733e-06,3.29729391088733e-06,3.29729391088733e-06,3.29729391088733e-06,3.29729391088733e-06,3.29729391088733e-06,3.29729391088733e-06,3.29729391088733e-06,3.29729391088733e-06,3.29729391088733e-06,3.29729391088733e-06,3.29729391088733e-06,3.29729391088733e-06,3.29729391088733e-06,3.29729391088733e-06,3.29729391088733e-06,3.29729391088733e-06,3.29729391088733e-06,3.29729391088733e-06,3.29729391088733e-06,3.29729391088733e-06,3.29729391088733e-06,3.29729391088733e-06,3.29729391088733e-06,3.29729391088733e-06,3.29729391088733e-06,3.29729391088733e-06,3.29729391088733e-06,3.29729391088733e-06,3.29729391088733e-06,3.29729391088733e-06,3.29729391088733e-06,3.29729391088733e-06,3.29729391088733e-06
3.29729391088733e-06,3.29729391088733e-06,3.29729391088733e-06,3.29729391088733e-06,3.29729391088733e-06,3.29729391088733e-06,3.29729391088733e-06,3.29729391088733e-06,3.29729391088733e-06,3.29729391088733e-06,3.29729391088733e-06,3.29729391088733e-06,3.29729391088733e-06,3.29729391088733e-06,3.29729391088733e-06,3.29729391088733e-06,3.29729391088733e-06,3.29729391088733e-06,3.29729391088733e-06,3.29729391088733e-06,3.29729391088733e-06,3.29729391088733e-06,3.29729391088733e-06,3.29729391088733e-06,3.29729391088733e-06,3.29729391088733e-06,3.29729391088733e-06,3.29729391088733e-06,3.29729391088733e-06,3.29729391088733e-06,3.29729391088733e-06,3.29729391088733e-06,3.29729391088733e-06,3.29729391088733e-06,3.29729391088733e-06,3.29729391088733e-06,3.29729391088733e-06,3.29729391088733e-06,3.29729391088733e-06,3.29729391088733e-06,3.29729391088733e-06,3.29729391088733e-06,3.29729391088733e-06,3.29729391088733e-06,3.29729391088733e-06,3.29729391088733e-06,3.29729391088733e-06,3.29729391088733e-06,3.29729391088733e-06,3.29729391088733e-06,3.29729391088733e-06,3.29729391088733e-06,3.29729391088733e-06,3.29729391088733e-06,3.29729391088733e-06,3.29729391088733e-06,3.29729391088733e-06,3.29729391088733e-06,3.29729391088733e-06,3.29729391088733e-06,3.29729391088733e-06,3.29729391088733e-06,3.29729391088733e-06,3.29729391088733e-06,3.29729391088733e-06,3.29729391088733e-06,3.29729391088733e-06,3.29729391088733e-06,3.29729391088733e-06,3.29729391088733e-06,3.29729391088733e-06,3.29729391088733e-06,3.29729391088733e-06,3.29729391088733e-06,3.29729391088733e-06,3.29729391088733e-06,3.29729391088733e-06,3.29729391088733e-06,3.29729391088733e-06,3.29729391088733e-06,3.29729391088733e-06,3.29729391088733e-06,3.29729391088733e-06,3.29729391088733e-06,3.29729391088733e-06,3.29729391088733e-06,3.29729391088733e-06,3.29729391088733e-06,3.29729391088733e-06,3.29729391088733e-06,3.29729391088733e-06,3.29729391088733e-06,3.29729391088733e-06,3.29729391088733e-06,3.29729391088733e-06,3.29729391088733e-06,3.29729391088733e-06,3.29729391088733e-06,3.29729391088733e-06,3.29729391088733e-06
3.29729391088733e-06,3.29729391088733e-06,3.29729391088733e-06,3.29729391088733e-06,3.29729391088733e-06,3.29729391088733e-06,3.29729391088733e-06,3.29729391088733e-06,3.29729391088733e-06,3.29729391088733e-06,3.29729391088733e-06,3.29729391088733e-06,3.29729391088733e-06,3.29729391088733e-06,3.29729391088733e-06,3.29729391088733e-06,3.29729391088733e-06,3.29729391088733e-06,3.29729391088733e-06,3.29729391088733e-06,3.29729391088733e-06,3.29729391088733e-06,3.29729391088733e-06,3.29729391088733e-06,3.29729391088733e-06,3.29729391088733e-06,3.29729391088733e-06,3.29729391088733e-06,3.29729391088733e-06,3.29729391088733e-06,3.29729391088733e-06,3.29729391088733e-06,3.29729391088733e-06,3.29729391088733e-06,3.29729391088733e-06,3.29729391088733e-06,3.29729391088733e-06,3.29729391088733e-06,3.29729391088733e-06,3.29729391088733e-06,3.29729391088733e-06,3.29729391088733e-06,3.29729391088733e-06,3.29729391088733e-06,3.29729391088733e-06,3.29729391088733e-06,3.29729391088733e-06,3.29729391088733e-06,3.29729391088733e-06,3.29729391088733e-06,3.29729391088733e-06,3.29729391088733e-06,3.29729391088733e-06,3.29729391088733e-06,3.29729391088733e-06,3.29729391088733e-06,3.29729391088733e-06,3.29729391088733e-06,3.29729391088733e-06,3.29729391088733e-06,3.29729391088733e-06,3.29729391088733e-06,3.29729391088733e-06,3.29729391088733e-06,3.29729391088733e-06,3.29729391088733e-06,3.29729391088733e-06,3.29729391088733e-06,3.29729391088733e-06,3.29729391088733e-06,3.29729391088733e-06,3.29729391088733e-06,3.29729391088733e-06,3.29729391088733e-06,3.29729391088733e-06,3.29729391088733e-06,3.29729391088733e-06,3.29729391088733e-06,3.29729391088733e-06,3.29729391088733e-06,3.29729391088733e-06,3.29729391088733e-06,3.29729391088733e-06,3.29729391088733e-06,3.29729391088733e-06,3.29729391088733e-06,3.29729391088733e-06,3.29729391088733e-06,3.29729391088733e-06,3.29729391088733e-06,3.29729391088733e-06,3.29729391088733e-06,3.29729391088733e-06,3.29729391088733e-06,3.29729391088733e-06,3.29729391088733e-06,3.29729391088733e-06,3.29729391088733e-06,3.29729391088733e-06,3.29729391088733e-06
3.29729391088733e-06,3.29729391088733e-06,3.29729391088733e-06,3.29729391088733e-06,3.29729391088733e-06,3.29729391088733e-06,3.29729391088733e-06,3.29729391088733e-06,3.29729391088733e-06,3.29729391088733e-06,3.29729391088733e-06,3.29729391088733e-06,3.29729391088733e-06,3.29729391088733e-06,3.29729391088733e-06,3.29729391088733e-06,3.29729391088733e-06,3.29729391088733e-06,3.29729391088733e-06,3.29729391088733e-06,3.29729391088733e-06,3.29729391088733e-06,3.29729391088733e-06,3.29729391088733e-06,3.29729391088733e-06,3.29729391088733e-06,3.29729391088733e-06,3.29729391088733e-06,3.29729391088733e-06,3.29729391088733e-06,3.29729391088733e-06,3.29729391088733e-06,3.29729391088733e-06,3.29729391088733e-06,3.29729391088733e-06,3.29729391088733e-06,3.29729391088733e-06,3.29729391088733e-06,3.29729391088733e-06,3.29729391088733e-06,3.29729391088733e-06,3.29729391088733e-06,3.29729391088733e-06,3.29729391088733e-06,3.29729391088733e-06,3.29729391088733e-06,3.29729391088733e-06,3.29729391088733e-06,3.29729391088733e-06,3.29729391088733e-06,3.29729391088733e-06,3.29729391088733e-06,3.29729391088733e-06,3.29729391088733e-06,3.29729391088733e-06,3.29729391088733e-06,3.29729391088733e-06,3.29729391088733e-06,3.29729391088733e-06,3.29729391088733e-06,3.29729391088733e-06,3.29729391088733e-06,3.29729391088733e-06,3.29729391088733e-06,3.29729391088733e-06,3.29729391088733e-06,3.29729391088733e-06,3.29729391088733e-06,3.29729391088733e-06,3.29729391088733e-06,3.29729391088733e-06,3.29729391088733e-06,3.29729391088733e-06,3.29729391088733e-06,3.29729391088733e-06,3.29729391088733e-06,3.29729391088733e-06,3.29729391088733e-06,3.29729391088733e-06,3.29729391088733e-06,3.29729391088733e-06,3.29729391088733e-06,3.29729391088733e-06,3.29729391088733e-06,3.29729391088733e-06,3.29729391088733e-06,3.29729391088733e-06,3.29729391088733e-06,3.29729391088733e-06,3.29729391088733e-06,3.29729391088733e-06,3.29729391088733e-06,3.29729391088733e-06,3.29729391088733e-06,3.29729391088733e-06,3.29729391088733e-06,3.29729391088733e-06,3.29729391088733e-06,3.29729391088733e-06,3.29729391088733e-06
3.29729391088733e-06,3.29729391088733e-06,3.29729391088733e-06,3.29729391088733e-06,3.29729391088733e-06,3.29729391088733e-06,3.29729391088733e-06,3.29729391088733e-06,3.29729391088733e-06,3.29729391088733e-06,3.29729391088733e-06,3.29729391088733e-06,3.29729391088733e-06,3.29729391088733e-06,3.29729391088733e-06,3.29729391088733e-06,3.29729391088733e-06,3.29729391088733e-06,3.29729391088733e-06,3.29729391088733e-06,3.29729391088733e-06,3.29729391088733e-06,3.29729391088733e-06,3.29729391088733e-06,3.29729391088733e-06,3.29729391088733e-06,3.29729391088733e-06,3.29729391088733e-06,3.29729391088733e-06,3.29729391088733e-06,3.29729391088733e-06,3.29729391088733e-06,3.29729391088733e-06,3.29729391088733e-06,3.29729391088733e-06,3.29729391088733e-06,3.29729391088733e-06,3.29729391088733e-06,3.29729391088733e-06,3.29729391088733e-06,3.29729391088733e-06,3.29729391088733e-06,3.29729391088733e-06,3.29729391088733e-06,3.29729391088733e-06,3.29729391088733e-06,3.29729391088733e-06,3.29729391088733e-06,3.29729391088733e-06,3.29729391088733e-06,3.29729391088733e-06,3.29729391088733e-06,3.29729391088733e-06,3.29729391088733e-06,3.29729391088733e-06,3.29729391088733e-06,3.29729391088733e-06,3.29729391088733e-06,3.29729391088733e-06,3.29729391088733e-06,3.29729391088733e-06,3.29729391088733e-06,3.29729391088733e-06,3.29729391088733e-06,3.29729391088733e-06,3.29729391088733e-06,3.29729391088733e-06,3.29729391088733e-06,3.29729391088733e-06,3.29729391088733e-06,3.29729391088733e-06,3.29729391088733e-06,3.29729391088733e-06,3.29729391088733e-06,3.29729391088733e-06,3.29729391088733e-06,3.29729391088733e-06,3.29729391088733e-06,3.29729391088733e-06,3.29729391088733e-06,3.29729391088733e-06,3.29729391088733e-06,3.29729391088733e-06,3.29729391088733e-06,3.29729391088733e-06,3.29729391088733e-06,3.29729391088733e-06,3.29729391088733e-06,3.29729391088733e-06,3.29729391088733e-06,3.29729391088733e-06,3.29729391088733e-06,3.29729391088733e-06,3.29729391088733e-06,3.29729391088733e-06,3.29729391088733e-06,3.29729391088733e-06,3.29729391088733e-06,3.29729391088733e-06,3.29729391088733e-06
3.29729391088733e-06,3.29729391088733e-06,3.29729391088733e-06,3.29729391088733e-06,3.29729391088733e-06,3.29729391088733e-06,3.29729391088733e-06,3.29729391088733e-06,3.29729391088733e-06,3.29729391088733e-06,3.29729391088733e-06,3.29729391088733e-06,3.29729391088733e-06,3.29729391088733e-06,3.29729391088733e-06,3.29729391088733e-06,3.29729391088733e-06,3.29729391088733e-06,3.29729391088733e-06,3.29729391088733e-06,3.29729391088733e-06,3.29729391088733e-06,3.29729391088733e-06,3.29729391088733e-06,3.29729391088733e-06,3.29729391088733e-06,3.29729391088733e-06,3.29729391088733e-06,3.29729391088733e-06,3.29729391088733e-06,3.29729391088733e-06,3.29729391088733e-06,3.29729391088733e-06,3.29729391088733e-06,3.29729391088733e-06,3.29729391088733e-06,3.29729391088733e-06,3.29729391088733e-06,3.29729391088733e-06,3.29729391088733e-06,3.29729391088733e-06,3.29729391088733e-06,3.29729391088733e-06,3.29729391088733e-06,3.29729391088733e-06,3.29729391088733e-06,3.29729391088733e-06,3.29729391088733e-06,3.29729391088733e-06,3.29729391088733e-06,3.29729391088733e-06,3.29729391088733e-06,3.29729391088733e-06,3.29729391088733e-06,3.29729391088733e-06,3.29729391088733e-06,3.29729391088733e-06,3.29729391088733e-06,3.29729391088733e-06,3.29729391088733e-06,3.29729391088733e-06,3.29729391088733e-06,3.29729391088733e-06,3.29729391088733e-06,3.29729391088733e-06,3.29729391088733e-06,3.29729391088733e-06,3.29729391088733e-06,3.29729391088733e-06,3.29729391088733e-06,3.29729391088733e-06,3.29729391088733e-06,3.29729391088733e-06,3.29729391088733e-06,3.29729391088733e-06,3.29729391088733e-06,3.29729391088733e-06,3.29729391088733e-06,3.29729391088733e-06,3.29729391088733e-06,3.29729391088733e-06,3.29729391088733e-06,3.29729391088733e-06,3.29729391088733e-06,3.29729391088733e-06,3.29729391088733e-06,3.29729391088733e-06,3.29729391088733e-06,3.29729391088733e-06,3.29729391088733e-06,3.29729391088733e-06,3.29729391088733e-06,3.29729391088733e-06,3.29729391088733e-06,3.29729391088733e-06,3.29729391088733e-06,3.29729391088733e-06,3.29729391088733e-06,3.29729391088733e-06,3.29729391088733e-06
3.29729391088733e-06,3.29729391088733e-06,3.29729391088733e-06,3.29729391088733e-06,3.29729391088733e-06,3.29729391088733e-06,3.29729391088733e-06,3.29729391088733e-06,3.29729391088733e-06,3.29729391088733e-06,3.29729391088733e-06,3.29729391088733e-06,3.29729391088733e-06,3.29729391088733e-06,3.29729391088733e-06,3.29729391088733e-06,3.29729391088733e-06,3.29729391088733e-06,3.29729391088733e-06,3.29729391088733e-06,3.29729391088733e-06,3.29729391088733e-06,3.29729391088733e-06,3.29729391088733e-06,3.29729391088733e-06,3.29729391088733e-06,3.29729391088733e-06,3.29729391088733e-06,3.29729391088733e-06,3.29729391088733e-06,3.29729391088733e-06,3.29729391088733e-06,3.29729391088733e-06,3.29729391088733e-06,3.29729391088733e-06,3.29729391088733e-06,3.29729391088733e-06,3.29729391088733e-06,3.29729391088733e-06,3.29729391088733e-06,3.29729391088733e-06,3.29729391088733e-06,3.29729391088733e-06,3.29729391088733e-06,3.29729391088733e-06,3.29729391088733e-06,3.29729391088733e-06,3.29729391088733e-06,3.29729391088733e-06,3.29729391088733e-06,3.29729391088733e-06,3.29729391088733e-06,3.29729391088733e-06,3.29729391088733e-06,3.29729391088733e-06,3.29729391088733e-06,3.29729391088733e-06,3.29729391088733e-06,3.29729391088733e-06,3.29729391088733e-06,3.29729391088733e-06,3.29729391088733e-06,3.29729391088733e-06,3.29729391088733e-06,3.29729391088733e-06,3.29729391088733e-06,3.29729391088733e-06,3.29729391088733e-06,3.29729391088733e-06,3.29729391088733e-06,3.29729391088733e-06,3.29729391088733e-06,3.29729391088733e-06,3.29729391088733e-06,3.29729391088733e-06,3.29729391088733e-06,3.29729391088733e-06,3.29729391088733e-06,3.29729391088733e-06,3.29729391088733e-06,3.29729391088733e-06,3.29729391088733e-06,3.29729391088733e-06,3.29729391088733e-06,3.29729391088733e-06,3.29729391088733e-06,3.29729391088733e-06,3.29729391088733e-06,3.29729391088733e-06,3.29729391088733e-06,3.29729391088733e-06,3.29729391088733e-06,3.29729391088733e-06,3.29729391088733e-06,3.29729391088733e-06,3.29729391088733e-06,3.29729391088733e-06,3.29729391088733e-06,3.29729391088733e-06,3.29729391088733e-06
3.29729391088733e-06,3.29729391088733e-06,3.29729391088733e-06,3.29729391088733e-06,3.29729391088733e-06,3.29729391088733e-06,3.29729391088733e-06,3.29729391088733e-06,3.29729391088733e-06,3.29729391088733e-06,3.29729391088733e-06,3.29729391088733e-06,3.29729391088733e-06,3.29729391088733e-06,3.29729391088733e-06,3.29729391088733e-06,3.29729391088733e-06,3.29729391088733e-06,3.29729391088733e-06,3.29729391088733e-06,3.29729391088733e-06,3.29729391088733e-06,3.29729391088733e-06,3.29729391088733e-06,3.29729391088733e-06,3.29729391088733e-06,3.29729391088733e-06,3.29729391088733e-06,3.29729391088733e-06,3.29729391088733e-06,3.29729391088733e-06,3.29729391088733e-06,3.29729391088733e-06,3.29729391088733e-06,3.29729391088733e-06,3.29729391088733e-06,3.29729391088733e-06,3.29729391088733e-06,3.29729391088733e-06,3.29729391088733e-06,3.29729391088733e-06,3.29729391088733e-06,3.29729391088733e-06,3.29729391088733e-06,3.29729391088733e-06,3.29729391088733e-06,3.29729391088733e-06,3.29729391088733e-06,3.29729391088733e-06,3.29729391088733e-06,3.29729391088733e-06,3.29729391088733e-06,3.29729391088733e-06,3.29729391088733e-06,3.29729391088733e-06,3.29729391088733e-06,3.29729391088733e-06,3.29729391088733e-06,3.29729391088733e-06,3.29729391088733e-06,3.29729391088733e-06,3.29729391088733e-06,3.29729391088733e-06,3.29729391088733e-06,3.29729391088733e-06,3.29729391088733e-06,3.29729391088733e-06,3.29729391088733e-06,3.29729391088733e-06,3.29729391088733e-06,3.29729391088733e-06,3.29729391088733e-06,3.29729391088733e-06,3.29729391088733e-06,3.29729391088733e-06,3.29729391088733e-06,3.29729391088733e-06,3.29729391088733e-06,3.29729391088733e-06,3.29729391088733e-06,3.29729391088733e-06,3.29729391088733e-06,3.29729391088733e-06,3.29729391088733e-06,3.29729391088733e-06,3.29729391088733e-06,3.29729391088733e-06,3.29729391088733e-06,3.29729391088733e-06,3.29729391088733e-06,3.29729391088733e-06,3.29729391088733e-06,3.29729391088733e-06,3.29729391088733e-06,3.29729391088733e-06,3.29729391088733e-06,3.29729391088733e-06,3.29729391088733e-06,3.29729391088733e-06,3.29729391088733e-06
3.29729391088733e-06,3.29729391088733e-06,3.29729391088733e-06,3.29729391088733e-06,3.29729391088733e-06,3.29729391088733e-06,3.29729391088733e-06,3.29729391088733e-06,3.29729391088733e-06,3.29729391088733e-06,3.29729391088733e-06,3.29729391088733e-06,3.29729391088733e-06,3.29729391088733e-06,3.29729391088733e-06,3.29729391088733e-06,3.29729391088733e-06,3.29729391088733e-06,3.29729391088733e-06,3.29729391088733e-06,3.29729391088733e-06,3.29729391088733e-06,3.29729391088733e-06,3.29729391088733e-06,3.29729391088733e-06,3.29729391088733e-06,3.29729391088733e-06,3.29729391088733e-06,3.29729391088733e-06,3.29729391088733e-06,3.29729391088733e-06,3.29729391088733e-06,3.29729391088733e-06,3.29729391088733e-06,3.29729391088733e-06,3.29729391088733e-06,3.29729391088733e-06,3.29729391088733e-06,3.29729391088733e-06,3.29729391088733e-06,3.29729391088733e-06,3.29729391088733e-06,3.29729391088733e-06,3.29729391088733e-06,3.29729391088733e-06,3.29729391088733e-06,3.29729391088733e-06,3.29729391088733e-06,3.29729391088733e-06,3.29729391088733e-06,3.29729391088733e-06,3.29729391088733e-06,3.29729391088733e-06,3.29729391088733e-06,3.29729391088733e-06,3.29729391088733e-06,3.29729391088733e-06,3.29729391088733e-06,3.29729391088733e-06,3.29729391088733e-06,3.29729391088733e-06,3.29729391088733e-06,3.29729391088733e-06,3.29729391088733e-06,3.29729391088733e-06,3.29729391088733e-06,3.29729391088733e-06,3.29729391088733e-06,3.29729391088733e-06,3.29729391088733e-06,3.29729391088733e-06,3.29729391088733e-06,3.29729391088733e-06,3.29729391088733e-06,3.29729391088733e-06,3.29729391088733e-06,3.29729391088733e-06,3.29729391088733e-06,3.29729391088733e-06,3.29729391088733e-06,3.29729391088733e-06,3.29729391088733e-06,3.29729391088733e-06,3.29729391088733e-06,3.29729391088733e-06,3.29729391088733e-06,3.29729391088733e-06,3.29729391088733e-06,3.29729391088733e-06,3.29729391088733e-06,3.29729391088733e-06,3.29729391088733e-06,3.29729391088733e-06,3.29729391088733e-06,3.29729391088733e-06,3.29729391088733e-06,3.29729391088733e-06,3.29729391088733e-06,3.29729391088733e-06,3.29729391088733e-06
3.29729391088733e-06,3.29729391088733e-06,3.29729391088733e-06,3.29729391088733e-06,3.29729391088733e-06,3.29729391088733e-06,3.29729391088733e-06,3.29729391088733e-06,3.29729391088733e-06,3.29729391088733e-06,3.29729391088733e-06,3.29729391088733e-06,3.29729391088733e-06,3.29729391088733e-06,3.29729391088733e-06,3.29729391088733e-06,3.29729391088733e-06,3.29729391088733e-06,3.29729391088733e-06,3.29729391088733e-06,3.29729391088733e-06,3.29729391088733e-06,3.29729391088733e-06,3.29729391088733e-06,3.29729391088733e-06,3.29729391088733e-06,3.29729391088733e-06,3.29729391088733e-06,3.29729391088733e-06,3.29729391088733e-06,3.29729391088733e-06,3.29729391088733e-06,3.29729391088733e-06,3.29729391088733e-06,3.29729391088733e-06,3.29729391088733e-06,3.29729391088733e-06,3.29729391088733e-06,3.29729391088733e-06,3.29729391088733e-06,3.29729391088733e-06,3.29729391088733e-06,3.29729391088733e-06,3.29729391088733e-06,3.29729391088733e-06,3.29729391088733e-06,3.29729391088733e-06,3.29729391088733e-06,3.29729391088733e-06,3.29729391088733e-06,3.29729391088733e-06,3.29729391088733e-06,3.29729391088733e-06,3.29729391088733e-06,3.29729391088733e-06,3.29729391088733e-06,3.29729391088733e-06,3.29729391088733e-06,3.29729391088733e-06,3.29729391088733e-06,3.29729391088733e-06,3.29729391088733e-06,3.29729391088733e-06,3.29729391088733e-06,3.29729391088733e-06,3.29729391088733e-06,3.29729391088733e-06,3.29729391088733e-06,3.29729391088733e-06,3.29729391088733e-06,3.29729391088733e-06,3.29729391088733e-06,3.29729391088733e-06,3.29729391088733e-06,3.29729391088733e-06,3.29729391088733e-06,3.29729391088733e-06,3.29729391088733e-06,3.29729391088733e-06,3.29729391088733e-06,3.29729391088733e-06,3.29729391088733e-06,3.29729391088733e-06,3.29729391088733e-06,3.29729391088733e-06,3.29729391088733e-06,3.29729391088733e-06,3.29729391088733e-06,3.29729391088733e-06,3.29729391088733e-06,3.29729391088733e-06,3.29729391088733e-06,3.29729391088733e-06,3.29729391088733e-06,3.29729391088733e-06,3.29729391088733e-06,3.29729391088733e-06,3.29729391088733e-06,3.29729391088733e-06,3.29729391088733e-06
3.29729391088733e-06,3.29729391088733e-06,3.29729391088733e-06,3.29729391088733e-06,3.29729391088733e-06,3.29729391088733e-06,3.29729391088733e-06,3.29729391088733e-06,3.29729391088733e-06,3.29729391088733e-06,3.29729391088733e-06,3.29729391088733e-06,3.29729391088733e-06,3.29729391088733e-06,3.29729391088733e-06,3.29729391088733e-06,3.29729391088733e-06,3.29729391088733e-06,3.29729391088733e-06,3.29729391088733e-06,3.29729391088733e-06,3.29729391088733e-06,3.29729391088733e-06,3.29729391088733e-06,3.29729391088733e-06,3.29729391088733e-06,3.29729391088733e-06,3.29729391088733e-06,3.29729391088733e-06,3.29729391088733e-06,3.29729391088733e-06,3.29729391088733e-06,3.29729391088733e-06,3.29729391088733e-06,3.29729391088733e-06,3.29729391088733e-06,3.29729391088733e-06,3.29729391088733e-06,3.29729391088733e-06,3.29729391088733e-06,3.29729391088733e-06,3.29729391088733e-06,3.29729391088733e-06,3.29729391088733e-06,3.29729391088733e-06,3.29729391088733e-06,3.29729391088733e-06,3.29729391088733e-06,3.29729391088733e-06,3.29729391088733e-06,3.29729391088733e-06,3.29729391088733e-06,3.29729391088733e-06,3.29729391088733e-06,3.29729391088733e-06,3.29729391088733e-06,3.29729391088733e-06,3.29729391088733e-06,3.29729391088733e-06,3.29729391088733e-06,3.29729391088733e-06,3.29729391088733e-06,3.29729391088733e-06,3.29729391088733e-06,3.29729391088733e-06,3.29729391088733e-06,3.29729391088733e-06,3.29729391088733e-06,3.29729391088733e-06,3.29729391088733e-06,3.29729391088733e-06,3.29729391088733e-06,3.29729391088733e-06,3.29729391088733e-06,3.29729391088733e-06,3.29729391088733e-06,3.29729391088733e-06,3.29729391088733e-06,3.29729391088733e-06,3.29729391088733e-06,3.29729391088733e-06,3.29729391088733e-06,3.29729391088733e-06,3.29729391088733e-06,3.29729391088733e-06,3.29729391088733e-06,3.29729391088733e-06,3.29729391088733e-06,3.29729391088733e-06,3.29729391088733e-06,3.29729391088733e-06,3.29729391088733e-06,3.29729391088733e-06,3.29729391088733e-06,3.29729391088733e-06,3.29729391088733e-06,3.29729391088733e-06,3.29729391088733e-06,3.29729391088733e-06,3.29729391088733e-06
3.29729391088733e-06,3.29729391088733e-06,3.29729391088733e-06,3.29729391088733e-06,3.29729391088733e-06,3.29729391088733e-06,3.29729391088733e-06,3.29729391088733e-06,3.29729391088733e-06,3.29729391088733e-06,3.29729391088733e-06,3.29729391088733e-06,3.29729391088733e-06,3.29729391088733e-06,3.29729391088733e-06,3.29729391088733e-06,3.29729391088733e-06,3.29729391088733e-06,3.29729391088733e-06,3.29729391088733e-06,3.29729391088733e-06,3.29729391088733e-06,3.29729391088733e-06,3.29729391088733e-06,3.29729391088733e-06,3.29729391088733e-06,3.29729391088733e-06,3.29729391088733e-06,3.29729391088733e-06,3.29729391088733e-06,3.29729391088733e-06,3.29729391088733e-06,3.29729391088733e-06,3.29729391088733e-06,3.29729391088733e-06,3.29729391088733e-06,3.29729391088733e-06,3.29729391088733e-06,3.29729391088733e-06,3.29729391088733e-06,3.29729391088733e-06,3.29729391088733e-06,3.29729391088733e-06,3.29729391088733e-06,3.29729391088733e-06,3.29729391088733e-06,3.29729391088733e-06,3.29729391088733e-06,3.29729391088733e-06,3.29729391088733e-06,3.29729391088733e-06,3.29729391088733e-06,3.29729391088733e-06,3.29729391088733e-06,3.29729391088733e-06,3.29729391088733e-06,3.29729391088733e-06,3.29729391088733e-06,3.29729391088733e-06,3.29729391088733e-06,3.29729391088733e-06,3.29729391088733e-06,3.29729391088733e-06,3.29729391088733e-06,3.29729391088733e-06,3.29729391088733e-06,3.29729391088733e-06,3.29729391088733e-06,3.29729391088733e-06,3.29729391088733e-06,3.29729391088733e-06,3.29729391088733e-06,3.29729391088733e-06,3.29729391088733e-06,3.29729391088733e-06,3.29729391088733e-06,3.29729391088733e-06,3.29729391088733e-06,3.29729391088733e-06,3.29729391088733e-06,3.29729391088733e-06,3.29729391088733e-06,3.29729391088733e-06,3.29729391088733e-06,3.29729391088733e-06,3.29729391088733e-06,3.29729391088733e-06,3.29729391088733e-06,3.29729391088733e-06,3.29729391088733e-06,3.29729391088733e-06,3.29729391088733e-06,3.29729391088733e-06,3.29729391088733e-06,3.29729391088733e-06,3.29729391088733e-06,3.29729391088733e-06,3.29729391088733e-06,3.29729391088733e-06,3.29729391088733e-06
3.29729391088733e-06,3.29729391088733e-06,3.29729391088733e-06,3.29729391088733e-06,3.29729391088733e-06,3.29729391088733e-06,3.29729391088733e-06,3.29729391088733e-06,3.29729391088733e-06,3.29729391088733e-06,3.29729391088733e-06,3.29729391088733e-06,3.29729391088733e-06,3.29729391088733e-06,3.29729391088733e-06,3.29729391088733e-06,3.29729391088733e-06,3.29729391088733e-06,3.29729391088733e-06,3.29729391088733e-06,3.29729391088733e-06,3.29729391088733e-06,3.29729391088733e-06,3.29729391088733e-06,3.29729391088733e-06,3.29729391088733e-06,3.29729391088733e-06,3.29729391088733e-06,3.29729391088733e-06,3.29729391088733e-06,3.29729391088733e-06,3.29729391088733e-06,3.29729391088733e-06,3.29729391088733e-06,3.29729391088733e-06,3.29729391088733e-06,3.29729391088733e-06,3.29729391088733e-06,3.29729391088733e-06,3.29729391088733e-06,3.29729391088733e-06,3.29729391088733e-06,3.29729391088733e-06,3.29729391088733e-06,3.29729391088733e-06,3.29729391088733e-06,3.29729391088733e-06,3.29729391088733e-06,3.29729391088733e-06,3.29729391088733e-06,3.29729391088733e-06,3.29729391088733e-06,3.29729391088733e-06,3.29729391088733e-06,3.29729391088733e-06,3.29729391088733e-06,3.29729391088733e-06,3.29729391088733e-06,3.29729391088733e-06,3.29729391088733e-06,3.29729391088733e-06,3.29729391088733e-06,3.29729391088733e-06,3.29729391088733e-06,3.29729391088733e-06,3.29729391088733e-06,3.29729391088733e-06,3.29729391088733e-06,3.29729391088733e-06,3.29729391088733e-06,3.29729391088733e-06,3.29729391088733e-06,3.29729391088733e-06,3.29729391088733e-06,3.29729391088733e-06,3.29729391088733e-06,3.29729391088733e-06,3.29729391088733e-06,3.29729391088733e-06,3.29729391088733e-06,3.29729391088733e-06,3.29729391088733e-06,3.29729391088733e-06,3.29729391088733e-06,3.29729391088733e-06,3.29729391088733e-06,3.29729391088733e-06,3.29729391088733e-06,3.29729391088733e-06,3.29729391088733e-06,3.29729391088733e-06,3.29729391088733e-06,3.29729391088733e-06,3.29729391088733e-06,3.29729391088733e-06,3.29729391088733e-06,3.29729391088733e-06,3.29729391088733e-06,3.29729391088733e-06,3.29729391088733e-06
3.29729391088733e-06,3.29729391088733e-06,3.29729391088733e-06,3.29729391088733e-06,3.29729391088733e-06,3.29729391088733e-06,3.29729391088733e-06,3.29729391088733e-06,3.29729391088733e-06,3.29729391088733e-06,3.29729391088733e-06,3.29729391088733e-06,3.29729391088733e-06,3.29729391088733e-06,3.29729391088733e-06,3.29729391088733e-06,3.29729391088733e-06,3.29729391088733e-06,3.29729391088733e-06,3.29729391088733e-06,3.29729391088733e-06,3.29729391088733e-06,3.29729391088733e-06,3.29729391088733e-06,3.29729391088733e-06,3.29729391088733e-06,3.29729391088733e-06,3.29729391088733e-06,3.29729391088733e-06,3.29729391088733e-06,3.29729391088733e-06,3.29729391088733e-06,3.29729391088733e-06,3.29729391088733e-06,3.29729391088733e-06,3.29729391088733e-06,3.29729391088733e-06,3.29729391088733e-06,3.29729391088733e-06,3.29729391088733e-06,3.29729391088733e-06,3.29729391088733e-06,3.29729391088733e-06,3.29729391088733e-06,3.29729391088733e-06,3.29729391088733e-06,3.29729391088733e-06,3.29729391088733e-06,3.29729391088733e-06,3.29729391088733e-06,3.29729391088733e-06,3.29729391088733e-06,3.29729391088733e-06,3.29729391088733e-06,3.29729391088733e-06,3.29729391088733e-06,3.29729391088733e-06,3.29729391088733e-06,3.29729391088733e-06,3.29729391088733e-06,3.29729391088733e-06,3.29729391088733e-06,3.29729391088733e-06,3.29729391088733e-06,3.29729391088733e-06,3.29729391088733e-06,3.29729391088733e-06,3.29729391088733e-06,3.29729391088733e-06,3.29729391088733e-06,3.29729391088733e-06,3.29729391088733e-06,3.29729391088733e-06,3.29729391088733e-06,3.29729391088733e-06,3.29729391088733e-06,3.29729391088733e-06,3.29729391088733e-06,3.29729391088733e-06,3.29729391088733e-06,3.29729391088733e-06,3.29729391088733e-06,3.29729391088733e-06,3.29729391088733e-06,3.29729391088733e-06,3.29729391088733e-06,3.29729391088733e-06,3.29729391088733e-06,3.29729391088733e-06,3.29729391088733e-06,3.29729391088733e-06,3.29729391088733e-06,3.29729391088733e-06,3.29729391088733e-06,3.29729391088733e-06,3.29729391088733e-06,3.29729391088733e-06,3.29729391088733e-06,3.29729391088733e-06,3.29729391088733e-06
3.29729391088733e-06,3.29729391088733e-06,3.29729391088733e-06,3.29729391088733e-06,3.29729391088733e-06,3.29729391088733e-06,3.29729391088733e-06,3.29729391088733e-06,3.29729391088733e-06,3.29729391088733e-06,3.29729391088733e-06,3.29729391088733e-06,3.29729391088733e-06,3.29729391088733e-06,3.29729391088733e-06,3.29729391088733e-06,3.29729391088733e-06,3.29729391088733e-06,3.29729391088733e-06,3.29729391088733e-06,3.29729391088733e-06,3.29729391088733e-06,3.29729391088733e-06,3.29729391088733e-06,3.29729391088733e-06,3.29729391088733e-06,3.29729391088733e-06,3.29729391088733e-06,3.29729391088733e-06,3.29729391088733e-06,3.29729391088733e-06,3.29729391088733e-06,3.29729391088733e-06,3.29729391088733e-06,3.29729391088733e-06,3.29729391088733e-06,3.29729391088733e-06,3.29729391088733e-06,3.29729391088733e-06,3.29729391088733e-06,3.29729391088733e-06,3.29729391088733e-06,3.29729391088733e-06,3.29729391088733e-06,3.29729391088733e-06,3.29729391088733e-06,3.29729391088733e-06,3.29729391088733e-06,3.29729391088733e-06,3.29729391088733e-06,3.29729391088733e-06,3.29729391088733e-06,3.29729391088733e-06,3.29729391088733e-06,3.29729391088733e-06,3.29729391088733e-06,3.29729391088733e-06,3.29729391088733e-06,3.29729391088733e-06,3.29729391088733e-06,3.29729391088733e-06,3.29729391088733e-06,3.29729391088733e-06,3.29729391088733e-06,3.29729391088733e-06,3.29729391088733e-06,3.29729391088733e-06,3.29729391088733e-06,3.29729391088733e-06,3.29729391088733e-06,3.29729391088733e-06,3.29729391088733e-06,3.29729391088733e-06,3.29729391088733e-06,3.29729391088733e-06,3.29729391088733e-06,3.29729391088733e-06,3.29729391088733e-06,3.29729391088733e-06,3.29729391088733e-06,3.29729391088733e-06,3.29729391088733e-06,3.29729391088733e-06,3.29729391088733e-06,3.29729391088733e-06,3.29729391088733e-06,3.29729391088733e-06,3.29729391088733e-06,3.29729391088733e-06,3.29729391088733e-06,3.29729391088733e-06,3.29729391088733e-06,3.29729391088733e-06,3.29729391088733e-06,3.29729391088733e-06,3.29729391088733e-06,3.29729391088733e-06,3.29729391088733e-06,3.29729391088733e-06,3.29729391088733e-06
3.29729391088733e-06,3.29729391088733e-06,3.29729391088733e-06,3.29729391088733e-06,3.29729391088733e-06,3.29729391088733e-06,3.29729391088733e-06,3.29729391088733e-06,3.29729391088733e-06,3.29729391088733e-06,3.29729391088733e-06,3.29729391088733e-06,3.29729391088733e-06,3.29729391088733e-06,3.29729391088733e-06,3.29729391088733e-06,3.29729391088733e-06,3.29729391088733e-06,3.29729391088733e-06,3.29729391088733e-06,3.29729391088733e-06,3.29729391088733e-06,3.29729391088733e-06,3.29729391088733e-06,3.29729391088733e-06,3.29729391088733e-06,3.29729391088733e-06,3.29729391088733e-06,3.29729391088733e-06,3.29729391088733e-06,3.29729391088733e-06,3.29729391088733e-06,3.29729391088733e-06,3.29729391088733e-06,3.29729391088733e-06,3.29729391088733e-06,3.29729391088733e-06,3.29729391088733e-06,3.29729391088733e-06,3.29729391088733e-06,3.29729391088733e-06,3.29729391088733e-06,3.29729391088733e-06,3.29729391088733e-06,3.29729391088733e-06,3.29729391088733e-06,3.29729391088733e-06,3.29729391088733e-06,3.29729391088733e-06,3.29729391088733e-06,3.29729391088733e-06,3.29729391088733e-06,3.29729391088733e-06,3.29729391088733e-06,3.29729391088733e-06,3.29729391088733e-06,3.29729391088733e-06,3.29729391088733e-06,3.29729391088733e-06,3.29729391088733e-06,3.29729391088733e-06,3.29729391088733e-06,3.29729391088733e-06,3.29729391088733e-06,3.29729391088733e-06,3.29729391088733e-06,3.29729391088733e-06,3.29729391088733e-06,3.29729391088733e-06,3.29729391088733e-06,3.29729391088733e-06,3.29729391088733e-06,3.29729391088733e-06,3.29729391088733e-06,3.29729391088733e-06,3.29729391088733e-06,3.29729391088733e-06,3.29729391088733e-06,3.29729391088733e-06,3.29729391088733e-06,3.29729391088733e-06,3.29729391088733e-06,3.29729391088733e-06,3.29729391088733e-06,3.29729391088733e-06,3.29729391088733e-06,3.29729391088733e-06,3.29729391088733e-06,3.29729391088733e-06,3.29729391088733e-06,3.29729391088733e-06,3.29729391088733e-06,3.29729391088733e-06,3.29729391088733e-06,3.29729391088733e-06,3.29729391088733e-06,3.29729391088733e-06,3.29729391088733e-06,3.29729391088733e-06,3.29729391088733e-06
3.62702330197607e-05,3.62702330197607e-05,3.62702330197607e-05,3.62702330197607e-05,3.62702330197607e-05,3.62702330197607e-05,3.62702330197607e-05,3.62702330197607e-05,3.62702330197607e-05,3.62702330197607e-05,3.62702330197607e-05,3.62702330197607e-05,3.62702330197607e-05,3.62702330197607e-05,3.62702330197607e-05,3.62702330197607e-05,3.29729391088733e-06,3.29729391088733e-06,3.29729391088733e-06,3.29729391088733e-06,3.29729391088733e-06,3.29729391088733e-06,3.29729391088733e-06,3.29729391088733e-06,3.29729391088733e-06,3.29729391088733e-06,3.29729391088733e-06,3.29729391088733e-06,3.29729391088733e-06,3.29729391088733e-06,3.29729391088733e-06,3.29729391088733e-06,3.29729391088733e-06,3.29729391088733e-06,3.29729391088733e-06,3.29729391088733e-06,3.29729391088733e-06,3.29729391088733e-06,3.29729391088733e-06,3.29729391088733e-06,3.29729391088733e-06,3.29729391088733e-06,3.29729391088733e-06,3.29729391088733e-06,3.29729391088733e-06,3.29729391088733e-06,3.29729391088733e-06,3.29729391088733e-06,3.29729391088733e-06,3.29729391088733e-06,3.29729391088733e-06,3.29729391088733e-06,3.29729391088733e-06,3.29729391088733e-06,3.29729391088733e-06,3.29729391088733e-06,3.29729391088733e-06,3.29729391088733e-06,3.29729391088733e-06,3.29729391088733e-06,3.29729391088733e-06,3.29729391088733e-06,3.29729391088733e-06,3.29729391088733e-06,3.29729391088733e-06,3.29729391088733e-06,3.29729391088733e-06,3.29729391088733e-06,3.29729391088733e-06,3.29729391088733e-06,3.29729391088733e-06,3.29729391088733e-06,3.29729391088733e-06,3.29729391088733e-06,3.29729391088733e-06,3.29729391088733e-06,3.29729391088733e-06,3.29729391088733e-06,3.29729391088733e-06,3.29729391088733e-06,3.29729391088733e-06,3.29729391088733e-06,3.29729391088733e-06,3.29729391088733e-06,3.29729391088733e-06,3.29729391088733e-06,3.29729391088733e-06,3.29729391088733e-06,3.29729391088733e-06,3.29729391088733e-06,3.29729391088733e-06,3.29729391088733e-06,3.29729391088733e-06,3.29729391088733e-06,3.29729391088733e-06,3.29729391088733e-06,3.29729391088733e-06,3.29729391088733e-06,3.29729391088733e-06,3.29729391088733e-06
3.29729391088733e-06,3.29729391088733e-06,3.29729391088733e-06,3.29729391088733e-06,3.29729391088733e-06,3.29729391088733e-06,3.29729391088733e-06,3.29729391088733e-06,3.29729391088733e-06,3.29729391088733e-06,3.29729391088733e-06,3.29729391088733e-06,3.29729391088733e-06,3.29729391088733e-06,3.29729391088733e-06,3.29729391088733e-06,3.62702330197607e-05,3.62702330197607e-05,3.62702330197607e-05,3.62702330197607e-05,3.62702330197607e-05,3.29729391088733e-06,3.29729391088733e-06,3.29729391088733e-06,3.29729391088733e-06,3.29729391088733e-06,3.29729391088733e-06,3.29729391088733e-06,3.29729391088733e-06,3.29729391088733e-06,3.29729391088733e-06,3.29729391088733e-06,3.29729391088733e-06,3.29729391088733e-06,3.29729391088733e-06,3.29729391088733e-06,3.29729391088733e-06,3.29729391088733e-06,3.29729391088733e-06,3.29729391088733e-06,3.29729391088733e-06,3.29729391088733e-06,3.29729391088733e-06,3.29729391088733e-06,3.29729391088733e-06,3.29729391088733e-06,3.29729391088733e-06,3.29729391088733e-06,3.29729391088733e-06,3.29729391088733e-06,3.29729391088733e-06,3.29729391088733e-06,3.29729391088733e-06,3.29729391088733e-06,3.29729391088733e-06,3.29729391088733e-06,3.29729391088733e-06,3.29729391088733e-06,3.29729391088733e-06,3.29729391088733e-06,3.29729391088733e-06,3.29729391088733e-06,3.29729391088733e-06,3.29729391088733e-06,3.29729391088733e-06,3.29729391088733e-06,3.29729391088733e-06,3.29729391088733e-06,3.29729391088733e-06,3.29729391088733e-06,3.29729391088733e-06,3.29729391088733e-06,3.29729391088733e-06,3.29729391088733e-06,3.29729391088733e-06,3.29729391088733e-06,3.29729391088733e-06,3.29729391088733e-06,3.29729391088733e-06,3.29729391088733e-06,3.29729391088733e-06,3.29729391088733e-06,3.29729391088733e-06,3.29729391088733e-06,3.29729391088733e-06,3.29729391088733e-06,3.29729391088733e-06,3.29729391088733e-06,3.29729391088733e-06,3.29729391088733e-06,3.29729391088733e-06,3.29729391088733e-06,3.29729391088733e-06,3.29729391088733e-06,3.29729391088733e-06,3.29729391088733e-06,3.29729391088733e-06,3.29729391088733e-06,3.29729391088733e-06,3.29729391088733e-06
3.29729391088733e-06,3.29729391088733e-06,3.29729391088733e-06,3.29729391088733e-06,3.29729391088733e-06,3.29729391088733e-06,3.29729391088733e-06,3.29729391088733e-06,3.29729391088733e-06,3.29729391088733e-06,3.29729391088733e-06,3.29729391088733e-06,3.29729391088733e-06,3.29729391088733e-06,3.29729391088733e-06,3.29729391088733e-06,3.29729391088733e-06,3.29729391088733e-06,3.29729391088733e-06,3.29729391088733e-06,3.29729391088733e-06,3.62702330197607e-05,3.62702330197607e-05,3.29729391088733e-06,3.29729391088733e-06,3.29729391088733e-06,3.29729391088733e-06,3.29729391088733e-06,3.29729391088733e-06,3.29729391088733e-06,3.29729391088733e-06,3.29729391088733e-06,3.29729391088733e-06,3.29729391088733e-06,3.29729391088733e-06,3.29729391088733e-06,3.29729391088733e-06,3.29729391088733e-06,3.29729391088733e-06,3.29729391088733e-06,3.29729391088733e-06,3.29729391088733e-06,3.29729391088733e-06,3.29729391088733e-06,3.29729391088733e-06,3.29729391088733e-06,3.29729391088733e-06,3.29729391088733e-06,3.29729391088733e-06,3.29729391088733e-06,3.29729391088733e-06,3.29729391088733e-06,3.29729391088733e-06,3.29729391088733e-06,3.29729391088733e-06,3.29729391088733e-06,3.29729391088733e-06,3.29729391088733e-06,3.29729391088733e-06,3.29729391088733e-06,3.29729391088733e-06,3.29729391088733e-06,3.29729391088733e-06,3.29729391088733e-06,3.29729391088733e-06,3.29729391088733e-06,3.29729391088733e-06,3.29729391088733e-06,3.29729391088733e-06,3.29729391088733e-06,3.29729391088733e-06,3.29729391088733e-06,3.29729391088733e-06,3.29729391088733e-06,3.29729391088733e-06,3.29729391088733e-06,3.29729391088733e-06,3.29729391088733e-06,3.29729391088733e-06,3.29729391088733e-06,3.29729391088733e-06,3.29729391088733e-06,3.29729391088733e-06,3.29729391088733e-06,3.29729391088733e-06,3.29729391088733e-06,3.29729391088733e-06,3.29729391088733e-06,3.29729391088733e-06,3.29729391088733e-06,3.29729391088733e-06,3.29729391088733e-06,3.29729391088733e-06,3.29729391088733e-06,3.29729391088733e-06,3.29729391088733e-06,3.29729391088733e-06,3.29729391088733e-06,3.29729391088733e-06,3.29729391088733e-06
3.29729391088733e-06,3.29729391088733e-06,3.29729391088733e-06,3.29729391088733e-06,3.29729391088733e-06,3.29729391088733e-06,3.29729391088733e-06,3.29729391088733e-06,3.29729391088733e-06,3.29729391088733e-06,3.29729391088733e-06,3.29729391088733e-06,3.29729391088733e-06,3.29729391088733e-06,3.29729391088733e-06,3.29729391088733e-06,3.29729391088733e-06,3.29729391088733e-06,3.29729391088733e-06,3.29729391088733e-06,3.29729391088733e-06,3.29729391088733e-06,3.29729391088733e-06,3.62702330197607e-05,3.29729391088733e-06,3.29729391088733e-06,3.29729391088733e-06,3.29729391088733e-06,3.29729391088733e-06,3.29729391088733e-06,3.29729391088733e-06,3.29729391088733e-06,3.29729391088733e-06,3.29729391088733e-06,3.29729391088733e-06,3.29729391088733e-06,3.29729391088733e-06,3.29729391088733e-06,3.29729391088733e-06,3.29729391088733e-06,3.29729391088733e-06,3.29729391088733e-06,3.29729391088733e-06,3.29729391088733e-06,3.29729391088733e-06,3.29729391088733e-06,3.29729391088733e-06,3.29729391088733e-06,3.29729391088733e-06,3.29729391088733e-06,3.29729391088733e-06,3.29729391088733e-06,3.29729391088733e-06,3.29729391088733e-06,3.29729391088733e-06,3.29729391088733e-06,3.29729391088733e-06,3.29729391088733e-06,3.29729391088733e-06,3.29729391088733e-06,3.29729391088733e-06,3.29729391088733e-06,3.29729391088733e-06,3.29729391088733e-06,3.29729391088733e-06,3.29729391088733e-06,3.29729391088733e-06,3.29729391088733e-06,3.29729391088733e-06,3.29729391088733e-06,3.29729391088733e-06,3.29729391088733e-06,3.29729391088733e-06,3.29729391088733e-06,3.29729391088733e-06,3.29729391088733e-06,3.29729391088733e-06,3.29729391088733e-06,3.29729391088733e-06,3.29729391088733e-06,3.29729391088733e-06,3.29729391088733e-06,3.29729391088733e-06,3.29729391088733e-06,3.29729391088733e-06,3.29729391088733e-06,3.29729391088733e-06,3.29729391088733e-06,3.29729391088733e-06,3.29729391088733e-06,3.29729391088733e-06,3.29729391088733e-06,3.29729391088733e-06,3.29729391088733e-06,3.29729391088733e-06,3.29729391088733e-06,3.29729391088733e-06,3.29729391088733e-06,3.29729391088733e-06,3.29729391088733e-06
3.29729391088733e-06,3.29729391088733e-06,3.29729391088733e-06,3.29729391088733e-06,3.29729391088733e-06,3.29729391088733e-06,3.29729391088733e-06,3.29729391088733e-06,3.29729391088733e-06,3.29729391088733e-06,3.29729391088733e-06,3.29729391088733e-06,3.29729391088733e-06,3.29729391088733e-06,3.29729391088733e-06,3.29729391088733e-06,3.29729391088733e-06,3.29729391088733e-06,3.29729391088733e-06,3.29729391088733e-06,3.29729391088733e-06,3.29729391088733e-06,3.29729391088733e-06,3.29729391088733e-06,3.62702330197607e-05,3.29729391088733e-06,3.29729391088733e-06,3.29729391088733e-06,3.29729391088733e-06,3.29729391088733e-06,3.29729391088733e-06,3.29729391088733e-06,3.29729391088733e-06,3.29729391088733e-06,3.29729391088733e-06,3.29729391088733e-06,3.29729391088733e-06,3.29729391088733e-06,3.29729391088733e-06,3.29729391088733e-06,3.29729391088733e-06,3.29729391088733e-06,3.29729391088733e-06,3.29729391088733e-06,3.29729391088733e-06,3.29729391088733e-06,3.29729391088733e-06,3.29729391088733e-06,3.29729391088733e-06,3.29729391088733e-06,3.29729391088733e-06,3.29729391088733e-06,3.29729391088733e-06,3.29729391088733e-06,3.29729391088733e-06,3.29729391088733e-06,3.29729391088733e-06,3.29729391088733e-06,3.29729391088733e-06,3.29729391088733e-06,3.29729391088733e-06,3.29729391088733e-06,3.29729391088733e-06,3.29729391088733e-06,3.29729391088733e-06,3.29729391088733e-06,3.29729391088733e-06,3.29729391088733e-06,3.29729391088733e-06,3.29729391088733e-06,3.29729391088733e-06,3.29729391088733e-06,3.29729391088733e-06,3.29729391088733e-06,3.29729391088733e-06,3.29729391088733e-06,3.29729391088733e-06,3.29729391088733e-06,3.29729391088733e-06,3.29729391088733e-06,3.29729391088733e-06,3.29729391088733e-06,3.29729391088733e-06,3.29729391088733e-06,3.29729391088733e-06,3.29729391088733e-06,3.29729391088733e-06,3.29729391088733e-06,3.29729391088733e-06,3.29729391088733e-06,3.29729391088733e-06,3.29729391088733e-06,3.29729391088733e-06,3.29729391088733e-06,3.29729391088733e-06,3.29729391088733e-06,3.29729391088733e-06,3.29729391088733e-06,3.29729391088733e-06,3.29729391088733e-06
3.29729391088733e-06,3.29729391088733e-06,3.29729391088733e-06,3.29729391088733e-06,3.29729391088733e-06,3.29729391088733e-06,3.29729391088733e-06,3.29729391088733e-06,3.29729391088733e-06,3.29729391088733e-06,3.29729391088733e-06,3.29729391088733e-06,3.29729391088733e-06,3.29729391088733e-06,3.29729391088733e-06,3.29729391088733e-06,3.29729391088733e-06,3.29729391088733e-06,3.29729391088733e-06,3.29729391088733e-06,3.29729391088733e-06,3.29729391088733e-06,3.29729391088733e-06,3.29729391088733e-06,3.29729391088733e-06,3.62702330197607e-05,3.62702330197607e-05,3.29729391088733e-06,3.29729391088733e-06,3.29729391088733e-06,3.29729391088733e-06,3.29729391088733e-06,3.29729391088733e-06,3.29729391088733e-06,3.29729391088733e-06,3.29729391088733e-06,3.29729391088733e-06,3.29729391088733e-06,3.29729391088733e-06,3.29729391088733e-06,3.29729391088733e-06,3.29729391088733e-06,3.29729391088733e-06,3.29729391088733e-06,3.29729391088733e-06,3.29729391088733e-06,3.29729391088733e-06,3.29729391088733e-06,3.29729391088733e-06,3.29729391088733e-06,3.29729391088733e-06,3.29729391088733e-06,3.29729391088733e-06,3.29729391088733e-06,3.29729391088733e-06,3.29729391088733e-06,3.29729391088733e-06,3.29729391088733e-06,3.29729391088733e-06,3.29729391088733e-06,3.29729391088733e-06,3.29729391088733e-06,3.29729391088733e-06,3.29729391088733e-06,3.29729391088733e-06,3.29729391088733e-06,3.29729391088733e-06,3.29729391088733e-06,3.29729391088733e-06,3.29729391088733e-06,3.29729391088733e-06,3.29729391088733e-06,3.29729391088733e-06,3.29729391088733e-06,3.29729391088733e-06,3.29729391088733e-06,3.29729391088733e-06,3.29729391088733e-06,3.29729391088733e-06,3.29729391088733e-06,3.29729391088733e-06,3.29729391088733e-06,3.29729391088733e-06,3.29729391088733e-06,3.29729391088733e-06,3.29729391088733e-06,3.29729391088733e-06,3.29729391088733e-06,3.29729391088733e-06,3.29729391088733e-06,3.29729391088733e-06,3.29729391088733e-06,3.29729391088733e-06,3.29729391088733e-06,3.29729391088733e-06,3.29729391088733e-06,3.29729391088733e-06,3.29729391088733e-06,3.29729391088733e-06,3.29729391088733e-06
3.29729391088733e-06,3.29729391088733e-06,3.29729391088733e-06,3.29729391088733e-06,3.29729391088733e-06,3.29729391088733e-06,3.29729391088733e-06,3.29729391088733e-06,3.29729391088733e-06,3.29729391088733e-06,3.29729391088733e-06,3.29729391088733e-06,3.29729391088733e-06,3.29729391088733e-06,3.29729391088733e-06,3.29729391088733e-06,3.29729391088733e-06,3.29729391088733e-06,3.29729391088733e-06,3.29729391088733e-06,3.29729391088733e-06,3.29729391088733e-06,3.29729391088733e-06,3.29729391088733e-06,3.29729391088733e-06,3.29729391088733e-06,3.29729391088733e-06,3.62702330197607e-05,3.29729391088733e-06,3.29729391088733e-06,3.29729391088733e-06,3.29729391088733e-06,3.29729391088733e-06,3.29729391088733e-06,3.29729391088733e-06,3.29729391088733e-06,3.29729391088733e-06,3.29729391088733e-06,3.29729391088733e-06,3.29729391088733e-06,3.29729391088733e-06,3.29729391088733e-06,3.29729391088733e-06,3.29729391088733e-06,3.29729391088733e-06,3.29729391088733e-06,3.29729391088733e-06,3.29729391088733e-06,3.29729391088733e-06,3.29729391088733e-06,3.29729391088733e-06,3.29729391088733e-06,3.29729391088733e-06,3.29729391088733e-06,3.29729391088733e-06,3.29729391088733e-06,3.29729391088733e-06,3.29729391088733e-06,3.29729391088733e-06,3.29729391088733e-06,3.29729391088733e-06,3.29729391088733e-06,3.29729391088733e-06,3.29729391088733e-06,3.29729391088733e-06,3.29729391088733e-06,3.29729391088733e-06,3.29729391088733e-06,3.29729391088733e-06,3.29729391088733e-06,3.29729391088733e-06,3.29729391088733e-06,3.29729391088733e-06,3.29729391088733e-06,3.29729391088733e-06,3.29729391088733e-06,3.29729391088733e-06,3.29729391088733e-06,3.29729391088733e-06,3.29729391088733e-06,3.29729391088733e-06,3.29729391088733e-06,3.29729391088733e-06,3.29729391088733e-06,3.29729391088733e-06,3.29729391088733e-06,3.29729391088733e-06,3.29729391088733e-06,3.29729391088733e-06,3.29729391088733e-06,3.29729391088733e-06,3.29729391088733e-06,3.29729391088733e-06,3.29729391088733e-06,3.29729391088733e-06,3.29729391088733e-06,3.29729391088733e-06,3.29729391088733e-06,3.29729391088733e-06,3.29729391088733e-06
3.29729391088733e-06,3.29729391088733e-06,3.29729391088733e-06,3.29729391088733e-06,3.29729391088733e-06,3.29729391088733e-06,3.29729391088733e-06,3.29729391088733e-06,3.29729391088733e-06,3.29729391088733e-06,3.29729391088733e-06,3.29729391088733e-06,3.29729391088733e-06,3.29729391088733e-06,3.29729391088733e-06,3.29729391088733e-06,3.29729391088733e-06,3.29729391088733e-06,3.29729391088733e-06,3.29729391088733e-06,3.29729391088733e-06,3.29729391088733e-06,3.29729391088733e-06,3.29729391088733e-06,3.29729391088733e-06,3.29729391088733e-06,3.29729391088733e-06,3.29729391088733e-06,3.62702330197607e-05,3.29729391088733e-06,3.29729391088733e-06,3.29729391088733e-06,3.29729391088733e-06,3.29729391088733e-06,3.29729391088733e-06,3.29729391088733e-06,3.29729391088733e-06,3.29729391088733e-06,3.29729391088733e-06,3.29729391088733e-06,3.29729391088733e-06,3.29729391088733e-06,3.29729391088733e-06,3.29729391088733e-06,3.29729391088733e-06,3.29729391088733e-06,3.29729391088733e-06,3.29729391088733e-06,3.29729391088733e-06,3.29729391088733e-06,3.29729391088733e-06,3.29729391088733e-06,3.29729391088733e-06,3.29729391088733e-06,3.29729391088733e-06,3.29729391088733e-06,3.29729391088733e-06,3.29729391088733e-06,3.29729391088733e-06,3.29729391088733e-06,3.29729391088733e-06,3.29729391088733e-06,3.29729391088733e-06,3.29729391088733e-06,3.29729391088733e-06,3.29729391088733e-06,3.29729391088733e-06,3.29729391088733e-06,3.29729391088733e-06,3.29729391088733e-06,3.29729391088733e-06,3.29729391088733e-06,3.29729391088733e-06,3.29729391088733e-06,3.29729391088733e-06,3.29729391088733e-06,3.29729391088733e-06,3.29729391088733e-06,3.29729391088733e-06,3.29729391088733e-06,3.29729391088733e-06,3.29729391088733e-06,3.29729391088733e-06,3.29729391088733e-06,3.29729391088733e-06,3.29729391088733e-06,3.29729391088733e-06,3.29729391088733e-06,3.29729391088733e-06,3.29729391088733e-06,3.29729391088733e-06,3.29729391088733e-06,3.29729391088733e-06,3.29729391088733e-06,3.29729391088733e-06,3.29729391088733e-06,3.29729391088733e-06,3.29729391088733e-06,3.29729391088733e-06,3.29729391088733e-06
3.29729391088733e-06,3.29729391088733e-06,3.29729391088733e-06,3.29729391088733e-06,3.29729391088733e-06,3.29729391088733e-06,3.29729391088733e-06,3.29729391088733e-06,3.29729391088733e-06,3.29729391088733e-06,3.29729391088733e-06,3.29729391088733e-06,3.29729391088733e-06,3.29729391088733e-06,3.29729391088733e-06,3.29729391088733e-06,3.29729391088733e-06,3.29729391088733e-06,3.29729391088733e-06,3.29729391088733e-06,3.29729391088733e-06,3.29729391088733e-06,3.29729391088733e-06,3.29729391088733e-06,3.29729391088733e-06,3.29729391088733e-06,3.29729391088733e-06,3.29729391088733e-06,3.29729391088733e-06,3.62702330197607e-05,3.29729391088733e-06,3.29729391088733e-06,3.29729391088733e-06,3.29729391088733e-06,3.29729391088733e-06,3.29729391088733e-06,3.29729391088733e-06,3.29729391088733e-06,3.29729391088733e-06,3.29729391088733e-06,3.29729391088733e-06,3.29729391088733e-06,3.29729391088733e-06,3.29729391088733e-06,3.29729391088733e-06,3.29729391088733e-06,3.29729391088733e-06,3.29729391088733e-06,3.29729391088733e-06,3.29729391088733e-06,3.29729391088733e-06,3.29729391088733e-06,3.29729391088733e-06,3.29729391088733e-06,3.29729391088733e-06,3.29729391088733e-06,3.29729391088733e-06,3.29729391088733e-06,3.29729391088733e-06,3.29729391088733e-06,3.29729391088733e-06,3.29729391088733e-06,3.29729391088733e-06,3.29729391088733e-06,3.29729391088733e-06,3.29729391088733e-06,3.29729391088733e-06,3.29729391088733e-06,3.29729391088733e-06,3.29729391088733e-06,3.29729391088733e-06,3.29729391088733e-06,3.29729391088733e-06,3.29729391088733e-06,3.29729391088733e-06,3.29729391088733e-06,3.29729391088733e-06,3.29729391088733e-06,3.29729391088733e-06,3.29729391088733e-06,3.29729391088733e-06,3.29729391088733e-06,3.29729391088733e-06,3.29729391088733e-06,3.29729391088733e-06,3.29729391088733e-06,3.29729391088733e-06,3.29729391088733e-06,3.29729391088733e-06,3.29729391088733e-06,3.29729391088733e-06,3.29729391088733e-06,3.29729391088733e-06,3.29729391088733e-06,3.29729391088733e-06,3.29729391088733e-06,3.29729391088733e-06,3.29729391088733e-06,3.29729391088733e-06,3.29729391088733e-06
3.29729391088733e-06,3.29729391088733e-06,3.29729391088733e-06,3.29729391088733e-06,3.29729391088733e-06,3.29729391088733e-06,3.29729391088733e-06,3.29729391088733e-06,3.29729391088733e-06,3.29729391088733e-06,3.29729391088733e-06,3.29729391088733e-06,3.29729391088733e-06,3.29729391088733e-06,3.29729391088733e-06,3.29729391088733e-06,3.29729391088733e-06,3.29729391088733e-06,3.29729391088733e-06,3.29729391088733e-06,3.29729391088733e-06,3.29729391088733e-06,3.29729391088733e-06,3.29729391088733e-06,3.29729391088733e-06,3.29729391088733e-06,3.29729391088733e-06,3.29729391088733e-06,3.29729391088733e-06,3.29729391088733e-06,3.62702330197607e-05,3.29729391088733e-06,3.29729391088733e-06,3.29729391088733e-06,3.29729391088733e-06,3.29729391088733e-06,3.29729391088733e-06,3.29729391088733e-06,3.29729391088733e-06,3.29729391088733e-06,3.29729391088733e-06,3.29729391088733e-06,3.29729391088733e-06,3.29729391088733e-06,3.29729391088733e-06,3.29729391088733e-06,3.29729391088733e-06,3.29729391088733e-06,3.29729391088733e-06,3.29729391088733e-06,3.29729391088733e-06,3.29729391088733e-06,3.29729391088733e-06,3.29729391088733e-06,3.29729391088733e-06,3.29729391088733e-06,3.29729391088733e-06,3.29729391088733e-06,3.29729391088733e-06,3.29729391088733e-06,3.29729391088733e-06,3.29729391088733e-06,3.29729391088733e-06,3.29729391088733e-06,3.29729391088733e-06,3.29729391088733e-06,3.29729391088733e-06,3.29729391088733e-06,3.29729391088733e-06,3.29729391088733e-06,3.29729391088733e-06,3.29729391088733e-06,3.29729391088733e-06,3.29729391088733e-06,3.29729391088733e-06,3.29729391088733e-06,3.29729391088733e-06,3.29729391088733e-06,3.29729391088733e-06,3.29729391088733e-06,3.29729391088733e-06,3.29729391088733e-06,3.29729391088733e-06,3.29729391088733e-06,3.29729391088733e-06,3.29729391088733e-06,3.29729391088733e-06,3.29729391088733e-06,3.29729391088733e-06,3.29729391088733e-06,3.29729391088733e-06,3.29729391088733e-06,3.29729391088733e-06,3.29729391088733e-06,3.29729391088733e-06,3.29729391088733e-06,3.29729391088733e-06,3.29729391088733e-06,3.29729391088733e-06,3.29729391088733e-06
3.29729391088733e-06,3.29729391088733e-06,3.29729391088733e-06,3.29729391088733e-06,3.29729391088733e-06,3.29729391088733e-06,3.29729391088733e-06,3.29729391088733e-06,3.29729391088733e-06,3.29729391088733e-06,3.29729391088733e-06,3.29729391088733e-06,3.29729391088733e-06,3.29729391088733e-06,3.29729391088733e-06,3.29729391088733e-06,3.29729391088733e-06,3.29729391088733e-06,3.29729391088733e-06,3.29729391088733e-06,3.29729391088733e-06,3.29729391088733e-06,3.29729391088733e-06,3.29729391088733e-06,3.29729391088733e-06,3.29729391088733e-06,3.29729391088733e-06,3.29729391088733e-06,3.29729391088733e-06,3.29729391088733e-06,3.29729391088733e-06,3.62702330197607e-05,3.29729391088733e-06,3.29729391088733e-06,3.29729391088733e-06,3.29729391088733e-06,3.29729391088733e-06,3.29729391088733e-06,3.29729391088733e-06,3.29729391088733e-06,3.29729391088733e-06,3.29729391088733e-06,3.29729391088733e-06,3.29729391088733e-06,3.29729391088733e-06,3.29729391088733e-06,3.29729391088733e-06,3.29729391088733e-06,3.29729391088733e-06,3.29729391088733e-06,3.29729391088733e-06,3.29729391088733e-06,3.29729391088733e-06,3.29729391088733e-06,3.29729391088733e-06,3.29729391088733e-06,3.29729391088733e-06,3.29729391088733e-06,3.29729391088733e-06,3.29729391088733e-06,3.29729391088733e-06,3.29729391088733e-06,3.29729391088733e-06,3.29729391088733e-06,3.29729391088733e-06,3.29729391088733e-06,3.29729391088733e-06,3.29729391088733e-06,3.29729391088733e-06,3.29729391088733e-06,3.29729391088733e-06,3.29729391088733e-06,3.29729391088733e-06,3.29729391088733e-06,3.29729391088733e-06,3.29729391088733e-06,3.29729391088733e-06,3.29729391088733e-06,3.29729391088733e-06,3.29729391088733e-06,3.29729391088733e-06,3.29729391088733e-06,3.29729391088733e-06,3.29729391088733e-06,3.29729391088733e-06,3.29729391088733e-06,3.29729391088733e-06,3.29729391088733e-06,3.29729391088733e-06,3.29729391088733e-06,3.29729391088733e-06,3.29729391088733e-06,3.29729391088733e-06,3.29729391088733e-06,3.29729391088733e-06,3.29729391088733e-06,3.29729391088733e-06,3.29729391088733e-06,3.29729391088733e-06,3.29729391088733e-06
3.29729391088733e-06,3.29729391088733e-06,3.29729391088733e-06,3.29729391088733e-06,3.29729391088733e-06,3.29729391088733e-06,3.29729391088733e-06,3.29729391088733e-06,3.29729391088733e-06,3.29729391088733e-06,3.29729391088733e-06,3.29729391088733e-06,3.29729391088733e-06,3.29729391088733e-06,3.29729391088733e-06,3.29729391088733e-06,3.29729391088733e-06,3.29729391088733e-06,3.29729391088733e-06,3.29729391088733e-06,3.29729391088733e-06,3.29729391088733e-06,3.29729391088733e-06,3.29729391088733e-06,3.29729391088733e-06,3.29729391088733e-06,3.29729391088733e-06,3.29729391088733e-06,3.29729391088733e-06,3.29729391088733e-06,3.29729391088733e-06,3.29729391088733e-06,3.29729391088733e-06,3.29729391088733e-06,3.29729391088733e-06,3.29729391088733e-06,3.29729391088733e-06,3.29729391088733e-06,3.29729391088733e-06,3.29729391088733e-06,3.29729391088733e-06,3.29729391088733e-06,3.29729391088733e-06,3.29729391088733e-06,3.29729391088733e-06,3.29729391088733e-06,3.29729391088733e-06,3.29729391088733e-06,3.29729391088733e-06,3.29729391088733e-06,3.29729391088733e-06,3.29729391088733e-06,3.29729391088733e-06,3.29729391088733e-06,3.29729391088733e-06,3.29729391088733e-06,3.29729391088733e-06,3.29729391088733e-06,3.29729391088733e-06,3.29729391088733e-06,3.29729391088733e-06,3.29729391088733e-06,3.29729391088733e-06,3.29729391088733e-06,3.29729391088733e-06,3.29729391088733e-06,3.29729391088733e-06,3.29729391088733e-06,3.29729391088733e-06,3.29729391088733e-06,3.29729391088733e-06,3.29729391088733e-06,3.29729391088733e-06,3.29729391088733e-06,3.29729391088733e-06,3.29729391088733e-06,3.29729391088733e-06,3.29729391088733e-06,3.29729391088733e-06,3.29729391088733e-06,3.29729391088733e-06,3.29729391088733e-06,3.29729391088733e-06,3.29729391088733e-06,3.29729391088733e-06,3.29729391088733e-06,3.29729391088733e-06,3.29729391088733e-06,3.29729391088733e-06,3.29729391088733e-06,3.29729391088733e-06,3.29729391088733e-06,3.29729391088733e-06,3.29729391088733e-06,3.29729391088733e-06,3.29729391088733e-06,3.29729391088733e-06,3.29729391088733e-06,3.29729391088733e-06,3.29729391088733e-06
3.29729391088733e-06,3.29729391088733e-06,3.29729391088733e-06,3.29729391088733e-06,3.29729391088733e-06,3.29729391088733e-06,3.29729391088733e-06,3.29729391088733e-06,3.29729391088733e-06,3.29729391088733e-06,3.29729391088733e-06,3.29729391088733e-06,3.29729391088733e-06,3.29729391088733e-06,3.29729391088733e-06,3.29729391088733e-06,3.29729391088733e-06,3.29729391088733e-06,3.29729391088733e-06,3.29729391088733e-06,3.29729391088733e-06,3.29729391088733e-06,3.29729391088733e-06,3.29729391088733e-06,3.29729391088733e-06,3.29729391088733e-06,3.29729391088733e-06,3.29729391088733e-06,3.29729391088733e-06,3.29729391088733e-06,3.29729391088733e-06,3.29729391088733e-06,3.29729391088733e-06,3.29729391088733e-06,3.29729391088733e-06,3.29729391088733e-06,3.29729391088733e-06,3.29729391088733e-06,3.29729391088733e-06,3.29729391088733e-06,3.29729391088733e-06,3.29729391088733e-06,3.29729391088733e-06,3.29729391088733e-06,3.29729391088733e-06,3.29729391088733e-06,3.29729391088733e-06,3.29729391088733e-06,3.29729391088733e-06,3.29729391088733e-06,3.29729391088733e-06,3.29729391088733e-06,3.29729391088733e-06,3.29729391088733e-06,3.29729391088733e-06,3.29729391088733e-06,3.29729391088733e-06,3.29729391088733e-06,3.29729391088733e-06,3.29729391088733e-06,3.29729391088733e-06,3.29729391088733e-06,3.29729391088733e-06,3.29729391088733e-06,3.29729391088733e-06,3.29729391088733e-06,3.29729391088733e-06,3.29729391088733e-06,3.29729391088733e-06,3.29729391088733e-06,3.29729391088733e-06,3.29729391088733e-06,3.29729391088733e-06,3.29729391088733e-06,3.29729391088733e-06,3.29729391088733e-06,3.29729391088733e-06,3.29729391088733e-06,3.29729391088733e-06,3.29729391088733e-06,3.29729391088733e-06,3.29729391088733e-06,3.29729391088733e-06,3.29729391088733e-06,3.29729391088733e-06,3.29729391088733e-06,3.29729391088733e-06,3.29729391088733e-06,3.29729391088733e-06,3.29729391088733e-06,3.29729391088733e-06,3.29729391088733e-06,3.29729391088733e-06,3.29729391088733e-06,3.29729391088733e-06,3.29729391088733e-06,3.29729391088733e-06,3.29729391088733e-06,3.29729391088733e-06,3.29729391088733e-06
3.29729391088733e-06,3.29729391088733e-06,3.29729391088733e-06,3.29729391088733e-06,3.29729391088733e-06,3.29729391088733e-06,3.29729391088733e-06,3.29729391088733e-06,3.29729391088733e-06,3.29729391088733e-06,3.29729391088733e-06,3.29729391088733e-06,3.29729391088733e-06,3.29729391088733e-06,3.29729391088733e-06,3.29729391088733e-06,3.29729391088733e-06,3.29729391088733e-06,3.29729391088733e-06,3.29729391088733e-06,3.29729391088733e-06,3.29729391088733e-06,3.29729391088733e-06,3.29729391088733e-06,3.29729391088733e-06,3.29729391088733e-06,3.29729391088733e-06,3.29729391088733e-06,3.29729391088733e-06,3.29729391088733e-06,3.29729391088733e-06,3.29729391088733e-06,3.62702330197607e-05,3.29729391088733e-06,3.29729391088733e-06,3.29729391088733e-06,3.29729391088733e-06,3.29729391088733e-06,3.29729391088733e-06,3.29729391088733e-06,3.29729391088733e-06,3.29729391088733e-06,3.29729391088733e-06,3.29729391088733e-06,3.29729391088733e-06,3.29729391088733e-06,3.29729391088733e-06,3.29729391088733e-06,3.29729391088733e-06,3.29729391088733e-06,3.29729391088733e-06,3.29729391088733e-06,3.29729391088733e-06,3.29729391088733e-06,3.29729391088733e-06,3.29729391088733e-06,3.29729391088733e-06,3.29729391088733e-06,3.29729391088733e-06,3.29729391088733e-06,3.29729391088733e-06,3.29729391088733e-06,3.29729391088733e-06,3.29729391088733e-06,3.29729391088733e-06,3.29729391088733e-06,3.29729391088733e-06,3.29729391088733e-06,3.29729391088733e-06,3.29729391088733e-06,3.29729391088733e-06,3.29729391088733e-06,3.29729391088733e-06,3.29729391088733e-06,3.29729391088733e-06,3.29729391088733e-06,3.29729391088733e-06,3.29729391088733e-06,3.29729391088733e-06,3.29729391088733e-06,3.29729391088733e-06,3.29729391088733e-06,3.29729391088733e-06,3.29729391088733e-06,3.29729391088733e-06,3.29729391088733e-06,3.29729391088733e-06,3.29729391088733e-06,3.29729391088733e-06,3.29729391088733e-06,3.29729391088733e-06,3.29729391088733e-06,3.29729391088733e-06,3.29729391088733e-06,3.29729391088733e-06,3.29729391088733e-06,3.29729391088733e-06,3.29729391088733e-06,3.29729391088733e-06,3.29729391088733e-06
3.29729391088733e-06,3.29729391088733e-06,3.29729391088733e-06,3.29729391088733e-06,3.29729391088733e-06,3.29729391088733e-06,3.29729391088733e-06,3.29729391088733e-06,3.29729391088733e-06,3.29729391088733e-06,3.29729391088733e-06,3.29729391088733e-06,3.29729391088733e-06,3.29729391088733e-06,3.29729391088733e-06,3.29729391088733e-06,3.29729391088733e-06,3.29729391088733e-06,3.29729391088733e-06,3.29729391088733e-06,3.29729391088733e-06,3.29729391088733e-06,3.29729391088733e-06,3.29729391088733e-06,3.29729391088733e-06,3.29729391088733e-06,3.29729391088733e-06,3.29729391088733e-06,3.29729391088733e-06,3.29729391088733e-06,3.29729391088733e-06,3.29729391088733e-06,3.29729391088733e-06,3.29729391088733e-06,3.29729391088733e-06,3.29729391088733e-06,3.29729391088733e-06,3.29729391088733e-06,3.29729391088733e-06,3.29729391088733e-06,3.29729391088733e-06,3.29729391088733e-06,3.29729391088733e-06,3.29729391088733e-06,3.29729391088733e-06,3.29729391088733e-06,3.29729391088733e-06,3.29729391088733e-06,3.29729391088733e-06,3.29729391088733e-06,3.29729391088733e-06,3.29729391088733e-06,3.29729391088733e-06,3.29729391088733e-06,3.29729391088733e-06,3.29729391088733e-06,3.29729391088733e-06,3.29729391088733e-06,3.29729391088733e-06,3.29729391088733e-06,3.29729391088733e-06,3.29729391088733e-06,3.29729391088733e-06,3.29729391088733e-06,3.29729391088733e-06,3.29729391088733e-06,3.29729391088733e-06,3.29729391088733e-06,3.29729391088733e-06,3.29729391088733e-06,3.29729391088733e-06,3.29729391088733e-06,3.29729391088733e-06,3.29729391088733e-06,3.29729391088733e-06,3.29729391088733e-06,3.29729391088733e-06,3.29729391088733e-06,3.29729391088733e-06,3.29729391088733e-06,3.29729391088733e-06,3.29729391088733e-06,3.29729391088733e-06,3.29729391088733e-06,3.29729391088733e-06,3.29729391088733e-06,3.29729391088733e-06,3.29729391088733e-06,3.29729391088733e-06,3.29729391088733e-06,3.29729391088733e-06,3.29729391088733e-06,3.29729391088733e-06,3.29729391088733e-06,3.29729391088733e-06,3.29729391088733e-06,3.29729391088733e-06,3.29729391088733e-06,3.29729391088733e-06,3.29729391088733e-06
3.29729391088733e-06,3.29729391088733e-06,3.29729391088733e-06,3.29729391088733e-06,3.29729391088733e-06,3.29729391088733e-06,3.29729391088733e-06,3.29729391088733e-06,3.29729391088733e-06,3.29729391088733e-06,3.29729391088733e-06,3.29729391088733e-06,3.29729391088733e-06,3.29729391088733e-06,3.29729391088733e-06,3.29729391088733e-06,3.29729391088733e-06,3.29729391088733e-06,3.29729391088733e-06,3.29729391088733e-06,3.29729391088733e-06,3.29729391088733e-06,3.29729391088733e-06,3.29729391088733e-06,3.29729391088733e-06,3.29729391088733e-06,3.29729391088733e-06,3.29729391088733e-06,3.29729391088733e-06,3.29729391088733e-06,3.29729391088733e-06,3.29729391088733e-06,3.29729391088733e-06,3.29729391088733e-06,3.29729391088733e-06,3.29729391088733e-06,3.29729391088733e-06,3.29729391088733e-06,3.29729391088733e-06,3.29729391088733e-06,3.29729391088733e-06,3.29729391088733e-06,3.29729391088733e-06,3.29729391088733e-06,3.29729391088733e-06,3.29729391088733e-06,3.29729391088733e-06,3.29729391088733e-06,3.29729391088733e-06,3.29729391088733e-06,3.29729391088733e-06,3.29729391088733e-06,3.29729391088733e-06,3.29729391088733e-06,3.29729391088733e-06,3.29729391088733e-06,3.29729391088733e-06,3.29729391088733e-06,3.29729391088733e-06,3.29729391088733e-06,3.29729391088733e-06,3.29729391088733e-06,3.29729391088733e-06,3.29729391088733e-06,3.29729391088733e-06,3.29729391088733e-06,3.29729391088733e-06,3.29729391088733e-06,3.29729391088733e-06,3.29729391088733e-06,3.29729391088733e-06,3.29729391088733e-06,3.29729391088733e-06,3.29729391088733e-06,3.29729391088733e-06,3.29729391088733e-06,3.29729391088733e-06,3.29729391088733e-06,3.29729391088733e-06,3.29729391088733e-06,3.29729391088733e-06,3.29729391088733e-06,3.29729391088733e-06,3.29729391088733e-06,3.29729391088733e-06,3.29729391088733e-06,3.29729391088733e-06,3.29729391088733e-06,3.29729391088733e-06,3.29729391088733e-06,3.29729391088733e-06,3.29729391088733e-06,3.29729391088733e-06,3.29729391088733e-06,3.29729391088733e-06,3.29729391088733e-06,3.29729391088733e-06,3.29729391088733e-06,3.29729391088733e-06,3.29729391088733e-06
3.29729391088733e-06,3.29729391088733e-06,3.29729391088733e-06,3.29729391088733e-06,3.29729391088733e-06,3.29729391088733e-06,3.29729391088733e-06,3.29729391088733e-06,3.29729391088733e-06,3.29729391088733e-06,3.29729391088733e-06,3.29729391088733e-06,3.29729391088733e-06,3.29729391088733e-06,3.29729391088733e-06,3.29729391088733e-06,3.29729391088733e-06,3.29729391088733e-06,3.29729391088733e-06,3.29729391088733e-06,3.29729391088733e-06,3.29729391088733e-06,3.29729391088733e-06,3.29729391088733e-06,3.29729391088733e-06,3.29729391088733e-06,3.29729391088733e-06,3.29729391088733e-06,3.29729391088733e-06,3.29729391088733e-06,3.29729391088733e-06,3.29729391088733e-06,3.29729391088733e-06,3.62702330197607e-05,3.29729391088733e-06,3.29729391088733e-06,3.29729391088733e-06,3.29729391088733e-06,3.29729391088733e-06,3.29729391088733e-06,3.29729391088733e-06,3.29729391088733e-06,3.29729391088733e-06,3.29729391088733e-06,3.29729391088733e-06,3.29729391088733e-06,3.29729391088733e-06,3.29729391088733e-06,3.29729391088733e-06,3.29729391088733e-06,3.29729391088733e-06,3.29729391088733e-06,3.29729391088733e-06,3.29729391088733e-06,3.29729391088733e-06,3.29729391088733e-06,3.29729391088733e-06,3.29729391088733e-06,3.29729391088733e-06,3.29729391088733e-06,3.29729391088733e-06,3.29729391088733e-06,3.29729391088733e-06,3.29729391088733e-06,3.29729391088733e-06,3.29729391088733e-06,3.29729391088733e-06,3.29729391088733e-06,3.29729391088733e-06,3.29729391088733e-06,3.29729391088733e-06,3.29729391088733e-06,3.29729391088733e-06,3.29729391088733e-06,3.29729391088733e-06,3.29729391088733e-06,3.29729391088733e-06,3.29729391088733e-06,3.29729391088733e-06,3.29729391088733e-06,3.29729391088733e-06,3.29729391088733e-06,3.29729391088733e-06,3.29729391088733e-06,3.29729391088733e-06,3.29729391088733e-06,3.29729391088733e-06,3.29729391088733e-06,3.29729391088733e-06,3.29729391088733e-06,3.29729391088733e-06,3.29729391088733e-06,3.29729391088733e-06,3.29729391088733e-06,3.29729391088733e-06,3.29729391088733e-06,3.29729391088733e-06,3.29729391088733e-06,3.29729391088733e-06,3.29729391088733e-06
3.29729391088733e-06,3.29729391088733e-06,3.29729391088733e-06,3.29729391088733e-06,3.29729391088733e-06,3.29729391088733e-06,3.29729391088733e-06,3.29729391088733e-06,3.29729391088733e-06,3.29729391088733e-06,3.29729391088733e-06,3.29729391088733e-06,3.29729391088733e-06,3.29729391088733e-06,3.29729391088733e-06,3.29729391088733e-06,3.29729391088733e-06,3.29729391088733e-06,3.29729391088733e-06,3.29729391088733e-06,3.29729391088733e-06,3.29729391088733e-06,3.29729391088733e-06,3.29729391088733e-06,3.29729391088733e-06,3.29729391088733e-06,3.29729391088733e-06,3.29729391088733e-06,3.29729391088733e-06,3.29729391088733e-06,3.29729391088733e-06,3.29729391088733e-06,3.29729391088733e-06,3.29729391088733e-06,3.29729391088733e-06,3.29729391088733e-06,3.29729391088733e-06,3.29729391088733e-06,3.29729391088733e-06,3.29729391088733e-06,3.29729391088733e-06,3.29729391088733e-06,3.29729391088733e-06,3.29729391088733e-06,3.29729391088733e-06,3.29729391088733e-06,3.29729391088733e-06,3.29729391088733e-06,3.29729391088733e-06,3.29729391088733e-06,3.29729391088733e-06,3.29729391088733e-06,3.29729391088733e-06,3.29729391088733e-06,3.29729391088733e-06,3.29729391088733e-06,3.29729391088733e-06,3.29729391088733e-06,3.29729391088733e-06,3.29729391088733e-06,3.29729391088733e-06,3.29729391088733e-06,3.29729391088733e-06,3.29729391088733e-06,3.29729391088733e-06,3.29729391088733e-06,3.29729391088733e-06,3.29729391088733e-06,3.29729391088733e-06,3.29729391088733e-06,3.29729391088733e-06,3.29729391088733e-06,3.29729391088733e-06,3.29729391088733e-06,3.29729391088733e-06,3.29729391088733e-06,3.29729391088733e-06,3.29729391088733e-06,3.29729391088733e-06,3.29729391088733e-06,3.29729391088733e-06,3.29729391088733e-06,3.29729391088733e-06,3.29729391088733e-06,3.29729391088733e-06,3.29729391088733e-06,3.29729391088733e-06,3.29729391088733e-06,3.29729391088733e-06,3.29729391088733e-06,3.29729391088733e-06,3.29729391088733e-06,3.29729391088733e-06,3.29729391088733e-06,3.29729391088733e-06,3.29729391088733e-06,3.29729391088733e-06,3.29729391088733e-06,3.29729391088733e-06,3.29729391088733e-06
3.29729391088733e-06,3.29729391088733e-06,3.29729391088733e-06,3.29729391088733e-06,3.29729391088733e-06,3.29729391088733e-06,3.29729391088733e-06,3.29729391088733e-06,3.29729391088733e-06,3.29729391088733e-06,3.29729391088733e-06,3.29729391088733e-06,3.29729391088733e-06,3.29729391088733e-06,3.29729391088733e-06,3.29729391088733e-06,3.29729391088733e-06,3.29729391088733e-06,3.29729391088733e-06,3.29729391088733e-06,3.29729391088733e-06,3.29729391088733e-06,3.29729391088733e-06,3.29729391088733e-06,3.29729391088733e-06,3.29729391088733e-06,3.29729391088733e-06,3.29729391088733e-06,3.29729391088733e-06,3.29729391088733e-06,3.29729391088733e-06,3.29729391088733e-06,3.29729391088733e-06,3.29729391088733e-06,3.62702330197607e-05,3.62702330197607e-05,3.29729391088733e-06,3.29729391088733e-06,3.29729391088733e-06,3.29729391088733e-06,3.29729391088733e-06,3.29729391088733e-06,3.29729391088733e-06,3.29729391088733e-06,3.29729391088733e-06,3.29729391088733e-06,3.29729391088733e-06,3.29729391088733e-06,3.29729391088733e-06,3.29729391088733e-06,3.29729391088733e-06,3.29729391088733e-06,3.29729391088733e-06,3.29729391088733e-06,3.29729391088733e-06,3.29729391088733e-06,3.29729391088733e-06,3.29729391088733e-06,3.29729391088733e-06,3.29729391088733e-06,3.29729391088733e-06,3.29729391088733e-06,3.29729391088733e-06,3.29729391088733e-06,3.29729391088733e-06,3.29729391088733e-06,3.29729391088733e-06,3.29729391088733e-06,3.29729391088733e-06,3.29729391088733e-06,3.29729391088733e-06,3.29729391088733e-06,3.29729391088733e-06,3.29729391088733e-06,3.29729391088733e-06,3.29729391088733e-06,3.29729391088733e-06,3.29729391088733e-06,3.29729391088733e-06,3.29729391088733e-06,3.29729391088733e-06,3.29729391088733e-06,3.29729391088733e-06,3.29729391088733e-06,3.29729391088733e-06,3.29729391088733e-06,3.29729391088733e-06,3.29729391088733e-06,3.29729391088733e-06,3.29729391088733e-06,3.29729391088733e-06,3.29729391088733e-06,3.29729391088733e-06,3.29729391088733e-06,3.29729391088733e-06,3.29729391088733e-06,3.29729391088733e-06,3.29729391088733e-06,3.29729391088733e-06,3.29729391088733e-06
3.29729391088733e-06,3.29729391088733e-06,3.29729391088733e-06,3.29729391088733e-06,3.29729391088733e-06,3.29729391088733e-06,3.29729391088733e-06,3.29729391088733e-06,3.29729391088733e-06,3.29729391088733e-06,3.29729391088733e-06,3.29729391088733e-06,3.29729391088733e-06,3.29729391088733e-06,3.29729391088733e-06,3.29729391088733e-06,3.29729391088733e-06,3.29729391088733e-06,3.29729391088733e-06,3.29729391088733e-06,3.29729391088733e-06,3.29729391088733e-06,3.29729391088733e-06,3.29729391088733e-06,3.29729391088733e-06,3.29729391088733e-06,3.29729391088733e-06,3.29729391088733e-06,3.29729391088733e-06,3.29729391088733e-06,3.29729391088733e-06,3.29729391088733e-06,3.29729391088733e-06,3.29729391088733e-06,3.29729391088733e-06,3.29729391088733e-06,3.29729391088733e-06,3.29729391088733e-06,3.29729391088733e-06,3.29729391088733e-06,3.29729391088733e-06,3.29729391088733e-06,3.29729391088733e-06,3.29729391088733e-06,3.29729391088733e-06,3.29729391088733e-06,3.29729391088733e-06,3.29729391088733e-06,3.29729391088733e-06,3.29729391088733e-06,3.29729391088733e-06,3.29729391088733e-06,3.29729391088733e-06,3.29729391088733e-06,3.29729391088733e-06,3.29729391088733e-06,3.29729391088733e-06,3.29729391088733e-06,3.29729391088733e-06,3.29729391088733e-06,3.29729391088733e-06,3.29729391088733e-06,3.29729391088733e-06,3.29729391088733e-06,3.29729391088733e-06,3.29729391088733e-06,3.29729391088733e-06,3.29729391088733e-06,3.29729391088733e-06,3.29729391088733e-06,3.29729391088733e-06,3.29729391088733e-06,3.29729391088733e-06,3.29729391088733e-06,3.29729391088733e-06,3.29729391088733e-06,3.29729391088733e-06,3.29729391088733e-06,3.29729391088733e-06,3.29729391088733e-06,3.29729391088733e-06,3.29729391088733e-06,3.29729391088733e-06,3.29729391088733e-06,3.29729391088733e-06,3.29729391088733e-06,3.29729391088733e-06,3.29729391088733e-06,3.29729391088733e-06,3.29729391088733e-06,3.29729391088733e-06,3.29729391088733e-06,3.29729391088733e-06,3.29729391088733e-06,3.29729391088733e-06,3.29729391088733e-06,3.29729391088733e-06,3.29729391088733e-06,3.29729391088733e-06,3.29729391088733e-06
3.29729391088733e-06,3.29729391088733e-06,3.29729391088733e-06,3.29729391088733e-06,3.29729391088733e-06,3.29729391088733e-06,3.29729391088733e-06,3.29729391088733e-06,3.29729391088733e-06,3.29729391088733e-06,3.29729391088733e-06,3.29729391088733e-06,3.29729391088733e-06,3.29729391088733e-06,3.29729391088733e-06,3.29729391088733e-06,3.29729391088733e-06,3.29729391088733e-06,3.29729391088733e-06,3.29729391088733e-06,3.29729391088733e-06,3.29729391088733e-06,3.29729391088733e-06,3.29729391088733e-06,3.29729391088733e-06,3.29729391088733e-06,3.29729391088733e-06,3.29729391088733e-06,3.29729391088733e-06,3.29729391088733e-06,3.29729391088733e-06,3.29729391088733e-06,3.29729391088733e-06,3.29729391088733e-06,3.29729391088733e-06,3.29729391088733e-06,3.29729391088733e-06,3.29729391088733e-06,3.29729391088733e-06,3.29729391088733e-06,3.29729391088733e-06,3.29729391088733e-06,3.29729391088733e-06,3.29729391088733e-06,3.29729391088733e-06,3.29729391088733e-06,3.29729391088733e-06,3.29729391088733e-06,3.29729391088733e-06,3.29729391088733e-06,3.29729391088733e-06,3.29729391088733e-06,3.29729391088733e-06,3.29729391088733e-06,3.29729391088733e-06,3.29729391088733e-06,3.29729391088733e-06,3.29729391088733e-06,3.29729391088733e-06,3.29729391088733e-06,3.29729391088733e-06,3.29729391088733e-06,3.29729391088733e-06,3.29729391088733e-06,3.29729391088733e-06,3.29729391088733e-06,3.29729391088733e-06,3.29729391088733e-06,3.29729391088733e-06,3.29729391088733e-06,3.29729391088733e-06,3.29729391088733e-06,3.29729391088733e-06,3.29729391088733e-06,3.29729391088733e-06,3.29729391088733e-06,3.29729391088733e-06,3.29729391088733e-06,3.29729391088733e-06,3.29729391088733e-06,3.29729391088733e-06,3.29729391088733e-06,3.29729391088733e-06,3.29729391088733e-06,3.29729391088733e-06,3.29729391088733e-06,3.29729391088733e-06,3.29729391088733e-06,3.29729391088733e-06,3.29729391088733e-06,3.29729391088733e-06,3.29729391088733e-06,3.29729391088733e-06,3.29729391088733e-06,3.29729391088733e-06,3.29729391088733e-06,3.29729391088733e-06,3.29729391088733e-06,3.29729391088733e-06,3.29729391088733e-06
3.29729391088733e-06,3.29729391088733e-06,3.29729391088733e-06,3.29729391088733e-06,3.29729391088733e-06,3.29729391088733e-06,3.29729391088733e-06,3.29729391088733e-06,3.29729391088733e-06,3.29729391088733e-06,3.29729391088733e-06,3.29729391088733e-06,3.29729391088733e-06,3.29729391088733e-06,3.29729391088733e-06,3.29729391088733e-06,3.29729391088733e-06,3.29729391088733e-06,3.29729391088733e-06,3.29729391088733e-06,3.29729391088733e-06,3.29729391088733e-06,3.29729391088733e-06,3.29729391088733e-06,3.29729391088733e-06,3.29729391088733e-06,3.29729391088733e-06,3.29729391088733e-06,3.29729391088733e-06,3.29729391088733e-06,3.29729391088733e-06,3.29729391088733e-06,3.29729391088733e-06,3.29729391088733e-06,3.29729391088733e-06,3.29729391088733e-06,3.62702330197607e-05,3.29729391088733e-06,3.29729391088733e-06,3.29729391088733e-06,3.29729391088733e-06,3.29729391088733e-06,3.29729391088733e-06,3.29729391088733e-06,3.29729391088733e-06,3.29729391088733e-06,3.29729391088733e-06,3.29729391088733e-06,3.29729391088733e-06,3.29729391088733e-06,3.29729391088733e-06,3.29729391088733e-06,3.29729391088733e-06,3.29729391088733e-06,3.29729391088733e-06,3.29729391088733e-06,3.29729391088733e-06,3.29729391088733e-06,3.29729391088733e-06,3.29729391088733e-06,3.29729391088733e-06,3.29729391088733e-06,3.29729391088733e-06,3.29729391088733e-06,3.29729391088733e-06,3.29729391088733e-06,3.29729391088733e-06,3.29729391088733e-06,3.29729391088733e-06,3.29729391088733e-06,3.29729391088733e-06,3.29729391088733e-06,3.29729391088733e-06,3.29729391088733e-06,3.29729391088733e-06,3.29729391088733e-06,3.29729391088733e-06,3.29729391088733e-06,3.29729391088733e-06,3.29729391088733e-06,3.29729391088733e-06,3.29729391088733e-06,3.29729391088733e-06,3.29729391088733e-06,3.29729391088733e-06,3.29729391088733e-06,3.29729391088733e-06,3.29729391088733e-06,3.29729391088733e-06,3.29729391088733e-06,3.29729391088733e-06,3.29729391088733e-06,3.29729391088733e-06,3.29729391088733e-06,3.29729391088733e-06,3.29729391088733e-06,3.29729391088733e-06,3.29729391088733e-06,3.29729391088733e-06,3.29729391088733e-06
3.29729391088733e-06,3.29729391088733e-06,3.29729391088733e-06,3.29729391088733e-06,3.29729391088733e-06,3.29729391088733e-06,3.29729391088733e-06,3.29729391088733e-06,3.29729391088733e-06,3.29729391088733e-06,3.29729391088733e-06,3.29729391088733e-06,3.29729391088733e-06,3.29729391088733e-06,3.29729391088733e-06,3.29729391088733e-06,3.29729391088733e-06,3.29729391088733e-06,3.29729391088733e-06,3.29729391088733e-06,3.29729391088733e-06,3.29729391088733e-06,3.29729391088733e-06,3.29729391088733e-06,3.29729391088733e-06,3.29729391088733e-06,3.29729391088733e-06,3.29729391088733e-06,3.29729391088733e-06,3.29729391088733e-06,3.29729391088733e-06,3.29729391088733e-06,3.29729391088733e-06,3.29729391088733e-06,3.29729391088733e-06,3.29729391088733e-06,3.29729391088733e-06,3.29729391088733e-06,3.29729391088733e-06,3.29729391088733e-06,3.29729391088733e-06,3.29729391088733e-06,3.29729391088733e-06,3.29729391088733e-06,3.29729391088733e-06,3.29729391088733e-06,3.29729391088733e-06,3.29729391088733e-06,3.29729391088733e-06,3.29729391088733e-06,3.29729391088733e-06,3.29729391088733e-06,3.29729391088733e-06,3.29729391088733e-06,3.29729391088733e-06,3.29729391088733e-06,3.29729391088733e-06,3.29729391088733e-06,3.29729391088733e-06,3.29729391088733e-06,3.29729391088733e-06,3.29729391088733e-06,3.29729391088733e-06,3.29729391088733e-06,3.29729391088733e-06,3.29729391088733e-06,3.29729391088733e-06,3.29729391088733e-06,3.29729391088733e-06,3.29729391088733e-06,3.29729391088733e-06,3.29729391088733e-06,3.29729391088733e-06,3.29729391088733e-06,3.29729391088733e-06,3.29729391088733e-06,3.29729391088733e-06,3.29729391088733e-06,3.29729391088733e-06,3.29729391088733e-06,3.29729391088733e-06,3.29729391088733e-06,3.29729391088733e-06,3.29729391088733e-06,3.29729391088733e-06,3.29729391088733e-06,3.29729391088733e-06,3.29729391088733e-06,3.29729391088733e-06,3.29729391088733e-06,3.29729391088733e-06,3.29729391088733e-06,3.29729391088733e-06,3.29729391088733e-06,3.29729391088733e-06,3.29729391088733e-06,3.29729391088733e-06,3.29729391088733e-06,3.29729391088733e-06,3.29729391088733e-06
3.29729391088733e-06,3.29729391088733e-06,3.29729391088733e-06,3.29729391088733e-06,3.29729391088733e-06,3.29729391088733e-06,3.29729391088733e-06,3.29729391088733e-06,3.29729391088733e-06,3.29729391088733e-06,3.29729391088733e-06,3.29729391088733e-06,3.29729391088733e-06,3.29729391088733e-06,3.29729391088733e-06,3.29729391088733e-06,3.29729391088733e-06,3.29729391088733e-06,3.29729391088733e-06,3.29729391088733e-06,3.29729391088733e-06,3.29729391088733e-06,3.29729391088733e-06,3.29729391088733e-06,3.29729391088733e-06,3.29729391088733e-06,3.29729391088733e-06,3.29729391088733e-06,3.29729391088733e-06,3.29729391088733e-06,3.29729391088733e-06,3.29729391088733e-06,3.29729391088733e-06,3.29729391088733e-06,3.29729391088733e-06,3.29729391088733e-06,3.29729391088733e-06,3.62702330197607e-05,3.29729391088733e-06,3.29729391088733e-06,3.29729391088733e-06,3.29729391088733e-06,3.29729391088733e-06,3.29729391088733e-06,3.29729391088733e-06,3.29729391088733e-06,3.29729391088733e-06,3.29729391088733e-06,3.29729391088733e-06,3.29729391088733e-06,3.29729391088733e-06,3.29729391088733e-06,3.29729391088733e-06,3.29729391088733e-06,3.29729391088733e-06,3.29729391088733e-06,3.29729391088733e-06,3.29729391088733e-06,3.29729391088733e-06,3.29729391088733e-06,3.29729391088733e-06,3.29729391088733e-06,3.29729391088733e-06,3.29729391088733e-06,3.29729391088733e-06,3.29729391088733e-06,3.29729391088733e-06,3.29729391088733e-06,3.29729391088733e-06,3.29729391088733e-06,3.29729391088733e-06,3.29729391088733e-06,3.29729391088733e-06,3.29729391088733e-06,3.29729391088733e-06,3.29729391088733e-06,3.29729391088733e-06,3.29729391088733e-06,3.29729391088733e-06,3.29729391088733e-06,3.29729391088733e-06,3.29729391088733e-06,3.29729391088733e-06,3.29729391088733e-06,3.29729391088733e-06,3.29729391088733e-06,3.29729391088733e-06,3.29729391088733e-06,3.29729391088733e-06,3.29729391088733e-06,3.29729391088733e-06,3.29729391088733e-06,3.29729391088733e-06,3.29729391088733e-06,3.29729391088733e-06,3.29729391088733e-06,3.29729391088733e-06,3.29729391088733e-06,3.29729391088733e-06,3.29729391088733e-06
3.29729391088733e-06,3.29729391088733e-06,3.29729391088733e-06,3.29729391088733e-06,3.29729391088733e-06,3.29729391088733e-06,3.29729391088733e-06,3.29729391088733e-06,3.29729391088733e-06,3.29729391088733e-06,3.29729391088733e-06,3.29729391088733e-06,3.29729391088733e-06,3.29729391088733e-06,3.29729391088733e-06,3.29729391088733e-06,3.29729391088733e-06,3.29729391088733e-06,3.29729391088733e-06,3.29729391088733e-06,3.29729391088733e-06,3.29729391088733e-06,3.29729391088733e-06,3.29729391088733e-06,3.29729391088733e-06,3.29729391088733e-06,3.29729391088733e-06,3.29729391088733e-06,3.29729391088733e-06,3.29729391088733e-06,3.29729391088733e-06,3.29729391088733e-06,3.29729391088733e-06,3.29729391088733e-06,3.29729391088733e-06,3.29729391088733e-06,3.29729391088733e-06,3.29729391088733e-06,3.29729391088733e-06,3.29729391088733e-06,3.29729391088733e-06,3.29729391088733e-06,3.29729391088733e-06,3.29729391088733e-06,3.29729391088733e-06,3.29729391088733e-06,3.29729391088733e-06,3.29729391088733e-06,3.29729391088733e-06,3.29729391088733e-06,3.29729391088733e-06,3.29729391088733e-06,3.29729391088733e-06,3.29729391088733e-06,3.29729391088733e-06,3.29729391088733e-06,3.29729391088733e-06,3.29729391088733e-06,3.29729391088733e-06,3.29729391088733e-06,3.29729391088733e-06,3.29729391088733e-06,3.29729391088733e-06,3.29729391088733e-06,3.29729391088733e-06,3.29729391088733e-06,3.29729391088733e-06,3.29729391088733e-06,3.29729391088733e-06,3.29729391088733e-06,3.29729391088733e-06,3.29729391088733e-06,3.29729391088733e-06,3.29729391088733e-06,3.29729391088733e-06,3.29729391088733e-06,3.29729391088733e-06,3.29729391088733e-06,3.29729391088733e-06,3.29729391088733e-06,3.29729391088733e-06,3.29729391088733e-06,3.29729391088733e-06,3.29729391088733e-06,3.29729391088733e-06,3.29729391088733e-06,3.29729391088733e-06,3.29729391088733e-06,3.29729391088733e-06,3.29729391088733e-06,3.29729391088733e-06,3.29729391088733e-06,3.29729391088733e-06,3.29729391088733e-06,3.29729391088733e-06,3.29729391088733e-06,3.29729391088733e-06,3.29729391088733e-06,3.29729391088733e-06,3.29729391088733e-06
3.29729391088733e-06,3.29729391088733e-06,3.29729391088733e-06,3.29729391088733e-06,3.29729391088733e-06,3.29729391088733e-06,3.29729391088733e-06,3.29729391088733e-06,3.29729391088733e-06,3.29729391088733e-06,3.29729391088733e-06,3.29729391088733e-06,3.29729391088733e-06,3.29729391088733e-06,3.29729391088733e-06,3.29729391088733e-06,3.29729391088733e-06,3.29729391088733e-06,3.29729391088733e-06,3.29729391088733e-06,3.29729391088733e-06,3.29729391088733e-06,3.29729391088733e-06,3.29729391088733e-06,3.29729391088733e-06,3.29729391088733e-06,3.29729391088733e-06,3.29729391088733e-06,3.29729391088733e-06,3.29729391088733e-06,3.29729391088733e-06,3.29729391088733e-06,3.29729391088733e-06,3.29729391088733e-06,3.29729391088733e-06,3.29729391088733e-06,3.29729391088733e-06,3.29729391088733e-06,3.62702330197607e-05,3.29729391088733e-06,3.29729391088733e-06,3.29729391088733e-06,3.29729391088733e-06,3.29729391088733e-06,3.29729391088733e-06,3.29729391088733e-06,3.29729391088733e-06,3.29729391088733e-06,3.29729391088733e-06,3.29729391088733e-06,3.29729391088733e-06,3.29729391088733e-06,3.29729391088733e-06,3.29729391088733e-06,3.29729391088733e-06,3.29729391088733e-06,3.29729391088733e-06,3.29729391088733e-06,3.29729391088733e-06,3.29729391088733e-06,3.29729391088733e-06,3.29729391088733e-06,3.29729391088733e-06,3.29729391088733e-06,3.29729391088733e-06,3.29729391088733e-06,3.29729391088733e-06,3.29729391088733e-06,3.29729391088733e-06,3.29729391088733e-06,3.29729391088733e-06,3.29729391088733e-06,3.29729391088733e-06,3.29729391088733e-06,3.29729391088733e-06,3.29729391088733e-06,3.29729391088733e-06,3.29729391088733e-06,3.29729391088733e-06,3.29729391088733e-06,3.29729391088733e-06,3.29729391088733e-06,3.29729391088733e-06,3.29729391088733e-06,3.29729391088733e-06,3.29729391088733e-06,3.29729391088733e-06,3.29729391088733e-06,3.29729391088733e-06,3.29729391088733e-06,3.29729391088733e-06,3.29729391088733e-06,3.29729391088733e-06,3.29729391088733e-06,3.29729391088733e-06,3.29729391088733e-06,3.29729391088733e-06,3.29729391088733e-06,3.29729391088733e-06,3.29729391088733e-06
3.62702330197607e-05,3.62702330197607e-05,3.62702330197607e-05,3.62702330197607e-05,3.62702330197607e-05,3.62702330197607e-05,3.62702330197607e-05,3.62702330197607e-05,3.62702330197607e-05,3.62702330197607e-05,3.62702330197607e-05,3.62702330197607e-05,3.62702330197607e-05,3.62702330197607e-05,3.62702330197607e-05,3.62702330197607e-05,3.62702330197607e-05,3.62702330197607e-05,3.62702330197607e-05,3.62702330197607e-05,3.62702330197607e-05,3.62702330197607e-05,3.29729391088733e-06,3.29729391088733e-06,3.29729391088733e-06,3.29729391088733e-06,3.29729391088733e-06,3.29729391088733e-06,3.29729391088733e-06,3.29729391088733e-06,3.29729391088733e-06,3.29729391088733e-06,3.29729391088733e-06,3.29729391088733e-06,3.29729391088733e-06,3.29729391088733e-06,3.29729391088733e-06,3.29729391088733e-06,3.29729391088733e-06,3.62702330197607e-05,3.29729391088733e-06,3.29729391088733e-06,3.29729391088733e-06,3.29729391088733e-06,3.29729391088733e-06,3.29729391088733e-06,3.29729391088733e-06,3.29729391088733e-06,3.29729391088733e-06,3.29729391088733e-06,3.29729391088733e-06,3.29729391088733e-06,3.29729391088733e-06,3.29729391088733e-06,3.29729391088733e-06,3.29729391088733e-06,3.29729391088733e-06,3.29729391088733e-06,3.29729391088733e-06,3.29729391088733e-06,3.29729391088733e-06,3.29729391088733e-06,3.29729391088733e-06,3.29729391088733e-06,3.29729391088733e-06,3.29729391088733e-06,3.29729391088733e-06,3.29729391088733e-06,3.29729391088733e-06,3.29729391088733e-06,3.29729391088733e-06,3.29729391088733e-06,3.29729391088733e-06,3.29729391088733e-06,3.29729391088733e-06,3.29729391088733e-06,3.29729391088733e-06,3.29729391088733e-06,3.29729391088733e-06,3.29729391088733e-06,3.29729391088733e-06,3.29729391088733e-06,3.29729391088733e-06,3.29729391088733e-06,3.29729391088733e-06,3.29729391088733e-06,3.29729391088733e-06,3.29729391088733e-06,3.29729391088733e-06,3.29729391088733e-06,3.29729391088733e-06,3.29729391088733e-06,3.29729391088733e-06,3.29729391088733e-06,3.29729391088733e-06,3.29729391088733e-06,3.29729391088733e-06,3.29729391088733e-06,3.29729391088733e-06,3.29729391088733e-06
3.29729391088733e-06,3.29729391088733e-06,3.29729391088733e-06,3.29729391088733e-06,3.29729391088733e-06,3.29729391088733e-06,3.29729391088733e-06,3.29729391088733e-06,3.29729391088733e-06,3.29729391088733e-06,3.29729391088733e-06,3.29729391088733e-06,3.29729391088733e-06,3.29729391088733e-06,3.29729391088733e-06,3.29729391088733e-06,3.29729391088733e-06,3.29729391088733e-06,3.29729391088733e-06,3.29729391088733e-06,3.29729391088733e-06,3.29729391088733e-06,3.62702330197607e-05,3.62702330197607e-05,3.62702330197607e-05,3.62702330197607e-05,3.29729391088733e-06,3.29729391088733e-06,3.29729391088733e-06,3.29729391088733e-06,3.29729391088733e-06,3.29729391088733e-06,3.29729391088733e-06,3.29729391088733e-06,3.29729391088733e-06,3.29729391088733e-06,3.29729391088733e-06,3.29729391088733e-06,3.29729391088733e-06,3.29729391088733e-06,3.29729391088733e-06,3.29729391088733e-06,3.29729391088733e-06,3.29729391088733e-06,3.29729391088733e-06,3.29729391088733e-06,3.29729391088733e-06,3.29729391088733e-06,3.29729391088733e-06,3.29729391088733e-06,3.29729391088733e-06,3.29729391088733e-06,3.29729391088733e-06,3.29729391088733e-06,3.29729391088733e-06,3.29729391088733e-06,3.29729391088733e-06,3.29729391088733e-06,3.29729391088733e-06,3.29729391088733e-06,3.29729391088733e-06,3.29729391088733e-06,3.29729391088733e-06,3.29729391088733e-06,3.29729391088733e-06,3.29729391088733e-06,3.29729391088733e-06,3.29729391088733e-06,3.29729391088733e-06,3.29729391088733e-06,3.29729391088733e-06,3.29729391088733e-06,3.29729391088733e-06,3.29729391088733e-06,3.29729391088733e-06,3.29729391088733e-06,3.29729391088733e-06,3.29729391088733e-06,3.29729391088733e-06,3.29729391088733e-06,3.29729391088733e-06,3.29729391088733e-06,3.29729391088733e-06,3.29729391088733e-06,3.29729391088733e-06,3.29729391088733e-06,3.29729391088733e-06,3.29729391088733e-06,3.29729391088733e-06,3.29729391088733e-06,3.29729391088733e-06,3.29729391088733e-06,3.29729391088733e-06,3.29729391088733e-06,3.29729391088733e-06,3.29729391088733e-06,3.29729391088733e-06,3.29729391088733e-06,3.29729391088733e-06,3.29729391088733e-06
3.29729391088733e-06,3.29729391088733e-06,3.29729391088733e-06,3.29729391088733e-06,3.29729391088733e-06,3.29729391088733e-06,3.29729391088733e-06,3.29729391088733e-06,3.29729391088733e-06,3.29729391088733e-06,3.29729391088733e-06,3.29729391088733e-06,3.29729391088733e-06,3.29729391088733e-06,3.29729391088733e-06,3.29729391088733e-06,3.29729391088733e-06,3.29729391088733e-06,3.29729391088733e-06,3.29729391088733e-06,3.29729391088733e-06,3.29729391088733e-06,3.29729391088733e-06,3.29729391088733e-06,3.29729391088733e-06,3.29729391088733e-06,3.62702330197607e-05,3.62702330197607e-05,3.29729391088733e-06,3.29729391088733e-06,3.29729391088733e-06,3.29729391088733e-06,3.29729391088733e-06,3.29729391088733e-06,3.29729391088733e-06,3.29729391088733e-06,3.29729391088733e-06,3.29729391088733e-06,3.29729391088733e-06,3.29729391088733e-06,3.29729391088733e-06,3.29729391088733e-06,3.29729391088733e-06,3.29729391088733e-06,3.29729391088733e-06,3.29729391088733e-06,3.29729391088733e-06,3.29729391088733e-06,3.29729391088733e-06,3.29729391088733e-06,3.29729391088733e-06,3.29729391088733e-06,3.29729391088733e-06,3.29729391088733e-06,3.29729391088733e-06,3.29729391088733e-06,3.29729391088733e-06,3.29729391088733e-06,3.29729391088733e-06,3.29729391088733e-06,3.29729391088733e-06,3.29729391088733e-06,3.29729391088733e-06,3.29729391088733e-06,3.29729391088733e-06,3.29729391088733e-06,3.29729391088733e-06,3.29729391088733e-06,3.29729391088733e-06,3.29729391088733e-06,3.29729391088733e-06,3.29729391088733e-06,3.29729391088733e-06,3.29729391088733e-06,3.29729391088733e-06,3.29729391088733e-06,3.29729391088733e-06,3.29729391088733e-06,3.29729391088733e-06,3.29729391088733e-06,3.29729391088733e-06,3.29729391088733e-06,3.29729391088733e-06,3.29729391088733e-06,3.29729391088733e-06,3.29729391088733e-06,3.29729391088733e-06,3.29729391088733e-06,3.29729391088733e-06,3.29729391088733e-06,3.29729391088733e-06,3.29729391088733e-06,3.29729391088733e-06,3.29729391088733e-06,3.29729391088733e-06,3.29729391088733e-06,3.29729391088733e-06,3.29729391088733e-06,3.29729391088733e-06,3.29729391088733e-06
3.29729391088733e-06,3.29729391088733e-06,3.29729391088733e-06,3.29729391088733e-06,3.29729391088733e-06,3.29729391088733e-06,3.29729391088733e-06,3.29729391088733e-06,3.29729391088733e-06,3.29729391088733e-06,3.29729391088733e-06,3.29729391088733e-06,3.29729391088733e-06,3.29729391088733e-06,3.29729391088733e-06,3.29729391088733e-06,3.29729391088733e-06,3.29729391088733e-06,3.29729391088733e-06,3.29729391088733e-06,3.29729391088733e-06,3.29729391088733e-06,3.29729391088733e-06,3.29729391088733e-06,3.29729391088733e-06,3.29729391088733e-06,3.29729391088733e-06,3.29729391088733e-06,3.62702330197607e-05,3.62702330197607e-05,3.29729391088733e-06,3.29729391088733e-06,3.29729391088733e-06,3.29729391088733e-06,3.29729391088733e-06,3.29729391088733e-06,3.29729391088733e-06,3.29729391088733e-06,3.29729391088733e-06,3.29729391088733e-06,3.29729391088733e-06,3.29729391088733e-06,3.29729391088733e-06,3.29729391088733e-06,3.29729391088733e-06,3.29729391088733e-06,3.29729391088733e-06,3.29729391088733e-06,3.29729391088733e-06,3.29729391088733e-06,3.29729391088733e-06,3.29729391088733e-06,3.29729391088733e-06,3.29729391088733e-06,3.29729391088733e-06,3.29729391088733e-06,3.29729391088733e-06,3.29729391088733e-06,3.29729391088733e-06,3.29729391088733e-06,3.29729391088733e-06,3.29729391088733e-06,3.29729391088733e-06,3.29729391088733e-06,3.29729391088733e-06,3.29729391088733e-06,3.29729391088733e-06,3.29729391088733e-06,3.29729391088733e-06,3.29729391088733e-06,3.29729391088733e-06,3.29729391088733e-06,3.29729391088733e-06,3.29729391088733e-06,3.29729391088733e-06,3.29729391088733e-06,3.29729391088733e-06,3.29729391088733e-06,3.29729391088733e-06,3.29729391088733e-06,3.29729391088733e-06,3.29729391088733e-06,3.29729391088733e-06,3.29729391088733e-06,3.29729391088733e-06,3.29729391088733e-06,3.29729391088733e-06,3.29729391088733e-06,3.29729391088733e-06,3.29729391088733e-06,3.29729391088733e-06,3.29729391088733e-06,3.29729391088733e-06,3.29729391088733e-06,3.29729391088733e-06,3.29729391088733e-06,3.29729391088733e-06,3.29729391088733e-06,3.29729391088733e-06,3.29729391088733e-06
3.29729391088733e-06,3.29729391088733e-06,3.29729391088733e-06,3.29729391088733e-06,3.29729391088733e-06,3.29729391088733e-06,3.29729391088733e-06,3.29729391088733e-06,3.29729391088733e-06,3.29729391088733e-06,3.29729391088733e-06,3.29729391088733e-06,3.29729391088733e-06,3.29729391088733e-06,3.29729391088733e-06,3.29729391088733e-06,3.29729391088733e-06,3.29729391088733e-06,3.29729391088733e-06,3.29729391088733e-06,3.29729391088733e-06,3.29729391088733e-06,3.29729391088733e-06,3.29729391088733e-06,3.29729391088733e-06,3.29729391088733e-06,3.29729391088733e-06,3.29729391088733e-06,3.29729391088733e-06,3.29729391088733e-06,3.62702330197607e-05,3.29729391088733e-06,3.29729391088733e-06,3.29729391088733e-06,3.29729391088733e-06,3.29729391088733e-06,3.29729391088733e-06,3.29729391088733e-06,3.29729391088733e-06,3.29729391088733e-06,3.29729391088733e-06,3.29729391088733e-06,3.29729391088733e-06,3.29729391088733e-06,3.29729391088733e-06,3.29729391088733e-06,3.29729391088733e-06,3.29729391088733e-06,3.29729391088733e-06,3.29729391088733e-06,3.29729391088733e-06,3.29729391088733e-06,3.29729391088733e-06,3.29729391088733e-06,3.29729391088733e-06,3.29729391088733e-06,3.29729391088733e-06,3.29729391088733e-06,3.29729391088733e-06,3.29729391088733e-06,3.29729391088733e-06,3.29729391088733e-06,3.29729391088733e-06,3.29729391088733e-06,3.29729391088733e-06,3.29729391088733e-06,3.29729391088733e-06,3.29729391088733e-06,3.29729391088733e-06,3.29729391088733e-06,3.29729391088733e-06,3.29729391088733e-06,3.29729391088733e-06,3.29729391088733e-06,3.29729391088733e-06,3.29729391088733e-06,3.29729391088733e-06,3.29729391088733e-06,3.29729391088733e-06,3.29729391088733e-06,3.29729391088733e-06,3.29729391088733e-06,3.29729391088733e-06,3.29729391088733e-06,3.29729391088733e-06,3.29729391088733e-06,3.29729391088733e-06,3.29729391088733e-06,3.29729391088733e-06,3.29729391088733e-06,3.29729391088733e-06,3.29729391088733e-06,3.29729391088733e-06,3.29729391088733e-06,3.29729391088733e-06,3.29729391088733e-06,3.29729391088733e-06,3.29729391088733e-06,3.29729391088733e-06,3.29729391088733e-06
3.29729391088733e-06,3.29729391088733e-06,3.29729391088733e-06,3.29729391088733e-06,3.29729391088733e-06,3.29729391088733e-06,3.29729391088733e-06,3.29729391088733e-06,3.29729391088733e-06,3.29729391088733e-06,3.29729391088733e-06,3.29729391088733e-06,3.29729391088733e-06,3.29729391088733e-06,3.29729391088733e-06,3.29729391088733e-06,3.29729391088733e-06,3.29729391088733e-06,3.29729391088733e-06,3.29729391088733e-06,3.29729391088733e-06,3.29729391088733e-06,3.29729391088733e-06,3.29729391088733e-06,3.29729391088733e-06,3.29729391088733e-06,3.29729391088733e-06,3.29729391088733e-06,3.29729391088733e-06,3.29729391088733e-06,3.29729391088733e-06,3.62702330197607e-05,3.29729391088733e-06,3.29729391088733e-06,3.29729391088733e-06,3.29729391088733e-06,3.29729391088733e-06,3.29729391088733e-06,3.29729391088733e-06,3.29729391088733e-06,3.62702330197607e-05,3.29729391088733e-06,3.29729391088733e-06,3.29729391088733e-06,3.29729391088733e-06,3.29729391088733e-06,3.29729391088733e-06,3.29729391088733e-06,3.29729391088733e-06,3.29729391088733e-06,3.29729391088733e-06,3.29729391088733e-06,3.29729391088733e-06,3.29729391088733e-06,3.29729391088733e-06,3.29729391088733e-06,3.29729391088733e-06,3.29729391088733e-06,3.29729391088733e-06,3.29729391088733e-06,3.29729391088733e-06,3.29729391088733e-06,3.29729391088733e-06,3.29729391088733e-06,3.29729391088733e-06,3.29729391088733e-06,3.29729391088733e-06,3.29729391088733e-06,3.29729391088733e-06,3.29729391088733e-06,3.29729391088733e-06,3.29729391088733e-06,3.29729391088733e-06,3.29729391088733e-06,3.29729391088733e-06,3.29729391088733e-06,3.29729391088733e-06,3.29729391088733e-06,3.29729391088733e-06,3.29729391088733e-06,3.29729391088733e-06,3.29729391088733e-06,3.29729391088733e-06,3.29729391088733e-06,3.29729391088733e-06,3.29729391088733e-06,3.29729391088733e-06,3.29729391088733e-06,3.29729391088733e-06,3.29729391088733e-06,3.29729391088733e-06,3.29729391088733e-06,3.29729391088733e-06,3.29729391088733e-06,3.29729391088733e-06,3.29729391088733e-06,3.29729391088733e-06,3.29729391088733e-06,3.29729391088733e-06,3.29729391088733e-06
3.29729391088733e-06,3.29729391088733e-06,3.29729391088733e-06,3.29729391088733e-06,3.29729391088733e-06,3.29729391088733e-06,3.29729391088733e-06,3.29729391088733e-06,3.29729391088733e-06,3.29729391088733e-06,3.29729391088733e-06,3.29729391088733e-06,3.29729391088733e-06,3.29729391088733e-06,3.29729391088733e-06,3.29729391088733e-06,3.29729391088733e-06,3.29729391088733e-06,3.29729391088733e-06,3.29729391088733e-06,3.29729391088733e-06,3.29729391088733e-06,3.29729391088733e-06,3.29729391088733e-06,3.29729391088733e-06,3.29729391088733e-06,3.29729391088733e-06,3.29729391088733e-06,3.29729391088733e-06,3.29729391088733e-06,3.29729391088733e-06,3.29729391088733e-06,3.62702330197607e-05,3.29729391088733e-06,3.29729391088733e-06,3.29729391088733e-06,3.29729391088733e-06,3.29729391088733e-06,3.29729391088733e-06,3.29729391088733e-06,3.29729391088733e-06,3.29729391088733e-06,3.29729391088733e-06,3.29729391088733e-06,3.29729391088733e-06,3.29729391088733e-06,3.29729391088733e-06,3.29729391088733e-06,3.29729391088733e-06,3.29729391088733e-06,3.29729391088733e-06,3.29729391088733e-06,3.29729391088733e-06,3.29729391088733e-06,3.29729391088733e-06,3.29729391088733e-06,3.29729391088733e-06,3.29729391088733e-06,3.29729391088733e-06,3.29729391088733e-06,3.29729391088733e-06,3.29729391088733e-06,3.29729391088733e-06,3.29729391088733e-06,3.29729391088733e-06,3.29729391088733e-06,3.29729391088733e-06,3.29729391088733e-06,3.29729391088733e-06,3.29729391088733e-06,3.29729391088733e-06,3.29729391088733e-06,3.29729391088733e-06,3.29729391088733e-06,3.29729391088733e-06,3.29729391088733e-06,3.29729391088733e-06,3.29729391088733e-06,3.29729391088733e-06,3.29729391088733e-06,3.29729391088733e-06,3.29729391088733e-06,3.29729391088733e-06,3.29729391088733e-06,3.29729391088733e-06,3.29729391088733e-06,3.29729391088733e-06,3.29729391088733e-06,3.29729391088733e-06,3.29729391088733e-06,3.29729391088733e-06,3.29729391088733e-06,3.29729391088733e-06,3.29729391088733e-06,3.29729391088733e-06,3.29729391088733e-06,3.29729391088733e-06,3.29729391088733e-06,3.29729391088733e-06,3.29729391088733e-06
3.29729391088733e-06,3.29729391088733e-06,3.29729391088733e-06,3.29729391088733e-06,3.29729391088733e-06,3.29729391088733e-06,3.29729391088733e-06,3.29729391088733e-06,3.29729391088733e-06,3.29729391088733e-06,3.29729391088733e-06,3.29729391088733e-06,3.29729391088733e-06,3.29729391088733e-06,3.29729391088733e-06,3.29729391088733e-06,3.29729391088733e-06,3.29729391088733e-06,3.29729391088733e-06,3.29729391088733e-06,3.29729391088733e-06,3.29729391088733e-06,3.29729391088733e-06,3.29729391088733e-06,3.29729391088733e-06,3.29729391088733e-06,3.29729391088733e-06,3.29729391088733e-06,3.29729391088733e-06,3.29729391088733e-06,3.29729391088733e-06,3.29729391088733e-06,3.29729391088733e-06,3.62702330197607e-05,3.29729391088733e-06,3.29729391088733e-06,3.29729391088733e-06,3.29729391088733e-06,3.29729391088733e-06,3.29729391088733e-06,3.29729391088733e-06,3.62702330197607e-05,3.29729391088733e-06,3.29729391088733e-06,3.29729391088733e-06,3.29729391088733e-06,3.29729391088733e-06,3.29729391088733e-06,3.29729391088733e-06,3.29729391088733e-06,3.29729391088733e-06,3.29729391088733e-06,3.29729391088733e-06,3.29729391088733e-06,3.29729391088733e-06,3.29729391088733e-06,3.29729391088733e-06,3.29729391088733e-06,3.29729391088733e-06,3.29729391088733e-06,3.29729391088733e-06,3.29729391088733e-06,3.29729391088733e-06,3.29729391088733e-06,3.29729391088733e-06,3.29729391088733e-06,3.29729391088733e-06,3.29729391088733e-06,3.29729391088733e-06,3.29729391088733e-06,3.29729391088733e-06,3.29729391088733e-06,3.29729391088733e-06,3.29729391088733e-06,3.29729391088733e-06,3.29729391088733e-06,3.29729391088733e-06,3.29729391088733e-06,3.29729391088733e-06,3.29729391088733e-06,3.29729391088733e-06,3.29729391088733e-06,3.29729391088733e-06,3.29729391088733e-06,3.29729391088733e-06,3.29729391088733e-06,3.29729391088733e-06,3.29729391088733e-06,3.29729391088733e-06,3.29729391088733e-06,3.29729391088733e-06,3.29729391088733e-06,3.29729391088733e-06,3.29729391088733e-06,3.29729391088733e-06,3.29729391088733e-06,3.29729391088733e-06,3.29729391088733e-06,3.29729391088733e-06,3.29729391088733e-06
3.29729391088733e-06,3.29729391088733e-06,3.29729391088733e-06,3.29729391088733e-06,3.29729391088733e-06,3.29729391088733e-06,3.29729391088733e-06,3.29729391088733e-06,3.29729391088733e-06,3.29729391088733e-06,3.29729391088733e-06,3.29729391088733e-06,3.29729391088733e-06,3.29729391088733e-06,3.29729391088733e-06,3.29729391088733e-06,3.29729391088733e-06,3.29729391088733e-06,3.29729391088733e-06,3.29729391088733e-06,3.29729391088733e-06,3.29729391088733e-06,3.29729391088733e-06,3.29729391088733e-06,3.29729391088733e-06,3.29729391088733e-06,3.29729391088733e-06,3.29729391088733e-06,3.29729391088733e-06,3.29729391088733e-06,3.29729391088733e-06,3.29729391088733e-06,3.29729391088733e-06,3.29729391088733e-06,3.62702330197607e-05,3.29729391088733e-06,3.29729391088733e-06,3.29729391088733e-06,3.29729391088733e-06,3.29729391088733e-06,3.29729391088733e-06,3.29729391088733e-06,3.29729391088733e-06,3.29729391088733e-06,3.29729391088733e-06,3.29729391088733e-06,3.29729391088733e-06,3.29729391088733e-06,3.29729391088733e-06,3.29729391088733e-06,3.29729391088733e-06,3.29729391088733e-06,3.29729391088733e-06,3.29729391088733e-06,3.29729391088733e-06,3.29729391088733e-06,3.29729391088733e-06,3.29729391088733e-06,3.29729391088733e-06,3.29729391088733e-06,3.29729391088733e-06,3.29729391088733e-06,3.29729391088733e-06,3.29729391088733e-06,3.29729391088733e-06,3.29729391088733e-06,3.29729391088733e-06,3.29729391088733e-06,3.29729391088733e-06,3.29729391088733e-06,3.29729391088733e-06,3.29729391088733e-06,3.29729391088733e-06,3.29729391088733e-06,3.29729391088733e-06,3.29729391088733e-06,3.29729391088733e-06,3.29729391088733e-06,3.29729391088733e-06,3.29729391088733e-06,3.29729391088733e-06,3.29729391088733e-06,3.29729391088733e-06,3.29729391088733e-06,3.29729391088733e-06,3.29729391088733e-06,3.29729391088733e-06,3.29729391088733e-06,3.29729391088733e-06,3.29729391088733e-06,3.29729391088733e-06,3.29729391088733e-06,3.29729391088733e-06,3.29729391088733e-06,3.29729391088733e-06,3.29729391088733e-06,3.29729391088733e-06,3.29729391088733e-06,3.29729391088733e-06,3.29729391088733e-06
3.29729391088733e-06,3.29729391088733e-06,3.29729391088733e-06,3.29729391088733e-06,3.29729391088733e-06,3.29729391088733e-06,3.29729391088733e-06,3.29729391088733e-06,3.29729391088733e-06,3.29729391088733e-06,3.29729391088733e-06,3.29729391088733e-06,3.29729391088733e-06,3.29729391088733e-06,3.29729391088733e-06,3.29729391088733e-06,3.29729391088733e-06,3.29729391088733e-06,3.29729391088733e-06,3.29729391088733e-06,3.29729391088733e-06,3.29729391088733e-06,3.29729391088733e-06,3.29729391088733e-06,3.29729391088733e-06,3.29729391088733e-06,3.29729391088733e-06,3.29729391088733e-06,3.29729391088733e-06,3.29729391088733e-06,3.29729391088733e-06,3.29729391088733e-06,3.29729391088733e-06,3.29729391088733e-06,3.29729391088733e-06,3.62702330197607e-05,3.62702330197607e-05,3.29729391088733e-06,3.29729391088733e-06,3.29729391088733e-06,3.29729391088733e-06,3.29729391088733e-06,3.29729391088733e-06,3.29729391088733e-06,3.29729391088733e-06,3.29729391088733e-06,3.29729391088733e-06,3.29729391088733e-06,3.29729391088733e-06,3.29729391088733e-06,3.29729391088733e-06,3.29729391088733e-06,3.29729391088733e-06,3.29729391088733e-06,3.29729391088733e-06,3.29729391088733e-06,3.29729391088733e-06,3.29729391088733e-06,3.29729391088733e-06,3.29729391088733e-06,3.29729391088733e-06,3.29729391088733e-06,3.29729391088733e-06,3.29729391088733e-06,3.29729391088733e-06,3.29729391088733e-06,3.29729391088733e-06,3.29729391088733e-06,3.29729391088733e-06,3.29729391088733e-06,3.29729391088733e-06,3.29729391088733e-06,3.29729391088733e-06,3.29729391088733e-06,3.29729391088733e-06,3.29729391088733e-06,3.29729391088733e-06,3.29729391088733e-06,3.29729391088733e-06,3.29729391088733e-06,3.29729391088733e-06,3.29729391088733e-06,3.29729391088733e-06,3.29729391088733e-06,3.29729391088733e-06,3.29729391088733e-06,3.29729391088733e-06,3.29729391088733e-06,3.29729391088733e-06,3.29729391088733e-06,3.29729391088733e-06,3.29729391088733e-06,3.29729391088733e-06,3.29729391088733e-06,3.29729391088733e-06,3.29729391088733e-06,3.29729391088733e-06,3.29729391088733e-06,3.29729391088733e-06,3.29729391088733e-06
3.29729391088733e-06,3.29729391088733e-06,3.29729391088733e-06,3.29729391088733e-06,3.29729391088733e-06,3.29729391088733e-06,3.29729391088733e-06,3.29729391088733e-06,3.29729391088733e-06,3.29729391088733e-06,3.29729391088733e-06,3.29729391088733e-06,3.29729391088733e-06,3.29729391088733e-06,3.29729391088733e-06,3.29729391088733e-06,3.29729391088733e-06,3.29729391088733e-06,3.29729391088733e-06,3.29729391088733e-06,3.29729391088733e-06,3.29729391088733e-06,3.29729391088733e-06,3.29729391088733e-06,3.29729391088733e-06,3.29729391088733e-06,3.29729391088733e-06,3.29729391088733e-06,3.29729391088733e-06,3.29729391088733e-06,3.29729391088733e-06,3.29729391088733e-06,3.29729391088733e-06,3.29729391088733e-06,3.29729391088733e-06,3.29729391088733e-06,3.29729391088733e-06,3.62702330197607e-05,3.29729391088733e-06,3.29729391088733e-06,3.29729391088733e-06,3.29729391088733e-06,3.62702330197607e-05,3.29729391088733e-06,3.29729391088733e-06,3.29729391088733e-06,3.29729391088733e-06,3.29729391088733e-06,3.29729391088733e-06,3.29729391088733e-06,3.29729391088733e-06,3.29729391088733e-06,3.29729391088733e-06,3.29729391088733e-06,3.29729391088733e-06,3.29729391088733e-06,3.29729391088733e-06,3.29729391088733e-06,3.29729391088733e-06,3.29729391088733e-06,3.29729391088733e-06,3.29729391088733e-06,3.29729391088733e-06,3.29729391088733e-06,3.29729391088733e-06,3.29729391088733e-06,3.29729391088733e-06,3.29729391088733e-06,3.29729391088733e-06,3.29729391088733e-06,3.29729391088733e-06,3.29729391088733e-06,3.29729391088733e-06,3.29729391088733e-06,3.29729391088733e-06,3.29729391088733e-06,3.29729391088733e-06,3.29729391088733e-06,3.29729391088733e-06,3.29729391088733e-06,3.29729391088733e-06,3.29729391088733e-06,3.29729391088733e-06,3.29729391088733e-06,3.29729391088733e-06,3.29729391088733e-06,3.29729391088733e-06,3.29729391088733e-06,3.29729391088733e-06,3.29729391088733e-06,3.29729391088733e-06,3.29729391088733e-06,3.29729391088733e-06,3.29729391088733e-06,3.29729391088733e-06,3.29729391088733e-06,3.29729391088733e-06,3.29729391088733e-06,3.29729391088733e-06,3.29729391088733e-06
6.9243172128634e-05,6.9243172128634e-05,6.9243172128634e-05,6.9243172128634e-05,6.9243172128634e-05,6.9243172128634e-05,6.9243172128634e-05,3.62702330197607e-05,3.62702330197607e-05,3.62702330197607e-05,3.62702330197607e-05,3.62702330197607e-05,3.62702330197607e-05,3.62702330197607e-05,3.62702330197607e-05,3.62702330197607e-05,3.62702330197607e-05,3.62702330197607e-05,3.62702330197607e-05,3.62702330197607e-05,3.62702330197607e-05,3.62702330197607e-05,3.29729391088733e-06,3.29729391088733e-06,3.29729391088733e-06,3.29729391088733e-06,3.29729391088733e-06,3.29729391088733e-06,3.29729391088733e-06,3.29729391088733e-06,3.29729391088733e-06,3.29729391088733e-06,3.29729391088733e-06,3.29729391088733e-06,3.29729391088733e-06,3.29729391088733e-06,3.29729391088733e-06,3.29729391088733e-06,3.62702330197607e-05,3.29729391088733e-06,3.29729391088733e-06,3.29729391088733e-06,3.29729391088733e-06,3.29729391088733e-06,3.29729391088733e-06,3.29729391088733e-06,3.29729391088733e-06,3.29729391088733e-06,3.29729391088733e-06,3.29729391088733e-06,3.29729391088733e-06,3.29729391088733e-06,3.29729391088733e-06,3.29729391088733e-06,3.29729391088733e-06,3.29729391088733e-06,3.29729391088733e-06,3.29729391088733e-06,3.29729391088733e-06,3.29729391088733e-06,3.29729391088733e-06,3.29729391088733e-06,3.29729391088733e-06,3.29729391088733e-06,3.29729391088733e-06,3.29729391088733e-06,3.29729391088733e-06,3.29729391088733e-06,3.29729391088733e-06,3.29729391088733e-06,3.29729391088733e-06,3.29729391088733e-06,3.29729391088733e-06,3.29729391088733e-06,3.29729391088733e-06,3.29729391088733e-06,3.29729391088733e-06,3.29729391088733e-06,3.29729391088733e-06,3.29729391088733e-06,3.29729391088733e-06,3.29729391088733e-06,3.29729391088733e-06,3.29729391088733e-06,3.29729391088733e-06,3.29729391088733e-06,3.29729391088733e-06,3.29729391088733e-06,3.29729391088733e-06,3.29729391088733e-06,3.29729391088733e-06,3.29729391088733e-06,3.29729391088733e-06,3.29729391088733e-06,3.29729391088733e-06,3.29729391088733e-06,3.29729391088733e-06,3.29729391088733e-06,3.29729391088733e-06,3.29729391088733e-06
3.62702330197607e-05,3.62702330197607e-05,3.62702330197607e-05,3.62702330197607e-05,3.62702330197607e-05,3.62702330197607e-05,3.62702330197607e-05,6.9243172128634e-05,6.9243172128634e-05,6.9243172128634e-05,6.9243172128634e-05,6.9243172128634e-05,6.9243172128634e-05,6.9243172128634e-05,6.9243172128634e-05,3.62702330197607e-05,3.62702330197607e-05,3.62702330197607e-05,3.62702330197607e-05,3.62702330197607e-05,3.62702330197607e-05,3.62702330197607e-05,6.9243172128634e-05,3.62702330197607e-05,3.62702330197607e-05,3.62702330197607e-05,3.62702330197607e-05,3.62702330197607e-05,3.29729391088733e-06,3.29729391088733e-06,3.29729391088733e-06,3.29729391088733e-06,3.29729391088733e-06,3.29729391088733e-06,3.29729391088733e-06,3.29729391088733e-06,3.29729391088733e-06,3.29729391088733e-06,3.29729391088733e-06,3.29729391088733e-06,3.29729391088733e-06,3.29729391088733e-06,3.29729391088733e-06,3.29729391088733e-06,3.29729391088733e-06,3.29729391088733e-06,3.29729391088733e-06,3.29729391088733e-06,3.29729391088733e-06,3.29729391088733e-06,3.29729391088733e-06,3.29729391088733e-06,3.29729391088733e-06,3.29729391088733e-06,3.29729391088733e-06,3.29729391088733e-06,3.29729391088733e-06,3.29729391088733e-06,3.29729391088733e-06,3.29729391088733e-06,3.29729391088733e-06,3.29729391088733e-06,3.29729391088733e-06,3.29729391088733e-06,3.29729391088733e-06,3.29729391088733e-06,3.29729391088733e-06,3.29729391088733e-06,3.29729391088733e-06,3.29729391088733e-06,3.29729391088733e-06,3.29729391088733e-06,3.29729391088733e-06,3.29729391088733e-06,3.29729391088733e-06,3.29729391088733e-06,3.29729391088733e-06,3.29729391088733e-06,3.29729391088733e-06,3.29729391088733e-06,3.29729391088733e-06,3.29729391088733e-06,3.29729391088733e-06,3.29729391088733e-06,3.29729391088733e-06,3.29729391088733e-06,3.29729391088733e-06,3.29729391088733e-06,3.29729391088733e-06,3.29729391088733e-06,3.29729391088733e-06,3.29729391088733e-06,3.29729391088733e-06,3.29729391088733e-06,3.29729391088733e-06,3.29729391088733e-06,3.29729391088733e-06,3.29729391088733e-06,3.29729391088733e-06,3.29729391088733e-06
3.29729391088733e-06,3.29729391088733e-06,3.29729391088733e-06,3.29729391088733e-06,3.29729391088733e-06,3.29729391088733e-06,3.29729391088733e-06,3.29729391088733e-06,3.29729391088733e-06,3.29729391088733e-06,3.29729391088733e-06,3.29729391088733e-06,3.29729391088733e-06,3.29729391088733e-06,3.29729391088733e-06,3.62702330197607e-05,3.29729391088733e-06,3.29729391088733e-06,3.29729391088733e-06,3.29729391088733e-06,3.29729391088733e-06,3.29729391088733e-06,3.29729391088733e-06,3.62702330197607e-05,3.62702330197607e-05,3.62702330197607e-05,3.62702330197607e-05,3.62702330197607e-05,3.62702330197607e-05,3.62702330197607e-05,3.29729391088733e-06,3.29729391088733e-06,3.29729391088733e-06,3.29729391088733e-06,3.29729391088733e-06,3.29729391088733e-06,3.29729391088733e-06,3.29729391088733e-06,3.29729391088733e-06,3.29729391088733e-06,3.29729391088733e-06,3.29729391088733e-06,3.29729391088733e-06,3.62702330197607e-05,3.29729391088733e-06,3.29729391088733e-06,3.29729391088733e-06,3.29729391088733e-06,3.29729391088733e-06,3.29729391088733e-06,3.29729391088733e-06,3.29729391088733e-06,3.29729391088733e-06,3.29729391088733e-06,3.29729391088733e-06,3.29729391088733e-06,3.29729391088733e-06,3.29729391088733e-06,3.29729391088733e-06,3.29729391088733e-06,3.29729391088733e-06,3.29729391088733e-06,3.29729391088733e-06,3.29729391088733e-06,3.29729391088733e-06,3.29729391088733e-06,3.29729391088733e-06,3.29729391088733e-06,3.29729391088733e-06,3.29729391088733e-06,3.29729391088733e-06,3.29729391088733e-06,3.29729391088733e-06,3.29729391088733e-06,3.29729391088733e-06,3.29729391088733e-06,3.29729391088733e-06,3.29729391088733e-06,3.29729391088733e-06,3.29729391088733e-06,3.29729391088733e-06,3.29729391088733e-06,3.29729391088733e-06,3.29729391088733e-06,3.29729391088733e-06,3.29729391088733e-06,3.29729391088733e-06,3.29729391088733e-06,3.29729391088733e-06,3.29729391088733e-06,3.29729391088733e-06,3.29729391088733e-06,3.29729391088733e-06,3.29729391088733e-06,3.29729391088733e-06,3.29729391088733e-06,3.29729391088733e-06,3.29729391088733e-06,3.29729391088733e-06,3.29729391088733e-06
3.29729391088733e-06,3.29729391088733e-06,3.29729391088733e-06,3.29729391088733e-06,3.29729391088733e-06,3.29729391088733e-06,3.29729391088733e-06,3.29729391088733e-06,3.29729391088733e-06,3.29729391088733e-06,3.29729391088733e-06,3.29729391088733e-06,3.29729391088733e-06,3.29729391088733e-06,3.29729391088733e-06,3.29729391088733e-06,3.62702330197607e-05,3.62702330197607e-05,3.62702330197607e-05,3.62702330197607e-05,3.62702330197607e-05,3.62702330197607e-05,3.62702330197607e-05,3.62702330197607e-05,3.29729391088733e-06,3.29729391088733e-06,3.29729391088733e-06,3.29729391088733e-06,3.62702330197607e-05,3.62702330197607e-05,3.62702330197607e-05,3.29729391088733e-06,3.29729391088733e-06,3.29729391088733e-06,3.29729391088733e-06,3.29729391088733e-06,3.29729391088733e-06,3.29729391088733e-06,3.29729391088733e-06,3.29729391088733e-06,3.29729391088733e-06,3.29729391088733e-06,3.29729391088733e-06,3.29729391088733e-06,3.29729391088733e-06,3.29729391088733e-06,3.29729391088733e-06,3.29729391088733e-06,3.29729391088733e-06,3.29729391088733e-06,3.29729391088733e-06,3.29729391088733e-06,3.29729391088733e-06,3.29729391088733e-06,3.29729391088733e-06,3.29729391088733e-06,3.29729391088733e-06,3.29729391088733e-06,3.29729391088733e-06,3.29729391088733e-06,3.29729391088733e-06,3.29729391088733e-06,3.29729391088733e-06,3.29729391088733e-06,3.29729391088733e-06,3.29729391088733e-06,3.29729391088733e-06,3.29729391088733e-06,3.29729391088733e-06,3.29729391088733e-06,3.29729391088733e-06,3.29729391088733e-06,3.29729391088733e-06,3.29729391088733e-06,3.29729391088733e-06,3.29729391088733e-06,3.29729391088733e-06,3.29729391088733e-06,3.29729391088733e-06,3.29729391088733e-06,3.29729391088733e-06,3.29729391088733e-06,3.29729391088733e-06,3.29729391088733e-06,3.29729391088733e-06,3.29729391088733e-06,3.29729391088733e-06,3.29729391088733e-06,3.29729391088733e-06,3.29729391088733e-06,3.29729391088733e-06,3.29729391088733e-06,3.29729391088733e-06,3.29729391088733e-06,3.29729391088733e-06,3.29729391088733e-06,3.29729391088733e-06,3.29729391088733e-06,3.29729391088733e-06,3.29729391088733e-06
3.29729391088733e-06,3.29729391088733e-06,3.29729391088733e-06,3.29729391088733e-06,3.29729391088733e-06,3.29729391088733e-06,3.29729391088733e-06,3.29729391088733e-06,3.29729391088733e-06,3.29729391088733e-06,3.29729391088733e-06,3.29729391088733e-06,3.29729391088733e-06,3.29729391088733e-06,3.29729391088733e-06,3.29729391088733e-06,3.29729391088733e-06,3.29729391088733e-06,3.29729391088733e-06,3.29729391088733e-06,3.29729391088733e-06,3.29729391088733e-06,3.29729391088733e-06,3.29729391088733e-06,3.29729391088733e-06,3.29729391088733e-06,3.29729391088733e-06,3.29729391088733e-06,3.29729391088733e-06,3.29729391088733e-06,3.62702330197607e-05,6.9243172128634e-05,3.29729391088733e-06,3.29729391088733e-06,3.29729391088733e-06,3.29729391088733e-06,3.29729391088733e-06,3.29729391088733e-06,3.29729391088733e-06,3.29729391088733e-06,3.29729391088733e-06,3.29729391088733e-06,3.29729391088733e-06,3.29729391088733e-06,3.29729391088733e-06,3.29729391088733e-06,3.29729391088733e-06,3.29729391088733e-06,3.29729391088733e-06,3.29729391088733e-06,3.29729391088733e-06,3.29729391088733e-06,3.29729391088733e-06,3.29729391088733e-06,3.29729391088733e-06,3.29729391088733e-06,3.29729391088733e-06,3.29729391088733e-06,3.29729391088733e-06,3.29729391088733e-06,3.29729391088733e-06,3.29729391088733e-06,3.29729391088733e-06,3.29729391088733e-06,3.29729391088733e-06,3.29729391088733e-06,3.29729391088733e-06,3.29729391088733e-06,3.29729391088733e-06,3.29729391088733e-06,3.29729391088733e-06,3.29729391088733e-06,3.29729391088733e-06,3.29729391088733e-06,3.29729391088733e-06,3.29729391088733e-06,3.29729391088733e-06,3.29729391088733e-06,3.29729391088733e-06,3.29729391088733e-06,3.29729391088733e-06,3.29729391088733e-06,3.29729391088733e-06,3.29729391088733e-06,3.29729391088733e-06,3.29729391088733e-06,3.29729391088733e-06,3.29729391088733e-06,3.29729391088733e-06,3.29729391088733e-06,3.29729391088733e-06,3.29729391088733e-06,3.29729391088733e-06,3.29729391088733e-06,3.29729391088733e-06,3.29729391088733e-06,3.29729391088733e-06,3.29729391088733e-06,3.29729391088733e-06,3.29729391088733e-06
3.62702330197607e-05,3.62702330197607e-05,3.62702330197607e-05,3.62702330197607e-05,3.62702330197607e-05,3.62702330197607e-05,3.62702330197607e-05,3.62702330197607e-05,3.62702330197607e-05,3.62702330197607e-05,3.29729391088733e-06,3.29729391088733e-06,3.29729391088733e-06,3.29729391088733e-06,3.29729391088733e-06,3.29729391088733e-06,3.29729391088733e-06,3.29729391088733e-06,3.29729391088733e-06,3.29729391088733e-06,3.29729391088733e-06,3.29729391088733e-06,3.29729391088733e-06,3.29729391088733e-06,3.62702330197607e-05,3.62702330197607e-05,3.29729391088733e-06,3.29729391088733e-06,3.29729391088733e-06,3.29729391088733e-06,3.29729391088733e-06,3.29729391088733e-06,6.9243172128634e-05,3.29729391088733e-06,3.29729391088733e-06,3.29729391088733e-06,3.29729391088733e-06,3.29729391088733e-06,3.29729391088733e-06,3.29729391088733e-06,3.29729391088733e-06,3.29729391088733e-06,3.29729391088733e-06,3.29729391088733e-06,3.29729391088733e-06,3.29729391088733e-06,3.29729391088733e-06,3.29729391088733e-06,3.29729391088733e-06,3.29729391088733e-06,3.29729391088733e-06,3.29729391088733e-06,3.29729391088733e-06,3.29729391088733e-06,3.29729391088733e-06,3.29729391088733e-06,3.29729391088733e-06,3.29729391088733e-06,3.29729391088733e-06,3.29729391088733e-06,3.29729391088733e-06,3.29729391088733e-06,3.29729391088733e-06,3.29729391088733e-06,3.29729391088733e-06,3.29729391088733e-06,3.29729391088733e-06,3.29729391088733e-06,3.29729391088733e-06,3.29729391088733e-06,3.29729391088733e-06,3.29729391088733e-06,3.29729391088733e-06,3.29729391088733e-06,3.29729391088733e-06,3.29729391088733e-06,3.29729391088733e-06,3.29729391088733e-06,3.29729391088733e-06,3.29729391088733e-06,3.29729391088733e-06,3.29729391088733e-06,3.29729391088733e-06,3.29729391088733e-06,3.29729391088733e-06,3.29729391088733e-06,3.29729391088733e-06,3.29729391088733e-06,3.29729391088733e-06,3.29729391088733e-06,3.29729391088733e-06,3.29729391088733e-06,3.29729391088733e-06,3.29729391088733e-06,3.29729391088733e-06,3.29729391088733e-06,3.29729391088733e-06,3.29729391088733e-06,3.29729391088733e-06,3.29729391088733e-06
3.62702330197607e-05,3.62702330197607e-05,3.62702330197607e-05,3.29729391088733e-06,3.29729391088733e-06,3.29729391088733e-06,3.29729391088733e-06,3.29729391088733e-06,3.29729391088733e-06,3.29729391088733e-06,3.62702330197607e-05,3.62702330197607e-05,3.62702330197607e-05,3.62702330197607e-05,3.62702330197607e-05,3.62702330197607e-05,3.62702330197607e-05,3.62702330197607e-05,3.62702330197607e-05,3.62702330197607e-05,3.62702330197607e-05,3.62702330197607e-05,3.62702330197607e-05,3.29729391088733e-06,3.29729391088733e-06,3.29729391088733e-06,3.62702330197607e-05,3.29729391088733e-06,3.29729391088733e-06,3.29729391088733e-06,3.29729391088733e-06,3.29729391088733e-06,3.29729391088733e-06,6.9243172128634e-05,3.62702330197607e-05,3.62702330197607e-05,3.29729391088733e-06,3.29729391088733e-06,3.29729391088733e-06,3.29729391088733e-06,3.29729391088733e-06,3.29729391088733e-06,3.29729391088733e-06,3.29729391088733e-06,3.29729391088733e-06,3.29729391088733e-06,3.29729391088733e-06,3.29729391088733e-06,3.29729391088733e-06,3.29729391088733e-06,3.29729391088733e-06,3.29729391088733e-06,3.29729391088733e-06,3.29729391088733e-06,3.29729391088733e-06,3.29729391088733e-06,3.29729391088733e-06,3.29729391088733e-06,3.29729391088733e-06,3.29729391088733e-06,3.29729391088733e-06,3.29729391088733e-06,3.29729391088733e-06,3.29729391088733e-06,3.29729391088733e-06,3.29729391088733e-06,3.29729391088733e-06,3.29729391088733e-06,3.29729391088733e-06,3.29729391088733e-06,3.29729391088733e-06,3.29729391088733e-06,3.29729391088733e-06,3.29729391088733e-06,3.29729391088733e-06,3.29729391088733e-06,3.29729391088733e-06,3.29729391088733e-06,3.29729391088733e-06,3.29729391088733e-06,3.29729391088733e-06,3.29729391088733e-06,3.29729391088733e-06,3.29729391088733e-06,3.29729391088733e-06,3.29729391088733e-06,3.29729391088733e-06,3.29729391088733e-06,3.29729391088733e-06,3.29729391088733e-06,3.29729391088733e-06,3.29729391088733e-06,3.29729391088733e-06,3.29729391088733e-06,3.29729391088733e-06,3.29729391088733e-06,3.29729391088733e-06,3.29729391088733e-06,3.29729391088733e-06,3.29729391088733e-06
3.29729391088733e-06,3.29729391088733e-06,3.29729391088733e-06,3.62702330197607e-05,3.62702330197607e-05,3.62702330197607e-05,3.62702330197607e-05,3.62702330197607e-05,3.62702330197607e-05,3.62702330197607e-05,3.62702330197607e-05,3.62702330197607e-05,3.62702330197607e-05,3.62702330197607e-05,3.62702330197607e-05,3.62702330197607e-05,3.62702330197607e-05,3.62702330197607e-05,3.62702330197607e-05,3.62702330197607e-05,3.62702330197607e-05,3.62702330197607e-05,3.62702330197607e-05,6.9243172128634e-05,3.62702330197607e-05,3.62702330197607e-05,3.62702330197607e-05,6.9243172128634e-05,6.9243172128634e-05,3.62702330197607e-05,3.62702330197607e-05,3.62702330197607e-05,3.62702330197607e-05,3.62702330197607e-05,3.62702330197607e-05,3.29729391088733e-06,3.62702330197607e-05,3.29729391088733e-06,3.29729391088733e-06,3.29729391088733e-06,3.29729391088733e-06,3.29729391088733e-06,3.29729391088733e-06,3.29729391088733e-06,3.29729391088733e-06,3.29729391088733e-06,3.29729391088733e-06,3.29729391088733e-06,3.29729391088733e-06,3.29729391088733e-06,3.29729391088733e-06,3.29729391088733e-06,3.29729391088733e-06,3.29729391088733e-06,3.29729391088733e-06,3.29729391088733e-06,3.29729391088733e-06,3.29729391088733e-06,3.29729391088733e-06,3.29729391088733e-06,3.29729391088733e-06,3.29729391088733e-06,3.29729391088733e-06,3.29729391088733e-06,3.29729391088733e-06,3.29729391088733e-06,3.29729391088733e-06,3.29729391088733e-06,3.29729391088733e-06,3.29729391088733e-06,3.29729391088733e-06,3.29729391088733e-06,3.29729391088733e-06,3.29729391088733e-06,3.29729391088733e-06,3.29729391088733e-06,3.29729391088733e-06,3.29729391088733e-06,3.29729391088733e-06,3.29729391088733e-06,3.29729391088733e-06,3.29729391088733e-06,3.29729391088733e-06,3.29729391088733e-06,3.29729391088733e-06,3.29729391088733e-06,3.29729391088733e-06,3.29729391088733e-06,3.29729391088733e-06,3.29729391088733e-06,3.29729391088733e-06,3.29729391088733e-06,3.29729391088733e-06,3.29729391088733e-06,3.29729391088733e-06,3.29729391088733e-06,3.29729391088733e-06,3.29729391088733e-06,3.29729391088733e-06,3.29729391088733e-06
3.62702330197607e-05,3.62702330197607e-05,3.62702330197607e-05,3.62702330197607e-05,3.62702330197607e-05,3.62702330197607e-05,3.62702330197607e-05,3.62702330197607e-05,3.62702330197607e-05,3.62702330197607e-05,3.62702330197607e-05,3.62702330197607e-05,3.62702330197607e-05,3.62702330197607e-05,3.62702330197607e-05,3.62702330197607e-05,3.62702330197607e-05,3.62702330197607e-05,3.62702330197607e-05,3.62702330197607e-05,3.29729391088733e-06,3.29729391088733e-06,3.29729391088733e-06,3.29729391088733e-06,3.62702330197607e-05,3.62702330197607e-05,3.62702330197607e-05,3.62702330197607e-05,3.29729391088733e-06,3.29729391088733e-06,3.29729391088733e-06,3.29729391088733e-06,3.29729391088733e-06,3.29729391088733e-06,3.29729391088733e-06,3.62702330197607e-05,3.29729391088733e-06,3.29729391088733e-06,3.29729391088733e-06,3.62702330197607e-05,3.29729391088733e-06,3.29729391088733e-06,3.29729391088733e-06,3.29729391088733e-06,3.62702330197607e-05,3.29729391088733e-06,3.29729391088733e-06,3.29729391088733e-06,3.29729391088733e-06,3.29729391088733e-06,3.29729391088733e-06,3.29729391088733e-06,3.29729391088733e-06,3.29729391088733e-06,3.29729391088733e-06,3.29729391088733e-06,3.29729391088733e-06,3.29729391088733e-06,3.29729391088733e-06,3.29729391088733e-06,3.29729391088733e-06,3.29729391088733e-06,3.29729391088733e-06,3.29729391088733e-06,3.29729391088733e-06,3.29729391088733e-06,3.29729391088733e-06,3.29729391088733e-06,3.29729391088733e-06,3.29729391088733e-06,3.29729391088733e-06,3.29729391088733e-06,3.29729391088733e-06,3.29729391088733e-06,3.29729391088733e-06,3.29729391088733e-06,3.29729391088733e-06,3.29729391088733e-06,3.29729391088733e-06,3.29729391088733e-06,3.29729391088733e-06,3.29729391088733e-06,3.29729391088733e-06,3.29729391088733e-06,3.29729391088733e-06,3.29729391088733e-06,3.29729391088733e-06,3.29729391088733e-06,3.29729391088733e-06,3.29729391088733e-06,3.29729391088733e-06,3.29729391088733e-06,3.29729391088733e-06,3.29729391088733e-06,3.29729391088733e-06,3.29729391088733e-06,3.29729391088733e-06,3.29729391088733e-06,3.29729391088733e-06,3.29729391088733e-06
3.62702330197607e-05,3.62702330197607e-05,3.62702330197607e-05,3.62702330197607e-05,3.62702330197607e-05,3.62702330197607e-05,3.62702330197607e-05,3.62702330197607e-05,3.62702330197607e-05,3.62702330197607e-05,3.62702330197607e-05,3.62702330197607e-05,3.62702330197607e-05,3.62702330197607e-05,3.62702330197607e-05,3.62702330197607e-05,3.62702330197607e-05,3.62702330197607e-05,3.62702330197607e-05,3.29729391088733e-06,3.62702330197607e-05,3.29729391088733e-06,3.29729391088733e-06,3.29729391088733e-06,3.29729391088733e-06,3.29729391088733e-06,3.29729391088733e-06,3.29729391088733e-06,3.62702330197607e-05,6.9243172128634e-05,6.9243172128634e-05,3.62702330197607e-05,3.29729391088733e-06,3.29729391088733e-06,3.62702330197607e-05,3.29729391088733e-06,3.62702330197607e-05,6.9243172128634e-05,3.62702330197607e-05,3.29729391088733e-06,3.62702330197607e-05,3.29729391088733e-06,3.29729391088733e-06,3.29729391088733e-06,3.29729391088733e-06,3.29729391088733e-06,3.29729391088733e-06,3.29729391088733e-06,3.29729391088733e-06,3.29729391088733e-06,3.29729391088733e-06,3.29729391088733e-06,3.29729391088733e-06,3.29729391088733e-06,3.29729391088733e-06,3.29729391088733e-06,3.29729391088733e-06,3.29729391088733e-06,3.29729391088733e-06,3.29729391088733e-06,3.29729391088733e-06,3.29729391088733e-06,3.29729391088733e-06,3.29729391088733e-06,3.29729391088733e-06,3.29729391088733e-06,3.29729391088733e-06,3.29729391088733e-06,3.29729391088733e-06,3.29729391088733e-06,3.29729391088733e-06,3.29729391088733e-06,3.29729391088733e-06,3.29729391088733e-06,3.29729391088733e-06,3.29729391088733e-06,3.29729391088733e-06,3.29729391088733e-06,3.29729391088733e-06,3.29729391088733e-06,3.29729391088733e-06,3.29729391088733e-06,3.29729391088733e-06,3.29729391088733e-06,3.29729391088733e-06,3.29729391088733e-06,3.29729391088733e-06,3.29729391088733e-06,3.29729391088733e-06,3.29729391088733e-06,3.29729391088733e-06,3.29729391088733e-06,3.29729391088733e-06,3.29729391088733e-06,3.29729391088733e-06,3.29729391088733e-06,3.29729391088733e-06,3.29729391088733e-06,3.29729391088733e-06,3.29729391088733e-06
3.29729391088733e-06,3.29729391088733e-06,3.29729391088733e-06,3.29729391088733e-06,3.29729391088733e-06,3.29729391088733e-06,3.29729391088733e-06,3.29729391088733e-06,3.29729391088733e-06,3.29729391088733e-06,3.29729391088733e-06,3.29729391088733e-06,3.29729391088733e-06,3.29729391088733e-06,3.29729391088733e-06,3.29729391088733e-06,3.29729391088733e-06,3.29729391088733e-06,3.29729391088733e-06,3.62702330197607e-05,3.29729391088733e-06,3.29729391088733e-06,3.29729391088733e-06,3.29729391088733e-06,3.29729391088733e-06,3.29729391088733e-06,3.29729391088733e-06,3.29729391088733e-06,3.29729391088733e-06,3.29729391088733e-06,3.29729391088733e-06,3.62702330197607e-05,3.62702330197607e-05,3.29729391088733e-06,3.29729391088733e-06,3.29729391088733e-06,3.29729391088733e-06,3.29729391088733e-06,3.62702330197607e-05,3.29729391088733e-06,3.29729391088733e-06,3.29729391088733e-06,3.29729391088733e-06,3.29729391088733e-06,3.29729391088733e-06,3.29729391088733e-06,3.29729391088733e-06,3.29729391088733e-06,3.29729391088733e-06,3.29729391088733e-06,3.29729391088733e-06,3.29729391088733e-06,3.29729391088733e-06,3.29729391088733e-06,3.29729391088733e-06,3.29729391088733e-06,3.29729391088733e-06,3.29729391088733e-06,3.29729391088733e-06,3.29729391088733e-06,3.29729391088733e-06,3.29729391088733e-06,3.29729391088733e-06,3.29729391088733e-06,3.29729391088733e-06,3.29729391088733e-06,3.29729391088733e-06,3.29729391088733e-06,3.29729391088733e-06,3.29729391088733e-06,3.29729391088733e-06,3.29729391088733e-06,3.29729391088733e-06,3.29729391088733e-06,3.29729391088733e-06,3.29729391088733e-06,3.29729391088733e-06,3.29729391088733e-06,3.29729391088733e-06,3.29729391088733e-06,3.29729391088733e-06,3.29729391088733e-06,3.29729391088733e-06,3.29729391088733e-06,3.29729391088733e-06,3.29729391088733e-06,3.29729391088733e-06,3.29729391088733e-06,3.29729391088733e-06,3.29729391088733e-06,3.29729391088733e-06,3.29729391088733e-06,3.29729391088733e-06,3.29729391088733e-06,3.29729391088733e-06,3.29729391088733e-06,3.29729391088733e-06,3.29729391088733e-06,3.29729391088733e-06,3.29729391088733e-06
3.29729391088733e-06,3.29729391088733e-06,3.29729391088733e-06,3.29729391088733e-06,3.29729391088733e-06,3.29729391088733e-06,3.29729391088733e-06,3.29729391088733e-06,3.29729391088733e-06,3.29729391088733e-06,3.29729391088733e-06,3.29729391088733e-06,3.29729391088733e-06,3.29729391088733e-06,3.29729391088733e-06,3.29729391088733e-06,3.29729391088733e-06,3.29729391088733e-06,3.29729391088733e-06,3.29729391088733e-06,3.62702330197607e-05,6.9243172128634e-05,3.62702330197607e-05,3.62702330197607e-05,3.62702330197607e-05,3.62702330197607e-05,3.62702330197607e-05,3.62702330197607e-05,3.62702330197607e-05,3.62702330197607e-05,3.29729391088733e-06,3.29729391088733e-06,3.62702330197607e-05,6.9243172128634e-05,3.29729391088733e-06,3.62702330197607e-05,3.29729391088733e-06,3.29729391088733e-06,3.29729391088733e-06,3.62702330197607e-05,3.29729391088733e-06,3.62702330197607e-05,3.29729391088733e-06,3.29729391088733e-06,3.29729391088733e-06,3.29729391088733e-06,3.29729391088733e-06,3.29729391088733e-06,3.29729391088733e-06,3.29729391088733e-06,3.29729391088733e-06,3.29729391088733e-06,3.29729391088733e-06,3.29729391088733e-06,3.29729391088733e-06,3.29729391088733e-06,3.29729391088733e-06,3.29729391088733e-06,3.29729391088733e-06,3.29729391088733e-06,3.29729391088733e-06,3.29729391088733e-06,3.29729391088733e-06,3.29729391088733e-06,3.29729391088733e-06,3.29729391088733e-06,3.29729391088733e-06,3.29729391088733e-06,3.29729391088733e-06,3.29729391088733e-06,3.29729391088733e-06,3.29729391088733e-06,3.29729391088733e-06,3.29729391088733e-06,3.29729391088733e-06,3.29729391088733e-06,3.29729391088733e-06,3.29729391088733e-06,3.29729391088733e-06,3.29729391088733e-06,3.29729391088733e-06,3.29729391088733e-06,3.29729391088733e-06,3.29729391088733e-06,3.29729391088733e-06,3.29729391088733e-06,3.29729391088733e-06,3.29729391088733e-06,3.29729391088733e-06,3.29729391088733e-06,3.29729391088733e-06,3.29729391088733e-06,3.29729391088733e-06,3.29729391088733e-06,3.29729391088733e-06,3.29729391088733e-06,3.29729391088733e-06,3.29729391088733e-06,3.29729391088733e-06,3.29729391088733e-06
3.29729391088733e-06,3.29729391088733e-06,3.29729391088733e-06,3.29729391088733e-06,3.29729391088733e-06,3.29729391088733e-06,3.29729391088733e-06,3.29729391088733e-06,3.29729391088733e-06,3.29729391088733e-06,3.29729391088733e-06,3.29729391088733e-06,3.29729391088733e-06,3.29729391088733e-06,3.29729391088733e-06,3.29729391088733e-06,3.29729391088733e-06,3.29729391088733e-06,3.29729391088733e-06,3.29729391088733e-06,3.29729391088733e-06,3.29729391088733e-06,3.62702330197607e-05,3.62702330197607e-05,3.62702330197607e-05,3.62702330197607e-05,3.29729391088733e-06,3.29729391088733e-06,3.29729391088733e-06,3.29729391088733e-06,3.62702330197607e-05,3.29729391088733e-06,3.29729391088733e-06,3.29729391088733e-06,6.9243172128634e-05,3.29729391088733e-06,3.29729391088733e-06,3.29729391088733e-06,3.29729391088733e-06,3.62702330197607e-05,3.29729391088733e-06,3.29729391088733e-06,3.29729391088733e-06,3.29729391088733e-06,3.29729391088733e-06,3.29729391088733e-06,3.29729391088733e-06,3.29729391088733e-06,3.29729391088733e-06,3.29729391088733e-06,3.29729391088733e-06,3.29729391088733e-06,3.29729391088733e-06,3.29729391088733e-06,3.29729391088733e-06,3.29729391088733e-06,3.29729391088733e-06,3.29729391088733e-06,3.29729391088733e-06,3.29729391088733e-06,3.29729391088733e-06,3.29729391088733e-06,3.29729391088733e-06,3.29729391088733e-06,3.29729391088733e-06,3.29729391088733e-06,3.29729391088733e-06,3.29729391088733e-06,3.29729391088733e-06,3.29729391088733e-06,3.29729391088733e-06,3.29729391088733e-06,3.29729391088733e-06,3.29729391088733e-06,3.29729391088733e-06,3.29729391088733e-06,3.29729391088733e-06,3.29729391088733e-06,3.29729391088733e-06,3.29729391088733e-06,3.29729391088733e-06,3.29729391088733e-06,3.29729391088733e-06,3.29729391088733e-06,3.29729391088733e-06,3.29729391088733e-06,3.29729391088733e-06,3.29729391088733e-06,3.29729391088733e-06,3.29729391088733e-06,3.29729391088733e-06,3.29729391088733e-06,3.29729391088733e-06,3.29729391088733e-06,3.29729391088733e-06,3.29729391088733e-06,3.29729391088733e-06,3.29729391088733e-06,3.29729391088733e-06,3.29729391088733e-06
3.29729391088733e-06,3.29729391088733e-06,3.29729391088733e-06,3.29729391088733e-06,3.29729391088733e-06,3.29729391088733e-06,3.29729391088733e-06,3.29729391088733e-06,3.29729391088733e-06,3.29729391088733e-06,3.29729391088733e-06,3.29729391088733e-06,3.29729391088733e-06,3.29729391088733e-06,3.29729391088733e-06,3.29729391088733e-06,3.29729391088733e-06,3.29729391088733e-06,3.29729391088733e-06,3.29729391088733e-06,3.29729391088733e-06,3.29729391088733e-06,3.29729391088733e-06,3.29729391088733e-06,3.29729391088733e-06,3.29729391088733e-06,3.29729391088733e-06,3.29729391088733e-06,3.29729391088733e-06,3.29729391088733e-06,3.29729391088733e-06,3.29729391088733e-06,3.29729391088733e-06,3.29729391088733e-06,3.29729391088733e-06,6.9243172128634e-05,6.9243172128634e-05,3.62702330197607e-05,3.29729391088733e-06,3.29729391088733e-06,3.29729391088733e-06,3.29729391088733e-06,3.62702330197607e-05,3.29729391088733e-06,3.29729391088733e-06,3.62702330197607e-05,3.29729391088733e-06,3.29729391088733e-06,3.29729391088733e-06,3.29729391088733e-06,3.29729391088733e-06,3.29729391088733e-06,3.29729391088733e-06,3.29729391088733e-06,3.29729391088733e-06,3.29729391088733e-06,3.29729391088733e-06,3.29729391088733e-06,3.29729391088733e-06,3.29729391088733e-06,3.29729391088733e-06,3.29729391088733e-06,3.29729391088733e-06,3.29729391088733e-06,3.29729391088733e-06,3.29729391088733e-06,3.29729391088733e-06,3.29729391088733e-06,3.29729391088733e-06,3.29729391088733e-06,3.29729391088733e-06,3.29729391088733e-06,3.29729391088733e-06,3.29729391088733e-06,3.29729391088733e-06,3.29729391088733e-06,3.29729391088733e-06,3.29729391088733e-06,3.29729391088733e-06,3.29729391088733e-06,3.29729391088733e-06,3.29729391088733e-06,3.29729391088733e-06,3.29729391088733e-06,3.29729391088733e-06,3.29729391088733e-06,3.29729391088733e-06,3.29729391088733e-06,3.29729391088733e-06,3.29729391088733e-06,3.29729391088733e-06,3.29729391088733e-06,3.29729391088733e-06,3.29729391088733e-06,3.29729391088733e-06,3.29729391088733e-06,3.29729391088733e-06,3.29729391088733e-06,3.29729391088733e-06,3.29729391088733e-06
6.9243172128634e-05,6.9243172128634e-05,6.9243172128634e-05,6.9243172128634e-05,6.9243172128634e-05,6.9243172128634e-05,6.9243172128634e-05,6.9243172128634e-05,6.9243172128634e-05,6.9243172128634e-05,6.9243172128634e-05,6.9243172128634e-05,6.9243172128634e-05,6.9243172128634e-05,6.9243172128634e-05,6.9243172128634e-05,6.9243172128634e-05,6.9243172128634e-05,6.9243172128634e-05,3.62702330197607e-05,3.62702330197607e-05,3.62702330197607e-05,3.62702330197607e-05,3.29729391088733e-06,3.29729391088733e-06,3.29729391088733e-06,3.62702330197607e-05,3.62702330197607e-05,3.29729391088733e-06,3.29729391088733e-06,3.29729391088733e-06,3.62702330197607e-05,3.29729391088733e-06,3.29729391088733e-06,3.29729391088733e-06,3.29729391088733e-06,3.62702330197607e-05,3.29729391088733e-06,3.29729391088733e-06,3.29729391088733e-06,6.9243172128634e-05,3.29729391088733e-06,3.29729391088733e-06,3.29729391088733e-06,3.29729391088733e-06,3.29729391088733e-06,3.29729391088733e-06,3.29729391088733e-06,3.29729391088733e-06,3.29729391088733e-06,3.29729391088733e-06,3.29729391088733e-06,3.29729391088733e-06,3.29729391088733e-06,3.29729391088733e-06,3.29729391088733e-06,3.29729391088733e-06,3.29729391088733e-06,3.29729391088733e-06,3.29729391088733e-06,3.29729391088733e-06,3.29729391088733e-06,3.29729391088733e-06,3.29729391088733e-06,3.29729391088733e-06,3.29729391088733e-06,3.29729391088733e-06,3.29729391088733e-06,3.29729391088733e-06,3.29729391088733e-06,3.29729391088733e-06,3.29729391088733e-06,3.29729391088733e-06,3.29729391088733e-06,3.29729391088733e-06,3.29729391088733e-06,3.29729391088733e-06,3.29729391088733e-06,3.29729391088733e-06,3.29729391088733e-06,3.29729391088733e-06,3.29729391088733e-06,3.29729391088733e-06,3.29729391088733e-06,3.29729391088733e-06,3.29729391088733e-06,3.29729391088733e-06,3.29729391088733e-06,3.29729391088733e-06,3.29729391088733e-06,3.29729391088733e-06,3.29729391088733e-06,3.29729391088733e-06,3.29729391088733e-06,3.29729391088733e-06,3.29729391088733e-06,3.29729391088733e-06,3.29729391088733e-06,3.29729391088733e-06,3.29729391088733e-06
3.29729391088733e-06,3.29729391088733e-06,3.29729391088733e-06,3.29729391088733e-06,3.29729391088733e-06,3.29729391088733e-06,3.29729391088733e-06,3.29729391088733e-06,3.29729391088733e-06,3.29729391088733e-06,3.29729391088733e-06,3.29729391088733e-06,3.29729391088733e-06,3.29729391088733e-06,3.29729391088733e-06,3.29729391088733e-06,3.29729391088733e-06,3.29729391088733e-06,3.29729391088733e-06,3.62702330197607e-05,3.29729391088733e-06,3.29729391088733e-06,3.29729391088733e-06,3.62702330197607e-05,3.29729391088733e-06,3.29729391088733e-06,3.29729391088733e-06,3.29729391088733e-06,3.62702330197607e-05,3.29729391088733e-06,3.29729391088733e-06,3.29729391088733e-06,3.29729391088733e-06,3.29729391088733e-06,3.29729391088733e-06,3.29729391088733e-06,3.29729391088733e-06,3.62702330197607e-05,3.62702330197607e-05,3.29729391088733e-06,3.29729391088733e-06,3.29729391088733e-06,3.29729391088733e-06,3.29729391088733e-06,3.29729391088733e-06,3.29729391088733e-06,3.29729391088733e-06,3.29729391088733e-06,3.29729391088733e-06,3.29729391088733e-06,3.29729391088733e-06,3.29729391088733e-06,3.29729391088733e-06,3.29729391088733e-06,3.29729391088733e-06,3.29729391088733e-06,3.29729391088733e-06,3.29729391088733e-06,3.29729391088733e-06,3.29729391088733e-06,3.29729391088733e-06,3.29729391088733e-06,3.29729391088733e-06,3.29729391088733e-06,3.29729391088733e-06,3.29729391088733e-06,3.29729391088733e-06,3.29729391088733e-06,3.29729391088733e-06,3.29729391088733e-06,3.29729391088733e-06,3.29729391088733e-06,3.29729391088733e-06,3.29729391088733e-06,3.29729391088733e-06,3.29729391088733e-06,3.29729391088733e-06,3.29729391088733e-06,3.29729391088733e-06,3.29729391088733e-06,3.29729391088733e-06,3.29729391088733e-06,3.29729391088733e-06,3.29729391088733e-06,3.29729391088733e-06,3.29729391088733e-06,3.29729391088733e-06,3.29729391088733e-06,3.29729391088733e-06,3.29729391088733e-06,3.29729391088733e-06,3.29729391088733e-06,3.29729391088733e-06,3.29729391088733e-06,3.29729391088733e-06,3.29729391088733e-06,3.29729391088733e-06,3.29729391088733e-06,3.29729391088733e-06,3.29729391088733e-06
3.29729391088733e-06,3.29729391088733e-06,3.29729391088733e-06,3.29729391088733e-06,3.29729391088733e-06,3.29729391088733e-06,3.29729391088733e-06,3.29729391088733e-06,3.29729391088733e-06,3.29729391088733e-06,3.29729391088733e-06,3.29729391088733e-06,3.29729391088733e-06,3.29729391088733e-06,3.29729391088733e-06,3.29729391088733e-06,3.29729391088733e-06,3.29729391088733e-06,3.29729391088733e-06,3.29729391088733e-06,3.62702330197607e-05,3.62702330197607e-05,3.62702330197607e-05,3.62702330197607e-05,6.9243172128634e-05,6.9243172128634e-05,6.9243172128634e-05,3.62702330197607e-05,3.62702330197607e-05,6.9243172128634e-05,3.62702330197607e-05,3.62702330197607e-05,3.62702330197607e-05,3.62702330197607e-05,3.62702330197607e-05,3.62702330197607e-05,3.29729391088733e-06,3.29729391088733e-06,3.29729391088733e-06,3.62702330197607e-05,3.29729391088733e-06,6.9243172128634e-05,3.29729391088733e-06,3.29729391088733e-06,3.29729391088733e-06,3.29729391088733e-06,3.29729391088733e-06,3.29729391088733e-06,3.29729391088733e-06,3.29729391088733e-06,3.29729391088733e-06,3.29729391088733e-06,3.29729391088733e-06,3.29729391088733e-06,3.29729391088733e-06,3.29729391088733e-06,3.29729391088733e-06,3.29729391088733e-06,3.29729391088733e-06,3.29729391088733e-06,3.29729391088733e-06,3.29729391088733e-06,3.29729391088733e-06,3.29729391088733e-06,3.29729391088733e-06,3.29729391088733e-06,3.29729391088733e-06,3.29729391088733e-06,3.29729391088733e-06,3.29729391088733e-06,3.29729391088733e-06,3.29729391088733e-06,3.29729391088733e-06,3.29729391088733e-06,3.29729391088733e-06,3.29729391088733e-06,3.29729391088733e-06,3.29729391088733e-06,3.29729391088733e-06,3.29729391088733e-06,3.29729391088733e-06,3.29729391088733e-06,3.29729391088733e-06,3.29729391088733e-06,3.29729391088733e-06,3.29729391088733e-06,3.29729391088733e-06,3.29729391088733e-06,3.29729391088733e-06,3.29729391088733e-06,3.29729391088733e-06,3.29729391088733e-06,3.29729391088733e-06,3.29729391088733e-06,3.29729391088733e-06,3.29729391088733e-06,3.29729391088733e-06,3.29729391088733e-06,3.29729391088733e-06,3.29729391088733e-06
3.29729391088733e-06,3.29729391088733e-06,3.29729391088733e-06,3.29729391088733e-06,3.29729391088733e-06,3.29729391088733e-06,3.29729391088733e-06,3.29729391088733e-06,3.29729391088733e-06,3.29729391088733e-06,3.29729391088733e-06,3.29729391088733e-06,3.29729391088733e-06,3.29729391088733e-06,3.29729391088733e-06,3.29729391088733e-06,3.29729391088733e-06,3.29729391088733e-06,3.29729391088733e-06,3.29729391088733e-06,3.29729391088733e-06,3.29729391088733e-06,3.29729391088733e-06,3.29729391088733e-06,3.29729391088733e-06,3.29729391088733e-06,3.29729391088733e-06,3.62702330197607e-05,3.62702330197607e-05,3.62702330197607e-05,6.9243172128634e-05,3.29729391088733e-06,3.29729391088733e-06,3.29729391088733e-06,3.29729391088733e-06,3.29729391088733e-06,3.29729391088733e-06,3.62702330197607e-05,3.62702330197607e-05,3.29729391088733e-06,3.29729391088733e-06,3.29729391088733e-06,3.29729391088733e-06,3.62702330197607e-05,3.29729391088733e-06,3.29729391088733e-06,3.29729391088733e-06,3.29729391088733e-06,3.29729391088733e-06,3.29729391088733e-06,3.29729391088733e-06,3.29729391088733e-06,3.29729391088733e-06,3.29729391088733e-06,3.29729391088733e-06,3.29729391088733e-06,3.29729391088733e-06,3.29729391088733e-06,3.29729391088733e-06,3.29729391088733e-06,3.29729391088733e-06,3.29729391088733e-06,3.29729391088733e-06,3.29729391088733e-06,3.29729391088733e-06,3.29729391088733e-06,3.29729391088733e-06,3.29729391088733e-06,3.29729391088733e-06,3.29729391088733e-06,3.29729391088733e-06,3.29729391088733e-06,3.29729391088733e-06,3.29729391088733e-06,3.29729391088733e-06,3.29729391088733e-06,3.29729391088733e-06,3.29729391088733e-06,3.29729391088733e-06,3.29729391088733e-06,3.29729391088733e-06,3.29729391088733e-06,3.29729391088733e-06,3.29729391088733e-06,3.29729391088733e-06,3.29729391088733e-06,3.29729391088733e-06,3.29729391088733e-06,3.29729391088733e-06,3.29729391088733e-06,3.29729391088733e-06,3.29729391088733e-06,3.29729391088733e-06,3.29729391088733e-06,3.29729391088733e-06,3.29729391088733e-06,3.29729391088733e-06,3.29729391088733e-06,3.29729391088733e-06,3.29729391088733e-06
3.29729391088733e-06,3.29729391088733e-06,3.29729391088733e-06,3.29729391088733e-06,3.29729391088733e-06,3.29729391088733e-06,3.29729391088733e-06,3.29729391088733e-06,3.29729391088733e-06,3.29729391088733e-06,3.29729391088733e-06,3.29729391088733e-06,3.29729391088733e-06,3.29729391088733e-06,3.29729391088733e-06,3.29729391088733e-06,3.29729391088733e-06,3.29729391088733e-06,3.29729391088733e-06,3.29729391088733e-06,3.29729391088733e-06,3.29729391088733e-06,3.29729391088733e-06,3.29729391088733e-06,3.29729391088733e-06,3.29729391088733e-06,3.29729391088733e-06,3.29729391088733e-06,3.29729391088733e-06,3.29729391088733e-06,3.29729391088733e-06,6.9243172128634e-05,3.62702330197607e-05,3.29729391088733e-06,3.29729391088733e-06,3.29729391088733e-06,3.62702330197607e-05,3.62702330197607e-05,3.62702330197607e-05,3.29729391088733e-06,3.62702330197607e-05,3.29729391088733e-06,3.62702330197607e-05,3.29729391088733e-06,3.29729391088733e-06,3.29729391088733e-06,3.29729391088733e-06,3.29729391088733e-06,3.29729391088733e-06,3.29729391088733e-06,3.29729391088733e-06,3.29729391088733e-06,3.29729391088733e-06,3.29729391088733e-06,3.29729391088733e-06,3.29729391088733e-06,3.29729391088733e-06,3.29729391088733e-06,3.29729391088733e-06,3.29729391088733e-06,3.29729391088733e-06,3.29729391088733e-06,3.29729391088733e-06,3.29729391088733e-06,3.29729391088733e-06,3.29729391088733e-06,3.29729391088733e-06,3.29729391088733e-06,3.29729391088733e-06,3.29729391088733e-06,3.29729391088733e-06,3.29729391088733e-06,3.29729391088733e-06,3.29729391088733e-06,3.29729391088733e-06,3.29729391088733e-06,3.29729391088733e-06,3.29729391088733e-06,3.29729391088733e-06,3.29729391088733e-06,3.29729391088733e-06,3.29729391088733e-06,3.29729391088733e-06,3.29729391088733e-06,3.29729391088733e-06,3.29729391088733e-06,3.29729391088733e-06,3.29729391088733e-06,3.29729391088733e-06,3.29729391088733e-06,3.29729391088733e-06,3.29729391088733e-06,3.29729391088733e-06,3.29729391088733e-06,3.29729391088733e-06,3.29729391088733e-06,3.29729391088733e-06,3.29729391088733e-06,3.29729391088733e-06,3.29729391088733e-06
3.29729391088733e-06,3.29729391088733e-06,3.29729391088733e-06,3.29729391088733e-06,3.29729391088733e-06,3.29729391088733e-06,3.29729391088733e-06,3.29729391088733e-06,3.29729391088733e-06,3.29729391088733e-06,3.29729391088733e-06,3.29729391088733e-06,3.29729391088733e-06,3.29729391088733e-06,3.29729391088733e-06,3.29729391088733e-06,3.29729391088733e-06,3.29729391088733e-06,3.29729391088733e-06,3.29729391088733e-06,3.29729391088733e-06,3.29729391088733e-06,3.29729391088733e-06,3.29729391088733e-06,3.29729391088733e-06,3.29729391088733e-06,3.29729391088733e-06,3.29729391088733e-06,3.29729391088733e-06,3.29729391088733e-06,3.29729391088733e-06,3.29729391088733e-06,3.29729391088733e-06,3.62702330197607e-05,3.29729391088733e-06,3.29729391088733e-06,3.29729391088733e-06,3.29729391088733e-06,3.62702330197607e-05,3.29729391088733e-06,3.29729391088733e-06,3.29729391088733e-06,3.29729391088733e-06,3.62702330197607e-05,3.62702330197607e-05,3.29729391088733e-06,3.29729391088733e-06,3.29729391088733e-06,3.29729391088733e-06,3.29729391088733e-06,3.29729391088733e-06,3.29729391088733e-06,3.29729391088733e-06,3.29729391088733e-06,3.29729391088733e-06,3.29729391088733e-06,3.29729391088733e-06,3.29729391088733e-06,3.29729391088733e-06,3.29729391088733e-06,3.29729391088733e-06,3.29729391088733e-06,3.29729391088733e-06,3.29729391088733e-06,3.29729391088733e-06,3.29729391088733e-06,3.29729391088733e-06,3.29729391088733e-06,3.29729391088733e-06,3.29729391088733e-06,3.29729391088733e-06,3.29729391088733e-06,3.29729391088733e-06,3.29729391088733e-06,3.29729391088733e-06,3.29729391088733e-06,3.29729391088733e-06,3.29729391088733e-06,3.29729391088733e-06,3.29729391088733e-06,3.29729391088733e-06,3.29729391088733e-06,3.29729391088733e-06,3.29729391088733e-06,3.29729391088733e-06,3.29729391088733e-06,3.29729391088733e-06,3.29729391088733e-06,3.29729391088733e-06,3.29729391088733e-06,3.29729391088733e-06,3.29729391088733e-06,3.29729391088733e-06,3.29729391088733e-06,3.29729391088733e-06,3.29729391088733e-06,3.29729391088733e-06,3.29729391088733e-06,3.29729391088733e-06,3.29729391088733e-06
3.29729391088733e-06,3.29729391088733e-06,3.29729391088733e-06,3.29729391088733e-06,3.29729391088733e-06,3.29729391088733e-06,3.29729391088733e-06,3.29729391088733e-06,3.29729391088733e-06,3.29729391088733e-06,3.29729391088733e-06,3.29729391088733e-06,3.29729391088733e-06,3.29729391088733e-06,3.29729391088733e-06,3.29729391088733e-06,3.29729391088733e-06,3.29729391088733e-06,3.29729391088733e-06,3.29729391088733e-06,3.29729391088733e-06,3.29729391088733e-06,3.29729391088733e-06,3.29729391088733e-06,3.29729391088733e-06,3.29729391088733e-06,3.29729391088733e-06,3.29729391088733e-06,3.29729391088733e-06,3.29729391088733e-06,3.29729391088733e-06,3.29729391088733e-06,6.9243172128634e-05,3.29729391088733e-06,3.62702330197607e-05,3.62702330197607e-05,3.29729391088733e-06,3.29729391088733e-06,3.29729391088733e-06,3.62702330197607e-05,3.29729391088733e-06,3.29729391088733e-06,3.62702330197607e-05,3.29729391088733e-06,3.29729391088733e-06,3.29729391088733e-06,3.62702330197607e-05,3.29729391088733e-06,3.29729391088733e-06,3.29729391088733e-06,3.29729391088733e-06,3.29729391088733e-06,3.29729391088733e-06,3.29729391088733e-06,3.29729391088733e-06,3.29729391088733e-06,3.29729391088733e-06,3.29729391088733e-06,3.29729391088733e-06,3.29729391088733e-06,3.29729391088733e-06,3.29729391088733e-06,3.29729391088733e-06,3.29729391088733e-06,3.29729391088733e-06,3.29729391088733e-06,3.29729391088733e-06,3.29729391088733e-06,3.29729391088733e-06,3.29729391088733e-06,3.29729391088733e-06,3.29729391088733e-06,3.29729391088733e-06,3.29729391088733e-06,3.29729391088733e-06,3.29729391088733e-06,3.29729391088733e-06,3.29729391088733e-06,3.29729391088733e-06,3.29729391088733e-06,3.29729391088733e-06,3.29729391088733e-06,3.29729391088733e-06,3.29729391088733e-06,3.29729391088733e-06,3.29729391088733e-06,3.29729391088733e-06,3.29729391088733e-06,3.29729391088733e-06,3.29729391088733e-06,3.29729391088733e-06,3.29729391088733e-06,3.29729391088733e-06,3.29729391088733e-06,3.29729391088733e-06,3.29729391088733e-06,3.29729391088733e-06,3.29729391088733e-06,3.29729391088733e-06,3.29729391088733e-06
3.29729391088733e-06,3.29729391088733e-06,3.29729391088733e-06,3.29729391088733e-06,3.29729391088733e-06,3.29729391088733e-06,3.29729391088733e-06,3.29729391088733e-06,3.29729391088733e-06,3.29729391088733e-06,3.29729391088733e-06,3.29729391088733e-06,3.29729391088733e-06,3.29729391088733e-06,3.29729391088733e-06,3.29729391088733e-06,3.29729391088733e-06,3.29729391088733e-06,3.29729391088733e-06,3.29729391088733e-06,3.29729391088733e-06,3.29729391088733e-06,3.29729391088733e-06,3.29729391088733e-06,3.29729391088733e-06,3.29729391088733e-06,3.29729391088733e-06,3.29729391088733e-06,3.29729391088733e-06,3.29729391088733e-06,3.29729391088733e-06,3.29729391088733e-06,3.29729391088733e-06,6.9243172128634e-05,6.9243172128634e-05,3.62702330197607e-05,3.29729391088733e-06,3.29729391088733e-06,3.29729391088733e-06,3.62702330197607e-05,3.62702330197607e-05,3.29729391088733e-06,3.29729391088733e-06,3.29729391088733e-06,3.29729391088733e-06,3.62702330197607e-05,3.29729391088733e-06,3.29729391088733e-06,3.29729391088733e-06,3.29729391088733e-06,3.29729391088733e-06,3.29729391088733e-06,3.29729391088733e-06,3.29729391088733e-06,3.29729391088733e-06,3.29729391088733e-06,3.29729391088733e-06,3.29729391088733e-06,3.29729391088733e-06,3.29729391088733e-06,3.29729391088733e-06,3.29729391088733e-06,3.29729391088733e-06,3.29729391088733e-06,3.29729391088733e-06,3.29729391088733e-06,3.29729391088733e-06,3.29729391088733e-06,3.29729391088733e-06,3.29729391088733e-06,3.29729391088733e-06,3.29729391088733e-06,3.29729391088733e-06,3.29729391088733e-06,3.29729391088733e-06,3.29729391088733e-06,3.29729391088733e-06,3.29729391088733e-06,3.29729391088733e-06,3.29729391088733e-06,3.29729391088733e-06,3.29729391088733e-06,3.29729391088733e-06,3.29729391088733e-06,3.29729391088733e-06,3.29729391088733e-06,3.29729391088733e-06,3.29729391088733e-06,3.29729391088733e-06,3.29729391088733e-06,3.29729391088733e-06,3.29729391088733e-06,3.29729391088733e-06,3.29729391088733e-06,3.29729391088733e-06,3.29729391088733e-06,3.29729391088733e-06,3.29729391088733e-06,3.29729391088733e-06,3.29729391088733e-06
3.62702330197607e-05,3.62702330197607e-05,3.62702330197607e-05,3.62702330197607e-05,3.62702330197607e-05,3.62702330197607e-05,3.62702330197607e-05,3.62702330197607e-05,3.62702330197607e-05,3.62702330197607e-05,3.62702330197607e-05,3.62702330197607e-05,3.62702330197607e-05,3.62702330197607e-05,3.62702330197607e-05,3.62702330197607e-05,3.62702330197607e-05,3.62702330197607e-05,3.62702330197607e-05,3.62702330197607e-05,3.62702330197607e-05,3.62702330197607e-05,3.62702330197607e-05,3.62702330197607e-05,3.62702330197607e-05,3.62702330197607e-05,3.62702330197607e-05,3.29729391088733e-06,3.29729391088733e-06,3.29729391088733e-06,3.29729391088733e-06,3.29729391088733e-06,3.29729391088733e-06,3.29729391088733e-06,3.29729391088733e-06,3.62702330197607e-05,6.9243172128634e-05,3.29729391088733e-06,3.29729391088733e-06,3.29729391088733e-06,3.62702330197607e-05,3.62702330197607e-05,3.29729391088733e-06,3.29729391088733e-06,3.62702330197607e-05,3.29729391088733e-06,3.29729391088733e-06,3.29729391088733e-06,3.29729391088733e-06,3.29729391088733e-06,3.29729391088733e-06,3.29729391088733e-06,3.29729391088733e-06,3.29729391088733e-06,3.29729391088733e-06,3.29729391088733e-06,3.29729391088733e-06,3.29729391088733e-06,3.29729391088733e-06,3.29729391088733e-06,3.29729391088733e-06,3.29729391088733e-06,3.29729391088733e-06,3.29729391088733e-06,3.29729391088733e-06,3.29729391088733e-06,3.29729391088733e-06,3.29729391088733e-06,3.29729391088733e-06,3.29729391088733e-06,3.29729391088733e-06,3.29729391088733e-06,3.29729391088733e-06,3.29729391088733e-06,3.29729391088733e-06,3.29729391088733e-06,3.29729391088733e-06,3.29729391088733e-06,3.29729391088733e-06,3.29729391088733e-06,3.29729391088733e-06,3.29729391088733e-06,3.29729391088733e-06,3.29729391088733e-06,3.29729391088733e-06,3.29729391088733e-06,3.29729391088733e-06,3.29729391088733e-06,3.29729391088733e-06,3.29729391088733e-06,3.29729391088733e-06,3.29729391088733e-06,3.29729391088733e-06,3.29729391088733e-06,3.29729391088733e-06,3.29729391088733e-06,3.29729391088733e-06,3.29729391088733e-06,3.29729391088733e-06,3.29729391088733e-06
3.62702330197607e-05,3.62702330197607e-05,3.62702330197607e-05,3.62702330197607e-05,3.62702330197607e-05,3.62702330197607e-05,3.62702330197607e-05,3.62702330197607e-05,3.62702330197607e-05,3.62702330197607e-05,3.62702330197607e-05,3.62702330197607e-05,3.62702330197607e-05,3.29729391088733e-06,3.29729391088733e-06,3.29729391088733e-06,3.29729391088733e-06,3.29729391088733e-06,3.29729391088733e-06,3.29729391088733e-06,3.29729391088733e-06,3.29729391088733e-06,3.29729391088733e-06,3.29729391088733e-06,3.29729391088733e-06,3.29729391088733e-06,3.29729391088733e-06,3.62702330197607e-05,3.29729391088733e-06,3.29729391088733e-06,3.29729391088733e-06,3.29729391088733e-06,3.29729391088733e-06,3.29729391088733e-06,3.29729391088733e-06,3.29729391088733e-06,3.62702330197607e-05,0.000102216111237507,3.62702330197607e-05,3.62702330197607e-05,3.62702330197607e-05,6.9243172128634e-05,3.62702330197607e-05,3.62702330197607e-05,3.29729391088733e-06,3.29729391088733e-06,3.62702330197607e-05,3.62702330197607e-05,3.29729391088733e-06,3.29729391088733e-06,3.29729391088733e-06,3.29729391088733e-06,3.29729391088733e-06,3.29729391088733e-06,3.29729391088733e-06,3.29729391088733e-06,3.29729391088733e-06,3.29729391088733e-06,3.29729391088733e-06,3.29729391088733e-06,3.29729391088733e-06,3.29729391088733e-06,3.29729391088733e-06,3.29729391088733e-06,3.29729391088733e-06,3.29729391088733e-06,3.29729391088733e-06,3.29729391088733e-06,3.29729391088733e-06,3.29729391088733e-06,3.29729391088733e-06,3.29729391088733e-06,3.29729391088733e-06,3.29729391088733e-06,3.29729391088733e-06,3.29729391088733e-06,3.29729391088733e-06,3.29729391088733e-06,3.29729391088733e-06,3.29729391088733e-06,3.29729391088733e-06,3.29729391088733e-06,3.29729391088733e-06,3.29729391088733e-06,3.29729391088733e-06,3.29729391088733e-06,3.29729391088733e-06,3.29729391088733e-06,3.29729391088733e-06,3.29729391088733e-06,3.29729391088733e-06,3.29729391088733e-06,3.29729391088733e-06,3.29729391088733e-06,3.29729391088733e-06,3.29729391088733e-06,3.29729391088733e-06,3.29729391088733e-06,3.29729391088733e-06,3.29729391088733e-06
3.62702330197607e-05,3.62702330197607e-05,3.62702330197607e-05,3.62702330197607e-05,3.62702330197607e-05,3.62702330197607e-05,3.62702330197607e-05,3.62702330197607e-05,3.62702330197607e-05,3.62702330197607e-05,3.62702330197607e-05,3.62702330197607e-05,3.62702330197607e-05,6.9243172128634e-05,6.9243172128634e-05,6.9243172128634e-05,6.9243172128634e-05,3.62702330197607e-05,3.62702330197607e-05,3.62702330197607e-05,3.62702330197607e-05,3.62702330197607e-05,3.62702330197607e-05,3.29729391088733e-06,3.29729391088733e-06,3.29729391088733e-06,3.29729391088733e-06,3.29729391088733e-06,3.62702330197607e-05,3.29729391088733e-06,3.29729391088733e-06,3.29729391088733e-06,3.29729391088733e-06,3.29729391088733e-06,3.29729391088733e-06,3.29729391088733e-06,3.29729391088733e-06,3.29729391088733e-06,3.29729391088733e-06,3.62702330197607e-05,3.62702330197607e-05,3.29729391088733e-06,3.29729391088733e-06,3.29729391088733e-06,3.29729391088733e-06,3.29729391088733e-06,3.29729391088733e-06,3.29729391088733e-06,3.29729391088733e-06,3.29729391088733e-06,3.29729391088733e-06,3.29729391088733e-06,3.29729391088733e-06,3.29729391088733e-06,3.29729391088733e-06,3.29729391088733e-06,3.29729391088733e-06,3.29729391088733e-06,3.29729391088733e-06,3.29729391088733e-06,3.29729391088733e-06,3.29729391088733e-06,3.29729391088733e-06,3.29729391088733e-06,3.29729391088733e-06,3.29729391088733e-06,3.29729391088733e-06,3.29729391088733e-06,3.29729391088733e-06,3.29729391088733e-06,3.29729391088733e-06,3.29729391088733e-06,3.29729391088733e-06,3.29729391088733e-06,3.29729391088733e-06,3.29729391088733e-06,3.29729391088733e-06,3.29729391088733e-06,3.29729391088733e-06,3.29729391088733e-06,3.29729391088733e-06,3.29729391088733e-06,3.29729391088733e-06,3.29729391088733e-06,3.29729391088733e-06,3.29729391088733e-06,3.29729391088733e-06,3.29729391088733e-06,3.29729391088733e-06,3.29729391088733e-06,3.29729391088733e-06,3.29729391088733e-06,3.29729391088733e-06,3.29729391088733e-06,3.29729391088733e-06,3.29729391088733e-06,3.29729391088733e-06,3.29729391088733e-06,3.29729391088733e-06,3.29729391088733e-06
3.29729391088733e-06,3.29729391088733e-06,3.29729391088733e-06,3.29729391088733e-06,3.29729391088733e-06,3.29729391088733e-06,3.29729391088733e-06,3.29729391088733e-06,3.29729391088733e-06,3.29729391088733e-06,3.29729391088733e-06,3.29729391088733e-06,3.29729391088733e-06,3.29729391088733e-06,3.29729391088733e-06,3.29729391088733e-06,3.29729391088733e-06,3.62702330197607e-05,3.62702330197607e-05,3.62702330197607e-05,3.62702330197607e-05,3.62702330197607e-05,3.62702330197607e-05,3.62702330197607e-05,3.62702330197607e-05,3.29729391088733e-06,3.29729391088733e-06,3.29729391088733e-06,3.29729391088733e-06,3.62702330197607e-05,3.29729391088733e-06,3.29729391088733e-06,3.29729391088733e-06,3.29729391088733e-06,3.29729391088733e-06,3.29729391088733e-06,3.29729391088733e-06,3.29729391088733e-06,6.9243172128634e-05,3.62702330197607e-05,3.29729391088733e-06,3.62702330197607e-05,3.62702330197607e-05,3.62702330197607e-05,3.29729391088733e-06,3.29729391088733e-06,3.29729391088733e-06,3.29729391088733e-06,3.29729391088733e-06,3.29729391088733e-06,3.29729391088733e-06,3.29729391088733e-06,3.29729391088733e-06,3.29729391088733e-06,3.29729391088733e-06,3.29729391088733e-06,3.29729391088733e-06,3.29729391088733e-06,3.29729391088733e-06,3.29729391088733e-06,3.29729391088733e-06,3.29729391088733e-06,3.29729391088733e-06,3.29729391088733e-06,3.29729391088733e-06,3.29729391088733e-06,3.29729391088733e-06,3.29729391088733e-06,3.29729391088733e-06,3.29729391088733e-06,3.29729391088733e-06,3.29729391088733e-06,3.29729391088733e-06,3.29729391088733e-06,3.29729391088733e-06,3.29729391088733e-06,3.29729391088733e-06,3.29729391088733e-06,3.29729391088733e-06,3.29729391088733e-06,3.29729391088733e-06,3.29729391088733e-06,3.29729391088733e-06,3.29729391088733e-06,3.29729391088733e-06,3.29729391088733e-06,3.29729391088733e-06,3.29729391088733e-06,3.29729391088733e-06,3.29729391088733e-06,3.29729391088733e-06,3.29729391088733e-06,3.29729391088733e-06,3.29729391088733e-06,3.29729391088733e-06,3.29729391088733e-06,3.29729391088733e-06,3.29729391088733e-06,3.29729391088733e-06,3.29729391088733e-06
6.9243172128634e-05,6.9243172128634e-05,6.9243172128634e-05,6.9243172128634e-05,6.9243172128634e-05,6.9243172128634e-05,6.9243172128634e-05,6.9243172128634e-05,6.9243172128634e-05,6.9243172128634e-05,6.9243172128634e-05,6.9243172128634e-05,6.9243172128634e-05,6.9243172128634e-05,3.62702330197607e-05,3.62702330197607e-05,3.62702330197607e-05,3.62702330197607e-05,3.62702330197607e-05,3.62702330197607e-05,3.62702330197607e-05,3.62702330197607e-05,3.29729391088733e-06,3.62702330197607e-05,3.62702330197607e-05,6.9243172128634e-05,6.9243172128634e-05,6.9243172128634e-05,3.62702330197607e-05,3.62702330197607e-05,6.9243172128634e-05,3.62702330197607e-05,3.29729391088733e-06,3.29729391088733e-06,3.29729391088733e-06,3.29729391088733e-06,3.29729391088733e-06,3.29729391088733e-06,3.29729391088733e-06,3.29729391088733e-06,3.29729391088733e-06,3.62702330197607e-05,3.62702330197607e-05,3.62702330197607e-05,3.62702330197607e-05,3.29729391088733e-06,3.29729391088733e-06,3.29729391088733e-06,3.29729391088733e-06,3.29729391088733e-06,3.29729391088733e-06,3.29729391088733e-06,3.29729391088733e-06,3.29729391088733e-06,3.29729391088733e-06,3.29729391088733e-06,3.29729391088733e-06,3.29729391088733e-06,3.29729391088733e-06,3.29729391088733e-06,3.29729391088733e-06,3.29729391088733e-06,3.29729391088733e-06,3.29729391088733e-06,3.29729391088733e-06,3.29729391088733e-06,3.29729391088733e-06,3.29729391088733e-06,3.29729391088733e-06,3.29729391088733e-06,3.29729391088733e-06,3.29729391088733e-06,3.29729391088733e-06,3.29729391088733e-06,3.29729391088733e-06,3.29729391088733e-06,3.29729391088733e-06,3.29729391088733e-06,3.29729391088733e-06,3.29729391088733e-06,3.29729391088733e-06,3.29729391088733e-06,3.29729391088733e-06,3.29729391088733e-06,3.29729391088733e-06,3.29729391088733e-06,3.29729391088733e-06,3.29729391088733e-06,3.29729391088733e-06,3.29729391088733e-06,3.29729391088733e-06,3.29729391088733e-06,3.29729391088733e-06,3.29729391088733e-06,3.29729391088733e-06,3.29729391088733e-06,3.29729391088733e-06,3.29729391088733e-06,3.29729391088733e-06,3.29729391088733e-06
0.000102216111237507,0.000102216111237507,0.000102216111237507,0.000102216111237507,0.000102216111237507,0.000102216111237507,0.000102216111237507,0.000102216111237507,0.000102216111237507,0.000102216111237507,0.000102216111237507,0.000102216111237507,0.000102216111237507,0.000102216111237507,0.000135189050346381,0.000135189050346381,0.000135189050346381,0.000135189050346381,3.62702330197607e-05,3.62702330197607e-05,3.62702330197607e-05,3.62702330197607e-05,6.9243172128634e-05,6.9243172128634e-05,6.9243172128634e-05,3.29729391088733e-06,3.29729391088733e-06,3.29729391088733e-06,3.62702330197607e-05,3.62702330197607e-05,3.62702330197607e-05,6.9243172128634e-05,3.62702330197607e-05,3.62702330197607e-05,3.62702330197607e-05,3.29729391088733e-06,3.29729391088733e-06,3.29729391088733e-06,3.29729391088733e-06,3.29729391088733e-06,3.29729391088733e-06,3.29729391088733e-06,3.62702330197607e-05,3.62702330197607e-05,3.29729391088733e-06,3.29729391088733e-06,3.29729391088733e-06,3.29729391088733e-06,3.62702330197607e-05,3.29729391088733e-06,3.29729391088733e-06,3.29729391088733e-06,3.29729391088733e-06,3.29729391088733e-06,3.29729391088733e-06,3.29729391088733e-06,3.29729391088733e-06,3.29729391088733e-06,3.29729391088733e-06,3.29729391088733e-06,3.29729391088733e-06,3.29729391088733e-06,3.29729391088733e-06,3.29729391088733e-06,3.29729391088733e-06,3.29729391088733e-06,3.29729391088733e-06,3.29729391088733e-06,3.29729391088733e-06,3.29729391088733e-06,3.29729391088733e-06,3.29729391088733e-06,3.29729391088733e-06,3.29729391088733e-06,3.29729391088733e-06,3.29729391088733e-06,3.29729391088733e-06,3.29729391088733e-06,3.29729391088733e-06,3.29729391088733e-06,3.29729391088733e-06,3.29729391088733e-06,3.29729391088733e-06,3.29729391088733e-06,3.29729391088733e-06,3.29729391088733e-06,3.29729391088733e-06,3.29729391088733e-06,3.29729391088733e-06,3.29729391088733e-06,3.29729391088733e-06,3.29729391088733e-06,3.29729391088733e-06,3.29729391088733e-06,3.29729391088733e-06,3.29729391088733e-06,3.29729391088733e-06,3.29729391088733e-06,3.29729391088733e-06,3.29729391088733e-06
3.62702330197607e-05,3.62702330197607e-05,3.62702330197607e-05,3.62702330197607e-05,3.62702330197607e-05,3.62702330197607e-05,3.62702330197607e-05,3.62702330197607e-05,3.62702330197607e-05,3.62702330197607e-05,3.62702330197607e-05,3.62702330197607e-05,3.62702330197607e-05,3.62702330197607e-05,3.62702330197607e-05,3.62702330197607e-05,3.62702330197607e-05,3.62702330197607e-05,0.000135189050346381,6.9243172128634e-05,3.62702330197607e-05,3.62702330197607e-05,3.62702330197607e-05,3.62702330197607e-05,3.62702330197607e-05,3.29729391088733e-06,3.29729391088733e-06,3.29729391088733e-06,3.29729391088733e-06,3.29729391088733e-06,3.29729391088733e-06,3.29729391088733e-06,6.9243172128634e-05,3.29729391088733e-06,3.29729391088733e-06,3.62702330197607e-05,3.29729391088733e-06,3.29729391088733e-06,3.29729391088733e-06,3.29729391088733e-06,3.62702330197607e-05,3.29729391088733e-06,3.29729391088733e-06,3.62702330197607e-05,3.29729391088733e-06,3.62702330197607e-05,3.29729391088733e-06,3.62702330197607e-05,3.29729391088733e-06,3.29729391088733e-06,3.29729391088733e-06,3.29729391088733e-06,3.29729391088733e-06,3.29729391088733e-06,3.29729391088733e-06,3.29729391088733e-06,3.29729391088733e-06,3.29729391088733e-06,3.29729391088733e-06,3.29729391088733e-06,3.29729391088733e-06,3.29729391088733e-06,3.29729391088733e-06,3.29729391088733e-06,3.29729391088733e-06,3.29729391088733e-06,3.29729391088733e-06,3.29729391088733e-06,3.29729391088733e-06,3.29729391088733e-06,3.29729391088733e-06,3.29729391088733e-06,3.29729391088733e-06,3.29729391088733e-06,3.29729391088733e-06,3.29729391088733e-06,3.29729391088733e-06,3.29729391088733e-06,3.29729391088733e-06,3.29729391088733e-06,3.29729391088733e-06,3.29729391088733e-06,3.29729391088733e-06,3.29729391088733e-06,3.29729391088733e-06,3.29729391088733e-06,3.29729391088733e-06,3.29729391088733e-06,3.29729391088733e-06,3.29729391088733e-06,3.29729391088733e-06,3.29729391088733e-06,3.29729391088733e-06,3.29729391088733e-06,3.29729391088733e-06,3.29729391088733e-06,3.29729391088733e-06,3.29729391088733e-06,3.29729391088733e-06,3.29729391088733e-06
6.9243172128634e-05,6.9243172128634e-05,6.9243172128634e-05,6.9243172128634e-05,6.9243172128634e-05,6.9243172128634e-05,6.9243172128634e-05,6.9243172128634e-05,6.9243172128634e-05,6.9243172128634e-05,6.9243172128634e-05,3.62702330197607e-05,3.62702330197607e-05,3.29729391088733e-06,3.29729391088733e-06,3.29729391088733e-06,3.29729391088733e-06,3.29729391088733e-06,3.29729391088733e-06,6.9243172128634e-05,0.000102216111237507,0.000102216111237507,0.000102216111237507,0.000102216111237507,0.000102216111237507,0.000201134928564127,0.000168161989455254,0.000135189050346381,0.000102216111237507,3.62702330197607e-05,3.29729391088733e-06,3.29729391088733e-06,3.29729391088733e-06,3.62702330197607e-05,3.62702330197607e-05,3.29729391088733e-06,3.62702330197607e-05,3.29729391088733e-06,3.29729391088733e-06,3.29729391088733e-06,3.29729391088733e-06,3.62702330197607e-05,3.29729391088733e-06,3.29729391088733e-06,0.000102216111237507,3.29729391088733e-06,3.62702330197607e-05,3.29729391088733e-06,3.29729391088733e-06,3.29729391088733e-06,3.29729391088733e-06,3.29729391088733e-06,3.29729391088733e-06,3.29729391088733e-06,3.29729391088733e-06,3.29729391088733e-06,3.29729391088733e-06,3.29729391088733e-06,3.29729391088733e-06,3.29729391088733e-06,3.29729391088733e-06,3.29729391088733e-06,3.29729391088733e-06,3.29729391088733e-06,3.29729391088733e-06,3.29729391088733e-06,3.29729391088733e-06,3.29729391088733e-06,3.29729391088733e-06,3.29729391088733e-06,3.29729391088733e-06,3.29729391088733e-06,3.29729391088733e-06,3.29729391088733e-06,3.29729391088733e-06,3.29729391088733e-06,3.29729391088733e-06,3.29729391088733e-06,3.29729391088733e-06,3.29729391088733e-06,3.29729391088733e-06,3.29729391088733e-06,3.29729391088733e-06,3.29729391088733e-06,3.29729391088733e-06,3.29729391088733e-06,3.29729391088733e-06,3.29729391088733e-06,3.29729391088733e-06,3.29729391088733e-06,3.29729391088733e-06,3.29729391088733e-06,3.29729391088733e-06,3.29729391088733e-06,3.29729391088733e-06,3.29729391088733e-06,3.29729391088733e-06,3.29729391088733e-06,3.29729391088733e-06,3.29729391088733e-06
3.62702330197607e-05,3.62702330197607e-05,3.62702330197607e-05,3.62702330197607e-05,3.62702330197607e-05,3.62702330197607e-05,3.62702330197607e-05,3.62702330197607e-05,3.62702330197607e-05,3.62702330197607e-05,3.62702330197607e-05,6.9243172128634e-05,6.9243172128634e-05,6.9243172128634e-05,6.9243172128634e-05,6.9243172128634e-05,6.9243172128634e-05,6.9243172128634e-05,6.9243172128634e-05,6.9243172128634e-05,3.62702330197607e-05,3.29729391088733e-06,3.29729391088733e-06,3.29729391088733e-06,3.29729391088733e-06,3.29729391088733e-06,3.62702330197607e-05,3.62702330197607e-05,3.62702330197607e-05,6.9243172128634e-05,0.000102216111237507,3.62702330197607e-05,3.29729391088733e-06,3.62702330197607e-05,3.29729391088733e-06,3.62702330197607e-05,3.62702330197607e-05,3.62702330197607e-05,3.62702330197607e-05,3.62702330197607e-05,3.29729391088733e-06,3.29729391088733e-06,3.62702330197607e-05,3.29729391088733e-06,3.62702330197607e-05,3.29729391088733e-06,3.29729391088733e-06,3.29729391088733e-06,3.29729391088733e-06,3.29729391088733e-06,3.29729391088733e-06,3.29729391088733e-06,3.29729391088733e-06,3.29729391088733e-06,3.29729391088733e-06,3.29729391088733e-06,3.29729391088733e-06,3.29729391088733e-06,3.29729391088733e-06,3.29729391088733e-06,3.29729391088733e-06,3.29729391088733e-06,3.29729391088733e-06,3.29729391088733e-06,3.29729391088733e-06,3.29729391088733e-06,3.29729391088733e-06,3.29729391088733e-06,3.29729391088733e-06,3.29729391088733e-06,3.29729391088733e-06,3.29729391088733e-06,3.29729391088733e-06,3.29729391088733e-06,3.29729391088733e-06,3.29729391088733e-06,3.29729391088733e-06,3.29729391088733e-06,3.29729391088733e-06,3.29729391088733e-06,3.29729391088733e-06,3.29729391088733e-06,3.29729391088733e-06,3.29729391088733e-06,3.29729391088733e-06,3.29729391088733e-06,3.29729391088733e-06,3.29729391088733e-06,3.29729391088733e-06,3.29729391088733e-06,3.29729391088733e-06,3.29729391088733e-06,3.29729391088733e-06,3.29729391088733e-06,3.29729391088733e-06,3.29729391088733e-06,3.29729391088733e-06,3.29729391088733e-06,3.29729391088733e-06,3.29729391088733e-06
3.29729391088733e-06,3.29729391088733e-06,3.29729391088733e-06,3.29729391088733e-06,3.29729391088733e-06,3.29729391088733e-06,3.29729391088733e-06,3.29729391088733e-06,3.29729391088733e-06,3.29729391088733e-06,3.29729391088733e-06,3.29729391088733e-06,3.29729391088733e-06,3.62702330197607e-05,3.62702330197607e-05,3.62702330197607e-05,3.62702330197607e-05,3.62702330197607e-05,3.62702330197607e-05,3.62702330197607e-05,6.9243172128634e-05,0.000102216111237507,0.000102216111237507,6.9243172128634e-05,6.9243172128634e-05,6.9243172128634e-05,6.9243172128634e-05,0.000102216111237507,6.9243172128634e-05,0.000102216111237507,6.9243172128634e-05,6.9243172128634e-05,3.62702330197607e-05,3.29729391088733e-06,3.62702330197607e-05,3.29729391088733e-06,3.29729391088733e-06,3.29729391088733e-06,3.29729391088733e-06,3.62702330197607e-05,3.62702330197607e-05,3.62702330197607e-05,3.62702330197607e-05,3.62702330197607e-05,3.29729391088733e-06,3.62702330197607e-05,3.29729391088733e-06,3.29729391088733e-06,3.29729391088733e-06,3.62702330197607e-05,3.29729391088733e-06,3.29729391088733e-06,3.29729391088733e-06,3.29729391088733e-06,3.29729391088733e-06,3.29729391088733e-06,3.29729391088733e-06,3.29729391088733e-06,3.29729391088733e-06,3.29729391088733e-06,3.29729391088733e-06,3.29729391088733e-06,3.29729391088733e-06,3.29729391088733e-06,3.29729391088733e-06,3.29729391088733e-06,3.29729391088733e-06,3.29729391088733e-06,3.29729391088733e-06,3.29729391088733e-06,3.29729391088733e-06,3.29729391088733e-06,3.29729391088733e-06,3.29729391088733e-06,3.29729391088733e-06,3.29729391088733e-06,3.29729391088733e-06,3.29729391088733e-06,3.29729391088733e-06,3.29729391088733e-06,3.29729391088733e-06,3.29729391088733e-06,3.29729391088733e-06,3.29729391088733e-06,3.29729391088733e-06,3.29729391088733e-06,3.29729391088733e-06,3.29729391088733e-06,3.29729391088733e-06,3.29729391088733e-06,3.29729391088733e-06,3.29729391088733e-06,3.29729391088733e-06,3.29729391088733e-06,3.29729391088733e-06,3.29729391088733e-06,3.29729391088733e-06,3.29729391088733e-06,3.29729391088733e-06,3.29729391088733e-06
3.62702330197607e-05,3.62702330197607e-05,3.62702330197607e-05,3.62702330197607e-05,3.62702330197607e-05,3.62702330197607e-05,3.62702330197607e-05,3.62702330197607e-05,3.62702330197607e-05,3.62702330197607e-05,3.62702330197607e-05,3.62702330197607e-05,3.62702330197607e-05,3.62702330197607e-05,3.62702330197607e-05,3.62702330197607e-05,3.62702330197607e-05,3.62702330197607e-05,3.62702330197607e-05,3.62702330197607e-05,3.62702330197607e-05,3.29729391088733e-06,3.29729391088733e-06,3.62702330197607e-05,3.62702330197607e-05,3.62702330197607e-05,3.62702330197607e-05,3.62702330197607e-05,6.9243172128634e-05,6.9243172128634e-05,3.62702330197607e-05,6.9243172128634e-05,0.000102216111237507,0.000102216111237507,6.9243172128634e-05,3.62702330197607e-05,3.29729391088733e-06,3.62702330197607e-05,3.29729391088733e-06,3.29729391088733e-06,3.62702330197607e-05,3.29729391088733e-06,3.29729391088733e-06,3.62702330197607e-05,3.29729391088733e-06,3.29729391088733e-06,3.29729391088733e-06,3.29729391088733e-06,3.29729391088733e-06,3.29729391088733e-06,3.29729391088733e-06,3.29729391088733e-06,3.29729391088733e-06,3.29729391088733e-06,3.29729391088733e-06,3.29729391088733e-06,3.29729391088733e-06,3.29729391088733e-06,3.29729391088733e-06,3.29729391088733e-06,3.29729391088733e-06,3.29729391088733e-06,3.29729391088733e-06,3.29729391088733e-06,3.29729391088733e-06,3.29729391088733e-06,3.29729391088733e-06,3.29729391088733e-06,3.29729391088733e-06,3.29729391088733e-06,3.29729391088733e-06,3.29729391088733e-06,3.29729391088733e-06,3.29729391088733e-06,3.29729391088733e-06,3.29729391088733e-06,3.29729391088733e-06,3.29729391088733e-06,3.29729391088733e-06,3.29729391088733e-06,3.29729391088733e-06,3.29729391088733e-06,3.29729391088733e-06,3.29729391088733e-06,3.29729391088733e-06,3.29729391088733e-06,3.29729391088733e-06,3.29729391088733e-06,3.29729391088733e-06,3.29729391088733e-06,3.29729391088733e-06,3.29729391088733e-06,3.29729391088733e-06,3.29729391088733e-06,3.29729391088733e-06,3.29729391088733e-06,3.29729391088733e-06,3.29729391088733e-06,3.29729391088733e-06,3.29729391088733e-06
3.29729391088733e-06,3.29729391088733e-06,3.29729391088733e-06,3.29729391088733e-06,3.29729391088733e-06,3.29729391088733e-06,3.29729391088733e-06,3.29729391088733e-06,3.29729391088733e-06,3.29729391088733e-06,3.29729391088733e-06,3.29729391088733e-06,3.29729391088733e-06,3.29729391088733e-06,3.29729391088733e-06,3.29729391088733e-06,3.29729391088733e-06,3.29729391088733e-06,3.29729391088733e-06,3.29729391088733e-06,3.29729391088733e-06,3.62702330197607e-05,3.62702330197607e-05,3.62702330197607e-05,3.62702330197607e-05,3.62702330197607e-05,3.62702330197607e-05,3.29729391088733e-06,3.29729391088733e-06,3.29729391088733e-06,6.9243172128634e-05,3.62702330197607e-05,6.9243172128634e-05,3.62702330197607e-05,3.29729391088733e-06,3.62702330197607e-05,3.62702330197607e-05,3.29729391088733e-06,3.29729391088733e-06,3.29729391088733e-06,3.29729391088733e-06,3.29729391088733e-06,3.62702330197607e-05,3.29729391088733e-06,3.29729391088733e-06,0.000102216111237507,3.62702330197607e-05,3.29729391088733e-06,3.29729391088733e-06,3.29729391088733e-06,3.29729391088733e-06,3.29729391088733e-06,3.29729391088733e-06,3.29729391088733e-06,3.29729391088733e-06,3.29729391088733e-06,3.29729391088733e-06,3.29729391088733e-06,3.29729391088733e-06,3.29729391088733e-06,3.29729391088733e-06,3.29729391088733e-06,3.29729391088733e-06,3.29729391088733e-06,3.29729391088733e-06,3.29729391088733e-06,3.29729391088733e-06,3.29729391088733e-06,3.29729391088733e-06,3.29729391088733e-06,3.29729391088733e-06,3.29729391088733e-06,3.29729391088733e-06,3.29729391088733e-06,3.29729391088733e-06,3.29729391088733e-06,3.29729391088733e-06,3.29729391088733e-06,3.29729391088733e-06,3.29729391088733e-06,3.29729391088733e-06,3.29729391088733e-06,3.29729391088733e-06,3.29729391088733e-06,3.29729391088733e-06,3.29729391088733e-06,3.29729391088733e-06,3.29729391088733e-06,3.29729391088733e-06,3.29729391088733e-06,3.29729391088733e-06,3.29729391088733e-06,3.29729391088733e-06,3.29729391088733e-06,3.29729391088733e-06,3.29729391088733e-06,3.29729391088733e-06,3.29729391088733e-06,3.29729391088733e-06,3.29729391088733e-06
3.62702330197607e-05,3.29729391088733e-06,3.29729391088733e-06,3.29729391088733e-06,3.29729391088733e-06,3.29729391088733e-06,3.29729391088733e-06,3.29729391088733e-06,3.29729391088733e-06,3.29729391088733e-06,3.29729391088733e-06,3.29729391088733e-06,3.29729391088733e-06,3.29729391088733e-06,3.29729391088733e-06,3.29729391088733e-06,3.29729391088733e-06,3.29729391088733e-06,3.29729391088733e-06,3.29729391088733e-06,3.29729391088733e-06,3.29729391088733e-06,3.29729391088733e-06,3.29729391088733e-06,3.29729391088733e-06,3.29729391088733e-06,3.29729391088733e-06,3.29729391088733e-06,3.62702330197607e-05,3.62702330197607e-05,3.62702330197607e-05,0.000102216111237507,6.9243172128634e-05,3.62702330197607e-05,6.9243172128634e-05,3.62702330197607e-05,3.62702330197607e-05,3.29729391088733e-06,3.29729391088733e-06,3.29729391088733e-06,3.29729391088733e-06,3.29729391088733e-06,3.29729391088733e-06,3.62702330197607e-05,3.62702330197607e-05,3.29729391088733e-06,3.29729391088733e-06,3.29729391088733e-06,3.29729391088733e-06,3.29729391088733e-06,3.62702330197607e-05,3.29729391088733e-06,3.29729391088733e-06,3.29729391088733e-06,3.29729391088733e-06,3.29729391088733e-06,3.29729391088733e-06,3.29729391088733e-06,3.29729391088733e-06,3.29729391088733e-06,3.29729391088733e-06,3.29729391088733e-06,3.29729391088733e-06,3.29729391088733e-06,3.29729391088733e-06,3.29729391088733e-06,3.29729391088733e-06,3.29729391088733e-06,3.29729391088733e-06,3.29729391088733e-06,3.29729391088733e-06,3.29729391088733e-06,3.29729391088733e-06,3.29729391088733e-06,3.29729391088733e-06,3.29729391088733e-06,3.29729391088733e-06,3.29729391088733e-06,3.29729391088733e-06,3.29729391088733e-06,3.29729391088733e-06,3.29729391088733e-06,3.29729391088733e-06,3.29729391088733e-06,3.29729391088733e-06,3.29729391088733e-06,3.29729391088733e-06,3.29729391088733e-06,3.29729391088733e-06,3.29729391088733e-06,3.29729391088733e-06,3.29729391088733e-06,3.29729391088733e-06,3.29729391088733e-06,3.29729391088733e-06,3.29729391088733e-06,3.29729391088733e-06,3.29729391088733e-06,3.29729391088733e-06,3.29729391088733e-06
3.29729391088733e-06,3.62702330197607e-05,3.62702330197607e-05,3.62702330197607e-05,3.62702330197607e-05,3.62702330197607e-05,3.62702330197607e-05,3.62702330197607e-05,3.62702330197607e-05,3.62702330197607e-05,3.62702330197607e-05,3.62702330197607e-05,3.62702330197607e-05,3.62702330197607e-05,3.62702330197607e-05,3.62702330197607e-05,3.62702330197607e-05,3.62702330197607e-05,3.62702330197607e-05,3.62702330197607e-05,3.62702330197607e-05,3.62702330197607e-05,3.62702330197607e-05,3.62702330197607e-05,3.62702330197607e-05,3.62702330197607e-05,3.62702330197607e-05,6.9243172128634e-05,3.62702330197607e-05,3.29729391088733e-06,3.29729391088733e-06,3.29729391088733e-06,3.62702330197607e-05,0.000102216111237507,3.29729391088733e-06,6.9243172128634e-05,3.62702330197607e-05,3.62702330197607e-05,6.9243172128634e-05,3.62702330197607e-05,3.62702330197607e-05,3.62702330197607e-05,3.29729391088733e-06,3.29729391088733e-06,3.62702330197607e-05,3.62702330197607e-05,3.62702330197607e-05,3.29729391088733e-06,3.62702330197607e-05,3.29729391088733e-06,3.29729391088733e-06,3.29729391088733e-06,3.29729391088733e-06,3.29729391088733e-06,3.29729391088733e-06,3.29729391088733e-06,3.29729391088733e-06,3.29729391088733e-06,3.29729391088733e-06,3.29729391088733e-06,3.29729391088733e-06,3.29729391088733e-06,3.29729391088733e-06,3.29729391088733e-06,3.29729391088733e-06,3.29729391088733e-06,3.29729391088733e-06,3.29729391088733e-06,3.29729391088733e-06,3.29729391088733e-06,3.29729391088733e-06,3.29729391088733e-06,3.29729391088733e-06,3.29729391088733e-06,3.29729391088733e-06,3.29729391088733e-06,3.29729391088733e-06,3.29729391088733e-06,3.29729391088733e-06,3.29729391088733e-06,3.29729391088733e-06,3.29729391088733e-06,3.29729391088733e-06,3.29729391088733e-06,3.29729391088733e-06,3.29729391088733e-06,3.29729391088733e-06,3.29729391088733e-06,3.29729391088733e-06,3.29729391088733e-06,3.29729391088733e-06,3.29729391088733e-06,3.29729391088733e-06,3.29729391088733e-06,3.29729391088733e-06,3.29729391088733e-06,3.29729391088733e-06,3.29729391088733e-06,3.29729391088733e-06,3.29729391088733e-06
3.62702330197607e-05,3.62702330197607e-05,3.62702330197607e-05,3.62702330197607e-05,3.62702330197607e-05,3.62702330197607e-05,3.62702330197607e-05,3.62702330197607e-05,3.62702330197607e-05,3.62702330197607e-05,3.62702330197607e-05,3.62702330197607e-05,3.62702330197607e-05,3.62702330197607e-05,3.62702330197607e-05,3.29729391088733e-06,3.29729391088733e-06,3.29729391088733e-06,3.29729391088733e-06,3.29729391088733e-06,3.29729391088733e-06,3.29729391088733e-06,3.29729391088733e-06,3.29729391088733e-06,3.29729391088733e-06,3.29729391088733e-06,3.29729391088733e-06,3.29729391088733e-06,3.62702330197607e-05,3.62702330197607e-05,3.62702330197607e-05,3.29729391088733e-06,3.29729391088733e-06,3.62702330197607e-05,0.000102216111237507,3.29729391088733e-06,6.9243172128634e-05,3.62702330197607e-05,3.62702330197607e-05,3.29729391088733e-06,3.29729391088733e-06,3.62702330197607e-05,3.62702330197607e-05,3.29729391088733e-06,3.62702330197607e-05,3.62702330197607e-05,3.29729391088733e-06,3.29729391088733e-06,3.29729391088733e-06,3.29729391088733e-06,3.29729391088733e-06,3.29729391088733e-06,3.29729391088733e-06,3.29729391088733e-06,3.29729391088733e-06,3.29729391088733e-06,3.29729391088733e-06,3.29729391088733e-06,3.29729391088733e-06,3.29729391088733e-06,3.29729391088733e-06,3.29729391088733e-06,3.29729391088733e-06,3.29729391088733e-06,3.29729391088733e-06,3.29729391088733e-06,3.29729391088733e-06,3.29729391088733e-06,3.29729391088733e-06,3.29729391088733e-06,3.29729391088733e-06,3.29729391088733e-06,3.29729391088733e-06,3.29729391088733e-06,3.29729391088733e-06,3.29729391088733e-06,3.29729391088733e-06,3.29729391088733e-06,3.29729391088733e-06,3.29729391088733e-06,3.29729391088733e-06,3.29729391088733e-06,3.29729391088733e-06,3.29729391088733e-06,3.29729391088733e-06,3.29729391088733e-06,3.29729391088733e-06,3.29729391088733e-06,3.29729391088733e-06,3.29729391088733e-06,3.29729391088733e-06,3.29729391088733e-06,3.29729391088733e-06,3.29729391088733e-06,3.29729391088733e-06,3.29729391088733e-06,3.29729391088733e-06,3.29729391088733e-06,3.29729391088733e-06,3.29729391088733e-06
3.62702330197607e-05,3.62702330197607e-05,3.62702330197607e-05,3.62702330197607e-05,3.62702330197607e-05,3.62702330197607e-05,3.62702330197607e-05,3.62702330197607e-05,3.62702330197607e-05,3.62702330197607e-05,3.29729391088733e-06,3.29729391088733e-06,3.29729391088733e-06,3.29729391088733e-06,3.29729391088733e-06,3.62702330197607e-05,3.62702330197607e-05,3.62702330197607e-05,3.62702330197607e-05,3.29729391088733e-06,3.29729391088733e-06,3.29729391088733e-06,3.29729391088733e-06,3.29729391088733e-06,3.29729391088733e-06,3.29729391088733e-06,3.29729391088733e-06,3.29729391088733e-06,3.29729391088733e-06,3.62702330197607e-05,3.62702330197607e-05,3.29729391088733e-06,3.29729391088733e-06,3.29729391088733e-06,3.62702330197607e-05,0.000102216111237507,3.62702330197607e-05,6.9243172128634e-05,3.29729391088733e-06,3.62702330197607e-05,3.29729391088733e-06,3.29729391088733e-06,3.29729391088733e-06,3.62702330197607e-05,3.29729391088733e-06,3.62702330197607e-05,6.9243172128634e-05,3.62702330197607e-05,3.29729391088733e-06,3.29729391088733e-06,3.29729391088733e-06,3.29729391088733e-06,3.29729391088733e-06,3.29729391088733e-06,3.29729391088733e-06,3.29729391088733e-06,3.29729391088733e-06,3.29729391088733e-06,3.29729391088733e-06,3.29729391088733e-06,3.29729391088733e-06,3.29729391088733e-06,3.29729391088733e-06,3.29729391088733e-06,3.29729391088733e-06,3.29729391088733e-06,3.29729391088733e-06,3.29729391088733e-06,3.29729391088733e-06,3.29729391088733e-06,3.29729391088733e-06,3.29729391088733e-06,3.29729391088733e-06,3.29729391088733e-06,3.29729391088733e-06,3.29729391088733e-06,3.29729391088733e-06,3.29729391088733e-06,3.29729391088733e-06,3.29729391088733e-06,3.29729391088733e-06,3.29729391088733e-06,3.29729391088733e-06,3.29729391088733e-06,3.29729391088733e-06,3.29729391088733e-06,3.29729391088733e-06,3.29729391088733e-06,3.29729391088733e-06,3.29729391088733e-06,3.29729391088733e-06,3.29729391088733e-06,3.29729391088733e-06,3.29729391088733e-06,3.29729391088733e-06,3.29729391088733e-06,3.29729391088733e-06,3.29729391088733e-06,3.29729391088733e-06,3.29729391088733e-06
0.000102216111237507,0.000102216111237507,0.000102216111237507,0.000102216111237507,0.000102216111237507,0.000102216111237507,0.000102216111237507,0.000102216111237507,6.9243172128634e-05,6.9243172128634e-05,0.000102216111237507,0.000102216111237507,0.000102216111237507,0.000102216111237507,6.9243172128634e-05,6.9243172128634e-05,6.9243172128634e-05,6.9243172128634e-05,6.9243172128634e-05,6.9243172128634e-05,6.9243172128634e-05,6.9243172128634e-05,6.9243172128634e-05,6.9243172128634e-05,6.9243172128634e-05,6.9243172128634e-05,6.9243172128634e-05,6.9243172128634e-05,3.62702330197607e-05,3.29729391088733e-06,3.29729391088733e-06,3.62702330197607e-05,3.62702330197607e-05,3.29729391088733e-06,3.62702330197607e-05,3.62702330197607e-05,3.29729391088733e-06,3.62702330197607e-05,6.9243172128634e-05,3.29729391088733e-06,3.62702330197607e-05,3.62702330197607e-05,3.29729391088733e-06,3.29729391088733e-06,3.29729391088733e-06,3.29729391088733e-06,3.29729391088733e-06,3.62702330197607e-05,3.29729391088733e-06,3.29729391088733e-06,3.29729391088733e-06,3.29729391088733e-06,3.29729391088733e-06,3.29729391088733e-06,3.29729391088733e-06,3.29729391088733e-06,3.29729391088733e-06,3.29729391088733e-06,3.29729391088733e-06,3.29729391088733e-06,3.29729391088733e-06,3.29729391088733e-06,3.29729391088733e-06,3.29729391088733e-06,3.29729391088733e-06,3.29729391088733e-06,3.29729391088733e-06,3.29729391088733e-06,3.29729391088733e-06,3.29729391088733e-06,3.29729391088733e-06,3.29729391088733e-06,3.29729391088733e-06,3.29729391088733e-06,3.29729391088733e-06,3.29729391088733e-06,3.29729391088733e-06,3.29729391088733e-06,3.29729391088733e-06,3.29729391088733e-06,3.29729391088733e-06,3.29729391088733e-06,3.29729391088733e-06,3.29729391088733e-06,3.29729391088733e-06,3.29729391088733e-06,3.29729391088733e-06,3.29729391088733e-06,3.29729391088733e-06,3.29729391088733e-06,3.29729391088733e-06,3.29729391088733e-06,3.29729391088733e-06,3.29729391088733e-06,3.29729391088733e-06,3.29729391088733e-06,3.29729391088733e-06,3.29729391088733e-06,3.29729391088733e-06,3.29729391088733e-06
6.9243172128634e-05,6.9243172128634e-05,6.9243172128634e-05,6.9243172128634e-05,6.9243172128634e-05,6.9243172128634e-05,6.9243172128634e-05,6.9243172128634e-05,0.000102216111237507,0.000102216111237507,0.000102216111237507,0.000102216111237507,0.000102216111237507,0.000102216111237507,0.000135189050346381,0.000135189050346381,0.000135189050346381,0.000135189050346381,0.000135189050346381,0.000135189050346381,0.000135189050346381,0.000102216111237507,0.000102216111237507,0.000102216111237507,0.000102216111237507,0.000102216111237507,0.000102216111237507,6.9243172128634e-05,0.000102216111237507,6.9243172128634e-05,3.29729391088733e-06,3.29729391088733e-06,3.29729391088733e-06,3.29729391088733e-06,3.29729391088733e-06,3.62702330197607e-05,3.29729391088733e-06,3.62702330197607e-05,3.62702330197607e-05,3.62702330197607e-05,3.29729391088733e-06,3.29729391088733e-06,3.29729391088733e-06,3.29729391088733e-06,3.29729391088733e-06,3.62702330197607e-05,3.29729391088733e-06,3.29729391088733e-06,3.29729391088733e-06,3.62702330197607e-05,3.29729391088733e-06,3.62702330197607e-05,3.29729391088733e-06,3.29729391088733e-06,3.29729391088733e-06,3.29729391088733e-06,3.29729391088733e-06,3.29729391088733e-06,3.29729391088733e-06,3.29729391088733e-06,3.29729391088733e-06,3.29729391088733e-06,3.29729391088733e-06,3.29729391088733e-06,3.29729391088733e-06,3.29729391088733e-06,3.29729391088733e-06,3.29729391088733e-06,3.29729391088733e-06,3.29729391088733e-06,3.29729391088733e-06,3.29729391088733e-06,3.29729391088733e-06,3.29729391088733e-06,3.29729391088733e-06,3.29729391088733e-06,3.29729391088733e-06,3.29729391088733e-06,3.29729391088733e-06,3.29729391088733e-06,3.29729391088733e-06,3.29729391088733e-06,3.29729391088733e-06,3.29729391088733e-06,3.29729391088733e-06,3.29729391088733e-06,3.29729391088733e-06,3.29729391088733e-06,3.29729391088733e-06,3.29729391088733e-06,3.29729391088733e-06,3.29729391088733e-06,3.29729391088733e-06,3.29729391088733e-06,3.29729391088733e-06,3.29729391088733e-06,3.29729391088733e-06,3.29729391088733e-06,3.29729391088733e-06,3.29729391088733e-06
3.29729391088733e-06,3.29729391088733e-06,3.29729391088733e-06,3.29729391088733e-06,3.29729391088733e-06,3.29729391088733e-06,3.29729391088733e-06,3.29729391088733e-06,3.29729391088733e-06,3.29729391088733e-06,3.29729391088733e-06,3.29729391088733e-06,3.29729391088733e-06,3.29729391088733e-06,3.29729391088733e-06,3.29729391088733e-06,3.29729391088733e-06,3.29729391088733e-06,3.29729391088733e-06,3.62702330197607e-05,3.62702330197607e-05,6.9243172128634e-05,6.9243172128634e-05,6.9243172128634e-05,6.9243172128634e-05,3.62702330197607e-05,3.62702330197607e-05,3.62702330197607e-05,3.62702330197607e-05,6.9243172128634e-05,0.000102216111237507,0.000102216111237507,6.9243172128634e-05,6.9243172128634e-05,3.29729391088733e-06,3.29729391088733e-06,0.000135189050346381,3.62702330197607e-05,3.62702330197607e-05,3.62702330197607e-05,3.29729391088733e-06,3.29729391088733e-06,3.29729391088733e-06,3.29729391088733e-06,3.62702330197607e-05,3.29729391088733e-06,3.62702330197607e-05,3.29729391088733e-06,3.62702330197607e-05,3.29729391088733e-06,3.29729391088733e-06,3.29729391088733e-06,3.29729391088733e-06,3.29729391088733e-06,3.29729391088733e-06,3.29729391088733e-06,3.29729391088733e-06,3.29729391088733e-06,3.29729391088733e-06,3.29729391088733e-06,3.29729391088733e-06,3.29729391088733e-06,3.29729391088733e-06,3.29729391088733e-06,3.29729391088733e-06,3.29729391088733e-06,3.29729391088733e-06,3.29729391088733e-06,3.29729391088733e-06,3.29729391088733e-06,3.29729391088733e-06,3.29729391088733e-06,3.29729391088733e-06,3.29729391088733e-06,3.29729391088733e-06,3.29729391088733e-06,3.29729391088733e-06,3.29729391088733e-06,3.29729391088733e-06,3.29729391088733e-06,3.29729391088733e-06,3.29729391088733e-06,3.29729391088733e-06,3.29729391088733e-06,3.29729391088733e-06,3.29729391088733e-06,3.29729391088733e-06,3.29729391088733e-06,3.29729391088733e-06,3.29729391088733e-06,3.29729391088733e-06,3.29729391088733e-06,3.29729391088733e-06,3.29729391088733e-06,3.29729391088733e-06,3.29729391088733e-06,3.29729391088733e-06,3.29729391088733e-06,3.29729391088733e-06,3.29729391088733e-06
3.62702330197607e-05,3.62702330197607e-05,3.62702330197607e-05,3.62702330197607e-05,3.62702330197607e-05,3.62702330197607e-05,3.62702330197607e-05,3.62702330197607e-05,3.62702330197607e-05,3.62702330197607e-05,3.62702330197607e-05,3.62702330197607e-05,3.62702330197607e-05,3.62702330197607e-05,3.62702330197607e-05,3.62702330197607e-05,3.29729391088733e-06,3.29729391088733e-06,3.29729391088733e-06,3.29729391088733e-06,3.29729391088733e-06,3.29729391088733e-06,3.29729391088733e-06,3.29729391088733e-06,3.29729391088733e-06,3.29729391088733e-06,3.29729391088733e-06,3.62702330197607e-05,3.62702330197607e-05,3.62702330197607e-05,6.9243172128634e-05,0.000102216111237507,6.9243172128634e-05,3.62702330197607e-05,6.9243172128634e-05,3.62702330197607e-05,3.29729391088733e-06,6.9243172128634e-05,3.62702330197607e-05,3.62702330197607e-05,3.62702330197607e-05,3.62702330197607e-05,6.9243172128634e-05,3.29729391088733e-06,3.29729391088733e-06,3.29729391088733e-06,0.000102216111237507,6.9243172128634e-05,3.62702330197607e-05,3.29729391088733e-06,3.29729391088733e-06,3.29729391088733e-06,3.29729391088733e-06,3.29729391088733e-06,3.29729391088733e-06,3.29729391088733e-06,3.29729391088733e-06,3.29729391088733e-06,3.29729391088733e-06,3.29729391088733e-06,3.29729391088733e-06,3.29729391088733e-06,3.29729391088733e-06,3.29729391088733e-06,3.29729391088733e-06,3.29729391088733e-06,3.29729391088733e-06,3.29729391088733e-06,3.29729391088733e-06,3.29729391088733e-06,3.29729391088733e-06,3.29729391088733e-06,3.29729391088733e-06,3.29729391088733e-06,3.29729391088733e-06,3.29729391088733e-06,3.29729391088733e-06,3.29729391088733e-06,3.29729391088733e-06,3.29729391088733e-06,3.29729391088733e-06,3.29729391088733e-06,3.29729391088733e-06,3.29729391088733e-06,3.29729391088733e-06,3.29729391088733e-06,3.29729391088733e-06,3.29729391088733e-06,3.29729391088733e-06,3.29729391088733e-06,3.29729391088733e-06,3.29729391088733e-06,3.29729391088733e-06,3.29729391088733e-06,3.29729391088733e-06,3.29729391088733e-06,3.29729391088733e-06,3.29729391088733e-06,3.29729391088733e-06,3.29729391088733e-06
3.29729391088733e-06,3.29729391088733e-06,3.29729391088733e-06,3.29729391088733e-06,3.29729391088733e-06,3.29729391088733e-06,3.29729391088733e-06,3.29729391088733e-06,3.29729391088733e-06,3.29729391088733e-06,3.29729391088733e-06,3.29729391088733e-06,3.29729391088733e-06,3.29729391088733e-06,3.29729391088733e-06,3.29729391088733e-06,3.62702330197607e-05,3.62702330197607e-05,3.62702330197607e-05,3.62702330197607e-05,3.62702330197607e-05,3.62702330197607e-05,3.62702330197607e-05,3.62702330197607e-05,3.62702330197607e-05,3.62702330197607e-05,3.62702330197607e-05,3.29729391088733e-06,3.29729391088733e-06,3.62702330197607e-05,3.29729391088733e-06,3.29729391088733e-06,6.9243172128634e-05,0.000102216111237507,0.000102216111237507,6.9243172128634e-05,6.9243172128634e-05,6.9243172128634e-05,6.9243172128634e-05,0.000135189050346381,0.000102216111237507,3.62702330197607e-05,3.29729391088733e-06,3.29729391088733e-06,3.29729391088733e-06,3.29729391088733e-06,3.29729391088733e-06,6.9243172128634e-05,3.29729391088733e-06,3.62702330197607e-05,3.62702330197607e-05,3.29729391088733e-06,3.29729391088733e-06,3.29729391088733e-06,3.29729391088733e-06,3.29729391088733e-06,3.29729391088733e-06,3.29729391088733e-06,3.29729391088733e-06,3.29729391088733e-06,3.29729391088733e-06,3.29729391088733e-06,3.29729391088733e-06,3.29729391088733e-06,3.29729391088733e-06,3.29729391088733e-06,3.29729391088733e-06,3.29729391088733e-06,3.29729391088733e-06,3.29729391088733e-06,3.29729391088733e-06,3.29729391088733e-06,3.29729391088733e-06,3.29729391088733e-06,3.29729391088733e-06,3.29729391088733e-06,3.29729391088733e-06,3.29729391088733e-06,3.29729391088733e-06,3.29729391088733e-06,3.29729391088733e-06,3.29729391088733e-06,3.29729391088733e-06,3.29729391088733e-06,3.29729391088733e-06,3.29729391088733e-06,3.29729391088733e-06,3.29729391088733e-06,3.29729391088733e-06,3.29729391088733e-06,3.29729391088733e-06,3.29729391088733e-06,3.29729391088733e-06,3.29729391088733e-06,3.29729391088733e-06,3.29729391088733e-06,3.29729391088733e-06,3.29729391088733e-06,3.29729391088733e-06,3.29729391088733e-06
3.62702330197607e-05,3.62702330197607e-05,3.62702330197607e-05,3.62702330197607e-05,3.62702330197607e-05,3.62702330197607e-05,3.62702330197607e-05,3.62702330197607e-05,3.62702330197607e-05,3.62702330197607e-05,3.62702330197607e-05,3.62702330197607e-05,3.62702330197607e-05,3.62702330197607e-05,3.62702330197607e-05,3.62702330197607e-05,3.62702330197607e-05,3.62702330197607e-05,3.62702330197607e-05,3.62702330197607e-05,3.62702330197607e-05,3.62702330197607e-05,3.62702330197607e-05,3.62702330197607e-05,3.62702330197607e-05,6.9243172128634e-05,6.9243172128634e-05,0.000102216111237507,0.000102216111237507,3.62702330197607e-05,6.9243172128634e-05,3.62702330197607e-05,3.29729391088733e-06,3.29729391088733e-06,3.62702330197607e-05,3.62702330197607e-05,6.9243172128634e-05,6.9243172128634e-05,3.29729391088733e-06,3.62702330197607e-05,3.29729391088733e-06,3.29729391088733e-06,6.9243172128634e-05,3.62702330197607e-05,3.29729391088733e-06,3.29729391088733e-06,3.29729391088733e-06,3.29729391088733e-06,3.29729391088733e-06,3.29729391088733e-06,3.29729391088733e-06,3.29729391088733e-06,3.29729391088733e-06,3.29729391088733e-06,3.29729391088733e-06,3.29729391088733e-06,3.29729391088733e-06,3.29729391088733e-06,3.29729391088733e-06,3.29729391088733e-06,3.29729391088733e-06,3.29729391088733e-06,3.29729391088733e-06,3.29729391088733e-06,3.29729391088733e-06,3.29729391088733e-06,3.29729391088733e-06,3.29729391088733e-06,3.29729391088733e-06,3.29729391088733e-06,3.29729391088733e-06,3.29729391088733e-06,3.29729391088733e-06,3.29729391088733e-06,3.29729391088733e-06,3.29729391088733e-06,3.29729391088733e-06,3.29729391088733e-06,3.29729391088733e-06,3.29729391088733e-06,3.29729391088733e-06,3.29729391088733e-06,3.29729391088733e-06,3.29729391088733e-06,3.29729391088733e-06,3.29729391088733e-06,3.29729391088733e-06,3.29729391088733e-06,3.29729391088733e-06,3.29729391088733e-06,3.29729391088733e-06,3.29729391088733e-06,3.29729391088733e-06,3.29729391088733e-06,3.29729391088733e-06,3.29729391088733e-06,3.29729391088733e-06,3.29729391088733e-06,3.29729391088733e-06,3.29729391088733e-06
3.29729391088733e-06,3.29729391088733e-06,3.29729391088733e-06,3.29729391088733e-06,3.29729391088733e-06,3.29729391088733e-06,3.29729391088733e-06,3.29729391088733e-06,3.29729391088733e-06,3.29729391088733e-06,3.29729391088733e-06,3.29729391088733e-06,3.29729391088733e-06,3.29729391088733e-06,3.29729391088733e-06,3.29729391088733e-06,3.29729391088733e-06,3.29729391088733e-06,3.29729391088733e-06,3.29729391088733e-06,3.29729391088733e-06,3.29729391088733e-06,3.29729391088733e-06,3.29729391088733e-06,3.29729391088733e-06,3.29729391088733e-06,3.29729391088733e-06,3.29729391088733e-06,3.29729391088733e-06,6.9243172128634e-05,3.62702330197607e-05,3.62702330197607e-05,3.62702330197607e-05,6.9243172128634e-05,3.29729391088733e-06,6.9243172128634e-05,3.29729391088733e-06,3.29729391088733e-06,0.000102216111237507,3.62702330197607e-05,0.000102216111237507,6.9243172128634e-05,3.29729391088733e-06,3.29729391088733e-06,3.29729391088733e-06,3.62702330197607e-05,3.29729391088733e-06,0.000102216111237507,3.62702330197607e-05,3.29729391088733e-06,3.29729391088733e-06,3.29729391088733e-06,3.62702330197607e-05,3.29729391088733e-06,3.29729391088733e-06,3.29729391088733e-06,3.29729391088733e-06,3.29729391088733e-06,3.29729391088733e-06,3.29729391088733e-06,3.29729391088733e-06,3.29729391088733e-06,3.29729391088733e-06,3.29729391088733e-06,3.29729391088733e-06,3.29729391088733e-06,3.29729391088733e-06,3.29729391088733e-06,3.29729391088733e-06,3.29729391088733e-06,3.29729391088733e-06,3.29729391088733e-06,3.29729391088733e-06,3.29729391088733e-06,3.29729391088733e-06,3.29729391088733e-06,3.29729391088733e-06,3.29729391088733e-06,3.29729391088733e-06,3.29729391088733e-06,3.29729391088733e-06,3.29729391088733e-06,3.29729391088733e-06,3.29729391088733e-06,3.29729391088733e-06,3.29729391088733e-06,3.29729391088733e-06,3.29729391088733e-06,3.29729391088733e-06,3.29729391088733e-06,3.29729391088733e-06,3.29729391088733e-06,3.29729391088733e-06,3.29729391088733e-06,3.29729391088733e-06,3.29729391088733e-06,3.29729391088733e-06,3.29729391088733e-06,3.29729391088733e-06,3.29729391088733e-06
6.9243172128634e-05,6.9243172128634e-05,6.9243172128634e-05,6.9243172128634e-05,6.9243172128634e-05,6.9243172128634e-05,6.9243172128634e-05,6.9243172128634e-05,6.9243172128634e-05,6.9243172128634e-05,6.9243172128634e-05,6.9243172128634e-05,6.9243172128634e-05,6.9243172128634e-05,6.9243172128634e-05,3.62702330197607e-05,3.29729391088733e-06,3.29729391088733e-06,3.29729391088733e-06,3.29729391088733e-06,3.29729391088733e-06,3.29729391088733e-06,3.29729391088733e-06,3.29729391088733e-06,3.29729391088733e-06,3.29729391088733e-06,3.29729391088733e-06,3.29729391088733e-06,3.29729391088733e-06,3.29729391088733e-06,3.62702330197607e-05,3.29729391088733e-06,3.62702330197607e-05,3.62702330197607e-05,3.62702330197607e-05,3.62702330197607e-05,3.62702330197607e-05,3.62702330197607e-05,3.62702330197607e-05,6.9243172128634e-05,3.62702330197607e-05,6.9243172128634e-05,6.9243172128634e-05,3.62702330197607e-05,3.29729391088733e-06,3.29729391088733e-06,3.29729391088733e-06,3.29729391088733e-06,3.29729391088733e-06,3.29729391088733e-06,3.62702330197607e-05,3.29729391088733e-06,3.29729391088733e-06,3.29729391088733e-06,3.29729391088733e-06,3.29729391088733e-06,3.29729391088733e-06,3.29729391088733e-06,3.29729391088733e-06,3.29729391088733e-06,3.29729391088733e-06,3.29729391088733e-06,3.29729391088733e-06,3.29729391088733e-06,3.29729391088733e-06,3.29729391088733e-06,3.29729391088733e-06,3.29729391088733e-06,3.29729391088733e-06,3.29729391088733e-06,3.29729391088733e-06,3.29729391088733e-06,3.29729391088733e-06,3.29729391088733e-06,3.29729391088733e-06,3.29729391088733e-06,3.29729391088733e-06,3.29729391088733e-06,3.29729391088733e-06,3.29729391088733e-06,3.29729391088733e-06,3.29729391088733e-06,3.29729391088733e-06,3.29729391088733e-06,3.29729391088733e-06,3.29729391088733e-06,3.29729391088733e-06,3.29729391088733e-06,3.29729391088733e-06,3.29729391088733e-06,3.29729391088733e-06,3.29729391088733e-06,3.29729391088733e-06,3.29729391088733e-06,3.29729391088733e-06,3.29729391088733e-06,3.29729391088733e-06,3.29729391088733e-06,3.29729391088733e-06,3.29729391088733e-06
6.9243172128634e-05,6.9243172128634e-05,6.9243172128634e-05,6.9243172128634e-05,6.9243172128634e-05,6.9243172128634e-05,6.9243172128634e-05,6.9243172128634e-05,6.9243172128634e-05,6.9243172128634e-05,6.9243172128634e-05,6.9243172128634e-05,6.9243172128634e-05,6.9243172128634e-05,6.9243172128634e-05,0.000102216111237507,0.000102216111237507,0.000102216111237507,0.000102216111237507,0.000102216111237507,6.9243172128634e-05,6.9243172128634e-05,6.9243172128634e-05,3.62702330197607e-05,3.62702330197607e-05,3.62702330197607e-05,3.62702330197607e-05,3.29729391088733e-06,3.29729391088733e-06,3.29729391088733e-06,3.29729391088733e-06,6.9243172128634e-05,3.29729391088733e-06,3.29729391088733e-06,6.9243172128634e-05,3.62702330197607e-05,3.62702330197607e-05,3.62702330197607e-05,3.62702330197607e-05,3.29729391088733e-06,6.9243172128634e-05,0.000102216111237507,3.29729391088733e-06,0.000102216111237507,3.62702330197607e-05,3.62702330197607e-05,3.62702330197607e-05,3.29729391088733e-06,3.62702330197607e-05,3.62702330197607e-05,3.29729391088733e-06,3.29729391088733e-06,3.29729391088733e-06,3.29729391088733e-06,3.29729391088733e-06,3.29729391088733e-06,3.29729391088733e-06,3.29729391088733e-06,3.29729391088733e-06,3.29729391088733e-06,3.29729391088733e-06,3.29729391088733e-06,3.29729391088733e-06,3.29729391088733e-06,3.29729391088733e-06,3.29729391088733e-06,3.29729391088733e-06,3.29729391088733e-06,3.29729391088733e-06,3.29729391088733e-06,3.29729391088733e-06,3.29729391088733e-06,3.29729391088733e-06,3.29729391088733e-06,3.29729391088733e-06,3.29729391088733e-06,3.29729391088733e-06,3.29729391088733e-06,3.29729391088733e-06,3.29729391088733e-06,3.29729391088733e-06,3.29729391088733e-06,3.29729391088733e-06,3.29729391088733e-06,3.29729391088733e-06,3.29729391088733e-06,3.29729391088733e-06,3.29729391088733e-06,3.29729391088733e-06,3.29729391088733e-06,3.29729391088733e-06,3.29729391088733e-06,3.29729391088733e-06,3.29729391088733e-06,3.29729391088733e-06,3.29729391088733e-06,3.29729391088733e-06,3.29729391088733e-06,3.29729391088733e-06,3.29729391088733e-06
6.9243172128634e-05,6.9243172128634e-05,6.9243172128634e-05,6.9243172128634e-05,6.9243172128634e-05,6.9243172128634e-05,6.9243172128634e-05,6.9243172128634e-05,6.9243172128634e-05,6.9243172128634e-05,6.9243172128634e-05,6.9243172128634e-05,6.9243172128634e-05,6.9243172128634e-05,6.9243172128634e-05,6.9243172128634e-05,0.000102216111237507,6.9243172128634e-05,3.62702330197607e-05,3.62702330197607e-05,6.9243172128634e-05,6.9243172128634e-05,6.9243172128634e-05,6.9243172128634e-05,6.9243172128634e-05,3.29729391088733e-06,3.29729391088733e-06,3.62702330197607e-05,3.29729391088733e-06,3.29729391088733e-06,3.29729391088733e-06,3.29729391088733e-06,6.9243172128634e-05,3.62702330197607e-05,3.62702330197607e-05,6.9243172128634e-05,0.000102216111237507,3.62702330197607e-05,3.62702330197607e-05,3.29729391088733e-06,3.62702330197607e-05,3.62702330197607e-05,6.9243172128634e-05,3.29729391088733e-06,3.29729391088733e-06,3.29729391088733e-06,3.29729391088733e-06,3.29729391088733e-06,3.62702330197607e-05,3.62702330197607e-05,3.29729391088733e-06,3.29729391088733e-06,3.29729391088733e-06,3.29729391088733e-06,3.29729391088733e-06,3.29729391088733e-06,3.29729391088733e-06,3.29729391088733e-06,3.29729391088733e-06,3.29729391088733e-06,3.29729391088733e-06,3.29729391088733e-06,3.29729391088733e-06,3.29729391088733e-06,3.29729391088733e-06,3.29729391088733e-06,3.29729391088733e-06,3.29729391088733e-06,3.29729391088733e-06,3.29729391088733e-06,3.29729391088733e-06,3.29729391088733e-06,3.29729391088733e-06,3.29729391088733e-06,3.29729391088733e-06,3.29729391088733e-06,3.29729391088733e-06,3.29729391088733e-06,3.29729391088733e-06,3.29729391088733e-06,3.29729391088733e-06,3.29729391088733e-06,3.29729391088733e-06,3.29729391088733e-06,3.29729391088733e-06,3.29729391088733e-06,3.29729391088733e-06,3.29729391088733e-06,3.29729391088733e-06,3.29729391088733e-06,3.29729391088733e-06,3.29729391088733e-06,3.29729391088733e-06,3.29729391088733e-06,3.29729391088733e-06,3.29729391088733e-06,3.29729391088733e-06,3.29729391088733e-06,3.29729391088733e-06,3.29729391088733e-06
0.000168161989455254,0.000168161989455254,0.000168161989455254,0.000168161989455254,0.000168161989455254,0.000168161989455254,0.000168161989455254,0.000168161989455254,0.000168161989455254,0.000168161989455254,0.000168161989455254,0.000168161989455254,0.000168161989455254,0.000168161989455254,0.000168161989455254,0.000168161989455254,0.000168161989455254,0.000201134928564127,0.000234107867673001,0.000201134928564127,0.000201134928564127,0.000201134928564127,0.000201134928564127,0.000234107867673001,0.000201134928564127,0.000201134928564127,0.000201134928564127,0.000168161989455254,0.000135189050346381,0.000102216111237507,0.000102216111237507,6.9243172128634e-05,6.9243172128634e-05,6.9243172128634e-05,6.9243172128634e-05,6.9243172128634e-05,6.9243172128634e-05,0.000135189050346381,3.62702330197607e-05,0.000102216111237507,6.9243172128634e-05,3.62702330197607e-05,3.62702330197607e-05,3.62702330197607e-05,3.62702330197607e-05,3.29729391088733e-06,3.62702330197607e-05,3.62702330197607e-05,3.62702330197607e-05,3.29729391088733e-06,3.62702330197607e-05,6.9243172128634e-05,3.29729391088733e-06,3.29729391088733e-06,3.29729391088733e-06,3.29729391088733e-06,3.29729391088733e-06,3.29729391088733e-06,3.29729391088733e-06,3.29729391088733e-06,3.29729391088733e-06,3.29729391088733e-06,3.29729391088733e-06,3.29729391088733e-06,3.29729391088733e-06,3.29729391088733e-06,3.29729391088733e-06,3.29729391088733e-06,3.29729391088733e-06,3.29729391088733e-06,3.29729391088733e-06,3.29729391088733e-06,3.29729391088733e-06,3.29729391088733e-06,3.29729391088733e-06,3.29729391088733e-06,3.29729391088733e-06,3.29729391088733e-06,3.29729391088733e-06,3.29729391088733e-06,3.29729391088733e-06,3.29729391088733e-06,3.29729391088733e-06,3.29729391088733e-06,3.29729391088733e-06,3.29729391088733e-06,3.29729391088733e-06,3.29729391088733e-06,3.29729391088733e-06,3.29729391088733e-06,3.29729391088733e-06,3.29729391088733e-06,3.29729391088733e-06,3.29729391088733e-06,3.29729391088733e-06,3.29729391088733e-06,3.29729391088733e-06,3.29729391088733e-06,3.29729391088733e-06,3.29729391088733e-06
0.000168161989455254,0.000168161989455254,0.000168161989455254,0.000168161989455254,0.000168161989455254,0.000168161989455254,0.000168161989455254,0.000168161989455254,0.000168161989455254,0.000168161989455254,0.000168161989455254,0.000168161989455254,0.000168161989455254,0.000168161989455254,0.000168161989455254,0.000168161989455254,0.000135189050346381,0.000135189050346381,0.000135189050346381,0.000135189050346381,0.000135189050346381,0.000135189050346381,0.000102216111237507,6.9243172128634e-05,0.000102216111237507,0.000135189050346381,0.000102216111237507,0.000102216111237507,6.9243172128634e-05,6.9243172128634e-05,3.62702330197607e-05,6.9243172128634e-05,6.9243172128634e-05,6.9243172128634e-05,3.62702330197607e-05,3.62702330197607e-05,3.29729391088733e-06,3.29729391088733e-06,6.9243172128634e-05,3.29729391088733e-06,3.29729391088733e-06,6.9243172128634e-05,0.000102216111237507,3.29729391088733e-06,6.9243172128634e-05,3.29729391088733e-06,3.29729391088733e-06,3.29729391088733e-06,6.9243172128634e-05,6.9243172128634e-05,3.29729391088733e-06,3.29729391088733e-06,3.29729391088733e-06,3.29729391088733e-06,3.29729391088733e-06,3.29729391088733e-06,3.29729391088733e-06,3.29729391088733e-06,3.29729391088733e-06,3.29729391088733e-06,3.29729391088733e-06,3.29729391088733e-06,3.29729391088733e-06,3.29729391088733e-06,3.29729391088733e-06,3.29729391088733e-06,3.29729391088733e-06,3.29729391088733e-06,3.29729391088733e-06,3.29729391088733e-06,3.29729391088733e-06,3.29729391088733e-06,3.29729391088733e-06,3.29729391088733e-06,3.29729391088733e-06,3.29729391088733e-06,3.29729391088733e-06,3.29729391088733e-06,3.29729391088733e-06,3.29729391088733e-06,3.29729391088733e-06,3.29729391088733e-06,3.29729391088733e-06,3.29729391088733e-06,3.29729391088733e-06,3.29729391088733e-06,3.29729391088733e-06,3.29729391088733e-06,3.29729391088733e-06,3.29729391088733e-06,3.29729391088733e-06,3.29729391088733e-06,3.29729391088733e-06,3.29729391088733e-06,3.29729391088733e-06,3.29729391088733e-06,3.29729391088733e-06,3.29729391088733e-06,3.29729391088733e-06,3.29729391088733e-06
3.62702330197607e-05,3.62702330197607e-05,3.62702330197607e-05,3.62702330197607e-05,3.62702330197607e-05,3.62702330197607e-05,3.62702330197607e-05,3.62702330197607e-05,3.62702330197607e-05,3.62702330197607e-05,3.62702330197607e-05,3.62702330197607e-05,3.62702330197607e-05,3.62702330197607e-05,3.62702330197607e-05,3.62702330197607e-05,6.9243172128634e-05,6.9243172128634e-05,6.9243172128634e-05,6.9243172128634e-05,6.9243172128634e-05,6.9243172128634e-05,0.000102216111237507,0.000135189050346381,0.000135189050346381,0.000135189050346381,0.000135189050346381,6.9243172128634e-05,0.000135189050346381,0.000168161989455254,0.000135189050346381,0.000102216111237507,6.9243172128634e-05,0.000102216111237507,0.000102216111237507,3.62702330197607e-05,6.9243172128634e-05,3.62702330197607e-05,3.62702330197607e-05,6.9243172128634e-05,3.29729391088733e-06,3.29729391088733e-06,6.9243172128634e-05,0.000168161989455254,6.9243172128634e-05,3.62702330197607e-05,3.29729391088733e-06,3.62702330197607e-05,3.29729391088733e-06,3.29729391088733e-06,3.62702330197607e-05,3.29729391088733e-06,3.62702330197607e-05,3.62702330197607e-05,3.29729391088733e-06,3.29729391088733e-06,3.29729391088733e-06,3.29729391088733e-06,3.29729391088733e-06,3.29729391088733e-06,3.29729391088733e-06,3.29729391088733e-06,3.29729391088733e-06,3.29729391088733e-06,3.29729391088733e-06,3.29729391088733e-06,3.29729391088733e-06,3.29729391088733e-06,3.29729391088733e-06,3.29729391088733e-06,3.29729391088733e-06,3.29729391088733e-06,3.29729391088733e-06,3.29729391088733e-06,3.29729391088733e-06,3.29729391088733e-06,3.29729391088733e-06,3.29729391088733e-06,3.29729391088733e-06,3.29729391088733e-06,3.29729391088733e-06,3.29729391088733e-06,3.29729391088733e-06,3.29729391088733e-06,3.29729391088733e-06,3.29729391088733e-06,3.29729391088733e-06,3.29729391088733e-06,3.29729391088733e-06,3.29729391088733e-06,3.29729391088733e-06,3.29729391088733e-06,3.29729391088733e-06,3.29729391088733e-06,3.29729391088733e-06,3.29729391088733e-06,3.29729391088733e-06,3.29729391088733e-06,3.29729391088733e-06,3.29729391088733e-06
0.000234107867673001,0.000234107867673001,0.000234107867673001,0.000234107867673001,0.000234107867673001,0.000234107867673001,0.000234107867673001,0.000234107867673001,0.000234107867673001,0.000234107867673001,0.000234107867673001,0.000201134928564127,0.000201134928564127,0.000201134928564127,0.000201134928564127,0.000201134928564127,0.000201134928564127,0.000201134928564127,0.000201134928564127,0.000234107867673001,0.000201134928564127,0.000201134928564127,0.000201134928564127,0.000201134928564127,0.000168161989455254,0.000135189050346381,0.000168161989455254,0.000168161989455254,0.000201134928564127,0.000102216111237507,0.000102216111237507,6.9243172128634e-05,0.000102216111237507,6.9243172128634e-05,0.000102216111237507,0.000102216111237507,0.000102216111237507,6.9243172128634e-05,3.29729391088733e-06,6.9243172128634e-05,0.000135189050346381,3.29729391088733e-06,3.62702330197607e-05,3.62702330197607e-05,6.9243172128634e-05,3.62702330197607e-05,3.62702330197607e-05,3.29729391088733e-06,3.62702330197607e-05,3.29729391088733e-06,3.62702330197607e-05,3.62702330197607e-05,3.29729391088733e-06,3.29729391088733e-06,3.29729391088733e-06,3.29729391088733e-06,3.29729391088733e-06,3.29729391088733e-06,3.29729391088733e-06,3.29729391088733e-06,3.29729391088733e-06,3.29729391088733e-06,3.29729391088733e-06,3.29729391088733e-06,3.29729391088733e-06,3.29729391088733e-06,3.29729391088733e-06,3.29729391088733e-06,3.29729391088733e-06,3.29729391088733e-06,3.29729391088733e-06,3.29729391088733e-06,3.29729391088733e-06,3.29729391088733e-06,3.29729391088733e-06,3.29729391088733e-06,3.29729391088733e-06,3.29729391088733e-06,3.29729391088733e-06,3.29729391088733e-06,3.29729391088733e-06,3.29729391088733e-06,3.29729391088733e-06,3.29729391088733e-06,3.29729391088733e-06,3.29729391088733e-06,3.29729391088733e-06,3.29729391088733e-06,3.29729391088733e-06,3.29729391088733e-06,3.29729391088733e-06,3.29729391088733e-06,3.29729391088733e-06,3.29729391088733e-06,3.29729391088733e-06,3.29729391088733e-06,3.29729391088733e-06,3.29729391088733e-06,3.29729391088733e-06,3.29729391088733e-06
0.000102216111237507,0.000102216111237507,0.000102216111237507,0.000102216111237507,0.000102216111237507,0.000102216111237507,0.000102216111237507,6.9243172128634e-05,6.9243172128634e-05,6.9243172128634e-05,6.9243172128634e-05,0.000102216111237507,0.000102216111237507,0.000102216111237507,0.000102216111237507,0.000102216111237507,0.000102216111237507,0.000102216111237507,6.9243172128634e-05,3.62702330197607e-05,6.9243172128634e-05,6.9243172128634e-05,6.9243172128634e-05,3.62702330197607e-05,6.9243172128634e-05,0.000135189050346381,0.000102216111237507,0.000102216111237507,0.000102216111237507,0.000168161989455254,0.000135189050346381,0.000135189050346381,3.62702330197607e-05,6.9243172128634e-05,3.29729391088733e-06,3.62702330197607e-05,3.62702330197607e-05,0.000102216111237507,6.9243172128634e-05,3.29729391088733e-06,3.29729391088733e-06,3.62702330197607e-05,3.62702330197607e-05,3.62702330197607e-05,3.62702330197607e-05,0.000135189050346381,3.29729391088733e-06,3.29729391088733e-06,3.62702330197607e-05,6.9243172128634e-05,3.29729391088733e-06,3.29729391088733e-06,3.29729391088733e-06,3.29729391088733e-06,3.29729391088733e-06,3.29729391088733e-06,3.29729391088733e-06,3.29729391088733e-06,3.29729391088733e-06,3.29729391088733e-06,3.29729391088733e-06,3.29729391088733e-06,3.29729391088733e-06,3.29729391088733e-06,3.29729391088733e-06,3.29729391088733e-06,3.29729391088733e-06,3.29729391088733e-06,3.29729391088733e-06,3.29729391088733e-06,3.29729391088733e-06,3.29729391088733e-06,3.29729391088733e-06,3.29729391088733e-06,3.29729391088733e-06,3.29729391088733e-06,3.29729391088733e-06,3.29729391088733e-06,3.29729391088733e-06,3.29729391088733e-06,3.29729391088733e-06,3.29729391088733e-06,3.29729391088733e-06,3.29729391088733e-06,3.29729391088733e-06,3.29729391088733e-06,3.29729391088733e-06,3.29729391088733e-06,3.29729391088733e-06,3.29729391088733e-06,3.29729391088733e-06,3.29729391088733e-06,3.29729391088733e-06,3.29729391088733e-06,3.29729391088733e-06,3.29729391088733e-06,3.29729391088733e-06,3.29729391088733e-06,3.29729391088733e-06,3.29729391088733e-06
6.9243172128634e-05,6.9243172128634e-05,6.9243172128634e-05,6.9243172128634e-05,6.9243172128634e-05,6.9243172128634e-05,6.9243172128634e-05,0.000102216111237507,0.000102216111237507,0.000102216111237507,0.000102216111237507,6.9243172128634e-05,6.9243172128634e-05,6.9243172128634e-05,6.9243172128634e-05,6.9243172128634e-05,6.9243172128634e-05,6.9243172128634e-05,6.9243172128634e-05,0.000102216111237507,0.000102216111237507,0.000102216111237507,6.9243172128634e-05,0.000102216111237507,6.9243172128634e-05,3.62702330197607e-05,6.9243172128634e-05,0.000168161989455254,0.000168161989455254,0.000201134928564127,0.000168161989455254,0.000168161989455254,0.000135189050346381,6.9243172128634e-05,0.000102216111237507,6.9243172128634e-05,0.000102216111237507,0.000102216111237507,0.000168161989455254,3.62702330197607e-05,3.62702330197607e-05,3.29729391088733e-06,3.29729391088733e-06,3.29729391088733e-06,6.9243172128634e-05,3.29729391088733e-06,3.62702330197607e-05,3.29729391088733e-06,3.62702330197607e-05,0.000102216111237507,3.62702330197607e-05,3.29729391088733e-06,3.29729391088733e-06,3.29729391088733e-06,3.29729391088733e-06,3.29729391088733e-06,3.29729391088733e-06,3.29729391088733e-06,3.29729391088733e-06,3.29729391088733e-06,3.29729391088733e-06,3.29729391088733e-06,3.29729391088733e-06,3.29729391088733e-06,3.29729391088733e-06,3.29729391088733e-06,3.29729391088733e-06,3.29729391088733e-06,3.29729391088733e-06,3.29729391088733e-06,3.29729391088733e-06,3.29729391088733e-06,3.29729391088733e-06,3.29729391088733e-06,3.29729391088733e-06,3.29729391088733e-06,3.29729391088733e-06,3.29729391088733e-06,3.29729391088733e-06,3.29729391088733e-06,3.29729391088733e-06,3.29729391088733e-06,3.29729391088733e-06,3.29729391088733e-06,3.29729391088733e-06,3.29729391088733e-06,3.29729391088733e-06,3.29729391088733e-06,3.29729391088733e-06,3.29729391088733e-06,3.29729391088733e-06,3.29729391088733e-06,3.29729391088733e-06,3.29729391088733e-06,3.29729391088733e-06,3.29729391088733e-06,3.29729391088733e-06,3.29729391088733e-06,3.29729391088733e-06,3.29729391088733e-06
0.000102216111237507,0.000102216111237507,0.000102216111237507,0.000102216111237507,0.000102216111237507,0.000102216111237507,0.000102216111237507,0.000102216111237507,0.000102216111237507,0.000102216111237507,0.000102216111237507,0.000135189050346381,0.000135189050346381,0.000135189050346381,0.000135189050346381,0.000102216111237507,3.62702330197607e-05,3.62702330197607e-05,6.9243172128634e-05,6.9243172128634e-05,6.9243172128634e-05,6.9243172128634e-05,0.000102216111237507,0.000102216111237507,0.000135189050346381,6.9243172128634e-05,3.62702330197607e-05,3.29729391088733e-06,3.29729391088733e-06,3.29729391088733e-06,0.000135189050346381,0.000201134928564127,0.000135189050346381,0.000102216111237507,3.29729391088733e-06,6.9243172128634e-05,3.62702330197607e-05,3.62702330197607e-05,3.62702330197607e-05,3.62702330197607e-05,3.62702330197607e-05,3.62702330197607e-05,3.29729391088733e-06,3.62702330197607e-05,3.62702330197607e-05,3.62702330197607e-05,3.62702330197607e-05,3.29729391088733e-06,3.29729391088733e-06,3.29729391088733e-06,3.29729391088733e-06,3.29729391088733e-06,3.62702330197607e-05,3.29729391088733e-06,3.29729391088733e-06,3.29729391088733e-06,3.29729391088733e-06,3.29729391088733e-06,3.29729391088733e-06,3.29729391088733e-06,3.29729391088733e-06,3.29729391088733e-06,3.29729391088733e-06,3.29729391088733e-06,3.29729391088733e-06,3.29729391088733e-06,3.29729391088733e-06,3.29729391088733e-06,3.29729391088733e-06,3.29729391088733e-06,3.29729391088733e-06,3.29729391088733e-06,3.29729391088733e-06,3.29729391088733e-06,3.29729391088733e-06,3.29729391088733e-06,3.29729391088733e-06,3.29729391088733e-06,3.29729391088733e-06,3.29729391088733e-06,3.29729391088733e-06,3.29729391088733e-06,3.29729391088733e-06,3.29729391088733e-06,3.29729391088733e-06,3.29729391088733e-06,3.29729391088733e-06,3.29729391088733e-06,3.29729391088733e-06,3.29729391088733e-06,3.29729391088733e-06,3.29729391088733e-06,3.29729391088733e-06,3.29729391088733e-06,3.29729391088733e-06,3.29729391088733e-06,3.29729391088733e-06,3.29729391088733e-06,3.29729391088733e-06,3.29729391088733e-06
0.000201134928564127,0.000201134928564127,0.000201134928564127,0.000201134928564127,0.000201134928564127,0.000201134928564127,0.000201134928564127,0.000201134928564127,0.000201134928564127,0.000201134928564127,0.000201134928564127,0.000201134928564127,0.000201134928564127,0.000168161989455254,0.000168161989455254,0.000201134928564127,0.000267080806781874,0.000267080806781874,0.000267080806781874,0.000201134928564127,0.000201134928564127,0.000135189050346381,0.000102216111237507,0.000102216111237507,6.9243172128634e-05,0.000135189050346381,0.000135189050346381,0.000168161989455254,0.000168161989455254,0.000135189050346381,0.000102216111237507,3.29729391088733e-06,0.000135189050346381,0.000168161989455254,0.000168161989455254,0.000102216111237507,0.000102216111237507,3.62702330197607e-05,0.000102216111237507,0.000168161989455254,6.9243172128634e-05,0.000102216111237507,3.62702330197607e-05,6.9243172128634e-05,3.62702330197607e-05,6.9243172128634e-05,3.62702330197607e-05,3.62702330197607e-05,3.29729391088733e-06,3.29729391088733e-06,3.29729391088733e-06,3.29729391088733e-06,3.62702330197607e-05,3.29729391088733e-06,3.29729391088733e-06,3.29729391088733e-06,3.29729391088733e-06,3.29729391088733e-06,3.29729391088733e-06,3.29729391088733e-06,3.29729391088733e-06,3.29729391088733e-06,3.29729391088733e-06,3.29729391088733e-06,3.29729391088733e-06,3.29729391088733e-06,3.29729391088733e-06,3.29729391088733e-06,3.29729391088733e-06,3.29729391088733e-06,3.29729391088733e-06,3.29729391088733e-06,3.29729391088733e-06,3.29729391088733e-06,3.29729391088733e-06,3.29729391088733e-06,3.29729391088733e-06,3.29729391088733e-06,3.29729391088733e-06,3.29729391088733e-06,3.29729391088733e-06,3.29729391088733e-06,3.29729391088733e-06,3.29729391088733e-06,3.29729391088733e-06,3.29729391088733e-06,3.29729391088733e-06,3.29729391088733e-06,3.29729391088733e-06,3.29729391088733e-06,3.29729391088733e-06,3.29729391088733e-06,3.29729391088733e-06,3.29729391088733e-06,3.29729391088733e-06,3.29729391088733e-06,3.29729391088733e-06,3.29729391088733e-06,3.29729391088733e-06,3.29729391088733e-06
0.000135189050346381,0.000135189050346381,0.000135189050346381,0.000135189050346381,0.000135189050346381,0.000135189050346381,0.000135189050346381,0.000135189050346381,0.000135189050346381,0.000135189050346381,0.000135189050346381,0.000135189050346381,0.000135189050346381,0.000168161989455254,0.000135189050346381,0.000102216111237507,0.000102216111237507,3.62702330197607e-05,3.62702330197607e-05,0.000102216111237507,6.9243172128634e-05,0.000135189050346381,0.000135189050346381,6.9243172128634e-05,3.62702330197607e-05,6.9243172128634e-05,0.000102216111237507,0.000102216111237507,6.9243172128634e-05,0.000102216111237507,0.000102216111237507,0.000135189050346381,0.000168161989455254,0.000102216111237507,0.000234107867673001,0.000168161989455254,3.62702330197607e-05,0.000102216111237507,0.000102216111237507,3.62702330197607e-05,6.9243172128634e-05,3.62702330197607e-05,3.62702330197607e-05,3.29729391088733e-06,6.9243172128634e-05,3.62702330197607e-05,3.62702330197607e-05,3.62702330197607e-05,3.29729391088733e-06,3.29729391088733e-06,0.000102216111237507,6.9243172128634e-05,3.29729391088733e-06,6.9243172128634e-05,3.29729391088733e-06,3.29729391088733e-06,3.29729391088733e-06,3.29729391088733e-06,3.29729391088733e-06,3.29729391088733e-06,3.29729391088733e-06,3.29729391088733e-06,3.29729391088733e-06,3.29729391088733e-06,3.29729391088733e-06,3.29729391088733e-06,3.29729391088733e-06,3.29729391088733e-06,3.29729391088733e-06,3.29729391088733e-06,3.29729391088733e-06,3.29729391088733e-06,3.29729391088733e-06,3.29729391088733e-06,3.29729391088733e-06,3.29729391088733e-06,3.29729391088733e-06,3.29729391088733e-06,3.29729391088733e-06,3.29729391088733e-06,3.29729391088733e-06,3.29729391088733e-06,3.29729391088733e-06,3.29729391088733e-06,3.29729391088733e-06,3.29729391088733e-06,3.29729391088733e-06,3.29729391088733e-06,3.29729391088733e-06,3.29729391088733e-06,3.29729391088733e-06,3.29729391088733e-06,3.29729391088733e-06,3.29729391088733e-06,3.29729391088733e-06,3.29729391088733e-06,3.29729391088733e-06,3.29729391088733e-06,3.29729391088733e-06,3.29729391088733e-06
0.000168161989455254,0.000168161989455254,0.000168161989455254,0.000168161989455254,0.000168161989455254,0.000135189050346381,0.000135189050346381,0.000135189050346381,0.000135189050346381,0.000135189050346381,0.000135189050346381,0.000135189050346381,0.000135189050346381,0.000135189050346381,0.000168161989455254,0.000201134928564127,0.000168161989455254,0.000234107867673001,0.000201134928564127,0.000201134928564127,0.000201134928564127,0.000201134928564127,0.000234107867673001,0.000300053745890747,0.000365999624108494,0.000365999624108494,0.000300053745890747,0.000300053745890747,0.000267080806781874,0.000234107867673001,0.000201134928564127,0.000201134928564127,0.000201134928564127,0.000234107867673001,0.000168161989455254,0.000168161989455254,0.000201134928564127,0.000168161989455254,6.9243172128634e-05,0.000135189050346381,3.62702330197607e-05,0.000102216111237507,3.62702330197607e-05,3.62702330197607e-05,3.29729391088733e-06,3.62702330197607e-05,6.9243172128634e-05,3.62702330197607e-05,3.29729391088733e-06,3.29729391088733e-06,3.62702330197607e-05,3.62702330197607e-05,3.29729391088733e-06,3.29729391088733e-06,3.29729391088733e-06,3.29729391088733e-06,3.29729391088733e-06,3.29729391088733e-06,3.29729391088733e-06,3.29729391088733e-06,3.29729391088733e-06,3.29729391088733e-06,3.29729391088733e-06,3.29729391088733e-06,3.29729391088733e-06,3.29729391088733e-06,3.29729391088733e-06,3.29729391088733e-06,3.29729391088733e-06,3.29729391088733e-06,3.29729391088733e-06,3.29729391088733e-06,3.29729391088733e-06,3.29729391088733e-06,3.29729391088733e-06,3.29729391088733e-06,3.29729391088733e-06,3.29729391088733e-06,3.29729391088733e-06,3.29729391088733e-06,3.29729391088733e-06,3.29729391088733e-06,3.29729391088733e-06,3.29729391088733e-06,3.29729391088733e-06,3.29729391088733e-06,3.29729391088733e-06,3.29729391088733e-06,3.29729391088733e-06,3.29729391088733e-06,3.29729391088733e-06,3.29729391088733e-06,3.29729391088733e-06,3.29729391088733e-06,3.29729391088733e-06,3.29729391088733e-06,3.29729391088733e-06,3.29729391088733e-06,3.29729391088733e-06,3.29729391088733e-06
0.000135189050346381,0.000135189050346381,0.000135189050346381,0.000135189050346381,0.000135189050346381,0.000168161989455254,0.000168161989455254,0.000168161989455254,0.000168161989455254,0.000168161989455254,0.000168161989455254,0.000168161989455254,0.000168161989455254,0.000168161989455254,0.000168161989455254,0.000168161989455254,0.000135189050346381,0.000102216111237507,0.000102216111237507,0.000102216111237507,0.000135189050346381,0.000135189050346381,0.000135189050346381,0.000102216111237507,6.9243172128634e-05,6.9243172128634e-05,0.000135189050346381,0.000102216111237507,0.000168161989455254,0.000168161989455254,0.000201134928564127,0.000135189050346381,6.9243172128634e-05,0.000102216111237507,6.9243172128634e-05,0.000201134928564127,0.000168161989455254,0.000201134928564127,0.000201134928564127,0.000135189050346381,0.000267080806781874,0.000102216111237507,0.000135189050346381,3.29729391088733e-06,3.62702330197607e-05,6.9243172128634e-05,6.9243172128634e-05,3.29729391088733e-06,3.62702330197607e-05,3.29729391088733e-06,3.29729391088733e-06,3.29729391088733e-06,3.62702330197607e-05,3.29729391088733e-06,3.62702330197607e-05,3.29729391088733e-06,3.29729391088733e-06,3.29729391088733e-06,3.29729391088733e-06,3.29729391088733e-06,3.29729391088733e-06,3.29729391088733e-06,3.29729391088733e-06,3.29729391088733e-06,3.29729391088733e-06,3.29729391088733e-06,3.29729391088733e-06,3.29729391088733e-06,3.29729391088733e-06,3.29729391088733e-06,3.29729391088733e-06,3.29729391088733e-06,3.29729391088733e-06,3.29729391088733e-06,3.29729391088733e-06,3.29729391088733e-06,3.29729391088733e-06,3.29729391088733e-06,3.29729391088733e-06,3.29729391088733e-06,3.29729391088733e-06,3.29729391088733e-06,3.29729391088733e-06,3.29729391088733e-06,3.29729391088733e-06,3.29729391088733e-06,3.29729391088733e-06,3.29729391088733e-06,3.29729391088733e-06,3.29729391088733e-06,3.29729391088733e-06,3.29729391088733e-06,3.29729391088733e-06,3.29729391088733e-06,3.29729391088733e-06,3.29729391088733e-06,3.29729391088733e-06,3.29729391088733e-06,3.29729391088733e-06,3.29729391088733e-06
0.000102216111237507,0.000102216111237507,0.000102216111237507,0.000102216111237507,0.000102216111237507,0.000102216111237507,0.000102216111237507,0.000102216111237507,0.000102216111237507,0.000102216111237507,0.000102216111237507,0.000102216111237507,0.000102216111237507,0.000102216111237507,0.000102216111237507,0.000102216111237507,0.000168161989455254,0.000168161989455254,0.000201134928564127,0.000201134928564127,0.000135189050346381,0.000135189050346381,0.000135189050346381,0.000135189050346381,0.000168161989455254,0.000135189050346381,0.000135189050346381,0.000135189050346381,0.000102216111237507,0.000102216111237507,0.000102216111237507,0.000168161989455254,0.000234107867673001,0.000135189050346381,0.000168161989455254,3.62702330197607e-05,0.000135189050346381,6.9243172128634e-05,0.000102216111237507,0.000168161989455254,3.29729391088733e-06,6.9243172128634e-05,0.000102216111237507,0.000102216111237507,3.62702330197607e-05,3.62702330197607e-05,3.29729391088733e-06,3.62702330197607e-05,3.62702330197607e-05,3.29729391088733e-06,3.62702330197607e-05,3.29729391088733e-06,3.29729391088733e-06,3.62702330197607e-05,3.62702330197607e-05,3.29729391088733e-06,3.29729391088733e-06,3.29729391088733e-06,3.29729391088733e-06,3.29729391088733e-06,3.29729391088733e-06,3.29729391088733e-06,3.29729391088733e-06,3.29729391088733e-06,3.29729391088733e-06,3.29729391088733e-06,3.29729391088733e-06,3.29729391088733e-06,3.29729391088733e-06,3.29729391088733e-06,3.29729391088733e-06,3.29729391088733e-06,3.29729391088733e-06,3.29729391088733e-06,3.29729391088733e-06,3.29729391088733e-06,3.29729391088733e-06,3.29729391088733e-06,3.29729391088733e-06,3.29729391088733e-06,3.29729391088733e-06,3.29729391088733e-06,3.29729391088733e-06,3.29729391088733e-06,3.29729391088733e-06,3.29729391088733e-06,3.29729391088733e-06,3.29729391088733e-06,3.29729391088733e-06,3.29729391088733e-06,3.29729391088733e-06,3.29729391088733e-06,3.29729391088733e-06,3.29729391088733e-06,3.29729391088733e-06,3.29729391088733e-06,3.29729391088733e-06,3.29729391088733e-06,3.29729391088733e-06,3.29729391088733e-06
0.000168161989455254,0.000168161989455254,0.000168161989455254,0.000168161989455254,0.000168161989455254,0.000168161989455254,0.000168161989455254,0.000168161989455254,0.000168161989455254,0.000168161989455254,0.000168161989455254,0.000168161989455254,0.000168161989455254,0.000168161989455254,0.000168161989455254,0.000168161989455254,0.000168161989455254,0.000201134928564127,0.000201134928564127,0.000168161989455254,0.000234107867673001,0.000201134928564127,0.000201134928564127,0.000201134928564127,0.000201134928564127,0.000102216111237507,0.000102216111237507,0.000135189050346381,0.000168161989455254,0.000201134928564127,0.000201134928564127,0.000234107867673001,0.000135189050346381,0.000168161989455254,0.000201134928564127,0.000168161989455254,0.000168161989455254,0.000201134928564127,0.000201134928564127,0.000102216111237507,0.000135189050346381,0.000135189050346381,0.000102216111237507,0.000135189050346381,3.62702330197607e-05,3.29729391088733e-06,6.9243172128634e-05,6.9243172128634e-05,3.29729391088733e-06,3.29729391088733e-06,3.29729391088733e-06,3.62702330197607e-05,3.62702330197607e-05,3.29729391088733e-06,3.29729391088733e-06,3.29729391088733e-06,3.29729391088733e-06,3.29729391088733e-06,3.29729391088733e-06,3.29729391088733e-06,3.29729391088733e-06,3.29729391088733e-06,3.29729391088733e-06,3.29729391088733e-06,3.29729391088733e-06,3.29729391088733e-06,3.29729391088733e-06,3.29729391088733e-06,3.29729391088733e-06,3.29729391088733e-06,3.29729391088733e-06,3.29729391088733e-06,3.29729391088733e-06,3.29729391088733e-06,3.29729391088733e-06,3.29729391088733e-06,3.29729391088733e-06,3.29729391088733e-06,3.29729391088733e-06,3.29729391088733e-06,3.29729391088733e-06,3.29729391088733e-06,3.29729391088733e-06,3.29729391088733e-06,3.29729391088733e-06,3.29729391088733e-06,3.29729391088733e-06,3.29729391088733e-06,3.29729391088733e-06,3.29729391088733e-06,3.29729391088733e-06,3.29729391088733e-06,3.29729391088733e-06,3.29729391088733e-06,3.29729391088733e-06,3.29729391088733e-06,3.29729391088733e-06,3.29729391088733e-06,3.29729391088733e-06,3.29729391088733e-06
0.000102216111237507,0.000102216111237507,0.000102216111237507,0.000102216111237507,0.000102216111237507,0.000102216111237507,0.000102216111237507,0.000102216111237507,0.000102216111237507,0.000102216111237507,0.000102216111237507,0.000102216111237507,0.000102216111237507,0.000102216111237507,0.000102216111237507,0.000102216111237507,0.000102216111237507,0.000102216111237507,0.000102216111237507,0.000102216111237507,0.000102216111237507,0.000135189050346381,0.000135189050346381,0.000168161989455254,0.000168161989455254,0.000234107867673001,0.000201134928564127,0.000135189050346381,0.000135189050346381,0.000102216111237507,0.000102216111237507,0.000135189050346381,0.000201134928564127,0.000267080806781874,0.000234107867673001,0.000267080806781874,0.000201134928564127,0.000135189050346381,6.9243172128634e-05,0.000135189050346381,3.62702330197607e-05,3.62702330197607e-05,3.62702330197607e-05,0.000102216111237507,3.29729391088733e-06,0.000102216111237507,0.000102216111237507,3.62702330197607e-05,3.62702330197607e-05,6.9243172128634e-05,3.29729391088733e-06,3.29729391088733e-06,3.29729391088733e-06,3.29729391088733e-06,3.29729391088733e-06,3.29729391088733e-06,3.29729391088733e-06,3.29729391088733e-06,3.29729391088733e-06,3.29729391088733e-06,3.29729391088733e-06,3.29729391088733e-06,3.29729391088733e-06,3.29729391088733e-06,3.29729391088733e-06,3.29729391088733e-06,3.29729391088733e-06,3.29729391088733e-06,3.29729391088733e-06,3.29729391088733e-06,3.29729391088733e-06,3.29729391088733e-06,3.29729391088733e-06,3.29729391088733e-06,3.29729391088733e-06,3.29729391088733e-06,3.29729391088733e-06,3.29729391088733e-06,3.29729391088733e-06,3.29729391088733e-06,3.29729391088733e-06,3.29729391088733e-06,3.29729391088733e-06,3.29729391088733e-06,3.29729391088733e-06,3.29729391088733e-06,3.29729391088733e-06,3.29729391088733e-06,3.29729391088733e-06,3.29729391088733e-06,3.29729391088733e-06,3.29729391088733e-06,3.29729391088733e-06,3.29729391088733e-06,3.29729391088733e-06,3.29729391088733e-06,3.29729391088733e-06,3.29729391088733e-06,3.29729391088733e-06,3.29729391088733e-06
0.000201134928564127,0.000201134928564127,0.000201134928564127,0.000201134928564127,0.000201134928564127,0.000201134928564127,0.000201134928564127,0.000135189050346381,0.000135189050346381,0.000135189050346381,0.000135189050346381,0.000135189050346381,0.000135189050346381,0.000135189050346381,0.000135189050346381,0.000135189050346381,0.000135189050346381,0.000135189050346381,0.000102216111237507,0.000135189050346381,0.000135189050346381,0.000135189050346381,0.000135189050346381,6.9243172128634e-05,6.9243172128634e-05,0.000135189050346381,0.000135189050346381,0.000102216111237507,0.000102216111237507,0.000102216111237507,6.9243172128634e-05,6.9243172128634e-05,0.000135189050346381,0.000135189050346381,0.000102216111237507,0.000135189050346381,0.000201134928564127,0.000135189050346381,0.000234107867673001,0.000168161989455254,0.000267080806781874,0.000201134928564127,0.000135189050346381,6.9243172128634e-05,0.000135189050346381,3.29729391088733e-06,3.62702330197607e-05,3.29729391088733e-06,3.29729391088733e-06,3.29729391088733e-06,3.29729391088733e-06,6.9243172128634e-05,3.62702330197607e-05,3.62702330197607e-05,6.9243172128634e-05,3.29729391088733e-06,3.29729391088733e-06,3.29729391088733e-06,3.29729391088733e-06,3.29729391088733e-06,3.29729391088733e-06,3.29729391088733e-06,3.29729391088733e-06,3.29729391088733e-06,3.29729391088733e-06,3.29729391088733e-06,3.29729391088733e-06,3.29729391088733e-06,3.29729391088733e-06,3.29729391088733e-06,3.29729391088733e-06,3.29729391088733e-06,3.29729391088733e-06,3.29729391088733e-06,3.29729391088733e-06,3.29729391088733e-06,3.29729391088733e-06,3.29729391088733e-06,3.29729391088733e-06,3.29729391088733e-06,3.29729391088733e-06,3.29729391088733e-06,3.29729391088733e-06,3.29729391088733e-06,3.29729391088733e-06,3.29729391088733e-06,3.29729391088733e-06,3.29729391088733e-06,3.29729391088733e-06,3.29729391088733e-06,3.29729391088733e-06,3.29729391088733e-06,3.29729391088733e-06,3.29729391088733e-06,3.29729391088733e-06,3.29729391088733e-06,3.29729391088733e-06,3.29729391088733e-06,3.29729391088733e-06,3.29729391088733e-06
0.000333026684999621,0.000333026684999621,0.000333026684999621,0.000333026684999621,0.000333026684999621,0.000333026684999621,0.000333026684999621,0.000398972563217367,0.000398972563217367,0.000398972563217367,0.000398972563217367,0.000365999624108494,0.000365999624108494,0.000365999624108494,0.000333026684999621,0.000333026684999621,0.000300053745890747,0.000300053745890747,0.000267080806781874,0.000234107867673001,0.000234107867673001,0.000234107867673001,0.000234107867673001,0.000300053745890747,0.000234107867673001,0.000201134928564127,0.000102216111237507,0.000168161989455254,0.000168161989455254,0.000135189050346381,0.000168161989455254,0.000102216111237507,3.62702330197607e-05,6.9243172128634e-05,0.000102216111237507,0.000135189050346381,0.000102216111237507,0.000168161989455254,0.000135189050346381,0.000102216111237507,0.000168161989455254,0.000135189050346381,0.000168161989455254,0.000135189050346381,0.000102216111237507,3.62702330197607e-05,6.9243172128634e-05,0.000102216111237507,3.29729391088733e-06,6.9243172128634e-05,3.29729391088733e-06,6.9243172128634e-05,3.29729391088733e-06,3.29729391088733e-06,3.29729391088733e-06,3.62702330197607e-05,3.29729391088733e-06,3.29729391088733e-06,3.29729391088733e-06,3.29729391088733e-06,3.29729391088733e-06,3.29729391088733e-06,3.29729391088733e-06,3.29729391088733e-06,3.29729391088733e-06,3.29729391088733e-06,3.29729391088733e-06,3.29729391088733e-06,3.29729391088733e-06,3.29729391088733e-06,3.29729391088733e-06,3.29729391088733e-06,3.29729391088733e-06,3.29729391088733e-06,3.29729391088733e-06,3.29729391088733e-06,3.29729391088733e-06,3.29729391088733e-06,3.29729391088733e-06,3.29729391088733e-06,3.29729391088733e-06,3.29729391088733e-06,3.29729391088733e-06,3.29729391088733e-06,3.29729391088733e-06,3.29729391088733e-06,3.29729391088733e-06,3.29729391088733e-06,3.29729391088733e-06,3.29729391088733e-06,3.29729391088733e-06,3.29729391088733e-06,3.29729391088733e-06,3.29729391088733e-06,3.29729391088733e-06,3.29729391088733e-06,3.29729391088733e-06,3.29729391088733e-06,3.29729391088733e-06,3.29729391088733e-06
0.000267080806781874,0.000267080806781874,0.000267080806781874,0.000267080806781874,0.000267080806781874,0.000267080806781874,0.000267080806781874,0.000267080806781874,0.000267080806781874,0.000234107867673001,0.000234107867673001,0.000267080806781874,0.000267080806781874,0.000267080806781874,0.000300053745890747,0.000300053745890747,0.000333026684999621,0.000333026684999621,0.000398972563217367,0.000333026684999621,0.000333026684999621,0.000300053745890747,0.000300053745890747,0.000267080806781874,0.000267080806781874,0.000267080806781874,0.000398972563217367,0.000333026684999621,0.000267080806781874,0.000234107867673001,0.000135189050346381,0.000168161989455254,0.000135189050346381,0.000102216111237507,6.9243172128634e-05,0.000135189050346381,0.000135189050346381,0.000135189050346381,0.000102216111237507,0.000300053745890747,0.000201134928564127,0.000234107867673001,6.9243172128634e-05,6.9243172128634e-05,6.9243172128634e-05,3.62702330197607e-05,3.29729391088733e-06,6.9243172128634e-05,0.000135189050346381,3.62702330197607e-05,3.29729391088733e-06,3.29729391088733e-06,3.29729391088733e-06,3.29729391088733e-06,3.29729391088733e-06,3.62702330197607e-05,3.62702330197607e-05,3.29729391088733e-06,3.29729391088733e-06,3.29729391088733e-06,3.29729391088733e-06,3.29729391088733e-06,3.29729391088733e-06,3.29729391088733e-06,3.29729391088733e-06,3.29729391088733e-06,3.29729391088733e-06,3.29729391088733e-06,3.29729391088733e-06,3.29729391088733e-06,3.29729391088733e-06,3.29729391088733e-06,3.29729391088733e-06,3.29729391088733e-06,3.29729391088733e-06,3.29729391088733e-06,3.29729391088733e-06,3.29729391088733e-06,3.29729391088733e-06,3.29729391088733e-06,3.29729391088733e-06,3.29729391088733e-06,3.29729391088733e-06,3.29729391088733e-06,3.29729391088733e-06,3.29729391088733e-06,3.29729391088733e-06,3.29729391088733e-06,3.29729391088733e-06,3.29729391088733e-06,3.29729391088733e-06,3.29729391088733e-06,3.29729391088733e-06,3.29729391088733e-06,3.29729391088733e-06,3.29729391088733e-06,3.29729391088733e-06,3.29729391088733e-06,3.29729391088733e-06,3.29729391088733e-06
0.000168161989455254,0.000168161989455254,0.000168161989455254,0.000168161989455254,0.000168161989455254,0.000168161989455254,0.000168161989455254,0.000168161989455254,0.000168161989455254,0.000201134928564127,0.000201134928564127,0.000201134928564127,0.000201134928564127,0.000201134928564127,0.000201134928564127,0.000201134928564127,0.000168161989455254,0.000168161989455254,0.000168161989455254,0.000267080806781874,0.000234107867673001,0.000234107867673001,0.000201134928564127,0.000201134928564127,0.000201134928564127,0.000201134928564127,0.000168161989455254,0.000267080806781874,0.000333026684999621,0.000398972563217367,0.000431945502326241,0.000300053745890747,0.000300053745890747,0.000234107867673001,0.000201134928564127,0.000168161989455254,0.000201134928564127,0.000168161989455254,0.000102216111237507,3.62702330197607e-05,0.000168161989455254,0.000135189050346381,0.000168161989455254,0.000135189050346381,0.000102216111237507,6.9243172128634e-05,3.29729391088733e-06,6.9243172128634e-05,6.9243172128634e-05,3.29729391088733e-06,6.9243172128634e-05,3.29729391088733e-06,3.29729391088733e-06,3.29729391088733e-06,3.29729391088733e-06,3.29729391088733e-06,3.29729391088733e-06,3.29729391088733e-06,3.29729391088733e-06,3.29729391088733e-06,3.29729391088733e-06,3.29729391088733e-06,3.29729391088733e-06,3.29729391088733e-06,3.29729391088733e-06,3.29729391088733e-06,3.29729391088733e-06,3.29729391088733e-06,3.29729391088733e-06,3.29729391088733e-06,3.29729391088733e-06,3.29729391088733e-06,3.29729391088733e-06,3.29729391088733e-06,3.29729391088733e-06,3.29729391088733e-06,3.29729391088733e-06,3.29729391088733e-06,3.29729391088733e-06,3.29729391088733e-06,3.29729391088733e-06,3.29729391088733e-06,3.29729391088733e-06,3.29729391088733e-06,3.29729391088733e-06,3.29729391088733e-06,3.29729391088733e-06,3.29729391088733e-06,3.29729391088733e-06,3.29729391088733e-06,3.29729391088733e-06,3.29729391088733e-06,3.29729391088733e-06,3.29729391088733e-06,3.29729391088733e-06,3.29729391088733e-06,3.29729391088733e-06,3.29729391088733e-06,3.29729391088733e-06,3.29729391088733e-06
0.000267080806781874,0.000267080806781874,0.000267080806781874,0.000267080806781874,0.000267080806781874,0.000267080806781874,0.000267080806781874,0.000267080806781874,0.000267080806781874,0.000267080806781874,0.000267080806781874,0.000267080806781874,0.000267080806781874,0.000267080806781874,0.000267080806781874,0.000267080806781874,0.000300053745890747,0.000300053745890747,0.000300053745890747,0.000300053745890747,0.000300053745890747,0.000333026684999621,0.000365999624108494,0.000398972563217367,0.000464918441435114,0.000398972563217367,0.000333026684999621,0.000333026684999621,0.000300053745890747,0.000234107867673001,0.000201134928564127,0.000300053745890747,0.000333026684999621,0.000267080806781874,0.000234107867673001,6.9243172128634e-05,3.29729391088733e-06,0.000168161989455254,0.000234107867673001,0.000168161989455254,0.000135189050346381,0.000201134928564127,0.000201134928564127,0.000201134928564127,0.000135189050346381,0.000102216111237507,6.9243172128634e-05,6.9243172128634e-05,3.62702330197607e-05,3.29729391088733e-06,3.29729391088733e-06,3.29729391088733e-06,3.29729391088733e-06,3.29729391088733e-06,3.62702330197607e-05,3.62702330197607e-05,3.29729391088733e-06,3.29729391088733e-06,3.29729391088733e-06,3.29729391088733e-06,3.29729391088733e-06,3.29729391088733e-06,3.29729391088733e-06,3.29729391088733e-06,3.29729391088733e-06,3.29729391088733e-06,3.29729391088733e-06,3.29729391088733e-06,3.29729391088733e-06,3.29729391088733e-06,3.29729391088733e-06,3.29729391088733e-06,3.29729391088733e-06,3.29729391088733e-06,3.29729391088733e-06,3.29729391088733e-06,3.29729391088733e-06,3.29729391088733e-06,3.29729391088733e-06,3.29729391088733e-06,3.29729391088733e-06,3.29729391088733e-06,3.29729391088733e-06,3.29729391088733e-06,3.29729391088733e-06,3.29729391088733e-06,3.29729391088733e-06,3.29729391088733e-06,3.29729391088733e-06,3.29729391088733e-06,3.29729391088733e-06,3.29729391088733e-06,3.29729391088733e-06,3.29729391088733e-06,3.29729391088733e-06,3.29729391088733e-06,3.29729391088733e-06,3.29729391088733e-06,3.29729391088733e-06,3.29729391088733e-06
0.000333026684999621,0.000333026684999621,0.000333026684999621,0.000333026684999621,0.000333026684999621,0.000333026684999621,0.000333026684999621,0.000333026684999621,0.000300053745890747,0.000300053745890747,0.000300053745890747,0.000300053745890747,0.000300053745890747,0.000300053745890747,0.000300053745890747,0.000300053745890747,0.000300053745890747,0.000267080806781874,0.000267080806781874,0.000234107867673001,0.000234107867673001,0.000234107867673001,0.000234107867673001,0.000201134928564127,0.000201134928564127,0.000234107867673001,0.000300053745890747,0.000300053745890747,0.000300053745890747,0.000234107867673001,0.000365999624108494,0.000333026684999621,0.000365999624108494,0.000431945502326241,0.000464918441435114,0.000431945502326241,0.000365999624108494,0.000168161989455254,0.000135189050346381,0.000135189050346381,6.9243172128634e-05,6.9243172128634e-05,0.000135189050346381,0.000168161989455254,0.000168161989455254,6.9243172128634e-05,3.62702330197607e-05,3.62702330197607e-05,6.9243172128634e-05,6.9243172128634e-05,3.62702330197607e-05,3.29729391088733e-06,0.000102216111237507,6.9243172128634e-05,3.29729391088733e-06,3.29729391088733e-06,3.29729391088733e-06,3.29729391088733e-06,3.29729391088733e-06,3.29729391088733e-06,3.29729391088733e-06,3.29729391088733e-06,3.29729391088733e-06,3.29729391088733e-06,3.29729391088733e-06,3.29729391088733e-06,3.29729391088733e-06,3.29729391088733e-06,3.29729391088733e-06,3.29729391088733e-06,3.29729391088733e-06,3.29729391088733e-06,3.29729391088733e-06,3.29729391088733e-06,3.29729391088733e-06,3.29729391088733e-06,3.29729391088733e-06,3.29729391088733e-06,3.29729391088733e-06,3.29729391088733e-06,3.29729391088733e-06,3.29729391088733e-06,3.29729391088733e-06,3.29729391088733e-06,3.29729391088733e-06,3.29729391088733e-06,3.29729391088733e-06,3.29729391088733e-06,3.29729391088733e-06,3.29729391088733e-06,3.29729391088733e-06,3.29729391088733e-06,3.29729391088733e-06,3.29729391088733e-06,3.29729391088733e-06,3.29729391088733e-06,3.29729391088733e-06,3.29729391088733e-06,3.29729391088733e-06,3.29729391088733e-06
0.000168161989455254,0.000168161989455254,0.000168161989455254,0.000168161989455254,0.000168161989455254,0.000168161989455254,0.000168161989455254,0.000168161989455254,0.000201134928564127,0.000201134928564127,0.000201134928564127,0.000168161989455254,0.000168161989455254,0.000168161989455254,0.000168161989455254,0.000168161989455254,0.000168161989455254,0.000168161989455254,0.000135189050346381,0.000135189050346381,0.000168161989455254,0.000135189050346381,0.000135189050346381,0.000135189050346381,0.000102216111237507,0.000168161989455254,0.000102216111237507,0.000102216111237507,0.000135189050346381,0.000234107867673001,0.000135189050346381,0.000102216111237507,0.000135189050346381,0.000234107867673001,0.000267080806781874,0.000333026684999621,0.000267080806781874,0.000234107867673001,0.000300053745890747,0.000168161989455254,0.000201134928564127,0.000135189050346381,0.000102216111237507,3.62702330197607e-05,0.000168161989455254,0.000201134928564127,6.9243172128634e-05,3.62702330197607e-05,3.29729391088733e-06,3.62702330197607e-05,3.62702330197607e-05,3.62702330197607e-05,3.29729391088733e-06,3.29729391088733e-06,3.29729391088733e-06,3.29729391088733e-06,3.29729391088733e-06,3.62702330197607e-05,3.29729391088733e-06,3.29729391088733e-06,3.29729391088733e-06,3.29729391088733e-06,3.29729391088733e-06,3.29729391088733e-06,3.29729391088733e-06,3.29729391088733e-06,3.29729391088733e-06,3.29729391088733e-06,3.29729391088733e-06,3.29729391088733e-06,3.29729391088733e-06,3.29729391088733e-06,3.29729391088733e-06,3.29729391088733e-06,3.29729391088733e-06,3.29729391088733e-06,3.29729391088733e-06,3.29729391088733e-06,3.29729391088733e-06,3.29729391088733e-06,3.29729391088733e-06,3.29729391088733e-06,3.29729391088733e-06,3.29729391088733e-06,3.29729391088733e-06,3.29729391088733e-06,3.29729391088733e-06,3.29729391088733e-06,3.29729391088733e-06,3.29729391088733e-06,3.29729391088733e-06,3.29729391088733e-06,3.29729391088733e-06,3.29729391088733e-06,3.29729391088733e-06,3.29729391088733e-06,3.29729391088733e-06,3.29729391088733e-06,3.29729391088733e-06,3.29729391088733e-06
0.000201134928564127,0.000201134928564127,0.000201134928564127,0.000201134928564127,0.000201134928564127,0.000201134928564127,0.000201134928564127,0.000201134928564127,0.000201134928564127,0.000201134928564127,0.000201134928564127,0.000234107867673001,0.000234107867673001,0.000234107867673001,0.000234107867673001,0.000234107867673001,0.000201134928564127,0.000234107867673001,0.000234107867673001,0.000267080806781874,0.000267080806781874,0.000300053745890747,0.000300053745890747,0.000333026684999621,0.000300053745890747,0.000267080806781874,0.000300053745890747,0.000201134928564127,0.000201134928564127,0.000201134928564127,0.000267080806781874,0.000300053745890747,0.000201134928564127,0.000168161989455254,0.000234107867673001,0.000201134928564127,0.000267080806781874,0.000267080806781874,0.000201134928564127,0.000267080806781874,0.000234107867673001,0.000234107867673001,0.000267080806781874,0.000234107867673001,0.000234107867673001,0.000267080806781874,0.000201134928564127,6.9243172128634e-05,6.9243172128634e-05,6.9243172128634e-05,6.9243172128634e-05,6.9243172128634e-05,3.29729391088733e-06,3.29729391088733e-06,3.62702330197607e-05,3.62702330197607e-05,3.62702330197607e-05,3.29729391088733e-06,3.29729391088733e-06,3.29729391088733e-06,3.29729391088733e-06,3.29729391088733e-06,3.29729391088733e-06,3.29729391088733e-06,3.29729391088733e-06,3.29729391088733e-06,3.29729391088733e-06,3.29729391088733e-06,3.29729391088733e-06,3.29729391088733e-06,3.29729391088733e-06,3.29729391088733e-06,3.29729391088733e-06,3.29729391088733e-06,3.29729391088733e-06,3.29729391088733e-06,3.29729391088733e-06,3.29729391088733e-06,3.29729391088733e-06,3.29729391088733e-06,3.29729391088733e-06,3.29729391088733e-06,3.29729391088733e-06,3.29729391088733e-06,3.29729391088733e-06,3.29729391088733e-06,3.29729391088733e-06,3.29729391088733e-06,3.29729391088733e-06,3.29729391088733e-06,3.29729391088733e-06,3.29729391088733e-06,3.29729391088733e-06,3.29729391088733e-06,3.29729391088733e-06,3.29729391088733e-06,3.29729391088733e-06,3.29729391088733e-06,3.29729391088733e-06,3.29729391088733e-06
0.000300053745890747,0.000300053745890747,0.000300053745890747,0.000300053745890747,0.000300053745890747,0.000300053745890747,0.000300053745890747,0.000300053745890747,0.000300053745890747,0.000300053745890747,0.000300053745890747,0.000300053745890747,0.000300053745890747,0.000300053745890747,0.000300053745890747,0.000300053745890747,0.000333026684999621,0.000333026684999621,0.000365999624108494,0.000333026684999621,0.000333026684999621,0.000333026684999621,0.000333026684999621,0.000300053745890747,0.000333026684999621,0.000300053745890747,0.000300053745890747,0.000365999624108494,0.000234107867673001,0.000267080806781874,0.000234107867673001,0.000234107867673001,0.000168161989455254,0.000201134928564127,0.000168161989455254,0.000201134928564127,0.000333026684999621,0.000267080806781874,0.000267080806781874,0.000267080806781874,0.000267080806781874,0.000267080806781874,0.000168161989455254,0.000102216111237507,0.000135189050346381,0.000102216111237507,6.9243172128634e-05,0.000102216111237507,3.29729391088733e-06,3.62702330197607e-05,3.62702330197607e-05,3.62702330197607e-05,6.9243172128634e-05,3.29729391088733e-06,3.29729391088733e-06,3.29729391088733e-06,3.29729391088733e-06,3.29729391088733e-06,3.29729391088733e-06,3.29729391088733e-06,3.29729391088733e-06,3.29729391088733e-06,3.29729391088733e-06,3.29729391088733e-06,3.29729391088733e-06,3.29729391088733e-06,3.29729391088733e-06,3.29729391088733e-06,3.29729391088733e-06,3.29729391088733e-06,3.29729391088733e-06,3.29729391088733e-06,3.29729391088733e-06,3.29729391088733e-06,3.29729391088733e-06,3.29729391088733e-06,3.29729391088733e-06,3.29729391088733e-06,3.29729391088733e-06,3.29729391088733e-06,3.29729391088733e-06,3.29729391088733e-06,3.29729391088733e-06,3.29729391088733e-06,3.29729391088733e-06,3.29729391088733e-06,3.29729391088733e-06,3.29729391088733e-06,3.29729391088733e-06,3.29729391088733e-06,3.29729391088733e-06,3.29729391088733e-06,3.29729391088733e-06,3.29729391088733e-06,3.29729391088733e-06,3.29729391088733e-06,3.29729391088733e-06,3.29729391088733e-06,3.29729391088733e-06,3.29729391088733e-06
0.000398972563217367,0.000398972563217367,0.000398972563217367,0.000398972563217367,0.000398972563217367,0.000398972563217367,0.000398972563217367,0.000398972563217367,0.000398972563217367,0.000398972563217367,0.000398972563217367,0.000398972563217367,0.000398972563217367,0.000398972563217367,0.000398972563217367,0.000365999624108494,0.000333026684999621,0.000300053745890747,0.000234107867673001,0.000234107867673001,0.000234107867673001,0.000201134928564127,0.000201134928564127,0.000234107867673001,0.000234107867673001,0.000234107867673001,0.000267080806781874,0.000234107867673001,0.000267080806781874,0.000234107867673001,0.000267080806781874,0.000300053745890747,0.000300053745890747,0.000267080806781874,0.000201134928564127,0.000168161989455254,3.62702330197607e-05,0.000267080806781874,0.000201134928564127,0.000201134928564127,0.000168161989455254,0.000201134928564127,0.000267080806781874,0.000168161989455254,0.000102216111237507,0.000168161989455254,0.000102216111237507,6.9243172128634e-05,0.000135189050346381,6.9243172128634e-05,3.62702330197607e-05,6.9243172128634e-05,3.62702330197607e-05,0.000102216111237507,3.29729391088733e-06,3.29729391088733e-06,3.29729391088733e-06,3.62702330197607e-05,3.29729391088733e-06,3.29729391088733e-06,3.29729391088733e-06,3.29729391088733e-06,3.29729391088733e-06,3.29729391088733e-06,3.29729391088733e-06,3.29729391088733e-06,3.29729391088733e-06,3.29729391088733e-06,3.29729391088733e-06,3.29729391088733e-06,3.29729391088733e-06,3.29729391088733e-06,3.29729391088733e-06,3.29729391088733e-06,3.29729391088733e-06,3.29729391088733e-06,3.29729391088733e-06,3.29729391088733e-06,3.29729391088733e-06,3.29729391088733e-06,3.29729391088733e-06,3.29729391088733e-06,3.29729391088733e-06,3.29729391088733e-06,3.29729391088733e-06,3.29729391088733e-06,3.29729391088733e-06,3.29729391088733e-06,3.29729391088733e-06,3.29729391088733e-06,3.29729391088733e-06,3.29729391088733e-06,3.29729391088733e-06,3.29729391088733e-06,3.29729391088733e-06,3.29729391088733e-06,3.29729391088733e-06,3.29729391088733e-06,3.29729391088733e-06,3.29729391088733e-06
0.000300053745890747,0.000300053745890747,0.000300053745890747,0.000300053745890747,0.000300053745890747,0.000267080806781874,0.000267080806781874,0.000234107867673001,0.000234107867673001,0.000201134928564127,0.000201134928564127,0.000201134928564127,0.000201134928564127,0.000201134928564127,0.000201134928564127,0.000234107867673001,0.000234107867673001,0.000267080806781874,0.000300053745890747,0.000333026684999621,0.000333026684999621,0.000333026684999621,0.000333026684999621,0.000300053745890747,0.000267080806781874,0.000333026684999621,0.000267080806781874,0.000267080806781874,0.000333026684999621,0.000333026684999621,0.000365999624108494,0.000267080806781874,0.000365999624108494,0.000365999624108494,0.000267080806781874,0.000333026684999621,0.000267080806781874,0.000201134928564127,0.000300053745890747,0.000267080806781874,0.000365999624108494,0.000300053745890747,0.000135189050346381,0.000267080806781874,0.000168161989455254,0.000135189050346381,0.000267080806781874,0.000135189050346381,0.000168161989455254,6.9243172128634e-05,3.62702330197607e-05,3.29729391088733e-06,6.9243172128634e-05,3.29729391088733e-06,3.62702330197607e-05,3.29729391088733e-06,3.29729391088733e-06,3.29729391088733e-06,3.29729391088733e-06,3.29729391088733e-06,3.29729391088733e-06,3.29729391088733e-06,3.29729391088733e-06,3.29729391088733e-06,3.29729391088733e-06,3.29729391088733e-06,3.29729391088733e-06,3.29729391088733e-06,3.29729391088733e-06,3.29729391088733e-06,3.29729391088733e-06,3.29729391088733e-06,3.29729391088733e-06,3.29729391088733e-06,3.29729391088733e-06,3.29729391088733e-06,3.29729391088733e-06,3.29729391088733e-06,3.29729391088733e-06,3.29729391088733e-06,3.29729391088733e-06,3.29729391088733e-06,3.29729391088733e-06,3.29729391088733e-06,3.29729391088733e-06,3.29729391088733e-06,3.29729391088733e-06,3.29729391088733e-06,3.29729391088733e-06,3.29729391088733e-06,3.29729391088733e-06,3.29729391088733e-06,3.29729391088733e-06,3.29729391088733e-06,3.29729391088733e-06,3.29729391088733e-06,3.29729391088733e-06,3.29729391088733e-06,3.29729391088733e-06,3.29729391088733e-06
0.000530864319652861,0.000530864319652861,0.000530864319652861,0.000530864319652861,0.000530864319652861,0.000563837258761734,0.000563837258761734,0.000596810197870608,0.000596810197870608,0.000629783136979481,0.000629783136979481,0.000629783136979481,0.000629783136979481,0.000629783136979481,0.000629783136979481,0.000596810197870608,0.000596810197870608,0.000530864319652861,0.000464918441435114,0.000464918441435114,0.000431945502326241,0.000464918441435114,0.000398972563217367,0.000398972563217367,0.000365999624108494,0.000300053745890747,0.000333026684999621,0.000398972563217367,0.000365999624108494,0.000365999624108494,0.000333026684999621,0.000398972563217367,0.000365999624108494,0.000300053745890747,0.000365999624108494,0.000431945502326241,0.000398972563217367,0.000201134928564127,0.000168161989455254,0.000234107867673001,0.000201134928564127,0.000234107867673001,0.000398972563217367,0.000267080806781874,0.000234107867673001,0.000168161989455254,0.000300053745890747,0.000267080806781874,3.29729391088733e-06,3.62702330197607e-05,3.29729391088733e-06,3.62702330197607e-05,3.29729391088733e-06,3.62702330197607e-05,6.9243172128634e-05,3.29729391088733e-06,6.9243172128634e-05,3.29729391088733e-06,3.62702330197607e-05,3.29729391088733e-06,3.29729391088733e-06,3.29729391088733e-06,3.29729391088733e-06,3.29729391088733e-06,3.29729391088733e-06,3.29729391088733e-06,3.29729391088733e-06,3.29729391088733e-06,3.29729391088733e-06,3.29729391088733e-06,3.29729391088733e-06,3.29729391088733e-06,3.29729391088733e-06,3.29729391088733e-06,3.29729391088733e-06,3.29729391088733e-06,3.29729391088733e-06,3.29729391088733e-06,3.29729391088733e-06,3.29729391088733e-06,3.29729391088733e-06,3.29729391088733e-06,3.29729391088733e-06,3.29729391088733e-06,3.29729391088733e-06,3.29729391088733e-06,3.29729391088733e-06,3.29729391088733e-06,3.29729391088733e-06,3.29729391088733e-06,3.29729391088733e-06,3.29729391088733e-06,3.29729391088733e-06,3.29729391088733e-06,3.29729391088733e-06,3.29729391088733e-06,3.29729391088733e-06,3.29729391088733e-06,3.29729391088733e-06,3.29729391088733e-06
0.000464918441435114,0.000464918441435114,0.000464918441435114,0.000464918441435114,0.000464918441435114,0.000464918441435114,0.000464918441435114,0.000431945502326241,0.000431945502326241,0.000431945502326241,0.000431945502326241,0.000365999624108494,0.000365999624108494,0.000365999624108494,0.000365999624108494,0.000365999624108494,0.000365999624108494,0.000431945502326241,0.000530864319652861,0.000497891380543987,0.000530864319652861,0.000497891380543987,0.000530864319652861,0.000530864319652861,0.000596810197870608,0.000596810197870608,0.000563837258761734,0.000530864319652861,0.000563837258761734,0.000563837258761734,0.000398972563217367,0.000398972563217367,0.000300053745890747,0.000365999624108494,0.000365999624108494,0.000300053745890747,0.000398972563217367,0.000398972563217367,0.000333026684999621,0.000300053745890747,0.000135189050346381,0.000168161989455254,0.000168161989455254,0.000300053745890747,0.000300053745890747,0.000201134928564127,0.000201134928564127,0.000168161989455254,0.000135189050346381,6.9243172128634e-05,6.9243172128634e-05,3.29729391088733e-06,6.9243172128634e-05,3.29729391088733e-06,3.29729391088733e-06,3.62702330197607e-05,3.29729391088733e-06,3.29729391088733e-06,3.29729391088733e-06,3.29729391088733e-06,3.29729391088733e-06,3.29729391088733e-06,3.29729391088733e-06,3.29729391088733e-06,3.29729391088733e-06,3.29729391088733e-06,3.29729391088733e-06,3.29729391088733e-06,3.29729391088733e-06,3.29729391088733e-06,3.29729391088733e-06,3.29729391088733e-06,3.29729391088733e-06,3.29729391088733e-06,3.29729391088733e-06,3.29729391088733e-06,3.29729391088733e-06,3.29729391088733e-06,3.29729391088733e-06,3.29729391088733e-06,3.29729391088733e-06,3.29729391088733e-06,3.29729391088733e-06,3.29729391088733e-06,3.29729391088733e-06,3.29729391088733e-06,3.29729391088733e-06,3.29729391088733e-06,3.29729391088733e-06,3.29729391088733e-06,3.29729391088733e-06,3.29729391088733e-06,3.29729391088733e-06,3.29729391088733e-06,3.29729391088733e-06,3.29729391088733e-06,3.29729391088733e-06,3.29729391088733e-06,3.29729391088733e-06,3.29729391088733e-06
0.000464918441435114,0.000464918441435114,0.000464918441435114,0.000464918441435114,0.000464918441435114,0.000464918441435114,0.000464918441435114,0.000497891380543987,0.000497891380543987,0.000497891380543987,0.000497891380543987,0.000530864319652861,0.000530864319652861,0.000530864319652861,0.000530864319652861,0.000563837258761734,0.000596810197870608,0.000530864319652861,0.000497891380543987,0.000431945502326241,0.000398972563217367,0.000431945502326241,0.000398972563217367,0.000398972563217367,0.000398972563217367,0.000333026684999621,0.000398972563217367,0.000365999624108494,0.000398972563217367,0.000365999624108494,0.000530864319652861,0.000563837258761734,0.000563837258761734,0.000530864319652861,0.000398972563217367,0.000431945502326241,0.000365999624108494,0.000464918441435114,0.000267080806781874,0.000300053745890747,0.000365999624108494,0.000365999624108494,0.000168161989455254,0.000168161989455254,0.000135189050346381,0.000201134928564127,0.000102216111237507,0.000102216111237507,0.000135189050346381,0.000135189050346381,6.9243172128634e-05,3.62702330197607e-05,3.29729391088733e-06,0.000102216111237507,3.29729391088733e-06,3.29729391088733e-06,3.29729391088733e-06,3.29729391088733e-06,3.29729391088733e-06,3.29729391088733e-06,3.29729391088733e-06,3.29729391088733e-06,3.29729391088733e-06,3.29729391088733e-06,3.29729391088733e-06,3.29729391088733e-06,3.29729391088733e-06,3.29729391088733e-06,3.29729391088733e-06,3.29729391088733e-06,3.29729391088733e-06,3.29729391088733e-06,3.29729391088733e-06,3.29729391088733e-06,3.29729391088733e-06,3.29729391088733e-06,3.29729391088733e-06,3.29729391088733e-06,3.29729391088733e-06,3.29729391088733e-06,3.29729391088733e-06,3.29729391088733e-06,3.29729391088733e-06,3.29729391088733e-06,3.29729391088733e-06,3.29729391088733e-06,3.29729391088733e-06,3.29729391088733e-06,3.29729391088733e-06,3.29729391088733e-06,3.29729391088733e-06,3.29729391088733e-06,3.29729391088733e-06,3.29729391088733e-06,3.29729391088733e-06,3.29729391088733e-06,3.29729391088733e-06,3.29729391088733e-06,3.29729391088733e-06,3.29729391088733e-06
0.000563837258761734,0.000530864319652861,0.000530864319652861,0.000530864319652861,0.000530864319652861,0.000530864319652861,0.000530864319652861,0.000530864319652861,0.000530864319652861,0.000530864319652861,0.000530864319652861,0.000563837258761734,0.000563837258761734,0.000563837258761734,0.000563837258761734,0.000563837258761734,0.000530864319652861,0.000596810197870608,0.000530864319652861,0.000596810197870608,0.000596810197870608,0.000596810197870608,0.000530864319652861,0.000464918441435114,0.000464918441435114,0.000563837258761734,0.000530864319652861,0.000497891380543987,0.000365999624108494,0.000431945502326241,0.000431945502326241,0.000431945502326241,0.000431945502326241,0.000497891380543987,0.000497891380543987,0.000267080806781874,0.000365999624108494,0.000267080806781874,0.000530864319652861,0.000365999624108494,0.000267080806781874,0.000201134928564127,0.000234107867673001,0.000300053745890747,0.000300053745890747,0.000168161989455254,0.000201134928564127,0.000168161989455254,0.000234107867673001,3.62702330197607e-05,6.9243172128634e-05,6.9243172128634e-05,3.29729391088733e-06,3.62702330197607e-05,6.9243172128634e-05,6.9243172128634e-05,3.29729391088733e-06,3.62702330197607e-05,3.29729391088733e-06,3.29729391088733e-06,3.29729391088733e-06,3.29729391088733e-06,3.29729391088733e-06,3.29729391088733e-06,3.29729391088733e-06,3.29729391088733e-06,3.29729391088733e-06,3.29729391088733e-06,3.29729391088733e-06,3.29729391088733e-06,3.29729391088733e-06,3.29729391088733e-06,3.29729391088733e-06,3.29729391088733e-06,3.29729391088733e-06,3.29729391088733e-06,3.29729391088733e-06,3.29729391088733e-06,3.29729391088733e-06,3.29729391088733e-06,3.29729391088733e-06,3.29729391088733e-06,3.29729391088733e-06,3.29729391088733e-06,3.29729391088733e-06,3.29729391088733e-06,3.29729391088733e-06,3.29729391088733e-06,3.29729391088733e-06,3.29729391088733e-06,3.29729391088733e-06,3.29729391088733e-06,3.29729391088733e-06,3.29729391088733e-06,3.29729391088733e-06,3.29729391088733e-06,3.29729391088733e-06,3.29729391088733e-06,3.29729391088733e-06,3.29729391088733e-06
0.000794647832523848,0.000827620771632721,0.000827620771632721,0.000794647832523848,0.000794647832523848,0.000794647832523848,0.000794647832523848,0.000794647832523848,0.000794647832523848,0.000794647832523848,0.000794647832523848,0.000794647832523848,0.000794647832523848,0.000761674893414974,0.000761674893414974,0.000761674893414974,0.000794647832523848,0.000761674893414974,0.000761674893414974,0.000761674893414974,0.000761674893414974,0.000695729015197228,0.000761674893414974,0.000794647832523848,0.000761674893414974,0.000761674893414974,0.000794647832523848,0.000728701954306101,0.000662756076088354,0.000629783136979481,0.000563837258761734,0.000398972563217367,0.000431945502326241,0.000333026684999621,0.000497891380543987,0.000563837258761734,0.000464918441435114,0.000530864319652861,0.000333026684999621,0.000267080806781874,0.000300053745890747,0.000333026684999621,0.000365999624108494,0.000300053745890747,0.000300053745890747,0.000267080806781874,0.000234107867673001,0.000168161989455254,0.000168161989455254,0.000267080806781874,3.62702330197607e-05,3.62702330197607e-05,6.9243172128634e-05,3.62702330197607e-05,3.62702330197607e-05,3.62702330197607e-05,3.29729391088733e-06,3.29729391088733e-06,3.29729391088733e-06,3.62702330197607e-05,3.29729391088733e-06,3.29729391088733e-06,3.29729391088733e-06,3.29729391088733e-06,3.29729391088733e-06,3.29729391088733e-06,3.29729391088733e-06,3.29729391088733e-06,3.29729391088733e-06,3.29729391088733e-06,3.29729391088733e-06,3.29729391088733e-06,3.29729391088733e-06,3.29729391088733e-06,3.29729391088733e-06,3.29729391088733e-06,3.29729391088733e-06,3.29729391088733e-06,3.29729391088733e-06,3.29729391088733e-06,3.29729391088733e-06,3.29729391088733e-06,3.29729391088733e-06,3.29729391088733e-06,3.29729391088733e-06,3.29729391088733e-06,3.29729391088733e-06,3.29729391088733e-06,3.29729391088733e-06,3.29729391088733e-06,3.29729391088733e-06,3.29729391088733e-06,3.29729391088733e-06,3.29729391088733e-06,3.29729391088733e-06,3.29729391088733e-06,3.29729391088733e-06,3.29729391088733e-06,3.29729391088733e-06,3.29729391088733e-06
0.000365999624108494,0.000365999624108494,0.000365999624108494,0.000398972563217367,0.000398972563217367,0.000398972563217367,0.000398972563217367,0.000365999624108494,0.000365999624108494,0.000365999624108494,0.000365999624108494,0.000365999624108494,0.000365999624108494,0.000398972563217367,0.000398972563217367,0.000398972563217367,0.000398972563217367,0.000431945502326241,0.000530864319652861,0.000497891380543987,0.000497891380543987,0.000530864319652861,0.000530864319652861,0.000563837258761734,0.000629783136979481,0.000563837258761734,0.000530864319652861,0.000563837258761734,0.000728701954306101,0.000662756076088354,0.000596810197870608,0.000596810197870608,0.000629783136979481,0.000629783136979481,0.000497891380543987,0.000497891380543987,0.000398972563217367,0.000365999624108494,0.000431945502326241,0.000662756076088354,0.000497891380543987,0.000398972563217367,0.000398972563217367,0.000300053745890747,0.000135189050346381,0.000300053745890747,0.000168161989455254,0.000267080806781874,0.000201134928564127,0.000102216111237507,0.000201134928564127,0.000102216111237507,6.9243172128634e-05,3.29729391088733e-06,3.62702330197607e-05,6.9243172128634e-05,6.9243172128634e-05,3.29729391088733e-06,3.29729391088733e-06,3.29729391088733e-06,3.29729391088733e-06,3.29729391088733e-06,3.29729391088733e-06,3.29729391088733e-06,3.29729391088733e-06,3.29729391088733e-06,3.29729391088733e-06,3.29729391088733e-06,3.29729391088733e-06,3.29729391088733e-06,3.29729391088733e-06,3.29729391088733e-06,3.29729391088733e-06,3.29729391088733e-06,3.29729391088733e-06,3.29729391088733e-06,3.29729391088733e-06,3.29729391088733e-06,3.29729391088733e-06,3.29729391088733e-06,3.29729391088733e-06,3.29729391088733e-06,3.29729391088733e-06,3.29729391088733e-06,3.29729391088733e-06,3.29729391088733e-06,3.29729391088733e-06,3.29729391088733e-06,3.29729391088733e-06,3.29729391088733e-06,3.29729391088733e-06,3.29729391088733e-06,3.29729391088733e-06,3.29729391088733e-06,3.29729391088733e-06,3.29729391088733e-06,3.29729391088733e-06,3.29729391088733e-06,3.29729391088733e-06,3.29729391088733e-06
0.000860593710741594,0.000860593710741594,0.000860593710741594,0.000827620771632721,0.000827620771632721,0.000827620771632721,0.000827620771632721,0.000860593710741594,0.000860593710741594,0.000827620771632721,0.000794647832523848,0.000794647832523848,0.000794647832523848,0.000794647832523848,0.000761674893414974,0.000761674893414974,0.000728701954306101,0.000662756076088354,0.000629783136979481,0.000695729015197228,0.000728701954306101,0.000695729015197228,0.000728701954306101,0.000695729015197228,0.000695729015197228,0.000695729015197228,0.000728701954306101,0.000761674893414974,0.000695729015197228,0.000695729015197228,0.000662756076088354,0.000728701954306101,0.000662756076088354,0.000563837258761734,0.000563837258761734,0.000662756076088354,0.000662756076088354,0.000563837258761734,0.000530864319652861,0.000464918441435114,0.000497891380543987,0.000365999624108494,0.000300053745890747,0.000300053745890747,0.000333026684999621,0.000431945502326241,0.000300053745890747,0.000201134928564127,0.000234107867673001,0.000168161989455254,0.000135189050346381,3.62702330197607e-05,3.62702330197607e-05,6.9243172128634e-05,3.29729391088733e-06,3.29729391088733e-06,3.62702330197607e-05,3.62702330197607e-05,3.62702330197607e-05,3.29729391088733e-06,3.29729391088733e-06,3.29729391088733e-06,3.29729391088733e-06,3.29729391088733e-06,3.29729391088733e-06,3.29729391088733e-06,3.29729391088733e-06,3.29729391088733e-06,3.29729391088733e-06,3.29729391088733e-06,3.29729391088733e-06,3.29729391088733e-06,3.29729391088733e-06,3.29729391088733e-06,3.29729391088733e-06,3.29729391088733e-06,3.29729391088733e-06,3.29729391088733e-06,3.29729391088733e-06,3.29729391088733e-06,3.29729391088733e-06,3.29729391088733e-06,3.29729391088733e-06,3.29729391088733e-06,3.29729391088733e-06,3.29729391088733e-06,3.29729391088733e-06,3.29729391088733e-06,3.29729391088733e-06,3.29729391088733e-06,3.29729391088733e-06,3.29729391088733e-06,3.29729391088733e-06,3.29729391088733e-06,3.29729391088733e-06,3.29729391088733e-06,3.29729391088733e-06,3.29729391088733e-06,3.29729391088733e-06,3.29729391088733e-06
0.000464918441435114,0.000464918441435114,0.000464918441435114,0.000464918441435114,0.000464918441435114,0.000464918441435114,0.000464918441435114,0.000464918441435114,0.000464918441435114,0.000497891380543987,0.000530864319652861,0.000530864319652861,0.000530864319652861,0.000497891380543987,0.000530864319652861,0.000464918441435114,0.000497891380543987,0.000563837258761734,0.000563837258761734,0.000530864319652861,0.000530864319652861,0.000563837258761734,0.000563837258761734,0.000596810197870608,0.000563837258761734,0.000497891380543987,0.000497891380543987,0.000530864319652861,0.000629783136979481,0.000596810197870608,0.000662756076088354,0.000530864319652861,0.000596810197870608,0.000530864319652861,0.000530864319652861,0.000563837258761734,0.000563837258761734,0.000530864319652861,0.000563837258761734,0.000431945502326241,0.000497891380543987,0.000563837258761734,0.000497891380543987,0.000234107867673001,0.000267080806781874,0.000168161989455254,0.000135189050346381,0.000234107867673001,0.000135189050346381,0.000300053745890747,0.000102216111237507,0.000102216111237507,3.62702330197607e-05,3.62702330197607e-05,3.29729391088733e-06,3.29729391088733e-06,3.29729391088733e-06,3.29729391088733e-06,3.62702330197607e-05,3.29729391088733e-06,3.29729391088733e-06,3.29729391088733e-06,3.29729391088733e-06,3.29729391088733e-06,3.29729391088733e-06,3.29729391088733e-06,3.29729391088733e-06,3.29729391088733e-06,3.29729391088733e-06,3.29729391088733e-06,3.29729391088733e-06,3.29729391088733e-06,3.29729391088733e-06,3.29729391088733e-06,3.29729391088733e-06,3.29729391088733e-06,3.29729391088733e-06,3.29729391088733e-06,3.29729391088733e-06,3.29729391088733e-06,3.29729391088733e-06,3.29729391088733e-06,3.29729391088733e-06,3.29729391088733e-06,3.29729391088733e-06,3.29729391088733e-06,3.29729391088733e-06,3.29729391088733e-06,3.29729391088733e-06,3.29729391088733e-06,3.29729391088733e-06,3.29729391088733e-06,3.29729391088733e-06,3.29729391088733e-06,3.29729391088733e-06,3.29729391088733e-06,3.29729391088733e-06,3.29729391088733e-06,3.29729391088733e-06,3.29729391088733e-06
0.000761674893414974,0.000761674893414974,0.000761674893414974,0.000794647832523848,0.000794647832523848,0.000761674893414974,0.000761674893414974,0.000761674893414974,0.000761674893414974,0.000761674893414974,0.000761674893414974,0.000728701954306101,0.000728701954306101,0.000761674893414974,0.000761674893414974,0.000827620771632721,0.000761674893414974,0.000728701954306101,0.000728701954306101,0.000761674893414974,0.000728701954306101,0.000728701954306101,0.000728701954306101,0.000728701954306101,0.000629783136979481,0.000695729015197228,0.000662756076088354,0.000530864319652861,0.000530864319652861,0.000662756076088354,0.000596810197870608,0.000695729015197228,0.000728701954306101,0.000959512528068214,0.000926539588959341,0.000596810197870608,0.000662756076088354,0.000695729015197228,0.000530864319652861,0.000629783136979481,0.000497891380543987,0.000464918441435114,0.000267080806781874,0.000398972563217367,0.000333026684999621,0.000168161989455254,0.000431945502326241,0.000201134928564127,0.000201134928564127,0.000135189050346381,0.000267080806781874,0.000102216111237507,3.62702330197607e-05,6.9243172128634e-05,3.29729391088733e-06,3.29729391088733e-06,3.29729391088733e-06,3.29729391088733e-06,3.29729391088733e-06,3.29729391088733e-06,3.62702330197607e-05,3.29729391088733e-06,3.29729391088733e-06,3.29729391088733e-06,3.29729391088733e-06,3.29729391088733e-06,3.29729391088733e-06,3.29729391088733e-06,3.29729391088733e-06,3.29729391088733e-06,3.29729391088733e-06,3.29729391088733e-06,3.29729391088733e-06,3.29729391088733e-06,3.29729391088733e-06,3.29729391088733e-06,3.29729391088733e-06,3.29729391088733e-06,3.29729391088733e-06,3.29729391088733e-06,3.29729391088733e-06,3.29729391088733e-06,3.29729391088733e-06,3.29729391088733e-06,3.29729391088733e-06,3.29729391088733e-06,3.29729391088733e-06,3.29729391088733e-06,3.29729391088733e-06,3.29729391088733e-06,3.29729391088733e-06,3.29729391088733e-06,3.29729391088733e-06,3.29729391088733e-06,3.29729391088733e-06,3.29729391088733e-06,3.29729391088733e-06,3.29729391088733e-06,3.29729391088733e-06,3.29729391088733e-06
0.000794647832523848,0.000794647832523848,0.000794647832523848,0.000794647832523848,0.000794647832523848,0.000827620771632721,0.000827620771632721,0.000827620771632721,0.000827620771632721,0.000827620771632721,0.000827620771632721,0.000860593710741594,0.000860593710741594,0.000860593710741594,0.000860593710741594,0.000794647832523848,0.000860593710741594,0.000860593710741594,0.000893566649850468,0.000860593710741594,0.000860593710741594,0.000827620771632721,0.000860593710741594,0.000794647832523848,0.000893566649850468,0.000926539588959341,0.000827620771632721,0.000860593710741594,0.000794647832523848,0.000761674893414974,0.000827620771632721,0.000794647832523848,0.000629783136979481,0.000563837258761734,0.000662756076088354,0.000794647832523848,0.000695729015197228,0.000629783136979481,0.000662756076088354,0.000497891380543987,0.000530864319652861,0.000431945502326241,0.000596810197870608,0.000695729015197228,0.000563837258761734,0.000365999624108494,0.000234107867673001,0.000300053745890747,0.000300053745890747,0.000267080806781874,0.000267080806781874,0.000234107867673001,0.000201134928564127,6.9243172128634e-05,6.9243172128634e-05,3.62702330197607e-05,6.9243172128634e-05,3.29729391088733e-06,3.29729391088733e-06,3.29729391088733e-06,3.29729391088733e-06,3.29729391088733e-06,3.29729391088733e-06,3.29729391088733e-06,3.29729391088733e-06,3.29729391088733e-06,3.29729391088733e-06,3.29729391088733e-06,3.29729391088733e-06,3.29729391088733e-06,3.29729391088733e-06,3.29729391088733e-06,3.29729391088733e-06,3.29729391088733e-06,3.29729391088733e-06,3.29729391088733e-06,3.29729391088733e-06,3.29729391088733e-06,3.29729391088733e-06,3.29729391088733e-06,3.29729391088733e-06,3.29729391088733e-06,3.29729391088733e-06,3.29729391088733e-06,3.29729391088733e-06,3.29729391088733e-06,3.29729391088733e-06,3.29729391088733e-06,3.29729391088733e-06,3.29729391088733e-06,3.29729391088733e-06,3.29729391088733e-06,3.29729391088733e-06,3.29729391088733e-06,3.29729391088733e-06,3.29729391088733e-06,3.29729391088733e-06,3.29729391088733e-06,3.29729391088733e-06,3.29729391088733e-06
0.000761674893414974,0.000761674893414974,0.000761674893414974,0.000728701954306101,0.000728701954306101,0.000728701954306101,0.000728701954306101,0.000728701954306101,0.000695729015197228,0.000695729015197228,0.000695729015197228,0.000662756076088354,0.000629783136979481,0.000629783136979481,0.000629783136979481,0.000695729015197228,0.000662756076088354,0.000695729015197228,0.000695729015197228,0.000695729015197228,0.000629783136979481,0.000596810197870608,0.000563837258761734,0.000629783136979481,0.000629783136979481,0.000662756076088354,0.000794647832523848,0.000827620771632721,0.000827620771632721,0.000794647832523848,0.000728701954306101,0.000728701954306101,0.000827620771632721,0.000662756076088354,0.000695729015197228,0.000728701954306101,0.000728701954306101,0.000794647832523848,0.000695729015197228,0.000695729015197228,0.000695729015197228,0.000563837258761734,0.000563837258761734,0.000431945502326241,0.000464918441435114,0.000629783136979481,0.000135189050346381,0.000234107867673001,0.000201134928564127,0.000201134928564127,0.000102216111237507,0.000135189050346381,0.000201134928564127,3.29729391088733e-06,6.9243172128634e-05,3.29729391088733e-06,3.29729391088733e-06,3.62702330197607e-05,3.29729391088733e-06,3.29729391088733e-06,3.29729391088733e-06,3.29729391088733e-06,3.29729391088733e-06,3.29729391088733e-06,3.29729391088733e-06,3.29729391088733e-06,3.29729391088733e-06,3.29729391088733e-06,3.29729391088733e-06,3.29729391088733e-06,3.29729391088733e-06,3.29729391088733e-06,3.29729391088733e-06,3.29729391088733e-06,3.29729391088733e-06,3.29729391088733e-06,3.29729391088733e-06,3.29729391088733e-06,3.29729391088733e-06,3.29729391088733e-06,3.29729391088733e-06,3.29729391088733e-06,3.29729391088733e-06,3.29729391088733e-06,3.29729391088733e-06,3.29729391088733e-06,3.29729391088733e-06,3.29729391088733e-06,3.29729391088733e-06,3.29729391088733e-06,3.29729391088733e-06,3.29729391088733e-06,3.29729391088733e-06,3.29729391088733e-06,3.29729391088733e-06,3.29729391088733e-06,3.29729391088733e-06,3.29729391088733e-06,3.29729391088733e-06,3.29729391088733e-06
0.000563837258761734,0.000563837258761734,0.000563837258761734,0.000563837258761734,0.000563837258761734,0.000563837258761734,0.000563837258761734,0.000563837258761734,0.000596810197870608,0.000596810197870608,0.000530864319652861,0.000563837258761734,0.000596810197870608,0.000596810197870608,0.000596810197870608,0.000596810197870608,0.000596810197870608,0.000596810197870608,0.000596810197870608,0.000596810197870608,0.000629783136979481,0.000629783136979481,0.000662756076088354,0.000662756076088354,0.000662756076088354,0.000695729015197228,0.000695729015197228,0.000695729015197228,0.000695729015197228,0.000728701954306101,0.000860593710741594,0.000827620771632721,0.000893566649850468,0.000959512528068214,0.000860593710741594,0.000695729015197228,0.000695729015197228,0.000596810197870608,0.000695729015197228,0.000662756076088354,0.000695729015197228,0.000662756076088354,0.000596810197870608,0.000596810197870608,0.000530864319652861,0.000497891380543987,0.000728701954306101,0.000300053745890747,0.000398972563217367,0.000267080806781874,0.000234107867673001,0.000234107867673001,3.62702330197607e-05,0.000102216111237507,6.9243172128634e-05,3.62702330197607e-05,3.62702330197607e-05,3.62702330197607e-05,3.29729391088733e-06,3.29729391088733e-06,3.29729391088733e-06,3.29729391088733e-06,3.29729391088733e-06,3.29729391088733e-06,3.29729391088733e-06,3.29729391088733e-06,3.29729391088733e-06,3.29729391088733e-06,3.29729391088733e-06,3.29729391088733e-06,3.29729391088733e-06,3.29729391088733e-06,3.29729391088733e-06,3.29729391088733e-06,3.29729391088733e-06,3.29729391088733e-06,3.29729391088733e-06,3.29729391088733e-06,3.29729391088733e-06,3.29729391088733e-06,3.29729391088733e-06,3.29729391088733e-06,3.29729391088733e-06,3.29729391088733e-06,3.29729391088733e-06,3.29729391088733e-06,3.29729391088733e-06,3.29729391088733e-06,3.29729391088733e-06,3.29729391088733e-06,3.29729391088733e-06,3.29729391088733e-06,3.29729391088733e-06,3.29729391088733e-06,3.29729391088733e-06,3.29729391088733e-06,3.29729391088733e-06,3.29729391088733e-06,3.29729391088733e-06,3.29729391088733e-06
0.000794647832523848,0.000794647832523848,0.000794647832523848,0.000827620771632721,0.000827620771632721,0.000827620771632721,0.000827620771632721,0.000827620771632721,0.000827620771632721,0.000794647832523848,0.000860593710741594,0.000860593710741594,0.000860593710741594,0.000860593710741594,0.000860593710741594,0.000794647832523848,0.000827620771632721,0.000761674893414974,0.000629783136979481,0.000629783136979481,0.000596810197870608,0.000662756076088354,0.000596810197870608,0.000596810197870608,0.000596810197870608,0.000596810197870608,0.000629783136979481,0.000662756076088354,0.000629783136979481,0.000530864319652861,0.000530864319652861,0.000728701954306101,0.000629783136979481,0.000530864319652861,0.000596810197870608,0.000827620771632721,0.000794647832523848,0.000860593710741594,0.000959512528068214,0.000827620771632721,0.000728701954306101,0.000695729015197228,0.000794647832523848,0.000629783136979481,0.000629783136979481,0.000365999624108494,0.000464918441435114,0.000365999624108494,0.000267080806781874,0.000201134928564127,0.000300053745890747,0.000201134928564127,0.000135189050346381,0.000102216111237507,6.9243172128634e-05,6.9243172128634e-05,3.29729391088733e-06,3.29729391088733e-06,3.29729391088733e-06,6.9243172128634e-05,3.29729391088733e-06,3.29729391088733e-06,3.29729391088733e-06,3.29729391088733e-06,3.29729391088733e-06,3.29729391088733e-06,3.29729391088733e-06,3.29729391088733e-06,3.29729391088733e-06,3.29729391088733e-06,3.29729391088733e-06,3.29729391088733e-06,3.29729391088733e-06,3.29729391088733e-06,3.29729391088733e-06,3.29729391088733e-06,3.29729391088733e-06,3.29729391088733e-06,3.29729391088733e-06,3.29729391088733e-06,3.29729391088733e-06,3.29729391088733e-06,3.29729391088733e-06,3.29729391088733e-06,3.29729391088733e-06,3.29729391088733e-06,3.29729391088733e-06,3.29729391088733e-06,3.29729391088733e-06,3.29729391088733e-06,3.29729391088733e-06,3.29729391088733e-06,3.29729391088733e-06,3.29729391088733e-06,3.29729391088733e-06,3.29729391088733e-06,3.29729391088733e-06,3.29729391088733e-06,3.29729391088733e-06,3.29729391088733e-06
0.000629783136979481,0.000629783136979481,0.000629783136979481,0.000629783136979481,0.000629783136979481,0.000629783136979481,0.000629783136979481,0.000629783136979481,0.000629783136979481,0.000662756076088354,0.000662756076088354,0.000662756076088354,0.000662756076088354,0.000629783136979481,0.000629783136979481,0.000695729015197228,0.000695729015197228,0.000728701954306101,0.000860593710741594,0.000860593710741594,0.000893566649850468,0.000794647832523848,0.000860593710741594,0.000827620771632721,0.000827620771632721,0.000662756076088354,0.000563837258761734,0.000497891380543987,0.000563837258761734,0.000629783136979481,0.000563837258761734,0.000530864319652861,0.000695729015197228,0.000761674893414974,0.000794647832523848,0.000695729015197228,0.000893566649850468,0.000827620771632721,0.000794647832523848,0.00105843134539483,0.000662756076088354,0.000728701954306101,0.000530864319652861,0.000695729015197228,0.000563837258761734,0.000563837258761734,0.000398972563217367,0.000563837258761734,0.000201134928564127,0.000300053745890747,0.000201134928564127,0.000168161989455254,0.000168161989455254,0.000168161989455254,0.000135189050346381,3.62702330197607e-05,3.29729391088733e-06,6.9243172128634e-05,3.29729391088733e-06,3.29729391088733e-06,3.29729391088733e-06,3.29729391088733e-06,3.29729391088733e-06,3.29729391088733e-06,3.29729391088733e-06,3.29729391088733e-06,3.29729391088733e-06,3.29729391088733e-06,3.29729391088733e-06,3.29729391088733e-06,3.29729391088733e-06,3.29729391088733e-06,3.29729391088733e-06,3.29729391088733e-06,3.29729391088733e-06,3.29729391088733e-06,3.29729391088733e-06,3.29729391088733e-06,3.29729391088733e-06,3.29729391088733e-06,3.29729391088733e-06,3.29729391088733e-06,3.29729391088733e-06,3.29729391088733e-06,3.29729391088733e-06,3.29729391088733e-06,3.29729391088733e-06,3.29729391088733e-06,3.29729391088733e-06,3.29729391088733e-06,3.29729391088733e-06,3.29729391088733e-06,3.29729391088733e-06,3.29729391088733e-06,3.29729391088733e-06,3.29729391088733e-06,3.29729391088733e-06,3.29729391088733e-06,3.29729391088733e-06,3.29729391088733e-06
0.000860593710741594,0.000860593710741594,0.000860593710741594,0.000860593710741594,0.000860593710741594,0.000860593710741594,0.000860593710741594,0.000860593710741594,0.000827620771632721,0.000827620771632721,0.000827620771632721,0.000827620771632721,0.000827620771632721,0.000860593710741594,0.000860593710741594,0.000827620771632721,0.000794647832523848,0.000794647832523848,0.000761674893414974,0.000761674893414974,0.000794647832523848,0.000860593710741594,0.000860593710741594,0.000893566649850468,0.000860593710741594,0.000926539588959341,0.000926539588959341,0.000992485467177088,0.000926539588959341,0.000827620771632721,0.000728701954306101,0.000728701954306101,0.000761674893414974,0.000761674893414974,0.000794647832523848,0.000728701954306101,0.000662756076088354,0.000827620771632721,0.000629783136979481,0.000398972563217367,0.000695729015197228,0.000695729015197228,0.000563837258761734,0.000563837258761734,0.000563837258761734,0.000629783136979481,0.000530864319652861,0.000497891380543987,0.000365999624108494,0.000431945502326241,0.000333026684999621,6.9243172128634e-05,0.000201134928564127,0.000135189050346381,6.9243172128634e-05,3.29729391088733e-06,3.62702330197607e-05,3.29729391088733e-06,3.29729391088733e-06,3.29729391088733e-06,3.29729391088733e-06,3.29729391088733e-06,3.29729391088733e-06,3.29729391088733e-06,3.29729391088733e-06,3.29729391088733e-06,3.29729391088733e-06,3.29729391088733e-06,3.29729391088733e-06,3.29729391088733e-06,3.29729391088733e-06,3.29729391088733e-06,3.29729391088733e-06,3.29729391088733e-06,3.29729391088733e-06,3.29729391088733e-06,3.29729391088733e-06,3.29729391088733e-06,3.29729391088733e-06,3.29729391088733e-06,3.29729391088733e-06,3.29729391088733e-06,3.29729391088733e-06,3.29729391088733e-06,3.29729391088733e-06,3.29729391088733e-06,3.29729391088733e-06,3.29729391088733e-06,3.29729391088733e-06,3.29729391088733e-06,3.29729391088733e-06,3.29729391088733e-06,3.29729391088733e-06,3.29729391088733e-06,3.29729391088733e-06,3.29729391088733e-06,3.29729391088733e-06,3.29729391088733e-06,3.29729391088733e-06,3.29729391088733e-06
0.00109140428450371,0.00109140428450371,0.00109140428450371,0.00105843134539483,0.00105843134539483,0.000992485467177088,0.000992485467177088,0.000992485467177088,0.00102545840628596,0.00102545840628596,0.00102545840628596,0.00102545840628596,0.000992485467177088,0.000926539588959341,0.000926539588959341,0.000926539588959341,0.000959512528068214,0.000992485467177088,0.00102545840628596,0.000992485467177088,0.000992485467177088,0.00102545840628596,0.000959512528068214,0.000959512528068214,0.000959512528068214,0.000959512528068214,0.000926539588959341,0.000926539588959341,0.000893566649850468,0.000926539588959341,0.000992485467177088,0.000959512528068214,0.000794647832523848,0.000794647832523848,0.000695729015197228,0.000959512528068214,0.000794647832523848,0.000860593710741594,0.000794647832523848,0.000728701954306101,0.000827620771632721,0.000992485467177088,0.000860593710741594,0.000794647832523848,0.000695729015197228,0.000563837258761734,0.000530864319652861,0.000596810197870608,0.000398972563217367,0.000135189050346381,0.000234107867673001,0.000365999624108494,0.000135189050346381,0.000135189050346381,6.9243172128634e-05,0.000168161989455254,0.000102216111237507,3.62702330197607e-05,6.9243172128634e-05,3.29729391088733e-06,3.62702330197607e-05,3.29729391088733e-06,3.29729391088733e-06,3.29729391088733e-06,3.29729391088733e-06,3.29729391088733e-06,3.29729391088733e-06,3.29729391088733e-06,3.29729391088733e-06,3.29729391088733e-06,3.29729391088733e-06,3.29729391088733e-06,3.29729391088733e-06,3.29729391088733e-06,3.29729391088733e-06,3.29729391088733e-06,3.29729391088733e-06,3.29729391088733e-06,3.29729391088733e-06,3.29729391088733e-06,3.29729391088733e-06,3.29729391088733e-06,3.29729391088733e-06,3.29729391088733e-06,3.29729391088733e-06,3.29729391088733e-06,3.29729391088733e-06,3.29729391088733e-06,3.29729391088733e-06,3.29729391088733e-06,3.29729391088733e-06,3.29729391088733e-06,3.29729391088733e-06,3.29729391088733e-06,3.29729391088733e-06,3.29729391088733e-06,3.29729391088733e-06,3.29729391088733e-06,3.29729391088733e-06,3.29729391088733e-06
0.00112437722361258,0.00112437722361258,0.00112437722361258,0.00115735016272145,0.00115735016272145,0.0012232960409392,0.0012232960409392,0.0012232960409392,0.0012232960409392,0.0012232960409392,0.0012232960409392,0.00119032310183033,0.0012232960409392,0.0012232960409392,0.0012232960409392,0.00115735016272145,0.00115735016272145,0.00115735016272145,0.00115735016272145,0.0012232960409392,0.00125626898004807,0.0012232960409392,0.0012232960409392,0.00115735016272145,0.00115735016272145,0.00115735016272145,0.0012232960409392,0.00125626898004807,0.0012232960409392,0.00132221485826582,0.00125626898004807,0.00112437722361258,0.00105843134539483,0.00102545840628596,0.000992485467177088,0.000761674893414974,0.000959512528068214,0.000893566649850468,0.00112437722361258,0.00109140428450371,0.000662756076088354,0.000563837258761734,0.000926539588959341,0.000761674893414974,0.000728701954306101,0.000794647832523848,0.000530864319652861,0.000497891380543987,0.000728701954306101,0.000464918441435114,0.000300053745890747,0.000333026684999621,0.000201134928564127,0.000102216111237507,0.000135189050346381,6.9243172128634e-05,3.29729391088733e-06,6.9243172128634e-05,3.62702330197607e-05,3.29729391088733e-06,3.29729391088733e-06,3.29729391088733e-06,3.29729391088733e-06,3.29729391088733e-06,3.29729391088733e-06,3.29729391088733e-06,3.29729391088733e-06,3.29729391088733e-06,3.29729391088733e-06,3.29729391088733e-06,3.29729391088733e-06,3.29729391088733e-06,3.29729391088733e-06,3.29729391088733e-06,3.29729391088733e-06,3.29729391088733e-06,3.29729391088733e-06,3.29729391088733e-06,3.29729391088733e-06,3.29729391088733e-06,3.29729391088733e-06,3.29729391088733e-06,3.29729391088733e-06,3.29729391088733e-06,3.29729391088733e-06,3.29729391088733e-06,3.29729391088733e-06,3.29729391088733e-06,3.29729391088733e-06,3.29729391088733e-06,3.29729391088733e-06,3.29729391088733e-06,3.29729391088733e-06,3.29729391088733e-06,3.29729391088733e-06,3.29729391088733e-06,3.29729391088733e-06,3.29729391088733e-06,3.29729391088733e-06,3.29729391088733e-06
0.00148707955381019,0.00148707955381019,0.00148707955381019,0.00145410661470131,0.00145410661470131,0.00145410661470131,0.00145410661470131,0.00145410661470131,0.00145410661470131,0.00145410661470131,0.00145410661470131,0.00148707955381019,0.00148707955381019,0.00152005249291906,0.00145410661470131,0.00152005249291906,0.00152005249291906,0.00142113367559244,0.00138816073648357,0.00128924191915695,0.0012232960409392,0.00125626898004807,0.00112437722361258,0.00115735016272145,0.00119032310183033,0.00112437722361258,0.00112437722361258,0.00112437722361258,0.00109140428450371,0.00109140428450371,0.00109140428450371,0.00109140428450371,0.00119032310183033,0.00125626898004807,0.00109140428450371,0.00119032310183033,0.000893566649850468,0.000860593710741594,0.000827620771632721,0.00105843134539483,0.0012232960409392,0.00109140428450371,0.000926539588959341,0.000596810197870608,0.000926539588959341,0.000761674893414974,0.000926539588959341,0.000497891380543987,0.000596810197870608,0.000333026684999621,0.000333026684999621,0.000168161989455254,0.000333026684999621,0.000135189050346381,0.000234107867673001,6.9243172128634e-05,6.9243172128634e-05,3.29729391088733e-06,3.62702330197607e-05,3.29729391088733e-06,3.29729391088733e-06,3.29729391088733e-06,3.29729391088733e-06,3.29729391088733e-06,3.29729391088733e-06,3.29729391088733e-06,3.29729391088733e-06,3.29729391088733e-06,3.29729391088733e-06,3.29729391088733e-06,3.29729391088733e-06,3.29729391088733e-06,3.29729391088733e-06,3.29729391088733e-06,3.29729391088733e-06,3.29729391088733e-06,3.29729391088733e-06,3.29729391088733e-06,3.29729391088733e-06,3.29729391088733e-06,3.29729391088733e-06,3.29729391088733e-06,3.29729391088733e-06,3.29729391088733e-06,3.29729391088733e-06,3.29729391088733e-06,3.29729391088733e-06,3.29729391088733e-06,3.29729391088733e-06,3.29729391088733e-06,3.29729391088733e-06,3.29729391088733e-06,3.29729391088733e-06,3.29729391088733e-06,3.29729391088733e-06,3.29729391088733e-06,3.29729391088733e-06,3.29729391088733e-06,3.29729391088733e-06,3.29729391088733e-06
0.00112437722361258,0.00112437722361258,0.00112437722361258,0.00115735016272145,0.00115735016272145,0.00112437722361258,0.00112437722361258,0.00112437722361258,0.00112437722361258,0.00112437722361258,0.00109140428450371,0.00105843134539483,0.00105843134539483,0.00109140428450371,0.00112437722361258,0.00112437722361258,0.00109140428450371,0.00115735016272145,0.00119032310183033,0.00125626898004807,0.0012232960409392,0.00119032310183033,0.00135518779737469,0.00132221485826582,0.00125626898004807,0.00132221485826582,0.00128924191915695,0.00125626898004807,0.00119032310183033,0.00105843134539483,0.0012232960409392,0.0012232960409392,0.00115735016272145,0.00119032310183033,0.00115735016272145,0.00102545840628596,0.00102545840628596,0.000992485467177088,0.000860593710741594,0.000794647832523848,0.00112437722361258,0.000959512528068214,0.000926539588959341,0.00102545840628596,0.000992485467177088,0.000860593710741594,0.000860593710741594,0.000662756076088354,0.000464918441435114,0.000695729015197228,0.000300053745890747,0.000333026684999621,0.000201134928564127,0.000234107867673001,0.000135189050346381,6.9243172128634e-05,3.29729391088733e-06,0.000135189050346381,3.62702330197607e-05,3.62702330197607e-05,3.62702330197607e-05,3.29729391088733e-06,3.29729391088733e-06,3.29729391088733e-06,3.29729391088733e-06,3.29729391088733e-06,3.29729391088733e-06,3.29729391088733e-06,3.29729391088733e-06,3.29729391088733e-06,3.29729391088733e-06,3.29729391088733e-06,3.29729391088733e-06,3.29729391088733e-06,3.29729391088733e-06,3.29729391088733e-06,3.29729391088733e-06,3.29729391088733e-06,3.29729391088733e-06,3.29729391088733e-06,3.29729391088733e-06,3.29729391088733e-06,3.29729391088733e-06,3.29729391088733e-06,3.29729391088733e-06,3.29729391088733e-06,3.29729391088733e-06,3.29729391088733e-06,3.29729391088733e-06,3.29729391088733e-06,3.29729391088733e-06,3.29729391088733e-06,3.29729391088733e-06,3.29729391088733e-06,3.29729391088733e-06,3.29729391088733e-06,3.29729391088733e-06,3.29729391088733e-06,3.29729391088733e-06,3.29729391088733e-06
0.00165194424935455,0.00165194424935455,0.00165194424935455,0.00165194424935455,0.00165194424935455,0.00168491718846343,0.00168491718846343,0.00165194424935455,0.00161897131024568,0.00161897131024568,0.00165194424935455,0.00168491718846343,0.00168491718846343,0.00165194424935455,0.00168491718846343,0.0017178901275723,0.00175086306668117,0.0017178901275723,0.00168491718846343,0.00165194424935455,0.0017178901275723,0.00168491718846343,0.00158599837113681,0.00161897131024568,0.00155302543202793,0.00158599837113681,0.00148707955381019,0.00148707955381019,0.00165194424935455,0.00161897131024568,0.00125626898004807,0.00125626898004807,0.00119032310183033,0.00105843134539483,0.00125626898004807,0.0012232960409392,0.0012232960409392,0.00105843134539483,0.00105843134539483,0.00105843134539483,0.000992485467177088,0.00105843134539483,0.00119032310183033,0.00112437722361258,0.000992485467177088,0.000992485467177088,0.000860593710741594,0.00115735016272145,0.000662756076088354,0.000662756076088354,0.000497891380543987,0.000497891380543987,0.000333026684999621,0.000365999624108494,0.000102216111237507,0.000267080806781874,0.000168161989455254,3.62702330197607e-05,3.62702330197607e-05,6.9243172128634e-05,3.29729391088733e-06,6.9243172128634e-05,3.29729391088733e-06,3.29729391088733e-06,3.29729391088733e-06,3.29729391088733e-06,3.29729391088733e-06,3.29729391088733e-06,3.29729391088733e-06,3.29729391088733e-06,3.29729391088733e-06,3.29729391088733e-06,3.29729391088733e-06,3.29729391088733e-06,3.29729391088733e-06,3.29729391088733e-06,3.29729391088733e-06,3.29729391088733e-06,3.29729391088733e-06,3.29729391088733e-06,3.29729391088733e-06,3.29729391088733e-06,3.29729391088733e-06,3.29729391088733e-06,3.29729391088733e-06,3.29729391088733e-06,3.29729391088733e-06,3.29729391088733e-06,3.29729391088733e-06,3.29729391088733e-06,3.29729391088733e-06,3.29729391088733e-06,3.29729391088733e-06,3.29729391088733e-06,3.29729391088733e-06,3.29729391088733e-06,3.29729391088733e-06,3.29729391088733e-06,3.29729391088733e-06,3.29729391088733e-06
0.00168491718846343,0.00168491718846343,0.00168491718846343,0.00168491718846343,0.00168491718846343,0.00168491718846343,0.00168491718846343,0.0017178901275723,0.0017178901275723,0.00168491718846343,0.00168491718846343,0.00168491718846343,0.00168491718846343,0.00168491718846343,0.00161897131024568,0.00158599837113681,0.00158599837113681,0.00165194424935455,0.00161897131024568,0.00158599837113681,0.00155302543202793,0.00155302543202793,0.00155302543202793,0.00148707955381019,0.00158599837113681,0.00155302543202793,0.00161897131024568,0.00145410661470131,0.00135518779737469,0.00145410661470131,0.00165194424935455,0.00155302543202793,0.00152005249291906,0.00155302543202793,0.00125626898004807,0.00128924191915695,0.00142113367559244,0.00142113367559244,0.0012232960409392,0.000761674893414974,0.000794647832523848,0.000926539588959341,0.000827620771632721,0.000959512528068214,0.000926539588959341,0.000959512528068214,0.000992485467177088,0.000860593710741594,0.000827620771632721,0.000662756076088354,0.000464918441435114,0.000398972563217367,0.000365999624108494,0.000201134928564127,0.000135189050346381,3.62702330197607e-05,0.000234107867673001,3.62702330197607e-05,3.62702330197607e-05,3.29729391088733e-06,3.62702330197607e-05,3.29729391088733e-06,3.29729391088733e-06,3.29729391088733e-06,3.29729391088733e-06,3.29729391088733e-06,3.29729391088733e-06,3.29729391088733e-06,3.29729391088733e-06,3.29729391088733e-06,3.29729391088733e-06,3.29729391088733e-06,3.29729391088733e-06,3.29729391088733e-06,3.29729391088733e-06,3.29729391088733e-06,3.29729391088733e-06,3.29729391088733e-06,3.29729391088733e-06,3.29729391088733e-06,3.29729391088733e-06,3.29729391088733e-06,3.29729391088733e-06,3.29729391088733e-06,3.29729391088733e-06,3.29729391088733e-06,3.29729391088733e-06,3.29729391088733e-06,3.29729391088733e-06,3.29729391088733e-06,3.29729391088733e-06,3.29729391088733e-06,3.29729391088733e-06,3.29729391088733e-06,3.29729391088733e-06,3.29729391088733e-06,3.29729391088733e-06,3.29729391088733e-06,3.29729391088733e-06,3.29729391088733e-06
0.0017178901275723,0.0017178901275723,0.0017178901275723,0.00165194424935455,0.00165194424935455,0.00165194424935455,0.00165194424935455,0.00161897131024568,0.00161897131024568,0.00165194424935455,0.00165194424935455,0.00161897131024568,0.00161897131024568,0.00158599837113681,0.00161897131024568,0.00161897131024568,0.00155302543202793,0.00155302543202793,0.00161897131024568,0.00165194424935455,0.00155302543202793,0.00155302543202793,0.00161897131024568,0.00158599837113681,0.00161897131024568,0.00161897131024568,0.00161897131024568,0.00181680894489892,0.00188275482311667,0.00178383600579005,0.00178383600579005,0.00181680894489892,0.00181680894489892,0.00181680894489892,0.00198167364044329,0.00161897131024568,0.00142113367559244,0.00148707955381019,0.00119032310183033,0.00138816073648357,0.00102545840628596,0.0012232960409392,0.000893566649850468,0.000992485467177088,0.000761674893414974,0.000893566649850468,0.00109140428450371,0.00105843134539483,0.000893566649850468,0.000728701954306101,0.000530864319652861,0.000398972563217367,0.000398972563217367,0.000300053745890747,0.000267080806781874,0.000201134928564127,6.9243172128634e-05,3.62702330197607e-05,6.9243172128634e-05,3.62702330197607e-05,3.62702330197607e-05,3.62702330197607e-05,3.29729391088733e-06,3.29729391088733e-06,3.29729391088733e-06,3.29729391088733e-06,3.29729391088733e-06,3.29729391088733e-06,3.29729391088733e-06,3.29729391088733e-06,3.29729391088733e-06,3.29729391088733e-06,3.29729391088733e-06,3.29729391088733e-06,3.29729391088733e-06,3.29729391088733e-06,3.29729391088733e-06,3.29729391088733e-06,3.29729391088733e-06,3.29729391088733e-06,3.29729391088733e-06,3.29729391088733e-06,3.29729391088733e-06,3.29729391088733e-06,3.29729391088733e-06,3.29729391088733e-06,3.29729391088733e-06,3.29729391088733e-06,3.29729391088733e-06,3.29729391088733e-06,3.29729391088733e-06,3.29729391088733e-06,3.29729391088733e-06,3.29729391088733e-06,3.29729391088733e-06,3.29729391088733e-06,3.29729391088733e-06,3.29729391088733e-06,3.29729391088733e-06,3.29729391088733e-06
0.00148707955381019,0.00148707955381019,0.00148707955381019,0.00155302543202793,0.00155302543202793,0.00155302543202793,0.00155302543202793,0.00155302543202793,0.00155302543202793,0.00155302543202793,0.00155302543202793,0.00158599837113681,0.00158599837113681,0.00161897131024568,0.00165194424935455,0.00168491718846343,0.0017178901275723,0.0017178901275723,0.00165194424935455,0.00165194424935455,0.0017178901275723,0.0017178901275723,0.00168491718846343,0.00168491718846343,0.00148707955381019,0.00152005249291906,0.00152005249291906,0.00135518779737469,0.00138816073648357,0.00138816073648357,0.00138816073648357,0.00152005249291906,0.00165194424935455,0.00148707955381019,0.00138816073648357,0.0017178901275723,0.00165194424935455,0.00158599837113681,0.00175086306668117,0.00158599837113681,0.0012232960409392,0.00112437722361258,0.00132221485826582,0.00128924191915695,0.00119032310183033,0.000893566649850468,0.000860593710741594,0.00105843134539483,0.000959512528068214,0.000926539588959341,0.000893566649850468,0.000333026684999621,0.000234107867673001,0.000464918441435114,0.000201134928564127,0.000168161989455254,0.000102216111237507,0.000201134928564127,0.000102216111237507,3.62702330197607e-05,3.62702330197607e-05,3.29729391088733e-06,6.9243172128634e-05,3.29729391088733e-06,3.29729391088733e-06,3.29729391088733e-06,3.29729391088733e-06,3.29729391088733e-06,3.29729391088733e-06,3.29729391088733e-06,3.29729391088733e-06,3.29729391088733e-06,3.29729391088733e-06,3.29729391088733e-06,3.29729391088733e-06,3.29729391088733e-06,3.29729391088733e-06,3.29729391088733e-06,3.29729391088733e-06,3.29729391088733e-06,3.29729391088733e-06,3.29729391088733e-06,3.29729391088733e-06,3.29729391088733e-06,3.29729391088733e-06,3.29729391088733e-06,3.29729391088733e-06,3.29729391088733e-06,3.29729391088733e-06,3.29729391088733e-06,3.29729391088733e-06,3.29729391088733e-06,3.29729391088733e-06,3.29729391088733e-06,3.29729391088733e-06,3.29729391088733e-06,3.29729391088733e-06,3.29729391088733e-06,3.29729391088733e-06,3.29729391088733e-06
0.00161897131024568,0.00161897131024568,0.00161897131024568,0.00161897131024568,0.00161897131024568,0.00161897131024568,0.00161897131024568,0.00161897131024568,0.00165194424935455,0.00165194424935455,0.00165194424935455,0.00165194424935455,0.00161897131024568,0.00165194424935455,0.00161897131024568,0.00161897131024568,0.00158599837113681,0.00158599837113681,0.00161897131024568,0.00165194424935455,0.0017178901275723,0.00175086306668117,0.0017178901275723,0.0017178901275723,0.00181680894489892,0.00178383600579005,0.0017178901275723,0.00188275482311667,0.00184978188400779,0.00178383600579005,0.00181680894489892,0.00178383600579005,0.00158599837113681,0.00161897131024568,0.00181680894489892,0.00165194424935455,0.00145410661470131,0.00135518779737469,0.00142113367559244,0.00142113367559244,0.0017178901275723,0.00142113367559244,0.00115735016272145,0.00128924191915695,0.00112437722361258,0.00128924191915695,0.000992485467177088,0.000728701954306101,0.00105843134539483,0.000827620771632721,0.000926539588959341,0.000728701954306101,0.000530864319652861,0.000300053745890747,0.000333026684999621,0.000201134928564127,0.000135189050346381,0.000135189050346381,3.62702330197607e-05,6.9243172128634e-05,3.29729391088733e-06,3.62702330197607e-05,3.29729391088733e-06,3.29729391088733e-06,3.29729391088733e-06,3.29729391088733e-06,3.29729391088733e-06,3.29729391088733e-06,3.29729391088733e-06,3.29729391088733e-06,3.29729391088733e-06,3.29729391088733e-06,3.29729391088733e-06,3.29729391088733e-06,3.29729391088733e-06,3.29729391088733e-06,3.29729391088733e-06,3.29729391088733e-06,3.29729391088733e-06,3.29729391088733e-06,3.29729391088733e-06,3.29729391088733e-06,3.29729391088733e-06,3.29729391088733e-06,3.29729391088733e-06,3.29729391088733e-06,3.29729391088733e-06,3.29729391088733e-06,3.29729391088733e-06,3.29729391088733e-06,3.29729391088733e-06,3.29729391088733e-06,3.29729391088733e-06,3.29729391088733e-06,3.29729391088733e-06,3.29729391088733e-06,3.29729391088733e-06,3.29729391088733e-06,3.29729391088733e-06,3.29729391088733e-06
0.00211356539687878,0.00211356539687878,0.00211356539687878,0.00211356539687878,0.00211356539687878,0.00211356539687878,0.00211356539687878,0.00214653833598765,0.00214653833598765,0.00214653833598765,0.00208059245776991,0.00204761951866103,0.00208059245776991,0.00208059245776991,0.00208059245776991,0.00208059245776991,0.00208059245776991,0.00208059245776991,0.00204761951866103,0.00198167364044329,0.00194870070133441,0.00191572776222554,0.00191572776222554,0.00194870070133441,0.00201464657955216,0.00198167364044329,0.00201464657955216,0.00194870070133441,0.00201464657955216,0.00208059245776991,0.00191572776222554,0.00178383600579005,0.00165194424935455,0.00168491718846343,0.00152005249291906,0.00165194424935455,0.00198167364044329,0.00178383600579005,0.00181680894489892,0.00178383600579005,0.00161897131024568,0.00135518779737469,0.00155302543202793,0.0012232960409392,0.00115735016272145,0.00105843134539483,0.000893566649850468,0.000959512528068214,0.000860593710741594,0.00102545840628596,0.000728701954306101,0.000794647832523848,0.000629783136979481,0.000300053745890747,0.000431945502326241,0.000168161989455254,0.000102216111237507,0.000102216111237507,0.000102216111237507,6.9243172128634e-05,3.62702330197607e-05,3.29729391088733e-06,3.62702330197607e-05,3.29729391088733e-06,3.29729391088733e-06,3.29729391088733e-06,3.29729391088733e-06,3.29729391088733e-06,3.29729391088733e-06,3.29729391088733e-06,3.29729391088733e-06,3.29729391088733e-06,3.29729391088733e-06,3.29729391088733e-06,3.29729391088733e-06,3.29729391088733e-06,3.29729391088733e-06,3.29729391088733e-06,3.29729391088733e-06,3.29729391088733e-06,3.29729391088733e-06,3.29729391088733e-06,3.29729391088733e-06,3.29729391088733e-06,3.29729391088733e-06,3.29729391088733e-06,3.29729391088733e-06,3.29729391088733e-06,3.29729391088733e-06,3.29729391088733e-06,3.29729391088733e-06,3.29729391088733e-06,3.29729391088733e-06,3.29729391088733e-06,3.29729391088733e-06,3.29729391088733e-06,3.29729391088733e-06,3.29729391088733e-06,3.29729391088733e-06,3.29729391088733e-06
0.00214653833598765,0.00214653833598765,0.00214653833598765,0.00214653833598765,0.00214653833598765,0.00214653833598765,0.00214653833598765,0.00214653833598765,0.00214653833598765,0.00208059245776991,0.00214653833598765,0.00214653833598765,0.00214653833598765,0.00214653833598765,0.00214653833598765,0.00208059245776991,0.00208059245776991,0.00208059245776991,0.00211356539687878,0.00208059245776991,0.00208059245776991,0.00217951127509653,0.00211356539687878,0.00214653833598765,0.00208059245776991,0.00204761951866103,0.00211356539687878,0.00208059245776991,0.00191572776222554,0.00184978188400779,0.00181680894489892,0.00198167364044329,0.00204761951866103,0.00217951127509653,0.0022124842142054,0.00198167364044329,0.00184978188400779,0.00178383600579005,0.00191572776222554,0.00191572776222554,0.00198167364044329,0.00191572776222554,0.00161897131024568,0.00128924191915695,0.00135518779737469,0.00109140428450371,0.00115735016272145,0.00112437722361258,0.00145410661470131,0.00119032310183033,0.00115735016272145,0.00132221485826582,0.000596810197870608,0.000629783136979481,0.000431945502326241,0.000398972563217367,0.000135189050346381,3.62702330197607e-05,6.9243172128634e-05,0.000102216111237507,3.62702330197607e-05,6.9243172128634e-05,3.62702330197607e-05,3.29729391088733e-06,3.29729391088733e-06,3.29729391088733e-06,3.29729391088733e-06,3.29729391088733e-06,3.29729391088733e-06,3.29729391088733e-06,3.29729391088733e-06,3.29729391088733e-06,3.29729391088733e-06,3.29729391088733e-06,3.29729391088733e-06,3.29729391088733e-06,3.29729391088733e-06,3.29729391088733e-06,3.29729391088733e-06,3.29729391088733e-06,3.29729391088733e-06,3.29729391088733e-06,3.29729391088733e-06,3.29729391088733e-06,3.29729391088733e-06,3.29729391088733e-06,3.29729391088733e-06,3.29729391088733e-06,3.29729391088733e-06,3.29729391088733e-06,3.29729391088733e-06,3.29729391088733e-06,3.29729391088733e-06,3.29729391088733e-06,3.29729391088733e-06,3.29729391088733e-06,3.29729391088733e-06,3.29729391088733e-06,3.29729391088733e-06,3.29729391088733e-06
0.00264113242262075,0.00260815948351188,0.00260815948351188,0.00260815948351188,0.00260815948351188,0.00260815948351188,0.00260815948351188,0.00260815948351188,0.00260815948351188,0.00267410536172963,0.00267410536172963,0.00260815948351188,0.00260815948351188,0.00257518654440301,0.00260815948351188,0.00264113242262075,0.00264113242262075,0.00260815948351188,0.00260815948351188,0.00267410536172963,0.00260815948351188,0.00247626772707639,0.00257518654440301,0.00247626772707639,0.00250924066618526,0.00250924066618526,0.00231140303153202,0.00231140303153202,0.00231140303153202,0.00224545715331427,0.00231140303153202,0.00204761951866103,0.00214653833598765,0.00201464657955216,0.00201464657955216,0.00201464657955216,0.00217951127509653,0.00211356539687878,0.00227843009242315,0.00208059245776991,0.00191572776222554,0.00188275482311667,0.00175086306668117,0.00168491718846343,0.00165194424935455,0.00165194424935455,0.00138816073648357,0.00145410661470131,0.000959512528068214,0.00115735016272145,0.00109140428450371,0.00115735016272145,0.000959512528068214,0.000596810197870608,0.000497891380543987,0.000201134928564127,0.000201134928564127,0.000135189050346381,0.000135189050346381,6.9243172128634e-05,6.9243172128634e-05,3.29729391088733e-06,3.62702330197607e-05,3.62702330197607e-05,3.29729391088733e-06,3.29729391088733e-06,3.29729391088733e-06,3.29729391088733e-06,3.29729391088733e-06,3.29729391088733e-06,3.29729391088733e-06,3.29729391088733e-06,3.29729391088733e-06,3.29729391088733e-06,3.29729391088733e-06,3.29729391088733e-06,3.29729391088733e-06,3.29729391088733e-06,3.29729391088733e-06,3.29729391088733e-06,3.29729391088733e-06,3.29729391088733e-06,3.29729391088733e-06,3.29729391088733e-06,3.29729391088733e-06,3.29729391088733e-06,3.29729391088733e-06,3.29729391088733e-06,3.29729391088733e-06,3.29729391088733e-06,3.29729391088733e-06,3.29729391088733e-06,3.29729391088733e-06,3.29729391088733e-06,3.29729391088733e-06,3.29729391088733e-06,3.29729391088733e-06,3.29729391088733e-06,3.29729391088733e-06,3.29729391088733e-06
0.00287194299638287,0.00287194299638287,0.00287194299638287,0.00283897005727399,0.00283897005727399,0.00280599711816512,0.00280599711816512,0.00277302417905625,0.00277302417905625,0.00277302417905625,0.00277302417905625,0.00283897005727399,0.00283897005727399,0.00283897005727399,0.00283897005727399,0.00283897005727399,0.00280599711816512,0.00283897005727399,0.00283897005727399,0.00283897005727399,0.00290491593549174,0.00287194299638287,0.00277302417905625,0.00267410536172963,0.00257518654440301,0.00264113242262075,0.00283897005727399,0.00264113242262075,0.0027070783008385,0.00283897005727399,0.00306978063103611,0.00293788887460062,0.00277302417905625,0.00277302417905625,0.00264113242262075,0.00287194299638287,0.00244329478796751,0.00257518654440301,0.00224545715331427,0.00254221360529413,0.0022124842142054,0.00211356539687878,0.00188275482311667,0.00181680894489892,0.00165194424935455,0.00168491718846343,0.00158599837113681,0.0012232960409392,0.00119032310183033,0.00105843134539483,0.000992485467177088,0.000794647832523848,0.000926539588959341,0.000662756076088354,0.000431945502326241,0.000596810197870608,0.000300053745890747,0.000102216111237507,3.62702330197607e-05,0.000135189050346381,6.9243172128634e-05,3.62702330197607e-05,3.29729391088733e-06,3.62702330197607e-05,3.29729391088733e-06,3.29729391088733e-06,3.29729391088733e-06,3.29729391088733e-06,3.29729391088733e-06,3.29729391088733e-06,3.29729391088733e-06,3.29729391088733e-06,3.29729391088733e-06,3.29729391088733e-06,3.29729391088733e-06,3.29729391088733e-06,3.29729391088733e-06,3.29729391088733e-06,3.29729391088733e-06,3.29729391088733e-06,3.29729391088733e-06,3.29729391088733e-06,3.29729391088733e-06,3.29729391088733e-06,3.29729391088733e-06,3.29729391088733e-06,3.29729391088733e-06,3.29729391088733e-06,3.29729391088733e-06,3.29729391088733e-06,3.29729391088733e-06,3.29729391088733e-06,3.29729391088733e-06,3.29729391088733e-06,3.29729391088733e-06,3.29729391088733e-06,3.29729391088733e-06,3.29729391088733e-06,3.29729391088733e-06,3.29729391088733e-06
0.00297086181370949,0.00300383475281836,0.00300383475281836,0.00303680769192724,0.00303680769192724,0.00303680769192724,0.00303680769192724,0.00306978063103611,0.00306978063103611,0.00306978063103611,0.00306978063103611,0.00300383475281836,0.00300383475281836,0.00303680769192724,0.00303680769192724,0.00306978063103611,0.00310275357014498,0.00306978063103611,0.00300383475281836,0.00297086181370949,0.00300383475281836,0.00306978063103611,0.00313572650925385,0.00323464532658047,0.0032016723874716,0.0032016723874716,0.00306978063103611,0.0032016723874716,0.00313572650925385,0.00310275357014498,0.00290491593549174,0.00303680769192724,0.00313572650925385,0.00300383475281836,0.00274005123994737,0.00257518654440301,0.00260815948351188,0.00260815948351188,0.00250924066618526,0.00231140303153202,0.0022124842142054,0.00208059245776991,0.00231140303153202,0.00237734890974977,0.00191572776222554,0.00188275482311667,0.00201464657955216,0.00168491718846343,0.00132221485826582,0.00142113367559244,0.0012232960409392,0.000959512528068214,0.00128924191915695,0.000959512528068214,0.000662756076088354,0.000431945502326241,0.000398972563217367,0.000201134928564127,0.000168161989455254,3.62702330197607e-05,6.9243172128634e-05,0.000102216111237507,3.29729391088733e-06,3.62702330197607e-05,3.29729391088733e-06,3.29729391088733e-06,3.29729391088733e-06,3.29729391088733e-06,3.29729391088733e-06,3.29729391088733e-06,3.29729391088733e-06,3.29729391088733e-06,3.29729391088733e-06,3.29729391088733e-06,3.29729391088733e-06,3.29729391088733e-06,3.29729391088733e-06,3.29729391088733e-06,3.29729391088733e-06,3.29729391088733e-06,3.29729391088733e-06,3.29729391088733e-06,3.29729391088733e-06,3.29729391088733e-06,3.29729391088733e-06,3.29729391088733e-06,3.29729391088733e-06,3.29729391088733e-06,3.29729391088733e-06,3.29729391088733e-06,3.29729391088733e-06,3.29729391088733e-06,3.29729391088733e-06,3.29729391088733e-06,3.29729391088733e-06,3.29729391088733e-06,3.29729391088733e-06,3.29729391088733e-06,3.29729391088733e-06,3.29729391088733e-06
0.00280599711816512,0.00277302417905625,0.00277302417905625,0.00274005123994737,0.00274005123994737,0.00274005123994737,0.00274005123994737,0.0027070783008385,0.00264113242262075,0.00264113242262075,0.00260815948351188,0.00264113242262075,0.00264113242262075,0.00264113242262075,0.00260815948351188,0.00254221360529413,0.00260815948351188,0.00260815948351188,0.00264113242262075,0.00264113242262075,0.00264113242262075,0.0027070783008385,0.0027070783008385,0.0027070783008385,0.00290491593549174,0.00287194299638287,0.00287194299638287,0.00290491593549174,0.00310275357014498,0.00316869944836273,0.00300383475281836,0.00303680769192724,0.00303680769192724,0.00303680769192724,0.00316869944836273,0.00306978063103611,0.0033335641439071,0.00297086181370949,0.00267410536172963,0.0027070783008385,0.00303680769192724,0.00277302417905625,0.00237734890974977,0.00201464657955216,0.00231140303153202,0.00188275482311667,0.00165194424935455,0.00152005249291906,0.00161897131024568,0.00125626898004807,0.00138816073648357,0.00142113367559244,0.00105843134539483,0.00119032310183033,0.000728701954306101,0.000728701954306101,0.000530864319652861,0.000267080806781874,0.000135189050346381,6.9243172128634e-05,3.62702330197607e-05,3.62702330197607e-05,6.9243172128634e-05,3.62702330197607e-05,3.29729391088733e-06,3.29729391088733e-06,3.29729391088733e-06,3.29729391088733e-06,3.29729391088733e-06,3.29729391088733e-06,3.29729391088733e-06,3.29729391088733e-06,3.29729391088733e-06,3.29729391088733e-06,3.29729391088733e-06,3.29729391088733e-06,3.29729391088733e-06,3.29729391088733e-06,3.29729391088733e-06,3.29729391088733e-06,3.29729391088733e-06,3.29729391088733e-06,3.29729391088733e-06,3.29729391088733e-06,3.29729391088733e-06,3.29729391088733e-06,3.29729391088733e-06,3.29729391088733e-06,3.29729391088733e-06,3.29729391088733e-06,3.29729391088733e-06,3.29729391088733e-06,3.29729391088733e-06,3.29729391088733e-06,3.29729391088733e-06,3.29729391088733e-06,3.29729391088733e-06,3.29729391088733e-06,3.29729391088733e-06,3.29729391088733e-06
0.00366329353499583,0.00363032059588696,0.00363032059588696,0.00363032059588696,0.00363032059588696,0.00366329353499583,0.00366329353499583,0.00366329353499583,0.00372923941321358,0.00372923941321358,0.00376221235232245,0.00379518529143132,0.00379518529143132,0.00372923941321358,0.00366329353499583,0.00372923941321358,0.00366329353499583,0.00366329353499583,0.00366329353499583,0.0036962664741047,0.00366329353499583,0.00356437471766921,0.00353140177856034,0.00349842883945146,0.00336653708301597,0.00330059120479822,0.00339951002212484,0.00339951002212484,0.00316869944836273,0.00300383475281836,0.00300383475281836,0.00303680769192724,0.00316869944836273,0.00323464532658047,0.0033335641439071,0.00336653708301597,0.00300383475281836,0.00323464532658047,0.00303680769192724,0.00260815948351188,0.00250924066618526,0.00247626772707639,0.00267410536172963,0.00290491593549174,0.0022124842142054,0.00241032184885864,0.00204761951866103,0.00198167364044329,0.00198167364044329,0.00109140428450371,0.00178383600579005,0.0012232960409392,0.00102545840628596,0.000893566649850468,0.000992485467177088,0.000629783136979481,0.000629783136979481,0.000530864319652861,0.000267080806781874,0.000135189050346381,0.000135189050346381,3.62702330197607e-05,3.62702330197607e-05,3.29729391088733e-06,3.62702330197607e-05,3.29729391088733e-06,3.29729391088733e-06,3.29729391088733e-06,3.29729391088733e-06,3.29729391088733e-06,3.29729391088733e-06,3.29729391088733e-06,3.29729391088733e-06,3.29729391088733e-06,3.29729391088733e-06,3.29729391088733e-06,3.29729391088733e-06,3.29729391088733e-06,3.29729391088733e-06,3.29729391088733e-06,3.29729391088733e-06,3.29729391088733e-06,3.29729391088733e-06,3.29729391088733e-06,3.29729391088733e-06,3.29729391088733e-06,3.29729391088733e-06,3.29729391088733e-06,3.29729391088733e-06,3.29729391088733e-06,3.29729391088733e-06,3.29729391088733e-06,3.29729391088733e-06,3.29729391088733e-06,3.29729391088733e-06,3.29729391088733e-06,3.29729391088733e-06,3.29729391088733e-06,3.29729391088733e-06,3.29729391088733e-06
0.00339951002212484,0.00339951002212484,0.00339951002212484,0.00343248296123372,0.00343248296123372,0.00343248296123372,0.00343248296123372,0.00343248296123372,0.00339951002212484,0.00336653708301597,0.00336653708301597,0.0033335641439071,0.00330059120479822,0.0033335641439071,0.00336653708301597,0.00330059120479822,0.00330059120479822,0.0033335641439071,0.0033335641439071,0.0033335641439071,0.00326761826568935,0.00323464532658047,0.00330059120479822,0.0033335641439071,0.00336653708301597,0.0033335641439071,0.00323464532658047,0.0032016723874716,0.00330059120479822,0.0032016723874716,0.0033335641439071,0.00343248296123372,0.00310275357014498,0.00303680769192724,0.00297086181370949,0.00316869944836273,0.00346545590034259,0.0038281582305402,0.00396004998697569,0.00372923941321358,0.00353140177856034,0.00336653708301597,0.0027070783008385,0.00227843009242315,0.00247626772707639,0.00227843009242315,0.00211356539687878,0.00201464657955216,0.00214653833598765,0.00204761951866103,0.00119032310183033,0.00145410661470131,0.00135518779737469,0.00135518779737469,0.000992485467177088,0.000695729015197228,0.000596810197870608,0.000530864319652861,0.000267080806781874,0.000234107867673001,6.9243172128634e-05,3.62702330197607e-05,3.62702330197607e-05,3.62702330197607e-05,3.29729391088733e-06,3.29729391088733e-06,3.29729391088733e-06,3.29729391088733e-06,3.29729391088733e-06,3.29729391088733e-06,3.29729391088733e-06,3.29729391088733e-06,3.29729391088733e-06,3.29729391088733e-06,3.29729391088733e-06,3.29729391088733e-06,3.29729391088733e-06,3.29729391088733e-06,3.29729391088733e-06,3.29729391088733e-06,3.29729391088733e-06,3.29729391088733e-06,3.29729391088733e-06,3.29729391088733e-06,3.29729391088733e-06,3.29729391088733e-06,3.29729391088733e-06,3.29729391088733e-06,3.29729391088733e-06,3.29729391088733e-06,3.29729391088733e-06,3.29729391088733e-06,3.29729391088733e-06,3.29729391088733e-06,3.29729391088733e-06,3.29729391088733e-06,3.29729391088733e-06,3.29729391088733e-06,3.29729391088733e-06,3.29729391088733e-06
0.00452058995182654,0.00455356289093541,0.00455356289093541,0.00455356289093541,0.00455356289093541,0.00455356289093541,0.00455356289093541,0.00458653583004428,0.00461950876915316,0.00461950876915316,0.00461950876915316,0.00461950876915316,0.00465248170826203,0.00458653583004428,0.00458653583004428,0.00458653583004428,0.00458653583004428,0.00448761701271766,0.00448761701271766,0.00445464407360879,0.00442167113449992,0.00442167113449992,0.00448761701271766,0.00448761701271766,0.00445464407360879,0.00435572525628217,0.00425680643895555,0.00425680643895555,0.00396004998697569,0.00409194174341118,0.00399302292608456,0.00396004998697569,0.00402599586519344,0.00396004998697569,0.00399302292608456,0.00359734765677808,0.00372923941321358,0.00330059120479822,0.00330059120479822,0.00363032059588696,0.0036962664741047,0.00405896880430231,0.00366329353499583,0.00330059120479822,0.00323464532658047,0.00237734890974977,0.00231140303153202,0.00211356539687878,0.00201464657955216,0.00168491718846343,0.00152005249291906,0.00181680894489892,0.00152005249291906,0.00128924191915695,0.00105843134539483,0.00135518779737469,0.000662756076088354,0.000398972563217367,0.000300053745890747,0.000168161989455254,0.000234107867673001,6.9243172128634e-05,3.29729391088733e-06,3.62702330197607e-05,6.9243172128634e-05,3.29729391088733e-06,3.29729391088733e-06,3.29729391088733e-06,3.29729391088733e-06,3.29729391088733e-06,3.29729391088733e-06,3.29729391088733e-06,3.29729391088733e-06,3.29729391088733e-06,3.29729391088733e-06,3.29729391088733e-06,3.29729391088733e-06,3.29729391088733e-06,3.29729391088733e-06,3.29729391088733e-06,3.29729391088733e-06,3.29729391088733e-06,3.29729391088733e-06,3.29729391088733e-06,3.29729391088733e-06,3.29729391088733e-06,3.29729391088733e-06,3.29729391088733e-06,3.29729391088733e-06,3.29729391088733e-06,3.29729391088733e-06,3.29729391088733e-06,3.29729391088733e-06,3.29729391088733e-06,3.29729391088733e-06,3.29729391088733e-06,3.29729391088733e-06,3.29729391088733e-06,3.29729391088733e-06,3.29729391088733e-06
0.00461950876915316,0.00465248170826203,0.00465248170826203,0.00461950876915316,0.00461950876915316,0.00455356289093541,0.00455356289093541,0.00448761701271766,0.00445464407360879,0.00448761701271766,0.00448761701271766,0.00445464407360879,0.00442167113449992,0.00445464407360879,0.00452058995182654,0.00455356289093541,0.00455356289093541,0.00452058995182654,0.00452058995182654,0.00458653583004428,0.0046854546473709,0.0048173464038064,0.00458653583004428,0.00452058995182654,0.00458653583004428,0.00455356289093541,0.00458653583004428,0.00458653583004428,0.00458653583004428,0.00442167113449992,0.00442167113449992,0.00428977937806442,0.00425680643895555,0.00435572525628217,0.0041908605607378,0.00445464407360879,0.00445464407360879,0.00438869819539104,0.00465248170826203,0.00455356289093541,0.00428977937806442,0.00379518529143132,0.00435572525628217,0.00399302292608456,0.0033335641439071,0.00336653708301597,0.00297086181370949,0.00274005123994737,0.00194870070133441,0.00264113242262075,0.00198167364044329,0.00168491718846343,0.00168491718846343,0.00109140428450371,0.00115735016272145,0.000761674893414974,0.000728701954306101,0.000695729015197228,0.000530864319652861,0.000267080806781874,0.000168161989455254,0.000102216111237507,6.9243172128634e-05,3.29729391088733e-06,3.62702330197607e-05,3.62702330197607e-05,3.29729391088733e-06,3.29729391088733e-06,3.29729391088733e-06,3.29729391088733e-06,3.29729391088733e-06,3.29729391088733e-06,3.29729391088733e-06,3.29729391088733e-06,3.29729391088733e-06,3.29729391088733e-06,3.29729391088733e-06,3.29729391088733e-06,3.29729391088733e-06,3.29729391088733e-06,3.29729391088733e-06,3.29729391088733e-06,3.29729391088733e-06,3.29729391088733e-06,3.29729391088733e-06,3.29729391088733e-06,3.29729391088733e-06,3.29729391088733e-06,3.29729391088733e-06,3.29729391088733e-06,3.29729391088733e-06,3.29729391088733e-06,3.29729391088733e-06,3.29729391088733e-06,3.29729391088733e-06,3.29729391088733e-06,3.29729391088733e-06,3.29729391088733e-06,3.29729391088733e-06,3.29729391088733e-06
0.00409194174341118,0.00405896880430231,0.00405896880430231,0.00405896880430231,0.00405896880430231,0.00412491468252006,0.00412491468252006,0.00415788762162893,0.0041908605607378,0.00415788762162893,0.00415788762162893,0.0041908605607378,0.00422383349984668,0.0041908605607378,0.0041908605607378,0.00415788762162893,0.0041908605607378,0.00422383349984668,0.00422383349984668,0.00415788762162893,0.00409194174341118,0.00405896880430231,0.00425680643895555,0.00448761701271766,0.00442167113449992,0.00458653583004428,0.00465248170826203,0.00452058995182654,0.00458653583004428,0.00452058995182654,0.00458653583004428,0.00438869819539104,0.00458653583004428,0.00448761701271766,0.00448761701271766,0.00448761701271766,0.00389410410875794,0.00396004998697569,0.00359734765677808,0.00372923941321358,0.00376221235232245,0.00389410410875794,0.00409194174341118,0.00399302292608456,0.00415788762162893,0.00366329353499583,0.00346545590034259,0.00287194299638287,0.00280599711816512,0.00231140303153202,0.0022124842142054,0.0017178901275723,0.00188275482311667,0.00175086306668117,0.00165194424935455,0.00128924191915695,0.00152005249291906,0.000959512528068214,0.000662756076088354,0.000234107867673001,0.000234107867673001,0.000234107867673001,3.62702330197607e-05,6.9243172128634e-05,3.29729391088733e-06,3.62702330197607e-05,3.29729391088733e-06,3.29729391088733e-06,3.29729391088733e-06,3.29729391088733e-06,3.29729391088733e-06,3.29729391088733e-06,3.29729391088733e-06,3.29729391088733e-06,3.29729391088733e-06,3.29729391088733e-06,3.29729391088733e-06,3.29729391088733e-06,3.29729391088733e-06,3.29729391088733e-06,3.29729391088733e-06,3.29729391088733e-06,3.29729391088733e-06,3.29729391088733e-06,3.29729391088733e-06,3.29729391088733e-06,3.29729391088733e-06,3.29729391088733e-06,3.29729391088733e-06,3.29729391088733e-06,3.29729391088733e-06,3.29729391088733e-06,3.29729391088733e-06,3.29729391088733e-06,3.29729391088733e-06,3.29729391088733e-06,3.29729391088733e-06,3.29729391088733e-06,3.29729391088733e-06,3.29729391088733e-06
0.00541085930776612,0.00544383224687499,0.00544383224687499,0.00544383224687499,0.00544383224687499,0.00544383224687499,0.00544383224687499,0.00544383224687499,0.00544383224687499,0.00547680518598386,0.00547680518598386,0.00547680518598386,0.00547680518598386,0.00557572400331048,0.00547680518598386,0.00550977812509274,0.00547680518598386,0.00550977812509274,0.00547680518598386,0.00544383224687499,0.00547680518598386,0.00544383224687499,0.00534491342954837,0.00527896755133062,0.00521302167311288,0.00511410285578626,0.00511410285578626,0.00511410285578626,0.00511410285578626,0.00521302167311288,0.00508112991667738,0.00541085930776612,0.00514707579489513,0.00511410285578626,0.00514707579489513,0.00498221109935076,0.0048173464038064,0.00448761701271766,0.00471842758647978,0.00475140052558865,0.00511410285578626,0.00471842758647978,0.00428977937806442,0.00402599586519344,0.00435572525628217,0.0043227523171733,0.00379518529143132,0.00343248296123372,0.00260815948351188,0.00274005123994737,0.00250924066618526,0.00231140303153202,0.00181680894489892,0.00214653833598765,0.0017178901275723,0.00155302543202793,0.0012232960409392,0.000959512528068214,0.000728701954306101,0.000300053745890747,0.000168161989455254,0.000102216111237507,0.000267080806781874,0.000135189050346381,3.29729391088733e-06,3.62702330197607e-05,3.29729391088733e-06,3.29729391088733e-06,3.29729391088733e-06,3.29729391088733e-06,3.29729391088733e-06,3.29729391088733e-06,3.29729391088733e-06,3.29729391088733e-06,3.29729391088733e-06,3.29729391088733e-06,3.29729391088733e-06,3.29729391088733e-06,3.29729391088733e-06,3.29729391088733e-06,3.29729391088733e-06,3.29729391088733e-06,3.29729391088733e-06,3.29729391088733e-06,3.29729391088733e-06,3.29729391088733e-06,3.29729391088733e-06,3.29729391088733e-06,3.29729391088733e-06,3.29729391088733e-06,3.29729391088733e-06,3.29729391088733e-06,3.29729391088733e-06,3.29729391088733e-06,3.29729391088733e-06,3.29729391088733e-06,3.29729391088733e-06,3.29729391088733e-06,3.29729391088733e-06,3.29729391088733e-06
0.0063011286637057,0.0063011286637057,0.0063011286637057,0.0063011286637057,0.0063011286637057,0.0063011286637057,0.0063011286637057,0.0063011286637057,0.00626815572459682,0.00623518278548795,0.00623518278548795,0.00623518278548795,0.00623518278548795,0.0061692369072702,0.00623518278548795,0.00623518278548795,0.00626815572459682,0.00633410160281457,0.00633410160281457,0.00633410160281457,0.00636707454192344,0.00633410160281457,0.00623518278548795,0.00610329102905246,0.00620220984637908,0.0063011286637057,0.0063011286637057,0.0063011286637057,0.00597139927261696,0.00610329102905246,0.00610329102905246,0.00570761575974598,0.00587248045529034,0.00557572400331048,0.00537788636865724,0.00527896755133062,0.00570761575974598,0.00554275106420161,0.00511410285578626,0.00491626522113302,0.00471842758647978,0.00534491342954837,0.00537788636865724,0.00541085930776612,0.00461950876915316,0.00478437346469752,0.0043227523171733,0.0048173464038064,0.00412491468252006,0.00356437471766921,0.00349842883945146,0.00241032184885864,0.00188275482311667,0.00191572776222554,0.00217951127509653,0.00155302543202793,0.00128924191915695,0.00112437722361258,0.00119032310183033,0.000794647832523848,0.000267080806781874,0.000267080806781874,3.62702330197607e-05,6.9243172128634e-05,0.000135189050346381,3.62702330197607e-05,3.62702330197607e-05,3.29729391088733e-06,3.29729391088733e-06,3.29729391088733e-06,3.29729391088733e-06,3.29729391088733e-06,3.29729391088733e-06,3.29729391088733e-06,3.29729391088733e-06,3.29729391088733e-06,3.29729391088733e-06,3.29729391088733e-06,3.29729391088733e-06,3.29729391088733e-06,3.29729391088733e-06,3.29729391088733e-06,3.29729391088733e-06,3.29729391088733e-06,3.29729391088733e-06,3.29729391088733e-06,3.29729391088733e-06,3.29729391088733e-06,3.29729391088733e-06,3.29729391088733e-06,3.29729391088733e-06,3.29729391088733e-06,3.29729391088733e-06,3.29729391088733e-06,3.29729391088733e-06,3.29729391088733e-06,3.29729391088733e-06,3.29729391088733e-06,3.29729391088733e-06,3.29729391088733e-06
0.00676274981122992,0.00672977687212105,0.00672977687212105,0.0066638309939033,0.0066638309939033,0.00659788511568556,0.00659788511568556,0.00659788511568556,0.00659788511568556,0.00659788511568556,0.00659788511568556,0.00659788511568556,0.00659788511568556,0.00663085805479443,0.00659788511568556,0.00659788511568556,0.00653193923746781,0.00649896629835894,0.00653193923746781,0.00659788511568556,0.00653193923746781,0.00659788511568556,0.00663085805479443,0.00653193923746781,0.00636707454192344,0.00626815572459682,0.00646599335925006,0.00646599335925006,0.00672977687212105,0.00663085805479443,0.00633410160281457,0.00610329102905246,0.00607031808994358,0.00620220984637908,0.00636707454192344,0.00620220984637908,0.00577356163796372,0.00607031808994358,0.00610329102905246,0.00600437221172584,0.00544383224687499,0.00550977812509274,0.00547680518598386,0.00620220984637908,0.00574058869885485,0.00534491342954837,0.00547680518598386,0.00458653583004428,0.0046854546473709,0.00346545590034259,0.00306978063103611,0.00343248296123372,0.00339951002212484,0.0022124842142054,0.00178383600579005,0.00145410661470131,0.00148707955381019,0.00125626898004807,0.000926539588959341,0.00112437722361258,0.000300053745890747,0.000201134928564127,0.000135189050346381,6.9243172128634e-05,6.9243172128634e-05,3.62702330197607e-05,0.000102216111237507,3.29729391088733e-06,3.29729391088733e-06,3.29729391088733e-06,3.29729391088733e-06,3.29729391088733e-06,3.29729391088733e-06,3.29729391088733e-06,3.29729391088733e-06,3.29729391088733e-06,3.29729391088733e-06,3.29729391088733e-06,3.29729391088733e-06,3.29729391088733e-06,3.29729391088733e-06,3.29729391088733e-06,3.29729391088733e-06,3.29729391088733e-06,3.29729391088733e-06,3.29729391088733e-06,3.29729391088733e-06,3.29729391088733e-06,3.29729391088733e-06,3.29729391088733e-06,3.29729391088733e-06,3.29729391088733e-06,3.29729391088733e-06,3.29729391088733e-06,3.29729391088733e-06,3.29729391088733e-06,3.29729391088733e-06,3.29729391088733e-06,3.29729391088733e-06,3.29729391088733e-06
0.00791680268004049,0.00794977561914936,0.00794977561914936,0.00804869443647598,0.00804869443647598,0.00811464031469373,0.00811464031469373,0.00804869443647598,0.00808166737558486,0.00804869443647598,0.00801572149736711,0.00801572149736711,0.00798274855825824,0.00801572149736711,0.00794977561914936,0.00788382974093162,0.00788382974093162,0.00785085680182274,0.00788382974093162,0.00785085680182274,0.00785085680182274,0.00745518153251626,0.00755410034984288,0.00781788386271387,0.00794977561914936,0.00775193798449612,0.00742220859340739,0.0072903168369719,0.0072903168369719,0.00702653332410091,0.00712545214142753,0.00742220859340739,0.00709247920231866,0.00699356038499204,0.0066638309939033,0.00669680393301218,0.00699356038499204,0.00712545214142753,0.00696058744588316,0.00633410160281457,0.00659788511568556,0.0061692369072702,0.00656491217657668,0.0058065345770726,0.00603734515083471,0.00613626396816133,0.0058065345770726,0.0056746428206371,0.00521302167311288,0.00494923816024189,0.00442167113449992,0.0032016723874716,0.00313572650925385,0.00257518654440301,0.0022124842142054,0.00264113242262075,0.00158599837113681,0.00168491718846343,0.00115735016272145,0.00112437722361258,0.000893566649850468,0.000365999624108494,0.000201134928564127,0.000102216111237507,0.000102216111237507,3.62702330197607e-05,3.29729391088733e-06,6.9243172128634e-05,3.29729391088733e-06,3.29729391088733e-06,3.29729391088733e-06,3.29729391088733e-06,3.29729391088733e-06,3.29729391088733e-06,3.29729391088733e-06,3.29729391088733e-06,3.29729391088733e-06,3.29729391088733e-06,3.29729391088733e-06,3.29729391088733e-06,3.29729391088733e-06,3.29729391088733e-06,3.29729391088733e-06,3.29729391088733e-06,3.29729391088733e-06,3.29729391088733e-06,3.29729391088733e-06,3.29729391088733e-06,3.29729391088733e-06,3.29729391088733e-06,3.29729391088733e-06,3.29729391088733e-06,3.29729391088733e-06,3.29729391088733e-06,3.29729391088733e-06,3.29729391088733e-06,3.29729391088733e-06,3.29729391088733e-06,3.29729391088733e-06,3.29729391088733e-06
0.00851031558400021,0.00847734264489134,0.00847734264489134,0.00847734264489134,0.00847734264489134,0.00844436970578246,0.00844436970578246,0.00841139676667359,0.00841139676667359,0.00841139676667359,0.00841139676667359,0.00847734264489134,0.00851031558400021,0.00834545088845584,0.00844436970578246,0.00844436970578246,0.00841139676667359,0.00831247794934697,0.0082795050102381,0.00834545088845584,0.00837842382756472,0.00874112615776232,0.00874112615776232,0.00847734264489134,0.00844436970578246,0.00874112615776232,0.00870815321865345,0.00857626146221796,0.00857626146221796,0.00854328852310909,0.00847734264489134,0.00854328852310909,0.00857626146221796,0.00844436970578246,0.00854328852310909,0.00867518027954458,0.00851031558400021,0.00771896504538725,0.00748815447162514,0.00768599210627838,0.00725734389786302,0.00699356038499204,0.00626815572459682,0.00643302042014119,0.00603734515083471,0.00646599335925006,0.00603734515083471,0.00570761575974598,0.00633410160281457,0.00570761575974598,0.00527896755133062,0.00485031934291527,0.0038281582305402,0.00310275357014498,0.00257518654440301,0.00234437597064089,0.00188275482311667,0.00161897131024568,0.00158599837113681,0.00115735016272145,0.00115735016272145,0.000629783136979481,0.000497891380543987,0.000267080806781874,0.000135189050346381,3.62702330197607e-05,6.9243172128634e-05,3.62702330197607e-05,3.62702330197607e-05,3.29729391088733e-06,3.29729391088733e-06,3.29729391088733e-06,3.29729391088733e-06,3.29729391088733e-06,3.29729391088733e-06,3.29729391088733e-06,3.29729391088733e-06,3.29729391088733e-06,3.29729391088733e-06,3.29729391088733e-06,3.29729391088733e-06,3.29729391088733e-06,3.29729391088733e-06,3.29729391088733e-06,3.29729391088733e-06,3.29729391088733e-06,3.29729391088733e-06,3.29729391088733e-06,3.29729391088733e-06,3.29729391088733e-06,3.29729391088733e-06,3.29729391088733e-06,3.29729391088733e-06,3.29729391088733e-06,3.29729391088733e-06,3.29729391088733e-06,3.29729391088733e-06,3.29729391088733e-06,3.29729391088733e-06,3.29729391088733e-06
0.00890599085330669,0.00890599085330669,0.00890599085330669,0.00887301791419782,0.00887301791419782,0.00887301791419782,0.00887301791419782,0.00897193673152444,0.00897193673152444,0.00903788260974218,0.00903788260974218,0.00900490967063331,0.00900490967063331,0.00916977436617768,0.00916977436617768,0.00913680142706881,0.00923572024439543,0.00936761200083092,0.00933463906172204,0.0092686931835043,0.00920274730528655,0.00916977436617768,0.00910382848795993,0.0092686931835043,0.00923572024439543,0.00920274730528655,0.00930166612261317,0.00949950375726641,0.00943355787904867,0.0097632872701374,0.00953247669637529,0.00946653081815754,0.00923572024439543,0.00949950375726641,0.00953247669637529,0.00893896379241556,0.00841139676667359,0.00857626146221796,0.00841139676667359,0.00821355913202035,0.0082795050102381,0.00725734389786302,0.00705950626320978,0.0063011286637057,0.00646599335925006,0.00610329102905246,0.00712545214142753,0.00682869568944767,0.00620220984637908,0.0061692369072702,0.00613626396816133,0.00544383224687499,0.00461950876915316,0.00438869819539104,0.00356437471766921,0.00254221360529413,0.00267410536172963,0.00214653833598765,0.00175086306668117,0.00128924191915695,0.00142113367559244,0.000893566649850468,0.000530864319652861,0.000168161989455254,0.000102216111237507,6.9243172128634e-05,3.29729391088733e-06,3.62702330197607e-05,3.29729391088733e-06,3.29729391088733e-06,3.29729391088733e-06,3.29729391088733e-06,3.29729391088733e-06,3.29729391088733e-06,3.29729391088733e-06,3.29729391088733e-06,3.29729391088733e-06,3.29729391088733e-06,3.29729391088733e-06,3.29729391088733e-06,3.29729391088733e-06,3.29729391088733e-06,3.29729391088733e-06,3.29729391088733e-06,3.29729391088733e-06,3.29729391088733e-06,3.29729391088733e-06,3.29729391088733e-06,3.29729391088733e-06,3.29729391088733e-06,3.29729391088733e-06,3.29729391088733e-06,3.29729391088733e-06,3.29729391088733e-06,3.29729391088733e-06,3.29729391088733e-06,3.29729391088733e-06,3.29729391088733e-06,3.29729391088733e-06,3.29729391088733e-06
0.0103238272349882,0.0103568001740971,0.0103568001740971,0.0103568001740971,0.0103568001740971,0.0103238272349882,0.0103238272349882,0.0103568001740971,0.0103238272349882,0.0102578813567705,0.0101919354785528,0.0101919354785528,0.0101589625394439,0.00999409784389951,0.00992815196568177,0.00999409784389951,0.00996112490479064,0.00982923314835515,0.00979626020924627,0.0097632872701374,0.00979626020924627,0.00973031433102852,0.00966436845281078,0.00933463906172204,0.00933463906172204,0.00930166612261317,0.00936761200083092,0.00940058493993979,0.00953247669637529,0.00930166612261317,0.0096313955137019,0.00959842257459303,0.00979626020924627,0.00956544963548416,0.00953247669637529,0.00916977436617768,0.00973031433102852,0.00949950375726641,0.00986220608746402,0.00920274730528655,0.00903788260974218,0.0092686931835043,0.00831247794934697,0.00821355913202035,0.00821355913202035,0.00742220859340739,0.00712545214142753,0.00696058744588316,0.00768599210627838,0.00689464156766542,0.00610329102905246,0.00640004748103232,0.00554275106420161,0.00504815697756851,0.00478437346469752,0.00396004998697569,0.00274005123994737,0.00267410536172963,0.00224545715331427,0.00181680894489892,0.00142113367559244,0.00115735016272145,0.000629783136979481,0.000596810197870608,0.000168161989455254,0.000201134928564127,6.9243172128634e-05,3.29729391088733e-06,6.9243172128634e-05,3.29729391088733e-06,3.29729391088733e-06,3.29729391088733e-06,3.29729391088733e-06,3.29729391088733e-06,3.29729391088733e-06,3.29729391088733e-06,3.29729391088733e-06,3.29729391088733e-06,3.29729391088733e-06,3.29729391088733e-06,3.29729391088733e-06,3.29729391088733e-06,3.29729391088733e-06,3.29729391088733e-06,3.29729391088733e-06,3.29729391088733e-06,3.29729391088733e-06,3.29729391088733e-06,3.29729391088733e-06,3.29729391088733e-06,3.29729391088733e-06,3.29729391088733e-06,3.29729391088733e-06,3.29729391088733e-06,3.29729391088733e-06,3.29729391088733e-06,3.29729391088733e-06,3.29729391088733e-06,3.29729391088733e-06,3.29729391088733e-06
0.0112470695300367,0.011181123651819,0.011181123651819,0.0112140965909278,0.0112140965909278,0.0112140965909278,0.0112140965909278,0.0111481507127101,0.0111481507127101,0.0112140965909278,0.0112470695300367,0.0112800424691456,0.0113130154082544,0.0114119342255811,0.0114119342255811,0.0114449071646899,0.0114778801037988,0.0116097718602343,0.0115438259820166,0.0116097718602343,0.0116097718602343,0.0115767989211254,0.0115108530429077,0.0117416636166698,0.0117746365557787,0.0116427447993432,0.0113789612864722,0.0111151777736012,0.0107195025042947,0.010653556626077,0.0107524754434036,0.0107524754434036,0.0105876107478592,0.0105546378087504,0.0105216648696415,0.0111151777736012,0.0103238272349882,0.0105216648696415,0.0104557189914237,0.0112800424691456,0.0106205836869681,0.0106865295651859,0.0103238272349882,0.0097632872701374,0.00923572024439543,0.00897193673152444,0.00857626146221796,0.00818058619291148,0.00755410034984288,0.00821355913202035,0.00785085680182274,0.00672977687212105,0.00669680393301218,0.0063011286637057,0.0053119404904395,0.00491626522113302,0.00455356289093541,0.0027070783008385,0.00260815948351188,0.00254221360529413,0.00175086306668117,0.00138816073648357,0.00115735016272145,0.000497891380543987,0.000300053745890747,0.000168161989455254,3.29729391088733e-06,6.9243172128634e-05,6.9243172128634e-05,6.9243172128634e-05,3.62702330197607e-05,3.29729391088733e-06,3.29729391088733e-06,3.29729391088733e-06,3.29729391088733e-06,3.29729391088733e-06,3.29729391088733e-06,3.29729391088733e-06,3.29729391088733e-06,3.29729391088733e-06,3.29729391088733e-06,3.29729391088733e-06,3.29729391088733e-06,3.29729391088733e-06,3.29729391088733e-06,3.29729391088733e-06,3.29729391088733e-06,3.29729391088733e-06,3.29729391088733e-06,3.29729391088733e-06,3.29729391088733e-06,3.29729391088733e-06,3.29729391088733e-06,3.29729391088733e-06,3.29729391088733e-06,3.29729391088733e-06,3.29729391088733e-06,3.29729391088733e-06,3.29729391088733e-06,3.29729391088733e-06
0.0138189587805288,0.0138849046587466,0.0138849046587466,0.0137859858414199,0.0137859858414199,0.0137859858414199,0.0137859858414199,0.0137859858414199,0.0138189587805288,0.0137859858414199,0.0138189587805288,0.0137859858414199,0.0137530129023111,0.0137859858414199,0.0137200399632022,0.0136540940849845,0.0135881482067667,0.013522202328549,0.0135881482067667,0.013522202328549,0.0135551752676578,0.0136870670240933,0.0138189587805288,0.0137859858414199,0.0135881482067667,0.0137200399632022,0.0137530129023111,0.0140497693542909,0.0140167964151821,0.0139508505369643,0.0135881482067667,0.013258418815678,0.012994635302807,0.0131924729374602,0.0132254458765691,0.0131265270592425,0.0133903105721135,0.0129616623636981,0.0127638247290449,0.0125000412161739,0.0126649059117183,0.0120713930077585,0.0124340953379561,0.0120054471295408,0.0114449071646899,0.0107195025042947,0.00989517902657289,0.0100600437221173,0.00847734264489134,0.00857626146221796,0.00923572024439543,0.00913680142706881,0.00808166737558486,0.00732328977608077,0.00653193923746781,0.00524599461222175,0.00422383349984668,0.00425680643895555,0.00300383475281836,0.0027070783008385,0.00250924066618526,0.00191572776222554,0.00148707955381019,0.00105843134539483,0.000761674893414974,0.000201134928564127,0.000135189050346381,3.62702330197607e-05,3.29729391088733e-06,3.29729391088733e-06,3.29729391088733e-06,3.29729391088733e-06,3.29729391088733e-06,3.29729391088733e-06,3.29729391088733e-06,3.29729391088733e-06,3.29729391088733e-06,3.29729391088733e-06,3.29729391088733e-06,3.29729391088733e-06,3.29729391088733e-06,3.29729391088733e-06,3.29729391088733e-06,3.29729391088733e-06,3.29729391088733e-06,3.29729391088733e-06,3.29729391088733e-06,3.29729391088733e-06,3.29729391088733e-06,3.29729391088733e-06,3.29729391088733e-06,3.29729391088733e-06,3.29729391088733e-06,3.29729391088733e-06,3.29729391088733e-06,3.29729391088733e-06,3.29729391088733e-06,3.29729391088733e-06,3.29729391088733e-06,3.29729391088733e-06
0.0147092281364684,0.0147092281364684,0.0147092281364684,0.0147751740146861,0.0147751740146861,0.0147422010755773,0.0147422010755773,0.0147751740146861,0.0147751740146861,0.0147751740146861,0.014808146953795,0.0147751740146861,0.0147092281364684,0.014544363440924,0.0146432822582507,0.0147092281364684,0.0147092281364684,0.0147422010755773,0.0146762551973595,0.0146103093191418,0.014544363440924,0.0142476069889442,0.0141486881716176,0.0140497693542909,0.0140827422933998,0.0139838234760732,0.0140827422933998,0.0137859858414199,0.0140497693542909,0.0136870670240933,0.0138849046587466,0.0141816611107264,0.0140827422933998,0.0139838234760732,0.0136211211458756,0.0134562564503312,0.0131594999983514,0.0132913917547868,0.0136211211458756,0.013522202328549,0.0134892293894401,0.0134892293894401,0.0133573376330046,0.0136540940849845,0.0134892293894401,0.0139508505369643,0.0132254458765691,0.0121373388859763,0.0117086906775609,0.0105216648696415,0.00897193673152444,0.00923572024439543,0.0092686931835043,0.00907085554885106,0.00791680268004049,0.00705950626320978,0.00623518278548795,0.00478437346469752,0.00425680643895555,0.00303680769192724,0.00257518654440301,0.00231140303153202,0.00208059245776991,0.00135518779737469,0.000629783136979481,0.000530864319652861,0.000398972563217367,0.000102216111237507,3.29729391088733e-06,0.000102216111237507,6.9243172128634e-05,3.62702330197607e-05,3.29729391088733e-06,3.29729391088733e-06,3.29729391088733e-06,3.29729391088733e-06,3.29729391088733e-06,3.29729391088733e-06,3.29729391088733e-06,3.29729391088733e-06,3.29729391088733e-06,3.29729391088733e-06,3.29729391088733e-06,3.29729391088733e-06,3.29729391088733e-06,3.29729391088733e-06,3.29729391088733e-06,3.29729391088733e-06,3.29729391088733e-06,3.29729391088733e-06,3.29729391088733e-06,3.29729391088733e-06,3.29729391088733e-06,3.29729391088733e-06,3.29729391088733e-06,3.29729391088733e-06,3.29729391088733e-06,3.29729391088733e-06,3.29729391088733e-06,3.29729391088733e-06
0.0162589562745854,0.0162259833354766,0.0162259833354766,0.0161930103963677,0.0161930103963677,0.0162919292136943,0.0162919292136943,0.0162919292136943,0.0162259833354766,0.0162259833354766,0.0161600374572588,0.01612706451815,0.0161600374572588,0.0162919292136943,0.0162259833354766,0.0161600374572588,0.0161600374572588,0.0160940915790411,0.0161600374572588,0.01612706451815,0.0159951727617145,0.0163578750919121,0.0161930103963677,0.0164567939092387,0.0166216586047831,0.0163249021528032,0.0162259833354766,0.0166216586047831,0.0162259833354766,0.0166876044830008,0.0162259833354766,0.0157313892488435,0.0158962539443878,0.0154346327968636,0.0157313892488435,0.0154016598577547,0.0154676057359725,0.0153027410404281,0.0149730116493394,0.0147092281364684,0.0145773363800329,0.0150059845884483,0.0148740928320128,0.0149070657711216,0.014808146953795,0.0142476069889442,0.0140497693542909,0.0130935541201336,0.0130605811810247,0.0120384200686497,0.0113130154082544,0.0105216648696415,0.0096313955137019,0.00946653081815754,0.00956544963548416,0.00893896379241556,0.00689464156766542,0.0063011286637057,0.00554275106420161,0.00475140052558865,0.00363032059588696,0.00316869944836273,0.00234437597064089,0.00198167364044329,0.00155302543202793,0.000761674893414974,0.000300053745890747,0.000201134928564127,6.9243172128634e-05,3.29729391088733e-06,6.9243172128634e-05,3.62702330197607e-05,3.29729391088733e-06,3.29729391088733e-06,3.29729391088733e-06,3.29729391088733e-06,3.29729391088733e-06,3.29729391088733e-06,3.29729391088733e-06,3.29729391088733e-06,3.29729391088733e-06,3.29729391088733e-06,3.29729391088733e-06,3.29729391088733e-06,3.29729391088733e-06,3.29729391088733e-06,3.29729391088733e-06,3.29729391088733e-06,3.29729391088733e-06,3.29729391088733e-06,3.29729391088733e-06,3.29729391088733e-06,3.29729391088733e-06,3.29729391088733e-06,3.29729391088733e-06,3.29729391088733e-06,3.29729391088733e-06,3.29729391088733e-06,3.29729391088733e-06,3.29729391088733e-06
0.0216335453493318,0.0216335453493318,0.0216335453493318,0.0216005724102229,0.0216005724102229,0.0215346265320052,0.0215346265320052,0.0214686806537874,0.0215346265320052,0.0214686806537874,0.0215016535928963,0.0215016535928963,0.0215346265320052,0.0215346265320052,0.0215346265320052,0.0215675994711141,0.0216335453493318,0.0214686806537874,0.0214686806537874,0.0215016535928963,0.0214027347755697,0.0210070595062632,0.0213038159582431,0.0209740865671543,0.0205124654196301,0.0206113842369567,0.0205124654196301,0.0201497630894325,0.0204465195414124,0.0202157089676503,0.0201497630894325,0.0202157089676503,0.0202486819067591,0.0201497630894325,0.0199848983938881,0.0203476007240857,0.0200508442721059,0.019754087820126,0.0189297643424042,0.0181713867429001,0.0181054408646824,0.017676792656267,0.0171821985696339,0.0168194962394363,0.0167535503612185,0.0161600374572588,0.0157973351270612,0.0163908480310209,0.0157973351270612,0.0146432822582507,0.0138519317196377,0.0117416636166698,0.0122362577033029,0.0109503130780568,0.0102578813567705,0.00969734139191965,0.00966436845281078,0.00867518027954458,0.0067957227503388,0.0048173464038064,0.00465248170826203,0.0032016723874716,0.00300383475281836,0.00293788887460062,0.00204761951866103,0.00145410661470131,0.000893566649850468,0.000596810197870608,0.000333026684999621,6.9243172128634e-05,3.29729391088733e-06,3.29729391088733e-06,3.62702330197607e-05,3.29729391088733e-06,3.29729391088733e-06,3.29729391088733e-06,3.29729391088733e-06,3.29729391088733e-06,3.29729391088733e-06,3.29729391088733e-06,3.29729391088733e-06,3.29729391088733e-06,3.29729391088733e-06,3.29729391088733e-06,3.29729391088733e-06,3.29729391088733e-06,3.29729391088733e-06,3.29729391088733e-06,3.29729391088733e-06,3.29729391088733e-06,3.29729391088733e-06,3.29729391088733e-06,3.29729391088733e-06,3.29729391088733e-06,3.29729391088733e-06,3.29729391088733e-06,3.29729391088733e-06,3.29729391088733e-06,3.29729391088733e-06,3.29729391088733e-06
0.0245021910518038,0.0245351639909127,0.0245351639909127,0.0246340828082393,0.0246340828082393,0.0246011098691304,0.0246011098691304,0.0245681369300215,0.0245021910518038,0.0245681369300215,0.0245021910518038,0.0245351639909127,0.0245351639909127,0.0244692181126949,0.0246011098691304,0.0245681369300215,0.0245351639909127,0.0247330016255659,0.0247330016255659,0.0246670557473482,0.0247659745646748,0.024963812199328,0.0247659745646748,0.0248648933820014,0.0248978663211103,0.024963812199328,0.0250627310166546,0.0249308392602191,0.0247989475037836,0.0246340828082393,0.0251946227730901,0.0248648933820014,0.0245021910518038,0.0246340828082393,0.0240735428433884,0.0232492193656666,0.0230513817310134,0.0231832734874488,0.0233481381829932,0.0234470570003198,0.0230513817310134,0.0220292206186383,0.0219632747404205,0.0216005724102229,0.0210070595062632,0.0199519254547793,0.0190946290379486,0.0188638184641864,0.0185011161339888,0.0186330078904243,0.0173800362042871,0.016885442117654,0.0154016598577547,0.0146432822582507,0.0131265270592425,0.0118076094948875,0.0114778801037988,0.0103568001740971,0.0087740990968712,0.00768599210627838,0.00537788636865724,0.00550977812509274,0.00409194174341118,0.00359734765677808,0.00290491593549174,0.00214653833598765,0.00155302543202793,0.000926539588959341,0.000629783136979481,0.000201134928564127,0.000102216111237507,6.9243172128634e-05,3.62702330197607e-05,3.29729391088733e-06,3.29729391088733e-06,3.29729391088733e-06,3.29729391088733e-06,3.29729391088733e-06,3.29729391088733e-06,3.29729391088733e-06,3.29729391088733e-06,3.29729391088733e-06,3.29729391088733e-06,3.29729391088733e-06,3.29729391088733e-06,3.29729391088733e-06,3.29729391088733e-06,3.29729391088733e-06,3.29729391088733e-06,3.29729391088733e-06,3.29729391088733e-06,3.29729391088733e-06,3.29729391088733e-06,3.29729391088733e-06,3.29729391088733e-06,3.29729391088733e-06,3.29729391088733e-06,3.29729391088733e-06,3.29729391088733e-06,3.29729391088733e-06
0.0280302955364532,0.0280302955364532,0.0280302955364532,0.0279973225973444,0.0279973225973444,0.0279313767191266,0.0279313767191266,0.0279973225973444,0.0280632684755621,0.028096241414671,0.0281292143537799,0.0280302955364532,0.0279973225973444,0.0281292143537799,0.0281292143537799,0.0281292143537799,0.0280302955364532,0.0279973225973444,0.0280302955364532,0.0281951602319976,0.0283270519884331,0.0281951602319976,0.0280632684755621,0.0279313767191266,0.028096241414671,0.0280302955364532,0.0278984037800177,0.0277994849626911,0.0278324579018,0.0281951602319976,0.028096241414671,0.028096241414671,0.0281621872928887,0.0279973225973444,0.0284589437448686,0.028623808440413,0.0284919166839775,0.0276016473280379,0.027304890876058,0.0268432697285338,0.0267113779720983,0.0271400261805137,0.0261508380072475,0.0259200274334853,0.0253594874686345,0.0253594874686345,0.0251616498339812,0.0244032722344772,0.0230843546701222,0.0222930041315093,0.0213697618364608,0.0201167901503236,0.0183362514384445,0.0165227397874564,0.0155335516141902,0.0148740928320128,0.0136870670240933,0.012203284764194,0.0117086906775609,0.0102249084176616,0.00880707203598007,0.00649896629835894,0.00511410285578626,0.00323464532658047,0.0033335641439071,0.00330059120479822,0.00208059245776991,0.00128924191915695,0.000860593710741594,0.000728701954306101,0.000168161989455254,0.000102216111237507,0.000102216111237507,3.62702330197607e-05,3.62702330197607e-05,3.29729391088733e-06,3.29729391088733e-06,3.29729391088733e-06,3.29729391088733e-06,3.29729391088733e-06,3.29729391088733e-06,3.29729391088733e-06,3.29729391088733e-06,3.29729391088733e-06,3.29729391088733e-06,3.29729391088733e-06,3.29729391088733e-06,3.29729391088733e-06,3.29729391088733e-06,3.29729391088733e-06,3.29729391088733e-06,3.29729391088733e-06,3.29729391088733e-06,3.29729391088733e-06,3.29729391088733e-06,3.29729391088733e-06,3.29729391088733e-06,3.29729391088733e-06,3.29729391088733e-06,3.29729391088733e-06
0.033569749306744,0.033569749306744,0.033569749306744,0.033569749306744,0.033569749306744,0.0336356951849617,0.0336356951849617,0.0336686681240706,0.0336356951849617,0.033569749306744,0.0335367763676351,0.033569749306744,0.0335367763676351,0.0334378575503085,0.0333389387329818,0.0332729928547641,0.0334048846111996,0.0334378575503085,0.0334378575503085,0.033305965793873,0.033305965793873,0.0335038034285262,0.0337346140022883,0.0338665057587238,0.0337346140022883,0.0339654245760504,0.0339654245760504,0.0340973163324859,0.0339654245760504,0.0338335328196149,0.0334048846111996,0.0337346140022883,0.0338665057587238,0.0333389387329818,0.0329432634636754,0.0331411010983286,0.0327124528899133,0.032778398768131,0.0324486693770423,0.0320200211686269,0.0313605623864494,0.0304702930305099,0.0302394824567477,0.0294151589790259,0.0301405636394211,0.0290194837097194,0.0288216460750662,0.0278984037800177,0.0274038096933846,0.0268432697285338,0.0263486756419007,0.0261838109463563,0.0253594874686345,0.0223919229488359,0.0208751677498277,0.0183692243775533,0.0180724679255735,0.0169513879958718,0.0152367951622104,0.0138849046587466,0.0121373388859763,0.00992815196568177,0.00867518027954458,0.00699356038499204,0.00534491342954837,0.0038281582305402,0.00359734765677808,0.00293788887460062,0.00181680894489892,0.00102545840628596,0.000563837258761734,0.000267080806781874,0.000102216111237507,0.000102216111237507,3.62702330197607e-05,3.29729391088733e-06,3.29729391088733e-06,3.29729391088733e-06,3.29729391088733e-06,3.29729391088733e-06,3.29729391088733e-06,3.29729391088733e-06,3.29729391088733e-06,3.29729391088733e-06,3.29729391088733e-06,3.29729391088733e-06,3.29729391088733e-06,3.29729391088733e-06,3.29729391088733e-06,3.29729391088733e-06,3.29729391088733e-06,3.29729391088733e-06,3.29729391088733e-06,3.29729391088733e-06,3.29729391088733e-06,3.29729391088733e-06,3.29729391088733e-06,3.29729391088733e-06,3.29729391088733e-06,3.29729391088733e-06
0.0415492005710913,0.0414832546928736,0.0414832546928736,0.0414832546928736,0.0414832546928736,0.0415162276319824,0.0415162276319824,0.0415492005710913,0.0415162276319824,0.0414173088146558,0.0414832546928736,0.0415162276319824,0.041615146449309,0.0415821735102002,0.0415162276319824,0.0415162276319824,0.0415162276319824,0.0414832546928736,0.0412194711800026,0.0411864982408937,0.0412194711800026,0.0410546064844582,0.0408897417889138,0.0406919041542606,0.0411205523626759,0.0406589312151517,0.0406919041542606,0.040592985336934,0.0408237959106961,0.0406259582760428,0.0408237959106961,0.0406589312151517,0.0402962288849541,0.0406259582760428,0.040329201824063,0.0402302830067364,0.0411535253017848,0.0414502817537647,0.0411205523626759,0.0410875794235671,0.0412854170582203,0.0401313641894097,0.0397356889201033,0.0398346077374299,0.0385486631121838,0.0384497442948572,0.0372956914260466,0.0365702867656514,0.0351854233230787,0.0345259645409013,0.0338005598805061,0.0324816423161511,0.0308000224215986,0.0310967788735785,0.0285248896230863,0.0277665120235822,0.0251946227730901,0.0222930041315093,0.0200838172112148,0.0187319267077509,0.0166876044830008,0.0147422010755773,0.011939501251323,0.0114119342255811,0.00860923440132683,0.00705950626320978,0.00524599461222175,0.00409194174341118,0.00300383475281836,0.00184978188400779,0.00135518779737469,0.000959512528068214,0.000596810197870608,0.000135189050346381,0.000102216111237507,3.62702330197607e-05,3.29729391088733e-06,3.29729391088733e-06,3.29729391088733e-06,3.29729391088733e-06,3.29729391088733e-06,3.29729391088733e-06,3.29729391088733e-06,3.29729391088733e-06,3.29729391088733e-06,3.29729391088733e-06,3.29729391088733e-06,3.29729391088733e-06,3.29729391088733e-06,3.29729391088733e-06,3.29729391088733e-06,3.29729391088733e-06,3.29729391088733e-06,3.29729391088733e-06,3.29729391088733e-06,3.29729391088733e-06,3.29729391088733e-06,3.29729391088733e-06,3.29729391088733e-06,3.29729391088733e-06
0.051770811694842,0.0518037846339509,0.0518037846339509,0.051770811694842,0.051770811694842,0.0518367575730598,0.0518367575730598,0.0518367575730598,0.0518037846339509,0.0519356763903864,0.0519356763903864,0.0518697305121687,0.051770811694842,0.0518367575730598,0.0519027034512775,0.0517048658166243,0.0514081093646444,0.0514081093646444,0.0515400011210799,0.0516389199384065,0.0515729740601888,0.0514740552428622,0.0515070281819711,0.0515400011210799,0.0511772987908823,0.0514081093646444,0.0514081093646444,0.0512762176082089,0.0509794611562291,0.0512432446691001,0.0510454070344468,0.0506827047042492,0.0507156776433581,0.0503529753131605,0.049957300043854,0.0498583812265274,0.0491329765661322,0.0489021659923701,0.0489681118705878,0.0494627059572209,0.0485064907230636,0.0489681118705878,0.0483745989666281,0.048143788392866,0.047880004879995,0.0480778425146482,0.0480118966364305,0.0459016285334626,0.0453081156295029,0.0442529815780189,0.0435935227958415,0.0433956851611882,0.0416481193884179,0.0396037971636678,0.0388124466250548,0.036669205582978,0.0338005598805061,0.0316243458993204,0.0300416448220945,0.0259859733117031,0.0237767863914086,0.022095166496856,0.0196551690027994,0.0160940915790411,0.0134892293894401,0.010653556626077,0.00857626146221796,0.00659788511568556,0.00557572400331048,0.00405896880430231,0.00283897005727399,0.00155302543202793,0.000761674893414974,0.000497891380543987,0.000267080806781874,0.000168161989455254,0.000102216111237507,3.29729391088733e-06,3.29729391088733e-06,3.29729391088733e-06,3.29729391088733e-06,3.29729391088733e-06,3.29729391088733e-06,3.29729391088733e-06,3.29729391088733e-06,3.29729391088733e-06,3.29729391088733e-06,3.29729391088733e-06,3.29729391088733e-06,3.29729391088733e-06,3.29729391088733e-06,3.29729391088733e-06,3.29729391088733e-06,3.29729391088733e-06,3.29729391088733e-06,3.29729391088733e-06,3.29729391088733e-06,3.29729391088733e-06,3.29729391088733e-06,3.29729391088733e-06
0.0678286330408634,0.0677297142235367,0.0677297142235367,0.067663768345319,0.067663768345319,0.0675648495279924,0.0675648495279924,0.0675318765888835,0.0674989036497746,0.0674989036497746,0.0674989036497746,0.0675978224671012,0.0676307954062101,0.0676307954062101,0.067663768345319,0.06792755185819,0.0680924165537343,0.0681583624319521,0.0682243083101698,0.0678945789190811,0.0678286330408634,0.0679934977364077,0.0681583624319521,0.0682902541883876,0.0683232271274965,0.0685540377012586,0.0682902541883876,0.0686859294576941,0.068455118883932,0.0682243083101698,0.0683891730057142,0.068455118883932,0.0681253894928432,0.0677956601017545,0.0681583624319521,0.0675318765888835,0.0669383636849238,0.0667075531111617,0.0665097154765084,0.0657513378770043,0.0659491755116576,0.0664437695982907,0.0673340389542303,0.0664767425373995,0.0656194461205688,0.0649599873383914,0.0634432321393832,0.0634762050784921,0.0629156651136412,0.0610032346453266,0.0590248582987942,0.0573102654651328,0.0559254020225601,0.055430807935927,0.0527599998681082,0.0515400011210799,0.0490010848096967,0.0474513566715796,0.0429670369527729,0.0407578500324783,0.0384827172339661,0.0332400199156552,0.0299756989438768,0.0260848921290297,0.0232162464265577,0.0188638184641864,0.0148411198929039,0.0124340953379561,0.0103568001740971,0.00854328852310909,0.00593842633350809,0.00422383349984668,0.00250924066618526,0.00178383600579005,0.000926539588959341,0.000563837258761734,0.000333026684999621,0.000234107867673001,6.9243172128634e-05,3.29729391088733e-06,3.29729391088733e-06,3.29729391088733e-06,3.29729391088733e-06,3.29729391088733e-06,3.29729391088733e-06,3.29729391088733e-06,3.29729391088733e-06,3.29729391088733e-06,3.29729391088733e-06,3.29729391088733e-06,3.29729391088733e-06,3.29729391088733e-06,3.29729391088733e-06,3.29729391088733e-06,3.29729391088733e-06,3.29729391088733e-06,3.29729391088733e-06,3.29729391088733e-06,3.29729391088733e-06,3.29729391088733e-06
0.0940421196324177,0.0941080655106354,0.0941080655106354,0.0942399572670709,0.0942399572670709,0.0942729302061798,0.0942729302061798,0.0942399572670709,0.0942729302061798,0.094206984327962,0.094206984327962,0.094206984327962,0.0940750925715265,0.0940750925715265,0.093943200815091,0.0938442819977644,0.0938113090586555,0.0937123902413289,0.0936134714240023,0.0937783361195467,0.0936464443631112,0.0935145526066757,0.0934156337893491,0.0932507690938047,0.093184823215587,0.0929540126418248,0.0931518502764781,0.0927232020680627,0.0928221208853894,0.0926242832507361,0.0924264456160829,0.092393472676974,0.0923604997378651,0.0926902291289539,0.0927561750071716,0.0926242832507361,0.0928221208853894,0.0932177961546958,0.092393472676974,0.0922286079814296,0.0917669868339054,0.0910745551126191,0.0907448257215303,0.0901183398784617,0.0901183398784617,0.0894588810962843,0.0902502316348972,0.0893269893398488,0.0883378011665826,0.0876123965061874,0.0865902353938123,0.0829961850309451,0.0810178086844127,0.0785448382512472,0.0781821359210496,0.077028083052239,0.0749837608274889,0.0713567375255128,0.0707302516824442,0.0662789049027463,0.0606075593760201,0.0564199961091932,0.0515400011210799,0.0462973038027691,0.0407248770933695,0.0378892043300064,0.032250831742389,0.0263486756419007,0.0213697618364608,0.018204359682009,0.0142146340498353,0.0108184213216213,0.00824653207112922,0.00547680518598386,0.00376221235232245,0.00208059245776991,0.0012232960409392,0.000728701954306101,0.000398972563217367,0.000201134928564127,0.000102216111237507,6.9243172128634e-05,3.29729391088733e-06,3.29729391088733e-06,3.29729391088733e-06,3.29729391088733e-06,3.29729391088733e-06,3.29729391088733e-06,3.29729391088733e-06,3.29729391088733e-06,3.29729391088733e-06,3.29729391088733e-06,3.29729391088733e-06,3.29729391088733e-06,3.29729391088733e-06,3.29729391088733e-06,3.29729391088733e-06,3.29729391088733e-06,3.29729391088733e-06,3.29729391088733e-06
0.148876117370474,0.148942063248692,0.148942063248692,0.148876117370474,0.148876117370474,0.148909090309583,0.148909090309583,0.148942063248692,0.149040982066018,0.149139900883345,0.149139900883345,0.149073955005127,0.149205846761563,0.149106927944236,0.148942063248692,0.14900800912691,0.14900800912691,0.149073955005127,0.148876117370474,0.148876117370474,0.148942063248692,0.148975036187801,0.148777198553147,0.148645306796712,0.148678279735821,0.148678279735821,0.148645306796712,0.148843144431365,0.14871125267493,0.148612333857603,0.148744225614039,0.148612333857603,0.148084766831861,0.14782098331899,0.147755037440772,0.147656118623446,0.147293416293248,0.146535038693744,0.146930713963051,0.146403146937309,0.146600984571962,0.14607341754622,0.145545850520478,0.145545850520478,0.145249094068498,0.145216121129389,0.144556662347212,0.143831257686816,0.141490179010086,0.1407977472888,0.139907477932861,0.140270180263058,0.139116127394248,0.137302615743259,0.133675592441283,0.128894516270497,0.125630195298718,0.12236587432694,0.119035607476944,0.114881017149226,0.110990210334379,0.105285891868543,0.0987242769858777,0.0927561750071716,0.0853042907685662,0.0779183524081786,0.0719172774903637,0.0642345826779962,0.0560243208398867,0.0467589249502933,0.0398675806765388,0.0333389387329818,0.0275027285107113,0.0216005724102229,0.01612706451815,0.0118076094948875,0.00824653207112922,0.00564166988152823,0.00366329353499583,0.00184978188400779,0.00115735016272145,0.000596810197870608,0.000365999624108494,0.000135189050346381,6.9243172128634e-05,3.62702330197607e-05,3.29729391088733e-06,3.29729391088733e-06,3.29729391088733e-06,3.29729391088733e-06,3.29729391088733e-06,3.29729391088733e-06,3.29729391088733e-06,3.29729391088733e-06,3.29729391088733e-06,3.29729391088733e-06,3.29729391088733e-06,3.29729391088733e-06,3.29729391088733e-06,3.29729391088733e-06
0.312421895350486,0.312421895350486,0.312421895350486,0.312487841228704,0.312487841228704,0.312520814167812,0.312520814167812,0.312553787106921,0.312553787106921,0.312553787106921,0.31258676004603,0.312685678863357,0.312751624741575,0.312916489437119,0.313279191767317,0.313411083523752,0.313608921158405,0.313707839975732,0.314136488184147,0.314466217575236,0.314795946966325,0.315158649296522,0.315653243383155,0.316345675104442,0.316873242130184,0.317400809155926,0.318060267938103,0.318851618476716,0.320071617223744,0.321324588909882,0.322445668839583,0.324193234612354,0.326732150923737,0.329073229600467,0.331150524764326,0.334151062223233,0.337712139646992,0.341471054705403,0.34565861797223,0.35093428822965,0.356111039669743,0.3626396816133,0.369465080008837,0.377312639516749,0.385522901354858,0.394788297244451,0.405009908368202,0.417935300498881,0.433201771306289,0.448534187991915,0.464921738729025,0.482694152908708,0.502411970495814,0.522987084499751,0.545474628972003,0.56839082165267,0.592197283689276,0.616926988020931,0.640304801849122,0.66671612607533,0.692105289189162,0.718747423989132,0.743510101259896,0.767184671540067,0.790067891281625,0.809192195964772,0.826404070179603,0.841802432743447,0.853705663761751,0.862410519686493,0.866532137075102,0.865114300693421,0.858882415201844,0.84991377576423,0.835834330764741,0.815424081456349,0.789540324255883,0.758677653249978,0.721220394422298,0.67987232877977,0.628434543769928,0.576996758760085,0.521833031630941,0.464163361129521,0.404383422525134,0.343680241625698,0.28304300660448,0.228209008866423,0.178452843751133,0.134466942979896,0.0966799547611275,0.0524302704770195,0.0141486881716176,0.00300383475281836,0.000563837258761734,3.62702330197607e-05,3.29729391088733e-06,3.29729391088733e-06,3.29729391088733e-06,3.29729391088733e-06
0.000563837258761734,0.000563837258761734,0.000563837258761734,0.000563837258761734,0.000563837258761734,0.000563837258761734,0.000563837258761734,0.000563837258761734,0.000563837258761734,0.000563837258761734,0.000563837258761734,0.000596810197870608,0.000596810197870608,0.000596810197870608,0.000596810197870608,0.000596810197870608,0.000596810197870608,0.000596810197870608,0.000629783136979481,0.000629783136979481,0.000629783136979481,0.000629783136979481,0.000662756076088354,0.000662756076088354,0.000662756076088354,0.000695729015197228,0.000695729015197228,0.000695729015197228,0.000695729015197228,0.000728701954306101,0.000728701954306101,0.000761674893414974,0.000761674893414974,0.000761674893414974,0.000761674893414974,0.000761674893414974,0.000761674893414974,0.000761674893414974,0.000761674893414974,0.000761674893414974,0.000761674893414974,0.000827620771632721,0.000827620771632721,0.000893566649850468,0.000959512528068214,0.000992485467177088,0.00105843134539483,0.0012232960409392,0.00138816073648357,0.00142113367559244,0.00152005249291906,0.0017178901275723,0.00194870070133441,0.00224545715331427,0.00257518654440301,0.00323464532658047,0.00392707704786682,0.00485031934291527,0.00557572400331048,0.00699356038499204,0.00837842382756472,0.0105216648696415,0.0134232835112223,0.0162589562745854,0.020281654845868,0.0249308392602191,0.0309319141780341,0.0375924478780265,0.0454729803250472,0.0553648620577092,0.0676307954062101,0.0828642932745096,0.100603734515083,0.119826958015557,0.142281529548699,0.169286366678867,0.19991822711101,0.234078192027803,0.274008421288648,0.317433782095035,0.36966291764349,0.421694215557292,0.477154699138417,0.535055180213599,0.594901064696204,0.655637218534748,0.716307426495075,0.771141424233132,0.820897589348422,0.864883490119659,0.902670478338428,0.946920162622536,0.985201744927938,0.996346598346737,0.998786595840793,0.999314162866535,0.999347135805644,0.999347135805644,0.999347135805644,0.999347135805644
19349517.1,19349517.1,19349517.1,19349517.1,19349517.1,19349517.1,19349517.1,19349517.1,19349517.1,19349517.1,19349517.1,19349517.1,19349517.1,19349517.1,19349517.1,19349517.1,19349517.1,19349517.1,19349517.1,19349517.1,19349517.1,19349517.1,19349517.1,19349517.1,19349517.1,19349517.1,19349517.1,19349517.1,19349517.1,19349517.1,19349517.1,19349517.1,19349517.1,19349517.1,19349517.1,19349517.1,19349517.1,19349517.1,19349517.1,19349517.1,19349517.1,19349517.1,19349517.1,19349517.1,19349517.1,19349517.1,19349517.1,19349517.1,19349517.1,19349517.1,19349517.1,19349517.1,19349517.1,19349517.1,19349517.1,19349517.1,19349517.1,19349517.1,19349517.1,19349517.1,19349517.1,19349517.1,19349517.1,19349517.1,19349517.1,19349517.1,19349517.1,19349517.1,19349517.1,19349517.1,19349517.1,19349517.1,19349517.1,19349517.1,19349517.1,19349517.1,19349517.1,19349517.1,19349517.1,19349517.1,19349517.1,19349517.1,19349517.1,19349517.1,19349517.1,19349517.1,19349517.1,19349517.1,19349517.1,19349517.1,19349517.1,19349517.1,19349517.1,19349517.1,19349517.1,19349517.1,19349517.1,19349517.1,19349517.1,19349517.1
