"V1","V2","V3","V4","V5","V6","V7","V8","V9","V10","V11","V12","V13","V14","V15","V16","V17","V18","V19","V20","V21","V22","V23","V24","V25","V26","V27","V28","V29","V30","V31","V32","V33","V34","V35","V36","V37","V38","V39","V40","V41","V42","V43","V44","V45","V46","V47","V48","V49","V50","V51","V52","V53","V54","V55","V56","V57","V58","V59","V60","V61","V62","V63","V64","V65","V66","V67","V68","V69","V70","V71","V72","V73","V74","V75","V76","V77","V78","V79","V80","V81","V82","V83","V84","V85","V86","V87","V88","V89","V90","V91","V92","V93","V94","V95","V96","V97","V98","V99","V100"
9.88152056838506e-06,9.88152056838506e-06,9.88152056838506e-06,9.88152056838506e-06,9.88152056838506e-06,9.88152056838506e-06,9.88152056838506e-06,9.88152056838506e-06,9.88152056838506e-06,9.88152056838506e-06,9.88152056838506e-06,9.88152056838506e-06,9.88152056838506e-06,9.88152056838506e-06,9.88152056838506e-06,9.88152056838506e-06,9.88152056838506e-06,9.88152056838506e-06,9.88152056838506e-06,9.88152056838506e-06,9.88152056838506e-06,9.88152056838506e-06,9.88152056838506e-06,9.88152056838506e-06,9.88152056838506e-06,9.88152056838506e-06,9.88152056838506e-06,9.88152056838506e-06,9.88152056838506e-06,9.88152056838506e-06,9.88152056838506e-06,9.88152056838506e-06,9.88152056838506e-06,9.88152056838506e-06,9.88152056838506e-06,9.88152056838506e-06,9.88152056838506e-06,9.88152056838506e-06,9.88152056838506e-06,9.88152056838506e-06,9.88152056838506e-06,9.88152056838506e-06,9.88152056838506e-06,9.88152056838506e-06,9.88152056838506e-06,9.88152056838506e-06,9.88152056838506e-06,9.88152056838506e-06,9.88152056838506e-06,9.88152056838506e-06,9.88152056838506e-06,9.88152056838506e-06,9.88152056838506e-06,9.88152056838506e-06,9.88152056838506e-06,9.88152056838506e-06,9.88152056838506e-06,9.88152056838506e-06,9.88152056838506e-06,9.88152056838506e-06,9.88152056838506e-06,9.88152056838506e-06,9.88152056838506e-06,9.88152056838506e-06,9.88152056838506e-06,9.88152056838506e-06,9.88152056838506e-06,9.88152056838506e-06,9.88152056838506e-06,9.88152056838506e-06,9.88152056838506e-06,9.88152056838506e-06,9.88152056838506e-06,9.88152056838506e-06,9.88152056838506e-06,9.88152056838506e-06,9.88152056838506e-06,9.88152056838506e-06,9.88152056838506e-06,9.88152056838506e-06,9.88152056838506e-06,9.88152056838506e-06,9.88152056838506e-06,9.88152056838506e-06,9.88152056838506e-06,9.88152056838506e-06,9.88152056838506e-06,9.88152056838506e-06,9.88152056838506e-06,9.88152056838506e-06,9.88152056838506e-06,9.88152056838506e-06,9.88152056838506e-06,9.88152056838506e-06,9.88152056838506e-06,9.88152056838506e-06,9.88152056838506e-06,9.88152056838506e-06,9.88152056838506e-06,9.88152056838506e-06
9.88152056838506e-06,9.88152056838506e-06,9.88152056838506e-06,9.88152056838506e-06,9.88152056838506e-06,9.88152056838506e-06,9.88152056838506e-06,9.88152056838506e-06,9.88152056838506e-06,9.88152056838506e-06,9.88152056838506e-06,9.88152056838506e-06,9.88152056838506e-06,9.88152056838506e-06,9.88152056838506e-06,9.88152056838506e-06,9.88152056838506e-06,9.88152056838506e-06,9.88152056838506e-06,9.88152056838506e-06,9.88152056838506e-06,9.88152056838506e-06,9.88152056838506e-06,9.88152056838506e-06,9.88152056838506e-06,9.88152056838506e-06,9.88152056838506e-06,9.88152056838506e-06,9.88152056838506e-06,9.88152056838506e-06,9.88152056838506e-06,9.88152056838506e-06,9.88152056838506e-06,9.88152056838506e-06,9.88152056838506e-06,9.88152056838506e-06,9.88152056838506e-06,9.88152056838506e-06,9.88152056838506e-06,9.88152056838506e-06,9.88152056838506e-06,9.88152056838506e-06,9.88152056838506e-06,9.88152056838506e-06,9.88152056838506e-06,9.88152056838506e-06,9.88152056838506e-06,9.88152056838506e-06,9.88152056838506e-06,9.88152056838506e-06,9.88152056838506e-06,9.88152056838506e-06,9.88152056838506e-06,9.88152056838506e-06,9.88152056838506e-06,9.88152056838506e-06,9.88152056838506e-06,9.88152056838506e-06,9.88152056838506e-06,9.88152056838506e-06,9.88152056838506e-06,9.88152056838506e-06,9.88152056838506e-06,9.88152056838506e-06,9.88152056838506e-06,9.88152056838506e-06,9.88152056838506e-06,9.88152056838506e-06,9.88152056838506e-06,9.88152056838506e-06,9.88152056838506e-06,9.88152056838506e-06,9.88152056838506e-06,9.88152056838506e-06,9.88152056838506e-06,9.88152056838506e-06,9.88152056838506e-06,9.88152056838506e-06,9.88152056838506e-06,9.88152056838506e-06,9.88152056838506e-06,9.88152056838506e-06,9.88152056838506e-06,9.88152056838506e-06,9.88152056838506e-06,9.88152056838506e-06,9.88152056838506e-06,9.88152056838506e-06,9.88152056838506e-06,9.88152056838506e-06,9.88152056838506e-06,9.88152056838506e-06,9.88152056838506e-06,9.88152056838506e-06,9.88152056838506e-06,9.88152056838506e-06,9.88152056838506e-06,9.88152056838506e-06,9.88152056838506e-06,9.88152056838506e-06
9.88152056838506e-06,9.88152056838506e-06,9.88152056838506e-06,9.88152056838506e-06,9.88152056838506e-06,9.88152056838506e-06,9.88152056838506e-06,9.88152056838506e-06,9.88152056838506e-06,9.88152056838506e-06,9.88152056838506e-06,9.88152056838506e-06,9.88152056838506e-06,9.88152056838506e-06,9.88152056838506e-06,9.88152056838506e-06,9.88152056838506e-06,9.88152056838506e-06,9.88152056838506e-06,9.88152056838506e-06,9.88152056838506e-06,9.88152056838506e-06,9.88152056838506e-06,9.88152056838506e-06,9.88152056838506e-06,9.88152056838506e-06,9.88152056838506e-06,9.88152056838506e-06,9.88152056838506e-06,9.88152056838506e-06,9.88152056838506e-06,9.88152056838506e-06,9.88152056838506e-06,9.88152056838506e-06,9.88152056838506e-06,9.88152056838506e-06,9.88152056838506e-06,9.88152056838506e-06,9.88152056838506e-06,9.88152056838506e-06,9.88152056838506e-06,9.88152056838506e-06,9.88152056838506e-06,9.88152056838506e-06,9.88152056838506e-06,9.88152056838506e-06,9.88152056838506e-06,9.88152056838506e-06,9.88152056838506e-06,9.88152056838506e-06,9.88152056838506e-06,9.88152056838506e-06,9.88152056838506e-06,9.88152056838506e-06,9.88152056838506e-06,9.88152056838506e-06,9.88152056838506e-06,9.88152056838506e-06,9.88152056838506e-06,9.88152056838506e-06,9.88152056838506e-06,9.88152056838506e-06,9.88152056838506e-06,9.88152056838506e-06,9.88152056838506e-06,9.88152056838506e-06,9.88152056838506e-06,9.88152056838506e-06,9.88152056838506e-06,9.88152056838506e-06,9.88152056838506e-06,9.88152056838506e-06,9.88152056838506e-06,9.88152056838506e-06,9.88152056838506e-06,9.88152056838506e-06,9.88152056838506e-06,9.88152056838506e-06,9.88152056838506e-06,9.88152056838506e-06,9.88152056838506e-06,9.88152056838506e-06,9.88152056838506e-06,9.88152056838506e-06,9.88152056838506e-06,9.88152056838506e-06,9.88152056838506e-06,9.88152056838506e-06,9.88152056838506e-06,9.88152056838506e-06,9.88152056838506e-06,9.88152056838506e-06,9.88152056838506e-06,9.88152056838506e-06,9.88152056838506e-06,9.88152056838506e-06,9.88152056838506e-06,9.88152056838506e-06,9.88152056838506e-06,9.88152056838506e-06
9.88152056838506e-06,9.88152056838506e-06,9.88152056838506e-06,9.88152056838506e-06,9.88152056838506e-06,9.88152056838506e-06,9.88152056838506e-06,9.88152056838506e-06,9.88152056838506e-06,9.88152056838506e-06,9.88152056838506e-06,9.88152056838506e-06,9.88152056838506e-06,9.88152056838506e-06,9.88152056838506e-06,9.88152056838506e-06,9.88152056838506e-06,9.88152056838506e-06,9.88152056838506e-06,9.88152056838506e-06,9.88152056838506e-06,9.88152056838506e-06,9.88152056838506e-06,9.88152056838506e-06,9.88152056838506e-06,9.88152056838506e-06,9.88152056838506e-06,9.88152056838506e-06,9.88152056838506e-06,9.88152056838506e-06,9.88152056838506e-06,9.88152056838506e-06,9.88152056838506e-06,9.88152056838506e-06,9.88152056838506e-06,9.88152056838506e-06,9.88152056838506e-06,9.88152056838506e-06,9.88152056838506e-06,9.88152056838506e-06,9.88152056838506e-06,9.88152056838506e-06,9.88152056838506e-06,9.88152056838506e-06,9.88152056838506e-06,9.88152056838506e-06,9.88152056838506e-06,9.88152056838506e-06,9.88152056838506e-06,9.88152056838506e-06,9.88152056838506e-06,9.88152056838506e-06,9.88152056838506e-06,9.88152056838506e-06,9.88152056838506e-06,9.88152056838506e-06,9.88152056838506e-06,9.88152056838506e-06,9.88152056838506e-06,9.88152056838506e-06,9.88152056838506e-06,9.88152056838506e-06,9.88152056838506e-06,9.88152056838506e-06,9.88152056838506e-06,9.88152056838506e-06,9.88152056838506e-06,9.88152056838506e-06,9.88152056838506e-06,9.88152056838506e-06,9.88152056838506e-06,9.88152056838506e-06,9.88152056838506e-06,9.88152056838506e-06,9.88152056838506e-06,9.88152056838506e-06,9.88152056838506e-06,9.88152056838506e-06,9.88152056838506e-06,9.88152056838506e-06,9.88152056838506e-06,9.88152056838506e-06,9.88152056838506e-06,9.88152056838506e-06,9.88152056838506e-06,9.88152056838506e-06,9.88152056838506e-06,9.88152056838506e-06,9.88152056838506e-06,9.88152056838506e-06,9.88152056838506e-06,9.88152056838506e-06,9.88152056838506e-06,9.88152056838506e-06,9.88152056838506e-06,9.88152056838506e-06,9.88152056838506e-06,9.88152056838506e-06,9.88152056838506e-06,9.88152056838506e-06
9.88152056838506e-06,9.88152056838506e-06,9.88152056838506e-06,9.88152056838506e-06,9.88152056838506e-06,9.88152056838506e-06,9.88152056838506e-06,9.88152056838506e-06,9.88152056838506e-06,9.88152056838506e-06,9.88152056838506e-06,9.88152056838506e-06,9.88152056838506e-06,9.88152056838506e-06,9.88152056838506e-06,9.88152056838506e-06,9.88152056838506e-06,9.88152056838506e-06,9.88152056838506e-06,9.88152056838506e-06,9.88152056838506e-06,9.88152056838506e-06,9.88152056838506e-06,9.88152056838506e-06,9.88152056838506e-06,9.88152056838506e-06,9.88152056838506e-06,9.88152056838506e-06,9.88152056838506e-06,9.88152056838506e-06,9.88152056838506e-06,9.88152056838506e-06,9.88152056838506e-06,9.88152056838506e-06,9.88152056838506e-06,9.88152056838506e-06,9.88152056838506e-06,9.88152056838506e-06,9.88152056838506e-06,9.88152056838506e-06,9.88152056838506e-06,9.88152056838506e-06,9.88152056838506e-06,9.88152056838506e-06,9.88152056838506e-06,9.88152056838506e-06,9.88152056838506e-06,9.88152056838506e-06,9.88152056838506e-06,9.88152056838506e-06,9.88152056838506e-06,9.88152056838506e-06,9.88152056838506e-06,9.88152056838506e-06,9.88152056838506e-06,9.88152056838506e-06,9.88152056838506e-06,9.88152056838506e-06,9.88152056838506e-06,9.88152056838506e-06,9.88152056838506e-06,9.88152056838506e-06,9.88152056838506e-06,9.88152056838506e-06,9.88152056838506e-06,9.88152056838506e-06,9.88152056838506e-06,9.88152056838506e-06,9.88152056838506e-06,9.88152056838506e-06,9.88152056838506e-06,9.88152056838506e-06,9.88152056838506e-06,9.88152056838506e-06,9.88152056838506e-06,9.88152056838506e-06,9.88152056838506e-06,9.88152056838506e-06,9.88152056838506e-06,9.88152056838506e-06,9.88152056838506e-06,9.88152056838506e-06,9.88152056838506e-06,9.88152056838506e-06,9.88152056838506e-06,9.88152056838506e-06,9.88152056838506e-06,9.88152056838506e-06,9.88152056838506e-06,9.88152056838506e-06,9.88152056838506e-06,9.88152056838506e-06,9.88152056838506e-06,9.88152056838506e-06,9.88152056838506e-06,9.88152056838506e-06,9.88152056838506e-06,9.88152056838506e-06,9.88152056838506e-06,9.88152056838506e-06
9.88152056838506e-06,9.88152056838506e-06,9.88152056838506e-06,9.88152056838506e-06,9.88152056838506e-06,9.88152056838506e-06,9.88152056838506e-06,9.88152056838506e-06,9.88152056838506e-06,9.88152056838506e-06,9.88152056838506e-06,9.88152056838506e-06,9.88152056838506e-06,9.88152056838506e-06,9.88152056838506e-06,9.88152056838506e-06,9.88152056838506e-06,9.88152056838506e-06,9.88152056838506e-06,9.88152056838506e-06,9.88152056838506e-06,9.88152056838506e-06,9.88152056838506e-06,9.88152056838506e-06,9.88152056838506e-06,9.88152056838506e-06,9.88152056838506e-06,9.88152056838506e-06,9.88152056838506e-06,9.88152056838506e-06,9.88152056838506e-06,9.88152056838506e-06,9.88152056838506e-06,9.88152056838506e-06,9.88152056838506e-06,9.88152056838506e-06,9.88152056838506e-06,9.88152056838506e-06,9.88152056838506e-06,9.88152056838506e-06,9.88152056838506e-06,9.88152056838506e-06,9.88152056838506e-06,9.88152056838506e-06,9.88152056838506e-06,9.88152056838506e-06,9.88152056838506e-06,9.88152056838506e-06,9.88152056838506e-06,9.88152056838506e-06,9.88152056838506e-06,9.88152056838506e-06,9.88152056838506e-06,9.88152056838506e-06,9.88152056838506e-06,9.88152056838506e-06,9.88152056838506e-06,9.88152056838506e-06,9.88152056838506e-06,9.88152056838506e-06,9.88152056838506e-06,9.88152056838506e-06,9.88152056838506e-06,9.88152056838506e-06,9.88152056838506e-06,9.88152056838506e-06,9.88152056838506e-06,9.88152056838506e-06,9.88152056838506e-06,9.88152056838506e-06,9.88152056838506e-06,9.88152056838506e-06,9.88152056838506e-06,9.88152056838506e-06,9.88152056838506e-06,9.88152056838506e-06,9.88152056838506e-06,9.88152056838506e-06,9.88152056838506e-06,9.88152056838506e-06,9.88152056838506e-06,9.88152056838506e-06,9.88152056838506e-06,9.88152056838506e-06,9.88152056838506e-06,9.88152056838506e-06,9.88152056838506e-06,9.88152056838506e-06,9.88152056838506e-06,9.88152056838506e-06,9.88152056838506e-06,9.88152056838506e-06,9.88152056838506e-06,9.88152056838506e-06,9.88152056838506e-06,9.88152056838506e-06,9.88152056838506e-06,9.88152056838506e-06,9.88152056838506e-06,9.88152056838506e-06
9.88152056838506e-06,9.88152056838506e-06,9.88152056838506e-06,9.88152056838506e-06,9.88152056838506e-06,9.88152056838506e-06,9.88152056838506e-06,9.88152056838506e-06,9.88152056838506e-06,9.88152056838506e-06,9.88152056838506e-06,9.88152056838506e-06,9.88152056838506e-06,9.88152056838506e-06,9.88152056838506e-06,9.88152056838506e-06,9.88152056838506e-06,9.88152056838506e-06,9.88152056838506e-06,9.88152056838506e-06,9.88152056838506e-06,9.88152056838506e-06,9.88152056838506e-06,9.88152056838506e-06,9.88152056838506e-06,9.88152056838506e-06,9.88152056838506e-06,9.88152056838506e-06,9.88152056838506e-06,9.88152056838506e-06,9.88152056838506e-06,9.88152056838506e-06,9.88152056838506e-06,9.88152056838506e-06,9.88152056838506e-06,9.88152056838506e-06,9.88152056838506e-06,9.88152056838506e-06,9.88152056838506e-06,9.88152056838506e-06,9.88152056838506e-06,9.88152056838506e-06,9.88152056838506e-06,9.88152056838506e-06,9.88152056838506e-06,9.88152056838506e-06,9.88152056838506e-06,9.88152056838506e-06,9.88152056838506e-06,9.88152056838506e-06,9.88152056838506e-06,9.88152056838506e-06,9.88152056838506e-06,9.88152056838506e-06,9.88152056838506e-06,9.88152056838506e-06,9.88152056838506e-06,9.88152056838506e-06,9.88152056838506e-06,9.88152056838506e-06,9.88152056838506e-06,9.88152056838506e-06,9.88152056838506e-06,9.88152056838506e-06,9.88152056838506e-06,9.88152056838506e-06,9.88152056838506e-06,9.88152056838506e-06,9.88152056838506e-06,9.88152056838506e-06,9.88152056838506e-06,9.88152056838506e-06,9.88152056838506e-06,9.88152056838506e-06,9.88152056838506e-06,9.88152056838506e-06,9.88152056838506e-06,9.88152056838506e-06,9.88152056838506e-06,9.88152056838506e-06,9.88152056838506e-06,9.88152056838506e-06,9.88152056838506e-06,9.88152056838506e-06,9.88152056838506e-06,9.88152056838506e-06,9.88152056838506e-06,9.88152056838506e-06,9.88152056838506e-06,9.88152056838506e-06,9.88152056838506e-06,9.88152056838506e-06,9.88152056838506e-06,9.88152056838506e-06,9.88152056838506e-06,9.88152056838506e-06,9.88152056838506e-06,9.88152056838506e-06,9.88152056838506e-06,9.88152056838506e-06
9.88152056838506e-06,9.88152056838506e-06,9.88152056838506e-06,9.88152056838506e-06,9.88152056838506e-06,9.88152056838506e-06,9.88152056838506e-06,9.88152056838506e-06,9.88152056838506e-06,9.88152056838506e-06,9.88152056838506e-06,9.88152056838506e-06,9.88152056838506e-06,9.88152056838506e-06,9.88152056838506e-06,9.88152056838506e-06,9.88152056838506e-06,9.88152056838506e-06,9.88152056838506e-06,9.88152056838506e-06,9.88152056838506e-06,9.88152056838506e-06,9.88152056838506e-06,9.88152056838506e-06,9.88152056838506e-06,9.88152056838506e-06,9.88152056838506e-06,9.88152056838506e-06,9.88152056838506e-06,9.88152056838506e-06,9.88152056838506e-06,9.88152056838506e-06,9.88152056838506e-06,9.88152056838506e-06,9.88152056838506e-06,9.88152056838506e-06,9.88152056838506e-06,9.88152056838506e-06,9.88152056838506e-06,9.88152056838506e-06,9.88152056838506e-06,9.88152056838506e-06,9.88152056838506e-06,9.88152056838506e-06,9.88152056838506e-06,9.88152056838506e-06,9.88152056838506e-06,9.88152056838506e-06,9.88152056838506e-06,9.88152056838506e-06,9.88152056838506e-06,9.88152056838506e-06,9.88152056838506e-06,9.88152056838506e-06,9.88152056838506e-06,9.88152056838506e-06,9.88152056838506e-06,9.88152056838506e-06,9.88152056838506e-06,9.88152056838506e-06,9.88152056838506e-06,9.88152056838506e-06,9.88152056838506e-06,9.88152056838506e-06,9.88152056838506e-06,9.88152056838506e-06,9.88152056838506e-06,9.88152056838506e-06,9.88152056838506e-06,9.88152056838506e-06,9.88152056838506e-06,9.88152056838506e-06,9.88152056838506e-06,9.88152056838506e-06,9.88152056838506e-06,9.88152056838506e-06,9.88152056838506e-06,9.88152056838506e-06,9.88152056838506e-06,9.88152056838506e-06,9.88152056838506e-06,9.88152056838506e-06,9.88152056838506e-06,9.88152056838506e-06,9.88152056838506e-06,9.88152056838506e-06,9.88152056838506e-06,9.88152056838506e-06,9.88152056838506e-06,9.88152056838506e-06,9.88152056838506e-06,9.88152056838506e-06,9.88152056838506e-06,9.88152056838506e-06,9.88152056838506e-06,9.88152056838506e-06,9.88152056838506e-06,9.88152056838506e-06,9.88152056838506e-06,9.88152056838506e-06
9.88152056838506e-06,9.88152056838506e-06,9.88152056838506e-06,9.88152056838506e-06,9.88152056838506e-06,9.88152056838506e-06,9.88152056838506e-06,9.88152056838506e-06,9.88152056838506e-06,9.88152056838506e-06,9.88152056838506e-06,9.88152056838506e-06,9.88152056838506e-06,9.88152056838506e-06,9.88152056838506e-06,9.88152056838506e-06,9.88152056838506e-06,9.88152056838506e-06,9.88152056838506e-06,9.88152056838506e-06,9.88152056838506e-06,9.88152056838506e-06,9.88152056838506e-06,9.88152056838506e-06,9.88152056838506e-06,9.88152056838506e-06,9.88152056838506e-06,9.88152056838506e-06,9.88152056838506e-06,9.88152056838506e-06,9.88152056838506e-06,9.88152056838506e-06,9.88152056838506e-06,9.88152056838506e-06,9.88152056838506e-06,9.88152056838506e-06,9.88152056838506e-06,9.88152056838506e-06,9.88152056838506e-06,9.88152056838506e-06,9.88152056838506e-06,9.88152056838506e-06,9.88152056838506e-06,9.88152056838506e-06,9.88152056838506e-06,9.88152056838506e-06,9.88152056838506e-06,9.88152056838506e-06,9.88152056838506e-06,9.88152056838506e-06,9.88152056838506e-06,9.88152056838506e-06,9.88152056838506e-06,9.88152056838506e-06,9.88152056838506e-06,9.88152056838506e-06,9.88152056838506e-06,9.88152056838506e-06,9.88152056838506e-06,9.88152056838506e-06,9.88152056838506e-06,9.88152056838506e-06,9.88152056838506e-06,9.88152056838506e-06,9.88152056838506e-06,9.88152056838506e-06,9.88152056838506e-06,9.88152056838506e-06,9.88152056838506e-06,9.88152056838506e-06,9.88152056838506e-06,9.88152056838506e-06,9.88152056838506e-06,9.88152056838506e-06,9.88152056838506e-06,9.88152056838506e-06,9.88152056838506e-06,9.88152056838506e-06,9.88152056838506e-06,9.88152056838506e-06,9.88152056838506e-06,9.88152056838506e-06,9.88152056838506e-06,9.88152056838506e-06,9.88152056838506e-06,9.88152056838506e-06,9.88152056838506e-06,9.88152056838506e-06,9.88152056838506e-06,9.88152056838506e-06,9.88152056838506e-06,9.88152056838506e-06,9.88152056838506e-06,9.88152056838506e-06,9.88152056838506e-06,9.88152056838506e-06,9.88152056838506e-06,9.88152056838506e-06,9.88152056838506e-06,9.88152056838506e-06
9.88152056838506e-06,9.88152056838506e-06,9.88152056838506e-06,9.88152056838506e-06,9.88152056838506e-06,9.88152056838506e-06,9.88152056838506e-06,9.88152056838506e-06,9.88152056838506e-06,9.88152056838506e-06,9.88152056838506e-06,9.88152056838506e-06,9.88152056838506e-06,9.88152056838506e-06,9.88152056838506e-06,9.88152056838506e-06,9.88152056838506e-06,9.88152056838506e-06,9.88152056838506e-06,9.88152056838506e-06,9.88152056838506e-06,9.88152056838506e-06,9.88152056838506e-06,9.88152056838506e-06,9.88152056838506e-06,9.88152056838506e-06,9.88152056838506e-06,9.88152056838506e-06,9.88152056838506e-06,9.88152056838506e-06,9.88152056838506e-06,9.88152056838506e-06,9.88152056838506e-06,9.88152056838506e-06,9.88152056838506e-06,9.88152056838506e-06,9.88152056838506e-06,9.88152056838506e-06,9.88152056838506e-06,9.88152056838506e-06,9.88152056838506e-06,9.88152056838506e-06,9.88152056838506e-06,9.88152056838506e-06,9.88152056838506e-06,9.88152056838506e-06,9.88152056838506e-06,9.88152056838506e-06,9.88152056838506e-06,9.88152056838506e-06,9.88152056838506e-06,9.88152056838506e-06,9.88152056838506e-06,9.88152056838506e-06,9.88152056838506e-06,9.88152056838506e-06,9.88152056838506e-06,9.88152056838506e-06,9.88152056838506e-06,9.88152056838506e-06,9.88152056838506e-06,9.88152056838506e-06,9.88152056838506e-06,9.88152056838506e-06,9.88152056838506e-06,9.88152056838506e-06,9.88152056838506e-06,9.88152056838506e-06,9.88152056838506e-06,9.88152056838506e-06,9.88152056838506e-06,9.88152056838506e-06,9.88152056838506e-06,9.88152056838506e-06,9.88152056838506e-06,9.88152056838506e-06,9.88152056838506e-06,9.88152056838506e-06,9.88152056838506e-06,9.88152056838506e-06,9.88152056838506e-06,9.88152056838506e-06,9.88152056838506e-06,9.88152056838506e-06,9.88152056838506e-06,9.88152056838506e-06,9.88152056838506e-06,9.88152056838506e-06,9.88152056838506e-06,9.88152056838506e-06,9.88152056838506e-06,9.88152056838506e-06,9.88152056838506e-06,9.88152056838506e-06,9.88152056838506e-06,9.88152056838506e-06,9.88152056838506e-06,9.88152056838506e-06,9.88152056838506e-06,9.88152056838506e-06
9.88152056838506e-06,9.88152056838506e-06,9.88152056838506e-06,9.88152056838506e-06,9.88152056838506e-06,9.88152056838506e-06,9.88152056838506e-06,9.88152056838506e-06,9.88152056838506e-06,9.88152056838506e-06,9.88152056838506e-06,9.88152056838506e-06,9.88152056838506e-06,9.88152056838506e-06,9.88152056838506e-06,9.88152056838506e-06,9.88152056838506e-06,9.88152056838506e-06,9.88152056838506e-06,9.88152056838506e-06,9.88152056838506e-06,9.88152056838506e-06,9.88152056838506e-06,9.88152056838506e-06,9.88152056838506e-06,9.88152056838506e-06,9.88152056838506e-06,9.88152056838506e-06,9.88152056838506e-06,9.88152056838506e-06,9.88152056838506e-06,9.88152056838506e-06,9.88152056838506e-06,9.88152056838506e-06,9.88152056838506e-06,9.88152056838506e-06,9.88152056838506e-06,9.88152056838506e-06,9.88152056838506e-06,9.88152056838506e-06,9.88152056838506e-06,9.88152056838506e-06,9.88152056838506e-06,9.88152056838506e-06,9.88152056838506e-06,9.88152056838506e-06,9.88152056838506e-06,9.88152056838506e-06,9.88152056838506e-06,9.88152056838506e-06,9.88152056838506e-06,9.88152056838506e-06,9.88152056838506e-06,9.88152056838506e-06,9.88152056838506e-06,9.88152056838506e-06,9.88152056838506e-06,9.88152056838506e-06,9.88152056838506e-06,9.88152056838506e-06,9.88152056838506e-06,9.88152056838506e-06,9.88152056838506e-06,9.88152056838506e-06,9.88152056838506e-06,9.88152056838506e-06,9.88152056838506e-06,9.88152056838506e-06,9.88152056838506e-06,9.88152056838506e-06,9.88152056838506e-06,9.88152056838506e-06,9.88152056838506e-06,9.88152056838506e-06,9.88152056838506e-06,9.88152056838506e-06,9.88152056838506e-06,9.88152056838506e-06,9.88152056838506e-06,9.88152056838506e-06,9.88152056838506e-06,9.88152056838506e-06,9.88152056838506e-06,9.88152056838506e-06,9.88152056838506e-06,9.88152056838506e-06,9.88152056838506e-06,9.88152056838506e-06,9.88152056838506e-06,9.88152056838506e-06,9.88152056838506e-06,9.88152056838506e-06,9.88152056838506e-06,9.88152056838506e-06,9.88152056838506e-06,9.88152056838506e-06,9.88152056838506e-06,9.88152056838506e-06,9.88152056838506e-06,9.88152056838506e-06
9.88152056838506e-06,9.88152056838506e-06,9.88152056838506e-06,9.88152056838506e-06,9.88152056838506e-06,9.88152056838506e-06,9.88152056838506e-06,9.88152056838506e-06,9.88152056838506e-06,9.88152056838506e-06,9.88152056838506e-06,9.88152056838506e-06,9.88152056838506e-06,9.88152056838506e-06,9.88152056838506e-06,9.88152056838506e-06,9.88152056838506e-06,9.88152056838506e-06,9.88152056838506e-06,9.88152056838506e-06,9.88152056838506e-06,9.88152056838506e-06,9.88152056838506e-06,9.88152056838506e-06,9.88152056838506e-06,9.88152056838506e-06,9.88152056838506e-06,9.88152056838506e-06,9.88152056838506e-06,9.88152056838506e-06,9.88152056838506e-06,9.88152056838506e-06,9.88152056838506e-06,9.88152056838506e-06,9.88152056838506e-06,9.88152056838506e-06,9.88152056838506e-06,9.88152056838506e-06,9.88152056838506e-06,9.88152056838506e-06,9.88152056838506e-06,9.88152056838506e-06,9.88152056838506e-06,9.88152056838506e-06,9.88152056838506e-06,9.88152056838506e-06,9.88152056838506e-06,9.88152056838506e-06,9.88152056838506e-06,9.88152056838506e-06,9.88152056838506e-06,9.88152056838506e-06,9.88152056838506e-06,9.88152056838506e-06,9.88152056838506e-06,9.88152056838506e-06,9.88152056838506e-06,9.88152056838506e-06,9.88152056838506e-06,9.88152056838506e-06,9.88152056838506e-06,9.88152056838506e-06,9.88152056838506e-06,9.88152056838506e-06,9.88152056838506e-06,9.88152056838506e-06,9.88152056838506e-06,9.88152056838506e-06,9.88152056838506e-06,9.88152056838506e-06,9.88152056838506e-06,9.88152056838506e-06,9.88152056838506e-06,9.88152056838506e-06,9.88152056838506e-06,9.88152056838506e-06,9.88152056838506e-06,9.88152056838506e-06,9.88152056838506e-06,9.88152056838506e-06,9.88152056838506e-06,9.88152056838506e-06,9.88152056838506e-06,9.88152056838506e-06,9.88152056838506e-06,9.88152056838506e-06,9.88152056838506e-06,9.88152056838506e-06,9.88152056838506e-06,9.88152056838506e-06,9.88152056838506e-06,9.88152056838506e-06,9.88152056838506e-06,9.88152056838506e-06,9.88152056838506e-06,9.88152056838506e-06,9.88152056838506e-06,9.88152056838506e-06,9.88152056838506e-06,9.88152056838506e-06
9.88152056838506e-06,9.88152056838506e-06,9.88152056838506e-06,9.88152056838506e-06,9.88152056838506e-06,9.88152056838506e-06,9.88152056838506e-06,9.88152056838506e-06,9.88152056838506e-06,9.88152056838506e-06,9.88152056838506e-06,9.88152056838506e-06,9.88152056838506e-06,9.88152056838506e-06,9.88152056838506e-06,9.88152056838506e-06,9.88152056838506e-06,9.88152056838506e-06,9.88152056838506e-06,9.88152056838506e-06,9.88152056838506e-06,9.88152056838506e-06,9.88152056838506e-06,9.88152056838506e-06,9.88152056838506e-06,9.88152056838506e-06,9.88152056838506e-06,9.88152056838506e-06,9.88152056838506e-06,9.88152056838506e-06,9.88152056838506e-06,9.88152056838506e-06,9.88152056838506e-06,9.88152056838506e-06,9.88152056838506e-06,9.88152056838506e-06,9.88152056838506e-06,9.88152056838506e-06,9.88152056838506e-06,9.88152056838506e-06,9.88152056838506e-06,9.88152056838506e-06,9.88152056838506e-06,9.88152056838506e-06,9.88152056838506e-06,9.88152056838506e-06,9.88152056838506e-06,9.88152056838506e-06,9.88152056838506e-06,9.88152056838506e-06,9.88152056838506e-06,9.88152056838506e-06,9.88152056838506e-06,9.88152056838506e-06,9.88152056838506e-06,9.88152056838506e-06,9.88152056838506e-06,9.88152056838506e-06,9.88152056838506e-06,9.88152056838506e-06,9.88152056838506e-06,9.88152056838506e-06,9.88152056838506e-06,9.88152056838506e-06,9.88152056838506e-06,9.88152056838506e-06,9.88152056838506e-06,9.88152056838506e-06,9.88152056838506e-06,9.88152056838506e-06,9.88152056838506e-06,9.88152056838506e-06,9.88152056838506e-06,9.88152056838506e-06,9.88152056838506e-06,9.88152056838506e-06,9.88152056838506e-06,9.88152056838506e-06,9.88152056838506e-06,9.88152056838506e-06,9.88152056838506e-06,9.88152056838506e-06,9.88152056838506e-06,9.88152056838506e-06,9.88152056838506e-06,9.88152056838506e-06,9.88152056838506e-06,9.88152056838506e-06,9.88152056838506e-06,9.88152056838506e-06,9.88152056838506e-06,9.88152056838506e-06,9.88152056838506e-06,9.88152056838506e-06,9.88152056838506e-06,9.88152056838506e-06,9.88152056838506e-06,9.88152056838506e-06,9.88152056838506e-06,9.88152056838506e-06
9.88152056838506e-06,9.88152056838506e-06,9.88152056838506e-06,9.88152056838506e-06,9.88152056838506e-06,9.88152056838506e-06,9.88152056838506e-06,9.88152056838506e-06,9.88152056838506e-06,9.88152056838506e-06,9.88152056838506e-06,9.88152056838506e-06,9.88152056838506e-06,9.88152056838506e-06,9.88152056838506e-06,9.88152056838506e-06,9.88152056838506e-06,9.88152056838506e-06,9.88152056838506e-06,9.88152056838506e-06,9.88152056838506e-06,9.88152056838506e-06,9.88152056838506e-06,9.88152056838506e-06,9.88152056838506e-06,9.88152056838506e-06,9.88152056838506e-06,9.88152056838506e-06,9.88152056838506e-06,9.88152056838506e-06,9.88152056838506e-06,9.88152056838506e-06,9.88152056838506e-06,9.88152056838506e-06,9.88152056838506e-06,9.88152056838506e-06,9.88152056838506e-06,9.88152056838506e-06,9.88152056838506e-06,9.88152056838506e-06,9.88152056838506e-06,9.88152056838506e-06,9.88152056838506e-06,9.88152056838506e-06,9.88152056838506e-06,9.88152056838506e-06,9.88152056838506e-06,9.88152056838506e-06,9.88152056838506e-06,9.88152056838506e-06,9.88152056838506e-06,9.88152056838506e-06,9.88152056838506e-06,9.88152056838506e-06,9.88152056838506e-06,9.88152056838506e-06,9.88152056838506e-06,9.88152056838506e-06,9.88152056838506e-06,9.88152056838506e-06,9.88152056838506e-06,9.88152056838506e-06,9.88152056838506e-06,9.88152056838506e-06,9.88152056838506e-06,9.88152056838506e-06,9.88152056838506e-06,9.88152056838506e-06,9.88152056838506e-06,9.88152056838506e-06,9.88152056838506e-06,9.88152056838506e-06,9.88152056838506e-06,9.88152056838506e-06,9.88152056838506e-06,9.88152056838506e-06,9.88152056838506e-06,9.88152056838506e-06,9.88152056838506e-06,9.88152056838506e-06,9.88152056838506e-06,9.88152056838506e-06,9.88152056838506e-06,9.88152056838506e-06,9.88152056838506e-06,9.88152056838506e-06,9.88152056838506e-06,9.88152056838506e-06,9.88152056838506e-06,9.88152056838506e-06,9.88152056838506e-06,9.88152056838506e-06,9.88152056838506e-06,9.88152056838506e-06,9.88152056838506e-06,9.88152056838506e-06,9.88152056838506e-06,9.88152056838506e-06,9.88152056838506e-06,9.88152056838506e-06
9.88152056838506e-06,9.88152056838506e-06,9.88152056838506e-06,9.88152056838506e-06,9.88152056838506e-06,9.88152056838506e-06,9.88152056838506e-06,9.88152056838506e-06,9.88152056838506e-06,9.88152056838506e-06,9.88152056838506e-06,9.88152056838506e-06,9.88152056838506e-06,9.88152056838506e-06,9.88152056838506e-06,9.88152056838506e-06,9.88152056838506e-06,9.88152056838506e-06,9.88152056838506e-06,9.88152056838506e-06,9.88152056838506e-06,9.88152056838506e-06,9.88152056838506e-06,9.88152056838506e-06,9.88152056838506e-06,9.88152056838506e-06,9.88152056838506e-06,9.88152056838506e-06,9.88152056838506e-06,9.88152056838506e-06,9.88152056838506e-06,9.88152056838506e-06,9.88152056838506e-06,9.88152056838506e-06,9.88152056838506e-06,9.88152056838506e-06,9.88152056838506e-06,9.88152056838506e-06,9.88152056838506e-06,9.88152056838506e-06,9.88152056838506e-06,9.88152056838506e-06,9.88152056838506e-06,9.88152056838506e-06,9.88152056838506e-06,9.88152056838506e-06,9.88152056838506e-06,9.88152056838506e-06,9.88152056838506e-06,9.88152056838506e-06,9.88152056838506e-06,9.88152056838506e-06,9.88152056838506e-06,9.88152056838506e-06,9.88152056838506e-06,9.88152056838506e-06,9.88152056838506e-06,9.88152056838506e-06,9.88152056838506e-06,9.88152056838506e-06,9.88152056838506e-06,9.88152056838506e-06,9.88152056838506e-06,9.88152056838506e-06,9.88152056838506e-06,9.88152056838506e-06,9.88152056838506e-06,9.88152056838506e-06,9.88152056838506e-06,9.88152056838506e-06,9.88152056838506e-06,9.88152056838506e-06,9.88152056838506e-06,9.88152056838506e-06,9.88152056838506e-06,9.88152056838506e-06,9.88152056838506e-06,9.88152056838506e-06,9.88152056838506e-06,9.88152056838506e-06,9.88152056838506e-06,9.88152056838506e-06,9.88152056838506e-06,9.88152056838506e-06,9.88152056838506e-06,9.88152056838506e-06,9.88152056838506e-06,9.88152056838506e-06,9.88152056838506e-06,9.88152056838506e-06,9.88152056838506e-06,9.88152056838506e-06,9.88152056838506e-06,9.88152056838506e-06,9.88152056838506e-06,9.88152056838506e-06,9.88152056838506e-06,9.88152056838506e-06,9.88152056838506e-06,9.88152056838506e-06
9.88152056838506e-06,9.88152056838506e-06,9.88152056838506e-06,9.88152056838506e-06,9.88152056838506e-06,9.88152056838506e-06,9.88152056838506e-06,9.88152056838506e-06,9.88152056838506e-06,9.88152056838506e-06,9.88152056838506e-06,9.88152056838506e-06,9.88152056838506e-06,9.88152056838506e-06,9.88152056838506e-06,9.88152056838506e-06,9.88152056838506e-06,9.88152056838506e-06,9.88152056838506e-06,9.88152056838506e-06,9.88152056838506e-06,9.88152056838506e-06,9.88152056838506e-06,9.88152056838506e-06,9.88152056838506e-06,9.88152056838506e-06,9.88152056838506e-06,9.88152056838506e-06,9.88152056838506e-06,9.88152056838506e-06,9.88152056838506e-06,9.88152056838506e-06,9.88152056838506e-06,9.88152056838506e-06,9.88152056838506e-06,9.88152056838506e-06,9.88152056838506e-06,9.88152056838506e-06,9.88152056838506e-06,9.88152056838506e-06,9.88152056838506e-06,9.88152056838506e-06,9.88152056838506e-06,9.88152056838506e-06,9.88152056838506e-06,9.88152056838506e-06,9.88152056838506e-06,9.88152056838506e-06,9.88152056838506e-06,9.88152056838506e-06,9.88152056838506e-06,9.88152056838506e-06,9.88152056838506e-06,9.88152056838506e-06,9.88152056838506e-06,9.88152056838506e-06,9.88152056838506e-06,9.88152056838506e-06,9.88152056838506e-06,9.88152056838506e-06,9.88152056838506e-06,9.88152056838506e-06,9.88152056838506e-06,9.88152056838506e-06,9.88152056838506e-06,9.88152056838506e-06,9.88152056838506e-06,9.88152056838506e-06,9.88152056838506e-06,9.88152056838506e-06,9.88152056838506e-06,9.88152056838506e-06,9.88152056838506e-06,9.88152056838506e-06,9.88152056838506e-06,9.88152056838506e-06,9.88152056838506e-06,9.88152056838506e-06,9.88152056838506e-06,9.88152056838506e-06,9.88152056838506e-06,9.88152056838506e-06,9.88152056838506e-06,9.88152056838506e-06,9.88152056838506e-06,9.88152056838506e-06,9.88152056838506e-06,9.88152056838506e-06,9.88152056838506e-06,9.88152056838506e-06,9.88152056838506e-06,9.88152056838506e-06,9.88152056838506e-06,9.88152056838506e-06,9.88152056838506e-06,9.88152056838506e-06,9.88152056838506e-06,9.88152056838506e-06,9.88152056838506e-06,9.88152056838506e-06
9.88152056838506e-06,9.88152056838506e-06,9.88152056838506e-06,9.88152056838506e-06,9.88152056838506e-06,9.88152056838506e-06,9.88152056838506e-06,9.88152056838506e-06,9.88152056838506e-06,9.88152056838506e-06,9.88152056838506e-06,9.88152056838506e-06,9.88152056838506e-06,9.88152056838506e-06,9.88152056838506e-06,9.88152056838506e-06,9.88152056838506e-06,9.88152056838506e-06,9.88152056838506e-06,9.88152056838506e-06,9.88152056838506e-06,9.88152056838506e-06,9.88152056838506e-06,9.88152056838506e-06,9.88152056838506e-06,9.88152056838506e-06,9.88152056838506e-06,9.88152056838506e-06,9.88152056838506e-06,9.88152056838506e-06,9.88152056838506e-06,9.88152056838506e-06,9.88152056838506e-06,9.88152056838506e-06,9.88152056838506e-06,9.88152056838506e-06,9.88152056838506e-06,9.88152056838506e-06,9.88152056838506e-06,9.88152056838506e-06,9.88152056838506e-06,9.88152056838506e-06,9.88152056838506e-06,9.88152056838506e-06,9.88152056838506e-06,9.88152056838506e-06,9.88152056838506e-06,9.88152056838506e-06,9.88152056838506e-06,9.88152056838506e-06,9.88152056838506e-06,9.88152056838506e-06,9.88152056838506e-06,9.88152056838506e-06,9.88152056838506e-06,9.88152056838506e-06,9.88152056838506e-06,9.88152056838506e-06,9.88152056838506e-06,9.88152056838506e-06,9.88152056838506e-06,9.88152056838506e-06,9.88152056838506e-06,9.88152056838506e-06,9.88152056838506e-06,9.88152056838506e-06,9.88152056838506e-06,9.88152056838506e-06,9.88152056838506e-06,9.88152056838506e-06,9.88152056838506e-06,9.88152056838506e-06,9.88152056838506e-06,9.88152056838506e-06,9.88152056838506e-06,9.88152056838506e-06,9.88152056838506e-06,9.88152056838506e-06,9.88152056838506e-06,9.88152056838506e-06,9.88152056838506e-06,9.88152056838506e-06,9.88152056838506e-06,9.88152056838506e-06,9.88152056838506e-06,9.88152056838506e-06,9.88152056838506e-06,9.88152056838506e-06,9.88152056838506e-06,9.88152056838506e-06,9.88152056838506e-06,9.88152056838506e-06,9.88152056838506e-06,9.88152056838506e-06,9.88152056838506e-06,9.88152056838506e-06,9.88152056838506e-06,9.88152056838506e-06,9.88152056838506e-06,9.88152056838506e-06
9.88152056838506e-06,9.88152056838506e-06,9.88152056838506e-06,9.88152056838506e-06,9.88152056838506e-06,9.88152056838506e-06,9.88152056838506e-06,9.88152056838506e-06,9.88152056838506e-06,9.88152056838506e-06,9.88152056838506e-06,9.88152056838506e-06,9.88152056838506e-06,9.88152056838506e-06,9.88152056838506e-06,9.88152056838506e-06,9.88152056838506e-06,9.88152056838506e-06,9.88152056838506e-06,9.88152056838506e-06,9.88152056838506e-06,9.88152056838506e-06,9.88152056838506e-06,9.88152056838506e-06,9.88152056838506e-06,9.88152056838506e-06,9.88152056838506e-06,9.88152056838506e-06,9.88152056838506e-06,9.88152056838506e-06,9.88152056838506e-06,9.88152056838506e-06,9.88152056838506e-06,9.88152056838506e-06,9.88152056838506e-06,9.88152056838506e-06,9.88152056838506e-06,9.88152056838506e-06,9.88152056838506e-06,9.88152056838506e-06,9.88152056838506e-06,9.88152056838506e-06,9.88152056838506e-06,9.88152056838506e-06,9.88152056838506e-06,9.88152056838506e-06,9.88152056838506e-06,9.88152056838506e-06,9.88152056838506e-06,9.88152056838506e-06,9.88152056838506e-06,9.88152056838506e-06,9.88152056838506e-06,9.88152056838506e-06,9.88152056838506e-06,9.88152056838506e-06,9.88152056838506e-06,9.88152056838506e-06,9.88152056838506e-06,9.88152056838506e-06,9.88152056838506e-06,9.88152056838506e-06,9.88152056838506e-06,9.88152056838506e-06,9.88152056838506e-06,9.88152056838506e-06,9.88152056838506e-06,9.88152056838506e-06,9.88152056838506e-06,9.88152056838506e-06,9.88152056838506e-06,9.88152056838506e-06,9.88152056838506e-06,9.88152056838506e-06,9.88152056838506e-06,9.88152056838506e-06,9.88152056838506e-06,9.88152056838506e-06,9.88152056838506e-06,9.88152056838506e-06,9.88152056838506e-06,9.88152056838506e-06,9.88152056838506e-06,9.88152056838506e-06,9.88152056838506e-06,9.88152056838506e-06,9.88152056838506e-06,9.88152056838506e-06,9.88152056838506e-06,9.88152056838506e-06,9.88152056838506e-06,9.88152056838506e-06,9.88152056838506e-06,9.88152056838506e-06,9.88152056838506e-06,9.88152056838506e-06,9.88152056838506e-06,9.88152056838506e-06,9.88152056838506e-06,9.88152056838506e-06
9.88152056838506e-06,9.88152056838506e-06,9.88152056838506e-06,9.88152056838506e-06,9.88152056838506e-06,9.88152056838506e-06,9.88152056838506e-06,9.88152056838506e-06,9.88152056838506e-06,9.88152056838506e-06,9.88152056838506e-06,9.88152056838506e-06,9.88152056838506e-06,9.88152056838506e-06,9.88152056838506e-06,9.88152056838506e-06,9.88152056838506e-06,9.88152056838506e-06,9.88152056838506e-06,9.88152056838506e-06,9.88152056838506e-06,9.88152056838506e-06,9.88152056838506e-06,9.88152056838506e-06,9.88152056838506e-06,9.88152056838506e-06,9.88152056838506e-06,9.88152056838506e-06,9.88152056838506e-06,9.88152056838506e-06,9.88152056838506e-06,9.88152056838506e-06,9.88152056838506e-06,9.88152056838506e-06,9.88152056838506e-06,9.88152056838506e-06,9.88152056838506e-06,9.88152056838506e-06,9.88152056838506e-06,9.88152056838506e-06,9.88152056838506e-06,9.88152056838506e-06,9.88152056838506e-06,9.88152056838506e-06,9.88152056838506e-06,9.88152056838506e-06,9.88152056838506e-06,9.88152056838506e-06,9.88152056838506e-06,9.88152056838506e-06,9.88152056838506e-06,9.88152056838506e-06,9.88152056838506e-06,9.88152056838506e-06,9.88152056838506e-06,9.88152056838506e-06,9.88152056838506e-06,9.88152056838506e-06,9.88152056838506e-06,9.88152056838506e-06,9.88152056838506e-06,9.88152056838506e-06,9.88152056838506e-06,9.88152056838506e-06,9.88152056838506e-06,9.88152056838506e-06,9.88152056838506e-06,9.88152056838506e-06,9.88152056838506e-06,9.88152056838506e-06,9.88152056838506e-06,9.88152056838506e-06,9.88152056838506e-06,9.88152056838506e-06,9.88152056838506e-06,9.88152056838506e-06,9.88152056838506e-06,9.88152056838506e-06,9.88152056838506e-06,9.88152056838506e-06,9.88152056838506e-06,9.88152056838506e-06,9.88152056838506e-06,9.88152056838506e-06,9.88152056838506e-06,9.88152056838506e-06,9.88152056838506e-06,9.88152056838506e-06,9.88152056838506e-06,9.88152056838506e-06,9.88152056838506e-06,9.88152056838506e-06,9.88152056838506e-06,9.88152056838506e-06,9.88152056838506e-06,9.88152056838506e-06,9.88152056838506e-06,9.88152056838506e-06,9.88152056838506e-06,9.88152056838506e-06
9.88152056838506e-06,9.88152056838506e-06,9.88152056838506e-06,9.88152056838506e-06,9.88152056838506e-06,9.88152056838506e-06,9.88152056838506e-06,9.88152056838506e-06,9.88152056838506e-06,9.88152056838506e-06,9.88152056838506e-06,9.88152056838506e-06,9.88152056838506e-06,9.88152056838506e-06,9.88152056838506e-06,9.88152056838506e-06,9.88152056838506e-06,9.88152056838506e-06,9.88152056838506e-06,9.88152056838506e-06,9.88152056838506e-06,9.88152056838506e-06,9.88152056838506e-06,9.88152056838506e-06,9.88152056838506e-06,9.88152056838506e-06,9.88152056838506e-06,9.88152056838506e-06,9.88152056838506e-06,9.88152056838506e-06,9.88152056838506e-06,9.88152056838506e-06,9.88152056838506e-06,9.88152056838506e-06,9.88152056838506e-06,9.88152056838506e-06,9.88152056838506e-06,9.88152056838506e-06,9.88152056838506e-06,9.88152056838506e-06,9.88152056838506e-06,9.88152056838506e-06,9.88152056838506e-06,9.88152056838506e-06,9.88152056838506e-06,9.88152056838506e-06,9.88152056838506e-06,9.88152056838506e-06,9.88152056838506e-06,9.88152056838506e-06,9.88152056838506e-06,9.88152056838506e-06,9.88152056838506e-06,9.88152056838506e-06,9.88152056838506e-06,9.88152056838506e-06,9.88152056838506e-06,9.88152056838506e-06,9.88152056838506e-06,9.88152056838506e-06,9.88152056838506e-06,9.88152056838506e-06,9.88152056838506e-06,9.88152056838506e-06,9.88152056838506e-06,9.88152056838506e-06,9.88152056838506e-06,9.88152056838506e-06,9.88152056838506e-06,9.88152056838506e-06,9.88152056838506e-06,9.88152056838506e-06,9.88152056838506e-06,9.88152056838506e-06,9.88152056838506e-06,9.88152056838506e-06,9.88152056838506e-06,9.88152056838506e-06,9.88152056838506e-06,9.88152056838506e-06,9.88152056838506e-06,9.88152056838506e-06,9.88152056838506e-06,9.88152056838506e-06,9.88152056838506e-06,9.88152056838506e-06,9.88152056838506e-06,9.88152056838506e-06,9.88152056838506e-06,9.88152056838506e-06,9.88152056838506e-06,9.88152056838506e-06,9.88152056838506e-06,9.88152056838506e-06,9.88152056838506e-06,9.88152056838506e-06,9.88152056838506e-06,9.88152056838506e-06,9.88152056838506e-06,9.88152056838506e-06
9.88152056838506e-06,9.88152056838506e-06,9.88152056838506e-06,9.88152056838506e-06,9.88152056838506e-06,9.88152056838506e-06,9.88152056838506e-06,9.88152056838506e-06,9.88152056838506e-06,9.88152056838506e-06,9.88152056838506e-06,9.88152056838506e-06,9.88152056838506e-06,9.88152056838506e-06,9.88152056838506e-06,9.88152056838506e-06,9.88152056838506e-06,9.88152056838506e-06,9.88152056838506e-06,9.88152056838506e-06,9.88152056838506e-06,9.88152056838506e-06,9.88152056838506e-06,9.88152056838506e-06,9.88152056838506e-06,9.88152056838506e-06,9.88152056838506e-06,9.88152056838506e-06,9.88152056838506e-06,9.88152056838506e-06,9.88152056838506e-06,9.88152056838506e-06,9.88152056838506e-06,9.88152056838506e-06,9.88152056838506e-06,9.88152056838506e-06,9.88152056838506e-06,9.88152056838506e-06,9.88152056838506e-06,9.88152056838506e-06,9.88152056838506e-06,9.88152056838506e-06,9.88152056838506e-06,9.88152056838506e-06,9.88152056838506e-06,9.88152056838506e-06,9.88152056838506e-06,9.88152056838506e-06,9.88152056838506e-06,9.88152056838506e-06,9.88152056838506e-06,9.88152056838506e-06,9.88152056838506e-06,9.88152056838506e-06,9.88152056838506e-06,9.88152056838506e-06,9.88152056838506e-06,9.88152056838506e-06,9.88152056838506e-06,9.88152056838506e-06,9.88152056838506e-06,9.88152056838506e-06,9.88152056838506e-06,9.88152056838506e-06,9.88152056838506e-06,9.88152056838506e-06,9.88152056838506e-06,9.88152056838506e-06,9.88152056838506e-06,9.88152056838506e-06,9.88152056838506e-06,9.88152056838506e-06,9.88152056838506e-06,9.88152056838506e-06,9.88152056838506e-06,9.88152056838506e-06,9.88152056838506e-06,9.88152056838506e-06,9.88152056838506e-06,9.88152056838506e-06,9.88152056838506e-06,9.88152056838506e-06,9.88152056838506e-06,9.88152056838506e-06,9.88152056838506e-06,9.88152056838506e-06,9.88152056838506e-06,9.88152056838506e-06,9.88152056838506e-06,9.88152056838506e-06,9.88152056838506e-06,9.88152056838506e-06,9.88152056838506e-06,9.88152056838506e-06,9.88152056838506e-06,9.88152056838506e-06,9.88152056838506e-06,9.88152056838506e-06,9.88152056838506e-06,9.88152056838506e-06
9.88152056838506e-06,9.88152056838506e-06,9.88152056838506e-06,9.88152056838506e-06,9.88152056838506e-06,9.88152056838506e-06,9.88152056838506e-06,9.88152056838506e-06,9.88152056838506e-06,9.88152056838506e-06,9.88152056838506e-06,9.88152056838506e-06,9.88152056838506e-06,9.88152056838506e-06,9.88152056838506e-06,9.88152056838506e-06,9.88152056838506e-06,9.88152056838506e-06,9.88152056838506e-06,9.88152056838506e-06,9.88152056838506e-06,9.88152056838506e-06,9.88152056838506e-06,9.88152056838506e-06,9.88152056838506e-06,9.88152056838506e-06,9.88152056838506e-06,9.88152056838506e-06,9.88152056838506e-06,9.88152056838506e-06,9.88152056838506e-06,9.88152056838506e-06,9.88152056838506e-06,9.88152056838506e-06,9.88152056838506e-06,9.88152056838506e-06,9.88152056838506e-06,9.88152056838506e-06,9.88152056838506e-06,9.88152056838506e-06,9.88152056838506e-06,9.88152056838506e-06,9.88152056838506e-06,9.88152056838506e-06,9.88152056838506e-06,9.88152056838506e-06,9.88152056838506e-06,9.88152056838506e-06,9.88152056838506e-06,9.88152056838506e-06,9.88152056838506e-06,9.88152056838506e-06,9.88152056838506e-06,9.88152056838506e-06,9.88152056838506e-06,9.88152056838506e-06,9.88152056838506e-06,9.88152056838506e-06,9.88152056838506e-06,9.88152056838506e-06,9.88152056838506e-06,9.88152056838506e-06,9.88152056838506e-06,9.88152056838506e-06,9.88152056838506e-06,9.88152056838506e-06,9.88152056838506e-06,9.88152056838506e-06,9.88152056838506e-06,9.88152056838506e-06,9.88152056838506e-06,9.88152056838506e-06,9.88152056838506e-06,9.88152056838506e-06,9.88152056838506e-06,9.88152056838506e-06,9.88152056838506e-06,9.88152056838506e-06,9.88152056838506e-06,9.88152056838506e-06,9.88152056838506e-06,9.88152056838506e-06,9.88152056838506e-06,9.88152056838506e-06,9.88152056838506e-06,9.88152056838506e-06,9.88152056838506e-06,9.88152056838506e-06,9.88152056838506e-06,9.88152056838506e-06,9.88152056838506e-06,9.88152056838506e-06,9.88152056838506e-06,9.88152056838506e-06,9.88152056838506e-06,9.88152056838506e-06,9.88152056838506e-06,9.88152056838506e-06,9.88152056838506e-06,9.88152056838506e-06
9.88152056838506e-06,9.88152056838506e-06,9.88152056838506e-06,9.88152056838506e-06,9.88152056838506e-06,9.88152056838506e-06,9.88152056838506e-06,9.88152056838506e-06,9.88152056838506e-06,9.88152056838506e-06,9.88152056838506e-06,9.88152056838506e-06,9.88152056838506e-06,9.88152056838506e-06,9.88152056838506e-06,9.88152056838506e-06,9.88152056838506e-06,9.88152056838506e-06,9.88152056838506e-06,9.88152056838506e-06,9.88152056838506e-06,9.88152056838506e-06,9.88152056838506e-06,9.88152056838506e-06,9.88152056838506e-06,9.88152056838506e-06,9.88152056838506e-06,9.88152056838506e-06,9.88152056838506e-06,9.88152056838506e-06,9.88152056838506e-06,9.88152056838506e-06,9.88152056838506e-06,9.88152056838506e-06,9.88152056838506e-06,9.88152056838506e-06,9.88152056838506e-06,9.88152056838506e-06,9.88152056838506e-06,9.88152056838506e-06,9.88152056838506e-06,9.88152056838506e-06,9.88152056838506e-06,9.88152056838506e-06,9.88152056838506e-06,9.88152056838506e-06,9.88152056838506e-06,9.88152056838506e-06,9.88152056838506e-06,9.88152056838506e-06,9.88152056838506e-06,9.88152056838506e-06,9.88152056838506e-06,9.88152056838506e-06,9.88152056838506e-06,9.88152056838506e-06,9.88152056838506e-06,9.88152056838506e-06,9.88152056838506e-06,9.88152056838506e-06,9.88152056838506e-06,9.88152056838506e-06,9.88152056838506e-06,9.88152056838506e-06,9.88152056838506e-06,9.88152056838506e-06,9.88152056838506e-06,9.88152056838506e-06,9.88152056838506e-06,9.88152056838506e-06,9.88152056838506e-06,9.88152056838506e-06,9.88152056838506e-06,9.88152056838506e-06,9.88152056838506e-06,9.88152056838506e-06,9.88152056838506e-06,9.88152056838506e-06,9.88152056838506e-06,9.88152056838506e-06,9.88152056838506e-06,9.88152056838506e-06,9.88152056838506e-06,9.88152056838506e-06,9.88152056838506e-06,9.88152056838506e-06,9.88152056838506e-06,9.88152056838506e-06,9.88152056838506e-06,9.88152056838506e-06,9.88152056838506e-06,9.88152056838506e-06,9.88152056838506e-06,9.88152056838506e-06,9.88152056838506e-06,9.88152056838506e-06,9.88152056838506e-06,9.88152056838506e-06,9.88152056838506e-06,9.88152056838506e-06
9.88152056838506e-06,9.88152056838506e-06,9.88152056838506e-06,9.88152056838506e-06,9.88152056838506e-06,9.88152056838506e-06,9.88152056838506e-06,9.88152056838506e-06,9.88152056838506e-06,9.88152056838506e-06,9.88152056838506e-06,9.88152056838506e-06,9.88152056838506e-06,9.88152056838506e-06,9.88152056838506e-06,9.88152056838506e-06,9.88152056838506e-06,9.88152056838506e-06,9.88152056838506e-06,9.88152056838506e-06,9.88152056838506e-06,9.88152056838506e-06,9.88152056838506e-06,9.88152056838506e-06,9.88152056838506e-06,9.88152056838506e-06,9.88152056838506e-06,9.88152056838506e-06,9.88152056838506e-06,9.88152056838506e-06,9.88152056838506e-06,9.88152056838506e-06,9.88152056838506e-06,9.88152056838506e-06,9.88152056838506e-06,9.88152056838506e-06,9.88152056838506e-06,9.88152056838506e-06,9.88152056838506e-06,9.88152056838506e-06,9.88152056838506e-06,9.88152056838506e-06,9.88152056838506e-06,9.88152056838506e-06,9.88152056838506e-06,9.88152056838506e-06,9.88152056838506e-06,9.88152056838506e-06,9.88152056838506e-06,9.88152056838506e-06,9.88152056838506e-06,9.88152056838506e-06,9.88152056838506e-06,9.88152056838506e-06,9.88152056838506e-06,9.88152056838506e-06,9.88152056838506e-06,9.88152056838506e-06,9.88152056838506e-06,9.88152056838506e-06,9.88152056838506e-06,9.88152056838506e-06,9.88152056838506e-06,9.88152056838506e-06,9.88152056838506e-06,9.88152056838506e-06,9.88152056838506e-06,9.88152056838506e-06,9.88152056838506e-06,9.88152056838506e-06,9.88152056838506e-06,9.88152056838506e-06,9.88152056838506e-06,9.88152056838506e-06,9.88152056838506e-06,9.88152056838506e-06,9.88152056838506e-06,9.88152056838506e-06,9.88152056838506e-06,9.88152056838506e-06,9.88152056838506e-06,9.88152056838506e-06,9.88152056838506e-06,9.88152056838506e-06,9.88152056838506e-06,9.88152056838506e-06,9.88152056838506e-06,9.88152056838506e-06,9.88152056838506e-06,9.88152056838506e-06,9.88152056838506e-06,9.88152056838506e-06,9.88152056838506e-06,9.88152056838506e-06,9.88152056838506e-06,9.88152056838506e-06,9.88152056838506e-06,9.88152056838506e-06,9.88152056838506e-06,9.88152056838506e-06
9.88152056838506e-06,9.88152056838506e-06,9.88152056838506e-06,9.88152056838506e-06,9.88152056838506e-06,9.88152056838506e-06,9.88152056838506e-06,9.88152056838506e-06,9.88152056838506e-06,9.88152056838506e-06,9.88152056838506e-06,9.88152056838506e-06,9.88152056838506e-06,9.88152056838506e-06,9.88152056838506e-06,9.88152056838506e-06,9.88152056838506e-06,9.88152056838506e-06,9.88152056838506e-06,9.88152056838506e-06,9.88152056838506e-06,9.88152056838506e-06,9.88152056838506e-06,9.88152056838506e-06,9.88152056838506e-06,9.88152056838506e-06,9.88152056838506e-06,9.88152056838506e-06,9.88152056838506e-06,9.88152056838506e-06,9.88152056838506e-06,9.88152056838506e-06,9.88152056838506e-06,9.88152056838506e-06,9.88152056838506e-06,9.88152056838506e-06,9.88152056838506e-06,9.88152056838506e-06,9.88152056838506e-06,9.88152056838506e-06,9.88152056838506e-06,9.88152056838506e-06,9.88152056838506e-06,9.88152056838506e-06,9.88152056838506e-06,9.88152056838506e-06,9.88152056838506e-06,9.88152056838506e-06,9.88152056838506e-06,9.88152056838506e-06,9.88152056838506e-06,9.88152056838506e-06,9.88152056838506e-06,9.88152056838506e-06,9.88152056838506e-06,9.88152056838506e-06,9.88152056838506e-06,9.88152056838506e-06,9.88152056838506e-06,9.88152056838506e-06,9.88152056838506e-06,9.88152056838506e-06,9.88152056838506e-06,9.88152056838506e-06,9.88152056838506e-06,9.88152056838506e-06,9.88152056838506e-06,9.88152056838506e-06,9.88152056838506e-06,9.88152056838506e-06,9.88152056838506e-06,9.88152056838506e-06,9.88152056838506e-06,9.88152056838506e-06,9.88152056838506e-06,9.88152056838506e-06,9.88152056838506e-06,9.88152056838506e-06,9.88152056838506e-06,9.88152056838506e-06,9.88152056838506e-06,9.88152056838506e-06,9.88152056838506e-06,9.88152056838506e-06,9.88152056838506e-06,9.88152056838506e-06,9.88152056838506e-06,9.88152056838506e-06,9.88152056838506e-06,9.88152056838506e-06,9.88152056838506e-06,9.88152056838506e-06,9.88152056838506e-06,9.88152056838506e-06,9.88152056838506e-06,9.88152056838506e-06,9.88152056838506e-06,9.88152056838506e-06,9.88152056838506e-06,9.88152056838506e-06
9.88152056838506e-06,9.88152056838506e-06,9.88152056838506e-06,9.88152056838506e-06,9.88152056838506e-06,9.88152056838506e-06,9.88152056838506e-06,9.88152056838506e-06,9.88152056838506e-06,9.88152056838506e-06,9.88152056838506e-06,9.88152056838506e-06,9.88152056838506e-06,9.88152056838506e-06,9.88152056838506e-06,9.88152056838506e-06,9.88152056838506e-06,9.88152056838506e-06,9.88152056838506e-06,9.88152056838506e-06,9.88152056838506e-06,9.88152056838506e-06,9.88152056838506e-06,9.88152056838506e-06,9.88152056838506e-06,9.88152056838506e-06,9.88152056838506e-06,9.88152056838506e-06,9.88152056838506e-06,9.88152056838506e-06,9.88152056838506e-06,9.88152056838506e-06,9.88152056838506e-06,9.88152056838506e-06,9.88152056838506e-06,9.88152056838506e-06,9.88152056838506e-06,9.88152056838506e-06,9.88152056838506e-06,9.88152056838506e-06,9.88152056838506e-06,9.88152056838506e-06,9.88152056838506e-06,9.88152056838506e-06,9.88152056838506e-06,9.88152056838506e-06,9.88152056838506e-06,9.88152056838506e-06,9.88152056838506e-06,9.88152056838506e-06,9.88152056838506e-06,9.88152056838506e-06,9.88152056838506e-06,9.88152056838506e-06,9.88152056838506e-06,9.88152056838506e-06,9.88152056838506e-06,9.88152056838506e-06,9.88152056838506e-06,9.88152056838506e-06,9.88152056838506e-06,9.88152056838506e-06,9.88152056838506e-06,9.88152056838506e-06,9.88152056838506e-06,9.88152056838506e-06,9.88152056838506e-06,9.88152056838506e-06,9.88152056838506e-06,9.88152056838506e-06,9.88152056838506e-06,9.88152056838506e-06,9.88152056838506e-06,9.88152056838506e-06,9.88152056838506e-06,9.88152056838506e-06,9.88152056838506e-06,9.88152056838506e-06,9.88152056838506e-06,9.88152056838506e-06,9.88152056838506e-06,9.88152056838506e-06,9.88152056838506e-06,9.88152056838506e-06,9.88152056838506e-06,9.88152056838506e-06,9.88152056838506e-06,9.88152056838506e-06,9.88152056838506e-06,9.88152056838506e-06,9.88152056838506e-06,9.88152056838506e-06,9.88152056838506e-06,9.88152056838506e-06,9.88152056838506e-06,9.88152056838506e-06,9.88152056838506e-06,9.88152056838506e-06,9.88152056838506e-06,9.88152056838506e-06
9.88152056838506e-06,9.88152056838506e-06,9.88152056838506e-06,9.88152056838506e-06,9.88152056838506e-06,9.88152056838506e-06,9.88152056838506e-06,9.88152056838506e-06,9.88152056838506e-06,9.88152056838506e-06,9.88152056838506e-06,9.88152056838506e-06,9.88152056838506e-06,9.88152056838506e-06,9.88152056838506e-06,9.88152056838506e-06,9.88152056838506e-06,9.88152056838506e-06,9.88152056838506e-06,9.88152056838506e-06,9.88152056838506e-06,9.88152056838506e-06,9.88152056838506e-06,9.88152056838506e-06,9.88152056838506e-06,9.88152056838506e-06,9.88152056838506e-06,9.88152056838506e-06,9.88152056838506e-06,9.88152056838506e-06,9.88152056838506e-06,9.88152056838506e-06,9.88152056838506e-06,9.88152056838506e-06,9.88152056838506e-06,9.88152056838506e-06,9.88152056838506e-06,9.88152056838506e-06,9.88152056838506e-06,9.88152056838506e-06,9.88152056838506e-06,9.88152056838506e-06,9.88152056838506e-06,9.88152056838506e-06,9.88152056838506e-06,9.88152056838506e-06,9.88152056838506e-06,9.88152056838506e-06,9.88152056838506e-06,9.88152056838506e-06,9.88152056838506e-06,9.88152056838506e-06,9.88152056838506e-06,9.88152056838506e-06,9.88152056838506e-06,9.88152056838506e-06,9.88152056838506e-06,9.88152056838506e-06,9.88152056838506e-06,9.88152056838506e-06,9.88152056838506e-06,9.88152056838506e-06,9.88152056838506e-06,9.88152056838506e-06,9.88152056838506e-06,9.88152056838506e-06,9.88152056838506e-06,9.88152056838506e-06,9.88152056838506e-06,9.88152056838506e-06,9.88152056838506e-06,9.88152056838506e-06,9.88152056838506e-06,9.88152056838506e-06,9.88152056838506e-06,9.88152056838506e-06,9.88152056838506e-06,9.88152056838506e-06,9.88152056838506e-06,9.88152056838506e-06,9.88152056838506e-06,9.88152056838506e-06,9.88152056838506e-06,9.88152056838506e-06,9.88152056838506e-06,9.88152056838506e-06,9.88152056838506e-06,9.88152056838506e-06,9.88152056838506e-06,9.88152056838506e-06,9.88152056838506e-06,9.88152056838506e-06,9.88152056838506e-06,9.88152056838506e-06,9.88152056838506e-06,9.88152056838506e-06,9.88152056838506e-06,9.88152056838506e-06,9.88152056838506e-06,9.88152056838506e-06
9.88152056838506e-06,9.88152056838506e-06,9.88152056838506e-06,9.88152056838506e-06,9.88152056838506e-06,9.88152056838506e-06,9.88152056838506e-06,9.88152056838506e-06,9.88152056838506e-06,9.88152056838506e-06,9.88152056838506e-06,9.88152056838506e-06,9.88152056838506e-06,9.88152056838506e-06,9.88152056838506e-06,9.88152056838506e-06,9.88152056838506e-06,9.88152056838506e-06,9.88152056838506e-06,9.88152056838506e-06,9.88152056838506e-06,9.88152056838506e-06,9.88152056838506e-06,9.88152056838506e-06,9.88152056838506e-06,9.88152056838506e-06,9.88152056838506e-06,9.88152056838506e-06,9.88152056838506e-06,9.88152056838506e-06,9.88152056838506e-06,9.88152056838506e-06,9.88152056838506e-06,9.88152056838506e-06,9.88152056838506e-06,9.88152056838506e-06,9.88152056838506e-06,9.88152056838506e-06,9.88152056838506e-06,9.88152056838506e-06,9.88152056838506e-06,9.88152056838506e-06,9.88152056838506e-06,9.88152056838506e-06,9.88152056838506e-06,9.88152056838506e-06,9.88152056838506e-06,9.88152056838506e-06,9.88152056838506e-06,9.88152056838506e-06,9.88152056838506e-06,9.88152056838506e-06,9.88152056838506e-06,9.88152056838506e-06,9.88152056838506e-06,9.88152056838506e-06,9.88152056838506e-06,9.88152056838506e-06,9.88152056838506e-06,9.88152056838506e-06,9.88152056838506e-06,9.88152056838506e-06,9.88152056838506e-06,9.88152056838506e-06,9.88152056838506e-06,9.88152056838506e-06,9.88152056838506e-06,9.88152056838506e-06,9.88152056838506e-06,9.88152056838506e-06,9.88152056838506e-06,9.88152056838506e-06,9.88152056838506e-06,9.88152056838506e-06,9.88152056838506e-06,9.88152056838506e-06,9.88152056838506e-06,9.88152056838506e-06,9.88152056838506e-06,9.88152056838506e-06,9.88152056838506e-06,9.88152056838506e-06,9.88152056838506e-06,9.88152056838506e-06,9.88152056838506e-06,9.88152056838506e-06,9.88152056838506e-06,9.88152056838506e-06,9.88152056838506e-06,9.88152056838506e-06,9.88152056838506e-06,9.88152056838506e-06,9.88152056838506e-06,9.88152056838506e-06,9.88152056838506e-06,9.88152056838506e-06,9.88152056838506e-06,9.88152056838506e-06,9.88152056838506e-06,9.88152056838506e-06
9.88152056838506e-06,9.88152056838506e-06,9.88152056838506e-06,9.88152056838506e-06,9.88152056838506e-06,9.88152056838506e-06,9.88152056838506e-06,9.88152056838506e-06,9.88152056838506e-06,9.88152056838506e-06,9.88152056838506e-06,9.88152056838506e-06,9.88152056838506e-06,9.88152056838506e-06,9.88152056838506e-06,9.88152056838506e-06,9.88152056838506e-06,9.88152056838506e-06,9.88152056838506e-06,9.88152056838506e-06,9.88152056838506e-06,9.88152056838506e-06,9.88152056838506e-06,9.88152056838506e-06,9.88152056838506e-06,9.88152056838506e-06,9.88152056838506e-06,9.88152056838506e-06,9.88152056838506e-06,9.88152056838506e-06,9.88152056838506e-06,9.88152056838506e-06,9.88152056838506e-06,9.88152056838506e-06,9.88152056838506e-06,9.88152056838506e-06,9.88152056838506e-06,9.88152056838506e-06,9.88152056838506e-06,9.88152056838506e-06,9.88152056838506e-06,9.88152056838506e-06,9.88152056838506e-06,9.88152056838506e-06,9.88152056838506e-06,9.88152056838506e-06,9.88152056838506e-06,9.88152056838506e-06,9.88152056838506e-06,9.88152056838506e-06,9.88152056838506e-06,9.88152056838506e-06,9.88152056838506e-06,9.88152056838506e-06,9.88152056838506e-06,9.88152056838506e-06,9.88152056838506e-06,9.88152056838506e-06,9.88152056838506e-06,9.88152056838506e-06,9.88152056838506e-06,9.88152056838506e-06,9.88152056838506e-06,9.88152056838506e-06,9.88152056838506e-06,9.88152056838506e-06,9.88152056838506e-06,9.88152056838506e-06,9.88152056838506e-06,9.88152056838506e-06,9.88152056838506e-06,9.88152056838506e-06,9.88152056838506e-06,9.88152056838506e-06,9.88152056838506e-06,9.88152056838506e-06,9.88152056838506e-06,9.88152056838506e-06,9.88152056838506e-06,9.88152056838506e-06,9.88152056838506e-06,9.88152056838506e-06,9.88152056838506e-06,9.88152056838506e-06,9.88152056838506e-06,9.88152056838506e-06,9.88152056838506e-06,9.88152056838506e-06,9.88152056838506e-06,9.88152056838506e-06,9.88152056838506e-06,9.88152056838506e-06,9.88152056838506e-06,9.88152056838506e-06,9.88152056838506e-06,9.88152056838506e-06,9.88152056838506e-06,9.88152056838506e-06,9.88152056838506e-06,9.88152056838506e-06
9.88152056838506e-06,9.88152056838506e-06,9.88152056838506e-06,9.88152056838506e-06,9.88152056838506e-06,9.88152056838506e-06,9.88152056838506e-06,9.88152056838506e-06,9.88152056838506e-06,9.88152056838506e-06,9.88152056838506e-06,9.88152056838506e-06,9.88152056838506e-06,9.88152056838506e-06,9.88152056838506e-06,9.88152056838506e-06,9.88152056838506e-06,9.88152056838506e-06,9.88152056838506e-06,9.88152056838506e-06,9.88152056838506e-06,9.88152056838506e-06,9.88152056838506e-06,9.88152056838506e-06,9.88152056838506e-06,9.88152056838506e-06,9.88152056838506e-06,9.88152056838506e-06,9.88152056838506e-06,9.88152056838506e-06,9.88152056838506e-06,9.88152056838506e-06,9.88152056838506e-06,9.88152056838506e-06,9.88152056838506e-06,9.88152056838506e-06,9.88152056838506e-06,9.88152056838506e-06,9.88152056838506e-06,9.88152056838506e-06,9.88152056838506e-06,9.88152056838506e-06,9.88152056838506e-06,9.88152056838506e-06,9.88152056838506e-06,9.88152056838506e-06,9.88152056838506e-06,9.88152056838506e-06,9.88152056838506e-06,9.88152056838506e-06,9.88152056838506e-06,9.88152056838506e-06,9.88152056838506e-06,9.88152056838506e-06,9.88152056838506e-06,9.88152056838506e-06,9.88152056838506e-06,9.88152056838506e-06,9.88152056838506e-06,9.88152056838506e-06,9.88152056838506e-06,9.88152056838506e-06,9.88152056838506e-06,9.88152056838506e-06,9.88152056838506e-06,9.88152056838506e-06,9.88152056838506e-06,9.88152056838506e-06,9.88152056838506e-06,9.88152056838506e-06,9.88152056838506e-06,9.88152056838506e-06,9.88152056838506e-06,9.88152056838506e-06,9.88152056838506e-06,9.88152056838506e-06,9.88152056838506e-06,9.88152056838506e-06,9.88152056838506e-06,9.88152056838506e-06,9.88152056838506e-06,9.88152056838506e-06,9.88152056838506e-06,9.88152056838506e-06,9.88152056838506e-06,9.88152056838506e-06,9.88152056838506e-06,9.88152056838506e-06,9.88152056838506e-06,9.88152056838506e-06,9.88152056838506e-06,9.88152056838506e-06,9.88152056838506e-06,9.88152056838506e-06,9.88152056838506e-06,9.88152056838506e-06,9.88152056838506e-06,9.88152056838506e-06,9.88152056838506e-06,9.88152056838506e-06
9.88152056838506e-06,9.88152056838506e-06,9.88152056838506e-06,9.88152056838506e-06,9.88152056838506e-06,9.88152056838506e-06,9.88152056838506e-06,9.88152056838506e-06,9.88152056838506e-06,9.88152056838506e-06,9.88152056838506e-06,9.88152056838506e-06,9.88152056838506e-06,9.88152056838506e-06,9.88152056838506e-06,9.88152056838506e-06,9.88152056838506e-06,9.88152056838506e-06,9.88152056838506e-06,9.88152056838506e-06,9.88152056838506e-06,9.88152056838506e-06,9.88152056838506e-06,9.88152056838506e-06,9.88152056838506e-06,9.88152056838506e-06,9.88152056838506e-06,9.88152056838506e-06,9.88152056838506e-06,9.88152056838506e-06,9.88152056838506e-06,9.88152056838506e-06,9.88152056838506e-06,9.88152056838506e-06,9.88152056838506e-06,9.88152056838506e-06,9.88152056838506e-06,9.88152056838506e-06,9.88152056838506e-06,9.88152056838506e-06,9.88152056838506e-06,9.88152056838506e-06,9.88152056838506e-06,9.88152056838506e-06,9.88152056838506e-06,9.88152056838506e-06,9.88152056838506e-06,9.88152056838506e-06,9.88152056838506e-06,9.88152056838506e-06,9.88152056838506e-06,9.88152056838506e-06,9.88152056838506e-06,9.88152056838506e-06,9.88152056838506e-06,9.88152056838506e-06,9.88152056838506e-06,9.88152056838506e-06,9.88152056838506e-06,9.88152056838506e-06,9.88152056838506e-06,9.88152056838506e-06,9.88152056838506e-06,9.88152056838506e-06,9.88152056838506e-06,9.88152056838506e-06,9.88152056838506e-06,9.88152056838506e-06,9.88152056838506e-06,9.88152056838506e-06,9.88152056838506e-06,9.88152056838506e-06,9.88152056838506e-06,9.88152056838506e-06,9.88152056838506e-06,9.88152056838506e-06,9.88152056838506e-06,9.88152056838506e-06,9.88152056838506e-06,9.88152056838506e-06,9.88152056838506e-06,9.88152056838506e-06,9.88152056838506e-06,9.88152056838506e-06,9.88152056838506e-06,9.88152056838506e-06,9.88152056838506e-06,9.88152056838506e-06,9.88152056838506e-06,9.88152056838506e-06,9.88152056838506e-06,9.88152056838506e-06,9.88152056838506e-06,9.88152056838506e-06,9.88152056838506e-06,9.88152056838506e-06,9.88152056838506e-06,9.88152056838506e-06,9.88152056838506e-06,9.88152056838506e-06
9.88152056838506e-06,9.88152056838506e-06,9.88152056838506e-06,9.88152056838506e-06,9.88152056838506e-06,9.88152056838506e-06,9.88152056838506e-06,9.88152056838506e-06,9.88152056838506e-06,9.88152056838506e-06,9.88152056838506e-06,9.88152056838506e-06,9.88152056838506e-06,9.88152056838506e-06,9.88152056838506e-06,9.88152056838506e-06,9.88152056838506e-06,9.88152056838506e-06,9.88152056838506e-06,9.88152056838506e-06,9.88152056838506e-06,9.88152056838506e-06,9.88152056838506e-06,9.88152056838506e-06,9.88152056838506e-06,9.88152056838506e-06,9.88152056838506e-06,9.88152056838506e-06,9.88152056838506e-06,9.88152056838506e-06,9.88152056838506e-06,9.88152056838506e-06,9.88152056838506e-06,9.88152056838506e-06,9.88152056838506e-06,9.88152056838506e-06,9.88152056838506e-06,9.88152056838506e-06,9.88152056838506e-06,9.88152056838506e-06,9.88152056838506e-06,9.88152056838506e-06,9.88152056838506e-06,9.88152056838506e-06,9.88152056838506e-06,9.88152056838506e-06,9.88152056838506e-06,9.88152056838506e-06,9.88152056838506e-06,9.88152056838506e-06,9.88152056838506e-06,9.88152056838506e-06,9.88152056838506e-06,9.88152056838506e-06,9.88152056838506e-06,9.88152056838506e-06,9.88152056838506e-06,9.88152056838506e-06,9.88152056838506e-06,9.88152056838506e-06,9.88152056838506e-06,9.88152056838506e-06,9.88152056838506e-06,9.88152056838506e-06,9.88152056838506e-06,9.88152056838506e-06,9.88152056838506e-06,9.88152056838506e-06,9.88152056838506e-06,9.88152056838506e-06,9.88152056838506e-06,9.88152056838506e-06,9.88152056838506e-06,9.88152056838506e-06,9.88152056838506e-06,9.88152056838506e-06,9.88152056838506e-06,9.88152056838506e-06,9.88152056838506e-06,9.88152056838506e-06,9.88152056838506e-06,9.88152056838506e-06,9.88152056838506e-06,9.88152056838506e-06,9.88152056838506e-06,9.88152056838506e-06,9.88152056838506e-06,9.88152056838506e-06,9.88152056838506e-06,9.88152056838506e-06,9.88152056838506e-06,9.88152056838506e-06,9.88152056838506e-06,9.88152056838506e-06,9.88152056838506e-06,9.88152056838506e-06,9.88152056838506e-06,9.88152056838506e-06,9.88152056838506e-06,9.88152056838506e-06
9.88152056838506e-06,9.88152056838506e-06,9.88152056838506e-06,9.88152056838506e-06,9.88152056838506e-06,9.88152056838506e-06,9.88152056838506e-06,9.88152056838506e-06,9.88152056838506e-06,9.88152056838506e-06,9.88152056838506e-06,9.88152056838506e-06,9.88152056838506e-06,9.88152056838506e-06,9.88152056838506e-06,9.88152056838506e-06,9.88152056838506e-06,9.88152056838506e-06,9.88152056838506e-06,9.88152056838506e-06,9.88152056838506e-06,9.88152056838506e-06,9.88152056838506e-06,9.88152056838506e-06,9.88152056838506e-06,9.88152056838506e-06,9.88152056838506e-06,9.88152056838506e-06,9.88152056838506e-06,9.88152056838506e-06,9.88152056838506e-06,9.88152056838506e-06,9.88152056838506e-06,9.88152056838506e-06,9.88152056838506e-06,9.88152056838506e-06,9.88152056838506e-06,9.88152056838506e-06,9.88152056838506e-06,9.88152056838506e-06,9.88152056838506e-06,9.88152056838506e-06,9.88152056838506e-06,9.88152056838506e-06,9.88152056838506e-06,9.88152056838506e-06,9.88152056838506e-06,9.88152056838506e-06,9.88152056838506e-06,9.88152056838506e-06,9.88152056838506e-06,9.88152056838506e-06,9.88152056838506e-06,9.88152056838506e-06,9.88152056838506e-06,9.88152056838506e-06,9.88152056838506e-06,9.88152056838506e-06,9.88152056838506e-06,9.88152056838506e-06,9.88152056838506e-06,9.88152056838506e-06,9.88152056838506e-06,9.88152056838506e-06,9.88152056838506e-06,9.88152056838506e-06,9.88152056838506e-06,9.88152056838506e-06,9.88152056838506e-06,9.88152056838506e-06,9.88152056838506e-06,9.88152056838506e-06,9.88152056838506e-06,9.88152056838506e-06,9.88152056838506e-06,9.88152056838506e-06,9.88152056838506e-06,9.88152056838506e-06,9.88152056838506e-06,9.88152056838506e-06,9.88152056838506e-06,9.88152056838506e-06,9.88152056838506e-06,9.88152056838506e-06,9.88152056838506e-06,9.88152056838506e-06,9.88152056838506e-06,9.88152056838506e-06,9.88152056838506e-06,9.88152056838506e-06,9.88152056838506e-06,9.88152056838506e-06,9.88152056838506e-06,9.88152056838506e-06,9.88152056838506e-06,9.88152056838506e-06,9.88152056838506e-06,9.88152056838506e-06,9.88152056838506e-06,9.88152056838506e-06
9.88152056838506e-06,9.88152056838506e-06,9.88152056838506e-06,9.88152056838506e-06,9.88152056838506e-06,9.88152056838506e-06,9.88152056838506e-06,9.88152056838506e-06,9.88152056838506e-06,9.88152056838506e-06,9.88152056838506e-06,9.88152056838506e-06,9.88152056838506e-06,9.88152056838506e-06,9.88152056838506e-06,9.88152056838506e-06,9.88152056838506e-06,9.88152056838506e-06,9.88152056838506e-06,9.88152056838506e-06,9.88152056838506e-06,9.88152056838506e-06,9.88152056838506e-06,9.88152056838506e-06,9.88152056838506e-06,9.88152056838506e-06,9.88152056838506e-06,9.88152056838506e-06,9.88152056838506e-06,9.88152056838506e-06,9.88152056838506e-06,9.88152056838506e-06,9.88152056838506e-06,9.88152056838506e-06,9.88152056838506e-06,9.88152056838506e-06,9.88152056838506e-06,9.88152056838506e-06,9.88152056838506e-06,9.88152056838506e-06,9.88152056838506e-06,9.88152056838506e-06,9.88152056838506e-06,9.88152056838506e-06,9.88152056838506e-06,9.88152056838506e-06,9.88152056838506e-06,9.88152056838506e-06,9.88152056838506e-06,9.88152056838506e-06,9.88152056838506e-06,9.88152056838506e-06,9.88152056838506e-06,9.88152056838506e-06,9.88152056838506e-06,9.88152056838506e-06,9.88152056838506e-06,9.88152056838506e-06,9.88152056838506e-06,9.88152056838506e-06,9.88152056838506e-06,9.88152056838506e-06,9.88152056838506e-06,9.88152056838506e-06,9.88152056838506e-06,9.88152056838506e-06,9.88152056838506e-06,9.88152056838506e-06,9.88152056838506e-06,9.88152056838506e-06,9.88152056838506e-06,9.88152056838506e-06,9.88152056838506e-06,9.88152056838506e-06,9.88152056838506e-06,9.88152056838506e-06,9.88152056838506e-06,9.88152056838506e-06,9.88152056838506e-06,9.88152056838506e-06,9.88152056838506e-06,9.88152056838506e-06,9.88152056838506e-06,9.88152056838506e-06,9.88152056838506e-06,9.88152056838506e-06,9.88152056838506e-06,9.88152056838506e-06,9.88152056838506e-06,9.88152056838506e-06,9.88152056838506e-06,9.88152056838506e-06,9.88152056838506e-06,9.88152056838506e-06,9.88152056838506e-06,9.88152056838506e-06,9.88152056838506e-06,9.88152056838506e-06,9.88152056838506e-06,9.88152056838506e-06
9.88152056838506e-06,9.88152056838506e-06,9.88152056838506e-06,9.88152056838506e-06,9.88152056838506e-06,9.88152056838506e-06,9.88152056838506e-06,9.88152056838506e-06,9.88152056838506e-06,9.88152056838506e-06,9.88152056838506e-06,9.88152056838506e-06,9.88152056838506e-06,9.88152056838506e-06,9.88152056838506e-06,9.88152056838506e-06,9.88152056838506e-06,9.88152056838506e-06,9.88152056838506e-06,9.88152056838506e-06,9.88152056838506e-06,9.88152056838506e-06,9.88152056838506e-06,9.88152056838506e-06,9.88152056838506e-06,9.88152056838506e-06,9.88152056838506e-06,9.88152056838506e-06,9.88152056838506e-06,9.88152056838506e-06,9.88152056838506e-06,9.88152056838506e-06,9.88152056838506e-06,9.88152056838506e-06,9.88152056838506e-06,9.88152056838506e-06,9.88152056838506e-06,9.88152056838506e-06,9.88152056838506e-06,9.88152056838506e-06,9.88152056838506e-06,9.88152056838506e-06,9.88152056838506e-06,9.88152056838506e-06,9.88152056838506e-06,9.88152056838506e-06,9.88152056838506e-06,9.88152056838506e-06,9.88152056838506e-06,9.88152056838506e-06,9.88152056838506e-06,9.88152056838506e-06,9.88152056838506e-06,9.88152056838506e-06,9.88152056838506e-06,9.88152056838506e-06,9.88152056838506e-06,9.88152056838506e-06,9.88152056838506e-06,9.88152056838506e-06,9.88152056838506e-06,9.88152056838506e-06,9.88152056838506e-06,9.88152056838506e-06,9.88152056838506e-06,9.88152056838506e-06,9.88152056838506e-06,9.88152056838506e-06,9.88152056838506e-06,9.88152056838506e-06,9.88152056838506e-06,9.88152056838506e-06,9.88152056838506e-06,9.88152056838506e-06,9.88152056838506e-06,9.88152056838506e-06,9.88152056838506e-06,9.88152056838506e-06,9.88152056838506e-06,9.88152056838506e-06,9.88152056838506e-06,9.88152056838506e-06,9.88152056838506e-06,9.88152056838506e-06,9.88152056838506e-06,9.88152056838506e-06,9.88152056838506e-06,9.88152056838506e-06,9.88152056838506e-06,9.88152056838506e-06,9.88152056838506e-06,9.88152056838506e-06,9.88152056838506e-06,9.88152056838506e-06,9.88152056838506e-06,9.88152056838506e-06,9.88152056838506e-06,9.88152056838506e-06,9.88152056838506e-06,9.88152056838506e-06
9.88152056838506e-06,9.88152056838506e-06,9.88152056838506e-06,9.88152056838506e-06,9.88152056838506e-06,9.88152056838506e-06,9.88152056838506e-06,9.88152056838506e-06,9.88152056838506e-06,9.88152056838506e-06,9.88152056838506e-06,9.88152056838506e-06,9.88152056838506e-06,9.88152056838506e-06,9.88152056838506e-06,9.88152056838506e-06,9.88152056838506e-06,9.88152056838506e-06,9.88152056838506e-06,9.88152056838506e-06,9.88152056838506e-06,9.88152056838506e-06,9.88152056838506e-06,9.88152056838506e-06,9.88152056838506e-06,9.88152056838506e-06,9.88152056838506e-06,9.88152056838506e-06,9.88152056838506e-06,9.88152056838506e-06,9.88152056838506e-06,9.88152056838506e-06,9.88152056838506e-06,9.88152056838506e-06,9.88152056838506e-06,9.88152056838506e-06,9.88152056838506e-06,9.88152056838506e-06,9.88152056838506e-06,9.88152056838506e-06,9.88152056838506e-06,9.88152056838506e-06,9.88152056838506e-06,9.88152056838506e-06,9.88152056838506e-06,9.88152056838506e-06,9.88152056838506e-06,9.88152056838506e-06,9.88152056838506e-06,9.88152056838506e-06,9.88152056838506e-06,9.88152056838506e-06,9.88152056838506e-06,9.88152056838506e-06,9.88152056838506e-06,9.88152056838506e-06,9.88152056838506e-06,9.88152056838506e-06,9.88152056838506e-06,9.88152056838506e-06,9.88152056838506e-06,9.88152056838506e-06,9.88152056838506e-06,9.88152056838506e-06,9.88152056838506e-06,9.88152056838506e-06,9.88152056838506e-06,9.88152056838506e-06,9.88152056838506e-06,9.88152056838506e-06,9.88152056838506e-06,9.88152056838506e-06,9.88152056838506e-06,9.88152056838506e-06,9.88152056838506e-06,9.88152056838506e-06,9.88152056838506e-06,9.88152056838506e-06,9.88152056838506e-06,9.88152056838506e-06,9.88152056838506e-06,9.88152056838506e-06,9.88152056838506e-06,9.88152056838506e-06,9.88152056838506e-06,9.88152056838506e-06,9.88152056838506e-06,9.88152056838506e-06,9.88152056838506e-06,9.88152056838506e-06,9.88152056838506e-06,9.88152056838506e-06,9.88152056838506e-06,9.88152056838506e-06,9.88152056838506e-06,9.88152056838506e-06,9.88152056838506e-06,9.88152056838506e-06,9.88152056838506e-06,9.88152056838506e-06
9.88152056838506e-06,9.88152056838506e-06,9.88152056838506e-06,9.88152056838506e-06,9.88152056838506e-06,9.88152056838506e-06,9.88152056838506e-06,9.88152056838506e-06,9.88152056838506e-06,9.88152056838506e-06,9.88152056838506e-06,9.88152056838506e-06,9.88152056838506e-06,9.88152056838506e-06,9.88152056838506e-06,9.88152056838506e-06,9.88152056838506e-06,9.88152056838506e-06,9.88152056838506e-06,9.88152056838506e-06,9.88152056838506e-06,9.88152056838506e-06,9.88152056838506e-06,9.88152056838506e-06,9.88152056838506e-06,9.88152056838506e-06,9.88152056838506e-06,9.88152056838506e-06,9.88152056838506e-06,9.88152056838506e-06,9.88152056838506e-06,9.88152056838506e-06,9.88152056838506e-06,9.88152056838506e-06,9.88152056838506e-06,9.88152056838506e-06,9.88152056838506e-06,9.88152056838506e-06,9.88152056838506e-06,9.88152056838506e-06,9.88152056838506e-06,9.88152056838506e-06,9.88152056838506e-06,9.88152056838506e-06,9.88152056838506e-06,9.88152056838506e-06,9.88152056838506e-06,9.88152056838506e-06,9.88152056838506e-06,9.88152056838506e-06,9.88152056838506e-06,9.88152056838506e-06,9.88152056838506e-06,9.88152056838506e-06,9.88152056838506e-06,9.88152056838506e-06,9.88152056838506e-06,9.88152056838506e-06,9.88152056838506e-06,9.88152056838506e-06,9.88152056838506e-06,9.88152056838506e-06,9.88152056838506e-06,9.88152056838506e-06,9.88152056838506e-06,9.88152056838506e-06,9.88152056838506e-06,9.88152056838506e-06,9.88152056838506e-06,9.88152056838506e-06,9.88152056838506e-06,9.88152056838506e-06,9.88152056838506e-06,9.88152056838506e-06,9.88152056838506e-06,9.88152056838506e-06,9.88152056838506e-06,9.88152056838506e-06,9.88152056838506e-06,9.88152056838506e-06,9.88152056838506e-06,9.88152056838506e-06,9.88152056838506e-06,9.88152056838506e-06,9.88152056838506e-06,9.88152056838506e-06,9.88152056838506e-06,9.88152056838506e-06,9.88152056838506e-06,9.88152056838506e-06,9.88152056838506e-06,9.88152056838506e-06,9.88152056838506e-06,9.88152056838506e-06,9.88152056838506e-06,9.88152056838506e-06,9.88152056838506e-06,9.88152056838506e-06,9.88152056838506e-06,9.88152056838506e-06
9.88152056838506e-06,9.88152056838506e-06,9.88152056838506e-06,9.88152056838506e-06,9.88152056838506e-06,9.88152056838506e-06,9.88152056838506e-06,9.88152056838506e-06,9.88152056838506e-06,9.88152056838506e-06,9.88152056838506e-06,9.88152056838506e-06,9.88152056838506e-06,9.88152056838506e-06,9.88152056838506e-06,9.88152056838506e-06,9.88152056838506e-06,9.88152056838506e-06,9.88152056838506e-06,9.88152056838506e-06,9.88152056838506e-06,9.88152056838506e-06,9.88152056838506e-06,9.88152056838506e-06,9.88152056838506e-06,9.88152056838506e-06,9.88152056838506e-06,9.88152056838506e-06,9.88152056838506e-06,9.88152056838506e-06,9.88152056838506e-06,9.88152056838506e-06,9.88152056838506e-06,9.88152056838506e-06,9.88152056838506e-06,9.88152056838506e-06,9.88152056838506e-06,9.88152056838506e-06,9.88152056838506e-06,9.88152056838506e-06,9.88152056838506e-06,9.88152056838506e-06,9.88152056838506e-06,9.88152056838506e-06,9.88152056838506e-06,9.88152056838506e-06,9.88152056838506e-06,9.88152056838506e-06,9.88152056838506e-06,9.88152056838506e-06,9.88152056838506e-06,9.88152056838506e-06,9.88152056838506e-06,9.88152056838506e-06,9.88152056838506e-06,9.88152056838506e-06,9.88152056838506e-06,9.88152056838506e-06,9.88152056838506e-06,9.88152056838506e-06,9.88152056838506e-06,9.88152056838506e-06,9.88152056838506e-06,9.88152056838506e-06,9.88152056838506e-06,9.88152056838506e-06,9.88152056838506e-06,9.88152056838506e-06,9.88152056838506e-06,9.88152056838506e-06,9.88152056838506e-06,9.88152056838506e-06,9.88152056838506e-06,9.88152056838506e-06,9.88152056838506e-06,9.88152056838506e-06,9.88152056838506e-06,9.88152056838506e-06,9.88152056838506e-06,9.88152056838506e-06,9.88152056838506e-06,9.88152056838506e-06,9.88152056838506e-06,9.88152056838506e-06,9.88152056838506e-06,9.88152056838506e-06,9.88152056838506e-06,9.88152056838506e-06,9.88152056838506e-06,9.88152056838506e-06,9.88152056838506e-06,9.88152056838506e-06,9.88152056838506e-06,9.88152056838506e-06,9.88152056838506e-06,9.88152056838506e-06,9.88152056838506e-06,9.88152056838506e-06,9.88152056838506e-06,9.88152056838506e-06
9.88152056838506e-06,9.88152056838506e-06,9.88152056838506e-06,9.88152056838506e-06,9.88152056838506e-06,9.88152056838506e-06,9.88152056838506e-06,9.88152056838506e-06,9.88152056838506e-06,9.88152056838506e-06,9.88152056838506e-06,9.88152056838506e-06,9.88152056838506e-06,9.88152056838506e-06,9.88152056838506e-06,9.88152056838506e-06,9.88152056838506e-06,9.88152056838506e-06,9.88152056838506e-06,9.88152056838506e-06,9.88152056838506e-06,9.88152056838506e-06,9.88152056838506e-06,9.88152056838506e-06,9.88152056838506e-06,9.88152056838506e-06,9.88152056838506e-06,9.88152056838506e-06,9.88152056838506e-06,9.88152056838506e-06,9.88152056838506e-06,9.88152056838506e-06,9.88152056838506e-06,9.88152056838506e-06,9.88152056838506e-06,9.88152056838506e-06,9.88152056838506e-06,9.88152056838506e-06,9.88152056838506e-06,9.88152056838506e-06,9.88152056838506e-06,9.88152056838506e-06,9.88152056838506e-06,9.88152056838506e-06,9.88152056838506e-06,9.88152056838506e-06,9.88152056838506e-06,9.88152056838506e-06,9.88152056838506e-06,9.88152056838506e-06,9.88152056838506e-06,9.88152056838506e-06,9.88152056838506e-06,9.88152056838506e-06,9.88152056838506e-06,9.88152056838506e-06,9.88152056838506e-06,9.88152056838506e-06,9.88152056838506e-06,9.88152056838506e-06,9.88152056838506e-06,9.88152056838506e-06,9.88152056838506e-06,9.88152056838506e-06,9.88152056838506e-06,9.88152056838506e-06,9.88152056838506e-06,9.88152056838506e-06,9.88152056838506e-06,9.88152056838506e-06,9.88152056838506e-06,9.88152056838506e-06,9.88152056838506e-06,9.88152056838506e-06,9.88152056838506e-06,9.88152056838506e-06,9.88152056838506e-06,9.88152056838506e-06,9.88152056838506e-06,9.88152056838506e-06,9.88152056838506e-06,9.88152056838506e-06,9.88152056838506e-06,9.88152056838506e-06,9.88152056838506e-06,9.88152056838506e-06,9.88152056838506e-06,9.88152056838506e-06,9.88152056838506e-06,9.88152056838506e-06,9.88152056838506e-06,9.88152056838506e-06,9.88152056838506e-06,9.88152056838506e-06,9.88152056838506e-06,9.88152056838506e-06,9.88152056838506e-06,9.88152056838506e-06,9.88152056838506e-06,9.88152056838506e-06
9.88152056838506e-06,9.88152056838506e-06,9.88152056838506e-06,9.88152056838506e-06,9.88152056838506e-06,9.88152056838506e-06,9.88152056838506e-06,9.88152056838506e-06,9.88152056838506e-06,9.88152056838506e-06,9.88152056838506e-06,9.88152056838506e-06,9.88152056838506e-06,9.88152056838506e-06,9.88152056838506e-06,9.88152056838506e-06,9.88152056838506e-06,9.88152056838506e-06,9.88152056838506e-06,9.88152056838506e-06,9.88152056838506e-06,9.88152056838506e-06,9.88152056838506e-06,9.88152056838506e-06,9.88152056838506e-06,9.88152056838506e-06,9.88152056838506e-06,9.88152056838506e-06,9.88152056838506e-06,9.88152056838506e-06,9.88152056838506e-06,9.88152056838506e-06,9.88152056838506e-06,9.88152056838506e-06,9.88152056838506e-06,9.88152056838506e-06,9.88152056838506e-06,9.88152056838506e-06,9.88152056838506e-06,9.88152056838506e-06,9.88152056838506e-06,9.88152056838506e-06,9.88152056838506e-06,9.88152056838506e-06,9.88152056838506e-06,9.88152056838506e-06,9.88152056838506e-06,9.88152056838506e-06,9.88152056838506e-06,9.88152056838506e-06,9.88152056838506e-06,9.88152056838506e-06,9.88152056838506e-06,9.88152056838506e-06,9.88152056838506e-06,9.88152056838506e-06,9.88152056838506e-06,9.88152056838506e-06,9.88152056838506e-06,9.88152056838506e-06,9.88152056838506e-06,9.88152056838506e-06,9.88152056838506e-06,9.88152056838506e-06,9.88152056838506e-06,9.88152056838506e-06,9.88152056838506e-06,9.88152056838506e-06,9.88152056838506e-06,9.88152056838506e-06,9.88152056838506e-06,9.88152056838506e-06,9.88152056838506e-06,9.88152056838506e-06,9.88152056838506e-06,9.88152056838506e-06,9.88152056838506e-06,9.88152056838506e-06,9.88152056838506e-06,9.88152056838506e-06,9.88152056838506e-06,9.88152056838506e-06,9.88152056838506e-06,9.88152056838506e-06,9.88152056838506e-06,9.88152056838506e-06,9.88152056838506e-06,9.88152056838506e-06,9.88152056838506e-06,9.88152056838506e-06,9.88152056838506e-06,9.88152056838506e-06,9.88152056838506e-06,9.88152056838506e-06,9.88152056838506e-06,9.88152056838506e-06,9.88152056838506e-06,9.88152056838506e-06,9.88152056838506e-06,9.88152056838506e-06
9.88152056838506e-06,9.88152056838506e-06,9.88152056838506e-06,9.88152056838506e-06,9.88152056838506e-06,9.88152056838506e-06,9.88152056838506e-06,9.88152056838506e-06,9.88152056838506e-06,9.88152056838506e-06,9.88152056838506e-06,9.88152056838506e-06,9.88152056838506e-06,9.88152056838506e-06,9.88152056838506e-06,9.88152056838506e-06,9.88152056838506e-06,9.88152056838506e-06,9.88152056838506e-06,9.88152056838506e-06,9.88152056838506e-06,9.88152056838506e-06,9.88152056838506e-06,9.88152056838506e-06,9.88152056838506e-06,9.88152056838506e-06,9.88152056838506e-06,9.88152056838506e-06,9.88152056838506e-06,9.88152056838506e-06,9.88152056838506e-06,9.88152056838506e-06,9.88152056838506e-06,9.88152056838506e-06,9.88152056838506e-06,9.88152056838506e-06,9.88152056838506e-06,9.88152056838506e-06,9.88152056838506e-06,9.88152056838506e-06,9.88152056838506e-06,9.88152056838506e-06,9.88152056838506e-06,9.88152056838506e-06,9.88152056838506e-06,9.88152056838506e-06,9.88152056838506e-06,9.88152056838506e-06,9.88152056838506e-06,9.88152056838506e-06,9.88152056838506e-06,9.88152056838506e-06,9.88152056838506e-06,9.88152056838506e-06,9.88152056838506e-06,9.88152056838506e-06,9.88152056838506e-06,9.88152056838506e-06,9.88152056838506e-06,9.88152056838506e-06,9.88152056838506e-06,9.88152056838506e-06,9.88152056838506e-06,9.88152056838506e-06,9.88152056838506e-06,9.88152056838506e-06,9.88152056838506e-06,9.88152056838506e-06,9.88152056838506e-06,9.88152056838506e-06,9.88152056838506e-06,9.88152056838506e-06,9.88152056838506e-06,9.88152056838506e-06,9.88152056838506e-06,9.88152056838506e-06,9.88152056838506e-06,9.88152056838506e-06,9.88152056838506e-06,9.88152056838506e-06,9.88152056838506e-06,9.88152056838506e-06,9.88152056838506e-06,9.88152056838506e-06,9.88152056838506e-06,9.88152056838506e-06,9.88152056838506e-06,9.88152056838506e-06,9.88152056838506e-06,9.88152056838506e-06,9.88152056838506e-06,9.88152056838506e-06,9.88152056838506e-06,9.88152056838506e-06,9.88152056838506e-06,9.88152056838506e-06,9.88152056838506e-06,9.88152056838506e-06,9.88152056838506e-06,9.88152056838506e-06
9.88152056838506e-06,9.88152056838506e-06,9.88152056838506e-06,9.88152056838506e-06,9.88152056838506e-06,9.88152056838506e-06,9.88152056838506e-06,9.88152056838506e-06,9.88152056838506e-06,9.88152056838506e-06,9.88152056838506e-06,9.88152056838506e-06,9.88152056838506e-06,9.88152056838506e-06,9.88152056838506e-06,9.88152056838506e-06,9.88152056838506e-06,9.88152056838506e-06,9.88152056838506e-06,9.88152056838506e-06,9.88152056838506e-06,9.88152056838506e-06,9.88152056838506e-06,9.88152056838506e-06,9.88152056838506e-06,9.88152056838506e-06,9.88152056838506e-06,9.88152056838506e-06,9.88152056838506e-06,9.88152056838506e-06,9.88152056838506e-06,9.88152056838506e-06,9.88152056838506e-06,9.88152056838506e-06,9.88152056838506e-06,9.88152056838506e-06,9.88152056838506e-06,9.88152056838506e-06,9.88152056838506e-06,9.88152056838506e-06,9.88152056838506e-06,9.88152056838506e-06,9.88152056838506e-06,9.88152056838506e-06,9.88152056838506e-06,9.88152056838506e-06,9.88152056838506e-06,9.88152056838506e-06,9.88152056838506e-06,9.88152056838506e-06,9.88152056838506e-06,9.88152056838506e-06,9.88152056838506e-06,9.88152056838506e-06,9.88152056838506e-06,9.88152056838506e-06,9.88152056838506e-06,9.88152056838506e-06,9.88152056838506e-06,9.88152056838506e-06,9.88152056838506e-06,9.88152056838506e-06,9.88152056838506e-06,9.88152056838506e-06,9.88152056838506e-06,9.88152056838506e-06,9.88152056838506e-06,9.88152056838506e-06,9.88152056838506e-06,9.88152056838506e-06,9.88152056838506e-06,9.88152056838506e-06,9.88152056838506e-06,9.88152056838506e-06,9.88152056838506e-06,9.88152056838506e-06,9.88152056838506e-06,9.88152056838506e-06,9.88152056838506e-06,9.88152056838506e-06,9.88152056838506e-06,9.88152056838506e-06,9.88152056838506e-06,9.88152056838506e-06,9.88152056838506e-06,9.88152056838506e-06,9.88152056838506e-06,9.88152056838506e-06,9.88152056838506e-06,9.88152056838506e-06,9.88152056838506e-06,9.88152056838506e-06,9.88152056838506e-06,9.88152056838506e-06,9.88152056838506e-06,9.88152056838506e-06,9.88152056838506e-06,9.88152056838506e-06,9.88152056838506e-06,9.88152056838506e-06
9.88152056838506e-06,9.88152056838506e-06,9.88152056838506e-06,9.88152056838506e-06,9.88152056838506e-06,9.88152056838506e-06,9.88152056838506e-06,9.88152056838506e-06,9.88152056838506e-06,9.88152056838506e-06,9.88152056838506e-06,9.88152056838506e-06,9.88152056838506e-06,9.88152056838506e-06,9.88152056838506e-06,9.88152056838506e-06,9.88152056838506e-06,9.88152056838506e-06,9.88152056838506e-06,9.88152056838506e-06,9.88152056838506e-06,9.88152056838506e-06,9.88152056838506e-06,9.88152056838506e-06,9.88152056838506e-06,9.88152056838506e-06,9.88152056838506e-06,9.88152056838506e-06,9.88152056838506e-06,9.88152056838506e-06,9.88152056838506e-06,9.88152056838506e-06,9.88152056838506e-06,9.88152056838506e-06,9.88152056838506e-06,9.88152056838506e-06,9.88152056838506e-06,9.88152056838506e-06,9.88152056838506e-06,9.88152056838506e-06,9.88152056838506e-06,9.88152056838506e-06,9.88152056838506e-06,9.88152056838506e-06,9.88152056838506e-06,9.88152056838506e-06,9.88152056838506e-06,9.88152056838506e-06,9.88152056838506e-06,9.88152056838506e-06,9.88152056838506e-06,9.88152056838506e-06,9.88152056838506e-06,9.88152056838506e-06,9.88152056838506e-06,9.88152056838506e-06,9.88152056838506e-06,9.88152056838506e-06,9.88152056838506e-06,9.88152056838506e-06,9.88152056838506e-06,9.88152056838506e-06,9.88152056838506e-06,9.88152056838506e-06,9.88152056838506e-06,9.88152056838506e-06,9.88152056838506e-06,9.88152056838506e-06,9.88152056838506e-06,9.88152056838506e-06,9.88152056838506e-06,9.88152056838506e-06,9.88152056838506e-06,9.88152056838506e-06,9.88152056838506e-06,9.88152056838506e-06,9.88152056838506e-06,9.88152056838506e-06,9.88152056838506e-06,9.88152056838506e-06,9.88152056838506e-06,9.88152056838506e-06,9.88152056838506e-06,9.88152056838506e-06,9.88152056838506e-06,9.88152056838506e-06,9.88152056838506e-06,9.88152056838506e-06,9.88152056838506e-06,9.88152056838506e-06,9.88152056838506e-06,9.88152056838506e-06,9.88152056838506e-06,9.88152056838506e-06,9.88152056838506e-06,9.88152056838506e-06,9.88152056838506e-06,9.88152056838506e-06,9.88152056838506e-06,9.88152056838506e-06
9.88152056838506e-06,9.88152056838506e-06,9.88152056838506e-06,9.88152056838506e-06,9.88152056838506e-06,9.88152056838506e-06,9.88152056838506e-06,9.88152056838506e-06,9.88152056838506e-06,9.88152056838506e-06,9.88152056838506e-06,9.88152056838506e-06,9.88152056838506e-06,9.88152056838506e-06,9.88152056838506e-06,9.88152056838506e-06,9.88152056838506e-06,9.88152056838506e-06,9.88152056838506e-06,9.88152056838506e-06,9.88152056838506e-06,9.88152056838506e-06,9.88152056838506e-06,9.88152056838506e-06,9.88152056838506e-06,9.88152056838506e-06,9.88152056838506e-06,9.88152056838506e-06,9.88152056838506e-06,9.88152056838506e-06,9.88152056838506e-06,9.88152056838506e-06,9.88152056838506e-06,9.88152056838506e-06,9.88152056838506e-06,9.88152056838506e-06,9.88152056838506e-06,9.88152056838506e-06,9.88152056838506e-06,9.88152056838506e-06,9.88152056838506e-06,9.88152056838506e-06,9.88152056838506e-06,9.88152056838506e-06,9.88152056838506e-06,9.88152056838506e-06,9.88152056838506e-06,9.88152056838506e-06,9.88152056838506e-06,9.88152056838506e-06,9.88152056838506e-06,9.88152056838506e-06,9.88152056838506e-06,9.88152056838506e-06,9.88152056838506e-06,9.88152056838506e-06,9.88152056838506e-06,9.88152056838506e-06,9.88152056838506e-06,9.88152056838506e-06,9.88152056838506e-06,9.88152056838506e-06,9.88152056838506e-06,9.88152056838506e-06,9.88152056838506e-06,9.88152056838506e-06,9.88152056838506e-06,9.88152056838506e-06,9.88152056838506e-06,9.88152056838506e-06,9.88152056838506e-06,9.88152056838506e-06,9.88152056838506e-06,9.88152056838506e-06,9.88152056838506e-06,9.88152056838506e-06,9.88152056838506e-06,9.88152056838506e-06,9.88152056838506e-06,9.88152056838506e-06,9.88152056838506e-06,9.88152056838506e-06,9.88152056838506e-06,9.88152056838506e-06,9.88152056838506e-06,9.88152056838506e-06,9.88152056838506e-06,9.88152056838506e-06,9.88152056838506e-06,9.88152056838506e-06,9.88152056838506e-06,9.88152056838506e-06,9.88152056838506e-06,9.88152056838506e-06,9.88152056838506e-06,9.88152056838506e-06,9.88152056838506e-06,9.88152056838506e-06,9.88152056838506e-06,9.88152056838506e-06
9.88152056838506e-06,9.88152056838506e-06,9.88152056838506e-06,9.88152056838506e-06,9.88152056838506e-06,9.88152056838506e-06,9.88152056838506e-06,9.88152056838506e-06,9.88152056838506e-06,9.88152056838506e-06,9.88152056838506e-06,9.88152056838506e-06,9.88152056838506e-06,9.88152056838506e-06,9.88152056838506e-06,9.88152056838506e-06,9.88152056838506e-06,9.88152056838506e-06,9.88152056838506e-06,9.88152056838506e-06,9.88152056838506e-06,9.88152056838506e-06,9.88152056838506e-06,9.88152056838506e-06,9.88152056838506e-06,9.88152056838506e-06,9.88152056838506e-06,9.88152056838506e-06,9.88152056838506e-06,9.88152056838506e-06,9.88152056838506e-06,9.88152056838506e-06,9.88152056838506e-06,9.88152056838506e-06,9.88152056838506e-06,9.88152056838506e-06,9.88152056838506e-06,9.88152056838506e-06,9.88152056838506e-06,9.88152056838506e-06,9.88152056838506e-06,9.88152056838506e-06,9.88152056838506e-06,9.88152056838506e-06,9.88152056838506e-06,9.88152056838506e-06,9.88152056838506e-06,9.88152056838506e-06,9.88152056838506e-06,9.88152056838506e-06,9.88152056838506e-06,9.88152056838506e-06,9.88152056838506e-06,9.88152056838506e-06,9.88152056838506e-06,9.88152056838506e-06,9.88152056838506e-06,9.88152056838506e-06,9.88152056838506e-06,9.88152056838506e-06,9.88152056838506e-06,9.88152056838506e-06,9.88152056838506e-06,9.88152056838506e-06,9.88152056838506e-06,9.88152056838506e-06,9.88152056838506e-06,9.88152056838506e-06,9.88152056838506e-06,9.88152056838506e-06,9.88152056838506e-06,9.88152056838506e-06,9.88152056838506e-06,9.88152056838506e-06,9.88152056838506e-06,9.88152056838506e-06,9.88152056838506e-06,9.88152056838506e-06,9.88152056838506e-06,9.88152056838506e-06,9.88152056838506e-06,9.88152056838506e-06,9.88152056838506e-06,9.88152056838506e-06,9.88152056838506e-06,9.88152056838506e-06,9.88152056838506e-06,9.88152056838506e-06,9.88152056838506e-06,9.88152056838506e-06,9.88152056838506e-06,9.88152056838506e-06,9.88152056838506e-06,9.88152056838506e-06,9.88152056838506e-06,9.88152056838506e-06,9.88152056838506e-06,9.88152056838506e-06,9.88152056838506e-06,9.88152056838506e-06
9.88152056838506e-06,9.88152056838506e-06,9.88152056838506e-06,9.88152056838506e-06,9.88152056838506e-06,9.88152056838506e-06,9.88152056838506e-06,9.88152056838506e-06,9.88152056838506e-06,9.88152056838506e-06,9.88152056838506e-06,9.88152056838506e-06,9.88152056838506e-06,9.88152056838506e-06,9.88152056838506e-06,9.88152056838506e-06,9.88152056838506e-06,9.88152056838506e-06,9.88152056838506e-06,9.88152056838506e-06,9.88152056838506e-06,9.88152056838506e-06,9.88152056838506e-06,9.88152056838506e-06,9.88152056838506e-06,9.88152056838506e-06,9.88152056838506e-06,9.88152056838506e-06,9.88152056838506e-06,9.88152056838506e-06,9.88152056838506e-06,9.88152056838506e-06,9.88152056838506e-06,9.88152056838506e-06,9.88152056838506e-06,9.88152056838506e-06,9.88152056838506e-06,9.88152056838506e-06,9.88152056838506e-06,9.88152056838506e-06,9.88152056838506e-06,9.88152056838506e-06,9.88152056838506e-06,9.88152056838506e-06,9.88152056838506e-06,9.88152056838506e-06,9.88152056838506e-06,9.88152056838506e-06,9.88152056838506e-06,9.88152056838506e-06,9.88152056838506e-06,9.88152056838506e-06,9.88152056838506e-06,9.88152056838506e-06,9.88152056838506e-06,9.88152056838506e-06,9.88152056838506e-06,9.88152056838506e-06,9.88152056838506e-06,9.88152056838506e-06,9.88152056838506e-06,9.88152056838506e-06,9.88152056838506e-06,9.88152056838506e-06,9.88152056838506e-06,9.88152056838506e-06,9.88152056838506e-06,9.88152056838506e-06,9.88152056838506e-06,9.88152056838506e-06,9.88152056838506e-06,9.88152056838506e-06,9.88152056838506e-06,9.88152056838506e-06,9.88152056838506e-06,9.88152056838506e-06,9.88152056838506e-06,9.88152056838506e-06,9.88152056838506e-06,9.88152056838506e-06,9.88152056838506e-06,9.88152056838506e-06,9.88152056838506e-06,9.88152056838506e-06,9.88152056838506e-06,9.88152056838506e-06,9.88152056838506e-06,9.88152056838506e-06,9.88152056838506e-06,9.88152056838506e-06,9.88152056838506e-06,9.88152056838506e-06,9.88152056838506e-06,9.88152056838506e-06,9.88152056838506e-06,9.88152056838506e-06,9.88152056838506e-06,9.88152056838506e-06,9.88152056838506e-06,9.88152056838506e-06
9.88152056838506e-06,9.88152056838506e-06,9.88152056838506e-06,9.88152056838506e-06,9.88152056838506e-06,9.88152056838506e-06,9.88152056838506e-06,9.88152056838506e-06,9.88152056838506e-06,9.88152056838506e-06,9.88152056838506e-06,9.88152056838506e-06,9.88152056838506e-06,9.88152056838506e-06,9.88152056838506e-06,9.88152056838506e-06,9.88152056838506e-06,9.88152056838506e-06,9.88152056838506e-06,9.88152056838506e-06,9.88152056838506e-06,9.88152056838506e-06,9.88152056838506e-06,9.88152056838506e-06,9.88152056838506e-06,9.88152056838506e-06,9.88152056838506e-06,9.88152056838506e-06,9.88152056838506e-06,9.88152056838506e-06,9.88152056838506e-06,9.88152056838506e-06,9.88152056838506e-06,9.88152056838506e-06,9.88152056838506e-06,9.88152056838506e-06,9.88152056838506e-06,9.88152056838506e-06,9.88152056838506e-06,9.88152056838506e-06,9.88152056838506e-06,9.88152056838506e-06,9.88152056838506e-06,9.88152056838506e-06,9.88152056838506e-06,9.88152056838506e-06,9.88152056838506e-06,9.88152056838506e-06,9.88152056838506e-06,9.88152056838506e-06,9.88152056838506e-06,9.88152056838506e-06,9.88152056838506e-06,9.88152056838506e-06,9.88152056838506e-06,9.88152056838506e-06,9.88152056838506e-06,9.88152056838506e-06,9.88152056838506e-06,9.88152056838506e-06,9.88152056838506e-06,9.88152056838506e-06,9.88152056838506e-06,9.88152056838506e-06,9.88152056838506e-06,9.88152056838506e-06,9.88152056838506e-06,9.88152056838506e-06,9.88152056838506e-06,9.88152056838506e-06,9.88152056838506e-06,9.88152056838506e-06,9.88152056838506e-06,9.88152056838506e-06,9.88152056838506e-06,9.88152056838506e-06,9.88152056838506e-06,9.88152056838506e-06,9.88152056838506e-06,9.88152056838506e-06,9.88152056838506e-06,9.88152056838506e-06,9.88152056838506e-06,9.88152056838506e-06,9.88152056838506e-06,9.88152056838506e-06,9.88152056838506e-06,9.88152056838506e-06,9.88152056838506e-06,9.88152056838506e-06,9.88152056838506e-06,9.88152056838506e-06,9.88152056838506e-06,9.88152056838506e-06,9.88152056838506e-06,9.88152056838506e-06,9.88152056838506e-06,9.88152056838506e-06,9.88152056838506e-06,9.88152056838506e-06
9.88152056838506e-06,9.88152056838506e-06,9.88152056838506e-06,9.88152056838506e-06,9.88152056838506e-06,9.88152056838506e-06,9.88152056838506e-06,9.88152056838506e-06,9.88152056838506e-06,9.88152056838506e-06,9.88152056838506e-06,9.88152056838506e-06,9.88152056838506e-06,9.88152056838506e-06,9.88152056838506e-06,9.88152056838506e-06,9.88152056838506e-06,9.88152056838506e-06,9.88152056838506e-06,9.88152056838506e-06,9.88152056838506e-06,9.88152056838506e-06,9.88152056838506e-06,9.88152056838506e-06,9.88152056838506e-06,9.88152056838506e-06,9.88152056838506e-06,9.88152056838506e-06,9.88152056838506e-06,9.88152056838506e-06,9.88152056838506e-06,9.88152056838506e-06,9.88152056838506e-06,9.88152056838506e-06,9.88152056838506e-06,9.88152056838506e-06,9.88152056838506e-06,9.88152056838506e-06,9.88152056838506e-06,9.88152056838506e-06,9.88152056838506e-06,9.88152056838506e-06,9.88152056838506e-06,9.88152056838506e-06,9.88152056838506e-06,9.88152056838506e-06,9.88152056838506e-06,9.88152056838506e-06,9.88152056838506e-06,9.88152056838506e-06,9.88152056838506e-06,9.88152056838506e-06,9.88152056838506e-06,9.88152056838506e-06,9.88152056838506e-06,9.88152056838506e-06,9.88152056838506e-06,9.88152056838506e-06,9.88152056838506e-06,9.88152056838506e-06,9.88152056838506e-06,9.88152056838506e-06,9.88152056838506e-06,9.88152056838506e-06,9.88152056838506e-06,9.88152056838506e-06,9.88152056838506e-06,9.88152056838506e-06,9.88152056838506e-06,9.88152056838506e-06,9.88152056838506e-06,9.88152056838506e-06,9.88152056838506e-06,9.88152056838506e-06,9.88152056838506e-06,9.88152056838506e-06,9.88152056838506e-06,9.88152056838506e-06,9.88152056838506e-06,9.88152056838506e-06,9.88152056838506e-06,9.88152056838506e-06,9.88152056838506e-06,9.88152056838506e-06,9.88152056838506e-06,9.88152056838506e-06,9.88152056838506e-06,9.88152056838506e-06,9.88152056838506e-06,9.88152056838506e-06,9.88152056838506e-06,9.88152056838506e-06,9.88152056838506e-06,9.88152056838506e-06,9.88152056838506e-06,9.88152056838506e-06,9.88152056838506e-06,9.88152056838506e-06,9.88152056838506e-06,9.88152056838506e-06
9.88152056838506e-06,9.88152056838506e-06,9.88152056838506e-06,9.88152056838506e-06,9.88152056838506e-06,9.88152056838506e-06,9.88152056838506e-06,9.88152056838506e-06,9.88152056838506e-06,9.88152056838506e-06,9.88152056838506e-06,9.88152056838506e-06,9.88152056838506e-06,9.88152056838506e-06,9.88152056838506e-06,9.88152056838506e-06,9.88152056838506e-06,9.88152056838506e-06,9.88152056838506e-06,9.88152056838506e-06,9.88152056838506e-06,9.88152056838506e-06,9.88152056838506e-06,9.88152056838506e-06,9.88152056838506e-06,9.88152056838506e-06,9.88152056838506e-06,9.88152056838506e-06,9.88152056838506e-06,9.88152056838506e-06,9.88152056838506e-06,9.88152056838506e-06,9.88152056838506e-06,9.88152056838506e-06,9.88152056838506e-06,9.88152056838506e-06,9.88152056838506e-06,9.88152056838506e-06,9.88152056838506e-06,9.88152056838506e-06,9.88152056838506e-06,9.88152056838506e-06,9.88152056838506e-06,9.88152056838506e-06,9.88152056838506e-06,9.88152056838506e-06,9.88152056838506e-06,9.88152056838506e-06,9.88152056838506e-06,9.88152056838506e-06,9.88152056838506e-06,9.88152056838506e-06,9.88152056838506e-06,9.88152056838506e-06,9.88152056838506e-06,9.88152056838506e-06,9.88152056838506e-06,9.88152056838506e-06,9.88152056838506e-06,9.88152056838506e-06,9.88152056838506e-06,9.88152056838506e-06,9.88152056838506e-06,9.88152056838506e-06,9.88152056838506e-06,9.88152056838506e-06,9.88152056838506e-06,9.88152056838506e-06,9.88152056838506e-06,9.88152056838506e-06,9.88152056838506e-06,9.88152056838506e-06,9.88152056838506e-06,9.88152056838506e-06,9.88152056838506e-06,9.88152056838506e-06,9.88152056838506e-06,9.88152056838506e-06,9.88152056838506e-06,9.88152056838506e-06,9.88152056838506e-06,9.88152056838506e-06,9.88152056838506e-06,9.88152056838506e-06,9.88152056838506e-06,9.88152056838506e-06,9.88152056838506e-06,9.88152056838506e-06,9.88152056838506e-06,9.88152056838506e-06,9.88152056838506e-06,9.88152056838506e-06,9.88152056838506e-06,9.88152056838506e-06,9.88152056838506e-06,9.88152056838506e-06,9.88152056838506e-06,9.88152056838506e-06,9.88152056838506e-06,9.88152056838506e-06
9.88152056838506e-06,9.88152056838506e-06,9.88152056838506e-06,9.88152056838506e-06,9.88152056838506e-06,9.88152056838506e-06,9.88152056838506e-06,9.88152056838506e-06,9.88152056838506e-06,9.88152056838506e-06,9.88152056838506e-06,9.88152056838506e-06,9.88152056838506e-06,9.88152056838506e-06,9.88152056838506e-06,9.88152056838506e-06,9.88152056838506e-06,9.88152056838506e-06,9.88152056838506e-06,9.88152056838506e-06,9.88152056838506e-06,9.88152056838506e-06,9.88152056838506e-06,9.88152056838506e-06,9.88152056838506e-06,9.88152056838506e-06,9.88152056838506e-06,9.88152056838506e-06,9.88152056838506e-06,9.88152056838506e-06,9.88152056838506e-06,9.88152056838506e-06,9.88152056838506e-06,9.88152056838506e-06,9.88152056838506e-06,9.88152056838506e-06,9.88152056838506e-06,9.88152056838506e-06,9.88152056838506e-06,9.88152056838506e-06,9.88152056838506e-06,9.88152056838506e-06,9.88152056838506e-06,9.88152056838506e-06,9.88152056838506e-06,9.88152056838506e-06,9.88152056838506e-06,9.88152056838506e-06,9.88152056838506e-06,9.88152056838506e-06,9.88152056838506e-06,9.88152056838506e-06,9.88152056838506e-06,9.88152056838506e-06,9.88152056838506e-06,9.88152056838506e-06,9.88152056838506e-06,9.88152056838506e-06,9.88152056838506e-06,9.88152056838506e-06,9.88152056838506e-06,9.88152056838506e-06,9.88152056838506e-06,9.88152056838506e-06,9.88152056838506e-06,9.88152056838506e-06,9.88152056838506e-06,9.88152056838506e-06,9.88152056838506e-06,9.88152056838506e-06,9.88152056838506e-06,9.88152056838506e-06,9.88152056838506e-06,9.88152056838506e-06,9.88152056838506e-06,9.88152056838506e-06,9.88152056838506e-06,9.88152056838506e-06,9.88152056838506e-06,9.88152056838506e-06,9.88152056838506e-06,9.88152056838506e-06,9.88152056838506e-06,9.88152056838506e-06,9.88152056838506e-06,9.88152056838506e-06,9.88152056838506e-06,9.88152056838506e-06,9.88152056838506e-06,9.88152056838506e-06,9.88152056838506e-06,9.88152056838506e-06,9.88152056838506e-06,9.88152056838506e-06,9.88152056838506e-06,9.88152056838506e-06,9.88152056838506e-06,9.88152056838506e-06,9.88152056838506e-06,9.88152056838506e-06
9.88152056838506e-06,9.88152056838506e-06,9.88152056838506e-06,9.88152056838506e-06,9.88152056838506e-06,9.88152056838506e-06,9.88152056838506e-06,9.88152056838506e-06,9.88152056838506e-06,9.88152056838506e-06,9.88152056838506e-06,9.88152056838506e-06,9.88152056838506e-06,9.88152056838506e-06,9.88152056838506e-06,9.88152056838506e-06,9.88152056838506e-06,9.88152056838506e-06,9.88152056838506e-06,9.88152056838506e-06,9.88152056838506e-06,9.88152056838506e-06,9.88152056838506e-06,9.88152056838506e-06,9.88152056838506e-06,9.88152056838506e-06,9.88152056838506e-06,9.88152056838506e-06,9.88152056838506e-06,9.88152056838506e-06,9.88152056838506e-06,9.88152056838506e-06,9.88152056838506e-06,9.88152056838506e-06,9.88152056838506e-06,9.88152056838506e-06,9.88152056838506e-06,9.88152056838506e-06,9.88152056838506e-06,9.88152056838506e-06,9.88152056838506e-06,9.88152056838506e-06,9.88152056838506e-06,9.88152056838506e-06,9.88152056838506e-06,9.88152056838506e-06,9.88152056838506e-06,9.88152056838506e-06,9.88152056838506e-06,9.88152056838506e-06,9.88152056838506e-06,9.88152056838506e-06,9.88152056838506e-06,9.88152056838506e-06,9.88152056838506e-06,9.88152056838506e-06,9.88152056838506e-06,9.88152056838506e-06,9.88152056838506e-06,9.88152056838506e-06,9.88152056838506e-06,9.88152056838506e-06,9.88152056838506e-06,9.88152056838506e-06,9.88152056838506e-06,9.88152056838506e-06,9.88152056838506e-06,9.88152056838506e-06,9.88152056838506e-06,9.88152056838506e-06,9.88152056838506e-06,9.88152056838506e-06,9.88152056838506e-06,9.88152056838506e-06,9.88152056838506e-06,9.88152056838506e-06,9.88152056838506e-06,9.88152056838506e-06,9.88152056838506e-06,9.88152056838506e-06,9.88152056838506e-06,9.88152056838506e-06,9.88152056838506e-06,9.88152056838506e-06,9.88152056838506e-06,9.88152056838506e-06,9.88152056838506e-06,9.88152056838506e-06,9.88152056838506e-06,9.88152056838506e-06,9.88152056838506e-06,9.88152056838506e-06,9.88152056838506e-06,9.88152056838506e-06,9.88152056838506e-06,9.88152056838506e-06,9.88152056838506e-06,9.88152056838506e-06,9.88152056838506e-06,9.88152056838506e-06
9.88152056838506e-06,9.88152056838506e-06,9.88152056838506e-06,9.88152056838506e-06,9.88152056838506e-06,9.88152056838506e-06,9.88152056838506e-06,9.88152056838506e-06,9.88152056838506e-06,9.88152056838506e-06,9.88152056838506e-06,9.88152056838506e-06,9.88152056838506e-06,9.88152056838506e-06,9.88152056838506e-06,9.88152056838506e-06,9.88152056838506e-06,9.88152056838506e-06,9.88152056838506e-06,9.88152056838506e-06,9.88152056838506e-06,9.88152056838506e-06,9.88152056838506e-06,9.88152056838506e-06,9.88152056838506e-06,9.88152056838506e-06,9.88152056838506e-06,9.88152056838506e-06,9.88152056838506e-06,9.88152056838506e-06,9.88152056838506e-06,9.88152056838506e-06,9.88152056838506e-06,9.88152056838506e-06,9.88152056838506e-06,9.88152056838506e-06,9.88152056838506e-06,9.88152056838506e-06,9.88152056838506e-06,9.88152056838506e-06,9.88152056838506e-06,9.88152056838506e-06,9.88152056838506e-06,9.88152056838506e-06,9.88152056838506e-06,9.88152056838506e-06,9.88152056838506e-06,9.88152056838506e-06,9.88152056838506e-06,9.88152056838506e-06,9.88152056838506e-06,9.88152056838506e-06,9.88152056838506e-06,9.88152056838506e-06,9.88152056838506e-06,9.88152056838506e-06,9.88152056838506e-06,9.88152056838506e-06,9.88152056838506e-06,9.88152056838506e-06,9.88152056838506e-06,9.88152056838506e-06,9.88152056838506e-06,9.88152056838506e-06,9.88152056838506e-06,9.88152056838506e-06,9.88152056838506e-06,9.88152056838506e-06,9.88152056838506e-06,9.88152056838506e-06,9.88152056838506e-06,9.88152056838506e-06,9.88152056838506e-06,9.88152056838506e-06,9.88152056838506e-06,9.88152056838506e-06,9.88152056838506e-06,9.88152056838506e-06,9.88152056838506e-06,9.88152056838506e-06,9.88152056838506e-06,9.88152056838506e-06,9.88152056838506e-06,9.88152056838506e-06,9.88152056838506e-06,9.88152056838506e-06,9.88152056838506e-06,9.88152056838506e-06,9.88152056838506e-06,9.88152056838506e-06,9.88152056838506e-06,9.88152056838506e-06,9.88152056838506e-06,9.88152056838506e-06,9.88152056838506e-06,9.88152056838506e-06,9.88152056838506e-06,9.88152056838506e-06,9.88152056838506e-06,9.88152056838506e-06
9.88152056838506e-06,9.88152056838506e-06,9.88152056838506e-06,9.88152056838506e-06,9.88152056838506e-06,9.88152056838506e-06,9.88152056838506e-06,9.88152056838506e-06,9.88152056838506e-06,9.88152056838506e-06,9.88152056838506e-06,9.88152056838506e-06,9.88152056838506e-06,9.88152056838506e-06,9.88152056838506e-06,9.88152056838506e-06,9.88152056838506e-06,9.88152056838506e-06,9.88152056838506e-06,9.88152056838506e-06,9.88152056838506e-06,9.88152056838506e-06,9.88152056838506e-06,9.88152056838506e-06,9.88152056838506e-06,9.88152056838506e-06,9.88152056838506e-06,9.88152056838506e-06,9.88152056838506e-06,9.88152056838506e-06,9.88152056838506e-06,9.88152056838506e-06,9.88152056838506e-06,9.88152056838506e-06,9.88152056838506e-06,9.88152056838506e-06,9.88152056838506e-06,9.88152056838506e-06,9.88152056838506e-06,9.88152056838506e-06,9.88152056838506e-06,9.88152056838506e-06,9.88152056838506e-06,9.88152056838506e-06,9.88152056838506e-06,9.88152056838506e-06,9.88152056838506e-06,9.88152056838506e-06,9.88152056838506e-06,9.88152056838506e-06,9.88152056838506e-06,9.88152056838506e-06,9.88152056838506e-06,9.88152056838506e-06,9.88152056838506e-06,9.88152056838506e-06,9.88152056838506e-06,9.88152056838506e-06,9.88152056838506e-06,9.88152056838506e-06,9.88152056838506e-06,9.88152056838506e-06,9.88152056838506e-06,9.88152056838506e-06,9.88152056838506e-06,9.88152056838506e-06,9.88152056838506e-06,9.88152056838506e-06,9.88152056838506e-06,9.88152056838506e-06,9.88152056838506e-06,9.88152056838506e-06,9.88152056838506e-06,9.88152056838506e-06,9.88152056838506e-06,9.88152056838506e-06,9.88152056838506e-06,9.88152056838506e-06,9.88152056838506e-06,9.88152056838506e-06,9.88152056838506e-06,9.88152056838506e-06,9.88152056838506e-06,9.88152056838506e-06,9.88152056838506e-06,9.88152056838506e-06,9.88152056838506e-06,9.88152056838506e-06,9.88152056838506e-06,9.88152056838506e-06,9.88152056838506e-06,9.88152056838506e-06,9.88152056838506e-06,9.88152056838506e-06,9.88152056838506e-06,9.88152056838506e-06,9.88152056838506e-06,9.88152056838506e-06,9.88152056838506e-06,9.88152056838506e-06
9.88152056838506e-06,9.88152056838506e-06,9.88152056838506e-06,9.88152056838506e-06,9.88152056838506e-06,9.88152056838506e-06,9.88152056838506e-06,9.88152056838506e-06,9.88152056838506e-06,9.88152056838506e-06,9.88152056838506e-06,9.88152056838506e-06,9.88152056838506e-06,9.88152056838506e-06,9.88152056838506e-06,9.88152056838506e-06,9.88152056838506e-06,9.88152056838506e-06,9.88152056838506e-06,9.88152056838506e-06,9.88152056838506e-06,9.88152056838506e-06,9.88152056838506e-06,9.88152056838506e-06,9.88152056838506e-06,9.88152056838506e-06,9.88152056838506e-06,9.88152056838506e-06,9.88152056838506e-06,9.88152056838506e-06,9.88152056838506e-06,9.88152056838506e-06,9.88152056838506e-06,9.88152056838506e-06,9.88152056838506e-06,9.88152056838506e-06,9.88152056838506e-06,9.88152056838506e-06,9.88152056838506e-06,9.88152056838506e-06,9.88152056838506e-06,9.88152056838506e-06,9.88152056838506e-06,9.88152056838506e-06,9.88152056838506e-06,9.88152056838506e-06,9.88152056838506e-06,9.88152056838506e-06,9.88152056838506e-06,9.88152056838506e-06,9.88152056838506e-06,9.88152056838506e-06,9.88152056838506e-06,9.88152056838506e-06,9.88152056838506e-06,9.88152056838506e-06,9.88152056838506e-06,9.88152056838506e-06,9.88152056838506e-06,9.88152056838506e-06,9.88152056838506e-06,9.88152056838506e-06,9.88152056838506e-06,9.88152056838506e-06,9.88152056838506e-06,9.88152056838506e-06,9.88152056838506e-06,9.88152056838506e-06,9.88152056838506e-06,9.88152056838506e-06,9.88152056838506e-06,9.88152056838506e-06,9.88152056838506e-06,9.88152056838506e-06,9.88152056838506e-06,9.88152056838506e-06,9.88152056838506e-06,9.88152056838506e-06,9.88152056838506e-06,9.88152056838506e-06,9.88152056838506e-06,9.88152056838506e-06,9.88152056838506e-06,9.88152056838506e-06,9.88152056838506e-06,9.88152056838506e-06,9.88152056838506e-06,9.88152056838506e-06,9.88152056838506e-06,9.88152056838506e-06,9.88152056838506e-06,9.88152056838506e-06,9.88152056838506e-06,9.88152056838506e-06,9.88152056838506e-06,9.88152056838506e-06,9.88152056838506e-06,9.88152056838506e-06,9.88152056838506e-06,9.88152056838506e-06
9.88152056838506e-06,9.88152056838506e-06,9.88152056838506e-06,9.88152056838506e-06,9.88152056838506e-06,9.88152056838506e-06,9.88152056838506e-06,9.88152056838506e-06,9.88152056838506e-06,9.88152056838506e-06,9.88152056838506e-06,9.88152056838506e-06,9.88152056838506e-06,9.88152056838506e-06,9.88152056838506e-06,9.88152056838506e-06,9.88152056838506e-06,9.88152056838506e-06,9.88152056838506e-06,9.88152056838506e-06,9.88152056838506e-06,9.88152056838506e-06,9.88152056838506e-06,9.88152056838506e-06,9.88152056838506e-06,9.88152056838506e-06,9.88152056838506e-06,9.88152056838506e-06,9.88152056838506e-06,9.88152056838506e-06,9.88152056838506e-06,9.88152056838506e-06,9.88152056838506e-06,9.88152056838506e-06,9.88152056838506e-06,9.88152056838506e-06,9.88152056838506e-06,9.88152056838506e-06,9.88152056838506e-06,9.88152056838506e-06,9.88152056838506e-06,9.88152056838506e-06,9.88152056838506e-06,9.88152056838506e-06,9.88152056838506e-06,9.88152056838506e-06,9.88152056838506e-06,9.88152056838506e-06,9.88152056838506e-06,9.88152056838506e-06,9.88152056838506e-06,9.88152056838506e-06,9.88152056838506e-06,9.88152056838506e-06,9.88152056838506e-06,9.88152056838506e-06,9.88152056838506e-06,9.88152056838506e-06,9.88152056838506e-06,9.88152056838506e-06,9.88152056838506e-06,9.88152056838506e-06,9.88152056838506e-06,9.88152056838506e-06,9.88152056838506e-06,9.88152056838506e-06,9.88152056838506e-06,9.88152056838506e-06,9.88152056838506e-06,9.88152056838506e-06,9.88152056838506e-06,9.88152056838506e-06,9.88152056838506e-06,9.88152056838506e-06,9.88152056838506e-06,9.88152056838506e-06,9.88152056838506e-06,9.88152056838506e-06,9.88152056838506e-06,9.88152056838506e-06,9.88152056838506e-06,9.88152056838506e-06,9.88152056838506e-06,9.88152056838506e-06,9.88152056838506e-06,9.88152056838506e-06,9.88152056838506e-06,9.88152056838506e-06,9.88152056838506e-06,9.88152056838506e-06,9.88152056838506e-06,9.88152056838506e-06,9.88152056838506e-06,9.88152056838506e-06,9.88152056838506e-06,9.88152056838506e-06,9.88152056838506e-06,9.88152056838506e-06,9.88152056838506e-06,9.88152056838506e-06
9.88152056838506e-06,9.88152056838506e-06,9.88152056838506e-06,9.88152056838506e-06,9.88152056838506e-06,9.88152056838506e-06,9.88152056838506e-06,9.88152056838506e-06,9.88152056838506e-06,9.88152056838506e-06,9.88152056838506e-06,9.88152056838506e-06,9.88152056838506e-06,9.88152056838506e-06,9.88152056838506e-06,9.88152056838506e-06,9.88152056838506e-06,9.88152056838506e-06,9.88152056838506e-06,9.88152056838506e-06,9.88152056838506e-06,9.88152056838506e-06,9.88152056838506e-06,9.88152056838506e-06,9.88152056838506e-06,9.88152056838506e-06,9.88152056838506e-06,9.88152056838506e-06,9.88152056838506e-06,9.88152056838506e-06,9.88152056838506e-06,9.88152056838506e-06,9.88152056838506e-06,9.88152056838506e-06,9.88152056838506e-06,9.88152056838506e-06,9.88152056838506e-06,9.88152056838506e-06,9.88152056838506e-06,9.88152056838506e-06,9.88152056838506e-06,9.88152056838506e-06,9.88152056838506e-06,9.88152056838506e-06,9.88152056838506e-06,9.88152056838506e-06,9.88152056838506e-06,9.88152056838506e-06,9.88152056838506e-06,9.88152056838506e-06,9.88152056838506e-06,9.88152056838506e-06,9.88152056838506e-06,9.88152056838506e-06,9.88152056838506e-06,9.88152056838506e-06,9.88152056838506e-06,9.88152056838506e-06,9.88152056838506e-06,9.88152056838506e-06,9.88152056838506e-06,9.88152056838506e-06,9.88152056838506e-06,9.88152056838506e-06,9.88152056838506e-06,9.88152056838506e-06,9.88152056838506e-06,9.88152056838506e-06,9.88152056838506e-06,9.88152056838506e-06,9.88152056838506e-06,9.88152056838506e-06,9.88152056838506e-06,9.88152056838506e-06,9.88152056838506e-06,9.88152056838506e-06,9.88152056838506e-06,9.88152056838506e-06,9.88152056838506e-06,9.88152056838506e-06,9.88152056838506e-06,9.88152056838506e-06,9.88152056838506e-06,9.88152056838506e-06,9.88152056838506e-06,9.88152056838506e-06,9.88152056838506e-06,9.88152056838506e-06,9.88152056838506e-06,9.88152056838506e-06,9.88152056838506e-06,9.88152056838506e-06,9.88152056838506e-06,9.88152056838506e-06,9.88152056838506e-06,9.88152056838506e-06,9.88152056838506e-06,9.88152056838506e-06,9.88152056838506e-06,9.88152056838506e-06
9.88152056838506e-06,9.88152056838506e-06,9.88152056838506e-06,9.88152056838506e-06,9.88152056838506e-06,9.88152056838506e-06,9.88152056838506e-06,9.88152056838506e-06,9.88152056838506e-06,9.88152056838506e-06,9.88152056838506e-06,9.88152056838506e-06,9.88152056838506e-06,9.88152056838506e-06,9.88152056838506e-06,9.88152056838506e-06,9.88152056838506e-06,9.88152056838506e-06,9.88152056838506e-06,9.88152056838506e-06,9.88152056838506e-06,9.88152056838506e-06,9.88152056838506e-06,9.88152056838506e-06,9.88152056838506e-06,9.88152056838506e-06,9.88152056838506e-06,9.88152056838506e-06,9.88152056838506e-06,9.88152056838506e-06,9.88152056838506e-06,9.88152056838506e-06,9.88152056838506e-06,9.88152056838506e-06,9.88152056838506e-06,9.88152056838506e-06,9.88152056838506e-06,9.88152056838506e-06,9.88152056838506e-06,9.88152056838506e-06,9.88152056838506e-06,9.88152056838506e-06,9.88152056838506e-06,9.88152056838506e-06,9.88152056838506e-06,9.88152056838506e-06,9.88152056838506e-06,9.88152056838506e-06,9.88152056838506e-06,9.88152056838506e-06,9.88152056838506e-06,9.88152056838506e-06,9.88152056838506e-06,9.88152056838506e-06,9.88152056838506e-06,9.88152056838506e-06,9.88152056838506e-06,9.88152056838506e-06,9.88152056838506e-06,9.88152056838506e-06,9.88152056838506e-06,9.88152056838506e-06,9.88152056838506e-06,9.88152056838506e-06,9.88152056838506e-06,9.88152056838506e-06,9.88152056838506e-06,9.88152056838506e-06,9.88152056838506e-06,9.88152056838506e-06,9.88152056838506e-06,9.88152056838506e-06,9.88152056838506e-06,9.88152056838506e-06,9.88152056838506e-06,9.88152056838506e-06,9.88152056838506e-06,9.88152056838506e-06,9.88152056838506e-06,9.88152056838506e-06,9.88152056838506e-06,9.88152056838506e-06,9.88152056838506e-06,9.88152056838506e-06,9.88152056838506e-06,9.88152056838506e-06,9.88152056838506e-06,9.88152056838506e-06,9.88152056838506e-06,9.88152056838506e-06,9.88152056838506e-06,9.88152056838506e-06,9.88152056838506e-06,9.88152056838506e-06,9.88152056838506e-06,9.88152056838506e-06,9.88152056838506e-06,9.88152056838506e-06,9.88152056838506e-06,9.88152056838506e-06
9.88152056838506e-06,9.88152056838506e-06,9.88152056838506e-06,9.88152056838506e-06,9.88152056838506e-06,9.88152056838506e-06,9.88152056838506e-06,9.88152056838506e-06,9.88152056838506e-06,9.88152056838506e-06,9.88152056838506e-06,9.88152056838506e-06,9.88152056838506e-06,9.88152056838506e-06,9.88152056838506e-06,9.88152056838506e-06,9.88152056838506e-06,9.88152056838506e-06,9.88152056838506e-06,9.88152056838506e-06,9.88152056838506e-06,9.88152056838506e-06,9.88152056838506e-06,9.88152056838506e-06,9.88152056838506e-06,9.88152056838506e-06,9.88152056838506e-06,9.88152056838506e-06,9.88152056838506e-06,9.88152056838506e-06,9.88152056838506e-06,9.88152056838506e-06,9.88152056838506e-06,9.88152056838506e-06,9.88152056838506e-06,9.88152056838506e-06,9.88152056838506e-06,9.88152056838506e-06,9.88152056838506e-06,9.88152056838506e-06,9.88152056838506e-06,9.88152056838506e-06,9.88152056838506e-06,9.88152056838506e-06,9.88152056838506e-06,9.88152056838506e-06,9.88152056838506e-06,9.88152056838506e-06,9.88152056838506e-06,9.88152056838506e-06,9.88152056838506e-06,9.88152056838506e-06,9.88152056838506e-06,9.88152056838506e-06,9.88152056838506e-06,9.88152056838506e-06,9.88152056838506e-06,9.88152056838506e-06,9.88152056838506e-06,9.88152056838506e-06,9.88152056838506e-06,9.88152056838506e-06,9.88152056838506e-06,9.88152056838506e-06,9.88152056838506e-06,9.88152056838506e-06,9.88152056838506e-06,9.88152056838506e-06,9.88152056838506e-06,9.88152056838506e-06,9.88152056838506e-06,9.88152056838506e-06,9.88152056838506e-06,9.88152056838506e-06,9.88152056838506e-06,9.88152056838506e-06,9.88152056838506e-06,9.88152056838506e-06,9.88152056838506e-06,9.88152056838506e-06,9.88152056838506e-06,9.88152056838506e-06,9.88152056838506e-06,9.88152056838506e-06,9.88152056838506e-06,9.88152056838506e-06,9.88152056838506e-06,9.88152056838506e-06,9.88152056838506e-06,9.88152056838506e-06,9.88152056838506e-06,9.88152056838506e-06,9.88152056838506e-06,9.88152056838506e-06,9.88152056838506e-06,9.88152056838506e-06,9.88152056838506e-06,9.88152056838506e-06,9.88152056838506e-06,9.88152056838506e-06
9.88152056838506e-06,9.88152056838506e-06,9.88152056838506e-06,9.88152056838506e-06,9.88152056838506e-06,9.88152056838506e-06,9.88152056838506e-06,9.88152056838506e-06,9.88152056838506e-06,9.88152056838506e-06,9.88152056838506e-06,9.88152056838506e-06,9.88152056838506e-06,9.88152056838506e-06,9.88152056838506e-06,9.88152056838506e-06,9.88152056838506e-06,9.88152056838506e-06,9.88152056838506e-06,9.88152056838506e-06,9.88152056838506e-06,9.88152056838506e-06,9.88152056838506e-06,9.88152056838506e-06,9.88152056838506e-06,9.88152056838506e-06,9.88152056838506e-06,9.88152056838506e-06,9.88152056838506e-06,9.88152056838506e-06,9.88152056838506e-06,9.88152056838506e-06,9.88152056838506e-06,9.88152056838506e-06,9.88152056838506e-06,9.88152056838506e-06,9.88152056838506e-06,9.88152056838506e-06,9.88152056838506e-06,9.88152056838506e-06,9.88152056838506e-06,9.88152056838506e-06,9.88152056838506e-06,9.88152056838506e-06,9.88152056838506e-06,9.88152056838506e-06,9.88152056838506e-06,9.88152056838506e-06,9.88152056838506e-06,9.88152056838506e-06,9.88152056838506e-06,9.88152056838506e-06,9.88152056838506e-06,9.88152056838506e-06,9.88152056838506e-06,9.88152056838506e-06,9.88152056838506e-06,9.88152056838506e-06,9.88152056838506e-06,9.88152056838506e-06,9.88152056838506e-06,9.88152056838506e-06,9.88152056838506e-06,9.88152056838506e-06,9.88152056838506e-06,9.88152056838506e-06,9.88152056838506e-06,9.88152056838506e-06,9.88152056838506e-06,9.88152056838506e-06,9.88152056838506e-06,9.88152056838506e-06,9.88152056838506e-06,9.88152056838506e-06,9.88152056838506e-06,9.88152056838506e-06,9.88152056838506e-06,9.88152056838506e-06,9.88152056838506e-06,9.88152056838506e-06,9.88152056838506e-06,9.88152056838506e-06,9.88152056838506e-06,9.88152056838506e-06,9.88152056838506e-06,9.88152056838506e-06,9.88152056838506e-06,9.88152056838506e-06,9.88152056838506e-06,9.88152056838506e-06,9.88152056838506e-06,9.88152056838506e-06,9.88152056838506e-06,9.88152056838506e-06,9.88152056838506e-06,9.88152056838506e-06,9.88152056838506e-06,9.88152056838506e-06,9.88152056838506e-06,9.88152056838506e-06
9.88152056838506e-06,9.88152056838506e-06,9.88152056838506e-06,9.88152056838506e-06,9.88152056838506e-06,9.88152056838506e-06,9.88152056838506e-06,9.88152056838506e-06,9.88152056838506e-06,9.88152056838506e-06,9.88152056838506e-06,9.88152056838506e-06,9.88152056838506e-06,9.88152056838506e-06,9.88152056838506e-06,9.88152056838506e-06,9.88152056838506e-06,9.88152056838506e-06,9.88152056838506e-06,9.88152056838506e-06,9.88152056838506e-06,9.88152056838506e-06,9.88152056838506e-06,9.88152056838506e-06,9.88152056838506e-06,9.88152056838506e-06,9.88152056838506e-06,9.88152056838506e-06,9.88152056838506e-06,9.88152056838506e-06,9.88152056838506e-06,9.88152056838506e-06,9.88152056838506e-06,9.88152056838506e-06,9.88152056838506e-06,9.88152056838506e-06,9.88152056838506e-06,9.88152056838506e-06,9.88152056838506e-06,9.88152056838506e-06,9.88152056838506e-06,9.88152056838506e-06,9.88152056838506e-06,9.88152056838506e-06,9.88152056838506e-06,9.88152056838506e-06,9.88152056838506e-06,9.88152056838506e-06,9.88152056838506e-06,9.88152056838506e-06,9.88152056838506e-06,9.88152056838506e-06,9.88152056838506e-06,9.88152056838506e-06,9.88152056838506e-06,9.88152056838506e-06,9.88152056838506e-06,9.88152056838506e-06,9.88152056838506e-06,9.88152056838506e-06,9.88152056838506e-06,9.88152056838506e-06,9.88152056838506e-06,9.88152056838506e-06,9.88152056838506e-06,9.88152056838506e-06,9.88152056838506e-06,9.88152056838506e-06,9.88152056838506e-06,9.88152056838506e-06,9.88152056838506e-06,9.88152056838506e-06,9.88152056838506e-06,9.88152056838506e-06,9.88152056838506e-06,9.88152056838506e-06,9.88152056838506e-06,9.88152056838506e-06,9.88152056838506e-06,9.88152056838506e-06,9.88152056838506e-06,9.88152056838506e-06,9.88152056838506e-06,9.88152056838506e-06,9.88152056838506e-06,9.88152056838506e-06,9.88152056838506e-06,9.88152056838506e-06,9.88152056838506e-06,9.88152056838506e-06,9.88152056838506e-06,9.88152056838506e-06,9.88152056838506e-06,9.88152056838506e-06,9.88152056838506e-06,9.88152056838506e-06,9.88152056838506e-06,9.88152056838506e-06,9.88152056838506e-06,9.88152056838506e-06
9.88152056838506e-06,9.88152056838506e-06,9.88152056838506e-06,9.88152056838506e-06,9.88152056838506e-06,9.88152056838506e-06,9.88152056838506e-06,9.88152056838506e-06,9.88152056838506e-06,9.88152056838506e-06,9.88152056838506e-06,9.88152056838506e-06,9.88152056838506e-06,9.88152056838506e-06,9.88152056838506e-06,9.88152056838506e-06,9.88152056838506e-06,9.88152056838506e-06,9.88152056838506e-06,9.88152056838506e-06,9.88152056838506e-06,9.88152056838506e-06,9.88152056838506e-06,9.88152056838506e-06,9.88152056838506e-06,9.88152056838506e-06,9.88152056838506e-06,9.88152056838506e-06,9.88152056838506e-06,9.88152056838506e-06,9.88152056838506e-06,9.88152056838506e-06,9.88152056838506e-06,9.88152056838506e-06,9.88152056838506e-06,9.88152056838506e-06,9.88152056838506e-06,9.88152056838506e-06,9.88152056838506e-06,9.88152056838506e-06,9.88152056838506e-06,9.88152056838506e-06,9.88152056838506e-06,9.88152056838506e-06,9.88152056838506e-06,9.88152056838506e-06,9.88152056838506e-06,9.88152056838506e-06,9.88152056838506e-06,9.88152056838506e-06,9.88152056838506e-06,9.88152056838506e-06,9.88152056838506e-06,9.88152056838506e-06,9.88152056838506e-06,9.88152056838506e-06,9.88152056838506e-06,9.88152056838506e-06,9.88152056838506e-06,9.88152056838506e-06,9.88152056838506e-06,9.88152056838506e-06,9.88152056838506e-06,9.88152056838506e-06,9.88152056838506e-06,9.88152056838506e-06,9.88152056838506e-06,9.88152056838506e-06,9.88152056838506e-06,9.88152056838506e-06,9.88152056838506e-06,9.88152056838506e-06,9.88152056838506e-06,9.88152056838506e-06,9.88152056838506e-06,9.88152056838506e-06,9.88152056838506e-06,9.88152056838506e-06,9.88152056838506e-06,9.88152056838506e-06,9.88152056838506e-06,9.88152056838506e-06,9.88152056838506e-06,9.88152056838506e-06,9.88152056838506e-06,9.88152056838506e-06,9.88152056838506e-06,9.88152056838506e-06,9.88152056838506e-06,9.88152056838506e-06,9.88152056838506e-06,9.88152056838506e-06,9.88152056838506e-06,9.88152056838506e-06,9.88152056838506e-06,9.88152056838506e-06,9.88152056838506e-06,9.88152056838506e-06,9.88152056838506e-06,9.88152056838506e-06
9.88152056838506e-06,9.88152056838506e-06,9.88152056838506e-06,9.88152056838506e-06,9.88152056838506e-06,9.88152056838506e-06,9.88152056838506e-06,9.88152056838506e-06,9.88152056838506e-06,9.88152056838506e-06,9.88152056838506e-06,9.88152056838506e-06,9.88152056838506e-06,9.88152056838506e-06,9.88152056838506e-06,9.88152056838506e-06,9.88152056838506e-06,9.88152056838506e-06,9.88152056838506e-06,9.88152056838506e-06,9.88152056838506e-06,9.88152056838506e-06,9.88152056838506e-06,9.88152056838506e-06,9.88152056838506e-06,9.88152056838506e-06,9.88152056838506e-06,9.88152056838506e-06,9.88152056838506e-06,9.88152056838506e-06,9.88152056838506e-06,9.88152056838506e-06,9.88152056838506e-06,9.88152056838506e-06,9.88152056838506e-06,9.88152056838506e-06,9.88152056838506e-06,9.88152056838506e-06,9.88152056838506e-06,9.88152056838506e-06,9.88152056838506e-06,9.88152056838506e-06,9.88152056838506e-06,9.88152056838506e-06,9.88152056838506e-06,9.88152056838506e-06,9.88152056838506e-06,9.88152056838506e-06,9.88152056838506e-06,9.88152056838506e-06,9.88152056838506e-06,9.88152056838506e-06,9.88152056838506e-06,9.88152056838506e-06,9.88152056838506e-06,9.88152056838506e-06,9.88152056838506e-06,9.88152056838506e-06,9.88152056838506e-06,9.88152056838506e-06,9.88152056838506e-06,9.88152056838506e-06,9.88152056838506e-06,9.88152056838506e-06,9.88152056838506e-06,9.88152056838506e-06,9.88152056838506e-06,9.88152056838506e-06,9.88152056838506e-06,9.88152056838506e-06,9.88152056838506e-06,9.88152056838506e-06,9.88152056838506e-06,9.88152056838506e-06,9.88152056838506e-06,9.88152056838506e-06,9.88152056838506e-06,9.88152056838506e-06,9.88152056838506e-06,9.88152056838506e-06,9.88152056838506e-06,9.88152056838506e-06,9.88152056838506e-06,9.88152056838506e-06,9.88152056838506e-06,9.88152056838506e-06,9.88152056838506e-06,9.88152056838506e-06,9.88152056838506e-06,9.88152056838506e-06,9.88152056838506e-06,9.88152056838506e-06,9.88152056838506e-06,9.88152056838506e-06,9.88152056838506e-06,9.88152056838506e-06,9.88152056838506e-06,9.88152056838506e-06,9.88152056838506e-06,9.88152056838506e-06
9.88152056838506e-06,9.88152056838506e-06,9.88152056838506e-06,9.88152056838506e-06,9.88152056838506e-06,9.88152056838506e-06,9.88152056838506e-06,9.88152056838506e-06,9.88152056838506e-06,9.88152056838506e-06,9.88152056838506e-06,9.88152056838506e-06,9.88152056838506e-06,9.88152056838506e-06,9.88152056838506e-06,9.88152056838506e-06,9.88152056838506e-06,9.88152056838506e-06,9.88152056838506e-06,9.88152056838506e-06,9.88152056838506e-06,9.88152056838506e-06,9.88152056838506e-06,9.88152056838506e-06,9.88152056838506e-06,9.88152056838506e-06,9.88152056838506e-06,9.88152056838506e-06,9.88152056838506e-06,9.88152056838506e-06,9.88152056838506e-06,9.88152056838506e-06,9.88152056838506e-06,9.88152056838506e-06,9.88152056838506e-06,9.88152056838506e-06,9.88152056838506e-06,9.88152056838506e-06,9.88152056838506e-06,9.88152056838506e-06,9.88152056838506e-06,9.88152056838506e-06,9.88152056838506e-06,9.88152056838506e-06,9.88152056838506e-06,9.88152056838506e-06,9.88152056838506e-06,9.88152056838506e-06,9.88152056838506e-06,9.88152056838506e-06,9.88152056838506e-06,9.88152056838506e-06,9.88152056838506e-06,9.88152056838506e-06,9.88152056838506e-06,9.88152056838506e-06,9.88152056838506e-06,9.88152056838506e-06,9.88152056838506e-06,9.88152056838506e-06,9.88152056838506e-06,9.88152056838506e-06,9.88152056838506e-06,9.88152056838506e-06,9.88152056838506e-06,9.88152056838506e-06,9.88152056838506e-06,9.88152056838506e-06,9.88152056838506e-06,9.88152056838506e-06,9.88152056838506e-06,9.88152056838506e-06,9.88152056838506e-06,9.88152056838506e-06,9.88152056838506e-06,9.88152056838506e-06,9.88152056838506e-06,9.88152056838506e-06,9.88152056838506e-06,9.88152056838506e-06,9.88152056838506e-06,9.88152056838506e-06,9.88152056838506e-06,9.88152056838506e-06,9.88152056838506e-06,9.88152056838506e-06,9.88152056838506e-06,9.88152056838506e-06,9.88152056838506e-06,9.88152056838506e-06,9.88152056838506e-06,9.88152056838506e-06,9.88152056838506e-06,9.88152056838506e-06,9.88152056838506e-06,9.88152056838506e-06,9.88152056838506e-06,9.88152056838506e-06,9.88152056838506e-06,9.88152056838506e-06
9.88152056838506e-06,9.88152056838506e-06,9.88152056838506e-06,9.88152056838506e-06,9.88152056838506e-06,9.88152056838506e-06,9.88152056838506e-06,9.88152056838506e-06,9.88152056838506e-06,9.88152056838506e-06,9.88152056838506e-06,9.88152056838506e-06,9.88152056838506e-06,9.88152056838506e-06,9.88152056838506e-06,9.88152056838506e-06,9.88152056838506e-06,9.88152056838506e-06,9.88152056838506e-06,9.88152056838506e-06,9.88152056838506e-06,9.88152056838506e-06,9.88152056838506e-06,9.88152056838506e-06,9.88152056838506e-06,9.88152056838506e-06,9.88152056838506e-06,9.88152056838506e-06,9.88152056838506e-06,9.88152056838506e-06,9.88152056838506e-06,9.88152056838506e-06,9.88152056838506e-06,9.88152056838506e-06,9.88152056838506e-06,9.88152056838506e-06,9.88152056838506e-06,9.88152056838506e-06,9.88152056838506e-06,9.88152056838506e-06,9.88152056838506e-06,9.88152056838506e-06,9.88152056838506e-06,9.88152056838506e-06,9.88152056838506e-06,9.88152056838506e-06,9.88152056838506e-06,9.88152056838506e-06,9.88152056838506e-06,9.88152056838506e-06,9.88152056838506e-06,9.88152056838506e-06,9.88152056838506e-06,9.88152056838506e-06,9.88152056838506e-06,9.88152056838506e-06,9.88152056838506e-06,9.88152056838506e-06,9.88152056838506e-06,9.88152056838506e-06,9.88152056838506e-06,9.88152056838506e-06,9.88152056838506e-06,9.88152056838506e-06,9.88152056838506e-06,9.88152056838506e-06,9.88152056838506e-06,9.88152056838506e-06,9.88152056838506e-06,9.88152056838506e-06,9.88152056838506e-06,9.88152056838506e-06,9.88152056838506e-06,9.88152056838506e-06,9.88152056838506e-06,9.88152056838506e-06,9.88152056838506e-06,9.88152056838506e-06,9.88152056838506e-06,9.88152056838506e-06,9.88152056838506e-06,9.88152056838506e-06,9.88152056838506e-06,9.88152056838506e-06,9.88152056838506e-06,9.88152056838506e-06,9.88152056838506e-06,9.88152056838506e-06,9.88152056838506e-06,9.88152056838506e-06,9.88152056838506e-06,9.88152056838506e-06,9.88152056838506e-06,9.88152056838506e-06,9.88152056838506e-06,9.88152056838506e-06,9.88152056838506e-06,9.88152056838506e-06,9.88152056838506e-06,9.88152056838506e-06
9.88152056838506e-06,9.88152056838506e-06,9.88152056838506e-06,9.88152056838506e-06,9.88152056838506e-06,9.88152056838506e-06,9.88152056838506e-06,9.88152056838506e-06,9.88152056838506e-06,9.88152056838506e-06,9.88152056838506e-06,9.88152056838506e-06,9.88152056838506e-06,9.88152056838506e-06,9.88152056838506e-06,9.88152056838506e-06,9.88152056838506e-06,9.88152056838506e-06,9.88152056838506e-06,9.88152056838506e-06,9.88152056838506e-06,9.88152056838506e-06,9.88152056838506e-06,9.88152056838506e-06,9.88152056838506e-06,9.88152056838506e-06,9.88152056838506e-06,9.88152056838506e-06,9.88152056838506e-06,9.88152056838506e-06,9.88152056838506e-06,9.88152056838506e-06,9.88152056838506e-06,9.88152056838506e-06,9.88152056838506e-06,9.88152056838506e-06,9.88152056838506e-06,9.88152056838506e-06,9.88152056838506e-06,9.88152056838506e-06,9.88152056838506e-06,9.88152056838506e-06,9.88152056838506e-06,9.88152056838506e-06,9.88152056838506e-06,9.88152056838506e-06,9.88152056838506e-06,9.88152056838506e-06,9.88152056838506e-06,9.88152056838506e-06,9.88152056838506e-06,9.88152056838506e-06,9.88152056838506e-06,9.88152056838506e-06,9.88152056838506e-06,9.88152056838506e-06,9.88152056838506e-06,9.88152056838506e-06,9.88152056838506e-06,9.88152056838506e-06,9.88152056838506e-06,9.88152056838506e-06,9.88152056838506e-06,9.88152056838506e-06,9.88152056838506e-06,9.88152056838506e-06,9.88152056838506e-06,9.88152056838506e-06,9.88152056838506e-06,9.88152056838506e-06,9.88152056838506e-06,9.88152056838506e-06,9.88152056838506e-06,9.88152056838506e-06,9.88152056838506e-06,9.88152056838506e-06,9.88152056838506e-06,9.88152056838506e-06,9.88152056838506e-06,9.88152056838506e-06,9.88152056838506e-06,9.88152056838506e-06,9.88152056838506e-06,9.88152056838506e-06,9.88152056838506e-06,9.88152056838506e-06,9.88152056838506e-06,9.88152056838506e-06,9.88152056838506e-06,9.88152056838506e-06,9.88152056838506e-06,9.88152056838506e-06,9.88152056838506e-06,9.88152056838506e-06,9.88152056838506e-06,9.88152056838506e-06,9.88152056838506e-06,9.88152056838506e-06,9.88152056838506e-06,9.88152056838506e-06
9.88152056838506e-06,9.88152056838506e-06,9.88152056838506e-06,9.88152056838506e-06,9.88152056838506e-06,9.88152056838506e-06,9.88152056838506e-06,9.88152056838506e-06,9.88152056838506e-06,9.88152056838506e-06,9.88152056838506e-06,9.88152056838506e-06,9.88152056838506e-06,9.88152056838506e-06,9.88152056838506e-06,9.88152056838506e-06,9.88152056838506e-06,9.88152056838506e-06,9.88152056838506e-06,9.88152056838506e-06,9.88152056838506e-06,9.88152056838506e-06,9.88152056838506e-06,9.88152056838506e-06,9.88152056838506e-06,9.88152056838506e-06,9.88152056838506e-06,9.88152056838506e-06,9.88152056838506e-06,9.88152056838506e-06,9.88152056838506e-06,9.88152056838506e-06,9.88152056838506e-06,9.88152056838506e-06,9.88152056838506e-06,9.88152056838506e-06,9.88152056838506e-06,9.88152056838506e-06,9.88152056838506e-06,9.88152056838506e-06,9.88152056838506e-06,9.88152056838506e-06,9.88152056838506e-06,9.88152056838506e-06,9.88152056838506e-06,9.88152056838506e-06,9.88152056838506e-06,9.88152056838506e-06,9.88152056838506e-06,9.88152056838506e-06,9.88152056838506e-06,9.88152056838506e-06,9.88152056838506e-06,9.88152056838506e-06,9.88152056838506e-06,9.88152056838506e-06,9.88152056838506e-06,9.88152056838506e-06,9.88152056838506e-06,9.88152056838506e-06,9.88152056838506e-06,9.88152056838506e-06,9.88152056838506e-06,9.88152056838506e-06,9.88152056838506e-06,9.88152056838506e-06,9.88152056838506e-06,9.88152056838506e-06,9.88152056838506e-06,9.88152056838506e-06,9.88152056838506e-06,9.88152056838506e-06,9.88152056838506e-06,9.88152056838506e-06,9.88152056838506e-06,9.88152056838506e-06,9.88152056838506e-06,9.88152056838506e-06,9.88152056838506e-06,9.88152056838506e-06,9.88152056838506e-06,9.88152056838506e-06,9.88152056838506e-06,9.88152056838506e-06,9.88152056838506e-06,9.88152056838506e-06,9.88152056838506e-06,9.88152056838506e-06,9.88152056838506e-06,9.88152056838506e-06,9.88152056838506e-06,9.88152056838506e-06,9.88152056838506e-06,9.88152056838506e-06,9.88152056838506e-06,9.88152056838506e-06,9.88152056838506e-06,9.88152056838506e-06,9.88152056838506e-06,9.88152056838506e-06
9.88152056838506e-06,9.88152056838506e-06,9.88152056838506e-06,9.88152056838506e-06,9.88152056838506e-06,9.88152056838506e-06,9.88152056838506e-06,9.88152056838506e-06,9.88152056838506e-06,9.88152056838506e-06,9.88152056838506e-06,9.88152056838506e-06,9.88152056838506e-06,9.88152056838506e-06,9.88152056838506e-06,9.88152056838506e-06,9.88152056838506e-06,9.88152056838506e-06,9.88152056838506e-06,9.88152056838506e-06,9.88152056838506e-06,9.88152056838506e-06,9.88152056838506e-06,9.88152056838506e-06,9.88152056838506e-06,9.88152056838506e-06,9.88152056838506e-06,9.88152056838506e-06,9.88152056838506e-06,9.88152056838506e-06,9.88152056838506e-06,9.88152056838506e-06,9.88152056838506e-06,9.88152056838506e-06,9.88152056838506e-06,9.88152056838506e-06,9.88152056838506e-06,9.88152056838506e-06,9.88152056838506e-06,9.88152056838506e-06,9.88152056838506e-06,9.88152056838506e-06,9.88152056838506e-06,9.88152056838506e-06,9.88152056838506e-06,9.88152056838506e-06,9.88152056838506e-06,9.88152056838506e-06,9.88152056838506e-06,9.88152056838506e-06,9.88152056838506e-06,9.88152056838506e-06,9.88152056838506e-06,9.88152056838506e-06,9.88152056838506e-06,9.88152056838506e-06,9.88152056838506e-06,9.88152056838506e-06,9.88152056838506e-06,9.88152056838506e-06,9.88152056838506e-06,9.88152056838506e-06,9.88152056838506e-06,9.88152056838506e-06,9.88152056838506e-06,9.88152056838506e-06,9.88152056838506e-06,9.88152056838506e-06,9.88152056838506e-06,9.88152056838506e-06,9.88152056838506e-06,9.88152056838506e-06,9.88152056838506e-06,9.88152056838506e-06,9.88152056838506e-06,9.88152056838506e-06,9.88152056838506e-06,9.88152056838506e-06,9.88152056838506e-06,9.88152056838506e-06,9.88152056838506e-06,9.88152056838506e-06,9.88152056838506e-06,9.88152056838506e-06,9.88152056838506e-06,9.88152056838506e-06,9.88152056838506e-06,9.88152056838506e-06,9.88152056838506e-06,9.88152056838506e-06,9.88152056838506e-06,9.88152056838506e-06,9.88152056838506e-06,9.88152056838506e-06,9.88152056838506e-06,9.88152056838506e-06,9.88152056838506e-06,9.88152056838506e-06,9.88152056838506e-06,9.88152056838506e-06
9.88152056838506e-06,9.88152056838506e-06,9.88152056838506e-06,9.88152056838506e-06,9.88152056838506e-06,9.88152056838506e-06,9.88152056838506e-06,9.88152056838506e-06,9.88152056838506e-06,9.88152056838506e-06,9.88152056838506e-06,9.88152056838506e-06,9.88152056838506e-06,9.88152056838506e-06,9.88152056838506e-06,9.88152056838506e-06,9.88152056838506e-06,9.88152056838506e-06,9.88152056838506e-06,9.88152056838506e-06,9.88152056838506e-06,9.88152056838506e-06,9.88152056838506e-06,9.88152056838506e-06,9.88152056838506e-06,9.88152056838506e-06,9.88152056838506e-06,9.88152056838506e-06,9.88152056838506e-06,9.88152056838506e-06,9.88152056838506e-06,9.88152056838506e-06,9.88152056838506e-06,9.88152056838506e-06,9.88152056838506e-06,9.88152056838506e-06,9.88152056838506e-06,9.88152056838506e-06,9.88152056838506e-06,9.88152056838506e-06,9.88152056838506e-06,9.88152056838506e-06,9.88152056838506e-06,9.88152056838506e-06,9.88152056838506e-06,9.88152056838506e-06,9.88152056838506e-06,9.88152056838506e-06,9.88152056838506e-06,9.88152056838506e-06,9.88152056838506e-06,9.88152056838506e-06,9.88152056838506e-06,9.88152056838506e-06,9.88152056838506e-06,9.88152056838506e-06,9.88152056838506e-06,9.88152056838506e-06,9.88152056838506e-06,9.88152056838506e-06,9.88152056838506e-06,9.88152056838506e-06,9.88152056838506e-06,9.88152056838506e-06,9.88152056838506e-06,9.88152056838506e-06,9.88152056838506e-06,9.88152056838506e-06,9.88152056838506e-06,9.88152056838506e-06,9.88152056838506e-06,9.88152056838506e-06,9.88152056838506e-06,9.88152056838506e-06,9.88152056838506e-06,9.88152056838506e-06,9.88152056838506e-06,9.88152056838506e-06,9.88152056838506e-06,9.88152056838506e-06,9.88152056838506e-06,9.88152056838506e-06,9.88152056838506e-06,9.88152056838506e-06,9.88152056838506e-06,9.88152056838506e-06,9.88152056838506e-06,9.88152056838506e-06,9.88152056838506e-06,9.88152056838506e-06,9.88152056838506e-06,9.88152056838506e-06,9.88152056838506e-06,9.88152056838506e-06,9.88152056838506e-06,9.88152056838506e-06,9.88152056838506e-06,9.88152056838506e-06,9.88152056838506e-06,9.88152056838506e-06
9.88152056838506e-06,9.88152056838506e-06,9.88152056838506e-06,9.88152056838506e-06,9.88152056838506e-06,9.88152056838506e-06,9.88152056838506e-06,9.88152056838506e-06,9.88152056838506e-06,9.88152056838506e-06,9.88152056838506e-06,9.88152056838506e-06,9.88152056838506e-06,9.88152056838506e-06,9.88152056838506e-06,9.88152056838506e-06,9.88152056838506e-06,9.88152056838506e-06,9.88152056838506e-06,9.88152056838506e-06,9.88152056838506e-06,9.88152056838506e-06,9.88152056838506e-06,9.88152056838506e-06,9.88152056838506e-06,9.88152056838506e-06,9.88152056838506e-06,9.88152056838506e-06,9.88152056838506e-06,9.88152056838506e-06,9.88152056838506e-06,9.88152056838506e-06,9.88152056838506e-06,9.88152056838506e-06,9.88152056838506e-06,9.88152056838506e-06,9.88152056838506e-06,9.88152056838506e-06,9.88152056838506e-06,9.88152056838506e-06,9.88152056838506e-06,9.88152056838506e-06,9.88152056838506e-06,9.88152056838506e-06,9.88152056838506e-06,9.88152056838506e-06,9.88152056838506e-06,9.88152056838506e-06,9.88152056838506e-06,9.88152056838506e-06,9.88152056838506e-06,9.88152056838506e-06,9.88152056838506e-06,9.88152056838506e-06,9.88152056838506e-06,9.88152056838506e-06,9.88152056838506e-06,9.88152056838506e-06,9.88152056838506e-06,9.88152056838506e-06,9.88152056838506e-06,9.88152056838506e-06,9.88152056838506e-06,9.88152056838506e-06,9.88152056838506e-06,9.88152056838506e-06,9.88152056838506e-06,9.88152056838506e-06,9.88152056838506e-06,9.88152056838506e-06,9.88152056838506e-06,9.88152056838506e-06,9.88152056838506e-06,9.88152056838506e-06,9.88152056838506e-06,9.88152056838506e-06,9.88152056838506e-06,9.88152056838506e-06,9.88152056838506e-06,9.88152056838506e-06,9.88152056838506e-06,9.88152056838506e-06,9.88152056838506e-06,9.88152056838506e-06,9.88152056838506e-06,9.88152056838506e-06,9.88152056838506e-06,9.88152056838506e-06,9.88152056838506e-06,9.88152056838506e-06,9.88152056838506e-06,9.88152056838506e-06,9.88152056838506e-06,9.88152056838506e-06,9.88152056838506e-06,9.88152056838506e-06,9.88152056838506e-06,9.88152056838506e-06,9.88152056838506e-06,9.88152056838506e-06
9.88152056838506e-06,9.88152056838506e-06,9.88152056838506e-06,9.88152056838506e-06,9.88152056838506e-06,9.88152056838506e-06,9.88152056838506e-06,9.88152056838506e-06,9.88152056838506e-06,9.88152056838506e-06,9.88152056838506e-06,9.88152056838506e-06,9.88152056838506e-06,9.88152056838506e-06,9.88152056838506e-06,9.88152056838506e-06,9.88152056838506e-06,9.88152056838506e-06,9.88152056838506e-06,9.88152056838506e-06,9.88152056838506e-06,9.88152056838506e-06,9.88152056838506e-06,9.88152056838506e-06,9.88152056838506e-06,9.88152056838506e-06,9.88152056838506e-06,9.88152056838506e-06,9.88152056838506e-06,9.88152056838506e-06,9.88152056838506e-06,9.88152056838506e-06,9.88152056838506e-06,9.88152056838506e-06,9.88152056838506e-06,9.88152056838506e-06,9.88152056838506e-06,9.88152056838506e-06,9.88152056838506e-06,9.88152056838506e-06,9.88152056838506e-06,9.88152056838506e-06,9.88152056838506e-06,9.88152056838506e-06,9.88152056838506e-06,9.88152056838506e-06,9.88152056838506e-06,9.88152056838506e-06,9.88152056838506e-06,9.88152056838506e-06,9.88152056838506e-06,9.88152056838506e-06,9.88152056838506e-06,9.88152056838506e-06,9.88152056838506e-06,9.88152056838506e-06,9.88152056838506e-06,9.88152056838506e-06,9.88152056838506e-06,9.88152056838506e-06,9.88152056838506e-06,9.88152056838506e-06,9.88152056838506e-06,9.88152056838506e-06,9.88152056838506e-06,9.88152056838506e-06,9.88152056838506e-06,9.88152056838506e-06,9.88152056838506e-06,9.88152056838506e-06,9.88152056838506e-06,9.88152056838506e-06,9.88152056838506e-06,9.88152056838506e-06,9.88152056838506e-06,9.88152056838506e-06,9.88152056838506e-06,9.88152056838506e-06,9.88152056838506e-06,9.88152056838506e-06,9.88152056838506e-06,9.88152056838506e-06,9.88152056838506e-06,9.88152056838506e-06,9.88152056838506e-06,9.88152056838506e-06,9.88152056838506e-06,9.88152056838506e-06,9.88152056838506e-06,9.88152056838506e-06,9.88152056838506e-06,9.88152056838506e-06,9.88152056838506e-06,9.88152056838506e-06,9.88152056838506e-06,9.88152056838506e-06,9.88152056838506e-06,9.88152056838506e-06,9.88152056838506e-06,9.88152056838506e-06
9.88152056838506e-06,9.88152056838506e-06,9.88152056838506e-06,9.88152056838506e-06,9.88152056838506e-06,9.88152056838506e-06,9.88152056838506e-06,9.88152056838506e-06,9.88152056838506e-06,9.88152056838506e-06,9.88152056838506e-06,9.88152056838506e-06,9.88152056838506e-06,9.88152056838506e-06,9.88152056838506e-06,9.88152056838506e-06,9.88152056838506e-06,9.88152056838506e-06,9.88152056838506e-06,9.88152056838506e-06,9.88152056838506e-06,9.88152056838506e-06,9.88152056838506e-06,9.88152056838506e-06,9.88152056838506e-06,9.88152056838506e-06,9.88152056838506e-06,9.88152056838506e-06,9.88152056838506e-06,9.88152056838506e-06,9.88152056838506e-06,9.88152056838506e-06,9.88152056838506e-06,9.88152056838506e-06,9.88152056838506e-06,9.88152056838506e-06,9.88152056838506e-06,9.88152056838506e-06,9.88152056838506e-06,9.88152056838506e-06,9.88152056838506e-06,9.88152056838506e-06,9.88152056838506e-06,9.88152056838506e-06,9.88152056838506e-06,9.88152056838506e-06,9.88152056838506e-06,9.88152056838506e-06,9.88152056838506e-06,9.88152056838506e-06,9.88152056838506e-06,9.88152056838506e-06,9.88152056838506e-06,9.88152056838506e-06,9.88152056838506e-06,9.88152056838506e-06,9.88152056838506e-06,9.88152056838506e-06,9.88152056838506e-06,9.88152056838506e-06,9.88152056838506e-06,9.88152056838506e-06,9.88152056838506e-06,9.88152056838506e-06,9.88152056838506e-06,9.88152056838506e-06,9.88152056838506e-06,9.88152056838506e-06,9.88152056838506e-06,9.88152056838506e-06,9.88152056838506e-06,9.88152056838506e-06,9.88152056838506e-06,9.88152056838506e-06,9.88152056838506e-06,9.88152056838506e-06,9.88152056838506e-06,9.88152056838506e-06,9.88152056838506e-06,9.88152056838506e-06,9.88152056838506e-06,9.88152056838506e-06,9.88152056838506e-06,9.88152056838506e-06,9.88152056838506e-06,9.88152056838506e-06,9.88152056838506e-06,9.88152056838506e-06,9.88152056838506e-06,9.88152056838506e-06,9.88152056838506e-06,9.88152056838506e-06,9.88152056838506e-06,9.88152056838506e-06,9.88152056838506e-06,9.88152056838506e-06,9.88152056838506e-06,9.88152056838506e-06,9.88152056838506e-06,9.88152056838506e-06
9.88152056838506e-06,9.88152056838506e-06,9.88152056838506e-06,9.88152056838506e-06,9.88152056838506e-06,9.88152056838506e-06,9.88152056838506e-06,9.88152056838506e-06,9.88152056838506e-06,9.88152056838506e-06,9.88152056838506e-06,9.88152056838506e-06,9.88152056838506e-06,9.88152056838506e-06,9.88152056838506e-06,9.88152056838506e-06,9.88152056838506e-06,9.88152056838506e-06,9.88152056838506e-06,9.88152056838506e-06,9.88152056838506e-06,9.88152056838506e-06,9.88152056838506e-06,9.88152056838506e-06,9.88152056838506e-06,9.88152056838506e-06,9.88152056838506e-06,9.88152056838506e-06,9.88152056838506e-06,9.88152056838506e-06,9.88152056838506e-06,9.88152056838506e-06,9.88152056838506e-06,9.88152056838506e-06,9.88152056838506e-06,9.88152056838506e-06,9.88152056838506e-06,9.88152056838506e-06,9.88152056838506e-06,9.88152056838506e-06,9.88152056838506e-06,9.88152056838506e-06,9.88152056838506e-06,9.88152056838506e-06,9.88152056838506e-06,9.88152056838506e-06,9.88152056838506e-06,9.88152056838506e-06,9.88152056838506e-06,9.88152056838506e-06,9.88152056838506e-06,9.88152056838506e-06,9.88152056838506e-06,9.88152056838506e-06,9.88152056838506e-06,9.88152056838506e-06,9.88152056838506e-06,9.88152056838506e-06,9.88152056838506e-06,9.88152056838506e-06,9.88152056838506e-06,9.88152056838506e-06,9.88152056838506e-06,9.88152056838506e-06,9.88152056838506e-06,9.88152056838506e-06,9.88152056838506e-06,9.88152056838506e-06,9.88152056838506e-06,9.88152056838506e-06,9.88152056838506e-06,9.88152056838506e-06,9.88152056838506e-06,9.88152056838506e-06,9.88152056838506e-06,9.88152056838506e-06,9.88152056838506e-06,9.88152056838506e-06,9.88152056838506e-06,9.88152056838506e-06,9.88152056838506e-06,9.88152056838506e-06,9.88152056838506e-06,9.88152056838506e-06,9.88152056838506e-06,9.88152056838506e-06,9.88152056838506e-06,9.88152056838506e-06,9.88152056838506e-06,9.88152056838506e-06,9.88152056838506e-06,9.88152056838506e-06,9.88152056838506e-06,9.88152056838506e-06,9.88152056838506e-06,9.88152056838506e-06,9.88152056838506e-06,9.88152056838506e-06,9.88152056838506e-06,9.88152056838506e-06
9.88152056838506e-06,9.88152056838506e-06,9.88152056838506e-06,9.88152056838506e-06,9.88152056838506e-06,9.88152056838506e-06,9.88152056838506e-06,9.88152056838506e-06,9.88152056838506e-06,9.88152056838506e-06,9.88152056838506e-06,9.88152056838506e-06,9.88152056838506e-06,9.88152056838506e-06,9.88152056838506e-06,9.88152056838506e-06,9.88152056838506e-06,9.88152056838506e-06,9.88152056838506e-06,9.88152056838506e-06,9.88152056838506e-06,9.88152056838506e-06,9.88152056838506e-06,9.88152056838506e-06,9.88152056838506e-06,9.88152056838506e-06,9.88152056838506e-06,9.88152056838506e-06,9.88152056838506e-06,9.88152056838506e-06,9.88152056838506e-06,9.88152056838506e-06,9.88152056838506e-06,9.88152056838506e-06,9.88152056838506e-06,9.88152056838506e-06,9.88152056838506e-06,9.88152056838506e-06,9.88152056838506e-06,9.88152056838506e-06,9.88152056838506e-06,9.88152056838506e-06,9.88152056838506e-06,9.88152056838506e-06,9.88152056838506e-06,9.88152056838506e-06,9.88152056838506e-06,9.88152056838506e-06,9.88152056838506e-06,9.88152056838506e-06,9.88152056838506e-06,9.88152056838506e-06,9.88152056838506e-06,9.88152056838506e-06,9.88152056838506e-06,9.88152056838506e-06,9.88152056838506e-06,9.88152056838506e-06,9.88152056838506e-06,9.88152056838506e-06,9.88152056838506e-06,9.88152056838506e-06,9.88152056838506e-06,9.88152056838506e-06,9.88152056838506e-06,9.88152056838506e-06,9.88152056838506e-06,9.88152056838506e-06,9.88152056838506e-06,9.88152056838506e-06,9.88152056838506e-06,9.88152056838506e-06,9.88152056838506e-06,9.88152056838506e-06,9.88152056838506e-06,9.88152056838506e-06,9.88152056838506e-06,9.88152056838506e-06,9.88152056838506e-06,9.88152056838506e-06,9.88152056838506e-06,9.88152056838506e-06,9.88152056838506e-06,9.88152056838506e-06,9.88152056838506e-06,9.88152056838506e-06,9.88152056838506e-06,9.88152056838506e-06,9.88152056838506e-06,9.88152056838506e-06,9.88152056838506e-06,9.88152056838506e-06,9.88152056838506e-06,9.88152056838506e-06,9.88152056838506e-06,9.88152056838506e-06,9.88152056838506e-06,9.88152056838506e-06,9.88152056838506e-06,9.88152056838506e-06
9.88152056838506e-06,9.88152056838506e-06,9.88152056838506e-06,9.88152056838506e-06,9.88152056838506e-06,9.88152056838506e-06,9.88152056838506e-06,9.88152056838506e-06,9.88152056838506e-06,9.88152056838506e-06,9.88152056838506e-06,9.88152056838506e-06,9.88152056838506e-06,9.88152056838506e-06,9.88152056838506e-06,9.88152056838506e-06,9.88152056838506e-06,9.88152056838506e-06,9.88152056838506e-06,9.88152056838506e-06,9.88152056838506e-06,9.88152056838506e-06,9.88152056838506e-06,9.88152056838506e-06,9.88152056838506e-06,9.88152056838506e-06,9.88152056838506e-06,9.88152056838506e-06,9.88152056838506e-06,9.88152056838506e-06,9.88152056838506e-06,9.88152056838506e-06,9.88152056838506e-06,9.88152056838506e-06,9.88152056838506e-06,9.88152056838506e-06,9.88152056838506e-06,9.88152056838506e-06,9.88152056838506e-06,9.88152056838506e-06,9.88152056838506e-06,9.88152056838506e-06,9.88152056838506e-06,9.88152056838506e-06,9.88152056838506e-06,9.88152056838506e-06,9.88152056838506e-06,9.88152056838506e-06,9.88152056838506e-06,9.88152056838506e-06,9.88152056838506e-06,9.88152056838506e-06,9.88152056838506e-06,9.88152056838506e-06,9.88152056838506e-06,9.88152056838506e-06,9.88152056838506e-06,9.88152056838506e-06,9.88152056838506e-06,9.88152056838506e-06,9.88152056838506e-06,9.88152056838506e-06,9.88152056838506e-06,9.88152056838506e-06,9.88152056838506e-06,9.88152056838506e-06,9.88152056838506e-06,9.88152056838506e-06,9.88152056838506e-06,9.88152056838506e-06,9.88152056838506e-06,9.88152056838506e-06,9.88152056838506e-06,9.88152056838506e-06,9.88152056838506e-06,9.88152056838506e-06,9.88152056838506e-06,9.88152056838506e-06,9.88152056838506e-06,9.88152056838506e-06,9.88152056838506e-06,9.88152056838506e-06,9.88152056838506e-06,9.88152056838506e-06,9.88152056838506e-06,9.88152056838506e-06,9.88152056838506e-06,9.88152056838506e-06,9.88152056838506e-06,9.88152056838506e-06,9.88152056838506e-06,9.88152056838506e-06,9.88152056838506e-06,9.88152056838506e-06,9.88152056838506e-06,9.88152056838506e-06,9.88152056838506e-06,9.88152056838506e-06,9.88152056838506e-06,9.88152056838506e-06
9.88152056838506e-06,9.88152056838506e-06,9.88152056838506e-06,9.88152056838506e-06,9.88152056838506e-06,9.88152056838506e-06,9.88152056838506e-06,9.88152056838506e-06,9.88152056838506e-06,9.88152056838506e-06,9.88152056838506e-06,9.88152056838506e-06,9.88152056838506e-06,9.88152056838506e-06,9.88152056838506e-06,9.88152056838506e-06,9.88152056838506e-06,9.88152056838506e-06,9.88152056838506e-06,9.88152056838506e-06,9.88152056838506e-06,9.88152056838506e-06,9.88152056838506e-06,9.88152056838506e-06,9.88152056838506e-06,9.88152056838506e-06,9.88152056838506e-06,9.88152056838506e-06,9.88152056838506e-06,9.88152056838506e-06,9.88152056838506e-06,9.88152056838506e-06,9.88152056838506e-06,9.88152056838506e-06,9.88152056838506e-06,9.88152056838506e-06,9.88152056838506e-06,9.88152056838506e-06,9.88152056838506e-06,9.88152056838506e-06,9.88152056838506e-06,9.88152056838506e-06,9.88152056838506e-06,9.88152056838506e-06,9.88152056838506e-06,9.88152056838506e-06,9.88152056838506e-06,9.88152056838506e-06,9.88152056838506e-06,9.88152056838506e-06,9.88152056838506e-06,9.88152056838506e-06,9.88152056838506e-06,9.88152056838506e-06,9.88152056838506e-06,9.88152056838506e-06,9.88152056838506e-06,9.88152056838506e-06,9.88152056838506e-06,9.88152056838506e-06,9.88152056838506e-06,9.88152056838506e-06,9.88152056838506e-06,9.88152056838506e-06,9.88152056838506e-06,9.88152056838506e-06,9.88152056838506e-06,9.88152056838506e-06,9.88152056838506e-06,9.88152056838506e-06,9.88152056838506e-06,9.88152056838506e-06,9.88152056838506e-06,9.88152056838506e-06,9.88152056838506e-06,9.88152056838506e-06,9.88152056838506e-06,9.88152056838506e-06,9.88152056838506e-06,9.88152056838506e-06,9.88152056838506e-06,9.88152056838506e-06,9.88152056838506e-06,9.88152056838506e-06,9.88152056838506e-06,9.88152056838506e-06,9.88152056838506e-06,9.88152056838506e-06,9.88152056838506e-06,9.88152056838506e-06,9.88152056838506e-06,9.88152056838506e-06,9.88152056838506e-06,9.88152056838506e-06,9.88152056838506e-06,9.88152056838506e-06,9.88152056838506e-06,9.88152056838506e-06,9.88152056838506e-06,9.88152056838506e-06
9.88152056838506e-06,9.88152056838506e-06,9.88152056838506e-06,9.88152056838506e-06,9.88152056838506e-06,9.88152056838506e-06,9.88152056838506e-06,9.88152056838506e-06,9.88152056838506e-06,9.88152056838506e-06,9.88152056838506e-06,9.88152056838506e-06,9.88152056838506e-06,9.88152056838506e-06,9.88152056838506e-06,9.88152056838506e-06,9.88152056838506e-06,9.88152056838506e-06,9.88152056838506e-06,9.88152056838506e-06,9.88152056838506e-06,9.88152056838506e-06,9.88152056838506e-06,9.88152056838506e-06,9.88152056838506e-06,9.88152056838506e-06,9.88152056838506e-06,9.88152056838506e-06,9.88152056838506e-06,9.88152056838506e-06,9.88152056838506e-06,9.88152056838506e-06,9.88152056838506e-06,9.88152056838506e-06,9.88152056838506e-06,9.88152056838506e-06,9.88152056838506e-06,9.88152056838506e-06,9.88152056838506e-06,9.88152056838506e-06,9.88152056838506e-06,9.88152056838506e-06,9.88152056838506e-06,9.88152056838506e-06,9.88152056838506e-06,9.88152056838506e-06,9.88152056838506e-06,9.88152056838506e-06,9.88152056838506e-06,9.88152056838506e-06,9.88152056838506e-06,9.88152056838506e-06,9.88152056838506e-06,9.88152056838506e-06,9.88152056838506e-06,9.88152056838506e-06,9.88152056838506e-06,9.88152056838506e-06,9.88152056838506e-06,9.88152056838506e-06,9.88152056838506e-06,9.88152056838506e-06,9.88152056838506e-06,9.88152056838506e-06,9.88152056838506e-06,9.88152056838506e-06,9.88152056838506e-06,9.88152056838506e-06,9.88152056838506e-06,9.88152056838506e-06,9.88152056838506e-06,9.88152056838506e-06,9.88152056838506e-06,9.88152056838506e-06,9.88152056838506e-06,9.88152056838506e-06,9.88152056838506e-06,9.88152056838506e-06,9.88152056838506e-06,9.88152056838506e-06,9.88152056838506e-06,9.88152056838506e-06,9.88152056838506e-06,9.88152056838506e-06,9.88152056838506e-06,9.88152056838506e-06,9.88152056838506e-06,9.88152056838506e-06,9.88152056838506e-06,9.88152056838506e-06,9.88152056838506e-06,9.88152056838506e-06,9.88152056838506e-06,9.88152056838506e-06,9.88152056838506e-06,9.88152056838506e-06,9.88152056838506e-06,9.88152056838506e-06,9.88152056838506e-06,9.88152056838506e-06
9.88152056838506e-06,9.88152056838506e-06,9.88152056838506e-06,9.88152056838506e-06,9.88152056838506e-06,9.88152056838506e-06,9.88152056838506e-06,9.88152056838506e-06,9.88152056838506e-06,9.88152056838506e-06,9.88152056838506e-06,9.88152056838506e-06,9.88152056838506e-06,9.88152056838506e-06,9.88152056838506e-06,9.88152056838506e-06,9.88152056838506e-06,9.88152056838506e-06,9.88152056838506e-06,9.88152056838506e-06,9.88152056838506e-06,9.88152056838506e-06,9.88152056838506e-06,9.88152056838506e-06,9.88152056838506e-06,9.88152056838506e-06,9.88152056838506e-06,9.88152056838506e-06,9.88152056838506e-06,9.88152056838506e-06,9.88152056838506e-06,9.88152056838506e-06,9.88152056838506e-06,9.88152056838506e-06,9.88152056838506e-06,9.88152056838506e-06,9.88152056838506e-06,9.88152056838506e-06,9.88152056838506e-06,9.88152056838506e-06,9.88152056838506e-06,9.88152056838506e-06,9.88152056838506e-06,9.88152056838506e-06,9.88152056838506e-06,9.88152056838506e-06,9.88152056838506e-06,9.88152056838506e-06,9.88152056838506e-06,9.88152056838506e-06,9.88152056838506e-06,9.88152056838506e-06,9.88152056838506e-06,9.88152056838506e-06,9.88152056838506e-06,9.88152056838506e-06,9.88152056838506e-06,9.88152056838506e-06,9.88152056838506e-06,9.88152056838506e-06,9.88152056838506e-06,9.88152056838506e-06,9.88152056838506e-06,9.88152056838506e-06,9.88152056838506e-06,9.88152056838506e-06,9.88152056838506e-06,9.88152056838506e-06,9.88152056838506e-06,9.88152056838506e-06,9.88152056838506e-06,9.88152056838506e-06,9.88152056838506e-06,9.88152056838506e-06,9.88152056838506e-06,9.88152056838506e-06,9.88152056838506e-06,9.88152056838506e-06,9.88152056838506e-06,9.88152056838506e-06,9.88152056838506e-06,9.88152056838506e-06,9.88152056838506e-06,9.88152056838506e-06,9.88152056838506e-06,9.88152056838506e-06,9.88152056838506e-06,9.88152056838506e-06,9.88152056838506e-06,9.88152056838506e-06,9.88152056838506e-06,9.88152056838506e-06,9.88152056838506e-06,9.88152056838506e-06,9.88152056838506e-06,9.88152056838506e-06,9.88152056838506e-06,9.88152056838506e-06,9.88152056838506e-06,9.88152056838506e-06
9.88152056838506e-06,9.88152056838506e-06,9.88152056838506e-06,9.88152056838506e-06,9.88152056838506e-06,9.88152056838506e-06,9.88152056838506e-06,9.88152056838506e-06,9.88152056838506e-06,9.88152056838506e-06,9.88152056838506e-06,9.88152056838506e-06,9.88152056838506e-06,9.88152056838506e-06,9.88152056838506e-06,9.88152056838506e-06,9.88152056838506e-06,9.88152056838506e-06,9.88152056838506e-06,9.88152056838506e-06,9.88152056838506e-06,9.88152056838506e-06,9.88152056838506e-06,9.88152056838506e-06,9.88152056838506e-06,9.88152056838506e-06,9.88152056838506e-06,9.88152056838506e-06,9.88152056838506e-06,9.88152056838506e-06,9.88152056838506e-06,9.88152056838506e-06,9.88152056838506e-06,9.88152056838506e-06,9.88152056838506e-06,9.88152056838506e-06,9.88152056838506e-06,9.88152056838506e-06,9.88152056838506e-06,9.88152056838506e-06,9.88152056838506e-06,9.88152056838506e-06,9.88152056838506e-06,9.88152056838506e-06,9.88152056838506e-06,9.88152056838506e-06,9.88152056838506e-06,9.88152056838506e-06,9.88152056838506e-06,9.88152056838506e-06,9.88152056838506e-06,9.88152056838506e-06,9.88152056838506e-06,9.88152056838506e-06,9.88152056838506e-06,9.88152056838506e-06,9.88152056838506e-06,9.88152056838506e-06,9.88152056838506e-06,9.88152056838506e-06,9.88152056838506e-06,9.88152056838506e-06,9.88152056838506e-06,9.88152056838506e-06,9.88152056838506e-06,9.88152056838506e-06,9.88152056838506e-06,9.88152056838506e-06,9.88152056838506e-06,9.88152056838506e-06,9.88152056838506e-06,9.88152056838506e-06,9.88152056838506e-06,9.88152056838506e-06,9.88152056838506e-06,9.88152056838506e-06,9.88152056838506e-06,9.88152056838506e-06,9.88152056838506e-06,9.88152056838506e-06,9.88152056838506e-06,9.88152056838506e-06,9.88152056838506e-06,9.88152056838506e-06,9.88152056838506e-06,9.88152056838506e-06,9.88152056838506e-06,9.88152056838506e-06,9.88152056838506e-06,9.88152056838506e-06,9.88152056838506e-06,9.88152056838506e-06,9.88152056838506e-06,9.88152056838506e-06,9.88152056838506e-06,9.88152056838506e-06,9.88152056838506e-06,9.88152056838506e-06,9.88152056838506e-06,9.88152056838506e-06
9.88152056838506e-06,9.88152056838506e-06,9.88152056838506e-06,9.88152056838506e-06,9.88152056838506e-06,9.88152056838506e-06,9.88152056838506e-06,9.88152056838506e-06,9.88152056838506e-06,9.88152056838506e-06,9.88152056838506e-06,9.88152056838506e-06,9.88152056838506e-06,9.88152056838506e-06,9.88152056838506e-06,9.88152056838506e-06,9.88152056838506e-06,9.88152056838506e-06,9.88152056838506e-06,9.88152056838506e-06,9.88152056838506e-06,9.88152056838506e-06,9.88152056838506e-06,9.88152056838506e-06,9.88152056838506e-06,9.88152056838506e-06,9.88152056838506e-06,9.88152056838506e-06,9.88152056838506e-06,9.88152056838506e-06,9.88152056838506e-06,9.88152056838506e-06,9.88152056838506e-06,9.88152056838506e-06,9.88152056838506e-06,9.88152056838506e-06,9.88152056838506e-06,9.88152056838506e-06,9.88152056838506e-06,9.88152056838506e-06,9.88152056838506e-06,9.88152056838506e-06,9.88152056838506e-06,9.88152056838506e-06,9.88152056838506e-06,9.88152056838506e-06,9.88152056838506e-06,9.88152056838506e-06,9.88152056838506e-06,9.88152056838506e-06,9.88152056838506e-06,9.88152056838506e-06,9.88152056838506e-06,9.88152056838506e-06,9.88152056838506e-06,9.88152056838506e-06,9.88152056838506e-06,9.88152056838506e-06,9.88152056838506e-06,9.88152056838506e-06,9.88152056838506e-06,9.88152056838506e-06,9.88152056838506e-06,9.88152056838506e-06,9.88152056838506e-06,9.88152056838506e-06,9.88152056838506e-06,9.88152056838506e-06,9.88152056838506e-06,9.88152056838506e-06,9.88152056838506e-06,9.88152056838506e-06,9.88152056838506e-06,9.88152056838506e-06,9.88152056838506e-06,9.88152056838506e-06,9.88152056838506e-06,9.88152056838506e-06,9.88152056838506e-06,9.88152056838506e-06,9.88152056838506e-06,9.88152056838506e-06,9.88152056838506e-06,9.88152056838506e-06,9.88152056838506e-06,9.88152056838506e-06,9.88152056838506e-06,9.88152056838506e-06,9.88152056838506e-06,9.88152056838506e-06,9.88152056838506e-06,9.88152056838506e-06,9.88152056838506e-06,9.88152056838506e-06,9.88152056838506e-06,9.88152056838506e-06,9.88152056838506e-06,9.88152056838506e-06,9.88152056838506e-06,9.88152056838506e-06
9.88152056838506e-06,9.88152056838506e-06,9.88152056838506e-06,9.88152056838506e-06,9.88152056838506e-06,9.88152056838506e-06,9.88152056838506e-06,9.88152056838506e-06,9.88152056838506e-06,9.88152056838506e-06,9.88152056838506e-06,9.88152056838506e-06,9.88152056838506e-06,9.88152056838506e-06,9.88152056838506e-06,9.88152056838506e-06,9.88152056838506e-06,9.88152056838506e-06,9.88152056838506e-06,9.88152056838506e-06,9.88152056838506e-06,9.88152056838506e-06,9.88152056838506e-06,9.88152056838506e-06,9.88152056838506e-06,9.88152056838506e-06,9.88152056838506e-06,9.88152056838506e-06,9.88152056838506e-06,9.88152056838506e-06,9.88152056838506e-06,9.88152056838506e-06,9.88152056838506e-06,9.88152056838506e-06,9.88152056838506e-06,9.88152056838506e-06,9.88152056838506e-06,9.88152056838506e-06,9.88152056838506e-06,9.88152056838506e-06,9.88152056838506e-06,9.88152056838506e-06,9.88152056838506e-06,9.88152056838506e-06,9.88152056838506e-06,9.88152056838506e-06,9.88152056838506e-06,9.88152056838506e-06,9.88152056838506e-06,9.88152056838506e-06,9.88152056838506e-06,9.88152056838506e-06,9.88152056838506e-06,9.88152056838506e-06,9.88152056838506e-06,9.88152056838506e-06,9.88152056838506e-06,9.88152056838506e-06,9.88152056838506e-06,9.88152056838506e-06,9.88152056838506e-06,9.88152056838506e-06,9.88152056838506e-06,9.88152056838506e-06,9.88152056838506e-06,9.88152056838506e-06,9.88152056838506e-06,9.88152056838506e-06,9.88152056838506e-06,9.88152056838506e-06,9.88152056838506e-06,9.88152056838506e-06,9.88152056838506e-06,9.88152056838506e-06,9.88152056838506e-06,9.88152056838506e-06,9.88152056838506e-06,9.88152056838506e-06,9.88152056838506e-06,9.88152056838506e-06,9.88152056838506e-06,9.88152056838506e-06,9.88152056838506e-06,9.88152056838506e-06,9.88152056838506e-06,9.88152056838506e-06,9.88152056838506e-06,9.88152056838506e-06,9.88152056838506e-06,9.88152056838506e-06,9.88152056838506e-06,9.88152056838506e-06,9.88152056838506e-06,9.88152056838506e-06,9.88152056838506e-06,9.88152056838506e-06,9.88152056838506e-06,9.88152056838506e-06,9.88152056838506e-06,9.88152056838506e-06
9.88152056838506e-06,9.88152056838506e-06,9.88152056838506e-06,9.88152056838506e-06,9.88152056838506e-06,9.88152056838506e-06,9.88152056838506e-06,9.88152056838506e-06,9.88152056838506e-06,9.88152056838506e-06,9.88152056838506e-06,9.88152056838506e-06,9.88152056838506e-06,9.88152056838506e-06,9.88152056838506e-06,9.88152056838506e-06,9.88152056838506e-06,9.88152056838506e-06,9.88152056838506e-06,9.88152056838506e-06,9.88152056838506e-06,9.88152056838506e-06,9.88152056838506e-06,9.88152056838506e-06,9.88152056838506e-06,9.88152056838506e-06,9.88152056838506e-06,9.88152056838506e-06,9.88152056838506e-06,9.88152056838506e-06,9.88152056838506e-06,9.88152056838506e-06,9.88152056838506e-06,9.88152056838506e-06,9.88152056838506e-06,9.88152056838506e-06,9.88152056838506e-06,9.88152056838506e-06,9.88152056838506e-06,9.88152056838506e-06,9.88152056838506e-06,9.88152056838506e-06,9.88152056838506e-06,9.88152056838506e-06,9.88152056838506e-06,9.88152056838506e-06,9.88152056838506e-06,9.88152056838506e-06,9.88152056838506e-06,9.88152056838506e-06,9.88152056838506e-06,9.88152056838506e-06,9.88152056838506e-06,9.88152056838506e-06,9.88152056838506e-06,9.88152056838506e-06,9.88152056838506e-06,9.88152056838506e-06,9.88152056838506e-06,9.88152056838506e-06,9.88152056838506e-06,9.88152056838506e-06,9.88152056838506e-06,9.88152056838506e-06,9.88152056838506e-06,9.88152056838506e-06,9.88152056838506e-06,9.88152056838506e-06,9.88152056838506e-06,9.88152056838506e-06,9.88152056838506e-06,9.88152056838506e-06,9.88152056838506e-06,9.88152056838506e-06,9.88152056838506e-06,9.88152056838506e-06,9.88152056838506e-06,9.88152056838506e-06,9.88152056838506e-06,9.88152056838506e-06,9.88152056838506e-06,9.88152056838506e-06,9.88152056838506e-06,9.88152056838506e-06,9.88152056838506e-06,9.88152056838506e-06,9.88152056838506e-06,9.88152056838506e-06,9.88152056838506e-06,9.88152056838506e-06,9.88152056838506e-06,9.88152056838506e-06,9.88152056838506e-06,9.88152056838506e-06,9.88152056838506e-06,9.88152056838506e-06,9.88152056838506e-06,9.88152056838506e-06,9.88152056838506e-06,9.88152056838506e-06
9.88152056838506e-06,9.88152056838506e-06,9.88152056838506e-06,9.88152056838506e-06,9.88152056838506e-06,9.88152056838506e-06,9.88152056838506e-06,9.88152056838506e-06,9.88152056838506e-06,9.88152056838506e-06,9.88152056838506e-06,9.88152056838506e-06,9.88152056838506e-06,9.88152056838506e-06,9.88152056838506e-06,9.88152056838506e-06,9.88152056838506e-06,9.88152056838506e-06,9.88152056838506e-06,9.88152056838506e-06,9.88152056838506e-06,9.88152056838506e-06,9.88152056838506e-06,9.88152056838506e-06,9.88152056838506e-06,9.88152056838506e-06,9.88152056838506e-06,9.88152056838506e-06,9.88152056838506e-06,9.88152056838506e-06,9.88152056838506e-06,9.88152056838506e-06,9.88152056838506e-06,9.88152056838506e-06,9.88152056838506e-06,9.88152056838506e-06,9.88152056838506e-06,9.88152056838506e-06,9.88152056838506e-06,9.88152056838506e-06,9.88152056838506e-06,9.88152056838506e-06,9.88152056838506e-06,9.88152056838506e-06,9.88152056838506e-06,9.88152056838506e-06,9.88152056838506e-06,9.88152056838506e-06,9.88152056838506e-06,9.88152056838506e-06,9.88152056838506e-06,9.88152056838506e-06,9.88152056838506e-06,9.88152056838506e-06,9.88152056838506e-06,9.88152056838506e-06,9.88152056838506e-06,9.88152056838506e-06,9.88152056838506e-06,9.88152056838506e-06,9.88152056838506e-06,9.88152056838506e-06,9.88152056838506e-06,9.88152056838506e-06,9.88152056838506e-06,9.88152056838506e-06,9.88152056838506e-06,9.88152056838506e-06,9.88152056838506e-06,9.88152056838506e-06,9.88152056838506e-06,9.88152056838506e-06,9.88152056838506e-06,9.88152056838506e-06,9.88152056838506e-06,9.88152056838506e-06,9.88152056838506e-06,9.88152056838506e-06,9.88152056838506e-06,9.88152056838506e-06,9.88152056838506e-06,9.88152056838506e-06,9.88152056838506e-06,9.88152056838506e-06,9.88152056838506e-06,9.88152056838506e-06,9.88152056838506e-06,9.88152056838506e-06,9.88152056838506e-06,9.88152056838506e-06,9.88152056838506e-06,9.88152056838506e-06,9.88152056838506e-06,9.88152056838506e-06,9.88152056838506e-06,9.88152056838506e-06,9.88152056838506e-06,9.88152056838506e-06,9.88152056838506e-06,9.88152056838506e-06
9.88152056838506e-06,9.88152056838506e-06,9.88152056838506e-06,9.88152056838506e-06,9.88152056838506e-06,9.88152056838506e-06,9.88152056838506e-06,9.88152056838506e-06,9.88152056838506e-06,9.88152056838506e-06,9.88152056838506e-06,9.88152056838506e-06,9.88152056838506e-06,9.88152056838506e-06,9.88152056838506e-06,9.88152056838506e-06,9.88152056838506e-06,9.88152056838506e-06,9.88152056838506e-06,9.88152056838506e-06,9.88152056838506e-06,9.88152056838506e-06,9.88152056838506e-06,9.88152056838506e-06,9.88152056838506e-06,9.88152056838506e-06,9.88152056838506e-06,9.88152056838506e-06,9.88152056838506e-06,9.88152056838506e-06,9.88152056838506e-06,9.88152056838506e-06,9.88152056838506e-06,9.88152056838506e-06,9.88152056838506e-06,9.88152056838506e-06,9.88152056838506e-06,9.88152056838506e-06,9.88152056838506e-06,9.88152056838506e-06,9.88152056838506e-06,9.88152056838506e-06,9.88152056838506e-06,9.88152056838506e-06,9.88152056838506e-06,9.88152056838506e-06,9.88152056838506e-06,9.88152056838506e-06,9.88152056838506e-06,9.88152056838506e-06,9.88152056838506e-06,9.88152056838506e-06,9.88152056838506e-06,9.88152056838506e-06,9.88152056838506e-06,9.88152056838506e-06,9.88152056838506e-06,9.88152056838506e-06,9.88152056838506e-06,9.88152056838506e-06,9.88152056838506e-06,9.88152056838506e-06,9.88152056838506e-06,9.88152056838506e-06,9.88152056838506e-06,9.88152056838506e-06,9.88152056838506e-06,9.88152056838506e-06,9.88152056838506e-06,9.88152056838506e-06,9.88152056838506e-06,9.88152056838506e-06,9.88152056838506e-06,9.88152056838506e-06,9.88152056838506e-06,9.88152056838506e-06,9.88152056838506e-06,9.88152056838506e-06,9.88152056838506e-06,9.88152056838506e-06,9.88152056838506e-06,9.88152056838506e-06,9.88152056838506e-06,9.88152056838506e-06,9.88152056838506e-06,9.88152056838506e-06,9.88152056838506e-06,9.88152056838506e-06,9.88152056838506e-06,9.88152056838506e-06,9.88152056838506e-06,9.88152056838506e-06,9.88152056838506e-06,9.88152056838506e-06,9.88152056838506e-06,9.88152056838506e-06,9.88152056838506e-06,9.88152056838506e-06,9.88152056838506e-06,9.88152056838506e-06
9.88152056838506e-06,9.88152056838506e-06,9.88152056838506e-06,9.88152056838506e-06,9.88152056838506e-06,9.88152056838506e-06,9.88152056838506e-06,9.88152056838506e-06,9.88152056838506e-06,9.88152056838506e-06,9.88152056838506e-06,9.88152056838506e-06,9.88152056838506e-06,9.88152056838506e-06,9.88152056838506e-06,9.88152056838506e-06,9.88152056838506e-06,9.88152056838506e-06,9.88152056838506e-06,9.88152056838506e-06,9.88152056838506e-06,9.88152056838506e-06,9.88152056838506e-06,9.88152056838506e-06,9.88152056838506e-06,9.88152056838506e-06,9.88152056838506e-06,9.88152056838506e-06,9.88152056838506e-06,9.88152056838506e-06,9.88152056838506e-06,9.88152056838506e-06,9.88152056838506e-06,9.88152056838506e-06,9.88152056838506e-06,9.88152056838506e-06,9.88152056838506e-06,9.88152056838506e-06,9.88152056838506e-06,9.88152056838506e-06,9.88152056838506e-06,9.88152056838506e-06,9.88152056838506e-06,9.88152056838506e-06,9.88152056838506e-06,9.88152056838506e-06,9.88152056838506e-06,9.88152056838506e-06,9.88152056838506e-06,9.88152056838506e-06,9.88152056838506e-06,9.88152056838506e-06,9.88152056838506e-06,9.88152056838506e-06,9.88152056838506e-06,9.88152056838506e-06,9.88152056838506e-06,9.88152056838506e-06,9.88152056838506e-06,9.88152056838506e-06,9.88152056838506e-06,9.88152056838506e-06,9.88152056838506e-06,9.88152056838506e-06,9.88152056838506e-06,9.88152056838506e-06,9.88152056838506e-06,9.88152056838506e-06,9.88152056838506e-06,9.88152056838506e-06,9.88152056838506e-06,9.88152056838506e-06,9.88152056838506e-06,9.88152056838506e-06,9.88152056838506e-06,9.88152056838506e-06,9.88152056838506e-06,9.88152056838506e-06,9.88152056838506e-06,9.88152056838506e-06,9.88152056838506e-06,9.88152056838506e-06,9.88152056838506e-06,9.88152056838506e-06,9.88152056838506e-06,9.88152056838506e-06,9.88152056838506e-06,9.88152056838506e-06,9.88152056838506e-06,9.88152056838506e-06,9.88152056838506e-06,9.88152056838506e-06,9.88152056838506e-06,9.88152056838506e-06,9.88152056838506e-06,9.88152056838506e-06,9.88152056838506e-06,9.88152056838506e-06,9.88152056838506e-06,9.88152056838506e-06
9.88152056838506e-06,9.88152056838506e-06,9.88152056838506e-06,9.88152056838506e-06,9.88152056838506e-06,9.88152056838506e-06,9.88152056838506e-06,9.88152056838506e-06,9.88152056838506e-06,9.88152056838506e-06,9.88152056838506e-06,9.88152056838506e-06,9.88152056838506e-06,9.88152056838506e-06,9.88152056838506e-06,9.88152056838506e-06,9.88152056838506e-06,9.88152056838506e-06,9.88152056838506e-06,9.88152056838506e-06,9.88152056838506e-06,9.88152056838506e-06,9.88152056838506e-06,9.88152056838506e-06,9.88152056838506e-06,9.88152056838506e-06,9.88152056838506e-06,9.88152056838506e-06,9.88152056838506e-06,9.88152056838506e-06,9.88152056838506e-06,9.88152056838506e-06,9.88152056838506e-06,9.88152056838506e-06,9.88152056838506e-06,9.88152056838506e-06,9.88152056838506e-06,9.88152056838506e-06,9.88152056838506e-06,9.88152056838506e-06,9.88152056838506e-06,9.88152056838506e-06,9.88152056838506e-06,9.88152056838506e-06,9.88152056838506e-06,9.88152056838506e-06,9.88152056838506e-06,9.88152056838506e-06,9.88152056838506e-06,9.88152056838506e-06,9.88152056838506e-06,9.88152056838506e-06,9.88152056838506e-06,9.88152056838506e-06,9.88152056838506e-06,9.88152056838506e-06,9.88152056838506e-06,9.88152056838506e-06,9.88152056838506e-06,9.88152056838506e-06,9.88152056838506e-06,9.88152056838506e-06,9.88152056838506e-06,9.88152056838506e-06,9.88152056838506e-06,9.88152056838506e-06,9.88152056838506e-06,9.88152056838506e-06,9.88152056838506e-06,9.88152056838506e-06,9.88152056838506e-06,9.88152056838506e-06,9.88152056838506e-06,9.88152056838506e-06,9.88152056838506e-06,9.88152056838506e-06,9.88152056838506e-06,9.88152056838506e-06,9.88152056838506e-06,9.88152056838506e-06,9.88152056838506e-06,9.88152056838506e-06,9.88152056838506e-06,9.88152056838506e-06,9.88152056838506e-06,9.88152056838506e-06,9.88152056838506e-06,9.88152056838506e-06,9.88152056838506e-06,9.88152056838506e-06,9.88152056838506e-06,9.88152056838506e-06,9.88152056838506e-06,9.88152056838506e-06,9.88152056838506e-06,9.88152056838506e-06,9.88152056838506e-06,9.88152056838506e-06,9.88152056838506e-06,9.88152056838506e-06
9.88152056838506e-06,9.88152056838506e-06,9.88152056838506e-06,9.88152056838506e-06,9.88152056838506e-06,9.88152056838506e-06,9.88152056838506e-06,9.88152056838506e-06,9.88152056838506e-06,9.88152056838506e-06,9.88152056838506e-06,9.88152056838506e-06,9.88152056838506e-06,9.88152056838506e-06,9.88152056838506e-06,9.88152056838506e-06,9.88152056838506e-06,9.88152056838506e-06,9.88152056838506e-06,9.88152056838506e-06,9.88152056838506e-06,9.88152056838506e-06,9.88152056838506e-06,9.88152056838506e-06,9.88152056838506e-06,9.88152056838506e-06,9.88152056838506e-06,9.88152056838506e-06,9.88152056838506e-06,9.88152056838506e-06,9.88152056838506e-06,9.88152056838506e-06,9.88152056838506e-06,9.88152056838506e-06,9.88152056838506e-06,9.88152056838506e-06,9.88152056838506e-06,9.88152056838506e-06,9.88152056838506e-06,9.88152056838506e-06,9.88152056838506e-06,9.88152056838506e-06,9.88152056838506e-06,9.88152056838506e-06,9.88152056838506e-06,9.88152056838506e-06,9.88152056838506e-06,9.88152056838506e-06,9.88152056838506e-06,9.88152056838506e-06,9.88152056838506e-06,9.88152056838506e-06,9.88152056838506e-06,9.88152056838506e-06,9.88152056838506e-06,9.88152056838506e-06,9.88152056838506e-06,9.88152056838506e-06,9.88152056838506e-06,9.88152056838506e-06,9.88152056838506e-06,9.88152056838506e-06,9.88152056838506e-06,9.88152056838506e-06,9.88152056838506e-06,9.88152056838506e-06,9.88152056838506e-06,9.88152056838506e-06,9.88152056838506e-06,9.88152056838506e-06,9.88152056838506e-06,9.88152056838506e-06,9.88152056838506e-06,9.88152056838506e-06,9.88152056838506e-06,9.88152056838506e-06,9.88152056838506e-06,9.88152056838506e-06,9.88152056838506e-06,9.88152056838506e-06,9.88152056838506e-06,9.88152056838506e-06,9.88152056838506e-06,9.88152056838506e-06,9.88152056838506e-06,9.88152056838506e-06,9.88152056838506e-06,9.88152056838506e-06,9.88152056838506e-06,9.88152056838506e-06,9.88152056838506e-06,9.88152056838506e-06,9.88152056838506e-06,9.88152056838506e-06,9.88152056838506e-06,9.88152056838506e-06,9.88152056838506e-06,9.88152056838506e-06,9.88152056838506e-06,9.88152056838506e-06
9.88152056838506e-06,9.88152056838506e-06,9.88152056838506e-06,9.88152056838506e-06,9.88152056838506e-06,9.88152056838506e-06,9.88152056838506e-06,9.88152056838506e-06,9.88152056838506e-06,9.88152056838506e-06,9.88152056838506e-06,9.88152056838506e-06,9.88152056838506e-06,9.88152056838506e-06,9.88152056838506e-06,9.88152056838506e-06,9.88152056838506e-06,9.88152056838506e-06,9.88152056838506e-06,9.88152056838506e-06,9.88152056838506e-06,9.88152056838506e-06,9.88152056838506e-06,9.88152056838506e-06,9.88152056838506e-06,9.88152056838506e-06,9.88152056838506e-06,9.88152056838506e-06,9.88152056838506e-06,9.88152056838506e-06,9.88152056838506e-06,9.88152056838506e-06,9.88152056838506e-06,9.88152056838506e-06,9.88152056838506e-06,9.88152056838506e-06,9.88152056838506e-06,9.88152056838506e-06,9.88152056838506e-06,9.88152056838506e-06,9.88152056838506e-06,9.88152056838506e-06,9.88152056838506e-06,9.88152056838506e-06,9.88152056838506e-06,9.88152056838506e-06,9.88152056838506e-06,9.88152056838506e-06,9.88152056838506e-06,9.88152056838506e-06,9.88152056838506e-06,9.88152056838506e-06,9.88152056838506e-06,9.88152056838506e-06,9.88152056838506e-06,9.88152056838506e-06,9.88152056838506e-06,9.88152056838506e-06,9.88152056838506e-06,9.88152056838506e-06,9.88152056838506e-06,9.88152056838506e-06,9.88152056838506e-06,9.88152056838506e-06,9.88152056838506e-06,9.88152056838506e-06,9.88152056838506e-06,9.88152056838506e-06,9.88152056838506e-06,9.88152056838506e-06,9.88152056838506e-06,9.88152056838506e-06,9.88152056838506e-06,9.88152056838506e-06,9.88152056838506e-06,9.88152056838506e-06,9.88152056838506e-06,9.88152056838506e-06,9.88152056838506e-06,9.88152056838506e-06,9.88152056838506e-06,9.88152056838506e-06,9.88152056838506e-06,9.88152056838506e-06,9.88152056838506e-06,9.88152056838506e-06,9.88152056838506e-06,9.88152056838506e-06,9.88152056838506e-06,9.88152056838506e-06,9.88152056838506e-06,9.88152056838506e-06,9.88152056838506e-06,9.88152056838506e-06,9.88152056838506e-06,9.88152056838506e-06,9.88152056838506e-06,9.88152056838506e-06,9.88152056838506e-06,9.88152056838506e-06
9.88152056838506e-06,9.88152056838506e-06,9.88152056838506e-06,9.88152056838506e-06,9.88152056838506e-06,9.88152056838506e-06,9.88152056838506e-06,9.88152056838506e-06,9.88152056838506e-06,9.88152056838506e-06,9.88152056838506e-06,9.88152056838506e-06,9.88152056838506e-06,9.88152056838506e-06,9.88152056838506e-06,9.88152056838506e-06,9.88152056838506e-06,9.88152056838506e-06,9.88152056838506e-06,9.88152056838506e-06,9.88152056838506e-06,9.88152056838506e-06,9.88152056838506e-06,9.88152056838506e-06,9.88152056838506e-06,9.88152056838506e-06,9.88152056838506e-06,9.88152056838506e-06,9.88152056838506e-06,9.88152056838506e-06,9.88152056838506e-06,9.88152056838506e-06,9.88152056838506e-06,9.88152056838506e-06,9.88152056838506e-06,9.88152056838506e-06,9.88152056838506e-06,9.88152056838506e-06,9.88152056838506e-06,9.88152056838506e-06,9.88152056838506e-06,9.88152056838506e-06,9.88152056838506e-06,9.88152056838506e-06,9.88152056838506e-06,9.88152056838506e-06,9.88152056838506e-06,9.88152056838506e-06,9.88152056838506e-06,9.88152056838506e-06,9.88152056838506e-06,9.88152056838506e-06,9.88152056838506e-06,9.88152056838506e-06,9.88152056838506e-06,9.88152056838506e-06,9.88152056838506e-06,9.88152056838506e-06,9.88152056838506e-06,9.88152056838506e-06,9.88152056838506e-06,9.88152056838506e-06,9.88152056838506e-06,9.88152056838506e-06,9.88152056838506e-06,9.88152056838506e-06,9.88152056838506e-06,9.88152056838506e-06,9.88152056838506e-06,9.88152056838506e-06,9.88152056838506e-06,9.88152056838506e-06,9.88152056838506e-06,9.88152056838506e-06,9.88152056838506e-06,9.88152056838506e-06,9.88152056838506e-06,9.88152056838506e-06,9.88152056838506e-06,9.88152056838506e-06,9.88152056838506e-06,9.88152056838506e-06,9.88152056838506e-06,9.88152056838506e-06,9.88152056838506e-06,9.88152056838506e-06,9.88152056838506e-06,9.88152056838506e-06,9.88152056838506e-06,9.88152056838506e-06,9.88152056838506e-06,9.88152056838506e-06,9.88152056838506e-06,9.88152056838506e-06,9.88152056838506e-06,9.88152056838506e-06,9.88152056838506e-06,9.88152056838506e-06,9.88152056838506e-06,9.88152056838506e-06
9.88152056838506e-06,9.88152056838506e-06,9.88152056838506e-06,9.88152056838506e-06,9.88152056838506e-06,9.88152056838506e-06,9.88152056838506e-06,9.88152056838506e-06,9.88152056838506e-06,9.88152056838506e-06,9.88152056838506e-06,9.88152056838506e-06,9.88152056838506e-06,9.88152056838506e-06,9.88152056838506e-06,9.88152056838506e-06,9.88152056838506e-06,9.88152056838506e-06,9.88152056838506e-06,9.88152056838506e-06,9.88152056838506e-06,9.88152056838506e-06,9.88152056838506e-06,9.88152056838506e-06,9.88152056838506e-06,9.88152056838506e-06,9.88152056838506e-06,9.88152056838506e-06,9.88152056838506e-06,9.88152056838506e-06,9.88152056838506e-06,9.88152056838506e-06,9.88152056838506e-06,9.88152056838506e-06,9.88152056838506e-06,9.88152056838506e-06,9.88152056838506e-06,9.88152056838506e-06,9.88152056838506e-06,9.88152056838506e-06,9.88152056838506e-06,9.88152056838506e-06,9.88152056838506e-06,9.88152056838506e-06,9.88152056838506e-06,9.88152056838506e-06,9.88152056838506e-06,9.88152056838506e-06,9.88152056838506e-06,9.88152056838506e-06,9.88152056838506e-06,9.88152056838506e-06,9.88152056838506e-06,9.88152056838506e-06,9.88152056838506e-06,9.88152056838506e-06,9.88152056838506e-06,9.88152056838506e-06,9.88152056838506e-06,9.88152056838506e-06,9.88152056838506e-06,9.88152056838506e-06,9.88152056838506e-06,9.88152056838506e-06,9.88152056838506e-06,9.88152056838506e-06,9.88152056838506e-06,9.88152056838506e-06,9.88152056838506e-06,9.88152056838506e-06,9.88152056838506e-06,9.88152056838506e-06,9.88152056838506e-06,9.88152056838506e-06,9.88152056838506e-06,9.88152056838506e-06,9.88152056838506e-06,9.88152056838506e-06,9.88152056838506e-06,9.88152056838506e-06,9.88152056838506e-06,9.88152056838506e-06,9.88152056838506e-06,9.88152056838506e-06,9.88152056838506e-06,9.88152056838506e-06,9.88152056838506e-06,9.88152056838506e-06,9.88152056838506e-06,9.88152056838506e-06,9.88152056838506e-06,9.88152056838506e-06,9.88152056838506e-06,9.88152056838506e-06,9.88152056838506e-06,9.88152056838506e-06,9.88152056838506e-06,9.88152056838506e-06,9.88152056838506e-06,9.88152056838506e-06
9.88152056838506e-06,9.88152056838506e-06,9.88152056838506e-06,9.88152056838506e-06,9.88152056838506e-06,9.88152056838506e-06,9.88152056838506e-06,9.88152056838506e-06,9.88152056838506e-06,9.88152056838506e-06,9.88152056838506e-06,9.88152056838506e-06,9.88152056838506e-06,9.88152056838506e-06,9.88152056838506e-06,9.88152056838506e-06,9.88152056838506e-06,9.88152056838506e-06,9.88152056838506e-06,9.88152056838506e-06,9.88152056838506e-06,9.88152056838506e-06,9.88152056838506e-06,9.88152056838506e-06,9.88152056838506e-06,9.88152056838506e-06,9.88152056838506e-06,9.88152056838506e-06,9.88152056838506e-06,9.88152056838506e-06,9.88152056838506e-06,9.88152056838506e-06,9.88152056838506e-06,9.88152056838506e-06,9.88152056838506e-06,9.88152056838506e-06,9.88152056838506e-06,9.88152056838506e-06,9.88152056838506e-06,9.88152056838506e-06,9.88152056838506e-06,9.88152056838506e-06,9.88152056838506e-06,9.88152056838506e-06,9.88152056838506e-06,9.88152056838506e-06,9.88152056838506e-06,9.88152056838506e-06,9.88152056838506e-06,9.88152056838506e-06,9.88152056838506e-06,9.88152056838506e-06,9.88152056838506e-06,9.88152056838506e-06,9.88152056838506e-06,9.88152056838506e-06,9.88152056838506e-06,9.88152056838506e-06,9.88152056838506e-06,9.88152056838506e-06,9.88152056838506e-06,9.88152056838506e-06,9.88152056838506e-06,9.88152056838506e-06,9.88152056838506e-06,9.88152056838506e-06,9.88152056838506e-06,9.88152056838506e-06,9.88152056838506e-06,9.88152056838506e-06,9.88152056838506e-06,9.88152056838506e-06,9.88152056838506e-06,9.88152056838506e-06,9.88152056838506e-06,9.88152056838506e-06,9.88152056838506e-06,9.88152056838506e-06,9.88152056838506e-06,9.88152056838506e-06,9.88152056838506e-06,9.88152056838506e-06,9.88152056838506e-06,9.88152056838506e-06,9.88152056838506e-06,9.88152056838506e-06,9.88152056838506e-06,9.88152056838506e-06,9.88152056838506e-06,9.88152056838506e-06,9.88152056838506e-06,9.88152056838506e-06,9.88152056838506e-06,9.88152056838506e-06,9.88152056838506e-06,9.88152056838506e-06,9.88152056838506e-06,9.88152056838506e-06,9.88152056838506e-06,9.88152056838506e-06
9.88152056838506e-06,9.88152056838506e-06,9.88152056838506e-06,9.88152056838506e-06,9.88152056838506e-06,9.88152056838506e-06,9.88152056838506e-06,9.88152056838506e-06,9.88152056838506e-06,9.88152056838506e-06,9.88152056838506e-06,9.88152056838506e-06,9.88152056838506e-06,9.88152056838506e-06,9.88152056838506e-06,9.88152056838506e-06,9.88152056838506e-06,9.88152056838506e-06,9.88152056838506e-06,9.88152056838506e-06,9.88152056838506e-06,9.88152056838506e-06,9.88152056838506e-06,9.88152056838506e-06,9.88152056838506e-06,9.88152056838506e-06,9.88152056838506e-06,9.88152056838506e-06,9.88152056838506e-06,9.88152056838506e-06,9.88152056838506e-06,9.88152056838506e-06,9.88152056838506e-06,9.88152056838506e-06,9.88152056838506e-06,9.88152056838506e-06,9.88152056838506e-06,9.88152056838506e-06,9.88152056838506e-06,9.88152056838506e-06,9.88152056838506e-06,9.88152056838506e-06,9.88152056838506e-06,9.88152056838506e-06,9.88152056838506e-06,9.88152056838506e-06,9.88152056838506e-06,9.88152056838506e-06,9.88152056838506e-06,9.88152056838506e-06,9.88152056838506e-06,9.88152056838506e-06,9.88152056838506e-06,9.88152056838506e-06,9.88152056838506e-06,9.88152056838506e-06,9.88152056838506e-06,9.88152056838506e-06,9.88152056838506e-06,9.88152056838506e-06,9.88152056838506e-06,9.88152056838506e-06,9.88152056838506e-06,9.88152056838506e-06,9.88152056838506e-06,9.88152056838506e-06,9.88152056838506e-06,9.88152056838506e-06,9.88152056838506e-06,9.88152056838506e-06,9.88152056838506e-06,9.88152056838506e-06,9.88152056838506e-06,9.88152056838506e-06,9.88152056838506e-06,9.88152056838506e-06,9.88152056838506e-06,9.88152056838506e-06,9.88152056838506e-06,9.88152056838506e-06,9.88152056838506e-06,9.88152056838506e-06,9.88152056838506e-06,9.88152056838506e-06,9.88152056838506e-06,9.88152056838506e-06,9.88152056838506e-06,9.88152056838506e-06,9.88152056838506e-06,9.88152056838506e-06,9.88152056838506e-06,9.88152056838506e-06,9.88152056838506e-06,9.88152056838506e-06,9.88152056838506e-06,9.88152056838506e-06,9.88152056838506e-06,9.88152056838506e-06,9.88152056838506e-06,9.88152056838506e-06
9.88152056838506e-06,9.88152056838506e-06,9.88152056838506e-06,9.88152056838506e-06,9.88152056838506e-06,9.88152056838506e-06,9.88152056838506e-06,9.88152056838506e-06,9.88152056838506e-06,9.88152056838506e-06,9.88152056838506e-06,9.88152056838506e-06,9.88152056838506e-06,9.88152056838506e-06,9.88152056838506e-06,9.88152056838506e-06,9.88152056838506e-06,9.88152056838506e-06,9.88152056838506e-06,9.88152056838506e-06,9.88152056838506e-06,9.88152056838506e-06,9.88152056838506e-06,9.88152056838506e-06,9.88152056838506e-06,9.88152056838506e-06,9.88152056838506e-06,9.88152056838506e-06,9.88152056838506e-06,9.88152056838506e-06,9.88152056838506e-06,9.88152056838506e-06,9.88152056838506e-06,9.88152056838506e-06,9.88152056838506e-06,9.88152056838506e-06,9.88152056838506e-06,9.88152056838506e-06,9.88152056838506e-06,9.88152056838506e-06,9.88152056838506e-06,9.88152056838506e-06,9.88152056838506e-06,9.88152056838506e-06,9.88152056838506e-06,9.88152056838506e-06,9.88152056838506e-06,9.88152056838506e-06,9.88152056838506e-06,9.88152056838506e-06,9.88152056838506e-06,9.88152056838506e-06,9.88152056838506e-06,9.88152056838506e-06,9.88152056838506e-06,9.88152056838506e-06,9.88152056838506e-06,9.88152056838506e-06,9.88152056838506e-06,9.88152056838506e-06,9.88152056838506e-06,9.88152056838506e-06,9.88152056838506e-06,9.88152056838506e-06,9.88152056838506e-06,9.88152056838506e-06,9.88152056838506e-06,9.88152056838506e-06,9.88152056838506e-06,9.88152056838506e-06,9.88152056838506e-06,9.88152056838506e-06,9.88152056838506e-06,9.88152056838506e-06,9.88152056838506e-06,9.88152056838506e-06,9.88152056838506e-06,9.88152056838506e-06,9.88152056838506e-06,9.88152056838506e-06,9.88152056838506e-06,9.88152056838506e-06,9.88152056838506e-06,9.88152056838506e-06,9.88152056838506e-06,9.88152056838506e-06,9.88152056838506e-06,9.88152056838506e-06,9.88152056838506e-06,9.88152056838506e-06,9.88152056838506e-06,9.88152056838506e-06,9.88152056838506e-06,9.88152056838506e-06,9.88152056838506e-06,9.88152056838506e-06,9.88152056838506e-06,9.88152056838506e-06,9.88152056838506e-06,9.88152056838506e-06
9.88152056838506e-06,9.88152056838506e-06,9.88152056838506e-06,9.88152056838506e-06,9.88152056838506e-06,9.88152056838506e-06,9.88152056838506e-06,9.88152056838506e-06,9.88152056838506e-06,9.88152056838506e-06,9.88152056838506e-06,9.88152056838506e-06,9.88152056838506e-06,9.88152056838506e-06,9.88152056838506e-06,9.88152056838506e-06,9.88152056838506e-06,9.88152056838506e-06,9.88152056838506e-06,9.88152056838506e-06,9.88152056838506e-06,9.88152056838506e-06,9.88152056838506e-06,9.88152056838506e-06,9.88152056838506e-06,9.88152056838506e-06,9.88152056838506e-06,9.88152056838506e-06,9.88152056838506e-06,9.88152056838506e-06,9.88152056838506e-06,9.88152056838506e-06,9.88152056838506e-06,9.88152056838506e-06,9.88152056838506e-06,9.88152056838506e-06,9.88152056838506e-06,9.88152056838506e-06,9.88152056838506e-06,9.88152056838506e-06,9.88152056838506e-06,9.88152056838506e-06,9.88152056838506e-06,9.88152056838506e-06,9.88152056838506e-06,9.88152056838506e-06,9.88152056838506e-06,9.88152056838506e-06,9.88152056838506e-06,9.88152056838506e-06,9.88152056838506e-06,9.88152056838506e-06,9.88152056838506e-06,9.88152056838506e-06,9.88152056838506e-06,9.88152056838506e-06,9.88152056838506e-06,9.88152056838506e-06,9.88152056838506e-06,9.88152056838506e-06,9.88152056838506e-06,9.88152056838506e-06,9.88152056838506e-06,9.88152056838506e-06,9.88152056838506e-06,9.88152056838506e-06,9.88152056838506e-06,9.88152056838506e-06,9.88152056838506e-06,9.88152056838506e-06,9.88152056838506e-06,9.88152056838506e-06,9.88152056838506e-06,9.88152056838506e-06,9.88152056838506e-06,9.88152056838506e-06,9.88152056838506e-06,9.88152056838506e-06,9.88152056838506e-06,9.88152056838506e-06,9.88152056838506e-06,9.88152056838506e-06,9.88152056838506e-06,9.88152056838506e-06,9.88152056838506e-06,9.88152056838506e-06,9.88152056838506e-06,9.88152056838506e-06,9.88152056838506e-06,9.88152056838506e-06,9.88152056838506e-06,9.88152056838506e-06,9.88152056838506e-06,9.88152056838506e-06,9.88152056838506e-06,9.88152056838506e-06,9.88152056838506e-06,9.88152056838506e-06,9.88152056838506e-06,9.88152056838506e-06
9.88152056838506e-06,9.88152056838506e-06,9.88152056838506e-06,9.88152056838506e-06,9.88152056838506e-06,9.88152056838506e-06,9.88152056838506e-06,9.88152056838506e-06,9.88152056838506e-06,9.88152056838506e-06,9.88152056838506e-06,9.88152056838506e-06,9.88152056838506e-06,9.88152056838506e-06,9.88152056838506e-06,9.88152056838506e-06,9.88152056838506e-06,9.88152056838506e-06,9.88152056838506e-06,9.88152056838506e-06,9.88152056838506e-06,9.88152056838506e-06,9.88152056838506e-06,9.88152056838506e-06,9.88152056838506e-06,9.88152056838506e-06,9.88152056838506e-06,9.88152056838506e-06,9.88152056838506e-06,9.88152056838506e-06,9.88152056838506e-06,9.88152056838506e-06,9.88152056838506e-06,9.88152056838506e-06,9.88152056838506e-06,9.88152056838506e-06,9.88152056838506e-06,9.88152056838506e-06,9.88152056838506e-06,9.88152056838506e-06,9.88152056838506e-06,9.88152056838506e-06,9.88152056838506e-06,9.88152056838506e-06,9.88152056838506e-06,9.88152056838506e-06,9.88152056838506e-06,9.88152056838506e-06,9.88152056838506e-06,9.88152056838506e-06,9.88152056838506e-06,9.88152056838506e-06,9.88152056838506e-06,9.88152056838506e-06,9.88152056838506e-06,9.88152056838506e-06,9.88152056838506e-06,9.88152056838506e-06,9.88152056838506e-06,9.88152056838506e-06,9.88152056838506e-06,9.88152056838506e-06,9.88152056838506e-06,9.88152056838506e-06,9.88152056838506e-06,9.88152056838506e-06,9.88152056838506e-06,9.88152056838506e-06,9.88152056838506e-06,9.88152056838506e-06,9.88152056838506e-06,9.88152056838506e-06,9.88152056838506e-06,9.88152056838506e-06,9.88152056838506e-06,9.88152056838506e-06,9.88152056838506e-06,9.88152056838506e-06,9.88152056838506e-06,9.88152056838506e-06,9.88152056838506e-06,9.88152056838506e-06,9.88152056838506e-06,9.88152056838506e-06,9.88152056838506e-06,9.88152056838506e-06,9.88152056838506e-06,9.88152056838506e-06,9.88152056838506e-06,9.88152056838506e-06,9.88152056838506e-06,9.88152056838506e-06,9.88152056838506e-06,9.88152056838506e-06,9.88152056838506e-06,9.88152056838506e-06,9.88152056838506e-06,9.88152056838506e-06,9.88152056838506e-06,9.88152056838506e-06
9.88152056838506e-06,9.88152056838506e-06,9.88152056838506e-06,9.88152056838506e-06,9.88152056838506e-06,9.88152056838506e-06,9.88152056838506e-06,9.88152056838506e-06,9.88152056838506e-06,9.88152056838506e-06,9.88152056838506e-06,9.88152056838506e-06,9.88152056838506e-06,9.88152056838506e-06,9.88152056838506e-06,9.88152056838506e-06,9.88152056838506e-06,9.88152056838506e-06,9.88152056838506e-06,9.88152056838506e-06,9.88152056838506e-06,9.88152056838506e-06,9.88152056838506e-06,9.88152056838506e-06,9.88152056838506e-06,9.88152056838506e-06,9.88152056838506e-06,9.88152056838506e-06,9.88152056838506e-06,9.88152056838506e-06,9.88152056838506e-06,9.88152056838506e-06,9.88152056838506e-06,9.88152056838506e-06,9.88152056838506e-06,9.88152056838506e-06,9.88152056838506e-06,9.88152056838506e-06,9.88152056838506e-06,9.88152056838506e-06,9.88152056838506e-06,9.88152056838506e-06,9.88152056838506e-06,9.88152056838506e-06,9.88152056838506e-06,9.88152056838506e-06,9.88152056838506e-06,9.88152056838506e-06,9.88152056838506e-06,9.88152056838506e-06,9.88152056838506e-06,9.88152056838506e-06,9.88152056838506e-06,9.88152056838506e-06,9.88152056838506e-06,9.88152056838506e-06,9.88152056838506e-06,9.88152056838506e-06,9.88152056838506e-06,9.88152056838506e-06,9.88152056838506e-06,9.88152056838506e-06,9.88152056838506e-06,9.88152056838506e-06,9.88152056838506e-06,9.88152056838506e-06,9.88152056838506e-06,9.88152056838506e-06,9.88152056838506e-06,9.88152056838506e-06,9.88152056838506e-06,9.88152056838506e-06,9.88152056838506e-06,9.88152056838506e-06,9.88152056838506e-06,9.88152056838506e-06,9.88152056838506e-06,9.88152056838506e-06,9.88152056838506e-06,9.88152056838506e-06,9.88152056838506e-06,9.88152056838506e-06,9.88152056838506e-06,9.88152056838506e-06,9.88152056838506e-06,9.88152056838506e-06,9.88152056838506e-06,9.88152056838506e-06,9.88152056838506e-06,9.88152056838506e-06,9.88152056838506e-06,9.88152056838506e-06,9.88152056838506e-06,9.88152056838506e-06,9.88152056838506e-06,9.88152056838506e-06,9.88152056838506e-06,9.88152056838506e-06,9.88152056838506e-06,9.88152056838506e-06
9.88152056838506e-06,9.88152056838506e-06,9.88152056838506e-06,9.88152056838506e-06,9.88152056838506e-06,9.88152056838506e-06,9.88152056838506e-06,9.88152056838506e-06,9.88152056838506e-06,9.88152056838506e-06,9.88152056838506e-06,9.88152056838506e-06,9.88152056838506e-06,9.88152056838506e-06,9.88152056838506e-06,9.88152056838506e-06,9.88152056838506e-06,9.88152056838506e-06,9.88152056838506e-06,9.88152056838506e-06,9.88152056838506e-06,9.88152056838506e-06,9.88152056838506e-06,9.88152056838506e-06,9.88152056838506e-06,9.88152056838506e-06,9.88152056838506e-06,9.88152056838506e-06,9.88152056838506e-06,9.88152056838506e-06,9.88152056838506e-06,9.88152056838506e-06,9.88152056838506e-06,9.88152056838506e-06,9.88152056838506e-06,9.88152056838506e-06,9.88152056838506e-06,9.88152056838506e-06,9.88152056838506e-06,9.88152056838506e-06,9.88152056838506e-06,9.88152056838506e-06,9.88152056838506e-06,9.88152056838506e-06,9.88152056838506e-06,9.88152056838506e-06,9.88152056838506e-06,9.88152056838506e-06,9.88152056838506e-06,9.88152056838506e-06,9.88152056838506e-06,9.88152056838506e-06,9.88152056838506e-06,9.88152056838506e-06,9.88152056838506e-06,9.88152056838506e-06,9.88152056838506e-06,9.88152056838506e-06,9.88152056838506e-06,9.88152056838506e-06,9.88152056838506e-06,9.88152056838506e-06,9.88152056838506e-06,9.88152056838506e-06,9.88152056838506e-06,9.88152056838506e-06,9.88152056838506e-06,9.88152056838506e-06,9.88152056838506e-06,9.88152056838506e-06,9.88152056838506e-06,9.88152056838506e-06,9.88152056838506e-06,9.88152056838506e-06,9.88152056838506e-06,9.88152056838506e-06,9.88152056838506e-06,9.88152056838506e-06,9.88152056838506e-06,9.88152056838506e-06,9.88152056838506e-06,9.88152056838506e-06,9.88152056838506e-06,9.88152056838506e-06,9.88152056838506e-06,9.88152056838506e-06,9.88152056838506e-06,9.88152056838506e-06,9.88152056838506e-06,9.88152056838506e-06,9.88152056838506e-06,9.88152056838506e-06,9.88152056838506e-06,9.88152056838506e-06,9.88152056838506e-06,9.88152056838506e-06,9.88152056838506e-06,9.88152056838506e-06,9.88152056838506e-06,9.88152056838506e-06
9.88152056838506e-06,9.88152056838506e-06,9.88152056838506e-06,9.88152056838506e-06,9.88152056838506e-06,9.88152056838506e-06,9.88152056838506e-06,9.88152056838506e-06,9.88152056838506e-06,9.88152056838506e-06,9.88152056838506e-06,9.88152056838506e-06,9.88152056838506e-06,9.88152056838506e-06,9.88152056838506e-06,9.88152056838506e-06,9.88152056838506e-06,9.88152056838506e-06,9.88152056838506e-06,9.88152056838506e-06,9.88152056838506e-06,9.88152056838506e-06,9.88152056838506e-06,9.88152056838506e-06,9.88152056838506e-06,9.88152056838506e-06,9.88152056838506e-06,9.88152056838506e-06,9.88152056838506e-06,9.88152056838506e-06,9.88152056838506e-06,9.88152056838506e-06,9.88152056838506e-06,9.88152056838506e-06,9.88152056838506e-06,9.88152056838506e-06,9.88152056838506e-06,9.88152056838506e-06,9.88152056838506e-06,9.88152056838506e-06,9.88152056838506e-06,9.88152056838506e-06,9.88152056838506e-06,9.88152056838506e-06,9.88152056838506e-06,9.88152056838506e-06,9.88152056838506e-06,9.88152056838506e-06,9.88152056838506e-06,9.88152056838506e-06,9.88152056838506e-06,9.88152056838506e-06,9.88152056838506e-06,9.88152056838506e-06,9.88152056838506e-06,9.88152056838506e-06,9.88152056838506e-06,9.88152056838506e-06,9.88152056838506e-06,9.88152056838506e-06,9.88152056838506e-06,9.88152056838506e-06,9.88152056838506e-06,9.88152056838506e-06,9.88152056838506e-06,9.88152056838506e-06,9.88152056838506e-06,9.88152056838506e-06,9.88152056838506e-06,9.88152056838506e-06,9.88152056838506e-06,9.88152056838506e-06,9.88152056838506e-06,9.88152056838506e-06,9.88152056838506e-06,9.88152056838506e-06,9.88152056838506e-06,9.88152056838506e-06,9.88152056838506e-06,9.88152056838506e-06,9.88152056838506e-06,9.88152056838506e-06,9.88152056838506e-06,9.88152056838506e-06,9.88152056838506e-06,9.88152056838506e-06,9.88152056838506e-06,9.88152056838506e-06,9.88152056838506e-06,9.88152056838506e-06,9.88152056838506e-06,9.88152056838506e-06,9.88152056838506e-06,9.88152056838506e-06,9.88152056838506e-06,9.88152056838506e-06,9.88152056838506e-06,9.88152056838506e-06,9.88152056838506e-06,9.88152056838506e-06
9.88152056838506e-06,9.88152056838506e-06,9.88152056838506e-06,9.88152056838506e-06,9.88152056838506e-06,9.88152056838506e-06,9.88152056838506e-06,9.88152056838506e-06,9.88152056838506e-06,9.88152056838506e-06,9.88152056838506e-06,9.88152056838506e-06,9.88152056838506e-06,9.88152056838506e-06,9.88152056838506e-06,9.88152056838506e-06,9.88152056838506e-06,9.88152056838506e-06,9.88152056838506e-06,9.88152056838506e-06,9.88152056838506e-06,9.88152056838506e-06,9.88152056838506e-06,9.88152056838506e-06,9.88152056838506e-06,9.88152056838506e-06,9.88152056838506e-06,9.88152056838506e-06,9.88152056838506e-06,9.88152056838506e-06,9.88152056838506e-06,9.88152056838506e-06,9.88152056838506e-06,9.88152056838506e-06,9.88152056838506e-06,9.88152056838506e-06,9.88152056838506e-06,9.88152056838506e-06,9.88152056838506e-06,9.88152056838506e-06,9.88152056838506e-06,9.88152056838506e-06,9.88152056838506e-06,9.88152056838506e-06,9.88152056838506e-06,9.88152056838506e-06,9.88152056838506e-06,9.88152056838506e-06,9.88152056838506e-06,9.88152056838506e-06,9.88152056838506e-06,9.88152056838506e-06,9.88152056838506e-06,9.88152056838506e-06,9.88152056838506e-06,9.88152056838506e-06,9.88152056838506e-06,9.88152056838506e-06,9.88152056838506e-06,9.88152056838506e-06,9.88152056838506e-06,9.88152056838506e-06,9.88152056838506e-06,9.88152056838506e-06,9.88152056838506e-06,9.88152056838506e-06,9.88152056838506e-06,9.88152056838506e-06,9.88152056838506e-06,9.88152056838506e-06,9.88152056838506e-06,9.88152056838506e-06,9.88152056838506e-06,9.88152056838506e-06,9.88152056838506e-06,9.88152056838506e-06,9.88152056838506e-06,9.88152056838506e-06,9.88152056838506e-06,9.88152056838506e-06,9.88152056838506e-06,9.88152056838506e-06,9.88152056838506e-06,9.88152056838506e-06,9.88152056838506e-06,9.88152056838506e-06,9.88152056838506e-06,9.88152056838506e-06,9.88152056838506e-06,9.88152056838506e-06,9.88152056838506e-06,9.88152056838506e-06,9.88152056838506e-06,9.88152056838506e-06,9.88152056838506e-06,9.88152056838506e-06,9.88152056838506e-06,9.88152056838506e-06,9.88152056838506e-06,9.88152056838506e-06
9.88152056838506e-06,9.88152056838506e-06,9.88152056838506e-06,9.88152056838506e-06,9.88152056838506e-06,9.88152056838506e-06,9.88152056838506e-06,9.88152056838506e-06,9.88152056838506e-06,9.88152056838506e-06,9.88152056838506e-06,9.88152056838506e-06,9.88152056838506e-06,9.88152056838506e-06,9.88152056838506e-06,9.88152056838506e-06,9.88152056838506e-06,9.88152056838506e-06,9.88152056838506e-06,9.88152056838506e-06,9.88152056838506e-06,9.88152056838506e-06,9.88152056838506e-06,9.88152056838506e-06,9.88152056838506e-06,9.88152056838506e-06,9.88152056838506e-06,9.88152056838506e-06,9.88152056838506e-06,9.88152056838506e-06,9.88152056838506e-06,9.88152056838506e-06,9.88152056838506e-06,9.88152056838506e-06,9.88152056838506e-06,9.88152056838506e-06,9.88152056838506e-06,9.88152056838506e-06,9.88152056838506e-06,9.88152056838506e-06,9.88152056838506e-06,9.88152056838506e-06,9.88152056838506e-06,9.88152056838506e-06,9.88152056838506e-06,9.88152056838506e-06,9.88152056838506e-06,9.88152056838506e-06,9.88152056838506e-06,9.88152056838506e-06,9.88152056838506e-06,9.88152056838506e-06,9.88152056838506e-06,9.88152056838506e-06,9.88152056838506e-06,9.88152056838506e-06,9.88152056838506e-06,9.88152056838506e-06,9.88152056838506e-06,9.88152056838506e-06,9.88152056838506e-06,9.88152056838506e-06,9.88152056838506e-06,9.88152056838506e-06,9.88152056838506e-06,9.88152056838506e-06,9.88152056838506e-06,9.88152056838506e-06,9.88152056838506e-06,9.88152056838506e-06,9.88152056838506e-06,9.88152056838506e-06,9.88152056838506e-06,9.88152056838506e-06,9.88152056838506e-06,9.88152056838506e-06,9.88152056838506e-06,9.88152056838506e-06,9.88152056838506e-06,9.88152056838506e-06,9.88152056838506e-06,9.88152056838506e-06,9.88152056838506e-06,9.88152056838506e-06,9.88152056838506e-06,9.88152056838506e-06,9.88152056838506e-06,9.88152056838506e-06,9.88152056838506e-06,9.88152056838506e-06,9.88152056838506e-06,9.88152056838506e-06,9.88152056838506e-06,9.88152056838506e-06,9.88152056838506e-06,9.88152056838506e-06,9.88152056838506e-06,9.88152056838506e-06,9.88152056838506e-06,9.88152056838506e-06
9.88152056838506e-06,9.88152056838506e-06,9.88152056838506e-06,9.88152056838506e-06,9.88152056838506e-06,9.88152056838506e-06,9.88152056838506e-06,9.88152056838506e-06,9.88152056838506e-06,9.88152056838506e-06,9.88152056838506e-06,9.88152056838506e-06,9.88152056838506e-06,9.88152056838506e-06,9.88152056838506e-06,9.88152056838506e-06,9.88152056838506e-06,9.88152056838506e-06,9.88152056838506e-06,9.88152056838506e-06,9.88152056838506e-06,9.88152056838506e-06,9.88152056838506e-06,9.88152056838506e-06,9.88152056838506e-06,9.88152056838506e-06,9.88152056838506e-06,9.88152056838506e-06,9.88152056838506e-06,9.88152056838506e-06,9.88152056838506e-06,9.88152056838506e-06,9.88152056838506e-06,9.88152056838506e-06,9.88152056838506e-06,9.88152056838506e-06,9.88152056838506e-06,9.88152056838506e-06,9.88152056838506e-06,9.88152056838506e-06,9.88152056838506e-06,9.88152056838506e-06,9.88152056838506e-06,9.88152056838506e-06,9.88152056838506e-06,9.88152056838506e-06,9.88152056838506e-06,9.88152056838506e-06,9.88152056838506e-06,9.88152056838506e-06,9.88152056838506e-06,9.88152056838506e-06,9.88152056838506e-06,9.88152056838506e-06,9.88152056838506e-06,9.88152056838506e-06,9.88152056838506e-06,9.88152056838506e-06,9.88152056838506e-06,9.88152056838506e-06,9.88152056838506e-06,9.88152056838506e-06,9.88152056838506e-06,9.88152056838506e-06,9.88152056838506e-06,9.88152056838506e-06,9.88152056838506e-06,9.88152056838506e-06,9.88152056838506e-06,9.88152056838506e-06,9.88152056838506e-06,9.88152056838506e-06,9.88152056838506e-06,9.88152056838506e-06,9.88152056838506e-06,9.88152056838506e-06,9.88152056838506e-06,9.88152056838506e-06,9.88152056838506e-06,9.88152056838506e-06,9.88152056838506e-06,9.88152056838506e-06,9.88152056838506e-06,9.88152056838506e-06,9.88152056838506e-06,9.88152056838506e-06,9.88152056838506e-06,9.88152056838506e-06,9.88152056838506e-06,9.88152056838506e-06,9.88152056838506e-06,9.88152056838506e-06,9.88152056838506e-06,9.88152056838506e-06,9.88152056838506e-06,9.88152056838506e-06,9.88152056838506e-06,9.88152056838506e-06,9.88152056838506e-06,9.88152056838506e-06
9.88152056838506e-06,9.88152056838506e-06,9.88152056838506e-06,9.88152056838506e-06,9.88152056838506e-06,9.88152056838506e-06,9.88152056838506e-06,9.88152056838506e-06,9.88152056838506e-06,9.88152056838506e-06,9.88152056838506e-06,9.88152056838506e-06,9.88152056838506e-06,9.88152056838506e-06,9.88152056838506e-06,9.88152056838506e-06,9.88152056838506e-06,9.88152056838506e-06,9.88152056838506e-06,9.88152056838506e-06,9.88152056838506e-06,9.88152056838506e-06,9.88152056838506e-06,9.88152056838506e-06,9.88152056838506e-06,9.88152056838506e-06,9.88152056838506e-06,9.88152056838506e-06,9.88152056838506e-06,9.88152056838506e-06,9.88152056838506e-06,9.88152056838506e-06,9.88152056838506e-06,9.88152056838506e-06,9.88152056838506e-06,9.88152056838506e-06,9.88152056838506e-06,9.88152056838506e-06,9.88152056838506e-06,9.88152056838506e-06,9.88152056838506e-06,9.88152056838506e-06,9.88152056838506e-06,9.88152056838506e-06,9.88152056838506e-06,9.88152056838506e-06,9.88152056838506e-06,9.88152056838506e-06,9.88152056838506e-06,9.88152056838506e-06,9.88152056838506e-06,9.88152056838506e-06,9.88152056838506e-06,9.88152056838506e-06,9.88152056838506e-06,9.88152056838506e-06,9.88152056838506e-06,9.88152056838506e-06,9.88152056838506e-06,9.88152056838506e-06,9.88152056838506e-06,9.88152056838506e-06,9.88152056838506e-06,9.88152056838506e-06,9.88152056838506e-06,9.88152056838506e-06,9.88152056838506e-06,9.88152056838506e-06,9.88152056838506e-06,9.88152056838506e-06,9.88152056838506e-06,9.88152056838506e-06,9.88152056838506e-06,9.88152056838506e-06,9.88152056838506e-06,9.88152056838506e-06,9.88152056838506e-06,9.88152056838506e-06,9.88152056838506e-06,9.88152056838506e-06,9.88152056838506e-06,9.88152056838506e-06,9.88152056838506e-06,9.88152056838506e-06,9.88152056838506e-06,9.88152056838506e-06,9.88152056838506e-06,9.88152056838506e-06,9.88152056838506e-06,9.88152056838506e-06,9.88152056838506e-06,9.88152056838506e-06,9.88152056838506e-06,9.88152056838506e-06,9.88152056838506e-06,9.88152056838506e-06,9.88152056838506e-06,9.88152056838506e-06,9.88152056838506e-06,9.88152056838506e-06
9.88152056838506e-06,9.88152056838506e-06,9.88152056838506e-06,9.88152056838506e-06,9.88152056838506e-06,9.88152056838506e-06,9.88152056838506e-06,9.88152056838506e-06,9.88152056838506e-06,9.88152056838506e-06,9.88152056838506e-06,9.88152056838506e-06,9.88152056838506e-06,9.88152056838506e-06,9.88152056838506e-06,9.88152056838506e-06,9.88152056838506e-06,9.88152056838506e-06,9.88152056838506e-06,9.88152056838506e-06,9.88152056838506e-06,9.88152056838506e-06,9.88152056838506e-06,9.88152056838506e-06,9.88152056838506e-06,9.88152056838506e-06,9.88152056838506e-06,9.88152056838506e-06,9.88152056838506e-06,9.88152056838506e-06,9.88152056838506e-06,9.88152056838506e-06,9.88152056838506e-06,9.88152056838506e-06,9.88152056838506e-06,9.88152056838506e-06,9.88152056838506e-06,9.88152056838506e-06,9.88152056838506e-06,9.88152056838506e-06,9.88152056838506e-06,9.88152056838506e-06,9.88152056838506e-06,9.88152056838506e-06,9.88152056838506e-06,9.88152056838506e-06,9.88152056838506e-06,9.88152056838506e-06,9.88152056838506e-06,9.88152056838506e-06,9.88152056838506e-06,9.88152056838506e-06,9.88152056838506e-06,9.88152056838506e-06,9.88152056838506e-06,9.88152056838506e-06,9.88152056838506e-06,9.88152056838506e-06,9.88152056838506e-06,9.88152056838506e-06,9.88152056838506e-06,9.88152056838506e-06,9.88152056838506e-06,9.88152056838506e-06,9.88152056838506e-06,9.88152056838506e-06,9.88152056838506e-06,9.88152056838506e-06,9.88152056838506e-06,9.88152056838506e-06,9.88152056838506e-06,9.88152056838506e-06,9.88152056838506e-06,9.88152056838506e-06,9.88152056838506e-06,9.88152056838506e-06,9.88152056838506e-06,9.88152056838506e-06,9.88152056838506e-06,9.88152056838506e-06,9.88152056838506e-06,9.88152056838506e-06,9.88152056838506e-06,9.88152056838506e-06,9.88152056838506e-06,9.88152056838506e-06,9.88152056838506e-06,9.88152056838506e-06,9.88152056838506e-06,9.88152056838506e-06,9.88152056838506e-06,9.88152056838506e-06,9.88152056838506e-06,9.88152056838506e-06,9.88152056838506e-06,9.88152056838506e-06,9.88152056838506e-06,9.88152056838506e-06,9.88152056838506e-06,9.88152056838506e-06
9.88152056838506e-06,9.88152056838506e-06,9.88152056838506e-06,9.88152056838506e-06,9.88152056838506e-06,9.88152056838506e-06,9.88152056838506e-06,9.88152056838506e-06,9.88152056838506e-06,9.88152056838506e-06,9.88152056838506e-06,9.88152056838506e-06,9.88152056838506e-06,9.88152056838506e-06,9.88152056838506e-06,9.88152056838506e-06,9.88152056838506e-06,9.88152056838506e-06,9.88152056838506e-06,9.88152056838506e-06,9.88152056838506e-06,9.88152056838506e-06,9.88152056838506e-06,9.88152056838506e-06,9.88152056838506e-06,9.88152056838506e-06,9.88152056838506e-06,9.88152056838506e-06,9.88152056838506e-06,9.88152056838506e-06,9.88152056838506e-06,9.88152056838506e-06,9.88152056838506e-06,9.88152056838506e-06,9.88152056838506e-06,9.88152056838506e-06,9.88152056838506e-06,9.88152056838506e-06,9.88152056838506e-06,9.88152056838506e-06,9.88152056838506e-06,9.88152056838506e-06,9.88152056838506e-06,9.88152056838506e-06,9.88152056838506e-06,9.88152056838506e-06,9.88152056838506e-06,9.88152056838506e-06,9.88152056838506e-06,9.88152056838506e-06,9.88152056838506e-06,9.88152056838506e-06,9.88152056838506e-06,9.88152056838506e-06,9.88152056838506e-06,9.88152056838506e-06,9.88152056838506e-06,9.88152056838506e-06,9.88152056838506e-06,9.88152056838506e-06,9.88152056838506e-06,9.88152056838506e-06,9.88152056838506e-06,9.88152056838506e-06,9.88152056838506e-06,9.88152056838506e-06,9.88152056838506e-06,9.88152056838506e-06,9.88152056838506e-06,9.88152056838506e-06,9.88152056838506e-06,9.88152056838506e-06,9.88152056838506e-06,9.88152056838506e-06,9.88152056838506e-06,9.88152056838506e-06,9.88152056838506e-06,9.88152056838506e-06,9.88152056838506e-06,9.88152056838506e-06,9.88152056838506e-06,9.88152056838506e-06,9.88152056838506e-06,9.88152056838506e-06,9.88152056838506e-06,9.88152056838506e-06,9.88152056838506e-06,9.88152056838506e-06,9.88152056838506e-06,9.88152056838506e-06,9.88152056838506e-06,9.88152056838506e-06,9.88152056838506e-06,9.88152056838506e-06,9.88152056838506e-06,9.88152056838506e-06,9.88152056838506e-06,9.88152056838506e-06,9.88152056838506e-06,9.88152056838506e-06
9.88152056838506e-06,9.88152056838506e-06,9.88152056838506e-06,9.88152056838506e-06,9.88152056838506e-06,9.88152056838506e-06,9.88152056838506e-06,9.88152056838506e-06,9.88152056838506e-06,9.88152056838506e-06,9.88152056838506e-06,9.88152056838506e-06,9.88152056838506e-06,9.88152056838506e-06,9.88152056838506e-06,9.88152056838506e-06,9.88152056838506e-06,9.88152056838506e-06,9.88152056838506e-06,9.88152056838506e-06,9.88152056838506e-06,9.88152056838506e-06,9.88152056838506e-06,9.88152056838506e-06,9.88152056838506e-06,9.88152056838506e-06,9.88152056838506e-06,9.88152056838506e-06,9.88152056838506e-06,9.88152056838506e-06,9.88152056838506e-06,9.88152056838506e-06,9.88152056838506e-06,9.88152056838506e-06,9.88152056838506e-06,9.88152056838506e-06,9.88152056838506e-06,9.88152056838506e-06,9.88152056838506e-06,9.88152056838506e-06,9.88152056838506e-06,9.88152056838506e-06,9.88152056838506e-06,9.88152056838506e-06,9.88152056838506e-06,9.88152056838506e-06,9.88152056838506e-06,9.88152056838506e-06,9.88152056838506e-06,9.88152056838506e-06,9.88152056838506e-06,9.88152056838506e-06,9.88152056838506e-06,9.88152056838506e-06,9.88152056838506e-06,9.88152056838506e-06,9.88152056838506e-06,9.88152056838506e-06,9.88152056838506e-06,9.88152056838506e-06,9.88152056838506e-06,9.88152056838506e-06,9.88152056838506e-06,9.88152056838506e-06,9.88152056838506e-06,9.88152056838506e-06,9.88152056838506e-06,9.88152056838506e-06,9.88152056838506e-06,9.88152056838506e-06,9.88152056838506e-06,9.88152056838506e-06,9.88152056838506e-06,9.88152056838506e-06,9.88152056838506e-06,9.88152056838506e-06,9.88152056838506e-06,9.88152056838506e-06,9.88152056838506e-06,9.88152056838506e-06,9.88152056838506e-06,9.88152056838506e-06,9.88152056838506e-06,9.88152056838506e-06,9.88152056838506e-06,9.88152056838506e-06,9.88152056838506e-06,9.88152056838506e-06,9.88152056838506e-06,9.88152056838506e-06,9.88152056838506e-06,9.88152056838506e-06,9.88152056838506e-06,9.88152056838506e-06,9.88152056838506e-06,9.88152056838506e-06,9.88152056838506e-06,9.88152056838506e-06,9.88152056838506e-06,9.88152056838506e-06
9.88152056838506e-06,9.88152056838506e-06,9.88152056838506e-06,9.88152056838506e-06,9.88152056838506e-06,9.88152056838506e-06,9.88152056838506e-06,9.88152056838506e-06,9.88152056838506e-06,9.88152056838506e-06,9.88152056838506e-06,9.88152056838506e-06,9.88152056838506e-06,9.88152056838506e-06,9.88152056838506e-06,9.88152056838506e-06,9.88152056838506e-06,9.88152056838506e-06,9.88152056838506e-06,9.88152056838506e-06,9.88152056838506e-06,9.88152056838506e-06,9.88152056838506e-06,9.88152056838506e-06,9.88152056838506e-06,9.88152056838506e-06,9.88152056838506e-06,9.88152056838506e-06,9.88152056838506e-06,9.88152056838506e-06,9.88152056838506e-06,9.88152056838506e-06,9.88152056838506e-06,9.88152056838506e-06,9.88152056838506e-06,9.88152056838506e-06,9.88152056838506e-06,9.88152056838506e-06,9.88152056838506e-06,9.88152056838506e-06,9.88152056838506e-06,9.88152056838506e-06,9.88152056838506e-06,9.88152056838506e-06,9.88152056838506e-06,9.88152056838506e-06,9.88152056838506e-06,9.88152056838506e-06,9.88152056838506e-06,9.88152056838506e-06,9.88152056838506e-06,9.88152056838506e-06,9.88152056838506e-06,9.88152056838506e-06,9.88152056838506e-06,9.88152056838506e-06,9.88152056838506e-06,9.88152056838506e-06,9.88152056838506e-06,9.88152056838506e-06,9.88152056838506e-06,9.88152056838506e-06,9.88152056838506e-06,9.88152056838506e-06,9.88152056838506e-06,9.88152056838506e-06,9.88152056838506e-06,9.88152056838506e-06,9.88152056838506e-06,9.88152056838506e-06,9.88152056838506e-06,9.88152056838506e-06,9.88152056838506e-06,9.88152056838506e-06,9.88152056838506e-06,9.88152056838506e-06,9.88152056838506e-06,9.88152056838506e-06,9.88152056838506e-06,9.88152056838506e-06,9.88152056838506e-06,9.88152056838506e-06,9.88152056838506e-06,9.88152056838506e-06,9.88152056838506e-06,9.88152056838506e-06,9.88152056838506e-06,9.88152056838506e-06,9.88152056838506e-06,9.88152056838506e-06,9.88152056838506e-06,9.88152056838506e-06,9.88152056838506e-06,9.88152056838506e-06,9.88152056838506e-06,9.88152056838506e-06,9.88152056838506e-06,9.88152056838506e-06,9.88152056838506e-06,9.88152056838506e-06
9.88152056838506e-06,9.88152056838506e-06,9.88152056838506e-06,9.88152056838506e-06,9.88152056838506e-06,9.88152056838506e-06,9.88152056838506e-06,9.88152056838506e-06,9.88152056838506e-06,9.88152056838506e-06,9.88152056838506e-06,9.88152056838506e-06,9.88152056838506e-06,9.88152056838506e-06,9.88152056838506e-06,9.88152056838506e-06,9.88152056838506e-06,9.88152056838506e-06,9.88152056838506e-06,9.88152056838506e-06,9.88152056838506e-06,9.88152056838506e-06,9.88152056838506e-06,9.88152056838506e-06,9.88152056838506e-06,9.88152056838506e-06,9.88152056838506e-06,9.88152056838506e-06,9.88152056838506e-06,9.88152056838506e-06,9.88152056838506e-06,9.88152056838506e-06,9.88152056838506e-06,9.88152056838506e-06,9.88152056838506e-06,9.88152056838506e-06,9.88152056838506e-06,9.88152056838506e-06,9.88152056838506e-06,9.88152056838506e-06,9.88152056838506e-06,9.88152056838506e-06,9.88152056838506e-06,9.88152056838506e-06,9.88152056838506e-06,9.88152056838506e-06,9.88152056838506e-06,9.88152056838506e-06,9.88152056838506e-06,9.88152056838506e-06,9.88152056838506e-06,9.88152056838506e-06,9.88152056838506e-06,9.88152056838506e-06,9.88152056838506e-06,9.88152056838506e-06,9.88152056838506e-06,9.88152056838506e-06,9.88152056838506e-06,9.88152056838506e-06,9.88152056838506e-06,9.88152056838506e-06,9.88152056838506e-06,9.88152056838506e-06,9.88152056838506e-06,9.88152056838506e-06,9.88152056838506e-06,9.88152056838506e-06,9.88152056838506e-06,9.88152056838506e-06,9.88152056838506e-06,9.88152056838506e-06,9.88152056838506e-06,9.88152056838506e-06,9.88152056838506e-06,9.88152056838506e-06,9.88152056838506e-06,9.88152056838506e-06,9.88152056838506e-06,9.88152056838506e-06,9.88152056838506e-06,9.88152056838506e-06,9.88152056838506e-06,9.88152056838506e-06,9.88152056838506e-06,9.88152056838506e-06,9.88152056838506e-06,9.88152056838506e-06,9.88152056838506e-06,9.88152056838506e-06,9.88152056838506e-06,9.88152056838506e-06,9.88152056838506e-06,9.88152056838506e-06,9.88152056838506e-06,9.88152056838506e-06,9.88152056838506e-06,9.88152056838506e-06,9.88152056838506e-06,9.88152056838506e-06
9.88152056838506e-06,9.88152056838506e-06,9.88152056838506e-06,9.88152056838506e-06,9.88152056838506e-06,9.88152056838506e-06,9.88152056838506e-06,9.88152056838506e-06,9.88152056838506e-06,9.88152056838506e-06,9.88152056838506e-06,9.88152056838506e-06,9.88152056838506e-06,9.88152056838506e-06,9.88152056838506e-06,9.88152056838506e-06,9.88152056838506e-06,9.88152056838506e-06,9.88152056838506e-06,9.88152056838506e-06,9.88152056838506e-06,9.88152056838506e-06,9.88152056838506e-06,9.88152056838506e-06,9.88152056838506e-06,9.88152056838506e-06,9.88152056838506e-06,9.88152056838506e-06,9.88152056838506e-06,9.88152056838506e-06,9.88152056838506e-06,9.88152056838506e-06,9.88152056838506e-06,9.88152056838506e-06,9.88152056838506e-06,9.88152056838506e-06,9.88152056838506e-06,9.88152056838506e-06,9.88152056838506e-06,9.88152056838506e-06,9.88152056838506e-06,9.88152056838506e-06,9.88152056838506e-06,9.88152056838506e-06,9.88152056838506e-06,9.88152056838506e-06,9.88152056838506e-06,9.88152056838506e-06,9.88152056838506e-06,9.88152056838506e-06,9.88152056838506e-06,9.88152056838506e-06,9.88152056838506e-06,9.88152056838506e-06,9.88152056838506e-06,9.88152056838506e-06,9.88152056838506e-06,9.88152056838506e-06,9.88152056838506e-06,9.88152056838506e-06,9.88152056838506e-06,9.88152056838506e-06,9.88152056838506e-06,9.88152056838506e-06,9.88152056838506e-06,9.88152056838506e-06,9.88152056838506e-06,9.88152056838506e-06,9.88152056838506e-06,9.88152056838506e-06,9.88152056838506e-06,9.88152056838506e-06,9.88152056838506e-06,9.88152056838506e-06,9.88152056838506e-06,9.88152056838506e-06,9.88152056838506e-06,9.88152056838506e-06,9.88152056838506e-06,9.88152056838506e-06,9.88152056838506e-06,9.88152056838506e-06,9.88152056838506e-06,9.88152056838506e-06,9.88152056838506e-06,9.88152056838506e-06,9.88152056838506e-06,9.88152056838506e-06,9.88152056838506e-06,9.88152056838506e-06,9.88152056838506e-06,9.88152056838506e-06,9.88152056838506e-06,9.88152056838506e-06,9.88152056838506e-06,9.88152056838506e-06,9.88152056838506e-06,9.88152056838506e-06,9.88152056838506e-06,9.88152056838506e-06
9.88152056838506e-06,9.88152056838506e-06,9.88152056838506e-06,9.88152056838506e-06,9.88152056838506e-06,9.88152056838506e-06,9.88152056838506e-06,9.88152056838506e-06,9.88152056838506e-06,9.88152056838506e-06,9.88152056838506e-06,9.88152056838506e-06,9.88152056838506e-06,9.88152056838506e-06,9.88152056838506e-06,9.88152056838506e-06,9.88152056838506e-06,9.88152056838506e-06,9.88152056838506e-06,9.88152056838506e-06,9.88152056838506e-06,9.88152056838506e-06,9.88152056838506e-06,9.88152056838506e-06,9.88152056838506e-06,9.88152056838506e-06,9.88152056838506e-06,9.88152056838506e-06,9.88152056838506e-06,9.88152056838506e-06,9.88152056838506e-06,9.88152056838506e-06,9.88152056838506e-06,9.88152056838506e-06,9.88152056838506e-06,9.88152056838506e-06,9.88152056838506e-06,9.88152056838506e-06,9.88152056838506e-06,9.88152056838506e-06,9.88152056838506e-06,9.88152056838506e-06,9.88152056838506e-06,9.88152056838506e-06,9.88152056838506e-06,9.88152056838506e-06,9.88152056838506e-06,9.88152056838506e-06,9.88152056838506e-06,9.88152056838506e-06,9.88152056838506e-06,9.88152056838506e-06,9.88152056838506e-06,9.88152056838506e-06,9.88152056838506e-06,9.88152056838506e-06,9.88152056838506e-06,9.88152056838506e-06,9.88152056838506e-06,9.88152056838506e-06,9.88152056838506e-06,9.88152056838506e-06,9.88152056838506e-06,9.88152056838506e-06,9.88152056838506e-06,9.88152056838506e-06,9.88152056838506e-06,9.88152056838506e-06,9.88152056838506e-06,9.88152056838506e-06,9.88152056838506e-06,9.88152056838506e-06,9.88152056838506e-06,9.88152056838506e-06,9.88152056838506e-06,9.88152056838506e-06,9.88152056838506e-06,9.88152056838506e-06,9.88152056838506e-06,9.88152056838506e-06,9.88152056838506e-06,9.88152056838506e-06,9.88152056838506e-06,9.88152056838506e-06,9.88152056838506e-06,9.88152056838506e-06,9.88152056838506e-06,9.88152056838506e-06,9.88152056838506e-06,9.88152056838506e-06,9.88152056838506e-06,9.88152056838506e-06,9.88152056838506e-06,9.88152056838506e-06,9.88152056838506e-06,9.88152056838506e-06,9.88152056838506e-06,9.88152056838506e-06,9.88152056838506e-06,9.88152056838506e-06
9.88152056838506e-06,9.88152056838506e-06,9.88152056838506e-06,9.88152056838506e-06,9.88152056838506e-06,9.88152056838506e-06,9.88152056838506e-06,9.88152056838506e-06,9.88152056838506e-06,9.88152056838506e-06,9.88152056838506e-06,9.88152056838506e-06,9.88152056838506e-06,9.88152056838506e-06,9.88152056838506e-06,9.88152056838506e-06,9.88152056838506e-06,9.88152056838506e-06,9.88152056838506e-06,9.88152056838506e-06,9.88152056838506e-06,9.88152056838506e-06,9.88152056838506e-06,9.88152056838506e-06,9.88152056838506e-06,9.88152056838506e-06,9.88152056838506e-06,9.88152056838506e-06,9.88152056838506e-06,9.88152056838506e-06,9.88152056838506e-06,9.88152056838506e-06,9.88152056838506e-06,9.88152056838506e-06,9.88152056838506e-06,9.88152056838506e-06,9.88152056838506e-06,9.88152056838506e-06,9.88152056838506e-06,9.88152056838506e-06,9.88152056838506e-06,9.88152056838506e-06,9.88152056838506e-06,9.88152056838506e-06,9.88152056838506e-06,9.88152056838506e-06,9.88152056838506e-06,9.88152056838506e-06,9.88152056838506e-06,9.88152056838506e-06,9.88152056838506e-06,9.88152056838506e-06,9.88152056838506e-06,9.88152056838506e-06,9.88152056838506e-06,9.88152056838506e-06,9.88152056838506e-06,9.88152056838506e-06,9.88152056838506e-06,9.88152056838506e-06,9.88152056838506e-06,9.88152056838506e-06,9.88152056838506e-06,9.88152056838506e-06,9.88152056838506e-06,9.88152056838506e-06,9.88152056838506e-06,9.88152056838506e-06,9.88152056838506e-06,9.88152056838506e-06,9.88152056838506e-06,9.88152056838506e-06,9.88152056838506e-06,9.88152056838506e-06,9.88152056838506e-06,9.88152056838506e-06,9.88152056838506e-06,9.88152056838506e-06,9.88152056838506e-06,9.88152056838506e-06,9.88152056838506e-06,9.88152056838506e-06,9.88152056838506e-06,9.88152056838506e-06,9.88152056838506e-06,9.88152056838506e-06,9.88152056838506e-06,9.88152056838506e-06,9.88152056838506e-06,9.88152056838506e-06,9.88152056838506e-06,9.88152056838506e-06,9.88152056838506e-06,9.88152056838506e-06,9.88152056838506e-06,9.88152056838506e-06,9.88152056838506e-06,9.88152056838506e-06,9.88152056838506e-06,9.88152056838506e-06
9.88152056838506e-06,9.88152056838506e-06,9.88152056838506e-06,9.88152056838506e-06,9.88152056838506e-06,9.88152056838506e-06,9.88152056838506e-06,9.88152056838506e-06,9.88152056838506e-06,9.88152056838506e-06,9.88152056838506e-06,9.88152056838506e-06,9.88152056838506e-06,9.88152056838506e-06,9.88152056838506e-06,9.88152056838506e-06,9.88152056838506e-06,9.88152056838506e-06,9.88152056838506e-06,9.88152056838506e-06,9.88152056838506e-06,9.88152056838506e-06,9.88152056838506e-06,9.88152056838506e-06,9.88152056838506e-06,9.88152056838506e-06,9.88152056838506e-06,9.88152056838506e-06,9.88152056838506e-06,9.88152056838506e-06,9.88152056838506e-06,9.88152056838506e-06,9.88152056838506e-06,9.88152056838506e-06,9.88152056838506e-06,9.88152056838506e-06,9.88152056838506e-06,9.88152056838506e-06,9.88152056838506e-06,9.88152056838506e-06,9.88152056838506e-06,9.88152056838506e-06,9.88152056838506e-06,9.88152056838506e-06,9.88152056838506e-06,9.88152056838506e-06,9.88152056838506e-06,9.88152056838506e-06,9.88152056838506e-06,9.88152056838506e-06,9.88152056838506e-06,9.88152056838506e-06,9.88152056838506e-06,9.88152056838506e-06,9.88152056838506e-06,9.88152056838506e-06,9.88152056838506e-06,9.88152056838506e-06,9.88152056838506e-06,9.88152056838506e-06,9.88152056838506e-06,9.88152056838506e-06,9.88152056838506e-06,9.88152056838506e-06,9.88152056838506e-06,9.88152056838506e-06,9.88152056838506e-06,9.88152056838506e-06,9.88152056838506e-06,9.88152056838506e-06,9.88152056838506e-06,9.88152056838506e-06,9.88152056838506e-06,9.88152056838506e-06,9.88152056838506e-06,9.88152056838506e-06,9.88152056838506e-06,9.88152056838506e-06,9.88152056838506e-06,9.88152056838506e-06,9.88152056838506e-06,9.88152056838506e-06,9.88152056838506e-06,9.88152056838506e-06,9.88152056838506e-06,9.88152056838506e-06,9.88152056838506e-06,9.88152056838506e-06,9.88152056838506e-06,9.88152056838506e-06,9.88152056838506e-06,9.88152056838506e-06,9.88152056838506e-06,9.88152056838506e-06,9.88152056838506e-06,9.88152056838506e-06,9.88152056838506e-06,9.88152056838506e-06,9.88152056838506e-06,9.88152056838506e-06
9.88152056838506e-06,9.88152056838506e-06,9.88152056838506e-06,9.88152056838506e-06,9.88152056838506e-06,9.88152056838506e-06,9.88152056838506e-06,9.88152056838506e-06,9.88152056838506e-06,9.88152056838506e-06,9.88152056838506e-06,9.88152056838506e-06,9.88152056838506e-06,9.88152056838506e-06,9.88152056838506e-06,9.88152056838506e-06,9.88152056838506e-06,9.88152056838506e-06,9.88152056838506e-06,9.88152056838506e-06,9.88152056838506e-06,9.88152056838506e-06,9.88152056838506e-06,9.88152056838506e-06,9.88152056838506e-06,9.88152056838506e-06,9.88152056838506e-06,9.88152056838506e-06,9.88152056838506e-06,9.88152056838506e-06,9.88152056838506e-06,9.88152056838506e-06,9.88152056838506e-06,9.88152056838506e-06,9.88152056838506e-06,9.88152056838506e-06,9.88152056838506e-06,9.88152056838506e-06,9.88152056838506e-06,9.88152056838506e-06,9.88152056838506e-06,9.88152056838506e-06,9.88152056838506e-06,9.88152056838506e-06,9.88152056838506e-06,9.88152056838506e-06,9.88152056838506e-06,9.88152056838506e-06,9.88152056838506e-06,9.88152056838506e-06,9.88152056838506e-06,9.88152056838506e-06,9.88152056838506e-06,9.88152056838506e-06,9.88152056838506e-06,9.88152056838506e-06,9.88152056838506e-06,9.88152056838506e-06,9.88152056838506e-06,9.88152056838506e-06,9.88152056838506e-06,9.88152056838506e-06,9.88152056838506e-06,9.88152056838506e-06,9.88152056838506e-06,9.88152056838506e-06,9.88152056838506e-06,9.88152056838506e-06,9.88152056838506e-06,9.88152056838506e-06,9.88152056838506e-06,9.88152056838506e-06,9.88152056838506e-06,9.88152056838506e-06,9.88152056838506e-06,9.88152056838506e-06,9.88152056838506e-06,9.88152056838506e-06,9.88152056838506e-06,9.88152056838506e-06,9.88152056838506e-06,9.88152056838506e-06,9.88152056838506e-06,9.88152056838506e-06,9.88152056838506e-06,9.88152056838506e-06,9.88152056838506e-06,9.88152056838506e-06,9.88152056838506e-06,9.88152056838506e-06,9.88152056838506e-06,9.88152056838506e-06,9.88152056838506e-06,9.88152056838506e-06,9.88152056838506e-06,9.88152056838506e-06,9.88152056838506e-06,9.88152056838506e-06,9.88152056838506e-06,9.88152056838506e-06
9.88152056838506e-06,9.88152056838506e-06,9.88152056838506e-06,9.88152056838506e-06,9.88152056838506e-06,9.88152056838506e-06,9.88152056838506e-06,9.88152056838506e-06,9.88152056838506e-06,9.88152056838506e-06,9.88152056838506e-06,9.88152056838506e-06,9.88152056838506e-06,9.88152056838506e-06,9.88152056838506e-06,9.88152056838506e-06,9.88152056838506e-06,9.88152056838506e-06,9.88152056838506e-06,9.88152056838506e-06,9.88152056838506e-06,9.88152056838506e-06,9.88152056838506e-06,9.88152056838506e-06,9.88152056838506e-06,9.88152056838506e-06,9.88152056838506e-06,9.88152056838506e-06,9.88152056838506e-06,9.88152056838506e-06,9.88152056838506e-06,9.88152056838506e-06,9.88152056838506e-06,9.88152056838506e-06,9.88152056838506e-06,9.88152056838506e-06,9.88152056838506e-06,9.88152056838506e-06,9.88152056838506e-06,9.88152056838506e-06,9.88152056838506e-06,9.88152056838506e-06,9.88152056838506e-06,9.88152056838506e-06,9.88152056838506e-06,9.88152056838506e-06,9.88152056838506e-06,9.88152056838506e-06,9.88152056838506e-06,9.88152056838506e-06,9.88152056838506e-06,9.88152056838506e-06,9.88152056838506e-06,9.88152056838506e-06,9.88152056838506e-06,9.88152056838506e-06,9.88152056838506e-06,9.88152056838506e-06,9.88152056838506e-06,9.88152056838506e-06,9.88152056838506e-06,9.88152056838506e-06,9.88152056838506e-06,9.88152056838506e-06,9.88152056838506e-06,9.88152056838506e-06,9.88152056838506e-06,9.88152056838506e-06,9.88152056838506e-06,9.88152056838506e-06,9.88152056838506e-06,9.88152056838506e-06,9.88152056838506e-06,9.88152056838506e-06,9.88152056838506e-06,9.88152056838506e-06,9.88152056838506e-06,9.88152056838506e-06,9.88152056838506e-06,9.88152056838506e-06,9.88152056838506e-06,9.88152056838506e-06,9.88152056838506e-06,9.88152056838506e-06,9.88152056838506e-06,9.88152056838506e-06,9.88152056838506e-06,9.88152056838506e-06,9.88152056838506e-06,9.88152056838506e-06,9.88152056838506e-06,9.88152056838506e-06,9.88152056838506e-06,9.88152056838506e-06,9.88152056838506e-06,9.88152056838506e-06,9.88152056838506e-06,9.88152056838506e-06,9.88152056838506e-06,9.88152056838506e-06
9.88152056838506e-06,9.88152056838506e-06,9.88152056838506e-06,9.88152056838506e-06,9.88152056838506e-06,9.88152056838506e-06,9.88152056838506e-06,9.88152056838506e-06,9.88152056838506e-06,9.88152056838506e-06,9.88152056838506e-06,9.88152056838506e-06,9.88152056838506e-06,9.88152056838506e-06,9.88152056838506e-06,9.88152056838506e-06,9.88152056838506e-06,9.88152056838506e-06,9.88152056838506e-06,9.88152056838506e-06,9.88152056838506e-06,9.88152056838506e-06,9.88152056838506e-06,9.88152056838506e-06,9.88152056838506e-06,9.88152056838506e-06,9.88152056838506e-06,9.88152056838506e-06,9.88152056838506e-06,9.88152056838506e-06,9.88152056838506e-06,9.88152056838506e-06,9.88152056838506e-06,9.88152056838506e-06,9.88152056838506e-06,9.88152056838506e-06,9.88152056838506e-06,9.88152056838506e-06,9.88152056838506e-06,9.88152056838506e-06,9.88152056838506e-06,9.88152056838506e-06,9.88152056838506e-06,9.88152056838506e-06,9.88152056838506e-06,9.88152056838506e-06,9.88152056838506e-06,9.88152056838506e-06,9.88152056838506e-06,9.88152056838506e-06,9.88152056838506e-06,9.88152056838506e-06,9.88152056838506e-06,9.88152056838506e-06,9.88152056838506e-06,9.88152056838506e-06,9.88152056838506e-06,9.88152056838506e-06,9.88152056838506e-06,9.88152056838506e-06,9.88152056838506e-06,9.88152056838506e-06,9.88152056838506e-06,9.88152056838506e-06,9.88152056838506e-06,9.88152056838506e-06,9.88152056838506e-06,9.88152056838506e-06,9.88152056838506e-06,9.88152056838506e-06,9.88152056838506e-06,9.88152056838506e-06,9.88152056838506e-06,9.88152056838506e-06,9.88152056838506e-06,9.88152056838506e-06,9.88152056838506e-06,9.88152056838506e-06,9.88152056838506e-06,9.88152056838506e-06,9.88152056838506e-06,9.88152056838506e-06,9.88152056838506e-06,9.88152056838506e-06,9.88152056838506e-06,9.88152056838506e-06,9.88152056838506e-06,9.88152056838506e-06,9.88152056838506e-06,9.88152056838506e-06,9.88152056838506e-06,9.88152056838506e-06,9.88152056838506e-06,9.88152056838506e-06,9.88152056838506e-06,9.88152056838506e-06,9.88152056838506e-06,9.88152056838506e-06,9.88152056838506e-06,9.88152056838506e-06
9.88152056838506e-06,9.88152056838506e-06,9.88152056838506e-06,9.88152056838506e-06,9.88152056838506e-06,9.88152056838506e-06,9.88152056838506e-06,9.88152056838506e-06,9.88152056838506e-06,9.88152056838506e-06,9.88152056838506e-06,9.88152056838506e-06,9.88152056838506e-06,9.88152056838506e-06,9.88152056838506e-06,9.88152056838506e-06,9.88152056838506e-06,9.88152056838506e-06,9.88152056838506e-06,9.88152056838506e-06,9.88152056838506e-06,9.88152056838506e-06,9.88152056838506e-06,9.88152056838506e-06,9.88152056838506e-06,9.88152056838506e-06,9.88152056838506e-06,9.88152056838506e-06,9.88152056838506e-06,9.88152056838506e-06,9.88152056838506e-06,9.88152056838506e-06,9.88152056838506e-06,9.88152056838506e-06,9.88152056838506e-06,9.88152056838506e-06,9.88152056838506e-06,9.88152056838506e-06,9.88152056838506e-06,9.88152056838506e-06,9.88152056838506e-06,9.88152056838506e-06,9.88152056838506e-06,9.88152056838506e-06,9.88152056838506e-06,9.88152056838506e-06,9.88152056838506e-06,9.88152056838506e-06,9.88152056838506e-06,9.88152056838506e-06,9.88152056838506e-06,9.88152056838506e-06,9.88152056838506e-06,9.88152056838506e-06,9.88152056838506e-06,9.88152056838506e-06,9.88152056838506e-06,9.88152056838506e-06,9.88152056838506e-06,9.88152056838506e-06,9.88152056838506e-06,9.88152056838506e-06,9.88152056838506e-06,9.88152056838506e-06,9.88152056838506e-06,9.88152056838506e-06,9.88152056838506e-06,9.88152056838506e-06,9.88152056838506e-06,9.88152056838506e-06,9.88152056838506e-06,9.88152056838506e-06,9.88152056838506e-06,9.88152056838506e-06,9.88152056838506e-06,9.88152056838506e-06,9.88152056838506e-06,9.88152056838506e-06,9.88152056838506e-06,9.88152056838506e-06,9.88152056838506e-06,9.88152056838506e-06,9.88152056838506e-06,9.88152056838506e-06,9.88152056838506e-06,9.88152056838506e-06,9.88152056838506e-06,9.88152056838506e-06,9.88152056838506e-06,9.88152056838506e-06,9.88152056838506e-06,9.88152056838506e-06,9.88152056838506e-06,9.88152056838506e-06,9.88152056838506e-06,9.88152056838506e-06,9.88152056838506e-06,9.88152056838506e-06,9.88152056838506e-06,9.88152056838506e-06
9.88152056838506e-06,9.88152056838506e-06,9.88152056838506e-06,9.88152056838506e-06,9.88152056838506e-06,9.88152056838506e-06,9.88152056838506e-06,9.88152056838506e-06,9.88152056838506e-06,9.88152056838506e-06,9.88152056838506e-06,9.88152056838506e-06,9.88152056838506e-06,9.88152056838506e-06,9.88152056838506e-06,9.88152056838506e-06,9.88152056838506e-06,9.88152056838506e-06,9.88152056838506e-06,9.88152056838506e-06,9.88152056838506e-06,9.88152056838506e-06,9.88152056838506e-06,9.88152056838506e-06,9.88152056838506e-06,9.88152056838506e-06,9.88152056838506e-06,9.88152056838506e-06,9.88152056838506e-06,9.88152056838506e-06,9.88152056838506e-06,9.88152056838506e-06,9.88152056838506e-06,9.88152056838506e-06,9.88152056838506e-06,9.88152056838506e-06,9.88152056838506e-06,9.88152056838506e-06,9.88152056838506e-06,9.88152056838506e-06,9.88152056838506e-06,9.88152056838506e-06,9.88152056838506e-06,9.88152056838506e-06,9.88152056838506e-06,9.88152056838506e-06,9.88152056838506e-06,9.88152056838506e-06,9.88152056838506e-06,9.88152056838506e-06,9.88152056838506e-06,9.88152056838506e-06,9.88152056838506e-06,9.88152056838506e-06,9.88152056838506e-06,9.88152056838506e-06,9.88152056838506e-06,9.88152056838506e-06,9.88152056838506e-06,9.88152056838506e-06,9.88152056838506e-06,9.88152056838506e-06,9.88152056838506e-06,9.88152056838506e-06,9.88152056838506e-06,9.88152056838506e-06,9.88152056838506e-06,9.88152056838506e-06,9.88152056838506e-06,9.88152056838506e-06,9.88152056838506e-06,9.88152056838506e-06,9.88152056838506e-06,9.88152056838506e-06,9.88152056838506e-06,9.88152056838506e-06,9.88152056838506e-06,9.88152056838506e-06,9.88152056838506e-06,9.88152056838506e-06,9.88152056838506e-06,9.88152056838506e-06,9.88152056838506e-06,9.88152056838506e-06,9.88152056838506e-06,9.88152056838506e-06,9.88152056838506e-06,9.88152056838506e-06,9.88152056838506e-06,9.88152056838506e-06,9.88152056838506e-06,9.88152056838506e-06,9.88152056838506e-06,9.88152056838506e-06,9.88152056838506e-06,9.88152056838506e-06,9.88152056838506e-06,9.88152056838506e-06,9.88152056838506e-06,9.88152056838506e-06
9.88152056838506e-06,9.88152056838506e-06,9.88152056838506e-06,9.88152056838506e-06,9.88152056838506e-06,9.88152056838506e-06,9.88152056838506e-06,9.88152056838506e-06,9.88152056838506e-06,9.88152056838506e-06,9.88152056838506e-06,9.88152056838506e-06,9.88152056838506e-06,9.88152056838506e-06,9.88152056838506e-06,9.88152056838506e-06,9.88152056838506e-06,9.88152056838506e-06,9.88152056838506e-06,9.88152056838506e-06,9.88152056838506e-06,9.88152056838506e-06,9.88152056838506e-06,9.88152056838506e-06,9.88152056838506e-06,9.88152056838506e-06,9.88152056838506e-06,9.88152056838506e-06,9.88152056838506e-06,9.88152056838506e-06,9.88152056838506e-06,9.88152056838506e-06,9.88152056838506e-06,9.88152056838506e-06,9.88152056838506e-06,9.88152056838506e-06,9.88152056838506e-06,9.88152056838506e-06,9.88152056838506e-06,9.88152056838506e-06,9.88152056838506e-06,9.88152056838506e-06,9.88152056838506e-06,9.88152056838506e-06,9.88152056838506e-06,9.88152056838506e-06,9.88152056838506e-06,9.88152056838506e-06,9.88152056838506e-06,9.88152056838506e-06,9.88152056838506e-06,9.88152056838506e-06,9.88152056838506e-06,9.88152056838506e-06,9.88152056838506e-06,9.88152056838506e-06,9.88152056838506e-06,9.88152056838506e-06,9.88152056838506e-06,9.88152056838506e-06,9.88152056838506e-06,9.88152056838506e-06,9.88152056838506e-06,9.88152056838506e-06,9.88152056838506e-06,9.88152056838506e-06,9.88152056838506e-06,9.88152056838506e-06,9.88152056838506e-06,9.88152056838506e-06,9.88152056838506e-06,9.88152056838506e-06,9.88152056838506e-06,9.88152056838506e-06,9.88152056838506e-06,9.88152056838506e-06,9.88152056838506e-06,9.88152056838506e-06,9.88152056838506e-06,9.88152056838506e-06,9.88152056838506e-06,9.88152056838506e-06,9.88152056838506e-06,9.88152056838506e-06,9.88152056838506e-06,9.88152056838506e-06,9.88152056838506e-06,9.88152056838506e-06,9.88152056838506e-06,9.88152056838506e-06,9.88152056838506e-06,9.88152056838506e-06,9.88152056838506e-06,9.88152056838506e-06,9.88152056838506e-06,9.88152056838506e-06,9.88152056838506e-06,9.88152056838506e-06,9.88152056838506e-06,9.88152056838506e-06
9.88152056838506e-06,9.88152056838506e-06,9.88152056838506e-06,9.88152056838506e-06,9.88152056838506e-06,9.88152056838506e-06,9.88152056838506e-06,9.88152056838506e-06,9.88152056838506e-06,9.88152056838506e-06,9.88152056838506e-06,9.88152056838506e-06,9.88152056838506e-06,9.88152056838506e-06,9.88152056838506e-06,9.88152056838506e-06,9.88152056838506e-06,9.88152056838506e-06,9.88152056838506e-06,9.88152056838506e-06,9.88152056838506e-06,9.88152056838506e-06,9.88152056838506e-06,9.88152056838506e-06,9.88152056838506e-06,9.88152056838506e-06,9.88152056838506e-06,9.88152056838506e-06,9.88152056838506e-06,9.88152056838506e-06,9.88152056838506e-06,9.88152056838506e-06,9.88152056838506e-06,9.88152056838506e-06,9.88152056838506e-06,9.88152056838506e-06,9.88152056838506e-06,9.88152056838506e-06,9.88152056838506e-06,9.88152056838506e-06,9.88152056838506e-06,9.88152056838506e-06,9.88152056838506e-06,9.88152056838506e-06,9.88152056838506e-06,9.88152056838506e-06,9.88152056838506e-06,9.88152056838506e-06,9.88152056838506e-06,9.88152056838506e-06,9.88152056838506e-06,9.88152056838506e-06,9.88152056838506e-06,9.88152056838506e-06,9.88152056838506e-06,9.88152056838506e-06,9.88152056838506e-06,9.88152056838506e-06,9.88152056838506e-06,9.88152056838506e-06,9.88152056838506e-06,9.88152056838506e-06,9.88152056838506e-06,9.88152056838506e-06,9.88152056838506e-06,9.88152056838506e-06,9.88152056838506e-06,9.88152056838506e-06,9.88152056838506e-06,9.88152056838506e-06,9.88152056838506e-06,9.88152056838506e-06,9.88152056838506e-06,9.88152056838506e-06,9.88152056838506e-06,9.88152056838506e-06,9.88152056838506e-06,9.88152056838506e-06,9.88152056838506e-06,9.88152056838506e-06,9.88152056838506e-06,9.88152056838506e-06,9.88152056838506e-06,9.88152056838506e-06,9.88152056838506e-06,9.88152056838506e-06,9.88152056838506e-06,9.88152056838506e-06,9.88152056838506e-06,9.88152056838506e-06,9.88152056838506e-06,9.88152056838506e-06,9.88152056838506e-06,9.88152056838506e-06,9.88152056838506e-06,9.88152056838506e-06,9.88152056838506e-06,9.88152056838506e-06,9.88152056838506e-06,9.88152056838506e-06
9.88152056838506e-06,9.88152056838506e-06,9.88152056838506e-06,9.88152056838506e-06,9.88152056838506e-06,9.88152056838506e-06,9.88152056838506e-06,9.88152056838506e-06,9.88152056838506e-06,9.88152056838506e-06,9.88152056838506e-06,9.88152056838506e-06,9.88152056838506e-06,9.88152056838506e-06,9.88152056838506e-06,9.88152056838506e-06,9.88152056838506e-06,9.88152056838506e-06,9.88152056838506e-06,9.88152056838506e-06,9.88152056838506e-06,9.88152056838506e-06,9.88152056838506e-06,9.88152056838506e-06,9.88152056838506e-06,9.88152056838506e-06,9.88152056838506e-06,9.88152056838506e-06,9.88152056838506e-06,9.88152056838506e-06,9.88152056838506e-06,9.88152056838506e-06,9.88152056838506e-06,9.88152056838506e-06,9.88152056838506e-06,9.88152056838506e-06,9.88152056838506e-06,9.88152056838506e-06,9.88152056838506e-06,9.88152056838506e-06,9.88152056838506e-06,9.88152056838506e-06,9.88152056838506e-06,9.88152056838506e-06,9.88152056838506e-06,9.88152056838506e-06,9.88152056838506e-06,9.88152056838506e-06,9.88152056838506e-06,9.88152056838506e-06,9.88152056838506e-06,9.88152056838506e-06,9.88152056838506e-06,9.88152056838506e-06,9.88152056838506e-06,9.88152056838506e-06,9.88152056838506e-06,9.88152056838506e-06,9.88152056838506e-06,9.88152056838506e-06,9.88152056838506e-06,9.88152056838506e-06,9.88152056838506e-06,9.88152056838506e-06,9.88152056838506e-06,9.88152056838506e-06,9.88152056838506e-06,9.88152056838506e-06,9.88152056838506e-06,9.88152056838506e-06,9.88152056838506e-06,9.88152056838506e-06,9.88152056838506e-06,9.88152056838506e-06,9.88152056838506e-06,9.88152056838506e-06,9.88152056838506e-06,9.88152056838506e-06,9.88152056838506e-06,9.88152056838506e-06,9.88152056838506e-06,9.88152056838506e-06,9.88152056838506e-06,9.88152056838506e-06,9.88152056838506e-06,9.88152056838506e-06,9.88152056838506e-06,9.88152056838506e-06,9.88152056838506e-06,9.88152056838506e-06,9.88152056838506e-06,9.88152056838506e-06,9.88152056838506e-06,9.88152056838506e-06,9.88152056838506e-06,9.88152056838506e-06,9.88152056838506e-06,9.88152056838506e-06,9.88152056838506e-06,9.88152056838506e-06
9.88152056838506e-06,9.88152056838506e-06,9.88152056838506e-06,9.88152056838506e-06,9.88152056838506e-06,9.88152056838506e-06,9.88152056838506e-06,9.88152056838506e-06,9.88152056838506e-06,9.88152056838506e-06,9.88152056838506e-06,9.88152056838506e-06,9.88152056838506e-06,9.88152056838506e-06,9.88152056838506e-06,9.88152056838506e-06,9.88152056838506e-06,9.88152056838506e-06,9.88152056838506e-06,9.88152056838506e-06,9.88152056838506e-06,9.88152056838506e-06,9.88152056838506e-06,9.88152056838506e-06,9.88152056838506e-06,9.88152056838506e-06,9.88152056838506e-06,9.88152056838506e-06,9.88152056838506e-06,9.88152056838506e-06,9.88152056838506e-06,9.88152056838506e-06,9.88152056838506e-06,9.88152056838506e-06,9.88152056838506e-06,9.88152056838506e-06,9.88152056838506e-06,9.88152056838506e-06,9.88152056838506e-06,9.88152056838506e-06,9.88152056838506e-06,9.88152056838506e-06,9.88152056838506e-06,9.88152056838506e-06,9.88152056838506e-06,9.88152056838506e-06,9.88152056838506e-06,9.88152056838506e-06,9.88152056838506e-06,9.88152056838506e-06,9.88152056838506e-06,9.88152056838506e-06,9.88152056838506e-06,9.88152056838506e-06,9.88152056838506e-06,9.88152056838506e-06,9.88152056838506e-06,9.88152056838506e-06,9.88152056838506e-06,9.88152056838506e-06,9.88152056838506e-06,9.88152056838506e-06,9.88152056838506e-06,9.88152056838506e-06,9.88152056838506e-06,9.88152056838506e-06,9.88152056838506e-06,9.88152056838506e-06,9.88152056838506e-06,9.88152056838506e-06,9.88152056838506e-06,9.88152056838506e-06,9.88152056838506e-06,9.88152056838506e-06,9.88152056838506e-06,9.88152056838506e-06,9.88152056838506e-06,9.88152056838506e-06,9.88152056838506e-06,9.88152056838506e-06,9.88152056838506e-06,9.88152056838506e-06,9.88152056838506e-06,9.88152056838506e-06,9.88152056838506e-06,9.88152056838506e-06,9.88152056838506e-06,9.88152056838506e-06,9.88152056838506e-06,9.88152056838506e-06,9.88152056838506e-06,9.88152056838506e-06,9.88152056838506e-06,9.88152056838506e-06,9.88152056838506e-06,9.88152056838506e-06,9.88152056838506e-06,9.88152056838506e-06,9.88152056838506e-06,9.88152056838506e-06
9.88152056838506e-06,9.88152056838506e-06,9.88152056838506e-06,9.88152056838506e-06,9.88152056838506e-06,9.88152056838506e-06,9.88152056838506e-06,9.88152056838506e-06,9.88152056838506e-06,9.88152056838506e-06,9.88152056838506e-06,9.88152056838506e-06,9.88152056838506e-06,9.88152056838506e-06,9.88152056838506e-06,9.88152056838506e-06,9.88152056838506e-06,9.88152056838506e-06,9.88152056838506e-06,9.88152056838506e-06,9.88152056838506e-06,9.88152056838506e-06,9.88152056838506e-06,9.88152056838506e-06,9.88152056838506e-06,9.88152056838506e-06,9.88152056838506e-06,9.88152056838506e-06,9.88152056838506e-06,9.88152056838506e-06,9.88152056838506e-06,9.88152056838506e-06,9.88152056838506e-06,9.88152056838506e-06,9.88152056838506e-06,9.88152056838506e-06,9.88152056838506e-06,9.88152056838506e-06,9.88152056838506e-06,9.88152056838506e-06,9.88152056838506e-06,9.88152056838506e-06,9.88152056838506e-06,9.88152056838506e-06,9.88152056838506e-06,9.88152056838506e-06,9.88152056838506e-06,9.88152056838506e-06,9.88152056838506e-06,9.88152056838506e-06,9.88152056838506e-06,9.88152056838506e-06,9.88152056838506e-06,9.88152056838506e-06,9.88152056838506e-06,9.88152056838506e-06,9.88152056838506e-06,9.88152056838506e-06,9.88152056838506e-06,9.88152056838506e-06,9.88152056838506e-06,9.88152056838506e-06,9.88152056838506e-06,9.88152056838506e-06,9.88152056838506e-06,9.88152056838506e-06,9.88152056838506e-06,9.88152056838506e-06,9.88152056838506e-06,9.88152056838506e-06,9.88152056838506e-06,9.88152056838506e-06,9.88152056838506e-06,9.88152056838506e-06,9.88152056838506e-06,9.88152056838506e-06,9.88152056838506e-06,9.88152056838506e-06,9.88152056838506e-06,9.88152056838506e-06,9.88152056838506e-06,9.88152056838506e-06,9.88152056838506e-06,9.88152056838506e-06,9.88152056838506e-06,9.88152056838506e-06,9.88152056838506e-06,9.88152056838506e-06,9.88152056838506e-06,9.88152056838506e-06,9.88152056838506e-06,9.88152056838506e-06,9.88152056838506e-06,9.88152056838506e-06,9.88152056838506e-06,9.88152056838506e-06,9.88152056838506e-06,9.88152056838506e-06,9.88152056838506e-06,9.88152056838506e-06
9.88152056838506e-06,9.88152056838506e-06,9.88152056838506e-06,9.88152056838506e-06,9.88152056838506e-06,9.88152056838506e-06,9.88152056838506e-06,9.88152056838506e-06,9.88152056838506e-06,9.88152056838506e-06,9.88152056838506e-06,9.88152056838506e-06,9.88152056838506e-06,9.88152056838506e-06,9.88152056838506e-06,9.88152056838506e-06,9.88152056838506e-06,9.88152056838506e-06,9.88152056838506e-06,9.88152056838506e-06,9.88152056838506e-06,9.88152056838506e-06,9.88152056838506e-06,9.88152056838506e-06,9.88152056838506e-06,9.88152056838506e-06,9.88152056838506e-06,9.88152056838506e-06,9.88152056838506e-06,9.88152056838506e-06,9.88152056838506e-06,9.88152056838506e-06,9.88152056838506e-06,9.88152056838506e-06,9.88152056838506e-06,9.88152056838506e-06,9.88152056838506e-06,9.88152056838506e-06,9.88152056838506e-06,9.88152056838506e-06,9.88152056838506e-06,9.88152056838506e-06,9.88152056838506e-06,9.88152056838506e-06,9.88152056838506e-06,9.88152056838506e-06,9.88152056838506e-06,9.88152056838506e-06,9.88152056838506e-06,9.88152056838506e-06,9.88152056838506e-06,9.88152056838506e-06,9.88152056838506e-06,9.88152056838506e-06,9.88152056838506e-06,9.88152056838506e-06,9.88152056838506e-06,9.88152056838506e-06,9.88152056838506e-06,9.88152056838506e-06,9.88152056838506e-06,9.88152056838506e-06,9.88152056838506e-06,9.88152056838506e-06,9.88152056838506e-06,9.88152056838506e-06,9.88152056838506e-06,9.88152056838506e-06,9.88152056838506e-06,9.88152056838506e-06,9.88152056838506e-06,9.88152056838506e-06,9.88152056838506e-06,9.88152056838506e-06,9.88152056838506e-06,9.88152056838506e-06,9.88152056838506e-06,9.88152056838506e-06,9.88152056838506e-06,9.88152056838506e-06,9.88152056838506e-06,9.88152056838506e-06,9.88152056838506e-06,9.88152056838506e-06,9.88152056838506e-06,9.88152056838506e-06,9.88152056838506e-06,9.88152056838506e-06,9.88152056838506e-06,9.88152056838506e-06,9.88152056838506e-06,9.88152056838506e-06,9.88152056838506e-06,9.88152056838506e-06,9.88152056838506e-06,9.88152056838506e-06,9.88152056838506e-06,9.88152056838506e-06,9.88152056838506e-06,9.88152056838506e-06
9.88152056838506e-06,9.88152056838506e-06,9.88152056838506e-06,9.88152056838506e-06,9.88152056838506e-06,9.88152056838506e-06,9.88152056838506e-06,9.88152056838506e-06,9.88152056838506e-06,9.88152056838506e-06,9.88152056838506e-06,9.88152056838506e-06,9.88152056838506e-06,9.88152056838506e-06,9.88152056838506e-06,9.88152056838506e-06,9.88152056838506e-06,9.88152056838506e-06,9.88152056838506e-06,9.88152056838506e-06,9.88152056838506e-06,9.88152056838506e-06,9.88152056838506e-06,9.88152056838506e-06,9.88152056838506e-06,9.88152056838506e-06,9.88152056838506e-06,9.88152056838506e-06,9.88152056838506e-06,9.88152056838506e-06,9.88152056838506e-06,9.88152056838506e-06,9.88152056838506e-06,9.88152056838506e-06,9.88152056838506e-06,9.88152056838506e-06,9.88152056838506e-06,9.88152056838506e-06,9.88152056838506e-06,9.88152056838506e-06,9.88152056838506e-06,9.88152056838506e-06,9.88152056838506e-06,9.88152056838506e-06,9.88152056838506e-06,9.88152056838506e-06,9.88152056838506e-06,9.88152056838506e-06,9.88152056838506e-06,9.88152056838506e-06,9.88152056838506e-06,9.88152056838506e-06,9.88152056838506e-06,9.88152056838506e-06,9.88152056838506e-06,9.88152056838506e-06,9.88152056838506e-06,9.88152056838506e-06,9.88152056838506e-06,9.88152056838506e-06,9.88152056838506e-06,9.88152056838506e-06,9.88152056838506e-06,9.88152056838506e-06,9.88152056838506e-06,9.88152056838506e-06,9.88152056838506e-06,9.88152056838506e-06,9.88152056838506e-06,9.88152056838506e-06,9.88152056838506e-06,9.88152056838506e-06,9.88152056838506e-06,9.88152056838506e-06,9.88152056838506e-06,9.88152056838506e-06,9.88152056838506e-06,9.88152056838506e-06,9.88152056838506e-06,9.88152056838506e-06,9.88152056838506e-06,9.88152056838506e-06,9.88152056838506e-06,9.88152056838506e-06,9.88152056838506e-06,9.88152056838506e-06,9.88152056838506e-06,9.88152056838506e-06,9.88152056838506e-06,9.88152056838506e-06,9.88152056838506e-06,9.88152056838506e-06,9.88152056838506e-06,9.88152056838506e-06,9.88152056838506e-06,9.88152056838506e-06,9.88152056838506e-06,9.88152056838506e-06,9.88152056838506e-06,9.88152056838506e-06
9.88152056838506e-06,9.88152056838506e-06,9.88152056838506e-06,9.88152056838506e-06,9.88152056838506e-06,9.88152056838506e-06,9.88152056838506e-06,9.88152056838506e-06,9.88152056838506e-06,9.88152056838506e-06,9.88152056838506e-06,9.88152056838506e-06,9.88152056838506e-06,9.88152056838506e-06,9.88152056838506e-06,9.88152056838506e-06,9.88152056838506e-06,9.88152056838506e-06,9.88152056838506e-06,9.88152056838506e-06,9.88152056838506e-06,9.88152056838506e-06,9.88152056838506e-06,9.88152056838506e-06,9.88152056838506e-06,9.88152056838506e-06,9.88152056838506e-06,9.88152056838506e-06,9.88152056838506e-06,9.88152056838506e-06,9.88152056838506e-06,9.88152056838506e-06,9.88152056838506e-06,9.88152056838506e-06,9.88152056838506e-06,9.88152056838506e-06,9.88152056838506e-06,9.88152056838506e-06,9.88152056838506e-06,9.88152056838506e-06,9.88152056838506e-06,9.88152056838506e-06,9.88152056838506e-06,9.88152056838506e-06,9.88152056838506e-06,9.88152056838506e-06,9.88152056838506e-06,9.88152056838506e-06,9.88152056838506e-06,9.88152056838506e-06,9.88152056838506e-06,9.88152056838506e-06,9.88152056838506e-06,9.88152056838506e-06,9.88152056838506e-06,9.88152056838506e-06,9.88152056838506e-06,9.88152056838506e-06,9.88152056838506e-06,9.88152056838506e-06,9.88152056838506e-06,9.88152056838506e-06,9.88152056838506e-06,9.88152056838506e-06,9.88152056838506e-06,9.88152056838506e-06,9.88152056838506e-06,9.88152056838506e-06,9.88152056838506e-06,9.88152056838506e-06,9.88152056838506e-06,9.88152056838506e-06,9.88152056838506e-06,9.88152056838506e-06,9.88152056838506e-06,9.88152056838506e-06,9.88152056838506e-06,9.88152056838506e-06,9.88152056838506e-06,9.88152056838506e-06,9.88152056838506e-06,9.88152056838506e-06,9.88152056838506e-06,9.88152056838506e-06,9.88152056838506e-06,9.88152056838506e-06,9.88152056838506e-06,9.88152056838506e-06,9.88152056838506e-06,9.88152056838506e-06,9.88152056838506e-06,9.88152056838506e-06,9.88152056838506e-06,9.88152056838506e-06,9.88152056838506e-06,9.88152056838506e-06,9.88152056838506e-06,9.88152056838506e-06,9.88152056838506e-06,9.88152056838506e-06
9.88152056838506e-06,9.88152056838506e-06,9.88152056838506e-06,9.88152056838506e-06,9.88152056838506e-06,9.88152056838506e-06,9.88152056838506e-06,9.88152056838506e-06,9.88152056838506e-06,9.88152056838506e-06,9.88152056838506e-06,9.88152056838506e-06,9.88152056838506e-06,9.88152056838506e-06,9.88152056838506e-06,9.88152056838506e-06,9.88152056838506e-06,9.88152056838506e-06,9.88152056838506e-06,9.88152056838506e-06,9.88152056838506e-06,9.88152056838506e-06,9.88152056838506e-06,9.88152056838506e-06,9.88152056838506e-06,9.88152056838506e-06,9.88152056838506e-06,9.88152056838506e-06,9.88152056838506e-06,9.88152056838506e-06,9.88152056838506e-06,9.88152056838506e-06,9.88152056838506e-06,9.88152056838506e-06,9.88152056838506e-06,9.88152056838506e-06,9.88152056838506e-06,9.88152056838506e-06,9.88152056838506e-06,9.88152056838506e-06,9.88152056838506e-06,9.88152056838506e-06,9.88152056838506e-06,9.88152056838506e-06,9.88152056838506e-06,9.88152056838506e-06,9.88152056838506e-06,9.88152056838506e-06,9.88152056838506e-06,9.88152056838506e-06,9.88152056838506e-06,9.88152056838506e-06,9.88152056838506e-06,9.88152056838506e-06,9.88152056838506e-06,9.88152056838506e-06,9.88152056838506e-06,9.88152056838506e-06,9.88152056838506e-06,9.88152056838506e-06,9.88152056838506e-06,9.88152056838506e-06,9.88152056838506e-06,9.88152056838506e-06,9.88152056838506e-06,9.88152056838506e-06,9.88152056838506e-06,9.88152056838506e-06,9.88152056838506e-06,9.88152056838506e-06,9.88152056838506e-06,9.88152056838506e-06,9.88152056838506e-06,9.88152056838506e-06,9.88152056838506e-06,9.88152056838506e-06,9.88152056838506e-06,9.88152056838506e-06,9.88152056838506e-06,9.88152056838506e-06,9.88152056838506e-06,9.88152056838506e-06,9.88152056838506e-06,9.88152056838506e-06,9.88152056838506e-06,9.88152056838506e-06,9.88152056838506e-06,9.88152056838506e-06,9.88152056838506e-06,9.88152056838506e-06,9.88152056838506e-06,9.88152056838506e-06,9.88152056838506e-06,9.88152056838506e-06,9.88152056838506e-06,9.88152056838506e-06,9.88152056838506e-06,9.88152056838506e-06,9.88152056838506e-06,9.88152056838506e-06
9.88152056838506e-06,9.88152056838506e-06,9.88152056838506e-06,9.88152056838506e-06,9.88152056838506e-06,9.88152056838506e-06,9.88152056838506e-06,9.88152056838506e-06,9.88152056838506e-06,9.88152056838506e-06,9.88152056838506e-06,9.88152056838506e-06,9.88152056838506e-06,9.88152056838506e-06,9.88152056838506e-06,9.88152056838506e-06,9.88152056838506e-06,9.88152056838506e-06,9.88152056838506e-06,9.88152056838506e-06,9.88152056838506e-06,9.88152056838506e-06,9.88152056838506e-06,9.88152056838506e-06,9.88152056838506e-06,9.88152056838506e-06,9.88152056838506e-06,9.88152056838506e-06,9.88152056838506e-06,9.88152056838506e-06,9.88152056838506e-06,9.88152056838506e-06,9.88152056838506e-06,9.88152056838506e-06,9.88152056838506e-06,9.88152056838506e-06,9.88152056838506e-06,9.88152056838506e-06,9.88152056838506e-06,9.88152056838506e-06,9.88152056838506e-06,9.88152056838506e-06,9.88152056838506e-06,9.88152056838506e-06,9.88152056838506e-06,9.88152056838506e-06,9.88152056838506e-06,9.88152056838506e-06,9.88152056838506e-06,9.88152056838506e-06,9.88152056838506e-06,9.88152056838506e-06,9.88152056838506e-06,9.88152056838506e-06,9.88152056838506e-06,9.88152056838506e-06,9.88152056838506e-06,9.88152056838506e-06,9.88152056838506e-06,9.88152056838506e-06,9.88152056838506e-06,9.88152056838506e-06,9.88152056838506e-06,9.88152056838506e-06,9.88152056838506e-06,9.88152056838506e-06,9.88152056838506e-06,9.88152056838506e-06,9.88152056838506e-06,9.88152056838506e-06,9.88152056838506e-06,9.88152056838506e-06,9.88152056838506e-06,9.88152056838506e-06,9.88152056838506e-06,9.88152056838506e-06,9.88152056838506e-06,9.88152056838506e-06,9.88152056838506e-06,9.88152056838506e-06,9.88152056838506e-06,9.88152056838506e-06,9.88152056838506e-06,9.88152056838506e-06,9.88152056838506e-06,9.88152056838506e-06,9.88152056838506e-06,9.88152056838506e-06,9.88152056838506e-06,9.88152056838506e-06,9.88152056838506e-06,9.88152056838506e-06,9.88152056838506e-06,9.88152056838506e-06,9.88152056838506e-06,9.88152056838506e-06,9.88152056838506e-06,9.88152056838506e-06,9.88152056838506e-06,9.88152056838506e-06
9.88152056838506e-06,9.88152056838506e-06,9.88152056838506e-06,9.88152056838506e-06,9.88152056838506e-06,9.88152056838506e-06,9.88152056838506e-06,9.88152056838506e-06,9.88152056838506e-06,9.88152056838506e-06,9.88152056838506e-06,9.88152056838506e-06,9.88152056838506e-06,9.88152056838506e-06,9.88152056838506e-06,9.88152056838506e-06,9.88152056838506e-06,9.88152056838506e-06,9.88152056838506e-06,9.88152056838506e-06,9.88152056838506e-06,9.88152056838506e-06,9.88152056838506e-06,9.88152056838506e-06,9.88152056838506e-06,9.88152056838506e-06,9.88152056838506e-06,9.88152056838506e-06,9.88152056838506e-06,9.88152056838506e-06,9.88152056838506e-06,9.88152056838506e-06,9.88152056838506e-06,9.88152056838506e-06,9.88152056838506e-06,9.88152056838506e-06,9.88152056838506e-06,9.88152056838506e-06,9.88152056838506e-06,9.88152056838506e-06,9.88152056838506e-06,9.88152056838506e-06,9.88152056838506e-06,9.88152056838506e-06,9.88152056838506e-06,9.88152056838506e-06,9.88152056838506e-06,9.88152056838506e-06,9.88152056838506e-06,9.88152056838506e-06,9.88152056838506e-06,9.88152056838506e-06,9.88152056838506e-06,9.88152056838506e-06,9.88152056838506e-06,9.88152056838506e-06,9.88152056838506e-06,9.88152056838506e-06,9.88152056838506e-06,9.88152056838506e-06,9.88152056838506e-06,9.88152056838506e-06,9.88152056838506e-06,9.88152056838506e-06,9.88152056838506e-06,9.88152056838506e-06,9.88152056838506e-06,9.88152056838506e-06,9.88152056838506e-06,9.88152056838506e-06,9.88152056838506e-06,9.88152056838506e-06,9.88152056838506e-06,9.88152056838506e-06,9.88152056838506e-06,9.88152056838506e-06,9.88152056838506e-06,9.88152056838506e-06,9.88152056838506e-06,9.88152056838506e-06,9.88152056838506e-06,9.88152056838506e-06,9.88152056838506e-06,9.88152056838506e-06,9.88152056838506e-06,9.88152056838506e-06,9.88152056838506e-06,9.88152056838506e-06,9.88152056838506e-06,9.88152056838506e-06,9.88152056838506e-06,9.88152056838506e-06,9.88152056838506e-06,9.88152056838506e-06,9.88152056838506e-06,9.88152056838506e-06,9.88152056838506e-06,9.88152056838506e-06,9.88152056838506e-06,9.88152056838506e-06
9.88152056838506e-06,9.88152056838506e-06,9.88152056838506e-06,9.88152056838506e-06,9.88152056838506e-06,9.88152056838506e-06,9.88152056838506e-06,9.88152056838506e-06,9.88152056838506e-06,9.88152056838506e-06,9.88152056838506e-06,9.88152056838506e-06,9.88152056838506e-06,9.88152056838506e-06,9.88152056838506e-06,9.88152056838506e-06,9.88152056838506e-06,9.88152056838506e-06,9.88152056838506e-06,9.88152056838506e-06,9.88152056838506e-06,9.88152056838506e-06,9.88152056838506e-06,9.88152056838506e-06,9.88152056838506e-06,9.88152056838506e-06,9.88152056838506e-06,9.88152056838506e-06,9.88152056838506e-06,9.88152056838506e-06,9.88152056838506e-06,9.88152056838506e-06,9.88152056838506e-06,9.88152056838506e-06,9.88152056838506e-06,9.88152056838506e-06,9.88152056838506e-06,9.88152056838506e-06,9.88152056838506e-06,9.88152056838506e-06,9.88152056838506e-06,9.88152056838506e-06,9.88152056838506e-06,9.88152056838506e-06,9.88152056838506e-06,9.88152056838506e-06,9.88152056838506e-06,9.88152056838506e-06,9.88152056838506e-06,9.88152056838506e-06,9.88152056838506e-06,9.88152056838506e-06,9.88152056838506e-06,9.88152056838506e-06,9.88152056838506e-06,9.88152056838506e-06,9.88152056838506e-06,9.88152056838506e-06,9.88152056838506e-06,9.88152056838506e-06,9.88152056838506e-06,9.88152056838506e-06,9.88152056838506e-06,9.88152056838506e-06,9.88152056838506e-06,9.88152056838506e-06,9.88152056838506e-06,9.88152056838506e-06,9.88152056838506e-06,9.88152056838506e-06,9.88152056838506e-06,9.88152056838506e-06,9.88152056838506e-06,9.88152056838506e-06,9.88152056838506e-06,9.88152056838506e-06,9.88152056838506e-06,9.88152056838506e-06,9.88152056838506e-06,9.88152056838506e-06,9.88152056838506e-06,9.88152056838506e-06,9.88152056838506e-06,9.88152056838506e-06,9.88152056838506e-06,9.88152056838506e-06,9.88152056838506e-06,9.88152056838506e-06,9.88152056838506e-06,9.88152056838506e-06,9.88152056838506e-06,9.88152056838506e-06,9.88152056838506e-06,9.88152056838506e-06,9.88152056838506e-06,9.88152056838506e-06,9.88152056838506e-06,9.88152056838506e-06,9.88152056838506e-06,9.88152056838506e-06
9.88152056838506e-06,9.88152056838506e-06,9.88152056838506e-06,9.88152056838506e-06,9.88152056838506e-06,9.88152056838506e-06,9.88152056838506e-06,9.88152056838506e-06,9.88152056838506e-06,9.88152056838506e-06,9.88152056838506e-06,9.88152056838506e-06,9.88152056838506e-06,9.88152056838506e-06,9.88152056838506e-06,9.88152056838506e-06,9.88152056838506e-06,9.88152056838506e-06,9.88152056838506e-06,9.88152056838506e-06,9.88152056838506e-06,9.88152056838506e-06,9.88152056838506e-06,9.88152056838506e-06,9.88152056838506e-06,9.88152056838506e-06,9.88152056838506e-06,9.88152056838506e-06,9.88152056838506e-06,9.88152056838506e-06,9.88152056838506e-06,9.88152056838506e-06,9.88152056838506e-06,9.88152056838506e-06,9.88152056838506e-06,9.88152056838506e-06,9.88152056838506e-06,9.88152056838506e-06,9.88152056838506e-06,9.88152056838506e-06,9.88152056838506e-06,9.88152056838506e-06,9.88152056838506e-06,9.88152056838506e-06,9.88152056838506e-06,9.88152056838506e-06,9.88152056838506e-06,9.88152056838506e-06,9.88152056838506e-06,9.88152056838506e-06,9.88152056838506e-06,9.88152056838506e-06,9.88152056838506e-06,9.88152056838506e-06,9.88152056838506e-06,9.88152056838506e-06,9.88152056838506e-06,9.88152056838506e-06,9.88152056838506e-06,9.88152056838506e-06,9.88152056838506e-06,9.88152056838506e-06,9.88152056838506e-06,9.88152056838506e-06,9.88152056838506e-06,9.88152056838506e-06,9.88152056838506e-06,9.88152056838506e-06,9.88152056838506e-06,9.88152056838506e-06,9.88152056838506e-06,9.88152056838506e-06,9.88152056838506e-06,9.88152056838506e-06,9.88152056838506e-06,9.88152056838506e-06,9.88152056838506e-06,9.88152056838506e-06,9.88152056838506e-06,9.88152056838506e-06,9.88152056838506e-06,9.88152056838506e-06,9.88152056838506e-06,9.88152056838506e-06,9.88152056838506e-06,9.88152056838506e-06,9.88152056838506e-06,9.88152056838506e-06,9.88152056838506e-06,9.88152056838506e-06,9.88152056838506e-06,9.88152056838506e-06,9.88152056838506e-06,9.88152056838506e-06,9.88152056838506e-06,9.88152056838506e-06,9.88152056838506e-06,9.88152056838506e-06,9.88152056838506e-06,9.88152056838506e-06
9.88152056838506e-06,9.88152056838506e-06,9.88152056838506e-06,9.88152056838506e-06,9.88152056838506e-06,9.88152056838506e-06,9.88152056838506e-06,9.88152056838506e-06,9.88152056838506e-06,9.88152056838506e-06,9.88152056838506e-06,9.88152056838506e-06,9.88152056838506e-06,9.88152056838506e-06,9.88152056838506e-06,9.88152056838506e-06,9.88152056838506e-06,9.88152056838506e-06,9.88152056838506e-06,9.88152056838506e-06,9.88152056838506e-06,9.88152056838506e-06,9.88152056838506e-06,9.88152056838506e-06,9.88152056838506e-06,9.88152056838506e-06,9.88152056838506e-06,9.88152056838506e-06,9.88152056838506e-06,9.88152056838506e-06,9.88152056838506e-06,9.88152056838506e-06,9.88152056838506e-06,9.88152056838506e-06,9.88152056838506e-06,9.88152056838506e-06,9.88152056838506e-06,9.88152056838506e-06,9.88152056838506e-06,9.88152056838506e-06,9.88152056838506e-06,9.88152056838506e-06,9.88152056838506e-06,9.88152056838506e-06,9.88152056838506e-06,9.88152056838506e-06,9.88152056838506e-06,9.88152056838506e-06,9.88152056838506e-06,9.88152056838506e-06,9.88152056838506e-06,9.88152056838506e-06,9.88152056838506e-06,9.88152056838506e-06,9.88152056838506e-06,9.88152056838506e-06,9.88152056838506e-06,9.88152056838506e-06,9.88152056838506e-06,9.88152056838506e-06,9.88152056838506e-06,9.88152056838506e-06,9.88152056838506e-06,9.88152056838506e-06,9.88152056838506e-06,9.88152056838506e-06,9.88152056838506e-06,9.88152056838506e-06,9.88152056838506e-06,9.88152056838506e-06,9.88152056838506e-06,9.88152056838506e-06,9.88152056838506e-06,9.88152056838506e-06,9.88152056838506e-06,9.88152056838506e-06,9.88152056838506e-06,9.88152056838506e-06,9.88152056838506e-06,9.88152056838506e-06,9.88152056838506e-06,9.88152056838506e-06,9.88152056838506e-06,9.88152056838506e-06,9.88152056838506e-06,9.88152056838506e-06,9.88152056838506e-06,9.88152056838506e-06,9.88152056838506e-06,9.88152056838506e-06,9.88152056838506e-06,9.88152056838506e-06,9.88152056838506e-06,9.88152056838506e-06,9.88152056838506e-06,9.88152056838506e-06,9.88152056838506e-06,9.88152056838506e-06,9.88152056838506e-06,9.88152056838506e-06
9.88152056838506e-06,9.88152056838506e-06,9.88152056838506e-06,9.88152056838506e-06,9.88152056838506e-06,9.88152056838506e-06,9.88152056838506e-06,9.88152056838506e-06,9.88152056838506e-06,9.88152056838506e-06,9.88152056838506e-06,9.88152056838506e-06,9.88152056838506e-06,9.88152056838506e-06,9.88152056838506e-06,9.88152056838506e-06,9.88152056838506e-06,9.88152056838506e-06,9.88152056838506e-06,9.88152056838506e-06,9.88152056838506e-06,9.88152056838506e-06,9.88152056838506e-06,9.88152056838506e-06,9.88152056838506e-06,9.88152056838506e-06,9.88152056838506e-06,9.88152056838506e-06,9.88152056838506e-06,9.88152056838506e-06,9.88152056838506e-06,9.88152056838506e-06,9.88152056838506e-06,9.88152056838506e-06,9.88152056838506e-06,9.88152056838506e-06,9.88152056838506e-06,9.88152056838506e-06,9.88152056838506e-06,9.88152056838506e-06,9.88152056838506e-06,9.88152056838506e-06,9.88152056838506e-06,9.88152056838506e-06,9.88152056838506e-06,9.88152056838506e-06,9.88152056838506e-06,9.88152056838506e-06,9.88152056838506e-06,9.88152056838506e-06,9.88152056838506e-06,9.88152056838506e-06,9.88152056838506e-06,9.88152056838506e-06,9.88152056838506e-06,9.88152056838506e-06,9.88152056838506e-06,9.88152056838506e-06,9.88152056838506e-06,9.88152056838506e-06,9.88152056838506e-06,9.88152056838506e-06,9.88152056838506e-06,9.88152056838506e-06,9.88152056838506e-06,9.88152056838506e-06,9.88152056838506e-06,9.88152056838506e-06,9.88152056838506e-06,9.88152056838506e-06,9.88152056838506e-06,9.88152056838506e-06,9.88152056838506e-06,9.88152056838506e-06,9.88152056838506e-06,9.88152056838506e-06,9.88152056838506e-06,9.88152056838506e-06,9.88152056838506e-06,9.88152056838506e-06,9.88152056838506e-06,9.88152056838506e-06,9.88152056838506e-06,9.88152056838506e-06,9.88152056838506e-06,9.88152056838506e-06,9.88152056838506e-06,9.88152056838506e-06,9.88152056838506e-06,9.88152056838506e-06,9.88152056838506e-06,9.88152056838506e-06,9.88152056838506e-06,9.88152056838506e-06,9.88152056838506e-06,9.88152056838506e-06,9.88152056838506e-06,9.88152056838506e-06,9.88152056838506e-06,9.88152056838506e-06
9.88152056838506e-06,9.88152056838506e-06,9.88152056838506e-06,9.88152056838506e-06,9.88152056838506e-06,9.88152056838506e-06,9.88152056838506e-06,9.88152056838506e-06,9.88152056838506e-06,9.88152056838506e-06,9.88152056838506e-06,9.88152056838506e-06,9.88152056838506e-06,9.88152056838506e-06,9.88152056838506e-06,9.88152056838506e-06,9.88152056838506e-06,9.88152056838506e-06,9.88152056838506e-06,9.88152056838506e-06,9.88152056838506e-06,9.88152056838506e-06,9.88152056838506e-06,9.88152056838506e-06,9.88152056838506e-06,9.88152056838506e-06,9.88152056838506e-06,9.88152056838506e-06,9.88152056838506e-06,9.88152056838506e-06,9.88152056838506e-06,9.88152056838506e-06,9.88152056838506e-06,9.88152056838506e-06,9.88152056838506e-06,9.88152056838506e-06,9.88152056838506e-06,9.88152056838506e-06,9.88152056838506e-06,9.88152056838506e-06,9.88152056838506e-06,9.88152056838506e-06,9.88152056838506e-06,9.88152056838506e-06,9.88152056838506e-06,9.88152056838506e-06,9.88152056838506e-06,9.88152056838506e-06,9.88152056838506e-06,9.88152056838506e-06,9.88152056838506e-06,9.88152056838506e-06,9.88152056838506e-06,9.88152056838506e-06,9.88152056838506e-06,9.88152056838506e-06,9.88152056838506e-06,9.88152056838506e-06,9.88152056838506e-06,9.88152056838506e-06,9.88152056838506e-06,9.88152056838506e-06,9.88152056838506e-06,9.88152056838506e-06,9.88152056838506e-06,9.88152056838506e-06,9.88152056838506e-06,9.88152056838506e-06,9.88152056838506e-06,9.88152056838506e-06,9.88152056838506e-06,9.88152056838506e-06,9.88152056838506e-06,9.88152056838506e-06,9.88152056838506e-06,9.88152056838506e-06,9.88152056838506e-06,9.88152056838506e-06,9.88152056838506e-06,9.88152056838506e-06,9.88152056838506e-06,9.88152056838506e-06,9.88152056838506e-06,9.88152056838506e-06,9.88152056838506e-06,9.88152056838506e-06,9.88152056838506e-06,9.88152056838506e-06,9.88152056838506e-06,9.88152056838506e-06,9.88152056838506e-06,9.88152056838506e-06,9.88152056838506e-06,9.88152056838506e-06,9.88152056838506e-06,9.88152056838506e-06,9.88152056838506e-06,9.88152056838506e-06,9.88152056838506e-06,9.88152056838506e-06
9.88152056838506e-06,9.88152056838506e-06,9.88152056838506e-06,9.88152056838506e-06,9.88152056838506e-06,9.88152056838506e-06,9.88152056838506e-06,9.88152056838506e-06,9.88152056838506e-06,9.88152056838506e-06,9.88152056838506e-06,9.88152056838506e-06,9.88152056838506e-06,9.88152056838506e-06,9.88152056838506e-06,9.88152056838506e-06,9.88152056838506e-06,9.88152056838506e-06,9.88152056838506e-06,9.88152056838506e-06,9.88152056838506e-06,9.88152056838506e-06,9.88152056838506e-06,9.88152056838506e-06,9.88152056838506e-06,9.88152056838506e-06,9.88152056838506e-06,9.88152056838506e-06,9.88152056838506e-06,9.88152056838506e-06,9.88152056838506e-06,9.88152056838506e-06,9.88152056838506e-06,9.88152056838506e-06,9.88152056838506e-06,9.88152056838506e-06,9.88152056838506e-06,9.88152056838506e-06,9.88152056838506e-06,9.88152056838506e-06,9.88152056838506e-06,9.88152056838506e-06,9.88152056838506e-06,9.88152056838506e-06,9.88152056838506e-06,9.88152056838506e-06,9.88152056838506e-06,9.88152056838506e-06,9.88152056838506e-06,9.88152056838506e-06,9.88152056838506e-06,9.88152056838506e-06,9.88152056838506e-06,9.88152056838506e-06,9.88152056838506e-06,9.88152056838506e-06,9.88152056838506e-06,9.88152056838506e-06,9.88152056838506e-06,9.88152056838506e-06,9.88152056838506e-06,9.88152056838506e-06,9.88152056838506e-06,9.88152056838506e-06,9.88152056838506e-06,9.88152056838506e-06,9.88152056838506e-06,9.88152056838506e-06,9.88152056838506e-06,9.88152056838506e-06,9.88152056838506e-06,9.88152056838506e-06,9.88152056838506e-06,9.88152056838506e-06,9.88152056838506e-06,9.88152056838506e-06,9.88152056838506e-06,9.88152056838506e-06,9.88152056838506e-06,9.88152056838506e-06,9.88152056838506e-06,9.88152056838506e-06,9.88152056838506e-06,9.88152056838506e-06,9.88152056838506e-06,9.88152056838506e-06,9.88152056838506e-06,9.88152056838506e-06,9.88152056838506e-06,9.88152056838506e-06,9.88152056838506e-06,9.88152056838506e-06,9.88152056838506e-06,9.88152056838506e-06,9.88152056838506e-06,9.88152056838506e-06,9.88152056838506e-06,9.88152056838506e-06,9.88152056838506e-06,9.88152056838506e-06
9.88152056838506e-06,9.88152056838506e-06,9.88152056838506e-06,9.88152056838506e-06,9.88152056838506e-06,9.88152056838506e-06,9.88152056838506e-06,9.88152056838506e-06,9.88152056838506e-06,9.88152056838506e-06,9.88152056838506e-06,9.88152056838506e-06,9.88152056838506e-06,9.88152056838506e-06,9.88152056838506e-06,9.88152056838506e-06,9.88152056838506e-06,9.88152056838506e-06,9.88152056838506e-06,9.88152056838506e-06,9.88152056838506e-06,9.88152056838506e-06,9.88152056838506e-06,9.88152056838506e-06,9.88152056838506e-06,9.88152056838506e-06,9.88152056838506e-06,9.88152056838506e-06,9.88152056838506e-06,9.88152056838506e-06,9.88152056838506e-06,9.88152056838506e-06,9.88152056838506e-06,9.88152056838506e-06,9.88152056838506e-06,9.88152056838506e-06,9.88152056838506e-06,9.88152056838506e-06,9.88152056838506e-06,9.88152056838506e-06,9.88152056838506e-06,9.88152056838506e-06,9.88152056838506e-06,9.88152056838506e-06,9.88152056838506e-06,9.88152056838506e-06,9.88152056838506e-06,9.88152056838506e-06,9.88152056838506e-06,9.88152056838506e-06,9.88152056838506e-06,9.88152056838506e-06,9.88152056838506e-06,9.88152056838506e-06,9.88152056838506e-06,9.88152056838506e-06,9.88152056838506e-06,9.88152056838506e-06,9.88152056838506e-06,9.88152056838506e-06,9.88152056838506e-06,9.88152056838506e-06,9.88152056838506e-06,9.88152056838506e-06,9.88152056838506e-06,9.88152056838506e-06,9.88152056838506e-06,9.88152056838506e-06,9.88152056838506e-06,9.88152056838506e-06,9.88152056838506e-06,9.88152056838506e-06,9.88152056838506e-06,9.88152056838506e-06,9.88152056838506e-06,9.88152056838506e-06,9.88152056838506e-06,9.88152056838506e-06,9.88152056838506e-06,9.88152056838506e-06,9.88152056838506e-06,9.88152056838506e-06,9.88152056838506e-06,9.88152056838506e-06,9.88152056838506e-06,9.88152056838506e-06,9.88152056838506e-06,9.88152056838506e-06,9.88152056838506e-06,9.88152056838506e-06,9.88152056838506e-06,9.88152056838506e-06,9.88152056838506e-06,9.88152056838506e-06,9.88152056838506e-06,9.88152056838506e-06,9.88152056838506e-06,9.88152056838506e-06,9.88152056838506e-06,9.88152056838506e-06
9.88152056838506e-06,9.88152056838506e-06,9.88152056838506e-06,9.88152056838506e-06,9.88152056838506e-06,9.88152056838506e-06,9.88152056838506e-06,9.88152056838506e-06,9.88152056838506e-06,9.88152056838506e-06,9.88152056838506e-06,9.88152056838506e-06,9.88152056838506e-06,9.88152056838506e-06,9.88152056838506e-06,9.88152056838506e-06,9.88152056838506e-06,9.88152056838506e-06,9.88152056838506e-06,9.88152056838506e-06,9.88152056838506e-06,9.88152056838506e-06,9.88152056838506e-06,9.88152056838506e-06,9.88152056838506e-06,9.88152056838506e-06,9.88152056838506e-06,9.88152056838506e-06,9.88152056838506e-06,9.88152056838506e-06,9.88152056838506e-06,9.88152056838506e-06,9.88152056838506e-06,9.88152056838506e-06,9.88152056838506e-06,9.88152056838506e-06,9.88152056838506e-06,9.88152056838506e-06,9.88152056838506e-06,9.88152056838506e-06,9.88152056838506e-06,9.88152056838506e-06,9.88152056838506e-06,9.88152056838506e-06,9.88152056838506e-06,9.88152056838506e-06,9.88152056838506e-06,9.88152056838506e-06,9.88152056838506e-06,9.88152056838506e-06,9.88152056838506e-06,9.88152056838506e-06,9.88152056838506e-06,9.88152056838506e-06,9.88152056838506e-06,9.88152056838506e-06,9.88152056838506e-06,9.88152056838506e-06,9.88152056838506e-06,9.88152056838506e-06,9.88152056838506e-06,9.88152056838506e-06,9.88152056838506e-06,9.88152056838506e-06,9.88152056838506e-06,9.88152056838506e-06,9.88152056838506e-06,9.88152056838506e-06,9.88152056838506e-06,9.88152056838506e-06,9.88152056838506e-06,9.88152056838506e-06,9.88152056838506e-06,9.88152056838506e-06,9.88152056838506e-06,9.88152056838506e-06,9.88152056838506e-06,9.88152056838506e-06,9.88152056838506e-06,9.88152056838506e-06,9.88152056838506e-06,9.88152056838506e-06,9.88152056838506e-06,9.88152056838506e-06,9.88152056838506e-06,9.88152056838506e-06,9.88152056838506e-06,9.88152056838506e-06,9.88152056838506e-06,9.88152056838506e-06,9.88152056838506e-06,9.88152056838506e-06,9.88152056838506e-06,9.88152056838506e-06,9.88152056838506e-06,9.88152056838506e-06,9.88152056838506e-06,9.88152056838506e-06,9.88152056838506e-06,9.88152056838506e-06
9.88152056838506e-06,9.88152056838506e-06,9.88152056838506e-06,9.88152056838506e-06,9.88152056838506e-06,9.88152056838506e-06,9.88152056838506e-06,9.88152056838506e-06,9.88152056838506e-06,9.88152056838506e-06,9.88152056838506e-06,9.88152056838506e-06,9.88152056838506e-06,9.88152056838506e-06,9.88152056838506e-06,9.88152056838506e-06,9.88152056838506e-06,9.88152056838506e-06,9.88152056838506e-06,9.88152056838506e-06,9.88152056838506e-06,9.88152056838506e-06,9.88152056838506e-06,9.88152056838506e-06,9.88152056838506e-06,9.88152056838506e-06,9.88152056838506e-06,9.88152056838506e-06,9.88152056838506e-06,9.88152056838506e-06,9.88152056838506e-06,9.88152056838506e-06,9.88152056838506e-06,9.88152056838506e-06,9.88152056838506e-06,9.88152056838506e-06,9.88152056838506e-06,9.88152056838506e-06,9.88152056838506e-06,9.88152056838506e-06,9.88152056838506e-06,9.88152056838506e-06,9.88152056838506e-06,9.88152056838506e-06,9.88152056838506e-06,9.88152056838506e-06,9.88152056838506e-06,9.88152056838506e-06,9.88152056838506e-06,9.88152056838506e-06,9.88152056838506e-06,9.88152056838506e-06,9.88152056838506e-06,9.88152056838506e-06,9.88152056838506e-06,9.88152056838506e-06,9.88152056838506e-06,9.88152056838506e-06,9.88152056838506e-06,9.88152056838506e-06,9.88152056838506e-06,9.88152056838506e-06,9.88152056838506e-06,9.88152056838506e-06,9.88152056838506e-06,9.88152056838506e-06,9.88152056838506e-06,9.88152056838506e-06,9.88152056838506e-06,9.88152056838506e-06,9.88152056838506e-06,9.88152056838506e-06,9.88152056838506e-06,9.88152056838506e-06,9.88152056838506e-06,9.88152056838506e-06,9.88152056838506e-06,9.88152056838506e-06,9.88152056838506e-06,9.88152056838506e-06,9.88152056838506e-06,9.88152056838506e-06,9.88152056838506e-06,9.88152056838506e-06,9.88152056838506e-06,9.88152056838506e-06,9.88152056838506e-06,9.88152056838506e-06,9.88152056838506e-06,9.88152056838506e-06,9.88152056838506e-06,9.88152056838506e-06,9.88152056838506e-06,9.88152056838506e-06,9.88152056838506e-06,9.88152056838506e-06,9.88152056838506e-06,9.88152056838506e-06,9.88152056838506e-06,9.88152056838506e-06
9.88152056838506e-06,9.88152056838506e-06,9.88152056838506e-06,9.88152056838506e-06,9.88152056838506e-06,9.88152056838506e-06,9.88152056838506e-06,9.88152056838506e-06,9.88152056838506e-06,9.88152056838506e-06,9.88152056838506e-06,9.88152056838506e-06,9.88152056838506e-06,9.88152056838506e-06,9.88152056838506e-06,9.88152056838506e-06,9.88152056838506e-06,9.88152056838506e-06,9.88152056838506e-06,9.88152056838506e-06,9.88152056838506e-06,9.88152056838506e-06,9.88152056838506e-06,9.88152056838506e-06,9.88152056838506e-06,9.88152056838506e-06,9.88152056838506e-06,9.88152056838506e-06,9.88152056838506e-06,9.88152056838506e-06,9.88152056838506e-06,9.88152056838506e-06,9.88152056838506e-06,9.88152056838506e-06,9.88152056838506e-06,9.88152056838506e-06,9.88152056838506e-06,9.88152056838506e-06,9.88152056838506e-06,9.88152056838506e-06,9.88152056838506e-06,9.88152056838506e-06,9.88152056838506e-06,9.88152056838506e-06,9.88152056838506e-06,9.88152056838506e-06,9.88152056838506e-06,9.88152056838506e-06,9.88152056838506e-06,9.88152056838506e-06,9.88152056838506e-06,9.88152056838506e-06,9.88152056838506e-06,9.88152056838506e-06,9.88152056838506e-06,9.88152056838506e-06,9.88152056838506e-06,9.88152056838506e-06,9.88152056838506e-06,9.88152056838506e-06,9.88152056838506e-06,9.88152056838506e-06,9.88152056838506e-06,9.88152056838506e-06,9.88152056838506e-06,9.88152056838506e-06,9.88152056838506e-06,9.88152056838506e-06,9.88152056838506e-06,9.88152056838506e-06,9.88152056838506e-06,9.88152056838506e-06,9.88152056838506e-06,9.88152056838506e-06,9.88152056838506e-06,9.88152056838506e-06,9.88152056838506e-06,9.88152056838506e-06,9.88152056838506e-06,9.88152056838506e-06,9.88152056838506e-06,9.88152056838506e-06,9.88152056838506e-06,9.88152056838506e-06,9.88152056838506e-06,9.88152056838506e-06,9.88152056838506e-06,9.88152056838506e-06,9.88152056838506e-06,9.88152056838506e-06,9.88152056838506e-06,9.88152056838506e-06,9.88152056838506e-06,9.88152056838506e-06,9.88152056838506e-06,9.88152056838506e-06,9.88152056838506e-06,9.88152056838506e-06,9.88152056838506e-06,9.88152056838506e-06
9.88152056838506e-06,9.88152056838506e-06,9.88152056838506e-06,9.88152056838506e-06,9.88152056838506e-06,9.88152056838506e-06,9.88152056838506e-06,9.88152056838506e-06,9.88152056838506e-06,9.88152056838506e-06,9.88152056838506e-06,9.88152056838506e-06,9.88152056838506e-06,9.88152056838506e-06,9.88152056838506e-06,9.88152056838506e-06,9.88152056838506e-06,9.88152056838506e-06,9.88152056838506e-06,9.88152056838506e-06,9.88152056838506e-06,9.88152056838506e-06,9.88152056838506e-06,9.88152056838506e-06,9.88152056838506e-06,9.88152056838506e-06,9.88152056838506e-06,9.88152056838506e-06,9.88152056838506e-06,9.88152056838506e-06,9.88152056838506e-06,9.88152056838506e-06,9.88152056838506e-06,9.88152056838506e-06,9.88152056838506e-06,9.88152056838506e-06,9.88152056838506e-06,9.88152056838506e-06,9.88152056838506e-06,9.88152056838506e-06,9.88152056838506e-06,9.88152056838506e-06,9.88152056838506e-06,9.88152056838506e-06,9.88152056838506e-06,9.88152056838506e-06,9.88152056838506e-06,9.88152056838506e-06,9.88152056838506e-06,9.88152056838506e-06,9.88152056838506e-06,9.88152056838506e-06,9.88152056838506e-06,9.88152056838506e-06,9.88152056838506e-06,9.88152056838506e-06,9.88152056838506e-06,9.88152056838506e-06,9.88152056838506e-06,9.88152056838506e-06,9.88152056838506e-06,9.88152056838506e-06,9.88152056838506e-06,9.88152056838506e-06,9.88152056838506e-06,9.88152056838506e-06,9.88152056838506e-06,9.88152056838506e-06,9.88152056838506e-06,9.88152056838506e-06,9.88152056838506e-06,9.88152056838506e-06,9.88152056838506e-06,9.88152056838506e-06,9.88152056838506e-06,9.88152056838506e-06,9.88152056838506e-06,9.88152056838506e-06,9.88152056838506e-06,9.88152056838506e-06,9.88152056838506e-06,9.88152056838506e-06,9.88152056838506e-06,9.88152056838506e-06,9.88152056838506e-06,9.88152056838506e-06,9.88152056838506e-06,9.88152056838506e-06,9.88152056838506e-06,9.88152056838506e-06,9.88152056838506e-06,9.88152056838506e-06,9.88152056838506e-06,9.88152056838506e-06,9.88152056838506e-06,9.88152056838506e-06,9.88152056838506e-06,9.88152056838506e-06,9.88152056838506e-06,9.88152056838506e-06
9.88152056838506e-06,9.88152056838506e-06,9.88152056838506e-06,9.88152056838506e-06,9.88152056838506e-06,9.88152056838506e-06,9.88152056838506e-06,9.88152056838506e-06,9.88152056838506e-06,9.88152056838506e-06,9.88152056838506e-06,9.88152056838506e-06,9.88152056838506e-06,9.88152056838506e-06,9.88152056838506e-06,9.88152056838506e-06,9.88152056838506e-06,9.88152056838506e-06,9.88152056838506e-06,9.88152056838506e-06,9.88152056838506e-06,9.88152056838506e-06,9.88152056838506e-06,9.88152056838506e-06,9.88152056838506e-06,9.88152056838506e-06,9.88152056838506e-06,9.88152056838506e-06,9.88152056838506e-06,9.88152056838506e-06,9.88152056838506e-06,9.88152056838506e-06,9.88152056838506e-06,9.88152056838506e-06,9.88152056838506e-06,9.88152056838506e-06,9.88152056838506e-06,9.88152056838506e-06,9.88152056838506e-06,9.88152056838506e-06,9.88152056838506e-06,9.88152056838506e-06,9.88152056838506e-06,9.88152056838506e-06,9.88152056838506e-06,9.88152056838506e-06,9.88152056838506e-06,9.88152056838506e-06,9.88152056838506e-06,9.88152056838506e-06,9.88152056838506e-06,9.88152056838506e-06,9.88152056838506e-06,9.88152056838506e-06,9.88152056838506e-06,9.88152056838506e-06,9.88152056838506e-06,9.88152056838506e-06,9.88152056838506e-06,9.88152056838506e-06,9.88152056838506e-06,9.88152056838506e-06,9.88152056838506e-06,9.88152056838506e-06,9.88152056838506e-06,9.88152056838506e-06,9.88152056838506e-06,9.88152056838506e-06,9.88152056838506e-06,9.88152056838506e-06,9.88152056838506e-06,9.88152056838506e-06,9.88152056838506e-06,9.88152056838506e-06,9.88152056838506e-06,9.88152056838506e-06,9.88152056838506e-06,9.88152056838506e-06,9.88152056838506e-06,9.88152056838506e-06,9.88152056838506e-06,9.88152056838506e-06,9.88152056838506e-06,9.88152056838506e-06,9.88152056838506e-06,9.88152056838506e-06,9.88152056838506e-06,9.88152056838506e-06,9.88152056838506e-06,9.88152056838506e-06,9.88152056838506e-06,9.88152056838506e-06,9.88152056838506e-06,9.88152056838506e-06,9.88152056838506e-06,9.88152056838506e-06,9.88152056838506e-06,9.88152056838506e-06,9.88152056838506e-06,9.88152056838506e-06
9.88152056838506e-06,9.88152056838506e-06,9.88152056838506e-06,9.88152056838506e-06,9.88152056838506e-06,9.88152056838506e-06,9.88152056838506e-06,9.88152056838506e-06,9.88152056838506e-06,9.88152056838506e-06,9.88152056838506e-06,9.88152056838506e-06,9.88152056838506e-06,9.88152056838506e-06,9.88152056838506e-06,9.88152056838506e-06,9.88152056838506e-06,9.88152056838506e-06,9.88152056838506e-06,9.88152056838506e-06,9.88152056838506e-06,9.88152056838506e-06,9.88152056838506e-06,9.88152056838506e-06,9.88152056838506e-06,9.88152056838506e-06,9.88152056838506e-06,9.88152056838506e-06,9.88152056838506e-06,9.88152056838506e-06,9.88152056838506e-06,9.88152056838506e-06,9.88152056838506e-06,9.88152056838506e-06,9.88152056838506e-06,9.88152056838506e-06,9.88152056838506e-06,9.88152056838506e-06,9.88152056838506e-06,9.88152056838506e-06,9.88152056838506e-06,9.88152056838506e-06,9.88152056838506e-06,9.88152056838506e-06,9.88152056838506e-06,9.88152056838506e-06,9.88152056838506e-06,9.88152056838506e-06,9.88152056838506e-06,9.88152056838506e-06,9.88152056838506e-06,9.88152056838506e-06,9.88152056838506e-06,9.88152056838506e-06,9.88152056838506e-06,9.88152056838506e-06,9.88152056838506e-06,9.88152056838506e-06,9.88152056838506e-06,9.88152056838506e-06,9.88152056838506e-06,9.88152056838506e-06,9.88152056838506e-06,9.88152056838506e-06,9.88152056838506e-06,9.88152056838506e-06,9.88152056838506e-06,9.88152056838506e-06,9.88152056838506e-06,9.88152056838506e-06,9.88152056838506e-06,9.88152056838506e-06,9.88152056838506e-06,9.88152056838506e-06,9.88152056838506e-06,9.88152056838506e-06,9.88152056838506e-06,9.88152056838506e-06,9.88152056838506e-06,9.88152056838506e-06,9.88152056838506e-06,9.88152056838506e-06,9.88152056838506e-06,9.88152056838506e-06,9.88152056838506e-06,9.88152056838506e-06,9.88152056838506e-06,9.88152056838506e-06,9.88152056838506e-06,9.88152056838506e-06,9.88152056838506e-06,9.88152056838506e-06,9.88152056838506e-06,9.88152056838506e-06,9.88152056838506e-06,9.88152056838506e-06,9.88152056838506e-06,9.88152056838506e-06,9.88152056838506e-06,9.88152056838506e-06
9.88152056838506e-06,9.88152056838506e-06,9.88152056838506e-06,9.88152056838506e-06,9.88152056838506e-06,9.88152056838506e-06,9.88152056838506e-06,9.88152056838506e-06,9.88152056838506e-06,9.88152056838506e-06,9.88152056838506e-06,9.88152056838506e-06,9.88152056838506e-06,9.88152056838506e-06,9.88152056838506e-06,9.88152056838506e-06,9.88152056838506e-06,9.88152056838506e-06,9.88152056838506e-06,9.88152056838506e-06,9.88152056838506e-06,9.88152056838506e-06,9.88152056838506e-06,9.88152056838506e-06,9.88152056838506e-06,9.88152056838506e-06,9.88152056838506e-06,9.88152056838506e-06,9.88152056838506e-06,9.88152056838506e-06,9.88152056838506e-06,9.88152056838506e-06,9.88152056838506e-06,9.88152056838506e-06,9.88152056838506e-06,9.88152056838506e-06,9.88152056838506e-06,9.88152056838506e-06,9.88152056838506e-06,9.88152056838506e-06,9.88152056838506e-06,9.88152056838506e-06,9.88152056838506e-06,9.88152056838506e-06,9.88152056838506e-06,9.88152056838506e-06,9.88152056838506e-06,9.88152056838506e-06,9.88152056838506e-06,9.88152056838506e-06,9.88152056838506e-06,9.88152056838506e-06,9.88152056838506e-06,9.88152056838506e-06,9.88152056838506e-06,9.88152056838506e-06,9.88152056838506e-06,9.88152056838506e-06,9.88152056838506e-06,9.88152056838506e-06,9.88152056838506e-06,9.88152056838506e-06,9.88152056838506e-06,9.88152056838506e-06,9.88152056838506e-06,9.88152056838506e-06,9.88152056838506e-06,9.88152056838506e-06,9.88152056838506e-06,9.88152056838506e-06,9.88152056838506e-06,9.88152056838506e-06,9.88152056838506e-06,9.88152056838506e-06,9.88152056838506e-06,9.88152056838506e-06,9.88152056838506e-06,9.88152056838506e-06,9.88152056838506e-06,9.88152056838506e-06,9.88152056838506e-06,9.88152056838506e-06,9.88152056838506e-06,9.88152056838506e-06,9.88152056838506e-06,9.88152056838506e-06,9.88152056838506e-06,9.88152056838506e-06,9.88152056838506e-06,9.88152056838506e-06,9.88152056838506e-06,9.88152056838506e-06,9.88152056838506e-06,9.88152056838506e-06,9.88152056838506e-06,9.88152056838506e-06,9.88152056838506e-06,9.88152056838506e-06,9.88152056838506e-06,9.88152056838506e-06
9.88152056838506e-06,9.88152056838506e-06,9.88152056838506e-06,9.88152056838506e-06,9.88152056838506e-06,9.88152056838506e-06,9.88152056838506e-06,9.88152056838506e-06,9.88152056838506e-06,9.88152056838506e-06,9.88152056838506e-06,9.88152056838506e-06,9.88152056838506e-06,9.88152056838506e-06,9.88152056838506e-06,9.88152056838506e-06,9.88152056838506e-06,9.88152056838506e-06,9.88152056838506e-06,9.88152056838506e-06,9.88152056838506e-06,9.88152056838506e-06,9.88152056838506e-06,9.88152056838506e-06,9.88152056838506e-06,9.88152056838506e-06,9.88152056838506e-06,9.88152056838506e-06,9.88152056838506e-06,9.88152056838506e-06,9.88152056838506e-06,9.88152056838506e-06,9.88152056838506e-06,9.88152056838506e-06,9.88152056838506e-06,9.88152056838506e-06,9.88152056838506e-06,9.88152056838506e-06,9.88152056838506e-06,9.88152056838506e-06,9.88152056838506e-06,9.88152056838506e-06,9.88152056838506e-06,9.88152056838506e-06,9.88152056838506e-06,9.88152056838506e-06,9.88152056838506e-06,9.88152056838506e-06,9.88152056838506e-06,9.88152056838506e-06,9.88152056838506e-06,9.88152056838506e-06,9.88152056838506e-06,9.88152056838506e-06,9.88152056838506e-06,9.88152056838506e-06,9.88152056838506e-06,9.88152056838506e-06,9.88152056838506e-06,9.88152056838506e-06,9.88152056838506e-06,9.88152056838506e-06,9.88152056838506e-06,9.88152056838506e-06,9.88152056838506e-06,9.88152056838506e-06,9.88152056838506e-06,9.88152056838506e-06,9.88152056838506e-06,9.88152056838506e-06,9.88152056838506e-06,9.88152056838506e-06,9.88152056838506e-06,9.88152056838506e-06,9.88152056838506e-06,9.88152056838506e-06,9.88152056838506e-06,9.88152056838506e-06,9.88152056838506e-06,9.88152056838506e-06,9.88152056838506e-06,9.88152056838506e-06,9.88152056838506e-06,9.88152056838506e-06,9.88152056838506e-06,9.88152056838506e-06,9.88152056838506e-06,9.88152056838506e-06,9.88152056838506e-06,9.88152056838506e-06,9.88152056838506e-06,9.88152056838506e-06,9.88152056838506e-06,9.88152056838506e-06,9.88152056838506e-06,9.88152056838506e-06,9.88152056838506e-06,9.88152056838506e-06,9.88152056838506e-06,9.88152056838506e-06
9.88152056838506e-06,9.88152056838506e-06,9.88152056838506e-06,9.88152056838506e-06,9.88152056838506e-06,9.88152056838506e-06,9.88152056838506e-06,9.88152056838506e-06,9.88152056838506e-06,9.88152056838506e-06,9.88152056838506e-06,9.88152056838506e-06,9.88152056838506e-06,9.88152056838506e-06,9.88152056838506e-06,9.88152056838506e-06,9.88152056838506e-06,9.88152056838506e-06,9.88152056838506e-06,9.88152056838506e-06,9.88152056838506e-06,9.88152056838506e-06,9.88152056838506e-06,9.88152056838506e-06,9.88152056838506e-06,9.88152056838506e-06,9.88152056838506e-06,9.88152056838506e-06,9.88152056838506e-06,9.88152056838506e-06,9.88152056838506e-06,9.88152056838506e-06,9.88152056838506e-06,9.88152056838506e-06,9.88152056838506e-06,9.88152056838506e-06,9.88152056838506e-06,9.88152056838506e-06,9.88152056838506e-06,9.88152056838506e-06,9.88152056838506e-06,9.88152056838506e-06,9.88152056838506e-06,9.88152056838506e-06,9.88152056838506e-06,9.88152056838506e-06,9.88152056838506e-06,9.88152056838506e-06,9.88152056838506e-06,9.88152056838506e-06,9.88152056838506e-06,9.88152056838506e-06,9.88152056838506e-06,9.88152056838506e-06,9.88152056838506e-06,9.88152056838506e-06,9.88152056838506e-06,9.88152056838506e-06,9.88152056838506e-06,9.88152056838506e-06,9.88152056838506e-06,9.88152056838506e-06,9.88152056838506e-06,9.88152056838506e-06,9.88152056838506e-06,9.88152056838506e-06,9.88152056838506e-06,9.88152056838506e-06,9.88152056838506e-06,9.88152056838506e-06,9.88152056838506e-06,9.88152056838506e-06,9.88152056838506e-06,9.88152056838506e-06,9.88152056838506e-06,9.88152056838506e-06,9.88152056838506e-06,9.88152056838506e-06,9.88152056838506e-06,9.88152056838506e-06,9.88152056838506e-06,9.88152056838506e-06,9.88152056838506e-06,9.88152056838506e-06,9.88152056838506e-06,9.88152056838506e-06,9.88152056838506e-06,9.88152056838506e-06,9.88152056838506e-06,9.88152056838506e-06,9.88152056838506e-06,9.88152056838506e-06,9.88152056838506e-06,9.88152056838506e-06,9.88152056838506e-06,9.88152056838506e-06,9.88152056838506e-06,9.88152056838506e-06,9.88152056838506e-06,9.88152056838506e-06
9.88152056838506e-06,9.88152056838506e-06,9.88152056838506e-06,9.88152056838506e-06,9.88152056838506e-06,9.88152056838506e-06,9.88152056838506e-06,9.88152056838506e-06,9.88152056838506e-06,9.88152056838506e-06,9.88152056838506e-06,9.88152056838506e-06,9.88152056838506e-06,9.88152056838506e-06,9.88152056838506e-06,9.88152056838506e-06,9.88152056838506e-06,9.88152056838506e-06,9.88152056838506e-06,9.88152056838506e-06,9.88152056838506e-06,9.88152056838506e-06,9.88152056838506e-06,9.88152056838506e-06,9.88152056838506e-06,9.88152056838506e-06,9.88152056838506e-06,9.88152056838506e-06,9.88152056838506e-06,9.88152056838506e-06,9.88152056838506e-06,9.88152056838506e-06,9.88152056838506e-06,9.88152056838506e-06,9.88152056838506e-06,9.88152056838506e-06,9.88152056838506e-06,9.88152056838506e-06,9.88152056838506e-06,9.88152056838506e-06,9.88152056838506e-06,9.88152056838506e-06,9.88152056838506e-06,9.88152056838506e-06,9.88152056838506e-06,9.88152056838506e-06,9.88152056838506e-06,9.88152056838506e-06,9.88152056838506e-06,9.88152056838506e-06,9.88152056838506e-06,9.88152056838506e-06,9.88152056838506e-06,9.88152056838506e-06,9.88152056838506e-06,9.88152056838506e-06,9.88152056838506e-06,9.88152056838506e-06,9.88152056838506e-06,9.88152056838506e-06,9.88152056838506e-06,9.88152056838506e-06,9.88152056838506e-06,9.88152056838506e-06,9.88152056838506e-06,9.88152056838506e-06,9.88152056838506e-06,9.88152056838506e-06,9.88152056838506e-06,9.88152056838506e-06,9.88152056838506e-06,9.88152056838506e-06,9.88152056838506e-06,9.88152056838506e-06,9.88152056838506e-06,9.88152056838506e-06,9.88152056838506e-06,9.88152056838506e-06,9.88152056838506e-06,9.88152056838506e-06,9.88152056838506e-06,9.88152056838506e-06,9.88152056838506e-06,9.88152056838506e-06,9.88152056838506e-06,9.88152056838506e-06,9.88152056838506e-06,9.88152056838506e-06,9.88152056838506e-06,9.88152056838506e-06,9.88152056838506e-06,9.88152056838506e-06,9.88152056838506e-06,9.88152056838506e-06,9.88152056838506e-06,9.88152056838506e-06,9.88152056838506e-06,9.88152056838506e-06,9.88152056838506e-06,9.88152056838506e-06
9.88152056838506e-06,9.88152056838506e-06,9.88152056838506e-06,9.88152056838506e-06,9.88152056838506e-06,9.88152056838506e-06,9.88152056838506e-06,9.88152056838506e-06,9.88152056838506e-06,9.88152056838506e-06,9.88152056838506e-06,9.88152056838506e-06,9.88152056838506e-06,9.88152056838506e-06,9.88152056838506e-06,9.88152056838506e-06,9.88152056838506e-06,9.88152056838506e-06,9.88152056838506e-06,9.88152056838506e-06,9.88152056838506e-06,9.88152056838506e-06,9.88152056838506e-06,9.88152056838506e-06,9.88152056838506e-06,9.88152056838506e-06,9.88152056838506e-06,9.88152056838506e-06,9.88152056838506e-06,9.88152056838506e-06,9.88152056838506e-06,9.88152056838506e-06,9.88152056838506e-06,9.88152056838506e-06,9.88152056838506e-06,9.88152056838506e-06,9.88152056838506e-06,9.88152056838506e-06,9.88152056838506e-06,9.88152056838506e-06,9.88152056838506e-06,9.88152056838506e-06,9.88152056838506e-06,9.88152056838506e-06,9.88152056838506e-06,9.88152056838506e-06,9.88152056838506e-06,9.88152056838506e-06,9.88152056838506e-06,9.88152056838506e-06,9.88152056838506e-06,9.88152056838506e-06,9.88152056838506e-06,9.88152056838506e-06,9.88152056838506e-06,9.88152056838506e-06,9.88152056838506e-06,9.88152056838506e-06,9.88152056838506e-06,9.88152056838506e-06,9.88152056838506e-06,9.88152056838506e-06,9.88152056838506e-06,9.88152056838506e-06,9.88152056838506e-06,9.88152056838506e-06,9.88152056838506e-06,9.88152056838506e-06,9.88152056838506e-06,9.88152056838506e-06,9.88152056838506e-06,9.88152056838506e-06,9.88152056838506e-06,9.88152056838506e-06,9.88152056838506e-06,9.88152056838506e-06,9.88152056838506e-06,9.88152056838506e-06,9.88152056838506e-06,9.88152056838506e-06,9.88152056838506e-06,9.88152056838506e-06,9.88152056838506e-06,9.88152056838506e-06,9.88152056838506e-06,9.88152056838506e-06,9.88152056838506e-06,9.88152056838506e-06,9.88152056838506e-06,9.88152056838506e-06,9.88152056838506e-06,9.88152056838506e-06,9.88152056838506e-06,9.88152056838506e-06,9.88152056838506e-06,9.88152056838506e-06,9.88152056838506e-06,9.88152056838506e-06,9.88152056838506e-06,9.88152056838506e-06
9.88152056838506e-06,9.88152056838506e-06,9.88152056838506e-06,9.88152056838506e-06,9.88152056838506e-06,9.88152056838506e-06,9.88152056838506e-06,9.88152056838506e-06,9.88152056838506e-06,9.88152056838506e-06,9.88152056838506e-06,9.88152056838506e-06,9.88152056838506e-06,9.88152056838506e-06,9.88152056838506e-06,9.88152056838506e-06,9.88152056838506e-06,9.88152056838506e-06,9.88152056838506e-06,9.88152056838506e-06,9.88152056838506e-06,9.88152056838506e-06,9.88152056838506e-06,9.88152056838506e-06,9.88152056838506e-06,9.88152056838506e-06,9.88152056838506e-06,9.88152056838506e-06,9.88152056838506e-06,9.88152056838506e-06,9.88152056838506e-06,9.88152056838506e-06,9.88152056838506e-06,9.88152056838506e-06,9.88152056838506e-06,9.88152056838506e-06,9.88152056838506e-06,9.88152056838506e-06,9.88152056838506e-06,9.88152056838506e-06,9.88152056838506e-06,9.88152056838506e-06,9.88152056838506e-06,9.88152056838506e-06,9.88152056838506e-06,9.88152056838506e-06,9.88152056838506e-06,9.88152056838506e-06,9.88152056838506e-06,9.88152056838506e-06,9.88152056838506e-06,9.88152056838506e-06,9.88152056838506e-06,9.88152056838506e-06,9.88152056838506e-06,9.88152056838506e-06,9.88152056838506e-06,9.88152056838506e-06,9.88152056838506e-06,9.88152056838506e-06,9.88152056838506e-06,9.88152056838506e-06,9.88152056838506e-06,9.88152056838506e-06,9.88152056838506e-06,9.88152056838506e-06,9.88152056838506e-06,9.88152056838506e-06,9.88152056838506e-06,9.88152056838506e-06,9.88152056838506e-06,9.88152056838506e-06,9.88152056838506e-06,9.88152056838506e-06,9.88152056838506e-06,9.88152056838506e-06,9.88152056838506e-06,9.88152056838506e-06,9.88152056838506e-06,9.88152056838506e-06,9.88152056838506e-06,9.88152056838506e-06,9.88152056838506e-06,9.88152056838506e-06,9.88152056838506e-06,9.88152056838506e-06,9.88152056838506e-06,9.88152056838506e-06,9.88152056838506e-06,9.88152056838506e-06,9.88152056838506e-06,9.88152056838506e-06,9.88152056838506e-06,9.88152056838506e-06,9.88152056838506e-06,9.88152056838506e-06,9.88152056838506e-06,9.88152056838506e-06,9.88152056838506e-06,9.88152056838506e-06
9.88152056838506e-06,9.88152056838506e-06,9.88152056838506e-06,9.88152056838506e-06,9.88152056838506e-06,9.88152056838506e-06,9.88152056838506e-06,9.88152056838506e-06,9.88152056838506e-06,9.88152056838506e-06,9.88152056838506e-06,9.88152056838506e-06,9.88152056838506e-06,9.88152056838506e-06,9.88152056838506e-06,9.88152056838506e-06,9.88152056838506e-06,9.88152056838506e-06,9.88152056838506e-06,9.88152056838506e-06,9.88152056838506e-06,9.88152056838506e-06,9.88152056838506e-06,9.88152056838506e-06,9.88152056838506e-06,9.88152056838506e-06,9.88152056838506e-06,9.88152056838506e-06,9.88152056838506e-06,9.88152056838506e-06,9.88152056838506e-06,9.88152056838506e-06,9.88152056838506e-06,9.88152056838506e-06,9.88152056838506e-06,9.88152056838506e-06,9.88152056838506e-06,9.88152056838506e-06,9.88152056838506e-06,9.88152056838506e-06,9.88152056838506e-06,9.88152056838506e-06,9.88152056838506e-06,9.88152056838506e-06,9.88152056838506e-06,9.88152056838506e-06,9.88152056838506e-06,9.88152056838506e-06,9.88152056838506e-06,9.88152056838506e-06,9.88152056838506e-06,9.88152056838506e-06,9.88152056838506e-06,9.88152056838506e-06,9.88152056838506e-06,9.88152056838506e-06,9.88152056838506e-06,9.88152056838506e-06,9.88152056838506e-06,9.88152056838506e-06,9.88152056838506e-06,9.88152056838506e-06,9.88152056838506e-06,9.88152056838506e-06,9.88152056838506e-06,9.88152056838506e-06,9.88152056838506e-06,9.88152056838506e-06,9.88152056838506e-06,9.88152056838506e-06,9.88152056838506e-06,9.88152056838506e-06,9.88152056838506e-06,9.88152056838506e-06,9.88152056838506e-06,9.88152056838506e-06,9.88152056838506e-06,9.88152056838506e-06,9.88152056838506e-06,9.88152056838506e-06,9.88152056838506e-06,9.88152056838506e-06,9.88152056838506e-06,9.88152056838506e-06,9.88152056838506e-06,9.88152056838506e-06,9.88152056838506e-06,9.88152056838506e-06,9.88152056838506e-06,9.88152056838506e-06,9.88152056838506e-06,9.88152056838506e-06,9.88152056838506e-06,9.88152056838506e-06,9.88152056838506e-06,9.88152056838506e-06,9.88152056838506e-06,9.88152056838506e-06,9.88152056838506e-06,9.88152056838506e-06
9.88152056838506e-06,9.88152056838506e-06,9.88152056838506e-06,9.88152056838506e-06,9.88152056838506e-06,9.88152056838506e-06,9.88152056838506e-06,9.88152056838506e-06,9.88152056838506e-06,9.88152056838506e-06,9.88152056838506e-06,9.88152056838506e-06,9.88152056838506e-06,9.88152056838506e-06,9.88152056838506e-06,9.88152056838506e-06,9.88152056838506e-06,9.88152056838506e-06,9.88152056838506e-06,9.88152056838506e-06,9.88152056838506e-06,9.88152056838506e-06,9.88152056838506e-06,9.88152056838506e-06,9.88152056838506e-06,9.88152056838506e-06,9.88152056838506e-06,9.88152056838506e-06,9.88152056838506e-06,9.88152056838506e-06,9.88152056838506e-06,9.88152056838506e-06,9.88152056838506e-06,9.88152056838506e-06,9.88152056838506e-06,9.88152056838506e-06,9.88152056838506e-06,9.88152056838506e-06,9.88152056838506e-06,9.88152056838506e-06,9.88152056838506e-06,9.88152056838506e-06,9.88152056838506e-06,9.88152056838506e-06,9.88152056838506e-06,9.88152056838506e-06,9.88152056838506e-06,9.88152056838506e-06,9.88152056838506e-06,9.88152056838506e-06,9.88152056838506e-06,9.88152056838506e-06,9.88152056838506e-06,9.88152056838506e-06,9.88152056838506e-06,9.88152056838506e-06,9.88152056838506e-06,9.88152056838506e-06,9.88152056838506e-06,9.88152056838506e-06,9.88152056838506e-06,9.88152056838506e-06,9.88152056838506e-06,9.88152056838506e-06,9.88152056838506e-06,9.88152056838506e-06,9.88152056838506e-06,9.88152056838506e-06,9.88152056838506e-06,9.88152056838506e-06,9.88152056838506e-06,9.88152056838506e-06,9.88152056838506e-06,9.88152056838506e-06,9.88152056838506e-06,9.88152056838506e-06,9.88152056838506e-06,9.88152056838506e-06,9.88152056838506e-06,9.88152056838506e-06,9.88152056838506e-06,9.88152056838506e-06,9.88152056838506e-06,9.88152056838506e-06,9.88152056838506e-06,9.88152056838506e-06,9.88152056838506e-06,9.88152056838506e-06,9.88152056838506e-06,9.88152056838506e-06,9.88152056838506e-06,9.88152056838506e-06,9.88152056838506e-06,9.88152056838506e-06,9.88152056838506e-06,9.88152056838506e-06,9.88152056838506e-06,9.88152056838506e-06,9.88152056838506e-06,9.88152056838506e-06
9.88152056838506e-06,9.88152056838506e-06,9.88152056838506e-06,9.88152056838506e-06,9.88152056838506e-06,9.88152056838506e-06,9.88152056838506e-06,9.88152056838506e-06,9.88152056838506e-06,9.88152056838506e-06,9.88152056838506e-06,9.88152056838506e-06,9.88152056838506e-06,9.88152056838506e-06,9.88152056838506e-06,9.88152056838506e-06,9.88152056838506e-06,9.88152056838506e-06,9.88152056838506e-06,9.88152056838506e-06,9.88152056838506e-06,9.88152056838506e-06,9.88152056838506e-06,9.88152056838506e-06,9.88152056838506e-06,9.88152056838506e-06,9.88152056838506e-06,9.88152056838506e-06,9.88152056838506e-06,9.88152056838506e-06,9.88152056838506e-06,9.88152056838506e-06,9.88152056838506e-06,9.88152056838506e-06,9.88152056838506e-06,9.88152056838506e-06,9.88152056838506e-06,9.88152056838506e-06,9.88152056838506e-06,9.88152056838506e-06,9.88152056838506e-06,9.88152056838506e-06,9.88152056838506e-06,9.88152056838506e-06,9.88152056838506e-06,9.88152056838506e-06,9.88152056838506e-06,9.88152056838506e-06,9.88152056838506e-06,9.88152056838506e-06,9.88152056838506e-06,9.88152056838506e-06,9.88152056838506e-06,9.88152056838506e-06,9.88152056838506e-06,9.88152056838506e-06,9.88152056838506e-06,9.88152056838506e-06,9.88152056838506e-06,9.88152056838506e-06,9.88152056838506e-06,9.88152056838506e-06,9.88152056838506e-06,9.88152056838506e-06,9.88152056838506e-06,9.88152056838506e-06,9.88152056838506e-06,9.88152056838506e-06,9.88152056838506e-06,9.88152056838506e-06,9.88152056838506e-06,9.88152056838506e-06,9.88152056838506e-06,9.88152056838506e-06,9.88152056838506e-06,9.88152056838506e-06,9.88152056838506e-06,9.88152056838506e-06,9.88152056838506e-06,9.88152056838506e-06,9.88152056838506e-06,9.88152056838506e-06,9.88152056838506e-06,9.88152056838506e-06,9.88152056838506e-06,9.88152056838506e-06,9.88152056838506e-06,9.88152056838506e-06,9.88152056838506e-06,9.88152056838506e-06,9.88152056838506e-06,9.88152056838506e-06,9.88152056838506e-06,9.88152056838506e-06,9.88152056838506e-06,9.88152056838506e-06,9.88152056838506e-06,9.88152056838506e-06,9.88152056838506e-06,9.88152056838506e-06
9.88152056838506e-06,9.88152056838506e-06,9.88152056838506e-06,9.88152056838506e-06,9.88152056838506e-06,9.88152056838506e-06,9.88152056838506e-06,9.88152056838506e-06,9.88152056838506e-06,9.88152056838506e-06,9.88152056838506e-06,9.88152056838506e-06,9.88152056838506e-06,9.88152056838506e-06,9.88152056838506e-06,9.88152056838506e-06,9.88152056838506e-06,9.88152056838506e-06,9.88152056838506e-06,9.88152056838506e-06,9.88152056838506e-06,9.88152056838506e-06,9.88152056838506e-06,9.88152056838506e-06,9.88152056838506e-06,9.88152056838506e-06,9.88152056838506e-06,9.88152056838506e-06,9.88152056838506e-06,9.88152056838506e-06,9.88152056838506e-06,9.88152056838506e-06,9.88152056838506e-06,9.88152056838506e-06,9.88152056838506e-06,9.88152056838506e-06,9.88152056838506e-06,9.88152056838506e-06,9.88152056838506e-06,9.88152056838506e-06,9.88152056838506e-06,9.88152056838506e-06,9.88152056838506e-06,9.88152056838506e-06,9.88152056838506e-06,9.88152056838506e-06,9.88152056838506e-06,9.88152056838506e-06,9.88152056838506e-06,9.88152056838506e-06,9.88152056838506e-06,9.88152056838506e-06,9.88152056838506e-06,9.88152056838506e-06,9.88152056838506e-06,9.88152056838506e-06,9.88152056838506e-06,9.88152056838506e-06,9.88152056838506e-06,9.88152056838506e-06,9.88152056838506e-06,9.88152056838506e-06,9.88152056838506e-06,9.88152056838506e-06,9.88152056838506e-06,9.88152056838506e-06,9.88152056838506e-06,9.88152056838506e-06,9.88152056838506e-06,9.88152056838506e-06,9.88152056838506e-06,9.88152056838506e-06,9.88152056838506e-06,9.88152056838506e-06,9.88152056838506e-06,9.88152056838506e-06,9.88152056838506e-06,9.88152056838506e-06,9.88152056838506e-06,9.88152056838506e-06,9.88152056838506e-06,9.88152056838506e-06,9.88152056838506e-06,9.88152056838506e-06,9.88152056838506e-06,9.88152056838506e-06,9.88152056838506e-06,9.88152056838506e-06,9.88152056838506e-06,9.88152056838506e-06,9.88152056838506e-06,9.88152056838506e-06,9.88152056838506e-06,9.88152056838506e-06,9.88152056838506e-06,9.88152056838506e-06,9.88152056838506e-06,9.88152056838506e-06,9.88152056838506e-06,9.88152056838506e-06
9.88152056838506e-06,9.88152056838506e-06,9.88152056838506e-06,9.88152056838506e-06,9.88152056838506e-06,9.88152056838506e-06,9.88152056838506e-06,9.88152056838506e-06,9.88152056838506e-06,9.88152056838506e-06,9.88152056838506e-06,9.88152056838506e-06,9.88152056838506e-06,9.88152056838506e-06,9.88152056838506e-06,9.88152056838506e-06,9.88152056838506e-06,9.88152056838506e-06,9.88152056838506e-06,9.88152056838506e-06,9.88152056838506e-06,9.88152056838506e-06,9.88152056838506e-06,9.88152056838506e-06,9.88152056838506e-06,9.88152056838506e-06,9.88152056838506e-06,9.88152056838506e-06,9.88152056838506e-06,9.88152056838506e-06,9.88152056838506e-06,9.88152056838506e-06,9.88152056838506e-06,9.88152056838506e-06,9.88152056838506e-06,9.88152056838506e-06,9.88152056838506e-06,9.88152056838506e-06,9.88152056838506e-06,9.88152056838506e-06,9.88152056838506e-06,9.88152056838506e-06,9.88152056838506e-06,9.88152056838506e-06,9.88152056838506e-06,9.88152056838506e-06,9.88152056838506e-06,9.88152056838506e-06,9.88152056838506e-06,9.88152056838506e-06,9.88152056838506e-06,9.88152056838506e-06,9.88152056838506e-06,9.88152056838506e-06,9.88152056838506e-06,9.88152056838506e-06,9.88152056838506e-06,9.88152056838506e-06,9.88152056838506e-06,9.88152056838506e-06,9.88152056838506e-06,9.88152056838506e-06,9.88152056838506e-06,9.88152056838506e-06,9.88152056838506e-06,9.88152056838506e-06,9.88152056838506e-06,9.88152056838506e-06,9.88152056838506e-06,9.88152056838506e-06,9.88152056838506e-06,9.88152056838506e-06,9.88152056838506e-06,9.88152056838506e-06,9.88152056838506e-06,9.88152056838506e-06,9.88152056838506e-06,9.88152056838506e-06,9.88152056838506e-06,9.88152056838506e-06,9.88152056838506e-06,9.88152056838506e-06,9.88152056838506e-06,9.88152056838506e-06,9.88152056838506e-06,9.88152056838506e-06,9.88152056838506e-06,9.88152056838506e-06,9.88152056838506e-06,9.88152056838506e-06,9.88152056838506e-06,9.88152056838506e-06,9.88152056838506e-06,9.88152056838506e-06,9.88152056838506e-06,9.88152056838506e-06,9.88152056838506e-06,9.88152056838506e-06,9.88152056838506e-06,9.88152056838506e-06
9.88152056838506e-06,9.88152056838506e-06,9.88152056838506e-06,9.88152056838506e-06,9.88152056838506e-06,9.88152056838506e-06,9.88152056838506e-06,9.88152056838506e-06,9.88152056838506e-06,9.88152056838506e-06,9.88152056838506e-06,9.88152056838506e-06,9.88152056838506e-06,9.88152056838506e-06,9.88152056838506e-06,9.88152056838506e-06,9.88152056838506e-06,9.88152056838506e-06,9.88152056838506e-06,9.88152056838506e-06,9.88152056838506e-06,9.88152056838506e-06,9.88152056838506e-06,9.88152056838506e-06,9.88152056838506e-06,9.88152056838506e-06,9.88152056838506e-06,9.88152056838506e-06,9.88152056838506e-06,9.88152056838506e-06,9.88152056838506e-06,9.88152056838506e-06,9.88152056838506e-06,9.88152056838506e-06,9.88152056838506e-06,9.88152056838506e-06,9.88152056838506e-06,9.88152056838506e-06,9.88152056838506e-06,9.88152056838506e-06,9.88152056838506e-06,9.88152056838506e-06,9.88152056838506e-06,9.88152056838506e-06,9.88152056838506e-06,9.88152056838506e-06,9.88152056838506e-06,9.88152056838506e-06,9.88152056838506e-06,9.88152056838506e-06,9.88152056838506e-06,9.88152056838506e-06,9.88152056838506e-06,9.88152056838506e-06,9.88152056838506e-06,9.88152056838506e-06,9.88152056838506e-06,9.88152056838506e-06,9.88152056838506e-06,9.88152056838506e-06,9.88152056838506e-06,9.88152056838506e-06,9.88152056838506e-06,9.88152056838506e-06,9.88152056838506e-06,9.88152056838506e-06,9.88152056838506e-06,9.88152056838506e-06,9.88152056838506e-06,9.88152056838506e-06,9.88152056838506e-06,9.88152056838506e-06,9.88152056838506e-06,9.88152056838506e-06,9.88152056838506e-06,9.88152056838506e-06,9.88152056838506e-06,9.88152056838506e-06,9.88152056838506e-06,9.88152056838506e-06,9.88152056838506e-06,9.88152056838506e-06,9.88152056838506e-06,9.88152056838506e-06,9.88152056838506e-06,9.88152056838506e-06,9.88152056838506e-06,9.88152056838506e-06,9.88152056838506e-06,9.88152056838506e-06,9.88152056838506e-06,9.88152056838506e-06,9.88152056838506e-06,9.88152056838506e-06,9.88152056838506e-06,9.88152056838506e-06,9.88152056838506e-06,9.88152056838506e-06,9.88152056838506e-06,9.88152056838506e-06
9.88152056838506e-06,9.88152056838506e-06,9.88152056838506e-06,9.88152056838506e-06,9.88152056838506e-06,9.88152056838506e-06,9.88152056838506e-06,9.88152056838506e-06,9.88152056838506e-06,9.88152056838506e-06,9.88152056838506e-06,9.88152056838506e-06,9.88152056838506e-06,9.88152056838506e-06,9.88152056838506e-06,9.88152056838506e-06,9.88152056838506e-06,9.88152056838506e-06,9.88152056838506e-06,9.88152056838506e-06,9.88152056838506e-06,9.88152056838506e-06,9.88152056838506e-06,9.88152056838506e-06,9.88152056838506e-06,9.88152056838506e-06,9.88152056838506e-06,9.88152056838506e-06,9.88152056838506e-06,9.88152056838506e-06,9.88152056838506e-06,9.88152056838506e-06,9.88152056838506e-06,9.88152056838506e-06,9.88152056838506e-06,9.88152056838506e-06,9.88152056838506e-06,9.88152056838506e-06,9.88152056838506e-06,9.88152056838506e-06,9.88152056838506e-06,9.88152056838506e-06,9.88152056838506e-06,9.88152056838506e-06,9.88152056838506e-06,9.88152056838506e-06,9.88152056838506e-06,9.88152056838506e-06,9.88152056838506e-06,9.88152056838506e-06,9.88152056838506e-06,9.88152056838506e-06,9.88152056838506e-06,9.88152056838506e-06,9.88152056838506e-06,9.88152056838506e-06,9.88152056838506e-06,9.88152056838506e-06,9.88152056838506e-06,9.88152056838506e-06,9.88152056838506e-06,9.88152056838506e-06,9.88152056838506e-06,9.88152056838506e-06,9.88152056838506e-06,9.88152056838506e-06,9.88152056838506e-06,9.88152056838506e-06,9.88152056838506e-06,9.88152056838506e-06,9.88152056838506e-06,9.88152056838506e-06,9.88152056838506e-06,9.88152056838506e-06,9.88152056838506e-06,9.88152056838506e-06,9.88152056838506e-06,9.88152056838506e-06,9.88152056838506e-06,9.88152056838506e-06,9.88152056838506e-06,9.88152056838506e-06,9.88152056838506e-06,9.88152056838506e-06,9.88152056838506e-06,9.88152056838506e-06,9.88152056838506e-06,9.88152056838506e-06,9.88152056838506e-06,9.88152056838506e-06,9.88152056838506e-06,9.88152056838506e-06,9.88152056838506e-06,9.88152056838506e-06,9.88152056838506e-06,9.88152056838506e-06,9.88152056838506e-06,9.88152056838506e-06,9.88152056838506e-06,9.88152056838506e-06
9.88152056838506e-06,9.88152056838506e-06,9.88152056838506e-06,9.88152056838506e-06,9.88152056838506e-06,9.88152056838506e-06,9.88152056838506e-06,9.88152056838506e-06,9.88152056838506e-06,9.88152056838506e-06,9.88152056838506e-06,9.88152056838506e-06,9.88152056838506e-06,9.88152056838506e-06,9.88152056838506e-06,9.88152056838506e-06,9.88152056838506e-06,9.88152056838506e-06,9.88152056838506e-06,9.88152056838506e-06,9.88152056838506e-06,9.88152056838506e-06,9.88152056838506e-06,9.88152056838506e-06,9.88152056838506e-06,9.88152056838506e-06,9.88152056838506e-06,9.88152056838506e-06,9.88152056838506e-06,9.88152056838506e-06,9.88152056838506e-06,9.88152056838506e-06,9.88152056838506e-06,9.88152056838506e-06,9.88152056838506e-06,9.88152056838506e-06,9.88152056838506e-06,9.88152056838506e-06,9.88152056838506e-06,9.88152056838506e-06,9.88152056838506e-06,9.88152056838506e-06,9.88152056838506e-06,9.88152056838506e-06,9.88152056838506e-06,9.88152056838506e-06,9.88152056838506e-06,9.88152056838506e-06,9.88152056838506e-06,9.88152056838506e-06,9.88152056838506e-06,9.88152056838506e-06,9.88152056838506e-06,9.88152056838506e-06,9.88152056838506e-06,9.88152056838506e-06,9.88152056838506e-06,9.88152056838506e-06,9.88152056838506e-06,9.88152056838506e-06,9.88152056838506e-06,9.88152056838506e-06,9.88152056838506e-06,9.88152056838506e-06,9.88152056838506e-06,9.88152056838506e-06,9.88152056838506e-06,9.88152056838506e-06,9.88152056838506e-06,9.88152056838506e-06,9.88152056838506e-06,9.88152056838506e-06,9.88152056838506e-06,9.88152056838506e-06,9.88152056838506e-06,9.88152056838506e-06,9.88152056838506e-06,9.88152056838506e-06,9.88152056838506e-06,9.88152056838506e-06,9.88152056838506e-06,9.88152056838506e-06,9.88152056838506e-06,9.88152056838506e-06,9.88152056838506e-06,9.88152056838506e-06,9.88152056838506e-06,9.88152056838506e-06,9.88152056838506e-06,9.88152056838506e-06,9.88152056838506e-06,9.88152056838506e-06,9.88152056838506e-06,9.88152056838506e-06,9.88152056838506e-06,9.88152056838506e-06,9.88152056838506e-06,9.88152056838506e-06,9.88152056838506e-06,9.88152056838506e-06
9.88152056838506e-06,9.88152056838506e-06,9.88152056838506e-06,9.88152056838506e-06,9.88152056838506e-06,9.88152056838506e-06,9.88152056838506e-06,9.88152056838506e-06,9.88152056838506e-06,9.88152056838506e-06,9.88152056838506e-06,9.88152056838506e-06,9.88152056838506e-06,9.88152056838506e-06,9.88152056838506e-06,9.88152056838506e-06,9.88152056838506e-06,9.88152056838506e-06,9.88152056838506e-06,9.88152056838506e-06,9.88152056838506e-06,9.88152056838506e-06,9.88152056838506e-06,9.88152056838506e-06,9.88152056838506e-06,9.88152056838506e-06,9.88152056838506e-06,9.88152056838506e-06,9.88152056838506e-06,9.88152056838506e-06,9.88152056838506e-06,9.88152056838506e-06,9.88152056838506e-06,9.88152056838506e-06,9.88152056838506e-06,9.88152056838506e-06,9.88152056838506e-06,9.88152056838506e-06,9.88152056838506e-06,9.88152056838506e-06,9.88152056838506e-06,9.88152056838506e-06,9.88152056838506e-06,9.88152056838506e-06,9.88152056838506e-06,9.88152056838506e-06,9.88152056838506e-06,9.88152056838506e-06,9.88152056838506e-06,9.88152056838506e-06,9.88152056838506e-06,9.88152056838506e-06,9.88152056838506e-06,9.88152056838506e-06,9.88152056838506e-06,9.88152056838506e-06,9.88152056838506e-06,9.88152056838506e-06,9.88152056838506e-06,9.88152056838506e-06,9.88152056838506e-06,9.88152056838506e-06,9.88152056838506e-06,9.88152056838506e-06,9.88152056838506e-06,9.88152056838506e-06,9.88152056838506e-06,9.88152056838506e-06,9.88152056838506e-06,9.88152056838506e-06,9.88152056838506e-06,9.88152056838506e-06,9.88152056838506e-06,9.88152056838506e-06,9.88152056838506e-06,9.88152056838506e-06,9.88152056838506e-06,9.88152056838506e-06,9.88152056838506e-06,9.88152056838506e-06,9.88152056838506e-06,9.88152056838506e-06,9.88152056838506e-06,9.88152056838506e-06,9.88152056838506e-06,9.88152056838506e-06,9.88152056838506e-06,9.88152056838506e-06,9.88152056838506e-06,9.88152056838506e-06,9.88152056838506e-06,9.88152056838506e-06,9.88152056838506e-06,9.88152056838506e-06,9.88152056838506e-06,9.88152056838506e-06,9.88152056838506e-06,9.88152056838506e-06,9.88152056838506e-06,9.88152056838506e-06
9.88152056838506e-06,9.88152056838506e-06,9.88152056838506e-06,9.88152056838506e-06,9.88152056838506e-06,9.88152056838506e-06,9.88152056838506e-06,9.88152056838506e-06,9.88152056838506e-06,9.88152056838506e-06,9.88152056838506e-06,9.88152056838506e-06,9.88152056838506e-06,9.88152056838506e-06,9.88152056838506e-06,9.88152056838506e-06,9.88152056838506e-06,9.88152056838506e-06,9.88152056838506e-06,9.88152056838506e-06,9.88152056838506e-06,9.88152056838506e-06,9.88152056838506e-06,9.88152056838506e-06,9.88152056838506e-06,9.88152056838506e-06,9.88152056838506e-06,9.88152056838506e-06,9.88152056838506e-06,9.88152056838506e-06,9.88152056838506e-06,9.88152056838506e-06,9.88152056838506e-06,9.88152056838506e-06,9.88152056838506e-06,9.88152056838506e-06,9.88152056838506e-06,9.88152056838506e-06,9.88152056838506e-06,9.88152056838506e-06,9.88152056838506e-06,9.88152056838506e-06,9.88152056838506e-06,9.88152056838506e-06,9.88152056838506e-06,9.88152056838506e-06,9.88152056838506e-06,9.88152056838506e-06,9.88152056838506e-06,9.88152056838506e-06,9.88152056838506e-06,9.88152056838506e-06,9.88152056838506e-06,9.88152056838506e-06,9.88152056838506e-06,9.88152056838506e-06,9.88152056838506e-06,9.88152056838506e-06,9.88152056838506e-06,9.88152056838506e-06,9.88152056838506e-06,9.88152056838506e-06,9.88152056838506e-06,9.88152056838506e-06,9.88152056838506e-06,9.88152056838506e-06,9.88152056838506e-06,9.88152056838506e-06,9.88152056838506e-06,9.88152056838506e-06,9.88152056838506e-06,9.88152056838506e-06,9.88152056838506e-06,9.88152056838506e-06,9.88152056838506e-06,9.88152056838506e-06,9.88152056838506e-06,9.88152056838506e-06,9.88152056838506e-06,9.88152056838506e-06,9.88152056838506e-06,9.88152056838506e-06,9.88152056838506e-06,9.88152056838506e-06,9.88152056838506e-06,9.88152056838506e-06,9.88152056838506e-06,9.88152056838506e-06,9.88152056838506e-06,9.88152056838506e-06,9.88152056838506e-06,9.88152056838506e-06,9.88152056838506e-06,9.88152056838506e-06,9.88152056838506e-06,9.88152056838506e-06,9.88152056838506e-06,9.88152056838506e-06,9.88152056838506e-06,9.88152056838506e-06
9.88152056838506e-06,9.88152056838506e-06,9.88152056838506e-06,9.88152056838506e-06,9.88152056838506e-06,9.88152056838506e-06,9.88152056838506e-06,9.88152056838506e-06,9.88152056838506e-06,9.88152056838506e-06,9.88152056838506e-06,9.88152056838506e-06,9.88152056838506e-06,9.88152056838506e-06,9.88152056838506e-06,9.88152056838506e-06,9.88152056838506e-06,9.88152056838506e-06,9.88152056838506e-06,9.88152056838506e-06,9.88152056838506e-06,9.88152056838506e-06,9.88152056838506e-06,9.88152056838506e-06,9.88152056838506e-06,9.88152056838506e-06,9.88152056838506e-06,9.88152056838506e-06,9.88152056838506e-06,9.88152056838506e-06,9.88152056838506e-06,9.88152056838506e-06,9.88152056838506e-06,9.88152056838506e-06,9.88152056838506e-06,9.88152056838506e-06,9.88152056838506e-06,9.88152056838506e-06,9.88152056838506e-06,9.88152056838506e-06,9.88152056838506e-06,9.88152056838506e-06,9.88152056838506e-06,9.88152056838506e-06,9.88152056838506e-06,9.88152056838506e-06,9.88152056838506e-06,9.88152056838506e-06,9.88152056838506e-06,9.88152056838506e-06,9.88152056838506e-06,9.88152056838506e-06,9.88152056838506e-06,9.88152056838506e-06,9.88152056838506e-06,9.88152056838506e-06,9.88152056838506e-06,9.88152056838506e-06,9.88152056838506e-06,9.88152056838506e-06,9.88152056838506e-06,9.88152056838506e-06,9.88152056838506e-06,9.88152056838506e-06,9.88152056838506e-06,9.88152056838506e-06,9.88152056838506e-06,9.88152056838506e-06,9.88152056838506e-06,9.88152056838506e-06,9.88152056838506e-06,9.88152056838506e-06,9.88152056838506e-06,9.88152056838506e-06,9.88152056838506e-06,9.88152056838506e-06,9.88152056838506e-06,9.88152056838506e-06,9.88152056838506e-06,9.88152056838506e-06,9.88152056838506e-06,9.88152056838506e-06,9.88152056838506e-06,9.88152056838506e-06,9.88152056838506e-06,9.88152056838506e-06,9.88152056838506e-06,9.88152056838506e-06,9.88152056838506e-06,9.88152056838506e-06,9.88152056838506e-06,9.88152056838506e-06,9.88152056838506e-06,9.88152056838506e-06,9.88152056838506e-06,9.88152056838506e-06,9.88152056838506e-06,9.88152056838506e-06,9.88152056838506e-06,9.88152056838506e-06
9.88152056838506e-06,9.88152056838506e-06,9.88152056838506e-06,9.88152056838506e-06,9.88152056838506e-06,9.88152056838506e-06,9.88152056838506e-06,9.88152056838506e-06,9.88152056838506e-06,9.88152056838506e-06,9.88152056838506e-06,9.88152056838506e-06,9.88152056838506e-06,9.88152056838506e-06,9.88152056838506e-06,9.88152056838506e-06,9.88152056838506e-06,9.88152056838506e-06,9.88152056838506e-06,9.88152056838506e-06,9.88152056838506e-06,9.88152056838506e-06,9.88152056838506e-06,9.88152056838506e-06,9.88152056838506e-06,9.88152056838506e-06,9.88152056838506e-06,9.88152056838506e-06,9.88152056838506e-06,9.88152056838506e-06,9.88152056838506e-06,9.88152056838506e-06,9.88152056838506e-06,9.88152056838506e-06,9.88152056838506e-06,9.88152056838506e-06,9.88152056838506e-06,9.88152056838506e-06,9.88152056838506e-06,9.88152056838506e-06,9.88152056838506e-06,9.88152056838506e-06,9.88152056838506e-06,9.88152056838506e-06,9.88152056838506e-06,9.88152056838506e-06,9.88152056838506e-06,9.88152056838506e-06,9.88152056838506e-06,9.88152056838506e-06,9.88152056838506e-06,9.88152056838506e-06,9.88152056838506e-06,9.88152056838506e-06,9.88152056838506e-06,9.88152056838506e-06,9.88152056838506e-06,9.88152056838506e-06,9.88152056838506e-06,9.88152056838506e-06,9.88152056838506e-06,9.88152056838506e-06,9.88152056838506e-06,9.88152056838506e-06,9.88152056838506e-06,9.88152056838506e-06,9.88152056838506e-06,9.88152056838506e-06,9.88152056838506e-06,9.88152056838506e-06,9.88152056838506e-06,9.88152056838506e-06,9.88152056838506e-06,9.88152056838506e-06,9.88152056838506e-06,9.88152056838506e-06,9.88152056838506e-06,9.88152056838506e-06,9.88152056838506e-06,9.88152056838506e-06,9.88152056838506e-06,9.88152056838506e-06,9.88152056838506e-06,9.88152056838506e-06,9.88152056838506e-06,9.88152056838506e-06,9.88152056838506e-06,9.88152056838506e-06,9.88152056838506e-06,9.88152056838506e-06,9.88152056838506e-06,9.88152056838506e-06,9.88152056838506e-06,9.88152056838506e-06,9.88152056838506e-06,9.88152056838506e-06,9.88152056838506e-06,9.88152056838506e-06,9.88152056838506e-06,9.88152056838506e-06
9.88152056838506e-06,9.88152056838506e-06,9.88152056838506e-06,9.88152056838506e-06,9.88152056838506e-06,9.88152056838506e-06,9.88152056838506e-06,9.88152056838506e-06,9.88152056838506e-06,9.88152056838506e-06,9.88152056838506e-06,9.88152056838506e-06,9.88152056838506e-06,9.88152056838506e-06,9.88152056838506e-06,9.88152056838506e-06,9.88152056838506e-06,9.88152056838506e-06,9.88152056838506e-06,9.88152056838506e-06,9.88152056838506e-06,9.88152056838506e-06,9.88152056838506e-06,9.88152056838506e-06,9.88152056838506e-06,9.88152056838506e-06,9.88152056838506e-06,9.88152056838506e-06,9.88152056838506e-06,9.88152056838506e-06,9.88152056838506e-06,9.88152056838506e-06,9.88152056838506e-06,9.88152056838506e-06,9.88152056838506e-06,9.88152056838506e-06,9.88152056838506e-06,9.88152056838506e-06,9.88152056838506e-06,9.88152056838506e-06,9.88152056838506e-06,9.88152056838506e-06,9.88152056838506e-06,9.88152056838506e-06,9.88152056838506e-06,9.88152056838506e-06,9.88152056838506e-06,9.88152056838506e-06,9.88152056838506e-06,9.88152056838506e-06,9.88152056838506e-06,9.88152056838506e-06,9.88152056838506e-06,9.88152056838506e-06,9.88152056838506e-06,9.88152056838506e-06,9.88152056838506e-06,9.88152056838506e-06,9.88152056838506e-06,9.88152056838506e-06,9.88152056838506e-06,9.88152056838506e-06,9.88152056838506e-06,9.88152056838506e-06,9.88152056838506e-06,9.88152056838506e-06,9.88152056838506e-06,9.88152056838506e-06,9.88152056838506e-06,9.88152056838506e-06,9.88152056838506e-06,9.88152056838506e-06,9.88152056838506e-06,9.88152056838506e-06,9.88152056838506e-06,9.88152056838506e-06,9.88152056838506e-06,9.88152056838506e-06,9.88152056838506e-06,9.88152056838506e-06,9.88152056838506e-06,9.88152056838506e-06,9.88152056838506e-06,9.88152056838506e-06,9.88152056838506e-06,9.88152056838506e-06,9.88152056838506e-06,9.88152056838506e-06,9.88152056838506e-06,9.88152056838506e-06,9.88152056838506e-06,9.88152056838506e-06,9.88152056838506e-06,9.88152056838506e-06,9.88152056838506e-06,9.88152056838506e-06,9.88152056838506e-06,9.88152056838506e-06,9.88152056838506e-06,9.88152056838506e-06
9.88152056838506e-06,9.88152056838506e-06,9.88152056838506e-06,9.88152056838506e-06,9.88152056838506e-06,9.88152056838506e-06,9.88152056838506e-06,9.88152056838506e-06,9.88152056838506e-06,9.88152056838506e-06,9.88152056838506e-06,9.88152056838506e-06,9.88152056838506e-06,9.88152056838506e-06,9.88152056838506e-06,9.88152056838506e-06,9.88152056838506e-06,9.88152056838506e-06,9.88152056838506e-06,9.88152056838506e-06,9.88152056838506e-06,9.88152056838506e-06,9.88152056838506e-06,9.88152056838506e-06,9.88152056838506e-06,9.88152056838506e-06,9.88152056838506e-06,9.88152056838506e-06,9.88152056838506e-06,9.88152056838506e-06,9.88152056838506e-06,9.88152056838506e-06,9.88152056838506e-06,9.88152056838506e-06,9.88152056838506e-06,9.88152056838506e-06,9.88152056838506e-06,9.88152056838506e-06,9.88152056838506e-06,9.88152056838506e-06,9.88152056838506e-06,9.88152056838506e-06,9.88152056838506e-06,9.88152056838506e-06,9.88152056838506e-06,9.88152056838506e-06,9.88152056838506e-06,9.88152056838506e-06,9.88152056838506e-06,9.88152056838506e-06,9.88152056838506e-06,9.88152056838506e-06,9.88152056838506e-06,9.88152056838506e-06,9.88152056838506e-06,9.88152056838506e-06,9.88152056838506e-06,9.88152056838506e-06,9.88152056838506e-06,9.88152056838506e-06,9.88152056838506e-06,9.88152056838506e-06,9.88152056838506e-06,9.88152056838506e-06,9.88152056838506e-06,9.88152056838506e-06,9.88152056838506e-06,9.88152056838506e-06,9.88152056838506e-06,9.88152056838506e-06,9.88152056838506e-06,9.88152056838506e-06,9.88152056838506e-06,9.88152056838506e-06,9.88152056838506e-06,9.88152056838506e-06,9.88152056838506e-06,9.88152056838506e-06,9.88152056838506e-06,9.88152056838506e-06,9.88152056838506e-06,9.88152056838506e-06,9.88152056838506e-06,9.88152056838506e-06,9.88152056838506e-06,9.88152056838506e-06,9.88152056838506e-06,9.88152056838506e-06,9.88152056838506e-06,9.88152056838506e-06,9.88152056838506e-06,9.88152056838506e-06,9.88152056838506e-06,9.88152056838506e-06,9.88152056838506e-06,9.88152056838506e-06,9.88152056838506e-06,9.88152056838506e-06,9.88152056838506e-06,9.88152056838506e-06
9.88152056838506e-06,9.88152056838506e-06,9.88152056838506e-06,9.88152056838506e-06,9.88152056838506e-06,9.88152056838506e-06,9.88152056838506e-06,9.88152056838506e-06,9.88152056838506e-06,9.88152056838506e-06,9.88152056838506e-06,9.88152056838506e-06,9.88152056838506e-06,9.88152056838506e-06,9.88152056838506e-06,9.88152056838506e-06,9.88152056838506e-06,9.88152056838506e-06,9.88152056838506e-06,9.88152056838506e-06,9.88152056838506e-06,9.88152056838506e-06,9.88152056838506e-06,9.88152056838506e-06,9.88152056838506e-06,9.88152056838506e-06,9.88152056838506e-06,9.88152056838506e-06,9.88152056838506e-06,9.88152056838506e-06,9.88152056838506e-06,9.88152056838506e-06,9.88152056838506e-06,9.88152056838506e-06,9.88152056838506e-06,9.88152056838506e-06,9.88152056838506e-06,9.88152056838506e-06,9.88152056838506e-06,9.88152056838506e-06,9.88152056838506e-06,9.88152056838506e-06,9.88152056838506e-06,9.88152056838506e-06,9.88152056838506e-06,9.88152056838506e-06,9.88152056838506e-06,9.88152056838506e-06,9.88152056838506e-06,9.88152056838506e-06,9.88152056838506e-06,9.88152056838506e-06,9.88152056838506e-06,9.88152056838506e-06,9.88152056838506e-06,9.88152056838506e-06,9.88152056838506e-06,9.88152056838506e-06,9.88152056838506e-06,9.88152056838506e-06,9.88152056838506e-06,9.88152056838506e-06,9.88152056838506e-06,9.88152056838506e-06,9.88152056838506e-06,9.88152056838506e-06,9.88152056838506e-06,9.88152056838506e-06,9.88152056838506e-06,9.88152056838506e-06,9.88152056838506e-06,9.88152056838506e-06,9.88152056838506e-06,9.88152056838506e-06,9.88152056838506e-06,9.88152056838506e-06,9.88152056838506e-06,9.88152056838506e-06,9.88152056838506e-06,9.88152056838506e-06,9.88152056838506e-06,9.88152056838506e-06,9.88152056838506e-06,9.88152056838506e-06,9.88152056838506e-06,9.88152056838506e-06,9.88152056838506e-06,9.88152056838506e-06,9.88152056838506e-06,9.88152056838506e-06,9.88152056838506e-06,9.88152056838506e-06,9.88152056838506e-06,9.88152056838506e-06,9.88152056838506e-06,9.88152056838506e-06,9.88152056838506e-06,9.88152056838506e-06,9.88152056838506e-06,9.88152056838506e-06
9.88152056838506e-06,9.88152056838506e-06,9.88152056838506e-06,9.88152056838506e-06,9.88152056838506e-06,9.88152056838506e-06,9.88152056838506e-06,9.88152056838506e-06,9.88152056838506e-06,9.88152056838506e-06,9.88152056838506e-06,9.88152056838506e-06,9.88152056838506e-06,9.88152056838506e-06,9.88152056838506e-06,9.88152056838506e-06,9.88152056838506e-06,9.88152056838506e-06,9.88152056838506e-06,9.88152056838506e-06,9.88152056838506e-06,9.88152056838506e-06,9.88152056838506e-06,9.88152056838506e-06,9.88152056838506e-06,9.88152056838506e-06,9.88152056838506e-06,9.88152056838506e-06,9.88152056838506e-06,9.88152056838506e-06,9.88152056838506e-06,9.88152056838506e-06,9.88152056838506e-06,9.88152056838506e-06,9.88152056838506e-06,9.88152056838506e-06,9.88152056838506e-06,9.88152056838506e-06,9.88152056838506e-06,9.88152056838506e-06,9.88152056838506e-06,9.88152056838506e-06,9.88152056838506e-06,9.88152056838506e-06,9.88152056838506e-06,9.88152056838506e-06,9.88152056838506e-06,9.88152056838506e-06,9.88152056838506e-06,9.88152056838506e-06,9.88152056838506e-06,9.88152056838506e-06,9.88152056838506e-06,9.88152056838506e-06,9.88152056838506e-06,9.88152056838506e-06,9.88152056838506e-06,9.88152056838506e-06,9.88152056838506e-06,9.88152056838506e-06,9.88152056838506e-06,9.88152056838506e-06,9.88152056838506e-06,9.88152056838506e-06,9.88152056838506e-06,9.88152056838506e-06,9.88152056838506e-06,9.88152056838506e-06,9.88152056838506e-06,9.88152056838506e-06,9.88152056838506e-06,9.88152056838506e-06,9.88152056838506e-06,9.88152056838506e-06,9.88152056838506e-06,9.88152056838506e-06,9.88152056838506e-06,9.88152056838506e-06,9.88152056838506e-06,9.88152056838506e-06,9.88152056838506e-06,9.88152056838506e-06,9.88152056838506e-06,9.88152056838506e-06,9.88152056838506e-06,9.88152056838506e-06,9.88152056838506e-06,9.88152056838506e-06,9.88152056838506e-06,9.88152056838506e-06,9.88152056838506e-06,9.88152056838506e-06,9.88152056838506e-06,9.88152056838506e-06,9.88152056838506e-06,9.88152056838506e-06,9.88152056838506e-06,9.88152056838506e-06,9.88152056838506e-06,9.88152056838506e-06
9.88152056838506e-06,9.88152056838506e-06,9.88152056838506e-06,9.88152056838506e-06,9.88152056838506e-06,9.88152056838506e-06,9.88152056838506e-06,9.88152056838506e-06,9.88152056838506e-06,9.88152056838506e-06,9.88152056838506e-06,9.88152056838506e-06,9.88152056838506e-06,9.88152056838506e-06,9.88152056838506e-06,9.88152056838506e-06,9.88152056838506e-06,9.88152056838506e-06,9.88152056838506e-06,9.88152056838506e-06,9.88152056838506e-06,9.88152056838506e-06,9.88152056838506e-06,9.88152056838506e-06,9.88152056838506e-06,9.88152056838506e-06,9.88152056838506e-06,9.88152056838506e-06,9.88152056838506e-06,9.88152056838506e-06,9.88152056838506e-06,9.88152056838506e-06,9.88152056838506e-06,9.88152056838506e-06,9.88152056838506e-06,9.88152056838506e-06,9.88152056838506e-06,9.88152056838506e-06,9.88152056838506e-06,9.88152056838506e-06,9.88152056838506e-06,9.88152056838506e-06,9.88152056838506e-06,9.88152056838506e-06,9.88152056838506e-06,9.88152056838506e-06,9.88152056838506e-06,9.88152056838506e-06,9.88152056838506e-06,9.88152056838506e-06,9.88152056838506e-06,9.88152056838506e-06,9.88152056838506e-06,9.88152056838506e-06,9.88152056838506e-06,9.88152056838506e-06,9.88152056838506e-06,9.88152056838506e-06,9.88152056838506e-06,9.88152056838506e-06,9.88152056838506e-06,9.88152056838506e-06,9.88152056838506e-06,9.88152056838506e-06,9.88152056838506e-06,9.88152056838506e-06,9.88152056838506e-06,9.88152056838506e-06,9.88152056838506e-06,9.88152056838506e-06,9.88152056838506e-06,9.88152056838506e-06,9.88152056838506e-06,9.88152056838506e-06,9.88152056838506e-06,9.88152056838506e-06,9.88152056838506e-06,9.88152056838506e-06,9.88152056838506e-06,9.88152056838506e-06,9.88152056838506e-06,9.88152056838506e-06,9.88152056838506e-06,9.88152056838506e-06,9.88152056838506e-06,9.88152056838506e-06,9.88152056838506e-06,9.88152056838506e-06,9.88152056838506e-06,9.88152056838506e-06,9.88152056838506e-06,9.88152056838506e-06,9.88152056838506e-06,9.88152056838506e-06,9.88152056838506e-06,9.88152056838506e-06,9.88152056838506e-06,9.88152056838506e-06,9.88152056838506e-06,9.88152056838506e-06
9.88152056838506e-06,9.88152056838506e-06,9.88152056838506e-06,9.88152056838506e-06,9.88152056838506e-06,9.88152056838506e-06,9.88152056838506e-06,9.88152056838506e-06,9.88152056838506e-06,9.88152056838506e-06,9.88152056838506e-06,9.88152056838506e-06,9.88152056838506e-06,9.88152056838506e-06,9.88152056838506e-06,9.88152056838506e-06,9.88152056838506e-06,9.88152056838506e-06,9.88152056838506e-06,9.88152056838506e-06,9.88152056838506e-06,9.88152056838506e-06,9.88152056838506e-06,9.88152056838506e-06,9.88152056838506e-06,9.88152056838506e-06,9.88152056838506e-06,9.88152056838506e-06,9.88152056838506e-06,9.88152056838506e-06,9.88152056838506e-06,9.88152056838506e-06,9.88152056838506e-06,9.88152056838506e-06,9.88152056838506e-06,9.88152056838506e-06,9.88152056838506e-06,9.88152056838506e-06,9.88152056838506e-06,9.88152056838506e-06,9.88152056838506e-06,9.88152056838506e-06,9.88152056838506e-06,9.88152056838506e-06,9.88152056838506e-06,9.88152056838506e-06,9.88152056838506e-06,9.88152056838506e-06,9.88152056838506e-06,9.88152056838506e-06,9.88152056838506e-06,9.88152056838506e-06,9.88152056838506e-06,9.88152056838506e-06,9.88152056838506e-06,9.88152056838506e-06,9.88152056838506e-06,9.88152056838506e-06,9.88152056838506e-06,9.88152056838506e-06,9.88152056838506e-06,9.88152056838506e-06,9.88152056838506e-06,9.88152056838506e-06,9.88152056838506e-06,9.88152056838506e-06,9.88152056838506e-06,9.88152056838506e-06,9.88152056838506e-06,9.88152056838506e-06,9.88152056838506e-06,9.88152056838506e-06,9.88152056838506e-06,9.88152056838506e-06,9.88152056838506e-06,9.88152056838506e-06,9.88152056838506e-06,9.88152056838506e-06,9.88152056838506e-06,9.88152056838506e-06,9.88152056838506e-06,9.88152056838506e-06,9.88152056838506e-06,9.88152056838506e-06,9.88152056838506e-06,9.88152056838506e-06,9.88152056838506e-06,9.88152056838506e-06,9.88152056838506e-06,9.88152056838506e-06,9.88152056838506e-06,9.88152056838506e-06,9.88152056838506e-06,9.88152056838506e-06,9.88152056838506e-06,9.88152056838506e-06,9.88152056838506e-06,9.88152056838506e-06,9.88152056838506e-06,9.88152056838506e-06
9.88152056838506e-06,9.88152056838506e-06,9.88152056838506e-06,9.88152056838506e-06,9.88152056838506e-06,9.88152056838506e-06,9.88152056838506e-06,9.88152056838506e-06,9.88152056838506e-06,9.88152056838506e-06,9.88152056838506e-06,9.88152056838506e-06,9.88152056838506e-06,9.88152056838506e-06,9.88152056838506e-06,9.88152056838506e-06,9.88152056838506e-06,9.88152056838506e-06,9.88152056838506e-06,9.88152056838506e-06,9.88152056838506e-06,9.88152056838506e-06,9.88152056838506e-06,9.88152056838506e-06,9.88152056838506e-06,9.88152056838506e-06,9.88152056838506e-06,9.88152056838506e-06,9.88152056838506e-06,9.88152056838506e-06,9.88152056838506e-06,9.88152056838506e-06,9.88152056838506e-06,9.88152056838506e-06,9.88152056838506e-06,9.88152056838506e-06,9.88152056838506e-06,9.88152056838506e-06,9.88152056838506e-06,9.88152056838506e-06,9.88152056838506e-06,9.88152056838506e-06,9.88152056838506e-06,9.88152056838506e-06,9.88152056838506e-06,9.88152056838506e-06,9.88152056838506e-06,9.88152056838506e-06,9.88152056838506e-06,9.88152056838506e-06,9.88152056838506e-06,9.88152056838506e-06,9.88152056838506e-06,9.88152056838506e-06,9.88152056838506e-06,9.88152056838506e-06,9.88152056838506e-06,9.88152056838506e-06,9.88152056838506e-06,9.88152056838506e-06,9.88152056838506e-06,9.88152056838506e-06,9.88152056838506e-06,9.88152056838506e-06,9.88152056838506e-06,9.88152056838506e-06,9.88152056838506e-06,9.88152056838506e-06,9.88152056838506e-06,9.88152056838506e-06,9.88152056838506e-06,9.88152056838506e-06,9.88152056838506e-06,9.88152056838506e-06,9.88152056838506e-06,9.88152056838506e-06,9.88152056838506e-06,9.88152056838506e-06,9.88152056838506e-06,9.88152056838506e-06,9.88152056838506e-06,9.88152056838506e-06,9.88152056838506e-06,9.88152056838506e-06,9.88152056838506e-06,9.88152056838506e-06,9.88152056838506e-06,9.88152056838506e-06,9.88152056838506e-06,9.88152056838506e-06,9.88152056838506e-06,9.88152056838506e-06,9.88152056838506e-06,9.88152056838506e-06,9.88152056838506e-06,9.88152056838506e-06,9.88152056838506e-06,9.88152056838506e-06,9.88152056838506e-06,9.88152056838506e-06
9.88152056838506e-06,9.88152056838506e-06,9.88152056838506e-06,9.88152056838506e-06,9.88152056838506e-06,9.88152056838506e-06,9.88152056838506e-06,9.88152056838506e-06,9.88152056838506e-06,9.88152056838506e-06,9.88152056838506e-06,9.88152056838506e-06,9.88152056838506e-06,9.88152056838506e-06,9.88152056838506e-06,9.88152056838506e-06,9.88152056838506e-06,9.88152056838506e-06,9.88152056838506e-06,9.88152056838506e-06,9.88152056838506e-06,9.88152056838506e-06,9.88152056838506e-06,9.88152056838506e-06,9.88152056838506e-06,9.88152056838506e-06,9.88152056838506e-06,9.88152056838506e-06,9.88152056838506e-06,9.88152056838506e-06,9.88152056838506e-06,9.88152056838506e-06,9.88152056838506e-06,9.88152056838506e-06,9.88152056838506e-06,9.88152056838506e-06,9.88152056838506e-06,9.88152056838506e-06,9.88152056838506e-06,9.88152056838506e-06,9.88152056838506e-06,9.88152056838506e-06,9.88152056838506e-06,9.88152056838506e-06,9.88152056838506e-06,9.88152056838506e-06,9.88152056838506e-06,9.88152056838506e-06,9.88152056838506e-06,9.88152056838506e-06,9.88152056838506e-06,9.88152056838506e-06,9.88152056838506e-06,9.88152056838506e-06,9.88152056838506e-06,9.88152056838506e-06,9.88152056838506e-06,9.88152056838506e-06,9.88152056838506e-06,9.88152056838506e-06,9.88152056838506e-06,9.88152056838506e-06,9.88152056838506e-06,9.88152056838506e-06,9.88152056838506e-06,9.88152056838506e-06,9.88152056838506e-06,9.88152056838506e-06,9.88152056838506e-06,9.88152056838506e-06,9.88152056838506e-06,9.88152056838506e-06,9.88152056838506e-06,9.88152056838506e-06,9.88152056838506e-06,9.88152056838506e-06,9.88152056838506e-06,9.88152056838506e-06,9.88152056838506e-06,9.88152056838506e-06,9.88152056838506e-06,9.88152056838506e-06,9.88152056838506e-06,9.88152056838506e-06,9.88152056838506e-06,9.88152056838506e-06,9.88152056838506e-06,9.88152056838506e-06,9.88152056838506e-06,9.88152056838506e-06,9.88152056838506e-06,9.88152056838506e-06,9.88152056838506e-06,9.88152056838506e-06,9.88152056838506e-06,9.88152056838506e-06,9.88152056838506e-06,9.88152056838506e-06,9.88152056838506e-06,9.88152056838506e-06
9.88152056838506e-06,9.88152056838506e-06,9.88152056838506e-06,9.88152056838506e-06,9.88152056838506e-06,9.88152056838506e-06,9.88152056838506e-06,9.88152056838506e-06,9.88152056838506e-06,9.88152056838506e-06,9.88152056838506e-06,9.88152056838506e-06,9.88152056838506e-06,9.88152056838506e-06,9.88152056838506e-06,9.88152056838506e-06,9.88152056838506e-06,9.88152056838506e-06,9.88152056838506e-06,9.88152056838506e-06,9.88152056838506e-06,9.88152056838506e-06,9.88152056838506e-06,9.88152056838506e-06,9.88152056838506e-06,9.88152056838506e-06,9.88152056838506e-06,9.88152056838506e-06,9.88152056838506e-06,9.88152056838506e-06,9.88152056838506e-06,9.88152056838506e-06,9.88152056838506e-06,9.88152056838506e-06,9.88152056838506e-06,9.88152056838506e-06,9.88152056838506e-06,9.88152056838506e-06,9.88152056838506e-06,9.88152056838506e-06,9.88152056838506e-06,9.88152056838506e-06,9.88152056838506e-06,9.88152056838506e-06,9.88152056838506e-06,9.88152056838506e-06,9.88152056838506e-06,9.88152056838506e-06,9.88152056838506e-06,9.88152056838506e-06,9.88152056838506e-06,9.88152056838506e-06,9.88152056838506e-06,9.88152056838506e-06,9.88152056838506e-06,9.88152056838506e-06,9.88152056838506e-06,9.88152056838506e-06,9.88152056838506e-06,9.88152056838506e-06,9.88152056838506e-06,9.88152056838506e-06,9.88152056838506e-06,9.88152056838506e-06,9.88152056838506e-06,9.88152056838506e-06,9.88152056838506e-06,9.88152056838506e-06,9.88152056838506e-06,9.88152056838506e-06,9.88152056838506e-06,9.88152056838506e-06,9.88152056838506e-06,9.88152056838506e-06,9.88152056838506e-06,9.88152056838506e-06,9.88152056838506e-06,9.88152056838506e-06,9.88152056838506e-06,9.88152056838506e-06,9.88152056838506e-06,9.88152056838506e-06,9.88152056838506e-06,9.88152056838506e-06,9.88152056838506e-06,9.88152056838506e-06,9.88152056838506e-06,9.88152056838506e-06,9.88152056838506e-06,9.88152056838506e-06,9.88152056838506e-06,9.88152056838506e-06,9.88152056838506e-06,9.88152056838506e-06,9.88152056838506e-06,9.88152056838506e-06,9.88152056838506e-06,9.88152056838506e-06,9.88152056838506e-06,9.88152056838506e-06
9.88152056838506e-06,9.88152056838506e-06,9.88152056838506e-06,9.88152056838506e-06,9.88152056838506e-06,9.88152056838506e-06,9.88152056838506e-06,9.88152056838506e-06,9.88152056838506e-06,9.88152056838506e-06,9.88152056838506e-06,9.88152056838506e-06,9.88152056838506e-06,9.88152056838506e-06,9.88152056838506e-06,9.88152056838506e-06,9.88152056838506e-06,9.88152056838506e-06,9.88152056838506e-06,9.88152056838506e-06,9.88152056838506e-06,9.88152056838506e-06,9.88152056838506e-06,9.88152056838506e-06,9.88152056838506e-06,9.88152056838506e-06,9.88152056838506e-06,9.88152056838506e-06,9.88152056838506e-06,9.88152056838506e-06,9.88152056838506e-06,9.88152056838506e-06,9.88152056838506e-06,9.88152056838506e-06,9.88152056838506e-06,9.88152056838506e-06,9.88152056838506e-06,9.88152056838506e-06,9.88152056838506e-06,9.88152056838506e-06,9.88152056838506e-06,9.88152056838506e-06,9.88152056838506e-06,9.88152056838506e-06,9.88152056838506e-06,9.88152056838506e-06,9.88152056838506e-06,9.88152056838506e-06,9.88152056838506e-06,9.88152056838506e-06,9.88152056838506e-06,9.88152056838506e-06,9.88152056838506e-06,9.88152056838506e-06,9.88152056838506e-06,9.88152056838506e-06,9.88152056838506e-06,9.88152056838506e-06,9.88152056838506e-06,9.88152056838506e-06,9.88152056838506e-06,9.88152056838506e-06,9.88152056838506e-06,9.88152056838506e-06,9.88152056838506e-06,9.88152056838506e-06,9.88152056838506e-06,9.88152056838506e-06,9.88152056838506e-06,9.88152056838506e-06,9.88152056838506e-06,9.88152056838506e-06,9.88152056838506e-06,9.88152056838506e-06,9.88152056838506e-06,9.88152056838506e-06,9.88152056838506e-06,9.88152056838506e-06,9.88152056838506e-06,9.88152056838506e-06,9.88152056838506e-06,9.88152056838506e-06,9.88152056838506e-06,9.88152056838506e-06,9.88152056838506e-06,9.88152056838506e-06,9.88152056838506e-06,9.88152056838506e-06,9.88152056838506e-06,9.88152056838506e-06,9.88152056838506e-06,9.88152056838506e-06,9.88152056838506e-06,9.88152056838506e-06,9.88152056838506e-06,9.88152056838506e-06,9.88152056838506e-06,9.88152056838506e-06,9.88152056838506e-06,9.88152056838506e-06
9.88152056838506e-06,9.88152056838506e-06,9.88152056838506e-06,9.88152056838506e-06,9.88152056838506e-06,9.88152056838506e-06,9.88152056838506e-06,9.88152056838506e-06,9.88152056838506e-06,9.88152056838506e-06,9.88152056838506e-06,9.88152056838506e-06,9.88152056838506e-06,9.88152056838506e-06,9.88152056838506e-06,9.88152056838506e-06,9.88152056838506e-06,9.88152056838506e-06,9.88152056838506e-06,9.88152056838506e-06,9.88152056838506e-06,9.88152056838506e-06,9.88152056838506e-06,9.88152056838506e-06,9.88152056838506e-06,9.88152056838506e-06,9.88152056838506e-06,9.88152056838506e-06,9.88152056838506e-06,9.88152056838506e-06,9.88152056838506e-06,9.88152056838506e-06,9.88152056838506e-06,9.88152056838506e-06,9.88152056838506e-06,9.88152056838506e-06,9.88152056838506e-06,9.88152056838506e-06,9.88152056838506e-06,9.88152056838506e-06,9.88152056838506e-06,9.88152056838506e-06,9.88152056838506e-06,9.88152056838506e-06,9.88152056838506e-06,9.88152056838506e-06,9.88152056838506e-06,9.88152056838506e-06,9.88152056838506e-06,9.88152056838506e-06,9.88152056838506e-06,9.88152056838506e-06,9.88152056838506e-06,9.88152056838506e-06,9.88152056838506e-06,9.88152056838506e-06,9.88152056838506e-06,9.88152056838506e-06,9.88152056838506e-06,9.88152056838506e-06,9.88152056838506e-06,9.88152056838506e-06,9.88152056838506e-06,9.88152056838506e-06,9.88152056838506e-06,9.88152056838506e-06,9.88152056838506e-06,9.88152056838506e-06,9.88152056838506e-06,9.88152056838506e-06,9.88152056838506e-06,9.88152056838506e-06,9.88152056838506e-06,9.88152056838506e-06,9.88152056838506e-06,9.88152056838506e-06,9.88152056838506e-06,9.88152056838506e-06,9.88152056838506e-06,9.88152056838506e-06,9.88152056838506e-06,9.88152056838506e-06,9.88152056838506e-06,9.88152056838506e-06,9.88152056838506e-06,9.88152056838506e-06,9.88152056838506e-06,9.88152056838506e-06,9.88152056838506e-06,9.88152056838506e-06,9.88152056838506e-06,9.88152056838506e-06,9.88152056838506e-06,9.88152056838506e-06,9.88152056838506e-06,9.88152056838506e-06,9.88152056838506e-06,9.88152056838506e-06,9.88152056838506e-06,9.88152056838506e-06
9.88152056838506e-06,9.88152056838506e-06,9.88152056838506e-06,9.88152056838506e-06,9.88152056838506e-06,9.88152056838506e-06,9.88152056838506e-06,9.88152056838506e-06,9.88152056838506e-06,9.88152056838506e-06,9.88152056838506e-06,9.88152056838506e-06,9.88152056838506e-06,9.88152056838506e-06,9.88152056838506e-06,9.88152056838506e-06,9.88152056838506e-06,9.88152056838506e-06,9.88152056838506e-06,9.88152056838506e-06,9.88152056838506e-06,9.88152056838506e-06,9.88152056838506e-06,9.88152056838506e-06,9.88152056838506e-06,9.88152056838506e-06,9.88152056838506e-06,9.88152056838506e-06,9.88152056838506e-06,9.88152056838506e-06,9.88152056838506e-06,9.88152056838506e-06,9.88152056838506e-06,9.88152056838506e-06,9.88152056838506e-06,9.88152056838506e-06,9.88152056838506e-06,9.88152056838506e-06,9.88152056838506e-06,9.88152056838506e-06,9.88152056838506e-06,9.88152056838506e-06,9.88152056838506e-06,9.88152056838506e-06,9.88152056838506e-06,9.88152056838506e-06,9.88152056838506e-06,9.88152056838506e-06,9.88152056838506e-06,9.88152056838506e-06,9.88152056838506e-06,9.88152056838506e-06,9.88152056838506e-06,9.88152056838506e-06,9.88152056838506e-06,9.88152056838506e-06,9.88152056838506e-06,9.88152056838506e-06,9.88152056838506e-06,9.88152056838506e-06,9.88152056838506e-06,9.88152056838506e-06,9.88152056838506e-06,9.88152056838506e-06,9.88152056838506e-06,9.88152056838506e-06,9.88152056838506e-06,9.88152056838506e-06,9.88152056838506e-06,9.88152056838506e-06,9.88152056838506e-06,9.88152056838506e-06,9.88152056838506e-06,9.88152056838506e-06,9.88152056838506e-06,9.88152056838506e-06,9.88152056838506e-06,9.88152056838506e-06,9.88152056838506e-06,9.88152056838506e-06,9.88152056838506e-06,9.88152056838506e-06,9.88152056838506e-06,9.88152056838506e-06,9.88152056838506e-06,9.88152056838506e-06,9.88152056838506e-06,9.88152056838506e-06,9.88152056838506e-06,9.88152056838506e-06,9.88152056838506e-06,9.88152056838506e-06,9.88152056838506e-06,9.88152056838506e-06,9.88152056838506e-06,9.88152056838506e-06,9.88152056838506e-06,9.88152056838506e-06,9.88152056838506e-06,9.88152056838506e-06
9.88152056838506e-06,9.88152056838506e-06,9.88152056838506e-06,9.88152056838506e-06,9.88152056838506e-06,9.88152056838506e-06,9.88152056838506e-06,9.88152056838506e-06,9.88152056838506e-06,9.88152056838506e-06,9.88152056838506e-06,9.88152056838506e-06,9.88152056838506e-06,9.88152056838506e-06,9.88152056838506e-06,9.88152056838506e-06,9.88152056838506e-06,9.88152056838506e-06,9.88152056838506e-06,9.88152056838506e-06,9.88152056838506e-06,9.88152056838506e-06,9.88152056838506e-06,9.88152056838506e-06,9.88152056838506e-06,9.88152056838506e-06,9.88152056838506e-06,9.88152056838506e-06,9.88152056838506e-06,9.88152056838506e-06,9.88152056838506e-06,9.88152056838506e-06,9.88152056838506e-06,9.88152056838506e-06,9.88152056838506e-06,9.88152056838506e-06,9.88152056838506e-06,9.88152056838506e-06,9.88152056838506e-06,9.88152056838506e-06,9.88152056838506e-06,9.88152056838506e-06,9.88152056838506e-06,9.88152056838506e-06,9.88152056838506e-06,9.88152056838506e-06,9.88152056838506e-06,9.88152056838506e-06,9.88152056838506e-06,9.88152056838506e-06,9.88152056838506e-06,9.88152056838506e-06,9.88152056838506e-06,9.88152056838506e-06,9.88152056838506e-06,9.88152056838506e-06,9.88152056838506e-06,9.88152056838506e-06,9.88152056838506e-06,9.88152056838506e-06,9.88152056838506e-06,9.88152056838506e-06,9.88152056838506e-06,9.88152056838506e-06,9.88152056838506e-06,9.88152056838506e-06,9.88152056838506e-06,9.88152056838506e-06,9.88152056838506e-06,9.88152056838506e-06,9.88152056838506e-06,9.88152056838506e-06,9.88152056838506e-06,9.88152056838506e-06,9.88152056838506e-06,9.88152056838506e-06,9.88152056838506e-06,9.88152056838506e-06,9.88152056838506e-06,9.88152056838506e-06,9.88152056838506e-06,9.88152056838506e-06,9.88152056838506e-06,9.88152056838506e-06,9.88152056838506e-06,9.88152056838506e-06,9.88152056838506e-06,9.88152056838506e-06,9.88152056838506e-06,9.88152056838506e-06,9.88152056838506e-06,9.88152056838506e-06,9.88152056838506e-06,9.88152056838506e-06,9.88152056838506e-06,9.88152056838506e-06,9.88152056838506e-06,9.88152056838506e-06,9.88152056838506e-06,9.88152056838506e-06
9.88152056838506e-06,9.88152056838506e-06,9.88152056838506e-06,9.88152056838506e-06,9.88152056838506e-06,9.88152056838506e-06,9.88152056838506e-06,9.88152056838506e-06,9.88152056838506e-06,9.88152056838506e-06,9.88152056838506e-06,9.88152056838506e-06,9.88152056838506e-06,9.88152056838506e-06,9.88152056838506e-06,9.88152056838506e-06,9.88152056838506e-06,9.88152056838506e-06,9.88152056838506e-06,9.88152056838506e-06,9.88152056838506e-06,9.88152056838506e-06,9.88152056838506e-06,9.88152056838506e-06,9.88152056838506e-06,9.88152056838506e-06,9.88152056838506e-06,9.88152056838506e-06,9.88152056838506e-06,9.88152056838506e-06,9.88152056838506e-06,9.88152056838506e-06,9.88152056838506e-06,9.88152056838506e-06,9.88152056838506e-06,9.88152056838506e-06,9.88152056838506e-06,9.88152056838506e-06,9.88152056838506e-06,9.88152056838506e-06,9.88152056838506e-06,9.88152056838506e-06,9.88152056838506e-06,9.88152056838506e-06,9.88152056838506e-06,9.88152056838506e-06,9.88152056838506e-06,9.88152056838506e-06,9.88152056838506e-06,9.88152056838506e-06,9.88152056838506e-06,9.88152056838506e-06,9.88152056838506e-06,9.88152056838506e-06,9.88152056838506e-06,9.88152056838506e-06,9.88152056838506e-06,9.88152056838506e-06,9.88152056838506e-06,9.88152056838506e-06,9.88152056838506e-06,9.88152056838506e-06,9.88152056838506e-06,9.88152056838506e-06,9.88152056838506e-06,9.88152056838506e-06,9.88152056838506e-06,9.88152056838506e-06,9.88152056838506e-06,9.88152056838506e-06,9.88152056838506e-06,9.88152056838506e-06,9.88152056838506e-06,9.88152056838506e-06,9.88152056838506e-06,9.88152056838506e-06,9.88152056838506e-06,9.88152056838506e-06,9.88152056838506e-06,9.88152056838506e-06,9.88152056838506e-06,9.88152056838506e-06,9.88152056838506e-06,9.88152056838506e-06,9.88152056838506e-06,9.88152056838506e-06,9.88152056838506e-06,9.88152056838506e-06,9.88152056838506e-06,9.88152056838506e-06,9.88152056838506e-06,9.88152056838506e-06,9.88152056838506e-06,9.88152056838506e-06,9.88152056838506e-06,9.88152056838506e-06,9.88152056838506e-06,9.88152056838506e-06,9.88152056838506e-06,9.88152056838506e-06
9.88152056838506e-06,9.88152056838506e-06,9.88152056838506e-06,9.88152056838506e-06,9.88152056838506e-06,9.88152056838506e-06,9.88152056838506e-06,9.88152056838506e-06,9.88152056838506e-06,9.88152056838506e-06,9.88152056838506e-06,9.88152056838506e-06,9.88152056838506e-06,9.88152056838506e-06,9.88152056838506e-06,9.88152056838506e-06,9.88152056838506e-06,9.88152056838506e-06,9.88152056838506e-06,9.88152056838506e-06,9.88152056838506e-06,9.88152056838506e-06,9.88152056838506e-06,9.88152056838506e-06,9.88152056838506e-06,9.88152056838506e-06,9.88152056838506e-06,9.88152056838506e-06,9.88152056838506e-06,9.88152056838506e-06,9.88152056838506e-06,9.88152056838506e-06,9.88152056838506e-06,9.88152056838506e-06,9.88152056838506e-06,9.88152056838506e-06,9.88152056838506e-06,9.88152056838506e-06,9.88152056838506e-06,9.88152056838506e-06,9.88152056838506e-06,9.88152056838506e-06,9.88152056838506e-06,9.88152056838506e-06,9.88152056838506e-06,9.88152056838506e-06,9.88152056838506e-06,9.88152056838506e-06,9.88152056838506e-06,9.88152056838506e-06,9.88152056838506e-06,9.88152056838506e-06,9.88152056838506e-06,9.88152056838506e-06,9.88152056838506e-06,9.88152056838506e-06,9.88152056838506e-06,9.88152056838506e-06,9.88152056838506e-06,9.88152056838506e-06,9.88152056838506e-06,9.88152056838506e-06,9.88152056838506e-06,9.88152056838506e-06,9.88152056838506e-06,9.88152056838506e-06,9.88152056838506e-06,9.88152056838506e-06,9.88152056838506e-06,9.88152056838506e-06,9.88152056838506e-06,9.88152056838506e-06,9.88152056838506e-06,9.88152056838506e-06,9.88152056838506e-06,9.88152056838506e-06,9.88152056838506e-06,9.88152056838506e-06,9.88152056838506e-06,9.88152056838506e-06,9.88152056838506e-06,9.88152056838506e-06,9.88152056838506e-06,9.88152056838506e-06,9.88152056838506e-06,9.88152056838506e-06,9.88152056838506e-06,9.88152056838506e-06,9.88152056838506e-06,9.88152056838506e-06,9.88152056838506e-06,9.88152056838506e-06,9.88152056838506e-06,9.88152056838506e-06,9.88152056838506e-06,9.88152056838506e-06,9.88152056838506e-06,9.88152056838506e-06,9.88152056838506e-06,9.88152056838506e-06
9.88152056838506e-06,9.88152056838506e-06,9.88152056838506e-06,9.88152056838506e-06,9.88152056838506e-06,9.88152056838506e-06,9.88152056838506e-06,9.88152056838506e-06,9.88152056838506e-06,9.88152056838506e-06,9.88152056838506e-06,9.88152056838506e-06,9.88152056838506e-06,9.88152056838506e-06,9.88152056838506e-06,9.88152056838506e-06,9.88152056838506e-06,9.88152056838506e-06,9.88152056838506e-06,9.88152056838506e-06,9.88152056838506e-06,9.88152056838506e-06,9.88152056838506e-06,9.88152056838506e-06,9.88152056838506e-06,9.88152056838506e-06,9.88152056838506e-06,9.88152056838506e-06,9.88152056838506e-06,9.88152056838506e-06,9.88152056838506e-06,9.88152056838506e-06,9.88152056838506e-06,9.88152056838506e-06,9.88152056838506e-06,9.88152056838506e-06,9.88152056838506e-06,9.88152056838506e-06,9.88152056838506e-06,9.88152056838506e-06,9.88152056838506e-06,9.88152056838506e-06,9.88152056838506e-06,9.88152056838506e-06,9.88152056838506e-06,9.88152056838506e-06,9.88152056838506e-06,9.88152056838506e-06,9.88152056838506e-06,9.88152056838506e-06,9.88152056838506e-06,9.88152056838506e-06,9.88152056838506e-06,9.88152056838506e-06,9.88152056838506e-06,9.88152056838506e-06,9.88152056838506e-06,9.88152056838506e-06,9.88152056838506e-06,9.88152056838506e-06,9.88152056838506e-06,9.88152056838506e-06,9.88152056838506e-06,9.88152056838506e-06,9.88152056838506e-06,9.88152056838506e-06,9.88152056838506e-06,9.88152056838506e-06,9.88152056838506e-06,9.88152056838506e-06,9.88152056838506e-06,9.88152056838506e-06,9.88152056838506e-06,9.88152056838506e-06,9.88152056838506e-06,9.88152056838506e-06,9.88152056838506e-06,9.88152056838506e-06,9.88152056838506e-06,9.88152056838506e-06,9.88152056838506e-06,9.88152056838506e-06,9.88152056838506e-06,9.88152056838506e-06,9.88152056838506e-06,9.88152056838506e-06,9.88152056838506e-06,9.88152056838506e-06,9.88152056838506e-06,9.88152056838506e-06,9.88152056838506e-06,9.88152056838506e-06,9.88152056838506e-06,9.88152056838506e-06,9.88152056838506e-06,9.88152056838506e-06,9.88152056838506e-06,9.88152056838506e-06,9.88152056838506e-06,9.88152056838506e-06
9.88152056838506e-06,9.88152056838506e-06,9.88152056838506e-06,9.88152056838506e-06,9.88152056838506e-06,9.88152056838506e-06,9.88152056838506e-06,9.88152056838506e-06,9.88152056838506e-06,9.88152056838506e-06,9.88152056838506e-06,9.88152056838506e-06,9.88152056838506e-06,9.88152056838506e-06,9.88152056838506e-06,9.88152056838506e-06,9.88152056838506e-06,9.88152056838506e-06,9.88152056838506e-06,9.88152056838506e-06,9.88152056838506e-06,9.88152056838506e-06,9.88152056838506e-06,9.88152056838506e-06,9.88152056838506e-06,9.88152056838506e-06,9.88152056838506e-06,9.88152056838506e-06,9.88152056838506e-06,9.88152056838506e-06,9.88152056838506e-06,9.88152056838506e-06,9.88152056838506e-06,9.88152056838506e-06,9.88152056838506e-06,9.88152056838506e-06,9.88152056838506e-06,9.88152056838506e-06,9.88152056838506e-06,9.88152056838506e-06,9.88152056838506e-06,9.88152056838506e-06,9.88152056838506e-06,9.88152056838506e-06,9.88152056838506e-06,9.88152056838506e-06,9.88152056838506e-06,9.88152056838506e-06,9.88152056838506e-06,9.88152056838506e-06,9.88152056838506e-06,9.88152056838506e-06,9.88152056838506e-06,9.88152056838506e-06,9.88152056838506e-06,9.88152056838506e-06,9.88152056838506e-06,9.88152056838506e-06,9.88152056838506e-06,9.88152056838506e-06,9.88152056838506e-06,9.88152056838506e-06,9.88152056838506e-06,9.88152056838506e-06,9.88152056838506e-06,9.88152056838506e-06,9.88152056838506e-06,9.88152056838506e-06,9.88152056838506e-06,9.88152056838506e-06,9.88152056838506e-06,9.88152056838506e-06,9.88152056838506e-06,9.88152056838506e-06,9.88152056838506e-06,9.88152056838506e-06,9.88152056838506e-06,9.88152056838506e-06,9.88152056838506e-06,9.88152056838506e-06,9.88152056838506e-06,9.88152056838506e-06,9.88152056838506e-06,9.88152056838506e-06,9.88152056838506e-06,9.88152056838506e-06,9.88152056838506e-06,9.88152056838506e-06,9.88152056838506e-06,9.88152056838506e-06,9.88152056838506e-06,9.88152056838506e-06,9.88152056838506e-06,9.88152056838506e-06,9.88152056838506e-06,9.88152056838506e-06,9.88152056838506e-06,9.88152056838506e-06,9.88152056838506e-06,9.88152056838506e-06
9.88152056838506e-06,9.88152056838506e-06,9.88152056838506e-06,9.88152056838506e-06,9.88152056838506e-06,9.88152056838506e-06,9.88152056838506e-06,9.88152056838506e-06,9.88152056838506e-06,9.88152056838506e-06,9.88152056838506e-06,9.88152056838506e-06,9.88152056838506e-06,9.88152056838506e-06,9.88152056838506e-06,9.88152056838506e-06,9.88152056838506e-06,9.88152056838506e-06,9.88152056838506e-06,9.88152056838506e-06,9.88152056838506e-06,9.88152056838506e-06,9.88152056838506e-06,9.88152056838506e-06,9.88152056838506e-06,9.88152056838506e-06,9.88152056838506e-06,9.88152056838506e-06,9.88152056838506e-06,9.88152056838506e-06,9.88152056838506e-06,9.88152056838506e-06,9.88152056838506e-06,9.88152056838506e-06,9.88152056838506e-06,9.88152056838506e-06,9.88152056838506e-06,9.88152056838506e-06,9.88152056838506e-06,9.88152056838506e-06,9.88152056838506e-06,9.88152056838506e-06,9.88152056838506e-06,9.88152056838506e-06,9.88152056838506e-06,9.88152056838506e-06,9.88152056838506e-06,9.88152056838506e-06,9.88152056838506e-06,9.88152056838506e-06,9.88152056838506e-06,9.88152056838506e-06,9.88152056838506e-06,9.88152056838506e-06,9.88152056838506e-06,9.88152056838506e-06,9.88152056838506e-06,9.88152056838506e-06,9.88152056838506e-06,9.88152056838506e-06,9.88152056838506e-06,9.88152056838506e-06,9.88152056838506e-06,9.88152056838506e-06,9.88152056838506e-06,9.88152056838506e-06,9.88152056838506e-06,9.88152056838506e-06,9.88152056838506e-06,9.88152056838506e-06,9.88152056838506e-06,9.88152056838506e-06,9.88152056838506e-06,9.88152056838506e-06,9.88152056838506e-06,9.88152056838506e-06,9.88152056838506e-06,9.88152056838506e-06,9.88152056838506e-06,9.88152056838506e-06,9.88152056838506e-06,9.88152056838506e-06,9.88152056838506e-06,9.88152056838506e-06,9.88152056838506e-06,9.88152056838506e-06,9.88152056838506e-06,9.88152056838506e-06,9.88152056838506e-06,9.88152056838506e-06,9.88152056838506e-06,9.88152056838506e-06,9.88152056838506e-06,9.88152056838506e-06,9.88152056838506e-06,9.88152056838506e-06,9.88152056838506e-06,9.88152056838506e-06,9.88152056838506e-06,9.88152056838506e-06
9.88152056838506e-06,9.88152056838506e-06,9.88152056838506e-06,9.88152056838506e-06,9.88152056838506e-06,9.88152056838506e-06,9.88152056838506e-06,9.88152056838506e-06,9.88152056838506e-06,9.88152056838506e-06,9.88152056838506e-06,9.88152056838506e-06,9.88152056838506e-06,9.88152056838506e-06,9.88152056838506e-06,9.88152056838506e-06,9.88152056838506e-06,9.88152056838506e-06,9.88152056838506e-06,9.88152056838506e-06,9.88152056838506e-06,9.88152056838506e-06,9.88152056838506e-06,9.88152056838506e-06,9.88152056838506e-06,9.88152056838506e-06,9.88152056838506e-06,9.88152056838506e-06,9.88152056838506e-06,9.88152056838506e-06,9.88152056838506e-06,9.88152056838506e-06,9.88152056838506e-06,9.88152056838506e-06,9.88152056838506e-06,9.88152056838506e-06,9.88152056838506e-06,9.88152056838506e-06,9.88152056838506e-06,9.88152056838506e-06,9.88152056838506e-06,9.88152056838506e-06,9.88152056838506e-06,9.88152056838506e-06,9.88152056838506e-06,9.88152056838506e-06,9.88152056838506e-06,9.88152056838506e-06,9.88152056838506e-06,9.88152056838506e-06,9.88152056838506e-06,9.88152056838506e-06,9.88152056838506e-06,9.88152056838506e-06,9.88152056838506e-06,9.88152056838506e-06,9.88152056838506e-06,9.88152056838506e-06,9.88152056838506e-06,9.88152056838506e-06,9.88152056838506e-06,9.88152056838506e-06,9.88152056838506e-06,9.88152056838506e-06,9.88152056838506e-06,9.88152056838506e-06,9.88152056838506e-06,9.88152056838506e-06,9.88152056838506e-06,9.88152056838506e-06,9.88152056838506e-06,9.88152056838506e-06,9.88152056838506e-06,9.88152056838506e-06,9.88152056838506e-06,9.88152056838506e-06,9.88152056838506e-06,9.88152056838506e-06,9.88152056838506e-06,9.88152056838506e-06,9.88152056838506e-06,9.88152056838506e-06,9.88152056838506e-06,9.88152056838506e-06,9.88152056838506e-06,9.88152056838506e-06,9.88152056838506e-06,9.88152056838506e-06,9.88152056838506e-06,9.88152056838506e-06,9.88152056838506e-06,9.88152056838506e-06,9.88152056838506e-06,9.88152056838506e-06,9.88152056838506e-06,9.88152056838506e-06,9.88152056838506e-06,9.88152056838506e-06,9.88152056838506e-06,9.88152056838506e-06
9.88152056838506e-06,9.88152056838506e-06,9.88152056838506e-06,9.88152056838506e-06,9.88152056838506e-06,9.88152056838506e-06,9.88152056838506e-06,9.88152056838506e-06,9.88152056838506e-06,9.88152056838506e-06,9.88152056838506e-06,9.88152056838506e-06,9.88152056838506e-06,9.88152056838506e-06,9.88152056838506e-06,9.88152056838506e-06,9.88152056838506e-06,9.88152056838506e-06,9.88152056838506e-06,9.88152056838506e-06,9.88152056838506e-06,9.88152056838506e-06,9.88152056838506e-06,9.88152056838506e-06,9.88152056838506e-06,9.88152056838506e-06,9.88152056838506e-06,9.88152056838506e-06,9.88152056838506e-06,9.88152056838506e-06,9.88152056838506e-06,9.88152056838506e-06,9.88152056838506e-06,9.88152056838506e-06,9.88152056838506e-06,9.88152056838506e-06,9.88152056838506e-06,9.88152056838506e-06,9.88152056838506e-06,9.88152056838506e-06,9.88152056838506e-06,9.88152056838506e-06,9.88152056838506e-06,9.88152056838506e-06,9.88152056838506e-06,9.88152056838506e-06,9.88152056838506e-06,9.88152056838506e-06,9.88152056838506e-06,9.88152056838506e-06,9.88152056838506e-06,9.88152056838506e-06,9.88152056838506e-06,9.88152056838506e-06,9.88152056838506e-06,9.88152056838506e-06,9.88152056838506e-06,9.88152056838506e-06,9.88152056838506e-06,9.88152056838506e-06,9.88152056838506e-06,9.88152056838506e-06,9.88152056838506e-06,9.88152056838506e-06,9.88152056838506e-06,9.88152056838506e-06,9.88152056838506e-06,9.88152056838506e-06,9.88152056838506e-06,9.88152056838506e-06,9.88152056838506e-06,9.88152056838506e-06,9.88152056838506e-06,9.88152056838506e-06,9.88152056838506e-06,9.88152056838506e-06,9.88152056838506e-06,9.88152056838506e-06,9.88152056838506e-06,9.88152056838506e-06,9.88152056838506e-06,9.88152056838506e-06,9.88152056838506e-06,9.88152056838506e-06,9.88152056838506e-06,9.88152056838506e-06,9.88152056838506e-06,9.88152056838506e-06,9.88152056838506e-06,9.88152056838506e-06,9.88152056838506e-06,9.88152056838506e-06,9.88152056838506e-06,9.88152056838506e-06,9.88152056838506e-06,9.88152056838506e-06,9.88152056838506e-06,9.88152056838506e-06,9.88152056838506e-06,9.88152056838506e-06
9.88152056838506e-06,9.88152056838506e-06,9.88152056838506e-06,9.88152056838506e-06,9.88152056838506e-06,9.88152056838506e-06,9.88152056838506e-06,9.88152056838506e-06,9.88152056838506e-06,9.88152056838506e-06,9.88152056838506e-06,9.88152056838506e-06,9.88152056838506e-06,9.88152056838506e-06,9.88152056838506e-06,9.88152056838506e-06,9.88152056838506e-06,9.88152056838506e-06,9.88152056838506e-06,9.88152056838506e-06,9.88152056838506e-06,9.88152056838506e-06,9.88152056838506e-06,9.88152056838506e-06,9.88152056838506e-06,9.88152056838506e-06,9.88152056838506e-06,9.88152056838506e-06,9.88152056838506e-06,9.88152056838506e-06,9.88152056838506e-06,9.88152056838506e-06,9.88152056838506e-06,9.88152056838506e-06,9.88152056838506e-06,9.88152056838506e-06,9.88152056838506e-06,9.88152056838506e-06,9.88152056838506e-06,9.88152056838506e-06,9.88152056838506e-06,9.88152056838506e-06,9.88152056838506e-06,9.88152056838506e-06,9.88152056838506e-06,9.88152056838506e-06,9.88152056838506e-06,9.88152056838506e-06,9.88152056838506e-06,9.88152056838506e-06,9.88152056838506e-06,9.88152056838506e-06,9.88152056838506e-06,9.88152056838506e-06,9.88152056838506e-06,9.88152056838506e-06,9.88152056838506e-06,9.88152056838506e-06,9.88152056838506e-06,9.88152056838506e-06,9.88152056838506e-06,9.88152056838506e-06,9.88152056838506e-06,9.88152056838506e-06,9.88152056838506e-06,9.88152056838506e-06,9.88152056838506e-06,9.88152056838506e-06,9.88152056838506e-06,9.88152056838506e-06,9.88152056838506e-06,9.88152056838506e-06,9.88152056838506e-06,9.88152056838506e-06,9.88152056838506e-06,9.88152056838506e-06,9.88152056838506e-06,9.88152056838506e-06,9.88152056838506e-06,9.88152056838506e-06,9.88152056838506e-06,9.88152056838506e-06,9.88152056838506e-06,9.88152056838506e-06,9.88152056838506e-06,9.88152056838506e-06,9.88152056838506e-06,9.88152056838506e-06,9.88152056838506e-06,9.88152056838506e-06,9.88152056838506e-06,9.88152056838506e-06,9.88152056838506e-06,9.88152056838506e-06,9.88152056838506e-06,9.88152056838506e-06,9.88152056838506e-06,9.88152056838506e-06,9.88152056838506e-06,9.88152056838506e-06
9.88152056838506e-06,9.88152056838506e-06,9.88152056838506e-06,9.88152056838506e-06,9.88152056838506e-06,9.88152056838506e-06,9.88152056838506e-06,9.88152056838506e-06,9.88152056838506e-06,9.88152056838506e-06,9.88152056838506e-06,9.88152056838506e-06,9.88152056838506e-06,9.88152056838506e-06,9.88152056838506e-06,9.88152056838506e-06,9.88152056838506e-06,9.88152056838506e-06,9.88152056838506e-06,9.88152056838506e-06,9.88152056838506e-06,9.88152056838506e-06,9.88152056838506e-06,9.88152056838506e-06,9.88152056838506e-06,9.88152056838506e-06,9.88152056838506e-06,9.88152056838506e-06,9.88152056838506e-06,9.88152056838506e-06,9.88152056838506e-06,9.88152056838506e-06,9.88152056838506e-06,9.88152056838506e-06,9.88152056838506e-06,9.88152056838506e-06,9.88152056838506e-06,9.88152056838506e-06,9.88152056838506e-06,9.88152056838506e-06,9.88152056838506e-06,9.88152056838506e-06,9.88152056838506e-06,9.88152056838506e-06,9.88152056838506e-06,9.88152056838506e-06,9.88152056838506e-06,9.88152056838506e-06,9.88152056838506e-06,9.88152056838506e-06,9.88152056838506e-06,9.88152056838506e-06,9.88152056838506e-06,9.88152056838506e-06,9.88152056838506e-06,9.88152056838506e-06,9.88152056838506e-06,9.88152056838506e-06,9.88152056838506e-06,9.88152056838506e-06,9.88152056838506e-06,9.88152056838506e-06,9.88152056838506e-06,9.88152056838506e-06,9.88152056838506e-06,9.88152056838506e-06,9.88152056838506e-06,9.88152056838506e-06,9.88152056838506e-06,9.88152056838506e-06,9.88152056838506e-06,9.88152056838506e-06,9.88152056838506e-06,9.88152056838506e-06,9.88152056838506e-06,9.88152056838506e-06,9.88152056838506e-06,9.88152056838506e-06,9.88152056838506e-06,9.88152056838506e-06,9.88152056838506e-06,9.88152056838506e-06,9.88152056838506e-06,9.88152056838506e-06,9.88152056838506e-06,9.88152056838506e-06,9.88152056838506e-06,9.88152056838506e-06,9.88152056838506e-06,9.88152056838506e-06,9.88152056838506e-06,9.88152056838506e-06,9.88152056838506e-06,9.88152056838506e-06,9.88152056838506e-06,9.88152056838506e-06,9.88152056838506e-06,9.88152056838506e-06,9.88152056838506e-06,9.88152056838506e-06
9.88152056838506e-06,9.88152056838506e-06,9.88152056838506e-06,9.88152056838506e-06,9.88152056838506e-06,9.88152056838506e-06,9.88152056838506e-06,9.88152056838506e-06,9.88152056838506e-06,9.88152056838506e-06,9.88152056838506e-06,9.88152056838506e-06,9.88152056838506e-06,9.88152056838506e-06,9.88152056838506e-06,9.88152056838506e-06,9.88152056838506e-06,9.88152056838506e-06,9.88152056838506e-06,9.88152056838506e-06,9.88152056838506e-06,9.88152056838506e-06,9.88152056838506e-06,9.88152056838506e-06,9.88152056838506e-06,9.88152056838506e-06,9.88152056838506e-06,9.88152056838506e-06,9.88152056838506e-06,9.88152056838506e-06,9.88152056838506e-06,9.88152056838506e-06,9.88152056838506e-06,9.88152056838506e-06,9.88152056838506e-06,9.88152056838506e-06,9.88152056838506e-06,9.88152056838506e-06,9.88152056838506e-06,9.88152056838506e-06,9.88152056838506e-06,9.88152056838506e-06,9.88152056838506e-06,9.88152056838506e-06,9.88152056838506e-06,9.88152056838506e-06,9.88152056838506e-06,9.88152056838506e-06,9.88152056838506e-06,9.88152056838506e-06,9.88152056838506e-06,9.88152056838506e-06,9.88152056838506e-06,9.88152056838506e-06,9.88152056838506e-06,9.88152056838506e-06,9.88152056838506e-06,9.88152056838506e-06,9.88152056838506e-06,9.88152056838506e-06,9.88152056838506e-06,9.88152056838506e-06,9.88152056838506e-06,9.88152056838506e-06,9.88152056838506e-06,9.88152056838506e-06,9.88152056838506e-06,9.88152056838506e-06,9.88152056838506e-06,9.88152056838506e-06,9.88152056838506e-06,9.88152056838506e-06,9.88152056838506e-06,9.88152056838506e-06,9.88152056838506e-06,9.88152056838506e-06,9.88152056838506e-06,9.88152056838506e-06,9.88152056838506e-06,9.88152056838506e-06,9.88152056838506e-06,9.88152056838506e-06,9.88152056838506e-06,9.88152056838506e-06,9.88152056838506e-06,9.88152056838506e-06,9.88152056838506e-06,9.88152056838506e-06,9.88152056838506e-06,9.88152056838506e-06,9.88152056838506e-06,9.88152056838506e-06,9.88152056838506e-06,9.88152056838506e-06,9.88152056838506e-06,9.88152056838506e-06,9.88152056838506e-06,9.88152056838506e-06,9.88152056838506e-06,9.88152056838506e-06
9.88152056838506e-06,9.88152056838506e-06,9.88152056838506e-06,9.88152056838506e-06,9.88152056838506e-06,9.88152056838506e-06,9.88152056838506e-06,9.88152056838506e-06,9.88152056838506e-06,9.88152056838506e-06,9.88152056838506e-06,9.88152056838506e-06,9.88152056838506e-06,9.88152056838506e-06,9.88152056838506e-06,9.88152056838506e-06,9.88152056838506e-06,9.88152056838506e-06,9.88152056838506e-06,9.88152056838506e-06,9.88152056838506e-06,9.88152056838506e-06,9.88152056838506e-06,9.88152056838506e-06,9.88152056838506e-06,9.88152056838506e-06,9.88152056838506e-06,9.88152056838506e-06,9.88152056838506e-06,9.88152056838506e-06,9.88152056838506e-06,9.88152056838506e-06,9.88152056838506e-06,9.88152056838506e-06,9.88152056838506e-06,9.88152056838506e-06,9.88152056838506e-06,9.88152056838506e-06,9.88152056838506e-06,9.88152056838506e-06,9.88152056838506e-06,9.88152056838506e-06,9.88152056838506e-06,9.88152056838506e-06,9.88152056838506e-06,9.88152056838506e-06,9.88152056838506e-06,9.88152056838506e-06,9.88152056838506e-06,9.88152056838506e-06,9.88152056838506e-06,9.88152056838506e-06,9.88152056838506e-06,9.88152056838506e-06,9.88152056838506e-06,9.88152056838506e-06,9.88152056838506e-06,9.88152056838506e-06,9.88152056838506e-06,9.88152056838506e-06,9.88152056838506e-06,9.88152056838506e-06,9.88152056838506e-06,9.88152056838506e-06,9.88152056838506e-06,9.88152056838506e-06,9.88152056838506e-06,9.88152056838506e-06,9.88152056838506e-06,9.88152056838506e-06,9.88152056838506e-06,9.88152056838506e-06,9.88152056838506e-06,9.88152056838506e-06,9.88152056838506e-06,9.88152056838506e-06,9.88152056838506e-06,9.88152056838506e-06,9.88152056838506e-06,9.88152056838506e-06,9.88152056838506e-06,9.88152056838506e-06,9.88152056838506e-06,9.88152056838506e-06,9.88152056838506e-06,9.88152056838506e-06,9.88152056838506e-06,9.88152056838506e-06,9.88152056838506e-06,9.88152056838506e-06,9.88152056838506e-06,9.88152056838506e-06,9.88152056838506e-06,9.88152056838506e-06,9.88152056838506e-06,9.88152056838506e-06,9.88152056838506e-06,9.88152056838506e-06,9.88152056838506e-06,9.88152056838506e-06
9.88152056838506e-06,9.88152056838506e-06,9.88152056838506e-06,9.88152056838506e-06,9.88152056838506e-06,9.88152056838506e-06,9.88152056838506e-06,9.88152056838506e-06,9.88152056838506e-06,9.88152056838506e-06,9.88152056838506e-06,9.88152056838506e-06,9.88152056838506e-06,9.88152056838506e-06,9.88152056838506e-06,9.88152056838506e-06,9.88152056838506e-06,9.88152056838506e-06,9.88152056838506e-06,9.88152056838506e-06,9.88152056838506e-06,9.88152056838506e-06,9.88152056838506e-06,9.88152056838506e-06,9.88152056838506e-06,9.88152056838506e-06,9.88152056838506e-06,9.88152056838506e-06,9.88152056838506e-06,9.88152056838506e-06,9.88152056838506e-06,9.88152056838506e-06,9.88152056838506e-06,9.88152056838506e-06,9.88152056838506e-06,9.88152056838506e-06,9.88152056838506e-06,9.88152056838506e-06,9.88152056838506e-06,9.88152056838506e-06,9.88152056838506e-06,9.88152056838506e-06,9.88152056838506e-06,9.88152056838506e-06,9.88152056838506e-06,9.88152056838506e-06,9.88152056838506e-06,9.88152056838506e-06,9.88152056838506e-06,9.88152056838506e-06,9.88152056838506e-06,9.88152056838506e-06,9.88152056838506e-06,9.88152056838506e-06,9.88152056838506e-06,9.88152056838506e-06,9.88152056838506e-06,9.88152056838506e-06,9.88152056838506e-06,9.88152056838506e-06,9.88152056838506e-06,9.88152056838506e-06,9.88152056838506e-06,9.88152056838506e-06,9.88152056838506e-06,9.88152056838506e-06,9.88152056838506e-06,9.88152056838506e-06,9.88152056838506e-06,9.88152056838506e-06,9.88152056838506e-06,9.88152056838506e-06,9.88152056838506e-06,9.88152056838506e-06,9.88152056838506e-06,9.88152056838506e-06,9.88152056838506e-06,9.88152056838506e-06,9.88152056838506e-06,9.88152056838506e-06,9.88152056838506e-06,9.88152056838506e-06,9.88152056838506e-06,9.88152056838506e-06,9.88152056838506e-06,9.88152056838506e-06,9.88152056838506e-06,9.88152056838506e-06,9.88152056838506e-06,9.88152056838506e-06,9.88152056838506e-06,9.88152056838506e-06,9.88152056838506e-06,9.88152056838506e-06,9.88152056838506e-06,9.88152056838506e-06,9.88152056838506e-06,9.88152056838506e-06,9.88152056838506e-06,9.88152056838506e-06
9.88152056838506e-06,9.88152056838506e-06,9.88152056838506e-06,9.88152056838506e-06,9.88152056838506e-06,9.88152056838506e-06,9.88152056838506e-06,9.88152056838506e-06,9.88152056838506e-06,9.88152056838506e-06,9.88152056838506e-06,9.88152056838506e-06,9.88152056838506e-06,9.88152056838506e-06,9.88152056838506e-06,9.88152056838506e-06,9.88152056838506e-06,9.88152056838506e-06,9.88152056838506e-06,9.88152056838506e-06,9.88152056838506e-06,9.88152056838506e-06,9.88152056838506e-06,9.88152056838506e-06,9.88152056838506e-06,9.88152056838506e-06,9.88152056838506e-06,9.88152056838506e-06,9.88152056838506e-06,9.88152056838506e-06,9.88152056838506e-06,9.88152056838506e-06,9.88152056838506e-06,9.88152056838506e-06,9.88152056838506e-06,9.88152056838506e-06,9.88152056838506e-06,9.88152056838506e-06,9.88152056838506e-06,9.88152056838506e-06,9.88152056838506e-06,9.88152056838506e-06,9.88152056838506e-06,9.88152056838506e-06,9.88152056838506e-06,9.88152056838506e-06,9.88152056838506e-06,9.88152056838506e-06,9.88152056838506e-06,9.88152056838506e-06,9.88152056838506e-06,9.88152056838506e-06,9.88152056838506e-06,9.88152056838506e-06,9.88152056838506e-06,9.88152056838506e-06,9.88152056838506e-06,9.88152056838506e-06,9.88152056838506e-06,9.88152056838506e-06,9.88152056838506e-06,9.88152056838506e-06,9.88152056838506e-06,9.88152056838506e-06,9.88152056838506e-06,9.88152056838506e-06,9.88152056838506e-06,9.88152056838506e-06,9.88152056838506e-06,9.88152056838506e-06,9.88152056838506e-06,9.88152056838506e-06,9.88152056838506e-06,9.88152056838506e-06,9.88152056838506e-06,9.88152056838506e-06,9.88152056838506e-06,9.88152056838506e-06,9.88152056838506e-06,9.88152056838506e-06,9.88152056838506e-06,9.88152056838506e-06,9.88152056838506e-06,9.88152056838506e-06,9.88152056838506e-06,9.88152056838506e-06,9.88152056838506e-06,9.88152056838506e-06,9.88152056838506e-06,9.88152056838506e-06,9.88152056838506e-06,9.88152056838506e-06,9.88152056838506e-06,9.88152056838506e-06,9.88152056838506e-06,9.88152056838506e-06,9.88152056838506e-06,9.88152056838506e-06,9.88152056838506e-06,9.88152056838506e-06
9.88152056838506e-06,9.88152056838506e-06,9.88152056838506e-06,9.88152056838506e-06,9.88152056838506e-06,9.88152056838506e-06,9.88152056838506e-06,9.88152056838506e-06,9.88152056838506e-06,9.88152056838506e-06,9.88152056838506e-06,9.88152056838506e-06,9.88152056838506e-06,9.88152056838506e-06,9.88152056838506e-06,9.88152056838506e-06,9.88152056838506e-06,9.88152056838506e-06,9.88152056838506e-06,9.88152056838506e-06,9.88152056838506e-06,9.88152056838506e-06,9.88152056838506e-06,9.88152056838506e-06,9.88152056838506e-06,9.88152056838506e-06,9.88152056838506e-06,9.88152056838506e-06,9.88152056838506e-06,9.88152056838506e-06,9.88152056838506e-06,9.88152056838506e-06,9.88152056838506e-06,9.88152056838506e-06,9.88152056838506e-06,9.88152056838506e-06,9.88152056838506e-06,9.88152056838506e-06,9.88152056838506e-06,9.88152056838506e-06,9.88152056838506e-06,9.88152056838506e-06,9.88152056838506e-06,9.88152056838506e-06,9.88152056838506e-06,9.88152056838506e-06,9.88152056838506e-06,9.88152056838506e-06,9.88152056838506e-06,9.88152056838506e-06,9.88152056838506e-06,9.88152056838506e-06,9.88152056838506e-06,9.88152056838506e-06,9.88152056838506e-06,9.88152056838506e-06,9.88152056838506e-06,9.88152056838506e-06,9.88152056838506e-06,9.88152056838506e-06,9.88152056838506e-06,9.88152056838506e-06,9.88152056838506e-06,9.88152056838506e-06,9.88152056838506e-06,9.88152056838506e-06,9.88152056838506e-06,9.88152056838506e-06,9.88152056838506e-06,9.88152056838506e-06,9.88152056838506e-06,9.88152056838506e-06,9.88152056838506e-06,9.88152056838506e-06,9.88152056838506e-06,9.88152056838506e-06,9.88152056838506e-06,9.88152056838506e-06,9.88152056838506e-06,9.88152056838506e-06,9.88152056838506e-06,9.88152056838506e-06,9.88152056838506e-06,9.88152056838506e-06,9.88152056838506e-06,9.88152056838506e-06,9.88152056838506e-06,9.88152056838506e-06,9.88152056838506e-06,9.88152056838506e-06,9.88152056838506e-06,9.88152056838506e-06,9.88152056838506e-06,9.88152056838506e-06,9.88152056838506e-06,9.88152056838506e-06,9.88152056838506e-06,9.88152056838506e-06,9.88152056838506e-06,9.88152056838506e-06
9.88152056838506e-06,9.88152056838506e-06,9.88152056838506e-06,9.88152056838506e-06,9.88152056838506e-06,9.88152056838506e-06,9.88152056838506e-06,9.88152056838506e-06,9.88152056838506e-06,9.88152056838506e-06,9.88152056838506e-06,9.88152056838506e-06,9.88152056838506e-06,9.88152056838506e-06,9.88152056838506e-06,9.88152056838506e-06,9.88152056838506e-06,9.88152056838506e-06,9.88152056838506e-06,9.88152056838506e-06,9.88152056838506e-06,9.88152056838506e-06,9.88152056838506e-06,9.88152056838506e-06,9.88152056838506e-06,9.88152056838506e-06,9.88152056838506e-06,9.88152056838506e-06,9.88152056838506e-06,9.88152056838506e-06,9.88152056838506e-06,9.88152056838506e-06,9.88152056838506e-06,9.88152056838506e-06,9.88152056838506e-06,9.88152056838506e-06,9.88152056838506e-06,9.88152056838506e-06,9.88152056838506e-06,9.88152056838506e-06,9.88152056838506e-06,9.88152056838506e-06,9.88152056838506e-06,9.88152056838506e-06,9.88152056838506e-06,9.88152056838506e-06,9.88152056838506e-06,9.88152056838506e-06,9.88152056838506e-06,9.88152056838506e-06,9.88152056838506e-06,9.88152056838506e-06,9.88152056838506e-06,9.88152056838506e-06,9.88152056838506e-06,9.88152056838506e-06,9.88152056838506e-06,9.88152056838506e-06,9.88152056838506e-06,9.88152056838506e-06,9.88152056838506e-06,9.88152056838506e-06,9.88152056838506e-06,9.88152056838506e-06,9.88152056838506e-06,9.88152056838506e-06,9.88152056838506e-06,9.88152056838506e-06,9.88152056838506e-06,9.88152056838506e-06,9.88152056838506e-06,9.88152056838506e-06,9.88152056838506e-06,9.88152056838506e-06,9.88152056838506e-06,9.88152056838506e-06,9.88152056838506e-06,9.88152056838506e-06,9.88152056838506e-06,9.88152056838506e-06,9.88152056838506e-06,9.88152056838506e-06,9.88152056838506e-06,9.88152056838506e-06,9.88152056838506e-06,9.88152056838506e-06,9.88152056838506e-06,9.88152056838506e-06,9.88152056838506e-06,9.88152056838506e-06,9.88152056838506e-06,9.88152056838506e-06,9.88152056838506e-06,9.88152056838506e-06,9.88152056838506e-06,9.88152056838506e-06,9.88152056838506e-06,9.88152056838506e-06,9.88152056838506e-06,9.88152056838506e-06
9.88152056838506e-06,9.88152056838506e-06,9.88152056838506e-06,9.88152056838506e-06,9.88152056838506e-06,9.88152056838506e-06,9.88152056838506e-06,9.88152056838506e-06,9.88152056838506e-06,9.88152056838506e-06,9.88152056838506e-06,9.88152056838506e-06,9.88152056838506e-06,9.88152056838506e-06,9.88152056838506e-06,9.88152056838506e-06,9.88152056838506e-06,9.88152056838506e-06,9.88152056838506e-06,9.88152056838506e-06,9.88152056838506e-06,9.88152056838506e-06,9.88152056838506e-06,9.88152056838506e-06,9.88152056838506e-06,9.88152056838506e-06,9.88152056838506e-06,9.88152056838506e-06,9.88152056838506e-06,9.88152056838506e-06,9.88152056838506e-06,9.88152056838506e-06,9.88152056838506e-06,9.88152056838506e-06,9.88152056838506e-06,9.88152056838506e-06,9.88152056838506e-06,9.88152056838506e-06,9.88152056838506e-06,9.88152056838506e-06,9.88152056838506e-06,9.88152056838506e-06,9.88152056838506e-06,9.88152056838506e-06,9.88152056838506e-06,9.88152056838506e-06,9.88152056838506e-06,9.88152056838506e-06,9.88152056838506e-06,9.88152056838506e-06,9.88152056838506e-06,9.88152056838506e-06,9.88152056838506e-06,9.88152056838506e-06,9.88152056838506e-06,9.88152056838506e-06,9.88152056838506e-06,9.88152056838506e-06,9.88152056838506e-06,9.88152056838506e-06,9.88152056838506e-06,9.88152056838506e-06,9.88152056838506e-06,9.88152056838506e-06,9.88152056838506e-06,9.88152056838506e-06,9.88152056838506e-06,9.88152056838506e-06,9.88152056838506e-06,9.88152056838506e-06,9.88152056838506e-06,9.88152056838506e-06,9.88152056838506e-06,9.88152056838506e-06,9.88152056838506e-06,9.88152056838506e-06,9.88152056838506e-06,9.88152056838506e-06,9.88152056838506e-06,9.88152056838506e-06,9.88152056838506e-06,9.88152056838506e-06,9.88152056838506e-06,9.88152056838506e-06,9.88152056838506e-06,9.88152056838506e-06,9.88152056838506e-06,9.88152056838506e-06,9.88152056838506e-06,9.88152056838506e-06,9.88152056838506e-06,9.88152056838506e-06,9.88152056838506e-06,9.88152056838506e-06,9.88152056838506e-06,9.88152056838506e-06,9.88152056838506e-06,9.88152056838506e-06,9.88152056838506e-06,9.88152056838506e-06
0.000899218371723041,0.000899218371723041,0.000899218371723041,0.000899218371723041,0.000899218371723041,0.000899218371723041,0.000899218371723041,0.000899218371723041,0.000899218371723041,0.000899218371723041,0.000899218371723041,0.000899218371723041,0.000899218371723041,0.000899218371723041,0.000899218371723041,0.000899218371723041,0.000899218371723041,0.000899218371723041,0.000899218371723041,0.00080040316603919,0.00080040316603919,0.00080040316603919,0.00080040316603919,0.00080040316603919,0.00080040316603919,0.00080040316603919,0.00080040316603919,0.00080040316603919,0.00080040316603919,0.000701587960355339,0.000602772754671489,0.000503957548987638,0.000503957548987638,0.000405142343303788,0.000207511931936086,9.88152056838506e-06,9.88152056838506e-06,9.88152056838506e-06,9.88152056838506e-06,9.88152056838506e-06,9.88152056838506e-06,9.88152056838506e-06,9.88152056838506e-06,9.88152056838506e-06,9.88152056838506e-06,9.88152056838506e-06,9.88152056838506e-06,9.88152056838506e-06,9.88152056838506e-06,9.88152056838506e-06,9.88152056838506e-06,9.88152056838506e-06,9.88152056838506e-06,9.88152056838506e-06,9.88152056838506e-06,9.88152056838506e-06,9.88152056838506e-06,9.88152056838506e-06,9.88152056838506e-06,9.88152056838506e-06,9.88152056838506e-06,9.88152056838506e-06,9.88152056838506e-06,9.88152056838506e-06,9.88152056838506e-06,9.88152056838506e-06,9.88152056838506e-06,9.88152056838506e-06,9.88152056838506e-06,9.88152056838506e-06,9.88152056838506e-06,9.88152056838506e-06,9.88152056838506e-06,9.88152056838506e-06,9.88152056838506e-06,9.88152056838506e-06,9.88152056838506e-06,9.88152056838506e-06,9.88152056838506e-06,9.88152056838506e-06,9.88152056838506e-06,9.88152056838506e-06,9.88152056838506e-06,9.88152056838506e-06,9.88152056838506e-06,9.88152056838506e-06,9.88152056838506e-06,9.88152056838506e-06,9.88152056838506e-06,9.88152056838506e-06,9.88152056838506e-06,9.88152056838506e-06,9.88152056838506e-06,9.88152056838506e-06,9.88152056838506e-06,9.88152056838506e-06,9.88152056838506e-06,9.88152056838506e-06,9.88152056838506e-06,9.88152056838506e-06
0.00080040316603919,0.00080040316603919,0.00080040316603919,0.00080040316603919,0.00080040316603919,0.00080040316603919,0.00080040316603919,0.00080040316603919,0.00080040316603919,0.00080040316603919,0.00080040316603919,0.00080040316603919,0.00080040316603919,0.00080040316603919,0.00080040316603919,0.00080040316603919,0.00080040316603919,0.00080040316603919,0.00080040316603919,0.000899218371723041,0.00080040316603919,0.00080040316603919,0.00080040316603919,0.000701587960355339,0.000701587960355339,0.000701587960355339,0.000701587960355339,0.000602772754671489,0.000602772754671489,0.000701587960355339,0.000602772754671489,0.000602772754671489,0.000602772754671489,0.000602772754671489,0.000701587960355339,0.00080040316603919,0.00080040316603919,0.00080040316603919,0.000503957548987638,0.000405142343303788,0.000405142343303788,0.000306327137619937,0.000306327137619937,0.000306327137619937,0.000108696726252236,9.88152056838506e-06,9.88152056838506e-06,9.88152056838506e-06,9.88152056838506e-06,9.88152056838506e-06,9.88152056838506e-06,9.88152056838506e-06,9.88152056838506e-06,9.88152056838506e-06,9.88152056838506e-06,9.88152056838506e-06,9.88152056838506e-06,9.88152056838506e-06,9.88152056838506e-06,9.88152056838506e-06,9.88152056838506e-06,9.88152056838506e-06,9.88152056838506e-06,9.88152056838506e-06,9.88152056838506e-06,9.88152056838506e-06,9.88152056838506e-06,9.88152056838506e-06,9.88152056838506e-06,9.88152056838506e-06,9.88152056838506e-06,9.88152056838506e-06,9.88152056838506e-06,9.88152056838506e-06,9.88152056838506e-06,9.88152056838506e-06,9.88152056838506e-06,9.88152056838506e-06,9.88152056838506e-06,9.88152056838506e-06,9.88152056838506e-06,9.88152056838506e-06,9.88152056838506e-06,9.88152056838506e-06,9.88152056838506e-06,9.88152056838506e-06,9.88152056838506e-06,9.88152056838506e-06,9.88152056838506e-06,9.88152056838506e-06,9.88152056838506e-06,9.88152056838506e-06,9.88152056838506e-06,9.88152056838506e-06,9.88152056838506e-06,9.88152056838506e-06,9.88152056838506e-06,9.88152056838506e-06,9.88152056838506e-06,9.88152056838506e-06
0.00080040316603919,0.00080040316603919,0.00080040316603919,0.00080040316603919,0.00080040316603919,0.00080040316603919,0.00080040316603919,0.00080040316603919,0.00080040316603919,0.000701587960355339,0.000701587960355339,0.000701587960355339,0.000701587960355339,0.000701587960355339,0.000701587960355339,0.000701587960355339,0.000701587960355339,0.000701587960355339,0.000701587960355339,0.000701587960355339,0.000701587960355339,0.000701587960355339,0.000701587960355339,0.00080040316603919,0.00080040316603919,0.00080040316603919,0.00080040316603919,0.000899218371723041,0.000701587960355339,0.000701587960355339,0.00080040316603919,0.00080040316603919,0.000701587960355339,0.00080040316603919,0.000602772754671489,0.000602772754671489,0.000602772754671489,0.000405142343303788,0.000602772754671489,0.000602772754671489,0.000503957548987638,0.000405142343303788,0.000108696726252236,0.000108696726252236,0.000207511931936086,0.000207511931936086,9.88152056838506e-06,9.88152056838506e-06,9.88152056838506e-06,9.88152056838506e-06,9.88152056838506e-06,9.88152056838506e-06,9.88152056838506e-06,9.88152056838506e-06,9.88152056838506e-06,9.88152056838506e-06,9.88152056838506e-06,9.88152056838506e-06,9.88152056838506e-06,9.88152056838506e-06,9.88152056838506e-06,9.88152056838506e-06,9.88152056838506e-06,9.88152056838506e-06,9.88152056838506e-06,9.88152056838506e-06,9.88152056838506e-06,9.88152056838506e-06,9.88152056838506e-06,9.88152056838506e-06,9.88152056838506e-06,9.88152056838506e-06,9.88152056838506e-06,9.88152056838506e-06,9.88152056838506e-06,9.88152056838506e-06,9.88152056838506e-06,9.88152056838506e-06,9.88152056838506e-06,9.88152056838506e-06,9.88152056838506e-06,9.88152056838506e-06,9.88152056838506e-06,9.88152056838506e-06,9.88152056838506e-06,9.88152056838506e-06,9.88152056838506e-06,9.88152056838506e-06,9.88152056838506e-06,9.88152056838506e-06,9.88152056838506e-06,9.88152056838506e-06,9.88152056838506e-06,9.88152056838506e-06,9.88152056838506e-06,9.88152056838506e-06,9.88152056838506e-06,9.88152056838506e-06,9.88152056838506e-06,9.88152056838506e-06
0.0019861856342454,0.0019861856342454,0.0019861856342454,0.0019861856342454,0.0019861856342454,0.00188737042856155,0.00188737042856155,0.00188737042856155,0.00188737042856155,0.0019861856342454,0.0019861856342454,0.0019861856342454,0.0019861856342454,0.0019861856342454,0.0019861856342454,0.0019861856342454,0.00188737042856155,0.00188737042856155,0.00188737042856155,0.00188737042856155,0.00188737042856155,0.00188737042856155,0.00188737042856155,0.00188737042856155,0.00188737042856155,0.00188737042856155,0.0017885552228777,0.00168974001719385,0.00188737042856155,0.00168974001719385,0.0017885552228777,0.0017885552228777,0.00168974001719385,0.00159092481151,0.00168974001719385,0.00159092481151,0.00159092481151,0.00159092481151,0.00149210960582614,0.00109684878309074,0.000899218371723041,0.000899218371723041,0.000899218371723041,0.000602772754671489,0.000405142343303788,0.000405142343303788,0.000306327137619937,0.000306327137619937,0.000108696726252236,0.000108696726252236,9.88152056838506e-06,9.88152056838506e-06,9.88152056838506e-06,9.88152056838506e-06,9.88152056838506e-06,9.88152056838506e-06,9.88152056838506e-06,9.88152056838506e-06,9.88152056838506e-06,9.88152056838506e-06,9.88152056838506e-06,9.88152056838506e-06,9.88152056838506e-06,9.88152056838506e-06,9.88152056838506e-06,9.88152056838506e-06,9.88152056838506e-06,9.88152056838506e-06,9.88152056838506e-06,9.88152056838506e-06,9.88152056838506e-06,9.88152056838506e-06,9.88152056838506e-06,9.88152056838506e-06,9.88152056838506e-06,9.88152056838506e-06,9.88152056838506e-06,9.88152056838506e-06,9.88152056838506e-06,9.88152056838506e-06,9.88152056838506e-06,9.88152056838506e-06,9.88152056838506e-06,9.88152056838506e-06,9.88152056838506e-06,9.88152056838506e-06,9.88152056838506e-06,9.88152056838506e-06,9.88152056838506e-06,9.88152056838506e-06,9.88152056838506e-06,9.88152056838506e-06,9.88152056838506e-06,9.88152056838506e-06,9.88152056838506e-06,9.88152056838506e-06,9.88152056838506e-06,9.88152056838506e-06,9.88152056838506e-06,9.88152056838506e-06
0.00317196810245161,0.00317196810245161,0.00317196810245161,0.00317196810245161,0.00317196810245161,0.00327078330813546,0.00327078330813546,0.00327078330813546,0.00327078330813546,0.00327078330813546,0.00327078330813546,0.00327078330813546,0.00327078330813546,0.00327078330813546,0.00327078330813546,0.00327078330813546,0.00336959851381931,0.00336959851381931,0.00336959851381931,0.00336959851381931,0.00346841371950316,0.00336959851381931,0.00336959851381931,0.00327078330813546,0.00327078330813546,0.00317196810245161,0.00327078330813546,0.00327078330813546,0.00307315289676775,0.00317196810245161,0.0029743376910839,0.0027767072797162,0.0027767072797162,0.0025790768683485,0.00267789207403235,0.00267789207403235,0.0021838160456131,0.00188737042856155,0.00149210960582614,0.00168974001719385,0.00149210960582614,0.00139329440014229,0.00139329440014229,0.00149210960582614,0.000998033577406891,0.000602772754671489,0.000602772754671489,0.000602772754671489,0.000602772754671489,0.000108696726252236,0.000108696726252236,9.88152056838506e-06,9.88152056838506e-06,9.88152056838506e-06,9.88152056838506e-06,9.88152056838506e-06,9.88152056838506e-06,9.88152056838506e-06,9.88152056838506e-06,9.88152056838506e-06,9.88152056838506e-06,9.88152056838506e-06,9.88152056838506e-06,9.88152056838506e-06,9.88152056838506e-06,9.88152056838506e-06,9.88152056838506e-06,9.88152056838506e-06,9.88152056838506e-06,9.88152056838506e-06,9.88152056838506e-06,9.88152056838506e-06,9.88152056838506e-06,9.88152056838506e-06,9.88152056838506e-06,9.88152056838506e-06,9.88152056838506e-06,9.88152056838506e-06,9.88152056838506e-06,9.88152056838506e-06,9.88152056838506e-06,9.88152056838506e-06,9.88152056838506e-06,9.88152056838506e-06,9.88152056838506e-06,9.88152056838506e-06,9.88152056838506e-06,9.88152056838506e-06,9.88152056838506e-06,9.88152056838506e-06,9.88152056838506e-06,9.88152056838506e-06,9.88152056838506e-06,9.88152056838506e-06,9.88152056838506e-06,9.88152056838506e-06,9.88152056838506e-06,9.88152056838506e-06,9.88152056838506e-06,9.88152056838506e-06
0.00583997865591557,0.00583997865591557,0.00583997865591557,0.00583997865591557,0.00583997865591557,0.00574116345023172,0.00574116345023172,0.00574116345023172,0.00574116345023172,0.00574116345023172,0.00574116345023172,0.00574116345023172,0.00574116345023172,0.00574116345023172,0.00574116345023172,0.00574116345023172,0.00564234824454787,0.00544471783318017,0.00534590262749632,0.00534590262749632,0.00534590262749632,0.00544471783318017,0.00544471783318017,0.00534590262749632,0.00524708742181247,0.00534590262749632,0.00514827221612862,0.00514827221612862,0.00514827221612862,0.00475301139339322,0.00465419618770936,0.00475301139339322,0.00455538098202551,0.00445656577634166,0.00406130495360626,0.00376485933655471,0.00366604413087086,0.00396248974792241,0.00366604413087086,0.00356722892518701,0.00307315289676775,0.0025790768683485,0.00267789207403235,0.00267789207403235,0.0025790768683485,0.0027767072797162,0.0019861856342454,0.00139329440014229,0.000998033577406891,0.000602772754671489,0.000503957548987638,0.000207511931936086,9.88152056838506e-06,9.88152056838506e-06,9.88152056838506e-06,9.88152056838506e-06,9.88152056838506e-06,9.88152056838506e-06,9.88152056838506e-06,9.88152056838506e-06,9.88152056838506e-06,9.88152056838506e-06,9.88152056838506e-06,9.88152056838506e-06,9.88152056838506e-06,9.88152056838506e-06,9.88152056838506e-06,9.88152056838506e-06,9.88152056838506e-06,9.88152056838506e-06,9.88152056838506e-06,9.88152056838506e-06,9.88152056838506e-06,9.88152056838506e-06,9.88152056838506e-06,9.88152056838506e-06,9.88152056838506e-06,9.88152056838506e-06,9.88152056838506e-06,9.88152056838506e-06,9.88152056838506e-06,9.88152056838506e-06,9.88152056838506e-06,9.88152056838506e-06,9.88152056838506e-06,9.88152056838506e-06,9.88152056838506e-06,9.88152056838506e-06,9.88152056838506e-06,9.88152056838506e-06,9.88152056838506e-06,9.88152056838506e-06,9.88152056838506e-06,9.88152056838506e-06,9.88152056838506e-06,9.88152056838506e-06,9.88152056838506e-06,9.88152056838506e-06,9.88152056838506e-06,9.88152056838506e-06
0.0115712605855789,0.0115712605855789,0.0115712605855789,0.0115712605855789,0.0115712605855789,0.0116700757912628,0.0116700757912628,0.0116700757912628,0.0114724453798951,0.0114724453798951,0.0113736301742112,0.0113736301742112,0.0113736301742112,0.0113736301742112,0.0113736301742112,0.0112748149685274,0.0113736301742112,0.0114724453798951,0.0113736301742112,0.0112748149685274,0.0112748149685274,0.0111759997628435,0.0109783693514758,0.0109783693514758,0.0107807389401081,0.0106819237344243,0.0104842933230566,0.010187847706005,0.0099902172946373,0.0100890325003211,0.0100890325003211,0.0100890325003211,0.00989140208895345,0.00919969564916649,0.00919969564916649,0.00910088044348264,0.00890325003211494,0.00831035879801184,0.00840917400369569,0.00761865235822488,0.00791509797527644,0.00702576112412178,0.00564234824454787,0.00425893536497396,0.00416012015929011,0.00336959851381931,0.00356722892518701,0.0029743376910839,0.0021838160456131,0.00168974001719385,0.00129447919445844,0.000899218371723041,0.000602772754671489,0.000207511931936086,0.000108696726252236,9.88152056838506e-06,9.88152056838506e-06,9.88152056838506e-06,9.88152056838506e-06,9.88152056838506e-06,9.88152056838506e-06,9.88152056838506e-06,9.88152056838506e-06,9.88152056838506e-06,9.88152056838506e-06,9.88152056838506e-06,9.88152056838506e-06,9.88152056838506e-06,9.88152056838506e-06,9.88152056838506e-06,9.88152056838506e-06,9.88152056838506e-06,9.88152056838506e-06,9.88152056838506e-06,9.88152056838506e-06,9.88152056838506e-06,9.88152056838506e-06,9.88152056838506e-06,9.88152056838506e-06,9.88152056838506e-06,9.88152056838506e-06,9.88152056838506e-06,9.88152056838506e-06,9.88152056838506e-06,9.88152056838506e-06,9.88152056838506e-06,9.88152056838506e-06,9.88152056838506e-06,9.88152056838506e-06,9.88152056838506e-06,9.88152056838506e-06,9.88152056838506e-06,9.88152056838506e-06,9.88152056838506e-06,9.88152056838506e-06,9.88152056838506e-06,9.88152056838506e-06,9.88152056838506e-06,9.88152056838506e-06,9.88152056838506e-06
0.0186859553948162,0.0185871401891323,0.0185871401891323,0.0185871401891323,0.0185871401891323,0.0184883249834485,0.0184883249834485,0.0184883249834485,0.0186859553948162,0.0186859553948162,0.0187847706005,0.0185871401891323,0.0185871401891323,0.0184883249834485,0.0184883249834485,0.0184883249834485,0.0184883249834485,0.0183895097777646,0.0185871401891323,0.0185871401891323,0.0184883249834485,0.0184883249834485,0.0186859553948162,0.0188835858061839,0.0186859553948162,0.0181918793663969,0.0181918793663969,0.018093064160713,0.0179942489550292,0.0179942489550292,0.0177966185436615,0.0175989881322938,0.0174013577209261,0.0164132056640876,0.0158203144299845,0.0149309775788298,0.0145357167560944,0.0143380863447267,0.0136463799049398,0.0131523038765205,0.0122629670253659,0.0115712605855789,0.0110771845571597,0.0100890325003211,0.00929851085485034,0.00900206523779879,0.00712457632980563,0.00593879386159942,0.00564234824454787,0.00504945701044477,0.00366604413087086,0.0027767072797162,0.00208500083992925,0.00129447919445844,0.00080040316603919,0.000503957548987638,0.000207511931936086,0.000207511931936086,0.000207511931936086,9.88152056838506e-06,9.88152056838506e-06,9.88152056838506e-06,9.88152056838506e-06,9.88152056838506e-06,9.88152056838506e-06,9.88152056838506e-06,9.88152056838506e-06,9.88152056838506e-06,9.88152056838506e-06,9.88152056838506e-06,9.88152056838506e-06,9.88152056838506e-06,9.88152056838506e-06,9.88152056838506e-06,9.88152056838506e-06,9.88152056838506e-06,9.88152056838506e-06,9.88152056838506e-06,9.88152056838506e-06,9.88152056838506e-06,9.88152056838506e-06,9.88152056838506e-06,9.88152056838506e-06,9.88152056838506e-06,9.88152056838506e-06,9.88152056838506e-06,9.88152056838506e-06,9.88152056838506e-06,9.88152056838506e-06,9.88152056838506e-06,9.88152056838506e-06,9.88152056838506e-06,9.88152056838506e-06,9.88152056838506e-06,9.88152056838506e-06,9.88152056838506e-06,9.88152056838506e-06,9.88152056838506e-06,9.88152056838506e-06,9.88152056838506e-06
0.0397335942054763,0.0397335942054763,0.0397335942054763,0.0397335942054763,0.0397335942054763,0.0398324094111602,0.0398324094111602,0.0398324094111602,0.0397335942054763,0.0397335942054763,0.0397335942054763,0.039931224616844,0.039931224616844,0.039931224616844,0.039931224616844,0.0400300398225279,0.0396347789997925,0.0397335942054763,0.0397335942054763,0.0393383333827409,0.0392395181770571,0.0391407029713732,0.038646626942954,0.0384489965315863,0.0388442573543217,0.0385478117372701,0.0388442573543217,0.0383501813259024,0.0385478117372701,0.0375596596804316,0.0369667684463285,0.0358798011838062,0.0353857251553869,0.0362750620065416,0.0362750620065416,0.0364726924179093,0.0357809859781223,0.0337058666587615,0.0328165298076068,0.0307414104882459,0.0277769543177304,0.0276781391120466,0.0262947262324727,0.024713682941531,0.0223421180051186,0.0198717378630224,0.0186859553948162,0.0171049121038745,0.0151286079901975,0.0127570430537851,0.00949614126621805,0.00850798920937954,0.00663050030138638,0.00504945701044477,0.00317196810245161,0.00208500083992925,0.00139329440014229,0.00080040316603919,0.000108696726252236,0.000108696726252236,9.88152056838506e-06,9.88152056838506e-06,9.88152056838506e-06,9.88152056838506e-06,9.88152056838506e-06,9.88152056838506e-06,9.88152056838506e-06,9.88152056838506e-06,9.88152056838506e-06,9.88152056838506e-06,9.88152056838506e-06,9.88152056838506e-06,9.88152056838506e-06,9.88152056838506e-06,9.88152056838506e-06,9.88152056838506e-06,9.88152056838506e-06,9.88152056838506e-06,9.88152056838506e-06,9.88152056838506e-06,9.88152056838506e-06,9.88152056838506e-06,9.88152056838506e-06,9.88152056838506e-06,9.88152056838506e-06,9.88152056838506e-06,9.88152056838506e-06,9.88152056838506e-06,9.88152056838506e-06,9.88152056838506e-06,9.88152056838506e-06,9.88152056838506e-06,9.88152056838506e-06,9.88152056838506e-06,9.88152056838506e-06,9.88152056838506e-06,9.88152056838506e-06,9.88152056838506e-06,9.88152056838506e-06,9.88152056838506e-06
0.0837063607347899,0.0838051759404737,0.0838051759404737,0.0837063607347899,0.0837063607347899,0.0835087303234222,0.0835087303234222,0.0835087303234222,0.0835087303234222,0.0834099151177383,0.0834099151177383,0.0833110999120545,0.0832122847063706,0.0832122847063706,0.0832122847063706,0.0830146542950029,0.0832122847063706,0.0829158390893191,0.0826193934722675,0.0829158390893191,0.0824217630608998,0.0822241326495321,0.0826193934722675,0.0815324262097452,0.0810383501813259,0.0813347957983775,0.0806430893585905,0.0797537525074359,0.0787656004505973,0.0786667852449135,0.0779750788051265,0.0782715244221781,0.0767892963369203,0.075702329074398,0.0735283945493533,0.0714532752299924,0.0698722319390508,0.0689828950878961,0.0673030365912707,0.0667101453571676,0.0652279172719098,0.0621646458957104,0.0593978201365626,0.0552475814978409,0.0514926036818546,0.0493186691568099,0.0441802784612496,0.0410181918793664,0.0355833555667546,0.0301485192541428,0.0271840630836273,0.0223421180051186,0.0191800314232354,0.0165120208697714,0.0136463799049398,0.0095949564719019,0.00613642427296712,0.00416012015929011,0.0027767072797162,0.00159092481151,0.00080040316603919,0.000306327137619937,0.000108696726252236,0.000108696726252236,9.88152056838506e-06,9.88152056838506e-06,9.88152056838506e-06,9.88152056838506e-06,9.88152056838506e-06,9.88152056838506e-06,9.88152056838506e-06,9.88152056838506e-06,9.88152056838506e-06,9.88152056838506e-06,9.88152056838506e-06,9.88152056838506e-06,9.88152056838506e-06,9.88152056838506e-06,9.88152056838506e-06,9.88152056838506e-06,9.88152056838506e-06,9.88152056838506e-06,9.88152056838506e-06,9.88152056838506e-06,9.88152056838506e-06,9.88152056838506e-06,9.88152056838506e-06,9.88152056838506e-06,9.88152056838506e-06,9.88152056838506e-06,9.88152056838506e-06,9.88152056838506e-06,9.88152056838506e-06,9.88152056838506e-06,9.88152056838506e-06,9.88152056838506e-06,9.88152056838506e-06,9.88152056838506e-06,9.88152056838506e-06,9.88152056838506e-06
0.203173944406565,0.203075129200881,0.203075129200881,0.203075129200881,0.203075129200881,0.203272759612249,0.203272759612249,0.203173944406565,0.203173944406565,0.203272759612249,0.203173944406565,0.203075129200881,0.202976313995198,0.202976313995198,0.20277868358383,0.202482237966778,0.202482237966778,0.20277868358383,0.20277868358383,0.202383422761094,0.202185792349727,0.202086977144043,0.200802379470153,0.201197640292888,0.200604749058785,0.199715412207631,0.199023705767844,0.198529629739424,0.197837923299637,0.196652140831431,0.195169912746173,0.191217304518819,0.189735076433562,0.187956402731252,0.186671805057362,0.184201424915266,0.182225120801589,0.178766588602654,0.175308056403719,0.172343600233204,0.169576774474056,0.163845492544393,0.158114210614729,0.153173450330537,0.147046907578138,0.139240506329114,0.132323441931244,0.122639551774227,0.11809405231277,0.110781727092165,0.0992203480271544,0.0868684473166731,0.0735283945493533,0.0622634611013943,0.0516902340932223,0.0440814632555658,0.03597861638949,0.0261959110267888,0.0187847706005,0.0126582278481013,0.00771746756390873,0.00475301139339322,0.0029743376910839,0.00119566398877459,0.000405142343303788,0.000207511931936086,0.000108696726252236,9.88152056838506e-06,9.88152056838506e-06,9.88152056838506e-06,9.88152056838506e-06,9.88152056838506e-06,9.88152056838506e-06,9.88152056838506e-06,9.88152056838506e-06,9.88152056838506e-06,9.88152056838506e-06,9.88152056838506e-06,9.88152056838506e-06,9.88152056838506e-06,9.88152056838506e-06,9.88152056838506e-06,9.88152056838506e-06,9.88152056838506e-06,9.88152056838506e-06,9.88152056838506e-06,9.88152056838506e-06,9.88152056838506e-06,9.88152056838506e-06,9.88152056838506e-06,9.88152056838506e-06,9.88152056838506e-06,9.88152056838506e-06,9.88152056838506e-06,9.88152056838506e-06,9.88152056838506e-06,9.88152056838506e-06,9.88152056838506e-06,9.88152056838506e-06,9.88152056838506e-06
0.627585252818704,0.627684068024388,0.627684068024388,0.627782883230071,0.627782883230071,0.627782883230071,0.627782883230071,0.627881698435755,0.627980513641439,0.627980513641439,0.628079328847123,0.628276959258491,0.628474589669858,0.628573404875542,0.62877103528691,0.629265111315329,0.629462741726697,0.629561556932381,0.629858002549432,0.630450893783535,0.63134023063469,0.631834306663109,0.633217719542683,0.634107056393838,0.635292838862044,0.636775066947302,0.63825729503256,0.640628859968972,0.642605164082649,0.645273174636113,0.64853407642368,0.65367246711924,0.657921520963646,0.661972944396684,0.666518443858141,0.672348540993488,0.6777833773061,0.685194517732389,0.692704473364361,0.700016798584966,0.708712536685145,0.719977470133104,0.731835294815166,0.745076532376802,0.759108291583909,0.772843605173964,0.788752853289064,0.805156177432583,0.818595045405587,0.835294815166158,0.854662595480193,0.873733930177176,0.892508819257107,0.908714512989259,0.923833239458888,0.935789879346634,0.947647704028696,0.958715007065287,0.966027332285892,0.970572831747349,0.973240842300813,0.972549135861026,0.969189418867775,0.965632071463157,0.959110267888023,0.950809790610579,0.943003389361555,0.932825423176118,0.920671152877005,0.906342948052846,0.888852656646805,0.869682506744138,0.849030128756213,0.823140544867044,0.797250960977875,0.771262561883023,0.743693119497228,0.709404243124932,0.670965128113914,0.630549708989219,0.583019595055287,0.530054644808743,0.476990879356515,0.419381614442831,0.364835620905345,0.312562377098588,0.262265437405508,0.210189824010119,0.165920611863754,0.125505192739059,0.0893388274587694,0.0527772013557446,0.0147333471674621,0.00366604413087086,0.000899218371723041,0.000306327137619937,9.88152056838506e-06,9.88152056838506e-06,9.88152056838506e-06,9.88152056838506e-06
0.000207511931936086,0.000207511931936086,0.000207511931936086,0.000207511931936086,0.000207511931936086,0.000207511931936086,0.000207511931936086,0.000207511931936086,0.000207511931936086,0.000207511931936086,0.000207511931936086,0.000207511931936086,0.000207511931936086,0.000207511931936086,0.000207511931936086,0.000207511931936086,0.000207511931936086,0.000207511931936086,0.000207511931936086,0.000207511931936086,0.000207511931936086,0.000207511931936086,0.000207511931936086,0.000207511931936086,0.000207511931936086,0.000207511931936086,0.000207511931936086,0.000207511931936086,0.000207511931936086,0.000207511931936086,0.000207511931936086,0.000207511931936086,0.000207511931936086,0.000207511931936086,0.000207511931936086,0.000207511931936086,0.000207511931936086,0.000207511931936086,0.000207511931936086,0.000207511931936086,0.000306327137619937,0.000306327137619937,0.000405142343303788,0.000405142343303788,0.000405142343303788,0.000503957548987638,0.000602772754671489,0.000998033577406891,0.00119566398877459,0.00159092481151,0.0019861856342454,0.0027767072797162,0.00356722892518701,0.00406130495360626,0.00485182659907707,0.00603760906728327,0.00672931550707023,0.00801391318096029,0.010187847706005,0.0131523038765205,0.0163143904584037,0.0204646290971255,0.0258006502040534,0.0311366713109813,0.0385478117372701,0.0470459194260813,0.0549511358807893,0.0652279172719098,0.0773821875710234,0.0917103923951818,0.109200683801223,0.12837083370389,0.149023211691815,0.174912795580984,0.200802379470153,0.226790778565006,0.2543602209508,0.288649097323096,0.327088212334114,0.367503631458809,0.415033745392741,0.467998695639285,0.521062461091513,0.578671726005198,0.633217719542683,0.68549096334944,0.73578790304252,0.78786351643791,0.832132728584275,0.872548147708969,0.908714512989259,0.945276139092284,0.983319993280566,0.994387296317157,0.997154122076305,0.997747013310408,0.99804345892746,0.99804345892746,0.99804345892746,0.99804345892746
19369725.1,19369725.1,19369725.1,19369725.1,19369725.1,19369725.1,19369725.1,19369725.1,19369725.1,19369725.1,19369725.1,19369725.1,19369725.1,19369725.1,19369725.1,19369725.1,19369725.1,19369725.1,19369725.1,19369725.1,19369725.1,19369725.1,19369725.1,19369725.1,19369725.1,19369725.1,19369725.1,19369725.1,19369725.1,19369725.1,19369725.1,19369725.1,19369725.1,19369725.1,19369725.1,19369725.1,19369725.1,19369725.1,19369725.1,19369725.1,19369725.1,19369725.1,19369725.1,19369725.1,19369725.1,19369725.1,19369725.1,19369725.1,19369725.1,19369725.1,19369725.1,19369725.1,19369725.1,19369725.1,19369725.1,19369725.1,19369725.1,19369725.1,19369725.1,19369725.1,19369725.1,19369725.1,19369725.1,19369725.1,19369725.1,19369725.1,19369725.1,19369725.1,19369725.1,19369725.1,19369725.1,19369725.1,19369725.1,19369725.1,19369725.1,19369725.1,19369725.1,19369725.1,19369725.1,19369725.1,19369725.1,19369725.1,19369725.1,19369725.1,19369725.1,19369725.1,19369725.1,19369725.1,19369725.1,19369725.1,19369725.1,19369725.1,19369725.1,19369725.1,19369725.1,19369725.1,19369725.1,19369725.1,19369725.1,19369725.1
