"V1","V2","V3","V4","V5","V6","V7","V8","V9","V10","V11","V12","V13","V14","V15","V16","V17","V18","V19","V20","V21","V22","V23","V24","V25","V26","V27","V28","V29","V30","V31","V32","V33","V34","V35","V36","V37","V38","V39","V40","V41","V42","V43","V44","V45","V46","V47","V48","V49","V50","V51","V52","V53","V54","V55","V56","V57","V58","V59","V60","V61","V62","V63","V64","V65","V66","V67","V68","V69","V70","V71","V72","V73","V74","V75","V76","V77","V78","V79","V80","V81","V82","V83","V84","V85","V86","V87","V88","V89","V90","V91","V92","V93","V94","V95","V96","V97","V98","V99","V100"
0.00145060948567854,0.00139760304893024,0.00139760304893024,0.00130925898768307,0.00130925898768307,0.00130925898768307,0.00130925898768307,0.00125625255093477,0.0012209149264359,0.00120324611418647,0.00120324611418647,0.00109723324068986,0.00102655799169212,0.00102655799169212,0.000955882742694388,0.000814532244698915,0.000743856995701178,0.000620175309955139,0.000478824811959666,0.000408149562961929,0.000319805501714758,0.000266799064966456,0.000213792628218153,0.000143117379220417,0.000143117379220417,0.000107779754721548,3.71045057238117e-05,1.94356934743776e-05,1.76688122494342e-06,1.76688122494342e-06,1.76688122494342e-06,1.76688122494342e-06,1.76688122494342e-06,1.76688122494342e-06,1.76688122494342e-06,1.76688122494342e-06,1.76688122494342e-06,1.76688122494342e-06,1.76688122494342e-06,1.76688122494342e-06,1.76688122494342e-06,1.76688122494342e-06,1.76688122494342e-06,1.76688122494342e-06,1.76688122494342e-06,1.76688122494342e-06,1.76688122494342e-06,1.76688122494342e-06,1.76688122494342e-06,1.76688122494342e-06,1.76688122494342e-06,1.76688122494342e-06,1.76688122494342e-06,1.76688122494342e-06,1.76688122494342e-06,1.76688122494342e-06,1.76688122494342e-06,1.76688122494342e-06,1.76688122494342e-06,1.76688122494342e-06,1.76688122494342e-06,1.76688122494342e-06,1.76688122494342e-06,1.76688122494342e-06,1.76688122494342e-06,1.76688122494342e-06,1.76688122494342e-06,1.76688122494342e-06,1.76688122494342e-06,1.76688122494342e-06,1.76688122494342e-06,1.76688122494342e-06,1.76688122494342e-06,1.76688122494342e-06,1.76688122494342e-06,1.76688122494342e-06,1.76688122494342e-06,1.76688122494342e-06,1.76688122494342e-06,1.76688122494342e-06,1.76688122494342e-06,1.76688122494342e-06,1.76688122494342e-06,1.76688122494342e-06,1.76688122494342e-06,1.76688122494342e-06,1.76688122494342e-06,1.76688122494342e-06,1.76688122494342e-06,1.76688122494342e-06,1.76688122494342e-06,1.76688122494342e-06,1.76688122494342e-06,1.76688122494342e-06,1.76688122494342e-06,1.76688122494342e-06,1.76688122494342e-06,1.76688122494342e-06,1.76688122494342e-06,1.76688122494342e-06
0.000761525807950612,0.000814532244698915,0.000814532244698915,0.000902876305946085,0.000902876305946085,0.000867538681447217,0.000867538681447217,0.000867538681447217,0.000902876305946085,0.000885207493696651,0.000849869869197783,0.000885207493696651,0.000938213930444954,0.000832201056948349,0.000849869869197783,0.000902876305946085,0.000867538681447217,0.000902876305946085,0.000938213930444954,0.00070851937120231,0.000637844122204573,0.0004964936242091,0.000337474313964192,0.000302136689465324,0.000196123815968719,0.000178455003719285,0.000143117379220417,7.244213022268e-05,5.47733179732459e-05,1.76688122494342e-06,1.76688122494342e-06,1.76688122494342e-06,1.76688122494342e-06,1.76688122494342e-06,1.76688122494342e-06,1.76688122494342e-06,1.76688122494342e-06,1.76688122494342e-06,1.76688122494342e-06,1.76688122494342e-06,1.76688122494342e-06,1.76688122494342e-06,1.76688122494342e-06,1.76688122494342e-06,1.76688122494342e-06,1.76688122494342e-06,1.76688122494342e-06,1.76688122494342e-06,1.76688122494342e-06,1.76688122494342e-06,1.76688122494342e-06,1.76688122494342e-06,1.76688122494342e-06,1.76688122494342e-06,1.76688122494342e-06,1.76688122494342e-06,1.76688122494342e-06,1.76688122494342e-06,1.76688122494342e-06,1.76688122494342e-06,1.76688122494342e-06,1.76688122494342e-06,1.76688122494342e-06,1.76688122494342e-06,1.76688122494342e-06,1.76688122494342e-06,1.76688122494342e-06,1.76688122494342e-06,1.76688122494342e-06,1.76688122494342e-06,1.76688122494342e-06,1.76688122494342e-06,1.76688122494342e-06,1.76688122494342e-06,1.76688122494342e-06,1.76688122494342e-06,1.76688122494342e-06,1.76688122494342e-06,1.76688122494342e-06,1.76688122494342e-06,1.76688122494342e-06,1.76688122494342e-06,1.76688122494342e-06,1.76688122494342e-06,1.76688122494342e-06,1.76688122494342e-06,1.76688122494342e-06,1.76688122494342e-06,1.76688122494342e-06,1.76688122494342e-06,1.76688122494342e-06,1.76688122494342e-06,1.76688122494342e-06,1.76688122494342e-06,1.76688122494342e-06,1.76688122494342e-06,1.76688122494342e-06,1.76688122494342e-06,1.76688122494342e-06,1.76688122494342e-06
0.000690850558952876,0.000637844122204573,0.000637844122204573,0.000620175309955139,0.000620175309955139,0.000637844122204573,0.000637844122204573,0.000673181746703441,0.000602506497705705,0.000620175309955139,0.000620175309955139,0.000673181746703441,0.000655512934454007,0.000726188183451744,0.000743856995701178,0.000779194620200046,0.000779194620200046,0.000832201056948349,0.000779194620200046,0.000920545118195519,0.000920545118195519,0.00100888917944269,0.00104422680394156,0.000920545118195519,0.000743856995701178,0.000443487187460797,0.000408149562961929,0.000231461440467587,0.000125448566970982,5.47733179732459e-05,3.71045057238117e-05,3.71045057238117e-05,1.76688122494342e-06,1.76688122494342e-06,1.76688122494342e-06,1.76688122494342e-06,1.76688122494342e-06,1.76688122494342e-06,1.76688122494342e-06,1.76688122494342e-06,1.76688122494342e-06,1.76688122494342e-06,1.76688122494342e-06,1.76688122494342e-06,1.76688122494342e-06,1.76688122494342e-06,1.76688122494342e-06,1.76688122494342e-06,1.76688122494342e-06,1.76688122494342e-06,1.76688122494342e-06,1.76688122494342e-06,1.76688122494342e-06,1.76688122494342e-06,1.76688122494342e-06,1.76688122494342e-06,1.76688122494342e-06,1.76688122494342e-06,1.76688122494342e-06,1.76688122494342e-06,1.76688122494342e-06,1.76688122494342e-06,1.76688122494342e-06,1.76688122494342e-06,1.76688122494342e-06,1.76688122494342e-06,1.76688122494342e-06,1.76688122494342e-06,1.76688122494342e-06,1.76688122494342e-06,1.76688122494342e-06,1.76688122494342e-06,1.76688122494342e-06,1.76688122494342e-06,1.76688122494342e-06,1.76688122494342e-06,1.76688122494342e-06,1.76688122494342e-06,1.76688122494342e-06,1.76688122494342e-06,1.76688122494342e-06,1.76688122494342e-06,1.76688122494342e-06,1.76688122494342e-06,1.76688122494342e-06,1.76688122494342e-06,1.76688122494342e-06,1.76688122494342e-06,1.76688122494342e-06,1.76688122494342e-06,1.76688122494342e-06,1.76688122494342e-06,1.76688122494342e-06,1.76688122494342e-06,1.76688122494342e-06,1.76688122494342e-06,1.76688122494342e-06,1.76688122494342e-06,1.76688122494342e-06,1.76688122494342e-06
0.000814532244698915,0.000867538681447217,0.000867538681447217,0.000885207493696651,0.000885207493696651,0.000885207493696651,0.000885207493696651,0.000902876305946085,0.000973551554943822,0.000938213930444954,0.000938213930444954,0.000902876305946085,0.000920545118195519,0.000938213930444954,0.000902876305946085,0.000885207493696651,0.000849869869197783,0.00079686343244948,0.000867538681447217,0.000761525807950612,0.000832201056948349,0.000743856995701178,0.000673181746703441,0.000655512934454007,0.000673181746703441,0.000743856995701178,0.000602506497705705,0.000531831248707968,0.000443487187460797,0.000302136689465324,0.000125448566970982,5.47733179732459e-05,5.47733179732459e-05,3.71045057238117e-05,1.94356934743776e-05,1.76688122494342e-06,1.76688122494342e-06,1.76688122494342e-06,1.76688122494342e-06,1.76688122494342e-06,1.76688122494342e-06,1.76688122494342e-06,1.76688122494342e-06,1.76688122494342e-06,1.76688122494342e-06,1.76688122494342e-06,1.76688122494342e-06,1.76688122494342e-06,1.76688122494342e-06,1.76688122494342e-06,1.76688122494342e-06,1.76688122494342e-06,1.76688122494342e-06,1.76688122494342e-06,1.76688122494342e-06,1.76688122494342e-06,1.76688122494342e-06,1.76688122494342e-06,1.76688122494342e-06,1.76688122494342e-06,1.76688122494342e-06,1.76688122494342e-06,1.76688122494342e-06,1.76688122494342e-06,1.76688122494342e-06,1.76688122494342e-06,1.76688122494342e-06,1.76688122494342e-06,1.76688122494342e-06,1.76688122494342e-06,1.76688122494342e-06,1.76688122494342e-06,1.76688122494342e-06,1.76688122494342e-06,1.76688122494342e-06,1.76688122494342e-06,1.76688122494342e-06,1.76688122494342e-06,1.76688122494342e-06,1.76688122494342e-06,1.76688122494342e-06,1.76688122494342e-06,1.76688122494342e-06,1.76688122494342e-06,1.76688122494342e-06,1.76688122494342e-06,1.76688122494342e-06,1.76688122494342e-06,1.76688122494342e-06,1.76688122494342e-06,1.76688122494342e-06,1.76688122494342e-06,1.76688122494342e-06,1.76688122494342e-06,1.76688122494342e-06,1.76688122494342e-06,1.76688122494342e-06,1.76688122494342e-06,1.76688122494342e-06,1.76688122494342e-06
0.000726188183451744,0.00070851937120231,0.00070851937120231,0.000690850558952876,0.000690850558952876,0.000673181746703441,0.000673181746703441,0.000655512934454007,0.000637844122204573,0.000637844122204573,0.000584837685456271,0.000584837685456271,0.000567168873206836,0.000531831248707968,0.000567168873206836,0.000531831248707968,0.000673181746703441,0.000673181746703441,0.000726188183451744,0.000814532244698915,0.000761525807950612,0.000655512934454007,0.000690850558952876,0.000726188183451744,0.000673181746703441,0.000690850558952876,0.000743856995701178,0.000620175309955139,0.000549500060957402,0.000408149562961929,0.000249130252717022,0.000143117379220417,3.71045057238117e-05,1.76688122494342e-06,1.76688122494342e-06,1.94356934743776e-05,1.76688122494342e-06,1.76688122494342e-06,1.76688122494342e-06,1.76688122494342e-06,1.76688122494342e-06,1.76688122494342e-06,1.76688122494342e-06,1.76688122494342e-06,1.76688122494342e-06,1.76688122494342e-06,1.76688122494342e-06,1.76688122494342e-06,1.76688122494342e-06,1.76688122494342e-06,1.76688122494342e-06,1.76688122494342e-06,1.76688122494342e-06,1.76688122494342e-06,1.76688122494342e-06,1.76688122494342e-06,1.76688122494342e-06,1.76688122494342e-06,1.76688122494342e-06,1.76688122494342e-06,1.76688122494342e-06,1.76688122494342e-06,1.76688122494342e-06,1.76688122494342e-06,1.76688122494342e-06,1.76688122494342e-06,1.76688122494342e-06,1.76688122494342e-06,1.76688122494342e-06,1.76688122494342e-06,1.76688122494342e-06,1.76688122494342e-06,1.76688122494342e-06,1.76688122494342e-06,1.76688122494342e-06,1.76688122494342e-06,1.76688122494342e-06,1.76688122494342e-06,1.76688122494342e-06,1.76688122494342e-06,1.76688122494342e-06,1.76688122494342e-06,1.76688122494342e-06,1.76688122494342e-06,1.76688122494342e-06,1.76688122494342e-06,1.76688122494342e-06,1.76688122494342e-06,1.76688122494342e-06,1.76688122494342e-06,1.76688122494342e-06,1.76688122494342e-06,1.76688122494342e-06,1.76688122494342e-06,1.76688122494342e-06,1.76688122494342e-06,1.76688122494342e-06,1.76688122494342e-06,1.76688122494342e-06,1.76688122494342e-06
0.00102655799169212,0.00104422680394156,0.00104422680394156,0.00102655799169212,0.00102655799169212,0.00100888917944269,0.00100888917944269,0.00100888917944269,0.00102655799169212,0.00107956442844043,0.0011149020529393,0.0011149020529393,0.0011149020529393,0.00107956442844043,0.00106189561619099,0.00102655799169212,0.000920545118195519,0.000955882742694388,0.00079686343244948,0.000832201056948349,0.000761525807950612,0.000920545118195519,0.000779194620200046,0.000726188183451744,0.000814532244698915,0.000673181746703441,0.000690850558952876,0.00070851937120231,0.000584837685456271,0.000567168873206836,0.000390480750712495,0.000302136689465324,0.000143117379220417,7.244213022268e-05,3.71045057238117e-05,1.76688122494342e-06,1.94356934743776e-05,1.76688122494342e-06,1.76688122494342e-06,1.76688122494342e-06,1.76688122494342e-06,1.76688122494342e-06,1.76688122494342e-06,1.76688122494342e-06,1.76688122494342e-06,1.76688122494342e-06,1.76688122494342e-06,1.76688122494342e-06,1.76688122494342e-06,1.76688122494342e-06,1.76688122494342e-06,1.76688122494342e-06,1.76688122494342e-06,1.76688122494342e-06,1.76688122494342e-06,1.76688122494342e-06,1.76688122494342e-06,1.76688122494342e-06,1.76688122494342e-06,1.76688122494342e-06,1.76688122494342e-06,1.76688122494342e-06,1.76688122494342e-06,1.76688122494342e-06,1.76688122494342e-06,1.76688122494342e-06,1.76688122494342e-06,1.76688122494342e-06,1.76688122494342e-06,1.76688122494342e-06,1.76688122494342e-06,1.76688122494342e-06,1.76688122494342e-06,1.76688122494342e-06,1.76688122494342e-06,1.76688122494342e-06,1.76688122494342e-06,1.76688122494342e-06,1.76688122494342e-06,1.76688122494342e-06,1.76688122494342e-06,1.76688122494342e-06,1.76688122494342e-06,1.76688122494342e-06,1.76688122494342e-06,1.76688122494342e-06,1.76688122494342e-06,1.76688122494342e-06,1.76688122494342e-06,1.76688122494342e-06,1.76688122494342e-06,1.76688122494342e-06,1.76688122494342e-06,1.76688122494342e-06,1.76688122494342e-06,1.76688122494342e-06,1.76688122494342e-06,1.76688122494342e-06,1.76688122494342e-06,1.76688122494342e-06
0.000726188183451744,0.000726188183451744,0.000726188183451744,0.000761525807950612,0.000761525807950612,0.000814532244698915,0.000814532244698915,0.000814532244698915,0.000779194620200046,0.000761525807950612,0.000779194620200046,0.00079686343244948,0.000779194620200046,0.000814532244698915,0.000832201056948349,0.000920545118195519,0.000938213930444954,0.000920545118195519,0.000955882742694388,0.000938213930444954,0.000973551554943822,0.000902876305946085,0.00107956442844043,0.000920545118195519,0.000849869869197783,0.000779194620200046,0.000655512934454007,0.00070851937120231,0.000726188183451744,0.000673181746703441,0.000637844122204573,0.000408149562961929,0.000302136689465324,0.000125448566970982,1.94356934743776e-05,3.71045057238117e-05,1.76688122494342e-06,1.76688122494342e-06,1.76688122494342e-06,1.76688122494342e-06,1.76688122494342e-06,1.76688122494342e-06,1.76688122494342e-06,1.76688122494342e-06,1.76688122494342e-06,1.76688122494342e-06,1.76688122494342e-06,1.76688122494342e-06,1.76688122494342e-06,1.76688122494342e-06,1.76688122494342e-06,1.76688122494342e-06,1.76688122494342e-06,1.76688122494342e-06,1.76688122494342e-06,1.76688122494342e-06,1.76688122494342e-06,1.76688122494342e-06,1.76688122494342e-06,1.76688122494342e-06,1.76688122494342e-06,1.76688122494342e-06,1.76688122494342e-06,1.76688122494342e-06,1.76688122494342e-06,1.76688122494342e-06,1.76688122494342e-06,1.76688122494342e-06,1.76688122494342e-06,1.76688122494342e-06,1.76688122494342e-06,1.76688122494342e-06,1.76688122494342e-06,1.76688122494342e-06,1.76688122494342e-06,1.76688122494342e-06,1.76688122494342e-06,1.76688122494342e-06,1.76688122494342e-06,1.76688122494342e-06,1.76688122494342e-06,1.76688122494342e-06,1.76688122494342e-06,1.76688122494342e-06,1.76688122494342e-06,1.76688122494342e-06,1.76688122494342e-06,1.76688122494342e-06,1.76688122494342e-06,1.76688122494342e-06,1.76688122494342e-06,1.76688122494342e-06,1.76688122494342e-06,1.76688122494342e-06,1.76688122494342e-06,1.76688122494342e-06,1.76688122494342e-06,1.76688122494342e-06,1.76688122494342e-06,1.76688122494342e-06
0.000726188183451744,0.000726188183451744,0.000726188183451744,0.000690850558952876,0.000690850558952876,0.000673181746703441,0.000673181746703441,0.000690850558952876,0.000690850558952876,0.000673181746703441,0.000690850558952876,0.000673181746703441,0.00070851937120231,0.000726188183451744,0.00070851937120231,0.000655512934454007,0.000637844122204573,0.000655512934454007,0.000690850558952876,0.00079686343244948,0.000814532244698915,0.000902876305946085,0.000814532244698915,0.000885207493696651,0.000938213930444954,0.00104422680394156,0.00106189561619099,0.000955882742694388,0.000902876305946085,0.000620175309955139,0.0004964936242091,0.000549500060957402,0.000461155999710231,0.000249130252717022,9.01109424721142e-05,3.71045057238117e-05,3.71045057238117e-05,1.76688122494342e-06,1.76688122494342e-06,1.76688122494342e-06,1.76688122494342e-06,1.76688122494342e-06,1.76688122494342e-06,1.76688122494342e-06,1.76688122494342e-06,1.76688122494342e-06,1.76688122494342e-06,1.76688122494342e-06,1.76688122494342e-06,1.76688122494342e-06,1.76688122494342e-06,1.76688122494342e-06,1.76688122494342e-06,1.76688122494342e-06,1.76688122494342e-06,1.76688122494342e-06,1.76688122494342e-06,1.76688122494342e-06,1.76688122494342e-06,1.76688122494342e-06,1.76688122494342e-06,1.76688122494342e-06,1.76688122494342e-06,1.76688122494342e-06,1.76688122494342e-06,1.76688122494342e-06,1.76688122494342e-06,1.76688122494342e-06,1.76688122494342e-06,1.76688122494342e-06,1.76688122494342e-06,1.76688122494342e-06,1.76688122494342e-06,1.76688122494342e-06,1.76688122494342e-06,1.76688122494342e-06,1.76688122494342e-06,1.76688122494342e-06,1.76688122494342e-06,1.76688122494342e-06,1.76688122494342e-06,1.76688122494342e-06,1.76688122494342e-06,1.76688122494342e-06,1.76688122494342e-06,1.76688122494342e-06,1.76688122494342e-06,1.76688122494342e-06,1.76688122494342e-06,1.76688122494342e-06,1.76688122494342e-06,1.76688122494342e-06,1.76688122494342e-06,1.76688122494342e-06,1.76688122494342e-06,1.76688122494342e-06,1.76688122494342e-06,1.76688122494342e-06,1.76688122494342e-06,1.76688122494342e-06
0.000920545118195519,0.000920545118195519,0.000920545118195519,0.000920545118195519,0.000920545118195519,0.000920545118195519,0.000920545118195519,0.000902876305946085,0.000920545118195519,0.000902876305946085,0.000867538681447217,0.000849869869197783,0.000849869869197783,0.000849869869197783,0.000849869869197783,0.000849869869197783,0.000920545118195519,0.000885207493696651,0.000885207493696651,0.000726188183451744,0.000779194620200046,0.00079686343244948,0.000832201056948349,0.000991220367193256,0.000973551554943822,0.000902876305946085,0.000814532244698915,0.000832201056948349,0.000761525807950612,0.000743856995701178,0.000902876305946085,0.000761525807950612,0.0004964936242091,0.000425818375211363,0.000196123815968719,3.71045057238117e-05,1.94356934743776e-05,1.94356934743776e-05,1.94356934743776e-05,1.76688122494342e-06,1.76688122494342e-06,1.76688122494342e-06,1.76688122494342e-06,1.76688122494342e-06,1.76688122494342e-06,1.76688122494342e-06,1.76688122494342e-06,1.76688122494342e-06,1.76688122494342e-06,1.76688122494342e-06,1.76688122494342e-06,1.76688122494342e-06,1.76688122494342e-06,1.76688122494342e-06,1.76688122494342e-06,1.76688122494342e-06,1.76688122494342e-06,1.76688122494342e-06,1.76688122494342e-06,1.76688122494342e-06,1.76688122494342e-06,1.76688122494342e-06,1.76688122494342e-06,1.76688122494342e-06,1.76688122494342e-06,1.76688122494342e-06,1.76688122494342e-06,1.76688122494342e-06,1.76688122494342e-06,1.76688122494342e-06,1.76688122494342e-06,1.76688122494342e-06,1.76688122494342e-06,1.76688122494342e-06,1.76688122494342e-06,1.76688122494342e-06,1.76688122494342e-06,1.76688122494342e-06,1.76688122494342e-06,1.76688122494342e-06,1.76688122494342e-06,1.76688122494342e-06,1.76688122494342e-06,1.76688122494342e-06,1.76688122494342e-06,1.76688122494342e-06,1.76688122494342e-06,1.76688122494342e-06,1.76688122494342e-06,1.76688122494342e-06,1.76688122494342e-06,1.76688122494342e-06,1.76688122494342e-06,1.76688122494342e-06,1.76688122494342e-06,1.76688122494342e-06,1.76688122494342e-06,1.76688122494342e-06,1.76688122494342e-06,1.76688122494342e-06
0.000743856995701178,0.000743856995701178,0.000743856995701178,0.000743856995701178,0.000743856995701178,0.000761525807950612,0.000761525807950612,0.000743856995701178,0.000726188183451744,0.000779194620200046,0.000761525807950612,0.000743856995701178,0.000743856995701178,0.000726188183451744,0.000726188183451744,0.000761525807950612,0.000761525807950612,0.00079686343244948,0.000849869869197783,0.000849869869197783,0.000885207493696651,0.000849869869197783,0.000955882742694388,0.000920545118195519,0.000920545118195519,0.000991220367193256,0.000832201056948349,0.00079686343244948,0.000743856995701178,0.000938213930444954,0.000761525807950612,0.000637844122204573,0.000602506497705705,0.000408149562961929,0.000302136689465324,0.000125448566970982,7.244213022268e-05,3.71045057238117e-05,1.76688122494342e-06,1.76688122494342e-06,1.76688122494342e-06,1.76688122494342e-06,1.76688122494342e-06,1.76688122494342e-06,1.76688122494342e-06,1.76688122494342e-06,1.76688122494342e-06,1.76688122494342e-06,1.76688122494342e-06,1.76688122494342e-06,1.76688122494342e-06,1.76688122494342e-06,1.76688122494342e-06,1.76688122494342e-06,1.76688122494342e-06,1.76688122494342e-06,1.76688122494342e-06,1.76688122494342e-06,1.76688122494342e-06,1.76688122494342e-06,1.76688122494342e-06,1.76688122494342e-06,1.76688122494342e-06,1.76688122494342e-06,1.76688122494342e-06,1.76688122494342e-06,1.76688122494342e-06,1.76688122494342e-06,1.76688122494342e-06,1.76688122494342e-06,1.76688122494342e-06,1.76688122494342e-06,1.76688122494342e-06,1.76688122494342e-06,1.76688122494342e-06,1.76688122494342e-06,1.76688122494342e-06,1.76688122494342e-06,1.76688122494342e-06,1.76688122494342e-06,1.76688122494342e-06,1.76688122494342e-06,1.76688122494342e-06,1.76688122494342e-06,1.76688122494342e-06,1.76688122494342e-06,1.76688122494342e-06,1.76688122494342e-06,1.76688122494342e-06,1.76688122494342e-06,1.76688122494342e-06,1.76688122494342e-06,1.76688122494342e-06,1.76688122494342e-06,1.76688122494342e-06,1.76688122494342e-06,1.76688122494342e-06,1.76688122494342e-06,1.76688122494342e-06,1.76688122494342e-06
0.000867538681447217,0.000832201056948349,0.000832201056948349,0.000849869869197783,0.000849869869197783,0.000832201056948349,0.000832201056948349,0.000761525807950612,0.00079686343244948,0.000779194620200046,0.000832201056948349,0.000814532244698915,0.00079686343244948,0.000832201056948349,0.000832201056948349,0.000849869869197783,0.00079686343244948,0.000761525807950612,0.000761525807950612,0.000832201056948349,0.000761525807950612,0.000673181746703441,0.000673181746703441,0.000655512934454007,0.000779194620200046,0.000814532244698915,0.000991220367193256,0.00106189561619099,0.000955882742694388,0.000938213930444954,0.000973551554943822,0.000832201056948349,0.000726188183451744,0.000549500060957402,0.000337474313964192,0.000213792628218153,7.244213022268e-05,3.71045057238117e-05,1.94356934743776e-05,1.94356934743776e-05,1.76688122494342e-06,1.76688122494342e-06,1.76688122494342e-06,1.76688122494342e-06,1.76688122494342e-06,1.76688122494342e-06,1.76688122494342e-06,1.76688122494342e-06,1.76688122494342e-06,1.76688122494342e-06,1.76688122494342e-06,1.76688122494342e-06,1.76688122494342e-06,1.76688122494342e-06,1.76688122494342e-06,1.76688122494342e-06,1.76688122494342e-06,1.76688122494342e-06,1.76688122494342e-06,1.76688122494342e-06,1.76688122494342e-06,1.76688122494342e-06,1.76688122494342e-06,1.76688122494342e-06,1.76688122494342e-06,1.76688122494342e-06,1.76688122494342e-06,1.76688122494342e-06,1.76688122494342e-06,1.76688122494342e-06,1.76688122494342e-06,1.76688122494342e-06,1.76688122494342e-06,1.76688122494342e-06,1.76688122494342e-06,1.76688122494342e-06,1.76688122494342e-06,1.76688122494342e-06,1.76688122494342e-06,1.76688122494342e-06,1.76688122494342e-06,1.76688122494342e-06,1.76688122494342e-06,1.76688122494342e-06,1.76688122494342e-06,1.76688122494342e-06,1.76688122494342e-06,1.76688122494342e-06,1.76688122494342e-06,1.76688122494342e-06,1.76688122494342e-06,1.76688122494342e-06,1.76688122494342e-06,1.76688122494342e-06,1.76688122494342e-06,1.76688122494342e-06,1.76688122494342e-06,1.76688122494342e-06,1.76688122494342e-06,1.76688122494342e-06
0.000902876305946085,0.000902876305946085,0.000902876305946085,0.000885207493696651,0.000885207493696651,0.000885207493696651,0.000885207493696651,0.000955882742694388,0.000955882742694388,0.000955882742694388,0.000938213930444954,0.000867538681447217,0.000832201056948349,0.000814532244698915,0.000814532244698915,0.000779194620200046,0.000779194620200046,0.000814532244698915,0.00070851937120231,0.00070851937120231,0.00079686343244948,0.000867538681447217,0.00070851937120231,0.000779194620200046,0.000743856995701178,0.000761525807950612,0.000885207493696651,0.000814532244698915,0.00107956442844043,0.000726188183451744,0.000726188183451744,0.000761525807950612,0.000743856995701178,0.000814532244698915,0.000620175309955139,0.000408149562961929,0.000125448566970982,3.71045057238117e-05,1.94356934743776e-05,1.76688122494342e-06,1.76688122494342e-06,1.76688122494342e-06,1.76688122494342e-06,1.76688122494342e-06,1.76688122494342e-06,1.76688122494342e-06,1.76688122494342e-06,1.76688122494342e-06,1.76688122494342e-06,1.76688122494342e-06,1.76688122494342e-06,1.76688122494342e-06,1.76688122494342e-06,1.76688122494342e-06,1.76688122494342e-06,1.76688122494342e-06,1.76688122494342e-06,1.76688122494342e-06,1.76688122494342e-06,1.76688122494342e-06,1.76688122494342e-06,1.76688122494342e-06,1.76688122494342e-06,1.76688122494342e-06,1.76688122494342e-06,1.76688122494342e-06,1.76688122494342e-06,1.76688122494342e-06,1.76688122494342e-06,1.76688122494342e-06,1.76688122494342e-06,1.76688122494342e-06,1.76688122494342e-06,1.76688122494342e-06,1.76688122494342e-06,1.76688122494342e-06,1.76688122494342e-06,1.76688122494342e-06,1.76688122494342e-06,1.76688122494342e-06,1.76688122494342e-06,1.76688122494342e-06,1.76688122494342e-06,1.76688122494342e-06,1.76688122494342e-06,1.76688122494342e-06,1.76688122494342e-06,1.76688122494342e-06,1.76688122494342e-06,1.76688122494342e-06,1.76688122494342e-06,1.76688122494342e-06,1.76688122494342e-06,1.76688122494342e-06,1.76688122494342e-06,1.76688122494342e-06,1.76688122494342e-06,1.76688122494342e-06,1.76688122494342e-06,1.76688122494342e-06
0.000902876305946085,0.000938213930444954,0.000938213930444954,0.000920545118195519,0.000920545118195519,0.000938213930444954,0.000938213930444954,0.000955882742694388,0.000938213930444954,0.000902876305946085,0.000920545118195519,0.00102655799169212,0.00106189561619099,0.000973551554943822,0.000991220367193256,0.00100888917944269,0.000991220367193256,0.000938213930444954,0.00102655799169212,0.000938213930444954,0.000849869869197783,0.000832201056948349,0.000938213930444954,0.000814532244698915,0.00070851937120231,0.000849869869197783,0.000867538681447217,0.000867538681447217,0.00079686343244948,0.000885207493696651,0.000779194620200046,0.000726188183451744,0.000832201056948349,0.000743856995701178,0.000743856995701178,0.000531831248707968,0.000249130252717022,5.47733179732459e-05,7.244213022268e-05,3.71045057238117e-05,1.94356934743776e-05,1.76688122494342e-06,1.76688122494342e-06,1.76688122494342e-06,1.76688122494342e-06,1.76688122494342e-06,1.76688122494342e-06,1.76688122494342e-06,1.76688122494342e-06,1.76688122494342e-06,1.76688122494342e-06,1.76688122494342e-06,1.76688122494342e-06,1.76688122494342e-06,1.76688122494342e-06,1.76688122494342e-06,1.76688122494342e-06,1.76688122494342e-06,1.76688122494342e-06,1.76688122494342e-06,1.76688122494342e-06,1.76688122494342e-06,1.76688122494342e-06,1.76688122494342e-06,1.76688122494342e-06,1.76688122494342e-06,1.76688122494342e-06,1.76688122494342e-06,1.76688122494342e-06,1.76688122494342e-06,1.76688122494342e-06,1.76688122494342e-06,1.76688122494342e-06,1.76688122494342e-06,1.76688122494342e-06,1.76688122494342e-06,1.76688122494342e-06,1.76688122494342e-06,1.76688122494342e-06,1.76688122494342e-06,1.76688122494342e-06,1.76688122494342e-06,1.76688122494342e-06,1.76688122494342e-06,1.76688122494342e-06,1.76688122494342e-06,1.76688122494342e-06,1.76688122494342e-06,1.76688122494342e-06,1.76688122494342e-06,1.76688122494342e-06,1.76688122494342e-06,1.76688122494342e-06,1.76688122494342e-06,1.76688122494342e-06,1.76688122494342e-06,1.76688122494342e-06,1.76688122494342e-06,1.76688122494342e-06,1.76688122494342e-06
0.00070851937120231,0.000637844122204573,0.000637844122204573,0.000673181746703441,0.000673181746703441,0.000637844122204573,0.000637844122204573,0.000655512934454007,0.000620175309955139,0.000673181746703441,0.000655512934454007,0.000690850558952876,0.000673181746703441,0.000726188183451744,0.000690850558952876,0.00070851937120231,0.000779194620200046,0.000743856995701178,0.00070851937120231,0.000779194620200046,0.000779194620200046,0.000779194620200046,0.00079686343244948,0.000814532244698915,0.000814532244698915,0.000655512934454007,0.000637844122204573,0.000726188183451744,0.000867538681447217,0.0011149020529393,0.00100888917944269,0.000955882742694388,0.00070851937120231,0.000743856995701178,0.000655512934454007,0.000514162436458534,0.000425818375211363,0.000143117379220417,3.71045057238117e-05,1.76688122494342e-06,1.94356934743776e-05,1.94356934743776e-05,1.76688122494342e-06,1.76688122494342e-06,1.76688122494342e-06,1.76688122494342e-06,1.76688122494342e-06,1.76688122494342e-06,1.76688122494342e-06,1.76688122494342e-06,1.76688122494342e-06,1.76688122494342e-06,1.76688122494342e-06,1.76688122494342e-06,1.76688122494342e-06,1.76688122494342e-06,1.76688122494342e-06,1.76688122494342e-06,1.76688122494342e-06,1.76688122494342e-06,1.76688122494342e-06,1.76688122494342e-06,1.76688122494342e-06,1.76688122494342e-06,1.76688122494342e-06,1.76688122494342e-06,1.76688122494342e-06,1.76688122494342e-06,1.76688122494342e-06,1.76688122494342e-06,1.76688122494342e-06,1.76688122494342e-06,1.76688122494342e-06,1.76688122494342e-06,1.76688122494342e-06,1.76688122494342e-06,1.76688122494342e-06,1.76688122494342e-06,1.76688122494342e-06,1.76688122494342e-06,1.76688122494342e-06,1.76688122494342e-06,1.76688122494342e-06,1.76688122494342e-06,1.76688122494342e-06,1.76688122494342e-06,1.76688122494342e-06,1.76688122494342e-06,1.76688122494342e-06,1.76688122494342e-06,1.76688122494342e-06,1.76688122494342e-06,1.76688122494342e-06,1.76688122494342e-06,1.76688122494342e-06,1.76688122494342e-06,1.76688122494342e-06,1.76688122494342e-06,1.76688122494342e-06,1.76688122494342e-06
0.000832201056948349,0.000867538681447217,0.000867538681447217,0.000814532244698915,0.000814532244698915,0.000849869869197783,0.000849869869197783,0.000832201056948349,0.000867538681447217,0.000867538681447217,0.000885207493696651,0.000849869869197783,0.000885207493696651,0.000902876305946085,0.000902876305946085,0.000814532244698915,0.000761525807950612,0.000849869869197783,0.000849869869197783,0.000814532244698915,0.000814532244698915,0.000761525807950612,0.000832201056948349,0.000867538681447217,0.00100888917944269,0.000938213930444954,0.000832201056948349,0.000849869869197783,0.000690850558952876,0.000832201056948349,0.00104422680394156,0.00109723324068986,0.000938213930444954,0.000885207493696651,0.000973551554943822,0.000602506497705705,0.000337474313964192,0.000160786191469851,5.47733179732459e-05,3.71045057238117e-05,1.94356934743776e-05,1.76688122494342e-06,1.76688122494342e-06,1.76688122494342e-06,1.76688122494342e-06,1.76688122494342e-06,1.76688122494342e-06,1.76688122494342e-06,1.76688122494342e-06,1.76688122494342e-06,1.76688122494342e-06,1.76688122494342e-06,1.76688122494342e-06,1.76688122494342e-06,1.76688122494342e-06,1.76688122494342e-06,1.76688122494342e-06,1.76688122494342e-06,1.76688122494342e-06,1.76688122494342e-06,1.76688122494342e-06,1.76688122494342e-06,1.76688122494342e-06,1.76688122494342e-06,1.76688122494342e-06,1.76688122494342e-06,1.76688122494342e-06,1.76688122494342e-06,1.76688122494342e-06,1.76688122494342e-06,1.76688122494342e-06,1.76688122494342e-06,1.76688122494342e-06,1.76688122494342e-06,1.76688122494342e-06,1.76688122494342e-06,1.76688122494342e-06,1.76688122494342e-06,1.76688122494342e-06,1.76688122494342e-06,1.76688122494342e-06,1.76688122494342e-06,1.76688122494342e-06,1.76688122494342e-06,1.76688122494342e-06,1.76688122494342e-06,1.76688122494342e-06,1.76688122494342e-06,1.76688122494342e-06,1.76688122494342e-06,1.76688122494342e-06,1.76688122494342e-06,1.76688122494342e-06,1.76688122494342e-06,1.76688122494342e-06,1.76688122494342e-06,1.76688122494342e-06,1.76688122494342e-06,1.76688122494342e-06,1.76688122494342e-06
0.000779194620200046,0.000814532244698915,0.000814532244698915,0.000832201056948349,0.000832201056948349,0.00079686343244948,0.00079686343244948,0.00079686343244948,0.000814532244698915,0.000779194620200046,0.000761525807950612,0.000832201056948349,0.000849869869197783,0.00079686343244948,0.00079686343244948,0.000885207493696651,0.000920545118195519,0.000867538681447217,0.000920545118195519,0.000955882742694388,0.000973551554943822,0.000920545118195519,0.000849869869197783,0.00079686343244948,0.00070851937120231,0.000743856995701178,0.000814532244698915,0.000832201056948349,0.000955882742694388,0.000849869869197783,0.000832201056948349,0.000938213930444954,0.00113257086518873,0.000814532244698915,0.000885207493696651,0.000973551554943822,0.000673181746703441,0.000372811938463061,0.000107779754721548,1.94356934743776e-05,1.76688122494342e-06,3.71045057238117e-05,1.76688122494342e-06,1.76688122494342e-06,1.76688122494342e-06,1.76688122494342e-06,1.76688122494342e-06,1.76688122494342e-06,1.76688122494342e-06,1.76688122494342e-06,1.76688122494342e-06,1.76688122494342e-06,1.76688122494342e-06,1.76688122494342e-06,1.76688122494342e-06,1.76688122494342e-06,1.76688122494342e-06,1.76688122494342e-06,1.76688122494342e-06,1.76688122494342e-06,1.76688122494342e-06,1.76688122494342e-06,1.76688122494342e-06,1.76688122494342e-06,1.76688122494342e-06,1.76688122494342e-06,1.76688122494342e-06,1.76688122494342e-06,1.76688122494342e-06,1.76688122494342e-06,1.76688122494342e-06,1.76688122494342e-06,1.76688122494342e-06,1.76688122494342e-06,1.76688122494342e-06,1.76688122494342e-06,1.76688122494342e-06,1.76688122494342e-06,1.76688122494342e-06,1.76688122494342e-06,1.76688122494342e-06,1.76688122494342e-06,1.76688122494342e-06,1.76688122494342e-06,1.76688122494342e-06,1.76688122494342e-06,1.76688122494342e-06,1.76688122494342e-06,1.76688122494342e-06,1.76688122494342e-06,1.76688122494342e-06,1.76688122494342e-06,1.76688122494342e-06,1.76688122494342e-06,1.76688122494342e-06,1.76688122494342e-06,1.76688122494342e-06,1.76688122494342e-06,1.76688122494342e-06,1.76688122494342e-06
0.000955882742694388,0.000955882742694388,0.000955882742694388,0.000991220367193256,0.000991220367193256,0.000991220367193256,0.000991220367193256,0.000991220367193256,0.000955882742694388,0.000973551554943822,0.000955882742694388,0.000849869869197783,0.000814532244698915,0.000902876305946085,0.000885207493696651,0.000902876305946085,0.000920545118195519,0.000902876305946085,0.000885207493696651,0.000973551554943822,0.000902876305946085,0.00100888917944269,0.000867538681447217,0.000849869869197783,0.000832201056948349,0.000849869869197783,0.000885207493696651,0.000867538681447217,0.000726188183451744,0.000938213930444954,0.000938213930444954,0.000885207493696651,0.000973551554943822,0.000938213930444954,0.000832201056948349,0.00102655799169212,0.000761525807950612,0.000461155999710231,0.000213792628218153,1.94356934743776e-05,1.94356934743776e-05,1.76688122494342e-06,1.94356934743776e-05,1.76688122494342e-06,1.76688122494342e-06,1.76688122494342e-06,1.76688122494342e-06,1.76688122494342e-06,1.76688122494342e-06,1.76688122494342e-06,1.76688122494342e-06,1.76688122494342e-06,1.76688122494342e-06,1.76688122494342e-06,1.76688122494342e-06,1.76688122494342e-06,1.76688122494342e-06,1.76688122494342e-06,1.76688122494342e-06,1.76688122494342e-06,1.76688122494342e-06,1.76688122494342e-06,1.76688122494342e-06,1.76688122494342e-06,1.76688122494342e-06,1.76688122494342e-06,1.76688122494342e-06,1.76688122494342e-06,1.76688122494342e-06,1.76688122494342e-06,1.76688122494342e-06,1.76688122494342e-06,1.76688122494342e-06,1.76688122494342e-06,1.76688122494342e-06,1.76688122494342e-06,1.76688122494342e-06,1.76688122494342e-06,1.76688122494342e-06,1.76688122494342e-06,1.76688122494342e-06,1.76688122494342e-06,1.76688122494342e-06,1.76688122494342e-06,1.76688122494342e-06,1.76688122494342e-06,1.76688122494342e-06,1.76688122494342e-06,1.76688122494342e-06,1.76688122494342e-06,1.76688122494342e-06,1.76688122494342e-06,1.76688122494342e-06,1.76688122494342e-06,1.76688122494342e-06,1.76688122494342e-06,1.76688122494342e-06,1.76688122494342e-06,1.76688122494342e-06,1.76688122494342e-06
0.000973551554943822,0.000920545118195519,0.000920545118195519,0.000885207493696651,0.000885207493696651,0.000920545118195519,0.000920545118195519,0.000920545118195519,0.000920545118195519,0.000902876305946085,0.000902876305946085,0.000938213930444954,0.000955882742694388,0.000885207493696651,0.000955882742694388,0.000920545118195519,0.000867538681447217,0.000920545118195519,0.000867538681447217,0.000832201056948349,0.000849869869197783,0.000867538681447217,0.00102655799169212,0.000991220367193256,0.000938213930444954,0.000885207493696651,0.000832201056948349,0.00079686343244948,0.000690850558952876,0.000673181746703441,0.00070851937120231,0.000849869869197783,0.000832201056948349,0.000955882742694388,0.000814532244698915,0.000549500060957402,0.00079686343244948,0.000726188183451744,0.000337474313964192,0.000107779754721548,1.94356934743776e-05,1.76688122494342e-06,1.76688122494342e-06,1.76688122494342e-06,1.76688122494342e-06,1.76688122494342e-06,1.76688122494342e-06,1.76688122494342e-06,1.76688122494342e-06,1.76688122494342e-06,1.76688122494342e-06,1.76688122494342e-06,1.76688122494342e-06,1.76688122494342e-06,1.76688122494342e-06,1.76688122494342e-06,1.76688122494342e-06,1.76688122494342e-06,1.76688122494342e-06,1.76688122494342e-06,1.76688122494342e-06,1.76688122494342e-06,1.76688122494342e-06,1.76688122494342e-06,1.76688122494342e-06,1.76688122494342e-06,1.76688122494342e-06,1.76688122494342e-06,1.76688122494342e-06,1.76688122494342e-06,1.76688122494342e-06,1.76688122494342e-06,1.76688122494342e-06,1.76688122494342e-06,1.76688122494342e-06,1.76688122494342e-06,1.76688122494342e-06,1.76688122494342e-06,1.76688122494342e-06,1.76688122494342e-06,1.76688122494342e-06,1.76688122494342e-06,1.76688122494342e-06,1.76688122494342e-06,1.76688122494342e-06,1.76688122494342e-06,1.76688122494342e-06,1.76688122494342e-06,1.76688122494342e-06,1.76688122494342e-06,1.76688122494342e-06,1.76688122494342e-06,1.76688122494342e-06,1.76688122494342e-06,1.76688122494342e-06,1.76688122494342e-06,1.76688122494342e-06,1.76688122494342e-06,1.76688122494342e-06,1.76688122494342e-06
0.000885207493696651,0.000920545118195519,0.000920545118195519,0.000938213930444954,0.000938213930444954,0.000902876305946085,0.000902876305946085,0.000885207493696651,0.000885207493696651,0.000920545118195519,0.000920545118195519,0.000955882742694388,0.000973551554943822,0.000973551554943822,0.000991220367193256,0.00104422680394156,0.000902876305946085,0.000849869869197783,0.000902876305946085,0.000779194620200046,0.000832201056948349,0.00079686343244948,0.00079686343244948,0.000938213930444954,0.000973551554943822,0.00104422680394156,0.000902876305946085,0.000885207493696651,0.00104422680394156,0.000849869869197783,0.000761525807950612,0.000690850558952876,0.000867538681447217,0.000920545118195519,0.000867538681447217,0.000814532244698915,0.000814532244698915,0.000673181746703441,0.000372811938463061,0.000231461440467587,5.47733179732459e-05,1.76688122494342e-06,3.71045057238117e-05,1.76688122494342e-06,1.76688122494342e-06,1.76688122494342e-06,1.76688122494342e-06,1.76688122494342e-06,1.76688122494342e-06,1.76688122494342e-06,1.76688122494342e-06,1.76688122494342e-06,1.76688122494342e-06,1.76688122494342e-06,1.76688122494342e-06,1.76688122494342e-06,1.76688122494342e-06,1.76688122494342e-06,1.76688122494342e-06,1.76688122494342e-06,1.76688122494342e-06,1.76688122494342e-06,1.76688122494342e-06,1.76688122494342e-06,1.76688122494342e-06,1.76688122494342e-06,1.76688122494342e-06,1.76688122494342e-06,1.76688122494342e-06,1.76688122494342e-06,1.76688122494342e-06,1.76688122494342e-06,1.76688122494342e-06,1.76688122494342e-06,1.76688122494342e-06,1.76688122494342e-06,1.76688122494342e-06,1.76688122494342e-06,1.76688122494342e-06,1.76688122494342e-06,1.76688122494342e-06,1.76688122494342e-06,1.76688122494342e-06,1.76688122494342e-06,1.76688122494342e-06,1.76688122494342e-06,1.76688122494342e-06,1.76688122494342e-06,1.76688122494342e-06,1.76688122494342e-06,1.76688122494342e-06,1.76688122494342e-06,1.76688122494342e-06,1.76688122494342e-06,1.76688122494342e-06,1.76688122494342e-06,1.76688122494342e-06,1.76688122494342e-06,1.76688122494342e-06,1.76688122494342e-06
0.000761525807950612,0.000779194620200046,0.000779194620200046,0.000761525807950612,0.000761525807950612,0.000779194620200046,0.000779194620200046,0.000779194620200046,0.000743856995701178,0.000726188183451744,0.000761525807950612,0.000743856995701178,0.000743856995701178,0.000743856995701178,0.000726188183451744,0.000673181746703441,0.000867538681447217,0.000920545118195519,0.000885207493696651,0.000991220367193256,0.00100888917944269,0.000973551554943822,0.000902876305946085,0.000849869869197783,0.000867538681447217,0.000885207493696651,0.000955882742694388,0.000885207493696651,0.000920545118195519,0.000902876305946085,0.00079686343244948,0.000779194620200046,0.000902876305946085,0.000849869869197783,0.000814532244698915,0.000832201056948349,0.000673181746703441,0.000637844122204573,0.000372811938463061,0.000213792628218153,5.47733179732459e-05,5.47733179732459e-05,1.76688122494342e-06,1.76688122494342e-06,1.76688122494342e-06,1.76688122494342e-06,1.76688122494342e-06,1.76688122494342e-06,1.76688122494342e-06,1.76688122494342e-06,1.76688122494342e-06,1.76688122494342e-06,1.76688122494342e-06,1.76688122494342e-06,1.76688122494342e-06,1.76688122494342e-06,1.76688122494342e-06,1.76688122494342e-06,1.76688122494342e-06,1.76688122494342e-06,1.76688122494342e-06,1.76688122494342e-06,1.76688122494342e-06,1.76688122494342e-06,1.76688122494342e-06,1.76688122494342e-06,1.76688122494342e-06,1.76688122494342e-06,1.76688122494342e-06,1.76688122494342e-06,1.76688122494342e-06,1.76688122494342e-06,1.76688122494342e-06,1.76688122494342e-06,1.76688122494342e-06,1.76688122494342e-06,1.76688122494342e-06,1.76688122494342e-06,1.76688122494342e-06,1.76688122494342e-06,1.76688122494342e-06,1.76688122494342e-06,1.76688122494342e-06,1.76688122494342e-06,1.76688122494342e-06,1.76688122494342e-06,1.76688122494342e-06,1.76688122494342e-06,1.76688122494342e-06,1.76688122494342e-06,1.76688122494342e-06,1.76688122494342e-06,1.76688122494342e-06,1.76688122494342e-06,1.76688122494342e-06,1.76688122494342e-06,1.76688122494342e-06,1.76688122494342e-06,1.76688122494342e-06,1.76688122494342e-06
0.000726188183451744,0.00070851937120231,0.00070851937120231,0.000761525807950612,0.000761525807950612,0.000779194620200046,0.000779194620200046,0.000779194620200046,0.000849869869197783,0.000849869869197783,0.00079686343244948,0.000832201056948349,0.00079686343244948,0.00079686343244948,0.000779194620200046,0.000655512934454007,0.000620175309955139,0.000673181746703441,0.000655512934454007,0.000690850558952876,0.000673181746703441,0.000726188183451744,0.000761525807950612,0.00070851937120231,0.000726188183451744,0.000849869869197783,0.00079686343244948,0.000955882742694388,0.000814532244698915,0.000849869869197783,0.000814532244698915,0.000955882742694388,0.000761525807950612,0.0011149020529393,0.000920545118195519,0.000991220367193256,0.000761525807950612,0.000814532244698915,0.000726188183451744,0.000319805501714758,0.000160786191469851,1.76688122494342e-06,1.76688122494342e-06,1.76688122494342e-06,1.76688122494342e-06,1.76688122494342e-06,1.76688122494342e-06,1.76688122494342e-06,1.76688122494342e-06,1.76688122494342e-06,1.76688122494342e-06,1.76688122494342e-06,1.76688122494342e-06,1.76688122494342e-06,1.76688122494342e-06,1.76688122494342e-06,1.76688122494342e-06,1.76688122494342e-06,1.76688122494342e-06,1.76688122494342e-06,1.76688122494342e-06,1.76688122494342e-06,1.76688122494342e-06,1.76688122494342e-06,1.76688122494342e-06,1.76688122494342e-06,1.76688122494342e-06,1.76688122494342e-06,1.76688122494342e-06,1.76688122494342e-06,1.76688122494342e-06,1.76688122494342e-06,1.76688122494342e-06,1.76688122494342e-06,1.76688122494342e-06,1.76688122494342e-06,1.76688122494342e-06,1.76688122494342e-06,1.76688122494342e-06,1.76688122494342e-06,1.76688122494342e-06,1.76688122494342e-06,1.76688122494342e-06,1.76688122494342e-06,1.76688122494342e-06,1.76688122494342e-06,1.76688122494342e-06,1.76688122494342e-06,1.76688122494342e-06,1.76688122494342e-06,1.76688122494342e-06,1.76688122494342e-06,1.76688122494342e-06,1.76688122494342e-06,1.76688122494342e-06,1.76688122494342e-06,1.76688122494342e-06,1.76688122494342e-06,1.76688122494342e-06,1.76688122494342e-06
0.000832201056948349,0.000832201056948349,0.000832201056948349,0.000779194620200046,0.000779194620200046,0.000761525807950612,0.000761525807950612,0.000779194620200046,0.000743856995701178,0.000726188183451744,0.000779194620200046,0.000779194620200046,0.000761525807950612,0.000761525807950612,0.000743856995701178,0.000885207493696651,0.000867538681447217,0.000814532244698915,0.000867538681447217,0.000938213930444954,0.000920545118195519,0.000867538681447217,0.000849869869197783,0.000867538681447217,0.000867538681447217,0.00079686343244948,0.000902876305946085,0.000779194620200046,0.000938213930444954,0.000867538681447217,0.00102655799169212,0.000849869869197783,0.000849869869197783,0.000690850558952876,0.00109723324068986,0.000849869869197783,0.000849869869197783,0.00070851937120231,0.000761525807950612,0.000514162436458534,0.000196123815968719,3.71045057238117e-05,1.76688122494342e-06,1.76688122494342e-06,1.76688122494342e-06,1.76688122494342e-06,1.76688122494342e-06,1.76688122494342e-06,1.76688122494342e-06,1.76688122494342e-06,1.76688122494342e-06,1.76688122494342e-06,1.76688122494342e-06,1.76688122494342e-06,1.76688122494342e-06,1.76688122494342e-06,1.76688122494342e-06,1.76688122494342e-06,1.76688122494342e-06,1.76688122494342e-06,1.76688122494342e-06,1.76688122494342e-06,1.76688122494342e-06,1.76688122494342e-06,1.76688122494342e-06,1.76688122494342e-06,1.76688122494342e-06,1.76688122494342e-06,1.76688122494342e-06,1.76688122494342e-06,1.76688122494342e-06,1.76688122494342e-06,1.76688122494342e-06,1.76688122494342e-06,1.76688122494342e-06,1.76688122494342e-06,1.76688122494342e-06,1.76688122494342e-06,1.76688122494342e-06,1.76688122494342e-06,1.76688122494342e-06,1.76688122494342e-06,1.76688122494342e-06,1.76688122494342e-06,1.76688122494342e-06,1.76688122494342e-06,1.76688122494342e-06,1.76688122494342e-06,1.76688122494342e-06,1.76688122494342e-06,1.76688122494342e-06,1.76688122494342e-06,1.76688122494342e-06,1.76688122494342e-06,1.76688122494342e-06,1.76688122494342e-06,1.76688122494342e-06,1.76688122494342e-06,1.76688122494342e-06,1.76688122494342e-06
0.00102655799169212,0.00102655799169212,0.00102655799169212,0.00107956442844043,0.00107956442844043,0.00106189561619099,0.00106189561619099,0.00106189561619099,0.00104422680394156,0.00106189561619099,0.00106189561619099,0.000991220367193256,0.000973551554943822,0.000991220367193256,0.000991220367193256,0.000920545118195519,0.000955882742694388,0.000867538681447217,0.000814532244698915,0.000655512934454007,0.000726188183451744,0.000814532244698915,0.000849869869197783,0.000902876305946085,0.000973551554943822,0.000902876305946085,0.000867538681447217,0.000938213930444954,0.000832201056948349,0.000920545118195519,0.000902876305946085,0.000867538681447217,0.000885207493696651,0.000920545118195519,0.000832201056948349,0.00104422680394156,0.000920545118195519,0.000779194620200046,0.000690850558952876,0.000531831248707968,0.00028446787721589,9.01109424721142e-05,1.76688122494342e-06,1.76688122494342e-06,1.76688122494342e-06,1.76688122494342e-06,1.76688122494342e-06,1.76688122494342e-06,1.76688122494342e-06,1.76688122494342e-06,1.76688122494342e-06,1.76688122494342e-06,1.76688122494342e-06,1.76688122494342e-06,1.76688122494342e-06,1.76688122494342e-06,1.76688122494342e-06,1.76688122494342e-06,1.76688122494342e-06,1.76688122494342e-06,1.76688122494342e-06,1.76688122494342e-06,1.76688122494342e-06,1.76688122494342e-06,1.76688122494342e-06,1.76688122494342e-06,1.76688122494342e-06,1.76688122494342e-06,1.76688122494342e-06,1.76688122494342e-06,1.76688122494342e-06,1.76688122494342e-06,1.76688122494342e-06,1.76688122494342e-06,1.76688122494342e-06,1.76688122494342e-06,1.76688122494342e-06,1.76688122494342e-06,1.76688122494342e-06,1.76688122494342e-06,1.76688122494342e-06,1.76688122494342e-06,1.76688122494342e-06,1.76688122494342e-06,1.76688122494342e-06,1.76688122494342e-06,1.76688122494342e-06,1.76688122494342e-06,1.76688122494342e-06,1.76688122494342e-06,1.76688122494342e-06,1.76688122494342e-06,1.76688122494342e-06,1.76688122494342e-06,1.76688122494342e-06,1.76688122494342e-06,1.76688122494342e-06,1.76688122494342e-06,1.76688122494342e-06,1.76688122494342e-06
0.000849869869197783,0.000849869869197783,0.000849869869197783,0.000832201056948349,0.000832201056948349,0.000814532244698915,0.000814532244698915,0.000814532244698915,0.00079686343244948,0.000814532244698915,0.00079686343244948,0.000849869869197783,0.000867538681447217,0.000902876305946085,0.000920545118195519,0.000955882742694388,0.000779194620200046,0.000814532244698915,0.000849869869197783,0.000867538681447217,0.000849869869197783,0.000832201056948349,0.000867538681447217,0.00079686343244948,0.000814532244698915,0.00079686343244948,0.000902876305946085,0.000885207493696651,0.000832201056948349,0.000885207493696651,0.00104422680394156,0.000902876305946085,0.000779194620200046,0.000814532244698915,0.000849869869197783,0.000849869869197783,0.000832201056948349,0.000726188183451744,0.00070851937120231,0.0004964936242091,0.000408149562961929,9.01109424721142e-05,3.71045057238117e-05,1.94356934743776e-05,1.76688122494342e-06,1.76688122494342e-06,1.76688122494342e-06,1.76688122494342e-06,1.76688122494342e-06,1.76688122494342e-06,1.76688122494342e-06,1.76688122494342e-06,1.76688122494342e-06,1.76688122494342e-06,1.76688122494342e-06,1.76688122494342e-06,1.76688122494342e-06,1.76688122494342e-06,1.76688122494342e-06,1.76688122494342e-06,1.76688122494342e-06,1.76688122494342e-06,1.76688122494342e-06,1.76688122494342e-06,1.76688122494342e-06,1.76688122494342e-06,1.76688122494342e-06,1.76688122494342e-06,1.76688122494342e-06,1.76688122494342e-06,1.76688122494342e-06,1.76688122494342e-06,1.76688122494342e-06,1.76688122494342e-06,1.76688122494342e-06,1.76688122494342e-06,1.76688122494342e-06,1.76688122494342e-06,1.76688122494342e-06,1.76688122494342e-06,1.76688122494342e-06,1.76688122494342e-06,1.76688122494342e-06,1.76688122494342e-06,1.76688122494342e-06,1.76688122494342e-06,1.76688122494342e-06,1.76688122494342e-06,1.76688122494342e-06,1.76688122494342e-06,1.76688122494342e-06,1.76688122494342e-06,1.76688122494342e-06,1.76688122494342e-06,1.76688122494342e-06,1.76688122494342e-06,1.76688122494342e-06,1.76688122494342e-06,1.76688122494342e-06,1.76688122494342e-06
0.000955882742694388,0.000973551554943822,0.000973551554943822,0.000920545118195519,0.000920545118195519,0.000955882742694388,0.000955882742694388,0.000955882742694388,0.000991220367193256,0.000938213930444954,0.000920545118195519,0.000885207493696651,0.000867538681447217,0.000832201056948349,0.000779194620200046,0.000814532244698915,0.000902876305946085,0.000955882742694388,0.000973551554943822,0.000920545118195519,0.000832201056948349,0.00079686343244948,0.000743856995701178,0.000902876305946085,0.000743856995701178,0.000885207493696651,0.000867538681447217,0.000920545118195519,0.000885207493696651,0.00079686343244948,0.000726188183451744,0.00107956442844043,0.000814532244698915,0.000849869869197783,0.000726188183451744,0.000938213930444954,0.00102655799169212,0.00100888917944269,0.000761525807950612,0.000584837685456271,0.000302136689465324,0.000143117379220417,1.94356934743776e-05,1.94356934743776e-05,1.76688122494342e-06,1.76688122494342e-06,1.76688122494342e-06,1.76688122494342e-06,1.76688122494342e-06,1.76688122494342e-06,1.76688122494342e-06,1.76688122494342e-06,1.76688122494342e-06,1.76688122494342e-06,1.76688122494342e-06,1.76688122494342e-06,1.76688122494342e-06,1.76688122494342e-06,1.76688122494342e-06,1.76688122494342e-06,1.76688122494342e-06,1.76688122494342e-06,1.76688122494342e-06,1.76688122494342e-06,1.76688122494342e-06,1.76688122494342e-06,1.76688122494342e-06,1.76688122494342e-06,1.76688122494342e-06,1.76688122494342e-06,1.76688122494342e-06,1.76688122494342e-06,1.76688122494342e-06,1.76688122494342e-06,1.76688122494342e-06,1.76688122494342e-06,1.76688122494342e-06,1.76688122494342e-06,1.76688122494342e-06,1.76688122494342e-06,1.76688122494342e-06,1.76688122494342e-06,1.76688122494342e-06,1.76688122494342e-06,1.76688122494342e-06,1.76688122494342e-06,1.76688122494342e-06,1.76688122494342e-06,1.76688122494342e-06,1.76688122494342e-06,1.76688122494342e-06,1.76688122494342e-06,1.76688122494342e-06,1.76688122494342e-06,1.76688122494342e-06,1.76688122494342e-06,1.76688122494342e-06,1.76688122494342e-06,1.76688122494342e-06,1.76688122494342e-06
0.000973551554943822,0.000973551554943822,0.000973551554943822,0.00100888917944269,0.00100888917944269,0.00102655799169212,0.00102655799169212,0.000973551554943822,0.000991220367193256,0.000955882742694388,0.000973551554943822,0.00100888917944269,0.00107956442844043,0.00102655799169212,0.00102655799169212,0.000991220367193256,0.00102655799169212,0.000973551554943822,0.000902876305946085,0.000991220367193256,0.00104422680394156,0.00100888917944269,0.000955882742694388,0.000849869869197783,0.000920545118195519,0.000779194620200046,0.00079686343244948,0.000690850558952876,0.000743856995701178,0.000902876305946085,0.000920545118195519,0.00079686343244948,0.00106189561619099,0.000849869869197783,0.00079686343244948,0.000743856995701178,0.00107956442844043,0.000885207493696651,0.000779194620200046,0.00079686343244948,0.000514162436458534,0.000302136689465324,9.01109424721142e-05,1.94356934743776e-05,1.76688122494342e-06,1.76688122494342e-06,1.76688122494342e-06,1.76688122494342e-06,1.76688122494342e-06,1.76688122494342e-06,1.76688122494342e-06,1.76688122494342e-06,1.76688122494342e-06,1.76688122494342e-06,1.76688122494342e-06,1.76688122494342e-06,1.76688122494342e-06,1.76688122494342e-06,1.76688122494342e-06,1.76688122494342e-06,1.76688122494342e-06,1.76688122494342e-06,1.76688122494342e-06,1.76688122494342e-06,1.76688122494342e-06,1.76688122494342e-06,1.76688122494342e-06,1.76688122494342e-06,1.76688122494342e-06,1.76688122494342e-06,1.76688122494342e-06,1.76688122494342e-06,1.76688122494342e-06,1.76688122494342e-06,1.76688122494342e-06,1.76688122494342e-06,1.76688122494342e-06,1.76688122494342e-06,1.76688122494342e-06,1.76688122494342e-06,1.76688122494342e-06,1.76688122494342e-06,1.76688122494342e-06,1.76688122494342e-06,1.76688122494342e-06,1.76688122494342e-06,1.76688122494342e-06,1.76688122494342e-06,1.76688122494342e-06,1.76688122494342e-06,1.76688122494342e-06,1.76688122494342e-06,1.76688122494342e-06,1.76688122494342e-06,1.76688122494342e-06,1.76688122494342e-06,1.76688122494342e-06,1.76688122494342e-06,1.76688122494342e-06,1.76688122494342e-06
0.000920545118195519,0.000920545118195519,0.000920545118195519,0.000885207493696651,0.000885207493696651,0.000849869869197783,0.000849869869197783,0.000885207493696651,0.000885207493696651,0.000955882742694388,0.000955882742694388,0.000920545118195519,0.000867538681447217,0.000973551554943822,0.00104422680394156,0.00109723324068986,0.00107956442844043,0.00106189561619099,0.0011149020529393,0.00104422680394156,0.00106189561619099,0.00115023967743816,0.00115023967743816,0.00109723324068986,0.000991220367193256,0.00102655799169212,0.000920545118195519,0.000920545118195519,0.000885207493696651,0.000761525807950612,0.000726188183451744,0.000761525807950612,0.00100888917944269,0.00118557730193703,0.000902876305946085,0.000902876305946085,0.000832201056948349,0.0011149020529393,0.000902876305946085,0.00070851937120231,0.00070851937120231,0.00028446787721589,9.01109424721142e-05,1.94356934743776e-05,1.76688122494342e-06,1.76688122494342e-06,1.76688122494342e-06,1.76688122494342e-06,1.76688122494342e-06,1.76688122494342e-06,1.76688122494342e-06,1.76688122494342e-06,1.76688122494342e-06,1.76688122494342e-06,1.76688122494342e-06,1.76688122494342e-06,1.76688122494342e-06,1.76688122494342e-06,1.76688122494342e-06,1.76688122494342e-06,1.76688122494342e-06,1.76688122494342e-06,1.76688122494342e-06,1.76688122494342e-06,1.76688122494342e-06,1.76688122494342e-06,1.76688122494342e-06,1.76688122494342e-06,1.76688122494342e-06,1.76688122494342e-06,1.76688122494342e-06,1.76688122494342e-06,1.76688122494342e-06,1.76688122494342e-06,1.76688122494342e-06,1.76688122494342e-06,1.76688122494342e-06,1.76688122494342e-06,1.76688122494342e-06,1.76688122494342e-06,1.76688122494342e-06,1.76688122494342e-06,1.76688122494342e-06,1.76688122494342e-06,1.76688122494342e-06,1.76688122494342e-06,1.76688122494342e-06,1.76688122494342e-06,1.76688122494342e-06,1.76688122494342e-06,1.76688122494342e-06,1.76688122494342e-06,1.76688122494342e-06,1.76688122494342e-06,1.76688122494342e-06,1.76688122494342e-06,1.76688122494342e-06,1.76688122494342e-06,1.76688122494342e-06,1.76688122494342e-06
0.000902876305946085,0.000867538681447217,0.000867538681447217,0.000885207493696651,0.000885207493696651,0.000920545118195519,0.000920545118195519,0.000902876305946085,0.000849869869197783,0.000849869869197783,0.000849869869197783,0.000902876305946085,0.000938213930444954,0.000920545118195519,0.000867538681447217,0.000849869869197783,0.000885207493696651,0.000902876305946085,0.000938213930444954,0.000902876305946085,0.000832201056948349,0.000761525807950612,0.000779194620200046,0.000867538681447217,0.000920545118195519,0.000849869869197783,0.000832201056948349,0.000885207493696651,0.000991220367193256,0.000938213930444954,0.000885207493696651,0.000849869869197783,0.000690850558952876,0.000832201056948349,0.00107956442844043,0.000938213930444954,0.000902876305946085,0.000832201056948349,0.000832201056948349,0.00070851937120231,0.000443487187460797,0.000443487187460797,5.47733179732459e-05,1.94356934743776e-05,1.76688122494342e-06,1.76688122494342e-06,1.76688122494342e-06,1.76688122494342e-06,1.76688122494342e-06,1.76688122494342e-06,1.76688122494342e-06,1.76688122494342e-06,1.76688122494342e-06,1.76688122494342e-06,1.76688122494342e-06,1.76688122494342e-06,1.76688122494342e-06,1.76688122494342e-06,1.76688122494342e-06,1.76688122494342e-06,1.76688122494342e-06,1.76688122494342e-06,1.76688122494342e-06,1.76688122494342e-06,1.76688122494342e-06,1.76688122494342e-06,1.76688122494342e-06,1.76688122494342e-06,1.76688122494342e-06,1.76688122494342e-06,1.76688122494342e-06,1.76688122494342e-06,1.76688122494342e-06,1.76688122494342e-06,1.76688122494342e-06,1.76688122494342e-06,1.76688122494342e-06,1.76688122494342e-06,1.76688122494342e-06,1.76688122494342e-06,1.76688122494342e-06,1.76688122494342e-06,1.76688122494342e-06,1.76688122494342e-06,1.76688122494342e-06,1.76688122494342e-06,1.76688122494342e-06,1.76688122494342e-06,1.76688122494342e-06,1.76688122494342e-06,1.76688122494342e-06,1.76688122494342e-06,1.76688122494342e-06,1.76688122494342e-06,1.76688122494342e-06,1.76688122494342e-06,1.76688122494342e-06,1.76688122494342e-06,1.76688122494342e-06,1.76688122494342e-06
0.00102655799169212,0.00106189561619099,0.00106189561619099,0.00109723324068986,0.00109723324068986,0.00104422680394156,0.00104422680394156,0.00104422680394156,0.0011149020529393,0.0011149020529393,0.00109723324068986,0.000973551554943822,0.000938213930444954,0.000920545118195519,0.000938213930444954,0.000902876305946085,0.000832201056948349,0.000867538681447217,0.00079686343244948,0.000938213930444954,0.000885207493696651,0.000991220367193256,0.00102655799169212,0.000991220367193256,0.000885207493696651,0.000973551554943822,0.000938213930444954,0.000938213930444954,0.000955882742694388,0.000955882742694388,0.000920545118195519,0.000938213930444954,0.000832201056948349,0.000602506497705705,0.000885207493696651,0.000973551554943822,0.000885207493696651,0.00100888917944269,0.00115023967743816,0.000920545118195519,0.000549500060957402,0.000425818375211363,0.000160786191469851,1.76688122494342e-06,1.94356934743776e-05,1.76688122494342e-06,1.76688122494342e-06,1.76688122494342e-06,1.76688122494342e-06,1.76688122494342e-06,1.76688122494342e-06,1.76688122494342e-06,1.76688122494342e-06,1.76688122494342e-06,1.76688122494342e-06,1.76688122494342e-06,1.76688122494342e-06,1.76688122494342e-06,1.76688122494342e-06,1.76688122494342e-06,1.76688122494342e-06,1.76688122494342e-06,1.76688122494342e-06,1.76688122494342e-06,1.76688122494342e-06,1.76688122494342e-06,1.76688122494342e-06,1.76688122494342e-06,1.76688122494342e-06,1.76688122494342e-06,1.76688122494342e-06,1.76688122494342e-06,1.76688122494342e-06,1.76688122494342e-06,1.76688122494342e-06,1.76688122494342e-06,1.76688122494342e-06,1.76688122494342e-06,1.76688122494342e-06,1.76688122494342e-06,1.76688122494342e-06,1.76688122494342e-06,1.76688122494342e-06,1.76688122494342e-06,1.76688122494342e-06,1.76688122494342e-06,1.76688122494342e-06,1.76688122494342e-06,1.76688122494342e-06,1.76688122494342e-06,1.76688122494342e-06,1.76688122494342e-06,1.76688122494342e-06,1.76688122494342e-06,1.76688122494342e-06,1.76688122494342e-06,1.76688122494342e-06,1.76688122494342e-06,1.76688122494342e-06,1.76688122494342e-06
0.00079686343244948,0.000779194620200046,0.000779194620200046,0.000761525807950612,0.000761525807950612,0.00079686343244948,0.00079686343244948,0.000849869869197783,0.000832201056948349,0.000832201056948349,0.000849869869197783,0.000938213930444954,0.000955882742694388,0.000938213930444954,0.000973551554943822,0.000973551554943822,0.00100888917944269,0.000938213930444954,0.00102655799169212,0.00102655799169212,0.000973551554943822,0.000938213930444954,0.000955882742694388,0.000902876305946085,0.000991220367193256,0.000920545118195519,0.00100888917944269,0.00104422680394156,0.000867538681447217,0.000814532244698915,0.000832201056948349,0.000743856995701178,0.000938213930444954,0.000867538681447217,0.000849869869197783,0.000832201056948349,0.00104422680394156,0.000849869869197783,0.000849869869197783,0.000849869869197783,0.00070851937120231,0.000425818375211363,0.00028446787721589,5.47733179732459e-05,1.76688122494342e-06,1.76688122494342e-06,1.76688122494342e-06,1.76688122494342e-06,1.76688122494342e-06,1.76688122494342e-06,1.76688122494342e-06,1.76688122494342e-06,1.76688122494342e-06,1.76688122494342e-06,1.76688122494342e-06,1.76688122494342e-06,1.76688122494342e-06,1.76688122494342e-06,1.76688122494342e-06,1.76688122494342e-06,1.76688122494342e-06,1.76688122494342e-06,1.76688122494342e-06,1.76688122494342e-06,1.76688122494342e-06,1.76688122494342e-06,1.76688122494342e-06,1.76688122494342e-06,1.76688122494342e-06,1.76688122494342e-06,1.76688122494342e-06,1.76688122494342e-06,1.76688122494342e-06,1.76688122494342e-06,1.76688122494342e-06,1.76688122494342e-06,1.76688122494342e-06,1.76688122494342e-06,1.76688122494342e-06,1.76688122494342e-06,1.76688122494342e-06,1.76688122494342e-06,1.76688122494342e-06,1.76688122494342e-06,1.76688122494342e-06,1.76688122494342e-06,1.76688122494342e-06,1.76688122494342e-06,1.76688122494342e-06,1.76688122494342e-06,1.76688122494342e-06,1.76688122494342e-06,1.76688122494342e-06,1.76688122494342e-06,1.76688122494342e-06,1.76688122494342e-06,1.76688122494342e-06,1.76688122494342e-06,1.76688122494342e-06,1.76688122494342e-06
0.000832201056948349,0.000849869869197783,0.000849869869197783,0.000867538681447217,0.000867538681447217,0.000867538681447217,0.000867538681447217,0.000832201056948349,0.000849869869197783,0.000814532244698915,0.00079686343244948,0.000814532244698915,0.000814532244698915,0.00079686343244948,0.000779194620200046,0.000779194620200046,0.000832201056948349,0.000902876305946085,0.000902876305946085,0.000849869869197783,0.000920545118195519,0.000814532244698915,0.000832201056948349,0.000814532244698915,0.000832201056948349,0.000779194620200046,0.000867538681447217,0.000849869869197783,0.00100888917944269,0.000955882742694388,0.000867538681447217,0.00106189561619099,0.000814532244698915,0.00107956442844043,0.000832201056948349,0.00109723324068986,0.000938213930444954,0.00102655799169212,0.000955882742694388,0.000938213930444954,0.000849869869197783,0.000584837685456271,0.000390480750712495,3.71045057238117e-05,1.94356934743776e-05,1.76688122494342e-06,1.76688122494342e-06,1.76688122494342e-06,1.76688122494342e-06,1.76688122494342e-06,1.76688122494342e-06,1.76688122494342e-06,1.76688122494342e-06,1.76688122494342e-06,1.76688122494342e-06,1.76688122494342e-06,1.76688122494342e-06,1.76688122494342e-06,1.76688122494342e-06,1.76688122494342e-06,1.76688122494342e-06,1.76688122494342e-06,1.76688122494342e-06,1.76688122494342e-06,1.76688122494342e-06,1.76688122494342e-06,1.76688122494342e-06,1.76688122494342e-06,1.76688122494342e-06,1.76688122494342e-06,1.76688122494342e-06,1.76688122494342e-06,1.76688122494342e-06,1.76688122494342e-06,1.76688122494342e-06,1.76688122494342e-06,1.76688122494342e-06,1.76688122494342e-06,1.76688122494342e-06,1.76688122494342e-06,1.76688122494342e-06,1.76688122494342e-06,1.76688122494342e-06,1.76688122494342e-06,1.76688122494342e-06,1.76688122494342e-06,1.76688122494342e-06,1.76688122494342e-06,1.76688122494342e-06,1.76688122494342e-06,1.76688122494342e-06,1.76688122494342e-06,1.76688122494342e-06,1.76688122494342e-06,1.76688122494342e-06,1.76688122494342e-06,1.76688122494342e-06,1.76688122494342e-06,1.76688122494342e-06,1.76688122494342e-06
0.000743856995701178,0.000726188183451744,0.000726188183451744,0.000726188183451744,0.000726188183451744,0.00070851937120231,0.00070851937120231,0.000690850558952876,0.000673181746703441,0.000726188183451744,0.000779194620200046,0.000726188183451744,0.00070851937120231,0.000779194620200046,0.000761525807950612,0.00070851937120231,0.000743856995701178,0.000743856995701178,0.00070851937120231,0.000761525807950612,0.000849869869197783,0.000885207493696651,0.000814532244698915,0.000885207493696651,0.00100888917944269,0.0011149020529393,0.000885207493696651,0.000938213930444954,0.000832201056948349,0.000920545118195519,0.000885207493696651,0.000920545118195519,0.00102655799169212,0.000885207493696651,0.000849869869197783,0.000690850558952876,0.00106189561619099,0.00104422680394156,0.000902876305946085,0.00109723324068986,0.000902876305946085,0.00070851937120231,0.000390480750712495,9.01109424721142e-05,3.71045057238117e-05,1.94356934743776e-05,1.76688122494342e-06,1.76688122494342e-06,1.76688122494342e-06,1.76688122494342e-06,1.76688122494342e-06,1.76688122494342e-06,1.76688122494342e-06,1.76688122494342e-06,1.76688122494342e-06,1.76688122494342e-06,1.76688122494342e-06,1.76688122494342e-06,1.76688122494342e-06,1.76688122494342e-06,1.76688122494342e-06,1.76688122494342e-06,1.76688122494342e-06,1.76688122494342e-06,1.76688122494342e-06,1.76688122494342e-06,1.76688122494342e-06,1.76688122494342e-06,1.76688122494342e-06,1.76688122494342e-06,1.76688122494342e-06,1.76688122494342e-06,1.76688122494342e-06,1.76688122494342e-06,1.76688122494342e-06,1.76688122494342e-06,1.76688122494342e-06,1.76688122494342e-06,1.76688122494342e-06,1.76688122494342e-06,1.76688122494342e-06,1.76688122494342e-06,1.76688122494342e-06,1.76688122494342e-06,1.76688122494342e-06,1.76688122494342e-06,1.76688122494342e-06,1.76688122494342e-06,1.76688122494342e-06,1.76688122494342e-06,1.76688122494342e-06,1.76688122494342e-06,1.76688122494342e-06,1.76688122494342e-06,1.76688122494342e-06,1.76688122494342e-06,1.76688122494342e-06,1.76688122494342e-06,1.76688122494342e-06,1.76688122494342e-06
0.0011149020529393,0.00107956442844043,0.00107956442844043,0.00106189561619099,0.00106189561619099,0.00104422680394156,0.00104422680394156,0.00109723324068986,0.00107956442844043,0.00100888917944269,0.000991220367193256,0.00102655799169212,0.00104422680394156,0.00102655799169212,0.00100888917944269,0.00106189561619099,0.000955882742694388,0.00100888917944269,0.000973551554943822,0.000902876305946085,0.000849869869197783,0.000973551554943822,0.000849869869197783,0.000902876305946085,0.00079686343244948,0.000867538681447217,0.000920545118195519,0.000955882742694388,0.00109723324068986,0.00104422680394156,0.00113257086518873,0.000867538681447217,0.000832201056948349,0.000814532244698915,0.00104422680394156,0.00079686343244948,0.000655512934454007,0.0011679084896876,0.000991220367193256,0.00113257086518873,0.00109723324068986,0.000655512934454007,0.000425818375211363,0.000160786191469851,3.71045057238117e-05,1.76688122494342e-06,1.76688122494342e-06,1.76688122494342e-06,1.76688122494342e-06,1.76688122494342e-06,1.76688122494342e-06,1.76688122494342e-06,1.76688122494342e-06,1.76688122494342e-06,1.76688122494342e-06,1.76688122494342e-06,1.76688122494342e-06,1.76688122494342e-06,1.76688122494342e-06,1.76688122494342e-06,1.76688122494342e-06,1.76688122494342e-06,1.76688122494342e-06,1.76688122494342e-06,1.76688122494342e-06,1.76688122494342e-06,1.76688122494342e-06,1.76688122494342e-06,1.76688122494342e-06,1.76688122494342e-06,1.76688122494342e-06,1.76688122494342e-06,1.76688122494342e-06,1.76688122494342e-06,1.76688122494342e-06,1.76688122494342e-06,1.76688122494342e-06,1.76688122494342e-06,1.76688122494342e-06,1.76688122494342e-06,1.76688122494342e-06,1.76688122494342e-06,1.76688122494342e-06,1.76688122494342e-06,1.76688122494342e-06,1.76688122494342e-06,1.76688122494342e-06,1.76688122494342e-06,1.76688122494342e-06,1.76688122494342e-06,1.76688122494342e-06,1.76688122494342e-06,1.76688122494342e-06,1.76688122494342e-06,1.76688122494342e-06,1.76688122494342e-06,1.76688122494342e-06,1.76688122494342e-06,1.76688122494342e-06,1.76688122494342e-06
0.000902876305946085,0.000938213930444954,0.000938213930444954,0.000920545118195519,0.000920545118195519,0.000973551554943822,0.000973551554943822,0.000938213930444954,0.000955882742694388,0.00102655799169212,0.000973551554943822,0.000973551554943822,0.00100888917944269,0.000991220367193256,0.000991220367193256,0.000973551554943822,0.00104422680394156,0.000920545118195519,0.000920545118195519,0.000955882742694388,0.000885207493696651,0.000849869869197783,0.00102655799169212,0.000955882742694388,0.000902876305946085,0.000867538681447217,0.000885207493696651,0.000814532244698915,0.00079686343244948,0.000885207493696651,0.000920545118195519,0.000920545118195519,0.000849869869197783,0.000938213930444954,0.000902876305946085,0.000814532244698915,0.000761525807950612,0.000690850558952876,0.000938213930444954,0.000814532244698915,0.000902876305946085,0.00102655799169212,0.000478824811959666,0.000319805501714758,5.47733179732459e-05,1.76688122494342e-06,1.76688122494342e-06,1.76688122494342e-06,1.76688122494342e-06,1.76688122494342e-06,1.76688122494342e-06,1.76688122494342e-06,1.76688122494342e-06,1.76688122494342e-06,1.76688122494342e-06,1.76688122494342e-06,1.76688122494342e-06,1.76688122494342e-06,1.76688122494342e-06,1.76688122494342e-06,1.76688122494342e-06,1.76688122494342e-06,1.76688122494342e-06,1.76688122494342e-06,1.76688122494342e-06,1.76688122494342e-06,1.76688122494342e-06,1.76688122494342e-06,1.76688122494342e-06,1.76688122494342e-06,1.76688122494342e-06,1.76688122494342e-06,1.76688122494342e-06,1.76688122494342e-06,1.76688122494342e-06,1.76688122494342e-06,1.76688122494342e-06,1.76688122494342e-06,1.76688122494342e-06,1.76688122494342e-06,1.76688122494342e-06,1.76688122494342e-06,1.76688122494342e-06,1.76688122494342e-06,1.76688122494342e-06,1.76688122494342e-06,1.76688122494342e-06,1.76688122494342e-06,1.76688122494342e-06,1.76688122494342e-06,1.76688122494342e-06,1.76688122494342e-06,1.76688122494342e-06,1.76688122494342e-06,1.76688122494342e-06,1.76688122494342e-06,1.76688122494342e-06,1.76688122494342e-06,1.76688122494342e-06,1.76688122494342e-06
0.00102655799169212,0.00104422680394156,0.00104422680394156,0.00109723324068986,0.00109723324068986,0.00107956442844043,0.00107956442844043,0.00107956442844043,0.00107956442844043,0.00102655799169212,0.00107956442844043,0.00109723324068986,0.000955882742694388,0.000991220367193256,0.000973551554943822,0.000955882742694388,0.000955882742694388,0.00107956442844043,0.0011149020529393,0.00100888917944269,0.00115023967743816,0.00109723324068986,0.000991220367193256,0.00100888917944269,0.000991220367193256,0.000867538681447217,0.000920545118195519,0.000938213930444954,0.000955882742694388,0.00100888917944269,0.00106189561619099,0.00107956442844043,0.00109723324068986,0.000885207493696651,0.00079686343244948,0.000920545118195519,0.00070851937120231,0.000814532244698915,0.000867538681447217,0.000920545118195519,0.000991220367193256,0.000849869869197783,0.000832201056948349,0.000266799064966456,7.244213022268e-05,1.76688122494342e-06,1.76688122494342e-06,1.76688122494342e-06,1.76688122494342e-06,1.76688122494342e-06,1.76688122494342e-06,1.76688122494342e-06,1.76688122494342e-06,1.76688122494342e-06,1.76688122494342e-06,1.76688122494342e-06,1.76688122494342e-06,1.76688122494342e-06,1.76688122494342e-06,1.76688122494342e-06,1.76688122494342e-06,1.76688122494342e-06,1.76688122494342e-06,1.76688122494342e-06,1.76688122494342e-06,1.76688122494342e-06,1.76688122494342e-06,1.76688122494342e-06,1.76688122494342e-06,1.76688122494342e-06,1.76688122494342e-06,1.76688122494342e-06,1.76688122494342e-06,1.76688122494342e-06,1.76688122494342e-06,1.76688122494342e-06,1.76688122494342e-06,1.76688122494342e-06,1.76688122494342e-06,1.76688122494342e-06,1.76688122494342e-06,1.76688122494342e-06,1.76688122494342e-06,1.76688122494342e-06,1.76688122494342e-06,1.76688122494342e-06,1.76688122494342e-06,1.76688122494342e-06,1.76688122494342e-06,1.76688122494342e-06,1.76688122494342e-06,1.76688122494342e-06,1.76688122494342e-06,1.76688122494342e-06,1.76688122494342e-06,1.76688122494342e-06,1.76688122494342e-06,1.76688122494342e-06,1.76688122494342e-06,1.76688122494342e-06
0.00079686343244948,0.00079686343244948,0.00079686343244948,0.000779194620200046,0.000779194620200046,0.00079686343244948,0.00079686343244948,0.000832201056948349,0.00079686343244948,0.000814532244698915,0.000779194620200046,0.000743856995701178,0.000867538681447217,0.000814532244698915,0.000832201056948349,0.000867538681447217,0.000867538681447217,0.000761525807950612,0.00079686343244948,0.000867538681447217,0.000849869869197783,0.000902876305946085,0.00100888917944269,0.000867538681447217,0.000849869869197783,0.00104422680394156,0.000849869869197783,0.000743856995701178,0.000849869869197783,0.000920545118195519,0.000867538681447217,0.0011149020529393,0.00106189561619099,0.00104422680394156,0.00109723324068986,0.00102655799169212,0.00102655799169212,0.000743856995701178,0.00104422680394156,0.000955882742694388,0.00100888917944269,0.000849869869197783,0.000673181746703441,0.000302136689465324,7.244213022268e-05,1.76688122494342e-06,1.76688122494342e-06,1.76688122494342e-06,1.76688122494342e-06,1.76688122494342e-06,1.76688122494342e-06,1.76688122494342e-06,1.76688122494342e-06,1.76688122494342e-06,1.76688122494342e-06,1.76688122494342e-06,1.76688122494342e-06,1.76688122494342e-06,1.76688122494342e-06,1.76688122494342e-06,1.76688122494342e-06,1.76688122494342e-06,1.76688122494342e-06,1.76688122494342e-06,1.76688122494342e-06,1.76688122494342e-06,1.76688122494342e-06,1.76688122494342e-06,1.76688122494342e-06,1.76688122494342e-06,1.76688122494342e-06,1.76688122494342e-06,1.76688122494342e-06,1.76688122494342e-06,1.76688122494342e-06,1.76688122494342e-06,1.76688122494342e-06,1.76688122494342e-06,1.76688122494342e-06,1.76688122494342e-06,1.76688122494342e-06,1.76688122494342e-06,1.76688122494342e-06,1.76688122494342e-06,1.76688122494342e-06,1.76688122494342e-06,1.76688122494342e-06,1.76688122494342e-06,1.76688122494342e-06,1.76688122494342e-06,1.76688122494342e-06,1.76688122494342e-06,1.76688122494342e-06,1.76688122494342e-06,1.76688122494342e-06,1.76688122494342e-06,1.76688122494342e-06,1.76688122494342e-06,1.76688122494342e-06,1.76688122494342e-06
0.000920545118195519,0.000920545118195519,0.000920545118195519,0.000920545118195519,0.000920545118195519,0.000867538681447217,0.000867538681447217,0.000814532244698915,0.000832201056948349,0.000832201056948349,0.000867538681447217,0.000920545118195519,0.000849869869197783,0.000867538681447217,0.000849869869197783,0.000885207493696651,0.000920545118195519,0.000920545118195519,0.000849869869197783,0.00079686343244948,0.00070851937120231,0.000726188183451744,0.000690850558952876,0.000938213930444954,0.000991220367193256,0.000955882742694388,0.000955882742694388,0.000920545118195519,0.00079686343244948,0.000743856995701178,0.000867538681447217,0.00079686343244948,0.00102655799169212,0.00106189561619099,0.000955882742694388,0.0011149020529393,0.00113257086518873,0.000902876305946085,0.000761525807950612,0.000814532244698915,0.00109723324068986,0.000849869869197783,0.000726188183451744,0.000461155999710231,0.000196123815968719,3.71045057238117e-05,1.76688122494342e-06,1.76688122494342e-06,1.76688122494342e-06,1.76688122494342e-06,1.76688122494342e-06,1.76688122494342e-06,1.76688122494342e-06,1.76688122494342e-06,1.76688122494342e-06,1.76688122494342e-06,1.76688122494342e-06,1.76688122494342e-06,1.76688122494342e-06,1.76688122494342e-06,1.76688122494342e-06,1.76688122494342e-06,1.76688122494342e-06,1.76688122494342e-06,1.76688122494342e-06,1.76688122494342e-06,1.76688122494342e-06,1.76688122494342e-06,1.76688122494342e-06,1.76688122494342e-06,1.76688122494342e-06,1.76688122494342e-06,1.76688122494342e-06,1.76688122494342e-06,1.76688122494342e-06,1.76688122494342e-06,1.76688122494342e-06,1.76688122494342e-06,1.76688122494342e-06,1.76688122494342e-06,1.76688122494342e-06,1.76688122494342e-06,1.76688122494342e-06,1.76688122494342e-06,1.76688122494342e-06,1.76688122494342e-06,1.76688122494342e-06,1.76688122494342e-06,1.76688122494342e-06,1.76688122494342e-06,1.76688122494342e-06,1.76688122494342e-06,1.76688122494342e-06,1.76688122494342e-06,1.76688122494342e-06,1.76688122494342e-06,1.76688122494342e-06,1.76688122494342e-06,1.76688122494342e-06,1.76688122494342e-06
0.00109723324068986,0.00109723324068986,0.00109723324068986,0.0011149020529393,0.0011149020529393,0.0011149020529393,0.0011149020529393,0.0011149020529393,0.00113257086518873,0.0011149020529393,0.00104422680394156,0.00102655799169212,0.0011149020529393,0.00106189561619099,0.00107956442844043,0.00106189561619099,0.00104422680394156,0.00113257086518873,0.00107956442844043,0.00113257086518873,0.0012209149264359,0.00107956442844043,0.0011149020529393,0.000920545118195519,0.00102655799169212,0.000955882742694388,0.00109723324068986,0.00125625255093477,0.000973551554943822,0.000955882742694388,0.000867538681447217,0.00079686343244948,0.000814532244698915,0.0011679084896876,0.00104422680394156,0.000849869869197783,0.000973551554943822,0.00107956442844043,0.00109723324068986,0.000973551554943822,0.00107956442844043,0.000832201056948349,0.000814532244698915,0.000637844122204573,0.000178455003719285,5.47733179732459e-05,1.76688122494342e-06,1.76688122494342e-06,1.76688122494342e-06,1.76688122494342e-06,1.76688122494342e-06,1.76688122494342e-06,1.76688122494342e-06,1.76688122494342e-06,1.76688122494342e-06,1.76688122494342e-06,1.76688122494342e-06,1.76688122494342e-06,1.76688122494342e-06,1.76688122494342e-06,1.76688122494342e-06,1.76688122494342e-06,1.76688122494342e-06,1.76688122494342e-06,1.76688122494342e-06,1.76688122494342e-06,1.76688122494342e-06,1.76688122494342e-06,1.76688122494342e-06,1.76688122494342e-06,1.76688122494342e-06,1.76688122494342e-06,1.76688122494342e-06,1.76688122494342e-06,1.76688122494342e-06,1.76688122494342e-06,1.76688122494342e-06,1.76688122494342e-06,1.76688122494342e-06,1.76688122494342e-06,1.76688122494342e-06,1.76688122494342e-06,1.76688122494342e-06,1.76688122494342e-06,1.76688122494342e-06,1.76688122494342e-06,1.76688122494342e-06,1.76688122494342e-06,1.76688122494342e-06,1.76688122494342e-06,1.76688122494342e-06,1.76688122494342e-06,1.76688122494342e-06,1.76688122494342e-06,1.76688122494342e-06,1.76688122494342e-06,1.76688122494342e-06,1.76688122494342e-06,1.76688122494342e-06,1.76688122494342e-06
0.000867538681447217,0.000867538681447217,0.000867538681447217,0.000849869869197783,0.000849869869197783,0.000885207493696651,0.000885207493696651,0.000938213930444954,0.000920545118195519,0.000885207493696651,0.000955882742694388,0.000938213930444954,0.000902876305946085,0.000973551554943822,0.000973551554943822,0.000955882742694388,0.000955882742694388,0.000955882742694388,0.00100888917944269,0.000955882742694388,0.000885207493696651,0.000920545118195519,0.000885207493696651,0.00102655799169212,0.000814532244698915,0.000885207493696651,0.00100888917944269,0.00104422680394156,0.00123858373868533,0.00106189561619099,0.00106189561619099,0.000938213930444954,0.000938213930444954,0.000743856995701178,0.000991220367193256,0.00107956442844043,0.00102655799169212,0.000991220367193256,0.000867538681447217,0.000938213930444954,0.00070851937120231,0.0012739213631842,0.000885207493696651,0.000655512934454007,0.000178455003719285,0.000125448566970982,1.94356934743776e-05,1.76688122494342e-06,1.76688122494342e-06,1.76688122494342e-06,1.76688122494342e-06,1.76688122494342e-06,1.76688122494342e-06,1.76688122494342e-06,1.76688122494342e-06,1.76688122494342e-06,1.76688122494342e-06,1.76688122494342e-06,1.76688122494342e-06,1.76688122494342e-06,1.76688122494342e-06,1.76688122494342e-06,1.76688122494342e-06,1.76688122494342e-06,1.76688122494342e-06,1.76688122494342e-06,1.76688122494342e-06,1.76688122494342e-06,1.76688122494342e-06,1.76688122494342e-06,1.76688122494342e-06,1.76688122494342e-06,1.76688122494342e-06,1.76688122494342e-06,1.76688122494342e-06,1.76688122494342e-06,1.76688122494342e-06,1.76688122494342e-06,1.76688122494342e-06,1.76688122494342e-06,1.76688122494342e-06,1.76688122494342e-06,1.76688122494342e-06,1.76688122494342e-06,1.76688122494342e-06,1.76688122494342e-06,1.76688122494342e-06,1.76688122494342e-06,1.76688122494342e-06,1.76688122494342e-06,1.76688122494342e-06,1.76688122494342e-06,1.76688122494342e-06,1.76688122494342e-06,1.76688122494342e-06,1.76688122494342e-06,1.76688122494342e-06,1.76688122494342e-06,1.76688122494342e-06,1.76688122494342e-06
0.00109723324068986,0.00109723324068986,0.00109723324068986,0.00107956442844043,0.00107956442844043,0.00106189561619099,0.00106189561619099,0.00106189561619099,0.00106189561619099,0.0011149020529393,0.00109723324068986,0.00109723324068986,0.00107956442844043,0.00102655799169212,0.00104422680394156,0.00102655799169212,0.00102655799169212,0.000973551554943822,0.000973551554943822,0.00100888917944269,0.00100888917944269,0.00104422680394156,0.000991220367193256,0.000955882742694388,0.00104422680394156,0.000885207493696651,0.000867538681447217,0.000867538681447217,0.000920545118195519,0.000938213930444954,0.000938213930444954,0.000920545118195519,0.000849869869197783,0.000867538681447217,0.00106189561619099,0.00109723324068986,0.00104422680394156,0.0011149020529393,0.000955882742694388,0.000973551554943822,0.000779194620200046,0.00107956442844043,0.000991220367193256,0.000620175309955139,0.000355143126213627,5.47733179732459e-05,1.76688122494342e-06,1.76688122494342e-06,1.76688122494342e-06,1.76688122494342e-06,1.76688122494342e-06,1.76688122494342e-06,1.76688122494342e-06,1.76688122494342e-06,1.76688122494342e-06,1.76688122494342e-06,1.76688122494342e-06,1.76688122494342e-06,1.76688122494342e-06,1.76688122494342e-06,1.76688122494342e-06,1.76688122494342e-06,1.76688122494342e-06,1.76688122494342e-06,1.76688122494342e-06,1.76688122494342e-06,1.76688122494342e-06,1.76688122494342e-06,1.76688122494342e-06,1.76688122494342e-06,1.76688122494342e-06,1.76688122494342e-06,1.76688122494342e-06,1.76688122494342e-06,1.76688122494342e-06,1.76688122494342e-06,1.76688122494342e-06,1.76688122494342e-06,1.76688122494342e-06,1.76688122494342e-06,1.76688122494342e-06,1.76688122494342e-06,1.76688122494342e-06,1.76688122494342e-06,1.76688122494342e-06,1.76688122494342e-06,1.76688122494342e-06,1.76688122494342e-06,1.76688122494342e-06,1.76688122494342e-06,1.76688122494342e-06,1.76688122494342e-06,1.76688122494342e-06,1.76688122494342e-06,1.76688122494342e-06,1.76688122494342e-06,1.76688122494342e-06,1.76688122494342e-06,1.76688122494342e-06,1.76688122494342e-06
0.000920545118195519,0.000902876305946085,0.000902876305946085,0.000920545118195519,0.000920545118195519,0.000938213930444954,0.000938213930444954,0.000902876305946085,0.000885207493696651,0.000920545118195519,0.000920545118195519,0.000902876305946085,0.000920545118195519,0.000991220367193256,0.000938213930444954,0.000920545118195519,0.000938213930444954,0.000955882742694388,0.00100888917944269,0.00102655799169212,0.00100888917944269,0.000973551554943822,0.00109723324068986,0.00102655799169212,0.00106189561619099,0.0011679084896876,0.0011149020529393,0.000920545118195519,0.000955882742694388,0.00118557730193703,0.0011679084896876,0.00100888917944269,0.00113257086518873,0.000779194620200046,0.000832201056948349,0.000938213930444954,0.000920545118195519,0.000938213930444954,0.00104422680394156,0.00102655799169212,0.000973551554943822,0.000885207493696651,0.000902876305946085,0.000832201056948349,0.000425818375211363,7.244213022268e-05,1.76688122494342e-06,1.76688122494342e-06,1.76688122494342e-06,1.76688122494342e-06,1.76688122494342e-06,1.76688122494342e-06,1.76688122494342e-06,1.76688122494342e-06,1.76688122494342e-06,1.76688122494342e-06,1.76688122494342e-06,1.76688122494342e-06,1.76688122494342e-06,1.76688122494342e-06,1.76688122494342e-06,1.76688122494342e-06,1.76688122494342e-06,1.76688122494342e-06,1.76688122494342e-06,1.76688122494342e-06,1.76688122494342e-06,1.76688122494342e-06,1.76688122494342e-06,1.76688122494342e-06,1.76688122494342e-06,1.76688122494342e-06,1.76688122494342e-06,1.76688122494342e-06,1.76688122494342e-06,1.76688122494342e-06,1.76688122494342e-06,1.76688122494342e-06,1.76688122494342e-06,1.76688122494342e-06,1.76688122494342e-06,1.76688122494342e-06,1.76688122494342e-06,1.76688122494342e-06,1.76688122494342e-06,1.76688122494342e-06,1.76688122494342e-06,1.76688122494342e-06,1.76688122494342e-06,1.76688122494342e-06,1.76688122494342e-06,1.76688122494342e-06,1.76688122494342e-06,1.76688122494342e-06,1.76688122494342e-06,1.76688122494342e-06,1.76688122494342e-06,1.76688122494342e-06,1.76688122494342e-06,1.76688122494342e-06
0.000867538681447217,0.000867538681447217,0.000867538681447217,0.000867538681447217,0.000867538681447217,0.000867538681447217,0.000867538681447217,0.000832201056948349,0.000849869869197783,0.000849869869197783,0.000867538681447217,0.000902876305946085,0.000867538681447217,0.000814532244698915,0.000885207493696651,0.000955882742694388,0.000902876305946085,0.000920545118195519,0.000885207493696651,0.000885207493696651,0.000973551554943822,0.00107956442844043,0.00104422680394156,0.00100888917944269,0.000991220367193256,0.00107956442844043,0.00104422680394156,0.0011149020529393,0.00100888917944269,0.000938213930444954,0.000973551554943822,0.0011149020529393,0.00102655799169212,0.00109723324068986,0.000938213930444954,0.00100888917944269,0.00104422680394156,0.00100888917944269,0.0011149020529393,0.000973551554943822,0.00118557730193703,0.00102655799169212,0.000955882742694388,0.00070851937120231,0.000514162436458534,7.244213022268e-05,3.71045057238117e-05,1.76688122494342e-06,1.76688122494342e-06,1.76688122494342e-06,1.76688122494342e-06,1.76688122494342e-06,1.76688122494342e-06,1.76688122494342e-06,1.76688122494342e-06,1.76688122494342e-06,1.76688122494342e-06,1.76688122494342e-06,1.76688122494342e-06,1.76688122494342e-06,1.76688122494342e-06,1.76688122494342e-06,1.76688122494342e-06,1.76688122494342e-06,1.76688122494342e-06,1.76688122494342e-06,1.76688122494342e-06,1.76688122494342e-06,1.76688122494342e-06,1.76688122494342e-06,1.76688122494342e-06,1.76688122494342e-06,1.76688122494342e-06,1.76688122494342e-06,1.76688122494342e-06,1.76688122494342e-06,1.76688122494342e-06,1.76688122494342e-06,1.76688122494342e-06,1.76688122494342e-06,1.76688122494342e-06,1.76688122494342e-06,1.76688122494342e-06,1.76688122494342e-06,1.76688122494342e-06,1.76688122494342e-06,1.76688122494342e-06,1.76688122494342e-06,1.76688122494342e-06,1.76688122494342e-06,1.76688122494342e-06,1.76688122494342e-06,1.76688122494342e-06,1.76688122494342e-06,1.76688122494342e-06,1.76688122494342e-06,1.76688122494342e-06,1.76688122494342e-06,1.76688122494342e-06,1.76688122494342e-06
0.00109723324068986,0.00109723324068986,0.00109723324068986,0.00104422680394156,0.00104422680394156,0.000991220367193256,0.000991220367193256,0.00102655799169212,0.00106189561619099,0.00104422680394156,0.00100888917944269,0.00100888917944269,0.00107956442844043,0.00115023967743816,0.00115023967743816,0.00109723324068986,0.00104422680394156,0.00104422680394156,0.00106189561619099,0.00106189561619099,0.00104422680394156,0.000955882742694388,0.000938213930444954,0.000991220367193256,0.00106189561619099,0.000955882742694388,0.000955882742694388,0.00102655799169212,0.000991220367193256,0.000955882742694388,0.00107956442844043,0.0011149020529393,0.000938213930444954,0.00109723324068986,0.00100888917944269,0.000814532244698915,0.00104422680394156,0.00109723324068986,0.000991220367193256,0.0011679084896876,0.000885207493696651,0.000991220367193256,0.00104422680394156,0.000973551554943822,0.000549500060957402,0.000249130252717022,5.47733179732459e-05,1.76688122494342e-06,1.76688122494342e-06,1.76688122494342e-06,1.76688122494342e-06,1.76688122494342e-06,1.76688122494342e-06,1.76688122494342e-06,1.76688122494342e-06,1.76688122494342e-06,1.76688122494342e-06,1.76688122494342e-06,1.76688122494342e-06,1.76688122494342e-06,1.76688122494342e-06,1.76688122494342e-06,1.76688122494342e-06,1.76688122494342e-06,1.76688122494342e-06,1.76688122494342e-06,1.76688122494342e-06,1.76688122494342e-06,1.76688122494342e-06,1.76688122494342e-06,1.76688122494342e-06,1.76688122494342e-06,1.76688122494342e-06,1.76688122494342e-06,1.76688122494342e-06,1.76688122494342e-06,1.76688122494342e-06,1.76688122494342e-06,1.76688122494342e-06,1.76688122494342e-06,1.76688122494342e-06,1.76688122494342e-06,1.76688122494342e-06,1.76688122494342e-06,1.76688122494342e-06,1.76688122494342e-06,1.76688122494342e-06,1.76688122494342e-06,1.76688122494342e-06,1.76688122494342e-06,1.76688122494342e-06,1.76688122494342e-06,1.76688122494342e-06,1.76688122494342e-06,1.76688122494342e-06,1.76688122494342e-06,1.76688122494342e-06,1.76688122494342e-06,1.76688122494342e-06,1.76688122494342e-06
0.00102655799169212,0.00104422680394156,0.00104422680394156,0.00109723324068986,0.00109723324068986,0.00113257086518873,0.00113257086518873,0.0011679084896876,0.0011149020529393,0.0011149020529393,0.0011149020529393,0.00115023967743816,0.00115023967743816,0.000991220367193256,0.000991220367193256,0.00106189561619099,0.00115023967743816,0.00106189561619099,0.00102655799169212,0.00104422680394156,0.000938213930444954,0.00106189561619099,0.00102655799169212,0.00104422680394156,0.00106189561619099,0.00102655799169212,0.000938213930444954,0.000938213930444954,0.00106189561619099,0.00102655799169212,0.000885207493696651,0.000973551554943822,0.00123858373868533,0.000938213930444954,0.000867538681447217,0.000973551554943822,0.000832201056948349,0.000902876305946085,0.000902876305946085,0.00106189561619099,0.00107956442844043,0.000902876305946085,0.00104422680394156,0.000920545118195519,0.000655512934454007,0.000143117379220417,3.71045057238117e-05,1.76688122494342e-06,1.76688122494342e-06,1.76688122494342e-06,1.76688122494342e-06,1.76688122494342e-06,1.76688122494342e-06,1.76688122494342e-06,1.76688122494342e-06,1.76688122494342e-06,1.76688122494342e-06,1.76688122494342e-06,1.76688122494342e-06,1.76688122494342e-06,1.76688122494342e-06,1.76688122494342e-06,1.76688122494342e-06,1.76688122494342e-06,1.76688122494342e-06,1.76688122494342e-06,1.76688122494342e-06,1.76688122494342e-06,1.76688122494342e-06,1.76688122494342e-06,1.76688122494342e-06,1.76688122494342e-06,1.76688122494342e-06,1.76688122494342e-06,1.76688122494342e-06,1.76688122494342e-06,1.76688122494342e-06,1.76688122494342e-06,1.76688122494342e-06,1.76688122494342e-06,1.76688122494342e-06,1.76688122494342e-06,1.76688122494342e-06,1.76688122494342e-06,1.76688122494342e-06,1.76688122494342e-06,1.76688122494342e-06,1.76688122494342e-06,1.76688122494342e-06,1.76688122494342e-06,1.76688122494342e-06,1.76688122494342e-06,1.76688122494342e-06,1.76688122494342e-06,1.76688122494342e-06,1.76688122494342e-06,1.76688122494342e-06,1.76688122494342e-06,1.76688122494342e-06,1.76688122494342e-06
0.000920545118195519,0.000902876305946085,0.000902876305946085,0.000920545118195519,0.000920545118195519,0.000955882742694388,0.000955882742694388,0.000955882742694388,0.000955882742694388,0.000973551554943822,0.00102655799169212,0.000938213930444954,0.000920545118195519,0.000991220367193256,0.000973551554943822,0.000955882742694388,0.000955882742694388,0.00104422680394156,0.00107956442844043,0.00107956442844043,0.00113257086518873,0.00104422680394156,0.00104422680394156,0.00102655799169212,0.000973551554943822,0.000938213930444954,0.00102655799169212,0.000991220367193256,0.000973551554943822,0.00106189561619099,0.00107956442844043,0.00100888917944269,0.000761525807950612,0.00123858373868533,0.00106189561619099,0.000867538681447217,0.000814532244698915,0.000849869869197783,0.00104422680394156,0.000885207493696651,0.000991220367193256,0.000938213930444954,0.000849869869197783,0.000955882742694388,0.000832201056948349,0.000425818375211363,9.01109424721142e-05,1.76688122494342e-06,1.76688122494342e-06,1.76688122494342e-06,1.76688122494342e-06,1.76688122494342e-06,1.76688122494342e-06,1.76688122494342e-06,1.76688122494342e-06,1.76688122494342e-06,1.76688122494342e-06,1.76688122494342e-06,1.76688122494342e-06,1.76688122494342e-06,1.76688122494342e-06,1.76688122494342e-06,1.76688122494342e-06,1.76688122494342e-06,1.76688122494342e-06,1.76688122494342e-06,1.76688122494342e-06,1.76688122494342e-06,1.76688122494342e-06,1.76688122494342e-06,1.76688122494342e-06,1.76688122494342e-06,1.76688122494342e-06,1.76688122494342e-06,1.76688122494342e-06,1.76688122494342e-06,1.76688122494342e-06,1.76688122494342e-06,1.76688122494342e-06,1.76688122494342e-06,1.76688122494342e-06,1.76688122494342e-06,1.76688122494342e-06,1.76688122494342e-06,1.76688122494342e-06,1.76688122494342e-06,1.76688122494342e-06,1.76688122494342e-06,1.76688122494342e-06,1.76688122494342e-06,1.76688122494342e-06,1.76688122494342e-06,1.76688122494342e-06,1.76688122494342e-06,1.76688122494342e-06,1.76688122494342e-06,1.76688122494342e-06,1.76688122494342e-06,1.76688122494342e-06,1.76688122494342e-06
0.000973551554943822,0.000973551554943822,0.000973551554943822,0.000955882742694388,0.000955882742694388,0.000955882742694388,0.000955882742694388,0.000955882742694388,0.000991220367193256,0.000938213930444954,0.000920545118195519,0.000920545118195519,0.000920545118195519,0.000991220367193256,0.000973551554943822,0.000938213930444954,0.000867538681447217,0.000885207493696651,0.000867538681447217,0.000920545118195519,0.000920545118195519,0.000955882742694388,0.00102655799169212,0.00102655799169212,0.00106189561619099,0.00109723324068986,0.00100888917944269,0.000955882742694388,0.000955882742694388,0.000991220367193256,0.00104422680394156,0.00102655799169212,0.000867538681447217,0.00070851937120231,0.000973551554943822,0.00113257086518873,0.000885207493696651,0.00115023967743816,0.0011679084896876,0.000991220367193256,0.0011149020529393,0.00100888917944269,0.000973551554943822,0.00115023967743816,0.000849869869197783,0.000461155999710231,0.000143117379220417,1.94356934743776e-05,1.76688122494342e-06,1.76688122494342e-06,1.76688122494342e-06,1.76688122494342e-06,1.76688122494342e-06,1.76688122494342e-06,1.76688122494342e-06,1.76688122494342e-06,1.76688122494342e-06,1.76688122494342e-06,1.76688122494342e-06,1.76688122494342e-06,1.76688122494342e-06,1.76688122494342e-06,1.76688122494342e-06,1.76688122494342e-06,1.76688122494342e-06,1.76688122494342e-06,1.76688122494342e-06,1.76688122494342e-06,1.76688122494342e-06,1.76688122494342e-06,1.76688122494342e-06,1.76688122494342e-06,1.76688122494342e-06,1.76688122494342e-06,1.76688122494342e-06,1.76688122494342e-06,1.76688122494342e-06,1.76688122494342e-06,1.76688122494342e-06,1.76688122494342e-06,1.76688122494342e-06,1.76688122494342e-06,1.76688122494342e-06,1.76688122494342e-06,1.76688122494342e-06,1.76688122494342e-06,1.76688122494342e-06,1.76688122494342e-06,1.76688122494342e-06,1.76688122494342e-06,1.76688122494342e-06,1.76688122494342e-06,1.76688122494342e-06,1.76688122494342e-06,1.76688122494342e-06,1.76688122494342e-06,1.76688122494342e-06,1.76688122494342e-06,1.76688122494342e-06,1.76688122494342e-06
0.000938213930444954,0.000938213930444954,0.000938213930444954,0.000938213930444954,0.000938213930444954,0.000920545118195519,0.000920545118195519,0.000885207493696651,0.000885207493696651,0.000938213930444954,0.000938213930444954,0.000973551554943822,0.000973551554943822,0.000938213930444954,0.000955882742694388,0.000938213930444954,0.00100888917944269,0.000955882742694388,0.000973551554943822,0.000902876305946085,0.000902876305946085,0.000867538681447217,0.000761525807950612,0.000814532244698915,0.000920545118195519,0.000938213930444954,0.00107956442844043,0.00107956442844043,0.00104422680394156,0.000867538681447217,0.00104422680394156,0.000955882742694388,0.00100888917944269,0.000902876305946085,0.00100888917944269,0.000885207493696651,0.00115023967743816,0.000761525807950612,0.000885207493696651,0.000991220367193256,0.000814532244698915,0.000991220367193256,0.0012209149264359,0.000885207493696651,0.000690850558952876,0.000461155999710231,0.000107779754721548,3.71045057238117e-05,1.76688122494342e-06,1.76688122494342e-06,1.76688122494342e-06,1.76688122494342e-06,1.76688122494342e-06,1.76688122494342e-06,1.76688122494342e-06,1.76688122494342e-06,1.76688122494342e-06,1.76688122494342e-06,1.76688122494342e-06,1.76688122494342e-06,1.76688122494342e-06,1.76688122494342e-06,1.76688122494342e-06,1.76688122494342e-06,1.76688122494342e-06,1.76688122494342e-06,1.76688122494342e-06,1.76688122494342e-06,1.76688122494342e-06,1.76688122494342e-06,1.76688122494342e-06,1.76688122494342e-06,1.76688122494342e-06,1.76688122494342e-06,1.76688122494342e-06,1.76688122494342e-06,1.76688122494342e-06,1.76688122494342e-06,1.76688122494342e-06,1.76688122494342e-06,1.76688122494342e-06,1.76688122494342e-06,1.76688122494342e-06,1.76688122494342e-06,1.76688122494342e-06,1.76688122494342e-06,1.76688122494342e-06,1.76688122494342e-06,1.76688122494342e-06,1.76688122494342e-06,1.76688122494342e-06,1.76688122494342e-06,1.76688122494342e-06,1.76688122494342e-06,1.76688122494342e-06,1.76688122494342e-06,1.76688122494342e-06,1.76688122494342e-06,1.76688122494342e-06,1.76688122494342e-06
0.00106189561619099,0.00107956442844043,0.00107956442844043,0.00107956442844043,0.00107956442844043,0.00107956442844043,0.00107956442844043,0.0011149020529393,0.00113257086518873,0.00109723324068986,0.00100888917944269,0.00106189561619099,0.00106189561619099,0.000991220367193256,0.00100888917944269,0.00104422680394156,0.00102655799169212,0.00106189561619099,0.00107956442844043,0.00106189561619099,0.00104422680394156,0.00106189561619099,0.0011149020529393,0.00109723324068986,0.000955882742694388,0.000938213930444954,0.000938213930444954,0.000920545118195519,0.00107956442844043,0.0011679084896876,0.000973551554943822,0.0012209149264359,0.00123858373868533,0.0012739213631842,0.000849869869197783,0.00100888917944269,0.0011149020529393,0.000991220367193256,0.0012209149264359,0.00106189561619099,0.000973551554943822,0.000867538681447217,0.0011149020529393,0.000973551554943822,0.000867538681447217,0.000690850558952876,0.000213792628218153,7.244213022268e-05,1.76688122494342e-06,1.76688122494342e-06,1.76688122494342e-06,1.76688122494342e-06,1.76688122494342e-06,1.76688122494342e-06,1.76688122494342e-06,1.76688122494342e-06,1.76688122494342e-06,1.76688122494342e-06,1.76688122494342e-06,1.76688122494342e-06,1.76688122494342e-06,1.76688122494342e-06,1.76688122494342e-06,1.76688122494342e-06,1.76688122494342e-06,1.76688122494342e-06,1.76688122494342e-06,1.76688122494342e-06,1.76688122494342e-06,1.76688122494342e-06,1.76688122494342e-06,1.76688122494342e-06,1.76688122494342e-06,1.76688122494342e-06,1.76688122494342e-06,1.76688122494342e-06,1.76688122494342e-06,1.76688122494342e-06,1.76688122494342e-06,1.76688122494342e-06,1.76688122494342e-06,1.76688122494342e-06,1.76688122494342e-06,1.76688122494342e-06,1.76688122494342e-06,1.76688122494342e-06,1.76688122494342e-06,1.76688122494342e-06,1.76688122494342e-06,1.76688122494342e-06,1.76688122494342e-06,1.76688122494342e-06,1.76688122494342e-06,1.76688122494342e-06,1.76688122494342e-06,1.76688122494342e-06,1.76688122494342e-06,1.76688122494342e-06,1.76688122494342e-06,1.76688122494342e-06
0.00106189561619099,0.00102655799169212,0.00102655799169212,0.00102655799169212,0.00102655799169212,0.00104422680394156,0.00104422680394156,0.000973551554943822,0.000938213930444954,0.000973551554943822,0.00104422680394156,0.000991220367193256,0.000955882742694388,0.00102655799169212,0.00102655799169212,0.000973551554943822,0.00100888917944269,0.00100888917944269,0.000955882742694388,0.00102655799169212,0.0011149020529393,0.00109723324068986,0.00113257086518873,0.00109723324068986,0.00109723324068986,0.0012209149264359,0.00102655799169212,0.000973551554943822,0.000902876305946085,0.000955882742694388,0.000938213930444954,0.000955882742694388,0.00107956442844043,0.00109723324068986,0.0011679084896876,0.00113257086518873,0.00104422680394156,0.000991220367193256,0.000885207493696651,0.00102655799169212,0.00106189561619099,0.00113257086518873,0.000938213930444954,0.00120324611418647,0.00102655799169212,0.000673181746703441,0.000196123815968719,1.76688122494342e-06,1.76688122494342e-06,1.76688122494342e-06,1.76688122494342e-06,1.76688122494342e-06,1.76688122494342e-06,1.76688122494342e-06,1.76688122494342e-06,1.76688122494342e-06,1.76688122494342e-06,1.76688122494342e-06,1.76688122494342e-06,1.76688122494342e-06,1.76688122494342e-06,1.76688122494342e-06,1.76688122494342e-06,1.76688122494342e-06,1.76688122494342e-06,1.76688122494342e-06,1.76688122494342e-06,1.76688122494342e-06,1.76688122494342e-06,1.76688122494342e-06,1.76688122494342e-06,1.76688122494342e-06,1.76688122494342e-06,1.76688122494342e-06,1.76688122494342e-06,1.76688122494342e-06,1.76688122494342e-06,1.76688122494342e-06,1.76688122494342e-06,1.76688122494342e-06,1.76688122494342e-06,1.76688122494342e-06,1.76688122494342e-06,1.76688122494342e-06,1.76688122494342e-06,1.76688122494342e-06,1.76688122494342e-06,1.76688122494342e-06,1.76688122494342e-06,1.76688122494342e-06,1.76688122494342e-06,1.76688122494342e-06,1.76688122494342e-06,1.76688122494342e-06,1.76688122494342e-06,1.76688122494342e-06,1.76688122494342e-06,1.76688122494342e-06,1.76688122494342e-06,1.76688122494342e-06
0.0011149020529393,0.00113257086518873,0.00113257086518873,0.00109723324068986,0.00109723324068986,0.00107956442844043,0.00107956442844043,0.00113257086518873,0.0011149020529393,0.00107956442844043,0.00109723324068986,0.00113257086518873,0.00115023967743816,0.00107956442844043,0.00104422680394156,0.00107956442844043,0.000991220367193256,0.00100888917944269,0.000973551554943822,0.000920545118195519,0.000938213930444954,0.000920545118195519,0.000849869869197783,0.00104422680394156,0.00104422680394156,0.000955882742694388,0.00106189561619099,0.00107956442844043,0.000938213930444954,0.000991220367193256,0.000902876305946085,0.000938213930444954,0.000991220367193256,0.0011679084896876,0.0012739213631842,0.00115023967743816,0.00100888917944269,0.0011149020529393,0.000920545118195519,0.000973551554943822,0.000973551554943822,0.00113257086518873,0.00100888917944269,0.0011149020529393,0.000902876305946085,0.000584837685456271,0.000213792628218153,3.71045057238117e-05,1.76688122494342e-06,1.76688122494342e-06,1.76688122494342e-06,1.76688122494342e-06,1.76688122494342e-06,1.76688122494342e-06,1.76688122494342e-06,1.76688122494342e-06,1.76688122494342e-06,1.76688122494342e-06,1.76688122494342e-06,1.76688122494342e-06,1.76688122494342e-06,1.76688122494342e-06,1.76688122494342e-06,1.76688122494342e-06,1.76688122494342e-06,1.76688122494342e-06,1.76688122494342e-06,1.76688122494342e-06,1.76688122494342e-06,1.76688122494342e-06,1.76688122494342e-06,1.76688122494342e-06,1.76688122494342e-06,1.76688122494342e-06,1.76688122494342e-06,1.76688122494342e-06,1.76688122494342e-06,1.76688122494342e-06,1.76688122494342e-06,1.76688122494342e-06,1.76688122494342e-06,1.76688122494342e-06,1.76688122494342e-06,1.76688122494342e-06,1.76688122494342e-06,1.76688122494342e-06,1.76688122494342e-06,1.76688122494342e-06,1.76688122494342e-06,1.76688122494342e-06,1.76688122494342e-06,1.76688122494342e-06,1.76688122494342e-06,1.76688122494342e-06,1.76688122494342e-06,1.76688122494342e-06,1.76688122494342e-06,1.76688122494342e-06,1.76688122494342e-06,1.76688122494342e-06
0.00100888917944269,0.00102655799169212,0.00102655799169212,0.00104422680394156,0.00104422680394156,0.00102655799169212,0.00102655799169212,0.00104422680394156,0.00107956442844043,0.00104422680394156,0.00104422680394156,0.000955882742694388,0.000955882742694388,0.00102655799169212,0.00100888917944269,0.000991220367193256,0.00106189561619099,0.000973551554943822,0.00104422680394156,0.00107956442844043,0.00104422680394156,0.00102655799169212,0.00106189561619099,0.000991220367193256,0.000938213930444954,0.000920545118195519,0.000938213930444954,0.00109723324068986,0.0011149020529393,0.00107956442844043,0.00109723324068986,0.000867538681447217,0.000973551554943822,0.00100888917944269,0.00120324611418647,0.0012209149264359,0.00109723324068986,0.0011149020529393,0.00109723324068986,0.000955882742694388,0.00123858373868533,0.00102655799169212,0.00100888917944269,0.000991220367193256,0.00123858373868533,0.000938213930444954,0.000443487187460797,0.000143117379220417,1.76688122494342e-06,1.76688122494342e-06,1.76688122494342e-06,1.76688122494342e-06,1.76688122494342e-06,1.76688122494342e-06,1.76688122494342e-06,1.76688122494342e-06,1.76688122494342e-06,1.76688122494342e-06,1.76688122494342e-06,1.76688122494342e-06,1.76688122494342e-06,1.76688122494342e-06,1.76688122494342e-06,1.76688122494342e-06,1.76688122494342e-06,1.76688122494342e-06,1.76688122494342e-06,1.76688122494342e-06,1.76688122494342e-06,1.76688122494342e-06,1.76688122494342e-06,1.76688122494342e-06,1.76688122494342e-06,1.76688122494342e-06,1.76688122494342e-06,1.76688122494342e-06,1.76688122494342e-06,1.76688122494342e-06,1.76688122494342e-06,1.76688122494342e-06,1.76688122494342e-06,1.76688122494342e-06,1.76688122494342e-06,1.76688122494342e-06,1.76688122494342e-06,1.76688122494342e-06,1.76688122494342e-06,1.76688122494342e-06,1.76688122494342e-06,1.76688122494342e-06,1.76688122494342e-06,1.76688122494342e-06,1.76688122494342e-06,1.76688122494342e-06,1.76688122494342e-06,1.76688122494342e-06,1.76688122494342e-06,1.76688122494342e-06,1.76688122494342e-06,1.76688122494342e-06
0.000973551554943822,0.000955882742694388,0.000955882742694388,0.000991220367193256,0.000991220367193256,0.00100888917944269,0.00100888917944269,0.000955882742694388,0.000955882742694388,0.000991220367193256,0.000973551554943822,0.00100888917944269,0.000991220367193256,0.000973551554943822,0.00100888917944269,0.00100888917944269,0.000991220367193256,0.00107956442844043,0.00104422680394156,0.00104422680394156,0.00100888917944269,0.00100888917944269,0.000902876305946085,0.000814532244698915,0.000955882742694388,0.00102655799169212,0.000973551554943822,0.000832201056948349,0.000973551554943822,0.00102655799169212,0.00104422680394156,0.00102655799169212,0.000920545118195519,0.00079686343244948,0.000938213930444954,0.00118557730193703,0.00134459661218194,0.00120324611418647,0.00102655799169212,0.000920545118195519,0.000885207493696651,0.00109723324068986,0.00102655799169212,0.000991220367193256,0.000973551554943822,0.000938213930444954,0.000408149562961929,0.000107779754721548,1.76688122494342e-06,1.76688122494342e-06,1.76688122494342e-06,1.76688122494342e-06,1.76688122494342e-06,1.76688122494342e-06,1.76688122494342e-06,1.76688122494342e-06,1.76688122494342e-06,1.76688122494342e-06,1.76688122494342e-06,1.76688122494342e-06,1.76688122494342e-06,1.76688122494342e-06,1.76688122494342e-06,1.76688122494342e-06,1.76688122494342e-06,1.76688122494342e-06,1.76688122494342e-06,1.76688122494342e-06,1.76688122494342e-06,1.76688122494342e-06,1.76688122494342e-06,1.76688122494342e-06,1.76688122494342e-06,1.76688122494342e-06,1.76688122494342e-06,1.76688122494342e-06,1.76688122494342e-06,1.76688122494342e-06,1.76688122494342e-06,1.76688122494342e-06,1.76688122494342e-06,1.76688122494342e-06,1.76688122494342e-06,1.76688122494342e-06,1.76688122494342e-06,1.76688122494342e-06,1.76688122494342e-06,1.76688122494342e-06,1.76688122494342e-06,1.76688122494342e-06,1.76688122494342e-06,1.76688122494342e-06,1.76688122494342e-06,1.76688122494342e-06,1.76688122494342e-06,1.76688122494342e-06,1.76688122494342e-06,1.76688122494342e-06,1.76688122494342e-06,1.76688122494342e-06
0.00106189561619099,0.00104422680394156,0.00104422680394156,0.00104422680394156,0.00104422680394156,0.00104422680394156,0.00104422680394156,0.00107956442844043,0.00107956442844043,0.00107956442844043,0.00107956442844043,0.0011149020529393,0.0011679084896876,0.00118557730193703,0.00120324611418647,0.0012209149264359,0.00115023967743816,0.00113257086518873,0.00113257086518873,0.00109723324068986,0.0011149020529393,0.00118557730193703,0.00118557730193703,0.00118557730193703,0.00109723324068986,0.00106189561619099,0.00115023967743816,0.00123858373868533,0.00100888917944269,0.000938213930444954,0.00106189561619099,0.000955882742694388,0.000938213930444954,0.000973551554943822,0.000814532244698915,0.000885207493696651,0.00106189561619099,0.00115023967743816,0.00102655799169212,0.00115023967743816,0.000973551554943822,0.00115023967743816,0.00104422680394156,0.000902876305946085,0.0011149020529393,0.000761525807950612,0.000531831248707968,0.000231461440467587,9.01109424721142e-05,1.76688122494342e-06,1.76688122494342e-06,1.76688122494342e-06,1.76688122494342e-06,1.76688122494342e-06,1.76688122494342e-06,1.76688122494342e-06,1.76688122494342e-06,1.76688122494342e-06,1.76688122494342e-06,1.76688122494342e-06,1.76688122494342e-06,1.76688122494342e-06,1.76688122494342e-06,1.76688122494342e-06,1.76688122494342e-06,1.76688122494342e-06,1.76688122494342e-06,1.76688122494342e-06,1.76688122494342e-06,1.76688122494342e-06,1.76688122494342e-06,1.76688122494342e-06,1.76688122494342e-06,1.76688122494342e-06,1.76688122494342e-06,1.76688122494342e-06,1.76688122494342e-06,1.76688122494342e-06,1.76688122494342e-06,1.76688122494342e-06,1.76688122494342e-06,1.76688122494342e-06,1.76688122494342e-06,1.76688122494342e-06,1.76688122494342e-06,1.76688122494342e-06,1.76688122494342e-06,1.76688122494342e-06,1.76688122494342e-06,1.76688122494342e-06,1.76688122494342e-06,1.76688122494342e-06,1.76688122494342e-06,1.76688122494342e-06,1.76688122494342e-06,1.76688122494342e-06,1.76688122494342e-06,1.76688122494342e-06,1.76688122494342e-06,1.76688122494342e-06
0.00109723324068986,0.00107956442844043,0.00107956442844043,0.00104422680394156,0.00104422680394156,0.00102655799169212,0.00102655799169212,0.00102655799169212,0.00102655799169212,0.00104422680394156,0.00106189561619099,0.00109723324068986,0.00106189561619099,0.00102655799169212,0.000991220367193256,0.00102655799169212,0.00102655799169212,0.00102655799169212,0.000991220367193256,0.00104422680394156,0.00106189561619099,0.000938213930444954,0.00104422680394156,0.00106189561619099,0.0011679084896876,0.00109723324068986,0.0011149020529393,0.00109723324068986,0.00123858373868533,0.00118557730193703,0.0011149020529393,0.00120324611418647,0.00120324611418647,0.000955882742694388,0.000938213930444954,0.00079686343244948,0.00100888917944269,0.000955882742694388,0.00132692779993251,0.00100888917944269,0.00106189561619099,0.000832201056948349,0.00123858373868533,0.0012209149264359,0.00109723324068986,0.000920545118195519,0.000620175309955139,0.000143117379220417,1.94356934743776e-05,1.76688122494342e-06,1.76688122494342e-06,1.76688122494342e-06,1.76688122494342e-06,1.76688122494342e-06,1.76688122494342e-06,1.76688122494342e-06,1.76688122494342e-06,1.76688122494342e-06,1.76688122494342e-06,1.76688122494342e-06,1.76688122494342e-06,1.76688122494342e-06,1.76688122494342e-06,1.76688122494342e-06,1.76688122494342e-06,1.76688122494342e-06,1.76688122494342e-06,1.76688122494342e-06,1.76688122494342e-06,1.76688122494342e-06,1.76688122494342e-06,1.76688122494342e-06,1.76688122494342e-06,1.76688122494342e-06,1.76688122494342e-06,1.76688122494342e-06,1.76688122494342e-06,1.76688122494342e-06,1.76688122494342e-06,1.76688122494342e-06,1.76688122494342e-06,1.76688122494342e-06,1.76688122494342e-06,1.76688122494342e-06,1.76688122494342e-06,1.76688122494342e-06,1.76688122494342e-06,1.76688122494342e-06,1.76688122494342e-06,1.76688122494342e-06,1.76688122494342e-06,1.76688122494342e-06,1.76688122494342e-06,1.76688122494342e-06,1.76688122494342e-06,1.76688122494342e-06,1.76688122494342e-06,1.76688122494342e-06,1.76688122494342e-06,1.76688122494342e-06
0.00109723324068986,0.0011149020529393,0.0011149020529393,0.00113257086518873,0.00113257086518873,0.0011679084896876,0.0011679084896876,0.00115023967743816,0.0011149020529393,0.00107956442844043,0.00107956442844043,0.00102655799169212,0.00102655799169212,0.00106189561619099,0.00107956442844043,0.00106189561619099,0.0011149020529393,0.00106189561619099,0.00113257086518873,0.00113257086518873,0.00109723324068986,0.00118557730193703,0.0011679084896876,0.00107956442844043,0.000973551554943822,0.000902876305946085,0.000938213930444954,0.000867538681447217,0.00104422680394156,0.00125625255093477,0.00125625255093477,0.0011149020529393,0.0012739213631842,0.00118557730193703,0.0011149020529393,0.000849869869197783,0.00100888917944269,0.00109723324068986,0.000849869869197783,0.0011149020529393,0.00125625255093477,0.00118557730193703,0.00104422680394156,0.000973551554943822,0.000849869869197783,0.00107956442844043,0.000726188183451744,0.000143117379220417,1.94356934743776e-05,1.76688122494342e-06,1.76688122494342e-06,1.76688122494342e-06,1.76688122494342e-06,1.76688122494342e-06,1.76688122494342e-06,1.76688122494342e-06,1.76688122494342e-06,1.76688122494342e-06,1.76688122494342e-06,1.76688122494342e-06,1.76688122494342e-06,1.76688122494342e-06,1.76688122494342e-06,1.76688122494342e-06,1.76688122494342e-06,1.76688122494342e-06,1.76688122494342e-06,1.76688122494342e-06,1.76688122494342e-06,1.76688122494342e-06,1.76688122494342e-06,1.76688122494342e-06,1.76688122494342e-06,1.76688122494342e-06,1.76688122494342e-06,1.76688122494342e-06,1.76688122494342e-06,1.76688122494342e-06,1.76688122494342e-06,1.76688122494342e-06,1.76688122494342e-06,1.76688122494342e-06,1.76688122494342e-06,1.76688122494342e-06,1.76688122494342e-06,1.76688122494342e-06,1.76688122494342e-06,1.76688122494342e-06,1.76688122494342e-06,1.76688122494342e-06,1.76688122494342e-06,1.76688122494342e-06,1.76688122494342e-06,1.76688122494342e-06,1.76688122494342e-06,1.76688122494342e-06,1.76688122494342e-06,1.76688122494342e-06,1.76688122494342e-06,1.76688122494342e-06
0.00104422680394156,0.00106189561619099,0.00106189561619099,0.00106189561619099,0.00106189561619099,0.00102655799169212,0.00102655799169212,0.00104422680394156,0.00106189561619099,0.00109723324068986,0.00107956442844043,0.0011149020529393,0.00109723324068986,0.00109723324068986,0.00104422680394156,0.00102655799169212,0.000991220367193256,0.00102655799169212,0.000973551554943822,0.000973551554943822,0.000991220367193256,0.000955882742694388,0.00100888917944269,0.00104422680394156,0.00104422680394156,0.00113257086518873,0.00113257086518873,0.00113257086518873,0.000973551554943822,0.000814532244698915,0.000920545118195519,0.00104422680394156,0.00104422680394156,0.0012209149264359,0.000938213930444954,0.00109723324068986,0.000955882742694388,0.0011149020529393,0.00136226542443137,0.00118557730193703,0.00102655799169212,0.00118557730193703,0.00104422680394156,0.00139760304893024,0.0012209149264359,0.00115023967743816,0.00070851937120231,0.000372811938463061,3.71045057238117e-05,1.76688122494342e-06,1.76688122494342e-06,1.76688122494342e-06,1.76688122494342e-06,1.76688122494342e-06,1.76688122494342e-06,1.76688122494342e-06,1.76688122494342e-06,1.76688122494342e-06,1.76688122494342e-06,1.76688122494342e-06,1.76688122494342e-06,1.76688122494342e-06,1.76688122494342e-06,1.76688122494342e-06,1.76688122494342e-06,1.76688122494342e-06,1.76688122494342e-06,1.76688122494342e-06,1.76688122494342e-06,1.76688122494342e-06,1.76688122494342e-06,1.76688122494342e-06,1.76688122494342e-06,1.76688122494342e-06,1.76688122494342e-06,1.76688122494342e-06,1.76688122494342e-06,1.76688122494342e-06,1.76688122494342e-06,1.76688122494342e-06,1.76688122494342e-06,1.76688122494342e-06,1.76688122494342e-06,1.76688122494342e-06,1.76688122494342e-06,1.76688122494342e-06,1.76688122494342e-06,1.76688122494342e-06,1.76688122494342e-06,1.76688122494342e-06,1.76688122494342e-06,1.76688122494342e-06,1.76688122494342e-06,1.76688122494342e-06,1.76688122494342e-06,1.76688122494342e-06,1.76688122494342e-06,1.76688122494342e-06,1.76688122494342e-06,1.76688122494342e-06
0.000938213930444954,0.000920545118195519,0.000920545118195519,0.000938213930444954,0.000938213930444954,0.000920545118195519,0.000920545118195519,0.000885207493696651,0.000920545118195519,0.000938213930444954,0.000955882742694388,0.000920545118195519,0.000955882742694388,0.000938213930444954,0.00102655799169212,0.00104422680394156,0.00104422680394156,0.00106189561619099,0.0011149020529393,0.00109723324068986,0.00113257086518873,0.00107956442844043,0.00104422680394156,0.00109723324068986,0.000991220367193256,0.00104422680394156,0.000938213930444954,0.0011149020529393,0.00118557730193703,0.00102655799169212,0.00115023967743816,0.0011679084896876,0.00100888917944269,0.00113257086518873,0.00132692779993251,0.00113257086518873,0.00100888917944269,0.000938213930444954,0.00113257086518873,0.00123858373868533,0.000973551554943822,0.00113257086518873,0.00113257086518873,0.0011679084896876,0.00102655799169212,0.00120324611418647,0.000955882742694388,0.00028446787721589,9.01109424721142e-05,1.76688122494342e-06,1.76688122494342e-06,1.76688122494342e-06,1.76688122494342e-06,1.76688122494342e-06,1.76688122494342e-06,1.76688122494342e-06,1.76688122494342e-06,1.76688122494342e-06,1.76688122494342e-06,1.76688122494342e-06,1.76688122494342e-06,1.76688122494342e-06,1.76688122494342e-06,1.76688122494342e-06,1.76688122494342e-06,1.76688122494342e-06,1.76688122494342e-06,1.76688122494342e-06,1.76688122494342e-06,1.76688122494342e-06,1.76688122494342e-06,1.76688122494342e-06,1.76688122494342e-06,1.76688122494342e-06,1.76688122494342e-06,1.76688122494342e-06,1.76688122494342e-06,1.76688122494342e-06,1.76688122494342e-06,1.76688122494342e-06,1.76688122494342e-06,1.76688122494342e-06,1.76688122494342e-06,1.76688122494342e-06,1.76688122494342e-06,1.76688122494342e-06,1.76688122494342e-06,1.76688122494342e-06,1.76688122494342e-06,1.76688122494342e-06,1.76688122494342e-06,1.76688122494342e-06,1.76688122494342e-06,1.76688122494342e-06,1.76688122494342e-06,1.76688122494342e-06,1.76688122494342e-06,1.76688122494342e-06,1.76688122494342e-06,1.76688122494342e-06
0.000991220367193256,0.00102655799169212,0.00102655799169212,0.00102655799169212,0.00102655799169212,0.00107956442844043,0.00107956442844043,0.00109723324068986,0.00109723324068986,0.00106189561619099,0.00102655799169212,0.00102655799169212,0.00100888917944269,0.00100888917944269,0.000991220367193256,0.000991220367193256,0.00102655799169212,0.00102655799169212,0.00104422680394156,0.00100888917944269,0.00100888917944269,0.00102655799169212,0.00107956442844043,0.000991220367193256,0.00118557730193703,0.0011149020529393,0.0011679084896876,0.000938213930444954,0.000973551554943822,0.000991220367193256,0.000902876305946085,0.00125625255093477,0.00115023967743816,0.00115023967743816,0.00107956442844043,0.00106189561619099,0.000991220367193256,0.00106189561619099,0.000920545118195519,0.00120324611418647,0.000938213930444954,0.000902876305946085,0.00102655799169212,0.00107956442844043,0.0012209149264359,0.000938213930444954,0.000761525807950612,0.000514162436458534,0.000125448566970982,1.76688122494342e-06,1.76688122494342e-06,1.76688122494342e-06,1.76688122494342e-06,1.76688122494342e-06,1.76688122494342e-06,1.76688122494342e-06,1.76688122494342e-06,1.76688122494342e-06,1.76688122494342e-06,1.76688122494342e-06,1.76688122494342e-06,1.76688122494342e-06,1.76688122494342e-06,1.76688122494342e-06,1.76688122494342e-06,1.76688122494342e-06,1.76688122494342e-06,1.76688122494342e-06,1.76688122494342e-06,1.76688122494342e-06,1.76688122494342e-06,1.76688122494342e-06,1.76688122494342e-06,1.76688122494342e-06,1.76688122494342e-06,1.76688122494342e-06,1.76688122494342e-06,1.76688122494342e-06,1.76688122494342e-06,1.76688122494342e-06,1.76688122494342e-06,1.76688122494342e-06,1.76688122494342e-06,1.76688122494342e-06,1.76688122494342e-06,1.76688122494342e-06,1.76688122494342e-06,1.76688122494342e-06,1.76688122494342e-06,1.76688122494342e-06,1.76688122494342e-06,1.76688122494342e-06,1.76688122494342e-06,1.76688122494342e-06,1.76688122494342e-06,1.76688122494342e-06,1.76688122494342e-06,1.76688122494342e-06,1.76688122494342e-06,1.76688122494342e-06
0.00130925898768307,0.0012739213631842,0.0012739213631842,0.00120324611418647,0.00120324611418647,0.00120324611418647,0.00120324611418647,0.00120324611418647,0.0011679084896876,0.00120324611418647,0.00123858373868533,0.0012209149264359,0.00123858373868533,0.00125625255093477,0.00125625255093477,0.00123858373868533,0.00130925898768307,0.00125625255093477,0.0012209149264359,0.00120324611418647,0.00104422680394156,0.00107956442844043,0.000991220367193256,0.00109723324068986,0.000885207493696651,0.00100888917944269,0.000973551554943822,0.00113257086518873,0.00100888917944269,0.00120324611418647,0.0011679084896876,0.00100888917944269,0.00120324611418647,0.0011149020529393,0.00109723324068986,0.00120324611418647,0.00109723324068986,0.0011149020529393,0.000902876305946085,0.00079686343244948,0.00130925898768307,0.0011679084896876,0.00109723324068986,0.000991220367193256,0.000955882742694388,0.00115023967743816,0.00102655799169212,0.000637844122204573,9.01109424721142e-05,1.76688122494342e-06,1.76688122494342e-06,1.76688122494342e-06,1.76688122494342e-06,1.76688122494342e-06,1.76688122494342e-06,1.76688122494342e-06,1.76688122494342e-06,1.76688122494342e-06,1.76688122494342e-06,1.76688122494342e-06,1.76688122494342e-06,1.76688122494342e-06,1.76688122494342e-06,1.76688122494342e-06,1.76688122494342e-06,1.76688122494342e-06,1.76688122494342e-06,1.76688122494342e-06,1.76688122494342e-06,1.76688122494342e-06,1.76688122494342e-06,1.76688122494342e-06,1.76688122494342e-06,1.76688122494342e-06,1.76688122494342e-06,1.76688122494342e-06,1.76688122494342e-06,1.76688122494342e-06,1.76688122494342e-06,1.76688122494342e-06,1.76688122494342e-06,1.76688122494342e-06,1.76688122494342e-06,1.76688122494342e-06,1.76688122494342e-06,1.76688122494342e-06,1.76688122494342e-06,1.76688122494342e-06,1.76688122494342e-06,1.76688122494342e-06,1.76688122494342e-06,1.76688122494342e-06,1.76688122494342e-06,1.76688122494342e-06,1.76688122494342e-06,1.76688122494342e-06,1.76688122494342e-06,1.76688122494342e-06,1.76688122494342e-06,1.76688122494342e-06
0.00118557730193703,0.00120324611418647,0.00120324611418647,0.0012739213631842,0.0012739213631842,0.00125625255093477,0.00125625255093477,0.00125625255093477,0.00129159017543364,0.00123858373868533,0.00123858373868533,0.0012209149264359,0.0012209149264359,0.00125625255093477,0.0012209149264359,0.00115023967743816,0.00106189561619099,0.0011149020529393,0.00118557730193703,0.00123858373868533,0.00130925898768307,0.00129159017543364,0.00115023967743816,0.00115023967743816,0.00134459661218194,0.00129159017543364,0.00136226542443137,0.00118557730193703,0.00109723324068986,0.000955882742694388,0.00106189561619099,0.000920545118195519,0.000867538681447217,0.000920545118195519,0.00120324611418647,0.00129159017543364,0.0012209149264359,0.00104422680394156,0.0011679084896876,0.0011679084896876,0.00125625255093477,0.00118557730193703,0.00125625255093477,0.00107956442844043,0.000955882742694388,0.00118557730193703,0.00115023967743816,0.00070851937120231,0.000160786191469851,3.71045057238117e-05,1.76688122494342e-06,1.76688122494342e-06,1.76688122494342e-06,1.76688122494342e-06,1.76688122494342e-06,1.76688122494342e-06,1.76688122494342e-06,1.76688122494342e-06,1.76688122494342e-06,1.76688122494342e-06,1.76688122494342e-06,1.76688122494342e-06,1.76688122494342e-06,1.76688122494342e-06,1.76688122494342e-06,1.76688122494342e-06,1.76688122494342e-06,1.76688122494342e-06,1.76688122494342e-06,1.76688122494342e-06,1.76688122494342e-06,1.76688122494342e-06,1.76688122494342e-06,1.76688122494342e-06,1.76688122494342e-06,1.76688122494342e-06,1.76688122494342e-06,1.76688122494342e-06,1.76688122494342e-06,1.76688122494342e-06,1.76688122494342e-06,1.76688122494342e-06,1.76688122494342e-06,1.76688122494342e-06,1.76688122494342e-06,1.76688122494342e-06,1.76688122494342e-06,1.76688122494342e-06,1.76688122494342e-06,1.76688122494342e-06,1.76688122494342e-06,1.76688122494342e-06,1.76688122494342e-06,1.76688122494342e-06,1.76688122494342e-06,1.76688122494342e-06,1.76688122494342e-06,1.76688122494342e-06,1.76688122494342e-06,1.76688122494342e-06
0.000938213930444954,0.000920545118195519,0.000920545118195519,0.000920545118195519,0.000920545118195519,0.000920545118195519,0.000920545118195519,0.000955882742694388,0.000902876305946085,0.000955882742694388,0.000920545118195519,0.000955882742694388,0.000973551554943822,0.000955882742694388,0.000938213930444954,0.00102655799169212,0.00109723324068986,0.00107956442844043,0.000991220367193256,0.000991220367193256,0.00106189561619099,0.00106189561619099,0.00125625255093477,0.0011679084896876,0.00113257086518873,0.00113257086518873,0.00102655799169212,0.00109723324068986,0.00115023967743816,0.00118557730193703,0.000920545118195519,0.0011149020529393,0.0011679084896876,0.0012209149264359,0.00100888917944269,0.0012739213631842,0.00120324611418647,0.00120324611418647,0.00125625255093477,0.00106189561619099,0.00107956442844043,0.00107956442844043,0.000991220367193256,0.00125625255093477,0.00118557730193703,0.00109723324068986,0.000973551554943822,0.000743856995701178,0.000249130252717022,5.47733179732459e-05,1.76688122494342e-06,1.76688122494342e-06,1.76688122494342e-06,1.76688122494342e-06,1.76688122494342e-06,1.76688122494342e-06,1.76688122494342e-06,1.76688122494342e-06,1.76688122494342e-06,1.76688122494342e-06,1.76688122494342e-06,1.76688122494342e-06,1.76688122494342e-06,1.76688122494342e-06,1.76688122494342e-06,1.76688122494342e-06,1.76688122494342e-06,1.76688122494342e-06,1.76688122494342e-06,1.76688122494342e-06,1.76688122494342e-06,1.76688122494342e-06,1.76688122494342e-06,1.76688122494342e-06,1.76688122494342e-06,1.76688122494342e-06,1.76688122494342e-06,1.76688122494342e-06,1.76688122494342e-06,1.76688122494342e-06,1.76688122494342e-06,1.76688122494342e-06,1.76688122494342e-06,1.76688122494342e-06,1.76688122494342e-06,1.76688122494342e-06,1.76688122494342e-06,1.76688122494342e-06,1.76688122494342e-06,1.76688122494342e-06,1.76688122494342e-06,1.76688122494342e-06,1.76688122494342e-06,1.76688122494342e-06,1.76688122494342e-06,1.76688122494342e-06,1.76688122494342e-06,1.76688122494342e-06,1.76688122494342e-06,1.76688122494342e-06
0.00107956442844043,0.0011149020529393,0.0011149020529393,0.00109723324068986,0.00109723324068986,0.00106189561619099,0.00106189561619099,0.00104422680394156,0.00104422680394156,0.000991220367193256,0.00102655799169212,0.00102655799169212,0.000938213930444954,0.000920545118195519,0.000920545118195519,0.000938213930444954,0.000885207493696651,0.000902876305946085,0.000920545118195519,0.000885207493696651,0.000902876305946085,0.000920545118195519,0.000955882742694388,0.000991220367193256,0.000991220367193256,0.00107956442844043,0.0011679084896876,0.00113257086518873,0.00102655799169212,0.00102655799169212,0.000991220367193256,0.000973551554943822,0.00118557730193703,0.00109723324068986,0.00118557730193703,0.00106189561619099,0.00129159017543364,0.00118557730193703,0.0011679084896876,0.00106189561619099,0.000885207493696651,0.00100888917944269,0.00113257086518873,0.00104422680394156,0.00130925898768307,0.000920545118195519,0.00109723324068986,0.000973551554943822,0.000425818375211363,5.47733179732459e-05,1.76688122494342e-06,1.76688122494342e-06,1.76688122494342e-06,1.76688122494342e-06,1.76688122494342e-06,1.76688122494342e-06,1.76688122494342e-06,1.76688122494342e-06,1.76688122494342e-06,1.76688122494342e-06,1.76688122494342e-06,1.76688122494342e-06,1.76688122494342e-06,1.76688122494342e-06,1.76688122494342e-06,1.76688122494342e-06,1.76688122494342e-06,1.76688122494342e-06,1.76688122494342e-06,1.76688122494342e-06,1.76688122494342e-06,1.76688122494342e-06,1.76688122494342e-06,1.76688122494342e-06,1.76688122494342e-06,1.76688122494342e-06,1.76688122494342e-06,1.76688122494342e-06,1.76688122494342e-06,1.76688122494342e-06,1.76688122494342e-06,1.76688122494342e-06,1.76688122494342e-06,1.76688122494342e-06,1.76688122494342e-06,1.76688122494342e-06,1.76688122494342e-06,1.76688122494342e-06,1.76688122494342e-06,1.76688122494342e-06,1.76688122494342e-06,1.76688122494342e-06,1.76688122494342e-06,1.76688122494342e-06,1.76688122494342e-06,1.76688122494342e-06,1.76688122494342e-06,1.76688122494342e-06,1.76688122494342e-06,1.76688122494342e-06
0.00146827829792798,0.00143294067342911,0.00143294067342911,0.00141527186117968,0.00141527186117968,0.00141527186117968,0.00141527186117968,0.00139760304893024,0.00145060948567854,0.00146827829792798,0.00141527186117968,0.00137993423668081,0.00143294067342911,0.00139760304893024,0.00139760304893024,0.00139760304893024,0.00136226542443137,0.00134459661218194,0.0012209149264359,0.0012209149264359,0.00102655799169212,0.00104422680394156,0.00102655799169212,0.0011679084896876,0.00120324611418647,0.00106189561619099,0.00102655799169212,0.00106189561619099,0.00132692779993251,0.00139760304893024,0.00130925898768307,0.00100888917944269,0.000920545118195519,0.00120324611418647,0.00109723324068986,0.0012739213631842,0.00120324611418647,0.00120324611418647,0.00104422680394156,0.0012209149264359,0.00109723324068986,0.0011679084896876,0.0012209149264359,0.00141527186117968,0.0011679084896876,0.00132692779993251,0.00109723324068986,0.000832201056948349,0.000372811938463061,3.71045057238117e-05,1.76688122494342e-06,1.76688122494342e-06,1.76688122494342e-06,1.76688122494342e-06,1.76688122494342e-06,1.76688122494342e-06,1.76688122494342e-06,1.76688122494342e-06,1.76688122494342e-06,1.76688122494342e-06,1.76688122494342e-06,1.76688122494342e-06,1.76688122494342e-06,1.76688122494342e-06,1.76688122494342e-06,1.76688122494342e-06,1.76688122494342e-06,1.76688122494342e-06,1.76688122494342e-06,1.76688122494342e-06,1.76688122494342e-06,1.76688122494342e-06,1.76688122494342e-06,1.76688122494342e-06,1.76688122494342e-06,1.76688122494342e-06,1.76688122494342e-06,1.76688122494342e-06,1.76688122494342e-06,1.76688122494342e-06,1.76688122494342e-06,1.76688122494342e-06,1.76688122494342e-06,1.76688122494342e-06,1.76688122494342e-06,1.76688122494342e-06,1.76688122494342e-06,1.76688122494342e-06,1.76688122494342e-06,1.76688122494342e-06,1.76688122494342e-06,1.76688122494342e-06,1.76688122494342e-06,1.76688122494342e-06,1.76688122494342e-06,1.76688122494342e-06,1.76688122494342e-06,1.76688122494342e-06,1.76688122494342e-06,1.76688122494342e-06
0.0011149020529393,0.0011149020529393,0.0011149020529393,0.00115023967743816,0.00115023967743816,0.0011679084896876,0.0011679084896876,0.00118557730193703,0.00118557730193703,0.00118557730193703,0.0012209149264359,0.00130925898768307,0.00130925898768307,0.00136226542443137,0.00134459661218194,0.00129159017543364,0.00132692779993251,0.00130925898768307,0.00139760304893024,0.00137993423668081,0.00139760304893024,0.00136226542443137,0.00125625255093477,0.00109723324068986,0.000938213930444954,0.000991220367193256,0.00106189561619099,0.0011149020529393,0.000973551554943822,0.000902876305946085,0.00125625255093477,0.00118557730193703,0.00104422680394156,0.000973551554943822,0.00106189561619099,0.00100888917944269,0.000991220367193256,0.00107956442844043,0.00115023967743816,0.00132692779993251,0.0011679084896876,0.00118557730193703,0.0011149020529393,0.00109723324068986,0.00109723324068986,0.0012739213631842,0.0011149020529393,0.000938213930444954,0.0004964936242091,0.000107779754721548,1.76688122494342e-06,1.76688122494342e-06,1.76688122494342e-06,1.76688122494342e-06,1.76688122494342e-06,1.76688122494342e-06,1.76688122494342e-06,1.76688122494342e-06,1.76688122494342e-06,1.76688122494342e-06,1.76688122494342e-06,1.76688122494342e-06,1.76688122494342e-06,1.76688122494342e-06,1.76688122494342e-06,1.76688122494342e-06,1.76688122494342e-06,1.76688122494342e-06,1.76688122494342e-06,1.76688122494342e-06,1.76688122494342e-06,1.76688122494342e-06,1.76688122494342e-06,1.76688122494342e-06,1.76688122494342e-06,1.76688122494342e-06,1.76688122494342e-06,1.76688122494342e-06,1.76688122494342e-06,1.76688122494342e-06,1.76688122494342e-06,1.76688122494342e-06,1.76688122494342e-06,1.76688122494342e-06,1.76688122494342e-06,1.76688122494342e-06,1.76688122494342e-06,1.76688122494342e-06,1.76688122494342e-06,1.76688122494342e-06,1.76688122494342e-06,1.76688122494342e-06,1.76688122494342e-06,1.76688122494342e-06,1.76688122494342e-06,1.76688122494342e-06,1.76688122494342e-06,1.76688122494342e-06,1.76688122494342e-06,1.76688122494342e-06
0.000920545118195519,0.000938213930444954,0.000938213930444954,0.000885207493696651,0.000885207493696651,0.000920545118195519,0.000920545118195519,0.000902876305946085,0.000849869869197783,0.000867538681447217,0.000867538681447217,0.00079686343244948,0.000832201056948349,0.000832201056948349,0.000885207493696651,0.000902876305946085,0.000938213930444954,0.000991220367193256,0.00106189561619099,0.00109723324068986,0.00118557730193703,0.0012739213631842,0.00125625255093477,0.00125625255093477,0.00134459661218194,0.0012739213631842,0.00120324611418647,0.0012209149264359,0.0012209149264359,0.00104422680394156,0.00115023967743816,0.00130925898768307,0.0011149020529393,0.00118557730193703,0.00134459661218194,0.00107956442844043,0.00109723324068986,0.00102655799169212,0.0011679084896876,0.0011679084896876,0.00118557730193703,0.00109723324068986,0.00102655799169212,0.000938213930444954,0.00130925898768307,0.00102655799169212,0.0012209149264359,0.000885207493696651,0.000567168873206836,0.000160786191469851,1.76688122494342e-06,1.76688122494342e-06,1.76688122494342e-06,1.76688122494342e-06,1.76688122494342e-06,1.76688122494342e-06,1.76688122494342e-06,1.76688122494342e-06,1.76688122494342e-06,1.76688122494342e-06,1.76688122494342e-06,1.76688122494342e-06,1.76688122494342e-06,1.76688122494342e-06,1.76688122494342e-06,1.76688122494342e-06,1.76688122494342e-06,1.76688122494342e-06,1.76688122494342e-06,1.76688122494342e-06,1.76688122494342e-06,1.76688122494342e-06,1.76688122494342e-06,1.76688122494342e-06,1.76688122494342e-06,1.76688122494342e-06,1.76688122494342e-06,1.76688122494342e-06,1.76688122494342e-06,1.76688122494342e-06,1.76688122494342e-06,1.76688122494342e-06,1.76688122494342e-06,1.76688122494342e-06,1.76688122494342e-06,1.76688122494342e-06,1.76688122494342e-06,1.76688122494342e-06,1.76688122494342e-06,1.76688122494342e-06,1.76688122494342e-06,1.76688122494342e-06,1.76688122494342e-06,1.76688122494342e-06,1.76688122494342e-06,1.76688122494342e-06,1.76688122494342e-06,1.76688122494342e-06,1.76688122494342e-06,1.76688122494342e-06
0.00129159017543364,0.00129159017543364,0.00129159017543364,0.00132692779993251,0.00132692779993251,0.00123858373868533,0.00123858373868533,0.00125625255093477,0.00125625255093477,0.00120324611418647,0.00120324611418647,0.00120324611418647,0.00118557730193703,0.00115023967743816,0.0011679084896876,0.00118557730193703,0.00113257086518873,0.00115023967743816,0.00113257086518873,0.00109723324068986,0.00115023967743816,0.00102655799169212,0.00109723324068986,0.00123858373868533,0.0012739213631842,0.00136226542443137,0.00132692779993251,0.00123858373868533,0.00136226542443137,0.00130925898768307,0.0011149020529393,0.00113257086518873,0.00123858373868533,0.00109723324068986,0.0012209149264359,0.0011679084896876,0.00109723324068986,0.00132692779993251,0.00106189561619099,0.00115023967743816,0.00115023967743816,0.00113257086518873,0.00113257086518873,0.00118557730193703,0.00129159017543364,0.00109723324068986,0.00115023967743816,0.000938213930444954,0.000673181746703441,0.000160786191469851,1.76688122494342e-06,1.76688122494342e-06,1.76688122494342e-06,1.76688122494342e-06,1.76688122494342e-06,1.76688122494342e-06,1.76688122494342e-06,1.76688122494342e-06,1.76688122494342e-06,1.76688122494342e-06,1.76688122494342e-06,1.76688122494342e-06,1.76688122494342e-06,1.76688122494342e-06,1.76688122494342e-06,1.76688122494342e-06,1.76688122494342e-06,1.76688122494342e-06,1.76688122494342e-06,1.76688122494342e-06,1.76688122494342e-06,1.76688122494342e-06,1.76688122494342e-06,1.76688122494342e-06,1.76688122494342e-06,1.76688122494342e-06,1.76688122494342e-06,1.76688122494342e-06,1.76688122494342e-06,1.76688122494342e-06,1.76688122494342e-06,1.76688122494342e-06,1.76688122494342e-06,1.76688122494342e-06,1.76688122494342e-06,1.76688122494342e-06,1.76688122494342e-06,1.76688122494342e-06,1.76688122494342e-06,1.76688122494342e-06,1.76688122494342e-06,1.76688122494342e-06,1.76688122494342e-06,1.76688122494342e-06,1.76688122494342e-06,1.76688122494342e-06,1.76688122494342e-06,1.76688122494342e-06,1.76688122494342e-06,1.76688122494342e-06
0.00104422680394156,0.00104422680394156,0.00104422680394156,0.00104422680394156,0.00104422680394156,0.00107956442844043,0.00107956442844043,0.00106189561619099,0.00107956442844043,0.00113257086518873,0.00115023967743816,0.00113257086518873,0.0011149020529393,0.00118557730193703,0.00118557730193703,0.0012209149264359,0.00115023967743816,0.00113257086518873,0.0011679084896876,0.00118557730193703,0.0011679084896876,0.0012209149264359,0.00115023967743816,0.00106189561619099,0.00102655799169212,0.000991220367193256,0.00113257086518873,0.0011679084896876,0.000938213930444954,0.00123858373868533,0.00118557730193703,0.00118557730193703,0.00113257086518873,0.00115023967743816,0.0011149020529393,0.00120324611418647,0.0012209149264359,0.0011679084896876,0.0011679084896876,0.0012739213631842,0.00130925898768307,0.00118557730193703,0.00118557730193703,0.00109723324068986,0.00137993423668081,0.00113257086518873,0.00107956442844043,0.000973551554943822,0.00070851937120231,0.000231461440467587,1.76688122494342e-06,1.76688122494342e-06,1.76688122494342e-06,1.76688122494342e-06,1.76688122494342e-06,1.76688122494342e-06,1.76688122494342e-06,1.76688122494342e-06,1.76688122494342e-06,1.76688122494342e-06,1.76688122494342e-06,1.76688122494342e-06,1.76688122494342e-06,1.76688122494342e-06,1.76688122494342e-06,1.76688122494342e-06,1.76688122494342e-06,1.76688122494342e-06,1.76688122494342e-06,1.76688122494342e-06,1.76688122494342e-06,1.76688122494342e-06,1.76688122494342e-06,1.76688122494342e-06,1.76688122494342e-06,1.76688122494342e-06,1.76688122494342e-06,1.76688122494342e-06,1.76688122494342e-06,1.76688122494342e-06,1.76688122494342e-06,1.76688122494342e-06,1.76688122494342e-06,1.76688122494342e-06,1.76688122494342e-06,1.76688122494342e-06,1.76688122494342e-06,1.76688122494342e-06,1.76688122494342e-06,1.76688122494342e-06,1.76688122494342e-06,1.76688122494342e-06,1.76688122494342e-06,1.76688122494342e-06,1.76688122494342e-06,1.76688122494342e-06,1.76688122494342e-06,1.76688122494342e-06,1.76688122494342e-06,1.76688122494342e-06
0.00150361592242685,0.00146827829792798,0.00146827829792798,0.00143294067342911,0.00143294067342911,0.00145060948567854,0.00145060948567854,0.00145060948567854,0.00148594711017741,0.00146827829792798,0.00145060948567854,0.00145060948567854,0.00145060948567854,0.00132692779993251,0.00130925898768307,0.0011149020529393,0.00120324611418647,0.00107956442844043,0.00107956442844043,0.0011679084896876,0.00120324611418647,0.0012209149264359,0.00129159017543364,0.0012209149264359,0.0011149020529393,0.00113257086518873,0.0011149020529393,0.0012209149264359,0.00134459661218194,0.0012739213631842,0.0011679084896876,0.00129159017543364,0.0012209149264359,0.0011679084896876,0.000973551554943822,0.00109723324068986,0.00109723324068986,0.00113257086518873,0.00137993423668081,0.00104422680394156,0.000955882742694388,0.00123858373868533,0.00107956442844043,0.0012739213631842,0.00123858373868533,0.00104422680394156,0.0012209149264359,0.00125625255093477,0.000885207493696651,0.000160786191469851,3.71045057238117e-05,1.76688122494342e-06,1.76688122494342e-06,1.76688122494342e-06,1.76688122494342e-06,1.76688122494342e-06,1.76688122494342e-06,1.76688122494342e-06,1.76688122494342e-06,1.76688122494342e-06,1.76688122494342e-06,1.76688122494342e-06,1.76688122494342e-06,1.76688122494342e-06,1.76688122494342e-06,1.76688122494342e-06,1.76688122494342e-06,1.76688122494342e-06,1.76688122494342e-06,1.76688122494342e-06,1.76688122494342e-06,1.76688122494342e-06,1.76688122494342e-06,1.76688122494342e-06,1.76688122494342e-06,1.76688122494342e-06,1.76688122494342e-06,1.76688122494342e-06,1.76688122494342e-06,1.76688122494342e-06,1.76688122494342e-06,1.76688122494342e-06,1.76688122494342e-06,1.76688122494342e-06,1.76688122494342e-06,1.76688122494342e-06,1.76688122494342e-06,1.76688122494342e-06,1.76688122494342e-06,1.76688122494342e-06,1.76688122494342e-06,1.76688122494342e-06,1.76688122494342e-06,1.76688122494342e-06,1.76688122494342e-06,1.76688122494342e-06,1.76688122494342e-06,1.76688122494342e-06,1.76688122494342e-06,1.76688122494342e-06
0.00139760304893024,0.00143294067342911,0.00143294067342911,0.00148594711017741,0.00148594711017741,0.00148594711017741,0.00148594711017741,0.00148594711017741,0.00146827829792798,0.00146827829792798,0.00143294067342911,0.00146827829792798,0.00146827829792798,0.00153895354692571,0.00148594711017741,0.00153895354692571,0.00155662235917515,0.00166263523267175,0.00153895354692571,0.00141527186117968,0.00134459661218194,0.00123858373868533,0.00123858373868533,0.0011679084896876,0.00136226542443137,0.0011679084896876,0.00102655799169212,0.0011149020529393,0.00104422680394156,0.000955882742694388,0.0011679084896876,0.0012209149264359,0.00118557730193703,0.00115023967743816,0.00107956442844043,0.000955882742694388,0.0011679084896876,0.00113257086518873,0.00141527186117968,0.00141527186117968,0.00136226542443137,0.00107956442844043,0.00123858373868533,0.00104422680394156,0.00125625255093477,0.00132692779993251,0.000973551554943822,0.0011149020529393,0.000902876305946085,0.000584837685456271,0.000107779754721548,1.76688122494342e-06,1.76688122494342e-06,1.76688122494342e-06,1.76688122494342e-06,1.76688122494342e-06,1.76688122494342e-06,1.76688122494342e-06,1.76688122494342e-06,1.76688122494342e-06,1.76688122494342e-06,1.76688122494342e-06,1.76688122494342e-06,1.76688122494342e-06,1.76688122494342e-06,1.76688122494342e-06,1.76688122494342e-06,1.76688122494342e-06,1.76688122494342e-06,1.76688122494342e-06,1.76688122494342e-06,1.76688122494342e-06,1.76688122494342e-06,1.76688122494342e-06,1.76688122494342e-06,1.76688122494342e-06,1.76688122494342e-06,1.76688122494342e-06,1.76688122494342e-06,1.76688122494342e-06,1.76688122494342e-06,1.76688122494342e-06,1.76688122494342e-06,1.76688122494342e-06,1.76688122494342e-06,1.76688122494342e-06,1.76688122494342e-06,1.76688122494342e-06,1.76688122494342e-06,1.76688122494342e-06,1.76688122494342e-06,1.76688122494342e-06,1.76688122494342e-06,1.76688122494342e-06,1.76688122494342e-06,1.76688122494342e-06,1.76688122494342e-06,1.76688122494342e-06,1.76688122494342e-06,1.76688122494342e-06
0.00107956442844043,0.00109723324068986,0.00109723324068986,0.00104422680394156,0.00104422680394156,0.00106189561619099,0.00106189561619099,0.00109723324068986,0.00109723324068986,0.00109723324068986,0.00113257086518873,0.00107956442844043,0.00109723324068986,0.00107956442844043,0.0011149020529393,0.0012209149264359,0.0011679084896876,0.0011679084896876,0.0012739213631842,0.00129159017543364,0.00136226542443137,0.00134459661218194,0.00134459661218194,0.00134459661218194,0.0011149020529393,0.0012209149264359,0.00130925898768307,0.00107956442844043,0.0012209149264359,0.00137993423668081,0.00113257086518873,0.000973551554943822,0.0012739213631842,0.0012209149264359,0.00136226542443137,0.00150361592242685,0.0012739213631842,0.0011679084896876,0.00100888917944269,0.00106189561619099,0.00109723324068986,0.000991220367193256,0.00125625255093477,0.000938213930444954,0.00115023967743816,0.00148594711017741,0.00134459661218194,0.00107956442844043,0.00100888917944269,0.000390480750712495,0.000107779754721548,1.76688122494342e-06,1.76688122494342e-06,1.76688122494342e-06,1.76688122494342e-06,1.76688122494342e-06,1.76688122494342e-06,1.76688122494342e-06,1.76688122494342e-06,1.76688122494342e-06,1.76688122494342e-06,1.76688122494342e-06,1.76688122494342e-06,1.76688122494342e-06,1.76688122494342e-06,1.76688122494342e-06,1.76688122494342e-06,1.76688122494342e-06,1.76688122494342e-06,1.76688122494342e-06,1.76688122494342e-06,1.76688122494342e-06,1.76688122494342e-06,1.76688122494342e-06,1.76688122494342e-06,1.76688122494342e-06,1.76688122494342e-06,1.76688122494342e-06,1.76688122494342e-06,1.76688122494342e-06,1.76688122494342e-06,1.76688122494342e-06,1.76688122494342e-06,1.76688122494342e-06,1.76688122494342e-06,1.76688122494342e-06,1.76688122494342e-06,1.76688122494342e-06,1.76688122494342e-06,1.76688122494342e-06,1.76688122494342e-06,1.76688122494342e-06,1.76688122494342e-06,1.76688122494342e-06,1.76688122494342e-06,1.76688122494342e-06,1.76688122494342e-06,1.76688122494342e-06,1.76688122494342e-06,1.76688122494342e-06
0.00141527186117968,0.00136226542443137,0.00136226542443137,0.00139760304893024,0.00139760304893024,0.00139760304893024,0.00139760304893024,0.00137993423668081,0.00134459661218194,0.00134459661218194,0.00136226542443137,0.00137993423668081,0.00137993423668081,0.00141527186117968,0.00148594711017741,0.00145060948567854,0.00146827829792798,0.00139760304893024,0.00139760304893024,0.00146827829792798,0.00139760304893024,0.00152128473467628,0.00146827829792798,0.00143294067342911,0.00150361592242685,0.00145060948567854,0.00139760304893024,0.00137993423668081,0.00113257086518873,0.00100888917944269,0.00118557730193703,0.00120324611418647,0.0011679084896876,0.00137993423668081,0.00118557730193703,0.0011149020529393,0.00120324611418647,0.0011679084896876,0.00113257086518873,0.00148594711017741,0.00120324611418647,0.0012739213631842,0.00100888917944269,0.00123858373868533,0.000920545118195519,0.00118557730193703,0.00130925898768307,0.00134459661218194,0.00104422680394156,0.000549500060957402,0.000107779754721548,1.76688122494342e-06,1.76688122494342e-06,1.76688122494342e-06,1.76688122494342e-06,1.76688122494342e-06,1.76688122494342e-06,1.76688122494342e-06,1.76688122494342e-06,1.76688122494342e-06,1.76688122494342e-06,1.76688122494342e-06,1.76688122494342e-06,1.76688122494342e-06,1.76688122494342e-06,1.76688122494342e-06,1.76688122494342e-06,1.76688122494342e-06,1.76688122494342e-06,1.76688122494342e-06,1.76688122494342e-06,1.76688122494342e-06,1.76688122494342e-06,1.76688122494342e-06,1.76688122494342e-06,1.76688122494342e-06,1.76688122494342e-06,1.76688122494342e-06,1.76688122494342e-06,1.76688122494342e-06,1.76688122494342e-06,1.76688122494342e-06,1.76688122494342e-06,1.76688122494342e-06,1.76688122494342e-06,1.76688122494342e-06,1.76688122494342e-06,1.76688122494342e-06,1.76688122494342e-06,1.76688122494342e-06,1.76688122494342e-06,1.76688122494342e-06,1.76688122494342e-06,1.76688122494342e-06,1.76688122494342e-06,1.76688122494342e-06,1.76688122494342e-06,1.76688122494342e-06,1.76688122494342e-06,1.76688122494342e-06
0.00130925898768307,0.00132692779993251,0.00132692779993251,0.00129159017543364,0.00129159017543364,0.0012739213631842,0.0012739213631842,0.00125625255093477,0.00123858373868533,0.0012209149264359,0.00123858373868533,0.0012739213631842,0.00125625255093477,0.0012209149264359,0.00115023967743816,0.0012209149264359,0.00123858373868533,0.00123858373868533,0.00120324611418647,0.00118557730193703,0.00125625255093477,0.00120324611418647,0.00123858373868533,0.00139760304893024,0.00141527186117968,0.00148594711017741,0.00146827829792798,0.00132692779993251,0.00148594711017741,0.00150361592242685,0.00141527186117968,0.00125625255093477,0.0012739213631842,0.00113257086518873,0.00118557730193703,0.00106189561619099,0.00120324611418647,0.00134459661218194,0.00120324611418647,0.000955882742694388,0.00139760304893024,0.0011679084896876,0.00125625255093477,0.00115023967743816,0.000973551554943822,0.00104422680394156,0.00137993423668081,0.0011679084896876,0.000814532244698915,0.000567168873206836,0.000196123815968719,1.76688122494342e-06,1.76688122494342e-06,1.76688122494342e-06,1.76688122494342e-06,1.76688122494342e-06,1.76688122494342e-06,1.76688122494342e-06,1.76688122494342e-06,1.76688122494342e-06,1.76688122494342e-06,1.76688122494342e-06,1.76688122494342e-06,1.76688122494342e-06,1.76688122494342e-06,1.76688122494342e-06,1.76688122494342e-06,1.76688122494342e-06,1.76688122494342e-06,1.76688122494342e-06,1.76688122494342e-06,1.76688122494342e-06,1.76688122494342e-06,1.76688122494342e-06,1.76688122494342e-06,1.76688122494342e-06,1.76688122494342e-06,1.76688122494342e-06,1.76688122494342e-06,1.76688122494342e-06,1.76688122494342e-06,1.76688122494342e-06,1.76688122494342e-06,1.76688122494342e-06,1.76688122494342e-06,1.76688122494342e-06,1.76688122494342e-06,1.76688122494342e-06,1.76688122494342e-06,1.76688122494342e-06,1.76688122494342e-06,1.76688122494342e-06,1.76688122494342e-06,1.76688122494342e-06,1.76688122494342e-06,1.76688122494342e-06,1.76688122494342e-06,1.76688122494342e-06,1.76688122494342e-06,1.76688122494342e-06
0.000902876305946085,0.000920545118195519,0.000920545118195519,0.000955882742694388,0.000955882742694388,0.000973551554943822,0.000973551554943822,0.000973551554943822,0.00104422680394156,0.00106189561619099,0.00102655799169212,0.00100888917944269,0.00104422680394156,0.00106189561619099,0.00109723324068986,0.00106189561619099,0.00113257086518873,0.00120324611418647,0.00120324611418647,0.00109723324068986,0.00107956442844043,0.00113257086518873,0.00125625255093477,0.0012209149264359,0.00130925898768307,0.00129159017543364,0.00137993423668081,0.00173331048166949,0.00155662235917515,0.00141527186117968,0.00134459661218194,0.00150361592242685,0.00113257086518873,0.00115023967743816,0.00123858373868533,0.0012739213631842,0.00120324611418647,0.0011149020529393,0.00118557730193703,0.00115023967743816,0.00118557730193703,0.0012739213631842,0.00132692779993251,0.00129159017543364,0.00107956442844043,0.00145060948567854,0.0011679084896876,0.00125625255093477,0.0011679084896876,0.00070851937120231,0.000143117379220417,1.94356934743776e-05,1.76688122494342e-06,1.76688122494342e-06,1.76688122494342e-06,1.76688122494342e-06,1.76688122494342e-06,1.76688122494342e-06,1.76688122494342e-06,1.76688122494342e-06,1.76688122494342e-06,1.76688122494342e-06,1.76688122494342e-06,1.76688122494342e-06,1.76688122494342e-06,1.76688122494342e-06,1.76688122494342e-06,1.76688122494342e-06,1.76688122494342e-06,1.76688122494342e-06,1.76688122494342e-06,1.76688122494342e-06,1.76688122494342e-06,1.76688122494342e-06,1.76688122494342e-06,1.76688122494342e-06,1.76688122494342e-06,1.76688122494342e-06,1.76688122494342e-06,1.76688122494342e-06,1.76688122494342e-06,1.76688122494342e-06,1.76688122494342e-06,1.76688122494342e-06,1.76688122494342e-06,1.76688122494342e-06,1.76688122494342e-06,1.76688122494342e-06,1.76688122494342e-06,1.76688122494342e-06,1.76688122494342e-06,1.76688122494342e-06,1.76688122494342e-06,1.76688122494342e-06,1.76688122494342e-06,1.76688122494342e-06,1.76688122494342e-06,1.76688122494342e-06,1.76688122494342e-06,1.76688122494342e-06
0.00107956442844043,0.00109723324068986,0.00109723324068986,0.0011149020529393,0.0011149020529393,0.00113257086518873,0.00113257086518873,0.00113257086518873,0.00113257086518873,0.0011679084896876,0.00118557730193703,0.0012209149264359,0.0011679084896876,0.00115023967743816,0.00115023967743816,0.00118557730193703,0.0011149020529393,0.00113257086518873,0.00113257086518873,0.00123858373868533,0.00129159017543364,0.00132692779993251,0.00123858373868533,0.0011149020529393,0.00100888917944269,0.00120324611418647,0.00120324611418647,0.00115023967743816,0.00139760304893024,0.00137993423668081,0.00139760304893024,0.00136226542443137,0.00148594711017741,0.00136226542443137,0.00129159017543364,0.00113257086518873,0.00109723324068986,0.00118557730193703,0.00125625255093477,0.00145060948567854,0.00136226542443137,0.00123858373868533,0.00132692779993251,0.0012739213631842,0.00115023967743816,0.00123858373868533,0.00129159017543364,0.0012209149264359,0.00132692779993251,0.000779194620200046,0.000302136689465324,1.76688122494342e-06,1.76688122494342e-06,1.76688122494342e-06,1.76688122494342e-06,1.76688122494342e-06,1.76688122494342e-06,1.76688122494342e-06,1.76688122494342e-06,1.76688122494342e-06,1.76688122494342e-06,1.76688122494342e-06,1.76688122494342e-06,1.76688122494342e-06,1.76688122494342e-06,1.76688122494342e-06,1.76688122494342e-06,1.76688122494342e-06,1.76688122494342e-06,1.76688122494342e-06,1.76688122494342e-06,1.76688122494342e-06,1.76688122494342e-06,1.76688122494342e-06,1.76688122494342e-06,1.76688122494342e-06,1.76688122494342e-06,1.76688122494342e-06,1.76688122494342e-06,1.76688122494342e-06,1.76688122494342e-06,1.76688122494342e-06,1.76688122494342e-06,1.76688122494342e-06,1.76688122494342e-06,1.76688122494342e-06,1.76688122494342e-06,1.76688122494342e-06,1.76688122494342e-06,1.76688122494342e-06,1.76688122494342e-06,1.76688122494342e-06,1.76688122494342e-06,1.76688122494342e-06,1.76688122494342e-06,1.76688122494342e-06,1.76688122494342e-06,1.76688122494342e-06,1.76688122494342e-06,1.76688122494342e-06
0.0012739213631842,0.0012209149264359,0.0012209149264359,0.00120324611418647,0.00120324611418647,0.00118557730193703,0.00118557730193703,0.00118557730193703,0.00118557730193703,0.00118557730193703,0.00118557730193703,0.00115023967743816,0.0011679084896876,0.0011149020529393,0.0011149020529393,0.00107956442844043,0.00109723324068986,0.00102655799169212,0.00107956442844043,0.0011149020529393,0.00107956442844043,0.00109723324068986,0.00109723324068986,0.0011679084896876,0.00123858373868533,0.00115023967743816,0.00113257086518873,0.00109723324068986,0.0011149020529393,0.00139760304893024,0.0012739213631842,0.00130925898768307,0.00146827829792798,0.00146827829792798,0.00130925898768307,0.00130925898768307,0.00136226542443137,0.00118557730193703,0.00120324611418647,0.00102655799169212,0.00136226542443137,0.00132692779993251,0.00130925898768307,0.00141527186117968,0.00123858373868533,0.0012739213631842,0.00150361592242685,0.0012209149264359,0.00132692779993251,0.00079686343244948,0.000249130252717022,3.71045057238117e-05,1.76688122494342e-06,1.76688122494342e-06,1.76688122494342e-06,1.76688122494342e-06,1.76688122494342e-06,1.76688122494342e-06,1.76688122494342e-06,1.76688122494342e-06,1.76688122494342e-06,1.76688122494342e-06,1.76688122494342e-06,1.76688122494342e-06,1.76688122494342e-06,1.76688122494342e-06,1.76688122494342e-06,1.76688122494342e-06,1.76688122494342e-06,1.76688122494342e-06,1.76688122494342e-06,1.76688122494342e-06,1.76688122494342e-06,1.76688122494342e-06,1.76688122494342e-06,1.76688122494342e-06,1.76688122494342e-06,1.76688122494342e-06,1.76688122494342e-06,1.76688122494342e-06,1.76688122494342e-06,1.76688122494342e-06,1.76688122494342e-06,1.76688122494342e-06,1.76688122494342e-06,1.76688122494342e-06,1.76688122494342e-06,1.76688122494342e-06,1.76688122494342e-06,1.76688122494342e-06,1.76688122494342e-06,1.76688122494342e-06,1.76688122494342e-06,1.76688122494342e-06,1.76688122494342e-06,1.76688122494342e-06,1.76688122494342e-06,1.76688122494342e-06,1.76688122494342e-06,1.76688122494342e-06
0.00107956442844043,0.00113257086518873,0.00113257086518873,0.00113257086518873,0.00113257086518873,0.00113257086518873,0.00113257086518873,0.00115023967743816,0.00109723324068986,0.00109723324068986,0.00106189561619099,0.00104422680394156,0.00107956442844043,0.00115023967743816,0.00115023967743816,0.0011149020529393,0.0011149020529393,0.00118557730193703,0.0011679084896876,0.00115023967743816,0.00118557730193703,0.00118557730193703,0.00113257086518873,0.00109723324068986,0.00120324611418647,0.00118557730193703,0.00109723324068986,0.0011679084896876,0.0011149020529393,0.00104422680394156,0.00139760304893024,0.00130925898768307,0.00125625255093477,0.00139760304893024,0.00159195998367402,0.00162729760817289,0.00107956442844043,0.00139760304893024,0.000973551554943822,0.00143294067342911,0.00107956442844043,0.00150361592242685,0.00109723324068986,0.00123858373868533,0.00137993423668081,0.00107956442844043,0.0012739213631842,0.00132692779993251,0.00118557730193703,0.00100888917944269,0.000408149562961929,7.244213022268e-05,1.76688122494342e-06,1.76688122494342e-06,1.76688122494342e-06,1.76688122494342e-06,1.76688122494342e-06,1.76688122494342e-06,1.76688122494342e-06,1.76688122494342e-06,1.76688122494342e-06,1.76688122494342e-06,1.76688122494342e-06,1.76688122494342e-06,1.76688122494342e-06,1.76688122494342e-06,1.76688122494342e-06,1.76688122494342e-06,1.76688122494342e-06,1.76688122494342e-06,1.76688122494342e-06,1.76688122494342e-06,1.76688122494342e-06,1.76688122494342e-06,1.76688122494342e-06,1.76688122494342e-06,1.76688122494342e-06,1.76688122494342e-06,1.76688122494342e-06,1.76688122494342e-06,1.76688122494342e-06,1.76688122494342e-06,1.76688122494342e-06,1.76688122494342e-06,1.76688122494342e-06,1.76688122494342e-06,1.76688122494342e-06,1.76688122494342e-06,1.76688122494342e-06,1.76688122494342e-06,1.76688122494342e-06,1.76688122494342e-06,1.76688122494342e-06,1.76688122494342e-06,1.76688122494342e-06,1.76688122494342e-06,1.76688122494342e-06,1.76688122494342e-06,1.76688122494342e-06,1.76688122494342e-06
0.00150361592242685,0.00150361592242685,0.00150361592242685,0.00150361592242685,0.00150361592242685,0.00150361592242685,0.00150361592242685,0.00152128473467628,0.00157429117142458,0.00152128473467628,0.00153895354692571,0.00153895354692571,0.00148594711017741,0.00152128473467628,0.00152128473467628,0.00146827829792798,0.00150361592242685,0.00146827829792798,0.00136226542443137,0.00129159017543364,0.0012209149264359,0.00113257086518873,0.0011679084896876,0.00125625255093477,0.0012739213631842,0.00123858373868533,0.00120324611418647,0.00107956442844043,0.0011679084896876,0.0011679084896876,0.00106189561619099,0.00129159017543364,0.00125625255093477,0.00123858373868533,0.0011149020529393,0.00132692779993251,0.00132692779993251,0.00109723324068986,0.00132692779993251,0.00109723324068986,0.00136226542443137,0.0011149020529393,0.00129159017543364,0.00136226542443137,0.00134459661218194,0.0012209149264359,0.00137993423668081,0.00141527186117968,0.00146827829792798,0.000991220367193256,0.000549500060957402,7.244213022268e-05,1.76688122494342e-06,1.76688122494342e-06,1.76688122494342e-06,1.76688122494342e-06,1.76688122494342e-06,1.76688122494342e-06,1.76688122494342e-06,1.76688122494342e-06,1.76688122494342e-06,1.76688122494342e-06,1.76688122494342e-06,1.76688122494342e-06,1.76688122494342e-06,1.76688122494342e-06,1.76688122494342e-06,1.76688122494342e-06,1.76688122494342e-06,1.76688122494342e-06,1.76688122494342e-06,1.76688122494342e-06,1.76688122494342e-06,1.76688122494342e-06,1.76688122494342e-06,1.76688122494342e-06,1.76688122494342e-06,1.76688122494342e-06,1.76688122494342e-06,1.76688122494342e-06,1.76688122494342e-06,1.76688122494342e-06,1.76688122494342e-06,1.76688122494342e-06,1.76688122494342e-06,1.76688122494342e-06,1.76688122494342e-06,1.76688122494342e-06,1.76688122494342e-06,1.76688122494342e-06,1.76688122494342e-06,1.76688122494342e-06,1.76688122494342e-06,1.76688122494342e-06,1.76688122494342e-06,1.76688122494342e-06,1.76688122494342e-06,1.76688122494342e-06,1.76688122494342e-06,1.76688122494342e-06
0.00118557730193703,0.00118557730193703,0.00118557730193703,0.0011679084896876,0.0011679084896876,0.00118557730193703,0.00118557730193703,0.00118557730193703,0.0011679084896876,0.0011679084896876,0.00120324611418647,0.0011679084896876,0.0012209149264359,0.00118557730193703,0.0011679084896876,0.0012209149264359,0.00115023967743816,0.00118557730193703,0.00123858373868533,0.00129159017543364,0.00132692779993251,0.0012739213631842,0.0012209149264359,0.00129159017543364,0.0012209149264359,0.00113257086518873,0.0012209149264359,0.0012739213631842,0.00115023967743816,0.00120324611418647,0.00125625255093477,0.00120324611418647,0.00136226542443137,0.00130925898768307,0.00143294067342911,0.0012209149264359,0.00146827829792798,0.00143294067342911,0.00146827829792798,0.00118557730193703,0.00109723324068986,0.00120324611418647,0.000955882742694388,0.00141527186117968,0.00139760304893024,0.00125625255093477,0.00120324611418647,0.0011679084896876,0.00102655799169212,0.000973551554943822,0.000425818375211363,9.01109424721142e-05,1.76688122494342e-06,1.76688122494342e-06,1.76688122494342e-06,1.76688122494342e-06,1.76688122494342e-06,1.76688122494342e-06,1.76688122494342e-06,1.76688122494342e-06,1.76688122494342e-06,1.76688122494342e-06,1.76688122494342e-06,1.76688122494342e-06,1.76688122494342e-06,1.76688122494342e-06,1.76688122494342e-06,1.76688122494342e-06,1.76688122494342e-06,1.76688122494342e-06,1.76688122494342e-06,1.76688122494342e-06,1.76688122494342e-06,1.76688122494342e-06,1.76688122494342e-06,1.76688122494342e-06,1.76688122494342e-06,1.76688122494342e-06,1.76688122494342e-06,1.76688122494342e-06,1.76688122494342e-06,1.76688122494342e-06,1.76688122494342e-06,1.76688122494342e-06,1.76688122494342e-06,1.76688122494342e-06,1.76688122494342e-06,1.76688122494342e-06,1.76688122494342e-06,1.76688122494342e-06,1.76688122494342e-06,1.76688122494342e-06,1.76688122494342e-06,1.76688122494342e-06,1.76688122494342e-06,1.76688122494342e-06,1.76688122494342e-06,1.76688122494342e-06,1.76688122494342e-06,1.76688122494342e-06
0.00153895354692571,0.00153895354692571,0.00153895354692571,0.00153895354692571,0.00153895354692571,0.00152128473467628,0.00152128473467628,0.00150361592242685,0.00152128473467628,0.00153895354692571,0.00153895354692571,0.00153895354692571,0.00152128473467628,0.00152128473467628,0.00146827829792798,0.00146827829792798,0.00150361592242685,0.00139760304893024,0.00141527186117968,0.00143294067342911,0.00146827829792798,0.00146827829792798,0.00150361592242685,0.00152128473467628,0.00139760304893024,0.00141527186117968,0.00137993423668081,0.00143294067342911,0.00132692779993251,0.00115023967743816,0.00113257086518873,0.0012739213631842,0.00130925898768307,0.00125625255093477,0.00134459661218194,0.00129159017543364,0.00137993423668081,0.00137993423668081,0.00148594711017741,0.00132692779993251,0.00143294067342911,0.00130925898768307,0.00136226542443137,0.00125625255093477,0.0012739213631842,0.00129159017543364,0.00120324611418647,0.00152128473467628,0.0012209149264359,0.00136226542443137,0.000584837685456271,7.244213022268e-05,1.94356934743776e-05,1.76688122494342e-06,1.76688122494342e-06,1.76688122494342e-06,1.76688122494342e-06,1.76688122494342e-06,1.76688122494342e-06,1.76688122494342e-06,1.76688122494342e-06,1.76688122494342e-06,1.76688122494342e-06,1.76688122494342e-06,1.76688122494342e-06,1.76688122494342e-06,1.76688122494342e-06,1.76688122494342e-06,1.76688122494342e-06,1.76688122494342e-06,1.76688122494342e-06,1.76688122494342e-06,1.76688122494342e-06,1.76688122494342e-06,1.76688122494342e-06,1.76688122494342e-06,1.76688122494342e-06,1.76688122494342e-06,1.76688122494342e-06,1.76688122494342e-06,1.76688122494342e-06,1.76688122494342e-06,1.76688122494342e-06,1.76688122494342e-06,1.76688122494342e-06,1.76688122494342e-06,1.76688122494342e-06,1.76688122494342e-06,1.76688122494342e-06,1.76688122494342e-06,1.76688122494342e-06,1.76688122494342e-06,1.76688122494342e-06,1.76688122494342e-06,1.76688122494342e-06,1.76688122494342e-06,1.76688122494342e-06,1.76688122494342e-06,1.76688122494342e-06,1.76688122494342e-06
0.0011679084896876,0.00109723324068986,0.00109723324068986,0.00109723324068986,0.00109723324068986,0.00109723324068986,0.00109723324068986,0.00109723324068986,0.00106189561619099,0.00106189561619099,0.00106189561619099,0.0011149020529393,0.00107956442844043,0.0011149020529393,0.0011679084896876,0.0011149020529393,0.00107956442844043,0.00113257086518873,0.00113257086518873,0.00104422680394156,0.0011149020529393,0.00113257086518873,0.0011149020529393,0.00118557730193703,0.00136226542443137,0.00139760304893024,0.00125625255093477,0.00113257086518873,0.00118557730193703,0.0012209149264359,0.00107956442844043,0.00107956442844043,0.00115023967743816,0.00125625255093477,0.00139760304893024,0.00130925898768307,0.00143294067342911,0.00137993423668081,0.00125625255093477,0.0012739213631842,0.00130925898768307,0.00143294067342911,0.00146827829792798,0.0012739213631842,0.00145060948567854,0.00115023967743816,0.00125625255093477,0.00136226542443137,0.00143294067342911,0.00130925898768307,0.000885207493696651,0.000302136689465324,1.76688122494342e-06,1.76688122494342e-06,1.76688122494342e-06,1.76688122494342e-06,1.76688122494342e-06,1.76688122494342e-06,1.76688122494342e-06,1.76688122494342e-06,1.76688122494342e-06,1.76688122494342e-06,1.76688122494342e-06,1.76688122494342e-06,1.76688122494342e-06,1.76688122494342e-06,1.76688122494342e-06,1.76688122494342e-06,1.76688122494342e-06,1.76688122494342e-06,1.76688122494342e-06,1.76688122494342e-06,1.76688122494342e-06,1.76688122494342e-06,1.76688122494342e-06,1.76688122494342e-06,1.76688122494342e-06,1.76688122494342e-06,1.76688122494342e-06,1.76688122494342e-06,1.76688122494342e-06,1.76688122494342e-06,1.76688122494342e-06,1.76688122494342e-06,1.76688122494342e-06,1.76688122494342e-06,1.76688122494342e-06,1.76688122494342e-06,1.76688122494342e-06,1.76688122494342e-06,1.76688122494342e-06,1.76688122494342e-06,1.76688122494342e-06,1.76688122494342e-06,1.76688122494342e-06,1.76688122494342e-06,1.76688122494342e-06,1.76688122494342e-06,1.76688122494342e-06,1.76688122494342e-06
0.00120324611418647,0.0012739213631842,0.0012739213631842,0.00129159017543364,0.00129159017543364,0.00129159017543364,0.00129159017543364,0.00129159017543364,0.00130925898768307,0.00130925898768307,0.0012739213631842,0.00125625255093477,0.00129159017543364,0.0012739213631842,0.00132692779993251,0.00136226542443137,0.00136226542443137,0.00134459661218194,0.00137993423668081,0.00136226542443137,0.00123858373868533,0.0012739213631842,0.00130925898768307,0.00120324611418647,0.00109723324068986,0.0011679084896876,0.00125625255093477,0.00139760304893024,0.00130925898768307,0.00134459661218194,0.00130925898768307,0.0012209149264359,0.000991220367193256,0.00120324611418647,0.00113257086518873,0.00136226542443137,0.00134459661218194,0.00143294067342911,0.00152128473467628,0.00141527186117968,0.0011679084896876,0.00120324611418647,0.00129159017543364,0.00115023967743816,0.00129159017543364,0.00106189561619099,0.00141527186117968,0.00146827829792798,0.00136226542443137,0.00113257086518873,0.000920545118195519,0.000249130252717022,1.94356934743776e-05,1.76688122494342e-06,1.76688122494342e-06,1.76688122494342e-06,1.76688122494342e-06,1.76688122494342e-06,1.76688122494342e-06,1.76688122494342e-06,1.76688122494342e-06,1.76688122494342e-06,1.76688122494342e-06,1.76688122494342e-06,1.76688122494342e-06,1.76688122494342e-06,1.76688122494342e-06,1.76688122494342e-06,1.76688122494342e-06,1.76688122494342e-06,1.76688122494342e-06,1.76688122494342e-06,1.76688122494342e-06,1.76688122494342e-06,1.76688122494342e-06,1.76688122494342e-06,1.76688122494342e-06,1.76688122494342e-06,1.76688122494342e-06,1.76688122494342e-06,1.76688122494342e-06,1.76688122494342e-06,1.76688122494342e-06,1.76688122494342e-06,1.76688122494342e-06,1.76688122494342e-06,1.76688122494342e-06,1.76688122494342e-06,1.76688122494342e-06,1.76688122494342e-06,1.76688122494342e-06,1.76688122494342e-06,1.76688122494342e-06,1.76688122494342e-06,1.76688122494342e-06,1.76688122494342e-06,1.76688122494342e-06,1.76688122494342e-06,1.76688122494342e-06,1.76688122494342e-06
0.0011679084896876,0.00115023967743816,0.00115023967743816,0.00115023967743816,0.00115023967743816,0.00113257086518873,0.00113257086518873,0.00113257086518873,0.00113257086518873,0.00115023967743816,0.00118557730193703,0.0012209149264359,0.0011679084896876,0.00113257086518873,0.00107956442844043,0.00118557730193703,0.0012209149264359,0.00120324611418647,0.00118557730193703,0.00120324611418647,0.00129159017543364,0.00136226542443137,0.0012739213631842,0.00132692779993251,0.00129159017543364,0.00115023967743816,0.00134459661218194,0.00115023967743816,0.00129159017543364,0.00137993423668081,0.00134459661218194,0.0012209149264359,0.00132692779993251,0.0011679084896876,0.0012739213631842,0.00141527186117968,0.00125625255093477,0.00141527186117968,0.00130925898768307,0.00143294067342911,0.00143294067342911,0.00115023967743816,0.00137993423668081,0.00107956442844043,0.00109723324068986,0.00136226542443137,0.00129159017543364,0.00143294067342911,0.00130925898768307,0.00125625255093477,0.000902876305946085,0.000266799064966456,3.71045057238117e-05,1.76688122494342e-06,1.76688122494342e-06,1.76688122494342e-06,1.76688122494342e-06,1.76688122494342e-06,1.76688122494342e-06,1.76688122494342e-06,1.76688122494342e-06,1.76688122494342e-06,1.76688122494342e-06,1.76688122494342e-06,1.76688122494342e-06,1.76688122494342e-06,1.76688122494342e-06,1.76688122494342e-06,1.76688122494342e-06,1.76688122494342e-06,1.76688122494342e-06,1.76688122494342e-06,1.76688122494342e-06,1.76688122494342e-06,1.76688122494342e-06,1.76688122494342e-06,1.76688122494342e-06,1.76688122494342e-06,1.76688122494342e-06,1.76688122494342e-06,1.76688122494342e-06,1.76688122494342e-06,1.76688122494342e-06,1.76688122494342e-06,1.76688122494342e-06,1.76688122494342e-06,1.76688122494342e-06,1.76688122494342e-06,1.76688122494342e-06,1.76688122494342e-06,1.76688122494342e-06,1.76688122494342e-06,1.76688122494342e-06,1.76688122494342e-06,1.76688122494342e-06,1.76688122494342e-06,1.76688122494342e-06,1.76688122494342e-06,1.76688122494342e-06,1.76688122494342e-06
0.00132692779993251,0.00134459661218194,0.00134459661218194,0.00132692779993251,0.00132692779993251,0.00130925898768307,0.00130925898768307,0.00132692779993251,0.00132692779993251,0.00132692779993251,0.00129159017543364,0.00129159017543364,0.00132692779993251,0.00136226542443137,0.00136226542443137,0.00125625255093477,0.0012739213631842,0.00134459661218194,0.00132692779993251,0.00143294067342911,0.00137993423668081,0.00134459661218194,0.00143294067342911,0.00134459661218194,0.00136226542443137,0.00143294067342911,0.00134459661218194,0.00162729760817289,0.00136226542443137,0.00130925898768307,0.00141527186117968,0.00139760304893024,0.00123858373868533,0.00113257086518873,0.00118557730193703,0.00125625255093477,0.00137993423668081,0.00143294067342911,0.00123858373868533,0.00159195998367402,0.00125625255093477,0.00123858373868533,0.00130925898768307,0.00130925898768307,0.00145060948567854,0.00155662235917515,0.00139760304893024,0.00125625255093477,0.00125625255093477,0.00136226542443137,0.000955882742694388,0.000372811938463061,5.47733179732459e-05,1.76688122494342e-06,1.76688122494342e-06,1.76688122494342e-06,1.76688122494342e-06,1.76688122494342e-06,1.76688122494342e-06,1.76688122494342e-06,1.76688122494342e-06,1.76688122494342e-06,1.76688122494342e-06,1.76688122494342e-06,1.76688122494342e-06,1.76688122494342e-06,1.76688122494342e-06,1.76688122494342e-06,1.76688122494342e-06,1.76688122494342e-06,1.76688122494342e-06,1.76688122494342e-06,1.76688122494342e-06,1.76688122494342e-06,1.76688122494342e-06,1.76688122494342e-06,1.76688122494342e-06,1.76688122494342e-06,1.76688122494342e-06,1.76688122494342e-06,1.76688122494342e-06,1.76688122494342e-06,1.76688122494342e-06,1.76688122494342e-06,1.76688122494342e-06,1.76688122494342e-06,1.76688122494342e-06,1.76688122494342e-06,1.76688122494342e-06,1.76688122494342e-06,1.76688122494342e-06,1.76688122494342e-06,1.76688122494342e-06,1.76688122494342e-06,1.76688122494342e-06,1.76688122494342e-06,1.76688122494342e-06,1.76688122494342e-06,1.76688122494342e-06,1.76688122494342e-06
0.00146827829792798,0.00145060948567854,0.00145060948567854,0.00145060948567854,0.00145060948567854,0.00145060948567854,0.00145060948567854,0.00141527186117968,0.00143294067342911,0.00143294067342911,0.00145060948567854,0.00141527186117968,0.00141527186117968,0.00145060948567854,0.00143294067342911,0.00136226542443137,0.00130925898768307,0.0012739213631842,0.00134459661218194,0.00120324611418647,0.00120324611418647,0.0011679084896876,0.0011679084896876,0.00129159017543364,0.00120324611418647,0.00137993423668081,0.00143294067342911,0.0011679084896876,0.00146827829792798,0.00143294067342911,0.00146827829792798,0.00137993423668081,0.00132692779993251,0.00134459661218194,0.00109723324068986,0.00115023967743816,0.00136226542443137,0.00104422680394156,0.00134459661218194,0.00125625255093477,0.0012209149264359,0.00145060948567854,0.00132692779993251,0.00169797285717062,0.00136226542443137,0.00152128473467628,0.00109723324068986,0.00125625255093477,0.00164496642042232,0.00150361592242685,0.000991220367193256,0.000514162436458534,1.94356934743776e-05,1.76688122494342e-06,1.76688122494342e-06,1.76688122494342e-06,1.76688122494342e-06,1.76688122494342e-06,1.76688122494342e-06,1.76688122494342e-06,1.76688122494342e-06,1.76688122494342e-06,1.76688122494342e-06,1.76688122494342e-06,1.76688122494342e-06,1.76688122494342e-06,1.76688122494342e-06,1.76688122494342e-06,1.76688122494342e-06,1.76688122494342e-06,1.76688122494342e-06,1.76688122494342e-06,1.76688122494342e-06,1.76688122494342e-06,1.76688122494342e-06,1.76688122494342e-06,1.76688122494342e-06,1.76688122494342e-06,1.76688122494342e-06,1.76688122494342e-06,1.76688122494342e-06,1.76688122494342e-06,1.76688122494342e-06,1.76688122494342e-06,1.76688122494342e-06,1.76688122494342e-06,1.76688122494342e-06,1.76688122494342e-06,1.76688122494342e-06,1.76688122494342e-06,1.76688122494342e-06,1.76688122494342e-06,1.76688122494342e-06,1.76688122494342e-06,1.76688122494342e-06,1.76688122494342e-06,1.76688122494342e-06,1.76688122494342e-06,1.76688122494342e-06,1.76688122494342e-06
0.00162729760817289,0.00159195998367402,0.00159195998367402,0.00159195998367402,0.00159195998367402,0.00164496642042232,0.00164496642042232,0.00166263523267175,0.00160962879592345,0.00160962879592345,0.00157429117142458,0.00155662235917515,0.00159195998367402,0.00155662235917515,0.00155662235917515,0.00164496642042232,0.00166263523267175,0.00160962879592345,0.00153895354692571,0.00169797285717062,0.00168030404492119,0.00157429117142458,0.00153895354692571,0.00129159017543364,0.00137993423668081,0.00139760304893024,0.00132692779993251,0.00123858373868533,0.00132692779993251,0.0012209149264359,0.0011679084896876,0.00130925898768307,0.00143294067342911,0.00129159017543364,0.00123858373868533,0.00130925898768307,0.00132692779993251,0.00130925898768307,0.00132692779993251,0.00141527186117968,0.00178631691841779,0.00139760304893024,0.0012739213631842,0.00143294067342911,0.00113257086518873,0.00130925898768307,0.00136226542443137,0.00120324611418647,0.00155662235917515,0.00129159017543364,0.00136226542443137,0.000761525807950612,0.000143117379220417,1.76688122494342e-06,1.76688122494342e-06,1.76688122494342e-06,1.76688122494342e-06,1.76688122494342e-06,1.76688122494342e-06,1.76688122494342e-06,1.76688122494342e-06,1.76688122494342e-06,1.76688122494342e-06,1.76688122494342e-06,1.76688122494342e-06,1.76688122494342e-06,1.76688122494342e-06,1.76688122494342e-06,1.76688122494342e-06,1.76688122494342e-06,1.76688122494342e-06,1.76688122494342e-06,1.76688122494342e-06,1.76688122494342e-06,1.76688122494342e-06,1.76688122494342e-06,1.76688122494342e-06,1.76688122494342e-06,1.76688122494342e-06,1.76688122494342e-06,1.76688122494342e-06,1.76688122494342e-06,1.76688122494342e-06,1.76688122494342e-06,1.76688122494342e-06,1.76688122494342e-06,1.76688122494342e-06,1.76688122494342e-06,1.76688122494342e-06,1.76688122494342e-06,1.76688122494342e-06,1.76688122494342e-06,1.76688122494342e-06,1.76688122494342e-06,1.76688122494342e-06,1.76688122494342e-06,1.76688122494342e-06,1.76688122494342e-06,1.76688122494342e-06,1.76688122494342e-06
0.00139760304893024,0.00143294067342911,0.00143294067342911,0.00145060948567854,0.00145060948567854,0.00141527186117968,0.00141527186117968,0.00143294067342911,0.00143294067342911,0.00143294067342911,0.00148594711017741,0.00150361592242685,0.00145060948567854,0.00141527186117968,0.00143294067342911,0.00148594711017741,0.00152128473467628,0.00159195998367402,0.00152128473467628,0.00141527186117968,0.00143294067342911,0.00157429117142458,0.00153895354692571,0.00171564166942006,0.00168030404492119,0.00153895354692571,0.00157429117142458,0.00169797285717062,0.00153895354692571,0.00153895354692571,0.00143294067342911,0.00141527186117968,0.00148594711017741,0.00145060948567854,0.00143294067342911,0.00123858373868533,0.00123858373868533,0.00130925898768307,0.00132692779993251,0.00123858373868533,0.00145060948567854,0.00141527186117968,0.0012739213631842,0.00120324611418647,0.00120324611418647,0.00141527186117968,0.00125625255093477,0.00129159017543364,0.00159195998367402,0.00157429117142458,0.00123858373868533,0.000584837685456271,0.000107779754721548,1.76688122494342e-06,1.76688122494342e-06,1.76688122494342e-06,1.76688122494342e-06,1.76688122494342e-06,1.76688122494342e-06,1.76688122494342e-06,1.76688122494342e-06,1.76688122494342e-06,1.76688122494342e-06,1.76688122494342e-06,1.76688122494342e-06,1.76688122494342e-06,1.76688122494342e-06,1.76688122494342e-06,1.76688122494342e-06,1.76688122494342e-06,1.76688122494342e-06,1.76688122494342e-06,1.76688122494342e-06,1.76688122494342e-06,1.76688122494342e-06,1.76688122494342e-06,1.76688122494342e-06,1.76688122494342e-06,1.76688122494342e-06,1.76688122494342e-06,1.76688122494342e-06,1.76688122494342e-06,1.76688122494342e-06,1.76688122494342e-06,1.76688122494342e-06,1.76688122494342e-06,1.76688122494342e-06,1.76688122494342e-06,1.76688122494342e-06,1.76688122494342e-06,1.76688122494342e-06,1.76688122494342e-06,1.76688122494342e-06,1.76688122494342e-06,1.76688122494342e-06,1.76688122494342e-06,1.76688122494342e-06,1.76688122494342e-06,1.76688122494342e-06,1.76688122494342e-06
0.00137993423668081,0.00136226542443137,0.00136226542443137,0.00134459661218194,0.00134459661218194,0.00136226542443137,0.00136226542443137,0.00130925898768307,0.00129159017543364,0.0012739213631842,0.00123858373868533,0.00129159017543364,0.00130925898768307,0.00129159017543364,0.00123858373868533,0.00125625255093477,0.00123858373868533,0.00125625255093477,0.00132692779993251,0.00134459661218194,0.00134459661218194,0.00132692779993251,0.00145060948567854,0.00148594711017741,0.00145060948567854,0.00137993423668081,0.00143294067342911,0.00160962879592345,0.00166263523267175,0.00166263523267175,0.00153895354692571,0.00155662235917515,0.00139760304893024,0.00166263523267175,0.00159195998367402,0.00123858373868533,0.00100888917944269,0.00146827829792798,0.00148594711017741,0.00153895354692571,0.00150361592242685,0.00125625255093477,0.00104422680394156,0.00143294067342911,0.00159195998367402,0.0012209149264359,0.00146827829792798,0.00137993423668081,0.00120324611418647,0.00129159017543364,0.0012739213631842,0.000690850558952876,0.000160786191469851,1.94356934743776e-05,1.76688122494342e-06,1.76688122494342e-06,1.76688122494342e-06,1.76688122494342e-06,1.76688122494342e-06,1.76688122494342e-06,1.76688122494342e-06,1.76688122494342e-06,1.76688122494342e-06,1.76688122494342e-06,1.76688122494342e-06,1.76688122494342e-06,1.76688122494342e-06,1.76688122494342e-06,1.76688122494342e-06,1.76688122494342e-06,1.76688122494342e-06,1.76688122494342e-06,1.76688122494342e-06,1.76688122494342e-06,1.76688122494342e-06,1.76688122494342e-06,1.76688122494342e-06,1.76688122494342e-06,1.76688122494342e-06,1.76688122494342e-06,1.76688122494342e-06,1.76688122494342e-06,1.76688122494342e-06,1.76688122494342e-06,1.76688122494342e-06,1.76688122494342e-06,1.76688122494342e-06,1.76688122494342e-06,1.76688122494342e-06,1.76688122494342e-06,1.76688122494342e-06,1.76688122494342e-06,1.76688122494342e-06,1.76688122494342e-06,1.76688122494342e-06,1.76688122494342e-06,1.76688122494342e-06,1.76688122494342e-06,1.76688122494342e-06,1.76688122494342e-06
0.00157429117142458,0.00159195998367402,0.00159195998367402,0.00160962879592345,0.00160962879592345,0.00159195998367402,0.00159195998367402,0.00162729760817289,0.00166263523267175,0.00164496642042232,0.00164496642042232,0.00160962879592345,0.00155662235917515,0.00159195998367402,0.00164496642042232,0.00159195998367402,0.00155662235917515,0.00157429117142458,0.00159195998367402,0.00160962879592345,0.00152128473467628,0.00145060948567854,0.00130925898768307,0.00129159017543364,0.00148594711017741,0.00152128473467628,0.00136226542443137,0.00129159017543364,0.00129159017543364,0.00150361592242685,0.00169797285717062,0.00152128473467628,0.00148594711017741,0.00125625255093477,0.00139760304893024,0.00148594711017741,0.00141527186117968,0.00120324611418647,0.00125625255093477,0.00139760304893024,0.00155662235917515,0.00171564166942006,0.00162729760817289,0.00132692779993251,0.00159195998367402,0.00150361592242685,0.0012209149264359,0.00143294067342911,0.0011679084896876,0.00143294067342911,0.00134459661218194,0.000973551554943822,0.000266799064966456,1.76688122494342e-06,1.76688122494342e-06,1.76688122494342e-06,1.76688122494342e-06,1.76688122494342e-06,1.76688122494342e-06,1.76688122494342e-06,1.76688122494342e-06,1.76688122494342e-06,1.76688122494342e-06,1.76688122494342e-06,1.76688122494342e-06,1.76688122494342e-06,1.76688122494342e-06,1.76688122494342e-06,1.76688122494342e-06,1.76688122494342e-06,1.76688122494342e-06,1.76688122494342e-06,1.76688122494342e-06,1.76688122494342e-06,1.76688122494342e-06,1.76688122494342e-06,1.76688122494342e-06,1.76688122494342e-06,1.76688122494342e-06,1.76688122494342e-06,1.76688122494342e-06,1.76688122494342e-06,1.76688122494342e-06,1.76688122494342e-06,1.76688122494342e-06,1.76688122494342e-06,1.76688122494342e-06,1.76688122494342e-06,1.76688122494342e-06,1.76688122494342e-06,1.76688122494342e-06,1.76688122494342e-06,1.76688122494342e-06,1.76688122494342e-06,1.76688122494342e-06,1.76688122494342e-06,1.76688122494342e-06,1.76688122494342e-06,1.76688122494342e-06,1.76688122494342e-06
0.00164496642042232,0.00162729760817289,0.00162729760817289,0.00160962879592345,0.00160962879592345,0.00160962879592345,0.00160962879592345,0.00160962879592345,0.00159195998367402,0.00164496642042232,0.00162729760817289,0.00162729760817289,0.00168030404492119,0.00162729760817289,0.00160962879592345,0.00155662235917515,0.00157429117142458,0.00152128473467628,0.00148594711017741,0.00145060948567854,0.00153895354692571,0.00157429117142458,0.00150361592242685,0.00146827829792798,0.00134459661218194,0.00132692779993251,0.00137993423668081,0.0012739213631842,0.00132692779993251,0.0012739213631842,0.00136226542443137,0.00157429117142458,0.00168030404492119,0.00143294067342911,0.00162729760817289,0.00169797285717062,0.00145060948567854,0.00125625255093477,0.00123858373868533,0.00129159017543364,0.00141527186117968,0.00153895354692571,0.00164496642042232,0.00136226542443137,0.00136226542443137,0.00120324611418647,0.00176864810616836,0.00152128473467628,0.00136226542443137,0.00141527186117968,0.00150361592242685,0.000849869869197783,0.000249130252717022,3.71045057238117e-05,1.76688122494342e-06,1.76688122494342e-06,1.76688122494342e-06,1.76688122494342e-06,1.76688122494342e-06,1.76688122494342e-06,1.76688122494342e-06,1.76688122494342e-06,1.76688122494342e-06,1.76688122494342e-06,1.76688122494342e-06,1.76688122494342e-06,1.76688122494342e-06,1.76688122494342e-06,1.76688122494342e-06,1.76688122494342e-06,1.76688122494342e-06,1.76688122494342e-06,1.76688122494342e-06,1.76688122494342e-06,1.76688122494342e-06,1.76688122494342e-06,1.76688122494342e-06,1.76688122494342e-06,1.76688122494342e-06,1.76688122494342e-06,1.76688122494342e-06,1.76688122494342e-06,1.76688122494342e-06,1.76688122494342e-06,1.76688122494342e-06,1.76688122494342e-06,1.76688122494342e-06,1.76688122494342e-06,1.76688122494342e-06,1.76688122494342e-06,1.76688122494342e-06,1.76688122494342e-06,1.76688122494342e-06,1.76688122494342e-06,1.76688122494342e-06,1.76688122494342e-06,1.76688122494342e-06,1.76688122494342e-06,1.76688122494342e-06,1.76688122494342e-06
0.00139760304893024,0.00139760304893024,0.00139760304893024,0.00141527186117968,0.00141527186117968,0.00145060948567854,0.00145060948567854,0.00145060948567854,0.00146827829792798,0.00145060948567854,0.00148594711017741,0.00152128473467628,0.00152128473467628,0.00160962879592345,0.00162729760817289,0.00164496642042232,0.00164496642042232,0.00166263523267175,0.00159195998367402,0.00155662235917515,0.00159195998367402,0.00166263523267175,0.00182165454291666,0.00166263523267175,0.00168030404492119,0.00164496642042232,0.00160962879592345,0.00168030404492119,0.00146827829792798,0.00150361592242685,0.00146827829792798,0.00155662235917515,0.00150361592242685,0.00164496642042232,0.00150361592242685,0.00132692779993251,0.00146827829792798,0.00143294067342911,0.00134459661218194,0.00123858373868533,0.00129159017543364,0.00141527186117968,0.00150361592242685,0.00130925898768307,0.00157429117142458,0.00141527186117968,0.0012739213631842,0.00130925898768307,0.00132692779993251,0.00187466097966496,0.00130925898768307,0.0012209149264359,0.000478824811959666,3.71045057238117e-05,1.76688122494342e-06,1.76688122494342e-06,1.76688122494342e-06,1.76688122494342e-06,1.76688122494342e-06,1.76688122494342e-06,1.76688122494342e-06,1.76688122494342e-06,1.76688122494342e-06,1.76688122494342e-06,1.76688122494342e-06,1.76688122494342e-06,1.76688122494342e-06,1.76688122494342e-06,1.76688122494342e-06,1.76688122494342e-06,1.76688122494342e-06,1.76688122494342e-06,1.76688122494342e-06,1.76688122494342e-06,1.76688122494342e-06,1.76688122494342e-06,1.76688122494342e-06,1.76688122494342e-06,1.76688122494342e-06,1.76688122494342e-06,1.76688122494342e-06,1.76688122494342e-06,1.76688122494342e-06,1.76688122494342e-06,1.76688122494342e-06,1.76688122494342e-06,1.76688122494342e-06,1.76688122494342e-06,1.76688122494342e-06,1.76688122494342e-06,1.76688122494342e-06,1.76688122494342e-06,1.76688122494342e-06,1.76688122494342e-06,1.76688122494342e-06,1.76688122494342e-06,1.76688122494342e-06,1.76688122494342e-06,1.76688122494342e-06,1.76688122494342e-06
0.0011679084896876,0.00120324611418647,0.00120324611418647,0.00120324611418647,0.00120324611418647,0.00113257086518873,0.00113257086518873,0.00113257086518873,0.00115023967743816,0.0011679084896876,0.00115023967743816,0.00113257086518873,0.0011679084896876,0.00115023967743816,0.00118557730193703,0.00118557730193703,0.00120324611418647,0.00118557730193703,0.0012739213631842,0.00136226542443137,0.00129159017543364,0.0012739213631842,0.00129159017543364,0.00150361592242685,0.00145060948567854,0.00160962879592345,0.00159195998367402,0.00153895354692571,0.00173331048166949,0.00153895354692571,0.00150361592242685,0.00132692779993251,0.00148594711017741,0.00160962879592345,0.00148594711017741,0.00162729760817289,0.00153895354692571,0.00139760304893024,0.00160962879592345,0.00132692779993251,0.00139760304893024,0.00134459661218194,0.00145060948567854,0.00152128473467628,0.00141527186117968,0.00152128473467628,0.00134459661218194,0.00145060948567854,0.00153895354692571,0.00157429117142458,0.00145060948567854,0.00148594711017741,0.000337474313964192,3.71045057238117e-05,1.76688122494342e-06,1.76688122494342e-06,1.76688122494342e-06,1.76688122494342e-06,1.76688122494342e-06,1.76688122494342e-06,1.76688122494342e-06,1.76688122494342e-06,1.76688122494342e-06,1.76688122494342e-06,1.76688122494342e-06,1.76688122494342e-06,1.76688122494342e-06,1.76688122494342e-06,1.76688122494342e-06,1.76688122494342e-06,1.76688122494342e-06,1.76688122494342e-06,1.76688122494342e-06,1.76688122494342e-06,1.76688122494342e-06,1.76688122494342e-06,1.76688122494342e-06,1.76688122494342e-06,1.76688122494342e-06,1.76688122494342e-06,1.76688122494342e-06,1.76688122494342e-06,1.76688122494342e-06,1.76688122494342e-06,1.76688122494342e-06,1.76688122494342e-06,1.76688122494342e-06,1.76688122494342e-06,1.76688122494342e-06,1.76688122494342e-06,1.76688122494342e-06,1.76688122494342e-06,1.76688122494342e-06,1.76688122494342e-06,1.76688122494342e-06,1.76688122494342e-06,1.76688122494342e-06,1.76688122494342e-06,1.76688122494342e-06,1.76688122494342e-06
0.00145060948567854,0.00145060948567854,0.00145060948567854,0.00146827829792798,0.00146827829792798,0.00150361592242685,0.00150361592242685,0.00150361592242685,0.00150361592242685,0.00143294067342911,0.00146827829792798,0.00146827829792798,0.00145060948567854,0.00139760304893024,0.00134459661218194,0.00137993423668081,0.00136226542443137,0.00136226542443137,0.00132692779993251,0.00125625255093477,0.00132692779993251,0.00143294067342911,0.00134459661218194,0.00123858373868533,0.00139760304893024,0.00129159017543364,0.00137993423668081,0.00152128473467628,0.00145060948567854,0.00152128473467628,0.00171564166942006,0.00148594711017741,0.00159195998367402,0.00153895354692571,0.00160962879592345,0.00162729760817289,0.00175097929391892,0.00175097929391892,0.00145060948567854,0.00139760304893024,0.00125625255093477,0.00155662235917515,0.00166263523267175,0.00171564166942006,0.00129159017543364,0.00143294067342911,0.00145060948567854,0.00139760304893024,0.00102655799169212,0.00143294067342911,0.00125625255093477,0.00130925898768307,0.000443487187460797,0.000125448566970982,1.76688122494342e-06,1.76688122494342e-06,1.76688122494342e-06,1.76688122494342e-06,1.76688122494342e-06,1.76688122494342e-06,1.76688122494342e-06,1.76688122494342e-06,1.76688122494342e-06,1.76688122494342e-06,1.76688122494342e-06,1.76688122494342e-06,1.76688122494342e-06,1.76688122494342e-06,1.76688122494342e-06,1.76688122494342e-06,1.76688122494342e-06,1.76688122494342e-06,1.76688122494342e-06,1.76688122494342e-06,1.76688122494342e-06,1.76688122494342e-06,1.76688122494342e-06,1.76688122494342e-06,1.76688122494342e-06,1.76688122494342e-06,1.76688122494342e-06,1.76688122494342e-06,1.76688122494342e-06,1.76688122494342e-06,1.76688122494342e-06,1.76688122494342e-06,1.76688122494342e-06,1.76688122494342e-06,1.76688122494342e-06,1.76688122494342e-06,1.76688122494342e-06,1.76688122494342e-06,1.76688122494342e-06,1.76688122494342e-06,1.76688122494342e-06,1.76688122494342e-06,1.76688122494342e-06,1.76688122494342e-06,1.76688122494342e-06,1.76688122494342e-06
0.00160962879592345,0.00159195998367402,0.00159195998367402,0.00152128473467628,0.00152128473467628,0.00155662235917515,0.00155662235917515,0.00152128473467628,0.00153895354692571,0.00153895354692571,0.00152128473467628,0.00153895354692571,0.00153895354692571,0.00157429117142458,0.00159195998367402,0.00157429117142458,0.00157429117142458,0.00157429117142458,0.00159195998367402,0.00162729760817289,0.00146827829792798,0.00139760304893024,0.00145060948567854,0.00157429117142458,0.00150361592242685,0.00150361592242685,0.00137993423668081,0.00137993423668081,0.00148594711017741,0.00150361592242685,0.00145060948567854,0.00148594711017741,0.0012739213631842,0.00145060948567854,0.00141527186117968,0.00155662235917515,0.00162729760817289,0.00162729760817289,0.00150361592242685,0.00141527186117968,0.00120324611418647,0.00146827829792798,0.00157429117142458,0.00152128473467628,0.00150361592242685,0.00132692779993251,0.00123858373868533,0.00157429117142458,0.00171564166942006,0.00139760304893024,0.00146827829792798,0.00132692779993251,0.000726188183451744,0.000107779754721548,1.76688122494342e-06,1.76688122494342e-06,1.76688122494342e-06,1.76688122494342e-06,1.76688122494342e-06,1.76688122494342e-06,1.76688122494342e-06,1.76688122494342e-06,1.76688122494342e-06,1.76688122494342e-06,1.76688122494342e-06,1.76688122494342e-06,1.76688122494342e-06,1.76688122494342e-06,1.76688122494342e-06,1.76688122494342e-06,1.76688122494342e-06,1.76688122494342e-06,1.76688122494342e-06,1.76688122494342e-06,1.76688122494342e-06,1.76688122494342e-06,1.76688122494342e-06,1.76688122494342e-06,1.76688122494342e-06,1.76688122494342e-06,1.76688122494342e-06,1.76688122494342e-06,1.76688122494342e-06,1.76688122494342e-06,1.76688122494342e-06,1.76688122494342e-06,1.76688122494342e-06,1.76688122494342e-06,1.76688122494342e-06,1.76688122494342e-06,1.76688122494342e-06,1.76688122494342e-06,1.76688122494342e-06,1.76688122494342e-06,1.76688122494342e-06,1.76688122494342e-06,1.76688122494342e-06,1.76688122494342e-06,1.76688122494342e-06,1.76688122494342e-06
0.00175097929391892,0.00173331048166949,0.00173331048166949,0.00175097929391892,0.00175097929391892,0.00173331048166949,0.00173331048166949,0.00173331048166949,0.00169797285717062,0.00175097929391892,0.00173331048166949,0.00171564166942006,0.00171564166942006,0.00173331048166949,0.00173331048166949,0.00171564166942006,0.00168030404492119,0.00160962879592345,0.00157429117142458,0.00157429117142458,0.00155662235917515,0.00152128473467628,0.00153895354692571,0.00136226542443137,0.0012739213631842,0.00134459661218194,0.00145060948567854,0.00146827829792798,0.00145060948567854,0.00152128473467628,0.00132692779993251,0.00157429117142458,0.00160962879592345,0.00137993423668081,0.00150361592242685,0.00157429117142458,0.00175097929391892,0.00162729760817289,0.00143294067342911,0.00155662235917515,0.00143294067342911,0.00155662235917515,0.00145060948567854,0.00152128473467628,0.00134459661218194,0.00169797285717062,0.00164496642042232,0.00150361592242685,0.00139760304893024,0.00164496642042232,0.00155662235917515,0.00109723324068986,0.000814532244698915,7.244213022268e-05,1.76688122494342e-06,1.76688122494342e-06,1.76688122494342e-06,1.76688122494342e-06,1.76688122494342e-06,1.76688122494342e-06,1.76688122494342e-06,1.76688122494342e-06,1.76688122494342e-06,1.76688122494342e-06,1.76688122494342e-06,1.76688122494342e-06,1.76688122494342e-06,1.76688122494342e-06,1.76688122494342e-06,1.76688122494342e-06,1.76688122494342e-06,1.76688122494342e-06,1.76688122494342e-06,1.76688122494342e-06,1.76688122494342e-06,1.76688122494342e-06,1.76688122494342e-06,1.76688122494342e-06,1.76688122494342e-06,1.76688122494342e-06,1.76688122494342e-06,1.76688122494342e-06,1.76688122494342e-06,1.76688122494342e-06,1.76688122494342e-06,1.76688122494342e-06,1.76688122494342e-06,1.76688122494342e-06,1.76688122494342e-06,1.76688122494342e-06,1.76688122494342e-06,1.76688122494342e-06,1.76688122494342e-06,1.76688122494342e-06,1.76688122494342e-06,1.76688122494342e-06,1.76688122494342e-06,1.76688122494342e-06,1.76688122494342e-06,1.76688122494342e-06
0.00160962879592345,0.00160962879592345,0.00160962879592345,0.00164496642042232,0.00164496642042232,0.00160962879592345,0.00160962879592345,0.00164496642042232,0.00162729760817289,0.00159195998367402,0.00160962879592345,0.00152128473467628,0.00146827829792798,0.00143294067342911,0.00137993423668081,0.00143294067342911,0.00148594711017741,0.00162729760817289,0.00166263523267175,0.00164496642042232,0.00176864810616836,0.00176864810616836,0.00171564166942006,0.00164496642042232,0.00168030404492119,0.00164496642042232,0.00173331048166949,0.00159195998367402,0.00160962879592345,0.00159195998367402,0.00166263523267175,0.00146827829792798,0.00159195998367402,0.00157429117142458,0.00129159017543364,0.00137993423668081,0.00153895354692571,0.00166263523267175,0.00159195998367402,0.00175097929391892,0.00155662235917515,0.00118557730193703,0.00132692779993251,0.00129159017543364,0.00153895354692571,0.00157429117142458,0.00141527186117968,0.00148594711017741,0.00153895354692571,0.00152128473467628,0.00137993423668081,0.00134459661218194,0.000991220367193256,0.000231461440467587,3.71045057238117e-05,1.76688122494342e-06,1.76688122494342e-06,1.76688122494342e-06,1.76688122494342e-06,1.76688122494342e-06,1.76688122494342e-06,1.76688122494342e-06,1.76688122494342e-06,1.76688122494342e-06,1.76688122494342e-06,1.76688122494342e-06,1.76688122494342e-06,1.76688122494342e-06,1.76688122494342e-06,1.76688122494342e-06,1.76688122494342e-06,1.76688122494342e-06,1.76688122494342e-06,1.76688122494342e-06,1.76688122494342e-06,1.76688122494342e-06,1.76688122494342e-06,1.76688122494342e-06,1.76688122494342e-06,1.76688122494342e-06,1.76688122494342e-06,1.76688122494342e-06,1.76688122494342e-06,1.76688122494342e-06,1.76688122494342e-06,1.76688122494342e-06,1.76688122494342e-06,1.76688122494342e-06,1.76688122494342e-06,1.76688122494342e-06,1.76688122494342e-06,1.76688122494342e-06,1.76688122494342e-06,1.76688122494342e-06,1.76688122494342e-06,1.76688122494342e-06,1.76688122494342e-06,1.76688122494342e-06,1.76688122494342e-06,1.76688122494342e-06
0.00153895354692571,0.00157429117142458,0.00157429117142458,0.00153895354692571,0.00153895354692571,0.00159195998367402,0.00159195998367402,0.00157429117142458,0.00160962879592345,0.00166263523267175,0.00157429117142458,0.00166263523267175,0.00171564166942006,0.00169797285717062,0.00173331048166949,0.00173331048166949,0.00175097929391892,0.00169797285717062,0.00166263523267175,0.00168030404492119,0.00162729760817289,0.00155662235917515,0.00162729760817289,0.00162729760817289,0.00162729760817289,0.00145060948567854,0.00139760304893024,0.00145060948567854,0.00153895354692571,0.00143294067342911,0.00137993423668081,0.00159195998367402,0.00152128473467628,0.00162729760817289,0.00185699216741553,0.00153895354692571,0.00141527186117968,0.00145060948567854,0.00157429117142458,0.00145060948567854,0.00180398573066723,0.00136226542443137,0.00132692779993251,0.00162729760817289,0.00166263523267175,0.00162729760817289,0.00157429117142458,0.0012209149264359,0.00146827829792798,0.00146827829792798,0.00173331048166949,0.00157429117142458,0.00113257086518873,0.000213792628218153,1.94356934743776e-05,1.76688122494342e-06,1.76688122494342e-06,1.76688122494342e-06,1.76688122494342e-06,1.76688122494342e-06,1.76688122494342e-06,1.76688122494342e-06,1.76688122494342e-06,1.76688122494342e-06,1.76688122494342e-06,1.76688122494342e-06,1.76688122494342e-06,1.76688122494342e-06,1.76688122494342e-06,1.76688122494342e-06,1.76688122494342e-06,1.76688122494342e-06,1.76688122494342e-06,1.76688122494342e-06,1.76688122494342e-06,1.76688122494342e-06,1.76688122494342e-06,1.76688122494342e-06,1.76688122494342e-06,1.76688122494342e-06,1.76688122494342e-06,1.76688122494342e-06,1.76688122494342e-06,1.76688122494342e-06,1.76688122494342e-06,1.76688122494342e-06,1.76688122494342e-06,1.76688122494342e-06,1.76688122494342e-06,1.76688122494342e-06,1.76688122494342e-06,1.76688122494342e-06,1.76688122494342e-06,1.76688122494342e-06,1.76688122494342e-06,1.76688122494342e-06,1.76688122494342e-06,1.76688122494342e-06,1.76688122494342e-06,1.76688122494342e-06
0.00106189561619099,0.00106189561619099,0.00106189561619099,0.00107956442844043,0.00107956442844043,0.00107956442844043,0.00107956442844043,0.00109723324068986,0.0011149020529393,0.0011149020529393,0.00118557730193703,0.00118557730193703,0.00120324611418647,0.00125625255093477,0.0012739213631842,0.00132692779993251,0.00132692779993251,0.00129159017543364,0.00139760304893024,0.00143294067342911,0.00148594711017741,0.00155662235917515,0.00155662235917515,0.00168030404492119,0.00159195998367402,0.00176864810616836,0.00169797285717062,0.00166263523267175,0.00137993423668081,0.00145060948567854,0.00152128473467628,0.00152128473467628,0.00155662235917515,0.00159195998367402,0.00148594711017741,0.00173331048166949,0.00139760304893024,0.00160962879592345,0.00160962879592345,0.00152128473467628,0.00148594711017741,0.00148594711017741,0.00157429117142458,0.00123858373868533,0.00148594711017741,0.00141527186117968,0.00155662235917515,0.00107956442844043,0.00160962879592345,0.00130925898768307,0.00162729760817289,0.00148594711017741,0.0011679084896876,0.000514162436458534,1.94356934743776e-05,1.76688122494342e-06,1.76688122494342e-06,1.76688122494342e-06,1.76688122494342e-06,1.76688122494342e-06,1.76688122494342e-06,1.76688122494342e-06,1.76688122494342e-06,1.76688122494342e-06,1.76688122494342e-06,1.76688122494342e-06,1.76688122494342e-06,1.76688122494342e-06,1.76688122494342e-06,1.76688122494342e-06,1.76688122494342e-06,1.76688122494342e-06,1.76688122494342e-06,1.76688122494342e-06,1.76688122494342e-06,1.76688122494342e-06,1.76688122494342e-06,1.76688122494342e-06,1.76688122494342e-06,1.76688122494342e-06,1.76688122494342e-06,1.76688122494342e-06,1.76688122494342e-06,1.76688122494342e-06,1.76688122494342e-06,1.76688122494342e-06,1.76688122494342e-06,1.76688122494342e-06,1.76688122494342e-06,1.76688122494342e-06,1.76688122494342e-06,1.76688122494342e-06,1.76688122494342e-06,1.76688122494342e-06,1.76688122494342e-06,1.76688122494342e-06,1.76688122494342e-06,1.76688122494342e-06,1.76688122494342e-06,1.76688122494342e-06
0.00148594711017741,0.00146827829792798,0.00146827829792798,0.00148594711017741,0.00148594711017741,0.00146827829792798,0.00146827829792798,0.00145060948567854,0.00145060948567854,0.00139760304893024,0.00141527186117968,0.00141527186117968,0.00139760304893024,0.00137993423668081,0.00136226542443137,0.00130925898768307,0.00123858373868533,0.00129159017543364,0.0012739213631842,0.00123858373868533,0.0012739213631842,0.00134459661218194,0.00137993423668081,0.00145060948567854,0.00146827829792798,0.00155662235917515,0.00155662235917515,0.00143294067342911,0.00160962879592345,0.00159195998367402,0.00145060948567854,0.00153895354692571,0.00148594711017741,0.00169797285717062,0.00176864810616836,0.00155662235917515,0.00166263523267175,0.00157429117142458,0.00169797285717062,0.00173331048166949,0.00157429117142458,0.00150361592242685,0.00153895354692571,0.00160962879592345,0.00152128473467628,0.00166263523267175,0.00173331048166949,0.00192766741641327,0.00146827829792798,0.0012209149264359,0.00198067385316157,0.00123858373868533,0.00136226542443137,0.000567168873206836,3.71045057238117e-05,1.76688122494342e-06,1.76688122494342e-06,1.76688122494342e-06,1.76688122494342e-06,1.76688122494342e-06,1.76688122494342e-06,1.76688122494342e-06,1.76688122494342e-06,1.76688122494342e-06,1.76688122494342e-06,1.76688122494342e-06,1.76688122494342e-06,1.76688122494342e-06,1.76688122494342e-06,1.76688122494342e-06,1.76688122494342e-06,1.76688122494342e-06,1.76688122494342e-06,1.76688122494342e-06,1.76688122494342e-06,1.76688122494342e-06,1.76688122494342e-06,1.76688122494342e-06,1.76688122494342e-06,1.76688122494342e-06,1.76688122494342e-06,1.76688122494342e-06,1.76688122494342e-06,1.76688122494342e-06,1.76688122494342e-06,1.76688122494342e-06,1.76688122494342e-06,1.76688122494342e-06,1.76688122494342e-06,1.76688122494342e-06,1.76688122494342e-06,1.76688122494342e-06,1.76688122494342e-06,1.76688122494342e-06,1.76688122494342e-06,1.76688122494342e-06,1.76688122494342e-06,1.76688122494342e-06,1.76688122494342e-06,1.76688122494342e-06
0.00159195998367402,0.00159195998367402,0.00159195998367402,0.00160962879592345,0.00160962879592345,0.00162729760817289,0.00162729760817289,0.00160962879592345,0.00157429117142458,0.00160962879592345,0.00162729760817289,0.00159195998367402,0.00159195998367402,0.00157429117142458,0.00162729760817289,0.00160962879592345,0.00160962879592345,0.00159195998367402,0.00150361592242685,0.00153895354692571,0.00153895354692571,0.00143294067342911,0.00136226542443137,0.00136226542443137,0.00137993423668081,0.00145060948567854,0.00159195998367402,0.00166263523267175,0.00152128473467628,0.00139760304893024,0.00152128473467628,0.00155662235917515,0.00173331048166949,0.00166263523267175,0.00153895354692571,0.00166263523267175,0.00176864810616836,0.00164496642042232,0.00173331048166949,0.00178631691841779,0.0018393233551661,0.00139760304893024,0.00113257086518873,0.00166263523267175,0.00162729760817289,0.00157429117142458,0.00146827829792798,0.00153895354692571,0.00137993423668081,0.00160962879592345,0.00160962879592345,0.00157429117142458,0.00120324611418647,0.000425818375211363,3.71045057238117e-05,1.76688122494342e-06,1.76688122494342e-06,1.76688122494342e-06,1.76688122494342e-06,1.76688122494342e-06,1.76688122494342e-06,1.76688122494342e-06,1.76688122494342e-06,1.76688122494342e-06,1.76688122494342e-06,1.76688122494342e-06,1.76688122494342e-06,1.76688122494342e-06,1.76688122494342e-06,1.76688122494342e-06,1.76688122494342e-06,1.76688122494342e-06,1.76688122494342e-06,1.76688122494342e-06,1.76688122494342e-06,1.76688122494342e-06,1.76688122494342e-06,1.76688122494342e-06,1.76688122494342e-06,1.76688122494342e-06,1.76688122494342e-06,1.76688122494342e-06,1.76688122494342e-06,1.76688122494342e-06,1.76688122494342e-06,1.76688122494342e-06,1.76688122494342e-06,1.76688122494342e-06,1.76688122494342e-06,1.76688122494342e-06,1.76688122494342e-06,1.76688122494342e-06,1.76688122494342e-06,1.76688122494342e-06,1.76688122494342e-06,1.76688122494342e-06,1.76688122494342e-06,1.76688122494342e-06,1.76688122494342e-06,1.76688122494342e-06
0.0018923297919144,0.0018923297919144,0.0018923297919144,0.0018393233551661,0.0018393233551661,0.00176864810616836,0.00176864810616836,0.00180398573066723,0.0018393233551661,0.00178631691841779,0.00173331048166949,0.00178631691841779,0.00176864810616836,0.00176864810616836,0.00175097929391892,0.00173331048166949,0.00173331048166949,0.00176864810616836,0.00178631691841779,0.00168030404492119,0.00159195998367402,0.00152128473467628,0.00153895354692571,0.00143294067342911,0.00153895354692571,0.00143294067342911,0.00132692779993251,0.00143294067342911,0.00152128473467628,0.00155662235917515,0.00145060948567854,0.00148594711017741,0.00123858373868533,0.00143294067342911,0.00148594711017741,0.00148594711017741,0.00155662235917515,0.00175097929391892,0.00180398573066723,0.00171564166942006,0.00171564166942006,0.0019453362286627,0.00141527186117968,0.00145060948567854,0.00164496642042232,0.00160962879592345,0.0012739213631842,0.00173331048166949,0.00143294067342911,0.00160962879592345,0.00152128473467628,0.00215736197565591,0.00157429117142458,0.000602506497705705,5.47733179732459e-05,1.76688122494342e-06,1.76688122494342e-06,1.76688122494342e-06,1.76688122494342e-06,1.76688122494342e-06,1.76688122494342e-06,1.76688122494342e-06,1.76688122494342e-06,1.76688122494342e-06,1.76688122494342e-06,1.76688122494342e-06,1.76688122494342e-06,1.76688122494342e-06,1.76688122494342e-06,1.76688122494342e-06,1.76688122494342e-06,1.76688122494342e-06,1.76688122494342e-06,1.76688122494342e-06,1.76688122494342e-06,1.76688122494342e-06,1.76688122494342e-06,1.76688122494342e-06,1.76688122494342e-06,1.76688122494342e-06,1.76688122494342e-06,1.76688122494342e-06,1.76688122494342e-06,1.76688122494342e-06,1.76688122494342e-06,1.76688122494342e-06,1.76688122494342e-06,1.76688122494342e-06,1.76688122494342e-06,1.76688122494342e-06,1.76688122494342e-06,1.76688122494342e-06,1.76688122494342e-06,1.76688122494342e-06,1.76688122494342e-06,1.76688122494342e-06,1.76688122494342e-06,1.76688122494342e-06,1.76688122494342e-06,1.76688122494342e-06
0.00155662235917515,0.00157429117142458,0.00157429117142458,0.00160962879592345,0.00160962879592345,0.00168030404492119,0.00168030404492119,0.00168030404492119,0.00159195998367402,0.00162729760817289,0.00164496642042232,0.00160962879592345,0.00160962879592345,0.00166263523267175,0.00160962879592345,0.00162729760817289,0.00159195998367402,0.00160962879592345,0.00166263523267175,0.00169797285717062,0.00176864810616836,0.00182165454291666,0.00175097929391892,0.00192766741641327,0.0018393233551661,0.00180398573066723,0.00175097929391892,0.00168030404492119,0.00157429117142458,0.00171564166942006,0.00178631691841779,0.00150361592242685,0.00150361592242685,0.00146827829792798,0.00160962879592345,0.00166263523267175,0.00150361592242685,0.00160962879592345,0.00155662235917515,0.00168030404492119,0.00178631691841779,0.00176864810616836,0.00162729760817289,0.00153895354692571,0.00146827829792798,0.00153895354692571,0.00145060948567854,0.00168030404492119,0.00150361592242685,0.00153895354692571,0.00164496642042232,0.00168030404492119,0.00132692779993251,0.00079686343244948,9.01109424721142e-05,1.76688122494342e-06,1.76688122494342e-06,1.76688122494342e-06,1.76688122494342e-06,1.76688122494342e-06,1.76688122494342e-06,1.76688122494342e-06,1.76688122494342e-06,1.76688122494342e-06,1.76688122494342e-06,1.76688122494342e-06,1.76688122494342e-06,1.76688122494342e-06,1.76688122494342e-06,1.76688122494342e-06,1.76688122494342e-06,1.76688122494342e-06,1.76688122494342e-06,1.76688122494342e-06,1.76688122494342e-06,1.76688122494342e-06,1.76688122494342e-06,1.76688122494342e-06,1.76688122494342e-06,1.76688122494342e-06,1.76688122494342e-06,1.76688122494342e-06,1.76688122494342e-06,1.76688122494342e-06,1.76688122494342e-06,1.76688122494342e-06,1.76688122494342e-06,1.76688122494342e-06,1.76688122494342e-06,1.76688122494342e-06,1.76688122494342e-06,1.76688122494342e-06,1.76688122494342e-06,1.76688122494342e-06,1.76688122494342e-06,1.76688122494342e-06,1.76688122494342e-06,1.76688122494342e-06,1.76688122494342e-06,1.76688122494342e-06
0.00157429117142458,0.00157429117142458,0.00157429117142458,0.00155662235917515,0.00155662235917515,0.00152128473467628,0.00152128473467628,0.00153895354692571,0.00160962879592345,0.00160962879592345,0.00164496642042232,0.00166263523267175,0.00164496642042232,0.00162729760817289,0.00166263523267175,0.00169797285717062,0.00169797285717062,0.00160962879592345,0.00162729760817289,0.00169797285717062,0.00164496642042232,0.00164496642042232,0.00180398573066723,0.00160962879592345,0.00173331048166949,0.00171564166942006,0.00175097929391892,0.00178631691841779,0.00182165454291666,0.00173331048166949,0.00157429117142458,0.00173331048166949,0.00182165454291666,0.00134459661218194,0.00150361592242685,0.00139760304893024,0.00173331048166949,0.00157429117142458,0.00148594711017741,0.00173331048166949,0.00152128473467628,0.001998342665411,0.00153895354692571,0.00132692779993251,0.00160962879592345,0.00132692779993251,0.00198067385316157,0.00152128473467628,0.00168030404492119,0.00159195998367402,0.00173331048166949,0.00137993423668081,0.00180398573066723,0.000920545118195519,0.000231461440467587,1.76688122494342e-06,1.76688122494342e-06,1.76688122494342e-06,1.76688122494342e-06,1.76688122494342e-06,1.76688122494342e-06,1.76688122494342e-06,1.76688122494342e-06,1.76688122494342e-06,1.76688122494342e-06,1.76688122494342e-06,1.76688122494342e-06,1.76688122494342e-06,1.76688122494342e-06,1.76688122494342e-06,1.76688122494342e-06,1.76688122494342e-06,1.76688122494342e-06,1.76688122494342e-06,1.76688122494342e-06,1.76688122494342e-06,1.76688122494342e-06,1.76688122494342e-06,1.76688122494342e-06,1.76688122494342e-06,1.76688122494342e-06,1.76688122494342e-06,1.76688122494342e-06,1.76688122494342e-06,1.76688122494342e-06,1.76688122494342e-06,1.76688122494342e-06,1.76688122494342e-06,1.76688122494342e-06,1.76688122494342e-06,1.76688122494342e-06,1.76688122494342e-06,1.76688122494342e-06,1.76688122494342e-06,1.76688122494342e-06,1.76688122494342e-06,1.76688122494342e-06,1.76688122494342e-06,1.76688122494342e-06,1.76688122494342e-06
0.00143294067342911,0.00137993423668081,0.00137993423668081,0.00137993423668081,0.00137993423668081,0.00141527186117968,0.00141527186117968,0.00134459661218194,0.00134459661218194,0.00136226542443137,0.00134459661218194,0.00132692779993251,0.00134459661218194,0.00136226542443137,0.00139760304893024,0.00143294067342911,0.00145060948567854,0.00141527186117968,0.00139760304893024,0.00139760304893024,0.00143294067342911,0.00148594711017741,0.00146827829792798,0.00155662235917515,0.00148594711017741,0.00150361592242685,0.00155662235917515,0.00159195998367402,0.00168030404492119,0.00169797285717062,0.00176864810616836,0.00160962879592345,0.00153895354692571,0.00159195998367402,0.00130925898768307,0.00160962879592345,0.00146827829792798,0.00175097929391892,0.00175097929391892,0.00143294067342911,0.00160962879592345,0.00180398573066723,0.00196300504091213,0.00150361592242685,0.00153895354692571,0.00159195998367402,0.00203368028990987,0.00146827829792798,0.00168030404492119,0.00192766741641327,0.00145060948567854,0.00141527186117968,0.00148594711017741,0.000938213930444954,0.000249130252717022,5.47733179732459e-05,1.76688122494342e-06,1.76688122494342e-06,1.76688122494342e-06,1.76688122494342e-06,1.76688122494342e-06,1.76688122494342e-06,1.76688122494342e-06,1.76688122494342e-06,1.76688122494342e-06,1.76688122494342e-06,1.76688122494342e-06,1.76688122494342e-06,1.76688122494342e-06,1.76688122494342e-06,1.76688122494342e-06,1.76688122494342e-06,1.76688122494342e-06,1.76688122494342e-06,1.76688122494342e-06,1.76688122494342e-06,1.76688122494342e-06,1.76688122494342e-06,1.76688122494342e-06,1.76688122494342e-06,1.76688122494342e-06,1.76688122494342e-06,1.76688122494342e-06,1.76688122494342e-06,1.76688122494342e-06,1.76688122494342e-06,1.76688122494342e-06,1.76688122494342e-06,1.76688122494342e-06,1.76688122494342e-06,1.76688122494342e-06,1.76688122494342e-06,1.76688122494342e-06,1.76688122494342e-06,1.76688122494342e-06,1.76688122494342e-06,1.76688122494342e-06,1.76688122494342e-06,1.76688122494342e-06,1.76688122494342e-06
0.00201601147766044,0.00206901791440874,0.00206901791440874,0.00208668672665817,0.00208668672665817,0.00205134910215931,0.00205134910215931,0.00203368028990987,0.001998342665411,0.00198067385316157,0.00192766741641327,0.0019453362286627,0.0018923297919144,0.00185699216741553,0.00182165454291666,0.00171564166942006,0.00168030404492119,0.00173331048166949,0.00169797285717062,0.00169797285717062,0.00166263523267175,0.00166263523267175,0.00157429117142458,0.00157429117142458,0.00155662235917515,0.00141527186117968,0.00134459661218194,0.00148594711017741,0.00162729760817289,0.00153895354692571,0.00168030404492119,0.00166263523267175,0.00176864810616836,0.00176864810616836,0.00175097929391892,0.00176864810616836,0.00160962879592345,0.00125625255093477,0.00160962879592345,0.00168030404492119,0.00168030404492119,0.00171564166942006,0.0019453362286627,0.00141527186117968,0.00139760304893024,0.00162729760817289,0.00153895354692571,0.00160962879592345,0.00130925898768307,0.00132692779993251,0.00136226542443137,0.00185699216741553,0.00169797285717062,0.00152128473467628,0.000337474313964192,1.94356934743776e-05,1.76688122494342e-06,1.76688122494342e-06,1.76688122494342e-06,1.76688122494342e-06,1.76688122494342e-06,1.76688122494342e-06,1.76688122494342e-06,1.76688122494342e-06,1.76688122494342e-06,1.76688122494342e-06,1.76688122494342e-06,1.76688122494342e-06,1.76688122494342e-06,1.76688122494342e-06,1.76688122494342e-06,1.76688122494342e-06,1.76688122494342e-06,1.76688122494342e-06,1.76688122494342e-06,1.76688122494342e-06,1.76688122494342e-06,1.76688122494342e-06,1.76688122494342e-06,1.76688122494342e-06,1.76688122494342e-06,1.76688122494342e-06,1.76688122494342e-06,1.76688122494342e-06,1.76688122494342e-06,1.76688122494342e-06,1.76688122494342e-06,1.76688122494342e-06,1.76688122494342e-06,1.76688122494342e-06,1.76688122494342e-06,1.76688122494342e-06,1.76688122494342e-06,1.76688122494342e-06,1.76688122494342e-06,1.76688122494342e-06,1.76688122494342e-06,1.76688122494342e-06,1.76688122494342e-06,1.76688122494342e-06
0.00150361592242685,0.00150361592242685,0.00150361592242685,0.00146827829792798,0.00146827829792798,0.00150361592242685,0.00150361592242685,0.00157429117142458,0.00162729760817289,0.00162729760817289,0.00168030404492119,0.00166263523267175,0.00168030404492119,0.00168030404492119,0.00171564166942006,0.00173331048166949,0.00182165454291666,0.00187466097966496,0.00187466097966496,0.00182165454291666,0.00187466097966496,0.0018393233551661,0.00192766741641327,0.00185699216741553,0.00185699216741553,0.0019453362286627,0.00187466097966496,0.00169797285717062,0.00148594711017741,0.00166263523267175,0.00155662235917515,0.00180398573066723,0.00150361592242685,0.00176864810616836,0.00171564166942006,0.00155662235917515,0.00162729760817289,0.00185699216741553,0.00159195998367402,0.00162729760817289,0.00182165454291666,0.00187466097966496,0.00180398573066723,0.00162729760817289,0.00134459661218194,0.00155662235917515,0.00173331048166949,0.00160962879592345,0.00185699216741553,0.00123858373868533,0.00166263523267175,0.00190999860416383,0.00159195998367402,0.00129159017543364,0.000478824811959666,1.94356934743776e-05,1.76688122494342e-06,1.76688122494342e-06,1.76688122494342e-06,1.76688122494342e-06,1.76688122494342e-06,1.76688122494342e-06,1.76688122494342e-06,1.76688122494342e-06,1.76688122494342e-06,1.76688122494342e-06,1.76688122494342e-06,1.76688122494342e-06,1.76688122494342e-06,1.76688122494342e-06,1.76688122494342e-06,1.76688122494342e-06,1.76688122494342e-06,1.76688122494342e-06,1.76688122494342e-06,1.76688122494342e-06,1.76688122494342e-06,1.76688122494342e-06,1.76688122494342e-06,1.76688122494342e-06,1.76688122494342e-06,1.76688122494342e-06,1.76688122494342e-06,1.76688122494342e-06,1.76688122494342e-06,1.76688122494342e-06,1.76688122494342e-06,1.76688122494342e-06,1.76688122494342e-06,1.76688122494342e-06,1.76688122494342e-06,1.76688122494342e-06,1.76688122494342e-06,1.76688122494342e-06,1.76688122494342e-06,1.76688122494342e-06,1.76688122494342e-06,1.76688122494342e-06,1.76688122494342e-06,1.76688122494342e-06
0.00153895354692571,0.00153895354692571,0.00153895354692571,0.00157429117142458,0.00157429117142458,0.00152128473467628,0.00152128473467628,0.00152128473467628,0.00152128473467628,0.00155662235917515,0.00155662235917515,0.00155662235917515,0.00160962879592345,0.00155662235917515,0.00153895354692571,0.00152128473467628,0.00155662235917515,0.00143294067342911,0.00145060948567854,0.00148594711017741,0.00148594711017741,0.00159195998367402,0.00155662235917515,0.00157429117142458,0.00164496642042232,0.00159195998367402,0.00180398573066723,0.00168030404492119,0.00176864810616836,0.00152128473467628,0.00166263523267175,0.00146827829792798,0.00169797285717062,0.00178631691841779,0.00190999860416383,0.00164496642042232,0.00169797285717062,0.00146827829792798,0.00175097929391892,0.00171564166942006,0.00155662235917515,0.00125625255093477,0.00187466097966496,0.00192766741641327,0.00176864810616836,0.00187466097966496,0.00146827829792798,0.0018923297919144,0.00173331048166949,0.00139760304893024,0.00164496642042232,0.00175097929391892,0.00196300504091213,0.0012739213631842,0.000567168873206836,3.71045057238117e-05,1.76688122494342e-06,1.76688122494342e-06,1.76688122494342e-06,1.76688122494342e-06,1.76688122494342e-06,1.76688122494342e-06,1.76688122494342e-06,1.76688122494342e-06,1.76688122494342e-06,1.76688122494342e-06,1.76688122494342e-06,1.76688122494342e-06,1.76688122494342e-06,1.76688122494342e-06,1.76688122494342e-06,1.76688122494342e-06,1.76688122494342e-06,1.76688122494342e-06,1.76688122494342e-06,1.76688122494342e-06,1.76688122494342e-06,1.76688122494342e-06,1.76688122494342e-06,1.76688122494342e-06,1.76688122494342e-06,1.76688122494342e-06,1.76688122494342e-06,1.76688122494342e-06,1.76688122494342e-06,1.76688122494342e-06,1.76688122494342e-06,1.76688122494342e-06,1.76688122494342e-06,1.76688122494342e-06,1.76688122494342e-06,1.76688122494342e-06,1.76688122494342e-06,1.76688122494342e-06,1.76688122494342e-06,1.76688122494342e-06,1.76688122494342e-06,1.76688122494342e-06,1.76688122494342e-06,1.76688122494342e-06
0.00171564166942006,0.00169797285717062,0.00169797285717062,0.00166263523267175,0.00166263523267175,0.00171564166942006,0.00171564166942006,0.00168030404492119,0.00164496642042232,0.00162729760817289,0.00155662235917515,0.00159195998367402,0.00159195998367402,0.00168030404492119,0.00166263523267175,0.00168030404492119,0.00160962879592345,0.00168030404492119,0.00164496642042232,0.00162729760817289,0.00153895354692571,0.00143294067342911,0.00152128473467628,0.00146827829792798,0.00143294067342911,0.00153895354692571,0.00153895354692571,0.00155662235917515,0.00160962879592345,0.00173331048166949,0.00166263523267175,0.00176864810616836,0.0018393233551661,0.00153895354692571,0.00168030404492119,0.00148594711017741,0.00162729760817289,0.00166263523267175,0.00143294067342911,0.00166263523267175,0.00187466097966496,0.00213969316340648,0.00171564166942006,0.0019453362286627,0.00153895354692571,0.00153895354692571,0.00155662235917515,0.00148594711017741,0.00173331048166949,0.00178631691841779,0.0018393233551661,0.00162729760817289,0.00178631691841779,0.00120324611418647,0.000655512934454007,7.244213022268e-05,1.76688122494342e-06,1.76688122494342e-06,1.76688122494342e-06,1.76688122494342e-06,1.76688122494342e-06,1.76688122494342e-06,1.76688122494342e-06,1.76688122494342e-06,1.76688122494342e-06,1.76688122494342e-06,1.76688122494342e-06,1.76688122494342e-06,1.76688122494342e-06,1.76688122494342e-06,1.76688122494342e-06,1.76688122494342e-06,1.76688122494342e-06,1.76688122494342e-06,1.76688122494342e-06,1.76688122494342e-06,1.76688122494342e-06,1.76688122494342e-06,1.76688122494342e-06,1.76688122494342e-06,1.76688122494342e-06,1.76688122494342e-06,1.76688122494342e-06,1.76688122494342e-06,1.76688122494342e-06,1.76688122494342e-06,1.76688122494342e-06,1.76688122494342e-06,1.76688122494342e-06,1.76688122494342e-06,1.76688122494342e-06,1.76688122494342e-06,1.76688122494342e-06,1.76688122494342e-06,1.76688122494342e-06,1.76688122494342e-06,1.76688122494342e-06,1.76688122494342e-06,1.76688122494342e-06,1.76688122494342e-06
0.00160962879592345,0.00160962879592345,0.00160962879592345,0.00166263523267175,0.00166263523267175,0.00164496642042232,0.00164496642042232,0.00168030404492119,0.00171564166942006,0.00171564166942006,0.00175097929391892,0.00175097929391892,0.00173331048166949,0.00164496642042232,0.00168030404492119,0.00176864810616836,0.00178631691841779,0.00180398573066723,0.0018393233551661,0.0018393233551661,0.00175097929391892,0.00178631691841779,0.00176864810616836,0.00190999860416383,0.0018923297919144,0.00176864810616836,0.00169797285717062,0.0018393233551661,0.00175097929391892,0.00185699216741553,0.00187466097966496,0.0018923297919144,0.00180398573066723,0.00187466097966496,0.00155662235917515,0.00180398573066723,0.00153895354692571,0.0018393233551661,0.00159195998367402,0.00166263523267175,0.00160962879592345,0.00185699216741553,0.00171564166942006,0.001998342665411,0.00166263523267175,0.00159195998367402,0.00171564166942006,0.00171564166942006,0.00176864810616836,0.00190999860416383,0.00178631691841779,0.00173331048166949,0.00166263523267175,0.00137993423668081,0.000973551554943822,9.01109424721142e-05,1.94356934743776e-05,1.76688122494342e-06,1.76688122494342e-06,1.76688122494342e-06,1.76688122494342e-06,1.76688122494342e-06,1.76688122494342e-06,1.76688122494342e-06,1.76688122494342e-06,1.76688122494342e-06,1.76688122494342e-06,1.76688122494342e-06,1.76688122494342e-06,1.76688122494342e-06,1.76688122494342e-06,1.76688122494342e-06,1.76688122494342e-06,1.76688122494342e-06,1.76688122494342e-06,1.76688122494342e-06,1.76688122494342e-06,1.76688122494342e-06,1.76688122494342e-06,1.76688122494342e-06,1.76688122494342e-06,1.76688122494342e-06,1.76688122494342e-06,1.76688122494342e-06,1.76688122494342e-06,1.76688122494342e-06,1.76688122494342e-06,1.76688122494342e-06,1.76688122494342e-06,1.76688122494342e-06,1.76688122494342e-06,1.76688122494342e-06,1.76688122494342e-06,1.76688122494342e-06,1.76688122494342e-06,1.76688122494342e-06,1.76688122494342e-06,1.76688122494342e-06,1.76688122494342e-06,1.76688122494342e-06
0.0019453362286627,0.00196300504091213,0.00196300504091213,0.00190999860416383,0.00190999860416383,0.00187466097966496,0.00187466097966496,0.0018393233551661,0.00182165454291666,0.0018393233551661,0.0018393233551661,0.00178631691841779,0.00178631691841779,0.00182165454291666,0.00176864810616836,0.00168030404492119,0.00173331048166949,0.00175097929391892,0.00178631691841779,0.00180398573066723,0.001998342665411,0.00187466097966496,0.00173331048166949,0.00178631691841779,0.00180398573066723,0.00190999860416383,0.0018923297919144,0.00180398573066723,0.00162729760817289,0.00168030404492119,0.00178631691841779,0.00169797285717062,0.00150361592242685,0.00148594711017741,0.00164496642042232,0.00173331048166949,0.00169797285717062,0.00162729760817289,0.0018393233551661,0.00155662235917515,0.00171564166942006,0.00171564166942006,0.00196300504091213,0.00173331048166949,0.001998342665411,0.00157429117142458,0.00166263523267175,0.0018393233551661,0.00145060948567854,0.00169797285717062,0.00173331048166949,0.00160962879592345,0.00182165454291666,0.00208668672665817,0.000938213930444954,0.000125448566970982,1.76688122494342e-06,1.76688122494342e-06,1.76688122494342e-06,1.76688122494342e-06,1.76688122494342e-06,1.76688122494342e-06,1.76688122494342e-06,1.76688122494342e-06,1.76688122494342e-06,1.76688122494342e-06,1.76688122494342e-06,1.76688122494342e-06,1.76688122494342e-06,1.76688122494342e-06,1.76688122494342e-06,1.76688122494342e-06,1.76688122494342e-06,1.76688122494342e-06,1.76688122494342e-06,1.76688122494342e-06,1.76688122494342e-06,1.76688122494342e-06,1.76688122494342e-06,1.76688122494342e-06,1.76688122494342e-06,1.76688122494342e-06,1.76688122494342e-06,1.76688122494342e-06,1.76688122494342e-06,1.76688122494342e-06,1.76688122494342e-06,1.76688122494342e-06,1.76688122494342e-06,1.76688122494342e-06,1.76688122494342e-06,1.76688122494342e-06,1.76688122494342e-06,1.76688122494342e-06,1.76688122494342e-06,1.76688122494342e-06,1.76688122494342e-06,1.76688122494342e-06,1.76688122494342e-06,1.76688122494342e-06
0.00157429117142458,0.00153895354692571,0.00153895354692571,0.00157429117142458,0.00157429117142458,0.00160962879592345,0.00160962879592345,0.00160962879592345,0.00157429117142458,0.00155662235917515,0.00157429117142458,0.00157429117142458,0.00157429117142458,0.00160962879592345,0.00162729760817289,0.00162729760817289,0.00164496642042232,0.00155662235917515,0.00150361592242685,0.00153895354692571,0.00155662235917515,0.00173331048166949,0.00176864810616836,0.00168030404492119,0.00160962879592345,0.00169797285717062,0.00171564166942006,0.00176864810616836,0.00187466097966496,0.00169797285717062,0.00155662235917515,0.00187466097966496,0.00198067385316157,0.00196300504091213,0.00178631691841779,0.00190999860416383,0.00192766741641327,0.00150361592242685,0.00185699216741553,0.00155662235917515,0.00145060948567854,0.00175097929391892,0.00182165454291666,0.00185699216741553,0.00206901791440874,0.00164496642042232,0.00164496642042232,0.0018923297919144,0.00208668672665817,0.00157429117142458,0.00143294067342911,0.00150361592242685,0.00171564166942006,0.00180398573066723,0.00120324611418647,0.000196123815968719,1.76688122494342e-06,1.76688122494342e-06,1.76688122494342e-06,1.76688122494342e-06,1.76688122494342e-06,1.76688122494342e-06,1.76688122494342e-06,1.76688122494342e-06,1.76688122494342e-06,1.76688122494342e-06,1.76688122494342e-06,1.76688122494342e-06,1.76688122494342e-06,1.76688122494342e-06,1.76688122494342e-06,1.76688122494342e-06,1.76688122494342e-06,1.76688122494342e-06,1.76688122494342e-06,1.76688122494342e-06,1.76688122494342e-06,1.76688122494342e-06,1.76688122494342e-06,1.76688122494342e-06,1.76688122494342e-06,1.76688122494342e-06,1.76688122494342e-06,1.76688122494342e-06,1.76688122494342e-06,1.76688122494342e-06,1.76688122494342e-06,1.76688122494342e-06,1.76688122494342e-06,1.76688122494342e-06,1.76688122494342e-06,1.76688122494342e-06,1.76688122494342e-06,1.76688122494342e-06,1.76688122494342e-06,1.76688122494342e-06,1.76688122494342e-06,1.76688122494342e-06,1.76688122494342e-06,1.76688122494342e-06
0.00180398573066723,0.0018393233551661,0.0018393233551661,0.00178631691841779,0.00178631691841779,0.00180398573066723,0.00180398573066723,0.00182165454291666,0.00185699216741553,0.00185699216741553,0.00187466097966496,0.00190999860416383,0.0019453362286627,0.00187466097966496,0.0018923297919144,0.0018923297919144,0.00180398573066723,0.00185699216741553,0.00185699216741553,0.00175097929391892,0.00162729760817289,0.00155662235917515,0.00160962879592345,0.00169797285717062,0.00175097929391892,0.00157429117142458,0.00160962879592345,0.00168030404492119,0.00178631691841779,0.00182165454291666,0.00164496642042232,0.00137993423668081,0.00157429117142458,0.00176864810616836,0.00176864810616836,0.00171564166942006,0.00187466097966496,0.00187466097966496,0.00157429117142458,0.00210435553890761,0.00173331048166949,0.00139760304893024,0.00201601147766044,0.0018923297919144,0.00201601147766044,0.00176864810616836,0.00175097929391892,0.00215736197565591,0.0018923297919144,0.00190999860416383,0.00159195998367402,0.00166263523267175,0.00178631691841779,0.00169797285717062,0.00109723324068986,0.000319805501714758,1.76688122494342e-06,1.76688122494342e-06,1.76688122494342e-06,1.76688122494342e-06,1.76688122494342e-06,1.76688122494342e-06,1.76688122494342e-06,1.76688122494342e-06,1.76688122494342e-06,1.76688122494342e-06,1.76688122494342e-06,1.76688122494342e-06,1.76688122494342e-06,1.76688122494342e-06,1.76688122494342e-06,1.76688122494342e-06,1.76688122494342e-06,1.76688122494342e-06,1.76688122494342e-06,1.76688122494342e-06,1.76688122494342e-06,1.76688122494342e-06,1.76688122494342e-06,1.76688122494342e-06,1.76688122494342e-06,1.76688122494342e-06,1.76688122494342e-06,1.76688122494342e-06,1.76688122494342e-06,1.76688122494342e-06,1.76688122494342e-06,1.76688122494342e-06,1.76688122494342e-06,1.76688122494342e-06,1.76688122494342e-06,1.76688122494342e-06,1.76688122494342e-06,1.76688122494342e-06,1.76688122494342e-06,1.76688122494342e-06,1.76688122494342e-06,1.76688122494342e-06,1.76688122494342e-06,1.76688122494342e-06
0.00182165454291666,0.00180398573066723,0.00180398573066723,0.00185699216741553,0.00185699216741553,0.0018393233551661,0.0018393233551661,0.0018393233551661,0.00185699216741553,0.00182165454291666,0.00180398573066723,0.00180398573066723,0.00176864810616836,0.00187466097966496,0.0018393233551661,0.00180398573066723,0.0018393233551661,0.0018393233551661,0.00180398573066723,0.00182165454291666,0.00185699216741553,0.0018923297919144,0.00175097929391892,0.00173331048166949,0.00175097929391892,0.00182165454291666,0.00178631691841779,0.00173331048166949,0.00166263523267175,0.00169797285717062,0.00182165454291666,0.0018393233551661,0.00173331048166949,0.00159195998367402,0.00182165454291666,0.00187466097966496,0.00166263523267175,0.00192766741641327,0.00157429117142458,0.00171564166942006,0.00206901791440874,0.00162729760817289,0.00173331048166949,0.0018923297919144,0.00180398573066723,0.00215736197565591,0.00187466097966496,0.00171564166942006,0.00175097929391892,0.00182165454291666,0.00168030404492119,0.00168030404492119,0.00176864810616836,0.00224570603690308,0.00136226542443137,0.000408149562961929,1.76688122494342e-06,1.76688122494342e-06,1.76688122494342e-06,1.76688122494342e-06,1.76688122494342e-06,1.76688122494342e-06,1.76688122494342e-06,1.76688122494342e-06,1.76688122494342e-06,1.76688122494342e-06,1.76688122494342e-06,1.76688122494342e-06,1.76688122494342e-06,1.76688122494342e-06,1.76688122494342e-06,1.76688122494342e-06,1.76688122494342e-06,1.76688122494342e-06,1.76688122494342e-06,1.76688122494342e-06,1.76688122494342e-06,1.76688122494342e-06,1.76688122494342e-06,1.76688122494342e-06,1.76688122494342e-06,1.76688122494342e-06,1.76688122494342e-06,1.76688122494342e-06,1.76688122494342e-06,1.76688122494342e-06,1.76688122494342e-06,1.76688122494342e-06,1.76688122494342e-06,1.76688122494342e-06,1.76688122494342e-06,1.76688122494342e-06,1.76688122494342e-06,1.76688122494342e-06,1.76688122494342e-06,1.76688122494342e-06,1.76688122494342e-06,1.76688122494342e-06,1.76688122494342e-06,1.76688122494342e-06
0.00201601147766044,0.00203368028990987,0.00203368028990987,0.00203368028990987,0.00203368028990987,0.00201601147766044,0.00201601147766044,0.00205134910215931,0.00203368028990987,0.00205134910215931,0.00205134910215931,0.00205134910215931,0.00206901791440874,0.00203368028990987,0.00205134910215931,0.00206901791440874,0.00208668672665817,0.00206901791440874,0.00205134910215931,0.00208668672665817,0.00208668672665817,0.00206901791440874,0.00208668672665817,0.00196300504091213,0.00192766741641327,0.00201601147766044,0.00210435553890761,0.00221036841240421,0.00212202435115704,0.00212202435115704,0.001998342665411,0.00180398573066723,0.00180398573066723,0.00182165454291666,0.00178631691841779,0.00148594711017741,0.00166263523267175,0.00173331048166949,0.00210435553890761,0.00185699216741553,0.00178631691841779,0.00196300504091213,0.00178631691841779,0.00198067385316157,0.00176864810616836,0.0018393233551661,0.00141527186117968,0.00164496642042232,0.00173331048166949,0.00178631691841779,0.0018393233551661,0.00192766741641327,0.00185699216741553,0.00206901791440874,0.00125625255093477,0.000637844122204573,9.01109424721142e-05,1.76688122494342e-06,1.76688122494342e-06,1.76688122494342e-06,1.76688122494342e-06,1.76688122494342e-06,1.76688122494342e-06,1.76688122494342e-06,1.76688122494342e-06,1.76688122494342e-06,1.76688122494342e-06,1.76688122494342e-06,1.76688122494342e-06,1.76688122494342e-06,1.76688122494342e-06,1.76688122494342e-06,1.76688122494342e-06,1.76688122494342e-06,1.76688122494342e-06,1.76688122494342e-06,1.76688122494342e-06,1.76688122494342e-06,1.76688122494342e-06,1.76688122494342e-06,1.76688122494342e-06,1.76688122494342e-06,1.76688122494342e-06,1.76688122494342e-06,1.76688122494342e-06,1.76688122494342e-06,1.76688122494342e-06,1.76688122494342e-06,1.76688122494342e-06,1.76688122494342e-06,1.76688122494342e-06,1.76688122494342e-06,1.76688122494342e-06,1.76688122494342e-06,1.76688122494342e-06,1.76688122494342e-06,1.76688122494342e-06,1.76688122494342e-06,1.76688122494342e-06,1.76688122494342e-06
0.00182165454291666,0.00178631691841779,0.00178631691841779,0.00178631691841779,0.00178631691841779,0.00180398573066723,0.00180398573066723,0.00178631691841779,0.00175097929391892,0.00175097929391892,0.00176864810616836,0.00178631691841779,0.00176864810616836,0.00173331048166949,0.00173331048166949,0.00171564166942006,0.00171564166942006,0.00175097929391892,0.00182165454291666,0.00185699216741553,0.00187466097966496,0.00187466097966496,0.00196300504091213,0.00198067385316157,0.00198067385316157,0.0018923297919144,0.00173331048166949,0.00162729760817289,0.00168030404492119,0.00173331048166949,0.00206901791440874,0.00201601147766044,0.00185699216741553,0.00185699216741553,0.00185699216741553,0.00203368028990987,0.00203368028990987,0.0018923297919144,0.00166263523267175,0.00164496642042232,0.00166263523267175,0.00173331048166949,0.00169797285717062,0.00166263523267175,0.00208668672665817,0.001998342665411,0.00190999860416383,0.00164496642042232,0.00206901791440874,0.00175097929391892,0.00159195998367402,0.00222803722465365,0.00175097929391892,0.00206901791440874,0.00173331048166949,0.000726188183451744,5.47733179732459e-05,1.76688122494342e-06,1.76688122494342e-06,1.76688122494342e-06,1.76688122494342e-06,1.76688122494342e-06,1.76688122494342e-06,1.76688122494342e-06,1.76688122494342e-06,1.76688122494342e-06,1.76688122494342e-06,1.76688122494342e-06,1.76688122494342e-06,1.76688122494342e-06,1.76688122494342e-06,1.76688122494342e-06,1.76688122494342e-06,1.76688122494342e-06,1.76688122494342e-06,1.76688122494342e-06,1.76688122494342e-06,1.76688122494342e-06,1.76688122494342e-06,1.76688122494342e-06,1.76688122494342e-06,1.76688122494342e-06,1.76688122494342e-06,1.76688122494342e-06,1.76688122494342e-06,1.76688122494342e-06,1.76688122494342e-06,1.76688122494342e-06,1.76688122494342e-06,1.76688122494342e-06,1.76688122494342e-06,1.76688122494342e-06,1.76688122494342e-06,1.76688122494342e-06,1.76688122494342e-06,1.76688122494342e-06,1.76688122494342e-06,1.76688122494342e-06,1.76688122494342e-06,1.76688122494342e-06
0.00190999860416383,0.0019453362286627,0.0019453362286627,0.00192766741641327,0.00192766741641327,0.00190999860416383,0.00190999860416383,0.0018923297919144,0.00187466097966496,0.0018923297919144,0.00187466097966496,0.00187466097966496,0.0018393233551661,0.00187466097966496,0.0018923297919144,0.00192766741641327,0.00182165454291666,0.0018393233551661,0.00182165454291666,0.00178631691841779,0.00178631691841779,0.00178631691841779,0.00185699216741553,0.00178631691841779,0.00182165454291666,0.00180398573066723,0.00180398573066723,0.00171564166942006,0.00180398573066723,0.00192766741641327,0.0018923297919144,0.00190999860416383,0.00212202435115704,0.00219269960015478,0.00215736197565591,0.00185699216741553,0.00159195998367402,0.00187466097966496,0.00196300504091213,0.0019453362286627,0.00164496642042232,0.00185699216741553,0.00168030404492119,0.00173331048166949,0.00185699216741553,0.00185699216741553,0.00206901791440874,0.00160962879592345,0.00198067385316157,0.00198067385316157,0.00148594711017741,0.0019453362286627,0.00164496642042232,0.00169797285717062,0.00182165454291666,0.000832201056948349,7.244213022268e-05,1.76688122494342e-06,1.76688122494342e-06,1.76688122494342e-06,1.76688122494342e-06,1.76688122494342e-06,1.76688122494342e-06,1.76688122494342e-06,1.76688122494342e-06,1.76688122494342e-06,1.76688122494342e-06,1.76688122494342e-06,1.76688122494342e-06,1.76688122494342e-06,1.76688122494342e-06,1.76688122494342e-06,1.76688122494342e-06,1.76688122494342e-06,1.76688122494342e-06,1.76688122494342e-06,1.76688122494342e-06,1.76688122494342e-06,1.76688122494342e-06,1.76688122494342e-06,1.76688122494342e-06,1.76688122494342e-06,1.76688122494342e-06,1.76688122494342e-06,1.76688122494342e-06,1.76688122494342e-06,1.76688122494342e-06,1.76688122494342e-06,1.76688122494342e-06,1.76688122494342e-06,1.76688122494342e-06,1.76688122494342e-06,1.76688122494342e-06,1.76688122494342e-06,1.76688122494342e-06,1.76688122494342e-06,1.76688122494342e-06,1.76688122494342e-06,1.76688122494342e-06,1.76688122494342e-06
0.00182165454291666,0.00176864810616836,0.00176864810616836,0.00176864810616836,0.00176864810616836,0.00176864810616836,0.00176864810616836,0.00175097929391892,0.00180398573066723,0.00180398573066723,0.0018393233551661,0.0018393233551661,0.0018393233551661,0.00182165454291666,0.00178631691841779,0.00171564166942006,0.00180398573066723,0.00182165454291666,0.00178631691841779,0.00187466097966496,0.0018393233551661,0.0018393233551661,0.00180398573066723,0.0018923297919144,0.00185699216741553,0.00178631691841779,0.00187466097966496,0.0018923297919144,0.0019453362286627,0.00185699216741553,0.00176864810616836,0.00180398573066723,0.00192766741641327,0.001998342665411,0.00185699216741553,0.0019453362286627,0.00212202435115704,0.0018923297919144,0.00190999860416383,0.00201601147766044,0.0019453362286627,0.00185699216741553,0.00198067385316157,0.00198067385316157,0.0018923297919144,0.00203368028990987,0.00198067385316157,0.00155662235917515,0.00166263523267175,0.00206901791440874,0.00173331048166949,0.00155662235917515,0.00185699216741553,0.00180398573066723,0.00173331048166949,0.00100888917944269,0.000160786191469851,1.76688122494342e-06,1.76688122494342e-06,1.76688122494342e-06,1.76688122494342e-06,1.76688122494342e-06,1.76688122494342e-06,1.76688122494342e-06,1.76688122494342e-06,1.76688122494342e-06,1.76688122494342e-06,1.76688122494342e-06,1.76688122494342e-06,1.76688122494342e-06,1.76688122494342e-06,1.76688122494342e-06,1.76688122494342e-06,1.76688122494342e-06,1.76688122494342e-06,1.76688122494342e-06,1.76688122494342e-06,1.76688122494342e-06,1.76688122494342e-06,1.76688122494342e-06,1.76688122494342e-06,1.76688122494342e-06,1.76688122494342e-06,1.76688122494342e-06,1.76688122494342e-06,1.76688122494342e-06,1.76688122494342e-06,1.76688122494342e-06,1.76688122494342e-06,1.76688122494342e-06,1.76688122494342e-06,1.76688122494342e-06,1.76688122494342e-06,1.76688122494342e-06,1.76688122494342e-06,1.76688122494342e-06,1.76688122494342e-06,1.76688122494342e-06,1.76688122494342e-06,1.76688122494342e-06
0.00192766741641327,0.00198067385316157,0.00198067385316157,0.00201601147766044,0.00201601147766044,0.001998342665411,0.001998342665411,0.00203368028990987,0.00205134910215931,0.00201601147766044,0.001998342665411,0.0019453362286627,0.001998342665411,0.00201601147766044,0.0019453362286627,0.00206901791440874,0.00205134910215931,0.001998342665411,0.00205134910215931,0.0019453362286627,0.0018923297919144,0.00192766741641327,0.00185699216741553,0.00182165454291666,0.00169797285717062,0.00173331048166949,0.00173331048166949,0.00176864810616836,0.00176864810616836,0.00166263523267175,0.00185699216741553,0.00201601147766044,0.00175097929391892,0.00176864810616836,0.00176864810616836,0.00205134910215931,0.00201601147766044,0.00198067385316157,0.00210435553890761,0.0018923297919144,0.001998342665411,0.00182165454291666,0.00171564166942006,0.001998342665411,0.00175097929391892,0.00217503078790534,0.00206901791440874,0.00192766741641327,0.00187466097966496,0.00196300504091213,0.00187466097966496,0.00176864810616836,0.00187466097966496,0.00212202435115704,0.00173331048166949,0.00130925898768307,0.000249130252717022,1.76688122494342e-06,1.76688122494342e-06,1.76688122494342e-06,1.76688122494342e-06,1.76688122494342e-06,1.76688122494342e-06,1.76688122494342e-06,1.76688122494342e-06,1.76688122494342e-06,1.76688122494342e-06,1.76688122494342e-06,1.76688122494342e-06,1.76688122494342e-06,1.76688122494342e-06,1.76688122494342e-06,1.76688122494342e-06,1.76688122494342e-06,1.76688122494342e-06,1.76688122494342e-06,1.76688122494342e-06,1.76688122494342e-06,1.76688122494342e-06,1.76688122494342e-06,1.76688122494342e-06,1.76688122494342e-06,1.76688122494342e-06,1.76688122494342e-06,1.76688122494342e-06,1.76688122494342e-06,1.76688122494342e-06,1.76688122494342e-06,1.76688122494342e-06,1.76688122494342e-06,1.76688122494342e-06,1.76688122494342e-06,1.76688122494342e-06,1.76688122494342e-06,1.76688122494342e-06,1.76688122494342e-06,1.76688122494342e-06,1.76688122494342e-06,1.76688122494342e-06,1.76688122494342e-06
0.00229871247365138,0.00228104366140195,0.00228104366140195,0.00222803722465365,0.00222803722465365,0.00221036841240421,0.00221036841240421,0.00222803722465365,0.00221036841240421,0.00219269960015478,0.00219269960015478,0.00219269960015478,0.00217503078790534,0.00217503078790534,0.00222803722465365,0.00215736197565591,0.00222803722465365,0.00229871247365138,0.00224570603690308,0.00226337484915252,0.00238705653489855,0.00236938772264912,0.00233405009815025,0.00238705653489855,0.00242239415939742,0.00235171891039969,0.00228104366140195,0.00208668672665817,0.00206901791440874,0.00222803722465365,0.001998342665411,0.00187466097966496,0.0018923297919144,0.00169797285717062,0.0018923297919144,0.0018923297919144,0.00236938772264912,0.00235171891039969,0.00203368028990987,0.0018393233551661,0.00219269960015478,0.0018393233551661,0.00192766741641327,0.00180398573066723,0.00190999860416383,0.00185699216741553,0.00198067385316157,0.00208668672665817,0.00162729760817289,0.00208668672665817,0.00224570603690308,0.00187466097966496,0.00180398573066723,0.00175097929391892,0.00224570603690308,0.00120324611418647,0.000249130252717022,1.76688122494342e-06,1.76688122494342e-06,1.76688122494342e-06,1.76688122494342e-06,1.76688122494342e-06,1.76688122494342e-06,1.76688122494342e-06,1.76688122494342e-06,1.76688122494342e-06,1.76688122494342e-06,1.76688122494342e-06,1.76688122494342e-06,1.76688122494342e-06,1.76688122494342e-06,1.76688122494342e-06,1.76688122494342e-06,1.76688122494342e-06,1.76688122494342e-06,1.76688122494342e-06,1.76688122494342e-06,1.76688122494342e-06,1.76688122494342e-06,1.76688122494342e-06,1.76688122494342e-06,1.76688122494342e-06,1.76688122494342e-06,1.76688122494342e-06,1.76688122494342e-06,1.76688122494342e-06,1.76688122494342e-06,1.76688122494342e-06,1.76688122494342e-06,1.76688122494342e-06,1.76688122494342e-06,1.76688122494342e-06,1.76688122494342e-06,1.76688122494342e-06,1.76688122494342e-06,1.76688122494342e-06,1.76688122494342e-06,1.76688122494342e-06,1.76688122494342e-06,1.76688122494342e-06
0.00221036841240421,0.00222803722465365,0.00222803722465365,0.00224570603690308,0.00224570603690308,0.00228104366140195,0.00228104366140195,0.00226337484915252,0.00222803722465365,0.00228104366140195,0.00226337484915252,0.00226337484915252,0.00228104366140195,0.00221036841240421,0.00221036841240421,0.00228104366140195,0.00222803722465365,0.00219269960015478,0.00219269960015478,0.00219269960015478,0.00215736197565591,0.00215736197565591,0.00212202435115704,0.00213969316340648,0.00221036841240421,0.00226337484915252,0.00224570603690308,0.00242239415939742,0.00228104366140195,0.00201601147766044,0.00222803722465365,0.00212202435115704,0.00210435553890761,0.00205134910215931,0.00208668672665817,0.00176864810616836,0.00178631691841779,0.0019453362286627,0.00221036841240421,0.0018923297919144,0.00175097929391892,0.00201601147766044,0.00168030404492119,0.00164496642042232,0.0018923297919144,0.00201601147766044,0.00224570603690308,0.00212202435115704,0.00190999860416383,0.00185699216741553,0.00210435553890761,0.00173331048166949,0.00187466097966496,0.00175097929391892,0.00222803722465365,0.00143294067342911,0.000514162436458534,1.76688122494342e-06,1.76688122494342e-06,1.76688122494342e-06,1.76688122494342e-06,1.76688122494342e-06,1.76688122494342e-06,1.76688122494342e-06,1.76688122494342e-06,1.76688122494342e-06,1.76688122494342e-06,1.76688122494342e-06,1.76688122494342e-06,1.76688122494342e-06,1.76688122494342e-06,1.76688122494342e-06,1.76688122494342e-06,1.76688122494342e-06,1.76688122494342e-06,1.76688122494342e-06,1.76688122494342e-06,1.76688122494342e-06,1.76688122494342e-06,1.76688122494342e-06,1.76688122494342e-06,1.76688122494342e-06,1.76688122494342e-06,1.76688122494342e-06,1.76688122494342e-06,1.76688122494342e-06,1.76688122494342e-06,1.76688122494342e-06,1.76688122494342e-06,1.76688122494342e-06,1.76688122494342e-06,1.76688122494342e-06,1.76688122494342e-06,1.76688122494342e-06,1.76688122494342e-06,1.76688122494342e-06,1.76688122494342e-06,1.76688122494342e-06,1.76688122494342e-06,1.76688122494342e-06
0.001998342665411,0.001998342665411,0.001998342665411,0.00198067385316157,0.00198067385316157,0.00201601147766044,0.00201601147766044,0.001998342665411,0.00203368028990987,0.00203368028990987,0.00203368028990987,0.00205134910215931,0.00205134910215931,0.00208668672665817,0.00213969316340648,0.00210435553890761,0.00213969316340648,0.001998342665411,0.00205134910215931,0.00212202435115704,0.00205134910215931,0.001998342665411,0.00196300504091213,0.00196300504091213,0.00205134910215931,0.00210435553890761,0.00213969316340648,0.00205134910215931,0.00215736197565591,0.00212202435115704,0.00212202435115704,0.00219269960015478,0.00219269960015478,0.00219269960015478,0.00196300504091213,0.00217503078790534,0.0019453362286627,0.00180398573066723,0.00180398573066723,0.00212202435115704,0.00187466097966496,0.00212202435115704,0.00192766741641327,0.00201601147766044,0.00196300504091213,0.00190999860416383,0.00185699216741553,0.00221036841240421,0.00178631691841779,0.00208668672665817,0.00221036841240421,0.00171564166942006,0.00185699216741553,0.00198067385316157,0.0018923297919144,0.00162729760817289,0.000814532244698915,3.71045057238117e-05,1.76688122494342e-06,1.76688122494342e-06,1.76688122494342e-06,1.76688122494342e-06,1.76688122494342e-06,1.76688122494342e-06,1.76688122494342e-06,1.76688122494342e-06,1.76688122494342e-06,1.76688122494342e-06,1.76688122494342e-06,1.76688122494342e-06,1.76688122494342e-06,1.76688122494342e-06,1.76688122494342e-06,1.76688122494342e-06,1.76688122494342e-06,1.76688122494342e-06,1.76688122494342e-06,1.76688122494342e-06,1.76688122494342e-06,1.76688122494342e-06,1.76688122494342e-06,1.76688122494342e-06,1.76688122494342e-06,1.76688122494342e-06,1.76688122494342e-06,1.76688122494342e-06,1.76688122494342e-06,1.76688122494342e-06,1.76688122494342e-06,1.76688122494342e-06,1.76688122494342e-06,1.76688122494342e-06,1.76688122494342e-06,1.76688122494342e-06,1.76688122494342e-06,1.76688122494342e-06,1.76688122494342e-06,1.76688122494342e-06,1.76688122494342e-06,1.76688122494342e-06
0.00210435553890761,0.00208668672665817,0.00208668672665817,0.00206901791440874,0.00206901791440874,0.00203368028990987,0.00203368028990987,0.00203368028990987,0.00205134910215931,0.00203368028990987,0.00203368028990987,0.00205134910215931,0.00205134910215931,0.00210435553890761,0.00206901791440874,0.00212202435115704,0.00210435553890761,0.00219269960015478,0.00212202435115704,0.00208668672665817,0.00208668672665817,0.00198067385316157,0.00213969316340648,0.00201601147766044,0.0019453362286627,0.0019453362286627,0.0019453362286627,0.00198067385316157,0.00196300504091213,0.00224570603690308,0.00212202435115704,0.00238705653489855,0.00224570603690308,0.00244006297164686,0.00238705653489855,0.00201601147766044,0.00187466097966496,0.00205134910215931,0.00198067385316157,0.00198067385316157,0.00212202435115704,0.00213969316340648,0.00219269960015478,0.00171564166942006,0.00185699216741553,0.00175097929391892,0.00210435553890761,0.00196300504091213,0.00192766741641327,0.00187466097966496,0.00236938772264912,0.0019453362286627,0.00182165454291666,0.0018393233551661,0.00205134910215931,0.0019453362286627,0.000761525807950612,5.47733179732459e-05,1.76688122494342e-06,1.76688122494342e-06,1.76688122494342e-06,1.76688122494342e-06,1.76688122494342e-06,1.76688122494342e-06,1.76688122494342e-06,1.76688122494342e-06,1.76688122494342e-06,1.76688122494342e-06,1.76688122494342e-06,1.76688122494342e-06,1.76688122494342e-06,1.76688122494342e-06,1.76688122494342e-06,1.76688122494342e-06,1.76688122494342e-06,1.76688122494342e-06,1.76688122494342e-06,1.76688122494342e-06,1.76688122494342e-06,1.76688122494342e-06,1.76688122494342e-06,1.76688122494342e-06,1.76688122494342e-06,1.76688122494342e-06,1.76688122494342e-06,1.76688122494342e-06,1.76688122494342e-06,1.76688122494342e-06,1.76688122494342e-06,1.76688122494342e-06,1.76688122494342e-06,1.76688122494342e-06,1.76688122494342e-06,1.76688122494342e-06,1.76688122494342e-06,1.76688122494342e-06,1.76688122494342e-06,1.76688122494342e-06,1.76688122494342e-06,1.76688122494342e-06
0.00182165454291666,0.00182165454291666,0.00182165454291666,0.00187466097966496,0.00187466097966496,0.00187466097966496,0.00187466097966496,0.0018923297919144,0.00185699216741553,0.00185699216741553,0.00187466097966496,0.00185699216741553,0.00180398573066723,0.00176864810616836,0.00176864810616836,0.00173331048166949,0.00169797285717062,0.00171564166942006,0.00173331048166949,0.00173331048166949,0.00180398573066723,0.0018923297919144,0.00190999860416383,0.00205134910215931,0.00212202435115704,0.00208668672665817,0.00196300504091213,0.00205134910215931,0.00210435553890761,0.00217503078790534,0.00201601147766044,0.00176864810616836,0.00201601147766044,0.00196300504091213,0.00229871247365138,0.00229871247365138,0.00192766741641327,0.00212202435115704,0.00215736197565591,0.00224570603690308,0.00219269960015478,0.00210435553890761,0.00238705653489855,0.00208668672665817,0.00205134910215931,0.00198067385316157,0.001998342665411,0.00238705653489855,0.00212202435115704,0.00198067385316157,0.00171564166942006,0.00221036841240421,0.00206901791440874,0.00212202435115704,0.0018923297919144,0.00201601147766044,0.00070851937120231,0.000143117379220417,1.76688122494342e-06,1.76688122494342e-06,1.76688122494342e-06,1.76688122494342e-06,1.76688122494342e-06,1.76688122494342e-06,1.76688122494342e-06,1.76688122494342e-06,1.76688122494342e-06,1.76688122494342e-06,1.76688122494342e-06,1.76688122494342e-06,1.76688122494342e-06,1.76688122494342e-06,1.76688122494342e-06,1.76688122494342e-06,1.76688122494342e-06,1.76688122494342e-06,1.76688122494342e-06,1.76688122494342e-06,1.76688122494342e-06,1.76688122494342e-06,1.76688122494342e-06,1.76688122494342e-06,1.76688122494342e-06,1.76688122494342e-06,1.76688122494342e-06,1.76688122494342e-06,1.76688122494342e-06,1.76688122494342e-06,1.76688122494342e-06,1.76688122494342e-06,1.76688122494342e-06,1.76688122494342e-06,1.76688122494342e-06,1.76688122494342e-06,1.76688122494342e-06,1.76688122494342e-06,1.76688122494342e-06,1.76688122494342e-06,1.76688122494342e-06,1.76688122494342e-06
0.00206901791440874,0.00206901791440874,0.00206901791440874,0.00208668672665817,0.00208668672665817,0.00212202435115704,0.00212202435115704,0.00213969316340648,0.00217503078790534,0.00217503078790534,0.00215736197565591,0.00215736197565591,0.00222803722465365,0.00219269960015478,0.00224570603690308,0.00222803722465365,0.00228104366140195,0.00224570603690308,0.00224570603690308,0.00217503078790534,0.00224570603690308,0.00224570603690308,0.00217503078790534,0.00210435553890761,0.001998342665411,0.00217503078790534,0.00224570603690308,0.00222803722465365,0.00219269960015478,0.00192766741641327,0.00206901791440874,0.00224570603690308,0.00212202435115704,0.00213969316340648,0.00176864810616836,0.00206901791440874,0.00235171891039969,0.0019453362286627,0.00210435553890761,0.00219269960015478,0.00208668672665817,0.00180398573066723,0.00205134910215931,0.00229871247365138,0.00196300504091213,0.001998342665411,0.001998342665411,0.00224570603690308,0.00251073822064459,0.001998342665411,0.00206901791440874,0.00231638128590082,0.00208668672665817,0.00171564166942006,0.00201601147766044,0.00171564166942006,0.000991220367193256,7.244213022268e-05,1.76688122494342e-06,1.76688122494342e-06,1.76688122494342e-06,1.76688122494342e-06,1.76688122494342e-06,1.76688122494342e-06,1.76688122494342e-06,1.76688122494342e-06,1.76688122494342e-06,1.76688122494342e-06,1.76688122494342e-06,1.76688122494342e-06,1.76688122494342e-06,1.76688122494342e-06,1.76688122494342e-06,1.76688122494342e-06,1.76688122494342e-06,1.76688122494342e-06,1.76688122494342e-06,1.76688122494342e-06,1.76688122494342e-06,1.76688122494342e-06,1.76688122494342e-06,1.76688122494342e-06,1.76688122494342e-06,1.76688122494342e-06,1.76688122494342e-06,1.76688122494342e-06,1.76688122494342e-06,1.76688122494342e-06,1.76688122494342e-06,1.76688122494342e-06,1.76688122494342e-06,1.76688122494342e-06,1.76688122494342e-06,1.76688122494342e-06,1.76688122494342e-06,1.76688122494342e-06,1.76688122494342e-06,1.76688122494342e-06,1.76688122494342e-06,1.76688122494342e-06
0.001998342665411,0.00198067385316157,0.00198067385316157,0.00192766741641327,0.00192766741641327,0.00190999860416383,0.00190999860416383,0.0018923297919144,0.0018923297919144,0.0018923297919144,0.00192766741641327,0.00192766741641327,0.00190999860416383,0.00190999860416383,0.00187466097966496,0.00187466097966496,0.00187466097966496,0.00198067385316157,0.00196300504091213,0.00205134910215931,0.00206901791440874,0.00208668672665817,0.00206901791440874,0.00205134910215931,0.00221036841240421,0.001998342665411,0.00192766741641327,0.00185699216741553,0.00185699216741553,0.00210435553890761,0.00208668672665817,0.001998342665411,0.00217503078790534,0.001998342665411,0.00240472534714799,0.00249306940839516,0.00226337484915252,0.00229871247365138,0.00213969316340648,0.00231638128590082,0.00221036841240421,0.00213969316340648,0.00201601147766044,0.00228104366140195,0.00205134910215931,0.00175097929391892,0.00206901791440874,0.00203368028990987,0.00196300504091213,0.00190999860416383,0.00210435553890761,0.00215736197565591,0.00221036841240421,0.0018393233551661,0.00176864810616836,0.00205134910215931,0.00130925898768307,0.00028446787721589,1.76688122494342e-06,1.76688122494342e-06,1.76688122494342e-06,1.76688122494342e-06,1.76688122494342e-06,1.76688122494342e-06,1.76688122494342e-06,1.76688122494342e-06,1.76688122494342e-06,1.76688122494342e-06,1.76688122494342e-06,1.76688122494342e-06,1.76688122494342e-06,1.76688122494342e-06,1.76688122494342e-06,1.76688122494342e-06,1.76688122494342e-06,1.76688122494342e-06,1.76688122494342e-06,1.76688122494342e-06,1.76688122494342e-06,1.76688122494342e-06,1.76688122494342e-06,1.76688122494342e-06,1.76688122494342e-06,1.76688122494342e-06,1.76688122494342e-06,1.76688122494342e-06,1.76688122494342e-06,1.76688122494342e-06,1.76688122494342e-06,1.76688122494342e-06,1.76688122494342e-06,1.76688122494342e-06,1.76688122494342e-06,1.76688122494342e-06,1.76688122494342e-06,1.76688122494342e-06,1.76688122494342e-06,1.76688122494342e-06,1.76688122494342e-06,1.76688122494342e-06
0.00210435553890761,0.00213969316340648,0.00213969316340648,0.00217503078790534,0.00217503078790534,0.00213969316340648,0.00213969316340648,0.00215736197565591,0.00213969316340648,0.00217503078790534,0.00217503078790534,0.00217503078790534,0.00213969316340648,0.00217503078790534,0.00215736197565591,0.00219269960015478,0.00219269960015478,0.00208668672665817,0.00212202435115704,0.00208668672665817,0.00201601147766044,0.001998342665411,0.00205134910215931,0.00210435553890761,0.00192766741641327,0.00201601147766044,0.00222803722465365,0.00233405009815025,0.001998342665411,0.00190999860416383,0.00196300504091213,0.00208668672665817,0.00213969316340648,0.00228104366140195,0.00205134910215931,0.00217503078790534,0.00224570603690308,0.00226337484915252,0.00215736197565591,0.00208668672665817,0.00222803722465365,0.00213969316340648,0.00233405009815025,0.00205134910215931,0.00224570603690308,0.00244006297164686,0.001998342665411,0.00192766741641327,0.00212202435115704,0.00192766741641327,0.001998342665411,0.00226337484915252,0.00212202435115704,0.00210435553890761,0.00229871247365138,0.00198067385316157,0.00176864810616836,0.00028446787721589,1.94356934743776e-05,1.76688122494342e-06,1.76688122494342e-06,1.76688122494342e-06,1.76688122494342e-06,1.76688122494342e-06,1.76688122494342e-06,1.76688122494342e-06,1.76688122494342e-06,1.76688122494342e-06,1.76688122494342e-06,1.76688122494342e-06,1.76688122494342e-06,1.76688122494342e-06,1.76688122494342e-06,1.76688122494342e-06,1.76688122494342e-06,1.76688122494342e-06,1.76688122494342e-06,1.76688122494342e-06,1.76688122494342e-06,1.76688122494342e-06,1.76688122494342e-06,1.76688122494342e-06,1.76688122494342e-06,1.76688122494342e-06,1.76688122494342e-06,1.76688122494342e-06,1.76688122494342e-06,1.76688122494342e-06,1.76688122494342e-06,1.76688122494342e-06,1.76688122494342e-06,1.76688122494342e-06,1.76688122494342e-06,1.76688122494342e-06,1.76688122494342e-06,1.76688122494342e-06,1.76688122494342e-06,1.76688122494342e-06,1.76688122494342e-06,1.76688122494342e-06
0.0026167510941412,0.00259908228189176,0.00259908228189176,0.00258141346964233,0.00258141346964233,0.00259908228189176,0.00259908228189176,0.00252840703289403,0.00252840703289403,0.00249306940839516,0.00245773178389629,0.00251073822064459,0.00252840703289403,0.00254607584514346,0.00258141346964233,0.00247540059614573,0.00235171891039969,0.00235171891039969,0.00235171891039969,0.00222803722465365,0.00212202435115704,0.00212202435115704,0.00205134910215931,0.00208668672665817,0.00210435553890761,0.00203368028990987,0.00196300504091213,0.00203368028990987,0.00229871247365138,0.00210435553890761,0.00219269960015478,0.00201601147766044,0.0018923297919144,0.00208668672665817,0.00198067385316157,0.00190999860416383,0.00203368028990987,0.00198067385316157,0.00213969316340648,0.00210435553890761,0.00233405009815025,0.00238705653489855,0.00196300504091213,0.00212202435115704,0.00231638128590082,0.00221036841240421,0.00192766741641327,0.00178631691841779,0.00221036841240421,0.00233405009815025,0.00217503078790534,0.00196300504091213,0.00201601147766044,0.00217503078790534,0.00233405009815025,0.00206901791440874,0.00164496642042232,0.000584837685456271,1.76688122494342e-06,1.76688122494342e-06,1.76688122494342e-06,1.76688122494342e-06,1.76688122494342e-06,1.76688122494342e-06,1.76688122494342e-06,1.76688122494342e-06,1.76688122494342e-06,1.76688122494342e-06,1.76688122494342e-06,1.76688122494342e-06,1.76688122494342e-06,1.76688122494342e-06,1.76688122494342e-06,1.76688122494342e-06,1.76688122494342e-06,1.76688122494342e-06,1.76688122494342e-06,1.76688122494342e-06,1.76688122494342e-06,1.76688122494342e-06,1.76688122494342e-06,1.76688122494342e-06,1.76688122494342e-06,1.76688122494342e-06,1.76688122494342e-06,1.76688122494342e-06,1.76688122494342e-06,1.76688122494342e-06,1.76688122494342e-06,1.76688122494342e-06,1.76688122494342e-06,1.76688122494342e-06,1.76688122494342e-06,1.76688122494342e-06,1.76688122494342e-06,1.76688122494342e-06,1.76688122494342e-06,1.76688122494342e-06,1.76688122494342e-06,1.76688122494342e-06
0.00219269960015478,0.00219269960015478,0.00219269960015478,0.00221036841240421,0.00221036841240421,0.00222803722465365,0.00222803722465365,0.00229871247365138,0.00229871247365138,0.00231638128590082,0.00229871247365138,0.00228104366140195,0.00229871247365138,0.00219269960015478,0.00215736197565591,0.00219269960015478,0.00228104366140195,0.00231638128590082,0.00224570603690308,0.00233405009815025,0.00245773178389629,0.00244006297164686,0.00249306940839516,0.00242239415939742,0.00235171891039969,0.00233405009815025,0.00228104366140195,0.00213969316340648,0.00217503078790534,0.00228104366140195,0.00221036841240421,0.00213969316340648,0.00215736197565591,0.00210435553890761,0.00224570603690308,0.00217503078790534,0.00226337484915252,0.00182165454291666,0.00217503078790534,0.00217503078790534,0.0019453362286627,0.00263441990639063,0.00238705653489855,0.00252840703289403,0.00213969316340648,0.00229871247365138,0.00219269960015478,0.00215736197565591,0.00235171891039969,0.00224570603690308,0.00213969316340648,0.00224570603690308,0.00224570603690308,0.0026167510941412,0.00206901791440874,0.00208668672665817,0.00171564166942006,0.000655512934454007,1.94356934743776e-05,1.76688122494342e-06,1.76688122494342e-06,1.76688122494342e-06,1.76688122494342e-06,1.76688122494342e-06,1.76688122494342e-06,1.76688122494342e-06,1.76688122494342e-06,1.76688122494342e-06,1.76688122494342e-06,1.76688122494342e-06,1.76688122494342e-06,1.76688122494342e-06,1.76688122494342e-06,1.76688122494342e-06,1.76688122494342e-06,1.76688122494342e-06,1.76688122494342e-06,1.76688122494342e-06,1.76688122494342e-06,1.76688122494342e-06,1.76688122494342e-06,1.76688122494342e-06,1.76688122494342e-06,1.76688122494342e-06,1.76688122494342e-06,1.76688122494342e-06,1.76688122494342e-06,1.76688122494342e-06,1.76688122494342e-06,1.76688122494342e-06,1.76688122494342e-06,1.76688122494342e-06,1.76688122494342e-06,1.76688122494342e-06,1.76688122494342e-06,1.76688122494342e-06,1.76688122494342e-06,1.76688122494342e-06,1.76688122494342e-06,1.76688122494342e-06
0.00240472534714799,0.00242239415939742,0.00242239415939742,0.00238705653489855,0.00238705653489855,0.00238705653489855,0.00238705653489855,0.00235171891039969,0.00235171891039969,0.00229871247365138,0.00228104366140195,0.00228104366140195,0.00228104366140195,0.00240472534714799,0.00245773178389629,0.00249306940839516,0.00251073822064459,0.0025637446573929,0.00258141346964233,0.00259908228189176,0.00254607584514346,0.00258141346964233,0.0025637446573929,0.00252840703289403,0.00263441990639063,0.00254607584514346,0.00244006297164686,0.00229871247365138,0.00224570603690308,0.00224570603690308,0.00222803722465365,0.00231638128590082,0.00231638128590082,0.00196300504091213,0.00206901791440874,0.00240472534714799,0.00229871247365138,0.00242239415939742,0.00206901791440874,0.00219269960015478,0.00238705653489855,0.00190999860416383,0.00247540059614573,0.00221036841240421,0.00213969316340648,0.00221036841240421,0.00219269960015478,0.00213969316340648,0.00201601147766044,0.00236938772264912,0.00215736197565591,0.00231638128590082,0.00203368028990987,0.00212202435115704,0.00238705653489855,0.00226337484915252,0.00178631691841779,0.000920545118195519,9.01109424721142e-05,1.76688122494342e-06,1.76688122494342e-06,1.76688122494342e-06,1.76688122494342e-06,1.76688122494342e-06,1.76688122494342e-06,1.76688122494342e-06,1.76688122494342e-06,1.76688122494342e-06,1.76688122494342e-06,1.76688122494342e-06,1.76688122494342e-06,1.76688122494342e-06,1.76688122494342e-06,1.76688122494342e-06,1.76688122494342e-06,1.76688122494342e-06,1.76688122494342e-06,1.76688122494342e-06,1.76688122494342e-06,1.76688122494342e-06,1.76688122494342e-06,1.76688122494342e-06,1.76688122494342e-06,1.76688122494342e-06,1.76688122494342e-06,1.76688122494342e-06,1.76688122494342e-06,1.76688122494342e-06,1.76688122494342e-06,1.76688122494342e-06,1.76688122494342e-06,1.76688122494342e-06,1.76688122494342e-06,1.76688122494342e-06,1.76688122494342e-06,1.76688122494342e-06,1.76688122494342e-06,1.76688122494342e-06,1.76688122494342e-06,1.76688122494342e-06
0.00245773178389629,0.00245773178389629,0.00245773178389629,0.00249306940839516,0.00249306940839516,0.00247540059614573,0.00247540059614573,0.00247540059614573,0.00244006297164686,0.00249306940839516,0.00254607584514346,0.00252840703289403,0.00254607584514346,0.00252840703289403,0.00249306940839516,0.00247540059614573,0.00236938772264912,0.00238705653489855,0.00236938772264912,0.00240472534714799,0.00244006297164686,0.00240472534714799,0.00236938772264912,0.00236938772264912,0.00231638128590082,0.00247540059614573,0.00254607584514346,0.0027227639676378,0.00281110802888497,0.00275810159213667,0.00263441990639063,0.0025637446573929,0.00247540059614573,0.00270509515538837,0.00244006297164686,0.00229871247365138,0.00244006297164686,0.00252840703289403,0.00217503078790534,0.00217503078790534,0.00192766741641327,0.00219269960015478,0.00240472534714799,0.00254607584514346,0.00222803722465365,0.00206901791440874,0.00219269960015478,0.00235171891039969,0.00222803722465365,0.00213969316340648,0.00224570603690308,0.00219269960015478,0.00235171891039969,0.00222803722465365,0.00196300504091213,0.00242239415939742,0.00212202435115704,0.000955882742694388,0.000249130252717022,1.76688122494342e-06,1.76688122494342e-06,1.76688122494342e-06,1.76688122494342e-06,1.76688122494342e-06,1.76688122494342e-06,1.76688122494342e-06,1.76688122494342e-06,1.76688122494342e-06,1.76688122494342e-06,1.76688122494342e-06,1.76688122494342e-06,1.76688122494342e-06,1.76688122494342e-06,1.76688122494342e-06,1.76688122494342e-06,1.76688122494342e-06,1.76688122494342e-06,1.76688122494342e-06,1.76688122494342e-06,1.76688122494342e-06,1.76688122494342e-06,1.76688122494342e-06,1.76688122494342e-06,1.76688122494342e-06,1.76688122494342e-06,1.76688122494342e-06,1.76688122494342e-06,1.76688122494342e-06,1.76688122494342e-06,1.76688122494342e-06,1.76688122494342e-06,1.76688122494342e-06,1.76688122494342e-06,1.76688122494342e-06,1.76688122494342e-06,1.76688122494342e-06,1.76688122494342e-06,1.76688122494342e-06,1.76688122494342e-06,1.76688122494342e-06
0.00247540059614573,0.00247540059614573,0.00247540059614573,0.00245773178389629,0.00245773178389629,0.00247540059614573,0.00247540059614573,0.00245773178389629,0.00249306940839516,0.00249306940839516,0.00244006297164686,0.00244006297164686,0.00238705653489855,0.00240472534714799,0.00238705653489855,0.00233405009815025,0.00247540059614573,0.00242239415939742,0.00249306940839516,0.00247540059614573,0.00242239415939742,0.00247540059614573,0.00252840703289403,0.00249306940839516,0.00263441990639063,0.00242239415939742,0.00247540059614573,0.00242239415939742,0.00238705653489855,0.00231638128590082,0.00245773178389629,0.00245773178389629,0.00252840703289403,0.00245773178389629,0.00233405009815025,0.00206901791440874,0.00240472534714799,0.00251073822064459,0.00258141346964233,0.0026167510941412,0.00247540059614573,0.00242239415939742,0.00226337484915252,0.00270509515538837,0.00231638128590082,0.00210435553890761,0.00228104366140195,0.0026167510941412,0.00219269960015478,0.0019453362286627,0.00268742634313893,0.00233405009815025,0.00265208871864007,0.00231638128590082,0.00233405009815025,0.00217503078790534,0.00206901791440874,0.0012739213631842,0.000178455003719285,1.76688122494342e-06,1.76688122494342e-06,1.76688122494342e-06,1.76688122494342e-06,1.76688122494342e-06,1.76688122494342e-06,1.76688122494342e-06,1.76688122494342e-06,1.76688122494342e-06,1.76688122494342e-06,1.76688122494342e-06,1.76688122494342e-06,1.76688122494342e-06,1.76688122494342e-06,1.76688122494342e-06,1.76688122494342e-06,1.76688122494342e-06,1.76688122494342e-06,1.76688122494342e-06,1.76688122494342e-06,1.76688122494342e-06,1.76688122494342e-06,1.76688122494342e-06,1.76688122494342e-06,1.76688122494342e-06,1.76688122494342e-06,1.76688122494342e-06,1.76688122494342e-06,1.76688122494342e-06,1.76688122494342e-06,1.76688122494342e-06,1.76688122494342e-06,1.76688122494342e-06,1.76688122494342e-06,1.76688122494342e-06,1.76688122494342e-06,1.76688122494342e-06,1.76688122494342e-06,1.76688122494342e-06,1.76688122494342e-06,1.76688122494342e-06
0.00224570603690308,0.00224570603690308,0.00224570603690308,0.00224570603690308,0.00224570603690308,0.00224570603690308,0.00224570603690308,0.00228104366140195,0.00228104366140195,0.00228104366140195,0.00233405009815025,0.00233405009815025,0.00236938772264912,0.00231638128590082,0.00233405009815025,0.00235171891039969,0.00228104366140195,0.00228104366140195,0.00222803722465365,0.00224570603690308,0.00229871247365138,0.00238705653489855,0.00249306940839516,0.00265208871864007,0.00249306940839516,0.0026167510941412,0.0025637446573929,0.00254607584514346,0.00258141346964233,0.00265208871864007,0.00249306940839516,0.00238705653489855,0.00235171891039969,0.00240472534714799,0.00259908228189176,0.00263441990639063,0.00238705653489855,0.00268742634313893,0.00235171891039969,0.00221036841240421,0.00254607584514346,0.00229871247365138,0.0018923297919144,0.00205134910215931,0.00268742634313893,0.00229871247365138,0.00236938772264912,0.00212202435115704,0.00224570603690308,0.00217503078790534,0.00228104366140195,0.00226337484915252,0.00258141346964233,0.0018923297919144,0.00252840703289403,0.00228104366140195,0.00190999860416383,0.00176864810616836,0.000213792628218153,1.76688122494342e-06,1.76688122494342e-06,1.76688122494342e-06,1.76688122494342e-06,1.76688122494342e-06,1.76688122494342e-06,1.76688122494342e-06,1.76688122494342e-06,1.76688122494342e-06,1.76688122494342e-06,1.76688122494342e-06,1.76688122494342e-06,1.76688122494342e-06,1.76688122494342e-06,1.76688122494342e-06,1.76688122494342e-06,1.76688122494342e-06,1.76688122494342e-06,1.76688122494342e-06,1.76688122494342e-06,1.76688122494342e-06,1.76688122494342e-06,1.76688122494342e-06,1.76688122494342e-06,1.76688122494342e-06,1.76688122494342e-06,1.76688122494342e-06,1.76688122494342e-06,1.76688122494342e-06,1.76688122494342e-06,1.76688122494342e-06,1.76688122494342e-06,1.76688122494342e-06,1.76688122494342e-06,1.76688122494342e-06,1.76688122494342e-06,1.76688122494342e-06,1.76688122494342e-06,1.76688122494342e-06,1.76688122494342e-06,1.76688122494342e-06
0.00263441990639063,0.0026167510941412,0.0026167510941412,0.0025637446573929,0.0025637446573929,0.00254607584514346,0.00254607584514346,0.00252840703289403,0.00252840703289403,0.00252840703289403,0.00251073822064459,0.00254607584514346,0.00254607584514346,0.0025637446573929,0.00254607584514346,0.00259908228189176,0.00258141346964233,0.00258141346964233,0.00265208871864007,0.00258141346964233,0.00247540059614573,0.00235171891039969,0.00226337484915252,0.00224570603690308,0.00226337484915252,0.00236938772264912,0.00229871247365138,0.00233405009815025,0.00245773178389629,0.00245773178389629,0.00251073822064459,0.00254607584514346,0.00219269960015478,0.00235171891039969,0.00213969316340648,0.00222803722465365,0.00231638128590082,0.00242239415939742,0.0027227639676378,0.00252840703289403,0.00219269960015478,0.00228104366140195,0.00254607584514346,0.00215736197565591,0.00259908228189176,0.0026167510941412,0.00238705653489855,0.00245773178389629,0.00249306940839516,0.00258141346964233,0.00221036841240421,0.00198067385316157,0.00245773178389629,0.00240472534714799,0.00224570603690308,0.00215736197565591,0.00224570603690308,0.00190999860416383,0.000408149562961929,1.76688122494342e-06,1.76688122494342e-06,1.76688122494342e-06,1.76688122494342e-06,1.76688122494342e-06,1.76688122494342e-06,1.76688122494342e-06,1.76688122494342e-06,1.76688122494342e-06,1.76688122494342e-06,1.76688122494342e-06,1.76688122494342e-06,1.76688122494342e-06,1.76688122494342e-06,1.76688122494342e-06,1.76688122494342e-06,1.76688122494342e-06,1.76688122494342e-06,1.76688122494342e-06,1.76688122494342e-06,1.76688122494342e-06,1.76688122494342e-06,1.76688122494342e-06,1.76688122494342e-06,1.76688122494342e-06,1.76688122494342e-06,1.76688122494342e-06,1.76688122494342e-06,1.76688122494342e-06,1.76688122494342e-06,1.76688122494342e-06,1.76688122494342e-06,1.76688122494342e-06,1.76688122494342e-06,1.76688122494342e-06,1.76688122494342e-06,1.76688122494342e-06,1.76688122494342e-06,1.76688122494342e-06,1.76688122494342e-06,1.76688122494342e-06
0.00249306940839516,0.00249306940839516,0.00249306940839516,0.00258141346964233,0.00258141346964233,0.00259908228189176,0.00259908228189176,0.00263441990639063,0.00263441990639063,0.0026167510941412,0.0025637446573929,0.00252840703289403,0.00247540059614573,0.00249306940839516,0.00247540059614573,0.00244006297164686,0.00245773178389629,0.00238705653489855,0.00240472534714799,0.00242239415939742,0.00252840703289403,0.0025637446573929,0.00259908228189176,0.00252840703289403,0.0025637446573929,0.00259908228189176,0.0025637446573929,0.00251073822064459,0.00231638128590082,0.00238705653489855,0.00222803722465365,0.00263441990639063,0.00286411446563328,0.0026167510941412,0.00263441990639063,0.00252840703289403,0.00219269960015478,0.00208668672665817,0.00233405009815025,0.0026167510941412,0.00259908228189176,0.00222803722465365,0.00224570603690308,0.00238705653489855,0.00270509515538837,0.00270509515538837,0.00240472534714799,0.00198067385316157,0.00222803722465365,0.00238705653489855,0.00222803722465365,0.00219269960015478,0.00203368028990987,0.00233405009815025,0.00233405009815025,0.00277577040438611,0.00247540059614573,0.00176864810616836,0.000637844122204573,3.71045057238117e-05,1.76688122494342e-06,1.76688122494342e-06,1.76688122494342e-06,1.76688122494342e-06,1.76688122494342e-06,1.76688122494342e-06,1.76688122494342e-06,1.76688122494342e-06,1.76688122494342e-06,1.76688122494342e-06,1.76688122494342e-06,1.76688122494342e-06,1.76688122494342e-06,1.76688122494342e-06,1.76688122494342e-06,1.76688122494342e-06,1.76688122494342e-06,1.76688122494342e-06,1.76688122494342e-06,1.76688122494342e-06,1.76688122494342e-06,1.76688122494342e-06,1.76688122494342e-06,1.76688122494342e-06,1.76688122494342e-06,1.76688122494342e-06,1.76688122494342e-06,1.76688122494342e-06,1.76688122494342e-06,1.76688122494342e-06,1.76688122494342e-06,1.76688122494342e-06,1.76688122494342e-06,1.76688122494342e-06,1.76688122494342e-06,1.76688122494342e-06,1.76688122494342e-06,1.76688122494342e-06,1.76688122494342e-06,1.76688122494342e-06
0.00231638128590082,0.00233405009815025,0.00233405009815025,0.00231638128590082,0.00231638128590082,0.00226337484915252,0.00226337484915252,0.00226337484915252,0.00226337484915252,0.00228104366140195,0.00236938772264912,0.00231638128590082,0.00238705653489855,0.00238705653489855,0.00242239415939742,0.00242239415939742,0.00245773178389629,0.0025637446573929,0.00254607584514346,0.00249306940839516,0.00245773178389629,0.00245773178389629,0.00244006297164686,0.00244006297164686,0.00258141346964233,0.00258141346964233,0.00270509515538837,0.00270509515538837,0.0026697575308895,0.0027227639676378,0.00263441990639063,0.00247540059614573,0.00249306940839516,0.00263441990639063,0.00282877684113441,0.00298779615137932,0.00288178327788271,0.00240472534714799,0.00229871247365138,0.00251073822064459,0.00254607584514346,0.00275810159213667,0.00247540059614573,0.00251073822064459,0.00247540059614573,0.00249306940839516,0.00236938772264912,0.00251073822064459,0.00221036841240421,0.00233405009815025,0.00254607584514346,0.00258141346964233,0.00259908228189176,0.00244006297164686,0.00201601147766044,0.00244006297164686,0.00242239415939742,0.00173331048166949,0.000849869869197783,7.244213022268e-05,1.76688122494342e-06,1.76688122494342e-06,1.76688122494342e-06,1.76688122494342e-06,1.76688122494342e-06,1.76688122494342e-06,1.76688122494342e-06,1.76688122494342e-06,1.76688122494342e-06,1.76688122494342e-06,1.76688122494342e-06,1.76688122494342e-06,1.76688122494342e-06,1.76688122494342e-06,1.76688122494342e-06,1.76688122494342e-06,1.76688122494342e-06,1.76688122494342e-06,1.76688122494342e-06,1.76688122494342e-06,1.76688122494342e-06,1.76688122494342e-06,1.76688122494342e-06,1.76688122494342e-06,1.76688122494342e-06,1.76688122494342e-06,1.76688122494342e-06,1.76688122494342e-06,1.76688122494342e-06,1.76688122494342e-06,1.76688122494342e-06,1.76688122494342e-06,1.76688122494342e-06,1.76688122494342e-06,1.76688122494342e-06,1.76688122494342e-06,1.76688122494342e-06,1.76688122494342e-06,1.76688122494342e-06,1.76688122494342e-06
0.00247540059614573,0.00245773178389629,0.00245773178389629,0.00244006297164686,0.00244006297164686,0.00249306940839516,0.00249306940839516,0.00244006297164686,0.00242239415939742,0.00242239415939742,0.00240472534714799,0.00247540059614573,0.00240472534714799,0.00238705653489855,0.00236938772264912,0.00247540059614573,0.00245773178389629,0.00242239415939742,0.00242239415939742,0.00247540059614573,0.00249306940839516,0.0025637446573929,0.00242239415939742,0.00252840703289403,0.00242239415939742,0.00238705653489855,0.00236938772264912,0.00245773178389629,0.00251073822064459,0.00252840703289403,0.00275810159213667,0.00263441990639063,0.00281110802888497,0.00263441990639063,0.0027227639676378,0.00229871247365138,0.00251073822064459,0.00281110802888497,0.0026167510941412,0.00228104366140195,0.00249306940839516,0.00259908228189176,0.00254607584514346,0.00208668672665817,0.00205134910215931,0.00263441990639063,0.00282877684113441,0.00251073822064459,0.00265208871864007,0.0026167510941412,0.00226337484915252,0.00198067385316157,0.00235171891039969,0.00274043277988724,0.00245773178389629,0.00259908228189176,0.00229871247365138,0.00219269960015478,0.000938213930444954,7.244213022268e-05,1.76688122494342e-06,1.76688122494342e-06,1.76688122494342e-06,1.76688122494342e-06,1.76688122494342e-06,1.76688122494342e-06,1.76688122494342e-06,1.76688122494342e-06,1.76688122494342e-06,1.76688122494342e-06,1.76688122494342e-06,1.76688122494342e-06,1.76688122494342e-06,1.76688122494342e-06,1.76688122494342e-06,1.76688122494342e-06,1.76688122494342e-06,1.76688122494342e-06,1.76688122494342e-06,1.76688122494342e-06,1.76688122494342e-06,1.76688122494342e-06,1.76688122494342e-06,1.76688122494342e-06,1.76688122494342e-06,1.76688122494342e-06,1.76688122494342e-06,1.76688122494342e-06,1.76688122494342e-06,1.76688122494342e-06,1.76688122494342e-06,1.76688122494342e-06,1.76688122494342e-06,1.76688122494342e-06,1.76688122494342e-06,1.76688122494342e-06,1.76688122494342e-06,1.76688122494342e-06,1.76688122494342e-06,1.76688122494342e-06
0.00288178327788271,0.00289945209013215,0.00289945209013215,0.00291712090238158,0.00291712090238158,0.00286411446563328,0.00286411446563328,0.00291712090238158,0.00293478971463101,0.00295245852688045,0.00295245852688045,0.00291712090238158,0.00297012733912988,0.00295245852688045,0.00293478971463101,0.00289945209013215,0.00295245852688045,0.00291712090238158,0.00288178327788271,0.00289945209013215,0.00291712090238158,0.00275810159213667,0.00293478971463101,0.00289945209013215,0.00284644565338384,0.00274043277988724,0.00274043277988724,0.00270509515538837,0.00270509515538837,0.00270509515538837,0.00259908228189176,0.0027227639676378,0.0026167510941412,0.00244006297164686,0.00254607584514346,0.00305847140037705,0.00288178327788271,0.0027227639676378,0.00268742634313893,0.00258141346964233,0.00238705653489855,0.00247540059614573,0.00270509515538837,0.00254607584514346,0.00236938772264912,0.00258141346964233,0.00245773178389629,0.00268742634313893,0.00247540059614573,0.00208668672665817,0.00224570603690308,0.00275810159213667,0.00201601147766044,0.0027227639676378,0.00240472534714799,0.00252840703289403,0.00254607584514346,0.00210435553890761,0.00148594711017741,0.000160786191469851,1.76688122494342e-06,1.76688122494342e-06,1.76688122494342e-06,1.76688122494342e-06,1.76688122494342e-06,1.76688122494342e-06,1.76688122494342e-06,1.76688122494342e-06,1.76688122494342e-06,1.76688122494342e-06,1.76688122494342e-06,1.76688122494342e-06,1.76688122494342e-06,1.76688122494342e-06,1.76688122494342e-06,1.76688122494342e-06,1.76688122494342e-06,1.76688122494342e-06,1.76688122494342e-06,1.76688122494342e-06,1.76688122494342e-06,1.76688122494342e-06,1.76688122494342e-06,1.76688122494342e-06,1.76688122494342e-06,1.76688122494342e-06,1.76688122494342e-06,1.76688122494342e-06,1.76688122494342e-06,1.76688122494342e-06,1.76688122494342e-06,1.76688122494342e-06,1.76688122494342e-06,1.76688122494342e-06,1.76688122494342e-06,1.76688122494342e-06,1.76688122494342e-06,1.76688122494342e-06,1.76688122494342e-06,1.76688122494342e-06
0.00286411446563328,0.00286411446563328,0.00286411446563328,0.00286411446563328,0.00286411446563328,0.00291712090238158,0.00291712090238158,0.00284644565338384,0.00284644565338384,0.00282877684113441,0.00279343921663554,0.00277577040438611,0.00274043277988724,0.00281110802888497,0.00282877684113441,0.00281110802888497,0.0027227639676378,0.00277577040438611,0.00282877684113441,0.00281110802888497,0.00277577040438611,0.00289945209013215,0.00286411446563328,0.00275810159213667,0.00282877684113441,0.00288178327788271,0.00291712090238158,0.00282877684113441,0.00293478971463101,0.00298779615137932,0.00297012733912988,0.00265208871864007,0.00252840703289403,0.00265208871864007,0.00265208871864007,0.00245773178389629,0.00254607584514346,0.00286411446563328,0.00277577040438611,0.00245773178389629,0.00289945209013215,0.00275810159213667,0.00268742634313893,0.00277577040438611,0.00254607584514346,0.00229871247365138,0.00238705653489855,0.00245773178389629,0.00281110802888497,0.00212202435115704,0.00226337484915252,0.00298779615137932,0.00210435553890761,0.00245773178389629,0.00268742634313893,0.00238705653489855,0.00254607584514346,0.00226337484915252,0.00160962879592345,0.000178455003719285,1.76688122494342e-06,1.76688122494342e-06,1.76688122494342e-06,1.76688122494342e-06,1.76688122494342e-06,1.76688122494342e-06,1.76688122494342e-06,1.76688122494342e-06,1.76688122494342e-06,1.76688122494342e-06,1.76688122494342e-06,1.76688122494342e-06,1.76688122494342e-06,1.76688122494342e-06,1.76688122494342e-06,1.76688122494342e-06,1.76688122494342e-06,1.76688122494342e-06,1.76688122494342e-06,1.76688122494342e-06,1.76688122494342e-06,1.76688122494342e-06,1.76688122494342e-06,1.76688122494342e-06,1.76688122494342e-06,1.76688122494342e-06,1.76688122494342e-06,1.76688122494342e-06,1.76688122494342e-06,1.76688122494342e-06,1.76688122494342e-06,1.76688122494342e-06,1.76688122494342e-06,1.76688122494342e-06,1.76688122494342e-06,1.76688122494342e-06,1.76688122494342e-06,1.76688122494342e-06,1.76688122494342e-06,1.76688122494342e-06
0.00297012733912988,0.00291712090238158,0.00291712090238158,0.00288178327788271,0.00288178327788271,0.00289945209013215,0.00289945209013215,0.00291712090238158,0.00288178327788271,0.00289945209013215,0.00289945209013215,0.00295245852688045,0.00298779615137932,0.00295245852688045,0.00293478971463101,0.00286411446563328,0.00288178327788271,0.00286411446563328,0.00281110802888497,0.00288178327788271,0.00282877684113441,0.00286411446563328,0.00282877684113441,0.00282877684113441,0.00284644565338384,0.00281110802888497,0.00297012733912988,0.00291712090238158,0.00298779615137932,0.0026697575308895,0.00281110802888497,0.00297012733912988,0.00321749071062196,0.00318215308612309,0.00259908228189176,0.00275810159213667,0.00300546496362875,0.00279343921663554,0.00289945209013215,0.00302313377587818,0.00235171891039969,0.0027227639676378,0.00279343921663554,0.00311147783712535,0.0027227639676378,0.00263441990639063,0.00275810159213667,0.00295245852688045,0.00263441990639063,0.00258141346964233,0.00270509515538837,0.00251073822064459,0.0025637446573929,0.00251073822064459,0.00275810159213667,0.00251073822064459,0.0027227639676378,0.00244006297164686,0.00159195998367402,0.000461155999710231,1.76688122494342e-06,1.76688122494342e-06,1.76688122494342e-06,1.76688122494342e-06,1.76688122494342e-06,1.76688122494342e-06,1.76688122494342e-06,1.76688122494342e-06,1.76688122494342e-06,1.76688122494342e-06,1.76688122494342e-06,1.76688122494342e-06,1.76688122494342e-06,1.76688122494342e-06,1.76688122494342e-06,1.76688122494342e-06,1.76688122494342e-06,1.76688122494342e-06,1.76688122494342e-06,1.76688122494342e-06,1.76688122494342e-06,1.76688122494342e-06,1.76688122494342e-06,1.76688122494342e-06,1.76688122494342e-06,1.76688122494342e-06,1.76688122494342e-06,1.76688122494342e-06,1.76688122494342e-06,1.76688122494342e-06,1.76688122494342e-06,1.76688122494342e-06,1.76688122494342e-06,1.76688122494342e-06,1.76688122494342e-06,1.76688122494342e-06,1.76688122494342e-06,1.76688122494342e-06,1.76688122494342e-06,1.76688122494342e-06
0.00252840703289403,0.0025637446573929,0.0025637446573929,0.00259908228189176,0.00259908228189176,0.00258141346964233,0.00258141346964233,0.0026167510941412,0.00263441990639063,0.00258141346964233,0.00258141346964233,0.00259908228189176,0.0026167510941412,0.00258141346964233,0.0026167510941412,0.0026697575308895,0.00268742634313893,0.00268742634313893,0.0027227639676378,0.00274043277988724,0.00281110802888497,0.00268742634313893,0.0025637446573929,0.00263441990639063,0.0027227639676378,0.00268742634313893,0.00244006297164686,0.00263441990639063,0.00247540059614573,0.00275810159213667,0.00275810159213667,0.0026697575308895,0.00268742634313893,0.00268742634313893,0.00305847140037705,0.00263441990639063,0.00254607584514346,0.00281110802888497,0.00312914664937479,0.00289945209013215,0.00295245852688045,0.00268742634313893,0.00258141346964233,0.0026167510941412,0.00270509515538837,0.00274043277988724,0.00249306940839516,0.00244006297164686,0.0027227639676378,0.00295245852688045,0.00242239415939742,0.00217503078790534,0.00284644565338384,0.00251073822064459,0.00281110802888497,0.00263441990639063,0.0026167510941412,0.00281110802888497,0.00196300504091213,0.000726188183451744,1.94356934743776e-05,1.76688122494342e-06,1.76688122494342e-06,1.76688122494342e-06,1.76688122494342e-06,1.76688122494342e-06,1.76688122494342e-06,1.76688122494342e-06,1.76688122494342e-06,1.76688122494342e-06,1.76688122494342e-06,1.76688122494342e-06,1.76688122494342e-06,1.76688122494342e-06,1.76688122494342e-06,1.76688122494342e-06,1.76688122494342e-06,1.76688122494342e-06,1.76688122494342e-06,1.76688122494342e-06,1.76688122494342e-06,1.76688122494342e-06,1.76688122494342e-06,1.76688122494342e-06,1.76688122494342e-06,1.76688122494342e-06,1.76688122494342e-06,1.76688122494342e-06,1.76688122494342e-06,1.76688122494342e-06,1.76688122494342e-06,1.76688122494342e-06,1.76688122494342e-06,1.76688122494342e-06,1.76688122494342e-06,1.76688122494342e-06,1.76688122494342e-06,1.76688122494342e-06,1.76688122494342e-06,1.76688122494342e-06
0.00302313377587818,0.00302313377587818,0.00302313377587818,0.00302313377587818,0.00302313377587818,0.00300546496362875,0.00300546496362875,0.00295245852688045,0.00295245852688045,0.00300546496362875,0.00304080258812762,0.00295245852688045,0.00291712090238158,0.00288178327788271,0.00288178327788271,0.00288178327788271,0.00282877684113441,0.00275810159213667,0.00268742634313893,0.00265208871864007,0.00265208871864007,0.00275810159213667,0.00298779615137932,0.00295245852688045,0.00279343921663554,0.00282877684113441,0.00307614021262649,0.00291712090238158,0.00284644565338384,0.00277577040438611,0.0025637446573929,0.0027227639676378,0.00270509515538837,0.00297012733912988,0.00286411446563328,0.00288178327788271,0.00252840703289403,0.00236938772264912,0.00247540059614573,0.00295245852688045,0.00300546496362875,0.00258141346964233,0.00279343921663554,0.00293478971463101,0.00281110802888497,0.00289945209013215,0.00268742634313893,0.00288178327788271,0.00265208871864007,0.00323515952287139,0.00282877684113441,0.0027227639676378,0.00281110802888497,0.00254607584514346,0.00252840703289403,0.00233405009815025,0.0026167510941412,0.00236938772264912,0.00192766741641327,0.00079686343244948,5.47733179732459e-05,1.76688122494342e-06,1.76688122494342e-06,1.76688122494342e-06,1.76688122494342e-06,1.76688122494342e-06,1.76688122494342e-06,1.76688122494342e-06,1.76688122494342e-06,1.76688122494342e-06,1.76688122494342e-06,1.76688122494342e-06,1.76688122494342e-06,1.76688122494342e-06,1.76688122494342e-06,1.76688122494342e-06,1.76688122494342e-06,1.76688122494342e-06,1.76688122494342e-06,1.76688122494342e-06,1.76688122494342e-06,1.76688122494342e-06,1.76688122494342e-06,1.76688122494342e-06,1.76688122494342e-06,1.76688122494342e-06,1.76688122494342e-06,1.76688122494342e-06,1.76688122494342e-06,1.76688122494342e-06,1.76688122494342e-06,1.76688122494342e-06,1.76688122494342e-06,1.76688122494342e-06,1.76688122494342e-06,1.76688122494342e-06,1.76688122494342e-06,1.76688122494342e-06,1.76688122494342e-06,1.76688122494342e-06
0.00304080258812762,0.00304080258812762,0.00304080258812762,0.00298779615137932,0.00298779615137932,0.00300546496362875,0.00300546496362875,0.00304080258812762,0.00307614021262649,0.00305847140037705,0.00304080258812762,0.00307614021262649,0.00309380902487592,0.00314681546162422,0.00312914664937479,0.00311147783712535,0.00309380902487592,0.00316448427387366,0.00327049714737026,0.00318215308612309,0.00319982189837253,0.00305847140037705,0.00298779615137932,0.00289945209013215,0.00284644565338384,0.00288178327788271,0.00270509515538837,0.00289945209013215,0.00305847140037705,0.00286411446563328,0.00289945209013215,0.00284644565338384,0.00275810159213667,0.0027227639676378,0.00286411446563328,0.00307614021262649,0.00295245852688045,0.00289945209013215,0.00265208871864007,0.00274043277988724,0.00300546496362875,0.00319982189837253,0.00319982189837253,0.00302313377587818,0.00284644565338384,0.00284644565338384,0.00293478971463101,0.00240472534714799,0.00289945209013215,0.00297012733912988,0.0026167510941412,0.00217503078790534,0.00282877684113441,0.00233405009815025,0.00286411446563328,0.0025637446573929,0.00304080258812762,0.00281110802888497,0.00240472534714799,0.00102655799169212,0.000178455003719285,1.76688122494342e-06,1.76688122494342e-06,1.76688122494342e-06,1.76688122494342e-06,1.76688122494342e-06,1.76688122494342e-06,1.76688122494342e-06,1.76688122494342e-06,1.76688122494342e-06,1.76688122494342e-06,1.76688122494342e-06,1.76688122494342e-06,1.76688122494342e-06,1.76688122494342e-06,1.76688122494342e-06,1.76688122494342e-06,1.76688122494342e-06,1.76688122494342e-06,1.76688122494342e-06,1.76688122494342e-06,1.76688122494342e-06,1.76688122494342e-06,1.76688122494342e-06,1.76688122494342e-06,1.76688122494342e-06,1.76688122494342e-06,1.76688122494342e-06,1.76688122494342e-06,1.76688122494342e-06,1.76688122494342e-06,1.76688122494342e-06,1.76688122494342e-06,1.76688122494342e-06,1.76688122494342e-06,1.76688122494342e-06,1.76688122494342e-06,1.76688122494342e-06,1.76688122494342e-06,1.76688122494342e-06
0.00288178327788271,0.00288178327788271,0.00288178327788271,0.00289945209013215,0.00289945209013215,0.00286411446563328,0.00286411446563328,0.00282877684113441,0.00282877684113441,0.00281110802888497,0.00281110802888497,0.00284644565338384,0.00281110802888497,0.00279343921663554,0.00286411446563328,0.00288178327788271,0.00297012733912988,0.00293478971463101,0.00279343921663554,0.00282877684113441,0.00279343921663554,0.00291712090238158,0.00284644565338384,0.00295245852688045,0.00295245852688045,0.00300546496362875,0.00297012733912988,0.00288178327788271,0.00270509515538837,0.00295245852688045,0.00307614021262649,0.00312914664937479,0.00309380902487592,0.00295245852688045,0.00291712090238158,0.00304080258812762,0.00325282833512083,0.00293478971463101,0.00284644565338384,0.00281110802888497,0.00318215308612309,0.00302313377587818,0.00254607584514346,0.00291712090238158,0.0032881659596197,0.00286411446563328,0.00304080258812762,0.00236938772264912,0.00229871247365138,0.00270509515538837,0.00302313377587818,0.00277577040438611,0.00254607584514346,0.00277577040438611,0.00282877684113441,0.00284644565338384,0.00274043277988724,0.00277577040438611,0.00263441990639063,0.00137993423668081,0.000143117379220417,1.76688122494342e-06,1.76688122494342e-06,1.76688122494342e-06,1.76688122494342e-06,1.76688122494342e-06,1.76688122494342e-06,1.76688122494342e-06,1.76688122494342e-06,1.76688122494342e-06,1.76688122494342e-06,1.76688122494342e-06,1.76688122494342e-06,1.76688122494342e-06,1.76688122494342e-06,1.76688122494342e-06,1.76688122494342e-06,1.76688122494342e-06,1.76688122494342e-06,1.76688122494342e-06,1.76688122494342e-06,1.76688122494342e-06,1.76688122494342e-06,1.76688122494342e-06,1.76688122494342e-06,1.76688122494342e-06,1.76688122494342e-06,1.76688122494342e-06,1.76688122494342e-06,1.76688122494342e-06,1.76688122494342e-06,1.76688122494342e-06,1.76688122494342e-06,1.76688122494342e-06,1.76688122494342e-06,1.76688122494342e-06,1.76688122494342e-06,1.76688122494342e-06,1.76688122494342e-06,1.76688122494342e-06
0.0027227639676378,0.0027227639676378,0.0027227639676378,0.0027227639676378,0.0027227639676378,0.0027227639676378,0.0027227639676378,0.00279343921663554,0.00279343921663554,0.00279343921663554,0.00282877684113441,0.00282877684113441,0.00286411446563328,0.00284644565338384,0.00282877684113441,0.00282877684113441,0.00279343921663554,0.00288178327788271,0.00298779615137932,0.00304080258812762,0.00311147783712535,0.00297012733912988,0.00297012733912988,0.00300546496362875,0.00316448427387366,0.00311147783712535,0.00323515952287139,0.00318215308612309,0.00327049714737026,0.00309380902487592,0.00318215308612309,0.00311147783712535,0.00323515952287139,0.00307614021262649,0.00291712090238158,0.00279343921663554,0.00304080258812762,0.00327049714737026,0.00325282833512083,0.00291712090238158,0.00263441990639063,0.00314681546162422,0.00330583477186913,0.00286411446563328,0.00323515952287139,0.00304080258812762,0.00300546496362875,0.00325282833512083,0.00304080258812762,0.00291712090238158,0.0027227639676378,0.00302313377587818,0.00254607584514346,0.00274043277988724,0.0026697575308895,0.00281110802888497,0.00277577040438611,0.00259908228189176,0.0026167510941412,0.00173331048166949,0.000302136689465324,1.76688122494342e-06,1.76688122494342e-06,1.76688122494342e-06,1.76688122494342e-06,1.76688122494342e-06,1.76688122494342e-06,1.76688122494342e-06,1.76688122494342e-06,1.76688122494342e-06,1.76688122494342e-06,1.76688122494342e-06,1.76688122494342e-06,1.76688122494342e-06,1.76688122494342e-06,1.76688122494342e-06,1.76688122494342e-06,1.76688122494342e-06,1.76688122494342e-06,1.76688122494342e-06,1.76688122494342e-06,1.76688122494342e-06,1.76688122494342e-06,1.76688122494342e-06,1.76688122494342e-06,1.76688122494342e-06,1.76688122494342e-06,1.76688122494342e-06,1.76688122494342e-06,1.76688122494342e-06,1.76688122494342e-06,1.76688122494342e-06,1.76688122494342e-06,1.76688122494342e-06,1.76688122494342e-06,1.76688122494342e-06,1.76688122494342e-06,1.76688122494342e-06,1.76688122494342e-06,1.76688122494342e-06
0.00309380902487592,0.00307614021262649,0.00307614021262649,0.00307614021262649,0.00307614021262649,0.00309380902487592,0.00309380902487592,0.00307614021262649,0.00302313377587818,0.00302313377587818,0.00298779615137932,0.00291712090238158,0.00293478971463101,0.00289945209013215,0.00286411446563328,0.00289945209013215,0.00291712090238158,0.00282877684113441,0.00281110802888497,0.00277577040438611,0.00275810159213667,0.00286411446563328,0.00291712090238158,0.00284644565338384,0.00275810159213667,0.0027227639676378,0.00259908228189176,0.0026167510941412,0.00254607584514346,0.00274043277988724,0.00275810159213667,0.00288178327788271,0.00284644565338384,0.00319982189837253,0.00342951645761517,0.0032881659596197,0.00319982189837253,0.00312914664937479,0.00323515952287139,0.00330583477186913,0.00291712090238158,0.00304080258812762,0.00321749071062196,0.00305847140037705,0.00293478971463101,0.00307614021262649,0.00305847140037705,0.00312914664937479,0.00297012733912988,0.00263441990639063,0.00337651002086687,0.00297012733912988,0.00279343921663554,0.00286411446563328,0.0026167510941412,0.00277577040438611,0.00263441990639063,0.00284644565338384,0.00277577040438611,0.00196300504091213,0.000390480750712495,1.94356934743776e-05,1.76688122494342e-06,1.76688122494342e-06,1.76688122494342e-06,1.76688122494342e-06,1.76688122494342e-06,1.76688122494342e-06,1.76688122494342e-06,1.76688122494342e-06,1.76688122494342e-06,1.76688122494342e-06,1.76688122494342e-06,1.76688122494342e-06,1.76688122494342e-06,1.76688122494342e-06,1.76688122494342e-06,1.76688122494342e-06,1.76688122494342e-06,1.76688122494342e-06,1.76688122494342e-06,1.76688122494342e-06,1.76688122494342e-06,1.76688122494342e-06,1.76688122494342e-06,1.76688122494342e-06,1.76688122494342e-06,1.76688122494342e-06,1.76688122494342e-06,1.76688122494342e-06,1.76688122494342e-06,1.76688122494342e-06,1.76688122494342e-06,1.76688122494342e-06,1.76688122494342e-06,1.76688122494342e-06,1.76688122494342e-06,1.76688122494342e-06,1.76688122494342e-06,1.76688122494342e-06
0.00316448427387366,0.00319982189837253,0.00319982189837253,0.00321749071062196,0.00321749071062196,0.00323515952287139,0.00323515952287139,0.00318215308612309,0.00321749071062196,0.00321749071062196,0.00323515952287139,0.003341172396368,0.00327049714737026,0.0032881659596197,0.00325282833512083,0.00318215308612309,0.00311147783712535,0.00312914664937479,0.00318215308612309,0.00321749071062196,0.00319982189837253,0.00319982189837253,0.00319982189837253,0.00323515952287139,0.00319982189837253,0.00323515952287139,0.003341172396368,0.0032881659596197,0.0033941788331163,0.00321749071062196,0.00318215308612309,0.00305847140037705,0.00289945209013215,0.00289945209013215,0.00300546496362875,0.00318215308612309,0.00305847140037705,0.00330583477186913,0.00300546496362875,0.00311147783712535,0.00316448427387366,0.00291712090238158,0.00319982189837253,0.00360620458010951,0.00289945209013215,0.00335884120861743,0.00319982189837253,0.00307614021262649,0.00277577040438611,0.00291712090238158,0.00300546496362875,0.00316448427387366,0.00286411446563328,0.00321749071062196,0.0026697575308895,0.00305847140037705,0.00286411446563328,0.00288178327788271,0.00281110802888497,0.0019453362286627,0.000602506497705705,5.47733179732459e-05,1.76688122494342e-06,1.76688122494342e-06,1.76688122494342e-06,1.76688122494342e-06,1.76688122494342e-06,1.76688122494342e-06,1.76688122494342e-06,1.76688122494342e-06,1.76688122494342e-06,1.76688122494342e-06,1.76688122494342e-06,1.76688122494342e-06,1.76688122494342e-06,1.76688122494342e-06,1.76688122494342e-06,1.76688122494342e-06,1.76688122494342e-06,1.76688122494342e-06,1.76688122494342e-06,1.76688122494342e-06,1.76688122494342e-06,1.76688122494342e-06,1.76688122494342e-06,1.76688122494342e-06,1.76688122494342e-06,1.76688122494342e-06,1.76688122494342e-06,1.76688122494342e-06,1.76688122494342e-06,1.76688122494342e-06,1.76688122494342e-06,1.76688122494342e-06,1.76688122494342e-06,1.76688122494342e-06,1.76688122494342e-06,1.76688122494342e-06,1.76688122494342e-06,1.76688122494342e-06
0.00318215308612309,0.00318215308612309,0.00318215308612309,0.00318215308612309,0.00318215308612309,0.00318215308612309,0.00318215308612309,0.00325282833512083,0.00323515952287139,0.00327049714737026,0.00325282833512083,0.00318215308612309,0.00319982189837253,0.00321749071062196,0.00327049714737026,0.003341172396368,0.00335884120861743,0.0033941788331163,0.00337651002086687,0.00327049714737026,0.00327049714737026,0.00332350358411856,0.00325282833512083,0.0032881659596197,0.003341172396368,0.00332350358411856,0.00321749071062196,0.00332350358411856,0.00342951645761517,0.00332350358411856,0.00316448427387366,0.00314681546162422,0.0032881659596197,0.00295245852688045,0.00277577040438611,0.00300546496362875,0.00327049714737026,0.00309380902487592,0.00360620458010951,0.00341184764536574,0.00305847140037705,0.00293478971463101,0.00291712090238158,0.00288178327788271,0.00388890557610046,0.00309380902487592,0.003341172396368,0.00346485408211404,0.00314681546162422,0.00305847140037705,0.00312914664937479,0.00274043277988724,0.0026167510941412,0.0026167510941412,0.0026697575308895,0.00327049714737026,0.0027227639676378,0.00279343921663554,0.0027227639676378,0.00215736197565591,0.000867538681447217,5.47733179732459e-05,1.76688122494342e-06,1.76688122494342e-06,1.76688122494342e-06,1.76688122494342e-06,1.76688122494342e-06,1.76688122494342e-06,1.76688122494342e-06,1.76688122494342e-06,1.76688122494342e-06,1.76688122494342e-06,1.76688122494342e-06,1.76688122494342e-06,1.76688122494342e-06,1.76688122494342e-06,1.76688122494342e-06,1.76688122494342e-06,1.76688122494342e-06,1.76688122494342e-06,1.76688122494342e-06,1.76688122494342e-06,1.76688122494342e-06,1.76688122494342e-06,1.76688122494342e-06,1.76688122494342e-06,1.76688122494342e-06,1.76688122494342e-06,1.76688122494342e-06,1.76688122494342e-06,1.76688122494342e-06,1.76688122494342e-06,1.76688122494342e-06,1.76688122494342e-06,1.76688122494342e-06,1.76688122494342e-06,1.76688122494342e-06,1.76688122494342e-06,1.76688122494342e-06,1.76688122494342e-06
0.00367687982910725,0.00362387339235895,0.00362387339235895,0.00364154220460838,0.00364154220460838,0.00364154220460838,0.00364154220460838,0.00362387339235895,0.00364154220460838,0.00360620458010951,0.00360620458010951,0.00358853576786008,0.00358853576786008,0.00358853576786008,0.00353552933111177,0.00351786051886234,0.00353552933111177,0.00346485408211404,0.00332350358411856,0.00342951645761517,0.0033941788331163,0.00337651002086687,0.00337651002086687,0.00323515952287139,0.00321749071062196,0.00327049714737026,0.00335884120861743,0.00332350358411856,0.00311147783712535,0.00325282833512083,0.00323515952287139,0.00327049714737026,0.00327049714737026,0.00330583477186913,0.00337651002086687,0.00286411446563328,0.00289945209013215,0.00298779615137932,0.00309380902487592,0.00335884120861743,0.00381823032710272,0.003341172396368,0.00321749071062196,0.00323515952287139,0.00293478971463101,0.00342951645761517,0.00288178327788271,0.00325282833512083,0.00300546496362875,0.00297012733912988,0.00277577040438611,0.00312914664937479,0.00321749071062196,0.00274043277988724,0.00298779615137932,0.00298779615137932,0.00314681546162422,0.00362387339235895,0.00277577040438611,0.00249306940839516,0.00113257086518873,0.000178455003719285,1.76688122494342e-06,1.76688122494342e-06,1.76688122494342e-06,1.76688122494342e-06,1.76688122494342e-06,1.76688122494342e-06,1.76688122494342e-06,1.76688122494342e-06,1.76688122494342e-06,1.76688122494342e-06,1.76688122494342e-06,1.76688122494342e-06,1.76688122494342e-06,1.76688122494342e-06,1.76688122494342e-06,1.76688122494342e-06,1.76688122494342e-06,1.76688122494342e-06,1.76688122494342e-06,1.76688122494342e-06,1.76688122494342e-06,1.76688122494342e-06,1.76688122494342e-06,1.76688122494342e-06,1.76688122494342e-06,1.76688122494342e-06,1.76688122494342e-06,1.76688122494342e-06,1.76688122494342e-06,1.76688122494342e-06,1.76688122494342e-06,1.76688122494342e-06,1.76688122494342e-06,1.76688122494342e-06,1.76688122494342e-06,1.76688122494342e-06,1.76688122494342e-06,1.76688122494342e-06
0.00341184764536574,0.00342951645761517,0.00342951645761517,0.00337651002086687,0.00337651002086687,0.00335884120861743,0.00335884120861743,0.00335884120861743,0.00335884120861743,0.00337651002086687,0.00335884120861743,0.0033941788331163,0.0034471852698646,0.00348252289436347,0.00350019170661291,0.00350019170661291,0.00351786051886234,0.00357086695561064,0.00369454864135668,0.00358853576786008,0.00355319814336121,0.00350019170661291,0.00350019170661291,0.00360620458010951,0.00358853576786008,0.00358853576786008,0.00364154220460838,0.00365921101685781,0.00362387339235895,0.00341184764536574,0.00364154220460838,0.00353552933111177,0.00353552933111177,0.00357086695561064,0.00346485408211404,0.0032881659596197,0.00293478971463101,0.00300546496362875,0.00288178327788271,0.003341172396368,0.00348252289436347,0.00332350358411856,0.00304080258812762,0.00312914664937479,0.00297012733912988,0.00323515952287139,0.00348252289436347,0.00330583477186913,0.00369454864135668,0.00323515952287139,0.00312914664937479,0.00335884120861743,0.00289945209013215,0.00300546496362875,0.00291712090238158,0.00307614021262649,0.00325282833512083,0.00319982189837253,0.00295245852688045,0.00284644565338384,0.00176864810616836,0.000160786191469851,1.76688122494342e-06,1.76688122494342e-06,1.76688122494342e-06,1.76688122494342e-06,1.76688122494342e-06,1.76688122494342e-06,1.76688122494342e-06,1.76688122494342e-06,1.76688122494342e-06,1.76688122494342e-06,1.76688122494342e-06,1.76688122494342e-06,1.76688122494342e-06,1.76688122494342e-06,1.76688122494342e-06,1.76688122494342e-06,1.76688122494342e-06,1.76688122494342e-06,1.76688122494342e-06,1.76688122494342e-06,1.76688122494342e-06,1.76688122494342e-06,1.76688122494342e-06,1.76688122494342e-06,1.76688122494342e-06,1.76688122494342e-06,1.76688122494342e-06,1.76688122494342e-06,1.76688122494342e-06,1.76688122494342e-06,1.76688122494342e-06,1.76688122494342e-06,1.76688122494342e-06,1.76688122494342e-06,1.76688122494342e-06,1.76688122494342e-06,1.76688122494342e-06,1.76688122494342e-06
0.00332350358411856,0.00330583477186913,0.00330583477186913,0.0032881659596197,0.0032881659596197,0.00327049714737026,0.00327049714737026,0.00325282833512083,0.00323515952287139,0.00319982189837253,0.00325282833512083,0.00323515952287139,0.00319982189837253,0.00321749071062196,0.00325282833512083,0.0032881659596197,0.00330583477186913,0.00330583477186913,0.00325282833512083,0.0032881659596197,0.003341172396368,0.00330583477186913,0.00330583477186913,0.00330583477186913,0.00332350358411856,0.0032881659596197,0.00318215308612309,0.00311147783712535,0.00311147783712535,0.00335884120861743,0.003341172396368,0.0034471852698646,0.003341172396368,0.00337651002086687,0.00348252289436347,0.00378289270260385,0.00362387339235895,0.003341172396368,0.00316448427387366,0.00275810159213667,0.00275810159213667,0.0032881659596197,0.00318215308612309,0.00302313377587818,0.00327049714737026,0.00312914664937479,0.00369454864135668,0.0033941788331163,0.00365921101685781,0.00309380902487592,0.00341184764536574,0.00332350358411856,0.00358853576786008,0.00319982189837253,0.00325282833512083,0.00295245852688045,0.00323515952287139,0.00295245852688045,0.00341184764536574,0.00341184764536574,0.001998342665411,0.00028446787721589,1.94356934743776e-05,1.76688122494342e-06,1.76688122494342e-06,1.76688122494342e-06,1.76688122494342e-06,1.76688122494342e-06,1.76688122494342e-06,1.76688122494342e-06,1.76688122494342e-06,1.76688122494342e-06,1.76688122494342e-06,1.76688122494342e-06,1.76688122494342e-06,1.76688122494342e-06,1.76688122494342e-06,1.76688122494342e-06,1.76688122494342e-06,1.76688122494342e-06,1.76688122494342e-06,1.76688122494342e-06,1.76688122494342e-06,1.76688122494342e-06,1.76688122494342e-06,1.76688122494342e-06,1.76688122494342e-06,1.76688122494342e-06,1.76688122494342e-06,1.76688122494342e-06,1.76688122494342e-06,1.76688122494342e-06,1.76688122494342e-06,1.76688122494342e-06,1.76688122494342e-06,1.76688122494342e-06,1.76688122494342e-06,1.76688122494342e-06,1.76688122494342e-06,1.76688122494342e-06
0.00353552933111177,0.00357086695561064,0.00357086695561064,0.00360620458010951,0.00360620458010951,0.00360620458010951,0.00360620458010951,0.00360620458010951,0.00364154220460838,0.00365921101685781,0.00362387339235895,0.00360620458010951,0.00358853576786008,0.00362387339235895,0.00357086695561064,0.00348252289436347,0.00346485408211404,0.0034471852698646,0.00348252289436347,0.00350019170661291,0.00353552933111177,0.00365921101685781,0.00376522389035442,0.00374755507810498,0.00371221745360612,0.00378289270260385,0.00372988626585555,0.00380056151485329,0.00367687982910725,0.00365921101685781,0.00357086695561064,0.00364154220460838,0.00369454864135668,0.00360620458010951,0.00335884120861743,0.00341184764536574,0.00369454864135668,0.00378289270260385,0.00371221745360612,0.00355319814336121,0.00335884120861743,0.003341172396368,0.00364154220460838,0.00342951645761517,0.00332350358411856,0.00327049714737026,0.00327049714737026,0.00353552933111177,0.00314681546162422,0.00346485408211404,0.00302313377587818,0.00350019170661291,0.00342951645761517,0.00365921101685781,0.00337651002086687,0.00270509515538837,0.00346485408211404,0.0026167510941412,0.00289945209013215,0.0032881659596197,0.00212202435115704,0.000425818375211363,1.76688122494342e-06,1.76688122494342e-06,1.76688122494342e-06,1.76688122494342e-06,1.76688122494342e-06,1.76688122494342e-06,1.76688122494342e-06,1.76688122494342e-06,1.76688122494342e-06,1.76688122494342e-06,1.76688122494342e-06,1.76688122494342e-06,1.76688122494342e-06,1.76688122494342e-06,1.76688122494342e-06,1.76688122494342e-06,1.76688122494342e-06,1.76688122494342e-06,1.76688122494342e-06,1.76688122494342e-06,1.76688122494342e-06,1.76688122494342e-06,1.76688122494342e-06,1.76688122494342e-06,1.76688122494342e-06,1.76688122494342e-06,1.76688122494342e-06,1.76688122494342e-06,1.76688122494342e-06,1.76688122494342e-06,1.76688122494342e-06,1.76688122494342e-06,1.76688122494342e-06,1.76688122494342e-06,1.76688122494342e-06,1.76688122494342e-06,1.76688122494342e-06,1.76688122494342e-06
0.00353552933111177,0.00351786051886234,0.00351786051886234,0.00355319814336121,0.00355319814336121,0.00357086695561064,0.00357086695561064,0.00353552933111177,0.00350019170661291,0.00353552933111177,0.00351786051886234,0.00360620458010951,0.00365921101685781,0.00362387339235895,0.00365921101685781,0.00369454864135668,0.00364154220460838,0.00365921101685781,0.00364154220460838,0.00374755507810498,0.00369454864135668,0.00360620458010951,0.00353552933111177,0.00365921101685781,0.00365921101685781,0.00350019170661291,0.00362387339235895,0.00353552933111177,0.00353552933111177,0.00364154220460838,0.00376522389035442,0.00378289270260385,0.00378289270260385,0.00372988626585555,0.00385356795160159,0.00390657438834989,0.00351786051886234,0.00364154220460838,0.00350019170661291,0.00342951645761517,0.00358853576786008,0.00364154220460838,0.00286411446563328,0.00350019170661291,0.00325282833512083,0.00346485408211404,0.00298779615137932,0.00348252289436347,0.00378289270260385,0.003341172396368,0.00297012733912988,0.00309380902487592,0.00311147783712535,0.00297012733912988,0.00321749071062196,0.00297012733912988,0.0032881659596197,0.00319982189837253,0.003341172396368,0.0034471852698646,0.00247540059614573,0.000832201056948349,5.47733179732459e-05,1.76688122494342e-06,1.76688122494342e-06,1.76688122494342e-06,1.76688122494342e-06,1.76688122494342e-06,1.76688122494342e-06,1.76688122494342e-06,1.76688122494342e-06,1.76688122494342e-06,1.76688122494342e-06,1.76688122494342e-06,1.76688122494342e-06,1.76688122494342e-06,1.76688122494342e-06,1.76688122494342e-06,1.76688122494342e-06,1.76688122494342e-06,1.76688122494342e-06,1.76688122494342e-06,1.76688122494342e-06,1.76688122494342e-06,1.76688122494342e-06,1.76688122494342e-06,1.76688122494342e-06,1.76688122494342e-06,1.76688122494342e-06,1.76688122494342e-06,1.76688122494342e-06,1.76688122494342e-06,1.76688122494342e-06,1.76688122494342e-06,1.76688122494342e-06,1.76688122494342e-06,1.76688122494342e-06,1.76688122494342e-06,1.76688122494342e-06,1.76688122494342e-06
0.00387123676385102,0.00387123676385102,0.00387123676385102,0.00387123676385102,0.00387123676385102,0.00388890557610046,0.00388890557610046,0.00392424320059933,0.00394191201284876,0.00390657438834989,0.00388890557610046,0.00380056151485329,0.00374755507810498,0.00374755507810498,0.00372988626585555,0.00374755507810498,0.00374755507810498,0.00369454864135668,0.00371221745360612,0.00365921101685781,0.00372988626585555,0.00369454864135668,0.00369454864135668,0.00350019170661291,0.00362387339235895,0.00380056151485329,0.00385356795160159,0.00395958082509819,0.00397724963734763,0.00383589913935216,0.00365921101685781,0.00380056151485329,0.00380056151485329,0.0040655936985948,0.00408326251084423,0.00369454864135668,0.00385356795160159,0.00342951645761517,0.00374755507810498,0.00408326251084423,0.00381823032710272,0.00341184764536574,0.00372988626585555,0.00314681546162422,0.00335884120861743,0.00351786051886234,0.00367687982910725,0.00341184764536574,0.00337651002086687,0.00374755507810498,0.00342951645761517,0.00337651002086687,0.00353552933111177,0.00350019170661291,0.0032881659596197,0.00353552933111177,0.00325282833512083,0.00355319814336121,0.00342951645761517,0.00288178327788271,0.00297012733912988,0.00115023967743816,5.47733179732459e-05,1.76688122494342e-06,1.76688122494342e-06,1.76688122494342e-06,1.76688122494342e-06,1.76688122494342e-06,1.76688122494342e-06,1.76688122494342e-06,1.76688122494342e-06,1.76688122494342e-06,1.76688122494342e-06,1.76688122494342e-06,1.76688122494342e-06,1.76688122494342e-06,1.76688122494342e-06,1.76688122494342e-06,1.76688122494342e-06,1.76688122494342e-06,1.76688122494342e-06,1.76688122494342e-06,1.76688122494342e-06,1.76688122494342e-06,1.76688122494342e-06,1.76688122494342e-06,1.76688122494342e-06,1.76688122494342e-06,1.76688122494342e-06,1.76688122494342e-06,1.76688122494342e-06,1.76688122494342e-06,1.76688122494342e-06,1.76688122494342e-06,1.76688122494342e-06,1.76688122494342e-06,1.76688122494342e-06,1.76688122494342e-06,1.76688122494342e-06,1.76688122494342e-06
0.00351786051886234,0.00353552933111177,0.00353552933111177,0.00355319814336121,0.00355319814336121,0.00357086695561064,0.00357086695561064,0.00358853576786008,0.00357086695561064,0.00355319814336121,0.00357086695561064,0.00362387339235895,0.00362387339235895,0.00358853576786008,0.00353552933111177,0.00350019170661291,0.00353552933111177,0.00357086695561064,0.00358853576786008,0.00355319814336121,0.00346485408211404,0.00357086695561064,0.00357086695561064,0.00367687982910725,0.00350019170661291,0.00357086695561064,0.00348252289436347,0.00357086695561064,0.00365921101685781,0.00369454864135668,0.00380056151485329,0.00358853576786008,0.00364154220460838,0.00341184764536574,0.00353552933111177,0.00387123676385102,0.00420694419659027,0.00429528825783744,0.00376522389035442,0.00374755507810498,0.00385356795160159,0.00381823032710272,0.00376522389035442,0.00351786051886234,0.00355319814336121,0.00318215308612309,0.00388890557610046,0.00350019170661291,0.00364154220460838,0.00378289270260385,0.00387123676385102,0.00312914664937479,0.00374755507810498,0.00351786051886234,0.00362387339235895,0.00415393775984197,0.00337651002086687,0.00316448427387366,0.00381823032710272,0.00298779615137932,0.00297012733912988,0.00160962879592345,0.000231461440467587,1.76688122494342e-06,1.76688122494342e-06,1.76688122494342e-06,1.76688122494342e-06,1.76688122494342e-06,1.76688122494342e-06,1.76688122494342e-06,1.76688122494342e-06,1.76688122494342e-06,1.76688122494342e-06,1.76688122494342e-06,1.76688122494342e-06,1.76688122494342e-06,1.76688122494342e-06,1.76688122494342e-06,1.76688122494342e-06,1.76688122494342e-06,1.76688122494342e-06,1.76688122494342e-06,1.76688122494342e-06,1.76688122494342e-06,1.76688122494342e-06,1.76688122494342e-06,1.76688122494342e-06,1.76688122494342e-06,1.76688122494342e-06,1.76688122494342e-06,1.76688122494342e-06,1.76688122494342e-06,1.76688122494342e-06,1.76688122494342e-06,1.76688122494342e-06,1.76688122494342e-06,1.76688122494342e-06,1.76688122494342e-06,1.76688122494342e-06,1.76688122494342e-06
0.00378289270260385,0.00372988626585555,0.00372988626585555,0.00369454864135668,0.00369454864135668,0.00364154220460838,0.00364154220460838,0.00358853576786008,0.00351786051886234,0.00357086695561064,0.00360620458010951,0.00360620458010951,0.00365921101685781,0.00367687982910725,0.00372988626585555,0.00378289270260385,0.00380056151485329,0.00380056151485329,0.00376522389035442,0.00369454864135668,0.00374755507810498,0.00372988626585555,0.00362387339235895,0.00364154220460838,0.00364154220460838,0.00351786051886234,0.00360620458010951,0.00353552933111177,0.00376522389035442,0.00374755507810498,0.00376522389035442,0.00399491844959706,0.00395958082509819,0.00403025607409593,0.00378289270260385,0.00380056151485329,0.00394191201284876,0.00410093132309367,0.0041186001353431,0.0040655936985948,0.00413626894759254,0.00383589913935216,0.00399491844959706,0.00397724963734763,0.00381823032710272,0.00351786051886234,0.00323515952287139,0.00342951645761517,0.00390657438834989,0.00390657438834989,0.00342951645761517,0.00367687982910725,0.0032881659596197,0.00353552933111177,0.00357086695561064,0.00316448427387366,0.00348252289436347,0.00397724963734763,0.00321749071062196,0.00381823032710272,0.00319982189837253,0.0018923297919144,0.000337474313964192,1.76688122494342e-06,1.76688122494342e-06,1.76688122494342e-06,1.76688122494342e-06,1.76688122494342e-06,1.76688122494342e-06,1.76688122494342e-06,1.76688122494342e-06,1.76688122494342e-06,1.76688122494342e-06,1.76688122494342e-06,1.76688122494342e-06,1.76688122494342e-06,1.76688122494342e-06,1.76688122494342e-06,1.76688122494342e-06,1.76688122494342e-06,1.76688122494342e-06,1.76688122494342e-06,1.76688122494342e-06,1.76688122494342e-06,1.76688122494342e-06,1.76688122494342e-06,1.76688122494342e-06,1.76688122494342e-06,1.76688122494342e-06,1.76688122494342e-06,1.76688122494342e-06,1.76688122494342e-06,1.76688122494342e-06,1.76688122494342e-06,1.76688122494342e-06,1.76688122494342e-06,1.76688122494342e-06,1.76688122494342e-06,1.76688122494342e-06,1.76688122494342e-06
0.00425995063333857,0.00431295707008688,0.00431295707008688,0.00431295707008688,0.00431295707008688,0.00433062588233631,0.00433062588233631,0.00434829469458575,0.00438363231908461,0.00434829469458575,0.00436596350683518,0.00433062588233631,0.00429528825783744,0.00431295707008688,0.00429528825783744,0.00425995063333857,0.00420694419659027,0.00418927538434084,0.00422461300883971,0.00425995063333857,0.00413626894759254,0.00413626894759254,0.00424228182108914,0.00427761944558801,0.00429528825783744,0.00418927538434084,0.00403025607409593,0.00387123676385102,0.00374755507810498,0.00392424320059933,0.00380056151485329,0.00378289270260385,0.00376522389035442,0.00397724963734763,0.00397724963734763,0.00397724963734763,0.00387123676385102,0.00422461300883971,0.00447197638033179,0.00399491844959706,0.00388890557610046,0.00420694419659027,0.00434829469458575,0.00381823032710272,0.00371221745360612,0.00429528825783744,0.00387123676385102,0.0040125872618465,0.00360620458010951,0.00394191201284876,0.00380056151485329,0.0032881659596197,0.00357086695561064,0.00371221745360612,0.0033941788331163,0.0033941788331163,0.00325282833512083,0.00404792488634536,0.00390657438834989,0.00314681546162422,0.0033941788331163,0.00228104366140195,0.000567168873206836,3.71045057238117e-05,1.76688122494342e-06,1.76688122494342e-06,1.76688122494342e-06,1.76688122494342e-06,1.76688122494342e-06,1.76688122494342e-06,1.76688122494342e-06,1.76688122494342e-06,1.76688122494342e-06,1.76688122494342e-06,1.76688122494342e-06,1.76688122494342e-06,1.76688122494342e-06,1.76688122494342e-06,1.76688122494342e-06,1.76688122494342e-06,1.76688122494342e-06,1.76688122494342e-06,1.76688122494342e-06,1.76688122494342e-06,1.76688122494342e-06,1.76688122494342e-06,1.76688122494342e-06,1.76688122494342e-06,1.76688122494342e-06,1.76688122494342e-06,1.76688122494342e-06,1.76688122494342e-06,1.76688122494342e-06,1.76688122494342e-06,1.76688122494342e-06,1.76688122494342e-06,1.76688122494342e-06,1.76688122494342e-06,1.76688122494342e-06,1.76688122494342e-06
0.00372988626585555,0.00374755507810498,0.00374755507810498,0.00374755507810498,0.00374755507810498,0.00372988626585555,0.00372988626585555,0.00371221745360612,0.00374755507810498,0.00378289270260385,0.00376522389035442,0.00372988626585555,0.00372988626585555,0.00369454864135668,0.00369454864135668,0.00369454864135668,0.00380056151485329,0.00387123676385102,0.00383589913935216,0.00392424320059933,0.0041186001353431,0.00408326251084423,0.00399491844959706,0.00394191201284876,0.00390657438834989,0.00408326251084423,0.00420694419659027,0.00427761944558801,0.00433062588233631,0.00410093132309367,0.00424228182108914,0.00408326251084423,0.0041186001353431,0.00403025607409593,0.00429528825783744,0.00436596350683518,0.00408326251084423,0.00385356795160159,0.00418927538434084,0.0041716065720914,0.0041716065720914,0.00471933975182386,0.00424228182108914,0.00436596350683518,0.00424228182108914,0.00357086695561064,0.00318215308612309,0.00351786051886234,0.00355319814336121,0.00385356795160159,0.0040655936985948,0.00404792488634536,0.00372988626585555,0.0033941788331163,0.00378289270260385,0.00371221745360612,0.0034471852698646,0.00355319814336121,0.003341172396368,0.00358853576786008,0.00403025607409593,0.00289945209013215,0.000514162436458534,9.01109424721142e-05,1.76688122494342e-06,1.76688122494342e-06,1.76688122494342e-06,1.76688122494342e-06,1.76688122494342e-06,1.76688122494342e-06,1.76688122494342e-06,1.76688122494342e-06,1.76688122494342e-06,1.76688122494342e-06,1.76688122494342e-06,1.76688122494342e-06,1.76688122494342e-06,1.76688122494342e-06,1.76688122494342e-06,1.76688122494342e-06,1.76688122494342e-06,1.76688122494342e-06,1.76688122494342e-06,1.76688122494342e-06,1.76688122494342e-06,1.76688122494342e-06,1.76688122494342e-06,1.76688122494342e-06,1.76688122494342e-06,1.76688122494342e-06,1.76688122494342e-06,1.76688122494342e-06,1.76688122494342e-06,1.76688122494342e-06,1.76688122494342e-06,1.76688122494342e-06,1.76688122494342e-06,1.76688122494342e-06,1.76688122494342e-06,1.76688122494342e-06
0.00362387339235895,0.00360620458010951,0.00360620458010951,0.00360620458010951,0.00360620458010951,0.00364154220460838,0.00364154220460838,0.00365921101685781,0.00365921101685781,0.00360620458010951,0.00362387339235895,0.00367687982910725,0.00367687982910725,0.00365921101685781,0.00369454864135668,0.00367687982910725,0.00362387339235895,0.00348252289436347,0.00357086695561064,0.00358853576786008,0.00355319814336121,0.00358853576786008,0.00372988626585555,0.00378289270260385,0.00380056151485329,0.00381823032710272,0.00374755507810498,0.00390657438834989,0.00376522389035442,0.00395958082509819,0.00395958082509819,0.00408326251084423,0.00410093132309367,0.00413626894759254,0.00408326251084423,0.00404792488634536,0.00403025607409593,0.00404792488634536,0.00353552933111177,0.00408326251084423,0.00466633331507556,0.00425995063333857,0.00436596350683518,0.00456032044157896,0.00447197638033179,0.00390657438834989,0.00436596350683518,0.00372988626585555,0.00394191201284876,0.00350019170661291,0.00448964519258122,0.0040125872618465,0.00371221745360612,0.00392424320059933,0.00404792488634536,0.00413626894759254,0.00364154220460838,0.003341172396368,0.00395958082509819,0.00388890557610046,0.00346485408211404,0.00321749071062196,0.00106189561619099,0.000143117379220417,1.76688122494342e-06,1.76688122494342e-06,1.76688122494342e-06,1.76688122494342e-06,1.76688122494342e-06,1.76688122494342e-06,1.76688122494342e-06,1.76688122494342e-06,1.76688122494342e-06,1.76688122494342e-06,1.76688122494342e-06,1.76688122494342e-06,1.76688122494342e-06,1.76688122494342e-06,1.76688122494342e-06,1.76688122494342e-06,1.76688122494342e-06,1.76688122494342e-06,1.76688122494342e-06,1.76688122494342e-06,1.76688122494342e-06,1.76688122494342e-06,1.76688122494342e-06,1.76688122494342e-06,1.76688122494342e-06,1.76688122494342e-06,1.76688122494342e-06,1.76688122494342e-06,1.76688122494342e-06,1.76688122494342e-06,1.76688122494342e-06,1.76688122494342e-06,1.76688122494342e-06,1.76688122494342e-06,1.76688122494342e-06,1.76688122494342e-06
0.00392424320059933,0.00390657438834989,0.00390657438834989,0.00394191201284876,0.00394191201284876,0.00388890557610046,0.00388890557610046,0.00390657438834989,0.00392424320059933,0.00395958082509819,0.00394191201284876,0.00390657438834989,0.00388890557610046,0.00390657438834989,0.00392424320059933,0.00399491844959706,0.00403025607409593,0.00415393775984197,0.00408326251084423,0.00410093132309367,0.00399491844959706,0.0040125872618465,0.0040125872618465,0.00390657438834989,0.0040655936985948,0.00399491844959706,0.00408326251084423,0.00404792488634536,0.00420694419659027,0.0041186001353431,0.00387123676385102,0.00376522389035442,0.00374755507810498,0.00390657438834989,0.00410093132309367,0.00385356795160159,0.00381823032710272,0.0041716065720914,0.00475467737632273,0.00448964519258122,0.0040125872618465,0.00450731400483065,0.00468400212732499,0.00487835906206877,0.00457798925382839,0.00457798925382839,0.00397724963734763,0.0040655936985948,0.00378289270260385,0.00420694419659027,0.00443663875583292,0.00390657438834989,0.00378289270260385,0.00413626894759254,0.00353552933111177,0.00369454864135668,0.00390657438834989,0.0041716065720914,0.00372988626585555,0.00438363231908461,0.00332350358411856,0.003341172396368,0.00224570603690308,0.000213792628218153,3.71045057238117e-05,1.76688122494342e-06,1.76688122494342e-06,1.76688122494342e-06,1.76688122494342e-06,1.76688122494342e-06,1.76688122494342e-06,1.76688122494342e-06,1.76688122494342e-06,1.76688122494342e-06,1.76688122494342e-06,1.76688122494342e-06,1.76688122494342e-06,1.76688122494342e-06,1.76688122494342e-06,1.76688122494342e-06,1.76688122494342e-06,1.76688122494342e-06,1.76688122494342e-06,1.76688122494342e-06,1.76688122494342e-06,1.76688122494342e-06,1.76688122494342e-06,1.76688122494342e-06,1.76688122494342e-06,1.76688122494342e-06,1.76688122494342e-06,1.76688122494342e-06,1.76688122494342e-06,1.76688122494342e-06,1.76688122494342e-06,1.76688122494342e-06,1.76688122494342e-06,1.76688122494342e-06,1.76688122494342e-06,1.76688122494342e-06
0.00438363231908461,0.00436596350683518,0.00436596350683518,0.00431295707008688,0.00431295707008688,0.00434829469458575,0.00434829469458575,0.00436596350683518,0.00434829469458575,0.00433062588233631,0.00433062588233631,0.00433062588233631,0.00436596350683518,0.00434829469458575,0.00424228182108914,0.00420694419659027,0.00422461300883971,0.0041716065720914,0.00422461300883971,0.0041716065720914,0.00425995063333857,0.00420694419659027,0.00420694419659027,0.0041716065720914,0.0041186001353431,0.00418927538434084,0.0041186001353431,0.0040655936985948,0.00413626894759254,0.00413626894759254,0.00418927538434084,0.0041716065720914,0.0041716065720914,0.0040655936985948,0.00385356795160159,0.0040655936985948,0.00420694419659027,0.0041716065720914,0.00395958082509819,0.00427761944558801,0.00441896994358348,0.00420694419659027,0.00464866450282613,0.00468400212732499,0.00452498281708009,0.00503737837231368,0.00470167093957443,0.00436596350683518,0.00387123676385102,0.00403025607409593,0.00397724963734763,0.00464866450282613,0.00413626894759254,0.00408326251084423,0.0040655936985948,0.00388890557610046,0.00441896994358348,0.00346485408211404,0.00420694419659027,0.00385356795160159,0.0041716065720914,0.00390657438834989,0.0019453362286627,0.000408149562961929,1.76688122494342e-06,1.76688122494342e-06,1.76688122494342e-06,1.76688122494342e-06,1.76688122494342e-06,1.76688122494342e-06,1.76688122494342e-06,1.76688122494342e-06,1.76688122494342e-06,1.76688122494342e-06,1.76688122494342e-06,1.76688122494342e-06,1.76688122494342e-06,1.76688122494342e-06,1.76688122494342e-06,1.76688122494342e-06,1.76688122494342e-06,1.76688122494342e-06,1.76688122494342e-06,1.76688122494342e-06,1.76688122494342e-06,1.76688122494342e-06,1.76688122494342e-06,1.76688122494342e-06,1.76688122494342e-06,1.76688122494342e-06,1.76688122494342e-06,1.76688122494342e-06,1.76688122494342e-06,1.76688122494342e-06,1.76688122494342e-06,1.76688122494342e-06,1.76688122494342e-06,1.76688122494342e-06,1.76688122494342e-06,1.76688122494342e-06
0.00440130113133405,0.00441896994358348,0.00441896994358348,0.00443663875583292,0.00443663875583292,0.00445430756808235,0.00445430756808235,0.00443663875583292,0.00441896994358348,0.00443663875583292,0.00440130113133405,0.00445430756808235,0.00445430756808235,0.00445430756808235,0.00443663875583292,0.00447197638033179,0.00438363231908461,0.00436596350683518,0.00427761944558801,0.00425995063333857,0.00425995063333857,0.00427761944558801,0.00420694419659027,0.00427761944558801,0.0041186001353431,0.00413626894759254,0.0041186001353431,0.00403025607409593,0.00399491844959706,0.00383589913935216,0.0040125872618465,0.00388890557610046,0.00383589913935216,0.00394191201284876,0.0040125872618465,0.00399491844959706,0.00433062588233631,0.0041186001353431,0.00445430756808235,0.00459565806607782,0.00457798925382839,0.00477234618857217,0.00459565806607782,0.00471933975182386,0.00500204074781481,0.00447197638033179,0.0047900150008216,0.00429528825783744,0.00447197638033179,0.00397724963734763,0.00454265162932952,0.00464866450282613,0.0041716065720914,0.00371221745360612,0.00427761944558801,0.00433062588233631,0.00383589913935216,0.00387123676385102,0.00360620458010951,0.00367687982910725,0.00371221745360612,0.00397724963734763,0.00249306940839516,0.000584837685456271,1.94356934743776e-05,1.76688122494342e-06,1.76688122494342e-06,1.76688122494342e-06,1.76688122494342e-06,1.76688122494342e-06,1.76688122494342e-06,1.76688122494342e-06,1.76688122494342e-06,1.76688122494342e-06,1.76688122494342e-06,1.76688122494342e-06,1.76688122494342e-06,1.76688122494342e-06,1.76688122494342e-06,1.76688122494342e-06,1.76688122494342e-06,1.76688122494342e-06,1.76688122494342e-06,1.76688122494342e-06,1.76688122494342e-06,1.76688122494342e-06,1.76688122494342e-06,1.76688122494342e-06,1.76688122494342e-06,1.76688122494342e-06,1.76688122494342e-06,1.76688122494342e-06,1.76688122494342e-06,1.76688122494342e-06,1.76688122494342e-06,1.76688122494342e-06,1.76688122494342e-06,1.76688122494342e-06,1.76688122494342e-06,1.76688122494342e-06
0.00443663875583292,0.00440130113133405,0.00440130113133405,0.00441896994358348,0.00441896994358348,0.00440130113133405,0.00440130113133405,0.00436596350683518,0.00440130113133405,0.00438363231908461,0.00443663875583292,0.00440130113133405,0.00438363231908461,0.00434829469458575,0.00447197638033179,0.00441896994358348,0.00448964519258122,0.00454265162932952,0.00454265162932952,0.00457798925382839,0.00450731400483065,0.00450731400483065,0.00447197638033179,0.00441896994358348,0.00445430756808235,0.00434829469458575,0.00438363231908461,0.00436596350683518,0.00431295707008688,0.00448964519258122,0.00440130113133405,0.00443663875583292,0.00429528825783744,0.00425995063333857,0.00424228182108914,0.0040655936985948,0.00413626894759254,0.00392424320059933,0.00399491844959706,0.0041186001353431,0.00425995063333857,0.00440130113133405,0.00461332687832726,0.00456032044157896,0.00493136549881707,0.00512572243356085,0.00496670312331594,0.00489602787431821,0.00445430756808235,0.00464866450282613,0.0040655936985948,0.00441896994358348,0.00494903431106651,0.0041186001353431,0.0040655936985948,0.00434829469458575,0.00399491844959706,0.0041186001353431,0.00399491844959706,0.00381823032710272,0.00433062588233631,0.00438363231908461,0.00335884120861743,0.000902876305946085,1.94356934743776e-05,1.76688122494342e-06,1.76688122494342e-06,1.76688122494342e-06,1.76688122494342e-06,1.76688122494342e-06,1.76688122494342e-06,1.76688122494342e-06,1.76688122494342e-06,1.76688122494342e-06,1.76688122494342e-06,1.76688122494342e-06,1.76688122494342e-06,1.76688122494342e-06,1.76688122494342e-06,1.76688122494342e-06,1.76688122494342e-06,1.76688122494342e-06,1.76688122494342e-06,1.76688122494342e-06,1.76688122494342e-06,1.76688122494342e-06,1.76688122494342e-06,1.76688122494342e-06,1.76688122494342e-06,1.76688122494342e-06,1.76688122494342e-06,1.76688122494342e-06,1.76688122494342e-06,1.76688122494342e-06,1.76688122494342e-06,1.76688122494342e-06,1.76688122494342e-06,1.76688122494342e-06,1.76688122494342e-06,1.76688122494342e-06
0.00454265162932952,0.00456032044157896,0.00456032044157896,0.00454265162932952,0.00454265162932952,0.00450731400483065,0.00450731400483065,0.00454265162932952,0.00456032044157896,0.00456032044157896,0.00450731400483065,0.00452498281708009,0.00454265162932952,0.00461332687832726,0.00457798925382839,0.00459565806607782,0.00457798925382839,0.00457798925382839,0.00454265162932952,0.00452498281708009,0.00450731400483065,0.00441896994358348,0.00452498281708009,0.00456032044157896,0.00470167093957443,0.00471933975182386,0.00466633331507556,0.0047370085640733,0.00466633331507556,0.00459565806607782,0.00459565806607782,0.00466633331507556,0.00468400212732499,0.00448964519258122,0.00457798925382839,0.00468400212732499,0.00427761944558801,0.00457798925382839,0.00422461300883971,0.0040655936985948,0.00427761944558801,0.00408326251084423,0.00452498281708009,0.00466633331507556,0.00434829469458575,0.00505504718456311,0.00500204074781481,0.00532007936830462,0.0047900150008216,0.00420694419659027,0.00388890557610046,0.00431295707008688,0.00461332687832726,0.0047370085640733,0.00431295707008688,0.00424228182108914,0.00424228182108914,0.00464866450282613,0.00427761944558801,0.00429528825783744,0.00387123676385102,0.00388890557610046,0.00337651002086687,0.00150361592242685,0.000266799064966456,1.76688122494342e-06,1.76688122494342e-06,1.76688122494342e-06,1.76688122494342e-06,1.76688122494342e-06,1.76688122494342e-06,1.76688122494342e-06,1.76688122494342e-06,1.76688122494342e-06,1.76688122494342e-06,1.76688122494342e-06,1.76688122494342e-06,1.76688122494342e-06,1.76688122494342e-06,1.76688122494342e-06,1.76688122494342e-06,1.76688122494342e-06,1.76688122494342e-06,1.76688122494342e-06,1.76688122494342e-06,1.76688122494342e-06,1.76688122494342e-06,1.76688122494342e-06,1.76688122494342e-06,1.76688122494342e-06,1.76688122494342e-06,1.76688122494342e-06,1.76688122494342e-06,1.76688122494342e-06,1.76688122494342e-06,1.76688122494342e-06,1.76688122494342e-06,1.76688122494342e-06,1.76688122494342e-06,1.76688122494342e-06
0.00491369668656764,0.00494903431106651,0.00494903431106651,0.00494903431106651,0.00494903431106651,0.00500204074781481,0.00500204074781481,0.00500204074781481,0.00498437193556538,0.00496670312331594,0.00498437193556538,0.00498437193556538,0.00498437193556538,0.00498437193556538,0.00505504718456311,0.00501970956006424,0.00498437193556538,0.00494903431106651,0.00496670312331594,0.00487835906206877,0.00486069024981934,0.00489602787431821,0.00494903431106651,0.00487835906206877,0.00489602787431821,0.00489602787431821,0.00486069024981934,0.00480768381307103,0.00480768381307103,0.00470167093957443,0.00486069024981934,0.00468400212732499,0.0047900150008216,0.0048430214375699,0.00454265162932952,0.00470167093957443,0.00448964519258122,0.00436596350683518,0.00440130113133405,0.00424228182108914,0.0040125872618465,0.0041186001353431,0.00397724963734763,0.00452498281708009,0.00493136549881707,0.00501970956006424,0.00528474174380576,0.00496670312331594,0.00498437193556538,0.00466633331507556,0.00457798925382839,0.00498437193556538,0.00445430756808235,0.00470167093957443,0.00427761944558801,0.00457798925382839,0.00425995063333857,0.00429528825783744,0.00443663875583292,0.00475467737632273,0.00487835906206877,0.00441896994358348,0.00399491844959706,0.00198067385316157,0.000355143126213627,1.76688122494342e-06,1.76688122494342e-06,1.76688122494342e-06,1.76688122494342e-06,1.76688122494342e-06,1.76688122494342e-06,1.76688122494342e-06,1.76688122494342e-06,1.76688122494342e-06,1.76688122494342e-06,1.76688122494342e-06,1.76688122494342e-06,1.76688122494342e-06,1.76688122494342e-06,1.76688122494342e-06,1.76688122494342e-06,1.76688122494342e-06,1.76688122494342e-06,1.76688122494342e-06,1.76688122494342e-06,1.76688122494342e-06,1.76688122494342e-06,1.76688122494342e-06,1.76688122494342e-06,1.76688122494342e-06,1.76688122494342e-06,1.76688122494342e-06,1.76688122494342e-06,1.76688122494342e-06,1.76688122494342e-06,1.76688122494342e-06,1.76688122494342e-06,1.76688122494342e-06,1.76688122494342e-06,1.76688122494342e-06
0.00496670312331594,0.00496670312331594,0.00496670312331594,0.00496670312331594,0.00496670312331594,0.00496670312331594,0.00496670312331594,0.00493136549881707,0.00494903431106651,0.00498437193556538,0.00494903431106651,0.00496670312331594,0.00494903431106651,0.00496670312331594,0.00487835906206877,0.00487835906206877,0.00489602787431821,0.00482535262532047,0.00494903431106651,0.00498437193556538,0.00509038480906198,0.00514339124581028,0.00509038480906198,0.00519639768255859,0.00505504718456311,0.00493136549881707,0.00500204074781481,0.00487835906206877,0.00480768381307103,0.00494903431106651,0.00471933975182386,0.00491369668656764,0.00491369668656764,0.00486069024981934,0.00493136549881707,0.00496670312331594,0.00498437193556538,0.00507271599681255,0.00489602787431821,0.00463099569057669,0.00452498281708009,0.0047370085640733,0.0047370085640733,0.00461332687832726,0.00519639768255859,0.00475467737632273,0.00505504718456311,0.00521406649480802,0.0054084234295518,0.00498437193556538,0.00482535262532047,0.00464866450282613,0.00537308580505293,0.00523173530705745,0.00517872887030915,0.00418927538434084,0.00470167093957443,0.00464866450282613,0.00438363231908461,0.00470167093957443,0.00448964519258122,0.00441896994358348,0.00436596350683518,0.00263441990639063,0.000531831248707968,5.47733179732459e-05,1.76688122494342e-06,1.76688122494342e-06,1.76688122494342e-06,1.76688122494342e-06,1.76688122494342e-06,1.76688122494342e-06,1.76688122494342e-06,1.76688122494342e-06,1.76688122494342e-06,1.76688122494342e-06,1.76688122494342e-06,1.76688122494342e-06,1.76688122494342e-06,1.76688122494342e-06,1.76688122494342e-06,1.76688122494342e-06,1.76688122494342e-06,1.76688122494342e-06,1.76688122494342e-06,1.76688122494342e-06,1.76688122494342e-06,1.76688122494342e-06,1.76688122494342e-06,1.76688122494342e-06,1.76688122494342e-06,1.76688122494342e-06,1.76688122494342e-06,1.76688122494342e-06,1.76688122494342e-06,1.76688122494342e-06,1.76688122494342e-06,1.76688122494342e-06,1.76688122494342e-06,1.76688122494342e-06
0.00523173530705745,0.00524940411930689,0.00524940411930689,0.00526707293155632,0.00526707293155632,0.00523173530705745,0.00523173530705745,0.00530241055605519,0.00528474174380576,0.00526707293155632,0.00530241055605519,0.00533774818055406,0.00535541699280349,0.00526707293155632,0.00532007936830462,0.00539075461730236,0.00533774818055406,0.0054614298663001,0.0054084234295518,0.00544376105405066,0.00544376105405066,0.00528474174380576,0.00512572243356085,0.00500204074781481,0.00514339124581028,0.00524940411930689,0.00510805362131142,0.00500204074781481,0.00519639768255859,0.00535541699280349,0.00535541699280349,0.00549676749079897,0.00560278036429557,0.00554977392754727,0.00544376105405066,0.00535541699280349,0.00537308580505293,0.00491369668656764,0.00466633331507556,0.00468400212732499,0.00486069024981934,0.00427761944558801,0.00445430756808235,0.0047900150008216,0.00452498281708009,0.00539075461730236,0.00533774818055406,0.00592081898478539,0.00586781254803708,0.00539075461730236,0.00494903431106651,0.00434829469458575,0.0047370085640733,0.00468400212732499,0.00496670312331594,0.00500204074781481,0.00510805362131142,0.00403025607409593,0.00464866450282613,0.00438363231908461,0.00429528825783744,0.00408326251084423,0.00491369668656764,0.00357086695561064,0.000885207493696651,5.47733179732459e-05,1.76688122494342e-06,1.76688122494342e-06,1.76688122494342e-06,1.76688122494342e-06,1.76688122494342e-06,1.76688122494342e-06,1.76688122494342e-06,1.76688122494342e-06,1.76688122494342e-06,1.76688122494342e-06,1.76688122494342e-06,1.76688122494342e-06,1.76688122494342e-06,1.76688122494342e-06,1.76688122494342e-06,1.76688122494342e-06,1.76688122494342e-06,1.76688122494342e-06,1.76688122494342e-06,1.76688122494342e-06,1.76688122494342e-06,1.76688122494342e-06,1.76688122494342e-06,1.76688122494342e-06,1.76688122494342e-06,1.76688122494342e-06,1.76688122494342e-06,1.76688122494342e-06,1.76688122494342e-06,1.76688122494342e-06,1.76688122494342e-06,1.76688122494342e-06,1.76688122494342e-06,1.76688122494342e-06
0.00507271599681255,0.00505504718456311,0.00505504718456311,0.00507271599681255,0.00507271599681255,0.00509038480906198,0.00509038480906198,0.00507271599681255,0.00509038480906198,0.00505504718456311,0.00503737837231368,0.00500204074781481,0.00498437193556538,0.00507271599681255,0.00496670312331594,0.00487835906206877,0.00494903431106651,0.00493136549881707,0.00496670312331594,0.00500204074781481,0.00491369668656764,0.00503737837231368,0.00519639768255859,0.00530241055605519,0.00519639768255859,0.00516106005805972,0.00532007936830462,0.0055144363030484,0.00519639768255859,0.00516106005805972,0.00524940411930689,0.00501970956006424,0.00512572243356085,0.00510805362131142,0.00537308580505293,0.00532007936830462,0.00510805362131142,0.00510805362131142,0.00572646205004161,0.00569112442554274,0.00496670312331594,0.00542609224180123,0.00493136549881707,0.00425995063333857,0.0047370085640733,0.00463099569057669,0.00547909867854953,0.00542609224180123,0.00577946848678991,0.00588548136028652,0.00544376105405066,0.00509038480906198,0.00475467737632273,0.00523173530705745,0.0048430214375699,0.00461332687832726,0.00517872887030915,0.00486069024981934,0.00468400212732499,0.00450731400483065,0.00468400212732499,0.00452498281708009,0.00443663875583292,0.0041716065720914,0.00180398573066723,0.000213792628218153,1.76688122494342e-06,1.76688122494342e-06,1.76688122494342e-06,1.76688122494342e-06,1.76688122494342e-06,1.76688122494342e-06,1.76688122494342e-06,1.76688122494342e-06,1.76688122494342e-06,1.76688122494342e-06,1.76688122494342e-06,1.76688122494342e-06,1.76688122494342e-06,1.76688122494342e-06,1.76688122494342e-06,1.76688122494342e-06,1.76688122494342e-06,1.76688122494342e-06,1.76688122494342e-06,1.76688122494342e-06,1.76688122494342e-06,1.76688122494342e-06,1.76688122494342e-06,1.76688122494342e-06,1.76688122494342e-06,1.76688122494342e-06,1.76688122494342e-06,1.76688122494342e-06,1.76688122494342e-06,1.76688122494342e-06,1.76688122494342e-06,1.76688122494342e-06,1.76688122494342e-06,1.76688122494342e-06
0.00463099569057669,0.00459565806607782,0.00459565806607782,0.00459565806607782,0.00459565806607782,0.00457798925382839,0.00457798925382839,0.00457798925382839,0.00448964519258122,0.00450731400483065,0.00454265162932952,0.00454265162932952,0.00456032044157896,0.00457798925382839,0.00468400212732499,0.0047370085640733,0.00470167093957443,0.00471933975182386,0.00470167093957443,0.00471933975182386,0.0047370085640733,0.00482535262532047,0.00480768381307103,0.00493136549881707,0.00498437193556538,0.00514339124581028,0.00526707293155632,0.00535541699280349,0.00553210511529783,0.0054084234295518,0.00521406649480802,0.00514339124581028,0.00493136549881707,0.00521406649480802,0.00553210511529783,0.00553210511529783,0.00606216948278086,0.00592081898478539,0.00528474174380576,0.00553210511529783,0.00577946848678991,0.00542609224180123,0.00524940411930689,0.00514339124581028,0.00457798925382839,0.00486069024981934,0.00477234618857217,0.00509038480906198,0.00593848779703482,0.00622118879302577,0.00558511155204614,0.0055144363030484,0.00514339124581028,0.00535541699280349,0.00491369668656764,0.00516106005805972,0.00496670312331594,0.00512572243356085,0.00524940411930689,0.00470167093957443,0.00498437193556538,0.00457798925382839,0.00489602787431821,0.00440130113133405,0.00221036841240421,0.000372811938463061,1.94356934743776e-05,1.76688122494342e-06,1.76688122494342e-06,1.76688122494342e-06,1.76688122494342e-06,1.76688122494342e-06,1.76688122494342e-06,1.76688122494342e-06,1.76688122494342e-06,1.76688122494342e-06,1.76688122494342e-06,1.76688122494342e-06,1.76688122494342e-06,1.76688122494342e-06,1.76688122494342e-06,1.76688122494342e-06,1.76688122494342e-06,1.76688122494342e-06,1.76688122494342e-06,1.76688122494342e-06,1.76688122494342e-06,1.76688122494342e-06,1.76688122494342e-06,1.76688122494342e-06,1.76688122494342e-06,1.76688122494342e-06,1.76688122494342e-06,1.76688122494342e-06,1.76688122494342e-06,1.76688122494342e-06,1.76688122494342e-06,1.76688122494342e-06,1.76688122494342e-06,1.76688122494342e-06
0.00523173530705745,0.00526707293155632,0.00526707293155632,0.00523173530705745,0.00523173530705745,0.00524940411930689,0.00524940411930689,0.00523173530705745,0.00530241055605519,0.00530241055605519,0.00528474174380576,0.00523173530705745,0.00519639768255859,0.00516106005805972,0.00517872887030915,0.00516106005805972,0.00517872887030915,0.00514339124581028,0.00498437193556538,0.00489602787431821,0.00501970956006424,0.00494903431106651,0.00496670312331594,0.00486069024981934,0.00487835906206877,0.00471933975182386,0.00457798925382839,0.0047370085640733,0.00471933975182386,0.00475467737632273,0.00521406649480802,0.00537308580505293,0.0055674427397967,0.00532007936830462,0.00501970956006424,0.00505504718456311,0.00491369668656764,0.0054084234295518,0.0055674427397967,0.00549676749079897,0.00547909867854953,0.00539075461730236,0.0054614298663001,0.00517872887030915,0.0054084234295518,0.00494903431106651,0.00532007936830462,0.00558511155204614,0.00553210511529783,0.00638020810327067,0.00607983829503029,0.0055144363030484,0.00558511155204614,0.00530241055605519,0.00542609224180123,0.00489602787431821,0.00482535262532047,0.00592081898478539,0.00494903431106651,0.0048430214375699,0.00503737837231368,0.00496670312331594,0.00510805362131142,0.00454265162932952,0.00319982189837253,0.000743856995701178,5.47733179732459e-05,1.76688122494342e-06,1.76688122494342e-06,1.76688122494342e-06,1.76688122494342e-06,1.76688122494342e-06,1.76688122494342e-06,1.76688122494342e-06,1.76688122494342e-06,1.76688122494342e-06,1.76688122494342e-06,1.76688122494342e-06,1.76688122494342e-06,1.76688122494342e-06,1.76688122494342e-06,1.76688122494342e-06,1.76688122494342e-06,1.76688122494342e-06,1.76688122494342e-06,1.76688122494342e-06,1.76688122494342e-06,1.76688122494342e-06,1.76688122494342e-06,1.76688122494342e-06,1.76688122494342e-06,1.76688122494342e-06,1.76688122494342e-06,1.76688122494342e-06,1.76688122494342e-06,1.76688122494342e-06,1.76688122494342e-06,1.76688122494342e-06,1.76688122494342e-06,1.76688122494342e-06
0.0055144363030484,0.0055144363030484,0.0055144363030484,0.00547909867854953,0.00547909867854953,0.00542609224180123,0.00542609224180123,0.00542609224180123,0.00544376105405066,0.00544376105405066,0.00544376105405066,0.0055144363030484,0.0055674427397967,0.00560278036429557,0.00554977392754727,0.0055674427397967,0.00558511155204614,0.0055674427397967,0.00570879323779218,0.00572646205004161,0.00569112442554274,0.00572646205004161,0.00565578680104387,0.00563811798879444,0.00569112442554274,0.00553210511529783,0.00547909867854953,0.00533774818055406,0.0054084234295518,0.00526707293155632,0.00493136549881707,0.00516106005805972,0.00501970956006424,0.00526707293155632,0.00533774818055406,0.00542609224180123,0.00554977392754727,0.00558511155204614,0.00562044917654501,0.00597382542153369,0.0061328447317786,0.00577946848678991,0.00615051354402803,0.00600916304603256,0.00533774818055406,0.00539075461730236,0.00544376105405066,0.00533774818055406,0.00530241055605519,0.00585014373578765,0.00668057791151106,0.0061328447317786,0.00572646205004161,0.00526707293155632,0.00588548136028652,0.00563811798879444,0.00505504718456311,0.00547909867854953,0.00532007936830462,0.00523173530705745,0.00539075461730236,0.00558511155204614,0.00510805362131142,0.00457798925382839,0.00374755507810498,0.00125625255093477,7.244213022268e-05,1.76688122494342e-06,1.76688122494342e-06,1.76688122494342e-06,1.76688122494342e-06,1.76688122494342e-06,1.76688122494342e-06,1.76688122494342e-06,1.76688122494342e-06,1.76688122494342e-06,1.76688122494342e-06,1.76688122494342e-06,1.76688122494342e-06,1.76688122494342e-06,1.76688122494342e-06,1.76688122494342e-06,1.76688122494342e-06,1.76688122494342e-06,1.76688122494342e-06,1.76688122494342e-06,1.76688122494342e-06,1.76688122494342e-06,1.76688122494342e-06,1.76688122494342e-06,1.76688122494342e-06,1.76688122494342e-06,1.76688122494342e-06,1.76688122494342e-06,1.76688122494342e-06,1.76688122494342e-06,1.76688122494342e-06,1.76688122494342e-06,1.76688122494342e-06,1.76688122494342e-06
0.00606216948278086,0.00607983829503029,0.00607983829503029,0.00606216948278086,0.00606216948278086,0.0061328447317786,0.0061328447317786,0.0061328447317786,0.00611517591952916,0.0061328447317786,0.00615051354402803,0.00611517591952916,0.00609750710727973,0.00607983829503029,0.0061328447317786,0.00607983829503029,0.00607983829503029,0.00607983829503029,0.00604450067053143,0.00592081898478539,0.00585014373578765,0.00581480611128878,0.00581480611128878,0.00576179967454048,0.00562044917654501,0.00565578680104387,0.00562044917654501,0.00563811798879444,0.00565578680104387,0.00590315017253595,0.00604450067053143,0.00569112442554274,0.00558511155204614,0.00542609224180123,0.00544376105405066,0.00530241055605519,0.00521406649480802,0.00528474174380576,0.00570879323779218,0.0054614298663001,0.00590315017253595,0.00625652641752463,0.00581480611128878,0.0062388576052752,0.00653922741351558,0.00574413086229104,0.00544376105405066,0.00581480611128878,0.00563811798879444,0.00554977392754727,0.00627419522977407,0.00641554572776954,0.00630953285427294,0.00549676749079897,0.00554977392754727,0.00569112442554274,0.00535541699280349,0.00533774818055406,0.00572646205004161,0.00574413086229104,0.00503737837231368,0.0061858511685269,0.00519639768255859,0.00542609224180123,0.00457798925382839,0.00205134910215931,0.000196123815968719,1.76688122494342e-06,1.76688122494342e-06,1.76688122494342e-06,1.76688122494342e-06,1.76688122494342e-06,1.76688122494342e-06,1.76688122494342e-06,1.76688122494342e-06,1.76688122494342e-06,1.76688122494342e-06,1.76688122494342e-06,1.76688122494342e-06,1.76688122494342e-06,1.76688122494342e-06,1.76688122494342e-06,1.76688122494342e-06,1.76688122494342e-06,1.76688122494342e-06,1.76688122494342e-06,1.76688122494342e-06,1.76688122494342e-06,1.76688122494342e-06,1.76688122494342e-06,1.76688122494342e-06,1.76688122494342e-06,1.76688122494342e-06,1.76688122494342e-06,1.76688122494342e-06,1.76688122494342e-06,1.76688122494342e-06,1.76688122494342e-06,1.76688122494342e-06,1.76688122494342e-06
0.00653922741351558,0.00650388978901671,0.00650388978901671,0.00655689622576502,0.00655689622576502,0.00650388978901671,0.00650388978901671,0.00653922741351558,0.00653922741351558,0.00653922741351558,0.00648622097676728,0.00643321454001898,0.00645088335226841,0.00636253929102124,0.00636253929102124,0.00641554572776954,0.00641554572776954,0.00646855216451784,0.00646855216451784,0.00659223385026388,0.00650388978901671,0.00646855216451784,0.00655689622576502,0.00657456503801445,0.00653922741351558,0.00664524028701219,0.00659223385026388,0.00660990266251332,0.00662757147476275,0.00641554572776954,0.00627419522977407,0.00620351998077633,0.00648622097676728,0.00632720166652237,0.00586781254803708,0.00600916304603256,0.00588548136028652,0.00576179967454048,0.00542609224180123,0.00549676749079897,0.00535541699280349,0.00567345561329331,0.00593848779703482,0.00574413086229104,0.00597382542153369,0.00643321454001898,0.00634487047877181,0.00592081898478539,0.00592081898478539,0.00625652641752463,0.00646855216451784,0.0070162853442503,0.00630953285427294,0.0069102724707537,0.00599149423378312,0.00630953285427294,0.00585014373578765,0.00547909867854953,0.00593848779703482,0.00579713729903935,0.00585014373578765,0.00530241055605519,0.00532007936830462,0.00579713729903935,0.00493136549881707,0.00284644565338384,0.0004964936242091,3.71045057238117e-05,1.76688122494342e-06,1.76688122494342e-06,1.76688122494342e-06,1.76688122494342e-06,1.76688122494342e-06,1.76688122494342e-06,1.76688122494342e-06,1.76688122494342e-06,1.76688122494342e-06,1.76688122494342e-06,1.76688122494342e-06,1.76688122494342e-06,1.76688122494342e-06,1.76688122494342e-06,1.76688122494342e-06,1.76688122494342e-06,1.76688122494342e-06,1.76688122494342e-06,1.76688122494342e-06,1.76688122494342e-06,1.76688122494342e-06,1.76688122494342e-06,1.76688122494342e-06,1.76688122494342e-06,1.76688122494342e-06,1.76688122494342e-06,1.76688122494342e-06,1.76688122494342e-06,1.76688122494342e-06,1.76688122494342e-06,1.76688122494342e-06,1.76688122494342e-06
0.0062918640420235,0.00627419522977407,0.00627419522977407,0.0062918640420235,0.0062918640420235,0.00630953285427294,0.00630953285427294,0.0062918640420235,0.00630953285427294,0.00627419522977407,0.00630953285427294,0.00638020810327067,0.00632720166652237,0.00641554572776954,0.00638020810327067,0.00634487047877181,0.00634487047877181,0.00630953285427294,0.00634487047877181,0.00634487047877181,0.00641554572776954,0.00650388978901671,0.00653922741351558,0.00648622097676728,0.00652155860126615,0.00659223385026388,0.00678659078500766,0.00655689622576502,0.00655689622576502,0.00660990266251332,0.00643321454001898,0.00650388978901671,0.00611517591952916,0.00622118879302577,0.00643321454001898,0.00641554572776954,0.00646855216451784,0.00625652641752463,0.00653922741351558,0.00646855216451784,0.00602683185828199,0.00607983829503029,0.00539075461730236,0.00600916304603256,0.00577946848678991,0.0061858511685269,0.00579713729903935,0.00604450067053143,0.0062388576052752,0.00574413086229104,0.00641554572776954,0.00676892197275823,0.00668057791151106,0.00657456503801445,0.00583247492353822,0.00558511155204614,0.00563811798879444,0.00615051354402803,0.00600916304603256,0.0062388576052752,0.00577946848678991,0.00572646205004161,0.00609750710727973,0.00532007936830462,0.00487835906206877,0.00378289270260385,0.00132692779993251,0.000125448566970982,1.76688122494342e-06,1.76688122494342e-06,1.76688122494342e-06,1.76688122494342e-06,1.76688122494342e-06,1.76688122494342e-06,1.76688122494342e-06,1.76688122494342e-06,1.76688122494342e-06,1.76688122494342e-06,1.76688122494342e-06,1.76688122494342e-06,1.76688122494342e-06,1.76688122494342e-06,1.76688122494342e-06,1.76688122494342e-06,1.76688122494342e-06,1.76688122494342e-06,1.76688122494342e-06,1.76688122494342e-06,1.76688122494342e-06,1.76688122494342e-06,1.76688122494342e-06,1.76688122494342e-06,1.76688122494342e-06,1.76688122494342e-06,1.76688122494342e-06,1.76688122494342e-06,1.76688122494342e-06,1.76688122494342e-06,1.76688122494342e-06,1.76688122494342e-06
0.00655689622576502,0.00659223385026388,0.00659223385026388,0.00659223385026388,0.00659223385026388,0.00660990266251332,0.00660990266251332,0.00657456503801445,0.00653922741351558,0.00659223385026388,0.00659223385026388,0.00655689622576502,0.00657456503801445,0.00653922741351558,0.00657456503801445,0.00657456503801445,0.00659223385026388,0.00657456503801445,0.00653922741351558,0.00655689622576502,0.00655689622576502,0.00650388978901671,0.00648622097676728,0.00655689622576502,0.00659223385026388,0.00639787691552011,0.00641554572776954,0.00666290909926162,0.00659223385026388,0.00655689622576502,0.00678659078500766,0.00666290909926162,0.00675125316050879,0.00680425959725709,0.00680425959725709,0.00664524028701219,0.00671591553600992,0.00682192840950653,0.00641554572776954,0.00620351998077633,0.00606216948278086,0.0062918640420235,0.00680425959725709,0.00630953285427294,0.00659223385026388,0.00611517591952916,0.00622118879302577,0.00565578680104387,0.00602683185828199,0.00653922741351558,0.00652155860126615,0.00662757147476275,0.00706929178099861,0.00698094771975144,0.00666290909926162,0.00625652641752463,0.00662757147476275,0.00554977392754727,0.0061858511685269,0.00632720166652237,0.00590315017253595,0.00592081898478539,0.00634487047877181,0.00607983829503029,0.00599149423378312,0.00471933975182386,0.00196300504091213,0.000337474313964192,1.76688122494342e-06,1.76688122494342e-06,1.76688122494342e-06,1.76688122494342e-06,1.76688122494342e-06,1.76688122494342e-06,1.76688122494342e-06,1.76688122494342e-06,1.76688122494342e-06,1.76688122494342e-06,1.76688122494342e-06,1.76688122494342e-06,1.76688122494342e-06,1.76688122494342e-06,1.76688122494342e-06,1.76688122494342e-06,1.76688122494342e-06,1.76688122494342e-06,1.76688122494342e-06,1.76688122494342e-06,1.76688122494342e-06,1.76688122494342e-06,1.76688122494342e-06,1.76688122494342e-06,1.76688122494342e-06,1.76688122494342e-06,1.76688122494342e-06,1.76688122494342e-06,1.76688122494342e-06,1.76688122494342e-06,1.76688122494342e-06,1.76688122494342e-06
0.00715763584224578,0.00717530465449521,0.00717530465449521,0.00713996702999634,0.00713996702999634,0.00715763584224578,0.00715763584224578,0.00715763584224578,0.00715763584224578,0.00713996702999634,0.00717530465449521,0.00719297346674465,0.00721064227899408,0.00721064227899408,0.00719297346674465,0.00724597990349295,0.00719297346674465,0.00722831109124351,0.00728131752799182,0.00721064227899408,0.00728131752799182,0.00719297346674465,0.00706929178099861,0.00708696059324804,0.00712229821774691,0.00717530465449521,0.00715763584224578,0.00705162296874917,0.00692794128300313,0.00687493484625483,0.00683959722175596,0.00706929178099861,0.00719297346674465,0.00721064227899408,0.00682192840950653,0.00678659078500766,0.00653922741351558,0.00639787691552011,0.00638020810327067,0.00616818235627746,0.00669824672376049,0.00648622097676728,0.0069102724707537,0.00652155860126615,0.00634487047877181,0.00653922741351558,0.00662757147476275,0.00680425959725709,0.00604450067053143,0.00599149423378312,0.00655689622576502,0.00726364871574238,0.00765236258522993,0.00742266802598729,0.00749334327498503,0.00680425959725709,0.00668057791151106,0.00643321454001898,0.00606216948278086,0.00673358434825936,0.00673358434825936,0.00646855216451784,0.00639787691552011,0.00659223385026388,0.00576179967454048,0.00544376105405066,0.0026167510941412,0.000390480750712495,3.71045057238117e-05,1.76688122494342e-06,1.76688122494342e-06,1.76688122494342e-06,1.76688122494342e-06,1.76688122494342e-06,1.76688122494342e-06,1.76688122494342e-06,1.76688122494342e-06,1.76688122494342e-06,1.76688122494342e-06,1.76688122494342e-06,1.76688122494342e-06,1.76688122494342e-06,1.76688122494342e-06,1.76688122494342e-06,1.76688122494342e-06,1.76688122494342e-06,1.76688122494342e-06,1.76688122494342e-06,1.76688122494342e-06,1.76688122494342e-06,1.76688122494342e-06,1.76688122494342e-06,1.76688122494342e-06,1.76688122494342e-06,1.76688122494342e-06,1.76688122494342e-06,1.76688122494342e-06,1.76688122494342e-06,1.76688122494342e-06,1.76688122494342e-06
0.00664524028701219,0.00662757147476275,0.00662757147476275,0.00662757147476275,0.00662757147476275,0.00662757147476275,0.00662757147476275,0.00668057791151106,0.00668057791151106,0.00664524028701219,0.00659223385026388,0.00662757147476275,0.00662757147476275,0.00664524028701219,0.00659223385026388,0.00653922741351558,0.00657456503801445,0.00657456503801445,0.00659223385026388,0.00664524028701219,0.00653922741351558,0.00668057791151106,0.00666290909926162,0.00662757147476275,0.00662757147476275,0.00675125316050879,0.00646855216451784,0.00675125316050879,0.00698094771975144,0.00706929178099861,0.00705162296874917,0.00706929178099861,0.00699861653200087,0.00689260365850426,0.00742266802598729,0.00738733040148842,0.00759935614848163,0.00752868089948389,0.00767003139747937,0.00767003139747937,0.00721064227899408,0.0068572660340054,0.00634487047877181,0.00699861653200087,0.00694561009525257,0.00703395415649974,0.00668057791151106,0.00713996702999634,0.0070162853442503,0.00673358434825936,0.00622118879302577,0.00675125316050879,0.00706929178099861,0.00742266802598729,0.00744033683823672,0.00708696059324804,0.00719297346674465,0.00660990266251332,0.00668057791151106,0.00655689622576502,0.00712229821774691,0.00638020810327067,0.00650388978901671,0.00699861653200087,0.0070162853442503,0.00574413086229104,0.00369454864135668,0.0012209149264359,7.244213022268e-05,1.76688122494342e-06,1.76688122494342e-06,1.76688122494342e-06,1.76688122494342e-06,1.76688122494342e-06,1.76688122494342e-06,1.76688122494342e-06,1.76688122494342e-06,1.76688122494342e-06,1.76688122494342e-06,1.76688122494342e-06,1.76688122494342e-06,1.76688122494342e-06,1.76688122494342e-06,1.76688122494342e-06,1.76688122494342e-06,1.76688122494342e-06,1.76688122494342e-06,1.76688122494342e-06,1.76688122494342e-06,1.76688122494342e-06,1.76688122494342e-06,1.76688122494342e-06,1.76688122494342e-06,1.76688122494342e-06,1.76688122494342e-06,1.76688122494342e-06,1.76688122494342e-06,1.76688122494342e-06,1.76688122494342e-06,1.76688122494342e-06
0.0069102724707537,0.00692794128300313,0.00692794128300313,0.006963278907502,0.006963278907502,0.006963278907502,0.006963278907502,0.00694561009525257,0.00694561009525257,0.00699861653200087,0.00698094771975144,0.0069102724707537,0.0069102724707537,0.0068572660340054,0.0069102724707537,0.00692794128300313,0.00692794128300313,0.00694561009525257,0.00683959722175596,0.0069102724707537,0.00692794128300313,0.00683959722175596,0.0069102724707537,0.006963278907502,0.00706929178099861,0.00713996702999634,0.00733432396474012,0.00689260365850426,0.0069102724707537,0.00699861653200087,0.00699861653200087,0.00706929178099861,0.00728131752799182,0.00744033683823672,0.00745800565048616,0.00744033683823672,0.00747567446273559,0.00779371308322541,0.00770536902197824,0.0076877002097288,0.00759935614848163,0.00800573883021862,0.00728131752799182,0.00713996702999634,0.00742266802598729,0.0070162853442503,0.00747567446273559,0.00721064227899408,0.00770536902197824,0.00770536902197824,0.00646855216451784,0.00676892197275823,0.0077407066464771,0.00828843982620956,0.0082531022017107,0.0082531022017107,0.00749334327498503,0.00742266802598729,0.00682192840950653,0.00713996702999634,0.00675125316050879,0.00671591553600992,0.00678659078500766,0.00660990266251332,0.00669824672376049,0.00627419522977407,0.00516106005805972,0.00176864810616836,0.000178455003719285,1.94356934743776e-05,1.76688122494342e-06,1.76688122494342e-06,1.76688122494342e-06,1.76688122494342e-06,1.76688122494342e-06,1.76688122494342e-06,1.76688122494342e-06,1.76688122494342e-06,1.76688122494342e-06,1.76688122494342e-06,1.76688122494342e-06,1.76688122494342e-06,1.76688122494342e-06,1.76688122494342e-06,1.76688122494342e-06,1.76688122494342e-06,1.76688122494342e-06,1.76688122494342e-06,1.76688122494342e-06,1.76688122494342e-06,1.76688122494342e-06,1.76688122494342e-06,1.76688122494342e-06,1.76688122494342e-06,1.76688122494342e-06,1.76688122494342e-06,1.76688122494342e-06,1.76688122494342e-06,1.76688122494342e-06,1.76688122494342e-06
0.00786438833222314,0.00781138189547484,0.00781138189547484,0.00777604427097597,0.00777604427097597,0.0077407066464771,0.0077407066464771,0.00765236258522993,0.0076877002097288,0.00765236258522993,0.00767003139747937,0.00765236258522993,0.00765236258522993,0.00775837545872654,0.0077407066464771,0.00772303783422767,0.00770536902197824,0.00761702496073107,0.00767003139747937,0.00752868089948389,0.00765236258522993,0.00777604427097597,0.0077407066464771,0.00781138189547484,0.00772303783422767,0.00765236258522993,0.00782905070772428,0.00809408289146579,0.00779371308322541,0.00765236258522993,0.00781138189547484,0.00786438833222314,0.00740499921373786,0.00738733040148842,0.00738733040148842,0.00767003139747937,0.00770536902197824,0.00795273239347031,0.00784671951997371,0.00820009576496239,0.00873016013244542,0.008306108638459,0.00814708932821409,0.00805874526696692,0.00745800565048616,0.00742266802598729,0.00706929178099861,0.00742266802598729,0.00733432396474012,0.00675125316050879,0.00740499921373786,0.00669824672376049,0.00728131752799182,0.00738733040148842,0.00864181607119825,0.00823543338946126,0.00853580319770164,0.00789972595672201,0.00742266802598729,0.006963278907502,0.00703395415649974,0.0077407066464771,0.00694561009525257,0.00712229821774691,0.00745800565048616,0.00703395415649974,0.00565578680104387,0.0026167510941412,0.000584837685456271,1.76688122494342e-06,1.76688122494342e-06,1.76688122494342e-06,1.76688122494342e-06,1.76688122494342e-06,1.76688122494342e-06,1.76688122494342e-06,1.76688122494342e-06,1.76688122494342e-06,1.76688122494342e-06,1.76688122494342e-06,1.76688122494342e-06,1.76688122494342e-06,1.76688122494342e-06,1.76688122494342e-06,1.76688122494342e-06,1.76688122494342e-06,1.76688122494342e-06,1.76688122494342e-06,1.76688122494342e-06,1.76688122494342e-06,1.76688122494342e-06,1.76688122494342e-06,1.76688122494342e-06,1.76688122494342e-06,1.76688122494342e-06,1.76688122494342e-06,1.76688122494342e-06,1.76688122494342e-06,1.76688122494342e-06,1.76688122494342e-06
0.00789972595672201,0.00793506358122088,0.00793506358122088,0.00797040120571975,0.00797040120571975,0.00795273239347031,0.00795273239347031,0.00798807001796918,0.00793506358122088,0.00798807001796918,0.00802340764246805,0.00807641407921635,0.00805874526696692,0.00804107645471749,0.00805874526696692,0.00802340764246805,0.00807641407921635,0.00820009576496239,0.00811175170371522,0.00809408289146579,0.00802340764246805,0.00795273239347031,0.00802340764246805,0.00789972595672201,0.00793506358122088,0.00800573883021862,0.00784671951997371,0.00777604427097597,0.00793506358122088,0.00786438833222314,0.00788205714447258,0.00781138189547484,0.00823543338946126,0.00828843982620956,0.00807641407921635,0.00775837545872654,0.00772303783422767,0.0076346937729805,0.00816475814046352,0.00781138189547484,0.00788205714447258,0.00797040120571975,0.00883617300594202,0.00827077101396013,0.00837678388745673,0.00820009576496239,0.00789972595672201,0.00789972595672201,0.00752868089948389,0.00855347200995108,0.00821776457721183,0.0075816873362322,0.00692794128300313,0.00784671951997371,0.00844745913645447,0.00887151063044089,0.00812942051596465,0.00812942051596465,0.00814708932821409,0.00742266802598729,0.00809408289146579,0.00754634971173333,0.00736966158923899,0.00683959722175596,0.00733432396474012,0.00804107645471749,0.00731665515249068,0.00410093132309367,0.00143294067342911,5.47733179732459e-05,1.94356934743776e-05,1.76688122494342e-06,1.76688122494342e-06,1.76688122494342e-06,1.76688122494342e-06,1.76688122494342e-06,1.76688122494342e-06,1.76688122494342e-06,1.76688122494342e-06,1.76688122494342e-06,1.76688122494342e-06,1.76688122494342e-06,1.76688122494342e-06,1.76688122494342e-06,1.76688122494342e-06,1.76688122494342e-06,1.76688122494342e-06,1.76688122494342e-06,1.76688122494342e-06,1.76688122494342e-06,1.76688122494342e-06,1.76688122494342e-06,1.76688122494342e-06,1.76688122494342e-06,1.76688122494342e-06,1.76688122494342e-06,1.76688122494342e-06,1.76688122494342e-06,1.76688122494342e-06,1.76688122494342e-06
0.00809408289146579,0.00807641407921635,0.00807641407921635,0.00804107645471749,0.00804107645471749,0.00809408289146579,0.00809408289146579,0.00812942051596465,0.00814708932821409,0.00814708932821409,0.00814708932821409,0.00811175170371522,0.00814708932821409,0.00811175170371522,0.00811175170371522,0.00820009576496239,0.00816475814046352,0.00811175170371522,0.00821776457721183,0.00834144626295787,0.0084121215119556,0.00842979032420504,0.00839445269970617,0.00842979032420504,0.00837678388745673,0.00818242695271296,0.00816475814046352,0.00812942051596465,0.0083591150752073,0.00834144626295787,0.00814708932821409,0.00807641407921635,0.00786438833222314,0.00797040120571975,0.00828843982620956,0.00848279676095334,0.00834144626295787,0.00820009576496239,0.00818242695271296,0.00839445269970617,0.0083591150752073,0.00853580319770164,0.00883617300594202,0.00883617300594202,0.00881850419369259,0.00911887400193297,0.00869482250794655,0.008306108638459,0.00878316656919372,0.00797040120571975,0.00837678388745673,0.00851813438545221,0.00781138189547484,0.00802340764246805,0.0082531022017107,0.00931323093667674,0.00888917944269032,0.00890684825493976,0.00789972595672201,0.00770536902197824,0.00793506358122088,0.008306108638459,0.00851813438545221,0.00821776457721183,0.00756401852398276,0.00740499921373786,0.00687493484625483,0.00646855216451784,0.00206901791440874,0.000372811938463061,3.71045057238117e-05,1.94356934743776e-05,1.76688122494342e-06,1.76688122494342e-06,1.76688122494342e-06,1.76688122494342e-06,1.76688122494342e-06,1.76688122494342e-06,1.76688122494342e-06,1.76688122494342e-06,1.76688122494342e-06,1.76688122494342e-06,1.76688122494342e-06,1.76688122494342e-06,1.76688122494342e-06,1.76688122494342e-06,1.76688122494342e-06,1.76688122494342e-06,1.76688122494342e-06,1.76688122494342e-06,1.76688122494342e-06,1.76688122494342e-06,1.76688122494342e-06,1.76688122494342e-06,1.76688122494342e-06,1.76688122494342e-06,1.76688122494342e-06,1.76688122494342e-06,1.76688122494342e-06,1.76688122494342e-06
0.00924255568767901,0.00926022449992844,0.00926022449992844,0.00924255568767901,0.00924255568767901,0.00922488687542957,0.00922488687542957,0.00920721806318014,0.00918954925093071,0.00917188043868127,0.00918954925093071,0.00920721806318014,0.00911887400193297,0.00911887400193297,0.00901286112843636,0.00899519231618693,0.00899519231618693,0.00901286112843636,0.00906586756518467,0.0090835363774341,0.0089775235039375,0.00887151063044089,0.00890684825493976,0.00894218587943863,0.00901286112843636,0.00910120518968353,0.00915421162643184,0.00917188043868127,0.0090305299406858,0.0090835363774341,0.0089775235039375,0.0090835363774341,0.00911887400193297,0.00878316656919372,0.00883617300594202,0.00878316656919372,0.00906586756518467,0.00917188043868127,0.00878316656919372,0.00876549775694429,0.00865948488344768,0.00878316656919372,0.00880083538144315,0.00984329530415977,0.00964893836941599,0.00931323093667674,0.00966660718166543,0.00894218587943863,0.00888917944269032,0.00887151063044089,0.00855347200995108,0.00876549775694429,0.00874782894469485,0.00767003139747937,0.00864181607119825,0.00947225024692165,0.00996697698990581,0.00941924381017335,0.0097549512429126,0.00881850419369259,0.008306108638459,0.00858880963444994,0.00860647844669938,0.00842979032420504,0.00811175170371522,0.00827077101396013,0.00807641407921635,0.00736966158923899,0.00410093132309367,0.00100888917944269,7.244213022268e-05,1.94356934743776e-05,1.76688122494342e-06,1.76688122494342e-06,1.76688122494342e-06,1.76688122494342e-06,1.76688122494342e-06,1.76688122494342e-06,1.76688122494342e-06,1.76688122494342e-06,1.76688122494342e-06,1.76688122494342e-06,1.76688122494342e-06,1.76688122494342e-06,1.76688122494342e-06,1.76688122494342e-06,1.76688122494342e-06,1.76688122494342e-06,1.76688122494342e-06,1.76688122494342e-06,1.76688122494342e-06,1.76688122494342e-06,1.76688122494342e-06,1.76688122494342e-06,1.76688122494342e-06,1.76688122494342e-06,1.76688122494342e-06,1.76688122494342e-06,1.76688122494342e-06,1.76688122494342e-06
0.00963126955716656,0.00963126955716656,0.00963126955716656,0.00968427599391486,0.00968427599391486,0.0097019448061643,0.0097019448061643,0.00973728243066316,0.0097549512429126,0.0097549512429126,0.00971961361841373,0.00977262005516203,0.0098079576796609,0.00984329530415977,0.00987863292865864,0.00987863292865864,0.00994930817765637,0.00987863292865864,0.00982562649191033,0.0098079576796609,0.00982562649191033,0.00987863292865864,0.0098079576796609,0.0097019448061643,0.00961360074491712,0.0097549512429126,0.00984329530415977,0.00987863292865864,0.00984329530415977,0.0097549512429126,0.00982562649191033,0.00968427599391486,0.00973728243066316,0.00959593193266769,0.00941924381017335,0.00956059430816882,0.00957826312041826,0.00952525668366995,0.0098079576796609,0.00993163936540694,0.00984329530415977,0.00947225024692165,0.0090835363774341,0.00869482250794655,0.00906586756518467,0.00956059430816882,0.0091365428141824,0.00957826312041826,0.00888917944269032,0.00926022449992844,0.00922488687542957,0.00910120518968353,0.00963126955716656,0.00940157499792391,0.00918954925093071,0.00943691262242278,0.0098609641164092,0.00968427599391486,0.0100199834266541,0.00940157499792391,0.00892451706718919,0.00858880963444994,0.00865948488344768,0.00901286112843636,0.00922488687542957,0.00788205714447258,0.00867715369569711,0.00747567446273559,0.0054614298663001,0.00178631691841779,0.000213792628218153,1.94356934743776e-05,1.76688122494342e-06,1.76688122494342e-06,1.76688122494342e-06,1.76688122494342e-06,1.76688122494342e-06,1.76688122494342e-06,1.76688122494342e-06,1.76688122494342e-06,1.76688122494342e-06,1.76688122494342e-06,1.76688122494342e-06,1.76688122494342e-06,1.76688122494342e-06,1.76688122494342e-06,1.76688122494342e-06,1.76688122494342e-06,1.76688122494342e-06,1.76688122494342e-06,1.76688122494342e-06,1.76688122494342e-06,1.76688122494342e-06,1.76688122494342e-06,1.76688122494342e-06,1.76688122494342e-06,1.76688122494342e-06,1.76688122494342e-06,1.76688122494342e-06,1.76688122494342e-06
0.01046170373289,0.0104440349206405,0.0104440349206405,0.0104263661083911,0.0104263661083911,0.0104086972961417,0.0104086972961417,0.0104263661083911,0.0104263661083911,0.0103733596716428,0.0103733596716428,0.0103380220471439,0.0103380220471439,0.0102673467981462,0.0103556908593934,0.0103733596716428,0.0102143403613979,0.0101966715491485,0.0102320091736473,0.0102143403613979,0.0102320091736473,0.0102496779858968,0.0102496779858968,0.0103380220471439,0.0103203532348945,0.0103380220471439,0.010179002736899,0.0101613339246496,0.0101966715491485,0.0103910284838922,0.0105323789818877,0.01046170373289,0.010585385418636,0.0106913982921326,0.0102850156103956,0.0101259963001507,0.0101966715491485,0.0102143403613979,0.0101436651124001,0.0104086972961417,0.00994930817765637,0.00991397055315751,0.00984329530415977,0.00989630174090807,0.0100023146144047,0.0100376522389035,0.0107444047288809,0.0109210928513753,0.0108680864146269,0.010179002736899,0.0107267359166315,0.0103733596716428,0.00973728243066316,0.00989630174090807,0.00941924381017335,0.00968427599391486,0.010179002736899,0.0111684562228673,0.0101436651124001,0.0103556908593934,0.00964893836941599,0.00885384181819146,0.0091365428141824,0.0101966715491485,0.00927789331217788,0.00885384181819146,0.0091365428141824,0.00918954925093071,0.00754634971173333,0.003341172396368,0.000673181746703441,7.244213022268e-05,1.76688122494342e-06,1.76688122494342e-06,1.76688122494342e-06,1.76688122494342e-06,1.76688122494342e-06,1.76688122494342e-06,1.76688122494342e-06,1.76688122494342e-06,1.76688122494342e-06,1.76688122494342e-06,1.76688122494342e-06,1.76688122494342e-06,1.76688122494342e-06,1.76688122494342e-06,1.76688122494342e-06,1.76688122494342e-06,1.76688122494342e-06,1.76688122494342e-06,1.76688122494342e-06,1.76688122494342e-06,1.76688122494342e-06,1.76688122494342e-06,1.76688122494342e-06,1.76688122494342e-06,1.76688122494342e-06,1.76688122494342e-06,1.76688122494342e-06,1.76688122494342e-06
0.0107620735411303,0.0107620735411303,0.0107620735411303,0.0107797423533798,0.0107797423533798,0.0107444047288809,0.0107444047288809,0.0106737294798832,0.0106913982921326,0.0106913982921326,0.0106913982921326,0.0106030542308854,0.0106383918553843,0.0106560606676337,0.0106030542308854,0.0104970413573888,0.0105147101696383,0.0106030542308854,0.0105500477941371,0.0106207230431349,0.0106913982921326,0.0106913982921326,0.0106383918553843,0.0106383918553843,0.0106737294798832,0.0105677166063866,0.010585385418636,0.0105147101696383,0.0102496779858968,0.0103026844226451,0.0103733596716428,0.0105677166063866,0.0103556908593934,0.0103910284838922,0.0107974111656292,0.0108150799778786,0.010585385418636,0.0101259963001507,0.0104440349206405,0.0103203532348945,0.0110271057248719,0.0113451443453617,0.010991768100373,0.0110094369126224,0.0111331185983685,0.010585385418636,0.0106207230431349,0.0112037938473662,0.0111331185983685,0.0109034240391258,0.0103203532348945,0.0103556908593934,0.0105323789818877,0.0105323789818877,0.010055321051153,0.0100199834266541,0.0103910284838922,0.0108680864146269,0.010991768100373,0.0114158195943594,0.0110977809738696,0.0100729898634024,0.0098079576796609,0.0103556908593934,0.010179002736899,0.00994930817765637,0.00871249132019598,0.00926022449992844,0.00899519231618693,0.00593848779703482,0.00205134910215931,0.000196123815968719,3.71045057238117e-05,1.76688122494342e-06,1.76688122494342e-06,1.76688122494342e-06,1.76688122494342e-06,1.76688122494342e-06,1.76688122494342e-06,1.76688122494342e-06,1.76688122494342e-06,1.76688122494342e-06,1.76688122494342e-06,1.76688122494342e-06,1.76688122494342e-06,1.76688122494342e-06,1.76688122494342e-06,1.76688122494342e-06,1.76688122494342e-06,1.76688122494342e-06,1.76688122494342e-06,1.76688122494342e-06,1.76688122494342e-06,1.76688122494342e-06,1.76688122494342e-06,1.76688122494342e-06,1.76688122494342e-06,1.76688122494342e-06,1.76688122494342e-06,1.76688122494342e-06
0.0113804819698605,0.01139815078211,0.01139815078211,0.0113804819698605,0.0113804819698605,0.0114334884066088,0.0114334884066088,0.0114864948433571,0.0114864948433571,0.011521832467856,0.011521832467856,0.0116278453413526,0.0116278453413526,0.0116101765291032,0.0116101765291032,0.0117691958393481,0.0117868646515975,0.0117161894025998,0.0117515270270987,0.0115571700923549,0.0114511572188583,0.01139815078211,0.0114511572188583,0.0113274755331122,0.0112921379086134,0.0112921379086134,0.0112744690963639,0.0111684562228673,0.0112037938473662,0.011115449786119,0.011115449786119,0.0108857552268764,0.0110094369126224,0.0113804819698605,0.0111507874106179,0.0112568002841145,0.0110094369126224,0.0113804819698605,0.0107974111656292,0.0110977809738696,0.010585385418636,0.0106383918553843,0.0112568002841145,0.011115449786119,0.0111507874106179,0.0116631829658515,0.0114864948433571,0.0109210928513753,0.0122462537700828,0.0132180384438017,0.0121402408965862,0.0113628131576111,0.0110801121616202,0.0112391314718651,0.0115748389046043,0.011115449786119,0.0110271057248719,0.0118928775250941,0.0123522666435794,0.0119988903985907,0.0112391314718651,0.0111861250351168,0.0104086972961417,0.0101966715491485,0.0110094369126224,0.0110801121616202,0.0107974111656292,0.0103380220471439,0.00966660718166543,0.00821776457721183,0.00376522389035442,0.00132692779993251,0.000160786191469851,1.94356934743776e-05,1.76688122494342e-06,1.76688122494342e-06,1.76688122494342e-06,1.76688122494342e-06,1.76688122494342e-06,1.76688122494342e-06,1.76688122494342e-06,1.76688122494342e-06,1.76688122494342e-06,1.76688122494342e-06,1.76688122494342e-06,1.76688122494342e-06,1.76688122494342e-06,1.76688122494342e-06,1.76688122494342e-06,1.76688122494342e-06,1.76688122494342e-06,1.76688122494342e-06,1.76688122494342e-06,1.76688122494342e-06,1.76688122494342e-06,1.76688122494342e-06,1.76688122494342e-06,1.76688122494342e-06,1.76688122494342e-06,1.76688122494342e-06
0.0127939869498153,0.0127939869498153,0.0127939869498153,0.0127586493253164,0.0127586493253164,0.012740980513067,0.012740980513067,0.0127586493253164,0.0127233117008175,0.0126526364518198,0.0126879740763187,0.0125466235783232,0.0124936171415749,0.0125289547660738,0.0125112859538243,0.0123522666435794,0.0123169290190806,0.0123876042680783,0.0123699354558289,0.0123876042680783,0.0122992602068311,0.0123169290190806,0.0122109161455839,0.0122285849578334,0.0123522666435794,0.0122109161455839,0.0122109161455839,0.0124052730803277,0.0123876042680783,0.0123876042680783,0.0122462537700828,0.0122462537700828,0.012051896835339,0.0117691958393481,0.0120165592108402,0.0118575399005953,0.0122815913945817,0.0125466235783232,0.0127056428885681,0.0122815913945817,0.012051896835339,0.0119105463373436,0.0117161894025998,0.0116808517781009,0.0118752087128447,0.0124052730803277,0.0120872344598379,0.0118928775250941,0.011804533463847,0.0118575399005953,0.0125996300150715,0.0124759483293255,0.0128823310110624,0.0118752087128447,0.0116808517781009,0.011521832467856,0.0117515270270987,0.0112568002841145,0.0126349676395704,0.0127939869498153,0.0130413503213074,0.0129353374478107,0.0116455141536021,0.0109034240391258,0.0105677166063866,0.0113451443453617,0.0119458839618424,0.0107267359166315,0.0106560606676337,0.00933089974892618,0.00641554572776954,0.00219269960015478,0.000408149562961929,7.244213022268e-05,1.76688122494342e-06,1.76688122494342e-06,1.76688122494342e-06,1.76688122494342e-06,1.76688122494342e-06,1.76688122494342e-06,1.76688122494342e-06,1.76688122494342e-06,1.76688122494342e-06,1.76688122494342e-06,1.76688122494342e-06,1.76688122494342e-06,1.76688122494342e-06,1.76688122494342e-06,1.76688122494342e-06,1.76688122494342e-06,1.76688122494342e-06,1.76688122494342e-06,1.76688122494342e-06,1.76688122494342e-06,1.76688122494342e-06,1.76688122494342e-06,1.76688122494342e-06,1.76688122494342e-06,1.76688122494342e-06,1.76688122494342e-06
0.0135537458765409,0.0135360770642915,0.0135360770642915,0.0135360770642915,0.0135360770642915,0.0135714146887904,0.0135714146887904,0.0135184082520421,0.0135714146887904,0.0136244211255387,0.0135890835010398,0.013677427562287,0.0137304339990353,0.0137127651867858,0.0137304339990353,0.013801109248033,0.0139247909337791,0.0138364468725319,0.0139071221215296,0.0139601285582779,0.0140308038072757,0.0141014790562734,0.0142251607420194,0.0142958359910172,0.0140308038072757,0.0140661414317745,0.0141721543052711,0.0140131349950262,0.0140484726195251,0.0138894533092802,0.0139601285582779,0.0139071221215296,0.0140308038072757,0.0138187780602825,0.0137127651867858,0.0137834404357836,0.0136420899377881,0.0134123953785455,0.0132533760683006,0.0130590191335568,0.0135184082520421,0.0134477330030443,0.0136067523132892,0.0132357072560511,0.0126349676395704,0.0126349676395704,0.0133593889417972,0.0134477330030443,0.0124406107048266,0.0128469933865636,0.0143488424277655,0.0144548553012621,0.0132357072560511,0.0136067523132892,0.0132180384438017,0.0123169290190806,0.0120695656475885,0.0130060126968085,0.0121225720843368,0.0136950963745364,0.0135007394397926,0.0138894533092802,0.0139424597460285,0.0125642923905726,0.0124759483293255,0.0124229418925772,0.0115395012801054,0.0115748389046043,0.0119988903985907,0.0113451443453617,0.00867715369569711,0.00477234618857217,0.00139760304893024,0.000231461440467587,1.94356934743776e-05,1.76688122494342e-06,1.76688122494342e-06,1.76688122494342e-06,1.76688122494342e-06,1.76688122494342e-06,1.76688122494342e-06,1.76688122494342e-06,1.76688122494342e-06,1.76688122494342e-06,1.76688122494342e-06,1.76688122494342e-06,1.76688122494342e-06,1.76688122494342e-06,1.76688122494342e-06,1.76688122494342e-06,1.76688122494342e-06,1.76688122494342e-06,1.76688122494342e-06,1.76688122494342e-06,1.76688122494342e-06,1.76688122494342e-06,1.76688122494342e-06,1.76688122494342e-06,1.76688122494342e-06,1.76688122494342e-06
0.0130236815090579,0.0130413503213074,0.0130413503213074,0.0131120255703051,0.0131120255703051,0.0130590191335568,0.0130590191335568,0.0131120255703051,0.0131120255703051,0.0131650320070534,0.0131827008193028,0.0132003696315523,0.0131650320070534,0.0132180384438017,0.0132357072560511,0.01327104488055,0.0132887136927994,0.0133417201295477,0.0133240513172983,0.013394726566296,0.0134654018152938,0.0134654018152938,0.0134654018152938,0.0134477330030443,0.0136950963745364,0.0138187780602825,0.0137481028112847,0.0139071221215296,0.0139424597460285,0.01420749192977,0.0141014790562734,0.0142604983665183,0.0141191478685228,0.0143665112400149,0.0143841800522643,0.0141544854930217,0.0138717844970308,0.0138894533092802,0.0139777973705274,0.0140131349950262,0.0146315434237564,0.0146492122360059,0.01420749192977,0.0148612379829991,0.0145431993625093,0.0136067523132892,0.0135007394397926,0.0135184082520421,0.0138894533092802,0.0134830706275432,0.0135537458765409,0.0143841800522643,0.0154973152239787,0.0144548553012621,0.0143488424277655,0.0147905627340013,0.0145962057992576,0.0138541156847813,0.0143135048032666,0.0137127651867858,0.014490192925761,0.0150732637299923,0.0149142444197474,0.014490192925761,0.0137834404357836,0.0129176686355613,0.0134477330030443,0.0137834404357836,0.0124759483293255,0.012864662198813,0.0117691958393481,0.00770536902197824,0.00357086695561064,0.000637844122204573,0.000107779754721548,1.94356934743776e-05,1.76688122494342e-06,1.76688122494342e-06,1.76688122494342e-06,1.76688122494342e-06,1.76688122494342e-06,1.76688122494342e-06,1.76688122494342e-06,1.76688122494342e-06,1.76688122494342e-06,1.76688122494342e-06,1.76688122494342e-06,1.76688122494342e-06,1.76688122494342e-06,1.76688122494342e-06,1.76688122494342e-06,1.76688122494342e-06,1.76688122494342e-06,1.76688122494342e-06,1.76688122494342e-06,1.76688122494342e-06,1.76688122494342e-06,1.76688122494342e-06,1.76688122494342e-06,1.76688122494342e-06
0.0150909325422417,0.0150732637299923,0.0150732637299923,0.015020257293244,0.015020257293244,0.0150555949177428,0.0150555949177428,0.0150025884809945,0.0149142444197474,0.0148789067952485,0.0148612379829991,0.0147728939217519,0.0147905627340013,0.0147728939217519,0.014737556297253,0.0146845498605047,0.014613874611507,0.0146492122360059,0.0146492122360059,0.014613874611507,0.0145785369870081,0.0145608681747587,0.0146492122360059,0.0145962057992576,0.0145962057992576,0.0147022186727542,0.0148259003585002,0.0147905627340013,0.0149672508564957,0.0147198874850036,0.0148789067952485,0.0148965756074979,0.0151262701667406,0.0148965756074979,0.0149672508564957,0.0153206271014844,0.015674003346473,0.0157976850322191,0.0160627172159606,0.01608038602821,0.0154619775994798,0.0152322830402372,0.0157446785954708,0.0153559647259832,0.0155856592852259,0.0159213667179651,0.0153736335382327,0.0150555949177428,0.0152676206647361,0.0153913023504821,0.0147905627340013,0.0149672508564957,0.0153206271014844,0.0168224761426863,0.0162040677139561,0.0152146142279878,0.0156386657219742,0.0153382959137338,0.0154619775994798,0.015426639974981,0.0159920419669629,0.0148259003585002,0.0162924117752032,0.0163100805874527,0.0157623474077202,0.0149319132319968,0.014737556297253,0.0140661414317745,0.0146845498605047,0.01420749192977,0.013801109248033,0.0108504176023775,0.00657456503801445,0.00224570603690308,0.000549500060957402,3.71045057238117e-05,1.76688122494342e-06,1.76688122494342e-06,1.76688122494342e-06,1.76688122494342e-06,1.76688122494342e-06,1.76688122494342e-06,1.76688122494342e-06,1.76688122494342e-06,1.76688122494342e-06,1.76688122494342e-06,1.76688122494342e-06,1.76688122494342e-06,1.76688122494342e-06,1.76688122494342e-06,1.76688122494342e-06,1.76688122494342e-06,1.76688122494342e-06,1.76688122494342e-06,1.76688122494342e-06,1.76688122494342e-06,1.76688122494342e-06,1.76688122494342e-06,1.76688122494342e-06,1.76688122494342e-06
0.0169108202039334,0.0169108202039334,0.0169108202039334,0.0169284890161829,0.0169284890161829,0.0169461578284323,0.0169461578284323,0.0169638266406817,0.0169991642651806,0.01701683307743,0.0169991642651806,0.0170345018896795,0.0170521707019289,0.0170345018896795,0.0170875083264278,0.0171051771386772,0.0169814954529312,0.0169991642651806,0.01701683307743,0.0171051771386772,0.0171581835754255,0.0171758523876749,0.0171051771386772,0.01701683307743,0.0169284890161829,0.016769469705938,0.0165927815834436,0.0167518008936885,0.0166811256446908,0.0169284890161829,0.0169284890161829,0.0168401449549357,0.0169284890161829,0.0171935211999244,0.0173348716979199,0.0173348716979199,0.0172818652611715,0.01701683307743,0.0168754825794346,0.0168754825794346,0.0175292286326636,0.0175468974449131,0.0172641964489221,0.0170875083264278,0.0171051771386772,0.0169991642651806,0.0171758523876749,0.0171051771386772,0.0168578137671851,0.016769469705938,0.0160980548404595,0.0162924117752032,0.0160273795914617,0.0160097107792123,0.0177235855674074,0.0177942608164051,0.0175645662571625,0.0169108202039334,0.016363087024201,0.0167518008936885,0.016769469705938,0.017299534073421,0.0173348716979199,0.0177765920041557,0.0169284890161829,0.0172818652611715,0.0159036979057157,0.01608038602821,0.015426639974981,0.0156563345342236,0.0144195176767632,0.0135890835010398,0.01046170373289,0.00625652641752463,0.00222803722465365,0.000531831248707968,7.244213022268e-05,1.94356934743776e-05,1.76688122494342e-06,1.76688122494342e-06,1.76688122494342e-06,1.76688122494342e-06,1.76688122494342e-06,1.76688122494342e-06,1.76688122494342e-06,1.76688122494342e-06,1.76688122494342e-06,1.76688122494342e-06,1.76688122494342e-06,1.76688122494342e-06,1.76688122494342e-06,1.76688122494342e-06,1.76688122494342e-06,1.76688122494342e-06,1.76688122494342e-06,1.76688122494342e-06,1.76688122494342e-06,1.76688122494342e-06,1.76688122494342e-06,1.76688122494342e-06
0.0191547593596116,0.0191370905473621,0.0191370905473621,0.0191017529228633,0.0191017529228633,0.0190840841106138,0.0190840841106138,0.0190840841106138,0.0191017529228633,0.0190840841106138,0.0191370905473621,0.0192077657963599,0.019172428171861,0.019172428171861,0.0191194217351127,0.0191547593596116,0.0192254346086093,0.019172428171861,0.0191017529228633,0.019048746486115,0.0189957400493667,0.0190134088616161,0.019048746486115,0.0191547593596116,0.019172428171861,0.019172428171861,0.019172428171861,0.0189073959881195,0.0189604024248678,0.0188013831146229,0.0188543895513712,0.0189604024248678,0.0189604024248678,0.0187307078656251,0.0184656756818836,0.0181299682491444,0.0178826048776523,0.0177235855674074,0.0176705791306591,0.0177589231919063,0.0173878781346682,0.0179709489388995,0.0180769618123961,0.0184480068696342,0.0183773316206365,0.0185893573676297,0.0187307078656251,0.0192431034208587,0.0194197915433531,0.019172428171861,0.0192077657963599,0.0195434732290991,0.0190840841106138,0.0182889875593893,0.018359662808387,0.0197731677883418,0.0195611420413486,0.0196141484780969,0.0194021227311036,0.0177412543796568,0.0181476370613938,0.0192254346086093,0.0188897271758701,0.0192254346086093,0.0201265440333304,0.0190664152983644,0.0196848237270946,0.0188367207391218,0.0180592930001467,0.0179179425021512,0.017299534073421,0.0171405147631761,0.0142781671787677,0.00964893836941599,0.0048430214375699,0.00182165454291666,0.000302136689465324,5.47733179732459e-05,1.94356934743776e-05,1.94356934743776e-05,1.76688122494342e-06,1.76688122494342e-06,1.76688122494342e-06,1.76688122494342e-06,1.76688122494342e-06,1.76688122494342e-06,1.76688122494342e-06,1.76688122494342e-06,1.76688122494342e-06,1.76688122494342e-06,1.76688122494342e-06,1.76688122494342e-06,1.76688122494342e-06,1.76688122494342e-06,1.76688122494342e-06,1.76688122494342e-06,1.76688122494342e-06,1.76688122494342e-06,1.76688122494342e-06,1.76688122494342e-06
0.0220524445685188,0.0221054510052671,0.0221054510052671,0.0221407886297659,0.0221407886297659,0.0221054510052671,0.0221054510052671,0.0221054510052671,0.0220877821930176,0.0220524445685188,0.0220171069440199,0.0219110940705233,0.0219110940705233,0.0219641005072716,0.021981769319521,0.0219641005072716,0.021981769319521,0.0219994381317705,0.0218934252582739,0.0218934252582739,0.0218404188215256,0.0217874123847773,0.0218050811970267,0.0217874123847773,0.0218050811970267,0.0217167371357795,0.0217697435725278,0.021981769319521,0.021981769319521,0.0219287628827727,0.0217874123847773,0.0216637306990312,0.0215400490132852,0.0218227500092761,0.0216637306990312,0.0219110940705233,0.0217167371357795,0.0219287628827727,0.0219287628827727,0.0216283930745323,0.0210099846458022,0.0206212707763146,0.0209039717723055,0.0206919460253123,0.0206036019640652,0.020921640584555,0.0210629910825505,0.0214870425765369,0.0210099846458022,0.0208686341478067,0.0209746470213033,0.0201618816578293,0.0209039717723055,0.0217697435725278,0.0206919460253123,0.0204799202783191,0.0208863029600561,0.0214870425765369,0.0207802900865595,0.0216990683235301,0.0211866727682965,0.0198968494740878,0.019702492539344,0.0201972192823282,0.0209923158335527,0.0217697435725278,0.0210629910825505,0.021328023266292,0.0206566084008135,0.0197731677883418,0.0201795504700787,0.019296109857607,0.0177589231919063,0.0156209969097247,0.00973728243066316,0.00514339124581028,0.00196300504091213,0.0004964936242091,5.47733179732459e-05,1.76688122494342e-06,1.94356934743776e-05,1.76688122494342e-06,1.76688122494342e-06,1.76688122494342e-06,1.76688122494342e-06,1.76688122494342e-06,1.76688122494342e-06,1.76688122494342e-06,1.76688122494342e-06,1.76688122494342e-06,1.76688122494342e-06,1.76688122494342e-06,1.76688122494342e-06,1.76688122494342e-06,1.76688122494342e-06,1.76688122494342e-06,1.76688122494342e-06,1.76688122494342e-06,1.76688122494342e-06,1.76688122494342e-06
0.0246144223446867,0.0246144223446867,0.0246144223446867,0.0246144223446867,0.0246144223446867,0.0246320911569362,0.0246320911569362,0.0246497599691856,0.024667428781435,0.0247204352181833,0.0247557728426822,0.0247381040304328,0.0247381040304328,0.0247027664059339,0.0246144223446867,0.0245790847201879,0.0246320911569362,0.0245614159079384,0.0245967535324373,0.0246144223446867,0.0246497599691856,0.0245084094711901,0.0244730718466912,0.0245084094711901,0.0244730718466912,0.024667428781435,0.024667428781435,0.0247204352181833,0.0246497599691856,0.0247734416549316,0.0246850975936845,0.0248264480916799,0.0247204352181833,0.0244023965976935,0.0242963837241969,0.0242080396629497,0.0246850975936845,0.0246320911569362,0.0247381040304328,0.0249677985896754,0.0254271877081607,0.0253035060224147,0.0247381040304328,0.0246320911569362,0.0247204352181833,0.0242257084751992,0.0241196956017026,0.0240666891649543,0.0241903708507003,0.0239960139159565,0.0240843579772037,0.0238369946057116,0.0237663193567139,0.0235719624219701,0.0241196956017026,0.0237133129199656,0.024137364413952,0.024543747095689,0.025073811463172,0.0251268178999203,0.0246320911569362,0.025073811463172,0.0240666891649543,0.0237486505444644,0.0235542936097207,0.0238193257934622,0.0248264480916799,0.0250031362141743,0.0248441169039294,0.0233422678627275,0.0230595668667365,0.0226355153727501,0.0221054510052671,0.0201972192823282,0.0166811256446908,0.0106913982921326,0.00593848779703482,0.00208668672665817,0.000584837685456271,5.47733179732459e-05,1.94356934743776e-05,1.94356934743776e-05,1.76688122494342e-06,1.76688122494342e-06,1.76688122494342e-06,1.76688122494342e-06,1.76688122494342e-06,1.76688122494342e-06,1.76688122494342e-06,1.76688122494342e-06,1.76688122494342e-06,1.76688122494342e-06,1.76688122494342e-06,1.76688122494342e-06,1.76688122494342e-06,1.76688122494342e-06,1.76688122494342e-06,1.76688122494342e-06,1.76688122494342e-06,1.76688122494342e-06
0.0298797283950181,0.0298620595827687,0.0298620595827687,0.0298797283950181,0.0298797283950181,0.0298090531460204,0.0298090531460204,0.0298267219582698,0.0298443907705192,0.0298267219582698,0.0297560467092721,0.0298443907705192,0.0298267219582698,0.0298090531460204,0.0298797283950181,0.0297913843337709,0.0297383778970226,0.0297737155215215,0.0297913843337709,0.0297560467092721,0.0297560467092721,0.029915066019517,0.0299680724562653,0.0299680724562653,0.0298443907705192,0.0297737155215215,0.0296677026480249,0.0293850016520339,0.0293496640275351,0.0294733457132811,0.0294733457132811,0.02950868333778,0.0293143264030362,0.0294733457132811,0.0294556769010317,0.02950868333778,0.0290139565947958,0.0291199694682924,0.0288372684723015,0.0287312555988049,0.0283778793538162,0.0282541976680702,0.0283425417293173,0.0285899051008094,0.0290316254070453,0.028978618970297,0.0283602105415668,0.027883152610832,0.0280245031088275,0.0283778793538162,0.0286075739130588,0.0288372684723015,0.0287135867865554,0.0282011912313219,0.0280068342965781,0.0284485546028139,0.0271764001208547,0.0274414323045962,0.0277418021128366,0.0281481847945736,0.0295616897745283,0.0292789887785373,0.0300034100807641,0.0282718664803196,0.0282718664803196,0.0281835224190724,0.0275121075535939,0.0271764001208547,0.0273707570555984,0.0280245031088275,0.0273354194310996,0.0268406926881154,0.0263636347573807,0.0248794545284282,0.023607300046469,0.0194551291678519,0.0128999998233119,0.00712229821774691,0.00277577040438611,0.000920545118195519,0.000125448566970982,1.76688122494342e-06,1.76688122494342e-06,1.76688122494342e-06,1.76688122494342e-06,1.76688122494342e-06,1.76688122494342e-06,1.76688122494342e-06,1.76688122494342e-06,1.76688122494342e-06,1.76688122494342e-06,1.76688122494342e-06,1.76688122494342e-06,1.76688122494342e-06,1.76688122494342e-06,1.76688122494342e-06,1.76688122494342e-06,1.76688122494342e-06,1.76688122494342e-06,1.76688122494342e-06
0.0352510473188461,0.0352687161310955,0.0352687161310955,0.0352333785065966,0.0352333785065966,0.0353217225678438,0.0353217225678438,0.0352863849433449,0.0352863849433449,0.0352333785065966,0.0352510473188461,0.0353040537555944,0.0352687161310955,0.0352510473188461,0.0352333785065966,0.0353040537555944,0.0352687161310955,0.0352510473188461,0.0352687161310955,0.0351273656331,0.0351627032575989,0.0351627032575989,0.0349683463228551,0.0348976710738574,0.0350920280086012,0.0350566903841023,0.0351803720698483,0.0350213527596034,0.0351273656331,0.0348976710738574,0.0351273656331,0.0351096968208506,0.0352510473188461,0.0350743591963517,0.0353747290045921,0.0354807418780887,0.0360284750578212,0.035816449310828,0.0356044235638348,0.0355867547515853,0.0356750988128325,0.0354630730658393,0.0356044235638348,0.035003683947354,0.0349153398861068,0.0350920280086012,0.0357104364373314,0.0349506775106057,0.0349683463228551,0.0342792626451272,0.03325447153466,0.03325447153466,0.0329717705386691,0.0342615938328778,0.0339258864001385,0.0336255165918981,0.0335725101551498,0.0332898091591589,0.033537172530651,0.0333074779714083,0.0323886997344377,0.0340849057103834,0.0352510473188461,0.0351803720698483,0.0345089572043698,0.0344206131431227,0.03419091858388,0.0346503077023653,0.0346679765146148,0.0344912883921204,0.0337315294653947,0.0329541017264196,0.0337668670898936,0.0328304200406736,0.0313992462484694,0.0286252427253083,0.0239076698547094,0.0172818652611715,0.0112037938473662,0.00500204074781481,0.00206901791440874,0.000779194620200046,0.000125448566970982,1.94356934743776e-05,1.76688122494342e-06,1.76688122494342e-06,1.76688122494342e-06,1.76688122494342e-06,1.76688122494342e-06,1.76688122494342e-06,1.76688122494342e-06,1.76688122494342e-06,1.76688122494342e-06,1.76688122494342e-06,1.76688122494342e-06,1.76688122494342e-06,1.76688122494342e-06,1.76688122494342e-06,1.76688122494342e-06,1.76688122494342e-06
0.0414881380428963,0.0414881380428963,0.0414881380428963,0.0415411444796446,0.0415411444796446,0.0415234756673952,0.0415234756673952,0.0415234756673952,0.0415234756673952,0.0415941509163929,0.0415941509163929,0.0415234756673952,0.0415941509163929,0.0415764821041435,0.0416118197286424,0.0416294885408918,0.0417708390388873,0.041841514287885,0.0419121895368828,0.0420358712226288,0.0420358712226288,0.0420535400348782,0.0421595529083748,0.0422302281573726,0.0421948905328737,0.0421595529083748,0.0422125593451231,0.042530597965613,0.0424775915288647,0.0425482667778624,0.0423362410308692,0.0423539098431186,0.0423892474676175,0.042777961337105,0.0427602925248556,0.0424775915288647,0.0423185722186197,0.0425836044023613,0.0429016430228511,0.0430959999575948,0.0430076558963477,0.0434317073903341,0.0436260643250779,0.0435377202638307,0.0431136687698443,0.0429723182718488,0.043060662333096,0.0433433633290869,0.0433256945168375,0.043714408386325,0.0436790707618262,0.0429546494595994,0.0431666752065926,0.0422302281573726,0.0428486365861028,0.0431313375820937,0.0439264341333183,0.0426896172758579,0.0425659355901118,0.042654279651359,0.0427249549003567,0.0424245850921164,0.0415764821041435,0.0431666752065926,0.0433963697658352,0.0429546494595994,0.0437674148230733,0.0427249549003567,0.0431666752065926,0.0431490063943432,0.0434140385780847,0.0425482667778624,0.0415234756673952,0.0414528004183975,0.0412761122959031,0.0395092310709597,0.0372122854785333,0.0332898091591589,0.026946705561612,0.0185010133063825,0.0106030542308854,0.00450731400483065,0.00201601147766044,0.000655512934454007,0.000266799064966456,0.000107779754721548,3.71045057238117e-05,1.76688122494342e-06,1.76688122494342e-06,1.76688122494342e-06,1.76688122494342e-06,1.76688122494342e-06,1.76688122494342e-06,1.76688122494342e-06,1.76688122494342e-06,1.76688122494342e-06,1.76688122494342e-06,1.76688122494342e-06,1.76688122494342e-06,1.76688122494342e-06
0.0577611141246252,0.0577611141246252,0.0577611141246252,0.0577257765001263,0.0577257765001263,0.0577257765001263,0.0577257765001263,0.0576904388756275,0.0576374324388792,0.0576374324388792,0.057672770063378,0.0577081076878769,0.0577434453123758,0.0577787829368746,0.0577787829368746,0.0577611141246252,0.0576904388756275,0.057672770063378,0.0575844260021309,0.0575667571898814,0.0575314195653826,0.0574960819408837,0.0574784131286342,0.057549088377632,0.057549088377632,0.0574784131286342,0.0573370626306388,0.0572487185693916,0.0571957121326433,0.0573724002551376,0.057549088377632,0.0573193938183893,0.0575314195653826,0.057266387381641,0.0576374324388792,0.057672770063378,0.0577081076878769,0.0572840561938905,0.0572487185693916,0.0576374324388792,0.0582735096798588,0.0582381720553599,0.0579024646226207,0.0582911784921082,0.058361853741106,0.0585032042391014,0.0582735096798588,0.0583795225533554,0.0577964517491241,0.0577081076878769,0.058485535426852,0.0584325289901037,0.0577611141246252,0.0570013551978995,0.0560472393364301,0.0553758244709516,0.0559412264629335,0.0564889596426659,0.0568776735121535,0.0563652779569199,0.0564712908304165,0.0554111620954505,0.0559058888384346,0.0557645383404391,0.0556408566546931,0.0569130111366524,0.0562415962711739,0.056736323014158,0.0562946027079222,0.057142705695895,0.0574607443163848,0.0584501978023531,0.0570366928223984,0.0571073680713961,0.0557468695281897,0.0560472393364301,0.0550047794137135,0.0519304060823119,0.0469654698402209,0.0415764821041435,0.0329010952896713,0.0238369946057116,0.0144725241135115,0.00770536902197824,0.00342951645761517,0.00146827829792798,0.000461155999710231,0.000143117379220417,1.94356934743776e-05,1.76688122494342e-06,1.76688122494342e-06,1.76688122494342e-06,1.76688122494342e-06,1.76688122494342e-06,1.76688122494342e-06,1.76688122494342e-06,1.76688122494342e-06,1.76688122494342e-06,1.76688122494342e-06,1.76688122494342e-06
0.089335281614364,0.089335281614364,0.089335281614364,0.0893529504266135,0.0893529504266135,0.089335281614364,0.089335281614364,0.0893529504266135,0.0893706192388629,0.0893706192388629,0.0893529504266135,0.0892646063653663,0.0892292687408674,0.0891585934918697,0.0891055870551214,0.0891409246796203,0.0891232558673708,0.0891055870551214,0.0891232558673708,0.0892292687408674,0.0892646063653663,0.0892469375531169,0.0892292687408674,0.0891939311163686,0.0891585934918697,0.089335281614364,0.0893706192388629,0.0894236256756112,0.0894236256756112,0.0892292687408674,0.0889642365571259,0.0888935613081282,0.0882221464426497,0.088151471193652,0.0879747830711576,0.0880631271324048,0.0877627573241644,0.087462387515924,0.0876567444506678,0.0870383360219376,0.086402258780958,0.086402258780958,0.0868263102749444,0.0873917122669263,0.0869853295851893,0.0870383360219376,0.0869499919606904,0.0865789469034523,0.0872503617689308,0.0867379662136972,0.0860135449114704,0.0868793167116927,0.0866849597769489,0.087745088511915,0.0870383360219376,0.0879394454466587,0.0874977251404229,0.0871266800831848,0.0864906028422051,0.0867556350259467,0.0861902330339648,0.0871620177076836,0.0864552652177063,0.0861548954094659,0.0865612780912029,0.0852537859847448,0.0855364869807357,0.0852891236092436,0.0845647023070168,0.083716599319044,0.0834869047598013,0.0838756186292889,0.0848297344907583,0.0856778374787312,0.0858898632257244,0.0851654419234976,0.0842820013110259,0.0841053131885315,0.0824091072125858,0.0785573061422092,0.0739987525818552,0.0666838643105895,0.0555878502179448,0.0433610321413364,0.0313992462484694,0.0203739074048225,0.0126703052640692,0.00683959722175596,0.0033941788331163,0.00145060948567854,0.000620175309955139,9.01109424721142e-05,3.71045057238117e-05,1.76688122494342e-06,1.76688122494342e-06,1.76688122494342e-06,1.76688122494342e-06,1.76688122494342e-06,1.76688122494342e-06,1.76688122494342e-06
0.175258715583362,0.175241046771113,0.175241046771113,0.175258715583362,0.175258715583362,0.175311722020111,0.175311722020111,0.17534705964461,0.175400066081358,0.175400066081358,0.175417734893607,0.175576754203852,0.175612091828351,0.175735773514097,0.175806448763095,0.175877124012093,0.17596546807334,0.176053812134587,0.176195162632582,0.176248169069331,0.176371850755077,0.17658387650207,0.176778233436814,0.176990259183807,0.177272960179798,0.177537992363539,0.177891368608528,0.178350757727013,0.178916159718995,0.179534568147725,0.180382671135698,0.181460468682914,0.182979986536365,0.184181465769327,0.18532993856554,0.186902462855739,0.188934376264424,0.19156702928959,0.193775630820769,0.19656730315618,0.199853702234575,0.203281451810965,0.206885889509849,0.211002722763968,0.216639073871537,0.222151743293361,0.228689203825651,0.236392805966405,0.244202420980654,0.25339020335036,0.263514432769286,0.273903694371953,0.285724129766825,0.297562233973946,0.311573602087747,0.324966561772818,0.339242962070361,0.355445262903092,0.371841920670567,0.38890999330352,0.4067024872387,0.424053260867645,0.442587844917301,0.461228441840454,0.480257752633095,0.500099828789209,0.519305827704344,0.538052437500994,0.556958066607888,0.574132152114338,0.59033445294707,0.605830001289823,0.61998271990162,0.630071611696047,0.640354860425218,0.647952449692474,0.651574556203608,0.652864379497817,0.650708784403386,0.645037095671318,0.632439232537471,0.613392252932581,0.592984774784485,0.562912456335948,0.52412941344844,0.478031482289666,0.424565656422878,0.368343495845179,0.308428553507348,0.249944784961721,0.193793299633019,0.120291040675373,0.0480962738241847,0.0201618816578293,0.00906586756518467,0.00424228182108914,0.00182165454291666,0.000478824811959666,7.244213022268e-05,1.76688122494342e-06
0.00205134910215931,0.00206901791440874,0.00206901791440874,0.00206901791440874,0.00206901791440874,0.00206901791440874,0.00206901791440874,0.00208668672665817,0.00208668672665817,0.00210435553890761,0.00212202435115704,0.00212202435115704,0.00212202435115704,0.00212202435115704,0.00217503078790534,0.00219269960015478,0.00222803722465365,0.00224570603690308,0.00226337484915252,0.00228104366140195,0.00231638128590082,0.00231638128590082,0.00238705653489855,0.00247540059614573,0.00249306940839516,0.00252840703289403,0.00263441990639063,0.00268742634313893,0.00275810159213667,0.00282877684113441,0.00291712090238158,0.00293478971463101,0.00297012733912988,0.00305847140037705,0.00307614021262649,0.00314681546162422,0.00314681546162422,0.00314681546162422,0.00314681546162422,0.00318215308612309,0.00319982189837253,0.00323515952287139,0.0032881659596197,0.0032881659596197,0.00330583477186913,0.003341172396368,0.003341172396368,0.00337651002086687,0.00341184764536574,0.00353552933111177,0.00365921101685781,0.00376522389035442,0.00387123676385102,0.00404792488634536,0.00415393775984197,0.00440130113133405,0.00480768381307103,0.00514339124581028,0.00572646205004161,0.00639787691552011,0.00724597990349295,0.00839445269970617,0.00998464580215524,0.0117868646515975,0.013801109248033,0.0162570741507044,0.0191547593596116,0.0229712228054893,0.0277241333005871,0.0338552111511408,0.0414704692306469,0.0493507594938945,0.059421982476072,0.0727265980998959,0.0872326929566814,0.104671810646873,0.126510462587173,0.150416365560658,0.177997381482025,0.20999560046575,0.247488820059049,0.290441702637424,0.334472382763013,0.385005185796395,0.44043224982287,0.499675777295223,0.561923002849979,0.624329247714981,0.687813290127198,0.748258296832512,0.805240216336937,0.879272539662066,0.951520312950003,0.979490042740857,0.990586056833501,0.995409642577597,0.997830269855769,0.999173099586726,0.999579482268463,0.999650157517461
19323248.1,19323248.1,19323248.1,19323248.1,19323248.1,19323248.1,19323248.1,19323248.1,19323248.1,19323248.1,19323248.1,19323248.1,19323248.1,19323248.1,19323248.1,19323248.1,19323248.1,19323248.1,19323248.1,19323248.1,19323248.1,19323248.1,19323248.1,19323248.1,19323248.1,19323248.1,19323248.1,19323248.1,19323248.1,19323248.1,19323248.1,19323248.1,19323248.1,19323248.1,19323248.1,19323248.1,19323248.1,19323248.1,19323248.1,19323248.1,19323248.1,19323248.1,19323248.1,19323248.1,19323248.1,19323248.1,19323248.1,19323248.1,19323248.1,19323248.1,19323248.1,19323248.1,19323248.1,19323248.1,19323248.1,19323248.1,19323248.1,19323248.1,19323248.1,19323248.1,19323248.1,19323248.1,19323248.1,19323248.1,19323248.1,19323248.1,19323248.1,19323248.1,19323248.1,19323248.1,19323248.1,19323248.1,19323248.1,19323248.1,19323248.1,19323248.1,19323248.1,19323248.1,19323248.1,19323248.1,19323248.1,19323248.1,19323248.1,19323248.1,19323248.1,19323248.1,19323248.1,19323248.1,19323248.1,19323248.1,19323248.1,19323248.1,19323248.1,19323248.1,19323248.1,19323248.1,19323248.1,19323248.1,19323248.1,19323248.1
