"V1","V2","V3","V4","V5","V6","V7","V8","V9","V10","V11","V12","V13","V14","V15","V16","V17","V18","V19","V20","V21","V22","V23","V24","V25","V26","V27","V28","V29","V30","V31","V32","V33","V34","V35","V36","V37","V38","V39","V40"
0.0012637940141956,0.0012097086783527,0.00113759489722885,0.00110153800666692,0.000993367334981133,0.000867168218014383,0.000650826874642811,0.000470542421833168,0.000254201078461597,0.000109973516213882,3.7859735090025e-05,1.80284452809643e-06,1.80284452809643e-06,1.80284452809643e-06,1.80284452809643e-06,1.80284452809643e-06,1.80284452809643e-06,1.80284452809643e-06,1.80284452809643e-06,1.80284452809643e-06,1.80284452809643e-06,1.80284452809643e-06,1.80284452809643e-06,1.80284452809643e-06,1.80284452809643e-06,1.80284452809643e-06,1.80284452809643e-06,1.80284452809643e-06,1.80284452809643e-06,1.80284452809643e-06,1.80284452809643e-06,1.80284452809643e-06,1.80284452809643e-06,1.80284452809643e-06,1.80284452809643e-06,1.80284452809643e-06,1.80284452809643e-06,1.80284452809643e-06,1.80284452809643e-06,1.80284452809643e-06
0.000452513976552204,0.000506599312395097,0.000578713093518954,0.00056068464823799,0.000596741538799919,0.000578713093518954,0.000650826874642811,0.000488570867114133,0.000452513976552204,0.000326314859585454,0.000109973516213882,7.39166256519536e-05,1.80284452809643e-06,1.80284452809643e-06,1.80284452809643e-06,1.80284452809643e-06,1.80284452809643e-06,1.80284452809643e-06,1.80284452809643e-06,1.80284452809643e-06,1.80284452809643e-06,1.80284452809643e-06,1.80284452809643e-06,1.80284452809643e-06,1.80284452809643e-06,1.80284452809643e-06,1.80284452809643e-06,1.80284452809643e-06,1.80284452809643e-06,1.80284452809643e-06,1.80284452809643e-06,1.80284452809643e-06,1.80284452809643e-06,1.80284452809643e-06,1.80284452809643e-06,1.80284452809643e-06,1.80284452809643e-06,1.80284452809643e-06,1.80284452809643e-06,1.80284452809643e-06
0.000758997546328597,0.000722940655766669,0.000650826874642811,0.000650826874642811,0.000596741538799919,0.000668855319923776,0.000668855319923776,0.000867168218014383,0.000758997546328597,0.00056068464823799,0.000380400195428347,0.000146030406775811,7.39166256519536e-05,1.80284452809643e-06,1.80284452809643e-06,1.80284452809643e-06,1.80284452809643e-06,1.80284452809643e-06,1.80284452809643e-06,1.80284452809643e-06,1.80284452809643e-06,1.80284452809643e-06,1.80284452809643e-06,1.80284452809643e-06,1.80284452809643e-06,1.80284452809643e-06,1.80284452809643e-06,1.80284452809643e-06,1.80284452809643e-06,1.80284452809643e-06,1.80284452809643e-06,1.80284452809643e-06,1.80284452809643e-06,1.80284452809643e-06,1.80284452809643e-06,1.80284452809643e-06,1.80284452809643e-06,1.80284452809643e-06,1.80284452809643e-06,1.80284452809643e-06
0.000777025991609562,0.000777025991609562,0.00081308288217149,0.00081308288217149,0.000903225108576312,0.000849139772733419,0.000849139772733419,0.000758997546328597,0.00068688376520474,0.000777025991609562,0.000488570867114133,0.000254201078461597,5.58881803709893e-05,1.80284452809643e-06,1.80284452809643e-06,1.80284452809643e-06,1.80284452809643e-06,1.80284452809643e-06,1.80284452809643e-06,1.80284452809643e-06,1.80284452809643e-06,1.80284452809643e-06,1.80284452809643e-06,1.80284452809643e-06,1.80284452809643e-06,1.80284452809643e-06,1.80284452809643e-06,1.80284452809643e-06,1.80284452809643e-06,1.80284452809643e-06,1.80284452809643e-06,1.80284452809643e-06,1.80284452809643e-06,1.80284452809643e-06,1.80284452809643e-06,1.80284452809643e-06,1.80284452809643e-06,1.80284452809643e-06,1.80284452809643e-06,1.80284452809643e-06
0.000614769984080883,0.000650826874642811,0.000650826874642811,0.000650826874642811,0.000614769984080883,0.000596741538799919,0.000614769984080883,0.000614769984080883,0.000777025991609562,0.000704912210485704,0.000758997546328597,0.00043448553127124,0.000146030406775811,7.39166256519536e-05,1.80284452809643e-06,1.80284452809643e-06,1.80284452809643e-06,1.80284452809643e-06,1.80284452809643e-06,1.80284452809643e-06,1.80284452809643e-06,1.80284452809643e-06,1.80284452809643e-06,1.80284452809643e-06,1.80284452809643e-06,1.80284452809643e-06,1.80284452809643e-06,1.80284452809643e-06,1.80284452809643e-06,1.80284452809643e-06,1.80284452809643e-06,1.80284452809643e-06,1.80284452809643e-06,1.80284452809643e-06,1.80284452809643e-06,1.80284452809643e-06,1.80284452809643e-06,1.80284452809643e-06,1.80284452809643e-06,1.80284452809643e-06
0.00056068464823799,0.00056068464823799,0.00056068464823799,0.000596741538799919,0.000524627757676061,0.000524627757676061,0.000488570867114133,0.000470542421833168,0.000542656202957026,0.00056068464823799,0.000578713093518954,0.000632798429361847,0.00030828641430449,3.7859735090025e-05,1.80284452809643e-06,1.80284452809643e-06,1.80284452809643e-06,1.80284452809643e-06,1.80284452809643e-06,1.80284452809643e-06,1.80284452809643e-06,1.80284452809643e-06,1.80284452809643e-06,1.80284452809643e-06,1.80284452809643e-06,1.80284452809643e-06,1.80284452809643e-06,1.80284452809643e-06,1.80284452809643e-06,1.80284452809643e-06,1.80284452809643e-06,1.80284452809643e-06,1.80284452809643e-06,1.80284452809643e-06,1.80284452809643e-06,1.80284452809643e-06,1.80284452809643e-06,1.80284452809643e-06,1.80284452809643e-06,1.80284452809643e-06
0.000578713093518954,0.000578713093518954,0.000596741538799919,0.000542656202957026,0.000614769984080883,0.000668855319923776,0.000740969101047633,0.00081308288217149,0.000632798429361847,0.000758997546328597,0.000885196663295347,0.000470542421833168,0.000488570867114133,7.39166256519536e-05,3.7859735090025e-05,1.80284452809643e-06,1.80284452809643e-06,1.80284452809643e-06,1.80284452809643e-06,1.80284452809643e-06,1.80284452809643e-06,1.80284452809643e-06,1.80284452809643e-06,1.80284452809643e-06,1.80284452809643e-06,1.80284452809643e-06,1.80284452809643e-06,1.80284452809643e-06,1.80284452809643e-06,1.80284452809643e-06,1.80284452809643e-06,1.80284452809643e-06,1.80284452809643e-06,1.80284452809643e-06,1.80284452809643e-06,1.80284452809643e-06,1.80284452809643e-06,1.80284452809643e-06,1.80284452809643e-06,1.80284452809643e-06
0.000614769984080883,0.000596741538799919,0.000596741538799919,0.000632798429361847,0.000668855319923776,0.00068688376520474,0.000632798429361847,0.000650826874642811,0.00068688376520474,0.000542656202957026,0.000506599312395097,0.000722940655766669,0.000416457085990275,0.000254201078461597,1.98312898090607e-05,1.80284452809643e-06,1.80284452809643e-06,1.80284452809643e-06,1.80284452809643e-06,1.80284452809643e-06,1.80284452809643e-06,1.80284452809643e-06,1.80284452809643e-06,1.80284452809643e-06,1.80284452809643e-06,1.80284452809643e-06,1.80284452809643e-06,1.80284452809643e-06,1.80284452809643e-06,1.80284452809643e-06,1.80284452809643e-06,1.80284452809643e-06,1.80284452809643e-06,1.80284452809643e-06,1.80284452809643e-06,1.80284452809643e-06,1.80284452809643e-06,1.80284452809643e-06,1.80284452809643e-06,1.80284452809643e-06
0.000596741538799919,0.000614769984080883,0.000614769984080883,0.000632798429361847,0.000578713093518954,0.00056068464823799,0.000596741538799919,0.000650826874642811,0.000758997546328597,0.000668855319923776,0.000614769984080883,0.000596741538799919,0.00043448553127124,0.000236172633180632,3.7859735090025e-05,1.80284452809643e-06,1.80284452809643e-06,1.80284452809643e-06,1.80284452809643e-06,1.80284452809643e-06,1.80284452809643e-06,1.80284452809643e-06,1.80284452809643e-06,1.80284452809643e-06,1.80284452809643e-06,1.80284452809643e-06,1.80284452809643e-06,1.80284452809643e-06,1.80284452809643e-06,1.80284452809643e-06,1.80284452809643e-06,1.80284452809643e-06,1.80284452809643e-06,1.80284452809643e-06,1.80284452809643e-06,1.80284452809643e-06,1.80284452809643e-06,1.80284452809643e-06,1.80284452809643e-06,1.80284452809643e-06
0.000614769984080883,0.000614769984080883,0.000614769984080883,0.000614769984080883,0.00068688376520474,0.000704912210485704,0.000650826874642811,0.000542656202957026,0.000506599312395097,0.000578713093518954,0.000614769984080883,0.000704912210485704,0.000614769984080883,0.000344343304866418,0.000109973516213882,1.80284452809643e-06,1.80284452809643e-06,1.80284452809643e-06,1.80284452809643e-06,1.80284452809643e-06,1.80284452809643e-06,1.80284452809643e-06,1.80284452809643e-06,1.80284452809643e-06,1.80284452809643e-06,1.80284452809643e-06,1.80284452809643e-06,1.80284452809643e-06,1.80284452809643e-06,1.80284452809643e-06,1.80284452809643e-06,1.80284452809643e-06,1.80284452809643e-06,1.80284452809643e-06,1.80284452809643e-06,1.80284452809643e-06,1.80284452809643e-06,1.80284452809643e-06,1.80284452809643e-06,1.80284452809643e-06
0.000650826874642811,0.000596741538799919,0.00056068464823799,0.00056068464823799,0.000542656202957026,0.000524627757676061,0.000596741538799919,0.000614769984080883,0.00056068464823799,0.000704912210485704,0.000488570867114133,0.00056068464823799,0.000777025991609562,0.000326314859585454,0.000128001961494847,1.80284452809643e-06,1.80284452809643e-06,1.80284452809643e-06,1.80284452809643e-06,1.80284452809643e-06,1.80284452809643e-06,1.80284452809643e-06,1.80284452809643e-06,1.80284452809643e-06,1.80284452809643e-06,1.80284452809643e-06,1.80284452809643e-06,1.80284452809643e-06,1.80284452809643e-06,1.80284452809643e-06,1.80284452809643e-06,1.80284452809643e-06,1.80284452809643e-06,1.80284452809643e-06,1.80284452809643e-06,1.80284452809643e-06,1.80284452809643e-06,1.80284452809643e-06,1.80284452809643e-06,1.80284452809643e-06
0.000777025991609562,0.00081308288217149,0.000831111327452455,0.000831111327452455,0.000831111327452455,0.000795054436890526,0.000740969101047633,0.000578713093518954,0.000614769984080883,0.000596741538799919,0.000758997546328597,0.00056068464823799,0.00068688376520474,0.000524627757676061,7.39166256519536e-05,1.80284452809643e-06,1.80284452809643e-06,1.80284452809643e-06,1.80284452809643e-06,1.80284452809643e-06,1.80284452809643e-06,1.80284452809643e-06,1.80284452809643e-06,1.80284452809643e-06,1.80284452809643e-06,1.80284452809643e-06,1.80284452809643e-06,1.80284452809643e-06,1.80284452809643e-06,1.80284452809643e-06,1.80284452809643e-06,1.80284452809643e-06,1.80284452809643e-06,1.80284452809643e-06,1.80284452809643e-06,1.80284452809643e-06,1.80284452809643e-06,1.80284452809643e-06,1.80284452809643e-06,1.80284452809643e-06
0.000578713093518954,0.000578713093518954,0.000578713093518954,0.00056068464823799,0.000542656202957026,0.00056068464823799,0.000650826874642811,0.000849139772733419,0.000777025991609562,0.00056068464823799,0.000614769984080883,0.000542656202957026,0.000488570867114133,0.000668855319923776,0.000236172633180632,3.7859735090025e-05,1.80284452809643e-06,1.80284452809643e-06,1.80284452809643e-06,1.80284452809643e-06,1.80284452809643e-06,1.80284452809643e-06,1.80284452809643e-06,1.80284452809643e-06,1.80284452809643e-06,1.80284452809643e-06,1.80284452809643e-06,1.80284452809643e-06,1.80284452809643e-06,1.80284452809643e-06,1.80284452809643e-06,1.80284452809643e-06,1.80284452809643e-06,1.80284452809643e-06,1.80284452809643e-06,1.80284452809643e-06,1.80284452809643e-06,1.80284452809643e-06,1.80284452809643e-06,1.80284452809643e-06
0.000614769984080883,0.000614769984080883,0.000614769984080883,0.00056068464823799,0.000578713093518954,0.000614769984080883,0.00056068464823799,0.000470542421833168,0.000578713093518954,0.000795054436890526,0.00068688376520474,0.00081308288217149,0.000777025991609562,0.000722940655766669,0.000272229523742561,3.7859735090025e-05,1.80284452809643e-06,1.80284452809643e-06,1.80284452809643e-06,1.80284452809643e-06,1.80284452809643e-06,1.80284452809643e-06,1.80284452809643e-06,1.80284452809643e-06,1.80284452809643e-06,1.80284452809643e-06,1.80284452809643e-06,1.80284452809643e-06,1.80284452809643e-06,1.80284452809643e-06,1.80284452809643e-06,1.80284452809643e-06,1.80284452809643e-06,1.80284452809643e-06,1.80284452809643e-06,1.80284452809643e-06,1.80284452809643e-06,1.80284452809643e-06,1.80284452809643e-06,1.80284452809643e-06
0.000777025991609562,0.000777025991609562,0.000758997546328597,0.000831111327452455,0.00081308288217149,0.000704912210485704,0.00068688376520474,0.000704912210485704,0.000668855319923776,0.000596741538799919,0.000722940655766669,0.000704912210485704,0.000650826874642811,0.000470542421833168,0.000326314859585454,7.39166256519536e-05,1.80284452809643e-06,1.80284452809643e-06,1.80284452809643e-06,1.80284452809643e-06,1.80284452809643e-06,1.80284452809643e-06,1.80284452809643e-06,1.80284452809643e-06,1.80284452809643e-06,1.80284452809643e-06,1.80284452809643e-06,1.80284452809643e-06,1.80284452809643e-06,1.80284452809643e-06,1.80284452809643e-06,1.80284452809643e-06,1.80284452809643e-06,1.80284452809643e-06,1.80284452809643e-06,1.80284452809643e-06,1.80284452809643e-06,1.80284452809643e-06,1.80284452809643e-06,1.80284452809643e-06
0.000795054436890526,0.00081308288217149,0.000777025991609562,0.000740969101047633,0.000758997546328597,0.00081308288217149,0.000740969101047633,0.000650826874642811,0.000632798429361847,0.000668855319923776,0.000614769984080883,0.000542656202957026,0.000704912210485704,0.000524627757676061,0.00043448553127124,9.19450709329179e-05,1.80284452809643e-06,1.80284452809643e-06,1.80284452809643e-06,1.80284452809643e-06,1.80284452809643e-06,1.80284452809643e-06,1.80284452809643e-06,1.80284452809643e-06,1.80284452809643e-06,1.80284452809643e-06,1.80284452809643e-06,1.80284452809643e-06,1.80284452809643e-06,1.80284452809643e-06,1.80284452809643e-06,1.80284452809643e-06,1.80284452809643e-06,1.80284452809643e-06,1.80284452809643e-06,1.80284452809643e-06,1.80284452809643e-06,1.80284452809643e-06,1.80284452809643e-06,1.80284452809643e-06
0.000668855319923776,0.000668855319923776,0.00068688376520474,0.000704912210485704,0.000668855319923776,0.00068688376520474,0.000795054436890526,0.00093928199913824,0.000777025991609562,0.000722940655766669,0.000650826874642811,0.000704912210485704,0.000632798429361847,0.000650826874642811,0.000632798429361847,3.7859735090025e-05,1.80284452809643e-06,1.80284452809643e-06,1.80284452809643e-06,1.80284452809643e-06,1.80284452809643e-06,1.80284452809643e-06,1.80284452809643e-06,1.80284452809643e-06,1.80284452809643e-06,1.80284452809643e-06,1.80284452809643e-06,1.80284452809643e-06,1.80284452809643e-06,1.80284452809643e-06,1.80284452809643e-06,1.80284452809643e-06,1.80284452809643e-06,1.80284452809643e-06,1.80284452809643e-06,1.80284452809643e-06,1.80284452809643e-06,1.80284452809643e-06,1.80284452809643e-06,1.80284452809643e-06
0.000722940655766669,0.000722940655766669,0.000758997546328597,0.000777025991609562,0.000758997546328597,0.000758997546328597,0.000668855319923776,0.000650826874642811,0.000668855319923776,0.000650826874642811,0.000704912210485704,0.000704912210485704,0.000632798429361847,0.000632798429361847,0.00068688376520474,0.000146030406775811,1.80284452809643e-06,1.80284452809643e-06,1.80284452809643e-06,1.80284452809643e-06,1.80284452809643e-06,1.80284452809643e-06,1.80284452809643e-06,1.80284452809643e-06,1.80284452809643e-06,1.80284452809643e-06,1.80284452809643e-06,1.80284452809643e-06,1.80284452809643e-06,1.80284452809643e-06,1.80284452809643e-06,1.80284452809643e-06,1.80284452809643e-06,1.80284452809643e-06,1.80284452809643e-06,1.80284452809643e-06,1.80284452809643e-06,1.80284452809643e-06,1.80284452809643e-06,1.80284452809643e-06
0.00068688376520474,0.000668855319923776,0.000650826874642811,0.000596741538799919,0.000668855319923776,0.000650826874642811,0.000614769984080883,0.000614769984080883,0.000704912210485704,0.000795054436890526,0.000704912210485704,0.000596741538799919,0.000668855319923776,0.00068688376520474,0.000542656202957026,0.000218144187899668,1.80284452809643e-06,1.80284452809643e-06,1.80284452809643e-06,1.80284452809643e-06,1.80284452809643e-06,1.80284452809643e-06,1.80284452809643e-06,1.80284452809643e-06,1.80284452809643e-06,1.80284452809643e-06,1.80284452809643e-06,1.80284452809643e-06,1.80284452809643e-06,1.80284452809643e-06,1.80284452809643e-06,1.80284452809643e-06,1.80284452809643e-06,1.80284452809643e-06,1.80284452809643e-06,1.80284452809643e-06,1.80284452809643e-06,1.80284452809643e-06,1.80284452809643e-06,1.80284452809643e-06
0.000831111327452455,0.000849139772733419,0.000831111327452455,0.000903225108576312,0.000831111327452455,0.000849139772733419,0.000885196663295347,0.000777025991609562,0.000650826874642811,0.000650826874642811,0.000758997546328597,0.000704912210485704,0.000668855319923776,0.000704912210485704,0.000470542421833168,0.000272229523742561,1.80284452809643e-06,1.80284452809643e-06,1.80284452809643e-06,1.80284452809643e-06,1.80284452809643e-06,1.80284452809643e-06,1.80284452809643e-06,1.80284452809643e-06,1.80284452809643e-06,1.80284452809643e-06,1.80284452809643e-06,1.80284452809643e-06,1.80284452809643e-06,1.80284452809643e-06,1.80284452809643e-06,1.80284452809643e-06,1.80284452809643e-06,1.80284452809643e-06,1.80284452809643e-06,1.80284452809643e-06,1.80284452809643e-06,1.80284452809643e-06,1.80284452809643e-06,1.80284452809643e-06
0.000668855319923776,0.000668855319923776,0.000704912210485704,0.000650826874642811,0.000632798429361847,0.000704912210485704,0.000650826874642811,0.000795054436890526,0.000867168218014383,0.000614769984080883,0.000596741538799919,0.000758997546328597,0.000650826874642811,0.000632798429361847,0.000650826874642811,0.000290257969023525,1.98312898090607e-05,1.80284452809643e-06,1.80284452809643e-06,1.80284452809643e-06,1.80284452809643e-06,1.80284452809643e-06,1.80284452809643e-06,1.80284452809643e-06,1.80284452809643e-06,1.80284452809643e-06,1.80284452809643e-06,1.80284452809643e-06,1.80284452809643e-06,1.80284452809643e-06,1.80284452809643e-06,1.80284452809643e-06,1.80284452809643e-06,1.80284452809643e-06,1.80284452809643e-06,1.80284452809643e-06,1.80284452809643e-06,1.80284452809643e-06,1.80284452809643e-06,1.80284452809643e-06
0.000903225108576312,0.000885196663295347,0.000831111327452455,0.000867168218014383,0.000885196663295347,0.000831111327452455,0.000975338889700169,0.000921253553857276,0.00081308288217149,0.000867168218014383,0.000758997546328597,0.000668855319923776,0.000506599312395097,0.000885196663295347,0.00068688376520474,0.000398428640709311,3.7859735090025e-05,1.80284452809643e-06,1.80284452809643e-06,1.80284452809643e-06,1.80284452809643e-06,1.80284452809643e-06,1.80284452809643e-06,1.80284452809643e-06,1.80284452809643e-06,1.80284452809643e-06,1.80284452809643e-06,1.80284452809643e-06,1.80284452809643e-06,1.80284452809643e-06,1.80284452809643e-06,1.80284452809643e-06,1.80284452809643e-06,1.80284452809643e-06,1.80284452809643e-06,1.80284452809643e-06,1.80284452809643e-06,1.80284452809643e-06,1.80284452809643e-06,1.80284452809643e-06
0.00081308288217149,0.00081308288217149,0.00081308288217149,0.00081308288217149,0.000885196663295347,0.00081308288217149,0.000650826874642811,0.000777025991609562,0.00093928199913824,0.000831111327452455,0.000831111327452455,0.000740969101047633,0.000831111327452455,0.000650826874642811,0.000524627757676061,0.000578713093518954,5.58881803709893e-05,1.80284452809643e-06,1.80284452809643e-06,1.80284452809643e-06,1.80284452809643e-06,1.80284452809643e-06,1.80284452809643e-06,1.80284452809643e-06,1.80284452809643e-06,1.80284452809643e-06,1.80284452809643e-06,1.80284452809643e-06,1.80284452809643e-06,1.80284452809643e-06,1.80284452809643e-06,1.80284452809643e-06,1.80284452809643e-06,1.80284452809643e-06,1.80284452809643e-06,1.80284452809643e-06,1.80284452809643e-06,1.80284452809643e-06,1.80284452809643e-06,1.80284452809643e-06
0.000903225108576312,0.000903225108576312,0.000921253553857276,0.000867168218014383,0.000831111327452455,0.00081308288217149,0.000921253553857276,0.000795054436890526,0.000758997546328597,0.000885196663295347,0.000795054436890526,0.000758997546328597,0.000722940655766669,0.000506599312395097,0.000704912210485704,0.000740969101047633,0.000128001961494847,1.80284452809643e-06,1.80284452809643e-06,1.80284452809643e-06,1.80284452809643e-06,1.80284452809643e-06,1.80284452809643e-06,1.80284452809643e-06,1.80284452809643e-06,1.80284452809643e-06,1.80284452809643e-06,1.80284452809643e-06,1.80284452809643e-06,1.80284452809643e-06,1.80284452809643e-06,1.80284452809643e-06,1.80284452809643e-06,1.80284452809643e-06,1.80284452809643e-06,1.80284452809643e-06,1.80284452809643e-06,1.80284452809643e-06,1.80284452809643e-06,1.80284452809643e-06
0.000722940655766669,0.000704912210485704,0.000704912210485704,0.000722940655766669,0.000758997546328597,0.000758997546328597,0.000740969101047633,0.000722940655766669,0.000650826874642811,0.000704912210485704,0.000921253553857276,0.000903225108576312,0.000758997546328597,0.000849139772733419,0.000740969101047633,0.000578713093518954,1.98312898090607e-05,1.80284452809643e-06,1.80284452809643e-06,1.80284452809643e-06,1.80284452809643e-06,1.80284452809643e-06,1.80284452809643e-06,1.80284452809643e-06,1.80284452809643e-06,1.80284452809643e-06,1.80284452809643e-06,1.80284452809643e-06,1.80284452809643e-06,1.80284452809643e-06,1.80284452809643e-06,1.80284452809643e-06,1.80284452809643e-06,1.80284452809643e-06,1.80284452809643e-06,1.80284452809643e-06,1.80284452809643e-06,1.80284452809643e-06,1.80284452809643e-06,1.80284452809643e-06
0.000614769984080883,0.000614769984080883,0.000632798429361847,0.000632798429361847,0.000614769984080883,0.000650826874642811,0.000668855319923776,0.000740969101047633,0.00081308288217149,0.000704912210485704,0.000740969101047633,0.000777025991609562,0.000740969101047633,0.00056068464823799,0.000704912210485704,0.000524627757676061,0.000109973516213882,1.80284452809643e-06,1.80284452809643e-06,1.80284452809643e-06,1.80284452809643e-06,1.80284452809643e-06,1.80284452809643e-06,1.80284452809643e-06,1.80284452809643e-06,1.80284452809643e-06,1.80284452809643e-06,1.80284452809643e-06,1.80284452809643e-06,1.80284452809643e-06,1.80284452809643e-06,1.80284452809643e-06,1.80284452809643e-06,1.80284452809643e-06,1.80284452809643e-06,1.80284452809643e-06,1.80284452809643e-06,1.80284452809643e-06,1.80284452809643e-06,1.80284452809643e-06
0.000722940655766669,0.000758997546328597,0.000758997546328597,0.000777025991609562,0.000722940655766669,0.000777025991609562,0.000831111327452455,0.000740969101047633,0.000777025991609562,0.000885196663295347,0.000758997546328597,0.000867168218014383,0.00081308288217149,0.00068688376520474,0.000831111327452455,0.000542656202957026,0.000200115742618704,1.80284452809643e-06,1.80284452809643e-06,1.80284452809643e-06,1.80284452809643e-06,1.80284452809643e-06,1.80284452809643e-06,1.80284452809643e-06,1.80284452809643e-06,1.80284452809643e-06,1.80284452809643e-06,1.80284452809643e-06,1.80284452809643e-06,1.80284452809643e-06,1.80284452809643e-06,1.80284452809643e-06,1.80284452809643e-06,1.80284452809643e-06,1.80284452809643e-06,1.80284452809643e-06,1.80284452809643e-06,1.80284452809643e-06,1.80284452809643e-06,1.80284452809643e-06
0.000777025991609562,0.000777025991609562,0.000777025991609562,0.000740969101047633,0.00081308288217149,0.000831111327452455,0.000777025991609562,0.00081308288217149,0.000758997546328597,0.000758997546328597,0.000758997546328597,0.000795054436890526,0.000831111327452455,0.000740969101047633,0.000542656202957026,0.000596741538799919,0.000236172633180632,1.80284452809643e-06,1.80284452809643e-06,1.80284452809643e-06,1.80284452809643e-06,1.80284452809643e-06,1.80284452809643e-06,1.80284452809643e-06,1.80284452809643e-06,1.80284452809643e-06,1.80284452809643e-06,1.80284452809643e-06,1.80284452809643e-06,1.80284452809643e-06,1.80284452809643e-06,1.80284452809643e-06,1.80284452809643e-06,1.80284452809643e-06,1.80284452809643e-06,1.80284452809643e-06,1.80284452809643e-06,1.80284452809643e-06,1.80284452809643e-06,1.80284452809643e-06
0.00093928199913824,0.00093928199913824,0.000921253553857276,0.000957310444419205,0.00093928199913824,0.000885196663295347,0.000867168218014383,0.000885196663295347,0.00081308288217149,0.000831111327452455,0.000740969101047633,0.000831111327452455,0.000975338889700169,0.00093928199913824,0.000506599312395097,0.000614769984080883,0.000326314859585454,1.98312898090607e-05,1.80284452809643e-06,1.80284452809643e-06,1.80284452809643e-06,1.80284452809643e-06,1.80284452809643e-06,1.80284452809643e-06,1.80284452809643e-06,1.80284452809643e-06,1.80284452809643e-06,1.80284452809643e-06,1.80284452809643e-06,1.80284452809643e-06,1.80284452809643e-06,1.80284452809643e-06,1.80284452809643e-06,1.80284452809643e-06,1.80284452809643e-06,1.80284452809643e-06,1.80284452809643e-06,1.80284452809643e-06,1.80284452809643e-06,1.80284452809643e-06
0.000849139772733419,0.000831111327452455,0.000903225108576312,0.000903225108576312,0.000867168218014383,0.000903225108576312,0.000903225108576312,0.000867168218014383,0.000903225108576312,0.000777025991609562,0.000831111327452455,0.00081308288217149,0.000668855319923776,0.000795054436890526,0.000650826874642811,0.000632798429361847,0.000362371750147383,1.98312898090607e-05,1.80284452809643e-06,1.80284452809643e-06,1.80284452809643e-06,1.80284452809643e-06,1.80284452809643e-06,1.80284452809643e-06,1.80284452809643e-06,1.80284452809643e-06,1.80284452809643e-06,1.80284452809643e-06,1.80284452809643e-06,1.80284452809643e-06,1.80284452809643e-06,1.80284452809643e-06,1.80284452809643e-06,1.80284452809643e-06,1.80284452809643e-06,1.80284452809643e-06,1.80284452809643e-06,1.80284452809643e-06,1.80284452809643e-06,1.80284452809643e-06
0.000596741538799919,0.000596741538799919,0.000542656202957026,0.000542656202957026,0.000578713093518954,0.000578713093518954,0.000632798429361847,0.000722940655766669,0.000831111327452455,0.000903225108576312,0.000831111327452455,0.000704912210485704,0.00093928199913824,0.000777025991609562,0.00068688376520474,0.000777025991609562,0.000326314859585454,1.98312898090607e-05,1.80284452809643e-06,1.80284452809643e-06,1.80284452809643e-06,1.80284452809643e-06,1.80284452809643e-06,1.80284452809643e-06,1.80284452809643e-06,1.80284452809643e-06,1.80284452809643e-06,1.80284452809643e-06,1.80284452809643e-06,1.80284452809643e-06,1.80284452809643e-06,1.80284452809643e-06,1.80284452809643e-06,1.80284452809643e-06,1.80284452809643e-06,1.80284452809643e-06,1.80284452809643e-06,1.80284452809643e-06,1.80284452809643e-06,1.80284452809643e-06
0.000614769984080883,0.000614769984080883,0.000596741538799919,0.00056068464823799,0.000542656202957026,0.00056068464823799,0.000596741538799919,0.000578713093518954,0.000632798429361847,0.000596741538799919,0.00093928199913824,0.000885196663295347,0.000849139772733419,0.000993367334981133,0.000957310444419205,0.000668855319923776,0.000398428640709311,5.58881803709893e-05,1.80284452809643e-06,1.80284452809643e-06,1.80284452809643e-06,1.80284452809643e-06,1.80284452809643e-06,1.80284452809643e-06,1.80284452809643e-06,1.80284452809643e-06,1.80284452809643e-06,1.80284452809643e-06,1.80284452809643e-06,1.80284452809643e-06,1.80284452809643e-06,1.80284452809643e-06,1.80284452809643e-06,1.80284452809643e-06,1.80284452809643e-06,1.80284452809643e-06,1.80284452809643e-06,1.80284452809643e-06,1.80284452809643e-06,1.80284452809643e-06
0.00068688376520474,0.00068688376520474,0.000722940655766669,0.000740969101047633,0.000704912210485704,0.000740969101047633,0.00068688376520474,0.000668855319923776,0.000614769984080883,0.000795054436890526,0.000650826874642811,0.000849139772733419,0.000921253553857276,0.000921253553857276,0.000885196663295347,0.000632798429361847,0.00068688376520474,3.7859735090025e-05,1.80284452809643e-06,1.80284452809643e-06,1.80284452809643e-06,1.80284452809643e-06,1.80284452809643e-06,1.80284452809643e-06,1.80284452809643e-06,1.80284452809643e-06,1.80284452809643e-06,1.80284452809643e-06,1.80284452809643e-06,1.80284452809643e-06,1.80284452809643e-06,1.80284452809643e-06,1.80284452809643e-06,1.80284452809643e-06,1.80284452809643e-06,1.80284452809643e-06,1.80284452809643e-06,1.80284452809643e-06,1.80284452809643e-06,1.80284452809643e-06
0.000849139772733419,0.000831111327452455,0.000795054436890526,0.000831111327452455,0.000795054436890526,0.00068688376520474,0.000722940655766669,0.000740969101047633,0.000704912210485704,0.000650826874642811,0.000740969101047633,0.000740969101047633,0.000867168218014383,0.000650826874642811,0.000885196663295347,0.000867168218014383,0.000668855319923776,9.19450709329179e-05,1.80284452809643e-06,1.80284452809643e-06,1.80284452809643e-06,1.80284452809643e-06,1.80284452809643e-06,1.80284452809643e-06,1.80284452809643e-06,1.80284452809643e-06,1.80284452809643e-06,1.80284452809643e-06,1.80284452809643e-06,1.80284452809643e-06,1.80284452809643e-06,1.80284452809643e-06,1.80284452809643e-06,1.80284452809643e-06,1.80284452809643e-06,1.80284452809643e-06,1.80284452809643e-06,1.80284452809643e-06,1.80284452809643e-06,1.80284452809643e-06
0.00102942422554306,0.00104745267082403,0.00108350956138595,0.000993367334981133,0.00102942422554306,0.00104745267082403,0.000867168218014383,0.000777025991609562,0.000795054436890526,0.000777025991609562,0.000668855319923776,0.000795054436890526,0.000632798429361847,0.00068688376520474,0.000849139772733419,0.000596741538799919,0.00068688376520474,9.19450709329179e-05,1.80284452809643e-06,1.80284452809643e-06,1.80284452809643e-06,1.80284452809643e-06,1.80284452809643e-06,1.80284452809643e-06,1.80284452809643e-06,1.80284452809643e-06,1.80284452809643e-06,1.80284452809643e-06,1.80284452809643e-06,1.80284452809643e-06,1.80284452809643e-06,1.80284452809643e-06,1.80284452809643e-06,1.80284452809643e-06,1.80284452809643e-06,1.80284452809643e-06,1.80284452809643e-06,1.80284452809643e-06,1.80284452809643e-06,1.80284452809643e-06
0.000722940655766669,0.00068688376520474,0.00068688376520474,0.000704912210485704,0.000722940655766669,0.000758997546328597,0.000867168218014383,0.000795054436890526,0.000777025991609562,0.000740969101047633,0.000596741538799919,0.000758997546328597,0.000704912210485704,0.000885196663295347,0.000903225108576312,0.000632798429361847,0.000650826874642811,7.39166256519536e-05,1.80284452809643e-06,1.80284452809643e-06,1.80284452809643e-06,1.80284452809643e-06,1.80284452809643e-06,1.80284452809643e-06,1.80284452809643e-06,1.80284452809643e-06,1.80284452809643e-06,1.80284452809643e-06,1.80284452809643e-06,1.80284452809643e-06,1.80284452809643e-06,1.80284452809643e-06,1.80284452809643e-06,1.80284452809643e-06,1.80284452809643e-06,1.80284452809643e-06,1.80284452809643e-06,1.80284452809643e-06,1.80284452809643e-06,1.80284452809643e-06
0.000849139772733419,0.000903225108576312,0.000849139772733419,0.000867168218014383,0.000849139772733419,0.000921253553857276,0.000957310444419205,0.0010113957802621,0.0010113957802621,0.000758997546328597,0.000993367334981133,0.00068688376520474,0.00068688376520474,0.00106548111610499,0.00068688376520474,0.0010113957802621,0.000777025991609562,0.000164058852056775,1.80284452809643e-06,1.80284452809643e-06,1.80284452809643e-06,1.80284452809643e-06,1.80284452809643e-06,1.80284452809643e-06,1.80284452809643e-06,1.80284452809643e-06,1.80284452809643e-06,1.80284452809643e-06,1.80284452809643e-06,1.80284452809643e-06,1.80284452809643e-06,1.80284452809643e-06,1.80284452809643e-06,1.80284452809643e-06,1.80284452809643e-06,1.80284452809643e-06,1.80284452809643e-06,1.80284452809643e-06,1.80284452809643e-06,1.80284452809643e-06
0.000867168218014383,0.000831111327452455,0.000903225108576312,0.000957310444419205,0.0010113957802621,0.000831111327452455,0.00081308288217149,0.000849139772733419,0.000795054436890526,0.00104745267082403,0.000903225108576312,0.000867168218014383,0.000740969101047633,0.000795054436890526,0.000885196663295347,0.000957310444419205,0.000668855319923776,0.000109973516213882,1.80284452809643e-06,1.80284452809643e-06,1.80284452809643e-06,1.80284452809643e-06,1.80284452809643e-06,1.80284452809643e-06,1.80284452809643e-06,1.80284452809643e-06,1.80284452809643e-06,1.80284452809643e-06,1.80284452809643e-06,1.80284452809643e-06,1.80284452809643e-06,1.80284452809643e-06,1.80284452809643e-06,1.80284452809643e-06,1.80284452809643e-06,1.80284452809643e-06,1.80284452809643e-06,1.80284452809643e-06,1.80284452809643e-06,1.80284452809643e-06
0.000867168218014383,0.000903225108576312,0.000867168218014383,0.000831111327452455,0.000795054436890526,0.000867168218014383,0.000777025991609562,0.000758997546328597,0.000831111327452455,0.000885196663295347,0.000795054436890526,0.000993367334981133,0.000993367334981133,0.000758997546328597,0.000740969101047633,0.000849139772733419,0.000506599312395097,0.000326314859585454,1.80284452809643e-06,1.80284452809643e-06,1.80284452809643e-06,1.80284452809643e-06,1.80284452809643e-06,1.80284452809643e-06,1.80284452809643e-06,1.80284452809643e-06,1.80284452809643e-06,1.80284452809643e-06,1.80284452809643e-06,1.80284452809643e-06,1.80284452809643e-06,1.80284452809643e-06,1.80284452809643e-06,1.80284452809643e-06,1.80284452809643e-06,1.80284452809643e-06,1.80284452809643e-06,1.80284452809643e-06,1.80284452809643e-06,1.80284452809643e-06
0.000921253553857276,0.000885196663295347,0.000885196663295347,0.000885196663295347,0.000903225108576312,0.000885196663295347,0.000921253553857276,0.000957310444419205,0.000885196663295347,0.000795054436890526,0.00093928199913824,0.000650826874642811,0.000849139772733419,0.00068688376520474,0.000885196663295347,0.000668855319923776,0.000885196663295347,0.000326314859585454,1.80284452809643e-06,1.80284452809643e-06,1.80284452809643e-06,1.80284452809643e-06,1.80284452809643e-06,1.80284452809643e-06,1.80284452809643e-06,1.80284452809643e-06,1.80284452809643e-06,1.80284452809643e-06,1.80284452809643e-06,1.80284452809643e-06,1.80284452809643e-06,1.80284452809643e-06,1.80284452809643e-06,1.80284452809643e-06,1.80284452809643e-06,1.80284452809643e-06,1.80284452809643e-06,1.80284452809643e-06,1.80284452809643e-06,1.80284452809643e-06
0.000849139772733419,0.000867168218014383,0.00081308288217149,0.000867168218014383,0.000849139772733419,0.000849139772733419,0.00093928199913824,0.000957310444419205,0.000975338889700169,0.000993367334981133,0.000993367334981133,0.000831111327452455,0.000777025991609562,0.000957310444419205,0.000885196663295347,0.00093928199913824,0.000578713093518954,0.000272229523742561,1.80284452809643e-06,1.80284452809643e-06,1.80284452809643e-06,1.80284452809643e-06,1.80284452809643e-06,1.80284452809643e-06,1.80284452809643e-06,1.80284452809643e-06,1.80284452809643e-06,1.80284452809643e-06,1.80284452809643e-06,1.80284452809643e-06,1.80284452809643e-06,1.80284452809643e-06,1.80284452809643e-06,1.80284452809643e-06,1.80284452809643e-06,1.80284452809643e-06,1.80284452809643e-06,1.80284452809643e-06,1.80284452809643e-06,1.80284452809643e-06
0.000758997546328597,0.000740969101047633,0.000795054436890526,0.000740969101047633,0.000777025991609562,0.000903225108576312,0.000831111327452455,0.000867168218014383,0.000921253553857276,0.000903225108576312,0.000722940655766669,0.000975338889700169,0.000885196663295347,0.000903225108576312,0.00081308288217149,0.00093928199913824,0.000867168218014383,0.00056068464823799,1.80284452809643e-06,1.80284452809643e-06,1.80284452809643e-06,1.80284452809643e-06,1.80284452809643e-06,1.80284452809643e-06,1.80284452809643e-06,1.80284452809643e-06,1.80284452809643e-06,1.80284452809643e-06,1.80284452809643e-06,1.80284452809643e-06,1.80284452809643e-06,1.80284452809643e-06,1.80284452809643e-06,1.80284452809643e-06,1.80284452809643e-06,1.80284452809643e-06,1.80284452809643e-06,1.80284452809643e-06,1.80284452809643e-06,1.80284452809643e-06
0.000740969101047633,0.000777025991609562,0.000777025991609562,0.000777025991609562,0.000777025991609562,0.00068688376520474,0.00081308288217149,0.000740969101047633,0.000795054436890526,0.000921253553857276,0.000867168218014383,0.000957310444419205,0.00093928199913824,0.000777025991609562,0.00108350956138595,0.000777025991609562,0.000777025991609562,0.000470542421833168,1.80284452809643e-06,1.80284452809643e-06,1.80284452809643e-06,1.80284452809643e-06,1.80284452809643e-06,1.80284452809643e-06,1.80284452809643e-06,1.80284452809643e-06,1.80284452809643e-06,1.80284452809643e-06,1.80284452809643e-06,1.80284452809643e-06,1.80284452809643e-06,1.80284452809643e-06,1.80284452809643e-06,1.80284452809643e-06,1.80284452809643e-06,1.80284452809643e-06,1.80284452809643e-06,1.80284452809643e-06,1.80284452809643e-06,1.80284452809643e-06
0.00102942422554306,0.0010113957802621,0.000975338889700169,0.000975338889700169,0.000903225108576312,0.00093928199913824,0.000722940655766669,0.000704912210485704,0.000777025991609562,0.000795054436890526,0.000957310444419205,0.000849139772733419,0.00081308288217149,0.00093928199913824,0.000795054436890526,0.000975338889700169,0.000758997546328597,0.000596741538799919,1.80284452809643e-06,1.80284452809643e-06,1.80284452809643e-06,1.80284452809643e-06,1.80284452809643e-06,1.80284452809643e-06,1.80284452809643e-06,1.80284452809643e-06,1.80284452809643e-06,1.80284452809643e-06,1.80284452809643e-06,1.80284452809643e-06,1.80284452809643e-06,1.80284452809643e-06,1.80284452809643e-06,1.80284452809643e-06,1.80284452809643e-06,1.80284452809643e-06,1.80284452809643e-06,1.80284452809643e-06,1.80284452809643e-06,1.80284452809643e-06
0.000831111327452455,0.000831111327452455,0.000885196663295347,0.000867168218014383,0.000921253553857276,0.000867168218014383,0.000957310444419205,0.000921253553857276,0.000722940655766669,0.00068688376520474,0.000957310444419205,0.000885196663295347,0.00093928199913824,0.000795054436890526,0.000740969101047633,0.00093928199913824,0.00093928199913824,0.000795054436890526,1.80284452809643e-06,1.80284452809643e-06,1.80284452809643e-06,1.80284452809643e-06,1.80284452809643e-06,1.80284452809643e-06,1.80284452809643e-06,1.80284452809643e-06,1.80284452809643e-06,1.80284452809643e-06,1.80284452809643e-06,1.80284452809643e-06,1.80284452809643e-06,1.80284452809643e-06,1.80284452809643e-06,1.80284452809643e-06,1.80284452809643e-06,1.80284452809643e-06,1.80284452809643e-06,1.80284452809643e-06,1.80284452809643e-06,1.80284452809643e-06
0.000885196663295347,0.000885196663295347,0.000921253553857276,0.000921253553857276,0.000921253553857276,0.000957310444419205,0.00093928199913824,0.0010113957802621,0.00093928199913824,0.000903225108576312,0.000704912210485704,0.000867168218014383,0.000867168218014383,0.00093928199913824,0.000957310444419205,0.000957310444419205,0.00081308288217149,0.00068688376520474,5.58881803709893e-05,1.80284452809643e-06,1.80284452809643e-06,1.80284452809643e-06,1.80284452809643e-06,1.80284452809643e-06,1.80284452809643e-06,1.80284452809643e-06,1.80284452809643e-06,1.80284452809643e-06,1.80284452809643e-06,1.80284452809643e-06,1.80284452809643e-06,1.80284452809643e-06,1.80284452809643e-06,1.80284452809643e-06,1.80284452809643e-06,1.80284452809643e-06,1.80284452809643e-06,1.80284452809643e-06,1.80284452809643e-06,1.80284452809643e-06
0.00093928199913824,0.00093928199913824,0.000849139772733419,0.000903225108576312,0.000867168218014383,0.000831111327452455,0.000885196663295347,0.000831111327452455,0.00104745267082403,0.00108350956138595,0.00093928199913824,0.000867168218014383,0.000993367334981133,0.000975338889700169,0.000921253553857276,0.000831111327452455,0.000777025991609562,0.000578713093518954,5.58881803709893e-05,1.80284452809643e-06,1.80284452809643e-06,1.80284452809643e-06,1.80284452809643e-06,1.80284452809643e-06,1.80284452809643e-06,1.80284452809643e-06,1.80284452809643e-06,1.80284452809643e-06,1.80284452809643e-06,1.80284452809643e-06,1.80284452809643e-06,1.80284452809643e-06,1.80284452809643e-06,1.80284452809643e-06,1.80284452809643e-06,1.80284452809643e-06,1.80284452809643e-06,1.80284452809643e-06,1.80284452809643e-06,1.80284452809643e-06
0.000975338889700169,0.000975338889700169,0.0010113957802621,0.000993367334981133,0.000993367334981133,0.00102942422554306,0.000993367334981133,0.00108350956138595,0.000957310444419205,0.000993367334981133,0.00108350956138595,0.000975338889700169,0.000758997546328597,0.00093928199913824,0.00108350956138595,0.000903225108576312,0.000867168218014383,0.000795054436890526,9.19450709329179e-05,1.80284452809643e-06,1.80284452809643e-06,1.80284452809643e-06,1.80284452809643e-06,1.80284452809643e-06,1.80284452809643e-06,1.80284452809643e-06,1.80284452809643e-06,1.80284452809643e-06,1.80284452809643e-06,1.80284452809643e-06,1.80284452809643e-06,1.80284452809643e-06,1.80284452809643e-06,1.80284452809643e-06,1.80284452809643e-06,1.80284452809643e-06,1.80284452809643e-06,1.80284452809643e-06,1.80284452809643e-06,1.80284452809643e-06
0.00111956645194788,0.00113759489722885,0.00113759489722885,0.00111956645194788,0.00111956645194788,0.00104745267082403,0.00102942422554306,0.00093928199913824,0.000921253553857276,0.000849139772733419,0.000957310444419205,0.00110153800666692,0.00081308288217149,0.000867168218014383,0.000903225108576312,0.000777025991609562,0.000903225108576312,0.000470542421833168,0.000109973516213882,1.80284452809643e-06,1.80284452809643e-06,1.80284452809643e-06,1.80284452809643e-06,1.80284452809643e-06,1.80284452809643e-06,1.80284452809643e-06,1.80284452809643e-06,1.80284452809643e-06,1.80284452809643e-06,1.80284452809643e-06,1.80284452809643e-06,1.80284452809643e-06,1.80284452809643e-06,1.80284452809643e-06,1.80284452809643e-06,1.80284452809643e-06,1.80284452809643e-06,1.80284452809643e-06,1.80284452809643e-06,1.80284452809643e-06
0.000903225108576312,0.000867168218014383,0.000903225108576312,0.000921253553857276,0.000957310444419205,0.000993367334981133,0.0010113957802621,0.000975338889700169,0.000975338889700169,0.00093928199913824,0.000831111327452455,0.000777025991609562,0.000849139772733419,0.000831111327452455,0.000831111327452455,0.000885196663295347,0.000849139772733419,0.000632798429361847,0.000109973516213882,1.80284452809643e-06,1.80284452809643e-06,1.80284452809643e-06,1.80284452809643e-06,1.80284452809643e-06,1.80284452809643e-06,1.80284452809643e-06,1.80284452809643e-06,1.80284452809643e-06,1.80284452809643e-06,1.80284452809643e-06,1.80284452809643e-06,1.80284452809643e-06,1.80284452809643e-06,1.80284452809643e-06,1.80284452809643e-06,1.80284452809643e-06,1.80284452809643e-06,1.80284452809643e-06,1.80284452809643e-06,1.80284452809643e-06
0.00106548111610499,0.00108350956138595,0.00108350956138595,0.00108350956138595,0.00106548111610499,0.00104745267082403,0.00102942422554306,0.00102942422554306,0.00108350956138595,0.00110153800666692,0.00104745267082403,0.000885196663295347,0.000831111327452455,0.000957310444419205,0.000903225108576312,0.00106548111610499,0.00111956645194788,0.00093928199913824,0.000200115742618704,1.80284452809643e-06,1.80284452809643e-06,1.80284452809643e-06,1.80284452809643e-06,1.80284452809643e-06,1.80284452809643e-06,1.80284452809643e-06,1.80284452809643e-06,1.80284452809643e-06,1.80284452809643e-06,1.80284452809643e-06,1.80284452809643e-06,1.80284452809643e-06,1.80284452809643e-06,1.80284452809643e-06,1.80284452809643e-06,1.80284452809643e-06,1.80284452809643e-06,1.80284452809643e-06,1.80284452809643e-06,1.80284452809643e-06
0.00081308288217149,0.00081308288217149,0.00081308288217149,0.000777025991609562,0.000758997546328597,0.000777025991609562,0.000831111327452455,0.000921253553857276,0.000921253553857276,0.000903225108576312,0.00111956645194788,0.00106548111610499,0.00106548111610499,0.00081308288217149,0.000722940655766669,0.000867168218014383,0.00108350956138595,0.000740969101047633,0.000290257969023525,1.80284452809643e-06,1.80284452809643e-06,1.80284452809643e-06,1.80284452809643e-06,1.80284452809643e-06,1.80284452809643e-06,1.80284452809643e-06,1.80284452809643e-06,1.80284452809643e-06,1.80284452809643e-06,1.80284452809643e-06,1.80284452809643e-06,1.80284452809643e-06,1.80284452809643e-06,1.80284452809643e-06,1.80284452809643e-06,1.80284452809643e-06,1.80284452809643e-06,1.80284452809643e-06,1.80284452809643e-06,1.80284452809643e-06
0.00093928199913824,0.000903225108576312,0.000849139772733419,0.000831111327452455,0.000885196663295347,0.000921253553857276,0.000885196663295347,0.00093928199913824,0.000921253553857276,0.000795054436890526,0.000740969101047633,0.000849139772733419,0.000957310444419205,0.000921253553857276,0.00093928199913824,0.000777025991609562,0.000831111327452455,0.000758997546328597,0.000182087297337739,1.80284452809643e-06,1.80284452809643e-06,1.80284452809643e-06,1.80284452809643e-06,1.80284452809643e-06,1.80284452809643e-06,1.80284452809643e-06,1.80284452809643e-06,1.80284452809643e-06,1.80284452809643e-06,1.80284452809643e-06,1.80284452809643e-06,1.80284452809643e-06,1.80284452809643e-06,1.80284452809643e-06,1.80284452809643e-06,1.80284452809643e-06,1.80284452809643e-06,1.80284452809643e-06,1.80284452809643e-06,1.80284452809643e-06
0.000885196663295347,0.000921253553857276,0.00093928199913824,0.000975338889700169,0.000903225108576312,0.000903225108576312,0.000975338889700169,0.000921253553857276,0.00102942422554306,0.00117365178779078,0.000993367334981133,0.00108350956138595,0.00106548111610499,0.000993367334981133,0.000740969101047633,0.00104745267082403,0.000777025991609562,0.000795054436890526,0.00043448553127124,1.80284452809643e-06,1.80284452809643e-06,1.80284452809643e-06,1.80284452809643e-06,1.80284452809643e-06,1.80284452809643e-06,1.80284452809643e-06,1.80284452809643e-06,1.80284452809643e-06,1.80284452809643e-06,1.80284452809643e-06,1.80284452809643e-06,1.80284452809643e-06,1.80284452809643e-06,1.80284452809643e-06,1.80284452809643e-06,1.80284452809643e-06,1.80284452809643e-06,1.80284452809643e-06,1.80284452809643e-06,1.80284452809643e-06
0.000903225108576312,0.000867168218014383,0.000867168218014383,0.000903225108576312,0.00093928199913824,0.00093928199913824,0.000885196663295347,0.000903225108576312,0.000795054436890526,0.000867168218014383,0.000975338889700169,0.000903225108576312,0.00093928199913824,0.00119168023307174,0.00108350956138595,0.00093928199913824,0.00093928199913824,0.000957310444419205,0.000524627757676061,1.80284452809643e-06,1.80284452809643e-06,1.80284452809643e-06,1.80284452809643e-06,1.80284452809643e-06,1.80284452809643e-06,1.80284452809643e-06,1.80284452809643e-06,1.80284452809643e-06,1.80284452809643e-06,1.80284452809643e-06,1.80284452809643e-06,1.80284452809643e-06,1.80284452809643e-06,1.80284452809643e-06,1.80284452809643e-06,1.80284452809643e-06,1.80284452809643e-06,1.80284452809643e-06,1.80284452809643e-06,1.80284452809643e-06
0.0010113957802621,0.00104745267082403,0.00106548111610499,0.00102942422554306,0.00093928199913824,0.000849139772733419,0.000885196663295347,0.000903225108576312,0.000993367334981133,0.0010113957802621,0.00110153800666692,0.00113759489722885,0.00110153800666692,0.000921253553857276,0.000849139772733419,0.000740969101047633,0.00106548111610499,0.00106548111610499,0.000524627757676061,1.80284452809643e-06,1.80284452809643e-06,1.80284452809643e-06,1.80284452809643e-06,1.80284452809643e-06,1.80284452809643e-06,1.80284452809643e-06,1.80284452809643e-06,1.80284452809643e-06,1.80284452809643e-06,1.80284452809643e-06,1.80284452809643e-06,1.80284452809643e-06,1.80284452809643e-06,1.80284452809643e-06,1.80284452809643e-06,1.80284452809643e-06,1.80284452809643e-06,1.80284452809643e-06,1.80284452809643e-06,1.80284452809643e-06
0.00117365178779078,0.00117365178779078,0.00117365178779078,0.00117365178779078,0.00124576556891463,0.00131787935003849,0.0012097086783527,0.00115562334250981,0.0010113957802621,0.000777025991609562,0.000885196663295347,0.0010113957802621,0.0010113957802621,0.000921253553857276,0.00113759489722885,0.000668855319923776,0.000957310444419205,0.000885196663295347,0.000542656202957026,1.80284452809643e-06,1.80284452809643e-06,1.80284452809643e-06,1.80284452809643e-06,1.80284452809643e-06,1.80284452809643e-06,1.80284452809643e-06,1.80284452809643e-06,1.80284452809643e-06,1.80284452809643e-06,1.80284452809643e-06,1.80284452809643e-06,1.80284452809643e-06,1.80284452809643e-06,1.80284452809643e-06,1.80284452809643e-06,1.80284452809643e-06,1.80284452809643e-06,1.80284452809643e-06,1.80284452809643e-06,1.80284452809643e-06
0.000975338889700169,0.000993367334981133,0.000993367334981133,0.00102942422554306,0.00104745267082403,0.00104745267082403,0.00111956645194788,0.00106548111610499,0.00113759489722885,0.00113759489722885,0.000885196663295347,0.000921253553857276,0.00081308288217149,0.00106548111610499,0.0010113957802621,0.00124576556891463,0.000885196663295347,0.000795054436890526,0.00068688376520474,1.80284452809643e-06,1.80284452809643e-06,1.80284452809643e-06,1.80284452809643e-06,1.80284452809643e-06,1.80284452809643e-06,1.80284452809643e-06,1.80284452809643e-06,1.80284452809643e-06,1.80284452809643e-06,1.80284452809643e-06,1.80284452809643e-06,1.80284452809643e-06,1.80284452809643e-06,1.80284452809643e-06,1.80284452809643e-06,1.80284452809643e-06,1.80284452809643e-06,1.80284452809643e-06,1.80284452809643e-06,1.80284452809643e-06
0.000957310444419205,0.000957310444419205,0.00093928199913824,0.000903225108576312,0.000903225108576312,0.00093928199913824,0.000903225108576312,0.000975338889700169,0.000903225108576312,0.00106548111610499,0.00110153800666692,0.0010113957802621,0.00129985090475753,0.00093928199913824,0.00110153800666692,0.000957310444419205,0.000921253553857276,0.00110153800666692,0.000650826874642811,1.80284452809643e-06,1.80284452809643e-06,1.80284452809643e-06,1.80284452809643e-06,1.80284452809643e-06,1.80284452809643e-06,1.80284452809643e-06,1.80284452809643e-06,1.80284452809643e-06,1.80284452809643e-06,1.80284452809643e-06,1.80284452809643e-06,1.80284452809643e-06,1.80284452809643e-06,1.80284452809643e-06,1.80284452809643e-06,1.80284452809643e-06,1.80284452809643e-06,1.80284452809643e-06,1.80284452809643e-06,1.80284452809643e-06
0.00093928199913824,0.000921253553857276,0.00093928199913824,0.000975338889700169,0.000993367334981133,0.000885196663295347,0.000993367334981133,0.00111956645194788,0.0012637940141956,0.00117365178779078,0.00124576556891463,0.00106548111610499,0.000975338889700169,0.000867168218014383,0.000885196663295347,0.00106548111610499,0.0010113957802621,0.000831111327452455,0.000596741538799919,1.80284452809643e-06,1.80284452809643e-06,1.80284452809643e-06,1.80284452809643e-06,1.80284452809643e-06,1.80284452809643e-06,1.80284452809643e-06,1.80284452809643e-06,1.80284452809643e-06,1.80284452809643e-06,1.80284452809643e-06,1.80284452809643e-06,1.80284452809643e-06,1.80284452809643e-06,1.80284452809643e-06,1.80284452809643e-06,1.80284452809643e-06,1.80284452809643e-06,1.80284452809643e-06,1.80284452809643e-06,1.80284452809643e-06
0.00108350956138595,0.00110153800666692,0.00104745267082403,0.00106548111610499,0.00102942422554306,0.00113759489722885,0.00102942422554306,0.00081308288217149,0.000849139772733419,0.000849139772733419,0.000777025991609562,0.00104745267082403,0.000975338889700169,0.00108350956138595,0.00108350956138595,0.00111956645194788,0.000903225108576312,0.000903225108576312,0.000614769984080883,1.98312898090607e-05,1.80284452809643e-06,1.80284452809643e-06,1.80284452809643e-06,1.80284452809643e-06,1.80284452809643e-06,1.80284452809643e-06,1.80284452809643e-06,1.80284452809643e-06,1.80284452809643e-06,1.80284452809643e-06,1.80284452809643e-06,1.80284452809643e-06,1.80284452809643e-06,1.80284452809643e-06,1.80284452809643e-06,1.80284452809643e-06,1.80284452809643e-06,1.80284452809643e-06,1.80284452809643e-06,1.80284452809643e-06
0.00081308288217149,0.00081308288217149,0.00081308288217149,0.000795054436890526,0.000867168218014383,0.000849139772733419,0.000849139772733419,0.000975338889700169,0.000957310444419205,0.000975338889700169,0.00106548111610499,0.00104745267082403,0.00131787935003849,0.00113759489722885,0.0010113957802621,0.000957310444419205,0.000831111327452455,0.00131787935003849,0.000957310444419205,1.80284452809643e-06,1.80284452809643e-06,1.80284452809643e-06,1.80284452809643e-06,1.80284452809643e-06,1.80284452809643e-06,1.80284452809643e-06,1.80284452809643e-06,1.80284452809643e-06,1.80284452809643e-06,1.80284452809643e-06,1.80284452809643e-06,1.80284452809643e-06,1.80284452809643e-06,1.80284452809643e-06,1.80284452809643e-06,1.80284452809643e-06,1.80284452809643e-06,1.80284452809643e-06,1.80284452809643e-06,1.80284452809643e-06
0.000993367334981133,0.000975338889700169,0.00104745267082403,0.000975338889700169,0.00093928199913824,0.00093928199913824,0.000957310444419205,0.000921253553857276,0.000849139772733419,0.000885196663295347,0.000957310444419205,0.0010113957802621,0.000885196663295347,0.00110153800666692,0.000957310444419205,0.000758997546328597,0.000921253553857276,0.00110153800666692,0.000831111327452455,7.39166256519536e-05,1.80284452809643e-06,1.80284452809643e-06,1.80284452809643e-06,1.80284452809643e-06,1.80284452809643e-06,1.80284452809643e-06,1.80284452809643e-06,1.80284452809643e-06,1.80284452809643e-06,1.80284452809643e-06,1.80284452809643e-06,1.80284452809643e-06,1.80284452809643e-06,1.80284452809643e-06,1.80284452809643e-06,1.80284452809643e-06,1.80284452809643e-06,1.80284452809643e-06,1.80284452809643e-06,1.80284452809643e-06
0.000993367334981133,0.000993367334981133,0.00093928199913824,0.000975338889700169,0.0010113957802621,0.00104745267082403,0.00102942422554306,0.00102942422554306,0.000993367334981133,0.000867168218014383,0.000758997546328597,0.000758997546328597,0.000993367334981133,0.00117365178779078,0.000975338889700169,0.00129985090475753,0.00113759489722885,0.00108350956138595,0.000632798429361847,7.39166256519536e-05,1.80284452809643e-06,1.80284452809643e-06,1.80284452809643e-06,1.80284452809643e-06,1.80284452809643e-06,1.80284452809643e-06,1.80284452809643e-06,1.80284452809643e-06,1.80284452809643e-06,1.80284452809643e-06,1.80284452809643e-06,1.80284452809643e-06,1.80284452809643e-06,1.80284452809643e-06,1.80284452809643e-06,1.80284452809643e-06,1.80284452809643e-06,1.80284452809643e-06,1.80284452809643e-06,1.80284452809643e-06
0.00093928199913824,0.00093928199913824,0.000957310444419205,0.000993367334981133,0.000885196663295347,0.000867168218014383,0.000975338889700169,0.000921253553857276,0.000957310444419205,0.00110153800666692,0.000993367334981133,0.000758997546328597,0.000831111327452455,0.00102942422554306,0.00110153800666692,0.00106548111610499,0.0012637940141956,0.00081308288217149,0.000831111327452455,9.19450709329179e-05,1.80284452809643e-06,1.80284452809643e-06,1.80284452809643e-06,1.80284452809643e-06,1.80284452809643e-06,1.80284452809643e-06,1.80284452809643e-06,1.80284452809643e-06,1.80284452809643e-06,1.80284452809643e-06,1.80284452809643e-06,1.80284452809643e-06,1.80284452809643e-06,1.80284452809643e-06,1.80284452809643e-06,1.80284452809643e-06,1.80284452809643e-06,1.80284452809643e-06,1.80284452809643e-06,1.80284452809643e-06
0.00108350956138595,0.00110153800666692,0.00113759489722885,0.00104745267082403,0.00113759489722885,0.00106548111610499,0.000975338889700169,0.000957310444419205,0.000975338889700169,0.00081308288217149,0.000921253553857276,0.00110153800666692,0.00102942422554306,0.00119168023307174,0.00115562334250981,0.000921253553857276,0.000993367334981133,0.000777025991609562,0.000957310444419205,9.19450709329179e-05,1.80284452809643e-06,1.80284452809643e-06,1.80284452809643e-06,1.80284452809643e-06,1.80284452809643e-06,1.80284452809643e-06,1.80284452809643e-06,1.80284452809643e-06,1.80284452809643e-06,1.80284452809643e-06,1.80284452809643e-06,1.80284452809643e-06,1.80284452809643e-06,1.80284452809643e-06,1.80284452809643e-06,1.80284452809643e-06,1.80284452809643e-06,1.80284452809643e-06,1.80284452809643e-06,1.80284452809643e-06
0.000903225108576312,0.000903225108576312,0.000885196663295347,0.000921253553857276,0.00093928199913824,0.0010113957802621,0.0010113957802621,0.00110153800666692,0.000903225108576312,0.00110153800666692,0.000975338889700169,0.000921253553857276,0.00081308288217149,0.00108350956138595,0.00128182245947656,0.00137196468588138,0.00102942422554306,0.000885196663295347,0.000921253553857276,0.000200115742618704,1.80284452809643e-06,1.80284452809643e-06,1.80284452809643e-06,1.80284452809643e-06,1.80284452809643e-06,1.80284452809643e-06,1.80284452809643e-06,1.80284452809643e-06,1.80284452809643e-06,1.80284452809643e-06,1.80284452809643e-06,1.80284452809643e-06,1.80284452809643e-06,1.80284452809643e-06,1.80284452809643e-06,1.80284452809643e-06,1.80284452809643e-06,1.80284452809643e-06,1.80284452809643e-06,1.80284452809643e-06
0.00122773712363367,0.0012097086783527,0.00119168023307174,0.00119168023307174,0.00111956645194788,0.00113759489722885,0.00113759489722885,0.00111956645194788,0.00119168023307174,0.000975338889700169,0.00104745267082403,0.00102942422554306,0.00102942422554306,0.000542656202957026,0.0012637940141956,0.000975338889700169,0.0010113957802621,0.000885196663295347,0.000795054436890526,0.000146030406775811,1.80284452809643e-06,1.80284452809643e-06,1.80284452809643e-06,1.80284452809643e-06,1.80284452809643e-06,1.80284452809643e-06,1.80284452809643e-06,1.80284452809643e-06,1.80284452809643e-06,1.80284452809643e-06,1.80284452809643e-06,1.80284452809643e-06,1.80284452809643e-06,1.80284452809643e-06,1.80284452809643e-06,1.80284452809643e-06,1.80284452809643e-06,1.80284452809643e-06,1.80284452809643e-06,1.80284452809643e-06
0.00124576556891463,0.0012637940141956,0.00122773712363367,0.0012637940141956,0.00124576556891463,0.00117365178779078,0.00110153800666692,0.000993367334981133,0.0010113957802621,0.00113759489722885,0.00102942422554306,0.000885196663295347,0.00093928199913824,0.00115562334250981,0.00106548111610499,0.00111956645194788,0.00110153800666692,0.000975338889700169,0.00108350956138595,0.00030828641430449,1.80284452809643e-06,1.80284452809643e-06,1.80284452809643e-06,1.80284452809643e-06,1.80284452809643e-06,1.80284452809643e-06,1.80284452809643e-06,1.80284452809643e-06,1.80284452809643e-06,1.80284452809643e-06,1.80284452809643e-06,1.80284452809643e-06,1.80284452809643e-06,1.80284452809643e-06,1.80284452809643e-06,1.80284452809643e-06,1.80284452809643e-06,1.80284452809643e-06,1.80284452809643e-06,1.80284452809643e-06
0.000957310444419205,0.000957310444419205,0.000993367334981133,0.00102942422554306,0.00106548111610499,0.00104745267082403,0.00117365178779078,0.00115562334250981,0.00119168023307174,0.00111956645194788,0.00110153800666692,0.00113759489722885,0.0010113957802621,0.00106548111610499,0.00108350956138595,0.000993367334981133,0.0010113957802621,0.000957310444419205,0.000885196663295347,0.000326314859585454,1.80284452809643e-06,1.80284452809643e-06,1.80284452809643e-06,1.80284452809643e-06,1.80284452809643e-06,1.80284452809643e-06,1.80284452809643e-06,1.80284452809643e-06,1.80284452809643e-06,1.80284452809643e-06,1.80284452809643e-06,1.80284452809643e-06,1.80284452809643e-06,1.80284452809643e-06,1.80284452809643e-06,1.80284452809643e-06,1.80284452809643e-06,1.80284452809643e-06,1.80284452809643e-06,1.80284452809643e-06
0.000993367334981133,0.000975338889700169,0.000993367334981133,0.000921253553857276,0.000885196663295347,0.000957310444419205,0.000993367334981133,0.00108350956138595,0.00110153800666692,0.0012097086783527,0.0012637940141956,0.00122773712363367,0.00104745267082403,0.00093928199913824,0.000831111327452455,0.00140802157644331,0.00108350956138595,0.000921253553857276,0.00124576556891463,0.000614769984080883,1.80284452809643e-06,1.80284452809643e-06,1.80284452809643e-06,1.80284452809643e-06,1.80284452809643e-06,1.80284452809643e-06,1.80284452809643e-06,1.80284452809643e-06,1.80284452809643e-06,1.80284452809643e-06,1.80284452809643e-06,1.80284452809643e-06,1.80284452809643e-06,1.80284452809643e-06,1.80284452809643e-06,1.80284452809643e-06,1.80284452809643e-06,1.80284452809643e-06,1.80284452809643e-06,1.80284452809643e-06
0.00106548111610499,0.00108350956138595,0.00108350956138595,0.00108350956138595,0.00111956645194788,0.00104745267082403,0.0010113957802621,0.000993367334981133,0.000975338889700169,0.0010113957802621,0.00102942422554306,0.00113759489722885,0.00110153800666692,0.00106548111610499,0.000849139772733419,0.00104745267082403,0.00119168023307174,0.00119168023307174,0.00119168023307174,0.00056068464823799,1.80284452809643e-06,1.80284452809643e-06,1.80284452809643e-06,1.80284452809643e-06,1.80284452809643e-06,1.80284452809643e-06,1.80284452809643e-06,1.80284452809643e-06,1.80284452809643e-06,1.80284452809643e-06,1.80284452809643e-06,1.80284452809643e-06,1.80284452809643e-06,1.80284452809643e-06,1.80284452809643e-06,1.80284452809643e-06,1.80284452809643e-06,1.80284452809643e-06,1.80284452809643e-06,1.80284452809643e-06
0.0010113957802621,0.0010113957802621,0.000993367334981133,0.0010113957802621,0.00104745267082403,0.00110153800666692,0.00102942422554306,0.00106548111610499,0.00111956645194788,0.00108350956138595,0.00117365178779078,0.00119168023307174,0.00117365178779078,0.0010113957802621,0.000921253553857276,0.00115562334250981,0.00137196468588138,0.00106548111610499,0.00104745267082403,0.00056068464823799,1.80284452809643e-06,1.80284452809643e-06,1.80284452809643e-06,1.80284452809643e-06,1.80284452809643e-06,1.80284452809643e-06,1.80284452809643e-06,1.80284452809643e-06,1.80284452809643e-06,1.80284452809643e-06,1.80284452809643e-06,1.80284452809643e-06,1.80284452809643e-06,1.80284452809643e-06,1.80284452809643e-06,1.80284452809643e-06,1.80284452809643e-06,1.80284452809643e-06,1.80284452809643e-06,1.80284452809643e-06
0.000957310444419205,0.00093928199913824,0.00093928199913824,0.000957310444419205,0.000957310444419205,0.000975338889700169,0.0010113957802621,0.0010113957802621,0.00108350956138595,0.000903225108576312,0.00104745267082403,0.00115562334250981,0.00113759489722885,0.00108350956138595,0.00135393624060042,0.00104745267082403,0.00131787935003849,0.00117365178779078,0.00106548111610499,0.00068688376520474,1.80284452809643e-06,1.80284452809643e-06,1.80284452809643e-06,1.80284452809643e-06,1.80284452809643e-06,1.80284452809643e-06,1.80284452809643e-06,1.80284452809643e-06,1.80284452809643e-06,1.80284452809643e-06,1.80284452809643e-06,1.80284452809643e-06,1.80284452809643e-06,1.80284452809643e-06,1.80284452809643e-06,1.80284452809643e-06,1.80284452809643e-06,1.80284452809643e-06,1.80284452809643e-06,1.80284452809643e-06
0.00122773712363367,0.00124576556891463,0.0012097086783527,0.00119168023307174,0.00110153800666692,0.00108350956138595,0.000993367334981133,0.000993367334981133,0.000885196663295347,0.00111956645194788,0.00108350956138595,0.00111956645194788,0.00135393624060042,0.00137196468588138,0.000957310444419205,0.00104745267082403,0.00124576556891463,0.00108350956138595,0.000885196663295347,0.000704912210485704,1.80284452809643e-06,1.80284452809643e-06,1.80284452809643e-06,1.80284452809643e-06,1.80284452809643e-06,1.80284452809643e-06,1.80284452809643e-06,1.80284452809643e-06,1.80284452809643e-06,1.80284452809643e-06,1.80284452809643e-06,1.80284452809643e-06,1.80284452809643e-06,1.80284452809643e-06,1.80284452809643e-06,1.80284452809643e-06,1.80284452809643e-06,1.80284452809643e-06,1.80284452809643e-06,1.80284452809643e-06
0.00124576556891463,0.00119168023307174,0.00119168023307174,0.00115562334250981,0.0012097086783527,0.00119168023307174,0.00133590779531945,0.00122773712363367,0.0012097086783527,0.000993367334981133,0.000903225108576312,0.00108350956138595,0.000957310444419205,0.00119168023307174,0.000795054436890526,0.00102942422554306,0.00111956645194788,0.0012097086783527,0.00108350956138595,0.00068688376520474,5.58881803709893e-05,1.80284452809643e-06,1.80284452809643e-06,1.80284452809643e-06,1.80284452809643e-06,1.80284452809643e-06,1.80284452809643e-06,1.80284452809643e-06,1.80284452809643e-06,1.80284452809643e-06,1.80284452809643e-06,1.80284452809643e-06,1.80284452809643e-06,1.80284452809643e-06,1.80284452809643e-06,1.80284452809643e-06,1.80284452809643e-06,1.80284452809643e-06,1.80284452809643e-06,1.80284452809643e-06
0.00106548111610499,0.00108350956138595,0.00111956645194788,0.00115562334250981,0.00115562334250981,0.00115562334250981,0.00106548111610499,0.00115562334250981,0.00115562334250981,0.00117365178779078,0.00119168023307174,0.000867168218014383,0.0012097086783527,0.00108350956138595,0.00135393624060042,0.00093928199913824,0.000957310444419205,0.00119168023307174,0.0012637940141956,0.000470542421833168,1.80284452809643e-06,1.80284452809643e-06,1.80284452809643e-06,1.80284452809643e-06,1.80284452809643e-06,1.80284452809643e-06,1.80284452809643e-06,1.80284452809643e-06,1.80284452809643e-06,1.80284452809643e-06,1.80284452809643e-06,1.80284452809643e-06,1.80284452809643e-06,1.80284452809643e-06,1.80284452809643e-06,1.80284452809643e-06,1.80284452809643e-06,1.80284452809643e-06,1.80284452809643e-06,1.80284452809643e-06
0.00128182245947656,0.00131787935003849,0.00128182245947656,0.00128182245947656,0.0012637940141956,0.00129985090475753,0.0012637940141956,0.00117365178779078,0.00133590779531945,0.00124576556891463,0.00108350956138595,0.00113759489722885,0.00111956645194788,0.0012097086783527,0.00131787935003849,0.00113759489722885,0.00113759489722885,0.00135393624060042,0.00106548111610499,0.000758997546328597,1.80284452809643e-06,1.80284452809643e-06,1.80284452809643e-06,1.80284452809643e-06,1.80284452809643e-06,1.80284452809643e-06,1.80284452809643e-06,1.80284452809643e-06,1.80284452809643e-06,1.80284452809643e-06,1.80284452809643e-06,1.80284452809643e-06,1.80284452809643e-06,1.80284452809643e-06,1.80284452809643e-06,1.80284452809643e-06,1.80284452809643e-06,1.80284452809643e-06,1.80284452809643e-06,1.80284452809643e-06
0.0012097086783527,0.00119168023307174,0.00122773712363367,0.0012097086783527,0.00122773712363367,0.0012097086783527,0.00128182245947656,0.00133590779531945,0.00124576556891463,0.00129985090475753,0.00138999313116235,0.00102942422554306,0.000885196663295347,0.00110153800666692,0.00122773712363367,0.000777025991609562,0.00115562334250981,0.00144407846700524,0.00146210691228621,0.00106548111610499,1.80284452809643e-06,1.80284452809643e-06,1.80284452809643e-06,1.80284452809643e-06,1.80284452809643e-06,1.80284452809643e-06,1.80284452809643e-06,1.80284452809643e-06,1.80284452809643e-06,1.80284452809643e-06,1.80284452809643e-06,1.80284452809643e-06,1.80284452809643e-06,1.80284452809643e-06,1.80284452809643e-06,1.80284452809643e-06,1.80284452809643e-06,1.80284452809643e-06,1.80284452809643e-06,1.80284452809643e-06
0.00111956645194788,0.00111956645194788,0.00111956645194788,0.00115562334250981,0.00119168023307174,0.00117365178779078,0.0012097086783527,0.00133590779531945,0.0012637940141956,0.00122773712363367,0.0012637940141956,0.00137196468588138,0.00110153800666692,0.000921253553857276,0.00108350956138595,0.00119168023307174,0.000921253553857276,0.00122773712363367,0.000921253553857276,0.0012637940141956,3.7859735090025e-05,1.80284452809643e-06,1.80284452809643e-06,1.80284452809643e-06,1.80284452809643e-06,1.80284452809643e-06,1.80284452809643e-06,1.80284452809643e-06,1.80284452809643e-06,1.80284452809643e-06,1.80284452809643e-06,1.80284452809643e-06,1.80284452809643e-06,1.80284452809643e-06,1.80284452809643e-06,1.80284452809643e-06,1.80284452809643e-06,1.80284452809643e-06,1.80284452809643e-06,1.80284452809643e-06
0.000957310444419205,0.000975338889700169,0.000993367334981133,0.000993367334981133,0.000975338889700169,0.000975338889700169,0.000885196663295347,0.000885196663295347,0.00102942422554306,0.00115562334250981,0.00111956645194788,0.00128182245947656,0.0015161922481291,0.0010113957802621,0.00135393624060042,0.0012637940141956,0.0012637940141956,0.00122773712363367,0.00106548111610499,0.00102942422554306,7.39166256519536e-05,1.80284452809643e-06,1.80284452809643e-06,1.80284452809643e-06,1.80284452809643e-06,1.80284452809643e-06,1.80284452809643e-06,1.80284452809643e-06,1.80284452809643e-06,1.80284452809643e-06,1.80284452809643e-06,1.80284452809643e-06,1.80284452809643e-06,1.80284452809643e-06,1.80284452809643e-06,1.80284452809643e-06,1.80284452809643e-06,1.80284452809643e-06,1.80284452809643e-06,1.80284452809643e-06
0.00129985090475753,0.00128182245947656,0.00128182245947656,0.0012097086783527,0.0012097086783527,0.0012637940141956,0.00129985090475753,0.00110153800666692,0.00111956645194788,0.00108350956138595,0.00111956645194788,0.00115562334250981,0.00106548111610499,0.00135393624060042,0.00108350956138595,0.0012097086783527,0.00131787935003849,0.00144407846700524,0.00122773712363367,0.00106548111610499,9.19450709329179e-05,1.80284452809643e-06,1.80284452809643e-06,1.80284452809643e-06,1.80284452809643e-06,1.80284452809643e-06,1.80284452809643e-06,1.80284452809643e-06,1.80284452809643e-06,1.80284452809643e-06,1.80284452809643e-06,1.80284452809643e-06,1.80284452809643e-06,1.80284452809643e-06,1.80284452809643e-06,1.80284452809643e-06,1.80284452809643e-06,1.80284452809643e-06,1.80284452809643e-06,1.80284452809643e-06
0.00140802157644331,0.00142605002172428,0.00140802157644331,0.00144407846700524,0.00138999313116235,0.00133590779531945,0.00135393624060042,0.00144407846700524,0.00137196468588138,0.00137196468588138,0.0012637940141956,0.0012637940141956,0.00115562334250981,0.00117365178779078,0.00106548111610499,0.00140802157644331,0.00117365178779078,0.00119168023307174,0.00124576556891463,0.0010113957802621,9.19450709329179e-05,1.80284452809643e-06,1.80284452809643e-06,1.80284452809643e-06,1.80284452809643e-06,1.80284452809643e-06,1.80284452809643e-06,1.80284452809643e-06,1.80284452809643e-06,1.80284452809643e-06,1.80284452809643e-06,1.80284452809643e-06,1.80284452809643e-06,1.80284452809643e-06,1.80284452809643e-06,1.80284452809643e-06,1.80284452809643e-06,1.80284452809643e-06,1.80284452809643e-06,1.80284452809643e-06
0.00158830602925296,0.00157027758397199,0.00157027758397199,0.00160633447453392,0.00167844825565778,0.00160633447453392,0.00155224913869103,0.00157027758397199,0.00144407846700524,0.00142605002172428,0.00128182245947656,0.00137196468588138,0.00122773712363367,0.00129985090475753,0.0012637940141956,0.00108350956138595,0.00110153800666692,0.00115562334250981,0.00117365178779078,0.00108350956138595,0.000109973516213882,1.80284452809643e-06,1.80284452809643e-06,1.80284452809643e-06,1.80284452809643e-06,1.80284452809643e-06,1.80284452809643e-06,1.80284452809643e-06,1.80284452809643e-06,1.80284452809643e-06,1.80284452809643e-06,1.80284452809643e-06,1.80284452809643e-06,1.80284452809643e-06,1.80284452809643e-06,1.80284452809643e-06,1.80284452809643e-06,1.80284452809643e-06,1.80284452809643e-06,1.80284452809643e-06
0.00124576556891463,0.0012097086783527,0.00124576556891463,0.00119168023307174,0.00117365178779078,0.00122773712363367,0.00128182245947656,0.00135393624060042,0.00148013535756717,0.00140802157644331,0.00149816380284813,0.00113759489722885,0.00137196468588138,0.00122773712363367,0.00144407846700524,0.00122773712363367,0.00110153800666692,0.00115562334250981,0.0012097086783527,0.00093928199913824,0.000164058852056775,1.80284452809643e-06,1.80284452809643e-06,1.80284452809643e-06,1.80284452809643e-06,1.80284452809643e-06,1.80284452809643e-06,1.80284452809643e-06,1.80284452809643e-06,1.80284452809643e-06,1.80284452809643e-06,1.80284452809643e-06,1.80284452809643e-06,1.80284452809643e-06,1.80284452809643e-06,1.80284452809643e-06,1.80284452809643e-06,1.80284452809643e-06,1.80284452809643e-06,1.80284452809643e-06
0.00115562334250981,0.00119168023307174,0.00119168023307174,0.0012637940141956,0.0012097086783527,0.00122773712363367,0.00117365178779078,0.00117365178779078,0.00111956645194788,0.00137196468588138,0.00149816380284813,0.00162436291981488,0.00129985090475753,0.00111956645194788,0.0012097086783527,0.00117365178779078,0.00122773712363367,0.000921253553857276,0.0012097086783527,0.00131787935003849,0.000182087297337739,1.80284452809643e-06,1.80284452809643e-06,1.80284452809643e-06,1.80284452809643e-06,1.80284452809643e-06,1.80284452809643e-06,1.80284452809643e-06,1.80284452809643e-06,1.80284452809643e-06,1.80284452809643e-06,1.80284452809643e-06,1.80284452809643e-06,1.80284452809643e-06,1.80284452809643e-06,1.80284452809643e-06,1.80284452809643e-06,1.80284452809643e-06,1.80284452809643e-06,1.80284452809643e-06
0.00140802157644331,0.00140802157644331,0.00138999313116235,0.00129985090475753,0.0012637940141956,0.0012097086783527,0.0012637940141956,0.00128182245947656,0.00119168023307174,0.00113759489722885,0.00129985090475753,0.00129985090475753,0.00138999313116235,0.00148013535756717,0.0012097086783527,0.0012637940141956,0.00117365178779078,0.00106548111610499,0.00131787935003849,0.0012637940141956,0.000272229523742561,1.80284452809643e-06,1.80284452809643e-06,1.80284452809643e-06,1.80284452809643e-06,1.80284452809643e-06,1.80284452809643e-06,1.80284452809643e-06,1.80284452809643e-06,1.80284452809643e-06,1.80284452809643e-06,1.80284452809643e-06,1.80284452809643e-06,1.80284452809643e-06,1.80284452809643e-06,1.80284452809643e-06,1.80284452809643e-06,1.80284452809643e-06,1.80284452809643e-06,1.80284452809643e-06
0.00131787935003849,0.00133590779531945,0.00129985090475753,0.00133590779531945,0.00140802157644331,0.00148013535756717,0.00146210691228621,0.00140802157644331,0.0015161922481291,0.00129985090475753,0.00106548111610499,0.00137196468588138,0.00138999313116235,0.00113759489722885,0.0012637940141956,0.00138999313116235,0.00117365178779078,0.00131787935003849,0.00131787935003849,0.00119168023307174,0.000290257969023525,1.80284452809643e-06,1.80284452809643e-06,1.80284452809643e-06,1.80284452809643e-06,1.80284452809643e-06,1.80284452809643e-06,1.80284452809643e-06,1.80284452809643e-06,1.80284452809643e-06,1.80284452809643e-06,1.80284452809643e-06,1.80284452809643e-06,1.80284452809643e-06,1.80284452809643e-06,1.80284452809643e-06,1.80284452809643e-06,1.80284452809643e-06,1.80284452809643e-06,1.80284452809643e-06
0.00128182245947656,0.00124576556891463,0.0012097086783527,0.00124576556891463,0.00124576556891463,0.00124576556891463,0.00129985090475753,0.00124576556891463,0.00128182245947656,0.00129985090475753,0.00137196468588138,0.00137196468588138,0.00153422069341006,0.00137196468588138,0.0012097086783527,0.00129985090475753,0.00129985090475753,0.000993367334981133,0.00142605002172428,0.0012637940141956,0.000470542421833168,1.80284452809643e-06,1.80284452809643e-06,1.80284452809643e-06,1.80284452809643e-06,1.80284452809643e-06,1.80284452809643e-06,1.80284452809643e-06,1.80284452809643e-06,1.80284452809643e-06,1.80284452809643e-06,1.80284452809643e-06,1.80284452809643e-06,1.80284452809643e-06,1.80284452809643e-06,1.80284452809643e-06,1.80284452809643e-06,1.80284452809643e-06,1.80284452809643e-06,1.80284452809643e-06
0.00140802157644331,0.00144407846700524,0.00146210691228621,0.00142605002172428,0.00137196468588138,0.00131787935003849,0.00122773712363367,0.0012097086783527,0.00135393624060042,0.00133590779531945,0.00133590779531945,0.00102942422554306,0.00129985090475753,0.00131787935003849,0.00111956645194788,0.0012097086783527,0.00115562334250981,0.00137196468588138,0.000957310444419205,0.00129985090475753,0.000416457085990275,1.80284452809643e-06,1.80284452809643e-06,1.80284452809643e-06,1.80284452809643e-06,1.80284452809643e-06,1.80284452809643e-06,1.80284452809643e-06,1.80284452809643e-06,1.80284452809643e-06,1.80284452809643e-06,1.80284452809643e-06,1.80284452809643e-06,1.80284452809643e-06,1.80284452809643e-06,1.80284452809643e-06,1.80284452809643e-06,1.80284452809643e-06,1.80284452809643e-06,1.80284452809643e-06
0.00133590779531945,0.00133590779531945,0.00135393624060042,0.00133590779531945,0.00142605002172428,0.00153422069341006,0.00158830602925296,0.0015161922481291,0.00137196468588138,0.00135393624060042,0.00138999313116235,0.00142605002172428,0.00137196468588138,0.00144407846700524,0.00138999313116235,0.00149816380284813,0.00138999313116235,0.00133590779531945,0.0015161922481291,0.00138999313116235,0.00068688376520474,1.80284452809643e-06,1.80284452809643e-06,1.80284452809643e-06,1.80284452809643e-06,1.80284452809643e-06,1.80284452809643e-06,1.80284452809643e-06,1.80284452809643e-06,1.80284452809643e-06,1.80284452809643e-06,1.80284452809643e-06,1.80284452809643e-06,1.80284452809643e-06,1.80284452809643e-06,1.80284452809643e-06,1.80284452809643e-06,1.80284452809643e-06,1.80284452809643e-06,1.80284452809643e-06
0.00122773712363367,0.0012097086783527,0.00122773712363367,0.00129985090475753,0.00131787935003849,0.00124576556891463,0.00124576556891463,0.00131787935003849,0.00128182245947656,0.00148013535756717,0.00137196468588138,0.00153422069341006,0.00149816380284813,0.00148013535756717,0.00138999313116235,0.00133590779531945,0.00128182245947656,0.0012097086783527,0.00135393624060042,0.00131787935003849,0.000614769984080883,1.80284452809643e-06,1.80284452809643e-06,1.80284452809643e-06,1.80284452809643e-06,1.80284452809643e-06,1.80284452809643e-06,1.80284452809643e-06,1.80284452809643e-06,1.80284452809643e-06,1.80284452809643e-06,1.80284452809643e-06,1.80284452809643e-06,1.80284452809643e-06,1.80284452809643e-06,1.80284452809643e-06,1.80284452809643e-06,1.80284452809643e-06,1.80284452809643e-06,1.80284452809643e-06
0.00128182245947656,0.00129985090475753,0.00133590779531945,0.00129985090475753,0.0012097086783527,0.0012637940141956,0.00131787935003849,0.00142605002172428,0.00142605002172428,0.00142605002172428,0.00129985090475753,0.00119168023307174,0.00140802157644331,0.00160633447453392,0.00162436291981488,0.00115562334250981,0.0015161922481291,0.00149816380284813,0.00117365178779078,0.00131787935003849,0.00102942422554306,1.80284452809643e-06,1.80284452809643e-06,1.80284452809643e-06,1.80284452809643e-06,1.80284452809643e-06,1.80284452809643e-06,1.80284452809643e-06,1.80284452809643e-06,1.80284452809643e-06,1.80284452809643e-06,1.80284452809643e-06,1.80284452809643e-06,1.80284452809643e-06,1.80284452809643e-06,1.80284452809643e-06,1.80284452809643e-06,1.80284452809643e-06,1.80284452809643e-06,1.80284452809643e-06
0.00135393624060042,0.00135393624060042,0.00128182245947656,0.00129985090475753,0.00128182245947656,0.0012097086783527,0.00119168023307174,0.00110153800666692,0.00124576556891463,0.0012637940141956,0.00144407846700524,0.00135393624060042,0.00111956645194788,0.00129985090475753,0.00135393624060042,0.00129985090475753,0.00119168023307174,0.00122773712363367,0.00115562334250981,0.00108350956138595,0.000831111327452455,1.80284452809643e-06,1.80284452809643e-06,1.80284452809643e-06,1.80284452809643e-06,1.80284452809643e-06,1.80284452809643e-06,1.80284452809643e-06,1.80284452809643e-06,1.80284452809643e-06,1.80284452809643e-06,1.80284452809643e-06,1.80284452809643e-06,1.80284452809643e-06,1.80284452809643e-06,1.80284452809643e-06,1.80284452809643e-06,1.80284452809643e-06,1.80284452809643e-06,1.80284452809643e-06
0.00157027758397199,0.00155224913869103,0.00158830602925296,0.00155224913869103,0.00157027758397199,0.00155224913869103,0.00155224913869103,0.0015161922481291,0.0012637940141956,0.00113759489722885,0.00111956645194788,0.00133590779531945,0.00138999313116235,0.00131787935003849,0.00137196468588138,0.00140802157644331,0.00135393624060042,0.00106548111610499,0.00128182245947656,0.00104745267082403,0.00113759489722885,1.80284452809643e-06,1.80284452809643e-06,1.80284452809643e-06,1.80284452809643e-06,1.80284452809643e-06,1.80284452809643e-06,1.80284452809643e-06,1.80284452809643e-06,1.80284452809643e-06,1.80284452809643e-06,1.80284452809643e-06,1.80284452809643e-06,1.80284452809643e-06,1.80284452809643e-06,1.80284452809643e-06,1.80284452809643e-06,1.80284452809643e-06,1.80284452809643e-06,1.80284452809643e-06
0.00162436291981488,0.00160633447453392,0.00158830602925296,0.00160633447453392,0.00166041981037681,0.00166041981037681,0.00158830602925296,0.00155224913869103,0.00146210691228621,0.0015161922481291,0.00138999313116235,0.00129985090475753,0.00122773712363367,0.0012637940141956,0.0015161922481291,0.00128182245947656,0.00146210691228621,0.00135393624060042,0.00122773712363367,0.00155224913869103,0.000921253553857276,1.80284452809643e-06,1.80284452809643e-06,1.80284452809643e-06,1.80284452809643e-06,1.80284452809643e-06,1.80284452809643e-06,1.80284452809643e-06,1.80284452809643e-06,1.80284452809643e-06,1.80284452809643e-06,1.80284452809643e-06,1.80284452809643e-06,1.80284452809643e-06,1.80284452809643e-06,1.80284452809643e-06,1.80284452809643e-06,1.80284452809643e-06,1.80284452809643e-06,1.80284452809643e-06
0.00146210691228621,0.00148013535756717,0.00153422069341006,0.00153422069341006,0.00148013535756717,0.0015161922481291,0.00149816380284813,0.00164239136509585,0.0017685904820626,0.00162436291981488,0.00178661892734356,0.00158830602925296,0.00146210691228621,0.00135393624060042,0.00162436291981488,0.00137196468588138,0.00133590779531945,0.00149816380284813,0.0015161922481291,0.00124576556891463,0.00111956645194788,1.80284452809643e-06,1.80284452809643e-06,1.80284452809643e-06,1.80284452809643e-06,1.80284452809643e-06,1.80284452809643e-06,1.80284452809643e-06,1.80284452809643e-06,1.80284452809643e-06,1.80284452809643e-06,1.80284452809643e-06,1.80284452809643e-06,1.80284452809643e-06,1.80284452809643e-06,1.80284452809643e-06,1.80284452809643e-06,1.80284452809643e-06,1.80284452809643e-06,1.80284452809643e-06
0.00133590779531945,0.00133590779531945,0.00128182245947656,0.00129985090475753,0.00135393624060042,0.00140802157644331,0.00144407846700524,0.00137196468588138,0.00149816380284813,0.00160633447453392,0.00148013535756717,0.00166041981037681,0.00149816380284813,0.00142605002172428,0.00122773712363367,0.00160633447453392,0.0015161922481291,0.00113759489722885,0.00110153800666692,0.00153422069341006,0.00104745267082403,1.98312898090607e-05,1.80284452809643e-06,1.80284452809643e-06,1.80284452809643e-06,1.80284452809643e-06,1.80284452809643e-06,1.80284452809643e-06,1.80284452809643e-06,1.80284452809643e-06,1.80284452809643e-06,1.80284452809643e-06,1.80284452809643e-06,1.80284452809643e-06,1.80284452809643e-06,1.80284452809643e-06,1.80284452809643e-06,1.80284452809643e-06,1.80284452809643e-06,1.80284452809643e-06
0.00189478959902935,0.00189478959902935,0.00191281804431031,0.00189478959902935,0.00187676115374838,0.00175056203678163,0.00175056203678163,0.00166041981037681,0.00153422069341006,0.00162436291981488,0.00157027758397199,0.00137196468588138,0.00171450514621971,0.00155224913869103,0.00131787935003849,0.00135393624060042,0.00131787935003849,0.00135393624060042,0.00135393624060042,0.00153422069341006,0.00104745267082403,3.7859735090025e-05,1.80284452809643e-06,1.80284452809643e-06,1.80284452809643e-06,1.80284452809643e-06,1.80284452809643e-06,1.80284452809643e-06,1.80284452809643e-06,1.80284452809643e-06,1.80284452809643e-06,1.80284452809643e-06,1.80284452809643e-06,1.80284452809643e-06,1.80284452809643e-06,1.80284452809643e-06,1.80284452809643e-06,1.80284452809643e-06,1.80284452809643e-06,1.80284452809643e-06
0.00162436291981488,0.00160633447453392,0.00160633447453392,0.00162436291981488,0.00162436291981488,0.00164239136509585,0.00164239136509585,0.00160633447453392,0.00160633447453392,0.00142605002172428,0.00144407846700524,0.00158830602925296,0.00142605002172428,0.00160633447453392,0.00149816380284813,0.00133590779531945,0.00149816380284813,0.00153422069341006,0.00142605002172428,0.00153422069341006,0.00128182245947656,0.000109973516213882,1.80284452809643e-06,1.80284452809643e-06,1.80284452809643e-06,1.80284452809643e-06,1.80284452809643e-06,1.80284452809643e-06,1.80284452809643e-06,1.80284452809643e-06,1.80284452809643e-06,1.80284452809643e-06,1.80284452809643e-06,1.80284452809643e-06,1.80284452809643e-06,1.80284452809643e-06,1.80284452809643e-06,1.80284452809643e-06,1.80284452809643e-06,1.80284452809643e-06
0.00180464737262453,0.00182267581790549,0.00182267581790549,0.00184070426318646,0.00187676115374838,0.00187676115374838,0.00187676115374838,0.00191281804431031,0.0017685904820626,0.00175056203678163,0.00173253359150067,0.00157027758397199,0.00135393624060042,0.00149816380284813,0.00144407846700524,0.00173253359150067,0.00153422069341006,0.00148013535756717,0.00140802157644331,0.00140802157644331,0.00131787935003849,7.39166256519536e-05,1.80284452809643e-06,1.80284452809643e-06,1.80284452809643e-06,1.80284452809643e-06,1.80284452809643e-06,1.80284452809643e-06,1.80284452809643e-06,1.80284452809643e-06,1.80284452809643e-06,1.80284452809643e-06,1.80284452809643e-06,1.80284452809643e-06,1.80284452809643e-06,1.80284452809643e-06,1.80284452809643e-06,1.80284452809643e-06,1.80284452809643e-06,1.80284452809643e-06
0.0015161922481291,0.00149816380284813,0.0015161922481291,0.00149816380284813,0.00138999313116235,0.00140802157644331,0.00142605002172428,0.00153422069341006,0.00173253359150067,0.00171450514621971,0.00173253359150067,0.00173253359150067,0.00178661892734356,0.00140802157644331,0.00164239136509585,0.00148013535756717,0.00140802157644331,0.00175056203678163,0.00104745267082403,0.00124576556891463,0.00122773712363367,0.000109973516213882,1.80284452809643e-06,1.80284452809643e-06,1.80284452809643e-06,1.80284452809643e-06,1.80284452809643e-06,1.80284452809643e-06,1.80284452809643e-06,1.80284452809643e-06,1.80284452809643e-06,1.80284452809643e-06,1.80284452809643e-06,1.80284452809643e-06,1.80284452809643e-06,1.80284452809643e-06,1.80284452809643e-06,1.80284452809643e-06,1.80284452809643e-06,1.80284452809643e-06
0.00146210691228621,0.00148013535756717,0.00146210691228621,0.00138999313116235,0.00144407846700524,0.0015161922481291,0.0015161922481291,0.00148013535756717,0.00148013535756717,0.00162436291981488,0.00171450514621971,0.0017685904820626,0.00171450514621971,0.00149816380284813,0.00153422069341006,0.0017685904820626,0.00146210691228621,0.00148013535756717,0.00160633447453392,0.00113759489722885,0.00155224913869103,9.19450709329179e-05,1.80284452809643e-06,1.80284452809643e-06,1.80284452809643e-06,1.80284452809643e-06,1.80284452809643e-06,1.80284452809643e-06,1.80284452809643e-06,1.80284452809643e-06,1.80284452809643e-06,1.80284452809643e-06,1.80284452809643e-06,1.80284452809643e-06,1.80284452809643e-06,1.80284452809643e-06,1.80284452809643e-06,1.80284452809643e-06,1.80284452809643e-06,1.80284452809643e-06
0.00133590779531945,0.00129985090475753,0.00133590779531945,0.00137196468588138,0.00138999313116235,0.00137196468588138,0.00129985090475753,0.00129985090475753,0.00135393624060042,0.00138999313116235,0.00135393624060042,0.00144407846700524,0.00162436291981488,0.00166041981037681,0.0017685904820626,0.00144407846700524,0.00135393624060042,0.00153422069341006,0.00144407846700524,0.00166041981037681,0.00144407846700524,0.00043448553127124,1.80284452809643e-06,1.80284452809643e-06,1.80284452809643e-06,1.80284452809643e-06,1.80284452809643e-06,1.80284452809643e-06,1.80284452809643e-06,1.80284452809643e-06,1.80284452809643e-06,1.80284452809643e-06,1.80284452809643e-06,1.80284452809643e-06,1.80284452809643e-06,1.80284452809643e-06,1.80284452809643e-06,1.80284452809643e-06,1.80284452809643e-06,1.80284452809643e-06
0.00169647670093874,0.00171450514621971,0.00169647670093874,0.00171450514621971,0.00167844825565778,0.00162436291981488,0.00166041981037681,0.00160633447453392,0.00160633447453392,0.00155224913869103,0.00148013535756717,0.00155224913869103,0.0017685904820626,0.00175056203678163,0.00164239136509585,0.00158830602925296,0.00122773712363367,0.00157027758397199,0.00115562334250981,0.00140802157644331,0.00135393624060042,0.000272229523742561,1.80284452809643e-06,1.80284452809643e-06,1.80284452809643e-06,1.80284452809643e-06,1.80284452809643e-06,1.80284452809643e-06,1.80284452809643e-06,1.80284452809643e-06,1.80284452809643e-06,1.80284452809643e-06,1.80284452809643e-06,1.80284452809643e-06,1.80284452809643e-06,1.80284452809643e-06,1.80284452809643e-06,1.80284452809643e-06,1.80284452809643e-06,1.80284452809643e-06
0.00155224913869103,0.00157027758397199,0.00149816380284813,0.00149816380284813,0.00153422069341006,0.00167844825565778,0.00164239136509585,0.00173253359150067,0.00167844825565778,0.00167844825565778,0.00173253359150067,0.00153422069341006,0.00153422069341006,0.00184070426318646,0.00166041981037681,0.00148013535756717,0.00193084648959128,0.00142605002172428,0.00142605002172428,0.00160633447453392,0.00160633447453392,0.000416457085990275,1.80284452809643e-06,1.80284452809643e-06,1.80284452809643e-06,1.80284452809643e-06,1.80284452809643e-06,1.80284452809643e-06,1.80284452809643e-06,1.80284452809643e-06,1.80284452809643e-06,1.80284452809643e-06,1.80284452809643e-06,1.80284452809643e-06,1.80284452809643e-06,1.80284452809643e-06,1.80284452809643e-06,1.80284452809643e-06,1.80284452809643e-06,1.80284452809643e-06
0.00142605002172428,0.00140802157644331,0.00146210691228621,0.00148013535756717,0.00144407846700524,0.00138999313116235,0.00148013535756717,0.00146210691228621,0.00153422069341006,0.00149816380284813,0.00167844825565778,0.00184070426318646,0.00162436291981488,0.00169647670093874,0.00144407846700524,0.00162436291981488,0.00167844825565778,0.00144407846700524,0.00162436291981488,0.00137196468588138,0.00173253359150067,0.000506599312395097,1.80284452809643e-06,1.80284452809643e-06,1.80284452809643e-06,1.80284452809643e-06,1.80284452809643e-06,1.80284452809643e-06,1.80284452809643e-06,1.80284452809643e-06,1.80284452809643e-06,1.80284452809643e-06,1.80284452809643e-06,1.80284452809643e-06,1.80284452809643e-06,1.80284452809643e-06,1.80284452809643e-06,1.80284452809643e-06,1.80284452809643e-06,1.80284452809643e-06
0.00164239136509585,0.00166041981037681,0.00160633447453392,0.00160633447453392,0.00160633447453392,0.00157027758397199,0.0015161922481291,0.00160633447453392,0.00157027758397199,0.00166041981037681,0.00155224913869103,0.00157027758397199,0.00166041981037681,0.00171450514621971,0.00175056203678163,0.00158830602925296,0.00157027758397199,0.00153422069341006,0.00169647670093874,0.00131787935003849,0.00149816380284813,0.00056068464823799,1.80284452809643e-06,1.80284452809643e-06,1.80284452809643e-06,1.80284452809643e-06,1.80284452809643e-06,1.80284452809643e-06,1.80284452809643e-06,1.80284452809643e-06,1.80284452809643e-06,1.80284452809643e-06,1.80284452809643e-06,1.80284452809643e-06,1.80284452809643e-06,1.80284452809643e-06,1.80284452809643e-06,1.80284452809643e-06,1.80284452809643e-06,1.80284452809643e-06
0.0015161922481291,0.00153422069341006,0.00162436291981488,0.00162436291981488,0.00166041981037681,0.00164239136509585,0.00169647670093874,0.00160633447453392,0.00160633447453392,0.00162436291981488,0.00155224913869103,0.00155224913869103,0.00162436291981488,0.00142605002172428,0.00169647670093874,0.00209310249711996,0.00146210691228621,0.0017685904820626,0.00178661892734356,0.00140802157644331,0.00173253359150067,0.000524627757676061,1.80284452809643e-06,1.80284452809643e-06,1.80284452809643e-06,1.80284452809643e-06,1.80284452809643e-06,1.80284452809643e-06,1.80284452809643e-06,1.80284452809643e-06,1.80284452809643e-06,1.80284452809643e-06,1.80284452809643e-06,1.80284452809643e-06,1.80284452809643e-06,1.80284452809643e-06,1.80284452809643e-06,1.80284452809643e-06,1.80284452809643e-06,1.80284452809643e-06
0.00157027758397199,0.0015161922481291,0.00148013535756717,0.00144407846700524,0.00149816380284813,0.00157027758397199,0.00157027758397199,0.00157027758397199,0.00158830602925296,0.00155224913869103,0.00157027758397199,0.00167844825565778,0.00160633447453392,0.0017685904820626,0.00162436291981488,0.0015161922481291,0.00184070426318646,0.00182267581790549,0.00157027758397199,0.00169647670093874,0.00153422069341006,0.00081308288217149,1.80284452809643e-06,1.80284452809643e-06,1.80284452809643e-06,1.80284452809643e-06,1.80284452809643e-06,1.80284452809643e-06,1.80284452809643e-06,1.80284452809643e-06,1.80284452809643e-06,1.80284452809643e-06,1.80284452809643e-06,1.80284452809643e-06,1.80284452809643e-06,1.80284452809643e-06,1.80284452809643e-06,1.80284452809643e-06,1.80284452809643e-06,1.80284452809643e-06
0.0017685904820626,0.00178661892734356,0.00175056203678163,0.00178661892734356,0.00169647670093874,0.00157027758397199,0.00160633447453392,0.0015161922481291,0.00146210691228621,0.00149816380284813,0.00146210691228621,0.0015161922481291,0.0015161922481291,0.00175056203678163,0.0020209887159961,0.00162436291981488,0.00184070426318646,0.00160633447453392,0.00133590779531945,0.00153422069341006,0.00175056203678163,0.00093928199913824,1.80284452809643e-06,1.80284452809643e-06,1.80284452809643e-06,1.80284452809643e-06,1.80284452809643e-06,1.80284452809643e-06,1.80284452809643e-06,1.80284452809643e-06,1.80284452809643e-06,1.80284452809643e-06,1.80284452809643e-06,1.80284452809643e-06,1.80284452809643e-06,1.80284452809643e-06,1.80284452809643e-06,1.80284452809643e-06,1.80284452809643e-06,1.80284452809643e-06
0.00169647670093874,0.00167844825565778,0.0017685904820626,0.00171450514621971,0.00175056203678163,0.0017685904820626,0.00166041981037681,0.00167844825565778,0.00178661892734356,0.00182267581790549,0.00180464737262453,0.00158830602925296,0.00153422069341006,0.00167844825565778,0.0017685904820626,0.00185873270846742,0.00171450514621971,0.00178661892734356,0.00158830602925296,0.00137196468588138,0.00119168023307174,0.00093928199913824,1.80284452809643e-06,1.80284452809643e-06,1.80284452809643e-06,1.80284452809643e-06,1.80284452809643e-06,1.80284452809643e-06,1.80284452809643e-06,1.80284452809643e-06,1.80284452809643e-06,1.80284452809643e-06,1.80284452809643e-06,1.80284452809643e-06,1.80284452809643e-06,1.80284452809643e-06,1.80284452809643e-06,1.80284452809643e-06,1.80284452809643e-06,1.80284452809643e-06
0.00200296027071513,0.0020209887159961,0.00193084648959128,0.00196690338015321,0.00191281804431031,0.00191281804431031,0.00191281804431031,0.0020209887159961,0.00182267581790549,0.00158830602925296,0.00173253359150067,0.00185873270846742,0.00191281804431031,0.00155224913869103,0.00173253359150067,0.00167844825565778,0.00167844825565778,0.00173253359150067,0.00169647670093874,0.00155224913869103,0.00153422069341006,0.00124576556891463,1.80284452809643e-06,1.80284452809643e-06,1.80284452809643e-06,1.80284452809643e-06,1.80284452809643e-06,1.80284452809643e-06,1.80284452809643e-06,1.80284452809643e-06,1.80284452809643e-06,1.80284452809643e-06,1.80284452809643e-06,1.80284452809643e-06,1.80284452809643e-06,1.80284452809643e-06,1.80284452809643e-06,1.80284452809643e-06,1.80284452809643e-06,1.80284452809643e-06
0.00178661892734356,0.00180464737262453,0.00185873270846742,0.00182267581790549,0.00187676115374838,0.00189478959902935,0.00191281804431031,0.00180464737262453,0.00184070426318646,0.00196690338015321,0.00184070426318646,0.00167844825565778,0.00160633447453392,0.00187676115374838,0.00171450514621971,0.00180464737262453,0.00187676115374838,0.00185873270846742,0.00164239136509585,0.00167844825565778,0.0017685904820626,0.00131787935003849,1.80284452809643e-06,1.80284452809643e-06,1.80284452809643e-06,1.80284452809643e-06,1.80284452809643e-06,1.80284452809643e-06,1.80284452809643e-06,1.80284452809643e-06,1.80284452809643e-06,1.80284452809643e-06,1.80284452809643e-06,1.80284452809643e-06,1.80284452809643e-06,1.80284452809643e-06,1.80284452809643e-06,1.80284452809643e-06,1.80284452809643e-06,1.80284452809643e-06
0.00164239136509585,0.00160633447453392,0.00157027758397199,0.00158830602925296,0.00160633447453392,0.00153422069341006,0.00166041981037681,0.00169647670093874,0.00178661892734356,0.00185873270846742,0.00180464737262453,0.00164239136509585,0.00146210691228621,0.00157027758397199,0.00191281804431031,0.0020209887159961,0.00144407846700524,0.00185873270846742,0.0015161922481291,0.00164239136509585,0.00155224913869103,0.00104745267082403,1.80284452809643e-06,1.80284452809643e-06,1.80284452809643e-06,1.80284452809643e-06,1.80284452809643e-06,1.80284452809643e-06,1.80284452809643e-06,1.80284452809643e-06,1.80284452809643e-06,1.80284452809643e-06,1.80284452809643e-06,1.80284452809643e-06,1.80284452809643e-06,1.80284452809643e-06,1.80284452809643e-06,1.80284452809643e-06,1.80284452809643e-06,1.80284452809643e-06
0.00203901716127706,0.00205704560655803,0.00203901716127706,0.00203901716127706,0.00196690338015321,0.00207507405183899,0.00191281804431031,0.00191281804431031,0.00184070426318646,0.00178661892734356,0.00171450514621971,0.00207507405183899,0.00193084648959128,0.00149816380284813,0.00167844825565778,0.00184070426318646,0.00175056203678163,0.00144407846700524,0.00203901716127706,0.00193084648959128,0.00157027758397199,0.00160633447453392,1.98312898090607e-05,1.80284452809643e-06,1.80284452809643e-06,1.80284452809643e-06,1.80284452809643e-06,1.80284452809643e-06,1.80284452809643e-06,1.80284452809643e-06,1.80284452809643e-06,1.80284452809643e-06,1.80284452809643e-06,1.80284452809643e-06,1.80284452809643e-06,1.80284452809643e-06,1.80284452809643e-06,1.80284452809643e-06,1.80284452809643e-06,1.80284452809643e-06
0.0020209887159961,0.0020209887159961,0.00205704560655803,0.00209310249711996,0.00212915938768188,0.00205704560655803,0.00207507405183899,0.00216521627824381,0.0020209887159961,0.00191281804431031,0.00194887493487224,0.00189478959902935,0.00193084648959128,0.00180464737262453,0.00171450514621971,0.00207507405183899,0.00193084648959128,0.0015161922481291,0.00200296027071513,0.00171450514621971,0.00162436291981488,0.00129985090475753,1.80284452809643e-06,1.80284452809643e-06,1.80284452809643e-06,1.80284452809643e-06,1.80284452809643e-06,1.80284452809643e-06,1.80284452809643e-06,1.80284452809643e-06,1.80284452809643e-06,1.80284452809643e-06,1.80284452809643e-06,1.80284452809643e-06,1.80284452809643e-06,1.80284452809643e-06,1.80284452809643e-06,1.80284452809643e-06,1.80284452809643e-06,1.80284452809643e-06
0.00194887493487224,0.00193084648959128,0.00191281804431031,0.00189478959902935,0.00185873270846742,0.00196690338015321,0.00200296027071513,0.00185873270846742,0.00209310249711996,0.00220127316880574,0.00209310249711996,0.00211113094240092,0.0022733869499296,0.00207507405183899,0.00182267581790549,0.0015161922481291,0.00209310249711996,0.00191281804431031,0.00157027758397199,0.00166041981037681,0.00167844825565778,0.0015161922481291,3.7859735090025e-05,1.80284452809643e-06,1.80284452809643e-06,1.80284452809643e-06,1.80284452809643e-06,1.80284452809643e-06,1.80284452809643e-06,1.80284452809643e-06,1.80284452809643e-06,1.80284452809643e-06,1.80284452809643e-06,1.80284452809643e-06,1.80284452809643e-06,1.80284452809643e-06,1.80284452809643e-06,1.80284452809643e-06,1.80284452809643e-06,1.80284452809643e-06
0.00211113094240092,0.00214718783296285,0.00216521627824381,0.00216521627824381,0.00218324472352478,0.00207507405183899,0.00209310249711996,0.00214718783296285,0.00194887493487224,0.00200296027071513,0.00218324472352478,0.00194887493487224,0.00196690338015321,0.00223733005936767,0.00155224913869103,0.00216521627824381,0.00175056203678163,0.00207507405183899,0.00225535850464863,0.00162436291981488,0.00205704560655803,0.00185873270846742,5.58881803709893e-05,1.80284452809643e-06,1.80284452809643e-06,1.80284452809643e-06,1.80284452809643e-06,1.80284452809643e-06,1.80284452809643e-06,1.80284452809643e-06,1.80284452809643e-06,1.80284452809643e-06,1.80284452809643e-06,1.80284452809643e-06,1.80284452809643e-06,1.80284452809643e-06,1.80284452809643e-06,1.80284452809643e-06,1.80284452809643e-06,1.80284452809643e-06
0.00189478959902935,0.00185873270846742,0.00178661892734356,0.00178661892734356,0.00180464737262453,0.00187676115374838,0.00182267581790549,0.00194887493487224,0.00212915938768188,0.00207507405183899,0.00209310249711996,0.00212915938768188,0.00205704560655803,0.0022733869499296,0.00185873270846742,0.0017685904820626,0.00185873270846742,0.0017685904820626,0.00196690338015321,0.00193084648959128,0.00149816380284813,0.00138999313116235,0.000109973516213882,1.80284452809643e-06,1.80284452809643e-06,1.80284452809643e-06,1.80284452809643e-06,1.80284452809643e-06,1.80284452809643e-06,1.80284452809643e-06,1.80284452809643e-06,1.80284452809643e-06,1.80284452809643e-06,1.80284452809643e-06,1.80284452809643e-06,1.80284452809643e-06,1.80284452809643e-06,1.80284452809643e-06,1.80284452809643e-06,1.80284452809643e-06
0.00180464737262453,0.00184070426318646,0.00189478959902935,0.00185873270846742,0.00182267581790549,0.00180464737262453,0.00191281804431031,0.00175056203678163,0.00171450514621971,0.0017685904820626,0.00175056203678163,0.00184070426318646,0.00207507405183899,0.00178661892734356,0.0022733869499296,0.00173253359150067,0.00205704560655803,0.0017685904820626,0.00196690338015321,0.00185873270846742,0.00164239136509585,0.00162436291981488,0.000164058852056775,1.80284452809643e-06,1.80284452809643e-06,1.80284452809643e-06,1.80284452809643e-06,1.80284452809643e-06,1.80284452809643e-06,1.80284452809643e-06,1.80284452809643e-06,1.80284452809643e-06,1.80284452809643e-06,1.80284452809643e-06,1.80284452809643e-06,1.80284452809643e-06,1.80284452809643e-06,1.80284452809643e-06,1.80284452809643e-06,1.80284452809643e-06
0.00225535850464863,0.00225535850464863,0.0022733869499296,0.00225535850464863,0.00221930161408671,0.00223733005936767,0.00218324472352478,0.00223733005936767,0.00205704560655803,0.0020209887159961,0.00187676115374838,0.00194887493487224,0.00196690338015321,0.00198493182543417,0.00203901716127706,0.00175056203678163,0.00207507405183899,0.00205704560655803,0.00167844825565778,0.00173253359150067,0.00175056203678163,0.00167844825565778,0.000182087297337739,1.80284452809643e-06,1.80284452809643e-06,1.80284452809643e-06,1.80284452809643e-06,1.80284452809643e-06,1.80284452809643e-06,1.80284452809643e-06,1.80284452809643e-06,1.80284452809643e-06,1.80284452809643e-06,1.80284452809643e-06,1.80284452809643e-06,1.80284452809643e-06,1.80284452809643e-06,1.80284452809643e-06,1.80284452809643e-06,1.80284452809643e-06
0.00232747228577249,0.00230944384049153,0.00232747228577249,0.00236352917633442,0.00243564295745828,0.00245367140273924,0.00236352917633442,0.00218324472352478,0.00221930161408671,0.00221930161408671,0.0022733869499296,0.00209310249711996,0.00193084648959128,0.00203901716127706,0.00209310249711996,0.00207507405183899,0.0022733869499296,0.00187676115374838,0.00187676115374838,0.00191281804431031,0.00194887493487224,0.00191281804431031,0.000362371750147383,1.80284452809643e-06,1.80284452809643e-06,1.80284452809643e-06,1.80284452809643e-06,1.80284452809643e-06,1.80284452809643e-06,1.80284452809643e-06,1.80284452809643e-06,1.80284452809643e-06,1.80284452809643e-06,1.80284452809643e-06,1.80284452809643e-06,1.80284452809643e-06,1.80284452809643e-06,1.80284452809643e-06,1.80284452809643e-06,1.80284452809643e-06
0.00178661892734356,0.00182267581790549,0.00182267581790549,0.00182267581790549,0.00182267581790549,0.00173253359150067,0.00187676115374838,0.00193084648959128,0.00198493182543417,0.00218324472352478,0.00223733005936767,0.00229141539521056,0.00234550073105346,0.00220127316880574,0.00212915938768188,0.00194887493487224,0.00198493182543417,0.00207507405183899,0.00198493182543417,0.00211113094240092,0.00182267581790549,0.00175056203678163,0.000488570867114133,1.80284452809643e-06,1.80284452809643e-06,1.80284452809643e-06,1.80284452809643e-06,1.80284452809643e-06,1.80284452809643e-06,1.80284452809643e-06,1.80284452809643e-06,1.80284452809643e-06,1.80284452809643e-06,1.80284452809643e-06,1.80284452809643e-06,1.80284452809643e-06,1.80284452809643e-06,1.80284452809643e-06,1.80284452809643e-06,1.80284452809643e-06
0.00220127316880574,0.00216521627824381,0.00214718783296285,0.00214718783296285,0.00214718783296285,0.00216521627824381,0.00212915938768188,0.00232747228577249,0.00223733005936767,0.00196690338015321,0.00193084648959128,0.00205704560655803,0.00185873270846742,0.00194887493487224,0.00205704560655803,0.00218324472352478,0.00194887493487224,0.00203901716127706,0.00180464737262453,0.00200296027071513,0.00169647670093874,0.00182267581790549,0.000578713093518954,1.80284452809643e-06,1.80284452809643e-06,1.80284452809643e-06,1.80284452809643e-06,1.80284452809643e-06,1.80284452809643e-06,1.80284452809643e-06,1.80284452809643e-06,1.80284452809643e-06,1.80284452809643e-06,1.80284452809643e-06,1.80284452809643e-06,1.80284452809643e-06,1.80284452809643e-06,1.80284452809643e-06,1.80284452809643e-06,1.80284452809643e-06
0.00167844825565778,0.00169647670093874,0.00171450514621971,0.00175056203678163,0.00180464737262453,0.00189478959902935,0.00194887493487224,0.00182267581790549,0.00198493182543417,0.00205704560655803,0.00185873270846742,0.00185873270846742,0.00221930161408671,0.00212915938768188,0.00250775673858213,0.00205704560655803,0.00184070426318646,0.00200296027071513,0.0020209887159961,0.00169647670093874,0.00194887493487224,0.00166041981037681,0.000758997546328597,1.80284452809643e-06,1.80284452809643e-06,1.80284452809643e-06,1.80284452809643e-06,1.80284452809643e-06,1.80284452809643e-06,1.80284452809643e-06,1.80284452809643e-06,1.80284452809643e-06,1.80284452809643e-06,1.80284452809643e-06,1.80284452809643e-06,1.80284452809643e-06,1.80284452809643e-06,1.80284452809643e-06,1.80284452809643e-06,1.80284452809643e-06
0.00178661892734356,0.0017685904820626,0.00175056203678163,0.00171450514621971,0.00166041981037681,0.00164239136509585,0.00164239136509585,0.00171450514621971,0.00173253359150067,0.00185873270846742,0.00207507405183899,0.00214718783296285,0.00211113094240092,0.00225535850464863,0.00182267581790549,0.00236352917633442,0.00212915938768188,0.00221930161408671,0.00129985090475753,0.00196690338015321,0.00209310249711996,0.00173253359150067,0.000524627757676061,1.80284452809643e-06,1.80284452809643e-06,1.80284452809643e-06,1.80284452809643e-06,1.80284452809643e-06,1.80284452809643e-06,1.80284452809643e-06,1.80284452809643e-06,1.80284452809643e-06,1.80284452809643e-06,1.80284452809643e-06,1.80284452809643e-06,1.80284452809643e-06,1.80284452809643e-06,1.80284452809643e-06,1.80284452809643e-06,1.80284452809643e-06
0.00216521627824381,0.00218324472352478,0.00214718783296285,0.00214718783296285,0.00218324472352478,0.00211113094240092,0.00200296027071513,0.00196690338015321,0.00200296027071513,0.00200296027071513,0.00198493182543417,0.0020209887159961,0.00216521627824381,0.00212915938768188,0.00220127316880574,0.00232747228577249,0.00211113094240092,0.00229141539521056,0.0022733869499296,0.00211113094240092,0.00175056203678163,0.00184070426318646,0.00111956645194788,1.80284452809643e-06,1.80284452809643e-06,1.80284452809643e-06,1.80284452809643e-06,1.80284452809643e-06,1.80284452809643e-06,1.80284452809643e-06,1.80284452809643e-06,1.80284452809643e-06,1.80284452809643e-06,1.80284452809643e-06,1.80284452809643e-06,1.80284452809643e-06,1.80284452809643e-06,1.80284452809643e-06,1.80284452809643e-06,1.80284452809643e-06
0.00225535850464863,0.00223733005936767,0.00225535850464863,0.00225535850464863,0.00218324472352478,0.00225535850464863,0.00218324472352478,0.00230944384049153,0.00230944384049153,0.00221930161408671,0.00209310249711996,0.00187676115374838,0.00200296027071513,0.00203901716127706,0.00209310249711996,0.00212915938768188,0.00229141539521056,0.00254381362914406,0.00232747228577249,0.00173253359150067,0.00184070426318646,0.00200296027071513,0.00157027758397199,1.80284452809643e-06,1.80284452809643e-06,1.80284452809643e-06,1.80284452809643e-06,1.80284452809643e-06,1.80284452809643e-06,1.80284452809643e-06,1.80284452809643e-06,1.80284452809643e-06,1.80284452809643e-06,1.80284452809643e-06,1.80284452809643e-06,1.80284452809643e-06,1.80284452809643e-06,1.80284452809643e-06,1.80284452809643e-06,1.80284452809643e-06
0.00193084648959128,0.00196690338015321,0.00196690338015321,0.00193084648959128,0.00200296027071513,0.00194887493487224,0.00205704560655803,0.00200296027071513,0.00187676115374838,0.0020209887159961,0.00216521627824381,0.00239958606689635,0.00200296027071513,0.00221930161408671,0.00218324472352478,0.00223733005936767,0.00216521627824381,0.00207507405183899,0.00218324472352478,0.00209310249711996,0.00191281804431031,0.00185873270846742,0.00117365178779078,1.80284452809643e-06,1.80284452809643e-06,1.80284452809643e-06,1.80284452809643e-06,1.80284452809643e-06,1.80284452809643e-06,1.80284452809643e-06,1.80284452809643e-06,1.80284452809643e-06,1.80284452809643e-06,1.80284452809643e-06,1.80284452809643e-06,1.80284452809643e-06,1.80284452809643e-06,1.80284452809643e-06,1.80284452809643e-06,1.80284452809643e-06
0.00209310249711996,0.00209310249711996,0.00211113094240092,0.00209310249711996,0.00209310249711996,0.00207507405183899,0.00207507405183899,0.00207507405183899,0.00203901716127706,0.00187676115374838,0.00207507405183899,0.00193084648959128,0.0022733869499296,0.0022733869499296,0.00223733005936767,0.00236352917633442,0.00205704560655803,0.00207507405183899,0.00270606963667274,0.00259789896498696,0.00216521627824381,0.00216521627824381,0.00144407846700524,1.80284452809643e-06,1.80284452809643e-06,1.80284452809643e-06,1.80284452809643e-06,1.80284452809643e-06,1.80284452809643e-06,1.80284452809643e-06,1.80284452809643e-06,1.80284452809643e-06,1.80284452809643e-06,1.80284452809643e-06,1.80284452809643e-06,1.80284452809643e-06,1.80284452809643e-06,1.80284452809643e-06,1.80284452809643e-06,1.80284452809643e-06
0.00236352917633442,0.00236352917633442,0.00232747228577249,0.00234550073105346,0.00234550073105346,0.00239958606689635,0.00234550073105346,0.00223733005936767,0.0022733869499296,0.00236352917633442,0.00211113094240092,0.00205704560655803,0.00196690338015321,0.00220127316880574,0.00209310249711996,0.00218324472352478,0.00247169984802021,0.00254381362914406,0.00194887493487224,0.00212915938768188,0.00203901716127706,0.00180464737262453,0.00155224913869103,1.80284452809643e-06,1.80284452809643e-06,1.80284452809643e-06,1.80284452809643e-06,1.80284452809643e-06,1.80284452809643e-06,1.80284452809643e-06,1.80284452809643e-06,1.80284452809643e-06,1.80284452809643e-06,1.80284452809643e-06,1.80284452809643e-06,1.80284452809643e-06,1.80284452809643e-06,1.80284452809643e-06,1.80284452809643e-06,1.80284452809643e-06
0.00283226875363949,0.0027781834177966,0.00274212652723467,0.00276015497251564,0.00270606963667274,0.00268804119139178,0.00276015497251564,0.00281424030835853,0.0027781834177966,0.00270606963667274,0.00290438253476335,0.00241761451217731,0.00225535850464863,0.00178661892734356,0.00214718783296285,0.00239958606689635,0.00239958606689635,0.00189478959902935,0.00248972829330117,0.00214718783296285,0.00221930161408671,0.00212915938768188,0.00164239136509585,3.7859735090025e-05,1.80284452809643e-06,1.80284452809643e-06,1.80284452809643e-06,1.80284452809643e-06,1.80284452809643e-06,1.80284452809643e-06,1.80284452809643e-06,1.80284452809643e-06,1.80284452809643e-06,1.80284452809643e-06,1.80284452809643e-06,1.80284452809643e-06,1.80284452809643e-06,1.80284452809643e-06,1.80284452809643e-06,1.80284452809643e-06
0.00229141539521056,0.00234550073105346,0.00238155762161538,0.00243564295745828,0.00250775673858213,0.00245367140273924,0.00238155762161538,0.00248972829330117,0.00243564295745828,0.00234550073105346,0.00225535850464863,0.0027781834177966,0.00230944384049153,0.00250775673858213,0.0025257851838631,0.0022733869499296,0.0022733869499296,0.00238155762161538,0.00268804119139178,0.00189478959902935,0.00234550073105346,0.00218324472352478,0.00158830602925296,1.80284452809643e-06,1.80284452809643e-06,1.80284452809643e-06,1.80284452809643e-06,1.80284452809643e-06,1.80284452809643e-06,1.80284452809643e-06,1.80284452809643e-06,1.80284452809643e-06,1.80284452809643e-06,1.80284452809643e-06,1.80284452809643e-06,1.80284452809643e-06,1.80284452809643e-06,1.80284452809643e-06,1.80284452809643e-06,1.80284452809643e-06
0.00304861009701106,0.00304861009701106,0.00304861009701106,0.00295846787060624,0.00286832564420142,0.00292241098004431,0.00279621186307756,0.00281424030835853,0.00279621186307756,0.00279621186307756,0.00270606963667274,0.00239958606689635,0.00292241098004431,0.00245367140273924,0.00220127316880574,0.00238155762161538,0.00257987051970599,0.0025257851838631,0.00234550073105346,0.00232747228577249,0.00236352917633442,0.00230944384049153,0.0020209887159961,1.98312898090607e-05,1.80284452809643e-06,1.80284452809643e-06,1.80284452809643e-06,1.80284452809643e-06,1.80284452809643e-06,1.80284452809643e-06,1.80284452809643e-06,1.80284452809643e-06,1.80284452809643e-06,1.80284452809643e-06,1.80284452809643e-06,1.80284452809643e-06,1.80284452809643e-06,1.80284452809643e-06,1.80284452809643e-06,1.80284452809643e-06
0.00254381362914406,0.0025257851838631,0.00261592741026792,0.00267001274611081,0.00270606963667274,0.00272409808195371,0.00285029719892046,0.00256184207442503,0.00259789896498696,0.00268804119139178,0.00290438253476335,0.00288635408948239,0.00238155762161538,0.00290438253476335,0.00239958606689635,0.00241761451217731,0.00245367140273924,0.00299452476116817,0.00276015497251564,0.00232747228577249,0.00243564295745828,0.00229141539521056,0.00162436291981488,7.39166256519536e-05,1.80284452809643e-06,1.80284452809643e-06,1.80284452809643e-06,1.80284452809643e-06,1.80284452809643e-06,1.80284452809643e-06,1.80284452809643e-06,1.80284452809643e-06,1.80284452809643e-06,1.80284452809643e-06,1.80284452809643e-06,1.80284452809643e-06,1.80284452809643e-06,1.80284452809643e-06,1.80284452809643e-06,1.80284452809643e-06
0.00299452476116817,0.00299452476116817,0.00286832564420142,0.00290438253476335,0.00294043942532528,0.0027781834177966,0.00281424030835853,0.00294043942532528,0.00297649631588721,0.00286832564420142,0.00257987051970599,0.00276015497251564,0.00276015497251564,0.00230944384049153,0.00261592741026792,0.00236352917633442,0.00247169984802021,0.00265198430082985,0.00241761451217731,0.00209310249711996,0.00221930161408671,0.00234550073105346,0.00221930161408671,3.7859735090025e-05,1.80284452809643e-06,1.80284452809643e-06,1.80284452809643e-06,1.80284452809643e-06,1.80284452809643e-06,1.80284452809643e-06,1.80284452809643e-06,1.80284452809643e-06,1.80284452809643e-06,1.80284452809643e-06,1.80284452809643e-06,1.80284452809643e-06,1.80284452809643e-06,1.80284452809643e-06,1.80284452809643e-06,1.80284452809643e-06
0.00294043942532528,0.00292241098004431,0.00292241098004431,0.00286832564420142,0.00281424030835853,0.00295846787060624,0.00294043942532528,0.00299452476116817,0.00301255320644914,0.00306663854229203,0.00297649631588721,0.00290438253476335,0.00308466698757299,0.00292241098004431,0.0027781834177966,0.00238155762161538,0.00270606963667274,0.00234550073105346,0.00234550073105346,0.00248972829330117,0.00207507405183899,0.00184070426318646,0.00225535850464863,0.000218144187899668,1.80284452809643e-06,1.80284452809643e-06,1.80284452809643e-06,1.80284452809643e-06,1.80284452809643e-06,1.80284452809643e-06,1.80284452809643e-06,1.80284452809643e-06,1.80284452809643e-06,1.80284452809643e-06,1.80284452809643e-06,1.80284452809643e-06,1.80284452809643e-06,1.80284452809643e-06,1.80284452809643e-06,1.80284452809643e-06
0.00270606963667274,0.00274212652723467,0.00276015497251564,0.00274212652723467,0.00276015497251564,0.00272409808195371,0.0027781834177966,0.00270606963667274,0.00265198430082985,0.00279621186307756,0.00290438253476335,0.00288635408948239,0.00310269543285396,0.00281424030835853,0.0027781834177966,0.00263395585554888,0.00236352917633442,0.00241761451217731,0.00267001274611081,0.00236352917633442,0.00221930161408671,0.00234550073105346,0.00211113094240092,0.000200115742618704,1.80284452809643e-06,1.80284452809643e-06,1.80284452809643e-06,1.80284452809643e-06,1.80284452809643e-06,1.80284452809643e-06,1.80284452809643e-06,1.80284452809643e-06,1.80284452809643e-06,1.80284452809643e-06,1.80284452809643e-06,1.80284452809643e-06,1.80284452809643e-06,1.80284452809643e-06,1.80284452809643e-06,1.80284452809643e-06
0.00263395585554888,0.00259789896498696,0.00263395585554888,0.00268804119139178,0.00270606963667274,0.00265198430082985,0.00256184207442503,0.00261592741026792,0.00263395585554888,0.0025257851838631,0.00274212652723467,0.00279621186307756,0.00268804119139178,0.00310269543285396,0.00288635408948239,0.00285029719892046,0.00261592741026792,0.0025257851838631,0.0025257851838631,0.00297649631588721,0.00283226875363949,0.00261592741026792,0.00211113094240092,0.00043448553127124,1.80284452809643e-06,1.80284452809643e-06,1.80284452809643e-06,1.80284452809643e-06,1.80284452809643e-06,1.80284452809643e-06,1.80284452809643e-06,1.80284452809643e-06,1.80284452809643e-06,1.80284452809643e-06,1.80284452809643e-06,1.80284452809643e-06,1.80284452809643e-06,1.80284452809643e-06,1.80284452809643e-06,1.80284452809643e-06
0.00268804119139178,0.00268804119139178,0.00263395585554888,0.00265198430082985,0.00267001274611081,0.00274212652723467,0.0027781834177966,0.00281424030835853,0.0027781834177966,0.00283226875363949,0.00265198430082985,0.0027781834177966,0.00286832564420142,0.0030305816517301,0.00295846787060624,0.00259789896498696,0.00261592741026792,0.00221930161408671,0.00247169984802021,0.00286832564420142,0.00257987051970599,0.00221930161408671,0.00205704560655803,0.000506599312395097,1.80284452809643e-06,1.80284452809643e-06,1.80284452809643e-06,1.80284452809643e-06,1.80284452809643e-06,1.80284452809643e-06,1.80284452809643e-06,1.80284452809643e-06,1.80284452809643e-06,1.80284452809643e-06,1.80284452809643e-06,1.80284452809643e-06,1.80284452809643e-06,1.80284452809643e-06,1.80284452809643e-06,1.80284452809643e-06
0.0030305816517301,0.0030305816517301,0.00310269543285396,0.00299452476116817,0.00297649631588721,0.00292241098004431,0.00297649631588721,0.00292241098004431,0.00304861009701106,0.00294043942532528,0.0030305816517301,0.00288635408948239,0.00268804119139178,0.00256184207442503,0.00301255320644914,0.00321086610453974,0.00270606963667274,0.00256184207442503,0.00288635408948239,0.00312072387813492,0.0025257851838631,0.00288635408948239,0.00238155762161538,0.000867168218014383,1.80284452809643e-06,1.80284452809643e-06,1.80284452809643e-06,1.80284452809643e-06,1.80284452809643e-06,1.80284452809643e-06,1.80284452809643e-06,1.80284452809643e-06,1.80284452809643e-06,1.80284452809643e-06,1.80284452809643e-06,1.80284452809643e-06,1.80284452809643e-06,1.80284452809643e-06,1.80284452809643e-06,1.80284452809643e-06
0.00261592741026792,0.00265198430082985,0.00263395585554888,0.00272409808195371,0.00270606963667274,0.00267001274611081,0.00267001274611081,0.00270606963667274,0.00272409808195371,0.00283226875363949,0.00290438253476335,0.00290438253476335,0.00290438253476335,0.00288635408948239,0.00286832564420142,0.00312072387813492,0.00274212652723467,0.00319283765925878,0.00301255320644914,0.00295846787060624,0.00272409808195371,0.00241761451217731,0.00220127316880574,0.00115562334250981,1.80284452809643e-06,1.80284452809643e-06,1.80284452809643e-06,1.80284452809643e-06,1.80284452809643e-06,1.80284452809643e-06,1.80284452809643e-06,1.80284452809643e-06,1.80284452809643e-06,1.80284452809643e-06,1.80284452809643e-06,1.80284452809643e-06,1.80284452809643e-06,1.80284452809643e-06,1.80284452809643e-06,1.80284452809643e-06
0.0027781834177966,0.00272409808195371,0.00270606963667274,0.00270606963667274,0.00268804119139178,0.00279621186307756,0.0027781834177966,0.00286832564420142,0.00286832564420142,0.00279621186307756,0.00288635408948239,0.00295846787060624,0.00301255320644914,0.00312072387813492,0.00308466698757299,0.00301255320644914,0.00295846787060624,0.00254381362914406,0.00259789896498696,0.00263395585554888,0.00259789896498696,0.00221930161408671,0.00268804119139178,0.00135393624060042,1.80284452809643e-06,1.80284452809643e-06,1.80284452809643e-06,1.80284452809643e-06,1.80284452809643e-06,1.80284452809643e-06,1.80284452809643e-06,1.80284452809643e-06,1.80284452809643e-06,1.80284452809643e-06,1.80284452809643e-06,1.80284452809643e-06,1.80284452809643e-06,1.80284452809643e-06,1.80284452809643e-06,1.80284452809643e-06
0.00306663854229203,0.00312072387813492,0.00315678076869685,0.00312072387813492,0.00310269543285396,0.00308466698757299,0.00306663854229203,0.00306663854229203,0.00310269543285396,0.00317480921397781,0.00301255320644914,0.00283226875363949,0.00319283765925878,0.00270606963667274,0.00270606963667274,0.00299452476116817,0.00319283765925878,0.00292241098004431,0.00299452476116817,0.00263395585554888,0.00238155762161538,0.00268804119139178,0.00230944384049153,0.00140802157644331,1.80284452809643e-06,1.80284452809643e-06,1.80284452809643e-06,1.80284452809643e-06,1.80284452809643e-06,1.80284452809643e-06,1.80284452809643e-06,1.80284452809643e-06,1.80284452809643e-06,1.80284452809643e-06,1.80284452809643e-06,1.80284452809643e-06,1.80284452809643e-06,1.80284452809643e-06,1.80284452809643e-06,1.80284452809643e-06
0.00294043942532528,0.00292241098004431,0.00294043942532528,0.00295846787060624,0.00299452476116817,0.00299452476116817,0.00297649631588721,0.00285029719892046,0.00281424030835853,0.0027781834177966,0.00295846787060624,0.00288635408948239,0.00267001274611081,0.00333706522150649,0.00290438253476335,0.00276015497251564,0.00317480921397781,0.00294043942532528,0.00288635408948239,0.00276015497251564,0.00285029719892046,0.00236352917633442,0.00247169984802021,0.0015161922481291,1.80284452809643e-06,1.80284452809643e-06,1.80284452809643e-06,1.80284452809643e-06,1.80284452809643e-06,1.80284452809643e-06,1.80284452809643e-06,1.80284452809643e-06,1.80284452809643e-06,1.80284452809643e-06,1.80284452809643e-06,1.80284452809643e-06,1.80284452809643e-06,1.80284452809643e-06,1.80284452809643e-06,1.80284452809643e-06
0.00267001274611081,0.00267001274611081,0.00263395585554888,0.00267001274611081,0.00267001274611081,0.00270606963667274,0.00274212652723467,0.00286832564420142,0.00281424030835853,0.0027781834177966,0.00268804119139178,0.00290438253476335,0.00292241098004431,0.00304861009701106,0.00333706522150649,0.00331903677622553,0.00306663854229203,0.00313875232341589,0.00286832564420142,0.00281424030835853,0.00286832564420142,0.00288635408948239,0.00283226875363949,0.00182267581790549,1.80284452809643e-06,1.80284452809643e-06,1.80284452809643e-06,1.80284452809643e-06,1.80284452809643e-06,1.80284452809643e-06,1.80284452809643e-06,1.80284452809643e-06,1.80284452809643e-06,1.80284452809643e-06,1.80284452809643e-06,1.80284452809643e-06,1.80284452809643e-06,1.80284452809643e-06,1.80284452809643e-06,1.80284452809643e-06
0.00292241098004431,0.00294043942532528,0.00295846787060624,0.00292241098004431,0.00292241098004431,0.00294043942532528,0.00290438253476335,0.00295846787060624,0.00290438253476335,0.00297649631588721,0.0030305816517301,0.00294043942532528,0.00290438253476335,0.00297649631588721,0.00339115055734939,0.00301255320644914,0.00339115055734939,0.00357143501015903,0.00344523589319228,0.00335509366678746,0.00349932122903517,0.00308466698757299,0.00245367140273924,0.00200296027071513,1.80284452809643e-06,1.80284452809643e-06,1.80284452809643e-06,1.80284452809643e-06,1.80284452809643e-06,1.80284452809643e-06,1.80284452809643e-06,1.80284452809643e-06,1.80284452809643e-06,1.80284452809643e-06,1.80284452809643e-06,1.80284452809643e-06,1.80284452809643e-06,1.80284452809643e-06,1.80284452809643e-06,1.80284452809643e-06
0.0030305816517301,0.00299452476116817,0.00295846787060624,0.00299452476116817,0.00299452476116817,0.00294043942532528,0.00294043942532528,0.00272409808195371,0.00295846787060624,0.00294043942532528,0.00315678076869685,0.00315678076869685,0.00312072387813492,0.00288635408948239,0.00304861009701106,0.00355340656487806,0.0032829798856636,0.00306663854229203,0.00312072387813492,0.00299452476116817,0.00301255320644914,0.00297649631588721,0.00270606963667274,0.00221930161408671,1.80284452809643e-06,1.80284452809643e-06,1.80284452809643e-06,1.80284452809643e-06,1.80284452809643e-06,1.80284452809643e-06,1.80284452809643e-06,1.80284452809643e-06,1.80284452809643e-06,1.80284452809643e-06,1.80284452809643e-06,1.80284452809643e-06,1.80284452809643e-06,1.80284452809643e-06,1.80284452809643e-06,1.80284452809643e-06
0.00362552034600192,0.00362552034600192,0.00364354879128289,0.00357143501015903,0.00360749190072096,0.00366157723656385,0.00358946345543999,0.00358946345543999,0.00344523589319228,0.00339115055734939,0.00295846787060624,0.00315678076869685,0.0032829798856636,0.00340917900263035,0.00324692299510167,0.00331903677622553,0.00294043942532528,0.00319283765925878,0.00330100833094456,0.00268804119139178,0.00335509366678746,0.00306663854229203,0.0032829798856636,0.00285029719892046,3.7859735090025e-05,1.80284452809643e-06,1.80284452809643e-06,1.80284452809643e-06,1.80284452809643e-06,1.80284452809643e-06,1.80284452809643e-06,1.80284452809643e-06,1.80284452809643e-06,1.80284452809643e-06,1.80284452809643e-06,1.80284452809643e-06,1.80284452809643e-06,1.80284452809643e-06,1.80284452809643e-06,1.80284452809643e-06
0.00358946345543999,0.00360749190072096,0.00357143501015903,0.00362552034600192,0.0035353781195971,0.00355340656487806,0.00366157723656385,0.00373369101768771,0.00362552034600192,0.00364354879128289,0.00364354879128289,0.00351734967431614,0.00339115055734939,0.00315678076869685,0.00313875232341589,0.00290438253476335,0.00342720744791131,0.00317480921397781,0.00312072387813492,0.00382383324409253,0.00310269543285396,0.0030305816517301,0.00259789896498696,0.00256184207442503,3.7859735090025e-05,1.80284452809643e-06,1.80284452809643e-06,1.80284452809643e-06,1.80284452809643e-06,1.80284452809643e-06,1.80284452809643e-06,1.80284452809643e-06,1.80284452809643e-06,1.80284452809643e-06,1.80284452809643e-06,1.80284452809643e-06,1.80284452809643e-06,1.80284452809643e-06,1.80284452809643e-06,1.80284452809643e-06
0.0035353781195971,0.0035353781195971,0.00357143501015903,0.00348129278375421,0.00349932122903517,0.00339115055734939,0.00340917900263035,0.00348129278375421,0.00357143501015903,0.00362552034600192,0.00357143501015903,0.00344523589319228,0.00346326433847324,0.00366157723656385,0.00331903677622553,0.00369763412712578,0.00362552034600192,0.00360749190072096,0.00297649631588721,0.00375171946296867,0.00322889454982071,0.00301255320644914,0.00335509366678746,0.00263395585554888,0.000128001961494847,1.80284452809643e-06,1.80284452809643e-06,1.80284452809643e-06,1.80284452809643e-06,1.80284452809643e-06,1.80284452809643e-06,1.80284452809643e-06,1.80284452809643e-06,1.80284452809643e-06,1.80284452809643e-06,1.80284452809643e-06,1.80284452809643e-06,1.80284452809643e-06,1.80284452809643e-06,1.80284452809643e-06
0.00340917900263035,0.00340917900263035,0.00344523589319228,0.00351734967431614,0.0035353781195971,0.00360749190072096,0.00364354879128289,0.00358946345543999,0.00340917900263035,0.00344523589319228,0.00348129278375421,0.00348129278375421,0.00339115055734939,0.00340917900263035,0.00362552034600192,0.00330100833094456,0.00364354879128289,0.00312072387813492,0.00295846787060624,0.00335509366678746,0.00317480921397781,0.00331903677622553,0.00292241098004431,0.00256184207442503,0.000326314859585454,1.80284452809643e-06,1.80284452809643e-06,1.80284452809643e-06,1.80284452809643e-06,1.80284452809643e-06,1.80284452809643e-06,1.80284452809643e-06,1.80284452809643e-06,1.80284452809643e-06,1.80284452809643e-06,1.80284452809643e-06,1.80284452809643e-06,1.80284452809643e-06,1.80284452809643e-06,1.80284452809643e-06
0.00358946345543999,0.00357143501015903,0.00351734967431614,0.00357143501015903,0.00357143501015903,0.00355340656487806,0.00348129278375421,0.00344523589319228,0.00357143501015903,0.00340917900263035,0.00366157723656385,0.00376974790824964,0.00380580479881156,0.00376974790824964,0.00375171946296867,0.00346326433847324,0.00382383324409253,0.00355340656487806,0.00364354879128289,0.00358946345543999,0.00310269543285396,0.00308466698757299,0.00330100833094456,0.00304861009701106,0.000344343304866418,1.80284452809643e-06,1.80284452809643e-06,1.80284452809643e-06,1.80284452809643e-06,1.80284452809643e-06,1.80284452809643e-06,1.80284452809643e-06,1.80284452809643e-06,1.80284452809643e-06,1.80284452809643e-06,1.80284452809643e-06,1.80284452809643e-06,1.80284452809643e-06,1.80284452809643e-06,1.80284452809643e-06
0.00409425992330699,0.00411228836858796,0.00409425992330699,0.00405820303274507,0.00405820303274507,0.00405820303274507,0.0040401745874641,0.00398608925162121,0.00396806080634024,0.00405820303274507,0.00385989013465446,0.00382383324409253,0.00396806080634024,0.00364354879128289,0.00375171946296867,0.00389594702521639,0.00355340656487806,0.00393200391577832,0.00373369101768771,0.00366157723656385,0.00367960568184481,0.0035353781195971,0.00295846787060624,0.00310269543285396,0.000632798429361847,1.80284452809643e-06,1.80284452809643e-06,1.80284452809643e-06,1.80284452809643e-06,1.80284452809643e-06,1.80284452809643e-06,1.80284452809643e-06,1.80284452809643e-06,1.80284452809643e-06,1.80284452809643e-06,1.80284452809643e-06,1.80284452809643e-06,1.80284452809643e-06,1.80284452809643e-06,1.80284452809643e-06
0.0040401745874641,0.0040401745874641,0.00407623147802603,0.00400411769690217,0.00402214614218314,0.00402214614218314,0.00405820303274507,0.00413031681386892,0.00414834525914989,0.00405820303274507,0.00418440214971182,0.00427454437611664,0.00375171946296867,0.00398608925162121,0.00373369101768771,0.00384186168937349,0.00398608925162121,0.00360749190072096,0.00371566257240674,0.00335509366678746,0.00337312211206842,0.00382383324409253,0.00360749190072096,0.00313875232341589,0.000777025991609562,1.80284452809643e-06,1.80284452809643e-06,1.80284452809643e-06,1.80284452809643e-06,1.80284452809643e-06,1.80284452809643e-06,1.80284452809643e-06,1.80284452809643e-06,1.80284452809643e-06,1.80284452809643e-06,1.80284452809643e-06,1.80284452809643e-06,1.80284452809643e-06,1.80284452809643e-06,1.80284452809643e-06
0.00418440214971182,0.00420243059499278,0.00422045904027374,0.00427454437611664,0.00427454437611664,0.00427454437611664,0.00414834525914989,0.00425651593083567,0.00413031681386892,0.00425651593083567,0.00405820303274507,0.00414834525914989,0.00432862971195953,0.00405820303274507,0.00393200391577832,0.00416637370443085,0.00362552034600192,0.00450891416476917,0.00385989013465446,0.00358946345543999,0.00384186168937349,0.0037877763535306,0.00335509366678746,0.0032829798856636,0.00124576556891463,1.80284452809643e-06,1.80284452809643e-06,1.80284452809643e-06,1.80284452809643e-06,1.80284452809643e-06,1.80284452809643e-06,1.80284452809643e-06,1.80284452809643e-06,1.80284452809643e-06,1.80284452809643e-06,1.80284452809643e-06,1.80284452809643e-06,1.80284452809643e-06,1.80284452809643e-06,1.80284452809643e-06
0.00414834525914989,0.00411228836858796,0.00411228836858796,0.00405820303274507,0.00405820303274507,0.00396806080634024,0.00407623147802603,0.00398608925162121,0.0040401745874641,0.00402214614218314,0.00413031681386892,0.00396806080634024,0.00389594702521639,0.00413031681386892,0.0042925728213976,0.00389594702521639,0.00427454437611664,0.00420243059499278,0.00413031681386892,0.00396806080634024,0.00395003236105928,0.00369763412712578,0.00376974790824964,0.00339115055734939,0.00184070426318646,1.80284452809643e-06,1.80284452809643e-06,1.80284452809643e-06,1.80284452809643e-06,1.80284452809643e-06,1.80284452809643e-06,1.80284452809643e-06,1.80284452809643e-06,1.80284452809643e-06,1.80284452809643e-06,1.80284452809643e-06,1.80284452809643e-06,1.80284452809643e-06,1.80284452809643e-06,1.80284452809643e-06
0.00445482882892628,0.00449088571948821,0.00443680038364532,0.00452694261005014,0.00445482882892628,0.00456299950061207,0.0045449710553311,0.00449088571948821,0.00456299950061207,0.00438271504780242,0.00434665815724049,0.00425651593083567,0.00434665815724049,0.00434665815724049,0.00395003236105928,0.00389594702521639,0.00427454437611664,0.00420243059499278,0.00393200391577832,0.00357143501015903,0.0040401745874641,0.00413031681386892,0.00391397547049735,0.00310269543285396,0.00214718783296285,1.80284452809643e-06,1.80284452809643e-06,1.80284452809643e-06,1.80284452809643e-06,1.80284452809643e-06,1.80284452809643e-06,1.80284452809643e-06,1.80284452809643e-06,1.80284452809643e-06,1.80284452809643e-06,1.80284452809643e-06,1.80284452809643e-06,1.80284452809643e-06,1.80284452809643e-06,1.80284452809643e-06
0.00497765374207425,0.00494159685151232,0.00495962529679328,0.0048514546251075,0.00486948307038846,0.00481539773454557,0.00477934084398364,0.00476131239870267,0.00474328395342171,0.00468919861757882,0.00459905639117399,0.00463511328173592,0.00467117017229785,0.00452694261005014,0.00481539773454557,0.00418440214971182,0.00427454437611664,0.00443680038364532,0.00425651593083567,0.00398608925162121,0.00396806080634024,0.00423848748555471,0.00389594702521639,0.00319283765925878,0.00256184207442503,1.80284452809643e-06,1.80284452809643e-06,1.80284452809643e-06,1.80284452809643e-06,1.80284452809643e-06,1.80284452809643e-06,1.80284452809643e-06,1.80284452809643e-06,1.80284452809643e-06,1.80284452809643e-06,1.80284452809643e-06,1.80284452809643e-06,1.80284452809643e-06,1.80284452809643e-06,1.80284452809643e-06
0.00436468660252146,0.00434665815724049,0.00436468660252146,0.00445482882892628,0.00447285727420724,0.00443680038364532,0.00445482882892628,0.00450891416476917,0.00447285727420724,0.00456299950061207,0.00436468660252146,0.00434665815724049,0.00440074349308339,0.00413031681386892,0.00423848748555471,0.00544639331937932,0.0042925728213976,0.00450891416476917,0.0042925728213976,0.00400411769690217,0.00382383324409253,0.00367960568184481,0.00380580479881156,0.00333706522150649,0.00261592741026792,1.98312898090607e-05,1.80284452809643e-06,1.80284452809643e-06,1.80284452809643e-06,1.80284452809643e-06,1.80284452809643e-06,1.80284452809643e-06,1.80284452809643e-06,1.80284452809643e-06,1.80284452809643e-06,1.80284452809643e-06,1.80284452809643e-06,1.80284452809643e-06,1.80284452809643e-06,1.80284452809643e-06
0.00423848748555471,0.00427454437611664,0.0042925728213976,0.00423848748555471,0.00420243059499278,0.00423848748555471,0.00431060126667857,0.00431060126667857,0.00440074349308339,0.00432862971195953,0.00463511328173592,0.00477934084398364,0.00463511328173592,0.0047973692892646,0.00445482882892628,0.00425651593083567,0.00445482882892628,0.0047973692892646,0.00483342617982653,0.00441877193836435,0.0047973692892646,0.00373369101768771,0.00396806080634024,0.00416637370443085,0.00257987051970599,7.39166256519536e-05,1.80284452809643e-06,1.80284452809643e-06,1.80284452809643e-06,1.80284452809643e-06,1.80284452809643e-06,1.80284452809643e-06,1.80284452809643e-06,1.80284452809643e-06,1.80284452809643e-06,1.80284452809643e-06,1.80284452809643e-06,1.80284452809643e-06,1.80284452809643e-06,1.80284452809643e-06
0.00495962529679328,0.00495962529679328,0.00494159685151232,0.00495962529679328,0.00499568218735521,0.00497765374207425,0.00494159685151232,0.00483342617982653,0.00472525550814075,0.00476131239870267,0.00461708483645496,0.00468919861757882,0.00494159685151232,0.00490553996095039,0.00461708483645496,0.00450891416476917,0.00488751151566942,0.00427454437611664,0.005103852859041,0.00445482882892628,0.0042925728213976,0.00371566257240674,0.00393200391577832,0.00344523589319228,0.00376974790824964,0.000109973516213882,1.80284452809643e-06,1.80284452809643e-06,1.80284452809643e-06,1.80284452809643e-06,1.80284452809643e-06,1.80284452809643e-06,1.80284452809643e-06,1.80284452809643e-06,1.80284452809643e-06,1.80284452809643e-06,1.80284452809643e-06,1.80284452809643e-06,1.80284452809643e-06,1.80284452809643e-06
0.00508582441376003,0.00508582441376003,0.00512188130432196,0.0050497675231981,0.0050497675231981,0.00499568218735521,0.00503173907791714,0.00513990974960292,0.00523005197600775,0.00501371063263617,0.00519399508544582,0.0050497675231981,0.00474328395342171,0.00503173907791714,0.00544639331937932,0.00499568218735521,0.00465314172701689,0.00450891416476917,0.0053021657571316,0.00533822264769353,0.00431060126667857,0.00476131239870267,0.00409425992330699,0.00405820303274507,0.00393200391577832,0.000164058852056775,1.80284452809643e-06,1.80284452809643e-06,1.80284452809643e-06,1.80284452809643e-06,1.80284452809643e-06,1.80284452809643e-06,1.80284452809643e-06,1.80284452809643e-06,1.80284452809643e-06,1.80284452809643e-06,1.80284452809643e-06,1.80284452809643e-06,1.80284452809643e-06,1.80284452809643e-06
0.00523005197600775,0.00523005197600775,0.00515793819488389,0.00517596664016485,0.00523005197600775,0.0053562510929745,0.00528413731185064,0.00517596664016485,0.00512188130432196,0.00541033642881739,0.00526610886656967,0.00503173907791714,0.00501371063263617,0.00488751151566942,0.005103852859041,0.00488751151566942,0.00524808042128871,0.00548245020994125,0.00467117017229785,0.00472525550814075,0.0042925728213976,0.00416637370443085,0.00445482882892628,0.00396806080634024,0.00380580479881156,0.000470542421833168,1.80284452809643e-06,1.80284452809643e-06,1.80284452809643e-06,1.80284452809643e-06,1.80284452809643e-06,1.80284452809643e-06,1.80284452809643e-06,1.80284452809643e-06,1.80284452809643e-06,1.80284452809643e-06,1.80284452809643e-06,1.80284452809643e-06,1.80284452809643e-06,1.80284452809643e-06
0.00512188130432196,0.00512188130432196,0.00515793819488389,0.00513990974960292,0.0050497675231981,0.00506779596847907,0.0050497675231981,0.00508582441376003,0.00519399508544582,0.00512188130432196,0.0053021657571316,0.0053562510929745,0.00550047865522221,0.00513990974960292,0.00515793819488389,0.00573484844387475,0.00546442176466028,0.00495962529679328,0.00526610886656967,0.00537427953825546,0.00447285727420724,0.00494159685151232,0.00495962529679328,0.0048514546251075,0.00391397547049735,0.000777025991609562,1.80284452809643e-06,1.80284452809643e-06,1.80284452809643e-06,1.80284452809643e-06,1.80284452809643e-06,1.80284452809643e-06,1.80284452809643e-06,1.80284452809643e-06,1.80284452809643e-06,1.80284452809643e-06,1.80284452809643e-06,1.80284452809643e-06,1.80284452809643e-06,1.80284452809643e-06
0.00596921823252728,0.00598724667780825,0.00596921823252728,0.00596921823252728,0.0060593604589321,0.00598724667780825,0.00607738890421307,0.00618555957589885,0.006113445794775,0.00587907600612246,0.00566273466275089,0.00548245020994125,0.00546442176466028,0.00544639331937932,0.00526610886656967,0.0050497675231981,0.00548245020994125,0.00508582441376003,0.00546442176466028,0.00566273466275089,0.00447285727420724,0.0050497675231981,0.00470722706285978,0.00472525550814075,0.00413031681386892,0.00104745267082403,1.80284452809643e-06,1.80284452809643e-06,1.80284452809643e-06,1.80284452809643e-06,1.80284452809643e-06,1.80284452809643e-06,1.80284452809643e-06,1.80284452809643e-06,1.80284452809643e-06,1.80284452809643e-06,1.80284452809643e-06,1.80284452809643e-06,1.80284452809643e-06,1.80284452809643e-06
0.00523005197600775,0.00523005197600775,0.00523005197600775,0.0053021657571316,0.00523005197600775,0.00528413731185064,0.00524808042128871,0.00519399508544582,0.0053021657571316,0.00541033642881739,0.00544639331937932,0.00584301911556053,0.00562667777218896,0.00571681999859378,0.0058069622249986,0.00584301911556053,0.00553653554578414,0.0055545639910651,0.00541033642881739,0.00569879155331282,0.00602330356837017,0.0047973692892646,0.00434665815724049,0.00488751151566942,0.00450891416476917,0.00148013535756717,1.80284452809643e-06,1.80284452809643e-06,1.80284452809643e-06,1.80284452809643e-06,1.80284452809643e-06,1.80284452809643e-06,1.80284452809643e-06,1.80284452809643e-06,1.80284452809643e-06,1.80284452809643e-06,1.80284452809643e-06,1.80284452809643e-06,1.80284452809643e-06,1.80284452809643e-06
0.0055545639910651,0.00553653554578414,0.00553653554578414,0.0055545639910651,0.00564470621746992,0.00553653554578414,0.00546442176466028,0.00548245020994125,0.00553653554578414,0.0058610475608415,0.00598724667780825,0.00575287688915571,0.0058610475608415,0.00598724667780825,0.00553653554578414,0.00589710445140342,0.00506779596847907,0.00557259243634607,0.0058069622249986,0.00557259243634607,0.00559062088162703,0.00566273466275089,0.00544639331937932,0.00477934084398364,0.00443680038364532,0.00209310249711996,1.98312898090607e-05,1.80284452809643e-06,1.80284452809643e-06,1.80284452809643e-06,1.80284452809643e-06,1.80284452809643e-06,1.80284452809643e-06,1.80284452809643e-06,1.80284452809643e-06,1.80284452809643e-06,1.80284452809643e-06,1.80284452809643e-06,1.80284452809643e-06,1.80284452809643e-06
0.00566273466275089,0.00564470621746992,0.00571681999859378,0.00568076310803185,0.005608649326908,0.005608649326908,0.00564470621746992,0.00566273466275089,0.00537427953825546,0.00517596664016485,0.00519399508544582,0.00550047865522221,0.00571681999859378,0.00568076310803185,0.00602330356837017,0.00575287688915571,0.006113445794775,0.0058069622249986,0.00564470621746992,0.00571681999859378,0.00667232759848489,0.00476131239870267,0.00528413731185064,0.0053562510929745,0.00486948307038846,0.00247169984802021,7.39166256519536e-05,1.80284452809643e-06,1.80284452809643e-06,1.80284452809643e-06,1.80284452809643e-06,1.80284452809643e-06,1.80284452809643e-06,1.80284452809643e-06,1.80284452809643e-06,1.80284452809643e-06,1.80284452809643e-06,1.80284452809643e-06,1.80284452809643e-06,1.80284452809643e-06
0.00559062088162703,0.005608649326908,0.0055545639910651,0.00553653554578414,0.005608649326908,0.00575287688915571,0.00582499067027957,0.00587907600612246,0.00595118978724632,0.00618555957589885,0.00593316134196535,0.00571681999859378,0.00550047865522221,0.00569879155331282,0.0063658440287085,0.00604133201365114,0.00614950268533692,0.00667232759848489,0.00532019420241257,0.00634781558342753,0.00622161646646078,0.00602330356837017,0.00515793819488389,0.00521202353072678,0.0042925728213976,0.00396806080634024,3.7859735090025e-05,1.80284452809643e-06,1.80284452809643e-06,1.80284452809643e-06,1.80284452809643e-06,1.80284452809643e-06,1.80284452809643e-06,1.80284452809643e-06,1.80284452809643e-06,1.80284452809643e-06,1.80284452809643e-06,1.80284452809643e-06,1.80284452809643e-06,1.80284452809643e-06
0.00591513289668439,0.00591513289668439,0.00589710445140342,0.00591513289668439,0.00584301911556053,0.0058610475608415,0.0058610475608415,0.00573484844387475,0.00591513289668439,0.00571681999859378,0.00589710445140342,0.00602330356837017,0.0063658440287085,0.00598724667780825,0.005608649326908,0.00658218537208007,0.00623964491174175,0.00638387247398946,0.00632978713814657,0.00593316134196535,0.00665429915320393,0.00566273466275089,0.0058069622249986,0.00513990974960292,0.00564470621746992,0.00423848748555471,0.000109973516213882,1.80284452809643e-06,1.80284452809643e-06,1.80284452809643e-06,1.80284452809643e-06,1.80284452809643e-06,1.80284452809643e-06,1.80284452809643e-06,1.80284452809643e-06,1.80284452809643e-06,1.80284452809643e-06,1.80284452809643e-06,1.80284452809643e-06,1.80284452809643e-06
0.00678049827017068,0.00674444137960875,0.00676246982488971,0.00679852671545164,0.00676246982488971,0.00674444137960875,0.00667232759848489,0.00658218537208007,0.0065641569267991,0.00654612848151814,0.00647401470039428,0.00643795780983235,0.00652810003623717,0.00643795780983235,0.0063117586928656,0.00609541734949403,0.00669035604376585,0.00616753113061789,0.00658218537208007,0.0068706404965755,0.00647401470039428,0.00634781558342753,0.00593316134196535,0.00587907600612246,0.00519399508544582,0.00521202353072678,0.000218144187899668,1.80284452809643e-06,1.80284452809643e-06,1.80284452809643e-06,1.80284452809643e-06,1.80284452809643e-06,1.80284452809643e-06,1.80284452809643e-06,1.80284452809643e-06,1.80284452809643e-06,1.80284452809643e-06,1.80284452809643e-06,1.80284452809643e-06,1.80284452809643e-06
0.00672641293432778,0.00678049827017068,0.00678049827017068,0.00679852671545164,0.00679852671545164,0.00674444137960875,0.00679852671545164,0.00694275427769935,0.00678049827017068,0.00692472583241839,0.00688866894185646,0.00665429915320393,0.00643795780983235,0.0070689533946661,0.00726726629275671,0.00685261205129453,0.00678049827017068,0.0070689533946661,0.00685261205129453,0.00625767335702271,0.00670838448904682,0.00696078272298032,0.00670838448904682,0.00643795780983235,0.00539230798353642,0.00495962529679328,0.00043448553127124,1.80284452809643e-06,1.80284452809643e-06,1.80284452809643e-06,1.80284452809643e-06,1.80284452809643e-06,1.80284452809643e-06,1.80284452809643e-06,1.80284452809643e-06,1.80284452809643e-06,1.80284452809643e-06,1.80284452809643e-06,1.80284452809643e-06,1.80284452809643e-06
0.00647401470039428,0.00641992936455139,0.00640190091927042,0.00640190091927042,0.00651007159095621,0.00649204314567525,0.00647401470039428,0.00652810003623717,0.00678049827017068,0.00678049827017068,0.0068706404965755,0.00741149385500443,0.00733938007388057,0.00708698183994707,0.00672641293432778,0.00665429915320393,0.00663627070792296,0.00717712406635189,0.00724923784747575,0.0068165551607326,0.00715909562107093,0.00714106717578996,0.00679852671545164,0.00591513289668439,0.00622161646646078,0.0053021657571316,0.00102942422554306,1.80284452809643e-06,1.80284452809643e-06,1.80284452809643e-06,1.80284452809643e-06,1.80284452809643e-06,1.80284452809643e-06,1.80284452809643e-06,1.80284452809643e-06,1.80284452809643e-06,1.80284452809643e-06,1.80284452809643e-06,1.80284452809643e-06,1.80284452809643e-06
0.00744755074556636,0.00746557919084732,0.00751966452669021,0.00746557919084732,0.00746557919084732,0.00742952230028539,0.00735740851916153,0.00741149385500443,0.00742952230028539,0.0073213516285996,0.00739346540972346,0.00685261205129453,0.00692472583241839,0.00721318095691382,0.00760980675309503,0.007627835198376,0.00739346540972346,0.00739346540972346,0.00746557919084732,0.00730332318331864,0.00679852671545164,0.00802446099455721,0.00678049827017068,0.00688866894185646,0.00640190091927042,0.00564470621746992,0.00173253359150067,1.80284452809643e-06,1.80284452809643e-06,1.80284452809643e-06,1.80284452809643e-06,1.80284452809643e-06,1.80284452809643e-06,1.80284452809643e-06,1.80284452809643e-06,1.80284452809643e-06,1.80284452809643e-06,1.80284452809643e-06,1.80284452809643e-06,1.80284452809643e-06
0.00820474544736685,0.00822277389264782,0.00818671700208589,0.00822277389264782,0.00820474544736685,0.00818671700208589,0.00822277389264782,0.00800643254927625,0.00793431876815239,0.00815066011152396,0.00791629032287143,0.00795234721343335,0.00816868855680493,0.00797037565871432,0.00728529473803768,0.00773600587006178,0.00825883078320975,0.00744755074556636,0.00768192053421889,0.00768192053421889,0.00784417654174757,0.00804248943983818,0.00705092494938514,0.00670838448904682,0.00679852671545164,0.00623964491174175,0.00232747228577249,1.98312898090607e-05,1.80284452809643e-06,1.80284452809643e-06,1.80284452809643e-06,1.80284452809643e-06,1.80284452809643e-06,1.80284452809643e-06,1.80284452809643e-06,1.80284452809643e-06,1.80284452809643e-06,1.80284452809643e-06,1.80284452809643e-06,1.80284452809643e-06
0.00791629032287143,0.00789826187759046,0.00789826187759046,0.00791629032287143,0.00789826187759046,0.00795234721343335,0.00793431876815239,0.00795234721343335,0.00789826187759046,0.00775403431534275,0.00809657477568107,0.00833094456433361,0.00806051788511914,0.00795234721343335,0.00861939968882904,0.00822277389264782,0.00795234721343335,0.008132631666243,0.00798840410399528,0.00815066011152396,0.00782614809646661,0.00865545657939096,0.00753769297197118,0.00678049827017068,0.0070689533946661,0.00632978713814657,0.0035353781195971,1.98312898090607e-05,1.80284452809643e-06,1.80284452809643e-06,1.80284452809643e-06,1.80284452809643e-06,1.80284452809643e-06,1.80284452809643e-06,1.80284452809643e-06,1.80284452809643e-06,1.80284452809643e-06,1.80284452809643e-06,1.80284452809643e-06,1.80284452809643e-06
0.00829488767377168,0.00825883078320975,0.00822277389264782,0.00822277389264782,0.00824080233792878,0.00829488767377168,0.00842108679073843,0.00851122901714325,0.00851122901714325,0.00854728590770518,0.00827685922849071,0.0083850299001765,0.00845714368130036,0.00845714368130036,0.00816868855680493,0.00825883078320975,0.00849320057186228,0.00833094456433361,0.00887179792276254,0.00818671700208589,0.00865545657939096,0.00833094456433361,0.00849320057186228,0.00829488767377168,0.00690669738713743,0.00669035604376585,0.00524808042128871,0.000128001961494847,1.80284452809643e-06,1.80284452809643e-06,1.80284452809643e-06,1.80284452809643e-06,1.80284452809643e-06,1.80284452809643e-06,1.80284452809643e-06,1.80284452809643e-06,1.80284452809643e-06,1.80284452809643e-06,1.80284452809643e-06,1.80284452809643e-06
0.00907011082085314,0.00910616771141507,0.00903405393029121,0.00903405393029121,0.00897996859444832,0.00885376947748157,0.00870954191523386,0.00861939968882904,0.00845714368130036,0.00834897300961457,0.00831291611905264,0.00834897300961457,0.00852925746242421,0.00890785481332446,0.00861939968882904,0.00843911523601939,0.00876362725107675,0.00952082195287725,0.00941265128119146,0.00860137124354807,0.00872757036051482,0.00858334279826711,0.009647021069844,0.00818671700208589,0.00804248943983818,0.00744755074556636,0.0058610475608415,0.000362371750147383,1.80284452809643e-06,1.80284452809643e-06,1.80284452809643e-06,1.80284452809643e-06,1.80284452809643e-06,1.80284452809643e-06,1.80284452809643e-06,1.80284452809643e-06,1.80284452809643e-06,1.80284452809643e-06,1.80284452809643e-06,1.80284452809643e-06
0.00959293573400111,0.00961096417928207,0.00973716329624882,0.00975519174152979,0.00979124863209171,0.00988139085849654,0.0098994193037775,0.00993547619433943,0.00997153308490136,0.0100256184207443,0.0100075899754633,0.00991744774905846,0.00953885039815821,0.00957490728872014,0.00961096417928207,0.00961096417928207,0.00917828149253893,0.00916025304725796,0.0100436468660252,0.0102059028735539,0.00901602548501025,0.00910616771141507,0.0100616753113062,0.00903405393029121,0.00825883078320975,0.00809657477568107,0.00696078272298032,0.000903225108576312,1.80284452809643e-06,1.80284452809643e-06,1.80284452809643e-06,1.80284452809643e-06,1.80284452809643e-06,1.80284452809643e-06,1.80284452809643e-06,1.80284452809643e-06,1.80284452809643e-06,1.80284452809643e-06,1.80284452809643e-06,1.80284452809643e-06
0.0098994193037775,0.00988139085849654,0.00988139085849654,0.00984533396793461,0.00982730552265364,0.00977322018681075,0.00980927707737268,0.00984533396793461,0.00975519174152979,0.00973716329624882,0.00984533396793461,0.00955687884343918,0.00979124863209171,0.00962899262456304,0.00997153308490136,0.00997153308490136,0.0101157606471491,0.00944870817175339,0.00887179792276254,0.0110352113564783,0.00973716329624882,0.00917828149253893,0.0104943579980493,0.00995350463962039,0.00921433838310086,0.00773600587006178,0.00726726629275671,0.00144407846700524,1.80284452809643e-06,1.80284452809643e-06,1.80284452809643e-06,1.80284452809643e-06,1.80284452809643e-06,1.80284452809643e-06,1.80284452809643e-06,1.80284452809643e-06,1.80284452809643e-06,1.80284452809643e-06,1.80284452809643e-06,1.80284452809643e-06
0.0108909837942305,0.0108909837942305,0.0108368984583876,0.0108188700131067,0.0108729553489496,0.0109090122395115,0.0108909837942305,0.0107828131225448,0.0108368984583876,0.0108368984583876,0.0109630975753544,0.0109991544659163,0.0110532398017592,0.0105484433338922,0.0100977322018681,0.0102239313188349,0.0109991544659163,0.0105484433338922,0.0109811260206354,0.0110171829111973,0.0106025286697351,0.0101878744282729,0.00984533396793461,0.010169845982992,0.00982730552265364,0.00917828149253893,0.00786220498702853,0.00308466698757299,1.80284452809643e-06,1.80284452809643e-06,1.80284452809643e-06,1.80284452809643e-06,1.80284452809643e-06,1.80284452809643e-06,1.80284452809643e-06,1.80284452809643e-06,1.80284452809643e-06,1.80284452809643e-06,1.80284452809643e-06,1.80284452809643e-06
0.0124053731978315,0.0124234016431125,0.0124053731978315,0.0124414300883935,0.0123152309714267,0.0122791740808648,0.0122611456355838,0.0122972025261458,0.0124414300883935,0.0124955154242364,0.0122791740808648,0.0125135438695173,0.01218903185446,0.012152974963898,0.012171003409179,0.0113957802620975,0.0103681588810826,0.0111974673640069,0.0108188700131067,0.0114859224885024,0.0118104345035597,0.0110171829111973,0.0104222442169255,0.0110352113564783,0.0105123864433303,0.00887179792276254,0.00874559880579578,0.00495962529679328,0.000146030406775811,1.80284452809643e-06,1.80284452809643e-06,1.80284452809643e-06,1.80284452809643e-06,1.80284452809643e-06,1.80284452809643e-06,1.80284452809643e-06,1.80284452809643e-06,1.80284452809643e-06,1.80284452809643e-06,1.80284452809643e-06
0.0113957802620975,0.0114138087073785,0.0114678940432214,0.0114498655979404,0.0114678940432214,0.0115219793790643,0.0115219793790643,0.0115760647149072,0.011666206941312,0.0115400078243453,0.0117743776129978,0.0115219793790643,0.0120267758469313,0.0123693163072696,0.0125135438695173,0.013162567899632,0.0124234016431125,0.0120087474016503,0.0122972025261458,0.0122972025261458,0.0129642550015414,0.0128380558845747,0.01218903185446,0.0132527101260369,0.0114318371526595,0.011179438918726,0.0104943579980493,0.00627570180230367,0.000416457085990275,1.80284452809643e-06,1.80284452809643e-06,1.80284452809643e-06,1.80284452809643e-06,1.80284452809643e-06,1.80284452809643e-06,1.80284452809643e-06,1.80284452809643e-06,1.80284452809643e-06,1.80284452809643e-06,1.80284452809643e-06
0.0138296203750277,0.0137935634844658,0.0137394781486229,0.01368539281278,0.0137575065939039,0.0137394781486229,0.0138296203750277,0.0137755350391848,0.0135772221410942,0.013703421258061,0.0135231368052513,0.0134329945788465,0.0129281981109795,0.0128019989940128,0.0130724256732272,0.013180596344913,0.0139377910467135,0.0134870799146894,0.0132887670165988,0.0127479136581699,0.0138656772655896,0.0134329945788465,0.0125135438695173,0.0129822834468224,0.0123873447525506,0.0121349465186171,0.0107828131225448,0.00797037565871432,0.000975338889700169,1.80284452809643e-06,1.80284452809643e-06,1.80284452809643e-06,1.80284452809643e-06,1.80284452809643e-06,1.80284452809643e-06,1.80284452809643e-06,1.80284452809643e-06,1.80284452809643e-06,1.80284452809643e-06,1.80284452809643e-06
0.0145507581862663,0.0145687866315473,0.0146589288579521,0.014713014193795,0.0147310426390759,0.014694985748514,0.014694985748514,0.0146409004126711,0.014694985748514,0.0146409004126711,0.0148392133107617,0.0152538675522239,0.0151456968805381,0.014676957303233,0.0145147012957044,0.0140820186089612,0.0139197626014325,0.0144786444051424,0.0135411652505323,0.0134149661335655,0.0139377910467135,0.0144245590692995,0.0139738479372754,0.0139377910467135,0.013703421258061,0.0137394781486229,0.0114859224885024,0.0112695811451308,0.00236352917633442,3.7859735090025e-05,1.80284452809643e-06,1.80284452809643e-06,1.80284452809643e-06,1.80284452809643e-06,1.80284452809643e-06,1.80284452809643e-06,1.80284452809643e-06,1.80284452809643e-06,1.80284452809643e-06,1.80284452809643e-06
0.0162454320426769,0.016227403597396,0.016209375152115,0.016209375152115,0.0161372613709912,0.0161012044804292,0.0159930338087434,0.0160651475898673,0.0160290906993054,0.0161012044804292,0.0158127493559338,0.015686550238967,0.0160471191445863,0.0163355742690818,0.0156144364578432,0.0155062657861574,0.0153259813333478,0.0154882373408764,0.0157586640200909,0.0153620382239097,0.0144966728504234,0.0164978302766104,0.0162995173785198,0.0144425875145805,0.0168944560727916,0.0143524452881757,0.0130363687826653,0.0115400078243453,0.00486948307038846,0.000236172633180632,1.80284452809643e-06,1.80284452809643e-06,1.80284452809643e-06,1.80284452809643e-06,1.80284452809643e-06,1.80284452809643e-06,1.80284452809643e-06,1.80284452809643e-06,1.80284452809643e-06,1.80284452809643e-06
0.01873335749145,0.018751385936731,0.0186973006008881,0.0186973006008881,0.018751385936731,0.018751385936731,0.0188054712725739,0.0186071583744833,0.0185350445933594,0.0184268739216736,0.0185170161480784,0.018246589468864,0.0178319352274018,0.0180482765707734,0.0186973006008881,0.0186973006008881,0.0180663050160543,0.0173992525406587,0.016714171619982,0.0168583991822297,0.0166420578388582,0.0169305129633536,0.0167502285105439,0.0170747405256013,0.0161552898162721,0.0161372613709912,0.0153079528880668,0.0135772221410942,0.00834897300961457,0.00068688376520474,1.80284452809643e-06,1.80284452809643e-06,1.80284452809643e-06,1.80284452809643e-06,1.80284452809643e-06,1.80284452809643e-06,1.80284452809643e-06,1.80284452809643e-06,1.80284452809643e-06,1.80284452809643e-06
0.0203919744572987,0.0203378891214558,0.0203378891214558,0.0203378891214558,0.0203378891214558,0.0203559175667368,0.0203739460120178,0.0204640882384226,0.0204640882384226,0.0205542304648274,0.0206083158006703,0.0208246571440419,0.0206263442459513,0.0203198606761749,0.0201035193328033,0.0195085806385315,0.0198330926535888,0.0198871779894317,0.0194004099668457,0.0188054712725739,0.0186071583744833,0.0183547601405498,0.0203559175667368,0.018751385936731,0.0188234997178548,0.0185891299292023,0.0178499636726828,0.0158848631370576,0.0118825482846836,0.00189478959902935,3.7859735090025e-05,1.80284452809643e-06,1.80284452809643e-06,1.80284452809643e-06,1.80284452809643e-06,1.80284452809643e-06,1.80284452809643e-06,1.80284452809643e-06,1.80284452809643e-06,1.80284452809643e-06
0.0228798999060718,0.0229339852419147,0.0230060990230385,0.0230421559136005,0.0229700421324766,0.0230241274683195,0.0229520136871957,0.0230962412494434,0.0230601843588814,0.022789757679667,0.0226455301174193,0.0225193310004525,0.0229159567966337,0.0232224403664101,0.0229520136871957,0.0236010377173104,0.0233306110380959,0.0235649808267484,0.0233666679286578,0.0212933967213469,0.0211491691590992,0.0209328278157277,0.020770571808199,0.0217080509628091,0.0204640882384226,0.0205542304648274,0.0198150642083079,0.0178499636726828,0.0157406355748099,0.0058069622249986,0.000236172633180632,1.80284452809643e-06,1.80284452809643e-06,1.80284452809643e-06,1.80284452809643e-06,1.80284452809643e-06,1.80284452809643e-06,1.80284452809643e-06,1.80284452809643e-06,1.80284452809643e-06
0.0254399391359687,0.0254579675812497,0.0253858538001258,0.0252416262378781,0.0252416262378781,0.0251695124567543,0.0252596546831591,0.0251875409020352,0.0254759960265307,0.0256382520340593,0.0257464227057451,0.0257103658151832,0.0258726218227119,0.0256021951434974,0.0256743089246213,0.0256202235887784,0.0254579675812497,0.0251334555661923,0.0258545933774309,0.0260348778302406,0.0246827444341682,0.0233666679286578,0.0234207532645007,0.0251334555661923,0.0236010377173104,0.0235108954909055,0.0230060990230385,0.0214736811741566,0.018751385936731,0.0104042157716445,0.00115562334250981,1.80284452809643e-06,1.80284452809643e-06,1.80284452809643e-06,1.80284452809643e-06,1.80284452809643e-06,1.80284452809643e-06,1.80284452809643e-06,1.80284452809643e-06,1.80284452809643e-06
0.0307943873844151,0.0307763589391342,0.0308304442749771,0.0309566433919438,0.0309746718372248,0.0310648140636296,0.0309566433919438,0.0311008709541915,0.0310648140636296,0.0310287571730677,0.0311188993994725,0.0311910131805963,0.0312270700711583,0.0316597527579014,0.0315155251956537,0.0317138380937443,0.0319121509918349,0.0306141029316055,0.0301453633543004,0.0313172122975631,0.0305780460410436,0.02882928684879,0.0281622343733943,0.0288112584035091,0.0299650789014908,0.0280901205922705,0.0267019303056362,0.0266478449697933,0.0235649808267484,0.0182826463594259,0.0048514546251075,0.000254201078461597,1.80284452809643e-06,1.80284452809643e-06,1.80284452809643e-06,1.80284452809643e-06,1.80284452809643e-06,1.80284452809643e-06,1.80284452809643e-06,1.80284452809643e-06
0.034922901353756,0.034922901353756,0.034886844463194,0.034886844463194,0.034886844463194,0.0348147306820702,0.0348688160179131,0.0346344462292605,0.0345082471122938,0.0345082471122938,0.0342738773236412,0.0342197919877983,0.0343640195500461,0.0338231661916171,0.0343459911047651,0.0347065600103844,0.0351031858065656,0.0360226365158948,0.0363651769762331,0.035914465844209,0.0372485707950004,0.0363110916403902,0.0350310720254417,0.0330299145992547,0.0331380852709405,0.0334445688407169,0.0345262755575747,0.0324530043502638,0.0309025580561009,0.0265577027433885,0.0130183403373843,0.00148013535756717,1.98312898090607e-05,1.80284452809643e-06,1.80284452809643e-06,1.80284452809643e-06,1.80284452809643e-06,1.80284452809643e-06,1.80284452809643e-06,1.80284452809643e-06
0.0439371239942381,0.0439371239942381,0.043991209330081,0.0439731808848,0.043991209330081,0.0440452946659239,0.0439731808848,0.0440633231112049,0.0439731808848,0.0439731808848,0.0441354368923287,0.0444419204621051,0.0440272662206429,0.0440633231112049,0.0442976928998574,0.0439010671036762,0.0438830386583952,0.0440633231112049,0.0452351720544675,0.0451810867186246,0.0456678547412107,0.0451810867186246,0.0441714937828906,0.0438469817678333,0.0434142990810901,0.0433061284094044,0.0419359665680511,0.0423866777000752,0.0401331220399546,0.0371764570138765,0.0274951818979987,0.00941265128119146,0.00106548111610499,1.98312898090607e-05,1.80284452809643e-06,1.80284452809643e-06,1.80284452809643e-06,1.80284452809643e-06,1.80284452809643e-06,1.80284452809643e-06
0.0607937203319397,0.0607937203319397,0.0607216065508159,0.0606855496602539,0.0607216065508159,0.0607216065508159,0.0608117487772207,0.0608478056677826,0.0609920332300303,0.0609920332300303,0.0609199194489065,0.0605413220980062,0.060649492769692,0.0612444314639638,0.0607216065508159,0.0604872367621633,0.0597480705056438,0.0602528669735108,0.0588105913510337,0.0598382127320486,0.0606855496602539,0.0613706305809306,0.0615328865884593,0.0600545540754202,0.0590269326944052,0.0577649415247377,0.0568995761512514,0.05612435300417,0.0554933574193362,0.0519958390348291,0.0472543579259355,0.0299109935656479,0.00953885039815821,0.000903225108576312,7.39166256519536e-05,1.80284452809643e-06,1.80284452809643e-06,1.80284452809643e-06,1.80284452809643e-06,1.80284452809643e-06
0.0906488257172166,0.0906488257172166,0.0907569963889024,0.0907569963889024,0.0906848826077786,0.0906848826077786,0.0906668541624976,0.0907930532794643,0.0905226266002499,0.0906127688266547,0.0904324843738451,0.0907750248341834,0.0908291101700263,0.0901800861399116,0.0903423421474402,0.0900178301323829,0.0913519350831742,0.089945716351259,0.0898375456795732,0.088936123415525,0.0875839900194527,0.0883231562759722,0.0894228914381111,0.0892606354305824,0.0875118762383288,0.0887918958532773,0.0885214691740628,0.0862138281780994,0.0840504147443837,0.0826261675671875,0.0789663931751518,0.0709797919156846,0.0446762902507576,0.0179581343443685,0.00393200391577832,0.00030828641430449,1.80284452809643e-06,1.80284452809643e-06,1.80284452809643e-06,1.80284452809643e-06
0.178789894695851,0.178807923141132,0.178789894695851,0.178880036922256,0.179006236039223,0.179078349820347,0.179258634273156,0.179312719608999,0.179853572967428,0.180376397880576,0.181512189933277,0.182666010431258,0.184613082521603,0.1879303164533,0.192311228656574,0.199089924082217,0.207292866685056,0.220435603294879,0.237382341858985,0.259286902875357,0.287086765498604,0.321268697751312,0.359795485316733,0.404920683854986,0.454985676400224,0.504780242266248,0.554322409898338,0.599465636881872,0.637145087519088,0.659518388112764,0.662745479818057,0.638965960492465,0.580211257321802,0.468579124142071,0.319664166121306,0.170514838311888,0.0201576046686462,0.00272409808195371,0.000109973516213882,1.80284452809643e-06
0.00180464737262453,0.00180464737262453,0.00182267581790549,0.00184070426318646,0.00187676115374838,0.00193084648959128,0.00196690338015321,0.00212915938768188,0.00230944384049153,0.00241761451217731,0.0025257851838631,0.00265198430082985,0.00272409808195371,0.00276015497251564,0.00279621186307756,0.00283226875363949,0.00286832564420142,0.00290438253476335,0.00299452476116817,0.00306663854229203,0.00330100833094456,0.00371566257240674,0.00488751151566942,0.00660021381736103,0.00980927707737268,0.014713014193795,0.0235469523814675,0.0396283255720876,0.0648861774107186,0.104440586357154,0.163898398893775,0.248650120159588,0.364140340629445,0.512189933276724,0.675978358654285,0.8288235177463,0.979487234959319,0.996920741546011,0.999534866111751,0.999643036783437
19324377.1,19324377.1,19324377.1,19324377.1,19324377.1,19324377.1,19324377.1,19324377.1,19324377.1,19324377.1,19324377.1,19324377.1,19324377.1,19324377.1,19324377.1,19324377.1,19324377.1,19324377.1,19324377.1,19324377.1,19324377.1,19324377.1,19324377.1,19324377.1,19324377.1,19324377.1,19324377.1,19324377.1,19324377.1,19324377.1,19324377.1,19324377.1,19324377.1,19324377.1,19324377.1,19324377.1,19324377.1,19324377.1,19324377.1,19324377.1
