"V1","V2","V3","V4","V5","V6","V7","V8","V9","V10","V11","V12","V13","V14","V15","V16","V17","V18","V19","V20","V21","V22","V23","V24","V25","V26","V27","V28","V29","V30","V31","V32","V33","V34","V35","V36","V37","V38","V39","V40","V41","V42","V43","V44","V45","V46","V47","V48","V49","V50","V51","V52","V53","V54","V55","V56","V57","V58","V59","V60","V61","V62","V63","V64","V65","V66","V67","V68","V69","V70","V71","V72","V73","V74","V75","V76","V77","V78","V79","V80","V81","V82","V83","V84","V85","V86","V87","V88","V89","V90","V91","V92","V93","V94","V95","V96","V97","V98","V99","V100"
0.000197667523225934,0.000197667523225934,0.000197667523225934,0.000197667523225934,0.000197667523225934,0.000197667523225934,0.000197667523225934,0.000197667523225934,0.000197667523225934,0.000197667523225934,0.000197667523225934,0.000197667523225934,0.000197667523225934,0.000197667523225934,0.000197667523225934,0.000197667523225934,0.000197667523225934,0.000197667523225934,0.000197667523225934,0.000197667523225934,0.000197667523225934,0.000197667523225934,0.000197667523225934,0.000197667523225934,0.000197667523225934,0.000197667523225934,0.000197667523225934,0.000197667523225934,0.000197667523225934,0.000197667523225934,0.000197667523225934,0.000197667523225934,0.000197667523225934,0.000197667523225934,0.000197667523225934,0.000197667523225934,0.000197667523225934,0.000197667523225934,0.000197667523225934,0.000197667523225934,0.000197667523225934,0.000197667523225934,0.000197667523225934,0.000197667523225934,0.000197667523225934,0.000197667523225934,0.000197667523225934,0.000197667523225934,0.000197667523225934,0.000197667523225934,0.000197667523225934,0.000197667523225934,0.000197667523225934,0.000197667523225934,0.000197667523225934,0.000197667523225934,0.000197667523225934,0.000197667523225934,0.000197667523225934,0.000197667523225934,0.000197667523225934,0.000197667523225934,0.000197667523225934,0.000197667523225934,0.000197667523225934,0.000197667523225934,0.000197667523225934,0.000197667523225934,0.000197667523225934,0.000197667523225934,0.000197667523225934,0.000197667523225934,0.000197667523225934,0.000197667523225934,0.000197667523225934,0.000197667523225934,0.000197667523225934,0.000197667523225934,0.000197667523225934,0.000197667523225934,0.000197667523225934,0.000197667523225934,0.000197667523225934,0.000197667523225934,0.000197667523225934,0.000197667523225934,0.000197667523225934,0.000197667523225934,0.000197667523225934,0.000197667523225934,0.000197667523225934,0.000197667523225934,0.000197667523225934,0.000197667523225934,0.000197667523225934,0.000197667523225934,0.000197667523225934,0.000197667523225934,0.000197667523225934,0.000197667523225934
0.000197667523225934,0.000197667523225934,0.000197667523225934,0.000197667523225934,0.000197667523225934,0.000197667523225934,0.000197667523225934,0.000197667523225934,0.000197667523225934,0.000197667523225934,0.000197667523225934,0.000197667523225934,0.000197667523225934,0.000197667523225934,0.000197667523225934,0.000197667523225934,0.000197667523225934,0.000197667523225934,0.000197667523225934,0.000197667523225934,0.000197667523225934,0.000197667523225934,0.000197667523225934,0.000197667523225934,0.000197667523225934,0.000197667523225934,0.000197667523225934,0.000197667523225934,0.000197667523225934,0.000197667523225934,0.000197667523225934,0.000197667523225934,0.000197667523225934,0.000197667523225934,0.000197667523225934,0.000197667523225934,0.000197667523225934,0.000197667523225934,0.000197667523225934,0.000197667523225934,0.000197667523225934,0.000197667523225934,0.000197667523225934,0.000197667523225934,0.000197667523225934,0.000197667523225934,0.000197667523225934,0.000197667523225934,0.000197667523225934,0.000197667523225934,0.000197667523225934,0.000197667523225934,0.000197667523225934,0.000197667523225934,0.000197667523225934,0.000197667523225934,0.000197667523225934,0.000197667523225934,0.000197667523225934,0.000197667523225934,0.000197667523225934,0.000197667523225934,0.000197667523225934,0.000197667523225934,0.000197667523225934,0.000197667523225934,0.000197667523225934,0.000197667523225934,0.000197667523225934,0.000197667523225934,0.000197667523225934,0.000197667523225934,0.000197667523225934,0.000197667523225934,0.000197667523225934,0.000197667523225934,0.000197667523225934,0.000197667523225934,0.000197667523225934,0.000197667523225934,0.000197667523225934,0.000197667523225934,0.000197667523225934,0.000197667523225934,0.000197667523225934,0.000197667523225934,0.000197667523225934,0.000197667523225934,0.000197667523225934,0.000197667523225934,0.000197667523225934,0.000197667523225934,0.000197667523225934,0.000197667523225934,0.000197667523225934,0.000197667523225934,0.000197667523225934,0.000197667523225934,0.000197667523225934,0.000197667523225934
0.000197667523225934,0.000197667523225934,0.000197667523225934,0.000197667523225934,0.000197667523225934,0.000197667523225934,0.000197667523225934,0.000197667523225934,0.000197667523225934,0.000197667523225934,0.000197667523225934,0.000197667523225934,0.000197667523225934,0.000197667523225934,0.000197667523225934,0.000197667523225934,0.000197667523225934,0.000197667523225934,0.000197667523225934,0.000197667523225934,0.000197667523225934,0.000197667523225934,0.000197667523225934,0.000197667523225934,0.000197667523225934,0.000197667523225934,0.000197667523225934,0.000197667523225934,0.000197667523225934,0.000197667523225934,0.000197667523225934,0.000197667523225934,0.000197667523225934,0.000197667523225934,0.000197667523225934,0.000197667523225934,0.000197667523225934,0.000197667523225934,0.000197667523225934,0.000197667523225934,0.000197667523225934,0.000197667523225934,0.000197667523225934,0.000197667523225934,0.000197667523225934,0.000197667523225934,0.000197667523225934,0.000197667523225934,0.000197667523225934,0.000197667523225934,0.000197667523225934,0.000197667523225934,0.000197667523225934,0.000197667523225934,0.000197667523225934,0.000197667523225934,0.000197667523225934,0.000197667523225934,0.000197667523225934,0.000197667523225934,0.000197667523225934,0.000197667523225934,0.000197667523225934,0.000197667523225934,0.000197667523225934,0.000197667523225934,0.000197667523225934,0.000197667523225934,0.000197667523225934,0.000197667523225934,0.000197667523225934,0.000197667523225934,0.000197667523225934,0.000197667523225934,0.000197667523225934,0.000197667523225934,0.000197667523225934,0.000197667523225934,0.000197667523225934,0.000197667523225934,0.000197667523225934,0.000197667523225934,0.000197667523225934,0.000197667523225934,0.000197667523225934,0.000197667523225934,0.000197667523225934,0.000197667523225934,0.000197667523225934,0.000197667523225934,0.000197667523225934,0.000197667523225934,0.000197667523225934,0.000197667523225934,0.000197667523225934,0.000197667523225934,0.000197667523225934,0.000197667523225934,0.000197667523225934,0.000197667523225934
0.000197667523225934,0.000197667523225934,0.000197667523225934,0.000197667523225934,0.000197667523225934,0.000197667523225934,0.000197667523225934,0.000197667523225934,0.000197667523225934,0.000197667523225934,0.000197667523225934,0.000197667523225934,0.000197667523225934,0.000197667523225934,0.000197667523225934,0.000197667523225934,0.000197667523225934,0.000197667523225934,0.000197667523225934,0.000197667523225934,0.000197667523225934,0.000197667523225934,0.000197667523225934,0.000197667523225934,0.000197667523225934,0.000197667523225934,0.000197667523225934,0.000197667523225934,0.000197667523225934,0.000197667523225934,0.000197667523225934,0.000197667523225934,0.000197667523225934,0.000197667523225934,0.000197667523225934,0.000197667523225934,0.000197667523225934,0.000197667523225934,0.000197667523225934,0.000197667523225934,0.000197667523225934,0.000197667523225934,0.000197667523225934,0.000197667523225934,0.000197667523225934,0.000197667523225934,0.000197667523225934,0.000197667523225934,0.000197667523225934,0.000197667523225934,0.000197667523225934,0.000197667523225934,0.000197667523225934,0.000197667523225934,0.000197667523225934,0.000197667523225934,0.000197667523225934,0.000197667523225934,0.000197667523225934,0.000197667523225934,0.000197667523225934,0.000197667523225934,0.000197667523225934,0.000197667523225934,0.000197667523225934,0.000197667523225934,0.000197667523225934,0.000197667523225934,0.000197667523225934,0.000197667523225934,0.000197667523225934,0.000197667523225934,0.000197667523225934,0.000197667523225934,0.000197667523225934,0.000197667523225934,0.000197667523225934,0.000197667523225934,0.000197667523225934,0.000197667523225934,0.000197667523225934,0.000197667523225934,0.000197667523225934,0.000197667523225934,0.000197667523225934,0.000197667523225934,0.000197667523225934,0.000197667523225934,0.000197667523225934,0.000197667523225934,0.000197667523225934,0.000197667523225934,0.000197667523225934,0.000197667523225934,0.000197667523225934,0.000197667523225934,0.000197667523225934,0.000197667523225934,0.000197667523225934,0.000197667523225934
0.000197667523225934,0.000197667523225934,0.000197667523225934,0.000197667523225934,0.000197667523225934,0.000197667523225934,0.000197667523225934,0.000197667523225934,0.000197667523225934,0.000197667523225934,0.000197667523225934,0.000197667523225934,0.000197667523225934,0.000197667523225934,0.000197667523225934,0.000197667523225934,0.000197667523225934,0.000197667523225934,0.000197667523225934,0.000197667523225934,0.000197667523225934,0.000197667523225934,0.000197667523225934,0.000197667523225934,0.000197667523225934,0.000197667523225934,0.000197667523225934,0.000197667523225934,0.000197667523225934,0.000197667523225934,0.000197667523225934,0.000197667523225934,0.000197667523225934,0.000197667523225934,0.000197667523225934,0.000197667523225934,0.000197667523225934,0.000197667523225934,0.000197667523225934,0.000197667523225934,0.000197667523225934,0.000197667523225934,0.000197667523225934,0.000197667523225934,0.000197667523225934,0.000197667523225934,0.000197667523225934,0.000197667523225934,0.000197667523225934,0.000197667523225934,0.000197667523225934,0.000197667523225934,0.000197667523225934,0.000197667523225934,0.000197667523225934,0.000197667523225934,0.000197667523225934,0.000197667523225934,0.000197667523225934,0.000197667523225934,0.000197667523225934,0.000197667523225934,0.000197667523225934,0.000197667523225934,0.000197667523225934,0.000197667523225934,0.000197667523225934,0.000197667523225934,0.000197667523225934,0.000197667523225934,0.000197667523225934,0.000197667523225934,0.000197667523225934,0.000197667523225934,0.000197667523225934,0.000197667523225934,0.000197667523225934,0.000197667523225934,0.000197667523225934,0.000197667523225934,0.000197667523225934,0.000197667523225934,0.000197667523225934,0.000197667523225934,0.000197667523225934,0.000197667523225934,0.000197667523225934,0.000197667523225934,0.000197667523225934,0.000197667523225934,0.000197667523225934,0.000197667523225934,0.000197667523225934,0.000197667523225934,0.000197667523225934,0.000197667523225934,0.000197667523225934,0.000197667523225934,0.000197667523225934,0.000197667523225934
0.000197667523225934,0.000197667523225934,0.000197667523225934,0.000197667523225934,0.000197667523225934,0.000197667523225934,0.000197667523225934,0.000197667523225934,0.000197667523225934,0.000197667523225934,0.000197667523225934,0.000197667523225934,0.000197667523225934,0.000197667523225934,0.000197667523225934,0.000197667523225934,0.000197667523225934,0.000197667523225934,0.000197667523225934,0.000197667523225934,0.000197667523225934,0.000197667523225934,0.000197667523225934,0.000197667523225934,0.000197667523225934,0.000197667523225934,0.000197667523225934,0.000197667523225934,0.000197667523225934,0.000197667523225934,0.000197667523225934,0.000197667523225934,0.000197667523225934,0.000197667523225934,0.000197667523225934,0.000197667523225934,0.000197667523225934,0.000197667523225934,0.000197667523225934,0.000197667523225934,0.000197667523225934,0.000197667523225934,0.000197667523225934,0.000197667523225934,0.000197667523225934,0.000197667523225934,0.000197667523225934,0.000197667523225934,0.000197667523225934,0.000197667523225934,0.000197667523225934,0.000197667523225934,0.000197667523225934,0.000197667523225934,0.000197667523225934,0.000197667523225934,0.000197667523225934,0.000197667523225934,0.000197667523225934,0.000197667523225934,0.000197667523225934,0.000197667523225934,0.000197667523225934,0.000197667523225934,0.000197667523225934,0.000197667523225934,0.000197667523225934,0.000197667523225934,0.000197667523225934,0.000197667523225934,0.000197667523225934,0.000197667523225934,0.000197667523225934,0.000197667523225934,0.000197667523225934,0.000197667523225934,0.000197667523225934,0.000197667523225934,0.000197667523225934,0.000197667523225934,0.000197667523225934,0.000197667523225934,0.000197667523225934,0.000197667523225934,0.000197667523225934,0.000197667523225934,0.000197667523225934,0.000197667523225934,0.000197667523225934,0.000197667523225934,0.000197667523225934,0.000197667523225934,0.000197667523225934,0.000197667523225934,0.000197667523225934,0.000197667523225934,0.000197667523225934,0.000197667523225934,0.000197667523225934,0.000197667523225934
0.000197667523225934,0.000197667523225934,0.000197667523225934,0.000197667523225934,0.000197667523225934,0.000197667523225934,0.000197667523225934,0.000197667523225934,0.000197667523225934,0.000197667523225934,0.000197667523225934,0.000197667523225934,0.000197667523225934,0.000197667523225934,0.000197667523225934,0.000197667523225934,0.000197667523225934,0.000197667523225934,0.000197667523225934,0.000197667523225934,0.000197667523225934,0.000197667523225934,0.000197667523225934,0.000197667523225934,0.000197667523225934,0.000197667523225934,0.000197667523225934,0.000197667523225934,0.000197667523225934,0.000197667523225934,0.000197667523225934,0.000197667523225934,0.000197667523225934,0.000197667523225934,0.000197667523225934,0.000197667523225934,0.000197667523225934,0.000197667523225934,0.000197667523225934,0.000197667523225934,0.000197667523225934,0.000197667523225934,0.000197667523225934,0.000197667523225934,0.000197667523225934,0.000197667523225934,0.000197667523225934,0.000197667523225934,0.000197667523225934,0.000197667523225934,0.000197667523225934,0.000197667523225934,0.000197667523225934,0.000197667523225934,0.000197667523225934,0.000197667523225934,0.000197667523225934,0.000197667523225934,0.000197667523225934,0.000197667523225934,0.000197667523225934,0.000197667523225934,0.000197667523225934,0.000197667523225934,0.000197667523225934,0.000197667523225934,0.000197667523225934,0.000197667523225934,0.000197667523225934,0.000197667523225934,0.000197667523225934,0.000197667523225934,0.000197667523225934,0.000197667523225934,0.000197667523225934,0.000197667523225934,0.000197667523225934,0.000197667523225934,0.000197667523225934,0.000197667523225934,0.000197667523225934,0.000197667523225934,0.000197667523225934,0.000197667523225934,0.000197667523225934,0.000197667523225934,0.000197667523225934,0.000197667523225934,0.000197667523225934,0.000197667523225934,0.000197667523225934,0.000197667523225934,0.000197667523225934,0.000197667523225934,0.000197667523225934,0.000197667523225934,0.000197667523225934,0.000197667523225934,0.000197667523225934,0.000197667523225934
0.000197667523225934,0.000197667523225934,0.000197667523225934,0.000197667523225934,0.000197667523225934,0.000197667523225934,0.000197667523225934,0.000197667523225934,0.000197667523225934,0.000197667523225934,0.000197667523225934,0.000197667523225934,0.000197667523225934,0.000197667523225934,0.000197667523225934,0.000197667523225934,0.000197667523225934,0.000197667523225934,0.000197667523225934,0.000197667523225934,0.000197667523225934,0.000197667523225934,0.000197667523225934,0.000197667523225934,0.000197667523225934,0.000197667523225934,0.000197667523225934,0.000197667523225934,0.000197667523225934,0.000197667523225934,0.000197667523225934,0.000197667523225934,0.000197667523225934,0.000197667523225934,0.000197667523225934,0.000197667523225934,0.000197667523225934,0.000197667523225934,0.000197667523225934,0.000197667523225934,0.000197667523225934,0.000197667523225934,0.000197667523225934,0.000197667523225934,0.000197667523225934,0.000197667523225934,0.000197667523225934,0.000197667523225934,0.000197667523225934,0.000197667523225934,0.000197667523225934,0.000197667523225934,0.000197667523225934,0.000197667523225934,0.000197667523225934,0.000197667523225934,0.000197667523225934,0.000197667523225934,0.000197667523225934,0.000197667523225934,0.000197667523225934,0.000197667523225934,0.000197667523225934,0.000197667523225934,0.000197667523225934,0.000197667523225934,0.000197667523225934,0.000197667523225934,0.000197667523225934,0.000197667523225934,0.000197667523225934,0.000197667523225934,0.000197667523225934,0.000197667523225934,0.000197667523225934,0.000197667523225934,0.000197667523225934,0.000197667523225934,0.000197667523225934,0.000197667523225934,0.000197667523225934,0.000197667523225934,0.000197667523225934,0.000197667523225934,0.000197667523225934,0.000197667523225934,0.000197667523225934,0.000197667523225934,0.000197667523225934,0.000197667523225934,0.000197667523225934,0.000197667523225934,0.000197667523225934,0.000197667523225934,0.000197667523225934,0.000197667523225934,0.000197667523225934,0.000197667523225934,0.000197667523225934,0.000197667523225934
0.000197667523225934,0.000197667523225934,0.000197667523225934,0.000197667523225934,0.000197667523225934,0.000197667523225934,0.000197667523225934,0.000197667523225934,0.000197667523225934,0.000197667523225934,0.000197667523225934,0.000197667523225934,0.000197667523225934,0.000197667523225934,0.000197667523225934,0.000197667523225934,0.000197667523225934,0.000197667523225934,0.000197667523225934,0.000197667523225934,0.000197667523225934,0.000197667523225934,0.000197667523225934,0.000197667523225934,0.000197667523225934,0.000197667523225934,0.000197667523225934,0.000197667523225934,0.000197667523225934,0.000197667523225934,0.000197667523225934,0.000197667523225934,0.000197667523225934,0.000197667523225934,0.000197667523225934,0.000197667523225934,0.000197667523225934,0.000197667523225934,0.000197667523225934,0.000197667523225934,0.000197667523225934,0.000197667523225934,0.000197667523225934,0.000197667523225934,0.000197667523225934,0.000197667523225934,0.000197667523225934,0.000197667523225934,0.000197667523225934,0.000197667523225934,0.000197667523225934,0.000197667523225934,0.000197667523225934,0.000197667523225934,0.000197667523225934,0.000197667523225934,0.000197667523225934,0.000197667523225934,0.000197667523225934,0.000197667523225934,0.000197667523225934,0.000197667523225934,0.000197667523225934,0.000197667523225934,0.000197667523225934,0.000197667523225934,0.000197667523225934,0.000197667523225934,0.000197667523225934,0.000197667523225934,0.000197667523225934,0.000197667523225934,0.000197667523225934,0.000197667523225934,0.000197667523225934,0.000197667523225934,0.000197667523225934,0.000197667523225934,0.000197667523225934,0.000197667523225934,0.000197667523225934,0.000197667523225934,0.000197667523225934,0.000197667523225934,0.000197667523225934,0.000197667523225934,0.000197667523225934,0.000197667523225934,0.000197667523225934,0.000197667523225934,0.000197667523225934,0.000197667523225934,0.000197667523225934,0.000197667523225934,0.000197667523225934,0.000197667523225934,0.000197667523225934,0.000197667523225934,0.000197667523225934,0.000197667523225934
0.000197667523225934,0.000197667523225934,0.000197667523225934,0.000197667523225934,0.000197667523225934,0.000197667523225934,0.000197667523225934,0.000197667523225934,0.000197667523225934,0.000197667523225934,0.000197667523225934,0.000197667523225934,0.000197667523225934,0.000197667523225934,0.000197667523225934,0.000197667523225934,0.000197667523225934,0.000197667523225934,0.000197667523225934,0.000197667523225934,0.000197667523225934,0.000197667523225934,0.000197667523225934,0.000197667523225934,0.000197667523225934,0.000197667523225934,0.000197667523225934,0.000197667523225934,0.000197667523225934,0.000197667523225934,0.000197667523225934,0.000197667523225934,0.000197667523225934,0.000197667523225934,0.000197667523225934,0.000197667523225934,0.000197667523225934,0.000197667523225934,0.000197667523225934,0.000197667523225934,0.000197667523225934,0.000197667523225934,0.000197667523225934,0.000197667523225934,0.000197667523225934,0.000197667523225934,0.000197667523225934,0.000197667523225934,0.000197667523225934,0.000197667523225934,0.000197667523225934,0.000197667523225934,0.000197667523225934,0.000197667523225934,0.000197667523225934,0.000197667523225934,0.000197667523225934,0.000197667523225934,0.000197667523225934,0.000197667523225934,0.000197667523225934,0.000197667523225934,0.000197667523225934,0.000197667523225934,0.000197667523225934,0.000197667523225934,0.000197667523225934,0.000197667523225934,0.000197667523225934,0.000197667523225934,0.000197667523225934,0.000197667523225934,0.000197667523225934,0.000197667523225934,0.000197667523225934,0.000197667523225934,0.000197667523225934,0.000197667523225934,0.000197667523225934,0.000197667523225934,0.000197667523225934,0.000197667523225934,0.000197667523225934,0.000197667523225934,0.000197667523225934,0.000197667523225934,0.000197667523225934,0.000197667523225934,0.000197667523225934,0.000197667523225934,0.000197667523225934,0.000197667523225934,0.000197667523225934,0.000197667523225934,0.000197667523225934,0.000197667523225934,0.000197667523225934,0.000197667523225934,0.000197667523225934,0.000197667523225934
0.000197667523225934,0.000197667523225934,0.000197667523225934,0.000197667523225934,0.000197667523225934,0.000197667523225934,0.000197667523225934,0.000197667523225934,0.000197667523225934,0.000197667523225934,0.000197667523225934,0.000197667523225934,0.000197667523225934,0.000197667523225934,0.000197667523225934,0.000197667523225934,0.000197667523225934,0.000197667523225934,0.000197667523225934,0.000197667523225934,0.000197667523225934,0.000197667523225934,0.000197667523225934,0.000197667523225934,0.000197667523225934,0.000197667523225934,0.000197667523225934,0.000197667523225934,0.000197667523225934,0.000197667523225934,0.000197667523225934,0.000197667523225934,0.000197667523225934,0.000197667523225934,0.000197667523225934,0.000197667523225934,0.000197667523225934,0.000197667523225934,0.000197667523225934,0.000197667523225934,0.000197667523225934,0.000197667523225934,0.000197667523225934,0.000197667523225934,0.000197667523225934,0.000197667523225934,0.000197667523225934,0.000197667523225934,0.000197667523225934,0.000197667523225934,0.000197667523225934,0.000197667523225934,0.000197667523225934,0.000197667523225934,0.000197667523225934,0.000197667523225934,0.000197667523225934,0.000197667523225934,0.000197667523225934,0.000197667523225934,0.000197667523225934,0.000197667523225934,0.000197667523225934,0.000197667523225934,0.000197667523225934,0.000197667523225934,0.000197667523225934,0.000197667523225934,0.000197667523225934,0.000197667523225934,0.000197667523225934,0.000197667523225934,0.000197667523225934,0.000197667523225934,0.000197667523225934,0.000197667523225934,0.000197667523225934,0.000197667523225934,0.000197667523225934,0.000197667523225934,0.000197667523225934,0.000197667523225934,0.000197667523225934,0.000197667523225934,0.000197667523225934,0.000197667523225934,0.000197667523225934,0.000197667523225934,0.000197667523225934,0.000197667523225934,0.000197667523225934,0.000197667523225934,0.000197667523225934,0.000197667523225934,0.000197667523225934,0.000197667523225934,0.000197667523225934,0.000197667523225934,0.000197667523225934,0.000197667523225934
0.000197667523225934,0.000197667523225934,0.000197667523225934,0.000197667523225934,0.000197667523225934,0.000197667523225934,0.000197667523225934,0.000197667523225934,0.000197667523225934,0.000197667523225934,0.000197667523225934,0.000197667523225934,0.000197667523225934,0.000197667523225934,0.000197667523225934,0.000197667523225934,0.000197667523225934,0.000197667523225934,0.000197667523225934,0.000197667523225934,0.000197667523225934,0.000197667523225934,0.000197667523225934,0.000197667523225934,0.000197667523225934,0.000197667523225934,0.000197667523225934,0.000197667523225934,0.000197667523225934,0.000197667523225934,0.000197667523225934,0.000197667523225934,0.000197667523225934,0.000197667523225934,0.000197667523225934,0.000197667523225934,0.000197667523225934,0.000197667523225934,0.000197667523225934,0.000197667523225934,0.000197667523225934,0.000197667523225934,0.000197667523225934,0.000197667523225934,0.000197667523225934,0.000197667523225934,0.000197667523225934,0.000197667523225934,0.000197667523225934,0.000197667523225934,0.000197667523225934,0.000197667523225934,0.000197667523225934,0.000197667523225934,0.000197667523225934,0.000197667523225934,0.000197667523225934,0.000197667523225934,0.000197667523225934,0.000197667523225934,0.000197667523225934,0.000197667523225934,0.000197667523225934,0.000197667523225934,0.000197667523225934,0.000197667523225934,0.000197667523225934,0.000197667523225934,0.000197667523225934,0.000197667523225934,0.000197667523225934,0.000197667523225934,0.000197667523225934,0.000197667523225934,0.000197667523225934,0.000197667523225934,0.000197667523225934,0.000197667523225934,0.000197667523225934,0.000197667523225934,0.000197667523225934,0.000197667523225934,0.000197667523225934,0.000197667523225934,0.000197667523225934,0.000197667523225934,0.000197667523225934,0.000197667523225934,0.000197667523225934,0.000197667523225934,0.000197667523225934,0.000197667523225934,0.000197667523225934,0.000197667523225934,0.000197667523225934,0.000197667523225934,0.000197667523225934,0.000197667523225934,0.000197667523225934,0.000197667523225934
0.000197667523225934,0.000197667523225934,0.000197667523225934,0.000197667523225934,0.000197667523225934,0.000197667523225934,0.000197667523225934,0.000197667523225934,0.000197667523225934,0.000197667523225934,0.000197667523225934,0.000197667523225934,0.000197667523225934,0.000197667523225934,0.000197667523225934,0.000197667523225934,0.000197667523225934,0.000197667523225934,0.000197667523225934,0.000197667523225934,0.000197667523225934,0.000197667523225934,0.000197667523225934,0.000197667523225934,0.000197667523225934,0.000197667523225934,0.000197667523225934,0.000197667523225934,0.000197667523225934,0.000197667523225934,0.000197667523225934,0.000197667523225934,0.000197667523225934,0.000197667523225934,0.000197667523225934,0.000197667523225934,0.000197667523225934,0.000197667523225934,0.000197667523225934,0.000197667523225934,0.000197667523225934,0.000197667523225934,0.000197667523225934,0.000197667523225934,0.000197667523225934,0.000197667523225934,0.000197667523225934,0.000197667523225934,0.000197667523225934,0.000197667523225934,0.000197667523225934,0.000197667523225934,0.000197667523225934,0.000197667523225934,0.000197667523225934,0.000197667523225934,0.000197667523225934,0.000197667523225934,0.000197667523225934,0.000197667523225934,0.000197667523225934,0.000197667523225934,0.000197667523225934,0.000197667523225934,0.000197667523225934,0.000197667523225934,0.000197667523225934,0.000197667523225934,0.000197667523225934,0.000197667523225934,0.000197667523225934,0.000197667523225934,0.000197667523225934,0.000197667523225934,0.000197667523225934,0.000197667523225934,0.000197667523225934,0.000197667523225934,0.000197667523225934,0.000197667523225934,0.000197667523225934,0.000197667523225934,0.000197667523225934,0.000197667523225934,0.000197667523225934,0.000197667523225934,0.000197667523225934,0.000197667523225934,0.000197667523225934,0.000197667523225934,0.000197667523225934,0.000197667523225934,0.000197667523225934,0.000197667523225934,0.000197667523225934,0.000197667523225934,0.000197667523225934,0.000197667523225934,0.000197667523225934,0.000197667523225934
0.000197667523225934,0.000197667523225934,0.000197667523225934,0.000197667523225934,0.000197667523225934,0.000197667523225934,0.000197667523225934,0.000197667523225934,0.000197667523225934,0.000197667523225934,0.000197667523225934,0.000197667523225934,0.000197667523225934,0.000197667523225934,0.000197667523225934,0.000197667523225934,0.000197667523225934,0.000197667523225934,0.000197667523225934,0.000197667523225934,0.000197667523225934,0.000197667523225934,0.000197667523225934,0.000197667523225934,0.000197667523225934,0.000197667523225934,0.000197667523225934,0.000197667523225934,0.000197667523225934,0.000197667523225934,0.000197667523225934,0.000197667523225934,0.000197667523225934,0.000197667523225934,0.000197667523225934,0.000197667523225934,0.000197667523225934,0.000197667523225934,0.000197667523225934,0.000197667523225934,0.000197667523225934,0.000197667523225934,0.000197667523225934,0.000197667523225934,0.000197667523225934,0.000197667523225934,0.000197667523225934,0.000197667523225934,0.000197667523225934,0.000197667523225934,0.000197667523225934,0.000197667523225934,0.000197667523225934,0.000197667523225934,0.000197667523225934,0.000197667523225934,0.000197667523225934,0.000197667523225934,0.000197667523225934,0.000197667523225934,0.000197667523225934,0.000197667523225934,0.000197667523225934,0.000197667523225934,0.000197667523225934,0.000197667523225934,0.000197667523225934,0.000197667523225934,0.000197667523225934,0.000197667523225934,0.000197667523225934,0.000197667523225934,0.000197667523225934,0.000197667523225934,0.000197667523225934,0.000197667523225934,0.000197667523225934,0.000197667523225934,0.000197667523225934,0.000197667523225934,0.000197667523225934,0.000197667523225934,0.000197667523225934,0.000197667523225934,0.000197667523225934,0.000197667523225934,0.000197667523225934,0.000197667523225934,0.000197667523225934,0.000197667523225934,0.000197667523225934,0.000197667523225934,0.000197667523225934,0.000197667523225934,0.000197667523225934,0.000197667523225934,0.000197667523225934,0.000197667523225934,0.000197667523225934,0.000197667523225934
0.000197667523225934,0.000197667523225934,0.000197667523225934,0.000197667523225934,0.000197667523225934,0.000197667523225934,0.000197667523225934,0.000197667523225934,0.000197667523225934,0.000197667523225934,0.000197667523225934,0.000197667523225934,0.000197667523225934,0.000197667523225934,0.000197667523225934,0.000197667523225934,0.000197667523225934,0.000197667523225934,0.000197667523225934,0.000197667523225934,0.000197667523225934,0.000197667523225934,0.000197667523225934,0.000197667523225934,0.000197667523225934,0.000197667523225934,0.000197667523225934,0.000197667523225934,0.000197667523225934,0.000197667523225934,0.000197667523225934,0.000197667523225934,0.000197667523225934,0.000197667523225934,0.000197667523225934,0.000197667523225934,0.000197667523225934,0.000197667523225934,0.000197667523225934,0.000197667523225934,0.000197667523225934,0.000197667523225934,0.000197667523225934,0.000197667523225934,0.000197667523225934,0.000197667523225934,0.000197667523225934,0.000197667523225934,0.000197667523225934,0.000197667523225934,0.000197667523225934,0.000197667523225934,0.000197667523225934,0.000197667523225934,0.000197667523225934,0.000197667523225934,0.000197667523225934,0.000197667523225934,0.000197667523225934,0.000197667523225934,0.000197667523225934,0.000197667523225934,0.000197667523225934,0.000197667523225934,0.000197667523225934,0.000197667523225934,0.000197667523225934,0.000197667523225934,0.000197667523225934,0.000197667523225934,0.000197667523225934,0.000197667523225934,0.000197667523225934,0.000197667523225934,0.000197667523225934,0.000197667523225934,0.000197667523225934,0.000197667523225934,0.000197667523225934,0.000197667523225934,0.000197667523225934,0.000197667523225934,0.000197667523225934,0.000197667523225934,0.000197667523225934,0.000197667523225934,0.000197667523225934,0.000197667523225934,0.000197667523225934,0.000197667523225934,0.000197667523225934,0.000197667523225934,0.000197667523225934,0.000197667523225934,0.000197667523225934,0.000197667523225934,0.000197667523225934,0.000197667523225934,0.000197667523225934,0.000197667523225934
0.000197667523225934,0.000197667523225934,0.000197667523225934,0.000197667523225934,0.000197667523225934,0.000197667523225934,0.000197667523225934,0.000197667523225934,0.000197667523225934,0.000197667523225934,0.000197667523225934,0.000197667523225934,0.000197667523225934,0.000197667523225934,0.000197667523225934,0.000197667523225934,0.000197667523225934,0.000197667523225934,0.000197667523225934,0.000197667523225934,0.000197667523225934,0.000197667523225934,0.000197667523225934,0.000197667523225934,0.000197667523225934,0.000197667523225934,0.000197667523225934,0.000197667523225934,0.000197667523225934,0.000197667523225934,0.000197667523225934,0.000197667523225934,0.000197667523225934,0.000197667523225934,0.000197667523225934,0.000197667523225934,0.000197667523225934,0.000197667523225934,0.000197667523225934,0.000197667523225934,0.000197667523225934,0.000197667523225934,0.000197667523225934,0.000197667523225934,0.000197667523225934,0.000197667523225934,0.000197667523225934,0.000197667523225934,0.000197667523225934,0.000197667523225934,0.000197667523225934,0.000197667523225934,0.000197667523225934,0.000197667523225934,0.000197667523225934,0.000197667523225934,0.000197667523225934,0.000197667523225934,0.000197667523225934,0.000197667523225934,0.000197667523225934,0.000197667523225934,0.000197667523225934,0.000197667523225934,0.000197667523225934,0.000197667523225934,0.000197667523225934,0.000197667523225934,0.000197667523225934,0.000197667523225934,0.000197667523225934,0.000197667523225934,0.000197667523225934,0.000197667523225934,0.000197667523225934,0.000197667523225934,0.000197667523225934,0.000197667523225934,0.000197667523225934,0.000197667523225934,0.000197667523225934,0.000197667523225934,0.000197667523225934,0.000197667523225934,0.000197667523225934,0.000197667523225934,0.000197667523225934,0.000197667523225934,0.000197667523225934,0.000197667523225934,0.000197667523225934,0.000197667523225934,0.000197667523225934,0.000197667523225934,0.000197667523225934,0.000197667523225934,0.000197667523225934,0.000197667523225934,0.000197667523225934,0.000197667523225934
0.000197667523225934,0.000197667523225934,0.000197667523225934,0.000197667523225934,0.000197667523225934,0.000197667523225934,0.000197667523225934,0.000197667523225934,0.000197667523225934,0.000197667523225934,0.000197667523225934,0.000197667523225934,0.000197667523225934,0.000197667523225934,0.000197667523225934,0.000197667523225934,0.000197667523225934,0.000197667523225934,0.000197667523225934,0.000197667523225934,0.000197667523225934,0.000197667523225934,0.000197667523225934,0.000197667523225934,0.000197667523225934,0.000197667523225934,0.000197667523225934,0.000197667523225934,0.000197667523225934,0.000197667523225934,0.000197667523225934,0.000197667523225934,0.000197667523225934,0.000197667523225934,0.000197667523225934,0.000197667523225934,0.000197667523225934,0.000197667523225934,0.000197667523225934,0.000197667523225934,0.000197667523225934,0.000197667523225934,0.000197667523225934,0.000197667523225934,0.000197667523225934,0.000197667523225934,0.000197667523225934,0.000197667523225934,0.000197667523225934,0.000197667523225934,0.000197667523225934,0.000197667523225934,0.000197667523225934,0.000197667523225934,0.000197667523225934,0.000197667523225934,0.000197667523225934,0.000197667523225934,0.000197667523225934,0.000197667523225934,0.000197667523225934,0.000197667523225934,0.000197667523225934,0.000197667523225934,0.000197667523225934,0.000197667523225934,0.000197667523225934,0.000197667523225934,0.000197667523225934,0.000197667523225934,0.000197667523225934,0.000197667523225934,0.000197667523225934,0.000197667523225934,0.000197667523225934,0.000197667523225934,0.000197667523225934,0.000197667523225934,0.000197667523225934,0.000197667523225934,0.000197667523225934,0.000197667523225934,0.000197667523225934,0.000197667523225934,0.000197667523225934,0.000197667523225934,0.000197667523225934,0.000197667523225934,0.000197667523225934,0.000197667523225934,0.000197667523225934,0.000197667523225934,0.000197667523225934,0.000197667523225934,0.000197667523225934,0.000197667523225934,0.000197667523225934,0.000197667523225934,0.000197667523225934,0.000197667523225934
0.000197667523225934,0.000197667523225934,0.000197667523225934,0.000197667523225934,0.000197667523225934,0.000197667523225934,0.000197667523225934,0.000197667523225934,0.000197667523225934,0.000197667523225934,0.000197667523225934,0.000197667523225934,0.000197667523225934,0.000197667523225934,0.000197667523225934,0.000197667523225934,0.000197667523225934,0.000197667523225934,0.000197667523225934,0.000197667523225934,0.000197667523225934,0.000197667523225934,0.000197667523225934,0.000197667523225934,0.000197667523225934,0.000197667523225934,0.000197667523225934,0.000197667523225934,0.000197667523225934,0.000197667523225934,0.000197667523225934,0.000197667523225934,0.000197667523225934,0.000197667523225934,0.000197667523225934,0.000197667523225934,0.000197667523225934,0.000197667523225934,0.000197667523225934,0.000197667523225934,0.000197667523225934,0.000197667523225934,0.000197667523225934,0.000197667523225934,0.000197667523225934,0.000197667523225934,0.000197667523225934,0.000197667523225934,0.000197667523225934,0.000197667523225934,0.000197667523225934,0.000197667523225934,0.000197667523225934,0.000197667523225934,0.000197667523225934,0.000197667523225934,0.000197667523225934,0.000197667523225934,0.000197667523225934,0.000197667523225934,0.000197667523225934,0.000197667523225934,0.000197667523225934,0.000197667523225934,0.000197667523225934,0.000197667523225934,0.000197667523225934,0.000197667523225934,0.000197667523225934,0.000197667523225934,0.000197667523225934,0.000197667523225934,0.000197667523225934,0.000197667523225934,0.000197667523225934,0.000197667523225934,0.000197667523225934,0.000197667523225934,0.000197667523225934,0.000197667523225934,0.000197667523225934,0.000197667523225934,0.000197667523225934,0.000197667523225934,0.000197667523225934,0.000197667523225934,0.000197667523225934,0.000197667523225934,0.000197667523225934,0.000197667523225934,0.000197667523225934,0.000197667523225934,0.000197667523225934,0.000197667523225934,0.000197667523225934,0.000197667523225934,0.000197667523225934,0.000197667523225934,0.000197667523225934,0.000197667523225934
0.000197667523225934,0.000197667523225934,0.000197667523225934,0.000197667523225934,0.000197667523225934,0.000197667523225934,0.000197667523225934,0.000197667523225934,0.000197667523225934,0.000197667523225934,0.000197667523225934,0.000197667523225934,0.000197667523225934,0.000197667523225934,0.000197667523225934,0.000197667523225934,0.000197667523225934,0.000197667523225934,0.000197667523225934,0.000197667523225934,0.000197667523225934,0.000197667523225934,0.000197667523225934,0.000197667523225934,0.000197667523225934,0.000197667523225934,0.000197667523225934,0.000197667523225934,0.000197667523225934,0.000197667523225934,0.000197667523225934,0.000197667523225934,0.000197667523225934,0.000197667523225934,0.000197667523225934,0.000197667523225934,0.000197667523225934,0.000197667523225934,0.000197667523225934,0.000197667523225934,0.000197667523225934,0.000197667523225934,0.000197667523225934,0.000197667523225934,0.000197667523225934,0.000197667523225934,0.000197667523225934,0.000197667523225934,0.000197667523225934,0.000197667523225934,0.000197667523225934,0.000197667523225934,0.000197667523225934,0.000197667523225934,0.000197667523225934,0.000197667523225934,0.000197667523225934,0.000197667523225934,0.000197667523225934,0.000197667523225934,0.000197667523225934,0.000197667523225934,0.000197667523225934,0.000197667523225934,0.000197667523225934,0.000197667523225934,0.000197667523225934,0.000197667523225934,0.000197667523225934,0.000197667523225934,0.000197667523225934,0.000197667523225934,0.000197667523225934,0.000197667523225934,0.000197667523225934,0.000197667523225934,0.000197667523225934,0.000197667523225934,0.000197667523225934,0.000197667523225934,0.000197667523225934,0.000197667523225934,0.000197667523225934,0.000197667523225934,0.000197667523225934,0.000197667523225934,0.000197667523225934,0.000197667523225934,0.000197667523225934,0.000197667523225934,0.000197667523225934,0.000197667523225934,0.000197667523225934,0.000197667523225934,0.000197667523225934,0.000197667523225934,0.000197667523225934,0.000197667523225934,0.000197667523225934,0.000197667523225934
0.000197667523225934,0.000197667523225934,0.000197667523225934,0.000197667523225934,0.000197667523225934,0.000197667523225934,0.000197667523225934,0.000197667523225934,0.000197667523225934,0.000197667523225934,0.000197667523225934,0.000197667523225934,0.000197667523225934,0.000197667523225934,0.000197667523225934,0.000197667523225934,0.000197667523225934,0.000197667523225934,0.000197667523225934,0.000197667523225934,0.000197667523225934,0.000197667523225934,0.000197667523225934,0.000197667523225934,0.000197667523225934,0.000197667523225934,0.000197667523225934,0.000197667523225934,0.000197667523225934,0.000197667523225934,0.000197667523225934,0.000197667523225934,0.000197667523225934,0.000197667523225934,0.000197667523225934,0.000197667523225934,0.000197667523225934,0.000197667523225934,0.000197667523225934,0.000197667523225934,0.000197667523225934,0.000197667523225934,0.000197667523225934,0.000197667523225934,0.000197667523225934,0.000197667523225934,0.000197667523225934,0.000197667523225934,0.000197667523225934,0.000197667523225934,0.000197667523225934,0.000197667523225934,0.000197667523225934,0.000197667523225934,0.000197667523225934,0.000197667523225934,0.000197667523225934,0.000197667523225934,0.000197667523225934,0.000197667523225934,0.000197667523225934,0.000197667523225934,0.000197667523225934,0.000197667523225934,0.000197667523225934,0.000197667523225934,0.000197667523225934,0.000197667523225934,0.000197667523225934,0.000197667523225934,0.000197667523225934,0.000197667523225934,0.000197667523225934,0.000197667523225934,0.000197667523225934,0.000197667523225934,0.000197667523225934,0.000197667523225934,0.000197667523225934,0.000197667523225934,0.000197667523225934,0.000197667523225934,0.000197667523225934,0.000197667523225934,0.000197667523225934,0.000197667523225934,0.000197667523225934,0.000197667523225934,0.000197667523225934,0.000197667523225934,0.000197667523225934,0.000197667523225934,0.000197667523225934,0.000197667523225934,0.000197667523225934,0.000197667523225934,0.000197667523225934,0.000197667523225934,0.000197667523225934,0.000197667523225934
0.000197667523225934,0.000197667523225934,0.000197667523225934,0.000197667523225934,0.000197667523225934,0.000197667523225934,0.000197667523225934,0.000197667523225934,0.000197667523225934,0.000197667523225934,0.000197667523225934,0.000197667523225934,0.000197667523225934,0.000197667523225934,0.000197667523225934,0.000197667523225934,0.000197667523225934,0.000197667523225934,0.000197667523225934,0.000197667523225934,0.000197667523225934,0.000197667523225934,0.000197667523225934,0.000197667523225934,0.000197667523225934,0.000197667523225934,0.000197667523225934,0.000197667523225934,0.000197667523225934,0.000197667523225934,0.000197667523225934,0.000197667523225934,0.000197667523225934,0.000197667523225934,0.000197667523225934,0.000197667523225934,0.000197667523225934,0.000197667523225934,0.000197667523225934,0.000197667523225934,0.000197667523225934,0.000197667523225934,0.000197667523225934,0.000197667523225934,0.000197667523225934,0.000197667523225934,0.000197667523225934,0.000197667523225934,0.000197667523225934,0.000197667523225934,0.000197667523225934,0.000197667523225934,0.000197667523225934,0.000197667523225934,0.000197667523225934,0.000197667523225934,0.000197667523225934,0.000197667523225934,0.000197667523225934,0.000197667523225934,0.000197667523225934,0.000197667523225934,0.000197667523225934,0.000197667523225934,0.000197667523225934,0.000197667523225934,0.000197667523225934,0.000197667523225934,0.000197667523225934,0.000197667523225934,0.000197667523225934,0.000197667523225934,0.000197667523225934,0.000197667523225934,0.000197667523225934,0.000197667523225934,0.000197667523225934,0.000197667523225934,0.000197667523225934,0.000197667523225934,0.000197667523225934,0.000197667523225934,0.000197667523225934,0.000197667523225934,0.000197667523225934,0.000197667523225934,0.000197667523225934,0.000197667523225934,0.000197667523225934,0.000197667523225934,0.000197667523225934,0.000197667523225934,0.000197667523225934,0.000197667523225934,0.000197667523225934,0.000197667523225934,0.000197667523225934,0.000197667523225934,0.000197667523225934,0.000197667523225934
0.000197667523225934,0.000197667523225934,0.000197667523225934,0.000197667523225934,0.000197667523225934,0.000197667523225934,0.000197667523225934,0.000197667523225934,0.000197667523225934,0.000197667523225934,0.000197667523225934,0.000197667523225934,0.000197667523225934,0.000197667523225934,0.000197667523225934,0.000197667523225934,0.000197667523225934,0.000197667523225934,0.000197667523225934,0.000197667523225934,0.000197667523225934,0.000197667523225934,0.000197667523225934,0.000197667523225934,0.000197667523225934,0.000197667523225934,0.000197667523225934,0.000197667523225934,0.000197667523225934,0.000197667523225934,0.000197667523225934,0.000197667523225934,0.000197667523225934,0.000197667523225934,0.000197667523225934,0.000197667523225934,0.000197667523225934,0.000197667523225934,0.000197667523225934,0.000197667523225934,0.000197667523225934,0.000197667523225934,0.000197667523225934,0.000197667523225934,0.000197667523225934,0.000197667523225934,0.000197667523225934,0.000197667523225934,0.000197667523225934,0.000197667523225934,0.000197667523225934,0.000197667523225934,0.000197667523225934,0.000197667523225934,0.000197667523225934,0.000197667523225934,0.000197667523225934,0.000197667523225934,0.000197667523225934,0.000197667523225934,0.000197667523225934,0.000197667523225934,0.000197667523225934,0.000197667523225934,0.000197667523225934,0.000197667523225934,0.000197667523225934,0.000197667523225934,0.000197667523225934,0.000197667523225934,0.000197667523225934,0.000197667523225934,0.000197667523225934,0.000197667523225934,0.000197667523225934,0.000197667523225934,0.000197667523225934,0.000197667523225934,0.000197667523225934,0.000197667523225934,0.000197667523225934,0.000197667523225934,0.000197667523225934,0.000197667523225934,0.000197667523225934,0.000197667523225934,0.000197667523225934,0.000197667523225934,0.000197667523225934,0.000197667523225934,0.000197667523225934,0.000197667523225934,0.000197667523225934,0.000197667523225934,0.000197667523225934,0.000197667523225934,0.000197667523225934,0.000197667523225934,0.000197667523225934,0.000197667523225934
0.000197667523225934,0.000197667523225934,0.000197667523225934,0.000197667523225934,0.000197667523225934,0.000197667523225934,0.000197667523225934,0.000197667523225934,0.000197667523225934,0.000197667523225934,0.000197667523225934,0.000197667523225934,0.000197667523225934,0.000197667523225934,0.000197667523225934,0.000197667523225934,0.000197667523225934,0.000197667523225934,0.000197667523225934,0.000197667523225934,0.000197667523225934,0.000197667523225934,0.000197667523225934,0.000197667523225934,0.000197667523225934,0.000197667523225934,0.000197667523225934,0.000197667523225934,0.000197667523225934,0.000197667523225934,0.000197667523225934,0.000197667523225934,0.000197667523225934,0.000197667523225934,0.000197667523225934,0.000197667523225934,0.000197667523225934,0.000197667523225934,0.000197667523225934,0.000197667523225934,0.000197667523225934,0.000197667523225934,0.000197667523225934,0.000197667523225934,0.000197667523225934,0.000197667523225934,0.000197667523225934,0.000197667523225934,0.000197667523225934,0.000197667523225934,0.000197667523225934,0.000197667523225934,0.000197667523225934,0.000197667523225934,0.000197667523225934,0.000197667523225934,0.000197667523225934,0.000197667523225934,0.000197667523225934,0.000197667523225934,0.000197667523225934,0.000197667523225934,0.000197667523225934,0.000197667523225934,0.000197667523225934,0.000197667523225934,0.000197667523225934,0.000197667523225934,0.000197667523225934,0.000197667523225934,0.000197667523225934,0.000197667523225934,0.000197667523225934,0.000197667523225934,0.000197667523225934,0.000197667523225934,0.000197667523225934,0.000197667523225934,0.000197667523225934,0.000197667523225934,0.000197667523225934,0.000197667523225934,0.000197667523225934,0.000197667523225934,0.000197667523225934,0.000197667523225934,0.000197667523225934,0.000197667523225934,0.000197667523225934,0.000197667523225934,0.000197667523225934,0.000197667523225934,0.000197667523225934,0.000197667523225934,0.000197667523225934,0.000197667523225934,0.000197667523225934,0.000197667523225934,0.000197667523225934,0.000197667523225934
0.000197667523225934,0.000197667523225934,0.000197667523225934,0.000197667523225934,0.000197667523225934,0.000197667523225934,0.000197667523225934,0.000197667523225934,0.000197667523225934,0.000197667523225934,0.000197667523225934,0.000197667523225934,0.000197667523225934,0.000197667523225934,0.000197667523225934,0.000197667523225934,0.000197667523225934,0.000197667523225934,0.000197667523225934,0.000197667523225934,0.000197667523225934,0.000197667523225934,0.000197667523225934,0.000197667523225934,0.000197667523225934,0.000197667523225934,0.000197667523225934,0.000197667523225934,0.000197667523225934,0.000197667523225934,0.000197667523225934,0.000197667523225934,0.000197667523225934,0.000197667523225934,0.000197667523225934,0.000197667523225934,0.000197667523225934,0.000197667523225934,0.000197667523225934,0.000197667523225934,0.000197667523225934,0.000197667523225934,0.000197667523225934,0.000197667523225934,0.000197667523225934,0.000197667523225934,0.000197667523225934,0.000197667523225934,0.000197667523225934,0.000197667523225934,0.000197667523225934,0.000197667523225934,0.000197667523225934,0.000197667523225934,0.000197667523225934,0.000197667523225934,0.000197667523225934,0.000197667523225934,0.000197667523225934,0.000197667523225934,0.000197667523225934,0.000197667523225934,0.000197667523225934,0.000197667523225934,0.000197667523225934,0.000197667523225934,0.000197667523225934,0.000197667523225934,0.000197667523225934,0.000197667523225934,0.000197667523225934,0.000197667523225934,0.000197667523225934,0.000197667523225934,0.000197667523225934,0.000197667523225934,0.000197667523225934,0.000197667523225934,0.000197667523225934,0.000197667523225934,0.000197667523225934,0.000197667523225934,0.000197667523225934,0.000197667523225934,0.000197667523225934,0.000197667523225934,0.000197667523225934,0.000197667523225934,0.000197667523225934,0.000197667523225934,0.000197667523225934,0.000197667523225934,0.000197667523225934,0.000197667523225934,0.000197667523225934,0.000197667523225934,0.000197667523225934,0.000197667523225934,0.000197667523225934,0.000197667523225934
0.000197667523225934,0.000197667523225934,0.000197667523225934,0.000197667523225934,0.000197667523225934,0.000197667523225934,0.000197667523225934,0.000197667523225934,0.000197667523225934,0.000197667523225934,0.000197667523225934,0.000197667523225934,0.000197667523225934,0.000197667523225934,0.000197667523225934,0.000197667523225934,0.000197667523225934,0.000197667523225934,0.000197667523225934,0.000197667523225934,0.000197667523225934,0.000197667523225934,0.000197667523225934,0.000197667523225934,0.000197667523225934,0.000197667523225934,0.000197667523225934,0.000197667523225934,0.000197667523225934,0.000197667523225934,0.000197667523225934,0.000197667523225934,0.000197667523225934,0.000197667523225934,0.000197667523225934,0.000197667523225934,0.000197667523225934,0.000197667523225934,0.000197667523225934,0.000197667523225934,0.000197667523225934,0.000197667523225934,0.000197667523225934,0.000197667523225934,0.000197667523225934,0.000197667523225934,0.000197667523225934,0.000197667523225934,0.000197667523225934,0.000197667523225934,0.000197667523225934,0.000197667523225934,0.000197667523225934,0.000197667523225934,0.000197667523225934,0.000197667523225934,0.000197667523225934,0.000197667523225934,0.000197667523225934,0.000197667523225934,0.000197667523225934,0.000197667523225934,0.000197667523225934,0.000197667523225934,0.000197667523225934,0.000197667523225934,0.000197667523225934,0.000197667523225934,0.000197667523225934,0.000197667523225934,0.000197667523225934,0.000197667523225934,0.000197667523225934,0.000197667523225934,0.000197667523225934,0.000197667523225934,0.000197667523225934,0.000197667523225934,0.000197667523225934,0.000197667523225934,0.000197667523225934,0.000197667523225934,0.000197667523225934,0.000197667523225934,0.000197667523225934,0.000197667523225934,0.000197667523225934,0.000197667523225934,0.000197667523225934,0.000197667523225934,0.000197667523225934,0.000197667523225934,0.000197667523225934,0.000197667523225934,0.000197667523225934,0.000197667523225934,0.000197667523225934,0.000197667523225934,0.000197667523225934,0.000197667523225934
0.000197667523225934,0.000197667523225934,0.000197667523225934,0.000197667523225934,0.000197667523225934,0.000197667523225934,0.000197667523225934,0.000197667523225934,0.000197667523225934,0.000197667523225934,0.000197667523225934,0.000197667523225934,0.000197667523225934,0.000197667523225934,0.000197667523225934,0.000197667523225934,0.000197667523225934,0.000197667523225934,0.000197667523225934,0.000197667523225934,0.000197667523225934,0.000197667523225934,0.000197667523225934,0.000197667523225934,0.000197667523225934,0.000197667523225934,0.000197667523225934,0.000197667523225934,0.000197667523225934,0.000197667523225934,0.000197667523225934,0.000197667523225934,0.000197667523225934,0.000197667523225934,0.000197667523225934,0.000197667523225934,0.000197667523225934,0.000197667523225934,0.000197667523225934,0.000197667523225934,0.000197667523225934,0.000197667523225934,0.000197667523225934,0.000197667523225934,0.000197667523225934,0.000197667523225934,0.000197667523225934,0.000197667523225934,0.000197667523225934,0.000197667523225934,0.000197667523225934,0.000197667523225934,0.000197667523225934,0.000197667523225934,0.000197667523225934,0.000197667523225934,0.000197667523225934,0.000197667523225934,0.000197667523225934,0.000197667523225934,0.000197667523225934,0.000197667523225934,0.000197667523225934,0.000197667523225934,0.000197667523225934,0.000197667523225934,0.000197667523225934,0.000197667523225934,0.000197667523225934,0.000197667523225934,0.000197667523225934,0.000197667523225934,0.000197667523225934,0.000197667523225934,0.000197667523225934,0.000197667523225934,0.000197667523225934,0.000197667523225934,0.000197667523225934,0.000197667523225934,0.000197667523225934,0.000197667523225934,0.000197667523225934,0.000197667523225934,0.000197667523225934,0.000197667523225934,0.000197667523225934,0.000197667523225934,0.000197667523225934,0.000197667523225934,0.000197667523225934,0.000197667523225934,0.000197667523225934,0.000197667523225934,0.000197667523225934,0.000197667523225934,0.000197667523225934,0.000197667523225934,0.000197667523225934,0.000197667523225934
0.000197667523225934,0.000197667523225934,0.000197667523225934,0.000197667523225934,0.000197667523225934,0.000197667523225934,0.000197667523225934,0.000197667523225934,0.000197667523225934,0.000197667523225934,0.000197667523225934,0.000197667523225934,0.000197667523225934,0.000197667523225934,0.000197667523225934,0.000197667523225934,0.000197667523225934,0.000197667523225934,0.000197667523225934,0.000197667523225934,0.000197667523225934,0.000197667523225934,0.000197667523225934,0.000197667523225934,0.000197667523225934,0.000197667523225934,0.000197667523225934,0.000197667523225934,0.000197667523225934,0.000197667523225934,0.000197667523225934,0.000197667523225934,0.000197667523225934,0.000197667523225934,0.000197667523225934,0.000197667523225934,0.000197667523225934,0.000197667523225934,0.000197667523225934,0.000197667523225934,0.000197667523225934,0.000197667523225934,0.000197667523225934,0.000197667523225934,0.000197667523225934,0.000197667523225934,0.000197667523225934,0.000197667523225934,0.000197667523225934,0.000197667523225934,0.000197667523225934,0.000197667523225934,0.000197667523225934,0.000197667523225934,0.000197667523225934,0.000197667523225934,0.000197667523225934,0.000197667523225934,0.000197667523225934,0.000197667523225934,0.000197667523225934,0.000197667523225934,0.000197667523225934,0.000197667523225934,0.000197667523225934,0.000197667523225934,0.000197667523225934,0.000197667523225934,0.000197667523225934,0.000197667523225934,0.000197667523225934,0.000197667523225934,0.000197667523225934,0.000197667523225934,0.000197667523225934,0.000197667523225934,0.000197667523225934,0.000197667523225934,0.000197667523225934,0.000197667523225934,0.000197667523225934,0.000197667523225934,0.000197667523225934,0.000197667523225934,0.000197667523225934,0.000197667523225934,0.000197667523225934,0.000197667523225934,0.000197667523225934,0.000197667523225934,0.000197667523225934,0.000197667523225934,0.000197667523225934,0.000197667523225934,0.000197667523225934,0.000197667523225934,0.000197667523225934,0.000197667523225934,0.000197667523225934,0.000197667523225934
0.000197667523225934,0.000197667523225934,0.000197667523225934,0.000197667523225934,0.000197667523225934,0.000197667523225934,0.000197667523225934,0.000197667523225934,0.000197667523225934,0.000197667523225934,0.000197667523225934,0.000197667523225934,0.000197667523225934,0.000197667523225934,0.000197667523225934,0.000197667523225934,0.000197667523225934,0.000197667523225934,0.000197667523225934,0.000197667523225934,0.000197667523225934,0.000197667523225934,0.000197667523225934,0.000197667523225934,0.000197667523225934,0.000197667523225934,0.000197667523225934,0.000197667523225934,0.000197667523225934,0.000197667523225934,0.000197667523225934,0.000197667523225934,0.000197667523225934,0.000197667523225934,0.000197667523225934,0.000197667523225934,0.000197667523225934,0.000197667523225934,0.000197667523225934,0.000197667523225934,0.000197667523225934,0.000197667523225934,0.000197667523225934,0.000197667523225934,0.000197667523225934,0.000197667523225934,0.000197667523225934,0.000197667523225934,0.000197667523225934,0.000197667523225934,0.000197667523225934,0.000197667523225934,0.000197667523225934,0.000197667523225934,0.000197667523225934,0.000197667523225934,0.000197667523225934,0.000197667523225934,0.000197667523225934,0.000197667523225934,0.000197667523225934,0.000197667523225934,0.000197667523225934,0.000197667523225934,0.000197667523225934,0.000197667523225934,0.000197667523225934,0.000197667523225934,0.000197667523225934,0.000197667523225934,0.000197667523225934,0.000197667523225934,0.000197667523225934,0.000197667523225934,0.000197667523225934,0.000197667523225934,0.000197667523225934,0.000197667523225934,0.000197667523225934,0.000197667523225934,0.000197667523225934,0.000197667523225934,0.000197667523225934,0.000197667523225934,0.000197667523225934,0.000197667523225934,0.000197667523225934,0.000197667523225934,0.000197667523225934,0.000197667523225934,0.000197667523225934,0.000197667523225934,0.000197667523225934,0.000197667523225934,0.000197667523225934,0.000197667523225934,0.000197667523225934,0.000197667523225934,0.000197667523225934,0.000197667523225934
0.000197667523225934,0.000197667523225934,0.000197667523225934,0.000197667523225934,0.000197667523225934,0.000197667523225934,0.000197667523225934,0.000197667523225934,0.000197667523225934,0.000197667523225934,0.000197667523225934,0.000197667523225934,0.000197667523225934,0.000197667523225934,0.000197667523225934,0.000197667523225934,0.000197667523225934,0.000197667523225934,0.000197667523225934,0.000197667523225934,0.000197667523225934,0.000197667523225934,0.000197667523225934,0.000197667523225934,0.000197667523225934,0.000197667523225934,0.000197667523225934,0.000197667523225934,0.000197667523225934,0.000197667523225934,0.000197667523225934,0.000197667523225934,0.000197667523225934,0.000197667523225934,0.000197667523225934,0.000197667523225934,0.000197667523225934,0.000197667523225934,0.000197667523225934,0.000197667523225934,0.000197667523225934,0.000197667523225934,0.000197667523225934,0.000197667523225934,0.000197667523225934,0.000197667523225934,0.000197667523225934,0.000197667523225934,0.000197667523225934,0.000197667523225934,0.000197667523225934,0.000197667523225934,0.000197667523225934,0.000197667523225934,0.000197667523225934,0.000197667523225934,0.000197667523225934,0.000197667523225934,0.000197667523225934,0.000197667523225934,0.000197667523225934,0.000197667523225934,0.000197667523225934,0.000197667523225934,0.000197667523225934,0.000197667523225934,0.000197667523225934,0.000197667523225934,0.000197667523225934,0.000197667523225934,0.000197667523225934,0.000197667523225934,0.000197667523225934,0.000197667523225934,0.000197667523225934,0.000197667523225934,0.000197667523225934,0.000197667523225934,0.000197667523225934,0.000197667523225934,0.000197667523225934,0.000197667523225934,0.000197667523225934,0.000197667523225934,0.000197667523225934,0.000197667523225934,0.000197667523225934,0.000197667523225934,0.000197667523225934,0.000197667523225934,0.000197667523225934,0.000197667523225934,0.000197667523225934,0.000197667523225934,0.000197667523225934,0.000197667523225934,0.000197667523225934,0.000197667523225934,0.000197667523225934,0.000197667523225934
0.000197667523225934,0.000197667523225934,0.000197667523225934,0.000197667523225934,0.000197667523225934,0.000197667523225934,0.000197667523225934,0.000197667523225934,0.000197667523225934,0.000197667523225934,0.000197667523225934,0.000197667523225934,0.000197667523225934,0.000197667523225934,0.000197667523225934,0.000197667523225934,0.000197667523225934,0.000197667523225934,0.000197667523225934,0.000197667523225934,0.000197667523225934,0.000197667523225934,0.000197667523225934,0.000197667523225934,0.000197667523225934,0.000197667523225934,0.000197667523225934,0.000197667523225934,0.000197667523225934,0.000197667523225934,0.000197667523225934,0.000197667523225934,0.000197667523225934,0.000197667523225934,0.000197667523225934,0.000197667523225934,0.000197667523225934,0.000197667523225934,0.000197667523225934,0.000197667523225934,0.000197667523225934,0.000197667523225934,0.000197667523225934,0.000197667523225934,0.000197667523225934,0.000197667523225934,0.000197667523225934,0.000197667523225934,0.000197667523225934,0.000197667523225934,0.000197667523225934,0.000197667523225934,0.000197667523225934,0.000197667523225934,0.000197667523225934,0.000197667523225934,0.000197667523225934,0.000197667523225934,0.000197667523225934,0.000197667523225934,0.000197667523225934,0.000197667523225934,0.000197667523225934,0.000197667523225934,0.000197667523225934,0.000197667523225934,0.000197667523225934,0.000197667523225934,0.000197667523225934,0.000197667523225934,0.000197667523225934,0.000197667523225934,0.000197667523225934,0.000197667523225934,0.000197667523225934,0.000197667523225934,0.000197667523225934,0.000197667523225934,0.000197667523225934,0.000197667523225934,0.000197667523225934,0.000197667523225934,0.000197667523225934,0.000197667523225934,0.000197667523225934,0.000197667523225934,0.000197667523225934,0.000197667523225934,0.000197667523225934,0.000197667523225934,0.000197667523225934,0.000197667523225934,0.000197667523225934,0.000197667523225934,0.000197667523225934,0.000197667523225934,0.000197667523225934,0.000197667523225934,0.000197667523225934,0.000197667523225934
0.000197667523225934,0.000197667523225934,0.000197667523225934,0.000197667523225934,0.000197667523225934,0.000197667523225934,0.000197667523225934,0.000197667523225934,0.000197667523225934,0.000197667523225934,0.000197667523225934,0.000197667523225934,0.000197667523225934,0.000197667523225934,0.000197667523225934,0.000197667523225934,0.000197667523225934,0.000197667523225934,0.000197667523225934,0.000197667523225934,0.000197667523225934,0.000197667523225934,0.000197667523225934,0.000197667523225934,0.000197667523225934,0.000197667523225934,0.000197667523225934,0.000197667523225934,0.000197667523225934,0.000197667523225934,0.000197667523225934,0.000197667523225934,0.000197667523225934,0.000197667523225934,0.000197667523225934,0.000197667523225934,0.000197667523225934,0.000197667523225934,0.000197667523225934,0.000197667523225934,0.000197667523225934,0.000197667523225934,0.000197667523225934,0.000197667523225934,0.000197667523225934,0.000197667523225934,0.000197667523225934,0.000197667523225934,0.000197667523225934,0.000197667523225934,0.000197667523225934,0.000197667523225934,0.000197667523225934,0.000197667523225934,0.000197667523225934,0.000197667523225934,0.000197667523225934,0.000197667523225934,0.000197667523225934,0.000197667523225934,0.000197667523225934,0.000197667523225934,0.000197667523225934,0.000197667523225934,0.000197667523225934,0.000197667523225934,0.000197667523225934,0.000197667523225934,0.000197667523225934,0.000197667523225934,0.000197667523225934,0.000197667523225934,0.000197667523225934,0.000197667523225934,0.000197667523225934,0.000197667523225934,0.000197667523225934,0.000197667523225934,0.000197667523225934,0.000197667523225934,0.000197667523225934,0.000197667523225934,0.000197667523225934,0.000197667523225934,0.000197667523225934,0.000197667523225934,0.000197667523225934,0.000197667523225934,0.000197667523225934,0.000197667523225934,0.000197667523225934,0.000197667523225934,0.000197667523225934,0.000197667523225934,0.000197667523225934,0.000197667523225934,0.000197667523225934,0.000197667523225934,0.000197667523225934,0.000197667523225934
0.000197667523225934,0.000197667523225934,0.000197667523225934,0.000197667523225934,0.000197667523225934,0.000197667523225934,0.000197667523225934,0.000197667523225934,0.000197667523225934,0.000197667523225934,0.000197667523225934,0.000197667523225934,0.000197667523225934,0.000197667523225934,0.000197667523225934,0.000197667523225934,0.000197667523225934,0.000197667523225934,0.000197667523225934,0.000197667523225934,0.000197667523225934,0.000197667523225934,0.000197667523225934,0.000197667523225934,0.000197667523225934,0.000197667523225934,0.000197667523225934,0.000197667523225934,0.000197667523225934,0.000197667523225934,0.000197667523225934,0.000197667523225934,0.000197667523225934,0.000197667523225934,0.000197667523225934,0.000197667523225934,0.000197667523225934,0.000197667523225934,0.000197667523225934,0.000197667523225934,0.000197667523225934,0.000197667523225934,0.000197667523225934,0.000197667523225934,0.000197667523225934,0.000197667523225934,0.000197667523225934,0.000197667523225934,0.000197667523225934,0.000197667523225934,0.000197667523225934,0.000197667523225934,0.000197667523225934,0.000197667523225934,0.000197667523225934,0.000197667523225934,0.000197667523225934,0.000197667523225934,0.000197667523225934,0.000197667523225934,0.000197667523225934,0.000197667523225934,0.000197667523225934,0.000197667523225934,0.000197667523225934,0.000197667523225934,0.000197667523225934,0.000197667523225934,0.000197667523225934,0.000197667523225934,0.000197667523225934,0.000197667523225934,0.000197667523225934,0.000197667523225934,0.000197667523225934,0.000197667523225934,0.000197667523225934,0.000197667523225934,0.000197667523225934,0.000197667523225934,0.000197667523225934,0.000197667523225934,0.000197667523225934,0.000197667523225934,0.000197667523225934,0.000197667523225934,0.000197667523225934,0.000197667523225934,0.000197667523225934,0.000197667523225934,0.000197667523225934,0.000197667523225934,0.000197667523225934,0.000197667523225934,0.000197667523225934,0.000197667523225934,0.000197667523225934,0.000197667523225934,0.000197667523225934,0.000197667523225934
0.000197667523225934,0.000197667523225934,0.000197667523225934,0.000197667523225934,0.000197667523225934,0.000197667523225934,0.000197667523225934,0.000197667523225934,0.000197667523225934,0.000197667523225934,0.000197667523225934,0.000197667523225934,0.000197667523225934,0.000197667523225934,0.000197667523225934,0.000197667523225934,0.000197667523225934,0.000197667523225934,0.000197667523225934,0.000197667523225934,0.000197667523225934,0.000197667523225934,0.000197667523225934,0.000197667523225934,0.000197667523225934,0.000197667523225934,0.000197667523225934,0.000197667523225934,0.000197667523225934,0.000197667523225934,0.000197667523225934,0.000197667523225934,0.000197667523225934,0.000197667523225934,0.000197667523225934,0.000197667523225934,0.000197667523225934,0.000197667523225934,0.000197667523225934,0.000197667523225934,0.000197667523225934,0.000197667523225934,0.000197667523225934,0.000197667523225934,0.000197667523225934,0.000197667523225934,0.000197667523225934,0.000197667523225934,0.000197667523225934,0.000197667523225934,0.000197667523225934,0.000197667523225934,0.000197667523225934,0.000197667523225934,0.000197667523225934,0.000197667523225934,0.000197667523225934,0.000197667523225934,0.000197667523225934,0.000197667523225934,0.000197667523225934,0.000197667523225934,0.000197667523225934,0.000197667523225934,0.000197667523225934,0.000197667523225934,0.000197667523225934,0.000197667523225934,0.000197667523225934,0.000197667523225934,0.000197667523225934,0.000197667523225934,0.000197667523225934,0.000197667523225934,0.000197667523225934,0.000197667523225934,0.000197667523225934,0.000197667523225934,0.000197667523225934,0.000197667523225934,0.000197667523225934,0.000197667523225934,0.000197667523225934,0.000197667523225934,0.000197667523225934,0.000197667523225934,0.000197667523225934,0.000197667523225934,0.000197667523225934,0.000197667523225934,0.000197667523225934,0.000197667523225934,0.000197667523225934,0.000197667523225934,0.000197667523225934,0.000197667523225934,0.000197667523225934,0.000197667523225934,0.000197667523225934,0.000197667523225934
0.000197667523225934,0.000197667523225934,0.000197667523225934,0.000197667523225934,0.000197667523225934,0.000197667523225934,0.000197667523225934,0.000197667523225934,0.000197667523225934,0.000197667523225934,0.000197667523225934,0.000197667523225934,0.000197667523225934,0.000197667523225934,0.000197667523225934,0.000197667523225934,0.000197667523225934,0.000197667523225934,0.000197667523225934,0.000197667523225934,0.000197667523225934,0.000197667523225934,0.000197667523225934,0.000197667523225934,0.000197667523225934,0.000197667523225934,0.000197667523225934,0.000197667523225934,0.000197667523225934,0.000197667523225934,0.000197667523225934,0.000197667523225934,0.000197667523225934,0.000197667523225934,0.000197667523225934,0.000197667523225934,0.000197667523225934,0.000197667523225934,0.000197667523225934,0.000197667523225934,0.000197667523225934,0.000197667523225934,0.000197667523225934,0.000197667523225934,0.000197667523225934,0.000197667523225934,0.000197667523225934,0.000197667523225934,0.000197667523225934,0.000197667523225934,0.000197667523225934,0.000197667523225934,0.000197667523225934,0.000197667523225934,0.000197667523225934,0.000197667523225934,0.000197667523225934,0.000197667523225934,0.000197667523225934,0.000197667523225934,0.000197667523225934,0.000197667523225934,0.000197667523225934,0.000197667523225934,0.000197667523225934,0.000197667523225934,0.000197667523225934,0.000197667523225934,0.000197667523225934,0.000197667523225934,0.000197667523225934,0.000197667523225934,0.000197667523225934,0.000197667523225934,0.000197667523225934,0.000197667523225934,0.000197667523225934,0.000197667523225934,0.000197667523225934,0.000197667523225934,0.000197667523225934,0.000197667523225934,0.000197667523225934,0.000197667523225934,0.000197667523225934,0.000197667523225934,0.000197667523225934,0.000197667523225934,0.000197667523225934,0.000197667523225934,0.000197667523225934,0.000197667523225934,0.000197667523225934,0.000197667523225934,0.000197667523225934,0.000197667523225934,0.000197667523225934,0.000197667523225934,0.000197667523225934,0.000197667523225934
0.000197667523225934,0.000197667523225934,0.000197667523225934,0.000197667523225934,0.000197667523225934,0.000197667523225934,0.000197667523225934,0.000197667523225934,0.000197667523225934,0.000197667523225934,0.000197667523225934,0.000197667523225934,0.000197667523225934,0.000197667523225934,0.000197667523225934,0.000197667523225934,0.000197667523225934,0.000197667523225934,0.000197667523225934,0.000197667523225934,0.000197667523225934,0.000197667523225934,0.000197667523225934,0.000197667523225934,0.000197667523225934,0.000197667523225934,0.000197667523225934,0.000197667523225934,0.000197667523225934,0.000197667523225934,0.000197667523225934,0.000197667523225934,0.000197667523225934,0.000197667523225934,0.000197667523225934,0.000197667523225934,0.000197667523225934,0.000197667523225934,0.000197667523225934,0.000197667523225934,0.000197667523225934,0.000197667523225934,0.000197667523225934,0.000197667523225934,0.000197667523225934,0.000197667523225934,0.000197667523225934,0.000197667523225934,0.000197667523225934,0.000197667523225934,0.000197667523225934,0.000197667523225934,0.000197667523225934,0.000197667523225934,0.000197667523225934,0.000197667523225934,0.000197667523225934,0.000197667523225934,0.000197667523225934,0.000197667523225934,0.000197667523225934,0.000197667523225934,0.000197667523225934,0.000197667523225934,0.000197667523225934,0.000197667523225934,0.000197667523225934,0.000197667523225934,0.000197667523225934,0.000197667523225934,0.000197667523225934,0.000197667523225934,0.000197667523225934,0.000197667523225934,0.000197667523225934,0.000197667523225934,0.000197667523225934,0.000197667523225934,0.000197667523225934,0.000197667523225934,0.000197667523225934,0.000197667523225934,0.000197667523225934,0.000197667523225934,0.000197667523225934,0.000197667523225934,0.000197667523225934,0.000197667523225934,0.000197667523225934,0.000197667523225934,0.000197667523225934,0.000197667523225934,0.000197667523225934,0.000197667523225934,0.000197667523225934,0.000197667523225934,0.000197667523225934,0.000197667523225934,0.000197667523225934,0.000197667523225934
0.000197667523225934,0.000197667523225934,0.000197667523225934,0.000197667523225934,0.000197667523225934,0.000197667523225934,0.000197667523225934,0.000197667523225934,0.000197667523225934,0.000197667523225934,0.000197667523225934,0.000197667523225934,0.000197667523225934,0.000197667523225934,0.000197667523225934,0.000197667523225934,0.000197667523225934,0.000197667523225934,0.000197667523225934,0.000197667523225934,0.000197667523225934,0.000197667523225934,0.000197667523225934,0.000197667523225934,0.000197667523225934,0.000197667523225934,0.000197667523225934,0.000197667523225934,0.000197667523225934,0.000197667523225934,0.000197667523225934,0.000197667523225934,0.000197667523225934,0.000197667523225934,0.000197667523225934,0.000197667523225934,0.000197667523225934,0.000197667523225934,0.000197667523225934,0.000197667523225934,0.000197667523225934,0.000197667523225934,0.000197667523225934,0.000197667523225934,0.000197667523225934,0.000197667523225934,0.000197667523225934,0.000197667523225934,0.000197667523225934,0.000197667523225934,0.000197667523225934,0.000197667523225934,0.000197667523225934,0.000197667523225934,0.000197667523225934,0.000197667523225934,0.000197667523225934,0.000197667523225934,0.000197667523225934,0.000197667523225934,0.000197667523225934,0.000197667523225934,0.000197667523225934,0.000197667523225934,0.000197667523225934,0.000197667523225934,0.000197667523225934,0.000197667523225934,0.000197667523225934,0.000197667523225934,0.000197667523225934,0.000197667523225934,0.000197667523225934,0.000197667523225934,0.000197667523225934,0.000197667523225934,0.000197667523225934,0.000197667523225934,0.000197667523225934,0.000197667523225934,0.000197667523225934,0.000197667523225934,0.000197667523225934,0.000197667523225934,0.000197667523225934,0.000197667523225934,0.000197667523225934,0.000197667523225934,0.000197667523225934,0.000197667523225934,0.000197667523225934,0.000197667523225934,0.000197667523225934,0.000197667523225934,0.000197667523225934,0.000197667523225934,0.000197667523225934,0.000197667523225934,0.000197667523225934,0.000197667523225934
0.000197667523225934,0.000197667523225934,0.000197667523225934,0.000197667523225934,0.000197667523225934,0.000197667523225934,0.000197667523225934,0.000197667523225934,0.000197667523225934,0.000197667523225934,0.000197667523225934,0.000197667523225934,0.000197667523225934,0.000197667523225934,0.000197667523225934,0.000197667523225934,0.000197667523225934,0.000197667523225934,0.000197667523225934,0.000197667523225934,0.000197667523225934,0.000197667523225934,0.000197667523225934,0.000197667523225934,0.000197667523225934,0.000197667523225934,0.000197667523225934,0.000197667523225934,0.000197667523225934,0.000197667523225934,0.000197667523225934,0.000197667523225934,0.000197667523225934,0.000197667523225934,0.000197667523225934,0.000197667523225934,0.000197667523225934,0.000197667523225934,0.000197667523225934,0.000197667523225934,0.000197667523225934,0.000197667523225934,0.000197667523225934,0.000197667523225934,0.000197667523225934,0.000197667523225934,0.000197667523225934,0.000197667523225934,0.000197667523225934,0.000197667523225934,0.000197667523225934,0.000197667523225934,0.000197667523225934,0.000197667523225934,0.000197667523225934,0.000197667523225934,0.000197667523225934,0.000197667523225934,0.000197667523225934,0.000197667523225934,0.000197667523225934,0.000197667523225934,0.000197667523225934,0.000197667523225934,0.000197667523225934,0.000197667523225934,0.000197667523225934,0.000197667523225934,0.000197667523225934,0.000197667523225934,0.000197667523225934,0.000197667523225934,0.000197667523225934,0.000197667523225934,0.000197667523225934,0.000197667523225934,0.000197667523225934,0.000197667523225934,0.000197667523225934,0.000197667523225934,0.000197667523225934,0.000197667523225934,0.000197667523225934,0.000197667523225934,0.000197667523225934,0.000197667523225934,0.000197667523225934,0.000197667523225934,0.000197667523225934,0.000197667523225934,0.000197667523225934,0.000197667523225934,0.000197667523225934,0.000197667523225934,0.000197667523225934,0.000197667523225934,0.000197667523225934,0.000197667523225934,0.000197667523225934,0.000197667523225934
0.000197667523225934,0.000197667523225934,0.000197667523225934,0.000197667523225934,0.000197667523225934,0.000197667523225934,0.000197667523225934,0.000197667523225934,0.000197667523225934,0.000197667523225934,0.000197667523225934,0.000197667523225934,0.000197667523225934,0.000197667523225934,0.000197667523225934,0.000197667523225934,0.000197667523225934,0.000197667523225934,0.000197667523225934,0.000197667523225934,0.000197667523225934,0.000197667523225934,0.000197667523225934,0.000197667523225934,0.000197667523225934,0.000197667523225934,0.000197667523225934,0.000197667523225934,0.000197667523225934,0.000197667523225934,0.000197667523225934,0.000197667523225934,0.000197667523225934,0.000197667523225934,0.000197667523225934,0.000197667523225934,0.000197667523225934,0.000197667523225934,0.000197667523225934,0.000197667523225934,0.000197667523225934,0.000197667523225934,0.000197667523225934,0.000197667523225934,0.000197667523225934,0.000197667523225934,0.000197667523225934,0.000197667523225934,0.000197667523225934,0.000197667523225934,0.000197667523225934,0.000197667523225934,0.000197667523225934,0.000197667523225934,0.000197667523225934,0.000197667523225934,0.000197667523225934,0.000197667523225934,0.000197667523225934,0.000197667523225934,0.000197667523225934,0.000197667523225934,0.000197667523225934,0.000197667523225934,0.000197667523225934,0.000197667523225934,0.000197667523225934,0.000197667523225934,0.000197667523225934,0.000197667523225934,0.000197667523225934,0.000197667523225934,0.000197667523225934,0.000197667523225934,0.000197667523225934,0.000197667523225934,0.000197667523225934,0.000197667523225934,0.000197667523225934,0.000197667523225934,0.000197667523225934,0.000197667523225934,0.000197667523225934,0.000197667523225934,0.000197667523225934,0.000197667523225934,0.000197667523225934,0.000197667523225934,0.000197667523225934,0.000197667523225934,0.000197667523225934,0.000197667523225934,0.000197667523225934,0.000197667523225934,0.000197667523225934,0.000197667523225934,0.000197667523225934,0.000197667523225934,0.000197667523225934,0.000197667523225934
0.000197667523225934,0.000197667523225934,0.000197667523225934,0.000197667523225934,0.000197667523225934,0.000197667523225934,0.000197667523225934,0.000197667523225934,0.000197667523225934,0.000197667523225934,0.000197667523225934,0.000197667523225934,0.000197667523225934,0.000197667523225934,0.000197667523225934,0.000197667523225934,0.000197667523225934,0.000197667523225934,0.000197667523225934,0.000197667523225934,0.000197667523225934,0.000197667523225934,0.000197667523225934,0.000197667523225934,0.000197667523225934,0.000197667523225934,0.000197667523225934,0.000197667523225934,0.000197667523225934,0.000197667523225934,0.000197667523225934,0.000197667523225934,0.000197667523225934,0.000197667523225934,0.000197667523225934,0.000197667523225934,0.000197667523225934,0.000197667523225934,0.000197667523225934,0.000197667523225934,0.000197667523225934,0.000197667523225934,0.000197667523225934,0.000197667523225934,0.000197667523225934,0.000197667523225934,0.000197667523225934,0.000197667523225934,0.000197667523225934,0.000197667523225934,0.000197667523225934,0.000197667523225934,0.000197667523225934,0.000197667523225934,0.000197667523225934,0.000197667523225934,0.000197667523225934,0.000197667523225934,0.000197667523225934,0.000197667523225934,0.000197667523225934,0.000197667523225934,0.000197667523225934,0.000197667523225934,0.000197667523225934,0.000197667523225934,0.000197667523225934,0.000197667523225934,0.000197667523225934,0.000197667523225934,0.000197667523225934,0.000197667523225934,0.000197667523225934,0.000197667523225934,0.000197667523225934,0.000197667523225934,0.000197667523225934,0.000197667523225934,0.000197667523225934,0.000197667523225934,0.000197667523225934,0.000197667523225934,0.000197667523225934,0.000197667523225934,0.000197667523225934,0.000197667523225934,0.000197667523225934,0.000197667523225934,0.000197667523225934,0.000197667523225934,0.000197667523225934,0.000197667523225934,0.000197667523225934,0.000197667523225934,0.000197667523225934,0.000197667523225934,0.000197667523225934,0.000197667523225934,0.000197667523225934,0.000197667523225934
0.000197667523225934,0.000197667523225934,0.000197667523225934,0.000197667523225934,0.000197667523225934,0.000197667523225934,0.000197667523225934,0.000197667523225934,0.000197667523225934,0.000197667523225934,0.000197667523225934,0.000197667523225934,0.000197667523225934,0.000197667523225934,0.000197667523225934,0.000197667523225934,0.000197667523225934,0.000197667523225934,0.000197667523225934,0.000197667523225934,0.000197667523225934,0.000197667523225934,0.000197667523225934,0.000197667523225934,0.000197667523225934,0.000197667523225934,0.000197667523225934,0.000197667523225934,0.000197667523225934,0.000197667523225934,0.000197667523225934,0.000197667523225934,0.000197667523225934,0.000197667523225934,0.000197667523225934,0.000197667523225934,0.000197667523225934,0.000197667523225934,0.000197667523225934,0.000197667523225934,0.000197667523225934,0.000197667523225934,0.000197667523225934,0.000197667523225934,0.000197667523225934,0.000197667523225934,0.000197667523225934,0.000197667523225934,0.000197667523225934,0.000197667523225934,0.000197667523225934,0.000197667523225934,0.000197667523225934,0.000197667523225934,0.000197667523225934,0.000197667523225934,0.000197667523225934,0.000197667523225934,0.000197667523225934,0.000197667523225934,0.000197667523225934,0.000197667523225934,0.000197667523225934,0.000197667523225934,0.000197667523225934,0.000197667523225934,0.000197667523225934,0.000197667523225934,0.000197667523225934,0.000197667523225934,0.000197667523225934,0.000197667523225934,0.000197667523225934,0.000197667523225934,0.000197667523225934,0.000197667523225934,0.000197667523225934,0.000197667523225934,0.000197667523225934,0.000197667523225934,0.000197667523225934,0.000197667523225934,0.000197667523225934,0.000197667523225934,0.000197667523225934,0.000197667523225934,0.000197667523225934,0.000197667523225934,0.000197667523225934,0.000197667523225934,0.000197667523225934,0.000197667523225934,0.000197667523225934,0.000197667523225934,0.000197667523225934,0.000197667523225934,0.000197667523225934,0.000197667523225934,0.000197667523225934,0.000197667523225934
0.000197667523225934,0.000197667523225934,0.000197667523225934,0.000197667523225934,0.000197667523225934,0.000197667523225934,0.000197667523225934,0.000197667523225934,0.000197667523225934,0.000197667523225934,0.000197667523225934,0.000197667523225934,0.000197667523225934,0.000197667523225934,0.000197667523225934,0.000197667523225934,0.000197667523225934,0.000197667523225934,0.000197667523225934,0.000197667523225934,0.000197667523225934,0.000197667523225934,0.000197667523225934,0.000197667523225934,0.000197667523225934,0.000197667523225934,0.000197667523225934,0.000197667523225934,0.000197667523225934,0.000197667523225934,0.000197667523225934,0.000197667523225934,0.000197667523225934,0.000197667523225934,0.000197667523225934,0.000197667523225934,0.000197667523225934,0.000197667523225934,0.000197667523225934,0.000197667523225934,0.000197667523225934,0.000197667523225934,0.000197667523225934,0.000197667523225934,0.000197667523225934,0.000197667523225934,0.000197667523225934,0.000197667523225934,0.000197667523225934,0.000197667523225934,0.000197667523225934,0.000197667523225934,0.000197667523225934,0.000197667523225934,0.000197667523225934,0.000197667523225934,0.000197667523225934,0.000197667523225934,0.000197667523225934,0.000197667523225934,0.000197667523225934,0.000197667523225934,0.000197667523225934,0.000197667523225934,0.000197667523225934,0.000197667523225934,0.000197667523225934,0.000197667523225934,0.000197667523225934,0.000197667523225934,0.000197667523225934,0.000197667523225934,0.000197667523225934,0.000197667523225934,0.000197667523225934,0.000197667523225934,0.000197667523225934,0.000197667523225934,0.000197667523225934,0.000197667523225934,0.000197667523225934,0.000197667523225934,0.000197667523225934,0.000197667523225934,0.000197667523225934,0.000197667523225934,0.000197667523225934,0.000197667523225934,0.000197667523225934,0.000197667523225934,0.000197667523225934,0.000197667523225934,0.000197667523225934,0.000197667523225934,0.000197667523225934,0.000197667523225934,0.000197667523225934,0.000197667523225934,0.000197667523225934,0.000197667523225934
0.000197667523225934,0.000197667523225934,0.000197667523225934,0.000197667523225934,0.000197667523225934,0.000197667523225934,0.000197667523225934,0.000197667523225934,0.000197667523225934,0.000197667523225934,0.000197667523225934,0.000197667523225934,0.000197667523225934,0.000197667523225934,0.000197667523225934,0.000197667523225934,0.000197667523225934,0.000197667523225934,0.000197667523225934,0.000197667523225934,0.000197667523225934,0.000197667523225934,0.000197667523225934,0.000197667523225934,0.000197667523225934,0.000197667523225934,0.000197667523225934,0.000197667523225934,0.000197667523225934,0.000197667523225934,0.000197667523225934,0.000197667523225934,0.000197667523225934,0.000197667523225934,0.000197667523225934,0.000197667523225934,0.000197667523225934,0.000197667523225934,0.000197667523225934,0.000197667523225934,0.000197667523225934,0.000197667523225934,0.000197667523225934,0.000197667523225934,0.000197667523225934,0.000197667523225934,0.000197667523225934,0.000197667523225934,0.000197667523225934,0.000197667523225934,0.000197667523225934,0.000197667523225934,0.000197667523225934,0.000197667523225934,0.000197667523225934,0.000197667523225934,0.000197667523225934,0.000197667523225934,0.000197667523225934,0.000197667523225934,0.000197667523225934,0.000197667523225934,0.000197667523225934,0.000197667523225934,0.000197667523225934,0.000197667523225934,0.000197667523225934,0.000197667523225934,0.000197667523225934,0.000197667523225934,0.000197667523225934,0.000197667523225934,0.000197667523225934,0.000197667523225934,0.000197667523225934,0.000197667523225934,0.000197667523225934,0.000197667523225934,0.000197667523225934,0.000197667523225934,0.000197667523225934,0.000197667523225934,0.000197667523225934,0.000197667523225934,0.000197667523225934,0.000197667523225934,0.000197667523225934,0.000197667523225934,0.000197667523225934,0.000197667523225934,0.000197667523225934,0.000197667523225934,0.000197667523225934,0.000197667523225934,0.000197667523225934,0.000197667523225934,0.000197667523225934,0.000197667523225934,0.000197667523225934,0.000197667523225934
0.000197667523225934,0.000197667523225934,0.000197667523225934,0.000197667523225934,0.000197667523225934,0.000197667523225934,0.000197667523225934,0.000197667523225934,0.000197667523225934,0.000197667523225934,0.000197667523225934,0.000197667523225934,0.000197667523225934,0.000197667523225934,0.000197667523225934,0.000197667523225934,0.000197667523225934,0.000197667523225934,0.000197667523225934,0.000197667523225934,0.000197667523225934,0.000197667523225934,0.000197667523225934,0.000197667523225934,0.000197667523225934,0.000197667523225934,0.000197667523225934,0.000197667523225934,0.000197667523225934,0.000197667523225934,0.000197667523225934,0.000197667523225934,0.000197667523225934,0.000197667523225934,0.000197667523225934,0.000197667523225934,0.000197667523225934,0.000197667523225934,0.000197667523225934,0.000197667523225934,0.000197667523225934,0.000197667523225934,0.000197667523225934,0.000197667523225934,0.000197667523225934,0.000197667523225934,0.000197667523225934,0.000197667523225934,0.000197667523225934,0.000197667523225934,0.000197667523225934,0.000197667523225934,0.000197667523225934,0.000197667523225934,0.000197667523225934,0.000197667523225934,0.000197667523225934,0.000197667523225934,0.000197667523225934,0.000197667523225934,0.000197667523225934,0.000197667523225934,0.000197667523225934,0.000197667523225934,0.000197667523225934,0.000197667523225934,0.000197667523225934,0.000197667523225934,0.000197667523225934,0.000197667523225934,0.000197667523225934,0.000197667523225934,0.000197667523225934,0.000197667523225934,0.000197667523225934,0.000197667523225934,0.000197667523225934,0.000197667523225934,0.000197667523225934,0.000197667523225934,0.000197667523225934,0.000197667523225934,0.000197667523225934,0.000197667523225934,0.000197667523225934,0.000197667523225934,0.000197667523225934,0.000197667523225934,0.000197667523225934,0.000197667523225934,0.000197667523225934,0.000197667523225934,0.000197667523225934,0.000197667523225934,0.000197667523225934,0.000197667523225934,0.000197667523225934,0.000197667523225934,0.000197667523225934,0.000197667523225934
0.000197667523225934,0.000197667523225934,0.000197667523225934,0.000197667523225934,0.000197667523225934,0.000197667523225934,0.000197667523225934,0.000197667523225934,0.000197667523225934,0.000197667523225934,0.000197667523225934,0.000197667523225934,0.000197667523225934,0.000197667523225934,0.000197667523225934,0.000197667523225934,0.000197667523225934,0.000197667523225934,0.000197667523225934,0.000197667523225934,0.000197667523225934,0.000197667523225934,0.000197667523225934,0.000197667523225934,0.000197667523225934,0.000197667523225934,0.000197667523225934,0.000197667523225934,0.000197667523225934,0.000197667523225934,0.000197667523225934,0.000197667523225934,0.000197667523225934,0.000197667523225934,0.000197667523225934,0.000197667523225934,0.000197667523225934,0.000197667523225934,0.000197667523225934,0.000197667523225934,0.000197667523225934,0.000197667523225934,0.000197667523225934,0.000197667523225934,0.000197667523225934,0.000197667523225934,0.000197667523225934,0.000197667523225934,0.000197667523225934,0.000197667523225934,0.000197667523225934,0.000197667523225934,0.000197667523225934,0.000197667523225934,0.000197667523225934,0.000197667523225934,0.000197667523225934,0.000197667523225934,0.000197667523225934,0.000197667523225934,0.000197667523225934,0.000197667523225934,0.000197667523225934,0.000197667523225934,0.000197667523225934,0.000197667523225934,0.000197667523225934,0.000197667523225934,0.000197667523225934,0.000197667523225934,0.000197667523225934,0.000197667523225934,0.000197667523225934,0.000197667523225934,0.000197667523225934,0.000197667523225934,0.000197667523225934,0.000197667523225934,0.000197667523225934,0.000197667523225934,0.000197667523225934,0.000197667523225934,0.000197667523225934,0.000197667523225934,0.000197667523225934,0.000197667523225934,0.000197667523225934,0.000197667523225934,0.000197667523225934,0.000197667523225934,0.000197667523225934,0.000197667523225934,0.000197667523225934,0.000197667523225934,0.000197667523225934,0.000197667523225934,0.000197667523225934,0.000197667523225934,0.000197667523225934,0.000197667523225934
0.000197667523225934,0.000197667523225934,0.000197667523225934,0.000197667523225934,0.000197667523225934,0.000197667523225934,0.000197667523225934,0.000197667523225934,0.000197667523225934,0.000197667523225934,0.000197667523225934,0.000197667523225934,0.000197667523225934,0.000197667523225934,0.000197667523225934,0.000197667523225934,0.000197667523225934,0.000197667523225934,0.000197667523225934,0.000197667523225934,0.000197667523225934,0.000197667523225934,0.000197667523225934,0.000197667523225934,0.000197667523225934,0.000197667523225934,0.000197667523225934,0.000197667523225934,0.000197667523225934,0.000197667523225934,0.000197667523225934,0.000197667523225934,0.000197667523225934,0.000197667523225934,0.000197667523225934,0.000197667523225934,0.000197667523225934,0.000197667523225934,0.000197667523225934,0.000197667523225934,0.000197667523225934,0.000197667523225934,0.000197667523225934,0.000197667523225934,0.000197667523225934,0.000197667523225934,0.000197667523225934,0.000197667523225934,0.000197667523225934,0.000197667523225934,0.000197667523225934,0.000197667523225934,0.000197667523225934,0.000197667523225934,0.000197667523225934,0.000197667523225934,0.000197667523225934,0.000197667523225934,0.000197667523225934,0.000197667523225934,0.000197667523225934,0.000197667523225934,0.000197667523225934,0.000197667523225934,0.000197667523225934,0.000197667523225934,0.000197667523225934,0.000197667523225934,0.000197667523225934,0.000197667523225934,0.000197667523225934,0.000197667523225934,0.000197667523225934,0.000197667523225934,0.000197667523225934,0.000197667523225934,0.000197667523225934,0.000197667523225934,0.000197667523225934,0.000197667523225934,0.000197667523225934,0.000197667523225934,0.000197667523225934,0.000197667523225934,0.000197667523225934,0.000197667523225934,0.000197667523225934,0.000197667523225934,0.000197667523225934,0.000197667523225934,0.000197667523225934,0.000197667523225934,0.000197667523225934,0.000197667523225934,0.000197667523225934,0.000197667523225934,0.000197667523225934,0.000197667523225934,0.000197667523225934,0.000197667523225934
0.000197667523225934,0.000197667523225934,0.000197667523225934,0.000197667523225934,0.000197667523225934,0.000197667523225934,0.000197667523225934,0.000197667523225934,0.000197667523225934,0.000197667523225934,0.000197667523225934,0.000197667523225934,0.000197667523225934,0.000197667523225934,0.000197667523225934,0.000197667523225934,0.000197667523225934,0.000197667523225934,0.000197667523225934,0.000197667523225934,0.000197667523225934,0.000197667523225934,0.000197667523225934,0.000197667523225934,0.000197667523225934,0.000197667523225934,0.000197667523225934,0.000197667523225934,0.000197667523225934,0.000197667523225934,0.000197667523225934,0.000197667523225934,0.000197667523225934,0.000197667523225934,0.000197667523225934,0.000197667523225934,0.000197667523225934,0.000197667523225934,0.000197667523225934,0.000197667523225934,0.000197667523225934,0.000197667523225934,0.000197667523225934,0.000197667523225934,0.000197667523225934,0.000197667523225934,0.000197667523225934,0.000197667523225934,0.000197667523225934,0.000197667523225934,0.000197667523225934,0.000197667523225934,0.000197667523225934,0.000197667523225934,0.000197667523225934,0.000197667523225934,0.000197667523225934,0.000197667523225934,0.000197667523225934,0.000197667523225934,0.000197667523225934,0.000197667523225934,0.000197667523225934,0.000197667523225934,0.000197667523225934,0.000197667523225934,0.000197667523225934,0.000197667523225934,0.000197667523225934,0.000197667523225934,0.000197667523225934,0.000197667523225934,0.000197667523225934,0.000197667523225934,0.000197667523225934,0.000197667523225934,0.000197667523225934,0.000197667523225934,0.000197667523225934,0.000197667523225934,0.000197667523225934,0.000197667523225934,0.000197667523225934,0.000197667523225934,0.000197667523225934,0.000197667523225934,0.000197667523225934,0.000197667523225934,0.000197667523225934,0.000197667523225934,0.000197667523225934,0.000197667523225934,0.000197667523225934,0.000197667523225934,0.000197667523225934,0.000197667523225934,0.000197667523225934,0.000197667523225934,0.000197667523225934,0.000197667523225934
0.000197667523225934,0.000197667523225934,0.000197667523225934,0.000197667523225934,0.000197667523225934,0.000197667523225934,0.000197667523225934,0.000197667523225934,0.000197667523225934,0.000197667523225934,0.000197667523225934,0.000197667523225934,0.000197667523225934,0.000197667523225934,0.000197667523225934,0.000197667523225934,0.000197667523225934,0.000197667523225934,0.000197667523225934,0.000197667523225934,0.000197667523225934,0.000197667523225934,0.000197667523225934,0.000197667523225934,0.000197667523225934,0.000197667523225934,0.000197667523225934,0.000197667523225934,0.000197667523225934,0.000197667523225934,0.000197667523225934,0.000197667523225934,0.000197667523225934,0.000197667523225934,0.000197667523225934,0.000197667523225934,0.000197667523225934,0.000197667523225934,0.000197667523225934,0.000197667523225934,0.000197667523225934,0.000197667523225934,0.000197667523225934,0.000197667523225934,0.000197667523225934,0.000197667523225934,0.000197667523225934,0.000197667523225934,0.000197667523225934,0.000197667523225934,0.000197667523225934,0.000197667523225934,0.000197667523225934,0.000197667523225934,0.000197667523225934,0.000197667523225934,0.000197667523225934,0.000197667523225934,0.000197667523225934,0.000197667523225934,0.000197667523225934,0.000197667523225934,0.000197667523225934,0.000197667523225934,0.000197667523225934,0.000197667523225934,0.000197667523225934,0.000197667523225934,0.000197667523225934,0.000197667523225934,0.000197667523225934,0.000197667523225934,0.000197667523225934,0.000197667523225934,0.000197667523225934,0.000197667523225934,0.000197667523225934,0.000197667523225934,0.000197667523225934,0.000197667523225934,0.000197667523225934,0.000197667523225934,0.000197667523225934,0.000197667523225934,0.000197667523225934,0.000197667523225934,0.000197667523225934,0.000197667523225934,0.000197667523225934,0.000197667523225934,0.000197667523225934,0.000197667523225934,0.000197667523225934,0.000197667523225934,0.000197667523225934,0.000197667523225934,0.000197667523225934,0.000197667523225934,0.000197667523225934,0.000197667523225934
0.000197667523225934,0.000197667523225934,0.000197667523225934,0.000197667523225934,0.000197667523225934,0.000197667523225934,0.000197667523225934,0.000197667523225934,0.000197667523225934,0.000197667523225934,0.000197667523225934,0.000197667523225934,0.000197667523225934,0.000197667523225934,0.000197667523225934,0.000197667523225934,0.000197667523225934,0.000197667523225934,0.000197667523225934,0.000197667523225934,0.000197667523225934,0.000197667523225934,0.000197667523225934,0.000197667523225934,0.000197667523225934,0.000197667523225934,0.000197667523225934,0.000197667523225934,0.000197667523225934,0.000197667523225934,0.000197667523225934,0.000197667523225934,0.000197667523225934,0.000197667523225934,0.000197667523225934,0.000197667523225934,0.000197667523225934,0.000197667523225934,0.000197667523225934,0.000197667523225934,0.000197667523225934,0.000197667523225934,0.000197667523225934,0.000197667523225934,0.000197667523225934,0.000197667523225934,0.000197667523225934,0.000197667523225934,0.000197667523225934,0.000197667523225934,0.000197667523225934,0.000197667523225934,0.000197667523225934,0.000197667523225934,0.000197667523225934,0.000197667523225934,0.000197667523225934,0.000197667523225934,0.000197667523225934,0.000197667523225934,0.000197667523225934,0.000197667523225934,0.000197667523225934,0.000197667523225934,0.000197667523225934,0.000197667523225934,0.000197667523225934,0.000197667523225934,0.000197667523225934,0.000197667523225934,0.000197667523225934,0.000197667523225934,0.000197667523225934,0.000197667523225934,0.000197667523225934,0.000197667523225934,0.000197667523225934,0.000197667523225934,0.000197667523225934,0.000197667523225934,0.000197667523225934,0.000197667523225934,0.000197667523225934,0.000197667523225934,0.000197667523225934,0.000197667523225934,0.000197667523225934,0.000197667523225934,0.000197667523225934,0.000197667523225934,0.000197667523225934,0.000197667523225934,0.000197667523225934,0.000197667523225934,0.000197667523225934,0.000197667523225934,0.000197667523225934,0.000197667523225934,0.000197667523225934,0.000197667523225934
0.000197667523225934,0.000197667523225934,0.000197667523225934,0.000197667523225934,0.000197667523225934,0.000197667523225934,0.000197667523225934,0.000197667523225934,0.000197667523225934,0.000197667523225934,0.000197667523225934,0.000197667523225934,0.000197667523225934,0.000197667523225934,0.000197667523225934,0.000197667523225934,0.000197667523225934,0.000197667523225934,0.000197667523225934,0.000197667523225934,0.000197667523225934,0.000197667523225934,0.000197667523225934,0.000197667523225934,0.000197667523225934,0.000197667523225934,0.000197667523225934,0.000197667523225934,0.000197667523225934,0.000197667523225934,0.000197667523225934,0.000197667523225934,0.000197667523225934,0.000197667523225934,0.000197667523225934,0.000197667523225934,0.000197667523225934,0.000197667523225934,0.000197667523225934,0.000197667523225934,0.000197667523225934,0.000197667523225934,0.000197667523225934,0.000197667523225934,0.000197667523225934,0.000197667523225934,0.000197667523225934,0.000197667523225934,0.000197667523225934,0.000197667523225934,0.000197667523225934,0.000197667523225934,0.000197667523225934,0.000197667523225934,0.000197667523225934,0.000197667523225934,0.000197667523225934,0.000197667523225934,0.000197667523225934,0.000197667523225934,0.000197667523225934,0.000197667523225934,0.000197667523225934,0.000197667523225934,0.000197667523225934,0.000197667523225934,0.000197667523225934,0.000197667523225934,0.000197667523225934,0.000197667523225934,0.000197667523225934,0.000197667523225934,0.000197667523225934,0.000197667523225934,0.000197667523225934,0.000197667523225934,0.000197667523225934,0.000197667523225934,0.000197667523225934,0.000197667523225934,0.000197667523225934,0.000197667523225934,0.000197667523225934,0.000197667523225934,0.000197667523225934,0.000197667523225934,0.000197667523225934,0.000197667523225934,0.000197667523225934,0.000197667523225934,0.000197667523225934,0.000197667523225934,0.000197667523225934,0.000197667523225934,0.000197667523225934,0.000197667523225934,0.000197667523225934,0.000197667523225934,0.000197667523225934,0.000197667523225934
0.000197667523225934,0.000197667523225934,0.000197667523225934,0.000197667523225934,0.000197667523225934,0.000197667523225934,0.000197667523225934,0.000197667523225934,0.000197667523225934,0.000197667523225934,0.000197667523225934,0.000197667523225934,0.000197667523225934,0.000197667523225934,0.000197667523225934,0.000197667523225934,0.000197667523225934,0.000197667523225934,0.000197667523225934,0.000197667523225934,0.000197667523225934,0.000197667523225934,0.000197667523225934,0.000197667523225934,0.000197667523225934,0.000197667523225934,0.000197667523225934,0.000197667523225934,0.000197667523225934,0.000197667523225934,0.000197667523225934,0.000197667523225934,0.000197667523225934,0.000197667523225934,0.000197667523225934,0.000197667523225934,0.000197667523225934,0.000197667523225934,0.000197667523225934,0.000197667523225934,0.000197667523225934,0.000197667523225934,0.000197667523225934,0.000197667523225934,0.000197667523225934,0.000197667523225934,0.000197667523225934,0.000197667523225934,0.000197667523225934,0.000197667523225934,0.000197667523225934,0.000197667523225934,0.000197667523225934,0.000197667523225934,0.000197667523225934,0.000197667523225934,0.000197667523225934,0.000197667523225934,0.000197667523225934,0.000197667523225934,0.000197667523225934,0.000197667523225934,0.000197667523225934,0.000197667523225934,0.000197667523225934,0.000197667523225934,0.000197667523225934,0.000197667523225934,0.000197667523225934,0.000197667523225934,0.000197667523225934,0.000197667523225934,0.000197667523225934,0.000197667523225934,0.000197667523225934,0.000197667523225934,0.000197667523225934,0.000197667523225934,0.000197667523225934,0.000197667523225934,0.000197667523225934,0.000197667523225934,0.000197667523225934,0.000197667523225934,0.000197667523225934,0.000197667523225934,0.000197667523225934,0.000197667523225934,0.000197667523225934,0.000197667523225934,0.000197667523225934,0.000197667523225934,0.000197667523225934,0.000197667523225934,0.000197667523225934,0.000197667523225934,0.000197667523225934,0.000197667523225934,0.000197667523225934,0.000197667523225934
0.000197667523225934,0.000197667523225934,0.000197667523225934,0.000197667523225934,0.000197667523225934,0.000197667523225934,0.000197667523225934,0.000197667523225934,0.000197667523225934,0.000197667523225934,0.000197667523225934,0.000197667523225934,0.000197667523225934,0.000197667523225934,0.000197667523225934,0.000197667523225934,0.000197667523225934,0.000197667523225934,0.000197667523225934,0.000197667523225934,0.000197667523225934,0.000197667523225934,0.000197667523225934,0.000197667523225934,0.000197667523225934,0.000197667523225934,0.000197667523225934,0.000197667523225934,0.000197667523225934,0.000197667523225934,0.000197667523225934,0.000197667523225934,0.000197667523225934,0.000197667523225934,0.000197667523225934,0.000197667523225934,0.000197667523225934,0.000197667523225934,0.000197667523225934,0.000197667523225934,0.000197667523225934,0.000197667523225934,0.000197667523225934,0.000197667523225934,0.000197667523225934,0.000197667523225934,0.000197667523225934,0.000197667523225934,0.000197667523225934,0.000197667523225934,0.000197667523225934,0.000197667523225934,0.000197667523225934,0.000197667523225934,0.000197667523225934,0.000197667523225934,0.000197667523225934,0.000197667523225934,0.000197667523225934,0.000197667523225934,0.000197667523225934,0.000197667523225934,0.000197667523225934,0.000197667523225934,0.000197667523225934,0.000197667523225934,0.000197667523225934,0.000197667523225934,0.000197667523225934,0.000197667523225934,0.000197667523225934,0.000197667523225934,0.000197667523225934,0.000197667523225934,0.000197667523225934,0.000197667523225934,0.000197667523225934,0.000197667523225934,0.000197667523225934,0.000197667523225934,0.000197667523225934,0.000197667523225934,0.000197667523225934,0.000197667523225934,0.000197667523225934,0.000197667523225934,0.000197667523225934,0.000197667523225934,0.000197667523225934,0.000197667523225934,0.000197667523225934,0.000197667523225934,0.000197667523225934,0.000197667523225934,0.000197667523225934,0.000197667523225934,0.000197667523225934,0.000197667523225934,0.000197667523225934,0.000197667523225934
0.000197667523225934,0.000197667523225934,0.000197667523225934,0.000197667523225934,0.000197667523225934,0.000197667523225934,0.000197667523225934,0.000197667523225934,0.000197667523225934,0.000197667523225934,0.000197667523225934,0.000197667523225934,0.000197667523225934,0.000197667523225934,0.000197667523225934,0.000197667523225934,0.000197667523225934,0.000197667523225934,0.000197667523225934,0.000197667523225934,0.000197667523225934,0.000197667523225934,0.000197667523225934,0.000197667523225934,0.000197667523225934,0.000197667523225934,0.000197667523225934,0.000197667523225934,0.000197667523225934,0.000197667523225934,0.000197667523225934,0.000197667523225934,0.000197667523225934,0.000197667523225934,0.000197667523225934,0.000197667523225934,0.000197667523225934,0.000197667523225934,0.000197667523225934,0.000197667523225934,0.000197667523225934,0.000197667523225934,0.000197667523225934,0.000197667523225934,0.000197667523225934,0.000197667523225934,0.000197667523225934,0.000197667523225934,0.000197667523225934,0.000197667523225934,0.000197667523225934,0.000197667523225934,0.000197667523225934,0.000197667523225934,0.000197667523225934,0.000197667523225934,0.000197667523225934,0.000197667523225934,0.000197667523225934,0.000197667523225934,0.000197667523225934,0.000197667523225934,0.000197667523225934,0.000197667523225934,0.000197667523225934,0.000197667523225934,0.000197667523225934,0.000197667523225934,0.000197667523225934,0.000197667523225934,0.000197667523225934,0.000197667523225934,0.000197667523225934,0.000197667523225934,0.000197667523225934,0.000197667523225934,0.000197667523225934,0.000197667523225934,0.000197667523225934,0.000197667523225934,0.000197667523225934,0.000197667523225934,0.000197667523225934,0.000197667523225934,0.000197667523225934,0.000197667523225934,0.000197667523225934,0.000197667523225934,0.000197667523225934,0.000197667523225934,0.000197667523225934,0.000197667523225934,0.000197667523225934,0.000197667523225934,0.000197667523225934,0.000197667523225934,0.000197667523225934,0.000197667523225934,0.000197667523225934,0.000197667523225934
0.000197667523225934,0.000197667523225934,0.000197667523225934,0.000197667523225934,0.000197667523225934,0.000197667523225934,0.000197667523225934,0.000197667523225934,0.000197667523225934,0.000197667523225934,0.000197667523225934,0.000197667523225934,0.000197667523225934,0.000197667523225934,0.000197667523225934,0.000197667523225934,0.000197667523225934,0.000197667523225934,0.000197667523225934,0.000197667523225934,0.000197667523225934,0.000197667523225934,0.000197667523225934,0.000197667523225934,0.000197667523225934,0.000197667523225934,0.000197667523225934,0.000197667523225934,0.000197667523225934,0.000197667523225934,0.000197667523225934,0.000197667523225934,0.000197667523225934,0.000197667523225934,0.000197667523225934,0.000197667523225934,0.000197667523225934,0.000197667523225934,0.000197667523225934,0.000197667523225934,0.000197667523225934,0.000197667523225934,0.000197667523225934,0.000197667523225934,0.000197667523225934,0.000197667523225934,0.000197667523225934,0.000197667523225934,0.000197667523225934,0.000197667523225934,0.000197667523225934,0.000197667523225934,0.000197667523225934,0.000197667523225934,0.000197667523225934,0.000197667523225934,0.000197667523225934,0.000197667523225934,0.000197667523225934,0.000197667523225934,0.000197667523225934,0.000197667523225934,0.000197667523225934,0.000197667523225934,0.000197667523225934,0.000197667523225934,0.000197667523225934,0.000197667523225934,0.000197667523225934,0.000197667523225934,0.000197667523225934,0.000197667523225934,0.000197667523225934,0.000197667523225934,0.000197667523225934,0.000197667523225934,0.000197667523225934,0.000197667523225934,0.000197667523225934,0.000197667523225934,0.000197667523225934,0.000197667523225934,0.000197667523225934,0.000197667523225934,0.000197667523225934,0.000197667523225934,0.000197667523225934,0.000197667523225934,0.000197667523225934,0.000197667523225934,0.000197667523225934,0.000197667523225934,0.000197667523225934,0.000197667523225934,0.000197667523225934,0.000197667523225934,0.000197667523225934,0.000197667523225934,0.000197667523225934,0.000197667523225934
0.000197667523225934,0.000197667523225934,0.000197667523225934,0.000197667523225934,0.000197667523225934,0.000197667523225934,0.000197667523225934,0.000197667523225934,0.000197667523225934,0.000197667523225934,0.000197667523225934,0.000197667523225934,0.000197667523225934,0.000197667523225934,0.000197667523225934,0.000197667523225934,0.000197667523225934,0.000197667523225934,0.000197667523225934,0.000197667523225934,0.000197667523225934,0.000197667523225934,0.000197667523225934,0.000197667523225934,0.000197667523225934,0.000197667523225934,0.000197667523225934,0.000197667523225934,0.000197667523225934,0.000197667523225934,0.000197667523225934,0.000197667523225934,0.000197667523225934,0.000197667523225934,0.000197667523225934,0.000197667523225934,0.000197667523225934,0.000197667523225934,0.000197667523225934,0.000197667523225934,0.000197667523225934,0.000197667523225934,0.000197667523225934,0.000197667523225934,0.000197667523225934,0.000197667523225934,0.000197667523225934,0.000197667523225934,0.000197667523225934,0.000197667523225934,0.000197667523225934,0.000197667523225934,0.000197667523225934,0.000197667523225934,0.000197667523225934,0.000197667523225934,0.000197667523225934,0.000197667523225934,0.000197667523225934,0.000197667523225934,0.000197667523225934,0.000197667523225934,0.000197667523225934,0.000197667523225934,0.000197667523225934,0.000197667523225934,0.000197667523225934,0.000197667523225934,0.000197667523225934,0.000197667523225934,0.000197667523225934,0.000197667523225934,0.000197667523225934,0.000197667523225934,0.000197667523225934,0.000197667523225934,0.000197667523225934,0.000197667523225934,0.000197667523225934,0.000197667523225934,0.000197667523225934,0.000197667523225934,0.000197667523225934,0.000197667523225934,0.000197667523225934,0.000197667523225934,0.000197667523225934,0.000197667523225934,0.000197667523225934,0.000197667523225934,0.000197667523225934,0.000197667523225934,0.000197667523225934,0.000197667523225934,0.000197667523225934,0.000197667523225934,0.000197667523225934,0.000197667523225934,0.000197667523225934,0.000197667523225934
0.000197667523225934,0.000197667523225934,0.000197667523225934,0.000197667523225934,0.000197667523225934,0.000197667523225934,0.000197667523225934,0.000197667523225934,0.000197667523225934,0.000197667523225934,0.000197667523225934,0.000197667523225934,0.000197667523225934,0.000197667523225934,0.000197667523225934,0.000197667523225934,0.000197667523225934,0.000197667523225934,0.000197667523225934,0.000197667523225934,0.000197667523225934,0.000197667523225934,0.000197667523225934,0.000197667523225934,0.000197667523225934,0.000197667523225934,0.000197667523225934,0.000197667523225934,0.000197667523225934,0.000197667523225934,0.000197667523225934,0.000197667523225934,0.000197667523225934,0.000197667523225934,0.000197667523225934,0.000197667523225934,0.000197667523225934,0.000197667523225934,0.000197667523225934,0.000197667523225934,0.000197667523225934,0.000197667523225934,0.000197667523225934,0.000197667523225934,0.000197667523225934,0.000197667523225934,0.000197667523225934,0.000197667523225934,0.000197667523225934,0.000197667523225934,0.000197667523225934,0.000197667523225934,0.000197667523225934,0.000197667523225934,0.000197667523225934,0.000197667523225934,0.000197667523225934,0.000197667523225934,0.000197667523225934,0.000197667523225934,0.000197667523225934,0.000197667523225934,0.000197667523225934,0.000197667523225934,0.000197667523225934,0.000197667523225934,0.000197667523225934,0.000197667523225934,0.000197667523225934,0.000197667523225934,0.000197667523225934,0.000197667523225934,0.000197667523225934,0.000197667523225934,0.000197667523225934,0.000197667523225934,0.000197667523225934,0.000197667523225934,0.000197667523225934,0.000197667523225934,0.000197667523225934,0.000197667523225934,0.000197667523225934,0.000197667523225934,0.000197667523225934,0.000197667523225934,0.000197667523225934,0.000197667523225934,0.000197667523225934,0.000197667523225934,0.000197667523225934,0.000197667523225934,0.000197667523225934,0.000197667523225934,0.000197667523225934,0.000197667523225934,0.000197667523225934,0.000197667523225934,0.000197667523225934,0.000197667523225934
0.000197667523225934,0.000197667523225934,0.000197667523225934,0.000197667523225934,0.000197667523225934,0.000197667523225934,0.000197667523225934,0.000197667523225934,0.000197667523225934,0.000197667523225934,0.000197667523225934,0.000197667523225934,0.000197667523225934,0.000197667523225934,0.000197667523225934,0.000197667523225934,0.000197667523225934,0.000197667523225934,0.000197667523225934,0.000197667523225934,0.000197667523225934,0.000197667523225934,0.000197667523225934,0.000197667523225934,0.000197667523225934,0.000197667523225934,0.000197667523225934,0.000197667523225934,0.000197667523225934,0.000197667523225934,0.000197667523225934,0.000197667523225934,0.000197667523225934,0.000197667523225934,0.000197667523225934,0.000197667523225934,0.000197667523225934,0.000197667523225934,0.000197667523225934,0.000197667523225934,0.000197667523225934,0.000197667523225934,0.000197667523225934,0.000197667523225934,0.000197667523225934,0.000197667523225934,0.000197667523225934,0.000197667523225934,0.000197667523225934,0.000197667523225934,0.000197667523225934,0.000197667523225934,0.000197667523225934,0.000197667523225934,0.000197667523225934,0.000197667523225934,0.000197667523225934,0.000197667523225934,0.000197667523225934,0.000197667523225934,0.000197667523225934,0.000197667523225934,0.000197667523225934,0.000197667523225934,0.000197667523225934,0.000197667523225934,0.000197667523225934,0.000197667523225934,0.000197667523225934,0.000197667523225934,0.000197667523225934,0.000197667523225934,0.000197667523225934,0.000197667523225934,0.000197667523225934,0.000197667523225934,0.000197667523225934,0.000197667523225934,0.000197667523225934,0.000197667523225934,0.000197667523225934,0.000197667523225934,0.000197667523225934,0.000197667523225934,0.000197667523225934,0.000197667523225934,0.000197667523225934,0.000197667523225934,0.000197667523225934,0.000197667523225934,0.000197667523225934,0.000197667523225934,0.000197667523225934,0.000197667523225934,0.000197667523225934,0.000197667523225934,0.000197667523225934,0.000197667523225934,0.000197667523225934,0.000197667523225934
0.000197667523225934,0.000197667523225934,0.000197667523225934,0.000197667523225934,0.000197667523225934,0.000197667523225934,0.000197667523225934,0.000197667523225934,0.000197667523225934,0.000197667523225934,0.000197667523225934,0.000197667523225934,0.000197667523225934,0.000197667523225934,0.000197667523225934,0.000197667523225934,0.000197667523225934,0.000197667523225934,0.000197667523225934,0.000197667523225934,0.000197667523225934,0.000197667523225934,0.000197667523225934,0.000197667523225934,0.000197667523225934,0.000197667523225934,0.000197667523225934,0.000197667523225934,0.000197667523225934,0.000197667523225934,0.000197667523225934,0.000197667523225934,0.000197667523225934,0.000197667523225934,0.000197667523225934,0.000197667523225934,0.000197667523225934,0.000197667523225934,0.000197667523225934,0.000197667523225934,0.000197667523225934,0.000197667523225934,0.000197667523225934,0.000197667523225934,0.000197667523225934,0.000197667523225934,0.000197667523225934,0.000197667523225934,0.000197667523225934,0.000197667523225934,0.000197667523225934,0.000197667523225934,0.000197667523225934,0.000197667523225934,0.000197667523225934,0.000197667523225934,0.000197667523225934,0.000197667523225934,0.000197667523225934,0.000197667523225934,0.000197667523225934,0.000197667523225934,0.000197667523225934,0.000197667523225934,0.000197667523225934,0.000197667523225934,0.000197667523225934,0.000197667523225934,0.000197667523225934,0.000197667523225934,0.000197667523225934,0.000197667523225934,0.000197667523225934,0.000197667523225934,0.000197667523225934,0.000197667523225934,0.000197667523225934,0.000197667523225934,0.000197667523225934,0.000197667523225934,0.000197667523225934,0.000197667523225934,0.000197667523225934,0.000197667523225934,0.000197667523225934,0.000197667523225934,0.000197667523225934,0.000197667523225934,0.000197667523225934,0.000197667523225934,0.000197667523225934,0.000197667523225934,0.000197667523225934,0.000197667523225934,0.000197667523225934,0.000197667523225934,0.000197667523225934,0.000197667523225934,0.000197667523225934,0.000197667523225934
0.000197667523225934,0.000197667523225934,0.000197667523225934,0.000197667523225934,0.000197667523225934,0.000197667523225934,0.000197667523225934,0.000197667523225934,0.000197667523225934,0.000197667523225934,0.000197667523225934,0.000197667523225934,0.000197667523225934,0.000197667523225934,0.000197667523225934,0.000197667523225934,0.000197667523225934,0.000197667523225934,0.000197667523225934,0.000197667523225934,0.000197667523225934,0.000197667523225934,0.000197667523225934,0.000197667523225934,0.000197667523225934,0.000197667523225934,0.000197667523225934,0.000197667523225934,0.000197667523225934,0.000197667523225934,0.000197667523225934,0.000197667523225934,0.000197667523225934,0.000197667523225934,0.000197667523225934,0.000197667523225934,0.000197667523225934,0.000197667523225934,0.000197667523225934,0.000197667523225934,0.000197667523225934,0.000197667523225934,0.000197667523225934,0.000197667523225934,0.000197667523225934,0.000197667523225934,0.000197667523225934,0.000197667523225934,0.000197667523225934,0.000197667523225934,0.000197667523225934,0.000197667523225934,0.000197667523225934,0.000197667523225934,0.000197667523225934,0.000197667523225934,0.000197667523225934,0.000197667523225934,0.000197667523225934,0.000197667523225934,0.000197667523225934,0.000197667523225934,0.000197667523225934,0.000197667523225934,0.000197667523225934,0.000197667523225934,0.000197667523225934,0.000197667523225934,0.000197667523225934,0.000197667523225934,0.000197667523225934,0.000197667523225934,0.000197667523225934,0.000197667523225934,0.000197667523225934,0.000197667523225934,0.000197667523225934,0.000197667523225934,0.000197667523225934,0.000197667523225934,0.000197667523225934,0.000197667523225934,0.000197667523225934,0.000197667523225934,0.000197667523225934,0.000197667523225934,0.000197667523225934,0.000197667523225934,0.000197667523225934,0.000197667523225934,0.000197667523225934,0.000197667523225934,0.000197667523225934,0.000197667523225934,0.000197667523225934,0.000197667523225934,0.000197667523225934,0.000197667523225934,0.000197667523225934,0.000197667523225934
0.000197667523225934,0.000197667523225934,0.000197667523225934,0.000197667523225934,0.000197667523225934,0.000197667523225934,0.000197667523225934,0.000197667523225934,0.000197667523225934,0.000197667523225934,0.000197667523225934,0.000197667523225934,0.000197667523225934,0.000197667523225934,0.000197667523225934,0.000197667523225934,0.000197667523225934,0.000197667523225934,0.000197667523225934,0.000197667523225934,0.000197667523225934,0.000197667523225934,0.000197667523225934,0.000197667523225934,0.000197667523225934,0.000197667523225934,0.000197667523225934,0.000197667523225934,0.000197667523225934,0.000197667523225934,0.000197667523225934,0.000197667523225934,0.000197667523225934,0.000197667523225934,0.000197667523225934,0.000197667523225934,0.000197667523225934,0.000197667523225934,0.000197667523225934,0.000197667523225934,0.000197667523225934,0.000197667523225934,0.000197667523225934,0.000197667523225934,0.000197667523225934,0.000197667523225934,0.000197667523225934,0.000197667523225934,0.000197667523225934,0.000197667523225934,0.000197667523225934,0.000197667523225934,0.000197667523225934,0.000197667523225934,0.000197667523225934,0.000197667523225934,0.000197667523225934,0.000197667523225934,0.000197667523225934,0.000197667523225934,0.000197667523225934,0.000197667523225934,0.000197667523225934,0.000197667523225934,0.000197667523225934,0.000197667523225934,0.000197667523225934,0.000197667523225934,0.000197667523225934,0.000197667523225934,0.000197667523225934,0.000197667523225934,0.000197667523225934,0.000197667523225934,0.000197667523225934,0.000197667523225934,0.000197667523225934,0.000197667523225934,0.000197667523225934,0.000197667523225934,0.000197667523225934,0.000197667523225934,0.000197667523225934,0.000197667523225934,0.000197667523225934,0.000197667523225934,0.000197667523225934,0.000197667523225934,0.000197667523225934,0.000197667523225934,0.000197667523225934,0.000197667523225934,0.000197667523225934,0.000197667523225934,0.000197667523225934,0.000197667523225934,0.000197667523225934,0.000197667523225934,0.000197667523225934,0.000197667523225934
0.000197667523225934,0.000197667523225934,0.000197667523225934,0.000197667523225934,0.000197667523225934,0.000197667523225934,0.000197667523225934,0.000197667523225934,0.000197667523225934,0.000197667523225934,0.000197667523225934,0.000197667523225934,0.000197667523225934,0.000197667523225934,0.000197667523225934,0.000197667523225934,0.000197667523225934,0.000197667523225934,0.000197667523225934,0.000197667523225934,0.000197667523225934,0.000197667523225934,0.000197667523225934,0.000197667523225934,0.000197667523225934,0.000197667523225934,0.000197667523225934,0.000197667523225934,0.000197667523225934,0.000197667523225934,0.000197667523225934,0.000197667523225934,0.000197667523225934,0.000197667523225934,0.000197667523225934,0.000197667523225934,0.000197667523225934,0.000197667523225934,0.000197667523225934,0.000197667523225934,0.000197667523225934,0.000197667523225934,0.000197667523225934,0.000197667523225934,0.000197667523225934,0.000197667523225934,0.000197667523225934,0.000197667523225934,0.000197667523225934,0.000197667523225934,0.000197667523225934,0.000197667523225934,0.000197667523225934,0.000197667523225934,0.000197667523225934,0.000197667523225934,0.000197667523225934,0.000197667523225934,0.000197667523225934,0.000197667523225934,0.000197667523225934,0.000197667523225934,0.000197667523225934,0.000197667523225934,0.000197667523225934,0.000197667523225934,0.000197667523225934,0.000197667523225934,0.000197667523225934,0.000197667523225934,0.000197667523225934,0.000197667523225934,0.000197667523225934,0.000197667523225934,0.000197667523225934,0.000197667523225934,0.000197667523225934,0.000197667523225934,0.000197667523225934,0.000197667523225934,0.000197667523225934,0.000197667523225934,0.000197667523225934,0.000197667523225934,0.000197667523225934,0.000197667523225934,0.000197667523225934,0.000197667523225934,0.000197667523225934,0.000197667523225934,0.000197667523225934,0.000197667523225934,0.000197667523225934,0.000197667523225934,0.000197667523225934,0.000197667523225934,0.000197667523225934,0.000197667523225934,0.000197667523225934,0.000197667523225934
0.000197667523225934,0.000197667523225934,0.000197667523225934,0.000197667523225934,0.000197667523225934,0.000197667523225934,0.000197667523225934,0.000197667523225934,0.000197667523225934,0.000197667523225934,0.000197667523225934,0.000197667523225934,0.000197667523225934,0.000197667523225934,0.000197667523225934,0.000197667523225934,0.000197667523225934,0.000197667523225934,0.000197667523225934,0.000197667523225934,0.000197667523225934,0.000197667523225934,0.000197667523225934,0.000197667523225934,0.000197667523225934,0.000197667523225934,0.000197667523225934,0.000197667523225934,0.000197667523225934,0.000197667523225934,0.000197667523225934,0.000197667523225934,0.000197667523225934,0.000197667523225934,0.000197667523225934,0.000197667523225934,0.000197667523225934,0.000197667523225934,0.000197667523225934,0.000197667523225934,0.000197667523225934,0.000197667523225934,0.000197667523225934,0.000197667523225934,0.000197667523225934,0.000197667523225934,0.000197667523225934,0.000197667523225934,0.000197667523225934,0.000197667523225934,0.000197667523225934,0.000197667523225934,0.000197667523225934,0.000197667523225934,0.000197667523225934,0.000197667523225934,0.000197667523225934,0.000197667523225934,0.000197667523225934,0.000197667523225934,0.000197667523225934,0.000197667523225934,0.000197667523225934,0.000197667523225934,0.000197667523225934,0.000197667523225934,0.000197667523225934,0.000197667523225934,0.000197667523225934,0.000197667523225934,0.000197667523225934,0.000197667523225934,0.000197667523225934,0.000197667523225934,0.000197667523225934,0.000197667523225934,0.000197667523225934,0.000197667523225934,0.000197667523225934,0.000197667523225934,0.000197667523225934,0.000197667523225934,0.000197667523225934,0.000197667523225934,0.000197667523225934,0.000197667523225934,0.000197667523225934,0.000197667523225934,0.000197667523225934,0.000197667523225934,0.000197667523225934,0.000197667523225934,0.000197667523225934,0.000197667523225934,0.000197667523225934,0.000197667523225934,0.000197667523225934,0.000197667523225934,0.000197667523225934,0.000197667523225934
0.000197667523225934,0.000197667523225934,0.000197667523225934,0.000197667523225934,0.000197667523225934,0.000197667523225934,0.000197667523225934,0.000197667523225934,0.000197667523225934,0.000197667523225934,0.000197667523225934,0.000197667523225934,0.000197667523225934,0.000197667523225934,0.000197667523225934,0.000197667523225934,0.000197667523225934,0.000197667523225934,0.000197667523225934,0.000197667523225934,0.000197667523225934,0.000197667523225934,0.000197667523225934,0.000197667523225934,0.000197667523225934,0.000197667523225934,0.000197667523225934,0.000197667523225934,0.000197667523225934,0.000197667523225934,0.000197667523225934,0.000197667523225934,0.000197667523225934,0.000197667523225934,0.000197667523225934,0.000197667523225934,0.000197667523225934,0.000197667523225934,0.000197667523225934,0.000197667523225934,0.000197667523225934,0.000197667523225934,0.000197667523225934,0.000197667523225934,0.000197667523225934,0.000197667523225934,0.000197667523225934,0.000197667523225934,0.000197667523225934,0.000197667523225934,0.000197667523225934,0.000197667523225934,0.000197667523225934,0.000197667523225934,0.000197667523225934,0.000197667523225934,0.000197667523225934,0.000197667523225934,0.000197667523225934,0.000197667523225934,0.000197667523225934,0.000197667523225934,0.000197667523225934,0.000197667523225934,0.000197667523225934,0.000197667523225934,0.000197667523225934,0.000197667523225934,0.000197667523225934,0.000197667523225934,0.000197667523225934,0.000197667523225934,0.000197667523225934,0.000197667523225934,0.000197667523225934,0.000197667523225934,0.000197667523225934,0.000197667523225934,0.000197667523225934,0.000197667523225934,0.000197667523225934,0.000197667523225934,0.000197667523225934,0.000197667523225934,0.000197667523225934,0.000197667523225934,0.000197667523225934,0.000197667523225934,0.000197667523225934,0.000197667523225934,0.000197667523225934,0.000197667523225934,0.000197667523225934,0.000197667523225934,0.000197667523225934,0.000197667523225934,0.000197667523225934,0.000197667523225934,0.000197667523225934,0.000197667523225934
0.000197667523225934,0.000197667523225934,0.000197667523225934,0.000197667523225934,0.000197667523225934,0.000197667523225934,0.000197667523225934,0.000197667523225934,0.000197667523225934,0.000197667523225934,0.000197667523225934,0.000197667523225934,0.000197667523225934,0.000197667523225934,0.000197667523225934,0.000197667523225934,0.000197667523225934,0.000197667523225934,0.000197667523225934,0.000197667523225934,0.000197667523225934,0.000197667523225934,0.000197667523225934,0.000197667523225934,0.000197667523225934,0.000197667523225934,0.000197667523225934,0.000197667523225934,0.000197667523225934,0.000197667523225934,0.000197667523225934,0.000197667523225934,0.000197667523225934,0.000197667523225934,0.000197667523225934,0.000197667523225934,0.000197667523225934,0.000197667523225934,0.000197667523225934,0.000197667523225934,0.000197667523225934,0.000197667523225934,0.000197667523225934,0.000197667523225934,0.000197667523225934,0.000197667523225934,0.000197667523225934,0.000197667523225934,0.000197667523225934,0.000197667523225934,0.000197667523225934,0.000197667523225934,0.000197667523225934,0.000197667523225934,0.000197667523225934,0.000197667523225934,0.000197667523225934,0.000197667523225934,0.000197667523225934,0.000197667523225934,0.000197667523225934,0.000197667523225934,0.000197667523225934,0.000197667523225934,0.000197667523225934,0.000197667523225934,0.000197667523225934,0.000197667523225934,0.000197667523225934,0.000197667523225934,0.000197667523225934,0.000197667523225934,0.000197667523225934,0.000197667523225934,0.000197667523225934,0.000197667523225934,0.000197667523225934,0.000197667523225934,0.000197667523225934,0.000197667523225934,0.000197667523225934,0.000197667523225934,0.000197667523225934,0.000197667523225934,0.000197667523225934,0.000197667523225934,0.000197667523225934,0.000197667523225934,0.000197667523225934,0.000197667523225934,0.000197667523225934,0.000197667523225934,0.000197667523225934,0.000197667523225934,0.000197667523225934,0.000197667523225934,0.000197667523225934,0.000197667523225934,0.000197667523225934,0.000197667523225934
0.000197667523225934,0.000197667523225934,0.000197667523225934,0.000197667523225934,0.000197667523225934,0.000197667523225934,0.000197667523225934,0.000197667523225934,0.000197667523225934,0.000197667523225934,0.000197667523225934,0.000197667523225934,0.000197667523225934,0.000197667523225934,0.000197667523225934,0.000197667523225934,0.000197667523225934,0.000197667523225934,0.000197667523225934,0.000197667523225934,0.000197667523225934,0.000197667523225934,0.000197667523225934,0.000197667523225934,0.000197667523225934,0.000197667523225934,0.000197667523225934,0.000197667523225934,0.000197667523225934,0.000197667523225934,0.000197667523225934,0.000197667523225934,0.000197667523225934,0.000197667523225934,0.000197667523225934,0.000197667523225934,0.000197667523225934,0.000197667523225934,0.000197667523225934,0.000197667523225934,0.000197667523225934,0.000197667523225934,0.000197667523225934,0.000197667523225934,0.000197667523225934,0.000197667523225934,0.000197667523225934,0.000197667523225934,0.000197667523225934,0.000197667523225934,0.000197667523225934,0.000197667523225934,0.000197667523225934,0.000197667523225934,0.000197667523225934,0.000197667523225934,0.000197667523225934,0.000197667523225934,0.000197667523225934,0.000197667523225934,0.000197667523225934,0.000197667523225934,0.000197667523225934,0.000197667523225934,0.000197667523225934,0.000197667523225934,0.000197667523225934,0.000197667523225934,0.000197667523225934,0.000197667523225934,0.000197667523225934,0.000197667523225934,0.000197667523225934,0.000197667523225934,0.000197667523225934,0.000197667523225934,0.000197667523225934,0.000197667523225934,0.000197667523225934,0.000197667523225934,0.000197667523225934,0.000197667523225934,0.000197667523225934,0.000197667523225934,0.000197667523225934,0.000197667523225934,0.000197667523225934,0.000197667523225934,0.000197667523225934,0.000197667523225934,0.000197667523225934,0.000197667523225934,0.000197667523225934,0.000197667523225934,0.000197667523225934,0.000197667523225934,0.000197667523225934,0.000197667523225934,0.000197667523225934,0.000197667523225934
0.000197667523225934,0.000197667523225934,0.000197667523225934,0.000197667523225934,0.000197667523225934,0.000197667523225934,0.000197667523225934,0.000197667523225934,0.000197667523225934,0.000197667523225934,0.000197667523225934,0.000197667523225934,0.000197667523225934,0.000197667523225934,0.000197667523225934,0.000197667523225934,0.000197667523225934,0.000197667523225934,0.000197667523225934,0.000197667523225934,0.000197667523225934,0.000197667523225934,0.000197667523225934,0.000197667523225934,0.000197667523225934,0.000197667523225934,0.000197667523225934,0.000197667523225934,0.000197667523225934,0.000197667523225934,0.000197667523225934,0.000197667523225934,0.000197667523225934,0.000197667523225934,0.000197667523225934,0.000197667523225934,0.000197667523225934,0.000197667523225934,0.000197667523225934,0.000197667523225934,0.000197667523225934,0.000197667523225934,0.000197667523225934,0.000197667523225934,0.000197667523225934,0.000197667523225934,0.000197667523225934,0.000197667523225934,0.000197667523225934,0.000197667523225934,0.000197667523225934,0.000197667523225934,0.000197667523225934,0.000197667523225934,0.000197667523225934,0.000197667523225934,0.000197667523225934,0.000197667523225934,0.000197667523225934,0.000197667523225934,0.000197667523225934,0.000197667523225934,0.000197667523225934,0.000197667523225934,0.000197667523225934,0.000197667523225934,0.000197667523225934,0.000197667523225934,0.000197667523225934,0.000197667523225934,0.000197667523225934,0.000197667523225934,0.000197667523225934,0.000197667523225934,0.000197667523225934,0.000197667523225934,0.000197667523225934,0.000197667523225934,0.000197667523225934,0.000197667523225934,0.000197667523225934,0.000197667523225934,0.000197667523225934,0.000197667523225934,0.000197667523225934,0.000197667523225934,0.000197667523225934,0.000197667523225934,0.000197667523225934,0.000197667523225934,0.000197667523225934,0.000197667523225934,0.000197667523225934,0.000197667523225934,0.000197667523225934,0.000197667523225934,0.000197667523225934,0.000197667523225934,0.000197667523225934,0.000197667523225934
0.000197667523225934,0.000197667523225934,0.000197667523225934,0.000197667523225934,0.000197667523225934,0.000197667523225934,0.000197667523225934,0.000197667523225934,0.000197667523225934,0.000197667523225934,0.000197667523225934,0.000197667523225934,0.000197667523225934,0.000197667523225934,0.000197667523225934,0.000197667523225934,0.000197667523225934,0.000197667523225934,0.000197667523225934,0.000197667523225934,0.000197667523225934,0.000197667523225934,0.000197667523225934,0.000197667523225934,0.000197667523225934,0.000197667523225934,0.000197667523225934,0.000197667523225934,0.000197667523225934,0.000197667523225934,0.000197667523225934,0.000197667523225934,0.000197667523225934,0.000197667523225934,0.000197667523225934,0.000197667523225934,0.000197667523225934,0.000197667523225934,0.000197667523225934,0.000197667523225934,0.000197667523225934,0.000197667523225934,0.000197667523225934,0.000197667523225934,0.000197667523225934,0.000197667523225934,0.000197667523225934,0.000197667523225934,0.000197667523225934,0.000197667523225934,0.000197667523225934,0.000197667523225934,0.000197667523225934,0.000197667523225934,0.000197667523225934,0.000197667523225934,0.000197667523225934,0.000197667523225934,0.000197667523225934,0.000197667523225934,0.000197667523225934,0.000197667523225934,0.000197667523225934,0.000197667523225934,0.000197667523225934,0.000197667523225934,0.000197667523225934,0.000197667523225934,0.000197667523225934,0.000197667523225934,0.000197667523225934,0.000197667523225934,0.000197667523225934,0.000197667523225934,0.000197667523225934,0.000197667523225934,0.000197667523225934,0.000197667523225934,0.000197667523225934,0.000197667523225934,0.000197667523225934,0.000197667523225934,0.000197667523225934,0.000197667523225934,0.000197667523225934,0.000197667523225934,0.000197667523225934,0.000197667523225934,0.000197667523225934,0.000197667523225934,0.000197667523225934,0.000197667523225934,0.000197667523225934,0.000197667523225934,0.000197667523225934,0.000197667523225934,0.000197667523225934,0.000197667523225934,0.000197667523225934,0.000197667523225934
0.000197667523225934,0.000197667523225934,0.000197667523225934,0.000197667523225934,0.000197667523225934,0.000197667523225934,0.000197667523225934,0.000197667523225934,0.000197667523225934,0.000197667523225934,0.000197667523225934,0.000197667523225934,0.000197667523225934,0.000197667523225934,0.000197667523225934,0.000197667523225934,0.000197667523225934,0.000197667523225934,0.000197667523225934,0.000197667523225934,0.000197667523225934,0.000197667523225934,0.000197667523225934,0.000197667523225934,0.000197667523225934,0.000197667523225934,0.000197667523225934,0.000197667523225934,0.000197667523225934,0.000197667523225934,0.000197667523225934,0.000197667523225934,0.000197667523225934,0.000197667523225934,0.000197667523225934,0.000197667523225934,0.000197667523225934,0.000197667523225934,0.000197667523225934,0.000197667523225934,0.000197667523225934,0.000197667523225934,0.000197667523225934,0.000197667523225934,0.000197667523225934,0.000197667523225934,0.000197667523225934,0.000197667523225934,0.000197667523225934,0.000197667523225934,0.000197667523225934,0.000197667523225934,0.000197667523225934,0.000197667523225934,0.000197667523225934,0.000197667523225934,0.000197667523225934,0.000197667523225934,0.000197667523225934,0.000197667523225934,0.000197667523225934,0.000197667523225934,0.000197667523225934,0.000197667523225934,0.000197667523225934,0.000197667523225934,0.000197667523225934,0.000197667523225934,0.000197667523225934,0.000197667523225934,0.000197667523225934,0.000197667523225934,0.000197667523225934,0.000197667523225934,0.000197667523225934,0.000197667523225934,0.000197667523225934,0.000197667523225934,0.000197667523225934,0.000197667523225934,0.000197667523225934,0.000197667523225934,0.000197667523225934,0.000197667523225934,0.000197667523225934,0.000197667523225934,0.000197667523225934,0.000197667523225934,0.000197667523225934,0.000197667523225934,0.000197667523225934,0.000197667523225934,0.000197667523225934,0.000197667523225934,0.000197667523225934,0.000197667523225934,0.000197667523225934,0.000197667523225934,0.000197667523225934,0.000197667523225934
0.000197667523225934,0.000197667523225934,0.000197667523225934,0.000197667523225934,0.000197667523225934,0.000197667523225934,0.000197667523225934,0.000197667523225934,0.000197667523225934,0.000197667523225934,0.000197667523225934,0.000197667523225934,0.000197667523225934,0.000197667523225934,0.000197667523225934,0.000197667523225934,0.000197667523225934,0.000197667523225934,0.000197667523225934,0.000197667523225934,0.000197667523225934,0.000197667523225934,0.000197667523225934,0.000197667523225934,0.000197667523225934,0.000197667523225934,0.000197667523225934,0.000197667523225934,0.000197667523225934,0.000197667523225934,0.000197667523225934,0.000197667523225934,0.000197667523225934,0.000197667523225934,0.000197667523225934,0.000197667523225934,0.000197667523225934,0.000197667523225934,0.000197667523225934,0.000197667523225934,0.000197667523225934,0.000197667523225934,0.000197667523225934,0.000197667523225934,0.000197667523225934,0.000197667523225934,0.000197667523225934,0.000197667523225934,0.000197667523225934,0.000197667523225934,0.000197667523225934,0.000197667523225934,0.000197667523225934,0.000197667523225934,0.000197667523225934,0.000197667523225934,0.000197667523225934,0.000197667523225934,0.000197667523225934,0.000197667523225934,0.000197667523225934,0.000197667523225934,0.000197667523225934,0.000197667523225934,0.000197667523225934,0.000197667523225934,0.000197667523225934,0.000197667523225934,0.000197667523225934,0.000197667523225934,0.000197667523225934,0.000197667523225934,0.000197667523225934,0.000197667523225934,0.000197667523225934,0.000197667523225934,0.000197667523225934,0.000197667523225934,0.000197667523225934,0.000197667523225934,0.000197667523225934,0.000197667523225934,0.000197667523225934,0.000197667523225934,0.000197667523225934,0.000197667523225934,0.000197667523225934,0.000197667523225934,0.000197667523225934,0.000197667523225934,0.000197667523225934,0.000197667523225934,0.000197667523225934,0.000197667523225934,0.000197667523225934,0.000197667523225934,0.000197667523225934,0.000197667523225934,0.000197667523225934,0.000197667523225934
0.000197667523225934,0.000197667523225934,0.000197667523225934,0.000197667523225934,0.000197667523225934,0.000197667523225934,0.000197667523225934,0.000197667523225934,0.000197667523225934,0.000197667523225934,0.000197667523225934,0.000197667523225934,0.000197667523225934,0.000197667523225934,0.000197667523225934,0.000197667523225934,0.000197667523225934,0.000197667523225934,0.000197667523225934,0.000197667523225934,0.000197667523225934,0.000197667523225934,0.000197667523225934,0.000197667523225934,0.000197667523225934,0.000197667523225934,0.000197667523225934,0.000197667523225934,0.000197667523225934,0.000197667523225934,0.000197667523225934,0.000197667523225934,0.000197667523225934,0.000197667523225934,0.000197667523225934,0.000197667523225934,0.000197667523225934,0.000197667523225934,0.000197667523225934,0.000197667523225934,0.000197667523225934,0.000197667523225934,0.000197667523225934,0.000197667523225934,0.000197667523225934,0.000197667523225934,0.000197667523225934,0.000197667523225934,0.000197667523225934,0.000197667523225934,0.000197667523225934,0.000197667523225934,0.000197667523225934,0.000197667523225934,0.000197667523225934,0.000197667523225934,0.000197667523225934,0.000197667523225934,0.000197667523225934,0.000197667523225934,0.000197667523225934,0.000197667523225934,0.000197667523225934,0.000197667523225934,0.000197667523225934,0.000197667523225934,0.000197667523225934,0.000197667523225934,0.000197667523225934,0.000197667523225934,0.000197667523225934,0.000197667523225934,0.000197667523225934,0.000197667523225934,0.000197667523225934,0.000197667523225934,0.000197667523225934,0.000197667523225934,0.000197667523225934,0.000197667523225934,0.000197667523225934,0.000197667523225934,0.000197667523225934,0.000197667523225934,0.000197667523225934,0.000197667523225934,0.000197667523225934,0.000197667523225934,0.000197667523225934,0.000197667523225934,0.000197667523225934,0.000197667523225934,0.000197667523225934,0.000197667523225934,0.000197667523225934,0.000197667523225934,0.000197667523225934,0.000197667523225934,0.000197667523225934,0.000197667523225934
0.000197667523225934,0.000197667523225934,0.000197667523225934,0.000197667523225934,0.000197667523225934,0.000197667523225934,0.000197667523225934,0.000197667523225934,0.000197667523225934,0.000197667523225934,0.000197667523225934,0.000197667523225934,0.000197667523225934,0.000197667523225934,0.000197667523225934,0.000197667523225934,0.000197667523225934,0.000197667523225934,0.000197667523225934,0.000197667523225934,0.000197667523225934,0.000197667523225934,0.000197667523225934,0.000197667523225934,0.000197667523225934,0.000197667523225934,0.000197667523225934,0.000197667523225934,0.000197667523225934,0.000197667523225934,0.000197667523225934,0.000197667523225934,0.000197667523225934,0.000197667523225934,0.000197667523225934,0.000197667523225934,0.000197667523225934,0.000197667523225934,0.000197667523225934,0.000197667523225934,0.000197667523225934,0.000197667523225934,0.000197667523225934,0.000197667523225934,0.000197667523225934,0.000197667523225934,0.000197667523225934,0.000197667523225934,0.000197667523225934,0.000197667523225934,0.000197667523225934,0.000197667523225934,0.000197667523225934,0.000197667523225934,0.000197667523225934,0.000197667523225934,0.000197667523225934,0.000197667523225934,0.000197667523225934,0.000197667523225934,0.000197667523225934,0.000197667523225934,0.000197667523225934,0.000197667523225934,0.000197667523225934,0.000197667523225934,0.000197667523225934,0.000197667523225934,0.000197667523225934,0.000197667523225934,0.000197667523225934,0.000197667523225934,0.000197667523225934,0.000197667523225934,0.000197667523225934,0.000197667523225934,0.000197667523225934,0.000197667523225934,0.000197667523225934,0.000197667523225934,0.000197667523225934,0.000197667523225934,0.000197667523225934,0.000197667523225934,0.000197667523225934,0.000197667523225934,0.000197667523225934,0.000197667523225934,0.000197667523225934,0.000197667523225934,0.000197667523225934,0.000197667523225934,0.000197667523225934,0.000197667523225934,0.000197667523225934,0.000197667523225934,0.000197667523225934,0.000197667523225934,0.000197667523225934,0.000197667523225934
0.000197667523225934,0.000197667523225934,0.000197667523225934,0.000197667523225934,0.000197667523225934,0.000197667523225934,0.000197667523225934,0.000197667523225934,0.000197667523225934,0.000197667523225934,0.000197667523225934,0.000197667523225934,0.000197667523225934,0.000197667523225934,0.000197667523225934,0.000197667523225934,0.000197667523225934,0.000197667523225934,0.000197667523225934,0.000197667523225934,0.000197667523225934,0.000197667523225934,0.000197667523225934,0.000197667523225934,0.000197667523225934,0.000197667523225934,0.000197667523225934,0.000197667523225934,0.000197667523225934,0.000197667523225934,0.000197667523225934,0.000197667523225934,0.000197667523225934,0.000197667523225934,0.000197667523225934,0.000197667523225934,0.000197667523225934,0.000197667523225934,0.000197667523225934,0.000197667523225934,0.000197667523225934,0.000197667523225934,0.000197667523225934,0.000197667523225934,0.000197667523225934,0.000197667523225934,0.000197667523225934,0.000197667523225934,0.000197667523225934,0.000197667523225934,0.000197667523225934,0.000197667523225934,0.000197667523225934,0.000197667523225934,0.000197667523225934,0.000197667523225934,0.000197667523225934,0.000197667523225934,0.000197667523225934,0.000197667523225934,0.000197667523225934,0.000197667523225934,0.000197667523225934,0.000197667523225934,0.000197667523225934,0.000197667523225934,0.000197667523225934,0.000197667523225934,0.000197667523225934,0.000197667523225934,0.000197667523225934,0.000197667523225934,0.000197667523225934,0.000197667523225934,0.000197667523225934,0.000197667523225934,0.000197667523225934,0.000197667523225934,0.000197667523225934,0.000197667523225934,0.000197667523225934,0.000197667523225934,0.000197667523225934,0.000197667523225934,0.000197667523225934,0.000197667523225934,0.000197667523225934,0.000197667523225934,0.000197667523225934,0.000197667523225934,0.000197667523225934,0.000197667523225934,0.000197667523225934,0.000197667523225934,0.000197667523225934,0.000197667523225934,0.000197667523225934,0.000197667523225934,0.000197667523225934,0.000197667523225934
0.000197667523225934,0.000197667523225934,0.000197667523225934,0.000197667523225934,0.000197667523225934,0.000197667523225934,0.000197667523225934,0.000197667523225934,0.000197667523225934,0.000197667523225934,0.000197667523225934,0.000197667523225934,0.000197667523225934,0.000197667523225934,0.000197667523225934,0.000197667523225934,0.000197667523225934,0.000197667523225934,0.000197667523225934,0.000197667523225934,0.000197667523225934,0.000197667523225934,0.000197667523225934,0.000197667523225934,0.000197667523225934,0.000197667523225934,0.000197667523225934,0.000197667523225934,0.000197667523225934,0.000197667523225934,0.000197667523225934,0.000197667523225934,0.000197667523225934,0.000197667523225934,0.000197667523225934,0.000197667523225934,0.000197667523225934,0.000197667523225934,0.000197667523225934,0.000197667523225934,0.000197667523225934,0.000197667523225934,0.000197667523225934,0.000197667523225934,0.000197667523225934,0.000197667523225934,0.000197667523225934,0.000197667523225934,0.000197667523225934,0.000197667523225934,0.000197667523225934,0.000197667523225934,0.000197667523225934,0.000197667523225934,0.000197667523225934,0.000197667523225934,0.000197667523225934,0.000197667523225934,0.000197667523225934,0.000197667523225934,0.000197667523225934,0.000197667523225934,0.000197667523225934,0.000197667523225934,0.000197667523225934,0.000197667523225934,0.000197667523225934,0.000197667523225934,0.000197667523225934,0.000197667523225934,0.000197667523225934,0.000197667523225934,0.000197667523225934,0.000197667523225934,0.000197667523225934,0.000197667523225934,0.000197667523225934,0.000197667523225934,0.000197667523225934,0.000197667523225934,0.000197667523225934,0.000197667523225934,0.000197667523225934,0.000197667523225934,0.000197667523225934,0.000197667523225934,0.000197667523225934,0.000197667523225934,0.000197667523225934,0.000197667523225934,0.000197667523225934,0.000197667523225934,0.000197667523225934,0.000197667523225934,0.000197667523225934,0.000197667523225934,0.000197667523225934,0.000197667523225934,0.000197667523225934,0.000197667523225934
0.000197667523225934,0.000197667523225934,0.000197667523225934,0.000197667523225934,0.000197667523225934,0.000197667523225934,0.000197667523225934,0.000197667523225934,0.000197667523225934,0.000197667523225934,0.000197667523225934,0.000197667523225934,0.000197667523225934,0.000197667523225934,0.000197667523225934,0.000197667523225934,0.000197667523225934,0.000197667523225934,0.000197667523225934,0.000197667523225934,0.000197667523225934,0.000197667523225934,0.000197667523225934,0.000197667523225934,0.000197667523225934,0.000197667523225934,0.000197667523225934,0.000197667523225934,0.000197667523225934,0.000197667523225934,0.000197667523225934,0.000197667523225934,0.000197667523225934,0.000197667523225934,0.000197667523225934,0.000197667523225934,0.000197667523225934,0.000197667523225934,0.000197667523225934,0.000197667523225934,0.000197667523225934,0.000197667523225934,0.000197667523225934,0.000197667523225934,0.000197667523225934,0.000197667523225934,0.000197667523225934,0.000197667523225934,0.000197667523225934,0.000197667523225934,0.000197667523225934,0.000197667523225934,0.000197667523225934,0.000197667523225934,0.000197667523225934,0.000197667523225934,0.000197667523225934,0.000197667523225934,0.000197667523225934,0.000197667523225934,0.000197667523225934,0.000197667523225934,0.000197667523225934,0.000197667523225934,0.000197667523225934,0.000197667523225934,0.000197667523225934,0.000197667523225934,0.000197667523225934,0.000197667523225934,0.000197667523225934,0.000197667523225934,0.000197667523225934,0.000197667523225934,0.000197667523225934,0.000197667523225934,0.000197667523225934,0.000197667523225934,0.000197667523225934,0.000197667523225934,0.000197667523225934,0.000197667523225934,0.000197667523225934,0.000197667523225934,0.000197667523225934,0.000197667523225934,0.000197667523225934,0.000197667523225934,0.000197667523225934,0.000197667523225934,0.000197667523225934,0.000197667523225934,0.000197667523225934,0.000197667523225934,0.000197667523225934,0.000197667523225934,0.000197667523225934,0.000197667523225934,0.000197667523225934,0.000197667523225934
0.000197667523225934,0.000197667523225934,0.000197667523225934,0.000197667523225934,0.000197667523225934,0.000197667523225934,0.000197667523225934,0.000197667523225934,0.000197667523225934,0.000197667523225934,0.000197667523225934,0.000197667523225934,0.000197667523225934,0.000197667523225934,0.000197667523225934,0.000197667523225934,0.000197667523225934,0.000197667523225934,0.000197667523225934,0.000197667523225934,0.000197667523225934,0.000197667523225934,0.000197667523225934,0.000197667523225934,0.000197667523225934,0.000197667523225934,0.000197667523225934,0.000197667523225934,0.000197667523225934,0.000197667523225934,0.000197667523225934,0.000197667523225934,0.000197667523225934,0.000197667523225934,0.000197667523225934,0.000197667523225934,0.000197667523225934,0.000197667523225934,0.000197667523225934,0.000197667523225934,0.000197667523225934,0.000197667523225934,0.000197667523225934,0.000197667523225934,0.000197667523225934,0.000197667523225934,0.000197667523225934,0.000197667523225934,0.000197667523225934,0.000197667523225934,0.000197667523225934,0.000197667523225934,0.000197667523225934,0.000197667523225934,0.000197667523225934,0.000197667523225934,0.000197667523225934,0.000197667523225934,0.000197667523225934,0.000197667523225934,0.000197667523225934,0.000197667523225934,0.000197667523225934,0.000197667523225934,0.000197667523225934,0.000197667523225934,0.000197667523225934,0.000197667523225934,0.000197667523225934,0.000197667523225934,0.000197667523225934,0.000197667523225934,0.000197667523225934,0.000197667523225934,0.000197667523225934,0.000197667523225934,0.000197667523225934,0.000197667523225934,0.000197667523225934,0.000197667523225934,0.000197667523225934,0.000197667523225934,0.000197667523225934,0.000197667523225934,0.000197667523225934,0.000197667523225934,0.000197667523225934,0.000197667523225934,0.000197667523225934,0.000197667523225934,0.000197667523225934,0.000197667523225934,0.000197667523225934,0.000197667523225934,0.000197667523225934,0.000197667523225934,0.000197667523225934,0.000197667523225934,0.000197667523225934,0.000197667523225934
0.000197667523225934,0.000197667523225934,0.000197667523225934,0.000197667523225934,0.000197667523225934,0.000197667523225934,0.000197667523225934,0.000197667523225934,0.000197667523225934,0.000197667523225934,0.000197667523225934,0.000197667523225934,0.000197667523225934,0.000197667523225934,0.000197667523225934,0.000197667523225934,0.000197667523225934,0.000197667523225934,0.000197667523225934,0.000197667523225934,0.000197667523225934,0.000197667523225934,0.000197667523225934,0.000197667523225934,0.000197667523225934,0.000197667523225934,0.000197667523225934,0.000197667523225934,0.000197667523225934,0.000197667523225934,0.000197667523225934,0.000197667523225934,0.000197667523225934,0.000197667523225934,0.000197667523225934,0.000197667523225934,0.000197667523225934,0.000197667523225934,0.000197667523225934,0.000197667523225934,0.000197667523225934,0.000197667523225934,0.000197667523225934,0.000197667523225934,0.000197667523225934,0.000197667523225934,0.000197667523225934,0.000197667523225934,0.000197667523225934,0.000197667523225934,0.000197667523225934,0.000197667523225934,0.000197667523225934,0.000197667523225934,0.000197667523225934,0.000197667523225934,0.000197667523225934,0.000197667523225934,0.000197667523225934,0.000197667523225934,0.000197667523225934,0.000197667523225934,0.000197667523225934,0.000197667523225934,0.000197667523225934,0.000197667523225934,0.000197667523225934,0.000197667523225934,0.000197667523225934,0.000197667523225934,0.000197667523225934,0.000197667523225934,0.000197667523225934,0.000197667523225934,0.000197667523225934,0.000197667523225934,0.000197667523225934,0.000197667523225934,0.000197667523225934,0.000197667523225934,0.000197667523225934,0.000197667523225934,0.000197667523225934,0.000197667523225934,0.000197667523225934,0.000197667523225934,0.000197667523225934,0.000197667523225934,0.000197667523225934,0.000197667523225934,0.000197667523225934,0.000197667523225934,0.000197667523225934,0.000197667523225934,0.000197667523225934,0.000197667523225934,0.000197667523225934,0.000197667523225934,0.000197667523225934,0.000197667523225934
0.000197667523225934,0.000197667523225934,0.000197667523225934,0.000197667523225934,0.000197667523225934,0.000197667523225934,0.000197667523225934,0.000197667523225934,0.000197667523225934,0.000197667523225934,0.000197667523225934,0.000197667523225934,0.000197667523225934,0.000197667523225934,0.000197667523225934,0.000197667523225934,0.000197667523225934,0.000197667523225934,0.000197667523225934,0.000197667523225934,0.000197667523225934,0.000197667523225934,0.000197667523225934,0.000197667523225934,0.000197667523225934,0.000197667523225934,0.000197667523225934,0.000197667523225934,0.000197667523225934,0.000197667523225934,0.000197667523225934,0.000197667523225934,0.000197667523225934,0.000197667523225934,0.000197667523225934,0.000197667523225934,0.000197667523225934,0.000197667523225934,0.000197667523225934,0.000197667523225934,0.000197667523225934,0.000197667523225934,0.000197667523225934,0.000197667523225934,0.000197667523225934,0.000197667523225934,0.000197667523225934,0.000197667523225934,0.000197667523225934,0.000197667523225934,0.000197667523225934,0.000197667523225934,0.000197667523225934,0.000197667523225934,0.000197667523225934,0.000197667523225934,0.000197667523225934,0.000197667523225934,0.000197667523225934,0.000197667523225934,0.000197667523225934,0.000197667523225934,0.000197667523225934,0.000197667523225934,0.000197667523225934,0.000197667523225934,0.000197667523225934,0.000197667523225934,0.000197667523225934,0.000197667523225934,0.000197667523225934,0.000197667523225934,0.000197667523225934,0.000197667523225934,0.000197667523225934,0.000197667523225934,0.000197667523225934,0.000197667523225934,0.000197667523225934,0.000197667523225934,0.000197667523225934,0.000197667523225934,0.000197667523225934,0.000197667523225934,0.000197667523225934,0.000197667523225934,0.000197667523225934,0.000197667523225934,0.000197667523225934,0.000197667523225934,0.000197667523225934,0.000197667523225934,0.000197667523225934,0.000197667523225934,0.000197667523225934,0.000197667523225934,0.000197667523225934,0.000197667523225934,0.000197667523225934,0.000197667523225934
0.000197667523225934,0.000197667523225934,0.000197667523225934,0.000197667523225934,0.000197667523225934,0.000197667523225934,0.000197667523225934,0.000197667523225934,0.000197667523225934,0.000197667523225934,0.000197667523225934,0.000197667523225934,0.000197667523225934,0.000197667523225934,0.000197667523225934,0.000197667523225934,0.000197667523225934,0.000197667523225934,0.000197667523225934,0.000197667523225934,0.000197667523225934,0.000197667523225934,0.000197667523225934,0.000197667523225934,0.000197667523225934,0.000197667523225934,0.000197667523225934,0.000197667523225934,0.000197667523225934,0.000197667523225934,0.000197667523225934,0.000197667523225934,0.000197667523225934,0.000197667523225934,0.000197667523225934,0.000197667523225934,0.000197667523225934,0.000197667523225934,0.000197667523225934,0.000197667523225934,0.000197667523225934,0.000197667523225934,0.000197667523225934,0.000197667523225934,0.000197667523225934,0.000197667523225934,0.000197667523225934,0.000197667523225934,0.000197667523225934,0.000197667523225934,0.000197667523225934,0.000197667523225934,0.000197667523225934,0.000197667523225934,0.000197667523225934,0.000197667523225934,0.000197667523225934,0.000197667523225934,0.000197667523225934,0.000197667523225934,0.000197667523225934,0.000197667523225934,0.000197667523225934,0.000197667523225934,0.000197667523225934,0.000197667523225934,0.000197667523225934,0.000197667523225934,0.000197667523225934,0.000197667523225934,0.000197667523225934,0.000197667523225934,0.000197667523225934,0.000197667523225934,0.000197667523225934,0.000197667523225934,0.000197667523225934,0.000197667523225934,0.000197667523225934,0.000197667523225934,0.000197667523225934,0.000197667523225934,0.000197667523225934,0.000197667523225934,0.000197667523225934,0.000197667523225934,0.000197667523225934,0.000197667523225934,0.000197667523225934,0.000197667523225934,0.000197667523225934,0.000197667523225934,0.000197667523225934,0.000197667523225934,0.000197667523225934,0.000197667523225934,0.000197667523225934,0.000197667523225934,0.000197667523225934,0.000197667523225934
0.000197667523225934,0.000197667523225934,0.000197667523225934,0.000197667523225934,0.000197667523225934,0.000197667523225934,0.000197667523225934,0.000197667523225934,0.000197667523225934,0.000197667523225934,0.000197667523225934,0.000197667523225934,0.000197667523225934,0.000197667523225934,0.000197667523225934,0.000197667523225934,0.000197667523225934,0.000197667523225934,0.000197667523225934,0.000197667523225934,0.000197667523225934,0.000197667523225934,0.000197667523225934,0.000197667523225934,0.000197667523225934,0.000197667523225934,0.000197667523225934,0.000197667523225934,0.000197667523225934,0.000197667523225934,0.000197667523225934,0.000197667523225934,0.000197667523225934,0.000197667523225934,0.000197667523225934,0.000197667523225934,0.000197667523225934,0.000197667523225934,0.000197667523225934,0.000197667523225934,0.000197667523225934,0.000197667523225934,0.000197667523225934,0.000197667523225934,0.000197667523225934,0.000197667523225934,0.000197667523225934,0.000197667523225934,0.000197667523225934,0.000197667523225934,0.000197667523225934,0.000197667523225934,0.000197667523225934,0.000197667523225934,0.000197667523225934,0.000197667523225934,0.000197667523225934,0.000197667523225934,0.000197667523225934,0.000197667523225934,0.000197667523225934,0.000197667523225934,0.000197667523225934,0.000197667523225934,0.000197667523225934,0.000197667523225934,0.000197667523225934,0.000197667523225934,0.000197667523225934,0.000197667523225934,0.000197667523225934,0.000197667523225934,0.000197667523225934,0.000197667523225934,0.000197667523225934,0.000197667523225934,0.000197667523225934,0.000197667523225934,0.000197667523225934,0.000197667523225934,0.000197667523225934,0.000197667523225934,0.000197667523225934,0.000197667523225934,0.000197667523225934,0.000197667523225934,0.000197667523225934,0.000197667523225934,0.000197667523225934,0.000197667523225934,0.000197667523225934,0.000197667523225934,0.000197667523225934,0.000197667523225934,0.000197667523225934,0.000197667523225934,0.000197667523225934,0.000197667523225934,0.000197667523225934,0.000197667523225934
0.000197667523225934,0.000197667523225934,0.000197667523225934,0.000197667523225934,0.000197667523225934,0.000197667523225934,0.000197667523225934,0.000197667523225934,0.000197667523225934,0.000197667523225934,0.000197667523225934,0.000197667523225934,0.000197667523225934,0.000197667523225934,0.000197667523225934,0.000197667523225934,0.000197667523225934,0.000197667523225934,0.000197667523225934,0.000197667523225934,0.000197667523225934,0.000197667523225934,0.000197667523225934,0.000197667523225934,0.000197667523225934,0.000197667523225934,0.000197667523225934,0.000197667523225934,0.000197667523225934,0.000197667523225934,0.000197667523225934,0.000197667523225934,0.000197667523225934,0.000197667523225934,0.000197667523225934,0.000197667523225934,0.000197667523225934,0.000197667523225934,0.000197667523225934,0.000197667523225934,0.000197667523225934,0.000197667523225934,0.000197667523225934,0.000197667523225934,0.000197667523225934,0.000197667523225934,0.000197667523225934,0.000197667523225934,0.000197667523225934,0.000197667523225934,0.000197667523225934,0.000197667523225934,0.000197667523225934,0.000197667523225934,0.000197667523225934,0.000197667523225934,0.000197667523225934,0.000197667523225934,0.000197667523225934,0.000197667523225934,0.000197667523225934,0.000197667523225934,0.000197667523225934,0.000197667523225934,0.000197667523225934,0.000197667523225934,0.000197667523225934,0.000197667523225934,0.000197667523225934,0.000197667523225934,0.000197667523225934,0.000197667523225934,0.000197667523225934,0.000197667523225934,0.000197667523225934,0.000197667523225934,0.000197667523225934,0.000197667523225934,0.000197667523225934,0.000197667523225934,0.000197667523225934,0.000197667523225934,0.000197667523225934,0.000197667523225934,0.000197667523225934,0.000197667523225934,0.000197667523225934,0.000197667523225934,0.000197667523225934,0.000197667523225934,0.000197667523225934,0.000197667523225934,0.000197667523225934,0.000197667523225934,0.000197667523225934,0.000197667523225934,0.000197667523225934,0.000197667523225934,0.000197667523225934,0.000197667523225934
0.000197667523225934,0.000197667523225934,0.000197667523225934,0.000197667523225934,0.000197667523225934,0.000197667523225934,0.000197667523225934,0.000197667523225934,0.000197667523225934,0.000197667523225934,0.000197667523225934,0.000197667523225934,0.000197667523225934,0.000197667523225934,0.000197667523225934,0.000197667523225934,0.000197667523225934,0.000197667523225934,0.000197667523225934,0.000197667523225934,0.000197667523225934,0.000197667523225934,0.000197667523225934,0.000197667523225934,0.000197667523225934,0.000197667523225934,0.000197667523225934,0.000197667523225934,0.000197667523225934,0.000197667523225934,0.000197667523225934,0.000197667523225934,0.000197667523225934,0.000197667523225934,0.000197667523225934,0.000197667523225934,0.000197667523225934,0.000197667523225934,0.000197667523225934,0.000197667523225934,0.000197667523225934,0.000197667523225934,0.000197667523225934,0.000197667523225934,0.000197667523225934,0.000197667523225934,0.000197667523225934,0.000197667523225934,0.000197667523225934,0.000197667523225934,0.000197667523225934,0.000197667523225934,0.000197667523225934,0.000197667523225934,0.000197667523225934,0.000197667523225934,0.000197667523225934,0.000197667523225934,0.000197667523225934,0.000197667523225934,0.000197667523225934,0.000197667523225934,0.000197667523225934,0.000197667523225934,0.000197667523225934,0.000197667523225934,0.000197667523225934,0.000197667523225934,0.000197667523225934,0.000197667523225934,0.000197667523225934,0.000197667523225934,0.000197667523225934,0.000197667523225934,0.000197667523225934,0.000197667523225934,0.000197667523225934,0.000197667523225934,0.000197667523225934,0.000197667523225934,0.000197667523225934,0.000197667523225934,0.000197667523225934,0.000197667523225934,0.000197667523225934,0.000197667523225934,0.000197667523225934,0.000197667523225934,0.000197667523225934,0.000197667523225934,0.000197667523225934,0.000197667523225934,0.000197667523225934,0.000197667523225934,0.000197667523225934,0.000197667523225934,0.000197667523225934,0.000197667523225934,0.000197667523225934,0.000197667523225934
0.000197667523225934,0.000197667523225934,0.000197667523225934,0.000197667523225934,0.000197667523225934,0.000197667523225934,0.000197667523225934,0.000197667523225934,0.000197667523225934,0.000197667523225934,0.000197667523225934,0.000197667523225934,0.000197667523225934,0.000197667523225934,0.000197667523225934,0.000197667523225934,0.000197667523225934,0.000197667523225934,0.000197667523225934,0.000197667523225934,0.000197667523225934,0.000197667523225934,0.000197667523225934,0.000197667523225934,0.000197667523225934,0.000197667523225934,0.000197667523225934,0.000197667523225934,0.000197667523225934,0.000197667523225934,0.000197667523225934,0.000197667523225934,0.000197667523225934,0.000197667523225934,0.000197667523225934,0.000197667523225934,0.000197667523225934,0.000197667523225934,0.000197667523225934,0.000197667523225934,0.000197667523225934,0.000197667523225934,0.000197667523225934,0.000197667523225934,0.000197667523225934,0.000197667523225934,0.000197667523225934,0.000197667523225934,0.000197667523225934,0.000197667523225934,0.000197667523225934,0.000197667523225934,0.000197667523225934,0.000197667523225934,0.000197667523225934,0.000197667523225934,0.000197667523225934,0.000197667523225934,0.000197667523225934,0.000197667523225934,0.000197667523225934,0.000197667523225934,0.000197667523225934,0.000197667523225934,0.000197667523225934,0.000197667523225934,0.000197667523225934,0.000197667523225934,0.000197667523225934,0.000197667523225934,0.000197667523225934,0.000197667523225934,0.000197667523225934,0.000197667523225934,0.000197667523225934,0.000197667523225934,0.000197667523225934,0.000197667523225934,0.000197667523225934,0.000197667523225934,0.000197667523225934,0.000197667523225934,0.000197667523225934,0.000197667523225934,0.000197667523225934,0.000197667523225934,0.000197667523225934,0.000197667523225934,0.000197667523225934,0.000197667523225934,0.000197667523225934,0.000197667523225934,0.000197667523225934,0.000197667523225934,0.000197667523225934,0.000197667523225934,0.000197667523225934,0.000197667523225934,0.000197667523225934,0.000197667523225934
0.000197667523225934,0.000197667523225934,0.000197667523225934,0.000197667523225934,0.000197667523225934,0.000197667523225934,0.000197667523225934,0.000197667523225934,0.000197667523225934,0.000197667523225934,0.000197667523225934,0.000197667523225934,0.000197667523225934,0.000197667523225934,0.000197667523225934,0.000197667523225934,0.000197667523225934,0.000197667523225934,0.000197667523225934,0.000197667523225934,0.000197667523225934,0.000197667523225934,0.000197667523225934,0.000197667523225934,0.000197667523225934,0.000197667523225934,0.000197667523225934,0.000197667523225934,0.000197667523225934,0.000197667523225934,0.000197667523225934,0.000197667523225934,0.000197667523225934,0.000197667523225934,0.000197667523225934,0.000197667523225934,0.000197667523225934,0.000197667523225934,0.000197667523225934,0.000197667523225934,0.000197667523225934,0.000197667523225934,0.000197667523225934,0.000197667523225934,0.000197667523225934,0.000197667523225934,0.000197667523225934,0.000197667523225934,0.000197667523225934,0.000197667523225934,0.000197667523225934,0.000197667523225934,0.000197667523225934,0.000197667523225934,0.000197667523225934,0.000197667523225934,0.000197667523225934,0.000197667523225934,0.000197667523225934,0.000197667523225934,0.000197667523225934,0.000197667523225934,0.000197667523225934,0.000197667523225934,0.000197667523225934,0.000197667523225934,0.000197667523225934,0.000197667523225934,0.000197667523225934,0.000197667523225934,0.000197667523225934,0.000197667523225934,0.000197667523225934,0.000197667523225934,0.000197667523225934,0.000197667523225934,0.000197667523225934,0.000197667523225934,0.000197667523225934,0.000197667523225934,0.000197667523225934,0.000197667523225934,0.000197667523225934,0.000197667523225934,0.000197667523225934,0.000197667523225934,0.000197667523225934,0.000197667523225934,0.000197667523225934,0.000197667523225934,0.000197667523225934,0.000197667523225934,0.000197667523225934,0.000197667523225934,0.000197667523225934,0.000197667523225934,0.000197667523225934,0.000197667523225934,0.000197667523225934,0.000197667523225934
0.000197667523225934,0.000197667523225934,0.000197667523225934,0.000197667523225934,0.000197667523225934,0.000197667523225934,0.000197667523225934,0.000197667523225934,0.000197667523225934,0.000197667523225934,0.000197667523225934,0.000197667523225934,0.000197667523225934,0.000197667523225934,0.000197667523225934,0.000197667523225934,0.000197667523225934,0.000197667523225934,0.000197667523225934,0.000197667523225934,0.000197667523225934,0.000197667523225934,0.000197667523225934,0.000197667523225934,0.000197667523225934,0.000197667523225934,0.000197667523225934,0.000197667523225934,0.000197667523225934,0.000197667523225934,0.000197667523225934,0.000197667523225934,0.000197667523225934,0.000197667523225934,0.000197667523225934,0.000197667523225934,0.000197667523225934,0.000197667523225934,0.000197667523225934,0.000197667523225934,0.000197667523225934,0.000197667523225934,0.000197667523225934,0.000197667523225934,0.000197667523225934,0.000197667523225934,0.000197667523225934,0.000197667523225934,0.000197667523225934,0.000197667523225934,0.000197667523225934,0.000197667523225934,0.000197667523225934,0.000197667523225934,0.000197667523225934,0.000197667523225934,0.000197667523225934,0.000197667523225934,0.000197667523225934,0.000197667523225934,0.000197667523225934,0.000197667523225934,0.000197667523225934,0.000197667523225934,0.000197667523225934,0.000197667523225934,0.000197667523225934,0.000197667523225934,0.000197667523225934,0.000197667523225934,0.000197667523225934,0.000197667523225934,0.000197667523225934,0.000197667523225934,0.000197667523225934,0.000197667523225934,0.000197667523225934,0.000197667523225934,0.000197667523225934,0.000197667523225934,0.000197667523225934,0.000197667523225934,0.000197667523225934,0.000197667523225934,0.000197667523225934,0.000197667523225934,0.000197667523225934,0.000197667523225934,0.000197667523225934,0.000197667523225934,0.000197667523225934,0.000197667523225934,0.000197667523225934,0.000197667523225934,0.000197667523225934,0.000197667523225934,0.000197667523225934,0.000197667523225934,0.000197667523225934,0.000197667523225934
0.000197667523225934,0.000197667523225934,0.000197667523225934,0.000197667523225934,0.000197667523225934,0.000197667523225934,0.000197667523225934,0.000197667523225934,0.000197667523225934,0.000197667523225934,0.000197667523225934,0.000197667523225934,0.000197667523225934,0.000197667523225934,0.000197667523225934,0.000197667523225934,0.000197667523225934,0.000197667523225934,0.000197667523225934,0.000197667523225934,0.000197667523225934,0.000197667523225934,0.000197667523225934,0.000197667523225934,0.000197667523225934,0.000197667523225934,0.000197667523225934,0.000197667523225934,0.000197667523225934,0.000197667523225934,0.000197667523225934,0.000197667523225934,0.000197667523225934,0.000197667523225934,0.000197667523225934,0.000197667523225934,0.000197667523225934,0.000197667523225934,0.000197667523225934,0.000197667523225934,0.000197667523225934,0.000197667523225934,0.000197667523225934,0.000197667523225934,0.000197667523225934,0.000197667523225934,0.000197667523225934,0.000197667523225934,0.000197667523225934,0.000197667523225934,0.000197667523225934,0.000197667523225934,0.000197667523225934,0.000197667523225934,0.000197667523225934,0.000197667523225934,0.000197667523225934,0.000197667523225934,0.000197667523225934,0.000197667523225934,0.000197667523225934,0.000197667523225934,0.000197667523225934,0.000197667523225934,0.000197667523225934,0.000197667523225934,0.000197667523225934,0.000197667523225934,0.000197667523225934,0.000197667523225934,0.000197667523225934,0.000197667523225934,0.000197667523225934,0.000197667523225934,0.000197667523225934,0.000197667523225934,0.000197667523225934,0.000197667523225934,0.000197667523225934,0.000197667523225934,0.000197667523225934,0.000197667523225934,0.000197667523225934,0.000197667523225934,0.000197667523225934,0.000197667523225934,0.000197667523225934,0.000197667523225934,0.000197667523225934,0.000197667523225934,0.000197667523225934,0.000197667523225934,0.000197667523225934,0.000197667523225934,0.000197667523225934,0.000197667523225934,0.000197667523225934,0.000197667523225934,0.000197667523225934,0.000197667523225934
0.000197667523225934,0.000197667523225934,0.000197667523225934,0.000197667523225934,0.000197667523225934,0.000197667523225934,0.000197667523225934,0.000197667523225934,0.000197667523225934,0.000197667523225934,0.000197667523225934,0.000197667523225934,0.000197667523225934,0.000197667523225934,0.000197667523225934,0.000197667523225934,0.000197667523225934,0.000197667523225934,0.000197667523225934,0.000197667523225934,0.000197667523225934,0.000197667523225934,0.000197667523225934,0.000197667523225934,0.000197667523225934,0.000197667523225934,0.000197667523225934,0.000197667523225934,0.000197667523225934,0.000197667523225934,0.000197667523225934,0.000197667523225934,0.000197667523225934,0.000197667523225934,0.000197667523225934,0.000197667523225934,0.000197667523225934,0.000197667523225934,0.000197667523225934,0.000197667523225934,0.000197667523225934,0.000197667523225934,0.000197667523225934,0.000197667523225934,0.000197667523225934,0.000197667523225934,0.000197667523225934,0.000197667523225934,0.000197667523225934,0.000197667523225934,0.000197667523225934,0.000197667523225934,0.000197667523225934,0.000197667523225934,0.000197667523225934,0.000197667523225934,0.000197667523225934,0.000197667523225934,0.000197667523225934,0.000197667523225934,0.000197667523225934,0.000197667523225934,0.000197667523225934,0.000197667523225934,0.000197667523225934,0.000197667523225934,0.000197667523225934,0.000197667523225934,0.000197667523225934,0.000197667523225934,0.000197667523225934,0.000197667523225934,0.000197667523225934,0.000197667523225934,0.000197667523225934,0.000197667523225934,0.000197667523225934,0.000197667523225934,0.000197667523225934,0.000197667523225934,0.000197667523225934,0.000197667523225934,0.000197667523225934,0.000197667523225934,0.000197667523225934,0.000197667523225934,0.000197667523225934,0.000197667523225934,0.000197667523225934,0.000197667523225934,0.000197667523225934,0.000197667523225934,0.000197667523225934,0.000197667523225934,0.000197667523225934,0.000197667523225934,0.000197667523225934,0.000197667523225934,0.000197667523225934,0.000197667523225934
0.000197667523225934,0.000197667523225934,0.000197667523225934,0.000197667523225934,0.000197667523225934,0.000197667523225934,0.000197667523225934,0.000197667523225934,0.000197667523225934,0.000197667523225934,0.000197667523225934,0.000197667523225934,0.000197667523225934,0.000197667523225934,0.000197667523225934,0.000197667523225934,0.000197667523225934,0.000197667523225934,0.000197667523225934,0.000197667523225934,0.000197667523225934,0.000197667523225934,0.000197667523225934,0.000197667523225934,0.000197667523225934,0.000197667523225934,0.000197667523225934,0.000197667523225934,0.000197667523225934,0.000197667523225934,0.000197667523225934,0.000197667523225934,0.000197667523225934,0.000197667523225934,0.000197667523225934,0.000197667523225934,0.000197667523225934,0.000197667523225934,0.000197667523225934,0.000197667523225934,0.000197667523225934,0.000197667523225934,0.000197667523225934,0.000197667523225934,0.000197667523225934,0.000197667523225934,0.000197667523225934,0.000197667523225934,0.000197667523225934,0.000197667523225934,0.000197667523225934,0.000197667523225934,0.000197667523225934,0.000197667523225934,0.000197667523225934,0.000197667523225934,0.000197667523225934,0.000197667523225934,0.000197667523225934,0.000197667523225934,0.000197667523225934,0.000197667523225934,0.000197667523225934,0.000197667523225934,0.000197667523225934,0.000197667523225934,0.000197667523225934,0.000197667523225934,0.000197667523225934,0.000197667523225934,0.000197667523225934,0.000197667523225934,0.000197667523225934,0.000197667523225934,0.000197667523225934,0.000197667523225934,0.000197667523225934,0.000197667523225934,0.000197667523225934,0.000197667523225934,0.000197667523225934,0.000197667523225934,0.000197667523225934,0.000197667523225934,0.000197667523225934,0.000197667523225934,0.000197667523225934,0.000197667523225934,0.000197667523225934,0.000197667523225934,0.000197667523225934,0.000197667523225934,0.000197667523225934,0.000197667523225934,0.000197667523225934,0.000197667523225934,0.000197667523225934,0.000197667523225934,0.000197667523225934,0.000197667523225934
0.000197667523225934,0.000197667523225934,0.000197667523225934,0.000197667523225934,0.000197667523225934,0.000197667523225934,0.000197667523225934,0.000197667523225934,0.000197667523225934,0.000197667523225934,0.000197667523225934,0.000197667523225934,0.000197667523225934,0.000197667523225934,0.000197667523225934,0.000197667523225934,0.000197667523225934,0.000197667523225934,0.000197667523225934,0.000197667523225934,0.000197667523225934,0.000197667523225934,0.000197667523225934,0.000197667523225934,0.000197667523225934,0.000197667523225934,0.000197667523225934,0.000197667523225934,0.000197667523225934,0.000197667523225934,0.000197667523225934,0.000197667523225934,0.000197667523225934,0.000197667523225934,0.000197667523225934,0.000197667523225934,0.000197667523225934,0.000197667523225934,0.000197667523225934,0.000197667523225934,0.000197667523225934,0.000197667523225934,0.000197667523225934,0.000197667523225934,0.000197667523225934,0.000197667523225934,0.000197667523225934,0.000197667523225934,0.000197667523225934,0.000197667523225934,0.000197667523225934,0.000197667523225934,0.000197667523225934,0.000197667523225934,0.000197667523225934,0.000197667523225934,0.000197667523225934,0.000197667523225934,0.000197667523225934,0.000197667523225934,0.000197667523225934,0.000197667523225934,0.000197667523225934,0.000197667523225934,0.000197667523225934,0.000197667523225934,0.000197667523225934,0.000197667523225934,0.000197667523225934,0.000197667523225934,0.000197667523225934,0.000197667523225934,0.000197667523225934,0.000197667523225934,0.000197667523225934,0.000197667523225934,0.000197667523225934,0.000197667523225934,0.000197667523225934,0.000197667523225934,0.000197667523225934,0.000197667523225934,0.000197667523225934,0.000197667523225934,0.000197667523225934,0.000197667523225934,0.000197667523225934,0.000197667523225934,0.000197667523225934,0.000197667523225934,0.000197667523225934,0.000197667523225934,0.000197667523225934,0.000197667523225934,0.000197667523225934,0.000197667523225934,0.000197667523225934,0.000197667523225934,0.000197667523225934,0.000197667523225934
0.000197667523225934,0.000197667523225934,0.000197667523225934,0.000197667523225934,0.000197667523225934,0.000197667523225934,0.000197667523225934,0.000197667523225934,0.000197667523225934,0.000197667523225934,0.000197667523225934,0.000197667523225934,0.000197667523225934,0.000197667523225934,0.000197667523225934,0.000197667523225934,0.000197667523225934,0.000197667523225934,0.000197667523225934,0.000197667523225934,0.000197667523225934,0.000197667523225934,0.000197667523225934,0.000197667523225934,0.000197667523225934,0.000197667523225934,0.000197667523225934,0.000197667523225934,0.000197667523225934,0.000197667523225934,0.000197667523225934,0.000197667523225934,0.000197667523225934,0.000197667523225934,0.000197667523225934,0.000197667523225934,0.000197667523225934,0.000197667523225934,0.000197667523225934,0.000197667523225934,0.000197667523225934,0.000197667523225934,0.000197667523225934,0.000197667523225934,0.000197667523225934,0.000197667523225934,0.000197667523225934,0.000197667523225934,0.000197667523225934,0.000197667523225934,0.000197667523225934,0.000197667523225934,0.000197667523225934,0.000197667523225934,0.000197667523225934,0.000197667523225934,0.000197667523225934,0.000197667523225934,0.000197667523225934,0.000197667523225934,0.000197667523225934,0.000197667523225934,0.000197667523225934,0.000197667523225934,0.000197667523225934,0.000197667523225934,0.000197667523225934,0.000197667523225934,0.000197667523225934,0.000197667523225934,0.000197667523225934,0.000197667523225934,0.000197667523225934,0.000197667523225934,0.000197667523225934,0.000197667523225934,0.000197667523225934,0.000197667523225934,0.000197667523225934,0.000197667523225934,0.000197667523225934,0.000197667523225934,0.000197667523225934,0.000197667523225934,0.000197667523225934,0.000197667523225934,0.000197667523225934,0.000197667523225934,0.000197667523225934,0.000197667523225934,0.000197667523225934,0.000197667523225934,0.000197667523225934,0.000197667523225934,0.000197667523225934,0.000197667523225934,0.000197667523225934,0.000197667523225934,0.000197667523225934,0.000197667523225934
0.000197667523225934,0.000197667523225934,0.000197667523225934,0.000197667523225934,0.000197667523225934,0.000197667523225934,0.000197667523225934,0.000197667523225934,0.000197667523225934,0.000197667523225934,0.000197667523225934,0.000197667523225934,0.000197667523225934,0.000197667523225934,0.000197667523225934,0.000197667523225934,0.000197667523225934,0.000197667523225934,0.000197667523225934,0.000197667523225934,0.000197667523225934,0.000197667523225934,0.000197667523225934,0.000197667523225934,0.000197667523225934,0.000197667523225934,0.000197667523225934,0.000197667523225934,0.000197667523225934,0.000197667523225934,0.000197667523225934,0.000197667523225934,0.000197667523225934,0.000197667523225934,0.000197667523225934,0.000197667523225934,0.000197667523225934,0.000197667523225934,0.000197667523225934,0.000197667523225934,0.000197667523225934,0.000197667523225934,0.000197667523225934,0.000197667523225934,0.000197667523225934,0.000197667523225934,0.000197667523225934,0.000197667523225934,0.000197667523225934,0.000197667523225934,0.000197667523225934,0.000197667523225934,0.000197667523225934,0.000197667523225934,0.000197667523225934,0.000197667523225934,0.000197667523225934,0.000197667523225934,0.000197667523225934,0.000197667523225934,0.000197667523225934,0.000197667523225934,0.000197667523225934,0.000197667523225934,0.000197667523225934,0.000197667523225934,0.000197667523225934,0.000197667523225934,0.000197667523225934,0.000197667523225934,0.000197667523225934,0.000197667523225934,0.000197667523225934,0.000197667523225934,0.000197667523225934,0.000197667523225934,0.000197667523225934,0.000197667523225934,0.000197667523225934,0.000197667523225934,0.000197667523225934,0.000197667523225934,0.000197667523225934,0.000197667523225934,0.000197667523225934,0.000197667523225934,0.000197667523225934,0.000197667523225934,0.000197667523225934,0.000197667523225934,0.000197667523225934,0.000197667523225934,0.000197667523225934,0.000197667523225934,0.000197667523225934,0.000197667523225934,0.000197667523225934,0.000197667523225934,0.000197667523225934,0.000197667523225934
0.000197667523225934,0.000197667523225934,0.000197667523225934,0.000197667523225934,0.000197667523225934,0.000197667523225934,0.000197667523225934,0.000197667523225934,0.000197667523225934,0.000197667523225934,0.000197667523225934,0.000197667523225934,0.000197667523225934,0.000197667523225934,0.000197667523225934,0.000197667523225934,0.000197667523225934,0.000197667523225934,0.000197667523225934,0.000197667523225934,0.000197667523225934,0.000197667523225934,0.000197667523225934,0.000197667523225934,0.000197667523225934,0.000197667523225934,0.000197667523225934,0.000197667523225934,0.000197667523225934,0.000197667523225934,0.000197667523225934,0.000197667523225934,0.000197667523225934,0.000197667523225934,0.000197667523225934,0.000197667523225934,0.000197667523225934,0.000197667523225934,0.000197667523225934,0.000197667523225934,0.000197667523225934,0.000197667523225934,0.000197667523225934,0.000197667523225934,0.000197667523225934,0.000197667523225934,0.000197667523225934,0.000197667523225934,0.000197667523225934,0.000197667523225934,0.000197667523225934,0.000197667523225934,0.000197667523225934,0.000197667523225934,0.000197667523225934,0.000197667523225934,0.000197667523225934,0.000197667523225934,0.000197667523225934,0.000197667523225934,0.000197667523225934,0.000197667523225934,0.000197667523225934,0.000197667523225934,0.000197667523225934,0.000197667523225934,0.000197667523225934,0.000197667523225934,0.000197667523225934,0.000197667523225934,0.000197667523225934,0.000197667523225934,0.000197667523225934,0.000197667523225934,0.000197667523225934,0.000197667523225934,0.000197667523225934,0.000197667523225934,0.000197667523225934,0.000197667523225934,0.000197667523225934,0.000197667523225934,0.000197667523225934,0.000197667523225934,0.000197667523225934,0.000197667523225934,0.000197667523225934,0.000197667523225934,0.000197667523225934,0.000197667523225934,0.000197667523225934,0.000197667523225934,0.000197667523225934,0.000197667523225934,0.000197667523225934,0.000197667523225934,0.000197667523225934,0.000197667523225934,0.000197667523225934,0.000197667523225934
0.000197667523225934,0.000197667523225934,0.000197667523225934,0.000197667523225934,0.000197667523225934,0.000197667523225934,0.000197667523225934,0.000197667523225934,0.000197667523225934,0.000197667523225934,0.000197667523225934,0.000197667523225934,0.000197667523225934,0.000197667523225934,0.000197667523225934,0.000197667523225934,0.000197667523225934,0.000197667523225934,0.000197667523225934,0.000197667523225934,0.000197667523225934,0.000197667523225934,0.000197667523225934,0.000197667523225934,0.000197667523225934,0.000197667523225934,0.000197667523225934,0.000197667523225934,0.000197667523225934,0.000197667523225934,0.000197667523225934,0.000197667523225934,0.000197667523225934,0.000197667523225934,0.000197667523225934,0.000197667523225934,0.000197667523225934,0.000197667523225934,0.000197667523225934,0.000197667523225934,0.000197667523225934,0.000197667523225934,0.000197667523225934,0.000197667523225934,0.000197667523225934,0.000197667523225934,0.000197667523225934,0.000197667523225934,0.000197667523225934,0.000197667523225934,0.000197667523225934,0.000197667523225934,0.000197667523225934,0.000197667523225934,0.000197667523225934,0.000197667523225934,0.000197667523225934,0.000197667523225934,0.000197667523225934,0.000197667523225934,0.000197667523225934,0.000197667523225934,0.000197667523225934,0.000197667523225934,0.000197667523225934,0.000197667523225934,0.000197667523225934,0.000197667523225934,0.000197667523225934,0.000197667523225934,0.000197667523225934,0.000197667523225934,0.000197667523225934,0.000197667523225934,0.000197667523225934,0.000197667523225934,0.000197667523225934,0.000197667523225934,0.000197667523225934,0.000197667523225934,0.000197667523225934,0.000197667523225934,0.000197667523225934,0.000197667523225934,0.000197667523225934,0.000197667523225934,0.000197667523225934,0.000197667523225934,0.000197667523225934,0.000197667523225934,0.000197667523225934,0.000197667523225934,0.000197667523225934,0.000197667523225934,0.000197667523225934,0.000197667523225934,0.000197667523225934,0.000197667523225934,0.000197667523225934,0.000197667523225934
0.000197667523225934,0.000197667523225934,0.000197667523225934,0.000197667523225934,0.000197667523225934,0.000197667523225934,0.000197667523225934,0.000197667523225934,0.000197667523225934,0.000197667523225934,0.000197667523225934,0.000197667523225934,0.000197667523225934,0.000197667523225934,0.000197667523225934,0.000197667523225934,0.000197667523225934,0.000197667523225934,0.000197667523225934,0.000197667523225934,0.000197667523225934,0.000197667523225934,0.000197667523225934,0.000197667523225934,0.000197667523225934,0.000197667523225934,0.000197667523225934,0.000197667523225934,0.000197667523225934,0.000197667523225934,0.000197667523225934,0.000197667523225934,0.000197667523225934,0.000197667523225934,0.000197667523225934,0.000197667523225934,0.000197667523225934,0.000197667523225934,0.000197667523225934,0.000197667523225934,0.000197667523225934,0.000197667523225934,0.000197667523225934,0.000197667523225934,0.000197667523225934,0.000197667523225934,0.000197667523225934,0.000197667523225934,0.000197667523225934,0.000197667523225934,0.000197667523225934,0.000197667523225934,0.000197667523225934,0.000197667523225934,0.000197667523225934,0.000197667523225934,0.000197667523225934,0.000197667523225934,0.000197667523225934,0.000197667523225934,0.000197667523225934,0.000197667523225934,0.000197667523225934,0.000197667523225934,0.000197667523225934,0.000197667523225934,0.000197667523225934,0.000197667523225934,0.000197667523225934,0.000197667523225934,0.000197667523225934,0.000197667523225934,0.000197667523225934,0.000197667523225934,0.000197667523225934,0.000197667523225934,0.000197667523225934,0.000197667523225934,0.000197667523225934,0.000197667523225934,0.000197667523225934,0.000197667523225934,0.000197667523225934,0.000197667523225934,0.000197667523225934,0.000197667523225934,0.000197667523225934,0.000197667523225934,0.000197667523225934,0.000197667523225934,0.000197667523225934,0.000197667523225934,0.000197667523225934,0.000197667523225934,0.000197667523225934,0.000197667523225934,0.000197667523225934,0.000197667523225934,0.000197667523225934,0.000197667523225934
0.000197667523225934,0.000197667523225934,0.000197667523225934,0.000197667523225934,0.000197667523225934,0.000197667523225934,0.000197667523225934,0.000197667523225934,0.000197667523225934,0.000197667523225934,0.000197667523225934,0.000197667523225934,0.000197667523225934,0.000197667523225934,0.000197667523225934,0.000197667523225934,0.000197667523225934,0.000197667523225934,0.000197667523225934,0.000197667523225934,0.000197667523225934,0.000197667523225934,0.000197667523225934,0.000197667523225934,0.000197667523225934,0.000197667523225934,0.000197667523225934,0.000197667523225934,0.000197667523225934,0.000197667523225934,0.000197667523225934,0.000197667523225934,0.000197667523225934,0.000197667523225934,0.000197667523225934,0.000197667523225934,0.000197667523225934,0.000197667523225934,0.000197667523225934,0.000197667523225934,0.000197667523225934,0.000197667523225934,0.000197667523225934,0.000197667523225934,0.000197667523225934,0.000197667523225934,0.000197667523225934,0.000197667523225934,0.000197667523225934,0.000197667523225934,0.000197667523225934,0.000197667523225934,0.000197667523225934,0.000197667523225934,0.000197667523225934,0.000197667523225934,0.000197667523225934,0.000197667523225934,0.000197667523225934,0.000197667523225934,0.000197667523225934,0.000197667523225934,0.000197667523225934,0.000197667523225934,0.000197667523225934,0.000197667523225934,0.000197667523225934,0.000197667523225934,0.000197667523225934,0.000197667523225934,0.000197667523225934,0.000197667523225934,0.000197667523225934,0.000197667523225934,0.000197667523225934,0.000197667523225934,0.000197667523225934,0.000197667523225934,0.000197667523225934,0.000197667523225934,0.000197667523225934,0.000197667523225934,0.000197667523225934,0.000197667523225934,0.000197667523225934,0.000197667523225934,0.000197667523225934,0.000197667523225934,0.000197667523225934,0.000197667523225934,0.000197667523225934,0.000197667523225934,0.000197667523225934,0.000197667523225934,0.000197667523225934,0.000197667523225934,0.000197667523225934,0.000197667523225934,0.000197667523225934,0.000197667523225934
0.000197667523225934,0.000197667523225934,0.000197667523225934,0.000197667523225934,0.000197667523225934,0.000197667523225934,0.000197667523225934,0.000197667523225934,0.000197667523225934,0.000197667523225934,0.000197667523225934,0.000197667523225934,0.000197667523225934,0.000197667523225934,0.000197667523225934,0.000197667523225934,0.000197667523225934,0.000197667523225934,0.000197667523225934,0.000197667523225934,0.000197667523225934,0.000197667523225934,0.000197667523225934,0.000197667523225934,0.000197667523225934,0.000197667523225934,0.000197667523225934,0.000197667523225934,0.000197667523225934,0.000197667523225934,0.000197667523225934,0.000197667523225934,0.000197667523225934,0.000197667523225934,0.000197667523225934,0.000197667523225934,0.000197667523225934,0.000197667523225934,0.000197667523225934,0.000197667523225934,0.000197667523225934,0.000197667523225934,0.000197667523225934,0.000197667523225934,0.000197667523225934,0.000197667523225934,0.000197667523225934,0.000197667523225934,0.000197667523225934,0.000197667523225934,0.000197667523225934,0.000197667523225934,0.000197667523225934,0.000197667523225934,0.000197667523225934,0.000197667523225934,0.000197667523225934,0.000197667523225934,0.000197667523225934,0.000197667523225934,0.000197667523225934,0.000197667523225934,0.000197667523225934,0.000197667523225934,0.000197667523225934,0.000197667523225934,0.000197667523225934,0.000197667523225934,0.000197667523225934,0.000197667523225934,0.000197667523225934,0.000197667523225934,0.000197667523225934,0.000197667523225934,0.000197667523225934,0.000197667523225934,0.000197667523225934,0.000197667523225934,0.000197667523225934,0.000197667523225934,0.000197667523225934,0.000197667523225934,0.000197667523225934,0.000197667523225934,0.000197667523225934,0.000197667523225934,0.000197667523225934,0.000197667523225934,0.000197667523225934,0.000197667523225934,0.000197667523225934,0.000197667523225934,0.000197667523225934,0.000197667523225934,0.000197667523225934,0.000197667523225934,0.000197667523225934,0.000197667523225934,0.000197667523225934,0.000197667523225934
0.000197667523225934,0.000197667523225934,0.000197667523225934,0.000197667523225934,0.000197667523225934,0.000197667523225934,0.000197667523225934,0.000197667523225934,0.000197667523225934,0.000197667523225934,0.000197667523225934,0.000197667523225934,0.000197667523225934,0.000197667523225934,0.000197667523225934,0.000197667523225934,0.000197667523225934,0.000197667523225934,0.000197667523225934,0.000197667523225934,0.000197667523225934,0.000197667523225934,0.000197667523225934,0.000197667523225934,0.000197667523225934,0.000197667523225934,0.000197667523225934,0.000197667523225934,0.000197667523225934,0.000197667523225934,0.000197667523225934,0.000197667523225934,0.000197667523225934,0.000197667523225934,0.000197667523225934,0.000197667523225934,0.000197667523225934,0.000197667523225934,0.000197667523225934,0.000197667523225934,0.000197667523225934,0.000197667523225934,0.000197667523225934,0.000197667523225934,0.000197667523225934,0.000197667523225934,0.000197667523225934,0.000197667523225934,0.000197667523225934,0.000197667523225934,0.000197667523225934,0.000197667523225934,0.000197667523225934,0.000197667523225934,0.000197667523225934,0.000197667523225934,0.000197667523225934,0.000197667523225934,0.000197667523225934,0.000197667523225934,0.000197667523225934,0.000197667523225934,0.000197667523225934,0.000197667523225934,0.000197667523225934,0.000197667523225934,0.000197667523225934,0.000197667523225934,0.000197667523225934,0.000197667523225934,0.000197667523225934,0.000197667523225934,0.000197667523225934,0.000197667523225934,0.000197667523225934,0.000197667523225934,0.000197667523225934,0.000197667523225934,0.000197667523225934,0.000197667523225934,0.000197667523225934,0.000197667523225934,0.000197667523225934,0.000197667523225934,0.000197667523225934,0.000197667523225934,0.000197667523225934,0.000197667523225934,0.000197667523225934,0.000197667523225934,0.000197667523225934,0.000197667523225934,0.000197667523225934,0.000197667523225934,0.000197667523225934,0.000197667523225934,0.000197667523225934,0.000197667523225934,0.000197667523225934,0.000197667523225934
0.000197667523225934,0.000197667523225934,0.000197667523225934,0.000197667523225934,0.000197667523225934,0.000197667523225934,0.000197667523225934,0.000197667523225934,0.000197667523225934,0.000197667523225934,0.000197667523225934,0.000197667523225934,0.000197667523225934,0.000197667523225934,0.000197667523225934,0.000197667523225934,0.000197667523225934,0.000197667523225934,0.000197667523225934,0.000197667523225934,0.000197667523225934,0.000197667523225934,0.000197667523225934,0.000197667523225934,0.000197667523225934,0.000197667523225934,0.000197667523225934,0.000197667523225934,0.000197667523225934,0.000197667523225934,0.000197667523225934,0.000197667523225934,0.000197667523225934,0.000197667523225934,0.000197667523225934,0.000197667523225934,0.000197667523225934,0.000197667523225934,0.000197667523225934,0.000197667523225934,0.000197667523225934,0.000197667523225934,0.000197667523225934,0.000197667523225934,0.000197667523225934,0.000197667523225934,0.000197667523225934,0.000197667523225934,0.000197667523225934,0.000197667523225934,0.000197667523225934,0.000197667523225934,0.000197667523225934,0.000197667523225934,0.000197667523225934,0.000197667523225934,0.000197667523225934,0.000197667523225934,0.000197667523225934,0.000197667523225934,0.000197667523225934,0.000197667523225934,0.000197667523225934,0.000197667523225934,0.000197667523225934,0.000197667523225934,0.000197667523225934,0.000197667523225934,0.000197667523225934,0.000197667523225934,0.000197667523225934,0.000197667523225934,0.000197667523225934,0.000197667523225934,0.000197667523225934,0.000197667523225934,0.000197667523225934,0.000197667523225934,0.000197667523225934,0.000197667523225934,0.000197667523225934,0.000197667523225934,0.000197667523225934,0.000197667523225934,0.000197667523225934,0.000197667523225934,0.000197667523225934,0.000197667523225934,0.000197667523225934,0.000197667523225934,0.000197667523225934,0.000197667523225934,0.000197667523225934,0.000197667523225934,0.000197667523225934,0.000197667523225934,0.000197667523225934,0.000197667523225934,0.000197667523225934,0.000197667523225934
0.000197667523225934,0.000197667523225934,0.000197667523225934,0.000197667523225934,0.000197667523225934,0.000197667523225934,0.000197667523225934,0.000197667523225934,0.000197667523225934,0.000197667523225934,0.000197667523225934,0.000197667523225934,0.000197667523225934,0.000197667523225934,0.000197667523225934,0.000197667523225934,0.000197667523225934,0.000197667523225934,0.000197667523225934,0.000197667523225934,0.000197667523225934,0.000197667523225934,0.000197667523225934,0.000197667523225934,0.000197667523225934,0.000197667523225934,0.000197667523225934,0.000197667523225934,0.000197667523225934,0.000197667523225934,0.000197667523225934,0.000197667523225934,0.000197667523225934,0.000197667523225934,0.000197667523225934,0.000197667523225934,0.000197667523225934,0.000197667523225934,0.000197667523225934,0.000197667523225934,0.000197667523225934,0.000197667523225934,0.000197667523225934,0.000197667523225934,0.000197667523225934,0.000197667523225934,0.000197667523225934,0.000197667523225934,0.000197667523225934,0.000197667523225934,0.000197667523225934,0.000197667523225934,0.000197667523225934,0.000197667523225934,0.000197667523225934,0.000197667523225934,0.000197667523225934,0.000197667523225934,0.000197667523225934,0.000197667523225934,0.000197667523225934,0.000197667523225934,0.000197667523225934,0.000197667523225934,0.000197667523225934,0.000197667523225934,0.000197667523225934,0.000197667523225934,0.000197667523225934,0.000197667523225934,0.000197667523225934,0.000197667523225934,0.000197667523225934,0.000197667523225934,0.000197667523225934,0.000197667523225934,0.000197667523225934,0.000197667523225934,0.000197667523225934,0.000197667523225934,0.000197667523225934,0.000197667523225934,0.000197667523225934,0.000197667523225934,0.000197667523225934,0.000197667523225934,0.000197667523225934,0.000197667523225934,0.000197667523225934,0.000197667523225934,0.000197667523225934,0.000197667523225934,0.000197667523225934,0.000197667523225934,0.000197667523225934,0.000197667523225934,0.000197667523225934,0.000197667523225934,0.000197667523225934,0.000197667523225934
0.000197667523225934,0.000197667523225934,0.000197667523225934,0.000197667523225934,0.000197667523225934,0.000197667523225934,0.000197667523225934,0.000197667523225934,0.000197667523225934,0.000197667523225934,0.000197667523225934,0.000197667523225934,0.000197667523225934,0.000197667523225934,0.000197667523225934,0.000197667523225934,0.000197667523225934,0.000197667523225934,0.000197667523225934,0.000197667523225934,0.000197667523225934,0.000197667523225934,0.000197667523225934,0.000197667523225934,0.000197667523225934,0.000197667523225934,0.000197667523225934,0.000197667523225934,0.000197667523225934,0.000197667523225934,0.000197667523225934,0.000197667523225934,0.000197667523225934,0.000197667523225934,0.000197667523225934,0.000197667523225934,0.000197667523225934,0.000197667523225934,0.000197667523225934,0.000197667523225934,0.000197667523225934,0.000197667523225934,0.000197667523225934,0.000197667523225934,0.000197667523225934,0.000197667523225934,0.000197667523225934,0.000197667523225934,0.000197667523225934,0.000197667523225934,0.000197667523225934,0.000197667523225934,0.000197667523225934,0.000197667523225934,0.000197667523225934,0.000197667523225934,0.000197667523225934,0.000197667523225934,0.000197667523225934,0.000197667523225934,0.000197667523225934,0.000197667523225934,0.000197667523225934,0.000197667523225934,0.000197667523225934,0.000197667523225934,0.000197667523225934,0.000197667523225934,0.000197667523225934,0.000197667523225934,0.000197667523225934,0.000197667523225934,0.000197667523225934,0.000197667523225934,0.000197667523225934,0.000197667523225934,0.000197667523225934,0.000197667523225934,0.000197667523225934,0.000197667523225934,0.000197667523225934,0.000197667523225934,0.000197667523225934,0.000197667523225934,0.000197667523225934,0.000197667523225934,0.000197667523225934,0.000197667523225934,0.000197667523225934,0.000197667523225934,0.000197667523225934,0.000197667523225934,0.000197667523225934,0.000197667523225934,0.000197667523225934,0.000197667523225934,0.000197667523225934,0.000197667523225934,0.000197667523225934,0.000197667523225934
0.000197667523225934,0.000197667523225934,0.000197667523225934,0.000197667523225934,0.000197667523225934,0.000197667523225934,0.000197667523225934,0.000197667523225934,0.000197667523225934,0.000197667523225934,0.000197667523225934,0.000197667523225934,0.000197667523225934,0.000197667523225934,0.000197667523225934,0.000197667523225934,0.000197667523225934,0.000197667523225934,0.000197667523225934,0.000197667523225934,0.000197667523225934,0.000197667523225934,0.000197667523225934,0.000197667523225934,0.000197667523225934,0.000197667523225934,0.000197667523225934,0.000197667523225934,0.000197667523225934,0.000197667523225934,0.000197667523225934,0.000197667523225934,0.000197667523225934,0.000197667523225934,0.000197667523225934,0.000197667523225934,0.000197667523225934,0.000197667523225934,0.000197667523225934,0.000197667523225934,0.000197667523225934,0.000197667523225934,0.000197667523225934,0.000197667523225934,0.000197667523225934,0.000197667523225934,0.000197667523225934,0.000197667523225934,0.000197667523225934,0.000197667523225934,0.000197667523225934,0.000197667523225934,0.000197667523225934,0.000197667523225934,0.000197667523225934,0.000197667523225934,0.000197667523225934,0.000197667523225934,0.000197667523225934,0.000197667523225934,0.000197667523225934,0.000197667523225934,0.000197667523225934,0.000197667523225934,0.000197667523225934,0.000197667523225934,0.000197667523225934,0.000197667523225934,0.000197667523225934,0.000197667523225934,0.000197667523225934,0.000197667523225934,0.000197667523225934,0.000197667523225934,0.000197667523225934,0.000197667523225934,0.000197667523225934,0.000197667523225934,0.000197667523225934,0.000197667523225934,0.000197667523225934,0.000197667523225934,0.000197667523225934,0.000197667523225934,0.000197667523225934,0.000197667523225934,0.000197667523225934,0.000197667523225934,0.000197667523225934,0.000197667523225934,0.000197667523225934,0.000197667523225934,0.000197667523225934,0.000197667523225934,0.000197667523225934,0.000197667523225934,0.000197667523225934,0.000197667523225934,0.000197667523225934,0.000197667523225934
0.000197667523225934,0.000197667523225934,0.000197667523225934,0.000197667523225934,0.000197667523225934,0.000197667523225934,0.000197667523225934,0.000197667523225934,0.000197667523225934,0.000197667523225934,0.000197667523225934,0.000197667523225934,0.000197667523225934,0.000197667523225934,0.000197667523225934,0.000197667523225934,0.000197667523225934,0.000197667523225934,0.000197667523225934,0.000197667523225934,0.000197667523225934,0.000197667523225934,0.000197667523225934,0.000197667523225934,0.000197667523225934,0.000197667523225934,0.000197667523225934,0.000197667523225934,0.000197667523225934,0.000197667523225934,0.000197667523225934,0.000197667523225934,0.000197667523225934,0.000197667523225934,0.000197667523225934,0.000197667523225934,0.000197667523225934,0.000197667523225934,0.000197667523225934,0.000197667523225934,0.000197667523225934,0.000197667523225934,0.000197667523225934,0.000197667523225934,0.000197667523225934,0.000197667523225934,0.000197667523225934,0.000197667523225934,0.000197667523225934,0.000197667523225934,0.000197667523225934,0.000197667523225934,0.000197667523225934,0.000197667523225934,0.000197667523225934,0.000197667523225934,0.000197667523225934,0.000197667523225934,0.000197667523225934,0.000197667523225934,0.000197667523225934,0.000197667523225934,0.000197667523225934,0.000197667523225934,0.000197667523225934,0.000197667523225934,0.000197667523225934,0.000197667523225934,0.000197667523225934,0.000197667523225934,0.000197667523225934,0.000197667523225934,0.000197667523225934,0.000197667523225934,0.000197667523225934,0.000197667523225934,0.000197667523225934,0.000197667523225934,0.000197667523225934,0.000197667523225934,0.000197667523225934,0.000197667523225934,0.000197667523225934,0.000197667523225934,0.000197667523225934,0.000197667523225934,0.000197667523225934,0.000197667523225934,0.000197667523225934,0.000197667523225934,0.000197667523225934,0.000197667523225934,0.000197667523225934,0.000197667523225934,0.000197667523225934,0.000197667523225934,0.000197667523225934,0.000197667523225934,0.000197667523225934,0.000197667523225934
0.000197667523225934,0.000197667523225934,0.000197667523225934,0.000197667523225934,0.000197667523225934,0.000197667523225934,0.000197667523225934,0.000197667523225934,0.000197667523225934,0.000197667523225934,0.000197667523225934,0.000197667523225934,0.000197667523225934,0.000197667523225934,0.000197667523225934,0.000197667523225934,0.000197667523225934,0.000197667523225934,0.000197667523225934,0.000197667523225934,0.000197667523225934,0.000197667523225934,0.000197667523225934,0.000197667523225934,0.000197667523225934,0.000197667523225934,0.000197667523225934,0.000197667523225934,0.000197667523225934,0.000197667523225934,0.000197667523225934,0.000197667523225934,0.000197667523225934,0.000197667523225934,0.000197667523225934,0.000197667523225934,0.000197667523225934,0.000197667523225934,0.000197667523225934,0.000197667523225934,0.000197667523225934,0.000197667523225934,0.000197667523225934,0.000197667523225934,0.000197667523225934,0.000197667523225934,0.000197667523225934,0.000197667523225934,0.000197667523225934,0.000197667523225934,0.000197667523225934,0.000197667523225934,0.000197667523225934,0.000197667523225934,0.000197667523225934,0.000197667523225934,0.000197667523225934,0.000197667523225934,0.000197667523225934,0.000197667523225934,0.000197667523225934,0.000197667523225934,0.000197667523225934,0.000197667523225934,0.000197667523225934,0.000197667523225934,0.000197667523225934,0.000197667523225934,0.000197667523225934,0.000197667523225934,0.000197667523225934,0.000197667523225934,0.000197667523225934,0.000197667523225934,0.000197667523225934,0.000197667523225934,0.000197667523225934,0.000197667523225934,0.000197667523225934,0.000197667523225934,0.000197667523225934,0.000197667523225934,0.000197667523225934,0.000197667523225934,0.000197667523225934,0.000197667523225934,0.000197667523225934,0.000197667523225934,0.000197667523225934,0.000197667523225934,0.000197667523225934,0.000197667523225934,0.000197667523225934,0.000197667523225934,0.000197667523225934,0.000197667523225934,0.000197667523225934,0.000197667523225934,0.000197667523225934,0.000197667523225934
0.000197667523225934,0.000197667523225934,0.000197667523225934,0.000197667523225934,0.000197667523225934,0.000197667523225934,0.000197667523225934,0.000197667523225934,0.000197667523225934,0.000197667523225934,0.000197667523225934,0.000197667523225934,0.000197667523225934,0.000197667523225934,0.000197667523225934,0.000197667523225934,0.000197667523225934,0.000197667523225934,0.000197667523225934,0.000197667523225934,0.000197667523225934,0.000197667523225934,0.000197667523225934,0.000197667523225934,0.000197667523225934,0.000197667523225934,0.000197667523225934,0.000197667523225934,0.000197667523225934,0.000197667523225934,0.000197667523225934,0.000197667523225934,0.000197667523225934,0.000197667523225934,0.000197667523225934,0.000197667523225934,0.000197667523225934,0.000197667523225934,0.000197667523225934,0.000197667523225934,0.000197667523225934,0.000197667523225934,0.000197667523225934,0.000197667523225934,0.000197667523225934,0.000197667523225934,0.000197667523225934,0.000197667523225934,0.000197667523225934,0.000197667523225934,0.000197667523225934,0.000197667523225934,0.000197667523225934,0.000197667523225934,0.000197667523225934,0.000197667523225934,0.000197667523225934,0.000197667523225934,0.000197667523225934,0.000197667523225934,0.000197667523225934,0.000197667523225934,0.000197667523225934,0.000197667523225934,0.000197667523225934,0.000197667523225934,0.000197667523225934,0.000197667523225934,0.000197667523225934,0.000197667523225934,0.000197667523225934,0.000197667523225934,0.000197667523225934,0.000197667523225934,0.000197667523225934,0.000197667523225934,0.000197667523225934,0.000197667523225934,0.000197667523225934,0.000197667523225934,0.000197667523225934,0.000197667523225934,0.000197667523225934,0.000197667523225934,0.000197667523225934,0.000197667523225934,0.000197667523225934,0.000197667523225934,0.000197667523225934,0.000197667523225934,0.000197667523225934,0.000197667523225934,0.000197667523225934,0.000197667523225934,0.000197667523225934,0.000197667523225934,0.000197667523225934,0.000197667523225934,0.000197667523225934,0.000197667523225934
0.000197667523225934,0.000197667523225934,0.000197667523225934,0.000197667523225934,0.000197667523225934,0.000197667523225934,0.000197667523225934,0.000197667523225934,0.000197667523225934,0.000197667523225934,0.000197667523225934,0.000197667523225934,0.000197667523225934,0.000197667523225934,0.000197667523225934,0.000197667523225934,0.000197667523225934,0.000197667523225934,0.000197667523225934,0.000197667523225934,0.000197667523225934,0.000197667523225934,0.000197667523225934,0.000197667523225934,0.000197667523225934,0.000197667523225934,0.000197667523225934,0.000197667523225934,0.000197667523225934,0.000197667523225934,0.000197667523225934,0.000197667523225934,0.000197667523225934,0.000197667523225934,0.000197667523225934,0.000197667523225934,0.000197667523225934,0.000197667523225934,0.000197667523225934,0.000197667523225934,0.000197667523225934,0.000197667523225934,0.000197667523225934,0.000197667523225934,0.000197667523225934,0.000197667523225934,0.000197667523225934,0.000197667523225934,0.000197667523225934,0.000197667523225934,0.000197667523225934,0.000197667523225934,0.000197667523225934,0.000197667523225934,0.000197667523225934,0.000197667523225934,0.000197667523225934,0.000197667523225934,0.000197667523225934,0.000197667523225934,0.000197667523225934,0.000197667523225934,0.000197667523225934,0.000197667523225934,0.000197667523225934,0.000197667523225934,0.000197667523225934,0.000197667523225934,0.000197667523225934,0.000197667523225934,0.000197667523225934,0.000197667523225934,0.000197667523225934,0.000197667523225934,0.000197667523225934,0.000197667523225934,0.000197667523225934,0.000197667523225934,0.000197667523225934,0.000197667523225934,0.000197667523225934,0.000197667523225934,0.000197667523225934,0.000197667523225934,0.000197667523225934,0.000197667523225934,0.000197667523225934,0.000197667523225934,0.000197667523225934,0.000197667523225934,0.000197667523225934,0.000197667523225934,0.000197667523225934,0.000197667523225934,0.000197667523225934,0.000197667523225934,0.000197667523225934,0.000197667523225934,0.000197667523225934,0.000197667523225934
0.000197667523225934,0.000197667523225934,0.000197667523225934,0.000197667523225934,0.000197667523225934,0.000197667523225934,0.000197667523225934,0.000197667523225934,0.000197667523225934,0.000197667523225934,0.000197667523225934,0.000197667523225934,0.000197667523225934,0.000197667523225934,0.000197667523225934,0.000197667523225934,0.000197667523225934,0.000197667523225934,0.000197667523225934,0.000197667523225934,0.000197667523225934,0.000197667523225934,0.000197667523225934,0.000197667523225934,0.000197667523225934,0.000197667523225934,0.000197667523225934,0.000197667523225934,0.000197667523225934,0.000197667523225934,0.000197667523225934,0.000197667523225934,0.000197667523225934,0.000197667523225934,0.000197667523225934,0.000197667523225934,0.000197667523225934,0.000197667523225934,0.000197667523225934,0.000197667523225934,0.000197667523225934,0.000197667523225934,0.000197667523225934,0.000197667523225934,0.000197667523225934,0.000197667523225934,0.000197667523225934,0.000197667523225934,0.000197667523225934,0.000197667523225934,0.000197667523225934,0.000197667523225934,0.000197667523225934,0.000197667523225934,0.000197667523225934,0.000197667523225934,0.000197667523225934,0.000197667523225934,0.000197667523225934,0.000197667523225934,0.000197667523225934,0.000197667523225934,0.000197667523225934,0.000197667523225934,0.000197667523225934,0.000197667523225934,0.000197667523225934,0.000197667523225934,0.000197667523225934,0.000197667523225934,0.000197667523225934,0.000197667523225934,0.000197667523225934,0.000197667523225934,0.000197667523225934,0.000197667523225934,0.000197667523225934,0.000197667523225934,0.000197667523225934,0.000197667523225934,0.000197667523225934,0.000197667523225934,0.000197667523225934,0.000197667523225934,0.000197667523225934,0.000197667523225934,0.000197667523225934,0.000197667523225934,0.000197667523225934,0.000197667523225934,0.000197667523225934,0.000197667523225934,0.000197667523225934,0.000197667523225934,0.000197667523225934,0.000197667523225934,0.000197667523225934,0.000197667523225934,0.000197667523225934,0.000197667523225934
0.000197667523225934,0.000197667523225934,0.000197667523225934,0.000197667523225934,0.000197667523225934,0.000197667523225934,0.000197667523225934,0.000197667523225934,0.000197667523225934,0.000197667523225934,0.000197667523225934,0.000197667523225934,0.000197667523225934,0.000197667523225934,0.000197667523225934,0.000197667523225934,0.000197667523225934,0.000197667523225934,0.000197667523225934,0.000197667523225934,0.000197667523225934,0.000197667523225934,0.000197667523225934,0.000197667523225934,0.000197667523225934,0.000197667523225934,0.000197667523225934,0.000197667523225934,0.000197667523225934,0.000197667523225934,0.000197667523225934,0.000197667523225934,0.000197667523225934,0.000197667523225934,0.000197667523225934,0.000197667523225934,0.000197667523225934,0.000197667523225934,0.000197667523225934,0.000197667523225934,0.000197667523225934,0.000197667523225934,0.000197667523225934,0.000197667523225934,0.000197667523225934,0.000197667523225934,0.000197667523225934,0.000197667523225934,0.000197667523225934,0.000197667523225934,0.000197667523225934,0.000197667523225934,0.000197667523225934,0.000197667523225934,0.000197667523225934,0.000197667523225934,0.000197667523225934,0.000197667523225934,0.000197667523225934,0.000197667523225934,0.000197667523225934,0.000197667523225934,0.000197667523225934,0.000197667523225934,0.000197667523225934,0.000197667523225934,0.000197667523225934,0.000197667523225934,0.000197667523225934,0.000197667523225934,0.000197667523225934,0.000197667523225934,0.000197667523225934,0.000197667523225934,0.000197667523225934,0.000197667523225934,0.000197667523225934,0.000197667523225934,0.000197667523225934,0.000197667523225934,0.000197667523225934,0.000197667523225934,0.000197667523225934,0.000197667523225934,0.000197667523225934,0.000197667523225934,0.000197667523225934,0.000197667523225934,0.000197667523225934,0.000197667523225934,0.000197667523225934,0.000197667523225934,0.000197667523225934,0.000197667523225934,0.000197667523225934,0.000197667523225934,0.000197667523225934,0.000197667523225934,0.000197667523225934,0.000197667523225934
0.000197667523225934,0.000197667523225934,0.000197667523225934,0.000197667523225934,0.000197667523225934,0.000197667523225934,0.000197667523225934,0.000197667523225934,0.000197667523225934,0.000197667523225934,0.000197667523225934,0.000197667523225934,0.000197667523225934,0.000197667523225934,0.000197667523225934,0.000197667523225934,0.000197667523225934,0.000197667523225934,0.000197667523225934,0.000197667523225934,0.000197667523225934,0.000197667523225934,0.000197667523225934,0.000197667523225934,0.000197667523225934,0.000197667523225934,0.000197667523225934,0.000197667523225934,0.000197667523225934,0.000197667523225934,0.000197667523225934,0.000197667523225934,0.000197667523225934,0.000197667523225934,0.000197667523225934,0.000197667523225934,0.000197667523225934,0.000197667523225934,0.000197667523225934,0.000197667523225934,0.000197667523225934,0.000197667523225934,0.000197667523225934,0.000197667523225934,0.000197667523225934,0.000197667523225934,0.000197667523225934,0.000197667523225934,0.000197667523225934,0.000197667523225934,0.000197667523225934,0.000197667523225934,0.000197667523225934,0.000197667523225934,0.000197667523225934,0.000197667523225934,0.000197667523225934,0.000197667523225934,0.000197667523225934,0.000197667523225934,0.000197667523225934,0.000197667523225934,0.000197667523225934,0.000197667523225934,0.000197667523225934,0.000197667523225934,0.000197667523225934,0.000197667523225934,0.000197667523225934,0.000197667523225934,0.000197667523225934,0.000197667523225934,0.000197667523225934,0.000197667523225934,0.000197667523225934,0.000197667523225934,0.000197667523225934,0.000197667523225934,0.000197667523225934,0.000197667523225934,0.000197667523225934,0.000197667523225934,0.000197667523225934,0.000197667523225934,0.000197667523225934,0.000197667523225934,0.000197667523225934,0.000197667523225934,0.000197667523225934,0.000197667523225934,0.000197667523225934,0.000197667523225934,0.000197667523225934,0.000197667523225934,0.000197667523225934,0.000197667523225934,0.000197667523225934,0.000197667523225934,0.000197667523225934,0.000197667523225934
0.000197667523225934,0.000197667523225934,0.000197667523225934,0.000197667523225934,0.000197667523225934,0.000197667523225934,0.000197667523225934,0.000197667523225934,0.000197667523225934,0.000197667523225934,0.000197667523225934,0.000197667523225934,0.000197667523225934,0.000197667523225934,0.000197667523225934,0.000197667523225934,0.000197667523225934,0.000197667523225934,0.000197667523225934,0.000197667523225934,0.000197667523225934,0.000197667523225934,0.000197667523225934,0.000197667523225934,0.000197667523225934,0.000197667523225934,0.000197667523225934,0.000197667523225934,0.000197667523225934,0.000197667523225934,0.000197667523225934,0.000197667523225934,0.000197667523225934,0.000197667523225934,0.000197667523225934,0.000197667523225934,0.000197667523225934,0.000197667523225934,0.000197667523225934,0.000197667523225934,0.000197667523225934,0.000197667523225934,0.000197667523225934,0.000197667523225934,0.000197667523225934,0.000197667523225934,0.000197667523225934,0.000197667523225934,0.000197667523225934,0.000197667523225934,0.000197667523225934,0.000197667523225934,0.000197667523225934,0.000197667523225934,0.000197667523225934,0.000197667523225934,0.000197667523225934,0.000197667523225934,0.000197667523225934,0.000197667523225934,0.000197667523225934,0.000197667523225934,0.000197667523225934,0.000197667523225934,0.000197667523225934,0.000197667523225934,0.000197667523225934,0.000197667523225934,0.000197667523225934,0.000197667523225934,0.000197667523225934,0.000197667523225934,0.000197667523225934,0.000197667523225934,0.000197667523225934,0.000197667523225934,0.000197667523225934,0.000197667523225934,0.000197667523225934,0.000197667523225934,0.000197667523225934,0.000197667523225934,0.000197667523225934,0.000197667523225934,0.000197667523225934,0.000197667523225934,0.000197667523225934,0.000197667523225934,0.000197667523225934,0.000197667523225934,0.000197667523225934,0.000197667523225934,0.000197667523225934,0.000197667523225934,0.000197667523225934,0.000197667523225934,0.000197667523225934,0.000197667523225934,0.000197667523225934,0.000197667523225934
0.000197667523225934,0.000197667523225934,0.000197667523225934,0.000197667523225934,0.000197667523225934,0.000197667523225934,0.000197667523225934,0.000197667523225934,0.000197667523225934,0.000197667523225934,0.000197667523225934,0.000197667523225934,0.000197667523225934,0.000197667523225934,0.000197667523225934,0.000197667523225934,0.000197667523225934,0.000197667523225934,0.000197667523225934,0.000197667523225934,0.000197667523225934,0.000197667523225934,0.000197667523225934,0.000197667523225934,0.000197667523225934,0.000197667523225934,0.000197667523225934,0.000197667523225934,0.000197667523225934,0.000197667523225934,0.000197667523225934,0.000197667523225934,0.000197667523225934,0.000197667523225934,0.000197667523225934,0.000197667523225934,0.000197667523225934,0.000197667523225934,0.000197667523225934,0.000197667523225934,0.000197667523225934,0.000197667523225934,0.000197667523225934,0.000197667523225934,0.000197667523225934,0.000197667523225934,0.000197667523225934,0.000197667523225934,0.000197667523225934,0.000197667523225934,0.000197667523225934,0.000197667523225934,0.000197667523225934,0.000197667523225934,0.000197667523225934,0.000197667523225934,0.000197667523225934,0.000197667523225934,0.000197667523225934,0.000197667523225934,0.000197667523225934,0.000197667523225934,0.000197667523225934,0.000197667523225934,0.000197667523225934,0.000197667523225934,0.000197667523225934,0.000197667523225934,0.000197667523225934,0.000197667523225934,0.000197667523225934,0.000197667523225934,0.000197667523225934,0.000197667523225934,0.000197667523225934,0.000197667523225934,0.000197667523225934,0.000197667523225934,0.000197667523225934,0.000197667523225934,0.000197667523225934,0.000197667523225934,0.000197667523225934,0.000197667523225934,0.000197667523225934,0.000197667523225934,0.000197667523225934,0.000197667523225934,0.000197667523225934,0.000197667523225934,0.000197667523225934,0.000197667523225934,0.000197667523225934,0.000197667523225934,0.000197667523225934,0.000197667523225934,0.000197667523225934,0.000197667523225934,0.000197667523225934,0.000197667523225934
0.000197667523225934,0.000197667523225934,0.000197667523225934,0.000197667523225934,0.000197667523225934,0.000197667523225934,0.000197667523225934,0.000197667523225934,0.000197667523225934,0.000197667523225934,0.000197667523225934,0.000197667523225934,0.000197667523225934,0.000197667523225934,0.000197667523225934,0.000197667523225934,0.000197667523225934,0.000197667523225934,0.000197667523225934,0.000197667523225934,0.000197667523225934,0.000197667523225934,0.000197667523225934,0.000197667523225934,0.000197667523225934,0.000197667523225934,0.000197667523225934,0.000197667523225934,0.000197667523225934,0.000197667523225934,0.000197667523225934,0.000197667523225934,0.000197667523225934,0.000197667523225934,0.000197667523225934,0.000197667523225934,0.000197667523225934,0.000197667523225934,0.000197667523225934,0.000197667523225934,0.000197667523225934,0.000197667523225934,0.000197667523225934,0.000197667523225934,0.000197667523225934,0.000197667523225934,0.000197667523225934,0.000197667523225934,0.000197667523225934,0.000197667523225934,0.000197667523225934,0.000197667523225934,0.000197667523225934,0.000197667523225934,0.000197667523225934,0.000197667523225934,0.000197667523225934,0.000197667523225934,0.000197667523225934,0.000197667523225934,0.000197667523225934,0.000197667523225934,0.000197667523225934,0.000197667523225934,0.000197667523225934,0.000197667523225934,0.000197667523225934,0.000197667523225934,0.000197667523225934,0.000197667523225934,0.000197667523225934,0.000197667523225934,0.000197667523225934,0.000197667523225934,0.000197667523225934,0.000197667523225934,0.000197667523225934,0.000197667523225934,0.000197667523225934,0.000197667523225934,0.000197667523225934,0.000197667523225934,0.000197667523225934,0.000197667523225934,0.000197667523225934,0.000197667523225934,0.000197667523225934,0.000197667523225934,0.000197667523225934,0.000197667523225934,0.000197667523225934,0.000197667523225934,0.000197667523225934,0.000197667523225934,0.000197667523225934,0.000197667523225934,0.000197667523225934,0.000197667523225934,0.000197667523225934,0.000197667523225934
0.000197667523225934,0.000197667523225934,0.000197667523225934,0.000197667523225934,0.000197667523225934,0.000197667523225934,0.000197667523225934,0.000197667523225934,0.000197667523225934,0.000197667523225934,0.000197667523225934,0.000197667523225934,0.000197667523225934,0.000197667523225934,0.000197667523225934,0.000197667523225934,0.000197667523225934,0.000197667523225934,0.000197667523225934,0.000197667523225934,0.000197667523225934,0.000197667523225934,0.000197667523225934,0.000197667523225934,0.000197667523225934,0.000197667523225934,0.000197667523225934,0.000197667523225934,0.000197667523225934,0.000197667523225934,0.000197667523225934,0.000197667523225934,0.000197667523225934,0.000197667523225934,0.000197667523225934,0.000197667523225934,0.000197667523225934,0.000197667523225934,0.000197667523225934,0.000197667523225934,0.000197667523225934,0.000197667523225934,0.000197667523225934,0.000197667523225934,0.000197667523225934,0.000197667523225934,0.000197667523225934,0.000197667523225934,0.000197667523225934,0.000197667523225934,0.000197667523225934,0.000197667523225934,0.000197667523225934,0.000197667523225934,0.000197667523225934,0.000197667523225934,0.000197667523225934,0.000197667523225934,0.000197667523225934,0.000197667523225934,0.000197667523225934,0.000197667523225934,0.000197667523225934,0.000197667523225934,0.000197667523225934,0.000197667523225934,0.000197667523225934,0.000197667523225934,0.000197667523225934,0.000197667523225934,0.000197667523225934,0.000197667523225934,0.000197667523225934,0.000197667523225934,0.000197667523225934,0.000197667523225934,0.000197667523225934,0.000197667523225934,0.000197667523225934,0.000197667523225934,0.000197667523225934,0.000197667523225934,0.000197667523225934,0.000197667523225934,0.000197667523225934,0.000197667523225934,0.000197667523225934,0.000197667523225934,0.000197667523225934,0.000197667523225934,0.000197667523225934,0.000197667523225934,0.000197667523225934,0.000197667523225934,0.000197667523225934,0.000197667523225934,0.000197667523225934,0.000197667523225934,0.000197667523225934,0.000197667523225934
0.000197667523225934,0.000197667523225934,0.000197667523225934,0.000197667523225934,0.000197667523225934,0.000197667523225934,0.000197667523225934,0.000197667523225934,0.000197667523225934,0.000197667523225934,0.000197667523225934,0.000197667523225934,0.000197667523225934,0.000197667523225934,0.000197667523225934,0.000197667523225934,0.000197667523225934,0.000197667523225934,0.000197667523225934,0.000197667523225934,0.000197667523225934,0.000197667523225934,0.000197667523225934,0.000197667523225934,0.000197667523225934,0.000197667523225934,0.000197667523225934,0.000197667523225934,0.000197667523225934,0.000197667523225934,0.000197667523225934,0.000197667523225934,0.000197667523225934,0.000197667523225934,0.000197667523225934,0.000197667523225934,0.000197667523225934,0.000197667523225934,0.000197667523225934,0.000197667523225934,0.000197667523225934,0.000197667523225934,0.000197667523225934,0.000197667523225934,0.000197667523225934,0.000197667523225934,0.000197667523225934,0.000197667523225934,0.000197667523225934,0.000197667523225934,0.000197667523225934,0.000197667523225934,0.000197667523225934,0.000197667523225934,0.000197667523225934,0.000197667523225934,0.000197667523225934,0.000197667523225934,0.000197667523225934,0.000197667523225934,0.000197667523225934,0.000197667523225934,0.000197667523225934,0.000197667523225934,0.000197667523225934,0.000197667523225934,0.000197667523225934,0.000197667523225934,0.000197667523225934,0.000197667523225934,0.000197667523225934,0.000197667523225934,0.000197667523225934,0.000197667523225934,0.000197667523225934,0.000197667523225934,0.000197667523225934,0.000197667523225934,0.000197667523225934,0.000197667523225934,0.000197667523225934,0.000197667523225934,0.000197667523225934,0.000197667523225934,0.000197667523225934,0.000197667523225934,0.000197667523225934,0.000197667523225934,0.000197667523225934,0.000197667523225934,0.000197667523225934,0.000197667523225934,0.000197667523225934,0.000197667523225934,0.000197667523225934,0.000197667523225934,0.000197667523225934,0.000197667523225934,0.000197667523225934,0.000197667523225934
0.000197667523225934,0.000197667523225934,0.000197667523225934,0.000197667523225934,0.000197667523225934,0.000197667523225934,0.000197667523225934,0.000197667523225934,0.000197667523225934,0.000197667523225934,0.000197667523225934,0.000197667523225934,0.000197667523225934,0.000197667523225934,0.000197667523225934,0.000197667523225934,0.000197667523225934,0.000197667523225934,0.000197667523225934,0.000197667523225934,0.000197667523225934,0.000197667523225934,0.000197667523225934,0.000197667523225934,0.000197667523225934,0.000197667523225934,0.000197667523225934,0.000197667523225934,0.000197667523225934,0.000197667523225934,0.000197667523225934,0.000197667523225934,0.000197667523225934,0.000197667523225934,0.000197667523225934,0.000197667523225934,0.000197667523225934,0.000197667523225934,0.000197667523225934,0.000197667523225934,0.000197667523225934,0.000197667523225934,0.000197667523225934,0.000197667523225934,0.000197667523225934,0.000197667523225934,0.000197667523225934,0.000197667523225934,0.000197667523225934,0.000197667523225934,0.000197667523225934,0.000197667523225934,0.000197667523225934,0.000197667523225934,0.000197667523225934,0.000197667523225934,0.000197667523225934,0.000197667523225934,0.000197667523225934,0.000197667523225934,0.000197667523225934,0.000197667523225934,0.000197667523225934,0.000197667523225934,0.000197667523225934,0.000197667523225934,0.000197667523225934,0.000197667523225934,0.000197667523225934,0.000197667523225934,0.000197667523225934,0.000197667523225934,0.000197667523225934,0.000197667523225934,0.000197667523225934,0.000197667523225934,0.000197667523225934,0.000197667523225934,0.000197667523225934,0.000197667523225934,0.000197667523225934,0.000197667523225934,0.000197667523225934,0.000197667523225934,0.000197667523225934,0.000197667523225934,0.000197667523225934,0.000197667523225934,0.000197667523225934,0.000197667523225934,0.000197667523225934,0.000197667523225934,0.000197667523225934,0.000197667523225934,0.000197667523225934,0.000197667523225934,0.000197667523225934,0.000197667523225934,0.000197667523225934,0.000197667523225934
0.000197667523225934,0.000197667523225934,0.000197667523225934,0.000197667523225934,0.000197667523225934,0.000197667523225934,0.000197667523225934,0.000197667523225934,0.000197667523225934,0.000197667523225934,0.000197667523225934,0.000197667523225934,0.000197667523225934,0.000197667523225934,0.000197667523225934,0.000197667523225934,0.000197667523225934,0.000197667523225934,0.000197667523225934,0.000197667523225934,0.000197667523225934,0.000197667523225934,0.000197667523225934,0.000197667523225934,0.000197667523225934,0.000197667523225934,0.000197667523225934,0.000197667523225934,0.000197667523225934,0.000197667523225934,0.000197667523225934,0.000197667523225934,0.000197667523225934,0.000197667523225934,0.000197667523225934,0.000197667523225934,0.000197667523225934,0.000197667523225934,0.000197667523225934,0.000197667523225934,0.000197667523225934,0.000197667523225934,0.000197667523225934,0.000197667523225934,0.000197667523225934,0.000197667523225934,0.000197667523225934,0.000197667523225934,0.000197667523225934,0.000197667523225934,0.000197667523225934,0.000197667523225934,0.000197667523225934,0.000197667523225934,0.000197667523225934,0.000197667523225934,0.000197667523225934,0.000197667523225934,0.000197667523225934,0.000197667523225934,0.000197667523225934,0.000197667523225934,0.000197667523225934,0.000197667523225934,0.000197667523225934,0.000197667523225934,0.000197667523225934,0.000197667523225934,0.000197667523225934,0.000197667523225934,0.000197667523225934,0.000197667523225934,0.000197667523225934,0.000197667523225934,0.000197667523225934,0.000197667523225934,0.000197667523225934,0.000197667523225934,0.000197667523225934,0.000197667523225934,0.000197667523225934,0.000197667523225934,0.000197667523225934,0.000197667523225934,0.000197667523225934,0.000197667523225934,0.000197667523225934,0.000197667523225934,0.000197667523225934,0.000197667523225934,0.000197667523225934,0.000197667523225934,0.000197667523225934,0.000197667523225934,0.000197667523225934,0.000197667523225934,0.000197667523225934,0.000197667523225934,0.000197667523225934,0.000197667523225934
0.000197667523225934,0.000197667523225934,0.000197667523225934,0.000197667523225934,0.000197667523225934,0.000197667523225934,0.000197667523225934,0.000197667523225934,0.000197667523225934,0.000197667523225934,0.000197667523225934,0.000197667523225934,0.000197667523225934,0.000197667523225934,0.000197667523225934,0.000197667523225934,0.000197667523225934,0.000197667523225934,0.000197667523225934,0.000197667523225934,0.000197667523225934,0.000197667523225934,0.000197667523225934,0.000197667523225934,0.000197667523225934,0.000197667523225934,0.000197667523225934,0.000197667523225934,0.000197667523225934,0.000197667523225934,0.000197667523225934,0.000197667523225934,0.000197667523225934,0.000197667523225934,0.000197667523225934,0.000197667523225934,0.000197667523225934,0.000197667523225934,0.000197667523225934,0.000197667523225934,0.000197667523225934,0.000197667523225934,0.000197667523225934,0.000197667523225934,0.000197667523225934,0.000197667523225934,0.000197667523225934,0.000197667523225934,0.000197667523225934,0.000197667523225934,0.000197667523225934,0.000197667523225934,0.000197667523225934,0.000197667523225934,0.000197667523225934,0.000197667523225934,0.000197667523225934,0.000197667523225934,0.000197667523225934,0.000197667523225934,0.000197667523225934,0.000197667523225934,0.000197667523225934,0.000197667523225934,0.000197667523225934,0.000197667523225934,0.000197667523225934,0.000197667523225934,0.000197667523225934,0.000197667523225934,0.000197667523225934,0.000197667523225934,0.000197667523225934,0.000197667523225934,0.000197667523225934,0.000197667523225934,0.000197667523225934,0.000197667523225934,0.000197667523225934,0.000197667523225934,0.000197667523225934,0.000197667523225934,0.000197667523225934,0.000197667523225934,0.000197667523225934,0.000197667523225934,0.000197667523225934,0.000197667523225934,0.000197667523225934,0.000197667523225934,0.000197667523225934,0.000197667523225934,0.000197667523225934,0.000197667523225934,0.000197667523225934,0.000197667523225934,0.000197667523225934,0.000197667523225934,0.000197667523225934,0.000197667523225934
0.000197667523225934,0.000197667523225934,0.000197667523225934,0.000197667523225934,0.000197667523225934,0.000197667523225934,0.000197667523225934,0.000197667523225934,0.000197667523225934,0.000197667523225934,0.000197667523225934,0.000197667523225934,0.000197667523225934,0.000197667523225934,0.000197667523225934,0.000197667523225934,0.000197667523225934,0.000197667523225934,0.000197667523225934,0.000197667523225934,0.000197667523225934,0.000197667523225934,0.000197667523225934,0.000197667523225934,0.000197667523225934,0.000197667523225934,0.000197667523225934,0.000197667523225934,0.000197667523225934,0.000197667523225934,0.000197667523225934,0.000197667523225934,0.000197667523225934,0.000197667523225934,0.000197667523225934,0.000197667523225934,0.000197667523225934,0.000197667523225934,0.000197667523225934,0.000197667523225934,0.000197667523225934,0.000197667523225934,0.000197667523225934,0.000197667523225934,0.000197667523225934,0.000197667523225934,0.000197667523225934,0.000197667523225934,0.000197667523225934,0.000197667523225934,0.000197667523225934,0.000197667523225934,0.000197667523225934,0.000197667523225934,0.000197667523225934,0.000197667523225934,0.000197667523225934,0.000197667523225934,0.000197667523225934,0.000197667523225934,0.000197667523225934,0.000197667523225934,0.000197667523225934,0.000197667523225934,0.000197667523225934,0.000197667523225934,0.000197667523225934,0.000197667523225934,0.000197667523225934,0.000197667523225934,0.000197667523225934,0.000197667523225934,0.000197667523225934,0.000197667523225934,0.000197667523225934,0.000197667523225934,0.000197667523225934,0.000197667523225934,0.000197667523225934,0.000197667523225934,0.000197667523225934,0.000197667523225934,0.000197667523225934,0.000197667523225934,0.000197667523225934,0.000197667523225934,0.000197667523225934,0.000197667523225934,0.000197667523225934,0.000197667523225934,0.000197667523225934,0.000197667523225934,0.000197667523225934,0.000197667523225934,0.000197667523225934,0.000197667523225934,0.000197667523225934,0.000197667523225934,0.000197667523225934,0.000197667523225934
0.000197667523225934,0.000197667523225934,0.000197667523225934,0.000197667523225934,0.000197667523225934,0.000197667523225934,0.000197667523225934,0.000197667523225934,0.000197667523225934,0.000197667523225934,0.000197667523225934,0.000197667523225934,0.000197667523225934,0.000197667523225934,0.000197667523225934,0.000197667523225934,0.000197667523225934,0.000197667523225934,0.000197667523225934,0.000197667523225934,0.000197667523225934,0.000197667523225934,0.000197667523225934,0.000197667523225934,0.000197667523225934,0.000197667523225934,0.000197667523225934,0.000197667523225934,0.000197667523225934,0.000197667523225934,0.000197667523225934,0.000197667523225934,0.000197667523225934,0.000197667523225934,0.000197667523225934,0.000197667523225934,0.000197667523225934,0.000197667523225934,0.000197667523225934,0.000197667523225934,0.000197667523225934,0.000197667523225934,0.000197667523225934,0.000197667523225934,0.000197667523225934,0.000197667523225934,0.000197667523225934,0.000197667523225934,0.000197667523225934,0.000197667523225934,0.000197667523225934,0.000197667523225934,0.000197667523225934,0.000197667523225934,0.000197667523225934,0.000197667523225934,0.000197667523225934,0.000197667523225934,0.000197667523225934,0.000197667523225934,0.000197667523225934,0.000197667523225934,0.000197667523225934,0.000197667523225934,0.000197667523225934,0.000197667523225934,0.000197667523225934,0.000197667523225934,0.000197667523225934,0.000197667523225934,0.000197667523225934,0.000197667523225934,0.000197667523225934,0.000197667523225934,0.000197667523225934,0.000197667523225934,0.000197667523225934,0.000197667523225934,0.000197667523225934,0.000197667523225934,0.000197667523225934,0.000197667523225934,0.000197667523225934,0.000197667523225934,0.000197667523225934,0.000197667523225934,0.000197667523225934,0.000197667523225934,0.000197667523225934,0.000197667523225934,0.000197667523225934,0.000197667523225934,0.000197667523225934,0.000197667523225934,0.000197667523225934,0.000197667523225934,0.000197667523225934,0.000197667523225934,0.000197667523225934,0.000197667523225934
0.000197667523225934,0.000197667523225934,0.000197667523225934,0.000197667523225934,0.000197667523225934,0.000197667523225934,0.000197667523225934,0.000197667523225934,0.000197667523225934,0.000197667523225934,0.000197667523225934,0.000197667523225934,0.000197667523225934,0.000197667523225934,0.000197667523225934,0.000197667523225934,0.000197667523225934,0.000197667523225934,0.000197667523225934,0.000197667523225934,0.000197667523225934,0.000197667523225934,0.000197667523225934,0.000197667523225934,0.000197667523225934,0.000197667523225934,0.000197667523225934,0.000197667523225934,0.000197667523225934,0.000197667523225934,0.000197667523225934,0.000197667523225934,0.000197667523225934,0.000197667523225934,0.000197667523225934,0.000197667523225934,0.000197667523225934,0.000197667523225934,0.000197667523225934,0.000197667523225934,0.000197667523225934,0.000197667523225934,0.000197667523225934,0.000197667523225934,0.000197667523225934,0.000197667523225934,0.000197667523225934,0.000197667523225934,0.000197667523225934,0.000197667523225934,0.000197667523225934,0.000197667523225934,0.000197667523225934,0.000197667523225934,0.000197667523225934,0.000197667523225934,0.000197667523225934,0.000197667523225934,0.000197667523225934,0.000197667523225934,0.000197667523225934,0.000197667523225934,0.000197667523225934,0.000197667523225934,0.000197667523225934,0.000197667523225934,0.000197667523225934,0.000197667523225934,0.000197667523225934,0.000197667523225934,0.000197667523225934,0.000197667523225934,0.000197667523225934,0.000197667523225934,0.000197667523225934,0.000197667523225934,0.000197667523225934,0.000197667523225934,0.000197667523225934,0.000197667523225934,0.000197667523225934,0.000197667523225934,0.000197667523225934,0.000197667523225934,0.000197667523225934,0.000197667523225934,0.000197667523225934,0.000197667523225934,0.000197667523225934,0.000197667523225934,0.000197667523225934,0.000197667523225934,0.000197667523225934,0.000197667523225934,0.000197667523225934,0.000197667523225934,0.000197667523225934,0.000197667523225934,0.000197667523225934,0.000197667523225934
0.000197667523225934,0.000197667523225934,0.000197667523225934,0.000197667523225934,0.000197667523225934,0.000197667523225934,0.000197667523225934,0.000197667523225934,0.000197667523225934,0.000197667523225934,0.000197667523225934,0.000197667523225934,0.000197667523225934,0.000197667523225934,0.000197667523225934,0.000197667523225934,0.000197667523225934,0.000197667523225934,0.000197667523225934,0.000197667523225934,0.000197667523225934,0.000197667523225934,0.000197667523225934,0.000197667523225934,0.000197667523225934,0.000197667523225934,0.000197667523225934,0.000197667523225934,0.000197667523225934,0.000197667523225934,0.000197667523225934,0.000197667523225934,0.000197667523225934,0.000197667523225934,0.000197667523225934,0.000197667523225934,0.000197667523225934,0.000197667523225934,0.000197667523225934,0.000197667523225934,0.000197667523225934,0.000197667523225934,0.000197667523225934,0.000197667523225934,0.000197667523225934,0.000197667523225934,0.000197667523225934,0.000197667523225934,0.000197667523225934,0.000197667523225934,0.000197667523225934,0.000197667523225934,0.000197667523225934,0.000197667523225934,0.000197667523225934,0.000197667523225934,0.000197667523225934,0.000197667523225934,0.000197667523225934,0.000197667523225934,0.000197667523225934,0.000197667523225934,0.000197667523225934,0.000197667523225934,0.000197667523225934,0.000197667523225934,0.000197667523225934,0.000197667523225934,0.000197667523225934,0.000197667523225934,0.000197667523225934,0.000197667523225934,0.000197667523225934,0.000197667523225934,0.000197667523225934,0.000197667523225934,0.000197667523225934,0.000197667523225934,0.000197667523225934,0.000197667523225934,0.000197667523225934,0.000197667523225934,0.000197667523225934,0.000197667523225934,0.000197667523225934,0.000197667523225934,0.000197667523225934,0.000197667523225934,0.000197667523225934,0.000197667523225934,0.000197667523225934,0.000197667523225934,0.000197667523225934,0.000197667523225934,0.000197667523225934,0.000197667523225934,0.000197667523225934,0.000197667523225934,0.000197667523225934,0.000197667523225934
0.000197667523225934,0.000197667523225934,0.000197667523225934,0.000197667523225934,0.000197667523225934,0.000197667523225934,0.000197667523225934,0.000197667523225934,0.000197667523225934,0.000197667523225934,0.000197667523225934,0.000197667523225934,0.000197667523225934,0.000197667523225934,0.000197667523225934,0.000197667523225934,0.000197667523225934,0.000197667523225934,0.000197667523225934,0.000197667523225934,0.000197667523225934,0.000197667523225934,0.000197667523225934,0.000197667523225934,0.000197667523225934,0.000197667523225934,0.000197667523225934,0.000197667523225934,0.000197667523225934,0.000197667523225934,0.000197667523225934,0.000197667523225934,0.000197667523225934,0.000197667523225934,0.000197667523225934,0.000197667523225934,0.000197667523225934,0.000197667523225934,0.000197667523225934,0.000197667523225934,0.000197667523225934,0.000197667523225934,0.000197667523225934,0.000197667523225934,0.000197667523225934,0.000197667523225934,0.000197667523225934,0.000197667523225934,0.000197667523225934,0.000197667523225934,0.000197667523225934,0.000197667523225934,0.000197667523225934,0.000197667523225934,0.000197667523225934,0.000197667523225934,0.000197667523225934,0.000197667523225934,0.000197667523225934,0.000197667523225934,0.000197667523225934,0.000197667523225934,0.000197667523225934,0.000197667523225934,0.000197667523225934,0.000197667523225934,0.000197667523225934,0.000197667523225934,0.000197667523225934,0.000197667523225934,0.000197667523225934,0.000197667523225934,0.000197667523225934,0.000197667523225934,0.000197667523225934,0.000197667523225934,0.000197667523225934,0.000197667523225934,0.000197667523225934,0.000197667523225934,0.000197667523225934,0.000197667523225934,0.000197667523225934,0.000197667523225934,0.000197667523225934,0.000197667523225934,0.000197667523225934,0.000197667523225934,0.000197667523225934,0.000197667523225934,0.000197667523225934,0.000197667523225934,0.000197667523225934,0.000197667523225934,0.000197667523225934,0.000197667523225934,0.000197667523225934,0.000197667523225934,0.000197667523225934,0.000197667523225934
0.000197667523225934,0.000197667523225934,0.000197667523225934,0.000197667523225934,0.000197667523225934,0.000197667523225934,0.000197667523225934,0.000197667523225934,0.000197667523225934,0.000197667523225934,0.000197667523225934,0.000197667523225934,0.000197667523225934,0.000197667523225934,0.000197667523225934,0.000197667523225934,0.000197667523225934,0.000197667523225934,0.000197667523225934,0.000197667523225934,0.000197667523225934,0.000197667523225934,0.000197667523225934,0.000197667523225934,0.000197667523225934,0.000197667523225934,0.000197667523225934,0.000197667523225934,0.000197667523225934,0.000197667523225934,0.000197667523225934,0.000197667523225934,0.000197667523225934,0.000197667523225934,0.000197667523225934,0.000197667523225934,0.000197667523225934,0.000197667523225934,0.000197667523225934,0.000197667523225934,0.000197667523225934,0.000197667523225934,0.000197667523225934,0.000197667523225934,0.000197667523225934,0.000197667523225934,0.000197667523225934,0.000197667523225934,0.000197667523225934,0.000197667523225934,0.000197667523225934,0.000197667523225934,0.000197667523225934,0.000197667523225934,0.000197667523225934,0.000197667523225934,0.000197667523225934,0.000197667523225934,0.000197667523225934,0.000197667523225934,0.000197667523225934,0.000197667523225934,0.000197667523225934,0.000197667523225934,0.000197667523225934,0.000197667523225934,0.000197667523225934,0.000197667523225934,0.000197667523225934,0.000197667523225934,0.000197667523225934,0.000197667523225934,0.000197667523225934,0.000197667523225934,0.000197667523225934,0.000197667523225934,0.000197667523225934,0.000197667523225934,0.000197667523225934,0.000197667523225934,0.000197667523225934,0.000197667523225934,0.000197667523225934,0.000197667523225934,0.000197667523225934,0.000197667523225934,0.000197667523225934,0.000197667523225934,0.000197667523225934,0.000197667523225934,0.000197667523225934,0.000197667523225934,0.000197667523225934,0.000197667523225934,0.000197667523225934,0.000197667523225934,0.000197667523225934,0.000197667523225934,0.000197667523225934,0.000197667523225934
0.000197667523225934,0.000197667523225934,0.000197667523225934,0.000197667523225934,0.000197667523225934,0.000197667523225934,0.000197667523225934,0.000197667523225934,0.000197667523225934,0.000197667523225934,0.000197667523225934,0.000197667523225934,0.000197667523225934,0.000197667523225934,0.000197667523225934,0.000197667523225934,0.000197667523225934,0.000197667523225934,0.000197667523225934,0.000197667523225934,0.000197667523225934,0.000197667523225934,0.000197667523225934,0.000197667523225934,0.000197667523225934,0.000197667523225934,0.000197667523225934,0.000197667523225934,0.000197667523225934,0.000197667523225934,0.000197667523225934,0.000197667523225934,0.000197667523225934,0.000197667523225934,0.000197667523225934,0.000197667523225934,0.000197667523225934,0.000197667523225934,0.000197667523225934,0.000197667523225934,0.000197667523225934,0.000197667523225934,0.000197667523225934,0.000197667523225934,0.000197667523225934,0.000197667523225934,0.000197667523225934,0.000197667523225934,0.000197667523225934,0.000197667523225934,0.000197667523225934,0.000197667523225934,0.000197667523225934,0.000197667523225934,0.000197667523225934,0.000197667523225934,0.000197667523225934,0.000197667523225934,0.000197667523225934,0.000197667523225934,0.000197667523225934,0.000197667523225934,0.000197667523225934,0.000197667523225934,0.000197667523225934,0.000197667523225934,0.000197667523225934,0.000197667523225934,0.000197667523225934,0.000197667523225934,0.000197667523225934,0.000197667523225934,0.000197667523225934,0.000197667523225934,0.000197667523225934,0.000197667523225934,0.000197667523225934,0.000197667523225934,0.000197667523225934,0.000197667523225934,0.000197667523225934,0.000197667523225934,0.000197667523225934,0.000197667523225934,0.000197667523225934,0.000197667523225934,0.000197667523225934,0.000197667523225934,0.000197667523225934,0.000197667523225934,0.000197667523225934,0.000197667523225934,0.000197667523225934,0.000197667523225934,0.000197667523225934,0.000197667523225934,0.000197667523225934,0.000197667523225934,0.000197667523225934,0.000197667523225934
0.000197667523225934,0.000197667523225934,0.000197667523225934,0.000197667523225934,0.000197667523225934,0.000197667523225934,0.000197667523225934,0.000197667523225934,0.000197667523225934,0.000197667523225934,0.000197667523225934,0.000197667523225934,0.000197667523225934,0.000197667523225934,0.000197667523225934,0.000197667523225934,0.000197667523225934,0.000197667523225934,0.000197667523225934,0.000197667523225934,0.000197667523225934,0.000197667523225934,0.000197667523225934,0.000197667523225934,0.000197667523225934,0.000197667523225934,0.000197667523225934,0.000197667523225934,0.000197667523225934,0.000197667523225934,0.000197667523225934,0.000197667523225934,0.000197667523225934,0.000197667523225934,0.000197667523225934,0.000197667523225934,0.000197667523225934,0.000197667523225934,0.000197667523225934,0.000197667523225934,0.000197667523225934,0.000197667523225934,0.000197667523225934,0.000197667523225934,0.000197667523225934,0.000197667523225934,0.000197667523225934,0.000197667523225934,0.000197667523225934,0.000197667523225934,0.000197667523225934,0.000197667523225934,0.000197667523225934,0.000197667523225934,0.000197667523225934,0.000197667523225934,0.000197667523225934,0.000197667523225934,0.000197667523225934,0.000197667523225934,0.000197667523225934,0.000197667523225934,0.000197667523225934,0.000197667523225934,0.000197667523225934,0.000197667523225934,0.000197667523225934,0.000197667523225934,0.000197667523225934,0.000197667523225934,0.000197667523225934,0.000197667523225934,0.000197667523225934,0.000197667523225934,0.000197667523225934,0.000197667523225934,0.000197667523225934,0.000197667523225934,0.000197667523225934,0.000197667523225934,0.000197667523225934,0.000197667523225934,0.000197667523225934,0.000197667523225934,0.000197667523225934,0.000197667523225934,0.000197667523225934,0.000197667523225934,0.000197667523225934,0.000197667523225934,0.000197667523225934,0.000197667523225934,0.000197667523225934,0.000197667523225934,0.000197667523225934,0.000197667523225934,0.000197667523225934,0.000197667523225934,0.000197667523225934,0.000197667523225934
0.000197667523225934,0.000197667523225934,0.000197667523225934,0.000197667523225934,0.000197667523225934,0.000197667523225934,0.000197667523225934,0.000197667523225934,0.000197667523225934,0.000197667523225934,0.000197667523225934,0.000197667523225934,0.000197667523225934,0.000197667523225934,0.000197667523225934,0.000197667523225934,0.000197667523225934,0.000197667523225934,0.000197667523225934,0.000197667523225934,0.000197667523225934,0.000197667523225934,0.000197667523225934,0.000197667523225934,0.000197667523225934,0.000197667523225934,0.000197667523225934,0.000197667523225934,0.000197667523225934,0.000197667523225934,0.000197667523225934,0.000197667523225934,0.000197667523225934,0.000197667523225934,0.000197667523225934,0.000197667523225934,0.000197667523225934,0.000197667523225934,0.000197667523225934,0.000197667523225934,0.000197667523225934,0.000197667523225934,0.000197667523225934,0.000197667523225934,0.000197667523225934,0.000197667523225934,0.000197667523225934,0.000197667523225934,0.000197667523225934,0.000197667523225934,0.000197667523225934,0.000197667523225934,0.000197667523225934,0.000197667523225934,0.000197667523225934,0.000197667523225934,0.000197667523225934,0.000197667523225934,0.000197667523225934,0.000197667523225934,0.000197667523225934,0.000197667523225934,0.000197667523225934,0.000197667523225934,0.000197667523225934,0.000197667523225934,0.000197667523225934,0.000197667523225934,0.000197667523225934,0.000197667523225934,0.000197667523225934,0.000197667523225934,0.000197667523225934,0.000197667523225934,0.000197667523225934,0.000197667523225934,0.000197667523225934,0.000197667523225934,0.000197667523225934,0.000197667523225934,0.000197667523225934,0.000197667523225934,0.000197667523225934,0.000197667523225934,0.000197667523225934,0.000197667523225934,0.000197667523225934,0.000197667523225934,0.000197667523225934,0.000197667523225934,0.000197667523225934,0.000197667523225934,0.000197667523225934,0.000197667523225934,0.000197667523225934,0.000197667523225934,0.000197667523225934,0.000197667523225934,0.000197667523225934,0.000197667523225934
0.000197667523225934,0.000197667523225934,0.000197667523225934,0.000197667523225934,0.000197667523225934,0.000197667523225934,0.000197667523225934,0.000197667523225934,0.000197667523225934,0.000197667523225934,0.000197667523225934,0.000197667523225934,0.000197667523225934,0.000197667523225934,0.000197667523225934,0.000197667523225934,0.000197667523225934,0.000197667523225934,0.000197667523225934,0.000197667523225934,0.000197667523225934,0.000197667523225934,0.000197667523225934,0.000197667523225934,0.000197667523225934,0.000197667523225934,0.000197667523225934,0.000197667523225934,0.000197667523225934,0.000197667523225934,0.000197667523225934,0.000197667523225934,0.000197667523225934,0.000197667523225934,0.000197667523225934,0.000197667523225934,0.000197667523225934,0.000197667523225934,0.000197667523225934,0.000197667523225934,0.000197667523225934,0.000197667523225934,0.000197667523225934,0.000197667523225934,0.000197667523225934,0.000197667523225934,0.000197667523225934,0.000197667523225934,0.000197667523225934,0.000197667523225934,0.000197667523225934,0.000197667523225934,0.000197667523225934,0.000197667523225934,0.000197667523225934,0.000197667523225934,0.000197667523225934,0.000197667523225934,0.000197667523225934,0.000197667523225934,0.000197667523225934,0.000197667523225934,0.000197667523225934,0.000197667523225934,0.000197667523225934,0.000197667523225934,0.000197667523225934,0.000197667523225934,0.000197667523225934,0.000197667523225934,0.000197667523225934,0.000197667523225934,0.000197667523225934,0.000197667523225934,0.000197667523225934,0.000197667523225934,0.000197667523225934,0.000197667523225934,0.000197667523225934,0.000197667523225934,0.000197667523225934,0.000197667523225934,0.000197667523225934,0.000197667523225934,0.000197667523225934,0.000197667523225934,0.000197667523225934,0.000197667523225934,0.000197667523225934,0.000197667523225934,0.000197667523225934,0.000197667523225934,0.000197667523225934,0.000197667523225934,0.000197667523225934,0.000197667523225934,0.000197667523225934,0.000197667523225934,0.000197667523225934,0.000197667523225934
0.000197667523225934,0.000197667523225934,0.000197667523225934,0.000197667523225934,0.000197667523225934,0.000197667523225934,0.000197667523225934,0.000197667523225934,0.000197667523225934,0.000197667523225934,0.000197667523225934,0.000197667523225934,0.000197667523225934,0.000197667523225934,0.000197667523225934,0.000197667523225934,0.000197667523225934,0.000197667523225934,0.000197667523225934,0.000197667523225934,0.000197667523225934,0.000197667523225934,0.000197667523225934,0.000197667523225934,0.000197667523225934,0.000197667523225934,0.000197667523225934,0.000197667523225934,0.000197667523225934,0.000197667523225934,0.000197667523225934,0.000197667523225934,0.000197667523225934,0.000197667523225934,0.000197667523225934,0.000197667523225934,0.000197667523225934,0.000197667523225934,0.000197667523225934,0.000197667523225934,0.000197667523225934,0.000197667523225934,0.000197667523225934,0.000197667523225934,0.000197667523225934,0.000197667523225934,0.000197667523225934,0.000197667523225934,0.000197667523225934,0.000197667523225934,0.000197667523225934,0.000197667523225934,0.000197667523225934,0.000197667523225934,0.000197667523225934,0.000197667523225934,0.000197667523225934,0.000197667523225934,0.000197667523225934,0.000197667523225934,0.000197667523225934,0.000197667523225934,0.000197667523225934,0.000197667523225934,0.000197667523225934,0.000197667523225934,0.000197667523225934,0.000197667523225934,0.000197667523225934,0.000197667523225934,0.000197667523225934,0.000197667523225934,0.000197667523225934,0.000197667523225934,0.000197667523225934,0.000197667523225934,0.000197667523225934,0.000197667523225934,0.000197667523225934,0.000197667523225934,0.000197667523225934,0.000197667523225934,0.000197667523225934,0.000197667523225934,0.000197667523225934,0.000197667523225934,0.000197667523225934,0.000197667523225934,0.000197667523225934,0.000197667523225934,0.000197667523225934,0.000197667523225934,0.000197667523225934,0.000197667523225934,0.000197667523225934,0.000197667523225934,0.000197667523225934,0.000197667523225934,0.000197667523225934,0.000197667523225934
0.000197667523225934,0.000197667523225934,0.000197667523225934,0.000197667523225934,0.000197667523225934,0.000197667523225934,0.000197667523225934,0.000197667523225934,0.000197667523225934,0.000197667523225934,0.000197667523225934,0.000197667523225934,0.000197667523225934,0.000197667523225934,0.000197667523225934,0.000197667523225934,0.000197667523225934,0.000197667523225934,0.000197667523225934,0.000197667523225934,0.000197667523225934,0.000197667523225934,0.000197667523225934,0.000197667523225934,0.000197667523225934,0.000197667523225934,0.000197667523225934,0.000197667523225934,0.000197667523225934,0.000197667523225934,0.000197667523225934,0.000197667523225934,0.000197667523225934,0.000197667523225934,0.000197667523225934,0.000197667523225934,0.000197667523225934,0.000197667523225934,0.000197667523225934,0.000197667523225934,0.000197667523225934,0.000197667523225934,0.000197667523225934,0.000197667523225934,0.000197667523225934,0.000197667523225934,0.000197667523225934,0.000197667523225934,0.000197667523225934,0.000197667523225934,0.000197667523225934,0.000197667523225934,0.000197667523225934,0.000197667523225934,0.000197667523225934,0.000197667523225934,0.000197667523225934,0.000197667523225934,0.000197667523225934,0.000197667523225934,0.000197667523225934,0.000197667523225934,0.000197667523225934,0.000197667523225934,0.000197667523225934,0.000197667523225934,0.000197667523225934,0.000197667523225934,0.000197667523225934,0.000197667523225934,0.000197667523225934,0.000197667523225934,0.000197667523225934,0.000197667523225934,0.000197667523225934,0.000197667523225934,0.000197667523225934,0.000197667523225934,0.000197667523225934,0.000197667523225934,0.000197667523225934,0.000197667523225934,0.000197667523225934,0.000197667523225934,0.000197667523225934,0.000197667523225934,0.000197667523225934,0.000197667523225934,0.000197667523225934,0.000197667523225934,0.000197667523225934,0.000197667523225934,0.000197667523225934,0.000197667523225934,0.000197667523225934,0.000197667523225934,0.000197667523225934,0.000197667523225934,0.000197667523225934,0.000197667523225934
0.000197667523225934,0.000197667523225934,0.000197667523225934,0.000197667523225934,0.000197667523225934,0.000197667523225934,0.000197667523225934,0.000197667523225934,0.000197667523225934,0.000197667523225934,0.000197667523225934,0.000197667523225934,0.000197667523225934,0.000197667523225934,0.000197667523225934,0.000197667523225934,0.000197667523225934,0.000197667523225934,0.000197667523225934,0.000197667523225934,0.000197667523225934,0.000197667523225934,0.000197667523225934,0.000197667523225934,0.000197667523225934,0.000197667523225934,0.000197667523225934,0.000197667523225934,0.000197667523225934,0.000197667523225934,0.000197667523225934,0.000197667523225934,0.000197667523225934,0.000197667523225934,0.000197667523225934,0.000197667523225934,0.000197667523225934,0.000197667523225934,0.000197667523225934,0.000197667523225934,0.000197667523225934,0.000197667523225934,0.000197667523225934,0.000197667523225934,0.000197667523225934,0.000197667523225934,0.000197667523225934,0.000197667523225934,0.000197667523225934,0.000197667523225934,0.000197667523225934,0.000197667523225934,0.000197667523225934,0.000197667523225934,0.000197667523225934,0.000197667523225934,0.000197667523225934,0.000197667523225934,0.000197667523225934,0.000197667523225934,0.000197667523225934,0.000197667523225934,0.000197667523225934,0.000197667523225934,0.000197667523225934,0.000197667523225934,0.000197667523225934,0.000197667523225934,0.000197667523225934,0.000197667523225934,0.000197667523225934,0.000197667523225934,0.000197667523225934,0.000197667523225934,0.000197667523225934,0.000197667523225934,0.000197667523225934,0.000197667523225934,0.000197667523225934,0.000197667523225934,0.000197667523225934,0.000197667523225934,0.000197667523225934,0.000197667523225934,0.000197667523225934,0.000197667523225934,0.000197667523225934,0.000197667523225934,0.000197667523225934,0.000197667523225934,0.000197667523225934,0.000197667523225934,0.000197667523225934,0.000197667523225934,0.000197667523225934,0.000197667523225934,0.000197667523225934,0.000197667523225934,0.000197667523225934,0.000197667523225934
0.000197667523225934,0.000197667523225934,0.000197667523225934,0.000197667523225934,0.000197667523225934,0.000197667523225934,0.000197667523225934,0.000197667523225934,0.000197667523225934,0.000197667523225934,0.000197667523225934,0.000197667523225934,0.000197667523225934,0.000197667523225934,0.000197667523225934,0.000197667523225934,0.000197667523225934,0.000197667523225934,0.000197667523225934,0.000197667523225934,0.000197667523225934,0.000197667523225934,0.000197667523225934,0.000197667523225934,0.000197667523225934,0.000197667523225934,0.000197667523225934,0.000197667523225934,0.000197667523225934,0.000197667523225934,0.000197667523225934,0.000197667523225934,0.000197667523225934,0.000197667523225934,0.000197667523225934,0.000197667523225934,0.000197667523225934,0.000197667523225934,0.000197667523225934,0.000197667523225934,0.000197667523225934,0.000197667523225934,0.000197667523225934,0.000197667523225934,0.000197667523225934,0.000197667523225934,0.000197667523225934,0.000197667523225934,0.000197667523225934,0.000197667523225934,0.000197667523225934,0.000197667523225934,0.000197667523225934,0.000197667523225934,0.000197667523225934,0.000197667523225934,0.000197667523225934,0.000197667523225934,0.000197667523225934,0.000197667523225934,0.000197667523225934,0.000197667523225934,0.000197667523225934,0.000197667523225934,0.000197667523225934,0.000197667523225934,0.000197667523225934,0.000197667523225934,0.000197667523225934,0.000197667523225934,0.000197667523225934,0.000197667523225934,0.000197667523225934,0.000197667523225934,0.000197667523225934,0.000197667523225934,0.000197667523225934,0.000197667523225934,0.000197667523225934,0.000197667523225934,0.000197667523225934,0.000197667523225934,0.000197667523225934,0.000197667523225934,0.000197667523225934,0.000197667523225934,0.000197667523225934,0.000197667523225934,0.000197667523225934,0.000197667523225934,0.000197667523225934,0.000197667523225934,0.000197667523225934,0.000197667523225934,0.000197667523225934,0.000197667523225934,0.000197667523225934,0.000197667523225934,0.000197667523225934,0.000197667523225934
0.000197667523225934,0.000197667523225934,0.000197667523225934,0.000197667523225934,0.000197667523225934,0.000197667523225934,0.000197667523225934,0.000197667523225934,0.000197667523225934,0.000197667523225934,0.000197667523225934,0.000197667523225934,0.000197667523225934,0.000197667523225934,0.000197667523225934,0.000197667523225934,0.000197667523225934,0.000197667523225934,0.000197667523225934,0.000197667523225934,0.000197667523225934,0.000197667523225934,0.000197667523225934,0.000197667523225934,0.000197667523225934,0.000197667523225934,0.000197667523225934,0.000197667523225934,0.000197667523225934,0.000197667523225934,0.000197667523225934,0.000197667523225934,0.000197667523225934,0.000197667523225934,0.000197667523225934,0.000197667523225934,0.000197667523225934,0.000197667523225934,0.000197667523225934,0.000197667523225934,0.000197667523225934,0.000197667523225934,0.000197667523225934,0.000197667523225934,0.000197667523225934,0.000197667523225934,0.000197667523225934,0.000197667523225934,0.000197667523225934,0.000197667523225934,0.000197667523225934,0.000197667523225934,0.000197667523225934,0.000197667523225934,0.000197667523225934,0.000197667523225934,0.000197667523225934,0.000197667523225934,0.000197667523225934,0.000197667523225934,0.000197667523225934,0.000197667523225934,0.000197667523225934,0.000197667523225934,0.000197667523225934,0.000197667523225934,0.000197667523225934,0.000197667523225934,0.000197667523225934,0.000197667523225934,0.000197667523225934,0.000197667523225934,0.000197667523225934,0.000197667523225934,0.000197667523225934,0.000197667523225934,0.000197667523225934,0.000197667523225934,0.000197667523225934,0.000197667523225934,0.000197667523225934,0.000197667523225934,0.000197667523225934,0.000197667523225934,0.000197667523225934,0.000197667523225934,0.000197667523225934,0.000197667523225934,0.000197667523225934,0.000197667523225934,0.000197667523225934,0.000197667523225934,0.000197667523225934,0.000197667523225934,0.000197667523225934,0.000197667523225934,0.000197667523225934,0.000197667523225934,0.000197667523225934,0.000197667523225934
0.000197667523225934,0.000197667523225934,0.000197667523225934,0.000197667523225934,0.000197667523225934,0.000197667523225934,0.000197667523225934,0.000197667523225934,0.000197667523225934,0.000197667523225934,0.000197667523225934,0.000197667523225934,0.000197667523225934,0.000197667523225934,0.000197667523225934,0.000197667523225934,0.000197667523225934,0.000197667523225934,0.000197667523225934,0.000197667523225934,0.000197667523225934,0.000197667523225934,0.000197667523225934,0.000197667523225934,0.000197667523225934,0.000197667523225934,0.000197667523225934,0.000197667523225934,0.000197667523225934,0.000197667523225934,0.000197667523225934,0.000197667523225934,0.000197667523225934,0.000197667523225934,0.000197667523225934,0.000197667523225934,0.000197667523225934,0.000197667523225934,0.000197667523225934,0.000197667523225934,0.000197667523225934,0.000197667523225934,0.000197667523225934,0.000197667523225934,0.000197667523225934,0.000197667523225934,0.000197667523225934,0.000197667523225934,0.000197667523225934,0.000197667523225934,0.000197667523225934,0.000197667523225934,0.000197667523225934,0.000197667523225934,0.000197667523225934,0.000197667523225934,0.000197667523225934,0.000197667523225934,0.000197667523225934,0.000197667523225934,0.000197667523225934,0.000197667523225934,0.000197667523225934,0.000197667523225934,0.000197667523225934,0.000197667523225934,0.000197667523225934,0.000197667523225934,0.000197667523225934,0.000197667523225934,0.000197667523225934,0.000197667523225934,0.000197667523225934,0.000197667523225934,0.000197667523225934,0.000197667523225934,0.000197667523225934,0.000197667523225934,0.000197667523225934,0.000197667523225934,0.000197667523225934,0.000197667523225934,0.000197667523225934,0.000197667523225934,0.000197667523225934,0.000197667523225934,0.000197667523225934,0.000197667523225934,0.000197667523225934,0.000197667523225934,0.000197667523225934,0.000197667523225934,0.000197667523225934,0.000197667523225934,0.000197667523225934,0.000197667523225934,0.000197667523225934,0.000197667523225934,0.000197667523225934,0.000197667523225934
0.000197667523225934,0.000197667523225934,0.000197667523225934,0.000197667523225934,0.000197667523225934,0.000197667523225934,0.000197667523225934,0.000197667523225934,0.000197667523225934,0.000197667523225934,0.000197667523225934,0.000197667523225934,0.000197667523225934,0.000197667523225934,0.000197667523225934,0.000197667523225934,0.000197667523225934,0.000197667523225934,0.000197667523225934,0.000197667523225934,0.000197667523225934,0.000197667523225934,0.000197667523225934,0.000197667523225934,0.000197667523225934,0.000197667523225934,0.000197667523225934,0.000197667523225934,0.000197667523225934,0.000197667523225934,0.000197667523225934,0.000197667523225934,0.000197667523225934,0.000197667523225934,0.000197667523225934,0.000197667523225934,0.000197667523225934,0.000197667523225934,0.000197667523225934,0.000197667523225934,0.000197667523225934,0.000197667523225934,0.000197667523225934,0.000197667523225934,0.000197667523225934,0.000197667523225934,0.000197667523225934,0.000197667523225934,0.000197667523225934,0.000197667523225934,0.000197667523225934,0.000197667523225934,0.000197667523225934,0.000197667523225934,0.000197667523225934,0.000197667523225934,0.000197667523225934,0.000197667523225934,0.000197667523225934,0.000197667523225934,0.000197667523225934,0.000197667523225934,0.000197667523225934,0.000197667523225934,0.000197667523225934,0.000197667523225934,0.000197667523225934,0.000197667523225934,0.000197667523225934,0.000197667523225934,0.000197667523225934,0.000197667523225934,0.000197667523225934,0.000197667523225934,0.000197667523225934,0.000197667523225934,0.000197667523225934,0.000197667523225934,0.000197667523225934,0.000197667523225934,0.000197667523225934,0.000197667523225934,0.000197667523225934,0.000197667523225934,0.000197667523225934,0.000197667523225934,0.000197667523225934,0.000197667523225934,0.000197667523225934,0.000197667523225934,0.000197667523225934,0.000197667523225934,0.000197667523225934,0.000197667523225934,0.000197667523225934,0.000197667523225934,0.000197667523225934,0.000197667523225934,0.000197667523225934,0.000197667523225934
0.000197667523225934,0.000197667523225934,0.000197667523225934,0.000197667523225934,0.000197667523225934,0.000197667523225934,0.000197667523225934,0.000197667523225934,0.000197667523225934,0.000197667523225934,0.000197667523225934,0.000197667523225934,0.000197667523225934,0.000197667523225934,0.000197667523225934,0.000197667523225934,0.000197667523225934,0.000197667523225934,0.000197667523225934,0.000197667523225934,0.000197667523225934,0.000197667523225934,0.000197667523225934,0.000197667523225934,0.000197667523225934,0.000197667523225934,0.000197667523225934,0.000197667523225934,0.000197667523225934,0.000197667523225934,0.000197667523225934,0.000197667523225934,0.000197667523225934,0.000197667523225934,0.000197667523225934,0.000197667523225934,0.000197667523225934,0.000197667523225934,0.000197667523225934,0.000197667523225934,0.000197667523225934,0.000197667523225934,0.000197667523225934,0.000197667523225934,0.000197667523225934,0.000197667523225934,0.000197667523225934,0.000197667523225934,0.000197667523225934,0.000197667523225934,0.000197667523225934,0.000197667523225934,0.000197667523225934,0.000197667523225934,0.000197667523225934,0.000197667523225934,0.000197667523225934,0.000197667523225934,0.000197667523225934,0.000197667523225934,0.000197667523225934,0.000197667523225934,0.000197667523225934,0.000197667523225934,0.000197667523225934,0.000197667523225934,0.000197667523225934,0.000197667523225934,0.000197667523225934,0.000197667523225934,0.000197667523225934,0.000197667523225934,0.000197667523225934,0.000197667523225934,0.000197667523225934,0.000197667523225934,0.000197667523225934,0.000197667523225934,0.000197667523225934,0.000197667523225934,0.000197667523225934,0.000197667523225934,0.000197667523225934,0.000197667523225934,0.000197667523225934,0.000197667523225934,0.000197667523225934,0.000197667523225934,0.000197667523225934,0.000197667523225934,0.000197667523225934,0.000197667523225934,0.000197667523225934,0.000197667523225934,0.000197667523225934,0.000197667523225934,0.000197667523225934,0.000197667523225934,0.000197667523225934,0.000197667523225934
0.000197667523225934,0.000197667523225934,0.000197667523225934,0.000197667523225934,0.000197667523225934,0.000197667523225934,0.000197667523225934,0.000197667523225934,0.000197667523225934,0.000197667523225934,0.000197667523225934,0.000197667523225934,0.000197667523225934,0.000197667523225934,0.000197667523225934,0.000197667523225934,0.000197667523225934,0.000197667523225934,0.000197667523225934,0.000197667523225934,0.000197667523225934,0.000197667523225934,0.000197667523225934,0.000197667523225934,0.000197667523225934,0.000197667523225934,0.000197667523225934,0.000197667523225934,0.000197667523225934,0.000197667523225934,0.000197667523225934,0.000197667523225934,0.000197667523225934,0.000197667523225934,0.000197667523225934,0.000197667523225934,0.000197667523225934,0.000197667523225934,0.000197667523225934,0.000197667523225934,0.000197667523225934,0.000197667523225934,0.000197667523225934,0.000197667523225934,0.000197667523225934,0.000197667523225934,0.000197667523225934,0.000197667523225934,0.000197667523225934,0.000197667523225934,0.000197667523225934,0.000197667523225934,0.000197667523225934,0.000197667523225934,0.000197667523225934,0.000197667523225934,0.000197667523225934,0.000197667523225934,0.000197667523225934,0.000197667523225934,0.000197667523225934,0.000197667523225934,0.000197667523225934,0.000197667523225934,0.000197667523225934,0.000197667523225934,0.000197667523225934,0.000197667523225934,0.000197667523225934,0.000197667523225934,0.000197667523225934,0.000197667523225934,0.000197667523225934,0.000197667523225934,0.000197667523225934,0.000197667523225934,0.000197667523225934,0.000197667523225934,0.000197667523225934,0.000197667523225934,0.000197667523225934,0.000197667523225934,0.000197667523225934,0.000197667523225934,0.000197667523225934,0.000197667523225934,0.000197667523225934,0.000197667523225934,0.000197667523225934,0.000197667523225934,0.000197667523225934,0.000197667523225934,0.000197667523225934,0.000197667523225934,0.000197667523225934,0.000197667523225934,0.000197667523225934,0.000197667523225934,0.000197667523225934,0.000197667523225934
0.000197667523225934,0.000197667523225934,0.000197667523225934,0.000197667523225934,0.000197667523225934,0.000197667523225934,0.000197667523225934,0.000197667523225934,0.000197667523225934,0.000197667523225934,0.000197667523225934,0.000197667523225934,0.000197667523225934,0.000197667523225934,0.000197667523225934,0.000197667523225934,0.000197667523225934,0.000197667523225934,0.000197667523225934,0.000197667523225934,0.000197667523225934,0.000197667523225934,0.000197667523225934,0.000197667523225934,0.000197667523225934,0.000197667523225934,0.000197667523225934,0.000197667523225934,0.000197667523225934,0.000197667523225934,0.000197667523225934,0.000197667523225934,0.000197667523225934,0.000197667523225934,0.000197667523225934,0.000197667523225934,0.000197667523225934,0.000197667523225934,0.000197667523225934,0.000197667523225934,0.000197667523225934,0.000197667523225934,0.000197667523225934,0.000197667523225934,0.000197667523225934,0.000197667523225934,0.000197667523225934,0.000197667523225934,0.000197667523225934,0.000197667523225934,0.000197667523225934,0.000197667523225934,0.000197667523225934,0.000197667523225934,0.000197667523225934,0.000197667523225934,0.000197667523225934,0.000197667523225934,0.000197667523225934,0.000197667523225934,0.000197667523225934,0.000197667523225934,0.000197667523225934,0.000197667523225934,0.000197667523225934,0.000197667523225934,0.000197667523225934,0.000197667523225934,0.000197667523225934,0.000197667523225934,0.000197667523225934,0.000197667523225934,0.000197667523225934,0.000197667523225934,0.000197667523225934,0.000197667523225934,0.000197667523225934,0.000197667523225934,0.000197667523225934,0.000197667523225934,0.000197667523225934,0.000197667523225934,0.000197667523225934,0.000197667523225934,0.000197667523225934,0.000197667523225934,0.000197667523225934,0.000197667523225934,0.000197667523225934,0.000197667523225934,0.000197667523225934,0.000197667523225934,0.000197667523225934,0.000197667523225934,0.000197667523225934,0.000197667523225934,0.000197667523225934,0.000197667523225934,0.000197667523225934,0.000197667523225934
0.000197667523225934,0.000197667523225934,0.000197667523225934,0.000197667523225934,0.000197667523225934,0.000197667523225934,0.000197667523225934,0.000197667523225934,0.000197667523225934,0.000197667523225934,0.000197667523225934,0.000197667523225934,0.000197667523225934,0.000197667523225934,0.000197667523225934,0.000197667523225934,0.000197667523225934,0.000197667523225934,0.000197667523225934,0.000197667523225934,0.000197667523225934,0.000197667523225934,0.000197667523225934,0.000197667523225934,0.000197667523225934,0.000197667523225934,0.000197667523225934,0.000197667523225934,0.000197667523225934,0.000197667523225934,0.000197667523225934,0.000197667523225934,0.000197667523225934,0.000197667523225934,0.000197667523225934,0.000197667523225934,0.000197667523225934,0.000197667523225934,0.000197667523225934,0.000197667523225934,0.000197667523225934,0.000197667523225934,0.000197667523225934,0.000197667523225934,0.000197667523225934,0.000197667523225934,0.000197667523225934,0.000197667523225934,0.000197667523225934,0.000197667523225934,0.000197667523225934,0.000197667523225934,0.000197667523225934,0.000197667523225934,0.000197667523225934,0.000197667523225934,0.000197667523225934,0.000197667523225934,0.000197667523225934,0.000197667523225934,0.000197667523225934,0.000197667523225934,0.000197667523225934,0.000197667523225934,0.000197667523225934,0.000197667523225934,0.000197667523225934,0.000197667523225934,0.000197667523225934,0.000197667523225934,0.000197667523225934,0.000197667523225934,0.000197667523225934,0.000197667523225934,0.000197667523225934,0.000197667523225934,0.000197667523225934,0.000197667523225934,0.000197667523225934,0.000197667523225934,0.000197667523225934,0.000197667523225934,0.000197667523225934,0.000197667523225934,0.000197667523225934,0.000197667523225934,0.000197667523225934,0.000197667523225934,0.000197667523225934,0.000197667523225934,0.000197667523225934,0.000197667523225934,0.000197667523225934,0.000197667523225934,0.000197667523225934,0.000197667523225934,0.000197667523225934,0.000197667523225934,0.000197667523225934,0.000197667523225934
0.000197667523225934,0.000197667523225934,0.000197667523225934,0.000197667523225934,0.000197667523225934,0.000197667523225934,0.000197667523225934,0.000197667523225934,0.000197667523225934,0.000197667523225934,0.000197667523225934,0.000197667523225934,0.000197667523225934,0.000197667523225934,0.000197667523225934,0.000197667523225934,0.000197667523225934,0.000197667523225934,0.000197667523225934,0.000197667523225934,0.000197667523225934,0.000197667523225934,0.000197667523225934,0.000197667523225934,0.000197667523225934,0.000197667523225934,0.000197667523225934,0.000197667523225934,0.000197667523225934,0.000197667523225934,0.000197667523225934,0.000197667523225934,0.000197667523225934,0.000197667523225934,0.000197667523225934,0.000197667523225934,0.000197667523225934,0.000197667523225934,0.000197667523225934,0.000197667523225934,0.000197667523225934,0.000197667523225934,0.000197667523225934,0.000197667523225934,0.000197667523225934,0.000197667523225934,0.000197667523225934,0.000197667523225934,0.000197667523225934,0.000197667523225934,0.000197667523225934,0.000197667523225934,0.000197667523225934,0.000197667523225934,0.000197667523225934,0.000197667523225934,0.000197667523225934,0.000197667523225934,0.000197667523225934,0.000197667523225934,0.000197667523225934,0.000197667523225934,0.000197667523225934,0.000197667523225934,0.000197667523225934,0.000197667523225934,0.000197667523225934,0.000197667523225934,0.000197667523225934,0.000197667523225934,0.000197667523225934,0.000197667523225934,0.000197667523225934,0.000197667523225934,0.000197667523225934,0.000197667523225934,0.000197667523225934,0.000197667523225934,0.000197667523225934,0.000197667523225934,0.000197667523225934,0.000197667523225934,0.000197667523225934,0.000197667523225934,0.000197667523225934,0.000197667523225934,0.000197667523225934,0.000197667523225934,0.000197667523225934,0.000197667523225934,0.000197667523225934,0.000197667523225934,0.000197667523225934,0.000197667523225934,0.000197667523225934,0.000197667523225934,0.000197667523225934,0.000197667523225934,0.000197667523225934,0.000197667523225934
0.000197667523225934,0.000197667523225934,0.000197667523225934,0.000197667523225934,0.000197667523225934,0.000197667523225934,0.000197667523225934,0.000197667523225934,0.000197667523225934,0.000197667523225934,0.000197667523225934,0.000197667523225934,0.000197667523225934,0.000197667523225934,0.000197667523225934,0.000197667523225934,0.000197667523225934,0.000197667523225934,0.000197667523225934,0.000197667523225934,0.000197667523225934,0.000197667523225934,0.000197667523225934,0.000197667523225934,0.000197667523225934,0.000197667523225934,0.000197667523225934,0.000197667523225934,0.000197667523225934,0.000197667523225934,0.000197667523225934,0.000197667523225934,0.000197667523225934,0.000197667523225934,0.000197667523225934,0.000197667523225934,0.000197667523225934,0.000197667523225934,0.000197667523225934,0.000197667523225934,0.000197667523225934,0.000197667523225934,0.000197667523225934,0.000197667523225934,0.000197667523225934,0.000197667523225934,0.000197667523225934,0.000197667523225934,0.000197667523225934,0.000197667523225934,0.000197667523225934,0.000197667523225934,0.000197667523225934,0.000197667523225934,0.000197667523225934,0.000197667523225934,0.000197667523225934,0.000197667523225934,0.000197667523225934,0.000197667523225934,0.000197667523225934,0.000197667523225934,0.000197667523225934,0.000197667523225934,0.000197667523225934,0.000197667523225934,0.000197667523225934,0.000197667523225934,0.000197667523225934,0.000197667523225934,0.000197667523225934,0.000197667523225934,0.000197667523225934,0.000197667523225934,0.000197667523225934,0.000197667523225934,0.000197667523225934,0.000197667523225934,0.000197667523225934,0.000197667523225934,0.000197667523225934,0.000197667523225934,0.000197667523225934,0.000197667523225934,0.000197667523225934,0.000197667523225934,0.000197667523225934,0.000197667523225934,0.000197667523225934,0.000197667523225934,0.000197667523225934,0.000197667523225934,0.000197667523225934,0.000197667523225934,0.000197667523225934,0.000197667523225934,0.000197667523225934,0.000197667523225934,0.000197667523225934,0.000197667523225934
0.000197667523225934,0.000197667523225934,0.000197667523225934,0.000197667523225934,0.000197667523225934,0.000197667523225934,0.000197667523225934,0.000197667523225934,0.000197667523225934,0.000197667523225934,0.000197667523225934,0.000197667523225934,0.000197667523225934,0.000197667523225934,0.000197667523225934,0.000197667523225934,0.000197667523225934,0.000197667523225934,0.000197667523225934,0.000197667523225934,0.000197667523225934,0.000197667523225934,0.000197667523225934,0.000197667523225934,0.000197667523225934,0.000197667523225934,0.000197667523225934,0.000197667523225934,0.000197667523225934,0.000197667523225934,0.000197667523225934,0.000197667523225934,0.000197667523225934,0.000197667523225934,0.000197667523225934,0.000197667523225934,0.000197667523225934,0.000197667523225934,0.000197667523225934,0.000197667523225934,0.000197667523225934,0.000197667523225934,0.000197667523225934,0.000197667523225934,0.000197667523225934,0.000197667523225934,0.000197667523225934,0.000197667523225934,0.000197667523225934,0.000197667523225934,0.000197667523225934,0.000197667523225934,0.000197667523225934,0.000197667523225934,0.000197667523225934,0.000197667523225934,0.000197667523225934,0.000197667523225934,0.000197667523225934,0.000197667523225934,0.000197667523225934,0.000197667523225934,0.000197667523225934,0.000197667523225934,0.000197667523225934,0.000197667523225934,0.000197667523225934,0.000197667523225934,0.000197667523225934,0.000197667523225934,0.000197667523225934,0.000197667523225934,0.000197667523225934,0.000197667523225934,0.000197667523225934,0.000197667523225934,0.000197667523225934,0.000197667523225934,0.000197667523225934,0.000197667523225934,0.000197667523225934,0.000197667523225934,0.000197667523225934,0.000197667523225934,0.000197667523225934,0.000197667523225934,0.000197667523225934,0.000197667523225934,0.000197667523225934,0.000197667523225934,0.000197667523225934,0.000197667523225934,0.000197667523225934,0.000197667523225934,0.000197667523225934,0.000197667523225934,0.000197667523225934,0.000197667523225934,0.000197667523225934,0.000197667523225934
0.000197667523225934,0.000197667523225934,0.000197667523225934,0.000197667523225934,0.000197667523225934,0.000197667523225934,0.000197667523225934,0.000197667523225934,0.000197667523225934,0.000197667523225934,0.000197667523225934,0.000197667523225934,0.000197667523225934,0.000197667523225934,0.000197667523225934,0.000197667523225934,0.000197667523225934,0.000197667523225934,0.000197667523225934,0.000197667523225934,0.000197667523225934,0.000197667523225934,0.000197667523225934,0.000197667523225934,0.000197667523225934,0.000197667523225934,0.000197667523225934,0.000197667523225934,0.000197667523225934,0.000197667523225934,0.000197667523225934,0.000197667523225934,0.000197667523225934,0.000197667523225934,0.000197667523225934,0.000197667523225934,0.000197667523225934,0.000197667523225934,0.000197667523225934,0.000197667523225934,0.000197667523225934,0.000197667523225934,0.000197667523225934,0.000197667523225934,0.000197667523225934,0.000197667523225934,0.000197667523225934,0.000197667523225934,0.000197667523225934,0.000197667523225934,0.000197667523225934,0.000197667523225934,0.000197667523225934,0.000197667523225934,0.000197667523225934,0.000197667523225934,0.000197667523225934,0.000197667523225934,0.000197667523225934,0.000197667523225934,0.000197667523225934,0.000197667523225934,0.000197667523225934,0.000197667523225934,0.000197667523225934,0.000197667523225934,0.000197667523225934,0.000197667523225934,0.000197667523225934,0.000197667523225934,0.000197667523225934,0.000197667523225934,0.000197667523225934,0.000197667523225934,0.000197667523225934,0.000197667523225934,0.000197667523225934,0.000197667523225934,0.000197667523225934,0.000197667523225934,0.000197667523225934,0.000197667523225934,0.000197667523225934,0.000197667523225934,0.000197667523225934,0.000197667523225934,0.000197667523225934,0.000197667523225934,0.000197667523225934,0.000197667523225934,0.000197667523225934,0.000197667523225934,0.000197667523225934,0.000197667523225934,0.000197667523225934,0.000197667523225934,0.000197667523225934,0.000197667523225934,0.000197667523225934,0.000197667523225934
0.000197667523225934,0.000197667523225934,0.000197667523225934,0.000197667523225934,0.000197667523225934,0.000197667523225934,0.000197667523225934,0.000197667523225934,0.000197667523225934,0.000197667523225934,0.000197667523225934,0.000197667523225934,0.000197667523225934,0.000197667523225934,0.000197667523225934,0.000197667523225934,0.000197667523225934,0.000197667523225934,0.000197667523225934,0.000197667523225934,0.000197667523225934,0.000197667523225934,0.000197667523225934,0.000197667523225934,0.000197667523225934,0.000197667523225934,0.000197667523225934,0.000197667523225934,0.000197667523225934,0.000197667523225934,0.000197667523225934,0.000197667523225934,0.000197667523225934,0.000197667523225934,0.000197667523225934,0.000197667523225934,0.000197667523225934,0.000197667523225934,0.000197667523225934,0.000197667523225934,0.000197667523225934,0.000197667523225934,0.000197667523225934,0.000197667523225934,0.000197667523225934,0.000197667523225934,0.000197667523225934,0.000197667523225934,0.000197667523225934,0.000197667523225934,0.000197667523225934,0.000197667523225934,0.000197667523225934,0.000197667523225934,0.000197667523225934,0.000197667523225934,0.000197667523225934,0.000197667523225934,0.000197667523225934,0.000197667523225934,0.000197667523225934,0.000197667523225934,0.000197667523225934,0.000197667523225934,0.000197667523225934,0.000197667523225934,0.000197667523225934,0.000197667523225934,0.000197667523225934,0.000197667523225934,0.000197667523225934,0.000197667523225934,0.000197667523225934,0.000197667523225934,0.000197667523225934,0.000197667523225934,0.000197667523225934,0.000197667523225934,0.000197667523225934,0.000197667523225934,0.000197667523225934,0.000197667523225934,0.000197667523225934,0.000197667523225934,0.000197667523225934,0.000197667523225934,0.000197667523225934,0.000197667523225934,0.000197667523225934,0.000197667523225934,0.000197667523225934,0.000197667523225934,0.000197667523225934,0.000197667523225934,0.000197667523225934,0.000197667523225934,0.000197667523225934,0.000197667523225934,0.000197667523225934,0.000197667523225934
0.000197667523225934,0.000197667523225934,0.000197667523225934,0.000197667523225934,0.000197667523225934,0.000197667523225934,0.000197667523225934,0.000197667523225934,0.000197667523225934,0.000197667523225934,0.000197667523225934,0.000197667523225934,0.000197667523225934,0.000197667523225934,0.000197667523225934,0.000197667523225934,0.000197667523225934,0.000197667523225934,0.000197667523225934,0.000197667523225934,0.000197667523225934,0.000197667523225934,0.000197667523225934,0.000197667523225934,0.000197667523225934,0.000197667523225934,0.000197667523225934,0.000197667523225934,0.000197667523225934,0.000197667523225934,0.000197667523225934,0.000197667523225934,0.000197667523225934,0.000197667523225934,0.000197667523225934,0.000197667523225934,0.000197667523225934,0.000197667523225934,0.000197667523225934,0.000197667523225934,0.000197667523225934,0.000197667523225934,0.000197667523225934,0.000197667523225934,0.000197667523225934,0.000197667523225934,0.000197667523225934,0.000197667523225934,0.000197667523225934,0.000197667523225934,0.000197667523225934,0.000197667523225934,0.000197667523225934,0.000197667523225934,0.000197667523225934,0.000197667523225934,0.000197667523225934,0.000197667523225934,0.000197667523225934,0.000197667523225934,0.000197667523225934,0.000197667523225934,0.000197667523225934,0.000197667523225934,0.000197667523225934,0.000197667523225934,0.000197667523225934,0.000197667523225934,0.000197667523225934,0.000197667523225934,0.000197667523225934,0.000197667523225934,0.000197667523225934,0.000197667523225934,0.000197667523225934,0.000197667523225934,0.000197667523225934,0.000197667523225934,0.000197667523225934,0.000197667523225934,0.000197667523225934,0.000197667523225934,0.000197667523225934,0.000197667523225934,0.000197667523225934,0.000197667523225934,0.000197667523225934,0.000197667523225934,0.000197667523225934,0.000197667523225934,0.000197667523225934,0.000197667523225934,0.000197667523225934,0.000197667523225934,0.000197667523225934,0.000197667523225934,0.000197667523225934,0.000197667523225934,0.000197667523225934,0.000197667523225934
0.000197667523225934,0.000197667523225934,0.000197667523225934,0.000197667523225934,0.000197667523225934,0.000197667523225934,0.000197667523225934,0.000197667523225934,0.000197667523225934,0.000197667523225934,0.000197667523225934,0.000197667523225934,0.000197667523225934,0.000197667523225934,0.000197667523225934,0.000197667523225934,0.000197667523225934,0.000197667523225934,0.000197667523225934,0.000197667523225934,0.000197667523225934,0.000197667523225934,0.000197667523225934,0.000197667523225934,0.000197667523225934,0.000197667523225934,0.000197667523225934,0.000197667523225934,0.000197667523225934,0.000197667523225934,0.000197667523225934,0.000197667523225934,0.000197667523225934,0.000197667523225934,0.000197667523225934,0.000197667523225934,0.000197667523225934,0.000197667523225934,0.000197667523225934,0.000197667523225934,0.000197667523225934,0.000197667523225934,0.000197667523225934,0.000197667523225934,0.000197667523225934,0.000197667523225934,0.000197667523225934,0.000197667523225934,0.000197667523225934,0.000197667523225934,0.000197667523225934,0.000197667523225934,0.000197667523225934,0.000197667523225934,0.000197667523225934,0.000197667523225934,0.000197667523225934,0.000197667523225934,0.000197667523225934,0.000197667523225934,0.000197667523225934,0.000197667523225934,0.000197667523225934,0.000197667523225934,0.000197667523225934,0.000197667523225934,0.000197667523225934,0.000197667523225934,0.000197667523225934,0.000197667523225934,0.000197667523225934,0.000197667523225934,0.000197667523225934,0.000197667523225934,0.000197667523225934,0.000197667523225934,0.000197667523225934,0.000197667523225934,0.000197667523225934,0.000197667523225934,0.000197667523225934,0.000197667523225934,0.000197667523225934,0.000197667523225934,0.000197667523225934,0.000197667523225934,0.000197667523225934,0.000197667523225934,0.000197667523225934,0.000197667523225934,0.000197667523225934,0.000197667523225934,0.000197667523225934,0.000197667523225934,0.000197667523225934,0.000197667523225934,0.000197667523225934,0.000197667523225934,0.000197667523225934,0.000197667523225934
0.000197667523225934,0.000197667523225934,0.000197667523225934,0.000197667523225934,0.000197667523225934,0.000197667523225934,0.000197667523225934,0.000197667523225934,0.000197667523225934,0.000197667523225934,0.000197667523225934,0.000197667523225934,0.000197667523225934,0.000197667523225934,0.000197667523225934,0.000197667523225934,0.000197667523225934,0.000197667523225934,0.000197667523225934,0.000197667523225934,0.000197667523225934,0.000197667523225934,0.000197667523225934,0.000197667523225934,0.000197667523225934,0.000197667523225934,0.000197667523225934,0.000197667523225934,0.000197667523225934,0.000197667523225934,0.000197667523225934,0.000197667523225934,0.000197667523225934,0.000197667523225934,0.000197667523225934,0.000197667523225934,0.000197667523225934,0.000197667523225934,0.000197667523225934,0.000197667523225934,0.000197667523225934,0.000197667523225934,0.000197667523225934,0.000197667523225934,0.000197667523225934,0.000197667523225934,0.000197667523225934,0.000197667523225934,0.000197667523225934,0.000197667523225934,0.000197667523225934,0.000197667523225934,0.000197667523225934,0.000197667523225934,0.000197667523225934,0.000197667523225934,0.000197667523225934,0.000197667523225934,0.000197667523225934,0.000197667523225934,0.000197667523225934,0.000197667523225934,0.000197667523225934,0.000197667523225934,0.000197667523225934,0.000197667523225934,0.000197667523225934,0.000197667523225934,0.000197667523225934,0.000197667523225934,0.000197667523225934,0.000197667523225934,0.000197667523225934,0.000197667523225934,0.000197667523225934,0.000197667523225934,0.000197667523225934,0.000197667523225934,0.000197667523225934,0.000197667523225934,0.000197667523225934,0.000197667523225934,0.000197667523225934,0.000197667523225934,0.000197667523225934,0.000197667523225934,0.000197667523225934,0.000197667523225934,0.000197667523225934,0.000197667523225934,0.000197667523225934,0.000197667523225934,0.000197667523225934,0.000197667523225934,0.000197667523225934,0.000197667523225934,0.000197667523225934,0.000197667523225934,0.000197667523225934,0.000197667523225934
0.000197667523225934,0.000197667523225934,0.000197667523225934,0.000197667523225934,0.000197667523225934,0.000197667523225934,0.000197667523225934,0.000197667523225934,0.000197667523225934,0.000197667523225934,0.000197667523225934,0.000197667523225934,0.000197667523225934,0.000197667523225934,0.000197667523225934,0.000197667523225934,0.000197667523225934,0.000197667523225934,0.000197667523225934,0.000197667523225934,0.000197667523225934,0.000197667523225934,0.000197667523225934,0.000197667523225934,0.000197667523225934,0.000197667523225934,0.000197667523225934,0.000197667523225934,0.000197667523225934,0.000197667523225934,0.000197667523225934,0.000197667523225934,0.000197667523225934,0.000197667523225934,0.000197667523225934,0.000197667523225934,0.000197667523225934,0.000197667523225934,0.000197667523225934,0.000197667523225934,0.000197667523225934,0.000197667523225934,0.000197667523225934,0.000197667523225934,0.000197667523225934,0.000197667523225934,0.000197667523225934,0.000197667523225934,0.000197667523225934,0.000197667523225934,0.000197667523225934,0.000197667523225934,0.000197667523225934,0.000197667523225934,0.000197667523225934,0.000197667523225934,0.000197667523225934,0.000197667523225934,0.000197667523225934,0.000197667523225934,0.000197667523225934,0.000197667523225934,0.000197667523225934,0.000197667523225934,0.000197667523225934,0.000197667523225934,0.000197667523225934,0.000197667523225934,0.000197667523225934,0.000197667523225934,0.000197667523225934,0.000197667523225934,0.000197667523225934,0.000197667523225934,0.000197667523225934,0.000197667523225934,0.000197667523225934,0.000197667523225934,0.000197667523225934,0.000197667523225934,0.000197667523225934,0.000197667523225934,0.000197667523225934,0.000197667523225934,0.000197667523225934,0.000197667523225934,0.000197667523225934,0.000197667523225934,0.000197667523225934,0.000197667523225934,0.000197667523225934,0.000197667523225934,0.000197667523225934,0.000197667523225934,0.000197667523225934,0.000197667523225934,0.000197667523225934,0.000197667523225934,0.000197667523225934,0.000197667523225934
0.000197667523225934,0.000197667523225934,0.000197667523225934,0.000197667523225934,0.000197667523225934,0.000197667523225934,0.000197667523225934,0.000197667523225934,0.000197667523225934,0.000197667523225934,0.000197667523225934,0.000197667523225934,0.000197667523225934,0.000197667523225934,0.000197667523225934,0.000197667523225934,0.000197667523225934,0.000197667523225934,0.000197667523225934,0.000197667523225934,0.000197667523225934,0.000197667523225934,0.000197667523225934,0.000197667523225934,0.000197667523225934,0.000197667523225934,0.000197667523225934,0.000197667523225934,0.000197667523225934,0.000197667523225934,0.000197667523225934,0.000197667523225934,0.000197667523225934,0.000197667523225934,0.000197667523225934,0.000197667523225934,0.000197667523225934,0.000197667523225934,0.000197667523225934,0.000197667523225934,0.000197667523225934,0.000197667523225934,0.000197667523225934,0.000197667523225934,0.000197667523225934,0.000197667523225934,0.000197667523225934,0.000197667523225934,0.000197667523225934,0.000197667523225934,0.000197667523225934,0.000197667523225934,0.000197667523225934,0.000197667523225934,0.000197667523225934,0.000197667523225934,0.000197667523225934,0.000197667523225934,0.000197667523225934,0.000197667523225934,0.000197667523225934,0.000197667523225934,0.000197667523225934,0.000197667523225934,0.000197667523225934,0.000197667523225934,0.000197667523225934,0.000197667523225934,0.000197667523225934,0.000197667523225934,0.000197667523225934,0.000197667523225934,0.000197667523225934,0.000197667523225934,0.000197667523225934,0.000197667523225934,0.000197667523225934,0.000197667523225934,0.000197667523225934,0.000197667523225934,0.000197667523225934,0.000197667523225934,0.000197667523225934,0.000197667523225934,0.000197667523225934,0.000197667523225934,0.000197667523225934,0.000197667523225934,0.000197667523225934,0.000197667523225934,0.000197667523225934,0.000197667523225934,0.000197667523225934,0.000197667523225934,0.000197667523225934,0.000197667523225934,0.000197667523225934,0.000197667523225934,0.000197667523225934,0.000197667523225934
0.000197667523225934,0.000197667523225934,0.000197667523225934,0.000197667523225934,0.000197667523225934,0.000197667523225934,0.000197667523225934,0.000197667523225934,0.000197667523225934,0.000197667523225934,0.000197667523225934,0.000197667523225934,0.000197667523225934,0.000197667523225934,0.000197667523225934,0.000197667523225934,0.000197667523225934,0.000197667523225934,0.000197667523225934,0.000197667523225934,0.000197667523225934,0.000197667523225934,0.000197667523225934,0.000197667523225934,0.000197667523225934,0.000197667523225934,0.000197667523225934,0.000197667523225934,0.000197667523225934,0.000197667523225934,0.000197667523225934,0.000197667523225934,0.000197667523225934,0.000197667523225934,0.000197667523225934,0.000197667523225934,0.000197667523225934,0.000197667523225934,0.000197667523225934,0.000197667523225934,0.000197667523225934,0.000197667523225934,0.000197667523225934,0.000197667523225934,0.000197667523225934,0.000197667523225934,0.000197667523225934,0.000197667523225934,0.000197667523225934,0.000197667523225934,0.000197667523225934,0.000197667523225934,0.000197667523225934,0.000197667523225934,0.000197667523225934,0.000197667523225934,0.000197667523225934,0.000197667523225934,0.000197667523225934,0.000197667523225934,0.000197667523225934,0.000197667523225934,0.000197667523225934,0.000197667523225934,0.000197667523225934,0.000197667523225934,0.000197667523225934,0.000197667523225934,0.000197667523225934,0.000197667523225934,0.000197667523225934,0.000197667523225934,0.000197667523225934,0.000197667523225934,0.000197667523225934,0.000197667523225934,0.000197667523225934,0.000197667523225934,0.000197667523225934,0.000197667523225934,0.000197667523225934,0.000197667523225934,0.000197667523225934,0.000197667523225934,0.000197667523225934,0.000197667523225934,0.000197667523225934,0.000197667523225934,0.000197667523225934,0.000197667523225934,0.000197667523225934,0.000197667523225934,0.000197667523225934,0.000197667523225934,0.000197667523225934,0.000197667523225934,0.000197667523225934,0.000197667523225934,0.000197667523225934,0.000197667523225934
0.000197667523225934,0.000197667523225934,0.000197667523225934,0.000197667523225934,0.000197667523225934,0.000197667523225934,0.000197667523225934,0.000197667523225934,0.000197667523225934,0.000197667523225934,0.000197667523225934,0.000197667523225934,0.000197667523225934,0.000197667523225934,0.000197667523225934,0.000197667523225934,0.000197667523225934,0.000197667523225934,0.000197667523225934,0.000197667523225934,0.000197667523225934,0.000197667523225934,0.000197667523225934,0.000197667523225934,0.000197667523225934,0.000197667523225934,0.000197667523225934,0.000197667523225934,0.000197667523225934,0.000197667523225934,0.000197667523225934,0.000197667523225934,0.000197667523225934,0.000197667523225934,0.000197667523225934,0.000197667523225934,0.000197667523225934,0.000197667523225934,0.000197667523225934,0.000197667523225934,0.000197667523225934,0.000197667523225934,0.000197667523225934,0.000197667523225934,0.000197667523225934,0.000197667523225934,0.000197667523225934,0.000197667523225934,0.000197667523225934,0.000197667523225934,0.000197667523225934,0.000197667523225934,0.000197667523225934,0.000197667523225934,0.000197667523225934,0.000197667523225934,0.000197667523225934,0.000197667523225934,0.000197667523225934,0.000197667523225934,0.000197667523225934,0.000197667523225934,0.000197667523225934,0.000197667523225934,0.000197667523225934,0.000197667523225934,0.000197667523225934,0.000197667523225934,0.000197667523225934,0.000197667523225934,0.000197667523225934,0.000197667523225934,0.000197667523225934,0.000197667523225934,0.000197667523225934,0.000197667523225934,0.000197667523225934,0.000197667523225934,0.000197667523225934,0.000197667523225934,0.000197667523225934,0.000197667523225934,0.000197667523225934,0.000197667523225934,0.000197667523225934,0.000197667523225934,0.000197667523225934,0.000197667523225934,0.000197667523225934,0.000197667523225934,0.000197667523225934,0.000197667523225934,0.000197667523225934,0.000197667523225934,0.000197667523225934,0.000197667523225934,0.000197667523225934,0.000197667523225934,0.000197667523225934,0.000197667523225934
0.000197667523225934,0.000197667523225934,0.000197667523225934,0.000197667523225934,0.000197667523225934,0.000197667523225934,0.000197667523225934,0.000197667523225934,0.000197667523225934,0.000197667523225934,0.000197667523225934,0.000197667523225934,0.000197667523225934,0.000197667523225934,0.000197667523225934,0.000197667523225934,0.000197667523225934,0.000197667523225934,0.000197667523225934,0.000197667523225934,0.000197667523225934,0.000197667523225934,0.000197667523225934,0.000197667523225934,0.000197667523225934,0.000197667523225934,0.000197667523225934,0.000197667523225934,0.000197667523225934,0.000197667523225934,0.000197667523225934,0.000197667523225934,0.000197667523225934,0.000197667523225934,0.000197667523225934,0.000197667523225934,0.000197667523225934,0.000197667523225934,0.000197667523225934,0.000197667523225934,0.000197667523225934,0.000197667523225934,0.000197667523225934,0.000197667523225934,0.000197667523225934,0.000197667523225934,0.000197667523225934,0.000197667523225934,0.000197667523225934,0.000197667523225934,0.000197667523225934,0.000197667523225934,0.000197667523225934,0.000197667523225934,0.000197667523225934,0.000197667523225934,0.000197667523225934,0.000197667523225934,0.000197667523225934,0.000197667523225934,0.000197667523225934,0.000197667523225934,0.000197667523225934,0.000197667523225934,0.000197667523225934,0.000197667523225934,0.000197667523225934,0.000197667523225934,0.000197667523225934,0.000197667523225934,0.000197667523225934,0.000197667523225934,0.000197667523225934,0.000197667523225934,0.000197667523225934,0.000197667523225934,0.000197667523225934,0.000197667523225934,0.000197667523225934,0.000197667523225934,0.000197667523225934,0.000197667523225934,0.000197667523225934,0.000197667523225934,0.000197667523225934,0.000197667523225934,0.000197667523225934,0.000197667523225934,0.000197667523225934,0.000197667523225934,0.000197667523225934,0.000197667523225934,0.000197667523225934,0.000197667523225934,0.000197667523225934,0.000197667523225934,0.000197667523225934,0.000197667523225934,0.000197667523225934,0.000197667523225934
0.000197667523225934,0.000197667523225934,0.000197667523225934,0.000197667523225934,0.000197667523225934,0.000197667523225934,0.000197667523225934,0.000197667523225934,0.000197667523225934,0.000197667523225934,0.000197667523225934,0.000197667523225934,0.000197667523225934,0.000197667523225934,0.000197667523225934,0.000197667523225934,0.000197667523225934,0.000197667523225934,0.000197667523225934,0.000197667523225934,0.000197667523225934,0.000197667523225934,0.000197667523225934,0.000197667523225934,0.000197667523225934,0.000197667523225934,0.000197667523225934,0.000197667523225934,0.000197667523225934,0.000197667523225934,0.000197667523225934,0.000197667523225934,0.000197667523225934,0.000197667523225934,0.000197667523225934,0.000197667523225934,0.000197667523225934,0.000197667523225934,0.000197667523225934,0.000197667523225934,0.000197667523225934,0.000197667523225934,0.000197667523225934,0.000197667523225934,0.000197667523225934,0.000197667523225934,0.000197667523225934,0.000197667523225934,0.000197667523225934,0.000197667523225934,0.000197667523225934,0.000197667523225934,0.000197667523225934,0.000197667523225934,0.000197667523225934,0.000197667523225934,0.000197667523225934,0.000197667523225934,0.000197667523225934,0.000197667523225934,0.000197667523225934,0.000197667523225934,0.000197667523225934,0.000197667523225934,0.000197667523225934,0.000197667523225934,0.000197667523225934,0.000197667523225934,0.000197667523225934,0.000197667523225934,0.000197667523225934,0.000197667523225934,0.000197667523225934,0.000197667523225934,0.000197667523225934,0.000197667523225934,0.000197667523225934,0.000197667523225934,0.000197667523225934,0.000197667523225934,0.000197667523225934,0.000197667523225934,0.000197667523225934,0.000197667523225934,0.000197667523225934,0.000197667523225934,0.000197667523225934,0.000197667523225934,0.000197667523225934,0.000197667523225934,0.000197667523225934,0.000197667523225934,0.000197667523225934,0.000197667523225934,0.000197667523225934,0.000197667523225934,0.000197667523225934,0.000197667523225934,0.000197667523225934,0.000197667523225934
0.000197667523225934,0.000197667523225934,0.000197667523225934,0.000197667523225934,0.000197667523225934,0.000197667523225934,0.000197667523225934,0.000197667523225934,0.000197667523225934,0.000197667523225934,0.000197667523225934,0.000197667523225934,0.000197667523225934,0.000197667523225934,0.000197667523225934,0.000197667523225934,0.000197667523225934,0.000197667523225934,0.000197667523225934,0.000197667523225934,0.000197667523225934,0.000197667523225934,0.000197667523225934,0.000197667523225934,0.000197667523225934,0.000197667523225934,0.000197667523225934,0.000197667523225934,0.000197667523225934,0.000197667523225934,0.000197667523225934,0.000197667523225934,0.000197667523225934,0.000197667523225934,0.000197667523225934,0.000197667523225934,0.000197667523225934,0.000197667523225934,0.000197667523225934,0.000197667523225934,0.000197667523225934,0.000197667523225934,0.000197667523225934,0.000197667523225934,0.000197667523225934,0.000197667523225934,0.000197667523225934,0.000197667523225934,0.000197667523225934,0.000197667523225934,0.000197667523225934,0.000197667523225934,0.000197667523225934,0.000197667523225934,0.000197667523225934,0.000197667523225934,0.000197667523225934,0.000197667523225934,0.000197667523225934,0.000197667523225934,0.000197667523225934,0.000197667523225934,0.000197667523225934,0.000197667523225934,0.000197667523225934,0.000197667523225934,0.000197667523225934,0.000197667523225934,0.000197667523225934,0.000197667523225934,0.000197667523225934,0.000197667523225934,0.000197667523225934,0.000197667523225934,0.000197667523225934,0.000197667523225934,0.000197667523225934,0.000197667523225934,0.000197667523225934,0.000197667523225934,0.000197667523225934,0.000197667523225934,0.000197667523225934,0.000197667523225934,0.000197667523225934,0.000197667523225934,0.000197667523225934,0.000197667523225934,0.000197667523225934,0.000197667523225934,0.000197667523225934,0.000197667523225934,0.000197667523225934,0.000197667523225934,0.000197667523225934,0.000197667523225934,0.000197667523225934,0.000197667523225934,0.000197667523225934,0.000197667523225934
0.000197667523225934,0.000197667523225934,0.000197667523225934,0.000197667523225934,0.000197667523225934,0.000197667523225934,0.000197667523225934,0.000197667523225934,0.000197667523225934,0.000197667523225934,0.000197667523225934,0.000197667523225934,0.000197667523225934,0.000197667523225934,0.000197667523225934,0.000197667523225934,0.000197667523225934,0.000197667523225934,0.000197667523225934,0.000197667523225934,0.000197667523225934,0.000197667523225934,0.000197667523225934,0.000197667523225934,0.000197667523225934,0.000197667523225934,0.000197667523225934,0.000197667523225934,0.000197667523225934,0.000197667523225934,0.000197667523225934,0.000197667523225934,0.000197667523225934,0.000197667523225934,0.000197667523225934,0.000197667523225934,0.000197667523225934,0.000197667523225934,0.000197667523225934,0.000197667523225934,0.000197667523225934,0.000197667523225934,0.000197667523225934,0.000197667523225934,0.000197667523225934,0.000197667523225934,0.000197667523225934,0.000197667523225934,0.000197667523225934,0.000197667523225934,0.000197667523225934,0.000197667523225934,0.000197667523225934,0.000197667523225934,0.000197667523225934,0.000197667523225934,0.000197667523225934,0.000197667523225934,0.000197667523225934,0.000197667523225934,0.000197667523225934,0.000197667523225934,0.000197667523225934,0.000197667523225934,0.000197667523225934,0.000197667523225934,0.000197667523225934,0.000197667523225934,0.000197667523225934,0.000197667523225934,0.000197667523225934,0.000197667523225934,0.000197667523225934,0.000197667523225934,0.000197667523225934,0.000197667523225934,0.000197667523225934,0.000197667523225934,0.000197667523225934,0.000197667523225934,0.000197667523225934,0.000197667523225934,0.000197667523225934,0.000197667523225934,0.000197667523225934,0.000197667523225934,0.000197667523225934,0.000197667523225934,0.000197667523225934,0.000197667523225934,0.000197667523225934,0.000197667523225934,0.000197667523225934,0.000197667523225934,0.000197667523225934,0.000197667523225934,0.000197667523225934,0.000197667523225934,0.000197667523225934,0.000197667523225934
0.000197667523225934,0.000197667523225934,0.000197667523225934,0.000197667523225934,0.000197667523225934,0.000197667523225934,0.000197667523225934,0.000197667523225934,0.000197667523225934,0.000197667523225934,0.000197667523225934,0.000197667523225934,0.000197667523225934,0.000197667523225934,0.000197667523225934,0.000197667523225934,0.000197667523225934,0.000197667523225934,0.000197667523225934,0.000197667523225934,0.000197667523225934,0.000197667523225934,0.000197667523225934,0.000197667523225934,0.000197667523225934,0.000197667523225934,0.000197667523225934,0.000197667523225934,0.000197667523225934,0.000197667523225934,0.000197667523225934,0.000197667523225934,0.000197667523225934,0.000197667523225934,0.000197667523225934,0.000197667523225934,0.000197667523225934,0.000197667523225934,0.000197667523225934,0.000197667523225934,0.000197667523225934,0.000197667523225934,0.000197667523225934,0.000197667523225934,0.000197667523225934,0.000197667523225934,0.000197667523225934,0.000197667523225934,0.000197667523225934,0.000197667523225934,0.000197667523225934,0.000197667523225934,0.000197667523225934,0.000197667523225934,0.000197667523225934,0.000197667523225934,0.000197667523225934,0.000197667523225934,0.000197667523225934,0.000197667523225934,0.000197667523225934,0.000197667523225934,0.000197667523225934,0.000197667523225934,0.000197667523225934,0.000197667523225934,0.000197667523225934,0.000197667523225934,0.000197667523225934,0.000197667523225934,0.000197667523225934,0.000197667523225934,0.000197667523225934,0.000197667523225934,0.000197667523225934,0.000197667523225934,0.000197667523225934,0.000197667523225934,0.000197667523225934,0.000197667523225934,0.000197667523225934,0.000197667523225934,0.000197667523225934,0.000197667523225934,0.000197667523225934,0.000197667523225934,0.000197667523225934,0.000197667523225934,0.000197667523225934,0.000197667523225934,0.000197667523225934,0.000197667523225934,0.000197667523225934,0.000197667523225934,0.000197667523225934,0.000197667523225934,0.000197667523225934,0.000197667523225934,0.000197667523225934,0.000197667523225934
0.000197667523225934,0.000197667523225934,0.000197667523225934,0.000197667523225934,0.000197667523225934,0.000197667523225934,0.000197667523225934,0.000197667523225934,0.000197667523225934,0.000197667523225934,0.000197667523225934,0.000197667523225934,0.000197667523225934,0.000197667523225934,0.000197667523225934,0.000197667523225934,0.000197667523225934,0.000197667523225934,0.000197667523225934,0.000197667523225934,0.000197667523225934,0.000197667523225934,0.000197667523225934,0.000197667523225934,0.000197667523225934,0.000197667523225934,0.000197667523225934,0.000197667523225934,0.000197667523225934,0.000197667523225934,0.000197667523225934,0.000197667523225934,0.000197667523225934,0.000197667523225934,0.000197667523225934,0.000197667523225934,0.000197667523225934,0.000197667523225934,0.000197667523225934,0.000197667523225934,0.000197667523225934,0.000197667523225934,0.000197667523225934,0.000197667523225934,0.000197667523225934,0.000197667523225934,0.000197667523225934,0.000197667523225934,0.000197667523225934,0.000197667523225934,0.000197667523225934,0.000197667523225934,0.000197667523225934,0.000197667523225934,0.000197667523225934,0.000197667523225934,0.000197667523225934,0.000197667523225934,0.000197667523225934,0.000197667523225934,0.000197667523225934,0.000197667523225934,0.000197667523225934,0.000197667523225934,0.000197667523225934,0.000197667523225934,0.000197667523225934,0.000197667523225934,0.000197667523225934,0.000197667523225934,0.000197667523225934,0.000197667523225934,0.000197667523225934,0.000197667523225934,0.000197667523225934,0.000197667523225934,0.000197667523225934,0.000197667523225934,0.000197667523225934,0.000197667523225934,0.000197667523225934,0.000197667523225934,0.000197667523225934,0.000197667523225934,0.000197667523225934,0.000197667523225934,0.000197667523225934,0.000197667523225934,0.000197667523225934,0.000197667523225934,0.000197667523225934,0.000197667523225934,0.000197667523225934,0.000197667523225934,0.000197667523225934,0.000197667523225934,0.000197667523225934,0.000197667523225934,0.000197667523225934,0.000197667523225934
0.000197667523225934,0.000197667523225934,0.000197667523225934,0.000197667523225934,0.000197667523225934,0.000197667523225934,0.000197667523225934,0.000197667523225934,0.000197667523225934,0.000197667523225934,0.000197667523225934,0.000197667523225934,0.000197667523225934,0.000197667523225934,0.000197667523225934,0.000197667523225934,0.000197667523225934,0.000197667523225934,0.000197667523225934,0.000197667523225934,0.000197667523225934,0.000197667523225934,0.000197667523225934,0.000197667523225934,0.000197667523225934,0.000197667523225934,0.000197667523225934,0.000197667523225934,0.000197667523225934,0.000197667523225934,0.000197667523225934,0.000197667523225934,0.000197667523225934,0.000197667523225934,0.000197667523225934,0.000197667523225934,0.000197667523225934,0.000197667523225934,0.000197667523225934,0.000197667523225934,0.000197667523225934,0.000197667523225934,0.000197667523225934,0.000197667523225934,0.000197667523225934,0.000197667523225934,0.000197667523225934,0.000197667523225934,0.000197667523225934,0.000197667523225934,0.000197667523225934,0.000197667523225934,0.000197667523225934,0.000197667523225934,0.000197667523225934,0.000197667523225934,0.000197667523225934,0.000197667523225934,0.000197667523225934,0.000197667523225934,0.000197667523225934,0.000197667523225934,0.000197667523225934,0.000197667523225934,0.000197667523225934,0.000197667523225934,0.000197667523225934,0.000197667523225934,0.000197667523225934,0.000197667523225934,0.000197667523225934,0.000197667523225934,0.000197667523225934,0.000197667523225934,0.000197667523225934,0.000197667523225934,0.000197667523225934,0.000197667523225934,0.000197667523225934,0.000197667523225934,0.000197667523225934,0.000197667523225934,0.000197667523225934,0.000197667523225934,0.000197667523225934,0.000197667523225934,0.000197667523225934,0.000197667523225934,0.000197667523225934,0.000197667523225934,0.000197667523225934,0.000197667523225934,0.000197667523225934,0.000197667523225934,0.000197667523225934,0.000197667523225934,0.000197667523225934,0.000197667523225934,0.000197667523225934,0.000197667523225934
0.000197667523225934,0.000197667523225934,0.000197667523225934,0.000197667523225934,0.000197667523225934,0.000197667523225934,0.000197667523225934,0.000197667523225934,0.000197667523225934,0.000197667523225934,0.000197667523225934,0.000197667523225934,0.000197667523225934,0.000197667523225934,0.000197667523225934,0.000197667523225934,0.000197667523225934,0.000197667523225934,0.000197667523225934,0.000197667523225934,0.000197667523225934,0.000197667523225934,0.000197667523225934,0.000197667523225934,0.000197667523225934,0.000197667523225934,0.000197667523225934,0.000197667523225934,0.000197667523225934,0.000197667523225934,0.000197667523225934,0.000197667523225934,0.000197667523225934,0.000197667523225934,0.000197667523225934,0.000197667523225934,0.000197667523225934,0.000197667523225934,0.000197667523225934,0.000197667523225934,0.000197667523225934,0.000197667523225934,0.000197667523225934,0.000197667523225934,0.000197667523225934,0.000197667523225934,0.000197667523225934,0.000197667523225934,0.000197667523225934,0.000197667523225934,0.000197667523225934,0.000197667523225934,0.000197667523225934,0.000197667523225934,0.000197667523225934,0.000197667523225934,0.000197667523225934,0.000197667523225934,0.000197667523225934,0.000197667523225934,0.000197667523225934,0.000197667523225934,0.000197667523225934,0.000197667523225934,0.000197667523225934,0.000197667523225934,0.000197667523225934,0.000197667523225934,0.000197667523225934,0.000197667523225934,0.000197667523225934,0.000197667523225934,0.000197667523225934,0.000197667523225934,0.000197667523225934,0.000197667523225934,0.000197667523225934,0.000197667523225934,0.000197667523225934,0.000197667523225934,0.000197667523225934,0.000197667523225934,0.000197667523225934,0.000197667523225934,0.000197667523225934,0.000197667523225934,0.000197667523225934,0.000197667523225934,0.000197667523225934,0.000197667523225934,0.000197667523225934,0.000197667523225934,0.000197667523225934,0.000197667523225934,0.000197667523225934,0.000197667523225934,0.000197667523225934,0.000197667523225934,0.000197667523225934,0.000197667523225934
0.000197667523225934,0.000197667523225934,0.000197667523225934,0.000197667523225934,0.000197667523225934,0.000197667523225934,0.000197667523225934,0.000197667523225934,0.000197667523225934,0.000197667523225934,0.000197667523225934,0.000197667523225934,0.000197667523225934,0.000197667523225934,0.000197667523225934,0.000197667523225934,0.000197667523225934,0.000197667523225934,0.000197667523225934,0.000197667523225934,0.000197667523225934,0.000197667523225934,0.000197667523225934,0.000197667523225934,0.000197667523225934,0.000197667523225934,0.000197667523225934,0.000197667523225934,0.000197667523225934,0.000197667523225934,0.000197667523225934,0.000197667523225934,0.000197667523225934,0.000197667523225934,0.000197667523225934,0.000197667523225934,0.000197667523225934,0.000197667523225934,0.000197667523225934,0.000197667523225934,0.000197667523225934,0.000197667523225934,0.000197667523225934,0.000197667523225934,0.000197667523225934,0.000197667523225934,0.000197667523225934,0.000197667523225934,0.000197667523225934,0.000197667523225934,0.000197667523225934,0.000197667523225934,0.000197667523225934,0.000197667523225934,0.000197667523225934,0.000197667523225934,0.000197667523225934,0.000197667523225934,0.000197667523225934,0.000197667523225934,0.000197667523225934,0.000197667523225934,0.000197667523225934,0.000197667523225934,0.000197667523225934,0.000197667523225934,0.000197667523225934,0.000197667523225934,0.000197667523225934,0.000197667523225934,0.000197667523225934,0.000197667523225934,0.000197667523225934,0.000197667523225934,0.000197667523225934,0.000197667523225934,0.000197667523225934,0.000197667523225934,0.000197667523225934,0.000197667523225934,0.000197667523225934,0.000197667523225934,0.000197667523225934,0.000197667523225934,0.000197667523225934,0.000197667523225934,0.000197667523225934,0.000197667523225934,0.000197667523225934,0.000197667523225934,0.000197667523225934,0.000197667523225934,0.000197667523225934,0.000197667523225934,0.000197667523225934,0.000197667523225934,0.000197667523225934,0.000197667523225934,0.000197667523225934,0.000197667523225934
0.000197667523225934,0.000197667523225934,0.000197667523225934,0.000197667523225934,0.000197667523225934,0.000197667523225934,0.000197667523225934,0.000197667523225934,0.000197667523225934,0.000197667523225934,0.000197667523225934,0.000197667523225934,0.000197667523225934,0.000197667523225934,0.000197667523225934,0.000197667523225934,0.000197667523225934,0.000197667523225934,0.000197667523225934,0.000197667523225934,0.000197667523225934,0.000197667523225934,0.000197667523225934,0.000197667523225934,0.000197667523225934,0.000197667523225934,0.000197667523225934,0.000197667523225934,0.000197667523225934,0.000197667523225934,0.000197667523225934,0.000197667523225934,0.000197667523225934,0.000197667523225934,0.000197667523225934,0.000197667523225934,0.000197667523225934,0.000197667523225934,0.000197667523225934,0.000197667523225934,0.000197667523225934,0.000197667523225934,0.000197667523225934,0.000197667523225934,0.000197667523225934,0.000197667523225934,0.000197667523225934,0.000197667523225934,0.000197667523225934,0.000197667523225934,0.000197667523225934,0.000197667523225934,0.000197667523225934,0.000197667523225934,0.000197667523225934,0.000197667523225934,0.000197667523225934,0.000197667523225934,0.000197667523225934,0.000197667523225934,0.000197667523225934,0.000197667523225934,0.000197667523225934,0.000197667523225934,0.000197667523225934,0.000197667523225934,0.000197667523225934,0.000197667523225934,0.000197667523225934,0.000197667523225934,0.000197667523225934,0.000197667523225934,0.000197667523225934,0.000197667523225934,0.000197667523225934,0.000197667523225934,0.000197667523225934,0.000197667523225934,0.000197667523225934,0.000197667523225934,0.000197667523225934,0.000197667523225934,0.000197667523225934,0.000197667523225934,0.000197667523225934,0.000197667523225934,0.000197667523225934,0.000197667523225934,0.000197667523225934,0.000197667523225934,0.000197667523225934,0.000197667523225934,0.000197667523225934,0.000197667523225934,0.000197667523225934,0.000197667523225934,0.000197667523225934,0.000197667523225934,0.000197667523225934,0.000197667523225934
0.000197667523225934,0.000197667523225934,0.000197667523225934,0.000197667523225934,0.000197667523225934,0.000197667523225934,0.000197667523225934,0.000197667523225934,0.000197667523225934,0.000197667523225934,0.000197667523225934,0.000197667523225934,0.000197667523225934,0.000197667523225934,0.000197667523225934,0.000197667523225934,0.000197667523225934,0.000197667523225934,0.000197667523225934,0.000197667523225934,0.000197667523225934,0.000197667523225934,0.000197667523225934,0.000197667523225934,0.000197667523225934,0.000197667523225934,0.000197667523225934,0.000197667523225934,0.000197667523225934,0.000197667523225934,0.000197667523225934,0.000197667523225934,0.000197667523225934,0.000197667523225934,0.000197667523225934,0.000197667523225934,0.000197667523225934,0.000197667523225934,0.000197667523225934,0.000197667523225934,0.000197667523225934,0.000197667523225934,0.000197667523225934,0.000197667523225934,0.000197667523225934,0.000197667523225934,0.000197667523225934,0.000197667523225934,0.000197667523225934,0.000197667523225934,0.000197667523225934,0.000197667523225934,0.000197667523225934,0.000197667523225934,0.000197667523225934,0.000197667523225934,0.000197667523225934,0.000197667523225934,0.000197667523225934,0.000197667523225934,0.000197667523225934,0.000197667523225934,0.000197667523225934,0.000197667523225934,0.000197667523225934,0.000197667523225934,0.000197667523225934,0.000197667523225934,0.000197667523225934,0.000197667523225934,0.000197667523225934,0.000197667523225934,0.000197667523225934,0.000197667523225934,0.000197667523225934,0.000197667523225934,0.000197667523225934,0.000197667523225934,0.000197667523225934,0.000197667523225934,0.000197667523225934,0.000197667523225934,0.000197667523225934,0.000197667523225934,0.000197667523225934,0.000197667523225934,0.000197667523225934,0.000197667523225934,0.000197667523225934,0.000197667523225934,0.000197667523225934,0.000197667523225934,0.000197667523225934,0.000197667523225934,0.000197667523225934,0.000197667523225934,0.000197667523225934,0.000197667523225934,0.000197667523225934,0.000197667523225934
0.000197667523225934,0.000197667523225934,0.000197667523225934,0.000197667523225934,0.000197667523225934,0.000197667523225934,0.000197667523225934,0.000197667523225934,0.000197667523225934,0.000197667523225934,0.000197667523225934,0.000197667523225934,0.000197667523225934,0.000197667523225934,0.000197667523225934,0.000197667523225934,0.000197667523225934,0.000197667523225934,0.000197667523225934,0.000197667523225934,0.000197667523225934,0.000197667523225934,0.000197667523225934,0.000197667523225934,0.000197667523225934,0.000197667523225934,0.000197667523225934,0.000197667523225934,0.000197667523225934,0.000197667523225934,0.000197667523225934,0.000197667523225934,0.000197667523225934,0.000197667523225934,0.000197667523225934,0.000197667523225934,0.000197667523225934,0.000197667523225934,0.000197667523225934,0.000197667523225934,0.000197667523225934,0.000197667523225934,0.000197667523225934,0.000197667523225934,0.000197667523225934,0.000197667523225934,0.000197667523225934,0.000197667523225934,0.000197667523225934,0.000197667523225934,0.000197667523225934,0.000197667523225934,0.000197667523225934,0.000197667523225934,0.000197667523225934,0.000197667523225934,0.000197667523225934,0.000197667523225934,0.000197667523225934,0.000197667523225934,0.000197667523225934,0.000197667523225934,0.000197667523225934,0.000197667523225934,0.000197667523225934,0.000197667523225934,0.000197667523225934,0.000197667523225934,0.000197667523225934,0.000197667523225934,0.000197667523225934,0.000197667523225934,0.000197667523225934,0.000197667523225934,0.000197667523225934,0.000197667523225934,0.000197667523225934,0.000197667523225934,0.000197667523225934,0.000197667523225934,0.000197667523225934,0.000197667523225934,0.000197667523225934,0.000197667523225934,0.000197667523225934,0.000197667523225934,0.000197667523225934,0.000197667523225934,0.000197667523225934,0.000197667523225934,0.000197667523225934,0.000197667523225934,0.000197667523225934,0.000197667523225934,0.000197667523225934,0.000197667523225934,0.000197667523225934,0.000197667523225934,0.000197667523225934,0.000197667523225934
0.000197667523225934,0.000197667523225934,0.000197667523225934,0.000197667523225934,0.000197667523225934,0.000197667523225934,0.000197667523225934,0.000197667523225934,0.000197667523225934,0.000197667523225934,0.000197667523225934,0.000197667523225934,0.000197667523225934,0.000197667523225934,0.000197667523225934,0.000197667523225934,0.000197667523225934,0.000197667523225934,0.000197667523225934,0.000197667523225934,0.000197667523225934,0.000197667523225934,0.000197667523225934,0.000197667523225934,0.000197667523225934,0.000197667523225934,0.000197667523225934,0.000197667523225934,0.000197667523225934,0.000197667523225934,0.000197667523225934,0.000197667523225934,0.000197667523225934,0.000197667523225934,0.000197667523225934,0.000197667523225934,0.000197667523225934,0.000197667523225934,0.000197667523225934,0.000197667523225934,0.000197667523225934,0.000197667523225934,0.000197667523225934,0.000197667523225934,0.000197667523225934,0.000197667523225934,0.000197667523225934,0.000197667523225934,0.000197667523225934,0.000197667523225934,0.000197667523225934,0.000197667523225934,0.000197667523225934,0.000197667523225934,0.000197667523225934,0.000197667523225934,0.000197667523225934,0.000197667523225934,0.000197667523225934,0.000197667523225934,0.000197667523225934,0.000197667523225934,0.000197667523225934,0.000197667523225934,0.000197667523225934,0.000197667523225934,0.000197667523225934,0.000197667523225934,0.000197667523225934,0.000197667523225934,0.000197667523225934,0.000197667523225934,0.000197667523225934,0.000197667523225934,0.000197667523225934,0.000197667523225934,0.000197667523225934,0.000197667523225934,0.000197667523225934,0.000197667523225934,0.000197667523225934,0.000197667523225934,0.000197667523225934,0.000197667523225934,0.000197667523225934,0.000197667523225934,0.000197667523225934,0.000197667523225934,0.000197667523225934,0.000197667523225934,0.000197667523225934,0.000197667523225934,0.000197667523225934,0.000197667523225934,0.000197667523225934,0.000197667523225934,0.000197667523225934,0.000197667523225934,0.000197667523225934,0.000197667523225934
0.000197667523225934,0.000197667523225934,0.000197667523225934,0.000197667523225934,0.000197667523225934,0.000197667523225934,0.000197667523225934,0.000197667523225934,0.000197667523225934,0.000197667523225934,0.000197667523225934,0.000197667523225934,0.000197667523225934,0.000197667523225934,0.000197667523225934,0.000197667523225934,0.000197667523225934,0.000197667523225934,0.000197667523225934,0.000197667523225934,0.000197667523225934,0.000197667523225934,0.000197667523225934,0.000197667523225934,0.000197667523225934,0.000197667523225934,0.000197667523225934,0.000197667523225934,0.000197667523225934,0.000197667523225934,0.000197667523225934,0.000197667523225934,0.000197667523225934,0.000197667523225934,0.000197667523225934,0.000197667523225934,0.000197667523225934,0.000197667523225934,0.000197667523225934,0.000197667523225934,0.000197667523225934,0.000197667523225934,0.000197667523225934,0.000197667523225934,0.000197667523225934,0.000197667523225934,0.000197667523225934,0.000197667523225934,0.000197667523225934,0.000197667523225934,0.000197667523225934,0.000197667523225934,0.000197667523225934,0.000197667523225934,0.000197667523225934,0.000197667523225934,0.000197667523225934,0.000197667523225934,0.000197667523225934,0.000197667523225934,0.000197667523225934,0.000197667523225934,0.000197667523225934,0.000197667523225934,0.000197667523225934,0.000197667523225934,0.000197667523225934,0.000197667523225934,0.000197667523225934,0.000197667523225934,0.000197667523225934,0.000197667523225934,0.000197667523225934,0.000197667523225934,0.000197667523225934,0.000197667523225934,0.000197667523225934,0.000197667523225934,0.000197667523225934,0.000197667523225934,0.000197667523225934,0.000197667523225934,0.000197667523225934,0.000197667523225934,0.000197667523225934,0.000197667523225934,0.000197667523225934,0.000197667523225934,0.000197667523225934,0.000197667523225934,0.000197667523225934,0.000197667523225934,0.000197667523225934,0.000197667523225934,0.000197667523225934,0.000197667523225934,0.000197667523225934,0.000197667523225934,0.000197667523225934,0.000197667523225934
0.000197667523225934,0.000197667523225934,0.000197667523225934,0.000197667523225934,0.000197667523225934,0.000197667523225934,0.000197667523225934,0.000197667523225934,0.000197667523225934,0.000197667523225934,0.000197667523225934,0.000197667523225934,0.000197667523225934,0.000197667523225934,0.000197667523225934,0.000197667523225934,0.000197667523225934,0.000197667523225934,0.000197667523225934,0.000197667523225934,0.000197667523225934,0.000197667523225934,0.000197667523225934,0.000197667523225934,0.000197667523225934,0.000197667523225934,0.000197667523225934,0.000197667523225934,0.000197667523225934,0.000197667523225934,0.000197667523225934,0.000197667523225934,0.000197667523225934,0.000197667523225934,0.000197667523225934,0.000197667523225934,0.000197667523225934,0.000197667523225934,0.000197667523225934,0.000197667523225934,0.000197667523225934,0.000197667523225934,0.000197667523225934,0.000197667523225934,0.000197667523225934,0.000197667523225934,0.000197667523225934,0.000197667523225934,0.000197667523225934,0.000197667523225934,0.000197667523225934,0.000197667523225934,0.000197667523225934,0.000197667523225934,0.000197667523225934,0.000197667523225934,0.000197667523225934,0.000197667523225934,0.000197667523225934,0.000197667523225934,0.000197667523225934,0.000197667523225934,0.000197667523225934,0.000197667523225934,0.000197667523225934,0.000197667523225934,0.000197667523225934,0.000197667523225934,0.000197667523225934,0.000197667523225934,0.000197667523225934,0.000197667523225934,0.000197667523225934,0.000197667523225934,0.000197667523225934,0.000197667523225934,0.000197667523225934,0.000197667523225934,0.000197667523225934,0.000197667523225934,0.000197667523225934,0.000197667523225934,0.000197667523225934,0.000197667523225934,0.000197667523225934,0.000197667523225934,0.000197667523225934,0.000197667523225934,0.000197667523225934,0.000197667523225934,0.000197667523225934,0.000197667523225934,0.000197667523225934,0.000197667523225934,0.000197667523225934,0.000197667523225934,0.000197667523225934,0.000197667523225934,0.000197667523225934,0.000197667523225934
0.000197667523225934,0.000197667523225934,0.000197667523225934,0.000197667523225934,0.000197667523225934,0.000197667523225934,0.000197667523225934,0.000197667523225934,0.000197667523225934,0.000197667523225934,0.000197667523225934,0.000197667523225934,0.000197667523225934,0.000197667523225934,0.000197667523225934,0.000197667523225934,0.000197667523225934,0.000197667523225934,0.000197667523225934,0.000197667523225934,0.000197667523225934,0.000197667523225934,0.000197667523225934,0.000197667523225934,0.000197667523225934,0.000197667523225934,0.000197667523225934,0.000197667523225934,0.000197667523225934,0.000197667523225934,0.000197667523225934,0.000197667523225934,0.000197667523225934,0.000197667523225934,0.000197667523225934,0.000197667523225934,0.000197667523225934,0.000197667523225934,0.000197667523225934,0.000197667523225934,0.000197667523225934,0.000197667523225934,0.000197667523225934,0.000197667523225934,0.000197667523225934,0.000197667523225934,0.000197667523225934,0.000197667523225934,0.000197667523225934,0.000197667523225934,0.000197667523225934,0.000197667523225934,0.000197667523225934,0.000197667523225934,0.000197667523225934,0.000197667523225934,0.000197667523225934,0.000197667523225934,0.000197667523225934,0.000197667523225934,0.000197667523225934,0.000197667523225934,0.000197667523225934,0.000197667523225934,0.000197667523225934,0.000197667523225934,0.000197667523225934,0.000197667523225934,0.000197667523225934,0.000197667523225934,0.000197667523225934,0.000197667523225934,0.000197667523225934,0.000197667523225934,0.000197667523225934,0.000197667523225934,0.000197667523225934,0.000197667523225934,0.000197667523225934,0.000197667523225934,0.000197667523225934,0.000197667523225934,0.000197667523225934,0.000197667523225934,0.000197667523225934,0.000197667523225934,0.000197667523225934,0.000197667523225934,0.000197667523225934,0.000197667523225934,0.000197667523225934,0.000197667523225934,0.000197667523225934,0.000197667523225934,0.000197667523225934,0.000197667523225934,0.000197667523225934,0.000197667523225934,0.000197667523225934,0.000197667523225934
0.000197667523225934,0.000197667523225934,0.000197667523225934,0.000197667523225934,0.000197667523225934,0.000197667523225934,0.000197667523225934,0.000197667523225934,0.000197667523225934,0.000197667523225934,0.000197667523225934,0.000197667523225934,0.000197667523225934,0.000197667523225934,0.000197667523225934,0.000197667523225934,0.000197667523225934,0.000197667523225934,0.000197667523225934,0.000197667523225934,0.000197667523225934,0.000197667523225934,0.000197667523225934,0.000197667523225934,0.000197667523225934,0.000197667523225934,0.000197667523225934,0.000197667523225934,0.000197667523225934,0.000197667523225934,0.000197667523225934,0.000197667523225934,0.000197667523225934,0.000197667523225934,0.000197667523225934,0.000197667523225934,0.000197667523225934,0.000197667523225934,0.000197667523225934,0.000197667523225934,0.000197667523225934,0.000197667523225934,0.000197667523225934,0.000197667523225934,0.000197667523225934,0.000197667523225934,0.000197667523225934,0.000197667523225934,0.000197667523225934,0.000197667523225934,0.000197667523225934,0.000197667523225934,0.000197667523225934,0.000197667523225934,0.000197667523225934,0.000197667523225934,0.000197667523225934,0.000197667523225934,0.000197667523225934,0.000197667523225934,0.000197667523225934,0.000197667523225934,0.000197667523225934,0.000197667523225934,0.000197667523225934,0.000197667523225934,0.000197667523225934,0.000197667523225934,0.000197667523225934,0.000197667523225934,0.000197667523225934,0.000197667523225934,0.000197667523225934,0.000197667523225934,0.000197667523225934,0.000197667523225934,0.000197667523225934,0.000197667523225934,0.000197667523225934,0.000197667523225934,0.000197667523225934,0.000197667523225934,0.000197667523225934,0.000197667523225934,0.000197667523225934,0.000197667523225934,0.000197667523225934,0.000197667523225934,0.000197667523225934,0.000197667523225934,0.000197667523225934,0.000197667523225934,0.000197667523225934,0.000197667523225934,0.000197667523225934,0.000197667523225934,0.000197667523225934,0.000197667523225934,0.000197667523225934,0.000197667523225934
0.000197667523225934,0.000197667523225934,0.000197667523225934,0.000197667523225934,0.000197667523225934,0.000197667523225934,0.000197667523225934,0.000197667523225934,0.000197667523225934,0.000197667523225934,0.000197667523225934,0.000197667523225934,0.000197667523225934,0.000197667523225934,0.000197667523225934,0.000197667523225934,0.000197667523225934,0.000197667523225934,0.000197667523225934,0.000197667523225934,0.000197667523225934,0.000197667523225934,0.000197667523225934,0.000197667523225934,0.000197667523225934,0.000197667523225934,0.000197667523225934,0.000197667523225934,0.000197667523225934,0.000197667523225934,0.000197667523225934,0.000197667523225934,0.000197667523225934,0.000197667523225934,0.000197667523225934,0.000197667523225934,0.000197667523225934,0.000197667523225934,0.000197667523225934,0.000197667523225934,0.000197667523225934,0.000197667523225934,0.000197667523225934,0.000197667523225934,0.000197667523225934,0.000197667523225934,0.000197667523225934,0.000197667523225934,0.000197667523225934,0.000197667523225934,0.000197667523225934,0.000197667523225934,0.000197667523225934,0.000197667523225934,0.000197667523225934,0.000197667523225934,0.000197667523225934,0.000197667523225934,0.000197667523225934,0.000197667523225934,0.000197667523225934,0.000197667523225934,0.000197667523225934,0.000197667523225934,0.000197667523225934,0.000197667523225934,0.000197667523225934,0.000197667523225934,0.000197667523225934,0.000197667523225934,0.000197667523225934,0.000197667523225934,0.000197667523225934,0.000197667523225934,0.000197667523225934,0.000197667523225934,0.000197667523225934,0.000197667523225934,0.000197667523225934,0.000197667523225934,0.000197667523225934,0.000197667523225934,0.000197667523225934,0.000197667523225934,0.000197667523225934,0.000197667523225934,0.000197667523225934,0.000197667523225934,0.000197667523225934,0.000197667523225934,0.000197667523225934,0.000197667523225934,0.000197667523225934,0.000197667523225934,0.000197667523225934,0.000197667523225934,0.000197667523225934,0.000197667523225934,0.000197667523225934,0.000197667523225934
0.000197667523225934,0.000197667523225934,0.000197667523225934,0.000197667523225934,0.000197667523225934,0.000197667523225934,0.000197667523225934,0.000197667523225934,0.000197667523225934,0.000197667523225934,0.000197667523225934,0.000197667523225934,0.000197667523225934,0.000197667523225934,0.000197667523225934,0.000197667523225934,0.000197667523225934,0.000197667523225934,0.000197667523225934,0.000197667523225934,0.000197667523225934,0.000197667523225934,0.000197667523225934,0.000197667523225934,0.000197667523225934,0.000197667523225934,0.000197667523225934,0.000197667523225934,0.000197667523225934,0.000197667523225934,0.000197667523225934,0.000197667523225934,0.000197667523225934,0.000197667523225934,0.000197667523225934,0.000197667523225934,0.000197667523225934,0.000197667523225934,0.000197667523225934,0.000197667523225934,0.000197667523225934,0.000197667523225934,0.000197667523225934,0.000197667523225934,0.000197667523225934,0.000197667523225934,0.000197667523225934,0.000197667523225934,0.000197667523225934,0.000197667523225934,0.000197667523225934,0.000197667523225934,0.000197667523225934,0.000197667523225934,0.000197667523225934,0.000197667523225934,0.000197667523225934,0.000197667523225934,0.000197667523225934,0.000197667523225934,0.000197667523225934,0.000197667523225934,0.000197667523225934,0.000197667523225934,0.000197667523225934,0.000197667523225934,0.000197667523225934,0.000197667523225934,0.000197667523225934,0.000197667523225934,0.000197667523225934,0.000197667523225934,0.000197667523225934,0.000197667523225934,0.000197667523225934,0.000197667523225934,0.000197667523225934,0.000197667523225934,0.000197667523225934,0.000197667523225934,0.000197667523225934,0.000197667523225934,0.000197667523225934,0.000197667523225934,0.000197667523225934,0.000197667523225934,0.000197667523225934,0.000197667523225934,0.000197667523225934,0.000197667523225934,0.000197667523225934,0.000197667523225934,0.000197667523225934,0.000197667523225934,0.000197667523225934,0.000197667523225934,0.000197667523225934,0.000197667523225934,0.000197667523225934,0.000197667523225934
0.000197667523225934,0.000197667523225934,0.000197667523225934,0.000197667523225934,0.000197667523225934,0.000197667523225934,0.000197667523225934,0.000197667523225934,0.000197667523225934,0.000197667523225934,0.000197667523225934,0.000197667523225934,0.000197667523225934,0.000197667523225934,0.000197667523225934,0.000197667523225934,0.000197667523225934,0.000197667523225934,0.000197667523225934,0.000197667523225934,0.000197667523225934,0.000197667523225934,0.000197667523225934,0.000197667523225934,0.000197667523225934,0.000197667523225934,0.000197667523225934,0.000197667523225934,0.000197667523225934,0.000197667523225934,0.000197667523225934,0.000197667523225934,0.000197667523225934,0.000197667523225934,0.000197667523225934,0.000197667523225934,0.000197667523225934,0.000197667523225934,0.000197667523225934,0.000197667523225934,0.000197667523225934,0.000197667523225934,0.000197667523225934,0.000197667523225934,0.000197667523225934,0.000197667523225934,0.000197667523225934,0.000197667523225934,0.000197667523225934,0.000197667523225934,0.000197667523225934,0.000197667523225934,0.000197667523225934,0.000197667523225934,0.000197667523225934,0.000197667523225934,0.000197667523225934,0.000197667523225934,0.000197667523225934,0.000197667523225934,0.000197667523225934,0.000197667523225934,0.000197667523225934,0.000197667523225934,0.000197667523225934,0.000197667523225934,0.000197667523225934,0.000197667523225934,0.000197667523225934,0.000197667523225934,0.000197667523225934,0.000197667523225934,0.000197667523225934,0.000197667523225934,0.000197667523225934,0.000197667523225934,0.000197667523225934,0.000197667523225934,0.000197667523225934,0.000197667523225934,0.000197667523225934,0.000197667523225934,0.000197667523225934,0.000197667523225934,0.000197667523225934,0.000197667523225934,0.000197667523225934,0.000197667523225934,0.000197667523225934,0.000197667523225934,0.000197667523225934,0.000197667523225934,0.000197667523225934,0.000197667523225934,0.000197667523225934,0.000197667523225934,0.000197667523225934,0.000197667523225934,0.000197667523225934,0.000197667523225934
0.000197667523225934,0.000197667523225934,0.000197667523225934,0.000197667523225934,0.000197667523225934,0.000197667523225934,0.000197667523225934,0.000197667523225934,0.000197667523225934,0.000197667523225934,0.000197667523225934,0.000197667523225934,0.000197667523225934,0.000197667523225934,0.000197667523225934,0.000197667523225934,0.000197667523225934,0.000197667523225934,0.000197667523225934,0.000197667523225934,0.000197667523225934,0.000197667523225934,0.000197667523225934,0.000197667523225934,0.000197667523225934,0.000197667523225934,0.000197667523225934,0.000197667523225934,0.000197667523225934,0.000197667523225934,0.000197667523225934,0.000197667523225934,0.000197667523225934,0.000197667523225934,0.000197667523225934,0.000197667523225934,0.000197667523225934,0.000197667523225934,0.000197667523225934,0.000197667523225934,0.000197667523225934,0.000197667523225934,0.000197667523225934,0.000197667523225934,0.000197667523225934,0.000197667523225934,0.000197667523225934,0.000197667523225934,0.000197667523225934,0.000197667523225934,0.000197667523225934,0.000197667523225934,0.000197667523225934,0.000197667523225934,0.000197667523225934,0.000197667523225934,0.000197667523225934,0.000197667523225934,0.000197667523225934,0.000197667523225934,0.000197667523225934,0.000197667523225934,0.000197667523225934,0.000197667523225934,0.000197667523225934,0.000197667523225934,0.000197667523225934,0.000197667523225934,0.000197667523225934,0.000197667523225934,0.000197667523225934,0.000197667523225934,0.000197667523225934,0.000197667523225934,0.000197667523225934,0.000197667523225934,0.000197667523225934,0.000197667523225934,0.000197667523225934,0.000197667523225934,0.000197667523225934,0.000197667523225934,0.000197667523225934,0.000197667523225934,0.000197667523225934,0.000197667523225934,0.000197667523225934,0.000197667523225934,0.000197667523225934,0.000197667523225934,0.000197667523225934,0.000197667523225934,0.000197667523225934,0.000197667523225934,0.000197667523225934,0.000197667523225934,0.000197667523225934,0.000197667523225934,0.000197667523225934,0.000197667523225934
0.000197667523225934,0.000197667523225934,0.000197667523225934,0.000197667523225934,0.000197667523225934,0.000197667523225934,0.000197667523225934,0.000197667523225934,0.000197667523225934,0.000197667523225934,0.000197667523225934,0.000197667523225934,0.000197667523225934,0.000197667523225934,0.000197667523225934,0.000197667523225934,0.000197667523225934,0.000197667523225934,0.000197667523225934,0.000197667523225934,0.000197667523225934,0.000197667523225934,0.000197667523225934,0.000197667523225934,0.000197667523225934,0.000197667523225934,0.000197667523225934,0.000197667523225934,0.000197667523225934,0.000197667523225934,0.000197667523225934,0.000197667523225934,0.000197667523225934,0.000197667523225934,0.000197667523225934,0.000197667523225934,0.000197667523225934,0.000197667523225934,0.000197667523225934,0.000197667523225934,0.000197667523225934,0.000197667523225934,0.000197667523225934,0.000197667523225934,0.000197667523225934,0.000197667523225934,0.000197667523225934,0.000197667523225934,0.000197667523225934,0.000197667523225934,0.000197667523225934,0.000197667523225934,0.000197667523225934,0.000197667523225934,0.000197667523225934,0.000197667523225934,0.000197667523225934,0.000197667523225934,0.000197667523225934,0.000197667523225934,0.000197667523225934,0.000197667523225934,0.000197667523225934,0.000197667523225934,0.000197667523225934,0.000197667523225934,0.000197667523225934,0.000197667523225934,0.000197667523225934,0.000197667523225934,0.000197667523225934,0.000197667523225934,0.000197667523225934,0.000197667523225934,0.000197667523225934,0.000197667523225934,0.000197667523225934,0.000197667523225934,0.000197667523225934,0.000197667523225934,0.000197667523225934,0.000197667523225934,0.000197667523225934,0.000197667523225934,0.000197667523225934,0.000197667523225934,0.000197667523225934,0.000197667523225934,0.000197667523225934,0.000197667523225934,0.000197667523225934,0.000197667523225934,0.000197667523225934,0.000197667523225934,0.000197667523225934,0.000197667523225934,0.000197667523225934,0.000197667523225934,0.000197667523225934,0.000197667523225934
0.000197667523225934,0.000197667523225934,0.000197667523225934,0.000197667523225934,0.000197667523225934,0.000197667523225934,0.000197667523225934,0.000197667523225934,0.000197667523225934,0.000197667523225934,0.000197667523225934,0.000197667523225934,0.000197667523225934,0.000197667523225934,0.000197667523225934,0.000197667523225934,0.000197667523225934,0.000197667523225934,0.000197667523225934,0.000197667523225934,0.000197667523225934,0.000197667523225934,0.000197667523225934,0.000197667523225934,0.000197667523225934,0.000197667523225934,0.000197667523225934,0.000197667523225934,0.000197667523225934,0.000197667523225934,0.000197667523225934,0.000197667523225934,0.000197667523225934,0.000197667523225934,0.000197667523225934,0.000197667523225934,0.000197667523225934,0.000197667523225934,0.000197667523225934,0.000197667523225934,0.000197667523225934,0.000197667523225934,0.000197667523225934,0.000197667523225934,0.000197667523225934,0.000197667523225934,0.000197667523225934,0.000197667523225934,0.000197667523225934,0.000197667523225934,0.000197667523225934,0.000197667523225934,0.000197667523225934,0.000197667523225934,0.000197667523225934,0.000197667523225934,0.000197667523225934,0.000197667523225934,0.000197667523225934,0.000197667523225934,0.000197667523225934,0.000197667523225934,0.000197667523225934,0.000197667523225934,0.000197667523225934,0.000197667523225934,0.000197667523225934,0.000197667523225934,0.000197667523225934,0.000197667523225934,0.000197667523225934,0.000197667523225934,0.000197667523225934,0.000197667523225934,0.000197667523225934,0.000197667523225934,0.000197667523225934,0.000197667523225934,0.000197667523225934,0.000197667523225934,0.000197667523225934,0.000197667523225934,0.000197667523225934,0.000197667523225934,0.000197667523225934,0.000197667523225934,0.000197667523225934,0.000197667523225934,0.000197667523225934,0.000197667523225934,0.000197667523225934,0.000197667523225934,0.000197667523225934,0.000197667523225934,0.000197667523225934,0.000197667523225934,0.000197667523225934,0.000197667523225934,0.000197667523225934,0.000197667523225934
0.000197667523225934,0.000197667523225934,0.000197667523225934,0.000197667523225934,0.000197667523225934,0.000197667523225934,0.000197667523225934,0.000197667523225934,0.000197667523225934,0.000197667523225934,0.000197667523225934,0.000197667523225934,0.000197667523225934,0.000197667523225934,0.000197667523225934,0.000197667523225934,0.000197667523225934,0.000197667523225934,0.000197667523225934,0.000197667523225934,0.000197667523225934,0.000197667523225934,0.000197667523225934,0.000197667523225934,0.000197667523225934,0.000197667523225934,0.000197667523225934,0.000197667523225934,0.000197667523225934,0.000197667523225934,0.000197667523225934,0.000197667523225934,0.000197667523225934,0.000197667523225934,0.000197667523225934,0.000197667523225934,0.000197667523225934,0.000197667523225934,0.000197667523225934,0.000197667523225934,0.000197667523225934,0.000197667523225934,0.000197667523225934,0.000197667523225934,0.000197667523225934,0.000197667523225934,0.000197667523225934,0.000197667523225934,0.000197667523225934,0.000197667523225934,0.000197667523225934,0.000197667523225934,0.000197667523225934,0.000197667523225934,0.000197667523225934,0.000197667523225934,0.000197667523225934,0.000197667523225934,0.000197667523225934,0.000197667523225934,0.000197667523225934,0.000197667523225934,0.000197667523225934,0.000197667523225934,0.000197667523225934,0.000197667523225934,0.000197667523225934,0.000197667523225934,0.000197667523225934,0.000197667523225934,0.000197667523225934,0.000197667523225934,0.000197667523225934,0.000197667523225934,0.000197667523225934,0.000197667523225934,0.000197667523225934,0.000197667523225934,0.000197667523225934,0.000197667523225934,0.000197667523225934,0.000197667523225934,0.000197667523225934,0.000197667523225934,0.000197667523225934,0.000197667523225934,0.000197667523225934,0.000197667523225934,0.000197667523225934,0.000197667523225934,0.000197667523225934,0.000197667523225934,0.000197667523225934,0.000197667523225934,0.000197667523225934,0.000197667523225934,0.000197667523225934,0.000197667523225934,0.000197667523225934,0.000197667523225934
0.000197667523225934,0.000197667523225934,0.000197667523225934,0.000197667523225934,0.000197667523225934,0.000197667523225934,0.000197667523225934,0.000197667523225934,0.000197667523225934,0.000197667523225934,0.000197667523225934,0.000197667523225934,0.000197667523225934,0.000197667523225934,0.000197667523225934,0.000197667523225934,0.000197667523225934,0.000197667523225934,0.000197667523225934,0.000197667523225934,0.000197667523225934,0.000197667523225934,0.000197667523225934,0.000197667523225934,0.000197667523225934,0.000197667523225934,0.000197667523225934,0.000197667523225934,0.000197667523225934,0.000197667523225934,0.000197667523225934,0.000197667523225934,0.000197667523225934,0.000197667523225934,0.000197667523225934,0.000197667523225934,0.000197667523225934,0.000197667523225934,0.000197667523225934,0.000197667523225934,0.000197667523225934,0.000197667523225934,0.000197667523225934,0.000197667523225934,0.000197667523225934,0.000197667523225934,0.000197667523225934,0.000197667523225934,0.000197667523225934,0.000197667523225934,0.000197667523225934,0.000197667523225934,0.000197667523225934,0.000197667523225934,0.000197667523225934,0.000197667523225934,0.000197667523225934,0.000197667523225934,0.000197667523225934,0.000197667523225934,0.000197667523225934,0.000197667523225934,0.000197667523225934,0.000197667523225934,0.000197667523225934,0.000197667523225934,0.000197667523225934,0.000197667523225934,0.000197667523225934,0.000197667523225934,0.000197667523225934,0.000197667523225934,0.000197667523225934,0.000197667523225934,0.000197667523225934,0.000197667523225934,0.000197667523225934,0.000197667523225934,0.000197667523225934,0.000197667523225934,0.000197667523225934,0.000197667523225934,0.000197667523225934,0.000197667523225934,0.000197667523225934,0.000197667523225934,0.000197667523225934,0.000197667523225934,0.000197667523225934,0.000197667523225934,0.000197667523225934,0.000197667523225934,0.000197667523225934,0.000197667523225934,0.000197667523225934,0.000197667523225934,0.000197667523225934,0.000197667523225934,0.000197667523225934,0.000197667523225934
0.000197667523225934,0.000197667523225934,0.000197667523225934,0.000197667523225934,0.000197667523225934,0.000197667523225934,0.000197667523225934,0.000197667523225934,0.000197667523225934,0.000197667523225934,0.000197667523225934,0.000197667523225934,0.000197667523225934,0.000197667523225934,0.000197667523225934,0.000197667523225934,0.000197667523225934,0.000197667523225934,0.000197667523225934,0.000197667523225934,0.000197667523225934,0.000197667523225934,0.000197667523225934,0.000197667523225934,0.000197667523225934,0.000197667523225934,0.000197667523225934,0.000197667523225934,0.000197667523225934,0.000197667523225934,0.000197667523225934,0.000197667523225934,0.000197667523225934,0.000197667523225934,0.000197667523225934,0.000197667523225934,0.000197667523225934,0.000197667523225934,0.000197667523225934,0.000197667523225934,0.000197667523225934,0.000197667523225934,0.000197667523225934,0.000197667523225934,0.000197667523225934,0.000197667523225934,0.000197667523225934,0.000197667523225934,0.000197667523225934,0.000197667523225934,0.000197667523225934,0.000197667523225934,0.000197667523225934,0.000197667523225934,0.000197667523225934,0.000197667523225934,0.000197667523225934,0.000197667523225934,0.000197667523225934,0.000197667523225934,0.000197667523225934,0.000197667523225934,0.000197667523225934,0.000197667523225934,0.000197667523225934,0.000197667523225934,0.000197667523225934,0.000197667523225934,0.000197667523225934,0.000197667523225934,0.000197667523225934,0.000197667523225934,0.000197667523225934,0.000197667523225934,0.000197667523225934,0.000197667523225934,0.000197667523225934,0.000197667523225934,0.000197667523225934,0.000197667523225934,0.000197667523225934,0.000197667523225934,0.000197667523225934,0.000197667523225934,0.000197667523225934,0.000197667523225934,0.000197667523225934,0.000197667523225934,0.000197667523225934,0.000197667523225934,0.000197667523225934,0.000197667523225934,0.000197667523225934,0.000197667523225934,0.000197667523225934,0.000197667523225934,0.000197667523225934,0.000197667523225934,0.000197667523225934,0.000197667523225934
0.000197667523225934,0.000197667523225934,0.000197667523225934,0.000197667523225934,0.000197667523225934,0.000197667523225934,0.000197667523225934,0.000197667523225934,0.000197667523225934,0.000197667523225934,0.000197667523225934,0.000197667523225934,0.000197667523225934,0.000197667523225934,0.000197667523225934,0.000197667523225934,0.000197667523225934,0.000197667523225934,0.000197667523225934,0.000197667523225934,0.000197667523225934,0.000197667523225934,0.000197667523225934,0.000197667523225934,0.000197667523225934,0.000197667523225934,0.000197667523225934,0.000197667523225934,0.000197667523225934,0.000197667523225934,0.000197667523225934,0.000197667523225934,0.000197667523225934,0.000197667523225934,0.000197667523225934,0.000197667523225934,0.000197667523225934,0.000197667523225934,0.000197667523225934,0.000197667523225934,0.000197667523225934,0.000197667523225934,0.000197667523225934,0.000197667523225934,0.000197667523225934,0.000197667523225934,0.000197667523225934,0.000197667523225934,0.000197667523225934,0.000197667523225934,0.000197667523225934,0.000197667523225934,0.000197667523225934,0.000197667523225934,0.000197667523225934,0.000197667523225934,0.000197667523225934,0.000197667523225934,0.000197667523225934,0.000197667523225934,0.000197667523225934,0.000197667523225934,0.000197667523225934,0.000197667523225934,0.000197667523225934,0.000197667523225934,0.000197667523225934,0.000197667523225934,0.000197667523225934,0.000197667523225934,0.000197667523225934,0.000197667523225934,0.000197667523225934,0.000197667523225934,0.000197667523225934,0.000197667523225934,0.000197667523225934,0.000197667523225934,0.000197667523225934,0.000197667523225934,0.000197667523225934,0.000197667523225934,0.000197667523225934,0.000197667523225934,0.000197667523225934,0.000197667523225934,0.000197667523225934,0.000197667523225934,0.000197667523225934,0.000197667523225934,0.000197667523225934,0.000197667523225934,0.000197667523225934,0.000197667523225934,0.000197667523225934,0.000197667523225934,0.000197667523225934,0.000197667523225934,0.000197667523225934,0.000197667523225934
0.000197667523225934,0.000197667523225934,0.000197667523225934,0.000197667523225934,0.000197667523225934,0.000197667523225934,0.000197667523225934,0.000197667523225934,0.000197667523225934,0.000197667523225934,0.000197667523225934,0.000197667523225934,0.000197667523225934,0.000197667523225934,0.000197667523225934,0.000197667523225934,0.000197667523225934,0.000197667523225934,0.000197667523225934,0.000197667523225934,0.000197667523225934,0.000197667523225934,0.000197667523225934,0.000197667523225934,0.000197667523225934,0.000197667523225934,0.000197667523225934,0.000197667523225934,0.000197667523225934,0.000197667523225934,0.000197667523225934,0.000197667523225934,0.000197667523225934,0.000197667523225934,0.000197667523225934,0.000197667523225934,0.000197667523225934,0.000197667523225934,0.000197667523225934,0.000197667523225934,0.000197667523225934,0.000197667523225934,0.000197667523225934,0.000197667523225934,0.000197667523225934,0.000197667523225934,0.000197667523225934,0.000197667523225934,0.000197667523225934,0.000197667523225934,0.000197667523225934,0.000197667523225934,0.000197667523225934,0.000197667523225934,0.000197667523225934,0.000197667523225934,0.000197667523225934,0.000197667523225934,0.000197667523225934,0.000197667523225934,0.000197667523225934,0.000197667523225934,0.000197667523225934,0.000197667523225934,0.000197667523225934,0.000197667523225934,0.000197667523225934,0.000197667523225934,0.000197667523225934,0.000197667523225934,0.000197667523225934,0.000197667523225934,0.000197667523225934,0.000197667523225934,0.000197667523225934,0.000197667523225934,0.000197667523225934,0.000197667523225934,0.000197667523225934,0.000197667523225934,0.000197667523225934,0.000197667523225934,0.000197667523225934,0.000197667523225934,0.000197667523225934,0.000197667523225934,0.000197667523225934,0.000197667523225934,0.000197667523225934,0.000197667523225934,0.000197667523225934,0.000197667523225934,0.000197667523225934,0.000197667523225934,0.000197667523225934,0.000197667523225934,0.000197667523225934,0.000197667523225934,0.000197667523225934,0.000197667523225934
0.000197667523225934,0.000197667523225934,0.000197667523225934,0.000197667523225934,0.000197667523225934,0.000197667523225934,0.000197667523225934,0.000197667523225934,0.000197667523225934,0.000197667523225934,0.000197667523225934,0.000197667523225934,0.000197667523225934,0.000197667523225934,0.000197667523225934,0.000197667523225934,0.000197667523225934,0.000197667523225934,0.000197667523225934,0.000197667523225934,0.000197667523225934,0.000197667523225934,0.000197667523225934,0.000197667523225934,0.000197667523225934,0.000197667523225934,0.000197667523225934,0.000197667523225934,0.000197667523225934,0.000197667523225934,0.000197667523225934,0.000197667523225934,0.000197667523225934,0.000197667523225934,0.000197667523225934,0.000197667523225934,0.000197667523225934,0.000197667523225934,0.000197667523225934,0.000197667523225934,0.000197667523225934,0.000197667523225934,0.000197667523225934,0.000197667523225934,0.000197667523225934,0.000197667523225934,0.000197667523225934,0.000197667523225934,0.000197667523225934,0.000197667523225934,0.000197667523225934,0.000197667523225934,0.000197667523225934,0.000197667523225934,0.000197667523225934,0.000197667523225934,0.000197667523225934,0.000197667523225934,0.000197667523225934,0.000197667523225934,0.000197667523225934,0.000197667523225934,0.000197667523225934,0.000197667523225934,0.000197667523225934,0.000197667523225934,0.000197667523225934,0.000197667523225934,0.000197667523225934,0.000197667523225934,0.000197667523225934,0.000197667523225934,0.000197667523225934,0.000197667523225934,0.000197667523225934,0.000197667523225934,0.000197667523225934,0.000197667523225934,0.000197667523225934,0.000197667523225934,0.000197667523225934,0.000197667523225934,0.000197667523225934,0.000197667523225934,0.000197667523225934,0.000197667523225934,0.000197667523225934,0.000197667523225934,0.000197667523225934,0.000197667523225934,0.000197667523225934,0.000197667523225934,0.000197667523225934,0.000197667523225934,0.000197667523225934,0.000197667523225934,0.000197667523225934,0.000197667523225934,0.000197667523225934,0.000197667523225934
0.000197667523225934,0.000197667523225934,0.000197667523225934,0.000197667523225934,0.000197667523225934,0.000197667523225934,0.000197667523225934,0.000197667523225934,0.000197667523225934,0.000197667523225934,0.000197667523225934,0.000197667523225934,0.000197667523225934,0.000197667523225934,0.000197667523225934,0.000197667523225934,0.000197667523225934,0.000197667523225934,0.000197667523225934,0.000197667523225934,0.000197667523225934,0.000197667523225934,0.000197667523225934,0.000197667523225934,0.000197667523225934,0.000197667523225934,0.000197667523225934,0.000197667523225934,0.000197667523225934,0.000197667523225934,0.000197667523225934,0.000197667523225934,0.000197667523225934,0.000197667523225934,0.000197667523225934,0.000197667523225934,0.000197667523225934,0.000197667523225934,0.000197667523225934,0.000197667523225934,0.000197667523225934,0.000197667523225934,0.000197667523225934,0.000197667523225934,0.000197667523225934,0.000197667523225934,0.000197667523225934,0.000197667523225934,0.000197667523225934,0.000197667523225934,0.000197667523225934,0.000197667523225934,0.000197667523225934,0.000197667523225934,0.000197667523225934,0.000197667523225934,0.000197667523225934,0.000197667523225934,0.000197667523225934,0.000197667523225934,0.000197667523225934,0.000197667523225934,0.000197667523225934,0.000197667523225934,0.000197667523225934,0.000197667523225934,0.000197667523225934,0.000197667523225934,0.000197667523225934,0.000197667523225934,0.000197667523225934,0.000197667523225934,0.000197667523225934,0.000197667523225934,0.000197667523225934,0.000197667523225934,0.000197667523225934,0.000197667523225934,0.000197667523225934,0.000197667523225934,0.000197667523225934,0.000197667523225934,0.000197667523225934,0.000197667523225934,0.000197667523225934,0.000197667523225934,0.000197667523225934,0.000197667523225934,0.000197667523225934,0.000197667523225934,0.000197667523225934,0.000197667523225934,0.000197667523225934,0.000197667523225934,0.000197667523225934,0.000197667523225934,0.000197667523225934,0.000197667523225934,0.000197667523225934,0.000197667523225934
0.000197667523225934,0.000197667523225934,0.000197667523225934,0.000197667523225934,0.000197667523225934,0.000197667523225934,0.000197667523225934,0.000197667523225934,0.000197667523225934,0.000197667523225934,0.000197667523225934,0.000197667523225934,0.000197667523225934,0.000197667523225934,0.000197667523225934,0.000197667523225934,0.000197667523225934,0.000197667523225934,0.000197667523225934,0.000197667523225934,0.000197667523225934,0.000197667523225934,0.000197667523225934,0.000197667523225934,0.000197667523225934,0.000197667523225934,0.000197667523225934,0.000197667523225934,0.000197667523225934,0.000197667523225934,0.000197667523225934,0.000197667523225934,0.000197667523225934,0.000197667523225934,0.000197667523225934,0.000197667523225934,0.000197667523225934,0.000197667523225934,0.000197667523225934,0.000197667523225934,0.000197667523225934,0.000197667523225934,0.000197667523225934,0.000197667523225934,0.000197667523225934,0.000197667523225934,0.000197667523225934,0.000197667523225934,0.000197667523225934,0.000197667523225934,0.000197667523225934,0.000197667523225934,0.000197667523225934,0.000197667523225934,0.000197667523225934,0.000197667523225934,0.000197667523225934,0.000197667523225934,0.000197667523225934,0.000197667523225934,0.000197667523225934,0.000197667523225934,0.000197667523225934,0.000197667523225934,0.000197667523225934,0.000197667523225934,0.000197667523225934,0.000197667523225934,0.000197667523225934,0.000197667523225934,0.000197667523225934,0.000197667523225934,0.000197667523225934,0.000197667523225934,0.000197667523225934,0.000197667523225934,0.000197667523225934,0.000197667523225934,0.000197667523225934,0.000197667523225934,0.000197667523225934,0.000197667523225934,0.000197667523225934,0.000197667523225934,0.000197667523225934,0.000197667523225934,0.000197667523225934,0.000197667523225934,0.000197667523225934,0.000197667523225934,0.000197667523225934,0.000197667523225934,0.000197667523225934,0.000197667523225934,0.000197667523225934,0.000197667523225934,0.000197667523225934,0.000197667523225934,0.000197667523225934,0.000197667523225934
0.000197667523225934,0.000197667523225934,0.000197667523225934,0.000197667523225934,0.000197667523225934,0.000197667523225934,0.000197667523225934,0.000197667523225934,0.000197667523225934,0.000197667523225934,0.000197667523225934,0.000197667523225934,0.000197667523225934,0.000197667523225934,0.000197667523225934,0.000197667523225934,0.000197667523225934,0.000197667523225934,0.000197667523225934,0.000197667523225934,0.000197667523225934,0.000197667523225934,0.000197667523225934,0.000197667523225934,0.000197667523225934,0.000197667523225934,0.000197667523225934,0.000197667523225934,0.000197667523225934,0.000197667523225934,0.000197667523225934,0.000197667523225934,0.000197667523225934,0.000197667523225934,0.000197667523225934,0.000197667523225934,0.000197667523225934,0.000197667523225934,0.000197667523225934,0.000197667523225934,0.000197667523225934,0.000197667523225934,0.000197667523225934,0.000197667523225934,0.000197667523225934,0.000197667523225934,0.000197667523225934,0.000197667523225934,0.000197667523225934,0.000197667523225934,0.000197667523225934,0.000197667523225934,0.000197667523225934,0.000197667523225934,0.000197667523225934,0.000197667523225934,0.000197667523225934,0.000197667523225934,0.000197667523225934,0.000197667523225934,0.000197667523225934,0.000197667523225934,0.000197667523225934,0.000197667523225934,0.000197667523225934,0.000197667523225934,0.000197667523225934,0.000197667523225934,0.000197667523225934,0.000197667523225934,0.000197667523225934,0.000197667523225934,0.000197667523225934,0.000197667523225934,0.000197667523225934,0.000197667523225934,0.000197667523225934,0.000197667523225934,0.000197667523225934,0.000197667523225934,0.000197667523225934,0.000197667523225934,0.000197667523225934,0.000197667523225934,0.000197667523225934,0.000197667523225934,0.000197667523225934,0.000197667523225934,0.000197667523225934,0.000197667523225934,0.000197667523225934,0.000197667523225934,0.000197667523225934,0.000197667523225934,0.000197667523225934,0.000197667523225934,0.000197667523225934,0.000197667523225934,0.000197667523225934,0.000197667523225934
0.000197667523225934,0.000197667523225934,0.000197667523225934,0.000197667523225934,0.000197667523225934,0.000197667523225934,0.000197667523225934,0.000197667523225934,0.000197667523225934,0.000197667523225934,0.000197667523225934,0.000197667523225934,0.000197667523225934,0.000197667523225934,0.000197667523225934,0.000197667523225934,0.000197667523225934,0.000197667523225934,0.000197667523225934,0.000197667523225934,0.000197667523225934,0.000197667523225934,0.000197667523225934,0.000197667523225934,0.000197667523225934,0.000197667523225934,0.000197667523225934,0.000197667523225934,0.000197667523225934,0.000197667523225934,0.000197667523225934,0.000197667523225934,0.000197667523225934,0.000197667523225934,0.000197667523225934,0.000197667523225934,0.000197667523225934,0.000197667523225934,0.000197667523225934,0.000197667523225934,0.000197667523225934,0.000197667523225934,0.000197667523225934,0.000197667523225934,0.000197667523225934,0.000197667523225934,0.000197667523225934,0.000197667523225934,0.000197667523225934,0.000197667523225934,0.000197667523225934,0.000197667523225934,0.000197667523225934,0.000197667523225934,0.000197667523225934,0.000197667523225934,0.000197667523225934,0.000197667523225934,0.000197667523225934,0.000197667523225934,0.000197667523225934,0.000197667523225934,0.000197667523225934,0.000197667523225934,0.000197667523225934,0.000197667523225934,0.000197667523225934,0.000197667523225934,0.000197667523225934,0.000197667523225934,0.000197667523225934,0.000197667523225934,0.000197667523225934,0.000197667523225934,0.000197667523225934,0.000197667523225934,0.000197667523225934,0.000197667523225934,0.000197667523225934,0.000197667523225934,0.000197667523225934,0.000197667523225934,0.000197667523225934,0.000197667523225934,0.000197667523225934,0.000197667523225934,0.000197667523225934,0.000197667523225934,0.000197667523225934,0.000197667523225934,0.000197667523225934,0.000197667523225934,0.000197667523225934,0.000197667523225934,0.000197667523225934,0.000197667523225934,0.000197667523225934,0.000197667523225934,0.000197667523225934,0.000197667523225934
0.000197667523225934,0.000197667523225934,0.000197667523225934,0.000197667523225934,0.000197667523225934,0.000197667523225934,0.000197667523225934,0.000197667523225934,0.000197667523225934,0.000197667523225934,0.000197667523225934,0.000197667523225934,0.000197667523225934,0.000197667523225934,0.000197667523225934,0.000197667523225934,0.000197667523225934,0.000197667523225934,0.000197667523225934,0.000197667523225934,0.000197667523225934,0.000197667523225934,0.000197667523225934,0.000197667523225934,0.000197667523225934,0.000197667523225934,0.000197667523225934,0.000197667523225934,0.000197667523225934,0.000197667523225934,0.000197667523225934,0.000197667523225934,0.000197667523225934,0.000197667523225934,0.000197667523225934,0.000197667523225934,0.000197667523225934,0.000197667523225934,0.000197667523225934,0.000197667523225934,0.000197667523225934,0.000197667523225934,0.000197667523225934,0.000197667523225934,0.000197667523225934,0.000197667523225934,0.000197667523225934,0.000197667523225934,0.000197667523225934,0.000197667523225934,0.000197667523225934,0.000197667523225934,0.000197667523225934,0.000197667523225934,0.000197667523225934,0.000197667523225934,0.000197667523225934,0.000197667523225934,0.000197667523225934,0.000197667523225934,0.000197667523225934,0.000197667523225934,0.000197667523225934,0.000197667523225934,0.000197667523225934,0.000197667523225934,0.000197667523225934,0.000197667523225934,0.000197667523225934,0.000197667523225934,0.000197667523225934,0.000197667523225934,0.000197667523225934,0.000197667523225934,0.000197667523225934,0.000197667523225934,0.000197667523225934,0.000197667523225934,0.000197667523225934,0.000197667523225934,0.000197667523225934,0.000197667523225934,0.000197667523225934,0.000197667523225934,0.000197667523225934,0.000197667523225934,0.000197667523225934,0.000197667523225934,0.000197667523225934,0.000197667523225934,0.000197667523225934,0.000197667523225934,0.000197667523225934,0.000197667523225934,0.000197667523225934,0.000197667523225934,0.000197667523225934,0.000197667523225934,0.000197667523225934,0.000197667523225934
0.000197667523225934,0.000197667523225934,0.000197667523225934,0.000197667523225934,0.000197667523225934,0.000197667523225934,0.000197667523225934,0.000197667523225934,0.000197667523225934,0.000197667523225934,0.000197667523225934,0.000197667523225934,0.000197667523225934,0.000197667523225934,0.000197667523225934,0.000197667523225934,0.000197667523225934,0.000197667523225934,0.000197667523225934,0.000197667523225934,0.000197667523225934,0.000197667523225934,0.000197667523225934,0.000197667523225934,0.000197667523225934,0.000197667523225934,0.000197667523225934,0.000197667523225934,0.000197667523225934,0.000197667523225934,0.000197667523225934,0.000197667523225934,0.000197667523225934,0.000197667523225934,0.000197667523225934,0.000197667523225934,0.000197667523225934,0.000197667523225934,0.000197667523225934,0.000197667523225934,0.000197667523225934,0.000197667523225934,0.000197667523225934,0.000197667523225934,0.000197667523225934,0.000197667523225934,0.000197667523225934,0.000197667523225934,0.000197667523225934,0.000197667523225934,0.000197667523225934,0.000197667523225934,0.000197667523225934,0.000197667523225934,0.000197667523225934,0.000197667523225934,0.000197667523225934,0.000197667523225934,0.000197667523225934,0.000197667523225934,0.000197667523225934,0.000197667523225934,0.000197667523225934,0.000197667523225934,0.000197667523225934,0.000197667523225934,0.000197667523225934,0.000197667523225934,0.000197667523225934,0.000197667523225934,0.000197667523225934,0.000197667523225934,0.000197667523225934,0.000197667523225934,0.000197667523225934,0.000197667523225934,0.000197667523225934,0.000197667523225934,0.000197667523225934,0.000197667523225934,0.000197667523225934,0.000197667523225934,0.000197667523225934,0.000197667523225934,0.000197667523225934,0.000197667523225934,0.000197667523225934,0.000197667523225934,0.000197667523225934,0.000197667523225934,0.000197667523225934,0.000197667523225934,0.000197667523225934,0.000197667523225934,0.000197667523225934,0.000197667523225934,0.000197667523225934,0.000197667523225934,0.000197667523225934,0.000197667523225934
0.000197667523225934,0.000197667523225934,0.000197667523225934,0.000197667523225934,0.000197667523225934,0.000197667523225934,0.000197667523225934,0.000197667523225934,0.000197667523225934,0.000197667523225934,0.000197667523225934,0.000197667523225934,0.000197667523225934,0.000197667523225934,0.000197667523225934,0.000197667523225934,0.000197667523225934,0.000197667523225934,0.000197667523225934,0.000197667523225934,0.000197667523225934,0.000197667523225934,0.000197667523225934,0.000197667523225934,0.000197667523225934,0.000197667523225934,0.000197667523225934,0.000197667523225934,0.000197667523225934,0.000197667523225934,0.000197667523225934,0.000197667523225934,0.000197667523225934,0.000197667523225934,0.000197667523225934,0.000197667523225934,0.000197667523225934,0.000197667523225934,0.000197667523225934,0.000197667523225934,0.000197667523225934,0.000197667523225934,0.000197667523225934,0.000197667523225934,0.000197667523225934,0.000197667523225934,0.000197667523225934,0.000197667523225934,0.000197667523225934,0.000197667523225934,0.000197667523225934,0.000197667523225934,0.000197667523225934,0.000197667523225934,0.000197667523225934,0.000197667523225934,0.000197667523225934,0.000197667523225934,0.000197667523225934,0.000197667523225934,0.000197667523225934,0.000197667523225934,0.000197667523225934,0.000197667523225934,0.000197667523225934,0.000197667523225934,0.000197667523225934,0.000197667523225934,0.000197667523225934,0.000197667523225934,0.000197667523225934,0.000197667523225934,0.000197667523225934,0.000197667523225934,0.000197667523225934,0.000197667523225934,0.000197667523225934,0.000197667523225934,0.000197667523225934,0.000197667523225934,0.000197667523225934,0.000197667523225934,0.000197667523225934,0.000197667523225934,0.000197667523225934,0.000197667523225934,0.000197667523225934,0.000197667523225934,0.000197667523225934,0.000197667523225934,0.000197667523225934,0.000197667523225934,0.000197667523225934,0.000197667523225934,0.000197667523225934,0.000197667523225934,0.000197667523225934,0.000197667523225934,0.000197667523225934,0.000197667523225934
0.000197667523225934,0.000197667523225934,0.000197667523225934,0.000197667523225934,0.000197667523225934,0.000197667523225934,0.000197667523225934,0.000197667523225934,0.000197667523225934,0.000197667523225934,0.000197667523225934,0.000197667523225934,0.000197667523225934,0.000197667523225934,0.000197667523225934,0.000197667523225934,0.000197667523225934,0.000197667523225934,0.000197667523225934,0.000197667523225934,0.000197667523225934,0.000197667523225934,0.000197667523225934,0.000197667523225934,0.000197667523225934,0.000197667523225934,0.000197667523225934,0.000197667523225934,0.000197667523225934,0.000197667523225934,0.000197667523225934,0.000197667523225934,0.000197667523225934,0.000197667523225934,0.000197667523225934,0.000197667523225934,0.000197667523225934,0.000197667523225934,0.000197667523225934,0.000197667523225934,0.000197667523225934,0.000197667523225934,0.000197667523225934,0.000197667523225934,0.000197667523225934,0.000197667523225934,0.000197667523225934,0.000197667523225934,0.000197667523225934,0.000197667523225934,0.000197667523225934,0.000197667523225934,0.000197667523225934,0.000197667523225934,0.000197667523225934,0.000197667523225934,0.000197667523225934,0.000197667523225934,0.000197667523225934,0.000197667523225934,0.000197667523225934,0.000197667523225934,0.000197667523225934,0.000197667523225934,0.000197667523225934,0.000197667523225934,0.000197667523225934,0.000197667523225934,0.000197667523225934,0.000197667523225934,0.000197667523225934,0.000197667523225934,0.000197667523225934,0.000197667523225934,0.000197667523225934,0.000197667523225934,0.000197667523225934,0.000197667523225934,0.000197667523225934,0.000197667523225934,0.000197667523225934,0.000197667523225934,0.000197667523225934,0.000197667523225934,0.000197667523225934,0.000197667523225934,0.000197667523225934,0.000197667523225934,0.000197667523225934,0.000197667523225934,0.000197667523225934,0.000197667523225934,0.000197667523225934,0.000197667523225934,0.000197667523225934,0.000197667523225934,0.000197667523225934,0.000197667523225934,0.000197667523225934,0.000197667523225934
0.000197667523225934,0.000197667523225934,0.000197667523225934,0.000197667523225934,0.000197667523225934,0.000197667523225934,0.000197667523225934,0.000197667523225934,0.000197667523225934,0.000197667523225934,0.000197667523225934,0.000197667523225934,0.000197667523225934,0.000197667523225934,0.000197667523225934,0.000197667523225934,0.000197667523225934,0.000197667523225934,0.000197667523225934,0.000197667523225934,0.000197667523225934,0.000197667523225934,0.000197667523225934,0.000197667523225934,0.000197667523225934,0.000197667523225934,0.000197667523225934,0.000197667523225934,0.000197667523225934,0.000197667523225934,0.000197667523225934,0.000197667523225934,0.000197667523225934,0.000197667523225934,0.000197667523225934,0.000197667523225934,0.000197667523225934,0.000197667523225934,0.000197667523225934,0.000197667523225934,0.000197667523225934,0.000197667523225934,0.000197667523225934,0.000197667523225934,0.000197667523225934,0.000197667523225934,0.000197667523225934,0.000197667523225934,0.000197667523225934,0.000197667523225934,0.000197667523225934,0.000197667523225934,0.000197667523225934,0.000197667523225934,0.000197667523225934,0.000197667523225934,0.000197667523225934,0.000197667523225934,0.000197667523225934,0.000197667523225934,0.000197667523225934,0.000197667523225934,0.000197667523225934,0.000197667523225934,0.000197667523225934,0.000197667523225934,0.000197667523225934,0.000197667523225934,0.000197667523225934,0.000197667523225934,0.000197667523225934,0.000197667523225934,0.000197667523225934,0.000197667523225934,0.000197667523225934,0.000197667523225934,0.000197667523225934,0.000197667523225934,0.000197667523225934,0.000197667523225934,0.000197667523225934,0.000197667523225934,0.000197667523225934,0.000197667523225934,0.000197667523225934,0.000197667523225934,0.000197667523225934,0.000197667523225934,0.000197667523225934,0.000197667523225934,0.000197667523225934,0.000197667523225934,0.000197667523225934,0.000197667523225934,0.000197667523225934,0.000197667523225934,0.000197667523225934,0.000197667523225934,0.000197667523225934,0.000197667523225934
0.000197667523225934,0.000197667523225934,0.000197667523225934,0.000197667523225934,0.000197667523225934,0.000197667523225934,0.000197667523225934,0.000197667523225934,0.000197667523225934,0.000197667523225934,0.000197667523225934,0.000197667523225934,0.000197667523225934,0.000197667523225934,0.000197667523225934,0.000197667523225934,0.000197667523225934,0.000197667523225934,0.000197667523225934,0.000197667523225934,0.000197667523225934,0.000197667523225934,0.000197667523225934,0.000197667523225934,0.000197667523225934,0.000197667523225934,0.000197667523225934,0.000197667523225934,0.000197667523225934,0.000197667523225934,0.000197667523225934,0.000197667523225934,0.000197667523225934,0.000197667523225934,0.000197667523225934,0.000197667523225934,0.000197667523225934,0.000197667523225934,0.000197667523225934,0.000197667523225934,0.000197667523225934,0.000197667523225934,0.000197667523225934,0.000197667523225934,0.000197667523225934,0.000197667523225934,0.000197667523225934,0.000197667523225934,0.000197667523225934,0.000197667523225934,0.000197667523225934,0.000197667523225934,0.000197667523225934,0.000197667523225934,0.000197667523225934,0.000197667523225934,0.000197667523225934,0.000197667523225934,0.000197667523225934,0.000197667523225934,0.000197667523225934,0.000197667523225934,0.000197667523225934,0.000197667523225934,0.000197667523225934,0.000197667523225934,0.000197667523225934,0.000197667523225934,0.000197667523225934,0.000197667523225934,0.000197667523225934,0.000197667523225934,0.000197667523225934,0.000197667523225934,0.000197667523225934,0.000197667523225934,0.000197667523225934,0.000197667523225934,0.000197667523225934,0.000197667523225934,0.000197667523225934,0.000197667523225934,0.000197667523225934,0.000197667523225934,0.000197667523225934,0.000197667523225934,0.000197667523225934,0.000197667523225934,0.000197667523225934,0.000197667523225934,0.000197667523225934,0.000197667523225934,0.000197667523225934,0.000197667523225934,0.000197667523225934,0.000197667523225934,0.000197667523225934,0.000197667523225934,0.000197667523225934,0.000197667523225934
0.000197667523225934,0.000197667523225934,0.000197667523225934,0.000197667523225934,0.000197667523225934,0.000197667523225934,0.000197667523225934,0.000197667523225934,0.000197667523225934,0.000197667523225934,0.000197667523225934,0.000197667523225934,0.000197667523225934,0.000197667523225934,0.000197667523225934,0.000197667523225934,0.000197667523225934,0.000197667523225934,0.000197667523225934,0.000197667523225934,0.000197667523225934,0.000197667523225934,0.000197667523225934,0.000197667523225934,0.000197667523225934,0.000197667523225934,0.000197667523225934,0.000197667523225934,0.000197667523225934,0.000197667523225934,0.000197667523225934,0.000197667523225934,0.000197667523225934,0.000197667523225934,0.000197667523225934,0.000197667523225934,0.000197667523225934,0.000197667523225934,0.000197667523225934,0.000197667523225934,0.000197667523225934,0.000197667523225934,0.000197667523225934,0.000197667523225934,0.000197667523225934,0.000197667523225934,0.000197667523225934,0.000197667523225934,0.000197667523225934,0.000197667523225934,0.000197667523225934,0.000197667523225934,0.000197667523225934,0.000197667523225934,0.000197667523225934,0.000197667523225934,0.000197667523225934,0.000197667523225934,0.000197667523225934,0.000197667523225934,0.000197667523225934,0.000197667523225934,0.000197667523225934,0.000197667523225934,0.000197667523225934,0.000197667523225934,0.000197667523225934,0.000197667523225934,0.000197667523225934,0.000197667523225934,0.000197667523225934,0.000197667523225934,0.000197667523225934,0.000197667523225934,0.000197667523225934,0.000197667523225934,0.000197667523225934,0.000197667523225934,0.000197667523225934,0.000197667523225934,0.000197667523225934,0.000197667523225934,0.000197667523225934,0.000197667523225934,0.000197667523225934,0.000197667523225934,0.000197667523225934,0.000197667523225934,0.000197667523225934,0.000197667523225934,0.000197667523225934,0.000197667523225934,0.000197667523225934,0.000197667523225934,0.000197667523225934,0.000197667523225934,0.000197667523225934,0.000197667523225934,0.000197667523225934,0.000197667523225934
0.000197667523225934,0.000197667523225934,0.000197667523225934,0.000197667523225934,0.000197667523225934,0.000197667523225934,0.000197667523225934,0.000197667523225934,0.000197667523225934,0.000197667523225934,0.000197667523225934,0.000197667523225934,0.000197667523225934,0.000197667523225934,0.000197667523225934,0.000197667523225934,0.000197667523225934,0.000197667523225934,0.000197667523225934,0.000197667523225934,0.000197667523225934,0.000197667523225934,0.000197667523225934,0.000197667523225934,0.000197667523225934,0.000197667523225934,0.000197667523225934,0.000197667523225934,0.000197667523225934,0.000197667523225934,0.000197667523225934,0.000197667523225934,0.000197667523225934,0.000197667523225934,0.000197667523225934,0.000197667523225934,0.000197667523225934,0.000197667523225934,0.000197667523225934,0.000197667523225934,0.000197667523225934,0.000197667523225934,0.000197667523225934,0.000197667523225934,0.000197667523225934,0.000197667523225934,0.000197667523225934,0.000197667523225934,0.000197667523225934,0.000197667523225934,0.000197667523225934,0.000197667523225934,0.000197667523225934,0.000197667523225934,0.000197667523225934,0.000197667523225934,0.000197667523225934,0.000197667523225934,0.000197667523225934,0.000197667523225934,0.000197667523225934,0.000197667523225934,0.000197667523225934,0.000197667523225934,0.000197667523225934,0.000197667523225934,0.000197667523225934,0.000197667523225934,0.000197667523225934,0.000197667523225934,0.000197667523225934,0.000197667523225934,0.000197667523225934,0.000197667523225934,0.000197667523225934,0.000197667523225934,0.000197667523225934,0.000197667523225934,0.000197667523225934,0.000197667523225934,0.000197667523225934,0.000197667523225934,0.000197667523225934,0.000197667523225934,0.000197667523225934,0.000197667523225934,0.000197667523225934,0.000197667523225934,0.000197667523225934,0.000197667523225934,0.000197667523225934,0.000197667523225934,0.000197667523225934,0.000197667523225934,0.000197667523225934,0.000197667523225934,0.000197667523225934,0.000197667523225934,0.000197667523225934,0.000197667523225934
0.000197667523225934,0.000197667523225934,0.000197667523225934,0.000197667523225934,0.000197667523225934,0.000197667523225934,0.000197667523225934,0.000197667523225934,0.000197667523225934,0.000197667523225934,0.000197667523225934,0.000197667523225934,0.000197667523225934,0.000197667523225934,0.000197667523225934,0.000197667523225934,0.000197667523225934,0.000197667523225934,0.000197667523225934,0.000197667523225934,0.000197667523225934,0.000197667523225934,0.000197667523225934,0.000197667523225934,0.000197667523225934,0.000197667523225934,0.000197667523225934,0.000197667523225934,0.000197667523225934,0.000197667523225934,0.000197667523225934,0.000197667523225934,0.000197667523225934,0.000197667523225934,0.000197667523225934,0.000197667523225934,0.000197667523225934,0.000197667523225934,0.000197667523225934,0.000197667523225934,0.000197667523225934,0.000197667523225934,0.000197667523225934,0.000197667523225934,0.000197667523225934,0.000197667523225934,0.000197667523225934,0.000197667523225934,0.000197667523225934,0.000197667523225934,0.000197667523225934,0.000197667523225934,0.000197667523225934,0.000197667523225934,0.000197667523225934,0.000197667523225934,0.000197667523225934,0.000197667523225934,0.000197667523225934,0.000197667523225934,0.000197667523225934,0.000197667523225934,0.000197667523225934,0.000197667523225934,0.000197667523225934,0.000197667523225934,0.000197667523225934,0.000197667523225934,0.000197667523225934,0.000197667523225934,0.000197667523225934,0.000197667523225934,0.000197667523225934,0.000197667523225934,0.000197667523225934,0.000197667523225934,0.000197667523225934,0.000197667523225934,0.000197667523225934,0.000197667523225934,0.000197667523225934,0.000197667523225934,0.000197667523225934,0.000197667523225934,0.000197667523225934,0.000197667523225934,0.000197667523225934,0.000197667523225934,0.000197667523225934,0.000197667523225934,0.000197667523225934,0.000197667523225934,0.000197667523225934,0.000197667523225934,0.000197667523225934,0.000197667523225934,0.000197667523225934,0.000197667523225934,0.000197667523225934,0.000197667523225934
0.000197667523225934,0.000197667523225934,0.000197667523225934,0.000197667523225934,0.000197667523225934,0.000197667523225934,0.000197667523225934,0.000197667523225934,0.000197667523225934,0.000197667523225934,0.000197667523225934,0.000197667523225934,0.000197667523225934,0.000197667523225934,0.000197667523225934,0.000197667523225934,0.000197667523225934,0.000197667523225934,0.000197667523225934,0.000197667523225934,0.000197667523225934,0.000197667523225934,0.000197667523225934,0.000197667523225934,0.000197667523225934,0.000197667523225934,0.000197667523225934,0.000197667523225934,0.000197667523225934,0.000197667523225934,0.000197667523225934,0.000197667523225934,0.000197667523225934,0.000197667523225934,0.000197667523225934,0.000197667523225934,0.000197667523225934,0.000197667523225934,0.000197667523225934,0.000197667523225934,0.000197667523225934,0.000197667523225934,0.000197667523225934,0.000197667523225934,0.000197667523225934,0.000197667523225934,0.000197667523225934,0.000197667523225934,0.000197667523225934,0.000197667523225934,0.000197667523225934,0.000197667523225934,0.000197667523225934,0.000197667523225934,0.000197667523225934,0.000197667523225934,0.000197667523225934,0.000197667523225934,0.000197667523225934,0.000197667523225934,0.000197667523225934,0.000197667523225934,0.000197667523225934,0.000197667523225934,0.000197667523225934,0.000197667523225934,0.000197667523225934,0.000197667523225934,0.000197667523225934,0.000197667523225934,0.000197667523225934,0.000197667523225934,0.000197667523225934,0.000197667523225934,0.000197667523225934,0.000197667523225934,0.000197667523225934,0.000197667523225934,0.000197667523225934,0.000197667523225934,0.000197667523225934,0.000197667523225934,0.000197667523225934,0.000197667523225934,0.000197667523225934,0.000197667523225934,0.000197667523225934,0.000197667523225934,0.000197667523225934,0.000197667523225934,0.000197667523225934,0.000197667523225934,0.000197667523225934,0.000197667523225934,0.000197667523225934,0.000197667523225934,0.000197667523225934,0.000197667523225934,0.000197667523225934,0.000197667523225934
0.000197667523225934,0.000197667523225934,0.000197667523225934,0.000197667523225934,0.000197667523225934,0.000197667523225934,0.000197667523225934,0.000197667523225934,0.000197667523225934,0.000197667523225934,0.000197667523225934,0.000197667523225934,0.000197667523225934,0.000197667523225934,0.000197667523225934,0.000197667523225934,0.000197667523225934,0.000197667523225934,0.000197667523225934,0.000197667523225934,0.000197667523225934,0.000197667523225934,0.000197667523225934,0.000197667523225934,0.000197667523225934,0.000197667523225934,0.000197667523225934,0.000197667523225934,0.000197667523225934,0.000197667523225934,0.000197667523225934,0.000197667523225934,0.000197667523225934,0.000197667523225934,0.000197667523225934,0.000197667523225934,0.000197667523225934,0.000197667523225934,0.000197667523225934,0.000197667523225934,0.000197667523225934,0.000197667523225934,0.000197667523225934,0.000197667523225934,0.000197667523225934,0.000197667523225934,0.000197667523225934,0.000197667523225934,0.000197667523225934,0.000197667523225934,0.000197667523225934,0.000197667523225934,0.000197667523225934,0.000197667523225934,0.000197667523225934,0.000197667523225934,0.000197667523225934,0.000197667523225934,0.000197667523225934,0.000197667523225934,0.000197667523225934,0.000197667523225934,0.000197667523225934,0.000197667523225934,0.000197667523225934,0.000197667523225934,0.000197667523225934,0.000197667523225934,0.000197667523225934,0.000197667523225934,0.000197667523225934,0.000197667523225934,0.000197667523225934,0.000197667523225934,0.000197667523225934,0.000197667523225934,0.000197667523225934,0.000197667523225934,0.000197667523225934,0.000197667523225934,0.000197667523225934,0.000197667523225934,0.000197667523225934,0.000197667523225934,0.000197667523225934,0.000197667523225934,0.000197667523225934,0.000197667523225934,0.000197667523225934,0.000197667523225934,0.000197667523225934,0.000197667523225934,0.000197667523225934,0.000197667523225934,0.000197667523225934,0.000197667523225934,0.000197667523225934,0.000197667523225934,0.000197667523225934,0.000197667523225934
0.000197667523225934,0.000197667523225934,0.000197667523225934,0.000197667523225934,0.000197667523225934,0.000197667523225934,0.000197667523225934,0.000197667523225934,0.000197667523225934,0.000197667523225934,0.000197667523225934,0.000197667523225934,0.000197667523225934,0.000197667523225934,0.000197667523225934,0.000197667523225934,0.000197667523225934,0.000197667523225934,0.000197667523225934,0.000197667523225934,0.000197667523225934,0.000197667523225934,0.000197667523225934,0.000197667523225934,0.000197667523225934,0.000197667523225934,0.000197667523225934,0.000197667523225934,0.000197667523225934,0.000197667523225934,0.000197667523225934,0.000197667523225934,0.000197667523225934,0.000197667523225934,0.000197667523225934,0.000197667523225934,0.000197667523225934,0.000197667523225934,0.000197667523225934,0.000197667523225934,0.000197667523225934,0.000197667523225934,0.000197667523225934,0.000197667523225934,0.000197667523225934,0.000197667523225934,0.000197667523225934,0.000197667523225934,0.000197667523225934,0.000197667523225934,0.000197667523225934,0.000197667523225934,0.000197667523225934,0.000197667523225934,0.000197667523225934,0.000197667523225934,0.000197667523225934,0.000197667523225934,0.000197667523225934,0.000197667523225934,0.000197667523225934,0.000197667523225934,0.000197667523225934,0.000197667523225934,0.000197667523225934,0.000197667523225934,0.000197667523225934,0.000197667523225934,0.000197667523225934,0.000197667523225934,0.000197667523225934,0.000197667523225934,0.000197667523225934,0.000197667523225934,0.000197667523225934,0.000197667523225934,0.000197667523225934,0.000197667523225934,0.000197667523225934,0.000197667523225934,0.000197667523225934,0.000197667523225934,0.000197667523225934,0.000197667523225934,0.000197667523225934,0.000197667523225934,0.000197667523225934,0.000197667523225934,0.000197667523225934,0.000197667523225934,0.000197667523225934,0.000197667523225934,0.000197667523225934,0.000197667523225934,0.000197667523225934,0.000197667523225934,0.000197667523225934,0.000197667523225934,0.000197667523225934,0.000197667523225934
0.000197667523225934,0.000197667523225934,0.000197667523225934,0.000197667523225934,0.000197667523225934,0.000197667523225934,0.000197667523225934,0.000197667523225934,0.000197667523225934,0.000197667523225934,0.000197667523225934,0.000197667523225934,0.000197667523225934,0.000197667523225934,0.000197667523225934,0.000197667523225934,0.000197667523225934,0.000197667523225934,0.000197667523225934,0.000197667523225934,0.000197667523225934,0.000197667523225934,0.000197667523225934,0.000197667523225934,0.000197667523225934,0.000197667523225934,0.000197667523225934,0.000197667523225934,0.000197667523225934,0.000197667523225934,0.000197667523225934,0.000197667523225934,0.000197667523225934,0.000197667523225934,0.000197667523225934,0.000197667523225934,0.000197667523225934,0.000197667523225934,0.000197667523225934,0.000197667523225934,0.000197667523225934,0.000197667523225934,0.000197667523225934,0.000197667523225934,0.000197667523225934,0.000197667523225934,0.000197667523225934,0.000197667523225934,0.000197667523225934,0.000197667523225934,0.000197667523225934,0.000197667523225934,0.000197667523225934,0.000197667523225934,0.000197667523225934,0.000197667523225934,0.000197667523225934,0.000197667523225934,0.000197667523225934,0.000197667523225934,0.000197667523225934,0.000197667523225934,0.000197667523225934,0.000197667523225934,0.000197667523225934,0.000197667523225934,0.000197667523225934,0.000197667523225934,0.000197667523225934,0.000197667523225934,0.000197667523225934,0.000197667523225934,0.000197667523225934,0.000197667523225934,0.000197667523225934,0.000197667523225934,0.000197667523225934,0.000197667523225934,0.000197667523225934,0.000197667523225934,0.000197667523225934,0.000197667523225934,0.000197667523225934,0.000197667523225934,0.000197667523225934,0.000197667523225934,0.000197667523225934,0.000197667523225934,0.000197667523225934,0.000197667523225934,0.000197667523225934,0.000197667523225934,0.000197667523225934,0.000197667523225934,0.000197667523225934,0.000197667523225934,0.000197667523225934,0.000197667523225934,0.000197667523225934,0.000197667523225934
0.000197667523225934,0.000197667523225934,0.000197667523225934,0.000197667523225934,0.000197667523225934,0.000197667523225934,0.000197667523225934,0.000197667523225934,0.000197667523225934,0.000197667523225934,0.000197667523225934,0.000197667523225934,0.000197667523225934,0.000197667523225934,0.000197667523225934,0.000197667523225934,0.000197667523225934,0.000197667523225934,0.000197667523225934,0.000197667523225934,0.000197667523225934,0.000197667523225934,0.000197667523225934,0.000197667523225934,0.000197667523225934,0.000197667523225934,0.000197667523225934,0.000197667523225934,0.000197667523225934,0.000197667523225934,0.000197667523225934,0.000197667523225934,0.000197667523225934,0.000197667523225934,0.000197667523225934,0.000197667523225934,0.000197667523225934,0.000197667523225934,0.000197667523225934,0.000197667523225934,0.000197667523225934,0.000197667523225934,0.000197667523225934,0.000197667523225934,0.000197667523225934,0.000197667523225934,0.000197667523225934,0.000197667523225934,0.000197667523225934,0.000197667523225934,0.000197667523225934,0.000197667523225934,0.000197667523225934,0.000197667523225934,0.000197667523225934,0.000197667523225934,0.000197667523225934,0.000197667523225934,0.000197667523225934,0.000197667523225934,0.000197667523225934,0.000197667523225934,0.000197667523225934,0.000197667523225934,0.000197667523225934,0.000197667523225934,0.000197667523225934,0.000197667523225934,0.000197667523225934,0.000197667523225934,0.000197667523225934,0.000197667523225934,0.000197667523225934,0.000197667523225934,0.000197667523225934,0.000197667523225934,0.000197667523225934,0.000197667523225934,0.000197667523225934,0.000197667523225934,0.000197667523225934,0.000197667523225934,0.000197667523225934,0.000197667523225934,0.000197667523225934,0.000197667523225934,0.000197667523225934,0.000197667523225934,0.000197667523225934,0.000197667523225934,0.000197667523225934,0.000197667523225934,0.000197667523225934,0.000197667523225934,0.000197667523225934,0.000197667523225934,0.000197667523225934,0.000197667523225934,0.000197667523225934,0.000197667523225934
0.000197667523225934,0.000197667523225934,0.000197667523225934,0.000197667523225934,0.000197667523225934,0.000197667523225934,0.000197667523225934,0.000197667523225934,0.000197667523225934,0.000197667523225934,0.000197667523225934,0.000197667523225934,0.000197667523225934,0.000197667523225934,0.000197667523225934,0.000197667523225934,0.000197667523225934,0.000197667523225934,0.000197667523225934,0.000197667523225934,0.000197667523225934,0.000197667523225934,0.000197667523225934,0.000197667523225934,0.000197667523225934,0.000197667523225934,0.000197667523225934,0.000197667523225934,0.000197667523225934,0.000197667523225934,0.000197667523225934,0.000197667523225934,0.000197667523225934,0.000197667523225934,0.000197667523225934,0.000197667523225934,0.000197667523225934,0.000197667523225934,0.000197667523225934,0.000197667523225934,0.000197667523225934,0.000197667523225934,0.000197667523225934,0.000197667523225934,0.000197667523225934,0.000197667523225934,0.000197667523225934,0.000197667523225934,0.000197667523225934,0.000197667523225934,0.000197667523225934,0.000197667523225934,0.000197667523225934,0.000197667523225934,0.000197667523225934,0.000197667523225934,0.000197667523225934,0.000197667523225934,0.000197667523225934,0.000197667523225934,0.000197667523225934,0.000197667523225934,0.000197667523225934,0.000197667523225934,0.000197667523225934,0.000197667523225934,0.000197667523225934,0.000197667523225934,0.000197667523225934,0.000197667523225934,0.000197667523225934,0.000197667523225934,0.000197667523225934,0.000197667523225934,0.000197667523225934,0.000197667523225934,0.000197667523225934,0.000197667523225934,0.000197667523225934,0.000197667523225934,0.000197667523225934,0.000197667523225934,0.000197667523225934,0.000197667523225934,0.000197667523225934,0.000197667523225934,0.000197667523225934,0.000197667523225934,0.000197667523225934,0.000197667523225934,0.000197667523225934,0.000197667523225934,0.000197667523225934,0.000197667523225934,0.000197667523225934,0.000197667523225934,0.000197667523225934,0.000197667523225934,0.000197667523225934,0.000197667523225934
0.000197667523225934,0.000197667523225934,0.000197667523225934,0.000197667523225934,0.000197667523225934,0.000197667523225934,0.000197667523225934,0.000197667523225934,0.000197667523225934,0.000197667523225934,0.000197667523225934,0.000197667523225934,0.000197667523225934,0.000197667523225934,0.000197667523225934,0.000197667523225934,0.000197667523225934,0.000197667523225934,0.000197667523225934,0.000197667523225934,0.000197667523225934,0.000197667523225934,0.000197667523225934,0.000197667523225934,0.000197667523225934,0.000197667523225934,0.000197667523225934,0.000197667523225934,0.000197667523225934,0.000197667523225934,0.000197667523225934,0.000197667523225934,0.000197667523225934,0.000197667523225934,0.000197667523225934,0.000197667523225934,0.000197667523225934,0.000197667523225934,0.000197667523225934,0.000197667523225934,0.000197667523225934,0.000197667523225934,0.000197667523225934,0.000197667523225934,0.000197667523225934,0.000197667523225934,0.000197667523225934,0.000197667523225934,0.000197667523225934,0.000197667523225934,0.000197667523225934,0.000197667523225934,0.000197667523225934,0.000197667523225934,0.000197667523225934,0.000197667523225934,0.000197667523225934,0.000197667523225934,0.000197667523225934,0.000197667523225934,0.000197667523225934,0.000197667523225934,0.000197667523225934,0.000197667523225934,0.000197667523225934,0.000197667523225934,0.000197667523225934,0.000197667523225934,0.000197667523225934,0.000197667523225934,0.000197667523225934,0.000197667523225934,0.000197667523225934,0.000197667523225934,0.000197667523225934,0.000197667523225934,0.000197667523225934,0.000197667523225934,0.000197667523225934,0.000197667523225934,0.000197667523225934,0.000197667523225934,0.000197667523225934,0.000197667523225934,0.000197667523225934,0.000197667523225934,0.000197667523225934,0.000197667523225934,0.000197667523225934,0.000197667523225934,0.000197667523225934,0.000197667523225934,0.000197667523225934,0.000197667523225934,0.000197667523225934,0.000197667523225934,0.000197667523225934,0.000197667523225934,0.000197667523225934,0.000197667523225934
0.000197667523225934,0.000197667523225934,0.000197667523225934,0.000197667523225934,0.000197667523225934,0.000197667523225934,0.000197667523225934,0.000197667523225934,0.000197667523225934,0.000197667523225934,0.000197667523225934,0.000197667523225934,0.000197667523225934,0.000197667523225934,0.000197667523225934,0.000197667523225934,0.000197667523225934,0.000197667523225934,0.000197667523225934,0.000197667523225934,0.000197667523225934,0.000197667523225934,0.000197667523225934,0.000197667523225934,0.000197667523225934,0.000197667523225934,0.000197667523225934,0.000197667523225934,0.000197667523225934,0.000197667523225934,0.000197667523225934,0.000197667523225934,0.000197667523225934,0.000197667523225934,0.000197667523225934,0.000197667523225934,0.000197667523225934,0.000197667523225934,0.000197667523225934,0.000197667523225934,0.000197667523225934,0.000197667523225934,0.000197667523225934,0.000197667523225934,0.000197667523225934,0.000197667523225934,0.000197667523225934,0.000197667523225934,0.000197667523225934,0.000197667523225934,0.000197667523225934,0.000197667523225934,0.000197667523225934,0.000197667523225934,0.000197667523225934,0.000197667523225934,0.000197667523225934,0.000197667523225934,0.000197667523225934,0.000197667523225934,0.000197667523225934,0.000197667523225934,0.000197667523225934,0.000197667523225934,0.000197667523225934,0.000197667523225934,0.000197667523225934,0.000197667523225934,0.000197667523225934,0.000197667523225934,0.000197667523225934,0.000197667523225934,0.000197667523225934,0.000197667523225934,0.000197667523225934,0.000197667523225934,0.000197667523225934,0.000197667523225934,0.000197667523225934,0.000197667523225934,0.000197667523225934,0.000197667523225934,0.000197667523225934,0.000197667523225934,0.000197667523225934,0.000197667523225934,0.000197667523225934,0.000197667523225934,0.000197667523225934,0.000197667523225934,0.000197667523225934,0.000197667523225934,0.000197667523225934,0.000197667523225934,0.000197667523225934,0.000197667523225934,0.000197667523225934,0.000197667523225934,0.000197667523225934,0.000197667523225934
0.960861830401265,0.960861830401265,0.960861830401265,0.960861830401265,0.960861830401265,0.960861830401265,0.960861830401265,0.960861830401265,0.960861830401265,0.960861830401265,0.960861830401265,0.960861830401265,0.960861830401265,0.960861830401265,0.958885155169006,0.958885155169006,0.958885155169006,0.958885155169006,0.958885155169006,0.958885155169006,0.958885155169006,0.958885155169006,0.958885155169006,0.958885155169006,0.956908479936746,0.954931804704487,0.954931804704487,0.950978454239968,0.94702510377545,0.941095078078672,0.937141727614153,0.935165052381894,0.933188377149634,0.931211701917375,0.929235026685116,0.927258351452856,0.927258351452856,0.925281676220597,0.925281676220597,0.923305000988338,0.923305000988338,0.923305000988338,0.923305000988338,0.923305000988338,0.921328325756078,0.919351650523819,0.919351650523819,0.919351650523819,0.919351650523819,0.919351650523819,0.91737497529156,0.91737497529156,0.91737497529156,0.91737497529156,0.913421624827041,0.911444949594782,0.909468274362522,0.905514923898004,0.903538248665744,0.899584898201226,0.895631547736707,0.891678197272188,0.887724846807669,0.879818145878632,0.877841470646373,0.869934769717335,0.854121367859261,0.846214666930223,0.838307966001186,0.822494564143111,0.810634512749555,0.794821110891481,0.777031033801146,0.769124332872109,0.749357580549516,0.721684127297885,0.694010674046254,0.660407195097845,0.624827040917177,0.593200237201028,0.553666732555841,0.486459774659023,0.446926270013837,0.391579363510575,0.340185807471832,0.280885550504052,0.233445344929828,0.187981814587863,0.13658825854912,0.114844830994268,0.0792646768135995,0.0278711207748567,0.0100810436845226,0.00612769322000395,0.00217434275548527,0.00217434275548527,0.000197667523225934,0.000197667523225934,0.000197667523225934,0.000197667523225934
0.000197667523225934,0.000197667523225934,0.000197667523225934,0.000197667523225934,0.000197667523225934,0.000197667523225934,0.000197667523225934,0.000197667523225934,0.000197667523225934,0.000197667523225934,0.000197667523225934,0.000197667523225934,0.000197667523225934,0.000197667523225934,0.00217434275548527,0.00217434275548527,0.00217434275548527,0.00217434275548527,0.00217434275548527,0.00217434275548527,0.00217434275548527,0.00217434275548527,0.00217434275548527,0.00217434275548527,0.00415101798774461,0.00612769322000395,0.00612769322000395,0.0100810436845226,0.0140343941490413,0.0199644198458193,0.023917770310338,0.0258944455425973,0.0278711207748567,0.029847796007116,0.0318244712393754,0.0338011464716347,0.0338011464716347,0.035777821703894,0.035777821703894,0.0377544969361534,0.0377544969361534,0.0377544969361534,0.0377544969361534,0.0377544969361534,0.0397311721684127,0.0417078474006721,0.0417078474006721,0.0417078474006721,0.0417078474006721,0.0417078474006721,0.0436845226329314,0.0436845226329314,0.0436845226329314,0.0436845226329314,0.0476378730974501,0.0496145483297094,0.0515912235619688,0.0555445740264875,0.0575212492587468,0.0614745997232655,0.0654279501877841,0.0693813006523028,0.0733346511168215,0.0812413520458589,0.0832180272781182,0.0911247282071556,0.10693813006523,0.114844830994268,0.122751531923305,0.13856493378138,0.150424985174936,0.16623838703301,0.184028464123345,0.191935165052382,0.211701917374975,0.239375370626606,0.267048823878237,0.300652302826646,0.336232457007314,0.367859260723463,0.40739276536865,0.474599723265467,0.514133227910654,0.569480134413916,0.620873690452659,0.680173947420439,0.727614152994663,0.773077683336628,0.824471239375371,0.846214666930223,0.881794821110891,0.933188377149634,0.950978454239968,0.954931804704487,0.958885155169006,0.958885155169006,0.960861830401265,0.960861830401265,0.960861830401265,0.960861830401265
19379339.1,19379339.1,19379339.1,19379339.1,19379339.1,19379339.1,19379339.1,19379339.1,19379339.1,19379339.1,19379339.1,19379339.1,19379339.1,19379339.1,19379339.1,19379339.1,19379339.1,19379339.1,19379339.1,19379339.1,19379339.1,19379339.1,19379339.1,19379339.1,19379339.1,19379339.1,19379339.1,19379339.1,19379339.1,19379339.1,19379339.1,19379339.1,19379339.1,19379339.1,19379339.1,19379339.1,19379339.1,19379339.1,19379339.1,19379339.1,19379339.1,19379339.1,19379339.1,19379339.1,19379339.1,19379339.1,19379339.1,19379339.1,19379339.1,19379339.1,19379339.1,19379339.1,19379339.1,19379339.1,19379339.1,19379339.1,19379339.1,19379339.1,19379339.1,19379339.1,19379339.1,19379339.1,19379339.1,19379339.1,19379339.1,19379339.1,19379339.1,19379339.1,19379339.1,19379339.1,19379339.1,19379339.1,19379339.1,19379339.1,19379339.1,19379339.1,19379339.1,19379339.1,19379339.1,19379339.1,19379339.1,19379339.1,19379339.1,19379339.1,19379339.1,19379339.1,19379339.1,19379339.1,19379339.1,19379339.1,19379339.1,19379339.1,19379339.1,19379339.1,19379339.1,19379339.1,19379339.1,19379339.1,19379339.1,19379339.1
