"V1","V2","V3","V4","V5","V6","V7","V8","V9","V10","V11","V12","V13","V14","V15","V16","V17","V18","V19","V20","V21","V22","V23","V24","V25","V26","V27","V28","V29","V30","V31","V32","V33","V34","V35","V36","V37","V38","V39","V40","V41","V42","V43","V44","V45","V46","V47","V48","V49","V50","V51","V52","V53","V54","V55","V56","V57","V58","V59","V60","V61","V62","V63","V64","V65","V66","V67","V68","V69","V70","V71","V72","V73","V74","V75","V76","V77","V78","V79","V80","V81","V82","V83","V84","V85","V86","V87","V88","V89","V90","V91","V92","V93","V94","V95","V96","V97","V98","V99","V100"
3.85371305252611e-05,3.85371305252611e-05,3.85371305252611e-05,3.85371305252611e-05,3.85371305252611e-05,3.85371305252611e-05,3.85371305252611e-05,3.85371305252611e-05,3.85371305252611e-05,3.85371305252611e-05,3.85371305252611e-05,3.85371305252611e-05,3.85371305252611e-05,3.85371305252611e-05,3.85371305252611e-05,3.85371305252611e-05,3.85371305252611e-05,3.85371305252611e-05,3.85371305252611e-05,3.85371305252611e-05,3.85371305252611e-05,3.85371305252611e-05,3.85371305252611e-05,3.85371305252611e-05,3.85371305252611e-05,3.85371305252611e-05,3.85371305252611e-05,3.85371305252611e-05,3.85371305252611e-05,3.85371305252611e-05,3.85371305252611e-05,3.85371305252611e-05,3.85371305252611e-05,3.85371305252611e-05,3.85371305252611e-05,3.85371305252611e-05,3.85371305252611e-05,3.85371305252611e-05,3.85371305252611e-05,3.85371305252611e-05,3.85371305252611e-05,3.85371305252611e-05,3.85371305252611e-05,3.85371305252611e-05,3.85371305252611e-05,3.85371305252611e-05,3.85371305252611e-05,3.85371305252611e-05,3.85371305252611e-05,3.85371305252611e-05,3.85371305252611e-05,3.85371305252611e-05,3.85371305252611e-05,3.85371305252611e-05,3.85371305252611e-05,3.85371305252611e-05,3.85371305252611e-05,3.85371305252611e-05,3.85371305252611e-05,3.85371305252611e-05,3.85371305252611e-05,3.85371305252611e-05,3.85371305252611e-05,3.85371305252611e-05,3.85371305252611e-05,3.85371305252611e-05,3.85371305252611e-05,3.85371305252611e-05,3.85371305252611e-05,3.85371305252611e-05,3.85371305252611e-05,3.85371305252611e-05,3.85371305252611e-05,3.85371305252611e-05,3.85371305252611e-05,3.85371305252611e-05,3.85371305252611e-05,3.85371305252611e-05,3.85371305252611e-05,3.85371305252611e-05,3.85371305252611e-05,3.85371305252611e-05,3.85371305252611e-05,3.85371305252611e-05,3.85371305252611e-05,3.85371305252611e-05,3.85371305252611e-05,3.85371305252611e-05,3.85371305252611e-05,3.85371305252611e-05,3.85371305252611e-05,3.85371305252611e-05,3.85371305252611e-05,3.85371305252611e-05,3.85371305252611e-05,3.85371305252611e-05,3.85371305252611e-05,3.85371305252611e-05,3.85371305252611e-05,3.85371305252611e-05
3.85371305252611e-05,3.85371305252611e-05,3.85371305252611e-05,3.85371305252611e-05,3.85371305252611e-05,3.85371305252611e-05,3.85371305252611e-05,3.85371305252611e-05,3.85371305252611e-05,3.85371305252611e-05,3.85371305252611e-05,3.85371305252611e-05,3.85371305252611e-05,3.85371305252611e-05,3.85371305252611e-05,3.85371305252611e-05,3.85371305252611e-05,3.85371305252611e-05,3.85371305252611e-05,3.85371305252611e-05,3.85371305252611e-05,3.85371305252611e-05,3.85371305252611e-05,3.85371305252611e-05,3.85371305252611e-05,3.85371305252611e-05,3.85371305252611e-05,3.85371305252611e-05,3.85371305252611e-05,3.85371305252611e-05,3.85371305252611e-05,3.85371305252611e-05,3.85371305252611e-05,3.85371305252611e-05,3.85371305252611e-05,3.85371305252611e-05,3.85371305252611e-05,3.85371305252611e-05,3.85371305252611e-05,3.85371305252611e-05,3.85371305252611e-05,3.85371305252611e-05,3.85371305252611e-05,3.85371305252611e-05,3.85371305252611e-05,3.85371305252611e-05,3.85371305252611e-05,3.85371305252611e-05,3.85371305252611e-05,3.85371305252611e-05,3.85371305252611e-05,3.85371305252611e-05,3.85371305252611e-05,3.85371305252611e-05,3.85371305252611e-05,3.85371305252611e-05,3.85371305252611e-05,3.85371305252611e-05,3.85371305252611e-05,3.85371305252611e-05,3.85371305252611e-05,3.85371305252611e-05,3.85371305252611e-05,3.85371305252611e-05,3.85371305252611e-05,3.85371305252611e-05,3.85371305252611e-05,3.85371305252611e-05,3.85371305252611e-05,3.85371305252611e-05,3.85371305252611e-05,3.85371305252611e-05,3.85371305252611e-05,3.85371305252611e-05,3.85371305252611e-05,3.85371305252611e-05,3.85371305252611e-05,3.85371305252611e-05,3.85371305252611e-05,3.85371305252611e-05,3.85371305252611e-05,3.85371305252611e-05,3.85371305252611e-05,3.85371305252611e-05,3.85371305252611e-05,3.85371305252611e-05,3.85371305252611e-05,3.85371305252611e-05,3.85371305252611e-05,3.85371305252611e-05,3.85371305252611e-05,3.85371305252611e-05,3.85371305252611e-05,3.85371305252611e-05,3.85371305252611e-05,3.85371305252611e-05,3.85371305252611e-05,3.85371305252611e-05,3.85371305252611e-05,3.85371305252611e-05
3.85371305252611e-05,3.85371305252611e-05,3.85371305252611e-05,3.85371305252611e-05,3.85371305252611e-05,3.85371305252611e-05,3.85371305252611e-05,3.85371305252611e-05,3.85371305252611e-05,3.85371305252611e-05,3.85371305252611e-05,3.85371305252611e-05,3.85371305252611e-05,3.85371305252611e-05,3.85371305252611e-05,3.85371305252611e-05,3.85371305252611e-05,3.85371305252611e-05,3.85371305252611e-05,3.85371305252611e-05,3.85371305252611e-05,3.85371305252611e-05,3.85371305252611e-05,3.85371305252611e-05,3.85371305252611e-05,3.85371305252611e-05,3.85371305252611e-05,3.85371305252611e-05,3.85371305252611e-05,3.85371305252611e-05,3.85371305252611e-05,3.85371305252611e-05,3.85371305252611e-05,3.85371305252611e-05,3.85371305252611e-05,3.85371305252611e-05,3.85371305252611e-05,3.85371305252611e-05,3.85371305252611e-05,3.85371305252611e-05,3.85371305252611e-05,3.85371305252611e-05,3.85371305252611e-05,3.85371305252611e-05,3.85371305252611e-05,3.85371305252611e-05,3.85371305252611e-05,3.85371305252611e-05,3.85371305252611e-05,3.85371305252611e-05,3.85371305252611e-05,3.85371305252611e-05,3.85371305252611e-05,3.85371305252611e-05,3.85371305252611e-05,3.85371305252611e-05,3.85371305252611e-05,3.85371305252611e-05,3.85371305252611e-05,3.85371305252611e-05,3.85371305252611e-05,3.85371305252611e-05,3.85371305252611e-05,3.85371305252611e-05,3.85371305252611e-05,3.85371305252611e-05,3.85371305252611e-05,3.85371305252611e-05,3.85371305252611e-05,3.85371305252611e-05,3.85371305252611e-05,3.85371305252611e-05,3.85371305252611e-05,3.85371305252611e-05,3.85371305252611e-05,3.85371305252611e-05,3.85371305252611e-05,3.85371305252611e-05,3.85371305252611e-05,3.85371305252611e-05,3.85371305252611e-05,3.85371305252611e-05,3.85371305252611e-05,3.85371305252611e-05,3.85371305252611e-05,3.85371305252611e-05,3.85371305252611e-05,3.85371305252611e-05,3.85371305252611e-05,3.85371305252611e-05,3.85371305252611e-05,3.85371305252611e-05,3.85371305252611e-05,3.85371305252611e-05,3.85371305252611e-05,3.85371305252611e-05,3.85371305252611e-05,3.85371305252611e-05,3.85371305252611e-05,3.85371305252611e-05
3.85371305252611e-05,3.85371305252611e-05,3.85371305252611e-05,3.85371305252611e-05,3.85371305252611e-05,3.85371305252611e-05,3.85371305252611e-05,3.85371305252611e-05,3.85371305252611e-05,3.85371305252611e-05,3.85371305252611e-05,3.85371305252611e-05,3.85371305252611e-05,3.85371305252611e-05,3.85371305252611e-05,3.85371305252611e-05,3.85371305252611e-05,3.85371305252611e-05,3.85371305252611e-05,3.85371305252611e-05,3.85371305252611e-05,3.85371305252611e-05,3.85371305252611e-05,3.85371305252611e-05,3.85371305252611e-05,3.85371305252611e-05,3.85371305252611e-05,3.85371305252611e-05,3.85371305252611e-05,3.85371305252611e-05,3.85371305252611e-05,3.85371305252611e-05,3.85371305252611e-05,3.85371305252611e-05,3.85371305252611e-05,3.85371305252611e-05,3.85371305252611e-05,3.85371305252611e-05,3.85371305252611e-05,3.85371305252611e-05,3.85371305252611e-05,3.85371305252611e-05,3.85371305252611e-05,3.85371305252611e-05,3.85371305252611e-05,3.85371305252611e-05,3.85371305252611e-05,3.85371305252611e-05,3.85371305252611e-05,3.85371305252611e-05,3.85371305252611e-05,3.85371305252611e-05,3.85371305252611e-05,3.85371305252611e-05,3.85371305252611e-05,3.85371305252611e-05,3.85371305252611e-05,3.85371305252611e-05,3.85371305252611e-05,3.85371305252611e-05,3.85371305252611e-05,3.85371305252611e-05,3.85371305252611e-05,3.85371305252611e-05,3.85371305252611e-05,3.85371305252611e-05,3.85371305252611e-05,3.85371305252611e-05,3.85371305252611e-05,3.85371305252611e-05,3.85371305252611e-05,3.85371305252611e-05,3.85371305252611e-05,3.85371305252611e-05,3.85371305252611e-05,3.85371305252611e-05,3.85371305252611e-05,3.85371305252611e-05,3.85371305252611e-05,3.85371305252611e-05,3.85371305252611e-05,3.85371305252611e-05,3.85371305252611e-05,3.85371305252611e-05,3.85371305252611e-05,3.85371305252611e-05,3.85371305252611e-05,3.85371305252611e-05,3.85371305252611e-05,3.85371305252611e-05,3.85371305252611e-05,3.85371305252611e-05,3.85371305252611e-05,3.85371305252611e-05,3.85371305252611e-05,3.85371305252611e-05,3.85371305252611e-05,3.85371305252611e-05,3.85371305252611e-05,3.85371305252611e-05
3.85371305252611e-05,3.85371305252611e-05,3.85371305252611e-05,3.85371305252611e-05,3.85371305252611e-05,3.85371305252611e-05,3.85371305252611e-05,3.85371305252611e-05,3.85371305252611e-05,3.85371305252611e-05,3.85371305252611e-05,3.85371305252611e-05,3.85371305252611e-05,3.85371305252611e-05,3.85371305252611e-05,3.85371305252611e-05,3.85371305252611e-05,3.85371305252611e-05,3.85371305252611e-05,3.85371305252611e-05,3.85371305252611e-05,3.85371305252611e-05,3.85371305252611e-05,3.85371305252611e-05,3.85371305252611e-05,3.85371305252611e-05,3.85371305252611e-05,3.85371305252611e-05,3.85371305252611e-05,3.85371305252611e-05,3.85371305252611e-05,3.85371305252611e-05,3.85371305252611e-05,3.85371305252611e-05,3.85371305252611e-05,3.85371305252611e-05,3.85371305252611e-05,3.85371305252611e-05,3.85371305252611e-05,3.85371305252611e-05,3.85371305252611e-05,3.85371305252611e-05,3.85371305252611e-05,3.85371305252611e-05,3.85371305252611e-05,3.85371305252611e-05,3.85371305252611e-05,3.85371305252611e-05,3.85371305252611e-05,3.85371305252611e-05,3.85371305252611e-05,3.85371305252611e-05,3.85371305252611e-05,3.85371305252611e-05,3.85371305252611e-05,3.85371305252611e-05,3.85371305252611e-05,3.85371305252611e-05,3.85371305252611e-05,3.85371305252611e-05,3.85371305252611e-05,3.85371305252611e-05,3.85371305252611e-05,3.85371305252611e-05,3.85371305252611e-05,3.85371305252611e-05,3.85371305252611e-05,3.85371305252611e-05,3.85371305252611e-05,3.85371305252611e-05,3.85371305252611e-05,3.85371305252611e-05,3.85371305252611e-05,3.85371305252611e-05,3.85371305252611e-05,3.85371305252611e-05,3.85371305252611e-05,3.85371305252611e-05,3.85371305252611e-05,3.85371305252611e-05,3.85371305252611e-05,3.85371305252611e-05,3.85371305252611e-05,3.85371305252611e-05,3.85371305252611e-05,3.85371305252611e-05,3.85371305252611e-05,3.85371305252611e-05,3.85371305252611e-05,3.85371305252611e-05,3.85371305252611e-05,3.85371305252611e-05,3.85371305252611e-05,3.85371305252611e-05,3.85371305252611e-05,3.85371305252611e-05,3.85371305252611e-05,3.85371305252611e-05,3.85371305252611e-05,3.85371305252611e-05
3.85371305252611e-05,3.85371305252611e-05,3.85371305252611e-05,3.85371305252611e-05,3.85371305252611e-05,3.85371305252611e-05,3.85371305252611e-05,3.85371305252611e-05,3.85371305252611e-05,3.85371305252611e-05,3.85371305252611e-05,3.85371305252611e-05,3.85371305252611e-05,3.85371305252611e-05,3.85371305252611e-05,3.85371305252611e-05,3.85371305252611e-05,3.85371305252611e-05,3.85371305252611e-05,3.85371305252611e-05,3.85371305252611e-05,3.85371305252611e-05,3.85371305252611e-05,3.85371305252611e-05,3.85371305252611e-05,3.85371305252611e-05,3.85371305252611e-05,3.85371305252611e-05,3.85371305252611e-05,3.85371305252611e-05,3.85371305252611e-05,3.85371305252611e-05,3.85371305252611e-05,3.85371305252611e-05,3.85371305252611e-05,3.85371305252611e-05,3.85371305252611e-05,3.85371305252611e-05,3.85371305252611e-05,3.85371305252611e-05,3.85371305252611e-05,3.85371305252611e-05,3.85371305252611e-05,3.85371305252611e-05,3.85371305252611e-05,3.85371305252611e-05,3.85371305252611e-05,3.85371305252611e-05,3.85371305252611e-05,3.85371305252611e-05,3.85371305252611e-05,3.85371305252611e-05,3.85371305252611e-05,3.85371305252611e-05,3.85371305252611e-05,3.85371305252611e-05,3.85371305252611e-05,3.85371305252611e-05,3.85371305252611e-05,3.85371305252611e-05,3.85371305252611e-05,3.85371305252611e-05,3.85371305252611e-05,3.85371305252611e-05,3.85371305252611e-05,3.85371305252611e-05,3.85371305252611e-05,3.85371305252611e-05,3.85371305252611e-05,3.85371305252611e-05,3.85371305252611e-05,3.85371305252611e-05,3.85371305252611e-05,3.85371305252611e-05,3.85371305252611e-05,3.85371305252611e-05,3.85371305252611e-05,3.85371305252611e-05,3.85371305252611e-05,3.85371305252611e-05,3.85371305252611e-05,3.85371305252611e-05,3.85371305252611e-05,3.85371305252611e-05,3.85371305252611e-05,3.85371305252611e-05,3.85371305252611e-05,3.85371305252611e-05,3.85371305252611e-05,3.85371305252611e-05,3.85371305252611e-05,3.85371305252611e-05,3.85371305252611e-05,3.85371305252611e-05,3.85371305252611e-05,3.85371305252611e-05,3.85371305252611e-05,3.85371305252611e-05,3.85371305252611e-05,3.85371305252611e-05
3.85371305252611e-05,3.85371305252611e-05,3.85371305252611e-05,3.85371305252611e-05,3.85371305252611e-05,3.85371305252611e-05,3.85371305252611e-05,3.85371305252611e-05,3.85371305252611e-05,3.85371305252611e-05,3.85371305252611e-05,3.85371305252611e-05,3.85371305252611e-05,3.85371305252611e-05,3.85371305252611e-05,3.85371305252611e-05,3.85371305252611e-05,3.85371305252611e-05,3.85371305252611e-05,3.85371305252611e-05,3.85371305252611e-05,3.85371305252611e-05,3.85371305252611e-05,3.85371305252611e-05,3.85371305252611e-05,3.85371305252611e-05,3.85371305252611e-05,3.85371305252611e-05,3.85371305252611e-05,3.85371305252611e-05,3.85371305252611e-05,3.85371305252611e-05,3.85371305252611e-05,3.85371305252611e-05,3.85371305252611e-05,3.85371305252611e-05,3.85371305252611e-05,3.85371305252611e-05,3.85371305252611e-05,3.85371305252611e-05,3.85371305252611e-05,3.85371305252611e-05,3.85371305252611e-05,3.85371305252611e-05,3.85371305252611e-05,3.85371305252611e-05,3.85371305252611e-05,3.85371305252611e-05,3.85371305252611e-05,3.85371305252611e-05,3.85371305252611e-05,3.85371305252611e-05,3.85371305252611e-05,3.85371305252611e-05,3.85371305252611e-05,3.85371305252611e-05,3.85371305252611e-05,3.85371305252611e-05,3.85371305252611e-05,3.85371305252611e-05,3.85371305252611e-05,3.85371305252611e-05,3.85371305252611e-05,3.85371305252611e-05,3.85371305252611e-05,3.85371305252611e-05,3.85371305252611e-05,3.85371305252611e-05,3.85371305252611e-05,3.85371305252611e-05,3.85371305252611e-05,3.85371305252611e-05,3.85371305252611e-05,3.85371305252611e-05,3.85371305252611e-05,3.85371305252611e-05,3.85371305252611e-05,3.85371305252611e-05,3.85371305252611e-05,3.85371305252611e-05,3.85371305252611e-05,3.85371305252611e-05,3.85371305252611e-05,3.85371305252611e-05,3.85371305252611e-05,3.85371305252611e-05,3.85371305252611e-05,3.85371305252611e-05,3.85371305252611e-05,3.85371305252611e-05,3.85371305252611e-05,3.85371305252611e-05,3.85371305252611e-05,3.85371305252611e-05,3.85371305252611e-05,3.85371305252611e-05,3.85371305252611e-05,3.85371305252611e-05,3.85371305252611e-05,3.85371305252611e-05
3.85371305252611e-05,3.85371305252611e-05,3.85371305252611e-05,3.85371305252611e-05,3.85371305252611e-05,3.85371305252611e-05,3.85371305252611e-05,3.85371305252611e-05,3.85371305252611e-05,3.85371305252611e-05,3.85371305252611e-05,3.85371305252611e-05,3.85371305252611e-05,3.85371305252611e-05,3.85371305252611e-05,3.85371305252611e-05,3.85371305252611e-05,3.85371305252611e-05,3.85371305252611e-05,3.85371305252611e-05,3.85371305252611e-05,3.85371305252611e-05,3.85371305252611e-05,3.85371305252611e-05,3.85371305252611e-05,3.85371305252611e-05,3.85371305252611e-05,3.85371305252611e-05,3.85371305252611e-05,3.85371305252611e-05,3.85371305252611e-05,3.85371305252611e-05,3.85371305252611e-05,3.85371305252611e-05,3.85371305252611e-05,3.85371305252611e-05,3.85371305252611e-05,3.85371305252611e-05,3.85371305252611e-05,3.85371305252611e-05,3.85371305252611e-05,3.85371305252611e-05,3.85371305252611e-05,3.85371305252611e-05,3.85371305252611e-05,3.85371305252611e-05,3.85371305252611e-05,3.85371305252611e-05,3.85371305252611e-05,3.85371305252611e-05,3.85371305252611e-05,3.85371305252611e-05,3.85371305252611e-05,3.85371305252611e-05,3.85371305252611e-05,3.85371305252611e-05,3.85371305252611e-05,3.85371305252611e-05,3.85371305252611e-05,3.85371305252611e-05,3.85371305252611e-05,3.85371305252611e-05,3.85371305252611e-05,3.85371305252611e-05,3.85371305252611e-05,3.85371305252611e-05,3.85371305252611e-05,3.85371305252611e-05,3.85371305252611e-05,3.85371305252611e-05,3.85371305252611e-05,3.85371305252611e-05,3.85371305252611e-05,3.85371305252611e-05,3.85371305252611e-05,3.85371305252611e-05,3.85371305252611e-05,3.85371305252611e-05,3.85371305252611e-05,3.85371305252611e-05,3.85371305252611e-05,3.85371305252611e-05,3.85371305252611e-05,3.85371305252611e-05,3.85371305252611e-05,3.85371305252611e-05,3.85371305252611e-05,3.85371305252611e-05,3.85371305252611e-05,3.85371305252611e-05,3.85371305252611e-05,3.85371305252611e-05,3.85371305252611e-05,3.85371305252611e-05,3.85371305252611e-05,3.85371305252611e-05,3.85371305252611e-05,3.85371305252611e-05,3.85371305252611e-05,3.85371305252611e-05
3.85371305252611e-05,3.85371305252611e-05,3.85371305252611e-05,3.85371305252611e-05,3.85371305252611e-05,3.85371305252611e-05,3.85371305252611e-05,3.85371305252611e-05,3.85371305252611e-05,3.85371305252611e-05,3.85371305252611e-05,3.85371305252611e-05,3.85371305252611e-05,3.85371305252611e-05,3.85371305252611e-05,3.85371305252611e-05,3.85371305252611e-05,3.85371305252611e-05,3.85371305252611e-05,3.85371305252611e-05,3.85371305252611e-05,3.85371305252611e-05,3.85371305252611e-05,3.85371305252611e-05,3.85371305252611e-05,3.85371305252611e-05,3.85371305252611e-05,3.85371305252611e-05,3.85371305252611e-05,3.85371305252611e-05,3.85371305252611e-05,3.85371305252611e-05,3.85371305252611e-05,3.85371305252611e-05,3.85371305252611e-05,3.85371305252611e-05,3.85371305252611e-05,3.85371305252611e-05,3.85371305252611e-05,3.85371305252611e-05,3.85371305252611e-05,3.85371305252611e-05,3.85371305252611e-05,3.85371305252611e-05,3.85371305252611e-05,3.85371305252611e-05,3.85371305252611e-05,3.85371305252611e-05,3.85371305252611e-05,3.85371305252611e-05,3.85371305252611e-05,3.85371305252611e-05,3.85371305252611e-05,3.85371305252611e-05,3.85371305252611e-05,3.85371305252611e-05,3.85371305252611e-05,3.85371305252611e-05,3.85371305252611e-05,3.85371305252611e-05,3.85371305252611e-05,3.85371305252611e-05,3.85371305252611e-05,3.85371305252611e-05,3.85371305252611e-05,3.85371305252611e-05,3.85371305252611e-05,3.85371305252611e-05,3.85371305252611e-05,3.85371305252611e-05,3.85371305252611e-05,3.85371305252611e-05,3.85371305252611e-05,3.85371305252611e-05,3.85371305252611e-05,3.85371305252611e-05,3.85371305252611e-05,3.85371305252611e-05,3.85371305252611e-05,3.85371305252611e-05,3.85371305252611e-05,3.85371305252611e-05,3.85371305252611e-05,3.85371305252611e-05,3.85371305252611e-05,3.85371305252611e-05,3.85371305252611e-05,3.85371305252611e-05,3.85371305252611e-05,3.85371305252611e-05,3.85371305252611e-05,3.85371305252611e-05,3.85371305252611e-05,3.85371305252611e-05,3.85371305252611e-05,3.85371305252611e-05,3.85371305252611e-05,3.85371305252611e-05,3.85371305252611e-05,3.85371305252611e-05
3.85371305252611e-05,3.85371305252611e-05,3.85371305252611e-05,3.85371305252611e-05,3.85371305252611e-05,3.85371305252611e-05,3.85371305252611e-05,3.85371305252611e-05,3.85371305252611e-05,3.85371305252611e-05,3.85371305252611e-05,3.85371305252611e-05,3.85371305252611e-05,3.85371305252611e-05,3.85371305252611e-05,3.85371305252611e-05,3.85371305252611e-05,3.85371305252611e-05,3.85371305252611e-05,3.85371305252611e-05,3.85371305252611e-05,3.85371305252611e-05,3.85371305252611e-05,3.85371305252611e-05,3.85371305252611e-05,3.85371305252611e-05,3.85371305252611e-05,3.85371305252611e-05,3.85371305252611e-05,3.85371305252611e-05,3.85371305252611e-05,3.85371305252611e-05,3.85371305252611e-05,3.85371305252611e-05,3.85371305252611e-05,3.85371305252611e-05,3.85371305252611e-05,3.85371305252611e-05,3.85371305252611e-05,3.85371305252611e-05,3.85371305252611e-05,3.85371305252611e-05,3.85371305252611e-05,3.85371305252611e-05,3.85371305252611e-05,3.85371305252611e-05,3.85371305252611e-05,3.85371305252611e-05,3.85371305252611e-05,3.85371305252611e-05,3.85371305252611e-05,3.85371305252611e-05,3.85371305252611e-05,3.85371305252611e-05,3.85371305252611e-05,3.85371305252611e-05,3.85371305252611e-05,3.85371305252611e-05,3.85371305252611e-05,3.85371305252611e-05,3.85371305252611e-05,3.85371305252611e-05,3.85371305252611e-05,3.85371305252611e-05,3.85371305252611e-05,3.85371305252611e-05,3.85371305252611e-05,3.85371305252611e-05,3.85371305252611e-05,3.85371305252611e-05,3.85371305252611e-05,3.85371305252611e-05,3.85371305252611e-05,3.85371305252611e-05,3.85371305252611e-05,3.85371305252611e-05,3.85371305252611e-05,3.85371305252611e-05,3.85371305252611e-05,3.85371305252611e-05,3.85371305252611e-05,3.85371305252611e-05,3.85371305252611e-05,3.85371305252611e-05,3.85371305252611e-05,3.85371305252611e-05,3.85371305252611e-05,3.85371305252611e-05,3.85371305252611e-05,3.85371305252611e-05,3.85371305252611e-05,3.85371305252611e-05,3.85371305252611e-05,3.85371305252611e-05,3.85371305252611e-05,3.85371305252611e-05,3.85371305252611e-05,3.85371305252611e-05,3.85371305252611e-05,3.85371305252611e-05
3.85371305252611e-05,3.85371305252611e-05,3.85371305252611e-05,3.85371305252611e-05,3.85371305252611e-05,3.85371305252611e-05,3.85371305252611e-05,3.85371305252611e-05,3.85371305252611e-05,3.85371305252611e-05,3.85371305252611e-05,3.85371305252611e-05,3.85371305252611e-05,3.85371305252611e-05,3.85371305252611e-05,3.85371305252611e-05,3.85371305252611e-05,3.85371305252611e-05,3.85371305252611e-05,3.85371305252611e-05,3.85371305252611e-05,3.85371305252611e-05,3.85371305252611e-05,3.85371305252611e-05,3.85371305252611e-05,3.85371305252611e-05,3.85371305252611e-05,3.85371305252611e-05,3.85371305252611e-05,3.85371305252611e-05,3.85371305252611e-05,3.85371305252611e-05,3.85371305252611e-05,3.85371305252611e-05,3.85371305252611e-05,3.85371305252611e-05,3.85371305252611e-05,3.85371305252611e-05,3.85371305252611e-05,3.85371305252611e-05,3.85371305252611e-05,3.85371305252611e-05,3.85371305252611e-05,3.85371305252611e-05,3.85371305252611e-05,3.85371305252611e-05,3.85371305252611e-05,3.85371305252611e-05,3.85371305252611e-05,3.85371305252611e-05,3.85371305252611e-05,3.85371305252611e-05,3.85371305252611e-05,3.85371305252611e-05,3.85371305252611e-05,3.85371305252611e-05,3.85371305252611e-05,3.85371305252611e-05,3.85371305252611e-05,3.85371305252611e-05,3.85371305252611e-05,3.85371305252611e-05,3.85371305252611e-05,3.85371305252611e-05,3.85371305252611e-05,3.85371305252611e-05,3.85371305252611e-05,3.85371305252611e-05,3.85371305252611e-05,3.85371305252611e-05,3.85371305252611e-05,3.85371305252611e-05,3.85371305252611e-05,3.85371305252611e-05,3.85371305252611e-05,3.85371305252611e-05,3.85371305252611e-05,3.85371305252611e-05,3.85371305252611e-05,3.85371305252611e-05,3.85371305252611e-05,3.85371305252611e-05,3.85371305252611e-05,3.85371305252611e-05,3.85371305252611e-05,3.85371305252611e-05,3.85371305252611e-05,3.85371305252611e-05,3.85371305252611e-05,3.85371305252611e-05,3.85371305252611e-05,3.85371305252611e-05,3.85371305252611e-05,3.85371305252611e-05,3.85371305252611e-05,3.85371305252611e-05,3.85371305252611e-05,3.85371305252611e-05,3.85371305252611e-05,3.85371305252611e-05
3.85371305252611e-05,3.85371305252611e-05,3.85371305252611e-05,3.85371305252611e-05,3.85371305252611e-05,3.85371305252611e-05,3.85371305252611e-05,3.85371305252611e-05,3.85371305252611e-05,3.85371305252611e-05,3.85371305252611e-05,3.85371305252611e-05,3.85371305252611e-05,3.85371305252611e-05,3.85371305252611e-05,3.85371305252611e-05,3.85371305252611e-05,3.85371305252611e-05,3.85371305252611e-05,3.85371305252611e-05,3.85371305252611e-05,3.85371305252611e-05,3.85371305252611e-05,3.85371305252611e-05,3.85371305252611e-05,3.85371305252611e-05,3.85371305252611e-05,3.85371305252611e-05,3.85371305252611e-05,3.85371305252611e-05,3.85371305252611e-05,3.85371305252611e-05,3.85371305252611e-05,3.85371305252611e-05,3.85371305252611e-05,3.85371305252611e-05,3.85371305252611e-05,3.85371305252611e-05,3.85371305252611e-05,3.85371305252611e-05,3.85371305252611e-05,3.85371305252611e-05,3.85371305252611e-05,3.85371305252611e-05,3.85371305252611e-05,3.85371305252611e-05,3.85371305252611e-05,3.85371305252611e-05,3.85371305252611e-05,3.85371305252611e-05,3.85371305252611e-05,3.85371305252611e-05,3.85371305252611e-05,3.85371305252611e-05,3.85371305252611e-05,3.85371305252611e-05,3.85371305252611e-05,3.85371305252611e-05,3.85371305252611e-05,3.85371305252611e-05,3.85371305252611e-05,3.85371305252611e-05,3.85371305252611e-05,3.85371305252611e-05,3.85371305252611e-05,3.85371305252611e-05,3.85371305252611e-05,3.85371305252611e-05,3.85371305252611e-05,3.85371305252611e-05,3.85371305252611e-05,3.85371305252611e-05,3.85371305252611e-05,3.85371305252611e-05,3.85371305252611e-05,3.85371305252611e-05,3.85371305252611e-05,3.85371305252611e-05,3.85371305252611e-05,3.85371305252611e-05,3.85371305252611e-05,3.85371305252611e-05,3.85371305252611e-05,3.85371305252611e-05,3.85371305252611e-05,3.85371305252611e-05,3.85371305252611e-05,3.85371305252611e-05,3.85371305252611e-05,3.85371305252611e-05,3.85371305252611e-05,3.85371305252611e-05,3.85371305252611e-05,3.85371305252611e-05,3.85371305252611e-05,3.85371305252611e-05,3.85371305252611e-05,3.85371305252611e-05,3.85371305252611e-05,3.85371305252611e-05
3.85371305252611e-05,3.85371305252611e-05,3.85371305252611e-05,3.85371305252611e-05,3.85371305252611e-05,3.85371305252611e-05,3.85371305252611e-05,3.85371305252611e-05,3.85371305252611e-05,3.85371305252611e-05,3.85371305252611e-05,3.85371305252611e-05,3.85371305252611e-05,3.85371305252611e-05,3.85371305252611e-05,3.85371305252611e-05,3.85371305252611e-05,3.85371305252611e-05,3.85371305252611e-05,3.85371305252611e-05,3.85371305252611e-05,3.85371305252611e-05,3.85371305252611e-05,3.85371305252611e-05,3.85371305252611e-05,3.85371305252611e-05,3.85371305252611e-05,3.85371305252611e-05,3.85371305252611e-05,3.85371305252611e-05,3.85371305252611e-05,3.85371305252611e-05,3.85371305252611e-05,3.85371305252611e-05,3.85371305252611e-05,3.85371305252611e-05,3.85371305252611e-05,3.85371305252611e-05,3.85371305252611e-05,3.85371305252611e-05,3.85371305252611e-05,3.85371305252611e-05,3.85371305252611e-05,3.85371305252611e-05,3.85371305252611e-05,3.85371305252611e-05,3.85371305252611e-05,3.85371305252611e-05,3.85371305252611e-05,3.85371305252611e-05,3.85371305252611e-05,3.85371305252611e-05,3.85371305252611e-05,3.85371305252611e-05,3.85371305252611e-05,3.85371305252611e-05,3.85371305252611e-05,3.85371305252611e-05,3.85371305252611e-05,3.85371305252611e-05,3.85371305252611e-05,3.85371305252611e-05,3.85371305252611e-05,3.85371305252611e-05,3.85371305252611e-05,3.85371305252611e-05,3.85371305252611e-05,3.85371305252611e-05,3.85371305252611e-05,3.85371305252611e-05,3.85371305252611e-05,3.85371305252611e-05,3.85371305252611e-05,3.85371305252611e-05,3.85371305252611e-05,3.85371305252611e-05,3.85371305252611e-05,3.85371305252611e-05,3.85371305252611e-05,3.85371305252611e-05,3.85371305252611e-05,3.85371305252611e-05,3.85371305252611e-05,3.85371305252611e-05,3.85371305252611e-05,3.85371305252611e-05,3.85371305252611e-05,3.85371305252611e-05,3.85371305252611e-05,3.85371305252611e-05,3.85371305252611e-05,3.85371305252611e-05,3.85371305252611e-05,3.85371305252611e-05,3.85371305252611e-05,3.85371305252611e-05,3.85371305252611e-05,3.85371305252611e-05,3.85371305252611e-05,3.85371305252611e-05
3.85371305252611e-05,3.85371305252611e-05,3.85371305252611e-05,3.85371305252611e-05,3.85371305252611e-05,3.85371305252611e-05,3.85371305252611e-05,3.85371305252611e-05,3.85371305252611e-05,3.85371305252611e-05,3.85371305252611e-05,3.85371305252611e-05,3.85371305252611e-05,3.85371305252611e-05,3.85371305252611e-05,3.85371305252611e-05,3.85371305252611e-05,3.85371305252611e-05,3.85371305252611e-05,3.85371305252611e-05,3.85371305252611e-05,3.85371305252611e-05,3.85371305252611e-05,3.85371305252611e-05,3.85371305252611e-05,3.85371305252611e-05,3.85371305252611e-05,3.85371305252611e-05,3.85371305252611e-05,3.85371305252611e-05,3.85371305252611e-05,3.85371305252611e-05,3.85371305252611e-05,3.85371305252611e-05,3.85371305252611e-05,3.85371305252611e-05,3.85371305252611e-05,3.85371305252611e-05,3.85371305252611e-05,3.85371305252611e-05,3.85371305252611e-05,3.85371305252611e-05,3.85371305252611e-05,3.85371305252611e-05,3.85371305252611e-05,3.85371305252611e-05,3.85371305252611e-05,3.85371305252611e-05,3.85371305252611e-05,3.85371305252611e-05,3.85371305252611e-05,3.85371305252611e-05,3.85371305252611e-05,3.85371305252611e-05,3.85371305252611e-05,3.85371305252611e-05,3.85371305252611e-05,3.85371305252611e-05,3.85371305252611e-05,3.85371305252611e-05,3.85371305252611e-05,3.85371305252611e-05,3.85371305252611e-05,3.85371305252611e-05,3.85371305252611e-05,3.85371305252611e-05,3.85371305252611e-05,3.85371305252611e-05,3.85371305252611e-05,3.85371305252611e-05,3.85371305252611e-05,3.85371305252611e-05,3.85371305252611e-05,3.85371305252611e-05,3.85371305252611e-05,3.85371305252611e-05,3.85371305252611e-05,3.85371305252611e-05,3.85371305252611e-05,3.85371305252611e-05,3.85371305252611e-05,3.85371305252611e-05,3.85371305252611e-05,3.85371305252611e-05,3.85371305252611e-05,3.85371305252611e-05,3.85371305252611e-05,3.85371305252611e-05,3.85371305252611e-05,3.85371305252611e-05,3.85371305252611e-05,3.85371305252611e-05,3.85371305252611e-05,3.85371305252611e-05,3.85371305252611e-05,3.85371305252611e-05,3.85371305252611e-05,3.85371305252611e-05,3.85371305252611e-05,3.85371305252611e-05
3.85371305252611e-05,3.85371305252611e-05,3.85371305252611e-05,3.85371305252611e-05,3.85371305252611e-05,3.85371305252611e-05,3.85371305252611e-05,3.85371305252611e-05,3.85371305252611e-05,3.85371305252611e-05,3.85371305252611e-05,3.85371305252611e-05,3.85371305252611e-05,3.85371305252611e-05,3.85371305252611e-05,3.85371305252611e-05,3.85371305252611e-05,3.85371305252611e-05,3.85371305252611e-05,3.85371305252611e-05,3.85371305252611e-05,3.85371305252611e-05,3.85371305252611e-05,3.85371305252611e-05,3.85371305252611e-05,3.85371305252611e-05,3.85371305252611e-05,3.85371305252611e-05,3.85371305252611e-05,3.85371305252611e-05,3.85371305252611e-05,3.85371305252611e-05,3.85371305252611e-05,3.85371305252611e-05,3.85371305252611e-05,3.85371305252611e-05,3.85371305252611e-05,3.85371305252611e-05,3.85371305252611e-05,3.85371305252611e-05,3.85371305252611e-05,3.85371305252611e-05,3.85371305252611e-05,3.85371305252611e-05,3.85371305252611e-05,3.85371305252611e-05,3.85371305252611e-05,3.85371305252611e-05,3.85371305252611e-05,3.85371305252611e-05,3.85371305252611e-05,3.85371305252611e-05,3.85371305252611e-05,3.85371305252611e-05,3.85371305252611e-05,3.85371305252611e-05,3.85371305252611e-05,3.85371305252611e-05,3.85371305252611e-05,3.85371305252611e-05,3.85371305252611e-05,3.85371305252611e-05,3.85371305252611e-05,3.85371305252611e-05,3.85371305252611e-05,3.85371305252611e-05,3.85371305252611e-05,3.85371305252611e-05,3.85371305252611e-05,3.85371305252611e-05,3.85371305252611e-05,3.85371305252611e-05,3.85371305252611e-05,3.85371305252611e-05,3.85371305252611e-05,3.85371305252611e-05,3.85371305252611e-05,3.85371305252611e-05,3.85371305252611e-05,3.85371305252611e-05,3.85371305252611e-05,3.85371305252611e-05,3.85371305252611e-05,3.85371305252611e-05,3.85371305252611e-05,3.85371305252611e-05,3.85371305252611e-05,3.85371305252611e-05,3.85371305252611e-05,3.85371305252611e-05,3.85371305252611e-05,3.85371305252611e-05,3.85371305252611e-05,3.85371305252611e-05,3.85371305252611e-05,3.85371305252611e-05,3.85371305252611e-05,3.85371305252611e-05,3.85371305252611e-05,3.85371305252611e-05
3.85371305252611e-05,3.85371305252611e-05,3.85371305252611e-05,3.85371305252611e-05,3.85371305252611e-05,3.85371305252611e-05,3.85371305252611e-05,3.85371305252611e-05,3.85371305252611e-05,3.85371305252611e-05,3.85371305252611e-05,3.85371305252611e-05,3.85371305252611e-05,3.85371305252611e-05,3.85371305252611e-05,3.85371305252611e-05,3.85371305252611e-05,3.85371305252611e-05,3.85371305252611e-05,3.85371305252611e-05,3.85371305252611e-05,3.85371305252611e-05,3.85371305252611e-05,3.85371305252611e-05,3.85371305252611e-05,3.85371305252611e-05,3.85371305252611e-05,3.85371305252611e-05,3.85371305252611e-05,3.85371305252611e-05,3.85371305252611e-05,3.85371305252611e-05,3.85371305252611e-05,3.85371305252611e-05,3.85371305252611e-05,3.85371305252611e-05,3.85371305252611e-05,3.85371305252611e-05,3.85371305252611e-05,3.85371305252611e-05,3.85371305252611e-05,3.85371305252611e-05,3.85371305252611e-05,3.85371305252611e-05,3.85371305252611e-05,3.85371305252611e-05,3.85371305252611e-05,3.85371305252611e-05,3.85371305252611e-05,3.85371305252611e-05,3.85371305252611e-05,3.85371305252611e-05,3.85371305252611e-05,3.85371305252611e-05,3.85371305252611e-05,3.85371305252611e-05,3.85371305252611e-05,3.85371305252611e-05,3.85371305252611e-05,3.85371305252611e-05,3.85371305252611e-05,3.85371305252611e-05,3.85371305252611e-05,3.85371305252611e-05,3.85371305252611e-05,3.85371305252611e-05,3.85371305252611e-05,3.85371305252611e-05,3.85371305252611e-05,3.85371305252611e-05,3.85371305252611e-05,3.85371305252611e-05,3.85371305252611e-05,3.85371305252611e-05,3.85371305252611e-05,3.85371305252611e-05,3.85371305252611e-05,3.85371305252611e-05,3.85371305252611e-05,3.85371305252611e-05,3.85371305252611e-05,3.85371305252611e-05,3.85371305252611e-05,3.85371305252611e-05,3.85371305252611e-05,3.85371305252611e-05,3.85371305252611e-05,3.85371305252611e-05,3.85371305252611e-05,3.85371305252611e-05,3.85371305252611e-05,3.85371305252611e-05,3.85371305252611e-05,3.85371305252611e-05,3.85371305252611e-05,3.85371305252611e-05,3.85371305252611e-05,3.85371305252611e-05,3.85371305252611e-05,3.85371305252611e-05
3.85371305252611e-05,3.85371305252611e-05,3.85371305252611e-05,3.85371305252611e-05,3.85371305252611e-05,3.85371305252611e-05,3.85371305252611e-05,3.85371305252611e-05,3.85371305252611e-05,3.85371305252611e-05,3.85371305252611e-05,3.85371305252611e-05,3.85371305252611e-05,3.85371305252611e-05,3.85371305252611e-05,3.85371305252611e-05,3.85371305252611e-05,3.85371305252611e-05,3.85371305252611e-05,3.85371305252611e-05,3.85371305252611e-05,3.85371305252611e-05,3.85371305252611e-05,3.85371305252611e-05,3.85371305252611e-05,3.85371305252611e-05,3.85371305252611e-05,3.85371305252611e-05,3.85371305252611e-05,3.85371305252611e-05,3.85371305252611e-05,3.85371305252611e-05,3.85371305252611e-05,3.85371305252611e-05,3.85371305252611e-05,3.85371305252611e-05,3.85371305252611e-05,3.85371305252611e-05,3.85371305252611e-05,3.85371305252611e-05,3.85371305252611e-05,3.85371305252611e-05,3.85371305252611e-05,3.85371305252611e-05,3.85371305252611e-05,3.85371305252611e-05,3.85371305252611e-05,3.85371305252611e-05,3.85371305252611e-05,3.85371305252611e-05,3.85371305252611e-05,3.85371305252611e-05,3.85371305252611e-05,3.85371305252611e-05,3.85371305252611e-05,3.85371305252611e-05,3.85371305252611e-05,3.85371305252611e-05,3.85371305252611e-05,3.85371305252611e-05,3.85371305252611e-05,3.85371305252611e-05,3.85371305252611e-05,3.85371305252611e-05,3.85371305252611e-05,3.85371305252611e-05,3.85371305252611e-05,3.85371305252611e-05,3.85371305252611e-05,3.85371305252611e-05,3.85371305252611e-05,3.85371305252611e-05,3.85371305252611e-05,3.85371305252611e-05,3.85371305252611e-05,3.85371305252611e-05,3.85371305252611e-05,3.85371305252611e-05,3.85371305252611e-05,3.85371305252611e-05,3.85371305252611e-05,3.85371305252611e-05,3.85371305252611e-05,3.85371305252611e-05,3.85371305252611e-05,3.85371305252611e-05,3.85371305252611e-05,3.85371305252611e-05,3.85371305252611e-05,3.85371305252611e-05,3.85371305252611e-05,3.85371305252611e-05,3.85371305252611e-05,3.85371305252611e-05,3.85371305252611e-05,3.85371305252611e-05,3.85371305252611e-05,3.85371305252611e-05,3.85371305252611e-05,3.85371305252611e-05
3.85371305252611e-05,3.85371305252611e-05,3.85371305252611e-05,3.85371305252611e-05,3.85371305252611e-05,3.85371305252611e-05,3.85371305252611e-05,3.85371305252611e-05,3.85371305252611e-05,3.85371305252611e-05,3.85371305252611e-05,3.85371305252611e-05,3.85371305252611e-05,3.85371305252611e-05,3.85371305252611e-05,3.85371305252611e-05,3.85371305252611e-05,3.85371305252611e-05,3.85371305252611e-05,3.85371305252611e-05,3.85371305252611e-05,3.85371305252611e-05,3.85371305252611e-05,3.85371305252611e-05,3.85371305252611e-05,3.85371305252611e-05,3.85371305252611e-05,3.85371305252611e-05,3.85371305252611e-05,3.85371305252611e-05,3.85371305252611e-05,3.85371305252611e-05,3.85371305252611e-05,3.85371305252611e-05,3.85371305252611e-05,3.85371305252611e-05,3.85371305252611e-05,3.85371305252611e-05,3.85371305252611e-05,3.85371305252611e-05,3.85371305252611e-05,3.85371305252611e-05,3.85371305252611e-05,3.85371305252611e-05,3.85371305252611e-05,3.85371305252611e-05,3.85371305252611e-05,3.85371305252611e-05,3.85371305252611e-05,3.85371305252611e-05,3.85371305252611e-05,3.85371305252611e-05,3.85371305252611e-05,3.85371305252611e-05,3.85371305252611e-05,3.85371305252611e-05,3.85371305252611e-05,3.85371305252611e-05,3.85371305252611e-05,3.85371305252611e-05,3.85371305252611e-05,3.85371305252611e-05,3.85371305252611e-05,3.85371305252611e-05,3.85371305252611e-05,3.85371305252611e-05,3.85371305252611e-05,3.85371305252611e-05,3.85371305252611e-05,3.85371305252611e-05,3.85371305252611e-05,3.85371305252611e-05,3.85371305252611e-05,3.85371305252611e-05,3.85371305252611e-05,3.85371305252611e-05,3.85371305252611e-05,3.85371305252611e-05,3.85371305252611e-05,3.85371305252611e-05,3.85371305252611e-05,3.85371305252611e-05,3.85371305252611e-05,3.85371305252611e-05,3.85371305252611e-05,3.85371305252611e-05,3.85371305252611e-05,3.85371305252611e-05,3.85371305252611e-05,3.85371305252611e-05,3.85371305252611e-05,3.85371305252611e-05,3.85371305252611e-05,3.85371305252611e-05,3.85371305252611e-05,3.85371305252611e-05,3.85371305252611e-05,3.85371305252611e-05,3.85371305252611e-05,3.85371305252611e-05
3.85371305252611e-05,3.85371305252611e-05,3.85371305252611e-05,3.85371305252611e-05,3.85371305252611e-05,3.85371305252611e-05,3.85371305252611e-05,3.85371305252611e-05,3.85371305252611e-05,3.85371305252611e-05,3.85371305252611e-05,3.85371305252611e-05,3.85371305252611e-05,3.85371305252611e-05,3.85371305252611e-05,3.85371305252611e-05,3.85371305252611e-05,3.85371305252611e-05,3.85371305252611e-05,3.85371305252611e-05,3.85371305252611e-05,3.85371305252611e-05,3.85371305252611e-05,3.85371305252611e-05,3.85371305252611e-05,3.85371305252611e-05,3.85371305252611e-05,3.85371305252611e-05,3.85371305252611e-05,3.85371305252611e-05,3.85371305252611e-05,3.85371305252611e-05,3.85371305252611e-05,3.85371305252611e-05,3.85371305252611e-05,3.85371305252611e-05,3.85371305252611e-05,3.85371305252611e-05,3.85371305252611e-05,3.85371305252611e-05,3.85371305252611e-05,3.85371305252611e-05,3.85371305252611e-05,3.85371305252611e-05,3.85371305252611e-05,3.85371305252611e-05,3.85371305252611e-05,3.85371305252611e-05,3.85371305252611e-05,3.85371305252611e-05,3.85371305252611e-05,3.85371305252611e-05,3.85371305252611e-05,3.85371305252611e-05,3.85371305252611e-05,3.85371305252611e-05,3.85371305252611e-05,3.85371305252611e-05,3.85371305252611e-05,3.85371305252611e-05,3.85371305252611e-05,3.85371305252611e-05,3.85371305252611e-05,3.85371305252611e-05,3.85371305252611e-05,3.85371305252611e-05,3.85371305252611e-05,3.85371305252611e-05,3.85371305252611e-05,3.85371305252611e-05,3.85371305252611e-05,3.85371305252611e-05,3.85371305252611e-05,3.85371305252611e-05,3.85371305252611e-05,3.85371305252611e-05,3.85371305252611e-05,3.85371305252611e-05,3.85371305252611e-05,3.85371305252611e-05,3.85371305252611e-05,3.85371305252611e-05,3.85371305252611e-05,3.85371305252611e-05,3.85371305252611e-05,3.85371305252611e-05,3.85371305252611e-05,3.85371305252611e-05,3.85371305252611e-05,3.85371305252611e-05,3.85371305252611e-05,3.85371305252611e-05,3.85371305252611e-05,3.85371305252611e-05,3.85371305252611e-05,3.85371305252611e-05,3.85371305252611e-05,3.85371305252611e-05,3.85371305252611e-05,3.85371305252611e-05
3.85371305252611e-05,3.85371305252611e-05,3.85371305252611e-05,3.85371305252611e-05,3.85371305252611e-05,3.85371305252611e-05,3.85371305252611e-05,3.85371305252611e-05,3.85371305252611e-05,3.85371305252611e-05,3.85371305252611e-05,3.85371305252611e-05,3.85371305252611e-05,3.85371305252611e-05,3.85371305252611e-05,3.85371305252611e-05,3.85371305252611e-05,3.85371305252611e-05,3.85371305252611e-05,3.85371305252611e-05,3.85371305252611e-05,3.85371305252611e-05,3.85371305252611e-05,3.85371305252611e-05,3.85371305252611e-05,3.85371305252611e-05,3.85371305252611e-05,3.85371305252611e-05,3.85371305252611e-05,3.85371305252611e-05,3.85371305252611e-05,3.85371305252611e-05,3.85371305252611e-05,3.85371305252611e-05,3.85371305252611e-05,3.85371305252611e-05,3.85371305252611e-05,3.85371305252611e-05,3.85371305252611e-05,3.85371305252611e-05,3.85371305252611e-05,3.85371305252611e-05,3.85371305252611e-05,3.85371305252611e-05,3.85371305252611e-05,3.85371305252611e-05,3.85371305252611e-05,3.85371305252611e-05,3.85371305252611e-05,3.85371305252611e-05,3.85371305252611e-05,3.85371305252611e-05,3.85371305252611e-05,3.85371305252611e-05,3.85371305252611e-05,3.85371305252611e-05,3.85371305252611e-05,3.85371305252611e-05,3.85371305252611e-05,3.85371305252611e-05,3.85371305252611e-05,3.85371305252611e-05,3.85371305252611e-05,3.85371305252611e-05,3.85371305252611e-05,3.85371305252611e-05,3.85371305252611e-05,3.85371305252611e-05,3.85371305252611e-05,3.85371305252611e-05,3.85371305252611e-05,3.85371305252611e-05,3.85371305252611e-05,3.85371305252611e-05,3.85371305252611e-05,3.85371305252611e-05,3.85371305252611e-05,3.85371305252611e-05,3.85371305252611e-05,3.85371305252611e-05,3.85371305252611e-05,3.85371305252611e-05,3.85371305252611e-05,3.85371305252611e-05,3.85371305252611e-05,3.85371305252611e-05,3.85371305252611e-05,3.85371305252611e-05,3.85371305252611e-05,3.85371305252611e-05,3.85371305252611e-05,3.85371305252611e-05,3.85371305252611e-05,3.85371305252611e-05,3.85371305252611e-05,3.85371305252611e-05,3.85371305252611e-05,3.85371305252611e-05,3.85371305252611e-05,3.85371305252611e-05
3.85371305252611e-05,3.85371305252611e-05,3.85371305252611e-05,3.85371305252611e-05,3.85371305252611e-05,3.85371305252611e-05,3.85371305252611e-05,3.85371305252611e-05,3.85371305252611e-05,3.85371305252611e-05,3.85371305252611e-05,3.85371305252611e-05,3.85371305252611e-05,3.85371305252611e-05,3.85371305252611e-05,3.85371305252611e-05,3.85371305252611e-05,3.85371305252611e-05,3.85371305252611e-05,3.85371305252611e-05,3.85371305252611e-05,3.85371305252611e-05,3.85371305252611e-05,3.85371305252611e-05,3.85371305252611e-05,3.85371305252611e-05,3.85371305252611e-05,3.85371305252611e-05,3.85371305252611e-05,3.85371305252611e-05,3.85371305252611e-05,3.85371305252611e-05,3.85371305252611e-05,3.85371305252611e-05,3.85371305252611e-05,3.85371305252611e-05,3.85371305252611e-05,3.85371305252611e-05,3.85371305252611e-05,3.85371305252611e-05,3.85371305252611e-05,3.85371305252611e-05,3.85371305252611e-05,3.85371305252611e-05,3.85371305252611e-05,3.85371305252611e-05,3.85371305252611e-05,3.85371305252611e-05,3.85371305252611e-05,3.85371305252611e-05,3.85371305252611e-05,3.85371305252611e-05,3.85371305252611e-05,3.85371305252611e-05,3.85371305252611e-05,3.85371305252611e-05,3.85371305252611e-05,3.85371305252611e-05,3.85371305252611e-05,3.85371305252611e-05,3.85371305252611e-05,3.85371305252611e-05,3.85371305252611e-05,3.85371305252611e-05,3.85371305252611e-05,3.85371305252611e-05,3.85371305252611e-05,3.85371305252611e-05,3.85371305252611e-05,3.85371305252611e-05,3.85371305252611e-05,3.85371305252611e-05,3.85371305252611e-05,3.85371305252611e-05,3.85371305252611e-05,3.85371305252611e-05,3.85371305252611e-05,3.85371305252611e-05,3.85371305252611e-05,3.85371305252611e-05,3.85371305252611e-05,3.85371305252611e-05,3.85371305252611e-05,3.85371305252611e-05,3.85371305252611e-05,3.85371305252611e-05,3.85371305252611e-05,3.85371305252611e-05,3.85371305252611e-05,3.85371305252611e-05,3.85371305252611e-05,3.85371305252611e-05,3.85371305252611e-05,3.85371305252611e-05,3.85371305252611e-05,3.85371305252611e-05,3.85371305252611e-05,3.85371305252611e-05,3.85371305252611e-05,3.85371305252611e-05
3.85371305252611e-05,3.85371305252611e-05,3.85371305252611e-05,3.85371305252611e-05,3.85371305252611e-05,3.85371305252611e-05,3.85371305252611e-05,3.85371305252611e-05,3.85371305252611e-05,3.85371305252611e-05,3.85371305252611e-05,3.85371305252611e-05,3.85371305252611e-05,3.85371305252611e-05,3.85371305252611e-05,3.85371305252611e-05,3.85371305252611e-05,3.85371305252611e-05,3.85371305252611e-05,3.85371305252611e-05,3.85371305252611e-05,3.85371305252611e-05,3.85371305252611e-05,3.85371305252611e-05,3.85371305252611e-05,3.85371305252611e-05,3.85371305252611e-05,3.85371305252611e-05,3.85371305252611e-05,3.85371305252611e-05,3.85371305252611e-05,3.85371305252611e-05,3.85371305252611e-05,3.85371305252611e-05,3.85371305252611e-05,3.85371305252611e-05,3.85371305252611e-05,3.85371305252611e-05,3.85371305252611e-05,3.85371305252611e-05,3.85371305252611e-05,3.85371305252611e-05,3.85371305252611e-05,3.85371305252611e-05,3.85371305252611e-05,3.85371305252611e-05,3.85371305252611e-05,3.85371305252611e-05,3.85371305252611e-05,3.85371305252611e-05,3.85371305252611e-05,3.85371305252611e-05,3.85371305252611e-05,3.85371305252611e-05,3.85371305252611e-05,3.85371305252611e-05,3.85371305252611e-05,3.85371305252611e-05,3.85371305252611e-05,3.85371305252611e-05,3.85371305252611e-05,3.85371305252611e-05,3.85371305252611e-05,3.85371305252611e-05,3.85371305252611e-05,3.85371305252611e-05,3.85371305252611e-05,3.85371305252611e-05,3.85371305252611e-05,3.85371305252611e-05,3.85371305252611e-05,3.85371305252611e-05,3.85371305252611e-05,3.85371305252611e-05,3.85371305252611e-05,3.85371305252611e-05,3.85371305252611e-05,3.85371305252611e-05,3.85371305252611e-05,3.85371305252611e-05,3.85371305252611e-05,3.85371305252611e-05,3.85371305252611e-05,3.85371305252611e-05,3.85371305252611e-05,3.85371305252611e-05,3.85371305252611e-05,3.85371305252611e-05,3.85371305252611e-05,3.85371305252611e-05,3.85371305252611e-05,3.85371305252611e-05,3.85371305252611e-05,3.85371305252611e-05,3.85371305252611e-05,3.85371305252611e-05,3.85371305252611e-05,3.85371305252611e-05,3.85371305252611e-05,3.85371305252611e-05
3.85371305252611e-05,3.85371305252611e-05,3.85371305252611e-05,3.85371305252611e-05,3.85371305252611e-05,3.85371305252611e-05,3.85371305252611e-05,3.85371305252611e-05,3.85371305252611e-05,3.85371305252611e-05,3.85371305252611e-05,3.85371305252611e-05,3.85371305252611e-05,3.85371305252611e-05,3.85371305252611e-05,3.85371305252611e-05,3.85371305252611e-05,3.85371305252611e-05,3.85371305252611e-05,3.85371305252611e-05,3.85371305252611e-05,3.85371305252611e-05,3.85371305252611e-05,3.85371305252611e-05,3.85371305252611e-05,3.85371305252611e-05,3.85371305252611e-05,3.85371305252611e-05,3.85371305252611e-05,3.85371305252611e-05,3.85371305252611e-05,3.85371305252611e-05,3.85371305252611e-05,3.85371305252611e-05,3.85371305252611e-05,3.85371305252611e-05,3.85371305252611e-05,3.85371305252611e-05,3.85371305252611e-05,3.85371305252611e-05,3.85371305252611e-05,3.85371305252611e-05,3.85371305252611e-05,3.85371305252611e-05,3.85371305252611e-05,3.85371305252611e-05,3.85371305252611e-05,3.85371305252611e-05,3.85371305252611e-05,3.85371305252611e-05,3.85371305252611e-05,3.85371305252611e-05,3.85371305252611e-05,3.85371305252611e-05,3.85371305252611e-05,3.85371305252611e-05,3.85371305252611e-05,3.85371305252611e-05,3.85371305252611e-05,3.85371305252611e-05,3.85371305252611e-05,3.85371305252611e-05,3.85371305252611e-05,3.85371305252611e-05,3.85371305252611e-05,3.85371305252611e-05,3.85371305252611e-05,3.85371305252611e-05,3.85371305252611e-05,3.85371305252611e-05,3.85371305252611e-05,3.85371305252611e-05,3.85371305252611e-05,3.85371305252611e-05,3.85371305252611e-05,3.85371305252611e-05,3.85371305252611e-05,3.85371305252611e-05,3.85371305252611e-05,3.85371305252611e-05,3.85371305252611e-05,3.85371305252611e-05,3.85371305252611e-05,3.85371305252611e-05,3.85371305252611e-05,3.85371305252611e-05,3.85371305252611e-05,3.85371305252611e-05,3.85371305252611e-05,3.85371305252611e-05,3.85371305252611e-05,3.85371305252611e-05,3.85371305252611e-05,3.85371305252611e-05,3.85371305252611e-05,3.85371305252611e-05,3.85371305252611e-05,3.85371305252611e-05,3.85371305252611e-05,3.85371305252611e-05
3.85371305252611e-05,3.85371305252611e-05,3.85371305252611e-05,3.85371305252611e-05,3.85371305252611e-05,3.85371305252611e-05,3.85371305252611e-05,3.85371305252611e-05,3.85371305252611e-05,3.85371305252611e-05,3.85371305252611e-05,3.85371305252611e-05,3.85371305252611e-05,3.85371305252611e-05,3.85371305252611e-05,3.85371305252611e-05,3.85371305252611e-05,3.85371305252611e-05,3.85371305252611e-05,3.85371305252611e-05,3.85371305252611e-05,3.85371305252611e-05,3.85371305252611e-05,3.85371305252611e-05,3.85371305252611e-05,3.85371305252611e-05,3.85371305252611e-05,3.85371305252611e-05,3.85371305252611e-05,3.85371305252611e-05,3.85371305252611e-05,3.85371305252611e-05,3.85371305252611e-05,3.85371305252611e-05,3.85371305252611e-05,3.85371305252611e-05,3.85371305252611e-05,3.85371305252611e-05,3.85371305252611e-05,3.85371305252611e-05,3.85371305252611e-05,3.85371305252611e-05,3.85371305252611e-05,3.85371305252611e-05,3.85371305252611e-05,3.85371305252611e-05,3.85371305252611e-05,3.85371305252611e-05,3.85371305252611e-05,3.85371305252611e-05,3.85371305252611e-05,3.85371305252611e-05,3.85371305252611e-05,3.85371305252611e-05,3.85371305252611e-05,3.85371305252611e-05,3.85371305252611e-05,3.85371305252611e-05,3.85371305252611e-05,3.85371305252611e-05,3.85371305252611e-05,3.85371305252611e-05,3.85371305252611e-05,3.85371305252611e-05,3.85371305252611e-05,3.85371305252611e-05,3.85371305252611e-05,3.85371305252611e-05,3.85371305252611e-05,3.85371305252611e-05,3.85371305252611e-05,3.85371305252611e-05,3.85371305252611e-05,3.85371305252611e-05,3.85371305252611e-05,3.85371305252611e-05,3.85371305252611e-05,3.85371305252611e-05,3.85371305252611e-05,3.85371305252611e-05,3.85371305252611e-05,3.85371305252611e-05,3.85371305252611e-05,3.85371305252611e-05,3.85371305252611e-05,3.85371305252611e-05,3.85371305252611e-05,3.85371305252611e-05,3.85371305252611e-05,3.85371305252611e-05,3.85371305252611e-05,3.85371305252611e-05,3.85371305252611e-05,3.85371305252611e-05,3.85371305252611e-05,3.85371305252611e-05,3.85371305252611e-05,3.85371305252611e-05,3.85371305252611e-05,3.85371305252611e-05
3.85371305252611e-05,3.85371305252611e-05,3.85371305252611e-05,3.85371305252611e-05,3.85371305252611e-05,3.85371305252611e-05,3.85371305252611e-05,3.85371305252611e-05,3.85371305252611e-05,3.85371305252611e-05,3.85371305252611e-05,3.85371305252611e-05,3.85371305252611e-05,3.85371305252611e-05,3.85371305252611e-05,3.85371305252611e-05,3.85371305252611e-05,3.85371305252611e-05,3.85371305252611e-05,3.85371305252611e-05,3.85371305252611e-05,3.85371305252611e-05,3.85371305252611e-05,3.85371305252611e-05,3.85371305252611e-05,3.85371305252611e-05,3.85371305252611e-05,3.85371305252611e-05,3.85371305252611e-05,3.85371305252611e-05,3.85371305252611e-05,3.85371305252611e-05,3.85371305252611e-05,3.85371305252611e-05,3.85371305252611e-05,3.85371305252611e-05,3.85371305252611e-05,3.85371305252611e-05,3.85371305252611e-05,3.85371305252611e-05,3.85371305252611e-05,3.85371305252611e-05,3.85371305252611e-05,3.85371305252611e-05,3.85371305252611e-05,3.85371305252611e-05,3.85371305252611e-05,3.85371305252611e-05,3.85371305252611e-05,3.85371305252611e-05,3.85371305252611e-05,3.85371305252611e-05,3.85371305252611e-05,3.85371305252611e-05,3.85371305252611e-05,3.85371305252611e-05,3.85371305252611e-05,3.85371305252611e-05,3.85371305252611e-05,3.85371305252611e-05,3.85371305252611e-05,3.85371305252611e-05,3.85371305252611e-05,3.85371305252611e-05,3.85371305252611e-05,3.85371305252611e-05,3.85371305252611e-05,3.85371305252611e-05,3.85371305252611e-05,3.85371305252611e-05,3.85371305252611e-05,3.85371305252611e-05,3.85371305252611e-05,3.85371305252611e-05,3.85371305252611e-05,3.85371305252611e-05,3.85371305252611e-05,3.85371305252611e-05,3.85371305252611e-05,3.85371305252611e-05,3.85371305252611e-05,3.85371305252611e-05,3.85371305252611e-05,3.85371305252611e-05,3.85371305252611e-05,3.85371305252611e-05,3.85371305252611e-05,3.85371305252611e-05,3.85371305252611e-05,3.85371305252611e-05,3.85371305252611e-05,3.85371305252611e-05,3.85371305252611e-05,3.85371305252611e-05,3.85371305252611e-05,3.85371305252611e-05,3.85371305252611e-05,3.85371305252611e-05,3.85371305252611e-05,3.85371305252611e-05
3.85371305252611e-05,3.85371305252611e-05,3.85371305252611e-05,3.85371305252611e-05,3.85371305252611e-05,3.85371305252611e-05,3.85371305252611e-05,3.85371305252611e-05,3.85371305252611e-05,3.85371305252611e-05,3.85371305252611e-05,3.85371305252611e-05,3.85371305252611e-05,3.85371305252611e-05,3.85371305252611e-05,3.85371305252611e-05,3.85371305252611e-05,3.85371305252611e-05,3.85371305252611e-05,3.85371305252611e-05,3.85371305252611e-05,3.85371305252611e-05,3.85371305252611e-05,3.85371305252611e-05,3.85371305252611e-05,3.85371305252611e-05,3.85371305252611e-05,3.85371305252611e-05,3.85371305252611e-05,3.85371305252611e-05,3.85371305252611e-05,3.85371305252611e-05,3.85371305252611e-05,3.85371305252611e-05,3.85371305252611e-05,3.85371305252611e-05,3.85371305252611e-05,3.85371305252611e-05,3.85371305252611e-05,3.85371305252611e-05,3.85371305252611e-05,3.85371305252611e-05,3.85371305252611e-05,3.85371305252611e-05,3.85371305252611e-05,3.85371305252611e-05,3.85371305252611e-05,3.85371305252611e-05,3.85371305252611e-05,3.85371305252611e-05,3.85371305252611e-05,3.85371305252611e-05,3.85371305252611e-05,3.85371305252611e-05,3.85371305252611e-05,3.85371305252611e-05,3.85371305252611e-05,3.85371305252611e-05,3.85371305252611e-05,3.85371305252611e-05,3.85371305252611e-05,3.85371305252611e-05,3.85371305252611e-05,3.85371305252611e-05,3.85371305252611e-05,3.85371305252611e-05,3.85371305252611e-05,3.85371305252611e-05,3.85371305252611e-05,3.85371305252611e-05,3.85371305252611e-05,3.85371305252611e-05,3.85371305252611e-05,3.85371305252611e-05,3.85371305252611e-05,3.85371305252611e-05,3.85371305252611e-05,3.85371305252611e-05,3.85371305252611e-05,3.85371305252611e-05,3.85371305252611e-05,3.85371305252611e-05,3.85371305252611e-05,3.85371305252611e-05,3.85371305252611e-05,3.85371305252611e-05,3.85371305252611e-05,3.85371305252611e-05,3.85371305252611e-05,3.85371305252611e-05,3.85371305252611e-05,3.85371305252611e-05,3.85371305252611e-05,3.85371305252611e-05,3.85371305252611e-05,3.85371305252611e-05,3.85371305252611e-05,3.85371305252611e-05,3.85371305252611e-05,3.85371305252611e-05
3.85371305252611e-05,3.85371305252611e-05,3.85371305252611e-05,3.85371305252611e-05,3.85371305252611e-05,3.85371305252611e-05,3.85371305252611e-05,3.85371305252611e-05,3.85371305252611e-05,3.85371305252611e-05,3.85371305252611e-05,3.85371305252611e-05,3.85371305252611e-05,3.85371305252611e-05,3.85371305252611e-05,3.85371305252611e-05,3.85371305252611e-05,3.85371305252611e-05,3.85371305252611e-05,3.85371305252611e-05,3.85371305252611e-05,3.85371305252611e-05,3.85371305252611e-05,3.85371305252611e-05,3.85371305252611e-05,3.85371305252611e-05,3.85371305252611e-05,3.85371305252611e-05,3.85371305252611e-05,3.85371305252611e-05,3.85371305252611e-05,3.85371305252611e-05,3.85371305252611e-05,3.85371305252611e-05,3.85371305252611e-05,3.85371305252611e-05,3.85371305252611e-05,3.85371305252611e-05,3.85371305252611e-05,3.85371305252611e-05,3.85371305252611e-05,3.85371305252611e-05,3.85371305252611e-05,3.85371305252611e-05,3.85371305252611e-05,3.85371305252611e-05,3.85371305252611e-05,3.85371305252611e-05,3.85371305252611e-05,3.85371305252611e-05,3.85371305252611e-05,3.85371305252611e-05,3.85371305252611e-05,3.85371305252611e-05,3.85371305252611e-05,3.85371305252611e-05,3.85371305252611e-05,3.85371305252611e-05,3.85371305252611e-05,3.85371305252611e-05,3.85371305252611e-05,3.85371305252611e-05,3.85371305252611e-05,3.85371305252611e-05,3.85371305252611e-05,3.85371305252611e-05,3.85371305252611e-05,3.85371305252611e-05,3.85371305252611e-05,3.85371305252611e-05,3.85371305252611e-05,3.85371305252611e-05,3.85371305252611e-05,3.85371305252611e-05,3.85371305252611e-05,3.85371305252611e-05,3.85371305252611e-05,3.85371305252611e-05,3.85371305252611e-05,3.85371305252611e-05,3.85371305252611e-05,3.85371305252611e-05,3.85371305252611e-05,3.85371305252611e-05,3.85371305252611e-05,3.85371305252611e-05,3.85371305252611e-05,3.85371305252611e-05,3.85371305252611e-05,3.85371305252611e-05,3.85371305252611e-05,3.85371305252611e-05,3.85371305252611e-05,3.85371305252611e-05,3.85371305252611e-05,3.85371305252611e-05,3.85371305252611e-05,3.85371305252611e-05,3.85371305252611e-05,3.85371305252611e-05
3.85371305252611e-05,3.85371305252611e-05,3.85371305252611e-05,3.85371305252611e-05,3.85371305252611e-05,3.85371305252611e-05,3.85371305252611e-05,3.85371305252611e-05,3.85371305252611e-05,3.85371305252611e-05,3.85371305252611e-05,3.85371305252611e-05,3.85371305252611e-05,3.85371305252611e-05,3.85371305252611e-05,3.85371305252611e-05,3.85371305252611e-05,3.85371305252611e-05,3.85371305252611e-05,3.85371305252611e-05,3.85371305252611e-05,3.85371305252611e-05,3.85371305252611e-05,3.85371305252611e-05,3.85371305252611e-05,3.85371305252611e-05,3.85371305252611e-05,3.85371305252611e-05,3.85371305252611e-05,3.85371305252611e-05,3.85371305252611e-05,3.85371305252611e-05,3.85371305252611e-05,3.85371305252611e-05,3.85371305252611e-05,3.85371305252611e-05,3.85371305252611e-05,3.85371305252611e-05,3.85371305252611e-05,3.85371305252611e-05,3.85371305252611e-05,3.85371305252611e-05,3.85371305252611e-05,3.85371305252611e-05,3.85371305252611e-05,3.85371305252611e-05,3.85371305252611e-05,3.85371305252611e-05,3.85371305252611e-05,3.85371305252611e-05,3.85371305252611e-05,3.85371305252611e-05,3.85371305252611e-05,3.85371305252611e-05,3.85371305252611e-05,3.85371305252611e-05,3.85371305252611e-05,3.85371305252611e-05,3.85371305252611e-05,3.85371305252611e-05,3.85371305252611e-05,3.85371305252611e-05,3.85371305252611e-05,3.85371305252611e-05,3.85371305252611e-05,3.85371305252611e-05,3.85371305252611e-05,3.85371305252611e-05,3.85371305252611e-05,3.85371305252611e-05,3.85371305252611e-05,3.85371305252611e-05,3.85371305252611e-05,3.85371305252611e-05,3.85371305252611e-05,3.85371305252611e-05,3.85371305252611e-05,3.85371305252611e-05,3.85371305252611e-05,3.85371305252611e-05,3.85371305252611e-05,3.85371305252611e-05,3.85371305252611e-05,3.85371305252611e-05,3.85371305252611e-05,3.85371305252611e-05,3.85371305252611e-05,3.85371305252611e-05,3.85371305252611e-05,3.85371305252611e-05,3.85371305252611e-05,3.85371305252611e-05,3.85371305252611e-05,3.85371305252611e-05,3.85371305252611e-05,3.85371305252611e-05,3.85371305252611e-05,3.85371305252611e-05,3.85371305252611e-05,3.85371305252611e-05
3.85371305252611e-05,3.85371305252611e-05,3.85371305252611e-05,3.85371305252611e-05,3.85371305252611e-05,3.85371305252611e-05,3.85371305252611e-05,3.85371305252611e-05,3.85371305252611e-05,3.85371305252611e-05,3.85371305252611e-05,3.85371305252611e-05,3.85371305252611e-05,3.85371305252611e-05,3.85371305252611e-05,3.85371305252611e-05,3.85371305252611e-05,3.85371305252611e-05,3.85371305252611e-05,3.85371305252611e-05,3.85371305252611e-05,3.85371305252611e-05,3.85371305252611e-05,3.85371305252611e-05,3.85371305252611e-05,3.85371305252611e-05,3.85371305252611e-05,3.85371305252611e-05,3.85371305252611e-05,3.85371305252611e-05,3.85371305252611e-05,3.85371305252611e-05,3.85371305252611e-05,3.85371305252611e-05,3.85371305252611e-05,3.85371305252611e-05,3.85371305252611e-05,3.85371305252611e-05,3.85371305252611e-05,3.85371305252611e-05,3.85371305252611e-05,3.85371305252611e-05,3.85371305252611e-05,3.85371305252611e-05,3.85371305252611e-05,3.85371305252611e-05,3.85371305252611e-05,3.85371305252611e-05,3.85371305252611e-05,3.85371305252611e-05,3.85371305252611e-05,3.85371305252611e-05,3.85371305252611e-05,3.85371305252611e-05,3.85371305252611e-05,3.85371305252611e-05,3.85371305252611e-05,3.85371305252611e-05,3.85371305252611e-05,3.85371305252611e-05,3.85371305252611e-05,3.85371305252611e-05,3.85371305252611e-05,3.85371305252611e-05,3.85371305252611e-05,3.85371305252611e-05,3.85371305252611e-05,3.85371305252611e-05,3.85371305252611e-05,3.85371305252611e-05,3.85371305252611e-05,3.85371305252611e-05,3.85371305252611e-05,3.85371305252611e-05,3.85371305252611e-05,3.85371305252611e-05,3.85371305252611e-05,3.85371305252611e-05,3.85371305252611e-05,3.85371305252611e-05,3.85371305252611e-05,3.85371305252611e-05,3.85371305252611e-05,3.85371305252611e-05,3.85371305252611e-05,3.85371305252611e-05,3.85371305252611e-05,3.85371305252611e-05,3.85371305252611e-05,3.85371305252611e-05,3.85371305252611e-05,3.85371305252611e-05,3.85371305252611e-05,3.85371305252611e-05,3.85371305252611e-05,3.85371305252611e-05,3.85371305252611e-05,3.85371305252611e-05,3.85371305252611e-05,3.85371305252611e-05
3.85371305252611e-05,3.85371305252611e-05,3.85371305252611e-05,3.85371305252611e-05,3.85371305252611e-05,3.85371305252611e-05,3.85371305252611e-05,3.85371305252611e-05,3.85371305252611e-05,3.85371305252611e-05,3.85371305252611e-05,3.85371305252611e-05,3.85371305252611e-05,3.85371305252611e-05,3.85371305252611e-05,3.85371305252611e-05,3.85371305252611e-05,3.85371305252611e-05,3.85371305252611e-05,3.85371305252611e-05,3.85371305252611e-05,3.85371305252611e-05,3.85371305252611e-05,3.85371305252611e-05,3.85371305252611e-05,3.85371305252611e-05,3.85371305252611e-05,3.85371305252611e-05,3.85371305252611e-05,3.85371305252611e-05,3.85371305252611e-05,3.85371305252611e-05,3.85371305252611e-05,3.85371305252611e-05,3.85371305252611e-05,3.85371305252611e-05,3.85371305252611e-05,3.85371305252611e-05,3.85371305252611e-05,3.85371305252611e-05,3.85371305252611e-05,3.85371305252611e-05,3.85371305252611e-05,3.85371305252611e-05,3.85371305252611e-05,3.85371305252611e-05,3.85371305252611e-05,3.85371305252611e-05,3.85371305252611e-05,3.85371305252611e-05,3.85371305252611e-05,3.85371305252611e-05,3.85371305252611e-05,3.85371305252611e-05,3.85371305252611e-05,3.85371305252611e-05,3.85371305252611e-05,3.85371305252611e-05,3.85371305252611e-05,3.85371305252611e-05,3.85371305252611e-05,3.85371305252611e-05,3.85371305252611e-05,3.85371305252611e-05,3.85371305252611e-05,3.85371305252611e-05,3.85371305252611e-05,3.85371305252611e-05,3.85371305252611e-05,3.85371305252611e-05,3.85371305252611e-05,3.85371305252611e-05,3.85371305252611e-05,3.85371305252611e-05,3.85371305252611e-05,3.85371305252611e-05,3.85371305252611e-05,3.85371305252611e-05,3.85371305252611e-05,3.85371305252611e-05,3.85371305252611e-05,3.85371305252611e-05,3.85371305252611e-05,3.85371305252611e-05,3.85371305252611e-05,3.85371305252611e-05,3.85371305252611e-05,3.85371305252611e-05,3.85371305252611e-05,3.85371305252611e-05,3.85371305252611e-05,3.85371305252611e-05,3.85371305252611e-05,3.85371305252611e-05,3.85371305252611e-05,3.85371305252611e-05,3.85371305252611e-05,3.85371305252611e-05,3.85371305252611e-05,3.85371305252611e-05
3.85371305252611e-05,3.85371305252611e-05,3.85371305252611e-05,3.85371305252611e-05,3.85371305252611e-05,3.85371305252611e-05,3.85371305252611e-05,3.85371305252611e-05,3.85371305252611e-05,3.85371305252611e-05,3.85371305252611e-05,3.85371305252611e-05,3.85371305252611e-05,3.85371305252611e-05,3.85371305252611e-05,3.85371305252611e-05,3.85371305252611e-05,3.85371305252611e-05,3.85371305252611e-05,3.85371305252611e-05,3.85371305252611e-05,3.85371305252611e-05,3.85371305252611e-05,3.85371305252611e-05,3.85371305252611e-05,3.85371305252611e-05,3.85371305252611e-05,3.85371305252611e-05,3.85371305252611e-05,3.85371305252611e-05,3.85371305252611e-05,3.85371305252611e-05,3.85371305252611e-05,3.85371305252611e-05,3.85371305252611e-05,3.85371305252611e-05,3.85371305252611e-05,3.85371305252611e-05,3.85371305252611e-05,3.85371305252611e-05,3.85371305252611e-05,3.85371305252611e-05,3.85371305252611e-05,3.85371305252611e-05,3.85371305252611e-05,3.85371305252611e-05,3.85371305252611e-05,3.85371305252611e-05,3.85371305252611e-05,3.85371305252611e-05,3.85371305252611e-05,3.85371305252611e-05,3.85371305252611e-05,3.85371305252611e-05,3.85371305252611e-05,3.85371305252611e-05,3.85371305252611e-05,3.85371305252611e-05,3.85371305252611e-05,3.85371305252611e-05,3.85371305252611e-05,3.85371305252611e-05,3.85371305252611e-05,3.85371305252611e-05,3.85371305252611e-05,3.85371305252611e-05,3.85371305252611e-05,3.85371305252611e-05,3.85371305252611e-05,3.85371305252611e-05,3.85371305252611e-05,3.85371305252611e-05,3.85371305252611e-05,3.85371305252611e-05,3.85371305252611e-05,3.85371305252611e-05,3.85371305252611e-05,3.85371305252611e-05,3.85371305252611e-05,3.85371305252611e-05,3.85371305252611e-05,3.85371305252611e-05,3.85371305252611e-05,3.85371305252611e-05,3.85371305252611e-05,3.85371305252611e-05,3.85371305252611e-05,3.85371305252611e-05,3.85371305252611e-05,3.85371305252611e-05,3.85371305252611e-05,3.85371305252611e-05,3.85371305252611e-05,3.85371305252611e-05,3.85371305252611e-05,3.85371305252611e-05,3.85371305252611e-05,3.85371305252611e-05,3.85371305252611e-05,3.85371305252611e-05
3.85371305252611e-05,3.85371305252611e-05,3.85371305252611e-05,3.85371305252611e-05,3.85371305252611e-05,3.85371305252611e-05,3.85371305252611e-05,3.85371305252611e-05,3.85371305252611e-05,3.85371305252611e-05,3.85371305252611e-05,3.85371305252611e-05,3.85371305252611e-05,3.85371305252611e-05,3.85371305252611e-05,3.85371305252611e-05,3.85371305252611e-05,3.85371305252611e-05,3.85371305252611e-05,3.85371305252611e-05,3.85371305252611e-05,3.85371305252611e-05,3.85371305252611e-05,3.85371305252611e-05,3.85371305252611e-05,3.85371305252611e-05,3.85371305252611e-05,3.85371305252611e-05,3.85371305252611e-05,3.85371305252611e-05,3.85371305252611e-05,3.85371305252611e-05,3.85371305252611e-05,3.85371305252611e-05,3.85371305252611e-05,3.85371305252611e-05,3.85371305252611e-05,3.85371305252611e-05,3.85371305252611e-05,3.85371305252611e-05,3.85371305252611e-05,3.85371305252611e-05,3.85371305252611e-05,3.85371305252611e-05,3.85371305252611e-05,3.85371305252611e-05,3.85371305252611e-05,3.85371305252611e-05,3.85371305252611e-05,3.85371305252611e-05,3.85371305252611e-05,3.85371305252611e-05,3.85371305252611e-05,3.85371305252611e-05,3.85371305252611e-05,3.85371305252611e-05,3.85371305252611e-05,3.85371305252611e-05,3.85371305252611e-05,3.85371305252611e-05,3.85371305252611e-05,3.85371305252611e-05,3.85371305252611e-05,3.85371305252611e-05,3.85371305252611e-05,3.85371305252611e-05,3.85371305252611e-05,3.85371305252611e-05,3.85371305252611e-05,3.85371305252611e-05,3.85371305252611e-05,3.85371305252611e-05,3.85371305252611e-05,3.85371305252611e-05,3.85371305252611e-05,3.85371305252611e-05,3.85371305252611e-05,3.85371305252611e-05,3.85371305252611e-05,3.85371305252611e-05,3.85371305252611e-05,3.85371305252611e-05,3.85371305252611e-05,3.85371305252611e-05,3.85371305252611e-05,3.85371305252611e-05,3.85371305252611e-05,3.85371305252611e-05,3.85371305252611e-05,3.85371305252611e-05,3.85371305252611e-05,3.85371305252611e-05,3.85371305252611e-05,3.85371305252611e-05,3.85371305252611e-05,3.85371305252611e-05,3.85371305252611e-05,3.85371305252611e-05,3.85371305252611e-05,3.85371305252611e-05
3.85371305252611e-05,3.85371305252611e-05,3.85371305252611e-05,3.85371305252611e-05,3.85371305252611e-05,3.85371305252611e-05,3.85371305252611e-05,3.85371305252611e-05,3.85371305252611e-05,3.85371305252611e-05,3.85371305252611e-05,3.85371305252611e-05,3.85371305252611e-05,3.85371305252611e-05,3.85371305252611e-05,3.85371305252611e-05,3.85371305252611e-05,3.85371305252611e-05,3.85371305252611e-05,3.85371305252611e-05,3.85371305252611e-05,3.85371305252611e-05,3.85371305252611e-05,3.85371305252611e-05,3.85371305252611e-05,3.85371305252611e-05,3.85371305252611e-05,3.85371305252611e-05,3.85371305252611e-05,3.85371305252611e-05,3.85371305252611e-05,3.85371305252611e-05,3.85371305252611e-05,3.85371305252611e-05,3.85371305252611e-05,3.85371305252611e-05,3.85371305252611e-05,3.85371305252611e-05,3.85371305252611e-05,3.85371305252611e-05,3.85371305252611e-05,3.85371305252611e-05,3.85371305252611e-05,3.85371305252611e-05,3.85371305252611e-05,3.85371305252611e-05,3.85371305252611e-05,3.85371305252611e-05,3.85371305252611e-05,3.85371305252611e-05,3.85371305252611e-05,3.85371305252611e-05,3.85371305252611e-05,3.85371305252611e-05,3.85371305252611e-05,3.85371305252611e-05,3.85371305252611e-05,3.85371305252611e-05,3.85371305252611e-05,3.85371305252611e-05,3.85371305252611e-05,3.85371305252611e-05,3.85371305252611e-05,3.85371305252611e-05,3.85371305252611e-05,3.85371305252611e-05,3.85371305252611e-05,3.85371305252611e-05,3.85371305252611e-05,3.85371305252611e-05,3.85371305252611e-05,3.85371305252611e-05,3.85371305252611e-05,3.85371305252611e-05,3.85371305252611e-05,3.85371305252611e-05,3.85371305252611e-05,3.85371305252611e-05,3.85371305252611e-05,3.85371305252611e-05,3.85371305252611e-05,3.85371305252611e-05,3.85371305252611e-05,3.85371305252611e-05,3.85371305252611e-05,3.85371305252611e-05,3.85371305252611e-05,3.85371305252611e-05,3.85371305252611e-05,3.85371305252611e-05,3.85371305252611e-05,3.85371305252611e-05,3.85371305252611e-05,3.85371305252611e-05,3.85371305252611e-05,3.85371305252611e-05,3.85371305252611e-05,3.85371305252611e-05,3.85371305252611e-05,3.85371305252611e-05
3.85371305252611e-05,3.85371305252611e-05,3.85371305252611e-05,3.85371305252611e-05,3.85371305252611e-05,3.85371305252611e-05,3.85371305252611e-05,3.85371305252611e-05,3.85371305252611e-05,3.85371305252611e-05,3.85371305252611e-05,3.85371305252611e-05,3.85371305252611e-05,3.85371305252611e-05,3.85371305252611e-05,3.85371305252611e-05,3.85371305252611e-05,3.85371305252611e-05,3.85371305252611e-05,3.85371305252611e-05,3.85371305252611e-05,3.85371305252611e-05,3.85371305252611e-05,3.85371305252611e-05,3.85371305252611e-05,3.85371305252611e-05,3.85371305252611e-05,3.85371305252611e-05,3.85371305252611e-05,3.85371305252611e-05,3.85371305252611e-05,3.85371305252611e-05,3.85371305252611e-05,3.85371305252611e-05,3.85371305252611e-05,3.85371305252611e-05,3.85371305252611e-05,3.85371305252611e-05,3.85371305252611e-05,3.85371305252611e-05,3.85371305252611e-05,3.85371305252611e-05,3.85371305252611e-05,3.85371305252611e-05,3.85371305252611e-05,3.85371305252611e-05,3.85371305252611e-05,3.85371305252611e-05,3.85371305252611e-05,3.85371305252611e-05,3.85371305252611e-05,3.85371305252611e-05,3.85371305252611e-05,3.85371305252611e-05,3.85371305252611e-05,3.85371305252611e-05,3.85371305252611e-05,3.85371305252611e-05,3.85371305252611e-05,3.85371305252611e-05,3.85371305252611e-05,3.85371305252611e-05,3.85371305252611e-05,3.85371305252611e-05,3.85371305252611e-05,3.85371305252611e-05,3.85371305252611e-05,3.85371305252611e-05,3.85371305252611e-05,3.85371305252611e-05,3.85371305252611e-05,3.85371305252611e-05,3.85371305252611e-05,3.85371305252611e-05,3.85371305252611e-05,3.85371305252611e-05,3.85371305252611e-05,3.85371305252611e-05,3.85371305252611e-05,3.85371305252611e-05,3.85371305252611e-05,3.85371305252611e-05,3.85371305252611e-05,3.85371305252611e-05,3.85371305252611e-05,3.85371305252611e-05,3.85371305252611e-05,3.85371305252611e-05,3.85371305252611e-05,3.85371305252611e-05,3.85371305252611e-05,3.85371305252611e-05,3.85371305252611e-05,3.85371305252611e-05,3.85371305252611e-05,3.85371305252611e-05,3.85371305252611e-05,3.85371305252611e-05,3.85371305252611e-05,3.85371305252611e-05
3.85371305252611e-05,3.85371305252611e-05,3.85371305252611e-05,3.85371305252611e-05,3.85371305252611e-05,3.85371305252611e-05,3.85371305252611e-05,3.85371305252611e-05,3.85371305252611e-05,3.85371305252611e-05,3.85371305252611e-05,3.85371305252611e-05,3.85371305252611e-05,3.85371305252611e-05,3.85371305252611e-05,3.85371305252611e-05,3.85371305252611e-05,3.85371305252611e-05,3.85371305252611e-05,3.85371305252611e-05,3.85371305252611e-05,3.85371305252611e-05,3.85371305252611e-05,3.85371305252611e-05,3.85371305252611e-05,3.85371305252611e-05,3.85371305252611e-05,3.85371305252611e-05,3.85371305252611e-05,3.85371305252611e-05,3.85371305252611e-05,3.85371305252611e-05,3.85371305252611e-05,3.85371305252611e-05,3.85371305252611e-05,3.85371305252611e-05,3.85371305252611e-05,3.85371305252611e-05,3.85371305252611e-05,3.85371305252611e-05,3.85371305252611e-05,3.85371305252611e-05,3.85371305252611e-05,3.85371305252611e-05,3.85371305252611e-05,3.85371305252611e-05,3.85371305252611e-05,3.85371305252611e-05,3.85371305252611e-05,3.85371305252611e-05,3.85371305252611e-05,3.85371305252611e-05,3.85371305252611e-05,3.85371305252611e-05,3.85371305252611e-05,3.85371305252611e-05,3.85371305252611e-05,3.85371305252611e-05,3.85371305252611e-05,3.85371305252611e-05,3.85371305252611e-05,3.85371305252611e-05,3.85371305252611e-05,3.85371305252611e-05,3.85371305252611e-05,3.85371305252611e-05,3.85371305252611e-05,3.85371305252611e-05,3.85371305252611e-05,3.85371305252611e-05,3.85371305252611e-05,3.85371305252611e-05,3.85371305252611e-05,3.85371305252611e-05,3.85371305252611e-05,3.85371305252611e-05,3.85371305252611e-05,3.85371305252611e-05,3.85371305252611e-05,3.85371305252611e-05,3.85371305252611e-05,3.85371305252611e-05,3.85371305252611e-05,3.85371305252611e-05,3.85371305252611e-05,3.85371305252611e-05,3.85371305252611e-05,3.85371305252611e-05,3.85371305252611e-05,3.85371305252611e-05,3.85371305252611e-05,3.85371305252611e-05,3.85371305252611e-05,3.85371305252611e-05,3.85371305252611e-05,3.85371305252611e-05,3.85371305252611e-05,3.85371305252611e-05,3.85371305252611e-05,3.85371305252611e-05
3.85371305252611e-05,3.85371305252611e-05,3.85371305252611e-05,3.85371305252611e-05,3.85371305252611e-05,3.85371305252611e-05,3.85371305252611e-05,3.85371305252611e-05,3.85371305252611e-05,3.85371305252611e-05,3.85371305252611e-05,3.85371305252611e-05,3.85371305252611e-05,3.85371305252611e-05,3.85371305252611e-05,3.85371305252611e-05,3.85371305252611e-05,3.85371305252611e-05,3.85371305252611e-05,3.85371305252611e-05,3.85371305252611e-05,3.85371305252611e-05,3.85371305252611e-05,3.85371305252611e-05,3.85371305252611e-05,3.85371305252611e-05,3.85371305252611e-05,3.85371305252611e-05,3.85371305252611e-05,3.85371305252611e-05,3.85371305252611e-05,3.85371305252611e-05,3.85371305252611e-05,3.85371305252611e-05,3.85371305252611e-05,3.85371305252611e-05,3.85371305252611e-05,3.85371305252611e-05,3.85371305252611e-05,3.85371305252611e-05,3.85371305252611e-05,3.85371305252611e-05,3.85371305252611e-05,3.85371305252611e-05,3.85371305252611e-05,3.85371305252611e-05,3.85371305252611e-05,3.85371305252611e-05,3.85371305252611e-05,3.85371305252611e-05,3.85371305252611e-05,3.85371305252611e-05,3.85371305252611e-05,3.85371305252611e-05,3.85371305252611e-05,3.85371305252611e-05,3.85371305252611e-05,3.85371305252611e-05,3.85371305252611e-05,3.85371305252611e-05,3.85371305252611e-05,3.85371305252611e-05,3.85371305252611e-05,3.85371305252611e-05,3.85371305252611e-05,3.85371305252611e-05,3.85371305252611e-05,3.85371305252611e-05,3.85371305252611e-05,3.85371305252611e-05,3.85371305252611e-05,3.85371305252611e-05,3.85371305252611e-05,3.85371305252611e-05,3.85371305252611e-05,3.85371305252611e-05,3.85371305252611e-05,3.85371305252611e-05,3.85371305252611e-05,3.85371305252611e-05,3.85371305252611e-05,3.85371305252611e-05,3.85371305252611e-05,3.85371305252611e-05,3.85371305252611e-05,3.85371305252611e-05,3.85371305252611e-05,3.85371305252611e-05,3.85371305252611e-05,3.85371305252611e-05,3.85371305252611e-05,3.85371305252611e-05,3.85371305252611e-05,3.85371305252611e-05,3.85371305252611e-05,3.85371305252611e-05,3.85371305252611e-05,3.85371305252611e-05,3.85371305252611e-05,3.85371305252611e-05
3.85371305252611e-05,3.85371305252611e-05,3.85371305252611e-05,3.85371305252611e-05,3.85371305252611e-05,3.85371305252611e-05,3.85371305252611e-05,3.85371305252611e-05,3.85371305252611e-05,3.85371305252611e-05,3.85371305252611e-05,3.85371305252611e-05,3.85371305252611e-05,3.85371305252611e-05,3.85371305252611e-05,3.85371305252611e-05,3.85371305252611e-05,3.85371305252611e-05,3.85371305252611e-05,3.85371305252611e-05,3.85371305252611e-05,3.85371305252611e-05,3.85371305252611e-05,3.85371305252611e-05,3.85371305252611e-05,3.85371305252611e-05,3.85371305252611e-05,3.85371305252611e-05,3.85371305252611e-05,3.85371305252611e-05,3.85371305252611e-05,3.85371305252611e-05,3.85371305252611e-05,3.85371305252611e-05,3.85371305252611e-05,3.85371305252611e-05,3.85371305252611e-05,3.85371305252611e-05,3.85371305252611e-05,3.85371305252611e-05,3.85371305252611e-05,3.85371305252611e-05,3.85371305252611e-05,3.85371305252611e-05,3.85371305252611e-05,3.85371305252611e-05,3.85371305252611e-05,3.85371305252611e-05,3.85371305252611e-05,3.85371305252611e-05,3.85371305252611e-05,3.85371305252611e-05,3.85371305252611e-05,3.85371305252611e-05,3.85371305252611e-05,3.85371305252611e-05,3.85371305252611e-05,3.85371305252611e-05,3.85371305252611e-05,3.85371305252611e-05,3.85371305252611e-05,3.85371305252611e-05,3.85371305252611e-05,3.85371305252611e-05,3.85371305252611e-05,3.85371305252611e-05,3.85371305252611e-05,3.85371305252611e-05,3.85371305252611e-05,3.85371305252611e-05,3.85371305252611e-05,3.85371305252611e-05,3.85371305252611e-05,3.85371305252611e-05,3.85371305252611e-05,3.85371305252611e-05,3.85371305252611e-05,3.85371305252611e-05,3.85371305252611e-05,3.85371305252611e-05,3.85371305252611e-05,3.85371305252611e-05,3.85371305252611e-05,3.85371305252611e-05,3.85371305252611e-05,3.85371305252611e-05,3.85371305252611e-05,3.85371305252611e-05,3.85371305252611e-05,3.85371305252611e-05,3.85371305252611e-05,3.85371305252611e-05,3.85371305252611e-05,3.85371305252611e-05,3.85371305252611e-05,3.85371305252611e-05,3.85371305252611e-05,3.85371305252611e-05,3.85371305252611e-05,3.85371305252611e-05
3.85371305252611e-05,3.85371305252611e-05,3.85371305252611e-05,3.85371305252611e-05,3.85371305252611e-05,3.85371305252611e-05,3.85371305252611e-05,3.85371305252611e-05,3.85371305252611e-05,3.85371305252611e-05,3.85371305252611e-05,3.85371305252611e-05,3.85371305252611e-05,3.85371305252611e-05,3.85371305252611e-05,3.85371305252611e-05,3.85371305252611e-05,3.85371305252611e-05,3.85371305252611e-05,3.85371305252611e-05,3.85371305252611e-05,3.85371305252611e-05,3.85371305252611e-05,3.85371305252611e-05,3.85371305252611e-05,3.85371305252611e-05,3.85371305252611e-05,3.85371305252611e-05,3.85371305252611e-05,3.85371305252611e-05,3.85371305252611e-05,3.85371305252611e-05,3.85371305252611e-05,3.85371305252611e-05,3.85371305252611e-05,3.85371305252611e-05,3.85371305252611e-05,3.85371305252611e-05,3.85371305252611e-05,3.85371305252611e-05,3.85371305252611e-05,3.85371305252611e-05,3.85371305252611e-05,3.85371305252611e-05,3.85371305252611e-05,3.85371305252611e-05,3.85371305252611e-05,3.85371305252611e-05,3.85371305252611e-05,3.85371305252611e-05,3.85371305252611e-05,3.85371305252611e-05,3.85371305252611e-05,3.85371305252611e-05,3.85371305252611e-05,3.85371305252611e-05,3.85371305252611e-05,3.85371305252611e-05,3.85371305252611e-05,3.85371305252611e-05,3.85371305252611e-05,3.85371305252611e-05,3.85371305252611e-05,3.85371305252611e-05,3.85371305252611e-05,3.85371305252611e-05,3.85371305252611e-05,3.85371305252611e-05,3.85371305252611e-05,3.85371305252611e-05,3.85371305252611e-05,3.85371305252611e-05,3.85371305252611e-05,3.85371305252611e-05,3.85371305252611e-05,3.85371305252611e-05,3.85371305252611e-05,3.85371305252611e-05,3.85371305252611e-05,3.85371305252611e-05,3.85371305252611e-05,3.85371305252611e-05,3.85371305252611e-05,3.85371305252611e-05,3.85371305252611e-05,3.85371305252611e-05,3.85371305252611e-05,3.85371305252611e-05,3.85371305252611e-05,3.85371305252611e-05,3.85371305252611e-05,3.85371305252611e-05,3.85371305252611e-05,3.85371305252611e-05,3.85371305252611e-05,3.85371305252611e-05,3.85371305252611e-05,3.85371305252611e-05,3.85371305252611e-05,3.85371305252611e-05
3.85371305252611e-05,3.85371305252611e-05,3.85371305252611e-05,3.85371305252611e-05,3.85371305252611e-05,3.85371305252611e-05,3.85371305252611e-05,3.85371305252611e-05,3.85371305252611e-05,3.85371305252611e-05,3.85371305252611e-05,3.85371305252611e-05,3.85371305252611e-05,3.85371305252611e-05,3.85371305252611e-05,3.85371305252611e-05,3.85371305252611e-05,3.85371305252611e-05,3.85371305252611e-05,3.85371305252611e-05,3.85371305252611e-05,3.85371305252611e-05,3.85371305252611e-05,3.85371305252611e-05,3.85371305252611e-05,3.85371305252611e-05,3.85371305252611e-05,3.85371305252611e-05,3.85371305252611e-05,3.85371305252611e-05,3.85371305252611e-05,3.85371305252611e-05,3.85371305252611e-05,3.85371305252611e-05,3.85371305252611e-05,3.85371305252611e-05,3.85371305252611e-05,3.85371305252611e-05,3.85371305252611e-05,3.85371305252611e-05,3.85371305252611e-05,3.85371305252611e-05,3.85371305252611e-05,3.85371305252611e-05,3.85371305252611e-05,3.85371305252611e-05,3.85371305252611e-05,3.85371305252611e-05,3.85371305252611e-05,3.85371305252611e-05,3.85371305252611e-05,3.85371305252611e-05,3.85371305252611e-05,3.85371305252611e-05,3.85371305252611e-05,3.85371305252611e-05,3.85371305252611e-05,3.85371305252611e-05,3.85371305252611e-05,3.85371305252611e-05,3.85371305252611e-05,3.85371305252611e-05,3.85371305252611e-05,3.85371305252611e-05,3.85371305252611e-05,3.85371305252611e-05,3.85371305252611e-05,3.85371305252611e-05,3.85371305252611e-05,3.85371305252611e-05,3.85371305252611e-05,3.85371305252611e-05,3.85371305252611e-05,3.85371305252611e-05,3.85371305252611e-05,3.85371305252611e-05,3.85371305252611e-05,3.85371305252611e-05,3.85371305252611e-05,3.85371305252611e-05,3.85371305252611e-05,3.85371305252611e-05,3.85371305252611e-05,3.85371305252611e-05,3.85371305252611e-05,3.85371305252611e-05,3.85371305252611e-05,3.85371305252611e-05,3.85371305252611e-05,3.85371305252611e-05,3.85371305252611e-05,3.85371305252611e-05,3.85371305252611e-05,3.85371305252611e-05,3.85371305252611e-05,3.85371305252611e-05,3.85371305252611e-05,3.85371305252611e-05,3.85371305252611e-05,3.85371305252611e-05
3.85371305252611e-05,3.85371305252611e-05,3.85371305252611e-05,3.85371305252611e-05,3.85371305252611e-05,3.85371305252611e-05,3.85371305252611e-05,3.85371305252611e-05,3.85371305252611e-05,3.85371305252611e-05,3.85371305252611e-05,3.85371305252611e-05,3.85371305252611e-05,3.85371305252611e-05,3.85371305252611e-05,3.85371305252611e-05,3.85371305252611e-05,3.85371305252611e-05,3.85371305252611e-05,3.85371305252611e-05,3.85371305252611e-05,3.85371305252611e-05,3.85371305252611e-05,3.85371305252611e-05,3.85371305252611e-05,3.85371305252611e-05,3.85371305252611e-05,3.85371305252611e-05,3.85371305252611e-05,3.85371305252611e-05,3.85371305252611e-05,3.85371305252611e-05,3.85371305252611e-05,3.85371305252611e-05,3.85371305252611e-05,3.85371305252611e-05,3.85371305252611e-05,3.85371305252611e-05,3.85371305252611e-05,3.85371305252611e-05,3.85371305252611e-05,3.85371305252611e-05,3.85371305252611e-05,3.85371305252611e-05,3.85371305252611e-05,3.85371305252611e-05,3.85371305252611e-05,3.85371305252611e-05,3.85371305252611e-05,3.85371305252611e-05,3.85371305252611e-05,3.85371305252611e-05,3.85371305252611e-05,3.85371305252611e-05,3.85371305252611e-05,3.85371305252611e-05,3.85371305252611e-05,3.85371305252611e-05,3.85371305252611e-05,3.85371305252611e-05,3.85371305252611e-05,3.85371305252611e-05,3.85371305252611e-05,3.85371305252611e-05,3.85371305252611e-05,3.85371305252611e-05,3.85371305252611e-05,3.85371305252611e-05,3.85371305252611e-05,3.85371305252611e-05,3.85371305252611e-05,3.85371305252611e-05,3.85371305252611e-05,3.85371305252611e-05,3.85371305252611e-05,3.85371305252611e-05,3.85371305252611e-05,3.85371305252611e-05,3.85371305252611e-05,3.85371305252611e-05,3.85371305252611e-05,3.85371305252611e-05,3.85371305252611e-05,3.85371305252611e-05,3.85371305252611e-05,3.85371305252611e-05,3.85371305252611e-05,3.85371305252611e-05,3.85371305252611e-05,3.85371305252611e-05,3.85371305252611e-05,3.85371305252611e-05,3.85371305252611e-05,3.85371305252611e-05,3.85371305252611e-05,3.85371305252611e-05,3.85371305252611e-05,3.85371305252611e-05,3.85371305252611e-05,3.85371305252611e-05
3.85371305252611e-05,3.85371305252611e-05,3.85371305252611e-05,3.85371305252611e-05,3.85371305252611e-05,3.85371305252611e-05,3.85371305252611e-05,3.85371305252611e-05,3.85371305252611e-05,3.85371305252611e-05,3.85371305252611e-05,3.85371305252611e-05,3.85371305252611e-05,3.85371305252611e-05,3.85371305252611e-05,3.85371305252611e-05,3.85371305252611e-05,3.85371305252611e-05,3.85371305252611e-05,3.85371305252611e-05,3.85371305252611e-05,3.85371305252611e-05,3.85371305252611e-05,3.85371305252611e-05,3.85371305252611e-05,3.85371305252611e-05,3.85371305252611e-05,3.85371305252611e-05,3.85371305252611e-05,3.85371305252611e-05,3.85371305252611e-05,3.85371305252611e-05,3.85371305252611e-05,3.85371305252611e-05,3.85371305252611e-05,3.85371305252611e-05,3.85371305252611e-05,3.85371305252611e-05,3.85371305252611e-05,3.85371305252611e-05,3.85371305252611e-05,3.85371305252611e-05,3.85371305252611e-05,3.85371305252611e-05,3.85371305252611e-05,3.85371305252611e-05,3.85371305252611e-05,3.85371305252611e-05,3.85371305252611e-05,3.85371305252611e-05,3.85371305252611e-05,3.85371305252611e-05,3.85371305252611e-05,3.85371305252611e-05,3.85371305252611e-05,3.85371305252611e-05,3.85371305252611e-05,3.85371305252611e-05,3.85371305252611e-05,3.85371305252611e-05,3.85371305252611e-05,3.85371305252611e-05,3.85371305252611e-05,3.85371305252611e-05,3.85371305252611e-05,3.85371305252611e-05,3.85371305252611e-05,3.85371305252611e-05,3.85371305252611e-05,3.85371305252611e-05,3.85371305252611e-05,3.85371305252611e-05,3.85371305252611e-05,3.85371305252611e-05,3.85371305252611e-05,3.85371305252611e-05,3.85371305252611e-05,3.85371305252611e-05,3.85371305252611e-05,3.85371305252611e-05,3.85371305252611e-05,3.85371305252611e-05,3.85371305252611e-05,3.85371305252611e-05,3.85371305252611e-05,3.85371305252611e-05,3.85371305252611e-05,3.85371305252611e-05,3.85371305252611e-05,3.85371305252611e-05,3.85371305252611e-05,3.85371305252611e-05,3.85371305252611e-05,3.85371305252611e-05,3.85371305252611e-05,3.85371305252611e-05,3.85371305252611e-05,3.85371305252611e-05,3.85371305252611e-05,3.85371305252611e-05
3.85371305252611e-05,3.85371305252611e-05,3.85371305252611e-05,3.85371305252611e-05,3.85371305252611e-05,3.85371305252611e-05,3.85371305252611e-05,3.85371305252611e-05,3.85371305252611e-05,3.85371305252611e-05,3.85371305252611e-05,3.85371305252611e-05,3.85371305252611e-05,3.85371305252611e-05,3.85371305252611e-05,3.85371305252611e-05,3.85371305252611e-05,3.85371305252611e-05,3.85371305252611e-05,3.85371305252611e-05,3.85371305252611e-05,3.85371305252611e-05,3.85371305252611e-05,3.85371305252611e-05,3.85371305252611e-05,3.85371305252611e-05,3.85371305252611e-05,3.85371305252611e-05,3.85371305252611e-05,3.85371305252611e-05,3.85371305252611e-05,3.85371305252611e-05,3.85371305252611e-05,3.85371305252611e-05,3.85371305252611e-05,3.85371305252611e-05,3.85371305252611e-05,3.85371305252611e-05,3.85371305252611e-05,3.85371305252611e-05,3.85371305252611e-05,3.85371305252611e-05,3.85371305252611e-05,3.85371305252611e-05,3.85371305252611e-05,3.85371305252611e-05,3.85371305252611e-05,3.85371305252611e-05,3.85371305252611e-05,3.85371305252611e-05,3.85371305252611e-05,3.85371305252611e-05,3.85371305252611e-05,3.85371305252611e-05,3.85371305252611e-05,3.85371305252611e-05,3.85371305252611e-05,3.85371305252611e-05,3.85371305252611e-05,3.85371305252611e-05,3.85371305252611e-05,3.85371305252611e-05,3.85371305252611e-05,3.85371305252611e-05,3.85371305252611e-05,3.85371305252611e-05,3.85371305252611e-05,3.85371305252611e-05,3.85371305252611e-05,3.85371305252611e-05,3.85371305252611e-05,3.85371305252611e-05,3.85371305252611e-05,3.85371305252611e-05,3.85371305252611e-05,3.85371305252611e-05,3.85371305252611e-05,3.85371305252611e-05,3.85371305252611e-05,3.85371305252611e-05,3.85371305252611e-05,3.85371305252611e-05,3.85371305252611e-05,3.85371305252611e-05,3.85371305252611e-05,3.85371305252611e-05,3.85371305252611e-05,3.85371305252611e-05,3.85371305252611e-05,3.85371305252611e-05,3.85371305252611e-05,3.85371305252611e-05,3.85371305252611e-05,3.85371305252611e-05,3.85371305252611e-05,3.85371305252611e-05,3.85371305252611e-05,3.85371305252611e-05,3.85371305252611e-05,3.85371305252611e-05
3.85371305252611e-05,3.85371305252611e-05,3.85371305252611e-05,3.85371305252611e-05,3.85371305252611e-05,3.85371305252611e-05,3.85371305252611e-05,3.85371305252611e-05,3.85371305252611e-05,3.85371305252611e-05,3.85371305252611e-05,3.85371305252611e-05,3.85371305252611e-05,3.85371305252611e-05,3.85371305252611e-05,3.85371305252611e-05,3.85371305252611e-05,3.85371305252611e-05,3.85371305252611e-05,3.85371305252611e-05,3.85371305252611e-05,3.85371305252611e-05,3.85371305252611e-05,3.85371305252611e-05,3.85371305252611e-05,3.85371305252611e-05,3.85371305252611e-05,3.85371305252611e-05,3.85371305252611e-05,3.85371305252611e-05,3.85371305252611e-05,3.85371305252611e-05,3.85371305252611e-05,3.85371305252611e-05,3.85371305252611e-05,3.85371305252611e-05,3.85371305252611e-05,3.85371305252611e-05,3.85371305252611e-05,3.85371305252611e-05,3.85371305252611e-05,3.85371305252611e-05,3.85371305252611e-05,3.85371305252611e-05,3.85371305252611e-05,3.85371305252611e-05,3.85371305252611e-05,3.85371305252611e-05,3.85371305252611e-05,3.85371305252611e-05,3.85371305252611e-05,3.85371305252611e-05,3.85371305252611e-05,3.85371305252611e-05,3.85371305252611e-05,3.85371305252611e-05,3.85371305252611e-05,3.85371305252611e-05,3.85371305252611e-05,3.85371305252611e-05,3.85371305252611e-05,3.85371305252611e-05,3.85371305252611e-05,3.85371305252611e-05,3.85371305252611e-05,3.85371305252611e-05,3.85371305252611e-05,3.85371305252611e-05,3.85371305252611e-05,3.85371305252611e-05,3.85371305252611e-05,3.85371305252611e-05,3.85371305252611e-05,3.85371305252611e-05,3.85371305252611e-05,3.85371305252611e-05,3.85371305252611e-05,3.85371305252611e-05,3.85371305252611e-05,3.85371305252611e-05,3.85371305252611e-05,3.85371305252611e-05,3.85371305252611e-05,3.85371305252611e-05,3.85371305252611e-05,3.85371305252611e-05,3.85371305252611e-05,3.85371305252611e-05,3.85371305252611e-05,3.85371305252611e-05,3.85371305252611e-05,3.85371305252611e-05,3.85371305252611e-05,3.85371305252611e-05,3.85371305252611e-05,3.85371305252611e-05,3.85371305252611e-05,3.85371305252611e-05,3.85371305252611e-05,3.85371305252611e-05
3.85371305252611e-05,3.85371305252611e-05,3.85371305252611e-05,3.85371305252611e-05,3.85371305252611e-05,3.85371305252611e-05,3.85371305252611e-05,3.85371305252611e-05,3.85371305252611e-05,3.85371305252611e-05,3.85371305252611e-05,3.85371305252611e-05,3.85371305252611e-05,3.85371305252611e-05,3.85371305252611e-05,3.85371305252611e-05,3.85371305252611e-05,3.85371305252611e-05,3.85371305252611e-05,3.85371305252611e-05,3.85371305252611e-05,3.85371305252611e-05,3.85371305252611e-05,3.85371305252611e-05,3.85371305252611e-05,3.85371305252611e-05,3.85371305252611e-05,3.85371305252611e-05,3.85371305252611e-05,3.85371305252611e-05,3.85371305252611e-05,3.85371305252611e-05,3.85371305252611e-05,3.85371305252611e-05,3.85371305252611e-05,3.85371305252611e-05,3.85371305252611e-05,3.85371305252611e-05,3.85371305252611e-05,3.85371305252611e-05,3.85371305252611e-05,3.85371305252611e-05,3.85371305252611e-05,3.85371305252611e-05,3.85371305252611e-05,3.85371305252611e-05,3.85371305252611e-05,3.85371305252611e-05,3.85371305252611e-05,3.85371305252611e-05,3.85371305252611e-05,3.85371305252611e-05,3.85371305252611e-05,3.85371305252611e-05,3.85371305252611e-05,3.85371305252611e-05,3.85371305252611e-05,3.85371305252611e-05,3.85371305252611e-05,3.85371305252611e-05,3.85371305252611e-05,3.85371305252611e-05,3.85371305252611e-05,3.85371305252611e-05,3.85371305252611e-05,3.85371305252611e-05,3.85371305252611e-05,3.85371305252611e-05,3.85371305252611e-05,3.85371305252611e-05,3.85371305252611e-05,3.85371305252611e-05,3.85371305252611e-05,3.85371305252611e-05,3.85371305252611e-05,3.85371305252611e-05,3.85371305252611e-05,3.85371305252611e-05,3.85371305252611e-05,3.85371305252611e-05,3.85371305252611e-05,3.85371305252611e-05,3.85371305252611e-05,3.85371305252611e-05,3.85371305252611e-05,3.85371305252611e-05,3.85371305252611e-05,3.85371305252611e-05,3.85371305252611e-05,3.85371305252611e-05,3.85371305252611e-05,3.85371305252611e-05,3.85371305252611e-05,3.85371305252611e-05,3.85371305252611e-05,3.85371305252611e-05,3.85371305252611e-05,3.85371305252611e-05,3.85371305252611e-05,3.85371305252611e-05
3.85371305252611e-05,3.85371305252611e-05,3.85371305252611e-05,3.85371305252611e-05,3.85371305252611e-05,3.85371305252611e-05,3.85371305252611e-05,3.85371305252611e-05,3.85371305252611e-05,3.85371305252611e-05,3.85371305252611e-05,3.85371305252611e-05,3.85371305252611e-05,3.85371305252611e-05,3.85371305252611e-05,3.85371305252611e-05,3.85371305252611e-05,3.85371305252611e-05,3.85371305252611e-05,3.85371305252611e-05,3.85371305252611e-05,3.85371305252611e-05,3.85371305252611e-05,3.85371305252611e-05,3.85371305252611e-05,3.85371305252611e-05,3.85371305252611e-05,3.85371305252611e-05,3.85371305252611e-05,3.85371305252611e-05,3.85371305252611e-05,3.85371305252611e-05,3.85371305252611e-05,3.85371305252611e-05,3.85371305252611e-05,3.85371305252611e-05,3.85371305252611e-05,3.85371305252611e-05,3.85371305252611e-05,3.85371305252611e-05,3.85371305252611e-05,3.85371305252611e-05,3.85371305252611e-05,3.85371305252611e-05,3.85371305252611e-05,3.85371305252611e-05,3.85371305252611e-05,3.85371305252611e-05,3.85371305252611e-05,3.85371305252611e-05,3.85371305252611e-05,3.85371305252611e-05,3.85371305252611e-05,3.85371305252611e-05,3.85371305252611e-05,3.85371305252611e-05,3.85371305252611e-05,3.85371305252611e-05,3.85371305252611e-05,3.85371305252611e-05,3.85371305252611e-05,3.85371305252611e-05,3.85371305252611e-05,3.85371305252611e-05,3.85371305252611e-05,3.85371305252611e-05,3.85371305252611e-05,3.85371305252611e-05,3.85371305252611e-05,3.85371305252611e-05,3.85371305252611e-05,3.85371305252611e-05,3.85371305252611e-05,3.85371305252611e-05,3.85371305252611e-05,3.85371305252611e-05,3.85371305252611e-05,3.85371305252611e-05,3.85371305252611e-05,3.85371305252611e-05,3.85371305252611e-05,3.85371305252611e-05,3.85371305252611e-05,3.85371305252611e-05,3.85371305252611e-05,3.85371305252611e-05,3.85371305252611e-05,3.85371305252611e-05,3.85371305252611e-05,3.85371305252611e-05,3.85371305252611e-05,3.85371305252611e-05,3.85371305252611e-05,3.85371305252611e-05,3.85371305252611e-05,3.85371305252611e-05,3.85371305252611e-05,3.85371305252611e-05,3.85371305252611e-05,3.85371305252611e-05
3.85371305252611e-05,3.85371305252611e-05,3.85371305252611e-05,3.85371305252611e-05,3.85371305252611e-05,3.85371305252611e-05,3.85371305252611e-05,3.85371305252611e-05,3.85371305252611e-05,3.85371305252611e-05,3.85371305252611e-05,3.85371305252611e-05,3.85371305252611e-05,3.85371305252611e-05,3.85371305252611e-05,3.85371305252611e-05,3.85371305252611e-05,3.85371305252611e-05,3.85371305252611e-05,3.85371305252611e-05,3.85371305252611e-05,3.85371305252611e-05,3.85371305252611e-05,3.85371305252611e-05,3.85371305252611e-05,3.85371305252611e-05,3.85371305252611e-05,3.85371305252611e-05,3.85371305252611e-05,3.85371305252611e-05,3.85371305252611e-05,3.85371305252611e-05,3.85371305252611e-05,3.85371305252611e-05,3.85371305252611e-05,3.85371305252611e-05,3.85371305252611e-05,3.85371305252611e-05,3.85371305252611e-05,3.85371305252611e-05,3.85371305252611e-05,3.85371305252611e-05,3.85371305252611e-05,3.85371305252611e-05,3.85371305252611e-05,3.85371305252611e-05,3.85371305252611e-05,3.85371305252611e-05,3.85371305252611e-05,3.85371305252611e-05,3.85371305252611e-05,3.85371305252611e-05,3.85371305252611e-05,3.85371305252611e-05,3.85371305252611e-05,3.85371305252611e-05,3.85371305252611e-05,3.85371305252611e-05,3.85371305252611e-05,3.85371305252611e-05,3.85371305252611e-05,3.85371305252611e-05,3.85371305252611e-05,3.85371305252611e-05,3.85371305252611e-05,3.85371305252611e-05,3.85371305252611e-05,3.85371305252611e-05,3.85371305252611e-05,3.85371305252611e-05,3.85371305252611e-05,3.85371305252611e-05,3.85371305252611e-05,3.85371305252611e-05,3.85371305252611e-05,3.85371305252611e-05,3.85371305252611e-05,3.85371305252611e-05,3.85371305252611e-05,3.85371305252611e-05,3.85371305252611e-05,3.85371305252611e-05,3.85371305252611e-05,3.85371305252611e-05,3.85371305252611e-05,3.85371305252611e-05,3.85371305252611e-05,3.85371305252611e-05,3.85371305252611e-05,3.85371305252611e-05,3.85371305252611e-05,3.85371305252611e-05,3.85371305252611e-05,3.85371305252611e-05,3.85371305252611e-05,3.85371305252611e-05,3.85371305252611e-05,3.85371305252611e-05,3.85371305252611e-05,3.85371305252611e-05
3.85371305252611e-05,3.85371305252611e-05,3.85371305252611e-05,3.85371305252611e-05,3.85371305252611e-05,3.85371305252611e-05,3.85371305252611e-05,3.85371305252611e-05,3.85371305252611e-05,3.85371305252611e-05,3.85371305252611e-05,3.85371305252611e-05,3.85371305252611e-05,3.85371305252611e-05,3.85371305252611e-05,3.85371305252611e-05,3.85371305252611e-05,3.85371305252611e-05,3.85371305252611e-05,3.85371305252611e-05,3.85371305252611e-05,3.85371305252611e-05,3.85371305252611e-05,3.85371305252611e-05,3.85371305252611e-05,3.85371305252611e-05,3.85371305252611e-05,3.85371305252611e-05,3.85371305252611e-05,3.85371305252611e-05,3.85371305252611e-05,3.85371305252611e-05,3.85371305252611e-05,3.85371305252611e-05,3.85371305252611e-05,3.85371305252611e-05,3.85371305252611e-05,3.85371305252611e-05,3.85371305252611e-05,3.85371305252611e-05,3.85371305252611e-05,3.85371305252611e-05,3.85371305252611e-05,3.85371305252611e-05,3.85371305252611e-05,3.85371305252611e-05,3.85371305252611e-05,3.85371305252611e-05,3.85371305252611e-05,3.85371305252611e-05,3.85371305252611e-05,3.85371305252611e-05,3.85371305252611e-05,3.85371305252611e-05,3.85371305252611e-05,3.85371305252611e-05,3.85371305252611e-05,3.85371305252611e-05,3.85371305252611e-05,3.85371305252611e-05,3.85371305252611e-05,3.85371305252611e-05,3.85371305252611e-05,3.85371305252611e-05,3.85371305252611e-05,3.85371305252611e-05,3.85371305252611e-05,3.85371305252611e-05,3.85371305252611e-05,3.85371305252611e-05,3.85371305252611e-05,3.85371305252611e-05,3.85371305252611e-05,3.85371305252611e-05,3.85371305252611e-05,3.85371305252611e-05,3.85371305252611e-05,3.85371305252611e-05,3.85371305252611e-05,3.85371305252611e-05,3.85371305252611e-05,3.85371305252611e-05,3.85371305252611e-05,3.85371305252611e-05,3.85371305252611e-05,3.85371305252611e-05,3.85371305252611e-05,3.85371305252611e-05,3.85371305252611e-05,3.85371305252611e-05,3.85371305252611e-05,3.85371305252611e-05,3.85371305252611e-05,3.85371305252611e-05,3.85371305252611e-05,3.85371305252611e-05,3.85371305252611e-05,3.85371305252611e-05,3.85371305252611e-05,3.85371305252611e-05
3.85371305252611e-05,3.85371305252611e-05,3.85371305252611e-05,3.85371305252611e-05,3.85371305252611e-05,3.85371305252611e-05,3.85371305252611e-05,3.85371305252611e-05,3.85371305252611e-05,3.85371305252611e-05,3.85371305252611e-05,3.85371305252611e-05,3.85371305252611e-05,3.85371305252611e-05,3.85371305252611e-05,3.85371305252611e-05,3.85371305252611e-05,3.85371305252611e-05,3.85371305252611e-05,3.85371305252611e-05,3.85371305252611e-05,3.85371305252611e-05,3.85371305252611e-05,3.85371305252611e-05,3.85371305252611e-05,3.85371305252611e-05,3.85371305252611e-05,3.85371305252611e-05,3.85371305252611e-05,3.85371305252611e-05,3.85371305252611e-05,3.85371305252611e-05,3.85371305252611e-05,3.85371305252611e-05,3.85371305252611e-05,3.85371305252611e-05,3.85371305252611e-05,3.85371305252611e-05,3.85371305252611e-05,3.85371305252611e-05,3.85371305252611e-05,3.85371305252611e-05,3.85371305252611e-05,3.85371305252611e-05,3.85371305252611e-05,3.85371305252611e-05,3.85371305252611e-05,3.85371305252611e-05,3.85371305252611e-05,3.85371305252611e-05,3.85371305252611e-05,3.85371305252611e-05,3.85371305252611e-05,3.85371305252611e-05,3.85371305252611e-05,3.85371305252611e-05,3.85371305252611e-05,3.85371305252611e-05,3.85371305252611e-05,3.85371305252611e-05,3.85371305252611e-05,3.85371305252611e-05,3.85371305252611e-05,3.85371305252611e-05,3.85371305252611e-05,3.85371305252611e-05,3.85371305252611e-05,3.85371305252611e-05,3.85371305252611e-05,3.85371305252611e-05,3.85371305252611e-05,3.85371305252611e-05,3.85371305252611e-05,3.85371305252611e-05,3.85371305252611e-05,3.85371305252611e-05,3.85371305252611e-05,3.85371305252611e-05,3.85371305252611e-05,3.85371305252611e-05,3.85371305252611e-05,3.85371305252611e-05,3.85371305252611e-05,3.85371305252611e-05,3.85371305252611e-05,3.85371305252611e-05,3.85371305252611e-05,3.85371305252611e-05,3.85371305252611e-05,3.85371305252611e-05,3.85371305252611e-05,3.85371305252611e-05,3.85371305252611e-05,3.85371305252611e-05,3.85371305252611e-05,3.85371305252611e-05,3.85371305252611e-05,3.85371305252611e-05,3.85371305252611e-05,3.85371305252611e-05
3.85371305252611e-05,3.85371305252611e-05,3.85371305252611e-05,3.85371305252611e-05,3.85371305252611e-05,3.85371305252611e-05,3.85371305252611e-05,3.85371305252611e-05,3.85371305252611e-05,3.85371305252611e-05,3.85371305252611e-05,3.85371305252611e-05,3.85371305252611e-05,3.85371305252611e-05,3.85371305252611e-05,3.85371305252611e-05,3.85371305252611e-05,3.85371305252611e-05,3.85371305252611e-05,3.85371305252611e-05,3.85371305252611e-05,3.85371305252611e-05,3.85371305252611e-05,3.85371305252611e-05,3.85371305252611e-05,3.85371305252611e-05,3.85371305252611e-05,3.85371305252611e-05,3.85371305252611e-05,3.85371305252611e-05,3.85371305252611e-05,3.85371305252611e-05,3.85371305252611e-05,3.85371305252611e-05,3.85371305252611e-05,3.85371305252611e-05,3.85371305252611e-05,3.85371305252611e-05,3.85371305252611e-05,3.85371305252611e-05,3.85371305252611e-05,3.85371305252611e-05,3.85371305252611e-05,3.85371305252611e-05,3.85371305252611e-05,3.85371305252611e-05,3.85371305252611e-05,3.85371305252611e-05,3.85371305252611e-05,3.85371305252611e-05,3.85371305252611e-05,3.85371305252611e-05,3.85371305252611e-05,3.85371305252611e-05,3.85371305252611e-05,3.85371305252611e-05,3.85371305252611e-05,3.85371305252611e-05,3.85371305252611e-05,3.85371305252611e-05,3.85371305252611e-05,3.85371305252611e-05,3.85371305252611e-05,3.85371305252611e-05,3.85371305252611e-05,3.85371305252611e-05,3.85371305252611e-05,3.85371305252611e-05,3.85371305252611e-05,3.85371305252611e-05,3.85371305252611e-05,3.85371305252611e-05,3.85371305252611e-05,3.85371305252611e-05,3.85371305252611e-05,3.85371305252611e-05,3.85371305252611e-05,3.85371305252611e-05,3.85371305252611e-05,3.85371305252611e-05,3.85371305252611e-05,3.85371305252611e-05,3.85371305252611e-05,3.85371305252611e-05,3.85371305252611e-05,3.85371305252611e-05,3.85371305252611e-05,3.85371305252611e-05,3.85371305252611e-05,3.85371305252611e-05,3.85371305252611e-05,3.85371305252611e-05,3.85371305252611e-05,3.85371305252611e-05,3.85371305252611e-05,3.85371305252611e-05,3.85371305252611e-05,3.85371305252611e-05,3.85371305252611e-05,3.85371305252611e-05
3.85371305252611e-05,3.85371305252611e-05,3.85371305252611e-05,3.85371305252611e-05,3.85371305252611e-05,3.85371305252611e-05,3.85371305252611e-05,3.85371305252611e-05,3.85371305252611e-05,3.85371305252611e-05,3.85371305252611e-05,3.85371305252611e-05,3.85371305252611e-05,3.85371305252611e-05,3.85371305252611e-05,3.85371305252611e-05,3.85371305252611e-05,3.85371305252611e-05,3.85371305252611e-05,3.85371305252611e-05,3.85371305252611e-05,3.85371305252611e-05,3.85371305252611e-05,3.85371305252611e-05,3.85371305252611e-05,3.85371305252611e-05,3.85371305252611e-05,3.85371305252611e-05,3.85371305252611e-05,3.85371305252611e-05,3.85371305252611e-05,3.85371305252611e-05,3.85371305252611e-05,3.85371305252611e-05,3.85371305252611e-05,3.85371305252611e-05,3.85371305252611e-05,3.85371305252611e-05,3.85371305252611e-05,3.85371305252611e-05,3.85371305252611e-05,3.85371305252611e-05,3.85371305252611e-05,3.85371305252611e-05,3.85371305252611e-05,3.85371305252611e-05,3.85371305252611e-05,3.85371305252611e-05,3.85371305252611e-05,3.85371305252611e-05,3.85371305252611e-05,3.85371305252611e-05,3.85371305252611e-05,3.85371305252611e-05,3.85371305252611e-05,3.85371305252611e-05,3.85371305252611e-05,3.85371305252611e-05,3.85371305252611e-05,3.85371305252611e-05,3.85371305252611e-05,3.85371305252611e-05,3.85371305252611e-05,3.85371305252611e-05,3.85371305252611e-05,3.85371305252611e-05,3.85371305252611e-05,3.85371305252611e-05,3.85371305252611e-05,3.85371305252611e-05,3.85371305252611e-05,3.85371305252611e-05,3.85371305252611e-05,3.85371305252611e-05,3.85371305252611e-05,3.85371305252611e-05,3.85371305252611e-05,3.85371305252611e-05,3.85371305252611e-05,3.85371305252611e-05,3.85371305252611e-05,3.85371305252611e-05,3.85371305252611e-05,3.85371305252611e-05,3.85371305252611e-05,3.85371305252611e-05,3.85371305252611e-05,3.85371305252611e-05,3.85371305252611e-05,3.85371305252611e-05,3.85371305252611e-05,3.85371305252611e-05,3.85371305252611e-05,3.85371305252611e-05,3.85371305252611e-05,3.85371305252611e-05,3.85371305252611e-05,3.85371305252611e-05,3.85371305252611e-05,3.85371305252611e-05
3.85371305252611e-05,3.85371305252611e-05,3.85371305252611e-05,3.85371305252611e-05,3.85371305252611e-05,3.85371305252611e-05,3.85371305252611e-05,3.85371305252611e-05,3.85371305252611e-05,3.85371305252611e-05,3.85371305252611e-05,3.85371305252611e-05,3.85371305252611e-05,3.85371305252611e-05,3.85371305252611e-05,3.85371305252611e-05,3.85371305252611e-05,3.85371305252611e-05,3.85371305252611e-05,3.85371305252611e-05,3.85371305252611e-05,3.85371305252611e-05,3.85371305252611e-05,3.85371305252611e-05,3.85371305252611e-05,3.85371305252611e-05,3.85371305252611e-05,3.85371305252611e-05,3.85371305252611e-05,3.85371305252611e-05,3.85371305252611e-05,3.85371305252611e-05,3.85371305252611e-05,3.85371305252611e-05,3.85371305252611e-05,3.85371305252611e-05,3.85371305252611e-05,3.85371305252611e-05,3.85371305252611e-05,3.85371305252611e-05,3.85371305252611e-05,3.85371305252611e-05,3.85371305252611e-05,3.85371305252611e-05,3.85371305252611e-05,3.85371305252611e-05,3.85371305252611e-05,3.85371305252611e-05,3.85371305252611e-05,3.85371305252611e-05,3.85371305252611e-05,3.85371305252611e-05,3.85371305252611e-05,3.85371305252611e-05,3.85371305252611e-05,3.85371305252611e-05,3.85371305252611e-05,3.85371305252611e-05,3.85371305252611e-05,3.85371305252611e-05,3.85371305252611e-05,3.85371305252611e-05,3.85371305252611e-05,3.85371305252611e-05,3.85371305252611e-05,3.85371305252611e-05,3.85371305252611e-05,3.85371305252611e-05,3.85371305252611e-05,3.85371305252611e-05,3.85371305252611e-05,3.85371305252611e-05,3.85371305252611e-05,3.85371305252611e-05,3.85371305252611e-05,3.85371305252611e-05,3.85371305252611e-05,3.85371305252611e-05,3.85371305252611e-05,3.85371305252611e-05,3.85371305252611e-05,3.85371305252611e-05,3.85371305252611e-05,3.85371305252611e-05,3.85371305252611e-05,3.85371305252611e-05,3.85371305252611e-05,3.85371305252611e-05,3.85371305252611e-05,3.85371305252611e-05,3.85371305252611e-05,3.85371305252611e-05,3.85371305252611e-05,3.85371305252611e-05,3.85371305252611e-05,3.85371305252611e-05,3.85371305252611e-05,3.85371305252611e-05,3.85371305252611e-05,3.85371305252611e-05
3.85371305252611e-05,3.85371305252611e-05,3.85371305252611e-05,3.85371305252611e-05,3.85371305252611e-05,3.85371305252611e-05,3.85371305252611e-05,3.85371305252611e-05,3.85371305252611e-05,3.85371305252611e-05,3.85371305252611e-05,3.85371305252611e-05,3.85371305252611e-05,3.85371305252611e-05,3.85371305252611e-05,3.85371305252611e-05,3.85371305252611e-05,3.85371305252611e-05,3.85371305252611e-05,3.85371305252611e-05,3.85371305252611e-05,3.85371305252611e-05,3.85371305252611e-05,3.85371305252611e-05,3.85371305252611e-05,3.85371305252611e-05,3.85371305252611e-05,3.85371305252611e-05,3.85371305252611e-05,3.85371305252611e-05,3.85371305252611e-05,3.85371305252611e-05,3.85371305252611e-05,3.85371305252611e-05,3.85371305252611e-05,3.85371305252611e-05,3.85371305252611e-05,3.85371305252611e-05,3.85371305252611e-05,3.85371305252611e-05,3.85371305252611e-05,3.85371305252611e-05,3.85371305252611e-05,3.85371305252611e-05,3.85371305252611e-05,3.85371305252611e-05,3.85371305252611e-05,3.85371305252611e-05,3.85371305252611e-05,3.85371305252611e-05,3.85371305252611e-05,3.85371305252611e-05,3.85371305252611e-05,3.85371305252611e-05,3.85371305252611e-05,3.85371305252611e-05,3.85371305252611e-05,3.85371305252611e-05,3.85371305252611e-05,3.85371305252611e-05,3.85371305252611e-05,3.85371305252611e-05,3.85371305252611e-05,3.85371305252611e-05,3.85371305252611e-05,3.85371305252611e-05,3.85371305252611e-05,3.85371305252611e-05,3.85371305252611e-05,3.85371305252611e-05,3.85371305252611e-05,3.85371305252611e-05,3.85371305252611e-05,3.85371305252611e-05,3.85371305252611e-05,3.85371305252611e-05,3.85371305252611e-05,3.85371305252611e-05,3.85371305252611e-05,3.85371305252611e-05,3.85371305252611e-05,3.85371305252611e-05,3.85371305252611e-05,3.85371305252611e-05,3.85371305252611e-05,3.85371305252611e-05,3.85371305252611e-05,3.85371305252611e-05,3.85371305252611e-05,3.85371305252611e-05,3.85371305252611e-05,3.85371305252611e-05,3.85371305252611e-05,3.85371305252611e-05,3.85371305252611e-05,3.85371305252611e-05,3.85371305252611e-05,3.85371305252611e-05,3.85371305252611e-05,3.85371305252611e-05
3.85371305252611e-05,3.85371305252611e-05,3.85371305252611e-05,3.85371305252611e-05,3.85371305252611e-05,3.85371305252611e-05,3.85371305252611e-05,3.85371305252611e-05,3.85371305252611e-05,3.85371305252611e-05,3.85371305252611e-05,3.85371305252611e-05,3.85371305252611e-05,3.85371305252611e-05,3.85371305252611e-05,3.85371305252611e-05,3.85371305252611e-05,3.85371305252611e-05,3.85371305252611e-05,3.85371305252611e-05,3.85371305252611e-05,3.85371305252611e-05,3.85371305252611e-05,3.85371305252611e-05,3.85371305252611e-05,3.85371305252611e-05,3.85371305252611e-05,3.85371305252611e-05,3.85371305252611e-05,3.85371305252611e-05,3.85371305252611e-05,3.85371305252611e-05,3.85371305252611e-05,3.85371305252611e-05,3.85371305252611e-05,3.85371305252611e-05,3.85371305252611e-05,3.85371305252611e-05,3.85371305252611e-05,3.85371305252611e-05,3.85371305252611e-05,3.85371305252611e-05,3.85371305252611e-05,3.85371305252611e-05,3.85371305252611e-05,3.85371305252611e-05,3.85371305252611e-05,3.85371305252611e-05,3.85371305252611e-05,3.85371305252611e-05,3.85371305252611e-05,3.85371305252611e-05,3.85371305252611e-05,3.85371305252611e-05,3.85371305252611e-05,3.85371305252611e-05,3.85371305252611e-05,3.85371305252611e-05,3.85371305252611e-05,3.85371305252611e-05,3.85371305252611e-05,3.85371305252611e-05,3.85371305252611e-05,3.85371305252611e-05,3.85371305252611e-05,3.85371305252611e-05,3.85371305252611e-05,3.85371305252611e-05,3.85371305252611e-05,3.85371305252611e-05,3.85371305252611e-05,3.85371305252611e-05,3.85371305252611e-05,3.85371305252611e-05,3.85371305252611e-05,3.85371305252611e-05,3.85371305252611e-05,3.85371305252611e-05,3.85371305252611e-05,3.85371305252611e-05,3.85371305252611e-05,3.85371305252611e-05,3.85371305252611e-05,3.85371305252611e-05,3.85371305252611e-05,3.85371305252611e-05,3.85371305252611e-05,3.85371305252611e-05,3.85371305252611e-05,3.85371305252611e-05,3.85371305252611e-05,3.85371305252611e-05,3.85371305252611e-05,3.85371305252611e-05,3.85371305252611e-05,3.85371305252611e-05,3.85371305252611e-05,3.85371305252611e-05,3.85371305252611e-05,3.85371305252611e-05
3.85371305252611e-05,3.85371305252611e-05,3.85371305252611e-05,3.85371305252611e-05,3.85371305252611e-05,3.85371305252611e-05,3.85371305252611e-05,3.85371305252611e-05,3.85371305252611e-05,3.85371305252611e-05,3.85371305252611e-05,3.85371305252611e-05,3.85371305252611e-05,3.85371305252611e-05,3.85371305252611e-05,3.85371305252611e-05,3.85371305252611e-05,3.85371305252611e-05,3.85371305252611e-05,3.85371305252611e-05,3.85371305252611e-05,3.85371305252611e-05,3.85371305252611e-05,3.85371305252611e-05,3.85371305252611e-05,3.85371305252611e-05,3.85371305252611e-05,3.85371305252611e-05,3.85371305252611e-05,3.85371305252611e-05,3.85371305252611e-05,3.85371305252611e-05,3.85371305252611e-05,3.85371305252611e-05,3.85371305252611e-05,3.85371305252611e-05,3.85371305252611e-05,3.85371305252611e-05,3.85371305252611e-05,3.85371305252611e-05,3.85371305252611e-05,3.85371305252611e-05,3.85371305252611e-05,3.85371305252611e-05,3.85371305252611e-05,3.85371305252611e-05,3.85371305252611e-05,3.85371305252611e-05,3.85371305252611e-05,3.85371305252611e-05,3.85371305252611e-05,3.85371305252611e-05,3.85371305252611e-05,3.85371305252611e-05,3.85371305252611e-05,3.85371305252611e-05,3.85371305252611e-05,3.85371305252611e-05,3.85371305252611e-05,3.85371305252611e-05,3.85371305252611e-05,3.85371305252611e-05,3.85371305252611e-05,3.85371305252611e-05,3.85371305252611e-05,3.85371305252611e-05,3.85371305252611e-05,3.85371305252611e-05,3.85371305252611e-05,3.85371305252611e-05,3.85371305252611e-05,3.85371305252611e-05,3.85371305252611e-05,3.85371305252611e-05,3.85371305252611e-05,3.85371305252611e-05,3.85371305252611e-05,3.85371305252611e-05,3.85371305252611e-05,3.85371305252611e-05,3.85371305252611e-05,3.85371305252611e-05,3.85371305252611e-05,3.85371305252611e-05,3.85371305252611e-05,3.85371305252611e-05,3.85371305252611e-05,3.85371305252611e-05,3.85371305252611e-05,3.85371305252611e-05,3.85371305252611e-05,3.85371305252611e-05,3.85371305252611e-05,3.85371305252611e-05,3.85371305252611e-05,3.85371305252611e-05,3.85371305252611e-05,3.85371305252611e-05,3.85371305252611e-05,3.85371305252611e-05
3.85371305252611e-05,3.85371305252611e-05,3.85371305252611e-05,3.85371305252611e-05,3.85371305252611e-05,3.85371305252611e-05,3.85371305252611e-05,3.85371305252611e-05,3.85371305252611e-05,3.85371305252611e-05,3.85371305252611e-05,3.85371305252611e-05,3.85371305252611e-05,3.85371305252611e-05,3.85371305252611e-05,3.85371305252611e-05,3.85371305252611e-05,3.85371305252611e-05,3.85371305252611e-05,3.85371305252611e-05,3.85371305252611e-05,3.85371305252611e-05,3.85371305252611e-05,3.85371305252611e-05,3.85371305252611e-05,3.85371305252611e-05,3.85371305252611e-05,3.85371305252611e-05,3.85371305252611e-05,3.85371305252611e-05,3.85371305252611e-05,3.85371305252611e-05,3.85371305252611e-05,3.85371305252611e-05,3.85371305252611e-05,3.85371305252611e-05,3.85371305252611e-05,3.85371305252611e-05,3.85371305252611e-05,3.85371305252611e-05,3.85371305252611e-05,3.85371305252611e-05,3.85371305252611e-05,3.85371305252611e-05,3.85371305252611e-05,3.85371305252611e-05,3.85371305252611e-05,3.85371305252611e-05,3.85371305252611e-05,3.85371305252611e-05,3.85371305252611e-05,3.85371305252611e-05,3.85371305252611e-05,3.85371305252611e-05,3.85371305252611e-05,3.85371305252611e-05,3.85371305252611e-05,3.85371305252611e-05,3.85371305252611e-05,3.85371305252611e-05,3.85371305252611e-05,3.85371305252611e-05,3.85371305252611e-05,3.85371305252611e-05,3.85371305252611e-05,3.85371305252611e-05,3.85371305252611e-05,3.85371305252611e-05,3.85371305252611e-05,3.85371305252611e-05,3.85371305252611e-05,3.85371305252611e-05,3.85371305252611e-05,3.85371305252611e-05,3.85371305252611e-05,3.85371305252611e-05,3.85371305252611e-05,3.85371305252611e-05,3.85371305252611e-05,3.85371305252611e-05,3.85371305252611e-05,3.85371305252611e-05,3.85371305252611e-05,3.85371305252611e-05,3.85371305252611e-05,3.85371305252611e-05,3.85371305252611e-05,3.85371305252611e-05,3.85371305252611e-05,3.85371305252611e-05,3.85371305252611e-05,3.85371305252611e-05,3.85371305252611e-05,3.85371305252611e-05,3.85371305252611e-05,3.85371305252611e-05,3.85371305252611e-05,3.85371305252611e-05,3.85371305252611e-05,3.85371305252611e-05
3.85371305252611e-05,3.85371305252611e-05,3.85371305252611e-05,3.85371305252611e-05,3.85371305252611e-05,3.85371305252611e-05,3.85371305252611e-05,3.85371305252611e-05,3.85371305252611e-05,3.85371305252611e-05,3.85371305252611e-05,3.85371305252611e-05,3.85371305252611e-05,3.85371305252611e-05,3.85371305252611e-05,3.85371305252611e-05,3.85371305252611e-05,3.85371305252611e-05,3.85371305252611e-05,3.85371305252611e-05,3.85371305252611e-05,3.85371305252611e-05,3.85371305252611e-05,3.85371305252611e-05,3.85371305252611e-05,3.85371305252611e-05,3.85371305252611e-05,3.85371305252611e-05,3.85371305252611e-05,3.85371305252611e-05,3.85371305252611e-05,3.85371305252611e-05,3.85371305252611e-05,3.85371305252611e-05,3.85371305252611e-05,3.85371305252611e-05,3.85371305252611e-05,3.85371305252611e-05,3.85371305252611e-05,3.85371305252611e-05,3.85371305252611e-05,3.85371305252611e-05,3.85371305252611e-05,3.85371305252611e-05,3.85371305252611e-05,3.85371305252611e-05,3.85371305252611e-05,3.85371305252611e-05,3.85371305252611e-05,3.85371305252611e-05,3.85371305252611e-05,3.85371305252611e-05,3.85371305252611e-05,3.85371305252611e-05,3.85371305252611e-05,3.85371305252611e-05,3.85371305252611e-05,3.85371305252611e-05,3.85371305252611e-05,3.85371305252611e-05,3.85371305252611e-05,3.85371305252611e-05,3.85371305252611e-05,3.85371305252611e-05,3.85371305252611e-05,3.85371305252611e-05,3.85371305252611e-05,3.85371305252611e-05,3.85371305252611e-05,3.85371305252611e-05,3.85371305252611e-05,3.85371305252611e-05,3.85371305252611e-05,3.85371305252611e-05,3.85371305252611e-05,3.85371305252611e-05,3.85371305252611e-05,3.85371305252611e-05,3.85371305252611e-05,3.85371305252611e-05,3.85371305252611e-05,3.85371305252611e-05,3.85371305252611e-05,3.85371305252611e-05,3.85371305252611e-05,3.85371305252611e-05,3.85371305252611e-05,3.85371305252611e-05,3.85371305252611e-05,3.85371305252611e-05,3.85371305252611e-05,3.85371305252611e-05,3.85371305252611e-05,3.85371305252611e-05,3.85371305252611e-05,3.85371305252611e-05,3.85371305252611e-05,3.85371305252611e-05,3.85371305252611e-05,3.85371305252611e-05
3.85371305252611e-05,3.85371305252611e-05,3.85371305252611e-05,3.85371305252611e-05,3.85371305252611e-05,3.85371305252611e-05,3.85371305252611e-05,3.85371305252611e-05,3.85371305252611e-05,3.85371305252611e-05,3.85371305252611e-05,3.85371305252611e-05,3.85371305252611e-05,3.85371305252611e-05,3.85371305252611e-05,3.85371305252611e-05,3.85371305252611e-05,3.85371305252611e-05,3.85371305252611e-05,3.85371305252611e-05,3.85371305252611e-05,3.85371305252611e-05,3.85371305252611e-05,3.85371305252611e-05,3.85371305252611e-05,3.85371305252611e-05,3.85371305252611e-05,3.85371305252611e-05,3.85371305252611e-05,3.85371305252611e-05,3.85371305252611e-05,3.85371305252611e-05,3.85371305252611e-05,3.85371305252611e-05,3.85371305252611e-05,3.85371305252611e-05,3.85371305252611e-05,3.85371305252611e-05,3.85371305252611e-05,3.85371305252611e-05,3.85371305252611e-05,3.85371305252611e-05,3.85371305252611e-05,3.85371305252611e-05,3.85371305252611e-05,3.85371305252611e-05,3.85371305252611e-05,3.85371305252611e-05,3.85371305252611e-05,3.85371305252611e-05,3.85371305252611e-05,3.85371305252611e-05,3.85371305252611e-05,3.85371305252611e-05,3.85371305252611e-05,3.85371305252611e-05,3.85371305252611e-05,3.85371305252611e-05,3.85371305252611e-05,3.85371305252611e-05,3.85371305252611e-05,3.85371305252611e-05,3.85371305252611e-05,3.85371305252611e-05,3.85371305252611e-05,3.85371305252611e-05,3.85371305252611e-05,3.85371305252611e-05,3.85371305252611e-05,3.85371305252611e-05,3.85371305252611e-05,3.85371305252611e-05,3.85371305252611e-05,3.85371305252611e-05,3.85371305252611e-05,3.85371305252611e-05,3.85371305252611e-05,3.85371305252611e-05,3.85371305252611e-05,3.85371305252611e-05,3.85371305252611e-05,3.85371305252611e-05,3.85371305252611e-05,3.85371305252611e-05,3.85371305252611e-05,3.85371305252611e-05,3.85371305252611e-05,3.85371305252611e-05,3.85371305252611e-05,3.85371305252611e-05,3.85371305252611e-05,3.85371305252611e-05,3.85371305252611e-05,3.85371305252611e-05,3.85371305252611e-05,3.85371305252611e-05,3.85371305252611e-05,3.85371305252611e-05,3.85371305252611e-05,3.85371305252611e-05
3.85371305252611e-05,3.85371305252611e-05,3.85371305252611e-05,3.85371305252611e-05,3.85371305252611e-05,3.85371305252611e-05,3.85371305252611e-05,3.85371305252611e-05,3.85371305252611e-05,3.85371305252611e-05,3.85371305252611e-05,3.85371305252611e-05,3.85371305252611e-05,3.85371305252611e-05,3.85371305252611e-05,3.85371305252611e-05,3.85371305252611e-05,3.85371305252611e-05,3.85371305252611e-05,3.85371305252611e-05,3.85371305252611e-05,3.85371305252611e-05,3.85371305252611e-05,3.85371305252611e-05,3.85371305252611e-05,3.85371305252611e-05,3.85371305252611e-05,3.85371305252611e-05,3.85371305252611e-05,3.85371305252611e-05,3.85371305252611e-05,3.85371305252611e-05,3.85371305252611e-05,3.85371305252611e-05,3.85371305252611e-05,3.85371305252611e-05,3.85371305252611e-05,3.85371305252611e-05,3.85371305252611e-05,3.85371305252611e-05,3.85371305252611e-05,3.85371305252611e-05,3.85371305252611e-05,3.85371305252611e-05,3.85371305252611e-05,3.85371305252611e-05,3.85371305252611e-05,3.85371305252611e-05,3.85371305252611e-05,3.85371305252611e-05,3.85371305252611e-05,3.85371305252611e-05,3.85371305252611e-05,3.85371305252611e-05,3.85371305252611e-05,3.85371305252611e-05,3.85371305252611e-05,3.85371305252611e-05,3.85371305252611e-05,3.85371305252611e-05,3.85371305252611e-05,3.85371305252611e-05,3.85371305252611e-05,3.85371305252611e-05,3.85371305252611e-05,3.85371305252611e-05,3.85371305252611e-05,3.85371305252611e-05,3.85371305252611e-05,3.85371305252611e-05,3.85371305252611e-05,3.85371305252611e-05,3.85371305252611e-05,3.85371305252611e-05,3.85371305252611e-05,3.85371305252611e-05,3.85371305252611e-05,3.85371305252611e-05,3.85371305252611e-05,3.85371305252611e-05,3.85371305252611e-05,3.85371305252611e-05,3.85371305252611e-05,3.85371305252611e-05,3.85371305252611e-05,3.85371305252611e-05,3.85371305252611e-05,3.85371305252611e-05,3.85371305252611e-05,3.85371305252611e-05,3.85371305252611e-05,3.85371305252611e-05,3.85371305252611e-05,3.85371305252611e-05,3.85371305252611e-05,3.85371305252611e-05,3.85371305252611e-05,3.85371305252611e-05,3.85371305252611e-05,3.85371305252611e-05
3.85371305252611e-05,3.85371305252611e-05,3.85371305252611e-05,3.85371305252611e-05,3.85371305252611e-05,3.85371305252611e-05,3.85371305252611e-05,3.85371305252611e-05,3.85371305252611e-05,3.85371305252611e-05,3.85371305252611e-05,3.85371305252611e-05,3.85371305252611e-05,3.85371305252611e-05,3.85371305252611e-05,3.85371305252611e-05,3.85371305252611e-05,3.85371305252611e-05,3.85371305252611e-05,3.85371305252611e-05,3.85371305252611e-05,3.85371305252611e-05,3.85371305252611e-05,3.85371305252611e-05,3.85371305252611e-05,3.85371305252611e-05,3.85371305252611e-05,3.85371305252611e-05,3.85371305252611e-05,3.85371305252611e-05,3.85371305252611e-05,3.85371305252611e-05,3.85371305252611e-05,3.85371305252611e-05,3.85371305252611e-05,3.85371305252611e-05,3.85371305252611e-05,3.85371305252611e-05,3.85371305252611e-05,3.85371305252611e-05,3.85371305252611e-05,3.85371305252611e-05,3.85371305252611e-05,3.85371305252611e-05,3.85371305252611e-05,3.85371305252611e-05,3.85371305252611e-05,3.85371305252611e-05,3.85371305252611e-05,3.85371305252611e-05,3.85371305252611e-05,3.85371305252611e-05,3.85371305252611e-05,3.85371305252611e-05,3.85371305252611e-05,3.85371305252611e-05,3.85371305252611e-05,3.85371305252611e-05,3.85371305252611e-05,3.85371305252611e-05,3.85371305252611e-05,3.85371305252611e-05,3.85371305252611e-05,3.85371305252611e-05,3.85371305252611e-05,3.85371305252611e-05,3.85371305252611e-05,3.85371305252611e-05,3.85371305252611e-05,3.85371305252611e-05,3.85371305252611e-05,3.85371305252611e-05,3.85371305252611e-05,3.85371305252611e-05,3.85371305252611e-05,3.85371305252611e-05,3.85371305252611e-05,3.85371305252611e-05,3.85371305252611e-05,3.85371305252611e-05,3.85371305252611e-05,3.85371305252611e-05,3.85371305252611e-05,3.85371305252611e-05,3.85371305252611e-05,3.85371305252611e-05,3.85371305252611e-05,3.85371305252611e-05,3.85371305252611e-05,3.85371305252611e-05,3.85371305252611e-05,3.85371305252611e-05,3.85371305252611e-05,3.85371305252611e-05,3.85371305252611e-05,3.85371305252611e-05,3.85371305252611e-05,3.85371305252611e-05,3.85371305252611e-05,3.85371305252611e-05
3.85371305252611e-05,3.85371305252611e-05,3.85371305252611e-05,3.85371305252611e-05,3.85371305252611e-05,3.85371305252611e-05,3.85371305252611e-05,3.85371305252611e-05,3.85371305252611e-05,3.85371305252611e-05,3.85371305252611e-05,3.85371305252611e-05,3.85371305252611e-05,3.85371305252611e-05,3.85371305252611e-05,3.85371305252611e-05,3.85371305252611e-05,3.85371305252611e-05,3.85371305252611e-05,3.85371305252611e-05,3.85371305252611e-05,3.85371305252611e-05,3.85371305252611e-05,3.85371305252611e-05,3.85371305252611e-05,3.85371305252611e-05,3.85371305252611e-05,3.85371305252611e-05,3.85371305252611e-05,3.85371305252611e-05,3.85371305252611e-05,3.85371305252611e-05,3.85371305252611e-05,3.85371305252611e-05,3.85371305252611e-05,3.85371305252611e-05,3.85371305252611e-05,3.85371305252611e-05,3.85371305252611e-05,3.85371305252611e-05,3.85371305252611e-05,3.85371305252611e-05,3.85371305252611e-05,3.85371305252611e-05,3.85371305252611e-05,3.85371305252611e-05,3.85371305252611e-05,3.85371305252611e-05,3.85371305252611e-05,3.85371305252611e-05,3.85371305252611e-05,3.85371305252611e-05,3.85371305252611e-05,3.85371305252611e-05,3.85371305252611e-05,3.85371305252611e-05,3.85371305252611e-05,3.85371305252611e-05,3.85371305252611e-05,3.85371305252611e-05,3.85371305252611e-05,3.85371305252611e-05,3.85371305252611e-05,3.85371305252611e-05,3.85371305252611e-05,3.85371305252611e-05,3.85371305252611e-05,3.85371305252611e-05,3.85371305252611e-05,3.85371305252611e-05,3.85371305252611e-05,3.85371305252611e-05,3.85371305252611e-05,3.85371305252611e-05,3.85371305252611e-05,3.85371305252611e-05,3.85371305252611e-05,3.85371305252611e-05,3.85371305252611e-05,3.85371305252611e-05,3.85371305252611e-05,3.85371305252611e-05,3.85371305252611e-05,3.85371305252611e-05,3.85371305252611e-05,3.85371305252611e-05,3.85371305252611e-05,3.85371305252611e-05,3.85371305252611e-05,3.85371305252611e-05,3.85371305252611e-05,3.85371305252611e-05,3.85371305252611e-05,3.85371305252611e-05,3.85371305252611e-05,3.85371305252611e-05,3.85371305252611e-05,3.85371305252611e-05,3.85371305252611e-05,3.85371305252611e-05
3.85371305252611e-05,3.85371305252611e-05,3.85371305252611e-05,3.85371305252611e-05,3.85371305252611e-05,3.85371305252611e-05,3.85371305252611e-05,3.85371305252611e-05,3.85371305252611e-05,3.85371305252611e-05,3.85371305252611e-05,3.85371305252611e-05,3.85371305252611e-05,3.85371305252611e-05,3.85371305252611e-05,3.85371305252611e-05,3.85371305252611e-05,3.85371305252611e-05,3.85371305252611e-05,3.85371305252611e-05,3.85371305252611e-05,3.85371305252611e-05,3.85371305252611e-05,3.85371305252611e-05,3.85371305252611e-05,3.85371305252611e-05,3.85371305252611e-05,3.85371305252611e-05,3.85371305252611e-05,3.85371305252611e-05,3.85371305252611e-05,3.85371305252611e-05,3.85371305252611e-05,3.85371305252611e-05,3.85371305252611e-05,3.85371305252611e-05,3.85371305252611e-05,3.85371305252611e-05,3.85371305252611e-05,3.85371305252611e-05,3.85371305252611e-05,3.85371305252611e-05,3.85371305252611e-05,3.85371305252611e-05,3.85371305252611e-05,3.85371305252611e-05,3.85371305252611e-05,3.85371305252611e-05,3.85371305252611e-05,3.85371305252611e-05,3.85371305252611e-05,3.85371305252611e-05,3.85371305252611e-05,3.85371305252611e-05,3.85371305252611e-05,3.85371305252611e-05,3.85371305252611e-05,3.85371305252611e-05,3.85371305252611e-05,3.85371305252611e-05,3.85371305252611e-05,3.85371305252611e-05,3.85371305252611e-05,3.85371305252611e-05,3.85371305252611e-05,3.85371305252611e-05,3.85371305252611e-05,3.85371305252611e-05,3.85371305252611e-05,3.85371305252611e-05,3.85371305252611e-05,3.85371305252611e-05,3.85371305252611e-05,3.85371305252611e-05,3.85371305252611e-05,3.85371305252611e-05,3.85371305252611e-05,3.85371305252611e-05,3.85371305252611e-05,3.85371305252611e-05,3.85371305252611e-05,3.85371305252611e-05,3.85371305252611e-05,3.85371305252611e-05,3.85371305252611e-05,3.85371305252611e-05,3.85371305252611e-05,3.85371305252611e-05,3.85371305252611e-05,3.85371305252611e-05,3.85371305252611e-05,3.85371305252611e-05,3.85371305252611e-05,3.85371305252611e-05,3.85371305252611e-05,3.85371305252611e-05,3.85371305252611e-05,3.85371305252611e-05,3.85371305252611e-05,3.85371305252611e-05
3.85371305252611e-05,3.85371305252611e-05,3.85371305252611e-05,3.85371305252611e-05,3.85371305252611e-05,3.85371305252611e-05,3.85371305252611e-05,3.85371305252611e-05,3.85371305252611e-05,3.85371305252611e-05,3.85371305252611e-05,3.85371305252611e-05,3.85371305252611e-05,3.85371305252611e-05,3.85371305252611e-05,3.85371305252611e-05,3.85371305252611e-05,3.85371305252611e-05,3.85371305252611e-05,3.85371305252611e-05,3.85371305252611e-05,3.85371305252611e-05,3.85371305252611e-05,3.85371305252611e-05,3.85371305252611e-05,3.85371305252611e-05,3.85371305252611e-05,3.85371305252611e-05,3.85371305252611e-05,3.85371305252611e-05,3.85371305252611e-05,3.85371305252611e-05,3.85371305252611e-05,3.85371305252611e-05,3.85371305252611e-05,3.85371305252611e-05,3.85371305252611e-05,3.85371305252611e-05,3.85371305252611e-05,3.85371305252611e-05,3.85371305252611e-05,3.85371305252611e-05,3.85371305252611e-05,3.85371305252611e-05,3.85371305252611e-05,3.85371305252611e-05,3.85371305252611e-05,3.85371305252611e-05,3.85371305252611e-05,3.85371305252611e-05,3.85371305252611e-05,3.85371305252611e-05,3.85371305252611e-05,3.85371305252611e-05,3.85371305252611e-05,3.85371305252611e-05,3.85371305252611e-05,3.85371305252611e-05,3.85371305252611e-05,3.85371305252611e-05,3.85371305252611e-05,3.85371305252611e-05,3.85371305252611e-05,3.85371305252611e-05,3.85371305252611e-05,3.85371305252611e-05,3.85371305252611e-05,3.85371305252611e-05,3.85371305252611e-05,3.85371305252611e-05,3.85371305252611e-05,3.85371305252611e-05,3.85371305252611e-05,3.85371305252611e-05,3.85371305252611e-05,3.85371305252611e-05,3.85371305252611e-05,3.85371305252611e-05,3.85371305252611e-05,3.85371305252611e-05,3.85371305252611e-05,3.85371305252611e-05,3.85371305252611e-05,3.85371305252611e-05,3.85371305252611e-05,3.85371305252611e-05,3.85371305252611e-05,3.85371305252611e-05,3.85371305252611e-05,3.85371305252611e-05,3.85371305252611e-05,3.85371305252611e-05,3.85371305252611e-05,3.85371305252611e-05,3.85371305252611e-05,3.85371305252611e-05,3.85371305252611e-05,3.85371305252611e-05,3.85371305252611e-05,3.85371305252611e-05
3.85371305252611e-05,3.85371305252611e-05,3.85371305252611e-05,3.85371305252611e-05,3.85371305252611e-05,3.85371305252611e-05,3.85371305252611e-05,3.85371305252611e-05,3.85371305252611e-05,3.85371305252611e-05,3.85371305252611e-05,3.85371305252611e-05,3.85371305252611e-05,3.85371305252611e-05,3.85371305252611e-05,3.85371305252611e-05,3.85371305252611e-05,3.85371305252611e-05,3.85371305252611e-05,3.85371305252611e-05,3.85371305252611e-05,3.85371305252611e-05,3.85371305252611e-05,3.85371305252611e-05,3.85371305252611e-05,3.85371305252611e-05,3.85371305252611e-05,3.85371305252611e-05,3.85371305252611e-05,3.85371305252611e-05,3.85371305252611e-05,3.85371305252611e-05,3.85371305252611e-05,3.85371305252611e-05,3.85371305252611e-05,3.85371305252611e-05,3.85371305252611e-05,3.85371305252611e-05,3.85371305252611e-05,3.85371305252611e-05,3.85371305252611e-05,3.85371305252611e-05,3.85371305252611e-05,3.85371305252611e-05,3.85371305252611e-05,3.85371305252611e-05,3.85371305252611e-05,3.85371305252611e-05,3.85371305252611e-05,3.85371305252611e-05,3.85371305252611e-05,3.85371305252611e-05,3.85371305252611e-05,3.85371305252611e-05,3.85371305252611e-05,3.85371305252611e-05,3.85371305252611e-05,3.85371305252611e-05,3.85371305252611e-05,3.85371305252611e-05,3.85371305252611e-05,3.85371305252611e-05,3.85371305252611e-05,3.85371305252611e-05,3.85371305252611e-05,3.85371305252611e-05,3.85371305252611e-05,3.85371305252611e-05,3.85371305252611e-05,3.85371305252611e-05,3.85371305252611e-05,3.85371305252611e-05,3.85371305252611e-05,3.85371305252611e-05,3.85371305252611e-05,3.85371305252611e-05,3.85371305252611e-05,3.85371305252611e-05,3.85371305252611e-05,3.85371305252611e-05,3.85371305252611e-05,3.85371305252611e-05,3.85371305252611e-05,3.85371305252611e-05,3.85371305252611e-05,3.85371305252611e-05,3.85371305252611e-05,3.85371305252611e-05,3.85371305252611e-05,3.85371305252611e-05,3.85371305252611e-05,3.85371305252611e-05,3.85371305252611e-05,3.85371305252611e-05,3.85371305252611e-05,3.85371305252611e-05,3.85371305252611e-05,3.85371305252611e-05,3.85371305252611e-05,3.85371305252611e-05
3.85371305252611e-05,3.85371305252611e-05,3.85371305252611e-05,3.85371305252611e-05,3.85371305252611e-05,3.85371305252611e-05,3.85371305252611e-05,3.85371305252611e-05,3.85371305252611e-05,3.85371305252611e-05,3.85371305252611e-05,3.85371305252611e-05,3.85371305252611e-05,3.85371305252611e-05,3.85371305252611e-05,3.85371305252611e-05,3.85371305252611e-05,3.85371305252611e-05,3.85371305252611e-05,3.85371305252611e-05,3.85371305252611e-05,3.85371305252611e-05,3.85371305252611e-05,3.85371305252611e-05,3.85371305252611e-05,3.85371305252611e-05,3.85371305252611e-05,3.85371305252611e-05,3.85371305252611e-05,3.85371305252611e-05,3.85371305252611e-05,3.85371305252611e-05,3.85371305252611e-05,3.85371305252611e-05,3.85371305252611e-05,3.85371305252611e-05,3.85371305252611e-05,3.85371305252611e-05,3.85371305252611e-05,3.85371305252611e-05,3.85371305252611e-05,3.85371305252611e-05,3.85371305252611e-05,3.85371305252611e-05,3.85371305252611e-05,3.85371305252611e-05,3.85371305252611e-05,3.85371305252611e-05,3.85371305252611e-05,3.85371305252611e-05,3.85371305252611e-05,3.85371305252611e-05,3.85371305252611e-05,3.85371305252611e-05,3.85371305252611e-05,3.85371305252611e-05,3.85371305252611e-05,3.85371305252611e-05,3.85371305252611e-05,3.85371305252611e-05,3.85371305252611e-05,3.85371305252611e-05,3.85371305252611e-05,3.85371305252611e-05,3.85371305252611e-05,3.85371305252611e-05,3.85371305252611e-05,3.85371305252611e-05,3.85371305252611e-05,3.85371305252611e-05,3.85371305252611e-05,3.85371305252611e-05,3.85371305252611e-05,3.85371305252611e-05,3.85371305252611e-05,3.85371305252611e-05,3.85371305252611e-05,3.85371305252611e-05,3.85371305252611e-05,3.85371305252611e-05,3.85371305252611e-05,3.85371305252611e-05,3.85371305252611e-05,3.85371305252611e-05,3.85371305252611e-05,3.85371305252611e-05,3.85371305252611e-05,3.85371305252611e-05,3.85371305252611e-05,3.85371305252611e-05,3.85371305252611e-05,3.85371305252611e-05,3.85371305252611e-05,3.85371305252611e-05,3.85371305252611e-05,3.85371305252611e-05,3.85371305252611e-05,3.85371305252611e-05,3.85371305252611e-05,3.85371305252611e-05
3.85371305252611e-05,3.85371305252611e-05,3.85371305252611e-05,3.85371305252611e-05,3.85371305252611e-05,3.85371305252611e-05,3.85371305252611e-05,3.85371305252611e-05,3.85371305252611e-05,3.85371305252611e-05,3.85371305252611e-05,3.85371305252611e-05,3.85371305252611e-05,3.85371305252611e-05,3.85371305252611e-05,3.85371305252611e-05,3.85371305252611e-05,3.85371305252611e-05,3.85371305252611e-05,3.85371305252611e-05,3.85371305252611e-05,3.85371305252611e-05,3.85371305252611e-05,3.85371305252611e-05,3.85371305252611e-05,3.85371305252611e-05,3.85371305252611e-05,3.85371305252611e-05,3.85371305252611e-05,3.85371305252611e-05,3.85371305252611e-05,3.85371305252611e-05,3.85371305252611e-05,3.85371305252611e-05,3.85371305252611e-05,3.85371305252611e-05,3.85371305252611e-05,3.85371305252611e-05,3.85371305252611e-05,3.85371305252611e-05,3.85371305252611e-05,3.85371305252611e-05,3.85371305252611e-05,3.85371305252611e-05,3.85371305252611e-05,3.85371305252611e-05,3.85371305252611e-05,3.85371305252611e-05,3.85371305252611e-05,3.85371305252611e-05,3.85371305252611e-05,3.85371305252611e-05,3.85371305252611e-05,3.85371305252611e-05,3.85371305252611e-05,3.85371305252611e-05,3.85371305252611e-05,3.85371305252611e-05,3.85371305252611e-05,3.85371305252611e-05,3.85371305252611e-05,3.85371305252611e-05,3.85371305252611e-05,3.85371305252611e-05,3.85371305252611e-05,3.85371305252611e-05,3.85371305252611e-05,3.85371305252611e-05,3.85371305252611e-05,3.85371305252611e-05,3.85371305252611e-05,3.85371305252611e-05,3.85371305252611e-05,3.85371305252611e-05,3.85371305252611e-05,3.85371305252611e-05,3.85371305252611e-05,3.85371305252611e-05,3.85371305252611e-05,3.85371305252611e-05,3.85371305252611e-05,3.85371305252611e-05,3.85371305252611e-05,3.85371305252611e-05,3.85371305252611e-05,3.85371305252611e-05,3.85371305252611e-05,3.85371305252611e-05,3.85371305252611e-05,3.85371305252611e-05,3.85371305252611e-05,3.85371305252611e-05,3.85371305252611e-05,3.85371305252611e-05,3.85371305252611e-05,3.85371305252611e-05,3.85371305252611e-05,3.85371305252611e-05,3.85371305252611e-05,3.85371305252611e-05
3.85371305252611e-05,3.85371305252611e-05,3.85371305252611e-05,3.85371305252611e-05,3.85371305252611e-05,3.85371305252611e-05,3.85371305252611e-05,3.85371305252611e-05,3.85371305252611e-05,3.85371305252611e-05,3.85371305252611e-05,3.85371305252611e-05,3.85371305252611e-05,3.85371305252611e-05,3.85371305252611e-05,3.85371305252611e-05,3.85371305252611e-05,3.85371305252611e-05,3.85371305252611e-05,3.85371305252611e-05,3.85371305252611e-05,3.85371305252611e-05,3.85371305252611e-05,3.85371305252611e-05,3.85371305252611e-05,3.85371305252611e-05,3.85371305252611e-05,3.85371305252611e-05,3.85371305252611e-05,3.85371305252611e-05,3.85371305252611e-05,3.85371305252611e-05,3.85371305252611e-05,3.85371305252611e-05,3.85371305252611e-05,3.85371305252611e-05,3.85371305252611e-05,3.85371305252611e-05,3.85371305252611e-05,3.85371305252611e-05,3.85371305252611e-05,3.85371305252611e-05,3.85371305252611e-05,3.85371305252611e-05,3.85371305252611e-05,3.85371305252611e-05,3.85371305252611e-05,3.85371305252611e-05,3.85371305252611e-05,3.85371305252611e-05,3.85371305252611e-05,3.85371305252611e-05,3.85371305252611e-05,3.85371305252611e-05,3.85371305252611e-05,3.85371305252611e-05,3.85371305252611e-05,3.85371305252611e-05,3.85371305252611e-05,3.85371305252611e-05,3.85371305252611e-05,3.85371305252611e-05,3.85371305252611e-05,3.85371305252611e-05,3.85371305252611e-05,3.85371305252611e-05,3.85371305252611e-05,3.85371305252611e-05,3.85371305252611e-05,3.85371305252611e-05,3.85371305252611e-05,3.85371305252611e-05,3.85371305252611e-05,3.85371305252611e-05,3.85371305252611e-05,3.85371305252611e-05,3.85371305252611e-05,3.85371305252611e-05,3.85371305252611e-05,3.85371305252611e-05,3.85371305252611e-05,3.85371305252611e-05,3.85371305252611e-05,3.85371305252611e-05,3.85371305252611e-05,3.85371305252611e-05,3.85371305252611e-05,3.85371305252611e-05,3.85371305252611e-05,3.85371305252611e-05,3.85371305252611e-05,3.85371305252611e-05,3.85371305252611e-05,3.85371305252611e-05,3.85371305252611e-05,3.85371305252611e-05,3.85371305252611e-05,3.85371305252611e-05,3.85371305252611e-05,3.85371305252611e-05
3.85371305252611e-05,3.85371305252611e-05,3.85371305252611e-05,3.85371305252611e-05,3.85371305252611e-05,3.85371305252611e-05,3.85371305252611e-05,3.85371305252611e-05,3.85371305252611e-05,3.85371305252611e-05,3.85371305252611e-05,3.85371305252611e-05,3.85371305252611e-05,3.85371305252611e-05,3.85371305252611e-05,3.85371305252611e-05,3.85371305252611e-05,3.85371305252611e-05,3.85371305252611e-05,3.85371305252611e-05,3.85371305252611e-05,3.85371305252611e-05,3.85371305252611e-05,3.85371305252611e-05,3.85371305252611e-05,3.85371305252611e-05,3.85371305252611e-05,3.85371305252611e-05,3.85371305252611e-05,3.85371305252611e-05,3.85371305252611e-05,3.85371305252611e-05,3.85371305252611e-05,3.85371305252611e-05,3.85371305252611e-05,3.85371305252611e-05,3.85371305252611e-05,3.85371305252611e-05,3.85371305252611e-05,3.85371305252611e-05,3.85371305252611e-05,3.85371305252611e-05,3.85371305252611e-05,3.85371305252611e-05,3.85371305252611e-05,3.85371305252611e-05,3.85371305252611e-05,3.85371305252611e-05,3.85371305252611e-05,3.85371305252611e-05,3.85371305252611e-05,3.85371305252611e-05,3.85371305252611e-05,3.85371305252611e-05,3.85371305252611e-05,3.85371305252611e-05,3.85371305252611e-05,3.85371305252611e-05,3.85371305252611e-05,3.85371305252611e-05,3.85371305252611e-05,3.85371305252611e-05,3.85371305252611e-05,3.85371305252611e-05,3.85371305252611e-05,3.85371305252611e-05,3.85371305252611e-05,3.85371305252611e-05,3.85371305252611e-05,3.85371305252611e-05,3.85371305252611e-05,3.85371305252611e-05,3.85371305252611e-05,3.85371305252611e-05,3.85371305252611e-05,3.85371305252611e-05,3.85371305252611e-05,3.85371305252611e-05,3.85371305252611e-05,3.85371305252611e-05,3.85371305252611e-05,3.85371305252611e-05,3.85371305252611e-05,3.85371305252611e-05,3.85371305252611e-05,3.85371305252611e-05,3.85371305252611e-05,3.85371305252611e-05,3.85371305252611e-05,3.85371305252611e-05,3.85371305252611e-05,3.85371305252611e-05,3.85371305252611e-05,3.85371305252611e-05,3.85371305252611e-05,3.85371305252611e-05,3.85371305252611e-05,3.85371305252611e-05,3.85371305252611e-05,3.85371305252611e-05
3.85371305252611e-05,3.85371305252611e-05,3.85371305252611e-05,3.85371305252611e-05,3.85371305252611e-05,3.85371305252611e-05,3.85371305252611e-05,3.85371305252611e-05,3.85371305252611e-05,3.85371305252611e-05,3.85371305252611e-05,3.85371305252611e-05,3.85371305252611e-05,3.85371305252611e-05,3.85371305252611e-05,3.85371305252611e-05,3.85371305252611e-05,3.85371305252611e-05,3.85371305252611e-05,3.85371305252611e-05,3.85371305252611e-05,3.85371305252611e-05,3.85371305252611e-05,3.85371305252611e-05,3.85371305252611e-05,3.85371305252611e-05,3.85371305252611e-05,3.85371305252611e-05,3.85371305252611e-05,3.85371305252611e-05,3.85371305252611e-05,3.85371305252611e-05,3.85371305252611e-05,3.85371305252611e-05,3.85371305252611e-05,3.85371305252611e-05,3.85371305252611e-05,3.85371305252611e-05,3.85371305252611e-05,3.85371305252611e-05,3.85371305252611e-05,3.85371305252611e-05,3.85371305252611e-05,3.85371305252611e-05,3.85371305252611e-05,3.85371305252611e-05,3.85371305252611e-05,3.85371305252611e-05,3.85371305252611e-05,3.85371305252611e-05,3.85371305252611e-05,3.85371305252611e-05,3.85371305252611e-05,3.85371305252611e-05,3.85371305252611e-05,3.85371305252611e-05,3.85371305252611e-05,3.85371305252611e-05,3.85371305252611e-05,3.85371305252611e-05,3.85371305252611e-05,3.85371305252611e-05,3.85371305252611e-05,3.85371305252611e-05,3.85371305252611e-05,3.85371305252611e-05,3.85371305252611e-05,3.85371305252611e-05,3.85371305252611e-05,3.85371305252611e-05,3.85371305252611e-05,3.85371305252611e-05,3.85371305252611e-05,3.85371305252611e-05,3.85371305252611e-05,3.85371305252611e-05,3.85371305252611e-05,3.85371305252611e-05,3.85371305252611e-05,3.85371305252611e-05,3.85371305252611e-05,3.85371305252611e-05,3.85371305252611e-05,3.85371305252611e-05,3.85371305252611e-05,3.85371305252611e-05,3.85371305252611e-05,3.85371305252611e-05,3.85371305252611e-05,3.85371305252611e-05,3.85371305252611e-05,3.85371305252611e-05,3.85371305252611e-05,3.85371305252611e-05,3.85371305252611e-05,3.85371305252611e-05,3.85371305252611e-05,3.85371305252611e-05,3.85371305252611e-05,3.85371305252611e-05
3.85371305252611e-05,3.85371305252611e-05,3.85371305252611e-05,3.85371305252611e-05,3.85371305252611e-05,3.85371305252611e-05,3.85371305252611e-05,3.85371305252611e-05,3.85371305252611e-05,3.85371305252611e-05,3.85371305252611e-05,3.85371305252611e-05,3.85371305252611e-05,3.85371305252611e-05,3.85371305252611e-05,3.85371305252611e-05,3.85371305252611e-05,3.85371305252611e-05,3.85371305252611e-05,3.85371305252611e-05,3.85371305252611e-05,3.85371305252611e-05,3.85371305252611e-05,3.85371305252611e-05,3.85371305252611e-05,3.85371305252611e-05,3.85371305252611e-05,3.85371305252611e-05,3.85371305252611e-05,3.85371305252611e-05,3.85371305252611e-05,3.85371305252611e-05,3.85371305252611e-05,3.85371305252611e-05,3.85371305252611e-05,3.85371305252611e-05,3.85371305252611e-05,3.85371305252611e-05,3.85371305252611e-05,3.85371305252611e-05,3.85371305252611e-05,3.85371305252611e-05,3.85371305252611e-05,3.85371305252611e-05,3.85371305252611e-05,3.85371305252611e-05,3.85371305252611e-05,3.85371305252611e-05,3.85371305252611e-05,3.85371305252611e-05,3.85371305252611e-05,3.85371305252611e-05,3.85371305252611e-05,3.85371305252611e-05,3.85371305252611e-05,3.85371305252611e-05,3.85371305252611e-05,3.85371305252611e-05,3.85371305252611e-05,3.85371305252611e-05,3.85371305252611e-05,3.85371305252611e-05,3.85371305252611e-05,3.85371305252611e-05,3.85371305252611e-05,3.85371305252611e-05,3.85371305252611e-05,3.85371305252611e-05,3.85371305252611e-05,3.85371305252611e-05,3.85371305252611e-05,3.85371305252611e-05,3.85371305252611e-05,3.85371305252611e-05,3.85371305252611e-05,3.85371305252611e-05,3.85371305252611e-05,3.85371305252611e-05,3.85371305252611e-05,3.85371305252611e-05,3.85371305252611e-05,3.85371305252611e-05,3.85371305252611e-05,3.85371305252611e-05,3.85371305252611e-05,3.85371305252611e-05,3.85371305252611e-05,3.85371305252611e-05,3.85371305252611e-05,3.85371305252611e-05,3.85371305252611e-05,3.85371305252611e-05,3.85371305252611e-05,3.85371305252611e-05,3.85371305252611e-05,3.85371305252611e-05,3.85371305252611e-05,3.85371305252611e-05,3.85371305252611e-05,3.85371305252611e-05
3.85371305252611e-05,3.85371305252611e-05,3.85371305252611e-05,3.85371305252611e-05,3.85371305252611e-05,3.85371305252611e-05,3.85371305252611e-05,3.85371305252611e-05,3.85371305252611e-05,3.85371305252611e-05,3.85371305252611e-05,3.85371305252611e-05,3.85371305252611e-05,3.85371305252611e-05,3.85371305252611e-05,3.85371305252611e-05,3.85371305252611e-05,3.85371305252611e-05,3.85371305252611e-05,3.85371305252611e-05,3.85371305252611e-05,3.85371305252611e-05,3.85371305252611e-05,3.85371305252611e-05,3.85371305252611e-05,3.85371305252611e-05,3.85371305252611e-05,3.85371305252611e-05,3.85371305252611e-05,3.85371305252611e-05,3.85371305252611e-05,3.85371305252611e-05,3.85371305252611e-05,3.85371305252611e-05,3.85371305252611e-05,3.85371305252611e-05,3.85371305252611e-05,3.85371305252611e-05,3.85371305252611e-05,3.85371305252611e-05,3.85371305252611e-05,3.85371305252611e-05,3.85371305252611e-05,3.85371305252611e-05,3.85371305252611e-05,3.85371305252611e-05,3.85371305252611e-05,3.85371305252611e-05,3.85371305252611e-05,3.85371305252611e-05,3.85371305252611e-05,3.85371305252611e-05,3.85371305252611e-05,3.85371305252611e-05,3.85371305252611e-05,3.85371305252611e-05,3.85371305252611e-05,3.85371305252611e-05,3.85371305252611e-05,3.85371305252611e-05,3.85371305252611e-05,3.85371305252611e-05,3.85371305252611e-05,3.85371305252611e-05,3.85371305252611e-05,3.85371305252611e-05,3.85371305252611e-05,3.85371305252611e-05,3.85371305252611e-05,3.85371305252611e-05,3.85371305252611e-05,3.85371305252611e-05,3.85371305252611e-05,3.85371305252611e-05,3.85371305252611e-05,3.85371305252611e-05,3.85371305252611e-05,3.85371305252611e-05,3.85371305252611e-05,3.85371305252611e-05,3.85371305252611e-05,3.85371305252611e-05,3.85371305252611e-05,3.85371305252611e-05,3.85371305252611e-05,3.85371305252611e-05,3.85371305252611e-05,3.85371305252611e-05,3.85371305252611e-05,3.85371305252611e-05,3.85371305252611e-05,3.85371305252611e-05,3.85371305252611e-05,3.85371305252611e-05,3.85371305252611e-05,3.85371305252611e-05,3.85371305252611e-05,3.85371305252611e-05,3.85371305252611e-05,3.85371305252611e-05
3.85371305252611e-05,3.85371305252611e-05,3.85371305252611e-05,3.85371305252611e-05,3.85371305252611e-05,3.85371305252611e-05,3.85371305252611e-05,3.85371305252611e-05,3.85371305252611e-05,3.85371305252611e-05,3.85371305252611e-05,3.85371305252611e-05,3.85371305252611e-05,3.85371305252611e-05,3.85371305252611e-05,3.85371305252611e-05,3.85371305252611e-05,3.85371305252611e-05,3.85371305252611e-05,3.85371305252611e-05,3.85371305252611e-05,3.85371305252611e-05,3.85371305252611e-05,3.85371305252611e-05,3.85371305252611e-05,3.85371305252611e-05,3.85371305252611e-05,3.85371305252611e-05,3.85371305252611e-05,3.85371305252611e-05,3.85371305252611e-05,3.85371305252611e-05,3.85371305252611e-05,3.85371305252611e-05,3.85371305252611e-05,3.85371305252611e-05,3.85371305252611e-05,3.85371305252611e-05,3.85371305252611e-05,3.85371305252611e-05,3.85371305252611e-05,3.85371305252611e-05,3.85371305252611e-05,3.85371305252611e-05,3.85371305252611e-05,3.85371305252611e-05,3.85371305252611e-05,3.85371305252611e-05,3.85371305252611e-05,3.85371305252611e-05,3.85371305252611e-05,3.85371305252611e-05,3.85371305252611e-05,3.85371305252611e-05,3.85371305252611e-05,3.85371305252611e-05,3.85371305252611e-05,3.85371305252611e-05,3.85371305252611e-05,3.85371305252611e-05,3.85371305252611e-05,3.85371305252611e-05,3.85371305252611e-05,3.85371305252611e-05,3.85371305252611e-05,3.85371305252611e-05,3.85371305252611e-05,3.85371305252611e-05,3.85371305252611e-05,3.85371305252611e-05,3.85371305252611e-05,3.85371305252611e-05,3.85371305252611e-05,3.85371305252611e-05,3.85371305252611e-05,3.85371305252611e-05,3.85371305252611e-05,3.85371305252611e-05,3.85371305252611e-05,3.85371305252611e-05,3.85371305252611e-05,3.85371305252611e-05,3.85371305252611e-05,3.85371305252611e-05,3.85371305252611e-05,3.85371305252611e-05,3.85371305252611e-05,3.85371305252611e-05,3.85371305252611e-05,3.85371305252611e-05,3.85371305252611e-05,3.85371305252611e-05,3.85371305252611e-05,3.85371305252611e-05,3.85371305252611e-05,3.85371305252611e-05,3.85371305252611e-05,3.85371305252611e-05,3.85371305252611e-05,3.85371305252611e-05
3.85371305252611e-05,3.85371305252611e-05,3.85371305252611e-05,3.85371305252611e-05,3.85371305252611e-05,3.85371305252611e-05,3.85371305252611e-05,3.85371305252611e-05,3.85371305252611e-05,3.85371305252611e-05,3.85371305252611e-05,3.85371305252611e-05,3.85371305252611e-05,3.85371305252611e-05,3.85371305252611e-05,3.85371305252611e-05,3.85371305252611e-05,3.85371305252611e-05,3.85371305252611e-05,3.85371305252611e-05,3.85371305252611e-05,3.85371305252611e-05,3.85371305252611e-05,3.85371305252611e-05,3.85371305252611e-05,3.85371305252611e-05,3.85371305252611e-05,3.85371305252611e-05,3.85371305252611e-05,3.85371305252611e-05,3.85371305252611e-05,3.85371305252611e-05,3.85371305252611e-05,3.85371305252611e-05,3.85371305252611e-05,3.85371305252611e-05,3.85371305252611e-05,3.85371305252611e-05,3.85371305252611e-05,3.85371305252611e-05,3.85371305252611e-05,3.85371305252611e-05,3.85371305252611e-05,3.85371305252611e-05,3.85371305252611e-05,3.85371305252611e-05,3.85371305252611e-05,3.85371305252611e-05,3.85371305252611e-05,3.85371305252611e-05,3.85371305252611e-05,3.85371305252611e-05,3.85371305252611e-05,3.85371305252611e-05,3.85371305252611e-05,3.85371305252611e-05,3.85371305252611e-05,3.85371305252611e-05,3.85371305252611e-05,3.85371305252611e-05,3.85371305252611e-05,3.85371305252611e-05,3.85371305252611e-05,3.85371305252611e-05,3.85371305252611e-05,3.85371305252611e-05,3.85371305252611e-05,3.85371305252611e-05,3.85371305252611e-05,3.85371305252611e-05,3.85371305252611e-05,3.85371305252611e-05,3.85371305252611e-05,3.85371305252611e-05,3.85371305252611e-05,3.85371305252611e-05,3.85371305252611e-05,3.85371305252611e-05,3.85371305252611e-05,3.85371305252611e-05,3.85371305252611e-05,3.85371305252611e-05,3.85371305252611e-05,3.85371305252611e-05,3.85371305252611e-05,3.85371305252611e-05,3.85371305252611e-05,3.85371305252611e-05,3.85371305252611e-05,3.85371305252611e-05,3.85371305252611e-05,3.85371305252611e-05,3.85371305252611e-05,3.85371305252611e-05,3.85371305252611e-05,3.85371305252611e-05,3.85371305252611e-05,3.85371305252611e-05,3.85371305252611e-05,3.85371305252611e-05
3.85371305252611e-05,3.85371305252611e-05,3.85371305252611e-05,3.85371305252611e-05,3.85371305252611e-05,3.85371305252611e-05,3.85371305252611e-05,3.85371305252611e-05,3.85371305252611e-05,3.85371305252611e-05,3.85371305252611e-05,3.85371305252611e-05,3.85371305252611e-05,3.85371305252611e-05,3.85371305252611e-05,3.85371305252611e-05,3.85371305252611e-05,3.85371305252611e-05,3.85371305252611e-05,3.85371305252611e-05,3.85371305252611e-05,3.85371305252611e-05,3.85371305252611e-05,3.85371305252611e-05,3.85371305252611e-05,3.85371305252611e-05,3.85371305252611e-05,3.85371305252611e-05,3.85371305252611e-05,3.85371305252611e-05,3.85371305252611e-05,3.85371305252611e-05,3.85371305252611e-05,3.85371305252611e-05,3.85371305252611e-05,3.85371305252611e-05,3.85371305252611e-05,3.85371305252611e-05,3.85371305252611e-05,3.85371305252611e-05,3.85371305252611e-05,3.85371305252611e-05,3.85371305252611e-05,3.85371305252611e-05,3.85371305252611e-05,3.85371305252611e-05,3.85371305252611e-05,3.85371305252611e-05,3.85371305252611e-05,3.85371305252611e-05,3.85371305252611e-05,3.85371305252611e-05,3.85371305252611e-05,3.85371305252611e-05,3.85371305252611e-05,3.85371305252611e-05,3.85371305252611e-05,3.85371305252611e-05,3.85371305252611e-05,3.85371305252611e-05,3.85371305252611e-05,3.85371305252611e-05,3.85371305252611e-05,3.85371305252611e-05,3.85371305252611e-05,3.85371305252611e-05,3.85371305252611e-05,3.85371305252611e-05,3.85371305252611e-05,3.85371305252611e-05,3.85371305252611e-05,3.85371305252611e-05,3.85371305252611e-05,3.85371305252611e-05,3.85371305252611e-05,3.85371305252611e-05,3.85371305252611e-05,3.85371305252611e-05,3.85371305252611e-05,3.85371305252611e-05,3.85371305252611e-05,3.85371305252611e-05,3.85371305252611e-05,3.85371305252611e-05,3.85371305252611e-05,3.85371305252611e-05,3.85371305252611e-05,3.85371305252611e-05,3.85371305252611e-05,3.85371305252611e-05,3.85371305252611e-05,3.85371305252611e-05,3.85371305252611e-05,3.85371305252611e-05,3.85371305252611e-05,3.85371305252611e-05,3.85371305252611e-05,3.85371305252611e-05,3.85371305252611e-05,3.85371305252611e-05
3.85371305252611e-05,3.85371305252611e-05,3.85371305252611e-05,3.85371305252611e-05,3.85371305252611e-05,3.85371305252611e-05,3.85371305252611e-05,3.85371305252611e-05,3.85371305252611e-05,3.85371305252611e-05,3.85371305252611e-05,3.85371305252611e-05,3.85371305252611e-05,3.85371305252611e-05,3.85371305252611e-05,3.85371305252611e-05,3.85371305252611e-05,3.85371305252611e-05,3.85371305252611e-05,3.85371305252611e-05,3.85371305252611e-05,3.85371305252611e-05,3.85371305252611e-05,3.85371305252611e-05,3.85371305252611e-05,3.85371305252611e-05,3.85371305252611e-05,3.85371305252611e-05,3.85371305252611e-05,3.85371305252611e-05,3.85371305252611e-05,3.85371305252611e-05,3.85371305252611e-05,3.85371305252611e-05,3.85371305252611e-05,3.85371305252611e-05,3.85371305252611e-05,3.85371305252611e-05,3.85371305252611e-05,3.85371305252611e-05,3.85371305252611e-05,3.85371305252611e-05,3.85371305252611e-05,3.85371305252611e-05,3.85371305252611e-05,3.85371305252611e-05,3.85371305252611e-05,3.85371305252611e-05,3.85371305252611e-05,3.85371305252611e-05,3.85371305252611e-05,3.85371305252611e-05,3.85371305252611e-05,3.85371305252611e-05,3.85371305252611e-05,3.85371305252611e-05,3.85371305252611e-05,3.85371305252611e-05,3.85371305252611e-05,3.85371305252611e-05,3.85371305252611e-05,3.85371305252611e-05,3.85371305252611e-05,3.85371305252611e-05,3.85371305252611e-05,3.85371305252611e-05,3.85371305252611e-05,3.85371305252611e-05,3.85371305252611e-05,3.85371305252611e-05,3.85371305252611e-05,3.85371305252611e-05,3.85371305252611e-05,3.85371305252611e-05,3.85371305252611e-05,3.85371305252611e-05,3.85371305252611e-05,3.85371305252611e-05,3.85371305252611e-05,3.85371305252611e-05,3.85371305252611e-05,3.85371305252611e-05,3.85371305252611e-05,3.85371305252611e-05,3.85371305252611e-05,3.85371305252611e-05,3.85371305252611e-05,3.85371305252611e-05,3.85371305252611e-05,3.85371305252611e-05,3.85371305252611e-05,3.85371305252611e-05,3.85371305252611e-05,3.85371305252611e-05,3.85371305252611e-05,3.85371305252611e-05,3.85371305252611e-05,3.85371305252611e-05,3.85371305252611e-05,3.85371305252611e-05
3.85371305252611e-05,3.85371305252611e-05,3.85371305252611e-05,3.85371305252611e-05,3.85371305252611e-05,3.85371305252611e-05,3.85371305252611e-05,3.85371305252611e-05,3.85371305252611e-05,3.85371305252611e-05,3.85371305252611e-05,3.85371305252611e-05,3.85371305252611e-05,3.85371305252611e-05,3.85371305252611e-05,3.85371305252611e-05,3.85371305252611e-05,3.85371305252611e-05,3.85371305252611e-05,3.85371305252611e-05,3.85371305252611e-05,3.85371305252611e-05,3.85371305252611e-05,3.85371305252611e-05,3.85371305252611e-05,3.85371305252611e-05,3.85371305252611e-05,3.85371305252611e-05,3.85371305252611e-05,3.85371305252611e-05,3.85371305252611e-05,3.85371305252611e-05,3.85371305252611e-05,3.85371305252611e-05,3.85371305252611e-05,3.85371305252611e-05,3.85371305252611e-05,3.85371305252611e-05,3.85371305252611e-05,3.85371305252611e-05,3.85371305252611e-05,3.85371305252611e-05,3.85371305252611e-05,3.85371305252611e-05,3.85371305252611e-05,3.85371305252611e-05,3.85371305252611e-05,3.85371305252611e-05,3.85371305252611e-05,3.85371305252611e-05,3.85371305252611e-05,3.85371305252611e-05,3.85371305252611e-05,3.85371305252611e-05,3.85371305252611e-05,3.85371305252611e-05,3.85371305252611e-05,3.85371305252611e-05,3.85371305252611e-05,3.85371305252611e-05,3.85371305252611e-05,3.85371305252611e-05,3.85371305252611e-05,3.85371305252611e-05,3.85371305252611e-05,3.85371305252611e-05,3.85371305252611e-05,3.85371305252611e-05,3.85371305252611e-05,3.85371305252611e-05,3.85371305252611e-05,3.85371305252611e-05,3.85371305252611e-05,3.85371305252611e-05,3.85371305252611e-05,3.85371305252611e-05,3.85371305252611e-05,3.85371305252611e-05,3.85371305252611e-05,3.85371305252611e-05,3.85371305252611e-05,3.85371305252611e-05,3.85371305252611e-05,3.85371305252611e-05,3.85371305252611e-05,3.85371305252611e-05,3.85371305252611e-05,3.85371305252611e-05,3.85371305252611e-05,3.85371305252611e-05,3.85371305252611e-05,3.85371305252611e-05,3.85371305252611e-05,3.85371305252611e-05,3.85371305252611e-05,3.85371305252611e-05,3.85371305252611e-05,3.85371305252611e-05,3.85371305252611e-05,3.85371305252611e-05
3.85371305252611e-05,3.85371305252611e-05,3.85371305252611e-05,3.85371305252611e-05,3.85371305252611e-05,3.85371305252611e-05,3.85371305252611e-05,3.85371305252611e-05,3.85371305252611e-05,3.85371305252611e-05,3.85371305252611e-05,3.85371305252611e-05,3.85371305252611e-05,3.85371305252611e-05,3.85371305252611e-05,3.85371305252611e-05,3.85371305252611e-05,3.85371305252611e-05,3.85371305252611e-05,3.85371305252611e-05,3.85371305252611e-05,3.85371305252611e-05,3.85371305252611e-05,3.85371305252611e-05,3.85371305252611e-05,3.85371305252611e-05,3.85371305252611e-05,3.85371305252611e-05,3.85371305252611e-05,3.85371305252611e-05,3.85371305252611e-05,3.85371305252611e-05,3.85371305252611e-05,3.85371305252611e-05,3.85371305252611e-05,3.85371305252611e-05,3.85371305252611e-05,3.85371305252611e-05,3.85371305252611e-05,3.85371305252611e-05,3.85371305252611e-05,3.85371305252611e-05,3.85371305252611e-05,3.85371305252611e-05,3.85371305252611e-05,3.85371305252611e-05,3.85371305252611e-05,3.85371305252611e-05,3.85371305252611e-05,3.85371305252611e-05,3.85371305252611e-05,3.85371305252611e-05,3.85371305252611e-05,3.85371305252611e-05,3.85371305252611e-05,3.85371305252611e-05,3.85371305252611e-05,3.85371305252611e-05,3.85371305252611e-05,3.85371305252611e-05,3.85371305252611e-05,3.85371305252611e-05,3.85371305252611e-05,3.85371305252611e-05,3.85371305252611e-05,3.85371305252611e-05,3.85371305252611e-05,3.85371305252611e-05,3.85371305252611e-05,3.85371305252611e-05,3.85371305252611e-05,3.85371305252611e-05,3.85371305252611e-05,3.85371305252611e-05,3.85371305252611e-05,3.85371305252611e-05,3.85371305252611e-05,3.85371305252611e-05,3.85371305252611e-05,3.85371305252611e-05,3.85371305252611e-05,3.85371305252611e-05,3.85371305252611e-05,3.85371305252611e-05,3.85371305252611e-05,3.85371305252611e-05,3.85371305252611e-05,3.85371305252611e-05,3.85371305252611e-05,3.85371305252611e-05,3.85371305252611e-05,3.85371305252611e-05,3.85371305252611e-05,3.85371305252611e-05,3.85371305252611e-05,3.85371305252611e-05,3.85371305252611e-05,3.85371305252611e-05,3.85371305252611e-05,3.85371305252611e-05
3.85371305252611e-05,3.85371305252611e-05,3.85371305252611e-05,3.85371305252611e-05,3.85371305252611e-05,3.85371305252611e-05,3.85371305252611e-05,3.85371305252611e-05,3.85371305252611e-05,3.85371305252611e-05,3.85371305252611e-05,3.85371305252611e-05,3.85371305252611e-05,3.85371305252611e-05,3.85371305252611e-05,3.85371305252611e-05,3.85371305252611e-05,3.85371305252611e-05,3.85371305252611e-05,3.85371305252611e-05,3.85371305252611e-05,3.85371305252611e-05,3.85371305252611e-05,3.85371305252611e-05,3.85371305252611e-05,3.85371305252611e-05,3.85371305252611e-05,3.85371305252611e-05,3.85371305252611e-05,3.85371305252611e-05,3.85371305252611e-05,3.85371305252611e-05,3.85371305252611e-05,3.85371305252611e-05,3.85371305252611e-05,3.85371305252611e-05,3.85371305252611e-05,3.85371305252611e-05,3.85371305252611e-05,3.85371305252611e-05,3.85371305252611e-05,3.85371305252611e-05,3.85371305252611e-05,3.85371305252611e-05,3.85371305252611e-05,3.85371305252611e-05,3.85371305252611e-05,3.85371305252611e-05,3.85371305252611e-05,3.85371305252611e-05,3.85371305252611e-05,3.85371305252611e-05,3.85371305252611e-05,3.85371305252611e-05,3.85371305252611e-05,3.85371305252611e-05,3.85371305252611e-05,3.85371305252611e-05,3.85371305252611e-05,3.85371305252611e-05,3.85371305252611e-05,3.85371305252611e-05,3.85371305252611e-05,3.85371305252611e-05,3.85371305252611e-05,3.85371305252611e-05,3.85371305252611e-05,3.85371305252611e-05,3.85371305252611e-05,3.85371305252611e-05,3.85371305252611e-05,3.85371305252611e-05,3.85371305252611e-05,3.85371305252611e-05,3.85371305252611e-05,3.85371305252611e-05,3.85371305252611e-05,3.85371305252611e-05,3.85371305252611e-05,3.85371305252611e-05,3.85371305252611e-05,3.85371305252611e-05,3.85371305252611e-05,3.85371305252611e-05,3.85371305252611e-05,3.85371305252611e-05,3.85371305252611e-05,3.85371305252611e-05,3.85371305252611e-05,3.85371305252611e-05,3.85371305252611e-05,3.85371305252611e-05,3.85371305252611e-05,3.85371305252611e-05,3.85371305252611e-05,3.85371305252611e-05,3.85371305252611e-05,3.85371305252611e-05,3.85371305252611e-05,3.85371305252611e-05
3.85371305252611e-05,3.85371305252611e-05,3.85371305252611e-05,3.85371305252611e-05,3.85371305252611e-05,3.85371305252611e-05,3.85371305252611e-05,3.85371305252611e-05,3.85371305252611e-05,3.85371305252611e-05,3.85371305252611e-05,3.85371305252611e-05,3.85371305252611e-05,3.85371305252611e-05,3.85371305252611e-05,3.85371305252611e-05,3.85371305252611e-05,3.85371305252611e-05,3.85371305252611e-05,3.85371305252611e-05,3.85371305252611e-05,3.85371305252611e-05,3.85371305252611e-05,3.85371305252611e-05,3.85371305252611e-05,3.85371305252611e-05,3.85371305252611e-05,3.85371305252611e-05,3.85371305252611e-05,3.85371305252611e-05,3.85371305252611e-05,3.85371305252611e-05,3.85371305252611e-05,3.85371305252611e-05,3.85371305252611e-05,3.85371305252611e-05,3.85371305252611e-05,3.85371305252611e-05,3.85371305252611e-05,3.85371305252611e-05,3.85371305252611e-05,3.85371305252611e-05,3.85371305252611e-05,3.85371305252611e-05,3.85371305252611e-05,3.85371305252611e-05,3.85371305252611e-05,3.85371305252611e-05,3.85371305252611e-05,3.85371305252611e-05,3.85371305252611e-05,3.85371305252611e-05,3.85371305252611e-05,3.85371305252611e-05,3.85371305252611e-05,3.85371305252611e-05,3.85371305252611e-05,3.85371305252611e-05,3.85371305252611e-05,3.85371305252611e-05,3.85371305252611e-05,3.85371305252611e-05,3.85371305252611e-05,3.85371305252611e-05,3.85371305252611e-05,3.85371305252611e-05,3.85371305252611e-05,3.85371305252611e-05,3.85371305252611e-05,3.85371305252611e-05,3.85371305252611e-05,3.85371305252611e-05,3.85371305252611e-05,3.85371305252611e-05,3.85371305252611e-05,3.85371305252611e-05,3.85371305252611e-05,3.85371305252611e-05,3.85371305252611e-05,3.85371305252611e-05,3.85371305252611e-05,3.85371305252611e-05,3.85371305252611e-05,3.85371305252611e-05,3.85371305252611e-05,3.85371305252611e-05,3.85371305252611e-05,3.85371305252611e-05,3.85371305252611e-05,3.85371305252611e-05,3.85371305252611e-05,3.85371305252611e-05,3.85371305252611e-05,3.85371305252611e-05,3.85371305252611e-05,3.85371305252611e-05,3.85371305252611e-05,3.85371305252611e-05,3.85371305252611e-05,3.85371305252611e-05
3.85371305252611e-05,3.85371305252611e-05,3.85371305252611e-05,3.85371305252611e-05,3.85371305252611e-05,3.85371305252611e-05,3.85371305252611e-05,3.85371305252611e-05,3.85371305252611e-05,3.85371305252611e-05,3.85371305252611e-05,3.85371305252611e-05,3.85371305252611e-05,3.85371305252611e-05,3.85371305252611e-05,3.85371305252611e-05,3.85371305252611e-05,3.85371305252611e-05,3.85371305252611e-05,3.85371305252611e-05,3.85371305252611e-05,3.85371305252611e-05,3.85371305252611e-05,3.85371305252611e-05,3.85371305252611e-05,3.85371305252611e-05,3.85371305252611e-05,3.85371305252611e-05,3.85371305252611e-05,3.85371305252611e-05,3.85371305252611e-05,3.85371305252611e-05,3.85371305252611e-05,3.85371305252611e-05,3.85371305252611e-05,3.85371305252611e-05,3.85371305252611e-05,3.85371305252611e-05,3.85371305252611e-05,3.85371305252611e-05,3.85371305252611e-05,3.85371305252611e-05,3.85371305252611e-05,3.85371305252611e-05,3.85371305252611e-05,3.85371305252611e-05,3.85371305252611e-05,3.85371305252611e-05,3.85371305252611e-05,3.85371305252611e-05,3.85371305252611e-05,3.85371305252611e-05,3.85371305252611e-05,3.85371305252611e-05,3.85371305252611e-05,3.85371305252611e-05,3.85371305252611e-05,3.85371305252611e-05,3.85371305252611e-05,3.85371305252611e-05,3.85371305252611e-05,3.85371305252611e-05,3.85371305252611e-05,3.85371305252611e-05,3.85371305252611e-05,3.85371305252611e-05,3.85371305252611e-05,3.85371305252611e-05,3.85371305252611e-05,3.85371305252611e-05,3.85371305252611e-05,3.85371305252611e-05,3.85371305252611e-05,3.85371305252611e-05,3.85371305252611e-05,3.85371305252611e-05,3.85371305252611e-05,3.85371305252611e-05,3.85371305252611e-05,3.85371305252611e-05,3.85371305252611e-05,3.85371305252611e-05,3.85371305252611e-05,3.85371305252611e-05,3.85371305252611e-05,3.85371305252611e-05,3.85371305252611e-05,3.85371305252611e-05,3.85371305252611e-05,3.85371305252611e-05,3.85371305252611e-05,3.85371305252611e-05,3.85371305252611e-05,3.85371305252611e-05,3.85371305252611e-05,3.85371305252611e-05,3.85371305252611e-05,3.85371305252611e-05,3.85371305252611e-05,3.85371305252611e-05
3.85371305252611e-05,3.85371305252611e-05,3.85371305252611e-05,3.85371305252611e-05,3.85371305252611e-05,3.85371305252611e-05,3.85371305252611e-05,3.85371305252611e-05,3.85371305252611e-05,3.85371305252611e-05,3.85371305252611e-05,3.85371305252611e-05,3.85371305252611e-05,3.85371305252611e-05,3.85371305252611e-05,3.85371305252611e-05,3.85371305252611e-05,3.85371305252611e-05,3.85371305252611e-05,3.85371305252611e-05,3.85371305252611e-05,3.85371305252611e-05,3.85371305252611e-05,3.85371305252611e-05,3.85371305252611e-05,3.85371305252611e-05,3.85371305252611e-05,3.85371305252611e-05,3.85371305252611e-05,3.85371305252611e-05,3.85371305252611e-05,3.85371305252611e-05,3.85371305252611e-05,3.85371305252611e-05,3.85371305252611e-05,3.85371305252611e-05,3.85371305252611e-05,3.85371305252611e-05,3.85371305252611e-05,3.85371305252611e-05,3.85371305252611e-05,3.85371305252611e-05,3.85371305252611e-05,3.85371305252611e-05,3.85371305252611e-05,3.85371305252611e-05,3.85371305252611e-05,3.85371305252611e-05,3.85371305252611e-05,3.85371305252611e-05,3.85371305252611e-05,3.85371305252611e-05,3.85371305252611e-05,3.85371305252611e-05,3.85371305252611e-05,3.85371305252611e-05,3.85371305252611e-05,3.85371305252611e-05,3.85371305252611e-05,3.85371305252611e-05,3.85371305252611e-05,3.85371305252611e-05,3.85371305252611e-05,3.85371305252611e-05,3.85371305252611e-05,3.85371305252611e-05,3.85371305252611e-05,3.85371305252611e-05,3.85371305252611e-05,3.85371305252611e-05,3.85371305252611e-05,3.85371305252611e-05,3.85371305252611e-05,3.85371305252611e-05,3.85371305252611e-05,3.85371305252611e-05,3.85371305252611e-05,3.85371305252611e-05,3.85371305252611e-05,3.85371305252611e-05,3.85371305252611e-05,3.85371305252611e-05,3.85371305252611e-05,3.85371305252611e-05,3.85371305252611e-05,3.85371305252611e-05,3.85371305252611e-05,3.85371305252611e-05,3.85371305252611e-05,3.85371305252611e-05,3.85371305252611e-05,3.85371305252611e-05,3.85371305252611e-05,3.85371305252611e-05,3.85371305252611e-05,3.85371305252611e-05,3.85371305252611e-05,3.85371305252611e-05,3.85371305252611e-05,3.85371305252611e-05
3.85371305252611e-05,3.85371305252611e-05,3.85371305252611e-05,3.85371305252611e-05,3.85371305252611e-05,3.85371305252611e-05,3.85371305252611e-05,3.85371305252611e-05,3.85371305252611e-05,3.85371305252611e-05,3.85371305252611e-05,3.85371305252611e-05,3.85371305252611e-05,3.85371305252611e-05,3.85371305252611e-05,3.85371305252611e-05,3.85371305252611e-05,3.85371305252611e-05,3.85371305252611e-05,3.85371305252611e-05,3.85371305252611e-05,3.85371305252611e-05,3.85371305252611e-05,3.85371305252611e-05,3.85371305252611e-05,3.85371305252611e-05,3.85371305252611e-05,3.85371305252611e-05,3.85371305252611e-05,3.85371305252611e-05,3.85371305252611e-05,3.85371305252611e-05,3.85371305252611e-05,3.85371305252611e-05,3.85371305252611e-05,3.85371305252611e-05,3.85371305252611e-05,3.85371305252611e-05,3.85371305252611e-05,3.85371305252611e-05,3.85371305252611e-05,3.85371305252611e-05,3.85371305252611e-05,3.85371305252611e-05,3.85371305252611e-05,3.85371305252611e-05,3.85371305252611e-05,3.85371305252611e-05,3.85371305252611e-05,3.85371305252611e-05,3.85371305252611e-05,3.85371305252611e-05,3.85371305252611e-05,3.85371305252611e-05,3.85371305252611e-05,3.85371305252611e-05,3.85371305252611e-05,3.85371305252611e-05,3.85371305252611e-05,3.85371305252611e-05,3.85371305252611e-05,3.85371305252611e-05,3.85371305252611e-05,3.85371305252611e-05,3.85371305252611e-05,3.85371305252611e-05,3.85371305252611e-05,3.85371305252611e-05,3.85371305252611e-05,3.85371305252611e-05,3.85371305252611e-05,3.85371305252611e-05,3.85371305252611e-05,3.85371305252611e-05,3.85371305252611e-05,3.85371305252611e-05,3.85371305252611e-05,3.85371305252611e-05,3.85371305252611e-05,3.85371305252611e-05,3.85371305252611e-05,3.85371305252611e-05,3.85371305252611e-05,3.85371305252611e-05,3.85371305252611e-05,3.85371305252611e-05,3.85371305252611e-05,3.85371305252611e-05,3.85371305252611e-05,3.85371305252611e-05,3.85371305252611e-05,3.85371305252611e-05,3.85371305252611e-05,3.85371305252611e-05,3.85371305252611e-05,3.85371305252611e-05,3.85371305252611e-05,3.85371305252611e-05,3.85371305252611e-05,3.85371305252611e-05
3.85371305252611e-05,3.85371305252611e-05,3.85371305252611e-05,3.85371305252611e-05,3.85371305252611e-05,3.85371305252611e-05,3.85371305252611e-05,3.85371305252611e-05,3.85371305252611e-05,3.85371305252611e-05,3.85371305252611e-05,3.85371305252611e-05,3.85371305252611e-05,3.85371305252611e-05,3.85371305252611e-05,3.85371305252611e-05,3.85371305252611e-05,3.85371305252611e-05,3.85371305252611e-05,3.85371305252611e-05,3.85371305252611e-05,3.85371305252611e-05,3.85371305252611e-05,3.85371305252611e-05,3.85371305252611e-05,3.85371305252611e-05,3.85371305252611e-05,3.85371305252611e-05,3.85371305252611e-05,3.85371305252611e-05,3.85371305252611e-05,3.85371305252611e-05,3.85371305252611e-05,3.85371305252611e-05,3.85371305252611e-05,3.85371305252611e-05,3.85371305252611e-05,3.85371305252611e-05,3.85371305252611e-05,3.85371305252611e-05,3.85371305252611e-05,3.85371305252611e-05,3.85371305252611e-05,3.85371305252611e-05,3.85371305252611e-05,3.85371305252611e-05,3.85371305252611e-05,3.85371305252611e-05,3.85371305252611e-05,3.85371305252611e-05,3.85371305252611e-05,3.85371305252611e-05,3.85371305252611e-05,3.85371305252611e-05,3.85371305252611e-05,3.85371305252611e-05,3.85371305252611e-05,3.85371305252611e-05,3.85371305252611e-05,3.85371305252611e-05,3.85371305252611e-05,3.85371305252611e-05,3.85371305252611e-05,3.85371305252611e-05,3.85371305252611e-05,3.85371305252611e-05,3.85371305252611e-05,3.85371305252611e-05,3.85371305252611e-05,3.85371305252611e-05,3.85371305252611e-05,3.85371305252611e-05,3.85371305252611e-05,3.85371305252611e-05,3.85371305252611e-05,3.85371305252611e-05,3.85371305252611e-05,3.85371305252611e-05,3.85371305252611e-05,3.85371305252611e-05,3.85371305252611e-05,3.85371305252611e-05,3.85371305252611e-05,3.85371305252611e-05,3.85371305252611e-05,3.85371305252611e-05,3.85371305252611e-05,3.85371305252611e-05,3.85371305252611e-05,3.85371305252611e-05,3.85371305252611e-05,3.85371305252611e-05,3.85371305252611e-05,3.85371305252611e-05,3.85371305252611e-05,3.85371305252611e-05,3.85371305252611e-05,3.85371305252611e-05,3.85371305252611e-05,3.85371305252611e-05
3.85371305252611e-05,3.85371305252611e-05,3.85371305252611e-05,3.85371305252611e-05,3.85371305252611e-05,3.85371305252611e-05,3.85371305252611e-05,3.85371305252611e-05,3.85371305252611e-05,3.85371305252611e-05,3.85371305252611e-05,3.85371305252611e-05,3.85371305252611e-05,3.85371305252611e-05,3.85371305252611e-05,3.85371305252611e-05,3.85371305252611e-05,3.85371305252611e-05,3.85371305252611e-05,3.85371305252611e-05,3.85371305252611e-05,3.85371305252611e-05,3.85371305252611e-05,3.85371305252611e-05,3.85371305252611e-05,3.85371305252611e-05,3.85371305252611e-05,3.85371305252611e-05,3.85371305252611e-05,3.85371305252611e-05,3.85371305252611e-05,3.85371305252611e-05,3.85371305252611e-05,3.85371305252611e-05,3.85371305252611e-05,3.85371305252611e-05,3.85371305252611e-05,3.85371305252611e-05,3.85371305252611e-05,3.85371305252611e-05,3.85371305252611e-05,3.85371305252611e-05,3.85371305252611e-05,3.85371305252611e-05,3.85371305252611e-05,3.85371305252611e-05,3.85371305252611e-05,3.85371305252611e-05,3.85371305252611e-05,3.85371305252611e-05,3.85371305252611e-05,3.85371305252611e-05,3.85371305252611e-05,3.85371305252611e-05,3.85371305252611e-05,3.85371305252611e-05,3.85371305252611e-05,3.85371305252611e-05,3.85371305252611e-05,3.85371305252611e-05,3.85371305252611e-05,3.85371305252611e-05,3.85371305252611e-05,3.85371305252611e-05,3.85371305252611e-05,3.85371305252611e-05,3.85371305252611e-05,3.85371305252611e-05,3.85371305252611e-05,3.85371305252611e-05,3.85371305252611e-05,3.85371305252611e-05,3.85371305252611e-05,3.85371305252611e-05,3.85371305252611e-05,3.85371305252611e-05,3.85371305252611e-05,3.85371305252611e-05,3.85371305252611e-05,3.85371305252611e-05,3.85371305252611e-05,3.85371305252611e-05,3.85371305252611e-05,3.85371305252611e-05,3.85371305252611e-05,3.85371305252611e-05,3.85371305252611e-05,3.85371305252611e-05,3.85371305252611e-05,3.85371305252611e-05,3.85371305252611e-05,3.85371305252611e-05,3.85371305252611e-05,3.85371305252611e-05,3.85371305252611e-05,3.85371305252611e-05,3.85371305252611e-05,3.85371305252611e-05,3.85371305252611e-05,3.85371305252611e-05
3.85371305252611e-05,3.85371305252611e-05,3.85371305252611e-05,3.85371305252611e-05,3.85371305252611e-05,3.85371305252611e-05,3.85371305252611e-05,3.85371305252611e-05,3.85371305252611e-05,3.85371305252611e-05,3.85371305252611e-05,3.85371305252611e-05,3.85371305252611e-05,3.85371305252611e-05,3.85371305252611e-05,3.85371305252611e-05,3.85371305252611e-05,3.85371305252611e-05,3.85371305252611e-05,3.85371305252611e-05,3.85371305252611e-05,3.85371305252611e-05,3.85371305252611e-05,3.85371305252611e-05,3.85371305252611e-05,3.85371305252611e-05,3.85371305252611e-05,3.85371305252611e-05,3.85371305252611e-05,3.85371305252611e-05,3.85371305252611e-05,3.85371305252611e-05,3.85371305252611e-05,3.85371305252611e-05,3.85371305252611e-05,3.85371305252611e-05,3.85371305252611e-05,3.85371305252611e-05,3.85371305252611e-05,3.85371305252611e-05,3.85371305252611e-05,3.85371305252611e-05,3.85371305252611e-05,3.85371305252611e-05,3.85371305252611e-05,3.85371305252611e-05,3.85371305252611e-05,3.85371305252611e-05,3.85371305252611e-05,3.85371305252611e-05,3.85371305252611e-05,3.85371305252611e-05,3.85371305252611e-05,3.85371305252611e-05,3.85371305252611e-05,3.85371305252611e-05,3.85371305252611e-05,3.85371305252611e-05,3.85371305252611e-05,3.85371305252611e-05,3.85371305252611e-05,3.85371305252611e-05,3.85371305252611e-05,3.85371305252611e-05,3.85371305252611e-05,3.85371305252611e-05,3.85371305252611e-05,3.85371305252611e-05,3.85371305252611e-05,3.85371305252611e-05,3.85371305252611e-05,3.85371305252611e-05,3.85371305252611e-05,3.85371305252611e-05,3.85371305252611e-05,3.85371305252611e-05,3.85371305252611e-05,3.85371305252611e-05,3.85371305252611e-05,3.85371305252611e-05,3.85371305252611e-05,3.85371305252611e-05,3.85371305252611e-05,3.85371305252611e-05,3.85371305252611e-05,3.85371305252611e-05,3.85371305252611e-05,3.85371305252611e-05,3.85371305252611e-05,3.85371305252611e-05,3.85371305252611e-05,3.85371305252611e-05,3.85371305252611e-05,3.85371305252611e-05,3.85371305252611e-05,3.85371305252611e-05,3.85371305252611e-05,3.85371305252611e-05,3.85371305252611e-05,3.85371305252611e-05
3.85371305252611e-05,3.85371305252611e-05,3.85371305252611e-05,3.85371305252611e-05,3.85371305252611e-05,3.85371305252611e-05,3.85371305252611e-05,3.85371305252611e-05,3.85371305252611e-05,3.85371305252611e-05,3.85371305252611e-05,3.85371305252611e-05,3.85371305252611e-05,3.85371305252611e-05,3.85371305252611e-05,3.85371305252611e-05,3.85371305252611e-05,3.85371305252611e-05,3.85371305252611e-05,3.85371305252611e-05,3.85371305252611e-05,3.85371305252611e-05,3.85371305252611e-05,3.85371305252611e-05,3.85371305252611e-05,3.85371305252611e-05,3.85371305252611e-05,3.85371305252611e-05,3.85371305252611e-05,3.85371305252611e-05,3.85371305252611e-05,3.85371305252611e-05,3.85371305252611e-05,3.85371305252611e-05,3.85371305252611e-05,3.85371305252611e-05,3.85371305252611e-05,3.85371305252611e-05,3.85371305252611e-05,3.85371305252611e-05,3.85371305252611e-05,3.85371305252611e-05,3.85371305252611e-05,3.85371305252611e-05,3.85371305252611e-05,3.85371305252611e-05,3.85371305252611e-05,3.85371305252611e-05,3.85371305252611e-05,3.85371305252611e-05,3.85371305252611e-05,3.85371305252611e-05,3.85371305252611e-05,3.85371305252611e-05,3.85371305252611e-05,3.85371305252611e-05,3.85371305252611e-05,3.85371305252611e-05,3.85371305252611e-05,3.85371305252611e-05,3.85371305252611e-05,3.85371305252611e-05,3.85371305252611e-05,3.85371305252611e-05,3.85371305252611e-05,3.85371305252611e-05,3.85371305252611e-05,3.85371305252611e-05,3.85371305252611e-05,3.85371305252611e-05,3.85371305252611e-05,3.85371305252611e-05,3.85371305252611e-05,3.85371305252611e-05,3.85371305252611e-05,3.85371305252611e-05,3.85371305252611e-05,3.85371305252611e-05,3.85371305252611e-05,3.85371305252611e-05,3.85371305252611e-05,3.85371305252611e-05,3.85371305252611e-05,3.85371305252611e-05,3.85371305252611e-05,3.85371305252611e-05,3.85371305252611e-05,3.85371305252611e-05,3.85371305252611e-05,3.85371305252611e-05,3.85371305252611e-05,3.85371305252611e-05,3.85371305252611e-05,3.85371305252611e-05,3.85371305252611e-05,3.85371305252611e-05,3.85371305252611e-05,3.85371305252611e-05,3.85371305252611e-05,3.85371305252611e-05
3.85371305252611e-05,3.85371305252611e-05,3.85371305252611e-05,3.85371305252611e-05,3.85371305252611e-05,3.85371305252611e-05,3.85371305252611e-05,3.85371305252611e-05,3.85371305252611e-05,3.85371305252611e-05,3.85371305252611e-05,3.85371305252611e-05,3.85371305252611e-05,3.85371305252611e-05,3.85371305252611e-05,3.85371305252611e-05,3.85371305252611e-05,3.85371305252611e-05,3.85371305252611e-05,3.85371305252611e-05,3.85371305252611e-05,3.85371305252611e-05,3.85371305252611e-05,3.85371305252611e-05,3.85371305252611e-05,3.85371305252611e-05,3.85371305252611e-05,3.85371305252611e-05,3.85371305252611e-05,3.85371305252611e-05,3.85371305252611e-05,3.85371305252611e-05,3.85371305252611e-05,3.85371305252611e-05,3.85371305252611e-05,3.85371305252611e-05,3.85371305252611e-05,3.85371305252611e-05,3.85371305252611e-05,3.85371305252611e-05,3.85371305252611e-05,3.85371305252611e-05,3.85371305252611e-05,3.85371305252611e-05,3.85371305252611e-05,3.85371305252611e-05,3.85371305252611e-05,3.85371305252611e-05,3.85371305252611e-05,3.85371305252611e-05,3.85371305252611e-05,3.85371305252611e-05,3.85371305252611e-05,3.85371305252611e-05,3.85371305252611e-05,3.85371305252611e-05,3.85371305252611e-05,3.85371305252611e-05,3.85371305252611e-05,3.85371305252611e-05,3.85371305252611e-05,3.85371305252611e-05,3.85371305252611e-05,3.85371305252611e-05,3.85371305252611e-05,3.85371305252611e-05,3.85371305252611e-05,3.85371305252611e-05,3.85371305252611e-05,3.85371305252611e-05,3.85371305252611e-05,3.85371305252611e-05,3.85371305252611e-05,3.85371305252611e-05,3.85371305252611e-05,3.85371305252611e-05,3.85371305252611e-05,3.85371305252611e-05,3.85371305252611e-05,3.85371305252611e-05,3.85371305252611e-05,3.85371305252611e-05,3.85371305252611e-05,3.85371305252611e-05,3.85371305252611e-05,3.85371305252611e-05,3.85371305252611e-05,3.85371305252611e-05,3.85371305252611e-05,3.85371305252611e-05,3.85371305252611e-05,3.85371305252611e-05,3.85371305252611e-05,3.85371305252611e-05,3.85371305252611e-05,3.85371305252611e-05,3.85371305252611e-05,3.85371305252611e-05,3.85371305252611e-05,3.85371305252611e-05
3.85371305252611e-05,3.85371305252611e-05,3.85371305252611e-05,3.85371305252611e-05,3.85371305252611e-05,3.85371305252611e-05,3.85371305252611e-05,3.85371305252611e-05,3.85371305252611e-05,3.85371305252611e-05,3.85371305252611e-05,3.85371305252611e-05,3.85371305252611e-05,3.85371305252611e-05,3.85371305252611e-05,3.85371305252611e-05,3.85371305252611e-05,3.85371305252611e-05,3.85371305252611e-05,3.85371305252611e-05,3.85371305252611e-05,3.85371305252611e-05,3.85371305252611e-05,3.85371305252611e-05,3.85371305252611e-05,3.85371305252611e-05,3.85371305252611e-05,3.85371305252611e-05,3.85371305252611e-05,3.85371305252611e-05,3.85371305252611e-05,3.85371305252611e-05,3.85371305252611e-05,3.85371305252611e-05,3.85371305252611e-05,3.85371305252611e-05,3.85371305252611e-05,3.85371305252611e-05,3.85371305252611e-05,3.85371305252611e-05,3.85371305252611e-05,3.85371305252611e-05,3.85371305252611e-05,3.85371305252611e-05,3.85371305252611e-05,3.85371305252611e-05,3.85371305252611e-05,3.85371305252611e-05,3.85371305252611e-05,3.85371305252611e-05,3.85371305252611e-05,3.85371305252611e-05,3.85371305252611e-05,3.85371305252611e-05,3.85371305252611e-05,3.85371305252611e-05,3.85371305252611e-05,3.85371305252611e-05,3.85371305252611e-05,3.85371305252611e-05,3.85371305252611e-05,3.85371305252611e-05,3.85371305252611e-05,3.85371305252611e-05,3.85371305252611e-05,3.85371305252611e-05,3.85371305252611e-05,3.85371305252611e-05,3.85371305252611e-05,3.85371305252611e-05,3.85371305252611e-05,3.85371305252611e-05,3.85371305252611e-05,3.85371305252611e-05,3.85371305252611e-05,3.85371305252611e-05,3.85371305252611e-05,3.85371305252611e-05,3.85371305252611e-05,3.85371305252611e-05,3.85371305252611e-05,3.85371305252611e-05,3.85371305252611e-05,3.85371305252611e-05,3.85371305252611e-05,3.85371305252611e-05,3.85371305252611e-05,3.85371305252611e-05,3.85371305252611e-05,3.85371305252611e-05,3.85371305252611e-05,3.85371305252611e-05,3.85371305252611e-05,3.85371305252611e-05,3.85371305252611e-05,3.85371305252611e-05,3.85371305252611e-05,3.85371305252611e-05,3.85371305252611e-05,3.85371305252611e-05
3.85371305252611e-05,3.85371305252611e-05,3.85371305252611e-05,3.85371305252611e-05,3.85371305252611e-05,3.85371305252611e-05,3.85371305252611e-05,3.85371305252611e-05,3.85371305252611e-05,3.85371305252611e-05,3.85371305252611e-05,3.85371305252611e-05,3.85371305252611e-05,3.85371305252611e-05,3.85371305252611e-05,3.85371305252611e-05,3.85371305252611e-05,3.85371305252611e-05,3.85371305252611e-05,3.85371305252611e-05,3.85371305252611e-05,3.85371305252611e-05,3.85371305252611e-05,3.85371305252611e-05,3.85371305252611e-05,3.85371305252611e-05,3.85371305252611e-05,3.85371305252611e-05,3.85371305252611e-05,3.85371305252611e-05,3.85371305252611e-05,3.85371305252611e-05,3.85371305252611e-05,3.85371305252611e-05,3.85371305252611e-05,3.85371305252611e-05,3.85371305252611e-05,3.85371305252611e-05,3.85371305252611e-05,3.85371305252611e-05,3.85371305252611e-05,3.85371305252611e-05,3.85371305252611e-05,3.85371305252611e-05,3.85371305252611e-05,3.85371305252611e-05,3.85371305252611e-05,3.85371305252611e-05,3.85371305252611e-05,3.85371305252611e-05,3.85371305252611e-05,3.85371305252611e-05,3.85371305252611e-05,3.85371305252611e-05,3.85371305252611e-05,3.85371305252611e-05,3.85371305252611e-05,3.85371305252611e-05,3.85371305252611e-05,3.85371305252611e-05,3.85371305252611e-05,3.85371305252611e-05,3.85371305252611e-05,3.85371305252611e-05,3.85371305252611e-05,3.85371305252611e-05,3.85371305252611e-05,3.85371305252611e-05,3.85371305252611e-05,3.85371305252611e-05,3.85371305252611e-05,3.85371305252611e-05,3.85371305252611e-05,3.85371305252611e-05,3.85371305252611e-05,3.85371305252611e-05,3.85371305252611e-05,3.85371305252611e-05,3.85371305252611e-05,3.85371305252611e-05,3.85371305252611e-05,3.85371305252611e-05,3.85371305252611e-05,3.85371305252611e-05,3.85371305252611e-05,3.85371305252611e-05,3.85371305252611e-05,3.85371305252611e-05,3.85371305252611e-05,3.85371305252611e-05,3.85371305252611e-05,3.85371305252611e-05,3.85371305252611e-05,3.85371305252611e-05,3.85371305252611e-05,3.85371305252611e-05,3.85371305252611e-05,3.85371305252611e-05,3.85371305252611e-05,3.85371305252611e-05
3.85371305252611e-05,3.85371305252611e-05,3.85371305252611e-05,3.85371305252611e-05,3.85371305252611e-05,3.85371305252611e-05,3.85371305252611e-05,3.85371305252611e-05,3.85371305252611e-05,3.85371305252611e-05,3.85371305252611e-05,3.85371305252611e-05,3.85371305252611e-05,3.85371305252611e-05,3.85371305252611e-05,3.85371305252611e-05,3.85371305252611e-05,3.85371305252611e-05,3.85371305252611e-05,3.85371305252611e-05,3.85371305252611e-05,3.85371305252611e-05,3.85371305252611e-05,3.85371305252611e-05,3.85371305252611e-05,3.85371305252611e-05,3.85371305252611e-05,3.85371305252611e-05,3.85371305252611e-05,3.85371305252611e-05,3.85371305252611e-05,3.85371305252611e-05,3.85371305252611e-05,3.85371305252611e-05,3.85371305252611e-05,3.85371305252611e-05,3.85371305252611e-05,3.85371305252611e-05,3.85371305252611e-05,3.85371305252611e-05,3.85371305252611e-05,3.85371305252611e-05,3.85371305252611e-05,3.85371305252611e-05,3.85371305252611e-05,3.85371305252611e-05,3.85371305252611e-05,3.85371305252611e-05,3.85371305252611e-05,3.85371305252611e-05,3.85371305252611e-05,3.85371305252611e-05,3.85371305252611e-05,3.85371305252611e-05,3.85371305252611e-05,3.85371305252611e-05,3.85371305252611e-05,3.85371305252611e-05,3.85371305252611e-05,3.85371305252611e-05,3.85371305252611e-05,3.85371305252611e-05,3.85371305252611e-05,3.85371305252611e-05,3.85371305252611e-05,3.85371305252611e-05,3.85371305252611e-05,3.85371305252611e-05,3.85371305252611e-05,3.85371305252611e-05,3.85371305252611e-05,3.85371305252611e-05,3.85371305252611e-05,3.85371305252611e-05,3.85371305252611e-05,3.85371305252611e-05,3.85371305252611e-05,3.85371305252611e-05,3.85371305252611e-05,3.85371305252611e-05,3.85371305252611e-05,3.85371305252611e-05,3.85371305252611e-05,3.85371305252611e-05,3.85371305252611e-05,3.85371305252611e-05,3.85371305252611e-05,3.85371305252611e-05,3.85371305252611e-05,3.85371305252611e-05,3.85371305252611e-05,3.85371305252611e-05,3.85371305252611e-05,3.85371305252611e-05,3.85371305252611e-05,3.85371305252611e-05,3.85371305252611e-05,3.85371305252611e-05,3.85371305252611e-05,3.85371305252611e-05
3.85371305252611e-05,3.85371305252611e-05,3.85371305252611e-05,3.85371305252611e-05,3.85371305252611e-05,3.85371305252611e-05,3.85371305252611e-05,3.85371305252611e-05,3.85371305252611e-05,3.85371305252611e-05,3.85371305252611e-05,3.85371305252611e-05,3.85371305252611e-05,3.85371305252611e-05,3.85371305252611e-05,3.85371305252611e-05,3.85371305252611e-05,3.85371305252611e-05,3.85371305252611e-05,3.85371305252611e-05,3.85371305252611e-05,3.85371305252611e-05,3.85371305252611e-05,3.85371305252611e-05,3.85371305252611e-05,3.85371305252611e-05,3.85371305252611e-05,3.85371305252611e-05,3.85371305252611e-05,3.85371305252611e-05,3.85371305252611e-05,3.85371305252611e-05,3.85371305252611e-05,3.85371305252611e-05,3.85371305252611e-05,3.85371305252611e-05,3.85371305252611e-05,3.85371305252611e-05,3.85371305252611e-05,3.85371305252611e-05,3.85371305252611e-05,3.85371305252611e-05,3.85371305252611e-05,3.85371305252611e-05,3.85371305252611e-05,3.85371305252611e-05,3.85371305252611e-05,3.85371305252611e-05,3.85371305252611e-05,3.85371305252611e-05,3.85371305252611e-05,3.85371305252611e-05,3.85371305252611e-05,3.85371305252611e-05,3.85371305252611e-05,3.85371305252611e-05,3.85371305252611e-05,3.85371305252611e-05,3.85371305252611e-05,3.85371305252611e-05,3.85371305252611e-05,3.85371305252611e-05,3.85371305252611e-05,3.85371305252611e-05,3.85371305252611e-05,3.85371305252611e-05,3.85371305252611e-05,3.85371305252611e-05,3.85371305252611e-05,3.85371305252611e-05,3.85371305252611e-05,3.85371305252611e-05,3.85371305252611e-05,3.85371305252611e-05,3.85371305252611e-05,3.85371305252611e-05,3.85371305252611e-05,3.85371305252611e-05,3.85371305252611e-05,3.85371305252611e-05,3.85371305252611e-05,3.85371305252611e-05,3.85371305252611e-05,3.85371305252611e-05,3.85371305252611e-05,3.85371305252611e-05,3.85371305252611e-05,3.85371305252611e-05,3.85371305252611e-05,3.85371305252611e-05,3.85371305252611e-05,3.85371305252611e-05,3.85371305252611e-05,3.85371305252611e-05,3.85371305252611e-05,3.85371305252611e-05,3.85371305252611e-05,3.85371305252611e-05,3.85371305252611e-05,3.85371305252611e-05
3.85371305252611e-05,3.85371305252611e-05,3.85371305252611e-05,3.85371305252611e-05,3.85371305252611e-05,3.85371305252611e-05,3.85371305252611e-05,3.85371305252611e-05,3.85371305252611e-05,3.85371305252611e-05,3.85371305252611e-05,3.85371305252611e-05,3.85371305252611e-05,3.85371305252611e-05,3.85371305252611e-05,3.85371305252611e-05,3.85371305252611e-05,3.85371305252611e-05,3.85371305252611e-05,3.85371305252611e-05,3.85371305252611e-05,3.85371305252611e-05,3.85371305252611e-05,3.85371305252611e-05,3.85371305252611e-05,3.85371305252611e-05,3.85371305252611e-05,3.85371305252611e-05,3.85371305252611e-05,3.85371305252611e-05,3.85371305252611e-05,3.85371305252611e-05,3.85371305252611e-05,3.85371305252611e-05,3.85371305252611e-05,3.85371305252611e-05,3.85371305252611e-05,3.85371305252611e-05,3.85371305252611e-05,3.85371305252611e-05,3.85371305252611e-05,3.85371305252611e-05,3.85371305252611e-05,3.85371305252611e-05,3.85371305252611e-05,3.85371305252611e-05,3.85371305252611e-05,3.85371305252611e-05,3.85371305252611e-05,3.85371305252611e-05,3.85371305252611e-05,3.85371305252611e-05,3.85371305252611e-05,3.85371305252611e-05,3.85371305252611e-05,3.85371305252611e-05,3.85371305252611e-05,3.85371305252611e-05,3.85371305252611e-05,3.85371305252611e-05,3.85371305252611e-05,3.85371305252611e-05,3.85371305252611e-05,3.85371305252611e-05,3.85371305252611e-05,3.85371305252611e-05,3.85371305252611e-05,3.85371305252611e-05,3.85371305252611e-05,3.85371305252611e-05,3.85371305252611e-05,3.85371305252611e-05,3.85371305252611e-05,3.85371305252611e-05,3.85371305252611e-05,3.85371305252611e-05,3.85371305252611e-05,3.85371305252611e-05,3.85371305252611e-05,3.85371305252611e-05,3.85371305252611e-05,3.85371305252611e-05,3.85371305252611e-05,3.85371305252611e-05,3.85371305252611e-05,3.85371305252611e-05,3.85371305252611e-05,3.85371305252611e-05,3.85371305252611e-05,3.85371305252611e-05,3.85371305252611e-05,3.85371305252611e-05,3.85371305252611e-05,3.85371305252611e-05,3.85371305252611e-05,3.85371305252611e-05,3.85371305252611e-05,3.85371305252611e-05,3.85371305252611e-05,3.85371305252611e-05
3.85371305252611e-05,3.85371305252611e-05,3.85371305252611e-05,3.85371305252611e-05,3.85371305252611e-05,3.85371305252611e-05,3.85371305252611e-05,3.85371305252611e-05,3.85371305252611e-05,3.85371305252611e-05,3.85371305252611e-05,3.85371305252611e-05,3.85371305252611e-05,3.85371305252611e-05,3.85371305252611e-05,3.85371305252611e-05,3.85371305252611e-05,3.85371305252611e-05,3.85371305252611e-05,3.85371305252611e-05,3.85371305252611e-05,3.85371305252611e-05,3.85371305252611e-05,3.85371305252611e-05,3.85371305252611e-05,3.85371305252611e-05,3.85371305252611e-05,3.85371305252611e-05,3.85371305252611e-05,3.85371305252611e-05,3.85371305252611e-05,3.85371305252611e-05,3.85371305252611e-05,3.85371305252611e-05,3.85371305252611e-05,3.85371305252611e-05,3.85371305252611e-05,3.85371305252611e-05,3.85371305252611e-05,3.85371305252611e-05,3.85371305252611e-05,3.85371305252611e-05,3.85371305252611e-05,3.85371305252611e-05,3.85371305252611e-05,3.85371305252611e-05,3.85371305252611e-05,3.85371305252611e-05,3.85371305252611e-05,3.85371305252611e-05,3.85371305252611e-05,3.85371305252611e-05,3.85371305252611e-05,3.85371305252611e-05,3.85371305252611e-05,3.85371305252611e-05,3.85371305252611e-05,3.85371305252611e-05,3.85371305252611e-05,3.85371305252611e-05,3.85371305252611e-05,3.85371305252611e-05,3.85371305252611e-05,3.85371305252611e-05,3.85371305252611e-05,3.85371305252611e-05,3.85371305252611e-05,3.85371305252611e-05,3.85371305252611e-05,3.85371305252611e-05,3.85371305252611e-05,3.85371305252611e-05,3.85371305252611e-05,3.85371305252611e-05,3.85371305252611e-05,3.85371305252611e-05,3.85371305252611e-05,3.85371305252611e-05,3.85371305252611e-05,3.85371305252611e-05,3.85371305252611e-05,3.85371305252611e-05,3.85371305252611e-05,3.85371305252611e-05,3.85371305252611e-05,3.85371305252611e-05,3.85371305252611e-05,3.85371305252611e-05,3.85371305252611e-05,3.85371305252611e-05,3.85371305252611e-05,3.85371305252611e-05,3.85371305252611e-05,3.85371305252611e-05,3.85371305252611e-05,3.85371305252611e-05,3.85371305252611e-05,3.85371305252611e-05,3.85371305252611e-05,3.85371305252611e-05
3.85371305252611e-05,3.85371305252611e-05,3.85371305252611e-05,3.85371305252611e-05,3.85371305252611e-05,3.85371305252611e-05,3.85371305252611e-05,3.85371305252611e-05,3.85371305252611e-05,3.85371305252611e-05,3.85371305252611e-05,3.85371305252611e-05,3.85371305252611e-05,3.85371305252611e-05,3.85371305252611e-05,3.85371305252611e-05,3.85371305252611e-05,3.85371305252611e-05,3.85371305252611e-05,3.85371305252611e-05,3.85371305252611e-05,3.85371305252611e-05,3.85371305252611e-05,3.85371305252611e-05,3.85371305252611e-05,3.85371305252611e-05,3.85371305252611e-05,3.85371305252611e-05,3.85371305252611e-05,3.85371305252611e-05,3.85371305252611e-05,3.85371305252611e-05,3.85371305252611e-05,3.85371305252611e-05,3.85371305252611e-05,3.85371305252611e-05,3.85371305252611e-05,3.85371305252611e-05,3.85371305252611e-05,3.85371305252611e-05,3.85371305252611e-05,3.85371305252611e-05,3.85371305252611e-05,3.85371305252611e-05,3.85371305252611e-05,3.85371305252611e-05,3.85371305252611e-05,3.85371305252611e-05,3.85371305252611e-05,3.85371305252611e-05,3.85371305252611e-05,3.85371305252611e-05,3.85371305252611e-05,3.85371305252611e-05,3.85371305252611e-05,3.85371305252611e-05,3.85371305252611e-05,3.85371305252611e-05,3.85371305252611e-05,3.85371305252611e-05,3.85371305252611e-05,3.85371305252611e-05,3.85371305252611e-05,3.85371305252611e-05,3.85371305252611e-05,3.85371305252611e-05,3.85371305252611e-05,3.85371305252611e-05,3.85371305252611e-05,3.85371305252611e-05,3.85371305252611e-05,3.85371305252611e-05,3.85371305252611e-05,3.85371305252611e-05,3.85371305252611e-05,3.85371305252611e-05,3.85371305252611e-05,3.85371305252611e-05,3.85371305252611e-05,3.85371305252611e-05,3.85371305252611e-05,3.85371305252611e-05,3.85371305252611e-05,3.85371305252611e-05,3.85371305252611e-05,3.85371305252611e-05,3.85371305252611e-05,3.85371305252611e-05,3.85371305252611e-05,3.85371305252611e-05,3.85371305252611e-05,3.85371305252611e-05,3.85371305252611e-05,3.85371305252611e-05,3.85371305252611e-05,3.85371305252611e-05,3.85371305252611e-05,3.85371305252611e-05,3.85371305252611e-05,3.85371305252611e-05
3.85371305252611e-05,3.85371305252611e-05,3.85371305252611e-05,3.85371305252611e-05,3.85371305252611e-05,3.85371305252611e-05,3.85371305252611e-05,3.85371305252611e-05,3.85371305252611e-05,3.85371305252611e-05,3.85371305252611e-05,3.85371305252611e-05,3.85371305252611e-05,3.85371305252611e-05,3.85371305252611e-05,3.85371305252611e-05,3.85371305252611e-05,3.85371305252611e-05,3.85371305252611e-05,3.85371305252611e-05,3.85371305252611e-05,3.85371305252611e-05,3.85371305252611e-05,3.85371305252611e-05,3.85371305252611e-05,3.85371305252611e-05,3.85371305252611e-05,3.85371305252611e-05,3.85371305252611e-05,3.85371305252611e-05,3.85371305252611e-05,3.85371305252611e-05,3.85371305252611e-05,3.85371305252611e-05,3.85371305252611e-05,3.85371305252611e-05,3.85371305252611e-05,3.85371305252611e-05,3.85371305252611e-05,3.85371305252611e-05,3.85371305252611e-05,3.85371305252611e-05,3.85371305252611e-05,3.85371305252611e-05,3.85371305252611e-05,3.85371305252611e-05,3.85371305252611e-05,3.85371305252611e-05,3.85371305252611e-05,3.85371305252611e-05,3.85371305252611e-05,3.85371305252611e-05,3.85371305252611e-05,3.85371305252611e-05,3.85371305252611e-05,3.85371305252611e-05,3.85371305252611e-05,3.85371305252611e-05,3.85371305252611e-05,3.85371305252611e-05,3.85371305252611e-05,3.85371305252611e-05,3.85371305252611e-05,3.85371305252611e-05,3.85371305252611e-05,3.85371305252611e-05,3.85371305252611e-05,3.85371305252611e-05,3.85371305252611e-05,3.85371305252611e-05,3.85371305252611e-05,3.85371305252611e-05,3.85371305252611e-05,3.85371305252611e-05,3.85371305252611e-05,3.85371305252611e-05,3.85371305252611e-05,3.85371305252611e-05,3.85371305252611e-05,3.85371305252611e-05,3.85371305252611e-05,3.85371305252611e-05,3.85371305252611e-05,3.85371305252611e-05,3.85371305252611e-05,3.85371305252611e-05,3.85371305252611e-05,3.85371305252611e-05,3.85371305252611e-05,3.85371305252611e-05,3.85371305252611e-05,3.85371305252611e-05,3.85371305252611e-05,3.85371305252611e-05,3.85371305252611e-05,3.85371305252611e-05,3.85371305252611e-05,3.85371305252611e-05,3.85371305252611e-05,3.85371305252611e-05
3.85371305252611e-05,3.85371305252611e-05,3.85371305252611e-05,3.85371305252611e-05,3.85371305252611e-05,3.85371305252611e-05,3.85371305252611e-05,3.85371305252611e-05,3.85371305252611e-05,3.85371305252611e-05,3.85371305252611e-05,3.85371305252611e-05,3.85371305252611e-05,3.85371305252611e-05,3.85371305252611e-05,3.85371305252611e-05,3.85371305252611e-05,3.85371305252611e-05,3.85371305252611e-05,3.85371305252611e-05,3.85371305252611e-05,3.85371305252611e-05,3.85371305252611e-05,3.85371305252611e-05,3.85371305252611e-05,3.85371305252611e-05,3.85371305252611e-05,3.85371305252611e-05,3.85371305252611e-05,3.85371305252611e-05,3.85371305252611e-05,3.85371305252611e-05,3.85371305252611e-05,3.85371305252611e-05,3.85371305252611e-05,3.85371305252611e-05,3.85371305252611e-05,3.85371305252611e-05,3.85371305252611e-05,3.85371305252611e-05,3.85371305252611e-05,3.85371305252611e-05,3.85371305252611e-05,3.85371305252611e-05,3.85371305252611e-05,3.85371305252611e-05,3.85371305252611e-05,3.85371305252611e-05,3.85371305252611e-05,3.85371305252611e-05,3.85371305252611e-05,3.85371305252611e-05,3.85371305252611e-05,3.85371305252611e-05,3.85371305252611e-05,3.85371305252611e-05,3.85371305252611e-05,3.85371305252611e-05,3.85371305252611e-05,3.85371305252611e-05,3.85371305252611e-05,3.85371305252611e-05,3.85371305252611e-05,3.85371305252611e-05,3.85371305252611e-05,3.85371305252611e-05,3.85371305252611e-05,3.85371305252611e-05,3.85371305252611e-05,3.85371305252611e-05,3.85371305252611e-05,3.85371305252611e-05,3.85371305252611e-05,3.85371305252611e-05,3.85371305252611e-05,3.85371305252611e-05,3.85371305252611e-05,3.85371305252611e-05,3.85371305252611e-05,3.85371305252611e-05,3.85371305252611e-05,3.85371305252611e-05,3.85371305252611e-05,3.85371305252611e-05,3.85371305252611e-05,3.85371305252611e-05,3.85371305252611e-05,3.85371305252611e-05,3.85371305252611e-05,3.85371305252611e-05,3.85371305252611e-05,3.85371305252611e-05,3.85371305252611e-05,3.85371305252611e-05,3.85371305252611e-05,3.85371305252611e-05,3.85371305252611e-05,3.85371305252611e-05,3.85371305252611e-05,3.85371305252611e-05
3.85371305252611e-05,3.85371305252611e-05,3.85371305252611e-05,3.85371305252611e-05,3.85371305252611e-05,3.85371305252611e-05,3.85371305252611e-05,3.85371305252611e-05,3.85371305252611e-05,3.85371305252611e-05,3.85371305252611e-05,3.85371305252611e-05,3.85371305252611e-05,3.85371305252611e-05,3.85371305252611e-05,3.85371305252611e-05,3.85371305252611e-05,3.85371305252611e-05,3.85371305252611e-05,3.85371305252611e-05,3.85371305252611e-05,3.85371305252611e-05,3.85371305252611e-05,3.85371305252611e-05,3.85371305252611e-05,3.85371305252611e-05,3.85371305252611e-05,3.85371305252611e-05,3.85371305252611e-05,3.85371305252611e-05,3.85371305252611e-05,3.85371305252611e-05,3.85371305252611e-05,3.85371305252611e-05,3.85371305252611e-05,3.85371305252611e-05,3.85371305252611e-05,3.85371305252611e-05,3.85371305252611e-05,3.85371305252611e-05,3.85371305252611e-05,3.85371305252611e-05,3.85371305252611e-05,3.85371305252611e-05,3.85371305252611e-05,3.85371305252611e-05,3.85371305252611e-05,3.85371305252611e-05,3.85371305252611e-05,3.85371305252611e-05,3.85371305252611e-05,3.85371305252611e-05,3.85371305252611e-05,3.85371305252611e-05,3.85371305252611e-05,3.85371305252611e-05,3.85371305252611e-05,3.85371305252611e-05,3.85371305252611e-05,3.85371305252611e-05,3.85371305252611e-05,3.85371305252611e-05,3.85371305252611e-05,3.85371305252611e-05,3.85371305252611e-05,3.85371305252611e-05,3.85371305252611e-05,3.85371305252611e-05,3.85371305252611e-05,3.85371305252611e-05,3.85371305252611e-05,3.85371305252611e-05,3.85371305252611e-05,3.85371305252611e-05,3.85371305252611e-05,3.85371305252611e-05,3.85371305252611e-05,3.85371305252611e-05,3.85371305252611e-05,3.85371305252611e-05,3.85371305252611e-05,3.85371305252611e-05,3.85371305252611e-05,3.85371305252611e-05,3.85371305252611e-05,3.85371305252611e-05,3.85371305252611e-05,3.85371305252611e-05,3.85371305252611e-05,3.85371305252611e-05,3.85371305252611e-05,3.85371305252611e-05,3.85371305252611e-05,3.85371305252611e-05,3.85371305252611e-05,3.85371305252611e-05,3.85371305252611e-05,3.85371305252611e-05,3.85371305252611e-05,3.85371305252611e-05
3.85371305252611e-05,3.85371305252611e-05,3.85371305252611e-05,3.85371305252611e-05,3.85371305252611e-05,3.85371305252611e-05,3.85371305252611e-05,3.85371305252611e-05,3.85371305252611e-05,3.85371305252611e-05,3.85371305252611e-05,3.85371305252611e-05,3.85371305252611e-05,3.85371305252611e-05,3.85371305252611e-05,3.85371305252611e-05,3.85371305252611e-05,3.85371305252611e-05,3.85371305252611e-05,3.85371305252611e-05,3.85371305252611e-05,3.85371305252611e-05,3.85371305252611e-05,3.85371305252611e-05,3.85371305252611e-05,3.85371305252611e-05,3.85371305252611e-05,3.85371305252611e-05,3.85371305252611e-05,3.85371305252611e-05,3.85371305252611e-05,3.85371305252611e-05,3.85371305252611e-05,3.85371305252611e-05,3.85371305252611e-05,3.85371305252611e-05,3.85371305252611e-05,3.85371305252611e-05,3.85371305252611e-05,3.85371305252611e-05,3.85371305252611e-05,3.85371305252611e-05,3.85371305252611e-05,3.85371305252611e-05,3.85371305252611e-05,3.85371305252611e-05,3.85371305252611e-05,3.85371305252611e-05,3.85371305252611e-05,3.85371305252611e-05,3.85371305252611e-05,3.85371305252611e-05,3.85371305252611e-05,3.85371305252611e-05,3.85371305252611e-05,3.85371305252611e-05,3.85371305252611e-05,3.85371305252611e-05,3.85371305252611e-05,3.85371305252611e-05,3.85371305252611e-05,3.85371305252611e-05,3.85371305252611e-05,3.85371305252611e-05,3.85371305252611e-05,3.85371305252611e-05,3.85371305252611e-05,3.85371305252611e-05,3.85371305252611e-05,3.85371305252611e-05,3.85371305252611e-05,3.85371305252611e-05,3.85371305252611e-05,3.85371305252611e-05,3.85371305252611e-05,3.85371305252611e-05,3.85371305252611e-05,3.85371305252611e-05,3.85371305252611e-05,3.85371305252611e-05,3.85371305252611e-05,3.85371305252611e-05,3.85371305252611e-05,3.85371305252611e-05,3.85371305252611e-05,3.85371305252611e-05,3.85371305252611e-05,3.85371305252611e-05,3.85371305252611e-05,3.85371305252611e-05,3.85371305252611e-05,3.85371305252611e-05,3.85371305252611e-05,3.85371305252611e-05,3.85371305252611e-05,3.85371305252611e-05,3.85371305252611e-05,3.85371305252611e-05,3.85371305252611e-05,3.85371305252611e-05
3.85371305252611e-05,3.85371305252611e-05,3.85371305252611e-05,3.85371305252611e-05,3.85371305252611e-05,3.85371305252611e-05,3.85371305252611e-05,3.85371305252611e-05,3.85371305252611e-05,3.85371305252611e-05,3.85371305252611e-05,3.85371305252611e-05,3.85371305252611e-05,3.85371305252611e-05,3.85371305252611e-05,3.85371305252611e-05,3.85371305252611e-05,3.85371305252611e-05,3.85371305252611e-05,3.85371305252611e-05,3.85371305252611e-05,3.85371305252611e-05,3.85371305252611e-05,3.85371305252611e-05,3.85371305252611e-05,3.85371305252611e-05,3.85371305252611e-05,3.85371305252611e-05,3.85371305252611e-05,3.85371305252611e-05,3.85371305252611e-05,3.85371305252611e-05,3.85371305252611e-05,3.85371305252611e-05,3.85371305252611e-05,3.85371305252611e-05,3.85371305252611e-05,3.85371305252611e-05,3.85371305252611e-05,3.85371305252611e-05,3.85371305252611e-05,3.85371305252611e-05,3.85371305252611e-05,3.85371305252611e-05,3.85371305252611e-05,3.85371305252611e-05,3.85371305252611e-05,3.85371305252611e-05,3.85371305252611e-05,3.85371305252611e-05,3.85371305252611e-05,3.85371305252611e-05,3.85371305252611e-05,3.85371305252611e-05,3.85371305252611e-05,3.85371305252611e-05,3.85371305252611e-05,3.85371305252611e-05,3.85371305252611e-05,3.85371305252611e-05,3.85371305252611e-05,3.85371305252611e-05,3.85371305252611e-05,3.85371305252611e-05,3.85371305252611e-05,3.85371305252611e-05,3.85371305252611e-05,3.85371305252611e-05,3.85371305252611e-05,3.85371305252611e-05,3.85371305252611e-05,3.85371305252611e-05,3.85371305252611e-05,3.85371305252611e-05,3.85371305252611e-05,3.85371305252611e-05,3.85371305252611e-05,3.85371305252611e-05,3.85371305252611e-05,3.85371305252611e-05,3.85371305252611e-05,3.85371305252611e-05,3.85371305252611e-05,3.85371305252611e-05,3.85371305252611e-05,3.85371305252611e-05,3.85371305252611e-05,3.85371305252611e-05,3.85371305252611e-05,3.85371305252611e-05,3.85371305252611e-05,3.85371305252611e-05,3.85371305252611e-05,3.85371305252611e-05,3.85371305252611e-05,3.85371305252611e-05,3.85371305252611e-05,3.85371305252611e-05,3.85371305252611e-05,3.85371305252611e-05
3.85371305252611e-05,3.85371305252611e-05,3.85371305252611e-05,3.85371305252611e-05,3.85371305252611e-05,3.85371305252611e-05,3.85371305252611e-05,3.85371305252611e-05,3.85371305252611e-05,3.85371305252611e-05,3.85371305252611e-05,3.85371305252611e-05,3.85371305252611e-05,3.85371305252611e-05,3.85371305252611e-05,3.85371305252611e-05,3.85371305252611e-05,3.85371305252611e-05,3.85371305252611e-05,3.85371305252611e-05,3.85371305252611e-05,3.85371305252611e-05,3.85371305252611e-05,3.85371305252611e-05,3.85371305252611e-05,3.85371305252611e-05,3.85371305252611e-05,3.85371305252611e-05,3.85371305252611e-05,3.85371305252611e-05,3.85371305252611e-05,3.85371305252611e-05,3.85371305252611e-05,3.85371305252611e-05,3.85371305252611e-05,3.85371305252611e-05,3.85371305252611e-05,3.85371305252611e-05,3.85371305252611e-05,3.85371305252611e-05,3.85371305252611e-05,3.85371305252611e-05,3.85371305252611e-05,3.85371305252611e-05,3.85371305252611e-05,3.85371305252611e-05,3.85371305252611e-05,3.85371305252611e-05,3.85371305252611e-05,3.85371305252611e-05,3.85371305252611e-05,3.85371305252611e-05,3.85371305252611e-05,3.85371305252611e-05,3.85371305252611e-05,3.85371305252611e-05,3.85371305252611e-05,3.85371305252611e-05,3.85371305252611e-05,3.85371305252611e-05,3.85371305252611e-05,3.85371305252611e-05,3.85371305252611e-05,3.85371305252611e-05,3.85371305252611e-05,3.85371305252611e-05,3.85371305252611e-05,3.85371305252611e-05,3.85371305252611e-05,3.85371305252611e-05,3.85371305252611e-05,3.85371305252611e-05,3.85371305252611e-05,3.85371305252611e-05,3.85371305252611e-05,3.85371305252611e-05,3.85371305252611e-05,3.85371305252611e-05,3.85371305252611e-05,3.85371305252611e-05,3.85371305252611e-05,3.85371305252611e-05,3.85371305252611e-05,3.85371305252611e-05,3.85371305252611e-05,3.85371305252611e-05,3.85371305252611e-05,3.85371305252611e-05,3.85371305252611e-05,3.85371305252611e-05,3.85371305252611e-05,3.85371305252611e-05,3.85371305252611e-05,3.85371305252611e-05,3.85371305252611e-05,3.85371305252611e-05,3.85371305252611e-05,3.85371305252611e-05,3.85371305252611e-05,3.85371305252611e-05
3.85371305252611e-05,3.85371305252611e-05,3.85371305252611e-05,3.85371305252611e-05,3.85371305252611e-05,3.85371305252611e-05,3.85371305252611e-05,3.85371305252611e-05,3.85371305252611e-05,3.85371305252611e-05,3.85371305252611e-05,3.85371305252611e-05,3.85371305252611e-05,3.85371305252611e-05,3.85371305252611e-05,3.85371305252611e-05,3.85371305252611e-05,3.85371305252611e-05,3.85371305252611e-05,3.85371305252611e-05,3.85371305252611e-05,3.85371305252611e-05,3.85371305252611e-05,3.85371305252611e-05,3.85371305252611e-05,3.85371305252611e-05,3.85371305252611e-05,3.85371305252611e-05,3.85371305252611e-05,3.85371305252611e-05,3.85371305252611e-05,3.85371305252611e-05,3.85371305252611e-05,3.85371305252611e-05,3.85371305252611e-05,3.85371305252611e-05,3.85371305252611e-05,3.85371305252611e-05,3.85371305252611e-05,3.85371305252611e-05,3.85371305252611e-05,3.85371305252611e-05,3.85371305252611e-05,3.85371305252611e-05,3.85371305252611e-05,3.85371305252611e-05,3.85371305252611e-05,3.85371305252611e-05,3.85371305252611e-05,3.85371305252611e-05,3.85371305252611e-05,3.85371305252611e-05,3.85371305252611e-05,3.85371305252611e-05,3.85371305252611e-05,3.85371305252611e-05,3.85371305252611e-05,3.85371305252611e-05,3.85371305252611e-05,3.85371305252611e-05,3.85371305252611e-05,3.85371305252611e-05,3.85371305252611e-05,3.85371305252611e-05,3.85371305252611e-05,3.85371305252611e-05,3.85371305252611e-05,3.85371305252611e-05,3.85371305252611e-05,3.85371305252611e-05,3.85371305252611e-05,3.85371305252611e-05,3.85371305252611e-05,3.85371305252611e-05,3.85371305252611e-05,3.85371305252611e-05,3.85371305252611e-05,3.85371305252611e-05,3.85371305252611e-05,3.85371305252611e-05,3.85371305252611e-05,3.85371305252611e-05,3.85371305252611e-05,3.85371305252611e-05,3.85371305252611e-05,3.85371305252611e-05,3.85371305252611e-05,3.85371305252611e-05,3.85371305252611e-05,3.85371305252611e-05,3.85371305252611e-05,3.85371305252611e-05,3.85371305252611e-05,3.85371305252611e-05,3.85371305252611e-05,3.85371305252611e-05,3.85371305252611e-05,3.85371305252611e-05,3.85371305252611e-05,3.85371305252611e-05
3.85371305252611e-05,3.85371305252611e-05,3.85371305252611e-05,3.85371305252611e-05,3.85371305252611e-05,3.85371305252611e-05,3.85371305252611e-05,3.85371305252611e-05,3.85371305252611e-05,3.85371305252611e-05,3.85371305252611e-05,3.85371305252611e-05,3.85371305252611e-05,3.85371305252611e-05,3.85371305252611e-05,3.85371305252611e-05,3.85371305252611e-05,3.85371305252611e-05,3.85371305252611e-05,3.85371305252611e-05,3.85371305252611e-05,3.85371305252611e-05,3.85371305252611e-05,3.85371305252611e-05,3.85371305252611e-05,3.85371305252611e-05,3.85371305252611e-05,3.85371305252611e-05,3.85371305252611e-05,3.85371305252611e-05,3.85371305252611e-05,3.85371305252611e-05,3.85371305252611e-05,3.85371305252611e-05,3.85371305252611e-05,3.85371305252611e-05,3.85371305252611e-05,3.85371305252611e-05,3.85371305252611e-05,3.85371305252611e-05,3.85371305252611e-05,3.85371305252611e-05,3.85371305252611e-05,3.85371305252611e-05,3.85371305252611e-05,3.85371305252611e-05,3.85371305252611e-05,3.85371305252611e-05,3.85371305252611e-05,3.85371305252611e-05,3.85371305252611e-05,3.85371305252611e-05,3.85371305252611e-05,3.85371305252611e-05,3.85371305252611e-05,3.85371305252611e-05,3.85371305252611e-05,3.85371305252611e-05,3.85371305252611e-05,3.85371305252611e-05,3.85371305252611e-05,3.85371305252611e-05,3.85371305252611e-05,3.85371305252611e-05,3.85371305252611e-05,3.85371305252611e-05,3.85371305252611e-05,3.85371305252611e-05,3.85371305252611e-05,3.85371305252611e-05,3.85371305252611e-05,3.85371305252611e-05,3.85371305252611e-05,3.85371305252611e-05,3.85371305252611e-05,3.85371305252611e-05,3.85371305252611e-05,3.85371305252611e-05,3.85371305252611e-05,3.85371305252611e-05,3.85371305252611e-05,3.85371305252611e-05,3.85371305252611e-05,3.85371305252611e-05,3.85371305252611e-05,3.85371305252611e-05,3.85371305252611e-05,3.85371305252611e-05,3.85371305252611e-05,3.85371305252611e-05,3.85371305252611e-05,3.85371305252611e-05,3.85371305252611e-05,3.85371305252611e-05,3.85371305252611e-05,3.85371305252611e-05,3.85371305252611e-05,3.85371305252611e-05,3.85371305252611e-05,3.85371305252611e-05
3.85371305252611e-05,3.85371305252611e-05,3.85371305252611e-05,3.85371305252611e-05,3.85371305252611e-05,3.85371305252611e-05,3.85371305252611e-05,3.85371305252611e-05,3.85371305252611e-05,3.85371305252611e-05,3.85371305252611e-05,3.85371305252611e-05,3.85371305252611e-05,3.85371305252611e-05,3.85371305252611e-05,3.85371305252611e-05,3.85371305252611e-05,3.85371305252611e-05,3.85371305252611e-05,3.85371305252611e-05,3.85371305252611e-05,3.85371305252611e-05,3.85371305252611e-05,3.85371305252611e-05,3.85371305252611e-05,3.85371305252611e-05,3.85371305252611e-05,3.85371305252611e-05,3.85371305252611e-05,3.85371305252611e-05,3.85371305252611e-05,3.85371305252611e-05,3.85371305252611e-05,3.85371305252611e-05,3.85371305252611e-05,3.85371305252611e-05,3.85371305252611e-05,3.85371305252611e-05,3.85371305252611e-05,3.85371305252611e-05,3.85371305252611e-05,3.85371305252611e-05,3.85371305252611e-05,3.85371305252611e-05,3.85371305252611e-05,3.85371305252611e-05,3.85371305252611e-05,3.85371305252611e-05,3.85371305252611e-05,3.85371305252611e-05,3.85371305252611e-05,3.85371305252611e-05,3.85371305252611e-05,3.85371305252611e-05,3.85371305252611e-05,3.85371305252611e-05,3.85371305252611e-05,3.85371305252611e-05,3.85371305252611e-05,3.85371305252611e-05,3.85371305252611e-05,3.85371305252611e-05,3.85371305252611e-05,3.85371305252611e-05,3.85371305252611e-05,3.85371305252611e-05,3.85371305252611e-05,3.85371305252611e-05,3.85371305252611e-05,3.85371305252611e-05,3.85371305252611e-05,3.85371305252611e-05,3.85371305252611e-05,3.85371305252611e-05,3.85371305252611e-05,3.85371305252611e-05,3.85371305252611e-05,3.85371305252611e-05,3.85371305252611e-05,3.85371305252611e-05,3.85371305252611e-05,3.85371305252611e-05,3.85371305252611e-05,3.85371305252611e-05,3.85371305252611e-05,3.85371305252611e-05,3.85371305252611e-05,3.85371305252611e-05,3.85371305252611e-05,3.85371305252611e-05,3.85371305252611e-05,3.85371305252611e-05,3.85371305252611e-05,3.85371305252611e-05,3.85371305252611e-05,3.85371305252611e-05,3.85371305252611e-05,3.85371305252611e-05,3.85371305252611e-05,3.85371305252611e-05
3.85371305252611e-05,3.85371305252611e-05,3.85371305252611e-05,3.85371305252611e-05,3.85371305252611e-05,3.85371305252611e-05,3.85371305252611e-05,3.85371305252611e-05,3.85371305252611e-05,3.85371305252611e-05,3.85371305252611e-05,3.85371305252611e-05,3.85371305252611e-05,3.85371305252611e-05,3.85371305252611e-05,3.85371305252611e-05,3.85371305252611e-05,3.85371305252611e-05,3.85371305252611e-05,3.85371305252611e-05,3.85371305252611e-05,3.85371305252611e-05,3.85371305252611e-05,3.85371305252611e-05,3.85371305252611e-05,3.85371305252611e-05,3.85371305252611e-05,3.85371305252611e-05,3.85371305252611e-05,3.85371305252611e-05,3.85371305252611e-05,3.85371305252611e-05,3.85371305252611e-05,3.85371305252611e-05,3.85371305252611e-05,3.85371305252611e-05,3.85371305252611e-05,3.85371305252611e-05,3.85371305252611e-05,3.85371305252611e-05,3.85371305252611e-05,3.85371305252611e-05,3.85371305252611e-05,3.85371305252611e-05,3.85371305252611e-05,3.85371305252611e-05,3.85371305252611e-05,3.85371305252611e-05,3.85371305252611e-05,3.85371305252611e-05,3.85371305252611e-05,3.85371305252611e-05,3.85371305252611e-05,3.85371305252611e-05,3.85371305252611e-05,3.85371305252611e-05,3.85371305252611e-05,3.85371305252611e-05,3.85371305252611e-05,3.85371305252611e-05,3.85371305252611e-05,3.85371305252611e-05,3.85371305252611e-05,3.85371305252611e-05,3.85371305252611e-05,3.85371305252611e-05,3.85371305252611e-05,3.85371305252611e-05,3.85371305252611e-05,3.85371305252611e-05,3.85371305252611e-05,3.85371305252611e-05,3.85371305252611e-05,3.85371305252611e-05,3.85371305252611e-05,3.85371305252611e-05,3.85371305252611e-05,3.85371305252611e-05,3.85371305252611e-05,3.85371305252611e-05,3.85371305252611e-05,3.85371305252611e-05,3.85371305252611e-05,3.85371305252611e-05,3.85371305252611e-05,3.85371305252611e-05,3.85371305252611e-05,3.85371305252611e-05,3.85371305252611e-05,3.85371305252611e-05,3.85371305252611e-05,3.85371305252611e-05,3.85371305252611e-05,3.85371305252611e-05,3.85371305252611e-05,3.85371305252611e-05,3.85371305252611e-05,3.85371305252611e-05,3.85371305252611e-05,3.85371305252611e-05
3.85371305252611e-05,3.85371305252611e-05,3.85371305252611e-05,3.85371305252611e-05,3.85371305252611e-05,3.85371305252611e-05,3.85371305252611e-05,3.85371305252611e-05,3.85371305252611e-05,3.85371305252611e-05,3.85371305252611e-05,3.85371305252611e-05,3.85371305252611e-05,3.85371305252611e-05,3.85371305252611e-05,3.85371305252611e-05,3.85371305252611e-05,3.85371305252611e-05,3.85371305252611e-05,3.85371305252611e-05,3.85371305252611e-05,3.85371305252611e-05,3.85371305252611e-05,3.85371305252611e-05,3.85371305252611e-05,3.85371305252611e-05,3.85371305252611e-05,3.85371305252611e-05,3.85371305252611e-05,3.85371305252611e-05,3.85371305252611e-05,3.85371305252611e-05,3.85371305252611e-05,3.85371305252611e-05,3.85371305252611e-05,3.85371305252611e-05,3.85371305252611e-05,3.85371305252611e-05,3.85371305252611e-05,3.85371305252611e-05,3.85371305252611e-05,3.85371305252611e-05,3.85371305252611e-05,3.85371305252611e-05,3.85371305252611e-05,3.85371305252611e-05,3.85371305252611e-05,3.85371305252611e-05,3.85371305252611e-05,3.85371305252611e-05,3.85371305252611e-05,3.85371305252611e-05,3.85371305252611e-05,3.85371305252611e-05,3.85371305252611e-05,3.85371305252611e-05,3.85371305252611e-05,3.85371305252611e-05,3.85371305252611e-05,3.85371305252611e-05,3.85371305252611e-05,3.85371305252611e-05,3.85371305252611e-05,3.85371305252611e-05,3.85371305252611e-05,3.85371305252611e-05,3.85371305252611e-05,3.85371305252611e-05,3.85371305252611e-05,3.85371305252611e-05,3.85371305252611e-05,3.85371305252611e-05,3.85371305252611e-05,3.85371305252611e-05,3.85371305252611e-05,3.85371305252611e-05,3.85371305252611e-05,3.85371305252611e-05,3.85371305252611e-05,3.85371305252611e-05,3.85371305252611e-05,3.85371305252611e-05,3.85371305252611e-05,3.85371305252611e-05,3.85371305252611e-05,3.85371305252611e-05,3.85371305252611e-05,3.85371305252611e-05,3.85371305252611e-05,3.85371305252611e-05,3.85371305252611e-05,3.85371305252611e-05,3.85371305252611e-05,3.85371305252611e-05,3.85371305252611e-05,3.85371305252611e-05,3.85371305252611e-05,3.85371305252611e-05,3.85371305252611e-05,3.85371305252611e-05
3.85371305252611e-05,3.85371305252611e-05,3.85371305252611e-05,3.85371305252611e-05,3.85371305252611e-05,3.85371305252611e-05,3.85371305252611e-05,3.85371305252611e-05,3.85371305252611e-05,3.85371305252611e-05,3.85371305252611e-05,3.85371305252611e-05,3.85371305252611e-05,3.85371305252611e-05,3.85371305252611e-05,3.85371305252611e-05,3.85371305252611e-05,3.85371305252611e-05,3.85371305252611e-05,3.85371305252611e-05,3.85371305252611e-05,3.85371305252611e-05,3.85371305252611e-05,3.85371305252611e-05,3.85371305252611e-05,3.85371305252611e-05,3.85371305252611e-05,3.85371305252611e-05,3.85371305252611e-05,3.85371305252611e-05,3.85371305252611e-05,3.85371305252611e-05,3.85371305252611e-05,3.85371305252611e-05,3.85371305252611e-05,3.85371305252611e-05,3.85371305252611e-05,3.85371305252611e-05,3.85371305252611e-05,3.85371305252611e-05,3.85371305252611e-05,3.85371305252611e-05,3.85371305252611e-05,3.85371305252611e-05,3.85371305252611e-05,3.85371305252611e-05,3.85371305252611e-05,3.85371305252611e-05,3.85371305252611e-05,3.85371305252611e-05,3.85371305252611e-05,3.85371305252611e-05,3.85371305252611e-05,3.85371305252611e-05,3.85371305252611e-05,3.85371305252611e-05,3.85371305252611e-05,3.85371305252611e-05,3.85371305252611e-05,3.85371305252611e-05,3.85371305252611e-05,3.85371305252611e-05,3.85371305252611e-05,3.85371305252611e-05,3.85371305252611e-05,3.85371305252611e-05,3.85371305252611e-05,3.85371305252611e-05,3.85371305252611e-05,3.85371305252611e-05,3.85371305252611e-05,3.85371305252611e-05,3.85371305252611e-05,3.85371305252611e-05,3.85371305252611e-05,3.85371305252611e-05,3.85371305252611e-05,3.85371305252611e-05,3.85371305252611e-05,3.85371305252611e-05,3.85371305252611e-05,3.85371305252611e-05,3.85371305252611e-05,3.85371305252611e-05,3.85371305252611e-05,3.85371305252611e-05,3.85371305252611e-05,3.85371305252611e-05,3.85371305252611e-05,3.85371305252611e-05,3.85371305252611e-05,3.85371305252611e-05,3.85371305252611e-05,3.85371305252611e-05,3.85371305252611e-05,3.85371305252611e-05,3.85371305252611e-05,3.85371305252611e-05,3.85371305252611e-05,3.85371305252611e-05
3.85371305252611e-05,3.85371305252611e-05,3.85371305252611e-05,3.85371305252611e-05,3.85371305252611e-05,3.85371305252611e-05,3.85371305252611e-05,3.85371305252611e-05,3.85371305252611e-05,3.85371305252611e-05,3.85371305252611e-05,3.85371305252611e-05,3.85371305252611e-05,3.85371305252611e-05,3.85371305252611e-05,3.85371305252611e-05,3.85371305252611e-05,3.85371305252611e-05,3.85371305252611e-05,3.85371305252611e-05,3.85371305252611e-05,3.85371305252611e-05,3.85371305252611e-05,3.85371305252611e-05,3.85371305252611e-05,3.85371305252611e-05,3.85371305252611e-05,3.85371305252611e-05,3.85371305252611e-05,3.85371305252611e-05,3.85371305252611e-05,3.85371305252611e-05,3.85371305252611e-05,3.85371305252611e-05,3.85371305252611e-05,3.85371305252611e-05,3.85371305252611e-05,3.85371305252611e-05,3.85371305252611e-05,3.85371305252611e-05,3.85371305252611e-05,3.85371305252611e-05,3.85371305252611e-05,3.85371305252611e-05,3.85371305252611e-05,3.85371305252611e-05,3.85371305252611e-05,3.85371305252611e-05,3.85371305252611e-05,3.85371305252611e-05,3.85371305252611e-05,3.85371305252611e-05,3.85371305252611e-05,3.85371305252611e-05,3.85371305252611e-05,3.85371305252611e-05,3.85371305252611e-05,3.85371305252611e-05,3.85371305252611e-05,3.85371305252611e-05,3.85371305252611e-05,3.85371305252611e-05,3.85371305252611e-05,3.85371305252611e-05,3.85371305252611e-05,3.85371305252611e-05,3.85371305252611e-05,3.85371305252611e-05,3.85371305252611e-05,3.85371305252611e-05,3.85371305252611e-05,3.85371305252611e-05,3.85371305252611e-05,3.85371305252611e-05,3.85371305252611e-05,3.85371305252611e-05,3.85371305252611e-05,3.85371305252611e-05,3.85371305252611e-05,3.85371305252611e-05,3.85371305252611e-05,3.85371305252611e-05,3.85371305252611e-05,3.85371305252611e-05,3.85371305252611e-05,3.85371305252611e-05,3.85371305252611e-05,3.85371305252611e-05,3.85371305252611e-05,3.85371305252611e-05,3.85371305252611e-05,3.85371305252611e-05,3.85371305252611e-05,3.85371305252611e-05,3.85371305252611e-05,3.85371305252611e-05,3.85371305252611e-05,3.85371305252611e-05,3.85371305252611e-05,3.85371305252611e-05
3.85371305252611e-05,3.85371305252611e-05,3.85371305252611e-05,3.85371305252611e-05,3.85371305252611e-05,3.85371305252611e-05,3.85371305252611e-05,3.85371305252611e-05,3.85371305252611e-05,3.85371305252611e-05,3.85371305252611e-05,3.85371305252611e-05,3.85371305252611e-05,3.85371305252611e-05,3.85371305252611e-05,3.85371305252611e-05,3.85371305252611e-05,3.85371305252611e-05,3.85371305252611e-05,3.85371305252611e-05,3.85371305252611e-05,3.85371305252611e-05,3.85371305252611e-05,3.85371305252611e-05,3.85371305252611e-05,3.85371305252611e-05,3.85371305252611e-05,3.85371305252611e-05,3.85371305252611e-05,3.85371305252611e-05,3.85371305252611e-05,3.85371305252611e-05,3.85371305252611e-05,3.85371305252611e-05,3.85371305252611e-05,3.85371305252611e-05,3.85371305252611e-05,3.85371305252611e-05,3.85371305252611e-05,3.85371305252611e-05,3.85371305252611e-05,3.85371305252611e-05,3.85371305252611e-05,3.85371305252611e-05,3.85371305252611e-05,3.85371305252611e-05,3.85371305252611e-05,3.85371305252611e-05,3.85371305252611e-05,3.85371305252611e-05,3.85371305252611e-05,3.85371305252611e-05,3.85371305252611e-05,3.85371305252611e-05,3.85371305252611e-05,3.85371305252611e-05,3.85371305252611e-05,3.85371305252611e-05,3.85371305252611e-05,3.85371305252611e-05,3.85371305252611e-05,3.85371305252611e-05,3.85371305252611e-05,3.85371305252611e-05,3.85371305252611e-05,3.85371305252611e-05,3.85371305252611e-05,3.85371305252611e-05,3.85371305252611e-05,3.85371305252611e-05,3.85371305252611e-05,3.85371305252611e-05,3.85371305252611e-05,3.85371305252611e-05,3.85371305252611e-05,3.85371305252611e-05,3.85371305252611e-05,3.85371305252611e-05,3.85371305252611e-05,3.85371305252611e-05,3.85371305252611e-05,3.85371305252611e-05,3.85371305252611e-05,3.85371305252611e-05,3.85371305252611e-05,3.85371305252611e-05,3.85371305252611e-05,3.85371305252611e-05,3.85371305252611e-05,3.85371305252611e-05,3.85371305252611e-05,3.85371305252611e-05,3.85371305252611e-05,3.85371305252611e-05,3.85371305252611e-05,3.85371305252611e-05,3.85371305252611e-05,3.85371305252611e-05,3.85371305252611e-05,3.85371305252611e-05
3.85371305252611e-05,3.85371305252611e-05,3.85371305252611e-05,3.85371305252611e-05,3.85371305252611e-05,3.85371305252611e-05,3.85371305252611e-05,3.85371305252611e-05,3.85371305252611e-05,3.85371305252611e-05,3.85371305252611e-05,3.85371305252611e-05,3.85371305252611e-05,3.85371305252611e-05,3.85371305252611e-05,3.85371305252611e-05,3.85371305252611e-05,3.85371305252611e-05,3.85371305252611e-05,3.85371305252611e-05,3.85371305252611e-05,3.85371305252611e-05,3.85371305252611e-05,3.85371305252611e-05,3.85371305252611e-05,3.85371305252611e-05,3.85371305252611e-05,3.85371305252611e-05,3.85371305252611e-05,3.85371305252611e-05,3.85371305252611e-05,3.85371305252611e-05,3.85371305252611e-05,3.85371305252611e-05,3.85371305252611e-05,3.85371305252611e-05,3.85371305252611e-05,3.85371305252611e-05,3.85371305252611e-05,3.85371305252611e-05,3.85371305252611e-05,3.85371305252611e-05,3.85371305252611e-05,3.85371305252611e-05,3.85371305252611e-05,3.85371305252611e-05,3.85371305252611e-05,3.85371305252611e-05,3.85371305252611e-05,3.85371305252611e-05,3.85371305252611e-05,3.85371305252611e-05,3.85371305252611e-05,3.85371305252611e-05,3.85371305252611e-05,3.85371305252611e-05,3.85371305252611e-05,3.85371305252611e-05,3.85371305252611e-05,3.85371305252611e-05,3.85371305252611e-05,3.85371305252611e-05,3.85371305252611e-05,3.85371305252611e-05,3.85371305252611e-05,3.85371305252611e-05,3.85371305252611e-05,3.85371305252611e-05,3.85371305252611e-05,3.85371305252611e-05,3.85371305252611e-05,3.85371305252611e-05,3.85371305252611e-05,3.85371305252611e-05,3.85371305252611e-05,3.85371305252611e-05,3.85371305252611e-05,3.85371305252611e-05,3.85371305252611e-05,3.85371305252611e-05,3.85371305252611e-05,3.85371305252611e-05,3.85371305252611e-05,3.85371305252611e-05,3.85371305252611e-05,3.85371305252611e-05,3.85371305252611e-05,3.85371305252611e-05,3.85371305252611e-05,3.85371305252611e-05,3.85371305252611e-05,3.85371305252611e-05,3.85371305252611e-05,3.85371305252611e-05,3.85371305252611e-05,3.85371305252611e-05,3.85371305252611e-05,3.85371305252611e-05,3.85371305252611e-05,3.85371305252611e-05
3.85371305252611e-05,3.85371305252611e-05,3.85371305252611e-05,3.85371305252611e-05,3.85371305252611e-05,3.85371305252611e-05,3.85371305252611e-05,3.85371305252611e-05,3.85371305252611e-05,3.85371305252611e-05,3.85371305252611e-05,3.85371305252611e-05,3.85371305252611e-05,3.85371305252611e-05,3.85371305252611e-05,3.85371305252611e-05,3.85371305252611e-05,3.85371305252611e-05,3.85371305252611e-05,3.85371305252611e-05,3.85371305252611e-05,3.85371305252611e-05,3.85371305252611e-05,3.85371305252611e-05,3.85371305252611e-05,3.85371305252611e-05,3.85371305252611e-05,3.85371305252611e-05,3.85371305252611e-05,3.85371305252611e-05,3.85371305252611e-05,3.85371305252611e-05,3.85371305252611e-05,3.85371305252611e-05,3.85371305252611e-05,3.85371305252611e-05,3.85371305252611e-05,3.85371305252611e-05,3.85371305252611e-05,3.85371305252611e-05,3.85371305252611e-05,3.85371305252611e-05,3.85371305252611e-05,3.85371305252611e-05,3.85371305252611e-05,3.85371305252611e-05,3.85371305252611e-05,3.85371305252611e-05,3.85371305252611e-05,3.85371305252611e-05,3.85371305252611e-05,3.85371305252611e-05,3.85371305252611e-05,3.85371305252611e-05,3.85371305252611e-05,3.85371305252611e-05,3.85371305252611e-05,3.85371305252611e-05,3.85371305252611e-05,3.85371305252611e-05,3.85371305252611e-05,3.85371305252611e-05,3.85371305252611e-05,3.85371305252611e-05,3.85371305252611e-05,3.85371305252611e-05,3.85371305252611e-05,3.85371305252611e-05,3.85371305252611e-05,3.85371305252611e-05,3.85371305252611e-05,3.85371305252611e-05,3.85371305252611e-05,3.85371305252611e-05,3.85371305252611e-05,3.85371305252611e-05,3.85371305252611e-05,3.85371305252611e-05,3.85371305252611e-05,3.85371305252611e-05,3.85371305252611e-05,3.85371305252611e-05,3.85371305252611e-05,3.85371305252611e-05,3.85371305252611e-05,3.85371305252611e-05,3.85371305252611e-05,3.85371305252611e-05,3.85371305252611e-05,3.85371305252611e-05,3.85371305252611e-05,3.85371305252611e-05,3.85371305252611e-05,3.85371305252611e-05,3.85371305252611e-05,3.85371305252611e-05,3.85371305252611e-05,3.85371305252611e-05,3.85371305252611e-05,3.85371305252611e-05
3.85371305252611e-05,3.85371305252611e-05,3.85371305252611e-05,3.85371305252611e-05,3.85371305252611e-05,3.85371305252611e-05,3.85371305252611e-05,3.85371305252611e-05,3.85371305252611e-05,3.85371305252611e-05,3.85371305252611e-05,3.85371305252611e-05,3.85371305252611e-05,3.85371305252611e-05,3.85371305252611e-05,3.85371305252611e-05,3.85371305252611e-05,3.85371305252611e-05,3.85371305252611e-05,3.85371305252611e-05,3.85371305252611e-05,3.85371305252611e-05,3.85371305252611e-05,3.85371305252611e-05,3.85371305252611e-05,3.85371305252611e-05,3.85371305252611e-05,3.85371305252611e-05,3.85371305252611e-05,3.85371305252611e-05,3.85371305252611e-05,3.85371305252611e-05,3.85371305252611e-05,3.85371305252611e-05,3.85371305252611e-05,3.85371305252611e-05,3.85371305252611e-05,3.85371305252611e-05,3.85371305252611e-05,3.85371305252611e-05,3.85371305252611e-05,3.85371305252611e-05,3.85371305252611e-05,3.85371305252611e-05,3.85371305252611e-05,3.85371305252611e-05,3.85371305252611e-05,3.85371305252611e-05,3.85371305252611e-05,3.85371305252611e-05,3.85371305252611e-05,3.85371305252611e-05,3.85371305252611e-05,3.85371305252611e-05,3.85371305252611e-05,3.85371305252611e-05,3.85371305252611e-05,3.85371305252611e-05,3.85371305252611e-05,3.85371305252611e-05,3.85371305252611e-05,3.85371305252611e-05,3.85371305252611e-05,3.85371305252611e-05,3.85371305252611e-05,3.85371305252611e-05,3.85371305252611e-05,3.85371305252611e-05,3.85371305252611e-05,3.85371305252611e-05,3.85371305252611e-05,3.85371305252611e-05,3.85371305252611e-05,3.85371305252611e-05,3.85371305252611e-05,3.85371305252611e-05,3.85371305252611e-05,3.85371305252611e-05,3.85371305252611e-05,3.85371305252611e-05,3.85371305252611e-05,3.85371305252611e-05,3.85371305252611e-05,3.85371305252611e-05,3.85371305252611e-05,3.85371305252611e-05,3.85371305252611e-05,3.85371305252611e-05,3.85371305252611e-05,3.85371305252611e-05,3.85371305252611e-05,3.85371305252611e-05,3.85371305252611e-05,3.85371305252611e-05,3.85371305252611e-05,3.85371305252611e-05,3.85371305252611e-05,3.85371305252611e-05,3.85371305252611e-05,3.85371305252611e-05
3.85371305252611e-05,3.85371305252611e-05,3.85371305252611e-05,3.85371305252611e-05,3.85371305252611e-05,3.85371305252611e-05,3.85371305252611e-05,3.85371305252611e-05,3.85371305252611e-05,3.85371305252611e-05,3.85371305252611e-05,3.85371305252611e-05,3.85371305252611e-05,3.85371305252611e-05,3.85371305252611e-05,3.85371305252611e-05,3.85371305252611e-05,3.85371305252611e-05,3.85371305252611e-05,3.85371305252611e-05,3.85371305252611e-05,3.85371305252611e-05,3.85371305252611e-05,3.85371305252611e-05,3.85371305252611e-05,3.85371305252611e-05,3.85371305252611e-05,3.85371305252611e-05,3.85371305252611e-05,3.85371305252611e-05,3.85371305252611e-05,3.85371305252611e-05,3.85371305252611e-05,3.85371305252611e-05,3.85371305252611e-05,3.85371305252611e-05,3.85371305252611e-05,3.85371305252611e-05,3.85371305252611e-05,3.85371305252611e-05,3.85371305252611e-05,3.85371305252611e-05,3.85371305252611e-05,3.85371305252611e-05,3.85371305252611e-05,3.85371305252611e-05,3.85371305252611e-05,3.85371305252611e-05,3.85371305252611e-05,3.85371305252611e-05,3.85371305252611e-05,3.85371305252611e-05,3.85371305252611e-05,3.85371305252611e-05,3.85371305252611e-05,3.85371305252611e-05,3.85371305252611e-05,3.85371305252611e-05,3.85371305252611e-05,3.85371305252611e-05,3.85371305252611e-05,3.85371305252611e-05,3.85371305252611e-05,3.85371305252611e-05,3.85371305252611e-05,3.85371305252611e-05,3.85371305252611e-05,3.85371305252611e-05,3.85371305252611e-05,3.85371305252611e-05,3.85371305252611e-05,3.85371305252611e-05,3.85371305252611e-05,3.85371305252611e-05,3.85371305252611e-05,3.85371305252611e-05,3.85371305252611e-05,3.85371305252611e-05,3.85371305252611e-05,3.85371305252611e-05,3.85371305252611e-05,3.85371305252611e-05,3.85371305252611e-05,3.85371305252611e-05,3.85371305252611e-05,3.85371305252611e-05,3.85371305252611e-05,3.85371305252611e-05,3.85371305252611e-05,3.85371305252611e-05,3.85371305252611e-05,3.85371305252611e-05,3.85371305252611e-05,3.85371305252611e-05,3.85371305252611e-05,3.85371305252611e-05,3.85371305252611e-05,3.85371305252611e-05,3.85371305252611e-05,3.85371305252611e-05
3.85371305252611e-05,3.85371305252611e-05,3.85371305252611e-05,3.85371305252611e-05,3.85371305252611e-05,3.85371305252611e-05,3.85371305252611e-05,3.85371305252611e-05,3.85371305252611e-05,3.85371305252611e-05,3.85371305252611e-05,3.85371305252611e-05,3.85371305252611e-05,3.85371305252611e-05,3.85371305252611e-05,3.85371305252611e-05,3.85371305252611e-05,3.85371305252611e-05,3.85371305252611e-05,3.85371305252611e-05,3.85371305252611e-05,3.85371305252611e-05,3.85371305252611e-05,3.85371305252611e-05,3.85371305252611e-05,3.85371305252611e-05,3.85371305252611e-05,3.85371305252611e-05,3.85371305252611e-05,3.85371305252611e-05,3.85371305252611e-05,3.85371305252611e-05,3.85371305252611e-05,3.85371305252611e-05,3.85371305252611e-05,3.85371305252611e-05,3.85371305252611e-05,3.85371305252611e-05,3.85371305252611e-05,3.85371305252611e-05,3.85371305252611e-05,3.85371305252611e-05,3.85371305252611e-05,3.85371305252611e-05,3.85371305252611e-05,3.85371305252611e-05,3.85371305252611e-05,3.85371305252611e-05,3.85371305252611e-05,3.85371305252611e-05,3.85371305252611e-05,3.85371305252611e-05,3.85371305252611e-05,3.85371305252611e-05,3.85371305252611e-05,3.85371305252611e-05,3.85371305252611e-05,3.85371305252611e-05,3.85371305252611e-05,3.85371305252611e-05,3.85371305252611e-05,3.85371305252611e-05,3.85371305252611e-05,3.85371305252611e-05,3.85371305252611e-05,3.85371305252611e-05,3.85371305252611e-05,3.85371305252611e-05,3.85371305252611e-05,3.85371305252611e-05,3.85371305252611e-05,3.85371305252611e-05,3.85371305252611e-05,3.85371305252611e-05,3.85371305252611e-05,3.85371305252611e-05,3.85371305252611e-05,3.85371305252611e-05,3.85371305252611e-05,3.85371305252611e-05,3.85371305252611e-05,3.85371305252611e-05,3.85371305252611e-05,3.85371305252611e-05,3.85371305252611e-05,3.85371305252611e-05,3.85371305252611e-05,3.85371305252611e-05,3.85371305252611e-05,3.85371305252611e-05,3.85371305252611e-05,3.85371305252611e-05,3.85371305252611e-05,3.85371305252611e-05,3.85371305252611e-05,3.85371305252611e-05,3.85371305252611e-05,3.85371305252611e-05,3.85371305252611e-05,3.85371305252611e-05
3.85371305252611e-05,3.85371305252611e-05,3.85371305252611e-05,3.85371305252611e-05,3.85371305252611e-05,3.85371305252611e-05,3.85371305252611e-05,3.85371305252611e-05,3.85371305252611e-05,3.85371305252611e-05,3.85371305252611e-05,3.85371305252611e-05,3.85371305252611e-05,3.85371305252611e-05,3.85371305252611e-05,3.85371305252611e-05,3.85371305252611e-05,3.85371305252611e-05,3.85371305252611e-05,3.85371305252611e-05,3.85371305252611e-05,3.85371305252611e-05,3.85371305252611e-05,3.85371305252611e-05,3.85371305252611e-05,3.85371305252611e-05,3.85371305252611e-05,3.85371305252611e-05,3.85371305252611e-05,3.85371305252611e-05,3.85371305252611e-05,3.85371305252611e-05,3.85371305252611e-05,3.85371305252611e-05,3.85371305252611e-05,3.85371305252611e-05,3.85371305252611e-05,3.85371305252611e-05,3.85371305252611e-05,3.85371305252611e-05,3.85371305252611e-05,3.85371305252611e-05,3.85371305252611e-05,3.85371305252611e-05,3.85371305252611e-05,3.85371305252611e-05,3.85371305252611e-05,3.85371305252611e-05,3.85371305252611e-05,3.85371305252611e-05,3.85371305252611e-05,3.85371305252611e-05,3.85371305252611e-05,3.85371305252611e-05,3.85371305252611e-05,3.85371305252611e-05,3.85371305252611e-05,3.85371305252611e-05,3.85371305252611e-05,3.85371305252611e-05,3.85371305252611e-05,3.85371305252611e-05,3.85371305252611e-05,3.85371305252611e-05,3.85371305252611e-05,3.85371305252611e-05,3.85371305252611e-05,3.85371305252611e-05,3.85371305252611e-05,3.85371305252611e-05,3.85371305252611e-05,3.85371305252611e-05,3.85371305252611e-05,3.85371305252611e-05,3.85371305252611e-05,3.85371305252611e-05,3.85371305252611e-05,3.85371305252611e-05,3.85371305252611e-05,3.85371305252611e-05,3.85371305252611e-05,3.85371305252611e-05,3.85371305252611e-05,3.85371305252611e-05,3.85371305252611e-05,3.85371305252611e-05,3.85371305252611e-05,3.85371305252611e-05,3.85371305252611e-05,3.85371305252611e-05,3.85371305252611e-05,3.85371305252611e-05,3.85371305252611e-05,3.85371305252611e-05,3.85371305252611e-05,3.85371305252611e-05,3.85371305252611e-05,3.85371305252611e-05,3.85371305252611e-05,3.85371305252611e-05
3.85371305252611e-05,3.85371305252611e-05,3.85371305252611e-05,3.85371305252611e-05,3.85371305252611e-05,3.85371305252611e-05,3.85371305252611e-05,3.85371305252611e-05,3.85371305252611e-05,3.85371305252611e-05,3.85371305252611e-05,3.85371305252611e-05,3.85371305252611e-05,3.85371305252611e-05,3.85371305252611e-05,3.85371305252611e-05,3.85371305252611e-05,3.85371305252611e-05,3.85371305252611e-05,3.85371305252611e-05,3.85371305252611e-05,3.85371305252611e-05,3.85371305252611e-05,3.85371305252611e-05,3.85371305252611e-05,3.85371305252611e-05,3.85371305252611e-05,3.85371305252611e-05,3.85371305252611e-05,3.85371305252611e-05,3.85371305252611e-05,3.85371305252611e-05,3.85371305252611e-05,3.85371305252611e-05,3.85371305252611e-05,3.85371305252611e-05,3.85371305252611e-05,3.85371305252611e-05,3.85371305252611e-05,3.85371305252611e-05,3.85371305252611e-05,3.85371305252611e-05,3.85371305252611e-05,3.85371305252611e-05,3.85371305252611e-05,3.85371305252611e-05,3.85371305252611e-05,3.85371305252611e-05,3.85371305252611e-05,3.85371305252611e-05,3.85371305252611e-05,3.85371305252611e-05,3.85371305252611e-05,3.85371305252611e-05,3.85371305252611e-05,3.85371305252611e-05,3.85371305252611e-05,3.85371305252611e-05,3.85371305252611e-05,3.85371305252611e-05,3.85371305252611e-05,3.85371305252611e-05,3.85371305252611e-05,3.85371305252611e-05,3.85371305252611e-05,3.85371305252611e-05,3.85371305252611e-05,3.85371305252611e-05,3.85371305252611e-05,3.85371305252611e-05,3.85371305252611e-05,3.85371305252611e-05,3.85371305252611e-05,3.85371305252611e-05,3.85371305252611e-05,3.85371305252611e-05,3.85371305252611e-05,3.85371305252611e-05,3.85371305252611e-05,3.85371305252611e-05,3.85371305252611e-05,3.85371305252611e-05,3.85371305252611e-05,3.85371305252611e-05,3.85371305252611e-05,3.85371305252611e-05,3.85371305252611e-05,3.85371305252611e-05,3.85371305252611e-05,3.85371305252611e-05,3.85371305252611e-05,3.85371305252611e-05,3.85371305252611e-05,3.85371305252611e-05,3.85371305252611e-05,3.85371305252611e-05,3.85371305252611e-05,3.85371305252611e-05,3.85371305252611e-05,3.85371305252611e-05
3.85371305252611e-05,3.85371305252611e-05,3.85371305252611e-05,3.85371305252611e-05,3.85371305252611e-05,3.85371305252611e-05,3.85371305252611e-05,3.85371305252611e-05,3.85371305252611e-05,3.85371305252611e-05,3.85371305252611e-05,3.85371305252611e-05,3.85371305252611e-05,3.85371305252611e-05,3.85371305252611e-05,3.85371305252611e-05,3.85371305252611e-05,3.85371305252611e-05,3.85371305252611e-05,3.85371305252611e-05,3.85371305252611e-05,3.85371305252611e-05,3.85371305252611e-05,3.85371305252611e-05,3.85371305252611e-05,3.85371305252611e-05,3.85371305252611e-05,3.85371305252611e-05,3.85371305252611e-05,3.85371305252611e-05,3.85371305252611e-05,3.85371305252611e-05,3.85371305252611e-05,3.85371305252611e-05,3.85371305252611e-05,3.85371305252611e-05,3.85371305252611e-05,3.85371305252611e-05,3.85371305252611e-05,3.85371305252611e-05,3.85371305252611e-05,3.85371305252611e-05,3.85371305252611e-05,3.85371305252611e-05,3.85371305252611e-05,3.85371305252611e-05,3.85371305252611e-05,3.85371305252611e-05,3.85371305252611e-05,3.85371305252611e-05,3.85371305252611e-05,3.85371305252611e-05,3.85371305252611e-05,3.85371305252611e-05,3.85371305252611e-05,3.85371305252611e-05,3.85371305252611e-05,3.85371305252611e-05,3.85371305252611e-05,3.85371305252611e-05,3.85371305252611e-05,3.85371305252611e-05,3.85371305252611e-05,3.85371305252611e-05,3.85371305252611e-05,3.85371305252611e-05,3.85371305252611e-05,3.85371305252611e-05,3.85371305252611e-05,3.85371305252611e-05,3.85371305252611e-05,3.85371305252611e-05,3.85371305252611e-05,3.85371305252611e-05,3.85371305252611e-05,3.85371305252611e-05,3.85371305252611e-05,3.85371305252611e-05,3.85371305252611e-05,3.85371305252611e-05,3.85371305252611e-05,3.85371305252611e-05,3.85371305252611e-05,3.85371305252611e-05,3.85371305252611e-05,3.85371305252611e-05,3.85371305252611e-05,3.85371305252611e-05,3.85371305252611e-05,3.85371305252611e-05,3.85371305252611e-05,3.85371305252611e-05,3.85371305252611e-05,3.85371305252611e-05,3.85371305252611e-05,3.85371305252611e-05,3.85371305252611e-05,3.85371305252611e-05,3.85371305252611e-05,3.85371305252611e-05
3.85371305252611e-05,3.85371305252611e-05,3.85371305252611e-05,3.85371305252611e-05,3.85371305252611e-05,3.85371305252611e-05,3.85371305252611e-05,3.85371305252611e-05,3.85371305252611e-05,3.85371305252611e-05,3.85371305252611e-05,3.85371305252611e-05,3.85371305252611e-05,3.85371305252611e-05,3.85371305252611e-05,3.85371305252611e-05,3.85371305252611e-05,3.85371305252611e-05,3.85371305252611e-05,3.85371305252611e-05,3.85371305252611e-05,3.85371305252611e-05,3.85371305252611e-05,3.85371305252611e-05,3.85371305252611e-05,3.85371305252611e-05,3.85371305252611e-05,3.85371305252611e-05,3.85371305252611e-05,3.85371305252611e-05,3.85371305252611e-05,3.85371305252611e-05,3.85371305252611e-05,3.85371305252611e-05,3.85371305252611e-05,3.85371305252611e-05,3.85371305252611e-05,3.85371305252611e-05,3.85371305252611e-05,3.85371305252611e-05,3.85371305252611e-05,3.85371305252611e-05,3.85371305252611e-05,3.85371305252611e-05,3.85371305252611e-05,3.85371305252611e-05,3.85371305252611e-05,3.85371305252611e-05,3.85371305252611e-05,3.85371305252611e-05,3.85371305252611e-05,3.85371305252611e-05,3.85371305252611e-05,3.85371305252611e-05,3.85371305252611e-05,3.85371305252611e-05,3.85371305252611e-05,3.85371305252611e-05,3.85371305252611e-05,3.85371305252611e-05,3.85371305252611e-05,3.85371305252611e-05,3.85371305252611e-05,3.85371305252611e-05,3.85371305252611e-05,3.85371305252611e-05,3.85371305252611e-05,3.85371305252611e-05,3.85371305252611e-05,3.85371305252611e-05,3.85371305252611e-05,3.85371305252611e-05,3.85371305252611e-05,3.85371305252611e-05,3.85371305252611e-05,3.85371305252611e-05,3.85371305252611e-05,3.85371305252611e-05,3.85371305252611e-05,3.85371305252611e-05,3.85371305252611e-05,3.85371305252611e-05,3.85371305252611e-05,3.85371305252611e-05,3.85371305252611e-05,3.85371305252611e-05,3.85371305252611e-05,3.85371305252611e-05,3.85371305252611e-05,3.85371305252611e-05,3.85371305252611e-05,3.85371305252611e-05,3.85371305252611e-05,3.85371305252611e-05,3.85371305252611e-05,3.85371305252611e-05,3.85371305252611e-05,3.85371305252611e-05,3.85371305252611e-05,3.85371305252611e-05
3.85371305252611e-05,3.85371305252611e-05,3.85371305252611e-05,3.85371305252611e-05,3.85371305252611e-05,3.85371305252611e-05,3.85371305252611e-05,3.85371305252611e-05,3.85371305252611e-05,3.85371305252611e-05,3.85371305252611e-05,3.85371305252611e-05,3.85371305252611e-05,3.85371305252611e-05,3.85371305252611e-05,3.85371305252611e-05,3.85371305252611e-05,3.85371305252611e-05,3.85371305252611e-05,3.85371305252611e-05,3.85371305252611e-05,3.85371305252611e-05,3.85371305252611e-05,3.85371305252611e-05,3.85371305252611e-05,3.85371305252611e-05,3.85371305252611e-05,3.85371305252611e-05,3.85371305252611e-05,3.85371305252611e-05,3.85371305252611e-05,3.85371305252611e-05,3.85371305252611e-05,3.85371305252611e-05,3.85371305252611e-05,3.85371305252611e-05,3.85371305252611e-05,3.85371305252611e-05,3.85371305252611e-05,3.85371305252611e-05,3.85371305252611e-05,3.85371305252611e-05,3.85371305252611e-05,3.85371305252611e-05,3.85371305252611e-05,3.85371305252611e-05,3.85371305252611e-05,3.85371305252611e-05,3.85371305252611e-05,3.85371305252611e-05,3.85371305252611e-05,3.85371305252611e-05,3.85371305252611e-05,3.85371305252611e-05,3.85371305252611e-05,3.85371305252611e-05,3.85371305252611e-05,3.85371305252611e-05,3.85371305252611e-05,3.85371305252611e-05,3.85371305252611e-05,3.85371305252611e-05,3.85371305252611e-05,3.85371305252611e-05,3.85371305252611e-05,3.85371305252611e-05,3.85371305252611e-05,3.85371305252611e-05,3.85371305252611e-05,3.85371305252611e-05,3.85371305252611e-05,3.85371305252611e-05,3.85371305252611e-05,3.85371305252611e-05,3.85371305252611e-05,3.85371305252611e-05,3.85371305252611e-05,3.85371305252611e-05,3.85371305252611e-05,3.85371305252611e-05,3.85371305252611e-05,3.85371305252611e-05,3.85371305252611e-05,3.85371305252611e-05,3.85371305252611e-05,3.85371305252611e-05,3.85371305252611e-05,3.85371305252611e-05,3.85371305252611e-05,3.85371305252611e-05,3.85371305252611e-05,3.85371305252611e-05,3.85371305252611e-05,3.85371305252611e-05,3.85371305252611e-05,3.85371305252611e-05,3.85371305252611e-05,3.85371305252611e-05,3.85371305252611e-05,3.85371305252611e-05
3.85371305252611e-05,3.85371305252611e-05,3.85371305252611e-05,3.85371305252611e-05,3.85371305252611e-05,3.85371305252611e-05,3.85371305252611e-05,3.85371305252611e-05,3.85371305252611e-05,3.85371305252611e-05,3.85371305252611e-05,3.85371305252611e-05,3.85371305252611e-05,3.85371305252611e-05,3.85371305252611e-05,3.85371305252611e-05,3.85371305252611e-05,3.85371305252611e-05,3.85371305252611e-05,3.85371305252611e-05,3.85371305252611e-05,3.85371305252611e-05,3.85371305252611e-05,3.85371305252611e-05,3.85371305252611e-05,3.85371305252611e-05,3.85371305252611e-05,3.85371305252611e-05,3.85371305252611e-05,3.85371305252611e-05,3.85371305252611e-05,3.85371305252611e-05,3.85371305252611e-05,3.85371305252611e-05,3.85371305252611e-05,3.85371305252611e-05,3.85371305252611e-05,3.85371305252611e-05,3.85371305252611e-05,3.85371305252611e-05,3.85371305252611e-05,3.85371305252611e-05,3.85371305252611e-05,3.85371305252611e-05,3.85371305252611e-05,3.85371305252611e-05,3.85371305252611e-05,3.85371305252611e-05,3.85371305252611e-05,3.85371305252611e-05,3.85371305252611e-05,3.85371305252611e-05,3.85371305252611e-05,3.85371305252611e-05,3.85371305252611e-05,3.85371305252611e-05,3.85371305252611e-05,3.85371305252611e-05,3.85371305252611e-05,3.85371305252611e-05,3.85371305252611e-05,3.85371305252611e-05,3.85371305252611e-05,3.85371305252611e-05,3.85371305252611e-05,3.85371305252611e-05,3.85371305252611e-05,3.85371305252611e-05,3.85371305252611e-05,3.85371305252611e-05,3.85371305252611e-05,3.85371305252611e-05,3.85371305252611e-05,3.85371305252611e-05,3.85371305252611e-05,3.85371305252611e-05,3.85371305252611e-05,3.85371305252611e-05,3.85371305252611e-05,3.85371305252611e-05,3.85371305252611e-05,3.85371305252611e-05,3.85371305252611e-05,3.85371305252611e-05,3.85371305252611e-05,3.85371305252611e-05,3.85371305252611e-05,3.85371305252611e-05,3.85371305252611e-05,3.85371305252611e-05,3.85371305252611e-05,3.85371305252611e-05,3.85371305252611e-05,3.85371305252611e-05,3.85371305252611e-05,3.85371305252611e-05,3.85371305252611e-05,3.85371305252611e-05,3.85371305252611e-05,3.85371305252611e-05
3.85371305252611e-05,3.85371305252611e-05,3.85371305252611e-05,3.85371305252611e-05,3.85371305252611e-05,3.85371305252611e-05,3.85371305252611e-05,3.85371305252611e-05,3.85371305252611e-05,3.85371305252611e-05,3.85371305252611e-05,3.85371305252611e-05,3.85371305252611e-05,3.85371305252611e-05,3.85371305252611e-05,3.85371305252611e-05,3.85371305252611e-05,3.85371305252611e-05,3.85371305252611e-05,3.85371305252611e-05,3.85371305252611e-05,3.85371305252611e-05,3.85371305252611e-05,3.85371305252611e-05,3.85371305252611e-05,3.85371305252611e-05,3.85371305252611e-05,3.85371305252611e-05,3.85371305252611e-05,3.85371305252611e-05,3.85371305252611e-05,3.85371305252611e-05,3.85371305252611e-05,3.85371305252611e-05,3.85371305252611e-05,3.85371305252611e-05,3.85371305252611e-05,3.85371305252611e-05,3.85371305252611e-05,3.85371305252611e-05,3.85371305252611e-05,3.85371305252611e-05,3.85371305252611e-05,3.85371305252611e-05,3.85371305252611e-05,3.85371305252611e-05,3.85371305252611e-05,3.85371305252611e-05,3.85371305252611e-05,3.85371305252611e-05,3.85371305252611e-05,3.85371305252611e-05,3.85371305252611e-05,3.85371305252611e-05,3.85371305252611e-05,3.85371305252611e-05,3.85371305252611e-05,3.85371305252611e-05,3.85371305252611e-05,3.85371305252611e-05,3.85371305252611e-05,3.85371305252611e-05,3.85371305252611e-05,3.85371305252611e-05,3.85371305252611e-05,3.85371305252611e-05,3.85371305252611e-05,3.85371305252611e-05,3.85371305252611e-05,3.85371305252611e-05,3.85371305252611e-05,3.85371305252611e-05,3.85371305252611e-05,3.85371305252611e-05,3.85371305252611e-05,3.85371305252611e-05,3.85371305252611e-05,3.85371305252611e-05,3.85371305252611e-05,3.85371305252611e-05,3.85371305252611e-05,3.85371305252611e-05,3.85371305252611e-05,3.85371305252611e-05,3.85371305252611e-05,3.85371305252611e-05,3.85371305252611e-05,3.85371305252611e-05,3.85371305252611e-05,3.85371305252611e-05,3.85371305252611e-05,3.85371305252611e-05,3.85371305252611e-05,3.85371305252611e-05,3.85371305252611e-05,3.85371305252611e-05,3.85371305252611e-05,3.85371305252611e-05,3.85371305252611e-05,3.85371305252611e-05
3.85371305252611e-05,3.85371305252611e-05,3.85371305252611e-05,3.85371305252611e-05,3.85371305252611e-05,3.85371305252611e-05,3.85371305252611e-05,3.85371305252611e-05,3.85371305252611e-05,3.85371305252611e-05,3.85371305252611e-05,3.85371305252611e-05,3.85371305252611e-05,3.85371305252611e-05,3.85371305252611e-05,3.85371305252611e-05,3.85371305252611e-05,3.85371305252611e-05,3.85371305252611e-05,3.85371305252611e-05,3.85371305252611e-05,3.85371305252611e-05,3.85371305252611e-05,3.85371305252611e-05,3.85371305252611e-05,3.85371305252611e-05,3.85371305252611e-05,3.85371305252611e-05,3.85371305252611e-05,3.85371305252611e-05,3.85371305252611e-05,3.85371305252611e-05,3.85371305252611e-05,3.85371305252611e-05,3.85371305252611e-05,3.85371305252611e-05,3.85371305252611e-05,3.85371305252611e-05,3.85371305252611e-05,3.85371305252611e-05,3.85371305252611e-05,3.85371305252611e-05,3.85371305252611e-05,3.85371305252611e-05,3.85371305252611e-05,3.85371305252611e-05,3.85371305252611e-05,3.85371305252611e-05,3.85371305252611e-05,3.85371305252611e-05,3.85371305252611e-05,3.85371305252611e-05,3.85371305252611e-05,3.85371305252611e-05,3.85371305252611e-05,3.85371305252611e-05,3.85371305252611e-05,3.85371305252611e-05,3.85371305252611e-05,3.85371305252611e-05,3.85371305252611e-05,3.85371305252611e-05,3.85371305252611e-05,3.85371305252611e-05,3.85371305252611e-05,3.85371305252611e-05,3.85371305252611e-05,3.85371305252611e-05,3.85371305252611e-05,3.85371305252611e-05,3.85371305252611e-05,3.85371305252611e-05,3.85371305252611e-05,3.85371305252611e-05,3.85371305252611e-05,3.85371305252611e-05,3.85371305252611e-05,3.85371305252611e-05,3.85371305252611e-05,3.85371305252611e-05,3.85371305252611e-05,3.85371305252611e-05,3.85371305252611e-05,3.85371305252611e-05,3.85371305252611e-05,3.85371305252611e-05,3.85371305252611e-05,3.85371305252611e-05,3.85371305252611e-05,3.85371305252611e-05,3.85371305252611e-05,3.85371305252611e-05,3.85371305252611e-05,3.85371305252611e-05,3.85371305252611e-05,3.85371305252611e-05,3.85371305252611e-05,3.85371305252611e-05,3.85371305252611e-05,3.85371305252611e-05
3.85371305252611e-05,3.85371305252611e-05,3.85371305252611e-05,3.85371305252611e-05,3.85371305252611e-05,3.85371305252611e-05,3.85371305252611e-05,3.85371305252611e-05,3.85371305252611e-05,3.85371305252611e-05,3.85371305252611e-05,3.85371305252611e-05,3.85371305252611e-05,3.85371305252611e-05,3.85371305252611e-05,3.85371305252611e-05,3.85371305252611e-05,3.85371305252611e-05,3.85371305252611e-05,3.85371305252611e-05,3.85371305252611e-05,3.85371305252611e-05,3.85371305252611e-05,3.85371305252611e-05,3.85371305252611e-05,3.85371305252611e-05,3.85371305252611e-05,3.85371305252611e-05,3.85371305252611e-05,3.85371305252611e-05,3.85371305252611e-05,3.85371305252611e-05,3.85371305252611e-05,3.85371305252611e-05,3.85371305252611e-05,3.85371305252611e-05,3.85371305252611e-05,3.85371305252611e-05,3.85371305252611e-05,3.85371305252611e-05,3.85371305252611e-05,3.85371305252611e-05,3.85371305252611e-05,3.85371305252611e-05,3.85371305252611e-05,3.85371305252611e-05,3.85371305252611e-05,3.85371305252611e-05,3.85371305252611e-05,3.85371305252611e-05,3.85371305252611e-05,3.85371305252611e-05,3.85371305252611e-05,3.85371305252611e-05,3.85371305252611e-05,3.85371305252611e-05,3.85371305252611e-05,3.85371305252611e-05,3.85371305252611e-05,3.85371305252611e-05,3.85371305252611e-05,3.85371305252611e-05,3.85371305252611e-05,3.85371305252611e-05,3.85371305252611e-05,3.85371305252611e-05,3.85371305252611e-05,3.85371305252611e-05,3.85371305252611e-05,3.85371305252611e-05,3.85371305252611e-05,3.85371305252611e-05,3.85371305252611e-05,3.85371305252611e-05,3.85371305252611e-05,3.85371305252611e-05,3.85371305252611e-05,3.85371305252611e-05,3.85371305252611e-05,3.85371305252611e-05,3.85371305252611e-05,3.85371305252611e-05,3.85371305252611e-05,3.85371305252611e-05,3.85371305252611e-05,3.85371305252611e-05,3.85371305252611e-05,3.85371305252611e-05,3.85371305252611e-05,3.85371305252611e-05,3.85371305252611e-05,3.85371305252611e-05,3.85371305252611e-05,3.85371305252611e-05,3.85371305252611e-05,3.85371305252611e-05,3.85371305252611e-05,3.85371305252611e-05,3.85371305252611e-05,3.85371305252611e-05
3.85371305252611e-05,3.85371305252611e-05,3.85371305252611e-05,3.85371305252611e-05,3.85371305252611e-05,3.85371305252611e-05,3.85371305252611e-05,3.85371305252611e-05,3.85371305252611e-05,3.85371305252611e-05,3.85371305252611e-05,3.85371305252611e-05,3.85371305252611e-05,3.85371305252611e-05,3.85371305252611e-05,3.85371305252611e-05,3.85371305252611e-05,3.85371305252611e-05,3.85371305252611e-05,3.85371305252611e-05,3.85371305252611e-05,3.85371305252611e-05,3.85371305252611e-05,3.85371305252611e-05,3.85371305252611e-05,3.85371305252611e-05,3.85371305252611e-05,3.85371305252611e-05,3.85371305252611e-05,3.85371305252611e-05,3.85371305252611e-05,3.85371305252611e-05,3.85371305252611e-05,3.85371305252611e-05,3.85371305252611e-05,3.85371305252611e-05,3.85371305252611e-05,3.85371305252611e-05,3.85371305252611e-05,3.85371305252611e-05,3.85371305252611e-05,3.85371305252611e-05,3.85371305252611e-05,3.85371305252611e-05,3.85371305252611e-05,3.85371305252611e-05,3.85371305252611e-05,3.85371305252611e-05,3.85371305252611e-05,3.85371305252611e-05,3.85371305252611e-05,3.85371305252611e-05,3.85371305252611e-05,3.85371305252611e-05,3.85371305252611e-05,3.85371305252611e-05,3.85371305252611e-05,3.85371305252611e-05,3.85371305252611e-05,3.85371305252611e-05,3.85371305252611e-05,3.85371305252611e-05,3.85371305252611e-05,3.85371305252611e-05,3.85371305252611e-05,3.85371305252611e-05,3.85371305252611e-05,3.85371305252611e-05,3.85371305252611e-05,3.85371305252611e-05,3.85371305252611e-05,3.85371305252611e-05,3.85371305252611e-05,3.85371305252611e-05,3.85371305252611e-05,3.85371305252611e-05,3.85371305252611e-05,3.85371305252611e-05,3.85371305252611e-05,3.85371305252611e-05,3.85371305252611e-05,3.85371305252611e-05,3.85371305252611e-05,3.85371305252611e-05,3.85371305252611e-05,3.85371305252611e-05,3.85371305252611e-05,3.85371305252611e-05,3.85371305252611e-05,3.85371305252611e-05,3.85371305252611e-05,3.85371305252611e-05,3.85371305252611e-05,3.85371305252611e-05,3.85371305252611e-05,3.85371305252611e-05,3.85371305252611e-05,3.85371305252611e-05,3.85371305252611e-05,3.85371305252611e-05
3.85371305252611e-05,3.85371305252611e-05,3.85371305252611e-05,3.85371305252611e-05,3.85371305252611e-05,3.85371305252611e-05,3.85371305252611e-05,3.85371305252611e-05,3.85371305252611e-05,3.85371305252611e-05,3.85371305252611e-05,3.85371305252611e-05,3.85371305252611e-05,3.85371305252611e-05,3.85371305252611e-05,3.85371305252611e-05,3.85371305252611e-05,3.85371305252611e-05,3.85371305252611e-05,3.85371305252611e-05,3.85371305252611e-05,3.85371305252611e-05,3.85371305252611e-05,3.85371305252611e-05,3.85371305252611e-05,3.85371305252611e-05,3.85371305252611e-05,3.85371305252611e-05,3.85371305252611e-05,3.85371305252611e-05,3.85371305252611e-05,3.85371305252611e-05,3.85371305252611e-05,3.85371305252611e-05,3.85371305252611e-05,3.85371305252611e-05,3.85371305252611e-05,3.85371305252611e-05,3.85371305252611e-05,3.85371305252611e-05,3.85371305252611e-05,3.85371305252611e-05,3.85371305252611e-05,3.85371305252611e-05,3.85371305252611e-05,3.85371305252611e-05,3.85371305252611e-05,3.85371305252611e-05,3.85371305252611e-05,3.85371305252611e-05,3.85371305252611e-05,3.85371305252611e-05,3.85371305252611e-05,3.85371305252611e-05,3.85371305252611e-05,3.85371305252611e-05,3.85371305252611e-05,3.85371305252611e-05,3.85371305252611e-05,3.85371305252611e-05,3.85371305252611e-05,3.85371305252611e-05,3.85371305252611e-05,3.85371305252611e-05,3.85371305252611e-05,3.85371305252611e-05,3.85371305252611e-05,3.85371305252611e-05,3.85371305252611e-05,3.85371305252611e-05,3.85371305252611e-05,3.85371305252611e-05,3.85371305252611e-05,3.85371305252611e-05,3.85371305252611e-05,3.85371305252611e-05,3.85371305252611e-05,3.85371305252611e-05,3.85371305252611e-05,3.85371305252611e-05,3.85371305252611e-05,3.85371305252611e-05,3.85371305252611e-05,3.85371305252611e-05,3.85371305252611e-05,3.85371305252611e-05,3.85371305252611e-05,3.85371305252611e-05,3.85371305252611e-05,3.85371305252611e-05,3.85371305252611e-05,3.85371305252611e-05,3.85371305252611e-05,3.85371305252611e-05,3.85371305252611e-05,3.85371305252611e-05,3.85371305252611e-05,3.85371305252611e-05,3.85371305252611e-05,3.85371305252611e-05
3.85371305252611e-05,3.85371305252611e-05,3.85371305252611e-05,3.85371305252611e-05,3.85371305252611e-05,3.85371305252611e-05,3.85371305252611e-05,3.85371305252611e-05,3.85371305252611e-05,3.85371305252611e-05,3.85371305252611e-05,3.85371305252611e-05,3.85371305252611e-05,3.85371305252611e-05,3.85371305252611e-05,3.85371305252611e-05,3.85371305252611e-05,3.85371305252611e-05,3.85371305252611e-05,3.85371305252611e-05,3.85371305252611e-05,3.85371305252611e-05,3.85371305252611e-05,3.85371305252611e-05,3.85371305252611e-05,3.85371305252611e-05,3.85371305252611e-05,3.85371305252611e-05,3.85371305252611e-05,3.85371305252611e-05,3.85371305252611e-05,3.85371305252611e-05,3.85371305252611e-05,3.85371305252611e-05,3.85371305252611e-05,3.85371305252611e-05,3.85371305252611e-05,3.85371305252611e-05,3.85371305252611e-05,3.85371305252611e-05,3.85371305252611e-05,3.85371305252611e-05,3.85371305252611e-05,3.85371305252611e-05,3.85371305252611e-05,3.85371305252611e-05,3.85371305252611e-05,3.85371305252611e-05,3.85371305252611e-05,3.85371305252611e-05,3.85371305252611e-05,3.85371305252611e-05,3.85371305252611e-05,3.85371305252611e-05,3.85371305252611e-05,3.85371305252611e-05,3.85371305252611e-05,3.85371305252611e-05,3.85371305252611e-05,3.85371305252611e-05,3.85371305252611e-05,3.85371305252611e-05,3.85371305252611e-05,3.85371305252611e-05,3.85371305252611e-05,3.85371305252611e-05,3.85371305252611e-05,3.85371305252611e-05,3.85371305252611e-05,3.85371305252611e-05,3.85371305252611e-05,3.85371305252611e-05,3.85371305252611e-05,3.85371305252611e-05,3.85371305252611e-05,3.85371305252611e-05,3.85371305252611e-05,3.85371305252611e-05,3.85371305252611e-05,3.85371305252611e-05,3.85371305252611e-05,3.85371305252611e-05,3.85371305252611e-05,3.85371305252611e-05,3.85371305252611e-05,3.85371305252611e-05,3.85371305252611e-05,3.85371305252611e-05,3.85371305252611e-05,3.85371305252611e-05,3.85371305252611e-05,3.85371305252611e-05,3.85371305252611e-05,3.85371305252611e-05,3.85371305252611e-05,3.85371305252611e-05,3.85371305252611e-05,3.85371305252611e-05,3.85371305252611e-05,3.85371305252611e-05
3.85371305252611e-05,3.85371305252611e-05,3.85371305252611e-05,3.85371305252611e-05,3.85371305252611e-05,3.85371305252611e-05,3.85371305252611e-05,3.85371305252611e-05,3.85371305252611e-05,3.85371305252611e-05,3.85371305252611e-05,3.85371305252611e-05,3.85371305252611e-05,3.85371305252611e-05,3.85371305252611e-05,3.85371305252611e-05,3.85371305252611e-05,3.85371305252611e-05,3.85371305252611e-05,3.85371305252611e-05,3.85371305252611e-05,3.85371305252611e-05,3.85371305252611e-05,3.85371305252611e-05,3.85371305252611e-05,3.85371305252611e-05,3.85371305252611e-05,3.85371305252611e-05,3.85371305252611e-05,3.85371305252611e-05,3.85371305252611e-05,3.85371305252611e-05,3.85371305252611e-05,3.85371305252611e-05,3.85371305252611e-05,3.85371305252611e-05,3.85371305252611e-05,3.85371305252611e-05,3.85371305252611e-05,3.85371305252611e-05,3.85371305252611e-05,3.85371305252611e-05,3.85371305252611e-05,3.85371305252611e-05,3.85371305252611e-05,3.85371305252611e-05,3.85371305252611e-05,3.85371305252611e-05,3.85371305252611e-05,3.85371305252611e-05,3.85371305252611e-05,3.85371305252611e-05,3.85371305252611e-05,3.85371305252611e-05,3.85371305252611e-05,3.85371305252611e-05,3.85371305252611e-05,3.85371305252611e-05,3.85371305252611e-05,3.85371305252611e-05,3.85371305252611e-05,3.85371305252611e-05,3.85371305252611e-05,3.85371305252611e-05,3.85371305252611e-05,3.85371305252611e-05,3.85371305252611e-05,3.85371305252611e-05,3.85371305252611e-05,3.85371305252611e-05,3.85371305252611e-05,3.85371305252611e-05,3.85371305252611e-05,3.85371305252611e-05,3.85371305252611e-05,3.85371305252611e-05,3.85371305252611e-05,3.85371305252611e-05,3.85371305252611e-05,3.85371305252611e-05,3.85371305252611e-05,3.85371305252611e-05,3.85371305252611e-05,3.85371305252611e-05,3.85371305252611e-05,3.85371305252611e-05,3.85371305252611e-05,3.85371305252611e-05,3.85371305252611e-05,3.85371305252611e-05,3.85371305252611e-05,3.85371305252611e-05,3.85371305252611e-05,3.85371305252611e-05,3.85371305252611e-05,3.85371305252611e-05,3.85371305252611e-05,3.85371305252611e-05,3.85371305252611e-05,3.85371305252611e-05
3.85371305252611e-05,3.85371305252611e-05,3.85371305252611e-05,3.85371305252611e-05,3.85371305252611e-05,3.85371305252611e-05,3.85371305252611e-05,3.85371305252611e-05,3.85371305252611e-05,3.85371305252611e-05,3.85371305252611e-05,3.85371305252611e-05,3.85371305252611e-05,3.85371305252611e-05,3.85371305252611e-05,3.85371305252611e-05,3.85371305252611e-05,3.85371305252611e-05,3.85371305252611e-05,3.85371305252611e-05,3.85371305252611e-05,3.85371305252611e-05,3.85371305252611e-05,3.85371305252611e-05,3.85371305252611e-05,3.85371305252611e-05,3.85371305252611e-05,3.85371305252611e-05,3.85371305252611e-05,3.85371305252611e-05,3.85371305252611e-05,3.85371305252611e-05,3.85371305252611e-05,3.85371305252611e-05,3.85371305252611e-05,3.85371305252611e-05,3.85371305252611e-05,3.85371305252611e-05,3.85371305252611e-05,3.85371305252611e-05,3.85371305252611e-05,3.85371305252611e-05,3.85371305252611e-05,3.85371305252611e-05,3.85371305252611e-05,3.85371305252611e-05,3.85371305252611e-05,3.85371305252611e-05,3.85371305252611e-05,3.85371305252611e-05,3.85371305252611e-05,3.85371305252611e-05,3.85371305252611e-05,3.85371305252611e-05,3.85371305252611e-05,3.85371305252611e-05,3.85371305252611e-05,3.85371305252611e-05,3.85371305252611e-05,3.85371305252611e-05,3.85371305252611e-05,3.85371305252611e-05,3.85371305252611e-05,3.85371305252611e-05,3.85371305252611e-05,3.85371305252611e-05,3.85371305252611e-05,3.85371305252611e-05,3.85371305252611e-05,3.85371305252611e-05,3.85371305252611e-05,3.85371305252611e-05,3.85371305252611e-05,3.85371305252611e-05,3.85371305252611e-05,3.85371305252611e-05,3.85371305252611e-05,3.85371305252611e-05,3.85371305252611e-05,3.85371305252611e-05,3.85371305252611e-05,3.85371305252611e-05,3.85371305252611e-05,3.85371305252611e-05,3.85371305252611e-05,3.85371305252611e-05,3.85371305252611e-05,3.85371305252611e-05,3.85371305252611e-05,3.85371305252611e-05,3.85371305252611e-05,3.85371305252611e-05,3.85371305252611e-05,3.85371305252611e-05,3.85371305252611e-05,3.85371305252611e-05,3.85371305252611e-05,3.85371305252611e-05,3.85371305252611e-05,3.85371305252611e-05
3.85371305252611e-05,3.85371305252611e-05,3.85371305252611e-05,3.85371305252611e-05,3.85371305252611e-05,3.85371305252611e-05,3.85371305252611e-05,3.85371305252611e-05,3.85371305252611e-05,3.85371305252611e-05,3.85371305252611e-05,3.85371305252611e-05,3.85371305252611e-05,3.85371305252611e-05,3.85371305252611e-05,3.85371305252611e-05,3.85371305252611e-05,3.85371305252611e-05,3.85371305252611e-05,3.85371305252611e-05,3.85371305252611e-05,3.85371305252611e-05,3.85371305252611e-05,3.85371305252611e-05,3.85371305252611e-05,3.85371305252611e-05,3.85371305252611e-05,3.85371305252611e-05,3.85371305252611e-05,3.85371305252611e-05,3.85371305252611e-05,3.85371305252611e-05,3.85371305252611e-05,3.85371305252611e-05,3.85371305252611e-05,3.85371305252611e-05,3.85371305252611e-05,3.85371305252611e-05,3.85371305252611e-05,3.85371305252611e-05,3.85371305252611e-05,3.85371305252611e-05,3.85371305252611e-05,3.85371305252611e-05,3.85371305252611e-05,3.85371305252611e-05,3.85371305252611e-05,3.85371305252611e-05,3.85371305252611e-05,3.85371305252611e-05,3.85371305252611e-05,3.85371305252611e-05,3.85371305252611e-05,3.85371305252611e-05,3.85371305252611e-05,3.85371305252611e-05,3.85371305252611e-05,3.85371305252611e-05,3.85371305252611e-05,3.85371305252611e-05,3.85371305252611e-05,3.85371305252611e-05,3.85371305252611e-05,3.85371305252611e-05,3.85371305252611e-05,3.85371305252611e-05,3.85371305252611e-05,3.85371305252611e-05,3.85371305252611e-05,3.85371305252611e-05,3.85371305252611e-05,3.85371305252611e-05,3.85371305252611e-05,3.85371305252611e-05,3.85371305252611e-05,3.85371305252611e-05,3.85371305252611e-05,3.85371305252611e-05,3.85371305252611e-05,3.85371305252611e-05,3.85371305252611e-05,3.85371305252611e-05,3.85371305252611e-05,3.85371305252611e-05,3.85371305252611e-05,3.85371305252611e-05,3.85371305252611e-05,3.85371305252611e-05,3.85371305252611e-05,3.85371305252611e-05,3.85371305252611e-05,3.85371305252611e-05,3.85371305252611e-05,3.85371305252611e-05,3.85371305252611e-05,3.85371305252611e-05,3.85371305252611e-05,3.85371305252611e-05,3.85371305252611e-05,3.85371305252611e-05
3.85371305252611e-05,3.85371305252611e-05,3.85371305252611e-05,3.85371305252611e-05,3.85371305252611e-05,3.85371305252611e-05,3.85371305252611e-05,3.85371305252611e-05,3.85371305252611e-05,3.85371305252611e-05,3.85371305252611e-05,3.85371305252611e-05,3.85371305252611e-05,3.85371305252611e-05,3.85371305252611e-05,3.85371305252611e-05,3.85371305252611e-05,3.85371305252611e-05,3.85371305252611e-05,3.85371305252611e-05,3.85371305252611e-05,3.85371305252611e-05,3.85371305252611e-05,3.85371305252611e-05,3.85371305252611e-05,3.85371305252611e-05,3.85371305252611e-05,3.85371305252611e-05,3.85371305252611e-05,3.85371305252611e-05,3.85371305252611e-05,3.85371305252611e-05,3.85371305252611e-05,3.85371305252611e-05,3.85371305252611e-05,3.85371305252611e-05,3.85371305252611e-05,3.85371305252611e-05,3.85371305252611e-05,3.85371305252611e-05,3.85371305252611e-05,3.85371305252611e-05,3.85371305252611e-05,3.85371305252611e-05,3.85371305252611e-05,3.85371305252611e-05,3.85371305252611e-05,3.85371305252611e-05,3.85371305252611e-05,3.85371305252611e-05,3.85371305252611e-05,3.85371305252611e-05,3.85371305252611e-05,3.85371305252611e-05,3.85371305252611e-05,3.85371305252611e-05,3.85371305252611e-05,3.85371305252611e-05,3.85371305252611e-05,3.85371305252611e-05,3.85371305252611e-05,3.85371305252611e-05,3.85371305252611e-05,3.85371305252611e-05,3.85371305252611e-05,3.85371305252611e-05,3.85371305252611e-05,3.85371305252611e-05,3.85371305252611e-05,3.85371305252611e-05,3.85371305252611e-05,3.85371305252611e-05,3.85371305252611e-05,3.85371305252611e-05,3.85371305252611e-05,3.85371305252611e-05,3.85371305252611e-05,3.85371305252611e-05,3.85371305252611e-05,3.85371305252611e-05,3.85371305252611e-05,3.85371305252611e-05,3.85371305252611e-05,3.85371305252611e-05,3.85371305252611e-05,3.85371305252611e-05,3.85371305252611e-05,3.85371305252611e-05,3.85371305252611e-05,3.85371305252611e-05,3.85371305252611e-05,3.85371305252611e-05,3.85371305252611e-05,3.85371305252611e-05,3.85371305252611e-05,3.85371305252611e-05,3.85371305252611e-05,3.85371305252611e-05,3.85371305252611e-05,3.85371305252611e-05
3.85371305252611e-05,3.85371305252611e-05,3.85371305252611e-05,3.85371305252611e-05,3.85371305252611e-05,3.85371305252611e-05,3.85371305252611e-05,3.85371305252611e-05,3.85371305252611e-05,3.85371305252611e-05,3.85371305252611e-05,3.85371305252611e-05,3.85371305252611e-05,3.85371305252611e-05,3.85371305252611e-05,3.85371305252611e-05,3.85371305252611e-05,3.85371305252611e-05,3.85371305252611e-05,3.85371305252611e-05,3.85371305252611e-05,3.85371305252611e-05,3.85371305252611e-05,3.85371305252611e-05,3.85371305252611e-05,3.85371305252611e-05,3.85371305252611e-05,3.85371305252611e-05,3.85371305252611e-05,3.85371305252611e-05,3.85371305252611e-05,3.85371305252611e-05,3.85371305252611e-05,3.85371305252611e-05,3.85371305252611e-05,3.85371305252611e-05,3.85371305252611e-05,3.85371305252611e-05,3.85371305252611e-05,3.85371305252611e-05,3.85371305252611e-05,3.85371305252611e-05,3.85371305252611e-05,3.85371305252611e-05,3.85371305252611e-05,3.85371305252611e-05,3.85371305252611e-05,3.85371305252611e-05,3.85371305252611e-05,3.85371305252611e-05,3.85371305252611e-05,3.85371305252611e-05,3.85371305252611e-05,3.85371305252611e-05,3.85371305252611e-05,3.85371305252611e-05,3.85371305252611e-05,3.85371305252611e-05,3.85371305252611e-05,3.85371305252611e-05,3.85371305252611e-05,3.85371305252611e-05,3.85371305252611e-05,3.85371305252611e-05,3.85371305252611e-05,3.85371305252611e-05,3.85371305252611e-05,3.85371305252611e-05,3.85371305252611e-05,3.85371305252611e-05,3.85371305252611e-05,3.85371305252611e-05,3.85371305252611e-05,3.85371305252611e-05,3.85371305252611e-05,3.85371305252611e-05,3.85371305252611e-05,3.85371305252611e-05,3.85371305252611e-05,3.85371305252611e-05,3.85371305252611e-05,3.85371305252611e-05,3.85371305252611e-05,3.85371305252611e-05,3.85371305252611e-05,3.85371305252611e-05,3.85371305252611e-05,3.85371305252611e-05,3.85371305252611e-05,3.85371305252611e-05,3.85371305252611e-05,3.85371305252611e-05,3.85371305252611e-05,3.85371305252611e-05,3.85371305252611e-05,3.85371305252611e-05,3.85371305252611e-05,3.85371305252611e-05,3.85371305252611e-05,3.85371305252611e-05
3.85371305252611e-05,3.85371305252611e-05,3.85371305252611e-05,3.85371305252611e-05,3.85371305252611e-05,3.85371305252611e-05,3.85371305252611e-05,3.85371305252611e-05,3.85371305252611e-05,3.85371305252611e-05,3.85371305252611e-05,3.85371305252611e-05,3.85371305252611e-05,3.85371305252611e-05,3.85371305252611e-05,3.85371305252611e-05,3.85371305252611e-05,3.85371305252611e-05,3.85371305252611e-05,3.85371305252611e-05,3.85371305252611e-05,3.85371305252611e-05,3.85371305252611e-05,3.85371305252611e-05,3.85371305252611e-05,3.85371305252611e-05,3.85371305252611e-05,3.85371305252611e-05,3.85371305252611e-05,3.85371305252611e-05,3.85371305252611e-05,3.85371305252611e-05,3.85371305252611e-05,3.85371305252611e-05,3.85371305252611e-05,3.85371305252611e-05,3.85371305252611e-05,3.85371305252611e-05,3.85371305252611e-05,3.85371305252611e-05,3.85371305252611e-05,3.85371305252611e-05,3.85371305252611e-05,3.85371305252611e-05,3.85371305252611e-05,3.85371305252611e-05,3.85371305252611e-05,3.85371305252611e-05,3.85371305252611e-05,3.85371305252611e-05,3.85371305252611e-05,3.85371305252611e-05,3.85371305252611e-05,3.85371305252611e-05,3.85371305252611e-05,3.85371305252611e-05,3.85371305252611e-05,3.85371305252611e-05,3.85371305252611e-05,3.85371305252611e-05,3.85371305252611e-05,3.85371305252611e-05,3.85371305252611e-05,3.85371305252611e-05,3.85371305252611e-05,3.85371305252611e-05,3.85371305252611e-05,3.85371305252611e-05,3.85371305252611e-05,3.85371305252611e-05,3.85371305252611e-05,3.85371305252611e-05,3.85371305252611e-05,3.85371305252611e-05,3.85371305252611e-05,3.85371305252611e-05,3.85371305252611e-05,3.85371305252611e-05,3.85371305252611e-05,3.85371305252611e-05,3.85371305252611e-05,3.85371305252611e-05,3.85371305252611e-05,3.85371305252611e-05,3.85371305252611e-05,3.85371305252611e-05,3.85371305252611e-05,3.85371305252611e-05,3.85371305252611e-05,3.85371305252611e-05,3.85371305252611e-05,3.85371305252611e-05,3.85371305252611e-05,3.85371305252611e-05,3.85371305252611e-05,3.85371305252611e-05,3.85371305252611e-05,3.85371305252611e-05,3.85371305252611e-05,3.85371305252611e-05
3.85371305252611e-05,3.85371305252611e-05,3.85371305252611e-05,3.85371305252611e-05,3.85371305252611e-05,3.85371305252611e-05,3.85371305252611e-05,3.85371305252611e-05,3.85371305252611e-05,3.85371305252611e-05,3.85371305252611e-05,3.85371305252611e-05,3.85371305252611e-05,3.85371305252611e-05,3.85371305252611e-05,3.85371305252611e-05,3.85371305252611e-05,3.85371305252611e-05,3.85371305252611e-05,3.85371305252611e-05,3.85371305252611e-05,3.85371305252611e-05,3.85371305252611e-05,3.85371305252611e-05,3.85371305252611e-05,3.85371305252611e-05,3.85371305252611e-05,3.85371305252611e-05,3.85371305252611e-05,3.85371305252611e-05,3.85371305252611e-05,3.85371305252611e-05,3.85371305252611e-05,3.85371305252611e-05,3.85371305252611e-05,3.85371305252611e-05,3.85371305252611e-05,3.85371305252611e-05,3.85371305252611e-05,3.85371305252611e-05,3.85371305252611e-05,3.85371305252611e-05,3.85371305252611e-05,3.85371305252611e-05,3.85371305252611e-05,3.85371305252611e-05,3.85371305252611e-05,3.85371305252611e-05,3.85371305252611e-05,3.85371305252611e-05,3.85371305252611e-05,3.85371305252611e-05,3.85371305252611e-05,3.85371305252611e-05,3.85371305252611e-05,3.85371305252611e-05,3.85371305252611e-05,3.85371305252611e-05,3.85371305252611e-05,3.85371305252611e-05,3.85371305252611e-05,3.85371305252611e-05,3.85371305252611e-05,3.85371305252611e-05,3.85371305252611e-05,3.85371305252611e-05,3.85371305252611e-05,3.85371305252611e-05,3.85371305252611e-05,3.85371305252611e-05,3.85371305252611e-05,3.85371305252611e-05,3.85371305252611e-05,3.85371305252611e-05,3.85371305252611e-05,3.85371305252611e-05,3.85371305252611e-05,3.85371305252611e-05,3.85371305252611e-05,3.85371305252611e-05,3.85371305252611e-05,3.85371305252611e-05,3.85371305252611e-05,3.85371305252611e-05,3.85371305252611e-05,3.85371305252611e-05,3.85371305252611e-05,3.85371305252611e-05,3.85371305252611e-05,3.85371305252611e-05,3.85371305252611e-05,3.85371305252611e-05,3.85371305252611e-05,3.85371305252611e-05,3.85371305252611e-05,3.85371305252611e-05,3.85371305252611e-05,3.85371305252611e-05,3.85371305252611e-05,3.85371305252611e-05
3.85371305252611e-05,3.85371305252611e-05,3.85371305252611e-05,3.85371305252611e-05,3.85371305252611e-05,3.85371305252611e-05,3.85371305252611e-05,3.85371305252611e-05,3.85371305252611e-05,3.85371305252611e-05,3.85371305252611e-05,3.85371305252611e-05,3.85371305252611e-05,3.85371305252611e-05,3.85371305252611e-05,3.85371305252611e-05,3.85371305252611e-05,3.85371305252611e-05,3.85371305252611e-05,3.85371305252611e-05,3.85371305252611e-05,3.85371305252611e-05,3.85371305252611e-05,3.85371305252611e-05,3.85371305252611e-05,3.85371305252611e-05,3.85371305252611e-05,3.85371305252611e-05,3.85371305252611e-05,3.85371305252611e-05,3.85371305252611e-05,3.85371305252611e-05,3.85371305252611e-05,3.85371305252611e-05,3.85371305252611e-05,3.85371305252611e-05,3.85371305252611e-05,3.85371305252611e-05,3.85371305252611e-05,3.85371305252611e-05,3.85371305252611e-05,3.85371305252611e-05,3.85371305252611e-05,3.85371305252611e-05,3.85371305252611e-05,3.85371305252611e-05,3.85371305252611e-05,3.85371305252611e-05,3.85371305252611e-05,3.85371305252611e-05,3.85371305252611e-05,3.85371305252611e-05,3.85371305252611e-05,3.85371305252611e-05,3.85371305252611e-05,3.85371305252611e-05,3.85371305252611e-05,3.85371305252611e-05,3.85371305252611e-05,3.85371305252611e-05,3.85371305252611e-05,3.85371305252611e-05,3.85371305252611e-05,3.85371305252611e-05,3.85371305252611e-05,3.85371305252611e-05,3.85371305252611e-05,3.85371305252611e-05,3.85371305252611e-05,3.85371305252611e-05,3.85371305252611e-05,3.85371305252611e-05,3.85371305252611e-05,3.85371305252611e-05,3.85371305252611e-05,3.85371305252611e-05,3.85371305252611e-05,3.85371305252611e-05,3.85371305252611e-05,3.85371305252611e-05,3.85371305252611e-05,3.85371305252611e-05,3.85371305252611e-05,3.85371305252611e-05,3.85371305252611e-05,3.85371305252611e-05,3.85371305252611e-05,3.85371305252611e-05,3.85371305252611e-05,3.85371305252611e-05,3.85371305252611e-05,3.85371305252611e-05,3.85371305252611e-05,3.85371305252611e-05,3.85371305252611e-05,3.85371305252611e-05,3.85371305252611e-05,3.85371305252611e-05,3.85371305252611e-05,3.85371305252611e-05
3.85371305252611e-05,3.85371305252611e-05,3.85371305252611e-05,3.85371305252611e-05,3.85371305252611e-05,3.85371305252611e-05,3.85371305252611e-05,3.85371305252611e-05,3.85371305252611e-05,3.85371305252611e-05,3.85371305252611e-05,3.85371305252611e-05,3.85371305252611e-05,3.85371305252611e-05,3.85371305252611e-05,3.85371305252611e-05,3.85371305252611e-05,3.85371305252611e-05,3.85371305252611e-05,3.85371305252611e-05,3.85371305252611e-05,3.85371305252611e-05,3.85371305252611e-05,3.85371305252611e-05,3.85371305252611e-05,3.85371305252611e-05,3.85371305252611e-05,3.85371305252611e-05,3.85371305252611e-05,3.85371305252611e-05,3.85371305252611e-05,3.85371305252611e-05,3.85371305252611e-05,3.85371305252611e-05,3.85371305252611e-05,3.85371305252611e-05,3.85371305252611e-05,3.85371305252611e-05,3.85371305252611e-05,3.85371305252611e-05,3.85371305252611e-05,3.85371305252611e-05,3.85371305252611e-05,3.85371305252611e-05,3.85371305252611e-05,3.85371305252611e-05,3.85371305252611e-05,3.85371305252611e-05,3.85371305252611e-05,3.85371305252611e-05,3.85371305252611e-05,3.85371305252611e-05,3.85371305252611e-05,3.85371305252611e-05,3.85371305252611e-05,3.85371305252611e-05,3.85371305252611e-05,3.85371305252611e-05,3.85371305252611e-05,3.85371305252611e-05,3.85371305252611e-05,3.85371305252611e-05,3.85371305252611e-05,3.85371305252611e-05,3.85371305252611e-05,3.85371305252611e-05,3.85371305252611e-05,3.85371305252611e-05,3.85371305252611e-05,3.85371305252611e-05,3.85371305252611e-05,3.85371305252611e-05,3.85371305252611e-05,3.85371305252611e-05,3.85371305252611e-05,3.85371305252611e-05,3.85371305252611e-05,3.85371305252611e-05,3.85371305252611e-05,3.85371305252611e-05,3.85371305252611e-05,3.85371305252611e-05,3.85371305252611e-05,3.85371305252611e-05,3.85371305252611e-05,3.85371305252611e-05,3.85371305252611e-05,3.85371305252611e-05,3.85371305252611e-05,3.85371305252611e-05,3.85371305252611e-05,3.85371305252611e-05,3.85371305252611e-05,3.85371305252611e-05,3.85371305252611e-05,3.85371305252611e-05,3.85371305252611e-05,3.85371305252611e-05,3.85371305252611e-05,3.85371305252611e-05
3.85371305252611e-05,3.85371305252611e-05,3.85371305252611e-05,3.85371305252611e-05,3.85371305252611e-05,3.85371305252611e-05,3.85371305252611e-05,3.85371305252611e-05,3.85371305252611e-05,3.85371305252611e-05,3.85371305252611e-05,3.85371305252611e-05,3.85371305252611e-05,3.85371305252611e-05,3.85371305252611e-05,3.85371305252611e-05,3.85371305252611e-05,3.85371305252611e-05,3.85371305252611e-05,3.85371305252611e-05,3.85371305252611e-05,3.85371305252611e-05,3.85371305252611e-05,3.85371305252611e-05,3.85371305252611e-05,3.85371305252611e-05,3.85371305252611e-05,3.85371305252611e-05,3.85371305252611e-05,3.85371305252611e-05,3.85371305252611e-05,3.85371305252611e-05,3.85371305252611e-05,3.85371305252611e-05,3.85371305252611e-05,3.85371305252611e-05,3.85371305252611e-05,3.85371305252611e-05,3.85371305252611e-05,3.85371305252611e-05,3.85371305252611e-05,3.85371305252611e-05,3.85371305252611e-05,3.85371305252611e-05,3.85371305252611e-05,3.85371305252611e-05,3.85371305252611e-05,3.85371305252611e-05,3.85371305252611e-05,3.85371305252611e-05,3.85371305252611e-05,3.85371305252611e-05,3.85371305252611e-05,3.85371305252611e-05,3.85371305252611e-05,3.85371305252611e-05,3.85371305252611e-05,3.85371305252611e-05,3.85371305252611e-05,3.85371305252611e-05,3.85371305252611e-05,3.85371305252611e-05,3.85371305252611e-05,3.85371305252611e-05,3.85371305252611e-05,3.85371305252611e-05,3.85371305252611e-05,3.85371305252611e-05,3.85371305252611e-05,3.85371305252611e-05,3.85371305252611e-05,3.85371305252611e-05,3.85371305252611e-05,3.85371305252611e-05,3.85371305252611e-05,3.85371305252611e-05,3.85371305252611e-05,3.85371305252611e-05,3.85371305252611e-05,3.85371305252611e-05,3.85371305252611e-05,3.85371305252611e-05,3.85371305252611e-05,3.85371305252611e-05,3.85371305252611e-05,3.85371305252611e-05,3.85371305252611e-05,3.85371305252611e-05,3.85371305252611e-05,3.85371305252611e-05,3.85371305252611e-05,3.85371305252611e-05,3.85371305252611e-05,3.85371305252611e-05,3.85371305252611e-05,3.85371305252611e-05,3.85371305252611e-05,3.85371305252611e-05,3.85371305252611e-05,3.85371305252611e-05
3.85371305252611e-05,3.85371305252611e-05,3.85371305252611e-05,3.85371305252611e-05,3.85371305252611e-05,3.85371305252611e-05,3.85371305252611e-05,3.85371305252611e-05,3.85371305252611e-05,3.85371305252611e-05,3.85371305252611e-05,3.85371305252611e-05,3.85371305252611e-05,3.85371305252611e-05,3.85371305252611e-05,3.85371305252611e-05,3.85371305252611e-05,3.85371305252611e-05,3.85371305252611e-05,3.85371305252611e-05,3.85371305252611e-05,3.85371305252611e-05,3.85371305252611e-05,3.85371305252611e-05,3.85371305252611e-05,3.85371305252611e-05,3.85371305252611e-05,3.85371305252611e-05,3.85371305252611e-05,3.85371305252611e-05,3.85371305252611e-05,3.85371305252611e-05,3.85371305252611e-05,3.85371305252611e-05,3.85371305252611e-05,3.85371305252611e-05,3.85371305252611e-05,3.85371305252611e-05,3.85371305252611e-05,3.85371305252611e-05,3.85371305252611e-05,3.85371305252611e-05,3.85371305252611e-05,3.85371305252611e-05,3.85371305252611e-05,3.85371305252611e-05,3.85371305252611e-05,3.85371305252611e-05,3.85371305252611e-05,3.85371305252611e-05,3.85371305252611e-05,3.85371305252611e-05,3.85371305252611e-05,3.85371305252611e-05,3.85371305252611e-05,3.85371305252611e-05,3.85371305252611e-05,3.85371305252611e-05,3.85371305252611e-05,3.85371305252611e-05,3.85371305252611e-05,3.85371305252611e-05,3.85371305252611e-05,3.85371305252611e-05,3.85371305252611e-05,3.85371305252611e-05,3.85371305252611e-05,3.85371305252611e-05,3.85371305252611e-05,3.85371305252611e-05,3.85371305252611e-05,3.85371305252611e-05,3.85371305252611e-05,3.85371305252611e-05,3.85371305252611e-05,3.85371305252611e-05,3.85371305252611e-05,3.85371305252611e-05,3.85371305252611e-05,3.85371305252611e-05,3.85371305252611e-05,3.85371305252611e-05,3.85371305252611e-05,3.85371305252611e-05,3.85371305252611e-05,3.85371305252611e-05,3.85371305252611e-05,3.85371305252611e-05,3.85371305252611e-05,3.85371305252611e-05,3.85371305252611e-05,3.85371305252611e-05,3.85371305252611e-05,3.85371305252611e-05,3.85371305252611e-05,3.85371305252611e-05,3.85371305252611e-05,3.85371305252611e-05,3.85371305252611e-05,3.85371305252611e-05
3.85371305252611e-05,3.85371305252611e-05,3.85371305252611e-05,3.85371305252611e-05,3.85371305252611e-05,3.85371305252611e-05,3.85371305252611e-05,3.85371305252611e-05,3.85371305252611e-05,3.85371305252611e-05,3.85371305252611e-05,3.85371305252611e-05,3.85371305252611e-05,3.85371305252611e-05,3.85371305252611e-05,3.85371305252611e-05,3.85371305252611e-05,3.85371305252611e-05,3.85371305252611e-05,3.85371305252611e-05,3.85371305252611e-05,3.85371305252611e-05,3.85371305252611e-05,3.85371305252611e-05,3.85371305252611e-05,3.85371305252611e-05,3.85371305252611e-05,3.85371305252611e-05,3.85371305252611e-05,3.85371305252611e-05,3.85371305252611e-05,3.85371305252611e-05,3.85371305252611e-05,3.85371305252611e-05,3.85371305252611e-05,3.85371305252611e-05,3.85371305252611e-05,3.85371305252611e-05,3.85371305252611e-05,3.85371305252611e-05,3.85371305252611e-05,3.85371305252611e-05,3.85371305252611e-05,3.85371305252611e-05,3.85371305252611e-05,3.85371305252611e-05,3.85371305252611e-05,3.85371305252611e-05,3.85371305252611e-05,3.85371305252611e-05,3.85371305252611e-05,3.85371305252611e-05,3.85371305252611e-05,3.85371305252611e-05,3.85371305252611e-05,3.85371305252611e-05,3.85371305252611e-05,3.85371305252611e-05,3.85371305252611e-05,3.85371305252611e-05,3.85371305252611e-05,3.85371305252611e-05,3.85371305252611e-05,3.85371305252611e-05,3.85371305252611e-05,3.85371305252611e-05,3.85371305252611e-05,3.85371305252611e-05,3.85371305252611e-05,3.85371305252611e-05,3.85371305252611e-05,3.85371305252611e-05,3.85371305252611e-05,3.85371305252611e-05,3.85371305252611e-05,3.85371305252611e-05,3.85371305252611e-05,3.85371305252611e-05,3.85371305252611e-05,3.85371305252611e-05,3.85371305252611e-05,3.85371305252611e-05,3.85371305252611e-05,3.85371305252611e-05,3.85371305252611e-05,3.85371305252611e-05,3.85371305252611e-05,3.85371305252611e-05,3.85371305252611e-05,3.85371305252611e-05,3.85371305252611e-05,3.85371305252611e-05,3.85371305252611e-05,3.85371305252611e-05,3.85371305252611e-05,3.85371305252611e-05,3.85371305252611e-05,3.85371305252611e-05,3.85371305252611e-05,3.85371305252611e-05
3.85371305252611e-05,3.85371305252611e-05,3.85371305252611e-05,3.85371305252611e-05,3.85371305252611e-05,3.85371305252611e-05,3.85371305252611e-05,3.85371305252611e-05,3.85371305252611e-05,3.85371305252611e-05,3.85371305252611e-05,3.85371305252611e-05,3.85371305252611e-05,3.85371305252611e-05,3.85371305252611e-05,3.85371305252611e-05,3.85371305252611e-05,3.85371305252611e-05,3.85371305252611e-05,3.85371305252611e-05,3.85371305252611e-05,3.85371305252611e-05,3.85371305252611e-05,3.85371305252611e-05,3.85371305252611e-05,3.85371305252611e-05,3.85371305252611e-05,3.85371305252611e-05,3.85371305252611e-05,3.85371305252611e-05,3.85371305252611e-05,3.85371305252611e-05,3.85371305252611e-05,3.85371305252611e-05,3.85371305252611e-05,3.85371305252611e-05,3.85371305252611e-05,3.85371305252611e-05,3.85371305252611e-05,3.85371305252611e-05,3.85371305252611e-05,3.85371305252611e-05,3.85371305252611e-05,3.85371305252611e-05,3.85371305252611e-05,3.85371305252611e-05,3.85371305252611e-05,3.85371305252611e-05,3.85371305252611e-05,3.85371305252611e-05,3.85371305252611e-05,3.85371305252611e-05,3.85371305252611e-05,3.85371305252611e-05,3.85371305252611e-05,3.85371305252611e-05,3.85371305252611e-05,3.85371305252611e-05,3.85371305252611e-05,3.85371305252611e-05,3.85371305252611e-05,3.85371305252611e-05,3.85371305252611e-05,3.85371305252611e-05,3.85371305252611e-05,3.85371305252611e-05,3.85371305252611e-05,3.85371305252611e-05,3.85371305252611e-05,3.85371305252611e-05,3.85371305252611e-05,3.85371305252611e-05,3.85371305252611e-05,3.85371305252611e-05,3.85371305252611e-05,3.85371305252611e-05,3.85371305252611e-05,3.85371305252611e-05,3.85371305252611e-05,3.85371305252611e-05,3.85371305252611e-05,3.85371305252611e-05,3.85371305252611e-05,3.85371305252611e-05,3.85371305252611e-05,3.85371305252611e-05,3.85371305252611e-05,3.85371305252611e-05,3.85371305252611e-05,3.85371305252611e-05,3.85371305252611e-05,3.85371305252611e-05,3.85371305252611e-05,3.85371305252611e-05,3.85371305252611e-05,3.85371305252611e-05,3.85371305252611e-05,3.85371305252611e-05,3.85371305252611e-05,3.85371305252611e-05
3.85371305252611e-05,3.85371305252611e-05,3.85371305252611e-05,3.85371305252611e-05,3.85371305252611e-05,3.85371305252611e-05,3.85371305252611e-05,3.85371305252611e-05,3.85371305252611e-05,3.85371305252611e-05,3.85371305252611e-05,3.85371305252611e-05,3.85371305252611e-05,3.85371305252611e-05,3.85371305252611e-05,3.85371305252611e-05,3.85371305252611e-05,3.85371305252611e-05,3.85371305252611e-05,3.85371305252611e-05,3.85371305252611e-05,3.85371305252611e-05,3.85371305252611e-05,3.85371305252611e-05,3.85371305252611e-05,3.85371305252611e-05,3.85371305252611e-05,3.85371305252611e-05,3.85371305252611e-05,3.85371305252611e-05,3.85371305252611e-05,3.85371305252611e-05,3.85371305252611e-05,3.85371305252611e-05,3.85371305252611e-05,3.85371305252611e-05,3.85371305252611e-05,3.85371305252611e-05,3.85371305252611e-05,3.85371305252611e-05,3.85371305252611e-05,3.85371305252611e-05,3.85371305252611e-05,3.85371305252611e-05,3.85371305252611e-05,3.85371305252611e-05,3.85371305252611e-05,3.85371305252611e-05,3.85371305252611e-05,3.85371305252611e-05,3.85371305252611e-05,3.85371305252611e-05,3.85371305252611e-05,3.85371305252611e-05,3.85371305252611e-05,3.85371305252611e-05,3.85371305252611e-05,3.85371305252611e-05,3.85371305252611e-05,3.85371305252611e-05,3.85371305252611e-05,3.85371305252611e-05,3.85371305252611e-05,3.85371305252611e-05,3.85371305252611e-05,3.85371305252611e-05,3.85371305252611e-05,3.85371305252611e-05,3.85371305252611e-05,3.85371305252611e-05,3.85371305252611e-05,3.85371305252611e-05,3.85371305252611e-05,3.85371305252611e-05,3.85371305252611e-05,3.85371305252611e-05,3.85371305252611e-05,3.85371305252611e-05,3.85371305252611e-05,3.85371305252611e-05,3.85371305252611e-05,3.85371305252611e-05,3.85371305252611e-05,3.85371305252611e-05,3.85371305252611e-05,3.85371305252611e-05,3.85371305252611e-05,3.85371305252611e-05,3.85371305252611e-05,3.85371305252611e-05,3.85371305252611e-05,3.85371305252611e-05,3.85371305252611e-05,3.85371305252611e-05,3.85371305252611e-05,3.85371305252611e-05,3.85371305252611e-05,3.85371305252611e-05,3.85371305252611e-05,3.85371305252611e-05
3.85371305252611e-05,3.85371305252611e-05,3.85371305252611e-05,3.85371305252611e-05,3.85371305252611e-05,3.85371305252611e-05,3.85371305252611e-05,3.85371305252611e-05,3.85371305252611e-05,3.85371305252611e-05,3.85371305252611e-05,3.85371305252611e-05,3.85371305252611e-05,3.85371305252611e-05,3.85371305252611e-05,3.85371305252611e-05,3.85371305252611e-05,3.85371305252611e-05,3.85371305252611e-05,3.85371305252611e-05,3.85371305252611e-05,3.85371305252611e-05,3.85371305252611e-05,3.85371305252611e-05,3.85371305252611e-05,3.85371305252611e-05,3.85371305252611e-05,3.85371305252611e-05,3.85371305252611e-05,3.85371305252611e-05,3.85371305252611e-05,3.85371305252611e-05,3.85371305252611e-05,3.85371305252611e-05,3.85371305252611e-05,3.85371305252611e-05,3.85371305252611e-05,3.85371305252611e-05,3.85371305252611e-05,3.85371305252611e-05,3.85371305252611e-05,3.85371305252611e-05,3.85371305252611e-05,3.85371305252611e-05,3.85371305252611e-05,3.85371305252611e-05,3.85371305252611e-05,3.85371305252611e-05,3.85371305252611e-05,3.85371305252611e-05,3.85371305252611e-05,3.85371305252611e-05,3.85371305252611e-05,3.85371305252611e-05,3.85371305252611e-05,3.85371305252611e-05,3.85371305252611e-05,3.85371305252611e-05,3.85371305252611e-05,3.85371305252611e-05,3.85371305252611e-05,3.85371305252611e-05,3.85371305252611e-05,3.85371305252611e-05,3.85371305252611e-05,3.85371305252611e-05,3.85371305252611e-05,3.85371305252611e-05,3.85371305252611e-05,3.85371305252611e-05,3.85371305252611e-05,3.85371305252611e-05,3.85371305252611e-05,3.85371305252611e-05,3.85371305252611e-05,3.85371305252611e-05,3.85371305252611e-05,3.85371305252611e-05,3.85371305252611e-05,3.85371305252611e-05,3.85371305252611e-05,3.85371305252611e-05,3.85371305252611e-05,3.85371305252611e-05,3.85371305252611e-05,3.85371305252611e-05,3.85371305252611e-05,3.85371305252611e-05,3.85371305252611e-05,3.85371305252611e-05,3.85371305252611e-05,3.85371305252611e-05,3.85371305252611e-05,3.85371305252611e-05,3.85371305252611e-05,3.85371305252611e-05,3.85371305252611e-05,3.85371305252611e-05,3.85371305252611e-05,3.85371305252611e-05
3.85371305252611e-05,3.85371305252611e-05,3.85371305252611e-05,3.85371305252611e-05,3.85371305252611e-05,3.85371305252611e-05,3.85371305252611e-05,3.85371305252611e-05,3.85371305252611e-05,3.85371305252611e-05,3.85371305252611e-05,3.85371305252611e-05,3.85371305252611e-05,3.85371305252611e-05,3.85371305252611e-05,3.85371305252611e-05,3.85371305252611e-05,3.85371305252611e-05,3.85371305252611e-05,3.85371305252611e-05,3.85371305252611e-05,3.85371305252611e-05,3.85371305252611e-05,3.85371305252611e-05,3.85371305252611e-05,3.85371305252611e-05,3.85371305252611e-05,3.85371305252611e-05,3.85371305252611e-05,3.85371305252611e-05,3.85371305252611e-05,3.85371305252611e-05,3.85371305252611e-05,3.85371305252611e-05,3.85371305252611e-05,3.85371305252611e-05,3.85371305252611e-05,3.85371305252611e-05,3.85371305252611e-05,3.85371305252611e-05,3.85371305252611e-05,3.85371305252611e-05,3.85371305252611e-05,3.85371305252611e-05,3.85371305252611e-05,3.85371305252611e-05,3.85371305252611e-05,3.85371305252611e-05,3.85371305252611e-05,3.85371305252611e-05,3.85371305252611e-05,3.85371305252611e-05,3.85371305252611e-05,3.85371305252611e-05,3.85371305252611e-05,3.85371305252611e-05,3.85371305252611e-05,3.85371305252611e-05,3.85371305252611e-05,3.85371305252611e-05,3.85371305252611e-05,3.85371305252611e-05,3.85371305252611e-05,3.85371305252611e-05,3.85371305252611e-05,3.85371305252611e-05,3.85371305252611e-05,3.85371305252611e-05,3.85371305252611e-05,3.85371305252611e-05,3.85371305252611e-05,3.85371305252611e-05,3.85371305252611e-05,3.85371305252611e-05,3.85371305252611e-05,3.85371305252611e-05,3.85371305252611e-05,3.85371305252611e-05,3.85371305252611e-05,3.85371305252611e-05,3.85371305252611e-05,3.85371305252611e-05,3.85371305252611e-05,3.85371305252611e-05,3.85371305252611e-05,3.85371305252611e-05,3.85371305252611e-05,3.85371305252611e-05,3.85371305252611e-05,3.85371305252611e-05,3.85371305252611e-05,3.85371305252611e-05,3.85371305252611e-05,3.85371305252611e-05,3.85371305252611e-05,3.85371305252611e-05,3.85371305252611e-05,3.85371305252611e-05,3.85371305252611e-05,3.85371305252611e-05
3.85371305252611e-05,3.85371305252611e-05,3.85371305252611e-05,3.85371305252611e-05,3.85371305252611e-05,3.85371305252611e-05,3.85371305252611e-05,3.85371305252611e-05,3.85371305252611e-05,3.85371305252611e-05,3.85371305252611e-05,3.85371305252611e-05,3.85371305252611e-05,3.85371305252611e-05,3.85371305252611e-05,3.85371305252611e-05,3.85371305252611e-05,3.85371305252611e-05,3.85371305252611e-05,3.85371305252611e-05,3.85371305252611e-05,3.85371305252611e-05,3.85371305252611e-05,3.85371305252611e-05,3.85371305252611e-05,3.85371305252611e-05,3.85371305252611e-05,3.85371305252611e-05,3.85371305252611e-05,3.85371305252611e-05,3.85371305252611e-05,3.85371305252611e-05,3.85371305252611e-05,3.85371305252611e-05,3.85371305252611e-05,3.85371305252611e-05,3.85371305252611e-05,3.85371305252611e-05,3.85371305252611e-05,3.85371305252611e-05,3.85371305252611e-05,3.85371305252611e-05,3.85371305252611e-05,3.85371305252611e-05,3.85371305252611e-05,3.85371305252611e-05,3.85371305252611e-05,3.85371305252611e-05,3.85371305252611e-05,3.85371305252611e-05,3.85371305252611e-05,3.85371305252611e-05,3.85371305252611e-05,3.85371305252611e-05,3.85371305252611e-05,3.85371305252611e-05,3.85371305252611e-05,3.85371305252611e-05,3.85371305252611e-05,3.85371305252611e-05,3.85371305252611e-05,3.85371305252611e-05,3.85371305252611e-05,3.85371305252611e-05,3.85371305252611e-05,3.85371305252611e-05,3.85371305252611e-05,3.85371305252611e-05,3.85371305252611e-05,3.85371305252611e-05,3.85371305252611e-05,3.85371305252611e-05,3.85371305252611e-05,3.85371305252611e-05,3.85371305252611e-05,3.85371305252611e-05,3.85371305252611e-05,3.85371305252611e-05,3.85371305252611e-05,3.85371305252611e-05,3.85371305252611e-05,3.85371305252611e-05,3.85371305252611e-05,3.85371305252611e-05,3.85371305252611e-05,3.85371305252611e-05,3.85371305252611e-05,3.85371305252611e-05,3.85371305252611e-05,3.85371305252611e-05,3.85371305252611e-05,3.85371305252611e-05,3.85371305252611e-05,3.85371305252611e-05,3.85371305252611e-05,3.85371305252611e-05,3.85371305252611e-05,3.85371305252611e-05,3.85371305252611e-05,3.85371305252611e-05
3.85371305252611e-05,3.85371305252611e-05,3.85371305252611e-05,3.85371305252611e-05,3.85371305252611e-05,3.85371305252611e-05,3.85371305252611e-05,3.85371305252611e-05,3.85371305252611e-05,3.85371305252611e-05,3.85371305252611e-05,3.85371305252611e-05,3.85371305252611e-05,3.85371305252611e-05,3.85371305252611e-05,3.85371305252611e-05,3.85371305252611e-05,3.85371305252611e-05,3.85371305252611e-05,3.85371305252611e-05,3.85371305252611e-05,3.85371305252611e-05,3.85371305252611e-05,3.85371305252611e-05,3.85371305252611e-05,3.85371305252611e-05,3.85371305252611e-05,3.85371305252611e-05,3.85371305252611e-05,3.85371305252611e-05,3.85371305252611e-05,3.85371305252611e-05,3.85371305252611e-05,3.85371305252611e-05,3.85371305252611e-05,3.85371305252611e-05,3.85371305252611e-05,3.85371305252611e-05,3.85371305252611e-05,3.85371305252611e-05,3.85371305252611e-05,3.85371305252611e-05,3.85371305252611e-05,3.85371305252611e-05,3.85371305252611e-05,3.85371305252611e-05,3.85371305252611e-05,3.85371305252611e-05,3.85371305252611e-05,3.85371305252611e-05,3.85371305252611e-05,3.85371305252611e-05,3.85371305252611e-05,3.85371305252611e-05,3.85371305252611e-05,3.85371305252611e-05,3.85371305252611e-05,3.85371305252611e-05,3.85371305252611e-05,3.85371305252611e-05,3.85371305252611e-05,3.85371305252611e-05,3.85371305252611e-05,3.85371305252611e-05,3.85371305252611e-05,3.85371305252611e-05,3.85371305252611e-05,3.85371305252611e-05,3.85371305252611e-05,3.85371305252611e-05,3.85371305252611e-05,3.85371305252611e-05,3.85371305252611e-05,3.85371305252611e-05,3.85371305252611e-05,3.85371305252611e-05,3.85371305252611e-05,3.85371305252611e-05,3.85371305252611e-05,3.85371305252611e-05,3.85371305252611e-05,3.85371305252611e-05,3.85371305252611e-05,3.85371305252611e-05,3.85371305252611e-05,3.85371305252611e-05,3.85371305252611e-05,3.85371305252611e-05,3.85371305252611e-05,3.85371305252611e-05,3.85371305252611e-05,3.85371305252611e-05,3.85371305252611e-05,3.85371305252611e-05,3.85371305252611e-05,3.85371305252611e-05,3.85371305252611e-05,3.85371305252611e-05,3.85371305252611e-05,3.85371305252611e-05
3.85371305252611e-05,3.85371305252611e-05,3.85371305252611e-05,3.85371305252611e-05,3.85371305252611e-05,3.85371305252611e-05,3.85371305252611e-05,3.85371305252611e-05,3.85371305252611e-05,3.85371305252611e-05,3.85371305252611e-05,3.85371305252611e-05,3.85371305252611e-05,3.85371305252611e-05,3.85371305252611e-05,3.85371305252611e-05,3.85371305252611e-05,3.85371305252611e-05,3.85371305252611e-05,3.85371305252611e-05,3.85371305252611e-05,3.85371305252611e-05,3.85371305252611e-05,3.85371305252611e-05,3.85371305252611e-05,3.85371305252611e-05,3.85371305252611e-05,3.85371305252611e-05,3.85371305252611e-05,3.85371305252611e-05,3.85371305252611e-05,3.85371305252611e-05,3.85371305252611e-05,3.85371305252611e-05,3.85371305252611e-05,3.85371305252611e-05,3.85371305252611e-05,3.85371305252611e-05,3.85371305252611e-05,3.85371305252611e-05,3.85371305252611e-05,3.85371305252611e-05,3.85371305252611e-05,3.85371305252611e-05,3.85371305252611e-05,3.85371305252611e-05,3.85371305252611e-05,3.85371305252611e-05,3.85371305252611e-05,3.85371305252611e-05,3.85371305252611e-05,3.85371305252611e-05,3.85371305252611e-05,3.85371305252611e-05,3.85371305252611e-05,3.85371305252611e-05,3.85371305252611e-05,3.85371305252611e-05,3.85371305252611e-05,3.85371305252611e-05,3.85371305252611e-05,3.85371305252611e-05,3.85371305252611e-05,3.85371305252611e-05,3.85371305252611e-05,3.85371305252611e-05,3.85371305252611e-05,3.85371305252611e-05,3.85371305252611e-05,3.85371305252611e-05,3.85371305252611e-05,3.85371305252611e-05,3.85371305252611e-05,3.85371305252611e-05,3.85371305252611e-05,3.85371305252611e-05,3.85371305252611e-05,3.85371305252611e-05,3.85371305252611e-05,3.85371305252611e-05,3.85371305252611e-05,3.85371305252611e-05,3.85371305252611e-05,3.85371305252611e-05,3.85371305252611e-05,3.85371305252611e-05,3.85371305252611e-05,3.85371305252611e-05,3.85371305252611e-05,3.85371305252611e-05,3.85371305252611e-05,3.85371305252611e-05,3.85371305252611e-05,3.85371305252611e-05,3.85371305252611e-05,3.85371305252611e-05,3.85371305252611e-05,3.85371305252611e-05,3.85371305252611e-05,3.85371305252611e-05
3.85371305252611e-05,3.85371305252611e-05,3.85371305252611e-05,3.85371305252611e-05,3.85371305252611e-05,3.85371305252611e-05,3.85371305252611e-05,3.85371305252611e-05,3.85371305252611e-05,3.85371305252611e-05,3.85371305252611e-05,3.85371305252611e-05,3.85371305252611e-05,3.85371305252611e-05,3.85371305252611e-05,3.85371305252611e-05,3.85371305252611e-05,3.85371305252611e-05,3.85371305252611e-05,3.85371305252611e-05,3.85371305252611e-05,3.85371305252611e-05,3.85371305252611e-05,3.85371305252611e-05,3.85371305252611e-05,3.85371305252611e-05,3.85371305252611e-05,3.85371305252611e-05,3.85371305252611e-05,3.85371305252611e-05,3.85371305252611e-05,3.85371305252611e-05,3.85371305252611e-05,3.85371305252611e-05,3.85371305252611e-05,3.85371305252611e-05,3.85371305252611e-05,3.85371305252611e-05,3.85371305252611e-05,3.85371305252611e-05,3.85371305252611e-05,3.85371305252611e-05,3.85371305252611e-05,3.85371305252611e-05,3.85371305252611e-05,3.85371305252611e-05,3.85371305252611e-05,3.85371305252611e-05,3.85371305252611e-05,3.85371305252611e-05,3.85371305252611e-05,3.85371305252611e-05,3.85371305252611e-05,3.85371305252611e-05,3.85371305252611e-05,3.85371305252611e-05,3.85371305252611e-05,3.85371305252611e-05,3.85371305252611e-05,3.85371305252611e-05,3.85371305252611e-05,3.85371305252611e-05,3.85371305252611e-05,3.85371305252611e-05,3.85371305252611e-05,3.85371305252611e-05,3.85371305252611e-05,3.85371305252611e-05,3.85371305252611e-05,3.85371305252611e-05,3.85371305252611e-05,3.85371305252611e-05,3.85371305252611e-05,3.85371305252611e-05,3.85371305252611e-05,3.85371305252611e-05,3.85371305252611e-05,3.85371305252611e-05,3.85371305252611e-05,3.85371305252611e-05,3.85371305252611e-05,3.85371305252611e-05,3.85371305252611e-05,3.85371305252611e-05,3.85371305252611e-05,3.85371305252611e-05,3.85371305252611e-05,3.85371305252611e-05,3.85371305252611e-05,3.85371305252611e-05,3.85371305252611e-05,3.85371305252611e-05,3.85371305252611e-05,3.85371305252611e-05,3.85371305252611e-05,3.85371305252611e-05,3.85371305252611e-05,3.85371305252611e-05,3.85371305252611e-05,3.85371305252611e-05
3.85371305252611e-05,3.85371305252611e-05,3.85371305252611e-05,3.85371305252611e-05,3.85371305252611e-05,3.85371305252611e-05,3.85371305252611e-05,3.85371305252611e-05,3.85371305252611e-05,3.85371305252611e-05,3.85371305252611e-05,3.85371305252611e-05,3.85371305252611e-05,3.85371305252611e-05,3.85371305252611e-05,3.85371305252611e-05,3.85371305252611e-05,3.85371305252611e-05,3.85371305252611e-05,3.85371305252611e-05,3.85371305252611e-05,3.85371305252611e-05,3.85371305252611e-05,3.85371305252611e-05,3.85371305252611e-05,3.85371305252611e-05,3.85371305252611e-05,3.85371305252611e-05,3.85371305252611e-05,3.85371305252611e-05,3.85371305252611e-05,3.85371305252611e-05,3.85371305252611e-05,3.85371305252611e-05,3.85371305252611e-05,3.85371305252611e-05,3.85371305252611e-05,3.85371305252611e-05,3.85371305252611e-05,3.85371305252611e-05,3.85371305252611e-05,3.85371305252611e-05,3.85371305252611e-05,3.85371305252611e-05,3.85371305252611e-05,3.85371305252611e-05,3.85371305252611e-05,3.85371305252611e-05,3.85371305252611e-05,3.85371305252611e-05,3.85371305252611e-05,3.85371305252611e-05,3.85371305252611e-05,3.85371305252611e-05,3.85371305252611e-05,3.85371305252611e-05,3.85371305252611e-05,3.85371305252611e-05,3.85371305252611e-05,3.85371305252611e-05,3.85371305252611e-05,3.85371305252611e-05,3.85371305252611e-05,3.85371305252611e-05,3.85371305252611e-05,3.85371305252611e-05,3.85371305252611e-05,3.85371305252611e-05,3.85371305252611e-05,3.85371305252611e-05,3.85371305252611e-05,3.85371305252611e-05,3.85371305252611e-05,3.85371305252611e-05,3.85371305252611e-05,3.85371305252611e-05,3.85371305252611e-05,3.85371305252611e-05,3.85371305252611e-05,3.85371305252611e-05,3.85371305252611e-05,3.85371305252611e-05,3.85371305252611e-05,3.85371305252611e-05,3.85371305252611e-05,3.85371305252611e-05,3.85371305252611e-05,3.85371305252611e-05,3.85371305252611e-05,3.85371305252611e-05,3.85371305252611e-05,3.85371305252611e-05,3.85371305252611e-05,3.85371305252611e-05,3.85371305252611e-05,3.85371305252611e-05,3.85371305252611e-05,3.85371305252611e-05,3.85371305252611e-05,3.85371305252611e-05
3.85371305252611e-05,3.85371305252611e-05,3.85371305252611e-05,3.85371305252611e-05,3.85371305252611e-05,3.85371305252611e-05,3.85371305252611e-05,3.85371305252611e-05,3.85371305252611e-05,3.85371305252611e-05,3.85371305252611e-05,3.85371305252611e-05,3.85371305252611e-05,3.85371305252611e-05,3.85371305252611e-05,3.85371305252611e-05,3.85371305252611e-05,3.85371305252611e-05,3.85371305252611e-05,3.85371305252611e-05,3.85371305252611e-05,3.85371305252611e-05,3.85371305252611e-05,3.85371305252611e-05,3.85371305252611e-05,3.85371305252611e-05,3.85371305252611e-05,3.85371305252611e-05,3.85371305252611e-05,3.85371305252611e-05,3.85371305252611e-05,3.85371305252611e-05,3.85371305252611e-05,3.85371305252611e-05,3.85371305252611e-05,3.85371305252611e-05,3.85371305252611e-05,3.85371305252611e-05,3.85371305252611e-05,3.85371305252611e-05,3.85371305252611e-05,3.85371305252611e-05,3.85371305252611e-05,3.85371305252611e-05,3.85371305252611e-05,3.85371305252611e-05,3.85371305252611e-05,3.85371305252611e-05,3.85371305252611e-05,3.85371305252611e-05,3.85371305252611e-05,3.85371305252611e-05,3.85371305252611e-05,3.85371305252611e-05,3.85371305252611e-05,3.85371305252611e-05,3.85371305252611e-05,3.85371305252611e-05,3.85371305252611e-05,3.85371305252611e-05,3.85371305252611e-05,3.85371305252611e-05,3.85371305252611e-05,3.85371305252611e-05,3.85371305252611e-05,3.85371305252611e-05,3.85371305252611e-05,3.85371305252611e-05,3.85371305252611e-05,3.85371305252611e-05,3.85371305252611e-05,3.85371305252611e-05,3.85371305252611e-05,3.85371305252611e-05,3.85371305252611e-05,3.85371305252611e-05,3.85371305252611e-05,3.85371305252611e-05,3.85371305252611e-05,3.85371305252611e-05,3.85371305252611e-05,3.85371305252611e-05,3.85371305252611e-05,3.85371305252611e-05,3.85371305252611e-05,3.85371305252611e-05,3.85371305252611e-05,3.85371305252611e-05,3.85371305252611e-05,3.85371305252611e-05,3.85371305252611e-05,3.85371305252611e-05,3.85371305252611e-05,3.85371305252611e-05,3.85371305252611e-05,3.85371305252611e-05,3.85371305252611e-05,3.85371305252611e-05,3.85371305252611e-05,3.85371305252611e-05
3.85371305252611e-05,3.85371305252611e-05,3.85371305252611e-05,3.85371305252611e-05,3.85371305252611e-05,3.85371305252611e-05,3.85371305252611e-05,3.85371305252611e-05,3.85371305252611e-05,3.85371305252611e-05,3.85371305252611e-05,3.85371305252611e-05,3.85371305252611e-05,3.85371305252611e-05,3.85371305252611e-05,3.85371305252611e-05,3.85371305252611e-05,3.85371305252611e-05,3.85371305252611e-05,3.85371305252611e-05,3.85371305252611e-05,3.85371305252611e-05,3.85371305252611e-05,3.85371305252611e-05,3.85371305252611e-05,3.85371305252611e-05,3.85371305252611e-05,3.85371305252611e-05,3.85371305252611e-05,3.85371305252611e-05,3.85371305252611e-05,3.85371305252611e-05,3.85371305252611e-05,3.85371305252611e-05,3.85371305252611e-05,3.85371305252611e-05,3.85371305252611e-05,3.85371305252611e-05,3.85371305252611e-05,3.85371305252611e-05,3.85371305252611e-05,3.85371305252611e-05,3.85371305252611e-05,3.85371305252611e-05,3.85371305252611e-05,3.85371305252611e-05,3.85371305252611e-05,3.85371305252611e-05,3.85371305252611e-05,3.85371305252611e-05,3.85371305252611e-05,3.85371305252611e-05,3.85371305252611e-05,3.85371305252611e-05,3.85371305252611e-05,3.85371305252611e-05,3.85371305252611e-05,3.85371305252611e-05,3.85371305252611e-05,3.85371305252611e-05,3.85371305252611e-05,3.85371305252611e-05,3.85371305252611e-05,3.85371305252611e-05,3.85371305252611e-05,3.85371305252611e-05,3.85371305252611e-05,3.85371305252611e-05,3.85371305252611e-05,3.85371305252611e-05,3.85371305252611e-05,3.85371305252611e-05,3.85371305252611e-05,3.85371305252611e-05,3.85371305252611e-05,3.85371305252611e-05,3.85371305252611e-05,3.85371305252611e-05,3.85371305252611e-05,3.85371305252611e-05,3.85371305252611e-05,3.85371305252611e-05,3.85371305252611e-05,3.85371305252611e-05,3.85371305252611e-05,3.85371305252611e-05,3.85371305252611e-05,3.85371305252611e-05,3.85371305252611e-05,3.85371305252611e-05,3.85371305252611e-05,3.85371305252611e-05,3.85371305252611e-05,3.85371305252611e-05,3.85371305252611e-05,3.85371305252611e-05,3.85371305252611e-05,3.85371305252611e-05,3.85371305252611e-05,3.85371305252611e-05
3.85371305252611e-05,3.85371305252611e-05,3.85371305252611e-05,3.85371305252611e-05,3.85371305252611e-05,3.85371305252611e-05,3.85371305252611e-05,3.85371305252611e-05,3.85371305252611e-05,3.85371305252611e-05,3.85371305252611e-05,3.85371305252611e-05,3.85371305252611e-05,3.85371305252611e-05,3.85371305252611e-05,3.85371305252611e-05,3.85371305252611e-05,3.85371305252611e-05,3.85371305252611e-05,3.85371305252611e-05,3.85371305252611e-05,3.85371305252611e-05,3.85371305252611e-05,3.85371305252611e-05,3.85371305252611e-05,3.85371305252611e-05,3.85371305252611e-05,3.85371305252611e-05,3.85371305252611e-05,3.85371305252611e-05,3.85371305252611e-05,3.85371305252611e-05,3.85371305252611e-05,3.85371305252611e-05,3.85371305252611e-05,3.85371305252611e-05,3.85371305252611e-05,3.85371305252611e-05,3.85371305252611e-05,3.85371305252611e-05,3.85371305252611e-05,3.85371305252611e-05,3.85371305252611e-05,3.85371305252611e-05,3.85371305252611e-05,3.85371305252611e-05,3.85371305252611e-05,3.85371305252611e-05,3.85371305252611e-05,3.85371305252611e-05,3.85371305252611e-05,3.85371305252611e-05,3.85371305252611e-05,3.85371305252611e-05,3.85371305252611e-05,3.85371305252611e-05,3.85371305252611e-05,3.85371305252611e-05,3.85371305252611e-05,3.85371305252611e-05,3.85371305252611e-05,3.85371305252611e-05,3.85371305252611e-05,3.85371305252611e-05,3.85371305252611e-05,3.85371305252611e-05,3.85371305252611e-05,3.85371305252611e-05,3.85371305252611e-05,3.85371305252611e-05,3.85371305252611e-05,3.85371305252611e-05,3.85371305252611e-05,3.85371305252611e-05,3.85371305252611e-05,3.85371305252611e-05,3.85371305252611e-05,3.85371305252611e-05,3.85371305252611e-05,3.85371305252611e-05,3.85371305252611e-05,3.85371305252611e-05,3.85371305252611e-05,3.85371305252611e-05,3.85371305252611e-05,3.85371305252611e-05,3.85371305252611e-05,3.85371305252611e-05,3.85371305252611e-05,3.85371305252611e-05,3.85371305252611e-05,3.85371305252611e-05,3.85371305252611e-05,3.85371305252611e-05,3.85371305252611e-05,3.85371305252611e-05,3.85371305252611e-05,3.85371305252611e-05,3.85371305252611e-05,3.85371305252611e-05
3.85371305252611e-05,3.85371305252611e-05,3.85371305252611e-05,3.85371305252611e-05,3.85371305252611e-05,3.85371305252611e-05,3.85371305252611e-05,3.85371305252611e-05,3.85371305252611e-05,3.85371305252611e-05,3.85371305252611e-05,3.85371305252611e-05,3.85371305252611e-05,3.85371305252611e-05,3.85371305252611e-05,3.85371305252611e-05,3.85371305252611e-05,3.85371305252611e-05,3.85371305252611e-05,3.85371305252611e-05,3.85371305252611e-05,3.85371305252611e-05,3.85371305252611e-05,3.85371305252611e-05,3.85371305252611e-05,3.85371305252611e-05,3.85371305252611e-05,3.85371305252611e-05,3.85371305252611e-05,3.85371305252611e-05,3.85371305252611e-05,3.85371305252611e-05,3.85371305252611e-05,3.85371305252611e-05,3.85371305252611e-05,3.85371305252611e-05,3.85371305252611e-05,3.85371305252611e-05,3.85371305252611e-05,3.85371305252611e-05,3.85371305252611e-05,3.85371305252611e-05,3.85371305252611e-05,3.85371305252611e-05,3.85371305252611e-05,3.85371305252611e-05,3.85371305252611e-05,3.85371305252611e-05,3.85371305252611e-05,3.85371305252611e-05,3.85371305252611e-05,3.85371305252611e-05,3.85371305252611e-05,3.85371305252611e-05,3.85371305252611e-05,3.85371305252611e-05,3.85371305252611e-05,3.85371305252611e-05,3.85371305252611e-05,3.85371305252611e-05,3.85371305252611e-05,3.85371305252611e-05,3.85371305252611e-05,3.85371305252611e-05,3.85371305252611e-05,3.85371305252611e-05,3.85371305252611e-05,3.85371305252611e-05,3.85371305252611e-05,3.85371305252611e-05,3.85371305252611e-05,3.85371305252611e-05,3.85371305252611e-05,3.85371305252611e-05,3.85371305252611e-05,3.85371305252611e-05,3.85371305252611e-05,3.85371305252611e-05,3.85371305252611e-05,3.85371305252611e-05,3.85371305252611e-05,3.85371305252611e-05,3.85371305252611e-05,3.85371305252611e-05,3.85371305252611e-05,3.85371305252611e-05,3.85371305252611e-05,3.85371305252611e-05,3.85371305252611e-05,3.85371305252611e-05,3.85371305252611e-05,3.85371305252611e-05,3.85371305252611e-05,3.85371305252611e-05,3.85371305252611e-05,3.85371305252611e-05,3.85371305252611e-05,3.85371305252611e-05,3.85371305252611e-05,3.85371305252611e-05
3.85371305252611e-05,3.85371305252611e-05,3.85371305252611e-05,3.85371305252611e-05,3.85371305252611e-05,3.85371305252611e-05,3.85371305252611e-05,3.85371305252611e-05,3.85371305252611e-05,3.85371305252611e-05,3.85371305252611e-05,3.85371305252611e-05,3.85371305252611e-05,3.85371305252611e-05,3.85371305252611e-05,3.85371305252611e-05,3.85371305252611e-05,3.85371305252611e-05,3.85371305252611e-05,3.85371305252611e-05,3.85371305252611e-05,3.85371305252611e-05,3.85371305252611e-05,3.85371305252611e-05,3.85371305252611e-05,3.85371305252611e-05,3.85371305252611e-05,3.85371305252611e-05,3.85371305252611e-05,3.85371305252611e-05,3.85371305252611e-05,3.85371305252611e-05,3.85371305252611e-05,3.85371305252611e-05,3.85371305252611e-05,3.85371305252611e-05,3.85371305252611e-05,3.85371305252611e-05,3.85371305252611e-05,3.85371305252611e-05,3.85371305252611e-05,3.85371305252611e-05,3.85371305252611e-05,3.85371305252611e-05,3.85371305252611e-05,3.85371305252611e-05,3.85371305252611e-05,3.85371305252611e-05,3.85371305252611e-05,3.85371305252611e-05,3.85371305252611e-05,3.85371305252611e-05,3.85371305252611e-05,3.85371305252611e-05,3.85371305252611e-05,3.85371305252611e-05,3.85371305252611e-05,3.85371305252611e-05,3.85371305252611e-05,3.85371305252611e-05,3.85371305252611e-05,3.85371305252611e-05,3.85371305252611e-05,3.85371305252611e-05,3.85371305252611e-05,3.85371305252611e-05,3.85371305252611e-05,3.85371305252611e-05,3.85371305252611e-05,3.85371305252611e-05,3.85371305252611e-05,3.85371305252611e-05,3.85371305252611e-05,3.85371305252611e-05,3.85371305252611e-05,3.85371305252611e-05,3.85371305252611e-05,3.85371305252611e-05,3.85371305252611e-05,3.85371305252611e-05,3.85371305252611e-05,3.85371305252611e-05,3.85371305252611e-05,3.85371305252611e-05,3.85371305252611e-05,3.85371305252611e-05,3.85371305252611e-05,3.85371305252611e-05,3.85371305252611e-05,3.85371305252611e-05,3.85371305252611e-05,3.85371305252611e-05,3.85371305252611e-05,3.85371305252611e-05,3.85371305252611e-05,3.85371305252611e-05,3.85371305252611e-05,3.85371305252611e-05,3.85371305252611e-05,3.85371305252611e-05
3.85371305252611e-05,3.85371305252611e-05,3.85371305252611e-05,3.85371305252611e-05,3.85371305252611e-05,3.85371305252611e-05,3.85371305252611e-05,3.85371305252611e-05,3.85371305252611e-05,3.85371305252611e-05,3.85371305252611e-05,3.85371305252611e-05,3.85371305252611e-05,3.85371305252611e-05,3.85371305252611e-05,3.85371305252611e-05,3.85371305252611e-05,3.85371305252611e-05,3.85371305252611e-05,3.85371305252611e-05,3.85371305252611e-05,3.85371305252611e-05,3.85371305252611e-05,3.85371305252611e-05,3.85371305252611e-05,3.85371305252611e-05,3.85371305252611e-05,3.85371305252611e-05,3.85371305252611e-05,3.85371305252611e-05,3.85371305252611e-05,3.85371305252611e-05,3.85371305252611e-05,3.85371305252611e-05,3.85371305252611e-05,3.85371305252611e-05,3.85371305252611e-05,3.85371305252611e-05,3.85371305252611e-05,3.85371305252611e-05,3.85371305252611e-05,3.85371305252611e-05,3.85371305252611e-05,3.85371305252611e-05,3.85371305252611e-05,3.85371305252611e-05,3.85371305252611e-05,3.85371305252611e-05,3.85371305252611e-05,3.85371305252611e-05,3.85371305252611e-05,3.85371305252611e-05,3.85371305252611e-05,3.85371305252611e-05,3.85371305252611e-05,3.85371305252611e-05,3.85371305252611e-05,3.85371305252611e-05,3.85371305252611e-05,3.85371305252611e-05,3.85371305252611e-05,3.85371305252611e-05,3.85371305252611e-05,3.85371305252611e-05,3.85371305252611e-05,3.85371305252611e-05,3.85371305252611e-05,3.85371305252611e-05,3.85371305252611e-05,3.85371305252611e-05,3.85371305252611e-05,3.85371305252611e-05,3.85371305252611e-05,3.85371305252611e-05,3.85371305252611e-05,3.85371305252611e-05,3.85371305252611e-05,3.85371305252611e-05,3.85371305252611e-05,3.85371305252611e-05,3.85371305252611e-05,3.85371305252611e-05,3.85371305252611e-05,3.85371305252611e-05,3.85371305252611e-05,3.85371305252611e-05,3.85371305252611e-05,3.85371305252611e-05,3.85371305252611e-05,3.85371305252611e-05,3.85371305252611e-05,3.85371305252611e-05,3.85371305252611e-05,3.85371305252611e-05,3.85371305252611e-05,3.85371305252611e-05,3.85371305252611e-05,3.85371305252611e-05,3.85371305252611e-05,3.85371305252611e-05
3.85371305252611e-05,3.85371305252611e-05,3.85371305252611e-05,3.85371305252611e-05,3.85371305252611e-05,3.85371305252611e-05,3.85371305252611e-05,3.85371305252611e-05,3.85371305252611e-05,3.85371305252611e-05,3.85371305252611e-05,3.85371305252611e-05,3.85371305252611e-05,3.85371305252611e-05,3.85371305252611e-05,3.85371305252611e-05,3.85371305252611e-05,3.85371305252611e-05,3.85371305252611e-05,3.85371305252611e-05,3.85371305252611e-05,3.85371305252611e-05,3.85371305252611e-05,3.85371305252611e-05,3.85371305252611e-05,3.85371305252611e-05,3.85371305252611e-05,3.85371305252611e-05,3.85371305252611e-05,3.85371305252611e-05,3.85371305252611e-05,3.85371305252611e-05,3.85371305252611e-05,3.85371305252611e-05,3.85371305252611e-05,3.85371305252611e-05,3.85371305252611e-05,3.85371305252611e-05,3.85371305252611e-05,3.85371305252611e-05,3.85371305252611e-05,3.85371305252611e-05,3.85371305252611e-05,3.85371305252611e-05,3.85371305252611e-05,3.85371305252611e-05,3.85371305252611e-05,3.85371305252611e-05,3.85371305252611e-05,3.85371305252611e-05,3.85371305252611e-05,3.85371305252611e-05,3.85371305252611e-05,3.85371305252611e-05,3.85371305252611e-05,3.85371305252611e-05,3.85371305252611e-05,3.85371305252611e-05,3.85371305252611e-05,3.85371305252611e-05,3.85371305252611e-05,3.85371305252611e-05,3.85371305252611e-05,3.85371305252611e-05,3.85371305252611e-05,3.85371305252611e-05,3.85371305252611e-05,3.85371305252611e-05,3.85371305252611e-05,3.85371305252611e-05,3.85371305252611e-05,3.85371305252611e-05,3.85371305252611e-05,3.85371305252611e-05,3.85371305252611e-05,3.85371305252611e-05,3.85371305252611e-05,3.85371305252611e-05,3.85371305252611e-05,3.85371305252611e-05,3.85371305252611e-05,3.85371305252611e-05,3.85371305252611e-05,3.85371305252611e-05,3.85371305252611e-05,3.85371305252611e-05,3.85371305252611e-05,3.85371305252611e-05,3.85371305252611e-05,3.85371305252611e-05,3.85371305252611e-05,3.85371305252611e-05,3.85371305252611e-05,3.85371305252611e-05,3.85371305252611e-05,3.85371305252611e-05,3.85371305252611e-05,3.85371305252611e-05,3.85371305252611e-05,3.85371305252611e-05
3.85371305252611e-05,3.85371305252611e-05,3.85371305252611e-05,3.85371305252611e-05,3.85371305252611e-05,3.85371305252611e-05,3.85371305252611e-05,3.85371305252611e-05,3.85371305252611e-05,3.85371305252611e-05,3.85371305252611e-05,3.85371305252611e-05,3.85371305252611e-05,3.85371305252611e-05,3.85371305252611e-05,3.85371305252611e-05,3.85371305252611e-05,3.85371305252611e-05,3.85371305252611e-05,3.85371305252611e-05,3.85371305252611e-05,3.85371305252611e-05,3.85371305252611e-05,3.85371305252611e-05,3.85371305252611e-05,3.85371305252611e-05,3.85371305252611e-05,3.85371305252611e-05,3.85371305252611e-05,3.85371305252611e-05,3.85371305252611e-05,3.85371305252611e-05,3.85371305252611e-05,3.85371305252611e-05,3.85371305252611e-05,3.85371305252611e-05,3.85371305252611e-05,3.85371305252611e-05,3.85371305252611e-05,3.85371305252611e-05,3.85371305252611e-05,3.85371305252611e-05,3.85371305252611e-05,3.85371305252611e-05,3.85371305252611e-05,3.85371305252611e-05,3.85371305252611e-05,3.85371305252611e-05,3.85371305252611e-05,3.85371305252611e-05,3.85371305252611e-05,3.85371305252611e-05,3.85371305252611e-05,3.85371305252611e-05,3.85371305252611e-05,3.85371305252611e-05,3.85371305252611e-05,3.85371305252611e-05,3.85371305252611e-05,3.85371305252611e-05,3.85371305252611e-05,3.85371305252611e-05,3.85371305252611e-05,3.85371305252611e-05,3.85371305252611e-05,3.85371305252611e-05,3.85371305252611e-05,3.85371305252611e-05,3.85371305252611e-05,3.85371305252611e-05,3.85371305252611e-05,3.85371305252611e-05,3.85371305252611e-05,3.85371305252611e-05,3.85371305252611e-05,3.85371305252611e-05,3.85371305252611e-05,3.85371305252611e-05,3.85371305252611e-05,3.85371305252611e-05,3.85371305252611e-05,3.85371305252611e-05,3.85371305252611e-05,3.85371305252611e-05,3.85371305252611e-05,3.85371305252611e-05,3.85371305252611e-05,3.85371305252611e-05,3.85371305252611e-05,3.85371305252611e-05,3.85371305252611e-05,3.85371305252611e-05,3.85371305252611e-05,3.85371305252611e-05,3.85371305252611e-05,3.85371305252611e-05,3.85371305252611e-05,3.85371305252611e-05,3.85371305252611e-05,3.85371305252611e-05
3.85371305252611e-05,3.85371305252611e-05,3.85371305252611e-05,3.85371305252611e-05,3.85371305252611e-05,3.85371305252611e-05,3.85371305252611e-05,3.85371305252611e-05,3.85371305252611e-05,3.85371305252611e-05,3.85371305252611e-05,3.85371305252611e-05,3.85371305252611e-05,3.85371305252611e-05,3.85371305252611e-05,3.85371305252611e-05,3.85371305252611e-05,3.85371305252611e-05,3.85371305252611e-05,3.85371305252611e-05,3.85371305252611e-05,3.85371305252611e-05,3.85371305252611e-05,3.85371305252611e-05,3.85371305252611e-05,3.85371305252611e-05,3.85371305252611e-05,3.85371305252611e-05,3.85371305252611e-05,3.85371305252611e-05,3.85371305252611e-05,3.85371305252611e-05,3.85371305252611e-05,3.85371305252611e-05,3.85371305252611e-05,3.85371305252611e-05,3.85371305252611e-05,3.85371305252611e-05,3.85371305252611e-05,3.85371305252611e-05,3.85371305252611e-05,3.85371305252611e-05,3.85371305252611e-05,3.85371305252611e-05,3.85371305252611e-05,3.85371305252611e-05,3.85371305252611e-05,3.85371305252611e-05,3.85371305252611e-05,3.85371305252611e-05,3.85371305252611e-05,3.85371305252611e-05,3.85371305252611e-05,3.85371305252611e-05,3.85371305252611e-05,3.85371305252611e-05,3.85371305252611e-05,3.85371305252611e-05,3.85371305252611e-05,3.85371305252611e-05,3.85371305252611e-05,3.85371305252611e-05,3.85371305252611e-05,3.85371305252611e-05,3.85371305252611e-05,3.85371305252611e-05,3.85371305252611e-05,3.85371305252611e-05,3.85371305252611e-05,3.85371305252611e-05,3.85371305252611e-05,3.85371305252611e-05,3.85371305252611e-05,3.85371305252611e-05,3.85371305252611e-05,3.85371305252611e-05,3.85371305252611e-05,3.85371305252611e-05,3.85371305252611e-05,3.85371305252611e-05,3.85371305252611e-05,3.85371305252611e-05,3.85371305252611e-05,3.85371305252611e-05,3.85371305252611e-05,3.85371305252611e-05,3.85371305252611e-05,3.85371305252611e-05,3.85371305252611e-05,3.85371305252611e-05,3.85371305252611e-05,3.85371305252611e-05,3.85371305252611e-05,3.85371305252611e-05,3.85371305252611e-05,3.85371305252611e-05,3.85371305252611e-05,3.85371305252611e-05,3.85371305252611e-05,3.85371305252611e-05
3.85371305252611e-05,3.85371305252611e-05,3.85371305252611e-05,3.85371305252611e-05,3.85371305252611e-05,3.85371305252611e-05,3.85371305252611e-05,3.85371305252611e-05,3.85371305252611e-05,3.85371305252611e-05,3.85371305252611e-05,3.85371305252611e-05,3.85371305252611e-05,3.85371305252611e-05,3.85371305252611e-05,3.85371305252611e-05,3.85371305252611e-05,3.85371305252611e-05,3.85371305252611e-05,3.85371305252611e-05,3.85371305252611e-05,3.85371305252611e-05,3.85371305252611e-05,3.85371305252611e-05,3.85371305252611e-05,3.85371305252611e-05,3.85371305252611e-05,3.85371305252611e-05,3.85371305252611e-05,3.85371305252611e-05,3.85371305252611e-05,3.85371305252611e-05,3.85371305252611e-05,3.85371305252611e-05,3.85371305252611e-05,3.85371305252611e-05,3.85371305252611e-05,3.85371305252611e-05,3.85371305252611e-05,3.85371305252611e-05,3.85371305252611e-05,3.85371305252611e-05,3.85371305252611e-05,3.85371305252611e-05,3.85371305252611e-05,3.85371305252611e-05,3.85371305252611e-05,3.85371305252611e-05,3.85371305252611e-05,3.85371305252611e-05,3.85371305252611e-05,3.85371305252611e-05,3.85371305252611e-05,3.85371305252611e-05,3.85371305252611e-05,3.85371305252611e-05,3.85371305252611e-05,3.85371305252611e-05,3.85371305252611e-05,3.85371305252611e-05,3.85371305252611e-05,3.85371305252611e-05,3.85371305252611e-05,3.85371305252611e-05,3.85371305252611e-05,3.85371305252611e-05,3.85371305252611e-05,3.85371305252611e-05,3.85371305252611e-05,3.85371305252611e-05,3.85371305252611e-05,3.85371305252611e-05,3.85371305252611e-05,3.85371305252611e-05,3.85371305252611e-05,3.85371305252611e-05,3.85371305252611e-05,3.85371305252611e-05,3.85371305252611e-05,3.85371305252611e-05,3.85371305252611e-05,3.85371305252611e-05,3.85371305252611e-05,3.85371305252611e-05,3.85371305252611e-05,3.85371305252611e-05,3.85371305252611e-05,3.85371305252611e-05,3.85371305252611e-05,3.85371305252611e-05,3.85371305252611e-05,3.85371305252611e-05,3.85371305252611e-05,3.85371305252611e-05,3.85371305252611e-05,3.85371305252611e-05,3.85371305252611e-05,3.85371305252611e-05,3.85371305252611e-05,3.85371305252611e-05
3.85371305252611e-05,3.85371305252611e-05,3.85371305252611e-05,3.85371305252611e-05,3.85371305252611e-05,3.85371305252611e-05,3.85371305252611e-05,3.85371305252611e-05,3.85371305252611e-05,3.85371305252611e-05,3.85371305252611e-05,3.85371305252611e-05,3.85371305252611e-05,3.85371305252611e-05,3.85371305252611e-05,3.85371305252611e-05,3.85371305252611e-05,3.85371305252611e-05,3.85371305252611e-05,3.85371305252611e-05,3.85371305252611e-05,3.85371305252611e-05,3.85371305252611e-05,3.85371305252611e-05,3.85371305252611e-05,3.85371305252611e-05,3.85371305252611e-05,3.85371305252611e-05,3.85371305252611e-05,3.85371305252611e-05,3.85371305252611e-05,3.85371305252611e-05,3.85371305252611e-05,3.85371305252611e-05,3.85371305252611e-05,3.85371305252611e-05,3.85371305252611e-05,3.85371305252611e-05,3.85371305252611e-05,3.85371305252611e-05,3.85371305252611e-05,3.85371305252611e-05,3.85371305252611e-05,3.85371305252611e-05,3.85371305252611e-05,3.85371305252611e-05,3.85371305252611e-05,3.85371305252611e-05,3.85371305252611e-05,3.85371305252611e-05,3.85371305252611e-05,3.85371305252611e-05,3.85371305252611e-05,3.85371305252611e-05,3.85371305252611e-05,3.85371305252611e-05,3.85371305252611e-05,3.85371305252611e-05,3.85371305252611e-05,3.85371305252611e-05,3.85371305252611e-05,3.85371305252611e-05,3.85371305252611e-05,3.85371305252611e-05,3.85371305252611e-05,3.85371305252611e-05,3.85371305252611e-05,3.85371305252611e-05,3.85371305252611e-05,3.85371305252611e-05,3.85371305252611e-05,3.85371305252611e-05,3.85371305252611e-05,3.85371305252611e-05,3.85371305252611e-05,3.85371305252611e-05,3.85371305252611e-05,3.85371305252611e-05,3.85371305252611e-05,3.85371305252611e-05,3.85371305252611e-05,3.85371305252611e-05,3.85371305252611e-05,3.85371305252611e-05,3.85371305252611e-05,3.85371305252611e-05,3.85371305252611e-05,3.85371305252611e-05,3.85371305252611e-05,3.85371305252611e-05,3.85371305252611e-05,3.85371305252611e-05,3.85371305252611e-05,3.85371305252611e-05,3.85371305252611e-05,3.85371305252611e-05,3.85371305252611e-05,3.85371305252611e-05,3.85371305252611e-05,3.85371305252611e-05
3.85371305252611e-05,3.85371305252611e-05,3.85371305252611e-05,3.85371305252611e-05,3.85371305252611e-05,3.85371305252611e-05,3.85371305252611e-05,3.85371305252611e-05,3.85371305252611e-05,3.85371305252611e-05,3.85371305252611e-05,3.85371305252611e-05,3.85371305252611e-05,3.85371305252611e-05,3.85371305252611e-05,3.85371305252611e-05,3.85371305252611e-05,3.85371305252611e-05,3.85371305252611e-05,3.85371305252611e-05,3.85371305252611e-05,3.85371305252611e-05,3.85371305252611e-05,3.85371305252611e-05,3.85371305252611e-05,3.85371305252611e-05,3.85371305252611e-05,3.85371305252611e-05,3.85371305252611e-05,3.85371305252611e-05,3.85371305252611e-05,3.85371305252611e-05,3.85371305252611e-05,3.85371305252611e-05,3.85371305252611e-05,3.85371305252611e-05,3.85371305252611e-05,3.85371305252611e-05,3.85371305252611e-05,3.85371305252611e-05,3.85371305252611e-05,3.85371305252611e-05,3.85371305252611e-05,3.85371305252611e-05,3.85371305252611e-05,3.85371305252611e-05,3.85371305252611e-05,3.85371305252611e-05,3.85371305252611e-05,3.85371305252611e-05,3.85371305252611e-05,3.85371305252611e-05,3.85371305252611e-05,3.85371305252611e-05,3.85371305252611e-05,3.85371305252611e-05,3.85371305252611e-05,3.85371305252611e-05,3.85371305252611e-05,3.85371305252611e-05,3.85371305252611e-05,3.85371305252611e-05,3.85371305252611e-05,3.85371305252611e-05,3.85371305252611e-05,3.85371305252611e-05,3.85371305252611e-05,3.85371305252611e-05,3.85371305252611e-05,3.85371305252611e-05,3.85371305252611e-05,3.85371305252611e-05,3.85371305252611e-05,3.85371305252611e-05,3.85371305252611e-05,3.85371305252611e-05,3.85371305252611e-05,3.85371305252611e-05,3.85371305252611e-05,3.85371305252611e-05,3.85371305252611e-05,3.85371305252611e-05,3.85371305252611e-05,3.85371305252611e-05,3.85371305252611e-05,3.85371305252611e-05,3.85371305252611e-05,3.85371305252611e-05,3.85371305252611e-05,3.85371305252611e-05,3.85371305252611e-05,3.85371305252611e-05,3.85371305252611e-05,3.85371305252611e-05,3.85371305252611e-05,3.85371305252611e-05,3.85371305252611e-05,3.85371305252611e-05,3.85371305252611e-05,3.85371305252611e-05
3.85371305252611e-05,3.85371305252611e-05,3.85371305252611e-05,3.85371305252611e-05,3.85371305252611e-05,3.85371305252611e-05,3.85371305252611e-05,3.85371305252611e-05,3.85371305252611e-05,3.85371305252611e-05,3.85371305252611e-05,3.85371305252611e-05,3.85371305252611e-05,3.85371305252611e-05,3.85371305252611e-05,3.85371305252611e-05,3.85371305252611e-05,3.85371305252611e-05,3.85371305252611e-05,3.85371305252611e-05,3.85371305252611e-05,3.85371305252611e-05,3.85371305252611e-05,3.85371305252611e-05,3.85371305252611e-05,3.85371305252611e-05,3.85371305252611e-05,3.85371305252611e-05,3.85371305252611e-05,3.85371305252611e-05,3.85371305252611e-05,3.85371305252611e-05,3.85371305252611e-05,3.85371305252611e-05,3.85371305252611e-05,3.85371305252611e-05,3.85371305252611e-05,3.85371305252611e-05,3.85371305252611e-05,3.85371305252611e-05,3.85371305252611e-05,3.85371305252611e-05,3.85371305252611e-05,3.85371305252611e-05,3.85371305252611e-05,3.85371305252611e-05,3.85371305252611e-05,3.85371305252611e-05,3.85371305252611e-05,3.85371305252611e-05,3.85371305252611e-05,3.85371305252611e-05,3.85371305252611e-05,3.85371305252611e-05,3.85371305252611e-05,3.85371305252611e-05,3.85371305252611e-05,3.85371305252611e-05,3.85371305252611e-05,3.85371305252611e-05,3.85371305252611e-05,3.85371305252611e-05,3.85371305252611e-05,3.85371305252611e-05,3.85371305252611e-05,3.85371305252611e-05,3.85371305252611e-05,3.85371305252611e-05,3.85371305252611e-05,3.85371305252611e-05,3.85371305252611e-05,3.85371305252611e-05,3.85371305252611e-05,3.85371305252611e-05,3.85371305252611e-05,3.85371305252611e-05,3.85371305252611e-05,3.85371305252611e-05,3.85371305252611e-05,3.85371305252611e-05,3.85371305252611e-05,3.85371305252611e-05,3.85371305252611e-05,3.85371305252611e-05,3.85371305252611e-05,3.85371305252611e-05,3.85371305252611e-05,3.85371305252611e-05,3.85371305252611e-05,3.85371305252611e-05,3.85371305252611e-05,3.85371305252611e-05,3.85371305252611e-05,3.85371305252611e-05,3.85371305252611e-05,3.85371305252611e-05,3.85371305252611e-05,3.85371305252611e-05,3.85371305252611e-05,3.85371305252611e-05
3.85371305252611e-05,3.85371305252611e-05,3.85371305252611e-05,3.85371305252611e-05,3.85371305252611e-05,3.85371305252611e-05,3.85371305252611e-05,3.85371305252611e-05,3.85371305252611e-05,3.85371305252611e-05,3.85371305252611e-05,3.85371305252611e-05,3.85371305252611e-05,3.85371305252611e-05,3.85371305252611e-05,3.85371305252611e-05,3.85371305252611e-05,3.85371305252611e-05,3.85371305252611e-05,3.85371305252611e-05,3.85371305252611e-05,3.85371305252611e-05,3.85371305252611e-05,3.85371305252611e-05,3.85371305252611e-05,3.85371305252611e-05,3.85371305252611e-05,3.85371305252611e-05,3.85371305252611e-05,3.85371305252611e-05,3.85371305252611e-05,3.85371305252611e-05,3.85371305252611e-05,3.85371305252611e-05,3.85371305252611e-05,3.85371305252611e-05,3.85371305252611e-05,3.85371305252611e-05,3.85371305252611e-05,3.85371305252611e-05,3.85371305252611e-05,3.85371305252611e-05,3.85371305252611e-05,3.85371305252611e-05,3.85371305252611e-05,3.85371305252611e-05,3.85371305252611e-05,3.85371305252611e-05,3.85371305252611e-05,3.85371305252611e-05,3.85371305252611e-05,3.85371305252611e-05,3.85371305252611e-05,3.85371305252611e-05,3.85371305252611e-05,3.85371305252611e-05,3.85371305252611e-05,3.85371305252611e-05,3.85371305252611e-05,3.85371305252611e-05,3.85371305252611e-05,3.85371305252611e-05,3.85371305252611e-05,3.85371305252611e-05,3.85371305252611e-05,3.85371305252611e-05,3.85371305252611e-05,3.85371305252611e-05,3.85371305252611e-05,3.85371305252611e-05,3.85371305252611e-05,3.85371305252611e-05,3.85371305252611e-05,3.85371305252611e-05,3.85371305252611e-05,3.85371305252611e-05,3.85371305252611e-05,3.85371305252611e-05,3.85371305252611e-05,3.85371305252611e-05,3.85371305252611e-05,3.85371305252611e-05,3.85371305252611e-05,3.85371305252611e-05,3.85371305252611e-05,3.85371305252611e-05,3.85371305252611e-05,3.85371305252611e-05,3.85371305252611e-05,3.85371305252611e-05,3.85371305252611e-05,3.85371305252611e-05,3.85371305252611e-05,3.85371305252611e-05,3.85371305252611e-05,3.85371305252611e-05,3.85371305252611e-05,3.85371305252611e-05,3.85371305252611e-05,3.85371305252611e-05
3.85371305252611e-05,3.85371305252611e-05,3.85371305252611e-05,3.85371305252611e-05,3.85371305252611e-05,3.85371305252611e-05,3.85371305252611e-05,3.85371305252611e-05,3.85371305252611e-05,3.85371305252611e-05,3.85371305252611e-05,3.85371305252611e-05,3.85371305252611e-05,3.85371305252611e-05,3.85371305252611e-05,3.85371305252611e-05,3.85371305252611e-05,3.85371305252611e-05,3.85371305252611e-05,3.85371305252611e-05,3.85371305252611e-05,3.85371305252611e-05,3.85371305252611e-05,3.85371305252611e-05,3.85371305252611e-05,3.85371305252611e-05,3.85371305252611e-05,3.85371305252611e-05,3.85371305252611e-05,3.85371305252611e-05,3.85371305252611e-05,3.85371305252611e-05,3.85371305252611e-05,3.85371305252611e-05,3.85371305252611e-05,3.85371305252611e-05,3.85371305252611e-05,3.85371305252611e-05,3.85371305252611e-05,3.85371305252611e-05,3.85371305252611e-05,3.85371305252611e-05,3.85371305252611e-05,3.85371305252611e-05,3.85371305252611e-05,3.85371305252611e-05,3.85371305252611e-05,3.85371305252611e-05,3.85371305252611e-05,3.85371305252611e-05,3.85371305252611e-05,3.85371305252611e-05,3.85371305252611e-05,3.85371305252611e-05,3.85371305252611e-05,3.85371305252611e-05,3.85371305252611e-05,3.85371305252611e-05,3.85371305252611e-05,3.85371305252611e-05,3.85371305252611e-05,3.85371305252611e-05,3.85371305252611e-05,3.85371305252611e-05,3.85371305252611e-05,3.85371305252611e-05,3.85371305252611e-05,3.85371305252611e-05,3.85371305252611e-05,3.85371305252611e-05,3.85371305252611e-05,3.85371305252611e-05,3.85371305252611e-05,3.85371305252611e-05,3.85371305252611e-05,3.85371305252611e-05,3.85371305252611e-05,3.85371305252611e-05,3.85371305252611e-05,3.85371305252611e-05,3.85371305252611e-05,3.85371305252611e-05,3.85371305252611e-05,3.85371305252611e-05,3.85371305252611e-05,3.85371305252611e-05,3.85371305252611e-05,3.85371305252611e-05,3.85371305252611e-05,3.85371305252611e-05,3.85371305252611e-05,3.85371305252611e-05,3.85371305252611e-05,3.85371305252611e-05,3.85371305252611e-05,3.85371305252611e-05,3.85371305252611e-05,3.85371305252611e-05,3.85371305252611e-05,3.85371305252611e-05
3.85371305252611e-05,3.85371305252611e-05,3.85371305252611e-05,3.85371305252611e-05,3.85371305252611e-05,3.85371305252611e-05,3.85371305252611e-05,3.85371305252611e-05,3.85371305252611e-05,3.85371305252611e-05,3.85371305252611e-05,3.85371305252611e-05,3.85371305252611e-05,3.85371305252611e-05,3.85371305252611e-05,3.85371305252611e-05,3.85371305252611e-05,3.85371305252611e-05,3.85371305252611e-05,3.85371305252611e-05,3.85371305252611e-05,3.85371305252611e-05,3.85371305252611e-05,3.85371305252611e-05,3.85371305252611e-05,3.85371305252611e-05,3.85371305252611e-05,3.85371305252611e-05,3.85371305252611e-05,3.85371305252611e-05,3.85371305252611e-05,3.85371305252611e-05,3.85371305252611e-05,3.85371305252611e-05,3.85371305252611e-05,3.85371305252611e-05,3.85371305252611e-05,3.85371305252611e-05,3.85371305252611e-05,3.85371305252611e-05,3.85371305252611e-05,3.85371305252611e-05,3.85371305252611e-05,3.85371305252611e-05,3.85371305252611e-05,3.85371305252611e-05,3.85371305252611e-05,3.85371305252611e-05,3.85371305252611e-05,3.85371305252611e-05,3.85371305252611e-05,3.85371305252611e-05,3.85371305252611e-05,3.85371305252611e-05,3.85371305252611e-05,3.85371305252611e-05,3.85371305252611e-05,3.85371305252611e-05,3.85371305252611e-05,3.85371305252611e-05,3.85371305252611e-05,3.85371305252611e-05,3.85371305252611e-05,3.85371305252611e-05,3.85371305252611e-05,3.85371305252611e-05,3.85371305252611e-05,3.85371305252611e-05,3.85371305252611e-05,3.85371305252611e-05,3.85371305252611e-05,3.85371305252611e-05,3.85371305252611e-05,3.85371305252611e-05,3.85371305252611e-05,3.85371305252611e-05,3.85371305252611e-05,3.85371305252611e-05,3.85371305252611e-05,3.85371305252611e-05,3.85371305252611e-05,3.85371305252611e-05,3.85371305252611e-05,3.85371305252611e-05,3.85371305252611e-05,3.85371305252611e-05,3.85371305252611e-05,3.85371305252611e-05,3.85371305252611e-05,3.85371305252611e-05,3.85371305252611e-05,3.85371305252611e-05,3.85371305252611e-05,3.85371305252611e-05,3.85371305252611e-05,3.85371305252611e-05,3.85371305252611e-05,3.85371305252611e-05,3.85371305252611e-05,3.85371305252611e-05
3.85371305252611e-05,3.85371305252611e-05,3.85371305252611e-05,3.85371305252611e-05,3.85371305252611e-05,3.85371305252611e-05,3.85371305252611e-05,3.85371305252611e-05,3.85371305252611e-05,3.85371305252611e-05,3.85371305252611e-05,3.85371305252611e-05,3.85371305252611e-05,3.85371305252611e-05,3.85371305252611e-05,3.85371305252611e-05,3.85371305252611e-05,3.85371305252611e-05,3.85371305252611e-05,3.85371305252611e-05,3.85371305252611e-05,3.85371305252611e-05,3.85371305252611e-05,3.85371305252611e-05,3.85371305252611e-05,3.85371305252611e-05,3.85371305252611e-05,3.85371305252611e-05,3.85371305252611e-05,3.85371305252611e-05,3.85371305252611e-05,3.85371305252611e-05,3.85371305252611e-05,3.85371305252611e-05,3.85371305252611e-05,3.85371305252611e-05,3.85371305252611e-05,3.85371305252611e-05,3.85371305252611e-05,3.85371305252611e-05,3.85371305252611e-05,3.85371305252611e-05,3.85371305252611e-05,3.85371305252611e-05,3.85371305252611e-05,3.85371305252611e-05,3.85371305252611e-05,3.85371305252611e-05,3.85371305252611e-05,3.85371305252611e-05,3.85371305252611e-05,3.85371305252611e-05,3.85371305252611e-05,3.85371305252611e-05,3.85371305252611e-05,3.85371305252611e-05,3.85371305252611e-05,3.85371305252611e-05,3.85371305252611e-05,3.85371305252611e-05,3.85371305252611e-05,3.85371305252611e-05,3.85371305252611e-05,3.85371305252611e-05,3.85371305252611e-05,3.85371305252611e-05,3.85371305252611e-05,3.85371305252611e-05,3.85371305252611e-05,3.85371305252611e-05,3.85371305252611e-05,3.85371305252611e-05,3.85371305252611e-05,3.85371305252611e-05,3.85371305252611e-05,3.85371305252611e-05,3.85371305252611e-05,3.85371305252611e-05,3.85371305252611e-05,3.85371305252611e-05,3.85371305252611e-05,3.85371305252611e-05,3.85371305252611e-05,3.85371305252611e-05,3.85371305252611e-05,3.85371305252611e-05,3.85371305252611e-05,3.85371305252611e-05,3.85371305252611e-05,3.85371305252611e-05,3.85371305252611e-05,3.85371305252611e-05,3.85371305252611e-05,3.85371305252611e-05,3.85371305252611e-05,3.85371305252611e-05,3.85371305252611e-05,3.85371305252611e-05,3.85371305252611e-05,3.85371305252611e-05
3.85371305252611e-05,3.85371305252611e-05,3.85371305252611e-05,3.85371305252611e-05,3.85371305252611e-05,3.85371305252611e-05,3.85371305252611e-05,3.85371305252611e-05,3.85371305252611e-05,3.85371305252611e-05,3.85371305252611e-05,3.85371305252611e-05,3.85371305252611e-05,3.85371305252611e-05,3.85371305252611e-05,3.85371305252611e-05,3.85371305252611e-05,3.85371305252611e-05,3.85371305252611e-05,3.85371305252611e-05,3.85371305252611e-05,3.85371305252611e-05,3.85371305252611e-05,3.85371305252611e-05,3.85371305252611e-05,3.85371305252611e-05,3.85371305252611e-05,3.85371305252611e-05,3.85371305252611e-05,3.85371305252611e-05,3.85371305252611e-05,3.85371305252611e-05,3.85371305252611e-05,3.85371305252611e-05,3.85371305252611e-05,3.85371305252611e-05,3.85371305252611e-05,3.85371305252611e-05,3.85371305252611e-05,3.85371305252611e-05,3.85371305252611e-05,3.85371305252611e-05,3.85371305252611e-05,3.85371305252611e-05,3.85371305252611e-05,3.85371305252611e-05,3.85371305252611e-05,3.85371305252611e-05,3.85371305252611e-05,3.85371305252611e-05,3.85371305252611e-05,3.85371305252611e-05,3.85371305252611e-05,3.85371305252611e-05,3.85371305252611e-05,3.85371305252611e-05,3.85371305252611e-05,3.85371305252611e-05,3.85371305252611e-05,3.85371305252611e-05,3.85371305252611e-05,3.85371305252611e-05,3.85371305252611e-05,3.85371305252611e-05,3.85371305252611e-05,3.85371305252611e-05,3.85371305252611e-05,3.85371305252611e-05,3.85371305252611e-05,3.85371305252611e-05,3.85371305252611e-05,3.85371305252611e-05,3.85371305252611e-05,3.85371305252611e-05,3.85371305252611e-05,3.85371305252611e-05,3.85371305252611e-05,3.85371305252611e-05,3.85371305252611e-05,3.85371305252611e-05,3.85371305252611e-05,3.85371305252611e-05,3.85371305252611e-05,3.85371305252611e-05,3.85371305252611e-05,3.85371305252611e-05,3.85371305252611e-05,3.85371305252611e-05,3.85371305252611e-05,3.85371305252611e-05,3.85371305252611e-05,3.85371305252611e-05,3.85371305252611e-05,3.85371305252611e-05,3.85371305252611e-05,3.85371305252611e-05,3.85371305252611e-05,3.85371305252611e-05,3.85371305252611e-05,3.85371305252611e-05
3.85371305252611e-05,3.85371305252611e-05,3.85371305252611e-05,3.85371305252611e-05,3.85371305252611e-05,3.85371305252611e-05,3.85371305252611e-05,3.85371305252611e-05,3.85371305252611e-05,3.85371305252611e-05,3.85371305252611e-05,3.85371305252611e-05,3.85371305252611e-05,3.85371305252611e-05,3.85371305252611e-05,3.85371305252611e-05,3.85371305252611e-05,3.85371305252611e-05,3.85371305252611e-05,3.85371305252611e-05,3.85371305252611e-05,3.85371305252611e-05,3.85371305252611e-05,3.85371305252611e-05,3.85371305252611e-05,3.85371305252611e-05,3.85371305252611e-05,3.85371305252611e-05,3.85371305252611e-05,3.85371305252611e-05,3.85371305252611e-05,3.85371305252611e-05,3.85371305252611e-05,3.85371305252611e-05,3.85371305252611e-05,3.85371305252611e-05,3.85371305252611e-05,3.85371305252611e-05,3.85371305252611e-05,3.85371305252611e-05,3.85371305252611e-05,3.85371305252611e-05,3.85371305252611e-05,3.85371305252611e-05,3.85371305252611e-05,3.85371305252611e-05,3.85371305252611e-05,3.85371305252611e-05,3.85371305252611e-05,3.85371305252611e-05,3.85371305252611e-05,3.85371305252611e-05,3.85371305252611e-05,3.85371305252611e-05,3.85371305252611e-05,3.85371305252611e-05,3.85371305252611e-05,3.85371305252611e-05,3.85371305252611e-05,3.85371305252611e-05,3.85371305252611e-05,3.85371305252611e-05,3.85371305252611e-05,3.85371305252611e-05,3.85371305252611e-05,3.85371305252611e-05,3.85371305252611e-05,3.85371305252611e-05,3.85371305252611e-05,3.85371305252611e-05,3.85371305252611e-05,3.85371305252611e-05,3.85371305252611e-05,3.85371305252611e-05,3.85371305252611e-05,3.85371305252611e-05,3.85371305252611e-05,3.85371305252611e-05,3.85371305252611e-05,3.85371305252611e-05,3.85371305252611e-05,3.85371305252611e-05,3.85371305252611e-05,3.85371305252611e-05,3.85371305252611e-05,3.85371305252611e-05,3.85371305252611e-05,3.85371305252611e-05,3.85371305252611e-05,3.85371305252611e-05,3.85371305252611e-05,3.85371305252611e-05,3.85371305252611e-05,3.85371305252611e-05,3.85371305252611e-05,3.85371305252611e-05,3.85371305252611e-05,3.85371305252611e-05,3.85371305252611e-05,3.85371305252611e-05
3.85371305252611e-05,3.85371305252611e-05,3.85371305252611e-05,3.85371305252611e-05,3.85371305252611e-05,3.85371305252611e-05,3.85371305252611e-05,3.85371305252611e-05,3.85371305252611e-05,3.85371305252611e-05,3.85371305252611e-05,3.85371305252611e-05,3.85371305252611e-05,3.85371305252611e-05,3.85371305252611e-05,3.85371305252611e-05,3.85371305252611e-05,3.85371305252611e-05,3.85371305252611e-05,3.85371305252611e-05,3.85371305252611e-05,3.85371305252611e-05,3.85371305252611e-05,3.85371305252611e-05,3.85371305252611e-05,3.85371305252611e-05,3.85371305252611e-05,3.85371305252611e-05,3.85371305252611e-05,3.85371305252611e-05,3.85371305252611e-05,3.85371305252611e-05,3.85371305252611e-05,3.85371305252611e-05,3.85371305252611e-05,3.85371305252611e-05,3.85371305252611e-05,3.85371305252611e-05,3.85371305252611e-05,3.85371305252611e-05,3.85371305252611e-05,3.85371305252611e-05,3.85371305252611e-05,3.85371305252611e-05,3.85371305252611e-05,3.85371305252611e-05,3.85371305252611e-05,3.85371305252611e-05,3.85371305252611e-05,3.85371305252611e-05,3.85371305252611e-05,3.85371305252611e-05,3.85371305252611e-05,3.85371305252611e-05,3.85371305252611e-05,3.85371305252611e-05,3.85371305252611e-05,3.85371305252611e-05,3.85371305252611e-05,3.85371305252611e-05,3.85371305252611e-05,3.85371305252611e-05,3.85371305252611e-05,3.85371305252611e-05,3.85371305252611e-05,3.85371305252611e-05,3.85371305252611e-05,3.85371305252611e-05,3.85371305252611e-05,3.85371305252611e-05,3.85371305252611e-05,3.85371305252611e-05,3.85371305252611e-05,3.85371305252611e-05,3.85371305252611e-05,3.85371305252611e-05,3.85371305252611e-05,3.85371305252611e-05,3.85371305252611e-05,3.85371305252611e-05,3.85371305252611e-05,3.85371305252611e-05,3.85371305252611e-05,3.85371305252611e-05,3.85371305252611e-05,3.85371305252611e-05,3.85371305252611e-05,3.85371305252611e-05,3.85371305252611e-05,3.85371305252611e-05,3.85371305252611e-05,3.85371305252611e-05,3.85371305252611e-05,3.85371305252611e-05,3.85371305252611e-05,3.85371305252611e-05,3.85371305252611e-05,3.85371305252611e-05,3.85371305252611e-05,3.85371305252611e-05
3.85371305252611e-05,3.85371305252611e-05,3.85371305252611e-05,3.85371305252611e-05,3.85371305252611e-05,3.85371305252611e-05,3.85371305252611e-05,3.85371305252611e-05,3.85371305252611e-05,3.85371305252611e-05,3.85371305252611e-05,3.85371305252611e-05,3.85371305252611e-05,3.85371305252611e-05,3.85371305252611e-05,3.85371305252611e-05,3.85371305252611e-05,3.85371305252611e-05,3.85371305252611e-05,3.85371305252611e-05,3.85371305252611e-05,3.85371305252611e-05,3.85371305252611e-05,3.85371305252611e-05,3.85371305252611e-05,3.85371305252611e-05,3.85371305252611e-05,3.85371305252611e-05,3.85371305252611e-05,3.85371305252611e-05,3.85371305252611e-05,3.85371305252611e-05,3.85371305252611e-05,3.85371305252611e-05,3.85371305252611e-05,3.85371305252611e-05,3.85371305252611e-05,3.85371305252611e-05,3.85371305252611e-05,3.85371305252611e-05,3.85371305252611e-05,3.85371305252611e-05,3.85371305252611e-05,3.85371305252611e-05,3.85371305252611e-05,3.85371305252611e-05,3.85371305252611e-05,3.85371305252611e-05,3.85371305252611e-05,3.85371305252611e-05,3.85371305252611e-05,3.85371305252611e-05,3.85371305252611e-05,3.85371305252611e-05,3.85371305252611e-05,3.85371305252611e-05,3.85371305252611e-05,3.85371305252611e-05,3.85371305252611e-05,3.85371305252611e-05,3.85371305252611e-05,3.85371305252611e-05,3.85371305252611e-05,3.85371305252611e-05,3.85371305252611e-05,3.85371305252611e-05,3.85371305252611e-05,3.85371305252611e-05,3.85371305252611e-05,3.85371305252611e-05,3.85371305252611e-05,3.85371305252611e-05,3.85371305252611e-05,3.85371305252611e-05,3.85371305252611e-05,3.85371305252611e-05,3.85371305252611e-05,3.85371305252611e-05,3.85371305252611e-05,3.85371305252611e-05,3.85371305252611e-05,3.85371305252611e-05,3.85371305252611e-05,3.85371305252611e-05,3.85371305252611e-05,3.85371305252611e-05,3.85371305252611e-05,3.85371305252611e-05,3.85371305252611e-05,3.85371305252611e-05,3.85371305252611e-05,3.85371305252611e-05,3.85371305252611e-05,3.85371305252611e-05,3.85371305252611e-05,3.85371305252611e-05,3.85371305252611e-05,3.85371305252611e-05,3.85371305252611e-05,3.85371305252611e-05
3.85371305252611e-05,3.85371305252611e-05,3.85371305252611e-05,3.85371305252611e-05,3.85371305252611e-05,3.85371305252611e-05,3.85371305252611e-05,3.85371305252611e-05,3.85371305252611e-05,3.85371305252611e-05,3.85371305252611e-05,3.85371305252611e-05,3.85371305252611e-05,3.85371305252611e-05,3.85371305252611e-05,3.85371305252611e-05,3.85371305252611e-05,3.85371305252611e-05,3.85371305252611e-05,3.85371305252611e-05,3.85371305252611e-05,3.85371305252611e-05,3.85371305252611e-05,3.85371305252611e-05,3.85371305252611e-05,3.85371305252611e-05,3.85371305252611e-05,3.85371305252611e-05,3.85371305252611e-05,3.85371305252611e-05,3.85371305252611e-05,3.85371305252611e-05,3.85371305252611e-05,3.85371305252611e-05,3.85371305252611e-05,3.85371305252611e-05,3.85371305252611e-05,3.85371305252611e-05,3.85371305252611e-05,3.85371305252611e-05,3.85371305252611e-05,3.85371305252611e-05,3.85371305252611e-05,3.85371305252611e-05,3.85371305252611e-05,3.85371305252611e-05,3.85371305252611e-05,3.85371305252611e-05,3.85371305252611e-05,3.85371305252611e-05,3.85371305252611e-05,3.85371305252611e-05,3.85371305252611e-05,3.85371305252611e-05,3.85371305252611e-05,3.85371305252611e-05,3.85371305252611e-05,3.85371305252611e-05,3.85371305252611e-05,3.85371305252611e-05,3.85371305252611e-05,3.85371305252611e-05,3.85371305252611e-05,3.85371305252611e-05,3.85371305252611e-05,3.85371305252611e-05,3.85371305252611e-05,3.85371305252611e-05,3.85371305252611e-05,3.85371305252611e-05,3.85371305252611e-05,3.85371305252611e-05,3.85371305252611e-05,3.85371305252611e-05,3.85371305252611e-05,3.85371305252611e-05,3.85371305252611e-05,3.85371305252611e-05,3.85371305252611e-05,3.85371305252611e-05,3.85371305252611e-05,3.85371305252611e-05,3.85371305252611e-05,3.85371305252611e-05,3.85371305252611e-05,3.85371305252611e-05,3.85371305252611e-05,3.85371305252611e-05,3.85371305252611e-05,3.85371305252611e-05,3.85371305252611e-05,3.85371305252611e-05,3.85371305252611e-05,3.85371305252611e-05,3.85371305252611e-05,3.85371305252611e-05,3.85371305252611e-05,3.85371305252611e-05,3.85371305252611e-05,3.85371305252611e-05
3.85371305252611e-05,3.85371305252611e-05,3.85371305252611e-05,3.85371305252611e-05,3.85371305252611e-05,3.85371305252611e-05,3.85371305252611e-05,3.85371305252611e-05,3.85371305252611e-05,3.85371305252611e-05,3.85371305252611e-05,3.85371305252611e-05,3.85371305252611e-05,3.85371305252611e-05,3.85371305252611e-05,3.85371305252611e-05,3.85371305252611e-05,3.85371305252611e-05,3.85371305252611e-05,3.85371305252611e-05,3.85371305252611e-05,3.85371305252611e-05,3.85371305252611e-05,3.85371305252611e-05,3.85371305252611e-05,3.85371305252611e-05,3.85371305252611e-05,3.85371305252611e-05,3.85371305252611e-05,3.85371305252611e-05,3.85371305252611e-05,3.85371305252611e-05,3.85371305252611e-05,3.85371305252611e-05,3.85371305252611e-05,3.85371305252611e-05,3.85371305252611e-05,3.85371305252611e-05,3.85371305252611e-05,3.85371305252611e-05,3.85371305252611e-05,3.85371305252611e-05,3.85371305252611e-05,3.85371305252611e-05,3.85371305252611e-05,3.85371305252611e-05,3.85371305252611e-05,3.85371305252611e-05,3.85371305252611e-05,3.85371305252611e-05,3.85371305252611e-05,3.85371305252611e-05,3.85371305252611e-05,3.85371305252611e-05,3.85371305252611e-05,3.85371305252611e-05,3.85371305252611e-05,3.85371305252611e-05,3.85371305252611e-05,3.85371305252611e-05,3.85371305252611e-05,3.85371305252611e-05,3.85371305252611e-05,3.85371305252611e-05,3.85371305252611e-05,3.85371305252611e-05,3.85371305252611e-05,3.85371305252611e-05,3.85371305252611e-05,3.85371305252611e-05,3.85371305252611e-05,3.85371305252611e-05,3.85371305252611e-05,3.85371305252611e-05,3.85371305252611e-05,3.85371305252611e-05,3.85371305252611e-05,3.85371305252611e-05,3.85371305252611e-05,3.85371305252611e-05,3.85371305252611e-05,3.85371305252611e-05,3.85371305252611e-05,3.85371305252611e-05,3.85371305252611e-05,3.85371305252611e-05,3.85371305252611e-05,3.85371305252611e-05,3.85371305252611e-05,3.85371305252611e-05,3.85371305252611e-05,3.85371305252611e-05,3.85371305252611e-05,3.85371305252611e-05,3.85371305252611e-05,3.85371305252611e-05,3.85371305252611e-05,3.85371305252611e-05,3.85371305252611e-05,3.85371305252611e-05
3.85371305252611e-05,3.85371305252611e-05,3.85371305252611e-05,3.85371305252611e-05,3.85371305252611e-05,3.85371305252611e-05,3.85371305252611e-05,3.85371305252611e-05,3.85371305252611e-05,3.85371305252611e-05,3.85371305252611e-05,3.85371305252611e-05,3.85371305252611e-05,3.85371305252611e-05,3.85371305252611e-05,3.85371305252611e-05,3.85371305252611e-05,3.85371305252611e-05,3.85371305252611e-05,3.85371305252611e-05,3.85371305252611e-05,3.85371305252611e-05,3.85371305252611e-05,3.85371305252611e-05,3.85371305252611e-05,3.85371305252611e-05,3.85371305252611e-05,3.85371305252611e-05,3.85371305252611e-05,3.85371305252611e-05,3.85371305252611e-05,3.85371305252611e-05,3.85371305252611e-05,3.85371305252611e-05,3.85371305252611e-05,3.85371305252611e-05,3.85371305252611e-05,3.85371305252611e-05,3.85371305252611e-05,3.85371305252611e-05,3.85371305252611e-05,3.85371305252611e-05,3.85371305252611e-05,3.85371305252611e-05,3.85371305252611e-05,3.85371305252611e-05,3.85371305252611e-05,3.85371305252611e-05,3.85371305252611e-05,3.85371305252611e-05,3.85371305252611e-05,3.85371305252611e-05,3.85371305252611e-05,3.85371305252611e-05,3.85371305252611e-05,3.85371305252611e-05,3.85371305252611e-05,3.85371305252611e-05,3.85371305252611e-05,3.85371305252611e-05,3.85371305252611e-05,3.85371305252611e-05,3.85371305252611e-05,3.85371305252611e-05,3.85371305252611e-05,3.85371305252611e-05,3.85371305252611e-05,3.85371305252611e-05,3.85371305252611e-05,3.85371305252611e-05,3.85371305252611e-05,3.85371305252611e-05,3.85371305252611e-05,3.85371305252611e-05,3.85371305252611e-05,3.85371305252611e-05,3.85371305252611e-05,3.85371305252611e-05,3.85371305252611e-05,3.85371305252611e-05,3.85371305252611e-05,3.85371305252611e-05,3.85371305252611e-05,3.85371305252611e-05,3.85371305252611e-05,3.85371305252611e-05,3.85371305252611e-05,3.85371305252611e-05,3.85371305252611e-05,3.85371305252611e-05,3.85371305252611e-05,3.85371305252611e-05,3.85371305252611e-05,3.85371305252611e-05,3.85371305252611e-05,3.85371305252611e-05,3.85371305252611e-05,3.85371305252611e-05,3.85371305252611e-05,3.85371305252611e-05
3.85371305252611e-05,3.85371305252611e-05,3.85371305252611e-05,3.85371305252611e-05,3.85371305252611e-05,3.85371305252611e-05,3.85371305252611e-05,3.85371305252611e-05,3.85371305252611e-05,3.85371305252611e-05,3.85371305252611e-05,3.85371305252611e-05,3.85371305252611e-05,3.85371305252611e-05,3.85371305252611e-05,3.85371305252611e-05,3.85371305252611e-05,3.85371305252611e-05,3.85371305252611e-05,3.85371305252611e-05,3.85371305252611e-05,3.85371305252611e-05,3.85371305252611e-05,3.85371305252611e-05,3.85371305252611e-05,3.85371305252611e-05,3.85371305252611e-05,3.85371305252611e-05,3.85371305252611e-05,3.85371305252611e-05,3.85371305252611e-05,3.85371305252611e-05,3.85371305252611e-05,3.85371305252611e-05,3.85371305252611e-05,3.85371305252611e-05,3.85371305252611e-05,3.85371305252611e-05,3.85371305252611e-05,3.85371305252611e-05,3.85371305252611e-05,3.85371305252611e-05,3.85371305252611e-05,3.85371305252611e-05,3.85371305252611e-05,3.85371305252611e-05,3.85371305252611e-05,3.85371305252611e-05,3.85371305252611e-05,3.85371305252611e-05,3.85371305252611e-05,3.85371305252611e-05,3.85371305252611e-05,3.85371305252611e-05,3.85371305252611e-05,3.85371305252611e-05,3.85371305252611e-05,3.85371305252611e-05,3.85371305252611e-05,3.85371305252611e-05,3.85371305252611e-05,3.85371305252611e-05,3.85371305252611e-05,3.85371305252611e-05,3.85371305252611e-05,3.85371305252611e-05,3.85371305252611e-05,3.85371305252611e-05,3.85371305252611e-05,3.85371305252611e-05,3.85371305252611e-05,3.85371305252611e-05,3.85371305252611e-05,3.85371305252611e-05,3.85371305252611e-05,3.85371305252611e-05,3.85371305252611e-05,3.85371305252611e-05,3.85371305252611e-05,3.85371305252611e-05,3.85371305252611e-05,3.85371305252611e-05,3.85371305252611e-05,3.85371305252611e-05,3.85371305252611e-05,3.85371305252611e-05,3.85371305252611e-05,3.85371305252611e-05,3.85371305252611e-05,3.85371305252611e-05,3.85371305252611e-05,3.85371305252611e-05,3.85371305252611e-05,3.85371305252611e-05,3.85371305252611e-05,3.85371305252611e-05,3.85371305252611e-05,3.85371305252611e-05,3.85371305252611e-05,3.85371305252611e-05
3.85371305252611e-05,3.85371305252611e-05,3.85371305252611e-05,3.85371305252611e-05,3.85371305252611e-05,3.85371305252611e-05,3.85371305252611e-05,3.85371305252611e-05,3.85371305252611e-05,3.85371305252611e-05,3.85371305252611e-05,3.85371305252611e-05,3.85371305252611e-05,3.85371305252611e-05,3.85371305252611e-05,3.85371305252611e-05,3.85371305252611e-05,3.85371305252611e-05,3.85371305252611e-05,3.85371305252611e-05,3.85371305252611e-05,3.85371305252611e-05,3.85371305252611e-05,3.85371305252611e-05,3.85371305252611e-05,3.85371305252611e-05,3.85371305252611e-05,3.85371305252611e-05,3.85371305252611e-05,3.85371305252611e-05,3.85371305252611e-05,3.85371305252611e-05,3.85371305252611e-05,3.85371305252611e-05,3.85371305252611e-05,3.85371305252611e-05,3.85371305252611e-05,3.85371305252611e-05,3.85371305252611e-05,3.85371305252611e-05,3.85371305252611e-05,3.85371305252611e-05,3.85371305252611e-05,3.85371305252611e-05,3.85371305252611e-05,3.85371305252611e-05,3.85371305252611e-05,3.85371305252611e-05,3.85371305252611e-05,3.85371305252611e-05,3.85371305252611e-05,3.85371305252611e-05,3.85371305252611e-05,3.85371305252611e-05,3.85371305252611e-05,3.85371305252611e-05,3.85371305252611e-05,3.85371305252611e-05,3.85371305252611e-05,3.85371305252611e-05,3.85371305252611e-05,3.85371305252611e-05,3.85371305252611e-05,3.85371305252611e-05,3.85371305252611e-05,3.85371305252611e-05,3.85371305252611e-05,3.85371305252611e-05,3.85371305252611e-05,3.85371305252611e-05,3.85371305252611e-05,3.85371305252611e-05,3.85371305252611e-05,3.85371305252611e-05,3.85371305252611e-05,3.85371305252611e-05,3.85371305252611e-05,3.85371305252611e-05,3.85371305252611e-05,3.85371305252611e-05,3.85371305252611e-05,3.85371305252611e-05,3.85371305252611e-05,3.85371305252611e-05,3.85371305252611e-05,3.85371305252611e-05,3.85371305252611e-05,3.85371305252611e-05,3.85371305252611e-05,3.85371305252611e-05,3.85371305252611e-05,3.85371305252611e-05,3.85371305252611e-05,3.85371305252611e-05,3.85371305252611e-05,3.85371305252611e-05,3.85371305252611e-05,3.85371305252611e-05,3.85371305252611e-05,3.85371305252611e-05
3.85371305252611e-05,3.85371305252611e-05,3.85371305252611e-05,3.85371305252611e-05,3.85371305252611e-05,3.85371305252611e-05,3.85371305252611e-05,3.85371305252611e-05,3.85371305252611e-05,3.85371305252611e-05,3.85371305252611e-05,3.85371305252611e-05,3.85371305252611e-05,3.85371305252611e-05,3.85371305252611e-05,3.85371305252611e-05,3.85371305252611e-05,3.85371305252611e-05,3.85371305252611e-05,3.85371305252611e-05,3.85371305252611e-05,3.85371305252611e-05,3.85371305252611e-05,3.85371305252611e-05,3.85371305252611e-05,3.85371305252611e-05,3.85371305252611e-05,3.85371305252611e-05,3.85371305252611e-05,3.85371305252611e-05,3.85371305252611e-05,3.85371305252611e-05,3.85371305252611e-05,3.85371305252611e-05,3.85371305252611e-05,3.85371305252611e-05,3.85371305252611e-05,3.85371305252611e-05,3.85371305252611e-05,3.85371305252611e-05,3.85371305252611e-05,3.85371305252611e-05,3.85371305252611e-05,3.85371305252611e-05,3.85371305252611e-05,3.85371305252611e-05,3.85371305252611e-05,3.85371305252611e-05,3.85371305252611e-05,3.85371305252611e-05,3.85371305252611e-05,3.85371305252611e-05,3.85371305252611e-05,3.85371305252611e-05,3.85371305252611e-05,3.85371305252611e-05,3.85371305252611e-05,3.85371305252611e-05,3.85371305252611e-05,3.85371305252611e-05,3.85371305252611e-05,3.85371305252611e-05,3.85371305252611e-05,3.85371305252611e-05,3.85371305252611e-05,3.85371305252611e-05,3.85371305252611e-05,3.85371305252611e-05,3.85371305252611e-05,3.85371305252611e-05,3.85371305252611e-05,3.85371305252611e-05,3.85371305252611e-05,3.85371305252611e-05,3.85371305252611e-05,3.85371305252611e-05,3.85371305252611e-05,3.85371305252611e-05,3.85371305252611e-05,3.85371305252611e-05,3.85371305252611e-05,3.85371305252611e-05,3.85371305252611e-05,3.85371305252611e-05,3.85371305252611e-05,3.85371305252611e-05,3.85371305252611e-05,3.85371305252611e-05,3.85371305252611e-05,3.85371305252611e-05,3.85371305252611e-05,3.85371305252611e-05,3.85371305252611e-05,3.85371305252611e-05,3.85371305252611e-05,3.85371305252611e-05,3.85371305252611e-05,3.85371305252611e-05,3.85371305252611e-05,3.85371305252611e-05
3.85371305252611e-05,3.85371305252611e-05,3.85371305252611e-05,3.85371305252611e-05,3.85371305252611e-05,3.85371305252611e-05,3.85371305252611e-05,3.85371305252611e-05,3.85371305252611e-05,3.85371305252611e-05,3.85371305252611e-05,3.85371305252611e-05,3.85371305252611e-05,3.85371305252611e-05,3.85371305252611e-05,3.85371305252611e-05,3.85371305252611e-05,3.85371305252611e-05,3.85371305252611e-05,3.85371305252611e-05,3.85371305252611e-05,3.85371305252611e-05,3.85371305252611e-05,3.85371305252611e-05,3.85371305252611e-05,3.85371305252611e-05,3.85371305252611e-05,3.85371305252611e-05,3.85371305252611e-05,3.85371305252611e-05,3.85371305252611e-05,3.85371305252611e-05,3.85371305252611e-05,3.85371305252611e-05,3.85371305252611e-05,3.85371305252611e-05,3.85371305252611e-05,3.85371305252611e-05,3.85371305252611e-05,3.85371305252611e-05,3.85371305252611e-05,3.85371305252611e-05,3.85371305252611e-05,3.85371305252611e-05,3.85371305252611e-05,3.85371305252611e-05,3.85371305252611e-05,3.85371305252611e-05,3.85371305252611e-05,3.85371305252611e-05,3.85371305252611e-05,3.85371305252611e-05,3.85371305252611e-05,3.85371305252611e-05,3.85371305252611e-05,3.85371305252611e-05,3.85371305252611e-05,3.85371305252611e-05,3.85371305252611e-05,3.85371305252611e-05,3.85371305252611e-05,3.85371305252611e-05,3.85371305252611e-05,3.85371305252611e-05,3.85371305252611e-05,3.85371305252611e-05,3.85371305252611e-05,3.85371305252611e-05,3.85371305252611e-05,3.85371305252611e-05,3.85371305252611e-05,3.85371305252611e-05,3.85371305252611e-05,3.85371305252611e-05,3.85371305252611e-05,3.85371305252611e-05,3.85371305252611e-05,3.85371305252611e-05,3.85371305252611e-05,3.85371305252611e-05,3.85371305252611e-05,3.85371305252611e-05,3.85371305252611e-05,3.85371305252611e-05,3.85371305252611e-05,3.85371305252611e-05,3.85371305252611e-05,3.85371305252611e-05,3.85371305252611e-05,3.85371305252611e-05,3.85371305252611e-05,3.85371305252611e-05,3.85371305252611e-05,3.85371305252611e-05,3.85371305252611e-05,3.85371305252611e-05,3.85371305252611e-05,3.85371305252611e-05,3.85371305252611e-05,3.85371305252611e-05
3.85371305252611e-05,3.85371305252611e-05,3.85371305252611e-05,3.85371305252611e-05,3.85371305252611e-05,3.85371305252611e-05,3.85371305252611e-05,3.85371305252611e-05,3.85371305252611e-05,3.85371305252611e-05,3.85371305252611e-05,3.85371305252611e-05,3.85371305252611e-05,3.85371305252611e-05,3.85371305252611e-05,3.85371305252611e-05,3.85371305252611e-05,3.85371305252611e-05,3.85371305252611e-05,3.85371305252611e-05,3.85371305252611e-05,3.85371305252611e-05,3.85371305252611e-05,3.85371305252611e-05,3.85371305252611e-05,3.85371305252611e-05,3.85371305252611e-05,3.85371305252611e-05,3.85371305252611e-05,3.85371305252611e-05,3.85371305252611e-05,3.85371305252611e-05,3.85371305252611e-05,3.85371305252611e-05,3.85371305252611e-05,3.85371305252611e-05,3.85371305252611e-05,3.85371305252611e-05,3.85371305252611e-05,3.85371305252611e-05,3.85371305252611e-05,3.85371305252611e-05,3.85371305252611e-05,3.85371305252611e-05,3.85371305252611e-05,3.85371305252611e-05,3.85371305252611e-05,3.85371305252611e-05,3.85371305252611e-05,3.85371305252611e-05,3.85371305252611e-05,3.85371305252611e-05,3.85371305252611e-05,3.85371305252611e-05,3.85371305252611e-05,3.85371305252611e-05,3.85371305252611e-05,3.85371305252611e-05,3.85371305252611e-05,3.85371305252611e-05,3.85371305252611e-05,3.85371305252611e-05,3.85371305252611e-05,3.85371305252611e-05,3.85371305252611e-05,3.85371305252611e-05,3.85371305252611e-05,3.85371305252611e-05,3.85371305252611e-05,3.85371305252611e-05,3.85371305252611e-05,3.85371305252611e-05,3.85371305252611e-05,3.85371305252611e-05,3.85371305252611e-05,3.85371305252611e-05,3.85371305252611e-05,3.85371305252611e-05,3.85371305252611e-05,3.85371305252611e-05,3.85371305252611e-05,3.85371305252611e-05,3.85371305252611e-05,3.85371305252611e-05,3.85371305252611e-05,3.85371305252611e-05,3.85371305252611e-05,3.85371305252611e-05,3.85371305252611e-05,3.85371305252611e-05,3.85371305252611e-05,3.85371305252611e-05,3.85371305252611e-05,3.85371305252611e-05,3.85371305252611e-05,3.85371305252611e-05,3.85371305252611e-05,3.85371305252611e-05,3.85371305252611e-05,3.85371305252611e-05
3.85371305252611e-05,3.85371305252611e-05,3.85371305252611e-05,3.85371305252611e-05,3.85371305252611e-05,3.85371305252611e-05,3.85371305252611e-05,3.85371305252611e-05,3.85371305252611e-05,3.85371305252611e-05,3.85371305252611e-05,3.85371305252611e-05,3.85371305252611e-05,3.85371305252611e-05,3.85371305252611e-05,3.85371305252611e-05,3.85371305252611e-05,3.85371305252611e-05,3.85371305252611e-05,3.85371305252611e-05,3.85371305252611e-05,3.85371305252611e-05,3.85371305252611e-05,3.85371305252611e-05,3.85371305252611e-05,3.85371305252611e-05,3.85371305252611e-05,3.85371305252611e-05,3.85371305252611e-05,3.85371305252611e-05,3.85371305252611e-05,3.85371305252611e-05,3.85371305252611e-05,3.85371305252611e-05,3.85371305252611e-05,3.85371305252611e-05,3.85371305252611e-05,3.85371305252611e-05,3.85371305252611e-05,3.85371305252611e-05,3.85371305252611e-05,3.85371305252611e-05,3.85371305252611e-05,3.85371305252611e-05,3.85371305252611e-05,3.85371305252611e-05,3.85371305252611e-05,3.85371305252611e-05,3.85371305252611e-05,3.85371305252611e-05,3.85371305252611e-05,3.85371305252611e-05,3.85371305252611e-05,3.85371305252611e-05,3.85371305252611e-05,3.85371305252611e-05,3.85371305252611e-05,3.85371305252611e-05,3.85371305252611e-05,3.85371305252611e-05,3.85371305252611e-05,3.85371305252611e-05,3.85371305252611e-05,3.85371305252611e-05,3.85371305252611e-05,3.85371305252611e-05,3.85371305252611e-05,3.85371305252611e-05,3.85371305252611e-05,3.85371305252611e-05,3.85371305252611e-05,3.85371305252611e-05,3.85371305252611e-05,3.85371305252611e-05,3.85371305252611e-05,3.85371305252611e-05,3.85371305252611e-05,3.85371305252611e-05,3.85371305252611e-05,3.85371305252611e-05,3.85371305252611e-05,3.85371305252611e-05,3.85371305252611e-05,3.85371305252611e-05,3.85371305252611e-05,3.85371305252611e-05,3.85371305252611e-05,3.85371305252611e-05,3.85371305252611e-05,3.85371305252611e-05,3.85371305252611e-05,3.85371305252611e-05,3.85371305252611e-05,3.85371305252611e-05,3.85371305252611e-05,3.85371305252611e-05,3.85371305252611e-05,3.85371305252611e-05,3.85371305252611e-05,3.85371305252611e-05
3.85371305252611e-05,3.85371305252611e-05,3.85371305252611e-05,3.85371305252611e-05,3.85371305252611e-05,3.85371305252611e-05,3.85371305252611e-05,3.85371305252611e-05,3.85371305252611e-05,3.85371305252611e-05,3.85371305252611e-05,3.85371305252611e-05,3.85371305252611e-05,3.85371305252611e-05,3.85371305252611e-05,3.85371305252611e-05,3.85371305252611e-05,3.85371305252611e-05,3.85371305252611e-05,3.85371305252611e-05,3.85371305252611e-05,3.85371305252611e-05,3.85371305252611e-05,3.85371305252611e-05,3.85371305252611e-05,3.85371305252611e-05,3.85371305252611e-05,3.85371305252611e-05,3.85371305252611e-05,3.85371305252611e-05,3.85371305252611e-05,3.85371305252611e-05,3.85371305252611e-05,3.85371305252611e-05,3.85371305252611e-05,3.85371305252611e-05,3.85371305252611e-05,3.85371305252611e-05,3.85371305252611e-05,3.85371305252611e-05,3.85371305252611e-05,3.85371305252611e-05,3.85371305252611e-05,3.85371305252611e-05,3.85371305252611e-05,3.85371305252611e-05,3.85371305252611e-05,3.85371305252611e-05,3.85371305252611e-05,3.85371305252611e-05,3.85371305252611e-05,3.85371305252611e-05,3.85371305252611e-05,3.85371305252611e-05,3.85371305252611e-05,3.85371305252611e-05,3.85371305252611e-05,3.85371305252611e-05,3.85371305252611e-05,3.85371305252611e-05,3.85371305252611e-05,3.85371305252611e-05,3.85371305252611e-05,3.85371305252611e-05,3.85371305252611e-05,3.85371305252611e-05,3.85371305252611e-05,3.85371305252611e-05,3.85371305252611e-05,3.85371305252611e-05,3.85371305252611e-05,3.85371305252611e-05,3.85371305252611e-05,3.85371305252611e-05,3.85371305252611e-05,3.85371305252611e-05,3.85371305252611e-05,3.85371305252611e-05,3.85371305252611e-05,3.85371305252611e-05,3.85371305252611e-05,3.85371305252611e-05,3.85371305252611e-05,3.85371305252611e-05,3.85371305252611e-05,3.85371305252611e-05,3.85371305252611e-05,3.85371305252611e-05,3.85371305252611e-05,3.85371305252611e-05,3.85371305252611e-05,3.85371305252611e-05,3.85371305252611e-05,3.85371305252611e-05,3.85371305252611e-05,3.85371305252611e-05,3.85371305252611e-05,3.85371305252611e-05,3.85371305252611e-05,3.85371305252611e-05
3.85371305252611e-05,3.85371305252611e-05,3.85371305252611e-05,3.85371305252611e-05,3.85371305252611e-05,3.85371305252611e-05,3.85371305252611e-05,3.85371305252611e-05,3.85371305252611e-05,3.85371305252611e-05,3.85371305252611e-05,3.85371305252611e-05,3.85371305252611e-05,3.85371305252611e-05,3.85371305252611e-05,3.85371305252611e-05,3.85371305252611e-05,3.85371305252611e-05,3.85371305252611e-05,3.85371305252611e-05,3.85371305252611e-05,3.85371305252611e-05,3.85371305252611e-05,3.85371305252611e-05,3.85371305252611e-05,3.85371305252611e-05,3.85371305252611e-05,3.85371305252611e-05,3.85371305252611e-05,3.85371305252611e-05,3.85371305252611e-05,3.85371305252611e-05,3.85371305252611e-05,3.85371305252611e-05,3.85371305252611e-05,3.85371305252611e-05,3.85371305252611e-05,3.85371305252611e-05,3.85371305252611e-05,3.85371305252611e-05,3.85371305252611e-05,3.85371305252611e-05,3.85371305252611e-05,3.85371305252611e-05,3.85371305252611e-05,3.85371305252611e-05,3.85371305252611e-05,3.85371305252611e-05,3.85371305252611e-05,3.85371305252611e-05,3.85371305252611e-05,3.85371305252611e-05,3.85371305252611e-05,3.85371305252611e-05,3.85371305252611e-05,3.85371305252611e-05,3.85371305252611e-05,3.85371305252611e-05,3.85371305252611e-05,3.85371305252611e-05,3.85371305252611e-05,3.85371305252611e-05,3.85371305252611e-05,3.85371305252611e-05,3.85371305252611e-05,3.85371305252611e-05,3.85371305252611e-05,3.85371305252611e-05,3.85371305252611e-05,3.85371305252611e-05,3.85371305252611e-05,3.85371305252611e-05,3.85371305252611e-05,3.85371305252611e-05,3.85371305252611e-05,3.85371305252611e-05,3.85371305252611e-05,3.85371305252611e-05,3.85371305252611e-05,3.85371305252611e-05,3.85371305252611e-05,3.85371305252611e-05,3.85371305252611e-05,3.85371305252611e-05,3.85371305252611e-05,3.85371305252611e-05,3.85371305252611e-05,3.85371305252611e-05,3.85371305252611e-05,3.85371305252611e-05,3.85371305252611e-05,3.85371305252611e-05,3.85371305252611e-05,3.85371305252611e-05,3.85371305252611e-05,3.85371305252611e-05,3.85371305252611e-05,3.85371305252611e-05,3.85371305252611e-05,3.85371305252611e-05
3.85371305252611e-05,3.85371305252611e-05,3.85371305252611e-05,3.85371305252611e-05,3.85371305252611e-05,3.85371305252611e-05,3.85371305252611e-05,3.85371305252611e-05,3.85371305252611e-05,3.85371305252611e-05,3.85371305252611e-05,3.85371305252611e-05,3.85371305252611e-05,3.85371305252611e-05,3.85371305252611e-05,3.85371305252611e-05,3.85371305252611e-05,3.85371305252611e-05,3.85371305252611e-05,3.85371305252611e-05,3.85371305252611e-05,3.85371305252611e-05,3.85371305252611e-05,3.85371305252611e-05,3.85371305252611e-05,3.85371305252611e-05,3.85371305252611e-05,3.85371305252611e-05,3.85371305252611e-05,3.85371305252611e-05,3.85371305252611e-05,3.85371305252611e-05,3.85371305252611e-05,3.85371305252611e-05,3.85371305252611e-05,3.85371305252611e-05,3.85371305252611e-05,3.85371305252611e-05,3.85371305252611e-05,3.85371305252611e-05,3.85371305252611e-05,3.85371305252611e-05,3.85371305252611e-05,3.85371305252611e-05,3.85371305252611e-05,3.85371305252611e-05,3.85371305252611e-05,3.85371305252611e-05,3.85371305252611e-05,3.85371305252611e-05,3.85371305252611e-05,3.85371305252611e-05,3.85371305252611e-05,3.85371305252611e-05,3.85371305252611e-05,3.85371305252611e-05,3.85371305252611e-05,3.85371305252611e-05,3.85371305252611e-05,3.85371305252611e-05,3.85371305252611e-05,3.85371305252611e-05,3.85371305252611e-05,3.85371305252611e-05,3.85371305252611e-05,3.85371305252611e-05,3.85371305252611e-05,3.85371305252611e-05,3.85371305252611e-05,3.85371305252611e-05,3.85371305252611e-05,3.85371305252611e-05,3.85371305252611e-05,3.85371305252611e-05,3.85371305252611e-05,3.85371305252611e-05,3.85371305252611e-05,3.85371305252611e-05,3.85371305252611e-05,3.85371305252611e-05,3.85371305252611e-05,3.85371305252611e-05,3.85371305252611e-05,3.85371305252611e-05,3.85371305252611e-05,3.85371305252611e-05,3.85371305252611e-05,3.85371305252611e-05,3.85371305252611e-05,3.85371305252611e-05,3.85371305252611e-05,3.85371305252611e-05,3.85371305252611e-05,3.85371305252611e-05,3.85371305252611e-05,3.85371305252611e-05,3.85371305252611e-05,3.85371305252611e-05,3.85371305252611e-05,3.85371305252611e-05
3.85371305252611e-05,3.85371305252611e-05,3.85371305252611e-05,3.85371305252611e-05,3.85371305252611e-05,3.85371305252611e-05,3.85371305252611e-05,3.85371305252611e-05,3.85371305252611e-05,3.85371305252611e-05,3.85371305252611e-05,3.85371305252611e-05,3.85371305252611e-05,3.85371305252611e-05,3.85371305252611e-05,3.85371305252611e-05,3.85371305252611e-05,3.85371305252611e-05,3.85371305252611e-05,3.85371305252611e-05,3.85371305252611e-05,3.85371305252611e-05,3.85371305252611e-05,3.85371305252611e-05,3.85371305252611e-05,3.85371305252611e-05,3.85371305252611e-05,3.85371305252611e-05,3.85371305252611e-05,3.85371305252611e-05,3.85371305252611e-05,3.85371305252611e-05,3.85371305252611e-05,3.85371305252611e-05,3.85371305252611e-05,3.85371305252611e-05,3.85371305252611e-05,3.85371305252611e-05,3.85371305252611e-05,3.85371305252611e-05,3.85371305252611e-05,3.85371305252611e-05,3.85371305252611e-05,3.85371305252611e-05,3.85371305252611e-05,3.85371305252611e-05,3.85371305252611e-05,3.85371305252611e-05,3.85371305252611e-05,3.85371305252611e-05,3.85371305252611e-05,3.85371305252611e-05,3.85371305252611e-05,3.85371305252611e-05,3.85371305252611e-05,3.85371305252611e-05,3.85371305252611e-05,3.85371305252611e-05,3.85371305252611e-05,3.85371305252611e-05,3.85371305252611e-05,3.85371305252611e-05,3.85371305252611e-05,3.85371305252611e-05,3.85371305252611e-05,3.85371305252611e-05,3.85371305252611e-05,3.85371305252611e-05,3.85371305252611e-05,3.85371305252611e-05,3.85371305252611e-05,3.85371305252611e-05,3.85371305252611e-05,3.85371305252611e-05,3.85371305252611e-05,3.85371305252611e-05,3.85371305252611e-05,3.85371305252611e-05,3.85371305252611e-05,3.85371305252611e-05,3.85371305252611e-05,3.85371305252611e-05,3.85371305252611e-05,3.85371305252611e-05,3.85371305252611e-05,3.85371305252611e-05,3.85371305252611e-05,3.85371305252611e-05,3.85371305252611e-05,3.85371305252611e-05,3.85371305252611e-05,3.85371305252611e-05,3.85371305252611e-05,3.85371305252611e-05,3.85371305252611e-05,3.85371305252611e-05,3.85371305252611e-05,3.85371305252611e-05,3.85371305252611e-05,3.85371305252611e-05
3.85371305252611e-05,3.85371305252611e-05,3.85371305252611e-05,3.85371305252611e-05,3.85371305252611e-05,3.85371305252611e-05,3.85371305252611e-05,3.85371305252611e-05,3.85371305252611e-05,3.85371305252611e-05,3.85371305252611e-05,3.85371305252611e-05,3.85371305252611e-05,3.85371305252611e-05,3.85371305252611e-05,3.85371305252611e-05,3.85371305252611e-05,3.85371305252611e-05,3.85371305252611e-05,3.85371305252611e-05,3.85371305252611e-05,3.85371305252611e-05,3.85371305252611e-05,3.85371305252611e-05,3.85371305252611e-05,3.85371305252611e-05,3.85371305252611e-05,3.85371305252611e-05,3.85371305252611e-05,3.85371305252611e-05,3.85371305252611e-05,3.85371305252611e-05,3.85371305252611e-05,3.85371305252611e-05,3.85371305252611e-05,3.85371305252611e-05,3.85371305252611e-05,3.85371305252611e-05,3.85371305252611e-05,3.85371305252611e-05,3.85371305252611e-05,3.85371305252611e-05,3.85371305252611e-05,3.85371305252611e-05,3.85371305252611e-05,3.85371305252611e-05,3.85371305252611e-05,3.85371305252611e-05,3.85371305252611e-05,3.85371305252611e-05,3.85371305252611e-05,3.85371305252611e-05,3.85371305252611e-05,3.85371305252611e-05,3.85371305252611e-05,3.85371305252611e-05,3.85371305252611e-05,3.85371305252611e-05,3.85371305252611e-05,3.85371305252611e-05,3.85371305252611e-05,3.85371305252611e-05,3.85371305252611e-05,3.85371305252611e-05,3.85371305252611e-05,3.85371305252611e-05,3.85371305252611e-05,3.85371305252611e-05,3.85371305252611e-05,3.85371305252611e-05,3.85371305252611e-05,3.85371305252611e-05,3.85371305252611e-05,3.85371305252611e-05,3.85371305252611e-05,3.85371305252611e-05,3.85371305252611e-05,3.85371305252611e-05,3.85371305252611e-05,3.85371305252611e-05,3.85371305252611e-05,3.85371305252611e-05,3.85371305252611e-05,3.85371305252611e-05,3.85371305252611e-05,3.85371305252611e-05,3.85371305252611e-05,3.85371305252611e-05,3.85371305252611e-05,3.85371305252611e-05,3.85371305252611e-05,3.85371305252611e-05,3.85371305252611e-05,3.85371305252611e-05,3.85371305252611e-05,3.85371305252611e-05,3.85371305252611e-05,3.85371305252611e-05,3.85371305252611e-05,3.85371305252611e-05
3.85371305252611e-05,3.85371305252611e-05,3.85371305252611e-05,3.85371305252611e-05,3.85371305252611e-05,3.85371305252611e-05,3.85371305252611e-05,3.85371305252611e-05,3.85371305252611e-05,3.85371305252611e-05,3.85371305252611e-05,3.85371305252611e-05,3.85371305252611e-05,3.85371305252611e-05,3.85371305252611e-05,3.85371305252611e-05,3.85371305252611e-05,3.85371305252611e-05,3.85371305252611e-05,3.85371305252611e-05,3.85371305252611e-05,3.85371305252611e-05,3.85371305252611e-05,3.85371305252611e-05,3.85371305252611e-05,3.85371305252611e-05,3.85371305252611e-05,3.85371305252611e-05,3.85371305252611e-05,3.85371305252611e-05,3.85371305252611e-05,3.85371305252611e-05,3.85371305252611e-05,3.85371305252611e-05,3.85371305252611e-05,3.85371305252611e-05,3.85371305252611e-05,3.85371305252611e-05,3.85371305252611e-05,3.85371305252611e-05,3.85371305252611e-05,3.85371305252611e-05,3.85371305252611e-05,3.85371305252611e-05,3.85371305252611e-05,3.85371305252611e-05,3.85371305252611e-05,3.85371305252611e-05,3.85371305252611e-05,3.85371305252611e-05,3.85371305252611e-05,3.85371305252611e-05,3.85371305252611e-05,3.85371305252611e-05,3.85371305252611e-05,3.85371305252611e-05,3.85371305252611e-05,3.85371305252611e-05,3.85371305252611e-05,3.85371305252611e-05,3.85371305252611e-05,3.85371305252611e-05,3.85371305252611e-05,3.85371305252611e-05,3.85371305252611e-05,3.85371305252611e-05,3.85371305252611e-05,3.85371305252611e-05,3.85371305252611e-05,3.85371305252611e-05,3.85371305252611e-05,3.85371305252611e-05,3.85371305252611e-05,3.85371305252611e-05,3.85371305252611e-05,3.85371305252611e-05,3.85371305252611e-05,3.85371305252611e-05,3.85371305252611e-05,3.85371305252611e-05,3.85371305252611e-05,3.85371305252611e-05,3.85371305252611e-05,3.85371305252611e-05,3.85371305252611e-05,3.85371305252611e-05,3.85371305252611e-05,3.85371305252611e-05,3.85371305252611e-05,3.85371305252611e-05,3.85371305252611e-05,3.85371305252611e-05,3.85371305252611e-05,3.85371305252611e-05,3.85371305252611e-05,3.85371305252611e-05,3.85371305252611e-05,3.85371305252611e-05,3.85371305252611e-05,3.85371305252611e-05
3.85371305252611e-05,3.85371305252611e-05,3.85371305252611e-05,3.85371305252611e-05,3.85371305252611e-05,3.85371305252611e-05,3.85371305252611e-05,3.85371305252611e-05,3.85371305252611e-05,3.85371305252611e-05,3.85371305252611e-05,3.85371305252611e-05,3.85371305252611e-05,3.85371305252611e-05,3.85371305252611e-05,3.85371305252611e-05,3.85371305252611e-05,3.85371305252611e-05,3.85371305252611e-05,3.85371305252611e-05,3.85371305252611e-05,3.85371305252611e-05,3.85371305252611e-05,3.85371305252611e-05,3.85371305252611e-05,3.85371305252611e-05,3.85371305252611e-05,3.85371305252611e-05,3.85371305252611e-05,3.85371305252611e-05,3.85371305252611e-05,3.85371305252611e-05,3.85371305252611e-05,3.85371305252611e-05,3.85371305252611e-05,3.85371305252611e-05,3.85371305252611e-05,3.85371305252611e-05,3.85371305252611e-05,3.85371305252611e-05,3.85371305252611e-05,3.85371305252611e-05,3.85371305252611e-05,3.85371305252611e-05,3.85371305252611e-05,3.85371305252611e-05,3.85371305252611e-05,3.85371305252611e-05,3.85371305252611e-05,3.85371305252611e-05,3.85371305252611e-05,3.85371305252611e-05,3.85371305252611e-05,3.85371305252611e-05,3.85371305252611e-05,3.85371305252611e-05,3.85371305252611e-05,3.85371305252611e-05,3.85371305252611e-05,3.85371305252611e-05,3.85371305252611e-05,3.85371305252611e-05,3.85371305252611e-05,3.85371305252611e-05,3.85371305252611e-05,3.85371305252611e-05,3.85371305252611e-05,3.85371305252611e-05,3.85371305252611e-05,3.85371305252611e-05,3.85371305252611e-05,3.85371305252611e-05,3.85371305252611e-05,3.85371305252611e-05,3.85371305252611e-05,3.85371305252611e-05,3.85371305252611e-05,3.85371305252611e-05,3.85371305252611e-05,3.85371305252611e-05,3.85371305252611e-05,3.85371305252611e-05,3.85371305252611e-05,3.85371305252611e-05,3.85371305252611e-05,3.85371305252611e-05,3.85371305252611e-05,3.85371305252611e-05,3.85371305252611e-05,3.85371305252611e-05,3.85371305252611e-05,3.85371305252611e-05,3.85371305252611e-05,3.85371305252611e-05,3.85371305252611e-05,3.85371305252611e-05,3.85371305252611e-05,3.85371305252611e-05,3.85371305252611e-05,3.85371305252611e-05
3.85371305252611e-05,3.85371305252611e-05,3.85371305252611e-05,3.85371305252611e-05,3.85371305252611e-05,3.85371305252611e-05,3.85371305252611e-05,3.85371305252611e-05,3.85371305252611e-05,3.85371305252611e-05,3.85371305252611e-05,3.85371305252611e-05,3.85371305252611e-05,3.85371305252611e-05,3.85371305252611e-05,3.85371305252611e-05,3.85371305252611e-05,3.85371305252611e-05,3.85371305252611e-05,3.85371305252611e-05,3.85371305252611e-05,3.85371305252611e-05,3.85371305252611e-05,3.85371305252611e-05,3.85371305252611e-05,3.85371305252611e-05,3.85371305252611e-05,3.85371305252611e-05,3.85371305252611e-05,3.85371305252611e-05,3.85371305252611e-05,3.85371305252611e-05,3.85371305252611e-05,3.85371305252611e-05,3.85371305252611e-05,3.85371305252611e-05,3.85371305252611e-05,3.85371305252611e-05,3.85371305252611e-05,3.85371305252611e-05,3.85371305252611e-05,3.85371305252611e-05,3.85371305252611e-05,3.85371305252611e-05,3.85371305252611e-05,3.85371305252611e-05,3.85371305252611e-05,3.85371305252611e-05,3.85371305252611e-05,3.85371305252611e-05,3.85371305252611e-05,3.85371305252611e-05,3.85371305252611e-05,3.85371305252611e-05,3.85371305252611e-05,3.85371305252611e-05,3.85371305252611e-05,3.85371305252611e-05,3.85371305252611e-05,3.85371305252611e-05,3.85371305252611e-05,3.85371305252611e-05,3.85371305252611e-05,3.85371305252611e-05,3.85371305252611e-05,3.85371305252611e-05,3.85371305252611e-05,3.85371305252611e-05,3.85371305252611e-05,3.85371305252611e-05,3.85371305252611e-05,3.85371305252611e-05,3.85371305252611e-05,3.85371305252611e-05,3.85371305252611e-05,3.85371305252611e-05,3.85371305252611e-05,3.85371305252611e-05,3.85371305252611e-05,3.85371305252611e-05,3.85371305252611e-05,3.85371305252611e-05,3.85371305252611e-05,3.85371305252611e-05,3.85371305252611e-05,3.85371305252611e-05,3.85371305252611e-05,3.85371305252611e-05,3.85371305252611e-05,3.85371305252611e-05,3.85371305252611e-05,3.85371305252611e-05,3.85371305252611e-05,3.85371305252611e-05,3.85371305252611e-05,3.85371305252611e-05,3.85371305252611e-05,3.85371305252611e-05,3.85371305252611e-05,3.85371305252611e-05
3.85371305252611e-05,3.85371305252611e-05,3.85371305252611e-05,3.85371305252611e-05,3.85371305252611e-05,3.85371305252611e-05,3.85371305252611e-05,3.85371305252611e-05,3.85371305252611e-05,3.85371305252611e-05,3.85371305252611e-05,3.85371305252611e-05,3.85371305252611e-05,3.85371305252611e-05,3.85371305252611e-05,3.85371305252611e-05,3.85371305252611e-05,3.85371305252611e-05,3.85371305252611e-05,3.85371305252611e-05,3.85371305252611e-05,3.85371305252611e-05,3.85371305252611e-05,3.85371305252611e-05,3.85371305252611e-05,3.85371305252611e-05,3.85371305252611e-05,3.85371305252611e-05,3.85371305252611e-05,3.85371305252611e-05,3.85371305252611e-05,3.85371305252611e-05,3.85371305252611e-05,3.85371305252611e-05,3.85371305252611e-05,3.85371305252611e-05,3.85371305252611e-05,3.85371305252611e-05,3.85371305252611e-05,3.85371305252611e-05,3.85371305252611e-05,3.85371305252611e-05,3.85371305252611e-05,3.85371305252611e-05,3.85371305252611e-05,3.85371305252611e-05,3.85371305252611e-05,3.85371305252611e-05,3.85371305252611e-05,3.85371305252611e-05,3.85371305252611e-05,3.85371305252611e-05,3.85371305252611e-05,3.85371305252611e-05,3.85371305252611e-05,3.85371305252611e-05,3.85371305252611e-05,3.85371305252611e-05,3.85371305252611e-05,3.85371305252611e-05,3.85371305252611e-05,3.85371305252611e-05,3.85371305252611e-05,3.85371305252611e-05,3.85371305252611e-05,3.85371305252611e-05,3.85371305252611e-05,3.85371305252611e-05,3.85371305252611e-05,3.85371305252611e-05,3.85371305252611e-05,3.85371305252611e-05,3.85371305252611e-05,3.85371305252611e-05,3.85371305252611e-05,3.85371305252611e-05,3.85371305252611e-05,3.85371305252611e-05,3.85371305252611e-05,3.85371305252611e-05,3.85371305252611e-05,3.85371305252611e-05,3.85371305252611e-05,3.85371305252611e-05,3.85371305252611e-05,3.85371305252611e-05,3.85371305252611e-05,3.85371305252611e-05,3.85371305252611e-05,3.85371305252611e-05,3.85371305252611e-05,3.85371305252611e-05,3.85371305252611e-05,3.85371305252611e-05,3.85371305252611e-05,3.85371305252611e-05,3.85371305252611e-05,3.85371305252611e-05,3.85371305252611e-05,3.85371305252611e-05
3.85371305252611e-05,3.85371305252611e-05,3.85371305252611e-05,3.85371305252611e-05,3.85371305252611e-05,3.85371305252611e-05,3.85371305252611e-05,3.85371305252611e-05,3.85371305252611e-05,3.85371305252611e-05,3.85371305252611e-05,3.85371305252611e-05,3.85371305252611e-05,3.85371305252611e-05,3.85371305252611e-05,3.85371305252611e-05,3.85371305252611e-05,3.85371305252611e-05,3.85371305252611e-05,3.85371305252611e-05,3.85371305252611e-05,3.85371305252611e-05,3.85371305252611e-05,3.85371305252611e-05,3.85371305252611e-05,3.85371305252611e-05,3.85371305252611e-05,3.85371305252611e-05,3.85371305252611e-05,3.85371305252611e-05,3.85371305252611e-05,3.85371305252611e-05,3.85371305252611e-05,3.85371305252611e-05,3.85371305252611e-05,3.85371305252611e-05,3.85371305252611e-05,3.85371305252611e-05,3.85371305252611e-05,3.85371305252611e-05,3.85371305252611e-05,3.85371305252611e-05,3.85371305252611e-05,3.85371305252611e-05,3.85371305252611e-05,3.85371305252611e-05,3.85371305252611e-05,3.85371305252611e-05,3.85371305252611e-05,3.85371305252611e-05,3.85371305252611e-05,3.85371305252611e-05,3.85371305252611e-05,3.85371305252611e-05,3.85371305252611e-05,3.85371305252611e-05,3.85371305252611e-05,3.85371305252611e-05,3.85371305252611e-05,3.85371305252611e-05,3.85371305252611e-05,3.85371305252611e-05,3.85371305252611e-05,3.85371305252611e-05,3.85371305252611e-05,3.85371305252611e-05,3.85371305252611e-05,3.85371305252611e-05,3.85371305252611e-05,3.85371305252611e-05,3.85371305252611e-05,3.85371305252611e-05,3.85371305252611e-05,3.85371305252611e-05,3.85371305252611e-05,3.85371305252611e-05,3.85371305252611e-05,3.85371305252611e-05,3.85371305252611e-05,3.85371305252611e-05,3.85371305252611e-05,3.85371305252611e-05,3.85371305252611e-05,3.85371305252611e-05,3.85371305252611e-05,3.85371305252611e-05,3.85371305252611e-05,3.85371305252611e-05,3.85371305252611e-05,3.85371305252611e-05,3.85371305252611e-05,3.85371305252611e-05,3.85371305252611e-05,3.85371305252611e-05,3.85371305252611e-05,3.85371305252611e-05,3.85371305252611e-05,3.85371305252611e-05,3.85371305252611e-05,3.85371305252611e-05
3.85371305252611e-05,3.85371305252611e-05,3.85371305252611e-05,3.85371305252611e-05,3.85371305252611e-05,3.85371305252611e-05,3.85371305252611e-05,3.85371305252611e-05,3.85371305252611e-05,3.85371305252611e-05,3.85371305252611e-05,3.85371305252611e-05,3.85371305252611e-05,3.85371305252611e-05,3.85371305252611e-05,3.85371305252611e-05,3.85371305252611e-05,3.85371305252611e-05,3.85371305252611e-05,3.85371305252611e-05,3.85371305252611e-05,3.85371305252611e-05,3.85371305252611e-05,3.85371305252611e-05,3.85371305252611e-05,3.85371305252611e-05,3.85371305252611e-05,3.85371305252611e-05,3.85371305252611e-05,3.85371305252611e-05,3.85371305252611e-05,3.85371305252611e-05,3.85371305252611e-05,3.85371305252611e-05,3.85371305252611e-05,3.85371305252611e-05,3.85371305252611e-05,3.85371305252611e-05,3.85371305252611e-05,3.85371305252611e-05,3.85371305252611e-05,3.85371305252611e-05,3.85371305252611e-05,3.85371305252611e-05,3.85371305252611e-05,3.85371305252611e-05,3.85371305252611e-05,3.85371305252611e-05,3.85371305252611e-05,3.85371305252611e-05,3.85371305252611e-05,3.85371305252611e-05,3.85371305252611e-05,3.85371305252611e-05,3.85371305252611e-05,3.85371305252611e-05,3.85371305252611e-05,3.85371305252611e-05,3.85371305252611e-05,3.85371305252611e-05,3.85371305252611e-05,3.85371305252611e-05,3.85371305252611e-05,3.85371305252611e-05,3.85371305252611e-05,3.85371305252611e-05,3.85371305252611e-05,3.85371305252611e-05,3.85371305252611e-05,3.85371305252611e-05,3.85371305252611e-05,3.85371305252611e-05,3.85371305252611e-05,3.85371305252611e-05,3.85371305252611e-05,3.85371305252611e-05,3.85371305252611e-05,3.85371305252611e-05,3.85371305252611e-05,3.85371305252611e-05,3.85371305252611e-05,3.85371305252611e-05,3.85371305252611e-05,3.85371305252611e-05,3.85371305252611e-05,3.85371305252611e-05,3.85371305252611e-05,3.85371305252611e-05,3.85371305252611e-05,3.85371305252611e-05,3.85371305252611e-05,3.85371305252611e-05,3.85371305252611e-05,3.85371305252611e-05,3.85371305252611e-05,3.85371305252611e-05,3.85371305252611e-05,3.85371305252611e-05,3.85371305252611e-05,3.85371305252611e-05
3.85371305252611e-05,3.85371305252611e-05,3.85371305252611e-05,3.85371305252611e-05,3.85371305252611e-05,3.85371305252611e-05,3.85371305252611e-05,3.85371305252611e-05,3.85371305252611e-05,3.85371305252611e-05,3.85371305252611e-05,3.85371305252611e-05,3.85371305252611e-05,3.85371305252611e-05,3.85371305252611e-05,3.85371305252611e-05,3.85371305252611e-05,3.85371305252611e-05,3.85371305252611e-05,3.85371305252611e-05,3.85371305252611e-05,3.85371305252611e-05,3.85371305252611e-05,3.85371305252611e-05,3.85371305252611e-05,3.85371305252611e-05,3.85371305252611e-05,3.85371305252611e-05,3.85371305252611e-05,3.85371305252611e-05,3.85371305252611e-05,3.85371305252611e-05,3.85371305252611e-05,3.85371305252611e-05,3.85371305252611e-05,3.85371305252611e-05,3.85371305252611e-05,3.85371305252611e-05,3.85371305252611e-05,3.85371305252611e-05,3.85371305252611e-05,3.85371305252611e-05,3.85371305252611e-05,3.85371305252611e-05,3.85371305252611e-05,3.85371305252611e-05,3.85371305252611e-05,3.85371305252611e-05,3.85371305252611e-05,3.85371305252611e-05,3.85371305252611e-05,3.85371305252611e-05,3.85371305252611e-05,3.85371305252611e-05,3.85371305252611e-05,3.85371305252611e-05,3.85371305252611e-05,3.85371305252611e-05,3.85371305252611e-05,3.85371305252611e-05,3.85371305252611e-05,3.85371305252611e-05,3.85371305252611e-05,3.85371305252611e-05,3.85371305252611e-05,3.85371305252611e-05,3.85371305252611e-05,3.85371305252611e-05,3.85371305252611e-05,3.85371305252611e-05,3.85371305252611e-05,3.85371305252611e-05,3.85371305252611e-05,3.85371305252611e-05,3.85371305252611e-05,3.85371305252611e-05,3.85371305252611e-05,3.85371305252611e-05,3.85371305252611e-05,3.85371305252611e-05,3.85371305252611e-05,3.85371305252611e-05,3.85371305252611e-05,3.85371305252611e-05,3.85371305252611e-05,3.85371305252611e-05,3.85371305252611e-05,3.85371305252611e-05,3.85371305252611e-05,3.85371305252611e-05,3.85371305252611e-05,3.85371305252611e-05,3.85371305252611e-05,3.85371305252611e-05,3.85371305252611e-05,3.85371305252611e-05,3.85371305252611e-05,3.85371305252611e-05,3.85371305252611e-05,3.85371305252611e-05
3.85371305252611e-05,3.85371305252611e-05,3.85371305252611e-05,3.85371305252611e-05,3.85371305252611e-05,3.85371305252611e-05,3.85371305252611e-05,3.85371305252611e-05,3.85371305252611e-05,3.85371305252611e-05,3.85371305252611e-05,3.85371305252611e-05,3.85371305252611e-05,3.85371305252611e-05,3.85371305252611e-05,3.85371305252611e-05,3.85371305252611e-05,3.85371305252611e-05,3.85371305252611e-05,3.85371305252611e-05,3.85371305252611e-05,3.85371305252611e-05,3.85371305252611e-05,3.85371305252611e-05,3.85371305252611e-05,3.85371305252611e-05,3.85371305252611e-05,3.85371305252611e-05,3.85371305252611e-05,3.85371305252611e-05,3.85371305252611e-05,3.85371305252611e-05,3.85371305252611e-05,3.85371305252611e-05,3.85371305252611e-05,3.85371305252611e-05,3.85371305252611e-05,3.85371305252611e-05,3.85371305252611e-05,3.85371305252611e-05,3.85371305252611e-05,3.85371305252611e-05,3.85371305252611e-05,3.85371305252611e-05,3.85371305252611e-05,3.85371305252611e-05,3.85371305252611e-05,3.85371305252611e-05,3.85371305252611e-05,3.85371305252611e-05,3.85371305252611e-05,3.85371305252611e-05,3.85371305252611e-05,3.85371305252611e-05,3.85371305252611e-05,3.85371305252611e-05,3.85371305252611e-05,3.85371305252611e-05,3.85371305252611e-05,3.85371305252611e-05,3.85371305252611e-05,3.85371305252611e-05,3.85371305252611e-05,3.85371305252611e-05,3.85371305252611e-05,3.85371305252611e-05,3.85371305252611e-05,3.85371305252611e-05,3.85371305252611e-05,3.85371305252611e-05,3.85371305252611e-05,3.85371305252611e-05,3.85371305252611e-05,3.85371305252611e-05,3.85371305252611e-05,3.85371305252611e-05,3.85371305252611e-05,3.85371305252611e-05,3.85371305252611e-05,3.85371305252611e-05,3.85371305252611e-05,3.85371305252611e-05,3.85371305252611e-05,3.85371305252611e-05,3.85371305252611e-05,3.85371305252611e-05,3.85371305252611e-05,3.85371305252611e-05,3.85371305252611e-05,3.85371305252611e-05,3.85371305252611e-05,3.85371305252611e-05,3.85371305252611e-05,3.85371305252611e-05,3.85371305252611e-05,3.85371305252611e-05,3.85371305252611e-05,3.85371305252611e-05,3.85371305252611e-05,3.85371305252611e-05
3.85371305252611e-05,3.85371305252611e-05,3.85371305252611e-05,3.85371305252611e-05,3.85371305252611e-05,3.85371305252611e-05,3.85371305252611e-05,3.85371305252611e-05,3.85371305252611e-05,3.85371305252611e-05,3.85371305252611e-05,3.85371305252611e-05,3.85371305252611e-05,3.85371305252611e-05,3.85371305252611e-05,3.85371305252611e-05,3.85371305252611e-05,3.85371305252611e-05,3.85371305252611e-05,3.85371305252611e-05,3.85371305252611e-05,3.85371305252611e-05,3.85371305252611e-05,3.85371305252611e-05,3.85371305252611e-05,3.85371305252611e-05,3.85371305252611e-05,3.85371305252611e-05,3.85371305252611e-05,3.85371305252611e-05,3.85371305252611e-05,3.85371305252611e-05,3.85371305252611e-05,3.85371305252611e-05,3.85371305252611e-05,3.85371305252611e-05,3.85371305252611e-05,3.85371305252611e-05,3.85371305252611e-05,3.85371305252611e-05,3.85371305252611e-05,3.85371305252611e-05,3.85371305252611e-05,3.85371305252611e-05,3.85371305252611e-05,3.85371305252611e-05,3.85371305252611e-05,3.85371305252611e-05,3.85371305252611e-05,3.85371305252611e-05,3.85371305252611e-05,3.85371305252611e-05,3.85371305252611e-05,3.85371305252611e-05,3.85371305252611e-05,3.85371305252611e-05,3.85371305252611e-05,3.85371305252611e-05,3.85371305252611e-05,3.85371305252611e-05,3.85371305252611e-05,3.85371305252611e-05,3.85371305252611e-05,3.85371305252611e-05,3.85371305252611e-05,3.85371305252611e-05,3.85371305252611e-05,3.85371305252611e-05,3.85371305252611e-05,3.85371305252611e-05,3.85371305252611e-05,3.85371305252611e-05,3.85371305252611e-05,3.85371305252611e-05,3.85371305252611e-05,3.85371305252611e-05,3.85371305252611e-05,3.85371305252611e-05,3.85371305252611e-05,3.85371305252611e-05,3.85371305252611e-05,3.85371305252611e-05,3.85371305252611e-05,3.85371305252611e-05,3.85371305252611e-05,3.85371305252611e-05,3.85371305252611e-05,3.85371305252611e-05,3.85371305252611e-05,3.85371305252611e-05,3.85371305252611e-05,3.85371305252611e-05,3.85371305252611e-05,3.85371305252611e-05,3.85371305252611e-05,3.85371305252611e-05,3.85371305252611e-05,3.85371305252611e-05,3.85371305252611e-05,3.85371305252611e-05
3.85371305252611e-05,3.85371305252611e-05,3.85371305252611e-05,3.85371305252611e-05,3.85371305252611e-05,3.85371305252611e-05,3.85371305252611e-05,3.85371305252611e-05,3.85371305252611e-05,3.85371305252611e-05,3.85371305252611e-05,3.85371305252611e-05,3.85371305252611e-05,3.85371305252611e-05,3.85371305252611e-05,3.85371305252611e-05,3.85371305252611e-05,3.85371305252611e-05,3.85371305252611e-05,3.85371305252611e-05,3.85371305252611e-05,3.85371305252611e-05,3.85371305252611e-05,3.85371305252611e-05,3.85371305252611e-05,3.85371305252611e-05,3.85371305252611e-05,3.85371305252611e-05,3.85371305252611e-05,3.85371305252611e-05,3.85371305252611e-05,3.85371305252611e-05,3.85371305252611e-05,3.85371305252611e-05,3.85371305252611e-05,3.85371305252611e-05,3.85371305252611e-05,3.85371305252611e-05,3.85371305252611e-05,3.85371305252611e-05,3.85371305252611e-05,3.85371305252611e-05,3.85371305252611e-05,3.85371305252611e-05,3.85371305252611e-05,3.85371305252611e-05,3.85371305252611e-05,3.85371305252611e-05,3.85371305252611e-05,3.85371305252611e-05,3.85371305252611e-05,3.85371305252611e-05,3.85371305252611e-05,3.85371305252611e-05,3.85371305252611e-05,3.85371305252611e-05,3.85371305252611e-05,3.85371305252611e-05,3.85371305252611e-05,3.85371305252611e-05,3.85371305252611e-05,3.85371305252611e-05,3.85371305252611e-05,3.85371305252611e-05,3.85371305252611e-05,3.85371305252611e-05,3.85371305252611e-05,3.85371305252611e-05,3.85371305252611e-05,3.85371305252611e-05,3.85371305252611e-05,3.85371305252611e-05,3.85371305252611e-05,3.85371305252611e-05,3.85371305252611e-05,3.85371305252611e-05,3.85371305252611e-05,3.85371305252611e-05,3.85371305252611e-05,3.85371305252611e-05,3.85371305252611e-05,3.85371305252611e-05,3.85371305252611e-05,3.85371305252611e-05,3.85371305252611e-05,3.85371305252611e-05,3.85371305252611e-05,3.85371305252611e-05,3.85371305252611e-05,3.85371305252611e-05,3.85371305252611e-05,3.85371305252611e-05,3.85371305252611e-05,3.85371305252611e-05,3.85371305252611e-05,3.85371305252611e-05,3.85371305252611e-05,3.85371305252611e-05,3.85371305252611e-05,3.85371305252611e-05
3.85371305252611e-05,3.85371305252611e-05,3.85371305252611e-05,3.85371305252611e-05,3.85371305252611e-05,3.85371305252611e-05,3.85371305252611e-05,3.85371305252611e-05,3.85371305252611e-05,3.85371305252611e-05,3.85371305252611e-05,3.85371305252611e-05,3.85371305252611e-05,3.85371305252611e-05,3.85371305252611e-05,3.85371305252611e-05,3.85371305252611e-05,3.85371305252611e-05,3.85371305252611e-05,3.85371305252611e-05,3.85371305252611e-05,3.85371305252611e-05,3.85371305252611e-05,3.85371305252611e-05,3.85371305252611e-05,3.85371305252611e-05,3.85371305252611e-05,3.85371305252611e-05,3.85371305252611e-05,3.85371305252611e-05,3.85371305252611e-05,3.85371305252611e-05,3.85371305252611e-05,3.85371305252611e-05,3.85371305252611e-05,3.85371305252611e-05,3.85371305252611e-05,3.85371305252611e-05,3.85371305252611e-05,3.85371305252611e-05,3.85371305252611e-05,3.85371305252611e-05,3.85371305252611e-05,3.85371305252611e-05,3.85371305252611e-05,3.85371305252611e-05,3.85371305252611e-05,3.85371305252611e-05,3.85371305252611e-05,3.85371305252611e-05,3.85371305252611e-05,3.85371305252611e-05,3.85371305252611e-05,3.85371305252611e-05,3.85371305252611e-05,3.85371305252611e-05,3.85371305252611e-05,3.85371305252611e-05,3.85371305252611e-05,3.85371305252611e-05,3.85371305252611e-05,3.85371305252611e-05,3.85371305252611e-05,3.85371305252611e-05,3.85371305252611e-05,3.85371305252611e-05,3.85371305252611e-05,3.85371305252611e-05,3.85371305252611e-05,3.85371305252611e-05,3.85371305252611e-05,3.85371305252611e-05,3.85371305252611e-05,3.85371305252611e-05,3.85371305252611e-05,3.85371305252611e-05,3.85371305252611e-05,3.85371305252611e-05,3.85371305252611e-05,3.85371305252611e-05,3.85371305252611e-05,3.85371305252611e-05,3.85371305252611e-05,3.85371305252611e-05,3.85371305252611e-05,3.85371305252611e-05,3.85371305252611e-05,3.85371305252611e-05,3.85371305252611e-05,3.85371305252611e-05,3.85371305252611e-05,3.85371305252611e-05,3.85371305252611e-05,3.85371305252611e-05,3.85371305252611e-05,3.85371305252611e-05,3.85371305252611e-05,3.85371305252611e-05,3.85371305252611e-05,3.85371305252611e-05
3.85371305252611e-05,3.85371305252611e-05,3.85371305252611e-05,3.85371305252611e-05,3.85371305252611e-05,3.85371305252611e-05,3.85371305252611e-05,3.85371305252611e-05,3.85371305252611e-05,3.85371305252611e-05,3.85371305252611e-05,3.85371305252611e-05,3.85371305252611e-05,3.85371305252611e-05,3.85371305252611e-05,3.85371305252611e-05,3.85371305252611e-05,3.85371305252611e-05,3.85371305252611e-05,3.85371305252611e-05,3.85371305252611e-05,3.85371305252611e-05,3.85371305252611e-05,3.85371305252611e-05,3.85371305252611e-05,3.85371305252611e-05,3.85371305252611e-05,3.85371305252611e-05,3.85371305252611e-05,3.85371305252611e-05,3.85371305252611e-05,3.85371305252611e-05,3.85371305252611e-05,3.85371305252611e-05,3.85371305252611e-05,3.85371305252611e-05,3.85371305252611e-05,3.85371305252611e-05,3.85371305252611e-05,3.85371305252611e-05,3.85371305252611e-05,3.85371305252611e-05,3.85371305252611e-05,3.85371305252611e-05,3.85371305252611e-05,3.85371305252611e-05,3.85371305252611e-05,3.85371305252611e-05,3.85371305252611e-05,3.85371305252611e-05,3.85371305252611e-05,3.85371305252611e-05,3.85371305252611e-05,3.85371305252611e-05,3.85371305252611e-05,3.85371305252611e-05,3.85371305252611e-05,3.85371305252611e-05,3.85371305252611e-05,3.85371305252611e-05,3.85371305252611e-05,3.85371305252611e-05,3.85371305252611e-05,3.85371305252611e-05,3.85371305252611e-05,3.85371305252611e-05,3.85371305252611e-05,3.85371305252611e-05,3.85371305252611e-05,3.85371305252611e-05,3.85371305252611e-05,3.85371305252611e-05,3.85371305252611e-05,3.85371305252611e-05,3.85371305252611e-05,3.85371305252611e-05,3.85371305252611e-05,3.85371305252611e-05,3.85371305252611e-05,3.85371305252611e-05,3.85371305252611e-05,3.85371305252611e-05,3.85371305252611e-05,3.85371305252611e-05,3.85371305252611e-05,3.85371305252611e-05,3.85371305252611e-05,3.85371305252611e-05,3.85371305252611e-05,3.85371305252611e-05,3.85371305252611e-05,3.85371305252611e-05,3.85371305252611e-05,3.85371305252611e-05,3.85371305252611e-05,3.85371305252611e-05,3.85371305252611e-05,3.85371305252611e-05,3.85371305252611e-05,3.85371305252611e-05
3.85371305252611e-05,3.85371305252611e-05,3.85371305252611e-05,3.85371305252611e-05,3.85371305252611e-05,3.85371305252611e-05,3.85371305252611e-05,3.85371305252611e-05,3.85371305252611e-05,3.85371305252611e-05,3.85371305252611e-05,3.85371305252611e-05,3.85371305252611e-05,3.85371305252611e-05,3.85371305252611e-05,3.85371305252611e-05,3.85371305252611e-05,3.85371305252611e-05,3.85371305252611e-05,3.85371305252611e-05,3.85371305252611e-05,3.85371305252611e-05,3.85371305252611e-05,3.85371305252611e-05,3.85371305252611e-05,3.85371305252611e-05,3.85371305252611e-05,3.85371305252611e-05,3.85371305252611e-05,3.85371305252611e-05,3.85371305252611e-05,3.85371305252611e-05,3.85371305252611e-05,3.85371305252611e-05,3.85371305252611e-05,3.85371305252611e-05,3.85371305252611e-05,3.85371305252611e-05,3.85371305252611e-05,3.85371305252611e-05,3.85371305252611e-05,3.85371305252611e-05,3.85371305252611e-05,3.85371305252611e-05,3.85371305252611e-05,3.85371305252611e-05,3.85371305252611e-05,3.85371305252611e-05,3.85371305252611e-05,3.85371305252611e-05,3.85371305252611e-05,3.85371305252611e-05,3.85371305252611e-05,3.85371305252611e-05,3.85371305252611e-05,3.85371305252611e-05,3.85371305252611e-05,3.85371305252611e-05,3.85371305252611e-05,3.85371305252611e-05,3.85371305252611e-05,3.85371305252611e-05,3.85371305252611e-05,3.85371305252611e-05,3.85371305252611e-05,3.85371305252611e-05,3.85371305252611e-05,3.85371305252611e-05,3.85371305252611e-05,3.85371305252611e-05,3.85371305252611e-05,3.85371305252611e-05,3.85371305252611e-05,3.85371305252611e-05,3.85371305252611e-05,3.85371305252611e-05,3.85371305252611e-05,3.85371305252611e-05,3.85371305252611e-05,3.85371305252611e-05,3.85371305252611e-05,3.85371305252611e-05,3.85371305252611e-05,3.85371305252611e-05,3.85371305252611e-05,3.85371305252611e-05,3.85371305252611e-05,3.85371305252611e-05,3.85371305252611e-05,3.85371305252611e-05,3.85371305252611e-05,3.85371305252611e-05,3.85371305252611e-05,3.85371305252611e-05,3.85371305252611e-05,3.85371305252611e-05,3.85371305252611e-05,3.85371305252611e-05,3.85371305252611e-05,3.85371305252611e-05
3.85371305252611e-05,3.85371305252611e-05,3.85371305252611e-05,3.85371305252611e-05,3.85371305252611e-05,3.85371305252611e-05,3.85371305252611e-05,3.85371305252611e-05,3.85371305252611e-05,3.85371305252611e-05,3.85371305252611e-05,3.85371305252611e-05,3.85371305252611e-05,3.85371305252611e-05,3.85371305252611e-05,3.85371305252611e-05,3.85371305252611e-05,3.85371305252611e-05,3.85371305252611e-05,3.85371305252611e-05,3.85371305252611e-05,3.85371305252611e-05,3.85371305252611e-05,3.85371305252611e-05,3.85371305252611e-05,3.85371305252611e-05,3.85371305252611e-05,3.85371305252611e-05,3.85371305252611e-05,3.85371305252611e-05,3.85371305252611e-05,3.85371305252611e-05,3.85371305252611e-05,3.85371305252611e-05,3.85371305252611e-05,3.85371305252611e-05,3.85371305252611e-05,3.85371305252611e-05,3.85371305252611e-05,3.85371305252611e-05,3.85371305252611e-05,3.85371305252611e-05,3.85371305252611e-05,3.85371305252611e-05,3.85371305252611e-05,3.85371305252611e-05,3.85371305252611e-05,3.85371305252611e-05,3.85371305252611e-05,3.85371305252611e-05,3.85371305252611e-05,3.85371305252611e-05,3.85371305252611e-05,3.85371305252611e-05,3.85371305252611e-05,3.85371305252611e-05,3.85371305252611e-05,3.85371305252611e-05,3.85371305252611e-05,3.85371305252611e-05,3.85371305252611e-05,3.85371305252611e-05,3.85371305252611e-05,3.85371305252611e-05,3.85371305252611e-05,3.85371305252611e-05,3.85371305252611e-05,3.85371305252611e-05,3.85371305252611e-05,3.85371305252611e-05,3.85371305252611e-05,3.85371305252611e-05,3.85371305252611e-05,3.85371305252611e-05,3.85371305252611e-05,3.85371305252611e-05,3.85371305252611e-05,3.85371305252611e-05,3.85371305252611e-05,3.85371305252611e-05,3.85371305252611e-05,3.85371305252611e-05,3.85371305252611e-05,3.85371305252611e-05,3.85371305252611e-05,3.85371305252611e-05,3.85371305252611e-05,3.85371305252611e-05,3.85371305252611e-05,3.85371305252611e-05,3.85371305252611e-05,3.85371305252611e-05,3.85371305252611e-05,3.85371305252611e-05,3.85371305252611e-05,3.85371305252611e-05,3.85371305252611e-05,3.85371305252611e-05,3.85371305252611e-05,3.85371305252611e-05
3.85371305252611e-05,3.85371305252611e-05,3.85371305252611e-05,3.85371305252611e-05,3.85371305252611e-05,3.85371305252611e-05,3.85371305252611e-05,3.85371305252611e-05,3.85371305252611e-05,3.85371305252611e-05,3.85371305252611e-05,3.85371305252611e-05,3.85371305252611e-05,3.85371305252611e-05,3.85371305252611e-05,3.85371305252611e-05,3.85371305252611e-05,3.85371305252611e-05,3.85371305252611e-05,3.85371305252611e-05,3.85371305252611e-05,3.85371305252611e-05,3.85371305252611e-05,3.85371305252611e-05,3.85371305252611e-05,3.85371305252611e-05,3.85371305252611e-05,3.85371305252611e-05,3.85371305252611e-05,3.85371305252611e-05,3.85371305252611e-05,3.85371305252611e-05,3.85371305252611e-05,3.85371305252611e-05,3.85371305252611e-05,3.85371305252611e-05,3.85371305252611e-05,3.85371305252611e-05,3.85371305252611e-05,3.85371305252611e-05,3.85371305252611e-05,3.85371305252611e-05,3.85371305252611e-05,3.85371305252611e-05,3.85371305252611e-05,3.85371305252611e-05,3.85371305252611e-05,3.85371305252611e-05,3.85371305252611e-05,3.85371305252611e-05,3.85371305252611e-05,3.85371305252611e-05,3.85371305252611e-05,3.85371305252611e-05,3.85371305252611e-05,3.85371305252611e-05,3.85371305252611e-05,3.85371305252611e-05,3.85371305252611e-05,3.85371305252611e-05,3.85371305252611e-05,3.85371305252611e-05,3.85371305252611e-05,3.85371305252611e-05,3.85371305252611e-05,3.85371305252611e-05,3.85371305252611e-05,3.85371305252611e-05,3.85371305252611e-05,3.85371305252611e-05,3.85371305252611e-05,3.85371305252611e-05,3.85371305252611e-05,3.85371305252611e-05,3.85371305252611e-05,3.85371305252611e-05,3.85371305252611e-05,3.85371305252611e-05,3.85371305252611e-05,3.85371305252611e-05,3.85371305252611e-05,3.85371305252611e-05,3.85371305252611e-05,3.85371305252611e-05,3.85371305252611e-05,3.85371305252611e-05,3.85371305252611e-05,3.85371305252611e-05,3.85371305252611e-05,3.85371305252611e-05,3.85371305252611e-05,3.85371305252611e-05,3.85371305252611e-05,3.85371305252611e-05,3.85371305252611e-05,3.85371305252611e-05,3.85371305252611e-05,3.85371305252611e-05,3.85371305252611e-05,3.85371305252611e-05
0.0189217310879032,0.0189217310879032,0.0189217310879032,0.0189217310879032,0.0189217310879032,0.0189217310879032,0.0189217310879032,0.0189217310879032,0.0185363597826506,0.0177656171721454,0.0177656171721454,0.0177656171721454,0.0177656171721454,0.0173802458668928,0.0173802458668928,0.0173802458668928,0.0166095032563875,0.0166095032563875,0.0162241319511349,0.0158387606458823,0.0158387606458823,0.0154533893406297,0.0154533893406297,0.0154533893406297,0.0154533893406297,0.0146826467301245,0.0135265328143666,0.0127557902038614,0.0108289336775984,0.0104435623723458,0.0104435623723458,0.00967281976184053,0.00928744845658792,0.0085167058460827,0.00697522062507226,0.00658984931981965,0.00543373540406181,0.00466299279355659,0.00466299279355659,0.00427762148830398,0.00312150757254615,0.00273613626729354,0.0015800223515357,0.0015800223515357,0.0015800223515357,0.00119465104628309,0.000423908435777872,0.000423908435777872,3.85371305252611e-05,3.85371305252611e-05,3.85371305252611e-05,3.85371305252611e-05,3.85371305252611e-05,3.85371305252611e-05,3.85371305252611e-05,3.85371305252611e-05,3.85371305252611e-05,3.85371305252611e-05,3.85371305252611e-05,3.85371305252611e-05,3.85371305252611e-05,3.85371305252611e-05,3.85371305252611e-05,3.85371305252611e-05,3.85371305252611e-05,3.85371305252611e-05,3.85371305252611e-05,3.85371305252611e-05,3.85371305252611e-05,3.85371305252611e-05,3.85371305252611e-05,3.85371305252611e-05,3.85371305252611e-05,3.85371305252611e-05,3.85371305252611e-05,3.85371305252611e-05,3.85371305252611e-05,3.85371305252611e-05,3.85371305252611e-05,3.85371305252611e-05,3.85371305252611e-05,3.85371305252611e-05,3.85371305252611e-05,3.85371305252611e-05,3.85371305252611e-05,3.85371305252611e-05,3.85371305252611e-05,3.85371305252611e-05,3.85371305252611e-05,3.85371305252611e-05,3.85371305252611e-05,3.85371305252611e-05,3.85371305252611e-05,3.85371305252611e-05,3.85371305252611e-05,3.85371305252611e-05,3.85371305252611e-05,3.85371305252611e-05,3.85371305252611e-05,3.85371305252611e-05
0.0940691356121623,0.0940691356121623,0.0940691356121623,0.0940691356121623,0.0940691356121623,0.0940691356121623,0.0940691356121623,0.0940691356121623,0.0944545069174149,0.0952252495279201,0.0952252495279201,0.0948398782226675,0.0948398782226675,0.0952252495279201,0.0948398782226675,0.0948398782226675,0.0948398782226675,0.0940691356121623,0.0932983930016571,0.0932983930016571,0.0932983930016571,0.0929130216964045,0.0921422790858993,0.0909861651701414,0.089444679949131,0.0882885660333732,0.0867470808123627,0.0855909668966049,0.0855909668966049,0.0848202242860997,0.0794250260125631,0.0778835407915527,0.0740298277390265,0.06863462946549,0.061697945970943,0.0586149755289221,0.0536051485606382,0.0485953215923542,0.0435854946240703,0.0381902963505337,0.0354926972137655,0.032024355466492,0.027014528498208,0.0220047015299241,0.0166095032563875,0.013141161509114,0.0100581910670931,0.00774596323557748,0.0050483640988092,0.00389225018305137,0.00235076496204093,0.00119465104628309,0.000423908435777872,0.000423908435777872,0.000423908435777872,3.85371305252611e-05,3.85371305252611e-05,3.85371305252611e-05,3.85371305252611e-05,3.85371305252611e-05,3.85371305252611e-05,3.85371305252611e-05,3.85371305252611e-05,3.85371305252611e-05,3.85371305252611e-05,3.85371305252611e-05,3.85371305252611e-05,3.85371305252611e-05,3.85371305252611e-05,3.85371305252611e-05,3.85371305252611e-05,3.85371305252611e-05,3.85371305252611e-05,3.85371305252611e-05,3.85371305252611e-05,3.85371305252611e-05,3.85371305252611e-05,3.85371305252611e-05,3.85371305252611e-05,3.85371305252611e-05,3.85371305252611e-05,3.85371305252611e-05,3.85371305252611e-05,3.85371305252611e-05,3.85371305252611e-05,3.85371305252611e-05,3.85371305252611e-05,3.85371305252611e-05,3.85371305252611e-05,3.85371305252611e-05,3.85371305252611e-05,3.85371305252611e-05,3.85371305252611e-05,3.85371305252611e-05,3.85371305252611e-05,3.85371305252611e-05,3.85371305252611e-05,3.85371305252611e-05,3.85371305252611e-05,3.85371305252611e-05
0.879455855716983,0.879455855716983,0.879455855716983,0.879455855716983,0.879455855716983,0.879455855716983,0.879455855716983,0.879455855716983,0.879455855716983,0.879455855716983,0.879455855716983,0.879841227022236,0.879841227022236,0.879841227022236,0.880226598327489,0.880226598327489,0.880997340937994,0.881768083548499,0.882924197464257,0.883309568769509,0.883309568769509,0.884080311380015,0.88485105399052,0.886007167906278,0.887548653127288,0.889475509653551,0.892173108790319,0.894099965316582,0.896026821842846,0.897182935758603,0.90257813403214,0.904890361863656,0.909129446221434,0.915295387105476,0.923773555821033,0.927241897568307,0.933407838452349,0.939188408031138,0.944198234999422,0.949978804578211,0.953061775020232,0.956915488072758,0.962696057651547,0.966935142009326,0.97194496897761,0.975798682030136,0.978881652472157,0.980423137693167,0.982735365524683,0.983120736829936,0.984662222050946,0.985432964661451,0.984276850745693,0.983506108135188,0.98234999421943,0.980037766387915,0.978110909861652,0.976954795945894,0.974642568114378,0.970403483756599,0.968091255925084,0.962696057651547,0.956530116767505,0.952291032409727,0.944198234999422,0.93803229411538,0.928012640178812,0.914910015800223,0.907202589695171,0.89525607923234,0.881382712243246,0.860958033064858,0.842845581717985,0.823577016455355,0.796601025087672,0.772322632856757,0.741492928436549,0.71066322401634,0.673667578712089,0.635515819492081,0.594666461135304,0.538787621873675,0.48483563913831,0.432810512929207,0.375775559751821,0.311033180469382,0.264788623839069,0.205441442830167,0.163821341862885,0.121045126979845,0.0836641103703418,0.0466684650660912,0.00890207715133531,0.000809279741030483,0.000423908435777872,3.85371305252611e-05,3.85371305252611e-05,3.85371305252611e-05,3.85371305252611e-05,3.85371305252611e-05
3.85371305252611e-05,3.85371305252611e-05,3.85371305252611e-05,3.85371305252611e-05,3.85371305252611e-05,3.85371305252611e-05,3.85371305252611e-05,3.85371305252611e-05,3.85371305252611e-05,3.85371305252611e-05,3.85371305252611e-05,3.85371305252611e-05,3.85371305252611e-05,3.85371305252611e-05,3.85371305252611e-05,3.85371305252611e-05,3.85371305252611e-05,3.85371305252611e-05,3.85371305252611e-05,3.85371305252611e-05,3.85371305252611e-05,3.85371305252611e-05,3.85371305252611e-05,3.85371305252611e-05,3.85371305252611e-05,3.85371305252611e-05,3.85371305252611e-05,3.85371305252611e-05,3.85371305252611e-05,3.85371305252611e-05,3.85371305252611e-05,3.85371305252611e-05,3.85371305252611e-05,3.85371305252611e-05,3.85371305252611e-05,3.85371305252611e-05,3.85371305252611e-05,3.85371305252611e-05,3.85371305252611e-05,3.85371305252611e-05,0.000809279741030483,0.000809279741030483,0.00119465104628309,0.00196539365678832,0.00235076496204093,0.00235076496204093,0.00312150757254615,0.00389225018305137,0.00466299279355659,0.00543373540406181,0.00543373540406181,0.00581910670931442,0.00774596323557748,0.0085167058460827,0.00967281976184053,0.0123704188986088,0.0142972754248719,0.0154533893406297,0.0177656171721454,0.0220047015299241,0.0243169293614397,0.0297121276349763,0.0358780685190181,0.0401171528767968,0.0482099502871016,0.0543758911711434,0.0643955451077113,0.0774981694863,0.0852055955913523,0.0971521060541832,0.111025473043277,0.131450152221666,0.149562603568538,0.168831168831169,0.195807160198852,0.220085552429766,0.250915256849975,0.281744961270184,0.318740606574434,0.356892365794443,0.39774172415122,0.453620563412848,0.507572546148214,0.559597672357316,0.616632625534703,0.681375004817141,0.727619561447455,0.786966742456357,0.828586843423639,0.871363058306678,0.908744074916182,0.945739720220432,0.983506108135188,0.991598905545493,0.991984276850746,0.992369648155998,0.992369648155998,0.992369648155998,0.992369648155998,0.992369648155998
19377250.1,19377250.1,19377250.1,19377250.1,19377250.1,19377250.1,19377250.1,19377250.1,19377250.1,19377250.1,19377250.1,19377250.1,19377250.1,19377250.1,19377250.1,19377250.1,19377250.1,19377250.1,19377250.1,19377250.1,19377250.1,19377250.1,19377250.1,19377250.1,19377250.1,19377250.1,19377250.1,19377250.1,19377250.1,19377250.1,19377250.1,19377250.1,19377250.1,19377250.1,19377250.1,19377250.1,19377250.1,19377250.1,19377250.1,19377250.1,19377250.1,19377250.1,19377250.1,19377250.1,19377250.1,19377250.1,19377250.1,19377250.1,19377250.1,19377250.1,19377250.1,19377250.1,19377250.1,19377250.1,19377250.1,19377250.1,19377250.1,19377250.1,19377250.1,19377250.1,19377250.1,19377250.1,19377250.1,19377250.1,19377250.1,19377250.1,19377250.1,19377250.1,19377250.1,19377250.1,19377250.1,19377250.1,19377250.1,19377250.1,19377250.1,19377250.1,19377250.1,19377250.1,19377250.1,19377250.1,19377250.1,19377250.1,19377250.1,19377250.1,19377250.1,19377250.1,19377250.1,19377250.1,19377250.1,19377250.1,19377250.1,19377250.1,19377250.1,19377250.1,19377250.1,19377250.1,19377250.1,19377250.1,19377250.1,19377250.1
