"V1","V2","V3","V4","V5","V6","V7","V8","V9","V10","V11","V12","V13","V14","V15","V16","V17","V18","V19","V20","V21","V22","V23","V24","V25","V26","V27","V28","V29","V30","V31","V32","V33","V34","V35","V36","V37","V38","V39","V40"
0.00145060948567854,0.00139760304893024,0.00130925898768307,0.0012209149264359,0.00115023967743816,0.00102655799169212,0.000814532244698915,0.000478824811959666,0.00028446787721589,0.000143117379220417,3.71045057238117e-05,1.76688122494342e-06,1.76688122494342e-06,1.76688122494342e-06,1.76688122494342e-06,1.76688122494342e-06,1.76688122494342e-06,1.76688122494342e-06,1.76688122494342e-06,1.76688122494342e-06,1.76688122494342e-06,1.76688122494342e-06,1.76688122494342e-06,1.76688122494342e-06,1.76688122494342e-06,1.76688122494342e-06,1.76688122494342e-06,1.76688122494342e-06,1.76688122494342e-06,1.76688122494342e-06,1.76688122494342e-06,1.76688122494342e-06,1.76688122494342e-06,1.76688122494342e-06,1.76688122494342e-06,1.76688122494342e-06,1.76688122494342e-06,1.76688122494342e-06,1.76688122494342e-06,1.76688122494342e-06
0.000761525807950612,0.000814532244698915,0.000867538681447217,0.000902876305946085,0.000885207493696651,0.000832201056948349,0.000832201056948349,0.000938213930444954,0.000531831248707968,0.000266799064966456,0.000160786191469851,1.94356934743776e-05,1.76688122494342e-06,1.76688122494342e-06,1.76688122494342e-06,1.76688122494342e-06,1.76688122494342e-06,1.76688122494342e-06,1.76688122494342e-06,1.76688122494342e-06,1.76688122494342e-06,1.76688122494342e-06,1.76688122494342e-06,1.76688122494342e-06,1.76688122494342e-06,1.76688122494342e-06,1.76688122494342e-06,1.76688122494342e-06,1.76688122494342e-06,1.76688122494342e-06,1.76688122494342e-06,1.76688122494342e-06,1.76688122494342e-06,1.76688122494342e-06,1.76688122494342e-06,1.76688122494342e-06,1.76688122494342e-06,1.76688122494342e-06,1.76688122494342e-06,1.76688122494342e-06
0.000690850558952876,0.000637844122204573,0.000637844122204573,0.000602506497705705,0.000637844122204573,0.000726188183451744,0.000779194620200046,0.000779194620200046,0.000991220367193256,0.000938213930444954,0.000443487187460797,0.000107779754721548,3.71045057238117e-05,1.76688122494342e-06,1.76688122494342e-06,1.76688122494342e-06,1.76688122494342e-06,1.76688122494342e-06,1.76688122494342e-06,1.76688122494342e-06,1.76688122494342e-06,1.76688122494342e-06,1.76688122494342e-06,1.76688122494342e-06,1.76688122494342e-06,1.76688122494342e-06,1.76688122494342e-06,1.76688122494342e-06,1.76688122494342e-06,1.76688122494342e-06,1.76688122494342e-06,1.76688122494342e-06,1.76688122494342e-06,1.76688122494342e-06,1.76688122494342e-06,1.76688122494342e-06,1.76688122494342e-06,1.76688122494342e-06,1.76688122494342e-06,1.76688122494342e-06
0.000814532244698915,0.000867538681447217,0.000885207493696651,0.000973551554943822,0.000920545118195519,0.000938213930444954,0.000867538681447217,0.000867538681447217,0.000761525807950612,0.000637844122204573,0.000584837685456271,0.000355143126213627,7.244213022268e-05,3.71045057238117e-05,1.76688122494342e-06,1.76688122494342e-06,1.76688122494342e-06,1.76688122494342e-06,1.76688122494342e-06,1.76688122494342e-06,1.76688122494342e-06,1.76688122494342e-06,1.76688122494342e-06,1.76688122494342e-06,1.76688122494342e-06,1.76688122494342e-06,1.76688122494342e-06,1.76688122494342e-06,1.76688122494342e-06,1.76688122494342e-06,1.76688122494342e-06,1.76688122494342e-06,1.76688122494342e-06,1.76688122494342e-06,1.76688122494342e-06,1.76688122494342e-06,1.76688122494342e-06,1.76688122494342e-06,1.76688122494342e-06,1.76688122494342e-06
0.000726188183451744,0.00070851937120231,0.000673181746703441,0.000637844122204573,0.000584837685456271,0.000531831248707968,0.000620175309955139,0.000726188183451744,0.000673181746703441,0.00070851937120231,0.000726188183451744,0.000549500060957402,0.000125448566970982,1.76688122494342e-06,1.76688122494342e-06,1.76688122494342e-06,1.76688122494342e-06,1.76688122494342e-06,1.76688122494342e-06,1.76688122494342e-06,1.76688122494342e-06,1.76688122494342e-06,1.76688122494342e-06,1.76688122494342e-06,1.76688122494342e-06,1.76688122494342e-06,1.76688122494342e-06,1.76688122494342e-06,1.76688122494342e-06,1.76688122494342e-06,1.76688122494342e-06,1.76688122494342e-06,1.76688122494342e-06,1.76688122494342e-06,1.76688122494342e-06,1.76688122494342e-06,1.76688122494342e-06,1.76688122494342e-06,1.76688122494342e-06,1.76688122494342e-06
0.00102655799169212,0.00104422680394156,0.00100888917944269,0.00102655799169212,0.00109723324068986,0.00107956442844043,0.000991220367193256,0.00079686343244948,0.000867538681447217,0.000726188183451744,0.000690850558952876,0.000531831248707968,0.000302136689465324,1.94356934743776e-05,1.94356934743776e-05,1.76688122494342e-06,1.76688122494342e-06,1.76688122494342e-06,1.76688122494342e-06,1.76688122494342e-06,1.76688122494342e-06,1.76688122494342e-06,1.76688122494342e-06,1.76688122494342e-06,1.76688122494342e-06,1.76688122494342e-06,1.76688122494342e-06,1.76688122494342e-06,1.76688122494342e-06,1.76688122494342e-06,1.76688122494342e-06,1.76688122494342e-06,1.76688122494342e-06,1.76688122494342e-06,1.76688122494342e-06,1.76688122494342e-06,1.76688122494342e-06,1.76688122494342e-06,1.76688122494342e-06,1.76688122494342e-06
0.000726188183451744,0.000726188183451744,0.000814532244698915,0.000779194620200046,0.000814532244698915,0.000814532244698915,0.000938213930444954,0.000955882742694388,0.000920545118195519,0.000955882742694388,0.000637844122204573,0.000726188183451744,0.000443487187460797,7.244213022268e-05,1.76688122494342e-06,1.76688122494342e-06,1.76688122494342e-06,1.76688122494342e-06,1.76688122494342e-06,1.76688122494342e-06,1.76688122494342e-06,1.76688122494342e-06,1.76688122494342e-06,1.76688122494342e-06,1.76688122494342e-06,1.76688122494342e-06,1.76688122494342e-06,1.76688122494342e-06,1.76688122494342e-06,1.76688122494342e-06,1.76688122494342e-06,1.76688122494342e-06,1.76688122494342e-06,1.76688122494342e-06,1.76688122494342e-06,1.76688122494342e-06,1.76688122494342e-06,1.76688122494342e-06,1.76688122494342e-06,1.76688122494342e-06
0.000726188183451744,0.000726188183451744,0.000673181746703441,0.000690850558952876,0.000673181746703441,0.000726188183451744,0.000673181746703441,0.000690850558952876,0.000938213930444954,0.000849869869197783,0.0011149020529393,0.000743856995701178,0.000514162436458534,0.000178455003719285,1.94356934743776e-05,1.76688122494342e-06,1.76688122494342e-06,1.76688122494342e-06,1.76688122494342e-06,1.76688122494342e-06,1.76688122494342e-06,1.76688122494342e-06,1.76688122494342e-06,1.76688122494342e-06,1.76688122494342e-06,1.76688122494342e-06,1.76688122494342e-06,1.76688122494342e-06,1.76688122494342e-06,1.76688122494342e-06,1.76688122494342e-06,1.76688122494342e-06,1.76688122494342e-06,1.76688122494342e-06,1.76688122494342e-06,1.76688122494342e-06,1.76688122494342e-06,1.76688122494342e-06,1.76688122494342e-06,1.76688122494342e-06
0.000920545118195519,0.000920545118195519,0.000920545118195519,0.000920545118195519,0.000867538681447217,0.000849869869197783,0.000849869869197783,0.000885207493696651,0.000761525807950612,0.000973551554943822,0.000814532244698915,0.000885207493696651,0.000814532244698915,0.000319805501714758,3.71045057238117e-05,1.76688122494342e-06,1.76688122494342e-06,1.76688122494342e-06,1.76688122494342e-06,1.76688122494342e-06,1.76688122494342e-06,1.76688122494342e-06,1.76688122494342e-06,1.76688122494342e-06,1.76688122494342e-06,1.76688122494342e-06,1.76688122494342e-06,1.76688122494342e-06,1.76688122494342e-06,1.76688122494342e-06,1.76688122494342e-06,1.76688122494342e-06,1.76688122494342e-06,1.76688122494342e-06,1.76688122494342e-06,1.76688122494342e-06,1.76688122494342e-06,1.76688122494342e-06,1.76688122494342e-06,1.76688122494342e-06
0.000743856995701178,0.000743856995701178,0.000761525807950612,0.000726188183451744,0.000743856995701178,0.000726188183451744,0.000726188183451744,0.000849869869197783,0.000832201056948349,0.000938213930444954,0.00079686343244948,0.000779194620200046,0.000637844122204573,0.000337474313964192,7.244213022268e-05,1.94356934743776e-05,1.76688122494342e-06,1.76688122494342e-06,1.76688122494342e-06,1.76688122494342e-06,1.76688122494342e-06,1.76688122494342e-06,1.76688122494342e-06,1.76688122494342e-06,1.76688122494342e-06,1.76688122494342e-06,1.76688122494342e-06,1.76688122494342e-06,1.76688122494342e-06,1.76688122494342e-06,1.76688122494342e-06,1.76688122494342e-06,1.76688122494342e-06,1.76688122494342e-06,1.76688122494342e-06,1.76688122494342e-06,1.76688122494342e-06,1.76688122494342e-06,1.76688122494342e-06,1.76688122494342e-06
0.000867538681447217,0.000832201056948349,0.000832201056948349,0.00079686343244948,0.000814532244698915,0.000832201056948349,0.000832201056948349,0.000761525807950612,0.000690850558952876,0.000690850558952876,0.00104422680394156,0.000938213930444954,0.00079686343244948,0.000443487187460797,5.47733179732459e-05,1.76688122494342e-06,1.76688122494342e-06,1.76688122494342e-06,1.76688122494342e-06,1.76688122494342e-06,1.76688122494342e-06,1.76688122494342e-06,1.76688122494342e-06,1.76688122494342e-06,1.76688122494342e-06,1.76688122494342e-06,1.76688122494342e-06,1.76688122494342e-06,1.76688122494342e-06,1.76688122494342e-06,1.76688122494342e-06,1.76688122494342e-06,1.76688122494342e-06,1.76688122494342e-06,1.76688122494342e-06,1.76688122494342e-06,1.76688122494342e-06,1.76688122494342e-06,1.76688122494342e-06,1.76688122494342e-06
0.000902876305946085,0.000902876305946085,0.000885207493696651,0.000955882742694388,0.000938213930444954,0.000814532244698915,0.00079686343244948,0.00070851937120231,0.000867538681447217,0.000743856995701178,0.000814532244698915,0.000920545118195519,0.000743856995701178,0.000743856995701178,0.000125448566970982,1.94356934743776e-05,1.76688122494342e-06,1.76688122494342e-06,1.76688122494342e-06,1.76688122494342e-06,1.76688122494342e-06,1.76688122494342e-06,1.76688122494342e-06,1.76688122494342e-06,1.76688122494342e-06,1.76688122494342e-06,1.76688122494342e-06,1.76688122494342e-06,1.76688122494342e-06,1.76688122494342e-06,1.76688122494342e-06,1.76688122494342e-06,1.76688122494342e-06,1.76688122494342e-06,1.76688122494342e-06,1.76688122494342e-06,1.76688122494342e-06,1.76688122494342e-06,1.76688122494342e-06,1.76688122494342e-06
0.000902876305946085,0.000938213930444954,0.000938213930444954,0.000938213930444954,0.000938213930444954,0.000973551554943822,0.00102655799169212,0.00102655799169212,0.000885207493696651,0.000761525807950612,0.000885207493696651,0.000938213930444954,0.000761525807950612,0.000743856995701178,0.000213792628218153,1.94356934743776e-05,1.76688122494342e-06,1.76688122494342e-06,1.76688122494342e-06,1.76688122494342e-06,1.76688122494342e-06,1.76688122494342e-06,1.76688122494342e-06,1.76688122494342e-06,1.76688122494342e-06,1.76688122494342e-06,1.76688122494342e-06,1.76688122494342e-06,1.76688122494342e-06,1.76688122494342e-06,1.76688122494342e-06,1.76688122494342e-06,1.76688122494342e-06,1.76688122494342e-06,1.76688122494342e-06,1.76688122494342e-06,1.76688122494342e-06,1.76688122494342e-06,1.76688122494342e-06,1.76688122494342e-06
0.00070851937120231,0.000637844122204573,0.000637844122204573,0.000620175309955139,0.000673181746703441,0.000726188183451744,0.000726188183451744,0.00070851937120231,0.000743856995701178,0.00079686343244948,0.000637844122204573,0.000955882742694388,0.000973551554943822,0.000690850558952876,0.000390480750712495,1.94356934743776e-05,1.94356934743776e-05,1.76688122494342e-06,1.76688122494342e-06,1.76688122494342e-06,1.76688122494342e-06,1.76688122494342e-06,1.76688122494342e-06,1.76688122494342e-06,1.76688122494342e-06,1.76688122494342e-06,1.76688122494342e-06,1.76688122494342e-06,1.76688122494342e-06,1.76688122494342e-06,1.76688122494342e-06,1.76688122494342e-06,1.76688122494342e-06,1.76688122494342e-06,1.76688122494342e-06,1.76688122494342e-06,1.76688122494342e-06,1.76688122494342e-06,1.76688122494342e-06,1.76688122494342e-06
0.000832201056948349,0.000867538681447217,0.000849869869197783,0.000867538681447217,0.000867538681447217,0.000902876305946085,0.000779194620200046,0.000849869869197783,0.000779194620200046,0.000938213930444954,0.000920545118195519,0.000726188183451744,0.00107956442844043,0.000849869869197783,0.000372811938463061,1.94356934743776e-05,1.76688122494342e-06,1.76688122494342e-06,1.76688122494342e-06,1.76688122494342e-06,1.76688122494342e-06,1.76688122494342e-06,1.76688122494342e-06,1.76688122494342e-06,1.76688122494342e-06,1.76688122494342e-06,1.76688122494342e-06,1.76688122494342e-06,1.76688122494342e-06,1.76688122494342e-06,1.76688122494342e-06,1.76688122494342e-06,1.76688122494342e-06,1.76688122494342e-06,1.76688122494342e-06,1.76688122494342e-06,1.76688122494342e-06,1.76688122494342e-06,1.76688122494342e-06,1.76688122494342e-06
0.000779194620200046,0.000814532244698915,0.00079686343244948,0.000814532244698915,0.00079686343244948,0.00079686343244948,0.000920545118195519,0.000920545118195519,0.000955882742694388,0.00079686343244948,0.000761525807950612,0.000938213930444954,0.000902876305946085,0.000902876305946085,0.000637844122204573,5.47733179732459e-05,3.71045057238117e-05,1.76688122494342e-06,1.76688122494342e-06,1.76688122494342e-06,1.76688122494342e-06,1.76688122494342e-06,1.76688122494342e-06,1.76688122494342e-06,1.76688122494342e-06,1.76688122494342e-06,1.76688122494342e-06,1.76688122494342e-06,1.76688122494342e-06,1.76688122494342e-06,1.76688122494342e-06,1.76688122494342e-06,1.76688122494342e-06,1.76688122494342e-06,1.76688122494342e-06,1.76688122494342e-06,1.76688122494342e-06,1.76688122494342e-06,1.76688122494342e-06,1.76688122494342e-06
0.000955882742694388,0.000955882742694388,0.000991220367193256,0.000955882742694388,0.000920545118195519,0.000902876305946085,0.000902876305946085,0.000885207493696651,0.000973551554943822,0.000867538681447217,0.000885207493696651,0.000779194620200046,0.000938213930444954,0.000761525807950612,0.000726188183451744,5.47733179732459e-05,1.76688122494342e-06,1.76688122494342e-06,1.76688122494342e-06,1.76688122494342e-06,1.76688122494342e-06,1.76688122494342e-06,1.76688122494342e-06,1.76688122494342e-06,1.76688122494342e-06,1.76688122494342e-06,1.76688122494342e-06,1.76688122494342e-06,1.76688122494342e-06,1.76688122494342e-06,1.76688122494342e-06,1.76688122494342e-06,1.76688122494342e-06,1.76688122494342e-06,1.76688122494342e-06,1.76688122494342e-06,1.76688122494342e-06,1.76688122494342e-06,1.76688122494342e-06,1.76688122494342e-06
0.000973551554943822,0.000920545118195519,0.000920545118195519,0.000920545118195519,0.000885207493696651,0.000885207493696651,0.000867538681447217,0.000867538681447217,0.000849869869197783,0.000973551554943822,0.000814532244698915,0.000531831248707968,0.00079686343244948,0.000991220367193256,0.000743856995701178,0.000196123815968719,1.76688122494342e-06,1.76688122494342e-06,1.76688122494342e-06,1.76688122494342e-06,1.76688122494342e-06,1.76688122494342e-06,1.76688122494342e-06,1.76688122494342e-06,1.76688122494342e-06,1.76688122494342e-06,1.76688122494342e-06,1.76688122494342e-06,1.76688122494342e-06,1.76688122494342e-06,1.76688122494342e-06,1.76688122494342e-06,1.76688122494342e-06,1.76688122494342e-06,1.76688122494342e-06,1.76688122494342e-06,1.76688122494342e-06,1.76688122494342e-06,1.76688122494342e-06,1.76688122494342e-06
0.000885207493696651,0.000920545118195519,0.000902876305946085,0.000885207493696651,0.000955882742694388,0.000973551554943822,0.00100888917944269,0.000902876305946085,0.00079686343244948,0.000867538681447217,0.000920545118195519,0.0011149020529393,0.000690850558952876,0.000938213930444954,0.000726188183451744,0.000266799064966456,1.76688122494342e-06,1.76688122494342e-06,1.76688122494342e-06,1.76688122494342e-06,1.76688122494342e-06,1.76688122494342e-06,1.76688122494342e-06,1.76688122494342e-06,1.76688122494342e-06,1.76688122494342e-06,1.76688122494342e-06,1.76688122494342e-06,1.76688122494342e-06,1.76688122494342e-06,1.76688122494342e-06,1.76688122494342e-06,1.76688122494342e-06,1.76688122494342e-06,1.76688122494342e-06,1.76688122494342e-06,1.76688122494342e-06,1.76688122494342e-06,1.76688122494342e-06,1.76688122494342e-06
0.000761525807950612,0.000779194620200046,0.000779194620200046,0.000743856995701178,0.000743856995701178,0.000743856995701178,0.000761525807950612,0.000885207493696651,0.00100888917944269,0.000920545118195519,0.000973551554943822,0.000938213930444954,0.000779194620200046,0.000779194620200046,0.000673181746703441,0.000302136689465324,1.76688122494342e-06,1.76688122494342e-06,1.76688122494342e-06,1.76688122494342e-06,1.76688122494342e-06,1.76688122494342e-06,1.76688122494342e-06,1.76688122494342e-06,1.76688122494342e-06,1.76688122494342e-06,1.76688122494342e-06,1.76688122494342e-06,1.76688122494342e-06,1.76688122494342e-06,1.76688122494342e-06,1.76688122494342e-06,1.76688122494342e-06,1.76688122494342e-06,1.76688122494342e-06,1.76688122494342e-06,1.76688122494342e-06,1.76688122494342e-06,1.76688122494342e-06,1.76688122494342e-06
0.000726188183451744,0.00070851937120231,0.000779194620200046,0.000849869869197783,0.000814532244698915,0.00079686343244948,0.000620175309955139,0.000655512934454007,0.000690850558952876,0.00070851937120231,0.000832201056948349,0.000867538681447217,0.000991220367193256,0.000991220367193256,0.000832201056948349,0.000372811938463061,1.94356934743776e-05,1.76688122494342e-06,1.76688122494342e-06,1.76688122494342e-06,1.76688122494342e-06,1.76688122494342e-06,1.76688122494342e-06,1.76688122494342e-06,1.76688122494342e-06,1.76688122494342e-06,1.76688122494342e-06,1.76688122494342e-06,1.76688122494342e-06,1.76688122494342e-06,1.76688122494342e-06,1.76688122494342e-06,1.76688122494342e-06,1.76688122494342e-06,1.76688122494342e-06,1.76688122494342e-06,1.76688122494342e-06,1.76688122494342e-06,1.76688122494342e-06,1.76688122494342e-06
0.000832201056948349,0.000832201056948349,0.000761525807950612,0.000743856995701178,0.00079686343244948,0.000761525807950612,0.000885207493696651,0.000867538681447217,0.000885207493696651,0.000885207493696651,0.000849869869197783,0.000814532244698915,0.000832201056948349,0.000991220367193256,0.000885207493696651,0.000602506497705705,7.244213022268e-05,1.76688122494342e-06,1.76688122494342e-06,1.76688122494342e-06,1.76688122494342e-06,1.76688122494342e-06,1.76688122494342e-06,1.76688122494342e-06,1.76688122494342e-06,1.76688122494342e-06,1.76688122494342e-06,1.76688122494342e-06,1.76688122494342e-06,1.76688122494342e-06,1.76688122494342e-06,1.76688122494342e-06,1.76688122494342e-06,1.76688122494342e-06,1.76688122494342e-06,1.76688122494342e-06,1.76688122494342e-06,1.76688122494342e-06,1.76688122494342e-06,1.76688122494342e-06
0.00102655799169212,0.00102655799169212,0.00106189561619099,0.00104422680394156,0.00102655799169212,0.000991220367193256,0.000955882742694388,0.000814532244698915,0.00079686343244948,0.000920545118195519,0.000885207493696651,0.000920545118195519,0.000885207493696651,0.00079686343244948,0.000867538681447217,0.000549500060957402,3.71045057238117e-05,1.76688122494342e-06,1.76688122494342e-06,1.76688122494342e-06,1.76688122494342e-06,1.76688122494342e-06,1.76688122494342e-06,1.76688122494342e-06,1.76688122494342e-06,1.76688122494342e-06,1.76688122494342e-06,1.76688122494342e-06,1.76688122494342e-06,1.76688122494342e-06,1.76688122494342e-06,1.76688122494342e-06,1.76688122494342e-06,1.76688122494342e-06,1.76688122494342e-06,1.76688122494342e-06,1.76688122494342e-06,1.76688122494342e-06,1.76688122494342e-06,1.76688122494342e-06
0.000849869869197783,0.000849869869197783,0.000814532244698915,0.00079686343244948,0.000814532244698915,0.000902876305946085,0.000885207493696651,0.000849869869197783,0.000832201056948349,0.00079686343244948,0.000885207493696651,0.00079686343244948,0.000902876305946085,0.00079686343244948,0.000814532244698915,0.000690850558952876,7.244213022268e-05,1.76688122494342e-06,1.76688122494342e-06,1.76688122494342e-06,1.76688122494342e-06,1.76688122494342e-06,1.76688122494342e-06,1.76688122494342e-06,1.76688122494342e-06,1.76688122494342e-06,1.76688122494342e-06,1.76688122494342e-06,1.76688122494342e-06,1.76688122494342e-06,1.76688122494342e-06,1.76688122494342e-06,1.76688122494342e-06,1.76688122494342e-06,1.76688122494342e-06,1.76688122494342e-06,1.76688122494342e-06,1.76688122494342e-06,1.76688122494342e-06,1.76688122494342e-06
0.000955882742694388,0.000973551554943822,0.000955882742694388,0.000991220367193256,0.000920545118195519,0.000832201056948349,0.000867538681447217,0.000973551554943822,0.000779194620200046,0.000849869869197783,0.000849869869197783,0.000902876305946085,0.00107956442844043,0.000920545118195519,0.00104422680394156,0.00079686343244948,9.01109424721142e-05,1.76688122494342e-06,1.76688122494342e-06,1.76688122494342e-06,1.76688122494342e-06,1.76688122494342e-06,1.76688122494342e-06,1.76688122494342e-06,1.76688122494342e-06,1.76688122494342e-06,1.76688122494342e-06,1.76688122494342e-06,1.76688122494342e-06,1.76688122494342e-06,1.76688122494342e-06,1.76688122494342e-06,1.76688122494342e-06,1.76688122494342e-06,1.76688122494342e-06,1.76688122494342e-06,1.76688122494342e-06,1.76688122494342e-06,1.76688122494342e-06,1.76688122494342e-06
0.000973551554943822,0.000973551554943822,0.00102655799169212,0.000991220367193256,0.000973551554943822,0.00102655799169212,0.000991220367193256,0.000902876305946085,0.00107956442844043,0.000849869869197783,0.000779194620200046,0.000779194620200046,0.00079686343244948,0.000743856995701178,0.00109723324068986,0.000673181746703441,0.000143117379220417,1.76688122494342e-06,1.76688122494342e-06,1.76688122494342e-06,1.76688122494342e-06,1.76688122494342e-06,1.76688122494342e-06,1.76688122494342e-06,1.76688122494342e-06,1.76688122494342e-06,1.76688122494342e-06,1.76688122494342e-06,1.76688122494342e-06,1.76688122494342e-06,1.76688122494342e-06,1.76688122494342e-06,1.76688122494342e-06,1.76688122494342e-06,1.76688122494342e-06,1.76688122494342e-06,1.76688122494342e-06,1.76688122494342e-06,1.76688122494342e-06,1.76688122494342e-06
0.000920545118195519,0.000920545118195519,0.000849869869197783,0.000885207493696651,0.000920545118195519,0.000973551554943822,0.00109723324068986,0.0011149020529393,0.00107956442844043,0.0011149020529393,0.000973551554943822,0.000867538681447217,0.000761525807950612,0.0011149020529393,0.000938213930444954,0.000567168873206836,0.000213792628218153,1.76688122494342e-06,1.76688122494342e-06,1.76688122494342e-06,1.76688122494342e-06,1.76688122494342e-06,1.76688122494342e-06,1.76688122494342e-06,1.76688122494342e-06,1.76688122494342e-06,1.76688122494342e-06,1.76688122494342e-06,1.76688122494342e-06,1.76688122494342e-06,1.76688122494342e-06,1.76688122494342e-06,1.76688122494342e-06,1.76688122494342e-06,1.76688122494342e-06,1.76688122494342e-06,1.76688122494342e-06,1.76688122494342e-06,1.76688122494342e-06,1.76688122494342e-06
0.000902876305946085,0.000867538681447217,0.000920545118195519,0.000849869869197783,0.000902876305946085,0.000920545118195519,0.000832201056948349,0.000938213930444954,0.000832201056948349,0.000867538681447217,0.000849869869197783,0.000902876305946085,0.000814532244698915,0.000920545118195519,0.000814532244698915,0.000814532244698915,0.000319805501714758,1.94356934743776e-05,1.76688122494342e-06,1.76688122494342e-06,1.76688122494342e-06,1.76688122494342e-06,1.76688122494342e-06,1.76688122494342e-06,1.76688122494342e-06,1.76688122494342e-06,1.76688122494342e-06,1.76688122494342e-06,1.76688122494342e-06,1.76688122494342e-06,1.76688122494342e-06,1.76688122494342e-06,1.76688122494342e-06,1.76688122494342e-06,1.76688122494342e-06,1.76688122494342e-06,1.76688122494342e-06,1.76688122494342e-06,1.76688122494342e-06,1.76688122494342e-06
0.00102655799169212,0.00106189561619099,0.00104422680394156,0.0011149020529393,0.00106189561619099,0.000920545118195519,0.000867538681447217,0.00079686343244948,0.000955882742694388,0.000955882742694388,0.000920545118195519,0.000885207493696651,0.000973551554943822,0.000814532244698915,0.000779194620200046,0.000991220367193256,0.000443487187460797,1.76688122494342e-06,1.76688122494342e-06,1.76688122494342e-06,1.76688122494342e-06,1.76688122494342e-06,1.76688122494342e-06,1.76688122494342e-06,1.76688122494342e-06,1.76688122494342e-06,1.76688122494342e-06,1.76688122494342e-06,1.76688122494342e-06,1.76688122494342e-06,1.76688122494342e-06,1.76688122494342e-06,1.76688122494342e-06,1.76688122494342e-06,1.76688122494342e-06,1.76688122494342e-06,1.76688122494342e-06,1.76688122494342e-06,1.76688122494342e-06,1.76688122494342e-06
0.00079686343244948,0.000779194620200046,0.00079686343244948,0.000832201056948349,0.000867538681447217,0.000938213930444954,0.00104422680394156,0.00102655799169212,0.000955882742694388,0.000920545118195519,0.00100888917944269,0.000902876305946085,0.00070851937120231,0.000761525807950612,0.00115023967743816,0.000955882742694388,0.000514162436458534,1.76688122494342e-06,1.76688122494342e-06,1.76688122494342e-06,1.76688122494342e-06,1.76688122494342e-06,1.76688122494342e-06,1.76688122494342e-06,1.76688122494342e-06,1.76688122494342e-06,1.76688122494342e-06,1.76688122494342e-06,1.76688122494342e-06,1.76688122494342e-06,1.76688122494342e-06,1.76688122494342e-06,1.76688122494342e-06,1.76688122494342e-06,1.76688122494342e-06,1.76688122494342e-06,1.76688122494342e-06,1.76688122494342e-06,1.76688122494342e-06,1.76688122494342e-06
0.000832201056948349,0.000849869869197783,0.000867538681447217,0.000849869869197783,0.00079686343244948,0.00079686343244948,0.000743856995701178,0.000902876305946085,0.00079686343244948,0.000832201056948349,0.000832201056948349,0.000938213930444954,0.00106189561619099,0.000938213930444954,0.000885207493696651,0.000920545118195519,0.000390480750712495,3.71045057238117e-05,1.76688122494342e-06,1.76688122494342e-06,1.76688122494342e-06,1.76688122494342e-06,1.76688122494342e-06,1.76688122494342e-06,1.76688122494342e-06,1.76688122494342e-06,1.76688122494342e-06,1.76688122494342e-06,1.76688122494342e-06,1.76688122494342e-06,1.76688122494342e-06,1.76688122494342e-06,1.76688122494342e-06,1.76688122494342e-06,1.76688122494342e-06,1.76688122494342e-06,1.76688122494342e-06,1.76688122494342e-06,1.76688122494342e-06,1.76688122494342e-06
0.000743856995701178,0.000726188183451744,0.00070851937120231,0.000673181746703441,0.000743856995701178,0.000779194620200046,0.000726188183451744,0.00070851937120231,0.000885207493696651,0.000902876305946085,0.000885207493696651,0.000902876305946085,0.000938213930444954,0.000920545118195519,0.000955882742694388,0.0011149020529393,0.000673181746703441,5.47733179732459e-05,1.76688122494342e-06,1.76688122494342e-06,1.76688122494342e-06,1.76688122494342e-06,1.76688122494342e-06,1.76688122494342e-06,1.76688122494342e-06,1.76688122494342e-06,1.76688122494342e-06,1.76688122494342e-06,1.76688122494342e-06,1.76688122494342e-06,1.76688122494342e-06,1.76688122494342e-06,1.76688122494342e-06,1.76688122494342e-06,1.76688122494342e-06,1.76688122494342e-06,1.76688122494342e-06,1.76688122494342e-06,1.76688122494342e-06,1.76688122494342e-06
0.0011149020529393,0.00107956442844043,0.00104422680394156,0.00107956442844043,0.00104422680394156,0.00102655799169212,0.00104422680394156,0.000973551554943822,0.000920545118195519,0.000832201056948349,0.000955882742694388,0.00107956442844043,0.000867538681447217,0.000814532244698915,0.000779194620200046,0.00102655799169212,0.000549500060957402,5.47733179732459e-05,1.76688122494342e-06,1.76688122494342e-06,1.76688122494342e-06,1.76688122494342e-06,1.76688122494342e-06,1.76688122494342e-06,1.76688122494342e-06,1.76688122494342e-06,1.76688122494342e-06,1.76688122494342e-06,1.76688122494342e-06,1.76688122494342e-06,1.76688122494342e-06,1.76688122494342e-06,1.76688122494342e-06,1.76688122494342e-06,1.76688122494342e-06,1.76688122494342e-06,1.76688122494342e-06,1.76688122494342e-06,1.76688122494342e-06,1.76688122494342e-06
0.000902876305946085,0.000938213930444954,0.000973551554943822,0.000955882742694388,0.000955882742694388,0.000991220367193256,0.000973551554943822,0.000920545118195519,0.000867538681447217,0.000991220367193256,0.000885207493696651,0.000920545118195519,0.000920545118195519,0.00104422680394156,0.000832201056948349,0.000726188183451744,0.000849869869197783,1.94356934743776e-05,1.76688122494342e-06,1.76688122494342e-06,1.76688122494342e-06,1.76688122494342e-06,1.76688122494342e-06,1.76688122494342e-06,1.76688122494342e-06,1.76688122494342e-06,1.76688122494342e-06,1.76688122494342e-06,1.76688122494342e-06,1.76688122494342e-06,1.76688122494342e-06,1.76688122494342e-06,1.76688122494342e-06,1.76688122494342e-06,1.76688122494342e-06,1.76688122494342e-06,1.76688122494342e-06,1.76688122494342e-06,1.76688122494342e-06,1.76688122494342e-06
0.00102655799169212,0.00104422680394156,0.00107956442844043,0.00107956442844043,0.00107956442844043,0.000991220367193256,0.000991220367193256,0.0011149020529393,0.00109723324068986,0.00102655799169212,0.000920545118195519,0.00102655799169212,0.0011149020529393,0.000920545118195519,0.000726188183451744,0.000938213930444954,0.000955882742694388,9.01109424721142e-05,1.76688122494342e-06,1.76688122494342e-06,1.76688122494342e-06,1.76688122494342e-06,1.76688122494342e-06,1.76688122494342e-06,1.76688122494342e-06,1.76688122494342e-06,1.76688122494342e-06,1.76688122494342e-06,1.76688122494342e-06,1.76688122494342e-06,1.76688122494342e-06,1.76688122494342e-06,1.76688122494342e-06,1.76688122494342e-06,1.76688122494342e-06,1.76688122494342e-06,1.76688122494342e-06,1.76688122494342e-06,1.76688122494342e-06,1.76688122494342e-06
0.00079686343244948,0.00079686343244948,0.00079686343244948,0.00079686343244948,0.000761525807950612,0.000814532244698915,0.000814532244698915,0.00079686343244948,0.000885207493696651,0.000849869869197783,0.00079686343244948,0.000867538681447217,0.00109723324068986,0.000938213930444954,0.000938213930444954,0.000955882742694388,0.000938213930444954,0.000143117379220417,1.76688122494342e-06,1.76688122494342e-06,1.76688122494342e-06,1.76688122494342e-06,1.76688122494342e-06,1.76688122494342e-06,1.76688122494342e-06,1.76688122494342e-06,1.76688122494342e-06,1.76688122494342e-06,1.76688122494342e-06,1.76688122494342e-06,1.76688122494342e-06,1.76688122494342e-06,1.76688122494342e-06,1.76688122494342e-06,1.76688122494342e-06,1.76688122494342e-06,1.76688122494342e-06,1.76688122494342e-06,1.76688122494342e-06,1.76688122494342e-06
0.000920545118195519,0.000920545118195519,0.000867538681447217,0.000832201056948349,0.000885207493696651,0.000867538681447217,0.000938213930444954,0.000849869869197783,0.000726188183451744,0.000920545118195519,0.00106189561619099,0.000602506497705705,0.00079686343244948,0.000973551554943822,0.00120324611418647,0.000955882742694388,0.000814532244698915,0.000160786191469851,1.76688122494342e-06,1.76688122494342e-06,1.76688122494342e-06,1.76688122494342e-06,1.76688122494342e-06,1.76688122494342e-06,1.76688122494342e-06,1.76688122494342e-06,1.76688122494342e-06,1.76688122494342e-06,1.76688122494342e-06,1.76688122494342e-06,1.76688122494342e-06,1.76688122494342e-06,1.76688122494342e-06,1.76688122494342e-06,1.76688122494342e-06,1.76688122494342e-06,1.76688122494342e-06,1.76688122494342e-06,1.76688122494342e-06,1.76688122494342e-06
0.00109723324068986,0.00109723324068986,0.0011149020529393,0.00113257086518873,0.00102655799169212,0.00106189561619099,0.00106189561619099,0.00107956442844043,0.00113257086518873,0.000938213930444954,0.00104422680394156,0.00107956442844043,0.000761525807950612,0.00113257086518873,0.000920545118195519,0.000991220367193256,0.000761525807950612,0.000178455003719285,1.76688122494342e-06,1.76688122494342e-06,1.76688122494342e-06,1.76688122494342e-06,1.76688122494342e-06,1.76688122494342e-06,1.76688122494342e-06,1.76688122494342e-06,1.76688122494342e-06,1.76688122494342e-06,1.76688122494342e-06,1.76688122494342e-06,1.76688122494342e-06,1.76688122494342e-06,1.76688122494342e-06,1.76688122494342e-06,1.76688122494342e-06,1.76688122494342e-06,1.76688122494342e-06,1.76688122494342e-06,1.76688122494342e-06,1.76688122494342e-06
0.000867538681447217,0.000867538681447217,0.000885207493696651,0.000920545118195519,0.000973551554943822,0.000973551554943822,0.000920545118195519,0.00100888917944269,0.000920545118195519,0.000991220367193256,0.000991220367193256,0.00120324611418647,0.000955882742694388,0.000938213930444954,0.00102655799169212,0.000902876305946085,0.000991220367193256,0.000319805501714758,1.76688122494342e-06,1.76688122494342e-06,1.76688122494342e-06,1.76688122494342e-06,1.76688122494342e-06,1.76688122494342e-06,1.76688122494342e-06,1.76688122494342e-06,1.76688122494342e-06,1.76688122494342e-06,1.76688122494342e-06,1.76688122494342e-06,1.76688122494342e-06,1.76688122494342e-06,1.76688122494342e-06,1.76688122494342e-06,1.76688122494342e-06,1.76688122494342e-06,1.76688122494342e-06,1.76688122494342e-06,1.76688122494342e-06,1.76688122494342e-06
0.00109723324068986,0.00109723324068986,0.00106189561619099,0.00106189561619099,0.0011149020529393,0.00102655799169212,0.00104422680394156,0.000973551554943822,0.000991220367193256,0.000955882742694388,0.000849869869197783,0.000849869869197783,0.000920545118195519,0.000832201056948349,0.00100888917944269,0.000867538681447217,0.00109723324068986,0.000390480750712495,1.76688122494342e-06,1.76688122494342e-06,1.76688122494342e-06,1.76688122494342e-06,1.76688122494342e-06,1.76688122494342e-06,1.76688122494342e-06,1.76688122494342e-06,1.76688122494342e-06,1.76688122494342e-06,1.76688122494342e-06,1.76688122494342e-06,1.76688122494342e-06,1.76688122494342e-06,1.76688122494342e-06,1.76688122494342e-06,1.76688122494342e-06,1.76688122494342e-06,1.76688122494342e-06,1.76688122494342e-06,1.76688122494342e-06,1.76688122494342e-06
0.000920545118195519,0.000902876305946085,0.000938213930444954,0.000885207493696651,0.000885207493696651,0.000991220367193256,0.000938213930444954,0.00100888917944269,0.00104422680394156,0.00104422680394156,0.00113257086518873,0.00106189561619099,0.00102655799169212,0.000955882742694388,0.00100888917944269,0.00115023967743816,0.000991220367193256,0.000620175309955139,1.76688122494342e-06,1.76688122494342e-06,1.76688122494342e-06,1.76688122494342e-06,1.76688122494342e-06,1.76688122494342e-06,1.76688122494342e-06,1.76688122494342e-06,1.76688122494342e-06,1.76688122494342e-06,1.76688122494342e-06,1.76688122494342e-06,1.76688122494342e-06,1.76688122494342e-06,1.76688122494342e-06,1.76688122494342e-06,1.76688122494342e-06,1.76688122494342e-06,1.76688122494342e-06,1.76688122494342e-06,1.76688122494342e-06,1.76688122494342e-06
0.000867538681447217,0.000867538681447217,0.000867538681447217,0.000849869869197783,0.000885207493696651,0.000814532244698915,0.000920545118195519,0.000885207493696651,0.00100888917944269,0.00107956442844043,0.00106189561619099,0.00102655799169212,0.0011679084896876,0.000867538681447217,0.00102655799169212,0.0011149020529393,0.00104422680394156,0.000584837685456271,1.94356934743776e-05,1.76688122494342e-06,1.76688122494342e-06,1.76688122494342e-06,1.76688122494342e-06,1.76688122494342e-06,1.76688122494342e-06,1.76688122494342e-06,1.76688122494342e-06,1.76688122494342e-06,1.76688122494342e-06,1.76688122494342e-06,1.76688122494342e-06,1.76688122494342e-06,1.76688122494342e-06,1.76688122494342e-06,1.76688122494342e-06,1.76688122494342e-06,1.76688122494342e-06,1.76688122494342e-06,1.76688122494342e-06,1.76688122494342e-06
0.00109723324068986,0.00109723324068986,0.000991220367193256,0.00106189561619099,0.00102655799169212,0.00115023967743816,0.00109723324068986,0.00106189561619099,0.00102655799169212,0.000938213930444954,0.000955882742694388,0.000761525807950612,0.00102655799169212,0.00113257086518873,0.00102655799169212,0.000920545118195519,0.000991220367193256,0.0004964936242091,1.94356934743776e-05,1.76688122494342e-06,1.76688122494342e-06,1.76688122494342e-06,1.76688122494342e-06,1.76688122494342e-06,1.76688122494342e-06,1.76688122494342e-06,1.76688122494342e-06,1.76688122494342e-06,1.76688122494342e-06,1.76688122494342e-06,1.76688122494342e-06,1.76688122494342e-06,1.76688122494342e-06,1.76688122494342e-06,1.76688122494342e-06,1.76688122494342e-06,1.76688122494342e-06,1.76688122494342e-06,1.76688122494342e-06,1.76688122494342e-06
0.00102655799169212,0.00104422680394156,0.00113257086518873,0.0011149020529393,0.0011149020529393,0.000991220367193256,0.00106189561619099,0.00102655799169212,0.00100888917944269,0.00107956442844043,0.000885207493696651,0.0011149020529393,0.00100888917944269,0.000920545118195519,0.000938213930444954,0.00102655799169212,0.00102655799169212,0.00079686343244948,3.71045057238117e-05,1.76688122494342e-06,1.76688122494342e-06,1.76688122494342e-06,1.76688122494342e-06,1.76688122494342e-06,1.76688122494342e-06,1.76688122494342e-06,1.76688122494342e-06,1.76688122494342e-06,1.76688122494342e-06,1.76688122494342e-06,1.76688122494342e-06,1.76688122494342e-06,1.76688122494342e-06,1.76688122494342e-06,1.76688122494342e-06,1.76688122494342e-06,1.76688122494342e-06,1.76688122494342e-06,1.76688122494342e-06,1.76688122494342e-06
0.000920545118195519,0.000902876305946085,0.000955882742694388,0.000955882742694388,0.000973551554943822,0.000991220367193256,0.000973551554943822,0.00107956442844043,0.00106189561619099,0.000973551554943822,0.00109723324068986,0.00104422680394156,0.00106189561619099,0.00107956442844043,0.00070851937120231,0.000991220367193256,0.000938213930444954,0.000779194620200046,5.47733179732459e-05,1.76688122494342e-06,1.76688122494342e-06,1.76688122494342e-06,1.76688122494342e-06,1.76688122494342e-06,1.76688122494342e-06,1.76688122494342e-06,1.76688122494342e-06,1.76688122494342e-06,1.76688122494342e-06,1.76688122494342e-06,1.76688122494342e-06,1.76688122494342e-06,1.76688122494342e-06,1.76688122494342e-06,1.76688122494342e-06,1.76688122494342e-06,1.76688122494342e-06,1.76688122494342e-06,1.76688122494342e-06,1.76688122494342e-06
0.000973551554943822,0.000973551554943822,0.000955882742694388,0.000991220367193256,0.000920545118195519,0.000991220367193256,0.000902876305946085,0.000867538681447217,0.000902876305946085,0.00106189561619099,0.00104422680394156,0.00102655799169212,0.000991220367193256,0.000902876305946085,0.000849869869197783,0.000955882742694388,0.00107956442844043,0.000814532244698915,3.71045057238117e-05,1.76688122494342e-06,1.76688122494342e-06,1.76688122494342e-06,1.76688122494342e-06,1.76688122494342e-06,1.76688122494342e-06,1.76688122494342e-06,1.76688122494342e-06,1.76688122494342e-06,1.76688122494342e-06,1.76688122494342e-06,1.76688122494342e-06,1.76688122494342e-06,1.76688122494342e-06,1.76688122494342e-06,1.76688122494342e-06,1.76688122494342e-06,1.76688122494342e-06,1.76688122494342e-06,1.76688122494342e-06,1.76688122494342e-06
0.000938213930444954,0.000938213930444954,0.000920545118195519,0.000885207493696651,0.000973551554943822,0.000938213930444954,0.000955882742694388,0.000973551554943822,0.000902876305946085,0.000832201056948349,0.00102655799169212,0.00100888917944269,0.000938213930444954,0.000849869869197783,0.0011149020529393,0.0011149020529393,0.00102655799169212,0.00079686343244948,9.01109424721142e-05,1.76688122494342e-06,1.76688122494342e-06,1.76688122494342e-06,1.76688122494342e-06,1.76688122494342e-06,1.76688122494342e-06,1.76688122494342e-06,1.76688122494342e-06,1.76688122494342e-06,1.76688122494342e-06,1.76688122494342e-06,1.76688122494342e-06,1.76688122494342e-06,1.76688122494342e-06,1.76688122494342e-06,1.76688122494342e-06,1.76688122494342e-06,1.76688122494342e-06,1.76688122494342e-06,1.76688122494342e-06,1.76688122494342e-06
0.00106189561619099,0.00107956442844043,0.00107956442844043,0.00113257086518873,0.00102655799169212,0.000991220367193256,0.00107956442844043,0.00107956442844043,0.00104422680394156,0.00106189561619099,0.000920545118195519,0.00104422680394156,0.00123858373868533,0.00118557730193703,0.0011679084896876,0.0011149020529393,0.000761525807950612,0.000991220367193256,3.71045057238117e-05,1.76688122494342e-06,1.76688122494342e-06,1.76688122494342e-06,1.76688122494342e-06,1.76688122494342e-06,1.76688122494342e-06,1.76688122494342e-06,1.76688122494342e-06,1.76688122494342e-06,1.76688122494342e-06,1.76688122494342e-06,1.76688122494342e-06,1.76688122494342e-06,1.76688122494342e-06,1.76688122494342e-06,1.76688122494342e-06,1.76688122494342e-06,1.76688122494342e-06,1.76688122494342e-06,1.76688122494342e-06,1.76688122494342e-06
0.00106189561619099,0.00102655799169212,0.00104422680394156,0.000938213930444954,0.000991220367193256,0.00102655799169212,0.000955882742694388,0.000955882742694388,0.00113257086518873,0.00113257086518873,0.00104422680394156,0.000920545118195519,0.000955882742694388,0.00107956442844043,0.00106189561619099,0.000849869869197783,0.00106189561619099,0.00100888917944269,0.000213792628218153,1.76688122494342e-06,1.76688122494342e-06,1.76688122494342e-06,1.76688122494342e-06,1.76688122494342e-06,1.76688122494342e-06,1.76688122494342e-06,1.76688122494342e-06,1.76688122494342e-06,1.76688122494342e-06,1.76688122494342e-06,1.76688122494342e-06,1.76688122494342e-06,1.76688122494342e-06,1.76688122494342e-06,1.76688122494342e-06,1.76688122494342e-06,1.76688122494342e-06,1.76688122494342e-06,1.76688122494342e-06,1.76688122494342e-06
0.0011149020529393,0.00113257086518873,0.00107956442844043,0.0011149020529393,0.00115023967743816,0.00107956442844043,0.00107956442844043,0.000973551554943822,0.000955882742694388,0.00102655799169212,0.00104422680394156,0.00100888917944269,0.000885207493696651,0.00125625255093477,0.00102655799169212,0.00100888917944269,0.00104422680394156,0.0011149020529393,0.000107779754721548,1.76688122494342e-06,1.76688122494342e-06,1.76688122494342e-06,1.76688122494342e-06,1.76688122494342e-06,1.76688122494342e-06,1.76688122494342e-06,1.76688122494342e-06,1.76688122494342e-06,1.76688122494342e-06,1.76688122494342e-06,1.76688122494342e-06,1.76688122494342e-06,1.76688122494342e-06,1.76688122494342e-06,1.76688122494342e-06,1.76688122494342e-06,1.76688122494342e-06,1.76688122494342e-06,1.76688122494342e-06,1.76688122494342e-06
0.00100888917944269,0.00102655799169212,0.00102655799169212,0.00107956442844043,0.000991220367193256,0.00102655799169212,0.00100888917944269,0.00104422680394156,0.000991220367193256,0.000955882742694388,0.000955882742694388,0.00107956442844043,0.000902876305946085,0.00107956442844043,0.0011149020529393,0.000902876305946085,0.00102655799169212,0.00113257086518873,0.000160786191469851,1.76688122494342e-06,1.76688122494342e-06,1.76688122494342e-06,1.76688122494342e-06,1.76688122494342e-06,1.76688122494342e-06,1.76688122494342e-06,1.76688122494342e-06,1.76688122494342e-06,1.76688122494342e-06,1.76688122494342e-06,1.76688122494342e-06,1.76688122494342e-06,1.76688122494342e-06,1.76688122494342e-06,1.76688122494342e-06,1.76688122494342e-06,1.76688122494342e-06,1.76688122494342e-06,1.76688122494342e-06,1.76688122494342e-06
0.000973551554943822,0.000955882742694388,0.00100888917944269,0.000955882742694388,0.000973551554943822,0.000973551554943822,0.000955882742694388,0.00104422680394156,0.00102655799169212,0.000867538681447217,0.000991220367193256,0.000973551554943822,0.00107956442844043,0.000973551554943822,0.00132692779993251,0.00118557730193703,0.00109723324068986,0.00100888917944269,0.000302136689465324,1.76688122494342e-06,1.76688122494342e-06,1.76688122494342e-06,1.76688122494342e-06,1.76688122494342e-06,1.76688122494342e-06,1.76688122494342e-06,1.76688122494342e-06,1.76688122494342e-06,1.76688122494342e-06,1.76688122494342e-06,1.76688122494342e-06,1.76688122494342e-06,1.76688122494342e-06,1.76688122494342e-06,1.76688122494342e-06,1.76688122494342e-06,1.76688122494342e-06,1.76688122494342e-06,1.76688122494342e-06,1.76688122494342e-06
0.00106189561619099,0.00104422680394156,0.00104422680394156,0.00107956442844043,0.0011149020529393,0.00118557730193703,0.0012209149264359,0.00113257086518873,0.00115023967743816,0.00115023967743816,0.0011149020529393,0.000955882742694388,0.000885207493696651,0.000867538681447217,0.00104422680394156,0.0011149020529393,0.0012209149264359,0.00102655799169212,0.000231461440467587,1.76688122494342e-06,1.76688122494342e-06,1.76688122494342e-06,1.76688122494342e-06,1.76688122494342e-06,1.76688122494342e-06,1.76688122494342e-06,1.76688122494342e-06,1.76688122494342e-06,1.76688122494342e-06,1.76688122494342e-06,1.76688122494342e-06,1.76688122494342e-06,1.76688122494342e-06,1.76688122494342e-06,1.76688122494342e-06,1.76688122494342e-06,1.76688122494342e-06,1.76688122494342e-06,1.76688122494342e-06,1.76688122494342e-06
0.00109723324068986,0.00107956442844043,0.00102655799169212,0.00102655799169212,0.00107956442844043,0.00102655799169212,0.00102655799169212,0.000991220367193256,0.000991220367193256,0.00109723324068986,0.0011149020529393,0.00120324611418647,0.00120324611418647,0.000867538681447217,0.00100888917944269,0.000920545118195519,0.000920545118195519,0.000973551554943822,0.000461155999710231,1.76688122494342e-06,1.76688122494342e-06,1.76688122494342e-06,1.76688122494342e-06,1.76688122494342e-06,1.76688122494342e-06,1.76688122494342e-06,1.76688122494342e-06,1.76688122494342e-06,1.76688122494342e-06,1.76688122494342e-06,1.76688122494342e-06,1.76688122494342e-06,1.76688122494342e-06,1.76688122494342e-06,1.76688122494342e-06,1.76688122494342e-06,1.76688122494342e-06,1.76688122494342e-06,1.76688122494342e-06,1.76688122494342e-06
0.00109723324068986,0.0011149020529393,0.0011679084896876,0.0011149020529393,0.00107956442844043,0.00106189561619099,0.00104422680394156,0.00113257086518873,0.0011679084896876,0.00106189561619099,0.000955882742694388,0.0011679084896876,0.00115023967743816,0.00115023967743816,0.000973551554943822,0.00109723324068986,0.00106189561619099,0.000973551554943822,0.000514162436458534,1.76688122494342e-06,1.76688122494342e-06,1.76688122494342e-06,1.76688122494342e-06,1.76688122494342e-06,1.76688122494342e-06,1.76688122494342e-06,1.76688122494342e-06,1.76688122494342e-06,1.76688122494342e-06,1.76688122494342e-06,1.76688122494342e-06,1.76688122494342e-06,1.76688122494342e-06,1.76688122494342e-06,1.76688122494342e-06,1.76688122494342e-06,1.76688122494342e-06,1.76688122494342e-06,1.76688122494342e-06,1.76688122494342e-06
0.00104422680394156,0.00106189561619099,0.00102655799169212,0.00106189561619099,0.00106189561619099,0.00109723324068986,0.00107956442844043,0.000973551554943822,0.000973551554943822,0.00102655799169212,0.0011149020529393,0.000973551554943822,0.000991220367193256,0.00118557730193703,0.00100888917944269,0.00123858373868533,0.00104422680394156,0.0012209149264359,0.000655512934454007,1.76688122494342e-06,1.76688122494342e-06,1.76688122494342e-06,1.76688122494342e-06,1.76688122494342e-06,1.76688122494342e-06,1.76688122494342e-06,1.76688122494342e-06,1.76688122494342e-06,1.76688122494342e-06,1.76688122494342e-06,1.76688122494342e-06,1.76688122494342e-06,1.76688122494342e-06,1.76688122494342e-06,1.76688122494342e-06,1.76688122494342e-06,1.76688122494342e-06,1.76688122494342e-06,1.76688122494342e-06,1.76688122494342e-06
0.000938213930444954,0.000920545118195519,0.000920545118195519,0.000920545118195519,0.000955882742694388,0.000938213930444954,0.00102655799169212,0.0011149020529393,0.00107956442844043,0.00109723324068986,0.000920545118195519,0.0011149020529393,0.00120324611418647,0.00106189561619099,0.00100888917944269,0.0012739213631842,0.0012739213631842,0.00125625255093477,0.000726188183451744,1.76688122494342e-06,1.76688122494342e-06,1.76688122494342e-06,1.76688122494342e-06,1.76688122494342e-06,1.76688122494342e-06,1.76688122494342e-06,1.76688122494342e-06,1.76688122494342e-06,1.76688122494342e-06,1.76688122494342e-06,1.76688122494342e-06,1.76688122494342e-06,1.76688122494342e-06,1.76688122494342e-06,1.76688122494342e-06,1.76688122494342e-06,1.76688122494342e-06,1.76688122494342e-06,1.76688122494342e-06,1.76688122494342e-06
0.000991220367193256,0.00102655799169212,0.00107956442844043,0.00109723324068986,0.00102655799169212,0.00100888917944269,0.000991220367193256,0.00104422680394156,0.00102655799169212,0.000991220367193256,0.0011679084896876,0.000991220367193256,0.00125625255093477,0.00115023967743816,0.000955882742694388,0.000955882742694388,0.00104422680394156,0.000902876305946085,0.000726188183451744,1.76688122494342e-06,1.76688122494342e-06,1.76688122494342e-06,1.76688122494342e-06,1.76688122494342e-06,1.76688122494342e-06,1.76688122494342e-06,1.76688122494342e-06,1.76688122494342e-06,1.76688122494342e-06,1.76688122494342e-06,1.76688122494342e-06,1.76688122494342e-06,1.76688122494342e-06,1.76688122494342e-06,1.76688122494342e-06,1.76688122494342e-06,1.76688122494342e-06,1.76688122494342e-06,1.76688122494342e-06,1.76688122494342e-06
0.00130925898768307,0.0012739213631842,0.00120324611418647,0.0011679084896876,0.0012209149264359,0.00125625255093477,0.0012739213631842,0.0012209149264359,0.00107956442844043,0.00104422680394156,0.00104422680394156,0.00100888917944269,0.000991220367193256,0.0011149020529393,0.00113257086518873,0.000920545118195519,0.00125625255093477,0.00113257086518873,0.000814532244698915,1.76688122494342e-06,1.76688122494342e-06,1.76688122494342e-06,1.76688122494342e-06,1.76688122494342e-06,1.76688122494342e-06,1.76688122494342e-06,1.76688122494342e-06,1.76688122494342e-06,1.76688122494342e-06,1.76688122494342e-06,1.76688122494342e-06,1.76688122494342e-06,1.76688122494342e-06,1.76688122494342e-06,1.76688122494342e-06,1.76688122494342e-06,1.76688122494342e-06,1.76688122494342e-06,1.76688122494342e-06,1.76688122494342e-06
0.00118557730193703,0.00120324611418647,0.00125625255093477,0.00129159017543364,0.0012209149264359,0.00125625255093477,0.0011149020529393,0.00118557730193703,0.00129159017543364,0.00118557730193703,0.00129159017543364,0.00106189561619099,0.000902876305946085,0.00100888917944269,0.00118557730193703,0.00118557730193703,0.000955882742694388,0.0011149020529393,0.000955882742694388,3.71045057238117e-05,1.76688122494342e-06,1.76688122494342e-06,1.76688122494342e-06,1.76688122494342e-06,1.76688122494342e-06,1.76688122494342e-06,1.76688122494342e-06,1.76688122494342e-06,1.76688122494342e-06,1.76688122494342e-06,1.76688122494342e-06,1.76688122494342e-06,1.76688122494342e-06,1.76688122494342e-06,1.76688122494342e-06,1.76688122494342e-06,1.76688122494342e-06,1.76688122494342e-06,1.76688122494342e-06,1.76688122494342e-06
0.000938213930444954,0.000920545118195519,0.000920545118195519,0.000902876305946085,0.000973551554943822,0.000955882742694388,0.00106189561619099,0.000991220367193256,0.00100888917944269,0.00118557730193703,0.00107956442844043,0.00125625255093477,0.00113257086518873,0.00123858373868533,0.0012209149264359,0.00106189561619099,0.0012739213631842,0.00107956442844043,0.000885207493696651,5.47733179732459e-05,1.76688122494342e-06,1.76688122494342e-06,1.76688122494342e-06,1.76688122494342e-06,1.76688122494342e-06,1.76688122494342e-06,1.76688122494342e-06,1.76688122494342e-06,1.76688122494342e-06,1.76688122494342e-06,1.76688122494342e-06,1.76688122494342e-06,1.76688122494342e-06,1.76688122494342e-06,1.76688122494342e-06,1.76688122494342e-06,1.76688122494342e-06,1.76688122494342e-06,1.76688122494342e-06,1.76688122494342e-06
0.00107956442844043,0.0011149020529393,0.00106189561619099,0.00104422680394156,0.000991220367193256,0.000920545118195519,0.000885207493696651,0.000920545118195519,0.000920545118195519,0.00102655799169212,0.0011679084896876,0.00106189561619099,0.00100888917944269,0.00106189561619099,0.00120324611418647,0.0012739213631842,0.00107956442844043,0.0012739213631842,0.000955882742694388,5.47733179732459e-05,1.76688122494342e-06,1.76688122494342e-06,1.76688122494342e-06,1.76688122494342e-06,1.76688122494342e-06,1.76688122494342e-06,1.76688122494342e-06,1.76688122494342e-06,1.76688122494342e-06,1.76688122494342e-06,1.76688122494342e-06,1.76688122494342e-06,1.76688122494342e-06,1.76688122494342e-06,1.76688122494342e-06,1.76688122494342e-06,1.76688122494342e-06,1.76688122494342e-06,1.76688122494342e-06,1.76688122494342e-06
0.00146827829792798,0.00143294067342911,0.00141527186117968,0.00145060948567854,0.00139760304893024,0.00139760304893024,0.00141527186117968,0.0012209149264359,0.00106189561619099,0.00113257086518873,0.000991220367193256,0.00123858373868533,0.00102655799169212,0.0011679084896876,0.00123858373868533,0.0012739213631842,0.00100888917944269,0.00109723324068986,0.00132692779993251,3.71045057238117e-05,1.76688122494342e-06,1.76688122494342e-06,1.76688122494342e-06,1.76688122494342e-06,1.76688122494342e-06,1.76688122494342e-06,1.76688122494342e-06,1.76688122494342e-06,1.76688122494342e-06,1.76688122494342e-06,1.76688122494342e-06,1.76688122494342e-06,1.76688122494342e-06,1.76688122494342e-06,1.76688122494342e-06,1.76688122494342e-06,1.76688122494342e-06,1.76688122494342e-06,1.76688122494342e-06,1.76688122494342e-06
0.0011149020529393,0.0011149020529393,0.0011679084896876,0.00118557730193703,0.0012739213631842,0.00136226542443137,0.0012739213631842,0.00139760304893024,0.00132692779993251,0.00100888917944269,0.00104422680394156,0.000938213930444954,0.00115023967743816,0.00115023967743816,0.00102655799169212,0.00123858373868533,0.00104422680394156,0.00118557730193703,0.000955882742694388,0.000107779754721548,1.76688122494342e-06,1.76688122494342e-06,1.76688122494342e-06,1.76688122494342e-06,1.76688122494342e-06,1.76688122494342e-06,1.76688122494342e-06,1.76688122494342e-06,1.76688122494342e-06,1.76688122494342e-06,1.76688122494342e-06,1.76688122494342e-06,1.76688122494342e-06,1.76688122494342e-06,1.76688122494342e-06,1.76688122494342e-06,1.76688122494342e-06,1.76688122494342e-06,1.76688122494342e-06,1.76688122494342e-06
0.000920545118195519,0.000938213930444954,0.000920545118195519,0.000849869869197783,0.000849869869197783,0.000832201056948349,0.000938213930444954,0.00106189561619099,0.00129159017543364,0.00139760304893024,0.0012209149264359,0.00118557730193703,0.00130925898768307,0.00120324611418647,0.00107956442844043,0.000938213930444954,0.00118557730193703,0.00118557730193703,0.0011149020529393,0.000160786191469851,1.76688122494342e-06,1.76688122494342e-06,1.76688122494342e-06,1.76688122494342e-06,1.76688122494342e-06,1.76688122494342e-06,1.76688122494342e-06,1.76688122494342e-06,1.76688122494342e-06,1.76688122494342e-06,1.76688122494342e-06,1.76688122494342e-06,1.76688122494342e-06,1.76688122494342e-06,1.76688122494342e-06,1.76688122494342e-06,1.76688122494342e-06,1.76688122494342e-06,1.76688122494342e-06,1.76688122494342e-06
0.00129159017543364,0.00129159017543364,0.00123858373868533,0.00125625255093477,0.00120324611418647,0.00115023967743816,0.00115023967743816,0.00113257086518873,0.00106189561619099,0.0012209149264359,0.00132692779993251,0.00123858373868533,0.00115023967743816,0.00123858373868533,0.00115023967743816,0.000991220367193256,0.00113257086518873,0.00137993423668081,0.00104422680394156,0.000160786191469851,1.76688122494342e-06,1.76688122494342e-06,1.76688122494342e-06,1.76688122494342e-06,1.76688122494342e-06,1.76688122494342e-06,1.76688122494342e-06,1.76688122494342e-06,1.76688122494342e-06,1.76688122494342e-06,1.76688122494342e-06,1.76688122494342e-06,1.76688122494342e-06,1.76688122494342e-06,1.76688122494342e-06,1.76688122494342e-06,1.76688122494342e-06,1.76688122494342e-06,1.76688122494342e-06,1.76688122494342e-06
0.00104422680394156,0.00104422680394156,0.00107956442844043,0.00107956442844043,0.00113257086518873,0.00118557730193703,0.00123858373868533,0.0011679084896876,0.00120324611418647,0.00109723324068986,0.00115023967743816,0.0011679084896876,0.00118557730193703,0.000920545118195519,0.00120324611418647,0.00129159017543364,0.0011149020529393,0.00115023967743816,0.00125625255093477,0.000231461440467587,1.76688122494342e-06,1.76688122494342e-06,1.76688122494342e-06,1.76688122494342e-06,1.76688122494342e-06,1.76688122494342e-06,1.76688122494342e-06,1.76688122494342e-06,1.76688122494342e-06,1.76688122494342e-06,1.76688122494342e-06,1.76688122494342e-06,1.76688122494342e-06,1.76688122494342e-06,1.76688122494342e-06,1.76688122494342e-06,1.76688122494342e-06,1.76688122494342e-06,1.76688122494342e-06,1.76688122494342e-06
0.00150361592242685,0.00146827829792798,0.00145060948567854,0.00148594711017741,0.00139760304893024,0.00132692779993251,0.00113257086518873,0.00107956442844043,0.00129159017543364,0.0011679084896876,0.00104422680394156,0.00129159017543364,0.0012739213631842,0.00106189561619099,0.00106189561619099,0.00137993423668081,0.00139760304893024,0.00145060948567854,0.00100888917944269,0.000160786191469851,1.76688122494342e-06,1.76688122494342e-06,1.76688122494342e-06,1.76688122494342e-06,1.76688122494342e-06,1.76688122494342e-06,1.76688122494342e-06,1.76688122494342e-06,1.76688122494342e-06,1.76688122494342e-06,1.76688122494342e-06,1.76688122494342e-06,1.76688122494342e-06,1.76688122494342e-06,1.76688122494342e-06,1.76688122494342e-06,1.76688122494342e-06,1.76688122494342e-06,1.76688122494342e-06,1.76688122494342e-06
0.00139760304893024,0.00143294067342911,0.00148594711017741,0.00146827829792798,0.00146827829792798,0.00153895354692571,0.00155662235917515,0.00153895354692571,0.00120324611418647,0.00120324611418647,0.00113257086518873,0.00106189561619099,0.00120324611418647,0.00120324611418647,0.00102655799169212,0.00120324611418647,0.00106189561619099,0.00118557730193703,0.00102655799169212,0.000584837685456271,1.76688122494342e-06,1.76688122494342e-06,1.76688122494342e-06,1.76688122494342e-06,1.76688122494342e-06,1.76688122494342e-06,1.76688122494342e-06,1.76688122494342e-06,1.76688122494342e-06,1.76688122494342e-06,1.76688122494342e-06,1.76688122494342e-06,1.76688122494342e-06,1.76688122494342e-06,1.76688122494342e-06,1.76688122494342e-06,1.76688122494342e-06,1.76688122494342e-06,1.76688122494342e-06,1.76688122494342e-06
0.00107956442844043,0.00109723324068986,0.00106189561619099,0.00109723324068986,0.00113257086518873,0.00107956442844043,0.00115023967743816,0.0012739213631842,0.00136226542443137,0.00125625255093477,0.0012739213631842,0.00123858373868533,0.000955882742694388,0.00132692779993251,0.00143294067342911,0.0012739213631842,0.00104422680394156,0.000902876305946085,0.0012209149264359,0.000390480750712495,1.76688122494342e-06,1.76688122494342e-06,1.76688122494342e-06,1.76688122494342e-06,1.76688122494342e-06,1.76688122494342e-06,1.76688122494342e-06,1.76688122494342e-06,1.76688122494342e-06,1.76688122494342e-06,1.76688122494342e-06,1.76688122494342e-06,1.76688122494342e-06,1.76688122494342e-06,1.76688122494342e-06,1.76688122494342e-06,1.76688122494342e-06,1.76688122494342e-06,1.76688122494342e-06,1.76688122494342e-06
0.00141527186117968,0.00136226542443137,0.00139760304893024,0.00134459661218194,0.00137993423668081,0.00141527186117968,0.00148594711017741,0.00139760304893024,0.00150361592242685,0.00136226542443137,0.00137993423668081,0.00113257086518873,0.0012209149264359,0.0011679084896876,0.00113257086518873,0.00115023967743816,0.00129159017543364,0.00109723324068986,0.00120324611418647,0.000549500060957402,1.76688122494342e-06,1.76688122494342e-06,1.76688122494342e-06,1.76688122494342e-06,1.76688122494342e-06,1.76688122494342e-06,1.76688122494342e-06,1.76688122494342e-06,1.76688122494342e-06,1.76688122494342e-06,1.76688122494342e-06,1.76688122494342e-06,1.76688122494342e-06,1.76688122494342e-06,1.76688122494342e-06,1.76688122494342e-06,1.76688122494342e-06,1.76688122494342e-06,1.76688122494342e-06,1.76688122494342e-06
0.00130925898768307,0.00132692779993251,0.0012739213631842,0.00123858373868533,0.0012739213631842,0.0012209149264359,0.00120324611418647,0.00120324611418647,0.00120324611418647,0.00143294067342911,0.00145060948567854,0.00153895354692571,0.00129159017543364,0.0012739213631842,0.00120324611418647,0.0011679084896876,0.0011679084896876,0.0011149020529393,0.0012209149264359,0.000567168873206836,1.76688122494342e-06,1.76688122494342e-06,1.76688122494342e-06,1.76688122494342e-06,1.76688122494342e-06,1.76688122494342e-06,1.76688122494342e-06,1.76688122494342e-06,1.76688122494342e-06,1.76688122494342e-06,1.76688122494342e-06,1.76688122494342e-06,1.76688122494342e-06,1.76688122494342e-06,1.76688122494342e-06,1.76688122494342e-06,1.76688122494342e-06,1.76688122494342e-06,1.76688122494342e-06,1.76688122494342e-06
0.000902876305946085,0.000920545118195519,0.000973551554943822,0.00104422680394156,0.00100888917944269,0.00106189561619099,0.0011149020529393,0.00120324611418647,0.0011149020529393,0.00123858373868533,0.00137993423668081,0.00137993423668081,0.00146827829792798,0.00120324611418647,0.0012739213631842,0.0012739213631842,0.00125625255093477,0.00109723324068986,0.0012209149264359,0.00070851937120231,1.76688122494342e-06,1.76688122494342e-06,1.76688122494342e-06,1.76688122494342e-06,1.76688122494342e-06,1.76688122494342e-06,1.76688122494342e-06,1.76688122494342e-06,1.76688122494342e-06,1.76688122494342e-06,1.76688122494342e-06,1.76688122494342e-06,1.76688122494342e-06,1.76688122494342e-06,1.76688122494342e-06,1.76688122494342e-06,1.76688122494342e-06,1.76688122494342e-06,1.76688122494342e-06,1.76688122494342e-06
0.00107956442844043,0.00109723324068986,0.00113257086518873,0.00113257086518873,0.0011679084896876,0.00115023967743816,0.00115023967743816,0.00113257086518873,0.0012739213631842,0.00115023967743816,0.0012209149264359,0.00146827829792798,0.00134459661218194,0.00134459661218194,0.00113257086518873,0.00123858373868533,0.00125625255093477,0.00107956442844043,0.00134459661218194,0.000779194620200046,1.76688122494342e-06,1.76688122494342e-06,1.76688122494342e-06,1.76688122494342e-06,1.76688122494342e-06,1.76688122494342e-06,1.76688122494342e-06,1.76688122494342e-06,1.76688122494342e-06,1.76688122494342e-06,1.76688122494342e-06,1.76688122494342e-06,1.76688122494342e-06,1.76688122494342e-06,1.76688122494342e-06,1.76688122494342e-06,1.76688122494342e-06,1.76688122494342e-06,1.76688122494342e-06,1.76688122494342e-06
0.0012739213631842,0.0012209149264359,0.00118557730193703,0.00118557730193703,0.00120324611418647,0.0011149020529393,0.00107956442844043,0.00107956442844043,0.0011149020529393,0.00120324611418647,0.0011679084896876,0.00107956442844043,0.00132692779993251,0.00145060948567854,0.00129159017543364,0.00104422680394156,0.00106189561619099,0.00139760304893024,0.00153895354692571,0.00079686343244948,1.76688122494342e-06,1.76688122494342e-06,1.76688122494342e-06,1.76688122494342e-06,1.76688122494342e-06,1.76688122494342e-06,1.76688122494342e-06,1.76688122494342e-06,1.76688122494342e-06,1.76688122494342e-06,1.76688122494342e-06,1.76688122494342e-06,1.76688122494342e-06,1.76688122494342e-06,1.76688122494342e-06,1.76688122494342e-06,1.76688122494342e-06,1.76688122494342e-06,1.76688122494342e-06,1.76688122494342e-06
0.00107956442844043,0.00113257086518873,0.00113257086518873,0.00109723324068986,0.00102655799169212,0.00115023967743816,0.0011149020529393,0.0011679084896876,0.0011679084896876,0.0011149020529393,0.0011149020529393,0.00115023967743816,0.00136226542443137,0.00136226542443137,0.0011149020529393,0.00137993423668081,0.00137993423668081,0.00130925898768307,0.00150361592242685,0.00100888917944269,1.76688122494342e-06,1.76688122494342e-06,1.76688122494342e-06,1.76688122494342e-06,1.76688122494342e-06,1.76688122494342e-06,1.76688122494342e-06,1.76688122494342e-06,1.76688122494342e-06,1.76688122494342e-06,1.76688122494342e-06,1.76688122494342e-06,1.76688122494342e-06,1.76688122494342e-06,1.76688122494342e-06,1.76688122494342e-06,1.76688122494342e-06,1.76688122494342e-06,1.76688122494342e-06,1.76688122494342e-06
0.00150361592242685,0.00150361592242685,0.00150361592242685,0.00157429117142458,0.00159195998367402,0.00152128473467628,0.00148594711017741,0.00136226542443137,0.00120324611418647,0.00125625255093477,0.00120324611418647,0.00123858373868533,0.00123858373868533,0.0011679084896876,0.00137993423668081,0.0011149020529393,0.00120324611418647,0.00136226542443137,0.00145060948567854,0.000991220367193256,1.76688122494342e-06,1.76688122494342e-06,1.76688122494342e-06,1.76688122494342e-06,1.76688122494342e-06,1.76688122494342e-06,1.76688122494342e-06,1.76688122494342e-06,1.76688122494342e-06,1.76688122494342e-06,1.76688122494342e-06,1.76688122494342e-06,1.76688122494342e-06,1.76688122494342e-06,1.76688122494342e-06,1.76688122494342e-06,1.76688122494342e-06,1.76688122494342e-06,1.76688122494342e-06,1.76688122494342e-06
0.00118557730193703,0.00118557730193703,0.00118557730193703,0.0011679084896876,0.00115023967743816,0.00118557730193703,0.00120324611418647,0.00123858373868533,0.0012739213631842,0.00130925898768307,0.00118557730193703,0.0011149020529393,0.0012739213631842,0.00145060948567854,0.00137993423668081,0.00129159017543364,0.00115023967743816,0.00125625255093477,0.0012209149264359,0.000973551554943822,1.94356934743776e-05,1.76688122494342e-06,1.76688122494342e-06,1.76688122494342e-06,1.76688122494342e-06,1.76688122494342e-06,1.76688122494342e-06,1.76688122494342e-06,1.76688122494342e-06,1.76688122494342e-06,1.76688122494342e-06,1.76688122494342e-06,1.76688122494342e-06,1.76688122494342e-06,1.76688122494342e-06,1.76688122494342e-06,1.76688122494342e-06,1.76688122494342e-06,1.76688122494342e-06,1.76688122494342e-06
0.00153895354692571,0.00153895354692571,0.00152128473467628,0.00152128473467628,0.00155662235917515,0.00152128473467628,0.00146827829792798,0.00141527186117968,0.00146827829792798,0.00148594711017741,0.00134459661218194,0.00136226542443137,0.00118557730193703,0.00132692779993251,0.00145060948567854,0.00141527186117968,0.00143294067342911,0.00134459661218194,0.00134459661218194,0.00136226542443137,1.76688122494342e-06,1.76688122494342e-06,1.76688122494342e-06,1.76688122494342e-06,1.76688122494342e-06,1.76688122494342e-06,1.76688122494342e-06,1.76688122494342e-06,1.76688122494342e-06,1.76688122494342e-06,1.76688122494342e-06,1.76688122494342e-06,1.76688122494342e-06,1.76688122494342e-06,1.76688122494342e-06,1.76688122494342e-06,1.76688122494342e-06,1.76688122494342e-06,1.76688122494342e-06,1.76688122494342e-06
0.0011679084896876,0.00109723324068986,0.00109723324068986,0.00106189561619099,0.00104422680394156,0.0011149020529393,0.0011149020529393,0.00113257086518873,0.0011679084896876,0.0012209149264359,0.00123858373868533,0.00113257086518873,0.0011149020529393,0.00134459661218194,0.00137993423668081,0.0012209149264359,0.00153895354692571,0.00141527186117968,0.0012209149264359,0.00130925898768307,5.47733179732459e-05,1.76688122494342e-06,1.76688122494342e-06,1.76688122494342e-06,1.76688122494342e-06,1.76688122494342e-06,1.76688122494342e-06,1.76688122494342e-06,1.76688122494342e-06,1.76688122494342e-06,1.76688122494342e-06,1.76688122494342e-06,1.76688122494342e-06,1.76688122494342e-06,1.76688122494342e-06,1.76688122494342e-06,1.76688122494342e-06,1.76688122494342e-06,1.76688122494342e-06,1.76688122494342e-06
0.00120324611418647,0.0012739213631842,0.00129159017543364,0.00130925898768307,0.00130925898768307,0.0012739213631842,0.00137993423668081,0.00137993423668081,0.00123858373868533,0.0011679084896876,0.00130925898768307,0.00130925898768307,0.00125625255093477,0.00104422680394156,0.00132692779993251,0.00141527186117968,0.00134459661218194,0.00129159017543364,0.00115023967743816,0.00113257086518873,5.47733179732459e-05,1.76688122494342e-06,1.76688122494342e-06,1.76688122494342e-06,1.76688122494342e-06,1.76688122494342e-06,1.76688122494342e-06,1.76688122494342e-06,1.76688122494342e-06,1.76688122494342e-06,1.76688122494342e-06,1.76688122494342e-06,1.76688122494342e-06,1.76688122494342e-06,1.76688122494342e-06,1.76688122494342e-06,1.76688122494342e-06,1.76688122494342e-06,1.76688122494342e-06,1.76688122494342e-06
0.0011679084896876,0.00115023967743816,0.00113257086518873,0.00113257086518873,0.0011679084896876,0.00113257086518873,0.00118557730193703,0.00118557730193703,0.00132692779993251,0.00129159017543364,0.00130925898768307,0.00137993423668081,0.00118557730193703,0.00129159017543364,0.0012739213631842,0.00139760304893024,0.0011679084896876,0.0011149020529393,0.00115023967743816,0.00125625255093477,0.000196123815968719,1.76688122494342e-06,1.76688122494342e-06,1.76688122494342e-06,1.76688122494342e-06,1.76688122494342e-06,1.76688122494342e-06,1.76688122494342e-06,1.76688122494342e-06,1.76688122494342e-06,1.76688122494342e-06,1.76688122494342e-06,1.76688122494342e-06,1.76688122494342e-06,1.76688122494342e-06,1.76688122494342e-06,1.76688122494342e-06,1.76688122494342e-06,1.76688122494342e-06,1.76688122494342e-06
0.00132692779993251,0.00134459661218194,0.00130925898768307,0.00132692779993251,0.00132692779993251,0.00136226542443137,0.0012739213631842,0.00132692779993251,0.00136226542443137,0.00137993423668081,0.00139760304893024,0.00129159017543364,0.00137993423668081,0.00115023967743816,0.00136226542443137,0.00150361592242685,0.0011149020529393,0.00141527186117968,0.00139760304893024,0.00136226542443137,0.000143117379220417,1.76688122494342e-06,1.76688122494342e-06,1.76688122494342e-06,1.76688122494342e-06,1.76688122494342e-06,1.76688122494342e-06,1.76688122494342e-06,1.76688122494342e-06,1.76688122494342e-06,1.76688122494342e-06,1.76688122494342e-06,1.76688122494342e-06,1.76688122494342e-06,1.76688122494342e-06,1.76688122494342e-06,1.76688122494342e-06,1.76688122494342e-06,1.76688122494342e-06,1.76688122494342e-06
0.00146827829792798,0.00145060948567854,0.00145060948567854,0.00143294067342911,0.00141527186117968,0.00145060948567854,0.00129159017543364,0.00134459661218194,0.00118557730193703,0.0012209149264359,0.00139760304893024,0.00136226542443137,0.00139760304893024,0.00120324611418647,0.00136226542443137,0.00136226542443137,0.00136226542443137,0.00132692779993251,0.00152128473467628,0.00150361592242685,0.000231461440467587,1.76688122494342e-06,1.76688122494342e-06,1.76688122494342e-06,1.76688122494342e-06,1.76688122494342e-06,1.76688122494342e-06,1.76688122494342e-06,1.76688122494342e-06,1.76688122494342e-06,1.76688122494342e-06,1.76688122494342e-06,1.76688122494342e-06,1.76688122494342e-06,1.76688122494342e-06,1.76688122494342e-06,1.76688122494342e-06,1.76688122494342e-06,1.76688122494342e-06,1.76688122494342e-06
0.00162729760817289,0.00159195998367402,0.00164496642042232,0.00160962879592345,0.00157429117142458,0.00155662235917515,0.00171564166942006,0.00153895354692571,0.00159195998367402,0.00139760304893024,0.00129159017543364,0.0011679084896876,0.00129159017543364,0.00129159017543364,0.00137993423668081,0.00130925898768307,0.00130925898768307,0.0012209149264359,0.00143294067342911,0.00129159017543364,0.000249130252717022,1.76688122494342e-06,1.76688122494342e-06,1.76688122494342e-06,1.76688122494342e-06,1.76688122494342e-06,1.76688122494342e-06,1.76688122494342e-06,1.76688122494342e-06,1.76688122494342e-06,1.76688122494342e-06,1.76688122494342e-06,1.76688122494342e-06,1.76688122494342e-06,1.76688122494342e-06,1.76688122494342e-06,1.76688122494342e-06,1.76688122494342e-06,1.76688122494342e-06,1.76688122494342e-06
0.00139760304893024,0.00143294067342911,0.00141527186117968,0.00143294067342911,0.00148594711017741,0.00141527186117968,0.00148594711017741,0.00152128473467628,0.00153895354692571,0.00168030404492119,0.00168030404492119,0.00159195998367402,0.00145060948567854,0.00134459661218194,0.00123858373868533,0.00125625255093477,0.0012739213631842,0.00139760304893024,0.00130925898768307,0.00157429117142458,0.000319805501714758,1.76688122494342e-06,1.76688122494342e-06,1.76688122494342e-06,1.76688122494342e-06,1.76688122494342e-06,1.76688122494342e-06,1.76688122494342e-06,1.76688122494342e-06,1.76688122494342e-06,1.76688122494342e-06,1.76688122494342e-06,1.76688122494342e-06,1.76688122494342e-06,1.76688122494342e-06,1.76688122494342e-06,1.76688122494342e-06,1.76688122494342e-06,1.76688122494342e-06,1.76688122494342e-06
0.00137993423668081,0.00136226542443137,0.00136226542443137,0.00129159017543364,0.00123858373868533,0.00129159017543364,0.00123858373868533,0.00132692779993251,0.00136226542443137,0.00143294067342911,0.00134459661218194,0.00169797285717062,0.00152128473467628,0.00164496642042232,0.00104422680394156,0.00160962879592345,0.00139760304893024,0.00132692779993251,0.00141527186117968,0.00129159017543364,0.000408149562961929,1.76688122494342e-06,1.76688122494342e-06,1.76688122494342e-06,1.76688122494342e-06,1.76688122494342e-06,1.76688122494342e-06,1.76688122494342e-06,1.76688122494342e-06,1.76688122494342e-06,1.76688122494342e-06,1.76688122494342e-06,1.76688122494342e-06,1.76688122494342e-06,1.76688122494342e-06,1.76688122494342e-06,1.76688122494342e-06,1.76688122494342e-06,1.76688122494342e-06,1.76688122494342e-06
0.00157429117142458,0.00159195998367402,0.00159195998367402,0.00166263523267175,0.00160962879592345,0.00159195998367402,0.00155662235917515,0.00159195998367402,0.00145060948567854,0.00139760304893024,0.00139760304893024,0.00145060948567854,0.00157429117142458,0.00146827829792798,0.00130925898768307,0.0011149020529393,0.00173331048166949,0.00145060948567854,0.00136226542443137,0.00143294067342911,0.000390480750712495,1.76688122494342e-06,1.76688122494342e-06,1.76688122494342e-06,1.76688122494342e-06,1.76688122494342e-06,1.76688122494342e-06,1.76688122494342e-06,1.76688122494342e-06,1.76688122494342e-06,1.76688122494342e-06,1.76688122494342e-06,1.76688122494342e-06,1.76688122494342e-06,1.76688122494342e-06,1.76688122494342e-06,1.76688122494342e-06,1.76688122494342e-06,1.76688122494342e-06,1.76688122494342e-06
0.00164496642042232,0.00162729760817289,0.00160962879592345,0.00159195998367402,0.00164496642042232,0.00162729760817289,0.00157429117142458,0.00148594711017741,0.00152128473467628,0.00146827829792798,0.00134459661218194,0.00132692779993251,0.00153895354692571,0.00159195998367402,0.00148594711017741,0.00134459661218194,0.00169797285717062,0.00160962879592345,0.00113257086518873,0.00141527186117968,0.0004964936242091,1.76688122494342e-06,1.76688122494342e-06,1.76688122494342e-06,1.76688122494342e-06,1.76688122494342e-06,1.76688122494342e-06,1.76688122494342e-06,1.76688122494342e-06,1.76688122494342e-06,1.76688122494342e-06,1.76688122494342e-06,1.76688122494342e-06,1.76688122494342e-06,1.76688122494342e-06,1.76688122494342e-06,1.76688122494342e-06,1.76688122494342e-06,1.76688122494342e-06,1.76688122494342e-06
0.00139760304893024,0.00139760304893024,0.00145060948567854,0.00146827829792798,0.00153895354692571,0.00160962879592345,0.00168030404492119,0.00159195998367402,0.00169797285717062,0.00155662235917515,0.00168030404492119,0.00153895354692571,0.00160962879592345,0.00143294067342911,0.00153895354692571,0.00123858373868533,0.00130925898768307,0.00160962879592345,0.00145060948567854,0.00187466097966496,0.000761525807950612,1.76688122494342e-06,1.76688122494342e-06,1.76688122494342e-06,1.76688122494342e-06,1.76688122494342e-06,1.76688122494342e-06,1.76688122494342e-06,1.76688122494342e-06,1.76688122494342e-06,1.76688122494342e-06,1.76688122494342e-06,1.76688122494342e-06,1.76688122494342e-06,1.76688122494342e-06,1.76688122494342e-06,1.76688122494342e-06,1.76688122494342e-06,1.76688122494342e-06,1.76688122494342e-06
0.0011679084896876,0.00120324611418647,0.00113257086518873,0.00115023967743816,0.00115023967743816,0.00115023967743816,0.00115023967743816,0.0012739213631842,0.0012739213631842,0.00153895354692571,0.00157429117142458,0.00160962879592345,0.00125625255093477,0.00152128473467628,0.00152128473467628,0.00148594711017741,0.00157429117142458,0.0012739213631842,0.00143294067342911,0.00157429117142458,0.000690850558952876,1.76688122494342e-06,1.76688122494342e-06,1.76688122494342e-06,1.76688122494342e-06,1.76688122494342e-06,1.76688122494342e-06,1.76688122494342e-06,1.76688122494342e-06,1.76688122494342e-06,1.76688122494342e-06,1.76688122494342e-06,1.76688122494342e-06,1.76688122494342e-06,1.76688122494342e-06,1.76688122494342e-06,1.76688122494342e-06,1.76688122494342e-06,1.76688122494342e-06,1.76688122494342e-06
0.00145060948567854,0.00145060948567854,0.00150361592242685,0.00150361592242685,0.00143294067342911,0.00139760304893024,0.00139760304893024,0.00132692779993251,0.00139760304893024,0.0012739213631842,0.00134459661218194,0.00146827829792798,0.00146827829792798,0.00157429117142458,0.00169797285717062,0.00150361592242685,0.00160962879592345,0.00129159017543364,0.00150361592242685,0.00143294067342911,0.000902876305946085,1.76688122494342e-06,1.76688122494342e-06,1.76688122494342e-06,1.76688122494342e-06,1.76688122494342e-06,1.76688122494342e-06,1.76688122494342e-06,1.76688122494342e-06,1.76688122494342e-06,1.76688122494342e-06,1.76688122494342e-06,1.76688122494342e-06,1.76688122494342e-06,1.76688122494342e-06,1.76688122494342e-06,1.76688122494342e-06,1.76688122494342e-06,1.76688122494342e-06,1.76688122494342e-06
0.00160962879592345,0.00159195998367402,0.00155662235917515,0.00153895354692571,0.00155662235917515,0.00157429117142458,0.00155662235917515,0.00159195998367402,0.00141527186117968,0.00153895354692571,0.00141527186117968,0.00155662235917515,0.00153895354692571,0.00152128473467628,0.00157429117142458,0.00136226542443137,0.0012739213631842,0.00136226542443137,0.00141527186117968,0.00139760304893024,0.00106189561619099,1.76688122494342e-06,1.76688122494342e-06,1.76688122494342e-06,1.76688122494342e-06,1.76688122494342e-06,1.76688122494342e-06,1.76688122494342e-06,1.76688122494342e-06,1.76688122494342e-06,1.76688122494342e-06,1.76688122494342e-06,1.76688122494342e-06,1.76688122494342e-06,1.76688122494342e-06,1.76688122494342e-06,1.76688122494342e-06,1.76688122494342e-06,1.76688122494342e-06,1.76688122494342e-06
0.00175097929391892,0.00173331048166949,0.00173331048166949,0.00169797285717062,0.00168030404492119,0.00173331048166949,0.00171564166942006,0.00157429117142458,0.00152128473467628,0.0012739213631842,0.00141527186117968,0.00132692779993251,0.00153895354692571,0.00132692779993251,0.00175097929391892,0.00145060948567854,0.00153895354692571,0.00175097929391892,0.0012739213631842,0.00164496642042232,0.00120324611418647,1.76688122494342e-06,1.76688122494342e-06,1.76688122494342e-06,1.76688122494342e-06,1.76688122494342e-06,1.76688122494342e-06,1.76688122494342e-06,1.76688122494342e-06,1.76688122494342e-06,1.76688122494342e-06,1.76688122494342e-06,1.76688122494342e-06,1.76688122494342e-06,1.76688122494342e-06,1.76688122494342e-06,1.76688122494342e-06,1.76688122494342e-06,1.76688122494342e-06,1.76688122494342e-06
0.00160962879592345,0.00160962879592345,0.00160962879592345,0.00162729760817289,0.00159195998367402,0.00143294067342911,0.00143294067342911,0.00166263523267175,0.00175097929391892,0.00173331048166949,0.00175097929391892,0.00166263523267175,0.00148594711017741,0.00148594711017741,0.00164496642042232,0.00175097929391892,0.00120324611418647,0.00141527186117968,0.00150361592242685,0.00152128473467628,0.00132692779993251,1.94356934743776e-05,1.76688122494342e-06,1.76688122494342e-06,1.76688122494342e-06,1.76688122494342e-06,1.76688122494342e-06,1.76688122494342e-06,1.76688122494342e-06,1.76688122494342e-06,1.76688122494342e-06,1.76688122494342e-06,1.76688122494342e-06,1.76688122494342e-06,1.76688122494342e-06,1.76688122494342e-06,1.76688122494342e-06,1.76688122494342e-06,1.76688122494342e-06,1.76688122494342e-06
0.00153895354692571,0.00157429117142458,0.00159195998367402,0.00160962879592345,0.00159195998367402,0.00169797285717062,0.00176864810616836,0.00166263523267175,0.00160962879592345,0.00162729760817289,0.00137993423668081,0.00146827829792798,0.00157429117142458,0.00171564166942006,0.00148594711017741,0.00153895354692571,0.00146827829792798,0.00160962879592345,0.00171564166942006,0.00146827829792798,0.00123858373868533,1.76688122494342e-06,1.76688122494342e-06,1.76688122494342e-06,1.76688122494342e-06,1.76688122494342e-06,1.76688122494342e-06,1.76688122494342e-06,1.76688122494342e-06,1.76688122494342e-06,1.76688122494342e-06,1.76688122494342e-06,1.76688122494342e-06,1.76688122494342e-06,1.76688122494342e-06,1.76688122494342e-06,1.76688122494342e-06,1.76688122494342e-06,1.76688122494342e-06,1.76688122494342e-06
0.00106189561619099,0.00106189561619099,0.00107956442844043,0.0011149020529393,0.00123858373868533,0.00125625255093477,0.00130925898768307,0.00139760304893024,0.00153895354692571,0.00166263523267175,0.00168030404492119,0.00150361592242685,0.00153895354692571,0.00141527186117968,0.0012209149264359,0.00153895354692571,0.00145060948567854,0.00145060948567854,0.00137993423668081,0.00130925898768307,0.00118557730193703,1.94356934743776e-05,1.76688122494342e-06,1.76688122494342e-06,1.76688122494342e-06,1.76688122494342e-06,1.76688122494342e-06,1.76688122494342e-06,1.76688122494342e-06,1.76688122494342e-06,1.76688122494342e-06,1.76688122494342e-06,1.76688122494342e-06,1.76688122494342e-06,1.76688122494342e-06,1.76688122494342e-06,1.76688122494342e-06,1.76688122494342e-06,1.76688122494342e-06,1.76688122494342e-06
0.00148594711017741,0.00146827829792798,0.00146827829792798,0.00145060948567854,0.00137993423668081,0.00137993423668081,0.00129159017543364,0.0012739213631842,0.00129159017543364,0.00145060948567854,0.00159195998367402,0.00152128473467628,0.00150361592242685,0.00182165454291666,0.00171564166942006,0.00176864810616836,0.0012209149264359,0.00145060948567854,0.00171564166942006,0.0012209149264359,0.00143294067342911,5.47733179732459e-05,1.76688122494342e-06,1.76688122494342e-06,1.76688122494342e-06,1.76688122494342e-06,1.76688122494342e-06,1.76688122494342e-06,1.76688122494342e-06,1.76688122494342e-06,1.76688122494342e-06,1.76688122494342e-06,1.76688122494342e-06,1.76688122494342e-06,1.76688122494342e-06,1.76688122494342e-06,1.76688122494342e-06,1.76688122494342e-06,1.76688122494342e-06,1.76688122494342e-06
0.00159195998367402,0.00159195998367402,0.00162729760817289,0.00157429117142458,0.00164496642042232,0.00157429117142458,0.00162729760817289,0.00150361592242685,0.00146827829792798,0.00137993423668081,0.00153895354692571,0.00153895354692571,0.00160962879592345,0.00157429117142458,0.00175097929391892,0.00192766741641327,0.00169797285717062,0.00160962879592345,0.00150361592242685,0.00160962879592345,0.00175097929391892,1.94356934743776e-05,1.76688122494342e-06,1.76688122494342e-06,1.76688122494342e-06,1.76688122494342e-06,1.76688122494342e-06,1.76688122494342e-06,1.76688122494342e-06,1.76688122494342e-06,1.76688122494342e-06,1.76688122494342e-06,1.76688122494342e-06,1.76688122494342e-06,1.76688122494342e-06,1.76688122494342e-06,1.76688122494342e-06,1.76688122494342e-06,1.76688122494342e-06,1.76688122494342e-06
0.0018923297919144,0.0018923297919144,0.00176864810616836,0.0018393233551661,0.00173331048166949,0.00176864810616836,0.00171564166942006,0.00178631691841779,0.00157429117142458,0.00146827829792798,0.00136226542443137,0.00153895354692571,0.00145060948567854,0.00155662235917515,0.00150361592242685,0.00153895354692571,0.00148594711017741,0.00175097929391892,0.00157429117142458,0.00160962879592345,0.00157429117142458,1.76688122494342e-06,1.76688122494342e-06,1.76688122494342e-06,1.76688122494342e-06,1.76688122494342e-06,1.76688122494342e-06,1.76688122494342e-06,1.76688122494342e-06,1.76688122494342e-06,1.76688122494342e-06,1.76688122494342e-06,1.76688122494342e-06,1.76688122494342e-06,1.76688122494342e-06,1.76688122494342e-06,1.76688122494342e-06,1.76688122494342e-06,1.76688122494342e-06,1.76688122494342e-06
0.00155662235917515,0.00157429117142458,0.00168030404492119,0.00159195998367402,0.00162729760817289,0.00166263523267175,0.00160962879592345,0.00166263523267175,0.00178631691841779,0.00187466097966496,0.00180398573066723,0.00162729760817289,0.00155662235917515,0.00152128473467628,0.00169797285717062,0.00159195998367402,0.00185699216741553,0.00141527186117968,0.00157429117142458,0.00153895354692571,0.00134459661218194,7.244213022268e-05,1.76688122494342e-06,1.76688122494342e-06,1.76688122494342e-06,1.76688122494342e-06,1.76688122494342e-06,1.76688122494342e-06,1.76688122494342e-06,1.76688122494342e-06,1.76688122494342e-06,1.76688122494342e-06,1.76688122494342e-06,1.76688122494342e-06,1.76688122494342e-06,1.76688122494342e-06,1.76688122494342e-06,1.76688122494342e-06,1.76688122494342e-06,1.76688122494342e-06
0.00157429117142458,0.00157429117142458,0.00152128473467628,0.00160962879592345,0.00164496642042232,0.00162729760817289,0.00166263523267175,0.00162729760817289,0.00164496642042232,0.00168030404492119,0.00169797285717062,0.00180398573066723,0.00169797285717062,0.00153895354692571,0.00166263523267175,0.00171564166942006,0.0018393233551661,0.00155662235917515,0.00132692779993251,0.00159195998367402,0.00176864810616836,0.000125448566970982,1.76688122494342e-06,1.76688122494342e-06,1.76688122494342e-06,1.76688122494342e-06,1.76688122494342e-06,1.76688122494342e-06,1.76688122494342e-06,1.76688122494342e-06,1.76688122494342e-06,1.76688122494342e-06,1.76688122494342e-06,1.76688122494342e-06,1.76688122494342e-06,1.76688122494342e-06,1.76688122494342e-06,1.76688122494342e-06,1.76688122494342e-06,1.76688122494342e-06
0.00143294067342911,0.00137993423668081,0.00141527186117968,0.00134459661218194,0.00134459661218194,0.00136226542443137,0.00148594711017741,0.00139760304893024,0.00152128473467628,0.00146827829792798,0.00153895354692571,0.00173331048166949,0.00157429117142458,0.00141527186117968,0.00139760304893024,0.00160962879592345,0.00178631691841779,0.00143294067342911,0.00203368028990987,0.00192766741641327,0.00168030404492119,0.000107779754721548,1.76688122494342e-06,1.76688122494342e-06,1.76688122494342e-06,1.76688122494342e-06,1.76688122494342e-06,1.76688122494342e-06,1.76688122494342e-06,1.76688122494342e-06,1.76688122494342e-06,1.76688122494342e-06,1.76688122494342e-06,1.76688122494342e-06,1.76688122494342e-06,1.76688122494342e-06,1.76688122494342e-06,1.76688122494342e-06,1.76688122494342e-06,1.76688122494342e-06
0.00201601147766044,0.00206901791440874,0.00205134910215931,0.001998342665411,0.00190999860416383,0.00185699216741553,0.00169797285717062,0.00169797285717062,0.00164496642042232,0.00160962879592345,0.00141527186117968,0.00150361592242685,0.00166263523267175,0.00160962879592345,0.00162729760817289,0.00166263523267175,0.00164496642042232,0.00146827829792798,0.00152128473467628,0.00132692779993251,0.00176864810616836,0.000319805501714758,1.76688122494342e-06,1.76688122494342e-06,1.76688122494342e-06,1.76688122494342e-06,1.76688122494342e-06,1.76688122494342e-06,1.76688122494342e-06,1.76688122494342e-06,1.76688122494342e-06,1.76688122494342e-06,1.76688122494342e-06,1.76688122494342e-06,1.76688122494342e-06,1.76688122494342e-06,1.76688122494342e-06,1.76688122494342e-06,1.76688122494342e-06,1.76688122494342e-06
0.00150361592242685,0.00150361592242685,0.00150361592242685,0.00162729760817289,0.00173331048166949,0.00168030404492119,0.00175097929391892,0.00187466097966496,0.00176864810616836,0.0018393233551661,0.00187466097966496,0.00168030404492119,0.00182165454291666,0.00168030404492119,0.00171564166942006,0.00148594711017741,0.00210435553890761,0.00146827829792798,0.00148594711017741,0.00123858373868533,0.00166263523267175,0.000337474313964192,1.76688122494342e-06,1.76688122494342e-06,1.76688122494342e-06,1.76688122494342e-06,1.76688122494342e-06,1.76688122494342e-06,1.76688122494342e-06,1.76688122494342e-06,1.76688122494342e-06,1.76688122494342e-06,1.76688122494342e-06,1.76688122494342e-06,1.76688122494342e-06,1.76688122494342e-06,1.76688122494342e-06,1.76688122494342e-06,1.76688122494342e-06,1.76688122494342e-06
0.00153895354692571,0.00153895354692571,0.00152128473467628,0.00152128473467628,0.00152128473467628,0.00155662235917515,0.00152128473467628,0.00145060948567854,0.00159195998367402,0.00164496642042232,0.00171564166942006,0.00155662235917515,0.00146827829792798,0.0019453362286627,0.00162729760817289,0.0018923297919144,0.00166263523267175,0.00159195998367402,0.00190999860416383,0.00139760304893024,0.00176864810616836,0.000408149562961929,1.76688122494342e-06,1.76688122494342e-06,1.76688122494342e-06,1.76688122494342e-06,1.76688122494342e-06,1.76688122494342e-06,1.76688122494342e-06,1.76688122494342e-06,1.76688122494342e-06,1.76688122494342e-06,1.76688122494342e-06,1.76688122494342e-06,1.76688122494342e-06,1.76688122494342e-06,1.76688122494342e-06,1.76688122494342e-06,1.76688122494342e-06,1.76688122494342e-06
0.00171564166942006,0.00169797285717062,0.00171564166942006,0.00164496642042232,0.00155662235917515,0.00168030404492119,0.00166263523267175,0.00164496642042232,0.00145060948567854,0.00145060948567854,0.00153895354692571,0.00175097929391892,0.00176864810616836,0.00169797285717062,0.00152128473467628,0.00159195998367402,0.00155662235917515,0.00162729760817289,0.00175097929391892,0.00178631691841779,0.00168030404492119,0.000514162436458534,1.76688122494342e-06,1.76688122494342e-06,1.76688122494342e-06,1.76688122494342e-06,1.76688122494342e-06,1.76688122494342e-06,1.76688122494342e-06,1.76688122494342e-06,1.76688122494342e-06,1.76688122494342e-06,1.76688122494342e-06,1.76688122494342e-06,1.76688122494342e-06,1.76688122494342e-06,1.76688122494342e-06,1.76688122494342e-06,1.76688122494342e-06,1.76688122494342e-06
0.00160962879592345,0.00160962879592345,0.00164496642042232,0.00171564166942006,0.00178631691841779,0.00164496642042232,0.00178631691841779,0.0018393233551661,0.0018393233551661,0.00192766741641327,0.00171564166942006,0.00169797285717062,0.00190999860416383,0.00166263523267175,0.00169797285717062,0.00159195998367402,0.00210435553890761,0.00190999860416383,0.00187466097966496,0.00190999860416383,0.00171564166942006,0.000690850558952876,1.76688122494342e-06,1.76688122494342e-06,1.76688122494342e-06,1.76688122494342e-06,1.76688122494342e-06,1.76688122494342e-06,1.76688122494342e-06,1.76688122494342e-06,1.76688122494342e-06,1.76688122494342e-06,1.76688122494342e-06,1.76688122494342e-06,1.76688122494342e-06,1.76688122494342e-06,1.76688122494342e-06,1.76688122494342e-06,1.76688122494342e-06,1.76688122494342e-06
0.0019453362286627,0.00196300504091213,0.00187466097966496,0.00182165454291666,0.00180398573066723,0.00182165454291666,0.00171564166942006,0.00178631691841779,0.0018393233551661,0.00175097929391892,0.0018923297919144,0.00168030404492119,0.00169797285717062,0.00173331048166949,0.00168030404492119,0.00152128473467628,0.00178631691841779,0.00203368028990987,0.00155662235917515,0.00169797285717062,0.00182165454291666,0.000991220367193256,1.76688122494342e-06,1.76688122494342e-06,1.76688122494342e-06,1.76688122494342e-06,1.76688122494342e-06,1.76688122494342e-06,1.76688122494342e-06,1.76688122494342e-06,1.76688122494342e-06,1.76688122494342e-06,1.76688122494342e-06,1.76688122494342e-06,1.76688122494342e-06,1.76688122494342e-06,1.76688122494342e-06,1.76688122494342e-06,1.76688122494342e-06,1.76688122494342e-06
0.00157429117142458,0.00153895354692571,0.00160962879592345,0.00157429117142458,0.00157429117142458,0.00160962879592345,0.00160962879592345,0.00150361592242685,0.00169797285717062,0.00169797285717062,0.00169797285717062,0.00176864810616836,0.0018393233551661,0.00166263523267175,0.00185699216741553,0.00159195998367402,0.00187466097966496,0.00205134910215931,0.00153895354692571,0.00157429117142458,0.0018923297919144,0.000973551554943822,1.76688122494342e-06,1.76688122494342e-06,1.76688122494342e-06,1.76688122494342e-06,1.76688122494342e-06,1.76688122494342e-06,1.76688122494342e-06,1.76688122494342e-06,1.76688122494342e-06,1.76688122494342e-06,1.76688122494342e-06,1.76688122494342e-06,1.76688122494342e-06,1.76688122494342e-06,1.76688122494342e-06,1.76688122494342e-06,1.76688122494342e-06,1.76688122494342e-06
0.00180398573066723,0.0018393233551661,0.00180398573066723,0.00185699216741553,0.00187466097966496,0.00187466097966496,0.00187466097966496,0.00185699216741553,0.00157429117142458,0.00168030404492119,0.00164496642042232,0.00176864810616836,0.00145060948567854,0.00176864810616836,0.00192766741641327,0.00208668672665817,0.00155662235917515,0.00173331048166949,0.0018923297919144,0.00190999860416383,0.00168030404492119,0.00118557730193703,1.76688122494342e-06,1.76688122494342e-06,1.76688122494342e-06,1.76688122494342e-06,1.76688122494342e-06,1.76688122494342e-06,1.76688122494342e-06,1.76688122494342e-06,1.76688122494342e-06,1.76688122494342e-06,1.76688122494342e-06,1.76688122494342e-06,1.76688122494342e-06,1.76688122494342e-06,1.76688122494342e-06,1.76688122494342e-06,1.76688122494342e-06,1.76688122494342e-06
0.00182165454291666,0.00180398573066723,0.0018393233551661,0.00185699216741553,0.00180398573066723,0.00187466097966496,0.00182165454291666,0.00180398573066723,0.00190999860416383,0.00169797285717062,0.00176864810616836,0.00164496642042232,0.00178631691841779,0.00168030404492119,0.00168030404492119,0.00166263523267175,0.00157429117142458,0.00176864810616836,0.00148594711017741,0.00182165454291666,0.00171564166942006,0.0012739213631842,1.76688122494342e-06,1.76688122494342e-06,1.76688122494342e-06,1.76688122494342e-06,1.76688122494342e-06,1.76688122494342e-06,1.76688122494342e-06,1.76688122494342e-06,1.76688122494342e-06,1.76688122494342e-06,1.76688122494342e-06,1.76688122494342e-06,1.76688122494342e-06,1.76688122494342e-06,1.76688122494342e-06,1.76688122494342e-06,1.76688122494342e-06,1.76688122494342e-06
0.00201601147766044,0.00203368028990987,0.00201601147766044,0.00203368028990987,0.00208668672665817,0.00203368028990987,0.00205134910215931,0.00205134910215931,0.00205134910215931,0.00198067385316157,0.00217503078790534,0.00215736197565591,0.0018393233551661,0.00192766741641327,0.00164496642042232,0.00185699216741553,0.00175097929391892,0.00192766741641327,0.00180398573066723,0.00178631691841779,0.00153895354692571,0.00109723324068986,1.76688122494342e-06,1.76688122494342e-06,1.76688122494342e-06,1.76688122494342e-06,1.76688122494342e-06,1.76688122494342e-06,1.76688122494342e-06,1.76688122494342e-06,1.76688122494342e-06,1.76688122494342e-06,1.76688122494342e-06,1.76688122494342e-06,1.76688122494342e-06,1.76688122494342e-06,1.76688122494342e-06,1.76688122494342e-06,1.76688122494342e-06,1.76688122494342e-06
0.00182165454291666,0.00178631691841779,0.00180398573066723,0.00175097929391892,0.00173331048166949,0.00173331048166949,0.00169797285717062,0.00182165454291666,0.0018923297919144,0.001998342665411,0.00171564166942006,0.00173331048166949,0.00196300504091213,0.00190999860416383,0.001998342665411,0.00187466097966496,0.00185699216741553,0.00205134910215931,0.00173331048166949,0.00175097929391892,0.00137993423668081,0.00166263523267175,1.76688122494342e-06,1.76688122494342e-06,1.76688122494342e-06,1.76688122494342e-06,1.76688122494342e-06,1.76688122494342e-06,1.76688122494342e-06,1.76688122494342e-06,1.76688122494342e-06,1.76688122494342e-06,1.76688122494342e-06,1.76688122494342e-06,1.76688122494342e-06,1.76688122494342e-06,1.76688122494342e-06,1.76688122494342e-06,1.76688122494342e-06,1.76688122494342e-06
0.00190999860416383,0.0019453362286627,0.00190999860416383,0.00187466097966496,0.00190999860416383,0.00187466097966496,0.0018923297919144,0.00182165454291666,0.00175097929391892,0.00178631691841779,0.00175097929391892,0.00180398573066723,0.00196300504091213,0.00208668672665817,0.00168030404492119,0.00180398573066723,0.00182165454291666,0.00176864810616836,0.001998342665411,0.00198067385316157,0.0018923297919144,0.00139760304893024,1.76688122494342e-06,1.76688122494342e-06,1.76688122494342e-06,1.76688122494342e-06,1.76688122494342e-06,1.76688122494342e-06,1.76688122494342e-06,1.76688122494342e-06,1.76688122494342e-06,1.76688122494342e-06,1.76688122494342e-06,1.76688122494342e-06,1.76688122494342e-06,1.76688122494342e-06,1.76688122494342e-06,1.76688122494342e-06,1.76688122494342e-06,1.76688122494342e-06
0.00182165454291666,0.00176864810616836,0.00176864810616836,0.00180398573066723,0.00182165454291666,0.00182165454291666,0.00176864810616836,0.00178631691841779,0.00190999860416383,0.0018923297919144,0.00187466097966496,0.00192766741641327,0.00176864810616836,0.00175097929391892,0.00198067385316157,0.0019453362286627,0.00182165454291666,0.00201601147766044,0.00190999860416383,0.00206901791440874,0.001998342665411,0.00178631691841779,1.76688122494342e-06,1.76688122494342e-06,1.76688122494342e-06,1.76688122494342e-06,1.76688122494342e-06,1.76688122494342e-06,1.76688122494342e-06,1.76688122494342e-06,1.76688122494342e-06,1.76688122494342e-06,1.76688122494342e-06,1.76688122494342e-06,1.76688122494342e-06,1.76688122494342e-06,1.76688122494342e-06,1.76688122494342e-06,1.76688122494342e-06,1.76688122494342e-06
0.00192766741641327,0.00198067385316157,0.001998342665411,0.00205134910215931,0.001998342665411,0.00201601147766044,0.00206901791440874,0.00205134910215931,0.00187466097966496,0.00178631691841779,0.00171564166942006,0.00176864810616836,0.00201601147766044,0.0018393233551661,0.00212202435115704,0.00198067385316157,0.00173331048166949,0.00157429117142458,0.00187466097966496,0.00196300504091213,0.001998342665411,0.00178631691841779,1.94356934743776e-05,1.76688122494342e-06,1.76688122494342e-06,1.76688122494342e-06,1.76688122494342e-06,1.76688122494342e-06,1.76688122494342e-06,1.76688122494342e-06,1.76688122494342e-06,1.76688122494342e-06,1.76688122494342e-06,1.76688122494342e-06,1.76688122494342e-06,1.76688122494342e-06,1.76688122494342e-06,1.76688122494342e-06,1.76688122494342e-06,1.76688122494342e-06
0.00229871247365138,0.00228104366140195,0.00221036841240421,0.00221036841240421,0.00213969316340648,0.00217503078790534,0.00219269960015478,0.00224570603690308,0.00233405009815025,0.00240472534714799,0.00235171891039969,0.00217503078790534,0.0018923297919144,0.00210435553890761,0.00224570603690308,0.00176864810616836,0.00198067385316157,0.0019453362286627,0.00224570603690308,0.00208668672665817,0.00196300504091213,0.0018923297919144,3.71045057238117e-05,1.76688122494342e-06,1.76688122494342e-06,1.76688122494342e-06,1.76688122494342e-06,1.76688122494342e-06,1.76688122494342e-06,1.76688122494342e-06,1.76688122494342e-06,1.76688122494342e-06,1.76688122494342e-06,1.76688122494342e-06,1.76688122494342e-06,1.76688122494342e-06,1.76688122494342e-06,1.76688122494342e-06,1.76688122494342e-06,1.76688122494342e-06
0.00221036841240421,0.00222803722465365,0.00228104366140195,0.00222803722465365,0.00226337484915252,0.00221036841240421,0.00228104366140195,0.00219269960015478,0.00224570603690308,0.00217503078790534,0.00219269960015478,0.00212202435115704,0.00217503078790534,0.00182165454291666,0.00192766741641327,0.00219269960015478,0.001998342665411,0.00203368028990987,0.00215736197565591,0.00185699216741553,0.0018923297919144,0.00224570603690308,7.244213022268e-05,1.76688122494342e-06,1.76688122494342e-06,1.76688122494342e-06,1.76688122494342e-06,1.76688122494342e-06,1.76688122494342e-06,1.76688122494342e-06,1.76688122494342e-06,1.76688122494342e-06,1.76688122494342e-06,1.76688122494342e-06,1.76688122494342e-06,1.76688122494342e-06,1.76688122494342e-06,1.76688122494342e-06,1.76688122494342e-06,1.76688122494342e-06
0.001998342665411,0.001998342665411,0.00201601147766044,0.00203368028990987,0.00208668672665817,0.00208668672665817,0.00208668672665817,0.00205134910215931,0.0019453362286627,0.00192766741641327,0.00213969316340648,0.00224570603690308,0.00212202435115704,0.00203368028990987,0.00185699216741553,0.00198067385316157,0.00210435553890761,0.00192766741641327,0.001998342665411,0.00208668672665817,0.00187466097966496,0.0018393233551661,3.71045057238117e-05,1.76688122494342e-06,1.76688122494342e-06,1.76688122494342e-06,1.76688122494342e-06,1.76688122494342e-06,1.76688122494342e-06,1.76688122494342e-06,1.76688122494342e-06,1.76688122494342e-06,1.76688122494342e-06,1.76688122494342e-06,1.76688122494342e-06,1.76688122494342e-06,1.76688122494342e-06,1.76688122494342e-06,1.76688122494342e-06,1.76688122494342e-06
0.00210435553890761,0.00208668672665817,0.00203368028990987,0.00205134910215931,0.00201601147766044,0.00210435553890761,0.00212202435115704,0.00212202435115704,0.00205134910215931,0.00203368028990987,0.00196300504091213,0.001998342665411,0.00242239415939742,0.00258141346964233,0.00196300504091213,0.00203368028990987,0.00208668672665817,0.00175097929391892,0.00215736197565591,0.00187466097966496,0.00173331048166949,0.00208668672665817,0.000213792628218153,1.76688122494342e-06,1.76688122494342e-06,1.76688122494342e-06,1.76688122494342e-06,1.76688122494342e-06,1.76688122494342e-06,1.76688122494342e-06,1.76688122494342e-06,1.76688122494342e-06,1.76688122494342e-06,1.76688122494342e-06,1.76688122494342e-06,1.76688122494342e-06,1.76688122494342e-06,1.76688122494342e-06,1.76688122494342e-06,1.76688122494342e-06
0.00182165454291666,0.00182165454291666,0.00187466097966496,0.00185699216741553,0.0018393233551661,0.00176864810616836,0.00166263523267175,0.00173331048166949,0.0018923297919144,0.00208668672665817,0.00192766741641327,0.00212202435115704,0.00173331048166949,0.001998342665411,0.00198067385316157,0.00219269960015478,0.00208668672665817,0.00213969316340648,0.0019453362286627,0.00198067385316157,0.00210435553890761,0.00205134910215931,0.000249130252717022,1.76688122494342e-06,1.76688122494342e-06,1.76688122494342e-06,1.76688122494342e-06,1.76688122494342e-06,1.76688122494342e-06,1.76688122494342e-06,1.76688122494342e-06,1.76688122494342e-06,1.76688122494342e-06,1.76688122494342e-06,1.76688122494342e-06,1.76688122494342e-06,1.76688122494342e-06,1.76688122494342e-06,1.76688122494342e-06,1.76688122494342e-06
0.00206901791440874,0.00206901791440874,0.00212202435115704,0.00217503078790534,0.00215736197565591,0.00219269960015478,0.00228104366140195,0.00224570603690308,0.00222803722465365,0.00208668672665817,0.00229871247365138,0.001998342665411,0.00228104366140195,0.00190999860416383,0.00215736197565591,0.00221036841240421,0.00203368028990987,0.00210435553890761,0.00210435553890761,0.001998342665411,0.00240472534714799,0.00213969316340648,0.000302136689465324,1.76688122494342e-06,1.76688122494342e-06,1.76688122494342e-06,1.76688122494342e-06,1.76688122494342e-06,1.76688122494342e-06,1.76688122494342e-06,1.76688122494342e-06,1.76688122494342e-06,1.76688122494342e-06,1.76688122494342e-06,1.76688122494342e-06,1.76688122494342e-06,1.76688122494342e-06,1.76688122494342e-06,1.76688122494342e-06,1.76688122494342e-06
0.001998342665411,0.00198067385316157,0.00190999860416383,0.0018923297919144,0.0019453362286627,0.00190999860416383,0.0018923297919144,0.00196300504091213,0.00201601147766044,0.00205134910215931,0.0019453362286627,0.00201601147766044,0.00198067385316157,0.00233405009815025,0.00229871247365138,0.001998342665411,0.00201601147766044,0.00182165454291666,0.00205134910215931,0.00190999860416383,0.0018923297919144,0.00166263523267175,0.000372811938463061,1.76688122494342e-06,1.76688122494342e-06,1.76688122494342e-06,1.76688122494342e-06,1.76688122494342e-06,1.76688122494342e-06,1.76688122494342e-06,1.76688122494342e-06,1.76688122494342e-06,1.76688122494342e-06,1.76688122494342e-06,1.76688122494342e-06,1.76688122494342e-06,1.76688122494342e-06,1.76688122494342e-06,1.76688122494342e-06,1.76688122494342e-06
0.00210435553890761,0.00213969316340648,0.00213969316340648,0.00213969316340648,0.00219269960015478,0.00217503078790534,0.00217503078790534,0.00212202435115704,0.00201601147766044,0.00212202435115704,0.00217503078790534,0.00198067385316157,0.00212202435115704,0.001998342665411,0.00224570603690308,0.00201601147766044,0.00228104366140195,0.00242239415939742,0.00190999860416383,0.00192766741641327,0.00208668672665817,0.00206901791440874,0.000620175309955139,1.76688122494342e-06,1.76688122494342e-06,1.76688122494342e-06,1.76688122494342e-06,1.76688122494342e-06,1.76688122494342e-06,1.76688122494342e-06,1.76688122494342e-06,1.76688122494342e-06,1.76688122494342e-06,1.76688122494342e-06,1.76688122494342e-06,1.76688122494342e-06,1.76688122494342e-06,1.76688122494342e-06,1.76688122494342e-06,1.76688122494342e-06
0.0026167510941412,0.00259908228189176,0.00259908228189176,0.00252840703289403,0.00247540059614573,0.00254607584514346,0.00245773178389629,0.00235171891039969,0.00215736197565591,0.00205134910215931,0.00198067385316157,0.00217503078790534,0.001998342665411,0.00205134910215931,0.00206901791440874,0.00228104366140195,0.00208668672665817,0.00228104366140195,0.00212202435115704,0.00233405009815025,0.0019453362286627,0.00228104366140195,0.000743856995701178,1.76688122494342e-06,1.76688122494342e-06,1.76688122494342e-06,1.76688122494342e-06,1.76688122494342e-06,1.76688122494342e-06,1.76688122494342e-06,1.76688122494342e-06,1.76688122494342e-06,1.76688122494342e-06,1.76688122494342e-06,1.76688122494342e-06,1.76688122494342e-06,1.76688122494342e-06,1.76688122494342e-06,1.76688122494342e-06,1.76688122494342e-06
0.00219269960015478,0.00219269960015478,0.00222803722465365,0.00229871247365138,0.00231638128590082,0.00219269960015478,0.00221036841240421,0.00224570603690308,0.00245773178389629,0.00238705653489855,0.00231638128590082,0.00224570603690308,0.00210435553890761,0.00236938772264912,0.00221036841240421,0.00229871247365138,0.00244006297164686,0.00213969316340648,0.00226337484915252,0.00224570603690308,0.00238705653489855,0.00235171891039969,0.00106189561619099,1.76688122494342e-06,1.76688122494342e-06,1.76688122494342e-06,1.76688122494342e-06,1.76688122494342e-06,1.76688122494342e-06,1.76688122494342e-06,1.76688122494342e-06,1.76688122494342e-06,1.76688122494342e-06,1.76688122494342e-06,1.76688122494342e-06,1.76688122494342e-06,1.76688122494342e-06,1.76688122494342e-06,1.76688122494342e-06,1.76688122494342e-06
0.00240472534714799,0.00242239415939742,0.00238705653489855,0.00235171891039969,0.00228104366140195,0.00240472534714799,0.00249306940839516,0.00258141346964233,0.00258141346964233,0.00254607584514346,0.00245773178389629,0.00219269960015478,0.00231638128590082,0.00198067385316157,0.00238705653489855,0.00205134910215931,0.00222803722465365,0.00206901791440874,0.00192766741641327,0.00236938772264912,0.00242239415939742,0.00242239415939742,0.00134459661218194,1.76688122494342e-06,1.76688122494342e-06,1.76688122494342e-06,1.76688122494342e-06,1.76688122494342e-06,1.76688122494342e-06,1.76688122494342e-06,1.76688122494342e-06,1.76688122494342e-06,1.76688122494342e-06,1.76688122494342e-06,1.76688122494342e-06,1.76688122494342e-06,1.76688122494342e-06,1.76688122494342e-06,1.76688122494342e-06,1.76688122494342e-06
0.00245773178389629,0.00245773178389629,0.00247540059614573,0.00244006297164686,0.00251073822064459,0.00252840703289403,0.00242239415939742,0.00236938772264912,0.00236938772264912,0.00236938772264912,0.00247540059614573,0.00277577040438611,0.00254607584514346,0.00245773178389629,0.00242239415939742,0.00244006297164686,0.00242239415939742,0.00226337484915252,0.00231638128590082,0.00213969316340648,0.00233405009815025,0.00203368028990987,0.00143294067342911,1.76688122494342e-06,1.76688122494342e-06,1.76688122494342e-06,1.76688122494342e-06,1.76688122494342e-06,1.76688122494342e-06,1.76688122494342e-06,1.76688122494342e-06,1.76688122494342e-06,1.76688122494342e-06,1.76688122494342e-06,1.76688122494342e-06,1.76688122494342e-06,1.76688122494342e-06,1.76688122494342e-06,1.76688122494342e-06,1.76688122494342e-06
0.00247540059614573,0.00247540059614573,0.00247540059614573,0.00249306940839516,0.00245773178389629,0.00240472534714799,0.00240472534714799,0.00249306940839516,0.00245773178389629,0.00252840703289403,0.00247540059614573,0.00249306940839516,0.00245773178389629,0.00245773178389629,0.00231638128590082,0.00236938772264912,0.00226337484915252,0.0026167510941412,0.00221036841240421,0.0019453362286627,0.00236938772264912,0.00228104366140195,0.00180398573066723,1.76688122494342e-06,1.76688122494342e-06,1.76688122494342e-06,1.76688122494342e-06,1.76688122494342e-06,1.76688122494342e-06,1.76688122494342e-06,1.76688122494342e-06,1.76688122494342e-06,1.76688122494342e-06,1.76688122494342e-06,1.76688122494342e-06,1.76688122494342e-06,1.76688122494342e-06,1.76688122494342e-06,1.76688122494342e-06,1.76688122494342e-06
0.00224570603690308,0.00224570603690308,0.00224570603690308,0.00228104366140195,0.00235171891039969,0.00231638128590082,0.00235171891039969,0.00222803722465365,0.00238705653489855,0.00265208871864007,0.00259908228189176,0.0026167510941412,0.00240472534714799,0.00236938772264912,0.00242239415939742,0.00228104366140195,0.00212202435115704,0.00254607584514346,0.00217503078790534,0.00217503078790534,0.00259908228189176,0.00224570603690308,0.00153895354692571,1.76688122494342e-06,1.76688122494342e-06,1.76688122494342e-06,1.76688122494342e-06,1.76688122494342e-06,1.76688122494342e-06,1.76688122494342e-06,1.76688122494342e-06,1.76688122494342e-06,1.76688122494342e-06,1.76688122494342e-06,1.76688122494342e-06,1.76688122494342e-06,1.76688122494342e-06,1.76688122494342e-06,1.76688122494342e-06,1.76688122494342e-06
0.00263441990639063,0.0026167510941412,0.00254607584514346,0.00252840703289403,0.00249306940839516,0.0025637446573929,0.00258141346964233,0.00265208871864007,0.00235171891039969,0.00224570603690308,0.00226337484915252,0.00235171891039969,0.00258141346964233,0.00224570603690308,0.00229871247365138,0.00263441990639063,0.00229871247365138,0.0027227639676378,0.0026697575308895,0.00258141346964233,0.00224570603690308,0.00274043277988724,0.00210435553890761,1.76688122494342e-06,1.76688122494342e-06,1.76688122494342e-06,1.76688122494342e-06,1.76688122494342e-06,1.76688122494342e-06,1.76688122494342e-06,1.76688122494342e-06,1.76688122494342e-06,1.76688122494342e-06,1.76688122494342e-06,1.76688122494342e-06,1.76688122494342e-06,1.76688122494342e-06,1.76688122494342e-06,1.76688122494342e-06,1.76688122494342e-06
0.00249306940839516,0.00249306940839516,0.00259908228189176,0.00263441990639063,0.0025637446573929,0.00249306940839516,0.00242239415939742,0.00240472534714799,0.00259908228189176,0.00249306940839516,0.00258141346964233,0.00240472534714799,0.00263441990639063,0.00268742634313893,0.00226337484915252,0.00244006297164686,0.00221036841240421,0.00238705653489855,0.00221036841240421,0.00238705653489855,0.001998342665411,0.00221036841240421,0.00171564166942006,1.76688122494342e-06,1.76688122494342e-06,1.76688122494342e-06,1.76688122494342e-06,1.76688122494342e-06,1.76688122494342e-06,1.76688122494342e-06,1.76688122494342e-06,1.76688122494342e-06,1.76688122494342e-06,1.76688122494342e-06,1.76688122494342e-06,1.76688122494342e-06,1.76688122494342e-06,1.76688122494342e-06,1.76688122494342e-06,1.76688122494342e-06
0.00231638128590082,0.00233405009815025,0.00226337484915252,0.00226337484915252,0.00229871247365138,0.00238705653489855,0.00247540059614573,0.00254607584514346,0.00244006297164686,0.00245773178389629,0.00270509515538837,0.0026167510941412,0.00244006297164686,0.00274043277988724,0.00274043277988724,0.00247540059614573,0.0026167510941412,0.00245773178389629,0.00245773178389629,0.00233405009815025,0.00233405009815025,0.00226337484915252,0.00219269960015478,1.76688122494342e-06,1.76688122494342e-06,1.76688122494342e-06,1.76688122494342e-06,1.76688122494342e-06,1.76688122494342e-06,1.76688122494342e-06,1.76688122494342e-06,1.76688122494342e-06,1.76688122494342e-06,1.76688122494342e-06,1.76688122494342e-06,1.76688122494342e-06,1.76688122494342e-06,1.76688122494342e-06,1.76688122494342e-06,1.76688122494342e-06
0.00247540059614573,0.00245773178389629,0.00249306940839516,0.00242239415939742,0.00247540059614573,0.00238705653489855,0.00242239415939742,0.00242239415939742,0.00254607584514346,0.00254607584514346,0.00238705653489855,0.00258141346964233,0.00265208871864007,0.00286411446563328,0.00270509515538837,0.00245773178389629,0.00281110802888497,0.00212202435115704,0.00244006297164686,0.0026167510941412,0.00231638128590082,0.00208668672665817,0.00245773178389629,1.76688122494342e-06,1.76688122494342e-06,1.76688122494342e-06,1.76688122494342e-06,1.76688122494342e-06,1.76688122494342e-06,1.76688122494342e-06,1.76688122494342e-06,1.76688122494342e-06,1.76688122494342e-06,1.76688122494342e-06,1.76688122494342e-06,1.76688122494342e-06,1.76688122494342e-06,1.76688122494342e-06,1.76688122494342e-06,1.76688122494342e-06
0.00288178327788271,0.00289945209013215,0.00286411446563328,0.00293478971463101,0.00291712090238158,0.00295245852688045,0.00295245852688045,0.00288178327788271,0.00275810159213667,0.00282877684113441,0.00274043277988724,0.00268742634313893,0.0027227639676378,0.00240472534714799,0.00270509515538837,0.0026167510941412,0.00235171891039969,0.00222803722465365,0.00224570603690308,0.00208668672665817,0.00187466097966496,0.00249306940839516,0.001998342665411,3.71045057238117e-05,1.76688122494342e-06,1.76688122494342e-06,1.76688122494342e-06,1.76688122494342e-06,1.76688122494342e-06,1.76688122494342e-06,1.76688122494342e-06,1.76688122494342e-06,1.76688122494342e-06,1.76688122494342e-06,1.76688122494342e-06,1.76688122494342e-06,1.76688122494342e-06,1.76688122494342e-06,1.76688122494342e-06,1.76688122494342e-06
0.00286411446563328,0.00286411446563328,0.00291712090238158,0.00284644565338384,0.00279343921663554,0.00281110802888497,0.00275810159213667,0.00282877684113441,0.00289945209013215,0.00284644565338384,0.00293478971463101,0.00300546496362875,0.00263441990639063,0.0025637446573929,0.00270509515538837,0.00275810159213667,0.00291712090238158,0.00279343921663554,0.00265208871864007,0.00212202435115704,0.00289945209013215,0.00244006297164686,0.00247540059614573,9.01109424721142e-05,1.76688122494342e-06,1.76688122494342e-06,1.76688122494342e-06,1.76688122494342e-06,1.76688122494342e-06,1.76688122494342e-06,1.76688122494342e-06,1.76688122494342e-06,1.76688122494342e-06,1.76688122494342e-06,1.76688122494342e-06,1.76688122494342e-06,1.76688122494342e-06,1.76688122494342e-06,1.76688122494342e-06,1.76688122494342e-06
0.00297012733912988,0.00291712090238158,0.00289945209013215,0.00288178327788271,0.00293478971463101,0.00295245852688045,0.00288178327788271,0.00281110802888497,0.00286411446563328,0.00279343921663554,0.00293478971463101,0.00281110802888497,0.00297012733912988,0.00282877684113441,0.00300546496362875,0.00279343921663554,0.0026167510941412,0.00270509515538837,0.00312914664937479,0.00258141346964233,0.00231638128590082,0.00268742634313893,0.00265208871864007,0.000107779754721548,1.76688122494342e-06,1.76688122494342e-06,1.76688122494342e-06,1.76688122494342e-06,1.76688122494342e-06,1.76688122494342e-06,1.76688122494342e-06,1.76688122494342e-06,1.76688122494342e-06,1.76688122494342e-06,1.76688122494342e-06,1.76688122494342e-06,1.76688122494342e-06,1.76688122494342e-06,1.76688122494342e-06,1.76688122494342e-06
0.00252840703289403,0.0025637446573929,0.00258141346964233,0.00263441990639063,0.00259908228189176,0.00258141346964233,0.00265208871864007,0.0027227639676378,0.00270509515538837,0.00265208871864007,0.00252840703289403,0.00259908228189176,0.0026697575308895,0.00295245852688045,0.00252840703289403,0.00279343921663554,0.00277577040438611,0.00270509515538837,0.00258141346964233,0.00295245852688045,0.00300546496362875,0.00275810159213667,0.0025637446573929,0.00028446787721589,1.76688122494342e-06,1.76688122494342e-06,1.76688122494342e-06,1.76688122494342e-06,1.76688122494342e-06,1.76688122494342e-06,1.76688122494342e-06,1.76688122494342e-06,1.76688122494342e-06,1.76688122494342e-06,1.76688122494342e-06,1.76688122494342e-06,1.76688122494342e-06,1.76688122494342e-06,1.76688122494342e-06,1.76688122494342e-06
0.00302313377587818,0.00302313377587818,0.00300546496362875,0.00295245852688045,0.00298779615137932,0.00288178327788271,0.00291712090238158,0.00268742634313893,0.00270509515538837,0.00291712090238158,0.00297012733912988,0.00284644565338384,0.00275810159213667,0.00295245852688045,0.00244006297164686,0.00286411446563328,0.00277577040438611,0.0026167510941412,0.00221036841240421,0.00323515952287139,0.0027227639676378,0.00286411446563328,0.00249306940839516,0.0004964936242091,1.76688122494342e-06,1.76688122494342e-06,1.76688122494342e-06,1.76688122494342e-06,1.76688122494342e-06,1.76688122494342e-06,1.76688122494342e-06,1.76688122494342e-06,1.76688122494342e-06,1.76688122494342e-06,1.76688122494342e-06,1.76688122494342e-06,1.76688122494342e-06,1.76688122494342e-06,1.76688122494342e-06,1.76688122494342e-06
0.00304080258812762,0.00304080258812762,0.00300546496362875,0.00307614021262649,0.00307614021262649,0.00314681546162422,0.00307614021262649,0.00327049714737026,0.00312914664937479,0.00288178327788271,0.0027227639676378,0.00295245852688045,0.00284644565338384,0.00282877684113441,0.00309380902487592,0.00291712090238158,0.00298779615137932,0.0032881659596197,0.00293478971463101,0.00297012733912988,0.00258141346964233,0.00263441990639063,0.0025637446573929,0.000814532244698915,1.76688122494342e-06,1.76688122494342e-06,1.76688122494342e-06,1.76688122494342e-06,1.76688122494342e-06,1.76688122494342e-06,1.76688122494342e-06,1.76688122494342e-06,1.76688122494342e-06,1.76688122494342e-06,1.76688122494342e-06,1.76688122494342e-06,1.76688122494342e-06,1.76688122494342e-06,1.76688122494342e-06,1.76688122494342e-06
0.00288178327788271,0.00288178327788271,0.00286411446563328,0.00282877684113441,0.00279343921663554,0.00279343921663554,0.00288178327788271,0.00279343921663554,0.00289945209013215,0.00295245852688045,0.00295245852688045,0.00281110802888497,0.00307614021262649,0.00291712090238158,0.00318215308612309,0.00247540059614573,0.00288178327788271,0.00319982189837253,0.00312914664937479,0.00270509515538837,0.00236938772264912,0.00302313377587818,0.0027227639676378,0.000849869869197783,1.76688122494342e-06,1.76688122494342e-06,1.76688122494342e-06,1.76688122494342e-06,1.76688122494342e-06,1.76688122494342e-06,1.76688122494342e-06,1.76688122494342e-06,1.76688122494342e-06,1.76688122494342e-06,1.76688122494342e-06,1.76688122494342e-06,1.76688122494342e-06,1.76688122494342e-06,1.76688122494342e-06,1.76688122494342e-06
0.0027227639676378,0.0027227639676378,0.0027227639676378,0.00279343921663554,0.00282877684113441,0.00284644565338384,0.00286411446563328,0.00298779615137932,0.00300546496362875,0.00302313377587818,0.00323515952287139,0.00321749071062196,0.00312914664937479,0.00297012733912988,0.00311147783712535,0.00305847140037705,0.0033941788331163,0.00302313377587818,0.00298779615137932,0.00291712090238158,0.00297012733912988,0.00281110802888497,0.00297012733912988,0.00102655799169212,1.76688122494342e-06,1.76688122494342e-06,1.76688122494342e-06,1.76688122494342e-06,1.76688122494342e-06,1.76688122494342e-06,1.76688122494342e-06,1.76688122494342e-06,1.76688122494342e-06,1.76688122494342e-06,1.76688122494342e-06,1.76688122494342e-06,1.76688122494342e-06,1.76688122494342e-06,1.76688122494342e-06,1.76688122494342e-06
0.00309380902487592,0.00307614021262649,0.00309380902487592,0.00302313377587818,0.00295245852688045,0.00289945209013215,0.00286411446563328,0.00281110802888497,0.00282877684113441,0.00289945209013215,0.00263441990639063,0.00259908228189176,0.00289945209013215,0.00332350358411856,0.00314681546162422,0.00330583477186913,0.00309380902487592,0.00281110802888497,0.00289945209013215,0.00263441990639063,0.0027227639676378,0.00247540059614573,0.00330583477186913,0.00136226542443137,1.76688122494342e-06,1.76688122494342e-06,1.76688122494342e-06,1.76688122494342e-06,1.76688122494342e-06,1.76688122494342e-06,1.76688122494342e-06,1.76688122494342e-06,1.76688122494342e-06,1.76688122494342e-06,1.76688122494342e-06,1.76688122494342e-06,1.76688122494342e-06,1.76688122494342e-06,1.76688122494342e-06,1.76688122494342e-06
0.00316448427387366,0.00319982189837253,0.00323515952287139,0.00321749071062196,0.00330583477186913,0.0032881659596197,0.00318215308612309,0.00318215308612309,0.00318215308612309,0.00312914664937479,0.00335884120861743,0.00325282833512083,0.00302313377587818,0.00300546496362875,0.00305847140037705,0.00318215308612309,0.00286411446563328,0.00319982189837253,0.00332350358411856,0.00291712090238158,0.0027227639676378,0.00258141346964233,0.0026697575308895,0.0018923297919144,1.76688122494342e-06,1.76688122494342e-06,1.76688122494342e-06,1.76688122494342e-06,1.76688122494342e-06,1.76688122494342e-06,1.76688122494342e-06,1.76688122494342e-06,1.76688122494342e-06,1.76688122494342e-06,1.76688122494342e-06,1.76688122494342e-06,1.76688122494342e-06,1.76688122494342e-06,1.76688122494342e-06,1.76688122494342e-06
0.00318215308612309,0.00318215308612309,0.00318215308612309,0.00323515952287139,0.00323515952287139,0.00321749071062196,0.00335884120861743,0.00337651002086687,0.003341172396368,0.00332350358411856,0.00321749071062196,0.00342951645761517,0.00318215308612309,0.00286411446563328,0.00325282833512083,0.00355319814336121,0.00282877684113441,0.00346485408211404,0.00309380902487592,0.00305847140037705,0.00307614021262649,0.00277577040438611,0.00323515952287139,0.00212202435115704,1.76688122494342e-06,1.76688122494342e-06,1.76688122494342e-06,1.76688122494342e-06,1.76688122494342e-06,1.76688122494342e-06,1.76688122494342e-06,1.76688122494342e-06,1.76688122494342e-06,1.76688122494342e-06,1.76688122494342e-06,1.76688122494342e-06,1.76688122494342e-06,1.76688122494342e-06,1.76688122494342e-06,1.76688122494342e-06
0.00367687982910725,0.00362387339235895,0.00364154220460838,0.00364154220460838,0.00362387339235895,0.00358853576786008,0.00350019170661291,0.00332350358411856,0.00335884120861743,0.00330583477186913,0.003341172396368,0.00323515952287139,0.00327049714737026,0.00325282833512083,0.00288178327788271,0.0033941788331163,0.003341172396368,0.00314681546162422,0.00330583477186913,0.00297012733912988,0.00323515952287139,0.00323515952287139,0.00305847140037705,0.00190999860416383,1.76688122494342e-06,1.76688122494342e-06,1.76688122494342e-06,1.76688122494342e-06,1.76688122494342e-06,1.76688122494342e-06,1.76688122494342e-06,1.76688122494342e-06,1.76688122494342e-06,1.76688122494342e-06,1.76688122494342e-06,1.76688122494342e-06,1.76688122494342e-06,1.76688122494342e-06,1.76688122494342e-06,1.76688122494342e-06
0.00341184764536574,0.00342951645761517,0.00335884120861743,0.00335884120861743,0.00332350358411856,0.00348252289436347,0.00353552933111177,0.00369454864135668,0.00350019170661291,0.00351786051886234,0.00360620458010951,0.00351786051886234,0.00353552933111177,0.00355319814336121,0.00297012733912988,0.00297012733912988,0.003341172396368,0.00293478971463101,0.0033941788331163,0.00323515952287139,0.00300546496362875,0.00282877684113441,0.0025637446573929,0.00263441990639063,1.76688122494342e-06,1.76688122494342e-06,1.76688122494342e-06,1.76688122494342e-06,1.76688122494342e-06,1.76688122494342e-06,1.76688122494342e-06,1.76688122494342e-06,1.76688122494342e-06,1.76688122494342e-06,1.76688122494342e-06,1.76688122494342e-06,1.76688122494342e-06,1.76688122494342e-06,1.76688122494342e-06,1.76688122494342e-06
0.00332350358411856,0.00330583477186913,0.00327049714737026,0.00323515952287139,0.00327049714737026,0.00321749071062196,0.0032881659596197,0.00325282833512083,0.00332350358411856,0.00335884120861743,0.00323515952287139,0.00318215308612309,0.0034471852698646,0.00348252289436347,0.00360620458010951,0.00277577040438611,0.00316448427387366,0.00330583477186913,0.00325282833512083,0.00309380902487592,0.00335884120861743,0.00312914664937479,0.00304080258812762,0.0026697575308895,1.94356934743776e-05,1.76688122494342e-06,1.76688122494342e-06,1.76688122494342e-06,1.76688122494342e-06,1.76688122494342e-06,1.76688122494342e-06,1.76688122494342e-06,1.76688122494342e-06,1.76688122494342e-06,1.76688122494342e-06,1.76688122494342e-06,1.76688122494342e-06,1.76688122494342e-06,1.76688122494342e-06,1.76688122494342e-06
0.00353552933111177,0.00357086695561064,0.00360620458010951,0.00364154220460838,0.00360620458010951,0.00362387339235895,0.00346485408211404,0.00348252289436347,0.00360620458010951,0.00378289270260385,0.00371221745360612,0.00358853576786008,0.00360620458010951,0.0033941788331163,0.00353552933111177,0.00367687982910725,0.00362387339235895,0.00316448427387366,0.00367687982910725,0.00346485408211404,0.00327049714737026,0.00332350358411856,0.00295245852688045,0.00304080258812762,5.47733179732459e-05,1.76688122494342e-06,1.76688122494342e-06,1.76688122494342e-06,1.76688122494342e-06,1.76688122494342e-06,1.76688122494342e-06,1.76688122494342e-06,1.76688122494342e-06,1.76688122494342e-06,1.76688122494342e-06,1.76688122494342e-06,1.76688122494342e-06,1.76688122494342e-06,1.76688122494342e-06,1.76688122494342e-06
0.00353552933111177,0.00351786051886234,0.00357086695561064,0.00350019170661291,0.00355319814336121,0.00362387339235895,0.00367687982910725,0.00364154220460838,0.00365921101685781,0.00357086695561064,0.00360620458010951,0.00364154220460838,0.00381823032710272,0.00374755507810498,0.00364154220460838,0.0034471852698646,0.003341172396368,0.00350019170661291,0.00332350358411856,0.003341172396368,0.00357086695561064,0.00304080258812762,0.00358853576786008,0.00342951645761517,1.94356934743776e-05,1.76688122494342e-06,1.76688122494342e-06,1.76688122494342e-06,1.76688122494342e-06,1.76688122494342e-06,1.76688122494342e-06,1.76688122494342e-06,1.76688122494342e-06,1.76688122494342e-06,1.76688122494342e-06,1.76688122494342e-06,1.76688122494342e-06,1.76688122494342e-06,1.76688122494342e-06,1.76688122494342e-06
0.00387123676385102,0.00387123676385102,0.00388890557610046,0.00394191201284876,0.00388890557610046,0.00374755507810498,0.00371221745360612,0.00371221745360612,0.00371221745360612,0.00358853576786008,0.00381823032710272,0.00392424320059933,0.00378289270260385,0.00424228182108914,0.00376522389035442,0.00418927538434084,0.00341184764536574,0.00323515952287139,0.00325282833512083,0.00374755507810498,0.00350019170661291,0.00381823032710272,0.00342951645761517,0.00335884120861743,7.244213022268e-05,1.76688122494342e-06,1.76688122494342e-06,1.76688122494342e-06,1.76688122494342e-06,1.76688122494342e-06,1.76688122494342e-06,1.76688122494342e-06,1.76688122494342e-06,1.76688122494342e-06,1.76688122494342e-06,1.76688122494342e-06,1.76688122494342e-06,1.76688122494342e-06,1.76688122494342e-06,1.76688122494342e-06
0.00351786051886234,0.00353552933111177,0.00357086695561064,0.00357086695561064,0.00353552933111177,0.00358853576786008,0.00353552933111177,0.00358853576786008,0.00353552933111177,0.00362387339235895,0.00355319814336121,0.00372988626585555,0.00358853576786008,0.00335884120861743,0.00425995063333857,0.00353552933111177,0.00378289270260385,0.0034471852698646,0.00362387339235895,0.00378289270260385,0.00348252289436347,0.00330583477186913,0.00353552933111177,0.00298779615137932,0.000337474313964192,1.76688122494342e-06,1.76688122494342e-06,1.76688122494342e-06,1.76688122494342e-06,1.76688122494342e-06,1.76688122494342e-06,1.76688122494342e-06,1.76688122494342e-06,1.76688122494342e-06,1.76688122494342e-06,1.76688122494342e-06,1.76688122494342e-06,1.76688122494342e-06,1.76688122494342e-06,1.76688122494342e-06
0.00378289270260385,0.00372988626585555,0.00364154220460838,0.00351786051886234,0.00364154220460838,0.00367687982910725,0.00381823032710272,0.00376522389035442,0.00376522389035442,0.00365921101685781,0.00355319814336121,0.00367687982910725,0.00403025607409593,0.00390657438834989,0.00394191201284876,0.00408326251084423,0.00385356795160159,0.00390657438834989,0.00388890557610046,0.00390657438834989,0.00319982189837253,0.00342951645761517,0.00357086695561064,0.00327049714737026,0.000355143126213627,1.76688122494342e-06,1.76688122494342e-06,1.76688122494342e-06,1.76688122494342e-06,1.76688122494342e-06,1.76688122494342e-06,1.76688122494342e-06,1.76688122494342e-06,1.76688122494342e-06,1.76688122494342e-06,1.76688122494342e-06,1.76688122494342e-06,1.76688122494342e-06,1.76688122494342e-06,1.76688122494342e-06
0.00425995063333857,0.00431295707008688,0.00433062588233631,0.00438363231908461,0.00431295707008688,0.00431295707008688,0.00418927538434084,0.00422461300883971,0.00410093132309367,0.00425995063333857,0.00403025607409593,0.00390657438834989,0.00372988626585555,0.00394191201284876,0.00399491844959706,0.0041186001353431,0.0041716065720914,0.00397724963734763,0.00381823032710272,0.00394191201284876,0.003341172396368,0.00358853576786008,0.00383589913935216,0.00350019170661291,0.000673181746703441,1.76688122494342e-06,1.76688122494342e-06,1.76688122494342e-06,1.76688122494342e-06,1.76688122494342e-06,1.76688122494342e-06,1.76688122494342e-06,1.76688122494342e-06,1.76688122494342e-06,1.76688122494342e-06,1.76688122494342e-06,1.76688122494342e-06,1.76688122494342e-06,1.76688122494342e-06,1.76688122494342e-06
0.00372988626585555,0.00374755507810498,0.00372988626585555,0.00374755507810498,0.00378289270260385,0.00369454864135668,0.00372988626585555,0.00383589913935216,0.0040655936985948,0.00392424320059933,0.00420694419659027,0.00425995063333857,0.0041186001353431,0.00422461300883971,0.00395958082509819,0.00425995063333857,0.0047370085640733,0.00394191201284876,0.00319982189837253,0.00385356795160159,0.00383589913935216,0.00383589913935216,0.00394191201284876,0.00372988626585555,0.000955882742694388,1.76688122494342e-06,1.76688122494342e-06,1.76688122494342e-06,1.76688122494342e-06,1.76688122494342e-06,1.76688122494342e-06,1.76688122494342e-06,1.76688122494342e-06,1.76688122494342e-06,1.76688122494342e-06,1.76688122494342e-06,1.76688122494342e-06,1.76688122494342e-06,1.76688122494342e-06,1.76688122494342e-06
0.00362387339235895,0.00360620458010951,0.00364154220460838,0.00365921101685781,0.00364154220460838,0.00365921101685781,0.00367687982910725,0.00357086695561064,0.00364154220460838,0.00380056151485329,0.00378289270260385,0.00376522389035442,0.00404792488634536,0.00418927538434084,0.0041186001353431,0.00404792488634536,0.00436596350683518,0.00464866450282613,0.00395958082509819,0.00350019170661291,0.00381823032710272,0.00394191201284876,0.00309380902487592,0.00309380902487592,0.00143294067342911,1.76688122494342e-06,1.76688122494342e-06,1.76688122494342e-06,1.76688122494342e-06,1.76688122494342e-06,1.76688122494342e-06,1.76688122494342e-06,1.76688122494342e-06,1.76688122494342e-06,1.76688122494342e-06,1.76688122494342e-06,1.76688122494342e-06,1.76688122494342e-06,1.76688122494342e-06,1.76688122494342e-06
0.00392424320059933,0.00390657438834989,0.00388890557610046,0.00392424320059933,0.00390657438834989,0.00390657438834989,0.0040125872618465,0.00408326251084423,0.00399491844959706,0.00390657438834989,0.0040125872618465,0.0041716065720914,0.00380056151485329,0.00390657438834989,0.00374755507810498,0.00452498281708009,0.00434829469458575,0.00461332687832726,0.00397724963734763,0.00420694419659027,0.00394191201284876,0.00380056151485329,0.00353552933111177,0.00448964519258122,0.00205134910215931,1.76688122494342e-06,1.76688122494342e-06,1.76688122494342e-06,1.76688122494342e-06,1.76688122494342e-06,1.76688122494342e-06,1.76688122494342e-06,1.76688122494342e-06,1.76688122494342e-06,1.76688122494342e-06,1.76688122494342e-06,1.76688122494342e-06,1.76688122494342e-06,1.76688122494342e-06,1.76688122494342e-06
0.00438363231908461,0.00436596350683518,0.00434829469458575,0.00434829469458575,0.00433062588233631,0.00434829469458575,0.00422461300883971,0.00422461300883971,0.00418927538434084,0.00420694419659027,0.0041716065720914,0.00410093132309367,0.00415393775984197,0.0040125872618465,0.00418927538434084,0.00420694419659027,0.00448964519258122,0.00450731400483065,0.0040655936985948,0.00403025607409593,0.00436596350683518,0.00369454864135668,0.00403025607409593,0.00431295707008688,0.00231638128590082,1.94356934743776e-05,1.76688122494342e-06,1.76688122494342e-06,1.76688122494342e-06,1.76688122494342e-06,1.76688122494342e-06,1.76688122494342e-06,1.76688122494342e-06,1.76688122494342e-06,1.76688122494342e-06,1.76688122494342e-06,1.76688122494342e-06,1.76688122494342e-06,1.76688122494342e-06,1.76688122494342e-06
0.00440130113133405,0.00441896994358348,0.00445430756808235,0.00441896994358348,0.00443663875583292,0.00445430756808235,0.00443663875583292,0.00427761944558801,0.00425995063333857,0.00420694419659027,0.00415393775984197,0.00394191201284876,0.00392424320059933,0.00388890557610046,0.00431295707008688,0.00445430756808235,0.00480768381307103,0.00498437193556538,0.00509038480906198,0.00397724963734763,0.00445430756808235,0.00429528825783744,0.00383589913935216,0.00403025607409593,0.00268742634313893,1.94356934743776e-05,1.76688122494342e-06,1.76688122494342e-06,1.76688122494342e-06,1.76688122494342e-06,1.76688122494342e-06,1.76688122494342e-06,1.76688122494342e-06,1.76688122494342e-06,1.76688122494342e-06,1.76688122494342e-06,1.76688122494342e-06,1.76688122494342e-06,1.76688122494342e-06,1.76688122494342e-06
0.00443663875583292,0.00440130113133405,0.00440130113133405,0.00440130113133405,0.00443663875583292,0.00434829469458575,0.00445430756808235,0.00454265162932952,0.00452498281708009,0.00445430756808235,0.00434829469458575,0.00443663875583292,0.00440130113133405,0.00429528825783744,0.00418927538434084,0.00429528825783744,0.00425995063333857,0.00501970956006424,0.00486069024981934,0.00464866450282613,0.00470167093957443,0.0041716065720914,0.00425995063333857,0.00365921101685781,0.003341172396368,1.76688122494342e-06,1.76688122494342e-06,1.76688122494342e-06,1.76688122494342e-06,1.76688122494342e-06,1.76688122494342e-06,1.76688122494342e-06,1.76688122494342e-06,1.76688122494342e-06,1.76688122494342e-06,1.76688122494342e-06,1.76688122494342e-06,1.76688122494342e-06,1.76688122494342e-06,1.76688122494342e-06
0.00454265162932952,0.00456032044157896,0.00450731400483065,0.00456032044157896,0.00448964519258122,0.00461332687832726,0.00454265162932952,0.00454265162932952,0.00441896994358348,0.00461332687832726,0.00468400212732499,0.00456032044157896,0.00470167093957443,0.00441896994358348,0.00429528825783744,0.00395958082509819,0.00433062588233631,0.00429528825783744,0.00503737837231368,0.00420694419659027,0.00441896994358348,0.0041186001353431,0.00461332687832726,0.00418927538434084,0.00369454864135668,5.47733179732459e-05,1.76688122494342e-06,1.76688122494342e-06,1.76688122494342e-06,1.76688122494342e-06,1.76688122494342e-06,1.76688122494342e-06,1.76688122494342e-06,1.76688122494342e-06,1.76688122494342e-06,1.76688122494342e-06,1.76688122494342e-06,1.76688122494342e-06,1.76688122494342e-06,1.76688122494342e-06
0.00491369668656764,0.00494903431106651,0.00500204074781481,0.00498437193556538,0.00500204074781481,0.00498437193556538,0.00505504718456311,0.00496670312331594,0.00486069024981934,0.00482535262532047,0.00493136549881707,0.00475467737632273,0.00463099569057669,0.00480768381307103,0.00441896994358348,0.00413626894759254,0.00418927538434084,0.00487835906206877,0.00569112442554274,0.00466633331507556,0.00461332687832726,0.00448964519258122,0.00454265162932952,0.00452498281708009,0.00408326251084423,0.000107779754721548,1.76688122494342e-06,1.76688122494342e-06,1.76688122494342e-06,1.76688122494342e-06,1.76688122494342e-06,1.76688122494342e-06,1.76688122494342e-06,1.76688122494342e-06,1.76688122494342e-06,1.76688122494342e-06,1.76688122494342e-06,1.76688122494342e-06,1.76688122494342e-06,1.76688122494342e-06
0.00496670312331594,0.00496670312331594,0.00496670312331594,0.00494903431106651,0.00493136549881707,0.00496670312331594,0.00487835906206877,0.00494903431106651,0.00519639768255859,0.00516106005805972,0.00500204074781481,0.00493136549881707,0.00496670312331594,0.00493136549881707,0.00516106005805972,0.00482535262532047,0.00436596350683518,0.00500204074781481,0.00512572243356085,0.00498437193556538,0.00542609224180123,0.0047900150008216,0.00415393775984197,0.00454265162932952,0.00463099569057669,0.000143117379220417,1.76688122494342e-06,1.76688122494342e-06,1.76688122494342e-06,1.76688122494342e-06,1.76688122494342e-06,1.76688122494342e-06,1.76688122494342e-06,1.76688122494342e-06,1.76688122494342e-06,1.76688122494342e-06,1.76688122494342e-06,1.76688122494342e-06,1.76688122494342e-06,1.76688122494342e-06
0.00523173530705745,0.00524940411930689,0.00523173530705745,0.00528474174380576,0.00533774818055406,0.00526707293155632,0.00535541699280349,0.0054084234295518,0.00528474174380576,0.00503737837231368,0.00507271599681255,0.00537308580505293,0.0054614298663001,0.00542609224180123,0.00521406649480802,0.00464866450282613,0.00441896994358348,0.00486069024981934,0.00542609224180123,0.00539075461730236,0.00440130113133405,0.00507271599681255,0.00440130113133405,0.00448964519258122,0.00447197638033179,0.000372811938463061,1.76688122494342e-06,1.76688122494342e-06,1.76688122494342e-06,1.76688122494342e-06,1.76688122494342e-06,1.76688122494342e-06,1.76688122494342e-06,1.76688122494342e-06,1.76688122494342e-06,1.76688122494342e-06,1.76688122494342e-06,1.76688122494342e-06,1.76688122494342e-06,1.76688122494342e-06
0.00507271599681255,0.00505504718456311,0.00509038480906198,0.00509038480906198,0.00500204074781481,0.00507271599681255,0.00489602787431821,0.00496670312331594,0.00503737837231368,0.00528474174380576,0.00526707293155632,0.00507271599681255,0.00509038480906198,0.00535541699280349,0.00519639768255859,0.00558511155204614,0.00560278036429557,0.00448964519258122,0.00526707293155632,0.00588548136028652,0.00507271599681255,0.00477234618857217,0.00486069024981934,0.00482535262532047,0.00466633331507556,0.000602506497705705,1.76688122494342e-06,1.76688122494342e-06,1.76688122494342e-06,1.76688122494342e-06,1.76688122494342e-06,1.76688122494342e-06,1.76688122494342e-06,1.76688122494342e-06,1.76688122494342e-06,1.76688122494342e-06,1.76688122494342e-06,1.76688122494342e-06,1.76688122494342e-06,1.76688122494342e-06
0.00463099569057669,0.00459565806607782,0.00457798925382839,0.00448964519258122,0.00456032044157896,0.00457798925382839,0.00477234618857217,0.00470167093957443,0.00475467737632273,0.00498437193556538,0.00523173530705745,0.00553210511529783,0.00512572243356085,0.00528474174380576,0.00602683185828199,0.00553210511529783,0.00542609224180123,0.0047370085640733,0.00503737837231368,0.00622118879302577,0.00524940411930689,0.00489602787431821,0.00530241055605519,0.0048430214375699,0.00496670312331594,0.00123858373868533,1.76688122494342e-06,1.76688122494342e-06,1.76688122494342e-06,1.76688122494342e-06,1.76688122494342e-06,1.76688122494342e-06,1.76688122494342e-06,1.76688122494342e-06,1.76688122494342e-06,1.76688122494342e-06,1.76688122494342e-06,1.76688122494342e-06,1.76688122494342e-06,1.76688122494342e-06
0.00523173530705745,0.00526707293155632,0.00524940411930689,0.00530241055605519,0.00526707293155632,0.00516106005805972,0.00514339124581028,0.00498437193556538,0.00496670312331594,0.00486069024981934,0.00463099569057669,0.00466633331507556,0.00532007936830462,0.00514339124581028,0.0048430214375699,0.00562044917654501,0.00537308580505293,0.00524940411930689,0.00528474174380576,0.00638020810327067,0.00569112442554274,0.00553210511529783,0.00609750710727973,0.00500204074781481,0.00521406649480802,0.00198067385316157,1.76688122494342e-06,1.76688122494342e-06,1.76688122494342e-06,1.76688122494342e-06,1.76688122494342e-06,1.76688122494342e-06,1.76688122494342e-06,1.76688122494342e-06,1.76688122494342e-06,1.76688122494342e-06,1.76688122494342e-06,1.76688122494342e-06,1.76688122494342e-06,1.76688122494342e-06
0.0055144363030484,0.0055144363030484,0.00542609224180123,0.00544376105405066,0.00547909867854953,0.00560278036429557,0.00553210511529783,0.00570879323779218,0.00576179967454048,0.00563811798879444,0.0054614298663001,0.00537308580505293,0.00516106005805972,0.00537308580505293,0.00563811798879444,0.00563811798879444,0.00572646205004161,0.0054084234295518,0.00547909867854953,0.00585014373578765,0.00565578680104387,0.00565578680104387,0.00516106005805972,0.00487835906206877,0.00480768381307103,0.0026167510941412,1.76688122494342e-06,1.76688122494342e-06,1.76688122494342e-06,1.76688122494342e-06,1.76688122494342e-06,1.76688122494342e-06,1.76688122494342e-06,1.76688122494342e-06,1.76688122494342e-06,1.76688122494342e-06,1.76688122494342e-06,1.76688122494342e-06,1.76688122494342e-06,1.76688122494342e-06
0.00606216948278086,0.00607983829503029,0.0061328447317786,0.00611517591952916,0.0061328447317786,0.00607983829503029,0.00611517591952916,0.00604450067053143,0.00581480611128878,0.00570879323779218,0.00565578680104387,0.00577946848678991,0.00570879323779218,0.00544376105405066,0.00519639768255859,0.00572646205004161,0.00609750710727973,0.00675125316050879,0.0055674427397967,0.00554977392754727,0.00606216948278086,0.00590315017253595,0.00496670312331594,0.0054614298663001,0.0055144363030484,0.00350019170661291,1.76688122494342e-06,1.76688122494342e-06,1.76688122494342e-06,1.76688122494342e-06,1.76688122494342e-06,1.76688122494342e-06,1.76688122494342e-06,1.76688122494342e-06,1.76688122494342e-06,1.76688122494342e-06,1.76688122494342e-06,1.76688122494342e-06,1.76688122494342e-06,1.76688122494342e-06
0.00653922741351558,0.00650388978901671,0.00650388978901671,0.00653922741351558,0.00643321454001898,0.00636253929102124,0.00641554572776954,0.00646855216451784,0.00653922741351558,0.00660990266251332,0.00659223385026388,0.00655689622576502,0.0061858511685269,0.00597382542153369,0.00597382542153369,0.00547909867854953,0.00562044917654501,0.00570879323779218,0.00590315017253595,0.00625652641752463,0.00650388978901671,0.00581480611128878,0.00549676749079897,0.00563811798879444,0.00544376105405066,0.00413626894759254,3.71045057238117e-05,1.76688122494342e-06,1.76688122494342e-06,1.76688122494342e-06,1.76688122494342e-06,1.76688122494342e-06,1.76688122494342e-06,1.76688122494342e-06,1.76688122494342e-06,1.76688122494342e-06,1.76688122494342e-06,1.76688122494342e-06,1.76688122494342e-06,1.76688122494342e-06
0.0062918640420235,0.00627419522977407,0.00630953285427294,0.00630953285427294,0.00636253929102124,0.00641554572776954,0.00636253929102124,0.00634487047877181,0.00641554572776954,0.00646855216451784,0.00676892197275823,0.00655689622576502,0.00653922741351558,0.00634487047877181,0.00622118879302577,0.00660990266251332,0.00586781254803708,0.00562044917654501,0.00615051354402803,0.00574413086229104,0.00705162296874917,0.00579713729903935,0.00597382542153369,0.0062918640420235,0.00599149423378312,0.00509038480906198,7.244213022268e-05,1.76688122494342e-06,1.76688122494342e-06,1.76688122494342e-06,1.76688122494342e-06,1.76688122494342e-06,1.76688122494342e-06,1.76688122494342e-06,1.76688122494342e-06,1.76688122494342e-06,1.76688122494342e-06,1.76688122494342e-06,1.76688122494342e-06,1.76688122494342e-06
0.00655689622576502,0.00659223385026388,0.00660990266251332,0.00653922741351558,0.00655689622576502,0.00653922741351558,0.00657456503801445,0.00653922741351558,0.00652155860126615,0.00653922741351558,0.00638020810327067,0.00659223385026388,0.00664524028701219,0.00694561009525257,0.00673358434825936,0.00611517591952916,0.00660990266251332,0.00671591553600992,0.00590315017253595,0.00653922741351558,0.00687493484625483,0.00648622097676728,0.00579713729903935,0.00597382542153369,0.00646855216451784,0.0054084234295518,0.00028446787721589,1.76688122494342e-06,1.76688122494342e-06,1.76688122494342e-06,1.76688122494342e-06,1.76688122494342e-06,1.76688122494342e-06,1.76688122494342e-06,1.76688122494342e-06,1.76688122494342e-06,1.76688122494342e-06,1.76688122494342e-06,1.76688122494342e-06,1.76688122494342e-06
0.00715763584224578,0.00717530465449521,0.00715763584224578,0.00715763584224578,0.00721064227899408,0.00721064227899408,0.00721064227899408,0.00728131752799182,0.00722831109124351,0.00712229821774691,0.00719297346674465,0.00678659078500766,0.00708696059324804,0.006963278907502,0.00662757147476275,0.0062388576052752,0.00673358434825936,0.00638020810327067,0.00682192840950653,0.00599149423378312,0.00736966158923899,0.00751101208723446,0.00682192840950653,0.00722831109124351,0.00606216948278086,0.00583247492353822,0.000390480750712495,1.76688122494342e-06,1.76688122494342e-06,1.76688122494342e-06,1.76688122494342e-06,1.76688122494342e-06,1.76688122494342e-06,1.76688122494342e-06,1.76688122494342e-06,1.76688122494342e-06,1.76688122494342e-06,1.76688122494342e-06,1.76688122494342e-06,1.76688122494342e-06
0.00664524028701219,0.00662757147476275,0.00662757147476275,0.00668057791151106,0.00660990266251332,0.00664524028701219,0.00659223385026388,0.00659223385026388,0.00666290909926162,0.00666290909926162,0.00648622097676728,0.00706929178099861,0.00706929178099861,0.00703395415649974,0.0075816873362322,0.00775837545872654,0.00652155860126615,0.00721064227899408,0.00706929178099861,0.00673358434825936,0.00735199277698955,0.0076877002097288,0.00692794128300313,0.00634487047877181,0.00668057791151106,0.00600916304603256,0.00106189561619099,1.76688122494342e-06,1.76688122494342e-06,1.76688122494342e-06,1.76688122494342e-06,1.76688122494342e-06,1.76688122494342e-06,1.76688122494342e-06,1.76688122494342e-06,1.76688122494342e-06,1.76688122494342e-06,1.76688122494342e-06,1.76688122494342e-06,1.76688122494342e-06
0.0069102724707537,0.00692794128300313,0.006963278907502,0.00694561009525257,0.00692794128300313,0.0068572660340054,0.00692794128300313,0.00683959722175596,0.0069102724707537,0.00692794128300313,0.00735199277698955,0.0070162853442503,0.0070162853442503,0.00740499921373786,0.00759935614848163,0.00761702496073107,0.00793506358122088,0.0070162853442503,0.00689260365850426,0.00770536902197824,0.00726364871574238,0.00811175170371522,0.00728131752799182,0.00706929178099861,0.00675125316050879,0.00653922741351558,0.00171564166942006,1.94356934743776e-05,1.76688122494342e-06,1.76688122494342e-06,1.76688122494342e-06,1.76688122494342e-06,1.76688122494342e-06,1.76688122494342e-06,1.76688122494342e-06,1.76688122494342e-06,1.76688122494342e-06,1.76688122494342e-06,1.76688122494342e-06,1.76688122494342e-06
0.00786438833222314,0.00781138189547484,0.0077407066464771,0.0076877002097288,0.0076877002097288,0.00775837545872654,0.00770536902197824,0.00767003139747937,0.00770536902197824,0.00784671951997371,0.00775837545872654,0.00765236258522993,0.00793506358122088,0.00759935614848163,0.00767003139747937,0.00805874526696692,0.0082531022017107,0.00770536902197824,0.00738733040148842,0.00675125316050879,0.00657456503801445,0.00867715369569711,0.00804107645471749,0.00731665515249068,0.0070162853442503,0.00740499921373786,0.00254607584514346,1.76688122494342e-06,1.76688122494342e-06,1.76688122494342e-06,1.76688122494342e-06,1.76688122494342e-06,1.76688122494342e-06,1.76688122494342e-06,1.76688122494342e-06,1.76688122494342e-06,1.76688122494342e-06,1.76688122494342e-06,1.76688122494342e-06,1.76688122494342e-06
0.00789972595672201,0.00793506358122088,0.00795273239347031,0.00793506358122088,0.00802340764246805,0.00804107645471749,0.00804107645471749,0.00811175170371522,0.00795273239347031,0.00786438833222314,0.00781138189547484,0.00784671951997371,0.00779371308322541,0.00807641407921635,0.00767003139747937,0.00795273239347031,0.00818242695271296,0.00839445269970617,0.00807641407921635,0.00855347200995108,0.00692794128300313,0.00871249132019598,0.00779371308322541,0.00740499921373786,0.00740499921373786,0.00745800565048616,0.00376522389035442,1.76688122494342e-06,1.76688122494342e-06,1.76688122494342e-06,1.76688122494342e-06,1.76688122494342e-06,1.76688122494342e-06,1.76688122494342e-06,1.76688122494342e-06,1.76688122494342e-06,1.76688122494342e-06,1.76688122494342e-06,1.76688122494342e-06,1.76688122494342e-06
0.00809408289146579,0.00807641407921635,0.00809408289146579,0.00814708932821409,0.00811175170371522,0.00811175170371522,0.00818242695271296,0.00821776457721183,0.00839445269970617,0.00844745913645447,0.00820009576496239,0.00848279676095334,0.00805874526696692,0.00811175170371522,0.00832377745070843,0.00839445269970617,0.00857114082220051,0.00865948488344768,0.00850046557320277,0.00797040120571975,0.00876549775694429,0.00823543338946126,0.00938390618567448,0.0076877002097288,0.0084121215119556,0.00789972595672201,0.0062918640420235,3.71045057238117e-05,1.76688122494342e-06,1.76688122494342e-06,1.76688122494342e-06,1.76688122494342e-06,1.76688122494342e-06,1.76688122494342e-06,1.76688122494342e-06,1.76688122494342e-06,1.76688122494342e-06,1.76688122494342e-06,1.76688122494342e-06,1.76688122494342e-06
0.00924255568767901,0.00926022449992844,0.00922488687542957,0.00918954925093071,0.00922488687542957,0.00911887400193297,0.00895985469168806,0.00906586756518467,0.00888917944269032,0.00888917944269032,0.00918954925093071,0.0090305299406858,0.00906586756518467,0.00883617300594202,0.00911887400193297,0.00867715369569711,0.00892451706718919,0.00977262005516203,0.00931323093667674,0.00887151063044089,0.00887151063044089,0.00883617300594202,0.00931323093667674,0.00887151063044089,0.0089775235039375,0.00788205714447258,0.00728131752799182,0.000196123815968719,1.76688122494342e-06,1.76688122494342e-06,1.76688122494342e-06,1.76688122494342e-06,1.76688122494342e-06,1.76688122494342e-06,1.76688122494342e-06,1.76688122494342e-06,1.76688122494342e-06,1.76688122494342e-06,1.76688122494342e-06,1.76688122494342e-06
0.00963126955716656,0.00963126955716656,0.0097019448061643,0.0097549512429126,0.00973728243066316,0.00984329530415977,0.00993163936540694,0.00982562649191033,0.0098609641164092,0.0097549512429126,0.0098079576796609,0.00984329530415977,0.00966660718166543,0.00959593193266769,0.00952525668366995,0.0100906586756518,0.00906586756518467,0.00933089974892618,0.00950758787142052,0.00926022449992844,0.00924255568767901,0.00894218587943863,0.0097019448061643,0.00941924381017335,0.00832377745070843,0.00851813438545221,0.00747567446273559,0.000602506497705705,1.76688122494342e-06,1.76688122494342e-06,1.76688122494342e-06,1.76688122494342e-06,1.76688122494342e-06,1.76688122494342e-06,1.76688122494342e-06,1.76688122494342e-06,1.76688122494342e-06,1.76688122494342e-06,1.76688122494342e-06,1.76688122494342e-06
0.01046170373289,0.0104440349206405,0.0104086972961417,0.0104263661083911,0.0103733596716428,0.0102673467981462,0.0103203532348945,0.0102320091736473,0.0102673467981462,0.0103556908593934,0.0102496779858968,0.0102143403613979,0.0104970413573888,0.0103733596716428,0.0102143403613979,0.0102320091736473,0.0100199834266541,0.0097019448061643,0.0110271057248719,0.010179002736899,0.00964893836941599,0.00979028886741147,0.0108680864146269,0.00984329530415977,0.00899519231618693,0.00915421162643184,0.00895985469168806,0.00130925898768307,1.76688122494342e-06,1.76688122494342e-06,1.76688122494342e-06,1.76688122494342e-06,1.76688122494342e-06,1.76688122494342e-06,1.76688122494342e-06,1.76688122494342e-06,1.76688122494342e-06,1.76688122494342e-06,1.76688122494342e-06,1.76688122494342e-06
0.0107620735411303,0.0107620735411303,0.0107444047288809,0.0106913982921326,0.0106737294798832,0.0106560606676337,0.0104970413573888,0.0105500477941371,0.0106913982921326,0.0106207230431349,0.0105500477941371,0.0103026844226451,0.0105323789818877,0.0106913982921326,0.0106030542308854,0.0102850156103956,0.0112921379086134,0.0111684562228673,0.0103910284838922,0.0109034240391258,0.0104793725451394,0.00973728243066316,0.0107974111656292,0.0110271057248719,0.00952525668366995,0.0100199834266541,0.00934856856117561,0.00330583477186913,3.71045057238117e-05,1.76688122494342e-06,1.76688122494342e-06,1.76688122494342e-06,1.76688122494342e-06,1.76688122494342e-06,1.76688122494342e-06,1.76688122494342e-06,1.76688122494342e-06,1.76688122494342e-06,1.76688122494342e-06,1.76688122494342e-06
0.0113804819698605,0.01139815078211,0.0114334884066088,0.0114864948433571,0.011521832467856,0.0116101765291032,0.0118222022760964,0.0117515270270987,0.01139815078211,0.0112744690963639,0.0112391314718651,0.0111684562228673,0.0109034240391258,0.0110801121616202,0.011115449786119,0.0110271057248719,0.0107974111656292,0.0109740992881236,0.01139815078211,0.0132180384438017,0.0112214626596156,0.0112391314718651,0.0111861250351168,0.0122639225823322,0.0110624433493707,0.0108504176023775,0.0103910284838922,0.0054084234295518,0.000125448566970982,1.76688122494342e-06,1.76688122494342e-06,1.76688122494342e-06,1.76688122494342e-06,1.76688122494342e-06,1.76688122494342e-06,1.76688122494342e-06,1.76688122494342e-06,1.76688122494342e-06,1.76688122494342e-06,1.76688122494342e-06
0.0127939869498153,0.0127939869498153,0.012740980513067,0.0127233117008175,0.0126349676395704,0.0125289547660738,0.0122815913945817,0.0123699354558289,0.01233459783133,0.0123169290190806,0.0122285849578334,0.0123522666435794,0.0122462537700828,0.0119635527740919,0.0122285849578334,0.0124052730803277,0.0118928775250941,0.011804533463847,0.0118398710883458,0.0118575399005953,0.0129176686355613,0.0119635527740919,0.0122285849578334,0.0130413503213074,0.0113804819698605,0.0108857552268764,0.0105500477941371,0.00812942051596465,0.000213792628218153,1.76688122494342e-06,1.76688122494342e-06,1.76688122494342e-06,1.76688122494342e-06,1.76688122494342e-06,1.76688122494342e-06,1.76688122494342e-06,1.76688122494342e-06,1.76688122494342e-06,1.76688122494342e-06,1.76688122494342e-06
0.0135537458765409,0.0135360770642915,0.0135714146887904,0.0135714146887904,0.0136244211255387,0.0137127651867858,0.0138717844970308,0.0139071221215296,0.0141014790562734,0.0142251607420194,0.0141544854930217,0.0139777973705274,0.0139071221215296,0.0138717844970308,0.0136244211255387,0.0130766879458062,0.0132887136927994,0.0128469933865636,0.0134830706275432,0.0128469933865636,0.0135537458765409,0.0126349676395704,0.0125289547660738,0.0134300641907949,0.0141368166807723,0.0127586493253164,0.0117515270270987,0.00991397055315751,0.000885207493696651,1.76688122494342e-06,1.76688122494342e-06,1.76688122494342e-06,1.76688122494342e-06,1.76688122494342e-06,1.76688122494342e-06,1.76688122494342e-06,1.76688122494342e-06,1.76688122494342e-06,1.76688122494342e-06,1.76688122494342e-06
0.0130236815090579,0.0130413503213074,0.0130590191335568,0.0131120255703051,0.0132003696315523,0.0132180384438017,0.0132533760683006,0.0133240513172983,0.0134477330030443,0.0134654018152938,0.0137657716235342,0.0140308038072757,0.0143135048032666,0.0142781671787677,0.0137304339990353,0.0138717844970308,0.0147728939217519,0.0146668810482553,0.0134300641907949,0.0134830706275432,0.0149142444197474,0.0149672508564957,0.0139247909337791,0.0140308038072757,0.0146492122360059,0.0135184082520421,0.013677427562287,0.0126703052640692,0.00275810159213667,1.94356934743776e-05,1.76688122494342e-06,1.76688122494342e-06,1.76688122494342e-06,1.76688122494342e-06,1.76688122494342e-06,1.76688122494342e-06,1.76688122494342e-06,1.76688122494342e-06,1.76688122494342e-06,1.76688122494342e-06
0.0150909325422417,0.0150732637299923,0.0150555949177428,0.0149142444197474,0.0148612379829991,0.0147728939217519,0.0146845498605047,0.0146492122360059,0.0145962057992576,0.014613874611507,0.0148789067952485,0.0149672508564957,0.0148435691707496,0.0149495820442462,0.0158683602812168,0.0161687300894572,0.0151086013544911,0.0155149840362281,0.0153382959137338,0.0153913023504821,0.0154973152239787,0.0156916721587225,0.0149495820442462,0.0153913023504821,0.0163100805874527,0.0154973152239787,0.0142781671787677,0.0139071221215296,0.00549676749079897,3.71045057238117e-05,1.76688122494342e-06,1.76688122494342e-06,1.76688122494342e-06,1.76688122494342e-06,1.76688122494342e-06,1.76688122494342e-06,1.76688122494342e-06,1.76688122494342e-06,1.76688122494342e-06,1.76688122494342e-06
0.0169108202039334,0.0169108202039334,0.0169461578284323,0.0169991642651806,0.01701683307743,0.0170345018896795,0.0170698395141783,0.01701683307743,0.0171405147631761,0.0169814954529312,0.0165397751466953,0.0167518008936885,0.0168401449549357,0.0173348716979199,0.0171405147631761,0.0169814954529312,0.0176352415061602,0.016769469705938,0.0171935211999244,0.016769469705938,0.0156209969097247,0.0181653058736433,0.0175645662571625,0.0172818652611715,0.0175292286326636,0.0171051771386772,0.0158153538444685,0.0150025884809945,0.00963126955716656,0.000779194620200046,1.76688122494342e-06,1.76688122494342e-06,1.76688122494342e-06,1.76688122494342e-06,1.76688122494342e-06,1.76688122494342e-06,1.76688122494342e-06,1.76688122494342e-06,1.76688122494342e-06,1.76688122494342e-06
0.0191547593596116,0.0191370905473621,0.0190840841106138,0.0191017529228633,0.0191547593596116,0.019172428171861,0.019172428171861,0.0191017529228633,0.019048746486115,0.019172428171861,0.0192077657963599,0.0188897271758701,0.0189604024248678,0.0186246949921285,0.0178649360654029,0.0175999038816614,0.0178649360654029,0.0188190519268723,0.0188190519268723,0.019172428171861,0.0196318172903463,0.0182713187471399,0.0196141484780969,0.017705916755158,0.018766045490124,0.0194551291678519,0.0188367207391218,0.0171581835754255,0.0136244211255387,0.00226337484915252,3.71045057238117e-05,1.76688122494342e-06,1.76688122494342e-06,1.76688122494342e-06,1.76688122494342e-06,1.76688122494342e-06,1.76688122494342e-06,1.76688122494342e-06,1.76688122494342e-06,1.76688122494342e-06
0.0220524445685188,0.0221054510052671,0.0221054510052671,0.0220877821930176,0.0219287628827727,0.0219641005072716,0.0219287628827727,0.0218934252582739,0.0217874123847773,0.0218050811970267,0.0216990683235301,0.0219994381317705,0.0217167371357795,0.0216460618867818,0.0218404188215256,0.021858087633775,0.0208863029600561,0.0204975890905686,0.0213456920785414,0.0208686341478067,0.0202678945313259,0.0209039717723055,0.0215223802010357,0.0210099846458022,0.0198615118495889,0.0214693737642874,0.0213986985152897,0.019985193535335,0.0172111900121738,0.0061328447317786,0.000213792628218153,1.94356934743776e-05,1.76688122494342e-06,1.76688122494342e-06,1.76688122494342e-06,1.76688122494342e-06,1.76688122494342e-06,1.76688122494342e-06,1.76688122494342e-06,1.76688122494342e-06
0.0246144223446867,0.0246144223446867,0.0246320911569362,0.024667428781435,0.0247734416549316,0.0247027664059339,0.0246144223446867,0.0245967535324373,0.0244907406589407,0.0244023965976935,0.0247381040304328,0.0245967535324373,0.0248087792794305,0.0243670589731946,0.0247204352181833,0.0248087792794305,0.0251621555244192,0.0248264480916799,0.0240843579772037,0.0239960139159565,0.0244377342221924,0.0242787149119475,0.0243847277854441,0.0248971233406777,0.0241196956017026,0.0232892614259792,0.0250031362141743,0.0230949044912354,0.0219287628827727,0.0118928775250941,0.00134459661218194,1.94356934743776e-05,1.76688122494342e-06,1.76688122494342e-06,1.76688122494342e-06,1.76688122494342e-06,1.76688122494342e-06,1.76688122494342e-06,1.76688122494342e-06,1.76688122494342e-06
0.0298797283950181,0.0298620595827687,0.0298090531460204,0.0298443907705192,0.0297737155215215,0.0298090531460204,0.0297560467092721,0.0297913843337709,0.0298797283950181,0.0300210788930136,0.0297030402725238,0.0294733457132811,0.02950868333778,0.02950868333778,0.0288372684723015,0.0287665932233037,0.0280775095455758,0.0288549372845509,0.0280951783578253,0.0283778793538162,0.02857223628856,0.0276534580515894,0.0273884258678479,0.0287135867865554,0.0297913843337709,0.0286075739130588,0.0268936991248637,0.0277064644883377,0.0261869466348864,0.0206036019640652,0.00523173530705745,0.000143117379220417,1.76688122494342e-06,1.76688122494342e-06,1.76688122494342e-06,1.76688122494342e-06,1.76688122494342e-06,1.76688122494342e-06,1.76688122494342e-06,1.76688122494342e-06
0.0352510473188461,0.0352687161310955,0.0353217225678438,0.0352863849433449,0.0352863849433449,0.0352510473188461,0.0353040537555944,0.0352687161310955,0.0351980408820978,0.0349506775106057,0.0351627032575989,0.0349330086983563,0.0350743591963517,0.0350743591963517,0.0362051631803155,0.0357281052495808,0.035940130996574,0.0350390215718529,0.0354984106903382,0.0342792626451272,0.0329717705386691,0.0339612240246374,0.0334311596571544,0.03325447153466,0.0352687161310955,0.0345089572043698,0.0349506775106057,0.0341202433348823,0.0335725101551498,0.0291729759050407,0.0152322830402372,0.00213969316340648,9.01109424721142e-05,1.76688122494342e-06,1.76688122494342e-06,1.76688122494342e-06,1.76688122494342e-06,1.76688122494342e-06,1.76688122494342e-06,1.76688122494342e-06
0.0414881380428963,0.0414881380428963,0.0415234756673952,0.0415234756673952,0.0415764821041435,0.0415764821041435,0.0416824949776401,0.0419121895368828,0.0420535400348782,0.0421595529083748,0.0421418840961254,0.0426189420268601,0.0423892474676175,0.0429016430228511,0.0422832345941209,0.0429723182718488,0.0432550192678398,0.0431136687698443,0.0431136687698443,0.043714408386325,0.0427249549003567,0.0426189420268601,0.0425482667778624,0.0425836044023613,0.0415058068551458,0.0431490063943432,0.0429193118351005,0.043590726700579,0.0414704692306469,0.0399509513771956,0.0312755645627234,0.0110447745371213,0.00109723324068986,0.000107779754721548,1.76688122494342e-06,1.76688122494342e-06,1.76688122494342e-06,1.76688122494342e-06,1.76688122494342e-06,1.76688122494342e-06
0.0577611141246252,0.0577611141246252,0.0577257765001263,0.0576374324388792,0.0576551012511286,0.0577787829368746,0.0577081076878769,0.0575844260021309,0.0574960819408837,0.0576197636266297,0.0574077378796365,0.0572487185693916,0.0573547314428882,0.0573547314428882,0.0576374324388792,0.0575314195653826,0.0581851656186116,0.0583265161166071,0.0584148601778543,0.0577081076878769,0.0585032042391014,0.0564359532059176,0.0567009853896591,0.0568069982631558,0.0557292007159403,0.0562946027079222,0.0563476091446705,0.0566303101406614,0.0568953423244029,0.0557292007159403,0.0498454862368787,0.0335725101551498,0.0104440349206405,0.00132692779993251,1.94356934743776e-05,1.76688122494342e-06,1.76688122494342e-06,1.76688122494342e-06,1.76688122494342e-06,1.76688122494342e-06
0.089335281614364,0.089335281614364,0.089335281614364,0.0893706192388629,0.089335281614364,0.0891585934918697,0.0891939311163686,0.0891232558673708,0.089211599928618,0.0891939311163686,0.089335281614364,0.0891762623041191,0.0888405548713799,0.0880807959446542,0.0877097508874161,0.0871266800831848,0.0864375964054568,0.0870383360219376,0.0866319533402006,0.0867379662136972,0.0866142845279512,0.086932323148441,0.0870206672096882,0.0859605384747221,0.0865612780912029,0.0858721944134749,0.0854834805439874,0.0833985606985542,0.0849180785520055,0.0857485127277289,0.0836105864455474,0.0741577718921001,0.0493330906816451,0.0193137786698565,0.00436596350683518,0.000390480750712495,1.76688122494342e-06,1.76688122494342e-06,1.76688122494342e-06,1.76688122494342e-06
0.175258715583362,0.175241046771113,0.175311722020111,0.175400066081358,0.175488410142605,0.175735773514097,0.175894792824342,0.176195162632582,0.176548538877571,0.177025596808306,0.177856030984029,0.179269535963984,0.181425131058415,0.184852880634805,0.189234746072665,0.195754537792706,0.204147223611187,0.215667289197818,0.231940265279547,0.25339020335036,0.280812199961482,0.31365852193318,0.351257754399976,0.394687694909085,0.440873970129106,0.489604554313045,0.538971215737964,0.584963134023242,0.62249169124104,0.646627288773767,0.652546340877327,0.63341101721119,0.577948615560216,0.472536481680092,0.326733442997761,0.179799600331467,0.0230772356789859,0.00302313377587818,7.244213022268e-05,1.76688122494342e-06
0.00205134910215931,0.00206901791440874,0.00206901791440874,0.00208668672665817,0.00212202435115704,0.00212202435115704,0.00219269960015478,0.00226337484915252,0.00231638128590082,0.00247540059614573,0.00259908228189176,0.00281110802888497,0.00293478971463101,0.00307614021262649,0.00314681546162422,0.00316448427387366,0.00325282833512083,0.00330583477186913,0.00335884120861743,0.00353552933111177,0.00383589913935216,0.00415393775984197,0.00500204074781481,0.00662757147476275,0.00977262005516203,0.0148435691707496,0.023200917364732,0.0385374463972408,0.062231323623732,0.100713996703,0.16032856923259,0.245156536842124,0.360745906577922,0.506372257137758,0.668536615963065,0.819463610197732,0.9765746887197,0.996628790622808,0.999579482268463,0.999650157517461
19323248.1,19323248.1,19323248.1,19323248.1,19323248.1,19323248.1,19323248.1,19323248.1,19323248.1,19323248.1,19323248.1,19323248.1,19323248.1,19323248.1,19323248.1,19323248.1,19323248.1,19323248.1,19323248.1,19323248.1,19323248.1,19323248.1,19323248.1,19323248.1,19323248.1,19323248.1,19323248.1,19323248.1,19323248.1,19323248.1,19323248.1,19323248.1,19323248.1,19323248.1,19323248.1,19323248.1,19323248.1,19323248.1,19323248.1,19323248.1
