"V1","V2","V3","V4","V5","V6","V7","V8","V9","V10","V11","V12","V13","V14","V15","V16","V17","V18","V19","V20","V21","V22","V23","V24","V25","V26","V27","V28","V29","V30","V31","V32","V33","V34","V35","V36","V37","V38","V39","V40","V41","V42","V43","V44","V45","V46","V47","V48","V49","V50","V51","V52","V53","V54","V55","V56","V57","V58","V59","V60","V61","V62","V63","V64","V65","V66","V67","V68","V69","V70","V71","V72","V73","V74","V75","V76","V77","V78","V79","V80","V81","V82","V83","V84","V85","V86","V87","V88","V89","V90","V91","V92","V93","V94","V95","V96","V97","V98","V99","V100"
4.14664184210417e-06,4.14664184210417e-06,4.14664184210417e-06,4.14664184210417e-06,4.14664184210417e-06,4.14664184210417e-06,4.14664184210417e-06,4.14664184210417e-06,4.14664184210417e-06,4.14664184210417e-06,4.14664184210417e-06,4.14664184210417e-06,4.14664184210417e-06,4.14664184210417e-06,4.14664184210417e-06,4.14664184210417e-06,4.14664184210417e-06,4.14664184210417e-06,4.14664184210417e-06,4.14664184210417e-06,4.14664184210417e-06,4.14664184210417e-06,4.14664184210417e-06,4.14664184210417e-06,4.14664184210417e-06,4.14664184210417e-06,4.14664184210417e-06,4.14664184210417e-06,4.14664184210417e-06,4.14664184210417e-06,4.14664184210417e-06,4.14664184210417e-06,4.14664184210417e-06,4.14664184210417e-06,4.14664184210417e-06,4.14664184210417e-06,4.14664184210417e-06,4.14664184210417e-06,4.14664184210417e-06,4.14664184210417e-06,4.14664184210417e-06,4.14664184210417e-06,4.14664184210417e-06,4.14664184210417e-06,4.14664184210417e-06,4.14664184210417e-06,4.14664184210417e-06,4.14664184210417e-06,4.14664184210417e-06,4.14664184210417e-06,4.14664184210417e-06,4.14664184210417e-06,4.14664184210417e-06,4.14664184210417e-06,4.14664184210417e-06,4.14664184210417e-06,4.14664184210417e-06,4.14664184210417e-06,4.14664184210417e-06,4.14664184210417e-06,4.14664184210417e-06,4.14664184210417e-06,4.14664184210417e-06,4.14664184210417e-06,4.14664184210417e-06,4.14664184210417e-06,4.14664184210417e-06,4.14664184210417e-06,4.14664184210417e-06,4.14664184210417e-06,4.14664184210417e-06,4.14664184210417e-06,4.14664184210417e-06,4.14664184210417e-06,4.14664184210417e-06,4.14664184210417e-06,4.14664184210417e-06,4.14664184210417e-06,4.14664184210417e-06,4.14664184210417e-06,4.14664184210417e-06,4.14664184210417e-06,4.14664184210417e-06,4.14664184210417e-06,4.14664184210417e-06,4.14664184210417e-06,4.14664184210417e-06,4.14664184210417e-06,4.14664184210417e-06,4.14664184210417e-06,4.14664184210417e-06,4.14664184210417e-06,4.14664184210417e-06,4.14664184210417e-06,4.14664184210417e-06,4.14664184210417e-06,4.14664184210417e-06,4.14664184210417e-06,4.14664184210417e-06,4.14664184210417e-06
4.14664184210417e-06,4.14664184210417e-06,4.14664184210417e-06,4.14664184210417e-06,4.14664184210417e-06,4.14664184210417e-06,4.14664184210417e-06,4.14664184210417e-06,4.14664184210417e-06,4.14664184210417e-06,4.14664184210417e-06,4.14664184210417e-06,4.14664184210417e-06,4.14664184210417e-06,4.14664184210417e-06,4.14664184210417e-06,4.14664184210417e-06,4.14664184210417e-06,4.14664184210417e-06,4.14664184210417e-06,4.14664184210417e-06,4.14664184210417e-06,4.14664184210417e-06,4.14664184210417e-06,4.14664184210417e-06,4.14664184210417e-06,4.14664184210417e-06,4.14664184210417e-06,4.14664184210417e-06,4.14664184210417e-06,4.14664184210417e-06,4.14664184210417e-06,4.14664184210417e-06,4.14664184210417e-06,4.14664184210417e-06,4.14664184210417e-06,4.14664184210417e-06,4.14664184210417e-06,4.14664184210417e-06,4.14664184210417e-06,4.14664184210417e-06,4.14664184210417e-06,4.14664184210417e-06,4.14664184210417e-06,4.14664184210417e-06,4.14664184210417e-06,4.14664184210417e-06,4.14664184210417e-06,4.14664184210417e-06,4.14664184210417e-06,4.14664184210417e-06,4.14664184210417e-06,4.14664184210417e-06,4.14664184210417e-06,4.14664184210417e-06,4.14664184210417e-06,4.14664184210417e-06,4.14664184210417e-06,4.14664184210417e-06,4.14664184210417e-06,4.14664184210417e-06,4.14664184210417e-06,4.14664184210417e-06,4.14664184210417e-06,4.14664184210417e-06,4.14664184210417e-06,4.14664184210417e-06,4.14664184210417e-06,4.14664184210417e-06,4.14664184210417e-06,4.14664184210417e-06,4.14664184210417e-06,4.14664184210417e-06,4.14664184210417e-06,4.14664184210417e-06,4.14664184210417e-06,4.14664184210417e-06,4.14664184210417e-06,4.14664184210417e-06,4.14664184210417e-06,4.14664184210417e-06,4.14664184210417e-06,4.14664184210417e-06,4.14664184210417e-06,4.14664184210417e-06,4.14664184210417e-06,4.14664184210417e-06,4.14664184210417e-06,4.14664184210417e-06,4.14664184210417e-06,4.14664184210417e-06,4.14664184210417e-06,4.14664184210417e-06,4.14664184210417e-06,4.14664184210417e-06,4.14664184210417e-06,4.14664184210417e-06,4.14664184210417e-06,4.14664184210417e-06,4.14664184210417e-06
4.14664184210417e-06,4.14664184210417e-06,4.14664184210417e-06,4.14664184210417e-06,4.14664184210417e-06,4.14664184210417e-06,4.14664184210417e-06,4.14664184210417e-06,4.14664184210417e-06,4.14664184210417e-06,4.14664184210417e-06,4.14664184210417e-06,4.14664184210417e-06,4.14664184210417e-06,4.14664184210417e-06,4.14664184210417e-06,4.14664184210417e-06,4.14664184210417e-06,4.14664184210417e-06,4.14664184210417e-06,4.14664184210417e-06,4.14664184210417e-06,4.14664184210417e-06,4.14664184210417e-06,4.14664184210417e-06,4.14664184210417e-06,4.14664184210417e-06,4.14664184210417e-06,4.14664184210417e-06,4.14664184210417e-06,4.14664184210417e-06,4.14664184210417e-06,4.14664184210417e-06,4.14664184210417e-06,4.14664184210417e-06,4.14664184210417e-06,4.14664184210417e-06,4.14664184210417e-06,4.14664184210417e-06,4.14664184210417e-06,4.14664184210417e-06,4.14664184210417e-06,4.14664184210417e-06,4.14664184210417e-06,4.14664184210417e-06,4.14664184210417e-06,4.14664184210417e-06,4.14664184210417e-06,4.14664184210417e-06,4.14664184210417e-06,4.14664184210417e-06,4.14664184210417e-06,4.14664184210417e-06,4.14664184210417e-06,4.14664184210417e-06,4.14664184210417e-06,4.14664184210417e-06,4.14664184210417e-06,4.14664184210417e-06,4.14664184210417e-06,4.14664184210417e-06,4.14664184210417e-06,4.14664184210417e-06,4.14664184210417e-06,4.14664184210417e-06,4.14664184210417e-06,4.14664184210417e-06,4.14664184210417e-06,4.14664184210417e-06,4.14664184210417e-06,4.14664184210417e-06,4.14664184210417e-06,4.14664184210417e-06,4.14664184210417e-06,4.14664184210417e-06,4.14664184210417e-06,4.14664184210417e-06,4.14664184210417e-06,4.14664184210417e-06,4.14664184210417e-06,4.14664184210417e-06,4.14664184210417e-06,4.14664184210417e-06,4.14664184210417e-06,4.14664184210417e-06,4.14664184210417e-06,4.14664184210417e-06,4.14664184210417e-06,4.14664184210417e-06,4.14664184210417e-06,4.14664184210417e-06,4.14664184210417e-06,4.14664184210417e-06,4.14664184210417e-06,4.14664184210417e-06,4.14664184210417e-06,4.14664184210417e-06,4.14664184210417e-06,4.14664184210417e-06,4.14664184210417e-06
4.14664184210417e-06,4.14664184210417e-06,4.14664184210417e-06,4.14664184210417e-06,4.14664184210417e-06,4.14664184210417e-06,4.14664184210417e-06,4.14664184210417e-06,4.14664184210417e-06,4.14664184210417e-06,4.14664184210417e-06,4.14664184210417e-06,4.14664184210417e-06,4.14664184210417e-06,4.14664184210417e-06,4.14664184210417e-06,4.14664184210417e-06,4.14664184210417e-06,4.14664184210417e-06,4.14664184210417e-06,4.14664184210417e-06,4.14664184210417e-06,4.14664184210417e-06,4.14664184210417e-06,4.14664184210417e-06,4.14664184210417e-06,4.14664184210417e-06,4.14664184210417e-06,4.14664184210417e-06,4.14664184210417e-06,4.14664184210417e-06,4.14664184210417e-06,4.14664184210417e-06,4.14664184210417e-06,4.14664184210417e-06,4.14664184210417e-06,4.14664184210417e-06,4.14664184210417e-06,4.14664184210417e-06,4.14664184210417e-06,4.14664184210417e-06,4.14664184210417e-06,4.14664184210417e-06,4.14664184210417e-06,4.14664184210417e-06,4.14664184210417e-06,4.14664184210417e-06,4.14664184210417e-06,4.14664184210417e-06,4.14664184210417e-06,4.14664184210417e-06,4.14664184210417e-06,4.14664184210417e-06,4.14664184210417e-06,4.14664184210417e-06,4.14664184210417e-06,4.14664184210417e-06,4.14664184210417e-06,4.14664184210417e-06,4.14664184210417e-06,4.14664184210417e-06,4.14664184210417e-06,4.14664184210417e-06,4.14664184210417e-06,4.14664184210417e-06,4.14664184210417e-06,4.14664184210417e-06,4.14664184210417e-06,4.14664184210417e-06,4.14664184210417e-06,4.14664184210417e-06,4.14664184210417e-06,4.14664184210417e-06,4.14664184210417e-06,4.14664184210417e-06,4.14664184210417e-06,4.14664184210417e-06,4.14664184210417e-06,4.14664184210417e-06,4.14664184210417e-06,4.14664184210417e-06,4.14664184210417e-06,4.14664184210417e-06,4.14664184210417e-06,4.14664184210417e-06,4.14664184210417e-06,4.14664184210417e-06,4.14664184210417e-06,4.14664184210417e-06,4.14664184210417e-06,4.14664184210417e-06,4.14664184210417e-06,4.14664184210417e-06,4.14664184210417e-06,4.14664184210417e-06,4.14664184210417e-06,4.14664184210417e-06,4.14664184210417e-06,4.14664184210417e-06,4.14664184210417e-06
4.14664184210417e-06,4.14664184210417e-06,4.14664184210417e-06,4.14664184210417e-06,4.14664184210417e-06,4.14664184210417e-06,4.14664184210417e-06,4.14664184210417e-06,4.14664184210417e-06,4.14664184210417e-06,4.14664184210417e-06,4.14664184210417e-06,4.14664184210417e-06,4.14664184210417e-06,4.14664184210417e-06,4.14664184210417e-06,4.14664184210417e-06,4.14664184210417e-06,4.14664184210417e-06,4.14664184210417e-06,4.14664184210417e-06,4.14664184210417e-06,4.14664184210417e-06,4.14664184210417e-06,4.14664184210417e-06,4.14664184210417e-06,4.14664184210417e-06,4.14664184210417e-06,4.14664184210417e-06,4.14664184210417e-06,4.14664184210417e-06,4.14664184210417e-06,4.14664184210417e-06,4.14664184210417e-06,4.14664184210417e-06,4.14664184210417e-06,4.14664184210417e-06,4.14664184210417e-06,4.14664184210417e-06,4.14664184210417e-06,4.14664184210417e-06,4.14664184210417e-06,4.14664184210417e-06,4.14664184210417e-06,4.14664184210417e-06,4.14664184210417e-06,4.14664184210417e-06,4.14664184210417e-06,4.14664184210417e-06,4.14664184210417e-06,4.14664184210417e-06,4.14664184210417e-06,4.14664184210417e-06,4.14664184210417e-06,4.14664184210417e-06,4.14664184210417e-06,4.14664184210417e-06,4.14664184210417e-06,4.14664184210417e-06,4.14664184210417e-06,4.14664184210417e-06,4.14664184210417e-06,4.14664184210417e-06,4.14664184210417e-06,4.14664184210417e-06,4.14664184210417e-06,4.14664184210417e-06,4.14664184210417e-06,4.14664184210417e-06,4.14664184210417e-06,4.14664184210417e-06,4.14664184210417e-06,4.14664184210417e-06,4.14664184210417e-06,4.14664184210417e-06,4.14664184210417e-06,4.14664184210417e-06,4.14664184210417e-06,4.14664184210417e-06,4.14664184210417e-06,4.14664184210417e-06,4.14664184210417e-06,4.14664184210417e-06,4.14664184210417e-06,4.14664184210417e-06,4.14664184210417e-06,4.14664184210417e-06,4.14664184210417e-06,4.14664184210417e-06,4.14664184210417e-06,4.14664184210417e-06,4.14664184210417e-06,4.14664184210417e-06,4.14664184210417e-06,4.14664184210417e-06,4.14664184210417e-06,4.14664184210417e-06,4.14664184210417e-06,4.14664184210417e-06,4.14664184210417e-06
4.14664184210417e-06,4.14664184210417e-06,4.14664184210417e-06,4.14664184210417e-06,4.14664184210417e-06,4.14664184210417e-06,4.14664184210417e-06,4.14664184210417e-06,4.14664184210417e-06,4.14664184210417e-06,4.14664184210417e-06,4.14664184210417e-06,4.14664184210417e-06,4.14664184210417e-06,4.14664184210417e-06,4.14664184210417e-06,4.14664184210417e-06,4.14664184210417e-06,4.14664184210417e-06,4.14664184210417e-06,4.14664184210417e-06,4.14664184210417e-06,4.14664184210417e-06,4.14664184210417e-06,4.14664184210417e-06,4.14664184210417e-06,4.14664184210417e-06,4.14664184210417e-06,4.14664184210417e-06,4.14664184210417e-06,4.14664184210417e-06,4.14664184210417e-06,4.14664184210417e-06,4.14664184210417e-06,4.14664184210417e-06,4.14664184210417e-06,4.14664184210417e-06,4.14664184210417e-06,4.14664184210417e-06,4.14664184210417e-06,4.14664184210417e-06,4.14664184210417e-06,4.14664184210417e-06,4.14664184210417e-06,4.14664184210417e-06,4.14664184210417e-06,4.14664184210417e-06,4.14664184210417e-06,4.14664184210417e-06,4.14664184210417e-06,4.14664184210417e-06,4.14664184210417e-06,4.14664184210417e-06,4.14664184210417e-06,4.14664184210417e-06,4.14664184210417e-06,4.14664184210417e-06,4.14664184210417e-06,4.14664184210417e-06,4.14664184210417e-06,4.14664184210417e-06,4.14664184210417e-06,4.14664184210417e-06,4.14664184210417e-06,4.14664184210417e-06,4.14664184210417e-06,4.14664184210417e-06,4.14664184210417e-06,4.14664184210417e-06,4.14664184210417e-06,4.14664184210417e-06,4.14664184210417e-06,4.14664184210417e-06,4.14664184210417e-06,4.14664184210417e-06,4.14664184210417e-06,4.14664184210417e-06,4.14664184210417e-06,4.14664184210417e-06,4.14664184210417e-06,4.14664184210417e-06,4.14664184210417e-06,4.14664184210417e-06,4.14664184210417e-06,4.14664184210417e-06,4.14664184210417e-06,4.14664184210417e-06,4.14664184210417e-06,4.14664184210417e-06,4.14664184210417e-06,4.14664184210417e-06,4.14664184210417e-06,4.14664184210417e-06,4.14664184210417e-06,4.14664184210417e-06,4.14664184210417e-06,4.14664184210417e-06,4.14664184210417e-06,4.14664184210417e-06,4.14664184210417e-06
4.14664184210417e-06,4.14664184210417e-06,4.14664184210417e-06,4.14664184210417e-06,4.14664184210417e-06,4.14664184210417e-06,4.14664184210417e-06,4.14664184210417e-06,4.14664184210417e-06,4.14664184210417e-06,4.14664184210417e-06,4.14664184210417e-06,4.14664184210417e-06,4.14664184210417e-06,4.14664184210417e-06,4.14664184210417e-06,4.14664184210417e-06,4.14664184210417e-06,4.14664184210417e-06,4.14664184210417e-06,4.14664184210417e-06,4.14664184210417e-06,4.14664184210417e-06,4.14664184210417e-06,4.14664184210417e-06,4.14664184210417e-06,4.14664184210417e-06,4.14664184210417e-06,4.14664184210417e-06,4.14664184210417e-06,4.14664184210417e-06,4.14664184210417e-06,4.14664184210417e-06,4.14664184210417e-06,4.14664184210417e-06,4.14664184210417e-06,4.14664184210417e-06,4.14664184210417e-06,4.14664184210417e-06,4.14664184210417e-06,4.14664184210417e-06,4.14664184210417e-06,4.14664184210417e-06,4.14664184210417e-06,4.14664184210417e-06,4.14664184210417e-06,4.14664184210417e-06,4.14664184210417e-06,4.14664184210417e-06,4.14664184210417e-06,4.14664184210417e-06,4.14664184210417e-06,4.14664184210417e-06,4.14664184210417e-06,4.14664184210417e-06,4.14664184210417e-06,4.14664184210417e-06,4.14664184210417e-06,4.14664184210417e-06,4.14664184210417e-06,4.14664184210417e-06,4.14664184210417e-06,4.14664184210417e-06,4.14664184210417e-06,4.14664184210417e-06,4.14664184210417e-06,4.14664184210417e-06,4.14664184210417e-06,4.14664184210417e-06,4.14664184210417e-06,4.14664184210417e-06,4.14664184210417e-06,4.14664184210417e-06,4.14664184210417e-06,4.14664184210417e-06,4.14664184210417e-06,4.14664184210417e-06,4.14664184210417e-06,4.14664184210417e-06,4.14664184210417e-06,4.14664184210417e-06,4.14664184210417e-06,4.14664184210417e-06,4.14664184210417e-06,4.14664184210417e-06,4.14664184210417e-06,4.14664184210417e-06,4.14664184210417e-06,4.14664184210417e-06,4.14664184210417e-06,4.14664184210417e-06,4.14664184210417e-06,4.14664184210417e-06,4.14664184210417e-06,4.14664184210417e-06,4.14664184210417e-06,4.14664184210417e-06,4.14664184210417e-06,4.14664184210417e-06,4.14664184210417e-06
4.14664184210417e-06,4.14664184210417e-06,4.14664184210417e-06,4.14664184210417e-06,4.14664184210417e-06,4.14664184210417e-06,4.14664184210417e-06,4.14664184210417e-06,4.14664184210417e-06,4.14664184210417e-06,4.14664184210417e-06,4.14664184210417e-06,4.14664184210417e-06,4.14664184210417e-06,4.14664184210417e-06,4.14664184210417e-06,4.14664184210417e-06,4.14664184210417e-06,4.14664184210417e-06,4.14664184210417e-06,4.14664184210417e-06,4.14664184210417e-06,4.14664184210417e-06,4.14664184210417e-06,4.14664184210417e-06,4.14664184210417e-06,4.14664184210417e-06,4.14664184210417e-06,4.14664184210417e-06,4.14664184210417e-06,4.14664184210417e-06,4.14664184210417e-06,4.14664184210417e-06,4.14664184210417e-06,4.14664184210417e-06,4.14664184210417e-06,4.14664184210417e-06,4.14664184210417e-06,4.14664184210417e-06,4.14664184210417e-06,4.14664184210417e-06,4.14664184210417e-06,4.14664184210417e-06,4.14664184210417e-06,4.14664184210417e-06,4.14664184210417e-06,4.14664184210417e-06,4.14664184210417e-06,4.14664184210417e-06,4.14664184210417e-06,4.14664184210417e-06,4.14664184210417e-06,4.14664184210417e-06,4.14664184210417e-06,4.14664184210417e-06,4.14664184210417e-06,4.14664184210417e-06,4.14664184210417e-06,4.14664184210417e-06,4.14664184210417e-06,4.14664184210417e-06,4.14664184210417e-06,4.14664184210417e-06,4.14664184210417e-06,4.14664184210417e-06,4.14664184210417e-06,4.14664184210417e-06,4.14664184210417e-06,4.14664184210417e-06,4.14664184210417e-06,4.14664184210417e-06,4.14664184210417e-06,4.14664184210417e-06,4.14664184210417e-06,4.14664184210417e-06,4.14664184210417e-06,4.14664184210417e-06,4.14664184210417e-06,4.14664184210417e-06,4.14664184210417e-06,4.14664184210417e-06,4.14664184210417e-06,4.14664184210417e-06,4.14664184210417e-06,4.14664184210417e-06,4.14664184210417e-06,4.14664184210417e-06,4.14664184210417e-06,4.14664184210417e-06,4.14664184210417e-06,4.14664184210417e-06,4.14664184210417e-06,4.14664184210417e-06,4.14664184210417e-06,4.14664184210417e-06,4.14664184210417e-06,4.14664184210417e-06,4.14664184210417e-06,4.14664184210417e-06,4.14664184210417e-06
4.14664184210417e-06,4.14664184210417e-06,4.14664184210417e-06,4.14664184210417e-06,4.14664184210417e-06,4.14664184210417e-06,4.14664184210417e-06,4.14664184210417e-06,4.14664184210417e-06,4.14664184210417e-06,4.14664184210417e-06,4.14664184210417e-06,4.14664184210417e-06,4.14664184210417e-06,4.14664184210417e-06,4.14664184210417e-06,4.14664184210417e-06,4.14664184210417e-06,4.14664184210417e-06,4.14664184210417e-06,4.14664184210417e-06,4.14664184210417e-06,4.14664184210417e-06,4.14664184210417e-06,4.14664184210417e-06,4.14664184210417e-06,4.14664184210417e-06,4.14664184210417e-06,4.14664184210417e-06,4.14664184210417e-06,4.14664184210417e-06,4.14664184210417e-06,4.14664184210417e-06,4.14664184210417e-06,4.14664184210417e-06,4.14664184210417e-06,4.14664184210417e-06,4.14664184210417e-06,4.14664184210417e-06,4.14664184210417e-06,4.14664184210417e-06,4.14664184210417e-06,4.14664184210417e-06,4.14664184210417e-06,4.14664184210417e-06,4.14664184210417e-06,4.14664184210417e-06,4.14664184210417e-06,4.14664184210417e-06,4.14664184210417e-06,4.14664184210417e-06,4.14664184210417e-06,4.14664184210417e-06,4.14664184210417e-06,4.14664184210417e-06,4.14664184210417e-06,4.14664184210417e-06,4.14664184210417e-06,4.14664184210417e-06,4.14664184210417e-06,4.14664184210417e-06,4.14664184210417e-06,4.14664184210417e-06,4.14664184210417e-06,4.14664184210417e-06,4.14664184210417e-06,4.14664184210417e-06,4.14664184210417e-06,4.14664184210417e-06,4.14664184210417e-06,4.14664184210417e-06,4.14664184210417e-06,4.14664184210417e-06,4.14664184210417e-06,4.14664184210417e-06,4.14664184210417e-06,4.14664184210417e-06,4.14664184210417e-06,4.14664184210417e-06,4.14664184210417e-06,4.14664184210417e-06,4.14664184210417e-06,4.14664184210417e-06,4.14664184210417e-06,4.14664184210417e-06,4.14664184210417e-06,4.14664184210417e-06,4.14664184210417e-06,4.14664184210417e-06,4.14664184210417e-06,4.14664184210417e-06,4.14664184210417e-06,4.14664184210417e-06,4.14664184210417e-06,4.14664184210417e-06,4.14664184210417e-06,4.14664184210417e-06,4.14664184210417e-06,4.14664184210417e-06,4.14664184210417e-06
4.14664184210417e-06,4.14664184210417e-06,4.14664184210417e-06,4.14664184210417e-06,4.14664184210417e-06,4.14664184210417e-06,4.14664184210417e-06,4.14664184210417e-06,4.14664184210417e-06,4.14664184210417e-06,4.14664184210417e-06,4.14664184210417e-06,4.14664184210417e-06,4.14664184210417e-06,4.14664184210417e-06,4.14664184210417e-06,4.14664184210417e-06,4.14664184210417e-06,4.14664184210417e-06,4.14664184210417e-06,4.14664184210417e-06,4.14664184210417e-06,4.14664184210417e-06,4.14664184210417e-06,4.14664184210417e-06,4.14664184210417e-06,4.14664184210417e-06,4.14664184210417e-06,4.14664184210417e-06,4.14664184210417e-06,4.14664184210417e-06,4.14664184210417e-06,4.14664184210417e-06,4.14664184210417e-06,4.14664184210417e-06,4.14664184210417e-06,4.14664184210417e-06,4.14664184210417e-06,4.14664184210417e-06,4.14664184210417e-06,4.14664184210417e-06,4.14664184210417e-06,4.14664184210417e-06,4.14664184210417e-06,4.14664184210417e-06,4.14664184210417e-06,4.14664184210417e-06,4.14664184210417e-06,4.14664184210417e-06,4.14664184210417e-06,4.14664184210417e-06,4.14664184210417e-06,4.14664184210417e-06,4.14664184210417e-06,4.14664184210417e-06,4.14664184210417e-06,4.14664184210417e-06,4.14664184210417e-06,4.14664184210417e-06,4.14664184210417e-06,4.14664184210417e-06,4.14664184210417e-06,4.14664184210417e-06,4.14664184210417e-06,4.14664184210417e-06,4.14664184210417e-06,4.14664184210417e-06,4.14664184210417e-06,4.14664184210417e-06,4.14664184210417e-06,4.14664184210417e-06,4.14664184210417e-06,4.14664184210417e-06,4.14664184210417e-06,4.14664184210417e-06,4.14664184210417e-06,4.14664184210417e-06,4.14664184210417e-06,4.14664184210417e-06,4.14664184210417e-06,4.14664184210417e-06,4.14664184210417e-06,4.14664184210417e-06,4.14664184210417e-06,4.14664184210417e-06,4.14664184210417e-06,4.14664184210417e-06,4.14664184210417e-06,4.14664184210417e-06,4.14664184210417e-06,4.14664184210417e-06,4.14664184210417e-06,4.14664184210417e-06,4.14664184210417e-06,4.14664184210417e-06,4.14664184210417e-06,4.14664184210417e-06,4.14664184210417e-06,4.14664184210417e-06,4.14664184210417e-06
4.14664184210417e-06,4.14664184210417e-06,4.14664184210417e-06,4.14664184210417e-06,4.14664184210417e-06,4.14664184210417e-06,4.14664184210417e-06,4.14664184210417e-06,4.14664184210417e-06,4.14664184210417e-06,4.14664184210417e-06,4.14664184210417e-06,4.14664184210417e-06,4.14664184210417e-06,4.14664184210417e-06,4.14664184210417e-06,4.14664184210417e-06,4.14664184210417e-06,4.14664184210417e-06,4.14664184210417e-06,4.14664184210417e-06,4.14664184210417e-06,4.14664184210417e-06,4.14664184210417e-06,4.14664184210417e-06,4.14664184210417e-06,4.14664184210417e-06,4.14664184210417e-06,4.14664184210417e-06,4.14664184210417e-06,4.14664184210417e-06,4.14664184210417e-06,4.14664184210417e-06,4.14664184210417e-06,4.14664184210417e-06,4.14664184210417e-06,4.14664184210417e-06,4.14664184210417e-06,4.14664184210417e-06,4.14664184210417e-06,4.14664184210417e-06,4.14664184210417e-06,4.14664184210417e-06,4.14664184210417e-06,4.14664184210417e-06,4.14664184210417e-06,4.14664184210417e-06,4.14664184210417e-06,4.14664184210417e-06,4.14664184210417e-06,4.14664184210417e-06,4.14664184210417e-06,4.14664184210417e-06,4.14664184210417e-06,4.14664184210417e-06,4.14664184210417e-06,4.14664184210417e-06,4.14664184210417e-06,4.14664184210417e-06,4.14664184210417e-06,4.14664184210417e-06,4.14664184210417e-06,4.14664184210417e-06,4.14664184210417e-06,4.14664184210417e-06,4.14664184210417e-06,4.14664184210417e-06,4.14664184210417e-06,4.14664184210417e-06,4.14664184210417e-06,4.14664184210417e-06,4.14664184210417e-06,4.14664184210417e-06,4.14664184210417e-06,4.14664184210417e-06,4.14664184210417e-06,4.14664184210417e-06,4.14664184210417e-06,4.14664184210417e-06,4.14664184210417e-06,4.14664184210417e-06,4.14664184210417e-06,4.14664184210417e-06,4.14664184210417e-06,4.14664184210417e-06,4.14664184210417e-06,4.14664184210417e-06,4.14664184210417e-06,4.14664184210417e-06,4.14664184210417e-06,4.14664184210417e-06,4.14664184210417e-06,4.14664184210417e-06,4.14664184210417e-06,4.14664184210417e-06,4.14664184210417e-06,4.14664184210417e-06,4.14664184210417e-06,4.14664184210417e-06,4.14664184210417e-06
4.14664184210417e-06,4.14664184210417e-06,4.14664184210417e-06,4.14664184210417e-06,4.14664184210417e-06,4.14664184210417e-06,4.14664184210417e-06,4.14664184210417e-06,4.14664184210417e-06,4.14664184210417e-06,4.14664184210417e-06,4.14664184210417e-06,4.14664184210417e-06,4.14664184210417e-06,4.14664184210417e-06,4.14664184210417e-06,4.14664184210417e-06,4.14664184210417e-06,4.14664184210417e-06,4.14664184210417e-06,4.14664184210417e-06,4.14664184210417e-06,4.14664184210417e-06,4.14664184210417e-06,4.14664184210417e-06,4.14664184210417e-06,4.14664184210417e-06,4.14664184210417e-06,4.14664184210417e-06,4.14664184210417e-06,4.14664184210417e-06,4.14664184210417e-06,4.14664184210417e-06,4.14664184210417e-06,4.14664184210417e-06,4.14664184210417e-06,4.14664184210417e-06,4.14664184210417e-06,4.14664184210417e-06,4.14664184210417e-06,4.14664184210417e-06,4.14664184210417e-06,4.14664184210417e-06,4.14664184210417e-06,4.14664184210417e-06,4.14664184210417e-06,4.14664184210417e-06,4.14664184210417e-06,4.14664184210417e-06,4.14664184210417e-06,4.14664184210417e-06,4.14664184210417e-06,4.14664184210417e-06,4.14664184210417e-06,4.14664184210417e-06,4.14664184210417e-06,4.14664184210417e-06,4.14664184210417e-06,4.14664184210417e-06,4.14664184210417e-06,4.14664184210417e-06,4.14664184210417e-06,4.14664184210417e-06,4.14664184210417e-06,4.14664184210417e-06,4.14664184210417e-06,4.14664184210417e-06,4.14664184210417e-06,4.14664184210417e-06,4.14664184210417e-06,4.14664184210417e-06,4.14664184210417e-06,4.14664184210417e-06,4.14664184210417e-06,4.14664184210417e-06,4.14664184210417e-06,4.14664184210417e-06,4.14664184210417e-06,4.14664184210417e-06,4.14664184210417e-06,4.14664184210417e-06,4.14664184210417e-06,4.14664184210417e-06,4.14664184210417e-06,4.14664184210417e-06,4.14664184210417e-06,4.14664184210417e-06,4.14664184210417e-06,4.14664184210417e-06,4.14664184210417e-06,4.14664184210417e-06,4.14664184210417e-06,4.14664184210417e-06,4.14664184210417e-06,4.14664184210417e-06,4.14664184210417e-06,4.14664184210417e-06,4.14664184210417e-06,4.14664184210417e-06,4.14664184210417e-06
4.14664184210417e-06,4.14664184210417e-06,4.14664184210417e-06,4.14664184210417e-06,4.14664184210417e-06,4.14664184210417e-06,4.14664184210417e-06,4.14664184210417e-06,4.14664184210417e-06,4.14664184210417e-06,4.14664184210417e-06,4.14664184210417e-06,4.14664184210417e-06,4.14664184210417e-06,4.14664184210417e-06,4.14664184210417e-06,4.14664184210417e-06,4.14664184210417e-06,4.14664184210417e-06,4.14664184210417e-06,4.14664184210417e-06,4.14664184210417e-06,4.14664184210417e-06,4.14664184210417e-06,4.14664184210417e-06,4.14664184210417e-06,4.14664184210417e-06,4.14664184210417e-06,4.14664184210417e-06,4.14664184210417e-06,4.14664184210417e-06,4.14664184210417e-06,4.14664184210417e-06,4.14664184210417e-06,4.14664184210417e-06,4.14664184210417e-06,4.14664184210417e-06,4.14664184210417e-06,4.14664184210417e-06,4.14664184210417e-06,4.14664184210417e-06,4.14664184210417e-06,4.14664184210417e-06,4.14664184210417e-06,4.14664184210417e-06,4.14664184210417e-06,4.14664184210417e-06,4.14664184210417e-06,4.14664184210417e-06,4.14664184210417e-06,4.14664184210417e-06,4.14664184210417e-06,4.14664184210417e-06,4.14664184210417e-06,4.14664184210417e-06,4.14664184210417e-06,4.14664184210417e-06,4.14664184210417e-06,4.14664184210417e-06,4.14664184210417e-06,4.14664184210417e-06,4.14664184210417e-06,4.14664184210417e-06,4.14664184210417e-06,4.14664184210417e-06,4.14664184210417e-06,4.14664184210417e-06,4.14664184210417e-06,4.14664184210417e-06,4.14664184210417e-06,4.14664184210417e-06,4.14664184210417e-06,4.14664184210417e-06,4.14664184210417e-06,4.14664184210417e-06,4.14664184210417e-06,4.14664184210417e-06,4.14664184210417e-06,4.14664184210417e-06,4.14664184210417e-06,4.14664184210417e-06,4.14664184210417e-06,4.14664184210417e-06,4.14664184210417e-06,4.14664184210417e-06,4.14664184210417e-06,4.14664184210417e-06,4.14664184210417e-06,4.14664184210417e-06,4.14664184210417e-06,4.14664184210417e-06,4.14664184210417e-06,4.14664184210417e-06,4.14664184210417e-06,4.14664184210417e-06,4.14664184210417e-06,4.14664184210417e-06,4.14664184210417e-06,4.14664184210417e-06,4.14664184210417e-06
4.14664184210417e-06,4.14664184210417e-06,4.14664184210417e-06,4.14664184210417e-06,4.14664184210417e-06,4.14664184210417e-06,4.14664184210417e-06,4.14664184210417e-06,4.14664184210417e-06,4.14664184210417e-06,4.14664184210417e-06,4.14664184210417e-06,4.14664184210417e-06,4.14664184210417e-06,4.14664184210417e-06,4.14664184210417e-06,4.14664184210417e-06,4.14664184210417e-06,4.14664184210417e-06,4.14664184210417e-06,4.14664184210417e-06,4.14664184210417e-06,4.14664184210417e-06,4.14664184210417e-06,4.14664184210417e-06,4.14664184210417e-06,4.14664184210417e-06,4.14664184210417e-06,4.14664184210417e-06,4.14664184210417e-06,4.14664184210417e-06,4.14664184210417e-06,4.14664184210417e-06,4.14664184210417e-06,4.14664184210417e-06,4.14664184210417e-06,4.14664184210417e-06,4.14664184210417e-06,4.14664184210417e-06,4.14664184210417e-06,4.14664184210417e-06,4.14664184210417e-06,4.14664184210417e-06,4.14664184210417e-06,4.14664184210417e-06,4.14664184210417e-06,4.14664184210417e-06,4.14664184210417e-06,4.14664184210417e-06,4.14664184210417e-06,4.14664184210417e-06,4.14664184210417e-06,4.14664184210417e-06,4.14664184210417e-06,4.14664184210417e-06,4.14664184210417e-06,4.14664184210417e-06,4.14664184210417e-06,4.14664184210417e-06,4.14664184210417e-06,4.14664184210417e-06,4.14664184210417e-06,4.14664184210417e-06,4.14664184210417e-06,4.14664184210417e-06,4.14664184210417e-06,4.14664184210417e-06,4.14664184210417e-06,4.14664184210417e-06,4.14664184210417e-06,4.14664184210417e-06,4.14664184210417e-06,4.14664184210417e-06,4.14664184210417e-06,4.14664184210417e-06,4.14664184210417e-06,4.14664184210417e-06,4.14664184210417e-06,4.14664184210417e-06,4.14664184210417e-06,4.14664184210417e-06,4.14664184210417e-06,4.14664184210417e-06,4.14664184210417e-06,4.14664184210417e-06,4.14664184210417e-06,4.14664184210417e-06,4.14664184210417e-06,4.14664184210417e-06,4.14664184210417e-06,4.14664184210417e-06,4.14664184210417e-06,4.14664184210417e-06,4.14664184210417e-06,4.14664184210417e-06,4.14664184210417e-06,4.14664184210417e-06,4.14664184210417e-06,4.14664184210417e-06,4.14664184210417e-06
4.14664184210417e-06,4.14664184210417e-06,4.14664184210417e-06,4.14664184210417e-06,4.14664184210417e-06,4.14664184210417e-06,4.14664184210417e-06,4.14664184210417e-06,4.14664184210417e-06,4.14664184210417e-06,4.14664184210417e-06,4.14664184210417e-06,4.14664184210417e-06,4.14664184210417e-06,4.14664184210417e-06,4.14664184210417e-06,4.14664184210417e-06,4.14664184210417e-06,4.14664184210417e-06,4.14664184210417e-06,4.14664184210417e-06,4.14664184210417e-06,4.14664184210417e-06,4.14664184210417e-06,4.14664184210417e-06,4.14664184210417e-06,4.14664184210417e-06,4.14664184210417e-06,4.14664184210417e-06,4.14664184210417e-06,4.14664184210417e-06,4.14664184210417e-06,4.14664184210417e-06,4.14664184210417e-06,4.14664184210417e-06,4.14664184210417e-06,4.14664184210417e-06,4.14664184210417e-06,4.14664184210417e-06,4.14664184210417e-06,4.14664184210417e-06,4.14664184210417e-06,4.14664184210417e-06,4.14664184210417e-06,4.14664184210417e-06,4.14664184210417e-06,4.14664184210417e-06,4.14664184210417e-06,4.14664184210417e-06,4.14664184210417e-06,4.14664184210417e-06,4.14664184210417e-06,4.14664184210417e-06,4.14664184210417e-06,4.14664184210417e-06,4.14664184210417e-06,4.14664184210417e-06,4.14664184210417e-06,4.14664184210417e-06,4.14664184210417e-06,4.14664184210417e-06,4.14664184210417e-06,4.14664184210417e-06,4.14664184210417e-06,4.14664184210417e-06,4.14664184210417e-06,4.14664184210417e-06,4.14664184210417e-06,4.14664184210417e-06,4.14664184210417e-06,4.14664184210417e-06,4.14664184210417e-06,4.14664184210417e-06,4.14664184210417e-06,4.14664184210417e-06,4.14664184210417e-06,4.14664184210417e-06,4.14664184210417e-06,4.14664184210417e-06,4.14664184210417e-06,4.14664184210417e-06,4.14664184210417e-06,4.14664184210417e-06,4.14664184210417e-06,4.14664184210417e-06,4.14664184210417e-06,4.14664184210417e-06,4.14664184210417e-06,4.14664184210417e-06,4.14664184210417e-06,4.14664184210417e-06,4.14664184210417e-06,4.14664184210417e-06,4.14664184210417e-06,4.14664184210417e-06,4.14664184210417e-06,4.14664184210417e-06,4.14664184210417e-06,4.14664184210417e-06,4.14664184210417e-06
4.14664184210417e-06,4.14664184210417e-06,4.14664184210417e-06,4.14664184210417e-06,4.14664184210417e-06,4.14664184210417e-06,4.14664184210417e-06,4.14664184210417e-06,4.14664184210417e-06,4.14664184210417e-06,4.14664184210417e-06,4.14664184210417e-06,4.14664184210417e-06,4.14664184210417e-06,4.14664184210417e-06,4.14664184210417e-06,4.14664184210417e-06,4.14664184210417e-06,4.14664184210417e-06,4.14664184210417e-06,4.14664184210417e-06,4.14664184210417e-06,4.14664184210417e-06,4.14664184210417e-06,4.14664184210417e-06,4.14664184210417e-06,4.14664184210417e-06,4.14664184210417e-06,4.14664184210417e-06,4.14664184210417e-06,4.14664184210417e-06,4.14664184210417e-06,4.14664184210417e-06,4.14664184210417e-06,4.14664184210417e-06,4.14664184210417e-06,4.14664184210417e-06,4.14664184210417e-06,4.14664184210417e-06,4.14664184210417e-06,4.14664184210417e-06,4.14664184210417e-06,4.14664184210417e-06,4.14664184210417e-06,4.14664184210417e-06,4.14664184210417e-06,4.14664184210417e-06,4.14664184210417e-06,4.14664184210417e-06,4.14664184210417e-06,4.14664184210417e-06,4.14664184210417e-06,4.14664184210417e-06,4.14664184210417e-06,4.14664184210417e-06,4.14664184210417e-06,4.14664184210417e-06,4.14664184210417e-06,4.14664184210417e-06,4.14664184210417e-06,4.14664184210417e-06,4.14664184210417e-06,4.14664184210417e-06,4.14664184210417e-06,4.14664184210417e-06,4.14664184210417e-06,4.14664184210417e-06,4.14664184210417e-06,4.14664184210417e-06,4.14664184210417e-06,4.14664184210417e-06,4.14664184210417e-06,4.14664184210417e-06,4.14664184210417e-06,4.14664184210417e-06,4.14664184210417e-06,4.14664184210417e-06,4.14664184210417e-06,4.14664184210417e-06,4.14664184210417e-06,4.14664184210417e-06,4.14664184210417e-06,4.14664184210417e-06,4.14664184210417e-06,4.14664184210417e-06,4.14664184210417e-06,4.14664184210417e-06,4.14664184210417e-06,4.14664184210417e-06,4.14664184210417e-06,4.14664184210417e-06,4.14664184210417e-06,4.14664184210417e-06,4.14664184210417e-06,4.14664184210417e-06,4.14664184210417e-06,4.14664184210417e-06,4.14664184210417e-06,4.14664184210417e-06,4.14664184210417e-06
4.14664184210417e-06,4.14664184210417e-06,4.14664184210417e-06,4.14664184210417e-06,4.14664184210417e-06,4.14664184210417e-06,4.14664184210417e-06,4.14664184210417e-06,4.14664184210417e-06,4.14664184210417e-06,4.14664184210417e-06,4.14664184210417e-06,4.14664184210417e-06,4.14664184210417e-06,4.14664184210417e-06,4.14664184210417e-06,4.14664184210417e-06,4.14664184210417e-06,4.14664184210417e-06,4.14664184210417e-06,4.14664184210417e-06,4.14664184210417e-06,4.14664184210417e-06,4.14664184210417e-06,4.14664184210417e-06,4.14664184210417e-06,4.14664184210417e-06,4.14664184210417e-06,4.14664184210417e-06,4.14664184210417e-06,4.14664184210417e-06,4.14664184210417e-06,4.14664184210417e-06,4.14664184210417e-06,4.14664184210417e-06,4.14664184210417e-06,4.14664184210417e-06,4.14664184210417e-06,4.14664184210417e-06,4.14664184210417e-06,4.14664184210417e-06,4.14664184210417e-06,4.14664184210417e-06,4.14664184210417e-06,4.14664184210417e-06,4.14664184210417e-06,4.14664184210417e-06,4.14664184210417e-06,4.14664184210417e-06,4.14664184210417e-06,4.14664184210417e-06,4.14664184210417e-06,4.14664184210417e-06,4.14664184210417e-06,4.14664184210417e-06,4.14664184210417e-06,4.14664184210417e-06,4.14664184210417e-06,4.14664184210417e-06,4.14664184210417e-06,4.14664184210417e-06,4.14664184210417e-06,4.14664184210417e-06,4.14664184210417e-06,4.14664184210417e-06,4.14664184210417e-06,4.14664184210417e-06,4.14664184210417e-06,4.14664184210417e-06,4.14664184210417e-06,4.14664184210417e-06,4.14664184210417e-06,4.14664184210417e-06,4.14664184210417e-06,4.14664184210417e-06,4.14664184210417e-06,4.14664184210417e-06,4.14664184210417e-06,4.14664184210417e-06,4.14664184210417e-06,4.14664184210417e-06,4.14664184210417e-06,4.14664184210417e-06,4.14664184210417e-06,4.14664184210417e-06,4.14664184210417e-06,4.14664184210417e-06,4.14664184210417e-06,4.14664184210417e-06,4.14664184210417e-06,4.14664184210417e-06,4.14664184210417e-06,4.14664184210417e-06,4.14664184210417e-06,4.14664184210417e-06,4.14664184210417e-06,4.14664184210417e-06,4.14664184210417e-06,4.14664184210417e-06,4.14664184210417e-06
4.14664184210417e-06,4.14664184210417e-06,4.14664184210417e-06,4.14664184210417e-06,4.14664184210417e-06,4.14664184210417e-06,4.14664184210417e-06,4.14664184210417e-06,4.14664184210417e-06,4.14664184210417e-06,4.14664184210417e-06,4.14664184210417e-06,4.14664184210417e-06,4.14664184210417e-06,4.14664184210417e-06,4.14664184210417e-06,4.14664184210417e-06,4.14664184210417e-06,4.14664184210417e-06,4.14664184210417e-06,4.14664184210417e-06,4.14664184210417e-06,4.14664184210417e-06,4.14664184210417e-06,4.14664184210417e-06,4.14664184210417e-06,4.14664184210417e-06,4.14664184210417e-06,4.14664184210417e-06,4.14664184210417e-06,4.14664184210417e-06,4.14664184210417e-06,4.14664184210417e-06,4.14664184210417e-06,4.14664184210417e-06,4.14664184210417e-06,4.14664184210417e-06,4.14664184210417e-06,4.14664184210417e-06,4.14664184210417e-06,4.14664184210417e-06,4.14664184210417e-06,4.14664184210417e-06,4.14664184210417e-06,4.14664184210417e-06,4.14664184210417e-06,4.14664184210417e-06,4.14664184210417e-06,4.14664184210417e-06,4.14664184210417e-06,4.14664184210417e-06,4.14664184210417e-06,4.14664184210417e-06,4.14664184210417e-06,4.14664184210417e-06,4.14664184210417e-06,4.14664184210417e-06,4.14664184210417e-06,4.14664184210417e-06,4.14664184210417e-06,4.14664184210417e-06,4.14664184210417e-06,4.14664184210417e-06,4.14664184210417e-06,4.14664184210417e-06,4.14664184210417e-06,4.14664184210417e-06,4.14664184210417e-06,4.14664184210417e-06,4.14664184210417e-06,4.14664184210417e-06,4.14664184210417e-06,4.14664184210417e-06,4.14664184210417e-06,4.14664184210417e-06,4.14664184210417e-06,4.14664184210417e-06,4.14664184210417e-06,4.14664184210417e-06,4.14664184210417e-06,4.14664184210417e-06,4.14664184210417e-06,4.14664184210417e-06,4.14664184210417e-06,4.14664184210417e-06,4.14664184210417e-06,4.14664184210417e-06,4.14664184210417e-06,4.14664184210417e-06,4.14664184210417e-06,4.14664184210417e-06,4.14664184210417e-06,4.14664184210417e-06,4.14664184210417e-06,4.14664184210417e-06,4.14664184210417e-06,4.14664184210417e-06,4.14664184210417e-06,4.14664184210417e-06,4.14664184210417e-06
4.14664184210417e-06,4.14664184210417e-06,4.14664184210417e-06,4.14664184210417e-06,4.14664184210417e-06,4.14664184210417e-06,4.14664184210417e-06,4.14664184210417e-06,4.14664184210417e-06,4.14664184210417e-06,4.14664184210417e-06,4.14664184210417e-06,4.14664184210417e-06,4.14664184210417e-06,4.14664184210417e-06,4.14664184210417e-06,4.14664184210417e-06,4.14664184210417e-06,4.14664184210417e-06,4.14664184210417e-06,4.14664184210417e-06,4.14664184210417e-06,4.14664184210417e-06,4.14664184210417e-06,4.14664184210417e-06,4.14664184210417e-06,4.14664184210417e-06,4.14664184210417e-06,4.14664184210417e-06,4.14664184210417e-06,4.14664184210417e-06,4.14664184210417e-06,4.14664184210417e-06,4.14664184210417e-06,4.14664184210417e-06,4.14664184210417e-06,4.14664184210417e-06,4.14664184210417e-06,4.14664184210417e-06,4.14664184210417e-06,4.14664184210417e-06,4.14664184210417e-06,4.14664184210417e-06,4.14664184210417e-06,4.14664184210417e-06,4.14664184210417e-06,4.14664184210417e-06,4.14664184210417e-06,4.14664184210417e-06,4.14664184210417e-06,4.14664184210417e-06,4.14664184210417e-06,4.14664184210417e-06,4.14664184210417e-06,4.14664184210417e-06,4.14664184210417e-06,4.14664184210417e-06,4.14664184210417e-06,4.14664184210417e-06,4.14664184210417e-06,4.14664184210417e-06,4.14664184210417e-06,4.14664184210417e-06,4.14664184210417e-06,4.14664184210417e-06,4.14664184210417e-06,4.14664184210417e-06,4.14664184210417e-06,4.14664184210417e-06,4.14664184210417e-06,4.14664184210417e-06,4.14664184210417e-06,4.14664184210417e-06,4.14664184210417e-06,4.14664184210417e-06,4.14664184210417e-06,4.14664184210417e-06,4.14664184210417e-06,4.14664184210417e-06,4.14664184210417e-06,4.14664184210417e-06,4.14664184210417e-06,4.14664184210417e-06,4.14664184210417e-06,4.14664184210417e-06,4.14664184210417e-06,4.14664184210417e-06,4.14664184210417e-06,4.14664184210417e-06,4.14664184210417e-06,4.14664184210417e-06,4.14664184210417e-06,4.14664184210417e-06,4.14664184210417e-06,4.14664184210417e-06,4.14664184210417e-06,4.14664184210417e-06,4.14664184210417e-06,4.14664184210417e-06,4.14664184210417e-06
4.14664184210417e-06,4.14664184210417e-06,4.14664184210417e-06,4.14664184210417e-06,4.14664184210417e-06,4.14664184210417e-06,4.14664184210417e-06,4.14664184210417e-06,4.14664184210417e-06,4.14664184210417e-06,4.14664184210417e-06,4.14664184210417e-06,4.14664184210417e-06,4.14664184210417e-06,4.14664184210417e-06,4.14664184210417e-06,4.14664184210417e-06,4.14664184210417e-06,4.14664184210417e-06,4.14664184210417e-06,4.14664184210417e-06,4.14664184210417e-06,4.14664184210417e-06,4.14664184210417e-06,4.14664184210417e-06,4.14664184210417e-06,4.14664184210417e-06,4.14664184210417e-06,4.14664184210417e-06,4.14664184210417e-06,4.14664184210417e-06,4.14664184210417e-06,4.14664184210417e-06,4.14664184210417e-06,4.14664184210417e-06,4.14664184210417e-06,4.14664184210417e-06,4.14664184210417e-06,4.14664184210417e-06,4.14664184210417e-06,4.14664184210417e-06,4.14664184210417e-06,4.14664184210417e-06,4.14664184210417e-06,4.14664184210417e-06,4.14664184210417e-06,4.14664184210417e-06,4.14664184210417e-06,4.14664184210417e-06,4.14664184210417e-06,4.14664184210417e-06,4.14664184210417e-06,4.14664184210417e-06,4.14664184210417e-06,4.14664184210417e-06,4.14664184210417e-06,4.14664184210417e-06,4.14664184210417e-06,4.14664184210417e-06,4.14664184210417e-06,4.14664184210417e-06,4.14664184210417e-06,4.14664184210417e-06,4.14664184210417e-06,4.14664184210417e-06,4.14664184210417e-06,4.14664184210417e-06,4.14664184210417e-06,4.14664184210417e-06,4.14664184210417e-06,4.14664184210417e-06,4.14664184210417e-06,4.14664184210417e-06,4.14664184210417e-06,4.14664184210417e-06,4.14664184210417e-06,4.14664184210417e-06,4.14664184210417e-06,4.14664184210417e-06,4.14664184210417e-06,4.14664184210417e-06,4.14664184210417e-06,4.14664184210417e-06,4.14664184210417e-06,4.14664184210417e-06,4.14664184210417e-06,4.14664184210417e-06,4.14664184210417e-06,4.14664184210417e-06,4.14664184210417e-06,4.14664184210417e-06,4.14664184210417e-06,4.14664184210417e-06,4.14664184210417e-06,4.14664184210417e-06,4.14664184210417e-06,4.14664184210417e-06,4.14664184210417e-06,4.14664184210417e-06,4.14664184210417e-06
4.14664184210417e-06,4.14664184210417e-06,4.14664184210417e-06,4.14664184210417e-06,4.14664184210417e-06,4.14664184210417e-06,4.14664184210417e-06,4.14664184210417e-06,4.14664184210417e-06,4.14664184210417e-06,4.14664184210417e-06,4.14664184210417e-06,4.14664184210417e-06,4.14664184210417e-06,4.14664184210417e-06,4.14664184210417e-06,4.14664184210417e-06,4.14664184210417e-06,4.14664184210417e-06,4.14664184210417e-06,4.14664184210417e-06,4.14664184210417e-06,4.14664184210417e-06,4.14664184210417e-06,4.14664184210417e-06,4.14664184210417e-06,4.14664184210417e-06,4.14664184210417e-06,4.14664184210417e-06,4.14664184210417e-06,4.14664184210417e-06,4.14664184210417e-06,4.14664184210417e-06,4.14664184210417e-06,4.14664184210417e-06,4.14664184210417e-06,4.14664184210417e-06,4.14664184210417e-06,4.14664184210417e-06,4.14664184210417e-06,4.14664184210417e-06,4.14664184210417e-06,4.14664184210417e-06,4.14664184210417e-06,4.14664184210417e-06,4.14664184210417e-06,4.14664184210417e-06,4.14664184210417e-06,4.14664184210417e-06,4.14664184210417e-06,4.14664184210417e-06,4.14664184210417e-06,4.14664184210417e-06,4.14664184210417e-06,4.14664184210417e-06,4.14664184210417e-06,4.14664184210417e-06,4.14664184210417e-06,4.14664184210417e-06,4.14664184210417e-06,4.14664184210417e-06,4.14664184210417e-06,4.14664184210417e-06,4.14664184210417e-06,4.14664184210417e-06,4.14664184210417e-06,4.14664184210417e-06,4.14664184210417e-06,4.14664184210417e-06,4.14664184210417e-06,4.14664184210417e-06,4.14664184210417e-06,4.14664184210417e-06,4.14664184210417e-06,4.14664184210417e-06,4.14664184210417e-06,4.14664184210417e-06,4.14664184210417e-06,4.14664184210417e-06,4.14664184210417e-06,4.14664184210417e-06,4.14664184210417e-06,4.14664184210417e-06,4.14664184210417e-06,4.14664184210417e-06,4.14664184210417e-06,4.14664184210417e-06,4.14664184210417e-06,4.14664184210417e-06,4.14664184210417e-06,4.14664184210417e-06,4.14664184210417e-06,4.14664184210417e-06,4.14664184210417e-06,4.14664184210417e-06,4.14664184210417e-06,4.14664184210417e-06,4.14664184210417e-06,4.14664184210417e-06,4.14664184210417e-06
4.14664184210417e-06,4.14664184210417e-06,4.14664184210417e-06,4.14664184210417e-06,4.14664184210417e-06,4.14664184210417e-06,4.14664184210417e-06,4.14664184210417e-06,4.14664184210417e-06,4.14664184210417e-06,4.14664184210417e-06,4.14664184210417e-06,4.14664184210417e-06,4.14664184210417e-06,4.14664184210417e-06,4.14664184210417e-06,4.14664184210417e-06,4.14664184210417e-06,4.14664184210417e-06,4.14664184210417e-06,4.14664184210417e-06,4.14664184210417e-06,4.14664184210417e-06,4.14664184210417e-06,4.14664184210417e-06,4.14664184210417e-06,4.14664184210417e-06,4.14664184210417e-06,4.14664184210417e-06,4.14664184210417e-06,4.14664184210417e-06,4.14664184210417e-06,4.14664184210417e-06,4.14664184210417e-06,4.14664184210417e-06,4.14664184210417e-06,4.14664184210417e-06,4.14664184210417e-06,4.14664184210417e-06,4.14664184210417e-06,4.14664184210417e-06,4.14664184210417e-06,4.14664184210417e-06,4.14664184210417e-06,4.14664184210417e-06,4.14664184210417e-06,4.14664184210417e-06,4.14664184210417e-06,4.14664184210417e-06,4.14664184210417e-06,4.14664184210417e-06,4.14664184210417e-06,4.14664184210417e-06,4.14664184210417e-06,4.14664184210417e-06,4.14664184210417e-06,4.14664184210417e-06,4.14664184210417e-06,4.14664184210417e-06,4.14664184210417e-06,4.14664184210417e-06,4.14664184210417e-06,4.14664184210417e-06,4.14664184210417e-06,4.14664184210417e-06,4.14664184210417e-06,4.14664184210417e-06,4.14664184210417e-06,4.14664184210417e-06,4.14664184210417e-06,4.14664184210417e-06,4.14664184210417e-06,4.14664184210417e-06,4.14664184210417e-06,4.14664184210417e-06,4.14664184210417e-06,4.14664184210417e-06,4.14664184210417e-06,4.14664184210417e-06,4.14664184210417e-06,4.14664184210417e-06,4.14664184210417e-06,4.14664184210417e-06,4.14664184210417e-06,4.14664184210417e-06,4.14664184210417e-06,4.14664184210417e-06,4.14664184210417e-06,4.14664184210417e-06,4.14664184210417e-06,4.14664184210417e-06,4.14664184210417e-06,4.14664184210417e-06,4.14664184210417e-06,4.14664184210417e-06,4.14664184210417e-06,4.14664184210417e-06,4.14664184210417e-06,4.14664184210417e-06,4.14664184210417e-06
4.14664184210417e-06,4.14664184210417e-06,4.14664184210417e-06,4.14664184210417e-06,4.14664184210417e-06,4.14664184210417e-06,4.14664184210417e-06,4.14664184210417e-06,4.14664184210417e-06,4.14664184210417e-06,4.14664184210417e-06,4.14664184210417e-06,4.14664184210417e-06,4.14664184210417e-06,4.14664184210417e-06,4.14664184210417e-06,4.14664184210417e-06,4.14664184210417e-06,4.14664184210417e-06,4.14664184210417e-06,4.14664184210417e-06,4.14664184210417e-06,4.14664184210417e-06,4.14664184210417e-06,4.14664184210417e-06,4.14664184210417e-06,4.14664184210417e-06,4.14664184210417e-06,4.14664184210417e-06,4.14664184210417e-06,4.14664184210417e-06,4.14664184210417e-06,4.14664184210417e-06,4.14664184210417e-06,4.14664184210417e-06,4.14664184210417e-06,4.14664184210417e-06,4.14664184210417e-06,4.14664184210417e-06,4.14664184210417e-06,4.14664184210417e-06,4.14664184210417e-06,4.14664184210417e-06,4.14664184210417e-06,4.14664184210417e-06,4.14664184210417e-06,4.14664184210417e-06,4.14664184210417e-06,4.14664184210417e-06,4.14664184210417e-06,4.14664184210417e-06,4.14664184210417e-06,4.14664184210417e-06,4.14664184210417e-06,4.14664184210417e-06,4.14664184210417e-06,4.14664184210417e-06,4.14664184210417e-06,4.14664184210417e-06,4.14664184210417e-06,4.14664184210417e-06,4.14664184210417e-06,4.14664184210417e-06,4.14664184210417e-06,4.14664184210417e-06,4.14664184210417e-06,4.14664184210417e-06,4.14664184210417e-06,4.14664184210417e-06,4.14664184210417e-06,4.14664184210417e-06,4.14664184210417e-06,4.14664184210417e-06,4.14664184210417e-06,4.14664184210417e-06,4.14664184210417e-06,4.14664184210417e-06,4.14664184210417e-06,4.14664184210417e-06,4.14664184210417e-06,4.14664184210417e-06,4.14664184210417e-06,4.14664184210417e-06,4.14664184210417e-06,4.14664184210417e-06,4.14664184210417e-06,4.14664184210417e-06,4.14664184210417e-06,4.14664184210417e-06,4.14664184210417e-06,4.14664184210417e-06,4.14664184210417e-06,4.14664184210417e-06,4.14664184210417e-06,4.14664184210417e-06,4.14664184210417e-06,4.14664184210417e-06,4.14664184210417e-06,4.14664184210417e-06,4.14664184210417e-06
4.14664184210417e-06,4.14664184210417e-06,4.14664184210417e-06,4.14664184210417e-06,4.14664184210417e-06,4.14664184210417e-06,4.14664184210417e-06,4.14664184210417e-06,4.14664184210417e-06,4.14664184210417e-06,4.14664184210417e-06,4.14664184210417e-06,4.14664184210417e-06,4.14664184210417e-06,4.14664184210417e-06,4.14664184210417e-06,4.14664184210417e-06,4.14664184210417e-06,4.14664184210417e-06,4.14664184210417e-06,4.14664184210417e-06,4.14664184210417e-06,4.14664184210417e-06,4.14664184210417e-06,4.14664184210417e-06,4.14664184210417e-06,4.14664184210417e-06,4.14664184210417e-06,4.14664184210417e-06,4.14664184210417e-06,4.14664184210417e-06,4.14664184210417e-06,4.14664184210417e-06,4.14664184210417e-06,4.14664184210417e-06,4.14664184210417e-06,4.14664184210417e-06,4.14664184210417e-06,4.14664184210417e-06,4.14664184210417e-06,4.14664184210417e-06,4.14664184210417e-06,4.14664184210417e-06,4.14664184210417e-06,4.14664184210417e-06,4.14664184210417e-06,4.14664184210417e-06,4.14664184210417e-06,4.14664184210417e-06,4.14664184210417e-06,4.14664184210417e-06,4.14664184210417e-06,4.14664184210417e-06,4.14664184210417e-06,4.14664184210417e-06,4.14664184210417e-06,4.14664184210417e-06,4.14664184210417e-06,4.14664184210417e-06,4.14664184210417e-06,4.14664184210417e-06,4.14664184210417e-06,4.14664184210417e-06,4.14664184210417e-06,4.14664184210417e-06,4.14664184210417e-06,4.14664184210417e-06,4.14664184210417e-06,4.14664184210417e-06,4.14664184210417e-06,4.14664184210417e-06,4.14664184210417e-06,4.14664184210417e-06,4.14664184210417e-06,4.14664184210417e-06,4.14664184210417e-06,4.14664184210417e-06,4.14664184210417e-06,4.14664184210417e-06,4.14664184210417e-06,4.14664184210417e-06,4.14664184210417e-06,4.14664184210417e-06,4.14664184210417e-06,4.14664184210417e-06,4.14664184210417e-06,4.14664184210417e-06,4.14664184210417e-06,4.14664184210417e-06,4.14664184210417e-06,4.14664184210417e-06,4.14664184210417e-06,4.14664184210417e-06,4.14664184210417e-06,4.14664184210417e-06,4.14664184210417e-06,4.14664184210417e-06,4.14664184210417e-06,4.14664184210417e-06,4.14664184210417e-06
4.14664184210417e-06,4.14664184210417e-06,4.14664184210417e-06,4.14664184210417e-06,4.14664184210417e-06,4.14664184210417e-06,4.14664184210417e-06,4.14664184210417e-06,4.14664184210417e-06,4.14664184210417e-06,4.14664184210417e-06,4.14664184210417e-06,4.14664184210417e-06,4.14664184210417e-06,4.14664184210417e-06,4.14664184210417e-06,4.14664184210417e-06,4.14664184210417e-06,4.14664184210417e-06,4.14664184210417e-06,4.14664184210417e-06,4.14664184210417e-06,4.14664184210417e-06,4.14664184210417e-06,4.14664184210417e-06,4.14664184210417e-06,4.14664184210417e-06,4.14664184210417e-06,4.14664184210417e-06,4.14664184210417e-06,4.14664184210417e-06,4.14664184210417e-06,4.14664184210417e-06,4.14664184210417e-06,4.14664184210417e-06,4.14664184210417e-06,4.14664184210417e-06,4.14664184210417e-06,4.14664184210417e-06,4.14664184210417e-06,4.14664184210417e-06,4.14664184210417e-06,4.14664184210417e-06,4.14664184210417e-06,4.14664184210417e-06,4.14664184210417e-06,4.14664184210417e-06,4.14664184210417e-06,4.14664184210417e-06,4.14664184210417e-06,4.14664184210417e-06,4.14664184210417e-06,4.14664184210417e-06,4.14664184210417e-06,4.14664184210417e-06,4.14664184210417e-06,4.14664184210417e-06,4.14664184210417e-06,4.14664184210417e-06,4.14664184210417e-06,4.14664184210417e-06,4.14664184210417e-06,4.14664184210417e-06,4.14664184210417e-06,4.14664184210417e-06,4.14664184210417e-06,4.14664184210417e-06,4.14664184210417e-06,4.14664184210417e-06,4.14664184210417e-06,4.14664184210417e-06,4.14664184210417e-06,4.14664184210417e-06,4.14664184210417e-06,4.14664184210417e-06,4.14664184210417e-06,4.14664184210417e-06,4.14664184210417e-06,4.14664184210417e-06,4.14664184210417e-06,4.14664184210417e-06,4.14664184210417e-06,4.14664184210417e-06,4.14664184210417e-06,4.14664184210417e-06,4.14664184210417e-06,4.14664184210417e-06,4.14664184210417e-06,4.14664184210417e-06,4.14664184210417e-06,4.14664184210417e-06,4.14664184210417e-06,4.14664184210417e-06,4.14664184210417e-06,4.14664184210417e-06,4.14664184210417e-06,4.14664184210417e-06,4.14664184210417e-06,4.14664184210417e-06,4.14664184210417e-06
4.14664184210417e-06,4.14664184210417e-06,4.14664184210417e-06,4.14664184210417e-06,4.14664184210417e-06,4.14664184210417e-06,4.14664184210417e-06,4.14664184210417e-06,4.14664184210417e-06,4.14664184210417e-06,4.14664184210417e-06,4.14664184210417e-06,4.14664184210417e-06,4.14664184210417e-06,4.14664184210417e-06,4.14664184210417e-06,4.14664184210417e-06,4.14664184210417e-06,4.14664184210417e-06,4.14664184210417e-06,4.14664184210417e-06,4.14664184210417e-06,4.14664184210417e-06,4.14664184210417e-06,4.14664184210417e-06,4.14664184210417e-06,4.14664184210417e-06,4.14664184210417e-06,4.14664184210417e-06,4.14664184210417e-06,4.14664184210417e-06,4.14664184210417e-06,4.14664184210417e-06,4.14664184210417e-06,4.14664184210417e-06,4.14664184210417e-06,4.14664184210417e-06,4.14664184210417e-06,4.14664184210417e-06,4.14664184210417e-06,4.14664184210417e-06,4.14664184210417e-06,4.14664184210417e-06,4.14664184210417e-06,4.14664184210417e-06,4.14664184210417e-06,4.14664184210417e-06,4.14664184210417e-06,4.14664184210417e-06,4.14664184210417e-06,4.14664184210417e-06,4.14664184210417e-06,4.14664184210417e-06,4.14664184210417e-06,4.14664184210417e-06,4.14664184210417e-06,4.14664184210417e-06,4.14664184210417e-06,4.14664184210417e-06,4.14664184210417e-06,4.14664184210417e-06,4.14664184210417e-06,4.14664184210417e-06,4.14664184210417e-06,4.14664184210417e-06,4.14664184210417e-06,4.14664184210417e-06,4.14664184210417e-06,4.14664184210417e-06,4.14664184210417e-06,4.14664184210417e-06,4.14664184210417e-06,4.14664184210417e-06,4.14664184210417e-06,4.14664184210417e-06,4.14664184210417e-06,4.14664184210417e-06,4.14664184210417e-06,4.14664184210417e-06,4.14664184210417e-06,4.14664184210417e-06,4.14664184210417e-06,4.14664184210417e-06,4.14664184210417e-06,4.14664184210417e-06,4.14664184210417e-06,4.14664184210417e-06,4.14664184210417e-06,4.14664184210417e-06,4.14664184210417e-06,4.14664184210417e-06,4.14664184210417e-06,4.14664184210417e-06,4.14664184210417e-06,4.14664184210417e-06,4.14664184210417e-06,4.14664184210417e-06,4.14664184210417e-06,4.14664184210417e-06,4.14664184210417e-06
4.14664184210417e-06,4.14664184210417e-06,4.14664184210417e-06,4.14664184210417e-06,4.14664184210417e-06,4.14664184210417e-06,4.14664184210417e-06,4.14664184210417e-06,4.14664184210417e-06,4.14664184210417e-06,4.14664184210417e-06,4.14664184210417e-06,4.14664184210417e-06,4.14664184210417e-06,4.14664184210417e-06,4.14664184210417e-06,4.14664184210417e-06,4.14664184210417e-06,4.14664184210417e-06,4.14664184210417e-06,4.14664184210417e-06,4.14664184210417e-06,4.14664184210417e-06,4.14664184210417e-06,4.14664184210417e-06,4.14664184210417e-06,4.14664184210417e-06,4.14664184210417e-06,4.14664184210417e-06,4.14664184210417e-06,4.14664184210417e-06,4.14664184210417e-06,4.14664184210417e-06,4.14664184210417e-06,4.14664184210417e-06,4.14664184210417e-06,4.14664184210417e-06,4.14664184210417e-06,4.14664184210417e-06,4.14664184210417e-06,4.14664184210417e-06,4.14664184210417e-06,4.14664184210417e-06,4.14664184210417e-06,4.14664184210417e-06,4.14664184210417e-06,4.14664184210417e-06,4.14664184210417e-06,4.14664184210417e-06,4.14664184210417e-06,4.14664184210417e-06,4.14664184210417e-06,4.14664184210417e-06,4.14664184210417e-06,4.14664184210417e-06,4.14664184210417e-06,4.14664184210417e-06,4.14664184210417e-06,4.14664184210417e-06,4.14664184210417e-06,4.14664184210417e-06,4.14664184210417e-06,4.14664184210417e-06,4.14664184210417e-06,4.14664184210417e-06,4.14664184210417e-06,4.14664184210417e-06,4.14664184210417e-06,4.14664184210417e-06,4.14664184210417e-06,4.14664184210417e-06,4.14664184210417e-06,4.14664184210417e-06,4.14664184210417e-06,4.14664184210417e-06,4.14664184210417e-06,4.14664184210417e-06,4.14664184210417e-06,4.14664184210417e-06,4.14664184210417e-06,4.14664184210417e-06,4.14664184210417e-06,4.14664184210417e-06,4.14664184210417e-06,4.14664184210417e-06,4.14664184210417e-06,4.14664184210417e-06,4.14664184210417e-06,4.14664184210417e-06,4.14664184210417e-06,4.14664184210417e-06,4.14664184210417e-06,4.14664184210417e-06,4.14664184210417e-06,4.14664184210417e-06,4.14664184210417e-06,4.14664184210417e-06,4.14664184210417e-06,4.14664184210417e-06,4.14664184210417e-06
4.14664184210417e-06,4.14664184210417e-06,4.14664184210417e-06,4.14664184210417e-06,4.14664184210417e-06,4.14664184210417e-06,4.14664184210417e-06,4.14664184210417e-06,4.14664184210417e-06,4.14664184210417e-06,4.14664184210417e-06,4.14664184210417e-06,4.14664184210417e-06,4.14664184210417e-06,4.14664184210417e-06,4.14664184210417e-06,4.14664184210417e-06,4.14664184210417e-06,4.14664184210417e-06,4.14664184210417e-06,4.14664184210417e-06,4.14664184210417e-06,4.14664184210417e-06,4.14664184210417e-06,4.14664184210417e-06,4.14664184210417e-06,4.14664184210417e-06,4.14664184210417e-06,4.14664184210417e-06,4.14664184210417e-06,4.14664184210417e-06,4.14664184210417e-06,4.14664184210417e-06,4.14664184210417e-06,4.14664184210417e-06,4.14664184210417e-06,4.14664184210417e-06,4.14664184210417e-06,4.14664184210417e-06,4.14664184210417e-06,4.14664184210417e-06,4.14664184210417e-06,4.14664184210417e-06,4.14664184210417e-06,4.14664184210417e-06,4.14664184210417e-06,4.14664184210417e-06,4.14664184210417e-06,4.14664184210417e-06,4.14664184210417e-06,4.14664184210417e-06,4.14664184210417e-06,4.14664184210417e-06,4.14664184210417e-06,4.14664184210417e-06,4.14664184210417e-06,4.14664184210417e-06,4.14664184210417e-06,4.14664184210417e-06,4.14664184210417e-06,4.14664184210417e-06,4.14664184210417e-06,4.14664184210417e-06,4.14664184210417e-06,4.14664184210417e-06,4.14664184210417e-06,4.14664184210417e-06,4.14664184210417e-06,4.14664184210417e-06,4.14664184210417e-06,4.14664184210417e-06,4.14664184210417e-06,4.14664184210417e-06,4.14664184210417e-06,4.14664184210417e-06,4.14664184210417e-06,4.14664184210417e-06,4.14664184210417e-06,4.14664184210417e-06,4.14664184210417e-06,4.14664184210417e-06,4.14664184210417e-06,4.14664184210417e-06,4.14664184210417e-06,4.14664184210417e-06,4.14664184210417e-06,4.14664184210417e-06,4.14664184210417e-06,4.14664184210417e-06,4.14664184210417e-06,4.14664184210417e-06,4.14664184210417e-06,4.14664184210417e-06,4.14664184210417e-06,4.14664184210417e-06,4.14664184210417e-06,4.14664184210417e-06,4.14664184210417e-06,4.14664184210417e-06,4.14664184210417e-06
4.14664184210417e-06,4.14664184210417e-06,4.14664184210417e-06,4.14664184210417e-06,4.14664184210417e-06,4.14664184210417e-06,4.14664184210417e-06,4.14664184210417e-06,4.14664184210417e-06,4.14664184210417e-06,4.14664184210417e-06,4.14664184210417e-06,4.14664184210417e-06,4.14664184210417e-06,4.14664184210417e-06,4.14664184210417e-06,4.14664184210417e-06,4.14664184210417e-06,4.14664184210417e-06,4.14664184210417e-06,4.14664184210417e-06,4.14664184210417e-06,4.14664184210417e-06,4.14664184210417e-06,4.14664184210417e-06,4.14664184210417e-06,4.14664184210417e-06,4.14664184210417e-06,4.14664184210417e-06,4.14664184210417e-06,4.14664184210417e-06,4.14664184210417e-06,4.14664184210417e-06,4.14664184210417e-06,4.14664184210417e-06,4.14664184210417e-06,4.14664184210417e-06,4.14664184210417e-06,4.14664184210417e-06,4.14664184210417e-06,4.14664184210417e-06,4.14664184210417e-06,4.14664184210417e-06,4.14664184210417e-06,4.14664184210417e-06,4.14664184210417e-06,4.14664184210417e-06,4.14664184210417e-06,4.14664184210417e-06,4.14664184210417e-06,4.14664184210417e-06,4.14664184210417e-06,4.14664184210417e-06,4.14664184210417e-06,4.14664184210417e-06,4.14664184210417e-06,4.14664184210417e-06,4.14664184210417e-06,4.14664184210417e-06,4.14664184210417e-06,4.14664184210417e-06,4.14664184210417e-06,4.14664184210417e-06,4.14664184210417e-06,4.14664184210417e-06,4.14664184210417e-06,4.14664184210417e-06,4.14664184210417e-06,4.14664184210417e-06,4.14664184210417e-06,4.14664184210417e-06,4.14664184210417e-06,4.14664184210417e-06,4.14664184210417e-06,4.14664184210417e-06,4.14664184210417e-06,4.14664184210417e-06,4.14664184210417e-06,4.14664184210417e-06,4.14664184210417e-06,4.14664184210417e-06,4.14664184210417e-06,4.14664184210417e-06,4.14664184210417e-06,4.14664184210417e-06,4.14664184210417e-06,4.14664184210417e-06,4.14664184210417e-06,4.14664184210417e-06,4.14664184210417e-06,4.14664184210417e-06,4.14664184210417e-06,4.14664184210417e-06,4.14664184210417e-06,4.14664184210417e-06,4.14664184210417e-06,4.14664184210417e-06,4.14664184210417e-06,4.14664184210417e-06,4.14664184210417e-06
4.14664184210417e-06,4.14664184210417e-06,4.14664184210417e-06,4.14664184210417e-06,4.14664184210417e-06,4.14664184210417e-06,4.14664184210417e-06,4.14664184210417e-06,4.14664184210417e-06,4.14664184210417e-06,4.14664184210417e-06,4.14664184210417e-06,4.14664184210417e-06,4.14664184210417e-06,4.14664184210417e-06,4.14664184210417e-06,4.14664184210417e-06,4.14664184210417e-06,4.14664184210417e-06,4.14664184210417e-06,4.14664184210417e-06,4.14664184210417e-06,4.14664184210417e-06,4.14664184210417e-06,4.14664184210417e-06,4.14664184210417e-06,4.14664184210417e-06,4.14664184210417e-06,4.14664184210417e-06,4.14664184210417e-06,4.14664184210417e-06,4.14664184210417e-06,4.14664184210417e-06,4.14664184210417e-06,4.14664184210417e-06,4.14664184210417e-06,4.14664184210417e-06,4.14664184210417e-06,4.14664184210417e-06,4.14664184210417e-06,4.14664184210417e-06,4.14664184210417e-06,4.14664184210417e-06,4.14664184210417e-06,4.14664184210417e-06,4.14664184210417e-06,4.14664184210417e-06,4.14664184210417e-06,4.14664184210417e-06,4.14664184210417e-06,4.14664184210417e-06,4.14664184210417e-06,4.14664184210417e-06,4.14664184210417e-06,4.14664184210417e-06,4.14664184210417e-06,4.14664184210417e-06,4.14664184210417e-06,4.14664184210417e-06,4.14664184210417e-06,4.14664184210417e-06,4.14664184210417e-06,4.14664184210417e-06,4.14664184210417e-06,4.14664184210417e-06,4.14664184210417e-06,4.14664184210417e-06,4.14664184210417e-06,4.14664184210417e-06,4.14664184210417e-06,4.14664184210417e-06,4.14664184210417e-06,4.14664184210417e-06,4.14664184210417e-06,4.14664184210417e-06,4.14664184210417e-06,4.14664184210417e-06,4.14664184210417e-06,4.14664184210417e-06,4.14664184210417e-06,4.14664184210417e-06,4.14664184210417e-06,4.14664184210417e-06,4.14664184210417e-06,4.14664184210417e-06,4.14664184210417e-06,4.14664184210417e-06,4.14664184210417e-06,4.14664184210417e-06,4.14664184210417e-06,4.14664184210417e-06,4.14664184210417e-06,4.14664184210417e-06,4.14664184210417e-06,4.14664184210417e-06,4.14664184210417e-06,4.14664184210417e-06,4.14664184210417e-06,4.14664184210417e-06,4.14664184210417e-06
4.14664184210417e-06,4.14664184210417e-06,4.14664184210417e-06,4.14664184210417e-06,4.14664184210417e-06,4.14664184210417e-06,4.14664184210417e-06,4.14664184210417e-06,4.14664184210417e-06,4.14664184210417e-06,4.14664184210417e-06,4.14664184210417e-06,4.14664184210417e-06,4.14664184210417e-06,4.14664184210417e-06,4.14664184210417e-06,4.14664184210417e-06,4.14664184210417e-06,4.14664184210417e-06,4.14664184210417e-06,4.14664184210417e-06,4.14664184210417e-06,4.14664184210417e-06,4.14664184210417e-06,4.14664184210417e-06,4.14664184210417e-06,4.14664184210417e-06,4.14664184210417e-06,4.14664184210417e-06,4.14664184210417e-06,4.14664184210417e-06,4.14664184210417e-06,4.14664184210417e-06,4.14664184210417e-06,4.14664184210417e-06,4.14664184210417e-06,4.14664184210417e-06,4.14664184210417e-06,4.14664184210417e-06,4.14664184210417e-06,4.14664184210417e-06,4.14664184210417e-06,4.14664184210417e-06,4.14664184210417e-06,4.14664184210417e-06,4.14664184210417e-06,4.14664184210417e-06,4.14664184210417e-06,4.14664184210417e-06,4.14664184210417e-06,4.14664184210417e-06,4.14664184210417e-06,4.14664184210417e-06,4.14664184210417e-06,4.14664184210417e-06,4.14664184210417e-06,4.14664184210417e-06,4.14664184210417e-06,4.14664184210417e-06,4.14664184210417e-06,4.14664184210417e-06,4.14664184210417e-06,4.14664184210417e-06,4.14664184210417e-06,4.14664184210417e-06,4.14664184210417e-06,4.14664184210417e-06,4.14664184210417e-06,4.14664184210417e-06,4.14664184210417e-06,4.14664184210417e-06,4.14664184210417e-06,4.14664184210417e-06,4.14664184210417e-06,4.14664184210417e-06,4.14664184210417e-06,4.14664184210417e-06,4.14664184210417e-06,4.14664184210417e-06,4.14664184210417e-06,4.14664184210417e-06,4.14664184210417e-06,4.14664184210417e-06,4.14664184210417e-06,4.14664184210417e-06,4.14664184210417e-06,4.14664184210417e-06,4.14664184210417e-06,4.14664184210417e-06,4.14664184210417e-06,4.14664184210417e-06,4.14664184210417e-06,4.14664184210417e-06,4.14664184210417e-06,4.14664184210417e-06,4.14664184210417e-06,4.14664184210417e-06,4.14664184210417e-06,4.14664184210417e-06,4.14664184210417e-06
4.14664184210417e-06,4.14664184210417e-06,4.14664184210417e-06,4.14664184210417e-06,4.14664184210417e-06,4.14664184210417e-06,4.14664184210417e-06,4.14664184210417e-06,4.14664184210417e-06,4.14664184210417e-06,4.14664184210417e-06,4.14664184210417e-06,4.14664184210417e-06,4.14664184210417e-06,4.14664184210417e-06,4.14664184210417e-06,4.14664184210417e-06,4.14664184210417e-06,4.14664184210417e-06,4.14664184210417e-06,4.14664184210417e-06,4.14664184210417e-06,4.14664184210417e-06,4.14664184210417e-06,4.14664184210417e-06,4.14664184210417e-06,4.14664184210417e-06,4.14664184210417e-06,4.14664184210417e-06,4.14664184210417e-06,4.14664184210417e-06,4.14664184210417e-06,4.14664184210417e-06,4.14664184210417e-06,4.14664184210417e-06,4.14664184210417e-06,4.14664184210417e-06,4.14664184210417e-06,4.14664184210417e-06,4.14664184210417e-06,4.14664184210417e-06,4.14664184210417e-06,4.14664184210417e-06,4.14664184210417e-06,4.14664184210417e-06,4.14664184210417e-06,4.14664184210417e-06,4.14664184210417e-06,4.14664184210417e-06,4.14664184210417e-06,4.14664184210417e-06,4.14664184210417e-06,4.14664184210417e-06,4.14664184210417e-06,4.14664184210417e-06,4.14664184210417e-06,4.14664184210417e-06,4.14664184210417e-06,4.14664184210417e-06,4.14664184210417e-06,4.14664184210417e-06,4.14664184210417e-06,4.14664184210417e-06,4.14664184210417e-06,4.14664184210417e-06,4.14664184210417e-06,4.14664184210417e-06,4.14664184210417e-06,4.14664184210417e-06,4.14664184210417e-06,4.14664184210417e-06,4.14664184210417e-06,4.14664184210417e-06,4.14664184210417e-06,4.14664184210417e-06,4.14664184210417e-06,4.14664184210417e-06,4.14664184210417e-06,4.14664184210417e-06,4.14664184210417e-06,4.14664184210417e-06,4.14664184210417e-06,4.14664184210417e-06,4.14664184210417e-06,4.14664184210417e-06,4.14664184210417e-06,4.14664184210417e-06,4.14664184210417e-06,4.14664184210417e-06,4.14664184210417e-06,4.14664184210417e-06,4.14664184210417e-06,4.14664184210417e-06,4.14664184210417e-06,4.14664184210417e-06,4.14664184210417e-06,4.14664184210417e-06,4.14664184210417e-06,4.14664184210417e-06,4.14664184210417e-06
4.14664184210417e-06,4.14664184210417e-06,4.14664184210417e-06,4.14664184210417e-06,4.14664184210417e-06,4.14664184210417e-06,4.14664184210417e-06,4.14664184210417e-06,4.14664184210417e-06,4.14664184210417e-06,4.14664184210417e-06,4.14664184210417e-06,4.14664184210417e-06,4.14664184210417e-06,4.14664184210417e-06,4.14664184210417e-06,4.14664184210417e-06,4.14664184210417e-06,4.14664184210417e-06,4.14664184210417e-06,4.14664184210417e-06,4.14664184210417e-06,4.14664184210417e-06,4.14664184210417e-06,4.14664184210417e-06,4.14664184210417e-06,4.14664184210417e-06,4.14664184210417e-06,4.14664184210417e-06,4.14664184210417e-06,4.14664184210417e-06,4.14664184210417e-06,4.14664184210417e-06,4.14664184210417e-06,4.14664184210417e-06,4.14664184210417e-06,4.14664184210417e-06,4.14664184210417e-06,4.14664184210417e-06,4.14664184210417e-06,4.14664184210417e-06,4.14664184210417e-06,4.14664184210417e-06,4.14664184210417e-06,4.14664184210417e-06,4.14664184210417e-06,4.14664184210417e-06,4.14664184210417e-06,4.14664184210417e-06,4.14664184210417e-06,4.14664184210417e-06,4.14664184210417e-06,4.14664184210417e-06,4.14664184210417e-06,4.14664184210417e-06,4.14664184210417e-06,4.14664184210417e-06,4.14664184210417e-06,4.14664184210417e-06,4.14664184210417e-06,4.14664184210417e-06,4.14664184210417e-06,4.14664184210417e-06,4.14664184210417e-06,4.14664184210417e-06,4.14664184210417e-06,4.14664184210417e-06,4.14664184210417e-06,4.14664184210417e-06,4.14664184210417e-06,4.14664184210417e-06,4.14664184210417e-06,4.14664184210417e-06,4.14664184210417e-06,4.14664184210417e-06,4.14664184210417e-06,4.14664184210417e-06,4.14664184210417e-06,4.14664184210417e-06,4.14664184210417e-06,4.14664184210417e-06,4.14664184210417e-06,4.14664184210417e-06,4.14664184210417e-06,4.14664184210417e-06,4.14664184210417e-06,4.14664184210417e-06,4.14664184210417e-06,4.14664184210417e-06,4.14664184210417e-06,4.14664184210417e-06,4.14664184210417e-06,4.14664184210417e-06,4.14664184210417e-06,4.14664184210417e-06,4.14664184210417e-06,4.14664184210417e-06,4.14664184210417e-06,4.14664184210417e-06,4.14664184210417e-06
4.14664184210417e-06,4.14664184210417e-06,4.14664184210417e-06,4.14664184210417e-06,4.14664184210417e-06,4.14664184210417e-06,4.14664184210417e-06,4.14664184210417e-06,4.14664184210417e-06,4.14664184210417e-06,4.14664184210417e-06,4.14664184210417e-06,4.14664184210417e-06,4.14664184210417e-06,4.14664184210417e-06,4.14664184210417e-06,4.14664184210417e-06,4.14664184210417e-06,4.14664184210417e-06,4.14664184210417e-06,4.14664184210417e-06,4.14664184210417e-06,4.14664184210417e-06,4.14664184210417e-06,4.14664184210417e-06,4.14664184210417e-06,4.14664184210417e-06,4.14664184210417e-06,4.14664184210417e-06,4.14664184210417e-06,4.14664184210417e-06,4.14664184210417e-06,4.14664184210417e-06,4.14664184210417e-06,4.14664184210417e-06,4.14664184210417e-06,4.14664184210417e-06,4.14664184210417e-06,4.14664184210417e-06,4.14664184210417e-06,4.14664184210417e-06,4.14664184210417e-06,4.14664184210417e-06,4.14664184210417e-06,4.14664184210417e-06,4.14664184210417e-06,4.14664184210417e-06,4.14664184210417e-06,4.14664184210417e-06,4.14664184210417e-06,4.14664184210417e-06,4.14664184210417e-06,4.14664184210417e-06,4.14664184210417e-06,4.14664184210417e-06,4.14664184210417e-06,4.14664184210417e-06,4.14664184210417e-06,4.14664184210417e-06,4.14664184210417e-06,4.14664184210417e-06,4.14664184210417e-06,4.14664184210417e-06,4.14664184210417e-06,4.14664184210417e-06,4.14664184210417e-06,4.14664184210417e-06,4.14664184210417e-06,4.14664184210417e-06,4.14664184210417e-06,4.14664184210417e-06,4.14664184210417e-06,4.14664184210417e-06,4.14664184210417e-06,4.14664184210417e-06,4.14664184210417e-06,4.14664184210417e-06,4.14664184210417e-06,4.14664184210417e-06,4.14664184210417e-06,4.14664184210417e-06,4.14664184210417e-06,4.14664184210417e-06,4.14664184210417e-06,4.14664184210417e-06,4.14664184210417e-06,4.14664184210417e-06,4.14664184210417e-06,4.14664184210417e-06,4.14664184210417e-06,4.14664184210417e-06,4.14664184210417e-06,4.14664184210417e-06,4.14664184210417e-06,4.14664184210417e-06,4.14664184210417e-06,4.14664184210417e-06,4.14664184210417e-06,4.14664184210417e-06,4.14664184210417e-06
4.14664184210417e-06,4.14664184210417e-06,4.14664184210417e-06,4.14664184210417e-06,4.14664184210417e-06,4.14664184210417e-06,4.14664184210417e-06,4.14664184210417e-06,4.14664184210417e-06,4.14664184210417e-06,4.14664184210417e-06,4.14664184210417e-06,4.14664184210417e-06,4.14664184210417e-06,4.14664184210417e-06,4.14664184210417e-06,4.14664184210417e-06,4.14664184210417e-06,4.14664184210417e-06,4.14664184210417e-06,4.14664184210417e-06,4.14664184210417e-06,4.14664184210417e-06,4.14664184210417e-06,4.14664184210417e-06,4.14664184210417e-06,4.14664184210417e-06,4.14664184210417e-06,4.14664184210417e-06,4.14664184210417e-06,4.14664184210417e-06,4.14664184210417e-06,4.14664184210417e-06,4.14664184210417e-06,4.14664184210417e-06,4.14664184210417e-06,4.14664184210417e-06,4.14664184210417e-06,4.14664184210417e-06,4.14664184210417e-06,4.14664184210417e-06,4.14664184210417e-06,4.14664184210417e-06,4.14664184210417e-06,4.14664184210417e-06,4.14664184210417e-06,4.14664184210417e-06,4.14664184210417e-06,4.14664184210417e-06,4.14664184210417e-06,4.14664184210417e-06,4.14664184210417e-06,4.14664184210417e-06,4.14664184210417e-06,4.14664184210417e-06,4.14664184210417e-06,4.14664184210417e-06,4.14664184210417e-06,4.14664184210417e-06,4.14664184210417e-06,4.14664184210417e-06,4.14664184210417e-06,4.14664184210417e-06,4.14664184210417e-06,4.14664184210417e-06,4.14664184210417e-06,4.14664184210417e-06,4.14664184210417e-06,4.14664184210417e-06,4.14664184210417e-06,4.14664184210417e-06,4.14664184210417e-06,4.14664184210417e-06,4.14664184210417e-06,4.14664184210417e-06,4.14664184210417e-06,4.14664184210417e-06,4.14664184210417e-06,4.14664184210417e-06,4.14664184210417e-06,4.14664184210417e-06,4.14664184210417e-06,4.14664184210417e-06,4.14664184210417e-06,4.14664184210417e-06,4.14664184210417e-06,4.14664184210417e-06,4.14664184210417e-06,4.14664184210417e-06,4.14664184210417e-06,4.14664184210417e-06,4.14664184210417e-06,4.14664184210417e-06,4.14664184210417e-06,4.14664184210417e-06,4.14664184210417e-06,4.14664184210417e-06,4.14664184210417e-06,4.14664184210417e-06,4.14664184210417e-06
4.14664184210417e-06,4.14664184210417e-06,4.14664184210417e-06,4.14664184210417e-06,4.14664184210417e-06,4.14664184210417e-06,4.14664184210417e-06,4.14664184210417e-06,4.14664184210417e-06,4.14664184210417e-06,4.14664184210417e-06,4.14664184210417e-06,4.14664184210417e-06,4.14664184210417e-06,4.14664184210417e-06,4.14664184210417e-06,4.14664184210417e-06,4.14664184210417e-06,4.14664184210417e-06,4.14664184210417e-06,4.14664184210417e-06,4.14664184210417e-06,4.14664184210417e-06,4.14664184210417e-06,4.14664184210417e-06,4.14664184210417e-06,4.14664184210417e-06,4.14664184210417e-06,4.14664184210417e-06,4.14664184210417e-06,4.14664184210417e-06,4.14664184210417e-06,4.14664184210417e-06,4.14664184210417e-06,4.14664184210417e-06,4.14664184210417e-06,4.14664184210417e-06,4.14664184210417e-06,4.14664184210417e-06,4.14664184210417e-06,4.14664184210417e-06,4.14664184210417e-06,4.14664184210417e-06,4.14664184210417e-06,4.14664184210417e-06,4.14664184210417e-06,4.14664184210417e-06,4.14664184210417e-06,4.14664184210417e-06,4.14664184210417e-06,4.14664184210417e-06,4.14664184210417e-06,4.14664184210417e-06,4.14664184210417e-06,4.14664184210417e-06,4.14664184210417e-06,4.14664184210417e-06,4.14664184210417e-06,4.14664184210417e-06,4.14664184210417e-06,4.14664184210417e-06,4.14664184210417e-06,4.14664184210417e-06,4.14664184210417e-06,4.14664184210417e-06,4.14664184210417e-06,4.14664184210417e-06,4.14664184210417e-06,4.14664184210417e-06,4.14664184210417e-06,4.14664184210417e-06,4.14664184210417e-06,4.14664184210417e-06,4.14664184210417e-06,4.14664184210417e-06,4.14664184210417e-06,4.14664184210417e-06,4.14664184210417e-06,4.14664184210417e-06,4.14664184210417e-06,4.14664184210417e-06,4.14664184210417e-06,4.14664184210417e-06,4.14664184210417e-06,4.14664184210417e-06,4.14664184210417e-06,4.14664184210417e-06,4.14664184210417e-06,4.14664184210417e-06,4.14664184210417e-06,4.14664184210417e-06,4.14664184210417e-06,4.14664184210417e-06,4.14664184210417e-06,4.14664184210417e-06,4.14664184210417e-06,4.14664184210417e-06,4.14664184210417e-06,4.14664184210417e-06,4.14664184210417e-06
4.14664184210417e-06,4.14664184210417e-06,4.14664184210417e-06,4.14664184210417e-06,4.14664184210417e-06,4.14664184210417e-06,4.14664184210417e-06,4.14664184210417e-06,4.14664184210417e-06,4.14664184210417e-06,4.14664184210417e-06,4.14664184210417e-06,4.14664184210417e-06,4.14664184210417e-06,4.14664184210417e-06,4.14664184210417e-06,4.14664184210417e-06,4.14664184210417e-06,4.14664184210417e-06,4.14664184210417e-06,4.14664184210417e-06,4.14664184210417e-06,4.14664184210417e-06,4.14664184210417e-06,4.14664184210417e-06,4.14664184210417e-06,4.14664184210417e-06,4.14664184210417e-06,4.14664184210417e-06,4.14664184210417e-06,4.14664184210417e-06,4.14664184210417e-06,4.14664184210417e-06,4.14664184210417e-06,4.14664184210417e-06,4.14664184210417e-06,4.14664184210417e-06,4.14664184210417e-06,4.14664184210417e-06,4.14664184210417e-06,4.14664184210417e-06,4.14664184210417e-06,4.14664184210417e-06,4.14664184210417e-06,4.14664184210417e-06,4.14664184210417e-06,4.14664184210417e-06,4.14664184210417e-06,4.14664184210417e-06,4.14664184210417e-06,4.14664184210417e-06,4.14664184210417e-06,4.14664184210417e-06,4.14664184210417e-06,4.14664184210417e-06,4.14664184210417e-06,4.14664184210417e-06,4.14664184210417e-06,4.14664184210417e-06,4.14664184210417e-06,4.14664184210417e-06,4.14664184210417e-06,4.14664184210417e-06,4.14664184210417e-06,4.14664184210417e-06,4.14664184210417e-06,4.14664184210417e-06,4.14664184210417e-06,4.14664184210417e-06,4.14664184210417e-06,4.14664184210417e-06,4.14664184210417e-06,4.14664184210417e-06,4.14664184210417e-06,4.14664184210417e-06,4.14664184210417e-06,4.14664184210417e-06,4.14664184210417e-06,4.14664184210417e-06,4.14664184210417e-06,4.14664184210417e-06,4.14664184210417e-06,4.14664184210417e-06,4.14664184210417e-06,4.14664184210417e-06,4.14664184210417e-06,4.14664184210417e-06,4.14664184210417e-06,4.14664184210417e-06,4.14664184210417e-06,4.14664184210417e-06,4.14664184210417e-06,4.14664184210417e-06,4.14664184210417e-06,4.14664184210417e-06,4.14664184210417e-06,4.14664184210417e-06,4.14664184210417e-06,4.14664184210417e-06,4.14664184210417e-06
4.14664184210417e-06,4.14664184210417e-06,4.14664184210417e-06,4.14664184210417e-06,4.14664184210417e-06,4.14664184210417e-06,4.14664184210417e-06,4.14664184210417e-06,4.14664184210417e-06,4.14664184210417e-06,4.14664184210417e-06,4.14664184210417e-06,4.14664184210417e-06,4.14664184210417e-06,4.14664184210417e-06,4.14664184210417e-06,4.14664184210417e-06,4.14664184210417e-06,4.14664184210417e-06,4.14664184210417e-06,4.14664184210417e-06,4.14664184210417e-06,4.14664184210417e-06,4.14664184210417e-06,4.14664184210417e-06,4.14664184210417e-06,4.14664184210417e-06,4.14664184210417e-06,4.14664184210417e-06,4.14664184210417e-06,4.14664184210417e-06,4.14664184210417e-06,4.14664184210417e-06,4.14664184210417e-06,4.14664184210417e-06,4.14664184210417e-06,4.14664184210417e-06,4.14664184210417e-06,4.14664184210417e-06,4.14664184210417e-06,4.14664184210417e-06,4.14664184210417e-06,4.14664184210417e-06,4.14664184210417e-06,4.14664184210417e-06,4.14664184210417e-06,4.14664184210417e-06,4.14664184210417e-06,4.14664184210417e-06,4.14664184210417e-06,4.14664184210417e-06,4.14664184210417e-06,4.14664184210417e-06,4.14664184210417e-06,4.14664184210417e-06,4.14664184210417e-06,4.14664184210417e-06,4.14664184210417e-06,4.14664184210417e-06,4.14664184210417e-06,4.14664184210417e-06,4.14664184210417e-06,4.14664184210417e-06,4.14664184210417e-06,4.14664184210417e-06,4.14664184210417e-06,4.14664184210417e-06,4.14664184210417e-06,4.14664184210417e-06,4.14664184210417e-06,4.14664184210417e-06,4.14664184210417e-06,4.14664184210417e-06,4.14664184210417e-06,4.14664184210417e-06,4.14664184210417e-06,4.14664184210417e-06,4.14664184210417e-06,4.14664184210417e-06,4.14664184210417e-06,4.14664184210417e-06,4.14664184210417e-06,4.14664184210417e-06,4.14664184210417e-06,4.14664184210417e-06,4.14664184210417e-06,4.14664184210417e-06,4.14664184210417e-06,4.14664184210417e-06,4.14664184210417e-06,4.14664184210417e-06,4.14664184210417e-06,4.14664184210417e-06,4.14664184210417e-06,4.14664184210417e-06,4.14664184210417e-06,4.14664184210417e-06,4.14664184210417e-06,4.14664184210417e-06,4.14664184210417e-06
4.14664184210417e-06,4.14664184210417e-06,4.14664184210417e-06,4.14664184210417e-06,4.14664184210417e-06,4.14664184210417e-06,4.14664184210417e-06,4.14664184210417e-06,4.14664184210417e-06,4.14664184210417e-06,4.14664184210417e-06,4.14664184210417e-06,4.14664184210417e-06,4.14664184210417e-06,4.14664184210417e-06,4.14664184210417e-06,4.14664184210417e-06,4.14664184210417e-06,4.14664184210417e-06,4.14664184210417e-06,4.14664184210417e-06,4.14664184210417e-06,4.14664184210417e-06,4.14664184210417e-06,4.14664184210417e-06,4.14664184210417e-06,4.14664184210417e-06,4.14664184210417e-06,4.14664184210417e-06,4.14664184210417e-06,4.14664184210417e-06,4.14664184210417e-06,4.14664184210417e-06,4.14664184210417e-06,4.14664184210417e-06,4.14664184210417e-06,4.14664184210417e-06,4.14664184210417e-06,4.14664184210417e-06,4.14664184210417e-06,4.14664184210417e-06,4.14664184210417e-06,4.14664184210417e-06,4.14664184210417e-06,4.14664184210417e-06,4.14664184210417e-06,4.14664184210417e-06,4.14664184210417e-06,4.14664184210417e-06,4.14664184210417e-06,4.14664184210417e-06,4.14664184210417e-06,4.14664184210417e-06,4.14664184210417e-06,4.14664184210417e-06,4.14664184210417e-06,4.14664184210417e-06,4.14664184210417e-06,4.14664184210417e-06,4.14664184210417e-06,4.14664184210417e-06,4.14664184210417e-06,4.14664184210417e-06,4.14664184210417e-06,4.14664184210417e-06,4.14664184210417e-06,4.14664184210417e-06,4.14664184210417e-06,4.14664184210417e-06,4.14664184210417e-06,4.14664184210417e-06,4.14664184210417e-06,4.14664184210417e-06,4.14664184210417e-06,4.14664184210417e-06,4.14664184210417e-06,4.14664184210417e-06,4.14664184210417e-06,4.14664184210417e-06,4.14664184210417e-06,4.14664184210417e-06,4.14664184210417e-06,4.14664184210417e-06,4.14664184210417e-06,4.14664184210417e-06,4.14664184210417e-06,4.14664184210417e-06,4.14664184210417e-06,4.14664184210417e-06,4.14664184210417e-06,4.14664184210417e-06,4.14664184210417e-06,4.14664184210417e-06,4.14664184210417e-06,4.14664184210417e-06,4.14664184210417e-06,4.14664184210417e-06,4.14664184210417e-06,4.14664184210417e-06,4.14664184210417e-06
4.14664184210417e-06,4.14664184210417e-06,4.14664184210417e-06,4.14664184210417e-06,4.14664184210417e-06,4.14664184210417e-06,4.14664184210417e-06,4.14664184210417e-06,4.14664184210417e-06,4.14664184210417e-06,4.14664184210417e-06,4.14664184210417e-06,4.14664184210417e-06,4.14664184210417e-06,4.14664184210417e-06,4.14664184210417e-06,4.14664184210417e-06,4.14664184210417e-06,4.14664184210417e-06,4.14664184210417e-06,4.14664184210417e-06,4.14664184210417e-06,4.14664184210417e-06,4.14664184210417e-06,4.14664184210417e-06,4.14664184210417e-06,4.14664184210417e-06,4.14664184210417e-06,4.14664184210417e-06,4.14664184210417e-06,4.14664184210417e-06,4.14664184210417e-06,4.14664184210417e-06,4.14664184210417e-06,4.14664184210417e-06,4.14664184210417e-06,4.14664184210417e-06,4.14664184210417e-06,4.14664184210417e-06,4.14664184210417e-06,4.14664184210417e-06,4.14664184210417e-06,4.14664184210417e-06,4.14664184210417e-06,4.14664184210417e-06,4.14664184210417e-06,4.14664184210417e-06,4.14664184210417e-06,4.14664184210417e-06,4.14664184210417e-06,4.14664184210417e-06,4.14664184210417e-06,4.14664184210417e-06,4.14664184210417e-06,4.14664184210417e-06,4.14664184210417e-06,4.14664184210417e-06,4.14664184210417e-06,4.14664184210417e-06,4.14664184210417e-06,4.14664184210417e-06,4.14664184210417e-06,4.14664184210417e-06,4.14664184210417e-06,4.14664184210417e-06,4.14664184210417e-06,4.14664184210417e-06,4.14664184210417e-06,4.14664184210417e-06,4.14664184210417e-06,4.14664184210417e-06,4.14664184210417e-06,4.14664184210417e-06,4.14664184210417e-06,4.14664184210417e-06,4.14664184210417e-06,4.14664184210417e-06,4.14664184210417e-06,4.14664184210417e-06,4.14664184210417e-06,4.14664184210417e-06,4.14664184210417e-06,4.14664184210417e-06,4.14664184210417e-06,4.14664184210417e-06,4.14664184210417e-06,4.14664184210417e-06,4.14664184210417e-06,4.14664184210417e-06,4.14664184210417e-06,4.14664184210417e-06,4.14664184210417e-06,4.14664184210417e-06,4.14664184210417e-06,4.14664184210417e-06,4.14664184210417e-06,4.14664184210417e-06,4.14664184210417e-06,4.14664184210417e-06,4.14664184210417e-06
4.14664184210417e-06,4.14664184210417e-06,4.14664184210417e-06,4.14664184210417e-06,4.14664184210417e-06,4.14664184210417e-06,4.14664184210417e-06,4.14664184210417e-06,4.14664184210417e-06,4.14664184210417e-06,4.14664184210417e-06,4.14664184210417e-06,4.14664184210417e-06,4.14664184210417e-06,4.14664184210417e-06,4.14664184210417e-06,4.14664184210417e-06,4.14664184210417e-06,4.14664184210417e-06,4.14664184210417e-06,4.14664184210417e-06,4.14664184210417e-06,4.14664184210417e-06,4.14664184210417e-06,4.14664184210417e-06,4.14664184210417e-06,4.14664184210417e-06,4.14664184210417e-06,4.14664184210417e-06,4.14664184210417e-06,4.14664184210417e-06,4.14664184210417e-06,4.14664184210417e-06,4.14664184210417e-06,4.14664184210417e-06,4.14664184210417e-06,4.14664184210417e-06,4.14664184210417e-06,4.14664184210417e-06,4.14664184210417e-06,4.14664184210417e-06,4.14664184210417e-06,4.14664184210417e-06,4.14664184210417e-06,4.14664184210417e-06,4.14664184210417e-06,4.14664184210417e-06,4.14664184210417e-06,4.14664184210417e-06,4.14664184210417e-06,4.14664184210417e-06,4.14664184210417e-06,4.14664184210417e-06,4.14664184210417e-06,4.14664184210417e-06,4.14664184210417e-06,4.14664184210417e-06,4.14664184210417e-06,4.14664184210417e-06,4.14664184210417e-06,4.14664184210417e-06,4.14664184210417e-06,4.14664184210417e-06,4.14664184210417e-06,4.14664184210417e-06,4.14664184210417e-06,4.14664184210417e-06,4.14664184210417e-06,4.14664184210417e-06,4.14664184210417e-06,4.14664184210417e-06,4.14664184210417e-06,4.14664184210417e-06,4.14664184210417e-06,4.14664184210417e-06,4.14664184210417e-06,4.14664184210417e-06,4.14664184210417e-06,4.14664184210417e-06,4.14664184210417e-06,4.14664184210417e-06,4.14664184210417e-06,4.14664184210417e-06,4.14664184210417e-06,4.14664184210417e-06,4.14664184210417e-06,4.14664184210417e-06,4.14664184210417e-06,4.14664184210417e-06,4.14664184210417e-06,4.14664184210417e-06,4.14664184210417e-06,4.14664184210417e-06,4.14664184210417e-06,4.14664184210417e-06,4.14664184210417e-06,4.14664184210417e-06,4.14664184210417e-06,4.14664184210417e-06,4.14664184210417e-06
4.14664184210417e-06,4.14664184210417e-06,4.14664184210417e-06,4.14664184210417e-06,4.14664184210417e-06,4.14664184210417e-06,4.14664184210417e-06,4.14664184210417e-06,4.14664184210417e-06,4.14664184210417e-06,4.14664184210417e-06,4.14664184210417e-06,4.14664184210417e-06,4.14664184210417e-06,4.14664184210417e-06,4.14664184210417e-06,4.14664184210417e-06,4.14664184210417e-06,4.14664184210417e-06,4.14664184210417e-06,4.14664184210417e-06,4.14664184210417e-06,4.14664184210417e-06,4.14664184210417e-06,4.14664184210417e-06,4.14664184210417e-06,4.14664184210417e-06,4.14664184210417e-06,4.14664184210417e-06,4.14664184210417e-06,4.14664184210417e-06,4.14664184210417e-06,4.14664184210417e-06,4.14664184210417e-06,4.14664184210417e-06,4.14664184210417e-06,4.14664184210417e-06,4.14664184210417e-06,4.14664184210417e-06,4.14664184210417e-06,4.14664184210417e-06,4.14664184210417e-06,4.14664184210417e-06,4.14664184210417e-06,4.14664184210417e-06,4.14664184210417e-06,4.14664184210417e-06,4.14664184210417e-06,4.14664184210417e-06,4.14664184210417e-06,4.14664184210417e-06,4.14664184210417e-06,4.14664184210417e-06,4.14664184210417e-06,4.14664184210417e-06,4.14664184210417e-06,4.14664184210417e-06,4.14664184210417e-06,4.14664184210417e-06,4.14664184210417e-06,4.14664184210417e-06,4.14664184210417e-06,4.14664184210417e-06,4.14664184210417e-06,4.14664184210417e-06,4.14664184210417e-06,4.14664184210417e-06,4.14664184210417e-06,4.14664184210417e-06,4.14664184210417e-06,4.14664184210417e-06,4.14664184210417e-06,4.14664184210417e-06,4.14664184210417e-06,4.14664184210417e-06,4.14664184210417e-06,4.14664184210417e-06,4.14664184210417e-06,4.14664184210417e-06,4.14664184210417e-06,4.14664184210417e-06,4.14664184210417e-06,4.14664184210417e-06,4.14664184210417e-06,4.14664184210417e-06,4.14664184210417e-06,4.14664184210417e-06,4.14664184210417e-06,4.14664184210417e-06,4.14664184210417e-06,4.14664184210417e-06,4.14664184210417e-06,4.14664184210417e-06,4.14664184210417e-06,4.14664184210417e-06,4.14664184210417e-06,4.14664184210417e-06,4.14664184210417e-06,4.14664184210417e-06,4.14664184210417e-06
4.14664184210417e-06,4.14664184210417e-06,4.14664184210417e-06,4.14664184210417e-06,4.14664184210417e-06,4.14664184210417e-06,4.14664184210417e-06,4.14664184210417e-06,4.14664184210417e-06,4.14664184210417e-06,4.14664184210417e-06,4.14664184210417e-06,4.14664184210417e-06,4.14664184210417e-06,4.14664184210417e-06,4.14664184210417e-06,4.14664184210417e-06,4.14664184210417e-06,4.14664184210417e-06,4.14664184210417e-06,4.14664184210417e-06,4.14664184210417e-06,4.14664184210417e-06,4.14664184210417e-06,4.14664184210417e-06,4.14664184210417e-06,4.14664184210417e-06,4.14664184210417e-06,4.14664184210417e-06,4.14664184210417e-06,4.14664184210417e-06,4.14664184210417e-06,4.14664184210417e-06,4.14664184210417e-06,4.14664184210417e-06,4.14664184210417e-06,4.14664184210417e-06,4.14664184210417e-06,4.14664184210417e-06,4.14664184210417e-06,4.14664184210417e-06,4.14664184210417e-06,4.14664184210417e-06,4.14664184210417e-06,4.14664184210417e-06,4.14664184210417e-06,4.14664184210417e-06,4.14664184210417e-06,4.14664184210417e-06,4.14664184210417e-06,4.14664184210417e-06,4.14664184210417e-06,4.14664184210417e-06,4.14664184210417e-06,4.14664184210417e-06,4.14664184210417e-06,4.14664184210417e-06,4.14664184210417e-06,4.14664184210417e-06,4.14664184210417e-06,4.14664184210417e-06,4.14664184210417e-06,4.14664184210417e-06,4.14664184210417e-06,4.14664184210417e-06,4.14664184210417e-06,4.14664184210417e-06,4.14664184210417e-06,4.14664184210417e-06,4.14664184210417e-06,4.14664184210417e-06,4.14664184210417e-06,4.14664184210417e-06,4.14664184210417e-06,4.14664184210417e-06,4.14664184210417e-06,4.14664184210417e-06,4.14664184210417e-06,4.14664184210417e-06,4.14664184210417e-06,4.14664184210417e-06,4.14664184210417e-06,4.14664184210417e-06,4.14664184210417e-06,4.14664184210417e-06,4.14664184210417e-06,4.14664184210417e-06,4.14664184210417e-06,4.14664184210417e-06,4.14664184210417e-06,4.14664184210417e-06,4.14664184210417e-06,4.14664184210417e-06,4.14664184210417e-06,4.14664184210417e-06,4.14664184210417e-06,4.14664184210417e-06,4.14664184210417e-06,4.14664184210417e-06,4.14664184210417e-06
4.14664184210417e-06,4.14664184210417e-06,4.14664184210417e-06,4.14664184210417e-06,4.14664184210417e-06,4.14664184210417e-06,4.14664184210417e-06,4.14664184210417e-06,4.14664184210417e-06,4.14664184210417e-06,4.14664184210417e-06,4.14664184210417e-06,4.14664184210417e-06,4.14664184210417e-06,4.14664184210417e-06,4.14664184210417e-06,4.14664184210417e-06,4.14664184210417e-06,4.14664184210417e-06,4.14664184210417e-06,4.14664184210417e-06,4.14664184210417e-06,4.14664184210417e-06,4.14664184210417e-06,4.14664184210417e-06,4.14664184210417e-06,4.14664184210417e-06,4.14664184210417e-06,4.14664184210417e-06,4.14664184210417e-06,4.14664184210417e-06,4.14664184210417e-06,4.14664184210417e-06,4.14664184210417e-06,4.14664184210417e-06,4.14664184210417e-06,4.14664184210417e-06,4.14664184210417e-06,4.14664184210417e-06,4.14664184210417e-06,4.14664184210417e-06,4.14664184210417e-06,4.14664184210417e-06,4.14664184210417e-06,4.14664184210417e-06,4.14664184210417e-06,4.14664184210417e-06,4.14664184210417e-06,4.14664184210417e-06,4.14664184210417e-06,4.14664184210417e-06,4.14664184210417e-06,4.14664184210417e-06,4.14664184210417e-06,4.14664184210417e-06,4.14664184210417e-06,4.14664184210417e-06,4.14664184210417e-06,4.14664184210417e-06,4.14664184210417e-06,4.14664184210417e-06,4.14664184210417e-06,4.14664184210417e-06,4.14664184210417e-06,4.14664184210417e-06,4.14664184210417e-06,4.14664184210417e-06,4.14664184210417e-06,4.14664184210417e-06,4.14664184210417e-06,4.14664184210417e-06,4.14664184210417e-06,4.14664184210417e-06,4.14664184210417e-06,4.14664184210417e-06,4.14664184210417e-06,4.14664184210417e-06,4.14664184210417e-06,4.14664184210417e-06,4.14664184210417e-06,4.14664184210417e-06,4.14664184210417e-06,4.14664184210417e-06,4.14664184210417e-06,4.14664184210417e-06,4.14664184210417e-06,4.14664184210417e-06,4.14664184210417e-06,4.14664184210417e-06,4.14664184210417e-06,4.14664184210417e-06,4.14664184210417e-06,4.14664184210417e-06,4.14664184210417e-06,4.14664184210417e-06,4.14664184210417e-06,4.14664184210417e-06,4.14664184210417e-06,4.14664184210417e-06,4.14664184210417e-06
4.14664184210417e-06,4.14664184210417e-06,4.14664184210417e-06,4.14664184210417e-06,4.14664184210417e-06,4.14664184210417e-06,4.14664184210417e-06,4.14664184210417e-06,4.14664184210417e-06,4.14664184210417e-06,4.14664184210417e-06,4.14664184210417e-06,4.14664184210417e-06,4.14664184210417e-06,4.14664184210417e-06,4.14664184210417e-06,4.14664184210417e-06,4.14664184210417e-06,4.14664184210417e-06,4.14664184210417e-06,4.14664184210417e-06,4.14664184210417e-06,4.14664184210417e-06,4.14664184210417e-06,4.14664184210417e-06,4.14664184210417e-06,4.14664184210417e-06,4.14664184210417e-06,4.14664184210417e-06,4.14664184210417e-06,4.14664184210417e-06,4.14664184210417e-06,4.14664184210417e-06,4.14664184210417e-06,4.14664184210417e-06,4.14664184210417e-06,4.14664184210417e-06,4.14664184210417e-06,4.14664184210417e-06,4.14664184210417e-06,4.14664184210417e-06,4.14664184210417e-06,4.14664184210417e-06,4.14664184210417e-06,4.14664184210417e-06,4.14664184210417e-06,4.14664184210417e-06,4.14664184210417e-06,4.14664184210417e-06,4.14664184210417e-06,4.14664184210417e-06,4.14664184210417e-06,4.14664184210417e-06,4.14664184210417e-06,4.14664184210417e-06,4.14664184210417e-06,4.14664184210417e-06,4.14664184210417e-06,4.14664184210417e-06,4.14664184210417e-06,4.14664184210417e-06,4.14664184210417e-06,4.14664184210417e-06,4.14664184210417e-06,4.14664184210417e-06,4.14664184210417e-06,4.14664184210417e-06,4.14664184210417e-06,4.14664184210417e-06,4.14664184210417e-06,4.14664184210417e-06,4.14664184210417e-06,4.14664184210417e-06,4.14664184210417e-06,4.14664184210417e-06,4.14664184210417e-06,4.14664184210417e-06,4.14664184210417e-06,4.14664184210417e-06,4.14664184210417e-06,4.14664184210417e-06,4.14664184210417e-06,4.14664184210417e-06,4.14664184210417e-06,4.14664184210417e-06,4.14664184210417e-06,4.14664184210417e-06,4.14664184210417e-06,4.14664184210417e-06,4.14664184210417e-06,4.14664184210417e-06,4.14664184210417e-06,4.14664184210417e-06,4.14664184210417e-06,4.14664184210417e-06,4.14664184210417e-06,4.14664184210417e-06,4.14664184210417e-06,4.14664184210417e-06,4.14664184210417e-06
4.14664184210417e-06,4.14664184210417e-06,4.14664184210417e-06,4.14664184210417e-06,4.14664184210417e-06,4.14664184210417e-06,4.14664184210417e-06,4.14664184210417e-06,4.14664184210417e-06,4.14664184210417e-06,4.14664184210417e-06,4.14664184210417e-06,4.14664184210417e-06,4.14664184210417e-06,4.14664184210417e-06,4.14664184210417e-06,4.14664184210417e-06,4.14664184210417e-06,4.14664184210417e-06,4.14664184210417e-06,4.14664184210417e-06,4.14664184210417e-06,4.14664184210417e-06,4.14664184210417e-06,4.14664184210417e-06,4.14664184210417e-06,4.14664184210417e-06,4.14664184210417e-06,4.14664184210417e-06,4.14664184210417e-06,4.14664184210417e-06,4.14664184210417e-06,4.14664184210417e-06,4.14664184210417e-06,4.14664184210417e-06,4.14664184210417e-06,4.14664184210417e-06,4.14664184210417e-06,4.14664184210417e-06,4.14664184210417e-06,4.14664184210417e-06,4.14664184210417e-06,4.14664184210417e-06,4.14664184210417e-06,4.14664184210417e-06,4.14664184210417e-06,4.14664184210417e-06,4.14664184210417e-06,4.14664184210417e-06,4.14664184210417e-06,4.14664184210417e-06,4.14664184210417e-06,4.14664184210417e-06,4.14664184210417e-06,4.14664184210417e-06,4.14664184210417e-06,4.14664184210417e-06,4.14664184210417e-06,4.14664184210417e-06,4.14664184210417e-06,4.14664184210417e-06,4.14664184210417e-06,4.14664184210417e-06,4.14664184210417e-06,4.14664184210417e-06,4.14664184210417e-06,4.14664184210417e-06,4.14664184210417e-06,4.14664184210417e-06,4.14664184210417e-06,4.14664184210417e-06,4.14664184210417e-06,4.14664184210417e-06,4.14664184210417e-06,4.14664184210417e-06,4.14664184210417e-06,4.14664184210417e-06,4.14664184210417e-06,4.14664184210417e-06,4.14664184210417e-06,4.14664184210417e-06,4.14664184210417e-06,4.14664184210417e-06,4.14664184210417e-06,4.14664184210417e-06,4.14664184210417e-06,4.14664184210417e-06,4.14664184210417e-06,4.14664184210417e-06,4.14664184210417e-06,4.14664184210417e-06,4.14664184210417e-06,4.14664184210417e-06,4.14664184210417e-06,4.14664184210417e-06,4.14664184210417e-06,4.14664184210417e-06,4.14664184210417e-06,4.14664184210417e-06,4.14664184210417e-06
4.14664184210417e-06,4.14664184210417e-06,4.14664184210417e-06,4.14664184210417e-06,4.14664184210417e-06,4.14664184210417e-06,4.14664184210417e-06,4.14664184210417e-06,4.14664184210417e-06,4.14664184210417e-06,4.14664184210417e-06,4.14664184210417e-06,4.14664184210417e-06,4.14664184210417e-06,4.14664184210417e-06,4.14664184210417e-06,4.14664184210417e-06,4.14664184210417e-06,4.14664184210417e-06,4.14664184210417e-06,4.14664184210417e-06,4.14664184210417e-06,4.14664184210417e-06,4.14664184210417e-06,4.14664184210417e-06,4.14664184210417e-06,4.14664184210417e-06,4.14664184210417e-06,4.14664184210417e-06,4.14664184210417e-06,4.14664184210417e-06,4.14664184210417e-06,4.14664184210417e-06,4.14664184210417e-06,4.14664184210417e-06,4.14664184210417e-06,4.14664184210417e-06,4.14664184210417e-06,4.14664184210417e-06,4.14664184210417e-06,4.14664184210417e-06,4.14664184210417e-06,4.14664184210417e-06,4.14664184210417e-06,4.14664184210417e-06,4.14664184210417e-06,4.14664184210417e-06,4.14664184210417e-06,4.14664184210417e-06,4.14664184210417e-06,4.14664184210417e-06,4.14664184210417e-06,4.14664184210417e-06,4.14664184210417e-06,4.14664184210417e-06,4.14664184210417e-06,4.14664184210417e-06,4.14664184210417e-06,4.14664184210417e-06,4.14664184210417e-06,4.14664184210417e-06,4.14664184210417e-06,4.14664184210417e-06,4.14664184210417e-06,4.14664184210417e-06,4.14664184210417e-06,4.14664184210417e-06,4.14664184210417e-06,4.14664184210417e-06,4.14664184210417e-06,4.14664184210417e-06,4.14664184210417e-06,4.14664184210417e-06,4.14664184210417e-06,4.14664184210417e-06,4.14664184210417e-06,4.14664184210417e-06,4.14664184210417e-06,4.14664184210417e-06,4.14664184210417e-06,4.14664184210417e-06,4.14664184210417e-06,4.14664184210417e-06,4.14664184210417e-06,4.14664184210417e-06,4.14664184210417e-06,4.14664184210417e-06,4.14664184210417e-06,4.14664184210417e-06,4.14664184210417e-06,4.14664184210417e-06,4.14664184210417e-06,4.14664184210417e-06,4.14664184210417e-06,4.14664184210417e-06,4.14664184210417e-06,4.14664184210417e-06,4.14664184210417e-06,4.14664184210417e-06,4.14664184210417e-06
4.14664184210417e-06,4.14664184210417e-06,4.14664184210417e-06,4.14664184210417e-06,4.14664184210417e-06,4.14664184210417e-06,4.14664184210417e-06,4.14664184210417e-06,4.14664184210417e-06,4.14664184210417e-06,4.14664184210417e-06,4.14664184210417e-06,4.14664184210417e-06,4.14664184210417e-06,4.14664184210417e-06,4.14664184210417e-06,4.14664184210417e-06,4.14664184210417e-06,4.14664184210417e-06,4.14664184210417e-06,4.14664184210417e-06,4.14664184210417e-06,4.14664184210417e-06,4.14664184210417e-06,4.14664184210417e-06,4.14664184210417e-06,4.14664184210417e-06,4.14664184210417e-06,4.14664184210417e-06,4.14664184210417e-06,4.14664184210417e-06,4.14664184210417e-06,4.14664184210417e-06,4.14664184210417e-06,4.14664184210417e-06,4.14664184210417e-06,4.14664184210417e-06,4.14664184210417e-06,4.14664184210417e-06,4.14664184210417e-06,4.14664184210417e-06,4.14664184210417e-06,4.14664184210417e-06,4.14664184210417e-06,4.14664184210417e-06,4.14664184210417e-06,4.14664184210417e-06,4.14664184210417e-06,4.14664184210417e-06,4.14664184210417e-06,4.14664184210417e-06,4.14664184210417e-06,4.14664184210417e-06,4.14664184210417e-06,4.14664184210417e-06,4.14664184210417e-06,4.14664184210417e-06,4.14664184210417e-06,4.14664184210417e-06,4.14664184210417e-06,4.14664184210417e-06,4.14664184210417e-06,4.14664184210417e-06,4.14664184210417e-06,4.14664184210417e-06,4.14664184210417e-06,4.14664184210417e-06,4.14664184210417e-06,4.14664184210417e-06,4.14664184210417e-06,4.14664184210417e-06,4.14664184210417e-06,4.14664184210417e-06,4.14664184210417e-06,4.14664184210417e-06,4.14664184210417e-06,4.14664184210417e-06,4.14664184210417e-06,4.14664184210417e-06,4.14664184210417e-06,4.14664184210417e-06,4.14664184210417e-06,4.14664184210417e-06,4.14664184210417e-06,4.14664184210417e-06,4.14664184210417e-06,4.14664184210417e-06,4.14664184210417e-06,4.14664184210417e-06,4.14664184210417e-06,4.14664184210417e-06,4.14664184210417e-06,4.14664184210417e-06,4.14664184210417e-06,4.14664184210417e-06,4.14664184210417e-06,4.14664184210417e-06,4.14664184210417e-06,4.14664184210417e-06,4.14664184210417e-06
4.14664184210417e-06,4.14664184210417e-06,4.14664184210417e-06,4.14664184210417e-06,4.14664184210417e-06,4.14664184210417e-06,4.14664184210417e-06,4.14664184210417e-06,4.14664184210417e-06,4.14664184210417e-06,4.14664184210417e-06,4.14664184210417e-06,4.14664184210417e-06,4.14664184210417e-06,4.14664184210417e-06,4.14664184210417e-06,4.14664184210417e-06,4.14664184210417e-06,4.14664184210417e-06,4.14664184210417e-06,4.14664184210417e-06,4.14664184210417e-06,4.14664184210417e-06,4.14664184210417e-06,4.14664184210417e-06,4.14664184210417e-06,4.14664184210417e-06,4.14664184210417e-06,4.14664184210417e-06,4.14664184210417e-06,4.14664184210417e-06,4.14664184210417e-06,4.14664184210417e-06,4.14664184210417e-06,4.14664184210417e-06,4.14664184210417e-06,4.14664184210417e-06,4.14664184210417e-06,4.14664184210417e-06,4.14664184210417e-06,4.14664184210417e-06,4.14664184210417e-06,4.14664184210417e-06,4.14664184210417e-06,4.14664184210417e-06,4.14664184210417e-06,4.14664184210417e-06,4.14664184210417e-06,4.14664184210417e-06,4.14664184210417e-06,4.14664184210417e-06,4.14664184210417e-06,4.14664184210417e-06,4.14664184210417e-06,4.14664184210417e-06,4.14664184210417e-06,4.14664184210417e-06,4.14664184210417e-06,4.14664184210417e-06,4.14664184210417e-06,4.14664184210417e-06,4.14664184210417e-06,4.14664184210417e-06,4.14664184210417e-06,4.14664184210417e-06,4.14664184210417e-06,4.14664184210417e-06,4.14664184210417e-06,4.14664184210417e-06,4.14664184210417e-06,4.14664184210417e-06,4.14664184210417e-06,4.14664184210417e-06,4.14664184210417e-06,4.14664184210417e-06,4.14664184210417e-06,4.14664184210417e-06,4.14664184210417e-06,4.14664184210417e-06,4.14664184210417e-06,4.14664184210417e-06,4.14664184210417e-06,4.14664184210417e-06,4.14664184210417e-06,4.14664184210417e-06,4.14664184210417e-06,4.14664184210417e-06,4.14664184210417e-06,4.14664184210417e-06,4.14664184210417e-06,4.14664184210417e-06,4.14664184210417e-06,4.14664184210417e-06,4.14664184210417e-06,4.14664184210417e-06,4.14664184210417e-06,4.14664184210417e-06,4.14664184210417e-06,4.14664184210417e-06,4.14664184210417e-06
4.14664184210417e-06,4.14664184210417e-06,4.14664184210417e-06,4.14664184210417e-06,4.14664184210417e-06,4.14664184210417e-06,4.14664184210417e-06,4.14664184210417e-06,4.14664184210417e-06,4.14664184210417e-06,4.14664184210417e-06,4.14664184210417e-06,4.14664184210417e-06,4.14664184210417e-06,4.14664184210417e-06,4.14664184210417e-06,4.14664184210417e-06,4.14664184210417e-06,4.14664184210417e-06,4.14664184210417e-06,4.14664184210417e-06,4.14664184210417e-06,4.14664184210417e-06,4.14664184210417e-06,4.14664184210417e-06,4.14664184210417e-06,4.14664184210417e-06,4.14664184210417e-06,4.14664184210417e-06,4.14664184210417e-06,4.14664184210417e-06,4.14664184210417e-06,4.14664184210417e-06,4.14664184210417e-06,4.14664184210417e-06,4.14664184210417e-06,4.14664184210417e-06,4.14664184210417e-06,4.14664184210417e-06,4.14664184210417e-06,4.14664184210417e-06,4.14664184210417e-06,4.14664184210417e-06,4.14664184210417e-06,4.14664184210417e-06,4.14664184210417e-06,4.14664184210417e-06,4.14664184210417e-06,4.14664184210417e-06,4.14664184210417e-06,4.14664184210417e-06,4.14664184210417e-06,4.14664184210417e-06,4.14664184210417e-06,4.14664184210417e-06,4.14664184210417e-06,4.14664184210417e-06,4.14664184210417e-06,4.14664184210417e-06,4.14664184210417e-06,4.14664184210417e-06,4.14664184210417e-06,4.14664184210417e-06,4.14664184210417e-06,4.14664184210417e-06,4.14664184210417e-06,4.14664184210417e-06,4.14664184210417e-06,4.14664184210417e-06,4.14664184210417e-06,4.14664184210417e-06,4.14664184210417e-06,4.14664184210417e-06,4.14664184210417e-06,4.14664184210417e-06,4.14664184210417e-06,4.14664184210417e-06,4.14664184210417e-06,4.14664184210417e-06,4.14664184210417e-06,4.14664184210417e-06,4.14664184210417e-06,4.14664184210417e-06,4.14664184210417e-06,4.14664184210417e-06,4.14664184210417e-06,4.14664184210417e-06,4.14664184210417e-06,4.14664184210417e-06,4.14664184210417e-06,4.14664184210417e-06,4.14664184210417e-06,4.14664184210417e-06,4.14664184210417e-06,4.14664184210417e-06,4.14664184210417e-06,4.14664184210417e-06,4.14664184210417e-06,4.14664184210417e-06,4.14664184210417e-06
4.14664184210417e-06,4.14664184210417e-06,4.14664184210417e-06,4.14664184210417e-06,4.14664184210417e-06,4.14664184210417e-06,4.14664184210417e-06,4.14664184210417e-06,4.14664184210417e-06,4.14664184210417e-06,4.14664184210417e-06,4.14664184210417e-06,4.14664184210417e-06,4.14664184210417e-06,4.14664184210417e-06,4.14664184210417e-06,4.14664184210417e-06,4.14664184210417e-06,4.14664184210417e-06,4.14664184210417e-06,4.14664184210417e-06,4.14664184210417e-06,4.14664184210417e-06,4.14664184210417e-06,4.14664184210417e-06,4.14664184210417e-06,4.14664184210417e-06,4.14664184210417e-06,4.14664184210417e-06,4.14664184210417e-06,4.14664184210417e-06,4.14664184210417e-06,4.14664184210417e-06,4.14664184210417e-06,4.14664184210417e-06,4.14664184210417e-06,4.14664184210417e-06,4.14664184210417e-06,4.14664184210417e-06,4.14664184210417e-06,4.14664184210417e-06,4.14664184210417e-06,4.14664184210417e-06,4.14664184210417e-06,4.14664184210417e-06,4.14664184210417e-06,4.14664184210417e-06,4.14664184210417e-06,4.14664184210417e-06,4.14664184210417e-06,4.14664184210417e-06,4.14664184210417e-06,4.14664184210417e-06,4.14664184210417e-06,4.14664184210417e-06,4.14664184210417e-06,4.14664184210417e-06,4.14664184210417e-06,4.14664184210417e-06,4.14664184210417e-06,4.14664184210417e-06,4.14664184210417e-06,4.14664184210417e-06,4.14664184210417e-06,4.14664184210417e-06,4.14664184210417e-06,4.14664184210417e-06,4.14664184210417e-06,4.14664184210417e-06,4.14664184210417e-06,4.14664184210417e-06,4.14664184210417e-06,4.14664184210417e-06,4.14664184210417e-06,4.14664184210417e-06,4.14664184210417e-06,4.14664184210417e-06,4.14664184210417e-06,4.14664184210417e-06,4.14664184210417e-06,4.14664184210417e-06,4.14664184210417e-06,4.14664184210417e-06,4.14664184210417e-06,4.14664184210417e-06,4.14664184210417e-06,4.14664184210417e-06,4.14664184210417e-06,4.14664184210417e-06,4.14664184210417e-06,4.14664184210417e-06,4.14664184210417e-06,4.14664184210417e-06,4.14664184210417e-06,4.14664184210417e-06,4.14664184210417e-06,4.14664184210417e-06,4.14664184210417e-06,4.14664184210417e-06,4.14664184210417e-06
4.14664184210417e-06,4.14664184210417e-06,4.14664184210417e-06,4.14664184210417e-06,4.14664184210417e-06,4.14664184210417e-06,4.14664184210417e-06,4.14664184210417e-06,4.14664184210417e-06,4.14664184210417e-06,4.14664184210417e-06,4.14664184210417e-06,4.14664184210417e-06,4.14664184210417e-06,4.14664184210417e-06,4.14664184210417e-06,4.14664184210417e-06,4.14664184210417e-06,4.14664184210417e-06,4.14664184210417e-06,4.14664184210417e-06,4.14664184210417e-06,4.14664184210417e-06,4.14664184210417e-06,4.14664184210417e-06,4.14664184210417e-06,4.14664184210417e-06,4.14664184210417e-06,4.14664184210417e-06,4.14664184210417e-06,4.14664184210417e-06,4.14664184210417e-06,4.14664184210417e-06,4.14664184210417e-06,4.14664184210417e-06,4.14664184210417e-06,4.14664184210417e-06,4.14664184210417e-06,4.14664184210417e-06,4.14664184210417e-06,4.14664184210417e-06,4.14664184210417e-06,4.14664184210417e-06,4.14664184210417e-06,4.14664184210417e-06,4.14664184210417e-06,4.14664184210417e-06,4.14664184210417e-06,4.14664184210417e-06,4.14664184210417e-06,4.14664184210417e-06,4.14664184210417e-06,4.14664184210417e-06,4.14664184210417e-06,4.14664184210417e-06,4.14664184210417e-06,4.14664184210417e-06,4.14664184210417e-06,4.14664184210417e-06,4.14664184210417e-06,4.14664184210417e-06,4.14664184210417e-06,4.14664184210417e-06,4.14664184210417e-06,4.14664184210417e-06,4.14664184210417e-06,4.14664184210417e-06,4.14664184210417e-06,4.14664184210417e-06,4.14664184210417e-06,4.14664184210417e-06,4.14664184210417e-06,4.14664184210417e-06,4.14664184210417e-06,4.14664184210417e-06,4.14664184210417e-06,4.14664184210417e-06,4.14664184210417e-06,4.14664184210417e-06,4.14664184210417e-06,4.14664184210417e-06,4.14664184210417e-06,4.14664184210417e-06,4.14664184210417e-06,4.14664184210417e-06,4.14664184210417e-06,4.14664184210417e-06,4.14664184210417e-06,4.14664184210417e-06,4.14664184210417e-06,4.14664184210417e-06,4.14664184210417e-06,4.14664184210417e-06,4.14664184210417e-06,4.14664184210417e-06,4.14664184210417e-06,4.14664184210417e-06,4.14664184210417e-06,4.14664184210417e-06,4.14664184210417e-06
4.14664184210417e-06,4.14664184210417e-06,4.14664184210417e-06,4.14664184210417e-06,4.14664184210417e-06,4.14664184210417e-06,4.14664184210417e-06,4.14664184210417e-06,4.14664184210417e-06,4.14664184210417e-06,4.14664184210417e-06,4.14664184210417e-06,4.14664184210417e-06,4.14664184210417e-06,4.14664184210417e-06,4.14664184210417e-06,4.14664184210417e-06,4.14664184210417e-06,4.14664184210417e-06,4.14664184210417e-06,4.14664184210417e-06,4.14664184210417e-06,4.14664184210417e-06,4.14664184210417e-06,4.14664184210417e-06,4.14664184210417e-06,4.14664184210417e-06,4.14664184210417e-06,4.14664184210417e-06,4.14664184210417e-06,4.14664184210417e-06,4.14664184210417e-06,4.14664184210417e-06,4.14664184210417e-06,4.14664184210417e-06,4.14664184210417e-06,4.14664184210417e-06,4.14664184210417e-06,4.14664184210417e-06,4.14664184210417e-06,4.14664184210417e-06,4.14664184210417e-06,4.14664184210417e-06,4.14664184210417e-06,4.14664184210417e-06,4.14664184210417e-06,4.14664184210417e-06,4.14664184210417e-06,4.14664184210417e-06,4.14664184210417e-06,4.14664184210417e-06,4.14664184210417e-06,4.14664184210417e-06,4.14664184210417e-06,4.14664184210417e-06,4.14664184210417e-06,4.14664184210417e-06,4.14664184210417e-06,4.14664184210417e-06,4.14664184210417e-06,4.14664184210417e-06,4.14664184210417e-06,4.14664184210417e-06,4.14664184210417e-06,4.14664184210417e-06,4.14664184210417e-06,4.14664184210417e-06,4.14664184210417e-06,4.14664184210417e-06,4.14664184210417e-06,4.14664184210417e-06,4.14664184210417e-06,4.14664184210417e-06,4.14664184210417e-06,4.14664184210417e-06,4.14664184210417e-06,4.14664184210417e-06,4.14664184210417e-06,4.14664184210417e-06,4.14664184210417e-06,4.14664184210417e-06,4.14664184210417e-06,4.14664184210417e-06,4.14664184210417e-06,4.14664184210417e-06,4.14664184210417e-06,4.14664184210417e-06,4.14664184210417e-06,4.14664184210417e-06,4.14664184210417e-06,4.14664184210417e-06,4.14664184210417e-06,4.14664184210417e-06,4.14664184210417e-06,4.14664184210417e-06,4.14664184210417e-06,4.14664184210417e-06,4.14664184210417e-06,4.14664184210417e-06,4.14664184210417e-06
4.14664184210417e-06,4.14664184210417e-06,4.14664184210417e-06,4.14664184210417e-06,4.14664184210417e-06,4.14664184210417e-06,4.14664184210417e-06,4.14664184210417e-06,4.14664184210417e-06,4.14664184210417e-06,4.14664184210417e-06,4.14664184210417e-06,4.14664184210417e-06,4.14664184210417e-06,4.14664184210417e-06,4.14664184210417e-06,4.14664184210417e-06,4.14664184210417e-06,4.14664184210417e-06,4.14664184210417e-06,4.14664184210417e-06,4.14664184210417e-06,4.14664184210417e-06,4.14664184210417e-06,4.14664184210417e-06,4.14664184210417e-06,4.14664184210417e-06,4.14664184210417e-06,4.14664184210417e-06,4.14664184210417e-06,4.14664184210417e-06,4.14664184210417e-06,4.14664184210417e-06,4.14664184210417e-06,4.14664184210417e-06,4.14664184210417e-06,4.14664184210417e-06,4.14664184210417e-06,4.14664184210417e-06,4.14664184210417e-06,4.14664184210417e-06,4.14664184210417e-06,4.14664184210417e-06,4.14664184210417e-06,4.14664184210417e-06,4.14664184210417e-06,4.14664184210417e-06,4.14664184210417e-06,4.14664184210417e-06,4.14664184210417e-06,4.14664184210417e-06,4.14664184210417e-06,4.14664184210417e-06,4.14664184210417e-06,4.14664184210417e-06,4.14664184210417e-06,4.14664184210417e-06,4.14664184210417e-06,4.14664184210417e-06,4.14664184210417e-06,4.14664184210417e-06,4.14664184210417e-06,4.14664184210417e-06,4.14664184210417e-06,4.14664184210417e-06,4.14664184210417e-06,4.14664184210417e-06,4.14664184210417e-06,4.14664184210417e-06,4.14664184210417e-06,4.14664184210417e-06,4.14664184210417e-06,4.14664184210417e-06,4.14664184210417e-06,4.14664184210417e-06,4.14664184210417e-06,4.14664184210417e-06,4.14664184210417e-06,4.14664184210417e-06,4.14664184210417e-06,4.14664184210417e-06,4.14664184210417e-06,4.14664184210417e-06,4.14664184210417e-06,4.14664184210417e-06,4.14664184210417e-06,4.14664184210417e-06,4.14664184210417e-06,4.14664184210417e-06,4.14664184210417e-06,4.14664184210417e-06,4.14664184210417e-06,4.14664184210417e-06,4.14664184210417e-06,4.14664184210417e-06,4.14664184210417e-06,4.14664184210417e-06,4.14664184210417e-06,4.14664184210417e-06,4.14664184210417e-06
4.14664184210417e-06,4.14664184210417e-06,4.14664184210417e-06,4.14664184210417e-06,4.14664184210417e-06,4.14664184210417e-06,4.14664184210417e-06,4.14664184210417e-06,4.14664184210417e-06,4.14664184210417e-06,4.14664184210417e-06,4.14664184210417e-06,4.14664184210417e-06,4.14664184210417e-06,4.14664184210417e-06,4.14664184210417e-06,4.14664184210417e-06,4.14664184210417e-06,4.14664184210417e-06,4.14664184210417e-06,4.14664184210417e-06,4.14664184210417e-06,4.14664184210417e-06,4.14664184210417e-06,4.14664184210417e-06,4.14664184210417e-06,4.14664184210417e-06,4.14664184210417e-06,4.14664184210417e-06,4.14664184210417e-06,4.14664184210417e-06,4.14664184210417e-06,4.14664184210417e-06,4.14664184210417e-06,4.14664184210417e-06,4.14664184210417e-06,4.14664184210417e-06,4.14664184210417e-06,4.14664184210417e-06,4.14664184210417e-06,4.14664184210417e-06,4.14664184210417e-06,4.14664184210417e-06,4.14664184210417e-06,4.14664184210417e-06,4.14664184210417e-06,4.14664184210417e-06,4.14664184210417e-06,4.14664184210417e-06,4.14664184210417e-06,4.14664184210417e-06,4.14664184210417e-06,4.14664184210417e-06,4.14664184210417e-06,4.14664184210417e-06,4.14664184210417e-06,4.14664184210417e-06,4.14664184210417e-06,4.14664184210417e-06,4.14664184210417e-06,4.14664184210417e-06,4.14664184210417e-06,4.14664184210417e-06,4.14664184210417e-06,4.14664184210417e-06,4.14664184210417e-06,4.14664184210417e-06,4.14664184210417e-06,4.14664184210417e-06,4.14664184210417e-06,4.14664184210417e-06,4.14664184210417e-06,4.14664184210417e-06,4.14664184210417e-06,4.14664184210417e-06,4.14664184210417e-06,4.14664184210417e-06,4.14664184210417e-06,4.14664184210417e-06,4.14664184210417e-06,4.14664184210417e-06,4.14664184210417e-06,4.14664184210417e-06,4.14664184210417e-06,4.14664184210417e-06,4.14664184210417e-06,4.14664184210417e-06,4.14664184210417e-06,4.14664184210417e-06,4.14664184210417e-06,4.14664184210417e-06,4.14664184210417e-06,4.14664184210417e-06,4.14664184210417e-06,4.14664184210417e-06,4.14664184210417e-06,4.14664184210417e-06,4.14664184210417e-06,4.14664184210417e-06,4.14664184210417e-06
4.14664184210417e-06,4.14664184210417e-06,4.14664184210417e-06,4.14664184210417e-06,4.14664184210417e-06,4.14664184210417e-06,4.14664184210417e-06,4.14664184210417e-06,4.14664184210417e-06,4.14664184210417e-06,4.14664184210417e-06,4.14664184210417e-06,4.14664184210417e-06,4.14664184210417e-06,4.14664184210417e-06,4.14664184210417e-06,4.14664184210417e-06,4.14664184210417e-06,4.14664184210417e-06,4.14664184210417e-06,4.14664184210417e-06,4.14664184210417e-06,4.14664184210417e-06,4.14664184210417e-06,4.14664184210417e-06,4.14664184210417e-06,4.14664184210417e-06,4.14664184210417e-06,4.14664184210417e-06,4.14664184210417e-06,4.14664184210417e-06,4.14664184210417e-06,4.14664184210417e-06,4.14664184210417e-06,4.14664184210417e-06,4.14664184210417e-06,4.14664184210417e-06,4.14664184210417e-06,4.14664184210417e-06,4.14664184210417e-06,4.14664184210417e-06,4.14664184210417e-06,4.14664184210417e-06,4.14664184210417e-06,4.14664184210417e-06,4.14664184210417e-06,4.14664184210417e-06,4.14664184210417e-06,4.14664184210417e-06,4.14664184210417e-06,4.14664184210417e-06,4.14664184210417e-06,4.14664184210417e-06,4.14664184210417e-06,4.14664184210417e-06,4.14664184210417e-06,4.14664184210417e-06,4.14664184210417e-06,4.14664184210417e-06,4.14664184210417e-06,4.14664184210417e-06,4.14664184210417e-06,4.14664184210417e-06,4.14664184210417e-06,4.14664184210417e-06,4.14664184210417e-06,4.14664184210417e-06,4.14664184210417e-06,4.14664184210417e-06,4.14664184210417e-06,4.14664184210417e-06,4.14664184210417e-06,4.14664184210417e-06,4.14664184210417e-06,4.14664184210417e-06,4.14664184210417e-06,4.14664184210417e-06,4.14664184210417e-06,4.14664184210417e-06,4.14664184210417e-06,4.14664184210417e-06,4.14664184210417e-06,4.14664184210417e-06,4.14664184210417e-06,4.14664184210417e-06,4.14664184210417e-06,4.14664184210417e-06,4.14664184210417e-06,4.14664184210417e-06,4.14664184210417e-06,4.14664184210417e-06,4.14664184210417e-06,4.14664184210417e-06,4.14664184210417e-06,4.14664184210417e-06,4.14664184210417e-06,4.14664184210417e-06,4.14664184210417e-06,4.14664184210417e-06,4.14664184210417e-06
4.14664184210417e-06,4.14664184210417e-06,4.14664184210417e-06,4.14664184210417e-06,4.14664184210417e-06,4.14664184210417e-06,4.14664184210417e-06,4.14664184210417e-06,4.14664184210417e-06,4.14664184210417e-06,4.14664184210417e-06,4.14664184210417e-06,4.14664184210417e-06,4.14664184210417e-06,4.14664184210417e-06,4.14664184210417e-06,4.14664184210417e-06,4.14664184210417e-06,4.14664184210417e-06,4.14664184210417e-06,4.14664184210417e-06,4.14664184210417e-06,4.14664184210417e-06,4.14664184210417e-06,4.14664184210417e-06,4.14664184210417e-06,4.14664184210417e-06,4.14664184210417e-06,4.14664184210417e-06,4.14664184210417e-06,4.14664184210417e-06,4.14664184210417e-06,4.14664184210417e-06,4.14664184210417e-06,4.14664184210417e-06,4.14664184210417e-06,4.14664184210417e-06,4.14664184210417e-06,4.14664184210417e-06,4.14664184210417e-06,4.14664184210417e-06,4.14664184210417e-06,4.14664184210417e-06,4.14664184210417e-06,4.14664184210417e-06,4.14664184210417e-06,4.14664184210417e-06,4.14664184210417e-06,4.14664184210417e-06,4.14664184210417e-06,4.14664184210417e-06,4.14664184210417e-06,4.14664184210417e-06,4.14664184210417e-06,4.14664184210417e-06,4.14664184210417e-06,4.14664184210417e-06,4.14664184210417e-06,4.14664184210417e-06,4.14664184210417e-06,4.14664184210417e-06,4.14664184210417e-06,4.14664184210417e-06,4.14664184210417e-06,4.14664184210417e-06,4.14664184210417e-06,4.14664184210417e-06,4.14664184210417e-06,4.14664184210417e-06,4.14664184210417e-06,4.14664184210417e-06,4.14664184210417e-06,4.14664184210417e-06,4.14664184210417e-06,4.14664184210417e-06,4.14664184210417e-06,4.14664184210417e-06,4.14664184210417e-06,4.14664184210417e-06,4.14664184210417e-06,4.14664184210417e-06,4.14664184210417e-06,4.14664184210417e-06,4.14664184210417e-06,4.14664184210417e-06,4.14664184210417e-06,4.14664184210417e-06,4.14664184210417e-06,4.14664184210417e-06,4.14664184210417e-06,4.14664184210417e-06,4.14664184210417e-06,4.14664184210417e-06,4.14664184210417e-06,4.14664184210417e-06,4.14664184210417e-06,4.14664184210417e-06,4.14664184210417e-06,4.14664184210417e-06,4.14664184210417e-06
4.14664184210417e-06,4.14664184210417e-06,4.14664184210417e-06,4.14664184210417e-06,4.14664184210417e-06,4.14664184210417e-06,4.14664184210417e-06,4.14664184210417e-06,4.14664184210417e-06,4.14664184210417e-06,4.14664184210417e-06,4.14664184210417e-06,4.14664184210417e-06,4.14664184210417e-06,4.14664184210417e-06,4.14664184210417e-06,4.14664184210417e-06,4.14664184210417e-06,4.14664184210417e-06,4.14664184210417e-06,4.14664184210417e-06,4.14664184210417e-06,4.14664184210417e-06,4.14664184210417e-06,4.14664184210417e-06,4.14664184210417e-06,4.14664184210417e-06,4.14664184210417e-06,4.14664184210417e-06,4.14664184210417e-06,4.14664184210417e-06,4.14664184210417e-06,4.14664184210417e-06,4.14664184210417e-06,4.14664184210417e-06,4.14664184210417e-06,4.14664184210417e-06,4.14664184210417e-06,4.14664184210417e-06,4.14664184210417e-06,4.14664184210417e-06,4.14664184210417e-06,4.14664184210417e-06,4.14664184210417e-06,4.14664184210417e-06,4.14664184210417e-06,4.14664184210417e-06,4.14664184210417e-06,4.14664184210417e-06,4.14664184210417e-06,4.14664184210417e-06,4.14664184210417e-06,4.14664184210417e-06,4.14664184210417e-06,4.14664184210417e-06,4.14664184210417e-06,4.14664184210417e-06,4.14664184210417e-06,4.14664184210417e-06,4.14664184210417e-06,4.14664184210417e-06,4.14664184210417e-06,4.14664184210417e-06,4.14664184210417e-06,4.14664184210417e-06,4.14664184210417e-06,4.14664184210417e-06,4.14664184210417e-06,4.14664184210417e-06,4.14664184210417e-06,4.14664184210417e-06,4.14664184210417e-06,4.14664184210417e-06,4.14664184210417e-06,4.14664184210417e-06,4.14664184210417e-06,4.14664184210417e-06,4.14664184210417e-06,4.14664184210417e-06,4.14664184210417e-06,4.14664184210417e-06,4.14664184210417e-06,4.14664184210417e-06,4.14664184210417e-06,4.14664184210417e-06,4.14664184210417e-06,4.14664184210417e-06,4.14664184210417e-06,4.14664184210417e-06,4.14664184210417e-06,4.14664184210417e-06,4.14664184210417e-06,4.14664184210417e-06,4.14664184210417e-06,4.14664184210417e-06,4.14664184210417e-06,4.14664184210417e-06,4.14664184210417e-06,4.14664184210417e-06,4.14664184210417e-06
4.14664184210417e-06,4.14664184210417e-06,4.14664184210417e-06,4.14664184210417e-06,4.14664184210417e-06,4.14664184210417e-06,4.14664184210417e-06,4.14664184210417e-06,4.14664184210417e-06,4.14664184210417e-06,4.14664184210417e-06,4.14664184210417e-06,4.14664184210417e-06,4.14664184210417e-06,4.14664184210417e-06,4.14664184210417e-06,4.14664184210417e-06,4.14664184210417e-06,4.14664184210417e-06,4.14664184210417e-06,4.14664184210417e-06,4.14664184210417e-06,4.14664184210417e-06,4.14664184210417e-06,4.14664184210417e-06,4.14664184210417e-06,4.14664184210417e-06,4.14664184210417e-06,4.14664184210417e-06,4.14664184210417e-06,4.14664184210417e-06,4.14664184210417e-06,4.14664184210417e-06,4.14664184210417e-06,4.14664184210417e-06,4.14664184210417e-06,4.14664184210417e-06,4.14664184210417e-06,4.14664184210417e-06,4.14664184210417e-06,4.14664184210417e-06,4.14664184210417e-06,4.14664184210417e-06,4.14664184210417e-06,4.14664184210417e-06,4.14664184210417e-06,4.14664184210417e-06,4.14664184210417e-06,4.14664184210417e-06,4.14664184210417e-06,4.14664184210417e-06,4.14664184210417e-06,4.14664184210417e-06,4.14664184210417e-06,4.14664184210417e-06,4.14664184210417e-06,4.14664184210417e-06,4.14664184210417e-06,4.14664184210417e-06,4.14664184210417e-06,4.14664184210417e-06,4.14664184210417e-06,4.14664184210417e-06,4.14664184210417e-06,4.14664184210417e-06,4.14664184210417e-06,4.14664184210417e-06,4.14664184210417e-06,4.14664184210417e-06,4.14664184210417e-06,4.14664184210417e-06,4.14664184210417e-06,4.14664184210417e-06,4.14664184210417e-06,4.14664184210417e-06,4.14664184210417e-06,4.14664184210417e-06,4.14664184210417e-06,4.14664184210417e-06,4.14664184210417e-06,4.14664184210417e-06,4.14664184210417e-06,4.14664184210417e-06,4.14664184210417e-06,4.14664184210417e-06,4.14664184210417e-06,4.14664184210417e-06,4.14664184210417e-06,4.14664184210417e-06,4.14664184210417e-06,4.14664184210417e-06,4.14664184210417e-06,4.14664184210417e-06,4.14664184210417e-06,4.14664184210417e-06,4.14664184210417e-06,4.14664184210417e-06,4.14664184210417e-06,4.14664184210417e-06,4.14664184210417e-06
4.14664184210417e-06,4.14664184210417e-06,4.14664184210417e-06,4.14664184210417e-06,4.14664184210417e-06,4.14664184210417e-06,4.14664184210417e-06,4.14664184210417e-06,4.14664184210417e-06,4.14664184210417e-06,4.14664184210417e-06,4.14664184210417e-06,4.14664184210417e-06,4.14664184210417e-06,4.14664184210417e-06,4.14664184210417e-06,4.14664184210417e-06,4.14664184210417e-06,4.14664184210417e-06,4.14664184210417e-06,4.14664184210417e-06,4.14664184210417e-06,4.14664184210417e-06,4.14664184210417e-06,4.14664184210417e-06,4.14664184210417e-06,4.14664184210417e-06,4.14664184210417e-06,4.14664184210417e-06,4.14664184210417e-06,4.14664184210417e-06,4.14664184210417e-06,4.14664184210417e-06,4.14664184210417e-06,4.14664184210417e-06,4.14664184210417e-06,4.14664184210417e-06,4.14664184210417e-06,4.14664184210417e-06,4.14664184210417e-06,4.14664184210417e-06,4.14664184210417e-06,4.14664184210417e-06,4.14664184210417e-06,4.14664184210417e-06,4.14664184210417e-06,4.14664184210417e-06,4.14664184210417e-06,4.14664184210417e-06,4.14664184210417e-06,4.14664184210417e-06,4.14664184210417e-06,4.14664184210417e-06,4.14664184210417e-06,4.14664184210417e-06,4.14664184210417e-06,4.14664184210417e-06,4.14664184210417e-06,4.14664184210417e-06,4.14664184210417e-06,4.14664184210417e-06,4.14664184210417e-06,4.14664184210417e-06,4.14664184210417e-06,4.14664184210417e-06,4.14664184210417e-06,4.14664184210417e-06,4.14664184210417e-06,4.14664184210417e-06,4.14664184210417e-06,4.14664184210417e-06,4.14664184210417e-06,4.14664184210417e-06,4.14664184210417e-06,4.14664184210417e-06,4.14664184210417e-06,4.14664184210417e-06,4.14664184210417e-06,4.14664184210417e-06,4.14664184210417e-06,4.14664184210417e-06,4.14664184210417e-06,4.14664184210417e-06,4.14664184210417e-06,4.14664184210417e-06,4.14664184210417e-06,4.14664184210417e-06,4.14664184210417e-06,4.14664184210417e-06,4.14664184210417e-06,4.14664184210417e-06,4.14664184210417e-06,4.14664184210417e-06,4.14664184210417e-06,4.14664184210417e-06,4.14664184210417e-06,4.14664184210417e-06,4.14664184210417e-06,4.14664184210417e-06,4.14664184210417e-06
4.14664184210417e-06,4.14664184210417e-06,4.14664184210417e-06,4.14664184210417e-06,4.14664184210417e-06,4.14664184210417e-06,4.14664184210417e-06,4.14664184210417e-06,4.14664184210417e-06,4.14664184210417e-06,4.14664184210417e-06,4.14664184210417e-06,4.14664184210417e-06,4.14664184210417e-06,4.14664184210417e-06,4.14664184210417e-06,4.14664184210417e-06,4.14664184210417e-06,4.14664184210417e-06,4.14664184210417e-06,4.14664184210417e-06,4.14664184210417e-06,4.14664184210417e-06,4.14664184210417e-06,4.14664184210417e-06,4.14664184210417e-06,4.14664184210417e-06,4.14664184210417e-06,4.14664184210417e-06,4.14664184210417e-06,4.14664184210417e-06,4.14664184210417e-06,4.14664184210417e-06,4.14664184210417e-06,4.14664184210417e-06,4.14664184210417e-06,4.14664184210417e-06,4.14664184210417e-06,4.14664184210417e-06,4.14664184210417e-06,4.14664184210417e-06,4.14664184210417e-06,4.14664184210417e-06,4.14664184210417e-06,4.14664184210417e-06,4.14664184210417e-06,4.14664184210417e-06,4.14664184210417e-06,4.14664184210417e-06,4.14664184210417e-06,4.14664184210417e-06,4.14664184210417e-06,4.14664184210417e-06,4.14664184210417e-06,4.14664184210417e-06,4.14664184210417e-06,4.14664184210417e-06,4.14664184210417e-06,4.14664184210417e-06,4.14664184210417e-06,4.14664184210417e-06,4.14664184210417e-06,4.14664184210417e-06,4.14664184210417e-06,4.14664184210417e-06,4.14664184210417e-06,4.14664184210417e-06,4.14664184210417e-06,4.14664184210417e-06,4.14664184210417e-06,4.14664184210417e-06,4.14664184210417e-06,4.14664184210417e-06,4.14664184210417e-06,4.14664184210417e-06,4.14664184210417e-06,4.14664184210417e-06,4.14664184210417e-06,4.14664184210417e-06,4.14664184210417e-06,4.14664184210417e-06,4.14664184210417e-06,4.14664184210417e-06,4.14664184210417e-06,4.14664184210417e-06,4.14664184210417e-06,4.14664184210417e-06,4.14664184210417e-06,4.14664184210417e-06,4.14664184210417e-06,4.14664184210417e-06,4.14664184210417e-06,4.14664184210417e-06,4.14664184210417e-06,4.14664184210417e-06,4.14664184210417e-06,4.14664184210417e-06,4.14664184210417e-06,4.14664184210417e-06,4.14664184210417e-06
4.14664184210417e-06,4.14664184210417e-06,4.14664184210417e-06,4.14664184210417e-06,4.14664184210417e-06,4.14664184210417e-06,4.14664184210417e-06,4.14664184210417e-06,4.14664184210417e-06,4.14664184210417e-06,4.14664184210417e-06,4.14664184210417e-06,4.14664184210417e-06,4.14664184210417e-06,4.14664184210417e-06,4.14664184210417e-06,4.14664184210417e-06,4.14664184210417e-06,4.14664184210417e-06,4.14664184210417e-06,4.14664184210417e-06,4.14664184210417e-06,4.14664184210417e-06,4.14664184210417e-06,4.14664184210417e-06,4.14664184210417e-06,4.14664184210417e-06,4.14664184210417e-06,4.14664184210417e-06,4.14664184210417e-06,4.14664184210417e-06,4.14664184210417e-06,4.14664184210417e-06,4.14664184210417e-06,4.14664184210417e-06,4.14664184210417e-06,4.14664184210417e-06,4.14664184210417e-06,4.14664184210417e-06,4.14664184210417e-06,4.14664184210417e-06,4.14664184210417e-06,4.14664184210417e-06,4.14664184210417e-06,4.14664184210417e-06,4.14664184210417e-06,4.14664184210417e-06,4.14664184210417e-06,4.14664184210417e-06,4.14664184210417e-06,4.14664184210417e-06,4.14664184210417e-06,4.14664184210417e-06,4.14664184210417e-06,4.14664184210417e-06,4.14664184210417e-06,4.14664184210417e-06,4.14664184210417e-06,4.14664184210417e-06,4.14664184210417e-06,4.14664184210417e-06,4.14664184210417e-06,4.14664184210417e-06,4.14664184210417e-06,4.14664184210417e-06,4.14664184210417e-06,4.14664184210417e-06,4.14664184210417e-06,4.14664184210417e-06,4.14664184210417e-06,4.14664184210417e-06,4.14664184210417e-06,4.14664184210417e-06,4.14664184210417e-06,4.14664184210417e-06,4.14664184210417e-06,4.14664184210417e-06,4.14664184210417e-06,4.14664184210417e-06,4.14664184210417e-06,4.14664184210417e-06,4.14664184210417e-06,4.14664184210417e-06,4.14664184210417e-06,4.14664184210417e-06,4.14664184210417e-06,4.14664184210417e-06,4.14664184210417e-06,4.14664184210417e-06,4.14664184210417e-06,4.14664184210417e-06,4.14664184210417e-06,4.14664184210417e-06,4.14664184210417e-06,4.14664184210417e-06,4.14664184210417e-06,4.14664184210417e-06,4.14664184210417e-06,4.14664184210417e-06,4.14664184210417e-06
4.14664184210417e-06,4.14664184210417e-06,4.14664184210417e-06,4.14664184210417e-06,4.14664184210417e-06,4.14664184210417e-06,4.14664184210417e-06,4.14664184210417e-06,4.14664184210417e-06,4.14664184210417e-06,4.14664184210417e-06,4.14664184210417e-06,4.14664184210417e-06,4.14664184210417e-06,4.14664184210417e-06,4.14664184210417e-06,4.14664184210417e-06,4.14664184210417e-06,4.14664184210417e-06,4.14664184210417e-06,4.14664184210417e-06,4.14664184210417e-06,4.14664184210417e-06,4.14664184210417e-06,4.14664184210417e-06,4.14664184210417e-06,4.14664184210417e-06,4.14664184210417e-06,4.14664184210417e-06,4.14664184210417e-06,4.14664184210417e-06,4.14664184210417e-06,4.14664184210417e-06,4.14664184210417e-06,4.14664184210417e-06,4.14664184210417e-06,4.14664184210417e-06,4.14664184210417e-06,4.14664184210417e-06,4.14664184210417e-06,4.14664184210417e-06,4.14664184210417e-06,4.14664184210417e-06,4.14664184210417e-06,4.14664184210417e-06,4.14664184210417e-06,4.14664184210417e-06,4.14664184210417e-06,4.14664184210417e-06,4.14664184210417e-06,4.14664184210417e-06,4.14664184210417e-06,4.14664184210417e-06,4.14664184210417e-06,4.14664184210417e-06,4.14664184210417e-06,4.14664184210417e-06,4.14664184210417e-06,4.14664184210417e-06,4.14664184210417e-06,4.14664184210417e-06,4.14664184210417e-06,4.14664184210417e-06,4.14664184210417e-06,4.14664184210417e-06,4.14664184210417e-06,4.14664184210417e-06,4.14664184210417e-06,4.14664184210417e-06,4.14664184210417e-06,4.14664184210417e-06,4.14664184210417e-06,4.14664184210417e-06,4.14664184210417e-06,4.14664184210417e-06,4.14664184210417e-06,4.14664184210417e-06,4.14664184210417e-06,4.14664184210417e-06,4.14664184210417e-06,4.14664184210417e-06,4.14664184210417e-06,4.14664184210417e-06,4.14664184210417e-06,4.14664184210417e-06,4.14664184210417e-06,4.14664184210417e-06,4.14664184210417e-06,4.14664184210417e-06,4.14664184210417e-06,4.14664184210417e-06,4.14664184210417e-06,4.14664184210417e-06,4.14664184210417e-06,4.14664184210417e-06,4.14664184210417e-06,4.14664184210417e-06,4.14664184210417e-06,4.14664184210417e-06,4.14664184210417e-06
4.14664184210417e-06,4.14664184210417e-06,4.14664184210417e-06,4.14664184210417e-06,4.14664184210417e-06,4.14664184210417e-06,4.14664184210417e-06,4.14664184210417e-06,4.14664184210417e-06,4.14664184210417e-06,4.14664184210417e-06,4.14664184210417e-06,4.14664184210417e-06,4.14664184210417e-06,4.14664184210417e-06,4.14664184210417e-06,4.14664184210417e-06,4.14664184210417e-06,4.14664184210417e-06,4.14664184210417e-06,4.14664184210417e-06,4.14664184210417e-06,4.14664184210417e-06,4.14664184210417e-06,4.14664184210417e-06,4.14664184210417e-06,4.14664184210417e-06,4.14664184210417e-06,4.14664184210417e-06,4.14664184210417e-06,4.14664184210417e-06,4.14664184210417e-06,4.14664184210417e-06,4.14664184210417e-06,4.14664184210417e-06,4.14664184210417e-06,4.14664184210417e-06,4.14664184210417e-06,4.14664184210417e-06,4.14664184210417e-06,4.14664184210417e-06,4.14664184210417e-06,4.14664184210417e-06,4.14664184210417e-06,4.14664184210417e-06,4.14664184210417e-06,4.14664184210417e-06,4.14664184210417e-06,4.14664184210417e-06,4.14664184210417e-06,4.14664184210417e-06,4.14664184210417e-06,4.14664184210417e-06,4.14664184210417e-06,4.14664184210417e-06,4.14664184210417e-06,4.14664184210417e-06,4.14664184210417e-06,4.14664184210417e-06,4.14664184210417e-06,4.14664184210417e-06,4.14664184210417e-06,4.14664184210417e-06,4.14664184210417e-06,4.14664184210417e-06,4.14664184210417e-06,4.14664184210417e-06,4.14664184210417e-06,4.14664184210417e-06,4.14664184210417e-06,4.14664184210417e-06,4.14664184210417e-06,4.14664184210417e-06,4.14664184210417e-06,4.14664184210417e-06,4.14664184210417e-06,4.14664184210417e-06,4.14664184210417e-06,4.14664184210417e-06,4.14664184210417e-06,4.14664184210417e-06,4.14664184210417e-06,4.14664184210417e-06,4.14664184210417e-06,4.14664184210417e-06,4.14664184210417e-06,4.14664184210417e-06,4.14664184210417e-06,4.14664184210417e-06,4.14664184210417e-06,4.14664184210417e-06,4.14664184210417e-06,4.14664184210417e-06,4.14664184210417e-06,4.14664184210417e-06,4.14664184210417e-06,4.14664184210417e-06,4.14664184210417e-06,4.14664184210417e-06,4.14664184210417e-06
4.14664184210417e-06,4.14664184210417e-06,4.14664184210417e-06,4.14664184210417e-06,4.14664184210417e-06,4.14664184210417e-06,4.14664184210417e-06,4.14664184210417e-06,4.14664184210417e-06,4.14664184210417e-06,4.14664184210417e-06,4.14664184210417e-06,4.14664184210417e-06,4.14664184210417e-06,4.14664184210417e-06,4.14664184210417e-06,4.14664184210417e-06,4.14664184210417e-06,4.14664184210417e-06,4.14664184210417e-06,4.14664184210417e-06,4.14664184210417e-06,4.14664184210417e-06,4.14664184210417e-06,4.14664184210417e-06,4.14664184210417e-06,4.14664184210417e-06,4.14664184210417e-06,4.14664184210417e-06,4.14664184210417e-06,4.14664184210417e-06,4.14664184210417e-06,4.14664184210417e-06,4.14664184210417e-06,4.14664184210417e-06,4.14664184210417e-06,4.14664184210417e-06,4.14664184210417e-06,4.14664184210417e-06,4.14664184210417e-06,4.14664184210417e-06,4.14664184210417e-06,4.14664184210417e-06,4.14664184210417e-06,4.14664184210417e-06,4.14664184210417e-06,4.14664184210417e-06,4.14664184210417e-06,4.14664184210417e-06,4.14664184210417e-06,4.14664184210417e-06,4.14664184210417e-06,4.14664184210417e-06,4.14664184210417e-06,4.14664184210417e-06,4.14664184210417e-06,4.14664184210417e-06,4.14664184210417e-06,4.14664184210417e-06,4.14664184210417e-06,4.14664184210417e-06,4.14664184210417e-06,4.14664184210417e-06,4.14664184210417e-06,4.14664184210417e-06,4.14664184210417e-06,4.14664184210417e-06,4.14664184210417e-06,4.14664184210417e-06,4.14664184210417e-06,4.14664184210417e-06,4.14664184210417e-06,4.14664184210417e-06,4.14664184210417e-06,4.14664184210417e-06,4.14664184210417e-06,4.14664184210417e-06,4.14664184210417e-06,4.14664184210417e-06,4.14664184210417e-06,4.14664184210417e-06,4.14664184210417e-06,4.14664184210417e-06,4.14664184210417e-06,4.14664184210417e-06,4.14664184210417e-06,4.14664184210417e-06,4.14664184210417e-06,4.14664184210417e-06,4.14664184210417e-06,4.14664184210417e-06,4.14664184210417e-06,4.14664184210417e-06,4.14664184210417e-06,4.14664184210417e-06,4.14664184210417e-06,4.14664184210417e-06,4.14664184210417e-06,4.14664184210417e-06,4.14664184210417e-06
4.14664184210417e-06,4.14664184210417e-06,4.14664184210417e-06,4.14664184210417e-06,4.14664184210417e-06,4.14664184210417e-06,4.14664184210417e-06,4.14664184210417e-06,4.14664184210417e-06,4.14664184210417e-06,4.14664184210417e-06,4.14664184210417e-06,4.14664184210417e-06,4.14664184210417e-06,4.14664184210417e-06,4.14664184210417e-06,4.14664184210417e-06,4.14664184210417e-06,4.14664184210417e-06,4.14664184210417e-06,4.14664184210417e-06,4.14664184210417e-06,4.14664184210417e-06,4.14664184210417e-06,4.14664184210417e-06,4.14664184210417e-06,4.14664184210417e-06,4.14664184210417e-06,4.14664184210417e-06,4.14664184210417e-06,4.14664184210417e-06,4.14664184210417e-06,4.14664184210417e-06,4.14664184210417e-06,4.14664184210417e-06,4.14664184210417e-06,4.14664184210417e-06,4.14664184210417e-06,4.14664184210417e-06,4.14664184210417e-06,4.14664184210417e-06,4.14664184210417e-06,4.14664184210417e-06,4.14664184210417e-06,4.14664184210417e-06,4.14664184210417e-06,4.14664184210417e-06,4.14664184210417e-06,4.14664184210417e-06,4.14664184210417e-06,4.14664184210417e-06,4.14664184210417e-06,4.14664184210417e-06,4.14664184210417e-06,4.14664184210417e-06,4.14664184210417e-06,4.14664184210417e-06,4.14664184210417e-06,4.14664184210417e-06,4.14664184210417e-06,4.14664184210417e-06,4.14664184210417e-06,4.14664184210417e-06,4.14664184210417e-06,4.14664184210417e-06,4.14664184210417e-06,4.14664184210417e-06,4.14664184210417e-06,4.14664184210417e-06,4.14664184210417e-06,4.14664184210417e-06,4.14664184210417e-06,4.14664184210417e-06,4.14664184210417e-06,4.14664184210417e-06,4.14664184210417e-06,4.14664184210417e-06,4.14664184210417e-06,4.14664184210417e-06,4.14664184210417e-06,4.14664184210417e-06,4.14664184210417e-06,4.14664184210417e-06,4.14664184210417e-06,4.14664184210417e-06,4.14664184210417e-06,4.14664184210417e-06,4.14664184210417e-06,4.14664184210417e-06,4.14664184210417e-06,4.14664184210417e-06,4.14664184210417e-06,4.14664184210417e-06,4.14664184210417e-06,4.14664184210417e-06,4.14664184210417e-06,4.14664184210417e-06,4.14664184210417e-06,4.14664184210417e-06,4.14664184210417e-06
4.14664184210417e-06,4.14664184210417e-06,4.14664184210417e-06,4.14664184210417e-06,4.14664184210417e-06,4.14664184210417e-06,4.14664184210417e-06,4.14664184210417e-06,4.14664184210417e-06,4.14664184210417e-06,4.14664184210417e-06,4.14664184210417e-06,4.14664184210417e-06,4.14664184210417e-06,4.14664184210417e-06,4.14664184210417e-06,4.14664184210417e-06,4.14664184210417e-06,4.14664184210417e-06,4.14664184210417e-06,4.14664184210417e-06,4.14664184210417e-06,4.14664184210417e-06,4.14664184210417e-06,4.14664184210417e-06,4.14664184210417e-06,4.14664184210417e-06,4.14664184210417e-06,4.14664184210417e-06,4.14664184210417e-06,4.14664184210417e-06,4.14664184210417e-06,4.14664184210417e-06,4.14664184210417e-06,4.14664184210417e-06,4.14664184210417e-06,4.14664184210417e-06,4.14664184210417e-06,4.14664184210417e-06,4.14664184210417e-06,4.14664184210417e-06,4.14664184210417e-06,4.14664184210417e-06,4.14664184210417e-06,4.14664184210417e-06,4.14664184210417e-06,4.14664184210417e-06,4.14664184210417e-06,4.14664184210417e-06,4.14664184210417e-06,4.14664184210417e-06,4.14664184210417e-06,4.14664184210417e-06,4.14664184210417e-06,4.14664184210417e-06,4.14664184210417e-06,4.14664184210417e-06,4.14664184210417e-06,4.14664184210417e-06,4.14664184210417e-06,4.14664184210417e-06,4.14664184210417e-06,4.14664184210417e-06,4.14664184210417e-06,4.14664184210417e-06,4.14664184210417e-06,4.14664184210417e-06,4.14664184210417e-06,4.14664184210417e-06,4.14664184210417e-06,4.14664184210417e-06,4.14664184210417e-06,4.14664184210417e-06,4.14664184210417e-06,4.14664184210417e-06,4.14664184210417e-06,4.14664184210417e-06,4.14664184210417e-06,4.14664184210417e-06,4.14664184210417e-06,4.14664184210417e-06,4.14664184210417e-06,4.14664184210417e-06,4.14664184210417e-06,4.14664184210417e-06,4.14664184210417e-06,4.14664184210417e-06,4.14664184210417e-06,4.14664184210417e-06,4.14664184210417e-06,4.14664184210417e-06,4.14664184210417e-06,4.14664184210417e-06,4.14664184210417e-06,4.14664184210417e-06,4.14664184210417e-06,4.14664184210417e-06,4.14664184210417e-06,4.14664184210417e-06,4.14664184210417e-06
4.14664184210417e-06,4.14664184210417e-06,4.14664184210417e-06,4.14664184210417e-06,4.14664184210417e-06,4.14664184210417e-06,4.14664184210417e-06,4.14664184210417e-06,4.14664184210417e-06,4.14664184210417e-06,4.14664184210417e-06,4.14664184210417e-06,4.14664184210417e-06,4.14664184210417e-06,4.14664184210417e-06,4.14664184210417e-06,4.14664184210417e-06,4.14664184210417e-06,4.14664184210417e-06,4.14664184210417e-06,4.14664184210417e-06,4.14664184210417e-06,4.14664184210417e-06,4.14664184210417e-06,4.14664184210417e-06,4.14664184210417e-06,4.14664184210417e-06,4.14664184210417e-06,4.14664184210417e-06,4.14664184210417e-06,4.14664184210417e-06,4.14664184210417e-06,4.14664184210417e-06,4.14664184210417e-06,4.14664184210417e-06,4.14664184210417e-06,4.14664184210417e-06,4.14664184210417e-06,4.14664184210417e-06,4.14664184210417e-06,4.14664184210417e-06,4.14664184210417e-06,4.14664184210417e-06,4.14664184210417e-06,4.14664184210417e-06,4.14664184210417e-06,4.14664184210417e-06,4.14664184210417e-06,4.14664184210417e-06,4.14664184210417e-06,4.14664184210417e-06,4.14664184210417e-06,4.14664184210417e-06,4.14664184210417e-06,4.14664184210417e-06,4.14664184210417e-06,4.14664184210417e-06,4.14664184210417e-06,4.14664184210417e-06,4.14664184210417e-06,4.14664184210417e-06,4.14664184210417e-06,4.14664184210417e-06,4.14664184210417e-06,4.14664184210417e-06,4.14664184210417e-06,4.14664184210417e-06,4.14664184210417e-06,4.14664184210417e-06,4.14664184210417e-06,4.14664184210417e-06,4.14664184210417e-06,4.14664184210417e-06,4.14664184210417e-06,4.14664184210417e-06,4.14664184210417e-06,4.14664184210417e-06,4.14664184210417e-06,4.14664184210417e-06,4.14664184210417e-06,4.14664184210417e-06,4.14664184210417e-06,4.14664184210417e-06,4.14664184210417e-06,4.14664184210417e-06,4.14664184210417e-06,4.14664184210417e-06,4.14664184210417e-06,4.14664184210417e-06,4.14664184210417e-06,4.14664184210417e-06,4.14664184210417e-06,4.14664184210417e-06,4.14664184210417e-06,4.14664184210417e-06,4.14664184210417e-06,4.14664184210417e-06,4.14664184210417e-06,4.14664184210417e-06,4.14664184210417e-06
4.14664184210417e-06,4.14664184210417e-06,4.14664184210417e-06,4.14664184210417e-06,4.14664184210417e-06,4.14664184210417e-06,4.14664184210417e-06,4.14664184210417e-06,4.14664184210417e-06,4.14664184210417e-06,4.14664184210417e-06,4.14664184210417e-06,4.14664184210417e-06,4.14664184210417e-06,4.14664184210417e-06,4.14664184210417e-06,4.14664184210417e-06,4.14664184210417e-06,4.14664184210417e-06,4.14664184210417e-06,4.14664184210417e-06,4.14664184210417e-06,4.14664184210417e-06,4.14664184210417e-06,4.14664184210417e-06,4.14664184210417e-06,4.14664184210417e-06,4.14664184210417e-06,4.14664184210417e-06,4.14664184210417e-06,4.14664184210417e-06,4.14664184210417e-06,4.14664184210417e-06,4.14664184210417e-06,4.14664184210417e-06,4.14664184210417e-06,4.14664184210417e-06,4.14664184210417e-06,4.14664184210417e-06,4.14664184210417e-06,4.14664184210417e-06,4.14664184210417e-06,4.14664184210417e-06,4.14664184210417e-06,4.14664184210417e-06,4.14664184210417e-06,4.14664184210417e-06,4.14664184210417e-06,4.14664184210417e-06,4.14664184210417e-06,4.14664184210417e-06,4.14664184210417e-06,4.14664184210417e-06,4.14664184210417e-06,4.14664184210417e-06,4.14664184210417e-06,4.14664184210417e-06,4.14664184210417e-06,4.14664184210417e-06,4.14664184210417e-06,4.14664184210417e-06,4.14664184210417e-06,4.14664184210417e-06,4.14664184210417e-06,4.14664184210417e-06,4.14664184210417e-06,4.14664184210417e-06,4.14664184210417e-06,4.14664184210417e-06,4.14664184210417e-06,4.14664184210417e-06,4.14664184210417e-06,4.14664184210417e-06,4.14664184210417e-06,4.14664184210417e-06,4.14664184210417e-06,4.14664184210417e-06,4.14664184210417e-06,4.14664184210417e-06,4.14664184210417e-06,4.14664184210417e-06,4.14664184210417e-06,4.14664184210417e-06,4.14664184210417e-06,4.14664184210417e-06,4.14664184210417e-06,4.14664184210417e-06,4.14664184210417e-06,4.14664184210417e-06,4.14664184210417e-06,4.14664184210417e-06,4.14664184210417e-06,4.14664184210417e-06,4.14664184210417e-06,4.14664184210417e-06,4.14664184210417e-06,4.14664184210417e-06,4.14664184210417e-06,4.14664184210417e-06,4.14664184210417e-06
4.14664184210417e-06,4.14664184210417e-06,4.14664184210417e-06,4.14664184210417e-06,4.14664184210417e-06,4.14664184210417e-06,4.14664184210417e-06,4.14664184210417e-06,4.14664184210417e-06,4.14664184210417e-06,4.14664184210417e-06,4.14664184210417e-06,4.14664184210417e-06,4.14664184210417e-06,4.14664184210417e-06,4.14664184210417e-06,4.14664184210417e-06,4.14664184210417e-06,4.14664184210417e-06,4.14664184210417e-06,4.14664184210417e-06,4.14664184210417e-06,4.14664184210417e-06,4.14664184210417e-06,4.14664184210417e-06,4.14664184210417e-06,4.14664184210417e-06,4.14664184210417e-06,4.14664184210417e-06,4.14664184210417e-06,4.14664184210417e-06,4.14664184210417e-06,4.14664184210417e-06,4.14664184210417e-06,4.14664184210417e-06,4.14664184210417e-06,4.14664184210417e-06,4.14664184210417e-06,4.14664184210417e-06,4.14664184210417e-06,4.14664184210417e-06,4.14664184210417e-06,4.14664184210417e-06,4.14664184210417e-06,4.14664184210417e-06,4.14664184210417e-06,4.14664184210417e-06,4.14664184210417e-06,4.14664184210417e-06,4.14664184210417e-06,4.14664184210417e-06,4.14664184210417e-06,4.14664184210417e-06,4.14664184210417e-06,4.14664184210417e-06,4.14664184210417e-06,4.14664184210417e-06,4.14664184210417e-06,4.14664184210417e-06,4.14664184210417e-06,4.14664184210417e-06,4.14664184210417e-06,4.14664184210417e-06,4.14664184210417e-06,4.14664184210417e-06,4.14664184210417e-06,4.14664184210417e-06,4.14664184210417e-06,4.14664184210417e-06,4.14664184210417e-06,4.14664184210417e-06,4.14664184210417e-06,4.14664184210417e-06,4.14664184210417e-06,4.14664184210417e-06,4.14664184210417e-06,4.14664184210417e-06,4.14664184210417e-06,4.14664184210417e-06,4.14664184210417e-06,4.14664184210417e-06,4.14664184210417e-06,4.14664184210417e-06,4.14664184210417e-06,4.14664184210417e-06,4.14664184210417e-06,4.14664184210417e-06,4.14664184210417e-06,4.14664184210417e-06,4.14664184210417e-06,4.14664184210417e-06,4.14664184210417e-06,4.14664184210417e-06,4.14664184210417e-06,4.14664184210417e-06,4.14664184210417e-06,4.14664184210417e-06,4.14664184210417e-06,4.14664184210417e-06,4.14664184210417e-06
4.14664184210417e-06,4.14664184210417e-06,4.14664184210417e-06,4.14664184210417e-06,4.14664184210417e-06,4.14664184210417e-06,4.14664184210417e-06,4.14664184210417e-06,4.14664184210417e-06,4.14664184210417e-06,4.14664184210417e-06,4.14664184210417e-06,4.14664184210417e-06,4.14664184210417e-06,4.14664184210417e-06,4.14664184210417e-06,4.14664184210417e-06,4.14664184210417e-06,4.14664184210417e-06,4.14664184210417e-06,4.14664184210417e-06,4.14664184210417e-06,4.14664184210417e-06,4.14664184210417e-06,4.14664184210417e-06,4.14664184210417e-06,4.14664184210417e-06,4.14664184210417e-06,4.14664184210417e-06,4.14664184210417e-06,4.14664184210417e-06,4.14664184210417e-06,4.14664184210417e-06,4.14664184210417e-06,4.14664184210417e-06,4.14664184210417e-06,4.14664184210417e-06,4.14664184210417e-06,4.14664184210417e-06,4.14664184210417e-06,4.14664184210417e-06,4.14664184210417e-06,4.14664184210417e-06,4.14664184210417e-06,4.14664184210417e-06,4.14664184210417e-06,4.14664184210417e-06,4.14664184210417e-06,4.14664184210417e-06,4.14664184210417e-06,4.14664184210417e-06,4.14664184210417e-06,4.14664184210417e-06,4.14664184210417e-06,4.14664184210417e-06,4.14664184210417e-06,4.14664184210417e-06,4.14664184210417e-06,4.14664184210417e-06,4.14664184210417e-06,4.14664184210417e-06,4.14664184210417e-06,4.14664184210417e-06,4.14664184210417e-06,4.14664184210417e-06,4.14664184210417e-06,4.14664184210417e-06,4.14664184210417e-06,4.14664184210417e-06,4.14664184210417e-06,4.14664184210417e-06,4.14664184210417e-06,4.14664184210417e-06,4.14664184210417e-06,4.14664184210417e-06,4.14664184210417e-06,4.14664184210417e-06,4.14664184210417e-06,4.14664184210417e-06,4.14664184210417e-06,4.14664184210417e-06,4.14664184210417e-06,4.14664184210417e-06,4.14664184210417e-06,4.14664184210417e-06,4.14664184210417e-06,4.14664184210417e-06,4.14664184210417e-06,4.14664184210417e-06,4.14664184210417e-06,4.14664184210417e-06,4.14664184210417e-06,4.14664184210417e-06,4.14664184210417e-06,4.14664184210417e-06,4.14664184210417e-06,4.14664184210417e-06,4.14664184210417e-06,4.14664184210417e-06,4.14664184210417e-06
4.14664184210417e-06,4.14664184210417e-06,4.14664184210417e-06,4.14664184210417e-06,4.14664184210417e-06,4.14664184210417e-06,4.14664184210417e-06,4.14664184210417e-06,4.14664184210417e-06,4.14664184210417e-06,4.14664184210417e-06,4.14664184210417e-06,4.14664184210417e-06,4.14664184210417e-06,4.14664184210417e-06,4.14664184210417e-06,4.14664184210417e-06,4.14664184210417e-06,4.14664184210417e-06,4.14664184210417e-06,4.14664184210417e-06,4.14664184210417e-06,4.14664184210417e-06,4.14664184210417e-06,4.14664184210417e-06,4.14664184210417e-06,4.14664184210417e-06,4.14664184210417e-06,4.14664184210417e-06,4.14664184210417e-06,4.14664184210417e-06,4.14664184210417e-06,4.14664184210417e-06,4.14664184210417e-06,4.14664184210417e-06,4.14664184210417e-06,4.14664184210417e-06,4.14664184210417e-06,4.14664184210417e-06,4.14664184210417e-06,4.14664184210417e-06,4.14664184210417e-06,4.14664184210417e-06,4.14664184210417e-06,4.14664184210417e-06,4.14664184210417e-06,4.14664184210417e-06,4.14664184210417e-06,4.14664184210417e-06,4.14664184210417e-06,4.14664184210417e-06,4.14664184210417e-06,4.14664184210417e-06,4.14664184210417e-06,4.14664184210417e-06,4.14664184210417e-06,4.14664184210417e-06,4.14664184210417e-06,4.14664184210417e-06,4.14664184210417e-06,4.14664184210417e-06,4.14664184210417e-06,4.14664184210417e-06,4.14664184210417e-06,4.14664184210417e-06,4.14664184210417e-06,4.14664184210417e-06,4.14664184210417e-06,4.14664184210417e-06,4.14664184210417e-06,4.14664184210417e-06,4.14664184210417e-06,4.14664184210417e-06,4.14664184210417e-06,4.14664184210417e-06,4.14664184210417e-06,4.14664184210417e-06,4.14664184210417e-06,4.14664184210417e-06,4.14664184210417e-06,4.14664184210417e-06,4.14664184210417e-06,4.14664184210417e-06,4.14664184210417e-06,4.14664184210417e-06,4.14664184210417e-06,4.14664184210417e-06,4.14664184210417e-06,4.14664184210417e-06,4.14664184210417e-06,4.14664184210417e-06,4.14664184210417e-06,4.14664184210417e-06,4.14664184210417e-06,4.14664184210417e-06,4.14664184210417e-06,4.14664184210417e-06,4.14664184210417e-06,4.14664184210417e-06,4.14664184210417e-06
4.14664184210417e-06,4.14664184210417e-06,4.14664184210417e-06,4.14664184210417e-06,4.14664184210417e-06,4.14664184210417e-06,4.14664184210417e-06,4.14664184210417e-06,4.14664184210417e-06,4.14664184210417e-06,4.14664184210417e-06,4.14664184210417e-06,4.14664184210417e-06,4.14664184210417e-06,4.14664184210417e-06,4.14664184210417e-06,4.14664184210417e-06,4.14664184210417e-06,4.14664184210417e-06,4.14664184210417e-06,4.14664184210417e-06,4.14664184210417e-06,4.14664184210417e-06,4.14664184210417e-06,4.14664184210417e-06,4.14664184210417e-06,4.14664184210417e-06,4.14664184210417e-06,4.14664184210417e-06,4.14664184210417e-06,4.14664184210417e-06,4.14664184210417e-06,4.14664184210417e-06,4.14664184210417e-06,4.14664184210417e-06,4.14664184210417e-06,4.14664184210417e-06,4.14664184210417e-06,4.14664184210417e-06,4.14664184210417e-06,4.14664184210417e-06,4.14664184210417e-06,4.14664184210417e-06,4.14664184210417e-06,4.14664184210417e-06,4.14664184210417e-06,4.14664184210417e-06,4.14664184210417e-06,4.14664184210417e-06,4.14664184210417e-06,4.14664184210417e-06,4.14664184210417e-06,4.14664184210417e-06,4.14664184210417e-06,4.14664184210417e-06,4.14664184210417e-06,4.14664184210417e-06,4.14664184210417e-06,4.14664184210417e-06,4.14664184210417e-06,4.14664184210417e-06,4.14664184210417e-06,4.14664184210417e-06,4.14664184210417e-06,4.14664184210417e-06,4.14664184210417e-06,4.14664184210417e-06,4.14664184210417e-06,4.14664184210417e-06,4.14664184210417e-06,4.14664184210417e-06,4.14664184210417e-06,4.14664184210417e-06,4.14664184210417e-06,4.14664184210417e-06,4.14664184210417e-06,4.14664184210417e-06,4.14664184210417e-06,4.14664184210417e-06,4.14664184210417e-06,4.14664184210417e-06,4.14664184210417e-06,4.14664184210417e-06,4.14664184210417e-06,4.14664184210417e-06,4.14664184210417e-06,4.14664184210417e-06,4.14664184210417e-06,4.14664184210417e-06,4.14664184210417e-06,4.14664184210417e-06,4.14664184210417e-06,4.14664184210417e-06,4.14664184210417e-06,4.14664184210417e-06,4.14664184210417e-06,4.14664184210417e-06,4.14664184210417e-06,4.14664184210417e-06,4.14664184210417e-06
4.14664184210417e-06,4.14664184210417e-06,4.14664184210417e-06,4.14664184210417e-06,4.14664184210417e-06,4.14664184210417e-06,4.14664184210417e-06,4.14664184210417e-06,4.14664184210417e-06,4.14664184210417e-06,4.14664184210417e-06,4.14664184210417e-06,4.14664184210417e-06,4.14664184210417e-06,4.14664184210417e-06,4.14664184210417e-06,4.14664184210417e-06,4.14664184210417e-06,4.14664184210417e-06,4.14664184210417e-06,4.14664184210417e-06,4.14664184210417e-06,4.14664184210417e-06,4.14664184210417e-06,4.14664184210417e-06,4.14664184210417e-06,4.14664184210417e-06,4.14664184210417e-06,4.14664184210417e-06,4.14664184210417e-06,4.14664184210417e-06,4.14664184210417e-06,4.14664184210417e-06,4.14664184210417e-06,4.14664184210417e-06,4.14664184210417e-06,4.14664184210417e-06,4.14664184210417e-06,4.14664184210417e-06,4.14664184210417e-06,4.14664184210417e-06,4.14664184210417e-06,4.14664184210417e-06,4.14664184210417e-06,4.14664184210417e-06,4.14664184210417e-06,4.14664184210417e-06,4.14664184210417e-06,4.14664184210417e-06,4.14664184210417e-06,4.14664184210417e-06,4.14664184210417e-06,4.14664184210417e-06,4.14664184210417e-06,4.14664184210417e-06,4.14664184210417e-06,4.14664184210417e-06,4.14664184210417e-06,4.14664184210417e-06,4.14664184210417e-06,4.14664184210417e-06,4.14664184210417e-06,4.14664184210417e-06,4.14664184210417e-06,4.14664184210417e-06,4.14664184210417e-06,4.14664184210417e-06,4.14664184210417e-06,4.14664184210417e-06,4.14664184210417e-06,4.14664184210417e-06,4.14664184210417e-06,4.14664184210417e-06,4.14664184210417e-06,4.14664184210417e-06,4.14664184210417e-06,4.14664184210417e-06,4.14664184210417e-06,4.14664184210417e-06,4.14664184210417e-06,4.14664184210417e-06,4.14664184210417e-06,4.14664184210417e-06,4.14664184210417e-06,4.14664184210417e-06,4.14664184210417e-06,4.14664184210417e-06,4.14664184210417e-06,4.14664184210417e-06,4.14664184210417e-06,4.14664184210417e-06,4.14664184210417e-06,4.14664184210417e-06,4.14664184210417e-06,4.14664184210417e-06,4.14664184210417e-06,4.14664184210417e-06,4.14664184210417e-06,4.14664184210417e-06,4.14664184210417e-06
4.14664184210417e-06,4.14664184210417e-06,4.14664184210417e-06,4.14664184210417e-06,4.14664184210417e-06,4.14664184210417e-06,4.14664184210417e-06,4.14664184210417e-06,4.14664184210417e-06,4.14664184210417e-06,4.14664184210417e-06,4.14664184210417e-06,4.14664184210417e-06,4.14664184210417e-06,4.14664184210417e-06,4.14664184210417e-06,4.14664184210417e-06,4.14664184210417e-06,4.14664184210417e-06,4.14664184210417e-06,4.14664184210417e-06,4.14664184210417e-06,4.14664184210417e-06,4.14664184210417e-06,4.14664184210417e-06,4.14664184210417e-06,4.14664184210417e-06,4.14664184210417e-06,4.14664184210417e-06,4.14664184210417e-06,4.14664184210417e-06,4.14664184210417e-06,4.14664184210417e-06,4.14664184210417e-06,4.14664184210417e-06,4.14664184210417e-06,4.14664184210417e-06,4.14664184210417e-06,4.14664184210417e-06,4.14664184210417e-06,4.14664184210417e-06,4.14664184210417e-06,4.14664184210417e-06,4.14664184210417e-06,4.14664184210417e-06,4.14664184210417e-06,4.14664184210417e-06,4.14664184210417e-06,4.14664184210417e-06,4.14664184210417e-06,4.14664184210417e-06,4.14664184210417e-06,4.14664184210417e-06,4.14664184210417e-06,4.14664184210417e-06,4.14664184210417e-06,4.14664184210417e-06,4.14664184210417e-06,4.14664184210417e-06,4.14664184210417e-06,4.14664184210417e-06,4.14664184210417e-06,4.14664184210417e-06,4.14664184210417e-06,4.14664184210417e-06,4.14664184210417e-06,4.14664184210417e-06,4.14664184210417e-06,4.14664184210417e-06,4.14664184210417e-06,4.14664184210417e-06,4.14664184210417e-06,4.14664184210417e-06,4.14664184210417e-06,4.14664184210417e-06,4.14664184210417e-06,4.14664184210417e-06,4.14664184210417e-06,4.14664184210417e-06,4.14664184210417e-06,4.14664184210417e-06,4.14664184210417e-06,4.14664184210417e-06,4.14664184210417e-06,4.14664184210417e-06,4.14664184210417e-06,4.14664184210417e-06,4.14664184210417e-06,4.14664184210417e-06,4.14664184210417e-06,4.14664184210417e-06,4.14664184210417e-06,4.14664184210417e-06,4.14664184210417e-06,4.14664184210417e-06,4.14664184210417e-06,4.14664184210417e-06,4.14664184210417e-06,4.14664184210417e-06,4.14664184210417e-06
4.14664184210417e-06,4.14664184210417e-06,4.14664184210417e-06,4.14664184210417e-06,4.14664184210417e-06,4.14664184210417e-06,4.14664184210417e-06,4.14664184210417e-06,4.14664184210417e-06,4.14664184210417e-06,4.14664184210417e-06,4.14664184210417e-06,4.14664184210417e-06,4.14664184210417e-06,4.14664184210417e-06,4.14664184210417e-06,4.14664184210417e-06,4.14664184210417e-06,4.14664184210417e-06,4.14664184210417e-06,4.14664184210417e-06,4.14664184210417e-06,4.14664184210417e-06,4.14664184210417e-06,4.14664184210417e-06,4.14664184210417e-06,4.14664184210417e-06,4.14664184210417e-06,4.14664184210417e-06,4.14664184210417e-06,4.14664184210417e-06,4.14664184210417e-06,4.14664184210417e-06,4.14664184210417e-06,4.14664184210417e-06,4.14664184210417e-06,4.14664184210417e-06,4.14664184210417e-06,4.14664184210417e-06,4.14664184210417e-06,4.14664184210417e-06,4.14664184210417e-06,4.14664184210417e-06,4.14664184210417e-06,4.14664184210417e-06,4.14664184210417e-06,4.14664184210417e-06,4.14664184210417e-06,4.14664184210417e-06,4.14664184210417e-06,4.14664184210417e-06,4.14664184210417e-06,4.14664184210417e-06,4.14664184210417e-06,4.14664184210417e-06,4.14664184210417e-06,4.14664184210417e-06,4.14664184210417e-06,4.14664184210417e-06,4.14664184210417e-06,4.14664184210417e-06,4.14664184210417e-06,4.14664184210417e-06,4.14664184210417e-06,4.14664184210417e-06,4.14664184210417e-06,4.14664184210417e-06,4.14664184210417e-06,4.14664184210417e-06,4.14664184210417e-06,4.14664184210417e-06,4.14664184210417e-06,4.14664184210417e-06,4.14664184210417e-06,4.14664184210417e-06,4.14664184210417e-06,4.14664184210417e-06,4.14664184210417e-06,4.14664184210417e-06,4.14664184210417e-06,4.14664184210417e-06,4.14664184210417e-06,4.14664184210417e-06,4.14664184210417e-06,4.14664184210417e-06,4.14664184210417e-06,4.14664184210417e-06,4.14664184210417e-06,4.14664184210417e-06,4.14664184210417e-06,4.14664184210417e-06,4.14664184210417e-06,4.14664184210417e-06,4.14664184210417e-06,4.14664184210417e-06,4.14664184210417e-06,4.14664184210417e-06,4.14664184210417e-06,4.14664184210417e-06,4.14664184210417e-06
4.14664184210417e-06,4.14664184210417e-06,4.14664184210417e-06,4.14664184210417e-06,4.14664184210417e-06,4.14664184210417e-06,4.14664184210417e-06,4.14664184210417e-06,4.14664184210417e-06,4.14664184210417e-06,4.14664184210417e-06,4.14664184210417e-06,4.14664184210417e-06,4.14664184210417e-06,4.14664184210417e-06,4.14664184210417e-06,4.14664184210417e-06,4.14664184210417e-06,4.14664184210417e-06,4.14664184210417e-06,4.14664184210417e-06,4.14664184210417e-06,4.14664184210417e-06,4.14664184210417e-06,4.14664184210417e-06,4.14664184210417e-06,4.14664184210417e-06,4.14664184210417e-06,4.14664184210417e-06,4.14664184210417e-06,4.14664184210417e-06,4.14664184210417e-06,4.14664184210417e-06,4.14664184210417e-06,4.14664184210417e-06,4.14664184210417e-06,4.14664184210417e-06,4.14664184210417e-06,4.14664184210417e-06,4.14664184210417e-06,4.14664184210417e-06,4.14664184210417e-06,4.14664184210417e-06,4.14664184210417e-06,4.14664184210417e-06,4.14664184210417e-06,4.14664184210417e-06,4.14664184210417e-06,4.14664184210417e-06,4.14664184210417e-06,4.14664184210417e-06,4.14664184210417e-06,4.14664184210417e-06,4.14664184210417e-06,4.14664184210417e-06,4.14664184210417e-06,4.14664184210417e-06,4.14664184210417e-06,4.14664184210417e-06,4.14664184210417e-06,4.14664184210417e-06,4.14664184210417e-06,4.14664184210417e-06,4.14664184210417e-06,4.14664184210417e-06,4.14664184210417e-06,4.14664184210417e-06,4.14664184210417e-06,4.14664184210417e-06,4.14664184210417e-06,4.14664184210417e-06,4.14664184210417e-06,4.14664184210417e-06,4.14664184210417e-06,4.14664184210417e-06,4.14664184210417e-06,4.14664184210417e-06,4.14664184210417e-06,4.14664184210417e-06,4.14664184210417e-06,4.14664184210417e-06,4.14664184210417e-06,4.14664184210417e-06,4.14664184210417e-06,4.14664184210417e-06,4.14664184210417e-06,4.14664184210417e-06,4.14664184210417e-06,4.14664184210417e-06,4.14664184210417e-06,4.14664184210417e-06,4.14664184210417e-06,4.14664184210417e-06,4.14664184210417e-06,4.14664184210417e-06,4.14664184210417e-06,4.14664184210417e-06,4.14664184210417e-06,4.14664184210417e-06,4.14664184210417e-06
4.14664184210417e-06,4.14664184210417e-06,4.14664184210417e-06,4.14664184210417e-06,4.14664184210417e-06,4.14664184210417e-06,4.14664184210417e-06,4.14664184210417e-06,4.14664184210417e-06,4.14664184210417e-06,4.14664184210417e-06,4.14664184210417e-06,4.14664184210417e-06,4.14664184210417e-06,4.14664184210417e-06,4.14664184210417e-06,4.14664184210417e-06,4.14664184210417e-06,4.14664184210417e-06,4.14664184210417e-06,4.14664184210417e-06,4.14664184210417e-06,4.14664184210417e-06,4.14664184210417e-06,4.14664184210417e-06,4.14664184210417e-06,4.14664184210417e-06,4.14664184210417e-06,4.14664184210417e-06,4.14664184210417e-06,4.14664184210417e-06,4.14664184210417e-06,4.14664184210417e-06,4.14664184210417e-06,4.14664184210417e-06,4.14664184210417e-06,4.14664184210417e-06,4.14664184210417e-06,4.14664184210417e-06,4.14664184210417e-06,4.14664184210417e-06,4.14664184210417e-06,4.14664184210417e-06,4.14664184210417e-06,4.14664184210417e-06,4.14664184210417e-06,4.14664184210417e-06,4.14664184210417e-06,4.14664184210417e-06,4.14664184210417e-06,4.14664184210417e-06,4.14664184210417e-06,4.14664184210417e-06,4.14664184210417e-06,4.14664184210417e-06,4.14664184210417e-06,4.14664184210417e-06,4.14664184210417e-06,4.14664184210417e-06,4.14664184210417e-06,4.14664184210417e-06,4.14664184210417e-06,4.14664184210417e-06,4.14664184210417e-06,4.14664184210417e-06,4.14664184210417e-06,4.14664184210417e-06,4.14664184210417e-06,4.14664184210417e-06,4.14664184210417e-06,4.14664184210417e-06,4.14664184210417e-06,4.14664184210417e-06,4.14664184210417e-06,4.14664184210417e-06,4.14664184210417e-06,4.14664184210417e-06,4.14664184210417e-06,4.14664184210417e-06,4.14664184210417e-06,4.14664184210417e-06,4.14664184210417e-06,4.14664184210417e-06,4.14664184210417e-06,4.14664184210417e-06,4.14664184210417e-06,4.14664184210417e-06,4.14664184210417e-06,4.14664184210417e-06,4.14664184210417e-06,4.14664184210417e-06,4.14664184210417e-06,4.14664184210417e-06,4.14664184210417e-06,4.14664184210417e-06,4.14664184210417e-06,4.14664184210417e-06,4.14664184210417e-06,4.14664184210417e-06,4.14664184210417e-06
4.14664184210417e-06,4.14664184210417e-06,4.14664184210417e-06,4.14664184210417e-06,4.14664184210417e-06,4.14664184210417e-06,4.14664184210417e-06,4.14664184210417e-06,4.14664184210417e-06,4.14664184210417e-06,4.14664184210417e-06,4.14664184210417e-06,4.14664184210417e-06,4.14664184210417e-06,4.14664184210417e-06,4.14664184210417e-06,4.14664184210417e-06,4.14664184210417e-06,4.14664184210417e-06,4.14664184210417e-06,4.14664184210417e-06,4.14664184210417e-06,4.14664184210417e-06,4.14664184210417e-06,4.14664184210417e-06,4.14664184210417e-06,4.14664184210417e-06,4.14664184210417e-06,4.14664184210417e-06,4.14664184210417e-06,4.14664184210417e-06,4.14664184210417e-06,4.14664184210417e-06,4.14664184210417e-06,4.14664184210417e-06,4.14664184210417e-06,4.14664184210417e-06,4.14664184210417e-06,4.14664184210417e-06,4.14664184210417e-06,4.14664184210417e-06,4.14664184210417e-06,4.14664184210417e-06,4.14664184210417e-06,4.14664184210417e-06,4.14664184210417e-06,4.14664184210417e-06,4.14664184210417e-06,4.14664184210417e-06,4.14664184210417e-06,4.14664184210417e-06,4.14664184210417e-06,4.14664184210417e-06,4.14664184210417e-06,4.14664184210417e-06,4.14664184210417e-06,4.14664184210417e-06,4.14664184210417e-06,4.14664184210417e-06,4.14664184210417e-06,4.14664184210417e-06,4.14664184210417e-06,4.14664184210417e-06,4.14664184210417e-06,4.14664184210417e-06,4.14664184210417e-06,4.14664184210417e-06,4.14664184210417e-06,4.14664184210417e-06,4.14664184210417e-06,4.14664184210417e-06,4.14664184210417e-06,4.14664184210417e-06,4.14664184210417e-06,4.14664184210417e-06,4.14664184210417e-06,4.14664184210417e-06,4.14664184210417e-06,4.14664184210417e-06,4.14664184210417e-06,4.14664184210417e-06,4.14664184210417e-06,4.14664184210417e-06,4.14664184210417e-06,4.14664184210417e-06,4.14664184210417e-06,4.14664184210417e-06,4.14664184210417e-06,4.14664184210417e-06,4.14664184210417e-06,4.14664184210417e-06,4.14664184210417e-06,4.14664184210417e-06,4.14664184210417e-06,4.14664184210417e-06,4.14664184210417e-06,4.14664184210417e-06,4.14664184210417e-06,4.14664184210417e-06,4.14664184210417e-06
4.14664184210417e-06,4.14664184210417e-06,4.14664184210417e-06,4.14664184210417e-06,4.14664184210417e-06,4.14664184210417e-06,4.14664184210417e-06,4.14664184210417e-06,4.14664184210417e-06,4.14664184210417e-06,4.14664184210417e-06,4.14664184210417e-06,4.14664184210417e-06,4.14664184210417e-06,4.14664184210417e-06,4.14664184210417e-06,4.14664184210417e-06,4.14664184210417e-06,4.14664184210417e-06,4.14664184210417e-06,4.14664184210417e-06,4.14664184210417e-06,4.14664184210417e-06,4.14664184210417e-06,4.14664184210417e-06,4.14664184210417e-06,4.14664184210417e-06,4.14664184210417e-06,4.14664184210417e-06,4.14664184210417e-06,4.14664184210417e-06,4.14664184210417e-06,4.14664184210417e-06,4.14664184210417e-06,4.14664184210417e-06,4.14664184210417e-06,4.14664184210417e-06,4.14664184210417e-06,4.14664184210417e-06,4.14664184210417e-06,4.14664184210417e-06,4.14664184210417e-06,4.14664184210417e-06,4.14664184210417e-06,4.14664184210417e-06,4.14664184210417e-06,4.14664184210417e-06,4.14664184210417e-06,4.14664184210417e-06,4.14664184210417e-06,4.14664184210417e-06,4.14664184210417e-06,4.14664184210417e-06,4.14664184210417e-06,4.14664184210417e-06,4.14664184210417e-06,4.14664184210417e-06,4.14664184210417e-06,4.14664184210417e-06,4.14664184210417e-06,4.14664184210417e-06,4.14664184210417e-06,4.14664184210417e-06,4.14664184210417e-06,4.14664184210417e-06,4.14664184210417e-06,4.14664184210417e-06,4.14664184210417e-06,4.14664184210417e-06,4.14664184210417e-06,4.14664184210417e-06,4.14664184210417e-06,4.14664184210417e-06,4.14664184210417e-06,4.14664184210417e-06,4.14664184210417e-06,4.14664184210417e-06,4.14664184210417e-06,4.14664184210417e-06,4.14664184210417e-06,4.14664184210417e-06,4.14664184210417e-06,4.14664184210417e-06,4.14664184210417e-06,4.14664184210417e-06,4.14664184210417e-06,4.14664184210417e-06,4.14664184210417e-06,4.14664184210417e-06,4.14664184210417e-06,4.14664184210417e-06,4.14664184210417e-06,4.14664184210417e-06,4.14664184210417e-06,4.14664184210417e-06,4.14664184210417e-06,4.14664184210417e-06,4.14664184210417e-06,4.14664184210417e-06,4.14664184210417e-06
4.14664184210417e-06,4.14664184210417e-06,4.14664184210417e-06,4.14664184210417e-06,4.14664184210417e-06,4.14664184210417e-06,4.14664184210417e-06,4.14664184210417e-06,4.14664184210417e-06,4.14664184210417e-06,4.14664184210417e-06,4.14664184210417e-06,4.14664184210417e-06,4.14664184210417e-06,4.14664184210417e-06,4.14664184210417e-06,4.14664184210417e-06,4.14664184210417e-06,4.14664184210417e-06,4.14664184210417e-06,4.14664184210417e-06,4.14664184210417e-06,4.14664184210417e-06,4.14664184210417e-06,4.14664184210417e-06,4.14664184210417e-06,4.14664184210417e-06,4.14664184210417e-06,4.14664184210417e-06,4.14664184210417e-06,4.14664184210417e-06,4.14664184210417e-06,4.14664184210417e-06,4.14664184210417e-06,4.14664184210417e-06,4.14664184210417e-06,4.14664184210417e-06,4.14664184210417e-06,4.14664184210417e-06,4.14664184210417e-06,4.14664184210417e-06,4.14664184210417e-06,4.14664184210417e-06,4.14664184210417e-06,4.14664184210417e-06,4.14664184210417e-06,4.14664184210417e-06,4.14664184210417e-06,4.14664184210417e-06,4.14664184210417e-06,4.14664184210417e-06,4.14664184210417e-06,4.14664184210417e-06,4.14664184210417e-06,4.14664184210417e-06,4.14664184210417e-06,4.14664184210417e-06,4.14664184210417e-06,4.14664184210417e-06,4.14664184210417e-06,4.14664184210417e-06,4.14664184210417e-06,4.14664184210417e-06,4.14664184210417e-06,4.14664184210417e-06,4.14664184210417e-06,4.14664184210417e-06,4.14664184210417e-06,4.14664184210417e-06,4.14664184210417e-06,4.14664184210417e-06,4.14664184210417e-06,4.14664184210417e-06,4.14664184210417e-06,4.14664184210417e-06,4.14664184210417e-06,4.14664184210417e-06,4.14664184210417e-06,4.14664184210417e-06,4.14664184210417e-06,4.14664184210417e-06,4.14664184210417e-06,4.14664184210417e-06,4.14664184210417e-06,4.14664184210417e-06,4.14664184210417e-06,4.14664184210417e-06,4.14664184210417e-06,4.14664184210417e-06,4.14664184210417e-06,4.14664184210417e-06,4.14664184210417e-06,4.14664184210417e-06,4.14664184210417e-06,4.14664184210417e-06,4.14664184210417e-06,4.14664184210417e-06,4.14664184210417e-06,4.14664184210417e-06,4.14664184210417e-06
4.14664184210417e-06,4.14664184210417e-06,4.14664184210417e-06,4.14664184210417e-06,4.14664184210417e-06,4.14664184210417e-06,4.14664184210417e-06,4.14664184210417e-06,4.14664184210417e-06,4.14664184210417e-06,4.14664184210417e-06,4.14664184210417e-06,4.14664184210417e-06,4.14664184210417e-06,4.14664184210417e-06,4.14664184210417e-06,4.14664184210417e-06,4.14664184210417e-06,4.14664184210417e-06,4.14664184210417e-06,4.14664184210417e-06,4.14664184210417e-06,4.14664184210417e-06,4.14664184210417e-06,4.14664184210417e-06,4.14664184210417e-06,4.14664184210417e-06,4.14664184210417e-06,4.14664184210417e-06,4.14664184210417e-06,4.14664184210417e-06,4.14664184210417e-06,4.14664184210417e-06,4.14664184210417e-06,4.14664184210417e-06,4.14664184210417e-06,4.14664184210417e-06,4.14664184210417e-06,4.14664184210417e-06,4.14664184210417e-06,4.14664184210417e-06,4.14664184210417e-06,4.14664184210417e-06,4.14664184210417e-06,4.14664184210417e-06,4.14664184210417e-06,4.14664184210417e-06,4.14664184210417e-06,4.14664184210417e-06,4.14664184210417e-06,4.14664184210417e-06,4.14664184210417e-06,4.14664184210417e-06,4.14664184210417e-06,4.14664184210417e-06,4.14664184210417e-06,4.14664184210417e-06,4.14664184210417e-06,4.14664184210417e-06,4.14664184210417e-06,4.14664184210417e-06,4.14664184210417e-06,4.14664184210417e-06,4.14664184210417e-06,4.14664184210417e-06,4.14664184210417e-06,4.14664184210417e-06,4.14664184210417e-06,4.14664184210417e-06,4.14664184210417e-06,4.14664184210417e-06,4.14664184210417e-06,4.14664184210417e-06,4.14664184210417e-06,4.14664184210417e-06,4.14664184210417e-06,4.14664184210417e-06,4.14664184210417e-06,4.14664184210417e-06,4.14664184210417e-06,4.14664184210417e-06,4.14664184210417e-06,4.14664184210417e-06,4.14664184210417e-06,4.14664184210417e-06,4.14664184210417e-06,4.14664184210417e-06,4.14664184210417e-06,4.14664184210417e-06,4.14664184210417e-06,4.14664184210417e-06,4.14664184210417e-06,4.14664184210417e-06,4.14664184210417e-06,4.14664184210417e-06,4.14664184210417e-06,4.14664184210417e-06,4.14664184210417e-06,4.14664184210417e-06,4.14664184210417e-06
4.14664184210417e-06,4.14664184210417e-06,4.14664184210417e-06,4.14664184210417e-06,4.14664184210417e-06,4.14664184210417e-06,4.14664184210417e-06,4.14664184210417e-06,4.14664184210417e-06,4.14664184210417e-06,4.14664184210417e-06,4.14664184210417e-06,4.14664184210417e-06,4.14664184210417e-06,4.14664184210417e-06,4.14664184210417e-06,4.14664184210417e-06,4.14664184210417e-06,4.14664184210417e-06,4.14664184210417e-06,4.14664184210417e-06,4.14664184210417e-06,4.14664184210417e-06,4.14664184210417e-06,4.14664184210417e-06,4.14664184210417e-06,4.14664184210417e-06,4.14664184210417e-06,4.14664184210417e-06,4.14664184210417e-06,4.14664184210417e-06,4.14664184210417e-06,4.14664184210417e-06,4.14664184210417e-06,4.14664184210417e-06,4.14664184210417e-06,4.14664184210417e-06,4.14664184210417e-06,4.14664184210417e-06,4.14664184210417e-06,4.14664184210417e-06,4.14664184210417e-06,4.14664184210417e-06,4.14664184210417e-06,4.14664184210417e-06,4.14664184210417e-06,4.14664184210417e-06,4.14664184210417e-06,4.14664184210417e-06,4.14664184210417e-06,4.14664184210417e-06,4.14664184210417e-06,4.14664184210417e-06,4.14664184210417e-06,4.14664184210417e-06,4.14664184210417e-06,4.14664184210417e-06,4.14664184210417e-06,4.14664184210417e-06,4.14664184210417e-06,4.14664184210417e-06,4.14664184210417e-06,4.14664184210417e-06,4.14664184210417e-06,4.14664184210417e-06,4.14664184210417e-06,4.14664184210417e-06,4.14664184210417e-06,4.14664184210417e-06,4.14664184210417e-06,4.14664184210417e-06,4.14664184210417e-06,4.14664184210417e-06,4.14664184210417e-06,4.14664184210417e-06,4.14664184210417e-06,4.14664184210417e-06,4.14664184210417e-06,4.14664184210417e-06,4.14664184210417e-06,4.14664184210417e-06,4.14664184210417e-06,4.14664184210417e-06,4.14664184210417e-06,4.14664184210417e-06,4.14664184210417e-06,4.14664184210417e-06,4.14664184210417e-06,4.14664184210417e-06,4.14664184210417e-06,4.14664184210417e-06,4.14664184210417e-06,4.14664184210417e-06,4.14664184210417e-06,4.14664184210417e-06,4.14664184210417e-06,4.14664184210417e-06,4.14664184210417e-06,4.14664184210417e-06,4.14664184210417e-06
4.14664184210417e-06,4.14664184210417e-06,4.14664184210417e-06,4.14664184210417e-06,4.14664184210417e-06,4.14664184210417e-06,4.14664184210417e-06,4.14664184210417e-06,4.14664184210417e-06,4.14664184210417e-06,4.14664184210417e-06,4.14664184210417e-06,4.14664184210417e-06,4.14664184210417e-06,4.14664184210417e-06,4.14664184210417e-06,4.14664184210417e-06,4.14664184210417e-06,4.14664184210417e-06,4.14664184210417e-06,4.14664184210417e-06,4.14664184210417e-06,4.14664184210417e-06,4.14664184210417e-06,4.14664184210417e-06,4.14664184210417e-06,4.14664184210417e-06,4.14664184210417e-06,4.14664184210417e-06,4.14664184210417e-06,4.14664184210417e-06,4.14664184210417e-06,4.14664184210417e-06,4.14664184210417e-06,4.14664184210417e-06,4.14664184210417e-06,4.14664184210417e-06,4.14664184210417e-06,4.14664184210417e-06,4.14664184210417e-06,4.14664184210417e-06,4.14664184210417e-06,4.14664184210417e-06,4.14664184210417e-06,4.14664184210417e-06,4.14664184210417e-06,4.14664184210417e-06,4.14664184210417e-06,4.14664184210417e-06,4.14664184210417e-06,4.14664184210417e-06,4.14664184210417e-06,4.14664184210417e-06,4.14664184210417e-06,4.14664184210417e-06,4.14664184210417e-06,4.14664184210417e-06,4.14664184210417e-06,4.14664184210417e-06,4.14664184210417e-06,4.14664184210417e-06,4.14664184210417e-06,4.14664184210417e-06,4.14664184210417e-06,4.14664184210417e-06,4.14664184210417e-06,4.14664184210417e-06,4.14664184210417e-06,4.14664184210417e-06,4.14664184210417e-06,4.14664184210417e-06,4.14664184210417e-06,4.14664184210417e-06,4.14664184210417e-06,4.14664184210417e-06,4.14664184210417e-06,4.14664184210417e-06,4.14664184210417e-06,4.14664184210417e-06,4.14664184210417e-06,4.14664184210417e-06,4.14664184210417e-06,4.14664184210417e-06,4.14664184210417e-06,4.14664184210417e-06,4.14664184210417e-06,4.14664184210417e-06,4.14664184210417e-06,4.14664184210417e-06,4.14664184210417e-06,4.14664184210417e-06,4.14664184210417e-06,4.14664184210417e-06,4.14664184210417e-06,4.14664184210417e-06,4.14664184210417e-06,4.14664184210417e-06,4.14664184210417e-06,4.14664184210417e-06,4.14664184210417e-06
4.14664184210417e-06,4.14664184210417e-06,4.14664184210417e-06,4.14664184210417e-06,4.14664184210417e-06,4.14664184210417e-06,4.14664184210417e-06,4.14664184210417e-06,4.14664184210417e-06,4.14664184210417e-06,4.14664184210417e-06,4.14664184210417e-06,4.14664184210417e-06,4.14664184210417e-06,4.14664184210417e-06,4.14664184210417e-06,4.14664184210417e-06,4.14664184210417e-06,4.14664184210417e-06,4.14664184210417e-06,4.14664184210417e-06,4.14664184210417e-06,4.14664184210417e-06,4.14664184210417e-06,4.14664184210417e-06,4.14664184210417e-06,4.14664184210417e-06,4.14664184210417e-06,4.14664184210417e-06,4.14664184210417e-06,4.14664184210417e-06,4.14664184210417e-06,4.14664184210417e-06,4.14664184210417e-06,4.14664184210417e-06,4.14664184210417e-06,4.14664184210417e-06,4.14664184210417e-06,4.14664184210417e-06,4.14664184210417e-06,4.14664184210417e-06,4.14664184210417e-06,4.14664184210417e-06,4.14664184210417e-06,4.14664184210417e-06,4.14664184210417e-06,4.14664184210417e-06,4.14664184210417e-06,4.14664184210417e-06,4.14664184210417e-06,4.14664184210417e-06,4.14664184210417e-06,4.14664184210417e-06,4.14664184210417e-06,4.14664184210417e-06,4.14664184210417e-06,4.14664184210417e-06,4.14664184210417e-06,4.14664184210417e-06,4.14664184210417e-06,4.14664184210417e-06,4.14664184210417e-06,4.14664184210417e-06,4.14664184210417e-06,4.14664184210417e-06,4.14664184210417e-06,4.14664184210417e-06,4.14664184210417e-06,4.14664184210417e-06,4.14664184210417e-06,4.14664184210417e-06,4.14664184210417e-06,4.14664184210417e-06,4.14664184210417e-06,4.14664184210417e-06,4.14664184210417e-06,4.14664184210417e-06,4.14664184210417e-06,4.14664184210417e-06,4.14664184210417e-06,4.14664184210417e-06,4.14664184210417e-06,4.14664184210417e-06,4.14664184210417e-06,4.14664184210417e-06,4.14664184210417e-06,4.14664184210417e-06,4.14664184210417e-06,4.14664184210417e-06,4.14664184210417e-06,4.14664184210417e-06,4.14664184210417e-06,4.14664184210417e-06,4.14664184210417e-06,4.14664184210417e-06,4.14664184210417e-06,4.14664184210417e-06,4.14664184210417e-06,4.14664184210417e-06,4.14664184210417e-06
4.14664184210417e-06,4.14664184210417e-06,4.14664184210417e-06,4.14664184210417e-06,4.14664184210417e-06,4.14664184210417e-06,4.14664184210417e-06,4.14664184210417e-06,4.14664184210417e-06,4.14664184210417e-06,4.14664184210417e-06,4.14664184210417e-06,4.14664184210417e-06,4.14664184210417e-06,4.14664184210417e-06,4.14664184210417e-06,4.14664184210417e-06,4.14664184210417e-06,4.14664184210417e-06,4.14664184210417e-06,4.14664184210417e-06,4.14664184210417e-06,4.14664184210417e-06,4.14664184210417e-06,4.14664184210417e-06,4.14664184210417e-06,4.14664184210417e-06,4.14664184210417e-06,4.14664184210417e-06,4.14664184210417e-06,4.14664184210417e-06,4.14664184210417e-06,4.14664184210417e-06,4.14664184210417e-06,4.14664184210417e-06,4.14664184210417e-06,4.14664184210417e-06,4.14664184210417e-06,4.14664184210417e-06,4.14664184210417e-06,4.14664184210417e-06,4.14664184210417e-06,4.14664184210417e-06,4.14664184210417e-06,4.14664184210417e-06,4.14664184210417e-06,4.14664184210417e-06,4.14664184210417e-06,4.14664184210417e-06,4.14664184210417e-06,4.14664184210417e-06,4.14664184210417e-06,4.14664184210417e-06,4.14664184210417e-06,4.14664184210417e-06,4.14664184210417e-06,4.14664184210417e-06,4.14664184210417e-06,4.14664184210417e-06,4.14664184210417e-06,4.14664184210417e-06,4.14664184210417e-06,4.14664184210417e-06,4.14664184210417e-06,4.14664184210417e-06,4.14664184210417e-06,4.14664184210417e-06,4.14664184210417e-06,4.14664184210417e-06,4.14664184210417e-06,4.14664184210417e-06,4.14664184210417e-06,4.14664184210417e-06,4.14664184210417e-06,4.14664184210417e-06,4.14664184210417e-06,4.14664184210417e-06,4.14664184210417e-06,4.14664184210417e-06,4.14664184210417e-06,4.14664184210417e-06,4.14664184210417e-06,4.14664184210417e-06,4.14664184210417e-06,4.14664184210417e-06,4.14664184210417e-06,4.14664184210417e-06,4.14664184210417e-06,4.14664184210417e-06,4.14664184210417e-06,4.14664184210417e-06,4.14664184210417e-06,4.14664184210417e-06,4.14664184210417e-06,4.14664184210417e-06,4.14664184210417e-06,4.14664184210417e-06,4.14664184210417e-06,4.14664184210417e-06,4.14664184210417e-06
4.14664184210417e-06,4.14664184210417e-06,4.14664184210417e-06,4.14664184210417e-06,4.14664184210417e-06,4.14664184210417e-06,4.14664184210417e-06,4.14664184210417e-06,4.14664184210417e-06,4.14664184210417e-06,4.14664184210417e-06,4.14664184210417e-06,4.14664184210417e-06,4.14664184210417e-06,4.14664184210417e-06,4.14664184210417e-06,4.14664184210417e-06,4.14664184210417e-06,4.14664184210417e-06,4.14664184210417e-06,4.14664184210417e-06,4.14664184210417e-06,4.14664184210417e-06,4.14664184210417e-06,4.14664184210417e-06,4.14664184210417e-06,4.14664184210417e-06,4.14664184210417e-06,4.14664184210417e-06,4.14664184210417e-06,4.14664184210417e-06,4.14664184210417e-06,4.14664184210417e-06,4.14664184210417e-06,4.14664184210417e-06,4.14664184210417e-06,4.14664184210417e-06,4.14664184210417e-06,4.14664184210417e-06,4.14664184210417e-06,4.14664184210417e-06,4.14664184210417e-06,4.14664184210417e-06,4.14664184210417e-06,4.14664184210417e-06,4.14664184210417e-06,4.14664184210417e-06,4.14664184210417e-06,4.14664184210417e-06,4.14664184210417e-06,4.14664184210417e-06,4.14664184210417e-06,4.14664184210417e-06,4.14664184210417e-06,4.14664184210417e-06,4.14664184210417e-06,4.14664184210417e-06,4.14664184210417e-06,4.14664184210417e-06,4.14664184210417e-06,4.14664184210417e-06,4.14664184210417e-06,4.14664184210417e-06,4.14664184210417e-06,4.14664184210417e-06,4.14664184210417e-06,4.14664184210417e-06,4.14664184210417e-06,4.14664184210417e-06,4.14664184210417e-06,4.14664184210417e-06,4.14664184210417e-06,4.14664184210417e-06,4.14664184210417e-06,4.14664184210417e-06,4.14664184210417e-06,4.14664184210417e-06,4.14664184210417e-06,4.14664184210417e-06,4.14664184210417e-06,4.14664184210417e-06,4.14664184210417e-06,4.14664184210417e-06,4.14664184210417e-06,4.14664184210417e-06,4.14664184210417e-06,4.14664184210417e-06,4.14664184210417e-06,4.14664184210417e-06,4.14664184210417e-06,4.14664184210417e-06,4.14664184210417e-06,4.14664184210417e-06,4.14664184210417e-06,4.14664184210417e-06,4.14664184210417e-06,4.14664184210417e-06,4.14664184210417e-06,4.14664184210417e-06,4.14664184210417e-06
4.14664184210417e-06,4.14664184210417e-06,4.14664184210417e-06,4.14664184210417e-06,4.14664184210417e-06,4.14664184210417e-06,4.14664184210417e-06,4.14664184210417e-06,4.14664184210417e-06,4.14664184210417e-06,4.14664184210417e-06,4.14664184210417e-06,4.14664184210417e-06,4.14664184210417e-06,4.14664184210417e-06,4.14664184210417e-06,4.14664184210417e-06,4.14664184210417e-06,4.14664184210417e-06,4.14664184210417e-06,4.14664184210417e-06,4.14664184210417e-06,4.14664184210417e-06,4.14664184210417e-06,4.14664184210417e-06,4.14664184210417e-06,4.14664184210417e-06,4.14664184210417e-06,4.14664184210417e-06,4.14664184210417e-06,4.14664184210417e-06,4.14664184210417e-06,4.14664184210417e-06,4.14664184210417e-06,4.14664184210417e-06,4.14664184210417e-06,4.14664184210417e-06,4.14664184210417e-06,4.14664184210417e-06,4.14664184210417e-06,4.14664184210417e-06,4.14664184210417e-06,4.14664184210417e-06,4.14664184210417e-06,4.14664184210417e-06,4.14664184210417e-06,4.14664184210417e-06,4.14664184210417e-06,4.14664184210417e-06,4.14664184210417e-06,4.14664184210417e-06,4.14664184210417e-06,4.14664184210417e-06,4.14664184210417e-06,4.14664184210417e-06,4.14664184210417e-06,4.14664184210417e-06,4.14664184210417e-06,4.14664184210417e-06,4.14664184210417e-06,4.14664184210417e-06,4.14664184210417e-06,4.14664184210417e-06,4.14664184210417e-06,4.14664184210417e-06,4.14664184210417e-06,4.14664184210417e-06,4.14664184210417e-06,4.14664184210417e-06,4.14664184210417e-06,4.14664184210417e-06,4.14664184210417e-06,4.14664184210417e-06,4.14664184210417e-06,4.14664184210417e-06,4.14664184210417e-06,4.14664184210417e-06,4.14664184210417e-06,4.14664184210417e-06,4.14664184210417e-06,4.14664184210417e-06,4.14664184210417e-06,4.14664184210417e-06,4.14664184210417e-06,4.14664184210417e-06,4.14664184210417e-06,4.14664184210417e-06,4.14664184210417e-06,4.14664184210417e-06,4.14664184210417e-06,4.14664184210417e-06,4.14664184210417e-06,4.14664184210417e-06,4.14664184210417e-06,4.14664184210417e-06,4.14664184210417e-06,4.14664184210417e-06,4.14664184210417e-06,4.14664184210417e-06,4.14664184210417e-06
4.14664184210417e-06,4.14664184210417e-06,4.14664184210417e-06,4.14664184210417e-06,4.14664184210417e-06,4.14664184210417e-06,4.14664184210417e-06,4.14664184210417e-06,4.14664184210417e-06,4.14664184210417e-06,4.14664184210417e-06,4.14664184210417e-06,4.14664184210417e-06,4.14664184210417e-06,4.14664184210417e-06,4.14664184210417e-06,4.14664184210417e-06,4.14664184210417e-06,4.14664184210417e-06,4.14664184210417e-06,4.14664184210417e-06,4.14664184210417e-06,4.14664184210417e-06,4.14664184210417e-06,4.14664184210417e-06,4.14664184210417e-06,4.14664184210417e-06,4.14664184210417e-06,4.14664184210417e-06,4.14664184210417e-06,4.14664184210417e-06,4.14664184210417e-06,4.14664184210417e-06,4.14664184210417e-06,4.14664184210417e-06,4.14664184210417e-06,4.14664184210417e-06,4.14664184210417e-06,4.14664184210417e-06,4.14664184210417e-06,4.14664184210417e-06,4.14664184210417e-06,4.14664184210417e-06,4.14664184210417e-06,4.14664184210417e-06,4.14664184210417e-06,4.14664184210417e-06,4.14664184210417e-06,4.14664184210417e-06,4.14664184210417e-06,4.14664184210417e-06,4.14664184210417e-06,4.14664184210417e-06,4.14664184210417e-06,4.14664184210417e-06,4.14664184210417e-06,4.14664184210417e-06,4.14664184210417e-06,4.14664184210417e-06,4.14664184210417e-06,4.14664184210417e-06,4.14664184210417e-06,4.14664184210417e-06,4.14664184210417e-06,4.14664184210417e-06,4.14664184210417e-06,4.14664184210417e-06,4.14664184210417e-06,4.14664184210417e-06,4.14664184210417e-06,4.14664184210417e-06,4.14664184210417e-06,4.14664184210417e-06,4.14664184210417e-06,4.14664184210417e-06,4.14664184210417e-06,4.14664184210417e-06,4.14664184210417e-06,4.14664184210417e-06,4.14664184210417e-06,4.14664184210417e-06,4.14664184210417e-06,4.14664184210417e-06,4.14664184210417e-06,4.14664184210417e-06,4.14664184210417e-06,4.14664184210417e-06,4.14664184210417e-06,4.14664184210417e-06,4.14664184210417e-06,4.14664184210417e-06,4.14664184210417e-06,4.14664184210417e-06,4.14664184210417e-06,4.14664184210417e-06,4.14664184210417e-06,4.14664184210417e-06,4.14664184210417e-06,4.14664184210417e-06,4.14664184210417e-06
4.14664184210417e-06,4.14664184210417e-06,4.14664184210417e-06,4.14664184210417e-06,4.14664184210417e-06,4.14664184210417e-06,4.14664184210417e-06,4.14664184210417e-06,4.14664184210417e-06,4.14664184210417e-06,4.14664184210417e-06,4.14664184210417e-06,4.14664184210417e-06,4.14664184210417e-06,4.14664184210417e-06,4.14664184210417e-06,4.14664184210417e-06,4.14664184210417e-06,4.14664184210417e-06,4.14664184210417e-06,4.14664184210417e-06,4.14664184210417e-06,4.14664184210417e-06,4.14664184210417e-06,4.14664184210417e-06,4.14664184210417e-06,4.14664184210417e-06,4.14664184210417e-06,4.14664184210417e-06,4.14664184210417e-06,4.14664184210417e-06,4.14664184210417e-06,4.14664184210417e-06,4.14664184210417e-06,4.14664184210417e-06,4.14664184210417e-06,4.14664184210417e-06,4.14664184210417e-06,4.14664184210417e-06,4.14664184210417e-06,4.14664184210417e-06,4.14664184210417e-06,4.14664184210417e-06,4.14664184210417e-06,4.14664184210417e-06,4.14664184210417e-06,4.14664184210417e-06,4.14664184210417e-06,4.14664184210417e-06,4.14664184210417e-06,4.14664184210417e-06,4.14664184210417e-06,4.14664184210417e-06,4.14664184210417e-06,4.14664184210417e-06,4.14664184210417e-06,4.14664184210417e-06,4.14664184210417e-06,4.14664184210417e-06,4.14664184210417e-06,4.14664184210417e-06,4.14664184210417e-06,4.14664184210417e-06,4.14664184210417e-06,4.14664184210417e-06,4.14664184210417e-06,4.14664184210417e-06,4.14664184210417e-06,4.14664184210417e-06,4.14664184210417e-06,4.14664184210417e-06,4.14664184210417e-06,4.14664184210417e-06,4.14664184210417e-06,4.14664184210417e-06,4.14664184210417e-06,4.14664184210417e-06,4.14664184210417e-06,4.14664184210417e-06,4.14664184210417e-06,4.14664184210417e-06,4.14664184210417e-06,4.14664184210417e-06,4.14664184210417e-06,4.14664184210417e-06,4.14664184210417e-06,4.14664184210417e-06,4.14664184210417e-06,4.14664184210417e-06,4.14664184210417e-06,4.14664184210417e-06,4.14664184210417e-06,4.14664184210417e-06,4.14664184210417e-06,4.14664184210417e-06,4.14664184210417e-06,4.14664184210417e-06,4.14664184210417e-06,4.14664184210417e-06,4.14664184210417e-06
4.14664184210417e-06,4.14664184210417e-06,4.14664184210417e-06,4.14664184210417e-06,4.14664184210417e-06,4.14664184210417e-06,4.14664184210417e-06,4.14664184210417e-06,4.14664184210417e-06,4.14664184210417e-06,4.14664184210417e-06,4.14664184210417e-06,4.14664184210417e-06,4.14664184210417e-06,4.14664184210417e-06,4.14664184210417e-06,4.14664184210417e-06,4.14664184210417e-06,4.14664184210417e-06,4.14664184210417e-06,4.14664184210417e-06,4.14664184210417e-06,4.14664184210417e-06,4.14664184210417e-06,4.14664184210417e-06,4.14664184210417e-06,4.14664184210417e-06,4.14664184210417e-06,4.14664184210417e-06,4.14664184210417e-06,4.14664184210417e-06,4.14664184210417e-06,4.14664184210417e-06,4.14664184210417e-06,4.14664184210417e-06,4.14664184210417e-06,4.14664184210417e-06,4.14664184210417e-06,4.14664184210417e-06,4.14664184210417e-06,4.14664184210417e-06,4.14664184210417e-06,4.14664184210417e-06,4.14664184210417e-06,4.14664184210417e-06,4.14664184210417e-06,4.14664184210417e-06,4.14664184210417e-06,4.14664184210417e-06,4.14664184210417e-06,4.14664184210417e-06,4.14664184210417e-06,4.14664184210417e-06,4.14664184210417e-06,4.14664184210417e-06,4.14664184210417e-06,4.14664184210417e-06,4.14664184210417e-06,4.14664184210417e-06,4.14664184210417e-06,4.14664184210417e-06,4.14664184210417e-06,4.14664184210417e-06,4.14664184210417e-06,4.14664184210417e-06,4.14664184210417e-06,4.14664184210417e-06,4.14664184210417e-06,4.14664184210417e-06,4.14664184210417e-06,4.14664184210417e-06,4.14664184210417e-06,4.14664184210417e-06,4.14664184210417e-06,4.14664184210417e-06,4.14664184210417e-06,4.14664184210417e-06,4.14664184210417e-06,4.14664184210417e-06,4.14664184210417e-06,4.14664184210417e-06,4.14664184210417e-06,4.14664184210417e-06,4.14664184210417e-06,4.14664184210417e-06,4.14664184210417e-06,4.14664184210417e-06,4.14664184210417e-06,4.14664184210417e-06,4.14664184210417e-06,4.14664184210417e-06,4.14664184210417e-06,4.14664184210417e-06,4.14664184210417e-06,4.14664184210417e-06,4.14664184210417e-06,4.14664184210417e-06,4.14664184210417e-06,4.14664184210417e-06,4.14664184210417e-06
4.14664184210417e-06,4.14664184210417e-06,4.14664184210417e-06,4.14664184210417e-06,4.14664184210417e-06,4.14664184210417e-06,4.14664184210417e-06,4.14664184210417e-06,4.14664184210417e-06,4.14664184210417e-06,4.14664184210417e-06,4.14664184210417e-06,4.14664184210417e-06,4.14664184210417e-06,4.14664184210417e-06,4.14664184210417e-06,4.14664184210417e-06,4.14664184210417e-06,4.14664184210417e-06,4.14664184210417e-06,4.14664184210417e-06,4.14664184210417e-06,4.14664184210417e-06,4.14664184210417e-06,4.14664184210417e-06,4.14664184210417e-06,4.14664184210417e-06,4.14664184210417e-06,4.14664184210417e-06,4.14664184210417e-06,4.14664184210417e-06,4.14664184210417e-06,4.14664184210417e-06,4.14664184210417e-06,4.14664184210417e-06,4.14664184210417e-06,4.14664184210417e-06,4.14664184210417e-06,4.14664184210417e-06,4.14664184210417e-06,4.14664184210417e-06,4.14664184210417e-06,4.14664184210417e-06,4.14664184210417e-06,4.14664184210417e-06,4.14664184210417e-06,4.14664184210417e-06,4.14664184210417e-06,4.14664184210417e-06,4.14664184210417e-06,4.14664184210417e-06,4.14664184210417e-06,4.14664184210417e-06,4.14664184210417e-06,4.14664184210417e-06,4.14664184210417e-06,4.14664184210417e-06,4.14664184210417e-06,4.14664184210417e-06,4.14664184210417e-06,4.14664184210417e-06,4.14664184210417e-06,4.14664184210417e-06,4.14664184210417e-06,4.14664184210417e-06,4.14664184210417e-06,4.14664184210417e-06,4.14664184210417e-06,4.14664184210417e-06,4.14664184210417e-06,4.14664184210417e-06,4.14664184210417e-06,4.14664184210417e-06,4.14664184210417e-06,4.14664184210417e-06,4.14664184210417e-06,4.14664184210417e-06,4.14664184210417e-06,4.14664184210417e-06,4.14664184210417e-06,4.14664184210417e-06,4.14664184210417e-06,4.14664184210417e-06,4.14664184210417e-06,4.14664184210417e-06,4.14664184210417e-06,4.14664184210417e-06,4.14664184210417e-06,4.14664184210417e-06,4.14664184210417e-06,4.14664184210417e-06,4.14664184210417e-06,4.14664184210417e-06,4.14664184210417e-06,4.14664184210417e-06,4.14664184210417e-06,4.14664184210417e-06,4.14664184210417e-06,4.14664184210417e-06,4.14664184210417e-06
4.14664184210417e-06,4.14664184210417e-06,4.14664184210417e-06,4.14664184210417e-06,4.14664184210417e-06,4.14664184210417e-06,4.14664184210417e-06,4.14664184210417e-06,4.14664184210417e-06,4.14664184210417e-06,4.14664184210417e-06,4.14664184210417e-06,4.14664184210417e-06,4.14664184210417e-06,4.14664184210417e-06,4.14664184210417e-06,4.14664184210417e-06,4.14664184210417e-06,4.14664184210417e-06,4.14664184210417e-06,4.14664184210417e-06,4.14664184210417e-06,4.14664184210417e-06,4.14664184210417e-06,4.14664184210417e-06,4.14664184210417e-06,4.14664184210417e-06,4.14664184210417e-06,4.14664184210417e-06,4.14664184210417e-06,4.14664184210417e-06,4.14664184210417e-06,4.14664184210417e-06,4.14664184210417e-06,4.14664184210417e-06,4.14664184210417e-06,4.14664184210417e-06,4.14664184210417e-06,4.14664184210417e-06,4.14664184210417e-06,4.14664184210417e-06,4.14664184210417e-06,4.14664184210417e-06,4.14664184210417e-06,4.14664184210417e-06,4.14664184210417e-06,4.14664184210417e-06,4.14664184210417e-06,4.14664184210417e-06,4.14664184210417e-06,4.14664184210417e-06,4.14664184210417e-06,4.14664184210417e-06,4.14664184210417e-06,4.14664184210417e-06,4.14664184210417e-06,4.14664184210417e-06,4.14664184210417e-06,4.14664184210417e-06,4.14664184210417e-06,4.14664184210417e-06,4.14664184210417e-06,4.14664184210417e-06,4.14664184210417e-06,4.14664184210417e-06,4.14664184210417e-06,4.14664184210417e-06,4.14664184210417e-06,4.14664184210417e-06,4.14664184210417e-06,4.14664184210417e-06,4.14664184210417e-06,4.14664184210417e-06,4.14664184210417e-06,4.14664184210417e-06,4.14664184210417e-06,4.14664184210417e-06,4.14664184210417e-06,4.14664184210417e-06,4.14664184210417e-06,4.14664184210417e-06,4.14664184210417e-06,4.14664184210417e-06,4.14664184210417e-06,4.14664184210417e-06,4.14664184210417e-06,4.14664184210417e-06,4.14664184210417e-06,4.14664184210417e-06,4.14664184210417e-06,4.14664184210417e-06,4.14664184210417e-06,4.14664184210417e-06,4.14664184210417e-06,4.14664184210417e-06,4.14664184210417e-06,4.14664184210417e-06,4.14664184210417e-06,4.14664184210417e-06,4.14664184210417e-06
4.14664184210417e-06,4.14664184210417e-06,4.14664184210417e-06,4.14664184210417e-06,4.14664184210417e-06,4.14664184210417e-06,4.14664184210417e-06,4.14664184210417e-06,4.14664184210417e-06,4.14664184210417e-06,4.14664184210417e-06,4.14664184210417e-06,4.14664184210417e-06,4.14664184210417e-06,4.14664184210417e-06,4.14664184210417e-06,4.14664184210417e-06,4.14664184210417e-06,4.14664184210417e-06,4.14664184210417e-06,4.14664184210417e-06,4.14664184210417e-06,4.14664184210417e-06,4.14664184210417e-06,4.14664184210417e-06,4.14664184210417e-06,4.14664184210417e-06,4.14664184210417e-06,4.14664184210417e-06,4.14664184210417e-06,4.14664184210417e-06,4.14664184210417e-06,4.14664184210417e-06,4.14664184210417e-06,4.14664184210417e-06,4.14664184210417e-06,4.14664184210417e-06,4.14664184210417e-06,4.14664184210417e-06,4.14664184210417e-06,4.14664184210417e-06,4.14664184210417e-06,4.14664184210417e-06,4.14664184210417e-06,4.14664184210417e-06,4.14664184210417e-06,4.14664184210417e-06,4.14664184210417e-06,4.14664184210417e-06,4.14664184210417e-06,4.14664184210417e-06,4.14664184210417e-06,4.14664184210417e-06,4.14664184210417e-06,4.14664184210417e-06,4.14664184210417e-06,4.14664184210417e-06,4.14664184210417e-06,4.14664184210417e-06,4.14664184210417e-06,4.14664184210417e-06,4.14664184210417e-06,4.14664184210417e-06,4.14664184210417e-06,4.14664184210417e-06,4.14664184210417e-06,4.14664184210417e-06,4.14664184210417e-06,4.14664184210417e-06,4.14664184210417e-06,4.14664184210417e-06,4.14664184210417e-06,4.14664184210417e-06,4.14664184210417e-06,4.14664184210417e-06,4.14664184210417e-06,4.14664184210417e-06,4.14664184210417e-06,4.14664184210417e-06,4.14664184210417e-06,4.14664184210417e-06,4.14664184210417e-06,4.14664184210417e-06,4.14664184210417e-06,4.14664184210417e-06,4.14664184210417e-06,4.14664184210417e-06,4.14664184210417e-06,4.14664184210417e-06,4.14664184210417e-06,4.14664184210417e-06,4.14664184210417e-06,4.14664184210417e-06,4.14664184210417e-06,4.14664184210417e-06,4.14664184210417e-06,4.14664184210417e-06,4.14664184210417e-06,4.14664184210417e-06,4.14664184210417e-06
4.14664184210417e-06,4.14664184210417e-06,4.14664184210417e-06,4.14664184210417e-06,4.14664184210417e-06,4.14664184210417e-06,4.14664184210417e-06,4.14664184210417e-06,4.14664184210417e-06,4.14664184210417e-06,4.14664184210417e-06,4.14664184210417e-06,4.14664184210417e-06,4.14664184210417e-06,4.14664184210417e-06,4.14664184210417e-06,4.14664184210417e-06,4.14664184210417e-06,4.14664184210417e-06,4.14664184210417e-06,4.14664184210417e-06,4.14664184210417e-06,4.14664184210417e-06,4.14664184210417e-06,4.14664184210417e-06,4.14664184210417e-06,4.14664184210417e-06,4.14664184210417e-06,4.14664184210417e-06,4.14664184210417e-06,4.14664184210417e-06,4.14664184210417e-06,4.14664184210417e-06,4.14664184210417e-06,4.14664184210417e-06,4.14664184210417e-06,4.14664184210417e-06,4.14664184210417e-06,4.14664184210417e-06,4.14664184210417e-06,4.14664184210417e-06,4.14664184210417e-06,4.14664184210417e-06,4.14664184210417e-06,4.14664184210417e-06,4.14664184210417e-06,4.14664184210417e-06,4.14664184210417e-06,4.14664184210417e-06,4.14664184210417e-06,4.14664184210417e-06,4.14664184210417e-06,4.14664184210417e-06,4.14664184210417e-06,4.14664184210417e-06,4.14664184210417e-06,4.14664184210417e-06,4.14664184210417e-06,4.14664184210417e-06,4.14664184210417e-06,4.14664184210417e-06,4.14664184210417e-06,4.14664184210417e-06,4.14664184210417e-06,4.14664184210417e-06,4.14664184210417e-06,4.14664184210417e-06,4.14664184210417e-06,4.14664184210417e-06,4.14664184210417e-06,4.14664184210417e-06,4.14664184210417e-06,4.14664184210417e-06,4.14664184210417e-06,4.14664184210417e-06,4.14664184210417e-06,4.14664184210417e-06,4.14664184210417e-06,4.14664184210417e-06,4.14664184210417e-06,4.14664184210417e-06,4.14664184210417e-06,4.14664184210417e-06,4.14664184210417e-06,4.14664184210417e-06,4.14664184210417e-06,4.14664184210417e-06,4.14664184210417e-06,4.14664184210417e-06,4.14664184210417e-06,4.14664184210417e-06,4.14664184210417e-06,4.14664184210417e-06,4.14664184210417e-06,4.14664184210417e-06,4.14664184210417e-06,4.14664184210417e-06,4.14664184210417e-06,4.14664184210417e-06,4.14664184210417e-06
4.14664184210417e-06,4.14664184210417e-06,4.14664184210417e-06,4.14664184210417e-06,4.14664184210417e-06,4.14664184210417e-06,4.14664184210417e-06,4.14664184210417e-06,4.14664184210417e-06,4.14664184210417e-06,4.14664184210417e-06,4.14664184210417e-06,4.14664184210417e-06,4.14664184210417e-06,4.14664184210417e-06,4.14664184210417e-06,4.14664184210417e-06,4.14664184210417e-06,4.14664184210417e-06,4.14664184210417e-06,4.14664184210417e-06,4.14664184210417e-06,4.14664184210417e-06,4.14664184210417e-06,4.14664184210417e-06,4.14664184210417e-06,4.14664184210417e-06,4.14664184210417e-06,4.14664184210417e-06,4.14664184210417e-06,4.14664184210417e-06,4.14664184210417e-06,4.14664184210417e-06,4.14664184210417e-06,4.14664184210417e-06,4.14664184210417e-06,4.14664184210417e-06,4.14664184210417e-06,4.14664184210417e-06,4.14664184210417e-06,4.14664184210417e-06,4.14664184210417e-06,4.14664184210417e-06,4.14664184210417e-06,4.14664184210417e-06,4.14664184210417e-06,4.14664184210417e-06,4.14664184210417e-06,4.14664184210417e-06,4.14664184210417e-06,4.14664184210417e-06,4.14664184210417e-06,4.14664184210417e-06,4.14664184210417e-06,4.14664184210417e-06,4.14664184210417e-06,4.14664184210417e-06,4.14664184210417e-06,4.14664184210417e-06,4.14664184210417e-06,4.14664184210417e-06,4.14664184210417e-06,4.14664184210417e-06,4.14664184210417e-06,4.14664184210417e-06,4.14664184210417e-06,4.14664184210417e-06,4.14664184210417e-06,4.14664184210417e-06,4.14664184210417e-06,4.14664184210417e-06,4.14664184210417e-06,4.14664184210417e-06,4.14664184210417e-06,4.14664184210417e-06,4.14664184210417e-06,4.14664184210417e-06,4.14664184210417e-06,4.14664184210417e-06,4.14664184210417e-06,4.14664184210417e-06,4.14664184210417e-06,4.14664184210417e-06,4.14664184210417e-06,4.14664184210417e-06,4.14664184210417e-06,4.14664184210417e-06,4.14664184210417e-06,4.14664184210417e-06,4.14664184210417e-06,4.14664184210417e-06,4.14664184210417e-06,4.14664184210417e-06,4.14664184210417e-06,4.14664184210417e-06,4.14664184210417e-06,4.14664184210417e-06,4.14664184210417e-06,4.14664184210417e-06,4.14664184210417e-06
4.14664184210417e-06,4.14664184210417e-06,4.14664184210417e-06,4.14664184210417e-06,4.14664184210417e-06,4.14664184210417e-06,4.14664184210417e-06,4.14664184210417e-06,4.14664184210417e-06,4.14664184210417e-06,4.14664184210417e-06,4.14664184210417e-06,4.14664184210417e-06,4.14664184210417e-06,4.14664184210417e-06,4.14664184210417e-06,4.14664184210417e-06,4.14664184210417e-06,4.14664184210417e-06,4.14664184210417e-06,4.14664184210417e-06,4.14664184210417e-06,4.14664184210417e-06,4.14664184210417e-06,4.14664184210417e-06,4.14664184210417e-06,4.14664184210417e-06,4.14664184210417e-06,4.14664184210417e-06,4.14664184210417e-06,4.14664184210417e-06,4.14664184210417e-06,4.14664184210417e-06,4.14664184210417e-06,4.14664184210417e-06,4.14664184210417e-06,4.14664184210417e-06,4.14664184210417e-06,4.14664184210417e-06,4.14664184210417e-06,4.14664184210417e-06,4.14664184210417e-06,4.14664184210417e-06,4.14664184210417e-06,4.14664184210417e-06,4.14664184210417e-06,4.14664184210417e-06,4.14664184210417e-06,4.14664184210417e-06,4.14664184210417e-06,4.14664184210417e-06,4.14664184210417e-06,4.14664184210417e-06,4.14664184210417e-06,4.14664184210417e-06,4.14664184210417e-06,4.14664184210417e-06,4.14664184210417e-06,4.14664184210417e-06,4.14664184210417e-06,4.14664184210417e-06,4.14664184210417e-06,4.14664184210417e-06,4.14664184210417e-06,4.14664184210417e-06,4.14664184210417e-06,4.14664184210417e-06,4.14664184210417e-06,4.14664184210417e-06,4.14664184210417e-06,4.14664184210417e-06,4.14664184210417e-06,4.14664184210417e-06,4.14664184210417e-06,4.14664184210417e-06,4.14664184210417e-06,4.14664184210417e-06,4.14664184210417e-06,4.14664184210417e-06,4.14664184210417e-06,4.14664184210417e-06,4.14664184210417e-06,4.14664184210417e-06,4.14664184210417e-06,4.14664184210417e-06,4.14664184210417e-06,4.14664184210417e-06,4.14664184210417e-06,4.14664184210417e-06,4.14664184210417e-06,4.14664184210417e-06,4.14664184210417e-06,4.14664184210417e-06,4.14664184210417e-06,4.14664184210417e-06,4.14664184210417e-06,4.14664184210417e-06,4.14664184210417e-06,4.14664184210417e-06,4.14664184210417e-06
4.14664184210417e-06,4.14664184210417e-06,4.14664184210417e-06,4.14664184210417e-06,4.14664184210417e-06,4.14664184210417e-06,4.14664184210417e-06,4.14664184210417e-06,4.14664184210417e-06,4.14664184210417e-06,4.14664184210417e-06,4.14664184210417e-06,4.14664184210417e-06,4.14664184210417e-06,4.14664184210417e-06,4.14664184210417e-06,4.14664184210417e-06,4.14664184210417e-06,4.14664184210417e-06,4.14664184210417e-06,4.14664184210417e-06,4.14664184210417e-06,4.14664184210417e-06,4.14664184210417e-06,4.14664184210417e-06,4.14664184210417e-06,4.14664184210417e-06,4.14664184210417e-06,4.14664184210417e-06,4.14664184210417e-06,4.14664184210417e-06,4.14664184210417e-06,4.14664184210417e-06,4.14664184210417e-06,4.14664184210417e-06,4.14664184210417e-06,4.14664184210417e-06,4.14664184210417e-06,4.14664184210417e-06,4.14664184210417e-06,4.14664184210417e-06,4.14664184210417e-06,4.14664184210417e-06,4.14664184210417e-06,4.14664184210417e-06,4.14664184210417e-06,4.14664184210417e-06,4.14664184210417e-06,4.14664184210417e-06,4.14664184210417e-06,4.14664184210417e-06,4.14664184210417e-06,4.14664184210417e-06,4.14664184210417e-06,4.14664184210417e-06,4.14664184210417e-06,4.14664184210417e-06,4.14664184210417e-06,4.14664184210417e-06,4.14664184210417e-06,4.14664184210417e-06,4.14664184210417e-06,4.14664184210417e-06,4.14664184210417e-06,4.14664184210417e-06,4.14664184210417e-06,4.14664184210417e-06,4.14664184210417e-06,4.14664184210417e-06,4.14664184210417e-06,4.14664184210417e-06,4.14664184210417e-06,4.14664184210417e-06,4.14664184210417e-06,4.14664184210417e-06,4.14664184210417e-06,4.14664184210417e-06,4.14664184210417e-06,4.14664184210417e-06,4.14664184210417e-06,4.14664184210417e-06,4.14664184210417e-06,4.14664184210417e-06,4.14664184210417e-06,4.14664184210417e-06,4.14664184210417e-06,4.14664184210417e-06,4.14664184210417e-06,4.14664184210417e-06,4.14664184210417e-06,4.14664184210417e-06,4.14664184210417e-06,4.14664184210417e-06,4.14664184210417e-06,4.14664184210417e-06,4.14664184210417e-06,4.14664184210417e-06,4.14664184210417e-06,4.14664184210417e-06,4.14664184210417e-06
4.14664184210417e-06,4.14664184210417e-06,4.14664184210417e-06,4.14664184210417e-06,4.14664184210417e-06,4.14664184210417e-06,4.14664184210417e-06,4.14664184210417e-06,4.14664184210417e-06,4.14664184210417e-06,4.14664184210417e-06,4.14664184210417e-06,4.14664184210417e-06,4.14664184210417e-06,4.14664184210417e-06,4.14664184210417e-06,4.14664184210417e-06,4.14664184210417e-06,4.14664184210417e-06,4.14664184210417e-06,4.14664184210417e-06,4.14664184210417e-06,4.14664184210417e-06,4.14664184210417e-06,4.14664184210417e-06,4.14664184210417e-06,4.14664184210417e-06,4.14664184210417e-06,4.14664184210417e-06,4.14664184210417e-06,4.14664184210417e-06,4.14664184210417e-06,4.14664184210417e-06,4.14664184210417e-06,4.14664184210417e-06,4.14664184210417e-06,4.14664184210417e-06,4.14664184210417e-06,4.14664184210417e-06,4.14664184210417e-06,4.14664184210417e-06,4.14664184210417e-06,4.14664184210417e-06,4.14664184210417e-06,4.14664184210417e-06,4.14664184210417e-06,4.14664184210417e-06,4.14664184210417e-06,4.14664184210417e-06,4.14664184210417e-06,4.14664184210417e-06,4.14664184210417e-06,4.14664184210417e-06,4.14664184210417e-06,4.14664184210417e-06,4.14664184210417e-06,4.14664184210417e-06,4.14664184210417e-06,4.14664184210417e-06,4.14664184210417e-06,4.14664184210417e-06,4.14664184210417e-06,4.14664184210417e-06,4.14664184210417e-06,4.14664184210417e-06,4.14664184210417e-06,4.14664184210417e-06,4.14664184210417e-06,4.14664184210417e-06,4.14664184210417e-06,4.14664184210417e-06,4.14664184210417e-06,4.14664184210417e-06,4.14664184210417e-06,4.14664184210417e-06,4.14664184210417e-06,4.14664184210417e-06,4.14664184210417e-06,4.14664184210417e-06,4.14664184210417e-06,4.14664184210417e-06,4.14664184210417e-06,4.14664184210417e-06,4.14664184210417e-06,4.14664184210417e-06,4.14664184210417e-06,4.14664184210417e-06,4.14664184210417e-06,4.14664184210417e-06,4.14664184210417e-06,4.14664184210417e-06,4.14664184210417e-06,4.14664184210417e-06,4.14664184210417e-06,4.14664184210417e-06,4.14664184210417e-06,4.14664184210417e-06,4.14664184210417e-06,4.14664184210417e-06,4.14664184210417e-06
4.14664184210417e-06,4.14664184210417e-06,4.14664184210417e-06,4.14664184210417e-06,4.14664184210417e-06,4.14664184210417e-06,4.14664184210417e-06,4.14664184210417e-06,4.14664184210417e-06,4.14664184210417e-06,4.14664184210417e-06,4.14664184210417e-06,4.14664184210417e-06,4.14664184210417e-06,4.14664184210417e-06,4.14664184210417e-06,4.14664184210417e-06,4.14664184210417e-06,4.14664184210417e-06,4.14664184210417e-06,4.14664184210417e-06,4.14664184210417e-06,4.14664184210417e-06,4.14664184210417e-06,4.14664184210417e-06,4.14664184210417e-06,4.14664184210417e-06,4.14664184210417e-06,4.14664184210417e-06,4.14664184210417e-06,4.14664184210417e-06,4.14664184210417e-06,4.14664184210417e-06,4.14664184210417e-06,4.14664184210417e-06,4.14664184210417e-06,4.14664184210417e-06,4.14664184210417e-06,4.14664184210417e-06,4.14664184210417e-06,4.14664184210417e-06,4.14664184210417e-06,4.14664184210417e-06,4.14664184210417e-06,4.14664184210417e-06,4.14664184210417e-06,4.14664184210417e-06,4.14664184210417e-06,4.14664184210417e-06,4.14664184210417e-06,4.14664184210417e-06,4.14664184210417e-06,4.14664184210417e-06,4.14664184210417e-06,4.14664184210417e-06,4.14664184210417e-06,4.14664184210417e-06,4.14664184210417e-06,4.14664184210417e-06,4.14664184210417e-06,4.14664184210417e-06,4.14664184210417e-06,4.14664184210417e-06,4.14664184210417e-06,4.14664184210417e-06,4.14664184210417e-06,4.14664184210417e-06,4.14664184210417e-06,4.14664184210417e-06,4.14664184210417e-06,4.14664184210417e-06,4.14664184210417e-06,4.14664184210417e-06,4.14664184210417e-06,4.14664184210417e-06,4.14664184210417e-06,4.14664184210417e-06,4.14664184210417e-06,4.14664184210417e-06,4.14664184210417e-06,4.14664184210417e-06,4.14664184210417e-06,4.14664184210417e-06,4.14664184210417e-06,4.14664184210417e-06,4.14664184210417e-06,4.14664184210417e-06,4.14664184210417e-06,4.14664184210417e-06,4.14664184210417e-06,4.14664184210417e-06,4.14664184210417e-06,4.14664184210417e-06,4.14664184210417e-06,4.14664184210417e-06,4.14664184210417e-06,4.14664184210417e-06,4.14664184210417e-06,4.14664184210417e-06,4.14664184210417e-06
4.14664184210417e-06,4.14664184210417e-06,4.14664184210417e-06,4.14664184210417e-06,4.14664184210417e-06,4.14664184210417e-06,4.14664184210417e-06,4.14664184210417e-06,4.14664184210417e-06,4.14664184210417e-06,4.14664184210417e-06,4.14664184210417e-06,4.14664184210417e-06,4.14664184210417e-06,4.14664184210417e-06,4.14664184210417e-06,4.14664184210417e-06,4.14664184210417e-06,4.14664184210417e-06,4.14664184210417e-06,4.14664184210417e-06,4.14664184210417e-06,4.14664184210417e-06,4.14664184210417e-06,4.14664184210417e-06,4.14664184210417e-06,4.14664184210417e-06,4.14664184210417e-06,4.14664184210417e-06,4.14664184210417e-06,4.14664184210417e-06,4.14664184210417e-06,4.14664184210417e-06,4.14664184210417e-06,4.14664184210417e-06,4.14664184210417e-06,4.14664184210417e-06,4.14664184210417e-06,4.14664184210417e-06,4.14664184210417e-06,4.14664184210417e-06,4.14664184210417e-06,4.14664184210417e-06,4.14664184210417e-06,4.14664184210417e-06,4.14664184210417e-06,4.14664184210417e-06,4.14664184210417e-06,4.14664184210417e-06,4.14664184210417e-06,4.14664184210417e-06,4.14664184210417e-06,4.14664184210417e-06,4.14664184210417e-06,4.14664184210417e-06,4.14664184210417e-06,4.14664184210417e-06,4.14664184210417e-06,4.14664184210417e-06,4.14664184210417e-06,4.14664184210417e-06,4.14664184210417e-06,4.14664184210417e-06,4.14664184210417e-06,4.14664184210417e-06,4.14664184210417e-06,4.14664184210417e-06,4.14664184210417e-06,4.14664184210417e-06,4.14664184210417e-06,4.14664184210417e-06,4.14664184210417e-06,4.14664184210417e-06,4.14664184210417e-06,4.14664184210417e-06,4.14664184210417e-06,4.14664184210417e-06,4.14664184210417e-06,4.14664184210417e-06,4.14664184210417e-06,4.14664184210417e-06,4.14664184210417e-06,4.14664184210417e-06,4.14664184210417e-06,4.14664184210417e-06,4.14664184210417e-06,4.14664184210417e-06,4.14664184210417e-06,4.14664184210417e-06,4.14664184210417e-06,4.14664184210417e-06,4.14664184210417e-06,4.14664184210417e-06,4.14664184210417e-06,4.14664184210417e-06,4.14664184210417e-06,4.14664184210417e-06,4.14664184210417e-06,4.14664184210417e-06,4.14664184210417e-06
4.14664184210417e-06,4.14664184210417e-06,4.14664184210417e-06,4.14664184210417e-06,4.14664184210417e-06,4.14664184210417e-06,4.14664184210417e-06,4.14664184210417e-06,4.14664184210417e-06,4.14664184210417e-06,4.14664184210417e-06,4.14664184210417e-06,4.14664184210417e-06,4.14664184210417e-06,4.14664184210417e-06,4.14664184210417e-06,4.14664184210417e-06,4.14664184210417e-06,4.14664184210417e-06,4.14664184210417e-06,4.14664184210417e-06,4.14664184210417e-06,4.14664184210417e-06,4.14664184210417e-06,4.14664184210417e-06,4.14664184210417e-06,4.14664184210417e-06,4.14664184210417e-06,4.14664184210417e-06,4.14664184210417e-06,4.14664184210417e-06,4.14664184210417e-06,4.14664184210417e-06,4.14664184210417e-06,4.14664184210417e-06,4.14664184210417e-06,4.14664184210417e-06,4.14664184210417e-06,4.14664184210417e-06,4.14664184210417e-06,4.14664184210417e-06,4.14664184210417e-06,4.14664184210417e-06,4.14664184210417e-06,4.14664184210417e-06,4.14664184210417e-06,4.14664184210417e-06,4.14664184210417e-06,4.14664184210417e-06,4.14664184210417e-06,4.14664184210417e-06,4.14664184210417e-06,4.14664184210417e-06,4.14664184210417e-06,4.14664184210417e-06,4.14664184210417e-06,4.14664184210417e-06,4.14664184210417e-06,4.14664184210417e-06,4.14664184210417e-06,4.14664184210417e-06,4.14664184210417e-06,4.14664184210417e-06,4.14664184210417e-06,4.14664184210417e-06,4.14664184210417e-06,4.14664184210417e-06,4.14664184210417e-06,4.14664184210417e-06,4.14664184210417e-06,4.14664184210417e-06,4.14664184210417e-06,4.14664184210417e-06,4.14664184210417e-06,4.14664184210417e-06,4.14664184210417e-06,4.14664184210417e-06,4.14664184210417e-06,4.14664184210417e-06,4.14664184210417e-06,4.14664184210417e-06,4.14664184210417e-06,4.14664184210417e-06,4.14664184210417e-06,4.14664184210417e-06,4.14664184210417e-06,4.14664184210417e-06,4.14664184210417e-06,4.14664184210417e-06,4.14664184210417e-06,4.14664184210417e-06,4.14664184210417e-06,4.14664184210417e-06,4.14664184210417e-06,4.14664184210417e-06,4.14664184210417e-06,4.14664184210417e-06,4.14664184210417e-06,4.14664184210417e-06,4.14664184210417e-06
4.14664184210417e-06,4.14664184210417e-06,4.14664184210417e-06,4.14664184210417e-06,4.14664184210417e-06,4.14664184210417e-06,4.14664184210417e-06,4.14664184210417e-06,4.14664184210417e-06,4.14664184210417e-06,4.14664184210417e-06,4.14664184210417e-06,4.14664184210417e-06,4.14664184210417e-06,4.14664184210417e-06,4.14664184210417e-06,4.14664184210417e-06,4.14664184210417e-06,4.14664184210417e-06,4.14664184210417e-06,4.14664184210417e-06,4.14664184210417e-06,4.14664184210417e-06,4.14664184210417e-06,4.14664184210417e-06,4.14664184210417e-06,4.14664184210417e-06,4.14664184210417e-06,4.14664184210417e-06,4.14664184210417e-06,4.14664184210417e-06,4.14664184210417e-06,4.14664184210417e-06,4.14664184210417e-06,4.14664184210417e-06,4.14664184210417e-06,4.14664184210417e-06,4.14664184210417e-06,4.14664184210417e-06,4.14664184210417e-06,4.14664184210417e-06,4.14664184210417e-06,4.14664184210417e-06,4.14664184210417e-06,4.14664184210417e-06,4.14664184210417e-06,4.14664184210417e-06,4.14664184210417e-06,4.14664184210417e-06,4.14664184210417e-06,4.14664184210417e-06,4.14664184210417e-06,4.14664184210417e-06,4.14664184210417e-06,4.14664184210417e-06,4.14664184210417e-06,4.14664184210417e-06,4.14664184210417e-06,4.14664184210417e-06,4.14664184210417e-06,4.14664184210417e-06,4.14664184210417e-06,4.14664184210417e-06,4.14664184210417e-06,4.14664184210417e-06,4.14664184210417e-06,4.14664184210417e-06,4.14664184210417e-06,4.14664184210417e-06,4.14664184210417e-06,4.14664184210417e-06,4.14664184210417e-06,4.14664184210417e-06,4.14664184210417e-06,4.14664184210417e-06,4.14664184210417e-06,4.14664184210417e-06,4.14664184210417e-06,4.14664184210417e-06,4.14664184210417e-06,4.14664184210417e-06,4.14664184210417e-06,4.14664184210417e-06,4.14664184210417e-06,4.14664184210417e-06,4.14664184210417e-06,4.14664184210417e-06,4.14664184210417e-06,4.14664184210417e-06,4.14664184210417e-06,4.14664184210417e-06,4.14664184210417e-06,4.14664184210417e-06,4.14664184210417e-06,4.14664184210417e-06,4.14664184210417e-06,4.14664184210417e-06,4.14664184210417e-06,4.14664184210417e-06,4.14664184210417e-06
4.56130602631459e-05,4.56130602631459e-05,4.56130602631459e-05,4.56130602631459e-05,4.56130602631459e-05,4.56130602631459e-05,4.56130602631459e-05,4.56130602631459e-05,4.56130602631459e-05,4.56130602631459e-05,4.56130602631459e-05,4.56130602631459e-05,4.56130602631459e-05,4.56130602631459e-05,4.56130602631459e-05,4.56130602631459e-05,4.56130602631459e-05,4.56130602631459e-05,4.56130602631459e-05,4.56130602631459e-05,4.56130602631459e-05,4.56130602631459e-05,4.56130602631459e-05,4.56130602631459e-05,4.56130602631459e-05,4.56130602631459e-05,4.56130602631459e-05,4.14664184210417e-06,4.14664184210417e-06,4.14664184210417e-06,4.14664184210417e-06,4.14664184210417e-06,4.14664184210417e-06,4.14664184210417e-06,4.14664184210417e-06,4.14664184210417e-06,4.14664184210417e-06,4.14664184210417e-06,4.14664184210417e-06,4.14664184210417e-06,4.14664184210417e-06,4.14664184210417e-06,4.14664184210417e-06,4.14664184210417e-06,4.14664184210417e-06,4.14664184210417e-06,4.14664184210417e-06,4.14664184210417e-06,4.14664184210417e-06,4.14664184210417e-06,4.14664184210417e-06,4.14664184210417e-06,4.14664184210417e-06,4.14664184210417e-06,4.14664184210417e-06,4.14664184210417e-06,4.14664184210417e-06,4.14664184210417e-06,4.14664184210417e-06,4.14664184210417e-06,4.14664184210417e-06,4.14664184210417e-06,4.14664184210417e-06,4.14664184210417e-06,4.14664184210417e-06,4.14664184210417e-06,4.14664184210417e-06,4.14664184210417e-06,4.14664184210417e-06,4.14664184210417e-06,4.14664184210417e-06,4.14664184210417e-06,4.14664184210417e-06,4.14664184210417e-06,4.14664184210417e-06,4.14664184210417e-06,4.14664184210417e-06,4.14664184210417e-06,4.14664184210417e-06,4.14664184210417e-06,4.14664184210417e-06,4.14664184210417e-06,4.14664184210417e-06,4.14664184210417e-06,4.14664184210417e-06,4.14664184210417e-06,4.14664184210417e-06,4.14664184210417e-06,4.14664184210417e-06,4.14664184210417e-06,4.14664184210417e-06,4.14664184210417e-06,4.14664184210417e-06,4.14664184210417e-06,4.14664184210417e-06,4.14664184210417e-06,4.14664184210417e-06,4.14664184210417e-06,4.14664184210417e-06,4.14664184210417e-06
4.14664184210417e-06,4.14664184210417e-06,4.14664184210417e-06,4.14664184210417e-06,4.14664184210417e-06,4.14664184210417e-06,4.14664184210417e-06,4.14664184210417e-06,4.14664184210417e-06,4.14664184210417e-06,4.14664184210417e-06,4.14664184210417e-06,4.14664184210417e-06,4.14664184210417e-06,4.14664184210417e-06,4.14664184210417e-06,4.14664184210417e-06,4.14664184210417e-06,4.14664184210417e-06,4.14664184210417e-06,4.14664184210417e-06,4.14664184210417e-06,4.14664184210417e-06,4.14664184210417e-06,4.14664184210417e-06,4.14664184210417e-06,4.14664184210417e-06,4.56130602631459e-05,4.56130602631459e-05,4.14664184210417e-06,4.14664184210417e-06,4.14664184210417e-06,4.14664184210417e-06,4.14664184210417e-06,4.14664184210417e-06,4.14664184210417e-06,4.14664184210417e-06,4.14664184210417e-06,4.14664184210417e-06,4.14664184210417e-06,4.14664184210417e-06,4.14664184210417e-06,4.14664184210417e-06,4.14664184210417e-06,4.14664184210417e-06,4.14664184210417e-06,4.14664184210417e-06,4.14664184210417e-06,4.14664184210417e-06,4.14664184210417e-06,4.14664184210417e-06,4.14664184210417e-06,4.14664184210417e-06,4.14664184210417e-06,4.14664184210417e-06,4.14664184210417e-06,4.14664184210417e-06,4.14664184210417e-06,4.14664184210417e-06,4.14664184210417e-06,4.14664184210417e-06,4.14664184210417e-06,4.14664184210417e-06,4.14664184210417e-06,4.14664184210417e-06,4.14664184210417e-06,4.14664184210417e-06,4.14664184210417e-06,4.14664184210417e-06,4.14664184210417e-06,4.14664184210417e-06,4.14664184210417e-06,4.14664184210417e-06,4.14664184210417e-06,4.14664184210417e-06,4.14664184210417e-06,4.14664184210417e-06,4.14664184210417e-06,4.14664184210417e-06,4.14664184210417e-06,4.14664184210417e-06,4.14664184210417e-06,4.14664184210417e-06,4.14664184210417e-06,4.14664184210417e-06,4.14664184210417e-06,4.14664184210417e-06,4.14664184210417e-06,4.14664184210417e-06,4.14664184210417e-06,4.14664184210417e-06,4.14664184210417e-06,4.14664184210417e-06,4.14664184210417e-06,4.14664184210417e-06,4.14664184210417e-06,4.14664184210417e-06,4.14664184210417e-06,4.14664184210417e-06,4.14664184210417e-06
4.14664184210417e-06,4.14664184210417e-06,4.14664184210417e-06,4.14664184210417e-06,4.14664184210417e-06,4.14664184210417e-06,4.14664184210417e-06,4.14664184210417e-06,4.14664184210417e-06,4.14664184210417e-06,4.14664184210417e-06,4.14664184210417e-06,4.14664184210417e-06,4.14664184210417e-06,4.14664184210417e-06,4.14664184210417e-06,4.14664184210417e-06,4.14664184210417e-06,4.14664184210417e-06,4.14664184210417e-06,4.14664184210417e-06,4.14664184210417e-06,4.14664184210417e-06,4.14664184210417e-06,4.14664184210417e-06,4.14664184210417e-06,4.14664184210417e-06,4.14664184210417e-06,4.14664184210417e-06,4.56130602631459e-05,4.56130602631459e-05,4.14664184210417e-06,4.14664184210417e-06,4.14664184210417e-06,4.14664184210417e-06,4.14664184210417e-06,4.14664184210417e-06,4.14664184210417e-06,4.14664184210417e-06,4.14664184210417e-06,4.14664184210417e-06,4.14664184210417e-06,4.14664184210417e-06,4.14664184210417e-06,4.14664184210417e-06,4.14664184210417e-06,4.14664184210417e-06,4.14664184210417e-06,4.14664184210417e-06,4.14664184210417e-06,4.14664184210417e-06,4.14664184210417e-06,4.14664184210417e-06,4.14664184210417e-06,4.14664184210417e-06,4.14664184210417e-06,4.14664184210417e-06,4.14664184210417e-06,4.14664184210417e-06,4.14664184210417e-06,4.14664184210417e-06,4.14664184210417e-06,4.14664184210417e-06,4.14664184210417e-06,4.14664184210417e-06,4.14664184210417e-06,4.14664184210417e-06,4.14664184210417e-06,4.14664184210417e-06,4.14664184210417e-06,4.14664184210417e-06,4.14664184210417e-06,4.14664184210417e-06,4.14664184210417e-06,4.14664184210417e-06,4.14664184210417e-06,4.14664184210417e-06,4.14664184210417e-06,4.14664184210417e-06,4.14664184210417e-06,4.14664184210417e-06,4.14664184210417e-06,4.14664184210417e-06,4.14664184210417e-06,4.14664184210417e-06,4.14664184210417e-06,4.14664184210417e-06,4.14664184210417e-06,4.14664184210417e-06,4.14664184210417e-06,4.14664184210417e-06,4.14664184210417e-06,4.14664184210417e-06,4.14664184210417e-06,4.14664184210417e-06,4.14664184210417e-06,4.14664184210417e-06,4.14664184210417e-06,4.14664184210417e-06,4.14664184210417e-06
4.14664184210417e-06,4.14664184210417e-06,4.14664184210417e-06,4.14664184210417e-06,4.14664184210417e-06,4.14664184210417e-06,4.14664184210417e-06,4.14664184210417e-06,4.14664184210417e-06,4.14664184210417e-06,4.14664184210417e-06,4.14664184210417e-06,4.14664184210417e-06,4.14664184210417e-06,4.14664184210417e-06,4.14664184210417e-06,4.14664184210417e-06,4.14664184210417e-06,4.14664184210417e-06,4.14664184210417e-06,4.14664184210417e-06,4.14664184210417e-06,4.14664184210417e-06,4.14664184210417e-06,4.14664184210417e-06,4.14664184210417e-06,4.14664184210417e-06,4.14664184210417e-06,4.14664184210417e-06,4.14664184210417e-06,4.14664184210417e-06,4.56130602631459e-05,4.56130602631459e-05,4.56130602631459e-05,4.14664184210417e-06,4.14664184210417e-06,4.14664184210417e-06,4.14664184210417e-06,4.14664184210417e-06,4.14664184210417e-06,4.14664184210417e-06,4.14664184210417e-06,4.14664184210417e-06,4.14664184210417e-06,4.14664184210417e-06,4.14664184210417e-06,4.14664184210417e-06,4.14664184210417e-06,4.14664184210417e-06,4.14664184210417e-06,4.14664184210417e-06,4.14664184210417e-06,4.14664184210417e-06,4.14664184210417e-06,4.14664184210417e-06,4.14664184210417e-06,4.14664184210417e-06,4.14664184210417e-06,4.14664184210417e-06,4.14664184210417e-06,4.14664184210417e-06,4.14664184210417e-06,4.14664184210417e-06,4.14664184210417e-06,4.14664184210417e-06,4.14664184210417e-06,4.14664184210417e-06,4.14664184210417e-06,4.14664184210417e-06,4.14664184210417e-06,4.14664184210417e-06,4.14664184210417e-06,4.14664184210417e-06,4.14664184210417e-06,4.14664184210417e-06,4.14664184210417e-06,4.14664184210417e-06,4.14664184210417e-06,4.14664184210417e-06,4.14664184210417e-06,4.14664184210417e-06,4.14664184210417e-06,4.14664184210417e-06,4.14664184210417e-06,4.14664184210417e-06,4.14664184210417e-06,4.14664184210417e-06,4.14664184210417e-06,4.14664184210417e-06,4.14664184210417e-06,4.14664184210417e-06,4.14664184210417e-06,4.14664184210417e-06,4.14664184210417e-06,4.14664184210417e-06,4.14664184210417e-06,4.14664184210417e-06,4.14664184210417e-06,4.14664184210417e-06,4.14664184210417e-06
4.14664184210417e-06,4.14664184210417e-06,4.14664184210417e-06,4.14664184210417e-06,4.14664184210417e-06,4.14664184210417e-06,4.14664184210417e-06,4.14664184210417e-06,4.14664184210417e-06,4.14664184210417e-06,4.14664184210417e-06,4.14664184210417e-06,4.14664184210417e-06,4.14664184210417e-06,4.14664184210417e-06,4.14664184210417e-06,4.14664184210417e-06,4.14664184210417e-06,4.14664184210417e-06,4.14664184210417e-06,4.14664184210417e-06,4.14664184210417e-06,4.14664184210417e-06,4.14664184210417e-06,4.14664184210417e-06,4.14664184210417e-06,4.14664184210417e-06,4.14664184210417e-06,4.14664184210417e-06,4.14664184210417e-06,4.14664184210417e-06,4.14664184210417e-06,4.14664184210417e-06,4.14664184210417e-06,4.56130602631459e-05,4.56130602631459e-05,4.56130602631459e-05,4.56130602631459e-05,4.14664184210417e-06,4.14664184210417e-06,4.14664184210417e-06,4.14664184210417e-06,4.14664184210417e-06,4.14664184210417e-06,4.14664184210417e-06,4.14664184210417e-06,4.14664184210417e-06,4.14664184210417e-06,4.14664184210417e-06,4.14664184210417e-06,4.14664184210417e-06,4.14664184210417e-06,4.14664184210417e-06,4.14664184210417e-06,4.14664184210417e-06,4.14664184210417e-06,4.14664184210417e-06,4.14664184210417e-06,4.14664184210417e-06,4.14664184210417e-06,4.14664184210417e-06,4.14664184210417e-06,4.14664184210417e-06,4.14664184210417e-06,4.14664184210417e-06,4.14664184210417e-06,4.14664184210417e-06,4.14664184210417e-06,4.14664184210417e-06,4.14664184210417e-06,4.14664184210417e-06,4.14664184210417e-06,4.14664184210417e-06,4.14664184210417e-06,4.14664184210417e-06,4.14664184210417e-06,4.14664184210417e-06,4.14664184210417e-06,4.14664184210417e-06,4.14664184210417e-06,4.14664184210417e-06,4.14664184210417e-06,4.14664184210417e-06,4.14664184210417e-06,4.14664184210417e-06,4.14664184210417e-06,4.14664184210417e-06,4.14664184210417e-06,4.14664184210417e-06,4.14664184210417e-06,4.14664184210417e-06,4.14664184210417e-06,4.14664184210417e-06,4.14664184210417e-06,4.14664184210417e-06,4.14664184210417e-06,4.14664184210417e-06,4.14664184210417e-06,4.14664184210417e-06,4.14664184210417e-06
4.14664184210417e-06,4.14664184210417e-06,4.14664184210417e-06,4.14664184210417e-06,4.14664184210417e-06,4.14664184210417e-06,4.14664184210417e-06,4.14664184210417e-06,4.14664184210417e-06,4.14664184210417e-06,4.14664184210417e-06,4.14664184210417e-06,4.14664184210417e-06,4.14664184210417e-06,4.14664184210417e-06,4.14664184210417e-06,4.14664184210417e-06,4.14664184210417e-06,4.14664184210417e-06,4.14664184210417e-06,4.14664184210417e-06,4.14664184210417e-06,4.14664184210417e-06,4.14664184210417e-06,4.14664184210417e-06,4.14664184210417e-06,4.14664184210417e-06,4.14664184210417e-06,4.14664184210417e-06,4.14664184210417e-06,4.14664184210417e-06,4.14664184210417e-06,4.14664184210417e-06,4.14664184210417e-06,4.14664184210417e-06,4.14664184210417e-06,4.14664184210417e-06,4.14664184210417e-06,4.56130602631459e-05,4.14664184210417e-06,4.14664184210417e-06,4.14664184210417e-06,4.14664184210417e-06,4.14664184210417e-06,4.14664184210417e-06,4.14664184210417e-06,4.14664184210417e-06,4.14664184210417e-06,4.14664184210417e-06,4.14664184210417e-06,4.14664184210417e-06,4.14664184210417e-06,4.14664184210417e-06,4.14664184210417e-06,4.14664184210417e-06,4.14664184210417e-06,4.14664184210417e-06,4.14664184210417e-06,4.14664184210417e-06,4.14664184210417e-06,4.14664184210417e-06,4.14664184210417e-06,4.14664184210417e-06,4.14664184210417e-06,4.14664184210417e-06,4.14664184210417e-06,4.14664184210417e-06,4.14664184210417e-06,4.14664184210417e-06,4.14664184210417e-06,4.14664184210417e-06,4.14664184210417e-06,4.14664184210417e-06,4.14664184210417e-06,4.14664184210417e-06,4.14664184210417e-06,4.14664184210417e-06,4.14664184210417e-06,4.14664184210417e-06,4.14664184210417e-06,4.14664184210417e-06,4.14664184210417e-06,4.14664184210417e-06,4.14664184210417e-06,4.14664184210417e-06,4.14664184210417e-06,4.14664184210417e-06,4.14664184210417e-06,4.14664184210417e-06,4.14664184210417e-06,4.14664184210417e-06,4.14664184210417e-06,4.14664184210417e-06,4.14664184210417e-06,4.14664184210417e-06,4.14664184210417e-06,4.14664184210417e-06,4.14664184210417e-06,4.14664184210417e-06,4.14664184210417e-06
4.14664184210417e-06,4.14664184210417e-06,4.14664184210417e-06,4.14664184210417e-06,4.14664184210417e-06,4.14664184210417e-06,4.14664184210417e-06,4.14664184210417e-06,4.14664184210417e-06,4.14664184210417e-06,4.14664184210417e-06,4.14664184210417e-06,4.14664184210417e-06,4.14664184210417e-06,4.14664184210417e-06,4.14664184210417e-06,4.14664184210417e-06,4.14664184210417e-06,4.14664184210417e-06,4.14664184210417e-06,4.14664184210417e-06,4.14664184210417e-06,4.14664184210417e-06,4.14664184210417e-06,4.14664184210417e-06,4.14664184210417e-06,4.14664184210417e-06,4.14664184210417e-06,4.14664184210417e-06,4.14664184210417e-06,4.14664184210417e-06,4.14664184210417e-06,4.14664184210417e-06,4.14664184210417e-06,4.14664184210417e-06,4.14664184210417e-06,4.14664184210417e-06,4.14664184210417e-06,4.14664184210417e-06,4.14664184210417e-06,4.14664184210417e-06,4.14664184210417e-06,4.14664184210417e-06,4.14664184210417e-06,4.14664184210417e-06,4.14664184210417e-06,4.14664184210417e-06,4.14664184210417e-06,4.14664184210417e-06,4.14664184210417e-06,4.14664184210417e-06,4.14664184210417e-06,4.14664184210417e-06,4.14664184210417e-06,4.14664184210417e-06,4.14664184210417e-06,4.14664184210417e-06,4.14664184210417e-06,4.14664184210417e-06,4.14664184210417e-06,4.14664184210417e-06,4.14664184210417e-06,4.14664184210417e-06,4.14664184210417e-06,4.14664184210417e-06,4.14664184210417e-06,4.14664184210417e-06,4.14664184210417e-06,4.14664184210417e-06,4.14664184210417e-06,4.14664184210417e-06,4.14664184210417e-06,4.14664184210417e-06,4.14664184210417e-06,4.14664184210417e-06,4.14664184210417e-06,4.14664184210417e-06,4.14664184210417e-06,4.14664184210417e-06,4.14664184210417e-06,4.14664184210417e-06,4.14664184210417e-06,4.14664184210417e-06,4.14664184210417e-06,4.14664184210417e-06,4.14664184210417e-06,4.14664184210417e-06,4.14664184210417e-06,4.14664184210417e-06,4.14664184210417e-06,4.14664184210417e-06,4.14664184210417e-06,4.14664184210417e-06,4.14664184210417e-06,4.14664184210417e-06,4.14664184210417e-06,4.14664184210417e-06,4.14664184210417e-06,4.14664184210417e-06,4.14664184210417e-06
4.14664184210417e-06,4.14664184210417e-06,4.14664184210417e-06,4.14664184210417e-06,4.14664184210417e-06,4.14664184210417e-06,4.14664184210417e-06,4.14664184210417e-06,4.14664184210417e-06,4.14664184210417e-06,4.14664184210417e-06,4.14664184210417e-06,4.14664184210417e-06,4.14664184210417e-06,4.14664184210417e-06,4.14664184210417e-06,4.14664184210417e-06,4.14664184210417e-06,4.14664184210417e-06,4.14664184210417e-06,4.14664184210417e-06,4.14664184210417e-06,4.14664184210417e-06,4.14664184210417e-06,4.14664184210417e-06,4.14664184210417e-06,4.14664184210417e-06,4.14664184210417e-06,4.14664184210417e-06,4.14664184210417e-06,4.14664184210417e-06,4.14664184210417e-06,4.14664184210417e-06,4.14664184210417e-06,4.14664184210417e-06,4.14664184210417e-06,4.14664184210417e-06,4.14664184210417e-06,4.14664184210417e-06,4.56130602631459e-05,4.56130602631459e-05,4.14664184210417e-06,4.14664184210417e-06,4.14664184210417e-06,4.14664184210417e-06,4.14664184210417e-06,4.14664184210417e-06,4.14664184210417e-06,4.14664184210417e-06,4.14664184210417e-06,4.14664184210417e-06,4.14664184210417e-06,4.14664184210417e-06,4.14664184210417e-06,4.14664184210417e-06,4.14664184210417e-06,4.14664184210417e-06,4.14664184210417e-06,4.14664184210417e-06,4.14664184210417e-06,4.14664184210417e-06,4.14664184210417e-06,4.14664184210417e-06,4.14664184210417e-06,4.14664184210417e-06,4.14664184210417e-06,4.14664184210417e-06,4.14664184210417e-06,4.14664184210417e-06,4.14664184210417e-06,4.14664184210417e-06,4.14664184210417e-06,4.14664184210417e-06,4.14664184210417e-06,4.14664184210417e-06,4.14664184210417e-06,4.14664184210417e-06,4.14664184210417e-06,4.14664184210417e-06,4.14664184210417e-06,4.14664184210417e-06,4.14664184210417e-06,4.14664184210417e-06,4.14664184210417e-06,4.14664184210417e-06,4.14664184210417e-06,4.14664184210417e-06,4.14664184210417e-06,4.14664184210417e-06,4.14664184210417e-06,4.14664184210417e-06,4.14664184210417e-06,4.14664184210417e-06,4.14664184210417e-06,4.14664184210417e-06,4.14664184210417e-06,4.14664184210417e-06,4.14664184210417e-06,4.14664184210417e-06,4.14664184210417e-06
4.14664184210417e-06,4.14664184210417e-06,4.14664184210417e-06,4.14664184210417e-06,4.14664184210417e-06,4.14664184210417e-06,4.14664184210417e-06,4.14664184210417e-06,4.14664184210417e-06,4.14664184210417e-06,4.14664184210417e-06,4.14664184210417e-06,4.14664184210417e-06,4.14664184210417e-06,4.14664184210417e-06,4.14664184210417e-06,4.14664184210417e-06,4.14664184210417e-06,4.14664184210417e-06,4.14664184210417e-06,4.14664184210417e-06,4.14664184210417e-06,4.14664184210417e-06,4.14664184210417e-06,4.14664184210417e-06,4.14664184210417e-06,4.14664184210417e-06,4.14664184210417e-06,4.14664184210417e-06,4.14664184210417e-06,4.14664184210417e-06,4.14664184210417e-06,4.14664184210417e-06,4.14664184210417e-06,4.14664184210417e-06,4.14664184210417e-06,4.14664184210417e-06,4.14664184210417e-06,4.14664184210417e-06,4.14664184210417e-06,4.14664184210417e-06,4.14664184210417e-06,4.14664184210417e-06,4.14664184210417e-06,4.14664184210417e-06,4.14664184210417e-06,4.14664184210417e-06,4.14664184210417e-06,4.14664184210417e-06,4.14664184210417e-06,4.14664184210417e-06,4.14664184210417e-06,4.14664184210417e-06,4.14664184210417e-06,4.14664184210417e-06,4.14664184210417e-06,4.14664184210417e-06,4.14664184210417e-06,4.14664184210417e-06,4.14664184210417e-06,4.14664184210417e-06,4.14664184210417e-06,4.14664184210417e-06,4.14664184210417e-06,4.14664184210417e-06,4.14664184210417e-06,4.14664184210417e-06,4.14664184210417e-06,4.14664184210417e-06,4.14664184210417e-06,4.14664184210417e-06,4.14664184210417e-06,4.14664184210417e-06,4.14664184210417e-06,4.14664184210417e-06,4.14664184210417e-06,4.14664184210417e-06,4.14664184210417e-06,4.14664184210417e-06,4.14664184210417e-06,4.14664184210417e-06,4.14664184210417e-06,4.14664184210417e-06,4.14664184210417e-06,4.14664184210417e-06,4.14664184210417e-06,4.14664184210417e-06,4.14664184210417e-06,4.14664184210417e-06,4.14664184210417e-06,4.14664184210417e-06,4.14664184210417e-06,4.14664184210417e-06,4.14664184210417e-06,4.14664184210417e-06,4.14664184210417e-06,4.14664184210417e-06,4.14664184210417e-06,4.14664184210417e-06,4.14664184210417e-06
4.14664184210417e-06,4.14664184210417e-06,4.14664184210417e-06,4.14664184210417e-06,4.14664184210417e-06,4.14664184210417e-06,4.14664184210417e-06,4.14664184210417e-06,4.14664184210417e-06,4.14664184210417e-06,4.14664184210417e-06,4.14664184210417e-06,4.14664184210417e-06,4.14664184210417e-06,4.14664184210417e-06,4.14664184210417e-06,4.14664184210417e-06,4.14664184210417e-06,4.14664184210417e-06,4.14664184210417e-06,4.14664184210417e-06,4.14664184210417e-06,4.14664184210417e-06,4.14664184210417e-06,4.14664184210417e-06,4.14664184210417e-06,4.14664184210417e-06,4.14664184210417e-06,4.14664184210417e-06,4.14664184210417e-06,4.14664184210417e-06,4.14664184210417e-06,4.14664184210417e-06,4.14664184210417e-06,4.14664184210417e-06,4.14664184210417e-06,4.14664184210417e-06,4.14664184210417e-06,4.14664184210417e-06,4.14664184210417e-06,4.14664184210417e-06,4.56130602631459e-05,4.14664184210417e-06,4.14664184210417e-06,4.14664184210417e-06,4.14664184210417e-06,4.14664184210417e-06,4.14664184210417e-06,4.14664184210417e-06,4.14664184210417e-06,4.14664184210417e-06,4.14664184210417e-06,4.14664184210417e-06,4.14664184210417e-06,4.14664184210417e-06,4.14664184210417e-06,4.14664184210417e-06,4.14664184210417e-06,4.14664184210417e-06,4.14664184210417e-06,4.14664184210417e-06,4.14664184210417e-06,4.14664184210417e-06,4.14664184210417e-06,4.14664184210417e-06,4.14664184210417e-06,4.14664184210417e-06,4.14664184210417e-06,4.14664184210417e-06,4.14664184210417e-06,4.14664184210417e-06,4.14664184210417e-06,4.14664184210417e-06,4.14664184210417e-06,4.14664184210417e-06,4.14664184210417e-06,4.14664184210417e-06,4.14664184210417e-06,4.14664184210417e-06,4.14664184210417e-06,4.14664184210417e-06,4.14664184210417e-06,4.14664184210417e-06,4.14664184210417e-06,4.14664184210417e-06,4.14664184210417e-06,4.14664184210417e-06,4.14664184210417e-06,4.14664184210417e-06,4.14664184210417e-06,4.14664184210417e-06,4.14664184210417e-06,4.14664184210417e-06,4.14664184210417e-06,4.14664184210417e-06,4.14664184210417e-06,4.14664184210417e-06,4.14664184210417e-06,4.14664184210417e-06,4.14664184210417e-06
4.14664184210417e-06,4.14664184210417e-06,4.14664184210417e-06,4.14664184210417e-06,4.14664184210417e-06,4.14664184210417e-06,4.14664184210417e-06,4.14664184210417e-06,4.14664184210417e-06,4.14664184210417e-06,4.14664184210417e-06,4.14664184210417e-06,4.14664184210417e-06,4.14664184210417e-06,4.14664184210417e-06,4.14664184210417e-06,4.14664184210417e-06,4.14664184210417e-06,4.14664184210417e-06,4.14664184210417e-06,4.14664184210417e-06,4.14664184210417e-06,4.14664184210417e-06,4.14664184210417e-06,4.14664184210417e-06,4.14664184210417e-06,4.14664184210417e-06,4.14664184210417e-06,4.14664184210417e-06,4.14664184210417e-06,4.14664184210417e-06,4.14664184210417e-06,4.14664184210417e-06,4.14664184210417e-06,4.14664184210417e-06,4.14664184210417e-06,4.14664184210417e-06,4.14664184210417e-06,4.14664184210417e-06,4.14664184210417e-06,4.14664184210417e-06,4.14664184210417e-06,4.14664184210417e-06,4.14664184210417e-06,4.14664184210417e-06,4.14664184210417e-06,4.14664184210417e-06,4.14664184210417e-06,4.14664184210417e-06,4.14664184210417e-06,4.14664184210417e-06,4.14664184210417e-06,4.14664184210417e-06,4.14664184210417e-06,4.14664184210417e-06,4.14664184210417e-06,4.14664184210417e-06,4.14664184210417e-06,4.14664184210417e-06,4.14664184210417e-06,4.14664184210417e-06,4.14664184210417e-06,4.14664184210417e-06,4.14664184210417e-06,4.14664184210417e-06,4.14664184210417e-06,4.14664184210417e-06,4.14664184210417e-06,4.14664184210417e-06,4.14664184210417e-06,4.14664184210417e-06,4.14664184210417e-06,4.14664184210417e-06,4.14664184210417e-06,4.14664184210417e-06,4.14664184210417e-06,4.14664184210417e-06,4.14664184210417e-06,4.14664184210417e-06,4.14664184210417e-06,4.14664184210417e-06,4.14664184210417e-06,4.14664184210417e-06,4.14664184210417e-06,4.14664184210417e-06,4.14664184210417e-06,4.14664184210417e-06,4.14664184210417e-06,4.14664184210417e-06,4.14664184210417e-06,4.14664184210417e-06,4.14664184210417e-06,4.14664184210417e-06,4.14664184210417e-06,4.14664184210417e-06,4.14664184210417e-06,4.14664184210417e-06,4.14664184210417e-06,4.14664184210417e-06,4.14664184210417e-06
4.14664184210417e-06,4.14664184210417e-06,4.14664184210417e-06,4.14664184210417e-06,4.14664184210417e-06,4.14664184210417e-06,4.14664184210417e-06,4.14664184210417e-06,4.14664184210417e-06,4.14664184210417e-06,4.14664184210417e-06,4.14664184210417e-06,4.14664184210417e-06,4.14664184210417e-06,4.14664184210417e-06,4.14664184210417e-06,4.14664184210417e-06,4.14664184210417e-06,4.14664184210417e-06,4.14664184210417e-06,4.14664184210417e-06,4.14664184210417e-06,4.14664184210417e-06,4.14664184210417e-06,4.14664184210417e-06,4.14664184210417e-06,4.14664184210417e-06,4.14664184210417e-06,4.14664184210417e-06,4.14664184210417e-06,4.14664184210417e-06,4.14664184210417e-06,4.14664184210417e-06,4.14664184210417e-06,4.14664184210417e-06,4.14664184210417e-06,4.14664184210417e-06,4.14664184210417e-06,4.14664184210417e-06,4.14664184210417e-06,4.14664184210417e-06,4.14664184210417e-06,4.56130602631459e-05,4.14664184210417e-06,4.14664184210417e-06,4.14664184210417e-06,4.14664184210417e-06,4.14664184210417e-06,4.14664184210417e-06,4.14664184210417e-06,4.14664184210417e-06,4.14664184210417e-06,4.14664184210417e-06,4.14664184210417e-06,4.14664184210417e-06,4.14664184210417e-06,4.14664184210417e-06,4.14664184210417e-06,4.14664184210417e-06,4.14664184210417e-06,4.14664184210417e-06,4.14664184210417e-06,4.14664184210417e-06,4.14664184210417e-06,4.14664184210417e-06,4.14664184210417e-06,4.14664184210417e-06,4.14664184210417e-06,4.14664184210417e-06,4.14664184210417e-06,4.14664184210417e-06,4.14664184210417e-06,4.14664184210417e-06,4.14664184210417e-06,4.14664184210417e-06,4.14664184210417e-06,4.14664184210417e-06,4.14664184210417e-06,4.14664184210417e-06,4.14664184210417e-06,4.14664184210417e-06,4.14664184210417e-06,4.14664184210417e-06,4.14664184210417e-06,4.14664184210417e-06,4.14664184210417e-06,4.14664184210417e-06,4.14664184210417e-06,4.14664184210417e-06,4.14664184210417e-06,4.14664184210417e-06,4.14664184210417e-06,4.14664184210417e-06,4.14664184210417e-06,4.14664184210417e-06,4.14664184210417e-06,4.14664184210417e-06,4.14664184210417e-06,4.14664184210417e-06,4.14664184210417e-06
4.14664184210417e-06,4.14664184210417e-06,4.14664184210417e-06,4.14664184210417e-06,4.14664184210417e-06,4.14664184210417e-06,4.14664184210417e-06,4.14664184210417e-06,4.14664184210417e-06,4.14664184210417e-06,4.14664184210417e-06,4.14664184210417e-06,4.14664184210417e-06,4.14664184210417e-06,4.14664184210417e-06,4.14664184210417e-06,4.14664184210417e-06,4.14664184210417e-06,4.14664184210417e-06,4.14664184210417e-06,4.14664184210417e-06,4.14664184210417e-06,4.14664184210417e-06,4.14664184210417e-06,4.14664184210417e-06,4.14664184210417e-06,4.14664184210417e-06,4.14664184210417e-06,4.14664184210417e-06,4.14664184210417e-06,4.14664184210417e-06,4.14664184210417e-06,4.14664184210417e-06,4.14664184210417e-06,4.14664184210417e-06,4.14664184210417e-06,4.14664184210417e-06,4.14664184210417e-06,4.14664184210417e-06,4.14664184210417e-06,4.14664184210417e-06,4.14664184210417e-06,4.14664184210417e-06,4.14664184210417e-06,4.14664184210417e-06,4.14664184210417e-06,4.14664184210417e-06,4.14664184210417e-06,4.14664184210417e-06,4.14664184210417e-06,4.14664184210417e-06,4.14664184210417e-06,4.14664184210417e-06,4.14664184210417e-06,4.14664184210417e-06,4.14664184210417e-06,4.14664184210417e-06,4.14664184210417e-06,4.14664184210417e-06,4.14664184210417e-06,4.14664184210417e-06,4.14664184210417e-06,4.14664184210417e-06,4.14664184210417e-06,4.14664184210417e-06,4.14664184210417e-06,4.14664184210417e-06,4.14664184210417e-06,4.14664184210417e-06,4.14664184210417e-06,4.14664184210417e-06,4.14664184210417e-06,4.14664184210417e-06,4.14664184210417e-06,4.14664184210417e-06,4.14664184210417e-06,4.14664184210417e-06,4.14664184210417e-06,4.14664184210417e-06,4.14664184210417e-06,4.14664184210417e-06,4.14664184210417e-06,4.14664184210417e-06,4.14664184210417e-06,4.14664184210417e-06,4.14664184210417e-06,4.14664184210417e-06,4.14664184210417e-06,4.14664184210417e-06,4.14664184210417e-06,4.14664184210417e-06,4.14664184210417e-06,4.14664184210417e-06,4.14664184210417e-06,4.14664184210417e-06,4.14664184210417e-06,4.14664184210417e-06,4.14664184210417e-06,4.14664184210417e-06,4.14664184210417e-06
4.14664184210417e-06,4.14664184210417e-06,4.14664184210417e-06,4.14664184210417e-06,4.14664184210417e-06,4.14664184210417e-06,4.14664184210417e-06,4.14664184210417e-06,4.14664184210417e-06,4.14664184210417e-06,4.14664184210417e-06,4.14664184210417e-06,4.14664184210417e-06,4.14664184210417e-06,4.14664184210417e-06,4.14664184210417e-06,4.14664184210417e-06,4.14664184210417e-06,4.14664184210417e-06,4.14664184210417e-06,4.14664184210417e-06,4.14664184210417e-06,4.14664184210417e-06,4.14664184210417e-06,4.14664184210417e-06,4.14664184210417e-06,4.14664184210417e-06,4.14664184210417e-06,4.14664184210417e-06,4.14664184210417e-06,4.14664184210417e-06,4.14664184210417e-06,4.14664184210417e-06,4.14664184210417e-06,4.14664184210417e-06,4.14664184210417e-06,4.14664184210417e-06,4.14664184210417e-06,4.14664184210417e-06,4.14664184210417e-06,4.14664184210417e-06,4.14664184210417e-06,4.14664184210417e-06,4.56130602631459e-05,4.14664184210417e-06,4.14664184210417e-06,4.14664184210417e-06,4.14664184210417e-06,4.14664184210417e-06,4.14664184210417e-06,4.14664184210417e-06,4.14664184210417e-06,4.14664184210417e-06,4.14664184210417e-06,4.14664184210417e-06,4.14664184210417e-06,4.14664184210417e-06,4.14664184210417e-06,4.14664184210417e-06,4.14664184210417e-06,4.14664184210417e-06,4.14664184210417e-06,4.14664184210417e-06,4.14664184210417e-06,4.14664184210417e-06,4.14664184210417e-06,4.14664184210417e-06,4.14664184210417e-06,4.14664184210417e-06,4.14664184210417e-06,4.14664184210417e-06,4.14664184210417e-06,4.14664184210417e-06,4.14664184210417e-06,4.14664184210417e-06,4.14664184210417e-06,4.14664184210417e-06,4.14664184210417e-06,4.14664184210417e-06,4.14664184210417e-06,4.14664184210417e-06,4.14664184210417e-06,4.14664184210417e-06,4.14664184210417e-06,4.14664184210417e-06,4.14664184210417e-06,4.14664184210417e-06,4.14664184210417e-06,4.14664184210417e-06,4.14664184210417e-06,4.14664184210417e-06,4.14664184210417e-06,4.14664184210417e-06,4.14664184210417e-06,4.14664184210417e-06,4.14664184210417e-06,4.14664184210417e-06,4.14664184210417e-06,4.14664184210417e-06,4.14664184210417e-06
4.14664184210417e-06,4.14664184210417e-06,4.14664184210417e-06,4.14664184210417e-06,4.14664184210417e-06,4.14664184210417e-06,4.14664184210417e-06,4.14664184210417e-06,4.14664184210417e-06,4.14664184210417e-06,4.14664184210417e-06,4.14664184210417e-06,4.14664184210417e-06,4.14664184210417e-06,4.14664184210417e-06,4.14664184210417e-06,4.14664184210417e-06,4.14664184210417e-06,4.14664184210417e-06,4.14664184210417e-06,4.14664184210417e-06,4.14664184210417e-06,4.14664184210417e-06,4.14664184210417e-06,4.14664184210417e-06,4.14664184210417e-06,4.14664184210417e-06,4.14664184210417e-06,4.14664184210417e-06,4.14664184210417e-06,4.14664184210417e-06,4.14664184210417e-06,4.14664184210417e-06,4.14664184210417e-06,4.14664184210417e-06,4.14664184210417e-06,4.14664184210417e-06,4.14664184210417e-06,4.14664184210417e-06,4.14664184210417e-06,4.14664184210417e-06,4.14664184210417e-06,4.14664184210417e-06,4.14664184210417e-06,4.14664184210417e-06,4.14664184210417e-06,4.14664184210417e-06,4.14664184210417e-06,4.14664184210417e-06,4.14664184210417e-06,4.14664184210417e-06,4.14664184210417e-06,4.14664184210417e-06,4.14664184210417e-06,4.14664184210417e-06,4.14664184210417e-06,4.14664184210417e-06,4.14664184210417e-06,4.14664184210417e-06,4.14664184210417e-06,4.14664184210417e-06,4.14664184210417e-06,4.14664184210417e-06,4.14664184210417e-06,4.14664184210417e-06,4.14664184210417e-06,4.14664184210417e-06,4.14664184210417e-06,4.14664184210417e-06,4.14664184210417e-06,4.14664184210417e-06,4.14664184210417e-06,4.14664184210417e-06,4.14664184210417e-06,4.14664184210417e-06,4.14664184210417e-06,4.14664184210417e-06,4.14664184210417e-06,4.14664184210417e-06,4.14664184210417e-06,4.14664184210417e-06,4.14664184210417e-06,4.14664184210417e-06,4.14664184210417e-06,4.14664184210417e-06,4.14664184210417e-06,4.14664184210417e-06,4.14664184210417e-06,4.14664184210417e-06,4.14664184210417e-06,4.14664184210417e-06,4.14664184210417e-06,4.14664184210417e-06,4.14664184210417e-06,4.14664184210417e-06,4.14664184210417e-06,4.14664184210417e-06,4.14664184210417e-06,4.14664184210417e-06,4.14664184210417e-06
4.14664184210417e-06,4.14664184210417e-06,4.14664184210417e-06,4.14664184210417e-06,4.14664184210417e-06,4.14664184210417e-06,4.14664184210417e-06,4.14664184210417e-06,4.14664184210417e-06,4.14664184210417e-06,4.14664184210417e-06,4.14664184210417e-06,4.14664184210417e-06,4.14664184210417e-06,4.14664184210417e-06,4.14664184210417e-06,4.14664184210417e-06,4.14664184210417e-06,4.14664184210417e-06,4.14664184210417e-06,4.14664184210417e-06,4.14664184210417e-06,4.14664184210417e-06,4.14664184210417e-06,4.14664184210417e-06,4.14664184210417e-06,4.14664184210417e-06,4.14664184210417e-06,4.14664184210417e-06,4.14664184210417e-06,4.14664184210417e-06,4.14664184210417e-06,4.14664184210417e-06,4.14664184210417e-06,4.14664184210417e-06,4.14664184210417e-06,4.14664184210417e-06,4.14664184210417e-06,4.14664184210417e-06,4.14664184210417e-06,4.14664184210417e-06,4.14664184210417e-06,4.14664184210417e-06,4.14664184210417e-06,4.14664184210417e-06,4.14664184210417e-06,4.14664184210417e-06,4.14664184210417e-06,4.14664184210417e-06,4.14664184210417e-06,4.14664184210417e-06,4.14664184210417e-06,4.14664184210417e-06,4.14664184210417e-06,4.14664184210417e-06,4.14664184210417e-06,4.14664184210417e-06,4.14664184210417e-06,4.14664184210417e-06,4.14664184210417e-06,4.14664184210417e-06,4.14664184210417e-06,4.14664184210417e-06,4.14664184210417e-06,4.14664184210417e-06,4.14664184210417e-06,4.14664184210417e-06,4.14664184210417e-06,4.14664184210417e-06,4.14664184210417e-06,4.14664184210417e-06,4.14664184210417e-06,4.14664184210417e-06,4.14664184210417e-06,4.14664184210417e-06,4.14664184210417e-06,4.14664184210417e-06,4.14664184210417e-06,4.14664184210417e-06,4.14664184210417e-06,4.14664184210417e-06,4.14664184210417e-06,4.14664184210417e-06,4.14664184210417e-06,4.14664184210417e-06,4.14664184210417e-06,4.14664184210417e-06,4.14664184210417e-06,4.14664184210417e-06,4.14664184210417e-06,4.14664184210417e-06,4.14664184210417e-06,4.14664184210417e-06,4.14664184210417e-06,4.14664184210417e-06,4.14664184210417e-06,4.14664184210417e-06,4.14664184210417e-06,4.14664184210417e-06,4.14664184210417e-06
4.14664184210417e-06,4.14664184210417e-06,4.14664184210417e-06,4.14664184210417e-06,4.14664184210417e-06,4.14664184210417e-06,4.14664184210417e-06,4.14664184210417e-06,4.14664184210417e-06,4.14664184210417e-06,4.14664184210417e-06,4.14664184210417e-06,4.14664184210417e-06,4.14664184210417e-06,4.14664184210417e-06,4.14664184210417e-06,4.14664184210417e-06,4.14664184210417e-06,4.14664184210417e-06,4.14664184210417e-06,4.14664184210417e-06,4.14664184210417e-06,4.14664184210417e-06,4.14664184210417e-06,4.14664184210417e-06,4.14664184210417e-06,4.14664184210417e-06,4.14664184210417e-06,4.14664184210417e-06,4.14664184210417e-06,4.14664184210417e-06,4.14664184210417e-06,4.14664184210417e-06,4.14664184210417e-06,4.14664184210417e-06,4.14664184210417e-06,4.14664184210417e-06,4.14664184210417e-06,4.14664184210417e-06,4.14664184210417e-06,4.14664184210417e-06,4.14664184210417e-06,4.14664184210417e-06,4.14664184210417e-06,4.14664184210417e-06,4.14664184210417e-06,4.14664184210417e-06,4.14664184210417e-06,4.14664184210417e-06,4.14664184210417e-06,4.14664184210417e-06,4.14664184210417e-06,4.14664184210417e-06,4.14664184210417e-06,4.14664184210417e-06,4.14664184210417e-06,4.14664184210417e-06,4.14664184210417e-06,4.14664184210417e-06,4.14664184210417e-06,4.14664184210417e-06,4.14664184210417e-06,4.14664184210417e-06,4.14664184210417e-06,4.14664184210417e-06,4.14664184210417e-06,4.14664184210417e-06,4.14664184210417e-06,4.14664184210417e-06,4.14664184210417e-06,4.14664184210417e-06,4.14664184210417e-06,4.14664184210417e-06,4.14664184210417e-06,4.14664184210417e-06,4.14664184210417e-06,4.14664184210417e-06,4.14664184210417e-06,4.14664184210417e-06,4.14664184210417e-06,4.14664184210417e-06,4.14664184210417e-06,4.14664184210417e-06,4.14664184210417e-06,4.14664184210417e-06,4.14664184210417e-06,4.14664184210417e-06,4.14664184210417e-06,4.14664184210417e-06,4.14664184210417e-06,4.14664184210417e-06,4.14664184210417e-06,4.14664184210417e-06,4.14664184210417e-06,4.14664184210417e-06,4.14664184210417e-06,4.14664184210417e-06,4.14664184210417e-06,4.14664184210417e-06,4.14664184210417e-06
4.14664184210417e-06,4.14664184210417e-06,4.14664184210417e-06,4.14664184210417e-06,4.14664184210417e-06,4.14664184210417e-06,4.14664184210417e-06,4.14664184210417e-06,4.14664184210417e-06,4.14664184210417e-06,4.14664184210417e-06,4.14664184210417e-06,4.14664184210417e-06,4.14664184210417e-06,4.14664184210417e-06,4.14664184210417e-06,4.14664184210417e-06,4.14664184210417e-06,4.14664184210417e-06,4.14664184210417e-06,4.14664184210417e-06,4.14664184210417e-06,4.14664184210417e-06,4.14664184210417e-06,4.14664184210417e-06,4.14664184210417e-06,4.14664184210417e-06,4.14664184210417e-06,4.14664184210417e-06,4.14664184210417e-06,4.14664184210417e-06,4.14664184210417e-06,4.14664184210417e-06,4.14664184210417e-06,4.14664184210417e-06,4.14664184210417e-06,4.14664184210417e-06,4.14664184210417e-06,4.14664184210417e-06,4.14664184210417e-06,4.14664184210417e-06,4.14664184210417e-06,4.14664184210417e-06,4.14664184210417e-06,4.56130602631459e-05,4.14664184210417e-06,4.14664184210417e-06,4.14664184210417e-06,4.14664184210417e-06,4.14664184210417e-06,4.14664184210417e-06,4.14664184210417e-06,4.14664184210417e-06,4.14664184210417e-06,4.14664184210417e-06,4.14664184210417e-06,4.14664184210417e-06,4.14664184210417e-06,4.14664184210417e-06,4.14664184210417e-06,4.14664184210417e-06,4.14664184210417e-06,4.14664184210417e-06,4.14664184210417e-06,4.14664184210417e-06,4.14664184210417e-06,4.14664184210417e-06,4.14664184210417e-06,4.14664184210417e-06,4.14664184210417e-06,4.14664184210417e-06,4.14664184210417e-06,4.14664184210417e-06,4.14664184210417e-06,4.14664184210417e-06,4.14664184210417e-06,4.14664184210417e-06,4.14664184210417e-06,4.14664184210417e-06,4.14664184210417e-06,4.14664184210417e-06,4.14664184210417e-06,4.14664184210417e-06,4.14664184210417e-06,4.14664184210417e-06,4.14664184210417e-06,4.14664184210417e-06,4.14664184210417e-06,4.14664184210417e-06,4.14664184210417e-06,4.14664184210417e-06,4.14664184210417e-06,4.14664184210417e-06,4.14664184210417e-06,4.14664184210417e-06,4.14664184210417e-06,4.14664184210417e-06,4.14664184210417e-06,4.14664184210417e-06,4.14664184210417e-06
4.14664184210417e-06,4.14664184210417e-06,4.14664184210417e-06,4.14664184210417e-06,4.14664184210417e-06,4.14664184210417e-06,4.14664184210417e-06,4.14664184210417e-06,4.14664184210417e-06,4.14664184210417e-06,4.14664184210417e-06,4.14664184210417e-06,4.14664184210417e-06,4.14664184210417e-06,4.14664184210417e-06,4.14664184210417e-06,4.14664184210417e-06,4.14664184210417e-06,4.14664184210417e-06,4.14664184210417e-06,4.14664184210417e-06,4.14664184210417e-06,4.14664184210417e-06,4.14664184210417e-06,4.14664184210417e-06,4.14664184210417e-06,4.14664184210417e-06,4.14664184210417e-06,4.14664184210417e-06,4.14664184210417e-06,4.14664184210417e-06,4.14664184210417e-06,4.14664184210417e-06,4.14664184210417e-06,4.14664184210417e-06,4.14664184210417e-06,4.14664184210417e-06,4.14664184210417e-06,4.14664184210417e-06,4.14664184210417e-06,4.14664184210417e-06,4.14664184210417e-06,4.14664184210417e-06,4.14664184210417e-06,4.14664184210417e-06,4.14664184210417e-06,4.14664184210417e-06,4.14664184210417e-06,4.14664184210417e-06,4.14664184210417e-06,4.14664184210417e-06,4.14664184210417e-06,4.14664184210417e-06,4.14664184210417e-06,4.14664184210417e-06,4.14664184210417e-06,4.14664184210417e-06,4.14664184210417e-06,4.14664184210417e-06,4.14664184210417e-06,4.14664184210417e-06,4.14664184210417e-06,4.14664184210417e-06,4.14664184210417e-06,4.14664184210417e-06,4.14664184210417e-06,4.14664184210417e-06,4.14664184210417e-06,4.14664184210417e-06,4.14664184210417e-06,4.14664184210417e-06,4.14664184210417e-06,4.14664184210417e-06,4.14664184210417e-06,4.14664184210417e-06,4.14664184210417e-06,4.14664184210417e-06,4.14664184210417e-06,4.14664184210417e-06,4.14664184210417e-06,4.14664184210417e-06,4.14664184210417e-06,4.14664184210417e-06,4.14664184210417e-06,4.14664184210417e-06,4.14664184210417e-06,4.14664184210417e-06,4.14664184210417e-06,4.14664184210417e-06,4.14664184210417e-06,4.14664184210417e-06,4.14664184210417e-06,4.14664184210417e-06,4.14664184210417e-06,4.14664184210417e-06,4.14664184210417e-06,4.14664184210417e-06,4.14664184210417e-06,4.14664184210417e-06,4.14664184210417e-06
4.14664184210417e-06,4.14664184210417e-06,4.14664184210417e-06,4.14664184210417e-06,4.14664184210417e-06,4.14664184210417e-06,4.14664184210417e-06,4.14664184210417e-06,4.14664184210417e-06,4.14664184210417e-06,4.14664184210417e-06,4.14664184210417e-06,4.14664184210417e-06,4.14664184210417e-06,4.14664184210417e-06,4.14664184210417e-06,4.14664184210417e-06,4.14664184210417e-06,4.14664184210417e-06,4.14664184210417e-06,4.14664184210417e-06,4.14664184210417e-06,4.14664184210417e-06,4.14664184210417e-06,4.14664184210417e-06,4.14664184210417e-06,4.14664184210417e-06,4.14664184210417e-06,4.14664184210417e-06,4.14664184210417e-06,4.14664184210417e-06,4.14664184210417e-06,4.14664184210417e-06,4.14664184210417e-06,4.14664184210417e-06,4.14664184210417e-06,4.14664184210417e-06,4.14664184210417e-06,4.14664184210417e-06,4.14664184210417e-06,4.14664184210417e-06,4.14664184210417e-06,4.14664184210417e-06,4.14664184210417e-06,4.14664184210417e-06,4.14664184210417e-06,4.14664184210417e-06,4.14664184210417e-06,4.14664184210417e-06,4.14664184210417e-06,4.14664184210417e-06,4.14664184210417e-06,4.14664184210417e-06,4.14664184210417e-06,4.14664184210417e-06,4.14664184210417e-06,4.14664184210417e-06,4.14664184210417e-06,4.14664184210417e-06,4.14664184210417e-06,4.14664184210417e-06,4.14664184210417e-06,4.14664184210417e-06,4.14664184210417e-06,4.14664184210417e-06,4.14664184210417e-06,4.14664184210417e-06,4.14664184210417e-06,4.14664184210417e-06,4.14664184210417e-06,4.14664184210417e-06,4.14664184210417e-06,4.14664184210417e-06,4.14664184210417e-06,4.14664184210417e-06,4.14664184210417e-06,4.14664184210417e-06,4.14664184210417e-06,4.14664184210417e-06,4.14664184210417e-06,4.14664184210417e-06,4.14664184210417e-06,4.14664184210417e-06,4.14664184210417e-06,4.14664184210417e-06,4.14664184210417e-06,4.14664184210417e-06,4.14664184210417e-06,4.14664184210417e-06,4.14664184210417e-06,4.14664184210417e-06,4.14664184210417e-06,4.14664184210417e-06,4.14664184210417e-06,4.14664184210417e-06,4.14664184210417e-06,4.14664184210417e-06,4.14664184210417e-06,4.14664184210417e-06,4.14664184210417e-06
4.14664184210417e-06,4.14664184210417e-06,4.14664184210417e-06,4.14664184210417e-06,4.14664184210417e-06,4.14664184210417e-06,4.14664184210417e-06,4.14664184210417e-06,4.14664184210417e-06,4.14664184210417e-06,4.14664184210417e-06,4.14664184210417e-06,4.14664184210417e-06,4.14664184210417e-06,4.14664184210417e-06,4.14664184210417e-06,4.14664184210417e-06,4.14664184210417e-06,4.14664184210417e-06,4.14664184210417e-06,4.14664184210417e-06,4.14664184210417e-06,4.14664184210417e-06,4.14664184210417e-06,4.14664184210417e-06,4.14664184210417e-06,4.14664184210417e-06,4.14664184210417e-06,4.14664184210417e-06,4.14664184210417e-06,4.14664184210417e-06,4.14664184210417e-06,4.14664184210417e-06,4.14664184210417e-06,4.14664184210417e-06,4.14664184210417e-06,4.14664184210417e-06,4.14664184210417e-06,4.14664184210417e-06,4.14664184210417e-06,4.14664184210417e-06,4.14664184210417e-06,4.14664184210417e-06,4.14664184210417e-06,4.14664184210417e-06,4.14664184210417e-06,4.14664184210417e-06,4.14664184210417e-06,4.14664184210417e-06,4.14664184210417e-06,4.14664184210417e-06,4.14664184210417e-06,4.14664184210417e-06,4.14664184210417e-06,4.14664184210417e-06,4.14664184210417e-06,4.14664184210417e-06,4.14664184210417e-06,4.14664184210417e-06,4.14664184210417e-06,4.14664184210417e-06,4.14664184210417e-06,4.14664184210417e-06,4.14664184210417e-06,4.14664184210417e-06,4.14664184210417e-06,4.14664184210417e-06,4.14664184210417e-06,4.14664184210417e-06,4.14664184210417e-06,4.14664184210417e-06,4.14664184210417e-06,4.14664184210417e-06,4.14664184210417e-06,4.14664184210417e-06,4.14664184210417e-06,4.14664184210417e-06,4.14664184210417e-06,4.14664184210417e-06,4.14664184210417e-06,4.14664184210417e-06,4.14664184210417e-06,4.14664184210417e-06,4.14664184210417e-06,4.14664184210417e-06,4.14664184210417e-06,4.14664184210417e-06,4.14664184210417e-06,4.14664184210417e-06,4.14664184210417e-06,4.14664184210417e-06,4.14664184210417e-06,4.14664184210417e-06,4.14664184210417e-06,4.14664184210417e-06,4.14664184210417e-06,4.14664184210417e-06,4.14664184210417e-06,4.14664184210417e-06,4.14664184210417e-06
4.14664184210417e-06,4.14664184210417e-06,4.14664184210417e-06,4.14664184210417e-06,4.14664184210417e-06,4.14664184210417e-06,4.14664184210417e-06,4.14664184210417e-06,4.14664184210417e-06,4.14664184210417e-06,4.14664184210417e-06,4.14664184210417e-06,4.14664184210417e-06,4.14664184210417e-06,4.14664184210417e-06,4.14664184210417e-06,4.14664184210417e-06,4.14664184210417e-06,4.14664184210417e-06,4.14664184210417e-06,4.14664184210417e-06,4.14664184210417e-06,4.14664184210417e-06,4.14664184210417e-06,4.14664184210417e-06,4.14664184210417e-06,4.14664184210417e-06,4.14664184210417e-06,4.14664184210417e-06,4.14664184210417e-06,4.14664184210417e-06,4.14664184210417e-06,4.14664184210417e-06,4.14664184210417e-06,4.14664184210417e-06,4.14664184210417e-06,4.14664184210417e-06,4.14664184210417e-06,4.14664184210417e-06,4.14664184210417e-06,4.14664184210417e-06,4.14664184210417e-06,4.14664184210417e-06,4.14664184210417e-06,4.14664184210417e-06,4.56130602631459e-05,4.14664184210417e-06,4.14664184210417e-06,4.14664184210417e-06,4.14664184210417e-06,4.14664184210417e-06,4.14664184210417e-06,4.14664184210417e-06,4.14664184210417e-06,4.14664184210417e-06,4.14664184210417e-06,4.14664184210417e-06,4.14664184210417e-06,4.14664184210417e-06,4.14664184210417e-06,4.14664184210417e-06,4.14664184210417e-06,4.14664184210417e-06,4.14664184210417e-06,4.14664184210417e-06,4.14664184210417e-06,4.14664184210417e-06,4.14664184210417e-06,4.14664184210417e-06,4.14664184210417e-06,4.14664184210417e-06,4.14664184210417e-06,4.14664184210417e-06,4.14664184210417e-06,4.14664184210417e-06,4.14664184210417e-06,4.14664184210417e-06,4.14664184210417e-06,4.14664184210417e-06,4.14664184210417e-06,4.14664184210417e-06,4.14664184210417e-06,4.14664184210417e-06,4.14664184210417e-06,4.14664184210417e-06,4.14664184210417e-06,4.14664184210417e-06,4.14664184210417e-06,4.14664184210417e-06,4.14664184210417e-06,4.14664184210417e-06,4.14664184210417e-06,4.14664184210417e-06,4.14664184210417e-06,4.14664184210417e-06,4.14664184210417e-06,4.14664184210417e-06,4.14664184210417e-06,4.14664184210417e-06,4.14664184210417e-06
4.14664184210417e-06,4.14664184210417e-06,4.14664184210417e-06,4.14664184210417e-06,4.14664184210417e-06,4.14664184210417e-06,4.14664184210417e-06,4.14664184210417e-06,4.14664184210417e-06,4.14664184210417e-06,4.14664184210417e-06,4.14664184210417e-06,4.14664184210417e-06,4.14664184210417e-06,4.14664184210417e-06,4.14664184210417e-06,4.14664184210417e-06,4.14664184210417e-06,4.14664184210417e-06,4.14664184210417e-06,4.14664184210417e-06,4.14664184210417e-06,4.14664184210417e-06,4.14664184210417e-06,4.14664184210417e-06,4.14664184210417e-06,4.14664184210417e-06,4.14664184210417e-06,4.14664184210417e-06,4.14664184210417e-06,4.14664184210417e-06,4.14664184210417e-06,4.14664184210417e-06,4.14664184210417e-06,4.14664184210417e-06,4.14664184210417e-06,4.14664184210417e-06,4.14664184210417e-06,4.14664184210417e-06,4.14664184210417e-06,4.14664184210417e-06,4.14664184210417e-06,4.14664184210417e-06,4.14664184210417e-06,4.14664184210417e-06,4.14664184210417e-06,4.14664184210417e-06,4.14664184210417e-06,4.14664184210417e-06,4.14664184210417e-06,4.14664184210417e-06,4.14664184210417e-06,4.14664184210417e-06,4.14664184210417e-06,4.14664184210417e-06,4.14664184210417e-06,4.14664184210417e-06,4.14664184210417e-06,4.14664184210417e-06,4.14664184210417e-06,4.14664184210417e-06,4.14664184210417e-06,4.14664184210417e-06,4.14664184210417e-06,4.14664184210417e-06,4.14664184210417e-06,4.14664184210417e-06,4.14664184210417e-06,4.14664184210417e-06,4.14664184210417e-06,4.14664184210417e-06,4.14664184210417e-06,4.14664184210417e-06,4.14664184210417e-06,4.14664184210417e-06,4.14664184210417e-06,4.14664184210417e-06,4.14664184210417e-06,4.14664184210417e-06,4.14664184210417e-06,4.14664184210417e-06,4.14664184210417e-06,4.14664184210417e-06,4.14664184210417e-06,4.14664184210417e-06,4.14664184210417e-06,4.14664184210417e-06,4.14664184210417e-06,4.14664184210417e-06,4.14664184210417e-06,4.14664184210417e-06,4.14664184210417e-06,4.14664184210417e-06,4.14664184210417e-06,4.14664184210417e-06,4.14664184210417e-06,4.14664184210417e-06,4.14664184210417e-06,4.14664184210417e-06,4.14664184210417e-06
4.14664184210417e-06,4.14664184210417e-06,4.14664184210417e-06,4.14664184210417e-06,4.14664184210417e-06,4.14664184210417e-06,4.14664184210417e-06,4.14664184210417e-06,4.14664184210417e-06,4.14664184210417e-06,4.14664184210417e-06,4.14664184210417e-06,4.14664184210417e-06,4.14664184210417e-06,4.14664184210417e-06,4.14664184210417e-06,4.14664184210417e-06,4.14664184210417e-06,4.14664184210417e-06,4.14664184210417e-06,4.14664184210417e-06,4.14664184210417e-06,4.14664184210417e-06,4.14664184210417e-06,4.14664184210417e-06,4.14664184210417e-06,4.14664184210417e-06,4.14664184210417e-06,4.14664184210417e-06,4.14664184210417e-06,4.14664184210417e-06,4.14664184210417e-06,4.14664184210417e-06,4.14664184210417e-06,4.14664184210417e-06,4.14664184210417e-06,4.14664184210417e-06,4.14664184210417e-06,4.14664184210417e-06,4.14664184210417e-06,4.14664184210417e-06,4.14664184210417e-06,4.14664184210417e-06,4.14664184210417e-06,4.14664184210417e-06,4.14664184210417e-06,4.14664184210417e-06,4.14664184210417e-06,4.14664184210417e-06,4.14664184210417e-06,4.14664184210417e-06,4.14664184210417e-06,4.14664184210417e-06,4.14664184210417e-06,4.14664184210417e-06,4.14664184210417e-06,4.14664184210417e-06,4.14664184210417e-06,4.14664184210417e-06,4.14664184210417e-06,4.14664184210417e-06,4.14664184210417e-06,4.14664184210417e-06,4.14664184210417e-06,4.14664184210417e-06,4.14664184210417e-06,4.14664184210417e-06,4.14664184210417e-06,4.14664184210417e-06,4.14664184210417e-06,4.14664184210417e-06,4.14664184210417e-06,4.14664184210417e-06,4.14664184210417e-06,4.14664184210417e-06,4.14664184210417e-06,4.14664184210417e-06,4.14664184210417e-06,4.14664184210417e-06,4.14664184210417e-06,4.14664184210417e-06,4.14664184210417e-06,4.14664184210417e-06,4.14664184210417e-06,4.14664184210417e-06,4.14664184210417e-06,4.14664184210417e-06,4.14664184210417e-06,4.14664184210417e-06,4.14664184210417e-06,4.14664184210417e-06,4.14664184210417e-06,4.14664184210417e-06,4.14664184210417e-06,4.14664184210417e-06,4.14664184210417e-06,4.14664184210417e-06,4.14664184210417e-06,4.14664184210417e-06,4.14664184210417e-06
4.56130602631459e-05,4.56130602631459e-05,4.56130602631459e-05,4.56130602631459e-05,4.56130602631459e-05,4.56130602631459e-05,4.56130602631459e-05,4.56130602631459e-05,4.56130602631459e-05,4.56130602631459e-05,4.56130602631459e-05,4.56130602631459e-05,4.56130602631459e-05,4.56130602631459e-05,4.56130602631459e-05,4.56130602631459e-05,4.56130602631459e-05,4.56130602631459e-05,4.56130602631459e-05,4.56130602631459e-05,4.56130602631459e-05,4.56130602631459e-05,4.56130602631459e-05,4.56130602631459e-05,4.56130602631459e-05,4.56130602631459e-05,4.56130602631459e-05,4.56130602631459e-05,4.56130602631459e-05,4.14664184210417e-06,4.14664184210417e-06,4.14664184210417e-06,4.14664184210417e-06,4.14664184210417e-06,4.14664184210417e-06,4.14664184210417e-06,4.14664184210417e-06,4.14664184210417e-06,4.14664184210417e-06,4.14664184210417e-06,4.14664184210417e-06,4.14664184210417e-06,4.14664184210417e-06,4.14664184210417e-06,4.14664184210417e-06,4.14664184210417e-06,4.14664184210417e-06,4.14664184210417e-06,4.14664184210417e-06,4.14664184210417e-06,4.14664184210417e-06,4.14664184210417e-06,4.14664184210417e-06,4.14664184210417e-06,4.14664184210417e-06,4.14664184210417e-06,4.14664184210417e-06,4.14664184210417e-06,4.14664184210417e-06,4.14664184210417e-06,4.14664184210417e-06,4.14664184210417e-06,4.14664184210417e-06,4.14664184210417e-06,4.14664184210417e-06,4.14664184210417e-06,4.14664184210417e-06,4.14664184210417e-06,4.14664184210417e-06,4.14664184210417e-06,4.14664184210417e-06,4.14664184210417e-06,4.14664184210417e-06,4.14664184210417e-06,4.14664184210417e-06,4.14664184210417e-06,4.14664184210417e-06,4.14664184210417e-06,4.14664184210417e-06,4.14664184210417e-06,4.14664184210417e-06,4.14664184210417e-06,4.14664184210417e-06,4.14664184210417e-06,4.14664184210417e-06,4.14664184210417e-06,4.14664184210417e-06,4.14664184210417e-06,4.14664184210417e-06,4.14664184210417e-06,4.14664184210417e-06,4.14664184210417e-06,4.14664184210417e-06,4.14664184210417e-06,4.14664184210417e-06,4.14664184210417e-06,4.14664184210417e-06,4.14664184210417e-06,4.14664184210417e-06,4.14664184210417e-06
4.56130602631459e-05,4.56130602631459e-05,4.56130602631459e-05,4.56130602631459e-05,4.56130602631459e-05,4.56130602631459e-05,4.56130602631459e-05,4.56130602631459e-05,4.56130602631459e-05,4.56130602631459e-05,4.56130602631459e-05,4.56130602631459e-05,4.56130602631459e-05,4.56130602631459e-05,4.56130602631459e-05,4.56130602631459e-05,4.14664184210417e-06,4.14664184210417e-06,4.14664184210417e-06,4.14664184210417e-06,4.14664184210417e-06,4.14664184210417e-06,4.14664184210417e-06,4.14664184210417e-06,4.14664184210417e-06,4.14664184210417e-06,4.14664184210417e-06,4.14664184210417e-06,4.14664184210417e-06,4.56130602631459e-05,4.56130602631459e-05,4.56130602631459e-05,4.56130602631459e-05,4.14664184210417e-06,4.14664184210417e-06,4.14664184210417e-06,4.14664184210417e-06,4.14664184210417e-06,4.14664184210417e-06,4.14664184210417e-06,4.14664184210417e-06,4.14664184210417e-06,4.14664184210417e-06,4.14664184210417e-06,4.14664184210417e-06,4.14664184210417e-06,4.56130602631459e-05,4.14664184210417e-06,4.14664184210417e-06,4.14664184210417e-06,4.14664184210417e-06,4.14664184210417e-06,4.14664184210417e-06,4.14664184210417e-06,4.14664184210417e-06,4.14664184210417e-06,4.14664184210417e-06,4.14664184210417e-06,4.14664184210417e-06,4.14664184210417e-06,4.14664184210417e-06,4.14664184210417e-06,4.14664184210417e-06,4.14664184210417e-06,4.14664184210417e-06,4.14664184210417e-06,4.14664184210417e-06,4.14664184210417e-06,4.14664184210417e-06,4.14664184210417e-06,4.14664184210417e-06,4.14664184210417e-06,4.14664184210417e-06,4.14664184210417e-06,4.14664184210417e-06,4.14664184210417e-06,4.14664184210417e-06,4.14664184210417e-06,4.14664184210417e-06,4.14664184210417e-06,4.14664184210417e-06,4.14664184210417e-06,4.14664184210417e-06,4.14664184210417e-06,4.14664184210417e-06,4.14664184210417e-06,4.14664184210417e-06,4.14664184210417e-06,4.14664184210417e-06,4.14664184210417e-06,4.14664184210417e-06,4.14664184210417e-06,4.14664184210417e-06,4.14664184210417e-06,4.14664184210417e-06,4.14664184210417e-06,4.14664184210417e-06,4.14664184210417e-06,4.14664184210417e-06,4.14664184210417e-06
4.14664184210417e-06,4.14664184210417e-06,4.14664184210417e-06,4.14664184210417e-06,4.14664184210417e-06,4.14664184210417e-06,4.14664184210417e-06,4.14664184210417e-06,4.14664184210417e-06,4.14664184210417e-06,4.14664184210417e-06,4.14664184210417e-06,4.14664184210417e-06,4.14664184210417e-06,4.14664184210417e-06,4.14664184210417e-06,4.56130602631459e-05,4.56130602631459e-05,4.56130602631459e-05,4.56130602631459e-05,4.56130602631459e-05,4.56130602631459e-05,4.56130602631459e-05,4.56130602631459e-05,4.56130602631459e-05,4.56130602631459e-05,4.56130602631459e-05,4.56130602631459e-05,4.56130602631459e-05,4.56130602631459e-05,4.14664184210417e-06,4.14664184210417e-06,4.14664184210417e-06,4.56130602631459e-05,4.14664184210417e-06,4.14664184210417e-06,4.14664184210417e-06,4.14664184210417e-06,4.14664184210417e-06,4.14664184210417e-06,4.14664184210417e-06,4.14664184210417e-06,4.14664184210417e-06,4.14664184210417e-06,4.14664184210417e-06,4.14664184210417e-06,4.14664184210417e-06,4.56130602631459e-05,4.14664184210417e-06,4.14664184210417e-06,4.14664184210417e-06,4.14664184210417e-06,4.14664184210417e-06,4.14664184210417e-06,4.14664184210417e-06,4.14664184210417e-06,4.14664184210417e-06,4.14664184210417e-06,4.14664184210417e-06,4.14664184210417e-06,4.14664184210417e-06,4.14664184210417e-06,4.14664184210417e-06,4.14664184210417e-06,4.14664184210417e-06,4.14664184210417e-06,4.14664184210417e-06,4.14664184210417e-06,4.14664184210417e-06,4.14664184210417e-06,4.14664184210417e-06,4.14664184210417e-06,4.14664184210417e-06,4.14664184210417e-06,4.14664184210417e-06,4.14664184210417e-06,4.14664184210417e-06,4.14664184210417e-06,4.14664184210417e-06,4.14664184210417e-06,4.14664184210417e-06,4.14664184210417e-06,4.14664184210417e-06,4.14664184210417e-06,4.14664184210417e-06,4.14664184210417e-06,4.14664184210417e-06,4.14664184210417e-06,4.14664184210417e-06,4.14664184210417e-06,4.14664184210417e-06,4.14664184210417e-06,4.14664184210417e-06,4.14664184210417e-06,4.14664184210417e-06,4.14664184210417e-06,4.14664184210417e-06,4.14664184210417e-06,4.14664184210417e-06,4.14664184210417e-06
8.70794786841876e-05,8.70794786841876e-05,8.70794786841876e-05,8.70794786841876e-05,8.70794786841876e-05,8.70794786841876e-05,8.70794786841876e-05,8.70794786841876e-05,8.70794786841876e-05,8.70794786841876e-05,8.70794786841876e-05,8.70794786841876e-05,4.56130602631459e-05,4.56130602631459e-05,4.56130602631459e-05,4.56130602631459e-05,4.56130602631459e-05,4.14664184210417e-06,4.14664184210417e-06,4.14664184210417e-06,4.14664184210417e-06,4.14664184210417e-06,4.14664184210417e-06,4.14664184210417e-06,4.14664184210417e-06,4.14664184210417e-06,4.14664184210417e-06,4.14664184210417e-06,4.14664184210417e-06,4.14664184210417e-06,4.56130602631459e-05,4.56130602631459e-05,4.56130602631459e-05,4.56130602631459e-05,8.70794786841876e-05,8.70794786841876e-05,4.56130602631459e-05,4.14664184210417e-06,4.14664184210417e-06,4.14664184210417e-06,4.14664184210417e-06,4.14664184210417e-06,4.14664184210417e-06,4.14664184210417e-06,4.14664184210417e-06,4.14664184210417e-06,4.14664184210417e-06,4.14664184210417e-06,4.14664184210417e-06,4.14664184210417e-06,4.14664184210417e-06,4.14664184210417e-06,4.14664184210417e-06,4.14664184210417e-06,4.14664184210417e-06,4.14664184210417e-06,4.14664184210417e-06,4.14664184210417e-06,4.14664184210417e-06,4.14664184210417e-06,4.14664184210417e-06,4.14664184210417e-06,4.14664184210417e-06,4.14664184210417e-06,4.14664184210417e-06,4.14664184210417e-06,4.14664184210417e-06,4.14664184210417e-06,4.14664184210417e-06,4.14664184210417e-06,4.14664184210417e-06,4.14664184210417e-06,4.14664184210417e-06,4.14664184210417e-06,4.14664184210417e-06,4.14664184210417e-06,4.14664184210417e-06,4.14664184210417e-06,4.14664184210417e-06,4.14664184210417e-06,4.14664184210417e-06,4.14664184210417e-06,4.14664184210417e-06,4.14664184210417e-06,4.14664184210417e-06,4.14664184210417e-06,4.14664184210417e-06,4.14664184210417e-06,4.14664184210417e-06,4.14664184210417e-06,4.14664184210417e-06,4.14664184210417e-06,4.14664184210417e-06,4.14664184210417e-06,4.14664184210417e-06,4.14664184210417e-06,4.14664184210417e-06,4.14664184210417e-06,4.14664184210417e-06,4.14664184210417e-06
4.14664184210417e-06,4.14664184210417e-06,4.14664184210417e-06,4.14664184210417e-06,4.14664184210417e-06,4.14664184210417e-06,4.14664184210417e-06,4.14664184210417e-06,4.14664184210417e-06,4.14664184210417e-06,4.14664184210417e-06,4.14664184210417e-06,4.56130602631459e-05,4.56130602631459e-05,4.56130602631459e-05,4.56130602631459e-05,4.56130602631459e-05,8.70794786841876e-05,4.56130602631459e-05,4.56130602631459e-05,4.56130602631459e-05,4.56130602631459e-05,4.56130602631459e-05,4.14664184210417e-06,4.14664184210417e-06,4.14664184210417e-06,4.14664184210417e-06,4.14664184210417e-06,4.14664184210417e-06,4.14664184210417e-06,4.14664184210417e-06,4.14664184210417e-06,4.14664184210417e-06,4.14664184210417e-06,4.14664184210417e-06,4.14664184210417e-06,4.14664184210417e-06,4.56130602631459e-05,4.56130602631459e-05,4.14664184210417e-06,4.14664184210417e-06,4.14664184210417e-06,4.14664184210417e-06,4.14664184210417e-06,4.14664184210417e-06,4.14664184210417e-06,4.14664184210417e-06,4.14664184210417e-06,4.14664184210417e-06,4.14664184210417e-06,4.14664184210417e-06,4.14664184210417e-06,4.14664184210417e-06,4.14664184210417e-06,4.14664184210417e-06,4.14664184210417e-06,4.14664184210417e-06,4.14664184210417e-06,4.14664184210417e-06,4.14664184210417e-06,4.14664184210417e-06,4.14664184210417e-06,4.14664184210417e-06,4.14664184210417e-06,4.14664184210417e-06,4.14664184210417e-06,4.14664184210417e-06,4.14664184210417e-06,4.14664184210417e-06,4.14664184210417e-06,4.14664184210417e-06,4.14664184210417e-06,4.14664184210417e-06,4.14664184210417e-06,4.14664184210417e-06,4.14664184210417e-06,4.14664184210417e-06,4.14664184210417e-06,4.14664184210417e-06,4.14664184210417e-06,4.14664184210417e-06,4.14664184210417e-06,4.14664184210417e-06,4.14664184210417e-06,4.14664184210417e-06,4.14664184210417e-06,4.14664184210417e-06,4.14664184210417e-06,4.14664184210417e-06,4.14664184210417e-06,4.14664184210417e-06,4.14664184210417e-06,4.14664184210417e-06,4.14664184210417e-06,4.14664184210417e-06,4.14664184210417e-06,4.14664184210417e-06,4.14664184210417e-06,4.14664184210417e-06,4.14664184210417e-06
4.14664184210417e-06,4.14664184210417e-06,4.14664184210417e-06,4.14664184210417e-06,4.14664184210417e-06,4.14664184210417e-06,4.14664184210417e-06,4.14664184210417e-06,4.14664184210417e-06,4.14664184210417e-06,4.14664184210417e-06,4.14664184210417e-06,4.14664184210417e-06,4.14664184210417e-06,4.14664184210417e-06,4.14664184210417e-06,4.14664184210417e-06,4.14664184210417e-06,4.56130602631459e-05,4.56130602631459e-05,4.56130602631459e-05,4.56130602631459e-05,4.56130602631459e-05,8.70794786841876e-05,8.70794786841876e-05,8.70794786841876e-05,8.70794786841876e-05,8.70794786841876e-05,8.70794786841876e-05,4.56130602631459e-05,4.56130602631459e-05,4.56130602631459e-05,4.56130602631459e-05,4.56130602631459e-05,4.56130602631459e-05,4.14664184210417e-06,4.56130602631459e-05,4.56130602631459e-05,4.14664184210417e-06,4.56130602631459e-05,4.56130602631459e-05,4.14664184210417e-06,4.14664184210417e-06,4.14664184210417e-06,4.14664184210417e-06,4.14664184210417e-06,4.14664184210417e-06,4.14664184210417e-06,4.14664184210417e-06,4.14664184210417e-06,4.14664184210417e-06,4.14664184210417e-06,4.14664184210417e-06,4.14664184210417e-06,4.14664184210417e-06,4.14664184210417e-06,4.14664184210417e-06,4.14664184210417e-06,4.14664184210417e-06,4.14664184210417e-06,4.14664184210417e-06,4.14664184210417e-06,4.14664184210417e-06,4.14664184210417e-06,4.14664184210417e-06,4.14664184210417e-06,4.14664184210417e-06,4.14664184210417e-06,4.14664184210417e-06,4.14664184210417e-06,4.14664184210417e-06,4.14664184210417e-06,4.14664184210417e-06,4.14664184210417e-06,4.14664184210417e-06,4.14664184210417e-06,4.14664184210417e-06,4.14664184210417e-06,4.14664184210417e-06,4.14664184210417e-06,4.14664184210417e-06,4.14664184210417e-06,4.14664184210417e-06,4.14664184210417e-06,4.14664184210417e-06,4.14664184210417e-06,4.14664184210417e-06,4.14664184210417e-06,4.14664184210417e-06,4.14664184210417e-06,4.14664184210417e-06,4.14664184210417e-06,4.14664184210417e-06,4.14664184210417e-06,4.14664184210417e-06,4.14664184210417e-06,4.14664184210417e-06,4.14664184210417e-06,4.14664184210417e-06,4.14664184210417e-06
4.14664184210417e-06,4.14664184210417e-06,4.14664184210417e-06,4.14664184210417e-06,4.14664184210417e-06,4.14664184210417e-06,4.14664184210417e-06,4.14664184210417e-06,4.14664184210417e-06,4.14664184210417e-06,4.14664184210417e-06,4.14664184210417e-06,4.14664184210417e-06,4.14664184210417e-06,4.14664184210417e-06,4.14664184210417e-06,4.14664184210417e-06,4.14664184210417e-06,4.14664184210417e-06,4.14664184210417e-06,4.14664184210417e-06,4.14664184210417e-06,4.14664184210417e-06,4.14664184210417e-06,4.14664184210417e-06,4.14664184210417e-06,4.14664184210417e-06,4.14664184210417e-06,4.14664184210417e-06,4.14664184210417e-06,4.14664184210417e-06,4.14664184210417e-06,4.14664184210417e-06,4.14664184210417e-06,4.14664184210417e-06,4.56130602631459e-05,4.14664184210417e-06,4.14664184210417e-06,4.14664184210417e-06,4.14664184210417e-06,4.14664184210417e-06,4.14664184210417e-06,4.14664184210417e-06,4.14664184210417e-06,4.14664184210417e-06,4.14664184210417e-06,4.14664184210417e-06,4.14664184210417e-06,4.14664184210417e-06,4.14664184210417e-06,4.14664184210417e-06,4.14664184210417e-06,4.14664184210417e-06,4.14664184210417e-06,4.14664184210417e-06,4.14664184210417e-06,4.14664184210417e-06,4.14664184210417e-06,4.14664184210417e-06,4.14664184210417e-06,4.14664184210417e-06,4.14664184210417e-06,4.14664184210417e-06,4.14664184210417e-06,4.14664184210417e-06,4.14664184210417e-06,4.14664184210417e-06,4.14664184210417e-06,4.14664184210417e-06,4.14664184210417e-06,4.14664184210417e-06,4.14664184210417e-06,4.14664184210417e-06,4.14664184210417e-06,4.14664184210417e-06,4.14664184210417e-06,4.14664184210417e-06,4.14664184210417e-06,4.14664184210417e-06,4.14664184210417e-06,4.14664184210417e-06,4.14664184210417e-06,4.14664184210417e-06,4.14664184210417e-06,4.14664184210417e-06,4.14664184210417e-06,4.14664184210417e-06,4.14664184210417e-06,4.14664184210417e-06,4.14664184210417e-06,4.14664184210417e-06,4.14664184210417e-06,4.14664184210417e-06,4.14664184210417e-06,4.14664184210417e-06,4.14664184210417e-06,4.14664184210417e-06,4.14664184210417e-06,4.14664184210417e-06,4.14664184210417e-06
4.14664184210417e-06,4.14664184210417e-06,4.14664184210417e-06,4.14664184210417e-06,4.14664184210417e-06,4.14664184210417e-06,4.14664184210417e-06,4.14664184210417e-06,4.14664184210417e-06,4.14664184210417e-06,4.14664184210417e-06,4.14664184210417e-06,4.14664184210417e-06,4.14664184210417e-06,4.14664184210417e-06,4.14664184210417e-06,4.14664184210417e-06,4.14664184210417e-06,4.14664184210417e-06,4.14664184210417e-06,4.14664184210417e-06,4.14664184210417e-06,4.14664184210417e-06,4.14664184210417e-06,4.14664184210417e-06,4.14664184210417e-06,4.14664184210417e-06,4.14664184210417e-06,4.14664184210417e-06,4.56130602631459e-05,4.56130602631459e-05,4.14664184210417e-06,4.14664184210417e-06,4.14664184210417e-06,4.14664184210417e-06,4.14664184210417e-06,4.14664184210417e-06,4.14664184210417e-06,4.56130602631459e-05,4.14664184210417e-06,4.14664184210417e-06,4.14664184210417e-06,4.14664184210417e-06,4.14664184210417e-06,4.14664184210417e-06,4.14664184210417e-06,4.14664184210417e-06,4.14664184210417e-06,4.14664184210417e-06,4.14664184210417e-06,4.14664184210417e-06,4.14664184210417e-06,4.14664184210417e-06,4.14664184210417e-06,4.14664184210417e-06,4.14664184210417e-06,4.14664184210417e-06,4.14664184210417e-06,4.14664184210417e-06,4.14664184210417e-06,4.14664184210417e-06,4.14664184210417e-06,4.14664184210417e-06,4.14664184210417e-06,4.14664184210417e-06,4.14664184210417e-06,4.14664184210417e-06,4.14664184210417e-06,4.14664184210417e-06,4.14664184210417e-06,4.14664184210417e-06,4.14664184210417e-06,4.14664184210417e-06,4.14664184210417e-06,4.14664184210417e-06,4.14664184210417e-06,4.14664184210417e-06,4.14664184210417e-06,4.14664184210417e-06,4.14664184210417e-06,4.14664184210417e-06,4.14664184210417e-06,4.14664184210417e-06,4.14664184210417e-06,4.14664184210417e-06,4.14664184210417e-06,4.14664184210417e-06,4.14664184210417e-06,4.14664184210417e-06,4.14664184210417e-06,4.14664184210417e-06,4.14664184210417e-06,4.14664184210417e-06,4.14664184210417e-06,4.14664184210417e-06,4.14664184210417e-06,4.14664184210417e-06,4.14664184210417e-06,4.14664184210417e-06,4.14664184210417e-06
4.56130602631459e-05,4.56130602631459e-05,4.56130602631459e-05,4.56130602631459e-05,4.56130602631459e-05,4.56130602631459e-05,4.56130602631459e-05,4.56130602631459e-05,4.56130602631459e-05,4.56130602631459e-05,4.56130602631459e-05,4.56130602631459e-05,4.56130602631459e-05,4.56130602631459e-05,4.56130602631459e-05,4.56130602631459e-05,4.14664184210417e-06,4.14664184210417e-06,4.14664184210417e-06,4.14664184210417e-06,4.14664184210417e-06,4.14664184210417e-06,4.14664184210417e-06,4.14664184210417e-06,4.14664184210417e-06,4.14664184210417e-06,4.14664184210417e-06,4.14664184210417e-06,4.14664184210417e-06,4.14664184210417e-06,4.14664184210417e-06,4.14664184210417e-06,4.14664184210417e-06,4.14664184210417e-06,4.14664184210417e-06,4.14664184210417e-06,4.56130602631459e-05,4.56130602631459e-05,4.56130602631459e-05,4.56130602631459e-05,4.14664184210417e-06,4.56130602631459e-05,4.14664184210417e-06,4.14664184210417e-06,4.14664184210417e-06,4.14664184210417e-06,4.14664184210417e-06,4.14664184210417e-06,4.56130602631459e-05,4.14664184210417e-06,4.14664184210417e-06,4.14664184210417e-06,4.14664184210417e-06,4.14664184210417e-06,4.14664184210417e-06,4.14664184210417e-06,4.14664184210417e-06,4.14664184210417e-06,4.14664184210417e-06,4.14664184210417e-06,4.14664184210417e-06,4.14664184210417e-06,4.14664184210417e-06,4.14664184210417e-06,4.14664184210417e-06,4.14664184210417e-06,4.14664184210417e-06,4.14664184210417e-06,4.14664184210417e-06,4.14664184210417e-06,4.14664184210417e-06,4.14664184210417e-06,4.14664184210417e-06,4.14664184210417e-06,4.14664184210417e-06,4.14664184210417e-06,4.14664184210417e-06,4.14664184210417e-06,4.14664184210417e-06,4.14664184210417e-06,4.14664184210417e-06,4.14664184210417e-06,4.14664184210417e-06,4.14664184210417e-06,4.14664184210417e-06,4.14664184210417e-06,4.14664184210417e-06,4.14664184210417e-06,4.14664184210417e-06,4.14664184210417e-06,4.14664184210417e-06,4.14664184210417e-06,4.14664184210417e-06,4.14664184210417e-06,4.14664184210417e-06,4.14664184210417e-06,4.14664184210417e-06,4.14664184210417e-06,4.14664184210417e-06,4.14664184210417e-06
4.14664184210417e-06,4.14664184210417e-06,4.14664184210417e-06,4.14664184210417e-06,4.14664184210417e-06,4.14664184210417e-06,4.14664184210417e-06,4.14664184210417e-06,4.14664184210417e-06,4.14664184210417e-06,4.14664184210417e-06,4.14664184210417e-06,4.14664184210417e-06,4.14664184210417e-06,4.14664184210417e-06,4.14664184210417e-06,4.56130602631459e-05,4.56130602631459e-05,4.56130602631459e-05,4.56130602631459e-05,4.56130602631459e-05,4.56130602631459e-05,4.56130602631459e-05,4.14664184210417e-06,4.14664184210417e-06,4.14664184210417e-06,4.14664184210417e-06,4.14664184210417e-06,4.14664184210417e-06,4.14664184210417e-06,4.14664184210417e-06,4.56130602631459e-05,4.56130602631459e-05,4.56130602631459e-05,4.14664184210417e-06,4.14664184210417e-06,4.14664184210417e-06,4.14664184210417e-06,4.14664184210417e-06,4.14664184210417e-06,4.56130602631459e-05,4.14664184210417e-06,4.14664184210417e-06,4.14664184210417e-06,4.14664184210417e-06,4.14664184210417e-06,4.14664184210417e-06,4.14664184210417e-06,4.14664184210417e-06,4.14664184210417e-06,4.14664184210417e-06,4.14664184210417e-06,4.14664184210417e-06,4.14664184210417e-06,4.14664184210417e-06,4.14664184210417e-06,4.14664184210417e-06,4.14664184210417e-06,4.14664184210417e-06,4.14664184210417e-06,4.14664184210417e-06,4.14664184210417e-06,4.14664184210417e-06,4.14664184210417e-06,4.14664184210417e-06,4.14664184210417e-06,4.14664184210417e-06,4.14664184210417e-06,4.14664184210417e-06,4.14664184210417e-06,4.14664184210417e-06,4.14664184210417e-06,4.14664184210417e-06,4.14664184210417e-06,4.14664184210417e-06,4.14664184210417e-06,4.14664184210417e-06,4.14664184210417e-06,4.14664184210417e-06,4.14664184210417e-06,4.14664184210417e-06,4.14664184210417e-06,4.14664184210417e-06,4.14664184210417e-06,4.14664184210417e-06,4.14664184210417e-06,4.14664184210417e-06,4.14664184210417e-06,4.14664184210417e-06,4.14664184210417e-06,4.14664184210417e-06,4.14664184210417e-06,4.14664184210417e-06,4.14664184210417e-06,4.14664184210417e-06,4.14664184210417e-06,4.14664184210417e-06,4.14664184210417e-06,4.14664184210417e-06,4.14664184210417e-06
4.56130602631459e-05,4.56130602631459e-05,4.56130602631459e-05,4.56130602631459e-05,4.56130602631459e-05,4.14664184210417e-06,4.14664184210417e-06,4.14664184210417e-06,4.14664184210417e-06,4.14664184210417e-06,4.14664184210417e-06,4.14664184210417e-06,4.14664184210417e-06,4.14664184210417e-06,4.14664184210417e-06,4.14664184210417e-06,4.14664184210417e-06,4.14664184210417e-06,4.14664184210417e-06,4.14664184210417e-06,4.14664184210417e-06,4.14664184210417e-06,4.14664184210417e-06,4.56130602631459e-05,4.56130602631459e-05,4.56130602631459e-05,4.56130602631459e-05,4.56130602631459e-05,4.56130602631459e-05,4.56130602631459e-05,4.56130602631459e-05,4.56130602631459e-05,4.56130602631459e-05,4.14664184210417e-06,4.56130602631459e-05,4.56130602631459e-05,4.14664184210417e-06,4.14664184210417e-06,4.14664184210417e-06,4.14664184210417e-06,4.14664184210417e-06,4.56130602631459e-05,4.14664184210417e-06,4.14664184210417e-06,4.14664184210417e-06,4.14664184210417e-06,4.14664184210417e-06,4.14664184210417e-06,4.14664184210417e-06,4.14664184210417e-06,4.14664184210417e-06,4.14664184210417e-06,4.14664184210417e-06,4.14664184210417e-06,4.14664184210417e-06,4.14664184210417e-06,4.14664184210417e-06,4.14664184210417e-06,4.14664184210417e-06,4.14664184210417e-06,4.14664184210417e-06,4.14664184210417e-06,4.14664184210417e-06,4.14664184210417e-06,4.14664184210417e-06,4.14664184210417e-06,4.14664184210417e-06,4.14664184210417e-06,4.14664184210417e-06,4.14664184210417e-06,4.14664184210417e-06,4.14664184210417e-06,4.14664184210417e-06,4.14664184210417e-06,4.14664184210417e-06,4.14664184210417e-06,4.14664184210417e-06,4.14664184210417e-06,4.14664184210417e-06,4.14664184210417e-06,4.14664184210417e-06,4.14664184210417e-06,4.14664184210417e-06,4.14664184210417e-06,4.14664184210417e-06,4.14664184210417e-06,4.14664184210417e-06,4.14664184210417e-06,4.14664184210417e-06,4.14664184210417e-06,4.14664184210417e-06,4.14664184210417e-06,4.14664184210417e-06,4.14664184210417e-06,4.14664184210417e-06,4.14664184210417e-06,4.14664184210417e-06,4.14664184210417e-06,4.14664184210417e-06,4.14664184210417e-06
4.14664184210417e-06,4.14664184210417e-06,4.14664184210417e-06,4.14664184210417e-06,4.14664184210417e-06,4.56130602631459e-05,4.56130602631459e-05,4.56130602631459e-05,4.56130602631459e-05,4.56130602631459e-05,4.56130602631459e-05,4.56130602631459e-05,4.56130602631459e-05,4.56130602631459e-05,4.56130602631459e-05,4.56130602631459e-05,4.14664184210417e-06,4.14664184210417e-06,4.14664184210417e-06,4.14664184210417e-06,4.14664184210417e-06,4.14664184210417e-06,4.14664184210417e-06,4.14664184210417e-06,4.14664184210417e-06,4.14664184210417e-06,4.14664184210417e-06,4.14664184210417e-06,4.14664184210417e-06,4.14664184210417e-06,4.14664184210417e-06,4.14664184210417e-06,4.14664184210417e-06,4.56130602631459e-05,4.56130602631459e-05,4.56130602631459e-05,4.56130602631459e-05,4.14664184210417e-06,4.14664184210417e-06,4.56130602631459e-05,4.14664184210417e-06,4.14664184210417e-06,4.56130602631459e-05,4.14664184210417e-06,4.14664184210417e-06,4.14664184210417e-06,4.14664184210417e-06,4.14664184210417e-06,4.14664184210417e-06,4.56130602631459e-05,4.14664184210417e-06,4.14664184210417e-06,4.14664184210417e-06,4.14664184210417e-06,4.14664184210417e-06,4.14664184210417e-06,4.14664184210417e-06,4.14664184210417e-06,4.14664184210417e-06,4.14664184210417e-06,4.14664184210417e-06,4.14664184210417e-06,4.14664184210417e-06,4.14664184210417e-06,4.14664184210417e-06,4.14664184210417e-06,4.14664184210417e-06,4.14664184210417e-06,4.14664184210417e-06,4.14664184210417e-06,4.14664184210417e-06,4.14664184210417e-06,4.14664184210417e-06,4.14664184210417e-06,4.14664184210417e-06,4.14664184210417e-06,4.14664184210417e-06,4.14664184210417e-06,4.14664184210417e-06,4.14664184210417e-06,4.14664184210417e-06,4.14664184210417e-06,4.14664184210417e-06,4.14664184210417e-06,4.14664184210417e-06,4.14664184210417e-06,4.14664184210417e-06,4.14664184210417e-06,4.14664184210417e-06,4.14664184210417e-06,4.14664184210417e-06,4.14664184210417e-06,4.14664184210417e-06,4.14664184210417e-06,4.14664184210417e-06,4.14664184210417e-06,4.14664184210417e-06,4.14664184210417e-06,4.14664184210417e-06,4.14664184210417e-06
4.14664184210417e-06,4.14664184210417e-06,4.14664184210417e-06,4.14664184210417e-06,4.14664184210417e-06,4.14664184210417e-06,4.14664184210417e-06,4.14664184210417e-06,4.14664184210417e-06,4.14664184210417e-06,4.14664184210417e-06,4.14664184210417e-06,4.14664184210417e-06,4.14664184210417e-06,4.14664184210417e-06,4.14664184210417e-06,4.56130602631459e-05,4.56130602631459e-05,4.56130602631459e-05,4.56130602631459e-05,4.56130602631459e-05,4.56130602631459e-05,4.56130602631459e-05,4.56130602631459e-05,4.56130602631459e-05,4.56130602631459e-05,4.14664184210417e-06,4.14664184210417e-06,4.14664184210417e-06,4.14664184210417e-06,4.14664184210417e-06,4.14664184210417e-06,4.14664184210417e-06,4.14664184210417e-06,4.14664184210417e-06,4.14664184210417e-06,4.14664184210417e-06,4.56130602631459e-05,4.14664184210417e-06,4.14664184210417e-06,4.56130602631459e-05,4.56130602631459e-05,8.70794786841876e-05,4.56130602631459e-05,4.14664184210417e-06,4.14664184210417e-06,4.14664184210417e-06,4.14664184210417e-06,4.14664184210417e-06,4.14664184210417e-06,4.14664184210417e-06,4.14664184210417e-06,4.14664184210417e-06,4.14664184210417e-06,4.14664184210417e-06,4.14664184210417e-06,4.14664184210417e-06,4.14664184210417e-06,4.14664184210417e-06,4.14664184210417e-06,4.14664184210417e-06,4.14664184210417e-06,4.14664184210417e-06,4.14664184210417e-06,4.14664184210417e-06,4.14664184210417e-06,4.14664184210417e-06,4.14664184210417e-06,4.14664184210417e-06,4.14664184210417e-06,4.14664184210417e-06,4.14664184210417e-06,4.14664184210417e-06,4.14664184210417e-06,4.14664184210417e-06,4.14664184210417e-06,4.14664184210417e-06,4.14664184210417e-06,4.14664184210417e-06,4.14664184210417e-06,4.14664184210417e-06,4.14664184210417e-06,4.14664184210417e-06,4.14664184210417e-06,4.14664184210417e-06,4.14664184210417e-06,4.14664184210417e-06,4.14664184210417e-06,4.14664184210417e-06,4.14664184210417e-06,4.14664184210417e-06,4.14664184210417e-06,4.14664184210417e-06,4.14664184210417e-06,4.14664184210417e-06,4.14664184210417e-06,4.14664184210417e-06,4.14664184210417e-06,4.14664184210417e-06,4.14664184210417e-06
4.14664184210417e-06,4.14664184210417e-06,4.14664184210417e-06,4.14664184210417e-06,4.14664184210417e-06,4.14664184210417e-06,4.14664184210417e-06,4.14664184210417e-06,4.14664184210417e-06,4.14664184210417e-06,4.14664184210417e-06,4.14664184210417e-06,4.14664184210417e-06,4.14664184210417e-06,4.14664184210417e-06,4.14664184210417e-06,4.14664184210417e-06,4.14664184210417e-06,4.14664184210417e-06,4.14664184210417e-06,4.14664184210417e-06,4.14664184210417e-06,4.14664184210417e-06,4.14664184210417e-06,4.14664184210417e-06,4.14664184210417e-06,4.56130602631459e-05,4.56130602631459e-05,4.14664184210417e-06,4.14664184210417e-06,4.14664184210417e-06,4.14664184210417e-06,4.14664184210417e-06,4.14664184210417e-06,4.14664184210417e-06,4.14664184210417e-06,4.14664184210417e-06,4.14664184210417e-06,4.14664184210417e-06,4.14664184210417e-06,4.14664184210417e-06,4.14664184210417e-06,4.14664184210417e-06,4.56130602631459e-05,4.14664184210417e-06,4.14664184210417e-06,4.14664184210417e-06,4.14664184210417e-06,4.14664184210417e-06,4.14664184210417e-06,4.14664184210417e-06,4.14664184210417e-06,4.14664184210417e-06,4.14664184210417e-06,4.14664184210417e-06,4.14664184210417e-06,4.14664184210417e-06,4.14664184210417e-06,4.14664184210417e-06,4.14664184210417e-06,4.14664184210417e-06,4.14664184210417e-06,4.14664184210417e-06,4.14664184210417e-06,4.14664184210417e-06,4.14664184210417e-06,4.14664184210417e-06,4.14664184210417e-06,4.14664184210417e-06,4.14664184210417e-06,4.14664184210417e-06,4.14664184210417e-06,4.14664184210417e-06,4.14664184210417e-06,4.14664184210417e-06,4.14664184210417e-06,4.14664184210417e-06,4.14664184210417e-06,4.14664184210417e-06,4.14664184210417e-06,4.14664184210417e-06,4.14664184210417e-06,4.14664184210417e-06,4.14664184210417e-06,4.14664184210417e-06,4.14664184210417e-06,4.14664184210417e-06,4.14664184210417e-06,4.14664184210417e-06,4.14664184210417e-06,4.14664184210417e-06,4.14664184210417e-06,4.14664184210417e-06,4.14664184210417e-06,4.14664184210417e-06,4.14664184210417e-06,4.14664184210417e-06,4.14664184210417e-06,4.14664184210417e-06,4.14664184210417e-06
4.14664184210417e-06,4.14664184210417e-06,4.14664184210417e-06,4.14664184210417e-06,4.14664184210417e-06,4.14664184210417e-06,4.14664184210417e-06,4.14664184210417e-06,4.14664184210417e-06,4.14664184210417e-06,4.14664184210417e-06,4.14664184210417e-06,4.14664184210417e-06,4.14664184210417e-06,4.14664184210417e-06,4.14664184210417e-06,4.14664184210417e-06,4.14664184210417e-06,4.14664184210417e-06,4.14664184210417e-06,4.14664184210417e-06,4.14664184210417e-06,4.14664184210417e-06,4.14664184210417e-06,4.14664184210417e-06,4.14664184210417e-06,4.14664184210417e-06,4.14664184210417e-06,4.56130602631459e-05,4.14664184210417e-06,4.14664184210417e-06,4.14664184210417e-06,4.14664184210417e-06,4.14664184210417e-06,4.14664184210417e-06,4.14664184210417e-06,4.14664184210417e-06,4.14664184210417e-06,4.14664184210417e-06,4.14664184210417e-06,4.14664184210417e-06,4.14664184210417e-06,4.14664184210417e-06,4.14664184210417e-06,4.14664184210417e-06,4.14664184210417e-06,4.14664184210417e-06,4.14664184210417e-06,4.14664184210417e-06,4.14664184210417e-06,4.14664184210417e-06,4.14664184210417e-06,4.14664184210417e-06,4.14664184210417e-06,4.14664184210417e-06,4.14664184210417e-06,4.14664184210417e-06,4.14664184210417e-06,4.14664184210417e-06,4.14664184210417e-06,4.14664184210417e-06,4.14664184210417e-06,4.14664184210417e-06,4.14664184210417e-06,4.14664184210417e-06,4.14664184210417e-06,4.14664184210417e-06,4.14664184210417e-06,4.14664184210417e-06,4.14664184210417e-06,4.14664184210417e-06,4.14664184210417e-06,4.14664184210417e-06,4.14664184210417e-06,4.14664184210417e-06,4.14664184210417e-06,4.14664184210417e-06,4.14664184210417e-06,4.14664184210417e-06,4.14664184210417e-06,4.14664184210417e-06,4.14664184210417e-06,4.14664184210417e-06,4.14664184210417e-06,4.14664184210417e-06,4.14664184210417e-06,4.14664184210417e-06,4.14664184210417e-06,4.14664184210417e-06,4.14664184210417e-06,4.14664184210417e-06,4.14664184210417e-06,4.14664184210417e-06,4.14664184210417e-06,4.14664184210417e-06,4.14664184210417e-06,4.14664184210417e-06,4.14664184210417e-06,4.14664184210417e-06,4.14664184210417e-06
4.56130602631459e-05,4.56130602631459e-05,4.56130602631459e-05,4.56130602631459e-05,4.56130602631459e-05,4.56130602631459e-05,4.56130602631459e-05,4.56130602631459e-05,4.56130602631459e-05,4.56130602631459e-05,4.56130602631459e-05,4.56130602631459e-05,4.56130602631459e-05,4.56130602631459e-05,4.56130602631459e-05,4.56130602631459e-05,4.56130602631459e-05,4.56130602631459e-05,4.56130602631459e-05,4.56130602631459e-05,4.56130602631459e-05,4.56130602631459e-05,4.56130602631459e-05,4.56130602631459e-05,4.56130602631459e-05,4.56130602631459e-05,4.14664184210417e-06,4.14664184210417e-06,4.14664184210417e-06,4.56130602631459e-05,4.14664184210417e-06,4.14664184210417e-06,4.14664184210417e-06,4.14664184210417e-06,4.14664184210417e-06,4.14664184210417e-06,4.14664184210417e-06,4.14664184210417e-06,4.56130602631459e-05,4.14664184210417e-06,4.14664184210417e-06,4.14664184210417e-06,4.14664184210417e-06,4.56130602631459e-05,4.56130602631459e-05,4.14664184210417e-06,4.14664184210417e-06,4.14664184210417e-06,4.14664184210417e-06,4.14664184210417e-06,4.56130602631459e-05,4.14664184210417e-06,4.14664184210417e-06,4.14664184210417e-06,4.14664184210417e-06,4.14664184210417e-06,4.14664184210417e-06,4.14664184210417e-06,4.14664184210417e-06,4.14664184210417e-06,4.14664184210417e-06,4.14664184210417e-06,4.14664184210417e-06,4.14664184210417e-06,4.14664184210417e-06,4.14664184210417e-06,4.14664184210417e-06,4.14664184210417e-06,4.14664184210417e-06,4.14664184210417e-06,4.14664184210417e-06,4.14664184210417e-06,4.14664184210417e-06,4.14664184210417e-06,4.14664184210417e-06,4.14664184210417e-06,4.14664184210417e-06,4.14664184210417e-06,4.14664184210417e-06,4.14664184210417e-06,4.14664184210417e-06,4.14664184210417e-06,4.14664184210417e-06,4.14664184210417e-06,4.14664184210417e-06,4.14664184210417e-06,4.14664184210417e-06,4.14664184210417e-06,4.14664184210417e-06,4.14664184210417e-06,4.14664184210417e-06,4.14664184210417e-06,4.14664184210417e-06,4.14664184210417e-06,4.14664184210417e-06,4.14664184210417e-06,4.14664184210417e-06,4.14664184210417e-06,4.14664184210417e-06,4.14664184210417e-06
4.14664184210417e-06,4.14664184210417e-06,4.14664184210417e-06,4.14664184210417e-06,4.14664184210417e-06,4.14664184210417e-06,4.14664184210417e-06,4.14664184210417e-06,4.14664184210417e-06,4.14664184210417e-06,4.14664184210417e-06,4.14664184210417e-06,4.14664184210417e-06,4.14664184210417e-06,4.14664184210417e-06,4.14664184210417e-06,4.14664184210417e-06,4.14664184210417e-06,4.14664184210417e-06,4.14664184210417e-06,4.14664184210417e-06,4.14664184210417e-06,4.14664184210417e-06,4.14664184210417e-06,4.14664184210417e-06,4.14664184210417e-06,4.56130602631459e-05,4.14664184210417e-06,4.14664184210417e-06,4.14664184210417e-06,4.56130602631459e-05,4.56130602631459e-05,4.14664184210417e-06,4.14664184210417e-06,4.14664184210417e-06,4.14664184210417e-06,4.14664184210417e-06,4.14664184210417e-06,4.14664184210417e-06,4.56130602631459e-05,4.14664184210417e-06,4.14664184210417e-06,4.14664184210417e-06,4.14664184210417e-06,4.56130602631459e-05,4.14664184210417e-06,4.14664184210417e-06,4.14664184210417e-06,4.14664184210417e-06,4.14664184210417e-06,4.14664184210417e-06,4.14664184210417e-06,4.14664184210417e-06,4.14664184210417e-06,4.14664184210417e-06,4.14664184210417e-06,4.14664184210417e-06,4.14664184210417e-06,4.14664184210417e-06,4.14664184210417e-06,4.14664184210417e-06,4.14664184210417e-06,4.14664184210417e-06,4.14664184210417e-06,4.14664184210417e-06,4.14664184210417e-06,4.14664184210417e-06,4.14664184210417e-06,4.14664184210417e-06,4.14664184210417e-06,4.14664184210417e-06,4.14664184210417e-06,4.14664184210417e-06,4.14664184210417e-06,4.14664184210417e-06,4.14664184210417e-06,4.14664184210417e-06,4.14664184210417e-06,4.14664184210417e-06,4.14664184210417e-06,4.14664184210417e-06,4.14664184210417e-06,4.14664184210417e-06,4.14664184210417e-06,4.14664184210417e-06,4.14664184210417e-06,4.14664184210417e-06,4.14664184210417e-06,4.14664184210417e-06,4.14664184210417e-06,4.14664184210417e-06,4.14664184210417e-06,4.14664184210417e-06,4.14664184210417e-06,4.14664184210417e-06,4.14664184210417e-06,4.14664184210417e-06,4.14664184210417e-06,4.14664184210417e-06,4.14664184210417e-06
8.70794786841876e-05,8.70794786841876e-05,8.70794786841876e-05,8.70794786841876e-05,8.70794786841876e-05,8.70794786841876e-05,8.70794786841876e-05,8.70794786841876e-05,8.70794786841876e-05,8.70794786841876e-05,8.70794786841876e-05,8.70794786841876e-05,8.70794786841876e-05,8.70794786841876e-05,8.70794786841876e-05,8.70794786841876e-05,8.70794786841876e-05,8.70794786841876e-05,8.70794786841876e-05,8.70794786841876e-05,8.70794786841876e-05,8.70794786841876e-05,8.70794786841876e-05,4.56130602631459e-05,4.56130602631459e-05,4.56130602631459e-05,4.56130602631459e-05,8.70794786841876e-05,8.70794786841876e-05,4.56130602631459e-05,4.14664184210417e-06,4.14664184210417e-06,4.56130602631459e-05,4.14664184210417e-06,4.14664184210417e-06,4.14664184210417e-06,4.56130602631459e-05,4.56130602631459e-05,4.14664184210417e-06,4.14664184210417e-06,4.56130602631459e-05,4.14664184210417e-06,4.14664184210417e-06,4.14664184210417e-06,4.14664184210417e-06,4.56130602631459e-05,4.14664184210417e-06,4.14664184210417e-06,4.14664184210417e-06,4.14664184210417e-06,4.14664184210417e-06,4.14664184210417e-06,4.14664184210417e-06,4.14664184210417e-06,4.14664184210417e-06,4.14664184210417e-06,4.14664184210417e-06,4.14664184210417e-06,4.14664184210417e-06,4.14664184210417e-06,4.14664184210417e-06,4.14664184210417e-06,4.14664184210417e-06,4.14664184210417e-06,4.14664184210417e-06,4.14664184210417e-06,4.14664184210417e-06,4.14664184210417e-06,4.14664184210417e-06,4.14664184210417e-06,4.14664184210417e-06,4.14664184210417e-06,4.14664184210417e-06,4.14664184210417e-06,4.14664184210417e-06,4.14664184210417e-06,4.14664184210417e-06,4.14664184210417e-06,4.14664184210417e-06,4.14664184210417e-06,4.14664184210417e-06,4.14664184210417e-06,4.14664184210417e-06,4.14664184210417e-06,4.14664184210417e-06,4.14664184210417e-06,4.14664184210417e-06,4.14664184210417e-06,4.14664184210417e-06,4.14664184210417e-06,4.14664184210417e-06,4.14664184210417e-06,4.14664184210417e-06,4.14664184210417e-06,4.14664184210417e-06,4.14664184210417e-06,4.14664184210417e-06,4.14664184210417e-06,4.14664184210417e-06,4.14664184210417e-06
8.70794786841876e-05,8.70794786841876e-05,8.70794786841876e-05,8.70794786841876e-05,8.70794786841876e-05,8.70794786841876e-05,8.70794786841876e-05,8.70794786841876e-05,8.70794786841876e-05,8.70794786841876e-05,8.70794786841876e-05,8.70794786841876e-05,8.70794786841876e-05,8.70794786841876e-05,8.70794786841876e-05,8.70794786841876e-05,8.70794786841876e-05,8.70794786841876e-05,8.70794786841876e-05,8.70794786841876e-05,8.70794786841876e-05,8.70794786841876e-05,8.70794786841876e-05,0.000128545897105229,0.000128545897105229,8.70794786841876e-05,8.70794786841876e-05,4.56130602631459e-05,4.56130602631459e-05,4.56130602631459e-05,8.70794786841876e-05,4.56130602631459e-05,4.56130602631459e-05,8.70794786841876e-05,8.70794786841876e-05,8.70794786841876e-05,4.56130602631459e-05,4.56130602631459e-05,8.70794786841876e-05,4.14664184210417e-06,4.14664184210417e-06,4.56130602631459e-05,4.56130602631459e-05,4.56130602631459e-05,4.56130602631459e-05,4.14664184210417e-06,4.14664184210417e-06,4.14664184210417e-06,4.14664184210417e-06,4.14664184210417e-06,4.14664184210417e-06,4.56130602631459e-05,4.14664184210417e-06,4.14664184210417e-06,4.14664184210417e-06,4.14664184210417e-06,4.14664184210417e-06,4.14664184210417e-06,4.14664184210417e-06,4.14664184210417e-06,4.14664184210417e-06,4.14664184210417e-06,4.14664184210417e-06,4.14664184210417e-06,4.14664184210417e-06,4.14664184210417e-06,4.14664184210417e-06,4.14664184210417e-06,4.14664184210417e-06,4.14664184210417e-06,4.14664184210417e-06,4.14664184210417e-06,4.14664184210417e-06,4.14664184210417e-06,4.14664184210417e-06,4.14664184210417e-06,4.14664184210417e-06,4.14664184210417e-06,4.14664184210417e-06,4.14664184210417e-06,4.14664184210417e-06,4.14664184210417e-06,4.14664184210417e-06,4.14664184210417e-06,4.14664184210417e-06,4.14664184210417e-06,4.14664184210417e-06,4.14664184210417e-06,4.14664184210417e-06,4.14664184210417e-06,4.14664184210417e-06,4.14664184210417e-06,4.14664184210417e-06,4.14664184210417e-06,4.14664184210417e-06,4.14664184210417e-06,4.14664184210417e-06,4.14664184210417e-06,4.14664184210417e-06,4.14664184210417e-06
4.56130602631459e-05,4.56130602631459e-05,4.56130602631459e-05,4.56130602631459e-05,4.56130602631459e-05,4.56130602631459e-05,4.56130602631459e-05,4.56130602631459e-05,4.56130602631459e-05,4.56130602631459e-05,4.56130602631459e-05,4.56130602631459e-05,4.56130602631459e-05,4.56130602631459e-05,4.56130602631459e-05,4.56130602631459e-05,4.56130602631459e-05,4.14664184210417e-06,4.14664184210417e-06,4.14664184210417e-06,4.14664184210417e-06,4.14664184210417e-06,4.14664184210417e-06,4.14664184210417e-06,4.14664184210417e-06,4.56130602631459e-05,4.14664184210417e-06,4.56130602631459e-05,4.56130602631459e-05,8.70794786841876e-05,8.70794786841876e-05,8.70794786841876e-05,8.70794786841876e-05,4.56130602631459e-05,4.56130602631459e-05,4.56130602631459e-05,8.70794786841876e-05,8.70794786841876e-05,4.14664184210417e-06,4.14664184210417e-06,4.14664184210417e-06,4.14664184210417e-06,4.14664184210417e-06,4.14664184210417e-06,4.14664184210417e-06,4.56130602631459e-05,4.56130602631459e-05,4.14664184210417e-06,4.14664184210417e-06,4.14664184210417e-06,4.14664184210417e-06,4.14664184210417e-06,4.14664184210417e-06,4.14664184210417e-06,4.14664184210417e-06,4.14664184210417e-06,4.14664184210417e-06,4.14664184210417e-06,4.14664184210417e-06,4.14664184210417e-06,4.14664184210417e-06,4.14664184210417e-06,4.14664184210417e-06,4.14664184210417e-06,4.14664184210417e-06,4.14664184210417e-06,4.14664184210417e-06,4.14664184210417e-06,4.14664184210417e-06,4.14664184210417e-06,4.14664184210417e-06,4.14664184210417e-06,4.14664184210417e-06,4.14664184210417e-06,4.14664184210417e-06,4.14664184210417e-06,4.14664184210417e-06,4.14664184210417e-06,4.14664184210417e-06,4.14664184210417e-06,4.14664184210417e-06,4.14664184210417e-06,4.14664184210417e-06,4.14664184210417e-06,4.14664184210417e-06,4.14664184210417e-06,4.14664184210417e-06,4.14664184210417e-06,4.14664184210417e-06,4.14664184210417e-06,4.14664184210417e-06,4.14664184210417e-06,4.14664184210417e-06,4.14664184210417e-06,4.14664184210417e-06,4.14664184210417e-06,4.14664184210417e-06,4.14664184210417e-06,4.14664184210417e-06,4.14664184210417e-06
4.56130602631459e-05,4.56130602631459e-05,4.56130602631459e-05,4.56130602631459e-05,4.56130602631459e-05,4.56130602631459e-05,4.56130602631459e-05,4.56130602631459e-05,4.56130602631459e-05,4.56130602631459e-05,4.56130602631459e-05,4.56130602631459e-05,4.56130602631459e-05,4.56130602631459e-05,4.56130602631459e-05,4.56130602631459e-05,4.56130602631459e-05,4.56130602631459e-05,4.56130602631459e-05,4.56130602631459e-05,4.56130602631459e-05,4.14664184210417e-06,4.14664184210417e-06,4.14664184210417e-06,4.14664184210417e-06,4.14664184210417e-06,4.56130602631459e-05,4.56130602631459e-05,4.56130602631459e-05,4.56130602631459e-05,4.56130602631459e-05,8.70794786841876e-05,8.70794786841876e-05,0.000128545897105229,4.56130602631459e-05,4.14664184210417e-06,4.14664184210417e-06,4.14664184210417e-06,4.56130602631459e-05,0.000128545897105229,4.56130602631459e-05,4.14664184210417e-06,4.14664184210417e-06,4.14664184210417e-06,4.56130602631459e-05,4.56130602631459e-05,4.56130602631459e-05,8.70794786841876e-05,4.56130602631459e-05,4.14664184210417e-06,4.14664184210417e-06,4.14664184210417e-06,4.14664184210417e-06,4.14664184210417e-06,4.14664184210417e-06,4.14664184210417e-06,4.14664184210417e-06,4.14664184210417e-06,4.14664184210417e-06,4.14664184210417e-06,4.14664184210417e-06,4.14664184210417e-06,4.14664184210417e-06,4.14664184210417e-06,4.14664184210417e-06,4.14664184210417e-06,4.14664184210417e-06,4.14664184210417e-06,4.14664184210417e-06,4.14664184210417e-06,4.14664184210417e-06,4.14664184210417e-06,4.14664184210417e-06,4.14664184210417e-06,4.14664184210417e-06,4.14664184210417e-06,4.14664184210417e-06,4.14664184210417e-06,4.14664184210417e-06,4.14664184210417e-06,4.14664184210417e-06,4.14664184210417e-06,4.14664184210417e-06,4.14664184210417e-06,4.14664184210417e-06,4.14664184210417e-06,4.14664184210417e-06,4.14664184210417e-06,4.14664184210417e-06,4.14664184210417e-06,4.14664184210417e-06,4.14664184210417e-06,4.14664184210417e-06,4.14664184210417e-06,4.14664184210417e-06,4.14664184210417e-06,4.14664184210417e-06,4.14664184210417e-06,4.14664184210417e-06,4.14664184210417e-06
0.000128545897105229,0.000128545897105229,0.000128545897105229,0.000128545897105229,0.000128545897105229,0.000128545897105229,0.000128545897105229,0.000128545897105229,0.000128545897105229,0.000128545897105229,0.000128545897105229,0.000128545897105229,0.000128545897105229,0.000128545897105229,0.000128545897105229,0.000128545897105229,0.000128545897105229,0.000170012315526271,0.000128545897105229,0.000128545897105229,0.000128545897105229,0.000170012315526271,0.000170012315526271,0.000170012315526271,0.000170012315526271,0.000170012315526271,0.000170012315526271,0.000170012315526271,0.000170012315526271,0.000170012315526271,0.000128545897105229,0.000128545897105229,8.70794786841876e-05,4.56130602631459e-05,4.56130602631459e-05,8.70794786841876e-05,8.70794786841876e-05,4.14664184210417e-06,4.14664184210417e-06,4.14664184210417e-06,8.70794786841876e-05,4.14664184210417e-06,4.14664184210417e-06,4.14664184210417e-06,4.14664184210417e-06,4.56130602631459e-05,4.14664184210417e-06,4.14664184210417e-06,4.14664184210417e-06,4.14664184210417e-06,4.14664184210417e-06,4.14664184210417e-06,4.14664184210417e-06,4.14664184210417e-06,4.14664184210417e-06,4.14664184210417e-06,4.14664184210417e-06,4.14664184210417e-06,4.14664184210417e-06,4.14664184210417e-06,4.14664184210417e-06,4.14664184210417e-06,4.14664184210417e-06,4.14664184210417e-06,4.14664184210417e-06,4.14664184210417e-06,4.14664184210417e-06,4.14664184210417e-06,4.14664184210417e-06,4.14664184210417e-06,4.14664184210417e-06,4.14664184210417e-06,4.14664184210417e-06,4.14664184210417e-06,4.14664184210417e-06,4.14664184210417e-06,4.14664184210417e-06,4.14664184210417e-06,4.14664184210417e-06,4.14664184210417e-06,4.14664184210417e-06,4.14664184210417e-06,4.14664184210417e-06,4.14664184210417e-06,4.14664184210417e-06,4.14664184210417e-06,4.14664184210417e-06,4.14664184210417e-06,4.14664184210417e-06,4.14664184210417e-06,4.14664184210417e-06,4.14664184210417e-06,4.14664184210417e-06,4.14664184210417e-06,4.14664184210417e-06,4.14664184210417e-06,4.14664184210417e-06,4.14664184210417e-06,4.14664184210417e-06,4.14664184210417e-06
0.000128545897105229,0.000128545897105229,0.000128545897105229,0.000128545897105229,0.000128545897105229,0.000128545897105229,0.000128545897105229,0.000128545897105229,0.000128545897105229,0.000128545897105229,0.000128545897105229,0.000128545897105229,0.000128545897105229,0.000128545897105229,0.000128545897105229,0.000128545897105229,0.000128545897105229,0.000128545897105229,0.000170012315526271,0.000170012315526271,0.000128545897105229,0.000128545897105229,0.000128545897105229,0.000128545897105229,0.000128545897105229,0.000128545897105229,8.70794786841876e-05,4.56130602631459e-05,4.56130602631459e-05,4.56130602631459e-05,8.70794786841876e-05,8.70794786841876e-05,8.70794786841876e-05,8.70794786841876e-05,4.56130602631459e-05,4.14664184210417e-06,4.14664184210417e-06,8.70794786841876e-05,8.70794786841876e-05,4.14664184210417e-06,4.14664184210417e-06,4.56130602631459e-05,4.14664184210417e-06,4.14664184210417e-06,4.14664184210417e-06,4.14664184210417e-06,4.56130602631459e-05,4.56130602631459e-05,4.56130602631459e-05,4.14664184210417e-06,4.14664184210417e-06,4.14664184210417e-06,4.56130602631459e-05,4.14664184210417e-06,4.14664184210417e-06,4.14664184210417e-06,4.14664184210417e-06,4.14664184210417e-06,4.14664184210417e-06,4.14664184210417e-06,4.14664184210417e-06,4.14664184210417e-06,4.14664184210417e-06,4.14664184210417e-06,4.14664184210417e-06,4.14664184210417e-06,4.14664184210417e-06,4.14664184210417e-06,4.14664184210417e-06,4.14664184210417e-06,4.14664184210417e-06,4.14664184210417e-06,4.14664184210417e-06,4.14664184210417e-06,4.14664184210417e-06,4.14664184210417e-06,4.14664184210417e-06,4.14664184210417e-06,4.14664184210417e-06,4.14664184210417e-06,4.14664184210417e-06,4.14664184210417e-06,4.14664184210417e-06,4.14664184210417e-06,4.14664184210417e-06,4.14664184210417e-06,4.14664184210417e-06,4.14664184210417e-06,4.14664184210417e-06,4.14664184210417e-06,4.14664184210417e-06,4.14664184210417e-06,4.14664184210417e-06,4.14664184210417e-06,4.14664184210417e-06,4.14664184210417e-06,4.14664184210417e-06,4.14664184210417e-06,4.14664184210417e-06,4.14664184210417e-06
0.000211478733947313,0.000211478733947313,0.000211478733947313,0.000211478733947313,0.000211478733947313,0.000211478733947313,0.000211478733947313,0.000211478733947313,0.000211478733947313,0.000211478733947313,0.000211478733947313,0.000211478733947313,0.000211478733947313,0.000211478733947313,0.000211478733947313,0.000170012315526271,0.000170012315526271,0.000170012315526271,0.000170012315526271,0.000170012315526271,0.000170012315526271,0.000170012315526271,0.000170012315526271,0.000170012315526271,0.000170012315526271,0.000170012315526271,0.000170012315526271,0.000170012315526271,0.000170012315526271,0.000170012315526271,0.000128545897105229,8.70794786841876e-05,8.70794786841876e-05,0.000128545897105229,0.000211478733947313,0.000170012315526271,0.000128545897105229,8.70794786841876e-05,4.56130602631459e-05,0.000128545897105229,8.70794786841876e-05,8.70794786841876e-05,4.56130602631459e-05,4.14664184210417e-06,4.14664184210417e-06,4.14664184210417e-06,4.56130602631459e-05,4.14664184210417e-06,4.56130602631459e-05,8.70794786841876e-05,4.56130602631459e-05,4.14664184210417e-06,4.14664184210417e-06,4.14664184210417e-06,4.14664184210417e-06,4.14664184210417e-06,4.14664184210417e-06,4.14664184210417e-06,4.14664184210417e-06,4.14664184210417e-06,4.14664184210417e-06,4.14664184210417e-06,4.14664184210417e-06,4.14664184210417e-06,4.14664184210417e-06,4.14664184210417e-06,4.14664184210417e-06,4.14664184210417e-06,4.14664184210417e-06,4.14664184210417e-06,4.14664184210417e-06,4.14664184210417e-06,4.14664184210417e-06,4.14664184210417e-06,4.14664184210417e-06,4.14664184210417e-06,4.14664184210417e-06,4.14664184210417e-06,4.14664184210417e-06,4.14664184210417e-06,4.14664184210417e-06,4.14664184210417e-06,4.14664184210417e-06,4.14664184210417e-06,4.14664184210417e-06,4.14664184210417e-06,4.14664184210417e-06,4.14664184210417e-06,4.14664184210417e-06,4.14664184210417e-06,4.14664184210417e-06,4.14664184210417e-06,4.14664184210417e-06,4.14664184210417e-06,4.14664184210417e-06,4.14664184210417e-06,4.14664184210417e-06,4.14664184210417e-06,4.14664184210417e-06,4.14664184210417e-06
4.56130602631459e-05,4.56130602631459e-05,4.56130602631459e-05,4.56130602631459e-05,4.56130602631459e-05,4.56130602631459e-05,4.56130602631459e-05,4.56130602631459e-05,4.56130602631459e-05,4.56130602631459e-05,4.56130602631459e-05,4.56130602631459e-05,4.56130602631459e-05,4.56130602631459e-05,4.56130602631459e-05,8.70794786841876e-05,8.70794786841876e-05,8.70794786841876e-05,8.70794786841876e-05,8.70794786841876e-05,0.000128545897105229,8.70794786841876e-05,8.70794786841876e-05,8.70794786841876e-05,8.70794786841876e-05,8.70794786841876e-05,0.000128545897105229,0.000170012315526271,0.000170012315526271,0.000170012315526271,8.70794786841876e-05,0.000128545897105229,0.000170012315526271,8.70794786841876e-05,0.000128545897105229,0.000170012315526271,0.000211478733947313,0.000211478733947313,0.000211478733947313,4.56130602631459e-05,4.56130602631459e-05,4.14664184210417e-06,4.56130602631459e-05,4.14664184210417e-06,4.14664184210417e-06,4.14664184210417e-06,4.14664184210417e-06,4.56130602631459e-05,4.14664184210417e-06,4.14664184210417e-06,4.14664184210417e-06,4.14664184210417e-06,4.14664184210417e-06,4.14664184210417e-06,4.14664184210417e-06,4.14664184210417e-06,4.14664184210417e-06,4.14664184210417e-06,4.14664184210417e-06,4.14664184210417e-06,4.14664184210417e-06,4.14664184210417e-06,4.14664184210417e-06,4.14664184210417e-06,4.14664184210417e-06,4.14664184210417e-06,4.14664184210417e-06,4.14664184210417e-06,4.14664184210417e-06,4.14664184210417e-06,4.14664184210417e-06,4.14664184210417e-06,4.14664184210417e-06,4.14664184210417e-06,4.14664184210417e-06,4.14664184210417e-06,4.14664184210417e-06,4.14664184210417e-06,4.14664184210417e-06,4.14664184210417e-06,4.14664184210417e-06,4.14664184210417e-06,4.14664184210417e-06,4.14664184210417e-06,4.14664184210417e-06,4.14664184210417e-06,4.14664184210417e-06,4.14664184210417e-06,4.14664184210417e-06,4.14664184210417e-06,4.14664184210417e-06,4.14664184210417e-06,4.14664184210417e-06,4.14664184210417e-06,4.14664184210417e-06,4.14664184210417e-06,4.14664184210417e-06,4.14664184210417e-06,4.14664184210417e-06,4.14664184210417e-06
8.70794786841876e-05,8.70794786841876e-05,8.70794786841876e-05,8.70794786841876e-05,8.70794786841876e-05,8.70794786841876e-05,8.70794786841876e-05,8.70794786841876e-05,8.70794786841876e-05,8.70794786841876e-05,8.70794786841876e-05,8.70794786841876e-05,8.70794786841876e-05,8.70794786841876e-05,8.70794786841876e-05,8.70794786841876e-05,8.70794786841876e-05,8.70794786841876e-05,8.70794786841876e-05,8.70794786841876e-05,8.70794786841876e-05,8.70794786841876e-05,8.70794786841876e-05,8.70794786841876e-05,8.70794786841876e-05,8.70794786841876e-05,4.56130602631459e-05,4.56130602631459e-05,4.56130602631459e-05,4.56130602631459e-05,0.000128545897105229,8.70794786841876e-05,4.56130602631459e-05,8.70794786841876e-05,4.56130602631459e-05,8.70794786841876e-05,8.70794786841876e-05,8.70794786841876e-05,0.000128545897105229,0.000170012315526271,4.56130602631459e-05,0.000128545897105229,8.70794786841876e-05,8.70794786841876e-05,4.56130602631459e-05,4.14664184210417e-06,4.14664184210417e-06,4.14664184210417e-06,4.14664184210417e-06,4.56130602631459e-05,4.56130602631459e-05,4.14664184210417e-06,4.14664184210417e-06,4.14664184210417e-06,4.14664184210417e-06,4.14664184210417e-06,4.14664184210417e-06,4.14664184210417e-06,4.14664184210417e-06,4.14664184210417e-06,4.14664184210417e-06,4.14664184210417e-06,4.14664184210417e-06,4.14664184210417e-06,4.14664184210417e-06,4.14664184210417e-06,4.14664184210417e-06,4.14664184210417e-06,4.14664184210417e-06,4.14664184210417e-06,4.14664184210417e-06,4.14664184210417e-06,4.14664184210417e-06,4.14664184210417e-06,4.14664184210417e-06,4.14664184210417e-06,4.14664184210417e-06,4.14664184210417e-06,4.14664184210417e-06,4.14664184210417e-06,4.14664184210417e-06,4.14664184210417e-06,4.14664184210417e-06,4.14664184210417e-06,4.14664184210417e-06,4.14664184210417e-06,4.14664184210417e-06,4.14664184210417e-06,4.14664184210417e-06,4.14664184210417e-06,4.14664184210417e-06,4.14664184210417e-06,4.14664184210417e-06,4.14664184210417e-06,4.14664184210417e-06,4.14664184210417e-06,4.14664184210417e-06,4.14664184210417e-06,4.14664184210417e-06,4.14664184210417e-06
0.000252945152368354,0.000252945152368354,0.000252945152368354,0.000252945152368354,0.000252945152368354,0.000252945152368354,0.000252945152368354,0.000252945152368354,0.000252945152368354,0.000252945152368354,0.000252945152368354,0.000252945152368354,0.000252945152368354,0.000252945152368354,0.000252945152368354,0.000252945152368354,0.000252945152368354,0.000252945152368354,0.000252945152368354,0.000252945152368354,0.000170012315526271,0.000211478733947313,0.000170012315526271,0.000170012315526271,0.000170012315526271,0.000170012315526271,0.000211478733947313,0.000211478733947313,0.000211478733947313,0.000170012315526271,0.000211478733947313,0.000211478733947313,0.000128545897105229,0.000128545897105229,8.70794786841876e-05,4.56130602631459e-05,4.56130602631459e-05,4.56130602631459e-05,8.70794786841876e-05,0.000170012315526271,0.000128545897105229,8.70794786841876e-05,4.56130602631459e-05,4.56130602631459e-05,4.14664184210417e-06,4.56130602631459e-05,4.14664184210417e-06,4.14664184210417e-06,4.14664184210417e-06,4.14664184210417e-06,4.14664184210417e-06,4.14664184210417e-06,4.14664184210417e-06,4.56130602631459e-05,4.14664184210417e-06,4.14664184210417e-06,4.14664184210417e-06,4.14664184210417e-06,4.14664184210417e-06,4.14664184210417e-06,4.14664184210417e-06,4.14664184210417e-06,4.14664184210417e-06,4.14664184210417e-06,4.14664184210417e-06,4.14664184210417e-06,4.14664184210417e-06,4.14664184210417e-06,4.14664184210417e-06,4.14664184210417e-06,4.14664184210417e-06,4.14664184210417e-06,4.14664184210417e-06,4.14664184210417e-06,4.14664184210417e-06,4.14664184210417e-06,4.14664184210417e-06,4.14664184210417e-06,4.14664184210417e-06,4.14664184210417e-06,4.14664184210417e-06,4.14664184210417e-06,4.14664184210417e-06,4.14664184210417e-06,4.14664184210417e-06,4.14664184210417e-06,4.14664184210417e-06,4.14664184210417e-06,4.14664184210417e-06,4.14664184210417e-06,4.14664184210417e-06,4.14664184210417e-06,4.14664184210417e-06,4.14664184210417e-06,4.14664184210417e-06,4.14664184210417e-06,4.14664184210417e-06,4.14664184210417e-06,4.14664184210417e-06,4.14664184210417e-06
0.000211478733947313,0.000211478733947313,0.000211478733947313,0.000211478733947313,0.000211478733947313,0.000211478733947313,0.000211478733947313,0.000211478733947313,0.000211478733947313,0.000211478733947313,0.000211478733947313,0.000211478733947313,0.000211478733947313,0.000211478733947313,0.000170012315526271,0.000170012315526271,0.000170012315526271,0.000170012315526271,0.000170012315526271,0.000170012315526271,0.000211478733947313,0.000211478733947313,0.000252945152368354,0.000252945152368354,0.000252945152368354,0.000252945152368354,0.000211478733947313,0.000170012315526271,0.000170012315526271,0.000128545897105229,8.70794786841876e-05,0.000128545897105229,0.000211478733947313,0.000128545897105229,0.000128545897105229,0.000128545897105229,4.14664184210417e-06,4.14664184210417e-06,4.14664184210417e-06,4.56130602631459e-05,0.000211478733947313,4.14664184210417e-06,8.70794786841876e-05,0.000128545897105229,4.56130602631459e-05,4.56130602631459e-05,4.14664184210417e-06,4.14664184210417e-06,4.14664184210417e-06,4.14664184210417e-06,4.14664184210417e-06,4.56130602631459e-05,4.14664184210417e-06,4.14664184210417e-06,4.14664184210417e-06,4.14664184210417e-06,4.14664184210417e-06,4.14664184210417e-06,4.14664184210417e-06,4.14664184210417e-06,4.14664184210417e-06,4.14664184210417e-06,4.14664184210417e-06,4.14664184210417e-06,4.14664184210417e-06,4.14664184210417e-06,4.14664184210417e-06,4.14664184210417e-06,4.14664184210417e-06,4.14664184210417e-06,4.14664184210417e-06,4.14664184210417e-06,4.14664184210417e-06,4.14664184210417e-06,4.14664184210417e-06,4.14664184210417e-06,4.14664184210417e-06,4.14664184210417e-06,4.14664184210417e-06,4.14664184210417e-06,4.14664184210417e-06,4.14664184210417e-06,4.14664184210417e-06,4.14664184210417e-06,4.14664184210417e-06,4.14664184210417e-06,4.14664184210417e-06,4.14664184210417e-06,4.14664184210417e-06,4.14664184210417e-06,4.14664184210417e-06,4.14664184210417e-06,4.14664184210417e-06,4.14664184210417e-06,4.14664184210417e-06,4.14664184210417e-06,4.14664184210417e-06,4.14664184210417e-06,4.14664184210417e-06,4.14664184210417e-06
0.000418810826052521,0.000418810826052521,0.000418810826052521,0.000418810826052521,0.000418810826052521,0.000418810826052521,0.000418810826052521,0.000418810826052521,0.000418810826052521,0.000418810826052521,0.000418810826052521,0.000418810826052521,0.000418810826052521,0.000418810826052521,0.000460277244473563,0.000460277244473563,0.000418810826052521,0.000418810826052521,0.000418810826052521,0.00037734440763148,0.000418810826052521,0.00037734440763148,0.000335877989210438,0.000335877989210438,0.000294411570789396,0.000294411570789396,0.000335877989210438,0.000294411570789396,0.000294411570789396,0.00037734440763148,0.00037734440763148,0.000335877989210438,0.00037734440763148,0.000501743662894605,0.000335877989210438,0.000211478733947313,0.000211478733947313,0.000128545897105229,4.14664184210417e-06,4.14664184210417e-06,4.56130602631459e-05,0.000128545897105229,8.70794786841876e-05,4.14664184210417e-06,8.70794786841876e-05,8.70794786841876e-05,8.70794786841876e-05,4.14664184210417e-06,4.56130602631459e-05,4.14664184210417e-06,4.14664184210417e-06,4.14664184210417e-06,4.14664184210417e-06,4.14664184210417e-06,4.14664184210417e-06,4.14664184210417e-06,4.14664184210417e-06,4.14664184210417e-06,4.14664184210417e-06,4.14664184210417e-06,4.14664184210417e-06,4.14664184210417e-06,4.14664184210417e-06,4.14664184210417e-06,4.14664184210417e-06,4.14664184210417e-06,4.14664184210417e-06,4.14664184210417e-06,4.14664184210417e-06,4.14664184210417e-06,4.14664184210417e-06,4.14664184210417e-06,4.14664184210417e-06,4.14664184210417e-06,4.14664184210417e-06,4.14664184210417e-06,4.14664184210417e-06,4.14664184210417e-06,4.14664184210417e-06,4.14664184210417e-06,4.14664184210417e-06,4.14664184210417e-06,4.14664184210417e-06,4.14664184210417e-06,4.14664184210417e-06,4.14664184210417e-06,4.14664184210417e-06,4.14664184210417e-06,4.14664184210417e-06,4.14664184210417e-06,4.14664184210417e-06,4.14664184210417e-06,4.14664184210417e-06,4.14664184210417e-06,4.14664184210417e-06,4.14664184210417e-06,4.14664184210417e-06,4.14664184210417e-06,4.14664184210417e-06,4.14664184210417e-06
8.70794786841876e-05,8.70794786841876e-05,8.70794786841876e-05,8.70794786841876e-05,8.70794786841876e-05,8.70794786841876e-05,8.70794786841876e-05,8.70794786841876e-05,4.56130602631459e-05,4.56130602631459e-05,4.56130602631459e-05,4.56130602631459e-05,4.56130602631459e-05,4.56130602631459e-05,4.56130602631459e-05,4.56130602631459e-05,8.70794786841876e-05,8.70794786841876e-05,8.70794786841876e-05,0.000128545897105229,0.000128545897105229,0.000170012315526271,0.000170012315526271,0.000170012315526271,0.000128545897105229,8.70794786841876e-05,8.70794786841876e-05,0.000128545897105229,8.70794786841876e-05,8.70794786841876e-05,8.70794786841876e-05,0.000128545897105229,4.56130602631459e-05,4.14664184210417e-06,0.000252945152368354,0.000294411570789396,0.000294411570789396,0.000252945152368354,0.000252945152368354,8.70794786841876e-05,4.56130602631459e-05,0.000128545897105229,4.56130602631459e-05,8.70794786841876e-05,8.70794786841876e-05,4.14664184210417e-06,4.56130602631459e-05,8.70794786841876e-05,4.56130602631459e-05,4.14664184210417e-06,4.56130602631459e-05,4.14664184210417e-06,4.14664184210417e-06,4.14664184210417e-06,4.14664184210417e-06,4.14664184210417e-06,4.14664184210417e-06,4.14664184210417e-06,4.14664184210417e-06,4.14664184210417e-06,4.14664184210417e-06,4.14664184210417e-06,4.14664184210417e-06,4.14664184210417e-06,4.14664184210417e-06,4.14664184210417e-06,4.14664184210417e-06,4.14664184210417e-06,4.14664184210417e-06,4.14664184210417e-06,4.14664184210417e-06,4.14664184210417e-06,4.14664184210417e-06,4.14664184210417e-06,4.14664184210417e-06,4.14664184210417e-06,4.14664184210417e-06,4.14664184210417e-06,4.14664184210417e-06,4.14664184210417e-06,4.14664184210417e-06,4.14664184210417e-06,4.14664184210417e-06,4.14664184210417e-06,4.14664184210417e-06,4.14664184210417e-06,4.14664184210417e-06,4.14664184210417e-06,4.14664184210417e-06,4.14664184210417e-06,4.14664184210417e-06,4.14664184210417e-06,4.14664184210417e-06,4.14664184210417e-06,4.14664184210417e-06,4.14664184210417e-06,4.14664184210417e-06,4.14664184210417e-06,4.14664184210417e-06,4.14664184210417e-06
8.70794786841876e-05,8.70794786841876e-05,8.70794786841876e-05,8.70794786841876e-05,8.70794786841876e-05,8.70794786841876e-05,8.70794786841876e-05,8.70794786841876e-05,0.000128545897105229,0.000128545897105229,0.000128545897105229,0.000128545897105229,0.000128545897105229,0.000128545897105229,0.000128545897105229,0.000128545897105229,0.000128545897105229,0.000128545897105229,0.000128545897105229,0.000128545897105229,0.000128545897105229,0.000128545897105229,0.000170012315526271,0.000128545897105229,0.000211478733947313,0.000211478733947313,0.000211478733947313,0.000252945152368354,0.000294411570789396,0.000294411570789396,0.000294411570789396,0.000294411570789396,0.000294411570789396,0.000252945152368354,0.000211478733947313,0.000335877989210438,0.00037734440763148,0.000294411570789396,0.000252945152368354,8.70794786841876e-05,8.70794786841876e-05,0.000128545897105229,4.56130602631459e-05,8.70794786841876e-05,0.000128545897105229,4.14664184210417e-06,4.14664184210417e-06,4.14664184210417e-06,4.56130602631459e-05,4.14664184210417e-06,4.14664184210417e-06,4.56130602631459e-05,4.14664184210417e-06,4.14664184210417e-06,4.14664184210417e-06,4.14664184210417e-06,4.14664184210417e-06,4.14664184210417e-06,4.14664184210417e-06,4.14664184210417e-06,4.14664184210417e-06,4.14664184210417e-06,4.14664184210417e-06,4.14664184210417e-06,4.14664184210417e-06,4.14664184210417e-06,4.14664184210417e-06,4.14664184210417e-06,4.14664184210417e-06,4.14664184210417e-06,4.14664184210417e-06,4.14664184210417e-06,4.14664184210417e-06,4.14664184210417e-06,4.14664184210417e-06,4.14664184210417e-06,4.14664184210417e-06,4.14664184210417e-06,4.14664184210417e-06,4.14664184210417e-06,4.14664184210417e-06,4.14664184210417e-06,4.14664184210417e-06,4.14664184210417e-06,4.14664184210417e-06,4.14664184210417e-06,4.14664184210417e-06,4.14664184210417e-06,4.14664184210417e-06,4.14664184210417e-06,4.14664184210417e-06,4.14664184210417e-06,4.14664184210417e-06,4.14664184210417e-06,4.14664184210417e-06,4.14664184210417e-06,4.14664184210417e-06,4.14664184210417e-06,4.14664184210417e-06,4.14664184210417e-06
0.000211478733947313,0.000211478733947313,0.000211478733947313,0.000211478733947313,0.000211478733947313,0.000211478733947313,0.000211478733947313,0.000211478733947313,0.000211478733947313,0.000211478733947313,0.000211478733947313,0.000211478733947313,0.000211478733947313,0.000211478733947313,0.000211478733947313,0.000211478733947313,0.000211478733947313,0.000211478733947313,0.000211478733947313,0.000211478733947313,0.000128545897105229,0.000128545897105229,0.000128545897105229,0.000170012315526271,0.000128545897105229,0.000128545897105229,0.000128545897105229,0.000128545897105229,0.000128545897105229,8.70794786841876e-05,0.000128545897105229,8.70794786841876e-05,0.000170012315526271,0.000211478733947313,0.000211478733947313,0.000128545897105229,0.000128545897105229,0.000294411570789396,0.000211478733947313,0.000335877989210438,8.70794786841876e-05,8.70794786841876e-05,0.000170012315526271,0.000128545897105229,8.70794786841876e-05,0.000211478733947313,4.56130602631459e-05,4.56130602631459e-05,4.14664184210417e-06,4.56130602631459e-05,4.14664184210417e-06,4.56130602631459e-05,4.14664184210417e-06,4.14664184210417e-06,4.56130602631459e-05,4.14664184210417e-06,4.14664184210417e-06,4.14664184210417e-06,4.14664184210417e-06,4.14664184210417e-06,4.14664184210417e-06,4.14664184210417e-06,4.14664184210417e-06,4.14664184210417e-06,4.14664184210417e-06,4.14664184210417e-06,4.14664184210417e-06,4.14664184210417e-06,4.14664184210417e-06,4.14664184210417e-06,4.14664184210417e-06,4.14664184210417e-06,4.14664184210417e-06,4.14664184210417e-06,4.14664184210417e-06,4.14664184210417e-06,4.14664184210417e-06,4.14664184210417e-06,4.14664184210417e-06,4.14664184210417e-06,4.14664184210417e-06,4.14664184210417e-06,4.14664184210417e-06,4.14664184210417e-06,4.14664184210417e-06,4.14664184210417e-06,4.14664184210417e-06,4.14664184210417e-06,4.14664184210417e-06,4.14664184210417e-06,4.14664184210417e-06,4.14664184210417e-06,4.14664184210417e-06,4.14664184210417e-06,4.14664184210417e-06,4.14664184210417e-06,4.14664184210417e-06,4.14664184210417e-06,4.14664184210417e-06,4.14664184210417e-06
0.000170012315526271,0.000170012315526271,0.000170012315526271,0.000170012315526271,0.000170012315526271,0.000170012315526271,0.000170012315526271,0.000170012315526271,0.000170012315526271,0.000170012315526271,0.000170012315526271,0.000128545897105229,0.000128545897105229,8.70794786841876e-05,8.70794786841876e-05,8.70794786841876e-05,8.70794786841876e-05,8.70794786841876e-05,8.70794786841876e-05,8.70794786841876e-05,0.000170012315526271,0.000170012315526271,0.000170012315526271,0.000128545897105229,0.000170012315526271,0.000211478733947313,0.000211478733947313,0.000211478733947313,0.000170012315526271,0.000211478733947313,0.000170012315526271,0.000211478733947313,0.000128545897105229,4.56130602631459e-05,8.70794786841876e-05,0.000170012315526271,0.000252945152368354,0.000252945152368354,0.00037734440763148,0.000418810826052521,0.000335877989210438,0.000211478733947313,0.000211478733947313,0.000128545897105229,8.70794786841876e-05,8.70794786841876e-05,4.56130602631459e-05,4.14664184210417e-06,4.14664184210417e-06,4.14664184210417e-06,4.56130602631459e-05,4.14664184210417e-06,4.56130602631459e-05,4.14664184210417e-06,4.14664184210417e-06,4.14664184210417e-06,4.14664184210417e-06,4.14664184210417e-06,4.14664184210417e-06,4.14664184210417e-06,4.14664184210417e-06,4.14664184210417e-06,4.14664184210417e-06,4.14664184210417e-06,4.14664184210417e-06,4.14664184210417e-06,4.14664184210417e-06,4.14664184210417e-06,4.14664184210417e-06,4.14664184210417e-06,4.14664184210417e-06,4.14664184210417e-06,4.14664184210417e-06,4.14664184210417e-06,4.14664184210417e-06,4.14664184210417e-06,4.14664184210417e-06,4.14664184210417e-06,4.14664184210417e-06,4.14664184210417e-06,4.14664184210417e-06,4.14664184210417e-06,4.14664184210417e-06,4.14664184210417e-06,4.14664184210417e-06,4.14664184210417e-06,4.14664184210417e-06,4.14664184210417e-06,4.14664184210417e-06,4.14664184210417e-06,4.14664184210417e-06,4.14664184210417e-06,4.14664184210417e-06,4.14664184210417e-06,4.14664184210417e-06,4.14664184210417e-06,4.14664184210417e-06,4.14664184210417e-06,4.14664184210417e-06,4.14664184210417e-06
0.000252945152368354,0.000252945152368354,0.000252945152368354,0.000252945152368354,0.000252945152368354,0.000211478733947313,0.000211478733947313,0.000211478733947313,0.000211478733947313,0.000211478733947313,0.000211478733947313,0.000211478733947313,0.000211478733947313,0.000252945152368354,0.000252945152368354,0.000252945152368354,0.000211478733947313,0.000211478733947313,0.000170012315526271,0.000170012315526271,0.000170012315526271,0.000170012315526271,0.000128545897105229,0.000170012315526271,0.000170012315526271,0.000170012315526271,0.000170012315526271,0.000170012315526271,0.000211478733947313,0.000170012315526271,0.000170012315526271,0.000128545897105229,0.000170012315526271,0.000294411570789396,0.000211478733947313,0.000128545897105229,8.70794786841876e-05,0.000128545897105229,4.56130602631459e-05,0.000128545897105229,0.000335877989210438,0.000294411570789396,0.000294411570789396,0.000294411570789396,8.70794786841876e-05,4.56130602631459e-05,0.000128545897105229,4.56130602631459e-05,4.56130602631459e-05,8.70794786841876e-05,4.14664184210417e-06,4.14664184210417e-06,4.56130602631459e-05,4.14664184210417e-06,4.14664184210417e-06,4.14664184210417e-06,4.14664184210417e-06,4.14664184210417e-06,4.14664184210417e-06,4.14664184210417e-06,4.14664184210417e-06,4.14664184210417e-06,4.14664184210417e-06,4.14664184210417e-06,4.14664184210417e-06,4.14664184210417e-06,4.14664184210417e-06,4.14664184210417e-06,4.14664184210417e-06,4.14664184210417e-06,4.14664184210417e-06,4.14664184210417e-06,4.14664184210417e-06,4.14664184210417e-06,4.14664184210417e-06,4.14664184210417e-06,4.14664184210417e-06,4.14664184210417e-06,4.14664184210417e-06,4.14664184210417e-06,4.14664184210417e-06,4.14664184210417e-06,4.14664184210417e-06,4.14664184210417e-06,4.14664184210417e-06,4.14664184210417e-06,4.14664184210417e-06,4.14664184210417e-06,4.14664184210417e-06,4.14664184210417e-06,4.14664184210417e-06,4.14664184210417e-06,4.14664184210417e-06,4.14664184210417e-06,4.14664184210417e-06,4.14664184210417e-06,4.14664184210417e-06,4.14664184210417e-06,4.14664184210417e-06,4.14664184210417e-06
0.000335877989210438,0.000335877989210438,0.000335877989210438,0.000335877989210438,0.000335877989210438,0.00037734440763148,0.00037734440763148,0.00037734440763148,0.000335877989210438,0.000335877989210438,0.000335877989210438,0.00037734440763148,0.00037734440763148,0.00037734440763148,0.000335877989210438,0.000294411570789396,0.000335877989210438,0.000294411570789396,0.000335877989210438,0.000335877989210438,0.000335877989210438,0.000335877989210438,0.00037734440763148,0.000335877989210438,0.000252945152368354,0.000252945152368354,0.000252945152368354,0.000252945152368354,0.000252945152368354,0.000252945152368354,0.000294411570789396,0.000294411570789396,0.000170012315526271,0.000128545897105229,0.000170012315526271,0.000170012315526271,0.000128545897105229,4.56130602631459e-05,0.000211478733947313,8.70794786841876e-05,0.000170012315526271,0.000211478733947313,0.000170012315526271,0.000170012315526271,0.000335877989210438,0.000211478733947313,0.000252945152368354,8.70794786841876e-05,4.56130602631459e-05,4.14664184210417e-06,4.14664184210417e-06,4.56130602631459e-05,4.56130602631459e-05,4.14664184210417e-06,4.14664184210417e-06,4.14664184210417e-06,4.14664184210417e-06,4.14664184210417e-06,4.14664184210417e-06,4.14664184210417e-06,4.14664184210417e-06,4.14664184210417e-06,4.14664184210417e-06,4.14664184210417e-06,4.14664184210417e-06,4.14664184210417e-06,4.14664184210417e-06,4.14664184210417e-06,4.14664184210417e-06,4.14664184210417e-06,4.14664184210417e-06,4.14664184210417e-06,4.14664184210417e-06,4.14664184210417e-06,4.14664184210417e-06,4.14664184210417e-06,4.14664184210417e-06,4.14664184210417e-06,4.14664184210417e-06,4.14664184210417e-06,4.14664184210417e-06,4.14664184210417e-06,4.14664184210417e-06,4.14664184210417e-06,4.14664184210417e-06,4.14664184210417e-06,4.14664184210417e-06,4.14664184210417e-06,4.14664184210417e-06,4.14664184210417e-06,4.14664184210417e-06,4.14664184210417e-06,4.14664184210417e-06,4.14664184210417e-06,4.14664184210417e-06,4.14664184210417e-06,4.14664184210417e-06,4.14664184210417e-06,4.14664184210417e-06,4.14664184210417e-06
0.000501743662894605,0.000501743662894605,0.000501743662894605,0.000501743662894605,0.000501743662894605,0.000501743662894605,0.000501743662894605,0.000501743662894605,0.000501743662894605,0.000501743662894605,0.000501743662894605,0.000501743662894605,0.000501743662894605,0.000460277244473563,0.000501743662894605,0.000543210081315647,0.000543210081315647,0.000584676499736688,0.000584676499736688,0.000584676499736688,0.000584676499736688,0.000584676499736688,0.000584676499736688,0.000543210081315647,0.000584676499736688,0.000584676499736688,0.000501743662894605,0.000460277244473563,0.00037734440763148,0.000252945152368354,0.000128545897105229,0.000170012315526271,0.000294411570789396,0.000335877989210438,0.000294411570789396,0.000252945152368354,0.000128545897105229,0.000211478733947313,0.000170012315526271,0.000211478733947313,0.000170012315526271,0.000211478733947313,0.000170012315526271,0.000128545897105229,0.000252945152368354,0.000128545897105229,8.70794786841876e-05,0.000211478733947313,8.70794786841876e-05,4.56130602631459e-05,4.14664184210417e-06,4.14664184210417e-06,4.14664184210417e-06,8.70794786841876e-05,4.14664184210417e-06,4.14664184210417e-06,4.14664184210417e-06,4.14664184210417e-06,4.14664184210417e-06,4.14664184210417e-06,4.14664184210417e-06,4.14664184210417e-06,4.14664184210417e-06,4.14664184210417e-06,4.14664184210417e-06,4.14664184210417e-06,4.14664184210417e-06,4.14664184210417e-06,4.14664184210417e-06,4.14664184210417e-06,4.14664184210417e-06,4.14664184210417e-06,4.14664184210417e-06,4.14664184210417e-06,4.14664184210417e-06,4.14664184210417e-06,4.14664184210417e-06,4.14664184210417e-06,4.14664184210417e-06,4.14664184210417e-06,4.14664184210417e-06,4.14664184210417e-06,4.14664184210417e-06,4.14664184210417e-06,4.14664184210417e-06,4.14664184210417e-06,4.14664184210417e-06,4.14664184210417e-06,4.14664184210417e-06,4.14664184210417e-06,4.14664184210417e-06,4.14664184210417e-06,4.14664184210417e-06,4.14664184210417e-06,4.14664184210417e-06,4.14664184210417e-06,4.14664184210417e-06,4.14664184210417e-06,4.14664184210417e-06,4.14664184210417e-06
0.000211478733947313,0.000211478733947313,0.000211478733947313,0.000211478733947313,0.000211478733947313,0.000211478733947313,0.000211478733947313,0.000211478733947313,0.000252945152368354,0.000252945152368354,0.000252945152368354,0.000252945152368354,0.000252945152368354,0.000294411570789396,0.000294411570789396,0.000294411570789396,0.000294411570789396,0.000294411570789396,0.000294411570789396,0.000294411570789396,0.000294411570789396,0.000294411570789396,0.000252945152368354,0.000335877989210438,0.00037734440763148,0.000294411570789396,0.00037734440763148,0.000418810826052521,0.000418810826052521,0.000584676499736688,0.000584676499736688,0.000460277244473563,0.000418810826052521,0.000335877989210438,0.000294411570789396,0.00037734440763148,0.000418810826052521,0.000211478733947313,0.000170012315526271,0.000252945152368354,0.000211478733947313,0.000294411570789396,0.000335877989210438,0.000211478733947313,0.000128545897105229,0.000170012315526271,0.000128545897105229,0.000128545897105229,0.000170012315526271,0.000170012315526271,4.56130602631459e-05,4.14664184210417e-06,4.14664184210417e-06,4.56130602631459e-05,4.14664184210417e-06,4.14664184210417e-06,4.14664184210417e-06,4.14664184210417e-06,4.14664184210417e-06,4.14664184210417e-06,4.14664184210417e-06,4.14664184210417e-06,4.14664184210417e-06,4.14664184210417e-06,4.14664184210417e-06,4.14664184210417e-06,4.14664184210417e-06,4.14664184210417e-06,4.14664184210417e-06,4.14664184210417e-06,4.14664184210417e-06,4.14664184210417e-06,4.14664184210417e-06,4.14664184210417e-06,4.14664184210417e-06,4.14664184210417e-06,4.14664184210417e-06,4.14664184210417e-06,4.14664184210417e-06,4.14664184210417e-06,4.14664184210417e-06,4.14664184210417e-06,4.14664184210417e-06,4.14664184210417e-06,4.14664184210417e-06,4.14664184210417e-06,4.14664184210417e-06,4.14664184210417e-06,4.14664184210417e-06,4.14664184210417e-06,4.14664184210417e-06,4.14664184210417e-06,4.14664184210417e-06,4.14664184210417e-06,4.14664184210417e-06,4.14664184210417e-06,4.14664184210417e-06,4.14664184210417e-06,4.14664184210417e-06,4.14664184210417e-06
0.000667609336578772,0.000667609336578772,0.000667609336578772,0.000667609336578772,0.000667609336578772,0.000667609336578772,0.000667609336578772,0.000667609336578772,0.000667609336578772,0.000667609336578772,0.000667609336578772,0.000667609336578772,0.000667609336578772,0.000667609336578772,0.000667609336578772,0.000667609336578772,0.000667609336578772,0.000667609336578772,0.000584676499736688,0.000584676499736688,0.000584676499736688,0.000501743662894605,0.000501743662894605,0.000418810826052521,0.00037734440763148,0.000460277244473563,0.000460277244473563,0.00037734440763148,0.00037734440763148,0.000335877989210438,0.000418810826052521,0.000460277244473563,0.000501743662894605,0.000501743662894605,0.000460277244473563,0.000335877989210438,0.00037734440763148,0.00037734440763148,0.000418810826052521,0.000211478733947313,0.000294411570789396,0.000294411570789396,0.000294411570789396,0.000501743662894605,0.00037734440763148,0.000252945152368354,0.000170012315526271,0.000128545897105229,8.70794786841876e-05,4.14664184210417e-06,8.70794786841876e-05,4.56130602631459e-05,4.14664184210417e-06,4.14664184210417e-06,4.56130602631459e-05,4.14664184210417e-06,4.14664184210417e-06,4.14664184210417e-06,4.14664184210417e-06,4.14664184210417e-06,4.14664184210417e-06,4.14664184210417e-06,4.14664184210417e-06,4.14664184210417e-06,4.14664184210417e-06,4.14664184210417e-06,4.14664184210417e-06,4.14664184210417e-06,4.14664184210417e-06,4.14664184210417e-06,4.14664184210417e-06,4.14664184210417e-06,4.14664184210417e-06,4.14664184210417e-06,4.14664184210417e-06,4.14664184210417e-06,4.14664184210417e-06,4.14664184210417e-06,4.14664184210417e-06,4.14664184210417e-06,4.14664184210417e-06,4.14664184210417e-06,4.14664184210417e-06,4.14664184210417e-06,4.14664184210417e-06,4.14664184210417e-06,4.14664184210417e-06,4.14664184210417e-06,4.14664184210417e-06,4.14664184210417e-06,4.14664184210417e-06,4.14664184210417e-06,4.14664184210417e-06,4.14664184210417e-06,4.14664184210417e-06,4.14664184210417e-06,4.14664184210417e-06,4.14664184210417e-06,4.14664184210417e-06,4.14664184210417e-06
0.000916407847105022,0.000916407847105022,0.000916407847105022,0.00087494142868398,0.00087494142868398,0.00087494142868398,0.00087494142868398,0.00087494142868398,0.00087494142868398,0.00087494142868398,0.000833475010262939,0.000750542173420855,0.000750542173420855,0.000750542173420855,0.000750542173420855,0.000750542173420855,0.000750542173420855,0.000750542173420855,0.000792008591841897,0.000750542173420855,0.000750542173420855,0.000750542173420855,0.000750542173420855,0.000750542173420855,0.000750542173420855,0.000709075754999813,0.000667609336578772,0.000750542173420855,0.000750542173420855,0.000709075754999813,0.000667609336578772,0.00062614291815773,0.000543210081315647,0.000501743662894605,0.000543210081315647,0.000584676499736688,0.000460277244473563,0.000543210081315647,0.000460277244473563,0.000460277244473563,0.000335877989210438,0.000252945152368354,0.000252945152368354,0.000211478733947313,8.70794786841876e-05,0.000211478733947313,0.000170012315526271,0.000170012315526271,0.000128545897105229,8.70794786841876e-05,0.000128545897105229,4.14664184210417e-06,4.56130602631459e-05,4.14664184210417e-06,4.56130602631459e-05,8.70794786841876e-05,4.14664184210417e-06,4.14664184210417e-06,4.14664184210417e-06,4.14664184210417e-06,4.14664184210417e-06,4.14664184210417e-06,4.14664184210417e-06,4.14664184210417e-06,4.14664184210417e-06,4.14664184210417e-06,4.14664184210417e-06,4.14664184210417e-06,4.14664184210417e-06,4.14664184210417e-06,4.14664184210417e-06,4.14664184210417e-06,4.14664184210417e-06,4.14664184210417e-06,4.14664184210417e-06,4.14664184210417e-06,4.14664184210417e-06,4.14664184210417e-06,4.14664184210417e-06,4.14664184210417e-06,4.14664184210417e-06,4.14664184210417e-06,4.14664184210417e-06,4.14664184210417e-06,4.14664184210417e-06,4.14664184210417e-06,4.14664184210417e-06,4.14664184210417e-06,4.14664184210417e-06,4.14664184210417e-06,4.14664184210417e-06,4.14664184210417e-06,4.14664184210417e-06,4.14664184210417e-06,4.14664184210417e-06,4.14664184210417e-06,4.14664184210417e-06,4.14664184210417e-06,4.14664184210417e-06,4.14664184210417e-06
0.00062614291815773,0.00062614291815773,0.00062614291815773,0.000667609336578772,0.000667609336578772,0.000667609336578772,0.000667609336578772,0.000667609336578772,0.000667609336578772,0.00062614291815773,0.000667609336578772,0.000750542173420855,0.000750542173420855,0.000750542173420855,0.000667609336578772,0.000667609336578772,0.00062614291815773,0.00062614291815773,0.000667609336578772,0.000667609336578772,0.00062614291815773,0.00062614291815773,0.00062614291815773,0.000709075754999813,0.000709075754999813,0.000667609336578772,0.000584676499736688,0.000584676499736688,0.000584676499736688,0.000667609336578772,0.000709075754999813,0.000750542173420855,0.000750542173420855,0.000792008591841897,0.000709075754999813,0.000667609336578772,0.000792008591841897,0.000709075754999813,0.00062614291815773,0.00062614291815773,0.000543210081315647,0.00037734440763148,0.000460277244473563,0.000294411570789396,0.000418810826052521,0.000335877989210438,0.000170012315526271,0.000170012315526271,0.000128545897105229,0.000211478733947313,0.000211478733947313,4.56130602631459e-05,4.14664184210417e-06,4.56130602631459e-05,4.14664184210417e-06,4.56130602631459e-05,4.14664184210417e-06,4.14664184210417e-06,4.14664184210417e-06,4.14664184210417e-06,4.14664184210417e-06,4.14664184210417e-06,4.14664184210417e-06,4.14664184210417e-06,4.14664184210417e-06,4.14664184210417e-06,4.14664184210417e-06,4.14664184210417e-06,4.14664184210417e-06,4.14664184210417e-06,4.14664184210417e-06,4.14664184210417e-06,4.14664184210417e-06,4.14664184210417e-06,4.14664184210417e-06,4.14664184210417e-06,4.14664184210417e-06,4.14664184210417e-06,4.14664184210417e-06,4.14664184210417e-06,4.14664184210417e-06,4.14664184210417e-06,4.14664184210417e-06,4.14664184210417e-06,4.14664184210417e-06,4.14664184210417e-06,4.14664184210417e-06,4.14664184210417e-06,4.14664184210417e-06,4.14664184210417e-06,4.14664184210417e-06,4.14664184210417e-06,4.14664184210417e-06,4.14664184210417e-06,4.14664184210417e-06,4.14664184210417e-06,4.14664184210417e-06,4.14664184210417e-06,4.14664184210417e-06,4.14664184210417e-06
0.000584676499736688,0.000584676499736688,0.000584676499736688,0.000584676499736688,0.000584676499736688,0.000584676499736688,0.000584676499736688,0.000584676499736688,0.000584676499736688,0.00062614291815773,0.000584676499736688,0.000584676499736688,0.000584676499736688,0.000584676499736688,0.00062614291815773,0.000584676499736688,0.00062614291815773,0.000584676499736688,0.000584676499736688,0.00062614291815773,0.000584676499736688,0.00062614291815773,0.000667609336578772,0.000667609336578772,0.000709075754999813,0.000792008591841897,0.000833475010262939,0.000833475010262939,0.00087494142868398,0.000584676499736688,0.000543210081315647,0.000584676499736688,0.000667609336578772,0.000667609336578772,0.000667609336578772,0.000543210081315647,0.000543210081315647,0.00062614291815773,0.000543210081315647,0.000501743662894605,0.000750542173420855,0.00062614291815773,0.000335877989210438,0.000335877989210438,0.00037734440763148,0.00037734440763148,0.00037734440763148,0.000294411570789396,0.000211478733947313,0.000128545897105229,4.14664184210417e-06,4.56130602631459e-05,4.56130602631459e-05,4.14664184210417e-06,4.14664184210417e-06,4.14664184210417e-06,4.14664184210417e-06,4.14664184210417e-06,4.14664184210417e-06,4.14664184210417e-06,4.14664184210417e-06,4.14664184210417e-06,4.14664184210417e-06,4.14664184210417e-06,4.14664184210417e-06,4.14664184210417e-06,4.14664184210417e-06,4.14664184210417e-06,4.14664184210417e-06,4.14664184210417e-06,4.14664184210417e-06,4.14664184210417e-06,4.14664184210417e-06,4.14664184210417e-06,4.14664184210417e-06,4.14664184210417e-06,4.14664184210417e-06,4.14664184210417e-06,4.14664184210417e-06,4.14664184210417e-06,4.14664184210417e-06,4.14664184210417e-06,4.14664184210417e-06,4.14664184210417e-06,4.14664184210417e-06,4.14664184210417e-06,4.14664184210417e-06,4.14664184210417e-06,4.14664184210417e-06,4.14664184210417e-06,4.14664184210417e-06,4.14664184210417e-06,4.14664184210417e-06,4.14664184210417e-06,4.14664184210417e-06,4.14664184210417e-06,4.14664184210417e-06,4.14664184210417e-06,4.14664184210417e-06,4.14664184210417e-06
0.000957874265526064,0.000957874265526064,0.000957874265526064,0.000916407847105022,0.000916407847105022,0.000916407847105022,0.000916407847105022,0.000916407847105022,0.000916407847105022,0.00087494142868398,0.000916407847105022,0.00087494142868398,0.00087494142868398,0.000833475010262939,0.00087494142868398,0.00087494142868398,0.000833475010262939,0.00087494142868398,0.000792008591841897,0.000792008591841897,0.000833475010262939,0.00087494142868398,0.000833475010262939,0.000709075754999813,0.000667609336578772,0.00062614291815773,0.00062614291815773,0.00062614291815773,0.000667609336578772,0.000916407847105022,0.000916407847105022,0.000667609336578772,0.000335877989210438,0.00037734440763148,0.000501743662894605,0.000667609336578772,0.000667609336578772,0.000584676499736688,0.00062614291815773,0.000667609336578772,0.00037734440763148,0.000543210081315647,0.000460277244473563,0.000294411570789396,0.000211478733947313,0.000335877989210438,0.000252945152368354,0.000252945152368354,0.000170012315526271,0.000211478733947313,0.000128545897105229,0.000252945152368354,4.56130602631459e-05,4.56130602631459e-05,4.14664184210417e-06,4.14664184210417e-06,8.70794786841876e-05,4.14664184210417e-06,4.14664184210417e-06,4.14664184210417e-06,4.14664184210417e-06,4.14664184210417e-06,4.14664184210417e-06,4.14664184210417e-06,4.14664184210417e-06,4.14664184210417e-06,4.14664184210417e-06,4.14664184210417e-06,4.14664184210417e-06,4.14664184210417e-06,4.14664184210417e-06,4.14664184210417e-06,4.14664184210417e-06,4.14664184210417e-06,4.14664184210417e-06,4.14664184210417e-06,4.14664184210417e-06,4.14664184210417e-06,4.14664184210417e-06,4.14664184210417e-06,4.14664184210417e-06,4.14664184210417e-06,4.14664184210417e-06,4.14664184210417e-06,4.14664184210417e-06,4.14664184210417e-06,4.14664184210417e-06,4.14664184210417e-06,4.14664184210417e-06,4.14664184210417e-06,4.14664184210417e-06,4.14664184210417e-06,4.14664184210417e-06,4.14664184210417e-06,4.14664184210417e-06,4.14664184210417e-06,4.14664184210417e-06,4.14664184210417e-06,4.14664184210417e-06,4.14664184210417e-06
0.00120667277605231,0.00120667277605231,0.00120667277605231,0.00120667277605231,0.00120667277605231,0.00112373993921023,0.00112373993921023,0.00112373993921023,0.00112373993921023,0.00116520635763127,0.00116520635763127,0.00120667277605231,0.00120667277605231,0.00124813919447336,0.00116520635763127,0.00116520635763127,0.00120667277605231,0.00120667277605231,0.00124813919447336,0.00124813919447336,0.00124813919447336,0.00124813919447336,0.0012896056128944,0.00137253844973648,0.00137253844973648,0.0012896056128944,0.00124813919447336,0.00124813919447336,0.00112373993921023,0.00104080710236815,0.000999340683947105,0.00120667277605231,0.00149693770499961,0.00137253844973648,0.00120667277605231,0.00087494142868398,0.000709075754999813,0.000916407847105022,0.000833475010262939,0.000543210081315647,0.000543210081315647,0.000460277244473563,0.000584676499736688,0.000667609336578772,0.000418810826052521,0.000335877989210438,0.00037734440763148,0.000335877989210438,0.000335877989210438,0.000211478733947313,8.70794786841876e-05,8.70794786841876e-05,0.000128545897105229,4.56130602631459e-05,0.000128545897105229,4.14664184210417e-06,4.56130602631459e-05,8.70794786841876e-05,4.14664184210417e-06,4.14664184210417e-06,4.14664184210417e-06,4.14664184210417e-06,4.14664184210417e-06,4.14664184210417e-06,4.14664184210417e-06,4.14664184210417e-06,4.14664184210417e-06,4.14664184210417e-06,4.14664184210417e-06,4.14664184210417e-06,4.14664184210417e-06,4.14664184210417e-06,4.14664184210417e-06,4.14664184210417e-06,4.14664184210417e-06,4.14664184210417e-06,4.14664184210417e-06,4.14664184210417e-06,4.14664184210417e-06,4.14664184210417e-06,4.14664184210417e-06,4.14664184210417e-06,4.14664184210417e-06,4.14664184210417e-06,4.14664184210417e-06,4.14664184210417e-06,4.14664184210417e-06,4.14664184210417e-06,4.14664184210417e-06,4.14664184210417e-06,4.14664184210417e-06,4.14664184210417e-06,4.14664184210417e-06,4.14664184210417e-06,4.14664184210417e-06,4.14664184210417e-06,4.14664184210417e-06,4.14664184210417e-06,4.14664184210417e-06,4.14664184210417e-06
0.00153840412342065,0.00153840412342065,0.00153840412342065,0.00153840412342065,0.00153840412342065,0.00162133696026273,0.00162133696026273,0.00162133696026273,0.00162133696026273,0.00162133696026273,0.00162133696026273,0.00153840412342065,0.00153840412342065,0.00153840412342065,0.00162133696026273,0.00166280337868377,0.00162133696026273,0.00157987054184169,0.00153840412342065,0.00153840412342065,0.00157987054184169,0.00149693770499961,0.00149693770499961,0.00149693770499961,0.00149693770499961,0.00153840412342065,0.00153840412342065,0.00149693770499961,0.00149693770499961,0.00141400486815752,0.00137253844973648,0.00112373993921023,0.00104080710236815,0.000957874265526064,0.00104080710236815,0.00112373993921023,0.00104080710236815,0.000750542173420855,0.00087494142868398,0.000999340683947105,0.000750542173420855,0.000750542173420855,0.000543210081315647,0.000501743662894605,0.000501743662894605,0.000418810826052521,0.000501743662894605,0.000294411570789396,0.000211478733947313,0.000211478733947313,0.000294411570789396,0.000294411570789396,0.000170012315526271,8.70794786841876e-05,4.56130602631459e-05,4.56130602631459e-05,4.14664184210417e-06,4.14664184210417e-06,4.14664184210417e-06,4.14664184210417e-06,4.14664184210417e-06,4.14664184210417e-06,4.14664184210417e-06,4.14664184210417e-06,4.14664184210417e-06,4.14664184210417e-06,4.14664184210417e-06,4.14664184210417e-06,4.14664184210417e-06,4.14664184210417e-06,4.14664184210417e-06,4.14664184210417e-06,4.14664184210417e-06,4.14664184210417e-06,4.14664184210417e-06,4.14664184210417e-06,4.14664184210417e-06,4.14664184210417e-06,4.14664184210417e-06,4.14664184210417e-06,4.14664184210417e-06,4.14664184210417e-06,4.14664184210417e-06,4.14664184210417e-06,4.14664184210417e-06,4.14664184210417e-06,4.14664184210417e-06,4.14664184210417e-06,4.14664184210417e-06,4.14664184210417e-06,4.14664184210417e-06,4.14664184210417e-06,4.14664184210417e-06,4.14664184210417e-06,4.14664184210417e-06,4.14664184210417e-06,4.14664184210417e-06,4.14664184210417e-06,4.14664184210417e-06,4.14664184210417e-06
0.0012896056128944,0.0012896056128944,0.0012896056128944,0.00133107203131544,0.00133107203131544,0.00133107203131544,0.00133107203131544,0.00133107203131544,0.00133107203131544,0.00133107203131544,0.00133107203131544,0.00141400486815752,0.00141400486815752,0.00137253844973648,0.00137253844973648,0.00137253844973648,0.00137253844973648,0.00141400486815752,0.00149693770499961,0.00141400486815752,0.00141400486815752,0.00149693770499961,0.00145547128657856,0.00133107203131544,0.00137253844973648,0.00137253844973648,0.00137253844973648,0.00137253844973648,0.00141400486815752,0.00149693770499961,0.00157987054184169,0.00166280337868377,0.00170426979710481,0.00182866905236794,0.00187013547078898,0.00174573621552586,0.00141400486815752,0.00116520635763127,0.000792008591841897,0.00104080710236815,0.00108227352078919,0.000833475010262939,0.000916407847105022,0.000667609336578772,0.000460277244473563,0.000543210081315647,0.000667609336578772,0.000709075754999813,0.000418810826052521,0.000211478733947313,0.000294411570789396,8.70794786841876e-05,0.000335877989210438,8.70794786841876e-05,4.56130602631459e-05,4.56130602631459e-05,4.14664184210417e-06,4.14664184210417e-06,4.14664184210417e-06,4.14664184210417e-06,4.14664184210417e-06,4.14664184210417e-06,4.14664184210417e-06,4.14664184210417e-06,4.14664184210417e-06,4.14664184210417e-06,4.14664184210417e-06,4.14664184210417e-06,4.14664184210417e-06,4.14664184210417e-06,4.14664184210417e-06,4.14664184210417e-06,4.14664184210417e-06,4.14664184210417e-06,4.14664184210417e-06,4.14664184210417e-06,4.14664184210417e-06,4.14664184210417e-06,4.14664184210417e-06,4.14664184210417e-06,4.14664184210417e-06,4.14664184210417e-06,4.14664184210417e-06,4.14664184210417e-06,4.14664184210417e-06,4.14664184210417e-06,4.14664184210417e-06,4.14664184210417e-06,4.14664184210417e-06,4.14664184210417e-06,4.14664184210417e-06,4.14664184210417e-06,4.14664184210417e-06,4.14664184210417e-06,4.14664184210417e-06,4.14664184210417e-06,4.14664184210417e-06,4.14664184210417e-06,4.14664184210417e-06,4.14664184210417e-06
0.00174573621552586,0.00174573621552586,0.00174573621552586,0.00174573621552586,0.00174573621552586,0.00170426979710481,0.00170426979710481,0.00166280337868377,0.00166280337868377,0.00166280337868377,0.00166280337868377,0.00166280337868377,0.00166280337868377,0.00170426979710481,0.00170426979710481,0.00170426979710481,0.00170426979710481,0.00166280337868377,0.00157987054184169,0.00162133696026273,0.00162133696026273,0.00162133696026273,0.00153840412342065,0.00162133696026273,0.00149693770499961,0.00149693770499961,0.00145547128657856,0.00133107203131544,0.00133107203131544,0.00137253844973648,0.00141400486815752,0.00137253844973648,0.00141400486815752,0.00133107203131544,0.00137253844973648,0.00141400486815752,0.00162133696026273,0.00174573621552586,0.00153840412342065,0.00120667277605231,0.00112373993921023,0.00112373993921023,0.000792008591841897,0.000750542173420855,0.000833475010262939,0.000501743662894605,0.000460277244473563,0.000418810826052521,0.00062614291815773,0.00037734440763148,0.000294411570789396,0.000294411570789396,4.56130602631459e-05,0.000170012315526271,4.56130602631459e-05,4.14664184210417e-06,4.56130602631459e-05,4.56130602631459e-05,4.56130602631459e-05,4.14664184210417e-06,4.14664184210417e-06,4.14664184210417e-06,4.14664184210417e-06,4.14664184210417e-06,4.14664184210417e-06,4.14664184210417e-06,4.14664184210417e-06,4.14664184210417e-06,4.14664184210417e-06,4.14664184210417e-06,4.14664184210417e-06,4.14664184210417e-06,4.14664184210417e-06,4.14664184210417e-06,4.14664184210417e-06,4.14664184210417e-06,4.14664184210417e-06,4.14664184210417e-06,4.14664184210417e-06,4.14664184210417e-06,4.14664184210417e-06,4.14664184210417e-06,4.14664184210417e-06,4.14664184210417e-06,4.14664184210417e-06,4.14664184210417e-06,4.14664184210417e-06,4.14664184210417e-06,4.14664184210417e-06,4.14664184210417e-06,4.14664184210417e-06,4.14664184210417e-06,4.14664184210417e-06,4.14664184210417e-06,4.14664184210417e-06,4.14664184210417e-06,4.14664184210417e-06,4.14664184210417e-06,4.14664184210417e-06,4.14664184210417e-06
0.00187013547078898,0.00187013547078898,0.00187013547078898,0.00187013547078898,0.00187013547078898,0.00191160188921002,0.00191160188921002,0.00195306830763107,0.00195306830763107,0.00195306830763107,0.00195306830763107,0.00195306830763107,0.00195306830763107,0.00195306830763107,0.00195306830763107,0.00191160188921002,0.00195306830763107,0.00191160188921002,0.00195306830763107,0.00191160188921002,0.00187013547078898,0.0017872026339469,0.00182866905236794,0.0017872026339469,0.00187013547078898,0.00191160188921002,0.00195306830763107,0.00195306830763107,0.00174573621552586,0.00170426979710481,0.00166280337868377,0.00182866905236794,0.00153840412342065,0.00149693770499961,0.00141400486815752,0.00145547128657856,0.00162133696026273,0.00166280337868377,0.00191160188921002,0.00162133696026273,0.00166280337868377,0.00133107203131544,0.00124813919447336,0.00108227352078919,0.000916407847105022,0.00087494142868398,0.000460277244473563,0.000460277244473563,0.000709075754999813,0.000584676499736688,0.000460277244473563,0.000252945152368354,0.000128545897105229,0.000294411570789396,0.000170012315526271,4.56130602631459e-05,4.56130602631459e-05,4.14664184210417e-06,4.56130602631459e-05,4.14664184210417e-06,4.14664184210417e-06,4.14664184210417e-06,4.14664184210417e-06,4.14664184210417e-06,4.14664184210417e-06,4.14664184210417e-06,4.14664184210417e-06,4.14664184210417e-06,4.14664184210417e-06,4.14664184210417e-06,4.14664184210417e-06,4.14664184210417e-06,4.14664184210417e-06,4.14664184210417e-06,4.14664184210417e-06,4.14664184210417e-06,4.14664184210417e-06,4.14664184210417e-06,4.14664184210417e-06,4.14664184210417e-06,4.14664184210417e-06,4.14664184210417e-06,4.14664184210417e-06,4.14664184210417e-06,4.14664184210417e-06,4.14664184210417e-06,4.14664184210417e-06,4.14664184210417e-06,4.14664184210417e-06,4.14664184210417e-06,4.14664184210417e-06,4.14664184210417e-06,4.14664184210417e-06,4.14664184210417e-06,4.14664184210417e-06,4.14664184210417e-06,4.14664184210417e-06,4.14664184210417e-06,4.14664184210417e-06,4.14664184210417e-06
0.00261653100236773,0.00261653100236773,0.00261653100236773,0.00261653100236773,0.00261653100236773,0.00257506458394669,0.00257506458394669,0.00257506458394669,0.00257506458394669,0.00253359816552565,0.00253359816552565,0.00253359816552565,0.00249213174710461,0.00249213174710461,0.00245066532868357,0.00249213174710461,0.00245066532868357,0.00245066532868357,0.00245066532868357,0.00249213174710461,0.00253359816552565,0.00253359816552565,0.00261653100236773,0.00265799742078877,0.00265799742078877,0.00257506458394669,0.00249213174710461,0.00253359816552565,0.00274093025763086,0.00257506458394669,0.00236773249184148,0.0022847996549994,0.00236773249184148,0.00224333323657836,0.00199453472605211,0.00207746756289419,0.00187013547078898,0.0017872026339469,0.00157987054184169,0.00170426979710481,0.00157987054184169,0.00162133696026273,0.0012896056128944,0.00108227352078919,0.00108227352078919,0.000999340683947105,0.000792008591841897,0.00062614291815773,0.000335877989210438,0.000543210081315647,0.000501743662894605,0.000294411570789396,0.000460277244473563,4.56130602631459e-05,0.000294411570789396,8.70794786841876e-05,4.14664184210417e-06,4.14664184210417e-06,4.56130602631459e-05,4.14664184210417e-06,4.14664184210417e-06,4.14664184210417e-06,4.14664184210417e-06,4.14664184210417e-06,4.14664184210417e-06,4.14664184210417e-06,4.14664184210417e-06,4.14664184210417e-06,4.14664184210417e-06,4.14664184210417e-06,4.14664184210417e-06,4.14664184210417e-06,4.14664184210417e-06,4.14664184210417e-06,4.14664184210417e-06,4.14664184210417e-06,4.14664184210417e-06,4.14664184210417e-06,4.14664184210417e-06,4.14664184210417e-06,4.14664184210417e-06,4.14664184210417e-06,4.14664184210417e-06,4.14664184210417e-06,4.14664184210417e-06,4.14664184210417e-06,4.14664184210417e-06,4.14664184210417e-06,4.14664184210417e-06,4.14664184210417e-06,4.14664184210417e-06,4.14664184210417e-06,4.14664184210417e-06,4.14664184210417e-06,4.14664184210417e-06,4.14664184210417e-06,4.14664184210417e-06,4.14664184210417e-06,4.14664184210417e-06,4.14664184210417e-06
0.00157987054184169,0.00157987054184169,0.00157987054184169,0.00157987054184169,0.00157987054184169,0.00162133696026273,0.00162133696026273,0.00162133696026273,0.00157987054184169,0.00162133696026273,0.00162133696026273,0.00162133696026273,0.00166280337868377,0.00166280337868377,0.00170426979710481,0.00170426979710481,0.00174573621552586,0.00182866905236794,0.00182866905236794,0.00187013547078898,0.00174573621552586,0.00174573621552586,0.00166280337868377,0.00170426979710481,0.00170426979710481,0.00174573621552586,0.00191160188921002,0.00195306830763107,0.00187013547078898,0.00195306830763107,0.00191160188921002,0.0017872026339469,0.00195306830763107,0.00207746756289419,0.00199453472605211,0.00203600114447315,0.00199453472605211,0.00199453472605211,0.00211893398131523,0.00220186681815732,0.00211893398131523,0.00207746756289419,0.00232626607342044,0.00199453472605211,0.00153840412342065,0.000957874265526064,0.00124813919447336,0.00108227352078919,0.000584676499736688,0.000584676499736688,0.000501743662894605,0.00062614291815773,0.000211478733947313,0.00037734440763148,0.000128545897105229,0.000252945152368354,4.14664184210417e-06,4.56130602631459e-05,4.14664184210417e-06,4.56130602631459e-05,4.14664184210417e-06,4.14664184210417e-06,4.14664184210417e-06,4.14664184210417e-06,4.14664184210417e-06,4.14664184210417e-06,4.14664184210417e-06,4.14664184210417e-06,4.14664184210417e-06,4.14664184210417e-06,4.14664184210417e-06,4.14664184210417e-06,4.14664184210417e-06,4.14664184210417e-06,4.14664184210417e-06,4.14664184210417e-06,4.14664184210417e-06,4.14664184210417e-06,4.14664184210417e-06,4.14664184210417e-06,4.14664184210417e-06,4.14664184210417e-06,4.14664184210417e-06,4.14664184210417e-06,4.14664184210417e-06,4.14664184210417e-06,4.14664184210417e-06,4.14664184210417e-06,4.14664184210417e-06,4.14664184210417e-06,4.14664184210417e-06,4.14664184210417e-06,4.14664184210417e-06,4.14664184210417e-06,4.14664184210417e-06,4.14664184210417e-06,4.14664184210417e-06,4.14664184210417e-06,4.14664184210417e-06,4.14664184210417e-06
0.00236773249184148,0.00236773249184148,0.00236773249184148,0.00236773249184148,0.00236773249184148,0.00236773249184148,0.00236773249184148,0.00236773249184148,0.00240919891026252,0.00236773249184148,0.00236773249184148,0.00232626607342044,0.00232626607342044,0.00232626607342044,0.0022847996549994,0.0022847996549994,0.00220186681815732,0.00220186681815732,0.00224333323657836,0.00224333323657836,0.00224333323657836,0.0022847996549994,0.0022847996549994,0.0022847996549994,0.00220186681815732,0.00220186681815732,0.00216040039973627,0.00211893398131523,0.00216040039973627,0.00224333323657836,0.00224333323657836,0.00240919891026252,0.00220186681815732,0.00207746756289419,0.00249213174710461,0.00224333323657836,0.00199453472605211,0.00207746756289419,0.00195306830763107,0.00191160188921002,0.00199453472605211,0.00232626607342044,0.00224333323657836,0.00232626607342044,0.00182866905236794,0.00157987054184169,0.00104080710236815,0.000957874265526064,0.00116520635763127,0.000833475010262939,0.000584676499736688,0.000501743662894605,0.000294411570789396,0.000170012315526271,0.000211478733947313,0.000211478733947313,0.000170012315526271,4.14664184210417e-06,4.14664184210417e-06,4.56130602631459e-05,4.14664184210417e-06,4.14664184210417e-06,4.14664184210417e-06,4.14664184210417e-06,4.14664184210417e-06,4.14664184210417e-06,4.14664184210417e-06,4.14664184210417e-06,4.14664184210417e-06,4.14664184210417e-06,4.14664184210417e-06,4.14664184210417e-06,4.14664184210417e-06,4.14664184210417e-06,4.14664184210417e-06,4.14664184210417e-06,4.14664184210417e-06,4.14664184210417e-06,4.14664184210417e-06,4.14664184210417e-06,4.14664184210417e-06,4.14664184210417e-06,4.14664184210417e-06,4.14664184210417e-06,4.14664184210417e-06,4.14664184210417e-06,4.14664184210417e-06,4.14664184210417e-06,4.14664184210417e-06,4.14664184210417e-06,4.14664184210417e-06,4.14664184210417e-06,4.14664184210417e-06,4.14664184210417e-06,4.14664184210417e-06,4.14664184210417e-06,4.14664184210417e-06,4.14664184210417e-06,4.14664184210417e-06,4.14664184210417e-06
0.00319706086026232,0.00319706086026232,0.00319706086026232,0.00319706086026232,0.00319706086026232,0.00319706086026232,0.00319706086026232,0.00319706086026232,0.00315559444184127,0.00319706086026232,0.00315559444184127,0.00319706086026232,0.00319706086026232,0.00319706086026232,0.00319706086026232,0.00311412802342023,0.00319706086026232,0.00315559444184127,0.00315559444184127,0.00303119518657815,0.00303119518657815,0.00298972876815711,0.00290679593131502,0.0027823966760519,0.00274093025763086,0.00282386309447294,0.00286532951289398,0.00290679593131502,0.0027823966760519,0.00253359816552565,0.00261653100236773,0.00240919891026252,0.00249213174710461,0.00269946383920982,0.00236773249184148,0.00240919891026252,0.00261653100236773,0.00245066532868357,0.00232626607342044,0.00195306830763107,0.00195306830763107,0.0017872026339469,0.00203600114447315,0.00207746756289419,0.00203600114447315,0.00216040039973627,0.0012896056128944,0.00153840412342065,0.00108227352078919,0.00104080710236815,0.000667609336578772,0.000667609336578772,0.000584676499736688,0.000501743662894605,0.000211478733947313,0.000252945152368354,0.000170012315526271,8.70794786841876e-05,4.14664184210417e-06,4.56130602631459e-05,4.56130602631459e-05,4.14664184210417e-06,4.14664184210417e-06,4.14664184210417e-06,4.14664184210417e-06,4.14664184210417e-06,4.14664184210417e-06,4.14664184210417e-06,4.14664184210417e-06,4.14664184210417e-06,4.14664184210417e-06,4.14664184210417e-06,4.14664184210417e-06,4.14664184210417e-06,4.14664184210417e-06,4.14664184210417e-06,4.14664184210417e-06,4.14664184210417e-06,4.14664184210417e-06,4.14664184210417e-06,4.14664184210417e-06,4.14664184210417e-06,4.14664184210417e-06,4.14664184210417e-06,4.14664184210417e-06,4.14664184210417e-06,4.14664184210417e-06,4.14664184210417e-06,4.14664184210417e-06,4.14664184210417e-06,4.14664184210417e-06,4.14664184210417e-06,4.14664184210417e-06,4.14664184210417e-06,4.14664184210417e-06,4.14664184210417e-06,4.14664184210417e-06,4.14664184210417e-06,4.14664184210417e-06,4.14664184210417e-06
0.00390198997342003,0.00386052355499898,0.00386052355499898,0.00386052355499898,0.00386052355499898,0.00386052355499898,0.00386052355499898,0.00386052355499898,0.00381905713657794,0.00381905713657794,0.00386052355499898,0.00381905713657794,0.0037775907181569,0.0037775907181569,0.0037775907181569,0.00386052355499898,0.00386052355499898,0.00373612429973586,0.00361172504447273,0.00373612429973586,0.00381905713657794,0.00386052355499898,0.00390198997342003,0.00394345639184107,0.00398492281026211,0.00386052355499898,0.00381905713657794,0.0037775907181569,0.00361172504447273,0.00373612429973586,0.0037775907181569,0.00352879220763065,0.00336292653394648,0.00315559444184127,0.00290679593131502,0.00294826234973607,0.00315559444184127,0.00294826234973607,0.00282386309447294,0.00315559444184127,0.00294826234973607,0.00265799742078877,0.00240919891026252,0.00290679593131502,0.00294826234973607,0.00236773249184148,0.00249213174710461,0.00141400486815752,0.00137253844973648,0.000957874265526064,0.000916407847105022,0.00087494142868398,0.00104080710236815,0.000584676499736688,0.00037734440763148,0.000252945152368354,0.000294411570789396,4.14664184210417e-06,4.56130602631459e-05,4.14664184210417e-06,4.56130602631459e-05,4.56130602631459e-05,4.14664184210417e-06,4.14664184210417e-06,4.14664184210417e-06,4.14664184210417e-06,4.14664184210417e-06,4.14664184210417e-06,4.14664184210417e-06,4.14664184210417e-06,4.14664184210417e-06,4.14664184210417e-06,4.14664184210417e-06,4.14664184210417e-06,4.14664184210417e-06,4.14664184210417e-06,4.14664184210417e-06,4.14664184210417e-06,4.14664184210417e-06,4.14664184210417e-06,4.14664184210417e-06,4.14664184210417e-06,4.14664184210417e-06,4.14664184210417e-06,4.14664184210417e-06,4.14664184210417e-06,4.14664184210417e-06,4.14664184210417e-06,4.14664184210417e-06,4.14664184210417e-06,4.14664184210417e-06,4.14664184210417e-06,4.14664184210417e-06,4.14664184210417e-06,4.14664184210417e-06,4.14664184210417e-06,4.14664184210417e-06,4.14664184210417e-06,4.14664184210417e-06,4.14664184210417e-06
0.00390198997342003,0.00394345639184107,0.00394345639184107,0.00390198997342003,0.00390198997342003,0.00390198997342003,0.00390198997342003,0.00386052355499898,0.00390198997342003,0.00386052355499898,0.00386052355499898,0.00390198997342003,0.00390198997342003,0.00390198997342003,0.00394345639184107,0.00390198997342003,0.00386052355499898,0.00390198997342003,0.00398492281026211,0.00390198997342003,0.00386052355499898,0.00381905713657794,0.00381905713657794,0.00381905713657794,0.00390198997342003,0.0037775907181569,0.00373612429973586,0.00357025862605169,0.00357025862605169,0.00344585937078857,0.00336292653394648,0.00365319146289378,0.00357025862605169,0.00348732578920961,0.00369465788131482,0.00323852727868336,0.00311412802342023,0.00307266160499919,0.00319706086026232,0.00323852727868336,0.00340439295236752,0.00298972876815711,0.00224333323657836,0.00203600114447315,0.00274093025763086,0.00311412802342023,0.00274093025763086,0.0022847996549994,0.00187013547078898,0.00153840412342065,0.00133107203131544,0.000501743662894605,0.000584676499736688,0.000792008591841897,0.00062614291815773,0.000211478733947313,0.000252945152368354,0.00037734440763148,4.56130602631459e-05,4.14664184210417e-06,4.56130602631459e-05,4.56130602631459e-05,4.14664184210417e-06,4.14664184210417e-06,4.14664184210417e-06,4.14664184210417e-06,4.14664184210417e-06,4.14664184210417e-06,4.14664184210417e-06,4.14664184210417e-06,4.14664184210417e-06,4.14664184210417e-06,4.14664184210417e-06,4.14664184210417e-06,4.14664184210417e-06,4.14664184210417e-06,4.14664184210417e-06,4.14664184210417e-06,4.14664184210417e-06,4.14664184210417e-06,4.14664184210417e-06,4.14664184210417e-06,4.14664184210417e-06,4.14664184210417e-06,4.14664184210417e-06,4.14664184210417e-06,4.14664184210417e-06,4.14664184210417e-06,4.14664184210417e-06,4.14664184210417e-06,4.14664184210417e-06,4.14664184210417e-06,4.14664184210417e-06,4.14664184210417e-06,4.14664184210417e-06,4.14664184210417e-06,4.14664184210417e-06,4.14664184210417e-06,4.14664184210417e-06,4.14664184210417e-06
0.00394345639184107,0.00394345639184107,0.00394345639184107,0.00394345639184107,0.00394345639184107,0.00394345639184107,0.00394345639184107,0.00398492281026211,0.00398492281026211,0.00402638922868315,0.00402638922868315,0.00402638922868315,0.00402638922868315,0.00398492281026211,0.00394345639184107,0.00394345639184107,0.00390198997342003,0.00398492281026211,0.00390198997342003,0.00394345639184107,0.00398492281026211,0.00394345639184107,0.00398492281026211,0.00398492281026211,0.00386052355499898,0.00398492281026211,0.00394345639184107,0.00394345639184107,0.00406785564710419,0.00390198997342003,0.00390198997342003,0.00398492281026211,0.00415078848394628,0.0042751877392094,0.0037775907181569,0.00398492281026211,0.00369465788131482,0.00386052355499898,0.00402638922868315,0.00386052355499898,0.00344585937078857,0.00394345639184107,0.00419225490236732,0.00357025862605169,0.00290679593131502,0.00290679593131502,0.00257506458394669,0.00265799742078877,0.00236773249184148,0.00211893398131523,0.00149693770499961,0.00157987054184169,0.000792008591841897,0.000501743662894605,0.000543210081315647,0.000501743662894605,0.000294411570789396,4.56130602631459e-05,0.000211478733947313,8.70794786841876e-05,4.14664184210417e-06,4.14664184210417e-06,4.14664184210417e-06,4.14664184210417e-06,4.14664184210417e-06,4.14664184210417e-06,4.14664184210417e-06,4.14664184210417e-06,4.14664184210417e-06,4.14664184210417e-06,4.14664184210417e-06,4.14664184210417e-06,4.14664184210417e-06,4.14664184210417e-06,4.14664184210417e-06,4.14664184210417e-06,4.14664184210417e-06,4.14664184210417e-06,4.14664184210417e-06,4.14664184210417e-06,4.14664184210417e-06,4.14664184210417e-06,4.14664184210417e-06,4.14664184210417e-06,4.14664184210417e-06,4.14664184210417e-06,4.14664184210417e-06,4.14664184210417e-06,4.14664184210417e-06,4.14664184210417e-06,4.14664184210417e-06,4.14664184210417e-06,4.14664184210417e-06,4.14664184210417e-06,4.14664184210417e-06,4.14664184210417e-06,4.14664184210417e-06,4.14664184210417e-06,4.14664184210417e-06,4.14664184210417e-06
0.00444105341289357,0.00444105341289357,0.00444105341289357,0.00448251983131461,0.00448251983131461,0.00448251983131461,0.00448251983131461,0.00444105341289357,0.00444105341289357,0.00444105341289357,0.00444105341289357,0.00439958699447253,0.00444105341289357,0.00444105341289357,0.00439958699447253,0.00439958699447253,0.00444105341289357,0.00435812057605148,0.00444105341289357,0.00439958699447253,0.00435812057605148,0.00439958699447253,0.00431665415763044,0.00419225490236732,0.00431665415763044,0.00431665415763044,0.00431665415763044,0.00431665415763044,0.00444105341289357,0.00452398624973565,0.00468985192341982,0.00452398624973565,0.00431665415763044,0.00423372132078836,0.00435812057605148,0.00452398624973565,0.00452398624973565,0.00435812057605148,0.00381905713657794,0.0037775907181569,0.00357025862605169,0.00315559444184127,0.00323852727868336,0.00336292653394648,0.00307266160499919,0.00286532951289398,0.00365319146289378,0.00344585937078857,0.00249213174710461,0.00257506458394669,0.00207746756289419,0.00174573621552586,0.00133107203131544,0.000916407847105022,0.000709075754999813,0.00062614291815773,0.000460277244473563,0.000543210081315647,0.000335877989210438,0.000128545897105229,4.56130602631459e-05,4.56130602631459e-05,4.14664184210417e-06,4.14664184210417e-06,4.14664184210417e-06,4.14664184210417e-06,4.14664184210417e-06,4.14664184210417e-06,4.14664184210417e-06,4.14664184210417e-06,4.14664184210417e-06,4.14664184210417e-06,4.14664184210417e-06,4.14664184210417e-06,4.14664184210417e-06,4.14664184210417e-06,4.14664184210417e-06,4.14664184210417e-06,4.14664184210417e-06,4.14664184210417e-06,4.14664184210417e-06,4.14664184210417e-06,4.14664184210417e-06,4.14664184210417e-06,4.14664184210417e-06,4.14664184210417e-06,4.14664184210417e-06,4.14664184210417e-06,4.14664184210417e-06,4.14664184210417e-06,4.14664184210417e-06,4.14664184210417e-06,4.14664184210417e-06,4.14664184210417e-06,4.14664184210417e-06,4.14664184210417e-06,4.14664184210417e-06,4.14664184210417e-06,4.14664184210417e-06,4.14664184210417e-06
0.00572651238394586,0.00572651238394586,0.00572651238394586,0.00572651238394586,0.00572651238394586,0.00572651238394586,0.00572651238394586,0.00572651238394586,0.0057679788023669,0.00572651238394586,0.00572651238394586,0.0057679788023669,0.0057679788023669,0.00572651238394586,0.0057679788023669,0.00580944522078794,0.00568504596552482,0.00580944522078794,0.00572651238394586,0.0057679788023669,0.0057679788023669,0.00564357954710378,0.00580944522078794,0.00589237805763003,0.00572651238394586,0.00580944522078794,0.00572651238394586,0.00551918029184065,0.00539478103657753,0.0052703817813144,0.00489718401552503,0.00481425117868294,0.00498011685236711,0.00485571759710399,0.00506304968920919,0.00489718401552503,0.0047727847602619,0.0047727847602619,0.0047727847602619,0.00444105341289357,0.00439958699447253,0.00419225490236732,0.00406785564710419,0.00373612429973586,0.00410932206552523,0.00361172504447273,0.00357025862605169,0.0032799936971044,0.00365319146289378,0.00307266160499919,0.00257506458394669,0.00199453472605211,0.00174573621552586,0.00137253844973648,0.00120667277605231,0.000750542173420855,0.000501743662894605,0.000418810826052521,0.000294411570789396,0.000294411570789396,0.000128545897105229,4.14664184210417e-06,8.70794786841876e-05,4.56130602631459e-05,4.14664184210417e-06,4.14664184210417e-06,4.14664184210417e-06,4.14664184210417e-06,4.14664184210417e-06,4.14664184210417e-06,4.14664184210417e-06,4.14664184210417e-06,4.14664184210417e-06,4.14664184210417e-06,4.14664184210417e-06,4.14664184210417e-06,4.14664184210417e-06,4.14664184210417e-06,4.14664184210417e-06,4.14664184210417e-06,4.14664184210417e-06,4.14664184210417e-06,4.14664184210417e-06,4.14664184210417e-06,4.14664184210417e-06,4.14664184210417e-06,4.14664184210417e-06,4.14664184210417e-06,4.14664184210417e-06,4.14664184210417e-06,4.14664184210417e-06,4.14664184210417e-06,4.14664184210417e-06,4.14664184210417e-06,4.14664184210417e-06,4.14664184210417e-06,4.14664184210417e-06,4.14664184210417e-06,4.14664184210417e-06,4.14664184210417e-06
0.00771690046815586,0.00771690046815586,0.00771690046815586,0.00771690046815586,0.00771690046815586,0.00767543404973482,0.00767543404973482,0.00771690046815586,0.00767543404973482,0.00771690046815586,0.00771690046815586,0.00763396763131378,0.00763396763131378,0.00759250121289274,0.0075510347944717,0.00750956837605065,0.00759250121289274,0.00750956837605065,0.00750956837605065,0.00734370270236649,0.00730223628394545,0.00742663553920857,0.00721930344710336,0.00717783702868232,0.00721930344710336,0.00684610568131399,0.0067631728444719,0.00688757209973503,0.0067631728444719,0.00688757209973503,0.00713637061026128,0.00709490419184024,0.00680463926289295,0.00663877358920878,0.00643144149710357,0.00634850866026149,0.00634850866026149,0.00589237805763003,0.00597531089447211,0.00568504596552482,0.00531184819973544,0.00518744894447232,0.00493865043394607,0.00502158327078815,0.00464838550499878,0.00419225490236732,0.00386052355499898,0.00352879220763065,0.00369465788131482,0.00332146011552544,0.00303119518657815,0.00257506458394669,0.00182866905236794,0.00166280337868377,0.00124813919447336,0.00124813919447336,0.00104080710236815,0.000543210081315647,0.000335877989210438,8.70794786841876e-05,8.70794786841876e-05,8.70794786841876e-05,8.70794786841876e-05,4.14664184210417e-06,4.14664184210417e-06,4.14664184210417e-06,4.14664184210417e-06,4.14664184210417e-06,4.14664184210417e-06,4.14664184210417e-06,4.14664184210417e-06,4.14664184210417e-06,4.14664184210417e-06,4.14664184210417e-06,4.14664184210417e-06,4.14664184210417e-06,4.14664184210417e-06,4.14664184210417e-06,4.14664184210417e-06,4.14664184210417e-06,4.14664184210417e-06,4.14664184210417e-06,4.14664184210417e-06,4.14664184210417e-06,4.14664184210417e-06,4.14664184210417e-06,4.14664184210417e-06,4.14664184210417e-06,4.14664184210417e-06,4.14664184210417e-06,4.14664184210417e-06,4.14664184210417e-06,4.14664184210417e-06,4.14664184210417e-06,4.14664184210417e-06,4.14664184210417e-06,4.14664184210417e-06,4.14664184210417e-06,4.14664184210417e-06,4.14664184210417e-06
0.00842182958131357,0.00838036316289253,0.00838036316289253,0.00838036316289253,0.00838036316289253,0.00838036316289253,0.00838036316289253,0.00833889674447149,0.00838036316289253,0.00829743032605045,0.00825596390762941,0.00829743032605045,0.00829743032605045,0.00833889674447149,0.00829743032605045,0.00829743032605045,0.00833889674447149,0.00838036316289253,0.00846329599973461,0.00842182958131357,0.00838036316289253,0.00825596390762941,0.00825596390762941,0.00813156465236628,0.00813156465236628,0.00833889674447149,0.00833889674447149,0.00842182958131357,0.00850476241815566,0.00846329599973461,0.00792423256026107,0.00796569897868211,0.00784129972341899,0.00746810195762961,0.00742663553920857,0.0075510347944717,0.0077583668865769,0.00792423256026107,0.0077583668865769,0.00734370270236649,0.00697050493657711,0.0065558407523667,0.00630704224184044,0.00522891536289336,0.00485571759710399,0.00535331461815649,0.00493865043394607,0.0047727847602619,0.00410932206552523,0.00439958699447253,0.00435812057605148,0.00386052355499898,0.00315559444184127,0.00249213174710461,0.00182866905236794,0.00137253844973648,0.000709075754999813,0.000750542173420855,0.00037734440763148,0.000460277244473563,0.000170012315526271,0.000128545897105229,4.14664184210417e-06,4.14664184210417e-06,4.56130602631459e-05,4.14664184210417e-06,4.14664184210417e-06,4.14664184210417e-06,4.14664184210417e-06,4.14664184210417e-06,4.14664184210417e-06,4.14664184210417e-06,4.14664184210417e-06,4.14664184210417e-06,4.14664184210417e-06,4.14664184210417e-06,4.14664184210417e-06,4.14664184210417e-06,4.14664184210417e-06,4.14664184210417e-06,4.14664184210417e-06,4.14664184210417e-06,4.14664184210417e-06,4.14664184210417e-06,4.14664184210417e-06,4.14664184210417e-06,4.14664184210417e-06,4.14664184210417e-06,4.14664184210417e-06,4.14664184210417e-06,4.14664184210417e-06,4.14664184210417e-06,4.14664184210417e-06,4.14664184210417e-06,4.14664184210417e-06,4.14664184210417e-06,4.14664184210417e-06,4.14664184210417e-06,4.14664184210417e-06,4.14664184210417e-06
0.00945849004183962,0.00945849004183962,0.00945849004183962,0.00945849004183962,0.00945849004183962,0.00949995646026066,0.00949995646026066,0.0095414228786817,0.0095414228786817,0.00962435571552378,0.00958288929710274,0.00958288929710274,0.0095414228786817,0.0095414228786817,0.00966582213394482,0.0095414228786817,0.0095414228786817,0.00958288929710274,0.00962435571552378,0.00974875497078691,0.00987315422605003,0.00995608706289212,0.0100804863181552,0.0101634191549973,0.00999755348131316,0.00999755348131316,0.0100390198997342,0.00999755348131316,0.00979022138920795,0.00974875497078691,0.00991462064447107,0.00966582213394482,0.00983168780762899,0.0100804863181552,0.0100804863181552,0.00925115794973441,0.00896089302078711,0.00858769525499774,0.00850476241815566,0.0090438258576292,0.00887796018394503,0.0085462288365767,0.00809009823394524,0.00813156465236628,0.00784129972341899,0.00709490419184024,0.00609971014973524,0.0062655758234194,0.00568504596552482,0.00464838550499878,0.00435812057605148,0.00398492281026211,0.00406785564710419,0.00315559444184127,0.00236773249184148,0.00182866905236794,0.00162133696026273,0.00116520635763127,0.00087494142868398,0.000335877989210438,0.000294411570789396,8.70794786841876e-05,4.56130602631459e-05,4.56130602631459e-05,4.14664184210417e-06,4.14664184210417e-06,4.14664184210417e-06,4.14664184210417e-06,4.14664184210417e-06,4.14664184210417e-06,4.14664184210417e-06,4.14664184210417e-06,4.14664184210417e-06,4.14664184210417e-06,4.14664184210417e-06,4.14664184210417e-06,4.14664184210417e-06,4.14664184210417e-06,4.14664184210417e-06,4.14664184210417e-06,4.14664184210417e-06,4.14664184210417e-06,4.14664184210417e-06,4.14664184210417e-06,4.14664184210417e-06,4.14664184210417e-06,4.14664184210417e-06,4.14664184210417e-06,4.14664184210417e-06,4.14664184210417e-06,4.14664184210417e-06,4.14664184210417e-06,4.14664184210417e-06,4.14664184210417e-06,4.14664184210417e-06,4.14664184210417e-06,4.14664184210417e-06,4.14664184210417e-06,4.14664184210417e-06,4.14664184210417e-06
0.0123196729128915,0.0123611393313125,0.0123611393313125,0.0123611393313125,0.0123611393313125,0.0122782064944705,0.0122782064944705,0.0122782064944705,0.0122782064944705,0.0122367400760494,0.0122782064944705,0.0122367400760494,0.0121952736576284,0.0121538072392073,0.0120708744023652,0.0122367400760494,0.0122367400760494,0.0121123408207863,0.0119879415655232,0.0119879415655232,0.0119879415655232,0.0120708744023652,0.01186354231026,0.01186354231026,0.011780609473418,0.0116562102181548,0.0114074117076286,0.0114488781260496,0.0115732773813127,0.0115732773813127,0.0114903445444707,0.0113659452892075,0.010826881849734,0.0106610161760498,0.0105780833392077,0.0111586131971023,0.0106195497576288,0.0105366169207867,0.0102463519918394,0.00945849004183962,0.00962435571552378,0.0102048855734184,0.00991462064447107,0.00933409078657649,0.00883649376552399,0.00842182958131357,0.00829743032605045,0.00730223628394545,0.0070534377734192,0.00634850866026149,0.00543624745499857,0.00535331461815649,0.0047727847602619,0.00419225490236732,0.00344585937078857,0.00249213174710461,0.00187013547078898,0.00174573621552586,0.0012896056128944,0.000916407847105022,0.000543210081315647,0.000170012315526271,0.000211478733947313,0.000128545897105229,4.56130602631459e-05,4.14664184210417e-06,4.14664184210417e-06,4.14664184210417e-06,4.14664184210417e-06,4.14664184210417e-06,4.14664184210417e-06,4.14664184210417e-06,4.14664184210417e-06,4.14664184210417e-06,4.14664184210417e-06,4.14664184210417e-06,4.14664184210417e-06,4.14664184210417e-06,4.14664184210417e-06,4.14664184210417e-06,4.14664184210417e-06,4.14664184210417e-06,4.14664184210417e-06,4.14664184210417e-06,4.14664184210417e-06,4.14664184210417e-06,4.14664184210417e-06,4.14664184210417e-06,4.14664184210417e-06,4.14664184210417e-06,4.14664184210417e-06,4.14664184210417e-06,4.14664184210417e-06,4.14664184210417e-06,4.14664184210417e-06,4.14664184210417e-06,4.14664184210417e-06,4.14664184210417e-06,4.14664184210417e-06,4.14664184210417e-06
0.0134807326286807,0.0134807326286807,0.0134807326286807,0.0134392662102596,0.0134392662102596,0.0134807326286807,0.0134807326286807,0.0134807326286807,0.0134807326286807,0.0134807326286807,0.0134392662102596,0.0134392662102596,0.0135221990471017,0.0136465983023648,0.0136051318839438,0.0135221990471017,0.0135221990471017,0.0134807326286807,0.0133563333734175,0.0132319341181544,0.0131490012813123,0.0129416691892071,0.0130246020260492,0.0131075348628913,0.0132319341181544,0.0131904676997334,0.0134392662102596,0.0136465983023648,0.0133563333734175,0.0131490012813123,0.0135221990471017,0.0138953968128911,0.0137295311392069,0.0135636654655227,0.0129416691892071,0.0122782064944705,0.0123196729128915,0.0119050087286811,0.0113244788707865,0.0115732773813127,0.0115732773813127,0.0110342139418392,0.0110342139418392,0.0107439490128919,0.0104122176655236,0.00991462064447107,0.00974875497078691,0.00871209451026086,0.00821449748920836,0.00746810195762961,0.00730223628394545,0.00609971014973524,0.00531184819973544,0.00539478103657753,0.00510451610763024,0.00369465788131482,0.00269946383920982,0.00182866905236794,0.00141400486815752,0.000833475010262939,0.000667609336578772,0.000709075754999813,0.000128545897105229,0.000211478733947313,4.56130602631459e-05,4.56130602631459e-05,4.56130602631459e-05,4.14664184210417e-06,4.14664184210417e-06,4.14664184210417e-06,4.14664184210417e-06,4.14664184210417e-06,4.14664184210417e-06,4.14664184210417e-06,4.14664184210417e-06,4.14664184210417e-06,4.14664184210417e-06,4.14664184210417e-06,4.14664184210417e-06,4.14664184210417e-06,4.14664184210417e-06,4.14664184210417e-06,4.14664184210417e-06,4.14664184210417e-06,4.14664184210417e-06,4.14664184210417e-06,4.14664184210417e-06,4.14664184210417e-06,4.14664184210417e-06,4.14664184210417e-06,4.14664184210417e-06,4.14664184210417e-06,4.14664184210417e-06,4.14664184210417e-06,4.14664184210417e-06,4.14664184210417e-06,4.14664184210417e-06,4.14664184210417e-06,4.14664184210417e-06,4.14664184210417e-06
0.0164248483365746,0.0163833819181536,0.0163833819181536,0.0163833819181536,0.0163833819181536,0.0163833819181536,0.0163833819181536,0.0163419154997325,0.0162175162444694,0.0162175162444694,0.0163004490813115,0.0163004490813115,0.0162589826628905,0.0161760498260484,0.0162175162444694,0.0161760498260484,0.0160516505707852,0.0161760498260484,0.0162589826628905,0.0164248483365746,0.0164248483365746,0.0163419154997325,0.0163004490813115,0.0161760498260484,0.0159687177339432,0.0159687177339432,0.015761385641838,0.0154296542944696,0.015761385641838,0.0154296542944696,0.014766191599733,0.0144344602523646,0.0150149901102592,0.014766191599733,0.0153052550392065,0.0156784528049959,0.0153881878760486,0.0152223222023644,0.0151393893655223,0.0140197960681542,0.0138953968128911,0.0135221990471017,0.0132734005365755,0.0136051318839438,0.0124440721681546,0.0121123408207863,0.0116562102181548,0.0116147437997338,0.010785415431313,0.00979022138920795,0.00850476241815566,0.0075510347944717,0.00771690046815586,0.00668024000762982,0.00551918029184065,0.00580944522078794,0.00502158327078815,0.00381905713657794,0.00232626607342044,0.00207746756289419,0.00141400486815752,0.000543210081315647,0.000501743662894605,4.56130602631459e-05,0.000128545897105229,4.14664184210417e-06,4.14664184210417e-06,4.14664184210417e-06,4.14664184210417e-06,4.14664184210417e-06,4.14664184210417e-06,4.14664184210417e-06,4.14664184210417e-06,4.14664184210417e-06,4.14664184210417e-06,4.14664184210417e-06,4.14664184210417e-06,4.14664184210417e-06,4.14664184210417e-06,4.14664184210417e-06,4.14664184210417e-06,4.14664184210417e-06,4.14664184210417e-06,4.14664184210417e-06,4.14664184210417e-06,4.14664184210417e-06,4.14664184210417e-06,4.14664184210417e-06,4.14664184210417e-06,4.14664184210417e-06,4.14664184210417e-06,4.14664184210417e-06,4.14664184210417e-06,4.14664184210417e-06,4.14664184210417e-06,4.14664184210417e-06,4.14664184210417e-06,4.14664184210417e-06,4.14664184210417e-06,4.14664184210417e-06
0.020820288689205,0.0208617551076261,0.0208617551076261,0.0209032215260471,0.0209032215260471,0.0208617551076261,0.0208617551076261,0.0208617551076261,0.0209446879444682,0.0209446879444682,0.0208617551076261,0.0209446879444682,0.0209446879444682,0.0209861543628892,0.0210276207813103,0.0211105536181523,0.0211520200365734,0.0210690871997313,0.0210276207813103,0.020737355852363,0.0206129565970998,0.020737355852363,0.0206958894339419,0.0205714901786788,0.0206544230155209,0.0204470909234157,0.0204470909234157,0.0202812252497315,0.0198665610655211,0.0200324267392053,0.0201153595760473,0.0200324267392053,0.0193274976260475,0.0195348297181528,0.0188713670234161,0.0187055013497319,0.018829900604995,0.0184981692576267,0.0184981692576267,0.018829900604995,0.0175444416339427,0.0171297774497323,0.015761385641838,0.0150149901102592,0.015802852060259,0.0152223222023644,0.0146003259260488,0.0135636654655227,0.0119879415655232,0.0121538072392073,0.0112000796155234,0.0103707512471025,0.0085462288365767,0.00792423256026107,0.00817303107078732,0.00651437433394565,0.0047727847602619,0.00439958699447253,0.00394345639184107,0.00257506458394669,0.00195306830763107,0.00124813919447336,0.000792008591841897,0.00062614291815773,0.000252945152368354,0.000128545897105229,4.56130602631459e-05,4.14664184210417e-06,4.14664184210417e-06,4.14664184210417e-06,4.14664184210417e-06,4.14664184210417e-06,4.14664184210417e-06,4.14664184210417e-06,4.14664184210417e-06,4.14664184210417e-06,4.14664184210417e-06,4.14664184210417e-06,4.14664184210417e-06,4.14664184210417e-06,4.14664184210417e-06,4.14664184210417e-06,4.14664184210417e-06,4.14664184210417e-06,4.14664184210417e-06,4.14664184210417e-06,4.14664184210417e-06,4.14664184210417e-06,4.14664184210417e-06,4.14664184210417e-06,4.14664184210417e-06,4.14664184210417e-06,4.14664184210417e-06,4.14664184210417e-06,4.14664184210417e-06,4.14664184210417e-06,4.14664184210417e-06,4.14664184210417e-06,4.14664184210417e-06,4.14664184210417e-06
0.0244278670918357,0.0243034678365725,0.0243034678365725,0.0243034678365725,0.0243034678365725,0.0243864006734146,0.0243864006734146,0.0243864006734146,0.0244278670918357,0.0243864006734146,0.0244693335102567,0.0244278670918357,0.0244278670918357,0.0244278670918357,0.0244278670918357,0.0244278670918357,0.0244278670918357,0.0243449342549936,0.0244278670918357,0.0245107999286778,0.0245522663470988,0.0245107999286778,0.0245937327655198,0.0244278670918357,0.0245937327655198,0.0246766656023619,0.0243864006734146,0.0243449342549936,0.0243034678365725,0.0241790685813094,0.0239717364892042,0.0234741394681517,0.0232668073760465,0.0233912066313096,0.0230594752839413,0.0223960125892046,0.0221057476602573,0.0223545461707836,0.0216910834760469,0.0214008185470996,0.021732549894468,0.0214422849655207,0.0216910834760469,0.0211520200365734,0.0199080274839421,0.0194933632997317,0.0185811020944688,0.0175029752155217,0.01783470656289,0.0160101841523642,0.0152637886207855,0.0143929938339436,0.0130660684444702,0.0117391430549969,0.0095414228786817,0.00891942660236607,0.00821449748920836,0.0062655758234194,0.00506304968920919,0.00419225490236732,0.00290679593131502,0.00211893398131523,0.00153840412342065,0.00112373993921023,0.00062614291815773,0.000335877989210438,0.000128545897105229,4.56130602631459e-05,4.14664184210417e-06,4.14664184210417e-06,4.14664184210417e-06,4.14664184210417e-06,4.14664184210417e-06,4.14664184210417e-06,4.14664184210417e-06,4.14664184210417e-06,4.14664184210417e-06,4.14664184210417e-06,4.14664184210417e-06,4.14664184210417e-06,4.14664184210417e-06,4.14664184210417e-06,4.14664184210417e-06,4.14664184210417e-06,4.14664184210417e-06,4.14664184210417e-06,4.14664184210417e-06,4.14664184210417e-06,4.14664184210417e-06,4.14664184210417e-06,4.14664184210417e-06,4.14664184210417e-06,4.14664184210417e-06,4.14664184210417e-06,4.14664184210417e-06,4.14664184210417e-06,4.14664184210417e-06,4.14664184210417e-06,4.14664184210417e-06,4.14664184210417e-06
0.0279525126576242,0.0280769119128873,0.0280769119128873,0.0280769119128873,0.0280769119128873,0.0280769119128873,0.0280769119128873,0.0280769119128873,0.0280769119128873,0.0281598447497294,0.0281183783313084,0.0280769119128873,0.0280354454944663,0.0278281134023611,0.0277866469839401,0.0276207813102559,0.0276207813102559,0.0276207813102559,0.0275793148918348,0.0275378484734138,0.0276622477286769,0.0276207813102559,0.0274963820549928,0.0276622477286769,0.0274134492181507,0.0272890499628876,0.0275793148918348,0.0278695798207821,0.0280354454944663,0.0282427775865715,0.0283671768418346,0.0284501096786767,0.028740374607624,0.028698908189203,0.0284086432602557,0.0281598447497294,0.0283671768418346,0.027703714147098,0.0271646507076244,0.0271646507076244,0.0266255872681509,0.0260865238286773,0.0249669305313092,0.024759598439204,0.0246766656023619,0.0240546693260463,0.0233497402128886,0.0225204118444678,0.0214008185470996,0.0216496170576259,0.0204056245049946,0.0184567028392057,0.0159687177339432,0.0146417923444698,0.0126928706786809,0.0116562102181548,0.0101634191549973,0.00991462064447107,0.00842182958131357,0.00684610568131399,0.00502158327078815,0.00390198997342003,0.00274093025763086,0.00162133696026273,0.00116520635763127,0.000792008591841897,0.000501743662894605,0.000170012315526271,4.14664184210417e-06,4.14664184210417e-06,4.14664184210417e-06,4.14664184210417e-06,4.14664184210417e-06,4.14664184210417e-06,4.14664184210417e-06,4.14664184210417e-06,4.14664184210417e-06,4.14664184210417e-06,4.14664184210417e-06,4.14664184210417e-06,4.14664184210417e-06,4.14664184210417e-06,4.14664184210417e-06,4.14664184210417e-06,4.14664184210417e-06,4.14664184210417e-06,4.14664184210417e-06,4.14664184210417e-06,4.14664184210417e-06,4.14664184210417e-06,4.14664184210417e-06,4.14664184210417e-06,4.14664184210417e-06,4.14664184210417e-06,4.14664184210417e-06,4.14664184210417e-06,4.14664184210417e-06,4.14664184210417e-06,4.14664184210417e-06,4.14664184210417e-06
0.0401851060918315,0.0401436396734105,0.0401436396734105,0.0401436396734105,0.0401436396734105,0.0401436396734105,0.0401436396734105,0.0401851060918315,0.0401436396734105,0.0400607068365684,0.0399777739997263,0.0399777739997263,0.0400192404181474,0.0400607068365684,0.0400607068365684,0.0402265725102526,0.0402680389286736,0.0404753710207788,0.0403095053470947,0.0404339046023578,0.0402680389286736,0.0399777739997263,0.0398533747444632,0.0395631098155159,0.0395631098155159,0.0394387105602528,0.0392313784681476,0.0388581807023582,0.038692315028674,0.0387752478655161,0.0386093821918319,0.0382776508444636,0.0379873859155163,0.0373239232207797,0.0374483224760428,0.0376141881497269,0.0365360612707799,0.0365360612707799,0.0362043299234115,0.0359555314128853,0.0354579343918328,0.0351676694628855,0.0352506022997276,0.0345456731865699,0.0339236769102542,0.0328040836128861,0.0319747552444653,0.0307722291102551,0.0294038373023607,0.0269573186155192,0.0263353223392036,0.0265841208497298,0.025713326062888,0.0225204118444678,0.0213178857102575,0.0182493707471005,0.0163004490813115,0.0143929938339436,0.0120294079839442,0.0110342139418392,0.00966582213394482,0.0070534377734192,0.00551918029184065,0.00357025862605169,0.00249213174710461,0.00170426979710481,0.000957874265526064,0.000667609336578772,0.000211478733947313,4.14664184210417e-06,4.14664184210417e-06,4.14664184210417e-06,4.14664184210417e-06,4.14664184210417e-06,4.14664184210417e-06,4.14664184210417e-06,4.14664184210417e-06,4.14664184210417e-06,4.14664184210417e-06,4.14664184210417e-06,4.14664184210417e-06,4.14664184210417e-06,4.14664184210417e-06,4.14664184210417e-06,4.14664184210417e-06,4.14664184210417e-06,4.14664184210417e-06,4.14664184210417e-06,4.14664184210417e-06,4.14664184210417e-06,4.14664184210417e-06,4.14664184210417e-06,4.14664184210417e-06,4.14664184210417e-06,4.14664184210417e-06,4.14664184210417e-06,4.14664184210417e-06,4.14664184210417e-06,4.14664184210417e-06,4.14664184210417e-06
0.052583565199723,0.052542098781302,0.052542098781302,0.0524591659444599,0.0524591659444599,0.0524176995260388,0.0524176995260388,0.0524176995260388,0.0524176995260388,0.0524591659444599,0.052542098781302,0.0525006323628809,0.052542098781302,0.0526664980365651,0.0525006323628809,0.0525006323628809,0.0523347666891967,0.0522103674339336,0.0522933002707757,0.0519615689234074,0.0520445017602495,0.0520859681786705,0.0521274345970915,0.0523762331076178,0.0521274345970915,0.0522103674339336,0.0522103674339336,0.0518786360865653,0.0518786360865653,0.051546904739197,0.0510078412997234,0.0513810390655128,0.0509249084628813,0.0503858450234078,0.0504687778602499,0.0506761099523551,0.0504687778602499,0.0501370465128815,0.0497223823286711,0.0484783897760399,0.048602789031303,0.047566128570777,0.0468611994576192,0.0462806695997247,0.0454928076497249,0.0451610763023565,0.0432950874734097,0.0433780203102517,0.0423828262681467,0.0412632329707786,0.0381947180076215,0.0345456731865699,0.032721150776044,0.0307722291102551,0.0285330425155188,0.0268743857786771,0.0248425312760461,0.0206129565970998,0.0182493707471005,0.014807658018154,0.0129002027707861,0.0109512811049971,0.00862916167341878,0.00734370270236649,0.00564357954710378,0.00348732578920961,0.00199453472605211,0.00116520635763127,0.000750542173420855,0.000335877989210438,0.000128545897105229,8.70794786841876e-05,4.56130602631459e-05,4.14664184210417e-06,4.14664184210417e-06,4.14664184210417e-06,4.14664184210417e-06,4.14664184210417e-06,4.14664184210417e-06,4.14664184210417e-06,4.14664184210417e-06,4.14664184210417e-06,4.14664184210417e-06,4.14664184210417e-06,4.14664184210417e-06,4.14664184210417e-06,4.14664184210417e-06,4.14664184210417e-06,4.14664184210417e-06,4.14664184210417e-06,4.14664184210417e-06,4.14664184210417e-06,4.14664184210417e-06,4.14664184210417e-06,4.14664184210417e-06,4.14664184210417e-06,4.14664184210417e-06,4.14664184210417e-06,4.14664184210417e-06,4.14664184210417e-06
0.0705799907944551,0.0706629236312972,0.0706629236312972,0.0707458564681393,0.0707458564681393,0.0707873228865603,0.0707873228865603,0.0707458564681393,0.0707043900497182,0.0707043900497182,0.0707458564681393,0.0707873228865603,0.0707873228865603,0.0707873228865603,0.0709946549786655,0.0707458564681393,0.0707458564681393,0.0707043900497182,0.0707873228865603,0.0709946549786655,0.0707458564681393,0.0707873228865603,0.0708702557234024,0.0705799907944551,0.0707873228865603,0.0706214572128761,0.0706629236312972,0.0709531885602445,0.0706629236312972,0.0706629236312972,0.0708702557234024,0.0709117221418234,0.0706214572128761,0.0709531885602445,0.0706214572128761,0.0700409273549816,0.0701653266102447,0.0695847967523501,0.0696677295891922,0.0692115989865607,0.067511475831298,0.0670138788102455,0.0669724123918245,0.065521087747088,0.0638624310102463,0.0621623078549836,0.0609597817207734,0.0601304533523526,0.0583473973602478,0.0563984756944588,0.054532486865512,0.0524176995260388,0.050551710697092,0.0489759867970924,0.0449952106286724,0.0409315016234103,0.0366189941076219,0.0356238000655169,0.031725956733939,0.0266670536865719,0.0231838745392044,0.020737355852363,0.01783470656289,0.013770997557628,0.010785415431313,0.00842182958131357,0.00618264298657732,0.00340439295236752,0.00224333323657836,0.00112373993921023,0.000460277244473563,0.000211478733947313,4.56130602631459e-05,4.56130602631459e-05,4.56130602631459e-05,4.14664184210417e-06,4.14664184210417e-06,4.14664184210417e-06,4.14664184210417e-06,4.14664184210417e-06,4.14664184210417e-06,4.14664184210417e-06,4.14664184210417e-06,4.14664184210417e-06,4.14664184210417e-06,4.14664184210417e-06,4.14664184210417e-06,4.14664184210417e-06,4.14664184210417e-06,4.14664184210417e-06,4.14664184210417e-06,4.14664184210417e-06,4.14664184210417e-06,4.14664184210417e-06,4.14664184210417e-06,4.14664184210417e-06,4.14664184210417e-06,4.14664184210417e-06,4.14664184210417e-06,4.14664184210417e-06
0.101721271028657,0.101638338191815,0.101638338191815,0.10143100609971,0.10143100609971,0.10143100609971,0.10143100609971,0.101389539681289,0.101223674007605,0.101182207589184,0.101182207589184,0.101223674007605,0.101223674007605,0.101265140426026,0.101140741170763,0.101140741170763,0.101306606844447,0.101306606844447,0.100933409078658,0.101099274752342,0.101099274752342,0.101057808333921,0.101140741170763,0.10143100609971,0.10143100609971,0.101348073262868,0.101265140426026,0.101182207589184,0.101306606844447,0.100850476241816,0.100726076986552,0.100518744894447,0.1010163419155,0.100684610568131,0.100601677731289,0.0999796814549737,0.100062614291816,0.0999796814549737,0.100187013547079,0.100021147873395,0.0995235508523422,0.098279558299711,0.0962477037970799,0.0955013082655012,0.0948793119891855,0.0941743828760278,0.0911058679128708,0.0901521402891868,0.0887422820628714,0.0861298977023457,0.084388308128662,0.0815271252576101,0.0785830095497162,0.074477834126033,0.0718239833470864,0.0680920056891926,0.0644014944497199,0.0583473973602478,0.0544495540286699,0.050634643533934,0.0449537442102513,0.0411803001339365,0.0339651433286753,0.0296526358128869,0.0238888036523621,0.0203641580865736,0.01584431847868,0.0121123408207863,0.00896089302078711,0.00593384447605107,0.00319706086026232,0.00174573621552586,0.00104080710236815,0.000335877989210438,0.000128545897105229,4.56130602631459e-05,4.14664184210417e-06,4.14664184210417e-06,4.14664184210417e-06,4.14664184210417e-06,4.14664184210417e-06,4.14664184210417e-06,4.14664184210417e-06,4.14664184210417e-06,4.14664184210417e-06,4.14664184210417e-06,4.14664184210417e-06,4.14664184210417e-06,4.14664184210417e-06,4.14664184210417e-06,4.14664184210417e-06,4.14664184210417e-06,4.14664184210417e-06,4.14664184210417e-06,4.14664184210417e-06,4.14664184210417e-06,4.14664184210417e-06,4.14664184210417e-06,4.14664184210417e-06,4.14664184210417e-06
0.170016462168113,0.170099395004955,0.170099395004955,0.170265260678639,0.170265260678639,0.170182327841797,0.170182327841797,0.170223794260218,0.170348193515481,0.170348193515481,0.170348193515481,0.170182327841797,0.170140861423376,0.169933529331271,0.170016462168113,0.169933529331271,0.169809130076008,0.169643264402324,0.169809130076008,0.169684730820745,0.169726197239166,0.16989206291285,0.169518865147061,0.169311533054955,0.169187133799692,0.169270066636534,0.169311533054955,0.168772469615482,0.168606603941798,0.16868953677864,0.168523671104956,0.168191939757587,0.167404077807588,0.16711381287864,0.166657682276009,0.16632595092864,0.165289290468114,0.164003831497062,0.163464768057589,0.163091570291799,0.163215969547062,0.162262241923378,0.161432913554958,0.159442525470747,0.156913073947064,0.15595934632338,0.157244805294432,0.15396895823917,0.151273641041802,0.150568711928645,0.149283252957592,0.145965939483909,0.143934084981278,0.139331312536542,0.134355342326017,0.129047640768124,0.123947271302336,0.118183439141811,0.111424412939181,0.104955651665499,0.0964550358891851,0.0879129536944505,0.0804904647970841,0.0711605206523497,0.0641112295207726,0.0542007555181436,0.0450781434655144,0.0382361844260426,0.0301087664155184,0.0235570723049938,0.017793240144469,0.0124440721681546,0.00800716539710316,0.00493865043394607,0.00286532951289398,0.00141400486815752,0.000667609336578772,0.00037734440763148,0.000211478733947313,4.14664184210417e-06,4.14664184210417e-06,4.14664184210417e-06,4.14664184210417e-06,4.14664184210417e-06,4.14664184210417e-06,4.14664184210417e-06,4.14664184210417e-06,4.14664184210417e-06,4.14664184210417e-06,4.14664184210417e-06,4.14664184210417e-06,4.14664184210417e-06,4.14664184210417e-06,4.14664184210417e-06,4.14664184210417e-06,4.14664184210417e-06,4.14664184210417e-06,4.14664184210417e-06,4.14664184210417e-06,4.14664184210417e-06
0.376146028139112,0.376146028139112,0.376146028139112,0.376187494557533,0.376187494557533,0.376270427394375,0.376270427394375,0.376311893812796,0.376436293068059,0.376519225904901,0.376519225904901,0.376726557997006,0.376768024415427,0.377016822925953,0.377099755762795,0.377472953528585,0.37768028562069,0.378012016968058,0.378385214733848,0.378675479662795,0.379048677428584,0.379421875194374,0.380043871470689,0.380665867747005,0.381329330441742,0.382158658810163,0.38286358792332,0.384231979731215,0.385393039447004,0.38684436409174,0.388627420083845,0.39041047607595,0.393022860436475,0.39559377837858,0.398579360504895,0.40197960681542,0.405835983728577,0.411019286031208,0.415580592057522,0.421012692870679,0.427191189215414,0.435277140807517,0.44415095434962,0.454476092536459,0.465837891183825,0.476619159973296,0.488810286989082,0.502950335670657,0.518914906762758,0.535128276365386,0.552710037775907,0.573857911170638,0.593595926339054,0.617190318420627,0.641157908267989,0.666079225739035,0.691000543210081,0.71563159575218,0.74071877889691,0.765349831439009,0.789566219796897,0.811211690212681,0.832318097188991,0.851890246683723,0.867149888662666,0.881372870181084,0.894268926310028,0.901069418931079,0.904925795844235,0.904967262262656,0.901608482370552,0.892693202410028,0.878221422381085,0.859644466928458,0.838703925625832,0.811253156631102,0.7785361524969,0.743828760278488,0.703772200083762,0.66031539357851,0.613168075833786,0.561791183410115,0.50825803722855,0.451780775339092,0.392898461181212,0.331818426847018,0.275589963468085,0.222554414307573,0.174494835357586,0.132116155731281,0.0925986589760283,0.0503443786049867,0.0133977997918386,0.00298972876815711,0.000418810826052521,4.56130602631459e-05,4.14664184210417e-06,4.14664184210417e-06,4.14664184210417e-06,4.14664184210417e-06
0.000128545897105229,0.000128545897105229,0.000128545897105229,0.000128545897105229,0.000128545897105229,0.000128545897105229,0.000128545897105229,0.000128545897105229,0.000128545897105229,0.000128545897105229,0.000128545897105229,0.000128545897105229,0.000128545897105229,0.000128545897105229,0.000128545897105229,0.000128545897105229,0.000128545897105229,0.000128545897105229,0.000128545897105229,0.000128545897105229,0.000128545897105229,0.000128545897105229,0.000128545897105229,0.000170012315526271,0.000170012315526271,0.000170012315526271,0.000170012315526271,0.000170012315526271,0.000170012315526271,0.000170012315526271,0.000170012315526271,0.000170012315526271,0.000252945152368354,0.000294411570789396,0.000294411570789396,0.000335877989210438,0.00037734440763148,0.00037734440763148,0.000418810826052521,0.000460277244473563,0.000501743662894605,0.000501743662894605,0.000501743662894605,0.000501743662894605,0.000584676499736688,0.00062614291815773,0.000792008591841897,0.00087494142868398,0.000916407847105022,0.00108227352078919,0.00112373993921023,0.00137253844973648,0.00162133696026273,0.00195306830763107,0.00232626607342044,0.00307266160499919,0.00369465788131482,0.00439958699447253,0.00556064671026169,0.00684610568131399,0.00916822511289232,0.0110756803602602,0.0143515274155225,0.0180005722365742,0.0228521431918361,0.0283671768418346,0.0341724754207805,0.0423413598497257,0.0520030353418284,0.0632819011523518,0.0760120916076116,0.0920181291181337,0.111839077123392,0.134230943070754,0.157452137386537,0.186478630281267,0.219983496365468,0.254981153512828,0.295203579381238,0.338867717978595,0.386015035723319,0.43739192814699,0.490925074328555,0.547402336218014,0.606284650375893,0.667364684710087,0.72359314808902,0.776628697249532,0.82468827619952,0.867066955825824,0.906584452581077,0.948838732952119,0.985785311765267,0.996193382788948,0.998764300731053,0.999137498496842,0.999178964915263,0.999178964915263,0.999178964915263,0.999178964915263
19355729.1,19355729.1,19355729.1,19355729.1,19355729.1,19355729.1,19355729.1,19355729.1,19355729.1,19355729.1,19355729.1,19355729.1,19355729.1,19355729.1,19355729.1,19355729.1,19355729.1,19355729.1,19355729.1,19355729.1,19355729.1,19355729.1,19355729.1,19355729.1,19355729.1,19355729.1,19355729.1,19355729.1,19355729.1,19355729.1,19355729.1,19355729.1,19355729.1,19355729.1,19355729.1,19355729.1,19355729.1,19355729.1,19355729.1,19355729.1,19355729.1,19355729.1,19355729.1,19355729.1,19355729.1,19355729.1,19355729.1,19355729.1,19355729.1,19355729.1,19355729.1,19355729.1,19355729.1,19355729.1,19355729.1,19355729.1,19355729.1,19355729.1,19355729.1,19355729.1,19355729.1,19355729.1,19355729.1,19355729.1,19355729.1,19355729.1,19355729.1,19355729.1,19355729.1,19355729.1,19355729.1,19355729.1,19355729.1,19355729.1,19355729.1,19355729.1,19355729.1,19355729.1,19355729.1,19355729.1,19355729.1,19355729.1,19355729.1,19355729.1,19355729.1,19355729.1,19355729.1,19355729.1,19355729.1,19355729.1,19355729.1,19355729.1,19355729.1,19355729.1,19355729.1,19355729.1,19355729.1,19355729.1,19355729.1,19355729.1
