0.347226 0
0.386064 0
0.842497 0
0.991146 0
0.243400 0
0.561931 0
0.280412 0
0.641019 0
0.114130 0
0.062952 0
0.413448 0
0.329925 0
1.031914 0
0.089337 0
0.176835 0
0.384791 0
0.481005 0
0.516876 0
0.519025 0
1.189342 0
0.516748 0
0.047922 0
0.171122 0
0.744211 0
0.104377 0
0.055264 0
0.701419 0
0.037306 0
0.262211 0
0.614169 0
0.012418 0
0.551730 0
1.123160 0
1.041179 0
0.171331 0
0.272254 0
0.048497 0
0.684359 0
0.149604 0
0.018030 0
0.662589 0
1.237742 0
0.720316 0
0.156318 0
0.082580 0
0.156740 0
0.056916 0
0.340422 0
0.065608 0
0.679232 0
1.294666 0
0.130405 0
1.087672 0
0.442230 0
0.017387 0
0.171983 0
0.107790 0
0.991881 0
1.416877 0
0.372919 0
0.471165 0
0.473656 0
0.171578 0
0.075492 0
0.389624 0
0.287726 0
0.326875 0
0.317247 0
0.287666 0
0.921727 0
0.092941 0
1.881538 0
0.311129 0
0.103095 0
0.129877 0
1.022307 0
0.354786 0
0.645042 0
0.525875 0
0.516559 0
1.335282 0
0.983691 0
0.544394 0
0.853005 0
0.104090 0
0.504349 0
0.921661 0
0.690816 0
1.211765 0
0.437675 0
0.533032 0
0.017378 0
0.550963 0
0.225699 0
1.102336 0
0.998559 0
0.930675 0
0.215895 0
0.216465 0
0.740998 0
0.426749 0
0.140212 0
0.821643 0
1.393574 0
0.526809 0
0.191633 0
0.064820 0
0.500901 0
0.288537 0
1.096101 0
0.900988 0
0.530905 0
0.291766 0
0.996886 0
0.746014 0
0.049322 0
1.608833 0
0.086599 0
0.123234 0
1.501573 0
0.088882 0
0.094513 0
0.134637 0
0.252462 0
0.684797 0
0.397766 0
1.448608 0
0.359773 0
0.314867 0
0.625636 0
1.200285 0
0.329106 0
1.366939 0
0.209265 0
0.901968 0
0.080454 0
0.065096 0
0.605890 0
0.075770 0
0.103154 0
0.497424 0
0.066729 0
0.735123 0
1.122096 0
0.293835 0
1.383133 0
0.362916 0
1.461969 0
0.947212 0
0.247661 0
0.010215 0
0.388198 0
0.227425 0
1.530102 0
0.485952 0
0.439612 0
0.255120 0
0.342645 0
0.105122 0
0.011612 0
1.502233 0
0.097627 0
0.483119 0
0.432999 0
0.019490 0
0.213194 0
0.218882 0
0.143722 0
1.676718 0
0.138275 0
0.411670 0
0.151572 0
1.486088 0
0.087567 0
1.482652 0
0.328783 0
0.718491 0
0.358223 0
0.155896 0
0.559443 0
0.761481 0
0.217633 0
0.863142 0
0.145420 0
0.690561 0
0.063503 0
0.810001 0
0.205851 0
0.377071 0
0.206562 0
0.326761 0
0.848279 0
0.277378 0
0.200725 0
1.094633 0
0.761327 0
0.968219 0
0.440085 0
0.270719 0
0.810081 0
1.561492 0
0.259282 0
0.134308 0
0.285312 0
0.407563 0
1.217310 0
0.343316 0
0.653145 0
0.090989 0
0.130274 0
0.220036 0
1.385588 0
0.448688 0
0.073201 0
0.514129 0
0.033272 0
1.380861 0
0.127503 0
0.063432 0
0.249178 0
0.748873 0
0.948098 0
0.602124 0
0.040142 0
0.592002 0
0.179792 0
0.068167 0
0.219160 0
0.096832 0
0.163113 0
0.122349 0
0.012293 0
0.020088 0
0.572307 0
0.167615 0
0.073076 0
0.342118 0
0.719983 0
0.251530 0
0.239911 0
0.606279 0
0.350697 0
0.216024 0
0.296224 0
0.211465 0
0.098688 0
0.736583 0
0.373524 0
0.140570 0
0.231732 0
0.178071 0
0.229867 0
0.609214 0
0.105433 0
0.055066 0
0.771198 0
0.133989 0
1.057066 0
0.266839 0
0.345527 0
0.288310 0
0.173800 0
0.831288 0
0.939207 0
0.097912 0
0.510935 0
0.029578 0
0.818039 0
0.718281 0
1.197130 0
0.065192 0
0.952545 0
0.198758 0
0.296919 0
1.503967 0
0.352470 0
0.197420 0
0.782014 0
0.736060 0
0.511240 0
0.536328 0
0.071417 0
0.023786 0
1.205840 0
1.955485 0
0.878796 0
0.034298 0
0.052659 0
0.447242 0
1.178353 0
0.633425 0
0.219882 0
0.692274 0
0.189579 0
0.164060 0
0.456040 0
0.777224 0
0.461168 0
0.399100 0
0.119366 0
0.376681 0
0.088853 0
1.019314 0
0.215589 0
1.370531 0
0.513457 0
0.948912 0
0.038783 0
0.660231 0
0.039458 0
0.086100 0
0.207679 0
0.575606 0
0.335303 0
0.766803 0
0.823558 0
1.115556 0
0.462103 0
1.984575 0
0.801744 0
0.038639 0
0.013068 0
0.446832 0
0.049176 0
0.433600 0
0.290137 0
1.851951 0
2.026031 0
0.319024 0
0.763625 0
0.356609 0
0.353933 0
0.473198 0
0.100285 0
0.010290 0
0.229416 0
1.213746 0
0.985959 0
0.599504 0
0.125572 0
0.006325 0
1.588151 0
1.124581 0
0.118547 0
0.397848 0
1.216717 0
0.215602 0
0.691973 0
0.319219 0
0.105712 0
0.006195 0
0.345906 0
0.323976 0
0.155538 0
1.421815 0
1.102591 0
0.408519 0
0.255927 0
0.219064 0
0.717608 0
0.101332 0
0.161511 0
0.253565 0
0.813701 0
0.024407 0
0.422747 0
0.057231 0
0.119508 0
0.971965 0
0.333363 0
0.857593 0
1.130982 0
0.853399 0
1.492471 0
0.834463 0
0.345232 0
0.023557 0
0.707867 0
0.422759 0
0.238121 0
0.409255 0
1.324624 0
0.036751 0
0.186271 0
0.371968 0
0.468398 0
0.706733 0
0.062652 0
0.106596 0
1.198806 0
1.334497 0
0.032167 0
0.022385 0
0.205955 0
0.338477 0
0.695564 0
0.249117 0
0.694717 0
0.189047 0
1.373525 0
0.194274 0
0.032001 0
0.494966 0
0.630721 0
1.609094 0
0.739414 0
0.426084 0
1.126318 0
0.422567 0
0.223809 0
1.492851 0
0.649266 0
0.206331 0
0.804104 0
0.164983 0
0.489243 0
0.338810 0
0.443079 0
0.239407 0
0.338803 0
0.100438 0
0.411284 0
0.174783 0
0.233827 0
0.677124 0
1.356831 0
0.301674 0
0.507236 0
1.175271 0
1.062119 0
0.047076 0
0.380315 0
0.510716 0
0.037303 0
0.431236 0
0.588868 0
0.557334 0
0.535546 0
0.197829 0
0.082188 0
1.556937 0
0.575698 0
0.256242 0
0.618542 0
0.157699 0
0.008452 0
1.360429 0
0.676436 0
0.006070 0
0.935143 0
0.144312 0
1.686183 0
0.365375 0
0.603123 0
0.693600 0
0.446168 0
0.100287 0
0.655174 0
0.032789 0
0.080598 0
0.020348 0
0.160486 0
0.773777 0
0.052196 0
0.379267 0
0.293504 0
0.247545 0
0.328429 0
0.115890 0
0.138755 0
0.172368 0
0.189564 0
0.121594 0
0.152859 0
0.755178 0
0.127932 0
1.287310 0
0.666681 0
0.505821 0
0.362097 0
0.050353 0
0.249508 0
0.662795 0
0.160035 0
0.037814 0
0.531606 0
0.271177 0
0.155813 0
1.483365 0
0.199684 0
0.373370 0
0.120669 0
0.740717 0
0.092957 0
0.304797 0
0.480104 0
1.650034 0
0.327087 0
0.241010 0
0.653708 0
0.371167 0
0.223451 0
0.116228 0
0.212437 0
0.277177 0
0.218799 0
0.613194 0
0.115562 0
0.509851 0
0.211001 0
1.653280 0
0.722161 0
0.404275 0
1.623277 0
0.436186 0
1.302242 0
0.215900 0
0.532519 0
0.408547 0
0.659504 0
0.299402 0
0.232624 0
0.896998 0
0.677507 0
0.456917 0
0.967900 0
0.434034 0
0.140055 0
0.416155 0
0.441538 0
0.075763 0
1.268876 0
0.940539 0
0.035643 0
1.111089 0
0.088292 0
0.216670 0
0.224191 0
1.192969 0
0.977875 0
0.135965 0
0.014487 0
1.162627 0
0.214920 0
0.202597 0
0.422796 0
1.148376 0
0.108424 0
1.604338 0
1.286244 0
0.470208 0
0.782463 0
0.037298 0
0.489951 0
0.712216 0
0.647752 0
0.968172 0
0.351478 0
0.111266 0
0.296682 0
0.155328 0
0.433741 0
0.540535 0
1.491897 0
1.962864 0
0.331719 0
0.189348 0
1.272775 0
0.067263 0
0.869801 0
0.418023 0
0.778037 0
1.066561 0
0.319348 0
0.236130 0
0.642116 0
1.033315 0
0.302141 0
0.150814 0
1.030314 0
0.321427 0
0.274753 0
1.378343 0
0.477679 0
1.462672 0
1.579558 0
0.750488 0
0.857200 0
0.614404 0
0.192467 0
0.107601 0
1.213479 0
0.143351 0
0.068372 0
0.065433 0
0.677684 0
0.643196 0
1.019401 0
0.847440 0
0.176815 0
1.026505 0
0.343708 0
1.201937 0
0.305712 0
0.809779 0
0.681916 0
0.888694 0
0.160213 0
0.178827 0
1.430491 0
0.013949 0
0.715917 0
0.744928 0
0.156626 0
0.483559 0
0.131007 0
0.502630 0
0.243143 0
0.314933 0
0.110567 0
1.460059 0
0.315504 0
1.003579 0
0.863153 0
0.873837 0
0.472149 0
0.755333 0
1.454575 0
0.021654 0
0.614009 0
0.647913 0
0.152738 0
0.551654 0
0.392700 0
0.195345 0
1.523018 0
0.113607 0
0.702064 0
0.047675 0
1.583215 0
0.706296 0
0.043369 0
0.151953 0
0.084205 0
0.307966 0
0.310610 0
0.523879 0
0.590974 0
1.401159 0
0.587579 0
0.333071 0
0.147687 0
1.560692 0
0.565016 0
1.385396 0
0.269423 0
0.062827 0
0.099256 0
1.335130 0
0.357760 0
0.263131 0
0.081121 0
1.108956 0
1.755461 0
0.103491 0
0.003630 0
1.539470 0
0.853875 0
0.704949 0
0.071581 0
0.665138 0
0.431066 0
0.428346 0
0.528669 0
0.066088 0
0.565257 0
1.109495 0
0.600823 0
0.215682 0
0.268583 0
0.174300 0
0.224993 0
1.187881 0
0.900313 0
0.896117 0
0.706426 0
0.324818 0
0.143627 0
0.305410 0
0.415065 0
0.722805 0
0.160234 0
0.688807 0
1.239652 0
0.514293 0
1.453740 0
1.429519 0
0.636202 0
0.597981 0
0.381904 0
0.192236 0
0.484596 0
0.111056 0
0.789075 0
0.459074 0
0.800417 0
0.118149 0
0.563317 0
0.031636 0
0.356740 0
0.301230 0
0.383202 0
0.224436 0
0.280315 0
0.884101 0
0.310177 0
0.085220 0
0.012685 0
0.298785 0
0.876520 0
0.633335 0
0.763996 0
0.030455 0
0.554232 0
1.443749 0
0.522626 0
0.215786 0
0.430603 0
0.365299 0
0.252056 0
0.619044 0
1.588468 0
0.105326 0
0.158730 0
0.378751 0
0.140854 0
0.499691 0
0.135541 0
1.064874 0
0.236310 0
0.247962 0
0.918973 0
0.400781 0
0.231103 0
0.813157 0
0.308662 0
0.082626 0
0.263164 0
0.139183 0
1.277922 0
1.271757 0
0.093214 0
1.875556 0
0.242771 0
0.320179 0
0.014309 0
0.475495 0
1.273460 0
0.928751 0
0.871367 0
0.491778 0
1.034893 0
0.276709 0
0.513504 0
0.069586 0
0.167496 0
0.174689 0
0.220552 0
0.302355 0
0.260452 0
0.259306 0
0.118902 0
0.239753 0
0.063790 0
0.164578 0
0.258245 0
0.494080 0
0.890750 0
0.321162 0
0.532666 0
0.315448 0
0.195771 0
0.733223 0
0.049743 0
0.465127 0
0.193016 0
0.245889 0
0.224302 0
0.459975 0
0.782952 0
0.106690 0
0.238509 0
0.326325 0
1.654450 0
0.060225 0
0.277760 0
0.454462 0
0.141231 0
0.367243 0
0.031436 0
0.035223 0
0.371164 0
0.619698 0
0.369641 0
0.187547 0
1.420448 0
0.740382 0
1.472529 0
0.284250 0
0.143325 0
0.209358 0
0.025381 0
0.007312 0
0.046419 0
0.062791 0
1.452835 0
0.543959 0
0.137812 0
0.718449 0
1.142464 0
0.123372 0
0.262155 0
1.350872 0
0.253464 0
1.342196 0
0.562189 0
0.137690 0
0.250302 0
0.508027 0
1.238572 0
0.125950 0
0.409690 0
0.021297 0
0.480123 0
0.583518 0
0.146204 0
0.137397 0
0.993592 0
1.512984 0
1.262129 0
0.683577 0
0.255554 0
0.427890 0
0.566512 0
0.379280 0
0.673375 0
1.098572 0
0.141885 0
0.016530 0
0.072913 0
0.553711 0
0.011958 0
0.074194 0
0.181952 0
0.809871 0
0.356802 0
0.274173 0
0.897553 0
0.472894 0
0.257687 0
0.321449 0
0.283880 0
0.818825 0
0.264241 0
0.312473 0
0.195039 0
0.680397 0
0.438477 0
0.581447 0
1.456549 0
0.789490 0
0.698048 0
0.362522 0
0.606611 0
1.239303 0
0.601329 0
0.650602 0
0.116868 0
0.159394 0
0.180677 0
0.529042 0
0.140585 0
0.507695 0
0.311551 0
0.121131 0
1.476136 0
0.051404 0
0.311031 0
0.137091 0
0.102946 0
0.174658 0
1.437702 0
0.607821 0
0.041556 0
0.807642 0
0.349626 0
1.420879 0
0.916340 0
0.597074 0
0.043968 0
1.467726 0
0.054072 0
0.397026 0
0.321327 0
0.199958 0
0.076321 0
0.140604 0
0.247114 0
0.330965 0
0.788373 0
0.552337 0
0.181342 0
1.278897 0
1.281057 0
1.462839 0
0.738843 0
0.364039 0
0.131860 0
1.026268 0
0.762565 0
0.784299 0
0.974583 0
0.584624 0
0.211801 0
0.162527 0
0.229134 0
0.826211 0
0.058390 0
0.867223 0
1.205849 0
0.544950 0
0.138773 0
0.196150 0
0.884061 0
0.129524 0
0.936628 0
0.699683 0
1.153632 0
0.386560 0
0.050954 0
0.009588 0
1.405191 0
0.069107 0
1.427846 0
0.699110 0
0.352386 0
0.037212 0
0.174035 0
1.252118 0
0.125460 0
0.537962 0
1.335234 0
0.701464 0
0.202167 0
1.456403 0
0.188148 0
0.147563 0
0.236737 0
0.539029 0
1.086818 0
1.424794 0
0.486887 0
0.028811 0
0.138392 0
0.465474 0
0.519303 0
0.354113 0
0.371286 0
0.602729 0
0.027882 0
0.138798 0
0.657484 0
1.554992 0
0.363117 0
0.453311 0
0.196170 0
0.074204 0
1.557162 0
0.053810 0
0.604941 0
0.291226 0
0.165586 0
0.988021 0
0.853534 0
0.051142 0
0.046174 0
0.289715 0
0.632958 0
0.835342 0
0.036188 0
0.103240 0
0.255807 0
0.038858 0
0.123342 0
0.808908 0
0.071250 0
0.239499 0
0.329915 0
1.487634 0
0.434492 0
0.243602 0
0.291210 0
0.684667 0
0.196628 0
0.357653 0
0.130987 0
0.274660 0
0.356289 0
0.473360 0
0.906754 0
0.125955 0
0.124894 0
0.210020 0
0.244385 0
0.046236 0
0.313472 0
0.498604 0
0.325274 0
0.577935 0
1.120273 0
0.537073 0
0.351476 0
0.282933 0
0.066461 0
0.987181 0
0.064048 0
0.522156 0
0.307422 0
0.687299 0
0.323495 0
0.019060 0
1.642795 0
0.863928 0
0.237993 0
0.217777 0
1.371324 0
0.893362 0
0.360570 0
1.199931 0
0.272606 0
0.242205 0
0.872421 0
1.400751 0
1.164751 0
1.394454 0
0.922236 0
0.094756 0
0.250322 0
0.406654 0
0.315906 0
0.054904 0
0.024647 0
0.234987 0
0.199669 0
0.141301 0
0.937849 0
0.975919 0
0.238815 0
1.032288 0
0.731571 0
0.885652 0
0.326099 0
1.176927 0
0.087869 0
0.656701 0
0.365713 0
0.307766 0
0.017376 0
0.387801 0
0.339375 0
0.798754 0
0.081819 0
1.313831 0
0.028893 0
0.031379 0
1.167629 0
0.442859 0
0.812479 0
1.636370 0
1.183334 0
0.633332 0
0.288267 0
0.713010 0
0.220220 0
0.063314 0
0.203548 0
0.210616 0
0.229368 0
0.489056 0
0.795830 0
0.816786 0
0.102340 0
0.137278 0
0.455026 0
0.824577 0
0.116550 0
0.251132 0
0.630624 0
0.092615 0
0.308105 0
0.428895 0
0.414874 0
0.260797 0
0.658012 0
1.238340 0
0.373408 0
0.427703 0
0.041592 0
0.179924 0
0.231259 0
0.353104 0
0.263840 0
0.057367 0
0.684222 0
0.154201 0
0.237075 0
0.293293 0
0.447382 0
1.388289 0
0.332206 0
0.031791 0
0.360314 0
0.258073 0
0.410473 0
1.599328 0
0.559983 0
0.386513 0
0.600389 0
0.460569 0
1.187205 0
0.287770 0
0.170063 0
0.526443 0
0.107791 0
0.116252 0
0.349602 0
1.006232 0
0.398216 0
0.402826 0
0.688336 0
1.228022 0
0.291737 0
0.060073 0
1.454151 0
0.204858 0
0.674001 0
0.110667 0
0.665560 0
0.424006 0
0.172070 0
1.081348 0
0.055978 0
0.090592 0
0.191327 0
0.656892 0
0.256652 0
0.222272 0
0.691819 0
0.386811 0
0.530283 0
0.101661 0
0.813792 0
0.601451 0
0.244592 0
0.281403 0
0.492670 0
1.373143 0
0.300641 0
0.091336 0
0.509689 0
0.352856 0
0.597312 0
0.184806 0
1.295245 0
0.184337 0
0.281280 0
0.960959 0
0.396964 0
0.517550 0
0.050653 0
1.537639 0
0.987363 0
0.944868 0
2.212833 0
0.127152 0
0.641705 0
0.152742 0
0.434514 0
1.673896 0
0.174071 0
0.534083 0
0.044533 0
1.040470 0
0.649465 0
0.104514 0
0.453208 0
0.240036 0
0.709291 0
0.244549 0
1.000667 0
0.679633 0
0.641505 0
0.356953 0
0.337792 0
1.450128 0
0.133579 0
0.940801 0
0.049445 0
0.276952 0
0.229572 0
0.720132 0
0.397758 0
1.536305 0
0.039408 0
1.831676 0
0.413153 0
0.135571 0
0.156063 0
0.143352 0
0.106367 0
0.641564 0
0.295463 0
0.349535 0
0.180742 0
0.354283 0
0.380768 0
0.635164 0
0.288776 0
0.715281 0
0.454715 0
0.118834 0
0.762339 0
0.232680 0
0.272197 0
1.058263 0
0.186085 0
0.020258 0
0.203627 0
1.213018 0
1.374354 0
1.358434 0
0.017070 0
1.526612 0
1.036994 0
0.505548 0
0.117209 0
0.143119 0
1.038023 0
0.266856 0
0.965209 0
0.160838 0
0.489095 0
0.528052 0
0.148881 0
0.088783 0
0.162311 0
1.411034 0
0.403609 0
0.151999 0
0.186565 0
0.465770 0
1.383579 0
1.410196 0
0.029251 0
0.310295 0
0.443025 0
0.324306 0
1.856586 0
0.046654 0
0.035902 0
0.309515 0
0.591275 0
0.968348 0
0.013461 0
1.037034 0
0.339014 0
0.179035 0
0.219923 0
0.377921 0
0.041148 0
0.890219 0
0.585226 0
0.328780 0
1.647585 0
0.085601 0
0.259888 0
0.486381 0
1.497851 0
0.027427 0
0.289482 0
0.262987 0
0.193173 0
0.067679 0
0.280580 0
0.136068 0
0.800034 0
0.490314 0
0.613860 0
0.087662 0
0.336327 0
0.171828 0
0.349762 0
0.301807 0
0.460142 0
0.823585 0
0.073448 0
0.449181 0
0.792692 0
0.112042 0
0.159738 0
0.942855 0
0.416097 0
0.359197 0
0.474926 0
0.216158 0
0.602635 0
0.539268 0
0.037366 0
0.030001 0
0.146035 0
1.578629 0
1.476334 0
0.099152 0
0.159034 0
0.119561 0
0.718076 0
0.038998 0
0.101890 0
0.319293 0
0.519221 0
1.214757 0
0.225157 0
0.419653 0
0.446655 0
0.844211 0
0.330526 0
0.355403 0
0.676221 0
0.204215 0
0.307793 0
0.008430 0
0.169371 0
1.098810 0
0.011666 0
0.492943 0
0.130738 0
1.149898 0
0.269828 0
0.570881 0
1.395217 0
0.646445 0
0.492103 0
1.500471 0
1.521231 0
0.556521 0
1.529035 0
0.181904 0
0.049226 0
0.052495 0
0.480499 0
0.103614 0
0.331207 0
0.140162 0
1.266836 0
0.395531 0
0.379120 0
0.023307 0
0.053264 0
0.248875 0
0.180106 0
0.124058 0
0.274668 0
0.065121 0
0.661689 0
0.677088 0
0.370425 0
0.540683 0
0.299521 0
0.266061 0
0.062169 0
0.732901 0
2.197859 0
0.918115 0
0.565760 0
1.126577 0
0.082455 0
0.150135 0
0.119710 0
0.045480 0
0.410764 0
0.039029 0
0.668280 0
0.121685 0
1.390375 0
0.122827 0
0.336512 0
0.299558 0
0.076932 0
0.174319 0
0.109713 0
0.414567 0
0.015450 0
0.911788 0
0.023129 0
1.179485 0
1.391907 0
0.061116 0
0.314187 0
0.844762 0
0.624184 0
0.433905 0
1.169986 0
0.059165 0
0.360983 0
1.018645 0
0.022471 0
0.707988 0
0.561391 0
0.107035 0
0.073915 0
0.569725 0
0.444661 0
0.223086 0
1.073943 0
0.658729 0
0.124250 0
0.029731 0
0.578467 0
0.330094 0
0.467366 0
0.763395 0
0.845178 0
1.365413 0
0.646818 0
0.341584 0
0.107363 0
0.776142 0
0.496759 0
0.434842 0
0.875826 0
0.487877 0
0.969395 0
0.210976 0
0.871694 0
0.956032 0
0.319418 0
0.299835 0
0.186687 0
0.366073 0
0.203972 0
0.082189 0
0.358845 0
0.329061 0
0.775958 0
0.073290 0
0.349293 0
0.332022 0
0.806528 0
0.023183 0
0.306092 0
0.337014 0
0.017233 0
0.552375 0
0.186761 0
0.209594 0
0.359140 0
0.938483 0
0.254200 0
0.208855 0
0.304490 0
0.790201 0
0.516811 0
0.609466 0
0.554876 0
0.142342 0
0.699005 0
0.096372 0
0.139957 0
0.112771 0
0.722266 0
0.116061 0
1.130341 0
0.899720 0
0.348093 0
0.180796 0
0.837842 0
0.974234 0
0.426632 0
0.022230 0
1.637865 0
0.123606 0
0.023467 0
1.179440 0
0.102856 0
0.612472 0
0.833317 0
0.058976 0
0.141813 0
0.425560 0
0.241620 0
0.049816 0
0.240254 0
0.076026 0
1.015916 0
0.675738 0
0.196649 0
0.122524 0
0.011311 0
0.803124 0
0.227358 0
0.415758 0
0.237824 0
0.093127 0
1.395402 0
0.603832 0
0.682186 0
0.790427 0
0.172186 0
0.588822 0
1.570251 0
1.408697 0
0.019353 0
1.139121 0
0.864348 0
0.309037 0
0.005046 0
0.249079 0
0.790795 0
0.987674 0
1.185047 0
0.143011 0
0.026347 0
0.254886 0
0.453797 0
0.210388 0
0.300467 0
0.126321 0
0.040832 0
0.234813 0
0.162770 0
0.360612 0
0.295254 0
0.221007 0
0.259782 0
0.722617 0
1.544240 0
0.209740 0
0.195578 0
0.319757 0
0.113915 0
0.229920 0
0.363054 0
0.916016 0
0.076824 0
0.032179 0
1.944692 0
1.470234 0
0.801857 0
0.155534 0
0.231715 0
0.700569 0
0.361686 0
0.227556 0
0.105718 0
0.695064 0
0.592510 0
1.448184 0
0.841782 0
0.276092 0
0.369371 0
1.154307 0
0.075889 0
0.236960 0
0.195749 0
0.117649 0
0.832722 0
0.838911 0
0.663922 0
0.044447 0
0.048780 0
0.582779 0
0.666681 0
0.097914 0
1.239920 0
0.386564 0
0.147017 0
1.407345 0
0.659338 0
0.564354 0
0.560038 0
0.100347 0
0.135634 0
0.608460 0
1.031101 0
0.007743 0
1.360494 0
0.317642 0
0.477580 0
0.985304 0
1.715667 0
0.120866 0
1.115425 0
0.182780 0
1.175442 0
0.853883 0
0.135565 0
0.135930 0
1.091364 0
0.049817 0
1.400457 0
0.803986 0
0.076101 0
1.614274 0
0.442646 0
1.463774 0
0.742723 0
0.022000 0
0.050748 0
0.741954 0
0.182984 0
0.151932 0
0.256429 0
0.113886 0
0.046543 0
0.069454 0
0.529945 0
0.765935 0
0.214230 0
0.054390 0
0.626370 0
0.030773 0
0.040442 0
0.211080 0
0.189157 0
1.267791 0
0.145383 0
0.098655 0
0.185015 0
0.266517 0
0.758534 0
0.101504 0
0.108511 0
0.386065 0
0.457923 0
0.264286 0
0.270064 0
0.141220 0
0.179693 0
0.167552 0
0.146090 0
1.313907 0
0.361717 0
0.283213 0
0.640787 0
0.386293 0
0.555001 0
0.189569 0
0.266211 0
1.622809 0
0.179556 0
0.077986 0
0.654305 0
0.170641 0
0.956808 0
0.035538 0
0.585146 0
0.401076 0
0.477654 0
0.359375 0
1.023651 0
0.629794 0
0.252654 0
0.338013 0
0.255520 0
0.141172 0
0.567019 0
0.339503 0
0.630596 0
0.028922 0
0.450426 0
0.122666 0
0.879858 0
1.582356 0
0.576649 0
0.088002 0
0.812306 0
0.445826 0
0.418151 0
0.294761 0
0.223388 0
0.116000 0
0.048150 0
0.592475 0
0.155851 0
0.239083 0
0.708743 0
0.007505 0
0.738059 0
0.444841 0
0.280347 0
0.487766 0
0.067260 0
0.068322 0
0.804942 0
0.445123 0
0.519444 0
0.385756 0
1.527538 0
0.469198 0
0.104875 0
0.728902 0
0.608167 0
0.391915 0
0.162249 0
0.031172 0
1.024273 0
0.051360 0
0.075830 0
0.281937 0
0.034258 0
0.905253 0
0.254606 0
0.272797 0
0.511983 0
0.092685 0
0.387599 0
0.821795 0
0.724312 0
1.786827 0
0.098573 0
0.572836 0
0.415480 0
0.876108 0
0.186574 0
0.702484 0
0.403776 0
0.683447 0
0.066194 0
0.959308 0
0.116999 0
0.428945 0
0.571215 0
1.323620 0
0.805213 0
0.041820 0
0.461223 0
0.786043 0
1.361532 0
0.170867 0
0.608225 0
0.270414 0
0.367309 0
0.605951 0
0.747928 0
0.416313 0
0.023405 0
0.297534 0
1.516086 0
0.295570 0
0.240656 0
0.032031 0
0.018645 0
1.380867 0
0.605222 0
1.231633 0
0.324412 0
1.410230 0
0.992714 0
0.949596 0
0.273944 0
0.576665 0
0.207314 0
0.274814 0
0.110478 0
0.514170 0
0.686870 0
0.360620 0
0.157581 0
0.209212 0
1.293922 0
0.347674 0
0.851230 0
1.816176 0
0.964566 0
0.091067 0
0.817286 0
0.216105 0
1.360240 0
0.164729 0
1.097304 0
0.060724 0
0.912288 0
0.853921 0
0.196387 0
0.186008 0
0.144710 0
0.665698 0
0.574530 0
0.119088 0
0.105449 0
0.434130 0
1.076543 0
1.331629 0
0.173680 0
0.167332 0
1.402030 0
0.834374 0
1.957972 0
0.022001 0
1.539814 0
0.265994 0
0.666330 0
1.152135 0
0.177370 0
0.261200 0
0.552995 0
0.334064 0
1.172207 0
1.186236 0
0.044699 0
0.220551 0
0.103456 0
0.078694 0
0.592394 0
0.531970 0
0.321654 0
1.251254 0
1.023850 0
0.382209 0
0.643814 0
0.244079 0
0.182490 0
0.118234 0
0.322634 0
0.977147 0
1.151858 0
1.145903 0
0.165012 0
0.447700 0
1.135671 0
1.420190 0
1.522809 0
0.061658 0
0.605204 0
0.389909 0
0.169094 0
0.043277 0
1.005691 0
0.070496 0
0.311375 0
0.247132 0
0.268368 0
0.500269 0
0.225824 0
0.138822 0
0.093070 0
0.520330 0
0.302203 0
0.258545 0
0.058928 0
0.418419 0
0.081670 0
0.595857 0
0.297771 0
1.421052 0
0.426065 0
0.452571 0
0.105297 0
0.298541 0
0.021412 0
0.057228 0
0.015457 0
0.196542 0
0.058944 0
0.816618 0
1.371087 0
0.164761 0
0.300516 0
0.589083 0
0.383493 0
0.207067 0
0.041926 0
1.065118 0
0.307256 0
0.551160 0
0.033893 0
0.582432 0
0.298101 0
0.376242 0
1.494591 0
1.621828 0
0.059595 0
1.058276 0
0.068952 0
0.739324 0
0.718433 0
0.469602 0
0.421606 0
0.148641 0
0.035005 0
0.224501 0
0.013127 0
0.032830 0
0.532559 0
0.236449 0
1.395107 0
0.608438 0
0.216295 0
0.571732 0
0.097684 0
0.683589 0
0.180995 0
0.376575 0
0.392557 0
0.458215 0
0.036221 0
0.062597 0
0.337766 0
0.013815 0
1.471922 0
0.043629 0
0.296518 0
0.161154 0
0.455357 0
1.412897 0
0.453373 0
0.578418 0
1.407456 0
1.902637 0
0.094199 0
0.421931 0
0.162199 0
0.130975 0
0.079897 0
0.237799 0
0.101189 0
0.331980 0
0.411026 0
0.304273 0
0.062346 0
0.072220 0
0.202782 0
0.201788 0
0.109270 0
1.422912 0
1.660869 0
0.385700 0
1.232777 0
0.221462 0
0.020022 0
0.289827 0
1.380174 0
0.254310 0
0.022357 0
0.294542 0
0.133715 0
0.156318 0
1.662171 0
0.096754 0
0.483688 0
0.601039 0
0.034318 0
1.467607 0
1.495381 0
0.067501 0
0.523939 0
0.146272 0
0.274266 0
0.030787 0
0.139372 0
0.735173 0
0.063673 0
0.804877 0
0.991686 0
1.387552 0
0.051959 0
0.128712 0
0.423721 0
0.706198 0
0.125678 0
0.629871 0
1.003551 0
0.130455 0
0.258249 0
0.659531 0
1.701626 0
0.220809 0
0.700790 0
0.559241 0
1.278321 0
0.402685 0
0.723775 0
1.268786 0
0.394590 0
0.194786 0
0.396986 0
0.554496 0
1.459410 0
0.400943 0
0.314225 0
1.156753 0
0.342699 0
1.399838 0
0.250235 0
1.049009 0
0.195829 0
0.817317 0
0.008488 0
0.208650 0
0.640165 0
0.248840 0
0.573325 0
0.489800 0
1.219441 0
0.355404 0
0.504259 0
0.108314 0
0.006297 0
0.324698 0
0.233228 0
0.581673 0
0.080406 0
0.281679 0
0.632608 0
0.643331 0
0.786626 0
0.228528 0
0.611340 0
0.491558 0
1.444749 0
0.199832 0
1.598801 0
0.701144 0
0.977722 0
1.076286 0
0.953251 0
0.086625 0
0.216614 0
0.719187 0
0.443469 0
0.822521 0
0.588420 0
0.661197 0
0.206163 0
0.587349 0
0.851096 0
0.665325 0
0.105904 0
0.123630 0
0.448304 0
0.086394 0
1.112438 0
0.750314 0
0.081784 0
1.091068 0
0.170904 0
0.197639 0
1.434071 0
0.019062 0
0.832711 0
0.431839 0
0.493314 0
0.157989 0
0.500730 0
0.185343 0
0.754563 0
0.020091 0
0.557573 0
0.447944 0
0.939441 0
0.091999 0
1.501323 0
0.870683 0
0.242152 0
0.240928 0
0.734325 0
0.233006 0
0.763163 0
0.086161 0
1.552613 0
0.327246 0
0.495368 0
0.029152 0
0.554242 0
1.537019 0
0.694382 0
0.262919 0
0.438037 0
0.051512 0
0.420532 0
0.416185 0
0.266647 0
0.018711 0
0.930952 0
0.213728 0
0.213110 0
0.071588 0
0.234637 0
0.177334 0
0.250272 0
0.977004 0
0.180708 0
0.023903 0
0.348062 0
0.179516 0
0.028968 0
1.451540 0
0.047813 0
0.208022 0
0.843953 0
0.070235 0
0.552506 0
0.197047 0
0.302015 0
0.494427 0
0.860447 0
1.005173 0
0.211958 0
0.301779 0
0.421325 0
1.187400 0
0.666104 0
0.602129 0
0.554600 0
0.203333 0
0.310505 0
0.096357 0
0.758527 0
0.090742 0
0.038678 0
0.155569 0
0.200404 0
0.159553 0
0.081303 0
0.062884 0
1.389228 0
0.990111 0
0.069926 0
0.306478 0
0.341098 0
0.709081 0
0.240279 0
1.433561 0
1.136086 0
0.866935 0
0.308930 0
1.056605 0
0.030928 0
1.366480 0
0.057119 0
0.091470 0
0.284600 0
0.584393 0
0.167985 0
0.097511 0
0.330111 0
0.280279 0
0.511588 0
0.444605 0
1.363937 0
0.376410 0
0.464998 0
0.980796 0
1.164918 0
0.212363 0
0.108813 0
0.342053 0
0.701949 0
0.534188 0
0.631614 0
0.216154 0
0.207041 0
1.111076 0
0.215392 0
0.069793 0
0.342215 0
1.571706 0
0.598390 0
0.226240 0
0.573627 0
0.426111 0
0.739885 0
0.530470 0
0.119441 0
0.391631 0
0.244735 0
0.497178 0
0.790318 0
0.237198 0
0.154177 0
0.789352 0
1.452903 0
0.056570 0
0.653569 0
0.600035 0
0.369873 0
0.029485 0
0.022715 0
0.693790 0
0.661777 0
0.684663 0
0.260923 0
0.344622 0
1.421206 0
0.064882 0
0.014761 0
0.332869 0
0.625324 0
0.739479 0
0.335310 0
0.371549 0
0.091630 0
0.575577 0
0.402842 0
0.146819 0
0.640063 0
0.841393 0
1.397712 0
0.037275 0
0.234909 0
1.204364 0
0.693869 0
0.716389 0
1.362283 0
1.323535 0
0.458427 0
0.688296 0
0.754947 0
0.329488 0
1.148989 0
0.151007 0
0.015770 0
0.805562 0
0.737091 0
1.378932 0
0.646609 0
1.375884 0
0.019017 0
1.170955 0
0.575100 0
0.875873 0
0.146298 0
0.225804 0
0.129016 0
0.030526 0
0.510044 0
0.327944 0
0.923184 0
0.160825 0
1.123634 0
1.024317 0
0.556499 0
0.230598 0
0.050750 0
0.072733 0
0.230150 0
0.213788 0
0.747012 0
0.863365 0
0.667541 0
0.779549 0
0.339426 0
0.044905 0
0.031157 0
0.030539 0
1.139816 0
0.188009 0
0.184967 0
0.241570 0
0.141475 0
0.868541 0
0.043444 0
0.061647 0
0.175743 0
0.396310 0
0.272984 0
0.119232 0
0.142577 0
1.317878 0
0.709237 0
0.254036 0
1.044121 0
0.492507 0
0.739427 0
0.599203 0
0.273608 0
0.589970 0
1.413743 0
0.109552 0
0.088369 0
0.284955 0
0.056346 0
0.454227 0
1.180379 0
0.188157 0
0.043808 0
0.022760 0
0.269835 0
0.897675 0
0.161425 0
0.866654 0
0.112072 0
0.696742 0
0.217895 0
0.733371 0
1.176673 0
0.372395 0
0.642352 0
0.174925 0
0.568987 0
0.277429 0
0.938521 0
0.444796 0
0.892934 0
0.495590 0
0.271272 0
0.943128 0
0.177957 0
0.094916 0
0.499287 0
0.104772 0
0.935191 0
0.532023 0
1.433623 0
0.183269 0
0.163765 0
0.849376 0
0.797049 0
0.674100 0
1.216330 0
1.422409 0
0.242682 0
0.012521 0
0.117815 0
1.404097 0
0.263107 0
0.167010 0
0.087353 0
0.015888 0
0.503150 0
0.391273 0
0.659885 0
0.512334 0
0.010614 0
1.796451 0
0.581743 0
0.250918 0
0.509510 0
0.125465 0
1.539372 0
1.029393 0
0.649695 0
0.076937 0
0.154857 0
1.000935 0
0.092559 0
0.053219 0
0.546030 0
0.155863 0
0.301858 0
0.305375 0
0.045652 0
0.004248 0
0.886257 0
0.378659 0
0.479289 0
1.182882 0
0.058413 0
0.874644 0
0.188574 0
0.005618 0
0.379442 0
0.239393 0
0.017658 0
1.163725 0
0.076492 0
1.359057 0
0.384467 0
0.690329 0
0.064336 0
0.089245 0
0.266685 0
0.208545 0
0.430692 0
0.132379 0
0.642296 0
0.568166 0
0.624409 0
0.100312 0
0.002515 0
0.674103 0
0.270128 0
0.372823 0
0.328875 0
0.155166 0
0.140588 0
0.250434 0
0.782869 0
0.882140 0
0.619569 0
0.082516 0
1.371305 0
0.328299 0
0.870731 0
0.082798 0
0.196045 0
0.606597 0
0.963029 0
0.427253 0
1.554268 0
0.737088 0
0.704358 0
1.661750 0
0.421965 0
0.772836 0
0.249067 0
0.272744 0
1.875575 0
1.459621 0
0.198332 0
0.142131 0
0.025291 0
0.080836 0
0.029762 0
0.209797 0
0.045006 0
0.059829 0
0.299201 0
0.881496 0
1.411140 0
0.779921 0
0.607691 0
0.260359 0
0.181608 0
0.024965 0
0.129038 0
0.213600 0
0.074261 0
0.225842 0
1.361174 0
0.200333 0
0.613265 0
0.527192 0
0.317150 0
0.055030 0
0.536996 0
0.140772 0
0.745010 0
1.270520 0
1.333988 0
0.864594 0
0.486618 0
0.132258 0
0.810518 0
0.613523 0
0.154945 0
0.112389 0
0.104189 0
0.128691 0
0.378362 0
0.226083 0
0.066226 0
0.374633 0
0.263102 0
0.587942 0
1.625683 0
0.231727 0
0.400275 0
1.328972 0
0.606409 0
0.073949 0
0.266899 0
1.118845 0
1.439450 0
0.550704 0
0.958630 0
0.111368 0
0.150016 0
0.762904 0
0.211755 0
0.225454 0
0.049820 0
0.779265 0
0.849744 0
0.705668 0
0.086184 0
0.975253 0
0.356164 0
1.377569 0
0.207514 0
1.239697 0
1.030618 0
0.079853 0
0.128903 0
0.519339 0
0.368117 0
0.445658 0
0.220625 0
0.401904 0
0.280858 0
0.584145 0
0.934812 0
0.208186 0
0.299110 0
0.070396 0
0.238533 0
0.119639 0
0.430452 0
0.857278 0
0.188340 0
0.193606 0
0.379806 0
0.160974 0
0.397719 0
1.002818 0
0.549858 0
0.082759 0
1.575444 0
0.953720 0
0.353059 0
0.348806 0
0.244444 0
0.153247 0
0.092176 0
0.123057 0
0.498837 0
0.548698 0
1.399720 0
1.641591 0
0.324726 0
0.798590 0
0.452188 0
0.398780 0
0.358626 0
0.033340 0
1.508962 0
0.680995 0
0.200367 0
0.178335 0
0.214498 0
0.674222 0
0.286342 0
0.029038 0
1.293734 0
0.683217 0
0.303082 0
0.117649 0
0.316316 0
0.699682 0
0.586089 0
0.433096 0
0.331002 0
0.804190 0
0.063313 0
0.412452 0
0.053800 0
0.006567 0
0.088528 0
0.207977 0
0.919387 0
1.015901 0
0.825881 0
1.366499 0
0.074171 0
0.188209 0
0.522577 0
0.026278 0
0.495635 0
0.016825 0
0.082808 0
1.255624 0
0.029462 0
0.263340 0
0.768579 0
0.528831 0
0.011223 0
0.667919 0
0.056376 0
0.210138 0
0.505552 0
0.963412 0
0.249227 0
0.013519 0
0.241226 0
0.222670 0
0.520513 0
0.198928 0
0.706675 0
1.461056 0
0.690371 0
0.551539 0
0.587333 0
1.594673 0
0.771221 0
0.617809 0
0.528544 0
0.713967 0
0.951084 0
0.255775 0
0.189035 0
0.587221 0
0.123130 0
0.575138 0
0.107263 0
0.142725 0
0.661146 0
0.862441 0
0.900186 0
0.316632 0
0.080594 0
1.210217 0
0.769424 0
0.497081 0
0.457216 0
0.175347 0
0.265243 0
0.493189 0
0.018393 0
0.206995 0
0.354008 0
0.833811 0
0.727733 0
1.482388 0
0.154676 0
0.763664 0
1.421035 0
0.281781 0
0.414623 0
1.075188 0
0.826468 0
1.017610 0
0.156214 0
0.824674 0
0.931288 0
0.151991 0
1.517185 0
0.299829 0
0.630854 0
0.145869 0
1.067510 0
0.166735 0
0.701336 0
1.521830 0
0.472862 0
1.076489 0
0.631697 0
0.737014 0
0.305975 0
0.009226 0
0.110115 0
0.885957 0
0.216414 0
0.026767 0
1.452125 0
0.098442 0
0.680275 0
1.042995 0
0.822711 0
0.451497 0
0.448819 0
0.841517 0
0.372227 0
0.022937 0
0.286898 0
0.271998 0
0.353672 0
0.016730 0
0.434714 0
0.260877 0
0.164878 0
0.121362 0
0.543291 0
0.806754 0
0.929897 0
0.621873 0
0.266257 0
0.181044 0
0.176553 0
0.853769 0
0.156542 0
0.456742 0
0.298100 0
0.044422 0
0.566023 0
0.051477 0
0.183376 0
0.353830 0
0.779849 0
0.501473 0
0.068573 0
1.246146 0
1.394183 0
0.162806 0
1.612360 0
0.047519 0
1.696610 0
0.160920 0
0.185532 0
0.429984 0
0.925091 0
0.563610 0
0.732375 0
0.294694 0
0.686958 0
0.125527 0
0.053514 0
0.965023 0
1.357789 0
0.503699 0
0.200840 0
0.009291 0
0.498592 0
0.757313 0
0.429486 0
0.326289 0
0.128351 0
0.845739 0
0.233296 0
0.672740 0
0.634597 0
0.899116 0
1.756938 0
0.339407 0
0.182791 0
0.362563 0
0.511666 0
0.119238 0
0.380957 0
0.120366 0
0.741570 0
0.794694 0
0.651570 0
0.127854 0
0.641099 0
0.358772 0
0.102255 0
0.221790 0
0.243789 0
0.291155 0
0.261529 0
0.558394 0
0.772843 0
0.282419 0
0.233544 0
0.386975 0
0.377183 0
0.228741 0
0.510986 0
0.041147 0
0.196056 0
1.236309 0
0.096761 0
0.086028 0
0.480840 0
0.008101 0
1.404834 0
0.220155 0
0.750608 0
0.280472 0
0.081603 0
0.444466 0
0.328556 0
1.135811 0
0.594803 0
0.159443 0
0.992224 0
1.228839 0
0.343977 0
0.338282 0
0.219467 0
1.199929 0
0.553622 0
0.110300 0
0.584590 0
0.332591 0
0.289812 0
0.084011 0
0.022886 0
0.240914 0
0.581410 0
0.546138 0
0.825228 0
0.511796 0
0.458143 0
0.239312 0
1.826762 0
0.701490 0
0.616030 0
0.052039 0
0.926331 0
1.646919 0
0.011024 0
0.529731 0
0.419803 0
0.017600 0
0.072294 0
0.608891 0
0.039454 0
0.090798 0
0.359799 0
0.272522 0
0.238194 0
0.338856 0
0.053943 0
0.700388 0
0.945376 0
0.128356 0
0.353385 0
0.128212 0
1.129928 0
0.412708 0
0.396929 0
1.531678 0
0.270572 0
0.103856 0
0.156903 0
0.067093 0
1.447217 0
0.938255 0
0.615520 0
0.376522 0
0.082344 0
1.076531 0
0.254753 0
0.144809 0
0.199592 0
0.086899 0
0.009754 0
0.478724 0
0.006692 0
0.398124 0
1.609510 0
0.538234 0
0.066511 0
0.042599 0
0.084932 0
1.644208 0
0.386082 0
0.185267 0
0.626191 0
0.561024 0
0.273739 0
0.074320 0
0.715196 0
1.284628 0
1.003250 0
0.620006 0
0.716627 0
0.726383 0
1.090577 0
0.097994 0
0.491993 0
0.642673 0
0.088857 0
0.273112 0
0.277091 0
2.056546 0
0.173494 0
0.371134 0
0.379741 0
0.918276 0
0.908287 0
0.198013 0
0.631073 0
1.468931 0
0.097093 0
0.944585 0
0.354796 0
0.094791 0
0.767957 0
0.869278 0
0.356466 0
1.802088 0
0.253774 0
0.474606 0
0.030355 0
0.772502 0
0.710392 0
0.030527 0
0.295129 0
1.443154 0
0.046382 0
0.649001 0
1.444811 0
0.379088 0
0.152096 0
1.405168 0
0.255822 0
0.287709 0
0.086334 0
0.303279 0
0.943007 0
0.709067 0
0.462931 0
0.639164 0
0.084389 0
1.295981 0
0.166653 0
0.033577 0
0.029770 0
0.279625 0
0.205020 0
0.805738 0
0.398592 0
0.409580 0
0.246532 0
0.761336 0
0.663205 0
0.324518 0
0.170159 0
0.032032 0
0.199314 0
0.247757 0
0.208011 0
0.586461 0
0.835057 0
0.452134 0
0.367455 0
0.220730 0
0.197131 0
0.209280 0
0.450120 0
0.735848 0
0.835452 0
0.017189 0
0.148240 0
0.340551 0
0.827427 0
0.034383 0
1.465629 0
0.255402 0
0.511542 0
0.982334 0
1.375246 0
0.136585 0
0.127485 0
0.032444 0
0.579058 0
0.723753 0
0.002317 0
0.100055 0
1.198721 0
0.163001 0
0.985669 0
0.265220 0
0.462686 0
0.253351 0
0.071846 0
0.972729 0
0.034661 0
0.055562 0
0.121316 0
0.385356 0
0.036269 0
0.178118 0
0.222717 0
0.063116 0
0.046901 0
0.089447 0
0.140041 0
0.746349 0
0.424990 0
0.809644 0
0.435020 0
0.413659 0
1.446472 0
0.694287 0
0.142375 0
0.127213 0
0.504404 0
0.344226 0
0.819730 0
1.033818 0
1.612067 0
0.424430 0
0.508654 0
0.148891 0
0.134322 0
0.366217 0
0.605823 0
0.471299 0
0.142285 0
0.995831 0
0.816913 0
1.126304 0
0.632825 0
0.618914 0
0.298935 0
0.176323 0
0.056441 0
0.098664 0
0.022129 0
0.506227 0
0.999818 0
0.595911 0
0.481780 0
0.453959 0
0.232186 0
1.220238 0
0.836756 0
0.136149 0
0.024989 0
0.211628 0
0.139602 0
0.080260 0
0.128870 0
0.322774 0
0.034664 0
0.058318 0
0.499620 0
0.054025 0
0.328714 0
0.729394 0
1.163285 0
0.050959 0
0.555656 0
0.692280 0
0.257997 0
0.160995 0
0.041810 0
0.626657 0
0.220519 0
1.050893 0
0.100804 0
0.105564 0
0.006619 0
0.804685 0
0.090941 0
0.587134 0
0.217589 0
0.575975 0
0.154135 0
0.694882 0
0.459873 0
0.076841 0
0.818336 0
0.304411 0
0.256179 0
1.219208 0
0.261957 0
0.259944 0
1.462320 0
0.615568 0
0.096898 0
0.200565 0
0.782170 0
0.143024 0
0.376110 0
0.975620 0
0.479504 0
1.627525 0
0.500551 0
0.073343 0
0.408993 0
0.077199 0
0.303124 0
0.655607 0
0.650931 0
0.249598 0
0.455089 0
0.150817 0
0.114511 0
0.430897 0
0.149786 0
1.439390 0
0.357736 0
0.819732 0
0.938079 0
0.500801 0
0.492572 0
0.425046 0
0.193400 0
1.924740 0
1.423390 0
0.259954 0
1.525067 0
0.738222 0
0.779669 0
1.018590 0
0.260710 0
0.217865 0
0.568163 0
0.355336 0
0.276018 0
0.083072 0
0.184879 0
1.384555 0
0.830827 0
0.538494 0
0.180812 0
0.080652 0
0.360858 0
0.818940 0
0.731160 0
0.091019 0
0.022476 0
0.914024 0
0.037496 0
0.101374 0
0.325433 0
0.030094 0
0.021771 0
0.046272 0
0.649729 0
0.280678 0
0.248503 0
0.468270 0
0.564729 0
0.034752 0
0.466323 0
0.984997 0
0.925076 0
1.244599 0
0.295411 0
0.249280 0
0.225191 0
0.384628 0
0.318626 0
0.049688 0
0.204626 0
0.207864 0
1.223426 0
0.689557 0
0.402997 0
0.434109 0
0.737068 0
0.095815 0
0.301164 0
0.961977 0
0.970228 0
0.014838 0
0.177070 0
0.480131 0
0.580254 0
0.670681 0
0.076769 0
0.486605 0
0.819466 0
0.671784 0
0.871110 0
0.355254 0
0.178511 0
1.952343 0
1.639926 0
0.990743 0
0.101263 0
0.045039 0
0.454888 0
0.052568 0
0.247245 0
1.067530 0
0.154228 0
1.454593 0
0.862051 0
0.091155 0
1.406992 0
0.964692 0
0.905692 0
0.077506 0
0.057750 0
1.724026 0
0.343788 0
0.504588 0
1.141945 0
1.249234 0
0.458433 0
0.461889 0
1.475676 0
0.491569 0
0.102626 0
0.550169 0
0.950084 0
0.037684 0
0.221946 0
0.407400 0
0.294287 0
0.327956 0
0.643748 0
0.097156 0
0.247734 0
0.388449 0
0.459329 0
0.644534 0
0.762676 0
1.561859 0
0.218847 0
1.164643 0
0.203973 0
0.099665 0
0.468760 0
0.465758 0
0.348135 0
1.029037 0
0.425083 0
0.551176 0
0.285697 0
0.686541 0
0.359462 0
0.354493 0
0.528156 0
0.287744 0
1.206028 0
0.123327 0
0.182320 0
1.053273 0
1.067581 0
0.353623 0
0.967587 0
1.057693 0
1.112108 0
0.166022 0
0.663894 0
0.077873 0
0.187037 0
0.120105 0
0.843352 0
0.011209 0
0.324737 0
0.336989 0
0.358572 0
0.020082 0
0.089489 0
0.440188 0
0.727493 0
0.645621 0
0.079917 0
0.611486 0
1.327535 0
0.891694 0
0.374415 0
0.343819 0
0.260686 0
0.368168 0
0.084913 0
0.228726 0
0.088370 0
0.180460 0
0.955819 0
0.441806 0
0.139817 0
1.255442 0
1.491452 0
0.399112 0
0.756318 0
0.702248 0
0.091142 0
0.102252 0
1.840093 0
0.107332 0
1.310487 0
1.237956 0
0.298803 0
0.102932 0
0.484708 0
0.079390 0
1.364660 0
0.119692 0
0.165009 0
0.535479 0
0.178234 0
0.275016 0
1.512550 0
0.188507 0
0.556676 0
0.908919 0
0.175240 0
0.198069 0
0.172363 0
0.671665 0
0.049519 0
0.348629 0
1.321651 0
0.579491 0
0.134574 0
0.337441 0
0.647019 0
2.855428 0
0.423432 0
0.100888 0
0.050679 0
0.349772 0
0.420963 0
0.068417 0
0.135877 0
0.359538 0
0.255753 0
0.782480 0
0.217543 0
0.804867 0
0.394875 0
0.135085 0
0.047252 0
0.112388 0
1.117583 0
0.502151 0
0.488902 0
0.856248 0
0.421912 0
0.579649 0
0.825728 0
0.937304 0
0.158606 0
0.487056 0
1.108247 0
1.249403 0
0.965888 0
0.170425 0
0.629428 0
0.383233 0
0.089198 0
0.243320 0
0.216815 0
0.012822 0
0.246699 0
0.314551 0
0.004079 0
0.727540 0
0.436773 0
0.393156 0
0.398348 0
0.382122 0
1.242082 0
0.343204 0
0.478246 0
0.507479 0
0.366345 0
0.633852 0
0.039224 0
0.668141 0
0.292310 0
0.144026 0
1.056918 0
0.224347 0
0.200586 0
1.269195 0
0.333630 0
0.850785 0
1.451024 0
0.451841 0
0.854587 0
1.140351 0
0.437356 0
1.056582 0
0.193400 0
0.325109 0
0.150063 0
0.372977 0
0.310702 0
0.411397 0
1.541423 0
0.747337 0
0.173139 0
1.304197 0
0.245550 0
0.076095 0
1.364929 0
1.527693 0
0.426456 0
0.395938 0
0.633920 0
0.078306 0
0.342271 0
0.129211 0
0.216562 0
0.611945 0
0.433803 0
0.211226 0
0.078479 0
0.405729 0
0.140500 0
1.042140 0
0.751181 0
0.928146 0
0.161810 0
0.502442 0
0.022167 0
0.269390 0
0.630862 0
0.388074 0
0.756009 0
0.494155 0
0.524984 0
0.409249 0
0.052464 0
0.122717 0
0.308353 0
0.491119 0
1.442097 0
1.026293 0
0.424301 0
0.535028 0
0.049753 0
1.258381 0
0.568414 0
0.816881 0
0.235807 0
0.148133 0
0.479624 0
0.054539 0
0.953112 0
0.209869 0
0.502277 0
0.594989 0
0.750305 0
0.497365 0
0.692717 0
0.206141 0
0.183657 0
1.580837 0
0.114050 0
0.140805 0
0.017892 0
0.381716 0
1.339906 0
0.378420 0
0.074996 0
0.431357 0
0.478669 0
1.104967 0
1.120310 0
0.252856 0
0.610799 0
0.512527 0
2.009912 0
0.626756 0
0.547762 0
0.825975 0
0.216823 0
0.436408 0
0.675986 0
0.216961 0
0.248234 0
0.700907 0
0.187354 0
0.179673 0
0.220277 0
0.338057 0
1.738876 0
1.783961 0
0.629859 0
0.335929 0
0.841603 0
0.613027 0
0.566477 0
0.406014 0
1.593211 0
0.230867 0
0.098655 0
0.838475 0
1.136895 0
0.225774 0
0.540144 0
0.193701 0
0.201266 0
0.326957 0
0.220354 0
0.035161 0
0.517645 0
0.045960 0
0.102944 0
1.046442 0
1.028522 0
1.689577 0
0.556588 0
0.529244 0
0.412457 0
1.495855 0
1.560658 0
0.470691 0
1.450227 0
0.236841 0
0.600362 0
0.288536 0
0.766691 0
0.388038 0
0.317707 0
0.100083 0
0.420572 0
0.665339 0
0.147717 0
0.764677 0
0.132683 0
0.537404 0
1.132417 0
0.054237 0
0.385108 0
0.350112 0
0.494671 0
0.597599 0
0.235898 0
1.434674 0
1.139768 0
0.488453 0
1.019215 0
1.472737 0
0.220668 0
0.371327 0
0.609237 0
0.045756 0
0.071768 0
1.485493 0
0.617016 0
0.695273 0
0.219602 0
0.105607 0
0.018644 0
0.054361 0
0.305798 0
0.554867 0
0.265506 0
0.234927 0
0.142245 0
0.025737 0
0.009093 0
0.118085 0
0.425869 0
0.074080 0
0.808644 0
1.373144 0
0.649152 0
0.349172 0
1.430874 0
0.362237 0
0.948409 0
0.512170 0
0.573628 0
0.077911 0
0.054891 0
0.100582 0
0.181133 0
0.044013 0
0.287819 0
0.408022 0
0.445383 0
0.128851 0
0.722567 0
1.416225 0
0.171810 0
0.623332 0
1.543002 0
0.781806 0
1.518496 0
0.152347 0
0.242471 0
0.103626 0
0.339651 0
0.144526 0
0.356541 0
0.227945 0
0.367317 0
0.378752 0
0.149524 0
0.171152 0
0.385741 0
1.000994 0
0.220839 0
0.387145 0
0.306245 0
0.198986 0
1.363380 0
0.356156 0
0.134464 0
0.064510 0
0.066528 0
0.798466 0
0.242652 0
0.155119 0
0.349364 0
0.126533 0
0.166582 0
1.381401 0
0.798366 0
0.267195 0
0.073860 0
1.105336 0
0.269079 0
0.104273 0
0.637744 0
0.193512 0
0.574847 0
0.054035 0
0.023057 0
0.082461 0
0.324487 0
0.631529 0
0.028629 0
0.312487 0
0.169189 0
0.957390 0
0.363647 0
1.702766 0
1.361835 0
0.047373 0
1.113998 0
1.600405 0
0.393625 0
0.239584 0
0.610168 0
1.672780 0
1.591844 0
0.142085 0
0.834046 0
1.076958 0
0.015900 0
0.545677 0
0.066695 0
0.247247 0
0.035350 0
1.217965 0
0.276925 0
1.491705 0
0.468500 0
0.077120 0
0.053923 0
0.586639 0
0.290200 0
0.772331 0
1.541877 0
0.518966 0
1.464523 0
0.490379 0
0.795963 0
0.681750 0
0.447977 0
0.870072 0
0.383861 0
0.393007 0
0.799306 0
0.104223 0
0.444474 0
0.912301 0
0.361405 0
0.283109 0
0.637403 0
0.394777 0
0.605193 0
0.152694 0
0.095865 0
0.890740 0
0.282637 0
2.567780 0
0.537787 0
0.081382 0
0.697934 0
0.628519 0
0.705095 0
1.248320 0
0.218577 0
0.794901 0
1.000987 0
0.018360 0
0.328625 0
0.307336 0
0.241753 0
0.453812 0
0.316820 0
1.604235 0
0.171001 0
0.930538 0
1.257036 0
0.119335 0
0.235167 0
0.880950 0
0.954160 0
0.595907 0
0.341637 0
1.184611 0
0.105779 0
0.061036 0
1.753172 0
0.035050 0
1.268983 0
0.025422 0
0.351740 0
1.140692 0
0.199955 0
0.013432 0
0.025039 0
0.602600 0
1.187421 0
0.550371 0
0.093698 0
0.419308 0
0.272142 0
0.366956 0
0.024728 0
0.038810 0
0.731867 0
0.350371 0
0.545385 0
0.047813 0
0.306726 0
0.083250 0
0.781583 0
1.409927 0
0.112219 0
0.489723 0
0.298356 0
0.467947 0
0.430109 0
0.264874 0
0.979184 0
0.318119 0
0.564359 0
0.462937 0
0.180764 0
0.078762 0
1.205040 0
1.019071 0
0.566033 0
1.471991 0
0.905619 0
0.268670 0
0.508414 0
0.242387 0
0.676076 0
0.485964 0
0.596140 0
0.197161 0
0.885387 0
0.164158 0
0.676865 0
0.791625 0
0.046528 0
0.593391 0
0.250456 0
0.585697 0
0.852586 0
0.113291 0
0.618439 0
0.214897 0
1.031784 0
1.339724 0
0.279691 0
0.305779 0
0.058352 0
0.230220 0
0.248134 0
0.011125 0
0.399363 0
0.654372 0
0.177160 0
0.052997 0
0.672834 0
0.712063 0
0.020919 0
0.060638 0
0.090014 0
1.423920 0
0.302165 0
0.026796 0
1.331590 0
0.194866 0
0.498718 0
0.330153 0
0.446397 0
0.376394 0
0.951103 0
1.257368 0
0.350144 0
0.900202 0
0.210012 0
0.058938 0
1.472240 0
0.655405 0
0.023134 0
0.199679 0
1.441919 0
0.004798 0
1.199304 0
1.094599 0
1.389079 0
0.238192 0
0.004039 0
1.542042 0
0.302456 0
0.134316 0
0.605312 0
0.016715 0
1.250195 0
1.847143 0
1.368235 0
0.794859 0
0.629037 0
0.538712 0
0.067520 0
0.116754 0
0.117165 0
0.037352 0
0.201884 0
0.089442 0
0.933575 0
1.673799 0
0.082104 0
0.183301 0
0.444652 0
0.093370 0
0.998069 0
0.793680 0
1.082610 0
2.222733 0
0.611208 0
0.316551 0
0.708491 0
0.794291 0
0.327082 0
0.507052 0
0.771452 0
0.416487 0
1.199989 0
0.180522 0
0.496340 0
0.868665 0
1.405483 0
0.552744 0
0.396717 0
0.371578 0
0.340800 0
0.172601 0
1.582155 0
1.090392 0
0.440309 0
0.383411 0
0.174977 0
0.604165 0
1.273707 0
0.960457 0
1.367890 0
0.126335 0
0.320611 0
0.524587 0
0.049273 0
0.014810 0
0.088649 0
0.155194 0
0.090662 0
0.246486 0
0.081987 0
0.382027 0
0.094873 0
0.428623 0
1.125735 0
0.589132 0
0.186174 0
0.625428 0
0.542456 0
0.173070 0
0.234376 0
0.195983 0
0.802399 0
0.505483 0
0.293945 0
0.791681 0
1.234130 0
0.083185 0
0.070749 0
0.025859 0
1.002302 0
0.337125 0
0.328235 0
0.193819 0
0.111680 0
0.016667 0
0.597984 0
1.403520 0
0.033212 0
0.418684 0
0.553691 0
0.060198 0
0.623469 0
0.631866 0
0.003683 0
0.216190 0
0.357989 0
0.930305 0
0.435894 0
0.106717 0
0.215345 0
0.295717 0
1.541674 0
0.008715 0
2.059249 0
0.137052 0
0.468587 0
0.958364 0
0.947846 0
0.323263 0
1.181261 0
0.775641 0
0.175246 0
1.525550 0
0.253984 0
0.348675 0
1.011701 0
0.768237 0
0.379916 0
0.429934 0
0.562331 0
1.432571 0
0.810760 0
0.506339 0
1.332437 0
1.374693 0
0.453123 0
1.273886 0
0.588699 0
0.590496 0
0.246523 0
0.180557 0
0.593233 0
0.868486 0
0.660977 0
0.288709 0
0.084171 0
0.292048 0
0.100825 0
0.848128 0
0.059508 0
0.119530 0
1.395697 0
0.895542 0
0.096712 0
0.462392 0
0.403853 0
0.016767 0
1.451956 0
0.364713 0
0.344751 0
0.746247 0
0.211620 0
0.107783 0
0.427486 0
1.016895 0
0.275612 0
1.584857 0
0.163449 0
1.820960 0
0.504043 0
0.318193 0
0.079651 0
0.295454 0
0.345457 0
0.061468 0
0.476511 0
0.083717 0
0.445514 0
0.824433 0
0.263946 0
0.027022 0
0.936790 0
0.174904 0
0.530385 0
0.878243 0
0.522675 0
1.299013 0
0.907422 0
0.056194 0
0.762100 0
0.331930 0
0.263773 0
0.113853 0
1.140654 0
1.110144 0
0.040596 0
0.018201 0
0.839796 0
0.143364 0
0.963247 0
0.082353 0
1.340220 0
0.293245 0
0.223394 0
0.038357 0
0.335001 0
0.191141 0
0.138434 0
0.110122 0
0.010546 0
0.013637 0
0.544361 0
0.707008 0
0.777754 0
1.055051 0
0.095992 0
0.313194 0
0.921826 0
1.679055 0
0.800866 0
1.568941 0
0.079624 0
0.183106 0
0.102087 0
0.792042 0
0.380150 0
0.728610 0
0.307510 0
0.145918 0
0.105340 0
1.422214 0
0.814246 0
0.495730 0
0.453065 0
0.434950 0
0.542138 0
0.237254 0
1.124145 0
0.187181 0
0.182794 0
0.249182 0
0.540848 0
0.083539 0
0.058522 0
0.227232 0
0.922867 0
1.389218 0
0.346860 0
0.090931 0
0.554418 0
1.540979 0
0.590215 0
0.517947 0
0.077561 0
1.175936 0
1.224854 0
0.552633 0
1.152220 0
0.155110 0
0.260909 0
0.594949 0
0.180849 0
1.238664 0
0.293184 0
0.022555 0
0.987415 0
0.577709 0
0.084666 0
0.053614 0
1.434677 0
0.377142 0
0.154827 0
0.057035 0
0.893144 0
0.333310 0
1.109183 0
0.449229 0
0.990334 0
0.557870 0
0.127028 0
1.378702 0
0.618923 0
0.857322 0
0.028726 0
1.012856 0
0.439180 0
0.475015 0
0.082794 0
0.071647 0
0.017642 0
1.234653 0
1.407891 0
0.357786 0
0.330768 0
0.388565 0
0.154369 0
0.078887 0
0.245617 0
1.569399 0
1.007848 0
0.181248 0
0.669666 0
0.950876 0
0.009618 0
0.099432 0
1.573188 0
0.649179 0
0.381059 0
0.778161 0
0.047564 0
0.167482 0
0.280362 0
0.091408 0
0.279150 0
0.280793 0
0.116828 0
0.516709 0
0.077329 0
0.650686 0
0.339081 0
0.816245 0
0.576952 0
0.187655 0
0.307775 0
0.921598 0
0.578108 0
0.257942 0
0.524383 0
0.410570 0
0.263192 0
1.361427 0
0.208193 0
0.921007 0
0.735068 0
0.253443 0
0.759497 0
0.923849 0
0.765322 0
0.346404 0
0.056336 0
0.321984 0
0.218783 0
0.137390 0
0.565347 0
0.086136 0
0.078508 0
0.848415 0
0.635813 0
1.437270 0
0.297148 0
0.223414 0
0.646353 0
0.035764 0
0.065048 0
0.182418 0
0.446174 0
0.172361 0
0.145416 0
0.279137 0
0.358621 0
0.761684 0
0.014053 0
0.180696 0
0.564005 0
0.015471 0
1.079106 0
1.305548 0
0.417853 0
1.151138 0
0.006976 0
0.157479 0
0.108712 0
0.496202 0
0.012953 0
0.783634 0
0.083116 0
0.289973 0
0.218590 0
0.704660 0
1.724497 0
0.258252 0
0.418368 0
1.176664 0
0.003402 0
0.800006 0
0.361192 0
1.470684 0
0.014870 0
0.149298 0
0.918983 0
0.878256 0
0.268024 0
0.296830 0
0.035136 0
0.276150 0
0.974094 0
0.668436 0
0.288318 0
0.611274 0
0.123687 0
0.164742 0
0.903741 0
0.031565 0
0.115385 0
0.058831 0
0.132232 0
0.719391 0
0.124816 0
1.001327 0
0.034482 0
0.436417 0
0.019666 0
0.307088 0
0.302517 0
1.281682 0
0.477388 0
0.749906 0
0.458143 0
0.537395 0
1.716416 0
0.431693 0
0.177283 0
1.512956 0
0.546030 0
0.187124 0
0.943190 0
0.216038 0
0.501396 0
0.036689 0
0.183892 0
0.301330 0
0.436735 0
0.074803 0
0.047534 0
1.964996 0
1.282180 0
0.069807 0
0.065278 0
0.384381 0
0.018321 0
0.841323 0
0.118985 0
0.071743 0
0.530444 0
0.107513 0
0.308086 0
0.047964 0
0.848763 0
0.323303 0
0.905895 0
1.010445 0
0.369421 0
0.446432 0
0.182437 0
0.104817 0
0.301143 0
0.380761 0
1.385349 0
0.498586 0
0.182643 0
0.156853 0
0.243517 0
0.203871 0
0.430984 0
0.742386 0
0.358707 0
0.897230 0
0.168698 0
0.054607 0
0.083934 0
0.338557 0
0.068849 0
1.320634 0
0.670941 0
0.128545 0
0.022261 0
0.657926 0
0.083619 0
0.021363 0
0.235321 0
0.822446 0
0.534266 0
0.164519 0
0.843970 0
1.223972 0
0.335512 0
0.132850 0
0.666040 0
0.224021 0
0.545939 0
0.931425 0
0.020849 0
0.105612 0
0.435198 0
1.706749 0
0.304114 0
0.097768 0
0.360385 0
0.742462 0
0.046370 0
0.348010 0
0.127897 0
0.185334 0
0.955689 0
0.072558 0
0.169172 0
0.550116 0
0.711411 0
0.768949 0
0.666162 0
1.706844 0
0.227148 0
1.029979 0
0.193800 0
0.409837 0
0.265044 0
0.374868 0
0.533028 0
0.030140 0
1.715234 0
0.060134 0
0.130157 0
0.170850 0
0.070169 0
0.453952 0
0.563743 0
1.013394 0
0.046022 0
1.425747 0
0.646341 0
0.145477 0
0.190486 0
0.272420 0
0.019690 0
0.781283 0
1.119395 0
1.297048 0
0.792115 0
1.168733 0
1.164012 0
0.589813 0
1.021359 0
0.410254 0
0.129874 0
0.374905 0
0.487809 0
0.037111 0
0.376388 0
0.367559 0
0.376814 0
0.801608 0
0.053960 0
0.141710 0
0.308591 0
0.128696 0
0.614666 0
1.167198 0
1.264025 0
1.036185 0
0.096667 0
0.438268 0
0.198422 0
1.415097 0
0.378792 0
0.248731 0
0.094094 0
0.015232 0
0.403642 0
1.389109 0
0.345660 0
0.052405 0
0.769421 0
0.049850 0
1.428829 0
0.522710 0
0.435833 0
0.090758 0
0.598778 0
0.506760 0
0.540771 0
0.588253 0
0.188633 0
0.575953 0
0.998622 0
0.387252 0
0.431870 0
0.117115 0
1.571312 0
0.128064 0
0.671215 0
0.321555 0
0.050557 0
0.176244 0
0.324829 0
0.036569 0
0.266304 0
0.087946 0
0.063490 0
0.760404 0
0.315791 0
0.951175 0
1.195443 0
0.045037 0
0.353170 0
1.413145 0
0.116229 0
1.352378 0
0.623964 0
1.463380 0
0.861826 0
1.429042 0
0.657685 0
0.264335 0
0.328550 0
0.580612 0
0.079851 0
0.151610 0
1.049655 0
0.621460 0
0.318028 0
0.621271 0
0.509412 0
0.512188 0
0.534661 0
0.178368 0
0.650070 0
0.020883 0
0.293214 0
0.354449 0
0.859554 0
0.582252 0
0.009993 0
0.044634 0
0.139920 0
0.472672 0
0.050638 0
0.376611 0
0.761220 0
0.091326 0
0.022136 0
0.878047 0
0.152578 0
0.056286 0
0.233594 0
1.407183 0
0.655571 0
1.449834 0
0.390311 0
1.028962 0
0.026199 0
0.516910 0
0.238696 0
1.015070 0
0.618864 0
0.207205 0
0.036741 0
0.881249 0
0.078919 0
0.487198 0
1.265540 0
0.173121 0
0.056806 0
0.458053 0
0.141293 0
0.225168 0
0.064036 0
0.605499 0
0.354361 0
0.023041 0
0.444418 0
0.954681 0
0.077200 0
0.394891 0
0.108745 0
0.588039 0
1.392934 0
0.069981 0
0.290574 0
0.119787 0
0.022678 0
0.267037 0
0.589884 0
1.412777 0
1.271402 0
0.323891 0
0.313555 0
1.318721 0
0.106343 0
0.382286 0
0.104760 0
0.984359 0
0.123995 0
0.167169 0
0.363343 0
0.039048 0
0.020757 0
0.030366 0
1.758767 0
0.198089 0
0.230088 0
0.472433 0
0.185434 0
0.365835 0
0.015662 0
0.252522 0
0.471542 0
0.174886 0
0.493590 0
0.095143 0
0.171243 0
0.741287 0
0.118594 0
0.242209 0
0.347454 0
0.352986 0
0.361800 0
1.085064 0
0.835536 0
0.132801 0
0.058013 0
1.626285 0
0.753189 0
0.287164 0
0.916433 0
0.604808 0
0.835092 0
0.445814 0
0.424757 0
0.398698 0
0.530466 0
0.305915 0
0.339161 0
0.057528 0
0.467868 0
0.322175 0
0.362018 0
0.451037 0
2.039974 0
1.349581 0
0.192208 0
0.206617 0
1.367005 0
0.044712 0
0.054610 0
0.512988 0
0.355765 0
0.329168 0
0.169270 0
0.523456 0
0.780918 0
0.408955 0
0.295906 0
0.025716 0
1.426839 0
0.842209 0
0.619766 0
0.069650 0
0.155436 0
1.492530 0
0.068572 0
0.709500 0
0.104792 0
0.049612 0
0.240714 0
0.821546 0
0.385140 0
0.529378 0
0.228277 0
0.891479 0
0.240788 0
0.123509 0
0.302298 0
0.947844 0
0.163296 0
0.054813 0
0.635712 0
0.590293 0
0.073524 0
0.772355 0
0.441325 0
0.081219 0
0.956364 0
0.121320 0
0.360339 0
0.731181 0
0.131084 0
0.256793 0
0.795969 0
1.274073 0
0.342754 0
0.841901 0
0.105185 0
1.453263 0
0.306588 0
0.525728 0
0.667842 0
0.622968 0
0.066920 0
0.109655 0
0.376968 0
0.729710 0
0.505274 0
0.137356 0
0.098944 0
1.061680 0
1.030151 0
0.011263 0
0.441629 0
0.150426 0
0.516502 0
1.549796 0
0.313899 0
0.221712 0
0.390476 0
0.072418 0
0.244305 0
0.248562 0
0.352487 0
0.383541 0
0.079610 0
0.138309 0
0.934416 0
0.102215 0
0.115120 0
0.290318 0
0.664551 0
0.101708 0
0.529238 0
0.029772 0
0.475607 0
0.475788 0
0.683260 0
0.053826 0
0.119949 0
0.099015 0
0.633086 0
0.876225 0
0.242408 0
0.457466 0
0.298362 0
0.752106 0
0.301560 0
0.422420 0
0.328442 0
0.226218 0
0.075735 0
0.142920 0
0.119582 0
0.470328 0
0.382293 0
0.476290 0
0.012891 0
1.457485 0
0.481522 0
0.058133 0
1.627806 0
0.093370 0
0.819053 0
0.353341 0
0.218787 0
0.548365 0
0.253868 0
0.546621 0
0.065161 0
1.239231 0
0.102345 0
0.121350 0
0.492181 0
1.511457 0
1.593142 0
0.008398 0
0.563401 0
0.579980 0
0.043253 0
0.216876 0
0.107812 0
0.446222 0
0.606716 0
1.349220 0
0.298001 0
0.166966 0
0.205963 0
0.040799 0
0.892790 0
0.031864 0
0.473531 0
1.256644 0
0.814162 0
0.113172 0
0.533841 0
0.579011 0
0.222563 0
0.527168 0
0.256316 0
1.493900 0
0.230607 0
0.217256 0
0.120490 0
0.020268 0
1.436228 0
1.124024 0
0.552569 0
0.162800 0
0.196834 0
0.956596 0
0.550234 0
0.185378 0
0.282333 0
0.288074 0
0.349687 0
0.123624 0
0.060167 0
0.508587 0
0.578200 0
0.099653 0
0.578726 0
0.289644 0
0.423649 0
0.971846 0
1.532436 0
0.134750 0
0.138771 0
0.179447 0
0.465800 0
0.437024 0
0.349799 0
0.216615 0
1.135514 0
0.218146 0
0.851901 0
1.441847 0
0.011967 0
0.229284 0
0.203950 0
0.466055 0
0.042494 0
0.593610 0
0.061499 0
0.221136 0
1.001540 0
0.013304 0
0.345741 0
0.442235 0
0.352532 0
0.732357 0
0.405449 0
0.077274 0
0.220093 0
0.702935 0
0.579170 0
0.878345 0
0.358194 0
0.207671 0
1.506293 0
0.116379 0
0.225777 0
0.274707 0
1.021440 0
0.803804 0
0.010473 0
1.262599 0
0.081381 0
0.020454 0
0.209456 0
0.571542 0
0.723167 0
0.467872 0
1.596221 0
1.370517 0
0.067655 0
0.949491 0
0.030679 0
0.879142 0
0.129380 0
0.524031 0
0.362346 0
0.311470 0
0.274081 0
0.953837 0
0.102937 0
0.645464 0
1.401575 0
0.394758 0
0.928802 0
1.441017 0
0.068813 0
0.177383 0
0.088108 0
0.415024 0
0.296925 0
0.660406 0
0.908403 0
0.001853 0
0.410331 0
1.035747 0
1.355495 0
0.386779 0
0.447080 0
0.176974 0
0.578262 0
0.212926 0
0.141264 0
0.240391 0
1.889536 0
0.050614 0
0.483877 0
0.233590 0
0.163307 0
0.167788 0
0.504412 0
0.095254 0
0.581809 0
0.277283 0
1.394891 0
0.309037 0
0.076926 0
0.713491 0
0.084558 0
0.027726 0
0.069285 0
0.179061 0
1.230123 0
0.870206 0
0.460748 0
0.009608 0
0.919989 0
0.377087 0
0.163322 0
0.943249 0
0.247242 0
0.485906 0
1.567480 0
1.421827 0
0.228701 0
0.063475 0
0.333698 0
1.005068 0
1.048281 0
0.152308 0
0.416279 0
1.074859 0
1.476440 0
0.284915 0
0.250876 0
0.253623 0
0.027094 0
1.715237 0
0.704359 0
2.055276 0
0.910978 0
1.496126 0
0.151395 0
0.173530 0
0.028152 0
1.162025 0
0.137985 0
0.639929 0
1.309187 0
0.085875 0
0.419572 0
0.126518 0
1.097934 0
0.546007 0
0.065871 0
0.442497 0
0.019194 0
0.847374 0
0.093665 0
0.097784 0
1.141894 0
0.050022 0
0.112219 0
0.131919 0
0.256481 0
0.248459 0
0.492324 0
0.258155 0
0.079926 0
0.963247 0
0.201419 0
0.124503 0
0.063092 0
0.447159 0
0.448298 0
0.279179 0
0.146898 0
0.214011 0
0.037202 0
1.149819 0
0.544323 0
0.008666 0
0.398947 0
0.583885 0
0.184395 0
0.570841 0
0.830807 0
0.407033 0
0.325669 0
0.719473 0
1.824392 0
0.579188 0
1.370959 0
0.142730 0
0.148324 0
0.140331 0
0.253720 0
0.197842 0
0.714362 0
0.852995 0
0.445540 0
1.386738 0
0.304974 0
0.886844 0
0.103080 0
0.802512 0
0.929494 0
0.546457 0
0.147665 0
0.169811 0
0.428208 0
0.406069 0
0.513385 0
0.066194 0
0.318879 0
0.268494 0
1.834185 0
0.950576 0
0.515993 0
0.086289 0
0.073820 0
1.419359 0
0.086375 0
0.341609 0
0.058461 0
0.363277 0
0.766584 0
0.271375 0
0.935755 0
1.163575 0
0.140561 0
0.058633 0
0.187481 0
0.835814 0
0.411158 0
0.482687 0
1.081725 0
0.336847 0
0.188928 0
0.375507 0
0.081184 0
0.215519 0
0.458543 0
0.351922 0
0.276046 0
0.058810 0
0.548092 0
0.716064 0
0.082647 0
0.035205 0
0.360786 0
0.017321 0
0.804989 0
1.733147 0
0.085319 0
1.141733 0
0.341668 0
0.128562 0
0.047488 0
0.302639 0
0.235191 0
0.202160 0
0.908448 0
0.244239 0
0.340653 0
0.023528 0
0.926354 0
1.134260 0
0.258796 0
0.874184 0
0.182365 0
0.917742 0
0.023380 0
0.289097 0
0.886841 0
0.395705 0
0.625914 0
0.382948 0
0.362752 0
1.172219 0
0.265469 0
0.840351 0
0.308819 0
0.803305 0
0.727683 0
0.060457 0
0.386945 0
0.308122 0
0.391853 0
0.492162 0
0.240855 0
0.095343 0
0.046587 0
0.349273 0
0.622304 0
0.967448 0
0.037617 0
0.237485 0
0.092020 0
0.335676 0
1.013533 0
0.616915 0
0.176729 0
0.139075 0
1.749593 0
0.480431 0
0.015978 0
0.038995 0
0.349408 0
0.355967 0
0.262527 0
0.376798 0
1.119582 0
0.204301 0
1.017568 0
0.195085 0
0.211024 0
0.133314 0
0.381255 0
1.402107 0
0.009294 0
0.613807 0
2.266692 0
1.271574 0
0.207520 0
0.165791 0
0.338985 0
0.004813 0
0.242152 0
0.992392 0
0.222257 0
0.432313 0
1.592584 0
0.268183 0
0.555771 0
0.166342 0
0.611304 0
0.033522 0
0.095121 0
0.509639 0
0.614672 0
0.064715 0
0.523040 0
0.568816 0
0.146340 0
0.672902 0
0.354541 0
1.142994 0
0.212474 0
0.049354 0
0.374847 0
0.009285 0
0.170817 0
0.454316 0
0.249045 0
0.976712 0
0.021444 0
0.011191 0
0.175267 0
0.097166 0
0.642181 0
0.105622 0
0.994630 0
1.055595 0
0.448993 0
0.114936 0
0.598006 0
0.180745 0
0.471282 0
0.168102 0
0.770320 0
0.085000 0
0.091978 0
0.067290 0
0.652372 0
0.600240 0
0.741911 0
0.230008 0
0.781022 0
0.159295 0
0.068597 0
0.746418 0
0.227658 0
0.528934 0
0.880656 0
0.382211 0
0.201143 0
0.339375 0
0.055060 0
0.179943 0
0.341051 0
0.117820 0
0.035834 0
0.483687 0
1.834575 0
0.549017 0
0.279565 0
0.637162 0
0.633847 0
0.021221 0
0.027911 0
0.053587 0
0.570857 0
0.198884 0
0.060550 0
0.590830 0
0.952530 0
0.919335 0
0.087949 0
1.559642 0
1.370466 0
0.082724 0
0.058724 0
0.614650 0
0.261375 0
0.030781 0
0.063030 0
0.656721 0
1.228986 0
0.092648 0
0.132693 0
0.713476 0
0.987646 0
0.423119 0
0.185368 0
0.703661 0
0.047804 0
1.216088 0
0.599434 0
0.096580 0
1.135508 0
0.527638 0
1.403946 0
0.136952 0
0.393479 0
0.627909 0
0.090803 0
0.005451 0
0.384398 0
1.833584 0
1.377203 0
0.382981 0
0.088748 0
0.201026 0
0.724174 0
0.932905 0
0.672406 0
0.379097 0
0.220219 0
1.618792 0
1.681682 0
0.195403 0
1.694110 0
0.021106 0
0.093514 0
1.198691 0
0.808011 0
0.160965 0
0.841958 0
0.055424 0
1.127687 0
0.768515 0
0.342151 0
0.419212 0
0.107972 0
1.660449 0
0.241797 0
0.346838 0
0.965309 0
0.490878 0
0.652191 0
0.810653 0
0.270231 0
0.637925 0
1.363951 0
0.487652 0
0.149581 0
0.870003 0
0.129338 0
0.598205 0
0.032239 0
0.527898 0
0.293100 0
0.359252 0
0.116978 0
0.481162 0
0.056083 0
0.743729 0
0.413503 0
0.880500 0
0.263489 0
0.995864 0
1.362545 0
0.759093 0
0.931041 0
0.081905 0
0.955457 0
0.102895 0
0.090146 0
0.451473 0
0.884788 0
0.214428 0
0.600985 0
1.650235 0
0.143862 0
0.117688 0
0.410813 0
0.508622 0
0.716344 0
0.075297 0
0.026130 0
0.824037 0
0.057473 0
1.267833 0
0.132268 0
0.255433 0
1.266343 0
0.247631 0
0.200611 0
0.192143 0
0.414548 0
0.190833 0
0.175983 0
0.755908 0
0.243953 0
0.424971 0
0.486345 0
0.322643 0
0.323815 0
0.703035 0
0.297849 0
0.456051 0
0.092875 0
0.588302 0
0.170814 0
0.235868 0
0.752513 0
0.983698 0
0.086731 0
0.095227 0
0.009947 0
0.837735 0
1.427665 0
0.845287 0
0.034200 0
0.060995 0
0.482116 0
0.271604 0
0.791990 0
0.360493 0
0.653295 0
0.452424 0
0.397766 0
0.069381 0
1.449541 0
0.206586 0
0.022611 0
0.045531 0
0.608144 0
0.342062 0
0.444924 0
1.448720 0
0.814002 0
0.514143 0
0.780560 0
1.170150 0
0.016515 0
0.817331 0
1.287448 0
1.249396 0
0.492292 0
0.212242 0
0.927701 0
0.051781 0
0.410110 0
0.372953 0
1.592040 0
0.217582 0
0.207763 0
0.133336 0
1.465470 0
0.428427 0
0.218619 0
0.181650 0
0.469864 0
0.640879 0
0.185348 0
0.367570 0
0.239680 0
0.150360 0
0.431458 0
0.066962 0
0.187823 0
0.194743 0
0.258629 0
0.298474 0
0.320345 0
1.010804 0
0.864858 0
0.543576 0
1.213784 0
1.182593 0
0.216217 0
0.917435 0
0.110017 0
0.212524 0
0.399835 0
0.494987 0
0.180755 0
0.200695 0
0.418505 0
0.123222 0
0.114866 0
0.146755 0
1.017386 0
0.058858 0
0.171315 0
0.019008 0
0.518664 0
1.197449 0
0.060074 0
0.346879 0
1.141841 0
0.253708 0
0.294236 0
0.027027 0
1.284267 0
0.220776 0
0.051659 0
1.234450 0
0.704094 0
0.135604 0
0.068314 0
0.025360 0
0.475131 0
0.158105 0
1.370696 0
0.196770 0
0.275168 0
1.284017 0
0.556348 0
0.303548 0
0.665959 0
1.016940 0
0.391869 0
0.020577 0
0.786598 0
0.639433 0
1.424135 0
0.050455 0
0.445787 0
0.977715 0
1.173577 0
0.166501 0
0.173949 0
0.187611 0
0.141733 0
0.095825 0
0.222147 0
0.183820 0
0.237849 0
0.646969 0
0.355648 0
0.168704 0
0.140893 0
0.931503 0
0.850815 0
1.142962 0
0.262283 0
0.594499 0
0.419425 0
0.726696 0
1.135010 0
0.522017 0
0.138687 0
0.108707 0
0.434625 0
0.847958 0
0.013949 0
0.320922 0
0.293159 0
0.182986 0
0.762699 0
0.646242 0
0.247678 0
0.228970 0
0.108925 0
0.962792 0
0.313508 0
0.965844 0
0.279421 0
0.946388 0
0.056947 0
0.069483 0
0.282406 0
0.590538 0
0.437318 0
0.421201 0
0.203042 0
0.141124 0
0.101852 0
0.742861 0
0.675200 0
0.055515 0
1.069503 0
0.378640 0
0.402469 0
0.055460 0
0.183503 0
0.246065 0
0.060822 0
0.607882 0
1.007177 0
0.084941 0
0.346510 0
1.778977 0
0.453549 0
0.455874 0
1.001350 0
0.503539 0
0.548746 0
0.323839 0
0.369939 0
0.710072 0
0.404444 0
0.221506 0
0.090019 0
0.378034 0
0.047558 0
0.475402 0
0.348475 0
0.112480 0
0.207989 0
0.094622 0
0.326756 0
0.879077 0
0.129324 0
0.423171 0
1.505069 0
0.101503 0
0.819161 0
0.909246 0
0.214465 0
1.670235 0
0.157212 0
0.372505 0
0.178287 0
0.591683 0
0.336700 0
0.803877 0
0.027991 0
0.203112 0
0.199478 0
0.567166 0
0.068986 0
0.081040 0
0.593500 0
0.434459 0
0.593265 0
0.546088 0
0.191484 0
0.060912 0
0.085359 0
1.318665 0
0.706454 0
0.254719 0
0.891364 0
0.357685 0
0.196283 0
1.353426 0
0.664983 0
0.179297 0
0.131495 0
0.252017 0
0.364560 0
1.320047 0
0.911332 0
0.233630 0
0.321982 0
0.085038 0
0.178405 0
1.143200 0
0.478717 0
0.281181 0
0.235085 0
1.279394 0
0.436284 0
0.318510 0
0.351406 0
0.747881 0
1.440898 0
0.130847 0
0.083443 0
0.073836 0
0.321419 0
1.370897 0
0.306082 0
0.298112 0
0.043739 0
0.267602 0
0.978797 0
0.697555 0
0.475793 0
0.218463 0
0.051471 0
0.103391 0
0.683369 0
0.150962 0
0.075289 0
0.147246 0
1.374703 0
0.249799 0
0.031660 0
1.337999 0
1.082992 0
0.402662 0
0.677775 0
1.198470 0
0.583856 0
0.278647 0
1.368629 0
0.406603 0
0.397469 0
0.168157 0
0.317575 0
0.173762 0
0.038258 0
0.077767 0
0.054773 0
0.094567 0
0.391658 0
1.027492 0
0.416683 0
0.013451 0
1.020699 0
0.219812 0
0.407746 0
0.235926 0
0.507588 0
1.558587 0
0.027550 0
0.201141 0
0.180654 0
1.139346 0
0.153458 0
0.146119 0
0.649580 0
0.249489 0
0.427424 0
0.369853 0
0.097302 0
0.548965 0
0.588157 0
0.178484 0
1.499580 0
0.009703 0
0.222684 0
0.820774 0
0.627957 0
1.051902 0
0.112358 0
0.198926 0
0.089579 0
1.290197 0
0.155249 0
0.288422 0
0.822116 0
0.281872 0
0.949760 0
0.412149 0
0.254801 0
1.441069 0
0.041801 0
0.424217 0
0.244526 0
0.750253 0
0.231597 0
0.017052 0
0.405553 0
1.415002 0
1.385928 0
0.141264 0
1.289500 0
1.684776 0
0.164057 0
1.194269 0
1.460546 0
0.330763 0
0.108178 0
0.595702 0
1.554052 0
0.509172 0
0.824461 0
0.247204 0
0.687983 0
1.054709 0
1.161590 0
0.719126 0
0.236838 0
0.703892 0
0.562830 0
0.060673 0
0.437820 0
0.205603 0
1.022809 0
1.526735 0
0.443648 0
0.076452 0
0.261875 0
0.260269 0
0.301769 0
0.547676 0
0.320074 0
1.451998 0
0.469183 0
0.061689 0
0.179087 0
0.868186 0
0.231764 0
0.030602 0
0.022229 0
1.099735 0
0.060114 0
0.151464 0
0.050778 0
0.186558 0
0.505754 0
0.357764 0
0.794832 0
0.199552 0
0.617577 0
0.006278 0
0.188369 0
0.612813 0
0.105208 0
0.504477 0
1.523972 0
0.065372 0
0.920903 0
0.062687 0
0.039839 0
0.686047 0
0.377255 0
1.226883 0
1.514363 0
0.150925 0
0.964586 0
0.159363 0
0.346221 0
0.941549 0
1.054924 0
0.820379 0
0.408471 0
0.519544 0
0.252837 0
1.361658 0
0.328962 0
0.316175 0
0.290337 0
1.062641 0
0.538427 0
1.277574 0
0.091154 0
0.941495 0
0.556258 0
1.022534 0
0.699902 0
0.278340 0
0.185237 0
1.061418 0
0.944815 0
1.070692 0
0.408135 0
0.320098 0
0.797807 0
0.070470 0
0.162690 0
0.657330 0
0.196351 0
0.347854 0
0.358225 0
0.518535 0
0.073276 0
0.412823 0
0.604551 0
0.895095 0
0.046095 0
0.219121 0
0.830016 0
0.390285 0
0.658799 0
1.364503 0
1.283437 0
0.726123 0
0.214267 0
0.230159 0
0.137667 0
0.008029 0
0.236482 0
0.440563 0
0.268890 0
0.788549 0
0.847439 0
0.505564 0
0.744911 0
1.511496 0
0.122846 0
0.337704 0
0.308218 0
0.249416 0
0.480526 0
0.135383 0
0.883720 0
0.393051 0
0.748143 0
0.117295 0
0.418063 0
0.318961 0
0.186795 0
0.104990 0
0.147281 0
1.713294 0
0.151042 0
0.241337 0
0.508321 0
0.051592 0
1.039531 0
0.507691 0
0.318633 0
0.246719 0
0.017924 0
1.428858 0
0.262880 0
1.347116 0
1.446476 0
1.167746 0
0.363893 0
0.828118 0
0.202502 0
0.188719 0
0.260864 0
0.265031 0
1.438213 0
0.598169 0
0.197189 0
0.092630 0
1.641000 0
0.645401 0
0.065439 0
0.152072 0
0.130806 0
0.561314 0
0.522725 0
1.114921 0
0.171978 0
0.086072 0
0.022444 0
0.201399 0
0.210508 0
0.200252 0
0.191527 0
0.086214 0
0.240105 0
0.302583 0
0.223738 0
0.035303 0
0.240129 0
0.357956 0
0.630739 0
0.700744 0
0.106657 0
0.255074 0
0.037225 0
0.260795 0
1.440248 0
0.318598 0
0.964421 0
0.131160 0
1.104592 0
0.148612 0
0.823063 0
0.141400 0
0.312893 0
0.326361 0
0.547983 0
0.164091 0
0.374966 0
0.071610 0
0.297642 0
0.097005 0
0.115577 0
0.743556 0
0.171103 0
1.051198 0
1.747703 0
0.226960 0
0.558813 0
0.098319 0
0.271202 0
0.598700 0
0.013306 0
0.364810 0
0.590998 0
0.116350 0
0.542019 0
0.308309 0
1.002910 0
0.870393 0
0.320181 0
0.365938 0
0.790526 0
0.436669 0
0.044673 0
0.129012 0
1.535566 0
0.030223 0
0.729875 0
1.207182 0
1.234140 0
0.055374 0
0.468038 0
0.818221 0
0.113802 0
0.911037 0
0.341933 0
0.176713 0
0.125093 0
1.645448 0
0.155973 0
0.417475 0
0.623474 0
0.392019 0
0.972726 0
0.423571 0
0.361886 0
0.723420 0
0.195363 0
0.260866 0
0.743971 0
0.191532 0
0.382817 0
0.093620 0
0.461746 0
0.515515 0
0.715983 0
1.216359 0
0.591942 0
0.769101 0
1.365144 0
0.625725 0
0.089909 0
0.106940 0
0.741603 0
0.319404 0
0.104106 0
0.481994 0
0.197114 0
0.990702 0
0.684335 0
0.491604 0
0.046630 0
0.093170 0
0.019557 0
1.183437 0
0.399026 0
0.150399 0
0.137839 0
0.165860 0
1.434147 0
0.429735 0
0.436379 0
0.356811 0
0.020064 0
0.535265 0
0.387964 0
0.025814 0
0.113526 0
1.380147 0
0.023791 0
0.119719 0
0.521198 0
0.043622 0
1.069959 0
0.350273 0
1.007622 0
0.566641 0
0.166199 0
0.229181 0
0.236088 0
0.435493 0
0.053236 0
0.065329 0
0.149460 0
0.254756 0
0.379993 0
1.204122 0
0.017658 0
0.524139 0
0.724388 0
0.117459 0
0.114113 0
0.289813 0
0.726156 0
0.548980 0
0.292258 0
0.178259 0
0.538074 0
0.151137 0
0.437705 0
1.096423 0
0.783576 0
0.397339 0
0.007110 0
0.471031 0
0.563687 0
0.215990 0
0.880104 0
0.844936 0
0.508059 0
0.090104 0
0.837624 0
0.070119 0
0.703564 0
1.187267 0
0.444041 0
0.268608 0
0.378234 0
0.644696 0
0.100780 0
0.337723 0
0.153937 0
1.557416 0
0.313773 0
0.559542 0
1.685769 0
0.314634 0
0.449032 0
0.572469 0
1.658577 0
0.188000 0
0.493459 0
0.685085 0
0.293287 0
0.406367 0
0.118479 0
0.086375 0
0.262083 0
1.841919 0
0.040817 0
0.915740 0
0.493828 0
0.153471 0
0.471662 0
0.783202 0
0.530251 0
0.416516 0
0.379006 0
0.857765 0
0.035764 0
0.657296 0
0.094459 0
0.418936 0
1.658449 0
0.106153 0
0.101771 0
0.442307 0
0.034340 0
0.114415 0
0.296130 0
0.328020 0
0.731444 0
0.391353 0
0.471854 0
0.228454 0
0.487178 0
0.890525 0
0.019855 0
0.112134 0
0.678593 0
0.052621 0
0.413840 0
0.327041 0
0.048503 0
0.147959 0
0.164471 0
0.068221 0
0.259232 0
1.002891 0
0.412752 0
0.974582 0
0.598064 0
2.190381 0
1.140316 0
0.656052 0
0.051241 0
0.103267 0
0.026069 0
2.021570 0
0.555014 0
0.347400 0
0.215043 0
1.312627 0
0.115911 0
0.353013 0
0.153330 0
0.265101 0
0.400048 0
0.149697 0
0.079365 0
0.176688 0
1.104791 0
1.469900 0
0.293907 0
1.406990 0
0.171664 0
0.902032 0
0.694550 0
0.012888 0
0.453480 0
0.491534 0
0.731401 0
0.430468 0
0.537939 0
0.582307 0
1.014347 0
0.594731 0
0.756998 0
0.585523 0
0.657186 0
0.892443 0
0.773851 0
0.471658 0
1.226463 0
0.546223 0
1.400294 0
0.345889 0
0.111859 0
0.551988 0
0.097627 0
0.451541 0
0.045669 0
0.414224 0
0.221050 0
0.292399 0
0.464270 0
0.079252 0
0.497251 0
0.447291 0
1.077624 0
0.224977 0
0.383291 0
0.249942 0
0.919646 0
0.312717 0
0.352423 0
0.276637 0
0.335623 0
0.342603 0
0.294349 0
0.028125 0
0.276242 0
1.456442 0
1.420075 0
1.000375 0
0.201359 0
0.053260 0
0.293315 0
0.058504 0
0.425073 0
0.291909 0
0.921510 0
0.064622 0
0.638964 0
0.033994 0
0.207757 0
0.115006 0
1.487428 0
0.074932 0
0.157623 0
0.291350 0
1.484534 0
0.452926 0
0.053407 0
1.441238 0
0.781896 0
0.136946 0
0.061215 0
0.561274 0
0.063735 0
0.311074 0
0.997066 0
0.336708 0
0.247236 0
0.395558 0
0.393053 0
0.243370 0
0.139044 0
0.163082 0
0.447669 0
0.666526 0
0.410765 0
1.335150 0
0.218178 0
0.788212 0
0.162777 0
0.138910 0
0.271514 0
0.130987 0
0.101696 0
1.744979 0
1.025476 0
0.136673 0
0.004264 0
0.897685 0
0.263679 0
0.013502 0
0.699894 0
0.693115 0
0.770403 0
0.267809 0
0.732512 0
0.213790 0
0.811765 0
0.324341 0
0.822238 0
0.263206 0
1.216114 0
0.021162 0
0.016847 0
0.239810 0
0.713938 0
0.340653 0
1.650346 0
0.211850 0
1.048142 0
0.500693 0
0.112910 0
0.104841 0
0.308766 0
0.779820 0
0.469257 0
0.130957 0
0.170614 0
0.695264 0
0.200090 0
0.371850 0
0.091320 0
0.353067 0
0.079977 0
0.559144 0
0.203497 0
0.102930 0
0.555160 0
1.395084 0
0.074564 0
0.075740 0
1.166535 0
0.112829 0
0.285890 0
0.212269 0
0.027697 0
0.646256 0
1.322936 0
0.103612 0
1.536106 0
0.788059 0
0.355415 0
1.097983 0
0.107851 0
0.649588 0
0.008074 0
0.555198 0
1.405813 0
0.368724 0
0.433698 0
0.327266 0
0.223521 0
0.732038 0
0.196059 0
0.030815 0
0.433614 0
0.444372 0
0.395975 0
0.007065 0
0.202717 0
0.593248 0
0.040421 0
1.335614 0
0.533401 0
0.086169 0
0.212205 0
0.146982 0
0.025587 0
0.115384 0
1.121209 0
0.299616 0
0.306076 0
0.531674 0
0.538403 0
1.648638 0
1.387525 0
0.192956 0
0.532216 0
0.420271 0
0.264966 0
0.539194 0
0.566991 0
0.202906 0
1.375911 0
0.523109 0
0.453153 0
0.350067 0
1.381892 0
0.370464 0
0.039808 0
0.047199 0
0.091155 0
0.046278 0
0.502501 0
0.157319 0
0.097470 0
0.687359 0
1.381398 0
0.052589 0
0.020266 0
0.206325 0
0.259324 0
1.444273 0
0.200894 0
0.055493 0
0.256608 0
0.895962 0
0.654082 0
0.388008 0
0.698471 0
0.493493 0
1.253544 0
0.084173 0
0.222572 0
0.095485 0
1.343420 0
0.285571 0
0.160388 0
0.289761 0
0.133119 0
1.367395 0
1.009031 0
0.169885 0
0.267393 0
0.458647 0
0.170403 0
0.754943 0
1.440590 0
0.298575 0
0.134112 0
0.071677 0
0.609361 0
0.175507 0
0.447285 0
0.283506 0
1.133988 0
0.233348 0
0.780290 0
0.325867 0
0.060477 0
0.410306 0
0.074771 0
0.588387 0
0.059866 0
0.617774 0
0.014417 0
1.429534 0
1.128206 0
1.365917 0
0.051490 0
0.864726 0
0.656504 0
0.587040 0
0.196905 0
0.641338 0
0.015368 0
1.110607 0
0.564541 0
0.058944 0
0.205806 0
0.184169 0
0.052837 0
0.297527 0
0.374904 0
0.187962 0
0.236882 0
1.975693 0
0.484652 0
0.479566 0
0.009204 0
0.415528 0
0.532827 0
1.420015 0
0.681992 0
0.691212 0
0.201028 0
0.193492 0
0.274453 0
0.002911 0
0.282212 0
0.227779 0
0.188485 0
0.507002 0
0.390665 0
1.129825 0
0.453484 0
0.012725 0
0.300282 0
0.485239 0
0.064045 0
0.099111 0
0.725606 0
0.002047 0
0.619193 0
0.372428 0
0.145553 0
0.300926 0
0.520279 0
0.232723 0
0.620201 0
0.822929 0
0.399978 0
1.016248 0
0.172219 0
0.484352 0
0.658131 0
0.337914 0
1.053276 0
0.192022 0
0.257150 0
0.226003 0
0.599231 0
0.451859 0
1.433814 0
1.041721 0
0.905938 0
0.899464 0
1.692168 0
0.074025 0
0.856154 0
0.945223 0
0.357896 0
0.945140 0
0.568963 0
0.518813 0
0.654878 0
1.527411 0
0.027839 0
0.374038 0
0.172448 0
0.078035 0
0.085105 0
0.037806 0
1.167566 0
0.139763 0
0.031270 0
0.176925 0
0.405408 0
1.313644 0
0.387361 0
1.622311 0
0.041064 0
0.061059 0
0.967375 0
0.032092 0
0.219193 0
0.397437 0
0.411556 0
0.601801 0
0.838268 0
0.772144 0
0.230975 0
0.660879 0
0.181428 0
0.159800 0
1.668721 0
0.177296 0
0.059023 0
0.304631 0
0.589687 0
0.039404 0
0.484043 0
0.657473 0
1.150552 0
0.528408 0
0.048425 0
1.448854 0
0.395105 0
0.158563 0
0.124015 0
0.829441 0
0.116681 0
1.112398 0
0.558321 0
0.132978 0
0.450563 0
0.092128 0
0.029613 0
0.394027 0
0.141666 0
0.394488 0
1.066176 0
0.839622 0
0.311697 0
1.334115 0
0.549919 0
1.444191 0
0.200272 0
0.745511 0
0.749352 0
1.237165 0
0.357147 0
0.418101 0
0.323795 0
0.002640 0
0.858869 0
0.227724 0
1.345412 0
0.204872 0
0.501195 0
0.156399 0
0.751522 0
0.238165 0
1.196284 0
0.029064 0
1.533522 0
0.794727 0
0.211260 0
0.564550 0
0.375355 0
0.307887 0
0.447366 0
0.433425 0
0.045290 0
0.755944 0
0.077686 0
0.302338 0
0.301481 0
0.501456 0
0.424302 0
0.277127 0
0.670921 0
0.175415 0
0.223818 0
0.122050 0
0.512465 0
0.263153 0
1.075776 0
0.310891 0
0.108559 0
0.525063 0
0.275851 0
0.815777 0
0.371859 0
0.382504 0
0.043072 0
0.200710 0
0.338522 0
1.291638 0
0.028222 0
0.753313 0
0.494684 0
0.251268 0
0.311559 0
0.200190 0
0.065320 0
0.813947 0
1.035389 0
0.648551 0
0.782582 0
0.860938 0
0.225937 0
0.099510 0
0.551222 0
0.527334 0
0.143815 0
0.134848 0
0.037157 0
0.190966 0
0.600823 0
0.315168 0
0.285698 0
0.808765 0
1.046630 0
0.461075 0
0.289427 0
0.007165 0
0.451323 0
0.042460 0
0.708492 0
0.363356 0
1.228583 0
0.694497 0
0.091491 0
0.635455 0
1.539686 0
1.071955 0
0.387132 0
1.660964 0
1.531987 0
0.193501 0
0.316172 0
0.833750 0
1.230794 0
0.046822 0
0.103262 0
0.030239 0
0.412867 0
0.167796 0
0.159771 0
0.567603 0
1.348111 0
0.270233 0
0.086995 0
0.021234 0
1.373736 0
0.245060 0
0.286760 0
0.576743 0
0.452491 0
0.077893 0
1.093375 0
0.657949 0
0.596549 0
0.323018 0
0.671202 0
0.574349 0
0.474084 0
0.260645 0
0.088579 0
0.206866 0
0.102586 0
0.911529 0
0.262731 0
0.896654 0
1.230094 0
0.112190 0
0.175983 0
0.593232 0
1.174771 0
0.059922 0
0.597945 0
0.191573 0
0.646350 0
0.792329 0
0.540614 0
0.329060 0
0.486784 0
1.333347 0
1.420853 0
0.264383 0
0.608457 0
0.298177 0
0.181459 0
0.210753 0
0.203786 0
0.028359 0
0.071049 0
1.667401 0
0.113446 0
1.431191 0
0.224218 0
1.140972 0
0.245566 0
0.996730 0
0.197540 0
0.434057 0
0.597584 0
1.628294 0
1.323055 0
1.595542 0
0.686433 0
1.572383 0
1.111415 0
0.414729 0
0.071711 0
0.486357 0
0.544581 0
0.072375 0
0.310115 0
0.251050 0
0.511588 0
0.291713 0
0.968384 0
0.376396 0
0.234073 0
0.158380 0
1.597071 0
0.945923 0
0.082100 0
0.063321 0
0.003410 0
1.266835 0
0.191840 0
0.097808 0
0.142632 0
0.000461 0
0.398165 0
0.454773 0
1.182136 0
0.082544 0
0.163001 0
0.635375 0
0.240617 0
1.379673 0
0.509863 0
0.766673 0
0.122356 0
1.080170 0
0.838481 0
0.246351 0
0.746788 0
0.110427 0
0.314373 0
0.236283 0
0.468248 0
0.640805 0
0.774330 0
0.708142 0
0.393294 0
0.109462 0
0.457809 0
0.170140 0
0.333032 0
0.270543 0
0.266570 0
0.062195 0
0.246265 0
0.018452 0
1.136928 0
1.364455 0
0.028338 0
0.490208 0
0.967092 0
0.898225 0
0.200041 0
0.237269 0
0.050416 0
0.278015 0
0.272261 0
0.300417 0
0.097560 0
1.023637 0
0.175053 0
0.449282 0
0.490334 0
0.428583 0
0.140651 0
1.405553 0
0.364568 0
0.253297 0
1.196077 0
0.008433 0
0.372905 0
0.328257 0
0.271573 0
1.479985 0
1.147833 0
0.178431 0
0.113787 0
0.066379 0
0.142789 0
0.400241 0
0.590986 0
0.519787 0
0.627065 0
0.567735 0
0.481354 0
0.072476 0
0.968268 0
0.211021 0
0.676457 0
0.029517 0
0.069227 0
0.067714 0
1.223808 0
0.537457 0
0.223061 0
1.160107 0
0.789672 0
0.030596 0
0.013720 0
0.073308 0
1.633516 0
0.523234 0
0.557913 0
0.450931 0
0.221627 0
0.381073 0
0.512229 0
0.271165 0
0.221785 0
0.139178 0
0.496362 0
0.476148 0
0.403832 0
0.272247 0
0.176758 0
0.902673 0
0.273139 0
0.648245 0
1.501273 0
0.069580 0
0.041986 0
1.248657 0
0.217997 0
1.267244 0
1.392798 0
0.204163 0
0.059325 0
0.147933 0
0.253125 0
0.060083 0
0.368211 0
0.019800 0
0.981530 0
0.213011 0
1.197182 0
0.729183 0
0.370850 0
0.654839 0
0.455054 0
0.753177 0
0.856756 0
0.308315 0
0.323400 0
0.502048 0
0.086288 0
0.313592 0
0.624958 0
0.509304 0
0.438078 0
0.774553 0
0.350421 0
0.798821 0
0.361876 0
0.027551 0
0.413217 0
0.239765 0
0.516536 0
0.154559 0
0.014341 0
0.051424 0
0.366170 0
0.300582 0
0.938968 0
0.547319 0
1.021788 0
0.415045 0
0.006224 0
0.854625 0
0.516971 0
1.373367 0
0.732237 0
0.095917 0
0.627326 0
1.504814 0
0.965667 0
0.458869 0
0.749508 0
0.506546 0
0.063194 0
0.536625 0
0.316074 0
0.251878 0
0.144791 0
0.833667 0
0.239452 0
0.111716 0
0.291941 0
0.025965 0
0.112722 0
0.364904 0
1.382330 0
0.684089 0
0.090957 0
0.049512 0
0.283545 0
0.278557 0
0.590032 0
0.070162 0
0.579503 0
0.060185 0
0.545053 0
0.301989 0
0.197405 0
0.310229 0
0.188357 0
0.515261 0
0.351054 0
0.113505 0
0.079369 0
0.401997 0
0.495189 0
0.035874 0
0.213945 0
0.506740 0
0.664720 0
0.669578 0
0.070959 0
0.981711 0
0.470078 0
1.128821 0
0.270172 0
0.085788 0
0.188818 0
0.584682 0
0.010898 0
0.368647 0
0.135678 0
0.592082 0
0.509741 0
0.169789 0
0.102769 0
0.075995 0
0.725995 0
0.055650 0
0.728600 0
0.214076 0
0.825904 0
0.893653 0
0.741958 0
0.136891 0
0.458793 0
0.021068 0
0.802226 0
1.059981 0
1.248186 0
0.244311 0
0.666174 0
1.775647 0
1.047648 0
0.471826 0
0.042002 0
0.180846 0
0.058840 0
0.404846 0
0.401990 0
0.713586 0
1.373417 0
0.231560 0
0.186562 0
0.202098 0
0.614267 0
0.020490 0
1.268189 0
0.680917 0
0.425485 0
0.669654 0
0.110895 0
1.112841 0
0.587677 0
0.236154 0
0.143165 0
0.592498 0
0.284178 0
0.162758 0
0.385920 0
0.858703 0
0.078911 0
0.070603 0
0.294042 0
0.411374 0
1.462009 0
1.179610 0
0.476147 0
0.327305 0
0.951670 0
0.056320 0
1.468173 0
0.181022 0
0.676461 0
0.689814 0
0.532810 0
0.296625 0
0.063293 0
0.340834 0
0.153459 0
0.128477 0
0.126188 0
0.226569 0
0.324284 0
0.255030 0
0.873411 0
0.704400 0
0.150705 0
0.119116 0
0.101943 0
0.619490 0
0.747949 0
0.093000 0
0.686514 0
0.941536 0
1.554454 0
0.145454 0
0.126868 0
0.476465 0
0.120686 0
0.274110 0
0.609552 0
0.123618 0
0.252985 0
0.460383 0
1.071738 0
0.651387 0
0.707096 0
1.457185 0
0.883266 0
0.127283 0
0.331450 0
0.229585 0
0.560488 0
0.148643 0
0.037458 0
0.765046 0
1.121375 0
0.084368 0
0.643391 0
0.091025 0
0.395393 0
0.668438 0
0.214633 0
1.354892 0
0.206717 0
0.419690 0
1.439702 0
0.452244 0
0.512926 0
0.101914 0
1.340722 0
0.893155 0
1.354513 0
0.036956 0
0.258866 0
1.088830 0
1.889757 0
0.683429 0
0.072174 0
0.046746 0
0.223456 0
0.038455 0
0.298444 0
0.161467 0
0.647879 0
1.447550 0
0.334546 0
0.226392 0
0.035132 0
0.025047 0
1.259239 0
0.281541 0
0.671775 0
0.210467 0
0.779659 0
0.173166 0
1.654291 0
0.614322 0
0.011420 0
1.237980 0
1.375463 0
0.443009 0
0.339542 0
0.029814 0
0.131308 0
0.775174 0
0.984028 0
0.009117 0
0.087810 0
0.297493 0
0.133801 0
0.369554 0
0.588014 0
0.636057 0
0.331119 0
0.594298 0
0.511107 0
0.385233 0
0.175139 0
0.690069 0
0.416330 0
0.051107 0
0.103041 0
0.258434 0
1.418353 0
0.677763 0
0.425379 0
0.121602 0
0.468452 0
0.541205 0
0.354440 0
1.857010 0
0.406411 0
0.185235 0
0.569020 0
0.545632 0
2.001377 0
0.063621 0
0.370932 0
0.163253 0
0.387853 0
0.487365 0
0.377347 0
1.513667 0
0.104357 0
0.093899 0
0.198144 0
1.165893 0
0.648678 0
0.157632 0
0.047610 0
1.001859 0
0.389629 0
0.203441 0
0.685357 0
0.103412 0
1.444077 0
0.484678 0
0.045845 0
0.052494 0
0.439961 0
0.366405 0
0.058174 0
0.357602 0
0.343508 0
0.347134 0
0.095790 0
0.628827 0
0.171087 0
0.685421 0
1.299496 0
0.510321 0
0.397536 0
0.065684 0
0.387913 0
0.399846 0
1.580343 0
1.226477 0
0.573110 0
0.256958 0
0.580083 0
0.742338 0
0.085416 0
0.316091 0
0.106580 0
1.057678 0
0.089207 0
0.475371 0
0.011561 0
0.316573 0
0.350523 0
0.319518 0
0.046118 0
1.651858 0
0.061904 0
0.534030 0
1.548429 0
0.676096 0
0.118818 0
1.373637 0
0.626873 0
0.023999 0
0.890706 0
0.253767 0
0.019339 0
0.318855 0
0.270151 0
0.502611 0
0.047716 0
1.373606 0
0.439436 0
1.258127 0
0.492651 0
0.170174 0
0.350000 0
0.156148 0
0.500178 0
0.727513 0
0.703240 0
0.516441 0
1.412983 0
1.478884 0
0.858647 0
1.525092 0
0.191922 0
0.634811 0
0.120721 0
0.524658 0
1.423501 0
0.952809 0
1.245697 0
0.201732 0
0.963640 0
0.249844 0
0.355399 0
0.395099 0
0.225658 0
0.157917 0
0.403945 0
0.011948 0
0.082797 0
0.388830 0
0.515935 0
0.498095 0
0.504354 0
0.564718 0
0.155581 0
0.114333 0
0.108710 0
0.185970 0
0.679068 0
0.121661 0
0.029716 0
0.307687 0
0.471634 0
0.017460 0
0.614186 0
1.003700 0
0.138801 0
1.110305 0
0.058238 0
0.045842 0
0.204217 0
0.007313 0
0.120749 0
0.099779 0
0.930707 0
0.077698 0
0.028155 0
0.068510 0
0.254725 0
0.954958 0
0.198798 0
0.508678 0
0.863038 0
0.072121 0
0.774961 0
0.198950 0
0.296090 0
0.870781 0
0.117206 0
0.117869 0
0.959050 0
0.338851 0
0.003789 0
1.101305 0
0.112350 0
0.050586 0
0.394719 0
0.303416 0
0.898515 0
1.214180 0
0.167283 0
0.262963 0
0.525011 0
0.663269 0
0.102371 0
0.140622 0
0.413488 0
0.263857 0
0.655438 0
0.602499 0
0.875655 0
0.269954 0
0.392212 0
1.243352 0
0.181717 0
0.024842 0
0.476195 0
0.123307 0
0.351537 0
0.040504 0
0.615464 0
0.664591 0
0.594151 0
1.354818 0
0.373833 0
0.252029 0
0.370188 0
0.581224 0
0.626855 0
0.456993 0
0.181665 0
0.775507 0
0.279681 0
0.935593 0
0.174628 0
0.037367 0
0.165192 0
0.462965 0
0.173548 0
1.038513 0
0.962862 0
0.413722 0
0.084632 0
0.099306 0
0.512581 0
0.199986 0
0.174885 0
1.377728 0
0.028990 0
0.981287 0
1.318348 0
0.084333 0
0.635556 0
0.053232 0
0.051062 0
0.435314 0
0.457975 0
0.166650 0
1.441706 0
0.949958 0
0.158704 0
0.099741 0
0.098735 0
1.182276 0
0.508779 0
0.059920 0
0.818726 0
0.297395 0
0.562333 0
0.031194 0
0.075708 0
1.423713 0
0.170313 0
0.564433 0
0.311612 0
0.787012 0
0.888221 0
1.404337 0
0.395194 0
0.291867 0
0.274239 0
0.776499 0
0.125339 0
0.118190 0
0.428334 0
0.089424 0
0.663516 0
0.799102 0
0.269894 0
0.615507 0
0.274717 0
0.362631 0
0.013650 0
0.239416 0
0.602660 0
0.080281 0
0.653369 0
0.186737 0
0.025953 0
0.173740 0
0.194969 0
1.581736 0
0.183838 0
0.160893 0
2.178813 0
0.814892 0
0.484428 0
0.690021 0
0.296193 0
0.307418 0
1.396458 0
0.535711 0
0.731349 0
0.045900 0
0.369749 0
0.304839 0
0.182068 0
0.642943 0
0.419645 0
1.572031 0
0.248796 0
0.221875 0
0.236199 0
0.307365 0
0.389973 0
0.426289 0
0.080316 0
0.389875 0
0.950900 0
0.182036 0
1.463707 0
0.066618 0
0.402191 0
1.241968 0
0.966127 0
0.363386 0
0.685121 0
0.123104 0
0.162886 0
0.299919 0
1.440052 0
1.002724 0
0.332613 0
0.590476 0
0.900772 0
0.419234 0
1.457990 0
0.972140 0
0.808663 0
0.429305 0
0.773019 0
0.090938 0
0.393656 0
0.218254 0
0.633636 0
0.940798 0
0.329716 0
0.157144 0
0.079400 0
0.438911 0
0.067678 0
0.175325 0
0.342356 0
0.053484 0
0.299507 0
0.254398 0
0.182759 0
0.768902 0
0.116110 0
1.023806 0
0.253855 0
0.250869 0
1.494778 0
0.531802 0
0.518604 0
0.323053 0
0.616301 0
0.368716 0
0.259609 0
0.197344 0
0.330956 0
0.063527 0
0.374170 0
0.202342 0
0.434686 0
1.501711 0
0.683540 0
0.141968 0
0.624029 0
0.943407 0
0.922787 0
0.126265 0
0.098271 0
0.025317 0
0.471764 0
0.175475 0
0.637997 0
0.924127 0
1.653458 0
1.367301 0
0.801703 0
0.245389 0
0.103918 0
0.111076 0
0.692232 0
1.476800 0
0.176257 0
0.263736 0
0.539106 0
0.378355 0
0.752115 0
1.453317 0
0.185042 0
0.061250 0
0.175120 0
0.786232 0
0.467368 0
0.265430 0
0.413261 0
0.422156 0
0.776592 0
0.301618 0
0.396343 0
0.472738 0
1.422367 0
0.275020 0
0.356411 0
0.414781 0
0.742333 0
0.297430 0
0.683118 0
1.328174 0
0.598975 0
0.331057 0
0.227489 0
0.867858 0
0.261495 0
0.057900 0
0.027562 0
0.217551 0
1.578968 0
0.303885 0
0.123051 0
0.615093 0
0.559334 0
0.251098 0
0.065841 0
0.854601 0
0.857606 0
0.177411 0
0.206525 0
0.528600 0
0.596906 0
0.211761 0
0.005107 0
1.194456 0
0.031053 0
0.362855 0
0.416426 0
0.114977 0
1.565194 0
0.188102 0
0.641972 0
0.077083 0
0.009598 0
0.273014 0
0.964417 0
0.099010 0
0.852974 0
1.099195 0
0.187115 0
0.200433 0
0.074033 0
0.363938 0
0.498453 0
1.776736 0
0.965076 0
0.852679 0
1.340590 0
0.254696 0
0.731191 0
0.194409 0
0.315519 0
1.266586 0
0.696665 0
0.260978 0
0.701196 0
1.948521 0
0.530376 0
1.667251 0
0.170662 0
0.030176 0
0.286680 0
0.175560 0
0.205984 0
0.097855 0
1.195460 0
0.306169 0
1.750410 0
0.437954 0
0.357334 0
1.370832 0
0.308253 0
0.140005 0
0.258118 0
0.387822 0
0.681897 0
0.224365 0
0.397326 0
0.269522 0
1.420589 0
0.195661 0
0.338168 0
0.155590 0
0.354098 0
0.063926 0
1.230473 0
0.057579 0
0.204000 0
0.108045 0
0.450385 0
0.516677 0
1.001230 0
0.331642 0
1.558762 0
0.293949 0
0.236194 0
0.338750 0
0.040457 0
0.139535 0
0.787297 0
0.626702 0
0.032929 0
0.103876 0
0.203084 0
0.051476 0
1.576630 0
0.585840 0
0.331420 0
0.302759 0
0.652406 0
0.029420 0
0.134800 0
0.240095 0
0.051411 0
0.079058 0
0.134518 0
0.407073 0
0.311276 0
0.077651 0
0.316214 0
1.143748 0
0.298950 0
0.294240 0
1.641937 0
0.178433 0
0.248201 0
0.484352 0
0.098954 0
0.373440 0
0.430652 0
0.217964 0
0.310602 0
0.133937 0
0.594631 0
1.409615 0
0.779206 0
0.821525 0
0.203045 0
0.271991 0
0.102129 0
0.315731 0
0.181934 0
0.175300 0
0.472667 0
0.198382 0
0.986470 0
0.470038 0
0.452898 0
0.548311 0
0.835925 0
0.725611 0
0.103003 0
0.207537 0
0.655117 0
1.101954 0
1.057730 0
0.253024 0
0.193553 0
0.346464 0
0.070119 0
0.123813 0
0.829217 0
1.377596 0
0.277015 0
0.688265 0
1.029898 0
0.909583 0
0.018289 0
0.376156 0
0.035110 0
0.670964 0
1.525225 0
1.242500 0
0.453150 0
0.501058 0
1.346222 0
0.369906 0
0.292617 0
0.089459 0
0.480586 0
0.335699 0
0.600093 0
0.432741 0
0.346757 0
1.528332 0
0.116039 0
0.455660 0
0.374314 0
0.309424 0
0.414456 0
0.304748 0
0.252188 0
0.193761 0
0.764300 0
0.081766 0
1.697517 0
0.775135 0
0.525932 0
0.017204 0
0.393152 0
0.057186 0
0.538841 0
0.459750 0
0.398618 0
0.589200 0
1.676721 0
0.032911 0
0.465187 0
1.216521 0
0.284887 0
0.070427 0
0.500831 0
0.047507 0
0.394201 0
1.455828 0
0.919718 0
0.007985 0
0.142376 0
0.306004 0
0.767430 0
1.566010 0
1.553934 0
1.031057 0
0.077961 0
0.454007 0
0.235891 0
0.774117 0
0.056560 0
0.225906 0
0.902491 0
0.301841 0
0.096265 0
0.111283 0
0.533381 0
0.163619 0
0.851305 0
0.383987 0
1.207550 0
0.235952 0
0.871226 0
0.438429 0
0.063470 0
0.699182 0
0.342416 0
0.008108 0
0.397338 0
0.515512 0
0.073265 0
0.053497 0
0.053029 0
0.009023 0
0.324900 0
0.826562 0
1.958100 0
0.664357 0
0.286581 0
0.178231 0
0.348693 0
0.076530 0
0.186157 0
1.376496 0
1.283897 0
1.297268 0
0.671590 0
1.226023 0
0.723524 0
0.165575 0
0.059093 0
0.399896 0
0.326279 0
0.079682 0
0.085832 0
0.070648 0
0.216507 0
1.273182 0
1.120617 0
0.023846 0
0.041561 0
0.637059 0
0.185077 0
0.715482 0
0.170658 0
0.094250 0
0.088795 0
0.275659 0
0.916866 0
1.078992 0
1.552978 0
0.323861 0
0.258880 0
0.219382 0
0.130074 0
0.243215 0
0.260686 0
0.080391 0
0.420380 0
1.993018 0
0.014889 0
0.409916 0
0.039534 0
0.373976 0
1.123613 0
1.425257 0
0.589597 0
0.561570 0
0.756193 0
0.003681 0
0.833605 0
0.111315 0
0.129816 0
0.584474 0
0.451727 0
0.085698 0
0.523392 0
0.089716 0
0.044253 0
0.239016 0
0.590099 0
0.557288 0
0.616586 0
0.347067 0
0.188647 0
0.103235 0
0.018796 0
1.390808 0
1.048200 0
0.755114 0
0.175616 0
0.002732 0
0.074700 0
0.784946 0
0.663534 0
1.231356 0
0.203090 0
0.040427 0
0.987131 0
1.319552 0
0.728438 0
0.170886 0
0.379852 0
0.135811 0
0.521890 0
0.117334 0
0.369310 0
0.818243 0
0.469135 0
0.969211 0
0.143989 0
0.553122 0
0.503227 0
0.422566 0
0.816790 0
0.084344 0
0.293660 0
0.117793 0
0.247109 0
0.835822 0
0.356356 0
0.844440 0
0.632513 0
0.264964 0
0.414942 0
0.045536 0
0.101410 0
1.042474 0
0.712274 0
0.344863 0
0.197773 0
0.123670 0
0.637234 0
0.141004 0
0.488291 0
0.622252 0
0.464601 0
0.622637 0
0.066898 0
0.428976 0
0.791902 0
0.753041 0
1.099896 0
0.378432 0
0.019078 0
0.051791 0
0.134395 0
0.965340 0
0.178903 0
0.725854 0
0.556692 0
0.008794 0
0.439124 0
1.192293 0
0.040464 0
0.224831 0
0.572834 0
0.577587 0
0.227898 0
0.398590 0
0.962537 0
0.842749 0
1.085522 0
0.824171 0
0.029975 0
0.047118 0
1.746219 0
0.270305 0
0.110640 0
0.588353 0
0.158042 0
0.301028 0
0.075846 0
0.233517 0
0.280781 0
0.011025 0
0.209964 0
0.193912 0
0.159023 0
0.350433 0
0.620345 0
0.689044 0
0.674681 0
0.775828 0
0.369341 0
0.367981 0
0.447910 0
0.229560 0
0.209963 0
0.230353 0
0.088119 0
0.347114 0
0.168987 0
1.081506 0
0.154714 0
0.549075 0
0.206497 0
0.182672 0
0.384075 0
0.492010 0
0.480803 0
0.634164 0
0.032995 0
0.461561 0
0.351125 0
0.497982 0
0.215803 0
0.750988 0
0.647369 0
0.302064 0
0.788021 0
0.436574 0
0.486164 0
1.609043 0
0.213390 0
0.476396 0
0.278255 0
0.939809 0
0.164535 0
0.059125 0
0.043911 0
0.113520 0
0.290439 0
0.661279 0
0.202309 0
0.013564 0
1.129386 0
1.702415 0
1.333370 0
0.251526 0
0.176699 0
0.290846 0
0.075524 0
0.319811 0
0.373088 0
0.427029 0
0.149125 0
0.353768 0
0.124030 0
1.067126 0
0.066602 0
0.133450 0
1.328915 0
0.668981 0
0.017592 0
0.306509 0
0.326090 0
1.150087 0
0.029009 0
0.033069 0
0.384131 0
0.136455 0
1.457993 0
0.562185 0
0.008949 0
0.028113 0
0.103856 0
0.056974 0
0.253364 0
0.307935 0
0.019511 0
0.185754 0
0.035128 0
0.298694 0
1.156269 0
0.436686 0
1.404342 0
1.477303 0
0.078968 0
0.387483 0
0.655370 0
0.162432 0
1.554083 0
0.175975 0
0.121181 0
0.637280 0
0.268370 0
0.206109 0
0.170567 0
0.661648 0
0.035044 0
0.714294 0
0.263943 0
0.196075 0
0.332362 0
0.221743 0
1.168709 0
1.442870 0
0.325197 0
0.373235 0
0.642893 0
0.044738 0
0.762917 0
0.121851 0
0.485317 0
0.426970 0
0.033970 0
0.267796 0
0.035095 0
0.891762 0
0.231855 0
1.240669 0
0.540210 0
0.607917 0
0.059317 0
0.964447 0
0.782623 0
0.221202 0
0.353666 0
0.461345 0
0.399457 0
1.068579 0
0.156977 0
0.883142 0
0.688237 0
0.465489 0
0.017539 0
1.630983 0
0.455965 0
0.911438 0
0.550777 0
0.025557 0
0.034185 0
0.195887 0
0.387780 0
0.062260 0
0.396019 0
0.344366 0
0.647945 0
0.114220 0
0.106424 0
0.038057 0
0.911089 0
0.255979 0
0.175864 0
0.203461 0
0.261368 0
0.313129 0
0.313346 0
1.220163 0
1.831138 0
0.230352 0
1.411072 0
0.118627 0
0.585763 0
0.081983 0
0.641440 0
0.514053 0
0.697077 0
0.756373 0
1.461400 0
0.717253 0
1.010268 0
0.012952 0
0.058901 0
0.473535 0
0.166048 0
0.114045 0
0.084394 0
0.858651 0
0.670813 0
0.437311 0
1.106668 0
0.038028 0
1.425786 0
1.475930 0
1.251726 0
0.505872 0
0.173054 0
1.048051 0
0.601273 0
0.390592 0
0.419752 0
1.160710 0
0.019529 0
0.339047 0
0.130961 0
0.369071 0
0.422283 0
0.406608 0
0.283663 0
1.089183 0
0.013327 0
0.266614 0
1.451619 0
1.178912 0
0.687125 0
0.231144 0
0.001650 0
0.744808 0
0.263401 0
0.545236 0
0.219894 0
0.617241 0
0.420534 0
0.274368 0
0.172693 0
0.161210 0
0.338310 0
1.697256 0
0.725954 0
0.642493 0
1.895748 0
0.140548 0
0.453892 0
0.798856 0
1.048568 0
0.112632 0
1.240747 0
1.481469 0
0.124967 0
0.867249 0
0.614364 0
0.271003 0
1.286287 0
0.419109 0
0.556276 0
0.289728 0
0.512408 0
0.542157 0
0.065873 0
0.190329 0
0.186468 0
0.332008 0
0.161172 0
0.244839 0
0.642557 0
0.048478 0
0.024232 0
1.306248 0
0.050133 0
0.106999 0
0.396179 0
1.435724 0
0.395573 0
0.280587 0
0.110847 0
0.441923 0
0.369624 0
0.610986 0
0.420334 0
0.280904 0
0.651976 0
1.772990 0
0.023570 0
0.810705 0
0.404174 0
0.150719 0
0.328562 0
0.829506 0
1.254664 0
0.156850 0
0.473631 0
1.548903 0
0.164975 0
0.133341 0
0.007756 0
0.488079 0
0.309908 0
0.253169 0
0.587963 0
0.093652 0
0.506713 0
0.136348 0
0.610474 0
0.206773 0
0.050145 0
0.282580 0
0.225193 0
0.180934 0
0.540867 0
0.133991 0
0.080526 0
0.640114 0
0.049341 0
0.250684 0
0.857713 0
0.080075 0
0.302288 0
1.645235 0
0.383041 0
0.128402 0
0.023521 0
1.452715 0
1.205728 0
0.115035 0
0.065894 0
1.518130 0
0.143008 0
0.284724 0
0.538761 0
0.236934 0
0.067273 0
0.018209 0
0.253970 0
0.036555 0
0.082926 0
0.364842 0
1.545059 0
0.043136 0
0.075477 0
0.620909 0
0.150455 0
0.286594 0
0.256416 0
0.963856 0
0.216967 0
0.153239 0
0.777570 0
0.483383 0
0.247545 0
0.585322 0
0.567603 0
1.032711 0
0.727777 0
0.148193 0
0.604963 0
0.422484 0
0.256601 0
0.354801 0
0.760482 0
0.749933 0
1.082574 0
0.520145 0
0.361324 0
0.038807 0
0.329945 0
0.244843 0
0.070571 0
0.476564 0
0.284606 0
0.556631 0
1.096196 0
0.529968 0
0.877059 0
0.725796 0
0.933082 0
0.760646 0
0.736306 0
0.456094 0
0.193881 0
0.449191 0
0.300997 0
0.928740 0
1.791329 0
0.560192 0
0.502779 0
0.600728 0
0.505768 0
0.753995 0
1.245119 0
0.101963 0
0.164040 0
0.971038 0
1.340072 0
0.507850 0
0.893992 0
0.270201 0
0.068842 0
0.125898 0
0.248175 0
0.078211 0
1.150573 0
1.145354 0
0.123633 0
0.285124 0
0.022121 0
1.565212 0
1.696890 0
0.098878 0
0.237620 0
0.132856 0
0.203956 0
0.941975 0
0.313004 0
0.129858 0
1.537892 0
0.449791 0
1.746554 0
0.921969 0
0.626960 0
0.425014 0
0.339014 0
0.560591 0
0.145320 0
0.976661 0
0.148388 0
0.761861 0
1.449295 0
0.317855 0
0.662121 0
0.068628 0
0.234708 0
0.046112 0
0.157122 0
0.064560 0
0.037677 0
0.783858 0
0.012488 0
0.437358 0
1.313995 0
0.469043 0
0.435581 0
1.143689 0
0.173731 0
0.910169 0
0.221763 0
0.364912 0
0.217217 0
1.436310 0
0.076266 0
0.267353 0
0.197186 0
0.790869 0
0.092192 0
0.805301 0
0.198862 0
0.098930 0
0.829823 0
0.170992 0
0.056303 0
0.740671 0
0.522185 0
0.148304 0
0.881101 0
1.016654 0
0.209475 0
1.037249 0
0.032666 0
0.181833 0
0.185620 0
0.252935 0
0.922099 0
1.187313 0
0.015827 0
0.154220 0
0.041673 0
0.358088 0
0.320939 0
0.280314 0
0.360497 0
0.919599 0
0.422560 0
1.282290 0
0.204642 0
0.151189 0
0.721101 0
0.188290 0
0.016476 0
0.184351 0
0.581749 0
0.213380 0
0.121350 0
0.114704 0
0.178645 0
0.175702 0
1.196443 0
0.347380 0
0.867128 0
0.240989 0
0.550633 0
0.875651 0
1.058521 0
1.121262 0
0.238637 0
0.919611 0
0.479764 0
0.276580 0
0.844419 0
0.139650 0
0.347070 0
0.402959 0
0.021632 0
0.306650 0
0.493884 0
0.571637 0
0.079588 0
0.281080 0
0.886196 0
0.277519 0
0.919407 0
0.019300 0
0.262395 0
0.291671 0
0.153661 0
0.331639 0
0.716454 0
0.014166 0
0.109101 0
0.358543 0
0.062934 0
0.683246 0
1.047600 0
1.551145 0
0.676055 0
1.383948 0
0.789207 0
0.298619 0
0.036116 0
0.255299 0
0.015961 0
0.375373 0
0.692006 0
0.612684 0
0.356162 0
0.320004 0
0.634435 0
1.002739 0
0.108851 0
0.085571 0
0.189576 0
0.106783 0
0.091041 0
1.204253 0
0.782224 0
0.361088 0
0.625556 0
0.476384 0
0.847878 0
1.050098 0
1.446910 0
1.638508 0
0.066477 0
0.102983 0
0.213832 0
0.147480 0
0.618053 0
0.034197 0
0.072507 0
0.038190 0
1.759796 0
0.695311 0
0.534809 0
0.061677 0
0.279475 0
2.167276 0
0.508284 0
0.512356 0
0.267006 0
0.156689 0
0.556780 0
0.451039 0
0.023458 0
0.132283 0
0.451531 0
0.547858 0
0.010810 0
0.387579 0
0.538099 0
0.155036 0
0.695765 0
0.233892 0
0.086708 0
0.030391 0
0.293899 0
0.106793 0
0.338610 0
0.235003 0
0.820879 0
0.173626 0
1.006227 0
1.516431 0
1.050175 0
0.062522 0
0.800327 0
0.128789 0
0.408548 0
0.115203 0
0.306691 0
0.745427 0
0.401144 0
0.110884 0
1.252724 0
1.261970 0
0.968174 0
0.130977 0
0.276005 0
0.094845 0
0.247668 0
1.737913 0
0.268871 0
0.114946 0
0.633723 0
0.694695 0
0.795904 0
0.732265 0
1.271520 0
0.082268 0
0.326325 0
0.435528 0
0.341733 0
1.117401 0
0.870460 0
0.310692 0
0.609309 0
0.312692 0
0.288166 0
0.001862 0
0.848491 0
0.580098 0
0.115063 0
0.625300 0
0.240578 0
0.720322 0
0.517020 0
0.238859 0
0.536398 0
0.390364 0
0.312064 0
0.020065 0
0.463289 0
0.217974 0
0.150009 0
0.456137 0
1.286985 0
0.545345 0
1.245154 0
0.098062 0
0.448800 0
0.856467 0
0.786396 0
0.101927 0
0.284040 0
0.423703 0
1.799529 0
0.514272 0
0.211164 0
0.734415 0
0.312427 0
0.515090 0
0.495825 0
1.444787 0
1.126898 0
0.663631 0
1.441282 0
1.157541 0
0.325467 0
1.313787 0
0.513422 0
0.352666 0
0.321698 0
0.143206 0
0.186158 0
0.498180 0
0.095933 0
0.192972 0
0.448551 0
0.395332 0
0.183078 0
0.310622 0
0.592561 0
0.341267 0
0.240910 0
0.194156 0
1.436316 0
1.081079 0
0.462634 0
0.544630 0
0.558132 0
1.130782 0
0.161782 0
1.286421 0
0.168306 0
0.883813 0
0.034184 0
0.026431 0
0.408092 0
1.225116 0
0.064565 0
1.423031 0
0.315664 0
0.586016 0
0.020665 0
0.252542 0
1.457789 0
0.062047 0
0.340589 0
0.034013 0
0.252270 0
1.359567 0
1.210566 0
0.827355 0
0.020835 0
0.943819 0
0.128961 0
1.192045 0
0.346232 0
0.679929 0
0.792600 0
1.422401 0
1.204704 0
0.673551 0
0.791909 0
1.000493 0
0.185861 0
0.034532 0
0.050857 0
0.901076 0
0.510096 0
0.392017 0
0.658860 0
0.094488 0
0.832516 0
0.968602 0
0.697516 0
0.374230 0
0.047023 0
0.019319 0
0.869023 0
0.748499 0
0.275369 0
1.102287 0
0.859007 0
0.136415 0
0.446295 0
0.053934 0
0.039132 0
1.333067 0
0.360674 0
1.528389 0
1.188649 0
1.484016 0
0.935651 0
0.077269 0
0.526318 0
0.394881 0
0.301147 0
0.649195 0
0.622841 0
1.506809 0
0.562056 0
0.694627 0
0.798414 0
0.435934 0
0.162168 0
0.369507 0
0.269156 0
0.416932 0
0.122227 0
0.165735 0
0.029137 0
0.815538 0
1.146222 0
0.927451 0
0.174965 0
0.511331 0
0.283335 0
0.478562 0
1.215582 0
0.508821 0
0.310410 0
0.520099 0
0.602627 0
0.270307 0
0.670220 0
0.385814 0
0.298474 0
0.763993 0
0.182408 0
0.794877 0
0.187065 0
0.045879 0
0.106706 0
0.120750 0
0.158681 0
0.993087 0
0.332150 0
1.143801 0
0.617694 0
1.490727 0
0.051183 0
0.011147 0
0.710850 0
0.472620 0
0.196550 0
0.420168 0
0.142996 0
0.624473 0
1.490926 0
0.170056 0
0.034058 0
0.218026 0
0.437010 0
0.199179 0
0.246806 0
0.189127 0
0.047230 0
0.189009 0
0.110067 0
0.051153 0
0.011467 0
0.973990 0
0.194190 0
0.482116 0
0.126038 0
0.479134 0
1.058534 0
1.541977 0
0.451244 0
0.572782 0
0.174043 0
0.233737 0
0.858905 0
0.318581 0
0.140737 0
0.097378 0
0.173454 0
1.654766 0
0.267339 0
1.698423 0
0.619872 0
0.364623 0
0.433541 0
1.296140 0
0.173543 0
0.599430 0
0.472914 0
1.238024 0
0.178301 0
0.214833 0
0.568319 0
1.016621 0
0.112841 0
1.081159 0
0.464906 0
0.138084 0
0.421293 0
0.382498 0
0.031026 0
0.017215 0
0.152757 0
0.421342 0
1.763757 0
0.162447 0
0.847886 0
0.423221 0
0.974385 0
0.739445 0
0.015908 0
0.239694 0
0.888276 0
0.032325 0
0.049583 0
0.345702 0
0.224903 0
0.429569 0
0.103264 0
0.529076 0
1.489992 0
0.500580 0
0.430506 0
0.090652 0
1.580111 0
0.125849 0
0.214918 0
0.470925 0
0.173184 0
0.192000 0
0.354788 0
0.179927 0
0.242799 0
0.046294 0
0.741244 0
0.119250 0
0.633362 0
0.735441 0
0.319098 0
0.024356 0
1.064160 0
0.203903 0
0.457064 0
0.048647 0
0.228948 0
0.190940 0
0.165623 0
0.039053 0
0.099407 0
0.634242 0
0.784355 0
0.156957 0
0.420572 0
0.021405 0
0.699503 0
0.058168 0
0.648892 0
0.031794 0
0.702642 0
0.565832 0
0.880778 0
1.254081 0
0.905414 0
1.442884 0
0.226106 0
0.808615 0
0.599382 0
0.159315 0
1.243974 0
0.365073 0
0.736569 0
0.075580 0
0.762915 0
0.674821 0
0.273917 0
1.064779 0
0.044092 0
0.100470 0
0.118325 0
0.631598 0
0.339727 0
0.501094 0
0.332006 0
1.297754 0
0.154098 0
0.025496 0
0.452711 0
0.171243 0
1.092886 0
0.718304 0
0.090545 0
0.851939 0
0.122906 0
0.208344 0
0.451846 0
0.376236 0
1.123606 0
0.476948 0
0.237445 0
0.550947 0
1.341565 0
0.523405 0
0.578561 0
0.232859 0
0.034056 0
0.217394 0
0.618809 0
0.127575 0
0.215550 0
0.046529 0
0.807423 0
0.446956 0
1.278384 0
0.095060 0
0.457029 0
0.111248 0
1.348507 0
0.636054 0
0.092960 0
0.259955 0
0.098065 0
0.869168 0
0.047569 0
0.249755 0
0.286896 0
0.132304 0
0.269816 0
0.073589 0
0.547849 0
0.547925 0
0.407607 0
0.986504 0
0.455021 0
0.499626 0
0.900657 0
0.949030 0
0.764239 0
0.582876 0
0.298778 0
0.704357 0
0.149153 0
0.290471 0
0.072338 0
0.126508 0
0.351064 0
0.298432 0
0.369993 0
0.107048 0
0.184711 0
0.854055 0
0.334063 0
0.592730 0
1.149425 0
0.452592 0
0.297551 0
0.139483 0
0.312473 0
0.588112 0
0.651191 0
0.847750 0
0.473830 0
0.307396 0
0.623102 0
1.169396 0
0.442295 0
0.757046 0
0.312802 0
1.520264 0
0.165216 0
0.774658 0
0.068932 0
0.484928 0
1.615623 0
0.852920 0
0.193275 0
0.540456 0
0.369660 0
0.968481 0
1.421543 0
0.091638 0
0.145760 0
0.790355 0
0.504450 0
0.243641 0
1.496760 0
0.009408 0
0.151041 0
0.373580 0
0.258226 0
1.089828 0
0.752558 0
1.043783 0
0.110590 0
0.103168 0
1.368984 0
0.675310 0
0.289709 0
0.467273 0
0.113770 0
0.510833 0
0.445920 0
0.196348 0
0.156623 0
0.137451 0
0.561650 0
0.248288 0
0.437432 0
0.161064 0
1.212787 0
0.306529 0
0.284438 0
0.264293 0
0.455349 0
1.173242 0
0.929032 0
1.184238 0
0.465591 0
0.347246 0
0.589731 0
0.013983 0
1.391203 0
0.253187 0
0.530939 0
0.229380 0
0.268265 0
0.756740 0
0.895233 0
1.125710 0
0.254937 0
0.099558 0
1.186460 0
0.094626 0
0.028367 0
0.452696 0
0.027266 0
0.009281 0
1.318920 0
0.067934 0
0.104345 0
0.040339 0
0.392385 0
0.096265 0
0.005631 0
0.671107 0
0.926370 0
0.953799 0
0.633050 0
0.110500 0
0.142468 0
0.310322 0
0.103519 0
0.097419 0
1.385365 0
0.077052 0
0.529089 0
1.052563 0
0.073585 0
0.240881 0
0.258964 0
1.425499 0
0.050937 0
0.313593 0
0.473006 0
1.634834 0
0.372338 0
1.277679 0
0.692900 0
0.170902 0
0.174043 0
0.087750 0
0.018085 0
1.034457 0
0.078541 0
1.467998 0
1.389064 0
1.181585 0
0.200848 0
0.812782 0
1.381749 0
0.925431 0
0.211298 0
0.164246 0
0.429063 0
0.614657 0
0.738407 0
1.633803 0
0.735017 0
0.633564 0
0.373336 0
0.264173 0
0.523810 0
1.365619 0
0.226210 0
0.303864 0
0.185629 0
0.488500 0
0.994498 0
1.632381 0
0.006921 0
0.970878 0
0.633794 0
1.083718 0
0.421355 0
0.371459 0
0.271119 0
0.325419 0
0.191269 0
0.063331 0
0.299633 0
0.043540 0
0.043843 0
0.484660 0
0.215673 0
0.046171 0
0.240382 0
0.240230 0
0.067131 0
0.050968 0
0.343352 0
0.549674 0
0.766431 0
0.056847 0
1.023544 0
0.116378 0
0.527400 0
0.398083 0
0.068554 0
0.776372 0
1.218673 0
0.194836 0
0.075925 0
0.012079 0
0.092492 0
0.053446 0
0.007622 0
1.481153 0
0.582654 0
0.293720 0
0.169281 0
0.397725 0
1.235823 0
0.461795 0
0.299528 0
0.365690 0
0.156003 0
1.611368 0
0.229593 0
0.207086 0
0.431193 0
0.439893 0
0.948151 0
0.149149 0
1.747071 0
0.520350 0
1.027648 0
0.269776 0
0.022087 0
0.077231 0
1.756776 0
0.596571 0
0.663376 0
0.579031 0
0.748890 0
0.898210 0
0.018722 0
0.127667 0
0.376820 0
0.773211 0
0.310770 0
1.560526 0
0.627244 0
1.020679 0
0.153181 0
0.398658 0
0.546563 0
0.032371 0
0.818888 0
0.155870 0
0.365500 0
0.033807 0
0.209659 0
0.196384 0
0.349938 0
0.522458 0
0.724133 0
0.825023 0
0.150327 0
0.983517 0
0.089556 0
0.860819 0
0.132997 0
0.341610 0
0.242106 0
1.000146 0
0.091578 0
0.347241 0
0.128836 0
0.019562 0
0.939222 0
1.408217 0
0.226157 0
0.168896 0
0.695494 0
0.140616 0
0.938029 0
0.108059 0
0.425032 0
0.033927 0
0.353325 0
1.931749 0
0.351949 0
0.239675 0
0.016030 0
0.983603 0
0.730470 0
0.605933 0
0.129018 0
0.944395 0
0.568411 0
0.477595 0
0.079756 0
0.427185 0
0.842309 0
0.407198 0
0.654737 0
0.017419 0
1.543965 0
0.040182 0
0.336343 0
0.290030 0
0.015834 0
1.390065 0
0.081949 0
0.119326 0
1.469617 0
0.685179 0
0.294122 0
0.697799 0
0.630549 0
0.146396 0
0.111524 0
0.623458 0
0.132787 0
0.075838 0
0.646953 0
0.179920 0
0.125700 0
0.259164 0
0.597736 0
0.625825 0
0.233862 0
0.590617 0
0.882984 0
0.945133 0
0.790689 0
0.099111 0
0.088234 0
1.188730 0
0.361382 0
0.868771 0
0.052961 0
0.695934 0
0.321740 0
0.061316 0
0.459426 0
0.064053 0
1.300097 0
0.706527 0
0.221962 0
0.328734 0
0.211725 0
0.087508 0
0.505166 0
0.055046 0
0.309175 0
1.020684 0
0.815382 0
1.405299 0
0.037631 0
0.180176 0
0.301820 0
0.222129 0
0.346690 0
0.429270 0
0.043725 0
0.012364 0
1.861249 0
0.621185 0
1.181640 0
0.407460 0
0.245039 0
0.010877 0
0.317937 0
0.386047 0
1.675565 0
0.323140 0
0.438902 0
0.460802 0
0.065185 0
0.016014 0
0.008880 0
1.245705 0
0.516126 0
0.118336 0
0.325594 0
1.421981 0
1.105655 0
0.023742 0
0.331923 0
0.554719 0
0.232395 0
1.112505 0
0.376176 0
0.062464 0
0.928901 0
1.138514 0
0.776558 0
0.121015 0
0.766157 0
1.085184 0
0.674632 0
0.065908 0
0.095848 0
0.178185 0
0.118295 0
0.520729 0
1.432238 0
1.384295 0
0.043510 0
0.495315 0
0.284907 0
0.313511 0
0.671071 0
0.133109 0
0.334288 0
0.272862 0
0.086246 0
0.429731 0
0.360728 0
0.184044 0
0.276733 0
0.810853 0
0.897909 0
0.422361 0
0.572489 0
1.898000 0
0.563596 0
0.261824 0
0.246298 0
1.124764 0
0.108793 0
0.238288 0
0.859171 0
0.577381 0
0.661383 0
0.518836 0
0.240176 0
0.524219 0
0.087898 0
1.169220 0
0.974040 0
0.338383 0
1.181547 0
0.104553 0
0.165777 0
0.314628 0
0.024376 0
0.509028 0
0.583791 0
0.618605 0
0.633660 0
0.041581 0
0.333267 0
0.151413 0
1.154701 0
0.481044 0
0.347432 0
0.268734 0
0.606447 0
0.103636 0
0.662141 0
0.574758 0
1.025392 0
0.739315 0
0.786795 0
0.003670 0
0.842277 0
0.461607 0
0.821658 0
1.005495 0
0.186207 0
1.170665 0
0.074465 0
1.587369 0
0.232237 0
0.042335 0
0.327271 0
0.063286 0
0.091843 0
1.453730 0
0.324951 0
0.521455 0
0.358143 0
0.037470 0
1.855795 0
0.691403 0
0.509023 0
0.182336 0
0.024469 0
0.295235 0
0.423488 0
0.946289 0
0.795091 0
1.070478 0
0.073903 0
0.639501 0
0.327524 0
0.762057 0
0.070261 0
1.568539 0
0.158900 0
0.103369 0
0.670514 0
0.849707 0
1.698079 0
0.141941 0
0.372393 0
0.232333 0
0.336288 0
0.048513 0
0.295884 0
0.196062 0
0.914742 0
0.836284 0
0.530579 0
0.908517 0
0.253695 0
0.257944 0
0.218721 0
0.318509 0
0.362051 0
0.342365 0
0.119817 0
0.595043 0
0.661160 0
0.222522 0
0.648543 0
0.464372 0
0.068667 0
0.501207 0
0.113456 0
0.157045 0
0.314994 0
0.369546 0
0.040925 0
0.201846 0
0.221994 0
0.543820 0
0.033576 0
0.292535 0
0.363577 0
0.333186 0
0.082917 0
0.267543 0
0.270790 0
0.051176 0
0.748135 0
0.540075 0
0.743569 0
1.711472 0
0.152832 0
0.745794 0
0.187163 0
0.655537 0
0.100105 0
1.178267 0
0.520244 0
0.023987 0
0.151889 0
0.636579 0
0.376903 0
0.377624 0
0.112935 0
0.320450 0
0.119041 0
1.010760 0
0.234670 0
0.104759 0
1.426534 0
0.881936 0
0.847472 0
0.542843 0
0.579921 0
0.063934 0
0.908541 0
0.531422 0
0.082353 0
1.641305 0
0.566670 0
0.642039 0
0.028434 0
1.290451 0
0.106246 0
0.298531 0
0.892082 0
1.029611 0
0.552733 0
0.080798 0
0.063617 0
0.092774 0
0.082571 0
0.082364 0
0.262042 0
0.256596 0
0.578738 0
0.051328 0
0.132948 0
0.028750 0
1.295827 0
0.387676 0
0.362902 0
1.510650 0
0.289784 0
1.094076 0
0.421910 0
0.277519 0
0.683950 0
0.145054 0
1.199066 0
0.776634 0
0.340616 0
1.628221 0
0.506639 0
0.459904 0
0.207149 0
1.141912 0
0.354462 0
0.626380 0
0.510330 0
1.031809 0
0.061577 0
0.684627 0
0.417029 0
0.153364 0
0.380613 0
0.318578 0
0.701275 0
0.036263 0
0.217477 0
0.230904 0
1.709970 0
1.289833 0
0.339798 0
0.612459 0
0.508381 0
1.351012 0
0.378240 0
0.884615 0
0.015243 0
0.849502 0
0.014188 0
1.235515 0
0.145540 0
0.911775 0
0.072375 0
0.445428 0
0.303245 0
0.337523 0
1.235815 0
0.488959 0
1.109053 0
0.373544 0
0.110722 0
1.294455 0
1.162056 0
0.013554 0
0.086705 0
0.430392 0
0.864331 0
0.669338 0
0.089107 0
0.259717 0
0.286205 0
0.028351 0
1.164442 0
0.224448 0
0.454749 0
0.015485 0
0.860811 0
0.441234 0
0.355170 0
0.459161 0
0.117337 0
0.444332 0
0.389373 0
0.123801 0
0.029713 0
0.120255 0
0.294431 0
0.128385 0
0.726475 0
0.474924 0
1.109593 0
1.384319 0
0.452680 0
0.578790 0
0.421816 0
0.535808 0
0.290708 0
0.295763 0
0.918319 0
1.008446 0
0.770106 0
0.660548 0
0.014149 0
0.896364 0
1.159528 0
0.117345 0
1.391651 0
0.096063 0
0.526849 0
0.317313 0
0.570612 0
0.092835 0
0.142634 0
0.415578 0
0.146973 0
0.430129 0
0.317279 0
0.381946 0
0.319797 0
1.445076 0
0.183351 0
0.097483 0
0.387264 0
0.247936 0
1.530432 0
0.154231 0
0.634318 0
1.192406 0
0.115051 0
0.075045 0
0.314079 0
0.439892 0
1.322148 0
0.118519 0
0.345115 0
0.046002 0
0.312266 0
0.498781 0
0.042207 0
0.149754 0
0.244871 0
0.089689 0
0.055710 0
0.083704 0
0.422675 0
0.425655 0
1.430982 0
0.252762 0
0.215183 0
0.570643 0
0.108090 0
1.436249 0
0.025296 0
0.685683 0
1.532136 0
0.147725 0
0.596195 0
0.310170 0
1.344282 0
1.061257 0
0.113397 0
0.355359 0
0.955518 0
0.144875 0
0.354585 0
1.497351 0
0.296299 0
0.120674 0
0.191417 0
0.908565 0
1.340207 0
0.143511 0
0.277955 0
1.417141 0
0.220782 0
0.436393 0
0.410673 0
0.227512 0
0.044325 0
0.416744 0
0.246707 0
0.125848 0
0.407057 0
1.675443 0
0.182499 0
0.905745 0
0.610061 0
0.914495 0
0.172235 0
0.154639 0
0.139876 0
0.955800 0
0.379432 0
0.224682 0
0.137458 0
0.368151 0
0.185156 0
0.035441 0
0.378327 0
0.030130 0
0.099388 0
0.562903 0
0.641712 0
0.227300 0
0.422821 0
