1.585529 0
1.448856 0
0.728705 0
0.464284 0
0.476416 0
0.622286 0
0.649813 0
0.064211 0
0.641109 0
0.127583 0
0.084469 0
0.160472 0
0.565086 0
0.058442 0
0.195899 0
0.333444 0
0.046762 0
0.198885 0
0.686391 0
0.233295 0
0.638513 0
0.454952 0
0.404518 0
0.174779 0
1.331673 0
0.058848 0
0.087607 0
0.687432 0
0.094928 0
0.014220 0
0.313137 0
0.752348 0
0.192025 0
1.230280 0
0.499676 0
0.346384 0
0.109388 0
0.118588 0
0.093661 0
0.119899 0
0.016086 0
0.171595 0
0.417113 0
0.292669 0
0.784741 0
0.057657 0
0.038364 0
0.111454 0
0.218235 0
0.646297 0
0.054900 0
0.139185 0
0.909813 0
0.137620 0
0.538181 0
0.105536 0
0.869886 0
0.282240 0
1.118480 0
0.185659 0
1.274172 0
1.554905 0
0.714546 0
0.337911 0
1.050423 0
0.421676 0
0.056184 0
0.645530 0
0.976891 0
0.290207 0
0.531672 0
1.063303 0
1.432597 0
0.179800 0
0.054117 0
0.035212 0
0.513567 0
0.222547 0
0.042864 0
0.653147 0
0.001835 0
0.353136 0
0.026192 0
0.304389 0
0.374418 0
0.486891 0
0.027920 0
1.383216 0
0.905825 0
0.252245 0
0.144161 0
0.500568 0
0.282970 0
0.328947 0
0.188199 0
0.187451 0
0.095810 0
1.209309 0
1.567874 0
1.667241 0
0.220406 0
0.834028 0
0.520032 0
0.206949 0
0.222225 0
0.706452 0
0.721613 0
1.422388 0
0.096281 0
0.259952 0
0.216637 0
0.474061 0
0.621318 0
0.434682 0
0.131621 0
0.602485 0
0.049096 0
0.189512 0
0.290662 0
0.943645 0
0.214304 0
0.480224 0
0.530089 0
0.614780 0
0.677107 0
0.375076 0
0.037583 0
0.921923 0
0.321585 0
0.911289 0
1.488917 0
0.039306 0
0.233538 0
0.701498 0
0.324707 0
0.287989 0
0.488960 0
0.111013 0
0.286336 0
0.396994 0
0.179868 0
0.168672 0
1.077911 0
1.000015 0
0.474396 0
0.243720 0
0.486298 0
0.809293 0
0.604974 0
0.052980 0
0.414579 0
0.307368 0
0.197441 0
0.396813 0
1.058216 0
0.167995 0
0.189362 0
1.532001 0
0.567334 0
0.449608 0
0.048291 0
0.044603 0
0.036889 0
1.214046 0
0.184910 0
0.394073 0
0.407450 0
0.043705 0
0.198165 0
1.013848 0
0.077000 0
1.473704 0
0.255244 0
0.986666 0
0.531873 0
0.284206 0
0.332841 0
0.317915 0
0.009667 0
0.667386 0
0.251550 0
0.013654 0
0.577875 0
0.415436 0
0.696248 0
0.048645 0
0.350754 0
0.230545 0
0.278550 0
0.029266 0
0.084440 0
0.557181 0
1.634277 0
0.435340 0
0.923909 0
0.265591 0
0.320067 0
0.221844 0
0.595676 0
0.044257 0
0.116168 0
0.670040 0
1.542698 0
0.745029 0
0.811485 0
0.463536 0
0.127660 0
0.128825 0
0.420317 0
0.542615 0
1.404522 0
0.196059 0
0.709483 0
0.880003 0
0.373794 0
0.114683 0
0.952592 0
0.524062 0
0.575400 0
1.579344 0
0.089858 0
0.476283 0
0.165742 0
0.591950 0
0.649939 0
0.028676 0
1.349047 0
0.162012 0
0.294189 0
0.028304 0
0.132610 0
0.541616 0
0.385004 0
0.483570 0
0.127821 0
0.161867 0
0.189377 0
0.714493 0
0.049543 0
0.024564 0
0.037585 0
0.468481 0
0.054048 0
0.488465 0
1.103834 0
0.010466 0
0.504865 0
0.064571 0
0.964212 0
0.069020 0
0.144883 0
0.037256 0
0.449573 0
0.474827 0
0.083738 0
0.068483 0
0.419722 0
0.085813 0
0.126760 0
1.175744 0
0.092804 0
0.310713 0
0.529909 0
1.268562 0
0.633478 0
0.288150 0
0.297552 0
0.086990 0
0.416357 0
1.241006 0
1.026697 0
0.478038 0
0.005950 0
0.108821 0
0.205859 0
0.401908 0
1.111121 0
0.120870 0
0.608784 0
0.194583 0
1.580187 0
0.325607 0
1.184255 0
0.559058 0
1.420118 0
0.506964 0
0.392098 0
0.110310 0
0.501902 0
0.781292 0
0.197189 0
0.085442 0
1.425911 0
0.939264 0
0.701159 0
0.506469 0
0.950499 0
1.356947 0
0.123960 0
0.054951 0
0.331450 0
0.890975 0
0.443390 0
0.124751 0
0.286911 0
0.278398 0
0.402118 0
0.376416 0
0.190479 0
0.906443 0
0.050209 0
0.427129 0
1.090439 0
0.212206 0
0.662725 0
0.627813 0
0.135176 0
0.210523 0
1.508499 0
0.594946 0
0.188711 0
0.880195 0
0.070288 0
0.072189 0
0.232558 0
0.230938 0
0.197952 0
0.595442 0
0.036260 0
0.202968 0
1.548640 0
0.525410 0
0.190864 0
0.517084 0
0.076747 0
0.074294 0
0.519818 0
0.239239 0
0.566304 0
0.162322 0
1.014891 0
1.263716 0
0.758400 0
0.169962 0
0.842576 0
0.566468 0
1.377143 0
0.146703 0
0.193407 0
1.902660 0
0.028345 0
0.242733 0
0.930084 0
0.046397 0
0.839276 0
0.374726 0
0.116211 0
1.332874 0
1.009397 0
0.385736 0
0.453522 0
0.370842 0
0.293045 0
0.606850 0
0.855222 0
0.905917 0
1.051610 0
0.151216 0
0.272736 0
0.647324 0
0.182522 0
1.689965 0
0.469963 0
0.149390 0
0.133643 0
0.248800 0
0.209696 0
0.089909 0
0.360541 0
0.037304 0
0.355010 0
0.052907 0
0.047374 0
0.084910 0
0.047293 0
0.266972 0
0.183390 0
0.314750 0
0.179892 0
1.200405 0
0.625765 0
1.164923 0
0.106983 0
0.459521 0
0.822345 0
0.295243 0
1.768843 0
1.346707 0
1.120767 0
1.322745 0
0.418205 0
1.108206 0
0.272968 0
1.164837 0
0.262389 0
0.090184 0
0.814963 0
1.601308 0
0.308182 0
1.348629 0
0.200421 0
0.325443 0
0.427797 0
0.045568 0
0.147349 0
0.483322 0
0.214714 0
0.386967 0
1.061309 0
0.087383 0
0.424473 0
1.453705 0
0.110144 0
0.429248 0
0.289859 0
0.028433 0
1.382160 0
0.062756 0
0.300660 0
0.121802 0
0.585255 0
0.064450 0
0.086368 0
0.620058 0
0.797841 0
0.013643 0
1.148511 0
0.628058 0
0.492240 0
0.033112 0
0.034928 0
0.472574 0
0.008403 0
0.336910 0
0.234307 0
0.478359 0
0.804962 0
0.774223 0
0.849992 0
1.114211 0
0.047106 0
0.348030 0
0.920700 0
0.413260 0
0.136268 0
1.643891 0
0.092060 0
0.436763 0
0.218180 0
0.392178 0
1.084052 0
0.603838 0
0.504228 0
0.375206 0
0.017120 0
0.111194 0
0.565696 0
0.302341 0
0.093630 0
0.056615 0
0.071213 0
0.623778 0
0.164906 0
0.652932 0
0.505151 0
0.497066 0
0.020673 0
0.354622 0
0.087222 0
0.363947 0
0.134387 0
0.172402 0
0.350031 0
0.040503 0
0.917451 0
1.479905 0
1.017959 0
0.525491 0
0.019818 0
0.005310 0
0.071190 0
0.407881 0
0.032168 0
0.038086 0
0.026860 0
0.031707 0
0.575339 0
0.476211 0
0.628011 0
0.455986 0
0.224590 0
0.570703 0
0.602408 0
0.154726 0
0.120249 0
0.157925 0
0.614538 0
0.830116 0
0.077214 0
0.386650 0
0.093613 0
0.340159 0
0.764447 0
0.152206 0
0.033111 0
0.503388 0
0.092706 0
0.134961 0
0.838155 0
0.620802 0
0.098571 0
0.809640 0
1.103870 0
0.707880 0
0.518284 0
0.193493 0
0.041589 0
0.611799 0
1.089913 0
0.881514 0
0.114154 0
0.324588 0
0.685632 0
0.033425 0
0.985214 0
0.320945 0
0.270350 0
0.601264 0
0.109489 0
0.561648 0
0.089577 0
0.226738 0
1.049703 0
0.338454 0
0.647555 0
0.261144 0
0.371823 0
1.449801 0
0.294975 0
1.377971 0
0.006228 0
0.436922 0
0.221196 0
0.563921 0
0.028935 0
0.104875 0
0.051212 0
1.662921 0
0.497598 0
0.916532 0
0.042952 0
0.251038 0
0.743965 0
0.085599 0
0.236664 0
0.060693 0
0.006562 0
0.015026 0
1.518681 0
0.400254 0
0.026771 0
0.458807 0
0.022966 0
0.791861 0
0.660289 0
0.363793 0
0.879513 0
1.287250 0
0.764994 0
0.343787 0
0.264595 0
0.246214 0
0.536896 0
0.339070 0
0.090189 0
0.866376 0
0.560003 0
0.124514 0
0.184643 0
0.063906 0
0.386723 0
0.171136 0
0.768239 0
0.766536 0
0.747010 0
0.297464 0
0.738034 0
0.337718 0
0.287767 0
0.251387 0
0.161695 0
1.262056 0
0.248046 0
0.320958 0
0.141645 0
0.658131 0
0.071130 0
1.362411 0
0.097333 0
0.167820 0
0.492024 0
0.654667 0
0.326708 0
1.417396 0
0.309451 0
0.749266 0
1.385619 0
0.280441 0
0.114275 0
0.403913 0
0.566527 0
0.168527 0
0.486371 0
0.384694 0
0.347479 0
0.100361 0
0.186577 0
0.152681 0
0.064453 0
0.248998 0
0.027942 0
0.134899 0
0.490580 0
0.119931 0
0.417267 0
0.093249 0
0.199703 0
0.892019 0
0.016465 0
0.073766 0
0.506183 0
0.291119 0
0.191963 0
0.537879 0
0.858795 0
0.005632 0
0.892118 0
1.084541 0
0.007086 0
0.330010 0
0.109036 0
0.156441 0
0.258270 0
0.337592 0
0.581772 0
0.408027 0
0.142459 0
0.604957 0
1.207642 0
0.074241 0
0.032248 0
0.725638 0
0.957210 0
0.542149 0
0.295106 0
0.051531 0
0.133243 0
0.460002 0
0.176870 0
0.113827 0
0.009756 0
0.688436 0
1.457631 0
0.246163 0
0.208576 0
0.723067 0
0.174090 0
1.716440 0
0.767792 0
0.248514 0
0.343252 0
0.401854 0
1.387523 0
0.676614 0
0.061692 0
1.023968 0
0.010647 0
0.347745 0
0.163379 0
0.176448 0
0.927390 0
0.033529 0
0.812247 0
0.009887 0
0.364988 0
0.232118 0
1.267994 0
0.053633 0
1.041507 0
0.197077 0
0.610176 0
0.504783 0
1.636545 0
0.163638 0
0.165244 0
1.968258 0
1.206598 0
0.741902 0
0.122757 0
0.313724 0
1.203206 0
0.607846 0
1.318927 0
0.310037 0
0.976753 0
0.242675 0
0.030486 0
0.577827 0
0.113914 0
0.191713 0
0.151988 0
0.256652 0
0.191106 0
0.408212 0
0.028873 0
0.625294 0
0.892869 0
0.464400 0
0.436628 0
0.824245 0
0.547239 0
0.065290 0
1.381147 0
0.181308 0
1.011864 0
0.429568 0
0.249864 0
0.048943 0
0.714441 0
1.449332 0
0.444828 0
0.017391 0
0.794297 0
1.457372 0
2.082176 0
0.571720 0
0.116379 0
0.317194 0
0.091999 0
0.017310 0
0.160053 0
0.361140 0
0.197173 0
0.084181 0
0.130889 0
0.117068 0
0.268774 0
0.200744 0
0.308047 0
1.379966 0
0.163905 0
1.134201 0
0.431916 0
0.083139 0
0.033318 0
0.423309 0
0.223620 0
0.127840 0
0.216333 0
0.041458 0
0.243000 0
0.163716 0
0.677196 0
0.252321 0
0.554646 0
1.476903 0
0.901726 0
0.791302 0
0.833707 0
0.714068 0
0.147049 0
0.055906 0
0.204003 0
1.600491 0
1.444995 0
0.471020 0
0.273634 0
0.585054 0
0.131871 0
1.401325 0
0.557917 0
0.198107 0
0.047758 0
0.337661 0
0.292928 0
0.949440 0
0.490963 0
0.786580 0
0.597687 0
1.335966 0
0.373731 0
0.236002 0
1.078534 0
0.612975 0
1.282582 0
0.807857 0
1.125610 0
1.050686 0
0.537493 0
0.576813 0
0.326273 0
1.358708 0
0.767736 0
0.241195 0
0.111017 0
0.545092 0
0.590052 0
0.186984 0
0.425784 0
0.628569 0
0.414900 0
0.828758 0
0.038033 0
0.166728 0
1.258014 0
0.236607 0
0.841983 0
0.521799 0
0.712954 0
0.044366 0
0.839765 0
0.301242 0
0.610595 0
0.122342 0
0.104686 0
0.028880 0
0.477674 0
0.321532 0
0.819461 0
0.337967 0
0.567910 0
0.207585 0
0.070818 0
0.997641 0
0.081789 0
0.123349 0
0.948648 0
0.557038 0
0.543223 0
0.551127 0
0.082094 0
0.101484 0
0.651537 0
0.235009 0
0.064213 0
0.082626 0
0.501478 0
0.458168 0
0.163053 0
0.113699 0
0.516809 0
0.315670 0
2.000283 0
0.266281 0
0.578033 0
1.075679 0
0.672269 0
1.027038 0
0.329248 0
1.228636 0
0.229724 0
0.406651 0
0.054783 0
0.278544 0
0.246185 0
0.046598 0
0.488526 0
0.526421 0
0.096796 0
0.058862 0
1.069554 0
0.182020 0
0.371166 0
0.298735 0
0.415587 0
0.004000 0
0.758833 0
0.168314 0
0.402707 0
0.536028 0
0.804387 0
1.174668 0
0.582794 0
0.733238 0
0.374526 0
0.596840 0
0.410224 0
0.455598 0
0.220697 0
0.169812 0
1.175459 0
0.456506 0
0.487502 0
1.834324 0
0.344610 0
0.196182 0
0.337251 0
0.185158 0
1.083382 0
0.582031 0
0.270484 0
0.689897 0
0.211658 0
0.128355 0
1.575492 0
0.160487 0
1.269930 0
0.651964 0
0.178130 0
1.093438 0
1.147037 0
0.269590 0
0.578850 0
0.989810 0
0.118178 0
0.707655 0
0.176545 0
0.458176 0
0.052087 0
0.053541 0
0.942036 0
0.020372 0
0.446356 0
0.357179 0
0.053913 0
0.015929 0
0.248022 0
0.710539 0
0.070375 0
0.905568 0
0.808002 0
0.606701 0
0.425826 0
0.045635 0
0.030532 0
1.101202 0
0.100591 0
0.033338 0
0.069661 0
0.934919 0
0.126584 0
1.432986 0
0.230144 0
0.501093 0
0.161011 0
1.553583 0
0.062485 0
0.890106 0
0.945805 0
0.340551 0
0.006447 0
0.779241 0
0.240397 0
0.083289 0
0.258669 0
0.110398 0
0.011697 0
0.135572 0
1.484038 0
0.285473 0
0.252320 0
0.229818 0
0.275141 0
0.087462 0
0.329515 0
0.458013 0
1.627685 0
0.392223 0
0.033387 0
0.526633 0
0.240780 0
1.605924 0
0.387630 0
0.318402 0
0.352723 0
0.573447 0
0.909839 0
0.328423 0
0.277078 0
0.380309 0
1.016389 0
0.332137 0
1.190409 0
1.495996 0
0.282995 0
1.461244 0
0.702166 0
0.174309 0
0.356116 0
0.117904 0
0.050188 0
0.521513 0
0.479369 0
0.088894 0
0.147754 0
0.419512 0
0.060919 0
1.493702 0
0.036169 0
0.321098 0
0.273581 0
0.069870 0
0.527477 0
0.322637 0
0.286880 0
1.460708 0
0.448170 0
0.092034 0
2.120073 0
0.161783 0
0.012656 0
0.730285 0
0.604115 0
0.294931 0
1.884088 0
1.283785 0
1.656346 0
0.612361 0
0.927737 0
0.086771 0
0.147037 0
1.466431 0
0.152774 0
0.578084 0
0.142017 0
0.334413 0
1.759560 0
0.204202 0
0.227451 0
0.237866 0
0.182864 0
0.142726 0
0.524782 0
0.892618 0
0.745384 0
0.125932 0
0.950252 0
1.126985 0
0.416548 0
0.451078 0
0.300696 0
0.235311 0
0.582241 0
0.220161 0
1.004839 0
0.540139 0
1.106094 0
0.065279 0
0.614593 0
1.053388 0
1.481491 0
0.369927 0
0.534835 0
0.110336 0
0.679172 0
0.322064 0
0.769272 0
0.260736 0
0.033985 0
0.390359 0
1.111758 0
0.111297 0
0.453007 0
0.217153 0
0.099826 0
0.297524 0
0.865692 0
0.507541 0
0.994910 0
0.144360 0
0.444264 0
0.247325 0
0.263485 0
0.117375 0
0.154023 0
1.184626 0
1.534491 0
0.459359 0
1.438843 0
0.167964 0
1.378793 0
0.396955 0
0.895573 0
0.107287 0
0.355783 0
0.643959 0
1.039435 0
0.197550 0
0.321850 0
0.377848 0
0.036589 0
0.501370 0
0.538550 0
0.406662 0
0.398868 0
0.106602 0
0.160050 0
0.015359 0
0.192150 0
0.497188 0
0.676849 0
0.807754 0
0.192399 0
0.081070 0
0.121100 0
0.176931 0
0.034068 0
0.312913 0
0.157719 0
0.037685 0
1.141039 0
0.685852 0
1.853996 0
0.015330 0
0.312792 0
0.159271 0
0.852796 0
0.104696 0
0.024313 0
1.148179 0
0.405820 0
0.241035 0
0.078530 0
0.173550 0
0.347377 0
0.736040 0
0.363850 0
0.076291 0
1.498719 0
0.509701 0
0.815955 0
0.121842 0
0.126822 0
1.264504 0
0.729992 0
0.035204 0
1.452910 0
0.403139 0
1.076767 0
0.758335 0
0.149397 0
1.096057 0
0.028329 0
0.316821 0
0.110301 0
0.035471 0
0.207783 0
0.210495 0
0.019251 0
0.473589 0
1.331977 0
0.105333 0
0.512889 0
0.213908 0
0.036013 0
0.706397 0
0.373737 0
0.496895 0
0.793208 0
0.326293 0
0.966611 0
0.292480 0
0.347970 0
0.084843 0
0.218536 0
1.555928 0
0.093829 0
0.404476 0
1.203152 0
1.417223 0
1.584335 0
0.074117 0
0.730170 0
0.377794 0
0.295605 0
0.180008 0
0.193386 0
0.235995 0
0.239624 0
0.241156 0
0.312754 0
0.079074 0
0.223773 0
0.029107 0
0.438256 0
1.054867 0
0.027717 0
1.617082 0
1.396219 0
1.738788 0
0.605755 0
1.516556 0
0.815897 0
0.135656 0
0.936334 0
0.207992 0
0.361441 0
0.075232 0
0.494931 0
0.130358 0
0.104609 0
0.225187 0
0.280374 0
0.547613 0
0.124043 0
0.601009 0
0.290585 0
1.073427 0
0.145824 0
1.253310 0
0.181411 0
0.191323 0
0.295848 0
0.458148 0
0.497612 0
0.103573 0
0.350246 0
0.240947 0
0.300881 0
0.387340 0
0.260087 0
0.553388 0
0.242554 0
1.277085 0
0.171293 0
0.412387 0
0.022271 0
0.374126 0
0.036830 0
0.020567 0
0.308940 0
0.134341 0
0.655128 0
0.453551 0
0.347678 0
0.550516 0
0.090004 0
0.083463 0
0.296731 0
0.149232 0
0.831956 0
0.391546 0
0.730196 0
0.015684 0
0.357421 0
1.666476 0
0.376445 0
0.627419 0
0.069295 0
0.100007 0
0.648555 0
0.075284 0
0.644406 0
0.983673 0
0.096418 0
0.154810 0
0.512438 0
0.454366 0
0.121264 0
0.208920 0
0.263531 0
0.826849 0
0.303493 0
0.389798 0
1.305385 0
1.417946 0
0.628305 0
0.291764 0
0.327842 0
0.607246 0
0.830180 0
0.505539 0
0.659362 0
0.436240 0
0.275323 0
1.557206 0
0.139882 0
0.712017 0
0.043346 0
0.169910 0
0.786851 0
1.530514 0
0.198092 0
0.898892 0
1.940032 0
0.700392 0
1.160078 0
1.386280 0
0.049193 0
1.920501 0
0.471324 0
0.414256 0
0.326923 0
0.645253 0
0.151301 0
0.191554 0
0.602450 0
1.556269 0
0.533980 0
0.108675 0
0.762306 0
0.058462 0
0.176620 0
0.321469 0
0.877887 0
0.121209 0
0.162507 0
0.317999 0
0.943415 0
0.327962 0
0.772595 0
0.541300 0
0.230929 0
0.008590 0
0.018655 0
0.638015 0
0.756933 0
0.182542 0
0.756890 0
0.942446 0
1.152632 0
0.326825 0
0.456125 0
0.470764 0
0.060019 0
0.124896 0
0.150257 0
0.180950 0
1.287152 0
0.140709 0
0.406187 0
0.225739 0
0.023125 0
0.914713 0
0.798258 0
0.195293 0
0.330215 0
1.510098 0
0.575948 0
0.963263 0
0.895018 0
0.425960 0
0.389917 0
0.366106 0
0.197912 0
1.288375 0
0.099263 0
0.085412 0
0.274872 0
0.296111 0
0.240157 0
0.578753 0
1.083478 0
0.204347 0
1.576406 0
0.213063 0
0.404022 0
0.092104 0
0.553875 0
0.421060 0
0.883915 0
0.097120 0
0.109147 0
0.170312 0
0.128835 0
0.254919 0
0.234816 0
0.518468 0
0.672607 0
0.357356 0
0.232847 0
1.138658 0
1.151767 0
0.696120 0
0.098606 0
0.097311 0
0.356665 0
0.139699 0
0.103411 0
0.448829 0
0.413479 0
0.964596 0
0.114798 0
0.086622 0
0.634448 0
0.073786 0
1.317609 0
1.544228 0
0.584743 0
0.055946 0
0.569266 0
0.200958 0
0.028253 0
0.209578 0
0.131544 0
1.368141 0
1.437515 0
0.127488 0
0.710709 0
0.182044 0
0.763585 0
0.184237 0
0.685363 0
0.029898 0
0.028933 0
0.244695 0
0.640278 0
0.388430 0
0.326912 0
0.350675 0
0.757190 0
0.072651 0
0.780427 0
1.402113 0
0.135330 0
1.852984 0
0.606307 0
0.057604 0
0.136533 0
0.691272 0
0.318282 0
0.027932 0
0.647769 0
1.339183 0
1.285433 0
0.025569 0
0.320684 0
0.496367 0
0.632677 0
1.043083 0
0.548688 0
0.135948 0
0.251996 0
1.707640 0
1.194937 0
0.953543 0
1.884964 0
0.151096 0
0.056407 0
0.088808 0
0.978430 0
0.638916 0
0.737836 0
0.188744 0
0.337193 0
0.108871 0
0.403293 0
0.677917 0
0.188932 0
1.436253 0
0.573755 0
0.456109 0
0.113833 0
0.530692 0
0.104265 0
0.426342 0
0.229951 0
0.409291 0
0.503472 0
0.457090 0
0.423402 0
0.414220 0
0.695863 0
0.571609 0
0.452180 0
1.458727 0
0.517575 0
0.645090 0
0.156510 0
0.599394 0
0.328546 0
0.329693 0
0.986175 0
0.236273 0
0.135279 0
0.691403 0
0.424601 0
0.113937 0
0.456934 0
0.695168 0
0.365276 0
0.088705 0
0.101246 0
0.281251 0
0.332885 0
1.617423 0
0.174234 0
1.444373 0
0.181539 0
0.314378 0
0.057825 0
0.747720 0
0.480532 0
1.182121 0
0.179961 0
0.160863 0
0.725828 0
0.249051 0
1.065295 0
0.287182 0
0.339262 0
0.162647 0
0.390883 0
0.150856 0
1.474568 0
0.185053 0
0.561930 0
0.370274 0
0.486983 0
1.253929 0
0.072348 0
0.869780 0
0.311564 0
0.870753 0
0.602273 0
0.081839 0
0.427811 0
1.032349 0
0.468590 0
1.399781 0
0.146121 0
1.040960 0
0.403574 0
0.056826 0
1.395536 0
0.069632 0
0.733750 0
0.163575 0
0.282292 0
0.259169 0
0.037622 0
0.226330 0
0.035364 0
0.065370 0
0.203541 0
0.488370 0
0.449737 0
0.617550 0
0.155690 0
0.096215 0
0.407929 0
0.425707 0
0.078483 0
1.387641 0
0.435925 0
0.338552 0
0.738422 0
0.091976 0
0.806667 0
0.107974 0
0.046962 0
0.064945 0
0.496134 0
0.464303 0
0.222642 0
0.038193 0
1.446961 0
0.028294 0
0.359476 0
0.273077 0
0.082759 0
0.026626 0
1.114269 0
0.763840 0
0.766555 0
0.429255 0
0.027416 0
0.215923 0
0.455698 0
0.489635 0
0.471890 0
0.063732 0
1.237594 0
0.400904 0
0.292246 0
0.963092 0
0.070547 0
0.012846 0
0.605931 0
1.828609 0
0.323214 0
0.907080 0
0.099312 0
0.359973 0
0.462893 0
0.756513 0
0.646659 0
1.591130 0
0.840268 0
0.878168 0
1.842072 0
1.489733 0
0.042948 0
0.839367 0
0.246478 0
0.033179 0
0.813625 0
0.031469 0
0.888791 0
0.725885 0
0.054256 0
0.071119 0
0.323397 0
0.158478 0
1.216090 0
0.451138 0
0.600766 0
0.046814 0
0.033888 0
0.268837 0
0.167749 0
0.611809 0
0.540742 0
0.383530 0
0.382737 0
0.476326 0
0.974303 0
1.728199 0
0.651870 0
0.056108 0
0.259217 0
0.646665 0
1.357973 0
0.833063 0
0.782124 0
0.488299 0
0.113264 0
0.222957 0
0.040209 0
0.693559 0
0.017710 0
0.390583 0
0.063248 0
0.798266 0
0.066312 0
1.246273 0
0.895565 0
0.008011 0
0.710734 0
0.328643 0
0.784127 0
0.476639 0
0.687321 0
0.577890 0
0.404928 0
0.111212 0
0.129137 0
1.538347 0
0.465884 0
0.579512 0
0.137148 0
1.363755 0
0.152779 0
1.218980 0
0.140848 0
0.475358 0
0.177899 0
0.051723 0
1.174849 0
0.711771 0
0.748679 0
0.923151 0
0.204442 0
0.569843 0
0.191430 0
1.473410 0
0.131039 0
0.320204 0
0.027270 0
1.513361 0
0.568634 0
1.361375 0
0.302821 0
0.726298 0
0.038688 0
0.648898 0
0.933513 0
0.951992 0
0.252645 0
0.019170 0
0.369413 0
0.158364 0
0.087344 0
0.405839 0
1.084216 0
1.119538 0
0.237058 0
0.110830 0
0.459894 0
0.176035 0
0.337503 0
0.190328 0
0.251715 0
0.127792 0
1.618140 0
0.058095 0
0.871111 0
1.344718 0
0.062740 0
0.516708 0
0.607421 0
0.062139 0
0.123491 0
0.018931 0
0.773268 0
1.402377 0
0.104988 0
1.131415 0
0.230782 0
0.065599 0
0.173722 0
0.375742 0
0.146821 0
0.587498 0
0.347770 0
0.462903 0
0.346073 0
0.748980 0
0.824245 0
0.184863 0
1.514043 0
1.001566 0
1.403210 0
0.899584 0
0.033582 0
0.136465 0
0.082770 0
1.483516 0
0.403351 0
0.794859 0
0.421181 0
1.633798 0
0.093305 0
0.720798 0
0.043014 0
0.128632 0
0.655378 0
0.699995 0
0.535684 0
0.299090 0
0.206717 0
0.113196 0
1.734493 0
0.195421 0
1.278207 0
0.026530 0
0.360998 0
0.232761 0
0.340834 0
0.073074 0
0.171634 0
0.312947 0
0.431545 0
0.182575 0
0.267917 0
0.586666 0
0.365793 0
0.008878 0
0.186974 0
0.728904 0
0.308559 0
0.189896 0
0.644197 0
1.476593 0
0.417771 0
0.469939 0
0.880705 0
0.366264 0
0.073267 0
0.532413 0
0.273778 0
1.438259 0
0.283440 0
1.187280 0
0.378737 0
0.934004 0
0.484388 0
1.852422 0
0.183371 0
0.310839 0
0.225115 0
0.042977 0
0.092008 0
0.049982 0
0.874206 0
0.775664 0
0.271275 0
0.520813 0
0.914754 0
0.842143 0
0.365714 0
0.190625 0
0.107162 0
0.431811 0
0.884230 0
0.197482 0
0.240078 0
0.393215 0
0.745910 0
0.641655 0
0.260463 0
0.760176 0
1.281769 0
0.885599 0
0.461222 0
0.112839 0
0.148669 0
0.221178 0
1.490326 0
1.166356 0
0.684200 0
0.118233 0
0.743825 0
0.088783 0
0.043413 0
0.161066 0
0.572072 0
1.117133 0
0.053346 0
0.217691 0
0.979289 0
1.476467 0
0.067774 0
0.160387 0
0.179743 0
0.169764 0
0.299768 0
0.175904 0
0.090785 0
0.686555 0
1.122965 0
0.372480 0
0.700732 0
0.241492 0
0.767942 0
0.613538 0
0.370583 0
0.329286 0
0.118610 0
0.022181 0
1.398987 0
0.543470 0
0.082734 0
0.171939 0
0.673669 0
0.010859 0
0.020412 0
1.530825 0
0.303321 0
1.109147 0
0.310038 0
0.436225 0
0.971686 0
0.055625 0
0.071015 0
0.014014 0
0.181175 0
0.116638 0
0.162580 0
0.027964 0
0.603435 0
0.078809 0
0.569786 0
0.402161 0
0.237100 0
0.095824 0
0.121224 0
1.074335 0
0.227791 0
0.737925 0
1.093635 0
0.622045 0
0.449587 0
0.641880 0
0.224346 0
0.335171 0
0.452311 0
1.364696 0
0.332291 0
0.542772 0
0.275603 0
0.182928 0
0.322609 0
0.084925 0
0.040766 0
1.186264 0
0.396700 0
0.233924 0
0.027598 0
0.461124 0
0.274778 0
0.464215 0
0.061771 0
1.394140 0
0.085692 0
0.599297 0
0.080609 0
1.690134 0
0.856358 0
0.559170 0
0.558023 0
0.754653 0
0.414043 0
1.390892 0
0.228774 0
1.399342 0
0.335914 0
0.443744 0
0.055549 0
0.243112 0
0.804193 0
0.362474 0
0.417996 0
0.437311 0
1.382449 0
0.197294 0
0.435286 0
0.103405 0
0.784464 0
0.179676 0
0.335837 0
0.458406 0
0.901873 0
1.056526 0
0.632820 0
1.105236 0
0.861978 0
0.217060 0
0.485269 0
0.201619 0
0.037171 0
0.282438 0
0.365374 0
0.976691 0
0.303582 0
0.403978 0
1.188276 0
0.206207 0
0.359719 0
0.599224 0
0.931266 0
0.530754 0
0.853154 0
0.937513 0
0.013671 0
0.022743 0
1.337594 0
0.375739 0
0.149754 0
0.201650 0
0.095075 0
0.485735 0
0.521901 0
0.515456 0
0.095053 0
0.615740 0
0.357059 0
0.080841 0
1.050325 0
1.133367 0
0.055152 0
0.572372 0
0.153785 0
0.978846 0
0.966960 0
0.246066 0
0.180028 0
1.004180 0
0.053038 0
0.095410 0
0.450080 0
1.510510 0
0.854093 0
0.910537 0
1.304843 0
0.337157 0
1.705623 0
0.610998 0
0.685467 0
0.914901 0
0.156345 0
0.238084 0
0.403215 0
1.129836 0
0.301620 0
0.486108 0
0.347510 0
0.710214 0
0.134770 0
0.107998 0
0.247476 0
1.676324 0
0.404767 0
0.208119 0
0.038441 0
0.955432 0
0.569259 0
0.167844 0
0.109768 0
1.407990 0
0.341710 0
0.762447 0
0.099302 0
0.085390 0
0.524583 0
0.662794 0
0.258765 0
0.278864 0
0.331630 0
0.960260 0
0.672037 0
0.387066 0
0.862849 0
0.343519 0
0.439992 0
0.346288 0
0.080458 0
0.160233 0
0.277948 0
0.054568 0
0.537407 0
0.073047 0
0.182395 0
0.391538 0
1.117599 0
0.188281 0
0.012180 0
0.590170 0
0.371916 0
0.719186 0
0.036290 0
0.419848 0
0.533572 0
0.100997 0
0.642963 0
0.072564 0
0.886964 0
0.015868 0
0.109863 0
0.540651 0
1.466096 0
0.350549 0
1.346990 0
0.784847 0
0.591554 0
0.096061 0
0.396155 0
0.820659 0
0.070007 0
0.199277 0
0.119131 0
0.791359 0
0.194471 0
0.223596 0
0.575652 0
1.682667 0
0.215034 0
0.617664 0
0.258470 0
0.043534 0
1.046037 0
0.590411 0
0.589044 0
0.200273 0
0.448492 0
0.551957 0
0.528116 0
0.178239 0
0.142069 0
0.766149 0
0.906716 0
0.425854 0
0.837379 0
0.534190 0
1.506601 0
0.320995 0
0.101521 0
0.120079 0
0.137290 0
0.100554 0
0.122258 0
0.590029 0
0.834473 0
0.876991 0
0.394437 0
0.876790 0
0.561093 0
0.541075 0
0.600239 0
0.483354 0
0.203344 0
0.139744 0
0.385145 0
0.277228 0
1.664396 0
0.259114 0
0.152729 0
1.187329 0
0.053510 0
0.509968 0
0.197562 0
0.756915 0
0.459289 0
0.032331 0
0.380415 0
0.350877 0
0.245079 0
0.793659 0
0.708566 0
0.812605 0
0.614610 0
1.489579 0
0.400978 0
0.195855 0
0.201618 0
0.449423 0
0.075562 0
1.192221 0
0.222760 0
0.912152 0
0.564445 0
0.026719 0
1.189332 0
0.270560 0
0.661215 0
0.529325 0
1.461116 0
0.713910 0
0.442676 0
0.349592 0
1.403461 0
0.057572 0
0.330888 0
0.489191 0
0.588655 0
1.145788 0
1.434045 0
0.269365 0
0.552412 0
0.142164 0
0.129219 0
0.554143 0
0.454060 0
0.152271 0
0.012049 0
1.239840 0
0.138183 0
0.034340 0
0.065207 0
0.028930 0
0.340375 0
1.030844 0
0.202626 0
1.365569 0
0.266941 0
1.157316 0
0.261639 0
0.194857 0
1.480221 0
0.026165 0
1.023824 0
1.655079 0
0.282738 0
0.950544 0
0.114532 0
0.761777 0
0.268439 0
0.869380 0
0.226806 0
0.004541 0
0.374260 0
0.471653 0
1.095854 0
1.063792 0
0.046316 0
0.908782 0
0.317544 0
0.421196 0
0.099065 0
0.505229 0
0.119874 0
0.292026 0
0.936730 0
0.456040 0
0.432452 0
1.460992 0
0.103714 0
0.275874 0
0.325083 0
0.298313 0
0.034822 0
1.127046 0
0.005034 0
0.993213 0
0.031520 0
1.774659 0
1.141155 0
0.442848 0
0.404084 0
0.633668 0
0.342220 0
0.923210 0
0.446064 0
0.529419 0
0.724841 0
0.102397 0
0.207254 0
0.716958 0
1.022897 0
0.238018 0
0.176712 0
0.074121 0
0.490523 0
1.369658 0
0.239851 0
0.390208 0
0.031187 0
0.246597 0
0.055293 0
0.963011 0
0.027946 0
0.221473 0
0.743225 0
0.552022 0
0.706427 0
1.400522 0
0.973057 0
0.182138 0
0.296978 0
0.360225 0
1.030523 0
0.295214 0
0.227282 0
0.154614 0
0.236315 0
0.958575 0
0.239427 0
0.385305 0
1.033899 0
0.924506 0
0.211588 0
0.741457 0
0.515578 0
0.936177 0
1.246513 0
0.017712 0
0.895701 0
0.131434 0
0.245040 0
0.414695 0
0.252361 0
0.326373 0
0.676440 0
1.247840 0
0.679624 0
0.141892 0
0.623425 0
0.073699 0
0.052940 0
0.825316 0
0.448724 0
1.742697 0
0.471069 0
0.766913 0
0.007602 0
1.168533 0
0.699017 0
0.174056 0
1.456791 0
0.557348 0
0.044981 0
0.074532 0
0.438785 0
0.542752 0
0.068554 0
0.157064 0
0.472144 0
1.460082 0
0.138717 0
1.518329 0
0.314914 0
0.082864 0
0.009892 0
0.366768 0
0.009141 0
0.031220 0
0.162487 0
0.391475 0
1.195757 0
0.251750 0
0.052356 0
0.741230 0
0.163009 0
0.067580 0
1.940429 0
0.409106 0
0.588425 0
0.018100 0
0.342445 0
0.032180 0
0.671201 0
0.070097 0
1.505692 0
1.303495 0
0.373463 0
0.931775 0
0.148609 0
0.373321 0
0.241858 0
0.296123 0
0.162440 0
0.977125 0
0.424031 0
0.595003 0
0.136310 0
0.591466 0
0.054313 0
0.029829 0
1.479812 0
0.025091 0
0.233752 0
0.700438 0
0.920114 0
0.330805 0
0.368657 0
0.465613 0
0.705486 0
0.599392 0
1.524874 0
0.148149 0
1.291945 0
0.407242 0
1.328164 0
0.441458 0
0.122640 0
0.116101 0
1.016096 0
0.189552 0
0.628864 0
0.370053 0
0.549044 0
0.565214 0
0.114967 0
0.515629 0
0.266480 0
0.035665 0
0.439808 0
0.679949 0
0.196045 0
0.085798 0
0.302062 0
0.049740 0
0.204848 0
1.290050 0
0.302439 0
1.517458 0
0.486939 0
0.180395 0
0.598156 0
0.176630 0
0.964063 0
0.650115 0
0.896140 0
0.272780 0
1.171060 0
0.463803 0
0.122889 0
0.029092 0
0.173247 0
0.089422 0
0.365343 0
0.223758 0
0.021733 0
0.191850 0
0.314361 0
0.062192 0
1.668005 0
0.033953 0
0.955444 0
0.533493 0
0.282315 0
1.113370 0
0.245436 0
0.145711 0
0.438816 0
0.530222 0
0.000831 0
1.309251 0
0.529823 0
0.603240 0
0.228652 0
0.079450 0
0.399100 0
0.037684 0
0.010314 0
0.323422 0
0.621586 0
0.010556 0
0.057527 0
0.202686 0
1.051756 0
0.379747 0
0.861893 0
0.515916 0
0.106246 0
0.120861 0
0.695094 0
0.052985 0
0.247731 0
1.436779 0
0.445243 0
1.347251 0
0.939524 0
0.987270 0
0.990836 0
0.329860 0
0.049005 0
1.261837 0
1.541712 0
0.707038 0
0.836816 0
0.125299 0
0.263632 0
1.240112 0
1.166291 0
0.214581 0
0.475370 0
0.153813 0
0.025677 0
0.300768 0
0.027959 0
0.470999 0
0.701853 0
0.015559 0
0.337439 0
0.472956 0
0.070642 0
0.513946 0
0.082868 0
0.186467 0
0.291377 0
1.174709 0
1.138479 0
0.014916 0
0.520394 0
0.163927 0
0.028856 0
0.017644 0
0.350783 0
0.328598 0
0.126649 0
0.373089 0
0.117374 0
0.014364 0
0.050107 0
0.178324 0
0.333078 0
0.209576 0
0.311411 0
0.007141 0
0.027911 0
0.347686 0
0.324742 0
0.743258 0
0.725793 0
0.897953 0
0.335137 0
0.123145 0
0.281410 0
1.368614 0
0.875247 0
0.140312 0
1.377853 0
0.277616 0
0.727551 0
1.635390 0
0.152745 0
1.040385 0
0.371555 0
1.261047 0
0.339234 0
0.128552 0
0.364271 0
0.147084 0
0.296464 0
0.297178 0
0.348678 0
0.065467 0
0.674827 0
0.444375 0
0.617253 0
0.845247 0
0.529417 0
0.060016 0
0.154994 0
0.004408 0
0.595802 0
0.436653 0
0.254967 0
0.135818 0
1.172887 0
0.016843 0
1.752988 0
1.427250 0
0.573647 0
1.383948 0
0.290435 0
0.970027 0
0.342586 0
0.197635 0
0.239351 0
0.457584 0
0.275289 0
1.155729 0
0.693892 0
0.857604 0
0.400677 0
0.363387 0
1.128957 0
1.304993 0
0.453740 0
0.078625 0
0.040621 0
0.218931 0
0.428771 0
0.235505 0
0.814860 0
0.424822 0
1.416874 0
0.608599 0
0.048874 0
1.241623 0
0.393218 0
0.167946 0
1.306968 0
0.075388 0
0.053177 0
0.645537 0
0.019838 0
0.445017 0
0.400496 0
1.325503 0
0.485456 0
1.379073 0
0.169809 0
0.183036 0
0.938050 0
0.478133 0
0.031263 0
0.004290 0
0.159249 0
0.082188 0
0.547008 0
0.227375 0
0.081353 0
1.055049 0
0.401483 0
0.784357 0
0.153858 0
0.955257 0
1.044133 0
1.433893 0
0.452828 0
0.029991 0
0.107469 0
0.996121 0
0.543356 0
0.270058 0
1.442297 0
0.379660 0
0.154629 0
0.075969 0
0.455024 0
0.611677 0
0.240556 0
0.227599 0
0.436048 0
0.332811 0
0.234296 0
0.018265 0
0.686661 0
0.108183 0
0.233716 0
0.178863 0
0.088671 0
0.174976 0
0.070756 0
0.612533 0
0.028874 0
0.550849 0
0.501976 0
0.147094 0
0.232318 0
0.603423 0
0.007047 0
0.161210 0
0.293957 0
0.325264 0
0.143185 0
0.159496 0
0.174581 0
0.157697 0
0.197462 0
0.054170 0
1.368994 0
0.247045 0
0.701440 0
0.891320 0
0.674217 0
0.190109 0
1.061436 0
0.175990 0
0.737922 0
0.627488 0
0.379217 0
0.707843 0
0.256403 0
0.322601 0
0.312061 0
0.254531 0
0.273165 0
0.085958 0
0.236208 0
0.688221 0
0.409211 0
0.164505 0
0.956258 0
1.480638 0
0.432903 0
0.158663 0
0.334029 0
0.222586 0
0.100771 0
1.488157 0
0.767882 0
0.419022 0
0.011625 0
0.103466 0
0.218498 0
1.131401 0
0.311085 0
0.811071 0
1.527881 0
0.154398 0
0.056872 0
0.752117 0
0.330336 0
0.581848 0
0.342056 0
0.188463 0
0.194230 0
0.142847 0
0.413307 0
0.479395 0
0.265774 0
1.267703 0
0.642434 0
1.624918 0
0.538374 0
1.113526 0
0.332859 0
0.132191 0
1.551187 0
0.666419 0
0.661803 0
0.096382 0
0.063783 0
0.354517 0
0.064949 0
0.499071 0
0.991124 0
0.033706 0
0.236430 0
0.338203 0
0.430779 0
0.098310 0
0.764838 0
0.432404 0
0.174014 0
0.495006 0
0.119521 0
0.150607 0
0.119997 0
0.036627 0
0.242674 0
0.030715 0
0.898266 0
0.011300 0
0.867977 0
1.319886 0
0.616286 0
1.042286 0
0.163799 0
0.738370 0
1.407465 0
1.240708 0
0.436368 0
0.161815 0
0.097245 0
1.158074 0
1.156379 0
0.306410 0
0.430809 0
0.312146 0
0.440714 0
0.103208 0
1.478654 0
0.182624 0
1.413025 0
0.417190 0
0.123017 0
0.140578 0
0.020366 0
0.630344 0
1.262637 0
0.450713 0
0.260545 0
0.198691 0
0.098720 0
0.304850 0
0.064458 0
0.537632 0
0.136741 0
0.846575 0
0.660616 0
0.295362 0
0.392742 0
0.116034 0
0.562342 0
0.075642 0
0.101755 0
0.089148 0
1.652985 0
0.084830 0
0.158269 0
0.086073 0
0.406249 0
0.962343 0
0.167879 0
0.227328 0
0.292406 0
0.112006 0
0.566560 0
1.429218 0
1.477282 0
0.263092 0
1.412777 0
0.692531 0
0.097816 0
0.245791 0
0.583551 0
0.021964 0
0.485121 0
0.695266 0
0.395664 0
0.102667 0
0.607952 0
0.379342 0
0.707493 0
0.086668 0
0.326931 0
0.410978 0
0.168405 0
0.318146 0
0.850062 0
0.851636 0
0.259733 0
0.424420 0
0.213860 0
0.072663 0
0.121855 0
0.499560 0
0.448309 0
1.361327 0
0.281830 0
1.056659 0
0.155551 0
0.540783 0
0.105173 0
0.405604 0
0.610578 0
0.130958 0
0.112797 0
0.293415 0
0.296943 0
0.791162 0
0.441170 0
0.225791 0
0.215640 0
0.322385 0
0.227884 0
0.288263 0
1.321882 0
0.396096 0
0.231918 0
1.290789 0
1.722184 0
0.678651 0
0.263917 0
0.273156 0
0.599373 0
0.188436 0
0.435247 0
0.648200 0
0.410887 0
0.125838 0
0.090205 0
0.058076 0
0.405998 0
1.363015 0
0.207736 0
0.366661 0
0.049776 0
0.293404 0
0.072605 0
0.279692 0
0.077577 0
0.464539 0
0.407541 0
1.280481 0
0.510357 0
0.277825 0
1.077311 0
1.069787 0
0.311579 0
0.036902 0
1.142352 0
0.485555 0
0.413721 0
0.172107 0
1.345113 0
0.440617 0
0.065300 0
0.470416 0
0.257848 0
0.230026 0
1.414827 0
0.326358 0
0.703347 0
0.172431 0
0.731512 0
0.307183 0
0.858848 0
0.330649 0
1.034506 0
0.518439 0
0.012618 0
1.351914 0
0.288222 0
0.005404 0
0.416988 0
0.787000 0
1.413142 0
0.561747 0
0.835004 0
0.598982 0
0.759106 0
0.322491 0
0.036666 0
0.726042 0
0.306298 0
0.125666 0
0.792872 0
0.510231 0
0.505628 0
0.701471 0
0.962716 0
0.147251 0
0.206879 0
0.201360 0
0.112230 0
0.344995 0
0.085241 0
0.207913 0
0.905483 0
0.477825 0
1.375645 0
0.179859 0
0.158723 0
1.019267 0
0.229565 0
0.165204 0
0.447456 0
0.698745 0
0.299227 0
0.682865 0
0.022086 0
0.106268 0
0.097536 0
1.426961 0
0.024739 0
0.461402 0
1.274858 0
0.434312 0
0.124865 0
1.231179 0
0.344673 0
0.452963 0
0.147862 0
0.117868 0
0.179827 0
0.344545 0
0.480570 0
0.055779 0
0.346751 0
0.117228 0
0.312736 0
0.387571 0
0.909023 0
0.733336 0
0.234859 0
0.131292 0
1.699319 0
0.334717 0
0.354818 0
0.861951 0
0.061501 0
0.512938 0
1.470259 0
1.078884 0
0.172474 0
0.270677 0
0.037775 0
0.239712 0
0.106369 0
0.730844 0
0.676554 0
0.386512 0
0.062977 0
0.445936 0
0.122802 0
0.221786 0
0.129227 0
0.493793 0
0.797403 0
0.259708 0
0.234067 0
1.475104 0
0.308899 0
0.908588 0
0.669007 0
0.317515 0
0.632692 0
0.134987 0
0.992713 0
0.174297 0
1.056439 0
1.659792 0
0.154118 0
0.607624 0
0.260196 0
0.449228 0
0.261139 0
0.271578 0
0.530567 0
0.821323 0
1.400442 0
0.776186 0
0.039853 0
0.169307 0
0.108291 0
0.510004 0
0.094076 0
0.296087 0
0.004418 0
0.136224 0
0.668727 0
0.113956 0
0.818929 0
0.623945 0
0.783623 0
0.169486 0
0.732217 0
0.571825 0
0.288000 0
0.288639 0
0.216583 0
0.513133 0
0.800085 0
0.241583 0
1.018979 0
1.484795 0
0.598258 0
0.938930 0
0.023451 0
0.324267 0
0.125645 0
0.188530 0
0.440078 0
0.648647 0
0.412941 0
1.557988 0
0.110383 0
0.826803 0
0.089309 0
0.616301 0
0.259262 0
0.120683 0
0.273636 0
0.053720 0
0.219541 0
0.216870 0
0.395985 0
0.093665 0
0.123101 0
0.968181 0
0.684504 0
0.303905 0
0.561088 0
0.264784 0
0.841449 0
0.394665 0
0.226810 0
1.242342 0
1.409869 0
0.529405 0
0.090507 0
0.812984 0
0.692982 0
0.718586 0
0.532847 0
1.416269 0
0.383557 0
0.121898 0
1.459950 0
0.116802 0
0.819564 0
0.059149 0
0.202195 0
0.245201 0
1.538134 0
0.033902 0
0.201502 0
0.189251 0
0.323009 0
0.563800 0
0.116372 0
0.130059 0
0.052739 0
0.036009 0
0.113368 0
0.125341 0
0.310880 0
0.165208 0
0.529540 0
0.074453 0
0.515316 0
0.056886 0
0.117151 0
0.523571 0
0.553952 0
0.022145 0
0.485787 0
0.463635 0
1.123867 0
0.380041 0
0.322933 0
0.404661 0
0.224300 0
1.979120 0
0.224276 0
0.485098 0
0.515647 0
0.543082 0
0.116914 0
0.045953 0
0.685572 0
0.250410 0
1.816277 0
0.279494 0
0.215531 0
0.549400 0
0.171578 0
0.139032 0
0.404352 0
0.561120 0
0.122996 0
1.387785 0
0.146311 0
0.814095 0
0.147125 0
0.131019 0
0.670271 0
0.084399 0
1.142167 0
0.410740 0
0.370242 0
0.974081 0
0.298785 0
0.355126 0
0.226612 0
1.144778 0
1.246492 0
0.179990 0
0.222318 0
0.219700 0
1.258764 0
1.407950 0
0.457563 0
0.447775 0
0.119524 0
0.484868 0
0.237042 0
0.190226 0
0.069785 0
0.382878 0
0.074257 0
1.364403 0
1.336290 0
0.025942 0
1.105120 0
1.058251 0
0.065312 0
0.373718 0
0.095296 0
0.296719 0
0.209644 0
0.162510 0
1.370731 0
0.012162 0
0.546345 0
0.291374 0
1.379981 0
0.691866 0
0.164909 0
0.429568 0
0.695942 0
0.403380 0
1.458938 0
1.579379 0
0.105046 0
1.361743 0
0.485040 0
0.357303 0
0.217976 0
1.311417 0
0.388872 0
1.879019 0
0.364312 0
0.187866 0
0.572793 0
0.065425 0
0.112021 0
0.079814 0
0.196197 0
0.514846 0
0.060062 0
0.182554 0
0.812727 0
0.312483 0
1.393474 0
0.028072 0
0.253525 0
0.154929 0
0.698879 0
0.300150 0
0.476072 0
0.176949 0
0.214267 0
0.035992 0
0.030049 0
0.056861 0
0.631672 0
0.149617 0
0.048271 0
1.457273 0
0.021680 0
0.243625 0
0.732948 0
0.309349 0
0.188367 0
0.375677 0
0.123020 0
0.603065 0
0.308357 0
0.481565 0
0.141136 0
0.388865 0
0.126499 0
0.101158 0
0.423772 0
1.326606 0
0.096870 0
0.045194 0
0.062280 0
0.046917 0
0.572796 0
0.046220 0
0.757784 0
0.057555 0
0.989339 0
0.024894 0
0.428670 0
0.130676 0
0.029260 0
0.052394 0
0.326614 0
0.868974 0
0.831773 0
0.041280 0
0.776837 0
0.016191 0
0.017457 0
0.094108 0
1.667948 0
0.867003 0
0.699515 0
0.587838 0
0.040373 0
1.669850 0
0.310400 0
0.076410 0
0.249055 0
1.386187 0
0.254640 0
0.201447 0
0.293086 0
0.724034 0
0.355460 0
0.901121 0
0.146307 0
1.886679 0
0.060501 0
0.391964 0
0.554613 0
0.109641 0
0.296442 0
0.922966 0
0.320488 0
0.408394 0
0.146258 0
0.631514 0
0.789694 0
0.701054 0
0.500247 0
0.633166 0
0.044087 0
1.372010 0
0.432832 0
0.180904 0
0.065865 0
0.204632 0
0.215967 0
0.210214 0
0.352815 0
0.209134 0
0.221445 0
0.214943 0
0.159626 0
1.391075 0
0.016818 0
0.109985 0
0.046295 0
0.851825 0
0.515338 0
0.631138 0
0.373804 0
1.637021 0
0.035175 0
0.357656 0
0.075779 0
0.661922 0
0.886611 0
0.983827 0
0.186525 0
0.646884 0
0.336468 0
0.180842 0
0.972923 0
0.487186 0
0.687186 0
0.092251 0
0.483653 0
0.080739 0
0.077717 0
0.156609 0
1.363427 0
0.015134 0
0.016747 0
1.398526 0
0.746079 0
1.839909 0
1.573632 0
0.309440 0
1.356930 0
0.535757 0
0.196266 0
0.300662 0
0.810443 0
1.690503 0
1.212274 0
1.419202 0
0.078383 0
0.276855 0
0.110036 0
0.594921 0
0.099061 0
1.780972 0
0.133525 0
0.105045 0
0.230123 0
0.718277 0
0.651540 0
0.385663 0
1.924414 0
1.522771 0
0.183684 0
0.030116 0
0.184979 0
1.642511 0
0.455202 0
0.098528 0
0.140473 0
0.231334 0
0.189262 0
1.471169 0
0.322045 0
0.009813 0
1.492183 0
0.061614 0
0.123242 0
0.522205 0
1.484136 0
0.919541 0
0.976005 0
0.156774 0
0.257393 0
0.211776 0
1.487042 0
0.109154 0
0.138398 0
0.408685 0
0.229791 0
1.541970 0
0.689224 0
0.094701 0
0.693522 0
0.165006 0
0.144497 0
0.495035 0
0.168466 0
0.652375 0
0.271397 0
1.049365 0
0.823547 0
1.565300 0
0.647057 0
0.607581 0
0.055298 0
0.432731 0
0.951302 0
0.271987 0
0.253374 0
0.213042 0
0.677489 0
0.286489 0
0.946346 0
0.288801 0
0.716693 0
0.454122 0
0.332143 0
0.711012 0
0.509604 0
0.105369 0
0.615111 0
0.198658 0
0.575075 0
0.017703 0
1.487900 0
0.249419 0
0.050616 0
0.208858 0
0.006291 0
0.380767 0
0.305093 0
0.599023 0
0.904167 0
0.248786 0
0.001057 0
0.110298 0
0.192222 0
0.457983 0
1.083424 0
1.099762 0
0.046466 0
0.075019 0
1.618208 0
0.182517 0
0.149311 0
0.114014 0
0.222258 0
0.048551 0
0.187311 0
0.707708 0
1.616213 0
0.526461 0
0.873484 0
0.625088 0
0.444518 0
0.419169 0
0.433103 0
0.224838 0
0.166434 0
0.152770 0
1.569353 0
1.430440 0
0.411565 0
0.737664 0
0.095854 0
0.286725 0
0.196419 0
0.840336 0
0.089297 0
0.056231 0
0.584834 0
0.640248 0
0.143349 0
0.870326 0
0.091830 0
0.796201 0
0.943244 0
1.328562 0
0.221701 0
0.133085 0
0.847579 0
0.263992 0
0.385457 0
0.034284 0
0.805541 0
0.326509 0
1.247189 0
0.330901 0
0.366053 0
1.345255 0
0.381962 0
0.856493 0
0.504242 0
0.644395 0
0.113097 0
0.437874 0
1.129402 0
1.706409 0
0.301318 0
1.453366 0
0.211579 0
1.202727 0
0.033084 0
0.568313 0
0.017818 0
0.946999 0
0.329288 0
0.295594 0
1.281165 0
0.302713 0
1.291336 0
0.287788 0
0.243108 0
0.234812 0
0.233123 0
0.155720 0
0.260393 0
0.002115 0
0.166757 0
0.572523 0
1.053482 0
0.105408 0
0.092218 0
0.104609 0
1.381500 0
0.476065 0
0.737991 0
0.029079 0
0.308898 0
0.119728 0
0.160128 0
0.301831 0
0.244575 0
0.115906 0
0.467635 0
0.891508 0
0.138164 0
0.580456 0
0.762147 0
0.890200 0
0.921887 0
0.346757 0
0.574073 0
0.355840 0
0.293500 0
0.195965 0
0.968958 0
0.068332 0
0.072590 0
0.772386 0
0.221144 0
0.164361 0
0.003147 0
0.296980 0
1.121021 0
0.468472 0
0.119303 0
0.188433 0
0.646173 0
0.734179 0
0.057822 0
0.200081 0
1.107466 0
0.199741 0
1.064358 0
0.059763 0
0.737033 0
0.574524 0
1.445973 0
0.117372 0
1.506656 0
0.184015 0
0.464232 0
0.046418 0
1.146889 0
0.552870 0
0.074733 0
0.786285 0
0.403755 0
0.366763 0
0.307376 0
0.107954 0
1.011615 0
0.137696 0
0.240231 0
0.703497 0
0.341274 0
0.261930 0
0.150712 0
0.234142 0
0.358291 0
0.158104 0
0.645371 0
0.712403 0
0.214640 0
0.072509 0
0.038605 0
0.623974 0
0.467556 0
0.440982 0
0.064718 0
0.945363 0
0.224711 0
0.339953 0
0.281417 0
0.791612 0
0.238347 0
0.474419 0
0.021292 0
1.488104 0
0.198980 0
0.338276 0
0.356790 0
0.167114 0
0.203174 0
1.093405 0
0.406658 0
0.524610 0
0.377667 0
0.033812 0
0.342410 0
1.121463 0
0.760898 0
0.068375 0
0.334482 0
0.382131 0
0.159120 0
1.478297 0
2.033614 0
0.129299 0
0.102171 0
0.448733 0
0.042704 0
0.759225 0
0.348302 0
0.353378 0
0.092448 0
0.052820 0
0.272768 0
0.082776 0
0.533164 0
0.098511 0
1.474843 0
0.197044 0
0.285150 0
0.894323 0
0.077355 0
0.234293 0
0.203513 0
0.116320 0
0.868839 0
0.738780 0
0.672474 0
0.460016 0
1.719913 0
0.532471 0
0.827190 0
0.600294 0
0.327426 0
0.844510 0
0.042433 0
0.091573 0
0.431791 0
0.200014 0
0.203328 0
1.724588 0
0.933647 0
1.365248 0
0.029165 0
0.398747 0
0.494706 0
0.100432 0
0.189366 0
0.592424 0
0.033729 0
0.556867 0
0.062233 0
0.171303 0
0.733288 0
0.041335 0
0.136128 0
0.367580 0
0.124934 0
1.375282 0
1.048729 0
0.734409 0
0.061194 0
1.132825 0
0.018133 0
0.378340 0
1.037450 0
0.036092 0
0.690189 0
0.006715 0
0.125374 0
0.442738 0
0.598517 0
1.622391 0
0.590428 0
0.009840 0
0.026218 0
0.191889 0
0.837106 0
0.243664 0
1.380247 0
0.401133 0
0.081713 0
1.131097 0
0.431718 0
0.009621 0
0.015737 0
1.243112 0
0.131171 0
0.139200 0
0.059036 0
0.005193 0
0.115201 0
0.571009 0
0.420473 0
0.198173 0
0.268741 0
0.433002 0
0.985456 0
0.647390 0
0.076843 0
0.519955 0
0.484938 0
0.467087 0
0.308496 0
0.311802 0
0.621500 0
0.005624 0
0.347045 0
0.618217 0
1.502760 0
0.110667 0
0.187366 0
0.940246 0
0.204719 0
1.129354 0
0.391431 0
0.608555 0
0.188125 0
1.197409 0
0.253735 0
0.465928 0
0.340175 0
1.037043 0
1.531480 0
0.790191 0
0.476335 0
0.198360 0
0.640820 0
0.371300 0
0.248905 0
0.279358 0
0.571595 0
0.121262 0
0.315705 0
0.367550 0
0.373603 0
0.082875 0
0.079261 0
1.440703 0
0.218320 0
0.366643 0
1.472015 0
0.136336 0
0.445644 0
0.226724 0
1.121561 0
0.193940 0
0.354660 0
0.166064 0
0.699126 0
0.637176 0
0.049594 0
0.617922 0
0.458928 0
0.475342 0
0.349423 0
0.543519 0
0.671488 0
1.689714 0
0.292915 0
0.091530 0
0.069778 0
0.300372 0
0.454907 0
0.703281 0
0.662071 0
1.318604 0
0.128608 0
0.071625 0
0.147355 0
0.134249 0
0.242102 0
0.451720 0
0.273398 0
0.051263 0
0.271252 0
0.500515 0
0.178548 0
0.279257 0
0.131213 0
0.326299 0
0.720674 0
0.269890 0
0.025314 0
0.042205 0
0.021575 0
0.078316 0
0.014738 0
0.192978 0
1.094435 0
0.576801 0
0.477630 0
0.365734 0
0.033124 0
0.256816 0
0.461446 0
0.031472 0
0.060362 0
0.299509 0
1.047178 0
0.019862 0
0.083172 0
0.239140 0
0.562465 0
0.409401 0
0.172806 0
0.201302 0
0.135981 0
0.275252 0
0.919670 0
0.036545 0
1.061291 0
1.398824 0
0.953715 0
0.969635 0
1.314781 0
0.318345 0
0.089983 0
1.979600 0
1.199057 0
0.554551 0
0.450368 0
0.287994 0
0.279358 0
0.133697 0
0.280038 0
0.310621 0
0.279419 0
1.167660 0
0.285312 0
0.751326 0
0.114931 0
0.198964 0
0.800145 0
0.120908 0
0.064696 0
0.663659 0
0.850456 0
0.680875 0
0.419394 0
0.307528 0
0.181365 0
0.227288 0
0.039718 0
0.519229 0
1.119862 0
0.442225 0
0.326814 0
0.103695 0
0.437273 0
0.949585 0
0.290015 0
0.769459 0
0.018138 0
0.395860 0
0.203061 0
0.368159 0
0.365379 0
0.786722 0
0.814175 0
0.321015 0
0.234532 0
0.641343 0
0.474694 0
0.010388 0
0.241572 0
0.526112 0
0.371989 0
0.136522 0
0.821539 0
0.093309 0
0.211598 0
1.508815 0
0.050133 0
0.047890 0
0.456494 0
0.126622 0
0.637637 0
0.131280 0
0.138696 0
0.087871 0
0.107802 0
0.729611 0
0.157444 0
0.024196 0
0.163837 0
0.066252 0
0.110071 0
1.259511 0
0.065536 0
0.708793 0
0.157654 0
0.507489 0
0.126471 0
0.950294 0
0.625788 0
0.712364 0
0.661043 0
0.612786 0
0.581537 0
0.115896 0
0.956096 0
0.875323 0
0.205816 0
1.005886 0
1.510561 0
0.086300 0
0.016239 0
0.136870 0
0.236470 0
0.288766 0
0.619465 0
0.211877 0
0.905544 0
0.631788 0
0.677139 0
0.101711 0
0.102002 0
0.861100 0
0.474126 0
0.051770 0
0.334847 0
0.517580 0
0.249456 0
0.306349 0
0.518054 0
0.313069 0
0.902853 0
0.372128 0
0.949483 0
0.523037 0
0.149479 0
0.604455 0
0.235232 0
0.114571 0
0.131599 0
0.699432 0
0.670050 0
1.116858 0
1.403281 0
1.562345 0
0.438046 0
0.868163 0
1.338051 0
0.230712 0
0.578462 0
0.434367 0
0.083018 0
0.634147 0
1.009577 0
0.232919 0
0.068296 0
0.464151 0
0.212056 0
0.087976 0
0.244742 0
0.229385 0
0.615985 0
0.914300 0
1.514800 0
0.797438 0
0.826963 0
1.027192 0
0.070427 0
0.026328 0
1.467690 0
0.791211 0
0.207879 0
1.696905 0
0.145478 0
1.374391 0
0.268753 0
0.975673 0
0.020058 0
0.200927 0
0.140868 0
1.430825 0
0.542575 0
0.031705 0
0.667562 0
0.283905 0
0.060761 0
0.182362 0
0.003570 0
0.960991 0
0.297695 0
0.640712 0
0.527772 0
0.754534 0
0.241466 0
0.436823 0
0.010953 0
0.495995 0
0.634613 0
0.454967 0
0.047063 0
0.130424 0
0.254817 0
0.279730 0
0.536074 0
0.748438 0
0.201749 0
1.109146 0
0.167711 0
0.147818 0
0.628795 0
0.167512 0
0.148651 0
0.707897 0
0.258452 0
0.198544 0
0.045565 0
0.708533 0
0.286630 0
0.008468 0
0.232140 0
1.516175 0
0.754950 0
0.753434 0
0.528719 0
0.574476 0
0.863496 0
0.358066 0
1.592808 0
0.109129 0
0.130738 0
0.329468 0
1.079744 0
0.532381 0
0.711639 0
1.151441 0
0.086197 0
0.893105 0
0.254585 0
0.124285 0
0.121456 0
0.664863 0
1.305296 0
0.703702 0
0.192212 0
0.268018 0
0.712675 0
0.051303 0
0.033951 0
0.365358 0
0.206240 0
0.130972 0
0.460206 0
0.266195 0
0.428752 0
0.067240 0
0.035208 0
1.062483 0
0.250232 0
0.127311 0
0.295227 0
0.095821 0
0.407070 0
0.159799 0
1.398320 0
0.100155 0
0.494758 0
0.305672 0
0.021586 0
0.890486 0
0.525140 0
0.964575 0
0.316831 0
0.610134 0
0.138760 0
0.636783 0
0.790827 0
0.039924 0
0.449931 0
0.015057 0
0.088300 0
0.581949 0
0.457196 0
0.226004 0
0.681582 0
0.410656 0
0.221579 0
0.030563 0
0.363833 0
0.074771 0
0.605719 0
0.482141 0
1.723509 0
0.451122 0
0.845466 0
0.230748 0
1.273736 0
0.863472 0
0.124877 0
0.223081 0
0.092694 0
0.261108 0
1.071261 0
0.032794 0
1.240158 0
0.093913 0
0.209538 0
0.002260 0
0.146366 0
0.450542 0
1.506799 0
1.031482 0
0.419911 0
0.754211 0
0.133897 0
1.194579 0
0.311940 0
1.188985 0
0.009016 0
0.066594 0
0.022923 0
0.093914 0
0.072938 0
0.494465 0
0.083074 0
0.576936 0
0.318817 0
0.317057 0
0.251690 0
1.633995 0
0.712288 0
0.313562 0
0.206309 0
0.391809 0
1.008201 0
0.248414 0
1.221680 0
0.547198 0
0.073454 0
0.362430 0
0.574854 0
0.250204 0
0.039919 0
0.474134 0
0.071580 0
0.112359 0
0.083573 0
0.945132 0
0.591026 0
1.372228 0
0.865128 0
0.137354 0
0.304974 0
0.630892 0
0.030557 0
0.364059 0
0.011233 0
0.516094 0
0.480571 0
0.861047 0
0.150751 0
1.285448 0
1.154047 0
0.175280 0
1.585522 0
0.375094 0
0.111284 0
0.782803 0
1.516501 0
0.114329 0
0.470449 0
0.127751 0
0.147192 0
1.376085 0
0.168033 0
0.874510 0
0.120442 0
0.560743 0
1.174709 0
1.101407 0
0.093765 0
0.559078 0
0.079717 0
0.025548 0
0.749638 0
1.429152 0
0.227113 0
0.289300 0
1.055031 0
0.164465 0
0.087815 0
0.646549 0
0.014111 0
0.310455 0
0.307666 0
0.246492 0
0.352481 0
0.381193 0
0.227883 0
0.370956 0
1.118432 0
0.875356 0
0.027928 0
0.468468 0
1.376826 0
0.220089 0
1.512075 0
0.615566 0
0.693672 0
0.127282 0
1.259587 0
0.586293 0
0.510573 0
1.184648 0
0.148776 0
0.101560 0
0.004367 0
0.457648 0
0.395221 0
0.780354 0
0.170508 0
1.333222 0
0.560539 0
0.203486 0
0.881546 0
0.252378 0
0.244397 0
0.663155 0
1.412411 0
0.353620 0
0.244160 0
0.086314 0
0.225525 0
1.498792 0
0.380340 0
0.031376 0
0.023371 0
0.674015 0
0.672925 0
0.342832 0
0.116069 0
0.283272 0
0.764279 0
0.037137 0
0.062879 0
0.484843 0
0.204527 0
0.525809 0
0.071068 0
0.689505 0
0.204166 0
0.072134 0
0.183008 0
0.450232 0
0.693902 0
0.280451 0
1.202464 0
0.960121 0
0.046935 0
0.402051 0
0.113744 0
0.274314 0
1.220385 0
0.137139 0
0.098142 0
1.058517 0
0.112046 0
0.659957 0
1.105263 0
0.109303 0
1.082598 0
0.151230 0
0.321722 0
0.758751 0
1.529030 0
0.537010 0
1.223001 0
0.344641 0
0.271239 0
0.414217 0
0.098071 0
0.661144 0
0.448842 0
0.102308 0
0.045258 0
0.732812 0
0.188022 0
0.757001 0
0.564932 0
0.009877 0
0.095983 0
0.059173 0
0.869831 0
0.276448 0
0.120827 0
0.562446 0
0.156124 0
1.420673 0
1.120494 0
0.832884 0
0.298125 0
0.115749 0
0.304235 0
0.099274 0
0.014643 0
0.801839 0
0.477322 0
0.847950 0
0.732554 0
0.279396 0
0.450884 0
0.611115 0
0.276244 0
0.153890 0
0.847922 0
0.494176 0
0.469962 0
0.162609 0
0.092851 0
0.252907 0
1.457424 0
0.796770 0
0.036202 0
0.171490 0
0.121924 0
0.411943 0
0.363763 0
1.397177 0
0.037664 0
0.041555 0
0.522638 0
0.415003 0
0.135556 0
1.352049 0
0.949314 0
0.732940 0
0.186184 0
0.037425 0
0.640203 0
0.506994 0
0.259689 0
1.174962 0
0.221840 0
0.281863 0
0.823727 0
0.735227 0
0.684067 0
1.128258 0
0.878756 0
0.774161 0
0.341151 0
0.148922 0
0.246661 0
1.270811 0
0.041754 0
0.872047 0
0.050037 0
1.547142 0
0.446830 0
0.258123 0
1.045917 0
0.227583 0
0.012291 0
0.082507 0
0.218916 0
0.043414 0
0.047462 0
0.474318 0
0.770735 0
0.225451 0
0.101736 0
0.267496 0
0.326302 0
0.301905 0
0.440480 0
0.030679 0
0.141826 0
0.814809 0
0.101439 0
0.639517 0
1.251680 0
1.245146 0
1.376679 0
0.790178 0
0.348660 0
1.311528 0
0.083699 0
0.910850 0
0.407590 0
0.837162 0
1.427701 0
0.066774 0
0.237859 0
0.003291 0
0.303367 0
0.150931 0
0.653762 0
0.105778 0
0.224073 0
0.475003 0
0.887190 0
0.541591 0
0.186721 0
0.609093 0
0.694553 0
0.389703 0
1.628164 0
0.659232 0
0.323744 0
1.016022 0
0.529927 0
0.247585 0
0.587185 0
0.741624 0
0.599902 0
0.494596 0
0.045194 0
1.547797 0
1.398105 0
0.243105 0
0.107710 0
1.017298 0
0.155862 0
0.553545 0
0.349856 0
0.212819 0
0.144854 0
0.202814 0
0.255070 0
1.382180 0
0.432112 0
0.846564 0
0.184794 0
0.485557 0
0.068649 0
0.409196 0
0.146822 0
0.564752 0
0.644106 0
1.289388 0
0.013920 0
0.386686 0
0.305545 0
0.049259 0
0.785203 0
0.158934 0
0.359229 0
0.142690 0
0.621870 0
0.681964 0
0.190659 0
0.046134 0
0.038557 0
0.234846 0
0.291461 0
0.415119 0
0.452160 0
0.098140 0
0.309465 0
0.048418 0
0.301466 0
0.170789 0
1.123829 0
0.005810 0
1.506935 0
0.849759 0
0.136772 0
0.218269 0
0.196608 0
0.031701 0
0.370678 0
0.049970 0
0.345528 0
0.400262 0
0.590225 0
0.253479 0
0.098585 0
0.195757 0
0.277545 0
0.063015 0
0.569863 0
0.424523 0
0.117840 0
0.108159 0
1.548415 0
0.221835 0
0.557419 0
0.472920 0
0.734195 0
0.971913 0
0.377527 0
0.306716 0
0.342694 0
0.345978 0
0.080632 0
0.174065 0
0.937760 0
0.939415 0
0.015908 0
0.055795 0
1.360029 0
0.727043 0
0.009067 0
0.312804 0
0.871137 0
1.433673 0
0.480651 0
0.686003 0
0.530010 0
0.671417 0
0.498251 0
0.452655 0
0.191718 0
0.463720 0
0.474375 0
0.946824 0
0.251643 0
0.338382 0
0.250755 0
0.938948 0
0.882912 0
0.077130 0
0.405502 0
0.150096 0
0.138829 0
0.318365 0
0.820596 0
0.445780 0
1.735329 0
0.054114 0
1.505919 0
0.386186 0
0.043917 0
0.023645 0
0.842668 0
0.171299 0
0.573993 0
0.771236 0
0.083086 0
0.657298 0
0.461093 0
0.090837 0
0.882874 0
0.034839 0
0.099998 0
0.465521 0
0.514132 0
1.184132 0
1.045228 0
0.015549 0
0.499777 0
0.054287 0
0.361421 0
0.618562 0
0.658871 0
0.558179 0
1.215511 0
0.239466 0
0.158379 0
0.721940 0
1.086266 0
0.268258 0
0.739684 0
0.150165 0
0.058467 0
0.435419 0
0.556109 0
1.265867 0
1.548070 0
0.003444 0
0.074417 0
0.073475 0
0.020040 0
0.790401 0
1.697678 0
0.403427 0
0.297152 0
0.006078 0
0.237480 0
0.989868 0
0.546509 0
0.004205 0
0.231378 0
0.193556 0
0.210484 0
0.813973 0
0.067200 0
1.391564 0
0.685815 0
0.142904 0
0.117081 0
0.740589 0
0.376466 0
1.135047 0
0.517601 0
1.187756 0
0.692856 0
0.548628 0
0.410464 0
0.449133 0
1.442359 0
0.595760 0
0.216209 0
0.529348 0
0.250646 0
0.208402 0
0.324867 0
1.587285 0
0.803756 0
1.423408 0
0.683243 0
0.072196 0
0.031090 0
0.008053 0
1.043470 0
0.074668 0
0.366137 0
0.043408 0
0.468820 0
0.208360 0
0.662828 0
0.890471 0
1.132299 0
0.947848 0
0.577854 0
0.387270 0
0.812994 0
0.349870 0
0.889293 0
0.771360 0
0.881816 0
0.506111 0
0.131528 0
0.145529 0
0.384734 0
0.468154 0
0.060169 0
0.440135 0
1.808439 0
0.281439 0
0.355322 0
0.218175 0
0.412726 0
0.096102 0
0.254555 0
0.435901 0
0.894989 0
0.505030 0
0.523160 0
0.229870 0
0.682675 0
0.975898 0
0.547671 0
0.172079 0
0.694041 0
0.629541 0
0.464170 0
0.143902 0
0.367240 0
0.097472 0
1.081120 0
1.152063 0
0.194884 0
0.325354 0
0.159169 0
0.178568 0
1.154418 0
0.372030 0
0.057424 0
0.759066 0
0.634665 0
0.406543 0
1.384809 0
0.544409 0
0.357135 0
0.274059 0
0.683633 0
1.112095 0
0.969277 0
0.485041 0
0.091388 0
0.027477 0
1.406165 0
1.021648 0
0.318036 0
0.384048 0
0.072852 0
0.154770 0
0.834307 0
0.126979 0
1.210688 0
0.537408 0
1.510689 0
0.144739 0
0.214872 0
1.298161 0
0.053282 0
0.907663 0
0.513892 0
0.918465 0
0.012700 0
0.729753 0
0.976246 0
1.012329 0
0.382428 0
0.783382 0
0.019280 0
0.423021 0
0.102542 0
0.885631 0
0.028277 0
0.317814 0
0.166362 0
0.871816 0
0.189161 0
0.511358 0
0.317103 0
0.129390 0
0.102971 0
0.271491 0
0.232679 0
0.470897 0
0.096478 0
1.536246 0
0.561451 0
0.063205 0
1.180844 0
0.177547 0
0.135054 0
0.218010 0
0.059630 0
0.015437 0
0.701847 0
1.384786 0
0.656570 0
0.312833 0
1.471390 0
1.790121 0
0.621474 0
0.140514 0
0.337425 0
0.461199 0
0.072019 0
0.171012 0
0.266754 0
0.648474 0
0.150904 0
0.149904 0
0.128363 0
0.355822 0
1.431759 0
0.356718 0
0.608421 0
0.632732 0
0.740961 0
1.062060 0
0.358836 0
0.369611 0
0.514910 0
0.207171 0
0.359314 0
0.029585 0
0.447354 0
0.069193 0
0.488207 0
0.266809 0
1.125137 0
0.044496 0
0.092870 0
0.041223 0
0.591748 0
1.100086 0
0.346054 0
0.110911 0
0.116531 0
0.200605 0
0.607867 0
0.966247 0
0.471650 0
0.142553 0
0.112471 0
0.031042 0
0.279788 0
0.413888 0
0.040883 0
1.485070 0
0.215910 0
0.393211 0
1.277426 0
0.401356 0
0.646304 0
0.318993 0
0.715548 0
1.382097 0
0.992112 0
0.143509 0
0.021927 0
0.415662 0
0.122907 0
0.005904 0
1.127359 0
0.402734 0
0.667782 0
0.909490 0
1.550524 0
0.862216 0
0.101843 0
0.242509 0
0.078609 0
0.512431 0
0.136964 0
0.319556 0
0.241342 0
0.170096 0
0.532350 0
1.858163 0
0.396743 0
0.310371 0
0.466260 0
0.214992 0
0.142351 0
0.021249 0
0.270530 0
0.088509 0
0.700234 0
0.134514 0
0.137745 0
0.018699 0
0.699953 0
0.744956 0
0.233567 0
0.504343 0
1.614268 0
0.088173 0
0.300749 0
0.245309 0
0.284765 0
0.290752 0
0.595745 0
0.095423 0
0.332039 0
0.038851 0
0.332606 0
1.212489 0
0.594850 0
0.333045 0
1.587291 0
0.060038 0
0.662075 0
0.221508 0
1.642085 0
0.566421 0
0.435763 0
0.052329 0
0.261572 0
0.201499 0
1.480660 0
0.070479 0
1.464075 0
0.429241 0
1.459842 0
0.087011 0
0.972658 0
1.388191 0
0.630951 0
0.406590 0
0.437524 0
0.796791 0
1.506438 0
0.570970 0
0.157885 0
0.109848 0
0.017625 0
0.308243 0
0.280945 0
0.221825 0
0.855865 0
0.527095 0
0.447336 0
1.201091 0
1.206415 0
0.299773 0
1.269491 0
0.411630 0
0.456794 0
0.095974 0
0.062971 0
0.376716 0
0.046801 0
0.549042 0
0.674918 0
0.498801 0
0.105214 0
1.638614 0
0.419834 0
0.476250 0
0.096939 0
0.429517 0
0.030356 0
0.252876 0
0.056177 0
0.380266 0
0.252532 0
0.188307 0
0.300184 0
0.522906 0
0.461507 0
0.108287 0
0.679577 0
0.430135 0
0.130513 0
0.183864 0
1.003030 0
0.069555 0
0.068767 0
0.287800 0
0.555790 0
1.232896 0
0.494824 0
0.173971 0
0.643503 0
0.906098 0
1.236421 0
0.535081 0
0.673666 0
0.036684 0
1.441192 0
0.008979 0
0.108538 0
0.164626 0
0.776303 0
0.572004 0
0.134606 0
0.024563 0
0.069397 0
0.065918 0
0.104613 0
0.181216 0
0.026478 0
0.051071 0
0.451134 0
0.378740 0
0.680410 0
0.744302 0
0.234281 0
0.306627 0
1.207034 0
0.162290 0
1.343998 0
0.974941 0
0.487495 0
0.760081 0
0.713044 0
0.359625 0
1.203484 0
0.150945 0
0.362690 0
1.232779 0
0.153727 0
0.163184 0
0.348416 0
0.742882 0
0.110352 0
0.582598 0
0.382187 0
0.355359 0
1.064606 0
0.206459 0
0.702410 0
0.137603 0
0.899866 0
0.952017 0
0.459651 0
1.564511 0
1.048234 0
0.086802 0
0.088512 0
1.515907 0
0.842575 0
0.015362 0
0.335970 0
0.213486 0
0.867649 0
0.770343 0
0.057850 0
0.490786 0
0.240355 0
0.229571 0
0.096518 0
0.013891 0
0.435902 0
0.086391 0
0.194396 0
0.200942 0
0.493813 0
0.327429 0
0.044957 0
0.065865 0
0.537647 0
0.004866 0
1.523586 0
0.525138 0
0.033904 0
0.187292 0
0.515331 0
0.216002 0
1.011651 0
1.232660 0
0.316515 0
0.337064 0
0.367489 0
0.248593 0
0.163068 0
0.154558 0
0.263174 0
0.030234 0
0.008497 0
0.178793 0
0.034401 0
0.757797 0
0.735777 0
0.082113 0
0.126631 0
0.206130 0
0.391071 0
0.044011 0
0.153132 0
0.307252 0
0.296968 0
0.462589 0
0.157692 0
0.709423 0
0.379681 0
0.608146 0
0.040837 0
0.471313 0
0.221805 0
0.502238 0
0.113703 0
0.002117 0
0.096899 0
1.118849 0
0.419964 0
0.442759 0
0.382749 0
0.702633 0
0.453001 0
0.264428 0
0.099077 0
0.410696 0
0.610805 0
0.065767 0
0.309218 0
1.084263 0
0.267865 0
0.073428 0
0.439446 0
1.386321 0
0.133359 0
0.779546 0
0.116819 0
0.138284 0
0.115381 0
0.869280 0
0.380419 0
0.380886 0
0.809059 0
0.246157 0
0.142568 0
0.200433 0
0.263548 0
0.290103 0
0.739593 0
0.714621 0
0.303863 0
0.335112 0
0.329641 0
0.989575 0
0.243174 0
1.060044 0
0.377039 0
0.280239 0
0.224417 0
0.016688 0
0.579113 0
0.010943 0
1.410947 0
0.054149 0
0.125418 0
0.057548 0
1.385019 0
0.384625 0
0.939884 0
0.644944 0
0.329840 0
0.194523 0
0.472745 0
1.407669 0
0.132711 0
0.023989 0
0.067102 0
0.766028 0
0.003012 0
2.021098 0
0.339745 0
0.289112 0
0.345689 0
0.879089 0
0.402963 0
1.603889 0
1.139249 0
1.445058 0
0.684704 0
0.554724 0
0.191400 0
0.004459 0
0.426177 0
0.144017 0
0.134445 0
0.852453 0
0.150919 0
0.894120 0
0.177854 0
1.113368 0
0.244993 0
0.007356 0
0.093669 0
0.498863 0
0.240424 0
0.440622 0
0.065702 0
0.330299 0
0.441045 0
0.085741 0
0.112005 0
0.267436 0
0.649451 0
1.409399 0
0.520804 0
0.480826 0
1.383990 0
0.537075 0
0.837735 0
0.334698 0
1.528263 0
0.171560 0
0.138349 0
0.178980 0
0.064612 0
0.119307 0
0.254790 0
0.835381 0
0.321005 0
1.216170 0
1.398839 0
1.207749 0
0.563575 0
1.003746 0
0.061724 0
0.569616 0
0.192772 0
0.602951 0
0.513600 0
0.106323 0
0.303623 0
0.237154 0
0.062738 0
0.051443 0
1.551250 0
1.441659 0
0.270895 0
0.301201 0
1.021052 0
0.260848 0
1.490463 0
0.743868 0
1.375801 0
0.917139 0
0.230309 0
0.367217 0
0.829718 0
0.259212 0
0.296592 0
0.179826 0
0.101348 0
0.916024 0
0.045166 0
0.287869 0
0.377986 0
0.547079 0
0.117305 0
0.476458 0
0.988099 0
0.072397 0
0.235575 0
0.222046 0
0.342968 0
0.063353 0
1.767727 0
0.876955 0
0.240790 0
0.438830 0
0.449756 0
0.053062 0
0.089971 0
0.066121 0
0.366643 0
0.331594 0
0.224308 0
0.302252 0
0.804196 0
0.484297 0
0.266734 0
0.352938 0
1.407127 0
0.755869 0
0.700265 0
1.102008 0
0.200263 0
0.191555 0
0.320968 0
0.472773 0
0.563632 0
0.968172 0
1.456637 0
0.642299 0
0.539015 0
0.718035 0
0.831721 0
0.365003 0
0.279085 0
0.278456 0
0.660698 0
0.956607 0
1.045764 0
0.775847 0
0.690894 0
0.046643 0
0.139914 0
1.389908 0
0.133936 0
1.309991 0
0.161508 0
0.125617 0
0.240671 0
0.548241 0
0.071499 0
0.715699 0
0.508583 0
0.256896 0
0.493604 0
0.764112 0
1.345657 0
1.405215 0
0.371728 0
0.433594 0
0.463506 0
0.604772 0
0.314890 0
0.413641 0
1.455492 0
0.338299 0
0.060155 0
0.298277 0
0.223123 0
0.542081 0
1.494871 0
0.340295 0
1.412821 0
0.735290 0
0.033050 0
1.494491 0
0.508625 0
0.059766 0
1.702813 0
0.277955 0
0.101446 0
0.694882 0
0.050296 0
0.341061 0
0.201354 0
0.931942 0
0.047063 0
0.100728 0
0.039831 0
0.312768 0
0.264010 0
1.765738 0
0.177547 0
0.094253 0
0.838392 0
0.357269 0
1.374537 0
0.121552 0
0.321273 0
0.170527 0
1.420545 0
0.240309 0
0.297626 0
0.654456 0
0.537753 0
0.171724 0
0.046848 0
0.665205 0
0.941565 0
0.167209 0
1.211841 0
1.238568 0
0.058928 0
0.905338 0
0.419291 0
0.030609 0
0.057193 0
0.675096 0
0.091749 0
0.442333 0
0.417459 0
1.459370 0
0.244151 0
0.427728 0
0.125449 0
0.224087 0
0.273968 0
0.355824 0
0.150787 0
1.369424 0
0.023375 0
0.125673 0
0.497852 0
0.109145 0
0.022202 0
0.029801 0
0.586227 0
0.115081 0
0.330632 0
0.277637 0
0.251877 0
0.071815 0
0.984086 0
0.762507 0
1.378251 0
0.057137 0
0.123884 0
0.599324 0
0.268240 0
0.259051 0
0.195633 0
1.261130 0
0.834467 0
0.090114 0
0.049120 0
0.135098 0
0.855994 0
1.436523 0
0.479094 0
0.390012 0
1.158647 0
1.527816 0
0.244888 0
0.089218 0
0.462819 0
0.272604 0
0.556656 0
0.971334 0
0.345432 0
0.526990 0
0.413161 0
0.241963 0
0.165432 0
0.186964 0
0.119007 0
0.149751 0
0.195580 0
0.704767 0
1.147451 0
0.673135 0
0.168800 0
0.662387 0
1.039256 0
0.169068 0
0.132761 0
0.540346 0
0.443008 0
0.092815 0
0.335278 0
0.482807 0
0.826903 0
0.308687 0
0.664047 0
0.578233 0
0.332965 0
0.344145 0
1.027048 0
0.849056 0
1.628486 0
0.658707 0
0.398523 0
0.423026 0
0.567982 0
0.048697 0
0.268811 0
0.414645 0
1.242595 0
0.852490 0
0.167562 0
1.389635 0
0.650914 0
0.770974 0
0.621542 0
0.989854 0
0.048457 0
0.213761 0
0.008088 0
0.012773 0
0.166685 0
0.160574 0
0.330458 0
1.374310 0
0.737903 0
0.035550 0
0.094318 0
0.270779 0
0.037784 0
0.031735 0
0.043928 0
0.101229 0
0.030789 0
0.330381 0
0.582469 0
0.667608 0
0.255921 0
0.099621 0
0.279259 0
1.168920 0
0.962549 0
0.994019 0
0.339719 0
2.091826 0
0.358749 0
0.397030 0
0.617898 0
0.529111 0
0.413616 0
0.143650 0
0.864451 0
0.143379 0
0.403555 0
0.110768 0
0.308039 0
0.072907 0
0.195328 0
0.012317 0
1.696081 0
0.348175 0
0.234099 0
0.482221 0
0.688002 0
0.526879 0
0.011806 0
0.074811 0
1.249804 0
0.361740 0
0.088161 0
0.047271 0
0.005953 0
0.034377 0
0.433688 0
0.641783 0
0.870426 0
0.049368 0
0.829894 0
0.279665 0
0.346754 0
1.152982 0
0.959784 0
0.145161 0
0.097874 0
0.298967 0
0.117947 0
0.868679 0
0.703833 0
0.632921 0
0.562109 0
0.504377 0
0.351712 0
0.201801 0
0.017981 0
0.103160 0
0.276976 0
1.065038 0
0.063620 0
1.297322 0
0.042089 0
0.027098 0
0.085868 0
0.509636 0
1.114804 0
0.488767 0
0.254710 0
0.077473 0
0.655432 0
0.531958 0
0.081789 0
0.065909 0
0.294653 0
0.817433 0
0.181443 0
0.438320 0
0.139071 0
0.224716 0
0.746916 0
1.581882 0
0.181943 0
1.453136 0
0.173554 0
0.416569 0
0.372622 0
1.256859 0
0.334008 0
0.546438 0
0.070328 0
0.372666 0
0.742870 0
0.192670 0
0.127558 0
0.158545 0
0.254864 0
0.154880 0
0.428495 0
0.099038 0
0.537425 0
0.516799 0
0.523346 0
0.312764 0
0.784389 0
0.016753 0
0.654909 0
0.736051 0
0.599239 0
0.120383 0
0.515178 0
0.016273 0
0.556557 0
0.216090 0
0.224603 0
0.579209 0
0.425129 0
0.246549 0
0.021014 0
0.136014 0
0.010432 0
1.013218 0
0.093710 0
0.186487 0
0.570476 0
1.843616 0
1.387100 0
1.350697 0
0.070648 0
1.265400 0
0.463360 0
0.711707 0
0.791647 0
1.087569 0
0.141969 0
0.139681 0
1.719749 0
0.804255 0
0.061455 0
0.512903 0
0.219683 0
1.288050 0
0.200867 0
0.556107 0
0.165669 0
0.196680 0
0.520491 0
1.539312 0
0.653159 0
1.231140 0
0.767709 0
0.099609 0
1.595130 0
0.738934 0
0.956174 0
1.085319 0
0.071489 0
0.193411 0
0.174908 0
0.029247 0
0.089837 0
0.428884 0
0.720636 0
0.028066 0
0.094521 0
0.185271 0
0.277964 0
0.784961 0
0.442839 0
0.296552 0
0.337358 0
0.158975 0
1.254094 0
1.383181 0
0.242116 0
0.532338 0
0.534077 0
1.061647 0
0.642577 0
0.285764 0
0.986469 0
0.437260 0
0.612099 0
0.128698 0
0.685861 0
1.041035 0
0.137686 0
0.191995 0
0.498488 0
0.182886 0
0.491023 0
0.112982 0
0.271069 0
0.645875 0
0.096987 0
0.235249 0
0.289372 0
0.129780 0
0.010400 0
0.398427 0
0.783751 0
0.171810 0
0.175342 0
0.723768 0
0.206730 0
0.614592 0
0.216524 0
0.185420 0
0.088493 0
0.186453 0
0.422850 0
0.101796 0
0.094435 0
0.036597 0
0.151716 0
0.305991 0
0.070681 0
0.136632 0
0.200120 0
0.310245 0
0.341321 0
0.229705 0
0.344975 0
0.039870 0
0.182308 0
0.146023 0
0.022989 0
0.244356 0
0.137779 0
0.583826 0
0.718384 0
0.890880 0
0.415567 0
0.538279 0
0.742166 0
0.974818 0
1.315183 0
0.160370 0
0.545701 0
1.395876 0
0.195518 0
0.328350 0
0.682645 0
1.379489 0
0.086578 0
0.363027 0
0.031492 0
0.100086 0
1.365882 0
1.461479 0
0.747890 0
0.590298 0
0.078385 0
0.457636 0
0.440832 0
0.536977 0
0.141138 0
0.265405 0
0.127036 0
0.089393 0
0.263829 0
0.716349 0
0.533319 0
0.267029 0
0.528807 0
0.414955 0
0.045621 0
0.293370 0
0.419547 0
0.254165 0
0.483596 0
0.104186 0
0.034717 0
0.302075 0
0.121701 0
0.218391 0
0.052268 0
0.143640 0
0.015823 0
0.479822 0
0.232233 0
0.146971 0
0.099446 0
0.455496 0
1.484359 0
0.036784 0
0.853179 0
1.031968 0
0.071542 0
0.154315 0
0.069419 0
0.059826 0
0.774136 0
1.110198 0
0.823575 0
0.085946 0
0.021410 0
0.226010 0
1.841542 0
0.373899 0
0.237460 0
0.046249 0
0.071651 0
0.370036 0
0.147681 0
0.379656 0
1.086372 0
0.276318 0
0.045299 0
0.118911 0
0.253182 0
0.208250 0
0.328535 0
0.082881 0
0.458599 0
0.200289 0
0.434355 0
1.448384 0
0.099782 0
0.762832 0
0.184610 0
0.013727 0
1.795334 0
0.269894 0
1.412570 0
1.039864 0
0.960301 0
1.525385 0
0.886301 0
0.249586 0
0.055429 0
0.302299 0
0.786910 0
0.453304 0
0.344367 0
0.374326 0
0.799116 0
0.614859 0
0.527224 0
0.245397 0
1.584629 0
0.184200 0
0.108333 0
0.515703 0
0.739976 0
0.209139 0
1.031211 0
0.813690 0
1.508808 0
0.758216 0
0.118782 0
0.778174 0
0.749055 0
0.668438 0
0.422001 0
0.560645 0
0.133243 0
0.683521 0
0.634784 0
0.984655 0
0.316799 0
1.487809 0
0.483093 0
0.754501 0
0.372252 0
0.773115 0
0.400589 0
0.528544 0
0.115617 0
0.198184 0
0.044963 0
0.191822 0
0.650299 0
0.079209 0
0.513946 0
0.012671 0
0.482334 0
1.101744 0
1.302094 0
0.146812 0
0.050225 0
0.741676 0
0.302999 0
1.347942 0
0.223242 0
0.305490 0
0.059536 0
0.283807 0
0.137757 0
0.463340 0
0.819013 0
0.882904 0
0.443375 0
0.045464 0
0.937918 0
1.065616 0
1.623441 0
0.608601 0
0.830519 0
0.014033 0
0.604265 0
0.188786 0
0.298660 0
0.477933 0
0.144040 0
0.440401 0
0.570177 0
0.648696 0
0.159592 0
0.464488 0
0.009468 0
0.274453 0
0.503837 0
0.575199 0
0.962913 0
0.002956 0
0.262483 0
0.066679 0
0.772672 0
0.179848 0
1.525710 0
1.122508 0
1.363115 0
0.178129 0
0.898025 0
0.042572 0
0.860644 0
0.160755 0
0.492178 0
1.367771 0
0.303114 0
0.646609 0
0.809370 0
0.211271 0
0.119500 0
0.205592 0
0.342696 0
0.230873 0
0.447494 0
0.302336 0
0.750010 0
0.488124 0
0.011434 0
0.691845 0
0.016126 0
0.005403 0
0.048200 0
1.610170 0
1.212533 0
0.441067 0
1.222192 0
0.143018 0
0.077201 0
0.337476 0
0.341553 0
0.241472 0
0.306590 0
0.149914 0
0.153958 0
0.379699 0
0.933168 0
0.267344 0
0.839171 0
0.409070 0
0.062521 0
1.439078 0
0.386861 0
0.310888 0
0.879264 0
0.263096 0
0.066073 0
0.110588 0
0.403282 0
0.574657 0
0.161073 0
0.162402 0
0.681888 0
0.135673 0
1.400881 0
1.556293 0
0.174207 0
0.058104 0
0.518222 0
0.121511 0
0.475453 0
0.059391 0
1.428407 0
0.225192 0
0.124733 0
0.226620 0
0.238660 0
0.005923 0
0.333502 0
0.292457 0
0.263245 0
0.121190 0
0.298222 0
0.344184 0
0.281234 0
0.788290 0
0.675461 0
0.074960 0
0.122118 0
1.349239 0
0.099210 0
0.100080 0
0.104021 0
0.324850 0
1.377158 0
1.389361 0
1.009235 0
1.095258 0
0.273150 0
0.144171 0
0.732980 0
1.164232 0
0.353664 0
0.005265 0
0.147940 0
0.065872 0
0.018340 0
0.342040 0
0.040773 0
1.136493 0
0.812138 0
0.067149 0
0.434194 0
1.265881 0
0.002487 0
0.572126 0
0.884896 0
0.346812 0
0.394937 0
0.632243 0
0.838448 0
0.823218 0
0.100655 0
0.313561 0
0.741283 0
1.124922 0
1.457431 0
0.148966 0
0.705285 0
0.808534 0
1.058358 0
0.756295 0
0.166859 0
0.262287 0
0.532495 0
0.398554 0
0.237531 0
0.317190 0
1.387777 0
1.144863 0
0.609392 0
0.069260 0
0.176762 0
0.056246 0
0.163756 0
0.541927 0
0.738950 0
0.533322 0
1.456489 0
1.463875 0
1.537908 0
1.335211 0
0.109084 0
0.468617 0
0.339602 0
0.322334 0
0.179237 0
0.065407 0
0.036482 0
0.115674 0
0.133925 0
0.897223 0
0.518615 0
0.482624 0
0.477168 0
0.078439 0
0.288796 0
0.521541 0
0.308786 0
0.021305 0
0.203514 0
1.020176 0
0.346105 0
0.029220 0
0.987273 0
0.335683 0
0.725213 0
0.245759 0
0.009775 0
0.160946 0
1.430188 0
0.038244 0
0.335578 0
0.952668 0
0.408538 0
0.794512 0
0.196766 0
0.847940 0
0.260050 0
0.243776 0
0.447958 0
0.208436 0
0.138049 0
0.185234 0
0.858089 0
0.544356 0
0.067030 0
1.605987 0
0.868594 0
0.984100 0
0.114675 0
0.187962 0
0.290731 0
0.242812 0
0.388545 0
1.391818 0
0.092978 0
0.522298 0
0.560665 0
0.226491 0
0.015337 0
0.091810 0
0.350710 0
0.336414 0
0.738778 0
0.312283 0
0.882937 0
0.932954 0
0.865390 0
0.082598 0
1.110448 0
0.183337 0
0.099224 0
0.124184 0
0.421932 0
1.048951 0
1.569952 0
0.418090 0
0.347889 0
0.322465 0
0.037609 0
0.022052 0
1.372156 0
0.054105 0
1.377163 0
1.104412 0
0.492307 0
0.334417 0
0.755129 0
0.569977 0
1.641373 0
1.191660 0
0.248541 0
0.094504 0
0.072770 0
0.488171 0
0.243250 0
0.472253 0
1.428097 0
0.105093 0
0.664424 0
0.862482 0
0.492211 0
0.396193 0
0.065779 0
0.272527 0
0.138578 0
0.072984 0
0.254427 0
0.748464 0
0.247526 0
0.239318 0
0.125963 0
0.903898 0
0.153002 0
0.031858 0
0.200074 0
0.406126 0
0.138337 0
0.415714 0
0.215632 0
1.652205 0
0.203996 0
0.052850 0
0.157896 0
0.277643 0
0.855857 0
0.296867 0
1.380023 0
0.125394 0
0.158433 0
0.088964 0
0.243779 0
0.982240 0
0.203554 0
0.555276 0
0.346603 0
1.640023 0
0.216876 0
0.537375 0
0.296993 0
0.823784 0
1.113062 0
0.495499 0
0.026461 0
0.360534 0
0.141276 0
1.738784 0
1.146921 0
0.003939 0
0.168598 0
0.004959 0
0.041940 0
0.057354 0
1.328039 0
0.056281 0
1.721529 0
0.964181 0
0.616833 0
0.293932 0
1.645047 0
1.661428 0
0.279444 0
0.096725 0
0.735804 0
0.828913 0
0.987122 0
0.471040 0
0.074113 0
0.638039 0
0.389259 0
0.148172 0
0.104870 0
0.190081 0
1.082000 0
0.257514 0
1.030700 0
0.380995 0
0.074765 0
0.028401 0
1.102589 0
1.039780 0
0.492902 0
0.318098 0
1.525092 0
0.163129 0
0.153145 0
0.258780 0
0.525797 0
0.616852 0
1.397307 0
0.208503 0
0.188136 0
0.984916 0
0.308542 0
0.207538 0
1.060187 0
0.092232 0
1.195660 0
0.338363 0
0.227298 0
0.498016 0
0.694823 0
0.048054 0
1.446683 0
0.124103 0
0.114496 0
1.638350 0
0.042123 0
0.527177 0
0.863197 0
0.364379 0
0.014618 0
0.778699 0
2.038381 0
0.741760 0
0.052918 0
0.010828 0
1.287524 0
0.084439 0
1.144677 0
0.192914 0
0.611936 0
0.669143 0
0.609220 0
0.497472 0
0.367207 0
0.376499 0
0.116826 0
0.242386 0
0.121367 0
1.000058 0
0.041039 0
0.437323 0
0.372207 0
1.090720 0
0.339347 0
0.591011 0
0.481783 0
0.892773 0
0.281860 0
0.499372 0
0.447529 0
0.284445 0
0.645125 0
0.511772 0
0.641582 0
0.421342 0
0.317306 0
0.724281 0
1.030971 0
0.106632 0
0.170323 0
0.849394 0
0.520382 0
0.196907 0
0.069503 0
1.323323 0
0.882486 0
0.117320 0
0.445377 0
0.071121 0
0.637922 0
0.314398 0
1.228326 0
0.474959 0
0.093525 0
0.094329 0
0.246698 0
0.058604 0
0.103378 0
1.037180 0
0.145508 0
0.503951 0
0.413279 0
0.962993 0
0.138306 0
0.289418 0
0.401363 0
0.235065 0
0.089334 0
2.284221 0
1.630900 0
0.442010 0
0.625192 0
0.190462 0
0.861868 0
0.898316 0
0.118850 0
0.722621 0
0.151516 0
0.779765 0
0.084713 0
0.518402 0
0.055737 0
0.347423 0
0.084390 0
0.127606 0
0.376849 0
0.801584 0
0.188578 0
0.963279 0
0.751148 0
0.554123 0
0.451860 0
0.759477 0
1.399472 0
0.205406 0
1.752172 0
0.132406 0
0.049421 0
0.486339 0
0.161133 0
0.208452 0
1.587293 0
1.423993 0
0.687822 0
0.441974 0
1.024923 0
1.169978 0
0.040835 0
0.265784 0
0.076137 0
0.038205 0
0.318499 0
0.250804 0
0.375483 0
0.739908 0
0.090991 0
0.234043 0
0.284061 0
0.554357 0
0.067723 0
0.100382 0
0.647948 0
0.062656 0
0.787456 0
0.111905 0
0.399772 0
0.139042 0
0.385661 0
0.027961 0
0.094277 0
0.220320 0
0.212916 0
1.002321 0
0.195400 0
0.014887 0
1.188615 0
0.240974 0
0.291870 0
1.366884 0
1.274905 0
0.322703 0
0.505336 0
1.022173 0
0.089712 0
1.831051 0
0.198201 0
0.142838 0
1.434382 0
0.015562 0
0.131859 0
0.315114 0
0.483818 0
0.453027 0
0.065215 0
0.856190 0
0.211125 0
0.119252 0
0.358795 0
0.101389 0
0.956795 0
0.571795 0
0.310342 0
0.346211 0
0.224895 0
0.033648 0
0.185954 0
0.303445 0
0.254744 0
0.530706 0
1.194635 0
1.058789 0
1.523665 0
1.865515 0
0.328803 0
0.137234 0
0.529189 0
0.740226 0
0.106476 0
0.752862 0
0.156886 0
0.357256 0
0.959998 0
0.543785 0
1.103117 0
1.136945 0
1.483845 0
0.304800 0
0.488575 0
0.288897 0
0.641556 0
0.063114 0
0.794424 0
1.199086 0
0.231621 0
0.392913 0
0.166074 0
1.097255 0
0.542640 0
0.027850 0
0.078174 0
0.754461 0
1.525799 0
0.179978 0
0.249455 0
1.178741 0
0.101883 0
0.026091 0
1.461570 0
0.451895 0
0.240496 0
0.614853 0
0.364648 0
1.014655 0
0.196952 0
0.352744 0
0.074915 0
0.104280 0
0.275452 0
0.313613 0
0.119235 0
0.068268 0
1.916498 0
0.901029 0
0.034935 0
0.222897 0
1.150194 0
0.119938 0
1.389478 0
0.257678 0
0.061875 0
1.063192 0
0.725233 0
1.227377 0
1.506942 0
0.090474 0
0.566061 0
1.424402 0
0.023784 0
1.214874 0
0.296098 0
0.428246 0
0.444836 0
0.244579 0
0.067789 0
0.072505 0
0.609412 0
1.080853 0
0.333794 0
0.086506 0
0.400764 0
0.749646 0
0.074555 0
0.652964 0
0.567120 0
0.663674 0
0.418690 0
0.463169 0
0.772420 0
1.284440 0
0.448374 0
1.439016 0
0.032435 0
0.928040 0
0.059652 0
0.233203 0
0.533248 0
0.121346 0
0.049867 0
0.528725 0
0.812307 0
0.298655 0
0.249189 0
0.802987 0
0.337632 0
1.071102 0
0.130196 0
0.642682 0
0.497088 0
0.652887 0
0.788125 0
0.180901 0
0.991192 0
0.175766 0
1.593453 0
0.659014 0
0.417180 0
1.200840 0
0.206458 0
0.170953 0
1.169606 0
1.611398 0
0.544060 0
0.166027 0
0.127123 0
0.078954 0
0.155567 0
0.397642 0
0.176200 0
0.772711 0
1.083150 0
0.550737 0
0.224014 0
0.415836 0
0.214344 0
0.328422 0
0.683369 0
0.243743 0
0.852371 0
0.025692 0
0.974294 0
0.951617 0
0.020822 0
1.433424 0
1.455460 0
0.844949 0
0.016034 0
0.227066 0
1.028999 0
1.099622 0
0.290257 0
0.697193 0
0.178100 0
0.384731 0
0.584163 0
0.376139 0
0.020813 0
0.134587 0
0.214793 0
0.100330 0
0.066129 0
0.355348 0
1.574428 0
0.137419 0
0.059272 0
0.235529 0
1.650857 0
0.571803 0
0.149472 0
0.433659 0
0.492582 0
0.173181 0
0.412821 0
0.319945 0
0.380787 0
1.245423 0
0.196953 0
0.347384 0
0.513941 0
0.137645 0
0.025415 0
0.008168 0
0.295658 0
1.430451 0
0.259196 0
0.439517 0
0.039592 0
0.230403 0
0.374177 0
0.828968 0
0.129916 0
0.470573 0
0.552103 0
0.068176 0
0.051020 0
0.386088 0
0.476888 0
1.219501 0
1.113846 0
0.117772 0
0.472416 0
0.877495 0
0.263602 0
0.191158 0
0.016808 0
0.532118 0
0.483144 0
0.117314 0
0.118868 0
0.123255 0
0.987337 0
0.612004 0
0.514611 0
0.219593 0
0.136170 0
0.153696 0
0.147334 0
1.063964 0
0.061926 0
0.275636 0
0.186852 0
0.461003 0
0.767997 0
0.513743 0
0.374318 0
0.378267 0
0.767679 0
0.389138 0
0.407280 0
0.251135 0
0.329376 0
0.219383 0
0.092900 0
0.082788 0
0.189102 0
0.032887 0
0.054903 0
0.871562 0
0.042297 0
1.036177 0
0.659032 0
0.087368 0
1.356149 0
0.766070 0
0.978203 0
0.347782 0
0.242756 0
0.400453 0
0.152571 0
0.101919 0
0.167914 0
0.012540 0
0.013208 0
0.424534 0
0.016710 0
0.640219 0
0.156864 0
0.466823 0
0.089629 0
0.315845 0
0.212764 0
0.589546 0
0.436485 0
0.242294 0
0.840053 0
1.734479 0
1.550338 0
0.212233 0
0.133095 0
0.163068 0
0.130884 0
1.168330 0
0.033226 0
0.036941 0
0.878556 0
0.259267 0
0.032715 0
0.194730 0
0.314035 0
0.418737 0
0.059072 0
0.059697 0
0.825171 0
0.556304 0
1.713320 0
0.078381 0
0.422649 0
0.138810 0
0.887018 0
0.408350 0
1.179929 0
0.905921 0
0.209731 0
0.915379 0
0.056087 0
0.417894 0
0.063065 0
0.563370 0
0.011309 0
1.620044 0
0.359630 0
0.086035 0
0.458734 0
0.566758 0
0.019739 0
0.152089 0
0.730825 0
0.425941 0
0.093863 0
0.083618 0
0.368737 0
0.084075 0
0.419396 0
1.382162 0
0.865366 0
0.390213 0
0.309059 0
0.037494 0
0.217404 0
0.068627 0
1.047965 0
0.032631 0
1.375422 0
0.211172 0
0.649908 0
0.455022 0
0.153173 0
0.096023 0
0.530415 0
0.462627 0
0.324924 0
0.360707 0
0.083796 0
0.294710 0
1.255310 0
0.746949 0
1.396848 0
0.332268 0
0.319985 0
1.003507 0
0.824964 0
0.124553 0
0.488552 0
0.776318 0
0.238711 0
1.095048 0
0.529698 0
0.180634 0
0.654903 0
0.227790 0
0.215942 0
0.262098 0
0.218936 0
0.166945 0
0.210579 0
0.043271 0
0.090089 0
0.545324 0
0.743284 0
0.232269 0
0.028223 0
0.336942 0
1.130362 0
0.295209 0
1.032765 0
0.014037 0
0.393040 0
0.648788 0
1.023468 0
0.023109 0
0.088227 0
0.024384 0
0.827127 0
0.121781 0
0.787665 0
1.683491 0
0.310199 0
0.308314 0
0.382830 0
0.916158 0
0.294379 0
0.252074 0
0.022914 0
0.378732 0
0.371322 0
1.443931 0
0.820065 0
1.503686 0
0.729883 0
1.547907 0
0.184942 0
0.210081 0
0.188026 0
0.217814 0
1.680750 0
0.272439 0
0.757797 0
1.447250 0
0.382048 0
0.514681 0
0.698736 0
0.499337 0
0.154065 0
0.138718 0
0.970807 0
0.632411 0
0.179610 0
0.173921 0
0.970932 0
0.706607 0
0.596126 0
0.918906 0
0.089595 0
1.265209 0
0.215705 0
0.246664 0
0.380477 0
0.242326 0
1.041838 0
0.288256 0
0.582843 0
0.966508 0
0.190192 0
1.620963 0
0.145900 0
0.055306 0
0.315187 0
1.562490 0
0.849287 0
0.128841 0
0.833899 0
0.970706 0
1.087886 0
0.218223 0
0.964438 0
0.474995 0
1.305259 0
0.865388 0
1.066627 0
0.559717 0
1.581169 0
0.566784 0
0.813522 0
1.303477 0
0.096747 0
0.988077 0
0.511992 0
0.466538 0
0.424474 0
0.172050 0
0.121048 0
0.278036 0
0.221572 0
0.235056 0
0.067795 0
0.992650 0
0.036868 0
0.380292 0
0.240173 0
0.726707 0
0.186850 0
1.533877 0
0.023399 0
0.515744 0
0.218607 0
1.636531 0
0.457950 0
0.191997 0
0.701803 0
0.284601 0
0.035610 0
0.680723 0
1.352648 0
0.346609 0
0.827688 0
0.743171 0
0.483361 0
0.373806 0
0.267082 0
0.585380 0
1.111908 0
0.396552 0
0.118868 0
0.398026 0
0.253830 0
0.188824 0
0.184579 0
0.152624 0
0.198481 0
0.106635 0
0.664812 0
0.203684 0
0.232029 0
0.704685 0
0.633721 0
1.418803 0
0.125746 0
0.373342 0
0.134300 0
0.015023 0
0.572261 0
0.015756 0
0.991176 0
0.539634 0
0.589995 0
0.541862 0
0.426150 0
0.098808 0
0.221380 0
0.536490 0
0.192083 0
0.045873 0
0.293292 0
0.149530 0
0.699090 0
0.466474 0
0.078279 0
0.390383 0
0.402075 0
0.088097 0
0.253659 0
0.069661 0
0.144642 0
1.392320 0
0.880251 0
0.300293 0
0.054409 0
0.190565 0
0.338181 0
1.446177 0
0.523979 0
0.339064 0
0.552553 0
0.497859 0
0.452924 0
0.538513 0
1.245434 0
0.121061 0
1.056289 0
0.281936 0
0.513342 0
0.122571 0
0.619394 0
0.283568 0
0.936615 0
0.219172 0
0.369014 0
0.746272 0
0.384599 0
1.320888 0
0.612307 0
1.066345 0
0.328298 0
0.166712 0
0.666909 0
0.087497 0
0.125189 0
0.434329 0
0.529765 0
0.872801 0
0.652106 0
0.491961 0
0.128950 0
0.040542 0
0.882045 0
1.398501 0
0.811093 0
0.244965 0
0.347730 0
0.093949 0
0.402378 0
0.349446 0
0.390000 0
0.878757 0
1.521501 0
0.785321 0
0.296495 0
0.073657 0
1.002586 0
0.116226 0
0.050143 0
0.251470 0
0.409837 0
0.058449 0
1.050575 0
0.387401 0
0.652231 0
0.902695 0
0.815327 0
0.732973 0
0.062545 0
0.011978 0
0.270640 0
0.223668 0
0.459902 0
0.690331 0
0.439332 0
0.289175 0
0.860997 0
0.687531 0
0.237030 0
0.104228 0
0.269003 0
0.693353 0
0.029064 0
0.245856 0
0.199819 0
0.205263 0
0.290945 0
1.404685 0
0.038217 0
0.326133 0
0.172665 0
0.069675 0
0.145290 0
1.671712 0
0.420959 0
0.056857 0
0.414835 0
0.971846 0
0.141870 0
0.833633 0
0.296653 0
1.416879 0
0.289699 0
0.005132 0
0.272705 0
0.815004 0
0.577224 0
0.860214 0
1.128694 0
0.188507 0
0.514266 0
0.496740 0
0.942355 0
0.696100 0
0.380268 0
0.079904 0
0.306841 0
0.628790 0
0.017548 0
1.090233 0
1.691137 0
0.150498 0
0.477254 0
1.396100 0
0.323439 0
0.587751 0
0.310657 0
1.692326 0
0.420978 0
0.067338 0
0.242417 0
1.418177 0
0.054429 0
0.408896 0
0.229587 0
0.660374 0
0.209182 0
0.183159 0
0.476232 0
1.312859 0
0.401227 0
0.355994 0
0.253558 0
0.338114 0
0.609415 0
0.124089 0
0.220908 0
0.208180 0
0.950163 0
0.366474 0
0.346513 0
0.182915 0
0.212935 0
0.035631 0
0.684038 0
0.315625 0
0.018885 0
0.156784 0
0.473648 0
0.248434 0
0.907066 0
0.120879 0
0.404988 0
0.524245 0
0.052036 0
0.691824 0
0.054544 0
0.060087 0
0.150623 0
0.287267 0
1.452168 0
0.573039 0
0.288798 0
1.024838 0
0.368020 0
0.739575 0
1.204761 0
0.186399 0
0.317427 0
0.078515 0
0.021581 0
0.065227 0
0.958006 0
1.035428 0
0.006636 0
0.177193 0
0.375419 0
0.940619 0
0.619099 0
0.611660 0
0.058322 0
0.277964 0
0.169220 0
0.119592 0
0.991993 0
0.966385 0
0.024082 0
0.762593 0
0.022675 0
1.361846 0
0.500540 0
0.307618 0
0.046700 0
0.351895 0
0.066747 0
1.409333 0
1.392394 0
0.307646 0
0.937217 0
0.144819 0
0.104444 0
0.003239 0
0.225495 0
0.095096 0
0.370688 0
0.733418 0
0.180540 0
0.151227 0
0.054458 0
0.555732 0
0.875730 0
1.055628 0
0.010741 0
0.736291 0
0.024781 0
0.133474 0
1.213540 0
0.071955 0
0.571640 0
0.386799 0
0.067952 0
0.448880 0
0.149876 0
0.027545 0
0.606875 0
0.287078 0
0.032287 0
0.288810 0
0.388648 0
0.813821 0
0.356882 0
0.068160 0
0.222466 0
1.156682 0
0.377570 0
1.579099 0
0.008274 0
1.042680 0
0.550641 0
0.423140 0
0.376177 0
0.206826 0
0.101874 0
1.172111 0
0.220413 0
0.563969 0
1.228579 0
0.336018 0
1.248562 0
0.088338 0
0.096636 0
0.061002 0
0.505373 0
1.031137 0
0.146405 0
0.937444 0
0.582309 0
0.644096 0
0.486033 0
0.062137 0
0.078419 0
1.477639 0
0.012669 0
0.161238 0
0.524454 0
0.633966 0
0.272482 0
1.286292 0
0.028274 0
0.041405 0
1.780506 0
1.316607 0
0.026811 0
0.161596 0
0.344114 0
0.480972 0
0.040093 0
0.031803 0
1.189789 0
0.230203 0
0.715793 0
0.005974 0
0.375133 0
1.227083 0
0.929025 0
0.314900 0
0.135243 0
0.077706 0
0.532571 0
0.499030 0
0.129252 0
0.230808 0
1.868567 0
0.578159 0
1.054521 0
0.145292 0
0.353363 0
0.276579 0
1.415047 0
0.008213 0
1.231229 0
0.180514 0
0.253945 0
0.252714 0
0.091662 0
0.052934 0
1.497396 0
0.872779 0
0.085230 0
0.100006 0
0.224962 0
0.831657 0
0.608740 0
0.496305 0
0.770478 0
0.324683 0
0.810633 0
0.293365 0
0.010853 0
0.395182 0
0.512033 0
0.201940 0
0.183015 0
0.255287 0
0.069586 0
0.944750 0
0.893952 0
1.249303 0
0.856383 0
0.694006 0
0.864287 0
0.406738 0
0.138276 0
1.437035 0
0.267865 0
0.121469 0
0.422389 0
0.682507 0
0.337607 0
0.022433 0
0.196907 0
0.183754 0
0.299118 0
0.785884 0
1.279210 0
0.095199 0
0.094886 0
0.180366 0
0.120892 0
0.658712 0
0.077886 0
0.343034 0
0.016362 0
0.274535 0
1.227303 0
0.261332 0
0.231045 0
0.398964 0
0.109470 0
1.247865 0
0.634162 0
0.074257 0
1.437534 0
1.333629 0
0.340861 0
0.843588 0
0.163434 0
0.021838 0
0.206122 0
0.100895 0
0.161016 0
0.107676 0
0.027407 0
0.994209 0
0.758792 0
0.260194 0
0.358609 0
0.032342 0
0.109999 0
1.304241 0
0.177914 0
0.245845 0
0.185604 0
0.927084 0
0.179951 0
0.118644 0
1.830304 0
0.070673 0
0.401537 0
0.590699 0
0.289050 0
0.602478 0
0.429246 0
0.246950 0
0.544179 0
0.007267 0
0.410260 0
1.056325 0
0.167359 0
0.549983 0
0.290993 0
0.544925 0
0.821088 0
0.131855 0
0.153833 0
0.157264 0
0.451930 0
0.616246 0
0.255810 0
0.034818 0
0.917881 0
0.232761 0
0.192047 0
1.320307 0
1.797054 0
0.741082 0
1.016160 0
0.107020 0
0.180947 0
0.159398 0
0.219408 0
0.043829 0
0.088241 0
0.563672 0
0.450449 0
0.969671 0
1.160956 0
0.569978 0
0.431021 0
0.904962 0
0.220681 0
0.353338 0
0.219086 0
0.297214 0
1.298494 0
1.324435 0
0.096030 0
0.656322 0
0.054321 0
0.399454 0
0.631143 0
0.041426 0
0.162434 0
0.964523 0
0.248623 0
0.313124 0
0.526136 0
0.796437 0
1.278283 0
0.125893 0
0.323991 0
0.887640 0
0.167344 0
0.097519 0
0.296594 0
0.016623 0
0.822308 0
0.190319 0
0.166603 0
0.097367 0
0.321853 0
0.619218 0
1.604566 0
1.103366 0
0.822974 0
0.022521 0
1.605252 0
0.368170 0
0.597147 0
0.105870 0
0.574311 0
0.449154 0
0.319634 0
0.600356 0
0.115386 0
0.061226 0
0.509496 0
0.055510 0
0.021217 0
0.082289 0
0.159171 0
0.045131 0
0.290691 0
1.075362 0
0.387426 0
1.326560 0
0.038788 0
0.421163 0
0.144611 0
0.227704 0
0.183526 0
0.187675 0
1.401601 0
0.199386 0
0.846396 0
0.117069 0
0.280475 0
0.757871 0
0.430926 0
0.006836 0
0.291149 0
0.731222 0
0.599958 0
1.168898 0
1.448368 0
0.250607 0
0.511360 0
0.060341 0
0.008154 0
0.962017 0
0.029035 0
0.311786 0
0.330426 0
0.349452 0
0.085710 0
1.456992 0
0.635866 0
0.040867 0
1.401402 0
0.901059 0
1.571105 0
0.510292 0
0.897891 0
0.686540 0
1.064168 0
0.371705 0
0.260860 0
1.249179 0
0.281060 0
0.135097 0
0.079091 0
0.997457 0
0.275362 0
1.391300 0
0.128038 0
0.655979 0
0.373149 0
0.081568 0
0.256802 0
1.237947 0
0.278052 0
0.388081 0
0.954684 0
1.506249 0
0.334126 0
0.134342 0
0.502803 0
0.269322 0
0.809321 0
0.356127 0
0.634982 0
1.292772 0
0.325327 0
0.952079 0
0.083502 0
0.618882 0
0.047267 0
0.516737 0
0.064927 0
0.382259 0
0.190150 0
0.053237 0
0.242728 0
0.569953 0
0.234351 0
0.318889 0
0.297423 0
0.803002 0
0.428197 0
0.258309 0
0.084717 0
0.252990 0
0.587131 0
0.757997 0
0.108681 0
0.308744 0
0.522544 0
0.053710 0
0.861197 0
0.821971 0
0.421486 0
0.066406 0
0.024120 0
0.204790 0
1.336806 0
1.496304 0
0.848466 0
0.052216 0
0.633368 0
0.020328 0
0.129928 0
0.729677 0
0.374318 0
0.509072 0
1.012830 0
0.226278 0
0.010679 0
0.124203 0
0.603373 0
0.054223 0
0.676646 0
0.792475 0
1.623165 0
0.028468 0
0.529863 0
0.069797 0
0.100924 0
0.813232 0
0.448647 0
0.272634 0
0.352557 0
0.460328 0
1.048173 0
0.990199 0
0.147623 0
0.357197 0
0.222231 0
1.313666 0
0.129661 0
0.468243 0
0.113369 0
0.343080 0
1.382503 0
0.171845 0
0.049429 0
0.287530 0
0.260755 0
0.082828 0
0.142382 0
0.445938 0
0.230939 0
0.257112 0
0.901163 0
0.229497 0
0.039942 0
0.067127 0
0.101028 0
0.336016 0
0.866088 0
0.907744 0
0.229033 0
0.084348 0
0.281645 0
0.579095 0
0.475613 0
0.560427 0
0.086675 0
1.675858 0
1.026455 0
0.605317 0
1.856170 0
0.641302 0
0.296416 0
0.048309 0
0.316367 0
0.410986 0
0.572917 0
0.015272 0
0.117017 0
0.078929 0
0.334546 0
0.009479 0
0.238147 0
0.987723 0
1.198297 0
0.754231 0
1.002719 0
0.471441 0
0.112083 0
0.748737 0
0.267316 0
0.146359 0
0.089807 0
0.475996 0
0.079300 0
1.432782 0
0.234640 0
0.295562 0
0.887107 0
0.026721 0
1.129977 0
0.520198 0
0.033593 0
0.907917 0
0.142104 0
0.728211 0
1.257783 0
0.606445 0
0.405522 0
0.093457 0
0.320299 0
0.058649 0
0.005693 0
0.184031 0
0.482636 0
0.078741 0
0.563945 0
0.035610 0
0.501389 0
0.749592 0
0.059030 0
0.015177 0
0.236763 0
1.127565 0
0.455852 0
1.115917 0
0.468668 0
0.471242 0
0.358943 0
0.385255 0
0.243670 0
1.772691 0
0.039645 0
1.130120 0
0.507329 0
0.804057 0
0.284555 0
0.270096 0
1.021384 0
1.635000 0
0.319234 0
0.816746 0
0.303951 0
0.184133 0
0.270545 0
1.388281 0
0.229823 0
0.577187 0
0.137721 0
0.692315 0
0.632079 0
0.200937 0
1.387601 0
0.274002 0
0.278235 0
0.143607 0
0.578147 0
0.051021 0
0.949854 0
0.291734 0
0.062575 0
1.762506 0
0.112457 0
0.125901 0
0.049723 0
0.644713 0
0.660891 0
0.382853 0
0.913976 0
1.211953 0
0.067235 0
0.147776 0
0.334592 0
0.072234 0
0.107524 0
0.596042 0
0.051704 0
0.458019 0
0.383008 0
0.083019 0
0.180047 0
1.111843 0
0.217036 0
0.172762 0
0.359292 0
0.767701 0
0.461604 0
0.318930 0
0.792030 0
1.190759 0
0.914227 0
0.734809 0
0.168368 0
0.285819 0
1.688943 0
0.245807 0
0.059307 0
1.714995 0
0.716067 0
0.216660 0
0.324392 0
0.943781 0
1.389711 0
0.034728 0
0.257137 0
0.002673 0
0.917992 0
0.082603 0
0.047502 0
0.161097 0
0.970114 0
0.193149 0
0.933968 0
0.107460 0
0.121833 0
0.836568 0
1.653001 0
0.192722 0
0.737633 0
0.118045 0
1.448425 0
0.664131 0
0.214740 0
0.727520 0
0.223989 0
0.031790 0
1.890986 0
0.142436 0
0.678986 0
0.571429 0
1.234459 0
0.268999 0
0.197668 0
0.091048 0
0.148888 0
0.238961 0
0.188183 0
0.003099 0
0.742902 0
0.957555 0
0.506937 0
0.204893 0
0.342521 0
0.418225 0
0.317416 0
1.579717 0
0.437944 0
0.479965 0
1.404320 0
1.497366 0
0.701808 0
0.029250 0
0.085058 0
0.545787 0
0.078126 0
0.880881 0
0.271418 0
0.093845 0
0.427344 0
0.249514 0
0.593563 0
0.419099 0
0.860667 0
1.232672 0
0.109019 0
0.482143 0
0.463552 0
0.268771 0
0.457802 0
0.175557 0
0.359243 0
0.219789 0
0.413154 0
0.077623 0
0.416531 0
0.644100 0
0.510302 0
0.417867 0
0.084069 0
0.302500 0
0.023050 0
0.072062 0
0.093116 0
0.488359 0
0.286572 0
0.070256 0
0.363785 0
0.339326 0
0.379221 0
1.490510 0
1.204462 0
0.736699 0
1.383595 0
0.209860 0
0.538995 0
0.481945 0
1.430389 0
1.429509 0
0.244784 0
0.037602 0
1.469049 0
0.245308 0
0.361639 0
0.237492 0
0.361668 0
0.119963 0
0.396726 0
0.421727 0
0.145478 0
0.258001 0
0.558342 0
0.111079 0
1.390766 0
0.348731 0
1.299409 0
0.527775 0
1.315703 0
0.666789 0
0.198581 0
1.444847 0
0.049698 0
0.426887 0
0.074734 0
1.369400 0
1.018444 0
0.632409 0
0.677534 0
0.148413 0
1.012104 0
0.177232 0
0.044331 0
0.217313 0
1.396130 0
0.585872 0
0.520754 0
0.024983 0
0.876494 0
0.112771 0
0.100460 0
0.640399 0
0.832107 0
0.056948 0
0.460125 0
0.076250 0
1.436420 0
0.664846 0
1.725213 0
1.402974 0
0.544367 0
1.215304 0
1.041619 0
0.889290 0
0.124748 0
0.065936 0
0.175272 0
0.169875 0
0.248344 0
0.629483 0
0.362401 0
0.642922 0
0.326684 0
1.384818 0
0.159416 0
0.949391 0
0.896495 0
0.490270 0
0.298637 0
0.408287 0
0.208094 0
0.064255 0
0.552241 0
0.792693 0
0.627200 0
0.019738 0
0.637881 0
0.136222 0
0.309581 0
0.720021 0
0.126020 0
0.461514 0
0.227681 0
1.751311 0
0.172908 0
0.010772 0
0.016850 0
0.130101 0
0.497972 0
0.193471 0
0.214838 0
0.544242 0
0.648276 0
0.553471 0
0.696953 0
0.206885 0
0.545278 0
1.418433 0
0.541315 0
0.316776 0
0.981366 0
0.560860 0
0.541786 0
0.078018 0
0.702589 0
1.220557 0
0.188611 0
0.306178 0
1.586589 0
0.759143 0
0.458279 0
1.258757 0
0.132396 0
0.914672 0
0.861717 0
0.548662 0
0.374258 0
0.247219 0
0.262833 0
0.219343 0
0.008390 0
0.746769 0
0.202988 0
0.234951 0
0.671748 0
0.474369 0
0.268927 0
0.080688 0
0.112491 0
1.298162 0
0.678958 0
0.192377 0
1.438854 0
0.654193 0
0.025465 0
0.599394 0
0.203135 0
0.708535 0
0.396984 0
0.248100 0
0.082171 0
1.362964 0
0.053187 0
0.053471 0
0.908710 0
0.538513 0
0.288077 0
0.356207 0
1.778805 0
0.193468 0
0.726636 0
0.226766 0
0.500551 0
0.198823 0
0.330602 0
0.862561 0
0.342088 0
0.802555 0
0.063032 0
0.267965 0
0.501597 0
0.300419 0
0.501447 0
0.085161 0
0.135978 0
0.903643 0
0.332321 0
0.322477 0
0.036488 0
1.427039 0
0.311089 0
0.152179 0
0.061694 0
0.840710 0
0.059700 0
0.324803 0
0.458625 0
0.513724 0
0.315102 0
0.609530 0
0.553113 0
0.437417 0
0.362821 0
0.216927 0
1.373844 0
0.257912 0
0.672589 0
0.429274 0
0.547582 0
0.032005 0
0.347533 0
1.008408 0
0.078180 0
0.653584 0
0.193182 0
0.511669 0
0.046423 0
0.739805 0
0.174926 0
1.224442 0
0.475381 0
0.069076 0
0.398850 0
0.132659 0
0.361995 0
1.365533 0
0.465329 0
1.495518 0
0.841556 0
0.327805 0
0.136002 0
0.109701 0
0.250440 0
0.166894 0
0.400351 0
0.152098 0
0.496085 0
0.670232 0
0.242261 0
0.349487 0
0.188660 0
0.400668 0
1.171211 0
0.410458 0
0.601890 0
0.402544 0
0.932774 0
0.387711 0
0.356411 0
0.676371 0
0.169429 0
0.653056 0
0.777702 0
0.811238 0
0.224817 0
0.446424 0
0.299974 0
0.022477 0
0.452648 0
0.409417 0
0.267706 0
0.021810 0
0.686740 0
0.925728 0
0.497074 0
0.002097 0
0.714005 0
0.240886 0
1.089809 0
0.272770 0
0.888352 0
0.312420 0
0.523796 0
0.734953 0
0.415539 0
0.418389 0
0.280646 0
0.417994 0
0.315813 0
0.611400 0
0.430378 0
0.299194 0
0.247703 0
0.348103 0
0.727838 0
0.515892 0
0.851807 0
0.390436 0
1.284056 0
0.559996 0
0.045922 0
0.786498 0
0.434872 0
0.060098 0
0.526461 0
1.767899 0
0.093962 0
0.274196 0
0.293295 0
0.259015 0
0.528330 0
0.337067 0
0.467746 0
1.275858 0
0.518594 0
0.192254 0
0.084474 0
0.933322 0
1.021105 0
0.329230 0
0.786416 0
1.633432 0
0.863765 0
2.094764 0
0.760662 0
0.522822 0
0.801205 0
0.060486 0
0.748685 0
0.231870 0
0.283132 0
1.444211 0
0.059809 0
0.078079 0
0.296752 0
0.920081 0
1.495409 0
1.539025 0
0.019196 0
0.180277 0
0.051499 0
0.032932 0
1.184891 0
1.700387 0
0.055647 0
0.176556 0
0.952873 0
0.466189 0
1.178325 0
1.059711 0
0.445740 0
0.358656 0
0.490831 0
1.415937 0
0.097951 0
0.597516 0
0.066155 0
0.038568 0
0.063844 0
1.568612 0
0.027463 0
0.228083 0
1.172616 0
0.160381 0
0.230615 0
0.021336 0
0.235564 0
1.068271 0
0.303188 0
0.471310 0
0.607154 0
0.195446 0
0.784522 0
0.276708 0
0.669750 0
0.180510 0
1.274098 0
0.087982 0
0.412190 0
1.103005 0
0.308218 0
1.069010 0
0.072414 0
0.053305 0
0.796692 0
0.447606 0
0.921124 0
0.392705 0
1.433288 0
1.065511 0
0.468060 0
0.635982 0
0.189340 0
0.230784 0
0.567523 0
0.222669 0
0.528795 0
0.767311 0
0.431289 0
0.482870 0
0.086033 0
0.053767 0
1.468383 0
0.075942 0
0.600741 0
0.797212 0
0.371898 0
0.633320 0
0.796806 0
0.043809 0
0.233913 0
0.113129 0
1.209084 0
0.014762 0
0.151428 0
0.697883 0
0.705866 0
1.626823 0
1.843352 0
0.984660 0
0.035211 0
1.439082 0
0.138177 0
0.068277 0
0.763164 0
1.417336 0
0.155823 0
0.144730 0
0.236490 0
0.438758 0
0.835687 0
0.134424 0
0.233670 0
0.723439 0
0.392916 0
0.563267 0
0.114020 0
0.366767 0
0.191524 0
0.151279 0
0.032849 0
0.723743 0
0.318063 0
1.656291 0
0.152888 0
0.519879 0
0.586307 0
0.222533 0
0.601746 0
0.025957 0
0.444134 0
0.603212 0
0.343610 0
0.249143 0
0.176502 0
0.494820 0
0.692775 0
0.958000 0
1.360817 0
1.004798 0
1.142372 0
0.230536 0
0.344590 0
0.706831 0
0.207454 0
0.206335 0
0.607957 0
0.102388 0
0.526358 0
0.387523 0
0.014973 0
0.284097 0
0.626059 0
0.015737 0
0.014200 0
1.139906 0
0.242763 0
1.374084 0
0.331171 0
0.168825 0
1.475979 0
0.202562 0
0.800198 0
1.639856 0
1.317872 0
0.079292 0
0.300743 0
1.539166 0
1.413249 0
0.268618 0
0.030613 0
0.125820 0
0.253603 0
0.387561 0
1.007836 0
0.235488 0
0.409963 0
0.615725 0
0.200112 0
1.382849 0
0.426837 0
0.432094 0
0.355942 0
1.732644 0
0.074800 0
1.303298 0
0.360970 0
0.098528 0
0.434043 0
1.602601 0
1.409547 0
0.302601 0
0.083117 0
0.146261 0
0.467776 0
1.420134 0
1.363664 0
0.330773 0
0.726114 0
0.403956 0
0.453785 0
0.285663 0
0.511318 0
0.016876 0
0.843738 0
0.079721 0
0.684244 0
0.704806 0
0.903722 0
0.641539 0
0.907346 0
0.119708 0
0.148685 0
0.385244 0
0.279422 0
0.199798 0
0.354400 0
0.122682 0
1.687444 0
0.185064 0
0.301217 0
0.425804 0
0.803215 0
0.027968 0
0.712632 0
0.377538 0
0.563601 0
0.163660 0
0.945978 0
1.275360 0
0.255408 0
0.102551 0
0.078642 0
1.078736 0
0.722244 0
0.177819 0
0.162340 0
0.282614 0
0.107726 0
1.452602 0
0.496982 0
0.040708 0
0.733338 0
0.637126 0
0.927284 0
0.172155 0
0.046097 0
0.047415 0
0.761727 0
0.296096 0
0.252084 0
0.042194 0
0.331621 0
0.955254 0
0.235905 0
0.195642 0
0.269540 0
0.975422 0
0.232807 0
0.290043 0
0.710486 0
0.663707 0
0.493545 0
0.393487 0
1.479054 0
0.935193 0
0.155632 0
0.299482 0
0.348774 0
1.379971 0
0.053782 0
0.157352 0
1.192053 0
0.447574 0
0.592155 0
0.143516 0
0.098233 0
0.902248 0
0.026215 0
0.108139 0
0.821711 0
0.188941 0
0.269147 0
0.017777 0
0.994490 0
0.198961 0
0.286900 0
0.493894 0
0.435959 0
1.115569 0
0.343403 0
0.547737 0
0.979548 0
0.936938 0
0.693994 0
0.008272 0
0.240402 0
0.406067 0
0.986015 0
0.095185 0
0.210378 0
0.073752 0
0.167808 0
0.154788 0
0.073246 0
1.082317 0
1.058992 0
1.217929 0
0.047960 0
0.044437 0
0.123721 0
0.191534 0
0.681124 0
0.820660 0
1.461416 0
0.123598 0
0.390291 0
0.019796 0
0.308405 0
0.212473 0
0.241313 0
0.125199 0
0.091962 0
0.182994 0
0.570437 0
0.825678 0
0.383480 0
0.004628 0
1.367421 0
0.760761 0
0.036286 0
0.312071 0
0.170417 0
0.493434 0
0.895568 0
0.068923 0
0.046182 0
0.185712 0
0.949903 0
0.700457 0
1.482685 0
0.779126 0
0.651840 0
0.087294 0
1.408740 0
1.074886 0
1.272624 0
0.175208 0
0.829075 0
1.192397 0
0.215085 0
0.261582 0
0.587489 0
0.307072 0
1.557969 0
0.171318 0
1.484927 0
0.314631 0
0.213356 0
1.452025 0
0.509206 0
0.413392 0
0.046341 0
0.052233 0
0.066751 0
0.738645 0
0.478494 0
0.352698 0
1.030889 0
0.235109 0
1.364684 0
0.328883 0
0.735620 0
1.273492 0
0.447253 0
0.073430 0
0.057184 0
0.275051 0
0.240199 0
0.383756 0
0.311687 0
0.874907 0
0.275813 0
0.196437 0
0.329316 0
0.091661 0
1.054709 0
0.215484 0
0.413627 0
0.222413 0
0.071370 0
0.763791 0
0.226971 0
0.449941 0
1.586324 0
1.178488 0
0.623018 0
0.480198 0
0.275637 0
0.186243 0
1.092721 0
0.701950 0
1.050264 0
0.252713 0
0.487268 0
0.286677 0
0.870650 0
0.754052 0
0.011060 0
0.356512 0
0.635294 0
0.485259 0
0.133228 0
0.114261 0
0.084636 0
0.106061 0
0.456318 0
0.073692 0
0.080561 0
0.017467 0
0.024082 0
0.235550 0
0.722310 0
0.414800 0
0.215586 0
1.544073 0
0.066910 0
0.185265 0
0.266561 0
0.524594 0
1.847399 0
0.977784 0
0.150822 0
1.600315 0
0.719781 0
0.119030 0
1.487489 0
0.017445 0
0.582833 0
1.840361 0
0.176792 0
0.003665 0
0.250805 0
0.070404 0
0.731646 0
0.796382 0
0.278737 0
0.304660 0
0.685959 0
0.862830 0
0.129900 0
0.076282 0
0.109368 0
0.107321 0
0.315933 0
0.721215 0
0.414884 0
0.117992 0
0.195453 0
1.074524 0
0.226490 0
0.189998 0
0.420265 0
0.471215 0
0.107560 0
0.209532 0
0.321366 0
0.440187 0
0.316519 0
0.075692 0
0.110635 0
0.190375 0
0.578400 0
0.331614 0
0.078512 0
1.173095 0
0.097792 0
1.129925 0
0.350414 0
0.530630 0
0.036342 0
0.206197 0
0.762351 0
0.392564 0
0.362642 0
0.396063 0
0.040366 0
0.665206 0
0.436087 0
1.594599 0
0.923154 0
0.661979 0
1.418214 0
0.751543 0
0.844913 0
0.195872 0
0.348534 0
0.043728 0
0.688872 0
0.215002 0
0.470861 0
0.024644 0
0.387710 0
0.867488 0
0.198593 0
0.021839 0
0.156164 0
0.214744 0
0.873849 0
1.157329 0
0.122211 0
0.396816 0
0.424927 0
0.291728 0
0.088279 0
0.270796 0
0.144474 0
0.070773 0
1.092791 0
0.246420 0
0.174913 0
0.831194 0
0.565704 0
1.407509 0
1.430506 0
0.265572 0
0.130070 0
0.212920 0
0.951806 0
1.137762 0
0.009782 0
0.212056 0
1.333744 0
0.003211 0
1.071724 0
0.145890 0
0.160442 0
0.066860 0
1.210426 0
0.376347 0
1.228490 0
0.384371 0
0.225839 0
0.445378 0
0.038379 0
0.128540 0
0.047696 0
0.639304 0
0.058570 0
0.742451 0
0.078151 0
0.062866 0
0.271005 0
0.190399 0
0.708200 0
0.794796 0
0.524573 0
0.396667 0
0.514201 0
0.097913 0
0.135799 0
0.251200 0
0.426136 0
1.167828 0
0.274198 0
0.477571 0
0.309832 0
0.277833 0
1.176197 0
0.736497 0
0.342538 0
0.847004 0
0.208676 0
0.315282 0
0.301118 0
0.168484 0
0.161873 0
0.240969 0
0.072213 0
0.645062 0
0.229700 0
0.359806 0
0.023249 0
1.335015 0
0.320146 0
0.439371 0
0.554714 0
0.093838 0
0.763127 0
1.336280 0
0.577748 0
0.639572 0
1.394263 0
1.441373 0
0.201102 0
0.163320 0
0.577330 0
0.395623 0
1.304660 0
1.366474 0
0.405300 0
1.185023 0
0.671657 0
0.302308 0
1.150516 0
0.148478 0
0.886434 0
0.083073 0
0.596391 0
0.263965 0
0.211425 0
0.373557 0
0.088446 0
0.077486 0
0.118154 0
0.833904 0
0.858883 0
1.590825 0
0.698031 0
0.073672 0
0.265832 0
0.049277 0
0.076964 0
0.573125 0
0.130677 0
1.211839 0
0.042832 0
0.364496 0
0.512561 0
1.448539 0
0.037973 0
0.434464 0
0.239252 0
0.754330 0
0.327754 0
0.362935 0
0.616478 0
0.606577 0
0.541354 0
0.115933 0
1.409742 0
0.115660 0
0.813858 0
0.344354 0
0.164823 0
1.218842 0
0.031096 0
0.450405 0
0.271851 0
0.014159 0
0.306724 0
1.362454 0
0.131487 0
0.429220 0
0.019859 0
0.247041 0
0.578262 0
0.579077 0
0.360060 0
1.427192 0
0.928729 0
1.724776 0
0.641276 0
0.338237 0
0.459651 0
1.481230 0
0.161668 0
0.178846 0
1.320705 0
0.106551 0
0.355610 0
0.242553 0
0.945797 0
0.341537 0
0.144384 0
0.115261 0
0.964610 0
0.537667 0
0.216563 0
0.737414 0
1.085945 0
1.114188 0
0.137669 0
0.077289 0
0.381172 0
1.729257 0
1.148023 0
0.084141 0
0.494477 0
0.036857 0
0.489163 0
1.257117 0
1.329416 0
0.452829 0
0.237915 0
1.499135 0
0.015378 0
0.448514 0
0.193068 0
0.570511 0
0.123934 0
0.142731 0
0.051360 0
0.423531 0
0.334732 0
0.210731 0
0.060041 0
0.475310 0
0.062883 0
0.056470 0
1.324787 0
1.054215 0
1.019751 0
1.040238 0
0.475446 0
0.057662 0
0.273555 0
0.461016 0
0.205803 0
0.058704 0
1.499103 0
0.246206 0
0.014286 0
0.470073 0
0.190634 0
0.196062 0
0.478400 0
0.551233 0
0.191781 0
0.737692 0
0.384358 0
0.413837 0
1.765080 0
1.529648 0
0.604844 0
0.703434 0
0.256043 0
0.019421 0
1.056525 0
0.143258 0
0.106250 0
0.062810 0
0.568858 0
1.144070 0
0.526429 0
1.105701 0
0.491265 0
0.074026 0
0.275725 0
0.350044 0
0.024856 0
0.127879 0
0.524115 0
0.106993 0
0.980581 0
1.160709 0
0.099411 0
0.090988 0
0.479716 0
1.852481 0
0.631336 0
0.848560 0
0.547250 0
0.093415 0
0.855433 0
0.276496 0
0.560256 0
1.473250 0
0.523431 0
0.311388 0
0.162697 0
0.605978 0
0.564209 0
0.218249 0
0.065543 0
0.187851 0
0.260337 0
1.627143 0
0.399203 0
0.200035 0
0.200573 0
0.117374 0
0.075393 0
0.604476 0
0.431503 0
0.375225 0
1.725450 0
0.101829 0
0.489917 0
0.684824 0
0.043462 0
0.405804 0
0.170358 0
0.053956 0
0.192226 0
0.054817 0
0.489844 0
0.274621 0
1.354501 0
0.240960 0
1.168048 0
1.520919 0
0.928650 0
0.117718 0
0.225408 0
1.213453 0
0.412220 0
0.050394 0
0.404323 0
1.148589 0
0.727577 0
0.205531 0
0.226840 0
0.115457 0
0.148980 0
0.756810 0
0.207222 0
0.895699 0
0.714482 0
1.828107 0
0.915017 0
0.444120 0
0.338521 0
0.108567 0
0.079076 0
0.567668 0
1.305971 0
0.206148 0
0.310771 0
1.415170 0
0.907092 0
0.131797 0
0.072139 0
0.179867 0
0.307837 0
0.375117 0
1.896010 0
1.421606 0
1.097564 0
0.699561 0
0.593200 0
0.011251 0
0.888017 0
0.518494 0
0.067386 0
0.459349 0
0.206464 0
0.151729 0
0.196554 0
0.535356 0
0.723870 0
0.049465 0
0.369619 0
0.141006 0
0.818943 0
0.368423 0
1.240376 0
1.119639 0
0.091417 0
0.224490 0
1.044388 0
0.566021 0
0.099355 0
0.118437 0
0.849103 0
0.308215 0
1.034927 0
0.109642 0
0.683754 0
0.029494 0
0.060814 0
0.397318 0
0.560005 0
1.665608 0
0.533654 0
0.250133 0
0.367139 0
0.162419 0
0.098871 0
1.185853 0
0.302598 0
1.289995 0
0.700075 0
0.217298 0
0.152295 0
0.257483 0
0.136876 0
0.360803 0
0.476970 0
1.368202 0
0.482256 0
0.876051 0
0.554289 0
0.085078 0
0.996172 0
0.290176 0
0.143295 0
0.029380 0
1.399897 0
0.884461 0
0.164511 0
0.231176 0
0.017423 0
0.251404 0
0.114057 0
0.121301 0
1.648770 0
0.121398 0
0.399181 0
0.247564 0
0.314658 0
0.182468 0
0.045997 0
0.315317 0
0.651638 0
0.041648 0
0.058658 0
0.052358 0
1.339825 0
0.104092 0
0.273788 0
0.516523 0
0.320660 0
0.079351 0
1.818520 0
0.073190 0
0.207552 0
0.172830 0
0.358872 0
0.028595 0
0.558230 0
0.433530 0
0.507711 0
1.494834 0
0.096296 0
0.055165 0
0.442219 0
0.590498 0
0.356738 0
0.269620 0
1.203067 0
0.065221 0
0.122859 0
0.347629 0
1.362552 0
0.977146 0
0.191785 0
0.695227 0
0.786352 0
0.231911 0
0.005873 0
1.231387 0
0.696995 0
0.218204 0
0.817271 0
1.535575 0
0.423917 0
0.230132 0
0.567375 0
1.143587 0
0.192229 0
0.488251 0
0.530386 0
0.229755 0
1.800107 0
0.828062 0
0.108585 0
0.805557 0
0.671589 0
0.810864 0
0.127309 0
1.006698 0
1.103785 0
0.848971 0
0.256116 0
0.249326 0
1.342459 0
1.053888 0
0.202267 0
1.261666 0
0.035070 0
0.787184 0
0.157122 0
1.018599 0
0.086581 0
0.558814 0
0.286202 0
0.295861 0
0.530715 0
0.065719 0
0.041824 0
0.733851 0
0.284911 0
1.670977 0
1.199957 0
0.200450 0
0.195570 0
0.352460 0
0.666298 0
0.094220 0
1.204897 0
0.331499 0
0.179128 0
1.183698 0
1.420795 0
0.026615 0
0.463625 0
0.113245 0
0.111869 0
1.203266 0
1.011418 0
0.114417 0
0.374942 0
0.042372 0
0.462739 0
1.293221 0
0.498259 0
0.271343 0
0.114153 0
0.576791 0
0.029988 0
0.770198 0
0.173224 0
0.872454 0
0.015991 0
0.282731 0
1.431271 0
0.037155 0
0.046660 0
0.622068 0
0.408972 0
0.124212 0
0.063204 0
0.295482 0
0.392146 0
0.023066 0
0.082239 0
0.117432 0
0.728154 0
0.011601 0
0.621592 0
0.358641 0
0.530761 0
0.417896 0
0.032903 0
0.100568 0
0.112496 0
0.066374 0
0.673354 0
0.499407 0
0.546776 0
0.332288 0
0.354896 0
0.006736 0
0.668986 0
0.072560 0
0.830711 0
0.053143 0
0.464692 0
0.064670 0
0.001872 0
1.511467 0
1.020563 0
0.425550 0
2.016538 0
1.771572 0
0.691726 0
1.020402 0
0.275344 0
1.026272 0
0.508579 0
0.410027 0
0.216214 0
0.819092 0
0.247685 0
0.323915 0
0.355287 0
0.371032 0
0.199102 0
0.301701 0
0.346332 0
0.054831 0
0.161453 0
0.402443 0
0.463508 0
1.005692 0
0.758161 0
1.525416 0
0.069773 0
0.195376 0
0.124473 0
0.860808 0
0.855158 0
0.792048 0
0.189180 0
0.566265 0
0.120537 0
0.524657 0
0.575647 0
0.290629 0
0.549937 0
0.056284 0
0.129499 0
0.182796 0
0.845957 0
1.363622 0
0.388705 0
0.102582 0
0.219954 0
0.275453 0
1.250608 0
0.166542 0
0.485102 0
0.154790 0
0.395538 0
1.270300 0
0.033200 0
0.485893 0
0.379653 0
0.419473 0
0.410286 0
0.781466 0
0.263436 0
0.035458 0
0.201775 0
1.668881 0
1.338944 0
0.672683 0
0.304041 0
1.366983 0
0.197015 0
0.006585 0
0.422964 0
0.951911 0
1.003204 0
0.015085 0
0.381310 0
0.463096 0
1.006603 0
0.165044 0
0.632134 0
0.790035 0
0.312123 0
0.102285 0
0.209243 0
0.294624 0
1.426876 0
0.144072 0
0.469258 0
0.496364 0
1.266452 0
0.535113 0
0.416591 0
0.453124 0
0.657637 0
0.234321 0
0.590153 0
0.698458 0
0.974666 0
0.022258 0
0.070817 0
0.309097 0
0.621039 0
0.209049 0
0.095438 0
0.188661 0
0.454477 0
0.235680 0
1.341092 0
0.754873 0
0.144817 0
0.892074 0
0.523819 0
0.219463 0
0.093904 0
0.544652 0
0.356859 0
0.128352 0
0.107134 0
0.491246 0
0.307025 0
0.780884 0
0.488522 0
0.572852 0
0.290568 0
1.198401 0
0.429793 0
0.502743 0
0.193390 0
0.398792 0
0.195921 0
1.253720 0
0.569136 0
0.604641 0
0.132361 0
0.155170 0
1.381673 0
0.328065 0
0.705631 0
0.798345 0
0.613255 0
0.065600 0
0.004211 0
0.055013 0
1.380232 0
0.689066 0
0.475159 0
0.698659 0
0.072416 0
0.642075 0
0.076220 0
0.304517 0
0.199403 0
0.137033 0
0.137698 0
0.188412 0
0.234384 0
0.094015 0
0.603954 0
0.323221 0
1.097664 0
0.058986 0
0.071563 0
0.670618 0
0.771700 0
1.111657 0
1.362516 0
0.932580 0
0.261105 0
0.469426 0
0.824704 0
0.661768 0
1.301677 0
1.373108 0
0.159513 0
0.742752 0
0.067437 0
0.331442 0
0.260600 0
0.522828 0
0.035740 0
0.390370 0
1.291727 0
0.315486 0
0.156637 0
0.094548 0
0.049010 0
0.082453 0
0.832612 0
0.004785 0
0.532712 0
0.359918 0
0.214448 0
0.697187 0
0.804885 0
0.215460 0
0.891664 0
0.762001 0
0.740454 0
0.533555 0
0.234697 0
0.103742 0
0.584558 0
0.071863 0
0.777003 0
0.629587 0
1.388245 0
0.452608 0
0.378711 0
1.166614 0
1.390355 0
1.435092 0
0.185756 0
0.189171 0
0.199753 0
0.824780 0
0.064418 0
0.467092 0
0.828440 0
1.279582 0
0.171154 0
1.281460 0
0.334866 0
0.239686 0
0.342999 0
0.679941 0
0.378746 0
0.005784 0
0.485112 0
0.187036 0
0.634194 0
0.883704 0
0.014828 0
0.102944 0
0.180874 0
0.192015 0
0.137583 0
0.428842 0
0.374861 0
0.902622 0
0.573813 0
0.318385 0
0.596041 0
0.159925 0
0.337029 0
0.357951 0
1.215641 0
0.126897 0
1.055395 0
0.528024 0
0.491532 0
0.026582 0
1.395369 0
1.147413 0
0.317208 0
0.382247 0
1.148008 0
0.221344 0
1.392878 0
0.168864 0
0.393372 0
0.324812 0
0.307732 0
0.477838 0
0.625834 0
0.341507 0
0.183021 0
0.018697 0
0.966361 0
0.093707 0
0.961107 0
0.489883 0
0.724841 0
0.746668 0
0.105328 0
0.828141 0
0.099402 0
0.668953 0
0.799432 0
0.141243 0
0.772390 0
0.745194 0
0.203327 0
0.765962 0
0.782426 0
0.326248 0
0.343331 0
0.889989 0
1.661162 0
0.340918 0
0.541003 0
0.938331 0
0.126897 0
0.956895 0
0.365429 0
0.070687 0
1.260221 0
1.082452 0
1.672458 0
0.355859 0
0.445108 0
0.364164 0
0.059158 0
0.833884 0
0.692634 0
0.209924 0
0.205712 0
0.110359 0
0.047348 0
0.280796 0
0.036454 0
0.046177 0
0.086493 0
0.294172 0
1.538827 0
0.069612 0
0.806717 0
0.152946 0
0.959036 0
0.147790 0
0.008317 0
0.886730 0
0.280535 0
1.053506 0
0.207328 0
1.060370 0
0.672295 0
0.145760 0
0.063481 0
0.824148 0
0.636824 0
0.733365 0
0.882097 0
0.391068 0
0.242209 0
0.339591 0
0.734437 0
0.074619 0
0.004586 0
0.346561 0
0.101011 0
0.207148 0
0.236328 0
0.092686 0
1.208772 0
0.002753 0
0.089527 0
0.079002 0
0.654709 0
0.341560 0
0.317563 0
0.114803 0
1.023136 0
0.256271 0
0.037408 0
0.083813 0
0.253495 0
0.104493 0
0.503588 0
0.064017 0
0.702701 0
0.144437 0
0.138485 0
0.146137 0
0.833358 0
0.838039 0
0.193333 0
0.252377 0
0.630348 0
0.653960 0
0.354455 0
0.783233 0
1.528156 0
1.051244 0
0.629478 0
0.684723 0
0.531604 0
0.968152 0
0.749078 0
0.974209 0
0.287565 0
0.072796 0
0.285093 0
0.153675 0
0.420732 0
0.622621 0
0.360789 0
0.116476 0
1.071454 0
0.203208 0
0.242974 0
0.016806 0
0.314357 0
0.665920 0
0.968147 0
1.466666 0
0.407275 0
0.428378 0
0.075581 0
0.574411 0
0.037830 0
0.035541 0
0.392363 0
0.070171 0
0.889598 0
1.564541 0
0.123646 0
0.387538 0
1.909098 0
1.452551 0
0.553948 0
0.079201 0
0.816957 0
0.636566 0
0.015740 0
1.467631 0
0.485843 0
0.097055 0
0.106178 0
0.509248 0
1.850522 0
0.614120 0
1.433790 0
0.849851 0
0.694247 0
0.287085 0
0.379748 0
0.119602 0
0.622431 0
0.348997 0
0.169207 0
0.654450 0
0.362581 0
0.470388 0
0.275224 0
0.033130 0
0.419894 0
0.203390 0
0.089872 0
0.727865 0
0.245651 0
1.207811 0
0.066158 0
0.066002 0
0.032637 0
0.423363 0
0.418862 0
0.616469 0
1.526225 0
0.105660 0
0.355197 0
0.360219 0
0.039951 0
0.483403 0
0.180211 0
0.748147 0
0.290248 0
0.105558 0
0.372419 0
0.488400 0
0.295552 0
0.228336 0
0.268951 0
0.029942 0
0.004801 0
0.378387 0
0.028839 0
0.042700 0
0.056420 0
0.310930 0
0.224860 0
0.352507 0
1.204949 0
0.146047 0
0.006808 0
0.154089 0
0.007319 0
0.160852 0
0.000146 0
1.418440 0
0.808467 0
0.268778 0
0.337217 0
1.163551 0
0.571979 0
0.623482 0
0.185953 0
0.344402 0
1.182939 0
0.251251 0
0.142675 0
0.120009 0
0.656384 0
1.508454 0
2.216782 0
0.084386 0
1.086494 0
0.488240 0
0.416618 0
0.162241 0
1.401510 0
0.515450 0
0.189339 0
0.449223 0
0.759056 0
0.680915 0
0.751936 0
0.306285 0
0.130798 0
1.054873 0
1.200665 0
0.151751 0
0.141400 0
0.025317 0
0.343226 0
0.038894 0
1.094079 0
1.026614 0
0.761254 0
0.554207 0
0.121193 0
0.078295 0
0.042959 0
0.997153 0
0.440749 0
0.539810 0
0.240064 0
0.114247 0
0.191180 0
0.273906 0
0.399736 0
0.106478 0
0.168751 0
0.882487 0
0.569309 0
1.122594 0
0.521249 0
0.171502 0
0.007588 0
0.681199 0
0.319395 0
1.278506 0
0.310196 0
0.368832 0
0.535752 0
0.841909 0
0.287490 0
0.094780 0
0.111957 0
0.109431 0
0.174252 0
0.041872 0
0.153374 0
0.204151 0
0.735422 0
0.691328 0
0.902902 0
0.204147 0
0.952256 0
0.169787 0
1.430347 0
0.165641 0
1.209020 0
0.100714 0
0.226702 0
1.122303 0
0.404788 0
0.046579 0
0.425619 0
1.482984 0
1.021098 0
0.621082 0
0.945188 0
0.331749 0
1.372762 0
0.428336 0
0.615901 0
1.314605 0
1.101348 0
0.126371 0
0.481290 0
0.225415 0
0.707077 0
0.135248 0
0.522178 0
1.319091 0
1.572487 0
1.121320 0
0.636639 0
0.181683 0
0.288521 0
0.473585 0
0.658627 0
0.914013 0
0.123082 0
0.747664 0
0.262091 0
0.262432 0
0.058224 0
0.131415 0
0.102156 0
0.122745 0
0.579302 0
0.030301 0
0.606758 0
0.401702 0
0.387652 0
0.139392 0
0.190030 0
0.449808 0
0.824376 0
0.432498 0
0.115694 0
1.583577 0
0.311846 0
0.201323 0
0.318565 0
0.311866 0
1.493796 0
0.477932 0
0.241931 0
0.544054 0
0.658989 0
0.178826 0
0.069900 0
0.050584 0
0.101747 0
0.368761 0
0.576191 0
0.042842 0
0.269863 0
0.045452 0
0.405828 0
1.759605 0
1.005894 0
0.481155 0
0.519960 0
0.350378 0
1.178340 0
0.268440 0
0.494801 0
0.137832 0
0.807819 0
0.441536 0
0.532108 0
0.133001 0
0.332904 0
0.201441 0
1.087821 0
0.813292 0
0.397521 0
0.089038 0
0.766442 0
0.105983 0
0.448840 0
1.158391 0
0.457698 0
0.673135 0
0.110268 0
0.606590 0
0.420356 0
0.374986 0
1.847711 0
0.026711 0
0.149268 0
0.207619 0
1.395367 0
0.293192 0
0.613836 0
1.163589 0
0.009050 0
0.717519 0
0.020154 0
0.061569 0
1.085634 0
1.438775 0
0.654106 0
1.234437 0
0.353573 0
1.364347 0
0.169184 0
0.275303 0
0.110479 0
0.044020 0
0.135653 0
0.295986 0
2.010699 0
0.240968 0
0.215789 0
0.187209 0
0.547708 0
0.052921 0
1.388657 0
0.441018 0
0.679590 0
0.102603 0
0.868165 0
0.362142 0
0.035361 0
0.110282 0
0.436050 0
0.715410 0
0.454488 0
0.219452 0
0.996147 0
0.353069 0
0.036055 0
0.071992 0
0.653109 0
0.701546 0
0.060357 0
0.012151 0
0.740734 0
0.235699 0
0.091807 0
0.108840 0
0.310007 0
0.862741 0
0.085779 0
0.124458 0
0.144762 0
0.350752 0
1.120316 0
0.183747 0
1.405743 0
0.007228 0
0.378490 0
0.250961 0
0.567966 0
0.641013 0
0.009026 0
0.358371 0
0.588989 0
0.548805 0
0.331180 0
0.025630 0
0.359757 0
0.522350 0
1.426443 0
0.447210 0
0.164789 0
0.516366 0
0.933373 0
0.507608 0
0.608045 0
0.663793 0
0.717134 0
0.037912 0
1.045261 0
0.279393 0
0.089968 0
0.333853 0
0.160113 0
0.054326 0
0.623943 0
1.319097 0
0.210593 0
0.474152 0
0.306977 0
0.598419 0
0.228239 0
0.963421 0
0.026774 0
0.457754 0
0.290357 0
0.107077 0
0.260575 0
0.810389 0
0.544242 0
0.957640 0
0.121527 0
0.207434 0
0.023968 0
0.197600 0
0.066641 0
0.826863 0
0.263358 0
0.943345 0
0.694006 0
0.704941 0
1.040821 0
0.091114 0
0.828423 0
1.415620 0
1.501625 0
0.448811 0
0.273340 0
0.561246 0
0.639043 0
0.291049 0
0.122311 0
0.792203 0
0.510429 0
0.243446 0
1.057047 0
1.615723 0
0.600575 0
0.044306 0
0.309244 0
0.219171 0
0.252358 0
1.087532 0
0.110992 0
0.133568 0
0.805800 0
0.132683 0
0.794286 0
0.409161 0
1.337745 0
1.418123 0
0.149578 0
1.171716 0
0.366580 0
0.117694 0
0.167148 0
0.311905 0
0.444120 0
0.193087 0
0.106459 0
0.570279 0
0.277680 0
0.158505 0
0.615851 0
0.196457 0
0.282861 0
1.031027 0
0.011046 0
1.403471 0
1.210168 0
1.270991 0
0.528098 0
0.851335 0
1.415701 0
0.181192 0
0.568297 0
0.084754 0
0.209731 0
1.486116 0
0.141813 0
1.557968 0
0.352072 0
0.025093 0
0.407110 0
1.506225 0
0.247949 0
0.154428 0
0.015282 0
0.210387 0
0.041936 0
0.503905 0
0.094448 0
1.274043 0
0.581012 0
0.006151 0
0.535862 0
0.025530 0
0.567181 0
0.375019 0
0.156078 0
0.446766 0
0.795463 0
0.285173 0
0.645924 0
0.032416 0
0.333297 0
0.445462 0
0.388082 0
0.320913 0
0.182055 0
0.481584 0
1.529965 0
0.005446 0
0.308121 0
0.269164 0
1.354363 0
0.363044 0
0.840236 0
0.304781 0
0.499090 0
0.127955 0
0.054680 0
0.278834 0
1.426650 0
0.132832 0
0.176831 0
0.206976 0
0.364203 0
1.060033 0
0.328563 0
1.049356 0
0.207540 0
0.067693 0
0.229222 0
1.842821 0
1.541581 0
0.910116 0
0.973765 0
0.614153 0
0.514923 0
0.578975 0
0.493119 0
0.425365 0
0.858949 0
0.750984 0
0.165679 0
0.325839 0
0.481960 0
0.250227 0
0.833844 0
0.348946 0
1.705999 0
1.085147 0
1.367990 0
0.101172 0
0.633837 0
0.296896 0
1.006764 0
0.564153 0
0.422305 0
0.227462 0
0.034348 0
0.839819 0
1.281189 0
1.474936 0
0.041684 0
0.479267 0
0.046403 0
0.487172 0
0.098721 0
0.407908 0
1.164680 0
0.792888 0
0.147496 0
0.183702 0
0.075586 0
0.736195 0
0.059745 0
0.013657 0
0.051012 0
0.622304 0
1.525728 0
0.816887 0
0.635038 0
0.051664 0
0.802502 0
0.070133 0
0.059042 0
0.558200 0
0.597563 0
0.070545 0
0.362814 0
0.029885 0
0.416988 0
0.501421 0
0.970312 0
0.905955 0
1.915703 0
0.508088 0
0.024488 0
1.388229 0
0.481207 0
0.310246 0
0.866899 0
0.019546 0
0.722847 0
0.132427 0
0.306818 0
0.329994 0
0.510876 0
0.188997 0
0.529484 0
0.716038 0
0.587378 0
0.138818 0
0.380971 0
0.318738 0
0.749594 0
0.257744 0
0.412415 0
1.187234 0
0.174552 0
0.511239 0
0.010695 0
0.649989 0
0.052205 0
1.151920 0
0.875097 0
