0.409128 0
0.635177 0
0.827249 0
0.155045 0
0.202685 0
0.058347 0
0.283850 0
0.074474 0
0.161535 0
0.115372 0
0.251505 0
0.156639 0
1.917428 0
1.094506 0
0.135131 0
0.255112 0
0.646729 0
0.832388 0
1.403607 0
0.513016 0
0.343165 0
0.094109 0
0.169029 0
1.180802 0
0.638133 0
0.015794 0
0.112102 0
0.489437 0
0.663061 0
0.959501 0
0.339894 0
0.595618 0
0.029591 0
0.520544 0
0.171828 0
0.536279 0
0.943747 0
0.321892 0
0.471742 0
0.085039 0
0.381691 0
1.090433 0
0.633338 0
1.302080 0
0.361665 0
0.020122 0
0.963762 0
0.198127 0
0.035408 0
0.431611 0
0.313124 0
1.140426 0
0.447384 0
0.077905 0
0.755219 0
0.146869 0
0.040654 0
0.026199 0
0.231180 0
0.701050 0
0.154637 0
0.151015 0
0.314518 0
0.108548 0
0.273552 0
0.198736 0
1.266226 0
0.212739 0
0.261068 0
0.040652 0
0.223470 0
0.488336 0
0.169643 0
0.129894 0
0.543637 0
0.446745 0
0.871081 0
0.756738 0
0.445010 0
0.483946 0
1.357754 0
0.131605 0
1.562203 0
0.829224 0
1.096740 0
0.598119 0
0.366566 0
0.231669 0
1.192707 0
0.078894 0
0.381775 0
0.228916 0
1.588089 0
1.329414 0
0.128648 0
0.901963 0
0.756669 0
0.478465 0
0.056219 0
0.491732 0
0.058717 0
0.115420 0
0.073398 0
0.124470 0
0.459472 0
0.801160 0
0.356946 0
0.820539 0
1.582069 0
0.278174 0
1.446399 0
0.274092 0
0.346208 0
1.517482 0
0.267674 0
0.126094 0
0.020749 0
0.415510 0
0.948484 0
1.486743 0
0.370695 0
0.665215 0
1.588287 0
0.068740 0
0.385381 0
0.164432 0
0.179512 0
0.159343 0
1.364549 0
0.571690 0
0.825052 0
0.138556 0
0.691277 0
0.691058 0
0.032545 0
1.174613 0
0.104765 0
0.189936 0
0.319871 0
0.461099 0
0.444030 0
0.564145 0
0.068102 0
0.446531 0
0.613926 0
0.477874 0
1.454977 0
0.008971 0
0.597949 0
0.237754 0
0.303668 0
0.409539 0
0.802847 0
0.053010 0
0.008473 0
0.254512 0
1.464493 0
0.287903 0
1.026331 0
0.953492 0
0.301254 0
0.330467 0
0.752373 0
1.402892 0
0.029039 0
0.189502 0
0.003411 0
0.105369 0
0.892735 0
0.343280 0
0.983155 0
0.271681 0
0.281684 0
1.210811 0
0.175075 0
0.356905 0
0.360583 0
0.225059 0
0.679907 0
0.642807 0
0.377900 0
0.452574 0
0.385752 0
0.147419 0
0.291702 0
0.332603 0
0.099285 0
1.383844 0
0.216129 0
0.024593 0
0.333983 0
0.259622 0
0.350985 0
0.299930 0
0.055277 0
0.991677 0
0.209362 0
0.157361 0
0.089228 0
0.351233 0
0.452900 0
0.611680 0
0.753131 0
1.692151 0
0.372723 0
0.453691 0
0.321609 0
0.399342 0
0.711938 0
0.101610 0
0.067819 0
0.122581 0
0.425583 0
0.579153 0
0.084383 0
0.166421 0
0.128576 0
0.323435 0
1.053898 0
0.090077 0
0.074771 0
0.136412 0
0.536680 0
0.084623 0
0.782083 0
0.450959 0
0.881483 0
0.669662 0
0.105891 0
0.620959 0
0.011828 0
0.405599 0
0.762543 0
0.097533 0
0.472463 0
0.538744 0
0.511996 0
0.924390 0
0.055350 0
0.132800 0
0.132081 0
0.495147 0
0.375189 0
0.391901 0
0.417261 0
1.465595 0
0.047210 0
0.243210 0
0.405882 0
0.025902 0
0.170561 0
0.820165 0
0.153234 0
0.424423 0
1.037135 0
0.678214 0
0.270313 0
0.705165 0
0.030225 0
1.524423 0
0.149842 0
1.298273 0
0.820343 0
0.712798 0
0.842039 0
0.370330 0
1.192809 0
1.640691 0
1.292823 0
1.722172 0
0.363450 0
0.242987 0
1.068227 0
1.078167 0
0.309693 0
0.678476 0
0.692358 0
1.190449 0
1.259825 0
0.499266 0
0.069110 0
0.102149 0
0.558395 0
0.360255 0
0.536203 0
0.180806 0
0.666545 0
0.027802 0
0.046676 0
1.070767 0
0.093438 0
0.372360 0
0.655290 0
0.982255 0
0.024889 0
1.460530 0
0.153137 0
0.720805 0
1.265209 0
0.312824 0
0.420282 0
0.097891 0
0.457034 0
1.018762 0
0.378130 0
0.261571 0
0.172589 0
0.064648 0
0.018753 0
0.069771 0
0.409795 0
0.077358 0
0.572021 0
1.060881 0
0.153470 0
0.377988 0
0.408064 0
0.687817 0
0.322653 0
0.345933 0
0.192508 0
0.274375 0
0.227736 0
0.271723 0
1.728467 0
0.124631 0
0.570354 0
0.040109 0
0.366266 0
0.669219 0
0.057175 0
0.382714 0
0.410731 0
0.474051 0
1.788332 0
0.716878 0
0.312152 0
0.636787 0
0.310597 0
0.017289 0
0.049632 0
0.387747 0
0.737870 0
0.851461 0
0.876471 0
0.809074 0
1.791856 0
0.471607 0
0.411177 0
0.237302 0
0.322312 0
0.387122 0
0.452951 0
0.096048 0
0.629261 0
0.393924 0
0.075555 0
1.099276 0
1.426055 0
0.101048 0
0.333185 0
0.352481 0
0.168407 0
0.306854 0
1.379213 0
0.830794 0
1.759178 0
0.082363 0
0.629538 0
0.855733 0
0.874232 0
0.443795 0
0.669199 0
0.400281 0
0.593623 0
1.624218 0
0.103135 0
0.088782 0
0.370277 0
0.282918 0
0.050084 0
0.345664 0
0.203482 0
0.982869 0
0.159343 0
0.399163 0
0.498266 0
0.604129 0
0.816989 0
0.230485 0
0.735776 0
0.945280 0
0.165372 0
0.535502 0
0.260596 0
0.737084 0
0.076706 0
0.343994 0
0.982830 0
0.012654 0
0.684903 0
0.053821 0
0.147445 0
0.555870 0
0.234219 0
0.445412 0
0.131476 0
0.312635 0
0.876131 0
0.368201 0
0.192288 0
0.973587 0
0.328399 0
0.421617 0
0.022595 0
1.182958 0
0.992984 0
0.041349 0
0.736790 0
0.038671 0
0.358266 0
1.306747 0
0.758169 0
0.164500 0
0.214960 0
0.420462 0
0.106228 0
0.869586 0
0.266613 0
0.285873 0
1.081168 0
0.185487 0
1.230324 0
0.585832 0
0.090875 0
0.818789 0
1.432843 0
0.048639 0
0.892551 0
1.594935 0
0.541571 0
0.026127 0
0.286937 0
0.081608 0
0.275672 0
0.409034 0
1.399387 0
0.447207 0
0.830671 0
0.203802 0
1.109766 0
0.337252 0
0.515822 0
0.363305 0
0.271521 0
0.357130 0
0.284027 0
0.507147 0
0.740937 0
0.113996 0
0.105734 0
0.794596 0
0.831296 0
0.369679 0
0.864575 0
0.613331 0
0.394205 0
0.150956 0
0.299598 0
1.223404 0
0.022874 0
0.334253 0
0.118647 0
0.357316 0
0.483467 0
0.886106 0
0.083904 0
0.021514 0
0.020593 0
0.739347 0
0.039130 0
0.231662 0
0.150915 0
0.160520 0
0.028865 0
0.706968 0
0.040841 0
0.337811 0
0.641995 0
0.153469 0
0.120208 0
0.011869 0
0.514466 0
0.137950 0
0.678422 0
0.736666 0
0.468147 0
0.012435 0
0.615340 0
0.351962 0
0.137477 0
0.247201 0
0.407928 0
1.118746 0
0.138261 0
0.413310 0
1.311846 0
0.187182 0
0.039971 0
0.901577 0
1.178827 0
0.025040 0
1.611572 0
0.476848 0
0.065946 0
0.350873 0
0.066559 0
0.472582 0
0.673848 0
0.205081 0
0.256686 0
0.133924 0
0.003498 0
0.223626 0
1.158704 0
0.426798 0
0.422408 0
0.684384 0
0.206141 0
0.418379 0
0.944988 0
0.046338 0
0.128692 0
0.100221 0
0.192689 0
0.285095 0
0.345168 0
0.345690 0
0.627301 0
0.305981 0
0.736858 0
0.266429 0
0.497175 0
0.094584 0
1.252817 0
0.077822 0
0.107897 0
0.805220 0
1.455232 0
0.162998 0
0.569454 0
0.147745 0
0.567733 0
0.193559 0
1.547669 0
0.285878 0
0.310722 0
0.065696 0
0.590329 0
0.107434 0
0.397935 0
1.650680 0
0.293551 0
0.139072 0
1.533674 0
0.197975 0
0.073515 0
0.629409 0
1.466913 0
0.578951 0
0.270309 0
0.427682 0
0.598708 0
0.092076 0
0.355225 0
0.432742 0
0.790350 0
0.452886 0
0.203738 0
0.062442 0
1.124853 0
0.207655 0
1.119719 0
0.602602 0
0.113395 0
0.418648 0
0.377446 0
0.586222 0
0.062802 0
0.556417 0
0.269887 0
0.090301 0
0.784413 0
1.528742 0
1.482437 0
0.597968 0
0.505942 0
0.337384 0
0.221902 0
0.257609 0
0.158013 0
0.413810 0
0.082069 0
0.526515 0
0.509228 0
0.032754 0
0.829626 0
0.018900 0
0.956609 0
0.267254 0
0.067073 0
0.897679 0
1.007443 0
0.347493 0
0.215897 0
0.131336 0
0.168649 0
0.286238 0
0.082448 0
0.354521 0
1.184994 0
0.145365 0
0.527028 0
0.553274 0
0.603433 0
0.542497 0
0.348897 0
0.187180 0
0.098040 0
0.233749 0
0.295415 0
0.235428 0
0.168837 0
0.049504 0
1.374184 0
1.280865 0
0.295827 0
0.139553 0
0.153806 0
0.924604 0
0.784985 0
0.871590 0
0.323007 0
0.285846 0
0.228596 0
0.227918 0
1.524717 0
0.129378 0
0.292150 0
0.257783 0
0.328915 0
0.270233 0
0.179179 0
0.239704 0
0.827451 0
0.159671 0
0.157665 0
0.094280 0
0.221664 0
0.584707 0
1.289296 0
0.765420 0
0.247325 0
0.043341 0
0.779639 0
0.142515 0
0.248374 0
0.327880 0
0.537249 0
0.082029 0
0.771986 0
0.147718 0
0.037042 0
0.024851 0
1.498082 0
0.672991 0
0.862134 0
1.677163 0
0.088108 0
0.405703 0
0.039075 0
0.636630 0
0.795897 0
0.158363 0
0.044511 0
1.242607 0
0.642954 0
0.220691 0
0.998356 0
0.248698 0
0.073035 0
0.049733 0
1.402587 0
0.332269 0
0.105370 0
0.182933 0
1.361629 0
0.081192 0
0.116618 0
0.286029 0
0.098668 0
1.682215 0
0.673171 0
0.261354 0
0.071179 0
0.273097 0
0.336594 0
0.102431 0
0.219613 0
0.627151 0
0.168860 0
0.091956 0
0.531322 0
0.018724 0
1.176746 0
0.190689 0
0.172937 0
0.062854 0
0.302734 0
0.467061 0
1.073586 0
0.252508 0
0.428240 0
0.124771 0
0.243185 0
0.257462 0
0.380670 0
0.667032 0
1.137037 0
1.355244 0
0.532094 0
0.618685 0
0.649801 0
0.285433 0
0.293748 0
0.290183 0
0.342582 0
0.857112 0
0.644151 0
0.328533 0
0.110024 0
2.066621 0
0.753379 0
0.156100 0
0.141111 0
0.305334 0
0.607663 0
0.333619 0
1.084352 0
0.888863 0
0.532758 0
0.106493 0
0.368641 0
0.357147 0
0.377758 0
0.829320 0
0.326102 0
0.034696 0
1.435761 0
1.371782 0
1.111582 0
0.542693 0
0.143877 0
1.128981 0
0.670837 0
0.364024 0
0.052313 0
0.122332 0
0.045485 0
0.015499 0
0.478837 0
0.108448 0
0.413795 0
0.949758 0
0.173623 0
0.270155 0
0.246545 0
0.009571 0
1.352417 0
1.159272 0
1.096971 0
0.408979 0
0.064965 0
1.524127 0
0.582282 0
1.512055 0
0.244152 0
0.306644 0
0.488641 0
0.232093 0
0.024048 0
0.036015 0
0.210751 0
0.390599 0
0.189892 0
0.919881 0
1.172900 0
0.261804 0
1.512337 0
0.082306 0
0.095076 0
0.050770 0
0.326193 0
0.472326 0
0.749270 0
0.278064 0
0.755052 0
0.127723 0
0.457957 0
0.542670 0
0.557253 0
0.176663 0
0.150328 0
0.373002 0
0.369387 0
0.833204 0
0.868355 0
0.152517 0
0.019244 0
0.302384 0
0.820258 0
1.459532 0
0.864791 0
0.493013 0
0.337409 0
0.264733 0
1.423200 0
1.610206 0
0.415696 0
1.171492 0
0.840348 0
1.372733 0
0.512504 0
0.720257 0
0.315688 0
0.937509 0
0.408117 0
0.283106 0
0.458641 0
0.916991 0
0.114819 0
0.051130 0
0.927774 0
0.131307 0
0.245438 0
0.518377 0
0.190929 0
0.301710 0
1.044836 0
0.073904 0
0.524482 0
0.316636 0
0.446821 0
0.041919 0
0.191556 0
0.231391 0
0.901950 0
0.598121 0
0.214301 0
0.256648 0
1.002022 0
0.152139 0
1.025143 0
0.066610 0
1.226685 0
0.106345 0
0.372134 0
0.467955 0
0.395829 0
0.389852 0
0.173953 0
0.241003 0
0.389121 0
0.050101 0
0.092409 0
0.938252 0
0.285218 0
1.620083 0
0.376656 0
0.879808 0
0.896143 0
0.392118 0
0.802514 0
0.242108 0
0.402215 0
0.414350 0
1.221805 0
0.722978 0
1.679439 0
0.827835 0
0.968315 0
0.257987 0
0.435138 0
0.289619 0
0.179074 0
0.290510 0
0.164941 0
0.015478 0
0.760038 0
0.094401 0
0.003347 0
0.517628 0
0.239115 0
0.296712 0
1.797266 0
0.899038 0
0.189768 0
0.015650 0
0.108114 0
0.414867 0
0.879217 0
1.514342 0
0.127965 0
0.877366 0
0.466045 0
0.070666 0
1.484879 0
1.562717 0
0.170216 0
0.256833 0
0.233353 0
0.353768 0
0.435449 0
0.359501 0
0.681653 0
0.681552 0
0.680339 0
0.812229 0
0.498511 0
0.204765 0
0.749113 0
0.196679 0
0.509184 0
0.081114 0
0.119063 0
0.966885 0
0.254718 0
0.041607 0
1.377802 0
0.103902 0
0.365059 0
1.172349 0
1.309065 0
0.160015 0
0.717963 0
0.190555 0
0.313560 0
0.127524 0
0.079307 0
0.154622 0
0.892221 0
0.178162 0
0.323661 0
0.850358 0
0.488759 0
1.424176 0
0.142704 0
0.039943 0
0.366402 0
0.227828 0
0.595698 0
0.548117 0
0.680066 0
0.548991 0
0.214093 0
0.262391 0
1.281300 0
0.051353 0
1.392351 0
0.643228 0
0.203569 0
0.142259 0
0.560709 0
0.248855 0
0.118657 0
0.173145 0
0.301023 0
0.123718 0
0.118622 0
1.501230 0
1.213724 0
0.395924 0
0.202617 0
0.845867 0
0.273357 0
0.109517 0
1.525632 0
0.809182 0
0.489368 0
0.572878 0
0.274766 0
0.535742 0
1.141901 0
0.145329 0
0.877347 0
0.286455 0
1.110339 0
0.682625 0
0.958213 0
0.731149 0
0.896929 0
0.056704 0
0.108106 0
0.502643 0
0.140170 0
0.776795 0
0.458934 0
1.424389 0
0.243034 0
0.463517 0
0.039941 0
0.032207 0
0.740238 0
0.050030 0
1.049808 0
0.411681 0
0.445576 0
0.078951 0
0.835840 0
0.099569 0
0.494867 0
0.880811 0
1.312175 0
0.753136 0
0.500702 0
1.270214 0
0.845832 0
0.162404 0
0.710382 0
0.754469 0
0.458744 0
0.497395 0
0.274321 0
0.623196 0
0.425507 0
0.112057 0
0.129012 0
0.088105 0
0.509944 0
0.096051 0
1.433998 0
0.290086 0
0.353266 0
0.595995 0
0.049263 0
0.139625 0
0.548329 0
0.250142 0
0.419831 0
0.496859 0
0.710450 0
0.583586 0
0.170479 0
0.696922 0
0.406096 0
0.261022 0
0.549612 0
0.623736 0
0.257118 0
0.374176 0
0.112394 0
0.310070 0
0.524550 0
0.074967 0
0.106681 0
0.504013 0
0.054728 0
0.323929 0
0.629445 0
0.450673 0
0.469129 0
0.091916 0
0.228217 0
0.277365 0
0.157488 0
0.448017 0
0.088325 0
0.118915 0
0.692263 0
0.386010 0
0.722157 0
0.071919 0
0.015412 0
0.378265 0
0.412989 0
0.164692 0
1.108273 0
0.164136 0
0.336088 0
0.074501 0
0.088296 0
0.395309 0
0.130659 0
0.297094 0
0.280504 0
0.018764 0
0.029032 0
0.923172 0
0.127583 0
0.209200 0
1.053173 0
0.629241 0
0.159868 0
0.800521 0
0.473320 0
0.074121 0
0.172646 0
0.726077 0
0.715340 0
0.368566 0
0.951810 0
0.449464 0
0.261741 0
0.315440 0
0.697325 0
0.450945 0
0.446270 0
0.322740 0
0.669266 0
0.139367 0
0.863151 0
0.853212 0
0.221245 0
0.262925 0
0.025290 0
0.412847 0
0.030687 0
0.073619 0
0.087802 0
0.023450 0
0.063699 0
0.429842 0
0.476472 0
0.064965 0
0.058180 0
0.066140 0
0.030027 0
0.620500 0
0.242757 0
0.286077 0
0.091254 0
0.293794 0
0.186948 0
0.160228 0
0.178630 0
0.430923 0
0.236426 0
0.285851 0
0.142349 0
0.093571 0
0.025730 0
0.255742 0
0.428944 0
0.015401 0
0.073017 0
0.580624 0
0.011934 0
0.412983 0
0.191734 0
0.308938 0
0.390596 0
0.881212 0
0.736735 0
0.053074 0
0.149999 0
0.101405 0
1.038202 0
0.398547 0
0.374829 0
0.017758 0
0.573193 0
0.132904 0
0.155099 0
0.058657 0
0.319671 0
0.330885 0
0.992853 0
0.801235 0
0.738310 0
0.013266 0
0.151451 0
0.666817 0
0.293988 0
0.822407 0
0.572263 0
0.373670 0
0.022301 0
0.044668 0
0.668077 0
0.562370 0
0.618529 0
1.233900 0
0.443992 0
0.520262 0
0.370527 0
0.039018 0
0.737794 0
0.351764 0
0.922194 0
0.075646 0
0.755733 0
0.579107 0
0.138499 0
0.408593 0
0.190890 0
0.398261 0
0.076980 0
0.166061 0
1.451298 0
1.250750 0
0.300045 0
0.117888 0
0.157704 0
0.018195 0
0.773716 0
0.077748 0
0.416068 0
0.426610 0
0.416543 0
0.718615 0
0.584264 0
0.105454 0
0.218405 0
0.737988 0
0.439131 0
1.047593 0
0.091739 0
0.134026 0
0.673411 0
0.202021 0
0.186581 0
0.122466 0
1.116047 0
0.246068 0
0.141723 0
0.690991 0
1.118140 0
1.375940 0
0.174039 0
0.047001 0
0.420139 0
0.199345 0
0.335237 0
0.480284 0
0.173016 0
0.542130 0
0.029706 0
0.491162 0
0.161319 0
1.479076 0
0.142885 0
0.530469 0
0.204686 0
0.924969 0
1.378085 0
0.129670 0
0.234952 0
0.361760 0
0.665213 0
0.668199 0
1.083171 0
0.068003 0
0.018955 0
0.053720 0
0.396467 0
0.018888 0
0.419921 0
1.589815 0
0.098257 0
0.191608 0
0.005369 0
1.139879 0
0.778206 0
0.243749 0
0.277394 0
0.547660 0
0.320792 0
0.142974 0
0.174994 0
0.039637 0
0.609454 0
0.417224 0
0.526682 0
0.009115 0
0.009681 0
1.463862 0
0.571544 0
0.854631 0
0.164739 0
1.051296 0
0.494761 0
0.110563 0
0.085631 0
0.047976 0
0.038679 0
0.255724 0
0.369446 0
1.391335 0
1.475787 0
0.024005 0
0.007164 0
0.096407 0
0.421189 0
0.552430 0
0.255944 0
0.307006 0
0.175310 0
1.263903 0
0.316010 0
0.497043 0
0.339026 0
0.515712 0
0.118159 0
0.273743 0
0.633567 0
0.190903 0
0.657110 0
0.273767 0
1.369899 0
0.268507 0
0.106505 0
0.431737 0
1.528123 0
0.658012 0
1.360783 0
0.601634 0
0.165595 0
0.349370 0
0.162445 0
0.536241 0
1.561740 0
0.999910 0
0.061093 0
0.147455 0
0.242621 0
0.696253 0
0.909724 0
0.098656 0
0.206711 0
1.495831 0
0.854781 0
0.303471 0
0.387278 0
1.625456 0
0.305395 0
1.010171 0
1.153095 0
0.248677 0
0.088213 0
0.192505 0
0.153507 0
0.120666 0
0.016368 0
0.158927 0
0.070727 0
0.133064 0
0.653477 0
1.516070 0
0.320301 0
0.142852 0
0.834165 0
0.606679 0
0.266800 0
0.173772 0
1.493458 0
1.467530 0
0.155777 0
0.448103 0
1.303663 0
0.456671 0
1.379582 0
0.867700 0
0.045596 0
0.734207 0
0.204257 0
1.488548 0
0.586219 0
0.718210 0
0.081184 0
0.073259 0
0.132116 0
0.142177 0
0.759659 0
0.671178 0
0.607336 0
0.136201 0
0.319191 0
0.183331 0
0.084084 0
0.241420 0
0.007403 0
0.336084 0
1.332556 0
0.009606 0
0.755299 0
0.916316 0
0.054172 0
0.018391 0
0.709653 0
0.443839 0
0.017417 0
0.347222 0
0.241984 0
0.976312 0
0.131056 0
0.612132 0
0.065342 0
0.719127 0
0.503909 0
0.174499 0
1.346711 0
0.001151 0
0.107479 0
0.044600 0
0.714798 0
1.332510 0
0.158761 0
0.134294 0
1.664147 0
0.733157 0
0.248566 0
0.691574 0
0.166865 0
0.689318 0
0.183893 0
0.213024 0
0.373866 0
0.250122 0
0.034271 0
0.923792 0
0.087617 0
0.711436 0
0.302591 0
0.258090 0
0.030724 0
0.160207 0
0.036321 0
0.833441 0
1.634841 0
1.655056 0
0.710988 0
0.418947 0
1.563517 0
0.863490 0
1.457173 0
0.706727 0
0.197731 0
0.063080 0
0.548206 0
1.386201 0
0.589762 0
0.755121 0
0.690641 0
1.400100 0
0.070982 0
0.392921 0
0.743891 0
0.054136 0
0.067167 0
0.578224 0
0.021756 0
0.773542 0
0.312811 0
0.011398 0
1.114542 0
0.032469 0
0.439032 0
1.168351 0
0.346434 0
1.119423 0
0.851374 0
0.784704 0
0.278807 0
0.015435 0
0.031956 0
1.158133 0
1.300863 0
0.128938 0
1.433954 0
0.052780 0
0.202458 0
0.164727 0
0.553227 0
0.155036 0
0.243518 0
1.420229 0
0.528064 0
0.331318 0
0.426069 0
0.091728 0
0.041657 0
0.185430 0
1.824783 0
0.071606 0
0.695050 0
0.596208 0
0.287910 0
0.062423 0
1.143793 0
0.150630 0
0.586715 0
1.423111 0
0.020890 0
1.373861 0
1.677878 0
0.757815 0
0.029850 0
0.066504 0
1.004260 0
0.058136 0
0.003896 0
0.103833 0
0.928076 0
0.013822 0
1.476673 0
0.991738 0
0.305301 0
0.169938 0
0.258552 0
1.154582 0
0.626569 0
0.605058 0
0.979850 0
1.484413 0
0.220670 0
0.127173 0
1.295276 0
1.154235 0
0.126827 0
0.873944 0
0.193872 0
0.330263 0
0.528002 0
1.135978 0
0.375126 0
0.075384 0
0.566230 0
0.038233 0
0.743913 0
0.228198 0
0.562607 0
0.615000 0
0.531636 0
0.306155 0
0.243857 0
1.249248 0
0.255946 0
0.226049 0
0.459362 0
0.160977 0
0.339203 0
0.159685 0
0.096587 0
0.358705 0
1.211009 0
1.525774 0
0.878294 0
0.075775 0
0.653565 0
0.616394 0
0.557349 0
0.858066 0
0.168270 0
0.195309 0
0.253683 0
0.603519 0
0.247901 0
0.517799 0
0.286009 0
0.169078 0
0.296725 0
0.200387 0
0.215158 0
0.593864 0
0.560173 0
1.118908 0
1.490470 0
0.332130 0
0.085009 0
0.152799 0
0.445605 0
0.299535 0
0.045092 0
1.298506 0
0.032008 0
1.120245 0
0.075606 0
0.029884 0
0.222063 0
1.071653 0
1.164348 0
0.021473 0
0.159704 0
0.671563 0
0.773776 0
1.472304 0
1.007246 0
0.221820 0
0.047755 0
0.173654 0
1.541432 0
0.997536 0
0.113735 0
0.022004 0
0.595538 0
0.676865 0
0.262372 0
0.138218 0
0.011615 0
0.210113 0
0.721654 0
0.292034 0
0.130344 0
0.237643 0
0.302037 0
0.237938 0
0.707311 0
0.552152 0
0.496845 0
0.365513 0
1.469257 0
0.236879 0
0.361400 0
0.325249 0
0.569118 0
0.205976 0
0.489894 0
0.184765 0
0.214312 0
0.921546 0
0.031070 0
1.381193 0
0.079159 0
1.228979 0
1.002478 0
0.270267 0
0.209558 0
0.103551 0
0.052008 0
0.332929 0
0.077554 0
0.442560 0
0.445624 0
0.054210 0
0.101230 0
0.171712 0
0.132747 0
0.766831 0
0.468921 0
0.619178 0
1.389928 0
0.017988 0
0.673819 0
0.009390 0
0.154219 0
0.155105 0
0.994087 0
0.037154 0
0.017207 0
0.323216 0
0.010145 0
0.155174 0
0.216503 0
0.199627 0
0.688772 0
0.382773 0
0.375800 0
2.059309 0
0.142669 0
0.137426 0
0.064357 0
0.355535 0
0.611608 0
0.284026 0
0.061618 0
0.463173 0
1.389239 0
0.183869 0
0.048605 0
0.170813 0
1.428735 0
0.003867 0
0.198155 0
0.053087 0
0.028702 0
0.043365 0
1.426962 0
0.942813 0
0.018388 0
0.531942 0
0.309362 0
0.094602 0
0.064573 0
0.897814 0
0.205986 0
0.927404 0
0.602096 0
0.918642 0
0.123908 0
0.189388 0
0.604973 0
0.198753 0
0.979093 0
0.327529 0
0.361018 0
0.617222 0
0.078646 0
0.790294 0
0.488530 0
0.741309 0
0.781997 0
0.340620 0
0.050203 0
0.231225 0
0.472242 0
0.778770 0
0.601565 0
0.701837 0
0.187395 0
0.242336 0
0.368141 0
1.202904 0
0.302163 0
1.393438 0
1.011413 0
0.144547 0
0.034549 0
0.787718 0
0.442904 0
0.411824 0
0.882262 0
0.882282 0
1.457107 0
0.246236 0
0.108730 0
0.255171 0
0.939488 0
0.542492 0
0.052024 0
0.248280 0
0.034897 0
0.142430 0
0.012407 0
1.582547 0
1.375499 0
0.271500 0
0.218071 0
0.192089 0
0.318667 0
1.009857 0
0.256304 0
0.870766 0
0.293127 0
0.200643 0
0.118029 0
0.265455 0
1.878552 0
0.018339 0
1.453298 0
0.144011 0
0.058001 0
0.462848 0
0.368896 0
0.062505 0
0.306535 0
0.071737 0
0.100941 0
0.598519 0
0.156036 0
0.271829 0
0.875986 0
0.124405 0
1.095298 0
0.510792 0
0.526796 0
0.051047 0
0.554955 0
0.749325 0
0.419421 0
0.475621 0
0.133247 0
0.197424 0
1.435990 0
0.355180 0
0.201335 0
0.017240 0
0.111940 0
0.043845 0
0.184583 0
0.941335 0
0.212170 0
0.052151 0
0.259365 0
0.100089 0
0.067080 0
0.045775 0
0.215580 0
0.457879 0
1.004653 0
0.209623 0
0.357926 0
1.518853 0
0.300986 0
0.147808 0
0.554825 0
0.198314 0
0.254002 0
0.058589 0
0.705382 0
0.424114 0
0.055102 0
0.086624 0
1.394991 0
0.839130 0
0.312177 0
0.433553 0
0.450120 0
0.074359 0
1.367824 0
0.049501 0
0.225570 0
0.150190 0
0.209179 0
0.097296 0
1.132984 0
0.171622 0
0.625614 0
0.231478 0
1.206280 0
0.310365 0
0.649987 0
0.009710 0
0.077828 0
0.329585 0
0.775160 0
0.682345 0
0.217467 0
0.167621 0
1.116697 0
0.080534 0
0.523340 0
0.651311 0
0.899970 0
0.241025 0
0.704205 0
0.415942 0
1.591521 0
0.097520 0
0.107499 0
0.441144 0
0.347088 0
0.307672 0
1.459181 0
0.560321 0
0.130258 0
0.513404 0
0.066889 0
0.637249 0
0.255092 0
0.744339 0
0.030285 0
0.126436 0
1.117543 0
0.192870 0
0.235383 0
0.031339 0
0.126066 0
0.836384 0
1.376667 0
1.417650 0
0.070694 0
0.125578 0
0.306653 0
0.037050 0
0.451254 0
1.395037 0
0.121269 0
0.156184 0
0.681361 0
0.033658 0
0.336702 0
0.610468 0
0.559933 0
0.896612 0
1.079645 0
0.949384 0
0.897807 0
0.773098 0
0.144962 0
0.221216 0
0.774169 0
0.973387 0
0.390727 0
0.707792 0
0.051608 0
0.520301 0
0.087295 0
0.209356 0
0.484247 0
0.462339 0
1.486871 0
0.075449 0
0.586156 0
1.209060 0
0.505151 0
0.485814 0
0.148849 0
0.663575 0
0.492067 0
0.359742 0
0.207255 0
0.154388 0
0.868511 0
0.275362 0
0.021882 0
0.802257 0
1.632061 0
0.260432 0
0.465823 0
0.310054 0
0.231559 0
0.086504 0
1.178021 0
0.106790 0
0.083864 0
1.160506 0
0.356798 0
0.045694 0
0.845516 0
0.765213 0
0.326272 0
0.477763 0
0.016622 0
0.342030 0
0.256741 0
0.222474 0
0.316989 0
0.420991 0
0.286923 0
0.343904 0
0.207202 0
0.938082 0
0.239487 0
0.048267 0
0.457013 0
0.319104 0
1.319439 0
0.037254 0
0.674848 0
1.485103 0
0.010232 0
0.083250 0
0.716426 0
0.246913 0
0.542439 0
0.331401 0
0.285407 0
0.156527 0
0.621269 0
1.549007 0
0.926636 0
0.397267 0
0.899444 0
0.373041 0
0.145541 0
1.093493 0
0.475010 0
0.021546 0
0.069021 0
0.065141 0
0.127902 0
0.022038 0
0.419102 0
0.171036 0
0.112805 0
0.047380 0
0.203533 0
0.213683 0
1.056854 0
0.081764 0
1.679587 0
0.925921 0
0.338808 0
0.286592 0
0.022651 0
0.142883 0
1.448873 0
0.913767 0
0.546311 0
1.524291 0
0.523754 0
0.742700 0
0.097942 0
1.234847 0
1.279101 0
0.134144 0
0.154837 0
0.269466 0
0.504463 0
0.377898 0
0.193429 0
0.832176 0
0.505672 0
1.104711 0
0.741961 0
0.667874 0
0.422223 0
0.037389 0
1.106814 0
0.409802 0
1.976866 0
0.242692 0
0.127410 0
0.198055 0
0.042397 0
0.114121 0
0.043765 0
0.045825 0
0.415657 0
0.781353 0
0.282251 0
0.037263 0
0.129134 0
0.741715 0
0.912753 0
0.407285 0
0.300374 0
0.108651 0
0.980688 0
0.175518 0
0.322713 0
0.300460 0
1.305797 0
0.123365 0
1.439164 0
1.221187 0
0.398008 0
0.706603 0
0.017385 0
0.281714 0
0.404609 0
0.121479 0
0.911507 0
0.596627 0
0.154650 0
0.015090 0
0.212955 0
0.163144 0
0.264756 0
0.174644 0
1.405176 0
0.059468 0
0.031084 0
0.761662 0
0.073036 0
0.328320 0
0.179606 0
0.104941 0
0.059727 0
0.276139 0
0.039069 0
0.464430 0
0.041378 0
0.186857 0
0.412828 0
0.286013 0
0.443541 0
0.529268 0
1.773315 0
0.602645 0
0.241413 0
0.013374 0
1.055806 0
0.146253 0
0.073168 0
0.225883 0
0.218801 0
0.257310 0
0.251731 0
0.774634 0
0.780433 0
0.001671 0
0.156090 0
1.550142 0
0.146685 0
1.609817 0
0.664195 0
0.588999 0
0.626155 0
0.234348 0
0.380647 0
0.655155 0
0.109008 0
0.629630 0
0.171000 0
0.136309 0
1.268878 0
0.432822 0
0.360873 0
1.376537 0
0.589282 0
0.256871 0
0.481188 0
1.220290 0
0.182469 0
0.981203 0
0.207566 0
0.101882 0
0.047524 0
0.148778 0
1.522868 0
1.095015 0
0.315812 0
0.232500 0
0.817293 0
1.302554 0
0.754870 0
0.813065 0
0.939790 0
1.026915 0
0.400655 0
0.164003 0
0.242016 0
0.090387 0
0.027572 0
0.564630 0
0.209403 0
0.072624 0
0.282492 0
0.227775 0
0.464855 0
1.676159 0
1.229797 0
0.140939 0
0.039896 0
1.350868 0
0.461329 0
1.178935 0
1.416086 0
0.229264 0
0.521797 0
0.409183 0
0.038524 0
0.646989 0
0.564797 0
0.221086 0
0.128696 0
1.107301 0
0.537417 0
0.829329 0
0.045525 0
0.534946 0
0.322094 0
0.304833 0
0.015585 0
0.086136 0
0.225640 0
0.380234 0
0.396139 0
0.662946 0
0.342785 0
0.058118 0
0.860983 0
0.327938 0
0.718601 0
1.626657 0
0.128679 0
0.114047 0
0.124297 0
0.228476 0
0.967967 0
0.088867 0
1.065534 0
0.020830 0
0.416021 0
0.583439 0
1.410161 0
0.646426 0
0.161714 0
0.016256 0
0.820164 0
0.043936 0
1.232626 0
0.092273 0
0.161291 0
0.092559 0
0.351418 0
0.345759 0
0.545943 0
0.168514 0
0.318372 0
0.485200 0
0.797856 0
1.293158 0
0.557417 0
0.477733 0
0.504843 0
1.270161 0
0.218858 0
1.325441 0
0.422855 0
0.562852 0
1.188825 0
0.344068 0
1.375914 0
0.253090 0
0.615516 0
0.271843 0
0.074382 0
0.236484 0
1.558668 0
1.331499 0
0.115451 0
1.327212 0
1.454654 0
0.483274 0
0.460615 0
0.358062 0
0.353435 0
0.959434 0
0.467672 0
0.097969 0
0.219754 0
0.272018 0
0.226444 0
0.421983 0
1.534796 0
1.089096 0
1.955640 0
0.745035 0
0.234920 0
0.200311 0
0.257346 0
0.342103 0
0.690805 0
0.016768 0
1.403588 0
1.036469 0
0.832974 0
0.553379 0
0.194822 0
0.513127 0
0.232130 0
0.055916 0
0.034670 0
0.277562 0
0.251674 0
0.813483 0
0.198829 0
0.308630 0
0.453706 0
0.022370 0
0.405127 0
0.592884 0
0.603759 0
1.398187 0
0.915400 0
0.224098 0
0.726199 0
0.388267 0
0.147922 0
0.360167 0
0.323181 0
0.100660 0
0.488972 0
0.767266 0
0.089231 0
0.319833 0
0.406094 0
0.364907 0
0.631227 0
1.364837 0
0.238340 0
0.106489 0
0.044215 0
0.382708 0
0.056868 0
0.314416 0
0.319935 0
0.896744 0
0.978395 0
0.382105 0
0.306112 0
1.373126 0
0.157444 0
0.022635 0
1.190130 0
1.294602 0
0.247519 0
0.016177 0
1.219113 0
0.644572 0
0.401557 0
0.301774 0
1.254960 0
1.122388 0
0.481494 0
0.293126 0
0.087395 0
0.287410 0
0.068145 0
0.562907 0
0.242384 0
0.163643 0
1.427744 0
1.011239 0
0.346884 0
0.038379 0
0.756026 0
1.160931 0
0.091211 0
0.203926 0
1.531120 0
0.098452 0
0.086835 0
0.552473 0
0.346204 0
0.125288 0
0.036339 0
0.998617 0
0.133308 0
0.066663 0
0.323906 0
0.322725 0
0.045379 0
0.687518 0
0.048831 0
0.106403 0
0.361819 0
0.124909 0
1.176000 0
0.560339 0
0.244093 0
0.848266 0
0.185031 0
0.574394 0
0.166218 0
2.081578 0
0.393936 0
0.277980 0
0.119860 0
1.129338 0
0.076709 0
0.381729 0
1.407802 0
0.751328 0
0.246662 0
0.528936 0
0.813534 0
0.270633 0
0.275987 0
0.947878 0
1.678909 0
0.252393 0
0.160524 0
0.613574 0
0.092903 0
0.191511 0
0.236798 0
0.536528 0
0.282837 0
0.486386 0
0.062490 0
0.005665 0
1.282966 0
0.140988 0
0.560881 0
0.023112 0
0.301556 0
0.084715 0
0.067916 0
0.359081 0
0.291814 0
0.118888 0
1.628567 0
0.171922 0
0.001316 0
1.465063 0
0.553337 0
0.595297 0
1.080623 0
0.883332 0
0.477692 0
0.306805 0
0.738639 0
0.148479 0
0.183083 0
0.074255 0
0.500850 0
0.104442 0
0.198357 0
0.502376 0
1.055457 0
0.033360 0
0.413761 0
0.509311 0
1.061705 0
0.210107 0
0.104797 0
0.441881 0
1.160169 0
0.032789 0
0.304355 0
0.579693 0
0.576066 0
0.054643 0
0.107676 0
0.094080 0
0.039686 0
0.479986 0
0.058908 0
1.417833 0
0.023613 0
0.097747 0
0.807097 0
0.293055 0
0.704144 0
0.116587 0
0.749423 0
1.114859 0
0.833384 0
0.185756 0
0.699215 0
0.054145 0
0.143876 0
0.144671 0
0.075490 0
0.014687 0
0.537133 0
0.505683 0
0.418750 0
0.637246 0
0.633926 0
0.429273 0
0.162867 0
1.011146 0
0.301592 0
0.739888 0
0.312013 0
0.922344 0
0.276782 0
0.463846 0
0.953358 0
1.004950 0
0.161899 0
0.104077 0
0.057374 0
0.952233 0
1.014650 0
0.664356 0
0.434224 0
0.193279 0
1.301072 0
0.365972 0
0.326480 0
0.118749 0
0.209872 0
0.033509 0
0.067674 0
0.384655 0
0.008246 0
0.136234 0
0.173708 0
0.645117 0
1.780817 0
0.008927 0
0.419648 0
0.536239 0
0.098511 0
0.034948 0
0.244354 0
0.119462 0
0.138023 0
0.310075 0
0.746384 0
0.177771 0
0.280560 0
0.639848 0
0.701669 0
0.562139 0
0.213766 0
0.950385 0
0.084132 0
0.295020 0
0.145336 0
0.397219 0
0.653412 0
0.982494 0
0.108795 0
1.053383 0
1.133761 0
0.584459 0
0.441679 0
0.239947 0
0.710041 0
0.384323 0
0.200646 0
0.589903 0
0.261645 0
0.365410 0
0.437120 0
0.386727 0
0.186592 0
0.234248 0
0.457753 0
0.588843 0
0.126785 0
1.944358 0
0.056723 0
0.080188 0
0.162842 0
0.246819 0
0.419164 0
0.051871 0
0.105146 0
0.772560 0
0.155578 0
0.335028 0
0.305889 0
0.487878 0
0.268574 0
0.172080 0
0.018011 0
2.244394 0
1.366146 0
1.141263 0
1.495694 0
0.442651 0
0.167479 0
0.055799 0
0.205801 0
0.118796 0
0.267480 0
0.172934 0
0.086548 0
0.195443 0
1.448081 0
0.231222 0
0.020696 0
1.706769 0
0.485588 0
0.412435 0
0.494090 0
0.712159 0
0.622440 0
0.089373 0
1.403778 0
0.308959 0
0.280591 0
0.012449 0
0.877108 0
0.064350 0
0.395991 0
0.559317 0
0.212639 0
0.601240 0
0.216620 0
0.710469 0
0.649795 0
0.872976 0
0.158214 0
0.197223 0
0.660926 0
0.349410 0
0.669159 0
0.238034 0
0.196208 0
0.197791 0
0.537642 0
0.339006 0
0.367666 0
0.535308 0
1.549471 0
0.652975 0
0.799281 0
0.290711 0
0.562022 0
0.145779 0
0.082637 0
0.021689 0
0.193728 0
0.362309 0
0.343318 0
0.028996 0
0.377664 0
0.491372 0
0.218924 0
0.916476 0
0.878218 0
0.386904 0
1.126409 0
0.121526 0
0.457365 0
0.494327 0
2.347619 0
1.485888 0
0.190555 0
0.219995 0
0.246063 0
1.045220 0
0.332179 0
1.392563 0
0.533356 0
0.227135 0
0.438817 0
0.367799 0
0.080710 0
0.045924 0
0.431286 0
0.743723 0
0.027060 0
0.326921 0
0.308699 0
1.665146 0
0.232394 0
0.119126 0
0.881415 0
0.035780 0
0.630791 0
0.291481 0
0.857055 0
0.073086 0
0.206460 0
0.133975 0
0.141443 0
0.886693 0
0.841405 0
0.348759 0
0.053106 0
0.199386 0
0.022205 0
0.437472 0
1.764376 0
1.477896 0
0.971197 0
0.518174 0
1.703418 0
0.521083 0
0.118361 0
0.720353 0
0.130941 0
1.608409 0
0.281610 0
0.229168 0
0.752388 0
1.673828 0
0.771605 0
0.036980 0
1.477236 0
0.083832 0
0.092926 0
0.319757 0
0.262482 0
0.626425 0
0.469357 0
0.086957 0
0.605265 0
0.627236 0
0.554369 0
0.668277 0
1.348981 0
0.974745 0
0.168333 0
0.483242 0
0.271175 0
2.157692 0
0.193639 0
0.172798 0
0.410608 0
0.606375 0
0.031744 0
0.180779 0
0.055513 0
0.381200 0
0.201344 0
0.158073 0
0.479177 0
1.435625 0
0.141490 0
1.024353 0
0.038903 0
0.233769 0
0.899057 0
0.889372 0
0.210666 0
0.994759 0
0.104804 0
0.494449 0
0.318242 0
0.254516 0
1.736236 0
0.316780 0
0.745088 0
0.691532 0
0.667414 0
1.461362 0
0.881363 0
0.579472 0
0.671031 0
0.800510 0
1.619962 0
0.951653 0
0.180455 0
0.130809 0
0.959875 0
0.255860 0
0.451091 0
0.245308 0
0.485174 0
0.750496 0
0.106108 0
0.997292 0
0.650467 0
0.221310 0
0.236302 0
0.860285 0
0.038520 0
0.188661 0
0.729625 0
0.834661 0
0.151512 0
0.336341 0
0.225044 0
0.660176 0
0.524029 0
0.445519 0
0.173198 0
0.761533 0
0.228716 0
0.498003 0
0.534328 0
0.604520 0
0.635224 0
0.327047 0
0.622072 0
0.486283 0
0.661523 0
0.492669 0
0.065407 0
0.262296 0
0.055212 0
0.195320 0
0.242223 0
1.444736 0
0.364079 0
0.038912 0
1.210383 0
0.580764 0
0.293967 0
0.076671 0
0.490727 0
0.127381 0
0.153843 0
0.191769 0
0.330918 0
0.504646 0
0.432678 0
0.429679 0
1.146841 0
0.064986 0
0.040363 0
0.351953 0
0.392401 0
0.004160 0
0.098601 0
0.824837 0
0.502229 0
0.669596 0
0.137369 0
1.507286 0
0.223949 0
0.341544 0
0.133834 0
0.247127 0
0.412709 0
0.875574 0
0.072106 0
0.049927 0
0.155656 0
0.009577 0
0.802442 0
0.175161 0
0.002713 0
0.297929 0
0.224754 0
0.878921 0
0.132105 0
0.482098 0
0.415381 0
0.461414 0
0.841193 0
0.302792 0
0.047832 0
0.550409 0
1.386580 0
0.118607 0
1.121444 0
0.856209 0
0.238046 0
1.380177 0
0.789083 0
0.608219 0
0.362393 0
0.513151 0
0.969156 0
0.082052 0
0.346469 0
0.603063 0
0.336374 0
0.557047 0
0.755278 0
0.622802 0
0.551608 0
0.593999 0
0.621008 0
0.357222 0
0.182353 0
0.050673 0
0.556058 0
0.308157 0
0.481806 0
0.063614 0
0.219698 0
0.266726 0
0.643372 0
0.262761 0
0.232241 0
0.220628 0
0.266707 0
0.235190 0
0.706877 0
0.070953 0
0.749984 0
1.687505 0
0.131412 0
0.127827 0
0.254803 0
1.536273 0
0.078494 0
0.122339 0
0.620472 0
0.054521 0
0.085343 0
0.173923 0
0.150228 0
0.184639 0
1.450901 0
0.582089 0
0.447324 0
1.088211 0
0.018060 0
1.234884 0
0.812575 0
0.478263 0
1.090918 0
0.400249 0
0.562452 0
0.515481 0
0.679719 0
0.542697 0
0.127938 0
0.239690 0
0.061758 0
0.006538 0
0.412442 0
0.225929 0
0.050365 0
0.558235 0
1.682578 0
0.424976 0
0.340063 0
0.751557 0
0.989442 0
0.787830 0
0.322003 0
0.378692 0
0.522183 0
0.096213 0
0.650564 0
0.463442 0
0.177275 0
0.069239 0
0.294158 0
1.368625 0
0.082239 0
1.625195 0
0.994709 0
0.765515 0
0.383892 0
1.299056 0
0.757431 0
0.577312 0
0.006537 0
0.030278 0
0.200046 0
0.572521 0
0.247147 0
0.918817 0
0.219374 0
0.523441 0
0.815643 0
0.089952 0
0.270908 0
0.506936 0
0.840333 0
0.240038 0
0.514520 0
0.608995 0
0.667174 0
0.521677 0
0.712450 0
0.164721 0
0.089982 0
0.572698 0
0.102147 0
0.233821 0
1.015700 0
0.264384 0
1.120109 0
0.338789 0
0.786187 0
0.043984 0
0.247549 0
0.532337 0
0.063911 0
0.048163 0
0.799229 0
0.573863 0
1.189199 0
0.130343 0
0.021865 0
1.194050 0
0.665793 0
0.051117 0
0.660822 0
0.230620 0
0.567781 0
0.046349 0
0.667005 0
0.112368 0
0.089770 0
0.092006 0
0.340155 0
0.872437 0
0.176336 0
1.080724 0
0.032288 0
0.067952 0
0.197163 0
0.603052 0
0.285194 0
1.499902 0
0.031327 0
0.890809 0
0.430811 0
0.213201 0
0.085340 0
0.315366 0
0.313169 0
0.353616 0
1.641255 0
0.452874 0
0.448010 0
0.099872 0
0.417687 0
0.291776 0
0.093565 0
0.066206 0
0.132414 0
1.414014 0
1.676480 0
0.570394 0
0.288695 0
0.214736 0
0.256431 0
0.574413 0
1.602197 0
0.174324 0
0.331115 0
0.089418 0
0.038186 0
0.376384 0
0.231112 0
0.544811 0
1.227453 0
0.303283 0
0.129449 0
0.301106 0
0.243644 0
0.204149 0
1.462430 0
0.111932 0
0.238789 0
0.408395 0
0.033667 0
0.055924 0
0.398502 0
0.759701 0
0.023430 0
0.528406 0
0.452518 0
0.101132 0
1.140380 0
0.068299 0
0.571099 0
0.991571 0
0.536627 0
1.438505 0
0.584634 0
1.243746 0
0.461711 0
0.112585 0
0.514846 0
0.319169 0
0.095471 0
2.014097 0
0.291227 0
0.045516 0
0.099760 0
0.192350 0
0.226735 0
0.172864 0
0.215554 0
0.241619 0
0.279094 0
0.308005 0
0.143765 0
0.165441 0
0.677122 0
0.744260 0
1.158888 0
0.166577 0
0.424233 0
0.261758 0
0.515540 0
0.523083 0
0.901071 0
0.025256 0
0.015967 0
0.439360 0
0.783336 0
0.379992 0
0.011837 0
0.515673 0
1.468508 0
0.057098 0
0.012422 0
0.240370 0
0.243881 0
0.367527 0
1.482480 0
1.418324 0
0.174434 0
0.074399 0
0.682447 0
0.923789 0
0.431941 0
1.192204 0
0.135087 0
1.601512 0
0.127177 0
0.385087 0
0.183682 0
0.351822 0
0.131092 0
0.069718 0
0.939089 0
0.409278 0
0.191503 0
0.660245 0
0.137547 0
0.082395 0
0.278776 0
0.282815 0
0.533024 0
0.158296 0
1.168834 0
0.246633 0
0.500603 0
0.128153 0
0.296243 0
0.537857 0
0.092113 0
0.480295 0
0.032127 0
0.064199 0
0.406127 0
0.642026 0
1.211127 0
1.402355 0
0.749775 0
0.125363 0
0.046596 0
0.816640 0
0.049117 0
0.119970 0
0.455696 0
0.854790 0
0.584982 0
1.336685 0
0.223428 0
0.221837 0
0.514480 0
0.963170 0
0.310650 0
0.237393 0
0.196113 0
0.159406 0
0.614293 0
0.353989 0
0.091402 0
0.327942 0
0.597887 0
1.366730 0
0.109128 0
0.042584 0
0.970509 0
0.030240 0
0.146437 0
0.054664 0
0.326634 0
0.044794 0
0.075332 0
1.142936 0
0.733317 0
0.513819 0
0.174461 0
0.177080 0
0.529393 0
0.957282 0
1.415104 0
0.039359 0
0.378041 0
0.157395 0
1.337177 0
0.710418 0
1.286619 0
0.479635 0
0.528484 0
0.033570 0
0.432271 0
0.214875 0
0.787414 0
0.132534 0
0.030095 0
0.210608 0
0.037873 0
0.133080 0
1.068192 0
0.007532 0
0.834197 0
0.048058 0
0.618701 0
0.031514 0
1.595054 0
1.352334 0
0.326448 0
0.163245 0
0.051064 0
0.056389 0
1.360163 0
1.716632 0
0.042507 0
0.109491 0
0.498663 0
0.169411 0
0.626326 0
1.311939 0
0.201537 0
0.464907 0
0.210029 0
0.131483 0
0.803436 0
1.434603 0
0.417095 0
0.393899 0
0.091094 0
0.696357 0
0.077987 0
0.306927 0
0.076363 0
0.366529 0
0.487035 0
0.480647 0
0.085976 0
0.121793 0
0.263968 0
0.667202 0
0.042648 0
0.543873 0
0.266035 0
0.341701 0
0.049822 0
0.053714 0
0.189118 0
0.004541 0
0.765738 0
0.729213 0
0.140160 0
1.111134 0
1.124246 0
0.847084 0
0.625076 0
1.604466 0
1.284370 0
0.548879 0
0.922140 0
0.363046 0
0.297142 0
0.697379 0
0.621650 0
0.714743 0
1.224574 0
1.009166 0
0.864492 0
0.224877 0
0.053852 0
1.263813 0
0.892513 0
0.058728 0
0.134224 0
0.025038 0
0.109371 0
0.145335 0
0.031706 0
0.154651 0
0.215709 0
0.080912 0
0.075631 0
0.551726 0
0.117827 0
0.797151 0
0.076806 0
0.432093 0
0.941263 0
0.563784 0
0.815676 0
0.122622 0
0.084025 0
0.159936 0
1.231454 0
0.248735 0
0.215278 0
0.445941 0
0.119182 0
0.556039 0
0.027709 0
0.651822 0
0.033726 0
0.858798 0
0.026965 0
1.453445 0
1.593282 0
0.178625 0
0.185544 0
0.017364 0
1.268862 0
0.121166 0
1.029190 0
0.062117 0
0.234061 0
1.616348 0
0.300388 0
0.371607 0
0.250802 0
0.029938 0
0.201541 0
0.124566 0
0.882321 0
0.742024 0
0.050478 0
0.886424 0
0.125815 0
1.453694 0
0.720605 0
1.796063 0
0.126505 0
0.008099 0
0.678004 0
1.076755 0
0.089686 0
0.516274 0
0.009640 0
1.943951 0
0.011828 0
0.053893 0
0.005409 0
0.406841 0
0.392326 0
1.362877 0
0.003707 0
0.491178 0
0.194614 0
0.115979 0
0.166108 0
0.319214 0
0.160860 0
0.127447 0
0.735754 0
1.794818 0
0.504888 0
1.124640 0
0.486910 0
0.428006 0
0.119962 0
0.682437 0
0.171763 0
0.985948 0
0.126299 0
0.128058 0
0.069018 0
0.614562 0
0.079368 0
0.439797 0
0.074068 0
0.344296 0
1.368736 0
0.288211 0
0.477176 0
0.221592 0
1.212979 0
0.243596 0
1.376064 0
0.120538 0
0.437598 0
0.237863 0
0.064135 0
0.383475 0
0.248794 0
0.273464 0
0.628156 0
0.134750 0
0.457582 0
1.169513 0
1.742364 0
0.254108 0
0.236562 0
0.135812 0
0.729741 0
0.388678 0
0.626117 0
0.060125 0
0.197549 0
0.020097 0
0.440565 0
0.175966 0
0.178316 0
1.026859 0
0.716146 0
0.643893 0
0.059220 0
0.041976 0
0.360511 0
0.472194 0
0.446759 0
0.332400 0
0.820502 0
0.374483 0
0.607169 0
0.533584 0
0.808306 0
1.454572 0
0.091575 0
0.275464 0
0.331112 0
0.218707 0
0.093693 0
0.495138 0
0.651523 0
1.383756 0
1.391723 0
0.367831 0
0.003318 0
0.110031 0
0.188307 0
1.007306 0
0.027673 0
0.718520 0
0.116440 0
0.350983 0
0.705502 0
0.512581 0
0.190715 0
0.088532 0
0.999455 0
0.030665 0
0.545009 0
0.974442 0
0.097758 0
0.357620 0
1.432689 0
0.238497 0
0.194758 0
0.832653 0
0.214606 0
0.431420 0
1.243100 0
0.138422 0
0.705753 0
0.771541 0
1.267920 0
0.141873 0
0.020644 0
0.052279 0
0.896732 0
0.366317 0
0.161063 0
0.057862 0
0.411116 0
0.238780 0
0.475128 0
0.608065 0
0.925055 0
0.326206 0
0.361115 0
0.380036 0
0.324531 0
0.212945 0
1.471070 0
0.276868 0
1.875065 0
0.055531 0
0.756044 0
0.564066 0
1.092300 0
0.147201 0
0.227180 0
0.381549 0
0.057033 0
0.921539 0
0.136234 0
0.157785 0
0.175113 0
0.329420 0
0.582667 0
0.072281 0
0.041134 0
0.114600 0
1.483055 0
0.170970 0
1.722502 0
0.019298 0
0.298753 0
0.644960 0
0.590531 0
0.296326 0
0.328770 0
1.197044 0
0.622832 0
0.018343 0
0.945480 0
0.996279 0
1.433394 0
0.029106 0
0.066398 0
0.251232 0
0.016314 0
0.214311 0
0.233336 0
0.232409 0
0.117187 0
1.204498 0
1.364572 0
0.472948 0
0.329503 0
0.061389 0
0.084370 0
0.265227 0
0.303447 0
0.391487 0
0.998864 0
0.694035 0
0.465158 0
0.322392 0
0.052137 0
0.246954 0
0.208152 0
1.486853 0
1.431850 0
0.611869 0
0.477850 0
0.419945 0
0.139680 0
1.113353 0
1.680696 0
0.650398 0
0.136850 0
0.460743 0
0.066282 0
1.445582 0
0.104525 0
0.329928 0
0.039105 0
1.071049 0
0.950883 0
0.903746 0
0.110105 0
0.041091 0
0.772227 0
0.054152 0
0.135324 0
0.230946 0
0.206638 0
0.253336 0
0.459953 0
1.208593 0
0.001444 0
0.773967 0
0.948383 0
1.274841 0
0.756674 0
0.234134 0
0.726795 0
1.454188 0
0.564680 0
1.384503 0
0.923025 0
1.331856 0
1.143929 0
0.701833 0
0.714347 0
1.677322 0
0.526533 0
0.362892 0
0.453884 0
1.066603 0
0.383242 0
0.719459 0
1.364263 0
0.109532 0
0.975437 0
0.166630 0
0.489076 0
0.635314 0
0.743751 0
0.313160 0
0.463291 0
0.625142 0
1.318695 0
0.397749 0
0.346256 0
1.080327 0
0.329767 0
0.328169 0
0.447447 0
0.159745 0
0.199054 0
0.211364 0
0.627568 0
0.168364 0
0.076026 0
0.120903 0
0.020236 0
0.413188 0
1.608691 0
0.035841 0
0.188898 0
0.407575 0
0.389748 0
0.851115 0
0.046431 0
0.384933 0
0.101653 0
0.028144 0
0.266176 0
0.023850 0
0.263424 0
0.390164 0
0.231148 0
0.878849 0
0.273855 0
1.157265 0
1.259782 0
0.248229 0
0.480862 0
1.682235 0
0.728403 0
0.116131 0
0.633449 0
0.665713 0
0.839819 0
0.193036 0
1.374225 0
0.241267 0
0.178026 0
0.508240 0
0.636568 0
0.225084 0
0.586249 0
0.096446 0
0.021545 0
0.319171 0
0.389946 0
1.038944 0
0.553936 0
0.731860 0
0.339403 0
1.409910 0
0.826680 0
0.122782 0
0.078122 0
0.103580 0
0.448763 0
0.997277 0
0.408904 0
0.542619 0
0.485567 0
0.391589 0
0.538062 0
0.200307 0
0.133246 0
1.724145 0
0.572892 0
0.177217 0
0.211611 0
0.055822 0
1.365641 0
0.051607 0
0.477131 0
0.232358 0
1.360152 0
0.026646 0
0.032804 0
1.010013 0
0.340700 0
0.273928 0
0.192730 0
0.028744 0
0.112639 0
0.231786 0
0.939195 0
1.462297 0
0.471522 0
0.543299 0
1.124177 0
0.620838 0
1.383646 0
0.564627 0
1.405305 0
0.182719 0
0.226022 0
0.392307 0
0.115794 0
0.665688 0
0.055295 0
0.248575 0
0.532030 0
0.291346 0
0.557014 0
0.937895 0
1.392698 0
0.009965 0
0.953093 0
0.662334 0
1.148678 0
1.020560 0
0.275183 0
0.159766 0
0.406431 0
0.319815 0
0.190177 0
0.627035 0
0.273959 0
0.316538 0
0.177575 0
1.491704 0
1.909067 0
0.430345 0
0.012005 0
0.199185 0
0.144082 0
0.221340 0
0.070631 0
0.158871 0
0.815589 0
0.508242 0
0.044658 0
0.388659 0
0.632157 0
1.536445 0
0.601474 0
0.464720 0
1.215821 0
0.166319 0
0.590048 0
0.717707 0
0.873142 0
0.343483 0
0.022512 0
0.480844 0
0.160242 0
1.411778 0
0.134990 0
0.104715 0
0.322691 0
1.199414 0
0.090034 0
0.481354 0
1.348824 0
0.660429 0
1.084290 0
0.083896 0
0.672463 0
0.353602 0
0.042948 0
0.728934 0
0.440335 0
0.112301 0
0.432285 0
0.204604 0
1.373499 0
0.225854 0
0.555817 0
0.289347 0
0.259380 0
0.152356 0
0.572219 0
0.181222 0
0.142325 0
0.092204 0
0.145315 0
0.295035 0
0.127181 0
0.144057 0
0.573094 0
1.440095 0
0.147990 0
0.308834 0
0.049777 0
0.101123 0
0.316773 0
0.052733 0
0.455527 0
1.811219 0
0.961349 0
0.157089 0
0.378829 0
0.598660 0
0.024285 0
0.918152 0
0.357486 0
0.250334 0
0.746382 0
0.100462 0
0.129524 0
0.116944 0
0.204817 0
0.236444 0
0.250655 0
0.186096 0
0.123137 0
0.017248 0
0.090912 0
0.680112 0
0.124428 0
0.037379 0
0.213628 0
0.121098 0
0.114563 0
0.359019 0
0.317240 0
1.074118 0
0.829033 0
0.020979 0
0.957268 0
0.698862 0
0.497586 0
1.195918 0
0.384784 0
0.974574 0
0.533611 0
0.220884 0
0.136722 0
0.037036 0
0.473643 0
0.146870 0
0.142072 0
1.143811 0
0.310307 0
0.256980 0
0.836837 0
0.088340 0
1.573118 0
0.536461 0
1.168707 0
0.992342 0
0.050770 0
0.849114 0
0.067967 0
0.100413 0
0.172825 0
0.160136 0
0.405824 0
0.321205 0
0.598853 0
0.204098 0
0.363639 0
0.127088 0
0.258717 0
0.312041 0
0.981350 0
1.099572 0
0.411098 0
0.517682 0
0.830851 0
0.849911 0
0.127197 0
0.426516 0
0.037230 0
0.022272 0
0.242383 0
0.577730 0
0.159040 0
0.037415 0
0.463271 0
0.356388 0
0.456696 0
0.528762 0
1.448015 0
0.070910 0
0.317073 0
0.179472 0
0.194098 0
0.611540 0
0.129134 0
1.087657 0
0.354812 0
1.076362 0
0.076727 0
0.058301 0
0.151536 0
0.241165 0
0.990972 0
0.116022 0
0.691571 0
0.109622 0
0.123057 0
0.091435 0
0.055547 0
0.524618 0
1.313591 0
1.106139 0
0.140748 0
0.700539 0
0.024884 0
0.034801 0
0.178020 0
0.432305 0
0.278292 0
0.014930 0
0.736297 0
0.435261 0
1.207655 0
0.507126 0
0.921352 0
0.560479 0
0.034758 0
0.156740 0
0.177086 0
0.302168 0
1.005957 0
0.137630 0
0.918150 0
0.185557 0
0.411366 0
0.328905 0
0.155317 0
0.249631 0
0.045686 0
0.444277 0
0.158432 0
1.017813 0
0.987778 0
0.311364 0
0.527283 0
0.057921 0
1.817555 0
0.789088 0
0.774327 0
0.029686 0
0.523128 0
0.591820 0
0.290473 0
0.305482 0
0.533252 0
0.157847 0
1.005361 0
0.237105 0
0.620998 0
2.001525 0
0.859131 0
0.444872 0
1.934505 0
0.093115 0
0.084081 0
1.583355 0
1.347110 0
0.440146 0
0.222723 0
0.380338 0
0.230714 0
1.112929 0
0.668375 0
0.378887 0
0.053116 0
1.440369 0
1.188004 0
0.172798 0
2.491700 0
0.998462 0
1.066773 0
0.580775 0
0.191899 0
0.099161 0
0.127200 0
0.740528 0
0.569292 0
0.633255 0
0.597661 0
0.322570 0
0.316102 0
0.520558 0
0.303543 0
0.451053 0
0.747059 0
1.133860 0
0.250605 0
1.018146 0
0.488856 0
0.285304 0
0.103461 0
0.521357 0
0.390421 0
0.417347 0
0.374918 0
0.386506 0
0.402921 0
0.519374 0
0.054160 0
0.438514 0
0.803420 0
0.091339 0
1.419650 0
0.236628 0
0.206122 0
0.235128 0
0.489612 0
0.396164 0
0.579158 0
0.319942 0
0.803020 0
0.564686 0
0.250564 0
0.149043 0
0.159121 0
0.042701 0
0.120775 0
0.479042 0
0.440701 0
0.181173 0
0.596101 0
0.252952 0
0.056983 0
0.130277 0
0.717752 0
0.218182 0
0.137785 0
0.176930 0
0.204020 0
0.129838 0
0.057887 0
0.567781 0
0.541110 0
0.628450 0
1.335912 0
0.809437 0
0.950908 0
0.075787 0
0.199795 0
0.611471 0
1.499761 0
0.801909 0
0.665987 0
0.423121 0
0.016494 0
0.537388 0
0.250161 0
0.174263 0
0.751564 0
0.909966 0
0.160856 0
0.223196 0
0.934661 0
0.568048 0
0.314490 0
0.681026 0
0.850747 0
1.918718 0
0.214923 0
0.628749 0
0.930192 0
0.568831 0
1.608832 0
0.003209 0
0.355756 0
0.637222 0
1.371330 0
0.558154 0
0.400090 0
1.109227 0
0.353614 0
1.684482 0
1.120396 0
0.171482 0
0.121721 0
0.213634 0
0.099449 0
0.099261 0
0.606562 0
0.094873 0
0.478889 0
0.176633 0
0.108099 0
0.612213 0
0.041382 0
1.100027 0
1.237424 0
0.071477 0
0.109616 0
0.037050 0
0.859313 0
0.160688 0
0.195518 0
0.040592 0
0.614860 0
0.694122 0
1.241571 0
0.047313 0
1.197023 0
0.231312 0
0.252905 0
0.292615 0
0.368137 0
0.207412 0
0.464191 0
1.393824 0
0.031161 0
0.427839 0
0.061056 0
0.184156 0
0.778295 0
0.073572 0
0.260782 0
0.030203 0
0.604651 0
0.149462 0
0.518345 0
0.500891 0
0.620651 0
1.635222 0
0.268371 0
0.522207 0
1.545224 0
0.597194 0
0.360987 0
0.566154 0
0.095897 0
0.272351 0
0.486551 0
0.163263 0
0.029259 0
0.134127 0
0.276460 0
0.391833 0
0.211487 0
0.756407 0
0.161289 0
0.098537 0
0.414605 0
0.749649 0
0.140540 0
0.161030 0
1.361795 0
1.580723 0
1.223845 0
0.220483 0
0.315736 0
1.159691 0
0.198961 0
0.790041 0
0.480090 0
0.225045 0
0.839025 0
0.613779 0
0.249287 0
0.661824 0
0.301294 0
0.165066 0
0.080448 0
0.103984 0
1.485175 0
1.087990 0
0.580097 0
0.022642 0
0.826109 0
0.689148 0
0.179018 0
0.059205 0
1.748597 0
0.056139 0
0.203717 0
1.280370 0
0.237469 0
1.746835 0
0.629443 0
1.324350 0
0.029734 0
0.073746 0
0.055489 0
0.571527 0
0.124560 0
0.130307 0
0.656261 0
0.422564 0
0.578686 0
0.474007 0
1.403948 0
0.265119 0
0.966924 0
0.069133 0
1.482439 0
0.606239 0
0.209784 0
0.319550 0
0.560445 0
0.290612 0
0.643117 0
0.176520 0
0.110714 0
0.471211 0
0.140850 0
0.783675 0
0.004070 0
0.487382 0
0.454942 0
0.505162 0
0.137800 0
1.514002 0
0.474963 0
0.307262 0
0.140998 0
0.303382 0
0.062906 0
1.274477 0
1.759220 0
0.277255 0
0.458844 0
0.013254 0
0.655227 0
0.061475 0
1.523510 0
0.546883 0
0.480160 0
0.254024 0
0.552974 0
0.235818 0
0.138542 0
0.463180 0
0.407996 0
0.739270 0
0.731019 0
0.293074 0
0.576968 0
0.227824 0
0.290733 0
0.073081 0
1.751300 0
0.550576 0
0.385498 0
0.846812 0
0.287689 0
0.459518 0
1.390040 0
0.796778 0
0.350992 0
0.207020 0
1.004801 0
0.405682 0
1.063134 0
0.079536 0
0.260136 0
1.142511 0
0.125039 0
0.612016 0
0.216215 0
0.169622 0
0.327055 0
0.301850 0
0.108529 0
0.890772 0
1.088112 0
0.559228 0
0.646363 0
0.319910 0
1.030751 0
0.073111 0
0.307158 0
0.036216 0
0.171293 0
0.793933 0
0.638920 0
0.036830 0
0.090056 0
0.256715 0
1.459904 0
0.391571 0
1.093637 0
0.058091 0
0.842590 0
0.066104 0
1.654039 0
0.049600 0
1.006269 0
0.091084 0
0.081628 0
1.011388 0
0.661025 0
0.107330 0
0.137019 0
0.560764 0
0.765255 0
0.378438 0
0.228923 0
0.142369 0
0.938581 0
0.554192 0
0.093911 0
1.420052 0
0.633271 0
0.306420 0
0.758475 0
0.013040 0
0.897463 0
0.084639 0
1.593762 0
0.880421 0
0.529234 0
0.289624 0
0.795402 0
0.044546 0
0.455168 0
0.553712 0
0.399112 0
0.221402 0
0.184218 0
1.759830 0
0.004084 0
0.340549 0
0.967577 0
0.149429 0
0.028169 0
0.010922 0
0.500074 0
0.188925 0
0.287849 0
0.098746 0
1.216925 0
0.166114 0
0.053428 0
0.137924 0
1.094112 0
0.580250 0
0.107147 0
0.621779 0
0.026675 0
0.798305 0
0.202100 0
0.190473 0
0.479561 0
0.709572 0
0.186169 0
0.543175 0
0.305878 0
0.486911 0
0.274825 0
0.559260 0
0.031929 0
0.400920 0
0.417329 0
0.834410 0
0.342325 0
0.075215 0
0.522961 0
0.001129 0
1.369188 0
0.559106 0
0.508780 0
0.581882 0
1.631331 0
0.906173 0
0.767141 0
1.398404 0
1.122087 0
0.141719 0
0.048779 0
0.932331 0
0.690745 0
0.871123 0
0.749427 0
0.820609 0
1.219025 0
0.051706 0
1.001602 0
0.029377 0
0.363686 0
0.188057 0
0.089889 0
1.520391 0
0.268747 0
0.054226 0
0.111231 0
0.075296 0
0.238696 0
1.379055 0
0.616552 0
0.389956 0
0.899774 0
0.107412 0
0.283010 0
0.888190 0
0.315238 0
1.505521 0
1.073437 0
0.247112 0
0.601422 0
0.467502 0
0.145331 0
0.132624 0
0.457807 0
0.361628 0
0.768318 0
0.901844 0
1.444220 0
0.140606 0
0.259013 0
0.129756 0
0.637015 0
0.274933 0
0.026332 0
0.255646 0
0.095646 0
1.109103 0
0.100153 0
0.977126 0
0.260581 0
1.050109 0
0.288253 0
0.052922 0
0.291221 0
0.008495 0
0.467953 0
0.192422 0
0.546604 0
0.128034 0
0.652021 0
0.080543 0
0.307564 0
0.465982 0
0.907602 0
0.467720 0
1.130447 0
0.178595 0
0.268522 0
0.782434 0
0.042742 0
0.086876 0
0.054031 0
0.081780 0
0.363561 0
0.700594 0
0.417674 0
0.148041 0
0.045542 0
0.117212 0
0.073369 0
0.484448 0
0.385218 0
0.026160 0
0.606168 0
0.054961 0
0.125807 0
0.909411 0
0.534867 0
0.513063 0
0.471276 0
0.144359 0
0.731818 0
0.351537 0
0.165304 0
0.425163 0
0.210502 0
0.235946 0
0.432258 0
0.262236 0
0.154419 0
0.140936 0
0.067555 0
0.193400 0
0.755003 0
0.238615 0
0.385926 0
0.377889 0
0.657485 0
0.448287 0
0.825535 0
0.240716 0
0.076148 0
0.156743 0
0.409226 0
0.073809 0
0.213680 0
0.422923 0
0.133494 0
1.053260 0
0.214653 0
1.188058 0
0.491381 0
0.617775 0
0.057747 0
0.108748 0
0.710259 0
0.028029 0
0.072984 0
0.031286 0
0.174079 0
0.006897 0
0.048261 0
1.080675 0
0.077666 0
0.064057 0
0.345514 0
0.689546 0
0.222908 0
0.095311 0
0.491562 0
1.312934 0
0.275886 0
0.031594 0
0.342550 0
0.105942 0
0.262548 0
0.022103 0
0.917168 0
0.535851 0
1.475427 0
0.107961 0
0.308286 0
0.378576 0
0.178297 0
0.084176 0
0.181401 0
0.001545 0
0.276741 0
0.884427 0
0.167922 0
0.572419 0
0.732273 0
1.440284 0
0.165879 0
0.305804 0
0.898825 0
1.380206 0
0.024731 0
0.030041 0
0.338248 0
0.127004 0
0.028934 0
0.083321 0
1.207480 0
0.630060 0
0.909708 0
0.296896 0
0.228212 0
0.581336 0
0.415951 0
0.318804 0
1.433164 0
0.123631 0
1.598185 0
0.159505 0
0.163227 0
0.292564 0
0.446000 0
0.506507 0
0.303409 0
1.017043 0
0.194387 0
0.652760 0
0.045970 0
0.712298 0
0.278332 0
0.112373 0
0.134464 0
1.105833 0
0.521831 0
0.296538 0
0.146816 0
0.837090 0
0.097585 0
1.198269 0
0.288771 0
0.732587 0
0.156655 0
0.339685 0
1.062798 0
0.369964 0
0.242155 0
0.567486 0
0.932386 0
1.069375 0
0.387772 0
0.079855 0
0.481800 0
1.275301 0
0.057788 0
1.399935 0
0.739843 0
0.736980 0
0.177732 0
0.978738 0
0.455110 0
0.009691 0
0.239402 0
0.759131 0
0.080947 0
0.827993 0
0.114640 0
0.293918 0
1.148442 0
0.400151 0
0.862529 0
0.487569 0
0.623128 0
0.015994 0
0.223923 0
0.922021 0
0.029992 0
0.168808 0
0.671799 0
0.912980 0
1.225002 0
1.629731 0
0.057104 0
0.629367 0
0.025030 0
0.004608 0
0.306199 0
0.177837 0
0.585844 0
0.572635 0
0.004191 0
0.331995 0
0.244464 0
0.262397 0
0.222383 0
1.206096 0
0.035871 0
1.485626 0
0.195361 0
0.061626 0
0.559186 0
1.062674 0
0.574722 0
0.808971 0
1.041589 0
0.121144 0
0.928812 0
0.122927 0
0.806896 0
0.805921 0
1.695093 0
1.090538 0
0.599949 0
0.854197 0
1.437427 0
0.773995 0
1.368749 0
0.766177 0
0.446481 0
0.391098 0
0.291991 0
0.217820 0
0.223769 0
0.316809 0
0.290631 0
1.057341 0
0.574916 0
0.940039 0
0.374612 0
0.119465 0
1.174537 0
0.146568 0
0.299741 0
0.157664 0
0.065109 0
0.442403 0
0.048640 0
2.072480 0
0.048538 0
0.188159 0
0.075897 0
1.533935 0
0.574308 0
0.153495 0
0.044478 0
0.423479 0
0.030025 0
0.154316 0
0.966740 0
0.853880 0
0.261367 0
0.141487 0
0.161987 0
0.322580 0
0.031268 0
0.728976 0
0.299317 0
0.332593 0
0.202267 0
0.083697 0
0.694377 0
0.081123 0
0.568626 0
0.006711 0
1.596000 0
0.109859 0
1.131483 0
1.120763 0
0.178236 0
0.428821 0
0.356258 0
0.644944 0
0.606582 0
0.381226 0
0.125883 0
0.191738 0
1.478063 0
0.320123 0
0.186319 0
0.128261 0
0.184679 0
0.213337 0
0.141838 0
0.126950 0
0.098555 0
0.657107 0
0.167895 0
0.254943 0
0.043801 0
0.461179 0
0.609254 0
0.348283 0
0.656502 0
0.240045 0
0.414821 0
0.414981 0
0.232356 0
1.526837 0
0.181677 0
0.129890 0
1.008622 0
0.889777 0
0.591354 0
0.481630 0
0.917824 0
0.296284 0
0.616128 0
0.099799 0
0.654495 0
0.620494 0
1.145973 0
0.731879 0
0.650123 0
0.098435 0
0.184319 0
0.522187 0
0.513404 0
0.938820 0
0.714729 0
0.496054 0
0.216303 0
0.922644 0
0.361189 0
0.323082 0
0.216514 0
1.052327 0
1.377445 0
0.286499 0
0.276631 0
0.085849 0
0.075195 0
0.235526 0
0.862920 0
1.087803 0
0.349272 0
0.568358 0
0.057664 0
0.161047 0
0.126328 0
1.387761 0
0.193959 0
0.109967 0
0.035196 0
1.723517 0
0.625437 0
0.137478 0
0.124032 0
0.410848 0
0.135969 0
0.441601 0
0.017706 0
0.335852 0
0.294105 0
0.007688 0
0.230552 0
0.334867 0
0.998897 0
0.036765 0
0.335173 0
1.116343 0
0.239470 0
0.403863 0
0.191148 0
0.624908 0
0.182186 0
0.217403 0
0.556094 0
0.024813 0
0.257173 0
0.221630 0
0.902929 0
0.009064 0
0.071385 0
0.786177 0
1.038381 0
0.164609 0
1.010180 0
0.148431 0
0.574145 0
0.494163 0
0.268444 0
0.480598 0
0.012123 0
0.095572 0
0.138847 0
0.345367 0
0.056262 0
1.049215 0
0.250792 0
0.960497 0
1.054734 0
0.485396 0
0.028050 0
0.476413 0
0.091085 0
0.492483 0
0.151161 0
0.178524 0
0.299416 0
0.360259 0
0.181885 0
0.451227 0
1.145833 0
1.497522 0
0.160411 0
0.617545 0
0.629218 0
0.528183 0
0.127557 0
0.202817 0
1.254837 0
0.048555 0
0.257335 0
0.302788 0
1.335019 0
0.772031 0
0.021287 0
0.250817 0
0.116630 0
0.814129 0
0.018550 0
0.121060 0
0.022619 0
0.194518 0
0.905320 0
1.156941 0
1.630696 0
0.574478 0
0.399399 0
0.187836 0
0.043041 0
0.476748 0
0.354723 0
0.275716 0
0.413894 0
0.084015 0
0.367709 0
0.320691 0
0.181702 0
0.152440 0
0.305836 0
0.177163 0
0.715338 0
0.218936 0
0.016417 0
0.139182 0
1.421482 0
0.474611 0
0.687096 0
0.097925 0
1.363818 0
0.315990 0
0.400145 0
0.472267 0
0.191094 0
0.078288 0
0.882176 0
0.341413 0
0.042140 0
1.181422 0
0.327137 0
1.172539 0
0.202605 0
0.870745 0
0.965589 0
0.476751 0
0.348494 0
1.377228 0
0.127970 0
0.125529 0
1.050177 0
0.990766 0
0.035306 0
0.783721 0
0.058674 0
0.178237 0
0.781459 0
0.671942 0
0.834712 0
0.045087 0
0.734793 0
0.862512 0
0.057875 0
0.493305 0
0.154650 0
0.167965 0
1.193152 0
0.099930 0
0.076053 0
1.364983 0
1.503845 0
0.688882 0
0.297199 0
0.233605 0
1.414125 0
0.397253 0
0.942671 0
0.397693 0
1.496843 0
0.177590 0
0.073294 0
0.436906 0
0.086342 0
1.386522 0
0.365345 0
0.389169 0
0.431487 0
0.484928 0
0.127271 0
0.789092 0
1.057075 0
0.025812 0
0.790863 0
0.386020 0
0.168110 0
0.144290 0
0.226581 0
0.439737 0
0.060471 0
0.154128 0
0.457563 0
0.159618 0
0.312263 0
0.039163 0
0.656363 0
0.989133 0
0.550393 0
0.017296 0
0.481284 0
0.304605 0
0.335480 0
0.174865 0
1.181212 0
1.214237 0
0.394340 0
0.103226 0
0.082394 0
0.074311 0
0.175260 0
0.849787 0
0.973774 0
0.155846 0
1.241969 0
0.483185 0
0.451663 0
0.198119 0
0.090496 0
0.136198 0
0.441234 0
0.120795 0
0.216884 0
0.649146 0
0.149442 0
0.466045 0
0.098191 0
1.640469 0
1.103909 0
0.153013 0
0.480359 0
0.502676 0
0.022607 0
0.418064 0
0.167969 0
0.306745 0
0.311032 0
1.010067 0
0.836965 0
0.119938 0
1.423214 0
0.150408 0
0.170058 0
1.169697 0
0.080466 0
0.539780 0
0.108762 0
0.108062 0
1.462524 0
0.104005 0
0.055840 0
1.681342 0
0.115986 0
0.371070 0
0.028903 0
0.994577 0
0.572382 0
0.029328 0
0.373187 0
0.773595 0
0.178275 0
0.646624 0
0.191795 0
0.418634 0
1.428880 0
0.067213 0
0.489897 0
0.515302 0
1.412492 0
1.559893 0
0.351201 0
0.142956 0
0.351706 0
1.192705 0
0.261199 0
0.453025 0
0.047165 0
0.112477 0
0.204621 0
1.166050 0
1.642387 0
0.073374 0
1.072146 0
0.309911 0
0.261311 0
0.198954 0
0.313871 0
1.394946 0
0.593138 0
0.638217 0
1.527148 0
0.241793 0
0.568060 0
0.572985 0
1.082697 0
0.038849 0
0.522559 0
0.456743 0
0.187020 0
0.274200 0
0.380013 0
0.748921 0
0.167146 0
0.492798 0
0.502398 0
0.435063 0
1.403703 0
0.812591 0
0.656023 0
0.258094 0
0.101879 0
0.073423 0
0.266855 0
0.058571 0
0.020285 0
0.077372 0
0.749650 0
0.704608 0
0.855891 0
1.321011 0
0.006791 0
0.353845 0
0.034632 0
0.011838 0
0.138809 0
0.621348 0
1.439608 0
0.638101 0
1.009386 0
0.830928 0
0.831157 0
0.595460 0
0.006230 0
0.626702 0
0.006937 0
0.465538 0
1.165721 0
0.193030 0
0.460084 0
1.472972 0
0.925810 0
0.026921 0
0.044584 0
0.392296 0
0.078620 0
0.019493 0
0.641175 0
0.789002 0
0.457624 0
0.364533 0
0.937536 0
0.321741 0
0.148077 0
0.123677 0
0.032932 0
0.830420 0
1.602438 0
1.551865 0
0.602019 0
1.422712 0
1.031824 0
1.026091 0
1.274430 0
0.515637 0
0.279663 0
0.823768 0
1.207040 0
0.438214 0
0.416120 0
0.209461 0
0.974014 0
0.140641 0
0.200499 0
0.116542 0
0.163304 0
0.275161 0
0.958183 0
0.797298 0
1.382331 0
0.106269 0
1.407925 0
0.764065 0
0.380122 0
1.359140 0
0.063477 0
0.376301 0
1.644890 0
1.567533 0
0.538206 0
0.375478 0
0.564379 0
0.015313 0
0.852457 0
0.668119 0
0.067878 0
0.389316 0
0.084771 0
0.790743 0
0.832523 0
0.284090 0
1.087651 0
0.254602 0
0.562727 0
0.012812 0
0.166502 0
0.156228 0
0.341230 0
0.243675 0
0.699846 0
1.659607 0
0.145039 0
0.198637 0
0.294944 0
0.195765 0
1.068642 0
0.169626 0
0.482338 0
0.111282 0
0.815131 0
0.079128 0
0.550961 0
0.391026 0
0.612547 0
0.736158 0
0.433273 0
0.141058 0
0.281647 0
0.035900 0
0.126174 0
0.166992 0
0.215079 0
0.460592 0
0.397414 0
0.260127 0
1.331750 0
0.070632 0
0.438496 0
0.255956 0
0.533438 0
0.400084 0
0.905994 0
0.050723 0
0.140951 0
0.005785 0
0.092037 0
0.252148 0
0.649596 0
0.098161 0
0.255142 0
0.528497 0
0.915171 0
0.170858 0
0.853051 0
0.295485 0
0.256127 0
0.029855 0
0.038246 0
0.006663 0
0.061317 0
1.069193 0
0.135813 0
0.206497 0
0.984749 0
0.227765 0
0.526084 0
0.304499 0
0.130605 0
1.697442 0
0.116291 0
0.043842 0
0.349992 0
0.423005 0
0.492903 0
0.540268 0
0.405260 0
0.175005 0
0.272631 0
0.209755 0
0.571564 0
0.462038 0
0.331579 0
0.262084 0
0.298704 0
0.127785 0
0.454063 0
0.465313 0
0.716261 0
0.386199 0
0.057608 0
0.958182 0
0.580299 0
0.043660 0
0.948182 0
0.732946 0
0.188584 0
0.375651 0
0.315459 0
0.044765 0
0.160868 0
0.696220 0
0.348955 0
0.212436 0
0.596679 0
0.499009 0
1.592494 0
0.177694 0
0.734717 0
0.508948 0
0.293167 0
0.904807 0
0.033943 0
1.231029 0
0.508976 0
0.611052 0
0.483103 0
0.538956 0
1.091488 0
1.207153 0
0.598267 0
0.360675 0
0.457474 0
0.468356 0
0.396279 0
0.455536 0
0.517178 0
0.164842 0
1.416755 0
1.642609 0
0.399481 0
0.281958 0
0.800692 0
0.273165 0
0.712573 0
0.354398 0
0.049271 0
1.282761 0
0.429892 0
0.295198 0
0.277784 0
0.559193 0
0.684868 0
0.115246 0
0.249110 0
0.310399 0
0.612067 0
0.556362 0
0.157048 0
0.702528 0
0.585308 0
0.605445 0
1.568400 0
0.056642 0
0.053119 0
0.868386 0
0.458852 0
0.156008 0
0.638551 0
0.101140 0
0.016325 0
0.481297 0
0.644124 0
0.362461 0
1.443655 0
0.168985 0
0.073734 0
0.646800 0
0.226455 0
0.271248 0
0.141881 0
0.232113 0
0.432471 0
0.214954 0
1.100591 0
0.478680 0
0.655323 0
1.097187 0
1.091065 0
0.172652 0
0.170681 0
0.280277 0
0.841759 0
0.032394 0
1.459446 0
1.259007 0
0.395946 0
1.649442 0
0.199053 0
1.397846 0
1.429902 0
0.035953 0
0.042849 0
0.521593 0
0.300736 0
0.047784 0
0.641845 0
0.528184 0
0.501791 0
0.106043 0
1.124627 0
0.291101 0
0.636831 0
0.270262 0
0.641313 0
1.005165 0
0.927975 0
0.203188 0
0.755291 0
0.375776 0
0.663158 0
1.435807 0
0.074689 0
0.341964 0
0.103016 0
0.149014 0
0.070671 0
0.070877 0
0.031145 0
0.104368 0
0.219317 0
0.193323 0
0.984835 0
0.207553 0
0.201510 0
0.523174 0
0.335322 0
0.665609 0
0.760331 0
0.264496 0
0.436202 0
0.453920 0
0.187280 0
0.496952 0
0.018222 0
0.198202 0
0.039726 0
0.410008 0
0.044853 0
0.337857 0
0.174023 0
0.498014 0
0.771444 0
0.924350 0
0.045849 0
0.622149 0
0.231488 0
0.269449 0
0.384345 0
1.653553 0
0.216999 0
0.028016 0
1.121862 0
1.431251 0
0.357445 0
0.219506 0
0.221185 0
0.562690 0
0.245571 0
0.335862 0
0.289458 0
0.063687 0
0.157588 0
0.804507 0
0.177422 0
0.441430 0
0.045445 0
0.066640 0
0.281571 0
0.125851 0
0.150662 0
0.070217 0
0.614014 0
0.556354 0
0.239962 0
0.073207 0
0.061385 0
0.108778 0
0.666710 0
0.136810 0
0.167215 0
0.312789 0
0.641599 0
1.447332 0
0.144436 0
0.550937 0
0.506294 0
0.060729 0
0.070866 0
1.074544 0
0.648837 0
0.426589 0
0.424945 0
0.117711 0
0.432807 0
0.621871 0
0.073036 0
1.301851 0
0.641001 0
0.230070 0
1.091460 0
0.629348 0
0.489786 0
0.324714 0
0.079449 0
0.051213 0
0.058485 0
0.782056 0
0.396119 0
0.354253 0
0.049670 0
0.185471 0
0.185723 0
1.021758 0
0.016554 0
0.442391 0
0.148274 0
0.126871 0
0.400207 0
0.057558 0
0.286727 0
0.476453 0
0.143860 0
0.230039 0
0.105866 0
0.025403 0
0.044922 0
0.263290 0
1.266445 0
0.143951 0
0.115319 0
0.211456 0
0.356089 0
0.038029 0
0.225257 0
0.194341 0
0.816218 0
0.336751 0
0.193214 0
0.714656 0
0.454278 0
0.648824 0
0.038141 0
0.715350 0
0.410206 0
0.584162 0
0.116651 0
0.680585 0
1.382543 0
0.443733 0
0.003026 0
1.644170 0
0.035622 0
0.000243 0
1.429324 0
0.261968 0
0.477819 0
0.466072 0
0.260853 0
0.412740 0
0.556765 0
1.011709 0
0.179937 0
0.485294 0
1.131759 0
0.081162 0
1.229080 0
0.625595 0
0.099232 0
0.100651 0
0.520114 0
0.777804 0
0.060538 0
0.151533 0
0.427576 0
0.095240 0
0.122462 0
0.511067 0
1.650550 0
0.558677 0
1.067792 0
1.198207 0
0.465428 0
0.819446 0
0.398671 0
0.612145 0
0.221552 0
0.225624 0
0.053395 0
0.444545 0
0.126381 0
1.140472 0
0.613159 0
1.166870 0
1.410551 0
0.076794 0
0.182100 0
0.729111 0
0.150221 0
0.166697 0
0.780469 0
0.427360 0
0.367901 0
0.233480 0
0.505430 0
1.100894 0
0.250230 0
0.007248 0
0.683261 0
0.330999 0
0.060307 0
0.239832 0
0.091755 0
0.326373 0
0.162082 0
0.240223 0
0.513344 0
1.225346 0
0.505851 0
0.284566 0
1.630034 0
0.114453 0
0.707786 0
0.840993 0
0.132638 0
0.701331 0
0.253598 0
1.103257 0
1.397509 0
1.281779 0
0.322825 0
0.481624 0
0.977274 0
0.058609 0
0.011594 0
0.140380 0
0.151025 0
0.004233 0
0.210325 0
0.297826 0
0.764346 0
0.157936 0
0.827824 0
0.033048 0
1.282473 0
0.145276 0
0.037870 0
1.677657 0
0.089419 0
0.544472 0
0.775017 0
1.547302 0
0.515386 0
0.246836 0
0.883336 0
1.597307 0
0.192081 0
0.107185 0
0.231823 0
0.147900 0
1.004877 0
1.037624 0
0.518478 0
0.027939 0
0.037907 0
0.084494 0
0.049094 0
0.574024 0
1.726703 0
0.659732 0
0.032468 0
0.524878 0
1.656767 0
1.191228 0
0.396852 0
0.053318 0
0.067091 0
0.242968 0
1.544349 0
0.883731 0
0.429747 0
0.297539 0
0.475329 0
0.341071 0
0.430103 0
0.990600 0
1.065992 0
0.848007 0
0.847949 0
0.446982 0
0.763990 0
0.159752 0
0.373224 0
0.220196 0
0.144108 0
0.380909 0
0.012959 0
0.522852 0
0.428498 0
0.272407 0
0.179508 0
0.661795 0
0.245912 0
1.033677 0
0.600120 0
0.248371 0
0.414315 0
0.167610 0
0.275029 0
0.253292 0
0.052452 0
1.529082 0
0.352632 0
1.354137 0
0.165753 0
0.476926 0
0.758494 0
0.161147 0
0.190802 0
0.134238 0
0.180653 0
0.478586 0
0.246096 0
1.246021 0
0.284580 0
0.484000 0
0.114193 0
0.228267 0
1.621508 0
1.123846 0
0.103854 0
0.163678 0
0.093814 0
0.947027 0
0.334792 0
0.763545 0
0.332653 0
1.834916 0
0.521806 0
0.531581 0
0.088781 0
0.095449 0
0.139032 0
0.346416 0
0.153588 0
0.058175 0
1.088770 0
0.941244 0
0.311897 0
0.346458 0
0.445946 0
0.600455 0
1.421357 0
0.089078 0
0.506732 0
0.371230 0
0.756795 0
0.414685 0
0.298229 0
0.785605 0
0.746881 0
0.686313 0
1.072780 0
1.052333 0
0.347875 0
0.707978 0
0.147792 0
0.227973 0
0.380213 0
0.954220 0
0.239661 0
0.202930 0
0.164183 0
0.796114 0
0.085979 0
0.051501 0
0.078857 0
0.194622 0
0.049180 0
1.716190 0
0.218206 0
0.316816 0
0.106549 0
0.478983 0
0.446676 0
0.689453 0
0.051022 0
0.507744 0
0.188861 0
0.377208 0
0.501925 0
0.481798 0
0.087104 0
1.224781 0
0.883088 0
1.092355 0
0.079262 0
0.463793 0
0.859361 0
0.307855 0
0.067220 0
0.293956 0
0.125746 0
0.141988 0
0.351687 0
0.909578 0
0.132297 0
0.521856 0
0.087454 0
0.003660 0
0.094970 0
0.104592 0
0.103397 0
1.272108 0
0.603142 0
0.843341 0
0.099889 0
0.055268 0
0.367384 0
1.373620 0
0.162258 0
0.907776 0
0.862700 0
0.188763 0
0.332845 0
0.342936 0
0.364160 0
0.568188 0
1.012142 0
0.250078 0
0.155563 0
0.111768 0
1.507780 0
0.027518 0
0.402087 0
0.775667 0
0.765530 0
1.683422 0
0.449665 0
0.944773 0
0.284724 0
0.145794 0
0.023799 0
1.453455 0
0.032130 0
0.210702 0
0.227827 0
0.772287 0
2.204707 0
0.338202 0
0.180471 0
0.227005 0
0.922786 0
0.614942 0
0.446206 0
0.506483 0
0.363570 0
0.028527 0
0.353571 0
0.826034 0
0.590976 0
0.167387 0
0.118846 0
1.163722 0
1.401871 0
0.277531 0
0.263777 0
1.165473 0
1.114277 0
0.410633 0
0.403177 0
1.109463 0
0.081915 0
1.322878 0
0.084398 0
0.575911 0
0.344269 0
0.229259 0
1.432333 0
0.240938 0
0.662293 0
0.086731 0
1.457296 0
1.011326 0
1.566673 0
0.452774 0
1.142286 0
0.292868 0
1.554933 0
0.266428 0
0.028265 0
0.032907 0
0.594346 0
0.512538 0
0.330440 0
0.693908 0
0.006631 0
0.280178 0
0.041668 0
1.176831 0
0.043277 0
0.041513 0
0.265991 0
0.119735 0
0.306098 0
0.144860 0
0.685263 0
0.185780 0
1.128927 0
0.062052 0
0.046663 0
0.923938 0
0.371356 0
0.791999 0
0.615663 0
0.423909 0
0.935601 0
0.149757 0
0.051049 0
0.082690 0
0.101358 0
0.234394 0
0.024635 0
0.580105 0
0.274546 0
0.069000 0
0.628720 0
0.001345 0
0.525837 0
1.159976 0
0.826508 0
1.395617 0
0.271368 0
0.097406 0
0.212335 0
0.070349 0
0.024371 0
1.048679 0
0.489332 0
0.205226 0
1.128774 0
0.693536 0
0.799600 0
0.528395 0
0.013583 0
1.192735 0
0.075765 0
0.207699 0
0.329192 0
0.163965 0
0.224694 0
0.176915 0
0.849644 0
0.202631 0
0.301027 0
0.291130 0
0.474015 0
0.323074 0
0.271203 0
0.412885 0
0.184585 0
1.340749 0
0.948950 0
0.272987 0
0.076665 0
0.159165 0
1.213459 0
0.108314 0
0.702267 0
1.146506 0
0.298479 0
1.474549 0
0.056734 0
0.067351 0
0.267965 0
0.253335 0
1.950072 0
0.246849 0
0.039332 0
0.243736 0
0.724584 0
0.661485 0
0.127589 0
0.620117 0
0.203949 0
0.219387 0
1.611780 0
0.676309 0
0.619276 0
0.088919 0
0.706337 0
0.065806 0
0.329233 0
0.146411 0
0.185416 0
0.174104 0
0.434070 0
1.425284 0
0.238793 0
0.090693 0
0.379021 0
0.203213 0
0.112831 0
0.294234 0
0.474837 0
0.348717 0
0.299685 0
0.277532 0
0.420588 0
0.247059 0
0.892842 0
0.548855 0
0.484017 0
0.040222 0
0.706311 0
0.653681 0
0.844642 0
1.079268 0
0.512592 0
0.728919 0
0.386787 0
0.237001 0
0.353464 0
0.173305 0
0.034186 0
0.070841 0
0.219071 0
0.124976 0
0.464585 0
0.287333 0
0.098660 0
0.035251 0
0.047575 0
0.348711 0
1.198490 0
1.006813 0
0.294130 0
0.129740 0
0.043592 0
1.476973 0
0.066598 0
0.014522 0
0.149672 0
0.147247 0
0.519328 0
1.187083 0
0.151558 0
1.021230 0
0.009031 0
0.027399 0
0.121254 0
0.230052 0
0.175511 0
0.157141 0
0.526727 0
0.724173 0
0.333036 0
0.299268 0
0.576269 0
0.160320 0
1.141353 0
0.307210 0
0.761096 0
0.082391 0
0.697420 0
0.507040 0
0.231827 0
0.486200 0
0.690914 0
0.245372 0
0.436024 0
0.175323 0
0.390109 0
0.814495 0
1.482716 0
1.501385 0
0.051023 0
0.162619 0
0.156381 0
0.840513 0
0.272223 0
0.018509 0
0.735469 0
0.606700 0
0.412027 0
0.062070 0
0.571786 0
0.199136 0
1.051644 0
1.252450 0
1.515936 0
0.077449 0
0.295383 0
0.539483 0
0.437016 0
0.522683 0
1.153922 0
0.999922 0
0.440167 0
0.026524 0
0.221755 0
0.084652 0
0.226843 0
0.802390 0
0.828177 0
2.579432 0
0.032083 0
0.325301 0
0.020364 0
0.614335 0
0.088166 0
0.237986 0
1.739074 0
0.344303 0
0.209029 0
0.126250 0
0.082702 0
0.007415 0
0.326968 0
1.523059 0
0.248705 0
0.522331 0
0.175569 0
0.020534 0
0.406047 0
0.082801 0
1.189208 0
0.087804 0
1.527055 0
0.245099 0
0.150155 0
0.073543 0
0.142561 0
0.256374 0
1.363743 0
0.502678 0
0.090134 0
0.236774 0
0.184958 0
0.773147 0
0.010034 0
0.315799 0
0.002233 0
0.036629 0
0.503486 0
0.017515 0
0.374812 0
0.794606 0
0.586139 0
0.390069 0
0.033190 0
0.960961 0
0.709797 0
0.313933 0
0.294081 0
2.035466 0
1.057354 0
0.194368 0
0.638892 0
1.396702 0
0.368036 0
0.563707 0
1.358528 0
0.090443 0
0.396179 0
0.104352 0
0.234572 0
0.279975 0
1.282522 0
1.028939 0
0.500300 0
0.025773 0
0.440556 0
0.324025 0
0.600488 0
0.205230 0
0.036207 0
1.220448 0
0.083640 0
0.065097 0
1.330213 0
0.544323 0
0.124807 0
0.448376 0
0.049997 0
0.390009 0
0.302534 0
0.150881 0
0.039229 0
0.062884 0
1.566427 0
0.298515 0
0.729386 0
0.137257 0
0.703945 0
0.070809 0
0.499152 0
0.132279 0
0.225596 0
0.400196 0
0.405451 0
0.021401 0
0.964609 0
0.543091 0
0.434904 0
0.591688 0
0.648225 0
0.164368 0
1.554382 0
0.096500 0
0.065996 0
0.097877 0
0.687097 0
0.096348 0
0.825029 0
0.075187 0
0.295752 0
0.556351 0
0.631185 0
0.137416 0
0.692478 0
0.040734 0
0.066548 0
1.566418 0
0.371946 0
1.776768 0
0.074614 0
1.722303 0
0.325278 0
0.783476 0
0.216637 0
2.166690 0
1.918473 0
0.325437 0
0.437628 0
1.093492 0
0.080181 0
0.487500 0
0.031723 0
0.828603 0
0.162774 0
0.255304 0
0.691152 0
0.157501 0
0.103403 0
0.069514 0
0.323056 0
0.350458 0
0.296627 0
1.088259 0
0.859365 0
0.451712 0
1.535579 0
1.354142 0
1.100187 0
0.644873 0
1.253271 0
0.878636 0
0.312749 0
0.131327 0
0.457690 0
1.077897 0
0.625388 0
0.054150 0
1.418579 0
0.250504 0
0.259143 0
0.043413 0
0.063010 0
0.710482 0
0.651366 0
0.325936 0
0.519595 0
0.372582 0
0.192897 0
0.629443 0
1.408079 0
0.782261 0
0.606616 0
0.739010 0
0.480588 0
0.358743 0
0.511989 0
0.149263 0
0.397291 0
1.024760 0
1.000862 0
0.058911 0
0.211251 0
1.465269 0
1.836278 0
0.213501 0
0.079988 0
1.354266 0
0.296886 0
0.124766 0
0.095586 0
0.237713 0
0.246146 0
1.213106 0
1.211714 0
0.067238 0
0.150028 0
0.294217 0
0.328918 0
0.038622 0
1.540296 0
0.504838 0
0.207763 0
0.573979 0
0.201876 0
0.160164 0
0.079704 0
0.180062 0
0.413607 0
0.085421 0
0.615709 0
0.118249 0
0.326226 0
1.699765 0
0.280581 0
1.475381 0
0.183308 0
0.304966 0
0.420341 0
0.033975 0
1.259730 0
0.408355 0
1.190933 0
0.018995 0
0.085855 0
0.051103 0
0.299357 0
0.462792 0
0.119552 0
1.440791 0
0.324293 0
1.183338 0
0.065866 0
0.011390 0
0.381949 0
0.453849 0
0.098326 0
0.195813 0
0.882575 0
0.149268 0
0.027932 0
0.523462 0
1.135722 0
1.094860 0
0.220391 0
0.347065 0
0.124674 0
0.606608 0
0.692926 0
0.087175 0
0.100845 0
0.117036 0
1.008198 0
0.690364 0
0.190878 0
0.113878 0
0.446168 0
0.974003 0
0.333529 0
0.535758 0
0.297015 0
1.422292 0
1.108130 0
0.194979 0
0.161943 0
0.186165 0
0.204305 0
0.406557 0
0.531461 0
0.668680 0
1.093598 0
0.601747 0
0.585875 0
0.215295 0
1.389075 0
0.726305 0
0.546306 0
0.930574 0
0.430077 0
0.109560 0
0.382616 0
0.047586 0
0.084263 0
0.895052 0
0.023684 0
0.474566 0
0.350357 0
0.613319 0
1.408579 0
1.639993 0
0.144644 0
0.623095 0
0.204949 0
0.351656 0
0.169739 0
1.369332 0
0.145282 0
0.778476 0
0.015614 0
0.088252 0
0.687763 0
0.374022 0
0.238473 0
1.608358 0
0.016528 0
0.466258 0
0.777325 0
1.515070 0
0.386314 0
1.023102 0
0.682571 0
0.587912 0
0.492493 0
0.527611 0
0.346296 0
0.345350 0
0.327354 0
1.357104 0
0.234302 0
0.444333 0
0.082837 0
0.194306 0
0.920726 0
0.235931 0
0.454145 0
0.632942 0
0.208469 0
0.841074 0
0.188099 0
0.628137 0
0.834519 0
0.005353 0
0.846266 0
0.195736 0
0.585194 0
0.135355 0
0.230833 0
0.894701 0
0.179125 0
0.401309 0
0.284853 0
1.830738 0
0.352894 0
0.130869 0
0.703000 0
0.165530 0
0.242735 0
0.007973 0
0.349053 0
0.812049 0
0.051032 0
0.384431 0
0.907351 0
0.977459 0
1.231780 0
0.080150 0
0.192965 0
0.857448 0
1.471860 0
0.973460 0
0.691021 0
0.790723 0
0.334152 0
0.074316 0
0.292467 0
1.495641 0
0.682963 0
0.864820 0
0.225031 0
0.357252 0
0.078970 0
0.453287 0
0.890913 0
0.268394 0
0.151195 0
0.241618 0
0.807604 0
0.420132 0
0.662272 0
0.272170 0
0.131576 0
0.454906 0
0.031960 0
0.867345 0
0.026796 0
0.303297 0
0.055799 0
1.431417 0
0.273288 0
0.512171 0
0.697770 0
0.349312 0
1.241541 0
0.264820 0
0.206246 0
0.331589 0
0.206260 0
0.349199 0
0.016665 0
0.728952 0
0.479700 0
0.610108 0
0.270806 0
0.200268 0
0.561127 0
0.677836 0
1.482053 0
0.123314 0
0.761167 0
0.728356 0
0.558970 0
1.597436 0
0.503635 0
0.898250 0
0.456386 0
0.452328 0
0.155358 0
0.377239 0
0.062207 0
0.117553 0
0.011752 0
0.030697 0
0.198006 0
0.286654 0
0.313613 0
0.099171 0
0.763823 0
0.105304 0
0.703255 0
1.737473 0
0.641304 0
0.240747 0
0.097891 0
0.181691 0
0.966989 0
0.328173 0
0.317452 0
0.419821 0
0.060259 0
0.134565 0
0.151533 0
0.730885 0
0.490825 0
0.523584 0
0.312657 0
1.559868 0
0.983350 0
0.502537 0
0.277834 0
0.003963 0
0.194032 0
0.869880 0
0.565924 0
0.829048 0
0.276884 0
0.510086 0
0.774983 0
0.696923 0
1.003124 0
1.530819 0
1.732095 0
0.403269 0
0.390042 0
0.278755 0
0.455317 0
0.705880 0
0.223386 0
1.131371 0
0.527954 0
0.028842 0
0.352089 0
0.634830 0
0.883578 0
0.438501 0
0.377788 0
0.224933 0
0.293082 0
0.405778 0
1.427371 0
0.152848 0
0.202169 0
0.658117 0
0.146363 0
1.636907 0
0.876948 0
0.397799 0
1.432157 0
0.043782 0
1.012313 0
0.013858 0
0.047464 0
0.417595 0
0.243839 0
0.237474 0
1.007044 0
0.587690 0
1.482117 0
0.408830 0
0.852800 0
0.035493 0
1.462583 0
0.322661 0
1.236924 0
0.319167 0
0.450389 0
0.066483 0
0.088378 0
0.035790 0
0.936109 0
0.209249 0
0.647433 0
1.389099 0
0.120228 0
1.645993 0
0.525978 0
0.292017 0
0.042523 0
0.029826 0
0.049435 0
0.166161 0
0.476958 0
1.731196 0
0.204534 0
0.143118 0
0.082304 0
0.238098 0
0.993145 0
0.261254 0
0.042154 0
0.301852 0
0.447233 0
0.990579 0
0.294555 0
0.161370 0
0.610196 0
0.328374 0
0.077726 0
0.015024 0
0.449048 0
0.386483 0
0.012725 0
0.007944 0
0.001270 0
0.817325 0
0.464822 0
0.169379 0
0.127450 0
1.660113 0
0.500300 0
0.271206 0
0.190538 0
0.124521 0
0.388469 0
0.192133 0
1.536477 0
0.853209 0
0.301757 0
0.733190 0
0.452662 0
1.206306 0
0.611044 0
0.085848 0
0.871346 0
0.342588 0
0.620004 0
0.982075 0
0.122679 0
0.367185 0
0.216252 0
0.171257 0
0.363104 0
0.320763 0
0.624580 0
0.364056 0
0.161721 0
0.378341 0
0.270740 0
0.178384 0
0.033706 0
0.065532 0
0.200904 0
0.139838 0
1.372641 0
0.265844 0
0.681511 0
0.446092 0
1.169414 0
0.874574 0
0.965251 0
0.440804 0
0.837732 0
0.016583 0
0.212218 0
0.174650 0
0.076290 0
0.683451 0
0.358359 0
0.025546 0
0.140478 0
0.461436 0
0.369352 0
0.812375 0
0.059214 0
0.091659 0
0.366122 0
0.581927 0
0.771347 0
0.097835 0
0.330099 0
0.084390 0
0.219418 0
0.026335 0
0.648623 0
0.074676 0
0.491815 0
0.453360 0
0.155395 0
1.009636 0
0.321763 0
0.602989 0
0.656241 0
0.789211 0
0.322995 0
0.284230 0
1.413569 0
0.501290 0
0.281903 0
0.221613 0
0.234790 0
0.056510 0
0.050323 0
0.418599 0
0.709586 0
0.658474 0
1.896780 0
0.738706 0
0.572063 0
0.344990 0
0.477879 0
0.274942 0
0.321631 0
0.936038 0
0.123709 0
0.594796 0
0.266623 0
0.121685 0
0.156082 0
0.639345 0
0.850538 0
0.848846 0
0.332159 0
0.157714 0
1.445980 0
1.138156 0
0.679116 0
0.114822 0
0.222668 0
0.812499 0
1.063066 0
0.054266 0
0.409455 0
0.629708 0
0.879973 0
0.319240 0
0.115774 0
0.465837 0
0.348127 0
1.018580 0
0.368256 0
0.654212 0
0.758812 0
0.461167 0
1.244958 0
0.398614 0
0.407107 0
1.113008 0
1.015479 0
0.126945 0
0.395697 0
2.091130 0
0.363420 0
0.180429 0
0.110068 0
0.232858 0
0.143005 0
0.024510 0
1.091268 0
0.288217 0
0.264315 0
0.801705 0
0.111082 0
0.279806 0
0.989032 0
0.105235 0
0.234462 0
0.730905 0
0.531227 0
0.053035 0
0.009730 0
0.948012 0
0.568089 0
0.250462 0
0.042282 0
0.829607 0
0.206306 0
0.900580 0
0.462594 0
0.857260 0
0.373525 0
0.268237 0
0.219487 0
0.045400 0
0.439253 0
0.835772 0
0.624285 0
1.008101 0
0.593410 0
0.502311 0
0.514693 0
0.294055 0
0.669207 0
1.410686 0
0.170910 0
0.206174 0
0.907171 0
0.050333 0
1.574514 0
0.247368 0
0.224486 0
0.469893 0
1.420983 0
0.275360 0
0.633454 0
0.428599 0
0.097147 0
0.154561 0
0.106222 0
1.559730 0
0.178976 0
0.055392 0
1.426995 0
0.578636 0
0.237073 0
0.033451 0
0.629083 0
0.035872 0
0.066942 0
1.176358 0
0.340023 0
0.045221 0
0.829049 0
0.346321 0
0.540057 0
0.087885 0
0.122344 0
1.065717 0
0.202070 0
0.437843 0
0.544320 0
1.530121 0
0.183242 0
0.325350 0
1.019166 0
0.072825 0
0.906008 0
0.336407 0
0.870532 0
0.014871 0
0.561579 0
1.384670 0
0.412628 0
0.652499 0
0.246030 0
1.392749 0
0.116505 0
0.005042 0
0.137157 0
0.177691 0
1.259141 0
0.011035 0
0.487554 0
0.099868 0
0.528544 0
0.231372 0
0.522619 0
0.099415 0
0.068231 0
0.289781 0
0.088378 0
0.158600 0
0.100314 0
1.374019 0
1.742382 0
0.080012 0
1.431079 0
0.223819 0
0.013869 0
0.161441 0
0.505871 0
0.217499 0
0.621550 0
0.036322 0
1.215643 0
0.081572 0
0.424308 0
0.389688 0
0.371578 0
0.529905 0
0.256262 0
0.080850 0
1.453002 0
0.904649 0
1.006830 0
0.068464 0
1.386920 0
1.204282 0
0.538872 0
0.507979 0
1.481091 0
0.265520 0
0.621811 0
0.100128 0
0.855283 0
1.102669 0
0.407881 0
0.648622 0
1.584972 0
0.249717 0
0.267920 0
0.922473 0
0.086748 0
0.106278 0
0.518933 0
0.103862 0
0.062268 0
0.242071 0
0.983078 0
0.685041 0
0.048933 0
1.126131 0
0.422140 0
0.821226 0
0.939947 0
0.038735 0
1.118192 0
0.058408 0
0.541811 0
0.247994 0
0.251690 0
0.694503 0
0.277234 0
0.289811 0
0.145784 0
0.848537 0
0.400196 0
0.337212 0
0.258500 0
0.375752 0
0.119716 0
0.529476 0
0.705188 0
1.145305 0
0.124468 0
0.013213 0
0.315365 0
0.430600 0
0.566752 0
0.153553 0
0.031370 0
0.073375 0
0.840838 0
0.291125 0
1.328871 0
0.016483 0
0.560717 0
0.171689 0
0.513466 0
0.391992 0
0.060391 0
0.972000 0
1.451897 0
0.661322 0
0.840387 0
0.697240 0
1.412836 0
0.353825 0
0.645131 0
0.136013 0
0.252888 0
0.240999 0
1.590695 0
0.074378 0
0.052246 0
0.200800 0
0.060894 0
0.139679 0
0.234257 0
0.899831 0
0.671278 0
0.020512 0
0.051116 0
0.773762 0
1.281705 0
0.040784 0
0.119880 0
0.093796 0
0.709928 0
0.861450 0
1.474327 0
0.067973 0
1.229443 0
0.986304 0
0.597031 0
0.299305 0
0.682798 0
0.269536 0
1.138692 0
0.213422 0
0.105144 0
0.354402 0
0.438659 0
0.265685 0
0.722809 0
0.064828 0
0.044900 0
1.215644 0
0.048791 0
0.135947 0
0.159659 0
0.036212 0
0.641890 0
0.411066 0
0.100283 0
1.440911 0
0.209727 0
1.095745 0
0.919192 0
1.091041 0
0.185340 0
0.402649 0
0.364409 0
0.086331 0
0.292127 0
0.015683 0
0.499880 0
0.134811 0
1.275513 0
0.367458 0
0.076496 0
0.580751 0
0.230875 0
0.306508 0
0.242576 0
0.396784 0
1.522897 0
1.302920 0
0.321402 0
0.162835 0
0.186051 0
1.179822 0
0.033623 0
0.426332 0
0.018713 0
0.053857 0
0.578041 0
0.140729 0
0.066439 0
0.963701 0
0.629464 0
0.059026 0
0.292896 0
0.049983 0
0.635818 0
1.872862 0
1.322611 0
0.003544 0
1.247928 0
0.805578 0
0.357163 0
1.144666 0
0.226912 0
0.828431 0
0.706248 0
0.019096 0
0.922517 0
0.391080 0
0.016916 0
0.890083 0
0.158455 0
0.324729 0
0.926956 0
0.717780 0
1.285483 0
1.108150 0
0.137291 0
0.053355 0
0.502227 0
0.312020 0
0.173848 0
0.041406 0
0.749045 0
1.543965 0
0.361984 0
0.210392 0
0.681766 0
1.408424 0
0.064442 0
0.986822 0
0.315382 0
1.519384 0
0.254275 0
0.209348 0
0.571171 0
0.513174 0
0.187837 0
1.381188 0
0.823075 0
1.393885 0
1.267874 0
1.596116 0
0.151031 0
0.368628 0
0.134203 0
0.124649 0
1.313415 0
0.227714 0
0.303890 0
0.835654 0
0.539107 0
0.481503 0
0.459968 0
0.243609 0
0.820362 0
0.360967 0
1.046085 0
0.123378 0
0.351654 0
0.549754 0
1.270594 0
0.270467 0
0.879428 0
0.054303 0
0.479341 0
0.453798 0
0.014497 0
0.531836 0
0.161773 0
0.081664 0
0.025750 0
0.039497 0
0.120615 0
0.801568 0
0.153567 0
1.257984 0
0.277796 0
0.327295 0
0.204170 0
0.583925 0
0.818866 0
0.480050 0
0.797076 0
0.321646 0
0.497751 0
1.102345 0
0.163222 0
0.379812 0
0.150910 0
0.358947 0
1.116229 0
0.211445 0
0.736067 0
0.016994 0
0.065615 0
2.141355 0
0.638821 0
0.615721 0
0.701868 0
0.428326 0
0.020623 0
1.055944 0
0.640187 0
0.127002 0
0.195540 0
0.072396 0
0.250447 0
1.076380 0
0.537831 0
0.163037 0
0.818294 0
1.227037 0
0.742163 0
1.497119 0
0.782230 0
0.084467 0
0.160328 0
0.337666 0
0.362247 0
2.216599 0
0.257234 0
1.640061 0
0.459712 0
1.358801 0
0.299026 0
0.099849 0
0.071027 0
0.114839 0
0.191020 0
0.577314 0
0.161984 0
0.119518 0
0.147977 0
0.161441 0
0.237328 0
0.453183 0
0.679908 0
0.826501 0
0.203262 0
0.270034 0
0.230209 0
1.413045 0
0.462744 0
0.011378 0
0.138478 0
1.413782 0
1.272820 0
2.044926 0
0.143288 0
0.239535 0
0.210200 0
0.769063 0
0.049805 0
0.090228 0
0.382333 0
0.040913 0
0.559725 0
1.161694 0
0.276107 0
0.578600 0
0.062061 0
0.679518 0
0.685153 0
0.428893 0
0.416834 0
1.457444 0
1.047889 0
0.563091 0
0.494934 0
0.038007 0
0.140566 0
0.161193 0
1.221966 0
0.697082 0
0.713164 0
0.079935 0
0.058845 0
0.210662 0
0.347045 0
0.212075 0
0.890946 0
0.988064 0
0.156230 0
0.479236 0
0.871546 0
0.463197 0
0.008630 0
0.055445 0
0.584636 0
0.327597 0
0.188068 0
0.011018 0
0.826016 0
0.719015 0
0.837201 0
0.685672 0
0.808418 0
0.217980 0
0.609873 0
0.860334 0
0.194410 0
0.142907 0
0.572833 0
0.174183 0
0.081024 0
0.852275 0
0.882676 0
0.957317 0
0.169063 0
0.162141 0
0.240347 0
0.085474 0
0.497861 0
0.758415 0
0.108129 0
0.378362 0
0.245647 0
0.526041 0
0.890108 0
0.005781 0
0.124030 0
0.378985 0
0.056054 0
1.624614 0
0.528355 0
0.035244 0
0.730765 0
0.693211 0
1.787658 0
0.782860 0
0.375456 0
0.969286 0
0.015183 0
0.054563 0
0.032477 0
1.488537 0
0.083609 0
0.610308 0
0.328243 0
0.251254 0
0.008937 0
0.364161 0
1.501502 0
0.422530 0
2.498857 0
0.352229 0
0.516383 0
1.242729 0
0.643318 0
0.756827 0
0.398110 0
0.136133 0
0.749728 0
0.207968 0
0.982157 0
0.258368 0
1.063158 0
0.048541 0
0.355238 0
0.206886 0
0.488997 0
0.113368 0
0.819742 0
0.844995 0
1.105429 0
0.189965 0
0.015836 0
0.201756 0
0.214729 0
0.239805 0
0.414808 0
0.053637 0
0.027153 0
0.473103 0
0.186400 0
0.310998 0
0.467460 0
0.171319 0
0.670143 0
0.039011 0
0.343342 0
0.254305 0
0.538546 0
0.339720 0
0.071151 0
0.141046 0
0.233689 0
0.936694 0
0.656704 0
0.198211 0
0.846325 0
0.123232 0
0.381337 0
0.748947 0
0.064084 0
1.009853 0
0.059512 0
0.610310 0
1.043792 0
1.159547 0
0.092609 0
0.095331 0
0.175134 0
0.464971 0
0.112506 0
0.084260 0
0.309491 0
0.204120 0
0.529144 0
1.299245 0
0.348419 0
0.081883 0
0.006753 0
0.064649 0
0.363872 0
0.388734 0
0.244410 0
0.258801 0
0.256433 0
0.308394 0
0.034752 0
0.035785 0
1.090491 0
0.023423 0
0.545513 0
0.203793 0
0.099571 0
0.285097 0
0.949782 0
0.307492 0
0.151680 0
0.057680 0
1.347128 0
0.381874 0
1.383789 0
0.088077 0
0.331658 0
0.852810 0
0.853770 0
0.153534 0
0.436553 0
0.449519 0
0.225601 0
0.632362 0
1.330541 0
1.061827 0
0.201045 0
0.718835 0
0.441549 0
0.505280 0
0.628399 0
0.439403 0
0.073527 0
0.093686 0
0.052214 0
1.186845 0
0.454537 0
1.067937 0
0.105070 0
0.092938 0
0.086929 0
0.154838 0
0.022202 0
0.609272 0
0.469372 0
0.232122 0
0.135894 0
0.455239 0
0.149652 0
0.234986 0
0.298618 0
1.207187 0
0.993920 0
1.410000 0
0.029230 0
0.752850 0
0.279518 0
0.610286 0
0.280290 0
0.069866 0
0.207475 0
0.234132 0
1.431545 0
0.365297 0
0.225007 0
0.242362 0
0.238370 0
0.320184 0
0.429349 0
0.528762 0
0.202772 0
1.643292 0
0.653417 0
0.520750 0
1.096933 0
0.073291 0
0.611250 0
0.042416 0
0.583477 0
0.206125 0
0.471816 0
0.131294 0
0.378316 0
1.464422 0
0.151240 0
1.780483 0
0.160787 0
0.483324 0
0.126191 0
1.007879 0
0.138578 0
0.927914 0
0.359351 0
0.300490 0
0.287953 0
1.182003 0
1.362452 0
0.050952 0
0.166193 0
0.168946 0
0.769793 0
0.329632 0
0.414958 0
0.078644 0
1.424387 0
0.270655 0
0.710681 0
0.018658 0
0.775583 0
1.310589 0
0.209547 0
0.124100 0
1.628582 0
0.574519 0
0.136595 0
0.401967 0
0.074745 0
1.398224 0
0.059175 0
0.405147 0
0.297005 0
0.461581 0
0.576354 0
0.060529 0
0.147361 0
1.010554 0
0.775743 0
1.041021 0
0.156981 0
0.128161 0
0.724749 0
0.242866 0
1.202602 0
0.260177 0
1.378891 0
0.944897 0
1.074502 0
0.600847 0
0.190393 0
1.077023 0
0.075843 0
0.130257 0
0.593983 0
0.235130 0
0.027669 0
1.317623 0
0.120900 0
0.458514 0
0.479700 0
0.475281 0
0.881300 0
0.609576 0
0.388103 0
0.045103 0
0.481709 0
0.292592 0
0.312622 0
0.991343 0
0.079163 0
0.101576 0
0.561492 0
0.653741 0
0.169781 0
0.129744 0
1.570635 0
0.189091 0
0.354735 0
0.134310 0
0.241595 0
0.467286 0
0.378236 0
0.078837 0
0.213755 0
0.139694 0
0.380238 0
1.191854 0
0.747333 0
0.958776 0
1.516098 0
0.027200 0
0.330951 0
0.144919 0
0.450944 0
0.848915 0
0.294387 0
0.629015 0
0.323426 0
0.405396 0
1.383417 0
0.048556 0
0.984400 0
0.111165 0
0.363248 0
0.558338 0
0.261803 0
0.099695 0
0.053389 0
0.007016 0
1.208243 0
0.570907 0
0.310690 0
0.012212 0
0.505071 0
0.349451 0
0.420522 0
0.294873 0
0.625108 0
0.324847 0
0.187225 0
0.066217 0
0.446254 0
0.561227 0
0.015377 0
0.524057 0
0.466130 0
0.621351 0
0.043917 0
1.212360 0
1.167652 0
1.312235 0
0.454417 0
0.272475 0
0.054594 0
0.043798 0
0.654962 0
0.118680 0
0.037814 0
0.068788 0
0.048370 0
0.070827 0
0.910396 0
0.438074 0
0.338620 0
0.212836 0
0.213994 0
0.785597 0
0.047401 0
2.489095 0
0.517799 0
0.190567 0
1.540189 0
0.963471 0
1.601762 0
1.526671 0
0.108070 0
0.446280 0
1.379238 0
0.803040 0
0.254693 0
0.163952 0
1.112467 0
0.672517 0
0.308035 0
0.552414 0
0.049607 0
0.180502 0
0.061189 0
0.357961 0
0.515031 0
1.061821 0
0.199702 0
0.142231 0
0.631515 0
0.522970 0
0.062828 0
0.029151 0
0.075345 0
1.245603 0
0.064154 0
1.197056 0
0.299478 0
0.120098 0
0.281822 0
0.958220 0
0.506276 0
0.153876 0
0.094044 0
0.426179 0
1.175803 0
1.443458 0
0.095792 0
0.094273 0
0.090265 0
1.188636 0
0.416842 0
0.186168 0
0.380269 0
0.626199 0
0.110689 0
0.325496 0
0.416400 0
0.312702 0
0.757413 0
0.014611 0
0.040478 0
0.458290 0
0.166499 0
0.110999 0
0.817151 0
0.012423 0
0.641396 0
0.147275 0
0.021509 0
0.209723 0
0.347387 0
0.323120 0
0.042261 0
0.466380 0
0.073197 0
0.151447 0
1.094089 0
0.229062 0
0.250937 0
0.389673 0
0.371844 0
0.234326 0
0.446342 0
0.063893 0
0.482000 0
0.650270 0
0.365008 0
0.961650 0
0.286738 0
0.373225 0
0.295820 0
0.044737 0
1.207752 0
0.836095 0
0.156277 0
0.014132 0
0.310135 0
0.430263 0
0.386589 0
0.487605 0
0.221368 0
0.228996 0
0.996310 0
0.628670 0
0.931640 0
1.543175 0
0.563092 0
0.549711 0
0.139714 0
1.279769 0
0.962353 0
0.240702 0
0.215190 0
1.446748 0
1.098779 0
1.628567 0
0.398722 0
0.147489 0
0.683774 0
0.450957 0
0.058889 0
1.210155 0
0.807201 0
0.090666 0
0.301926 0
0.130158 0
0.016846 0
0.199219 0
0.302505 0
0.608002 0
0.411532 0
0.485506 0
0.704308 0
0.713864 0
0.165622 0
0.252816 0
0.204566 0
0.042298 0
0.356227 0
0.090346 0
0.817123 0
0.368333 0
0.313052 0
0.129879 0
0.444779 0
0.770248 0
0.042537 0
0.050086 0
0.296933 0
0.093848 0
0.101825 0
0.775580 0
0.095389 0
0.452279 0
1.312078 0
0.372087 0
0.152079 0
0.427864 0
0.390763 0
0.688223 0
1.088769 0
0.229011 0
0.388752 0
1.558281 0
0.787429 0
0.043851 0
1.983207 0
0.204029 0
0.799327 0
0.111816 0
1.060865 0
0.727307 0
0.334158 0
0.793992 0
0.097649 0
0.084401 0
0.259733 0
0.133069 0
0.142488 0
1.222503 0
0.410013 0
0.011751 0
1.005302 0
0.123402 0
1.104897 0
0.159548 0
0.939392 0
0.242007 0
0.289414 0
0.418931 0
0.208321 0
0.833456 0
1.063326 0
1.629537 0
0.492591 0
0.537913 0
0.527781 0
0.090639 0
0.711568 0
0.533717 0
0.265171 0
0.472070 0
1.551555 0
0.357370 0
0.272222 0
0.959585 0
0.044553 0
0.024357 0
1.499079 0
0.810091 0
0.177716 0
0.358673 0
1.410639 0
0.532659 0
2.063207 0
0.036837 0
1.631250 0
0.092157 0
0.014863 0
0.028086 0
1.499075 0
0.458712 0
1.195269 0
0.038134 0
0.319822 0
0.016774 0
0.764183 0
0.552618 0
0.102876 0
0.542838 0
0.738961 0
0.246474 0
0.016016 0
0.041397 0
0.272483 0
0.473108 0
0.019686 0
0.350674 0
0.314801 0
0.302966 0
0.148881 0
0.648697 0
0.301764 0
1.030797 0
0.063630 0
0.654389 0
0.219350 0
0.554218 0
0.276758 0
0.332585 0
0.192651 0
0.070105 0
0.334192 0
0.901344 0
0.643928 0
0.237901 0
0.419617 0
0.262827 0
0.827158 0
0.331850 0
0.203077 0
1.585592 0
0.007574 0
0.044754 0
0.328284 0
0.645500 0
0.267759 0
0.794070 0
1.382739 0
0.124469 0
1.852298 0
0.533295 0
1.448516 0
0.158144 0
1.033632 0
1.262829 0
0.238765 0
0.397849 0
0.300695 0
0.043419 0
0.992558 0
0.275419 0
0.860602 0
0.772996 0
0.198607 0
0.204935 0
1.409339 0
0.307586 0
0.156766 0
0.261138 0
0.006618 0
0.525402 0
1.679748 0
0.267118 0
0.370840 0
0.791985 0
0.509639 0
1.191009 0
0.496434 0
1.127161 0
0.541354 0
0.658354 0
0.487954 0
1.494448 0
0.798526 0
0.172076 0
0.102379 0
0.544525 0
0.143182 0
0.191965 0
0.134187 0
1.131757 0
0.281017 0
1.392564 0
0.082850 0
0.633415 0
0.982593 0
1.354057 0
0.210547 0
0.092120 0
0.640086 0
0.241262 0
0.533390 0
0.180692 0
0.581513 0
0.116270 0
0.164027 0
0.254336 0
0.679039 0
0.569196 0
0.124808 0
0.176853 0
0.561102 0
0.298045 0
0.969433 0
0.553602 0
0.475949 0
1.579430 0
0.204441 0
0.338070 0
1.012957 0
0.180083 0
0.106200 0
1.267083 0
0.655949 0
0.947040 0
0.091947 0
0.285887 0
0.555500 0
0.250410 0
1.767493 0
0.208836 0
0.100843 0
1.204780 0
0.166141 0
0.372349 0
0.053312 0
0.280992 0
0.937069 0
0.450468 0
0.688420 0
0.018102 0
0.864968 0
1.368631 0
0.137562 0
1.105084 0
0.993455 0
0.287128 0
1.214081 0
0.406573 0
0.135129 0
1.660649 0
0.028702 0
1.165105 0
0.268082 0
0.386013 0
0.299097 0
0.471174 0
0.739828 0
1.259218 0
0.141637 0
0.606778 0
0.002872 0
0.245348 0
0.654715 0
0.693515 0
0.311806 0
0.013566 0
0.040790 0
0.144382 0
0.917572 0
0.247126 0
1.131006 0
1.175389 0
0.634705 0
0.390607 0
0.452589 0
0.997387 0
0.395542 0
0.355844 0
0.415604 0
1.505058 0
0.107578 0
0.236020 0
1.153798 0
0.638372 0
0.215222 0
0.323962 0
0.405852 0
0.423945 0
0.094773 0
0.591756 0
0.806710 0
0.187730 0
0.046329 0
0.257397 0
0.383036 0
0.429648 0
0.993355 0
0.366829 0
0.478199 0
0.045957 0
0.011969 0
0.037844 0
0.446064 0
1.051937 0
0.045764 0
0.764414 0
0.090794 0
1.134950 0
1.428136 0
0.628843 0
0.714821 0
0.776417 0
0.042193 0
0.123911 0
0.436741 0
0.338414 0
0.274985 0
0.473053 0
0.142685 0
0.014195 0
0.744325 0
0.030804 0
0.337118 0
0.230248 0
0.009443 0
0.412966 0
0.965384 0
0.349057 0
0.428385 0
0.304938 0
0.129388 0
0.026075 0
0.110615 0
0.494846 0
0.806252 0
0.500046 0
0.647515 0
0.327897 0
0.760475 0
0.286041 0
0.362247 0
0.403756 0
1.211125 0
0.755506 0
0.116530 0
0.068549 0
0.641162 0
0.997095 0
0.867292 0
0.217529 0
0.238864 0
0.584143 0
1.449535 0
0.010749 0
0.094288 0
0.111990 0
1.040069 0
0.336392 0
0.126350 0
0.009226 0
0.423014 0
0.012609 0
0.647810 0
0.710653 0
0.189728 0
0.105938 0
0.760411 0
0.162514 0
0.725160 0
0.325539 0
0.472670 0
0.472882 0
0.360304 0
0.165040 0
0.751449 0
0.726164 0
0.341467 0
0.596491 0
0.204313 0
0.678406 0
1.427760 0
0.212317 0
0.070735 0
1.500650 0
0.152139 0
1.097406 0
0.465280 0
0.104251 0
0.180654 0
0.111835 0
0.400009 0
1.334616 0
1.404500 0
0.032921 0
0.062481 0
0.270802 0
0.568344 0
0.799938 0
0.956406 0
0.717873 0
0.549115 0
0.467308 0
0.071138 0
0.030731 0
0.206779 0
0.315603 0
0.479079 0
0.350280 0
0.872110 0
0.785477 0
0.319608 0
0.669435 0
0.910537 0
0.064863 0
0.594797 0
0.231830 0
1.438348 0
0.064032 0
0.405288 0
0.677744 0
0.742932 0
1.441291 0
1.390615 0
0.026028 0
0.230626 0
1.067572 0
0.359273 0
1.443408 0
0.522743 0
0.025439 0
0.412158 0
0.910725 0
0.933744 0
0.038271 0
1.363547 0
0.730949 0
0.144121 0
0.769802 0
0.011414 0
0.411358 0
0.616506 0
0.557926 0
0.147987 0
1.773051 0
0.535325 0
0.725870 0
0.968956 0
0.119636 0
0.526395 0
0.066503 0
1.002356 0
1.365262 0
0.199460 0
0.043716 0
1.208447 0
0.039550 0
0.039328 0
0.299442 0
0.408795 0
0.234269 0
0.839102 0
0.382068 0
0.551155 0
0.640651 0
0.505220 0
0.180465 0
0.168037 0
0.610762 0
0.282124 0
0.545744 0
0.335264 0
0.048641 0
0.031997 0
1.471365 0
0.656101 0
0.382281 0
0.180293 0
0.576592 0
0.738770 0
0.694016 0
0.559519 0
0.240340 0
0.393755 0
0.256287 0
0.305335 0
0.075066 0
0.259615 0
0.211693 0
0.167851 0
0.109287 0
0.169426 0
0.165212 0
0.095125 0
0.081514 0
0.740719 0
0.020344 0
0.905660 0
0.016440 0
0.146400 0
0.128022 0
0.076252 0
0.558459 0
0.576932 0
0.036495 0
0.929774 0
0.308377 0
0.673316 0
0.322532 0
0.008393 0
1.016274 0
0.581464 0
0.155948 0
0.077637 0
0.063548 0
1.257221 0
0.250741 0
0.515794 0
0.025401 0
1.457922 0
0.715912 0
1.147481 0
0.007877 0
0.050373 0
0.107757 0
0.576489 0
0.084015 0
0.452532 0
0.436390 0
0.081315 0
0.026260 0
0.172820 0
0.070227 0
0.302609 0
1.122938 0
0.622064 0
0.125743 0
0.126140 0
0.421093 0
0.485082 0
1.094255 0
0.024763 0
0.042982 0
0.374636 0
0.067269 0
0.306580 0
0.193884 0
0.898623 0
0.097892 0
0.902511 0
1.591715 0
1.359243 0
0.633429 0
0.463667 0
0.045582 0
0.655978 0
0.059926 0
0.573455 0
0.541169 0
0.149273 0
1.133254 0
0.032519 0
0.424038 0
0.055338 0
0.908240 0
0.594074 0
0.149266 0
0.065370 0
0.662250 0
0.236403 0
0.268462 0
0.655623 0
1.083149 0
0.684795 0
0.496699 0
0.565542 0
0.394270 0
0.647701 0
0.882241 0
1.212640 0
0.177230 0
0.133001 0
1.219594 0
1.712432 0
0.410576 0
0.607897 0
0.075057 0
1.439836 0
0.529775 0
0.804942 0
0.189901 0
0.595333 0
0.733212 0
0.151519 0
1.472647 0
0.289157 0
1.117180 0
0.617118 0
0.608928 0
1.317427 0
0.817473 0
0.914779 0
1.521035 0
1.246343 0
0.587927 0
0.217720 0
0.332078 0
0.291744 0
0.141479 0
0.487539 0
0.157950 0
0.256931 0
0.348938 0
0.276006 0
0.438698 0
0.587853 0
1.162387 0
0.380271 0
0.225176 0
0.281766 0
0.241478 0
0.028899 0
1.034325 0
0.052171 0
0.214762 0
0.178517 0
0.029730 0
0.149776 0
0.214551 0
0.820001 0
0.215011 0
0.085866 0
0.013505 0
1.124739 0
0.111653 0
0.925160 0
0.406295 0
0.513204 0
0.699690 0
0.419621 0
0.799478 0
0.151518 0
0.419046 0
0.298105 0
0.265072 0
0.270867 0
0.284493 0
0.517145 0
0.110281 0
1.919332 0
0.403291 0
0.482877 0
0.034166 0
1.421591 0
0.021787 0
0.111105 0
0.371557 0
0.592970 0
0.029598 0
0.238601 0
0.196078 0
0.483286 0
0.708687 0
0.318308 0
0.357223 0
0.501278 0
0.014434 0
0.429018 0
0.002217 0
0.346789 0
0.053503 0
0.361710 0
0.447004 0
0.633760 0
0.222947 0
0.868170 0
0.134375 0
0.104918 0
0.402598 0
0.225910 0
0.244659 0
0.281704 0
0.166436 0
0.360480 0
0.104657 0
2.054914 0
1.096711 0
0.379286 0
0.455078 0
0.255703 0
0.906005 0
0.290224 0
0.129558 0
1.136086 0
1.585475 0
0.114229 0
0.383502 0
0.401156 0
0.509839 0
1.633928 0
0.515857 0
0.973742 0
0.074534 0
0.577929 0
0.777955 0
0.316286 0
0.709182 0
1.469104 0
0.131720 0
0.081611 0
0.802790 0
0.068247 0
0.392974 0
0.158992 0
0.192411 0
1.252332 0
0.487083 0
0.527520 0
0.888135 0
0.382598 0
1.545160 0
0.103606 0
0.194801 0
0.143836 0
0.884684 0
0.493073 0
1.689832 0
0.263649 0
0.505319 0
1.218814 0
0.275089 0
0.207369 0
0.093676 0
0.295389 0
1.499484 0
0.412538 0
0.046805 0
0.055566 0
1.404070 0
0.112675 0
0.406438 0
0.527041 0
0.299056 0
0.256887 0
0.572643 0
0.138281 0
0.258496 0
0.042042 0
0.169344 0
0.102903 0
0.403828 0
0.631317 0
0.066268 0
0.297432 0
0.207887 0
1.065344 0
0.227355 0
0.575259 0
0.875229 0
0.396839 0
0.073745 0
0.565664 0
0.268087 0
0.007172 0
0.211247 0
1.070503 0
0.011830 0
0.154746 0
0.867177 0
0.265861 0
1.078983 0
0.011608 0
0.005341 0
0.040947 0
0.075501 0
0.235058 0
0.881308 0
0.779315 0
0.298135 0
0.137462 0
0.277650 0
0.011224 0
0.480350 0
0.488725 0
1.729623 0
1.169153 0
0.231599 0
0.214189 0
0.123552 0
0.277791 0
0.742737 0
0.464809 0
1.396326 0
1.101957 0
1.531151 0
0.865623 0
0.270879 0
0.921377 0
0.954751 0
0.265170 0
0.042491 0
1.402122 0
0.217928 0
0.701054 0
0.189467 0
0.623472 0
1.477514 0
0.680098 0
0.247248 0
0.397417 0
0.605010 0
0.282320 0
0.241259 0
0.191455 0
0.787944 0
0.307842 0
0.619952 0
0.263714 0
0.405703 0
0.411013 0
0.092747 0
0.653509 0
0.016471 0
1.384036 0
0.020565 0
0.650807 0
1.420979 0
0.507876 0
0.637497 0
0.123657 0
0.531947 0
0.902702 0
1.165735 0
1.287935 0
0.648597 0
0.904163 0
0.542726 0
0.395480 0
1.607222 0
0.302812 0
0.231531 0
1.362982 0
0.005811 0
0.820078 0
0.675586 0
1.376313 0
0.589475 0
0.280549 0
0.153421 0
0.887959 0
0.047494 0
0.312038 0
0.139027 0
0.001712 0
0.195853 0
0.898192 0
0.096085 0
0.551373 0
0.083370 0
1.437971 0
0.013302 0
0.625973 0
0.093531 0
0.203690 0
0.131879 0
0.076282 0
0.052012 0
0.212962 0
0.346551 0
0.127167 0
0.357583 0
0.016311 0
0.211387 0
0.156244 0
0.307494 0
0.373416 0
1.384950 0
0.043190 0
0.028991 0
0.212219 0
0.327624 0
1.587440 0
0.858849 0
0.995388 0
0.337697 0
0.695001 0
0.727040 0
1.389183 0
0.316870 0
0.364942 0
0.424212 0
1.227831 0
0.584499 0
1.306216 0
0.247064 0
0.294656 0
0.803506 0
0.498578 0
0.809098 0
0.162429 0
0.700214 0
0.572532 0
0.188076 0
0.078926 0
0.774518 0
0.364961 0
1.197381 0
0.704288 0
0.528278 0
0.261316 0
0.352013 0
0.361247 0
1.341513 0
0.613395 0
0.091608 0
0.052907 0
1.506643 0
0.420964 0
0.047996 0
0.474966 0
0.343107 0
1.304804 0
1.059784 0
0.172755 0
0.515556 0
0.954865 0
0.514461 0
0.189296 0
1.662437 0
0.593111 0
0.075225 0
0.494642 0
0.142586 0
0.194935 0
0.284259 0
0.009588 0
0.307892 0
0.203611 0
1.449965 0
0.428168 0
0.141495 0
0.183288 0
0.375949 0
0.306310 0
0.046097 0
0.051974 0
0.411666 0
1.021867 0
0.767669 0
0.524582 0
0.196124 0
0.152560 0
1.162043 0
0.236521 0
0.077325 0
0.015961 0
0.147911 0
0.404494 0
1.144629 0
0.192879 0
0.485070 0
0.148259 0
0.483402 0
0.521650 0
0.678582 0
1.222423 0
0.467314 0
1.526771 0
0.409207 0
1.306134 0
0.562367 0
0.816643 0
0.355661 0
0.628057 0
0.247216 0
0.501534 0
0.201607 0
1.402688 0
0.237107 0
0.790001 0
0.624621 0
0.094052 0
0.759717 0
0.801988 0
0.610115 0
0.041137 0
0.313221 0
0.427640 0
0.024633 0
0.451470 0
0.069161 0
0.361125 0
0.290506 0
0.035056 0
0.201444 0
0.571965 0
0.425986 0
0.174410 0
0.909750 0
0.190579 0
0.184835 0
1.001354 0
0.491449 0
0.324659 0
1.457699 0
0.635597 0
1.161658 0
0.943951 0
0.157181 0
0.258488 0
0.034007 0
0.254939 0
0.102932 0
1.534959 0
1.026067 0
0.383449 0
0.212698 0
0.450727 0
0.530604 0
0.026631 0
0.929172 0
0.622208 0
0.768765 0
0.857498 0
0.503723 0
0.138667 0
0.054985 0
0.022016 0
0.227562 0
0.268367 0
0.146077 0
0.552401 0
0.056063 0
0.457697 0
0.172382 0
0.424436 0
0.324765 0
0.674178 0
0.079392 0
0.834022 0
1.497701 0
0.458592 0
0.042838 0
0.918222 0
0.389609 0
0.358765 0
0.814499 0
0.301461 0
0.202984 0
0.077667 0
0.385328 0
0.176440 0
0.843627 0
0.180664 0
0.045602 0
0.838835 0
0.270509 0
0.074348 0
0.772309 0
1.398088 0
0.125918 0
0.026907 0
0.942843 0
1.117419 0
0.162893 0
0.199463 0
0.198723 0
1.005135 0
0.164605 0
0.908866 0
0.436989 0
0.382851 0
0.408330 0
0.231799 0
0.139286 0
0.321518 0
1.805652 0
0.406807 0
1.548168 0
1.121005 0
0.785298 0
0.499383 0
1.106152 0
0.134855 0
0.180309 0
0.105246 0
0.108922 0
1.374323 0
0.835240 0
0.469948 0
0.856227 0
0.091090 0
0.821624 0
0.386842 0
0.100690 0
1.055130 0
0.573298 0
0.940021 0
0.386159 0
0.496306 0
0.655973 0
0.009566 0
0.250257 0
1.536747 0
1.349165 0
0.382022 0
0.399117 0
1.268592 0
0.225268 0
0.481329 0
1.471126 0
0.656040 0
0.781988 0
0.969165 0
1.431412 0
0.244400 0
0.294323 0
0.094603 0
0.084445 0
1.659410 0
0.244243 0
1.406512 0
0.400122 0
0.089706 0
1.427832 0
0.012430 0
0.529252 0
0.603241 0
0.109689 0
0.837088 0
0.488009 0
0.559324 0
0.251203 0
0.398747 0
0.101031 0
1.242614 0
0.288167 0
0.117102 0
0.969198 0
0.129942 0
1.048806 0
0.234028 0
0.390554 0
0.627091 0
1.423245 0
0.113320 0
1.151740 0
0.982252 0
0.495345 0
0.346178 0
0.771866 0
0.677011 0
1.054718 0
0.569352 0
0.565571 0
0.451622 0
0.599089 0
0.235069 0
0.118930 0
0.183102 0
0.081799 0
1.490996 0
1.195493 0
0.610188 0
0.629422 0
1.303937 0
0.913540 0
0.914145 0
0.756030 0
1.072355 0
0.828803 0
0.957148 0
1.548973 0
0.971071 0
0.147643 0
0.270852 0
1.005059 0
0.102280 0
0.584465 0
0.421485 0
0.027241 0
0.277954 0
0.016728 0
0.020043 0
0.177792 0
0.144641 0
0.205292 0
1.097839 0
0.726384 0
0.216345 0
0.036729 0
0.030861 0
0.238669 0
0.519226 0
0.198375 0
1.602197 0
0.098469 0
1.725662 0
0.024455 0
0.724020 0
0.153546 0
1.129775 0
1.147952 0
0.420644 0
1.090032 0
0.042375 0
0.464975 0
0.468066 0
1.397216 0
0.164058 0
0.018422 0
0.622733 0
0.683248 0
0.116202 0
0.280852 0
0.411639 0
0.854003 0
0.142370 0
0.440719 0
0.023511 0
0.221325 0
0.577184 0
0.111749 0
1.389001 0
0.221514 0
0.015929 0
0.063193 0
0.062551 0
0.056015 0
0.205999 0
0.123487 0
0.362895 0
0.471683 0
1.404470 0
1.016545 0
0.006971 0
0.839184 0
0.156028 0
0.059620 0
0.104672 0
0.243380 0
0.054744 0
0.868362 0
0.332870 0
0.166483 0
0.976318 0
0.868866 0
1.172550 0
0.457124 0
0.791632 0
0.241475 0
0.410977 0
0.022131 0
0.207474 0
2.088306 0
0.458023 0
0.268863 0
0.320607 0
1.510409 0
0.160886 0
0.378858 0
0.375659 0
0.426280 0
0.396002 0
0.236610 0
0.205883 0
1.191002 0
0.205528 0
0.225628 0
0.742032 0
0.152192 0
0.072239 0
0.169372 0
0.600139 0
0.855649 0
0.208706 0
0.054462 0
0.779467 0
0.619825 0
0.454283 0
0.654202 0
1.545661 0
0.283175 0
0.149583 0
0.597934 0
0.949952 0
0.063328 0
0.162991 0
0.394355 0
0.198755 0
0.270783 0
0.078569 0
0.938403 0
0.214651 0
0.352423 0
0.441794 0
0.094132 0
0.485827 0
0.378977 0
0.508915 0
1.642975 0
1.430945 0
0.849169 0
0.710856 0
0.823613 0
0.307278 0
0.048519 0
0.482602 0
1.109211 0
0.707889 0
0.372335 0
0.518306 0
0.515183 0
0.085514 0
0.630061 0
0.246481 0
1.254159 0
0.572526 0
1.531940 0
0.809086 0
1.253525 0
0.054337 0
0.511337 0
0.307981 0
0.300085 0
0.489438 0
1.362305 0
0.202159 0
0.329758 0
0.117916 0
0.655946 0
0.126995 0
0.476913 0
0.308164 0
0.235131 0
1.040188 0
1.496525 0
0.111917 0
1.362586 0
0.430002 0
0.053246 0
0.307992 0
1.154417 0
0.196752 0
0.003286 0
0.939965 0
0.358843 0
0.363878 0
0.150919 0
0.001887 0
0.635576 0
0.197777 0
0.167627 0
0.112564 0
0.958984 0
0.384883 0
1.667751 0
0.487549 0
0.011113 0
1.664470 0
0.153061 0
0.023051 0
0.295605 0
0.298268 0
0.232568 0
0.024657 0
0.719694 0
0.501053 0
0.834101 0
1.350347 0
1.441658 0
0.483461 0
1.679570 0
0.366158 0
0.280287 0
0.285428 0
0.438960 0
0.674304 0
0.377352 0
0.503738 0
0.423459 0
0.867236 0
0.190212 0
0.586757 0
0.193571 0
0.242428 0
0.325023 0
0.704636 0
1.838561 0
0.390423 0
0.645759 0
0.047067 0
0.052282 0
0.178295 0
0.093915 0
0.574764 0
1.393642 0
0.672320 0
0.077120 0
0.067520 0
0.886844 0
0.043664 0
0.057104 0
0.704507 0
0.190454 0
0.283222 0
0.298121 0
0.053476 0
1.275061 0
0.994047 0
0.398986 0
0.351352 0
0.607315 0
0.201122 0
0.582112 0
0.999734 0
1.526213 0
0.421388 0
0.893120 0
0.787653 0
0.077729 0
0.272532 0
0.159538 0
0.261229 0
0.094167 0
0.261529 0
0.125950 0
0.018586 0
0.071711 0
0.275449 0
0.127593 0
0.168480 0
0.671108 0
0.428302 0
1.495956 0
0.715192 0
0.813091 0
0.114801 0
0.352692 0
0.266192 0
0.051505 0
0.168959 0
1.525576 0
0.448662 0
0.080418 0
0.283414 0
0.170543 0
0.096692 0
0.620015 0
0.233886 0
1.214681 0
0.967780 0
0.541918 0
0.642847 0
0.074579 0
0.417043 0
0.301517 0
0.129847 0
1.122108 0
0.872742 0
0.302543 0
0.725835 0
0.976068 0
1.075261 0
1.066485 0
0.425491 0
0.167569 0
0.358022 0
0.285002 0
0.011223 0
0.286909 0
0.081737 0
0.491473 0
1.667822 0
0.706727 0
1.672268 0
0.738438 0
0.501495 0
0.363741 0
0.412990 0
0.893071 0
0.497128 0
0.732141 0
0.684533 0
0.459937 0
0.180426 0
0.332714 0
0.898692 0
0.636745 0
0.343636 0
0.057008 0
0.509278 0
0.484343 0
0.413500 0
0.178174 0
0.150845 0
0.627221 0
0.447231 0
0.538194 0
1.405335 0
1.383848 0
1.673473 0
0.574393 0
0.160369 0
1.583885 0
0.022537 0
0.183300 0
0.450628 0
0.586835 0
0.062888 0
0.402102 0
0.517785 0
0.252251 0
0.279059 0
0.035628 0
0.581924 0
0.556704 0
0.078837 0
0.266856 0
0.171435 0
0.344849 0
0.049904 0
0.937364 0
0.618822 0
0.035793 0
0.500287 0
0.050854 0
0.276074 0
0.775877 0
0.907546 0
0.392888 0
0.094886 0
0.198754 0
1.563185 0
0.565424 0
0.015051 0
0.606609 0
0.270853 0
1.018966 0
0.227659 0
0.063124 0
0.141586 0
0.114168 0
0.152244 0
0.106233 0
0.527154 0
0.487266 0
0.351995 0
0.913112 0
0.566631 0
0.481134 0
0.197727 0
0.220323 0
0.686160 0
0.857294 0
0.559489 0
0.706809 0
0.015918 0
0.078197 0
0.017558 0
1.048637 0
0.658498 0
0.389888 0
0.109112 0
0.100320 0
0.048154 0
0.303161 0
0.679899 0
0.378050 0
1.346509 0
0.152925 0
0.423361 0
1.013512 0
0.642922 0
0.744734 0
0.258080 0
0.588637 0
1.395441 0
0.998763 0
0.572449 0
0.771585 0
0.109904 0
0.178350 0
0.218515 0
0.387404 0
0.234713 0
1.552059 0
0.203768 0
0.536792 0
0.811467 0
0.180231 0
0.094857 0
0.392695 0
0.102316 0
0.236853 0
0.707224 0
0.650249 0
0.063553 0
0.432755 0
0.101590 0
0.835702 0
0.718352 0
1.104456 0
0.070336 0
0.360016 0
0.721047 0
0.478178 0
0.772001 0
1.500964 0
1.417291 0
0.520557 0
0.106909 0
0.131130 0
0.534559 0
0.263256 0
0.250951 0
0.020746 0
0.128395 0
0.094285 0
1.407911 0
0.138151 0
0.074250 0
0.093435 0
0.461047 0
0.130313 0
0.136233 0
0.519965 0
0.129293 0
0.602138 0
1.464819 0
0.521995 0
0.171221 0
0.435977 0
0.164611 0
0.069670 0
0.032705 0
0.392664 0
0.361927 0
0.394560 0
0.103021 0
0.805638 0
0.858346 0
1.860282 0
1.015737 0
0.062660 0
1.428542 0
0.039028 0
0.392867 0
0.922222 0
0.329068 0
0.421708 0
0.227942 0
0.250469 0
0.453432 0
0.126954 0
0.258192 0
1.359388 0
0.888947 0
0.133604 0
0.093916 0
0.174822 0
1.540600 0
0.497757 0
0.882188 0
0.146908 0
1.051582 0
0.241806 0
0.102049 0
0.105857 0
0.963581 0
0.232885 0
0.000987 0
1.540198 0
0.411653 0
0.139927 0
1.164034 0
0.288102 0
1.507234 0
0.459114 0
0.276537 0
0.223580 0
0.380540 0
0.032379 0
0.412587 0
0.240592 0
0.126757 0
0.151803 0
0.352200 0
0.171505 0
0.240604 0
0.132546 0
0.129821 0
0.326452 0
0.964133 0
0.189204 0
0.580424 0
1.082126 0
1.276087 0
0.688214 0
1.716834 0
0.613511 0
0.776071 0
0.685056 0
0.244344 0
0.839921 0
0.773389 0
0.657313 0
0.257930 0
0.571291 0
0.591849 0
0.388036 0
0.173632 0
0.096407 0
0.366489 0
0.439594 0
0.216597 0
0.499659 0
0.332283 0
1.402269 0
0.319072 0
0.053130 0
0.466816 0
0.414569 0
0.474783 0
0.761923 0
0.560030 0
0.008280 0
0.878737 0
0.227801 0
0.868420 0
0.792748 0
0.506807 0
0.836647 0
0.010916 0
0.519500 0
0.519177 0
0.388449 0
0.163788 0
1.709603 0
0.578752 0
0.328304 0
2.412759 0
0.332604 0
0.241344 0
1.096295 0
0.494240 0
0.053675 0
0.432332 0
0.294038 0
0.018923 0
0.069162 0
0.050838 0
0.104590 0
1.517901 0
0.390047 0
0.776343 0
1.320975 0
0.476684 0
0.085706 0
0.264842 0
0.307397 0
0.778761 0
0.426007 0
0.056532 0
1.181856 0
0.634319 0
0.208307 0
0.116891 0
0.694427 0
0.411069 0
1.152216 0
0.367550 0
0.711784 0
0.873945 0
0.515652 0
0.626047 0
0.825238 0
0.086071 0
0.255149 0
1.192924 0
0.112811 0
0.373419 0
0.603378 0
0.527632 0
0.045634 0
0.988755 0
0.016872 0
0.020511 0
0.261005 0
0.619545 0
1.395139 0
0.611566 0
0.478853 0
1.356624 0
1.375876 0
0.527838 0
0.829925 0
0.237867 0
1.385520 0
0.711068 0
0.193239 0
0.237403 0
0.320703 0
0.251922 0
0.041311 0
0.229825 0
0.228335 0
0.602255 0
0.087351 0
0.232328 0
1.027617 0
1.339844 0
0.292923 0
0.179597 0
0.827160 0
0.734782 0
0.057702 0
0.080015 0
0.813263 0
0.061350 0
0.108778 0
0.220017 0
0.394390 0
1.102463 0
0.223039 0
0.987126 0
0.189337 0
0.318788 0
0.508489 0
0.045944 0
0.062487 0
0.163882 0
0.221891 0
1.397560 0
0.349285 0
0.304393 0
1.116855 0
0.056084 0
0.064017 0
0.718353 0
0.080541 0
0.350802 0
0.314217 0
0.885916 0
0.498272 0
0.496863 0
0.088763 0
0.112194 0
0.333975 0
0.216323 0
0.149436 0
1.113325 0
0.136371 0
0.194412 0
0.973393 0
0.319145 0
0.271555 0
0.089189 0
0.143073 0
0.237739 0
0.611744 0
1.179239 0
0.221453 0
0.567269 0
0.050992 0
0.258050 0
0.703511 0
1.764726 0
0.110896 0
0.215848 0
0.005880 0
1.588892 0
0.376548 0
0.284129 0
0.028797 0
0.691426 0
0.908883 0
0.128328 0
0.342531 0
0.415300 0
0.424863 0
0.283634 0
0.240461 0
1.266887 0
0.240862 0
0.328535 0
0.947090 0
0.723573 0
0.000674 0
0.573947 0
0.691399 0
0.329514 0
0.634791 0
0.411228 0
0.507342 0
0.830311 0
0.120277 0
1.282017 0
0.205365 0
0.350096 0
0.797105 0
0.306765 0
0.488516 0
0.815331 0
1.420341 0
0.280974 0
0.949723 0
0.475286 0
0.460244 0
0.076002 0
0.288984 0
0.111923 0
0.933057 0
0.213372 0
0.035740 0
0.047062 0
1.627889 0
0.095914 0
0.023975 0
0.453891 0
0.423684 0
1.274391 0
0.141666 0
0.184525 0
0.293401 0
0.222576 0
0.285779 0
0.013052 0
0.658119 0
0.638602 0
0.541614 0
1.013181 0
1.121076 0
0.626652 0
0.043756 0
0.169370 0
1.746868 0
0.010760 0
0.212935 0
0.756235 0
0.043257 0
0.325306 0
0.302037 0
0.115546 0
0.360020 0
0.751376 0
0.503453 0
0.102077 0
1.286172 0
0.209648 0
0.655535 0
0.919276 0
0.424865 0
0.112707 0
0.354677 0
1.386542 0
1.245214 0
0.364225 0
0.072132 0
1.363940 0
0.591321 0
0.002583 0
0.464088 0
1.496755 0
0.463229 0
0.298969 0
0.080243 0
0.187207 0
0.045017 0
0.017885 0
0.012273 0
0.624974 0
0.644101 0
1.528229 0
0.241690 0
0.249374 0
1.170702 0
0.037313 0
0.490639 0
0.450430 0
0.053742 0
0.811372 0
0.223052 0
0.277397 0
0.087725 0
0.166800 0
0.861045 0
0.110846 0
0.124755 0
0.324127 0
1.142919 0
0.835229 0
0.342789 0
1.436241 0
0.642529 0
0.419487 0
0.185865 0
1.352425 0
0.843673 0
0.073222 0
1.476463 0
0.211758 0
0.079658 0
0.344000 0
0.078333 0
0.690425 0
0.392168 0
1.530685 0
0.202529 0
0.354292 0
0.803799 0
0.699957 0
0.112458 0
0.083525 0
0.024957 0
0.008054 0
0.400631 0
0.371712 0
0.373551 0
0.671993 0
0.101719 0
0.594409 0
0.168226 0
0.320468 0
0.653775 0
0.955422 0
0.644781 0
0.644801 0
0.095519 0
0.307345 0
0.108677 0
0.439597 0
0.686570 0
0.780517 0
0.349775 0
0.056498 0
0.026247 0
0.215482 0
0.219197 0
0.036110 0
0.379035 0
0.597110 0
0.337517 0
0.171878 0
0.134310 0
0.011875 0
0.720455 0
0.320045 0
0.066414 0
0.078235 0
0.167524 0
0.380678 0
0.749057 0
0.116147 0
0.675358 0
0.115326 0
0.351868 0
0.112785 0
0.459514 0
0.138877 0
0.156289 0
1.083843 0
0.034116 0
0.377290 0
0.152286 0
0.321488 0
0.203782 0
0.286309 0
0.390804 0
0.652495 0
0.256263 0
0.286757 0
1.478402 0
0.443615 0
0.766187 0
0.311054 0
1.221855 0
0.433403 0
0.413844 0
0.326663 0
0.574963 0
0.257055 0
0.549129 0
0.061833 0
0.207866 0
0.906719 0
0.453664 0
0.561658 0
1.112021 0
0.813944 0
0.479500 0
1.225096 0
0.145360 0
0.954259 0
0.610007 0
0.403838 0
1.630654 0
0.040254 0
0.780626 0
0.365106 0
0.126314 0
0.149478 0
0.020918 0
0.313591 0
0.063581 0
0.475426 0
0.316144 0
1.137983 0
1.177097 0
0.393705 0
0.188498 0
0.448642 0
0.134978 0
1.337758 0
0.013443 0
1.315740 0
0.374215 0
0.215307 0
0.088719 0
0.005333 0
0.322694 0
0.221409 0
0.510253 0
0.713452 0
1.040482 0
0.118228 0
0.275406 0
1.051314 0
0.318170 0
0.123538 0
0.113255 0
0.046032 0
0.885621 0
0.111060 0
0.671873 0
0.217480 0
0.406014 0
0.927374 0
1.046486 0
0.139195 0
0.192387 0
0.170113 0
0.909951 0
1.268324 0
0.596115 0
0.852929 0
0.125680 0
0.594774 0
0.338040 0
1.006631 0
0.917879 0
0.610236 0
0.136339 0
0.622965 0
0.514475 0
1.327011 0
0.410368 0
0.272517 0
0.642749 0
0.384328 0
1.347180 0
0.090733 0
0.411309 0
0.222859 0
0.029386 0
0.011902 0
0.334750 0
