0.365769 0
0.558666 0
0.246210 0
1.766094 0
1.398608 0
0.115321 0
0.545066 0
0.635662 0
1.451466 0
0.154256 0
0.443662 0
0.432110 0
0.188462 0
0.641742 0
0.053870 0
1.229952 0
0.156748 0
0.511251 0
0.130651 0
1.457940 0
0.108728 0
0.043058 0
0.058099 0
0.114464 0
0.113954 0
0.160568 0
0.114799 0
1.484395 0
0.630227 0
0.042468 0
0.182595 0
0.602693 0
0.068811 0
0.732258 0
0.134919 0
0.588671 0
0.341565 0
0.659857 0
1.392561 0
0.086656 0
1.520073 0
0.959502 0
0.135169 0
0.310853 0
0.366735 0
0.098550 0
0.645996 0
0.218120 0
0.065115 0
0.233174 0
0.442971 0
0.502342 0
1.081778 0
1.320884 0
0.281737 0
0.080358 0
0.485298 0
0.738551 0
0.324125 0
0.278249 0
1.028174 0
0.019512 0
0.776659 0
0.216090 0
0.158296 0
0.399417 0
0.151584 0
0.411996 0
0.541056 0
0.220795 0
0.609397 0
1.583760 0
0.291311 0
0.536025 0
0.115248 0
0.442295 0
1.752438 0
0.337275 0
0.283915 0
0.263181 0
0.527973 0
0.385699 0
0.591070 0
0.365876 0
0.732177 0
0.319207 0
0.660547 0
1.050964 0
0.965834 0
0.319615 0
0.186264 0
0.049556 0
0.119875 0
0.585784 0
0.261663 0
0.398946 0
0.225429 0
0.005375 0
0.292488 0
0.799370 0
0.467438 0
1.697095 0
0.292399 0
1.507228 0
0.685592 0
1.107528 0
0.171693 0
0.648720 0
0.071791 0
0.788734 0
0.165286 0
0.233989 0
0.146025 0
0.032812 0
0.357998 0
0.361486 0
0.430507 0
0.506529 0
0.543744 0
0.098532 0
0.909081 0
0.163053 0
1.067213 0
1.415568 0
0.410934 0
0.817094 0
1.202417 0
0.133177 0
0.302676 0
0.086976 0
0.493919 0
0.070002 0
0.303225 0
0.042905 0
0.659564 0
0.196089 0
0.120251 0
1.102360 0
0.053986 0
1.139578 0
0.711711 0
0.716179 0
0.280058 0
0.034494 0
0.774041 0
0.339075 0
1.047154 0
0.553584 0
0.787685 0
0.881806 0
0.074129 0
0.140439 0
1.263074 0
0.050978 0
0.117124 0
0.269072 0
0.844732 0
0.334679 0
0.365803 0
0.248148 0
0.125889 0
0.997320 0
0.227718 0
1.494618 0
0.047821 0
0.044298 0
1.162492 0
0.523777 0
1.710468 0
0.067013 0
0.393525 0
0.030371 0
0.328095 0
0.205648 0
0.079059 0
0.214179 0
0.627556 0
0.851771 0
0.167219 0
0.239248 0
0.310048 0
0.089350 0
0.312591 0
1.410190 0
0.440741 0
0.453928 0
2.372819 0
1.226914 0
0.344678 0
0.220357 0
0.584278 0
1.980219 0
0.039295 0
0.103870 0
0.130910 0
0.375679 0
0.342385 0
0.033101 0
0.751759 0
0.207080 0
0.100193 0
0.284137 0
0.479208 0
0.094354 0
0.243643 0
0.614142 0
0.327479 0
0.393470 0
1.074976 0
0.194240 0
0.446395 0
0.039374 0
0.337303 0
0.397817 0
0.359523 0
0.010455 0
0.214502 0
0.320965 0
0.075088 0
0.225372 0
0.885508 0
0.127691 0
1.696658 0
0.065693 0
0.432202 0
0.351990 0
0.939198 0
0.137701 0
0.224853 0
1.398493 0
0.460343 0
0.738720 0
0.160233 0
0.197962 0
0.427264 0
1.150823 0
1.247033 0
0.188972 0
0.234263 0
0.169990 0
0.050864 0
0.236917 0
0.108733 0
0.310764 0
1.121071 0
0.084416 0
0.131176 0
0.107971 0
0.138642 0
1.449422 0
0.519341 0
0.064328 0
1.181674 0
0.182834 0
0.323417 0
0.471377 0
0.699496 0
0.402177 0
0.073322 0
0.130939 0
1.795104 0
0.101819 0
1.272894 0
0.083692 0
0.518954 0
0.554637 0
0.438581 0
0.188092 0
0.768738 0
1.003088 0
0.064368 0
0.074820 0
0.560985 0
0.371958 0
0.177906 0
0.368312 0
0.954461 0
0.108299 0
0.242362 0
0.559882 0
1.478302 0
0.831448 0
0.410580 0
0.891583 0
0.494022 0
0.302327 0
0.185816 0
2.341261 0
0.632034 0
0.081222 0
1.101265 0
0.406697 0
0.016230 0
1.063325 0
1.584897 0
1.395839 0
0.015572 0
0.039037 0
0.234895 0
0.167197 0
0.565262 0
0.072659 0
0.296589 0
0.312785 0
0.027943 0
0.324578 0
1.042761 0
0.383275 0
0.591175 0
1.577616 0
0.046329 0
0.157847 0
1.001717 0
0.002921 0
0.313250 0
0.175199 0
0.621737 0
0.142120 0
0.923943 0
0.366334 0
0.783890 0
0.056389 0
0.250191 0
0.270964 0
1.333641 0
0.527599 0
0.575391 0
0.458052 0
0.962163 0
0.312628 0
0.497342 0
0.173642 0
0.518768 0
0.395972 0
1.108393 0
0.781667 0
1.159780 0
0.047340 0
1.016289 0
0.042480 0
1.414572 0
0.552866 0
0.618516 0
0.208687 0
0.129945 0
0.097198 0
0.402997 0
1.361258 0
1.418720 0
0.983963 0
0.107021 0
0.405977 0
0.460468 0
0.148432 0
1.381545 0
0.270681 0
0.197453 0
0.907374 0
0.224408 0
0.433358 0
0.830885 0
0.011025 0
0.262268 0
0.109111 0
0.104503 0
0.052976 0
0.067980 0
0.033128 0
2.210692 0
0.007375 0
0.777628 0
0.844843 0
0.109657 0
0.339795 0
0.030201 0
0.064447 0
1.101984 0
0.448808 0
0.940565 0
0.478359 0
0.941869 0
0.651931 0
0.011677 0
0.176977 0
0.150054 0
0.544161 0
0.911627 0
0.317535 0
1.029437 0
0.870423 0
0.083157 0
0.101079 0
0.160793 0
0.414976 0
0.003260 0
0.036930 0
0.830739 0
0.266147 0
1.012868 0
1.589727 0
0.084025 0
0.184047 0
0.131341 0
0.321512 0
0.295906 0
0.238240 0
0.182726 0
0.011447 0
0.484777 0
0.028514 0
0.272463 0
0.796278 0
0.673545 0
0.057682 0
0.162992 0
0.173862 0
0.007513 0
0.049273 0
0.504304 0
0.202197 0
1.345210 0
0.766408 0
0.272408 0
0.345550 0
0.202904 0
0.465040 0
0.169814 0
1.226654 0
0.275805 0
0.292518 0
0.215558 0
0.947264 0
0.353398 0
0.184743 0
0.765533 0
0.580372 0
0.289489 0
0.030248 0
0.319455 0
1.006586 0
1.101340 0
1.501543 0
0.112002 0
0.554848 0
0.212932 0
0.516933 0
0.940720 0
0.634773 0
0.719310 0
0.344508 0
0.237646 0
0.140422 0
0.146376 0
0.044763 0
0.323474 0
0.317697 0
0.018479 0
0.961664 0
0.074490 0
0.838666 0
0.367010 0
0.434724 0
0.137752 0
0.840826 0
1.503723 0
0.407157 0
0.421018 0
0.189597 0
0.436865 0
1.356274 0
0.743060 0
0.200934 0
0.086914 0
1.393312 0
0.200386 0
0.343853 0
0.071041 0
0.598047 0
0.237602 0
0.184773 0
0.375236 0
0.193246 0
1.517313 0
0.037567 0
0.186951 0
0.731419 0
0.008388 0
0.724161 0
0.772214 0
1.020863 0
0.513539 0
0.031968 0
0.071786 0
0.160263 0
0.355516 0
0.069230 0
0.275554 0
0.064557 0
0.054306 0
0.379866 0
0.157733 0
0.598055 0
0.184012 0
0.599593 0
0.159390 0
0.437115 0
0.541667 0
0.033757 0
0.587945 0
0.672513 0
0.362944 0
0.097820 0
0.975943 0
1.395983 0
0.730694 0
0.652073 0
1.282829 0
1.939276 0
0.859032 0
1.012164 0
0.070148 0
1.041228 0
0.657526 0
0.076533 0
0.120990 0
0.289587 0
0.034183 0
0.129246 0
0.183670 0
0.285585 0
0.121413 0
0.452788 0
0.039003 0
0.095681 0
0.259794 0
0.106196 0
0.112930 0
0.072769 0
0.177768 0
0.135496 0
1.137041 0
1.134702 0
0.311507 0
1.046767 0
0.145022 0
1.315897 0
0.481138 0
0.008825 0
0.290211 0
1.530648 0
0.611745 0
0.418815 0
0.282726 0
0.210013 0
0.361149 0
1.401807 0
1.467440 0
0.343757 0
0.009589 0
0.778888 0
0.224711 0
0.464474 0
0.340345 0
0.200701 0
0.514115 0
0.213411 0
0.595670 0
0.291288 0
0.282709 0
0.701744 0
0.494189 0
0.824948 0
0.904326 0
0.010202 0
0.647410 0
0.973126 0
0.215174 0
1.308670 0
0.254949 0
0.144731 0
0.393843 0
0.335104 0
0.322224 0
0.233066 0
0.320100 0
0.298087 0
0.289898 0
0.352853 0
0.368755 0
0.053263 0
0.646773 0
0.695600 0
0.126222 0
0.107578 0
0.258051 0
0.895496 0
0.882252 0
0.056050 0
0.493507 0
1.050188 0
0.022280 0
0.073902 0
0.203207 0
0.018361 0
0.082631 0
0.203632 0
0.469677 0
0.862778 0
0.152960 0
0.737646 0
0.076257 0
1.175263 0
0.295665 0
0.154314 0
1.209577 0
0.569130 0
0.529677 0
0.108365 0
0.111763 0
0.121871 0
0.485310 0
0.419788 0
0.490280 0
2.986848 0
1.130747 0
0.357370 0
0.421514 0
0.733136 0
0.623538 0
0.116378 0
0.171574 0
0.434779 0
0.505827 0
0.366034 0
1.530337 0
1.316373 0
0.150546 0
0.631205 0
0.262334 0
0.626286 0
0.137994 0
0.746770 0
1.501478 0
0.223217 0
0.033332 0
0.706058 0
0.192653 0
0.249906 0
0.440904 0
0.190618 0
0.036777 0
0.404748 0
0.358712 0
0.300341 0
1.056885 0
0.605996 0
0.653505 0
0.139339 0
1.109574 0
0.858753 0
0.231976 0
0.059711 0
0.018791 0
0.346014 0
0.063140 0
0.152489 0
0.183198 0
0.679890 0
0.031918 0
0.373839 0
0.120085 0
0.700032 0
0.842377 0
0.207684 0
0.231601 0
0.530684 0
0.068472 0
0.565918 0
0.105168 0
0.879346 0
1.266313 0
1.577420 0
0.499838 0
0.513815 0
0.118106 0
0.879329 0
0.279799 0
0.013480 0
0.142547 0
0.057737 0
0.016436 0
0.265361 0
0.051610 0
0.599486 0
1.097856 0
0.363158 0
0.672210 0
1.183675 0
0.405905 0
0.958742 0
0.066216 0
0.293089 0
0.479163 0
0.097157 0
0.497353 0
0.181000 0
1.553549 0
0.034680 0
0.958895 0
0.189941 0
0.175802 0
0.513463 0
0.809998 0
0.281985 0
0.457801 0
0.733878 0
0.128506 0
0.069516 0
0.142211 0
0.547929 0
0.014995 0
1.370403 0
0.085388 0
0.720510 0
0.184316 0
0.927531 0
0.148387 0
0.458543 0
0.369413 0
0.042887 0
0.505540 0
0.894458 0
1.483402 0
1.125303 0
1.121221 0
0.580054 0
0.853557 0
1.469746 0
0.497445 0
0.202440 0
0.128756 0
0.407834 0
0.531163 0
0.949355 0
0.462724 0
0.385611 0
0.382844 0
0.086529 0
0.658212 0
0.100643 0
0.337377 0
0.030528 0
0.427187 0
0.297483 0
0.151936 0
0.458883 0
0.150275 0
0.657248 0
0.131926 0
0.728755 0
0.223698 0
0.135353 0
0.954939 0
1.109134 0
0.665674 0
0.698814 0
1.421278 0
0.706850 0
0.581164 0
0.243594 0
0.709020 0
0.448752 0
0.308232 0
0.050107 0
0.367519 0
1.107154 0
0.224003 0
0.160320 0
0.296512 0
0.190596 0
0.400738 0
1.432459 0
0.390876 0
0.593145 0
0.597918 0
0.617653 0
0.460004 0
0.229923 0
0.567646 0
0.160087 0
0.724530 0
0.491672 0
0.345731 0
0.178747 0
0.672870 0
0.547707 0
0.097255 0
0.108071 0
0.389601 0
0.114273 0
0.653164 0
0.737353 0
0.085116 0
0.948377 0
1.507850 0
1.656422 0
1.677694 0
0.250509 0
0.222199 0
0.971820 0
0.663141 0
0.417284 0
0.066475 0
0.778500 0
0.144218 0
0.005798 0
0.476734 0
0.017240 0
0.029181 0
0.118078 0
0.944720 0
0.288143 0
0.078190 0
1.620887 0
0.225310 0
1.909885 0
0.382463 0
0.141529 0
0.181844 0
0.107594 0
1.218973 0
0.352093 0
0.429268 0
1.075493 0
0.788512 0
0.432920 0
0.158065 0
1.442850 0
0.137369 0
0.075375 0
0.397365 0
1.109753 0
0.264589 0
1.402994 0
0.204374 0
0.389151 0
0.071181 0
0.672401 0
0.935449 0
1.083784 0
1.015875 0
0.092862 0
0.531007 0
0.219838 0
1.469325 0
0.802380 0
0.060006 0
0.300032 0
0.295981 0
0.257045 0
0.681860 0
0.093057 0
0.528844 0
0.471774 0
0.498988 0
0.098792 0
0.249733 0
0.630567 0
0.401646 0
1.691038 0
0.144274 0
0.041622 0
0.477735 0
0.045642 0
1.231905 0
0.337566 0
1.068555 0
0.155178 0
1.254409 0
1.323504 0
0.101182 0
0.079256 0
0.631224 0
0.262260 0
0.476906 0
0.085518 0
0.111774 0
0.262684 0
0.113843 0
0.179983 0
0.653704 0
1.385276 0
0.057957 0
0.438702 0
0.130637 0
1.389325 0
0.166985 0
0.395238 0
0.317587 0
1.362443 0
0.173770 0
0.051173 0
0.415801 0
0.090050 0
0.361655 0
0.528638 0
0.380904 0
0.957460 0
0.248760 0
0.622799 0
0.356619 0
0.396305 0
0.456263 0
0.029681 0
1.363696 0
1.434333 0
1.284644 0
0.147373 0
0.358183 0
0.218195 0
0.062184 0
0.607124 0
0.443362 0
0.288603 0
0.809229 0
0.630350 0
0.981976 0
0.147836 0
0.351035 0
0.060469 0
0.139277 0
0.761090 0
0.436732 0
0.477387 0
1.459984 0
0.785459 0
0.238886 0
0.148053 0
1.371295 0
0.524111 0
0.244518 0
0.065944 0
0.110556 0
0.166475 0
0.812096 0
0.223037 0
0.236952 0
0.130987 0
0.829928 0
0.639455 0
0.154391 0
0.113391 0
0.341534 0
1.857901 0
0.838186 0
0.269019 0
0.346061 0
0.397097 0
0.166821 0
0.580010 0
0.159118 0
0.106284 0
0.598551 0
0.112133 0
0.258650 0
0.121980 0
0.238586 0
0.021852 0
0.678892 0
0.103767 0
0.163916 0
0.017024 0
0.256712 0
0.972682 0
1.500964 0
0.105912 0
0.938787 0
0.420427 0
0.088700 0
0.370320 0
0.182958 0
0.230129 0
0.039212 0
0.116679 0
0.391296 0
0.538954 0
0.235961 0
1.499874 0
0.376421 0
1.178032 0
0.474065 0
0.814080 0
0.162218 0
0.118080 0
1.582970 0
0.123799 0
0.514305 0
0.328013 0
1.472135 0
0.032289 0
0.072990 0
0.041022 0
0.114892 0
0.313542 0
0.507663 0
0.020251 0
0.802000 0
0.514270 0
1.458203 0
0.119070 0
0.642551 0
0.072631 0
0.177380 0
1.479285 0
0.537514 0
1.381749 0
1.178506 0
1.988814 0
0.405085 0
0.181145 0
1.414483 0
0.095162 0
0.716350 0
0.241864 0
0.236080 0
0.908268 0
0.195172 0
0.108428 0
1.304470 0
0.397392 0
0.281827 0
0.589191 0
0.047177 0
0.877048 0
0.240118 0
0.084481 0
0.480687 0
1.360537 0
0.094197 0
0.390394 0
0.062441 0
0.673615 0
0.229995 0
0.037366 0
0.088167 0
0.490476 0
0.727993 0
0.263662 0
0.049832 0
0.421335 0
0.412532 0
0.743207 0
1.148701 0
0.789435 0
0.392452 0
0.226543 0
0.940473 0
0.123348 0
0.857764 0
0.022523 0
0.142589 0
0.402928 0
1.419015 0
0.285679 0
0.142682 0
1.113544 0
0.413351 0
0.080870 0
0.213198 0
1.451180 0
0.257212 0
0.434109 0
0.057859 0
0.768441 0
0.608674 0
0.050970 0
0.095067 0
0.300279 0
1.176915 0
0.062610 0
1.143616 0
0.117790 0
0.891758 0
0.893601 0
0.441196 0
0.325434 0
0.664660 0
1.079984 0
0.322509 0
0.175982 0
0.487141 0
0.018751 0
0.300103 0
0.333729 0
0.266060 0
0.131004 0
0.763510 0
0.026806 0
0.642733 0
0.171728 0
1.817423 0
0.440326 0
0.415772 0
0.375702 0
0.659267 0
0.577292 0
0.921166 0
0.795581 0
0.811044 0
0.252465 0
1.420047 0
1.220459 0
0.249924 0
0.364585 0
0.136779 0
0.215513 0
0.117755 0
0.073437 0
0.094839 0
0.043862 0
0.200656 0
0.275452 0
0.311030 0
0.651188 0
0.367081 0
0.317441 0
1.446131 0
0.114401 0
1.111340 0
0.445270 0
0.020058 0
0.453972 0
0.265597 0
0.981744 0
0.480099 0
0.222944 0
0.697264 0
0.853800 0
0.344928 0
0.412244 0
0.263305 0
1.447967 0
0.517829 0
0.019498 0
0.106251 0
0.387630 0
0.059618 0
0.218915 0
0.657213 0
1.191271 0
1.461214 0
0.431317 0
0.385912 0
0.946371 0
0.305126 0
1.178234 0
1.517694 0
0.049714 0
1.262598 0
0.124115 0
0.848796 0
0.183379 0
0.570526 0
0.788556 0
0.136720 0
0.529686 0
1.536401 0
1.520430 0
0.327670 0
0.252031 0
0.885031 0
0.154936 0
0.018051 0
0.034570 0
0.356999 0
0.257608 0
0.251087 0
0.407263 0
0.424503 0
0.630890 0
1.211465 0
0.080300 0
0.315173 0
0.667138 0
0.118589 0
1.515199 0
0.227360 0
0.053211 0
0.337820 0
0.513062 0
0.081785 0
0.146717 0
0.577069 0
0.086990 0
0.704735 0
0.314525 0
0.589171 0
0.137116 0
0.262923 0
0.003806 0
0.050912 0
0.445615 0
0.418666 0
0.417274 0
0.456258 0
0.423940 0
1.453063 0
0.129048 0
1.124996 0
0.838931 0
0.101088 0
0.830384 0
0.276510 0
0.060190 0
0.077455 0
0.966700 0
0.903430 0
0.494068 0
1.394021 0
0.941227 0
0.316375 0
0.595279 0
0.169764 0
0.294010 0
1.685206 0
0.079732 0
0.167098 0
0.789789 0
1.442939 0
0.475915 0
0.563633 0
0.289557 0
0.060175 0
0.258758 0
0.105493 0
0.854373 0
0.695015 0
0.590466 0
1.092758 0
0.206529 0
0.116256 0
0.207531 0
0.322390 0
0.120342 0
0.171873 0
0.561979 0
0.434960 0
0.123492 0
0.234910 0
0.522962 0
0.091708 0
0.482884 0
0.830497 0
0.283404 0
0.192199 0
0.019653 0
0.336305 0
0.205390 0
1.174771 0
0.754589 0
0.762753 0
0.959040 0
0.139898 0
1.115558 0
1.364833 0
0.777950 0
0.154345 0
1.293599 0
0.166502 0
0.151900 0
1.337278 0
0.551780 0
0.479917 0
1.488169 0
0.054777 0
0.241860 0
0.983848 0
1.571007 0
0.113680 0
0.400801 0
0.509702 0
0.579553 0
0.578642 0
0.383055 0
0.612788 0
0.366569 0
0.495910 0
0.657793 0
0.891158 0
0.042881 0
0.437769 0
0.309225 0
0.640159 0
0.094932 0
0.403381 0
0.413199 0
0.919642 0
1.569627 0
1.337431 0
0.165617 0
0.371195 0
0.419992 0
0.054097 0
0.512609 0
1.467202 0
0.544210 0
0.408408 0
0.190099 0
1.672409 0
1.960301 0
0.021137 0
0.037890 0
0.574280 0
0.006133 0
0.056353 0
1.215942 0
0.264091 0
0.326845 0
0.469874 0
0.212173 0
0.451341 0
0.441967 0
0.093099 0
0.311645 0
0.019424 0
0.837883 0
0.191501 0
0.110112 0
0.066270 0
0.041364 0
1.180604 0
1.145662 0
0.366622 0
0.269927 0
0.164698 0
0.193427 0
0.755338 0
0.409124 0
0.123272 0
1.236485 0
0.243223 0
0.087858 0
0.544561 0
0.909291 0
1.392745 0
0.563989 0
0.041973 0
0.680986 0
0.118834 0
0.335517 0
0.256469 0
0.633298 0
0.547942 0
0.266606 0
1.258131 0
0.399253 0
0.792388 0
1.450646 0
0.375396 0
0.184981 0
0.157545 0
0.584610 0
0.191767 0
2.318222 0
0.402724 0
0.308873 0
0.032368 0
0.512929 0
0.290274 0
0.564383 0
0.363348 0
0.325347 0
0.305492 0
1.400341 0
0.289840 0
0.428508 0
0.251402 0
0.325097 0
1.249013 0
0.135692 0
0.607035 0
0.099579 0
0.787806 0
0.349180 0
1.265490 0
0.311731 0
0.312823 0
0.537279 0
0.211693 0
1.202085 0
0.012917 0
0.119563 0
0.113137 0
1.174157 0
0.135774 0
1.596435 0
0.581945 0
0.022011 0
0.010960 0
0.316366 0
0.436233 0
0.187200 0
0.641600 0
0.198347 0
0.477303 0
0.304204 0
1.389572 0
0.156028 0
1.100452 0
0.722772 0
0.574253 0
0.136429 0
0.196050 0
0.820153 0
0.784698 0
0.388676 0
0.253993 0
0.174138 0
0.835354 0
0.137958 0
0.750287 0
0.236511 0
0.054604 0
0.841451 0
0.726507 0
0.016696 0
0.211968 0
1.098461 0
0.352687 0
0.765698 0
1.034471 0
0.099220 0
0.423646 0
0.222887 0
0.366182 0
0.576290 0
0.103096 0
0.179999 0
0.066242 0
0.370794 0
1.097383 0
0.039132 0
0.862449 0
1.022137 0
0.509339 0
0.180196 0
0.276530 0
0.371710 0
0.600178 0
0.062496 0
0.074890 0
0.108328 0
0.015749 0
0.488221 0
0.020576 0
0.154135 0
1.184684 0
1.834901 0
0.188171 0
0.043153 0
0.284305 0
0.043602 0
0.059855 0
0.201972 0
0.034031 0
0.756742 0
0.423850 0
0.952344 0
1.275309 0
0.006572 0
0.162683 0
0.417820 0
0.092708 0
0.026658 0
0.867438 0
0.473452 0
0.345763 0
0.802720 0
0.876668 0
0.105032 0
0.343598 0
0.520077 0
0.104516 0
0.889235 0
0.895689 0
0.768421 0
0.019088 0
0.263591 0
1.835741 0
0.009240 0
0.094811 0
0.181951 0
0.489204 0
0.147626 0
0.807196 0
1.059662 0
1.006136 0
0.690756 0
0.424859 0
0.091087 0
0.215308 0
0.262646 0
0.044976 0
1.669612 0
0.690261 0
1.184741 0
0.487578 0
1.042992 0
1.388040 0
0.397899 0
0.279966 0
0.307490 0
0.216021 0
0.300298 0
0.618388 0
0.610209 0
0.456865 0
0.940968 0
0.168071 0
0.329607 0
0.064936 0
0.745725 0
0.356826 0
0.190015 0
0.020453 0
0.063382 0
0.047144 0
0.279075 0
1.066434 0
1.227090 0
0.711351 0
1.360027 0
0.186358 0
0.059407 0
0.576430 0
0.856070 0
0.206169 0
0.414738 0
0.139195 0
0.580906 0
0.059690 0
0.219910 0
0.244671 0
0.849233 0
0.205984 0
0.298961 0
0.266466 0
0.105004 0
0.036982 0
0.336965 0
0.065577 0
0.013405 0
1.222221 0
0.053223 0
0.334640 0
0.174799 0
0.283929 0
0.426936 0
0.409838 0
0.217449 0
0.521940 0
0.106072 0
0.519696 0
1.117482 0
0.398873 0
0.151168 0
0.571108 0
0.125504 0
0.055029 0
0.430400 0
0.439254 0
0.252117 0
0.385290 0
0.519442 0
1.215431 0
0.457872 0
0.429568 0
0.311385 0
0.061700 0
0.004803 0
0.320034 0
0.645612 0
0.089836 0
0.203026 0
0.312615 0
0.603410 0
0.631731 0
0.767953 0
0.484978 0
0.199642 0
0.019163 0
0.990842 0
0.730877 0
0.112866 0
0.168385 0
1.155583 0
0.623773 0
0.122083 0
0.298759 0
0.370547 0
0.446277 0
0.355284 0
0.679948 0
0.514907 0
0.007753 0
0.423432 0
1.438308 0
0.241742 0
0.411403 0
0.242692 0
1.471339 0
0.763991 0
0.306922 0
0.952756 0
0.498074 0
0.520947 0
0.413926 0
0.937032 0
0.706105 0
0.874347 0
0.069362 0
0.241599 0
0.231478 0
0.173436 0
0.392297 0
0.145994 0
0.334697 0
0.304581 0
0.687383 0
0.047809 0
0.670001 0
1.107038 0
0.320347 0
0.450715 0
0.236695 0
0.213017 0
0.263857 0
1.541601 0
0.062939 0
0.045131 0
0.558216 0
0.056528 0
1.068228 0
0.182974 0
0.594539 0
0.069057 0
0.497263 0
0.339014 0
0.639057 0
0.404727 0
0.429539 0
1.032768 0
1.415201 0
0.137013 0
0.662642 0
0.787623 0
1.632052 0
0.278926 0
0.288970 0
0.037380 0
0.287536 0
0.186113 0
0.356104 0
0.471902 0
0.422818 0
0.454120 0
0.019125 0
0.114229 0
0.999903 0
0.163388 0
0.043146 0
0.307577 0
0.297773 0
1.394880 0
0.719395 0
0.428247 0
1.556022 0
0.862341 0
0.223923 0
0.674536 0
0.219823 0
0.228618 0
0.005183 0
1.277159 0
0.252871 0
0.173591 0
0.521740 0
0.338688 0
0.274242 0
1.050867 0
0.002283 0
1.419484 0
0.473970 0
0.075837 0
0.305545 0
0.369450 0
0.458679 0
0.707689 0
0.021210 0
0.097995 0
0.414882 0
0.888342 0
0.311668 0
0.010044 0
0.122304 0
0.896762 0
1.213014 0
0.268955 0
0.280018 0
0.277420 0
0.158866 0
0.147886 0
0.134816 0
1.238349 0
1.411688 0
0.488514 0
0.070718 0
1.067316 0
0.649860 0
0.049560 0
1.586148 0
0.352098 0
1.515207 0
0.247981 0
0.978969 0
1.371980 0
0.067759 0
0.225106 0
0.277411 0
0.180591 0
0.284289 0
0.148940 0
1.187158 0
0.336743 0
0.861147 0
0.826883 0
0.439148 0
0.037250 0
1.638080 0
0.444258 0
0.106163 0
0.440217 0
0.634124 0
0.512294 0
0.341737 0
0.224599 0
0.609264 0
0.456513 0
0.014562 0
0.932603 0
0.046106 0
0.163607 0
0.136773 0
0.062226 0
0.052516 0
1.092714 0
0.088701 0
0.444729 0
1.384461 0
0.961259 0
0.403360 0
0.046693 0
0.195571 0
0.160116 0
0.624570 0
0.400473 0
0.657993 0
1.441828 0
1.480275 0
0.678107 0
0.455895 0
1.501768 0
1.744146 0
1.189645 0
0.074886 0
0.372954 0
0.119718 0
1.819400 0
0.813224 0
0.738776 0
0.334379 0
1.659511 0
0.155735 0
0.170564 0
1.740288 0
0.163246 0
0.436674 0
0.371225 0
0.031594 0
0.573948 0
0.200299 0
0.014525 0
0.048844 0
0.091761 0
1.058842 0
0.047651 0
0.880381 0
0.048008 0
0.283813 0
0.303092 0
0.461797 0
0.103358 0
0.868091 0
0.633255 0
0.878464 0
0.213168 0
0.589714 0
0.769869 0
1.391772 0
0.200953 0
0.570227 0
0.212602 0
0.085468 0
0.588766 0
0.856000 0
0.611328 0
0.059843 0
0.150569 0
1.141387 0
0.085041 0
0.548436 0
0.258177 0
0.137505 0
0.938069 0
0.092773 0
0.212536 0
0.411007 0
0.610681 0
0.268300 0
0.245374 0
0.400908 0
0.124988 0
0.519265 0
0.737606 0
0.073470 0
0.598936 0
0.228750 0
1.497366 0
0.290813 0
0.851369 0
0.822015 0
0.731652 0
0.452623 0
0.085842 0
0.043315 0
1.551584 0
1.001989 0
0.670578 0
0.805003 0
0.460551 0
0.095089 0
0.699643 0
0.356255 0
1.438729 0
0.267903 0
0.123669 0
0.123182 0
1.179074 0
0.823475 0
0.231477 0
0.375965 0
1.216033 0
0.303345 0
0.083136 0
0.093585 0
0.180222 0
0.102486 0
0.253713 0
0.220842 0
0.114153 0
0.716518 0
1.375977 0
0.468769 0
0.396309 0
0.885026 0
0.421940 0
0.274516 0
0.323397 0
0.016353 0
1.284794 0
0.058870 0
0.703430 0
0.275535 0
0.840149 0
0.199979 0
0.411346 0
1.477952 0
0.455211 0
0.281498 0
1.282841 0
0.157298 0
0.204997 0
0.636215 0
1.841080 0
0.054805 0
0.658281 0
0.579832 0
0.108112 0
0.197902 0
0.333075 0
0.279984 0
1.062831 0
0.296161 0
1.465461 0
0.214438 0
0.072720 0
0.022860 0
0.095558 0
0.293787 0
0.272493 0
0.399363 0
1.793419 0
0.635731 0
0.672670 0
0.289302 0
0.245333 0
0.178460 0
0.081913 0
0.642428 0
0.218084 0
0.162379 0
0.590476 0
0.725928 0
0.041380 0
0.283281 0
0.073412 0
0.050160 0
1.125523 0
0.383890 0
0.715019 0
0.897166 0
0.777944 0
1.552226 0
0.343641 0
0.084881 0
0.680998 0
0.427321 0
0.165149 0
0.035230 0
1.378736 0
0.152798 0
0.151008 0
0.144946 0
0.252258 0
0.238914 0
0.920053 0
0.109086 0
0.052253 0
0.057767 0
0.872790 0
0.023986 0
0.074060 0
0.098067 0
0.364310 0
1.035541 0
0.346806 0
0.425313 0
0.570784 0
0.250409 0
0.039077 0
0.333556 0
0.523661 0
0.019944 0
0.507495 0
0.404770 0
0.053835 0
0.373572 0
0.241432 0
0.271259 0
0.650986 0
0.649917 0
0.082722 0
0.177279 0
0.542089 0
0.296567 0
0.570766 0
1.520180 0
0.125792 0
0.479192 0
0.254071 0
0.387870 0
1.503664 0
0.204655 0
0.307151 0
0.068235 0
0.505242 0
0.028143 0
0.477211 0
0.219890 0
0.100600 0
0.086303 0
0.100365 0
0.337766 0
0.453525 0
0.088769 0
0.298517 0
0.254313 0
1.586762 0
0.023620 0
1.119469 0
0.624132 0
0.324471 0
0.437809 0
1.409144 0
0.190325 0
0.074689 0
1.471626 0
0.058753 0
0.725804 0
0.394156 0
0.446070 0
0.242813 0
0.285317 0
0.457380 0
1.387870 0
1.281276 0
0.440201 0
0.305303 0
0.798272 0
0.415309 0
0.192733 0
0.920202 0
0.214398 0
1.383959 0
0.600623 0
0.738962 0
0.674529 0
0.412845 0
0.292250 0
0.239029 0
0.354104 0
0.803879 0
0.179575 0
0.136345 0
0.218173 0
1.530892 0
0.549936 0
0.625153 0
0.941154 0
0.146111 0
0.205099 0
0.299475 0
0.369132 0
0.483042 0
0.398656 0
0.618144 0
0.090159 0
0.133732 0
0.307948 0
0.027334 0
0.485434 0
0.586718 0
1.026213 0
0.936100 0
0.401278 0
0.073019 0
0.456181 0
0.685738 0
0.827503 0
0.525003 0
0.211750 0
0.556040 0
0.110442 0
0.018245 0
0.549463 0
0.064372 0
1.392297 0
0.143042 0
0.047348 0
0.318553 0
1.625826 0
0.756501 0
0.511243 0
0.034605 0
0.364034 0
1.412443 0
0.632734 0
0.238034 0
0.620945 0
0.338839 0
0.728872 0
1.596316 0
0.992338 0
1.432839 0
0.057818 0
0.402394 0
0.033244 0
0.691354 0
0.588151 0
0.008815 0
0.777090 0
0.279750 0
0.200441 0
0.246929 0
1.037344 0
0.585878 0
0.397315 0
0.345692 0
1.361943 0
0.287917 0
0.326972 0
0.136448 0
0.720799 0
0.027243 0
0.374386 0
0.472481 0
0.043347 0
0.070335 0
0.580086 0
0.135584 0
0.628144 0
0.965240 0
0.718900 0
0.296386 0
0.572935 0
0.908515 0
0.287742 0
1.685146 0
0.970842 0
0.073356 0
1.328507 0
0.118185 0
0.746918 0
0.351193 0
0.500636 0
0.486433 0
0.203503 0
0.930642 0
0.040591 0
0.307130 0
0.216327 0
0.258545 0
0.624236 0
0.025393 0
0.221721 0
0.524080 0
0.069909 0
0.041334 0
0.206912 0
0.564552 0
0.401864 0
0.401163 0
1.510583 0
0.060879 0
0.669034 0
1.202841 0
0.780314 0
0.230914 0
0.190118 0
0.166296 0
0.522324 0
0.189976 0
0.200900 0
0.596638 0
1.044875 0
0.028947 0
0.229842 0
0.223492 0
1.100631 0
0.706968 0
0.137361 0
0.990378 0
0.022686 0
0.611439 0
0.198405 0
1.007850 0
0.079847 0
1.256072 0
0.126389 0
0.216844 0
0.006024 0
0.186889 0
1.495437 0
0.348008 0
0.569034 0
0.213406 0
0.147409 0
0.409090 0
0.518974 0
0.242549 0
0.476768 0
0.893745 0
0.198103 0
0.490637 0
0.514577 0
1.471810 0
0.816826 0
0.399914 0
0.076492 0
0.614973 0
0.532386 0
0.184118 0
0.448769 0
0.947788 0
0.645081 0
0.277852 0
0.130645 0
1.036786 0
1.474832 0
0.411719 0
0.066128 0
0.301861 0
1.360459 0
0.525628 0
0.109394 0
0.803329 0
0.470280 0
0.570149 0
0.413534 0
0.693925 0
0.542897 0
0.116632 0
0.538897 0
0.967409 0
0.255397 0
0.087181 0
1.454145 0
0.768960 0
1.306358 0
0.274540 0
1.378861 0
1.232040 0
0.213057 0
0.489180 0
0.416474 0
0.407852 0
1.367986 0
0.704273 0
0.216034 0
0.145762 0
0.023072 0
0.827889 0
0.331860 0
1.452339 0
0.029735 0
0.607490 0
1.456478 0
0.286777 0
0.099496 0
0.442410 0
1.290996 0
0.255552 0
0.744916 0
0.083176 0
0.723208 0
0.954629 0
0.052722 0
1.510849 0
0.236631 0
0.744384 0
0.327455 0
0.561714 0
0.816775 0
0.866455 0
0.232962 0
0.103831 0
0.242199 0
0.249759 0
0.289537 0
0.579817 0
1.162714 0
0.455652 0
0.181939 0
0.059871 0
0.115350 0
0.066414 0
1.674820 0
1.012985 0
1.003404 0
0.036992 0
0.605583 0
0.553289 0
0.382348 0
0.025737 0
0.396386 0
0.580701 0
1.112719 0
0.045770 0
0.350539 0
0.210625 0
0.437030 0
0.166889 0
0.332373 0
0.080353 0
0.232668 0
0.162925 0
0.513354 0
0.020658 0
0.071751 0
0.308394 0
0.170436 0
0.169812 0
0.919409 0
0.768389 0
1.089779 0
1.341762 0
0.355120 0
0.149280 0
0.226831 0
0.691379 0
0.494842 0
0.297218 0
0.594199 0
0.177384 0
1.051210 0
0.300091 0
1.303128 0
1.495442 0
0.201604 0
0.485122 0
1.035014 0
1.551148 0
2.358090 0
0.440504 0
0.743992 0
0.211639 0
0.560172 0
0.552910 0
0.349076 0
0.168392 0
0.271529 0
0.178238 0
0.679634 0
0.431976 0
1.299790 0
0.348998 0
1.010117 0
0.095498 0
1.189221 0
0.043955 0
1.936578 0
0.755967 0
0.540067 0
0.031127 0
1.453030 0
0.690534 0
0.084473 0
0.438177 0
0.090712 0
0.262878 0
0.092050 0
0.315761 0
1.277831 0
0.186270 0
0.110616 0
0.235195 0
0.085743 0
0.092793 0
0.400240 0
0.881679 0
0.848583 0
0.082594 0
0.476714 0
0.346659 0
0.371632 0
0.220905 0
0.147598 0
0.265148 0
0.023140 0
0.870630 0
0.394298 0
0.084528 0
0.307466 0
0.556780 0
0.286317 0
0.549480 0
0.446859 0
0.635076 0
0.314300 0
0.026458 0
0.122309 0
0.279845 0
0.770289 0
0.508387 0
0.360445 0
0.021962 0
0.097859 0
0.262479 0
1.195561 0
0.251710 0
1.862337 0
0.305661 0
0.349972 0
0.295071 0
0.775065 0
0.429213 0
0.274487 0
0.559527 0
1.105946 0
0.927218 0
0.240311 0
0.235702 0
0.031863 0
0.569646 0
0.336735 0
0.329870 0
0.466042 0
0.005851 0
0.125837 0
0.318233 0
1.452544 0
0.104108 0
0.132671 0
1.233509 0
0.780360 0
0.396437 0
0.221560 0
1.015136 0
0.119435 0
0.837795 0
0.112430 0
0.146186 0
0.454369 0
0.075276 0
0.714944 0
0.407744 0
0.342414 0
0.611286 0
0.081646 0
0.895846 0
0.107764 0
1.079371 0
1.145495 0
0.328209 0
0.017758 0
0.566945 0
0.280163 0
0.642716 0
1.266923 0
1.241319 0
0.153844 0
0.215753 0
0.206757 0
0.091095 0
0.808183 0
0.591726 0
0.456804 0
0.161080 0
0.866067 0
1.140219 0
0.188341 0
0.514066 0
0.355924 0
0.258172 0
0.425681 0
0.337079 0
0.191868 0
0.442673 0
0.608323 0
0.138957 0
0.056453 0
1.253391 0
1.547991 0
0.434359 0
0.286376 0
0.419907 0
0.191663 0
0.391746 0
0.340501 0
0.706033 0
0.313822 0
0.481526 0
0.041456 0
0.022966 0
0.499500 0
0.323084 0
1.173571 0
1.113075 0
0.506636 0
0.233770 0
0.095219 0
0.983080 0
0.121555 0
0.760958 0
0.729907 0
0.109809 0
0.537787 0
0.218437 0
0.201472 0
0.215408 0
0.027201 0
0.529175 0
1.332214 0
0.004648 0
1.074246 0
0.270034 0
0.442984 0
0.379076 0
0.599574 0
0.326043 0
0.183681 0
0.014171 0
0.099117 0
0.722493 0
0.220717 0
0.535347 0
0.940180 0
0.525426 0
0.232419 0
0.499065 0
1.427298 0
0.801861 0
1.603892 0
0.135695 0
0.363843 0
0.333775 0
0.356137 0
1.690190 0
0.267532 0
0.240695 0
0.439962 0
0.184313 0
0.118769 0
0.389529 0
0.245150 0
0.045108 0
0.720856 0
0.152547 0
0.017812 0
0.061219 0
0.014924 0
0.476040 0
1.369446 0
0.125146 0
0.781185 0
0.339731 0
0.188632 0
0.048734 0
0.464813 0
0.051819 0
0.069294 0
0.473052 0
0.030023 0
0.072673 0
0.124889 0
0.602796 0
1.383549 0
0.176806 0
0.124229 0
0.166411 0
0.685383 0
1.436317 0
0.997569 0
1.277745 0
0.038002 0
0.110513 0
0.312812 0
0.170163 0
0.416625 0
0.101916 0
0.301996 0
0.760533 0
0.366271 0
1.023873 0
0.473778 0
1.820210 0
0.228522 0
0.218112 0
0.463752 0
1.121125 0
0.293039 0
0.601215 0
0.529425 0
0.214149 0
0.066629 0
1.404586 0
0.209560 0
0.673452 0
1.316814 0
0.116025 0
0.216526 0
0.736366 0
0.760210 0
0.291540 0
0.016462 0
0.483239 0
0.323495 0
1.047367 0
0.110826 0
1.625979 0
0.419956 0
0.984507 0
0.308693 0
0.601698 0
0.655368 0
0.136312 0
0.473082 0
0.010964 0
0.309090 0
0.351472 0
0.489725 0
0.165395 0
0.551875 0
0.332979 0
0.170340 0
0.203204 0
0.673197 0
0.411906 0
0.141333 0
0.408273 0
0.033279 0
0.420699 0
0.222164 0
0.049251 0
0.125627 0
0.871353 0
0.783679 0
1.512516 0
0.231162 0
0.212028 0
0.603661 0
0.185877 0
1.374367 0
0.062508 0
1.467871 0
0.189390 0
0.158824 0
0.197075 0
0.891983 0
0.520080 0
0.102189 0
0.507548 0
0.107861 0
0.816760 0
0.025123 0
0.547664 0
1.018913 0
0.200807 0
0.231951 0
0.354997 0
0.199238 0
0.174582 0
0.385671 0
0.078431 0
0.123319 0
0.071520 0
0.161886 0
0.457018 0
0.129852 0
0.090141 0
0.659686 0
0.396744 0
0.350947 0
1.349894 0
0.138667 0
0.153105 0
0.081669 0
0.456638 0
0.525378 0
0.288304 0
0.026220 0
0.202097 0
0.806431 0
0.254744 0
0.013695 0
1.126759 0
0.877216 0
0.283120 0
0.238074 0
0.907273 0
1.270471 0
0.194934 0
0.792957 0
0.070595 0
0.209575 0
0.166523 0
0.573579 0
0.203103 0
0.049832 0
0.373490 0
1.157678 0
0.174850 0
0.035777 0
0.299081 0
0.167128 0
0.069555 0
0.526641 0
0.065696 0
0.455779 0
0.604761 0
1.486974 0
0.149417 0
0.250703 0
1.425422 0
0.797044 0
0.439709 0
0.208142 0
0.301025 0
0.067123 0
0.179850 0
0.698210 0
0.523030 0
0.144218 0
0.687783 0
0.512200 0
0.298988 0
0.240275 0
0.387096 0
0.922741 0
0.181677 0
0.130602 0
0.627552 0
0.293486 0
0.020855 0
0.906579 0
1.122641 0
1.051102 0
0.234500 0
0.335017 0
1.282693 0
0.340646 0
0.103805 0
0.110435 0
0.553455 0
0.883585 0
0.414851 0
1.133159 0
0.064203 0
0.059562 0
0.240951 0
0.577802 0
0.061847 0
0.384187 0
1.171670 0
0.086839 0
0.691927 0
0.179557 0
0.259897 0
0.071558 0
0.240952 0
0.244999 0
0.033229 0
0.522018 0
0.081003 0
0.164823 0
0.863758 0
0.657991 0
0.753080 0
0.384996 0
0.206514 0
0.051464 0
1.581626 0
1.616420 0
0.106818 0
0.207171 0
0.289427 0
0.149893 0
0.703739 0
0.579787 0
0.791345 0
0.504310 0
0.024347 0
1.136490 0
0.558120 0
0.302561 0
0.318430 0
1.440372 0
1.132291 0
0.536378 0
0.326280 0
0.209905 0
0.181701 0
1.132949 0
0.732877 0
0.014951 0
0.427395 0
0.068832 0
1.033315 0
1.104180 0
0.244658 0
1.529830 0
0.086951 0
0.991152 0
0.819540 0
0.135307 0
0.544646 0
0.366536 0
0.814759 0
0.248427 0
0.583356 0
0.403834 0
0.233451 0
0.625656 0
1.704022 0
0.066576 0
0.072131 0
1.161545 0
0.434363 0
0.178797 0
0.135792 0
0.134920 0
0.041047 0
0.009159 0
0.734837 0
0.149802 0
0.616511 0
0.779905 0
0.052475 0
1.510968 0
0.031573 0
0.199596 0
1.375610 0
0.067308 0
0.043053 0
0.158629 0
0.141325 0
0.017732 0
1.033525 0
1.208514 0
0.243688 0
0.590659 0
1.388075 0
0.520756 0
0.388971 0
0.160535 0
0.292249 0
0.630929 0
0.691400 0
0.254000 0
0.603954 0
0.402673 0
1.448363 0
0.633918 0
0.162640 0
1.198801 0
0.608338 0
0.105913 0
0.255803 0
0.140643 0
0.039884 0
0.035803 0
0.417836 0
0.212756 0
0.529739 0
0.901024 0
1.113843 0
0.281121 0
1.022504 0
0.546958 0
0.097568 0
0.221793 0
1.222280 0
0.366396 0
0.717098 0
0.189021 0
1.379231 0
0.580453 0
0.879049 0
0.244809 0
1.487433 0
0.131399 0
0.160023 0
1.160013 0
0.040516 0
0.892909 0
0.302280 0
0.045826 0
0.821531 0
0.307169 0
0.066852 0
0.830532 0
0.893783 0
0.585936 0
0.025541 0
0.343351 0
0.894940 0
0.461690 0
0.406926 0
0.072779 0
0.194856 0
0.381863 0
0.394551 0
0.355471 0
0.066862 0
0.141466 0
0.318785 0
0.098060 0
1.064217 0
0.201831 0
0.436683 0
0.086907 0
2.091519 0
0.177613 0
1.397791 0
0.792458 0
1.260246 0
0.622556 0
0.726985 0
0.710789 0
0.249902 0
1.507935 0
0.872946 0
1.146367 0
0.287978 0
0.024433 0
0.571624 0
1.392238 0
0.548960 0
0.031248 0
0.070009 0
0.127146 0
0.498717 0
0.163674 0
0.028748 0
0.680746 0
0.063240 0
0.442662 0
1.478334 0
0.158628 0
0.582335 0
1.323025 0
0.732619 0
0.057829 0
0.033573 0
0.300823 0
0.197647 0
0.211214 0
0.104916 0
1.377133 0
0.195356 0
0.332883 0
0.715718 0
0.173292 0
0.573477 0
0.211845 0
0.798987 0
0.439685 0
0.047288 0
1.389733 0
0.419002 0
0.632524 0
0.470395 0
0.286409 0
0.539857 0
0.097158 0
0.221616 0
0.296435 0
0.133304 0
0.350163 0
1.418452 0
1.489376 0
0.050815 0
1.475966 0
1.315267 0
1.091419 0
0.046325 0
0.041482 0
0.348467 0
0.079265 0
0.707281 0
0.281953 0
0.012024 0
1.150845 0
0.498980 0
0.293463 0
0.590922 0
0.291383 0
0.099541 0
0.296755 0
0.101420 0
0.023081 0
0.532886 0
0.070857 0
0.807125 0
0.207910 0
0.091620 0
0.464124 0
0.606862 0
0.614469 0
0.256842 0
0.376677 0
0.670856 0
0.106167 0
0.207390 0
0.835032 0
0.199860 0
0.008259 0
0.160530 0
0.089101 0
0.375511 0
0.090251 0
0.716395 0
0.323010 0
0.487270 0
0.714160 0
0.489489 0
0.077567 0
0.326834 0
0.249612 0
0.406538 0
0.649882 0
0.139470 0
0.359356 0
0.297429 0
0.272598 0
0.439948 0
0.310946 0
0.652560 0
0.017931 0
0.294269 0
1.400432 0
0.375886 0
0.340275 0
1.490462 0
0.488168 0
0.262930 0
0.209802 0
0.277463 0
0.217244 0
0.823839 0
0.305956 0
0.279167 0
0.385256 0
0.677007 0
0.601335 0
0.241262 0
0.659797 0
1.066154 0
1.445744 0
0.452159 0
0.514238 0
0.051474 0
0.301866 0
0.536808 0
0.040362 0
0.132842 0
1.259846 0
0.551531 0
1.424108 0
0.107205 0
0.411564 0
0.069503 0
0.467700 0
1.294242 0
0.670614 0
0.223219 0
1.061426 0
0.711769 0
0.329306 0
0.374153 0
0.757875 0
0.194925 0
0.299793 0
0.025866 0
0.033233 0
0.137933 0
0.886404 0
0.358232 0
0.356673 0
0.099553 0
0.645457 0
0.199418 0
0.726538 0
1.303715 0
1.475600 0
0.519797 0
0.694660 0
0.027760 0
1.469554 0
0.130610 0
1.071175 0
0.576159 0
0.736775 0
0.439112 0
0.323737 0
0.312343 0
0.697888 0
0.090314 0
0.634543 0
0.109308 0
0.139447 0
0.583603 0
1.458336 0
0.463148 0
0.834069 0
0.588301 0
0.104476 0
0.131071 0
0.292623 0
0.206671 0
0.621733 0
0.235537 0
0.022153 0
0.236642 0
1.273619 0
0.259313 0
0.506526 0
0.562124 0
0.320317 0
0.091443 0
0.097522 0
0.605121 0
0.123039 0
0.339645 0
0.563427 0
0.027732 0
0.293262 0
1.214931 0
0.101685 0
0.714403 0
0.388353 0
0.560423 0
0.131546 0
0.031174 0
0.052469 0
0.205613 0
0.376361 0
0.110008 0
0.567384 0
0.016229 0
0.530481 0
1.610762 0
0.065282 0
0.837287 0
0.616386 0
0.276095 0
0.293207 0
0.225819 0
1.336481 0
0.892153 0
1.065551 0
0.509393 0
0.238354 0
1.333831 0
0.013973 0
0.038044 0
0.572074 0
0.224518 0
0.300325 0
0.131049 0
0.845019 0
0.206348 0
0.035307 0
0.416779 0
0.677395 0
0.745188 0
0.040749 0
0.469800 0
1.550855 0
0.726077 0
0.258381 0
1.077377 0
0.645573 0
1.453676 0
1.461498 0
0.248553 0
0.530213 0
0.328710 0
0.761690 0
1.449503 0
1.471430 0
0.527627 0
0.811644 0
0.578309 0
0.328364 0
0.092826 0
1.053178 0
0.868614 0
0.018293 0
0.038039 0
0.732918 0
0.042191 0
0.026020 0
0.254803 0
0.204508 0
0.670417 0
0.263563 0
1.068307 0
0.098148 0
0.497757 0
0.935518 0
0.614837 0
0.629832 0
1.346374 0
0.236011 0
0.436045 0
0.327023 0
0.702297 0
0.752518 0
1.191713 0
0.828153 0
0.146707 0
0.412374 0
0.341824 0
0.022781 0
0.151805 0
0.228939 0
1.337420 0
0.552380 0
0.233180 0
0.951767 0
0.079336 0
0.466212 0
0.356579 0
0.244355 0
0.051270 0
1.365656 0
0.942266 0
0.777656 0
0.348757 0
1.447250 0
0.342350 0
0.264670 0
0.037073 0
0.809059 0
0.421771 0
1.019813 0
1.139604 0
0.270406 0
0.438698 0
0.242109 0
0.076397 0
0.191329 0
0.496090 0
0.956321 0
0.465364 0
0.097573 0
0.206479 0
0.534917 0
1.044655 0
0.146127 0
0.708462 0
0.940612 0
0.702767 0
0.347753 0
0.953290 0
0.373365 0
0.146500 0
0.218856 0
0.069162 0
0.094140 0
0.373889 0
1.518085 0
0.086320 0
0.249217 0
0.161675 0
0.635991 0
0.196406 0
0.240229 0
1.226442 0
0.312408 0
0.762483 0
0.365763 0
0.489509 0
0.160337 0
0.750838 0
0.015761 0
1.094909 0
0.127504 0
0.706791 0
1.183179 0
0.327237 0
0.288109 0
0.074541 0
0.848169 0
0.247549 0
0.209940 0
1.593347 0
0.309627 0
0.530388 0
0.136058 0
1.100107 0
0.205516 0
0.145479 0
0.091883 0
0.269127 0
0.609332 0
0.535058 0
0.377706 0
0.971206 0
0.250861 0
1.405609 0
0.262347 0
0.075426 0
0.288458 0
0.133278 0
1.150641 0
0.134946 0
0.092572 0
0.236425 0
0.356346 0
0.234736 0
0.263724 0
1.357471 0
0.060075 0
0.642042 0
0.399240 0
0.425120 0
0.426934 0
0.518827 0
0.406348 0
1.742455 0
0.971541 0
0.401355 0
0.123030 0
1.206493 0
0.013403 0
0.284516 0
0.046853 0
0.180260 0
1.232584 0
0.055937 0
0.135086 0
0.178100 0
0.348760 0
0.270160 0
0.595585 0
0.033419 0
0.554388 0
0.471211 0
0.016964 0
1.146611 0
0.214060 0
0.142675 0
0.550342 0
0.463044 0
0.927335 0
0.483656 0
1.409109 0
0.953426 0
0.078184 0
1.460113 0
1.414106 0
0.665410 0
0.133608 0
0.419796 0
0.187513 0
0.087675 0
1.465226 0
1.050274 0
0.287164 0
0.029022 0
0.170722 0
1.090066 0
0.578956 0
1.030167 0
0.444137 0
0.306453 0
0.186371 0
0.249883 0
0.243662 0
1.174363 0
0.848105 0
0.673543 0
0.192713 0
0.060288 0
0.407955 0
1.438160 0
0.319881 0
1.239367 0
0.193762 0
0.311721 0
0.045573 0
0.989525 0
0.304931 0
0.063455 0
0.051812 0
0.584685 0
0.240329 0
0.962959 0
0.308743 0
1.423848 0
0.850475 0
0.026047 0
0.412842 0
0.446788 0
0.628302 0
0.405482 0
0.583986 0
1.465038 0
1.151382 0
0.273132 0
0.227438 0
0.403750 0
1.577004 0
0.448422 0
0.262420 0
0.218456 0
0.829287 0
0.366259 0
1.156979 0
0.514497 0
0.043972 0
0.330004 0
0.184649 0
0.416521 0
0.490173 0
0.316591 0
1.034440 0
0.023676 0
0.459693 0
1.060256 0
0.141742 0
0.727984 0
0.508273 0
0.156117 0
0.264095 0
0.499892 0
1.032740 0
0.027675 0
1.265739 0
0.526238 0
0.227493 0
0.055690 0
0.514332 0
1.441017 0
0.407369 0
0.321222 0
0.266319 0
0.277065 0
0.726183 0
1.362716 0
0.121225 0
1.669096 0
0.030933 0
0.423618 0
0.258849 0
0.117039 0
0.620334 0
0.318513 0
0.354286 0
0.271113 0
1.460066 0
0.489689 0
0.206651 0
0.108918 0
0.493656 0
0.268605 0
0.223462 0
0.395415 0
0.391491 0
0.992374 0
0.301096 0
0.489093 0
1.208466 0
0.080987 0
0.167196 0
0.044064 0
0.654209 0
0.271281 0
0.610505 0
0.355028 0
0.043869 0
0.028517 0
0.377857 0
0.711977 0
0.029911 0
0.133581 0
0.513187 0
0.416113 0
0.683506 0
0.610957 0
0.425956 0
0.699537 0
1.019788 0
0.130219 0
0.318164 0
0.120415 0
0.450810 0
0.394548 0
0.637824 0
0.479864 0
0.689134 0
0.717308 0
0.093904 0
0.196037 0
0.184365 0
0.672479 0
0.482277 0
0.255826 0
1.195586 0
0.630224 0
0.034386 0
0.048352 0
0.118408 0
0.581517 0
0.093173 0
0.744112 0
0.446759 0
0.161622 0
0.342737 0
0.271666 0
0.076602 0
0.048600 0
1.451934 0
0.764313 0
0.489331 0
0.174998 0
0.106769 0
0.023064 0
0.815828 0
0.812774 0
0.087744 0
0.058307 0
0.593668 0
0.400559 0
0.441884 0
1.123926 0
0.343692 0
0.637585 0
1.793816 0
0.150366 0
0.135447 0
0.226909 0
0.080933 0
0.077072 0
0.234823 0
0.045653 0
0.127332 0
0.225122 0
1.158359 0
0.504774 0
0.274114 0
0.109050 0
1.025776 0
0.087148 0
0.163604 0
0.843282 0
0.212909 0
0.085013 0
0.903782 0
0.512155 0
0.026383 0
0.051023 0
0.394842 0
1.099078 0
0.999091 0
1.391941 0
0.413889 0
0.610005 0
0.048838 0
0.466708 0
0.166152 0
0.535440 0
0.076189 0
0.047471 0
0.158103 0
0.646208 0
0.891287 0
0.680324 0
0.005718 0
1.317264 0
0.206573 0
0.208553 0
0.035412 0
0.218167 0
0.607456 0
0.179302 0
0.554304 0
0.783292 0
0.485552 0
0.401755 0
0.455027 0
0.060661 0
0.584031 0
0.431167 0
0.729168 0
0.586223 0
0.313742 0
0.114320 0
0.071019 0
1.711979 0
0.312757 0
0.119661 0
0.308897 0
0.032502 0
0.566407 0
0.467280 0
0.696268 0
0.402220 0
0.346678 0
0.588242 0
0.268818 0
0.157727 0
0.027914 0
0.165975 0
0.035139 0
0.051562 0
0.128259 0
0.627349 0
0.600565 0
0.117246 0
0.060928 0
0.103877 0
1.372363 0
0.106776 0
0.103697 0
0.024545 0
0.635884 0
0.982225 0
1.048608 0
0.177603 0
0.546500 0
0.352270 0
0.305030 0
0.162933 0
0.650980 0
0.102432 0
0.285203 0
1.171287 0
0.103950 0
0.399271 0
0.907092 0
0.537961 0
0.194663 0
0.027261 0
0.407817 0
0.230608 0
1.235320 0
0.328203 0
0.256340 0
1.011993 0
0.044588 0
0.695553 0
0.068122 0
0.255978 0
1.003032 0
0.128059 0
0.680760 0
0.731208 0
0.522755 0
0.613400 0
0.756050 0
0.299456 0
0.566550 0
0.308892 0
0.203242 0
1.265860 0
0.216916 0
1.012054 0
1.135701 0
0.322669 0
0.431949 0
0.509968 0
0.333226 0
1.508469 0
0.657556 0
0.282102 0
0.420886 0
0.063203 0
0.327233 0
0.650815 0
0.199896 0
0.097342 0
1.408653 0
0.392876 0
1.203016 0
0.824322 0
0.565722 0
0.295213 0
0.253837 0
0.261736 0
1.477863 0
0.597013 0
0.304510 0
0.655607 0
0.320330 0
0.122691 0
0.023260 0
1.839951 0
0.618075 0
0.380484 0
0.519634 0
0.287746 0
0.088012 0
0.455287 0
1.255263 0
1.301659 0
0.038897 0
1.463441 0
0.574927 0
0.034072 0
0.025849 0
0.852396 0
0.514219 0
0.036355 0
0.048159 0
0.098222 0
0.119032 0
0.869763 0
0.108696 0
1.392743 0
0.337296 0
0.462465 0
0.382305 0
0.512968 0
0.159692 0
0.683622 0
0.121799 0
0.798230 0
0.819806 0
1.820141 0
0.136170 0
0.620802 0
0.337862 0
0.115842 0
0.169092 0
0.793017 0
0.210715 0
1.385124 0
0.075564 0
1.477359 0
0.103583 0
0.815738 0
0.036398 0
0.206477 0
0.541700 0
0.236859 0
0.667459 0
0.198505 0
0.057889 0
0.555540 0
0.036934 0
0.250083 0
0.222550 0
0.334145 0
0.364478 0
0.360287 0
0.527837 0
0.755342 0
1.115628 0
0.120572 0
0.252874 0
1.415623 0
0.057156 0
0.620020 0
0.536700 0
1.373266 0
0.649000 0
0.994739 0
0.994174 0
0.130900 0
0.400840 0
0.581733 0
0.107513 0
0.620858 0
0.333027 0
0.114325 0
0.773223 0
0.158734 0
0.170385 0
1.435719 0
0.200240 0
0.772496 0
0.618361 0
0.552902 0
0.143112 0
0.094129 0
0.067107 0
1.078251 0
0.266675 0
0.903203 0
0.221976 0
0.653173 0
0.748670 0
0.590657 0
0.786953 0
0.398340 0
0.862391 0
0.972439 0
0.091698 0
0.476020 0
0.139676 0
0.035774 0
0.457870 0
1.379237 0
1.428919 0
0.873728 0
0.371118 0
0.125230 0
0.715496 0
0.628752 0
0.254755 0
0.410935 0
0.338411 0
0.416466 0
1.147590 0
0.144545 0
0.323987 0
0.611420 0
0.323819 0
0.359848 0
0.123846 0
0.019942 0
0.154587 0
0.347431 0
0.228308 0
0.520835 0
0.768924 0
0.557371 0
0.562823 0
0.051709 0
0.014573 0
0.251232 0
1.421826 0
0.787200 0
0.628156 0
1.089741 0
0.223194 0
0.621615 0
0.462009 0
0.613029 0
0.244638 0
0.071644 0
1.130804 0
1.432536 0
0.170909 0
1.476610 0
1.348209 0
0.207467 0
0.202135 0
0.050595 0
0.801333 0
0.325423 0
0.203467 0
0.048555 0
0.971433 0
0.070786 0
0.027935 0
0.365823 0
1.034953 0
0.006199 0
0.514582 0
0.163090 0
0.021098 0
0.511737 0
1.264008 0
0.577810 0
0.610079 0
0.032611 0
0.000855 0
0.218668 0
0.208490 0
0.168412 0
0.164719 0
1.586717 0
0.613057 0
0.427251 0
0.400201 0
1.052108 0
0.754009 0
0.633680 0
0.411588 0
1.251474 0
1.127093 0
0.747639 0
0.419424 0
0.178456 0
1.205565 0
0.379702 0
1.241244 0
1.426786 0
0.437025 0
0.045286 0
1.571935 0
1.391297 0
0.888787 0
0.564839 0
0.967342 0
0.161402 0
0.872945 0
0.223560 0
0.432375 0
1.421674 0
1.069026 0
0.471876 0
0.515073 0
0.287623 0
0.126124 0
0.077959 0
0.284852 0
0.889134 0
0.608552 0
1.131542 0
0.579400 0
0.167562 0
0.252267 0
0.490793 0
0.091259 0
0.014631 0
1.390229 0
0.061329 0
0.100367 0
0.066719 0
0.827383 0
0.064041 0
0.753121 0
1.156555 0
0.281185 0
0.394121 0
0.143373 0
0.443769 0
2.071253 0
0.251623 0
0.510930 0
0.497183 0
0.091832 0
0.343255 0
0.277458 0
0.866825 0
1.116259 0
0.044712 0
0.240313 0
0.113201 0
0.055106 0
0.125064 0
0.168674 0
0.992183 0
0.193730 0
0.290018 0
0.018876 0
0.056507 0
0.324944 0
0.031021 0
1.361711 0
0.609405 0
0.002658 0
0.049718 0
0.347096 0
0.909581 0
0.688811 0
1.473060 0
0.029752 0
0.194401 0
0.430004 0
0.474699 0
0.124945 0
0.385833 0
0.363140 0
0.097677 0
0.089185 0
0.164602 0
0.149587 0
1.064636 0
0.051603 0
0.079087 0
0.308974 0
0.300056 0
0.271819 0
0.005680 0
0.580183 0
0.810424 0
0.867583 0
0.990429 0
0.211313 0
0.021946 0
0.287033 0
0.670622 0
0.086505 0
0.917845 0
0.016563 0
0.418335 0
0.945008 0
0.710566 0
0.452127 0
0.592868 0
0.716340 0
0.897883 0
0.312325 0
0.113600 0
0.196787 0
0.356458 0
0.058327 0
1.069113 0
0.194042 0
0.052336 0
0.131228 0
0.368763 0
0.864393 0
0.601309 0
0.081361 0
0.479050 0
0.145111 0
0.859720 0
0.336295 0
0.422859 0
0.698533 0
0.629423 0
0.635697 0
0.016446 0
1.186253 0
1.592267 0
1.084990 0
0.707771 0
0.162090 0
0.096801 0
0.717522 0
0.729357 0
0.036909 0
0.729836 0
0.135807 0
0.460433 0
0.271469 0
0.574813 0
0.372534 0
0.034499 0
1.341586 0
0.052157 0
0.422271 0
0.914299 0
0.244359 0
1.369783 0
0.593083 0
0.183320 0
0.414346 0
1.004731 0
0.052475 0
0.365346 0
0.198530 0
0.831266 0
1.802077 0
0.484032 0
0.093198 0
0.894979 0
0.458726 0
1.567439 0
0.870893 0
0.525050 0
1.001017 0
0.641271 0
0.530298 0
0.848039 0
0.115464 0
0.562695 0
0.185533 0
0.688340 0
1.501651 0
1.258278 0
0.003419 0
0.660787 0
0.155041 0
0.130767 0
0.014240 0
0.647615 0
0.196374 0
0.085404 0
0.071590 0
0.187502 0
0.104074 0
0.115715 0
1.111571 0
0.932607 0
0.348525 0
0.637706 0
0.219904 0
0.275690 0
0.090306 0
0.457379 0
1.558867 0
0.348218 0
0.032132 0
0.037487 0
1.231214 0
0.243474 0
1.377711 0
0.129058 0
0.963839 0
0.706824 0
0.252108 0
0.205806 0
0.153646 0
0.690909 0
0.058364 0
0.098769 0
0.316165 0
1.023126 0
0.084047 0
0.414251 0
0.296676 0
0.418778 0
0.524808 0
0.362458 0
0.517813 0
1.048939 0
0.603143 0
0.819430 0
1.412619 0
0.454043 0
0.110208 0
0.128550 0
0.660205 0
2.001451 0
1.736002 0
0.672575 0
0.300472 0
0.643396 0
0.060420 0
1.406087 0
0.370808 0
0.274275 0
1.373015 0
0.664785 0
0.329250 0
0.381809 0
0.050583 0
0.183589 0
0.180904 0
0.028904 0
0.261403 0
0.043371 0
0.201139 0
0.367251 0
0.234169 0
0.109585 0
0.794721 0
0.065420 0
0.102055 0
0.446150 0
1.121856 0
1.168468 0
0.515534 0
0.186094 0
0.955107 0
0.888745 0
0.543771 0
0.545813 0
0.175441 0
0.601808 0
0.007315 0
0.246836 0
0.119857 0
0.559359 0
0.636628 0
0.028152 0
1.571013 0
0.362368 0
0.618940 0
0.714680 0
1.169915 0
0.372577 0
0.310175 0
1.252308 0
0.155934 0
0.089341 0
0.319743 0
0.169074 0
1.482122 0
0.055867 0
1.382010 0
0.170709 0
0.157466 0
1.512130 0
0.212848 0
0.965599 0
0.782111 0
0.582106 0
0.233273 0
0.030054 0
0.166755 0
0.055539 0
0.187405 0
0.024176 0
0.734555 0
0.019613 0
1.128237 0
0.247040 0
0.126723 0
0.122290 0
0.080492 0
0.189061 0
0.457968 0
1.382973 0
0.419345 0
0.529912 0
0.147578 0
0.761536 0
0.554949 0
0.030374 0
1.739457 0
0.607088 0
0.689090 0
1.160737 0
0.253884 0
0.221757 0
0.062078 0
0.343609 0
0.086867 0
0.851200 0
0.042113 0
0.083851 0
0.152879 0
0.153564 0
0.291547 0
0.050111 0
0.089977 0
0.717099 0
0.099868 0
1.433457 0
1.377894 0
1.230487 0
0.627585 0
0.043766 0
0.598719 0
0.633287 0
0.047738 0
0.325477 0
0.173234 0
0.425843 0
0.489983 0
0.035475 0
1.016257 0
0.084406 0
0.708237 0
0.266182 0
0.094926 0
1.399900 0
0.434676 0
0.299631 0
0.202326 0
0.015352 0
1.025058 0
0.195642 0
0.228087 0
0.450177 0
0.367110 0
0.994846 0
0.197216 0
0.472739 0
0.307504 0
0.513537 0
0.493766 0
0.739169 0
0.303414 0
0.355662 0
0.219714 0
0.336187 0
0.153781 0
0.816591 0
0.608639 0
0.536651 0
0.332512 0
1.432507 0
1.632474 0
1.092510 0
0.048436 0
0.071146 0
0.049415 0
0.108183 0
0.209961 0
0.020420 0
0.316377 0
0.023200 0
1.156775 0
0.024365 0
0.120270 0
0.229967 0
0.289845 0
0.965247 0
0.630239 0
0.778840 0
0.141440 0
0.369801 0
0.337585 0
0.150587 0
0.372274 0
0.161308 0
0.042631 0
1.479336 0
0.395705 0
0.531012 0
1.305777 0
0.509240 0
0.055675 0
0.638524 0
0.280715 0
0.179730 0
0.349362 0
0.454396 0
0.859706 0
0.237300 0
0.506505 0
0.091242 0
0.694382 0
1.106036 0
0.752279 0
0.266220 0
0.266579 0
0.128542 0
0.639744 0
0.368205 0
0.152642 0
0.237177 0
0.964407 0
1.274022 0
0.469689 0
1.110935 0
0.694544 0
0.280306 0
0.495626 0
0.266080 0
0.015802 0
0.258660 0
0.251775 0
0.253668 0
1.422076 0
0.596328 0
0.029370 0
0.133812 0
0.408617 0
0.377585 0
0.525673 0
1.303980 0
0.342104 0
0.167255 0
0.081565 0
0.031469 0
0.684315 0
0.239220 0
0.020141 0
0.153195 0
0.119775 0
0.166480 0
1.662285 0
1.021022 0
0.516157 0
0.299670 0
0.369280 0
1.689657 0
0.743416 0
0.389509 0
0.097307 0
1.471610 0
1.492048 0
0.154493 0
0.071223 0
0.232173 0
0.035768 0
0.940096 0
0.171424 0
0.170057 0
0.132266 0
0.229407 0
1.067679 0
0.141775 0
0.718539 0
0.278735 0
0.304051 0
0.218193 0
0.455271 0
1.803816 0
0.673782 0
0.098641 0
0.177188 0
0.372118 0
0.396700 0
0.169495 0
0.017325 0
0.201784 0
0.814928 0
0.189754 0
1.206565 0
0.588151 0
0.632814 0
0.426271 0
1.086363 0
0.152598 0
0.108527 0
1.410411 0
0.027773 0
0.079742 0
0.291694 0
0.922623 0
0.182958 0
0.829278 0
0.775531 0
0.911100 0
0.279215 0
0.052984 0
0.075556 0
0.863549 0
0.146606 0
0.270209 0
0.510949 0
0.336446 0
0.370038 0
0.315228 0
0.065207 0
0.470437 0
0.895265 0
0.625938 0
0.752004 0
0.690383 0
0.006993 0
0.059288 0
0.220506 0
0.864939 0
0.505812 0
0.021176 0
0.125474 0
0.344166 0
0.154711 0
0.002908 0
0.044462 0
0.627495 0
0.002038 0
0.002200 0
0.272504 0
0.235196 0
1.325712 0
0.137473 0
0.727012 0
1.422087 0
0.729891 0
0.028272 0
0.068622 0
0.057399 0
0.200866 0
0.142140 0
0.416092 0
0.673367 0
0.174948 0
0.682995 0
0.065398 0
0.018416 0
0.526407 0
0.175652 0
0.399258 0
0.526492 0
0.375552 0
0.139160 0
0.245358 0
0.317732 0
0.283775 0
0.251649 0
0.215719 0
0.822667 0
0.430616 0
0.480629 0
0.254096 0
0.179518 0
0.816803 0
0.609598 0
0.590271 0
1.072599 0
0.128053 0
1.243916 0
0.674133 0
0.483313 0
0.298087 0
1.035651 0
0.926696 0
0.621587 0
0.236449 0
0.080048 0
0.267218 0
0.491463 0
0.297040 0
0.477131 0
1.355160 0
1.245171 0
0.833729 0
0.175904 0
1.125665 0
0.197433 0
0.726798 0
0.322019 0
0.976052 0
0.109336 0
1.666095 0
0.415970 0
0.018910 0
0.258425 0
0.284710 0
0.018619 0
1.303463 0
0.131216 0
0.793014 0
0.329129 0
0.065875 0
0.587177 0
1.340145 0
0.661015 0
0.335607 0
0.235147 0
0.116218 0
0.187414 0
0.237646 0
0.245046 0
0.506024 0
0.476648 0
0.072911 0
0.618355 0
0.575636 0
0.171776 0
0.256427 0
0.211424 0
0.411138 0
1.064072 0
0.048434 0
0.334989 0
0.419055 0
0.783408 0
0.679628 0
0.037565 0
0.603020 0
0.167605 0
0.906484 0
0.587545 0
0.413483 0
0.215498 0
0.154418 0
0.437981 0
0.594104 0
0.349676 0
0.561709 0
1.426571 0
0.470090 0
0.649425 0
0.848849 0
0.488170 0
0.503504 0
0.601949 0
0.948686 0
1.256396 0
0.137317 0
0.235076 0
0.017807 0
1.368200 0
0.108974 0
0.209047 0
0.315402 0
0.640617 0
0.398450 0
1.516962 0
0.727932 0
0.217342 0
1.377375 0
1.275262 0
0.423241 0
1.242487 0
1.412873 0
0.466995 0
0.454946 0
0.102802 0
0.314157 0
0.358890 0
0.105034 0
1.649279 0
0.043369 0
0.288288 0
1.390634 0
0.495218 0
1.417607 0
0.619769 0
0.356255 0
0.652874 0
0.728717 0
0.206975 0
0.306135 0
0.100046 0
0.500590 0
0.711330 0
1.413036 0
0.623872 0
0.391395 0
1.197588 0
0.186376 0
0.173910 0
0.469221 0
0.024993 0
0.380363 0
0.430049 0
0.022388 0
0.308705 0
0.152981 0
0.282086 0
0.202923 0
1.487818 0
0.370192 0
0.386821 0
0.269707 0
0.157703 0
0.335659 0
0.789656 0
0.854075 0
0.940956 0
0.107335 0
1.375377 0
0.106243 0
0.287720 0
0.486391 0
0.575244 0
0.945550 0
0.084556 0
0.578959 0
1.369964 0
0.277904 0
0.616123 0
0.232347 0
0.325161 0
0.160197 0
0.530573 0
0.208279 0
1.691279 0
1.399818 0
0.732176 0
0.417430 0
0.686796 0
0.746517 0
0.281884 0
1.031509 0
0.362865 0
0.133251 0
1.150450 0
1.232671 0
0.113955 0
0.352049 0
0.161070 0
0.068857 0
1.233155 0
0.111017 0
0.400013 0
0.073631 0
0.078325 0
0.386254 0
0.687426 0
0.056749 0
1.635049 0
1.321013 0
0.125528 0
1.145152 0
0.382263 0
0.101554 0
0.263351 0
1.166034 0
0.952324 0
0.493792 0
0.197481 0
0.157111 0
0.260349 0
0.306150 0
0.535887 0
0.277493 0
0.766180 0
0.436830 0
0.765081 0
0.514947 0
0.606059 0
0.321360 0
0.519585 0
0.036424 0
1.409661 0
0.261003 0
0.241477 0
0.744550 0
0.271627 0
0.258171 0
0.392109 0
0.838387 0
1.444085 0
0.952581 0
0.112169 0
0.373194 0
0.255840 0
0.189196 0
0.106784 0
0.122586 0
1.611870 0
0.412106 0
0.203802 0
0.096094 0
0.567038 0
0.480353 0
0.872062 0
0.355928 0
0.671424 0
0.522092 0
0.459404 0
0.128183 0
1.449986 0
0.464806 0
0.438719 0
1.011532 0
0.043523 0
1.128166 0
0.205457 0
0.676530 0
0.360076 0
0.097498 0
0.985960 0
0.036730 0
0.186597 0
0.628040 0
0.107711 0
1.323076 0
1.061941 0
1.076316 0
0.122821 0
0.530735 0
0.698275 0
0.816457 0
1.500518 0
0.611234 0
0.528511 0
0.052795 0
0.951783 0
0.431749 0
0.657335 0
1.234848 0
0.763606 0
0.247661 0
0.105261 0
0.150354 0
0.180889 0
0.318008 0
0.261687 0
0.403478 0
0.084070 0
0.269384 0
0.207559 0
0.657661 0
0.087655 0
0.258637 0
0.706986 0
1.250758 0
1.299039 0
1.159049 0
0.283713 0
0.356359 0
0.719683 0
0.661247 0
0.619090 0
1.088168 0
0.620705 0
1.580819 0
0.123923 0
0.318578 0
0.381817 0
0.263992 0
0.524498 0
0.387553 0
1.336257 0
0.022114 0
0.723328 0
1.836111 0
1.422621 0
0.151489 0
0.188258 0
0.819351 0
0.102058 0
0.508363 0
1.322773 0
1.696546 0
1.012318 0
1.122401 0
0.138436 0
0.104742 0
0.465347 0
0.200485 0
0.362817 0
0.193446 0
0.049318 0
0.128262 0
0.260082 0
0.584253 0
0.109460 0
0.185319 0
1.028220 0
0.698490 0
0.760347 0
0.176657 0
0.542824 0
0.976840 0
0.123283 0
0.450965 0
0.791889 0
0.950511 0
0.754603 0
0.432079 0
0.312150 0
0.088337 0
0.589948 0
0.135987 0
0.800783 0
0.018143 0
1.531554 0
0.790411 0
0.954875 0
1.498495 0
1.102561 0
0.481459 0
0.072898 0
0.266905 0
0.178850 0
0.494239 0
0.116151 0
0.393051 0
0.752650 0
0.452103 0
0.465062 0
0.075504 0
1.231066 0
0.012969 0
1.085756 0
0.063531 0
0.254427 0
0.080464 0
0.100553 0
0.027742 0
0.129145 0
0.178909 0
0.639121 0
0.290924 0
0.041390 0
0.065724 0
0.190274 0
0.425468 0
0.460948 0
1.190593 0
0.590737 0
0.281048 0
0.690902 0
0.319277 0
0.040786 0
0.061163 0
0.641383 0
0.756784 0
1.021315 0
0.336771 0
1.403869 0
0.225054 0
0.087345 0
0.825736 0
0.810621 0
0.262509 0
0.438953 0
0.492298 0
0.415269 0
1.091205 0
0.986396 0
0.362596 0
1.546330 0
0.285018 0
0.613491 0
0.838619 0
0.170075 0
0.169157 0
0.334905 0
0.590346 0
0.081675 0
0.519751 0
0.326342 0
0.205056 0
0.286222 0
1.551414 0
0.905185 0
0.451779 0
1.275896 0
1.322282 0
1.038228 0
1.213495 0
1.666104 0
0.055338 0
0.045568 0
0.126907 0
0.912589 0
0.024546 0
0.411057 0
0.263715 0
0.739191 0
0.092689 0
0.608212 0
0.358161 0
0.308962 0
0.122351 0
0.267596 0
0.761425 0
0.693719 0
0.609563 0
0.739888 0
0.225753 0
0.013865 0
1.093041 0
0.698763 0
0.177300 0
0.177264 0
0.057037 0
0.095819 0
0.705106 0
0.609859 0
0.086124 0
0.197387 0
0.340801 0
0.159669 0
1.649688 0
0.852263 0
0.848056 0
0.232886 0
0.976195 0
0.037890 0
0.010956 0
0.798205 0
0.407923 0
1.295930 0
0.230266 0
0.526359 0
0.115951 0
0.970243 0
0.661550 0
0.085676 0
0.005801 0
0.745981 0
0.799176 0
0.192369 0
0.482211 0
0.125710 0
0.220018 0
0.274746 0
0.270158 0
0.961977 0
0.327851 0
0.105066 0
0.154435 0
0.417424 0
0.268850 0
0.520499 0
1.263689 0
0.749668 0
0.700078 0
0.058753 0
1.168540 0
0.505791 0
0.315982 0
0.082977 0
0.183021 0
1.362197 0
1.475322 0
0.792492 0
0.637235 0
0.769646 0
0.317943 0
1.464295 0
0.264041 0
0.518900 0
0.825316 0
0.347379 0
0.113084 0
1.063116 0
0.513897 0
0.877823 0
0.169434 0
1.114650 0
0.100952 0
1.424039 0
0.440724 0
0.395007 0
0.945498 0
0.188989 0
1.165301 0
1.395146 0
0.152545 0
0.533304 0
0.203857 0
0.514150 0
0.273556 0
0.597269 0
0.075121 0
0.176300 0
0.097400 0
0.331020 0
0.879065 0
0.664356 0
0.441692 0
0.065917 0
1.778586 0
0.070996 0
1.411344 0
0.469226 0
1.501259 0
1.292965 0
0.103341 0
0.211342 0
0.839111 0
0.111831 0
0.640066 0
0.175761 0
1.071251 0
0.621237 0
0.263564 0
0.133781 0
0.192170 0
1.632215 0
0.169233 0
0.244511 0
0.061594 0
0.030660 0
0.188063 0
0.295569 0
0.347909 0
0.384219 0
0.214967 0
0.970578 0
0.378779 0
0.107792 0
0.063748 0
0.191317 0
1.257316 0
0.322614 0
0.038507 0
1.373157 0
0.441287 0
0.806264 0
0.354103 0
1.453743 0
0.138657 0
0.695769 0
0.132815 0
0.079879 0
0.392694 0
0.058516 0
0.045976 0
0.156979 0
1.434111 0
0.245497 0
0.355634 0
0.411444 0
0.041311 0
0.306769 0
0.200087 0
0.037696 0
0.168196 0
1.566394 0
0.047502 0
0.122208 0
0.012750 0
0.563358 0
1.053345 0
0.043252 0
0.135955 0
0.133124 0
0.008792 0
0.164885 0
0.483638 0
0.099999 0
0.119809 0
0.159438 0
0.059960 0
0.552455 0
0.192259 0
0.144380 0
0.320067 0
0.064020 0
0.408839 0
0.362206 0
1.006238 0
0.036853 0
0.134702 0
0.215760 0
1.286618 0
0.470838 0
0.494653 0
1.055267 0
0.477386 0
0.662056 0
1.175232 0
0.860500 0
0.201456 0
1.652942 0
0.472155 0
0.781668 0
0.164462 0
1.029838 0
0.498061 0
1.227631 0
0.706355 0
1.222006 0
0.321637 0
0.463640 0
0.055006 0
1.470602 0
0.571947 0
0.210610 0
0.887225 0
0.104063 0
0.657174 0
0.541936 0
0.040329 0
0.599187 0
0.231155 0
1.085051 0
0.237215 0
1.240135 0
0.046306 0
0.241392 0
0.726768 0
1.259728 0
1.017211 0
1.239125 0
0.104934 0
1.586331 0
0.604345 0
0.342134 0
0.060880 0
0.067567 0
0.118069 0
0.047357 0
0.218001 0
0.280245 0
0.072592 0
0.456681 0
0.139621 0
0.304083 0
0.023653 0
0.005179 0
0.073097 0
0.605902 0
0.128006 0
0.415918 0
0.169526 0
0.063453 0
0.732612 0
0.198532 0
0.967736 0
0.561035 0
1.135842 0
0.788944 0
0.383785 0
0.981273 0
0.520007 0
0.069907 0
0.856913 0
0.061297 0
0.073721 0
0.845277 0
0.954281 0
0.491163 0
0.664036 0
0.517348 0
0.180623 0
0.187124 0
1.124186 0
1.141482 0
0.395121 0
0.794050 0
0.006736 0
0.653944 0
0.437950 0
0.032434 0
1.049707 0
0.141878 0
0.347492 0
0.195481 0
1.361105 0
0.386957 0
0.022160 0
0.066837 0
0.206829 0
0.218418 0
0.296904 0
0.428563 0
0.692345 0
1.589227 0
1.703527 0
0.544803 0
0.183094 0
0.644569 0
0.128553 0
0.606943 0
0.311333 0
1.176437 0
0.795826 0
0.987196 0
1.233116 0
0.320798 0
0.123514 0
0.288615 0
0.167783 0
0.896992 0
0.180091 0
0.795677 0
0.457137 0
0.361164 0
0.041945 0
0.589698 0
0.863196 0
1.128323 0
0.231348 0
0.226748 0
0.670185 0
1.009192 0
0.131874 0
1.371530 0
0.025181 0
0.444064 0
0.168010 0
1.367246 0
0.910272 0
0.291907 0
0.186775 0
0.740495 0
1.473578 0
1.017317 0
1.279118 0
0.234128 0
0.366607 0
0.372627 0
0.417990 0
0.808879 0
0.384293 0
0.488484 0
0.805680 0
0.386331 0
0.596915 0
0.044227 0
2.174575 0
0.031404 0
0.806834 0
0.920431 0
0.359898 0
0.771535 0
0.973353 0
0.141041 0
0.163446 0
0.188739 0
0.224421 0
0.030060 0
0.419684 0
0.524113 0
0.435121 0
0.260725 0
0.651224 0
0.340453 0
0.294525 0
0.082901 0
0.638962 0
0.742117 0
0.181466 0
0.636183 0
0.431754 0
0.087009 0
0.183112 0
0.995559 0
0.009035 0
0.081265 0
0.689718 0
0.547247 0
0.831558 0
0.171190 0
0.809865 0
0.338186 0
0.700665 0
0.090072 0
0.168913 0
0.183970 0
0.819625 0
0.250127 0
0.392805 0
0.164513 0
1.389681 0
0.101261 0
0.322617 0
0.349590 0
0.725327 0
0.005132 0
0.435730 0
1.034455 0
1.437314 0
0.598817 0
0.281805 0
0.217010 0
0.108301 0
0.697311 0
0.239059 0
0.627952 0
0.300189 0
0.626080 0
0.325206 0
0.150391 0
1.444166 0
0.234298 0
0.079810 0
0.490638 0
0.392723 0
0.299976 0
1.061116 0
0.306176 0
1.127862 0
0.166130 0
0.396820 0
0.052129 0
0.838992 0
0.492976 0
0.313598 0
0.020289 0
1.369085 0
0.615535 0
0.071788 0
0.623735 0
0.463762 0
0.615837 0
0.073378 0
0.273856 0
0.396836 0
0.359961 0
1.208511 0
0.094444 0
0.376784 0
0.185578 0
1.344622 0
1.088266 0
1.041282 0
0.408292 0
0.278705 0
1.544632 0
0.285189 0
0.790315 0
0.324661 0
0.532489 0
0.863783 0
0.969255 0
1.251394 0
0.277191 0
0.994598 0
0.007183 0
0.877814 0
0.423854 0
0.295156 0
0.584441 0
0.224778 0
0.609859 0
0.750653 0
0.176558 0
0.553151 0
0.090851 0
0.037009 0
0.102620 0
1.463574 0
0.225683 0
0.120529 0
0.059452 0
0.792080 0
0.784072 0
0.248714 0
0.243640 0
0.616370 0
1.183818 0
1.383078 0
0.391520 0
0.060296 0
0.032526 0
0.095411 0
0.087849 0
0.331249 0
0.281326 0
0.140103 0
1.526044 0
0.098415 0
0.006369 0
0.097500 0
1.553128 0
0.408267 0
0.809064 0
0.256574 0
0.314939 0
1.224456 0
0.273658 0
0.914846 0
1.067607 0
0.709263 0
0.363017 0
0.235455 0
0.222061 0
0.202322 0
0.169578 0
0.375367 0
1.205812 0
0.856499 0
0.219185 0
0.621618 0
1.254599 0
0.235144 0
0.072304 0
0.622178 0
0.046157 0
0.239930 0
0.656228 0
0.279011 0
0.149921 0
0.060603 0
0.040562 0
0.030425 0
0.272455 0
0.761799 0
0.531925 0
1.119670 0
1.739410 0
0.028510 0
0.314894 0
0.017611 0
0.345490 0
0.692668 0
0.367422 0
0.937842 0
0.249306 0
0.255196 0
0.101494 0
0.487056 0
0.187253 0
0.081957 0
1.240497 0
1.621959 0
0.892396 0
0.337010 0
0.034523 0
0.271804 0
0.410450 0
0.161493 0
0.209365 0
0.042862 0
0.595570 0
0.715489 0
1.016096 0
1.502443 0
0.140517 0
0.303365 0
2.119709 0
0.510480 0
0.137244 0
0.443682 0
0.033806 0
0.174008 0
1.045274 0
0.161055 0
0.536587 0
0.066108 0
0.009934 0
0.366552 0
0.094281 0
0.225925 0
1.380486 0
0.644369 0
0.193956 0
0.915988 0
0.097825 0
0.009456 0
0.675346 0
0.022751 0
0.391512 0
0.230671 0
0.082894 0
0.549065 0
0.545274 0
0.201425 0
0.628476 0
0.089618 0
0.931161 0
1.122554 0
0.051796 0
0.011711 0
0.229333 0
1.924620 0
1.476125 0
1.480075 0
0.504699 0
0.132261 0
0.079694 0
0.054665 0
0.110230 0
0.355617 0
0.496022 0
0.082366 0
0.087645 0
0.548341 0
0.088946 0
0.061298 0
0.448407 0
0.484898 0
0.385192 0
1.427153 0
1.678147 0
1.063203 0
0.175016 0
1.407644 0
0.192172 0
0.476876 0
0.564854 0
0.153053 0
1.251743 0
0.189233 0
1.025612 0
0.110456 0
0.070711 0
0.417853 0
0.077682 0
0.635537 0
0.707433 0
0.034063 0
1.073609 0
0.495051 0
0.036818 0
0.030146 0
0.724692 0
0.075587 0
0.131209 0
1.424125 0
1.419716 0
0.205311 0
0.275735 0
0.525888 0
0.164577 0
0.684825 0
0.392663 0
0.113433 0
0.167139 0
0.120379 0
1.401669 0
0.037353 0
0.523186 0
0.346297 0
0.329097 0
0.755610 0
1.436146 0
1.352021 0
0.328225 0
0.169722 0
0.839033 0
0.281053 0
1.453147 0
0.056423 0
0.042742 0
0.263937 0
0.033963 0
1.604334 0
0.279079 0
0.183893 0
1.536202 0
0.490805 0
0.381458 0
0.358471 0
0.349240 0
0.490008 0
0.256979 0
0.400342 0
1.392791 0
0.545859 0
0.478730 0
0.234892 0
0.459057 0
0.184292 0
0.162710 0
0.134546 0
0.932542 0
0.437530 0
1.534659 0
0.721245 0
0.921317 0
0.717471 0
0.220425 0
0.584734 0
0.091958 0
0.023767 0
0.360538 0
0.895717 0
0.233490 0
0.448895 0
0.944149 0
0.048884 0
1.419831 0
0.042457 0
1.004990 0
0.118190 0
0.488197 0
0.108916 0
0.187752 0
0.711998 0
0.341174 0
1.134489 0
0.121777 0
0.099357 0
1.583934 0
1.058732 0
0.629807 0
0.617212 0
0.464186 0
2.241647 0
0.205830 0
0.830221 0
0.287841 0
0.379284 0
0.977916 0
0.146682 0
0.977007 0
0.553411 0
0.929748 0
0.082857 0
0.215600 0
0.181687 0
0.508973 0
0.375832 0
0.240048 0
0.690448 0
1.246643 0
0.185532 0
0.440000 0
0.108701 0
1.011922 0
0.023795 0
1.515067 0
1.282340 0
0.622777 0
0.513446 0
0.279502 0
0.713188 0
0.272539 0
0.160649 0
0.195409 0
0.540236 0
0.185152 0
0.731808 0
0.052108 0
0.302131 0
0.455424 0
0.097353 0
0.289771 0
0.151790 0
0.232136 0
0.065377 0
1.560060 0
0.090726 0
0.224477 0
0.380185 0
0.388859 0
0.776742 0
0.348090 0
0.643618 0
0.026911 0
0.396646 0
0.060123 0
0.668929 0
0.010950 0
0.685887 0
1.349231 0
0.047299 0
0.613770 0
0.505471 0
0.368862 0
1.432411 0
0.401487 0
0.542979 0
0.096146 0
0.655300 0
0.172232 0
0.482280 0
0.153680 0
1.002518 0
1.481456 0
0.002962 0
0.477343 0
0.038655 0
0.571552 0
0.071692 0
0.984107 0
0.150167 0
0.070532 0
0.061249 0
0.239401 0
0.455809 0
0.548213 0
0.908201 0
0.642052 0
0.370752 0
0.932365 0
1.287095 0
0.538073 0
0.461426 0
0.594172 0
0.058617 0
0.494037 0
0.404335 0
0.018047 0
0.017192 0
0.309269 0
0.070172 0
1.016210 0
1.073403 0
0.649827 0
0.528545 0
0.146306 0
0.504068 0
0.088090 0
0.288607 0
0.694974 0
0.630043 0
0.076124 0
0.823234 0
0.163589 0
0.257046 0
0.162158 0
1.430897 0
0.798772 0
0.108291 0
1.459473 0
0.055868 0
1.507198 0
0.475929 0
0.664363 0
1.576969 0
0.862052 0
0.252791 0
0.801294 0
1.380675 0
0.907992 0
0.158198 0
1.381102 0
0.928076 0
0.590423 0
0.583820 0
0.448366 0
0.104550 0
0.492827 0
0.893290 0
0.391018 0
0.862788 0
0.513709 0
0.228417 0
0.757581 0
0.900998 0
1.196910 0
0.739453 0
0.189622 0
0.361308 0
1.372633 0
0.350640 0
0.184887 0
0.602833 0
1.406444 0
0.075648 0
0.791806 0
0.023556 0
0.344247 0
0.184737 0
0.545369 0
1.669890 0
0.553670 0
1.813643 0
0.029693 0
0.020106 0
0.350114 0
0.115099 0
0.006572 0
0.627480 0
0.456240 0
1.113524 0
0.238516 0
0.197495 0
0.901956 0
0.077442 0
0.197474 0
0.536097 0
0.702849 0
1.364195 0
0.269911 0
0.043149 0
0.504643 0
0.287583 0
0.375426 0
0.299746 0
0.128100 0
0.375669 0
1.558071 0
1.462358 0
0.226868 0
0.689992 0
0.109361 0
0.281957 0
1.407921 0
0.483094 0
0.119077 0
1.162172 0
0.575439 0
0.079148 0
0.596098 0
0.042221 0
0.949406 0
0.028022 0
1.743118 0
0.095297 0
0.341704 0
0.488679 0
0.420156 0
0.536213 0
1.823687 0
0.159251 0
0.614362 0
0.132870 0
0.707217 0
0.573850 0
1.371492 0
0.213491 0
0.279533 0
0.046153 0
0.835462 0
0.149081 0
0.075880 0
0.253029 0
0.272910 0
0.311787 0
0.613296 0
0.403983 0
1.080898 0
0.101707 0
0.088444 0
1.171565 0
0.071550 0
0.280738 0
0.011642 0
0.666199 0
0.101311 0
0.030704 0
0.193269 0
0.067642 0
0.851893 0
0.231499 0
0.583021 0
0.502031 0
0.281174 0
0.338621 0
0.749658 0
0.518570 0
1.314903 0
0.347594 0
0.321971 0
0.399273 0
0.072174 0
0.115387 0
1.253135 0
0.373936 0
0.238328 0
0.773635 0
0.841993 0
0.241578 0
1.505449 0
0.026018 0
0.478264 0
0.151447 0
0.205130 0
0.331152 0
0.552315 0
0.878890 0
0.344923 0
0.556751 0
0.066986 0
0.014137 0
0.525457 0
0.075150 0
0.009141 0
0.092565 0
0.281308 0
0.121708 0
0.064244 0
0.437483 0
0.340925 0
0.172653 0
0.762474 0
0.010329 0
0.964992 0
0.212370 0
0.857050 0
0.035276 0
0.734026 0
1.688058 0
0.367653 0
0.952270 0
1.305904 0
1.024791 0
0.717914 0
0.381969 0
0.175298 0
0.186557 0
0.326986 0
0.390733 0
0.411641 0
1.840001 0
0.420773 0
0.318584 0
1.130182 0
0.035988 0
0.173448 0
0.358203 0
0.088242 0
0.776336 0
0.266127 0
0.305275 0
0.906739 0
0.216530 0
0.345278 0
0.767088 0
0.112094 0
0.835996 0
0.598085 0
0.460660 0
1.067131 0
0.090917 0
0.685154 0
0.773801 0
0.130869 0
0.601729 0
1.043284 0
1.399498 0
1.399129 0
0.281760 0
1.032833 0
0.202829 0
0.675433 0
0.960523 0
0.147610 0
0.129765 0
1.594253 0
0.472893 0
0.130225 0
0.021486 0
1.177538 0
0.720220 0
0.377515 0
0.930434 0
0.471991 0
0.016463 0
0.139071 0
1.453767 0
0.678596 0
0.012453 0
0.523943 0
0.266107 0
0.220092 0
0.341265 0
0.065814 0
0.039962 0
0.279316 0
0.460771 0
0.334289 0
0.424847 0
0.139043 0
1.115398 0
0.542841 0
0.159243 0
0.340866 0
1.330236 0
0.701608 0
1.395100 0
0.438999 0
0.719466 0
0.884759 0
0.053155 0
0.362010 0
0.680190 0
0.033269 0
0.381079 0
0.956898 0
0.196646 0
0.432453 0
0.247420 0
0.334692 0
0.145980 0
0.824977 0
0.056441 0
0.747828 0
0.826356 0
0.018285 0
0.250038 0
0.415434 0
0.604935 0
0.533517 0
1.124099 0
0.558501 0
0.282926 0
1.807589 0
0.197329 0
0.131841 0
0.228986 0
0.320833 0
0.509465 0
1.129513 0
0.089830 0
0.287971 0
0.393101 0
1.065125 0
0.180081 0
0.158113 0
0.581818 0
0.064293 0
0.041700 0
0.064451 0
0.100093 0
0.723100 0
0.278414 0
0.669084 0
0.267251 0
0.363089 0
1.423814 0
1.102574 0
0.284496 0
0.098699 0
0.313562 0
0.166852 0
0.315719 0
0.454460 0
0.958913 0
1.724826 0
0.554232 0
0.967250 0
0.043292 0
0.710362 0
0.257582 0
0.280404 0
0.140321 0
0.043880 0
0.217690 0
0.634040 0
0.589835 0
0.397496 0
0.127254 0
0.195400 0
0.785113 0
0.183583 0
0.258128 0
1.140744 0
0.291760 0
0.007844 0
0.378087 0
0.099435 0
0.095226 0
0.406162 0
1.415529 0
0.154465 0
0.063507 0
0.377624 0
0.309162 0
0.561671 0
0.389296 0
1.157604 0
0.360044 0
0.445697 0
0.428875 0
0.105486 0
0.247275 0
0.335268 0
0.870767 0
0.009768 0
1.149048 0
0.156392 0
0.121749 0
0.321860 0
0.363686 0
0.471415 0
0.107962 0
0.338336 0
0.635943 0
0.944939 0
0.100752 0
0.138084 0
0.157186 0
0.071128 0
1.314861 0
0.083130 0
0.596759 0
1.275055 0
1.350243 0
0.422674 0
0.247245 0
0.318001 0
0.252507 0
1.409519 0
0.960542 0
0.953441 0
0.186417 0
0.077220 0
0.064928 0
0.350348 0
1.753819 0
0.523433 0
0.102419 0
1.126436 0
0.256802 0
0.166365 0
0.064477 0
0.104934 0
1.425376 0
1.012658 0
0.123878 0
0.376616 0
0.175129 0
0.798373 0
0.895838 0
0.036082 0
0.690238 0
0.080820 0
0.233097 0
0.221216 0
0.138517 0
0.307550 0
0.147630 0
0.707232 0
0.187305 0
0.043601 0
0.101086 0
0.583451 0
0.689351 0
0.554230 0
0.106448 0
1.479076 0
0.823321 0
0.516948 0
0.029623 0
0.308040 0
1.381635 0
0.299770 0
0.322951 0
2.056206 0
0.340159 0
0.106546 0
0.007158 0
0.049594 0
0.803933 0
0.332456 0
0.024735 0
0.003244 0
1.052404 0
0.863284 0
0.943617 0
0.033451 0
0.031350 0
0.286481 0
0.738095 0
0.253523 0
0.183777 0
0.482892 0
0.337674 0
0.347235 0
0.065795 0
0.542719 0
1.199667 0
0.567827 0
0.459420 0
0.253195 0
0.023701 0
0.183182 0
0.116774 0
0.393499 0
1.869703 0
0.146206 0
0.045742 0
0.427431 0
0.462499 0
0.084928 0
0.249064 0
1.126764 0
0.400005 0
0.187700 0
0.576965 0
0.680721 0
0.443819 0
0.274852 0
1.176853 0
0.784822 0
0.356762 0
0.500804 0
0.317684 0
0.077890 0
0.134406 0
0.189417 0
0.090692 0
0.774739 0
0.047153 0
0.378943 0
0.368413 0
0.744524 0
1.443222 0
0.131211 0
0.356093 0
0.330928 0
0.476402 0
0.247285 0
1.384417 0
0.063132 0
0.674972 0
0.513465 0
0.404543 0
1.283171 0
0.438354 0
0.047242 0
0.160263 0
0.163678 0
0.869794 0
0.537390 0
0.076862 0
0.437081 0
0.125195 0
0.540226 0
0.498681 0
1.454257 0
1.442501 0
0.853563 0
0.515898 0
0.284516 0
0.309659 0
0.790725 0
0.243823 0
0.037425 0
1.655427 0
0.554067 0
0.687523 0
0.191957 0
0.040851 0
0.692415 0
0.374104 0
1.360222 0
1.451645 0
0.206986 0
0.464310 0
1.162885 0
0.647958 0
0.341590 0
1.064784 0
0.251253 0
0.211750 0
0.196616 0
0.529160 0
0.263495 0
0.159464 0
1.104278 0
0.340207 0
0.238317 0
0.599828 0
0.073891 0
0.402785 0
0.116515 0
0.147294 0
0.162223 0
0.517502 0
0.933964 0
1.205576 0
1.643123 0
0.231086 0
0.858894 0
0.377096 0
1.487924 0
0.337353 0
0.773234 0
0.306550 0
1.545636 0
0.186630 0
0.069187 0
1.125501 0
0.240371 0
0.249189 0
0.307440 0
0.115281 0
1.383026 0
0.148177 0
0.482983 0
0.478130 0
0.328062 0
0.150608 0
0.625225 0
0.271871 0
0.564081 0
0.249839 0
0.468223 0
0.398258 0
0.147827 0
1.462478 0
0.659792 0
0.082667 0
0.969392 0
0.082563 0
0.312137 0
0.362886 0
0.046120 0
0.837823 0
0.368689 0
0.133986 0
0.540492 0
1.274071 0
0.180634 0
1.208941 0
0.010698 0
0.526126 0
0.484080 0
0.648492 0
0.188561 0
0.865657 0
1.335582 0
0.720837 0
0.887797 0
0.997331 0
1.010105 0
0.893391 0
1.561340 0
0.681599 0
1.400962 0
0.806208 0
1.064795 0
0.206279 0
0.040369 0
0.224967 0
0.222883 0
0.132342 0
1.352416 0
1.499420 0
0.448429 0
0.803071 0
1.724468 0
0.300475 0
0.060160 0
0.135722 0
0.031405 0
0.425096 0
0.814081 0
0.099413 0
1.154800 0
0.068854 0
0.249013 0
0.321531 0
0.168943 0
0.419944 0
0.376408 0
0.279453 0
0.297913 0
1.033973 0
0.081749 0
1.448258 0
0.379565 0
0.636095 0
0.301177 0
0.256735 0
0.288674 0
0.404496 0
1.570703 0
0.444835 0
0.568329 0
0.013912 0
0.330761 0
0.777905 0
0.069462 0
1.418402 0
0.717028 0
0.841803 0
0.997676 0
1.425326 0
0.150657 0
0.101955 0
0.229693 0
1.200344 0
0.211563 0
0.201132 0
1.691610 0
0.263785 0
1.636494 0
0.942660 0
0.977554 0
0.589724 0
0.434261 0
0.796522 0
0.124623 0
1.013052 0
0.117370 0
0.879441 0
0.571134 0
1.812334 0
0.137672 0
0.139792 0
0.386062 0
0.029421 0
0.069058 0
0.538991 0
0.103728 0
1.181608 0
0.843636 0
0.728527 0
0.935593 0
0.181636 0
1.407197 0
0.137238 0
0.107735 0
1.419239 0
0.030539 0
0.157582 0
0.491925 0
0.018842 0
0.294233 0
0.255536 0
0.312113 0
0.350184 0
0.091961 0
1.171092 0
0.848541 0
0.392700 0
0.484753 0
0.134831 0
0.663428 0
0.245098 0
0.529277 0
0.929782 0
0.332093 0
0.082055 0
0.105622 0
0.813109 0
0.251740 0
0.200405 0
0.810228 0
0.069960 0
1.251320 0
0.106175 0
0.175766 0
0.631546 0
0.199093 0
1.085069 0
0.425574 0
0.125146 0
0.245504 0
0.388939 0
0.247035 0
0.285685 0
0.143927 0
0.039261 0
0.772411 0
0.464000 0
0.123589 0
0.541112 0
1.433874 0
0.026463 0
0.199571 0
0.114910 0
0.626889 0
1.309525 0
0.545251 0
0.421484 0
0.161895 0
0.241114 0
0.827105 0
1.656074 0
0.558650 0
0.700545 0
1.133041 0
0.454684 0
0.244631 0
1.551853 0
0.338620 0
0.837138 0
0.493114 0
0.748936 0
0.347737 0
0.372553 0
0.109723 0
0.185978 0
0.143206 0
0.240014 0
1.286071 0
0.102142 0
0.398960 0
0.157129 0
0.419457 0
0.161738 0
0.197658 0
0.437260 0
0.305918 0
0.141232 0
0.500873 0
0.174098 0
0.028846 0
0.638619 0
0.801389 0
0.512733 0
0.416932 0
0.070622 0
0.152210 0
0.761308 0
1.095533 0
0.348697 0
1.063532 0
0.240016 0
0.238242 0
0.018885 0
0.710832 0
0.119690 0
0.085637 0
0.108554 0
1.461157 0
0.231482 0
0.453168 0
0.176727 0
1.286197 0
0.933286 0
0.748620 0
0.239885 0
1.422054 0
0.177117 0
0.422885 0
0.124490 0
0.146018 0
1.638452 0
0.627492 0
0.469143 0
0.321766 0
0.080754 0
0.784337 0
0.470646 0
0.057038 0
0.313281 0
0.063000 0
0.005083 0
0.153125 0
0.589201 0
0.335148 0
0.051805 0
0.006158 0
0.754792 0
0.111069 0
0.204198 0
0.299803 0
1.936397 0
0.039988 0
0.378468 0
0.811778 0
0.031646 0
0.016080 0
0.248083 0
0.130715 0
0.804386 0
0.755446 0
0.169346 0
0.219486 0
0.288714 0
0.332359 0
0.176592 0
0.490929 0
0.332167 0
0.389196 0
0.388808 0
0.480352 0
0.531412 0
0.194802 0
0.087304 0
1.054454 0
0.063711 0
0.152338 0
0.100647 0
0.502373 0
0.822332 0
0.267323 0
0.110365 0
0.508295 0
0.476832 0
0.811577 0
0.706964 0
0.241872 0
0.102412 0
0.552563 0
0.411974 0
0.264503 0
1.188372 0
0.035663 0
0.202644 0
0.748443 0
0.514423 0
0.228661 0
0.025264 0
0.491067 0
0.663922 0
0.401122 0
0.263798 0
0.052787 0
0.250661 0
0.552969 0
1.549922 0
0.019563 0
0.012120 0
1.355849 0
0.344693 0
0.085770 0
0.153769 0
0.283878 0
1.655214 0
0.841534 0
1.251023 0
0.103262 0
0.286459 0
0.122317 0
0.838257 0
0.121824 0
0.153367 0
0.090912 0
0.633053 0
0.133882 0
0.036941 0
0.255761 0
0.490920 0
0.192523 0
0.197822 0
0.019369 0
0.017218 0
0.516350 0
0.787168 0
0.194425 0
0.308016 0
0.167438 0
0.346432 0
0.172884 0
0.445436 0
0.234843 0
0.698857 0
0.117382 0
1.946484 0
0.440858 0
0.496798 0
0.582258 0
0.386576 0
0.212730 0
0.023996 0
0.193492 0
0.167671 0
0.295064 0
0.201476 0
0.791162 0
1.415583 0
0.429893 0
0.517653 0
0.496112 0
0.173646 0
1.468140 0
0.554797 0
1.046566 0
1.051882 0
0.066991 0
0.234814 0
0.280577 0
0.379096 0
0.868864 0
1.556229 0
1.105941 0
1.282161 0
0.060805 0
0.251822 0
0.082379 0
0.367244 0
0.956357 0
0.146206 0
0.221504 0
0.160351 0
0.967246 0
0.184599 0
0.931814 0
0.375588 0
0.863414 0
0.505993 0
0.059941 0
0.021335 0
0.124977 0
1.373092 0
0.185863 0
0.412283 0
1.233586 0
0.284696 0
0.411152 0
1.360917 0
1.063491 0
0.582991 0
0.399604 0
0.053337 0
0.400099 0
0.658784 0
0.116730 0
1.332010 0
0.499889 0
0.198839 0
0.075070 0
0.416820 0
0.136053 0
0.153972 0
1.269283 0
0.536972 0
0.393152 0
0.218349 0
0.143878 0
0.213181 0
0.426870 0
0.034148 0
0.640337 0
0.464285 0
1.429169 0
0.484111 0
1.204340 0
0.730193 0
0.719296 0
0.139701 0
0.869826 0
0.436660 0
1.143056 0
0.726888 0
1.290346 0
0.632730 0
0.309499 0
0.283865 0
0.206221 0
0.161614 0
0.196857 0
0.561619 0
0.187603 0
0.672021 0
0.379496 0
1.597310 0
0.376970 0
1.397336 0
0.237968 0
0.680948 0
0.373633 0
0.128710 0
1.842365 0
0.637302 0
0.548370 0
0.769404 0
0.458421 0
0.382937 0
1.008451 0
0.688766 0
0.315483 0
0.499056 0
0.684414 0
0.154129 0
0.453715 0
1.052365 0
0.272366 0
0.461674 0
0.585061 0
0.221205 0
0.165701 0
1.344294 0
0.333465 0
0.145536 0
0.318953 0
0.282738 0
0.050673 0
0.936562 0
0.143311 0
0.820575 0
0.522210 0
0.281985 0
0.205820 0
0.613243 0
0.484403 0
0.055132 0
0.408045 0
1.055649 0
0.878105 0
0.330959 0
0.083976 0
0.296299 0
1.807845 0
1.372350 0
0.218128 0
0.081328 0
0.134056 0
0.187399 0
0.921060 0
0.152005 0
1.372865 0
0.290645 0
0.820503 0
1.374005 0
1.049451 0
0.278737 0
0.078289 0
0.217049 0
0.238519 0
0.535170 0
0.780254 0
0.272307 0
0.043697 0
0.182309 0
0.587782 0
0.054729 0
0.700487 0
1.059555 0
0.290160 0
0.705491 0
0.275442 0
0.101738 0
0.122156 0
0.115169 0
0.774290 0
0.441832 0
0.754059 0
0.251228 0
0.547433 0
0.565300 0
1.701117 0
0.690741 0
0.458389 0
1.641973 0
0.675456 0
1.540348 0
1.220953 0
0.026722 0
0.284482 0
1.568354 0
0.096313 0
0.693700 0
0.637852 0
0.380631 0
0.193118 0
0.001538 0
0.621914 0
0.248374 0
0.717025 0
0.216027 0
1.115402 0
0.687557 0
0.093205 0
0.004882 0
0.804654 0
0.294991 0
0.695491 0
1.129796 0
0.176794 0
0.610857 0
1.149826 0
0.616884 0
0.427988 0
0.281102 0
0.340160 0
0.426161 0
0.476628 0
0.997218 0
0.330144 0
1.199705 0
0.380680 0
0.550612 0
0.208914 0
1.403423 0
1.413499 0
1.155887 0
0.303510 0
0.494684 0
0.405776 0
0.334267 0
0.374437 0
0.082662 0
0.638132 0
0.397646 0
0.632339 0
0.334028 0
0.055606 0
0.596236 0
0.726765 0
0.192253 0
1.324520 0
1.406906 0
0.121988 0
0.286569 0
0.807872 0
0.484433 0
0.270426 0
1.492326 0
0.092148 0
0.223030 0
0.416137 0
0.016620 0
0.129025 0
1.004907 0
0.094353 0
0.923458 0
0.010946 0
0.039711 0
0.015763 0
0.635160 0
1.410075 0
0.091137 0
0.356943 0
0.015323 0
1.188343 0
1.254731 0
1.281755 0
1.441665 0
0.320900 0
0.780551 0
0.132830 0
0.166784 0
0.070678 0
0.140265 0
0.533410 0
1.620209 0
0.170560 0
0.820308 0
1.293716 0
1.350322 0
0.383272 0
0.144567 0
0.692933 0
0.295662 0
0.381492 0
0.405344 0
0.225401 0
0.410688 0
0.961608 0
0.919254 0
0.021433 0
0.057812 0
0.369369 0
0.335684 0
0.364273 0
0.609797 0
0.268125 0
0.052890 0
1.145336 0
0.022302 0
0.460860 0
1.378339 0
0.381100 0
0.943010 0
0.875054 0
0.410234 0
0.280410 0
1.119348 0
0.225899 0
0.495352 0
0.257637 0
0.613486 0
1.163001 0
0.182497 0
0.161560 0
0.610200 0
0.355563 0
0.598773 0
0.374589 0
0.107937 0
0.529487 0
1.369137 0
1.347916 0
0.189699 0
0.793380 0
0.979140 0
1.286669 0
0.922017 0
0.215551 0
0.339485 0
0.290076 0
0.169990 0
1.344867 0
0.309999 0
0.063780 0
0.313008 0
0.227092 0
0.022818 0
0.380289 0
0.290441 0
0.197916 0
1.728785 0
0.116817 0
0.062010 0
0.504384 0
0.551567 0
0.211353 0
1.476162 0
0.336964 0
1.347255 0
0.118783 0
1.012922 0
0.027249 0
0.503526 0
0.181490 0
0.245632 0
0.717716 0
1.510643 0
0.541439 0
0.322679 0
0.198818 0
0.309908 0
0.752467 0
0.725668 0
0.595872 0
0.418097 0
0.226834 0
0.362503 0
1.410014 0
0.287195 0
0.072843 0
0.165370 0
0.047283 0
0.474771 0
0.712674 0
0.147955 0
0.570422 0
1.544523 0
1.392859 0
1.224308 0
0.117924 0
0.067970 0
0.235554 0
0.451665 0
0.508823 0
0.375788 0
0.105028 0
0.828713 0
0.179929 0
0.150752 0
0.082428 0
0.163409 0
0.271853 0
0.494408 0
0.273974 0
0.719159 0
0.585225 0
0.347133 0
0.600823 0
1.261042 0
1.309448 0
1.021315 0
0.092167 0
0.382802 0
1.035588 0
0.585528 0
0.235881 0
0.118094 0
0.269214 0
1.117715 0
0.802847 0
1.581547 0
0.578325 0
0.761415 0
1.142977 0
0.984386 0
0.535961 0
0.120092 0
0.224781 0
0.318541 0
0.232133 0
0.333427 0
1.261367 0
0.062018 0
0.038322 0
0.096946 0
0.861411 0
0.737535 0
0.382833 0
0.520929 0
0.151015 0
1.483157 0
0.071669 0
0.366612 0
1.405365 0
0.280326 0
1.106729 0
0.011763 0
0.560866 0
0.314015 0
0.760068 0
0.997927 0
0.297922 0
1.419991 0
0.054472 0
0.789327 0
0.749114 0
0.323090 0
1.371648 0
0.040324 0
0.323950 0
1.184898 0
1.378983 0
0.432773 0
0.135297 0
1.362591 0
1.364792 0
1.157380 0
1.489075 0
0.184468 0
0.889677 0
0.654371 0
0.055319 0
1.164035 0
1.444616 0
0.320047 0
1.259306 0
0.376568 0
0.135738 0
0.022967 0
1.095309 0
0.435632 0
1.024224 0
0.705797 0
0.066468 0
0.062720 0
1.130823 0
0.215106 0
1.405036 0
0.266001 0
0.687366 0
0.425394 0
0.455545 0
1.383689 0
0.237797 0
0.845311 0
0.634008 0
1.285612 0
1.218033 0
0.096977 0
0.257050 0
0.248337 0
0.091351 0
0.531919 0
0.237611 0
0.591528 0
0.311753 0
1.770079 0
0.370194 0
0.318642 0
0.426822 0
0.283657 0
1.065713 0
0.763084 0
0.264387 0
1.224076 0
0.805238 0
0.344070 0
0.587584 0
0.254192 0
0.383657 0
1.067497 0
0.149781 0
1.165514 0
0.160681 0
0.078901 0
0.119488 0
0.248080 0
0.055972 0
0.104483 0
0.908130 0
1.941134 0
0.151519 0
0.123022 0
0.102046 0
0.315047 0
0.252144 0
0.547043 0
0.108513 0
0.992732 0
0.322879 0
0.220111 0
1.009201 0
0.963314 0
0.162935 0
0.245572 0
0.209449 0
0.168086 0
1.384152 0
1.441862 0
0.884664 0
1.042564 0
0.622672 0
0.260024 0
1.740107 0
1.247639 0
0.874222 0
1.089794 0
0.054142 0
0.917215 0
0.425137 0
0.219153 0
0.010219 0
1.637744 0
0.331601 0
0.629799 0
0.154739 0
1.023452 0
0.580377 0
0.127619 0
0.004728 0
0.652120 0
0.395422 0
0.068794 0
1.469502 0
0.338340 0
0.453431 0
0.521059 0
0.876957 0
0.719944 0
0.455105 0
0.915750 0
1.332507 0
0.025935 0
0.915182 0
0.200472 0
0.065328 0
0.052506 0
0.888527 0
1.631034 0
0.484719 0
0.348315 0
0.160581 0
0.489058 0
0.016479 0
0.107560 0
1.504367 0
0.430325 0
0.281296 0
0.542794 0
0.767313 0
0.223671 0
1.319293 0
0.229502 0
0.619092 0
0.110277 0
0.334403 0
0.257018 0
0.581891 0
0.084264 0
0.127975 0
0.347698 0
0.515445 0
0.559481 0
0.592487 0
0.038915 0
0.206383 0
0.493726 0
0.939489 0
0.416325 0
0.518173 0
0.142612 0
0.584874 0
1.410888 0
0.625885 0
0.464228 0
0.267711 0
0.654624 0
0.295840 0
0.919601 0
0.037294 0
0.095788 0
0.211023 0
1.477531 0
0.902482 0
0.330009 0
0.087281 0
0.452985 0
0.114666 0
0.248633 0
1.148388 0
0.164696 0
0.254997 0
0.023739 0
0.760384 0
0.600313 0
0.231113 0
0.611628 0
0.312646 0
0.043166 0
0.059709 0
0.773853 0
0.414473 0
0.011644 0
0.283491 0
0.075912 0
0.040654 0
0.076373 0
0.396379 0
0.832335 0
0.171561 0
0.619716 0
0.966431 0
0.734484 0
0.354979 0
0.409851 0
0.492789 0
0.850562 0
1.269747 0
0.101090 0
1.046377 0
0.053024 0
0.100044 0
0.808731 0
0.770067 0
0.181488 0
0.866108 0
0.019475 0
0.040536 0
0.690210 0
0.435107 0
1.086682 0
0.023085 0
1.182958 0
0.361228 0
0.728876 0
0.941650 0
0.061151 0
0.094247 0
0.577687 0
0.371780 0
0.229643 0
0.962911 0
1.415606 0
0.560457 0
0.267010 0
0.758342 0
0.179847 0
0.330632 0
1.437757 0
0.233370 0
0.010601 0
0.465090 0
0.572747 0
0.175297 0
0.078651 0
0.593427 0
0.566577 0
0.367213 0
0.326338 0
0.849174 0
0.929794 0
0.139404 0
0.357554 0
0.345687 0
0.788592 0
0.212651 0
0.053173 0
0.431589 0
0.573196 0
0.257120 0
0.449700 0
1.989162 0
0.058070 0
1.558635 0
0.573750 0
1.062475 0
1.105203 0
0.231839 0
0.056498 0
0.335934 0
0.112313 0
0.040583 0
0.289999 0
0.732301 0
0.502540 0
0.667492 0
0.242216 0
0.210161 0
0.550970 0
0.402910 0
1.473865 0
0.380533 0
1.287307 0
0.303529 0
0.576160 0
0.417411 0
0.613756 0
0.694260 0
0.307781 0
0.190139 0
0.292672 0
0.073006 0
1.171537 0
0.187403 0
0.953753 0
0.059915 0
0.263232 0
0.295315 0
1.494486 0
0.016877 0
0.522009 0
0.004526 0
0.062436 0
1.053079 0
0.345959 0
0.409865 0
0.050054 0
0.128272 0
0.188157 0
0.458373 0
1.011498 0
0.326209 0
0.229459 0
0.344643 0
1.367701 0
0.052484 0
0.375727 0
0.199528 0
0.055973 0
0.041076 0
1.575076 0
0.158975 0
0.429031 0
0.002864 0
0.277196 0
0.152208 0
1.476515 0
0.032081 0
0.168458 0
0.104197 0
0.133444 0
0.104635 0
0.866715 0
0.594460 0
0.484598 0
0.179960 0
1.525334 0
1.366858 0
2.291766 0
0.227496 0
0.100297 0
0.092202 0
0.645421 0
1.183949 0
1.125487 0
0.141946 0
0.000730 0
0.449094 0
0.519369 0
0.288573 0
0.190406 0
0.795913 0
1.084210 0
1.121206 0
0.485849 0
1.327253 0
0.328268 0
0.709688 0
0.245657 0
0.288626 0
0.597379 0
0.075625 0
1.046545 0
0.047414 0
0.810707 0
0.143920 0
0.284680 0
0.027673 0
1.114657 0
0.260583 0
1.071061 0
0.993346 0
0.162081 0
0.218676 0
0.386632 0
1.466980 0
0.121980 0
0.566603 0
0.811337 0
0.422360 0
1.423475 0
0.269673 0
0.263430 0
1.244657 0
0.324098 0
1.504921 0
0.358766 0
0.381415 0
0.280929 0
1.508350 0
0.019007 0
0.331649 0
0.074236 0
0.255456 0
0.431771 0
0.161551 0
0.006501 0
0.065577 0
1.440747 0
0.250783 0
0.277194 0
0.491695 0
0.371884 0
0.297440 0
0.535665 0
0.709049 0
0.403544 0
0.248121 0
0.859570 0
0.237387 0
0.381888 0
0.602752 0
1.454584 0
0.021788 0
0.535821 0
1.184560 0
0.284814 0
1.449408 0
0.422736 0
0.119615 0
1.268616 0
1.008833 0
0.409530 0
0.251036 0
0.126529 0
0.578036 0
1.377068 0
0.038129 0
0.102169 0
0.307854 0
0.292280 0
0.002132 0
0.570679 0
1.399975 0
0.574954 0
0.063089 0
0.018482 0
0.726882 0
0.954902 0
0.014458 0
0.655643 0
0.736530 0
0.019030 0
1.211714 0
1.543977 0
0.391124 0
0.423277 0
0.415160 0
0.697132 0
0.242352 0
0.565927 0
0.728030 0
0.226785 0
0.433117 0
0.992226 0
0.522934 0
0.271866 0
0.074428 0
0.363936 0
0.147838 0
0.532929 0
0.054268 0
1.170739 0
0.512973 0
0.117113 0
1.460175 0
0.342772 0
0.106913 0
1.365274 0
0.323490 0
0.115040 0
0.101976 0
0.185386 0
0.069994 0
0.662286 0
0.274467 0
0.114095 0
0.024846 0
1.533419 0
0.016218 0
0.025494 0
0.972657 0
0.177265 0
0.070268 0
0.124355 0
0.016076 0
1.087264 0
0.512970 0
0.233787 0
0.483442 0
1.209952 0
1.061810 0
0.525951 0
0.007327 0
0.074164 0
1.164772 0
0.294475 0
0.180458 0
0.809232 0
0.685134 0
1.138284 0
0.199607 0
0.089109 0
0.171464 0
0.140537 0
0.547767 0
0.142615 0
0.616450 0
0.219221 0
0.161763 0
0.270980 0
1.222339 0
0.861425 0
0.108263 0
1.208199 0
0.429461 0
0.617644 0
0.012885 0
0.027368 0
0.380949 0
0.348573 0
0.471456 0
0.345624 0
0.131370 0
0.297655 0
0.017025 0
0.235290 0
1.363459 0
0.496739 0
0.259824 0
0.323253 0
0.845130 0
1.324006 0
0.205009 0
0.056425 0
0.518042 0
1.428976 0
0.158894 0
0.772781 0
0.533689 0
0.243550 0
1.761676 0
0.499877 0
1.554257 0
0.203155 0
0.277272 0
0.414072 0
0.294097 0
0.313556 0
0.368818 0
0.398663 0
0.123604 0
0.378728 0
0.078034 0
0.428856 0
1.257073 0
0.484130 0
0.801832 0
0.746683 0
0.313621 0
0.274621 0
0.420680 0
0.111393 0
1.678598 0
1.538326 0
0.414189 0
0.238800 0
0.181944 0
0.387638 0
0.908773 0
0.086740 0
0.167643 0
1.415505 0
0.121448 0
0.702352 0
0.183180 0
0.312789 0
0.522805 0
0.092308 0
1.345291 0
0.120724 0
0.495909 0
0.544727 0
0.221342 0
0.540294 0
0.580070 0
1.409388 0
0.046356 0
0.078670 0
0.127128 0
0.178033 0
0.591172 0
0.556332 0
0.209736 0
0.056833 0
0.837535 0
0.157146 0
0.795986 0
0.045602 0
1.497153 0
0.178532 0
0.261844 0
0.015586 0
0.046547 0
0.461526 0
1.131015 0
0.247323 0
0.270738 0
0.221522 0
0.402785 0
0.007089 0
0.522718 0
0.136969 0
1.005675 0
0.262212 0
0.180369 0
1.763040 0
0.983075 0
0.983275 0
0.358342 0
0.097558 0
0.122211 0
0.244902 0
0.010645 0
0.373261 0
0.987303 0
0.270872 0
0.652874 0
0.394887 0
0.894900 0
0.495953 0
0.738358 0
0.594678 0
0.072100 0
0.621341 0
0.628359 0
1.561596 0
0.278968 0
0.125886 0
1.661907 0
0.196715 0
1.364473 0
0.090203 0
0.583168 0
0.929743 0
0.701039 0
0.067507 0
0.550022 0
1.729926 0
0.060213 0
0.202578 0
0.021636 0
1.566816 0
0.482384 0
0.311140 0
0.893684 0
0.743413 0
0.058489 0
0.869344 0
0.392234 0
0.233591 0
0.060236 0
0.052875 0
0.363781 0
0.585715 0
0.771814 0
0.156174 0
0.438501 0
0.063628 0
0.307758 0
1.643353 0
0.924465 0
0.310046 0
0.026107 0
0.373268 0
0.140285 0
0.329376 0
0.320766 0
1.427431 0
0.882096 0
0.168924 0
0.410880 0
0.094527 0
0.210561 0
0.116826 0
0.295874 0
0.466058 0
0.652281 0
0.221069 0
0.002683 0
0.711968 0
0.080045 0
0.103737 0
0.201863 0
0.320035 0
1.144421 0
1.288646 0
0.744974 0
0.014608 0
0.665545 0
0.260565 0
0.959233 0
0.791653 0
0.031155 0
0.036679 0
0.959983 0
0.096351 0
0.902756 0
0.008460 0
0.859991 0
0.453412 0
0.020855 0
0.006297 0
0.017576 0
0.599978 0
0.656243 0
0.802490 0
0.493396 0
0.565254 0
0.561955 0
0.390627 0
0.166630 0
0.213013 0
0.584115 0
0.073890 0
1.110369 0
1.027368 0
0.758405 0
1.419773 0
0.290729 0
0.077297 0
0.350328 0
0.040631 0
0.835647 0
0.193654 0
0.121683 0
0.443825 0
0.902585 0
0.158223 0
0.208365 0
1.682459 0
1.384980 0
0.087994 0
0.048628 0
0.607355 0
0.183514 0
0.167480 0
0.477603 0
0.181376 0
0.069336 0
0.409368 0
0.318260 0
0.916725 0
0.885642 0
0.052589 0
0.721233 0
0.542127 0
0.255057 0
1.539049 0
0.201822 0
0.560146 0
0.175265 0
0.716531 0
0.010606 0
0.523209 0
0.036480 0
0.147041 0
0.929704 0
0.127594 0
0.128436 0
0.736256 0
0.663536 0
0.016165 0
1.360311 0
0.273578 0
0.006615 0
0.391445 0
1.067757 0
0.223841 0
1.518904 0
1.059232 0
0.282295 0
1.499274 0
0.334911 0
0.681559 0
1.468788 0
0.068903 0
0.326980 0
0.020650 0
0.282348 0
0.377544 0
0.018604 0
0.176925 0
0.070202 0
0.492802 0
0.712648 0
0.233412 0
0.007969 0
0.525742 0
0.201599 0
0.076858 0
0.229117 0
1.121284 0
0.808124 0
0.219836 0
0.153577 0
1.410661 0
0.865359 0
0.367673 0
1.354692 0
0.014302 0
1.011381 0
0.637703 0
0.586635 0
0.669778 0
0.784083 0
0.316984 0
0.691318 0
0.816349 0
0.914010 0
0.326893 0
0.256311 0
0.586895 0
0.096651 0
1.165630 0
0.415386 0
1.243321 0
0.938271 0
0.207142 0
0.202841 0
1.435833 0
0.506618 0
0.133645 0
0.307784 0
0.468929 0
1.028937 0
0.270009 0
0.085301 0
0.364466 0
0.852582 0
1.519551 0
0.335045 0
1.757192 0
0.741089 0
0.282068 0
0.317138 0
0.152014 0
0.257060 0
1.183856 0
0.118363 0
1.024120 0
0.178930 0
0.091670 0
0.630399 0
0.660977 0
0.932921 0
0.169206 0
1.649761 0
0.245622 0
0.039744 0
0.784501 0
0.048394 0
0.568480 0
0.227748 0
0.544620 0
0.008312 0
0.831518 0
1.010904 0
1.056999 0
0.529043 0
1.045885 0
0.411358 0
0.518919 0
1.408301 0
0.032982 0
0.819678 0
0.600327 0
0.416740 0
0.180485 0
0.009975 0
0.213872 0
0.231949 0
0.042277 0
0.726129 0
0.172031 0
0.495273 0
0.083118 0
1.544768 0
0.667392 0
0.372683 0
0.027668 0
0.389249 0
1.385437 0
1.406039 0
0.556965 0
1.293773 0
0.153946 0
0.928099 0
1.654294 0
0.194663 0
0.167228 0
0.065908 0
0.153665 0
0.871685 0
0.270473 0
0.511922 0
0.083786 0
0.357622 0
0.378147 0
0.007573 0
1.498329 0
1.794437 0
0.615816 0
0.233407 0
0.660296 0
0.184021 0
0.186181 0
0.255349 0
0.863120 0
0.390430 0
1.605715 0
0.698801 0
0.061188 0
0.337960 0
0.043661 0
0.691803 0
0.834430 0
0.354489 0
1.381161 0
0.031805 0
0.916420 0
0.199360 0
0.558496 0
0.756079 0
0.067624 0
0.442686 0
0.577654 0
0.704510 0
0.304021 0
0.024396 0
0.387102 0
0.282954 0
0.065043 0
0.080020 0
0.455430 0
0.306886 0
0.120329 0
0.476990 0
0.151186 0
1.260084 0
0.680022 0
0.697171 0
1.295347 0
0.927261 0
0.160154 0
0.240104 0
0.251288 0
0.446378 0
0.120879 0
0.078091 0
0.370187 0
1.570816 0
0.733048 0
0.454522 0
1.278871 0
1.044220 0
0.070643 0
0.414610 0
0.089069 0
1.222892 0
0.166495 0
0.497344 0
0.902589 0
0.104690 0
0.441134 0
1.186535 0
0.742015 0
0.715582 0
0.248702 0
1.111814 0
0.320245 0
0.250226 0
0.171466 0
0.429340 0
0.910637 0
0.553442 0
0.827572 0
0.859569 0
0.218078 0
0.298871 0
0.362399 0
0.056359 0
0.601720 0
1.488343 0
0.398594 0
0.345314 0
0.391369 0
0.070739 0
0.224854 0
0.373322 0
0.123328 0
0.919616 0
0.814076 0
0.599296 0
0.073716 0
0.423679 0
0.029208 0
0.294377 0
0.513188 0
0.498243 0
2.551407 0
0.416953 0
0.674645 0
0.550859 0
0.554703 0
0.444674 0
0.557896 0
0.579060 0
0.370100 0
0.348220 0
0.470807 0
1.170575 0
1.213899 0
0.236482 0
0.698740 0
0.062751 0
1.578476 0
1.021796 0
0.439814 0
0.019539 0
0.255640 0
0.346819 0
0.031757 0
1.222062 0
0.105259 0
0.087221 0
0.026141 0
0.226031 0
0.089035 0
0.633442 0
0.622238 0
1.168631 0
0.754421 0
0.108925 0
0.209801 0
0.408737 0
0.238011 0
0.294740 0
0.476411 0
1.471395 0
0.758327 0
0.102273 0
0.393559 0
0.128727 0
0.026592 0
0.873118 0
0.138056 0
0.180979 0
0.949142 0
0.932206 0
0.325358 0
0.075227 0
1.117095 0
0.065031 0
0.314847 0
0.999758 0
0.375666 0
0.720762 0
0.641862 0
0.436372 0
0.102169 0
0.136262 0
0.857575 0
0.153622 0
0.215101 0
0.232014 0
0.368779 0
0.398315 0
0.350514 0
0.052927 0
0.074960 0
0.104072 0
1.190015 0
0.820440 0
1.379204 0
0.022952 0
0.205613 0
0.473084 0
0.144480 0
0.101149 0
0.377671 0
0.070579 0
0.851388 0
0.098509 0
0.174131 0
0.133419 0
0.303433 0
0.377291 0
0.090657 0
0.368962 0
0.644921 0
0.263091 0
0.175095 0
0.031030 0
0.090477 0
0.565890 0
0.352795 0
0.619510 0
0.265595 0
0.036898 0
0.961083 0
0.851562 0
0.044674 0
1.073824 0
0.359010 0
0.683647 0
0.171971 0
0.085348 0
0.729266 0
0.395293 0
0.363199 0
0.253064 0
1.530671 0
0.473358 0
0.575238 0
0.194568 0
0.112552 0
0.782550 0
0.069900 0
0.774523 0
0.226113 0
0.749490 0
0.326928 0
1.294205 0
0.231178 0
0.038883 0
1.556341 0
1.391284 0
0.032035 0
0.621838 0
0.176569 0
0.084558 0
0.730255 0
1.782112 0
0.420780 0
0.318110 0
0.270387 0
0.200451 0
0.113277 0
0.365904 0
0.119615 0
0.028761 0
0.046887 0
0.789437 0
0.150129 0
0.979856 0
0.085304 0
0.485923 0
1.456838 0
0.184630 0
0.290568 0
0.474510 0
0.234721 0
0.146485 0
0.503461 0
0.460594 0
0.199620 0
0.132428 0
0.692251 0
0.232935 0
0.965633 0
0.931668 0
0.704532 0
0.164523 0
0.069428 0
0.348518 0
0.113979 0
0.224598 0
0.146869 0
0.242390 0
1.282230 0
1.186775 0
0.060519 0
0.028397 0
0.007270 0
1.268551 0
0.140699 0
0.154919 0
0.141275 0
0.028496 0
0.184370 0
0.356928 0
0.437762 0
0.976122 0
0.354860 0
0.079207 0
0.449443 0
1.050753 0
0.631477 0
0.163764 0
0.485148 0
0.431213 0
0.679868 0
0.308005 0
0.216215 0
0.099209 0
0.243636 0
0.147034 0
0.659883 0
0.145562 0
1.286340 0
0.116842 0
1.053838 0
0.166126 0
0.355582 0
0.385386 0
0.700926 0
0.328696 0
0.418348 0
0.675875 0
0.286271 0
0.506073 0
0.224288 0
1.042095 0
0.324730 0
0.076385 0
1.065748 0
0.351121 0
1.343522 0
0.051648 0
0.205028 0
0.204108 0
0.200414 0
0.795169 0
0.277904 0
1.183995 0
0.078996 0
1.151368 0
0.745396 0
0.106602 0
0.390982 0
0.640908 0
0.330799 0
0.615590 0
0.841954 0
1.121218 0
0.220151 0
0.277362 0
0.800296 0
0.158584 0
0.647669 0
0.194911 0
0.616956 0
0.577343 0
0.082563 0
0.209037 0
0.462070 0
1.392480 0
0.398418 0
0.692980 0
0.077755 0
0.097433 0
0.912355 0
0.355580 0
0.207857 0
0.318769 0
0.291776 0
0.375432 0
1.825347 0
1.200593 0
0.225989 0
0.049101 0
0.285372 0
0.492547 0
1.467477 0
0.824861 0
0.390253 0
1.414525 0
0.706464 0
1.199659 0
0.266744 0
0.483114 0
0.194378 0
1.492953 0
0.086269 0
0.811250 0
0.237376 0
0.356910 0
0.291824 0
0.086516 0
0.008268 0
0.147717 0
0.078973 0
1.137619 0
0.730448 0
0.170650 0
0.055852 0
0.477325 0
1.016385 0
0.699179 0
1.116360 0
1.035134 0
0.273874 0
0.063897 0
0.297599 0
0.937107 0
0.444563 0
0.236698 0
0.544947 0
0.338982 0
0.567623 0
0.885859 0
0.334771 0
0.718560 0
0.461476 0
0.191535 0
0.064820 0
0.058158 0
0.755800 0
0.118291 0
1.198155 0
0.354776 0
0.832919 0
0.504545 0
0.038139 0
0.765619 0
0.022384 0
0.164451 0
0.264117 0
0.314739 0
0.539788 0
0.532837 0
0.953252 0
0.768164 0
0.339659 0
0.220467 0
0.546875 0
0.589721 0
0.312645 0
0.057146 0
1.431902 0
0.189455 0
0.922667 0
0.215180 0
0.275210 0
0.160564 0
0.321928 0
0.362584 0
0.933805 0
0.217922 0
0.591784 0
0.698702 0
0.072587 0
1.491088 0
0.684418 0
0.416089 0
0.087774 0
1.376215 0
1.612918 0
0.747988 0
0.498725 0
0.594560 0
0.161630 0
0.735134 0
0.029846 0
0.409907 0
0.181010 0
0.386674 0
1.068951 0
0.062662 0
0.172702 0
0.325349 0
0.388483 0
0.175535 0
0.509861 0
0.342760 0
0.235291 0
0.433937 0
1.292938 0
1.515906 0
0.166066 0
0.441111 0
0.038604 0
0.122383 0
0.137623 0
0.197244 0
0.887242 0
1.061512 0
0.367351 0
0.163373 0
0.236868 0
0.834023 0
0.704905 0
0.181344 0
0.316627 0
1.265416 0
0.929609 0
0.265521 0
0.982150 0
0.465033 0
0.018516 0
0.614490 0
0.621618 0
0.472694 0
0.183968 0
0.101588 0
0.687210 0
0.269488 0
0.173199 0
0.348987 0
0.201420 0
0.570539 0
0.118182 0
1.614472 0
0.939516 0
0.264559 0
0.368227 0
0.083983 0
0.612340 0
0.144447 0
0.154543 0
0.297506 0
0.106922 0
0.127767 0
0.467735 0
0.142407 0
0.495573 0
0.235283 0
0.455673 0
1.362536 0
0.152826 0
0.394571 0
0.313731 0
0.860901 0
0.100194 0
0.147942 0
0.802675 0
1.420696 0
0.898807 0
1.336251 0
0.059792 0
0.320466 0
1.123153 0
0.043677 0
0.884689 0
0.034259 0
0.884264 0
0.890280 0
0.308013 0
0.355450 0
0.010875 0
0.432910 0
1.044555 0
0.341384 0
0.127206 0
0.087960 0
0.087460 0
0.384213 0
0.220477 0
0.631189 0
0.030759 0
0.296794 0
0.317913 0
0.593434 0
0.238268 0
0.013291 0
0.310957 0
0.073752 0
0.471271 0
0.278933 0
0.201339 0
0.367434 0
0.152653 0
0.250750 0
0.037361 0
0.063098 0
0.331608 0
0.184328 0
0.077830 0
0.176059 0
0.519730 0
0.152258 0
0.866931 0
1.090478 0
0.516311 0
0.813687 0
0.127018 0
1.119828 0
0.918606 0
0.896641 0
1.247447 0
1.006638 0
0.226396 0
0.590904 0
0.253675 0
0.891518 0
0.264317 0
1.269671 0
0.379552 0
1.572365 0
0.675022 0
0.864183 0
0.164722 0
1.256734 0
0.091194 0
0.061313 0
0.981488 0
1.109651 0
0.288481 0
0.302551 0
0.675182 0
0.963935 0
0.410501 0
0.441642 0
0.787152 0
1.304152 0
0.802320 0
1.287792 0
1.454852 0
0.039961 0
0.206495 0
0.100110 0
0.286080 0
0.230116 0
0.171475 0
1.282974 0
0.082286 0
0.986613 0
1.481843 0
0.365784 0
0.016487 0
0.843499 0
0.317248 0
0.334380 0
0.807183 0
0.644039 0
0.251501 0
1.169066 0
0.919277 0
1.196285 0
0.118111 0
1.690080 0
1.625776 0
0.004276 0
0.671199 0
0.146274 0
0.438957 0
0.268264 0
0.011713 0
0.645595 0
0.278585 0
0.839388 0
1.082023 0
0.110221 0
0.176082 0
0.146967 0
1.107631 0
0.025510 0
1.696705 0
0.031716 0
0.138968 0
0.684351 0
1.177483 0
0.061592 0
0.286441 0
1.707035 0
0.119977 0
0.804773 0
0.003404 0
0.128245 0
0.131638 0
0.196139 0
0.738329 0
0.196593 0
0.946044 0
0.033077 0
0.339041 0
0.046210 0
0.318546 0
0.121368 0
0.009601 0
0.031207 0
0.279602 0
0.073482 0
0.096584 0
0.359700 0
0.034409 0
0.166860 0
0.182008 0
0.219714 0
0.922252 0
0.029326 0
0.723658 0
1.429947 0
0.582090 0
0.266531 0
0.379362 0
0.394832 0
0.357499 0
0.206241 0
0.221324 0
0.599445 0
0.391980 0
0.456700 0
0.720538 0
0.564398 0
0.145789 0
0.495065 0
0.201755 0
0.294158 0
0.027111 0
0.232022 0
0.090820 0
1.386446 0
0.501751 0
0.862800 0
0.830942 0
1.373327 0
1.153529 0
0.367226 0
0.362390 0
0.330157 0
0.838725 0
0.555281 0
0.281284 0
0.080623 0
0.184777 0
0.093612 0
1.495870 0
0.715818 0
1.485844 0
0.075274 0
1.389662 0
1.531264 0
1.871484 0
0.234099 0
1.371630 0
0.316566 0
1.850173 0
0.033354 0
0.101639 0
0.080493 0
0.221570 0
0.024668 0
0.514094 0
0.411983 0
1.339086 0
0.516233 0
0.800417 0
1.520619 0
0.640022 0
0.394452 0
0.502883 0
0.203305 0
0.043497 0
0.445793 0
0.542701 0
0.724747 0
0.233293 0
0.497240 0
0.276417 0
0.094207 0
0.716855 0
0.130621 0
0.099373 0
0.294372 0
0.085035 0
0.108580 0
0.692255 0
1.377776 0
0.127244 0
0.134838 0
0.544266 0
1.345779 0
0.181658 0
1.422416 0
1.549938 0
0.451219 0
0.835488 0
0.851133 0
0.602007 0
0.632861 0
0.451206 0
0.043894 0
0.368452 0
0.615182 0
0.131436 0
0.419264 0
0.408429 0
0.613202 0
0.103928 0
0.005752 0
0.089208 0
1.692309 0
0.155947 0
0.624822 0
0.348651 0
0.126685 0
0.448851 0
0.126110 0
0.654068 0
0.126555 0
1.004043 0
0.402519 0
0.554281 0
0.187669 0
1.612311 0
1.150081 0
0.116195 0
0.182378 0
0.031373 0
0.302592 0
0.055198 0
0.121169 0
0.706034 0
0.107034 0
0.305156 0
0.257910 0
0.272225 0
0.421923 0
0.145153 0
0.130125 0
0.577004 0
0.190881 0
0.296420 0
0.185557 0
0.054457 0
0.141808 0
0.072455 0
1.400331 0
0.063985 0
0.950163 0
1.241885 0
0.431757 0
0.298612 0
0.487172 0
0.164542 0
0.996233 0
0.167425 0
0.771185 0
0.744975 0
0.272238 0
0.885327 0
0.117282 0
1.097809 0
0.280583 0
0.054834 0
0.800661 0
0.047149 0
0.327848 0
0.436026 0
0.708379 0
0.248020 0
0.154792 0
0.066315 0
0.070990 0
0.120280 0
0.449613 0
0.104851 0
0.072202 0
0.065422 0
0.600628 0
0.073368 0
1.206160 0
1.200440 0
0.210895 0
0.428372 0
1.324059 0
0.740551 0
0.348496 0
0.763217 0
0.422433 0
1.623753 0
0.079686 0
0.421337 0
0.680564 0
0.334450 0
0.408121 0
0.565634 0
0.284598 0
0.137369 0
0.803000 0
0.231692 0
0.497573 0
0.927737 0
0.302732 0
0.471277 0
1.650846 0
0.950284 0
0.169333 0
0.088578 0
0.755282 0
0.099214 0
0.973209 0
0.536014 0
0.346009 0
0.224150 0
0.668347 0
0.061249 0
0.072366 0
0.267004 0
0.523933 0
0.111130 0
0.101601 0
0.251674 0
0.179332 0
0.191774 0
0.123121 0
1.485201 0
0.699657 0
0.782368 0
1.772311 0
1.083334 0
0.520269 0
0.286691 0
0.903885 0
0.370310 0
1.219830 0
0.826304 0
0.067609 0
1.364745 0
0.855005 0
0.344412 0
0.462212 0
0.130307 0
0.297003 0
0.158005 0
0.248299 0
1.798680 0
1.303545 0
0.032181 0
0.216818 0
0.421151 0
0.033240 0
0.245818 0
0.707993 0
0.373841 0
0.379635 0
0.132168 0
0.533880 0
0.045017 0
0.201942 0
1.102984 0
0.082011 0
0.321663 0
1.350998 0
0.647550 0
0.867646 0
0.822356 0
0.386848 0
0.584919 0
1.389483 0
0.087792 0
0.247496 0
0.158916 0
0.839156 0
0.020866 0
0.544309 0
0.449478 0
0.453066 0
0.081927 0
0.372327 0
0.397499 0
0.180604 0
1.143405 0
0.153184 0
0.329914 0
0.206737 0
0.548233 0
0.907633 0
0.911695 0
0.040113 0
0.067945 0
0.328804 0
0.065618 0
1.157205 0
0.943191 0
0.128511 0
0.667915 0
0.669015 0
0.022857 0
0.124958 0
0.243568 0
0.367133 0
1.008646 0
0.563268 0
0.087335 0
0.702394 0
0.663026 0
1.414203 0
0.048525 0
0.659957 0
0.193123 0
0.489382 0
0.272894 0
0.017910 0
0.730686 0
0.012555 0
0.061853 0
0.343829 0
0.337657 0
0.039876 0
0.304996 0
0.718926 0
1.233634 0
0.059810 0
1.646754 0
0.370767 0
0.075627 0
0.139912 0
0.585809 0
0.120310 0
0.149685 0
0.857786 0
0.439697 0
0.001445 0
0.588373 0
2.743137 0
1.003864 0
0.469720 0
0.364316 0
0.944701 0
0.481359 0
0.718279 0
0.533269 0
0.402737 0
0.166857 0
0.424558 0
0.190386 0
0.197944 0
0.296116 0
0.965304 0
0.360048 0
0.341205 0
0.695891 0
0.073795 0
1.669964 0
0.198967 0
0.339382 0
1.068280 0
1.474586 0
0.725953 0
0.663192 0
0.959774 0
1.227641 0
0.197319 0
0.142265 0
0.973384 0
0.271891 0
0.441949 0
1.780127 0
0.467563 0
0.016536 0
0.090233 0
0.060344 0
0.093014 0
0.641596 0
0.668230 0
0.107467 0
0.278191 0
0.059391 0
0.018512 0
0.050387 0
0.063327 0
0.232702 0
0.108142 0
0.984768 0
0.024378 0
0.755713 0
0.018538 0
0.559462 0
0.285894 0
0.457018 0
0.854228 0
0.051546 0
0.291661 0
0.035658 0
0.465622 0
0.191031 0
0.981212 0
1.422528 0
0.423089 0
0.060456 0
0.172840 0
0.345284 0
0.102270 0
1.434606 0
0.061608 0
1.362802 0
0.630343 0
0.051667 0
0.016121 0
0.067714 0
1.368421 0
0.642993 0
0.333093 0
0.117207 0
0.229614 0
0.074461 0
0.215845 0
0.535435 0
0.403593 0
0.626893 0
0.187685 0
0.511735 0
0.012229 0
0.040627 0
0.442686 0
0.143734 0
1.314664 0
0.140351 0
0.101105 0
0.207148 0
0.239966 0
0.032603 0
0.981951 0
0.186623 0
0.113727 0
0.305434 0
0.512571 0
0.900212 0
0.217115 0
0.452655 0
1.566083 0
0.699062 0
0.384534 0
0.220238 0
1.479257 0
0.164390 0
0.090400 0
0.499002 0
0.098295 0
0.237444 0
0.609089 0
0.582017 0
0.390627 0
1.383763 0
0.225984 0
0.308023 0
0.069771 0
0.346342 0
0.173969 0
0.059289 0
0.592077 0
0.098673 0
0.640908 0
0.459395 0
0.317886 0
1.041594 0
1.172403 0
0.552613 0
0.465111 0
1.208011 0
0.550041 0
0.179365 0
0.182635 0
0.346080 0
0.517852 0
0.430073 0
1.200582 0
1.720196 0
0.172591 0
1.409879 0
0.269138 0
0.935891 0
0.238623 0
0.824562 0
0.051058 0
0.884009 0
0.333772 0
0.240259 0
0.246067 0
0.112325 0
0.181758 0
1.079341 0
0.727195 0
0.221649 0
0.461906 0
0.114347 0
0.350330 0
0.184427 0
0.399514 0
0.613050 0
0.231513 0
0.016177 0
0.165308 0
0.756175 0
0.129520 0
0.276701 0
0.144441 0
2.155462 0
0.296309 0
0.358068 0
0.077784 0
0.121236 0
0.203630 0
1.040476 0
1.222712 0
1.551466 0
0.468845 0
1.467997 0
0.518353 0
0.170565 0
0.372837 0
1.026145 0
0.565163 0
1.549629 0
0.298827 0
0.197389 0
0.087010 0
1.110837 0
0.119796 0
0.411964 0
1.085825 0
0.497670 0
0.732357 0
0.012324 0
0.731117 0
0.765144 0
0.195725 0
0.333918 0
0.856019 0
0.197256 0
0.105959 0
1.478270 0
0.997502 0
0.817027 0
0.824260 0
0.229827 0
0.285648 0
0.847648 0
0.378831 0
0.050536 0
0.950549 0
0.037403 0
0.006890 0
0.167164 0
0.713087 0
0.425901 0
0.152719 0
1.365626 0
0.005625 0
0.232292 0
0.028294 0
0.326356 0
0.020229 0
0.607901 0
0.123018 0
0.068072 0
0.677428 0
0.174022 0
0.055415 0
0.245735 0
0.157016 0
0.354865 0
1.114705 0
0.646404 0
0.199179 0
0.917416 0
0.103677 0
1.307591 0
0.266183 0
0.172419 0
0.426616 0
0.365472 0
0.068221 0
0.089793 0
1.382477 0
0.113173 0
0.452577 0
0.589365 0
0.562925 0
1.530562 0
1.157663 0
0.141601 0
0.188194 0
0.027862 0
0.058792 0
0.098860 0
0.452975 0
0.055211 0
1.149268 0
0.168421 0
0.415836 0
0.678156 0
0.286786 0
0.010181 0
0.206981 0
0.596999 0
0.194798 0
1.129118 0
0.385485 0
0.493864 0
0.100437 0
0.661477 0
0.143659 0
0.061799 0
0.539535 0
0.030796 0
0.301190 0
0.543124 0
0.228132 0
0.236097 0
0.118401 0
0.012950 0
0.450627 0
0.614380 0
0.647410 0
0.032093 0
0.093247 0
1.011253 0
0.973218 0
0.789121 0
0.139665 0
0.601140 0
0.894232 0
1.456456 0
0.738089 0
0.450968 0
0.293919 0
0.765327 0
0.166211 0
0.120179 0
1.392114 0
0.856603 0
0.362737 0
0.311414 0
0.441070 0
0.880997 0
0.683046 0
0.236403 0
0.082230 0
0.456248 0
0.388006 0
1.326024 0
0.243743 0
0.350623 0
0.224448 0
0.221475 0
0.154716 0
0.540888 0
0.460863 0
0.166993 0
0.199018 0
0.033279 0
0.709083 0
1.152277 0
0.248959 0
0.180420 0
0.284586 0
1.245253 0
0.272488 0
1.399984 0
0.297038 0
0.296438 0
0.031305 0
1.448500 0
0.534839 0
0.348640 0
0.721281 0
0.736926 0
0.086022 0
0.377952 0
0.075671 0
0.382838 0
0.326498 0
0.150776 0
0.251093 0
0.679390 0
0.260245 0
0.179934 0
0.295160 0
1.071689 0
1.775821 0
0.148454 0
0.070163 0
0.440344 0
0.843690 0
0.024290 0
0.100903 0
0.436880 0
0.244290 0
0.509080 0
0.173466 0
1.048341 0
0.476591 0
1.006202 0
0.765419 0
0.023277 0
0.069239 0
0.882779 0
0.637669 0
0.212312 0
1.193916 0
0.066594 0
0.035083 0
0.070045 0
1.182169 0
0.967336 0
0.065744 0
0.515175 0
0.504753 0
0.005528 0
0.233779 0
0.023952 0
0.479132 0
0.111278 0
0.264849 0
0.082762 0
0.142475 0
0.203105 0
0.094561 0
0.217635 0
0.022045 0
1.185398 0
0.121747 0
0.873090 0
0.006710 0
0.537587 0
1.302469 0
0.334015 0
1.422428 0
0.375839 0
1.411064 0
0.229296 0
0.731348 0
0.310823 0
1.143650 0
1.030028 0
1.225594 0
0.276870 0
0.363623 0
1.272578 0
0.825872 0
0.201767 0
1.597796 0
0.660105 0
0.391595 0
1.188884 0
0.339311 0
1.118597 0
0.046854 0
0.585262 0
0.943780 0
0.179685 0
0.568910 0
0.033514 0
1.427504 0
0.206835 0
0.387997 0
0.263758 0
0.899079 0
0.233102 0
0.435134 0
0.202183 0
0.463664 0
0.937981 0
0.103556 0
0.099891 0
0.137121 0
0.373167 0
0.824856 0
0.349879 0
0.055498 0
0.467315 0
0.226249 0
0.475606 0
0.010409 0
0.272141 0
1.537664 0
1.349707 0
0.273132 0
0.030189 0
0.249660 0
0.274168 0
1.429838 0
0.045095 0
0.558377 0
0.040104 0
0.504085 0
0.397534 0
0.086704 0
0.868159 0
0.121754 0
0.124614 0
0.162026 0
0.094514 0
1.047863 0
0.193057 0
1.415617 0
0.293431 0
0.088745 0
0.562963 0
1.308776 0
0.152980 0
0.364155 0
0.542804 0
0.055340 0
0.021526 0
0.261541 0
0.005067 0
0.146296 0
0.838408 0
0.280816 0
0.969186 0
0.417742 0
0.118609 0
0.345615 0
0.179726 0
1.589270 0
0.128206 0
0.266360 0
0.229872 0
0.108145 0
0.167176 0
0.027866 0
0.042142 0
0.357138 0
0.465247 0
0.347188 0
0.516406 0
0.518840 0
0.841014 0
1.402879 0
1.490986 0
0.147307 0
0.990542 0
0.232274 0
0.344214 0
0.189478 0
0.429877 0
1.596797 0
0.281293 0
1.039557 0
0.092563 0
0.540866 0
1.082644 0
0.205271 0
0.150884 0
0.934374 0
0.956594 0
0.338203 0
0.402205 0
0.673507 0
0.482861 0
0.077403 0
0.192636 0
0.185647 0
0.433471 0
0.213269 0
0.287255 0
0.740196 0
0.170404 0
0.156789 0
0.137733 0
0.224502 0
0.714136 0
0.083277 0
0.121847 0
0.381934 0
0.751176 0
0.965056 0
0.320532 0
0.996608 0
0.208433 0
0.654888 0
0.428194 0
0.015161 0
0.329495 0
0.485335 0
0.470349 0
0.179970 0
0.074465 0
1.017047 0
0.158733 0
0.446983 0
0.112851 0
0.063174 0
0.181201 0
0.027721 0
0.386872 0
0.596887 0
0.558979 0
0.517898 0
0.086872 0
0.368127 0
1.091559 0
1.378335 0
0.247780 0
0.691241 0
0.244274 0
0.500551 0
0.935838 0
0.870817 0
0.308435 0
0.493605 0
0.003751 0
1.070013 0
0.354890 0
0.127473 0
0.285283 0
0.028154 0
0.853695 0
0.090989 0
1.374725 0
1.541592 0
0.213851 0
0.438346 0
0.137860 0
0.028112 0
0.170112 0
0.459336 0
0.069377 0
0.345951 0
0.499213 0
0.224186 0
0.435372 0
0.031018 0
0.769625 0
0.528337 0
0.238996 0
1.436317 0
0.632718 0
0.453700 0
0.037044 0
0.222732 0
0.992551 0
1.441183 0
0.487780 0
1.445114 0
0.340177 0
0.703356 0
0.309000 0
1.163656 0
0.145851 0
0.059180 0
0.079052 0
0.313664 0
1.132280 0
0.069482 0
0.159760 0
0.037601 0
0.032475 0
0.389069 0
0.259475 0
0.221791 0
0.075825 0
0.127377 0
0.045100 0
0.350826 0
1.663506 0
0.533917 0
0.633000 0
0.017854 0
0.015425 0
0.104644 0
0.769787 0
0.252057 0
0.118063 0
0.117954 0
0.714669 0
0.063111 0
0.053626 0
0.087076 0
0.471530 0
0.462055 0
0.415746 0
0.501103 0
0.742293 0
0.462969 0
0.611331 0
0.572032 0
1.386042 0
0.261207 0
0.065531 0
0.739232 0
0.508800 0
0.058683 0
0.579671 0
0.212912 0
0.033452 0
0.469379 0
0.322752 0
1.422062 0
0.043082 0
0.159269 0
0.026545 0
0.023353 0
0.152501 0
0.032135 0
0.110353 0
1.125061 0
0.273270 0
0.328098 0
0.039882 0
0.328012 0
0.141772 0
0.031110 0
0.339667 0
0.025723 0
0.314096 0
0.379643 0
0.241007 0
1.458389 0
0.952837 0
0.008832 0
0.374168 0
0.320882 0
0.038987 0
1.019006 0
0.381348 0
1.578776 0
0.214915 0
0.482098 0
0.071769 0
1.005389 0
0.586063 0
0.966545 0
0.307103 0
0.192655 0
0.308720 0
0.316408 0
0.763519 0
0.105585 0
1.707143 0
0.764198 0
0.498885 0
0.281168 0
0.287732 0
1.303112 0
0.057225 0
0.355708 0
0.087755 0
0.771899 0
0.026102 0
0.595084 0
0.794005 0
0.794309 0
0.743501 0
0.974432 0
0.180749 0
0.121862 0
0.124511 0
0.876076 0
0.050552 0
0.230801 0
0.135812 0
0.548043 0
0.142560 0
0.247075 0
0.195221 0
0.008339 0
0.012684 0
0.459806 0
0.018567 0
0.440981 0
0.383973 0
0.046653 0
0.061934 0
0.138477 0
1.191005 0
0.170323 0
0.227280 0
0.859469 0
0.093947 0
0.645110 0
0.044620 0
0.201265 0
0.550943 0
0.561415 0
0.511774 0
0.164225 0
0.380925 0
0.345317 0
1.773944 0
0.301764 0
1.036601 0
0.537269 0
0.488772 0
0.274409 0
0.124344 0
0.028298 0
0.813889 0
0.007792 0
0.536979 0
1.367192 0
0.434025 0
0.385971 0
0.477048 0
0.020576 0
0.576830 0
0.505018 0
0.026110 0
0.493088 0
1.726635 0
0.882813 0
0.715365 0
0.265259 0
0.280707 0
0.659401 0
1.820468 0
0.450308 0
0.572068 0
0.638727 0
1.473014 0
0.612881 0
0.501601 0
1.362978 0
1.491100 0
1.199613 0
1.364189 0
0.429559 0
0.633588 0
0.628487 0
0.468218 0
0.083741 0
0.546757 0
1.481720 0
0.085482 0
0.147489 0
0.377237 0
0.037708 0
0.914317 0
0.129914 0
1.229256 0
1.176003 0
0.085052 0
1.534742 0
0.045808 0
0.032576 0
0.119375 0
0.165368 0
1.387874 0
0.104016 0
0.487070 0
0.039211 0
0.120957 0
1.535957 0
0.820039 0
0.039053 0
0.187410 0
0.047870 0
0.342205 0
0.573621 0
0.274415 0
0.321003 0
0.513909 0
0.372595 0
0.225587 0
0.269668 0
0.360532 0
0.011347 0
0.203780 0
0.197722 0
0.349925 0
0.115120 0
0.424397 0
0.289945 0
0.385199 0
0.370067 0
0.112340 0
0.345033 0
0.162692 0
0.562139 0
0.205046 0
0.104488 0
0.790592 0
0.117717 0
0.186754 0
1.125649 0
0.376910 0
0.883459 0
0.144216 0
0.726877 0
1.371752 0
0.857886 0
0.602253 0
0.013711 0
0.116409 0
1.061955 0
1.312509 0
0.199717 0
0.134963 0
0.394118 0
0.505978 0
0.031191 0
0.303883 0
0.578946 0
0.617454 0
0.641604 0
0.007376 0
0.324437 0
0.477630 0
1.168003 0
0.274602 0
0.023140 0
0.050006 0
0.449568 0
0.287284 0
0.417527 0
0.058113 0
