0.691236 0
0.327169 0
0.932832 0
0.244429 0
0.203627 0
0.439460 0
0.985998 0
0.396131 0
0.462151 0
0.368687 0
0.288769 0
0.715527 0
0.037242 0
0.973135 0
0.080142 0
0.032775 0
1.061280 0
1.214537 0
0.283614 0
0.304053 0
1.106555 0
0.832585 0
0.300652 0
0.651060 0
0.030147 0
0.995638 0
1.139099 0
0.014561 0
0.455567 0
1.392223 0
0.301803 0
0.309796 0
1.446356 0
1.118657 0
0.134007 0
0.336953 0
0.565580 0
0.032166 0
0.081213 0
0.092738 0
0.760391 0
0.372062 0
1.479682 0
0.248651 0
0.252646 0
0.465457 0
1.259665 0
0.239555 0
0.135824 0
0.991362 0
0.434883 0
0.081220 0
0.233034 0
0.779459 0
0.158649 0
0.456948 0
0.351929 0
0.702338 0
0.198015 0
0.107889 0
0.269537 0
0.402894 0
0.542966 0
0.369609 0
0.349968 0
0.303988 0
0.245921 0
0.719983 0
0.500039 0
0.106619 0
0.161613 0
0.843963 0
0.242836 0
0.515739 0
0.406045 0
0.036281 0
0.465723 0
0.244690 0
0.424667 0
0.789620 0
0.170465 0
0.215708 0
0.054820 0
0.445010 0
0.219526 0
0.451698 0
0.010617 0
0.274341 0
1.234575 0
0.371889 0
1.043209 0
0.311169 0
1.037735 0
0.238793 0
0.198704 0
0.124349 0
0.836738 0
0.424475 0
0.544664 0
0.073274 0
0.145161 0
0.451397 0
0.255425 0
1.369417 0
0.073811 0
0.188775 0
0.307666 0
0.228453 0
0.023437 0
0.996778 0
0.119764 0
0.257115 0
0.702350 0
0.667362 0
0.120355 0
0.391785 0
0.104140 0
0.247142 0
0.044209 0
0.617497 0
0.135376 0
0.021801 0
0.179018 0
0.699485 0
0.096140 0
0.142545 0
0.384456 0
0.709776 0
0.169194 0
0.879846 0
0.100994 0
0.297351 0
0.103175 0
0.719135 0
0.067466 0
0.112016 0
1.791010 0
1.115953 0
0.439798 0
1.069973 0
1.199381 0
0.382568 0
0.023734 0
0.114114 0
0.212025 0
0.251958 0
0.381554 0
1.101913 0
0.518343 0
0.617678 0
0.377592 0
0.775395 0
0.163198 0
0.359603 0
0.152423 0
0.405114 0
0.628322 0
0.147414 0
0.253984 0
0.148509 0
0.777740 0
0.484283 0
0.510493 0
0.656334 0
0.058723 0
0.109191 0
0.286778 0
0.081994 0
1.477901 0
0.155331 0
0.144650 0
0.167687 0
0.022132 0
0.057791 0
0.342790 0
0.224104 0
0.070826 0
0.240286 0
0.113885 0
0.243525 0
0.139240 0
0.478625 0
0.163888 0
0.257203 0
0.107284 0
0.241646 0
0.404231 0
1.205823 0
1.274074 0
0.565540 0
0.680579 0
0.356043 0
1.443926 0
0.259187 0
0.231561 0
0.365478 0
1.688594 0
1.399477 0
0.583028 0
0.146822 0
0.407639 0
0.208094 0
0.280949 0
0.080146 0
0.771034 0
0.788035 0
0.125717 0
0.221468 0
0.512467 0
0.110371 0
1.992235 0
0.243622 0
0.097946 0
0.205668 0
0.074106 0
0.453755 0
1.486382 0
0.462182 0
0.195770 0
0.134279 0
0.017908 0
0.409288 0
0.062854 0
0.760905 0
0.129295 0
0.980122 0
0.446827 0
1.369944 0
0.750583 0
0.803211 0
0.484706 0
0.209126 0
0.656714 0
0.010771 0
0.474375 0
0.086716 0
0.646346 0
0.020821 0
0.333716 0
1.361205 0
0.247330 0
1.951937 0
0.865420 0
0.140701 0
0.691559 0
0.360896 0
0.158421 0
0.731969 0
0.152054 0
0.950086 0
0.197615 0
1.128714 0
0.468684 0
0.336670 0
0.675594 0
0.041481 0
0.080409 0
0.127793 0
0.142045 0
0.129521 0
0.933623 0
0.330037 0
0.735247 0
0.275579 0
0.939590 0
0.149960 0
0.107167 0
1.093042 0
0.453657 0
0.185631 0
0.407516 0
0.219215 0
0.132565 0
0.100439 0
0.758095 0
0.385354 0
0.187430 0
0.194266 0
0.709427 0
1.599384 0
0.286755 0
0.788411 0
0.053297 0
0.869815 0
1.064109 0
0.493729 0
0.335721 0
0.950672 0
0.244686 0
0.821479 0
0.038337 0
0.391178 0
0.187529 0
0.623751 0
1.493015 0
0.699128 0
1.398707 0
0.273689 0
0.999595 0
0.059713 0
1.618119 0
0.405252 0
0.066699 0
0.148941 0
0.172830 0
0.090676 0
0.066211 0
0.681854 0
0.046451 0
1.549765 0
0.029540 0
0.504055 0
0.815444 0
0.090543 0
1.136683 0
0.363645 0
0.779133 0
0.233502 0
0.111088 0
0.120555 0
0.863487 0
0.209481 0
0.350813 0
0.502498 0
0.997130 0
0.112804 0
0.135636 0
0.107547 0
0.424651 0
0.113462 0
0.031622 0
0.272031 0
0.516054 0
0.330488 0
0.114380 0
1.384910 0
0.190080 0
1.382232 0
0.616232 0
1.372905 0
0.319591 0
0.105670 0
0.274470 0
0.183875 0
0.127026 0
0.219423 0
0.260779 0
0.217473 0
0.597059 0
0.076855 0
1.729617 0
0.384321 0
0.413484 0
0.163371 0
0.606663 0
0.345493 0
0.071821 0
0.007747 0
1.370480 0
0.161148 0
0.337085 0
0.118413 0
0.217677 0
0.215244 0
1.496702 0
0.226196 0
0.307621 0
1.435703 0
1.313827 0
0.140331 0
1.057806 0
0.203368 0
0.201611 0
0.383302 0
0.104597 0
0.283746 0
0.695553 0
0.585159 0
0.498538 0
0.442243 0
0.241683 0
0.135648 0
0.692587 0
0.219853 0
0.743074 0
0.767168 0
0.030061 0
0.034170 0
0.211488 0
0.201765 0
0.093742 0
0.681626 0
0.171992 0
0.819536 0
0.289451 0
0.099144 0
0.808475 0
0.792748 0
0.242577 0
0.358384 0
0.407874 0
0.087064 0
0.148983 0
0.588938 0
0.051812 0
0.556859 0
0.046670 0
1.038242 0
0.311149 0
0.712819 0
0.135638 0
0.830724 0
0.128660 0
0.350245 0
0.233376 0
0.484799 0
0.741555 0
0.192036 0
0.747523 0
1.433040 0
0.408485 0
0.234248 0
1.130605 0
0.817363 0
0.615993 0
0.758460 0
0.522216 0
1.219334 0
0.050063 0
0.912845 0
0.350310 0
0.645428 0
0.466391 0
1.283933 0
0.178183 0
1.507197 0
0.065494 0
0.621163 0
0.405837 0
0.463719 0
1.211325 0
0.045627 0
0.247227 0
1.373221 0
1.623320 0
0.524272 0
1.538233 0
0.435548 0
0.663494 0
0.051679 0
0.374029 0
0.066338 0
0.418124 0
0.610052 0
0.352412 0
0.185461 0
0.782321 0
0.084698 0
0.318612 0
0.231138 0
0.331095 0
0.338509 0
0.918182 0
0.279024 0
0.531741 0
0.223849 0
0.787378 0
0.354776 0
1.240034 0
0.859322 0
0.356216 0
0.689097 0
0.420417 0
0.953174 0
0.564839 0
0.085081 0
0.118844 0
0.289410 0
0.149098 0
0.572258 0
0.039921 0
0.922857 0
0.401390 0
0.390241 0
0.726820 0
1.067292 0
1.018865 0
1.462724 0
0.358989 0
0.094095 0
1.139292 0
0.347894 0
0.370821 0
0.153441 0
0.150616 0
0.439298 0
0.636644 0
0.195994 0
0.982697 0
0.464031 0
0.449310 0
0.219159 0
0.849682 0
0.949389 0
0.022389 0
0.384244 0
0.551339 0
0.107666 0
0.190929 0
0.295797 0
0.344585 0
0.493432 0
0.018173 0
1.551244 0
0.562744 0
0.064664 0
0.028708 0
0.793138 0
0.408889 0
0.310005 0
0.199232 0
0.148015 0
0.808060 0
0.263304 0
0.245373 0
1.362667 0
0.225423 0
0.463392 0
0.430438 0
0.578985 0
0.641182 0
0.461486 0
0.900894 0
0.448943 0
0.122314 0
1.262613 0
0.021927 0
0.010642 0
0.089108 0
0.300497 0
0.114036 0
0.006447 0
0.073981 0
0.697686 0
0.534716 0
1.394856 0
0.351541 0
0.685971 0
0.219352 0
0.093386 0
0.176571 0
1.380750 0
0.164946 0
0.357658 0
0.293818 0
0.238219 0
0.390914 0
1.818148 0
0.433452 0
0.599961 0
0.188449 0
0.472249 0
0.094053 0
0.011898 0
0.327275 0
0.216044 0
1.124557 0
0.434292 0
0.865225 0
0.291482 0
0.311386 0
0.421007 0
0.466785 0
0.255012 0
0.117005 0
0.101279 0
0.317053 0
0.358061 0
0.410412 0
1.429773 0
1.133690 0
0.969040 0
0.074487 0
0.035849 0
0.581510 0
0.553543 0
0.249146 0
0.948343 0
0.023578 0
1.493558 0
0.254541 0
0.521114 0
1.126360 0
0.183291 0
0.555669 0
0.383944 0
0.087956 0
0.543925 0
0.223014 0
0.185843 0
0.252367 0
0.023704 0
1.014303 0
0.385195 0
0.398588 0
0.507446 0
0.188140 0
0.137531 0
0.420687 0
0.058307 0
0.816680 0
0.494720 0
0.033397 0
0.265339 0
0.051045 0
0.494903 0
0.084541 0
0.021616 0
1.058464 0
0.284521 0
0.010488 0
0.311693 0
0.076295 0
0.284363 0
0.282747 0
0.108320 0
1.493996 0
0.152419 0
0.008935 0
0.184680 0
0.873704 0
1.539892 0
1.190383 0
0.042329 0
0.196608 0
0.629413 0
0.530190 0
0.035157 0
0.939108 0
0.213198 0
0.414373 0
0.008676 0
0.276161 0
0.101612 0
0.889146 0
0.086933 0
1.136426 0
0.243684 0
0.009953 0
0.379125 0
0.068826 0
0.452742 0
0.007973 0
0.258001 0
1.838222 0
1.013839 0
0.498135 0
0.552217 0
0.643332 0
0.883538 0
0.377393 0
0.245711 0
0.307735 0
1.590201 0
0.102151 0
0.332757 0
0.594305 0
0.050201 0
0.090706 0
0.222258 0
0.502650 0
0.554797 0
0.978531 0
0.324662 0
0.071770 0
1.047975 0
0.077200 0
1.355815 0
0.353927 0
1.210403 0
1.912172 0
0.215808 0
1.438038 0
0.550113 0
0.981966 0
0.212731 0
0.675158 0
0.660141 0
0.317133 0
0.109195 0
0.841049 0
1.101970 0
0.116487 0
0.660275 0
0.338654 0
0.099295 0
0.286397 0
0.054850 0
0.197833 0
0.961147 0
0.904386 0
1.882264 0
0.246668 0
0.443915 0
1.353362 0
0.203321 0
0.527655 0
0.463752 0
0.131228 0
0.352720 0
0.082852 0
0.558759 0
1.049342 0
0.646944 0
0.159210 0
0.842471 0
1.787763 0
0.277788 0
0.476843 0
0.271913 0
0.285925 0
0.262815 0
0.116901 0
0.258685 0
0.868353 0
0.025370 0
0.726924 0
0.034464 0
0.233629 0
0.414048 0
0.356626 0
0.262755 0
0.741752 0
0.622789 0
1.542125 0
1.699151 0
0.580550 0
0.255668 0
0.116165 0
0.553122 0
0.624791 0
0.231867 0
0.559001 0
0.131247 0
0.191217 0
0.230863 0
0.301470 0
1.445096 0
0.456989 0
0.185348 0
0.134034 0
0.990938 0
0.263367 0
0.045400 0
1.127481 0
0.253460 0
0.016750 0
0.625468 0
0.309464 0
1.076051 0
0.179394 0
0.109259 0
0.388062 0
0.063534 0
0.994101 0
0.141993 0
1.405331 0
0.127017 0
0.349973 0
0.561422 0
0.057703 0
0.504837 0
0.044040 0
0.440271 0
0.453683 0
1.331974 0
0.171307 0
0.228919 0
0.110743 0
0.660971 0
0.278319 0
1.370945 0
0.150570 0
0.176196 0
0.257247 0
0.574243 0
0.230607 0
0.181541 0
0.233976 0
0.400480 0
0.488073 0
0.333518 0
0.096373 0
0.699770 0
0.136431 0
0.728111 0
0.978761 0
0.980945 0
0.221480 0
1.366403 0
0.076455 0
1.150578 0
0.846306 0
0.615918 0
0.110541 0
0.425545 0
0.154845 0
0.331644 0
1.395802 0
0.737625 0
0.069398 0
0.547147 0
0.132269 0
0.454022 0
0.745819 0
0.226831 0
0.631282 0
0.513266 0
0.197323 0
0.640357 0
0.072210 0
0.991065 0
0.670809 0
0.894462 0
0.616297 0
1.148275 0
0.259155 0
0.594628 0
0.056381 0
0.173094 0
1.397264 0
0.386813 0
0.114176 0
0.307200 0
0.903381 0
0.077035 0
1.421089 0
0.907830 0
0.848462 0
0.305475 0
0.401500 0
0.125837 0
0.681803 0
0.599053 0
0.189709 0
0.224924 0
0.522454 0
1.327777 0
1.254171 0
0.218890 0
0.292353 0
0.050502 0
0.036784 0
0.033913 0
0.467436 0
0.059893 0
0.510076 0
0.481430 0
0.062929 0
1.362653 0
0.279751 0
0.830624 0
0.703760 0
0.605118 0
0.089488 0
0.386987 0
0.081318 0
0.365475 0
0.233149 0
0.686329 0
0.281439 0
0.491318 0
0.137524 0
1.059042 0
0.485149 0
0.405982 0
0.116170 0
0.052054 0
0.213762 0
0.199249 0
0.121252 0
0.108795 0
0.089416 0
1.358261 0
0.115600 0
0.142957 0
0.784930 0
0.851442 0
0.833568 0
0.098530 0
0.051126 0
0.311370 0
0.171800 0
1.431336 0
0.119412 0
0.167521 0
0.669991 0
1.656631 0
0.545650 0
1.427611 0
0.283499 0
0.143090 0
0.118005 0
0.551461 0
1.796798 0
0.329631 0
0.491495 0
0.307526 0
0.216281 0
0.346375 0
0.100676 0
0.218217 0
0.088221 0
0.188191 0
0.018523 0
1.384393 0
0.884077 0
0.414316 0
0.331467 0
0.672136 0
0.583871 0
0.089660 0
1.188112 0
1.697426 0
0.598370 0
1.434768 0
0.068656 0
0.236595 0
0.396535 0
0.431637 0
0.252415 0
0.060298 0
0.674688 0
1.144188 0
0.161320 0
0.093249 0
1.087161 0
0.216484 0
0.950957 0
0.030637 0
0.598057 0
1.467232 0
0.252848 0
0.227268 0
1.749626 0
0.021509 0
0.063747 0
1.383080 0
0.671687 0
0.567560 0
1.449961 0
0.454140 0
1.028521 0
0.511735 0
1.011986 0
0.094405 0
0.717315 0
0.191731 0
0.061432 0
1.004242 0
0.920289 0
0.655406 0
0.633063 0
0.560293 0
0.637921 0
0.340245 0
0.078189 0
1.206445 0
1.040480 0
1.459304 0
0.349386 0
0.351434 0
0.421477 0
0.575406 0
0.775271 0
1.018951 0
0.352020 0
0.094909 0
0.028715 0
0.240823 0
0.008271 0
0.855871 0
0.118297 0
0.075899 0
0.196641 0
0.086650 0
0.046245 0
0.549700 0
0.284535 0
1.626809 0
0.286995 0
0.334556 0
1.049748 0
1.820877 0
0.819183 0
0.512710 0
0.056870 0
0.165635 0
1.318998 0
0.537999 0
0.197180 0
0.298356 0
0.074727 0
1.056980 0
0.274376 0
0.011514 0
0.153548 0
0.311258 0
0.272705 0
0.070191 0
1.298494 0
0.466813 0
0.425054 0
0.642335 0
0.263323 0
0.520945 0
1.294701 0
1.518038 0
0.334254 0
0.344863 0
0.270747 0
1.608937 0
1.403504 0
0.332578 0
0.113120 0
0.625808 0
1.174003 0
0.148807 0
0.714644 0
0.085856 0
0.041014 0
0.088867 0
0.071510 0
0.529638 0
0.093147 0
0.107205 0
0.525294 0
0.181540 0
0.074023 0
0.383107 0
0.448278 0
1.124560 0
0.131574 0
0.256046 0
0.887946 0
0.976823 0
0.747438 0
0.254632 0
0.492168 0
0.804585 0
0.029362 0
0.470213 0
0.387202 0
0.031255 0
0.195595 0
0.210709 0
0.194146 0
0.265297 0
0.133315 0
0.434698 0
0.006465 0
0.237455 0
0.530439 0
0.793183 0
1.363616 0
0.674661 0
0.182091 0
0.093736 0
0.422875 0
0.119215 0
0.912178 0
0.471935 0
0.251672 0
1.580016 0
1.071692 0
0.045353 0
0.080421 0
0.030265 0
0.282876 0
0.062729 0
0.145360 0
1.779815 0
0.172175 0
0.585574 0
0.432892 0
1.595917 0
0.597891 0
0.484835 0
0.046274 0
0.053161 0
0.031089 0
0.019768 0
1.412317 0
0.664039 0
0.071097 0
0.209834 0
0.016630 0
0.091046 0
0.033006 0
0.520887 0
0.017040 0
0.618954 0
1.291897 0
0.383372 0
0.013103 0
0.674010 0
0.416217 0
0.499378 0
0.645085 0
0.082029 0
0.152316 0
0.030878 0
0.162778 0
0.578507 0
0.163650 0
1.225999 0
0.238652 0
0.418216 0
0.117414 0
0.098616 0
0.671013 0
1.425936 0
0.193427 0
0.215410 0
0.872797 0
0.098157 0
0.374071 0
0.257807 0
1.566930 0
0.852666 0
1.216279 0
0.191303 0
0.554852 0
0.673490 0
0.702234 0
0.092102 0
0.676615 0
0.829270 0
0.279065 0
0.863242 0
0.541370 0
0.479806 0
0.145354 0
0.190016 0
0.676677 0
0.291494 0
0.284013 0
1.036368 0
0.230697 0
0.125882 0
0.026346 0
0.716168 0
0.923557 0
0.055790 0
0.235965 0
0.167093 0
0.028286 0
1.332455 0
0.296707 0
0.540224 0
1.292817 0
1.046253 0
0.751474 0
1.377240 0
0.307217 0
0.203444 0
0.054262 0
0.511922 0
0.214408 0
0.073314 0
0.769597 0
0.629184 0
0.584230 0
0.874519 0
0.411218 0
0.400836 0
0.495550 0
0.973564 0
0.479564 0
0.595283 0
0.443045 0
0.324381 0
0.012993 0
1.422719 0
0.106779 0
1.516701 0
0.676113 0
0.135218 0
0.424980 0
0.900060 0
0.101888 0
0.089666 0
0.491903 0
0.017689 0
0.216786 0
0.436182 0
0.444719 0
0.052192 0
0.623104 0
0.227068 0
0.147097 0
1.866100 0
0.404950 0
0.183236 0
0.184384 0
0.002738 0
0.402536 0
0.336757 0
0.620224 0
0.663266 0
0.370069 0
0.204661 0
0.144441 0
0.928998 0
0.040620 0
1.297664 0
0.292259 0
0.515575 0
0.050187 0
0.612922 0
0.329278 0
0.198154 0
0.308234 0
0.324475 0
0.173062 0
0.252178 0
0.433650 0
0.111363 0
0.652227 0
0.178747 0
0.323927 0
0.179492 0
0.310537 0
0.995511 0
0.264713 0
0.268239 0
0.243470 0
0.617267 0
0.319949 0
0.286120 0
0.133423 0
1.584010 0
0.195173 0
0.403440 0
0.407297 0
0.482464 0
1.028669 0
0.069331 0
1.150836 0
0.299801 0
0.653360 0
0.196115 0
0.359476 0
0.262617 0
0.596721 0
0.633233 0
1.046236 0
1.367225 0
0.429150 0
0.389416 0
0.152176 0
0.344020 0
0.099329 0
0.343088 0
0.883693 0
0.213171 0
0.276259 0
0.083744 0
0.575279 0
1.947794 0
0.229498 0
0.033011 0
0.522195 0
0.430023 0
0.101867 0
0.470656 0
0.129992 0
0.212656 0
0.269000 0
0.345947 0
0.037408 0
0.731440 0
0.445180 0
0.898039 0
1.350752 0
0.038001 0
1.073608 0
0.305314 0
0.703073 0
1.010495 0
0.102725 0
0.364814 0
1.500671 0
0.094081 0
0.099619 0
0.362598 0
0.170441 0
0.004697 0
1.419971 0
0.118754 0
0.620609 0
1.767816 0
0.597637 0
0.616802 0
0.334212 0
0.204400 0
0.423455 0
1.404984 0
0.127007 0
0.377584 0
0.292681 0
0.078148 0
0.877903 0
0.109293 0
0.241062 0
0.134661 0
0.537691 0
0.102481 0
0.508286 0
0.104567 0
0.956638 0
0.535507 0
0.347825 0
0.368062 0
0.233388 0
0.338983 0
0.099861 0
1.396205 0
0.331045 0
1.497545 0
0.128518 0
0.808921 0
0.265701 0
0.479506 0
0.324175 0
0.994937 0
1.349888 0
0.806696 0
0.211524 0
0.393296 0
0.032476 0
0.155954 0
1.443111 0
1.466333 0
0.334285 0
0.983448 0
0.056216 0
0.084670 0
0.358487 0
0.446761 0
0.166228 0
0.698327 0
1.653794 0
0.257788 0
0.913128 0
0.074515 0
0.053780 0
0.389380 0
1.611377 0
0.237707 0
0.201034 0
0.010090 0
0.359106 0
1.187279 0
1.409486 0
0.587309 0
0.627596 0
0.931873 0
0.691336 0
0.082767 0
0.079384 0
0.305315 0
0.202213 0
0.084276 0
0.334531 0
0.400477 0
0.243983 0
0.097472 0
0.022509 0
0.020647 0
1.188213 0
0.125510 0
1.002864 0
1.597242 0
0.208220 0
0.309807 0
1.460657 0
0.566839 0
0.315281 0
0.328588 0
0.046244 0
1.354406 0
1.207807 0
0.742038 0
0.122559 0
1.490039 0
0.343384 0
0.126766 0
0.710340 0
1.502135 0
1.024436 0
0.923833 0
0.875117 0
0.037736 0
0.563141 0
0.274069 0
0.590876 0
0.040391 0
0.518750 0
0.208693 0
0.973586 0
1.485080 0
0.588015 0
0.035488 0
0.127724 0
1.671615 0
0.048363 0
0.051494 0
1.410462 0
0.576464 0
0.466378 0
0.029038 0
0.131723 0
0.132861 0
0.050175 0
0.448432 0
0.213905 0
0.306146 0
0.143588 0
1.375189 0
0.183528 0
0.298508 0
0.785816 0
0.295458 0
0.396072 0
1.394799 0
0.015540 0
0.034714 0
0.497919 0
1.491655 0
0.150579 0
0.006616 0
0.029686 0
0.224413 0
0.119178 0
0.108889 0
0.096826 0
0.251059 0
1.513680 0
0.488332 0
0.208659 0
0.275351 0
0.292855 0
0.134773 0
0.350049 0
0.487150 0
0.241638 0
0.104228 0
0.216718 0
0.053482 0
1.618330 0
0.129201 0
0.231096 0
0.067210 0
0.061567 0
0.811477 0
0.296835 0
0.373235 0
0.014721 0
0.082398 0
0.650268 0
0.153283 0
0.408249 0
0.793452 0
0.834397 0
0.077952 0
0.481528 0
0.428278 0
0.611852 0
0.007676 0
0.850782 0
1.198234 0
0.967282 0
1.424898 0
0.510972 0
0.988764 0
0.184268 0
0.646507 0
0.584852 0
0.202168 0
0.282018 0
1.431398 0
0.428985 0
0.103279 0
1.393136 0
0.637839 0
0.160175 0
0.121670 0
0.438489 0
0.061832 0
0.401842 0
0.055047 0
0.958569 0
0.523489 0
0.548911 0
0.769898 0
0.165299 0
0.318789 0
0.150014 0
0.422913 0
0.117008 0
0.963004 0
1.482625 0
0.024021 0
1.168922 0
1.595932 0
0.306295 0
0.086967 0
0.015688 0
0.486994 0
1.363534 0
1.486616 0
0.757235 0
0.197003 0
0.234864 0
0.210633 0
0.124768 0
0.565694 0
0.329182 0
1.017366 0
0.893033 0
0.347034 0
0.598419 0
0.254960 0
0.307592 0
0.457580 0
0.105864 0
1.244401 0
0.211581 0
0.377208 0
1.213732 0
0.067128 0
0.545239 0
0.015435 0
0.245255 0
0.191332 0
0.156724 0
1.167964 0
0.083563 0
0.593387 0
0.496655 0
0.342080 0
0.452942 0
0.181620 0
0.106000 0
0.295099 0
0.107317 0
0.812109 0
1.114627 0
0.203014 0
0.218474 0
1.104860 0
0.075749 0
1.157602 0
0.204112 0
1.174421 0
1.034617 0
1.192365 0
0.202117 0
0.736123 0
0.104522 0
0.380334 0
0.319142 0
0.133212 0
0.142010 0
0.241109 0
1.238622 0
0.185670 0
0.062651 0
1.136322 0
0.433628 0
0.418866 0
0.260114 0
0.215820 0
1.759361 0
0.423170 0
0.123464 0
0.134804 0
0.164888 0
0.180766 0
0.144242 0
0.054864 0
0.479230 0
0.296463 0
0.070582 0
0.755125 0
0.219511 0
0.716192 0
0.380305 0
0.379111 0
0.851779 0
0.423707 0
0.324583 0
0.457992 0
1.232449 0
0.019825 0
0.177725 0
0.412410 0
0.155869 0
0.352594 0
0.419707 0
0.067425 0
0.953015 0
0.683280 0
0.034479 0
1.656265 0
1.013531 0
0.080023 0
0.670862 0
0.721847 0
0.293803 0
0.556814 0
0.271151 0
0.168858 0
0.069067 0
0.145562 0
0.958299 0
0.491056 0
1.277146 0
0.037405 0
0.053639 0
1.367026 0
1.427892 0
0.023266 0
0.021657 0
0.249045 0
1.014310 0
0.233077 0
0.019045 0
1.017350 0
0.018448 0
0.329651 0
0.061232 0
0.046153 0
1.474892 0
0.145676 0
0.717317 0
0.764604 0
1.596359 0
0.256399 0
0.183089 0
0.490056 0
0.027494 0
0.430218 0
0.213559 0
0.536325 0
0.540761 0
0.502332 0
0.460209 0
0.532129 0
0.667161 0
0.845337 0
0.010520 0
1.710418 0
0.295838 0
0.465676 0
0.107347 0
0.584287 0
0.007581 0
0.590650 0
0.292265 0
1.507106 0
0.491789 0
0.445637 0
0.410032 0
0.535682 0
0.670655 0
0.548701 0
0.540710 0
0.485873 0
0.878097 0
0.239020 0
0.117554 0
0.389730 0
0.450777 0
0.146450 0
0.203067 0
0.055180 0
0.127243 0
0.113015 0
0.399622 0
0.311473 0
0.166574 0
0.208737 0
1.023762 0
0.601467 0
0.440952 0
0.176939 0
0.192542 0
0.517338 0
0.758138 0
0.501259 0
0.577916 0
0.115615 0
0.145591 0
0.121159 0
0.522937 0
0.103845 0
0.748139 0
1.495117 0
0.360016 0
0.015552 0
0.092619 0
0.101275 0
0.632051 0
0.143062 0
0.164735 0
0.757362 0
1.471613 0
1.183714 0
0.888315 0
0.240559 0
0.459945 0
0.438118 0
0.448825 0
0.741417 0
1.368619 0
0.585597 0
0.367982 0
0.231035 0
1.675388 0
1.009905 0
0.419945 0
0.606320 0
0.561266 0
0.065796 0
0.476277 0
0.747809 0
0.026173 0
0.253145 0
1.561568 0
0.489615 0
0.046288 0
0.086524 0
0.771290 0
0.351217 0
1.510868 0
0.549920 0
0.186294 0
0.117826 0
0.357454 0
0.065316 0
0.274141 0
0.712447 0
0.490192 0
0.370663 0
0.045697 0
0.414517 0
0.044489 0
0.118742 0
0.131478 0
0.417304 0
1.175308 0
0.039828 0
0.152646 0
0.160437 0
0.244172 0
0.307449 0
0.082225 0
0.540288 0
0.479912 0
0.557641 0
0.010175 0
0.539292 0
0.187768 0
0.152876 0
0.101224 0
0.911395 0
1.383516 0
1.380876 0
0.387860 0
0.138588 0
2.141936 0
0.713901 0
0.965171 0
1.363887 0
0.837721 0
0.495084 0
0.085937 0
1.179881 0
0.057743 0
0.335483 0
0.517307 0
1.056819 0
1.543322 0
0.475283 0
0.069953 0
0.086671 0
0.060766 0
0.439386 0
1.330688 0
0.270382 0
0.682559 0
0.081844 0
1.489952 0
0.402007 0
0.558472 0
0.161785 0
0.346689 0
0.358252 0
1.368058 0
0.411641 0
0.107402 0
0.400964 0
0.507456 0
0.214531 0
0.120936 0
0.304942 0
0.027775 0
0.046495 0
0.075897 0
0.185659 0
0.464860 0
0.060551 0
0.844923 0
0.118408 0
0.629941 0
0.140803 0
0.070579 0
0.021987 0
0.202877 0
0.004990 0
0.571347 0
0.010772 0
0.174002 0
0.041602 0
0.240882 0
0.176824 0
0.386058 0
1.604185 0
0.005283 0
0.281966 0
0.160519 0
0.111886 0
1.035139 0
0.216287 0
1.660071 0
0.150799 0
0.720640 0
0.903211 0
0.433854 0
0.643571 0
0.519821 0
1.283093 0
0.827403 0
0.732665 0
0.269933 0
0.395311 0
0.922232 0
0.883105 0
0.920727 0
0.915655 0
0.003891 0
1.445150 0
0.014608 0
0.172625 0
0.049026 0
0.540628 0
0.944833 0
0.427569 0
0.082881 0
0.017393 0
0.657571 0
0.739642 0
1.181491 0
0.134211 0
0.041965 0
0.161594 0
0.707847 0
2.178587 0
0.169857 0
1.497776 0
0.923794 0
1.018138 0
1.387045 0
0.618159 0
0.552165 0
0.424712 0
0.383872 0
2.041147 0
0.422792 0
0.397753 0
0.151832 0
0.441016 0
0.059685 0
0.202709 0
0.713831 0
0.379404 0
0.166783 0
0.030597 0
0.751618 0
0.072252 0
0.354080 0
1.548571 0
0.439800 0
0.055042 0
0.161901 0
0.149821 0
0.141966 0
0.026470 0
0.118755 0
0.142404 0
0.087522 0
1.443903 0
0.036306 0
0.121052 0
0.549410 0
0.268217 0
1.433877 0
0.016233 0
0.280461 0
0.087541 0
0.057700 0
0.586042 0
0.146274 0
0.228906 0
0.245316 0
0.601149 0
1.300388 0
0.197256 0
0.628232 0
0.872319 0
0.178623 0
0.307867 0
0.041371 0
0.221932 0
0.330094 0
0.147974 0
0.087645 0
1.416427 0
1.344573 0
0.121113 0
0.069753 0
0.594110 0
1.503181 0
0.771587 0
0.425786 0
0.999948 0
1.336758 0
1.000634 0
0.396104 0
0.243178 0
0.849082 0
0.113547 0
1.085682 0
0.427272 0
0.296422 0
0.549276 0
0.851345 0
0.521150 0
0.253358 0
1.301254 0
1.006979 0
0.266110 0
1.158506 0
0.242911 0
0.353084 0
0.249995 0
0.166965 0
0.450788 0
0.349702 0
0.856899 0
0.006832 0
0.433840 0
0.951382 0
0.013273 0
1.377734 0
0.063128 0
0.127563 0
0.343327 0
0.589967 0
0.203878 0
0.310984 0
0.919885 0
1.138132 0
0.964479 0
1.399881 0
0.663487 0
0.167365 0
0.606561 0
0.041570 0
0.749347 0
0.055501 0
0.237331 0
0.470854 0
0.380178 0
0.487990 0
0.421080 0
0.374285 0
0.786469 0
0.816191 0
0.075868 0
0.461259 0
0.720585 0
0.625702 0
0.764444 0
0.242371 0
0.126054 0
0.209540 0
0.362678 0
1.477835 0
0.150553 0
0.205249 0
0.425355 0
0.298115 0
0.739841 0
0.988689 0
0.043595 0
0.055939 0
1.370845 0
0.781144 0
0.005261 0
0.648286 0
0.086158 0
1.330982 0
0.269613 0
1.154370 0
0.695899 0
0.359788 0
0.498714 0
0.605594 0
0.380697 0
0.508575 0
0.798866 0
0.355928 0
0.405583 0
0.353735 0
0.047043 0
0.101232 0
0.213379 0
0.050819 0
0.071799 0
1.423688 0
0.186428 0
0.345940 0
1.617688 0
0.133487 0
0.108094 0
0.090005 0
0.157731 0
0.697353 0
0.426958 0
1.227254 0
1.037418 0
0.001819 0
0.135382 0
0.092058 0
0.800694 0
0.158421 0
0.067132 0
0.119330 0
0.314964 0
0.335169 0
0.391219 0
0.468877 0
0.254564 0
0.189098 0
1.530644 0
0.203259 0
0.275248 0
0.089351 0
0.297727 0
0.147710 0
0.327901 0
0.291683 0
0.114964 0
0.293859 0
1.485102 0
0.144867 0
0.244055 0
0.532955 0
0.358256 0
0.385685 0
0.177619 0
0.273585 0
1.157884 0
0.695666 0
0.413672 0
0.120439 0
0.426493 0
0.114859 0
0.048795 0
0.335096 0
0.310445 0
0.069784 0
0.143825 0
0.468671 0
0.008946 0
0.192147 0
0.730535 0
0.263987 0
0.053624 0
0.092014 0
0.214414 0
0.402364 0
0.009760 0
0.845580 0
0.035641 0
1.500832 0
0.156110 0
1.361360 0
1.374473 0
0.203030 0
0.160652 0
0.567576 0
0.146228 0
0.072722 0
0.101641 0
0.312944 0
0.257163 0
0.307769 0
0.870571 0
0.199285 0
0.297896 0
0.243159 0
0.546306 0
0.610771 0
0.155565 0
0.032192 0
0.045707 0
0.126710 0
0.786214 0
0.152688 0
0.741875 0
1.488000 0
0.236729 0
0.955516 0
0.609353 0
0.090857 0
0.484196 0
0.940285 0
0.425606 0
0.420622 0
0.101802 0
0.976888 0
0.764565 0
0.353941 0
0.083477 0
0.052281 0
0.241832 0
1.342160 0
0.152761 0
0.086469 0
0.530942 0
0.731295 0
0.510840 0
0.603501 0
0.153467 0
0.276606 0
1.173537 0
0.558197 0
0.884578 0
0.105274 0
1.078232 0
0.086526 0
0.203622 0
0.381333 0
0.066651 0
0.638195 0
0.572614 0
0.863923 0
0.176291 0
0.530051 0
0.686969 0
0.545223 0
0.621539 0
0.053268 0
0.339195 0
0.273295 0
1.860704 0
0.128786 0
1.570890 0
0.226917 0
0.084221 0
0.049878 0
0.071655 0
0.322027 0
0.034854 0
0.194716 0
0.794599 0
1.147665 0
0.849919 0
0.870293 0
0.454059 0
0.267961 0
1.414678 0
1.855221 0
0.072159 0
0.263313 0
0.017916 0
0.218507 0
0.652371 0
1.141911 0
0.036317 0
0.821049 0
0.156086 0
0.188202 0
0.311876 0
0.251471 0
0.054208 0
0.837510 0
0.086918 0
1.100821 0
0.203893 0
0.085605 0
0.420428 0
0.235189 0
0.230260 0
1.241106 0
0.084654 0
0.671208 0
0.585869 0
0.302372 0
0.339491 0
0.496820 0
1.382699 0
0.395783 0
1.385412 0
0.001210 0
0.720356 0
0.585098 0
0.170746 0
0.162900 0
1.274440 0
0.201895 0
0.154837 0
0.383080 0
0.055792 0
0.187847 0
0.416536 0
0.280723 0
0.021708 0
0.272265 0
0.176190 0
0.105884 0
0.008692 0
0.171849 0
0.084948 0
0.400855 0
1.287981 0
0.228079 0
0.471390 0
0.217446 0
0.169873 0
0.005376 0
0.373981 0
1.305675 0
1.232596 0
0.500799 0
0.327613 0
0.752235 0
1.365801 0
0.729805 0
0.114850 0
0.478056 0
0.095163 0
0.599426 0
0.736530 0
0.165740 0
0.351102 0
1.031416 0
0.482053 0
0.199730 0
0.673445 0
0.029417 0
0.072715 0
1.442960 0
0.092211 0
1.400382 0
0.192003 0
0.171250 0
0.073726 0
0.406695 0
0.477717 0
0.216258 0
0.152134 0
0.041293 0
0.573262 0
0.035606 0
0.143111 0
0.990922 0
0.204511 0
1.790551 0
0.315725 0
0.816340 0
0.322398 0
0.061565 0
0.246716 0
1.420979 0
0.736062 0
0.160222 0
0.663842 0
0.285396 0
0.018355 0
0.535813 0
0.048727 0
0.252330 0
1.494636 0
0.434003 0
0.274155 0
0.567577 0
0.198482 0
1.001134 0
0.032113 0
0.004988 0
0.712578 0
0.843294 0
0.252983 0
0.328126 0
0.611724 0
0.101627 0
1.272122 0
1.110080 0
0.532689 0
0.379944 0
0.848257 0
0.392401 0
0.551009 0
1.452595 0
0.019371 0
1.342579 0
0.683739 0
0.056091 0
0.641180 0
0.141283 0
0.384079 0
0.597427 0
0.049479 0
1.475345 0
0.770344 0
0.205390 0
0.282790 0
1.031247 0
0.199598 0
1.467016 0
0.147974 0
0.904585 0
0.291452 0
0.662517 0
1.060344 0
0.719952 0
0.070847 0
0.757046 0
0.233631 0
0.225829 0
0.028947 0
0.797324 0
0.371852 0
0.874850 0
0.847318 0
0.028752 0
0.561824 0
0.517958 0
0.121903 0
0.585444 0
1.738002 0
1.228037 0
0.778798 0
0.655774 0
0.744248 0
1.048203 0
0.216468 0
1.451456 0
0.320309 0
0.963915 0
0.052624 0
0.855747 0
0.104356 0
0.631359 0
0.861709 0
1.130414 0
0.042128 0
0.192806 0
0.240386 0
0.914131 0
0.178657 0
0.616473 0
0.199282 0
0.207153 0
0.376667 0
0.264479 0
1.507506 0
0.299605 0
1.711608 0
0.185683 0
0.519242 0
0.358113 0
0.149439 0
0.305885 0
0.981697 0
0.075273 0
1.054729 0
0.201497 0
0.007692 0
0.484284 0
0.220006 0
0.079644 0
0.263238 0
1.056669 0
0.252840 0
0.440879 0
0.040258 0
0.776217 0
1.540413 0
0.022681 0
0.484145 0
0.735273 0
0.521325 0
0.437070 0
1.412563 0
0.200074 0
0.033466 0
1.277234 0
0.241644 0
0.206484 0
0.397730 0
0.477691 0
0.309222 0
0.201131 0
0.594715 0
0.345700 0
0.065964 0
0.210458 0
0.062420 0
0.002962 0
1.480511 0
0.238380 0
0.663242 0
0.484283 0
1.017026 0
0.556405 0
0.198377 0
0.328020 0
0.463623 0
0.710651 0
0.178930 0
0.519689 0
0.764449 0
0.815784 0
0.090436 0
0.155131 0
0.518882 0
0.214436 0
0.731929 0
0.833950 0
0.237453 0
0.683026 0
0.357263 0
0.689836 0
1.017721 0
0.505591 0
0.238955 0
1.436090 0
0.030780 0
1.166845 0
0.524372 0
1.166932 0
0.224513 0
0.538116 0
0.584670 0
1.692874 0
1.533943 0
0.055692 0
1.368378 0
0.047967 0
0.454078 0
0.382888 0
0.313665 0
0.018579 0
0.754014 0
0.451414 0
0.027296 0
0.577395 0
0.061196 0
0.381601 0
0.688842 0
0.349009 0
0.436503 0
0.449674 0
0.290092 0
0.578431 0
0.036773 0
0.737093 0
0.111623 0
0.004146 0
0.192456 0
1.191165 0
0.875732 0
0.222003 0
0.030218 0
0.992794 0
0.177670 0
1.109505 0
0.323545 0
0.352505 0
0.344350 0
0.196910 0
0.073001 0
0.358647 0
0.680840 0
1.230237 0
0.007454 0
0.211552 0
1.263317 0
0.166260 0
0.402149 0
0.618103 0
0.565028 0
0.102387 0
0.993440 0
0.023542 0
1.269127 0
0.229559 0
0.448876 0
0.304112 0
0.650218 0
1.639209 0
1.184237 0
0.764208 0
0.673399 0
0.247439 0
0.056273 0
0.559424 0
0.074095 0
0.136246 0
0.444994 0
1.390768 0
0.183009 0
1.054663 0
0.283217 0
0.175927 0
0.134463 0
0.940624 0
0.032509 0
0.119603 0
0.277589 0
0.037709 0
0.835941 0
0.447934 0
0.193591 0
0.593069 0
0.772895 0
0.690782 0
0.205390 0
0.807501 0
0.895041 0
0.085721 0
0.289586 0
0.903930 0
0.490168 0
0.340382 0
0.136125 0
0.370239 0
0.561650 0
0.612047 0
0.766428 0
0.413540 0
0.632673 0
0.426184 0
0.365340 0
0.931457 0
0.298195 0
1.034058 0
0.125138 0
0.130034 0
0.181446 0
0.435152 0
0.205315 0
0.526572 0
0.097149 0
0.182386 0
0.744654 0
0.244739 0
0.259043 0
0.567846 0
0.235421 0
0.478312 0
0.497696 0
0.322876 0
0.093710 0
0.569159 0
0.210379 0
0.642633 0
0.446265 0
0.161689 0
0.392259 0
0.248035 0
0.462619 0
1.178520 0
0.463464 0
0.588921 0
0.921284 0
0.587607 0
0.726150 0
1.171913 0
0.818894 0
0.361076 0
0.680567 0
0.466486 0
0.761733 0
0.408289 0
0.112982 0
1.432526 0
1.069082 0
0.553822 0
0.294657 0
0.377917 0
0.313769 0
0.915635 0
0.792341 0
1.516511 0
0.822571 0
1.897648 0
0.209904 0
1.149101 0
0.294826 0
0.549449 0
0.581544 0
0.071203 0
0.099238 0
0.418286 0
0.112366 0
1.586642 0
0.664261 0
0.357420 0
0.820175 0
0.022449 0
2.319130 0
1.161930 0
0.182209 0
0.190105 0
0.305651 0
0.137189 0
0.219731 0
1.519789 0
0.054239 0
0.909043 0
0.028692 0
1.154878 0
0.074822 0
0.101361 0
0.374226 0
0.204549 0
0.570585 0
0.283065 0
0.432589 0
0.147879 0
0.026135 0
0.458501 0
0.338731 0
0.407006 0
0.017017 0
1.083379 0
0.500640 0
0.173416 0
1.178334 0
1.565548 0
0.989716 0
0.130497 0
0.154009 0
0.113913 0
0.221658 0
0.523796 0
0.041343 0
0.291614 0
0.132545 0
0.568783 0
0.080892 0
0.387764 0
1.072578 0
0.125332 0
0.366613 0
0.900583 0
0.014095 0
1.182804 0
0.409229 0
1.444748 0
0.962362 0
0.163502 0
0.584205 0
0.045344 0
0.164986 0
0.088591 0
0.300372 0
0.568894 0
0.173357 0
0.516641 0
0.674382 0
0.064538 0
0.178248 0
0.352652 0
1.146622 0
1.369692 0
0.485675 0
1.317411 0
0.179285 0
0.089994 0
0.368928 0
1.968505 0
1.468739 0
0.624281 0
0.795279 0
1.022654 0
1.484689 0
0.695757 0
0.525804 0
0.670093 0
0.830825 0
0.377953 0
0.593242 0
0.135620 0
1.547644 0
0.505244 0
0.801195 0
0.738561 0
1.084921 0
1.480658 0
0.123858 0
0.515208 0
0.133980 0
0.218195 0
0.028259 0
0.106600 0
0.942216 0
0.983664 0
0.448347 0
0.354038 0
0.327091 0
0.051885 0
0.066561 0
0.312421 0
0.228877 0
0.422634 0
0.661281 0
1.221958 0
1.125056 0
0.446414 0
1.002738 0
0.232255 0
0.170599 0
0.202663 0
0.445576 0
0.464862 0
0.270236 0
0.515197 0
0.009086 0
0.478595 0
0.937103 0
0.588554 0
0.523067 0
0.829599 0
0.138698 0
1.331098 0
0.346411 0
0.942557 0
0.163543 0
0.979981 0
0.126987 0
0.118560 0
0.545396 0
0.223105 0
1.148171 0
0.074413 0
0.793342 0
0.367965 0
0.321903 0
0.390869 0
0.877118 0
0.102728 0
0.719115 0
0.384504 0
0.247731 0
0.767419 0
1.046831 0
0.442129 0
0.033009 0
0.634502 0
0.245523 0
0.214242 0
0.018089 0
0.025513 0
0.200479 0
0.081374 0
0.305554 0
0.082360 0
0.012402 0
0.580863 0
0.679932 0
0.010803 0
0.628179 0
0.439132 0
0.527751 0
0.016854 0
0.341501 0
0.231693 0
0.970565 0
0.076329 0
1.135158 0
0.299545 0
0.034750 0
0.515759 0
0.851800 0
0.964347 0
0.562919 0
0.756671 0
1.106757 0
0.281789 0
0.323908 0
0.121670 0
0.253801 0
1.393551 0
1.015480 0
0.229064 0
0.409634 0
1.502404 0
0.199885 0
0.370369 0
0.286721 0
0.386128 0
0.202614 0
0.087233 0
0.155117 0
0.705055 0
0.662549 0
1.419972 0
1.410550 0
0.072491 0
0.535291 0
0.365387 0
0.469259 0
0.516760 0
0.483108 0
0.278712 0
0.188942 0
0.220280 0
1.202449 0
0.097311 0
0.131552 0
0.268476 0
0.307998 0
0.486610 0
0.084933 0
0.195256 0
0.505002 0
0.359168 0
0.249384 0
0.171185 0
0.052446 0
1.014329 0
0.032205 0
0.307239 0
0.642128 0
0.259258 0
0.264134 0
0.128513 0
0.227380 0
0.508579 0
0.171994 0
0.036373 0
0.078710 0
0.256011 0
0.319325 0
1.022503 0
0.242441 0
0.275266 0
0.052767 0
0.097449 0
1.142184 0
0.515505 0
0.350089 0
0.174430 0
0.497189 0
0.550596 0
0.510080 0
0.069235 0
1.104502 0
1.536370 0
0.051272 0
0.886687 0
0.074536 0
0.311958 0
0.016162 0
0.082259 0
0.760038 0
0.384706 0
0.163125 0
1.082091 0
0.551132 0
0.964448 0
1.280167 0
0.767783 0
0.125961 0
0.090285 0
0.861032 0
0.123233 0
0.047595 0
0.606355 0
0.964920 0
0.540688 0
0.298735 0
0.314113 0
0.168129 0
0.514897 0
0.619302 0
1.960657 0
0.139996 0
0.961073 0
0.431663 0
0.828300 0
0.209486 0
0.586045 0
0.065702 0
0.302947 0
0.543149 0
0.846854 0
0.185592 0
0.379238 0
0.151876 0
0.135067 0
0.732510 0
0.265493 0
1.671717 0
0.645483 0
1.137448 0
0.762553 0
1.079502 0
0.483946 0
0.078687 0
1.006082 0
0.611902 0
0.458750 0
0.891506 0
0.362907 0
0.114330 0
0.032916 0
0.208917 0
0.797254 0
0.316007 0
1.441985 0
1.464533 0
0.703772 0
0.730557 0
0.307358 0
1.373168 0
0.109710 0
0.348434 0
0.162422 0
1.604895 0
0.438073 0
1.377686 0
0.048305 0
0.373238 0
0.195651 0
0.068232 0
0.098887 0
0.904862 0
1.108391 0
0.265969 0
0.759408 0
0.621145 0
0.016759 0
0.254836 0
0.009735 0
0.106125 0
0.434513 0
0.209617 0
1.414637 0
0.033607 0
0.112640 0
0.698301 0
1.011842 0
0.156969 0
2.024999 0
0.156288 0
0.061755 0
0.475729 0
0.382552 0
0.322520 0
0.368265 0
0.568446 0
0.394922 0
0.092692 0
0.180406 0
0.117912 0
1.743816 0
0.320164 0
0.162956 0
0.960628 0
0.024805 0
1.559971 0
1.033798 0
1.249944 0
0.596059 0
0.270651 0
0.243087 0
0.407914 0
0.855136 0
0.993123 0
0.102200 0
1.451306 0
0.137521 0
0.449452 0
1.362575 0
0.088388 0
0.426262 0
0.349746 0
0.358486 0
0.050615 0
0.489141 0
0.560333 0
0.096895 0
0.185329 0
1.456517 0
0.179068 0
0.713729 0
0.309896 0
0.148831 0
0.341629 0
0.464485 0
1.047341 0
1.719488 0
1.588565 0
0.338429 0
0.413113 0
0.166859 0
0.222835 0
0.249232 0
0.094826 0
0.276019 0
1.514063 0
0.385869 0
0.855535 0
0.047580 0
0.291982 0
1.152936 0
0.440686 0
0.010292 0
0.840435 0
0.634734 0
1.533664 0
0.545740 0
0.828825 0
0.155440 0
1.465088 0
0.411082 0
1.296549 0
0.032731 0
0.525429 0
0.476298 0
0.563201 0
0.020949 0
0.593510 0
0.390224 0
0.129684 0
1.051237 0
0.060701 0
0.138413 0
0.231523 0
0.029606 0
0.486573 0
0.036803 0
0.609590 0
0.306816 0
0.460224 0
0.488941 0
0.563907 0
0.510523 0
1.391817 0
1.565637 0
0.264494 0
0.604056 0
0.184989 0
0.192872 0
0.277214 0
0.347141 0
1.186698 0
0.261353 0
0.762948 0
0.106102 0
1.707949 0
0.568364 0
0.371050 0
0.299077 0
0.131885 0
0.327909 0
0.094247 0
1.009648 0
0.183045 0
0.715771 0
0.213181 0
0.341365 0
0.513570 0
0.931093 0
0.202264 0
0.599917 0
0.170486 0
0.387350 0
1.215071 0
0.171439 0
0.040691 0
1.544660 0
0.258864 0
1.014432 0
0.241517 0
1.104433 0
0.850471 0
1.126478 0
0.607427 0
0.147966 0
0.925660 0
0.807562 0
1.234968 0
0.518487 0
0.231815 0
0.165401 0
0.911223 0
0.050358 0
1.586325 0
0.280499 0
0.787708 0
0.003512 0
0.015988 0
0.296205 0
0.085360 0
0.097074 0
0.008176 0
1.405973 0
0.243313 0
0.656221 0
0.174999 0
0.452557 0
0.262119 0
0.078388 0
0.109267 0
0.052394 0
0.191319 0
1.367429 0
0.663297 0
0.316024 0
1.040222 0
0.197827 0
0.455642 0
0.050991 0
0.044239 0
0.006318 0
1.360995 0
0.102610 0
0.554256 0
0.358940 0
1.124243 0
0.023674 0
0.295179 0
0.230475 0
0.281965 0
0.102774 0
0.446721 0
1.617115 0
0.319706 0
0.225432 0
0.433468 0
0.421685 0
0.465327 0
1.316583 0
0.118005 0
0.583085 0
0.619835 0
0.943776 0
0.588948 0
0.426647 0
0.030538 0
0.119835 0
1.823346 0
0.218603 0
1.745803 0
0.324354 0
1.193698 0
0.414793 0
0.128768 0
1.186894 0
0.114840 0
0.189155 0
1.077214 0
0.102873 0
0.596253 0
0.596295 0
1.106338 0
0.345169 0
0.086299 0
0.056095 0
0.355804 0
0.605499 0
0.084074 0
0.271361 0
0.085989 0
0.893926 0
0.267403 0
1.318961 0
0.402023 0
0.706624 0
0.062153 0
1.506811 0
0.576247 0
0.525438 0
0.210501 0
0.123570 0
0.603659 0
0.201335 0
0.320668 0
0.258649 0
0.296347 0
0.121260 0
1.439734 0
1.026386 0
0.060406 0
0.194000 0
0.509820 0
0.483191 0
0.186124 0
0.171713 0
0.886339 0
1.087048 0
0.267288 0
0.444175 0
0.178999 0
0.716476 0
1.351960 0
0.992859 0
0.282168 0
0.335109 0
0.033989 0
0.179578 0
0.172084 0
0.248958 0
0.623884 0
0.086691 0
0.145279 0
1.465206 0
0.234980 0
0.319994 0
0.168405 0
0.290498 0
0.030478 0
0.285882 0
0.251026 0
0.454539 0
0.441415 0
0.596588 0
0.817951 0
0.909853 0
0.419464 0
0.353962 0
0.522123 0
0.017989 0
0.313663 0
0.092154 0
0.060370 0
0.293296 0
0.293547 0
0.043318 0
0.765725 0
0.309975 0
0.287548 0
0.256520 0
0.034697 0
0.344264 0
0.008590 0
0.747225 0
0.162315 0
0.278689 0
0.108016 0
0.315853 0
0.125225 0
0.370057 0
0.280959 0
0.256980 0
0.121206 0
0.258856 0
0.148924 0
0.088129 0
0.224190 0
0.628548 0
0.109168 0
0.346681 0
0.102251 0
0.617501 0
0.741092 0
0.203531 0
0.144860 0
0.393429 0
1.317891 0
1.606582 0
0.061341 0
0.019819 0
0.327520 0
0.228060 0
0.151727 0
0.052640 0
0.220983 0
0.153849 0
0.359884 0
1.721144 0
1.417501 0
0.093529 0
0.082119 0
0.146478 0
0.365683 0
1.020844 0
0.026176 0
0.292205 0
0.204433 0
0.939464 0
0.677482 0
0.205074 0
0.094837 0
0.228707 0
0.661324 0
0.587459 0
0.133039 0
0.592629 0
0.692041 0
0.047661 0
1.120410 0
0.377760 0
0.297914 0
0.478117 0
1.416811 0
0.249024 0
0.768800 0
0.089491 0
0.141326 0
0.220003 0
0.053767 0
0.361969 0
0.449871 0
0.142104 0
0.579651 0
0.715720 0
0.049190 0
1.096000 0
0.782409 0
0.429189 0
1.377295 0
0.939308 0
0.097549 0
0.011509 0
0.012606 0
0.843818 0
0.360387 0
0.460866 0
0.333642 0
0.090866 0
0.376886 0
0.162377 0
0.649329 0
0.252401 0
0.484136 0
0.125682 0
0.647766 0
0.008221 0
1.140201 0
0.127851 0
0.294304 0
0.173761 0
0.017719 0
0.575854 0
0.277651 0
0.204931 0
0.822456 0
0.090808 0
0.008173 0
0.534908 0
0.715179 0
0.781750 0
0.152596 0
0.135431 0
0.242248 0
1.164459 0
1.527298 0
0.861620 0
0.861983 0
0.084994 0
0.091731 0
0.377485 0
1.359647 0
0.328715 0
0.054836 0
0.264921 0
0.189232 0
1.010070 0
0.364953 0
0.112487 0
0.540761 0
0.997378 0
0.461276 0
0.437090 0
0.511005 0
0.441761 0
1.453040 0
0.755636 0
0.093289 0
0.124774 0
0.236936 0
0.902465 0
0.049694 0
0.386056 0
0.611424 0
1.408893 0
0.436792 0
0.952254 0
0.088661 0
0.090836 0
0.251420 0
0.131761 0
0.876270 0
0.096246 0
0.557338 0
0.163874 0
0.364346 0
0.809126 0
0.739168 0
0.210875 0
0.645517 0
0.336191 0
0.011666 0
0.334494 0
0.998859 0
0.678560 0
0.536101 0
0.063463 0
0.261653 0
0.819619 0
0.675562 0
0.865071 0
0.125494 0
0.892489 0
0.267052 0
0.176770 0
0.071101 0
1.439393 0
0.056528 0
0.327949 0
0.005423 0
0.233497 0
0.147363 0
0.691962 0
0.283900 0
0.305603 0
0.483906 0
0.197083 0
0.170396 0
0.299481 0
0.609265 0
0.564790 0
0.142121 0
0.398467 0
0.284768 0
1.541824 0
0.185225 0
0.070196 0
0.636164 0
0.310452 0
0.322223 0
0.878735 0
0.141837 0
0.092960 0
0.532324 0
0.911224 0
0.224368 0
1.176707 0
0.258724 0
0.041453 0
0.041930 0
1.350710 0
1.108356 0
0.974926 0
1.393731 0
0.602156 0
1.409956 0
1.022727 0
1.003928 0
0.879289 0
1.869759 0
0.679645 0
1.486536 0
1.104627 0
0.842021 0
0.102172 0
0.170667 0
0.608374 0
1.198369 0
0.024715 0
0.219318 0
0.318671 0
0.613807 0
0.126599 0
0.315627 0
0.415351 0
0.413285 0
0.031773 0
1.157205 0
0.645011 0
0.607663 0
0.546102 0
0.122845 0
0.270585 0
0.162651 0
0.149505 0
0.071803 0
0.478064 0
0.338756 0
0.531011 0
0.629181 0
0.609668 0
0.062021 0
0.646828 0
0.266745 0
1.104742 0
0.206006 0
0.585634 0
0.239934 0
1.582359 0
0.265387 0
0.117405 0
0.601327 0
1.602541 0
0.174718 0
0.476089 0
0.060055 0
0.385164 0
0.125777 0
0.615438 0
0.592477 0
0.329240 0
0.276146 0
0.055595 0
0.163148 0
0.309595 0
0.387877 0
0.614409 0
0.165117 0
0.112750 0
1.247367 0
1.127712 0
1.052850 0
0.386398 0
0.065482 0
0.357993 0
0.361857 0
0.784631 0
0.629765 0
0.294394 0
0.794477 0
0.212672 0
0.994901 0
0.003105 0
1.506471 0
0.726480 0
1.232413 0
0.230799 0
0.843088 0
0.944405 0
0.216593 0
0.370814 0
1.623692 0
0.166283 0
0.298634 0
1.019444 0
0.478808 0
0.058348 0
0.015099 0
1.178393 0
0.337937 0
0.832484 0
0.048708 0
0.461771 0
0.087678 0
0.110875 0
0.677972 0
0.990445 0
0.999697 0
0.582075 0
0.386037 0
1.370396 0
1.360568 0
0.205627 0
1.457596 0
0.371889 0
0.268241 0
0.318892 0
1.419209 0
0.145451 0
0.962915 0
0.252280 0
0.056298 0
0.921069 0
0.665535 0
0.040441 0
1.134359 0
0.515419 0
0.190183 0
1.225042 0
1.198899 0
0.479292 0
0.413373 0
0.901187 0
0.733830 0
0.112503 0
1.486978 0
0.144050 0
0.996528 0
0.058021 0
0.114076 0
0.362989 0
0.719332 0
0.402787 0
0.537539 0
0.456699 0
0.151997 0
0.939124 0
0.756836 0
1.208758 0
1.116628 0
0.679582 0
0.027778 0
0.320371 0
0.907241 0
0.157786 0
0.301328 0
0.253445 0
0.094103 0
0.813467 0
0.436881 0
0.918831 0
0.437759 0
1.382011 0
0.725231 0
0.404357 0
0.919028 0
0.654884 0
0.006922 0
0.415143 0
0.688967 0
0.067704 0
0.308431 0
0.010831 0
0.677597 0
0.880153 0
0.273356 0
0.351590 0
0.973057 0
0.035315 0
0.282448 0
0.078162 0
0.015722 0
0.252804 0
0.213622 0
0.434211 0
0.635805 0
0.294230 0
0.780967 0
0.489799 0
0.059566 0
0.345624 0
0.420579 0
0.457891 0
0.103247 0
0.043720 0
0.291709 0
0.063074 0
0.390094 0
1.727670 0
0.174031 0
0.099431 0
0.204117 0
0.554586 0
0.531239 0
0.656768 0
1.159366 0
0.208244 0
1.036843 0
1.690260 0
0.253398 0
0.474368 0
0.766397 0
0.053051 0
0.041155 0
0.005071 0
0.542039 0
0.673364 0
0.371311 0
0.628327 0
0.601699 0
0.125403 0
1.408444 0
0.328914 0
0.506178 0
1.495415 0
0.280816 0
1.515627 0
0.479239 0
0.165510 0
0.073975 0
0.733674 0
0.233576 0
0.270738 0
0.229001 0
0.149277 0
0.094256 0
0.106716 0
0.125283 0
0.286086 0
0.225542 0
0.785834 0
1.527872 0
1.140907 0
0.325530 0
0.708543 0
0.906102 0
0.821610 0
0.750700 0
1.623871 0
0.674425 0
0.046438 0
0.430922 0
1.675635 0
0.555391 0
0.367192 0
0.009323 0
0.139877 0
0.393156 0
0.633766 0
0.606055 0
1.638786 0
0.560542 0
0.053115 0
0.785095 0
1.431144 0
0.161983 0
0.055729 0
0.852517 0
0.254151 0
0.387392 0
0.096226 0
0.192230 0
0.439252 0
1.411405 0
0.169817 0
0.361022 0
0.871379 0
0.064425 0
0.618091 0
0.359004 0
0.594966 0
0.463396 0
0.752529 0
0.232795 0
0.164458 0
0.145622 0
1.491059 0
1.115811 0
0.173437 0
0.459392 0
1.409249 0
0.296446 0
0.641732 0
0.763550 0
0.391728 0
0.296048 0
0.114217 0
0.379668 0
0.014725 0
0.234000 0
0.589869 0
0.555142 0
0.191610 0
0.398141 0
0.484681 0
1.008746 0
0.468290 0
1.344309 0
1.463033 0
0.334867 0
0.065047 0
0.392368 0
0.579282 0
0.222682 0
0.191346 0
0.258048 0
0.322053 0
0.962714 0
0.724774 0
0.869649 0
0.132239 0
0.129680 0
0.085504 0
0.479284 0
0.067852 0
0.684738 0
0.159856 0
0.139870 0
0.128809 0
1.496905 0
0.376356 0
0.042017 0
0.742948 0
1.732314 0
0.618922 0
0.770006 0
0.150883 0
0.049333 0
1.083793 0
0.094050 0
0.307092 0
0.116726 0
1.136661 0
0.515712 0
0.070182 0
0.156555 0
1.216534 0
0.649359 0
0.473409 0
0.188825 0
0.056885 0
0.198728 0
1.124275 0
0.735678 0
1.018312 0
0.882278 0
0.103436 0
0.210158 0
0.081845 0
1.531801 0
0.379312 0
0.197081 0
0.415018 0
0.371825 0
0.118438 0
0.620618 0
0.507191 0
0.014170 0
0.096694 0
0.700190 0
0.143880 0
0.116888 0
0.427033 0
1.086670 0
0.923000 0
1.679852 0
1.403971 0
0.702440 0
0.244297 0
0.034447 0
0.902321 0
0.015054 0
0.351848 0
0.088163 0
0.274644 0
0.017050 0
0.513842 0
0.920032 0
0.536294 0
0.111020 0
0.215845 0
0.077526 0
0.134364 0
0.297998 0
0.095806 0
1.251370 0
0.121053 0
1.382982 0
0.668688 0
1.394386 0
0.741407 0
0.783967 0
0.622591 0
0.015965 0
0.368136 0
0.394288 0
0.346751 0
0.275741 0
0.218875 0
0.288365 0
0.211277 0
0.659174 0
0.315031 0
0.656887 0
0.484342 0
0.095762 0
0.642390 0
0.162283 0
0.695772 0
0.823847 0
0.265302 0
0.384267 0
0.275754 0
0.109937 0
1.367957 0
0.440009 0
0.974289 0
0.914135 0
0.177452 0
0.770113 0
0.363158 0
0.141983 0
0.076976 0
0.362773 0
0.722388 0
1.191107 0
0.193536 0
0.628077 0
0.778785 0
1.199506 0
0.097588 0
1.037109 0
1.402779 0
0.248816 0
1.807831 0
0.733244 0
1.104931 0
0.288802 0
1.161135 0
0.033072 0
0.667669 0
1.402047 0
0.024415 0
0.058769 0
0.435900 0
0.091345 0
0.333801 0
0.188480 0
0.133178 0
0.471479 0
0.099765 0
0.539770 0
1.063172 0
0.894046 0
0.113268 0
0.251057 0
0.334287 0
0.127436 0
1.469406 0
0.232412 0
0.321143 0
0.232650 0
0.486158 0
0.655281 0
0.185875 0
0.029802 0
0.035572 0
0.697189 0
0.171124 0
0.368555 0
0.116825 0
1.292912 0
1.330165 0
0.955075 0
0.077806 0
0.044655 0
0.107749 0
1.558219 0
0.191940 0
0.179145 0
0.305365 0
0.469627 0
0.124932 0
0.038231 0
0.292842 0
0.094786 0
0.050465 0
0.336055 0
0.262292 0
1.109264 0
0.138940 0
0.708298 0
0.346979 0
0.150933 0
0.215005 0
0.701377 0
0.046349 0
0.083883 0
1.384675 0
0.470094 0
1.247012 0
0.241054 0
0.336282 0
1.469967 0
0.686118 0
1.472809 0
0.941879 0
0.420286 0
0.546902 0
0.236666 0
1.552371 0
0.087506 0
0.456792 0
0.160261 0
0.941996 0
0.822041 0
1.389008 0
0.706305 0
0.914766 0
0.121520 0
0.640713 0
1.380380 0
0.420681 0
1.479227 0
0.065064 0
0.382459 0
0.127426 0
1.034105 0
0.423773 0
0.021485 0
0.042042 0
0.831039 0
1.011458 0
1.386415 0
0.814613 0
0.580973 0
0.804428 0
0.360194 0
0.504386 0
0.345923 0
0.073723 0
1.377326 0
0.440997 0
0.090524 0
0.315706 0
0.153127 0
0.124416 0
1.006612 0
0.024878 0
0.332231 0
1.376081 0
0.198924 0
0.005207 0
0.261693 0
0.997222 0
0.221736 0
0.057807 0
0.316464 0
0.633417 0
0.034929 0
0.696615 0
0.363951 0
1.267040 0
1.144184 0
0.366379 0
0.395480 0
0.516588 0
0.502377 0
0.156680 0
0.744041 0
0.615014 0
0.137919 0
0.036118 0
0.410091 0
0.046610 0
0.132743 0
0.027347 0
0.165160 0
1.227200 0
0.889531 0
0.742376 0
0.505136 0
1.080446 0
0.093351 0
1.282733 0
0.701545 0
1.215419 0
0.687994 0
0.080058 0
0.393195 0
0.307783 0
0.288008 0
0.184760 0
0.257553 0
0.496040 0
1.070829 0
0.123775 0
0.611186 0
0.208881 0
0.501431 0
0.205284 0
0.218149 0
0.305498 0
0.464918 0
0.347229 0
1.459496 0
0.201907 0
0.121416 0
0.439350 0
0.061101 0
1.023609 0
0.138011 0
1.535823 0
1.572641 0
0.783576 0
0.144792 0
0.097260 0
0.283201 0
0.047994 0
0.442087 0
0.480437 0
0.279840 0
1.115881 0
0.100219 0
0.154710 0
0.859066 0
0.341383 0
0.269356 0
0.021059 0
0.008070 0
0.276870 0
0.412252 0
1.676878 0
0.121215 0
0.337992 0
0.097349 0
0.424241 0
0.011391 0
0.506156 0
0.279664 0
0.012826 0
0.206022 0
0.269600 0
0.564627 0
0.559845 0
0.692512 0
0.095947 0
0.735984 0
0.121938 0
0.590414 0
0.201153 0
1.434875 0
0.130082 0
0.493483 0
0.387686 0
0.086483 0
0.365002 0
0.478818 0
0.461982 0
1.583191 0
0.379127 0
0.531098 0
0.298758 0
0.036612 0
0.498484 0
0.624506 0
0.092526 0
0.005099 0
0.572756 0
1.024931 0
0.229528 0
0.261818 0
0.224717 0
0.953909 0
0.061032 0
0.419774 0
0.522811 0
0.005542 0
1.142861 0
0.053887 0
0.433081 0
0.033936 0
0.755646 0
0.075719 0
1.084135 0
0.720561 0
0.838739 0
0.669608 0
0.095898 0
1.101430 0
0.534554 0
0.538189 0
0.075783 0
0.053290 0
0.438863 0
0.798692 0
0.410508 0
0.330310 0
0.207713 0
0.963196 0
0.246218 0
0.427768 0
1.522982 0
0.115030 0
0.455159 0
0.180987 0
0.094580 0
0.318776 0
0.629018 0
0.043774 0
0.427806 0
0.643373 0
1.479606 0
0.290862 0
0.576472 0
0.323123 0
0.119742 0
0.636281 0
0.568119 0
0.798106 0
0.280337 0
0.784628 0
0.031322 0
0.130663 0
0.561827 0
1.285649 0
0.068428 0
0.113811 0
0.071678 0
0.353291 0
0.073368 0
0.991233 0
0.519542 0
0.536808 0
0.478249 0
0.562699 0
0.153462 0
0.249434 0
0.256608 0
0.835129 0
0.354230 0
0.400481 0
0.282657 0
1.029190 0
1.169341 0
0.353208 0
0.569567 0
1.525767 0
0.871423 0
1.700843 0
0.747518 0
0.325755 0
2.004278 0
0.444051 0
0.094050 0
0.296764 0
0.023915 0
0.718122 0
0.509647 0
0.371222 0
0.544025 0
0.127618 0
0.285468 0
0.527524 0
0.646793 0
1.334068 0
1.555097 0
0.034555 0
0.248683 0
0.306949 0
0.604572 0
0.547652 0
0.515089 0
0.851144 0
0.544206 0
0.252086 0
1.063715 0
0.281095 0
0.547303 0
0.255383 0
1.550259 0
0.849143 0
0.124727 0
0.459270 0
0.564618 0
0.757182 0
0.118131 0
0.047841 0
0.388299 0
0.425501 0
0.167788 0
0.070652 0
0.071717 0
0.236252 0
0.239664 0
0.227607 0
0.685995 0
0.389785 0
0.625673 0
0.996043 0
0.456758 0
0.899151 0
0.338547 0
0.492343 0
0.227901 0
0.794630 0
1.354835 0
1.129966 0
0.571675 0
1.173054 0
0.230176 0
0.773077 0
0.532799 0
0.160599 0
1.012420 0
0.987116 0
0.154284 0
0.775281 0
0.133567 0
0.343684 0
0.310897 0
0.855740 0
0.316356 0
0.358502 0
0.206776 0
0.147581 0
0.549105 0
0.337777 0
0.447244 0
0.113526 0
0.488264 0
0.168095 0
1.401407 0
0.094359 0
0.221458 0
0.051549 0
0.402112 0
0.697139 0
0.143716 0
0.023319 0
0.208582 0
0.259416 0
0.587683 0
0.800526 0
0.472363 0
0.344643 0
0.095994 0
0.116681 0
0.395182 0
0.679854 0
0.088008 0
0.366976 0
0.025089 0
0.272375 0
1.496066 0
0.306175 0
0.603472 0
0.197760 0
0.043672 0
0.663243 0
0.003996 0
0.003289 0
0.277537 0
0.861351 0
0.077391 0
1.382502 0
0.446887 0
0.283845 0
0.048969 0
0.127689 0
0.112021 0
0.880646 0
0.131031 0
0.531012 0
0.054369 0
0.111320 0
0.965848 0
0.148776 0
0.064973 0
0.024000 0
0.410473 0
0.090023 0
1.384631 0
0.337698 0
1.732652 0
1.019633 0
1.171524 0
1.534163 0
0.512106 0
1.064929 0
0.730407 0
0.486218 0
0.835693 0
0.280514 0
1.104888 0
0.574453 0
0.482143 0
0.228783 0
0.450725 0
0.015551 0
0.358251 0
0.748013 0
1.621937 0
0.495664 0
0.319586 0
0.133894 0
0.204570 0
0.426280 0
0.214419 0
0.655171 0
0.184930 0
0.226725 0
0.504571 0
0.704103 0
0.154661 0
0.160441 0
0.031914 0
0.992044 0
0.033706 0
0.608788 0
0.742942 0
0.383513 0
0.123548 0
0.423284 0
0.764161 0
0.017382 0
0.087919 0
0.102937 0
0.318505 0
0.716325 0
0.564614 0
0.416465 0
1.497116 0
0.104616 0
0.425281 0
0.834061 0
0.270561 0
0.890694 0
0.488050 0
0.063253 0
0.061026 0
0.117426 0
1.408701 0
1.057122 0
1.174375 0
1.355233 0
1.131178 0
0.384033 0
0.872887 0
1.051987 0
0.547468 0
0.422344 0
0.013632 0
0.638414 0
0.392831 0
0.010962 0
0.851779 0
0.796264 0
0.751994 0
0.701270 0
0.123696 0
0.300881 0
0.378449 0
0.177202 0
0.252847 0
0.624611 0
0.292495 0
0.647412 0
0.009117 0
0.256994 0
0.942720 0
0.083752 0
1.379666 0
0.472655 0
0.352922 0
0.172541 0
0.771209 0
0.269720 0
0.151651 0
0.071264 0
0.023945 0
0.443005 0
0.068989 0
0.112248 0
0.129989 0
0.061491 0
0.064115 0
0.151902 0
0.275729 0
0.277570 0
1.385662 0
0.509431 0
0.006124 0
0.053796 0
1.013667 0
0.101628 0
0.505841 0
1.148752 0
0.091729 0
0.174773 0
0.533510 0
0.206084 0
0.103516 0
0.703776 0
0.200073 0
0.403499 0
0.443111 0
0.100175 0
0.029575 0
0.609260 0
0.557871 0
1.095602 0
0.504939 0
0.972898 0
1.192084 0
1.531576 0
0.675019 0
0.251270 0
0.109369 0
0.149981 0
0.092253 0
0.082859 0
0.221852 0
0.338518 0
0.169266 0
0.114330 0
1.279011 0
0.745306 0
0.297091 0
0.932882 0
0.116847 0
1.085682 0
0.195926 0
0.373249 0
0.327953 0
0.254047 0
0.064252 0
1.105702 0
0.085726 0
0.675862 0
0.185477 0
0.265044 0
0.112318 0
0.204614 0
0.548453 0
0.181769 0
1.675538 0
1.411888 0
0.192892 0
0.066443 0
0.219481 0
0.905055 0
0.750150 0
0.461273 0
0.116199 0
0.542463 0
0.423547 0
0.242494 0
0.336988 0
0.382313 0
0.664902 0
0.098194 0
1.150482 0
0.153320 0
0.134183 0
0.379401 0
0.465676 0
0.051666 0
1.189847 0
1.420647 0
0.840052 0
1.377906 0
0.253763 0
0.035496 0
0.151635 0
0.267585 0
0.361570 0
0.012787 0
0.074741 0
1.113004 0
0.862207 0
1.436559 0
0.270827 0
1.071052 0
0.257031 0
0.228016 0
0.256677 0
0.236458 0
0.204180 0
0.589928 0
1.398435 0
1.680662 0
0.077008 0
0.056126 0
0.044595 0
1.943694 0
0.285029 0
0.034442 0
1.396220 0
0.031398 0
0.102612 0
0.874034 0
0.380070 0
0.457753 0
1.404703 0
0.067990 0
0.866775 0
0.764334 0
0.342307 0
0.066321 0
0.111319 0
0.095052 0
0.099135 0
1.757118 0
1.208712 0
0.913663 0
0.204442 0
0.396909 0
1.399469 0
0.265141 0
0.624327 0
0.999272 0
1.000596 0
0.451700 0
0.232036 0
0.862502 0
0.421466 0
0.427628 0
0.230313 0
0.460853 0
0.121422 0
1.362905 0
1.158106 0
1.316677 0
1.446812 0
1.361779 0
0.390103 0
0.942828 0
1.389693 0
0.267210 0
0.489325 0
0.502984 0
0.023478 0
0.284580 0
0.674036 0
0.730785 0
0.277713 0
0.081675 0
1.167246 0
0.447440 0
1.404126 0
0.242584 0
0.721409 0
0.212909 0
0.674257 0
0.241545 0
0.084851 0
0.258132 0
0.359182 0
0.268886 0
0.275477 0
0.028198 0
0.084937 0
0.590727 0
0.183600 0
0.876970 0
1.420692 0
0.052735 0
0.254771 0
0.698286 0
0.193464 0
0.316932 0
0.019968 0
0.086867 0
0.562286 0
0.182958 0
0.665424 0
0.563886 0
1.181913 0
0.202606 0
0.835585 0
1.099202 0
1.027545 0
1.193044 0
1.401391 0
0.021979 0
0.094299 0
0.059626 0
0.055027 0
0.706755 0
0.257043 0
1.682033 0
1.255860 0
1.109444 0
0.271332 0
0.691692 0
0.246045 0
0.028720 0
0.497896 0
1.021941 0
1.250936 0
0.126878 0
0.375700 0
0.048221 0
1.063928 0
0.061122 0
0.367408 0
1.399710 0
0.155891 0
0.305522 0
0.123012 0
0.790686 0
0.741359 0
0.329549 0
1.662511 0
0.220778 0
0.324098 0
0.052909 0
0.194377 0
0.281828 0
0.217850 0
0.151748 0
0.267082 0
0.949971 0
0.117060 0
1.014968 0
0.605691 0
0.083150 0
0.974251 0
0.396585 0
0.346313 0
0.056114 0
0.262170 0
0.118106 0
0.533734 0
0.108264 0
0.344460 0
0.391123 0
0.381739 0
0.012969 0
0.867934 0
1.318298 0
0.184470 0
0.270125 0
0.117127 0
0.607190 0
0.182915 0
0.092206 0
1.544993 0
0.227951 0
0.164597 0
0.123678 0
0.097348 0
0.208267 0
0.359060 0
0.359290 0
0.541904 0
0.082443 0
0.250817 0
0.584587 0
0.791088 0
0.413147 0
0.332736 0
0.601177 0
0.022869 0
0.083798 0
0.134492 0
0.072195 0
0.446211 0
0.169233 0
0.034809 0
0.270601 0
0.244902 0
0.080992 0
0.093521 0
0.290927 0
0.439149 0
1.594085 0
0.049215 0
0.539949 0
1.356931 0
2.083290 0
0.222091 0
0.064943 0
0.072128 0
0.014341 0
0.264487 0
0.688321 0
0.200040 0
0.475207 0
0.129166 0
0.340758 0
0.062665 0
0.111164 0
1.671705 0
0.289908 0
0.118976 0
0.189637 0
0.024332 0
0.248038 0
0.182169 0
0.251215 0
0.155388 0
0.772238 0
0.467615 0
0.262342 0
0.419088 0
0.381659 0
0.495921 0
0.829382 0
0.480495 0
1.527336 0
0.112995 0
0.262654 0
0.183929 0
0.455585 0
0.355414 0
0.224268 0
0.009220 0
0.935805 0
0.063342 0
0.881955 0
0.927438 0
0.639199 0
0.402849 0
0.423668 0
0.393063 0
0.094758 0
0.442535 0
0.091557 0
0.003810 0
0.602381 0
0.022861 0
0.506443 0
0.273279 0
1.650013 0
0.398826 0
0.824551 0
0.379221 0
0.282756 0
0.438867 0
1.429522 0
0.524680 0
0.034358 0
1.053262 0
1.228477 0
0.170477 0
1.222620 0
0.607311 0
0.539136 0
0.207361 0
0.486611 0
0.198737 0
0.422878 0
0.127328 0
0.338990 0
0.603157 0
0.678726 0
0.560793 0
1.508302 0
0.592416 0
0.169506 0
0.289527 0
0.477852 0
0.585055 0
0.579962 0
0.377161 0
1.095899 0
0.162928 0
0.486470 0
0.982798 0
0.765783 0
0.677067 0
0.144875 0
0.806128 0
0.568026 0
0.367751 0
0.073254 0
1.611366 0
0.161448 0
0.407086 0
0.568100 0
0.914590 0
0.757755 0
0.886904 0
0.176682 0
1.049523 0
1.785337 0
0.700067 0
0.577270 0
0.036543 0
0.191807 0
0.215419 0
0.034522 0
0.174924 0
0.106117 0
0.335599 0
0.236695 0
0.931245 0
0.048396 0
0.288787 0
0.278633 0
0.950951 0
1.432825 0
1.292236 0
0.288589 0
0.106357 0
0.086252 0
1.676038 0
0.014149 0
0.736010 0
0.696716 0
0.114295 0
0.061256 0
1.311323 0
0.794080 0
0.967153 0
0.166218 0
0.015717 0
0.567251 0
0.659728 0
0.781418 0
0.090079 0
0.554149 0
0.958562 0
0.544379 0
0.025835 0
1.402735 0
0.164388 0
0.536388 0
0.368948 0
0.282088 0
0.156984 0
0.266135 0
0.130907 0
0.215588 0
0.375492 0
0.273987 0
0.144728 0
0.140980 0
0.016714 0
0.839618 0
0.361041 0
0.105859 0
0.180792 0
0.709081 0
0.364802 0
0.448771 0
1.128484 0
0.999923 0
0.757144 0
0.283416 0
1.065753 0
0.093168 0
0.464053 0
0.605396 0
0.368997 0
0.202767 0
0.073941 0
1.188333 0
0.097545 0
0.056059 0
0.961376 0
0.414310 0
0.219984 0
0.402793 0
0.345789 0
0.559669 0
1.606578 0
0.855479 0
1.599489 0
0.221299 0
0.524731 0
0.673557 0
0.837738 0
0.448262 0
0.306999 0
0.390762 0
1.123063 0
0.532571 0
1.583551 0
0.432435 0
0.167140 0
0.670673 0
0.435983 0
1.553567 0
0.350976 0
0.025858 0
0.646160 0
0.059086 0
0.109437 0
0.269952 0
0.470092 0
0.062864 0
0.152950 0
0.698230 0
0.144907 0
1.384246 0
0.501356 0
0.261218 0
0.618407 0
0.992112 0
1.236898 0
0.062149 0
0.076961 0
0.497683 0
0.543867 0
1.247518 0
0.091027 0
0.012827 0
0.330406 0
0.083512 0
0.636041 0
0.013688 0
0.831890 0
0.449023 0
0.474716 0
0.037295 0
0.209046 0
0.845813 0
0.371658 0
0.543151 0
0.063246 0
0.033926 0
0.413433 0
0.351466 0
0.166133 0
0.165649 0
1.437553 0
1.445613 0
0.394697 0
0.030350 0
0.429752 0
0.855742 0
0.979749 0
0.820938 0
0.271347 0
0.160332 0
0.051810 0
0.152410 0
0.233869 0
0.050009 0
0.341440 0
0.014297 0
0.331940 0
0.322767 0
0.354832 0
1.553981 0
1.512265 0
0.050318 0
0.634852 0
0.026772 0
0.580076 0
0.406432 0
0.089154 0
0.408224 0
0.179700 0
0.219514 0
0.571662 0
0.183960 0
0.072039 0
0.568727 0
0.734331 0
0.054252 0
0.047212 0
0.068210 0
0.125116 0
0.782665 0
0.724526 0
0.472351 0
1.133373 0
0.946334 0
0.318145 0
0.587265 0
0.093510 0
0.223735 0
0.076940 0
0.514034 0
0.059618 0
0.448785 0
0.960798 0
0.865452 0
0.105674 0
0.140007 0
1.636964 0
0.091858 0
0.218348 0
1.034640 0
0.359664 0
0.133934 0
1.611240 0
0.037595 0
0.456238 0
0.475727 0
0.478113 0
0.096196 0
0.570667 0
0.785463 0
0.180778 0
0.223243 0
1.382217 0
1.488990 0
1.388959 0
0.267100 0
0.037663 0
1.847191 0
0.210639 0
0.219300 0
0.836308 0
0.702307 0
0.072812 0
0.256267 0
0.350656 0
0.323650 0
0.869123 0
0.448962 0
0.064588 0
0.345353 0
0.321024 0
0.168791 0
0.047929 0
0.835707 0
0.287079 0
0.649989 0
0.336269 0
0.251829 0
1.582551 0
0.157769 0
0.152766 0
0.018119 0
0.341476 0
0.333113 0
0.075159 0
0.227078 0
0.685326 0
0.236677 0
0.441218 0
0.418420 0
0.019178 0
0.468478 0
0.041013 0
0.196661 0
0.127588 0
0.509718 0
0.650397 0
0.180483 0
0.024081 0
0.482842 0
0.045744 0
0.146170 0
0.044727 0
1.129991 0
0.719365 0
0.208610 0
0.651167 0
0.261374 0
0.662423 0
0.706234 0
0.153761 0
0.040507 0
0.180719 0
0.652398 0
0.456664 0
0.476889 0
1.194198 0
0.231854 0
0.462322 0
1.175005 0
0.102803 0
0.931312 0
1.408574 0
0.318724 0
0.796359 0
0.571641 0
0.539043 0
0.990712 0
0.121332 0
0.157557 0
0.957541 0
0.578158 0
1.190788 0
0.143883 0
0.580581 0
0.169572 0
0.394462 0
0.185588 0
0.717299 0
0.018864 0
0.033540 0
0.314417 0
0.087390 0
0.220572 0
1.653922 0
0.229413 0
0.081706 0
0.523748 0
0.007043 0
1.461788 0
0.244635 0
0.164223 0
0.129717 0
0.855714 0
0.098662 0
0.423943 0
0.841739 0
1.436711 0
0.393490 0
0.302448 0
0.176796 0
0.168917 0
0.558758 0
0.672856 0
0.080373 0
0.255375 0
0.638520 0
0.198878 0
1.544331 0
1.002329 0
0.883334 0
0.176716 0
0.158990 0
1.766839 0
0.077447 0
0.002041 0
0.695037 0
0.172097 0
0.053010 0
0.434347 0
0.643461 0
1.539974 0
0.191335 0
0.130595 0
0.186974 0
0.683740 0
1.067048 0
0.139496 0
1.294498 0
0.029294 0
1.408314 0
0.767423 0
0.267048 0
0.300906 0
0.683903 0
0.017678 0
0.180702 0
0.041502 0
1.575374 0
1.141057 0
0.918304 0
0.503493 0
0.416284 0
0.126002 0
1.439266 0
0.097273 0
0.083006 0
0.390641 0
0.096591 0
0.105135 0
1.412033 0
0.401866 0
0.423835 0
0.539446 0
1.743577 0
0.943146 0
0.096845 0
0.143068 0
0.793171 0
0.152193 0
0.677330 0
0.534760 0
0.287299 0
0.603052 0
0.209309 0
0.811212 0
0.354258 0
0.099105 0
0.278074 0
0.342739 0
0.031635 0
1.160447 0
0.064206 0
0.309985 0
0.219514 0
0.563200 0
0.112420 0
1.187001 0
0.201394 0
1.433228 0
0.476598 0
0.502691 0
0.733989 0
0.362436 0
0.953626 0
0.867819 0
0.091371 0
0.052136 0
0.664880 0
0.298975 0
0.205053 0
1.097001 0
0.029505 0
0.474636 0
0.125396 0
0.086053 0
0.504317 0
0.477385 0
0.275362 0
0.530087 0
0.014606 0
0.383319 0
0.981977 0
0.254798 0
0.096885 0
0.809170 0
0.353808 0
0.640162 0
0.036872 0
0.466685 0
0.338647 0
0.119434 0
0.254426 0
0.534470 0
1.033022 0
0.096751 0
0.135458 0
1.371302 0
0.256020 0
0.931033 0
0.208254 0
0.036533 0
0.022096 0
0.711641 0
1.433199 0
0.033663 0
0.606500 0
0.177939 0
0.084125 0
0.064548 0
0.115228 0
0.085945 0
0.192173 0
1.531869 0
1.595813 0
0.134321 0
1.776875 0
0.322734 0
0.764109 0
0.296214 0
0.098673 0
0.050694 0
1.168010 0
0.758398 0
0.168144 0
0.374867 0
0.030573 0
0.022045 0
0.180784 0
0.941702 0
0.687590 0
0.576411 0
0.876549 0
0.338504 0
0.555213 0
0.142485 0
0.978124 0
0.403510 0
0.045043 0
0.330982 0
1.426896 0
0.618317 0
0.144927 0
0.063648 0
0.645569 0
0.358461 0
0.658590 0
0.014004 0
0.176511 0
0.334483 0
0.158855 0
0.076027 0
1.430141 0
0.095436 0
0.065227 0
1.475418 0
0.885345 0
0.126790 0
0.238396 0
1.040939 0
0.159253 0
0.329678 0
0.376183 0
1.317572 0
0.061554 0
0.905406 0
0.307077 0
0.051028 0
1.434313 0
0.352399 0
0.013746 0
0.159769 0
0.465518 0
0.328933 0
0.851507 0
0.152673 0
0.142769 0
1.312380 0
0.440972 0
0.012230 0
0.147399 0
0.658096 0
0.818460 0
0.071983 0
0.321405 0
0.056687 0
0.410548 0
1.162019 0
1.396451 0
0.195229 0
0.545144 0
0.445300 0
0.026093 0
0.066584 0
1.612922 0
0.088934 0
0.211819 0
0.091677 0
0.332178 0
0.427650 0
1.362779 0
0.746561 0
0.035737 0
0.371491 0
0.308505 0
1.486143 0
0.106726 0
0.246823 0
0.268176 0
0.058303 0
0.973074 0
0.016752 0
0.255215 0
0.539734 0
0.780460 0
0.120555 0
0.233604 0
1.398267 0
0.671326 0
0.241821 0
0.164510 0
0.261409 0
0.125585 0
1.228801 0
0.045835 0
0.665854 0
0.732714 0
0.161471 0
0.371464 0
0.123351 0
0.682400 0
0.024175 0
0.663061 0
0.631850 0
0.288615 0
1.103841 0
0.916544 0
0.028370 0
0.338759 0
0.024373 0
0.402978 0
0.190303 0
0.860090 0
0.022639 0
0.229565 0
0.249502 0
1.795881 0
0.168427 0
0.727862 0
0.212904 0
0.952997 0
0.658107 0
1.346905 0
1.704923 0
0.086639 0
0.708537 0
0.789299 0
0.594559 0
0.300109 0
0.040640 0
0.354697 0
0.626027 0
0.178490 0
0.142261 0
0.310404 0
0.046327 0
0.427660 0
0.925877 0
1.183093 0
0.278500 0
0.324146 0
0.060313 0
0.574414 0
0.276085 0
0.514005 0
1.123043 0
1.017925 0
0.760375 0
0.124735 0
0.109994 0
1.427914 0
0.999922 0
0.292890 0
0.621493 0
1.029460 0
0.164312 0
1.413512 0
0.449400 0
0.986612 0
0.330774 0
0.258847 0
0.461249 0
0.758529 0
0.429856 0
0.788542 0
0.947614 0
1.232892 0
1.225742 0
0.980534 0
0.170009 0
0.509888 0
1.242259 0
0.553661 0
0.245466 0
0.801367 0
0.611770 0
0.193650 0
0.211907 0
0.182141 0
0.220039 0
0.296736 0
0.167123 0
1.047852 0
0.313542 0
0.075493 0
0.445255 0
1.075594 0
0.245321 0
0.711648 0
0.736513 0
0.201453 0
0.314281 0
0.248046 0
0.462621 0
0.898500 0
0.055543 0
0.052549 0
0.112335 0
0.257473 0
0.814921 0
0.061575 0
0.151700 0
0.393756 0
0.311218 0
0.906067 0
0.137381 0
0.548547 0
0.101444 0
0.023418 0
1.750648 0
0.298653 0
0.356351 0
0.469931 0
0.450349 0
0.550970 0
0.436350 0
0.245208 0
0.459533 0
0.828443 0
0.071872 0
0.681292 0
0.102688 0
0.154247 0
1.132251 0
0.232678 0
0.101276 0
0.132623 0
0.002233 0
0.020907 0
0.085165 0
0.140937 0
0.650108 0
1.382070 0
0.425879 0
0.178053 0
0.261732 0
0.067513 0
0.051707 0
0.086337 0
0.560266 0
1.047557 0
0.764096 0
0.093497 0
0.355544 0
0.204683 0
0.882568 0
0.053821 0
0.191091 0
0.070449 0
0.367873 0
1.455547 0
0.028210 0
0.342215 0
0.890409 0
0.935432 0
0.046729 0
0.696498 0
0.366619 0
0.538821 0
1.656102 0
0.895449 0
0.351990 0
1.212139 0
0.424968 0
0.385167 0
0.605198 0
0.632727 0
0.615970 0
0.132145 0
0.892964 0
0.217211 0
1.364438 0
0.085274 0
0.167876 0
0.720814 0
0.484908 0
0.409020 0
0.210664 0
0.209206 0
0.669808 0
0.531832 0
0.680046 0
0.484752 0
0.224502 0
0.203093 0
1.544037 0
0.547096 0
0.748835 0
0.565226 0
1.619903 0
1.481544 0
0.050697 0
0.064797 0
0.597838 0
0.504931 0
0.364445 0
0.305655 0
0.404435 0
0.241667 0
0.870024 0
0.261100 0
0.075362 0
0.137898 0
0.128958 0
0.371492 0
0.666622 0
0.169981 0
0.268300 0
0.192872 0
0.534814 0
1.209878 0
0.089652 0
0.013141 0
0.249663 0
0.563806 0
0.785403 0
0.842285 0
1.115557 0
0.735112 0
0.039078 0
0.430714 0
0.365112 0
0.266942 0
0.135843 0
0.288640 0
1.746351 0
0.005828 0
1.367026 0
0.088494 0
0.829487 0
0.342052 0
0.216565 0
0.525007 0
1.600673 0
0.701266 0
0.159743 0
0.212867 0
0.197062 0
1.211651 0
0.475083 0
0.291040 0
0.307449 0
1.499177 0
0.689303 0
1.152919 0
0.422675 0
0.185772 0
1.613032 0
0.069729 0
0.119600 0
0.624227 0
1.066017 0
0.086324 0
0.183703 0
0.150850 0
1.476756 0
0.672076 0
0.060258 0
0.260844 0
0.125468 0
0.829667 0
0.743012 0
1.214398 0
0.302741 0
0.403586 0
0.892286 0
0.144208 0
0.986204 0
0.838553 0
0.966753 0
0.258754 0
0.137113 0
1.503617 0
0.884855 0
0.300582 0
0.168022 0
0.030169 0
0.228682 0
0.046739 0
0.302829 0
0.029923 0
0.035529 0
0.655669 0
0.324652 0
0.198127 0
0.069598 0
0.142128 0
0.200530 0
0.301829 0
0.465525 0
0.443103 0
0.023444 0
0.102094 0
0.809393 0
0.423940 0
0.052453 0
0.842468 0
0.048103 0
0.646033 0
0.079157 0
0.721817 0
0.232234 0
0.688263 0
0.151271 0
0.720411 0
0.436149 0
0.121524 0
0.175115 0
0.127751 0
0.428202 0
0.063234 0
0.106588 0
0.114307 0
0.663801 0
0.444221 0
0.305035 0
0.053710 0
0.382908 0
0.180118 0
0.876100 0
0.117928 0
0.906590 0
0.353424 0
0.135128 0
0.898764 0
0.273897 0
0.393712 0
0.309808 0
0.749374 0
0.469213 0
0.393022 0
0.573247 0
0.341173 0
0.143949 0
0.141005 0
0.056342 0
0.028369 0
0.758194 0
0.143400 0
0.360095 0
0.054967 0
0.350307 0
0.047890 0
0.365111 0
0.893021 0
0.269294 0
0.808261 0
0.264056 0
0.725662 0
0.099754 0
0.050456 0
0.210604 0
0.260330 0
0.108021 0
0.138374 0
0.333976 0
0.713703 0
0.281195 0
0.372770 0
0.441586 0
0.783434 0
0.008735 0
0.383719 0
1.053463 0
0.121280 0
0.481147 0
0.767142 0
0.341035 0
0.003025 0
0.311152 0
0.620414 0
0.506990 0
0.301492 0
0.819740 0
0.119702 0
0.193128 0
0.141834 0
0.202559 0
0.117763 0
0.120891 0
1.464031 0
0.678562 0
0.233292 0
0.802889 0
1.237016 0
0.278194 0
0.555904 0
0.802358 0
0.653122 0
0.132227 0
0.683917 0
0.979185 0
1.061522 0
0.177707 0
0.729469 0
0.998003 0
0.346775 0
0.489436 0
0.248611 0
1.170284 0
0.203042 0
0.213417 0
1.030371 0
0.644696 0
0.536307 0
0.199491 0
0.409545 0
0.193296 0
0.608729 0
0.092836 0
0.521316 0
0.711701 0
0.140760 0
0.597795 0
0.154343 0
1.203142 0
0.028393 0
0.069842 0
1.511392 0
0.056685 0
0.256576 0
0.026439 0
0.551690 0
1.521632 0
0.033025 0
0.302367 0
1.065354 0
0.491176 0
0.207366 0
1.498673 0
0.381359 0
0.015651 0
0.020863 0
0.035337 0
0.415186 0
0.103712 0
0.051535 0
0.182417 0
0.186500 0
0.478038 0
2.196872 0
0.382780 0
0.442322 0
0.608775 0
0.755765 0
1.500807 0
0.224401 0
0.798080 0
0.625977 0
0.619249 0
0.094537 0
0.029320 0
1.558785 0
0.849988 0
0.019157 0
0.271750 0
1.326828 0
0.335456 0
0.319555 0
0.190611 0
0.448192 0
0.234624 0
0.001583 0
0.262365 0
0.017191 0
0.056196 0
0.575787 0
0.720921 0
0.419250 0
0.852006 0
0.517499 0
0.415730 0
0.441603 0
0.977950 0
1.305988 0
0.202518 0
1.145891 0
0.144512 0
1.682856 0
0.236217 0
0.146709 0
0.350618 0
0.334249 0
0.175050 0
0.044578 0
0.588224 0
1.004976 0
0.334759 0
0.317284 0
1.392457 0
0.321710 0
1.279382 0
0.232603 0
0.141164 0
0.461546 0
0.338551 0
0.389794 0
0.271160 0
0.548156 0
0.916526 0
0.472667 0
0.216612 0
0.914617 0
0.045487 0
1.472982 0
0.231243 0
0.591538 0
0.389782 0
1.527136 0
0.049276 0
1.688836 0
0.018425 0
0.113184 0
0.225726 0
0.096451 0
0.473489 0
0.588008 0
0.132710 0
0.347531 0
0.298476 0
0.027936 0
0.280196 0
0.727588 0
0.153509 0
0.653542 0
0.269987 0
0.191684 0
0.667022 0
0.538661 0
0.122458 0
1.594189 0
0.705071 0
0.814524 0
0.044852 0
1.723680 0
1.195804 0
0.163319 0
0.194177 0
1.709235 0
0.238828 0
0.183179 0
0.619595 0
0.099788 0
1.223867 0
0.411714 0
0.078426 0
0.462718 0
0.257543 0
0.963187 0
0.454797 0
0.246658 0
0.214503 0
0.016140 0
0.586616 0
0.337927 0
0.331544 0
0.409934 0
0.146552 0
0.122645 0
0.011690 0
0.439876 0
0.628771 0
0.502791 0
0.239270 0
0.215607 0
0.596504 0
0.485778 0
0.999101 0
1.228875 0
0.190507 0
0.043643 0
0.390197 0
0.484570 0
1.016806 0
0.733453 0
0.852933 0
0.930277 0
0.413503 0
1.653194 0
0.781591 0
1.168778 0
0.550704 0
0.491171 0
0.426898 0
0.254982 0
0.291523 0
0.180044 0
0.058061 0
1.069605 0
0.858141 0
0.198818 0
0.731364 0
0.609272 0
0.314090 0
0.103293 0
0.181377 0
0.554178 0
0.067366 0
1.448622 0
0.613295 0
0.122834 0
0.318644 0
1.402247 0
0.128436 0
0.474439 0
1.694889 0
0.154081 0
0.031460 0
0.399615 0
1.009614 0
1.268767 0
0.098491 0
0.267910 0
0.032601 0
0.073870 0
0.872634 0
0.191857 0
0.367178 0
0.096815 0
0.543149 0
0.154049 0
0.087852 0
1.208944 0
0.072347 0
0.364183 0
0.321867 0
0.013510 0
1.068260 0
0.071259 0
0.166513 0
0.253132 0
1.093569 0
0.185165 0
0.648709 0
0.781449 0
1.453578 0
0.437197 0
0.014674 0
0.231262 0
0.182434 0
1.084503 0
0.092026 0
0.471932 0
0.780337 0
0.086233 0
0.038448 0
1.126342 0
0.065340 0
0.594316 0
1.213230 0
0.282738 0
0.114336 0
0.459089 0
1.015605 0
0.097246 0
0.031944 0
0.637185 0
0.119918 0
1.373320 0
0.179286 0
0.285667 0
1.245176 0
0.450025 0
0.335045 0
1.449710 0
0.124240 0
0.780620 0
0.962696 0
0.231114 0
0.707228 0
0.027936 0
0.364282 0
0.028167 0
0.782412 0
0.215143 0
0.054813 0
0.455670 0
0.362495 0
0.026852 0
0.007573 0
0.045449 0
0.509992 0
0.130782 0
0.119212 0
0.960546 0
0.144144 0
0.835240 0
0.457116 0
0.267218 0
0.316842 0
0.626966 0
0.672720 0
0.825740 0
0.156191 0
0.115781 0
0.183216 0
0.526104 0
0.054502 0
1.351263 0
0.290130 0
0.316977 0
0.688613 0
0.473618 0
0.038357 0
0.236207 0
0.289130 0
0.389833 0
0.668312 0
0.519104 0
0.531557 0
0.274828 0
0.578735 0
0.937296 0
0.114586 0
1.374585 0
0.273707 0
0.307892 0
0.146972 0
0.982890 0
0.076499 0
0.140646 0
0.073397 0
0.014521 0
0.370768 0
0.129905 0
0.424045 0
1.110470 0
0.703518 0
1.471455 0
0.835787 0
0.047659 0
0.070111 0
0.427220 0
0.769184 0
0.301654 0
0.164780 0
0.200627 0
0.130079 0
0.695943 0
0.657741 0
1.379514 0
0.747401 0
0.058379 0
0.414592 0
0.278898 0
0.460691 0
0.261077 0
1.257575 0
0.412316 0
0.119743 0
0.199541 0
0.397384 0
1.365593 0
0.047722 0
0.118843 0
0.127757 0
0.237870 0
0.702847 0
0.782441 0
0.654411 0
0.365908 0
0.270072 0
0.159398 0
0.735688 0
0.045161 0
0.064171 0
0.584189 0
0.361683 0
1.312964 0
0.602586 0
1.321636 0
0.081026 0
0.138642 0
0.887074 0
0.078414 0
0.268573 0
0.284513 0
0.047784 0
0.407774 0
1.050758 0
0.006458 0
0.047316 0
1.573173 0
0.751710 0
0.332093 0
0.236184 0
0.422424 0
0.391117 0
0.641619 0
0.736654 0
0.639571 0
0.156928 0
0.556907 0
0.200926 0
0.158937 0
0.456368 0
0.305745 0
1.227920 0
0.250178 0
0.313276 0
0.388711 0
1.380557 0
0.555154 0
0.662352 0
0.520931 0
1.365973 0
0.981958 0
0.361792 0
0.884125 0
0.541672 0
0.181254 0
0.447251 0
1.078198 0
0.473578 0
1.127374 0
0.139983 0
1.496858 0
0.154398 0
1.232718 0
1.533308 0
1.015291 0
0.549015 0
0.206056 0
0.035823 0
0.321422 0
0.015945 0
0.221985 0
0.157267 0
0.184675 0
0.194498 0
0.219092 0
0.036921 0
0.010692 0
0.114878 0
0.507097 0
0.035834 0
0.721238 0
0.307527 0
0.033800 0
1.330068 0
0.078878 0
0.794291 0
0.370587 0
0.008100 0
0.210700 0
0.040660 0
0.044899 0
0.113391 0
0.181587 0
0.022961 0
0.711322 0
0.154015 0
0.276869 0
0.073578 0
0.104885 0
1.008653 0
0.811428 0
0.736013 0
1.361974 0
0.913759 0
0.037271 0
0.292401 0
0.278476 0
0.446928 0
1.218195 0
0.055061 0
0.284575 0
0.006561 0
0.634656 0
0.378210 0
0.681993 0
0.210771 0
0.631715 0
0.391706 0
0.140680 0
0.009472 0
0.140396 0
0.060070 0
0.707498 0
0.672265 0
0.607749 0
0.294581 0
0.268158 0
0.619707 0
0.457090 0
0.595177 0
0.187725 0
0.125677 0
0.113649 0
0.826243 0
0.367971 0
0.794453 0
0.456567 0
0.172663 0
0.148692 0
0.303857 0
0.160617 0
0.110381 0
0.347578 0
0.502959 0
0.190420 0
0.043450 0
0.035490 0
0.698250 0
0.112914 0
0.037348 0
0.097950 0
0.354966 0
0.079159 0
0.330373 0
1.077962 0
1.074400 0
0.508401 0
1.113879 0
0.427831 0
0.796994 0
0.038850 0
0.171704 0
0.115369 0
0.756697 0
0.259552 0
0.092959 0
0.277110 0
1.425406 0
0.220325 0
0.514251 0
0.219211 0
1.423207 0
0.089303 0
1.570900 0
0.436057 0
1.559359 0
0.270520 0
0.323915 0
0.125293 0
1.732847 0
1.428150 0
0.873528 0
1.455704 0
1.536538 0
0.416684 0
0.915369 0
0.508821 0
1.077088 0
0.473835 0
0.215975 0
0.286777 0
0.067901 0
0.765343 0
0.494365 0
0.418420 0
0.504050 0
0.327218 0
0.147705 0
0.398253 0
0.536663 0
0.619784 0
0.044505 0
0.660057 0
0.284494 0
0.238091 0
0.473653 0
1.391700 0
0.069566 0
0.238164 0
0.478590 0
1.061337 0
0.168006 0
0.268956 0
0.023316 0
0.058537 0
0.144112 0
0.825947 0
0.132000 0
1.063419 0
0.126735 0
0.305331 0
1.298311 0
0.006772 0
0.385438 0
0.738048 0
0.128576 0
0.209562 0
0.117059 0
0.113970 0
0.102092 0
0.211785 0
0.355304 0
0.880678 0
0.728450 0
0.281467 0
0.715453 0
0.095318 0
0.530419 0
0.836867 0
0.500060 0
0.260215 0
0.080091 0
0.082259 0
0.088255 0
0.995219 0
0.242656 0
0.067710 0
0.090637 0
0.962050 0
0.575913 0
1.503611 0
0.193863 0
0.155227 0
0.464697 0
0.201691 0
0.162800 0
0.846047 0
0.138926 0
0.086822 0
0.642208 0
0.063454 0
0.062566 0
0.545938 0
0.157462 0
0.882537 0
0.292770 0
0.320366 0
0.175558 0
0.094519 0
0.470598 0
0.671912 0
0.094006 0
0.116364 0
0.274018 0
0.067906 0
0.095736 0
0.121457 0
1.296523 0
1.425546 0
0.510923 0
1.287258 0
0.063011 0
0.091634 0
0.097847 0
1.271796 0
0.018656 0
0.239418 0
0.029359 0
0.466227 0
0.813195 0
0.101293 0
0.170767 0
0.123712 0
0.006989 0
0.148479 0
0.458743 0
1.087403 0
0.049369 0
0.450100 0
0.007799 0
0.161814 0
1.361444 0
0.160798 0
0.005121 0
0.112194 0
0.207405 0
1.483449 0
0.729378 0
0.026500 0
0.082643 0
0.587951 0
0.034190 0
0.258560 0
0.149387 0
0.870485 0
1.051101 0
0.023000 0
0.080179 0
0.186003 0
0.114422 0
1.438196 0
0.505898 0
0.036106 0
1.183674 0
0.078621 0
0.002702 0
0.289106 0
0.228378 0
0.087113 0
0.503973 0
0.329217 0
0.998589 0
0.487665 0
0.316159 0
0.174692 0
0.088088 0
0.088215 0
0.777094 0
1.039693 0
0.322926 0
0.164133 0
1.524369 0
0.388791 0
0.300590 0
0.558886 0
0.206973 0
0.185456 0
1.440958 0
1.236236 0
0.509622 0
0.305138 0
1.096763 0
0.459003 0
0.024591 0
0.381830 0
0.468894 0
0.799978 0
0.577139 0
0.197449 0
0.178407 0
0.027855 0
0.858973 0
0.770647 0
0.434787 0
0.215986 0
0.040896 0
0.009174 0
0.368157 0
0.215215 0
1.381929 0
0.039694 0
0.438462 0
0.440308 0
0.383066 0
0.779464 0
0.919074 0
0.335144 0
0.263792 0
0.110276 0
1.061327 0
1.138509 0
0.429369 0
0.570095 0
0.543329 0
0.077641 0
0.198725 0
0.508845 0
0.665407 0
0.451021 0
0.575349 0
0.057272 0
0.918414 0
0.088955 0
0.287827 0
0.646681 0
0.129953 0
0.652153 0
0.980836 0
0.657704 0
0.782912 0
0.244495 0
0.244490 0
0.260466 0
0.163490 0
0.200292 0
0.059703 0
0.213839 0
0.109266 0
1.138683 0
0.004074 0
0.352536 0
0.684929 0
0.478232 0
1.458541 0
0.447350 0
0.091350 0
0.518521 0
1.508076 0
0.558434 0
0.232301 0
0.050931 0
0.008138 0
0.713733 0
1.437353 0
1.734131 0
1.177706 0
0.425222 0
0.428397 0
0.541051 0
0.203622 0
0.294428 0
0.157771 0
0.899773 0
0.492573 0
0.463776 0
0.367208 0
0.302668 0
0.116220 0
1.108908 0
0.665784 0
1.319058 0
1.091160 0
0.386205 0
0.825414 0
0.055190 0
0.028450 0
1.820744 0
0.457884 0
0.290438 0
0.114631 0
0.029952 0
0.089858 0
1.182878 0
0.285972 0
0.286512 0
0.779111 0
0.608577 0
0.986581 0
1.193436 0
0.036741 0
0.483411 0
0.073806 0
0.522959 0
0.247862 0
0.044194 0
0.086092 0
0.153781 0
0.480206 0
0.361991 0
0.360502 0
0.634961 0
0.109720 0
0.195507 0
0.184857 0
0.297967 0
0.157600 0
1.480180 0
0.161675 0
1.239712 0
0.411946 0
0.353485 0
0.006714 0
0.881787 0
0.512513 0
0.067540 0
0.172931 0
0.171474 0
1.159073 0
0.296376 0
0.205495 0
0.357168 0
0.226525 0
0.002089 0
0.277684 0
0.602818 0
0.227159 0
0.036019 0
0.261401 0
0.155697 0
0.487759 0
0.627374 0
1.148935 0
0.183084 0
0.490146 0
1.558742 0
0.397888 0
0.299659 0
0.905755 0
0.635463 0
0.015693 0
1.179478 0
0.029076 0
1.020098 0
0.316517 0
0.033890 0
0.333734 0
0.263384 0
0.229937 0
0.494710 0
1.419085 0
0.406300 0
0.418922 0
1.552000 0
0.729173 0
1.073890 0
0.932855 0
1.416953 0
1.479185 0
0.674246 0
0.114234 0
0.194362 0
0.242182 0
0.381140 0
0.124593 0
0.158070 0
0.044739 0
0.112803 0
0.232128 0
1.099830 0
0.696782 0
1.398361 0
0.218800 0
0.312893 0
0.184379 0
0.320443 0
0.375734 0
1.421906 0
0.400985 0
0.660028 0
0.556444 0
0.029112 0
0.152355 0
0.174529 0
0.437113 0
0.170090 0
0.291583 0
0.093918 0
0.232877 0
0.268629 0
0.019717 0
0.255462 0
1.238460 0
0.910562 0
1.878291 0
0.441513 0
0.413761 0
0.186976 0
0.773052 0
0.323983 0
0.246643 0
0.606373 0
0.103784 0
0.245413 0
0.830010 0
0.299562 0
1.473006 0
0.053306 0
0.440559 0
1.441233 0
0.431157 0
1.483924 0
0.299402 0
0.340209 0
0.807626 0
1.390167 0
0.271009 0
0.005404 0
0.396787 0
0.770779 0
0.088054 0
0.386196 0
0.322205 0
0.543292 0
0.680123 0
0.733678 0
0.475970 0
0.246456 0
0.025712 0
0.939960 0
0.508152 0
0.581823 0
0.681962 0
0.210770 0
0.306166 0
1.546716 0
0.045108 0
0.700922 0
0.199274 0
0.010545 0
1.428168 0
0.168970 0
0.385801 0
0.359309 0
0.769225 0
0.584204 0
0.386526 0
0.929534 0
0.087750 0
0.219076 0
0.735464 0
0.246976 0
0.609064 0
0.795184 0
0.036906 0
0.137258 0
1.335634 0
1.522080 0
1.829740 0
0.833122 0
1.144446 0
0.335649 0
0.613863 0
0.558749 0
0.543755 0
0.417665 0
0.872801 0
0.044390 0
0.507170 0
0.144721 0
0.093261 0
0.555628 0
1.503647 0
0.008223 0
0.282730 0
0.275292 0
0.547188 0
0.547618 0
0.368552 0
0.554883 0
0.464834 0
0.014284 0
0.015400 0
0.319237 0
0.053272 0
1.107561 0
0.185248 0
0.628685 0
0.176024 0
0.242468 0
0.323215 0
0.302602 0
0.610065 0
0.010837 0
0.438548 0
0.211691 0
0.338941 0
1.327810 0
0.582751 0
1.584226 0
0.454509 0
0.870818 0
0.316843 0
0.307122 0
1.487696 0
1.480410 0
0.376399 0
0.501846 0
0.048544 0
0.846921 0
1.454240 0
0.249310 0
0.110777 0
0.364368 0
1.383971 0
1.301158 0
0.311209 0
1.086632 0
0.395324 0
0.450561 0
0.355416 0
1.044636 0
0.559795 0
0.026675 0
0.215639 0
0.206072 0
0.043396 0
1.656353 0
1.447724 0
0.348092 0
0.127328 0
0.365430 0
1.022293 0
1.108689 0
0.547680 0
0.200751 0
1.348050 0
0.176866 0
1.388866 0
0.255141 0
0.300964 0
0.716196 0
0.032217 0
0.650495 0
0.224270 0
0.908787 0
1.153686 0
0.768624 0
0.284531 0
0.220825 0
1.090241 0
1.384412 0
0.082008 0
1.137134 0
0.162710 0
0.182736 0
0.703194 0
0.162387 0
0.686142 0
0.151346 0
0.271549 0
0.346695 0
0.738310 0
0.709121 0
0.440323 0
0.596889 0
0.020589 0
0.142168 0
0.040100 0
1.512078 0
0.228612 0
0.709212 0
0.233766 0
0.329891 0
0.447896 0
1.298944 0
0.054353 0
0.036253 0
0.765887 0
0.033634 0
0.151550 0
0.207205 0
0.146428 0
0.138421 0
0.520811 0
0.188583 0
0.118522 0
0.511047 0
0.436657 0
0.014079 0
0.024443 0
0.986798 0
1.536538 0
0.526298 0
0.046194 0
0.341720 0
0.100405 0
0.017089 0
0.089035 0
0.051665 0
0.429458 0
0.231763 0
0.576988 0
0.663996 0
0.478890 0
0.022827 0
0.300899 0
0.401873 0
0.081413 0
1.113433 0
0.820767 0
0.871930 0
1.019956 0
0.934833 0
0.075418 0
0.168199 0
0.484004 0
0.957641 0
0.225582 0
1.765304 0
0.086101 0
0.142821 0
0.654957 0
1.397338 0
0.106704 0
0.101345 0
0.714654 0
0.761941 0
0.023306 0
0.726251 0
0.394607 0
0.203848 0
0.992914 0
0.821431 0
0.075370 0
1.500378 0
0.920362 0
0.034176 0
0.787848 0
0.603790 0
0.619649 0
0.079962 0
0.302227 0
0.860522 0
0.150197 0
0.135361 0
0.121666 0
1.496185 0
0.215964 0
0.394011 0
0.166041 0
0.295801 0
0.584139 0
0.237818 0
0.038011 0
0.728606 0
0.379927 0
1.174341 0
0.262941 0
0.175551 0
0.420422 0
0.264962 0
0.341125 0
1.412339 0
1.512514 0
1.453225 0
0.539210 0
0.043287 0
0.944846 0
0.209556 0
0.146432 0
0.999442 0
0.194537 0
0.281960 0
0.912292 0
0.362323 0
0.205244 0
0.032513 0
0.571167 0
0.419791 0
1.537089 0
0.022664 0
0.260118 0
0.541350 0
0.049987 0
0.252051 0
1.208363 0
0.243642 0
0.940513 0
0.867586 0
0.281711 0
0.585205 0
0.869919 0
0.513507 0
0.020414 0
0.149360 0
1.566921 0
0.221433 0
1.384743 0
0.030961 0
0.131344 0
0.722818 0
0.116690 0
0.180831 0
0.049467 0
0.142561 0
0.632757 0
0.144151 0
0.022474 0
0.089529 0
0.099117 0
0.061392 0
0.050737 0
0.725270 0
0.003217 0
0.886779 0
0.743266 0
1.538813 0
0.280055 0
0.202895 0
0.241525 0
0.609609 0
0.023693 0
0.244766 0
0.421206 0
1.544464 0
0.987722 0
0.135612 0
0.191710 0
0.980924 0
0.028576 0
0.783869 0
0.567597 0
0.599313 0
1.970697 0
0.439294 0
1.403048 0
0.098702 0
0.896970 0
0.368476 0
1.215189 0
0.343097 0
0.493589 0
0.296302 0
0.375048 0
0.678717 0
1.561609 0
0.651630 0
0.339559 0
0.425269 0
0.461543 0
0.055750 0
0.300554 0
1.003832 0
0.201741 0
0.213076 0
0.417397 0
0.116952 0
0.063543 0
0.826508 0
0.092685 0
0.649121 0
0.390041 0
0.654797 0
0.140293 0
0.094793 0
0.132761 0
1.225422 0
0.050962 0
1.041508 0
0.087402 0
0.288016 0
0.249947 0
0.178220 0
0.783734 0
0.600672 0
1.519347 0
0.238749 0
0.313427 0
0.388875 0
0.953800 0
0.508116 0
1.003930 0
0.712711 0
1.100423 0
0.477695 0
0.056949 0
0.306559 0
0.102151 0
0.779821 0
0.022199 0
0.303710 0
0.141495 0
0.268063 0
0.405855 0
0.504540 0
0.487316 0
0.476514 0
0.691109 0
0.264421 0
0.493576 0
0.888330 0
0.250944 0
0.466117 0
0.048710 0
0.265606 0
1.038013 0
1.279678 0
0.018062 0
1.113719 0
0.413515 0
0.243324 0
0.143146 0
0.677302 0
0.617748 0
0.091610 0
0.664548 0
1.400197 0
0.442396 0
0.311121 0
1.415976 0
1.152428 0
0.577941 0
0.388121 0
0.262686 0
0.614903 0
0.219195 0
0.496880 0
0.244236 0
0.846245 0
0.724543 0
0.258130 0
0.182728 0
0.350784 0
1.715077 0
0.258925 0
0.289360 0
0.120625 0
0.306640 0
1.794711 0
0.250001 0
0.327908 0
0.324797 0
0.242463 0
0.665009 0
0.390595 0
0.798983 0
0.089353 0
0.627176 0
0.937680 0
1.028938 0
0.537814 0
1.008227 0
0.745607 0
1.305497 0
0.010184 0
0.328230 0
0.633649 0
0.750207 0
0.986023 0
1.716695 0
0.682008 0
0.141305 0
0.419047 0
0.308817 0
0.484704 0
0.113573 0
0.839005 0
0.066830 0
0.864662 0
0.833309 0
0.304712 0
0.021041 0
0.071312 0
0.089498 0
0.055496 0
0.733010 0
0.664024 0
0.509225 0
0.221988 0
1.807214 0
0.110276 0
0.229141 0
0.163784 0
0.004145 0
1.002739 0
0.892871 0
0.120222 0
0.546118 0
0.698289 0
0.260962 0
0.166640 0
0.007337 0
0.812880 0
0.864323 0
0.063247 0
0.093870 0
1.212838 0
0.965437 0
0.183947 0
0.126677 0
0.164624 0
0.385338 0
0.139361 0
1.445772 0
0.896965 0
1.391179 0
0.156891 0
0.123566 0
0.002595 0
0.427915 0
1.365949 0
1.049002 0
0.319625 0
0.734200 0
0.770164 0
0.016467 0
1.360700 0
0.264454 0
0.287215 0
0.190654 0
0.561610 0
0.455287 0
0.089010 0
1.235869 0
0.189672 0
0.426726 0
0.212979 0
0.253785 0
0.316829 0
0.530653 0
0.018748 0
0.244637 0
0.348762 0
0.139924 0
0.926364 0
0.444446 0
0.569884 0
0.641289 0
0.189143 0
0.414479 0
0.538152 0
0.473150 0
0.163144 0
0.435972 0
0.704860 0
0.312050 0
0.354698 0
0.402922 0
0.364948 0
1.874137 0
0.063315 0
0.260581 0
0.163808 0
0.219032 0
0.450535 0
0.053751 0
1.447608 0
1.594581 0
0.241315 0
0.238523 0
0.528975 0
0.181719 0
0.942013 0
0.692253 0
0.908616 0
0.077824 0
0.269057 0
1.123991 0
0.853584 0
1.674780 0
0.197201 0
0.520321 0
0.367442 0
0.571443 0
1.458932 0
1.035069 0
0.012191 0
0.167155 0
0.949973 0
1.657345 0
0.214369 0
0.024642 0
0.305870 0
0.759796 0
0.080364 0
0.026680 0
0.447126 0
0.284758 0
0.075201 0
0.232801 0
0.382374 0
0.390161 0
0.951397 0
0.008756 0
1.792645 0
0.168383 0
0.147785 0
0.338120 0
0.388901 0
0.816395 0
0.208025 0
1.295931 0
0.377700 0
0.641645 0
1.518464 0
0.907796 0
0.257835 0
0.809089 0
0.058657 0
0.053292 0
0.211112 0
0.423489 0
0.706493 0
0.289541 0
1.002966 0
0.358738 0
0.282876 0
0.344201 0
0.262706 0
1.365532 0
0.494495 0
0.111762 0
0.455780 0
0.715540 0
0.223694 0
0.633524 0
0.019309 0
0.330729 0
0.145293 0
0.088779 0
0.553718 0
0.078992 0
0.256002 0
0.162038 0
0.245662 0
0.093630 0
0.032200 0
0.025314 0
0.793737 0
0.307915 0
0.124058 0
0.663016 0
0.866846 0
0.060994 0
0.238649 0
0.053209 0
0.252524 0
0.269334 0
0.220243 0
0.578770 0
0.523062 0
1.365485 0
0.442281 0
0.376416 0
0.282062 0
1.511020 0
1.817260 0
0.283487 0
0.976868 0
0.017031 0
0.593113 0
0.427932 0
0.952173 0
0.485949 0
1.510459 0
0.436794 0
0.656012 0
0.084305 0
0.013184 0
0.368813 0
1.500805 0
0.050962 0
0.275780 0
0.660491 0
1.593416 0
0.429610 0
1.472777 0
0.049947 0
0.194349 0
0.367554 0
0.559382 0
0.346225 0
0.366693 0
1.048589 0
1.168496 0
0.309919 0
0.494640 0
0.340958 0
0.086437 0
0.086019 0
1.260065 0
1.427272 0
1.572317 0
0.545632 0
0.583710 0
0.160929 0
0.111137 0
0.278602 0
0.534788 0
0.108519 0
0.077962 0
0.511180 0
0.281068 0
0.077181 0
0.153641 0
0.184735 0
0.164398 0
1.355923 0
0.720238 0
1.055318 0
0.199107 0
0.242205 0
0.690013 0
0.002802 0
0.158643 0
0.694274 0
1.203122 0
0.651730 0
0.625657 0
0.248676 0
0.196041 0
0.168226 0
0.273235 0
0.583890 0
0.210120 0
0.332994 0
0.276680 0
0.201229 0
0.530106 0
1.395383 0
1.379974 0
0.352720 0
0.896056 0
0.244167 0
0.713696 0
0.983156 0
0.564396 0
0.924577 0
0.415959 0
0.018088 0
0.152681 0
0.564548 0
0.402203 0
1.428076 0
0.391336 0
0.244857 0
0.254265 0
0.136507 0
0.299946 0
1.052330 0
0.609993 0
1.241404 0
0.054295 0
0.715675 0
0.055947 0
0.619258 0
0.286099 0
0.099841 0
0.289893 0
0.272873 0
0.030576 0
0.052177 0
0.097716 0
0.336050 0
0.433740 0
0.203554 0
1.032893 0
0.493495 0
0.467262 0
0.565828 0
1.245979 0
0.111071 0
0.306707 0
0.449333 0
0.729609 0
0.802205 0
0.656193 0
0.681300 0
0.328430 0
0.413111 0
0.027728 0
0.717001 0
0.739872 0
0.361581 0
1.382374 0
0.076078 0
1.372428 0
0.566832 0
0.185107 0
1.365904 0
1.456991 0
0.073139 0
0.610767 0
0.287052 0
0.859035 0
0.281897 0
0.697002 0
0.750080 0
0.516145 0
0.342655 0
0.215433 0
0.867299 0
0.380691 0
1.523454 0
0.300385 0
0.323116 0
0.366851 0
0.322990 0
0.495098 0
0.074245 0
0.402292 0
0.095784 0
0.765143 0
0.133349 0
0.565053 0
0.220197 0
0.614786 0
0.963676 0
0.348324 0
0.226610 0
0.334809 0
0.654502 0
0.376249 0
0.964823 0
1.233403 0
0.654476 0
1.618107 0
0.121065 0
1.434508 0
0.296353 0
0.001006 0
0.240196 0
0.679243 0
0.066824 0
0.366234 0
0.115776 0
0.577262 0
0.664525 0
0.374986 0
0.581394 0
0.806366 0
0.668853 0
1.105704 0
0.443849 0
0.506485 0
0.113783 0
0.744990 0
0.398027 0
0.065042 0
0.484627 0
0.334677 0
0.022741 0
0.922826 0
0.432133 0
0.106410 0
0.195730 0
0.375563 0
0.016029 0
1.586859 0
0.417613 0
1.248013 0
0.794961 0
0.706968 0
0.202292 0
0.021491 0
1.820064 0
0.275931 0
0.517596 0
0.677486 0
0.478070 0
0.206271 0
0.534904 0
0.525427 0
1.557829 0
0.335118 0
0.885955 0
0.158914 0
0.433822 0
0.198217 0
0.495965 0
0.052445 0
0.544388 0
0.055412 0
0.082184 0
0.343310 0
0.694822 0
1.524800 0
0.004554 0
0.444823 0
0.627495 0
0.584533 0
0.776032 0
0.263406 0
0.053974 0
0.313773 0
0.145734 0
0.018544 0
0.112115 0
0.491027 0
0.900182 0
0.137577 0
0.574267 0
0.257374 0
0.079371 0
1.258339 0
0.322724 0
0.013879 0
0.107660 0
0.636282 0
0.237095 0
0.148601 0
0.516234 0
0.046260 0
0.271248 0
0.905321 0
0.197385 0
0.026587 0
0.398026 0
0.076320 0
0.665340 0
0.157122 0
0.166298 0
0.206910 0
0.032511 0
0.085465 0
0.048939 0
0.541479 0
0.207930 0
0.531260 0
0.991684 0
1.204373 0
1.403029 0
0.473925 0
0.327581 0
0.370029 0
0.276309 0
0.121596 0
0.166250 0
0.536735 0
0.178513 0
0.478789 0
0.161099 0
0.125801 0
1.558703 0
0.050645 0
0.194810 0
0.560951 0
0.207790 0
0.369906 0
0.162764 0
1.084415 0
0.368558 0
0.037059 0
0.130557 0
1.540965 0
0.878093 0
0.429417 0
0.729499 0
0.964813 0
0.034916 0
0.659112 0
0.053683 0
0.181843 0
1.360633 0
1.246011 0
0.057280 0
0.186346 0
0.400712 0
0.328474 0
0.016118 0
0.007519 0
0.332303 0
0.532984 0
0.378089 0
1.075673 0
1.368162 0
0.765463 0
0.605087 0
1.034378 0
0.357862 0
0.880108 0
0.068762 0
0.666156 0
0.408318 0
0.330793 0
0.269440 0
0.427999 0
0.182546 0
0.204513 0
0.811069 0
0.765240 0
1.565501 0
0.445325 0
0.242222 0
1.050138 0
0.162386 0
0.075883 0
0.457349 0
0.226942 0
0.208498 0
0.080207 0
0.073725 0
0.425695 0
0.610516 0
0.278204 0
1.226245 0
0.478623 0
0.476328 0
0.036985 0
0.129691 0
0.515944 0
0.339824 0
0.561789 0
1.284341 0
1.202543 0
0.187345 0
1.197389 0
0.142299 0
0.168621 0
0.357123 0
0.078019 0
0.811206 0
0.389785 0
0.345562 0
0.183200 0
1.197292 0
0.145239 0
1.395316 0
0.410541 0
0.192994 0
1.618141 0
0.153785 0
0.112300 0
0.731856 0
0.386298 0
0.232603 0
0.096873 0
0.067358 0
1.185682 0
0.109398 0
0.357841 0
0.248124 0
0.079320 0
0.183223 0
0.404359 0
0.370363 0
0.057890 0
0.312857 0
0.544257 0
1.475983 0
0.281790 0
0.235252 0
0.190743 0
0.713860 0
0.395908 0
1.010711 0
0.397647 0
0.499625 0
0.134732 0
0.341341 0
0.197176 0
0.542318 0
1.083955 0
0.367880 0
0.524447 0
0.341550 0
0.030252 0
0.034818 0
0.175407 0
0.597776 0
0.119097 0
0.462984 0
0.877535 0
0.839646 0
0.235247 0
0.148697 0
0.719929 0
0.027924 0
0.947443 0
0.414211 0
1.116884 0
1.077594 0
0.015882 0
0.456151 0
0.589394 0
1.024937 0
1.570020 0
0.093761 0
0.263310 0
0.131527 0
0.087667 0
0.245730 0
0.311190 0
0.426182 0
0.717072 0
0.055309 0
1.440975 0
0.075316 0
0.732912 0
0.458927 0
0.767479 0
0.169604 0
1.502070 0
1.023492 0
0.448778 0
0.331830 0
0.535409 0
1.278090 0
0.091296 0
0.152222 0
1.716810 0
0.388514 0
0.254599 0
1.213519 0
1.256361 0
0.039027 0
0.458903 0
0.073294 0
0.063058 0
0.123148 0
0.120433 0
1.213086 0
0.019224 0
0.589152 0
0.273124 0
2.030692 0
0.681679 0
0.254241 0
0.770974 0
0.361438 0
1.292424 0
0.356505 0
0.547171 0
0.162102 0
0.946432 0
0.393512 0
0.505898 0
0.121013 0
0.402080 0
0.494178 0
0.140367 0
0.890611 0
0.234190 0
0.129518 0
0.044335 0
0.138625 0
0.103212 0
0.026368 0
1.011140 0
0.135417 0
0.495026 0
1.285969 0
0.806993 0
1.202047 0
0.558040 0
1.049647 0
0.279597 0
0.389968 0
0.711576 0
1.379446 0
0.089029 0
0.083296 0
0.284509 0
0.156820 0
0.395857 0
0.221565 0
0.176007 0
0.358613 0
0.132781 0
0.111630 0
2.326247 0
0.438228 0
0.087675 0
0.330326 0
0.181561 0
0.814982 0
0.106693 0
0.311019 0
1.382618 0
0.049828 0
1.141015 0
0.839854 0
0.287741 0
1.683104 0
0.699530 0
0.101566 0
0.489186 0
0.922517 0
0.240389 0
0.834745 0
0.453600 0
0.259866 0
1.119477 0
1.479573 0
0.266565 0
0.311085 0
0.224956 0
0.014066 0
0.014740 0
0.594949 0
0.315367 0
1.411316 0
0.124941 0
0.373048 0
0.586996 0
0.188052 0
0.162544 0
0.169062 0
0.362715 0
0.009947 0
0.271522 0
0.671191 0
0.763117 0
0.140185 0
0.329152 0
0.044008 0
0.744876 0
1.160766 0
0.142788 0
0.346647 0
0.317667 0
0.193269 0
0.158299 0
0.115816 0
0.386236 0
0.560043 0
0.366481 0
1.063085 0
1.468610 0
1.440092 0
0.709963 0
0.857014 0
0.246063 0
0.135644 0
1.069260 0
0.040686 0
0.072083 0
0.343061 0
1.487667 0
1.507620 0
0.123463 0
0.082096 0
0.389272 0
0.069383 0
1.341130 0
0.612875 0
0.462843 0
0.571096 0
0.132271 0
0.057499 0
1.482289 0
0.706939 0
0.577554 0
0.043327 0
0.239805 0
0.093848 0
0.189772 0
1.288102 0
0.459263 0
1.311738 0
0.081667 0
0.215922 0
0.391327 0
0.159661 0
1.384748 0
0.197281 0
0.089015 0
0.413894 0
0.644876 0
0.298358 0
0.231034 0
0.319852 0
0.115001 0
0.374254 0
0.524062 0
0.272161 0
0.189741 0
0.130356 0
0.018668 0
0.058486 0
0.180346 0
0.156771 0
0.164780 0
0.383118 0
0.259293 0
0.345620 0
0.321959 0
0.008805 0
0.136614 0
0.287832 0
0.142444 0
0.814771 0
0.465202 0
0.751194 0
0.728315 0
0.281516 0
0.120327 0
0.500670 0
0.116607 0
0.324082 0
0.231527 0
0.022426 0
0.482622 0
0.652700 0
0.562891 0
0.306895 0
0.622717 0
0.091307 0
1.183215 0
0.501727 0
0.398352 0
0.145026 0
0.080377 0
0.143072 0
1.220562 0
0.357734 0
0.121473 0
0.048936 0
0.243566 0
0.565947 0
1.092463 0
0.021410 0
1.003401 0
0.347981 0
1.232698 0
0.108871 0
0.031555 0
0.150483 0
1.233385 0
0.480739 0
0.773884 0
0.440388 0
0.747991 0
0.139490 0
0.121237 0
0.205869 0
0.109854 0
0.146876 0
0.355155 0
0.188109 0
0.470299 0
0.219461 0
0.646130 0
0.775345 0
0.390228 0
0.181140 0
0.164425 0
1.123566 0
0.086763 0
0.528313 0
0.639271 0
0.425375 0
0.095803 0
0.473079 0
0.734534 0
0.459944 0
0.020241 0
1.551184 0
0.206223 0
0.675405 0
0.589286 0
1.352607 0
0.594223 0
0.022107 0
0.697505 0
0.797872 0
1.470654 0
0.841267 0
0.120747 0
1.382541 0
0.847015 0
0.199714 0
0.743778 0
0.092885 0
0.068566 0
0.037746 0
0.011802 0
0.353093 0
0.125729 0
0.204381 0
0.027403 0
0.210805 0
0.189509 0
0.052226 0
0.052630 0
0.197408 0
0.694125 0
1.021053 0
0.373048 0
0.544754 0
0.006844 0
0.070165 0
0.020609 0
0.634636 0
0.813090 0
0.066182 0
0.006296 0
0.276566 0
0.198150 0
0.454671 0
0.776439 0
1.411147 0
1.090542 0
0.052344 0
0.136923 0
0.324754 0
0.192276 0
0.888626 0
0.278285 0
0.223025 0
0.436878 0
0.402834 0
1.095421 0
0.044105 0
0.312724 0
0.228965 0
0.204779 0
0.064934 0
0.106568 0
0.361333 0
1.117552 0
1.122273 0
0.083703 0
0.104517 0
1.641695 0
0.610651 0
1.229840 0
0.213163 0
0.239117 0
0.059151 0
0.761389 0
1.626203 0
1.026804 0
0.190017 0
0.187697 0
1.737067 0
0.728825 0
0.601717 0
0.807462 0
0.462745 0
0.073504 0
0.048971 0
0.109191 0
0.875435 0
1.129537 0
0.239038 0
0.218986 0
0.211919 0
0.265021 0
0.220712 0
0.478948 0
0.776709 0
0.685797 0
0.054070 0
0.790108 0
0.363892 0
0.053760 0
0.139960 0
0.125660 0
0.367196 0
1.669073 0
0.439210 0
0.238939 0
0.452096 0
0.572007 0
0.280179 0
0.086578 0
0.270112 0
0.215759 0
0.112192 0
0.026765 0
0.790067 0
1.079381 0
0.799768 0
0.505984 0
0.160366 0
1.119556 0
0.013822 0
0.295299 0
0.822752 0
0.096069 0
0.252828 0
0.541153 0
0.690863 0
0.184343 0
0.126819 0
1.042588 0
0.153516 0
0.047800 0
0.190606 0
0.945387 0
0.121703 0
0.127447 0
0.236769 0
0.179211 0
0.294488 0
0.932692 0
0.704934 0
0.296160 0
1.484282 0
0.005188 0
0.578748 0
0.374346 0
0.041556 0
0.569876 0
0.473735 0
0.218638 0
0.077948 0
0.586383 0
0.446301 0
0.348508 0
0.744767 0
0.522725 0
0.799824 0
0.109381 0
0.326765 0
0.177903 0
1.272622 0
0.524263 0
0.474921 0
0.307697 0
0.979516 0
0.045549 0
0.674732 0
1.190483 0
0.060907 0
1.159917 0
0.245037 0
0.457885 0
1.458121 0
0.470283 0
1.458440 0
0.783475 0
0.798454 0
0.854445 0
1.202915 0
1.113913 0
0.490457 0
1.376510 0
0.450914 0
1.696388 0
0.058797 0
0.401251 0
0.544769 0
0.053145 0
1.384895 0
0.562277 0
0.275544 0
0.384084 0
0.309526 0
0.180378 0
1.079403 0
0.421023 0
0.695834 0
0.664766 0
0.992624 0
1.187363 0
0.375151 0
0.331020 0
0.312154 0
1.373857 0
0.124890 0
0.962282 0
1.081411 0
1.298636 0
0.371414 0
1.108650 0
0.099887 0
0.046923 0
0.397031 0
0.980472 0
0.192688 0
0.106584 0
0.873809 0
0.111371 0
0.965650 0
0.086534 0
0.168027 0
0.443848 0
0.067810 0
0.230355 0
0.245747 0
0.222432 0
0.388334 0
1.153160 0
0.462917 0
0.890060 0
0.122127 0
0.063366 0
1.693828 0
0.094139 0
0.662674 0
0.002956 0
0.493989 0
0.543589 0
1.185874 0
0.521530 0
0.009566 0
0.506673 0
0.145112 0
0.531352 0
0.007386 0
1.467070 0
0.292179 0
0.385066 0
0.243845 0
1.051909 0
0.052403 0
0.485214 0
0.016635 0
0.626309 0
1.133779 0
0.460688 0
1.020353 0
0.073835 0
0.073979 0
0.293932 0
0.469990 0
0.099763 0
0.308683 0
0.477986 0
0.061162 0
0.327720 0
0.385236 0
0.595143 0
0.374922 0
0.552241 0
0.934102 0
0.562856 0
0.338474 0
0.290025 0
0.919598 0
0.975020 0
0.542021 0
0.146837 0
0.308032 0
0.763757 0
0.596918 0
0.041756 0
0.558748 0
1.486652 0
0.114349 0
0.548212 0
0.619467 0
0.290681 0
0.480470 0
0.436644 0
1.455715 0
0.123598 0
0.328416 0
1.461232 0
0.080476 0
1.377812 0
1.032496 0
0.128820 0
1.005674 0
0.084588 0
0.064453 0
0.233122 0
0.208377 0
0.507751 0
1.010317 0
0.303421 0
0.055641 0
0.320513 0
0.350163 0
0.774138 0
0.082080 0
0.257741 0
0.049120 0
0.254313 0
1.063006 0
1.033340 0
0.543233 0
1.240600 0
1.064349 0
0.268204 0
0.138588 0
0.958350 0
0.081147 0
0.017556 0
0.023777 0
0.090830 0
0.146890 0
0.854100 0
0.506741 0
0.520491 0
0.385661 0
0.774909 0
1.116987 0
0.732636 0
1.341436 0
0.645953 0
0.068483 0
0.629826 0
0.676803 0
0.051772 0
0.081505 0
0.513109 0
0.163924 0
0.472320 0
0.134234 0
0.239644 0
0.103282 0
0.585791 0
0.186565 0
1.209343 0
0.579617 0
0.139701 0
0.137278 0
0.541677 0
0.931601 0
0.125146 0
0.861037 0
0.534165 0
0.619525 0
0.430677 0
0.543617 0
0.229992 0
0.356934 0
0.087140 0
0.075978 0
0.729792 0
0.470145 0
0.344521 0
0.238563 0
0.170089 0
1.568308 0
0.221716 0
0.195524 0
0.261634 0
0.539611 0
0.690890 0
0.132844 0
0.540777 0
1.419921 0
0.425963 0
0.292170 0
0.029899 0
0.255919 0
0.708453 0
0.065556 0
0.159104 0
0.244186 0
0.864802 0
0.235776 0
0.518666 0
0.998693 0
0.522776 0
0.721705 0
0.144892 0
0.709305 0
0.203648 0
1.128706 0
0.459560 0
0.721614 0
0.104641 0
0.044270 0
0.176650 0
0.475608 0
0.058847 0
0.587415 0
0.041931 0
0.077208 0
0.703488 0
0.241480 0
0.461691 0
0.336943 0
0.047617 0
1.140763 0
0.433075 0
0.810968 0
0.888836 0
1.013625 0
0.018718 0
0.151762 0
0.069567 0
0.183199 0
0.612599 0
0.227461 0
0.050441 0
1.007805 0
0.172210 0
0.089375 0
0.865972 0
0.703872 0
0.726136 0
0.653901 0
0.643646 0
0.116795 0
0.047814 0
0.044018 0
0.028858 0
0.049098 0
0.442045 0
0.796525 0
0.025764 0
0.866829 0
0.488373 0
0.389124 0
0.335708 0
0.350526 0
1.365914 0
0.249725 0
1.104695 0
0.531985 0
0.926942 0
1.047344 0
0.050558 0
0.907054 0
0.562304 0
0.072315 0
1.536261 0
0.054212 0
0.894471 0
0.251051 0
1.245716 0
1.048313 0
0.170399 0
0.265432 0
0.242747 0
0.177806 0
0.528017 0
0.141061 0
0.918101 0
0.387723 0
0.689945 0
0.308400 0
0.527376 0
0.416231 0
0.288718 0
0.669271 0
0.184612 0
0.051670 0
0.253562 0
0.104398 0
0.679824 0
1.470934 0
0.349214 0
0.610333 0
0.080087 0
0.669344 0
0.086682 0
0.490621 0
0.853136 0
0.015382 0
0.195930 0
0.862657 0
0.158114 0
1.159440 0
0.070524 0
0.627348 0
0.932675 0
0.271342 0
0.260160 0
1.008430 0
0.634555 0
0.569007 0
0.371106 0
0.068892 0
0.392202 0
1.189027 0
1.463118 0
1.127347 0
0.042152 0
0.442886 0
0.658228 0
0.912579 0
0.005539 0
1.616867 0
0.088272 0
0.057740 0
0.116239 0
0.268331 0
0.230140 0
0.396955 0
0.055108 0
0.419779 0
1.644272 0
0.259872 0
0.084496 0
0.170262 0
0.002301 0
0.186518 0
0.728997 0
0.500315 0
1.020549 0
0.655985 0
0.413158 0
0.468209 0
0.056584 0
0.536805 0
1.253645 0
0.790106 0
0.349438 0
0.128650 0
0.688244 0
0.241977 0
0.611307 0
0.967932 0
0.929468 0
0.107411 0
0.433531 0
0.507763 0
0.094894 0
0.064835 0
0.368729 0
1.853298 0
0.689295 0
0.485992 0
0.108687 0
0.236255 0
0.335451 0
0.308838 0
0.419685 0
0.648031 0
0.807626 0
1.621619 0
0.196650 0
0.152365 0
0.070203 0
0.817122 0
0.061936 0
0.530424 0
0.036194 0
0.455985 0
1.001111 0
0.254957 0
0.286094 0
0.309324 0
0.036900 0
0.632124 0
0.038918 0
0.428669 0
0.733767 0
0.088415 0
0.107738 0
0.804721 0
0.084477 0
0.404499 0
0.333704 0
0.062508 0
1.233663 0
0.197331 0
0.031495 0
0.184040 0
0.252663 0
0.260698 0
0.600454 0
0.138420 0
0.447087 0
0.397119 0
1.121340 0
1.808126 0
0.187257 0
0.321799 0
0.030807 0
0.446654 0
0.146766 0
0.312199 0
0.898343 0
1.151817 0
0.088346 0
0.078508 0
0.657516 0
0.154520 0
0.011991 0
0.260717 0
1.403671 0
0.650600 0
1.299299 0
0.451803 0
0.267169 0
0.360515 0
1.126863 0
0.438343 0
0.612458 0
0.353573 0
1.117253 0
0.870782 0
0.460376 0
1.328699 0
0.197588 0
1.187879 0
0.016791 0
0.422303 0
0.872505 0
0.145245 0
1.429072 0
0.528047 0
0.309843 0
0.572476 0
0.194829 0
0.090803 0
0.247322 0
0.167295 0
0.158179 0
0.188072 0
0.584388 0
0.643366 0
1.321056 0
1.057742 0
0.381184 0
0.511019 0
1.191917 0
0.995914 0
0.020382 0
1.564953 0
0.433124 0
0.194287 0
0.356978 0
0.230124 0
1.342245 0
0.574667 0
0.302979 0
0.634018 0
1.366766 0
0.949562 0
0.053577 0
0.215615 0
0.113954 0
0.125782 0
0.368104 0
0.849647 0
0.958790 0
0.252858 0
0.479255 0
0.492658 0
0.043676 0
0.145781 0
0.421264 0
0.099315 0
0.111546 0
0.694925 0
0.061009 0
0.802506 0
0.804146 0
0.361563 0
0.947805 0
1.300844 0
0.854868 0
0.040395 0
0.334720 0
0.286966 0
0.131150 0
0.432473 0
1.251734 0
0.153387 0
0.218112 0
0.308983 0
0.523085 0
0.141268 0
0.313329 0
0.664594 0
0.674459 0
0.185270 0
0.508694 0
0.363814 0
0.100882 0
0.096410 0
0.062957 0
0.193789 0
0.885465 0
0.456683 0
0.252878 0
0.363956 0
0.276504 0
0.043715 0
0.159148 0
0.214434 0
0.022213 0
0.097248 0
0.002407 0
0.093393 0
0.309401 0
0.141919 0
1.442125 0
0.054967 0
0.125919 0
0.174210 0
0.113067 0
0.289640 0
0.320081 0
1.263260 0
0.358400 0
0.828163 0
0.230930 0
1.459839 0
0.598064 0
0.215505 0
0.238159 0
0.218510 0
0.501181 0
0.678982 0
0.182434 0
1.722438 0
0.087914 0
0.256815 0
0.240616 0
0.231113 0
0.106533 0
0.843031 0
0.092637 0
1.076795 0
0.035534 0
0.231319 0
0.318556 0
1.290922 0
0.365739 0
0.195384 0
0.558296 0
0.164108 0
0.219404 0
0.143018 0
0.490059 0
0.166252 0
1.360463 0
1.007064 0
0.051129 0
0.532345 0
0.575908 0
0.044906 0
0.790375 0
1.271284 0
0.424465 0
1.214169 0
0.234157 0
0.156579 0
0.313393 0
0.554162 0
2.296230 0
0.412627 0
0.478937 0
1.070577 0
0.162085 0
0.314615 0
0.009195 0
1.168668 0
0.109105 0
0.387277 0
1.489277 0
1.235036 0
0.578351 0
1.461645 0
0.510884 0
0.192755 0
0.078505 0
0.026927 0
0.236491 0
0.331509 0
0.226338 0
0.237814 0
0.239980 0
0.068804 0
0.079462 0
0.556973 0
0.157796 0
0.618341 0
0.170761 0
0.341144 0
0.060306 0
0.250104 0
0.274706 0
0.060921 0
0.235888 0
0.289384 0
0.306730 0
0.036006 0
0.111976 0
1.078728 0
0.290750 0
0.120771 0
1.095147 0
0.232099 0
0.785874 0
1.360292 0
0.266068 0
0.110210 0
0.132521 0
0.916206 0
0.202555 0
0.807789 0
0.722102 0
0.351442 0
1.202566 0
0.410745 0
1.014079 0
0.298872 0
0.313406 0
0.308568 0
0.409982 0
0.139219 0
1.208120 0
0.141957 0
0.095595 0
1.566345 0
0.544199 0
0.330402 0
1.296944 0
0.198788 0
0.253002 0
0.038740 0
0.223919 0
0.398227 0
0.286067 0
1.288694 0
0.176257 0
0.538087 0
0.469898 0
0.537861 0
0.033345 0
0.181754 0
0.365371 0
0.056669 0
0.684509 0
0.254133 0
0.705199 0
0.554636 0
0.629106 0
0.315061 0
0.094911 0
0.069165 0
1.111676 0
0.380765 0
0.100006 0
0.607652 0
1.482961 0
0.270860 0
0.567691 0
0.400632 0
0.249108 0
0.120710 0
0.201096 0
0.666750 0
0.165060 0
0.097517 0
0.642919 0
1.352838 0
0.088999 0
0.256126 0
0.111801 0
0.445003 0
0.093422 0
1.244964 0
0.218339 0
0.118036 0
0.221626 0
0.668225 0
0.209813 0
0.154663 0
0.257860 0
0.456976 0
0.202739 0
0.621399 0
0.752529 0
0.832572 0
0.293059 0
0.364592 0
0.402892 0
0.708908 0
0.106016 0
0.404867 0
1.688254 0
1.573144 0
0.222245 0
0.586876 0
0.295186 0
0.518047 0
0.473792 0
0.334202 0
0.420671 0
0.359137 0
0.450382 0
0.036362 0
0.950458 0
0.767820 0
1.037199 0
0.348000 0
0.020040 0
0.080777 0
0.333106 0
0.306028 0
0.039273 0
1.189476 0
0.261410 0
0.610793 0
1.605101 0
0.439081 0
0.180729 0
0.431099 0
0.489254 0
0.061006 0
0.139373 0
0.048599 0
0.676599 0
0.026880 0
1.376216 0
1.313467 0
0.861610 0
0.158877 0
0.095893 0
1.372660 0
0.304012 0
0.107214 0
0.203323 0
0.047432 0
0.281377 0
0.135747 0
0.470966 0
0.109666 0
0.127771 0
0.192350 0
0.420881 0
0.163233 0
0.285927 0
0.999017 0
0.294559 0
0.467270 0
0.533510 0
0.814875 0
2.497923 0
0.602546 0
0.077333 0
1.035314 0
0.044082 0
0.100944 0
0.460450 0
0.231854 0
0.447750 0
0.885141 0
0.705792 0
1.620070 0
0.484506 0
0.011420 0
1.694457 0
1.234378 0
0.020103 0
0.559468 0
1.124923 0
0.600295 0
0.174976 0
0.006346 0
0.857847 0
0.232606 0
0.106577 0
0.173523 0
0.022002 0
0.591810 0
1.020998 0
0.963854 0
0.451150 0
0.052965 0
0.986040 0
0.090381 0
0.528199 0
0.051644 0
0.303784 0
0.505758 0
0.171494 0
0.154289 0
0.562333 0
0.660468 0
0.028424 0
0.374767 0
0.215991 0
0.053385 0
0.102110 0
0.112597 0
1.440978 0
0.814156 0
0.833539 0
0.711748 0
0.044351 0
0.364345 0
0.123721 0
0.720058 0
0.024700 0
0.119474 0
1.163180 0
0.002382 0
0.275117 0
0.390519 0
0.284436 0
1.047825 0
0.786817 0
0.129048 0
0.230579 0
1.415939 0
0.076486 0
1.623385 0
0.282328 0
0.063833 0
0.592721 0
0.065065 0
1.335659 0
0.428628 0
0.150134 0
0.326112 0
1.070047 0
1.035567 0
0.184998 0
0.962618 0
0.114583 0
0.021537 0
0.539084 0
1.628557 0
0.887233 0
1.447405 0
0.851784 0
1.407890 0
0.428787 0
0.422721 0
0.146276 0
0.178501 0
0.075351 0
0.141603 0
1.276986 0
1.167517 0
0.019428 0
0.673794 0
0.099370 0
0.183711 0
0.735750 0
0.391984 0
0.466665 0
0.487371 0
0.333225 0
0.253599 0
0.691936 0
0.465680 0
0.168444 0
0.054088 0
0.727928 0
0.069113 0
0.055231 0
0.029939 0
0.789762 0
0.332447 0
0.045686 0
0.880579 0
1.376863 0
0.376898 0
0.045633 0
0.718967 0
1.403827 0
0.287291 0
0.330649 0
1.526042 0
0.062243 0
0.373649 0
0.289528 0
0.370000 0
0.151936 0
0.464948 0
1.185329 0
0.651817 0
0.131891 0
0.558117 0
1.204559 0
0.023343 0
0.370614 0
0.005990 0
0.442684 0
1.376448 0
0.491910 0
0.452433 0
0.377386 0
0.327860 0
0.265600 0
0.260622 0
0.331966 0
0.128919 0
0.519785 0
0.178840 0
0.297950 0
0.318004 0
0.325454 0
0.287188 0
1.447556 0
0.294244 0
0.242820 0
0.766296 0
0.737959 0
1.019923 0
0.295178 0
0.814400 0
0.457003 0
0.038238 0
1.018458 0
0.755372 0
0.247181 0
0.309144 0
0.475053 0
0.934133 0
0.113309 0
0.943575 0
0.369884 0
0.254454 0
0.060869 0
0.951669 0
0.308138 0
0.015296 0
1.198297 0
0.793112 0
0.392802 0
0.233519 0
0.310828 0
1.387279 0
0.456443 0
0.056077 0
0.033988 0
0.540157 0
0.165969 0
0.184939 0
0.312681 0
0.338405 0
0.248943 0
0.181591 0
0.226213 0
0.510577 0
0.228424 0
1.018459 0
0.007671 0
0.316568 0
0.297568 0
0.153837 0
0.222788 0
0.016447 0
0.856560 0
0.156934 0
0.053270 0
0.248019 0
0.904203 0
0.276068 0
0.073687 0
0.072790 0
1.076262 0
0.943984 0
0.385278 0
0.070752 0
1.446583 0
0.097264 0
0.185695 0
0.429227 0
0.476504 0
1.133919 0
1.116454 0
0.385080 0
1.448729 0
0.543668 0
0.634263 0
0.006352 0
0.197660 0
0.962646 0
0.516829 0
0.225354 0
1.136263 0
0.836366 0
0.493547 0
0.634424 0
0.033816 0
0.715918 0
0.012072 0
0.962056 0
0.084628 0
0.238375 0
0.013516 0
0.096350 0
0.050963 0
0.133100 0
1.175569 0
1.138240 0
0.384815 0
0.181249 0
0.206526 0
0.552683 0
0.143785 0
0.623523 0
1.437751 0
0.371997 0
0.165758 0
0.094377 0
0.045638 0
0.349178 0
0.190234 0
0.203505 0
1.604348 0
0.619748 0
0.069835 0
0.205732 0
0.207700 0
0.780485 0
0.650352 0
1.118082 0
1.387365 0
0.042846 0
0.347948 0
0.177123 0
0.293929 0
0.953049 0
0.035094 0
0.028565 0
0.086151 0
1.275323 0
0.424629 0
0.912508 0
0.085142 0
0.014387 0
0.698004 0
0.083113 0
0.393136 0
1.426165 0
0.162719 0
0.098477 0
0.542779 0
0.184519 0
0.021483 0
0.069702 0
0.524794 0
0.416078 0
0.490718 0
0.265525 0
0.831914 0
0.943770 0
0.218420 0
0.406120 0
0.719066 0
0.033863 0
0.720320 0
0.362353 0
0.607328 0
0.014872 0
0.445517 0
0.114048 0
0.577801 0
0.612909 0
0.005577 0
0.498169 0
0.027070 0
0.718048 0
0.046429 0
0.432134 0
0.296511 0
0.338921 0
0.041807 0
0.287665 0
0.161146 0
0.159797 0
0.420044 0
0.109279 0
0.603074 0
0.016084 0
0.037312 0
0.162442 0
1.066390 0
0.029181 0
1.104826 0
0.291347 0
0.114893 0
0.056802 0
1.041518 0
0.867143 0
1.457034 0
0.301342 0
0.069493 0
0.543868 0
0.135098 0
0.222329 0
0.225621 0
1.270168 0
0.225275 0
0.543842 0
0.925220 0
1.316032 0
0.837625 0
0.742807 0
0.487608 0
0.221299 0
1.548880 0
0.457994 0
0.193781 0
0.512356 0
0.159935 0
0.178916 0
0.225418 0
0.294605 0
0.372703 0
0.129175 0
1.608197 0
1.419906 0
0.257926 0
0.512499 0
0.313581 0
0.553164 0
0.045835 0
0.339925 0
0.642405 0
0.872687 0
0.264675 0
1.133640 0
0.059841 0
0.332633 0
0.108921 0
0.111218 0
0.114091 0
0.273028 0
1.765845 0
0.270560 0
0.120098 0
0.055384 0
0.709136 0
0.260479 0
0.270727 0
0.300666 0
0.994918 0
1.535958 0
0.104711 0
0.190618 0
0.259075 0
0.419498 0
1.469341 0
0.101618 0
0.679359 0
0.020134 0
1.391964 0
0.412156 0
0.818650 0
0.389881 0
0.562700 0
1.092687 0
1.128030 0
0.738247 0
0.056027 0
0.593766 0
1.335433 0
0.330711 0
0.080944 0
0.217635 0
0.395931 0
1.167549 0
0.682904 0
0.280982 0
1.087786 0
0.398446 0
0.330058 0
0.454583 0
0.561665 0
0.222215 0
0.448791 0
1.013984 0
0.224289 0
0.872517 0
0.537553 0
0.173019 0
0.766821 0
0.035251 0
0.477878 0
0.669502 0
0.605212 0
0.495315 0
0.475583 0
0.058419 0
0.441201 0
0.798794 0
0.591206 0
1.227393 0
0.097484 0
0.129374 0
0.161419 0
0.316520 0
0.939758 0
0.004069 0
1.491815 0
0.065559 0
0.327923 0
0.330070 0
0.606166 0
0.382296 0
0.176952 0
0.134598 0
1.421507 0
1.379017 0
0.169423 0
0.369111 0
0.797406 0
0.140889 0
1.882012 0
0.200142 0
0.370126 0
0.381541 0
1.144024 0
0.076651 0
0.569803 0
0.308444 0
0.876263 0
0.490674 0
0.480584 0
1.383588 0
0.076006 0
0.192935 0
0.039130 0
0.018346 0
1.259398 0
0.058104 0
0.271949 0
0.316538 0
0.659518 0
0.774405 0
0.103727 0
1.409431 0
0.487891 0
0.568239 0
0.213982 0
0.595284 0
1.271496 0
0.132419 0
0.861495 0
0.506840 0
0.209218 0
1.275166 0
0.179423 0
0.034198 0
1.383467 0
0.679475 0
1.507892 0
0.033688 0
0.233339 0
0.111613 0
0.013139 0
1.475184 0
0.394536 0
1.106330 0
0.249073 0
1.311676 0
1.210011 0
0.540407 0
0.173805 0
0.825579 0
0.425588 0
0.347630 0
0.094199 0
0.503436 0
1.088054 0
0.513034 0
1.092923 0
1.588074 0
1.382504 0
0.598090 0
0.479818 0
0.015111 0
0.190657 0
0.040252 0
0.067603 0
0.188833 0
0.674951 0
1.047794 0
0.177005 0
0.273652 0
0.790756 0
0.185853 0
0.048326 0
0.914130 0
0.231114 0
0.621265 0
0.127744 0
1.661722 0
0.014901 0
0.846000 0
0.010620 0
0.306612 0
0.306284 0
0.211515 0
0.330806 0
0.310331 0
0.887070 0
0.031000 0
0.204196 0
1.417834 0
0.670424 0
0.914114 0
