0.411297 0
0.116306 0
0.781639 0
0.182718 0
0.444309 0
1.170775 0
0.350221 0
0.735982 0
1.084017 0
0.247987 0
0.663153 0
0.153393 0
1.018115 0
0.309690 0
0.515664 0
0.169100 0
0.556294 0
0.213415 0
0.240275 0
0.774517 0
0.565757 0
1.453602 0
0.296361 0
0.389654 0
0.580638 0
0.527300 0
0.071097 0
0.320247 0
0.617812 0
0.127757 0
0.295760 0
0.386208 0
0.407555 0
0.504371 0
0.297084 0
0.260060 0
1.068156 0
0.379953 0
0.047084 0
0.203701 0
0.554226 0
0.712979 0
0.531825 0
1.653315 0
0.120986 0
0.046171 0
0.198153 0
0.177414 0
0.322932 0
0.502251 0
0.544748 0
0.285327 0
1.420832 0
1.419154 0
0.083675 0
1.123625 0
0.089658 0
0.004897 0
0.637694 0
0.372681 0
0.092852 0
1.684980 0
0.205326 0
0.145481 0
0.894510 0
0.121586 0
0.359962 0
0.039001 0
0.547936 0
0.246760 0
0.655923 0
0.327700 0
0.029949 0
0.865467 0
0.480792 0
0.022165 0
0.050237 0
1.101814 0
0.591212 0
1.390406 0
0.036713 0
0.271273 0
0.693869 0
1.953614 0
1.361384 0
0.033960 0
1.236232 0
0.227024 0
0.407068 0
0.406107 0
0.126668 0
0.393644 0
0.470484 0
0.181401 0
0.367363 0
1.464388 0
1.499826 0
0.056317 0
0.653326 0
1.616318 0
1.013752 0
0.997287 0
0.178881 0
0.682766 0
1.095940 0
0.066008 0
0.137522 0
1.311105 0
0.242485 0
0.731085 0
1.204369 0
0.041334 0
0.490024 0
0.314338 0
0.978389 0
1.004279 0
1.560102 0
0.550471 0
0.979181 0
0.496925 0
0.562687 0
0.182944 0
0.683667 0
0.455012 0
0.221482 0
0.704669 0
0.126217 0
0.304509 0
1.422348 0
0.319550 0
1.586594 0
0.122965 0
0.043625 0
0.353765 0
1.406659 0
0.366714 0
0.113005 0
0.195243 0
1.095441 0
0.238184 0
0.871902 0
0.164452 0
1.395572 0
0.232269 0
0.591961 0
0.938129 0
0.029013 0
0.044358 0
0.758088 0
0.376784 0
0.184026 0
0.389539 0
1.564961 0
1.414107 0
1.391459 0
0.149283 0
0.089684 0
0.580005 0
0.204302 0
0.405819 0
0.505731 0
1.414186 0
1.098965 0
0.804148 0
0.328572 0
0.797597 0
0.880933 0
0.667551 0
0.147251 0
0.407739 0
0.452703 0
0.450126 0
0.658431 0
0.350251 0
0.515800 0
0.859544 0
0.219986 0
0.815958 0
0.467719 0
0.798456 0
1.219307 0
0.461972 0
1.381653 0
0.033417 0
0.109308 0
0.030829 0
0.064119 0
0.077582 0
0.519718 0
0.826857 0
0.526686 0
0.173230 0
0.724793 0
0.347257 0
0.122764 0
0.045541 0
0.082608 0
1.922509 0
0.137849 0
0.363344 0
0.428173 0
0.161362 0
0.671998 0
0.051655 0
0.504857 0
1.200333 0
0.094011 0
0.394246 0
1.266956 0
1.264448 0
0.426196 0
0.491856 0
0.299325 0
0.121048 0
0.084985 0
0.380208 0
0.426779 0
0.505360 0
1.266945 0
0.785518 0
0.839292 0
0.106575 0
1.275012 0
0.165979 0
0.431364 0
0.034202 0
0.346133 0
1.491265 0
0.589074 0
0.017105 0
1.561271 0
0.284795 0
0.074060 0
1.106544 0
0.849734 0
1.395046 0
0.431444 0
0.688188 0
0.296567 0
0.929154 0
0.112742 0
0.159819 0
0.294190 0
0.125355 0
0.430477 0
0.204211 0
0.857561 0
0.078941 0
0.770812 0
1.037919 0
0.053231 0
0.905487 0
0.440247 0
0.189874 0
0.085882 0
1.087359 0
0.303105 0
1.375817 0
0.366936 0
0.556054 0
0.200941 0
0.104395 0
0.079350 0
0.434048 0
0.312281 0
0.114222 0
0.358195 0
0.595389 0
0.171395 0
1.492509 0
0.582155 0
0.708188 0
0.830433 0
0.624672 0
1.256035 0
0.034903 0
0.162098 0
0.126184 0
0.305929 0
0.255695 0
0.359949 0
0.107279 0
0.381091 0
0.761501 0
0.347047 0
0.156066 0
0.387024 0
0.484599 0
0.451720 0
0.436908 0
0.394529 0
0.034951 0
0.557526 0
0.095466 0
0.400569 0
0.033459 0
0.147282 0
0.265368 0
0.488261 0
0.307664 0
0.473598 0
0.047381 0
0.016548 0
0.011684 0
0.134103 0
0.527347 0
0.081351 0
0.125357 0
0.136069 0
0.110689 0
1.084645 0
1.224579 0
0.769539 0
0.570105 0
0.536363 0
0.453009 0
0.925280 0
0.685512 0
3.383806 0
1.395813 0
1.082185 0
0.768190 0
0.221665 0
0.447609 0
0.137246 0
0.579171 0
0.890164 0
0.754782 0
0.797903 0
0.137093 0
0.110507 0
0.379912 0
0.368227 0
0.155506 0
0.662437 0
0.147351 0
0.112504 0
0.462057 0
0.240824 0
1.102835 0
0.356649 0
0.362120 0
0.123100 0
0.740959 0
0.400079 0
1.457482 0
0.511110 0
0.500897 0
0.182112 0
0.181116 0
0.022914 0
1.054406 0
0.038248 0
0.017538 0
1.142465 0
0.547782 0
0.456250 0
1.675041 0
0.132776 0
0.006791 0
0.250517 0
0.911022 0
1.248389 0
0.082738 0
0.459631 0
0.347842 0
0.611352 0
0.925565 0
0.626548 0
0.782282 0
0.170678 0
0.194767 0
0.946311 0
1.362851 0
1.390884 0
1.381196 0
0.277792 0
1.070109 0
0.569922 0
0.615641 0
0.668542 0
0.500507 0
0.915316 0
1.412666 0
0.786757 0
0.112796 0
0.293705 0
0.090674 0
0.158485 0
0.934431 0
1.661897 0
0.285442 0
0.548215 0
0.737862 0
0.009193 0
0.206650 0
0.226439 0
0.303467 0
0.116403 0
0.135506 0
1.048112 0
0.141937 0
0.381413 0
0.257134 0
0.088646 0
2.164781 0
1.437393 0
0.481874 0
0.618392 0
0.333439 0
1.017698 0
0.450166 0
0.294395 0
0.415439 0
0.293640 0
0.087845 0
0.093593 0
0.057252 0
1.098154 0
0.589462 0
0.222730 0
1.300887 0
0.172560 0
0.041337 0
0.243567 0
0.271405 0
0.704547 0
0.249001 0
0.651487 0
0.406034 0
0.044373 0
0.177514 0
0.139777 0
0.338194 0
0.081163 0
0.600318 0
0.473760 0
1.825035 0
1.029612 0
0.073867 0
0.149106 0
0.142730 0
0.526151 0
0.311769 0
0.152120 0
0.557877 0
0.013856 0
0.699564 0
0.489376 0
0.575152 0
0.537618 0
0.100341 0
0.564285 0
0.052273 0
0.484936 0
0.476919 0
0.237473 0
0.369956 0
0.226633 0
0.064305 0
0.052492 0
0.017062 0
0.748048 0
0.481425 0
0.308928 0
0.934500 0
0.332606 0
0.451937 0
1.381556 0
0.984944 0
0.223131 0
0.480980 0
0.507997 0
0.521000 0
0.314473 0
0.719171 0
0.254199 0
1.435347 0
0.200234 0
0.270362 0
0.222005 0
0.418624 0
0.312582 0
0.397683 0
0.736942 0
1.648581 0
0.031682 0
0.140930 0
0.956055 0
0.008475 0
0.638798 0
0.039403 0
0.078635 0
0.394454 0
1.257557 0
0.891998 0
0.547596 0
0.545943 0
0.047224 0
1.452960 0
0.107567 0
0.856749 0
0.114495 0
0.169963 0
0.151207 0
1.122208 0
0.671601 0
0.165825 0
0.428115 0
0.086152 0
0.247917 0
0.486015 0
0.034168 0
0.518076 0
0.344911 0
0.695776 0
0.493480 0
0.624624 0
0.376356 0
0.389074 0
0.157273 0
0.675845 0
0.098514 0
1.375300 0
0.643238 0
0.273375 0
0.064714 0
0.468723 0
0.482332 0
0.405924 0
0.585643 0
0.334292 0
0.133413 0
0.194515 0
0.928416 0
1.283397 0
0.139767 0
0.012847 0
0.443555 0
1.140505 0
0.203481 0
0.622691 0
1.285154 0
0.165021 0
0.220350 0
0.896257 0
0.092262 0
1.456359 0
0.206442 0
0.261235 0
0.850741 0
0.090777 0
0.446048 0
0.344236 0
0.135968 0
0.042711 0
0.588998 0
0.078335 0
0.016069 0
0.942145 0
0.348699 0
0.384993 0
0.701383 0
0.643688 0
0.094321 0
0.941196 0
1.762012 0
0.041935 0
0.202645 0
0.514311 0
0.514653 0
1.208437 0
0.020659 0
0.411066 0
0.463849 0
0.833707 0
0.071164 0
0.557208 0
1.271238 0
0.553472 0
1.425499 0
0.310696 0
0.114158 0
0.432033 0
0.707087 0
1.414099 0
0.277193 0
0.437166 0
0.091352 0
0.166876 0
0.483131 0
0.588570 0
0.151975 0
0.787155 0
0.413047 0
0.248511 0
0.107659 0
0.715726 0
0.635167 0
0.020506 0
0.999083 0
0.232339 0
0.254143 0
0.720555 0
0.402378 0
0.113999 0
0.317591 0
0.316138 0
0.759156 0
0.230109 0
0.826371 0
0.076821 0
0.330888 0
0.176108 0
1.156131 0
0.486445 0
0.306133 0
0.073037 0
0.105912 0
0.265076 0
0.410689 0
0.327010 0
0.489980 0
0.591607 0
0.038177 0
0.254957 0
0.223810 0
0.229422 0
0.477882 0
1.433256 0
0.017701 0
0.015163 0
0.166238 0
1.070504 0
0.049276 0
0.360992 0
1.543863 0
0.114805 0
0.265612 0
0.251074 0
0.012921 0
0.016110 0
1.015370 0
0.065819 0
0.571791 0
0.252241 0
0.553611 0
0.876083 0
0.246818 0
1.061375 0
0.235966 0
0.227404 0
0.896260 0
0.722115 0
1.454185 0
0.655341 0
0.192853 0
0.267756 0
0.829805 0
0.389869 0
0.358035 0
0.566326 0
0.158761 0
0.848674 0
0.020939 0
1.418813 0
0.046649 0
0.118418 0
0.203515 0
0.030879 0
0.028646 0
0.137591 0
0.022157 0
0.039565 0
0.508671 0
0.145848 0
0.647524 0
1.285605 0
0.181156 0
0.639272 0
0.201031 0
0.054686 0
0.131255 0
0.659028 0
0.521447 0
0.803009 0
0.022812 0
0.075741 0
1.376961 0
0.338634 0
1.365623 0
0.010618 0
0.675094 0
0.211711 0
0.189164 0
2.563300 0
0.414276 0
0.057683 0
0.095908 0
1.465988 0
0.628915 0
0.598239 0
0.072863 0
1.547496 0
0.353856 0
0.441651 0
1.043531 0
0.144270 0
0.512136 0
1.019231 0
1.374796 0
0.453809 0
0.440694 0
0.642734 0
0.089897 0
0.609958 0
0.876907 0
0.080228 0
0.059242 0
0.966300 0
0.364132 0
0.154692 0
0.372666 0
0.607589 0
0.530199 0
0.379741 0
0.227976 0
1.408770 0
0.015077 0
0.975952 0
0.454866 0
0.217585 0
1.571593 0
0.690043 0
0.023151 0
1.723312 0
0.997011 0
0.689457 0
0.136996 0
0.052730 0
0.302200 0
0.376310 0
0.513862 0
1.404311 0
0.312464 0
0.032836 0
0.426337 0
0.336126 0
0.235663 0
0.125264 0
0.171751 0
1.002330 0
0.586646 0
0.091905 0
1.146481 0
0.414507 0
0.205656 0
0.233123 0
1.362236 0
0.206269 0
0.410852 0
0.724341 0
0.734799 0
0.104952 0
0.367667 0
0.026215 0
0.022084 0
0.108346 0
0.820303 0
0.104377 0
0.336610 0
0.086605 0
0.100509 0
0.119133 0
1.485141 0
0.951454 0
1.409723 0
0.169064 0
1.226538 0
0.034283 0
0.656806 0
0.470581 0
0.026232 0
0.146452 0
0.235018 0
0.132754 0
0.540744 0
0.652578 0
0.347727 0
1.125015 0
0.113941 0
0.056552 0
1.175245 0
0.763903 0
0.399661 0
0.664021 0
1.145312 0
0.052579 0
0.117139 0
0.016833 0
0.616731 0
0.471397 0
0.672432 0
0.745806 0
1.005799 0
0.026235 0
0.434701 0
0.485298 0
0.298181 0
0.298871 0
0.108301 0
0.372928 0
0.141381 0
0.206383 0
0.862583 0
0.425450 0
0.490546 0
0.122962 0
1.314911 0
0.393121 0
0.662075 0
0.300105 0
0.022250 0
0.338090 0
0.257093 0
0.081376 0
0.008001 0
0.142684 0
0.317292 0
1.016025 0
0.168515 0
0.156378 0
1.017338 0
0.369107 0
0.592556 0
0.402211 0
0.281900 0
0.638696 0
0.959955 0
0.185035 0
0.638003 0
0.293727 0
0.115981 0
0.014579 0
0.297867 0
0.178231 0
0.079888 0
0.400716 0
0.095100 0
0.649034 0
0.137266 0
0.084416 0
0.295850 0
0.185766 0
0.036973 0
0.838337 0
1.388336 0
1.715285 0
0.097793 0
1.445664 0
0.681940 0
0.410841 0
0.534610 0
0.256070 0
1.282998 0
0.318767 0
1.402777 0
0.164078 0
0.328316 0
0.582682 0
0.537472 0
0.119714 0
0.134538 0
1.643293 0
0.140799 0
0.019450 0
0.282590 0
1.232759 0
0.047696 0
0.516690 0
1.579263 0
0.392901 0
0.338914 0
0.030817 0
1.740568 0
0.298529 0
0.189116 0
0.310315 0
1.175039 0
0.311404 0
0.033969 0
0.472406 0
0.151377 0
0.680293 0
1.075775 0
0.172435 0
0.605624 0
0.520749 0
0.284662 0
0.835904 0
0.780810 0
0.034186 0
0.511134 0
0.235495 0
0.229181 0
0.024838 0
1.428597 0
0.123388 0
0.153085 0
0.037417 0
0.084937 0
1.396598 0
0.177806 0
0.623184 0
0.024888 0
0.284223 0
0.094304 0
0.122123 0
0.916067 0
0.086594 0
0.712596 0
0.640741 0
0.931312 0
0.387495 0
1.077122 0
0.716619 0
0.068892 0
0.898515 0
0.725578 0
0.655425 0
0.098668 0
0.056082 0
0.550467 0
1.462094 0
0.368014 0
0.965941 0
0.119865 0
0.250340 0
0.750807 0
0.442275 0
0.202109 0
0.099828 0
0.506162 0
0.511886 0
0.204598 0
0.513358 0
0.283120 0
0.421058 0
0.143031 0
0.083511 0
0.257631 0
1.281301 0
0.676584 0
0.124787 0
0.067304 0
0.268159 0
0.024605 0
0.329401 0
0.167979 0
0.186820 0
0.532535 0
0.150751 0
0.177504 0
0.181266 0
0.045003 0
0.183685 0
1.003622 0
0.344550 0
1.477400 0
0.358249 0
0.233438 0
0.020153 0
1.598808 0
0.116651 0
0.766854 0
0.181201 0
0.203626 0
0.120660 0
0.873934 0
0.016043 0
0.161711 0
0.544733 0
0.350828 0
0.073828 0
0.419510 0
0.563637 0
0.222246 0
0.061272 0
0.281916 0
0.533117 0
0.099110 0
0.096023 0
0.801299 0
0.263716 0
0.357731 0
0.191452 0
0.006118 0
0.290916 0
1.045109 0
0.312884 0
0.126695 0
0.844649 0
0.018930 0
0.155394 0
1.231046 0
0.239087 0
0.735886 0
0.578392 0
0.775853 0
0.215124 0
0.196418 0
0.184287 0
0.188274 0
0.526450 0
1.694906 0
0.217143 0
0.300997 0
0.244836 0
1.317822 0
0.029232 0
0.716485 0
0.316762 0
0.794030 0
0.964946 0
0.264284 0
1.162808 0
0.287210 0
0.061225 0
0.086477 0
0.378205 0
0.008360 0
0.022906 0
0.618249 0
0.044510 0
0.051935 0
0.101543 0
1.137883 0
0.793611 0
0.790025 0
0.836302 0
1.241910 0
0.326325 0
0.593672 0
0.338142 0
0.726420 0
0.076881 0
0.148965 0
0.506898 0
0.226609 0
0.614401 0
0.100825 0
0.440628 0
0.234584 0
0.548097 0
0.325898 0
0.198710 0
0.093521 0
0.066462 0
1.393553 0
1.161737 0
1.285567 0
0.023148 0
0.172523 0
0.575146 0
0.620700 0
0.688114 0
1.361011 0
0.338395 0
0.170912 0
0.721987 0
0.216474 0
0.624985 0
1.669450 0
0.572596 0
0.048170 0
0.719483 0
0.078906 0
0.247398 0
0.477783 0
0.434621 0
0.229462 0
0.236549 0
0.219853 0
0.182566 0
1.316563 0
0.268732 0
0.178391 0
0.298801 0
0.530858 0
0.662739 0
0.187784 0
0.341184 0
0.054516 0
1.632375 0
0.429186 0
0.790305 0
0.020299 0
0.161644 0
0.222953 0
0.039641 0
0.005225 0
0.242141 0
0.112246 0
0.522377 0
0.038208 0
0.273818 0
1.076387 0
0.792170 0
0.674868 0
0.602346 0
0.745370 0
0.326174 0
0.055383 0
1.526636 0
0.839687 0
0.406174 0
0.463886 0
0.437902 0
0.630911 0
0.427898 0
0.133817 0
0.466936 0
0.468226 0
1.397899 0
0.830826 0
0.154105 0
0.335562 0
0.510033 0
0.691147 0
1.028860 0
1.324149 0
0.441887 0
0.756293 0
0.558917 0
0.344167 0
1.029312 0
0.185815 0
0.381548 0
0.262763 0
0.197696 0
0.210712 0
0.209499 0
0.788874 0
0.566819 0
0.800714 0
0.199047 0
0.028795 0
0.334558 0
0.226486 0
1.302226 0
0.265705 0
0.357101 0
0.148455 0
0.102967 0
1.652125 0
0.124824 0
0.189097 0
0.447867 0
0.719616 0
0.457070 0
0.941242 0
0.154968 0
0.715509 0
1.334005 0
0.037363 0
0.680141 0
0.031173 0
0.433143 0
0.199841 0
0.014905 0
1.033788 0
0.111443 0
0.650222 0
0.013632 0
0.757159 0
0.013340 0
0.028429 0
0.220408 0
0.543317 0
0.960190 0
2.951818 0
0.199324 0
0.611986 0
0.101985 0
0.615928 0
0.122722 0
0.071916 0
0.520793 0
1.383096 0
0.166431 0
0.220325 0
1.257014 0
0.648732 0
0.507596 0
0.299814 0
0.335218 0
0.460829 0
0.221210 0
0.073216 0
1.623474 0
0.496844 0
0.056695 0
0.316179 0
0.616998 0
0.689130 0
1.446282 0
0.304555 0
0.242716 0
0.147147 0
0.726147 0
0.353386 0
0.363924 0
0.496274 0
0.787555 0
0.909976 0
0.534551 0
0.633817 0
0.559964 0
0.885829 0
1.243592 0
1.404924 0
0.170049 0
0.093235 0
0.429737 0
0.229696 0
0.435163 0
0.296477 0
0.197517 0
2.086866 0
0.145816 0
0.286998 0
1.241219 0
0.363566 0
0.592266 0
0.348195 0
0.227125 0
1.773512 0
0.566458 0
0.207859 0
0.456795 0
0.138736 0
0.047150 0
0.326722 0
0.278836 0
0.226108 0
0.157001 0
0.124300 0
1.008474 0
2.445323 0
0.067044 0
0.176245 0
0.499782 0
0.342874 0
0.814608 0
0.268905 0
0.222864 0
1.166896 0
0.046542 0
0.224626 0
0.016112 0
0.820967 0
0.681681 0
0.423065 0
0.268324 0
0.112932 0
0.280682 0
0.116294 0
0.490034 0
0.032229 0
0.408351 0
0.584455 0
0.267560 0
0.017303 0
1.199955 0
0.032639 0
0.022243 0
0.405666 0
0.033534 0
0.037396 0
1.182142 0
0.149772 0
0.203451 0
0.633008 0
1.018518 0
0.004295 0
1.421016 0
0.638031 0
0.376108 0
0.112974 0
0.262008 0
1.028825 0
0.025386 0
0.016091 0
0.261346 0
0.875204 0
0.673497 0
0.113557 0
0.990513 0
0.445518 0
0.734608 0
0.160833 0
0.313656 0
0.057747 0
1.435438 0
0.824591 0
0.506899 0
0.047474 0
0.343141 0
0.257981 0
0.246900 0
0.042792 0
0.735787 0
0.552971 0
0.907334 0
0.884870 0
0.002722 0
0.477888 0
0.557094 0
0.015647 0
1.334171 0
0.064986 0
0.509443 0
0.110665 0
0.290272 0
0.291319 0
0.676133 0
0.189686 0
1.466518 0
1.691477 0
1.254411 0
0.294007 0
0.268537 0
1.426026 0
1.896403 0
0.463359 0
0.182815 0
0.922893 0
1.221675 0
0.151489 0
0.221553 0
0.407467 0
0.243966 0
0.184332 0
1.664143 0
0.520241 0
0.308454 0
0.951578 0
0.275052 0
0.582302 0
0.825991 0
0.126142 0
0.190018 0
0.101490 0
1.242672 0
1.217089 0
0.595735 0
0.376666 0
0.604352 0
0.422299 0
0.149982 0
0.344638 0
0.478329 0
0.325817 0
1.655608 0
0.114131 0
0.443796 0
0.213402 0
0.181012 0
0.261562 0
1.750975 0
0.811399 0
0.138358 0
0.088154 0
0.112436 0
0.144385 0
0.611679 0
0.010587 0
0.640774 0
0.029353 0
0.051021 0
0.592221 0
0.285181 0
0.241728 0
0.166539 0
0.200986 0
0.683151 0
0.256210 0
0.918522 0
1.291369 0
0.559370 0
0.445655 0
0.461925 0
1.005379 0
0.259824 0
0.489068 0
0.486565 0
0.218399 0
0.077381 0
0.234006 0
1.070061 0
0.266560 0
0.741965 0
0.143803 0
0.673723 0
0.473487 0
0.174657 0
0.608331 0
0.316366 0
0.092812 0
0.314520 0
0.452053 0
0.749947 0
0.647807 0
0.673281 0
0.076534 0
1.547296 0
0.465349 0
0.058673 0
0.378083 0
1.367799 0
0.055901 0
0.269901 0
0.369414 0
1.198707 0
0.905156 0
0.625124 0
0.672516 0
0.856936 0
1.344726 0
0.519186 0
1.026852 0
1.797421 0
0.236598 0
0.345280 0
1.379340 0
0.310429 0
0.046401 0
0.118714 0
0.142020 0
0.330967 0
0.079175 0
0.984874 0
0.750724 0
0.158675 0
0.224081 0
0.401523 0
0.282664 0
1.294106 0
0.038468 0
0.668628 0
0.225598 0
0.411418 0
0.060346 0
0.092167 0
0.236777 0
0.206568 0
0.362869 0
1.424307 0
0.011611 0
0.877098 0
0.427196 0
0.774759 0
1.020908 0
0.718884 0
1.100563 0
0.038639 0
0.223840 0
0.560798 0
0.189564 0
0.195609 0
0.342771 0
0.657305 0
0.945187 0
0.212934 0
0.339550 0
1.093923 0
0.214534 0
0.514896 0
0.251388 0
0.131464 0
0.165331 0
0.252729 0
0.262273 0
1.420114 0
0.468664 0
0.663628 0
0.008646 0
0.575732 0
0.287610 0
0.043097 0
0.175181 0
0.567884 0
0.993310 0
0.040129 0
0.417255 0
0.021943 0
0.739347 0
0.874980 0
0.527843 0
0.030932 0
0.054908 0
0.466568 0
0.265582 0
0.495442 0
0.139676 0
0.327119 0
0.079800 0
0.045888 0
0.093703 0
0.947123 0
0.980732 0
0.206165 0
0.426226 0
0.839029 0
0.428863 0
0.230031 0
0.787997 0
0.121966 0
0.030117 0
0.020330 0
0.035023 0
1.530182 0
1.497060 0
0.635536 0
0.289232 0
0.602696 0
1.653997 0
1.121997 0
0.694350 0
0.361107 0
0.647041 0
0.366887 0
0.160620 0
0.907336 0
0.387240 0
0.124310 0
0.683524 0
0.145874 0
1.437830 0
0.232971 0
0.220872 0
0.026579 0
0.056252 0
0.034173 0
0.169415 0
0.903215 0
1.362577 0
0.512737 0
0.745505 0
0.029020 0
0.316595 0
0.294528 0
0.078580 0
0.033772 0
0.579872 0
1.851519 0
1.477247 0
0.157131 0
0.545726 0
0.312988 0
0.073190 0
0.289532 0
0.187171 0
0.157512 0
0.072836 0
1.488805 0
0.773965 0
1.604621 0
0.612192 0
0.079875 0
0.783576 0
0.371870 0
0.696747 0
0.201032 0
0.011498 0
0.065260 0
0.142630 0
1.620642 0
0.631342 0
0.393146 0
0.413770 0
0.278627 0
1.153097 0
0.527634 0
0.544423 0
0.345858 0
1.513500 0
0.401952 0
1.269786 0
0.081993 0
0.038472 0
1.283112 0
1.860299 0
0.518109 0
0.038109 0
1.190567 0
1.110331 0
0.228058 0
0.487795 0
0.775826 0
0.608989 0
0.042113 0
0.402119 0
0.116591 0
0.972412 0
0.815841 0
0.494152 0
0.463477 0
0.026227 0
0.539699 0
0.170228 0
0.729273 0
0.440211 0
1.584211 0
0.206669 0
1.556094 0
0.297351 0
0.786591 0
0.294569 0
0.161405 0
0.126351 0
0.158485 0
1.106740 0
1.626729 0
1.421894 0
0.702652 0
0.727948 0
0.310141 0
0.397633 0
0.821869 0
0.154638 0
0.571357 0
1.196279 0
0.508568 0
0.338768 0
0.426667 0
0.195585 0
0.297042 0
0.300693 0
0.416859 0
0.837785 0
0.031396 0
0.747123 0
0.279202 0
1.402960 0
0.774038 0
0.039050 0
0.156706 0
0.113335 0
0.542660 0
0.157717 0
0.260607 0
0.362995 0
0.636782 0
0.671023 0
0.303130 0
0.060003 0
0.277562 0
0.023107 0
0.107181 0
0.049877 0
0.449372 0
0.290595 0
0.858654 0
0.202039 0
0.199753 0
0.790387 0
0.141287 0
0.028252 0
1.105247 0
0.393664 0
0.565899 0
0.141028 0
0.185998 0
0.590875 0
0.189462 0
0.745782 0
0.060367 0
2.344540 0
0.213972 0
0.031417 0
0.572159 0
0.036239 0
0.171488 0
0.404198 0
0.215941 0
1.020319 0
0.096506 0
0.022879 0
0.978015 0
0.268460 0
0.021796 0
0.014046 0
1.272592 0
0.213304 0
0.332341 0
0.110227 0
0.668775 0
0.010855 0
0.933794 0
0.055260 0
0.259207 0
0.073076 0
0.152801 0
0.806382 0
0.111188 0
0.944219 0
0.270162 0
0.032772 0
0.130334 0
1.076465 0
1.192672 0
0.522560 0
0.006016 0
0.567562 0
0.361475 0
0.164824 0
0.424578 0
0.888142 0
0.348236 0
0.103625 0
0.018312 0
0.309602 0
0.819835 0
0.039954 0
0.501627 0
0.031042 0
0.547023 0
0.058804 0
0.801631 0
0.052330 0
0.935350 0
0.317614 0
0.453727 0
0.124566 0
0.867420 0
0.071378 0
0.406737 0
0.642715 0
0.757660 0
0.472635 0
1.277529 0
0.496272 0
1.016472 0
0.092471 0
0.134329 0
1.103435 0
0.184240 0
0.685742 0
0.146177 0
1.226617 0
0.223394 0
0.440446 0
0.105145 0
0.413998 0
0.223276 0
0.317859 0
0.449579 0
0.574876 0
0.169438 0
0.507513 0
0.195478 0
0.074133 0
0.501604 0
0.496031 0
0.758257 0
0.077600 0
0.616171 0
0.194426 0
0.037835 0
0.622099 0
0.826431 0
0.358995 0
0.405333 0
0.561884 0
0.130048 0
0.357425 0
0.192793 0
0.399321 0
0.100621 0
0.650450 0
0.752759 0
0.010782 0
0.519285 0
0.562949 0
0.031272 0
0.743462 0
0.244050 0
0.870195 0
0.194358 0
0.483981 0
0.415279 0
0.098120 0
0.164119 0
0.174028 0
0.040102 0
1.397248 0
1.153150 0
0.054753 0
1.041353 0
0.070842 0
1.247075 0
1.152745 0
0.552717 0
1.598733 0
0.787340 0
0.035987 0
0.430895 0
0.036762 0
0.264329 0
0.826383 0
0.140124 0
0.313744 0
0.262245 0
1.575254 0
0.060518 0
0.058228 0
0.050454 0
0.088263 0
1.124261 0
0.160470 0
0.314870 0
0.672463 0
0.021960 0
0.887126 0
0.007180 0
0.395118 0
0.430117 0
0.762628 0
0.143466 0
1.435710 0
0.425316 0
0.398613 0
0.031565 0
0.198893 0
0.502596 0
0.283035 0
0.924987 0
1.376297 0
0.710077 0
0.219765 0
0.904249 0
0.675585 0
1.412779 0
0.439456 0
0.214119 0
1.475123 0
0.707963 0
0.580109 0
0.363073 0
0.442674 0
1.844183 0
0.362404 0
0.172474 0
0.424484 0
1.414625 0
1.367607 0
0.106902 0
0.519442 0
0.644940 0
0.243409 0
0.148353 0
0.037212 0
0.114998 0
0.054987 0
0.313097 0
1.393703 0
0.152182 0
0.062360 0
0.124602 0
0.183163 0
1.220631 0
0.584583 0
1.030878 0
0.141458 0
0.823644 0
0.568543 0
1.727154 0
0.889844 0
0.149735 0
0.600733 0
0.675461 0
0.466295 0
0.088419 0
1.479755 0
1.069364 0
1.247723 0
0.935002 0
0.338566 0
0.523879 0
1.494004 0
0.812625 0
0.057356 0
0.418700 0
1.260265 0
0.585142 0
0.355664 0
0.562840 0
0.171511 0
0.377207 0
0.210633 0
0.046393 0
0.349950 0
1.220053 0
0.297608 0
0.539945 0
0.332000 0
0.122601 0
0.881145 0
0.121003 0
0.171262 0
1.808960 0
0.077442 0
1.634568 0
0.416150 0
0.930441 0
1.312086 0
0.956299 0
0.755208 0
0.145104 0
0.164288 0
0.823423 0
0.455737 0
0.235135 0
0.571075 0
0.762162 0
0.005941 0
0.114037 0
0.312716 0
0.050334 0
0.705362 0
0.281559 0
0.917153 0
0.017397 0
0.968601 0
0.273202 0
0.009338 0
0.180036 0
1.295149 0
0.517004 0
0.633309 0
1.449185 0
0.419269 0
0.256185 0
0.061925 0
0.393498 0
0.090400 0
0.533252 0
0.064420 0
1.180730 0
0.358737 0
0.324191 0
0.046691 0
0.281509 0
0.046518 0
0.603007 0
0.538677 0
1.064224 0
1.143908 0
0.270257 0
0.273708 0
0.595345 0
0.014189 0
0.547934 0
0.323314 0
0.550234 0
1.217690 0
1.011865 0
0.713167 0
0.038483 0
0.888295 0
0.502864 0
0.112866 0
0.495843 0
0.191737 0
0.176331 0
1.657187 0
0.039304 0
0.712926 0
0.599052 0
1.010794 0
0.400487 0
0.830972 0
0.358213 0
0.488162 0
0.183977 0
0.359345 0
0.015324 0
0.534285 0
0.919187 0
0.106981 0
0.077046 0
0.113293 0
0.870902 0
0.029238 0
0.250421 0
0.499365 0
0.537993 0
0.317928 0
0.149104 0
0.437926 0
0.908816 0
0.192038 0
0.468243 0
0.454750 0
0.218142 0
1.000479 0
0.051709 0
0.569660 0
1.220856 0
0.167512 0
0.542837 0
0.093059 0
0.555694 0
0.002457 0
0.288713 0
0.785595 0
0.115521 0
0.159057 0
0.221405 0
0.286286 0
0.714310 0
0.118253 0
0.216254 0
0.223843 0
0.429164 0
1.423925 0
0.756912 0
0.276570 0
0.407575 0
1.020819 0
0.330626 0
0.059570 0
0.991247 0
0.325000 0
0.707843 0
0.486735 0
0.136832 0
0.170684 0
0.140088 0
0.379840 0
0.088047 0
0.163892 0
0.261371 0
0.901921 0
0.581645 0
1.175688 0
1.078279 0
0.125151 0
0.123789 0
0.219416 0
0.496661 0
0.626813 0
0.792606 0
0.912970 0
0.274195 0
0.079298 0
1.196698 0
0.110324 0
0.812228 0
0.057409 0
0.183641 0
0.733578 0
0.054597 0
0.328991 0
0.040797 0
0.812026 0
1.218336 0
0.082038 0
0.298542 0
0.384690 0
0.294935 0
0.497191 0
0.835657 0
0.332078 0
0.043086 0
0.619706 0
1.088082 0
0.163778 0
0.053564 0
0.256995 0
0.495112 0
0.357600 0
0.115979 0
0.500866 0
0.585861 0
0.688959 0
0.254563 0
0.496189 0
0.811769 0
1.119159 0
0.034362 0
0.135259 0
0.090355 0
0.191811 0
0.101223 0
0.543466 0
0.048242 0
1.809707 0
0.867829 0
0.325533 0
0.208281 0
0.026244 0
0.914766 0
0.075898 0
1.020815 0
0.214890 0
0.196066 0
0.704693 0
0.032703 0
0.504372 0
0.506608 0
0.532625 0
0.078071 0
0.150468 0
0.045092 0
0.008167 0
1.280467 0
0.454606 0
0.331130 0
0.596996 0
0.771672 0
0.064686 0
0.456734 0
1.087811 0
1.441466 0
0.180201 0
0.144114 0
0.128762 0
0.182099 0
0.059516 0
0.049160 0
0.109728 0
0.134810 0
0.052235 0
0.006442 0
0.096590 0
0.656149 0
0.382385 0
0.258354 0
0.359871 0
0.355647 0
1.411447 0
1.369041 0
0.325809 0
0.161160 0
0.796202 0
0.231453 0
0.084150 0
0.846453 0
0.415176 0
0.580527 0
0.414318 0
0.260603 0
0.193571 0
0.486861 0
0.193942 0
0.253202 0
0.038611 0
1.363877 0
0.191814 0
0.911968 0
0.473989 0
1.160887 0
0.638304 0
0.467775 0
0.422538 0
0.188051 0
0.429973 0
0.730154 0
0.322385 0
0.982850 0
1.549806 0
0.345407 0
0.578483 0
0.166397 0
0.736655 0
0.412597 0
0.189824 0
0.349084 0
0.103601 0
0.257598 0
0.299658 0
0.778116 0
0.180604 0
0.054874 0
0.955419 0
1.905298 0
1.485932 0
0.997950 0
1.614227 0
0.163671 0
0.729562 0
0.419266 0
0.723196 0
1.009750 0
0.781307 0
0.164363 0
0.895417 0
1.160354 0
0.164369 0
0.101192 0
0.177408 0
0.201391 0
0.130941 0
0.118443 0
0.386923 0
0.130988 0
0.196536 0
0.589740 0
0.129998 0
0.162580 0
0.517067 0
0.301333 0
1.483759 0
0.429404 0
0.003159 0
1.167690 0
1.505540 0
0.562990 0
0.408298 0
0.650306 0
0.619066 0
0.021673 0
0.140042 0
0.527251 0
0.309444 0
0.018295 0
0.936875 0
1.416845 0
0.015488 0
0.560673 0
0.870812 0
0.692061 0
0.103553 0
0.074508 0
0.403041 0
0.565952 0
0.232353 0
0.541004 0
0.778735 0
0.197506 0
0.208897 0
0.553999 0
0.717291 0
0.213744 0
0.684681 0
0.397743 0
1.294088 0
0.928027 0
0.642147 0
0.046104 0
0.099958 0
0.201504 0
1.147347 0
0.915353 0
0.186312 0
0.455853 0
0.252627 0
1.151408 0
0.053725 0
0.142439 0
0.073872 0
0.351201 0
0.342143 0
0.199869 0
0.823707 0
1.182576 0
0.404765 0
0.153609 0
0.085481 0
0.651623 0
0.043085 0
0.303372 0
0.324158 0
0.118342 0
0.078169 0
0.206762 0
0.269256 0
0.180771 0
0.621394 0
0.230063 0
1.148544 0
0.113296 0
0.276977 0
0.378746 0
1.391184 0
0.747800 0
0.030366 0
0.527349 0
1.012894 0
0.421482 0
0.604519 0
0.770883 0
0.128553 0
0.039099 0
0.117426 0
0.751550 0
1.372780 0
0.365589 0
1.211372 0
0.073867 0
1.364672 0
0.220837 0
0.490825 0
0.410592 0
0.306290 0
0.130865 0
0.302774 0
0.233172 0
0.921137 0
0.593810 0
0.821005 0
0.770433 0
1.270586 0
0.154391 0
0.419957 0
1.866253 0
0.025284 0
1.248801 0
0.725843 0
0.099846 0
0.264142 0
0.205025 0
0.461315 0
0.143117 0
1.728580 0
0.292635 0
0.271754 0
0.502002 0
1.698766 0
0.122792 0
0.504079 0
0.906137 0
1.093045 0
1.044385 0
1.430028 0
0.214469 0
0.509909 0
0.867741 0
0.838167 0
0.850319 0
0.107797 0
0.115381 0
0.385020 0
0.135569 0
0.097901 0
1.759279 0
1.408700 0
0.158187 0
0.137154 0
1.379185 0
0.080055 0
0.378269 0
0.643089 0
0.598347 0
0.296977 0
0.595988 0
0.085336 0
0.034537 0
0.095862 0
0.087855 0
1.706352 0
0.086346 0
0.179362 0
0.281820 0
0.615165 0
0.577001 0
0.616092 0
0.364314 0
0.217328 0
1.492121 0
0.283685 0
0.926331 0
0.374509 0
0.282094 0
0.356044 0
0.009121 0
0.113577 0
0.281831 0
1.068289 0
0.559371 0
0.068954 0
0.427730 0
0.075068 0
0.475635 0
0.328071 0
0.255993 0
0.187392 0
0.124640 0
0.147194 0
0.154124 0
0.761108 0
0.702229 0
1.077784 0
0.357400 0
0.022818 0
0.096698 0
0.462424 0
0.194964 0
0.289841 0
0.461246 0
0.826588 0
0.282460 0
0.531366 0
0.239691 0
0.142023 0
0.152994 0
0.473405 0
0.555347 0
0.834459 0
0.328185 0
0.070320 0
0.161326 0
0.319021 0
0.324644 0
1.491119 0
0.230807 0
0.408556 0
0.275455 0
0.298644 0
0.010267 0
0.453105 0
0.070879 0
0.159640 0
0.636416 0
0.536427 0
1.156927 0
0.136131 0
0.478288 0
0.167686 0
0.074152 0
0.084338 0
0.312465 0
0.094666 0
0.549352 0
0.178704 0
0.099192 0
0.360727 0
1.338562 0
0.533543 0
0.217820 0
1.078005 0
0.282705 0
0.908221 0
0.711602 0
1.436081 0
0.488706 0
0.026167 0
0.020481 0
0.086697 0
0.226156 0
0.111571 0
0.051322 0
0.228320 0
0.026813 0
0.207558 0
0.049051 0
0.062320 0
0.502108 0
0.214344 0
0.600056 0
0.446689 0
0.182590 0
0.335829 0
0.318025 0
0.287724 0
1.177924 0
0.931759 0
0.047119 0
1.061386 0
0.792549 0
0.933383 0
0.849939 0
1.005689 0
0.153649 0
0.496292 0
0.258208 0
1.447627 0
1.240809 0
1.636904 0
0.266551 0
0.414129 0
0.693374 0
0.055818 0
1.310682 0
0.212824 0
1.114697 0
0.989451 0
0.040031 0
0.228088 0
0.008454 0
1.019400 0
0.059333 0
0.690912 0
0.319641 0
1.338427 0
0.191272 0
0.125651 0
2.167718 0
0.310485 0
0.031110 0
0.133397 0
1.700988 0
0.357370 0
0.815096 0
0.626902 0
0.317405 0
0.182911 0
0.153985 0
0.482165 0
0.651809 0
1.374604 0
0.223739 0
1.553067 0
1.415800 0
1.542490 0
0.283658 0
0.095497 0
0.225305 0
0.891393 0
0.124377 0
1.473788 0
1.319536 0
0.639755 0
0.317465 0
0.776003 0
0.056333 0
0.779909 0
0.306007 0
0.146172 0
0.130984 0
0.898738 0
0.898376 0
1.051595 0
0.102019 0
0.392409 0
0.200364 0
0.712661 0
0.201038 0
0.086163 0
0.037295 0
0.329592 0
0.357699 0
0.228178 0
0.371392 0
0.421841 0
0.023219 0
0.132637 0
1.367516 0
0.133523 0
1.074577 0
0.216129 0
0.232916 0
0.633434 0
0.939017 0
0.098162 0
0.889377 0
0.209856 0
0.221181 0
0.057617 0
0.078500 0
0.088816 0
0.489921 0
0.908853 0
0.889123 0
0.293239 0
0.887759 0
0.058260 0
0.347067 0
0.241327 0
0.318853 0
0.929584 0
0.029786 0
0.088306 0
1.065224 0
0.384573 0
1.024172 0
0.026825 0
0.478741 0
0.093775 0
0.995957 0
1.393733 0
0.148345 0
0.878071 0
0.263287 0
0.198537 0
1.212004 0
0.023844 0
0.524412 0
0.242223 0
1.056841 0
0.158061 0
0.062258 0
0.497798 0
0.440629 0
0.178996 0
1.281245 0
0.109233 0
0.431995 0
0.305049 0
0.191819 0
0.879335 0
0.938963 0
0.878025 0
0.043955 0
0.127053 0
0.959200 0
1.560162 0
1.336412 0
0.093880 0
0.194300 0
0.121929 0
0.336629 0
0.660157 0
0.911652 0
0.054831 0
0.209717 0
0.071431 0
0.362561 0
0.031559 0
0.688251 0
0.982954 0
0.265950 0
1.472517 0
0.069725 0
1.468543 0
0.272811 0
0.177367 0
0.173606 0
0.911163 0
0.300250 0
0.413522 0
0.232116 0
0.390802 0
0.086324 0
1.927536 0
0.281419 0
0.451687 0
0.011472 0
0.210970 0
0.322297 0
0.054730 0
0.525606 0
0.304497 0
0.279228 0
0.840120 0
0.486292 0
0.016415 0
1.154087 0
0.994027 0
1.265018 0
0.393643 0
0.269059 0
0.222353 0
0.488006 0
1.754221 0
0.389442 0
0.324195 0
1.167656 0
0.026448 0
0.042862 0
0.072069 0
0.068861 0
0.866405 0
0.527818 0
1.484661 0
0.295073 0
0.040196 0
0.223297 0
0.023749 0
1.307525 0
0.087465 0
0.240183 0
0.408952 0
1.377813 0
0.379593 0
0.291757 0
1.546770 0
0.713030 0
0.894086 0
0.624558 0
0.180669 0
0.013645 0
0.525215 0
0.081784 0
0.071502 0
0.319405 0
1.051610 0
0.008644 0
0.822568 0
0.208227 0
0.874864 0
0.315691 0
0.235815 0
0.602616 0
1.085071 0
0.531920 0
0.192654 0
0.102151 0
1.443585 0
1.155764 0
0.081988 0
1.006492 0
0.287248 0
0.105762 0
0.101823 0
0.215947 0
0.364358 0
0.260948 0
0.189994 0
0.280349 0
0.279603 0
0.293417 0
0.492317 0
1.459181 0
0.988422 0
1.817530 0
0.594447 0
0.157054 0
1.427243 0
1.385620 0
0.352530 0
0.136867 0
1.260903 0
0.721669 0
0.265264 0
0.829907 0
0.136286 0
0.042450 0
0.196072 0
0.131841 0
0.064190 0
0.286518 0
1.043230 0
0.079998 0
0.303556 0
0.045637 0
0.378734 0
0.080465 0
1.012363 0
0.394825 0
0.104031 0
0.068213 0
0.468714 0
0.015588 0
0.251440 0
0.326929 0
0.101957 0
0.581514 0
0.327502 0
0.396766 0
1.427089 0
0.248904 0
0.931138 0
0.244018 0
0.417906 0
0.937987 0
0.280253 0
0.160937 0
0.220791 0
0.918624 0
0.019094 0
0.579950 0
0.533579 0
0.391432 0
0.625685 0
0.438733 0
0.435823 0
0.020923 0
0.243325 0
0.010537 0
0.370591 0
0.168463 0
0.141678 0
0.118773 0
1.976823 0
0.213252 0
0.227072 0
0.503498 0
0.783968 0
0.334912 0
0.370161 0
0.467732 0
0.012590 0
0.459678 0
0.255084 0
0.210586 0
0.505490 0
0.801699 0
0.340083 0
0.043471 0
1.015785 0
1.408423 0
0.977869 0
0.086915 0
1.374533 0
0.101873 0
0.287188 0
0.337128 0
0.872528 0
1.804426 0
0.247014 0
0.276255 0
1.152668 0
0.942427 0
0.320149 0
0.528157 0
1.068195 0
0.550164 0
0.599414 0
0.021694 0
1.583318 0
0.358428 0
1.328410 0
0.560746 0
0.859640 0
0.191515 0
0.126567 0
0.575524 0
0.051525 0
0.650161 0
0.908634 0
0.154009 0
0.024003 0
0.914999 0
0.345344 0
0.306477 0
0.114410 0
1.061898 0
0.209451 0
0.640340 0
0.244219 0
0.112466 0
0.596082 0
0.290805 0
0.007320 0
1.042116 0
0.276851 0
0.056620 0
0.052991 0
0.013114 0
0.094156 0
0.054966 0
0.447555 0
0.746987 0
0.391728 0
0.148198 0
0.710774 0
0.199888 0
0.833965 0
1.451337 0
1.009531 0
0.054506 0
0.101434 0
0.145008 0
0.777876 0
0.177305 0
0.851249 0
0.112373 0
0.097833 0
0.592730 0
0.178810 0
0.155314 0
0.607283 0
0.995340 0
0.498846 0
1.892783 0
0.736215 0
0.299530 0
0.028130 0
0.108385 0
0.847336 0
0.141475 0
1.343394 0
0.242928 0
0.022831 0
0.327388 0
0.905709 0
0.061356 0
0.818539 0
0.283223 0
0.213507 0
0.797699 0
0.288661 0
0.197769 0
0.148676 0
0.113050 0
0.775494 0
0.565000 0
0.930242 0
0.324585 0
0.113432 0
0.144890 0
0.503441 0
0.215347 0
1.336264 0
0.915628 0
0.381216 0
0.744162 0
0.108233 0
0.168927 0
0.527793 0
0.198965 0
0.290286 0
0.337747 0
0.286546 0
0.039019 0
0.346375 0
0.171796 0
0.909839 0
0.771331 0
0.174660 0
0.019674 0
1.357476 0
1.088148 0
0.352963 0
0.226610 0
0.342784 0
0.376847 0
1.440812 0
1.137151 0
0.888586 0
0.864469 0
0.202434 0
0.028979 0
1.519365 0
1.420877 0
0.374247 0
0.286921 0
0.557582 0
0.211510 0
0.111934 0
0.359588 0
0.578538 0
1.166637 0
0.810147 0
1.482658 0
0.619107 0
0.471835 0
0.221316 0
0.758479 0
0.597575 0
0.179346 0
0.295597 0
0.182418 0
1.560204 0
0.661122 0
0.128238 0
0.038252 0
1.506134 0
0.170821 0
0.309309 0
0.087959 0
1.107708 0
1.670065 0
0.224375 0
0.184744 0
1.109612 0
0.349230 0
1.377220 0
0.850451 0
1.026413 0
0.109153 0
0.025456 0
0.050046 0
0.134773 0
0.030099 0
1.058487 0
0.616457 0
1.050571 0
0.036347 0
0.412418 0
0.409290 0
0.481433 0
0.186318 0
0.013275 0
0.813468 0
0.510985 0
0.728560 0
0.342191 0
0.372916 0
0.416810 0
0.302745 0
0.457525 0
0.240728 0
1.254173 0
0.430927 0
0.056059 0
0.152315 0
0.653889 0
0.134989 0
0.370392 0
0.559148 0
0.258025 0
0.353001 0
0.108775 0
0.404286 0
0.150887 0
0.322669 0
0.141259 0
0.830877 0
0.239386 0
0.137149 0
0.108230 0
0.116737 0
0.990622 0
0.220996 0
0.659553 0
0.047317 0
0.136798 0
1.260544 0
0.052786 0
0.904070 0
0.161850 0
0.306564 0
0.069117 0
0.159133 0
0.916635 0
0.651308 0
1.676062 0
0.558783 0
0.880838 0
0.694241 0
0.060524 0
0.551299 0
1.133114 0
0.193663 0
0.460011 0
0.291098 0
0.511427 0
1.576969 0
1.411229 0
0.020207 0
0.085756 0
0.572888 0
0.652673 0
0.668679 0
0.416077 0
1.447947 0
0.090649 0
0.234197 0
1.456632 0
0.552998 0
0.047641 0
0.425128 0
0.267192 0
0.007175 0
0.910206 0
0.115682 0
0.542908 0
0.335625 0
0.340299 0
1.475407 0
1.062358 0
0.834032 0
0.512393 0
0.263709 0
0.535206 0
0.481901 0
0.438380 0
0.773731 0
0.914355 0
0.534144 0
0.326666 0
0.218127 0
0.355748 0
0.689753 0
0.230591 0
1.126946 0
0.109030 0
0.216380 0
0.247908 0
0.097906 0
1.529342 0
0.315823 0
0.187101 0
0.064700 0
0.060154 0
0.667461 0
0.588725 0
0.675247 0
0.505405 0
0.559159 0
0.887299 0
0.392781 0
0.684555 0
0.200612 0
0.251572 0
0.256915 0
0.388689 0
0.955586 0
0.298690 0
0.189742 0
0.264752 0
0.105937 0
0.780371 0
0.179882 0
1.227213 0
0.291641 0
0.462893 0
0.469278 0
0.026028 0
0.348042 0
0.271412 0
0.415762 0
0.561157 0
0.947318 0
0.724088 0
1.122827 0
0.469034 0
0.059095 0
1.020497 0
0.073877 0
0.355202 0
0.118819 0
1.180115 0
0.157423 0
1.487378 0
0.411510 0
0.545547 0
0.097449 0
0.405203 0
0.636067 0
0.545253 0
0.099611 0
1.350539 0
0.464018 0
0.134996 0
0.167486 0
0.268959 0
1.012353 0
0.842021 0
0.092862 0
1.077406 0
1.368729 0
0.334232 0
1.043997 0
0.535457 0
1.075452 0
0.025630 0
0.077395 0
0.299512 0
0.745868 0
0.818751 0
1.418999 0
0.891713 0
0.343389 0
1.519688 0
0.109512 0
0.135102 0
0.669825 0
0.814563 0
0.671314 0
0.110418 0
0.330990 0
0.258459 0
0.354965 0
0.444252 0
0.572035 0
1.366218 0
0.893121 0
0.206555 0
0.169480 0
0.243828 0
0.492408 0
1.346290 0
0.270410 0
0.369216 0
0.231731 0
0.132775 0
0.219306 0
0.256133 0
0.007207 0
1.197528 0
0.201145 0
0.515720 0
0.083119 0
0.921391 0
0.807956 0
0.807385 0
0.451431 0
0.101542 0
0.800277 0
0.142410 0
0.060357 0
1.130668 0
0.202876 0
0.882252 0
1.448257 0
0.732085 0
0.887898 0
1.444826 0
0.795433 0
1.172747 0
0.767752 0
1.418927 0
0.081168 0
0.707950 0
0.338220 0
0.074240 0
0.147169 0
0.037257 0
0.462398 0
0.962714 0
0.084168 0
0.562456 0
0.974311 0
0.300193 0
0.257908 0
0.329339 0
0.234130 0
0.171058 0
0.824948 0
0.496782 0
0.072535 0
0.254845 0
0.123007 0
0.752038 0
0.232602 0
0.195479 0
0.108482 0
0.883251 0
1.023854 0
1.459768 0
0.246848 0
0.995741 0
1.409712 0
0.167585 0
0.627199 0
0.210678 0
0.372779 0
0.844970 0
0.306553 0
0.205668 0
0.494318 0
1.078754 0
0.740336 0
0.129265 0
0.805194 0
0.299325 0
0.149462 0
0.315156 0
0.095502 0
0.038508 0
0.084890 0
0.831444 0
0.379918 0
0.050404 0
1.435807 0
0.294152 0
1.391476 0
1.180877 0
0.031173 0
0.065057 0
0.939918 0
0.524137 0
0.305852 0
0.400968 0
0.301567 0
0.256306 0
1.244486 0
0.135367 0
0.337295 0
0.206046 0
0.393063 0
0.637815 0
0.092027 0
0.660584 0
0.874861 0
0.260899 0
0.644171 0
0.869612 0
0.190927 0
0.222026 0
0.917683 0
0.140840 0
0.729327 0
0.282595 0
0.006880 0
0.317002 0
0.506906 0
0.069561 0
0.971338 0
0.315066 0
1.430763 0
0.361937 0
0.511542 0
0.387451 0
0.530695 0
1.423195 0
0.827697 0
0.442853 0
0.179605 0
0.211101 0
0.258453 0
0.370706 0
0.101711 0
0.326649 0
0.382222 0
0.565647 0
0.070340 0
0.060959 0
0.680813 0
0.367756 0
0.327539 0
0.082447 0
0.156691 0
0.327854 0
0.859755 0
0.260252 0
0.276193 0
1.045062 0
0.049136 0
0.175290 0
0.214740 0
0.083508 0
0.481944 0
1.339819 0
0.220359 0
0.222749 0
0.318722 0
0.264341 0
0.794132 0
0.153479 0
0.979147 0
0.257659 0
0.711199 0
1.196141 0
0.950033 0
1.366974 0
0.984086 0
0.287861 0
0.788215 0
0.083307 0
0.841976 0
0.009817 0
0.246874 0
0.281753 0
0.141672 0
0.318531 0
0.076399 0
1.182581 0
0.642279 0
0.005582 0
0.441296 0
0.319016 0
1.820176 0
0.035706 0
0.011705 0
0.520751 0
0.031279 0
0.531530 0
0.089376 0
0.581542 0
0.190033 0
0.259111 0
0.080981 0
0.735450 0
0.913463 0
0.028003 0
0.041513 0
0.087393 0
0.130268 0
0.241374 0
0.172356 0
1.934370 0
0.040566 0
0.436478 0
1.229665 0
0.762710 0
0.821283 0
0.865590 0
0.382785 0
0.482985 0
0.046648 0
0.057864 0
0.876063 0
0.027700 0
0.016335 0
0.050715 0
0.136307 0
0.877849 0
0.143868 0
0.931330 0
0.045797 0
0.410540 0
0.338893 0
0.642305 0
0.661842 0
0.174274 0
0.189560 0
0.251846 0
0.021918 0
0.008696 0
0.102495 0
0.905363 0
0.259480 0
0.032795 0
1.144823 0
0.592858 0
1.097057 0
1.588059 0
0.442618 0
1.514479 0
1.125868 0
0.344874 0
0.391047 0
1.086838 0
0.078554 0
0.528966 0
0.455202 0
0.303963 0
1.068475 0
1.073074 0
0.825004 0
0.196278 0
0.435798 0
0.089393 0
1.175002 0
0.332869 0
0.389883 0
1.060595 0
0.305192 0
0.191579 0
0.257913 0
0.030599 0
0.699436 0
0.585529 0
0.304989 0
1.283169 0
0.048170 0
0.186514 0
1.443916 0
0.593391 0
0.096000 0
0.630610 0
0.071174 0
0.212272 0
0.586882 0
0.509470 0
0.054991 0
1.162299 0
0.357243 0
0.079975 0
0.548842 0
0.500650 0
0.299213 0
0.073720 0
0.597938 0
0.354708 0
0.689922 0
0.557558 0
0.838308 0
0.398531 0
0.539142 0
0.245602 0
0.787781 0
0.093424 0
0.293929 0
0.757799 0
1.368100 0
0.231097 0
0.177200 0
1.213593 0
1.379805 0
0.845374 0
0.703060 0
0.549314 0
0.009035 0
0.648857 0
0.176878 0
0.300277 0
0.062683 0
0.542815 0
0.092237 0
0.906870 0
1.579742 0
0.071598 0
0.440618 0
0.324458 0
1.376730 0
0.991130 0
0.102570 0
0.620410 0
0.002730 0
0.186847 0
1.194719 0
0.629643 0
0.508776 0
0.469237 0
0.350245 0
0.102763 0
0.988349 0
0.073827 0
0.577750 0
0.458080 0
0.736143 0
0.527239 0
0.328114 0
0.545584 0
0.480908 0
0.078700 0
0.986443 0
0.851252 0
0.902972 0
0.126404 0
0.485668 0
0.346827 0
0.157575 0
0.885216 0
0.065139 0
0.433943 0
0.119991 0
0.184097 0
0.234381 0
0.573876 0
0.366336 0
0.486565 0
0.055931 0
0.040581 0
1.402422 0
0.141576 0
0.901732 0
0.024958 0
0.275693 0
0.041315 0
0.149367 0
0.271723 0
0.247932 0
1.666478 0
0.469549 0
0.607033 0
0.125696 0
0.195187 0
1.301299 0
0.398507 0
0.689224 0
0.895553 0
0.602486 0
0.315566 0
0.307091 0
0.075425 0
0.642235 0
0.210762 0
1.524652 0
0.706701 0
1.023121 0
0.208482 0
0.072273 0
0.112520 0
0.399254 0
0.137986 0
0.142903 0
0.758532 0
0.441628 0
0.061596 0
0.566401 0
0.932151 0
0.676364 0
0.316481 0
0.426163 0
0.183386 0
0.972280 0
0.335498 0
1.159101 0
0.165443 0
0.109471 0
1.556628 0
0.577685 0
0.066679 0
0.179908 0
1.450418 0
1.426080 0
0.507758 0
0.857474 0
0.041044 0
0.233949 0
0.324041 0
0.196760 0
0.061291 0
1.156864 0
0.394312 0
1.559854 0
1.056551 0
0.900707 0
0.010993 0
1.146524 0
0.088001 0
0.872997 0
0.298498 0
0.339704 0
0.204597 0
0.014576 0
0.630909 0
1.495553 0
0.631902 0
0.915531 0
0.803549 0
1.085216 0
1.004921 0
0.568890 0
0.471456 0
0.233989 0
1.406809 0
0.395455 0
0.951008 0
0.488996 0
0.272639 0
0.227484 0
0.933651 0
1.396690 0
0.344133 0
0.055543 0
0.134712 0
0.454036 0
0.394311 0
0.133937 0
0.414615 0
0.281092 0
0.222642 0
0.603081 0
0.028077 0
0.394848 0
0.469750 0
0.784926 0
0.784886 0
0.185185 0
0.071341 0
0.758295 0
0.372784 0
0.210704 0
0.820946 0
0.673715 0
0.052982 0
0.946054 0
0.773606 0
1.369452 0
0.030032 0
0.810085 0
0.432776 0
0.136658 0
0.248575 0
0.398829 0
0.056162 0
0.145624 0
0.055154 0
1.381265 0
0.084327 0
0.418030 0
0.563751 0
0.041945 0
0.469243 0
0.704630 0
0.362385 0
0.253250 0
0.314911 0
0.084577 0
1.477508 0
1.099641 0
0.018034 0
0.376419 0
0.018527 0
1.101543 0
1.227558 0
0.421515 0
0.203290 0
0.241725 0
0.997996 0
1.341862 0
0.613970 0
0.034783 0
0.642370 0
0.451506 0
0.103247 0
1.539998 0
0.284566 0
0.139641 0
0.064598 0
0.250859 0
1.124245 0
0.724374 0
0.642670 0
0.041829 0
0.706394 0
0.013665 0
0.157043 0
0.555957 0
0.024778 0
0.020471 0
0.025117 0
0.294769 0
0.202343 0
0.084590 0
1.101010 0
0.088796 0
1.000791 0
1.021025 0
0.091781 0
0.011377 0
0.008070 0
0.043109 0
0.621114 0
0.620194 0
0.139236 0
0.133266 0
0.312632 0
0.750413 0
0.488808 0
0.638282 0
1.400564 0
0.600212 0
1.085721 0
0.447021 0
0.420314 0
0.351703 0
0.482613 0
0.326966 0
0.662795 0
1.187668 0
0.312180 0
0.234233 0
1.494650 0
0.639029 0
1.557037 0
0.352001 0
0.362958 0
0.514726 0
1.502479 0
0.182738 0
0.121792 0
1.553721 0
1.221807 0
0.109668 0
0.160524 0
0.680611 0
0.106919 0
0.667104 0
0.442495 0
1.081166 0
0.327131 0
0.788646 0
0.217780 0
0.733698 0
0.374033 0
0.931085 0
0.446146 0
0.552040 0
0.504875 0
0.953541 0
0.179626 0
0.352350 0
0.187057 0
0.225057 0
1.305995 0
0.320837 0
0.490721 0
0.894067 0
0.247041 0
0.111804 0
1.409386 0
0.124450 0
0.301378 0
0.078680 0
0.063037 0
0.269523 0
0.276008 0
0.157228 0
0.272951 0
0.591975 0
0.061342 0
0.225653 0
1.152048 0
0.786992 0
0.792603 0
0.018644 0
0.709277 0
0.004491 0
0.882900 0
0.360130 0
0.294909 0
0.099524 0
0.451276 0
0.463397 0
0.097711 0
0.756521 0
0.094592 0
0.283849 0
0.009690 0
0.350719 0
0.081949 0
0.811500 0
1.036676 0
0.745095 0
1.002471 0
0.020066 0
0.507946 0
0.343107 0
0.507460 0
0.881232 0
1.794892 0
0.469674 0
0.334651 0
0.259442 0
0.262993 0
1.205549 0
0.262369 0
0.532823 0
0.077406 0
0.089050 0
0.041452 0
0.139891 0
0.572564 0
0.503489 0
0.233140 0
0.324938 0
0.362690 0
0.728788 0
0.375503 0
0.293165 0
1.253588 0
0.034650 0
0.492865 0
1.388093 0
0.777142 0
0.853674 0
0.516741 0
0.052939 0
0.422693 0
0.548623 0
0.533668 0
0.220512 0
0.292989 0
0.393846 0
1.410595 0
0.302367 0
0.296985 0
0.015344 0
0.032169 0
1.545726 0
0.624300 0
0.082459 0
0.493072 0
0.447628 0
0.035847 0
0.052512 0
0.557748 0
0.252906 0
0.457813 0
0.166388 0
0.205240 0
0.318862 0
0.038842 0
0.288667 0
0.315136 0
0.288504 0
0.549889 0
0.003699 0
0.218774 0
0.214987 0
1.743704 0
0.156024 0
1.404413 0
0.390189 0
0.057800 0
0.344753 0
1.527524 0
0.323143 0
0.365580 0
0.581774 0
0.132914 0
0.041727 0
1.400301 0
0.102895 0
0.636487 0
0.578961 0
0.378016 0
0.396720 0
0.221951 0
1.189002 0
1.259396 0
0.031481 0
0.586424 0
1.475969 0
0.018400 0
0.483006 0
0.352728 0
0.543273 0
0.168060 0
0.139014 0
0.295971 0
0.143401 0
1.273233 0
0.722351 0
0.149909 0
0.094337 0
0.211083 0
0.202974 0
0.363605 0
0.173092 0
0.433344 0
0.221072 0
0.825593 0
1.448660 0
0.067322 0
1.224678 0
0.750995 0
0.775023 0
1.140818 0
1.081873 0
0.028323 0
1.009702 0
1.484097 0
1.063594 0
0.500094 0
1.872408 0
0.387972 0
0.135929 0
0.121165 0
0.122099 0
0.895570 0
0.187806 0
0.149162 0
0.548416 0
0.214680 0
0.382532 0
0.099737 0
0.523941 0
0.684408 0
0.234459 0
0.250107 0
0.025809 0
0.118679 0
1.033883 0
0.588023 0
1.517389 0
0.614354 0
0.916836 0
0.536320 0
0.456491 0
0.036126 0
0.142199 0
0.121179 0
1.100084 0
1.292260 0
0.226874 0
0.363751 0
0.359152 0
0.628365 0
0.711580 0
0.257293 0
0.319628 0
0.182517 0
0.165692 0
0.099041 0
0.927967 0
0.280143 0
0.122677 0
0.763924 0
0.052377 0
0.072907 0
0.529023 0
0.623610 0
0.080532 0
0.060641 0
0.565684 0
0.333208 0
0.614526 0
0.356106 0
0.305853 0
0.477363 0
0.055337 0
0.956662 0
0.435829 0
0.145622 0
0.133958 0
0.706349 0
0.151161 0
0.464632 0
0.126677 0
0.228274 0
0.251005 0
0.323202 0
1.585651 0
0.073437 0
0.268064 0
1.237701 0
0.458578 0
0.143148 0
0.312496 0
0.143342 0
0.188989 0
0.150927 0
0.056357 0
0.558156 0
0.383110 0
0.045417 0
0.271826 0
1.317203 0
0.685647 0
0.588479 0
0.139985 0
0.432994 0
1.015120 0
0.971367 0
0.236098 0
1.381790 0
0.184905 0
0.112106 0
0.189794 0
0.453370 0
1.699000 0
1.452330 0
0.095346 0
1.136275 0
0.354199 0
0.314612 0
0.179591 0
0.407631 0
0.279750 0
0.321247 0
0.095720 0
0.948181 0
0.223983 0
1.003656 0
0.202142 0
1.248718 0
0.103231 0
0.491241 0
0.270756 0
0.266850 0
0.132169 0
0.268658 0
0.435781 0
0.301640 0
0.284422 0
0.073806 0
1.128716 0
0.331079 0
0.158825 0
1.071845 0
0.819436 0
0.251773 0
0.733523 0
0.092255 0
0.019645 0
0.066776 0
0.437165 0
0.306959 0
0.117360 0
0.870310 0
0.172518 0
0.409178 0
0.291614 0
0.018941 0
0.976646 0
0.342917 0
0.126365 0
0.095484 0
0.897512 0
0.119863 0
0.511013 0
0.119059 0
0.029295 0
0.105903 0
0.291143 0
1.413286 0
0.102095 0
0.013195 0
0.233692 0
0.382389 0
0.734311 0
1.111364 0
0.007135 0
0.625788 0
1.226061 0
0.289911 0
0.087010 0
0.519304 0
0.882983 0
0.098955 0
0.271680 0
0.610870 0
0.537136 0
0.242503 0
0.546869 0
1.276026 0
0.330568 0
0.532672 0
0.369133 0
1.416012 0
0.179494 0
0.194059 0
0.408018 0
1.697878 0
0.284416 0
0.233386 0
1.009334 0
0.514062 0
1.237848 0
0.260249 0
0.140847 0
0.372625 0
0.382323 0
0.217670 0
0.587654 0
1.551900 0
0.150200 0
0.767554 0
0.626981 0
0.796454 0
0.922946 0
0.101621 0
0.372053 0
0.107451 0
0.269834 0
0.188869 0
1.456364 0
1.606679 0
0.857412 0
1.172097 0
0.205214 0
0.151832 0
0.384458 0
0.964966 0
0.246758 0
0.203658 0
0.476251 0
0.375248 0
0.201185 0
0.056741 0
0.306724 0
0.033233 0
0.264340 0
0.090815 0
1.374560 0
0.443581 0
2.170594 0
0.447687 0
0.025301 0
0.915847 0
1.489434 0
0.926066 0
0.232018 0
1.042637 0
0.301914 0
0.351170 0
0.351023 0
0.268241 0
0.173864 0
0.100334 0
0.577979 0
0.250751 0
0.090702 0
0.449595 0
1.432040 0
0.217333 0
0.842995 0
1.186081 0
1.857884 0
0.818920 0
0.156239 0
0.185432 0
0.826102 0
0.051102 0
0.498392 0
0.819771 0
0.174283 0
0.249801 0
0.910571 0
0.112258 0
1.299469 0
0.481634 0
0.422560 0
0.070034 0
0.082663 0
1.253386 0
0.596318 0
0.004564 0
0.214402 0
0.233449 0
0.004711 0
0.750567 0
0.353251 0
0.150685 0
0.286241 0
0.059168 0
0.871382 0
0.548198 0
0.726551 0
1.321118 0
0.073348 0
0.275457 0
0.523226 0
1.091651 0
0.482907 0
0.687540 0
0.736357 0
0.277464 0
0.101748 0
1.000060 0
0.232573 0
0.042505 0
0.394937 0
1.246117 0
0.026479 0
0.131039 0
0.147260 0
0.490512 0
0.632928 0
0.258846 0
1.230055 0
0.429096 0
0.288125 0
0.091698 0
1.437585 0
1.646453 0
0.200336 0
0.431955 0
0.033555 0
0.769968 0
0.383308 0
0.876493 0
1.145895 0
0.264154 0
0.137501 0
0.024796 0
0.335812 0
1.622155 0
0.688302 0
0.029355 0
0.411289 0
0.394669 0
0.082627 0
1.170526 0
0.654544 0
0.905808 0
0.402788 0
0.386744 0
0.014086 0
0.998815 0
0.567386 0
0.302078 0
1.389579 0
0.096594 0
0.431856 0
1.396785 0
1.985316 0
0.154731 0
1.047255 0
0.407134 0
0.115450 0
0.767595 0
0.117583 0
0.502337 0
0.264722 0
0.164666 0
0.385930 0
0.542644 0
0.470805 0
0.898736 0
0.356953 0
0.062109 0
0.309136 0
0.292091 0
1.260791 0
0.566249 0
0.348033 0
0.322092 0
0.088432 0
1.370565 0
0.546450 0
0.367198 0
0.368628 0
0.032958 0
0.556173 0
0.098223 0
0.042466 0
0.152732 0
1.772143 0
0.111196 0
0.000828 0
0.818943 0
0.674879 0
0.250259 0
0.368909 0
0.474362 0
0.049220 0
0.638439 0
0.099394 0
0.097152 0
0.592019 0
0.235698 0
0.472912 0
0.342278 0
0.248635 0
0.126118 0
0.444586 0
0.535169 0
0.255758 0
0.086877 0
1.069957 0
0.233087 0
0.801017 0
0.595513 0
0.332446 0
0.062762 0
0.428372 0
0.055650 0
0.245830 0
0.842215 0
0.206961 0
0.468971 0
0.454880 0
0.352479 0
0.373710 0
0.014716 0
0.537025 0
0.366606 0
0.900875 0
0.702380 0
0.366661 0
0.092590 0
0.191050 0
1.489156 0
0.145811 0
1.454188 0
1.408202 0
0.643897 0
0.393489 0
0.511507 0
0.165596 0
0.031725 0
0.766751 0
0.207192 0
1.218712 0
0.177732 0
0.369997 0
1.383571 0
0.277758 0
0.045018 0
0.440599 0
0.932150 0
0.688877 0
0.593776 0
0.949001 0
0.167646 0
0.011331 0
0.267651 0
0.862877 0
1.382273 0
0.215875 0
0.206813 0
0.343010 0
0.096111 0
0.036239 0
0.042462 0
1.584259 0
0.009863 0
0.178739 0
0.302426 0
0.184307 0
1.666891 0
0.475030 0
0.339415 0
0.677445 0
0.651962 0
0.081293 0
0.354682 0
0.053404 0
0.171879 0
0.754711 0
0.393317 0
0.507726 0
0.767707 0
0.318952 0
0.080902 0
0.428987 0
1.588784 0
0.477475 0
0.988345 0
0.408976 0
0.025172 0
0.137735 0
0.528707 0
0.360903 0
0.976389 0
1.340611 0
0.117085 0
0.107600 0
0.662856 0
0.366096 0
0.110012 0
0.250070 0
0.191298 0
0.206049 0
0.642962 0
0.109869 0
0.653991 0
0.305007 0
1.272745 0
0.740271 0
0.408939 0
0.215512 0
0.979739 0
0.133811 0
0.364026 0
1.079309 0
0.875454 0
0.242008 0
0.109848 0
0.062970 0
0.065276 0
0.242812 0
0.285211 0
0.057052 0
0.574913 0
0.167996 0
0.162531 0
0.145220 0
1.039310 0
0.336404 0
0.065315 0
0.205426 0
0.236786 0
0.063327 0
0.479967 0
0.293352 0
0.378614 0
0.194103 0
0.145021 0
0.311880 0
0.749134 0
0.376431 0
0.922639 0
0.552244 0
0.595574 0
1.112974 0
0.100225 0
0.086294 0
0.336897 0
0.138651 0
0.160816 0
0.018756 0
0.395332 0
0.063588 0
0.059127 0
0.586633 0
0.011021 0
1.044203 0
0.147049 0
0.526722 0
1.412218 0
0.453078 0
0.397493 0
0.837271 0
0.064712 0
0.395951 0
0.292938 0
1.713220 0
0.288514 0
0.282132 0
0.176231 0
0.100955 0
0.048376 0
0.098632 0
0.060676 0
0.477603 0
0.338888 0
0.522482 0
0.029716 0
1.105975 0
0.252605 0
0.362180 0
0.115263 0
1.199787 0
0.313424 0
0.569877 0
0.339886 0
2.096844 0
0.498071 0
0.012066 0
0.949557 0
0.046149 0
1.399557 0
1.153798 0
0.308940 0
0.085444 0
0.849293 0
1.152989 0
0.351178 0
0.294596 0
0.574447 0
0.414087 0
1.468114 0
0.892369 0
1.066441 0
0.484187 0
0.600727 0
0.172272 0
0.017091 0
0.429304 0
0.468707 0
0.427152 0
0.339599 0
0.013838 0
0.287773 0
0.533351 0
0.610545 0
0.501436 0
0.812771 0
1.075764 0
0.871247 0
0.957153 0
0.241831 0
0.088017 0
0.798021 0
0.432062 0
0.298103 0
0.370831 0
0.410152 0
0.504537 0
1.188609 0
0.545287 0
0.121400 0
0.952686 0
0.626307 0
0.754701 0
0.226266 0
0.096257 0
1.665651 0
0.118802 0
0.104696 0
0.391288 0
0.196701 0
0.064933 0
0.412630 0
0.085095 0
0.024362 0
1.425974 0
1.652677 0
1.043106 0
0.169938 0
0.676205 0
0.265904 0
0.800180 0
0.157237 0
0.481016 0
0.854901 0
0.158457 0
0.732377 0
0.529926 0
1.078895 0
1.601389 0
0.138346 0
0.188985 0
0.628934 0
0.493640 0
0.008220 0
0.023494 0
0.761994 0
0.098983 0
0.969412 0
0.460001 0
0.536861 0
0.107481 0
0.855732 0
0.187752 0
0.219657 0
0.548427 0
0.224480 0
0.243666 0
0.007526 0
0.829160 0
0.555926 0
0.191450 0
0.233464 0
0.452497 0
0.183691 0
0.166948 0
0.125443 0
1.171295 0
0.047355 0
0.604844 0
0.284250 0
0.191048 0
0.082684 0
0.082597 0
0.593480 0
0.077776 0
0.129879 0
0.472337 0
0.526809 0
0.436785 0
0.085019 0
1.087261 0
0.830091 0
0.287003 0
0.246756 0
0.492380 0
0.307388 0
0.643541 0
2.648709 0
0.741516 0
0.679791 0
0.423937 0
0.313717 0
0.920447 0
0.301998 0
0.224231 0
0.161640 0
0.262725 0
0.184112 0
0.287739 0
0.584436 0
0.309678 0
0.479098 0
0.271547 0
0.313564 0
1.112550 0
0.113939 0
0.155650 0
0.665252 0
0.178139 0
0.215575 0
0.056837 0
0.131890 0
0.213084 0
0.151995 0
1.357389 0
0.438377 0
0.824372 0
0.855039 0
0.366430 0
0.145002 0
0.125471 0
0.267369 0
1.088502 0
0.284760 0
0.745774 0
0.350453 0
0.069193 0
0.017601 0
0.282165 0
0.364302 0
0.037741 0
0.166854 0
0.071186 0
0.266956 0
0.554901 0
0.093007 0
0.990543 0
1.506478 0
0.168887 0
0.024791 0
0.366684 0
1.214812 0
0.303825 0
0.307153 0
0.174867 0
1.406217 0
0.767696 0
0.164232 0
0.675156 0
0.270951 0
0.237001 0
0.053888 0
0.473155 0
0.408643 0
1.397017 0
0.640991 0
0.328141 0
0.094202 0
1.180335 0
0.188005 0
0.997930 0
0.203241 0
0.105691 0
0.204784 0
0.619989 0
0.713554 0
0.112479 0
0.037323 0
0.303561 0
0.201956 0
0.358665 0
0.024349 0
0.102302 0
0.044302 0
0.139705 0
0.223062 0
0.966961 0
0.482666 0
0.253233 0
0.275488 0
0.381000 0
1.579533 0
0.439663 0
0.159510 0
0.183611 0
0.645478 0
1.127130 0
0.461651 0
0.147506 0
0.487438 0
0.575767 0
0.134867 0
0.371402 0
0.693672 0
0.112198 0
0.066357 0
0.127043 0
0.274247 0
0.574255 0
0.434537 0
1.496207 0
0.625721 0
0.356180 0
0.028393 0
0.658457 0
0.927613 0
1.389608 0
0.103894 0
0.041552 0
0.160854 0
0.263520 0
0.035910 0
0.058373 0
0.168166 0
0.230761 0
1.396291 0
0.031840 0
1.398730 0
0.202193 0
0.524759 0
1.559705 0
0.851649 0
0.067595 0
0.644681 0
0.656092 0
1.430750 0
0.040755 0
0.388693 0
0.129380 0
0.378169 0
0.898549 0
0.450421 0
0.019324 0
0.396245 0
0.263515 0
0.247327 0
0.150298 0
0.405733 0
0.190239 0
0.541102 0
0.487238 0
0.181152 0
0.339102 0
0.632908 0
0.318452 0
1.448096 0
0.365987 0
0.259722 0
0.719522 0
0.872609 0
0.170134 0
0.798337 0
0.775753 0
0.335704 0
0.607456 0
0.584078 0
0.102003 0
1.907663 0
0.301056 0
0.795719 0
0.018303 0
0.754704 0
0.194533 0
0.060234 0
0.758453 0
0.064989 0
1.406680 0
1.314229 0
1.079450 0
0.542768 0
0.300269 0
0.968692 0
0.087410 0
0.874922 0
1.162093 0
0.061781 0
0.116382 0
0.592182 0
1.062438 0
0.451116 0
0.288273 0
0.695318 0
0.102964 0
0.094192 0
0.876875 0
0.091194 0
0.163577 0
1.023186 0
0.343662 0
0.673926 0
0.409721 0
0.356045 0
0.615110 0
0.665999 0
0.599809 0
1.791289 0
1.377945 0
0.086240 0
0.926920 0
0.416920 0
0.127563 0
0.290946 0
0.973987 0
0.184526 0
0.630044 0
0.440797 0
0.532113 0
0.029639 0
0.028059 0
0.791798 0
0.187761 0
0.954990 0
0.427314 0
1.268138 0
0.619284 0
0.112713 0
0.046701 0
0.267892 0
0.330381 0
0.634957 0
0.491073 0
1.005038 0
0.140439 0
0.031336 0
0.137163 0
1.559088 0
0.533239 0
0.443371 0
0.656933 0
0.617318 0
1.663397 0
0.241045 0
1.362076 0
0.107395 0
0.302045 0
1.492415 0
0.084013 0
0.669951 0
0.100647 0
0.263630 0
0.052986 0
0.108537 0
0.072797 0
0.531195 0
0.031513 0
1.456833 0
0.528031 0
1.369605 0
0.346043 0
0.030799 0
0.144376 0
0.181638 0
0.844947 0
0.439902 0
0.209400 0
0.390786 0
0.135864 0
0.418840 0
0.130918 0
0.481374 0
0.727341 0
0.171159 0
0.337276 0
0.290850 0
0.214325 0
0.230792 0
1.378025 0
0.114109 0
1.207141 0
0.655902 0
0.484254 0
0.718464 0
0.137463 0
0.242708 0
0.477989 0
1.379659 0
0.159552 0
0.193803 0
0.242378 0
1.390622 0
1.105813 0
0.458948 0
0.522925 0
0.959737 0
1.046922 0
0.374573 0
0.059231 0
0.737681 0
0.831616 0
0.497496 0
0.289372 0
1.178527 0
0.258149 0
0.259316 0
0.121384 0
0.394882 0
0.118651 0
0.056887 0
0.721336 0
0.062074 0
0.272348 0
0.131922 0
0.154781 0
0.121216 0
1.519716 0
1.308528 0
0.687910 0
0.260104 0
0.117549 0
1.406076 0
0.210006 0
0.294284 0
0.186307 0
1.494809 0
0.623877 0
0.209630 0
0.182712 0
0.134896 0
0.574772 0
0.068455 0
0.861560 0
0.122152 0
0.952510 0
0.176516 0
0.116087 0
0.195234 0
0.244555 0
1.404737 0
0.327572 0
0.302906 0
0.140449 0
0.741676 0
0.133944 0
0.267240 0
0.382761 0
1.392709 0
0.095447 0
0.667125 0
0.435038 0
0.099866 0
0.650761 0
0.221509 0
1.669477 0
0.484173 0
0.301942 0
0.086627 0
0.903080 0
0.265928 0
0.021330 0
0.438365 0
0.585807 0
0.031547 0
0.028762 0
0.058274 0
0.758078 0
0.142180 0
0.074926 0
0.487665 0
0.986698 0
0.031402 0
1.427294 0
0.013607 0
0.448644 0
0.093070 0
0.036103 0
0.966246 0
0.342842 0
0.144040 0
0.015056 0
0.332275 0
0.901256 0
0.040092 0
0.127601 0
0.036315 0
0.218654 0
0.523175 0
0.192917 0
0.498933 0
0.032956 0
0.304383 0
0.483774 0
0.638077 0
0.283418 0
0.044042 0
0.483704 0
0.709127 0
0.593245 0
0.134941 0
0.586080 0
0.250848 0
0.094074 0
0.396631 0
0.988000 0
0.084624 0
1.658635 0
0.870873 0
0.362161 0
0.890803 0
0.690956 0
0.840125 0
0.476458 0
0.284372 0
0.669897 0
0.496162 0
0.646973 0
0.340352 0
0.063323 0
0.442786 0
0.458288 0
0.172860 0
0.529281 0
0.254982 0
0.294466 0
0.118408 0
0.038615 0
0.147747 0
0.380756 0
0.329593 0
0.183303 0
0.679926 0
0.099879 0
0.022969 0
0.465116 0
0.426414 0
0.422039 0
0.174211 0
0.428769 0
0.378111 0
0.356530 0
0.115021 0
0.285802 0
0.683660 0
0.237883 0
0.141298 0
0.016918 0
0.268097 0
0.018603 0
0.905599 0
1.104758 0
0.243332 0
0.580028 0
0.508961 0
1.252880 0
1.169932 0
0.183110 0
0.379177 0
0.481774 0
0.642269 0
0.789978 0
0.562180 0
0.008997 0
0.063080 0
0.186915 0
0.433213 0
0.399056 0
1.149840 0
0.198964 0
1.091612 0
1.386070 0
0.762646 0
0.477971 0
0.217545 0
1.167187 0
0.708562 0
0.424393 0
0.465102 0
0.310721 0
0.265422 0
1.184338 0
0.063765 0
0.167398 0
0.221915 0
0.920838 0
0.162037 0
0.008130 0
0.607728 0
0.118229 0
0.276158 0
0.810469 0
0.133579 0
0.469240 0
0.343800 0
1.063041 0
0.499806 0
1.040564 0
0.012066 0
0.409334 0
0.651577 0
0.164997 0
0.536385 0
0.294668 0
0.139131 0
0.638534 0
0.432994 0
1.441493 0
0.540360 0
0.202120 0
0.165152 0
0.252617 0
0.386611 0
0.151383 0
0.571905 0
0.744494 0
0.555828 0
0.654810 0
0.068374 0
0.251023 0
1.327672 0
0.307546 0
0.205412 0
0.436182 0
0.991624 0
0.732190 0
0.466689 0
0.124111 0
0.208022 0
0.396699 0
0.043653 0
0.359335 0
0.294768 0
0.681305 0
0.186458 0
0.501660 0
0.366932 0
1.167557 0
0.212541 0
0.423208 0
0.070884 0
0.603823 0
0.574850 0
0.372776 0
0.308326 0
0.779763 0
0.388047 0
0.015430 0
0.157692 0
0.366550 0
0.423180 0
0.015129 0
1.401372 0
0.182972 0
0.072743 0
0.105430 0
0.154083 0
0.152282 0
0.726146 0
1.124830 0
0.467553 0
2.165583 0
0.060963 0
0.323076 0
0.233076 0
0.739736 0
0.033515 0
0.501306 0
0.235767 0
0.119035 0
0.533559 0
1.108492 0
0.063675 0
0.814312 0
0.703471 0
0.468417 0
1.488898 0
0.054617 0
0.519695 0
0.695423 0
0.885917 0
1.105803 0
0.067816 0
0.864166 0
0.318709 0
0.770009 0
1.329258 0
0.306821 0
0.104657 0
0.274143 0
0.560686 0
0.152702 0
0.095726 0
0.000238 0
0.554397 0
0.612350 0
0.002032 0
0.391379 0
0.473598 0
0.421789 0
0.208873 0
0.121649 0
0.095081 0
0.181857 0
0.446256 0
0.135995 0
0.449388 0
0.101268 0
0.092322 0
0.548985 0
0.389597 0
0.470638 0
0.277067 0
0.402072 0
0.163882 0
0.419047 0
0.027625 0
0.255334 0
0.066821 0
0.191485 0
0.040503 0
0.380714 0
0.646136 0
0.706984 0
0.410204 0
0.893051 0
0.155591 0
1.211189 0
0.943888 0
1.396474 0
0.179769 0
0.818817 0
0.234776 0
0.077456 0
0.246291 0
0.488449 0
0.459377 0
0.589177 0
0.914928 0
1.000448 0
0.407467 0
0.104805 0
0.830432 0
0.276032 0
0.083096 0
0.224216 0
0.140463 0
0.221363 0
0.220917 0
0.686592 0
0.290613 0
0.110477 0
0.046300 0
0.450063 0
0.304648 0
0.593539 0
0.152716 0
0.276646 0
0.550954 0
0.005047 0
0.204648 0
0.012620 0
0.055694 0
1.417495 0
0.199028 0
0.081835 0
0.031154 0
0.560474 0
0.043803 0
0.046621 0
0.609073 0
1.009803 0
0.054855 0
0.313811 0
0.061305 0
0.073006 0
0.314056 0
0.007175 0
0.921796 0
1.316563 0
0.404861 0
0.449739 0
0.434546 0
0.459024 0
0.574189 0
0.522736 0
0.614700 0
0.297310 0
0.268966 0
1.526743 0
0.145092 0
1.318947 0
0.070564 0
0.030813 0
1.148201 0
0.418437 0
0.131654 0
0.478154 0
1.367692 0
0.052687 0
1.401537 0
0.747289 0
0.092462 0
0.685775 0
1.647338 0
0.786954 0
0.882101 0
0.726415 0
0.962403 0
1.836982 0
0.155958 0
0.180377 0
1.022661 0
0.328095 0
0.339987 0
0.476020 0
0.616199 0
0.061274 0
0.349350 0
0.171773 0
0.093572 0
0.750230 0
0.416096 0
1.482224 0
0.874972 0
0.035298 0
1.091401 0
0.961691 0
0.454597 0
0.870167 0
0.756582 0
0.110624 0
0.660396 0
0.602682 0
0.208782 0
1.407008 0
0.356168 0
0.540570 0
0.510151 0
0.433910 0
1.036762 0
0.228284 0
0.762094 0
0.021641 0
1.128398 0
0.777184 0
0.650476 0
0.575316 0
0.172794 0
1.416323 0
0.130383 0
0.443793 0
0.412068 0
0.292221 0
0.160016 0
1.266961 0
0.078192 0
0.594175 0
0.424042 0
0.125042 0
0.512376 0
0.084304 0
0.296454 0
1.228967 0
0.404426 0
0.090669 0
0.214575 0
0.251599 0
0.264600 0
0.925764 0
0.132781 0
0.376127 0
0.520473 0
0.160958 0
0.145473 0
0.137912 0
0.087776 0
0.849393 0
0.343036 0
0.041340 0
0.216961 0
1.545250 0
0.160917 0
0.466076 0
0.409010 0
0.387225 0
0.104967 0
0.613285 0
0.242196 0
1.641094 0
0.537967 0
0.633700 0
0.386608 0
0.571095 0
0.971332 0
0.448216 0
0.325709 0
0.280756 0
1.470620 0
0.351451 0
0.352492 0
1.170250 0
0.237498 0
0.157065 0
0.334427 0
1.443505 0
0.948144 0
0.108603 0
0.196495 0
0.254300 0
0.736109 0
0.638630 0
0.407256 0
0.445391 0
0.148371 0
1.440525 0
0.667825 0
0.336784 0
1.077365 0
0.354614 0
1.552777 0
1.165826 0
0.322351 0
0.659705 0
0.509101 0
0.260904 0
0.158047 0
0.387186 0
1.052920 0
0.638876 0
0.187111 0
0.047852 0
0.414883 0
0.034707 0
0.043396 0
0.208023 0
0.199670 0
0.469114 0
0.456818 0
1.189947 0
0.833786 0
0.267309 0
0.756924 0
0.102557 0
1.577561 0
0.614507 0
0.068079 0
0.439021 0
0.141628 0
0.589338 0
0.341773 0
0.354705 0
0.016950 0
0.405143 0
0.141174 0
0.661343 0
0.107627 0
0.221251 0
0.201594 0
0.875827 0
1.132993 0
1.575001 0
0.279616 0
1.488536 0
0.403446 0
0.306726 0
0.916037 0
2.078093 0
0.291094 0
0.114897 0
0.479076 0
0.089883 0
0.065040 0
0.332536 0
0.433238 0
0.782693 0
0.197764 0
0.615370 0
0.153412 0
0.776893 0
0.259482 0
0.525048 0
0.737012 0
0.286185 0
0.493320 0
1.116433 0
0.050833 0
0.185031 0
0.051232 0
0.125068 0
0.345644 0
0.262539 0
0.880917 0
0.645047 0
0.037441 0
0.050895 0
0.431555 0
0.474610 0
0.250851 0
0.660634 0
0.384400 0
0.035116 0
0.544268 0
0.128269 0
0.174742 0
0.714153 0
0.107605 0
0.709756 0
1.368153 0
1.303514 0
1.392901 0
0.363511 0
0.486341 0
0.906876 0
1.090442 0
0.847895 0
0.620566 0
0.341871 0
0.849872 0
0.641213 0
0.126854 0
0.887197 0
0.336144 0
0.087981 0
0.221725 0
1.286012 0
0.201148 0
0.144973 0
0.228231 0
1.134706 0
0.956644 0
0.345109 0
1.106334 0
0.418744 0
0.120362 0
1.761768 0
0.101615 0
0.090994 0
0.137793 0
0.487642 0
0.288898 0
0.356245 0
0.255968 0
0.870927 0
0.297208 0
1.389079 0
1.297691 0
0.955085 0
0.082292 0
0.395039 0
0.188788 0
1.380890 0
0.203758 0
0.502088 0
0.778980 0
0.103687 0
0.341198 0
0.050741 0
0.465746 0
0.369283 0
0.014186 0
0.420712 0
0.051234 0
0.523690 0
0.303396 0
0.644294 0
0.526319 0
0.183445 0
0.438256 0
0.348124 0
0.853123 0
0.211707 0
0.207481 0
0.321476 0
0.767611 0
0.118153 0
0.978555 0
0.499156 0
0.864945 0
0.016523 0
1.548550 0
0.090416 0
0.098058 0
0.637452 0
0.323797 0
0.262351 0
0.126871 0
1.064992 0
0.719447 0
0.306761 0
0.421215 0
0.016156 0
1.300420 0
0.469944 0
1.411202 0
0.194054 0
1.437230 0
0.104454 0
0.004962 0
0.501997 0
1.010608 0
0.508672 0
0.017933 0
0.361658 0
0.332265 0
0.098907 0
0.667633 0
0.578278 0
0.566059 0
0.351017 0
0.383960 0
0.345523 0
0.414602 0
1.369484 0
0.594403 0
0.094549 0
0.344022 0
0.829403 0
0.231127 0
0.526123 0
1.062718 0
0.279044 0
0.292312 0
0.185680 0
0.347312 0
1.352956 0
1.026841 0
0.079286 0
1.309522 0
0.352444 0
0.203418 0
0.258273 0
0.578209 0
0.082109 0
0.090096 0
0.252371 0
0.049646 0
1.911380 0
0.078067 0
0.285165 0
1.072243 0
0.037843 0
1.211601 0
0.488235 0
0.282970 0
0.051542 0
0.021964 0
0.139052 0
0.241156 0
0.691345 0
0.097849 0
0.023417 0
0.558086 0
0.574384 0
1.405702 0
0.153773 0
0.195524 0
0.826769 0
0.584316 0
1.440223 0
0.701145 0
0.185429 0
0.516985 0
0.112148 0
1.539295 0
0.592486 0
0.004689 0
0.082822 0
0.986590 0
0.373946 0
0.739702 0
0.356322 0
0.073111 0
0.065196 0
1.034786 0
0.512544 0
0.417592 0
0.110510 0
0.780394 0
0.131878 0
0.517075 0
0.795964 0
1.173270 0
0.638513 0
0.219519 0
0.134035 0
0.088338 0
0.245894 0
0.292791 0
1.499550 0
0.242555 0
0.274094 0
0.221522 0
0.133043 0
0.817743 0
0.668050 0
1.374946 0
1.534312 0
1.811565 0
0.564425 0
0.441458 0
1.281410 0
0.876540 0
0.342309 0
0.215975 0
0.150849 0
0.452475 0
0.205348 0
0.813010 0
0.096226 0
0.236718 0
0.626789 0
0.247819 0
0.967076 0
0.741898 0
0.605703 0
0.841720 0
0.498996 0
0.927226 0
1.358109 0
0.247334 0
0.884998 0
0.031153 0
0.387733 0
0.966752 0
0.148054 0
0.019853 0
0.263628 0
0.075167 0
0.034656 0
0.485465 0
0.663953 0
1.541674 0
0.027062 0
0.587090 0
0.010678 0
0.079230 0
0.241948 0
0.650095 0
0.218508 0
0.280193 0
0.440442 0
0.144395 0
1.361377 0
0.529693 0
0.342615 0
1.197162 0
0.677998 0
0.195017 0
0.178327 0
0.448520 0
0.674261 0
0.063005 0
1.368420 0
1.137909 0
1.517457 0
0.395546 0
1.425790 0
1.229379 0
0.136421 0
0.074245 0
0.862959 0
1.582740 0
0.924059 0
0.236510 0
1.238737 0
1.080703 0
1.472083 0
0.058982 0
0.027937 0
1.295458 0
1.204986 0
0.048381 0
0.628826 0
0.306527 0
0.170462 0
0.036774 0
1.027164 0
0.710628 0
0.783461 0
0.262851 0
0.450815 0
0.103151 0
0.066936 0
0.347346 0
0.361058 0
0.451028 0
0.036349 0
0.151762 0
0.194974 0
0.329345 0
0.457356 0
1.657200 0
0.270269 0
0.580690 0
0.188754 0
0.439327 0
0.259158 0
0.567889 0
0.148902 0
0.212646 0
0.433840 0
0.656132 0
0.378040 0
0.901696 0
0.211696 0
0.320508 0
0.086837 0
0.474460 0
0.695324 0
0.808209 0
0.627421 0
0.588367 0
0.277991 0
1.386682 0
0.379233 0
0.298379 0
0.288395 0
0.744101 0
0.018626 0
0.197941 0
1.807336 0
0.066451 0
0.850782 0
0.348655 0
0.153477 0
0.304206 0
0.116482 0
0.712122 0
1.382979 0
0.062192 0
0.333665 0
0.139720 0
0.082748 0
0.032484 0
0.947425 0
0.929340 0
0.286937 0
0.023849 0
0.508749 0
0.414499 0
1.142957 0
0.519384 0
0.871270 0
0.846249 0
0.294822 0
0.128264 0
0.151437 0
1.752465 0
0.242540 0
1.641718 0
1.400031 0
0.818262 0
0.031624 0
1.857778 0
1.047532 0
0.170774 0
0.727105 0
0.342948 0
0.453355 0
0.298136 0
1.367255 0
0.702247 0
0.516390 0
0.456570 0
0.781180 0
0.040970 0
0.060286 0
1.089589 0
1.367071 0
0.912720 0
0.173696 0
0.161165 0
0.071485 0
0.471283 0
0.264992 0
1.126494 0
0.415780 0
1.565534 0
0.558460 0
0.018344 0
0.055798 0
0.344936 0
0.327067 0
1.391020 0
0.183002 0
0.109279 0
0.686571 0
0.125740 0
1.356668 0
0.600100 0
1.721763 0
1.405932 0
1.181360 0
1.391417 0
0.328147 0
0.691213 0
0.079282 0
0.486274 0
0.198080 0
0.141736 0
1.275904 0
0.090944 0
0.103371 0
0.490835 0
0.177895 0
0.254793 0
0.025870 0
0.176378 0
0.460283 0
0.211225 0
1.412464 0
0.093808 0
0.169446 0
0.383555 0
1.400146 0
0.049001 0
0.042313 0
0.150542 0
0.215655 0
0.930887 0
0.981724 0
0.437692 0
0.177115 0
0.080457 0
0.496472 0
1.008615 0
0.025396 0
1.015170 0
0.238597 0
0.362946 0
0.376913 0
0.131493 0
0.882276 0
1.157988 0
0.546521 0
0.445718 0
0.025508 0
0.627337 0
0.690704 0
0.332718 0
0.103531 0
0.723196 0
0.191376 0
0.159172 0
0.215748 0
0.260899 0
0.379934 0
0.007752 0
0.185908 0
0.284748 0
0.558418 0
0.519251 0
0.972212 0
0.184161 0
0.517576 0
0.047604 0
0.582994 0
0.570879 0
0.028696 0
1.592438 0
0.653366 0
0.393277 0
0.981340 0
0.560677 0
0.043980 0
0.860251 0
0.222018 0
0.346338 0
0.790309 0
0.327929 0
0.149527 0
0.668208 0
1.072515 0
0.307029 0
0.080685 0
0.547097 0
0.232953 0
1.071975 0
0.393968 0
0.277593 0
0.002747 0
0.163540 0
0.108333 0
0.018066 0
0.439895 0
1.007160 0
0.322495 0
0.262643 0
0.308110 0
0.236530 0
0.620844 0
1.155892 0
1.740349 0
0.520472 0
0.414669 0
0.570543 0
0.043681 0
1.112566 0
0.060915 0
1.629354 0
0.401450 0
0.169428 0
0.396343 0
1.126367 0
0.803920 0
0.265871 0
0.082556 0
0.790038 0
1.707900 0
0.670534 0
0.770932 0
0.181019 0
0.157726 0
0.568498 0
0.513198 0
0.745454 0
0.335159 0
1.669009 0
0.116205 0
0.261538 0
0.494515 0
0.056881 0
1.549332 0
0.399214 0
0.076147 0
0.366886 0
0.100634 0
0.564555 0
0.302128 0
0.169725 0
0.546605 0
0.907941 0
0.471729 0
0.746995 0
0.236578 0
0.202713 0
0.734756 0
0.469677 0
0.300099 0
0.189143 0
0.336962 0
0.066081 0
0.172735 0
0.219911 0
0.603743 0
0.102198 0
1.593556 0
0.573399 0
0.110942 0
0.313708 0
0.432661 0
0.612473 0
0.015529 0
0.286809 0
0.120381 0
0.386020 0
1.142042 0
0.589764 0
0.389342 0
0.362679 0
0.066980 0
0.126582 0
0.454160 0
0.240617 0
0.374399 0
0.017123 0
0.522895 0
0.051024 0
0.471349 0
0.329431 0
0.807799 0
0.443154 0
0.769912 0
1.417927 0
0.165298 0
0.271786 0
0.789818 0
0.766626 0
0.102246 0
0.399571 0
0.382355 0
0.208177 0
1.375623 0
0.631543 0
0.677277 0
0.377155 0
0.217720 0
0.206826 0
0.641113 0
1.180063 0
0.352321 0
0.612350 0
1.610750 0
0.887646 0
0.194753 0
0.063140 0
0.524573 0
0.591117 0
1.096370 0
0.974475 0
0.912060 0
0.036438 0
0.622886 0
0.421106 0
0.024443 0
0.323204 0
0.591758 0
0.283966 0
0.187447 0
0.155399 0
0.845462 0
0.592356 0
0.916616 0
0.203417 0
0.293179 0
0.531362 0
1.598936 0
1.098147 0
0.853597 0
0.618867 0
0.383617 0
0.198636 0
1.702329 0
0.075092 0
0.120188 0
0.136766 0
1.495802 0
0.015972 0
0.744908 0
0.865029 0
0.221244 0
0.966575 0
0.299601 0
0.238749 0
0.017921 0
0.312177 0
1.391304 0
0.194738 0
0.244196 0
0.508872 0
0.093163 0
0.125709 0
1.045189 0
0.564503 0
1.157010 0
0.100617 0
0.103989 0
1.256815 0
0.288898 0
0.203283 0
0.962250 0
0.252320 0
1.498738 0
0.611659 0
1.810880 0
0.468790 0
0.757167 0
0.208323 0
0.381975 0
0.104301 0
0.345430 0
0.630239 0
0.018961 0
0.366450 0
0.608549 0
0.218908 0
0.018796 0
0.224143 0
1.513027 0
0.504546 0
0.225611 0
0.165131 0
0.210017 0
0.164584 0
0.319652 0
0.458075 0
0.022482 0
0.756005 0
1.008396 0
0.219219 0
0.348717 0
0.148872 0
1.461047 0
0.864807 0
0.471120 0
0.417202 0
0.995298 0
0.274450 0
0.185530 0
0.176450 0
0.039272 0
0.876509 0
0.323088 0
0.468918 0
1.531027 0
0.057306 0
0.929342 0
0.108022 0
0.736159 0
1.244342 0
0.637010 0
0.517562 0
0.037038 0
0.068685 0
0.554386 0
0.095460 0
0.372702 0
0.173112 0
0.491451 0
0.578887 0
1.463607 0
0.492448 0
0.272418 0
0.037972 0
1.565957 0
1.005902 0
1.017007 0
0.092522 0
0.137703 0
0.746002 0
1.505056 0
0.058124 0
0.460635 0
0.486832 0
1.039941 0
0.158597 0
0.294370 0
0.104002 0
0.080463 0
0.011840 0
0.164711 0
0.659472 0
1.092715 0
0.109652 0
1.386625 0
0.066378 0
0.333132 0
0.613937 0
0.193483 0
0.416489 0
0.578769 0
0.236562 0
0.204044 0
0.485527 0
0.268123 0
1.133987 0
0.636741 0
0.117334 0
0.299644 0
0.899914 0
0.210074 0
0.196336 0
0.062609 0
0.062878 0
0.949962 0
1.034577 0
0.463986 0
0.121014 0
1.704346 0
0.263187 0
1.008222 0
0.209158 0
0.885889 0
0.541268 0
0.145195 0
0.095304 0
0.432434 0
0.172190 0
0.801730 0
0.062995 0
0.874285 0
0.171546 0
0.381610 0
1.041211 0
1.154727 0
0.634351 0
0.218233 0
0.060306 0
0.078316 0
0.285187 0
0.274092 0
0.151145 0
1.459402 0
0.240587 0
0.314542 0
0.125082 0
0.363845 0
0.097175 0
0.574746 0
0.304995 0
0.979683 0
0.523738 0
0.752413 0
0.492989 0
0.177606 0
0.073915 0
0.676388 0
1.203810 0
0.246866 0
0.215790 0
0.047842 0
0.189142 0
1.432422 0
0.702855 0
0.192706 0
0.318940 0
0.309992 0
0.134823 0
0.073723 0
2.046453 0
0.093755 0
1.362353 0
0.689873 0
0.051241 0
0.090170 0
0.212943 0
0.011350 0
0.042641 0
1.025179 0
0.885341 0
0.763399 0
1.371258 0
0.021426 0
0.454122 0
0.103407 0
1.637441 0
0.113652 0
1.251626 0
0.387488 0
0.239421 0
1.158945 0
0.048917 0
0.803920 0
0.105476 0
0.325622 0
0.512811 0
1.426767 0
0.283109 0
0.172269 0
0.074518 0
1.404097 0
0.045100 0
1.395702 0
0.311031 0
0.222324 0
0.067808 0
0.338278 0
0.051842 0
0.261664 0
1.022424 0
0.197311 0
0.095187 0
0.751474 0
1.583058 0
0.904493 0
0.438041 0
0.619613 0
0.303854 0
0.203831 0
0.053489 0
1.079612 0
0.409395 0
0.149729 0
0.202069 0
0.258780 0
0.560698 0
0.040861 0
0.256211 0
1.195343 0
0.520473 0
0.519737 0
0.123460 0
0.824693 0
1.192338 0
0.139452 0
0.135980 0
0.039781 0
0.343427 0
0.308261 0
0.733521 0
0.568806 0
0.581026 0
0.738144 0
0.443380 0
0.567630 0
0.198348 0
0.249204 0
0.199532 0
1.186236 0
0.320490 0
1.272401 0
0.311141 0
0.308898 0
0.039042 0
0.473296 0
0.615664 0
0.472410 0
0.212000 0
0.891691 0
0.756821 0
0.061981 0
0.041205 0
0.751602 0
1.939853 0
0.602722 0
0.776098 0
0.798658 0
0.477904 0
0.605575 0
1.632883 0
0.594384 0
0.873668 0
0.807887 0
0.131259 0
0.714267 0
0.153080 0
0.625294 0
1.456772 0
0.896474 0
0.655553 0
1.240162 0
0.163446 0
0.429661 0
1.273189 0
0.617922 0
0.189011 0
0.316075 0
1.083832 0
0.454858 0
0.427359 0
1.005273 0
0.011365 0
0.317664 0
0.012812 0
0.572066 0
0.102452 0
1.330321 0
0.050458 0
0.416982 0
0.482990 0
1.448246 0
0.550332 0
0.134882 0
0.158351 0
0.478873 0
0.172145 0
0.009505 0
1.461127 0
0.073846 0
0.432337 0
0.501257 0
1.059823 0
0.138682 0
0.430503 0
0.208693 0
0.107578 0
0.659628 0
0.254236 0
0.499485 0
0.557127 0
0.847350 0
0.542437 0
0.759303 0
1.399722 0
0.867417 0
0.042671 0
0.188709 0
0.143483 0
0.084598 0
0.102106 0
0.036013 0
0.274365 0
0.522446 0
0.068124 0
0.058243 0
1.202098 0
0.256660 0
0.904018 0
0.694953 0
0.725279 0
1.037896 0
1.295628 0
0.023888 0
0.834722 0
0.147133 0
0.271089 0
0.290392 0
0.073164 0
0.358733 0
0.223162 0
1.998033 0
1.588490 0
0.699022 0
0.535607 0
1.393221 0
0.408816 0
0.536071 0
0.157798 0
0.228682 0
0.821522 0
0.429545 0
0.795814 0
0.182198 0
0.454799 0
0.536900 0
0.170072 0
0.244970 0
0.095725 0
0.509687 0
0.612062 0
0.101267 0
0.407047 0
0.149765 0
0.610697 0
0.117012 0
0.684731 0
0.044281 0
0.262237 0
0.113808 0
0.095992 0
0.410976 0
0.089519 0
1.404368 0
0.232061 0
0.781873 0
0.199075 0
0.361584 0
0.279707 0
1.115606 0
0.551810 0
0.352912 0
0.428398 0
0.620068 0
0.223747 0
0.482410 0
0.515425 0
0.411312 0
0.216501 0
0.640458 0
0.217593 0
0.210297 0
0.093156 0
0.186921 0
0.132738 0
1.102596 0
1.017442 0
1.222290 0
1.092635 0
0.539482 0
1.753137 0
0.666357 0
0.682386 0
0.520047 0
0.463913 0
0.013949 0
0.887779 0
0.679746 0
1.199744 0
0.579067 0
0.401613 0
1.407434 0
0.003539 0
0.333195 0
0.491211 0
0.489144 0
0.682758 0
0.207189 0
0.526288 0
0.442751 0
0.346817 0
1.369930 0
0.330617 0
0.596736 0
0.469830 0
0.462152 0
0.186855 0
0.741017 0
0.204580 0
0.127800 0
1.438129 0
1.377093 0
1.364178 0
0.102285 0
0.701355 0
0.501141 0
0.108060 0
0.445585 0
0.388971 0
0.045713 0
0.352676 0
1.085247 0
0.633316 0
0.927607 0
0.873362 0
0.409408 0
0.233223 0
1.020138 0
1.480238 0
0.554340 0
0.209765 0
0.528757 0
0.181756 0
0.131644 0
0.339943 0
0.413304 0
1.283397 0
0.072036 0
0.397750 0
0.477469 0
0.091141 0
0.269511 0
0.864173 0
0.567638 0
0.401489 0
0.119178 0
0.206797 0
0.471894 0
0.019820 0
0.380242 0
0.838454 0
0.880599 0
0.326520 0
0.076089 0
0.830009 0
0.420945 0
0.619317 0
0.215126 0
0.032645 0
0.428971 0
0.222991 0
1.241088 0
0.194155 0
1.141810 0
0.078238 0
0.192970 0
0.549772 0
0.774335 0
0.716725 0
0.009076 0
0.334998 0
0.191210 0
0.113796 0
0.076407 0
1.363644 0
0.073900 0
0.074202 0
1.198475 0
0.547216 0
0.092258 0
0.188348 0
0.262938 0
0.641241 0
0.073807 0
0.360002 0
0.731235 0
0.106542 0
1.211397 0
1.017990 0
1.624813 0
0.554078 0
0.330826 0
0.476391 0
0.961309 0
0.200968 0
0.490585 0
0.017929 0
0.321040 0
0.582024 0
0.345745 0
0.243539 0
0.071918 0
0.564284 0
1.049344 0
0.159643 0
1.180491 0
0.544620 0
0.908657 0
0.098940 0
0.039441 0
0.344814 0
0.247336 0
0.305813 0
0.714898 0
0.126776 0
0.290231 0
0.648691 0
0.193186 0
0.731697 0
0.001729 0
0.562840 0
0.376249 0
0.081004 0
0.784916 0
0.039615 0
0.149605 0
1.890101 0
0.005765 0
0.203627 0
1.376719 0
0.885870 0
1.067612 0
0.391986 0
0.659172 0
0.130666 0
0.177656 0
0.304094 0
0.122192 0
0.435860 0
1.278769 0
0.262971 0
0.365300 0
0.062980 0
0.451597 0
0.143111 0
0.389438 0
0.113513 0
0.901740 0
0.079028 0
0.482447 0
0.723479 0
0.788070 0
1.213845 0
0.238524 0
0.163666 0
0.146989 0
0.047263 0
0.291501 0
0.205035 0
0.186470 0
0.911328 0
0.185571 0
0.349925 0
0.378878 0
0.076687 0
1.112839 0
0.206289 0
0.068309 0
0.094074 0
0.132217 0
0.493378 0
0.618360 0
0.834585 0
0.993696 0
1.031710 0
0.332120 0
0.801531 0
0.849173 0
0.185934 0
1.278672 0
0.046967 0
0.387021 0
0.787028 0
0.497178 0
0.530334 0
1.061844 0
0.219250 0
0.075527 0
0.202067 0
0.162388 0
0.601481 0
0.195456 0
0.474508 0
1.081647 0
2.003951 0
0.201809 0
0.128699 0
0.229515 0
0.723040 0
0.044675 0
0.100094 0
0.008179 0
0.056836 0
1.048060 0
0.552744 0
0.163872 0
0.556399 0
0.197597 0
0.056593 0
0.767215 0
0.041402 0
0.025094 0
0.528287 0
0.220833 0
0.538110 0
0.085002 0
0.907847 0
0.018476 0
0.506470 0
0.913130 0
0.954331 0
0.410142 0
0.380814 0
1.464078 0
0.327736 0
0.516920 0
0.143268 0
1.014594 0
0.031297 0
0.160224 0
0.976402 0
0.014276 0
0.402606 0
0.017996 0
0.053442 0
0.686248 0
0.177767 0
0.418720 0
0.275722 0
0.425978 0
0.254068 0
0.482926 0
0.106541 0
0.529973 0
0.337670 0
0.755311 0
0.219669 0
0.319924 0
1.395213 0
0.094205 0
0.102767 0
1.177687 0
0.069977 0
0.974712 0
0.245525 0
0.198911 0
0.024169 0
0.034806 0
0.547807 0
0.234087 0
0.755540 0
0.139218 0
0.164914 0
0.210452 0
0.487531 0
0.559438 0
0.256054 0
0.964577 0
1.413559 0
0.400973 0
0.449085 0
0.761499 0
0.039377 0
0.402353 0
0.107095 0
0.290364 0
0.322524 0
0.789401 0
0.356717 0
0.238754 0
0.145336 0
0.068541 0
0.011699 0
0.969728 0
0.867572 0
0.425148 0
1.752998 0
0.390732 0
1.209447 0
0.225151 0
0.281691 0
0.015084 0
1.471415 0
0.491517 0
0.038415 0
1.194430 0
1.325352 0
0.395749 0
1.512115 0
1.411944 0
0.281069 0
0.145905 0
0.059853 0
0.014245 0
0.349146 0
0.026356 0
1.026298 0
0.351437 0
0.253008 0
0.941536 0
0.463802 0
1.504978 0
0.150440 0
1.514441 0
0.045342 0
0.061647 0
0.338608 0
0.057863 0
0.457122 0
0.164257 0
0.875472 0
0.190796 0
0.112135 0
0.115829 0
0.757097 0
0.025770 0
0.531411 0
0.120487 0
0.237434 0
0.315398 0
0.068800 0
1.571693 0
0.164000 0
0.223232 0
0.555389 0
0.639536 0
0.000960 0
0.014197 0
0.328394 0
0.129668 0
0.812212 0
0.517609 0
1.236568 0
0.443518 0
0.067415 0
0.747989 0
1.507408 0
0.405618 0
0.720687 0
0.381588 0
1.268129 0
0.315044 0
1.194201 0
0.197732 0
0.204871 0
0.419512 0
0.049073 0
0.699107 0
0.437525 0
1.084766 0
0.336477 0
0.338516 0
0.250594 0
0.012984 0
0.243861 0
0.222205 0
0.577614 0
0.130022 0
0.525114 0
0.749414 0
0.049882 0
0.977483 0
0.110451 0
1.104137 0
0.950538 0
0.570269 0
0.247617 0
0.091020 0
0.504013 0
0.087416 0
1.331179 0
0.306431 0
0.177293 0
0.045941 0
0.413107 0
0.357888 0
0.237696 0
0.131143 0
0.729416 0
0.682659 0
0.147712 0
0.133563 0
1.051530 0
0.035349 0
0.897785 0
0.165853 0
0.779236 0
1.041960 0
0.065808 0
0.289122 0
0.221160 0
0.938436 0
0.144918 0
1.312255 0
0.359641 0
0.184861 0
0.398188 0
0.037853 0
1.600067 0
0.417444 0
0.033836 0
0.057884 0
0.014332 0
0.856695 0
0.304862 0
0.486111 0
0.154937 0
1.044053 0
0.013826 0
0.735133 0
1.145765 0
0.119710 0
0.411717 0
0.843859 0
0.461815 0
0.447792 0
0.409735 0
0.136532 0
0.111502 0
0.094928 0
0.938954 0
0.082475 0
1.468820 0
1.381765 0
0.532947 0
1.344252 0
1.374509 0
1.464356 0
1.022700 0
0.763360 0
0.362837 0
0.212250 0
0.541833 0
0.718758 0
1.055936 0
0.452911 0
0.278214 0
0.306820 0
0.768246 0
0.800424 0
0.170663 0
0.457768 0
1.114428 0
0.301658 0
0.424613 0
0.386464 0
0.614544 0
0.430874 0
0.050225 0
0.124486 0
0.988079 0
1.165166 0
0.016076 0
0.155883 0
0.045491 0
0.431401 0
0.374716 0
0.828294 0
0.015825 0
0.418434 0
0.127368 0
0.298906 0
0.188785 0
1.111428 0
0.111756 0
1.428429 0
0.397550 0
0.757202 0
0.365214 0
0.010990 0
0.189674 0
0.190974 0
0.292214 0
0.254620 0
0.326174 0
0.278065 0
0.081139 0
0.354355 0
0.177587 0
0.010263 0
0.075082 0
0.008660 0
0.902276 0
0.148126 0
0.187875 0
0.238961 0
0.030933 0
0.132302 0
0.809830 0
0.157137 0
0.896671 0
0.417095 0
0.646275 0
0.165763 0
0.066690 0
0.329110 0
0.004427 0
0.024643 0
0.141248 0
0.050468 0
0.384236 0
0.772462 0
0.043837 0
0.024537 0
0.460811 0
0.129130 0
0.291309 0
0.118962 0
1.071681 0
0.285301 0
0.473438 0
0.013402 0
0.184292 0
0.863974 0
0.639752 0
0.506808 0
0.280738 0
0.497497 0
0.539005 0
0.096361 0
0.129136 0
0.027908 0
0.773977 0
0.762022 0
0.190901 0
0.183125 0
0.340784 0
0.526309 0
0.172453 0
0.638073 0
0.182357 0
0.524504 0
0.085453 0
1.166724 0
1.006049 0
0.072896 0
0.127736 0
0.847062 0
0.564298 0
0.277898 0
0.720189 0
0.675237 0
0.503808 0
0.130519 0
0.177625 0
1.457886 0
1.133542 0
2.147279 0
1.373698 0
0.517681 0
0.736902 0
0.262530 0
0.511314 0
1.305937 0
0.263212 0
0.338484 0
0.299852 0
1.398232 0
1.040442 0
0.032812 0
1.378215 0
0.314418 0
0.075582 0
0.159946 0
0.541420 0
0.030391 0
0.840744 0
0.225164 0
0.776041 0
0.366296 0
0.040563 0
0.235027 0
0.054772 0
0.468170 0
1.023999 0
0.651877 0
1.246064 0
0.117513 0
0.192459 0
0.137412 0
0.261427 0
0.061004 0
0.065011 0
0.226795 0
0.586653 0
0.381035 0
0.119657 0
0.743949 0
0.689524 0
0.049716 0
0.125222 0
0.059084 0
0.446002 0
0.011033 0
0.273495 0
0.154422 0
0.201679 0
1.152978 0
0.595905 0
0.314350 0
0.461786 0
0.788378 0
0.186108 0
0.396259 0
0.141249 0
0.287622 0
0.146860 0
0.316828 0
0.498807 0
0.555989 0
1.013115 0
0.675541 0
0.356078 0
0.205953 0
0.247073 0
0.384338 0
0.857947 0
0.245966 0
0.310213 0
0.806444 0
0.075880 0
1.804110 0
0.421796 0
0.821276 0
0.674100 0
0.097008 0
0.122272 0
0.340541 0
0.711629 0
0.070714 0
0.229912 0
0.007135 0
0.099153 0
0.502854 0
0.594822 0
0.755676 0
0.547939 0
1.322889 0
0.323607 0
0.142200 0
0.136311 0
0.314228 0
0.106492 0
0.415410 0
0.903266 0
0.850127 0
1.292026 0
0.341546 0
0.305902 0
0.342534 0
0.529615 0
0.670640 0
1.506001 0
0.661019 0
0.590262 0
1.276451 0
0.520665 0
0.224692 0
0.680657 0
0.378188 0
0.075921 0
0.983437 0
0.084889 0
0.229126 0
1.149837 0
0.080315 0
0.486944 0
0.079627 0
0.272803 0
0.516742 0
0.607322 0
0.696788 0
0.990722 0
0.208681 0
0.392495 0
0.133781 0
0.481748 0
0.016860 0
0.050492 0
0.205375 0
0.186278 0
0.608261 0
0.152471 0
0.603610 0
0.250911 0
0.068381 0
0.852232 0
0.070044 0
0.136851 0
0.697160 0
0.876878 0
0.117515 0
0.477921 0
0.897250 0
0.461637 0
0.586424 0
0.034301 0
0.546199 0
0.242927 0
0.635479 0
0.978385 0
0.138182 0
0.031498 0
0.148373 0
0.262656 0
0.450993 0
0.802630 0
0.756128 0
1.276930 0
0.266639 0
1.249364 0
0.447291 0
0.535712 0
0.163885 0
1.341667 0
0.115804 0
0.165871 0
0.031014 0
0.105586 0
0.226052 0
0.034569 0
0.671335 0
0.204515 0
0.297895 0
0.225219 0
0.612990 0
0.137866 0
0.873031 0
0.018237 0
0.809286 0
0.107937 0
0.864039 0
0.294136 0
0.764898 0
0.354275 0
0.819045 0
0.267446 0
0.128231 0
0.567007 0
0.165977 0
0.598103 0
1.362489 0
0.213304 0
0.875961 0
0.440307 0
0.382016 0
0.514936 0
0.624456 0
0.446209 0
0.492142 0
0.267123 0
0.404132 0
0.554615 0
0.258465 0
0.241829 0
0.154758 0
0.134940 0
1.429615 0
0.511813 0
1.201113 0
0.269097 0
0.129048 0
0.544893 0
0.210631 0
0.476477 0
0.359783 0
0.834488 0
0.899154 0
1.375740 0
0.199674 0
0.166578 0
0.168363 0
0.193060 0
1.577624 0
0.323814 0
0.054101 0
0.009937 0
0.344332 0
0.772837 0
1.170931 0
0.342816 0
0.069489 0
0.044790 0
0.199729 0
0.025840 0
0.060087 0
0.349890 0
0.003924 0
1.290086 0
1.406240 0
0.009903 0
0.671630 0
0.584420 0
0.744804 0
0.081225 0
0.584682 0
0.105182 0
0.127542 0
0.162959 0
0.238626 0
0.023035 0
0.161429 0
0.502921 0
0.452112 0
0.652648 0
0.893209 0
0.071061 0
0.127939 0
0.661398 0
0.831682 0
0.625113 0
0.062289 0
0.804616 0
0.232177 0
0.180661 0
0.277087 0
0.473399 0
1.162983 0
1.362388 0
0.032569 0
0.072526 0
0.833791 0
0.717099 0
0.253257 0
0.768970 0
0.705341 0
0.135640 0
0.598203 0
0.249164 0
1.085245 0
1.135002 0
0.609029 0
0.487199 0
0.179222 0
0.322994 0
0.544925 0
0.459329 0
0.153661 0
1.142428 0
0.305506 0
0.127376 0
0.614320 0
0.738845 0
0.107232 0
0.576175 0
0.207570 0
0.177074 0
0.144981 0
0.154405 0
0.238006 0
1.331111 0
0.387332 0
0.368192 0
0.120460 0
0.102960 0
0.661906 0
0.206329 0
1.167892 0
0.994352 0
1.552882 0
1.260917 0
1.450820 0
0.681409 0
0.016969 0
0.108355 0
0.983983 0
0.936394 0
0.187966 0
0.218916 0
0.323707 0
0.054319 0
0.231352 0
0.302290 0
0.411223 0
0.062651 0
0.222715 0
0.542173 0
0.025913 0
0.086465 0
0.280867 0
0.008625 0
0.034634 0
1.485991 0
0.454811 0
0.586326 0
0.565633 0
0.047665 0
1.426623 0
0.187900 0
0.127425 0
0.874719 0
0.552622 0
0.127782 0
0.168595 0
0.074922 0
1.139414 0
0.070797 0
0.175160 0
0.705575 0
0.163360 0
0.232107 0
0.772874 0
0.744678 0
0.777048 0
1.486436 0
0.028662 0
0.059857 0
0.051192 0
0.909965 0
0.406507 0
0.212146 0
0.509498 0
0.897617 0
0.766636 0
0.122816 0
0.231790 0
1.197321 0
0.387774 0
0.334749 0
0.609581 0
0.215454 0
0.020918 0
0.997211 0
0.102538 0
0.069753 0
0.649141 0
0.465152 0
0.002799 0
0.011713 0
0.749756 0
0.025581 0
0.128052 0
0.428657 0
1.188790 0
0.379639 0
0.024204 0
0.847627 0
0.357171 0
0.581789 0
0.014931 0
0.037480 0
2.563313 0
0.429742 0
1.036358 0
0.293859 0
0.324667 0
0.503941 0
0.195354 0
0.204770 0
0.419511 0
0.249260 0
0.678491 0
0.861521 0
0.186481 0
0.577552 0
0.102441 0
0.166605 0
0.344605 0
0.062321 0
0.354500 0
0.174944 0
0.896197 0
0.089872 0
0.032015 0
0.277618 0
0.629131 0
1.584558 0
0.287513 0
0.367544 0
0.480347 0
0.284047 0
0.384258 0
0.962246 0
0.063193 0
0.079117 0
0.075037 0
0.520264 0
0.676807 0
0.862985 0
0.724260 0
0.253435 0
0.329087 0
1.386798 0
0.014898 0
1.576153 0
0.378546 0
0.905164 0
0.705508 0
0.021325 0
1.483892 0
0.183631 0
0.304972 0
1.554746 0
0.298807 0
0.875734 0
0.069496 0
0.008622 0
0.191923 0
0.465128 0
0.370965 0
0.092272 0
0.104712 0
0.586134 0
0.058004 0
0.421737 0
0.102612 0
0.243846 0
0.366446 0
0.211971 0
0.056706 0
0.362962 0
0.133018 0
0.286021 0
0.294239 0
0.173783 0
1.664827 0
0.939618 0
0.696707 0
1.378575 0
0.080672 0
0.253358 0
0.177663 0
0.346973 0
0.590385 0
0.115192 0
0.100629 0
0.010885 0
0.500243 0
0.038867 0
0.162555 0
0.060045 0
0.453848 0
0.283431 0
0.828294 0
0.412704 0
0.649800 0
0.128902 0
1.370173 0
0.406852 0
0.255590 0
0.243295 0
0.896544 0
0.851021 0
0.798185 0
0.239325 0
0.087368 0
0.442280 0
0.142550 0
0.287615 0
0.133910 0
0.267645 0
0.499786 0
0.403108 0
0.212825 0
0.441601 0
0.224525 0
0.424621 0
0.324929 0
0.128634 0
0.198186 0
0.345820 0
0.368071 0
0.113780 0
1.515665 0
0.631634 0
0.456860 0
0.696913 0
0.284082 0
0.202812 0
0.718208 0
0.240030 0
0.502847 0
1.502998 0
0.084736 0
1.541164 0
0.729832 0
0.389690 0
0.218544 0
1.146688 0
0.127006 0
1.522434 0
0.957453 0
1.431861 0
0.628679 0
0.434401 0
0.078437 0
0.576172 0
0.019919 0
0.900112 0
0.621333 0
0.036341 0
0.426419 0
0.407556 0
0.106691 0
0.271364 0
0.279677 0
0.312695 0
0.933636 0
0.057270 0
0.406649 0
1.234589 0
0.165632 0
0.472171 0
0.191692 0
0.330146 0
0.028813 0
0.075002 0
0.201365 0
0.212016 0
0.216064 0
0.202287 0
0.569656 0
0.089448 0
0.431893 0
0.049072 0
1.261211 0
0.380273 0
0.031813 0
0.492865 0
0.011076 0
0.209347 0
0.281642 0
0.247796 0
1.725383 0
0.225921 0
0.108567 0
0.180716 0
0.102841 0
0.086715 0
0.826012 0
1.904925 0
0.282756 0
0.199489 0
0.833828 0
0.698883 0
0.424278 0
1.033453 0
1.019593 0
0.246898 0
0.564345 0
0.158000 0
0.099911 0
0.210324 0
0.531945 0
0.335563 0
0.065303 0
0.509530 0
0.463208 0
0.289175 0
0.165473 0
0.035127 0
0.826262 0
0.337061 0
0.222426 0
1.501622 0
0.354556 0
1.457106 0
0.084032 0
0.801078 0
0.151506 0
0.068140 0
0.044309 0
0.568922 0
0.212285 0
1.361713 0
0.511642 0
1.708556 0
1.190503 0
1.237893 0
0.096947 0
0.645880 0
0.779711 0
0.290147 0
0.035905 0
0.026706 0
0.318180 0
0.304683 0
0.930047 0
0.093474 0
0.450763 0
1.140046 0
0.719397 0
0.390683 0
0.699881 0
0.753257 0
1.543746 0
0.031497 0
0.054367 0
0.554318 0
0.449027 0
0.005677 0
0.812769 0
0.489411 0
1.452972 0
0.058838 0
0.229961 0
0.539601 0
0.099217 0
1.513324 0
1.096677 0
0.376707 0
0.003638 0
0.634545 0
0.229422 0
0.307682 0
0.366522 0
0.525238 0
0.293422 0
0.792711 0
0.444838 0
0.236759 0
0.738961 0
0.503955 0
0.410168 0
1.973079 0
0.621309 0
0.226954 0
0.499021 0
0.450429 0
0.101928 0
0.265462 0
0.307209 0
0.007938 0
1.111732 0
0.778712 0
0.309180 0
0.552057 0
0.593490 0
0.460962 0
0.043050 0
0.871117 0
0.852502 0
0.367872 0
0.363522 0
0.078032 0
0.722947 0
1.438224 0
0.317944 0
0.397982 0
0.184513 0
0.258053 0
0.524036 0
0.030642 0
1.385841 0
1.243806 0
0.075258 0
0.370048 0
1.428993 0
0.103459 0
0.275958 0
0.061374 0
0.377971 0
0.117814 0
0.414639 0
0.883114 0
1.511925 0
0.607076 0
0.323937 0
0.757824 0
0.049549 0
0.103298 0
0.739623 0
0.808182 0
0.112980 0
0.263750 0
1.479292 0
0.020382 0
0.053186 0
0.796960 0
0.293253 0
0.482064 0
0.399413 0
0.205342 0
0.081113 0
0.062912 0
0.041391 0
0.154073 0
0.009246 0
0.752342 0
0.515683 0
0.940566 0
0.750686 0
0.118749 0
0.682807 0
0.239929 0
0.066576 0
1.415371 0
0.366543 0
1.196171 0
0.202332 0
0.777915 0
0.038144 0
1.044816 0
0.448532 0
0.359543 0
0.890388 0
0.284822 0
0.333924 0
0.017475 0
0.021431 0
1.061313 0
0.049613 0
0.492973 0
0.035281 0
0.366850 0
0.005863 0
1.030031 0
0.559327 0
0.268489 0
0.013382 0
0.291796 0
0.171848 0
0.260006 0
0.053276 0
0.016445 0
0.159551 0
0.630727 0
0.835187 0
0.629365 0
0.583259 0
0.484436 0
0.600860 0
0.202094 0
0.230557 0
0.105077 0
0.135025 0
0.411376 0
0.247176 0
0.249780 0
0.067088 0
0.064885 0
0.416396 0
1.682354 0
0.102464 0
0.200606 0
0.328570 0
0.278092 0
0.186796 0
1.332216 0
0.219334 0
0.398331 0
0.262750 0
0.343922 0
0.080349 0
0.502741 0
0.534872 0
0.427278 0
0.709455 0
0.092498 0
0.190685 0
0.357897 0
0.155621 0
0.563391 0
0.075277 0
0.345544 0
0.668333 0
0.303731 0
0.723089 0
0.439495 0
0.779749 0
0.343950 0
0.208599 0
0.536763 0
0.912059 0
0.530497 0
0.677798 0
0.925682 0
0.219697 0
0.252001 0
0.243092 0
0.099306 0
0.071883 0
0.640397 0
0.817736 0
0.074432 0
0.162206 0
0.347947 0
0.171896 0
1.543969 0
1.089754 0
0.905139 0
0.412815 0
0.081226 0
0.690167 0
0.105038 0
0.053024 0
1.474215 0
1.030885 0
0.440859 0
0.339947 0
0.448475 0
0.478486 0
0.217185 0
1.418046 0
0.576830 0
1.381309 0
0.757695 0
0.032773 0
0.140154 0
0.151147 0
0.121137 0
0.222192 0
0.441998 0
1.851758 0
0.158884 0
1.406293 0
1.786739 0
0.146711 0
0.869231 0
0.110671 0
0.579144 0
0.213361 0
1.027908 0
0.780157 0
0.425799 0
0.625368 0
0.342247 0
0.496518 0
0.355830 0
0.408476 0
1.284106 0
0.081179 0
0.259475 0
0.953647 0
0.309334 0
0.171240 0
0.259253 0
0.046388 0
0.604793 0
0.706733 0
0.606320 0
1.059359 0
0.286645 0
0.273462 0
1.425994 0
1.569722 0
0.828713 0
0.398283 0
0.313078 0
0.254866 0
0.211287 0
0.571088 0
0.762968 0
1.125056 0
0.151085 0
0.099802 0
0.883988 0
0.592085 0
0.976461 0
0.905003 0
0.736908 0
0.629305 0
0.205614 0
0.713335 0
0.086054 0
0.027924 0
0.848701 0
0.215935 0
1.176384 0
0.041140 0
0.446442 0
0.452879 0
0.340837 0
0.405443 0
0.055002 0
0.286531 0
0.622466 0
0.416799 0
0.277584 0
0.244393 0
0.028615 0
0.123937 0
0.489414 0
0.339650 0
0.155954 0
2.004536 0
0.862784 0
0.780043 0
0.479785 0
0.129870 0
0.194285 0
1.198741 0
1.117527 0
0.044010 0
0.470080 0
0.055073 0
0.135640 0
0.402443 0
0.076074 0
0.746806 0
0.141641 0
0.106281 0
0.117302 0
0.443164 0
0.509970 0
1.193962 0
0.080115 0
1.296992 0
0.854404 0
0.397554 0
0.482598 0
0.001597 0
0.253209 0
0.118130 0
0.160913 0
0.255744 0
1.357404 0
1.320686 0
0.942270 0
0.339005 0
1.319661 0
0.889718 0
0.025162 0
1.407673 0
0.160417 0
0.038966 0
0.703592 0
1.632731 0
0.319285 0
0.082405 0
0.020986 0
0.476066 0
0.437572 0
0.388813 0
0.542676 0
0.197128 0
0.249741 0
0.535265 0
0.722063 0
0.467394 0
0.063499 0
0.082245 0
0.282408 0
1.320868 0
0.936788 0
0.094197 0
0.496805 0
0.883790 0
0.819624 0
1.413636 0
0.921226 0
0.164096 0
0.207779 0
0.241358 0
0.277852 0
0.933899 0
0.721062 0
0.647849 0
0.415434 0
1.379142 0
0.328662 0
0.177863 0
0.085119 0
0.151059 0
0.023803 0
0.822896 0
0.945886 0
0.323787 0
1.266866 0
0.068430 0
1.141218 0
1.110114 0
1.219495 0
0.023678 0
0.190447 0
0.081978 0
0.317146 0
0.354154 0
0.436528 0
0.026316 0
0.154645 0
1.489435 0
0.389720 0
0.018957 0
0.210090 0
0.511929 0
0.401170 0
0.358925 0
0.273368 0
1.011715 0
0.742835 0
0.047636 0
0.188866 0
0.124678 0
0.886797 0
0.062899 0
0.149944 0
0.547472 0
0.259458 0
1.140866 0
0.355381 0
0.113522 0
0.623820 0
0.355903 0
0.294150 0
0.118413 0
0.371245 0
0.246864 0
0.180833 0
0.292799 0
0.229769 0
0.462832 0
0.519771 0
0.614075 0
0.079619 0
1.360837 0
0.208716 0
0.160106 0
1.396609 0
0.060167 0
1.137253 0
0.936790 0
0.345420 0
0.715675 0
1.057549 0
0.179856 0
0.243932 0
0.106421 0
0.260338 0
0.022183 0
0.159919 0
0.543798 0
0.798852 0
0.669482 0
0.396258 0
1.165562 0
0.668639 0
0.628135 0
0.824064 0
0.693750 0
1.149270 0
0.853310 0
1.426144 0
0.087768 0
0.276886 0
0.468423 0
0.380510 0
0.059292 0
1.562377 0
0.208247 0
0.111446 0
0.753394 0
0.183222 0
0.455323 0
0.531377 0
0.022882 0
0.283133 0
0.188103 0
0.095032 0
0.985680 0
0.804327 0
0.717809 0
1.333261 0
1.088308 0
0.323967 0
0.182933 0
0.053707 0
0.281341 0
0.784148 0
0.988149 0
0.676412 0
0.107330 0
0.641428 0
0.356316 0
0.394673 0
0.540596 0
0.398288 0
0.442381 0
0.151431 0
1.627678 0
0.353730 0
0.394880 0
1.017079 0
0.023837 0
0.346406 0
0.168958 0
0.754439 0
0.956407 0
0.057416 0
0.228106 0
0.655064 0
0.267867 0
0.645790 0
0.905874 0
0.079683 0
0.180584 0
0.483941 0
0.802779 0
1.285004 0
0.664961 0
0.299040 0
0.411696 0
1.265725 0
0.337535 0
0.256637 0
0.020418 0
0.084355 0
1.128677 0
0.048532 0
0.201522 0
0.104658 0
0.639183 0
0.508584 0
0.533934 0
0.025507 0
0.823948 0
0.146067 0
0.191756 0
0.260508 0
0.148499 0
0.014696 0
0.071297 0
1.595529 0
0.096522 0
0.377217 0
0.057638 0
0.186722 0
0.645976 0
0.163706 0
0.166531 0
0.686839 0
1.167572 0
0.192551 0
0.264200 0
0.005006 0
0.061636 0
0.004136 0
0.093203 0
0.470002 0
0.063764 0
0.529699 0
1.178708 0
0.900340 0
0.848162 0
1.075769 0
0.177253 0
0.111002 0
0.841166 0
0.198001 0
0.737057 0
0.353200 0
1.200175 0
1.511965 0
0.397608 0
0.169514 0
0.079881 0
0.327538 0
0.158970 0
0.052753 0
0.816577 0
0.078187 0
0.257902 0
0.615700 0
0.820362 0
0.140209 0
0.851638 0
0.037085 0
0.396780 0
0.471527 0
0.191085 0
1.177094 0
0.158235 0
0.339488 0
0.088528 0
0.531303 0
0.994736 0
0.517708 0
0.306173 0
0.106663 0
0.280517 0
0.126542 0
0.016725 0
0.376196 0
0.356096 0
0.161163 0
1.065657 0
0.948092 0
1.108781 0
0.164145 0
0.972574 0
0.121214 0
0.526612 0
0.104665 0
0.460471 0
0.165172 0
0.516667 0
1.134506 0
0.419600 0
0.027808 0
0.124232 0
0.966518 0
0.065080 0
0.596154 0
1.004886 0
0.674002 0
0.545440 0
0.027342 0
1.219275 0
0.272128 0
0.179177 0
0.021300 0
1.490251 0
0.199505 0
0.514287 0
0.222281 0
0.471159 0
1.343699 0
0.123186 0
0.393650 0
0.149444 0
0.121345 0
0.002894 0
0.308835 0
0.422775 0
1.011304 0
0.013697 0
1.314825 0
0.075246 0
0.031881 0
0.149957 0
0.687559 0
0.494312 0
1.157473 0
0.016712 0
0.974377 0
0.304753 0
0.051433 0
0.258660 0
0.360877 0
0.756792 0
0.218920 0
0.019869 0
0.869025 0
0.457258 0
0.690032 0
0.448064 0
0.650583 0
0.428592 0
1.061112 0
1.430218 0
1.687024 0
0.217967 0
0.155950 0
0.155661 0
0.176749 0
1.442336 0
0.028809 0
0.026673 0
0.474251 0
0.443616 0
0.579646 0
1.075592 0
1.330404 0
0.933161 0
0.234876 0
0.419836 0
0.168140 0
0.920170 0
0.365020 0
0.916554 0
0.285455 0
2.150081 0
2.226358 0
0.160925 0
0.039262 0
0.689787 0
0.131097 0
0.055878 0
1.127969 0
0.420583 0
1.448455 0
0.403019 0
0.461777 0
0.019840 0
0.183421 0
0.132526 0
0.690817 0
0.287724 0
0.455387 0
0.184750 0
0.026937 0
0.098055 0
0.175857 0
0.269273 0
1.197329 0
0.859899 0
0.513098 0
0.418454 0
0.674048 0
0.088853 0
0.138745 0
0.519684 0
0.293411 0
0.020650 0
0.185285 0
1.431881 0
0.214402 0
1.078421 0
0.664232 0
0.155871 0
0.511660 0
0.390663 0
0.497845 0
0.395770 0
0.088533 0
0.477040 0
1.049813 0
0.701238 0
0.096636 0
0.672309 0
0.379246 0
0.807653 0
0.048515 0
0.192733 0
1.157846 0
0.008383 0
0.139883 0
0.002620 0
0.225550 0
0.748348 0
0.103030 0
0.225151 0
0.300686 0
0.980051 0
0.908267 0
0.379119 0
0.110640 0
0.301412 0
0.369840 0
0.493728 0
1.403266 0
0.172449 0
0.280028 0
1.691923 0
0.264933 0
0.142948 0
0.539510 0
0.170226 0
0.255567 0
0.229174 0
0.498580 0
1.499334 0
1.425626 0
0.482420 0
1.367632 0
0.275206 0
0.415196 0
0.533127 0
0.209116 0
0.064652 0
0.160530 0
0.485248 0
0.596910 0
0.764576 0
0.343495 0
1.363869 0
0.244589 0
0.258436 0
0.351853 0
1.199201 0
0.091498 0
1.179271 0
0.967868 0
0.345227 0
0.687325 0
0.106836 0
1.386947 0
1.654101 0
0.452624 0
0.268871 0
0.333813 0
0.133375 0
0.144447 0
0.813159 0
0.481131 0
0.211925 0
0.343882 0
0.170923 0
1.033475 0
0.143540 0
0.955697 0
0.431055 0
0.811736 0
0.028919 0
0.898981 0
0.452775 0
0.013295 0
0.957193 0
0.291158 0
0.104130 0
0.053064 0
0.427515 0
0.614778 0
0.270872 0
0.836145 0
0.277835 0
0.221422 0
0.441879 0
0.629853 0
0.478679 0
0.329061 0
0.977692 0
1.565012 0
0.476910 0
0.197149 0
0.325330 0
1.129601 0
0.281449 0
0.915394 0
0.060912 0
0.085657 0
0.094608 0
0.619743 0
0.041993 0
0.645875 0
0.227848 0
0.634737 0
0.580557 0
0.122979 0
0.014881 0
0.061751 0
0.227218 0
0.444717 0
0.055430 0
0.362604 0
1.011172 0
0.446866 0
0.786213 0
0.433058 0
0.969515 0
0.296701 0
1.057068 0
0.128730 0
0.130321 0
0.044023 0
0.474926 0
0.034477 0
1.061723 0
1.362839 0
0.164884 0
0.015196 0
0.281030 0
0.222262 0
0.052261 0
0.053602 0
0.551588 0
1.247329 0
0.336440 0
1.045565 0
0.803469 0
1.146694 0
0.340065 0
0.471600 0
0.913956 0
0.102948 0
0.255681 0
0.519930 0
0.281518 0
0.105470 0
1.329725 0
0.085974 0
0.853549 0
0.714637 0
0.260541 0
0.216173 0
0.546578 0
0.137761 0
0.732505 0
0.031471 0
0.289686 0
0.241404 0
1.410460 0
0.587326 0
1.246731 0
0.346462 0
0.476254 0
0.094543 0
0.273642 0
0.560412 0
0.221187 0
0.010087 0
0.618706 0
0.316195 0
0.163109 0
0.279550 0
0.072620 0
0.191811 0
0.094466 0
0.305735 0
0.235904 0
0.064469 0
0.045517 0
0.635760 0
0.240354 0
0.671059 0
0.140947 0
0.076682 0
0.139403 0
0.209854 0
0.393256 0
0.740526 0
0.674721 0
0.941494 0
0.178482 0
1.444935 0
0.564395 0
0.256202 0
0.129612 0
0.203265 0
0.207962 0
0.315159 0
0.651727 0
0.189645 0
0.624236 0
0.255514 0
1.022583 0
0.042403 0
0.118409 0
0.383408 0
0.338071 0
1.172975 0
1.342897 0
0.295344 0
0.541911 0
1.462389 0
0.350044 0
0.392922 0
0.073168 0
0.445066 0
0.508986 0
0.557596 0
0.110176 0
0.144952 0
0.137205 0
0.387747 0
0.490298 0
0.068432 0
1.718736 0
0.237826 0
0.362084 0
0.359269 0
0.510961 0
0.347242 0
0.344003 0
0.475841 0
0.415093 0
0.721386 0
0.103691 0
0.161378 0
0.604214 0
0.160536 0
0.310939 0
0.218786 0
1.063390 0
0.729915 0
0.609394 0
0.230795 0
0.700569 0
0.538004 0
0.535273 0
0.381399 0
0.320208 0
0.970129 0
0.435359 0
0.256279 0
0.140882 0
0.651662 0
0.176972 0
1.491317 0
0.866020 0
0.369883 0
0.124939 0
0.443171 0
1.230293 0
0.769692 0
0.333245 0
0.073464 0
0.374385 0
0.535671 0
0.216737 0
0.511540 0
0.047345 0
0.322190 0
0.104062 0
0.395637 0
0.118056 0
0.579881 0
0.071897 0
0.330306 0
0.246213 0
0.062131 0
1.965509 0
0.669751 0
0.039792 0
0.137164 0
0.118940 0
0.109669 0
0.132628 0
0.644967 0
1.464267 0
0.071159 0
0.110936 0
1.556937 0
0.731599 0
0.308109 0
0.053171 0
0.213054 0
0.236076 0
1.621034 0
0.440154 0
1.057026 0
0.448560 0
0.165972 0
0.424270 0
0.660960 0
0.487133 0
0.475858 0
0.122452 0
1.378191 0
0.047247 0
0.100122 0
0.026079 0
0.299674 0
0.186658 0
1.122591 0
0.605996 0
1.067305 0
0.731562 0
0.695159 0
0.441897 0
0.151533 0
0.167254 0
0.799885 0
0.095783 0
0.084941 0
0.224170 0
0.122727 0
0.882941 0
0.764018 0
1.089927 0
0.023725 0
0.251281 0
0.032863 0
0.108042 0
0.295212 0
0.442382 0
1.221369 0
0.040968 0
1.083759 0
0.228851 0
0.140280 0
0.637173 0
0.090684 0
0.252426 0
0.680166 0
0.109853 0
0.288286 0
0.155853 0
0.068685 0
1.075574 0
1.220486 0
0.187293 0
0.816601 0
0.210390 0
0.723030 0
0.646597 0
0.069531 0
0.348767 0
0.575644 0
0.343031 0
0.428670 0
0.380685 0
0.421626 0
0.205731 0
0.172967 0
0.133234 0
0.087965 0
1.095279 0
0.165266 0
0.268503 0
0.265806 0
0.471812 0
0.060612 0
0.211415 0
0.080006 0
0.395455 0
0.707977 0
0.188254 0
0.369166 0
0.184704 0
0.534871 0
0.951573 0
0.183131 0
0.347894 0
0.691023 0
0.142827 0
0.051665 0
0.167703 0
0.380466 0
0.269752 0
1.932627 0
1.012951 0
0.381681 0
0.139143 0
1.557048 0
0.033364 0
0.205302 0
0.383731 0
0.877983 0
0.116405 0
0.643749 0
0.730159 0
0.348753 0
1.025331 0
0.462169 0
0.452005 0
0.554606 0
0.290532 0
0.026582 0
0.155190 0
0.858047 0
0.583044 0
0.027483 0
0.226686 0
0.119523 0
0.838818 0
0.977671 0
0.082504 0
1.124960 0
0.317510 0
1.013839 0
0.507212 0
0.266458 0
0.023747 0
0.147729 0
0.976948 0
0.303375 0
0.133315 0
1.454835 0
0.678956 0
0.967566 0
0.068856 0
0.586569 0
0.136859 0
0.751797 0
0.396026 0
0.496354 0
0.210935 0
0.645898 0
0.876255 0
0.222441 0
0.276772 0
2.310574 0
0.367564 0
1.691849 0
0.725059 0
0.459695 0
0.128564 0
0.471073 0
1.538226 0
1.255553 0
0.597842 0
0.093258 0
0.189627 0
0.461568 0
0.898609 0
1.507180 0
0.065302 0
0.201120 0
0.082247 0
0.043489 0
0.459879 0
1.483536 0
0.639971 0
0.549301 0
1.804958 0
0.470554 0
0.048918 0
0.330552 0
0.137768 0
0.378416 0
0.088691 0
0.055997 0
0.134401 0
0.189284 0
0.807353 0
0.603530 0
0.072106 0
0.973627 0
0.036653 0
1.097283 0
1.428076 0
0.606559 0
1.377925 0
0.077742 0
0.152507 0
0.153654 0
0.885646 0
0.587996 0
0.058349 0
0.315989 0
0.965623 0
0.158875 0
0.017286 0
0.097403 0
0.976878 0
1.041263 0
0.602493 0
0.056132 0
0.201697 0
0.503727 0
0.616221 0
0.338055 0
0.455263 0
0.180502 0
1.129059 0
0.061724 0
0.904200 0
0.175717 0
0.785446 0
0.036041 0
0.578020 0
1.032571 0
0.316693 0
0.423098 0
0.173293 0
0.069005 0
0.251173 0
0.671457 0
0.177797 0
0.232018 0
0.676502 0
0.118016 0
1.262398 0
0.030062 0
0.325743 0
1.257875 0
1.250273 0
0.260345 0
0.798203 0
0.582019 0
0.120253 0
0.085026 0
1.336768 0
0.471871 0
0.515447 0
1.287859 0
0.845221 0
0.293390 0
0.896736 0
1.359396 0
0.309814 0
0.474836 0
0.845914 0
1.315850 0
0.547415 0
1.792794 0
0.130162 0
0.632519 0
1.207413 0
0.642212 0
0.672153 0
0.172962 0
0.588417 0
0.484081 0
0.787749 0
0.290085 0
0.556986 0
1.423508 0
0.243516 0
0.486994 0
0.262949 0
0.787503 0
0.302789 0
1.806881 0
0.299208 0
0.291076 0
0.076544 0
0.127971 0
0.137695 0
0.067291 0
0.640103 0
0.389468 0
0.157116 0
0.680237 0
0.167683 0
0.437012 0
0.204622 0
0.345121 0
0.176704 0
0.275630 0
0.419021 0
1.271212 0
0.330409 0
0.040621 0
0.399035 0
1.023354 0
0.042189 0
0.808614 0
1.393529 0
0.038470 0
0.548496 0
0.008971 0
0.267522 0
0.025643 0
0.236174 0
0.177288 0
0.411114 0
0.900795 0
0.102882 0
0.247977 0
0.330852 0
0.393165 0
1.216842 0
0.862446 0
1.108006 0
0.113425 0
0.183468 0
0.062038 0
0.330077 0
0.554211 0
1.053453 0
0.093332 0
0.532330 0
0.229364 0
0.342428 0
0.169799 0
0.243564 0
0.271954 0
0.469548 0
1.112056 0
0.196089 0
0.986204 0
0.087585 0
0.250747 0
0.284031 0
0.261317 0
0.673067 0
0.094793 0
1.011405 0
0.412555 0
0.302388 0
0.984143 0
0.407687 0
0.111708 0
0.520720 0
0.145005 0
2.355244 0
0.630101 0
0.638556 0
0.133131 0
0.394210 0
0.549667 0
0.227748 0
0.126943 0
0.733310 0
1.471223 0
0.126115 0
0.424784 0
0.171400 0
0.588292 0
0.313359 0
0.180632 0
0.627632 0
0.611690 0
0.665521 0
0.350997 0
1.244296 0
0.363220 0
0.399950 0
0.444673 0
1.064946 0
0.164531 0
0.167827 0
0.095918 0
0.657174 0
0.695380 0
0.166124 0
0.273758 0
0.359916 0
0.102022 0
0.132155 0
1.040704 0
0.800587 0
0.026695 0
1.501316 0
0.613705 0
0.414609 0
0.025353 0
0.087133 0
1.437701 0
0.310952 0
0.103837 0
0.578439 0
0.267197 0
0.539429 0
0.409038 0
1.492839 0
0.072942 0
1.718015 0
0.157978 0
0.503053 0
0.065914 0
0.799717 0
0.022617 0
1.097366 0
0.212699 0
0.099061 0
1.468618 0
0.234795 0
0.125914 0
0.092864 0
0.025340 0
0.091924 0
0.371087 0
0.020130 0
0.984969 0
1.166520 0
0.991893 0
0.350938 0
1.450732 0
1.505739 0
0.396013 0
0.662517 0
0.407546 0
0.012252 0
0.536386 0
0.622938 0
0.307858 0
0.101729 0
0.562925 0
0.136028 0
0.415063 0
0.701222 0
0.289460 0
0.054821 0
0.186666 0
0.880374 0
0.124809 0
0.192055 0
0.008130 0
0.587450 0
0.219388 0
0.515905 0
0.129560 0
0.141734 0
0.055882 0
0.209684 0
0.622806 0
1.544065 0
0.414985 0
0.191100 0
1.330516 0
0.108885 0
1.832418 0
0.313550 0
0.209387 0
0.157811 0
0.128162 0
0.713715 0
0.247109 0
0.610613 0
1.124213 0
0.246896 0
1.523620 0
0.997822 0
0.237065 0
0.135229 0
0.736599 0
0.689084 0
0.918362 0
0.240853 0
0.255679 0
0.429876 0
0.315944 0
1.744657 0
0.471251 0
0.208676 0
0.827470 0
1.111197 0
0.373790 0
0.919315 0
1.594132 0
1.355862 0
0.303276 0
0.429214 0
0.221054 0
0.933501 0
0.055845 0
0.133774 0
0.010545 0
0.523760 0
1.733410 0
0.097144 0
0.407201 0
0.039068 0
0.028251 0
0.947608 0
0.052879 0
0.261616 0
0.226090 0
0.118450 0
0.149525 0
0.026306 0
0.382504 0
0.229744 0
0.660371 0
0.328901 0
0.964257 0
0.056012 0
0.538095 0
0.125193 0
0.602541 0
0.075272 0
1.244355 0
0.553917 0
0.134351 0
0.252920 0
0.532591 0
0.227556 0
1.064087 0
1.499304 0
0.062264 0
0.003872 0
0.499260 0
0.136384 0
1.516590 0
0.356882 0
0.547757 0
0.531512 0
1.075299 0
0.119870 0
0.334596 0
0.351928 0
0.146746 0
0.014582 0
0.213858 0
0.932431 0
0.335974 0
0.039717 0
0.812727 0
0.086724 0
0.844089 0
0.567309 0
0.334151 0
0.368953 0
1.467704 0
1.093772 0
0.427736 0
0.739727 0
0.494580 0
0.047338 0
0.174153 0
0.212417 0
0.462369 0
0.297964 0
1.150358 0
0.582289 0
0.484697 0
0.276714 0
0.187057 0
0.186949 0
0.095764 0
0.212471 0
0.161186 0
0.493213 0
0.401210 0
0.542529 0
0.318401 0
0.808809 0
1.104739 0
0.281097 0
0.149395 0
0.532686 0
1.532765 0
0.544345 0
0.300818 0
0.198549 0
0.315992 0
1.500829 0
0.698904 0
0.470682 0
1.010704 0
0.455757 0
0.214286 0
0.404677 0
0.381998 0
0.290383 0
0.661230 0
0.190444 0
0.224877 0
0.276596 0
0.232956 0
0.273747 0
1.573141 0
0.154194 0
0.130463 0
1.025038 0
1.674478 0
0.210038 0
0.447345 0
0.165885 0
0.269517 0
0.117372 0
0.082925 0
0.558065 0
0.019665 0
1.408258 0
0.263490 0
0.140632 0
0.131944 0
0.507066 0
0.653201 0
0.147179 0
0.049830 0
0.738528 0
0.750554 0
0.475739 0
0.534724 0
0.114229 0
0.078079 0
0.641242 0
0.455328 0
0.228633 0
1.443116 0
0.221374 0
0.281422 0
0.553258 0
0.649097 0
0.168746 0
1.085638 0
0.056590 0
0.759304 0
0.086431 0
0.290065 0
1.672318 0
0.529054 0
1.137111 0
0.632005 0
0.440422 0
1.215319 0
0.828898 0
0.429523 0
0.578090 0
0.165415 0
0.292455 0
0.425616 0
0.069428 0
0.026308 0
1.249715 0
0.922672 0
0.087877 0
0.833508 0
0.658197 0
0.016263 0
0.302427 0
0.038366 0
0.392914 0
0.655149 0
0.393050 0
1.349153 0
0.765821 0
0.514919 0
0.101617 0
1.419454 0
0.063734 0
0.718199 0
0.289225 0
0.128434 0
0.248605 0
0.267606 0
0.202938 0
1.328024 0
0.256026 0
0.344136 0
0.069474 0
0.859921 0
0.295370 0
1.378870 0
0.258976 0
0.128227 0
0.370106 0
1.034225 0
0.700341 0
0.910707 0
1.322022 0
0.693331 0
0.208759 0
1.360232 0
0.661785 0
0.055352 0
0.282497 0
0.451137 0
0.142197 0
0.342791 0
1.393338 0
0.366943 0
0.584596 0
0.887152 0
1.111531 0
0.227742 0
0.169239 0
0.253257 0
0.087246 0
1.036730 0
0.059436 0
0.087946 0
0.212281 0
0.282704 0
0.465727 0
0.049306 0
0.284653 0
0.750986 0
0.076931 0
0.602170 0
0.283353 0
0.453820 0
0.357613 0
0.169744 0
0.050922 0
0.251817 0
0.088221 0
0.033504 0
0.073443 0
0.216956 0
0.071847 0
1.380688 0
0.145911 0
1.531684 0
0.105544 0
0.082634 0
0.062558 0
0.155001 0
1.494892 0
0.027430 0
0.328954 0
0.301169 0
0.263641 0
0.054735 0
0.363199 0
1.693195 0
0.640051 0
0.963850 0
0.282602 0
1.430551 0
0.658015 0
1.399030 0
0.081844 0
0.260749 0
0.086017 0
1.533015 0
0.214232 0
0.277377 0
0.394547 0
0.790870 0
0.657648 0
0.176202 0
0.007881 0
0.956326 0
0.019363 0
1.367768 0
0.002734 0
0.491102 0
0.084375 0
0.525544 0
0.077421 0
0.423716 0
1.220549 0
0.098298 0
0.237204 0
1.174945 0
0.452570 0
0.209598 0
0.078272 0
0.197400 0
0.448364 0
1.255700 0
0.464360 0
1.282914 0
1.377546 0
1.898424 0
0.414820 0
0.505694 0
0.124997 0
0.864419 0
0.068840 0
0.196435 0
0.283527 0
0.155354 0
0.183915 0
1.146759 0
1.504400 0
0.119419 0
0.138591 0
0.200082 0
0.560064 0
0.332906 0
0.643071 0
1.543140 0
0.939066 0
0.027542 0
0.598890 0
0.792253 0
0.329130 0
0.312104 0
1.205813 0
0.926120 0
0.128701 0
0.186728 0
0.632037 0
1.102680 0
0.806809 0
0.070853 0
0.326082 0
0.505481 0
0.132861 0
0.057537 0
0.370263 0
0.596523 0
0.072933 0
1.040391 0
0.855937 0
0.556096 0
0.102133 0
0.039198 0
0.718463 0
0.715115 0
0.573655 0
0.104942 0
1.093412 0
0.016358 0
0.558431 0
0.830677 0
0.262282 0
0.331204 0
0.850354 0
1.621437 0
0.028076 0
0.289545 0
0.021414 0
0.090251 0
0.437527 0
0.284340 0
0.147000 0
0.150323 0
0.444766 0
0.655135 0
0.073967 0
0.586241 0
0.400729 0
0.279739 0
0.788160 0
0.084856 0
0.369853 0
0.237711 0
0.400828 0
0.290012 0
0.302857 0
0.129181 0
0.532256 0
0.223872 0
1.033320 0
1.078268 0
0.176830 0
0.081610 0
1.749376 0
0.179612 0
0.921119 0
1.477985 0
0.144434 0
0.158500 0
0.449631 0
1.857805 0
0.429539 0
0.432038 0
0.830446 0
0.107920 0
0.198042 0
0.536001 0
0.186548 0
1.731040 0
1.105031 0
2.184706 0
0.158739 0
1.483401 0
0.171503 0
0.221170 0
0.997051 0
0.536977 0
1.705266 0
0.698912 0
0.354824 0
0.909167 0
0.213236 0
0.095787 0
0.552208 0
0.219391 0
0.868005 0
0.467451 0
0.292310 0
0.514127 0
0.611714 0
0.508105 0
0.376224 0
0.170793 0
0.803943 0
1.360756 0
0.561613 0
0.075457 0
0.218070 0
0.560265 0
0.923783 0
0.538972 0
0.406650 0
0.191647 0
0.549179 0
0.714379 0
0.623997 0
1.396311 0
0.289920 0
0.991536 0
0.161570 0
0.316687 0
0.067328 0
0.049272 0
0.030392 0
0.245301 0
0.761676 0
0.237472 0
0.015824 0
0.274170 0
0.119772 0
0.223038 0
0.330218 0
0.523835 0
0.859098 0
0.704639 0
0.445397 0
0.097606 0
0.552654 0
0.123178 0
0.583097 0
0.735624 0
0.115939 0
1.246656 0
0.592307 0
0.157222 0
2.115218 0
0.132088 0
0.544017 0
0.109632 0
0.045356 0
0.372153 0
0.064802 0
0.150435 0
0.609997 0
0.537374 0
1.197461 0
0.022394 0
0.134374 0
0.249105 0
0.465331 0
0.220392 0
0.216422 0
0.003658 0
0.017961 0
0.374849 0
0.023100 0
0.104157 0
0.494356 0
0.779216 0
0.270805 0
1.585903 0
0.217217 0
0.188066 0
0.477785 0
1.428540 0
0.172962 0
0.590743 0
0.523602 0
0.100014 0
0.107114 0
0.174060 0
0.838196 0
0.192344 0
0.762390 0
0.334626 0
0.117691 0
0.493265 0
0.573269 0
0.955213 0
0.733712 0
0.266515 0
0.290302 0
0.209867 0
0.199759 0
0.740000 0
0.216019 0
0.216339 0
2.093254 0
0.245940 0
1.958310 0
0.734050 0
0.411488 0
0.347746 0
0.603703 0
0.724605 0
0.272619 0
0.315822 0
0.505396 0
0.591003 0
0.622176 0
1.515253 0
0.357272 0
1.491752 0
0.045311 0
0.465075 0
0.310278 0
0.064230 0
0.383089 0
0.350495 0
0.494562 0
0.410733 0
0.192235 0
0.398946 0
0.491942 0
0.895294 0
0.073065 0
0.913605 0
0.882230 0
0.220825 0
0.412174 0
0.100929 0
0.019464 0
0.049212 0
0.101296 0
0.384103 0
0.797467 0
0.856584 0
1.461752 0
1.594052 0
0.399545 0
0.222108 0
1.000237 0
0.091343 0
0.125471 0
0.476475 0
0.467887 0
1.439517 0
0.293116 0
0.368785 0
0.585878 0
0.772427 0
0.645080 0
1.000103 0
0.439053 0
0.829857 0
0.314770 0
1.282439 0
1.264991 0
0.577188 0
0.267143 0
1.258449 0
0.007820 0
1.046020 0
2.031176 0
0.059986 0
0.346771 0
1.036659 0
0.109550 0
0.857411 0
0.598616 0
0.214963 0
0.644117 0
0.805168 0
1.214329 0
0.089607 0
1.414937 0
1.155296 0
1.437311 0
0.804727 0
0.102271 0
0.689034 0
0.005777 0
0.834790 0
0.202809 0
0.653314 0
0.757634 0
0.686258 0
0.268623 0
0.067836 0
0.073860 0
0.621504 0
0.259337 0
0.253237 0
0.955883 0
0.344698 0
0.197054 0
0.894671 0
1.514992 0
0.276454 0
0.434128 0
0.213816 0
0.134819 0
0.168845 0
0.416460 0
0.026701 0
0.487043 0
1.532555 0
0.786977 0
0.758580 0
0.574555 0
0.281749 0
0.522109 0
0.239676 0
0.823955 0
0.689056 0
0.682216 0
0.271803 0
0.197476 0
0.272211 0
0.065987 0
0.625440 0
0.049256 0
0.888566 0
0.161300 0
0.361988 0
0.131350 0
0.623698 0
0.020626 0
1.413823 0
0.206513 0
0.451415 0
0.418993 0
0.210000 0
0.022665 0
0.134377 0
0.052507 0
0.458395 0
0.707244 0
0.191057 0
0.050914 0
0.106375 0
0.088465 0
0.806983 0
0.885812 0
0.070038 0
1.328371 0
0.318008 0
0.884439 0
0.240766 0
0.679227 0
0.028255 0
0.169128 0
0.934049 0
0.546257 0
1.071172 0
0.091728 0
0.201950 0
0.236360 0
0.853438 0
0.317765 0
0.151750 0
0.260657 0
0.526676 0
0.322978 0
0.132095 0
1.071282 0
0.402782 0
0.354300 0
0.264239 0
1.679273 0
0.089894 0
0.077371 0
0.387509 0
0.119084 0
0.116773 0
0.295089 0
0.220039 0
0.190899 0
0.408792 0
0.272607 0
0.111211 0
0.257277 0
0.835872 0
0.352473 0
0.080149 0
0.573372 0
0.227009 0
0.238824 0
0.662046 0
0.663402 0
0.956438 0
0.842606 0
0.314772 0
0.124193 0
1.533155 0
0.032378 0
0.203839 0
0.349547 0
0.917448 0
0.387816 0
