2.634878 0
0.581608 0
0.706399 0
0.483954 0
0.652306 0
0.438662 0
0.929710 0
1.125930 0
0.442535 0
1.369056 0
0.991580 0
0.231625 0
0.241682 0
0.833154 0
0.485224 0
0.533374 0
0.758655 0
1.162091 0
0.140043 0
0.272656 0
0.873515 0
0.278319 0
0.042074 0
0.458101 0
0.231099 0
0.535294 0
0.193475 0
1.369622 0
0.321768 0
0.418826 0
0.726936 0
0.250431 0
0.287008 0
0.950290 0
0.229463 0
0.230100 0
0.238351 0
0.130003 0
0.246381 0
0.039238 0
0.268642 0
1.524669 0
0.927527 0
0.109036 0
0.018956 0
0.085791 0
0.219914 0
0.133724 0
0.381264 0
0.428658 0
0.345460 0
0.356727 0
0.539625 0
0.014451 0
0.575308 0
0.440747 0
0.526409 0
0.414703 0
0.585622 0
1.381277 0
0.056120 0
0.079419 0
0.752790 0
1.310451 0
0.377289 0
0.038396 0
0.138070 0
0.628045 0
0.436996 0
0.688837 0
0.300803 0
0.889585 0
0.283691 0
0.631113 0
1.420834 0
0.527442 0
0.018752 0
0.822802 0
0.184298 0
0.321021 0
0.133902 0
0.715928 0
0.033429 0
0.076032 0
0.034868 0
0.165435 0
0.167741 0
1.400741 0
1.384960 0
0.010863 0
0.214785 0
0.961959 0
1.046963 0
0.658345 0
1.270433 0
1.496474 0
0.076726 0
0.045445 0
0.075485 0
0.381614 0
0.020446 0
0.317058 0
1.485908 0
1.481006 0
1.375635 0
0.416346 0
0.159122 0
0.372030 0
0.231364 0
0.621509 0
0.127050 0
0.200484 0
0.574130 0
0.419592 0
1.068852 0
0.523793 0
0.551451 0
0.135481 0
0.308785 0
0.239105 0
0.303812 0
0.188430 0
0.735919 0
0.081192 0
0.049947 0
0.177009 0
0.530774 0
0.036930 0
0.098306 0
1.679803 0
0.382547 0
0.288417 0
1.190432 0
0.805099 0
0.265124 0
0.636027 0
0.121755 0
0.055992 0
0.506475 0
0.071957 0
0.598161 0
0.556749 0
0.657551 0
0.578542 0
0.200053 0
0.154768 0
0.050633 0
0.421559 0
1.366696 0
0.059748 0
0.388536 0
1.250291 0
0.027459 0
0.855431 0
0.990857 0
0.557287 0
0.021022 0
0.357772 0
0.288628 0
0.509767 0
0.388554 0
0.305256 0
0.190094 0
1.452771 0
0.114681 0
0.869260 0
0.709234 0
0.332910 0
0.057343 0
0.152417 0
1.775976 0
0.569456 0
1.140332 0
1.070864 0
0.837166 0
0.190124 0
1.569719 0
0.512576 0
0.987656 0
0.374129 0
1.507067 0
0.278865 0
0.155067 0
0.052989 0
0.043449 0
0.911198 0
0.560664 0
0.650579 0
0.328896 0
0.543609 0
1.377504 0
0.030144 0
0.159871 0
1.210325 0
0.001150 0
0.330036 0
1.692849 0
0.176500 0
0.088472 0
1.412608 0
0.708557 0
0.237116 0
0.452502 0
1.480096 0
1.289953 0
0.382093 0
1.268219 0
0.122555 0
0.556615 0
0.093233 0
0.239011 0
0.264079 0
1.098356 0
0.201301 0
0.337970 0
0.450351 0
0.194030 0
1.367110 0
0.057421 0
0.836538 0
0.123044 0
0.185123 0
0.961267 0
1.236889 0
0.798618 0
0.120935 0
0.489403 0
0.101548 0
0.035630 0
0.205745 0
0.304371 0
0.351608 0
0.299949 0
0.357007 0
1.286792 0
0.317392 0
0.083176 0
0.138297 0
0.006548 0
0.061286 0
0.285907 0
0.912922 0
0.407423 0
0.541071 0
0.112194 0
0.797481 0
0.151857 0
0.076230 0
0.451199 0
0.206455 0
0.367974 0
0.065904 0
0.848005 0
0.058289 0
0.256328 0
0.327357 0
0.015529 0
0.385043 0
0.220329 0
0.148745 0
1.578038 0
1.751287 0
1.117517 0
0.172396 0
0.151117 0
0.061727 0
0.120739 0
0.216202 0
0.496755 0
0.095520 0
0.268849 0
0.403960 0
0.018038 0
0.264867 0
0.168911 0
1.551714 0
0.344309 0
0.864407 0
0.118351 0
0.003061 0
1.383588 0
0.899580 0
0.114510 0
1.111243 0
0.275853 0
0.840957 0
0.622325 0
0.023176 0
0.329623 0
0.588297 0
1.391553 0
0.985329 0
0.244164 0
0.079587 0
1.016065 0
0.319822 0
0.509322 0
1.373899 0
0.817614 0
0.295403 0
0.048326 0
0.059932 0
0.734541 0
0.068411 0
0.104540 0
0.036218 0
0.830145 0
0.038032 0
0.133671 0
0.313398 0
1.120202 0
1.092621 0
1.048873 0
0.235001 0
0.716468 0
0.220753 0
0.501266 0
0.399157 0
0.994647 0
1.399759 0
0.145609 0
1.384495 0
1.448845 0
1.057334 0
0.337994 0
0.709886 0
0.018277 0
0.753263 0
0.596188 0
0.717931 0
0.015337 0
0.570402 0
0.840863 0
0.183469 0
0.407507 0
0.121297 0
0.520978 0
0.268942 0
0.446506 0
0.634128 0
0.480741 0
0.542821 0
0.047256 0
0.335378 0
0.118432 0
0.125225 0
0.088295 0
0.327704 0
0.090176 0
0.159423 0
1.423711 0
0.262200 0
0.432363 0
0.512819 0
0.278776 0
0.871144 0
0.022721 0
0.092643 0
0.254728 0
0.512218 0
1.139900 0
0.155865 0
0.007915 0
0.114167 0
0.779014 0
0.131275 0
0.733223 0
0.061178 0
0.191191 0
0.076140 0
1.336917 0
0.117770 0
0.586118 0
0.542276 0
0.663619 0
0.099461 0
0.473384 0
0.979224 0
1.421744 0
0.000461 0
0.394800 0
0.808534 0
0.360535 0
0.027410 0
0.093245 0
0.243858 0
2.071938 0
0.633624 0
1.489355 0
0.320421 0
0.729862 0
0.820249 0
0.337657 0
1.258084 0
1.159871 0
0.459485 0
0.423227 0
0.419622 0
0.165857 0
0.084822 0
0.659265 0
0.401756 0
0.073585 0
0.041302 0
0.075485 0
0.075907 0
0.947317 0
0.677846 0
0.655085 0
0.488426 0
0.740882 0
0.489831 0
0.151932 0
0.356998 0
0.518745 0
0.842463 0
1.144349 0
0.937766 0
1.714660 0
0.986032 0
0.217893 0
1.195699 0
0.389732 0
0.377916 0
0.744025 0
0.203505 0
0.401363 0
1.454663 0
0.617755 0
0.087054 0
0.665006 0
0.048388 0
0.047686 0
0.407399 0
0.356048 0
0.061926 0
0.014690 0
0.260458 0
0.478321 0
0.155549 0
0.131181 0
0.129269 0
0.234100 0
0.461025 0
0.041239 0
0.081612 0
0.315314 0
0.265209 0
0.503696 0
0.303362 0
0.100298 0
0.075096 0
0.451991 0
0.219488 0
0.168501 0
0.366787 0
0.023431 0
1.135915 0
0.236444 0
0.560507 0
0.192888 0
0.341889 0
1.799683 0
0.356014 0
0.240584 0
0.536869 0
0.119687 0
0.244637 0
0.353861 0
0.638771 0
0.138534 0
0.022105 0
0.037921 0
0.423406 0
0.098681 0
0.960290 0
0.118157 0
0.091536 0
0.678289 0
0.008496 0
1.688228 0
0.515395 0
0.150793 0
0.770111 0
0.512234 0
0.372966 0
0.684149 0
0.367163 0
0.300170 0
0.095130 0
0.874204 0
0.658463 0
0.139280 0
1.017971 0
0.875114 0
0.311627 0
1.243264 0
0.384309 0
0.804232 0
0.275770 0
0.774749 0
0.240512 0
1.411216 0
0.354980 0
0.148738 0
0.428952 0
0.317925 0
1.478719 0
0.862441 0
0.205036 0
0.270561 0
0.116082 0
0.037603 0
0.613915 0
0.118251 0
0.311772 0
0.040838 0
0.337065 0
0.600257 0
1.441435 0
1.106756 0
0.820361 0
1.276475 0
0.748829 0
0.141764 0
0.500203 0
0.150667 0
1.338400 0
0.244558 0
0.013006 0
0.974525 0
0.108793 0
0.176930 0
0.516628 0
0.279932 0
0.446203 0
0.094896 0
0.474178 0
1.473347 0
0.839559 0
0.022839 0
0.210374 0
0.503660 0
0.030118 0
1.459184 0
0.413133 0
1.236827 0
1.373986 0
0.137531 0
0.054834 0
0.076806 0
1.048790 0
1.585423 0
0.010178 0
0.509583 0
0.094844 0
0.054275 0
2.255794 0
0.471221 0
0.387917 0
0.927707 0
0.396398 0
0.616550 0
0.143646 0
0.154444 0
0.278008 0
0.589189 0
0.030030 0
0.701187 0
0.044497 0
0.259073 0
0.043199 0
0.145667 0
0.108180 0
0.512885 0
0.457016 0
0.021443 0
0.137709 0
0.440195 0
1.093446 0
0.084925 0
0.544235 0
0.690561 0
0.019010 0
0.344252 0
0.070814 0
0.709482 0
0.015646 0
0.244163 0
1.011651 0
0.429834 0
1.088286 0
0.592132 0
0.585380 0
0.273333 0
1.380355 0
0.467818 0
0.093730 0
0.136364 0
0.255102 0
0.441032 0
0.179562 0
0.529219 0
0.132398 0
0.192982 0
0.205282 0
0.067319 0
0.138081 0
0.171388 0
0.020414 0
0.032711 0
0.183173 0
0.627456 0
0.560919 0
1.255739 0
0.270365 0
0.203714 0
0.090793 0
0.015546 0
0.043757 0
0.687780 0
0.677299 0
1.366760 0
0.134785 0
0.859557 0
0.626533 0
0.033568 0
0.989006 0
0.452786 0
0.589178 0
0.022860 0
0.133516 0
0.968870 0
0.058546 0
0.199885 0
0.015713 0
0.063822 0
0.016963 0
0.200861 0
0.073807 0
0.162832 0
0.083570 0
1.548379 0
0.549353 0
1.387452 0
0.629977 0
0.734220 0
0.370509 0
0.097867 0
0.182452 0
0.057120 0
0.513892 0
0.246187 0
0.082413 0
0.116454 0
1.368381 0
0.553185 0
0.277299 0
0.095269 0
0.232593 0
0.743006 0
0.118751 0
0.966119 0
0.032045 0
0.098107 0
0.028883 0
1.031379 0
0.104609 0
0.274535 0
0.551035 0
1.421403 0
0.288891 0
0.560014 0
1.384711 0
0.081991 0
0.053506 0
0.122122 0
0.059372 0
0.447180 0
0.064124 0
0.380673 0
0.867772 0
0.541900 0
1.651597 0
0.782125 0
0.536382 0
0.088052 0
0.079495 0
0.346661 0
0.407283 0
0.571398 0
1.626424 0
0.106974 0
0.590793 0
0.047912 0
0.167797 0
0.139915 0
0.187635 0
0.112506 0
0.350014 0
0.029954 0
0.409303 0
0.087866 0
1.035577 0
0.143063 0
0.789996 0
0.110910 0
0.478320 0
0.202428 0
0.825967 0
0.775055 0
0.063636 0
0.029992 0
0.388831 0
0.251828 0
0.238162 0
0.029966 0
0.113557 0
0.499974 0
1.085056 0
0.130133 0
0.317366 0
0.164900 0
0.537810 0
0.335428 0
1.437643 0
0.875776 0
0.594933 0
0.866629 0
1.722775 0
0.267711 0
1.143520 0
0.008441 0
0.552409 0
0.036401 0
0.241657 0
0.355845 0
0.105253 0
0.314335 0
1.447801 0
0.209314 0
0.879543 0
0.019558 0
0.855479 0
0.033252 0
0.429427 0
0.120944 0
0.302314 0
0.154683 0
0.671922 0
0.200093 0
0.340301 0
1.294571 0
0.095264 0
0.704544 0
0.088326 0
0.423016 0
0.088191 0
0.082672 0
0.620753 0
0.461362 0
0.636896 0
0.017662 0
0.038470 0
0.900113 0
0.216530 0
0.201246 0
0.121903 0
0.099867 0
0.051108 0
0.631922 0
0.499766 0
0.053932 0
0.104243 0
1.030772 0
0.330227 0
0.010766 0
0.168242 0
0.454436 0
0.093116 0
0.230937 0
0.784588 0
0.147757 0
0.534735 0
0.057035 0
1.602670 0
0.347376 0
0.272191 0
0.110895 0
0.083177 0
0.066311 0
0.107349 0
0.753065 0
0.254727 0
0.162297 0
0.435215 0
1.148723 0
0.682751 0
0.711411 0
0.390571 0
1.382385 0
0.765172 0
0.105622 0
0.089357 0
0.464358 0
0.122431 0
0.666733 0
0.148799 0
0.483133 0
0.285489 0
1.381249 0
0.218035 0
0.208028 0
0.309941 0
0.658737 0
0.072715 0
0.307337 0
0.748586 0
0.328184 0
0.179982 0
1.088514 0
0.422374 0
0.056915 0
0.514204 0
0.119375 0
0.374253 0
0.194917 0
0.385538 0
0.984260 0
0.034021 0
0.251931 0
0.125368 0
0.215439 0
0.242969 0
0.043774 0
0.207954 0
0.339960 0
0.620588 0
0.209324 0
1.165173 0
0.795171 0
0.958400 0
0.966040 0
0.305610 0
0.136411 0
0.972073 0
0.019429 0
0.974256 0
0.528373 0
0.172358 0
0.524543 0
0.307031 0
0.801737 0
0.189456 0
0.788945 0
0.255395 0
0.983426 0
0.082364 0
1.430124 0
0.529364 0
0.789821 0
0.763355 0
0.758231 0
0.441463 0
0.162386 0
1.143938 0
0.288773 0
0.379555 0
0.055583 0
0.840384 0
0.598630 0
1.308893 0
0.466001 0
0.630117 0
1.294162 0
0.393126 0
0.537470 0
0.259041 0
0.709630 0
0.501651 0
0.387301 0
0.157949 0
1.072748 0
0.475679 0
0.296579 0
1.120116 0
0.550104 0
1.028945 0
1.155052 0
0.227292 0
0.913173 0
0.517382 0
0.629417 0
0.216000 0
0.057394 0
1.079452 0
0.246147 0
0.645777 0
0.748724 0
0.104754 0
0.435845 0
1.478935 0
0.498678 0
0.639971 0
0.645256 0
0.978059 0
1.043749 0
1.504650 0
0.256636 0
0.193933 0
0.098261 0
1.216456 0
1.478014 0
0.244587 0
0.569612 0
0.938351 0
0.142345 0
0.447466 0
0.307926 0
0.348548 0
0.446591 0
0.643200 0
0.094641 0
1.257729 0
0.021588 0
0.663297 0
0.049235 0
0.999620 0
0.368533 0
0.452076 0
0.317499 0
0.576774 0
1.088959 0
0.735349 0
1.401858 0
0.908138 0
0.098589 0
0.082552 0
1.540883 0
0.064277 0
0.824594 0
0.310261 0
1.288247 0
1.884329 0
0.209352 0
1.395500 0
0.246497 0
1.040010 0
0.546567 0
0.191026 0
0.008013 0
0.664118 0
1.426523 0
0.162606 0
0.105653 0
0.195192 0
0.140608 0
0.557282 0
0.048552 0
0.168325 0
0.028548 0
0.074179 0
0.149093 0
0.593254 0
0.073811 0
1.494793 0
0.372025 0
0.395683 0
0.047804 0
0.329473 0
0.210832 0
0.284835 0
0.481237 0
0.070073 0
0.116861 0
0.019633 0
0.244353 0
1.043565 0
0.768068 0
1.526023 0
0.519827 0
1.308169 0
0.109819 0
0.251667 0
0.531633 0
0.913768 0
1.188155 0
0.444338 0
0.334182 0
0.125017 0
0.389300 0
0.491673 0
0.112256 0
0.491626 0
0.348346 0
0.027227 0
0.994645 0
0.257314 0
1.417970 0
0.127820 0
0.332155 0
0.072530 0
0.700209 0
0.567650 0
0.275176 0
0.691748 0
0.794184 0
0.051202 0
1.042462 0
0.219815 0
0.144452 0
0.703921 0
0.899555 0
0.148996 0
1.447255 0
0.525842 0
0.573683 0
0.205973 0
0.357159 0
1.530947 0
1.240153 0
0.423082 0
1.714202 0
0.191541 0
0.465517 0
0.331739 0
0.296803 0
0.234376 0
0.510246 0
0.482776 0
0.183646 0
0.577964 0
0.093513 0
0.408209 0
0.353221 0
0.138785 0
0.785448 0
0.367317 0
0.424686 0
0.137829 0
0.718357 0
1.299097 0
0.194284 0
0.090545 0
0.205525 0
0.178312 0
0.926757 0
0.802188 0
0.412453 0
1.517498 0
0.175571 0
0.504378 0
0.187129 0
0.113639 0
0.018651 0
0.924577 0
1.142994 0
0.835217 0
0.132601 0
0.056199 0
0.285226 0
0.225479 0
0.783928 0
1.301086 0
0.405019 0
0.398388 0
0.958512 0
1.420529 0
0.099246 0
0.704243 0
1.236361 0
0.575920 0
0.397438 0
0.120259 0
0.910107 0
0.929363 0
0.119517 0
1.046713 0
0.664511 0
1.041192 0
0.639921 0
1.159147 0
0.231693 0
0.134222 0
0.193405 0
1.572486 0
1.410198 0
0.206598 0
0.234247 0
1.400300 0
0.195754 0
0.367070 0
0.144958 0
0.247540 0
0.631538 0
0.199219 0
0.302692 0
0.533425 0
1.585257 0
0.607472 0
1.689598 0
0.182453 0
0.068705 0
0.143463 0
0.294042 0
0.120699 0
0.157536 0
0.122861 0
0.140113 0
0.198538 0
0.375317 0
0.426592 0
0.791463 0
0.224288 0
1.213827 0
0.061073 0
0.475081 0
0.854998 0
0.041223 0
0.346248 0
0.028150 0
0.218555 0
0.337451 0
0.073568 0
0.483603 0
1.098906 0
1.137877 0
0.054812 0
0.111406 0
1.263335 0
0.611892 0
1.299251 0
0.043514 0
0.268199 0
0.219620 0
0.020546 0
0.214682 0
0.007068 0
0.955031 0
0.288957 0
1.016102 0
0.354132 0
0.090655 0
0.311472 0
0.002767 0
0.104750 0
1.746563 0
1.005694 0
0.134385 0
0.682272 0
0.586348 0
0.216400 0
0.219920 0
0.961161 0
0.553023 0
0.257208 0
0.883297 0
0.038429 0
0.314553 0
0.303497 0
0.004350 0
0.053261 0
0.577523 0
0.742684 0
0.219417 0
0.046034 0
0.898541 0
0.419456 0
0.145418 0
0.076645 0
0.584639 0
0.849720 0
0.283570 0
0.208553 0
0.069848 0
1.201853 0
0.253498 0
0.207724 0
0.774578 0
1.201660 0
1.179137 0
1.494058 0
0.683374 0
0.351831 0
0.254113 0
0.366433 0
0.169935 0
0.222398 0
0.083099 0
0.919954 0
0.123819 0
0.527687 0
0.249646 0
0.494518 0
1.858238 0
0.640177 0
0.031594 0
0.196438 0
0.411740 0
0.090848 0
0.333640 0
0.014046 0
0.036715 0
1.066253 0
1.196401 0
0.012108 0
1.060742 0
0.787386 0
1.182476 0
2.134969 0
0.716973 0
0.247649 0
0.601996 0
0.217179 0
0.325644 0
0.352808 0
1.578151 0
1.459947 0
0.623109 0
0.402712 0
0.378529 0
0.634301 0
1.198120 0
0.532400 0
0.551251 0
0.156363 0
0.141413 0
0.589177 0
0.247557 0
0.425593 0
0.015096 0
0.332083 0
0.183463 0
0.417915 0
0.405629 0
0.236351 0
0.411846 0
1.511467 0
0.204515 0
0.300847 0
0.200424 0
0.204272 0
1.212232 0
0.365877 0
1.427099 0
1.048536 0
0.394330 0
0.256669 0
0.260390 0
0.556647 0
1.177209 0
0.259024 0
0.040926 0
0.696324 0
0.005473 0
0.823248 0
0.420526 0
0.385670 0
0.992368 0
0.096052 0
0.093916 0
0.001937 0
1.510583 0
0.135468 0
0.467888 0
1.484336 0
0.412064 0
0.022038 0
0.174636 0
0.216266 0
0.467176 0
0.826668 0
0.498103 0
0.282985 0
0.454746 0
0.323437 0
0.221566 0
0.264532 0
0.766467 0
0.416609 0
0.622360 0
0.557743 0
1.510685 0
0.509003 0
0.596012 0
0.150763 0
1.293031 0
0.374066 0
0.997170 0
1.810576 0
0.642705 0
0.187392 0
0.861100 0
0.459550 0
0.282065 0
1.013162 0
0.423619 0
0.128498 0
0.294831 0
0.907633 0
0.126616 0
0.756819 0
0.860532 0
0.106387 0
0.165817 0
1.032722 0
1.368448 0
0.722081 0
0.377436 0
0.550324 0
1.514552 0
0.015640 0
0.027964 0
1.126892 0
0.309331 0
0.031452 0
1.608507 0
0.150148 0
0.607283 0
0.111122 0
0.415064 0
0.301898 0
0.113079 0
0.522948 0
0.736409 0
0.315208 0
0.780404 0
0.045701 0
0.259607 0
0.126588 0
0.770087 0
0.629548 0
0.270459 0
0.766866 0
0.507416 0
0.214830 0
0.140075 0
1.070710 0
1.383432 0
0.026879 0
0.777614 0
0.042259 0
0.355477 0
0.175260 0
0.240733 0
0.900603 0
0.351640 0
0.636827 0
0.083017 0
0.571881 0
0.501498 0
0.128463 0
0.131852 0
0.782753 0
0.051142 0
0.065040 0
0.159371 0
0.481918 0
0.803678 0
0.061007 0
0.419840 0
0.083101 0
0.620564 0
0.146547 0
0.041058 0
0.156583 0
0.001971 0
0.101655 0
0.419517 0
0.561155 0
0.300926 0
1.296918 0
0.441071 0
0.058389 0
0.959699 0
1.412647 0
0.019817 0
0.244698 0
0.631292 0
1.362160 0
0.178003 0
0.219328 0
0.420744 0
1.430992 0
0.192638 0
0.645643 0
0.301771 0
0.795252 0
0.681660 0
0.322907 0
0.054430 0
0.622173 0
0.599094 0
0.321434 0
0.308059 0
0.861543 0
0.979983 0
0.166268 0
0.117810 0
0.160449 0
1.062649 0
0.607747 0
0.160376 0
0.947197 0
0.305769 0
0.532696 0
0.289468 0
0.170498 0
1.439416 0
0.916057 0
0.560860 0
0.331205 0
0.210748 0
0.183923 0
0.030804 0
0.148036 0
0.700185 0
0.972073 0
0.022286 0
0.128209 0
0.616366 0
0.362425 0
0.090317 0
0.811136 0
0.235677 0
0.170765 0
0.155577 0
0.150331 0
0.355987 0
0.454912 0
0.451521 0
0.177770 0
0.796547 0
0.438937 0
1.180462 0
1.084462 0
0.108757 0
0.009273 0
1.492940 0
0.346000 0
1.431196 0
1.290617 0
1.049915 0
0.045900 0
0.187871 0
0.035920 0
0.085239 0
0.690762 0
0.120724 0
0.068807 0
1.041187 0
1.410795 0
1.361063 0
0.044682 0
1.531915 0
0.449685 0
0.492013 0
0.158007 0
0.388581 0
0.719893 0
0.600338 0
0.450946 0
0.059665 0
0.116899 0
0.127164 0
0.911395 0
0.019192 0
0.072877 0
0.036908 0
0.595426 0
1.197507 0
0.459804 0
0.592241 0
0.100669 0
0.867773 0
1.683496 0
0.168840 0
1.853243 0
1.577042 0
0.159020 0
0.976604 0
0.338483 0
0.755788 0
0.101905 0
0.197120 0
1.081566 0
0.060494 0
0.437551 0
0.117790 0
0.530184 0
0.489348 0
0.286453 0
0.675505 0
0.274797 0
0.155638 0
0.306394 0
0.197082 0
0.124222 0
0.913369 0
1.497652 0
0.136410 0
0.749705 0
0.048134 0
0.391371 0
0.129031 0
0.444859 0
1.489193 0
0.727321 0
1.413073 0
0.142636 0
0.892419 0
0.190169 0
0.349718 0
0.359775 0
0.129403 0
0.258163 0
0.424607 0
0.162428 0
0.062814 0
0.203606 0
0.250665 0
0.226291 0
0.289257 0
0.337944 0
1.345575 0
0.590126 0
0.081407 0
0.048863 0
0.567481 0
0.480673 0
0.023810 0
0.697398 0
0.223515 0
0.524715 0
0.210087 0
0.238875 0
0.133790 0
0.301480 0
1.334654 0
0.232064 0
0.131538 0
1.447587 0
0.537187 0
0.116368 0
0.581112 0
0.943925 0
0.666947 0
0.412234 0
1.591927 0
1.327604 0
0.229791 0
0.173299 0
0.902453 0
0.345683 0
0.072755 0
0.468428 0
0.028679 0
0.472300 0
0.302006 0
0.217121 0
0.730896 0
0.650503 0
0.934940 0
0.278880 0
0.620303 0
1.206629 0
1.318831 0
0.371594 0
1.078439 0
0.132247 0
0.117595 0
1.132612 0
0.553352 0
0.094434 0
0.468050 0
0.027578 0
0.171094 0
0.256993 0
1.032015 0
0.684294 0
0.837650 0
0.040421 0
0.218865 0
1.224698 0
0.186383 0
1.499078 0
0.249444 0
0.452464 0
1.446965 0
0.648385 0
0.537535 0
1.162259 0
0.291812 0
1.244805 0
0.086270 0
0.904695 0
0.425412 0
0.391707 0
0.105190 0
0.203947 0
0.472952 0
0.628253 0
0.270466 0
0.001682 0
0.163823 0
0.108413 0
0.637777 0
0.935278 0
0.503476 0
0.696207 0
0.464601 0
1.620918 0
0.769566 0
0.517231 0
0.202327 0
0.621326 0
0.306366 0
0.744226 0
0.127958 0
1.277853 0
0.443806 0
0.109240 0
0.187217 0
0.160926 0
0.123207 0
1.376019 0
0.204580 0
0.712929 0
1.020366 0
0.818209 0
0.924116 0
0.045866 0
0.822420 0
0.304368 0
0.219648 0
0.448170 0
0.541890 0
0.055272 0
0.804884 0
0.200046 0
0.165635 0
0.348552 0
0.234201 0
0.613045 0
0.331343 0
0.375339 0
0.477785 0
0.310393 0
0.441512 0
1.283745 0
0.374392 0
0.861294 0
0.728540 0
0.434582 0
0.498794 0
0.211669 0
1.651151 0
0.175660 0
0.525385 0
0.371245 0
0.118042 0
0.407096 0
0.680025 0
0.610464 0
0.118876 0
1.583346 0
0.387249 0
0.171862 0
0.279993 0
0.100947 0
0.048010 0
0.164350 0
0.048230 0
0.376565 0
0.463685 0
0.566108 0
0.035688 0
0.334854 0
0.291712 0
0.203998 0
0.049586 0
0.042048 0
1.039677 0
0.004758 0
0.458214 0
0.346046 0
1.538298 0
0.222829 0
0.139449 0
0.004411 0
0.633117 0
0.063020 0
0.150845 0
0.386552 0
1.049867 0
0.572946 0
0.228747 0
0.763111 0
0.046514 0
0.221604 0
0.800219 0
0.812397 0
0.193455 0
0.812651 0
0.002593 0
0.373650 0
0.015534 0
0.315249 0
1.911504 0
0.491916 0
1.501028 0
0.372803 0
0.067468 0
0.218027 0
0.404824 0
0.055641 0
0.092977 0
0.247014 0
0.314556 0
0.864652 0
0.641944 0
0.191808 0
0.151788 0
0.954567 0
0.785875 0
0.125396 0
0.108176 0
1.005026 0
0.262443 0
1.881327 0
1.001142 0
0.960253 0
0.552767 0
1.072811 0
1.187323 0
0.182069 0
0.315951 0
0.529786 0
1.692834 0
1.462220 0
0.328728 0
1.026121 0
0.661552 0
1.372971 0
0.981885 0
1.513499 0
0.249166 0
0.506510 0
0.320999 0
0.291269 0
0.191542 0
0.168038 0
0.042966 0
0.063733 0
1.472156 0
0.871889 0
0.251306 0
0.077969 0
0.053163 0
0.236385 0
0.056314 0
0.498078 0
0.316661 0
0.108172 0
0.455215 0
0.738277 0
0.024759 0
1.338587 0
0.158377 0
0.260243 0
0.506694 0
0.278064 0
1.381082 0
0.895782 0
0.507010 0
1.386750 0
0.510904 0
1.308503 0
0.355350 0
0.152754 0
1.549227 0
0.342981 0
0.393103 0
0.407793 0
0.112399 0
1.552607 0
1.103054 0
0.374263 0
0.179441 0
0.004332 0
0.170392 0
0.467867 0
0.778972 0
1.311435 0
0.562579 0
0.608270 0
0.343817 0
0.708795 0
0.600948 0
0.279355 0
0.264635 0
0.255708 0
0.182878 0
1.138461 0
1.610346 0
0.621964 0
0.057308 0
0.135526 0
0.758685 0
0.822810 0
0.742815 0
1.166107 0
0.833241 0
1.233668 0
0.481819 0
0.368115 0
0.730584 0
1.532067 0
0.303734 0
1.035987 0
0.088980 0
1.181148 0
0.141842 0
0.082934 0
0.565683 0
0.145820 0
0.265896 0
0.585833 0
0.199662 0
0.040386 0
0.029391 0
1.549792 0
0.348840 0
1.222855 0
1.553255 0
1.365327 0
1.724381 0
0.262052 0
0.264865 0
0.910206 0
0.428751 0
0.241992 0
0.647300 0
0.422289 0
0.157700 0
0.671783 0
0.146660 0
0.101463 0
0.026699 0
1.450115 0
0.296192 0
0.207551 0
0.135864 0
0.055609 0
1.245934 0
0.006482 0
1.497558 0
0.560404 0
0.182019 0
0.496273 0
1.262409 0
0.769150 0
0.020238 0
0.471586 0
1.356078 0
0.267966 0
0.832409 0
0.552758 0
1.226739 0
0.129577 0
0.022994 0
0.450234 0
0.763898 0
0.779078 0
0.587456 0
0.777317 0
0.173911 0
0.164189 0
0.747356 0
0.500834 0
0.233314 0
0.390868 0
0.110512 0
0.080980 0
0.110248 0
0.285446 0
0.028965 0
0.528534 0
0.247639 0
0.382689 0
0.176272 0
0.246707 0
1.078663 0
0.845554 0
0.216076 0
0.172704 0
0.163514 0
0.464610 0
1.312921 0
0.472295 0
0.478029 0
0.059870 0
0.340068 0
0.866699 0
0.437459 0
0.246370 0
0.737496 0
0.394580 0
0.145810 0
1.037673 0
0.129305 0
0.236607 0
0.056126 0
0.289692 0
0.639968 0
0.136549 0
0.040580 0
0.196595 0
0.002382 0
1.081841 0
0.630440 0
0.744204 0
0.152835 0
0.708618 0
0.306119 0
1.086155 0
1.144556 0
0.548339 0
0.178313 0
0.925797 0
0.121566 0
0.168259 0
0.794349 0
0.755743 0
0.237997 0
0.431509 0
0.903365 0
0.171961 0
0.129406 0
1.500020 0
1.490789 0
0.598350 0
1.420541 0
0.343529 0
0.269547 0
0.457571 0
0.975191 0
1.332963 0
0.857237 0
1.174179 0
0.798016 0
0.589494 0
0.096883 0
0.894669 0
0.343036 0
0.100060 0
0.627252 0
0.157901 0
0.370066 0
0.537812 0
0.134387 0
0.436180 0
0.072994 0
0.228885 0
0.191807 0
0.344709 0
0.668032 0
0.424321 0
0.095564 0
0.179189 0
1.193887 0
0.051967 0
0.111318 0
0.732306 0
0.307824 0
0.501196 0
0.762900 0
0.092057 0
1.025892 0
0.183359 0
1.491928 0
0.170671 0
0.021033 0
0.525092 0
1.415115 0
0.137600 0
0.217001 0
0.179161 0
0.032570 0
0.542588 0
0.883468 0
0.046895 0
1.554844 0
0.507529 0
0.028840 0
0.070593 0
0.899300 0
0.277339 0
0.737394 0
0.206876 0
0.275770 0
1.514958 0
0.508566 0
1.303682 0
0.054424 0
0.265830 0
0.787595 0
0.043285 0
0.186211 0
0.364642 0
0.105373 0
0.038702 0
0.510277 0
1.281689 0
0.255672 0
0.258928 0
0.713822 0
1.569339 0
0.776397 0
0.267932 0
0.458662 0
0.447261 0
0.058887 0
0.161532 0
0.318080 0
1.082819 0
0.128065 0
1.616509 0
0.342377 0
0.377273 0
0.589428 0
0.862959 0
0.493604 0
0.268110 0
0.233406 0
0.158743 0
1.074819 0
0.151050 0
0.153317 0
0.071603 0
0.031284 0
0.310637 0
0.156780 0
0.041554 0
0.059443 0
0.853842 0
1.206931 0
1.099156 0
0.169307 0
0.098498 0
0.995133 0
0.164943 0
0.107513 0
0.368784 0
0.057311 0
0.323369 0
1.488183 0
1.157271 0
1.101342 0
0.243025 0
0.087354 0
0.936260 0
0.202841 0
0.497866 0
0.108690 0
0.599367 0
0.180912 0
0.541981 0
0.481304 0
0.235567 0
0.906952 0
0.375221 0
0.678787 0
0.257549 0
0.803861 0
0.909457 0
0.919697 0
0.149688 0
1.409425 0
0.123084 0
0.756022 0
0.960626 0
0.089766 0
1.519855 0
1.095957 0
0.377321 0
1.308024 0
0.244205 0
0.284137 0
0.199528 0
0.041404 0
0.014128 0
0.780240 0
0.808348 0
0.070913 0
0.620215 0
0.058593 0
0.383738 0
0.216562 0
0.741551 0
0.027258 0
0.359408 0
0.098533 0
0.660649 0
0.213295 0
0.171826 0
0.305795 0
0.027486 0
1.243479 0
0.505845 0
0.021116 0
1.460165 0
0.154600 0
0.209849 0
0.333481 0
0.147059 0
0.150432 0
0.501800 0
1.333142 0
0.124878 0
0.214666 0
0.513600 0
0.472329 0
0.109918 0
0.397332 0
0.132808 0
0.087638 0
0.405406 0
0.269149 0
0.200194 0
0.306102 0
0.112295 0
0.371165 0
0.350685 0
0.463318 0
0.530211 0
0.103993 0
0.543179 0
0.116798 0
0.097491 0
0.268785 0
0.374355 0
0.151361 0
0.147805 0
1.466525 0
0.213462 0
1.015166 0
1.139352 0
0.169520 0
0.196564 0
0.143558 0
0.671728 0
0.082507 0
0.302791 0
0.493729 0
0.638507 0
0.088932 0
0.639710 0
0.325518 0
0.339580 0
0.472832 0
0.609711 0
0.322614 0
0.159684 0
1.402372 0
0.362728 0
0.039783 0
0.705781 0
1.106780 0
0.052157 0
1.536525 0
0.165473 0
0.040181 0
0.294670 0
0.360875 0
0.205688 0
0.450993 0
1.181819 0
1.277820 0
0.118054 0
0.418699 0
0.259205 0
0.215534 0
0.071471 0
0.456290 0
1.492626 0
0.057990 0
0.024480 0
0.107002 0
0.590585 0
0.091553 0
0.265958 0
0.044187 0
0.635034 0
0.770756 0
0.195984 0
0.151884 0
0.148730 0
0.139321 0
0.051070 0
0.035515 0
1.198420 0
0.234424 0
0.570304 0
0.364246 0
0.619042 0
0.084971 0
0.865953 0
0.087362 0
0.185370 0
0.080316 0
0.310398 0
0.472413 0
0.490448 0
0.077843 0
0.554463 0
0.645988 0
0.016337 0
0.764382 0
1.070167 0
1.520711 0
1.520696 0
1.065754 0
1.277218 0
0.194679 0
0.371067 0
1.154097 0
0.407010 0
0.053372 0
0.288033 0
0.867251 0
1.893646 0
0.112860 0
0.668722 0
0.228501 0
0.472679 0
0.041233 0
0.392068 0
0.129553 0
0.052564 0
1.221243 0
0.519177 0
0.730712 0
0.666955 0
0.210009 0
0.412443 0
1.195282 0
0.169779 0
0.333443 0
0.316296 0
0.699382 0
0.119226 0
0.188024 0
0.035549 0
0.297612 0
0.257730 0
0.545732 0
0.824946 0
0.590571 0
0.117140 0
1.681302 0
1.092861 0
0.027507 0
0.072360 0
0.020039 0
0.667374 0
0.122328 0
0.953829 0
0.720320 0
0.385408 0
0.066551 0
0.240162 0
0.007479 0
0.373366 0
0.801308 0
0.010937 0
0.580526 0
0.342109 0
0.118777 0
1.460713 0
0.395252 0
0.430980 0
0.110293 0
0.193163 0
0.374065 0
0.217267 0
0.254122 0
0.025774 0
1.422784 0
0.201904 0
1.332359 0
0.049771 0
0.772413 0
1.445609 0
0.607039 0
0.161718 0
0.044357 0
1.088433 0
0.091918 0
0.807261 0
0.309636 0
0.240275 0
0.160146 0
0.184812 0
0.878254 0
1.012756 0
0.650118 0
0.023890 0
0.394767 0
0.019619 0
1.087161 0
0.762823 0
0.242509 0
0.136039 0
0.585275 0
0.763964 0
1.366334 0
0.617686 0
0.681740 0
0.822263 0
0.150820 0
0.074043 0
0.343759 0
0.079844 0
0.388861 0
0.702767 0
0.141893 0
0.852707 0
0.403012 0
0.307393 0
0.406936 0
1.236546 0
1.081397 0
0.167803 0
0.507854 0
0.254630 0
0.231337 0
0.268180 0
0.252794 0
1.384584 0
0.470562 0
0.263065 0
0.412732 0
0.961122 0
1.095356 0
0.093688 0
1.129467 0
0.231167 0
0.193424 0
0.167729 0
0.020200 0
0.155365 0
0.070248 0
1.493061 0
0.010588 0
0.471885 0
1.126372 0
1.281228 0
0.124820 0
0.110000 0
0.717024 0
1.097849 0
0.649711 0
0.985544 0
0.980284 0
0.248000 0
0.145360 0
0.885348 0
0.155161 0
0.047929 0
0.061050 0
1.377882 0
0.026824 0
0.182427 0
0.017759 0
0.544295 0
0.910837 0
0.485514 0
0.367958 0
0.113404 0
0.147888 0
0.343888 0
0.009269 0
0.296677 0
0.630974 0
1.600073 0
0.585073 0
1.033980 0
0.467623 0
0.399022 0
0.156094 0
0.044000 0
1.090075 0
0.169845 0
1.523709 0
0.849322 0
0.360031 0
0.281311 0
0.890788 0
0.257983 0
1.475438 0
0.083212 0
1.415771 0
0.153729 0
0.185344 0
0.106604 0
0.110220 0
0.387259 0
0.339220 0
0.519906 0
0.165212 0
0.024321 0
0.000325 0
0.651917 0
1.316902 0
0.469351 0
0.730294 0
1.428718 0
0.403467 0
0.514839 0
0.718119 0
0.330386 0
1.916463 0
0.910903 0
1.260710 0
0.572077 0
0.441837 0
0.254609 0
0.126759 0
0.810538 0
0.668604 0
0.236917 0
0.468674 0
0.232341 0
1.101529 0
0.410298 0
0.307699 0
0.282164 0
1.058003 0
1.280047 0
1.518023 0
0.102894 0
1.499042 0
0.146642 0
0.175612 0
0.156387 0
0.468705 0
0.346196 0
0.224743 0
0.180856 0
0.921926 0
0.108932 0
0.050724 0
0.067450 0
1.494770 0
0.308194 0
0.241340 0
0.070756 0
1.219253 0
0.780289 0
0.534148 0
0.325451 0
0.364390 0
1.015710 0
0.228679 0
1.159191 0
0.252125 0
0.856165 0
0.010726 0
0.461303 0
0.161939 0
0.056356 0
0.004813 0
0.397840 0
0.560523 0
1.244683 0
0.018052 0
1.323671 0
0.208235 0
0.705177 0
0.970299 0
1.151323 0
0.618804 0
0.221577 0
0.391760 0
0.795015 0
0.798209 0
0.551504 0
0.199685 0
0.168834 0
0.980037 0
0.313080 0
0.270270 0
0.501899 0
0.062475 0
0.044466 0
1.075168 0
0.002179 0
0.881799 0
0.106242 0
0.169623 0
1.309131 0
0.606036 0
0.480836 0
0.707552 0
0.279525 0
0.162507 0
0.665394 0
0.076436 0
1.101321 0
0.626279 0
0.674673 0
0.077494 0
0.789639 0
0.550646 0
0.527007 0
0.139825 0
0.069651 0
1.878360 0
0.396343 0
1.594938 0
0.295155 0
0.247919 0
0.144829 0
0.269173 0
0.135060 0
0.297539 0
0.049581 0
0.235671 0
0.458568 0
0.036221 0
0.938792 0
0.156207 0
1.381376 0
0.388377 0
0.059505 0
0.049399 0
0.431621 0
0.061618 0
0.086151 0
1.265517 0
0.734272 0
0.357525 0
0.592558 0
1.398977 0
0.129624 0
0.766974 0
1.126571 0
0.697300 0
1.392594 0
0.748009 0
1.161757 0
0.012206 0
0.453345 0
0.714136 0
1.193152 0
0.136597 0
0.621940 0
0.086749 0
0.429159 0
0.203266 0
0.261256 0
1.145899 0
0.591854 0
0.265434 0
0.226361 0
0.276003 0
0.141567 0
0.504042 0
0.876214 0
0.397236 0
0.777063 0
0.069964 0
0.226824 0
0.181807 0
0.384873 0
0.211820 0
0.346270 0
0.703876 0
0.074320 0
0.415261 0
0.232845 0
0.211832 0
0.086348 0
0.399379 0
0.054308 0
0.028193 0
0.546836 0
0.305972 0
1.364931 0
0.220347 0
0.320018 0
0.305778 0
1.762229 0
0.470774 0
1.377871 0
0.414817 0
0.625326 0
0.011594 0
0.272591 0
0.329139 0
0.811786 0
0.804692 0
0.255532 0
1.479585 0
0.216345 0
1.010678 0
0.620929 0
0.095324 0
0.022134 0
0.243319 0
0.391118 0
0.101827 0
0.099019 0
0.480975 0
0.188253 0
0.194212 0
0.531831 0
0.146616 0
0.629491 0
0.411036 0
0.458392 0
0.370753 0
0.241941 0
0.324647 0
0.808615 0
1.383139 0
0.189117 0
1.206616 0
0.863823 0
0.283102 0
0.453281 0
0.061978 0
1.487059 0
0.926802 0
0.280911 0
0.170663 0
0.565991 0
0.314932 0
1.343646 0
0.264669 0
0.138228 0
0.613887 0
1.211410 0
0.679899 0
0.650230 0
0.480281 0
0.268397 0
0.579014 0
1.439491 0
0.151057 0
0.249070 0
0.544637 0
0.026472 0
0.725196 0
0.161528 0
0.331335 0
0.437420 0
0.551365 0
0.503654 0
0.089842 0
1.083344 0
1.419465 0
0.140667 0
0.851367 0
0.807165 0
0.092383 0
0.684439 0
0.013029 0
0.063583 0
0.246216 0
0.223232 0
1.372741 0
0.842567 0
1.603045 0
0.182512 0
0.258296 0
0.460391 0
0.348146 0
0.787280 0
0.315562 0
0.067810 0
0.151464 0
0.072341 0
1.217491 0
0.271326 0
0.084492 0
0.258960 0
0.873845 0
0.258229 0
0.202316 0
0.029216 0
0.321215 0
0.321579 0
1.366556 0
0.936960 0
0.693245 0
0.117559 0
0.745698 0
0.859461 0
2.614080 0
0.159047 0
1.382003 0
1.229200 0
1.240991 0
0.739454 0
0.943877 0
0.156803 0
0.046572 0
0.520838 0
0.008395 0
1.133453 0
0.086639 0
1.371923 0
0.439414 0
1.383968 0
0.103545 0
0.107276 0
0.114261 0
0.107953 0
0.075637 0
0.789079 0
0.689316 0
0.278619 0
0.476864 0
1.292992 0
0.111788 0
0.507940 0
0.267139 0
0.255927 0
0.783795 0
0.458362 0
0.562589 0
1.516835 0
0.063383 0
1.418268 0
0.130247 0
0.377842 0
0.591708 0
0.592847 0
0.129362 0
0.882004 0
0.570989 0
0.688971 0
1.227498 0
0.070850 0
0.126698 0
1.457965 0
0.943791 0
0.377549 0
0.016924 0
0.114880 0
0.125076 0
0.088734 0
0.544382 0
1.005934 0
0.414534 0
0.686962 0
0.585757 0
0.567761 0
0.560548 0
0.149384 0
0.084779 0
0.429955 0
0.317618 0
0.147637 0
0.082227 0
0.303774 0
0.589843 0
0.240708 0
0.521734 0
0.263589 0
0.102561 0
0.146634 0
0.027408 0
0.593921 0
0.279060 0
0.183208 0
0.973206 0
0.085751 0
0.266137 0
0.613053 0
0.649380 0
0.196958 0
0.190816 0
0.122356 0
0.200387 0
0.363183 0
0.038025 0
0.165626 0
0.076406 0
0.053977 0
0.145948 0
0.409626 0
0.972250 0
0.277096 0
0.678748 0
0.759810 0
1.260710 0
0.251174 0
0.206312 0
0.363293 0
0.302333 0
0.394673 0
0.411157 0
1.298176 0
0.930097 0
0.451028 0
0.092302 0
0.314737 0
0.184684 0
0.179420 0
0.063691 0
0.028624 0
0.020841 0
0.408891 0
0.610200 0
0.506908 0
0.725657 0
0.970963 0
0.190666 0
0.159665 0
0.215275 0
0.090386 0
0.051460 0
0.251121 0
0.328967 0
0.138196 0
0.976610 0
0.145214 0
0.719532 0
0.812063 0
0.027319 0
0.357543 0
0.501570 0
0.368479 0
0.872928 0
0.364998 0
0.033971 0
0.598740 0
0.888115 0
0.368469 0
0.474791 0
0.035002 0
0.127059 0
0.238449 0
0.009727 0
0.344321 0
0.181877 0
0.973588 0
0.263817 0
1.758374 0
0.268348 0
0.006982 0
0.335731 0
0.060920 0
0.387887 0
0.022394 0
1.403772 0
0.555284 0
1.160723 0
0.183279 0
0.253454 0
0.996907 0
0.256547 0
0.619473 0
0.150195 0
0.165802 0
0.873365 0
0.999421 0
0.457049 0
1.587091 0
0.393351 0
0.642110 0
0.425055 0
1.283929 0
0.111513 0
0.638355 0
1.518753 0
0.179675 0
0.453453 0
0.623246 0
0.895706 0
1.777163 0
0.144818 0
0.633266 0
0.151484 0
0.610542 0
0.568977 0
0.457402 0
0.154015 0
0.352014 0
1.156440 0
1.202896 0
0.316770 0
0.511359 0
0.144400 0
0.643361 0
0.148034 0
0.101993 0
0.338770 0
0.226499 0
0.913779 0
1.512152 0
0.018532 0
0.247504 0
0.462164 0
0.251484 0
0.421895 0
0.185630 0
0.156157 0
0.582876 0
0.565845 0
0.223764 0
1.237534 0
1.058962 0
0.201701 0
0.316138 0
0.634950 0
0.106196 0
0.436268 0
0.028908 0
1.111701 0
0.259452 0
1.129793 0
0.050906 0
0.113579 0
0.136608 0
0.820207 0
0.516291 0
0.223854 0
0.175583 0
0.088626 0
0.796813 0
0.331784 0
0.359933 0
1.137308 0
0.641105 0
0.379932 0
0.397644 0
0.477928 0
0.845949 0
0.163707 0
0.085262 0
0.808891 0
0.282844 0
1.336360 0
1.366676 0
0.352399 0
0.849019 0
0.196640 0
0.696473 0
1.294524 0
0.411233 0
0.049464 0
0.523452 0
0.693727 0
0.614789 0
1.086449 0
0.193605 0
0.157454 0
0.306930 0
0.859904 0
0.840063 0
1.329837 0
0.501675 0
1.446800 0
0.813871 0
0.727499 0
0.260740 0
0.377197 0
0.506584 0
0.238073 0
0.584410 0
0.263072 0
0.245234 0
1.194906 0
0.884912 0
1.467767 0
0.685827 0
0.928150 0
0.054133 0
1.236179 0
0.638988 0
0.687664 0
0.260052 0
0.635295 0
0.766653 0
0.772854 0
0.070659 0
0.463230 0
0.576905 0
0.332880 0
0.055838 0
0.101227 0
0.935870 0
0.396161 0
0.861513 0
0.137135 0
0.026992 0
0.015840 0
0.112003 0
1.017433 0
0.157440 0
0.434391 0
0.515216 0
0.559550 0
1.479031 0
1.938231 0
0.060021 0
0.454073 0
0.425030 0
0.023056 0
0.239280 0
0.072942 0
0.310344 0
0.531978 0
0.156789 0
0.861048 0
0.915247 0
0.060859 0
0.372633 0
0.213151 0
0.033073 0
0.197231 0
0.462016 0
0.497265 0
0.667351 0
0.055684 0
0.049904 0
0.099302 0
0.025685 0
0.511808 0
0.650766 0
0.217349 0
1.429232 0
0.783622 0
0.354618 0
0.435292 0
0.978747 0
0.487511 0
0.543890 0
0.666561 0
0.085242 0
0.401397 0
0.949461 0
0.581615 0
0.153550 0
0.765422 0
0.049594 0
0.263023 0
0.222203 0
0.169202 0
0.272274 0
0.088866 0
0.084191 0
0.195777 0
0.757173 0
1.223712 0
0.975515 0
0.071316 0
1.224580 0
0.607171 0
0.739452 0
0.679503 0
0.108159 0
0.995229 0
0.112130 0
0.065044 0
1.374004 0
1.363022 0
0.239302 0
1.412205 0
1.234102 0
0.239754 0
0.464341 0
0.605240 0
0.193877 0
0.932732 0
0.415419 0
0.363885 0
0.045645 0
0.052422 0
1.188877 0
0.029437 0
0.103572 0
0.255382 0
0.301141 0
0.531482 0
0.029569 0
0.972157 0
0.275720 0
0.188027 0
1.371234 0
0.633892 0
0.497252 0
0.330825 0
0.412697 0
0.760121 0
0.537292 0
0.015882 0
0.124812 0
0.704154 0
0.282925 0
0.209920 0
0.201365 0
0.174505 0
0.646633 0
1.470764 0
0.761192 0
0.699067 0
0.175538 0
0.163966 0
0.235887 0
0.788480 0
0.231238 0
0.352250 0
0.007389 0
0.199579 0
0.050594 0
0.343449 0
0.483742 0
0.035317 0
1.453520 0
0.284368 0
0.647792 0
0.011969 0
0.309220 0
0.634229 0
0.290179 0
0.811391 0
0.379258 0
0.329165 0
0.153834 0
0.231896 0
1.286202 0
0.283386 0
0.981400 0
0.274232 0
0.470755 0
0.754453 0
1.477831 0
0.988217 0
1.805600 0
0.298433 0
1.427423 0
0.199341 0
0.449979 0
1.308513 0
0.582252 0
0.519244 0
0.411072 0
0.271232 0
0.136250 0
0.898665 0
0.664565 0
0.662216 0
0.793960 0
0.077623 0
0.080512 0
0.022227 0
0.145364 0
0.410364 0
0.067526 0
0.682189 0
1.191866 0
0.577299 0
0.135989 0
0.482853 0
0.241915 0
1.210099 0
0.934791 0
0.421604 0
0.302464 0
1.458096 0
1.367960 0
0.996696 0
1.117559 0
0.933335 0
1.704856 0
0.182306 0
0.280666 0
0.518209 0
0.168126 0
0.082998 0
0.253624 0
0.179365 0
0.856262 0
0.159117 0
0.283054 0
0.106518 0
1.358198 0
1.494983 0
0.190631 0
0.997453 0
0.109251 0
1.062338 0
0.688173 0
0.889191 0
0.864996 0
0.262459 0
0.079324 0
1.095442 0
0.541861 0
0.738663 0
0.032321 0
0.286593 0
0.022107 0
0.160739 0
1.129912 0
0.313893 0
0.250307 0
0.936080 0
1.010706 0
0.443785 0
0.376907 0
0.045960 0
0.524282 0
1.085257 0
0.583555 0
1.054929 0
0.204455 0
0.319081 0
0.119531 0
0.685483 0
1.891482 0
0.886788 0
0.364206 0
1.574960 0
0.216813 0
0.516795 0
0.099931 0
0.269756 0
0.925118 0
0.044242 0
0.138455 0
0.954510 0
0.498818 0
1.180590 0
0.886780 0
0.186105 0
0.257773 0
0.134822 0
0.096624 0
0.347794 0
0.100469 0
0.009763 0
0.246417 0
0.174619 0
0.390909 0
0.009081 0
0.112187 0
0.648571 0
0.572316 0
0.420742 0
0.209987 0
0.253945 0
0.658060 0
0.048397 0
0.646282 0
0.201714 0
0.236995 0
0.264794 0
0.471808 0
0.698432 0
0.638797 0
0.810172 0
0.014210 0
0.296095 0
0.118135 0
0.043647 0
0.786120 0
0.145989 0
0.431302 0
0.392738 0
1.088411 0
0.188318 0
0.530001 0
1.645350 0
1.466401 0
0.350067 0
0.604252 0
0.307350 0
0.306745 0
0.881109 0
0.817133 0
0.292320 0
1.675476 0
0.703207 0
0.323749 0
0.082703 0
0.516385 0
0.228964 0
1.141793 0
0.265832 0
0.128844 0
1.185761 0
0.652820 0
0.246157 0
0.336714 0
0.638057 0
1.289259 0
0.114109 0
1.367558 0
1.131767 0
0.770354 0
0.148413 0
0.868782 0
0.131276 0
0.139323 0
0.048370 0
0.078278 0
1.282060 0
0.334149 0
0.916039 0
0.533386 0
0.255288 0
1.625492 0
0.313138 0
0.441699 0
0.386149 0
0.204485 0
0.154928 0
0.139365 0
0.104790 0
0.067816 0
0.290920 0
1.695239 0
1.240470 0
0.480459 0
0.249585 0
0.016197 0
0.084607 0
0.671872 0
0.768166 0
0.661083 0
0.139505 0
0.447252 0
0.708379 0
1.443605 0
0.432022 0
0.056887 0
0.033978 0
0.352752 0
0.160596 0
0.222079 0
0.605477 0
0.435522 0
0.181848 0
0.441153 0
0.431279 0
0.023063 0
0.775293 0
0.796618 0
0.421975 0
0.143929 0
0.286760 0
0.100878 0
0.418365 0
0.268217 0
0.286107 0
0.380757 0
1.370466 0
0.335126 0
0.628592 0
0.582957 0
1.362675 0
0.128759 0
0.272972 0
0.502313 0
0.533799 0
0.445046 0
0.139486 0
0.075088 0
0.108734 0
1.376479 0
0.940058 0
0.145699 0
0.332367 0
1.312696 0
0.120824 0
0.607708 0
1.288392 0
1.154262 0
0.633346 0
0.620672 0
1.281054 0
0.264582 0
0.281276 0
0.420527 0
0.895334 0
1.099768 0
0.283356 0
0.712672 0
0.325290 0
1.360359 0
0.092837 0
0.122614 0
0.309083 0
0.998562 0
0.509476 0
0.038159 0
0.302691 0
0.353316 0
0.995280 0
0.218752 0
0.223750 0
0.276757 0
0.902717 0
0.475826 0
0.661774 0
0.398291 0
1.438844 0
0.557931 0
0.574825 0
0.814382 0
0.538212 0
0.067540 0
0.015567 0
0.656717 0
0.639492 0
0.147396 0
0.184644 0
0.293718 0
0.336684 0
0.429033 0
0.092817 0
0.440375 0
0.286073 0
1.869597 0
0.076968 0
0.172336 0
0.039125 0
1.622216 0
0.353458 0
0.047937 0
0.447228 0
0.165525 0
0.362856 0
0.010724 0
0.945552 0
0.293894 0
0.038226 0
0.462552 0
0.257421 0
1.587788 0
0.124311 0
0.443438 0
0.090197 0
1.241927 0
0.945327 0
0.238272 0
0.310240 0
0.205994 0
0.699043 0
0.691693 0
0.105890 0
0.051037 0
0.142427 0
0.142002 0
0.620558 0
0.047356 0
0.022867 0
0.175135 0
1.090555 0
0.840225 0
0.656103 0
0.851530 0
0.081084 0
0.809180 0
1.525869 0
0.359818 0
1.102196 0
0.651156 0
0.114855 0
0.720769 0
0.748061 0
0.199245 0
0.335846 0
0.551676 0
0.665647 0
0.078615 0
0.025219 0
0.592667 0
0.890898 0
1.443999 0
0.221716 0
0.221540 0
0.365523 0
0.343540 0
0.080207 0
0.321864 0
0.791806 0
0.130510 0
0.665415 0
0.200475 0
0.059605 0
0.336400 0
0.201752 0
0.159936 0
0.195457 0
0.193438 0
0.928443 0
0.395562 0
0.174000 0
0.230400 0
0.459254 0
0.019071 0
0.076763 0
0.610405 0
0.355405 0
0.270066 0
0.105251 0
1.044294 0
0.409504 0
0.040963 0
0.285244 0
1.533406 0
1.497427 0
0.877819 0
0.738173 0
0.190595 0
0.128851 0
0.341239 0
0.542748 0
0.289553 0
0.035078 0
1.200013 0
0.056422 0
0.228155 0
0.229670 0
0.092397 0
0.340146 0
1.058968 0
1.419347 0
0.636541 0
0.035166 0
0.051227 0
0.944874 0
0.012305 0
1.255021 0
1.628366 0
0.135147 0
0.360683 0
0.321003 0
1.124133 0
0.808711 0
1.163677 0
0.103481 0
0.140519 0
1.244675 0
0.424027 0
0.470894 0
1.928616 0
1.257577 0
0.834678 0
0.107017 0
0.059682 0
1.557432 0
0.028854 0
0.598595 0
0.035184 0
0.602899 0
0.603352 0
1.455082 0
0.316685 0
0.501423 0
1.105770 0
1.038887 0
0.003607 0
0.025375 0
1.247125 0
0.122398 0
0.080228 0
0.659712 0
0.003559 0
0.093779 0
0.222979 0
0.410485 0
1.057240 0
0.031751 0
0.609433 0
0.306550 0
0.227626 0
0.184561 0
0.269878 0
0.596578 0
0.212224 0
1.122044 0
0.456611 0
0.495538 0
0.007492 0
1.332508 0
0.155812 0
0.749826 0
0.540510 0
0.724185 0
0.089196 0
0.223469 0
0.401220 0
0.142652 0
0.923572 0
0.797339 0
0.595349 0
0.292363 0
0.196932 0
0.977683 0
0.096961 0
0.771741 0
0.230856 0
0.066458 0
1.400784 0
0.460409 0
0.041328 0
0.552640 0
0.065067 0
0.231055 0
0.041914 0
1.165951 0
0.599401 0
0.467337 0
0.719423 0
0.837918 0
0.443212 0
0.211111 0
0.174046 0
1.777376 0
0.859118 0
1.380466 0
0.132285 0
0.481986 0
1.122331 0
0.446336 0
0.384255 0
0.236405 0
0.752505 0
0.518182 0
0.408030 0
0.631959 0
0.392168 0
0.199829 0
0.971274 0
0.029470 0
1.720306 0
0.418629 0
0.551638 0
0.621207 0
0.906270 0
1.563246 0
0.430314 0
0.557611 0
0.214329 0
0.330133 0
0.151924 0
1.461884 0
0.036824 0
0.141440 0
0.266228 0
0.453742 0
0.200494 0
0.403915 0
0.193704 0
0.226071 0
0.818676 0
0.107933 0
0.119084 0
0.494038 0
0.441320 0
0.103672 0
0.425370 0
0.521016 0
0.255890 0
0.444702 0
0.080459 0
0.092812 0
0.644213 0
0.582773 0
0.256400 0
0.965767 0
0.358406 0
0.106342 0
0.595151 0
0.594212 0
0.131511 0
0.280825 0
0.385895 0
0.211537 0
0.246738 0
0.208336 0
0.039050 0
1.412102 0
0.200792 0
0.090390 0
0.155960 0
0.571374 0
0.038032 0
0.149656 0
0.925041 0
0.008473 0
0.304279 0
0.024053 0
1.331039 0
1.440490 0
0.021133 0
0.022329 0
0.640217 0
1.097916 0
0.035472 0
0.207948 0
0.025854 0
0.393197 0
0.101938 0
0.034852 0
0.093897 0
1.568244 0
0.227493 0
0.812907 0
0.081044 0
0.047656 0
0.535226 0
0.722576 0
0.252166 0
0.818090 0
0.407855 0
0.586431 0
0.253917 0
0.756801 0
0.924985 0
0.436292 0
0.072863 0
0.329686 0
0.295472 0
0.158612 0
2.291115 0
0.967087 0
0.030743 0
0.076636 0
0.177238 0
0.243263 0
1.450801 0
0.645438 0
0.520032 0
0.105227 0
0.146885 0
0.786705 0
0.211657 0
0.499688 0
0.901600 0
0.086523 0
0.734073 0
0.225590 0
1.446341 0
0.331011 0
0.125163 0
0.236023 0
0.176155 0
0.236517 0
0.072891 0
0.031997 0
0.122917 0
0.428873 0
1.453962 0
0.864414 0
0.324496 0
0.817116 0
0.112331 0
0.115429 0
0.083951 0
0.531449 0
0.018536 0
0.768750 0
1.086326 0
0.062690 0
0.275333 0
0.199684 0
1.237677 0
1.090843 0
0.650918 0
0.246345 0
1.484889 0
0.173688 0
0.379775 0
0.080660 0
0.331911 0
0.005644 0
0.379454 0
0.934631 0
1.766337 0
0.691992 0
0.099002 0
0.553435 0
0.378129 0
0.103591 0
0.014057 0
0.240085 0
0.643937 0
0.514560 0
0.252187 0
0.077584 0
0.245945 0
0.048894 0
0.292932 0
0.241579 0
0.182731 0
0.441437 0
0.062826 0
0.091831 0
1.462084 0
0.732721 0
1.406528 0
0.237657 0
1.125598 0
0.075000 0
0.346398 0
0.811122 0
0.188540 0
0.756387 0
0.164464 0
0.915712 0
0.013916 0
0.155935 0
0.088946 0
0.015908 0
0.235905 0
1.565515 0
1.423467 0
0.714766 0
0.265328 0
0.777269 0
0.151940 0
0.641970 0
0.208715 0
0.347057 0
0.115043 0
0.330580 0
0.188893 0
0.657203 0
0.133003 0
0.118529 0
0.417133 0
0.193405 0
0.146308 0
0.139541 0
0.259874 0
0.724110 0
0.042591 0
0.960549 0
1.153185 0
1.405866 0
0.872481 0
0.167522 0
0.179539 0
1.553245 0
0.703794 0
0.874265 0
0.038429 0
0.060233 0
1.486529 0
0.485284 0
0.164434 0
1.420987 0
0.478068 0
0.647739 0
0.082346 0
0.429079 0
0.922689 0
0.729298 0
0.220560 0
0.546944 0
0.452414 0
0.684110 0
1.414224 0
0.820860 0
1.294765 0
0.232052 0
0.751761 0
0.225471 0
0.848142 0
0.603623 0
0.387402 0
0.372895 0
1.196338 0
1.380683 0
1.016932 0
0.473563 0
0.251779 0
0.635076 0
0.583726 0
0.110556 0
0.034771 0
0.159162 0
1.111047 0
1.233846 0
0.316766 0
0.209745 0
0.047070 0
0.660207 0
0.141329 0
0.138862 0
1.196945 0
0.015029 0
0.183853 0
0.142311 0
0.079571 0
0.371053 0
0.623782 0
0.043591 0
0.562276 0
0.085763 0
1.115466 0
0.502433 0
0.635016 0
0.498506 0
0.394094 0
0.116242 0
0.035070 0
0.061905 0
1.163204 0
0.804927 0
0.814177 0
0.708254 0
1.690100 0
0.528088 0
0.927411 0
0.237635 0
0.033387 0
0.070619 0
0.568318 0
1.202313 0
0.290801 0
0.128786 0
0.261753 0
0.839856 0
0.054889 0
1.437008 0
0.844688 0
0.679147 0
0.232463 0
0.166652 0
0.886239 0
0.097046 0
1.008637 0
0.465371 0
0.332667 0
0.528361 0
0.161607 0
0.217103 0
0.308297 0
0.347085 0
0.347557 0
0.380471 0
0.601421 0
0.154402 0
0.682384 0
0.381726 0
1.543303 0
0.335297 0
1.343192 0
0.500817 0
0.284564 0
0.063561 0
0.371114 0
0.193063 0
1.650231 0
0.292952 0
0.173266 0
0.937310 0
0.101439 0
0.450283 0
0.714215 0
0.043289 0
0.222732 0
0.033557 0
0.413174 0
1.189378 0
0.271289 0
0.357966 0
0.487417 0
0.158332 0
0.878670 0
0.313154 0
0.151238 0
0.445215 0
0.394388 0
0.187752 0
0.129964 0
0.364654 0
0.321144 0
0.165015 0
0.048590 0
0.357663 0
0.096405 0
0.004060 0
0.309396 0
0.579189 0
0.742648 0
0.232625 0
1.258131 0
0.534126 0
1.366931 0
0.271696 0
0.390024 0
0.221584 0
0.023706 0
0.568053 0
0.014453 0
0.194919 0
0.706722 0
0.630921 0
0.081276 0
0.233646 0
1.368523 0
1.189724 0
0.351222 0
0.022997 0
0.534829 0
0.041690 0
0.202531 0
0.063423 0
1.092353 0
0.182698 0
1.450906 0
0.183774 0
0.181535 0
0.539333 0
1.052606 0
0.696391 0
0.531676 0
0.476023 0
0.170700 0
0.268253 0
0.109309 0
0.324149 0
0.201539 0
1.154301 0
0.399753 0
0.468354 0
0.424331 0
0.103089 0
0.747020 0
0.866761 0
0.157543 0
0.638561 0
1.188965 0
0.056633 0
0.488433 0
0.839087 0
0.074614 0
0.159726 0
0.593670 0
0.347234 0
0.965369 0
0.197432 0
0.437114 0
0.372580 0
0.227348 0
0.277727 0
0.062786 0
0.478646 0
1.267788 0
0.849101 0
1.211098 0
1.506415 0
0.022738 0
0.096281 0
0.054936 0
0.020827 0
0.251597 0
0.610076 0
0.142104 0
1.057685 0
0.624938 0
0.259329 0
0.292740 0
0.065784 0
1.031882 0
1.175096 0
0.088831 0
0.154535 0
0.723781 0
0.391189 0
0.815188 0
0.678583 0
0.038084 0
0.027792 0
0.397757 0
1.411671 0
0.266390 0
0.746683 0
0.453869 0
0.206336 0
0.394651 0
1.559190 0
0.007699 0
0.047233 0
0.118059 0
0.264510 0
1.205980 0
0.049088 0
0.486545 0
0.388561 0
0.615077 0
0.674798 0
0.389309 0
1.181553 0
1.098407 0
0.156645 0
0.539389 0
0.330787 0
0.315139 0
0.299502 0
0.332413 0
0.103927 0
0.054377 0
0.239767 0
0.000302 0
0.480178 0
0.952373 0
0.684172 0
0.762345 0
0.216383 0
0.233956 0
0.761736 0
0.731340 0
0.324057 0
1.705803 0
0.161617 0
0.161107 0
1.435830 0
0.177449 0
0.530166 0
1.709630 0
0.374980 0
0.441410 0
0.216901 0
0.076763 0
0.142999 0
2.279636 0
0.093762 0
0.058431 0
0.228921 0
0.203265 0
0.781762 0
0.376126 0
0.472358 0
0.034909 0
0.241352 0
0.712318 0
0.910567 0
1.204652 0
1.139866 0
2.775681 0
0.077383 0
0.093810 0
0.417098 0
0.105685 0
1.225703 0
1.127859 0
0.559091 0
0.911496 0
1.520809 0
1.338719 0
1.002546 0
0.754645 0
1.087939 0
0.148641 0
0.408549 0
1.829653 0
1.069782 0
0.510568 0
0.414648 0
0.230948 0
0.113321 0
0.416007 0
0.134402 0
0.434562 0
0.012204 0
0.288804 0
0.112549 0
0.271171 0
0.799339 0
0.274841 0
0.131250 0
0.024511 0
1.446048 0
0.458131 0
0.121960 0
0.038584 0
0.337510 0
0.023559 0
0.050553 0
0.150805 0
0.033890 0
1.425083 0
0.112761 0
0.363279 0
0.347993 0
0.157080 0
0.675947 0
0.253979 0
0.213074 0
0.534433 0
0.285356 0
0.621612 0
0.505840 0
1.086087 0
1.398114 0
0.234163 0
0.986494 0
0.581588 0
0.818876 0
0.260220 0
0.061913 0
0.199000 0
0.090768 0
0.660729 0
0.196538 0
0.069285 0
0.075858 0
0.438077 0
0.393791 0
0.405685 0
0.663955 0
0.005341 0
0.228216 0
1.149122 0
0.873113 0
0.970419 0
1.447489 0
0.975327 0
0.257104 0
0.326952 0
0.360716 0
0.054001 0
0.951284 0
1.333071 0
0.760028 0
0.574901 0
1.665822 0
1.446777 0
1.478594 0
0.619235 0
0.415874 0
0.141654 0
0.220532 0
0.414065 0
1.268872 0
0.763278 0
1.420370 0
0.051012 0
0.179560 0
0.452164 0
0.576050 0
1.165852 0
0.352707 0
0.211362 0
0.418308 0
0.049894 0
0.273308 0
0.634413 0
0.875542 0
0.407150 0
0.097732 0
1.286166 0
0.155550 0
0.057982 0
0.060813 0
0.301289 0
0.813646 0
0.317819 0
0.578536 0
2.144793 0
0.585432 0
0.027165 0
0.136888 0
1.579234 0
0.100712 0
0.773517 0
0.854718 0
0.500219 0
0.207022 0
0.939919 0
0.071008 0
0.023249 0
0.759836 0
0.485692 0
0.055217 0
0.090705 0
0.774105 0
0.471713 0
0.130924 0
0.127377 0
0.330021 0
0.474226 0
0.283679 0
0.692795 0
0.049324 0
0.715896 0
0.177351 0
0.055250 0
0.361024 0
0.108803 0
1.575582 0
0.221129 0
0.317446 0
0.269210 0
0.196055 0
1.249513 0
0.752426 0
0.124193 0
0.164566 0
0.321464 0
0.111824 0
0.378362 0
0.075622 0
0.697613 0
0.366862 0
0.557316 0
0.612074 0
1.007385 0
0.348924 0
0.212255 0
0.323430 0
0.277939 0
0.009382 0
0.468135 0
0.162843 0
0.229569 0
0.105740 0
0.906782 0
0.278173 0
0.174583 0
0.195847 0
0.411343 0
0.013834 0
0.728042 0
1.090743 0
1.241729 0
0.248076 0
0.407119 0
0.680842 0
0.634068 0
0.252562 0
0.973381 0
0.316844 0
0.085917 0
0.079750 0
0.175476 0
0.857553 0
0.047222 0
0.341775 0
1.298593 0
0.675207 0
0.199660 0
0.208182 0
1.388703 0
0.077929 0
0.116391 0
1.362604 0
0.567234 0
1.426848 0
0.296420 0
0.859517 0
0.752414 0
0.880673 0
0.389973 0
0.138221 0
0.707604 0
1.239231 0
0.668019 0
0.791291 0
0.442820 0
2.267426 0
1.499422 0
1.324854 0
0.783806 0
0.621872 0
0.021150 0
0.737986 0
0.107049 0
0.741350 0
0.309148 0
0.787444 0
0.214859 0
0.038164 0
0.446296 0
1.040254 0
0.163305 0
0.335457 0
0.641402 0
0.104089 0
0.281205 0
0.049854 0
0.209280 0
1.130118 0
0.840227 0
0.254666 0
0.116391 0
1.470080 0
0.528573 0
0.933746 0
0.418135 0
0.035963 0
0.255367 0
0.390878 0
0.108286 0
0.047178 0
0.442248 0
0.305156 0
0.710919 0
0.410840 0
0.278150 0
0.904001 0
0.082300 0
0.161858 0
0.982265 0
0.948033 0
1.445789 0
0.995245 0
0.836507 0
1.210398 0
0.154177 0
0.040019 0
0.199543 0
0.448560 0
0.065808 0
0.321972 0
0.585833 0
0.675722 0
0.305781 0
0.153354 0
1.755429 0
0.423631 0
0.811775 0
0.512035 0
0.269098 0
0.167253 0
1.307924 0
0.915468 0
0.710810 0
0.110451 0
0.749064 0
0.095394 0
1.790846 0
1.280161 0
0.651220 0
0.263211 0
0.993337 0
0.186253 0
0.577853 0
0.129758 0
0.973844 0
0.077033 0
0.220029 0
0.198366 0
0.052941 0
0.363419 0
0.326628 0
1.190726 0
0.884284 0
0.226166 0
0.214838 0
0.824032 0
1.017693 0
0.087916 0
0.105984 0
0.130186 0
0.430747 0
1.375072 0
0.343427 0
0.564064 0
0.071860 0
0.602634 0
1.098358 0
0.153717 0
0.602430 0
0.419612 0
0.042295 0
0.437473 0
0.652788 0
0.604994 0
0.754717 0
1.512801 0
1.182452 0
0.212795 0
0.531167 0
0.046380 0
0.404843 0
0.101325 0
0.383728 0
0.134383 0
0.144727 0
1.461678 0
0.411004 0
0.693663 0
0.804424 0
0.656771 0
0.841061 0
0.692777 0
0.090827 0
0.624731 0
0.263837 0
0.007453 0
0.296715 0
0.332602 0
0.269223 0
0.087460 0
1.423706 0
0.807439 0
0.185442 0
0.887266 0
0.115425 0
0.961899 0
0.007317 0
0.130174 0
0.495332 0
0.255013 0
0.317811 0
1.679282 0
0.085956 0
0.123945 0
0.090954 0
0.560212 0
0.488646 0
0.227326 0
0.051494 0
0.772307 0
0.279951 0
0.435309 0
0.121565 0
0.444901 0
0.365133 0
0.421015 0
1.697862 0
0.133615 0
0.716174 0
0.329794 0
0.139682 0
0.672781 0
1.529724 0
0.883620 0
1.112476 0
0.400308 0
1.136293 0
0.000888 0
0.512459 0
0.567826 0
0.701151 0
0.070257 0
0.031615 0
1.787170 0
0.024839 0
0.052540 0
0.795646 0
0.129216 0
0.411639 0
0.773330 0
0.576791 0
0.432661 0
0.858415 0
0.648959 0
0.694251 0
0.262077 0
0.207840 0
0.204026 0
0.263542 0
0.352866 0
0.057376 0
0.719599 0
0.292376 0
1.414387 0
1.486683 0
0.113145 0
0.504401 0
0.532187 0
1.003713 0
0.524665 0
0.219436 0
0.117743 0
0.465397 0
0.262872 0
0.503014 0
0.250655 0
0.079139 0
1.370607 0
1.472168 0
0.055133 0
0.325829 0
0.091407 0
0.591609 0
0.377331 0
0.253370 0
0.227776 0
0.030153 0
0.774165 0
1.338215 0
0.212550 0
0.229392 0
0.074183 0
0.197983 0
0.581859 0
1.285463 0
0.941463 0
0.177919 0
0.122185 0
0.045114 0
0.195579 0
0.270134 0
0.443154 0
0.884267 0
0.113242 0
0.569132 0
1.390576 0
0.116970 0
0.189319 0
0.389472 0
0.074254 0
1.224290 0
0.079239 0
0.240827 0
2.093213 0
0.157841 0
0.874494 0
0.339013 0
1.076622 0
0.205065 0
0.124222 0
1.020260 0
0.866483 0
0.089393 0
0.929275 0
0.999874 0
0.150436 0
0.936387 0
0.066035 0
0.223895 0
0.405947 0
0.619224 0
0.036715 0
0.114541 0
0.345378 0
0.332665 0
0.331981 0
0.025926 0
1.334232 0
0.132517 0
0.166266 0
0.227726 0
0.328825 0
1.134173 0
0.210291 0
0.167672 0
1.003751 0
1.464934 0
0.738102 0
0.133888 0
0.431862 0
1.533797 0
1.086276 0
1.360569 0
0.649309 0
1.001659 0
0.926384 0
0.429039 0
0.686652 0
0.580447 0
0.798598 0
0.369223 0
1.488786 0
0.286942 0
0.280029 0
0.293077 0
0.168877 0
0.378865 0
0.208564 0
0.080640 0
0.165858 0
0.432450 0
0.219366 0
0.102250 0
0.423835 0
1.701021 0
0.197940 0
0.733914 0
0.611095 0
0.553836 0
0.147995 0
0.202993 0
0.978166 0
0.460412 0
0.141865 0
0.379424 0
0.346199 0
0.390855 0
0.628763 0
1.810554 0
0.494354 0
0.593751 0
0.012099 0
0.014291 0
0.813235 0
0.125884 0
0.164110 0
1.486429 0
1.563891 0
0.771045 0
0.124540 0
0.670299 0
0.329572 0
0.189087 0
0.183434 0
0.185022 0
1.505619 0
0.375282 0
0.486685 0
0.871697 0
1.706001 0
0.812227 0
0.135608 0
0.322963 0
0.829646 0
0.008373 0
1.231558 0
0.978019 0
0.087741 0
1.103463 0
0.157274 0
0.310254 0
0.282406 0
0.503633 0
0.028968 0
0.286996 0
0.424261 0
0.131444 0
0.062498 0
0.551841 0
0.358231 0
1.165748 0
1.366847 0
0.272567 0
0.056738 0
0.197290 0
0.155066 0
1.376454 0
0.095855 0
0.767771 0
0.331522 0
0.748616 0
0.133374 0
0.018037 0
0.024384 0
0.608127 0
0.413193 0
0.388557 0
0.031266 0
0.050766 0
0.309406 0
0.338011 0
0.936138 0
0.612912 0
0.589343 0
0.730610 0
0.431804 0
0.741978 0
0.541626 0
0.100585 0
0.012076 0
0.635429 0
0.107513 0
0.106074 0
0.936676 0
0.075562 0
0.730963 0
0.123382 0
0.037496 0
1.271181 0
0.684772 0
1.546371 0
0.790719 0
0.934488 0
0.857391 0
0.438179 0
0.187086 0
0.212748 0
0.316917 0
0.108119 0
0.366646 0
0.819870 0
0.272037 0
0.174147 0
0.200532 0
0.164533 0
1.480094 0
0.258169 0
0.595402 0
0.198362 0
0.504677 0
0.345773 0
0.525097 0
0.817994 0
0.025354 0
0.342508 0
0.457021 0
1.413947 0
0.083180 0
0.751651 0
1.410217 0
0.103996 0
1.369821 0
0.377408 0
0.323133 0
0.681359 0
0.154813 0
1.319477 0
0.836981 0
0.449736 0
0.332523 0
1.224057 0
0.238773 0
0.697229 0
0.348021 0
0.443334 0
0.212372 0
0.290886 0
0.776631 0
0.092701 0
1.119886 0
0.416798 0
0.061093 0
0.357507 0
0.150213 0
1.423320 0
0.667393 0
0.648791 0
1.039717 0
0.393091 0
0.048463 0
0.519417 0
0.286408 0
0.242019 0
0.312035 0
0.086293 0
0.113136 0
0.197272 0
0.074176 0
0.142093 0
0.652818 0
0.872746 0
0.392659 0
0.778088 0
0.535384 0
0.405982 0
0.561073 0
0.313356 0
0.376400 0
0.365130 0
0.389029 0
0.971923 0
0.006040 0
0.064101 0
0.146824 0
0.004414 0
0.035241 0
0.456827 0
0.018971 0
0.231992 0
0.482666 0
0.400995 0
0.755389 0
0.833307 0
0.057772 0
0.176755 0
0.115183 0
0.233476 0
0.609398 0
0.634778 0
0.329401 0
0.194511 0
0.266735 0
0.456289 0
0.089318 0
0.862475 0
0.269032 0
0.386945 0
0.329018 0
0.789857 0
1.076977 0
0.921189 0
1.079496 0
0.278055 0
0.336274 0
0.171610 0
0.136884 0
0.841578 0
1.362513 0
0.428520 0
0.169316 0
0.860676 0
1.057942 0
0.393750 0
1.451066 0
0.134926 0
0.119293 0
0.161507 0
0.316689 0
0.066534 0
0.195436 0
0.067187 0
0.354939 0
0.163108 0
1.403896 0
0.101404 0
0.031219 0
0.048090 0
0.200668 0
0.851163 0
0.040419 0
0.301999 0
1.543766 0
0.231547 0
1.032655 0
1.710308 0
0.184626 0
0.086059 0
0.404058 0
0.263164 0
0.629266 0
0.146124 0
0.273707 0
0.441649 0
0.024389 0
1.344071 0
0.301047 0
1.033499 0
1.402790 0
0.375279 0
0.059227 0
0.024542 0
1.267389 0
0.067009 0
0.666384 0
0.213781 0
0.674963 0
0.087766 0
0.016377 0
0.101301 0
0.489251 0
1.106966 0
1.648881 0
1.022679 0
0.205470 0
0.495793 0
1.195365 0
1.000419 0
0.411764 0
0.140665 0
0.305028 0
1.407938 0
0.186096 0
0.347034 0
0.211276 0
0.722206 0
0.380186 0
1.053840 0
0.422425 0
0.200083 0
0.983353 0
0.770368 0
0.600236 0
0.179125 0
0.415374 0
0.356648 0
0.681241 0
0.237796 0
0.888505 0
1.188529 0
0.007806 0
0.185347 0
0.079850 0
0.702990 0
0.434954 0
0.332194 0
0.412238 0
0.126957 0
0.234045 0
0.396315 0
0.099896 0
0.217145 0
0.306970 0
0.579352 0
0.435912 0
0.070380 0
1.495898 0
0.026401 0
0.053705 0
0.095634 0
0.072912 0
0.785925 0
0.225067 0
0.072550 0
0.331808 0
0.186023 0
1.672135 0
0.193913 0
0.458512 0
0.181480 0
0.643074 0
0.068383 0
0.489695 0
0.949335 0
0.526452 0
0.481284 0
0.463287 0
0.111056 0
0.223412 0
0.072036 0
1.324374 0
0.064061 0
0.448927 0
1.829397 0
1.046560 0
0.096992 0
0.459107 0
0.526001 0
0.094366 0
0.445446 0
0.017446 0
0.419187 0
0.030708 0
0.054680 0
0.572824 0
0.450707 0
0.040234 0
1.600492 0
1.655382 0
0.536975 0
1.116250 0
0.033544 0
0.609665 0
0.210466 0
0.646845 0
0.488158 0
0.224290 0
0.943219 0
0.247946 0
0.764709 0
0.520555 0
1.510595 0
0.112129 0
0.114913 0
0.964789 0
0.034747 0
0.024097 0
0.278000 0
0.128689 0
0.437323 0
0.335375 0
0.021291 0
0.186648 0
0.096760 0
0.618854 0
0.324852 0
0.881438 0
0.448988 0
0.752953 0
0.748921 0
0.059269 0
0.837812 0
0.044385 0
1.474990 0
0.179157 0
0.135653 0
0.297831 0
0.076304 0
0.105262 0
0.238383 0
0.460327 0
0.059754 0
0.481296 0
1.025643 0
1.316985 0
0.141291 0
1.526648 0
0.184739 0
0.331109 0
0.101817 0
0.070302 0
0.241994 0
0.263460 0
0.063236 0
0.084092 0
0.092643 0
1.265669 0
0.646134 0
0.104952 0
0.552791 0
1.043552 0
0.421357 0
0.461731 0
0.094300 0
0.302820 0
0.161223 0
0.611286 0
0.389320 0
1.645224 0
0.046537 0
0.254611 0
0.449738 0
0.162379 0
0.145034 0
0.035160 0
0.791142 0
0.254384 0
0.552397 0
0.519942 0
1.062559 0
0.312152 0
0.055681 0
0.974547 0
0.067245 0
0.282967 0
0.042048 0
0.073073 0
0.555681 0
0.208965 0
1.681840 0
0.180797 0
0.402469 0
0.011652 0
0.098939 0
0.471715 0
0.751215 0
0.371381 0
2.332025 0
1.604560 0
0.125594 0
0.046184 0
0.166919 0
0.400713 0
0.185444 0
1.505640 0
0.446589 0
0.473821 0
0.078820 0
0.743833 0
0.406274 0
1.325994 0
0.401567 0
0.900368 0
0.507349 0
1.632786 0
0.807597 0
0.828593 0
0.101372 0
0.016309 0
0.430946 0
1.236029 0
1.084666 0
0.177353 0
0.074983 0
0.519872 0
0.908058 0
0.425798 0
0.113680 0
0.648029 0
0.448916 0
0.676871 0
0.285764 0
1.424772 0
0.913014 0
0.406804 0
0.150333 0
1.023816 0
0.350164 0
0.463815 0
0.154721 0
0.398086 0
0.129663 0
1.339301 0
0.182263 0
1.398338 0
0.112980 0
0.026455 0
0.718631 0
1.240923 0
0.410567 0
0.309743 0
0.165864 0
0.991787 0
0.160800 0
0.508013 0
0.222682 0
0.430222 0
0.014379 0
0.653240 0
0.231477 0
0.534033 0
0.803578 0
0.099657 0
0.172021 0
0.356553 0
1.173512 0
0.050177 0
0.625856 0
0.301891 0
0.044837 0
0.488703 0
0.563164 0
0.050437 0
0.377451 0
0.975105 0
0.191192 0
0.389529 0
0.009539 0
0.722628 0
1.040571 0
0.338258 0
0.100128 0
0.039216 0
0.445820 0
1.414092 0
0.175906 0
0.155701 0
0.068712 0
0.748189 0
0.055973 0
0.147328 0
1.596966 0
0.472512 0
0.576916 0
0.689457 0
0.704812 0
0.057477 0
0.314736 0
0.303480 0
0.478840 0
0.031821 0
1.159761 0
0.427697 0
0.302982 0
0.250117 0
0.133515 0
0.114993 0
0.445764 0
0.152595 0
0.194901 0
0.723713 0
1.300752 0
1.552749 0
0.981135 0
0.042132 0
0.156514 0
0.584370 0
0.334222 0
1.294224 0
0.555834 0
0.310404 0
0.245965 0
0.329459 0
0.279124 0
1.865867 0
0.060178 0
0.571254 0
2.019731 0
0.688722 0
1.279115 0
0.237407 0
1.040605 0
0.298112 0
0.387907 0
0.594822 0
1.372671 0
0.109814 0
1.155120 0
1.209416 0
0.463281 0
0.229080 0
0.112973 0
0.183863 0
0.363479 0
0.153379 0
0.683696 0
0.076715 0
1.789718 0
0.040792 0
0.232547 0
0.619364 0
0.521901 0
0.390574 0
0.101824 0
0.365374 0
0.727247 0
0.057246 0
0.192441 0
0.339403 0
0.703767 0
0.645546 0
0.739194 0
0.504993 0
0.134292 0
0.221821 0
0.631703 0
1.086493 0
0.401775 0
0.220489 0
0.169318 0
0.060265 0
0.110785 0
0.334882 0
0.426837 0
1.041801 0
0.998512 0
0.098603 0
0.150578 0
0.115700 0
0.708764 0
0.292182 0
0.076438 0
0.936583 0
0.216068 0
0.141901 0
0.119863 0
0.138725 0
0.142394 0
1.418300 0
0.302397 0
0.019548 0
0.028709 0
1.752545 0
0.128454 0
0.800415 0
0.238473 0
1.374371 0
1.189584 0
0.389599 0
0.569958 0
0.563198 0
0.098556 0
1.203868 0
0.158695 0
1.515862 0
0.400118 0
0.071886 0
0.329854 0
0.212539 0
0.661200 0
1.303291 0
0.744125 0
0.728459 0
1.280364 0
0.280843 0
0.193122 0
0.147036 0
0.057884 0
0.675617 0
0.080720 0
0.864787 0
0.440232 0
0.139201 0
0.890637 0
0.286664 0
0.562831 0
0.021871 0
0.253691 0
0.071258 0
0.605355 0
0.637071 0
0.609296 0
0.053245 0
0.156605 0
0.029686 0
0.224334 0
0.637624 0
0.963190 0
0.985320 0
0.513911 0
0.280873 0
0.279562 0
0.456103 0
0.461988 0
0.905681 0
0.343719 0
1.122579 0
0.086566 0
0.799408 0
0.071397 0
0.310860 0
0.372188 0
0.062809 0
1.556280 0
0.106215 0
0.806479 0
0.046269 0
1.032956 0
0.052608 0
1.455541 0
1.061188 0
0.116606 0
1.349092 0
0.299660 0
0.226015 0
0.492809 0
0.446641 0
0.303086 0
0.355485 0
0.052337 0
1.535072 0
0.334704 0
1.270489 0
0.036375 0
0.156085 0
0.818331 0
0.560125 0
1.124979 0
0.502402 0
0.717971 0
0.185297 0
0.480875 0
0.402140 0
0.312150 0
1.470086 0
0.797869 0
1.137689 0
0.274023 0
1.087030 0
0.152942 0
0.108751 0
0.102584 0
1.413365 0
1.125557 0
1.536480 0
0.118835 0
1.243065 0
0.695540 0
0.352131 0
0.067844 0
0.129208 0
0.028458 0
0.270883 0
1.293096 0
0.315855 0
0.411591 0
0.475271 0
0.549022 0
0.129048 0
0.419680 0
0.904412 0
0.820027 0
0.619403 0
0.415959 0
0.246418 0
1.390839 0
0.529642 0
0.433088 0
0.356490 0
0.216478 0
1.563033 0
0.836134 0
0.267873 0
0.549875 0
0.477450 0
0.098198 0
0.250114 0
0.663955 0
0.251340 0
1.375024 0
0.205512 0
0.732804 0
1.554463 0
0.308807 0
0.242812 0
0.208558 0
0.314740 0
0.180941 0
0.228716 0
0.559907 0
0.099932 0
0.299874 0
1.014042 0
0.452219 0
0.493247 0
0.200498 0
0.644409 0
0.625315 0
0.253627 0
0.757312 0
0.457183 0
1.382199 0
0.101912 0
0.715210 0
0.154535 0
0.068902 0
0.321757 0
0.304086 0
0.896956 0
0.422051 0
0.135670 0
0.151806 0
1.485084 0
0.674850 0
0.599794 0
1.076020 0
0.098358 0
0.179601 0
0.905316 0
0.170425 0
0.465555 0
0.171200 0
0.620228 0
0.269049 0
0.480422 0
0.390055 0
0.768391 0
0.170547 0
0.176885 0
0.179661 0
0.428605 0
0.578373 0
0.296108 0
1.246394 0
0.210411 0
0.368241 0
0.162065 0
0.169165 0
0.004399 0
0.127191 0
0.193997 0
0.440283 0
0.856502 0
0.067249 0
0.611212 0
0.603568 0
1.323877 0
0.071482 0
1.276609 0
0.308121 0
0.755524 0
0.933079 0
0.166989 0
0.349810 0
1.144883 0
0.141685 0
0.056817 0
0.156020 0
0.938706 0
0.122222 0
0.330437 0
0.160314 0
0.174597 0
0.665205 0
0.027452 0
0.002607 0
0.923253 0
0.550472 0
0.416533 0
0.152929 0
0.540939 0
0.183345 0
0.150589 0
1.019206 0
0.972999 0
0.677632 0
0.536207 0
0.904879 0
0.648415 0
0.535342 0
0.257593 0
0.492252 0
0.125577 0
0.421403 0
0.574482 0
0.500944 0
0.101567 0
0.483994 0
0.615726 0
0.399458 0
0.541463 0
0.280004 0
0.705048 0
0.254494 0
0.543598 0
0.309632 0
0.821885 0
1.395671 0
0.140507 0
0.548629 0
0.239230 0
0.253886 0
0.348340 0
0.203390 0
0.156975 0
0.314821 0
0.116646 0
0.176781 0
0.833372 0
0.524687 0
0.280169 0
0.244736 0
0.054601 0
0.281302 0
0.783923 0
0.145598 0
0.187238 0
0.669647 0
0.261876 0
0.549627 0
0.176233 0
0.585137 0
1.195915 0
0.626358 0
0.235708 0
0.062012 0
1.648486 0
1.013220 0
1.984681 0
1.347058 0
0.556352 0
0.831247 0
1.490269 0
0.391817 0
1.138480 0
0.764843 0
0.739323 0
0.472534 0
0.035512 0
0.824969 0
1.379056 0
0.414808 0
0.035257 0
0.212692 0
0.614893 0
0.004717 0
1.105666 0
0.631153 0
0.750661 0
0.627106 0
0.028706 0
0.999383 0
0.748780 0
0.147184 0
0.623774 0
0.158016 0
0.178285 0
0.129327 0
1.529166 0
0.645295 0
0.555277 0
0.736528 0
0.806233 0
0.430602 0
1.280594 0
0.983110 0
1.401237 0
0.220933 0
0.167206 0
0.255619 0
0.284237 0
0.103539 0
0.192833 0
0.750900 0
0.866707 0
0.317975 0
0.702583 0
0.433189 0
0.251105 0
0.898223 0
1.354608 0
0.184595 0
0.100917 0
0.448022 0
0.893240 0
0.690157 0
0.037778 0
0.663558 0
0.213072 0
0.116923 0
0.022022 0
0.487013 0
1.301630 0
0.232085 0
0.148369 0
0.373060 0
1.841019 0
0.305304 0
0.265452 0
0.219785 0
0.067919 0
0.012684 0
0.605447 0
0.529570 0
1.018404 0
0.207363 0
0.451027 0
1.222286 0
1.383402 0
0.931902 0
0.437039 0
0.125396 0
0.415455 0
1.448974 0
0.202684 0
0.602488 0
0.699576 0
0.072315 0
0.365126 0
0.839977 0
0.270637 0
0.626638 0
0.174331 0
0.041367 0
0.132071 0
0.360726 0
0.096053 0
1.019333 0
0.846115 0
0.038510 0
0.177515 0
0.016775 0
0.452042 0
0.792997 0
0.867254 0
1.178571 0
0.469866 0
0.064902 0
0.548338 0
1.081731 0
0.198337 0
0.223774 0
0.190641 0
0.299408 0
1.364420 0
0.343412 0
1.278218 0
0.131423 0
0.132388 0
1.346868 0
1.648960 0
0.468487 0
1.448596 0
0.375838 0
0.435078 0
0.092766 0
0.264116 0
0.972476 0
0.108086 0
0.162005 0
0.510531 0
0.202563 0
1.573418 0
0.547296 0
0.041369 0
0.228758 0
0.567772 0
0.752972 0
0.695737 0
0.293655 0
0.462155 0
0.234394 0
0.524747 0
0.156012 0
0.201568 0
0.496512 0
0.133983 0
0.611744 0
1.458920 0
1.185876 0
1.222135 0
0.924425 0
0.125523 0
0.193712 0
0.181709 0
0.276439 0
0.151308 0
0.165092 0
0.535424 0
0.323870 0
0.104771 0
0.193597 0
0.007712 0
0.250262 0
0.372478 0
0.016089 0
0.184809 0
0.042744 0
0.305112 0
0.268982 0
0.454547 0
0.348806 0
0.148670 0
0.125362 0
1.422943 0
0.026803 0
0.821555 0
0.695026 0
0.452098 0
0.201165 0
0.595931 0
1.220958 0
0.279987 0
0.082216 0
1.006920 0
0.031420 0
0.757668 0
0.201935 0
0.276617 0
0.013036 0
1.245875 0
0.490074 0
0.170480 0
0.814044 0
0.210149 0
1.392882 0
0.224931 0
1.417132 0
0.339095 0
1.109689 0
0.046269 0
0.101154 0
0.557239 0
0.048363 0
0.542367 0
1.417650 0
1.052790 0
0.169690 0
0.349164 0
1.204061 0
0.477339 0
0.137822 0
1.377410 0
0.077527 0
0.655097 0
0.130748 0
1.432191 0
1.042988 0
0.698835 0
0.582615 0
0.418026 0
0.033760 0
0.040414 0
0.507397 0
0.245477 0
0.280954 0
0.561744 0
0.331989 0
0.215759 0
0.673342 0
0.385944 0
1.303843 0
0.508025 0
0.377807 0
0.339277 0
0.664481 0
0.159875 0
0.703451 0
0.839854 0
0.718728 0
0.835921 0
0.067686 0
0.262844 0
0.229754 0
0.747701 0
0.152736 0
0.118526 0
0.292998 0
0.182352 0
0.828140 0
0.590460 0
0.224251 0
0.577023 0
0.667695 0
0.831921 0
0.152286 0
0.183772 0
0.330351 0
0.036846 0
0.467423 0
0.183597 0
0.387929 0
0.568604 0
1.106241 0
0.044118 0
0.266507 0
0.191929 0
0.791282 0
1.055459 0
1.026252 0
0.659134 0
0.113760 0
0.237881 0
1.077114 0
1.346140 0
0.080528 0
0.006260 0
1.353818 0
0.644563 0
0.162905 0
0.136002 0
0.916238 0
0.472439 0
0.141889 0
1.085858 0
0.331145 0
0.526269 0
0.071325 0
0.030045 0
0.030298 0
1.663553 0
0.191940 0
1.104818 0
0.228682 0
0.488655 0
0.667431 0
0.583535 0
0.273168 0
0.344495 0
0.249963 0
1.358904 0
0.327781 0
0.157347 0
1.141575 0
1.087915 0
0.261297 0
0.276605 0
0.257908 0
0.257480 0
0.047734 0
1.462840 0
0.385756 0
0.062337 0
0.741847 0
0.572248 0
0.075681 0
0.010161 0
0.489355 0
0.147950 0
0.910909 0
0.099338 0
0.383902 0
0.289035 0
1.207381 0
0.691277 0
0.642599 0
0.429449 0
1.021220 0
0.457866 0
0.059730 0
0.953881 0
0.507054 0
0.600940 0
1.410128 0
0.495170 0
0.191943 0
0.426445 0
1.144225 0
0.291687 0
0.423983 0
0.070485 0
0.272685 0
0.842876 0
0.846258 0
0.718009 0
1.283592 0
0.064739 0
0.053220 0
0.313447 0
0.738859 0
0.095745 0
0.893427 0
0.057944 0
0.025094 0
1.275503 0
0.163000 0
0.178257 0
0.851361 0
0.283543 0
0.352421 0
0.372695 0
0.255273 0
0.035551 0
0.152822 0
0.882720 0
0.075167 0
0.130636 0
0.048791 0
0.106540 0
1.379564 0
0.533520 0
0.432084 0
1.158580 0
1.364318 0
0.349445 0
1.677443 0
0.165803 0
0.047828 0
0.330039 0
0.159672 0
1.011425 0
0.571030 0
0.116309 0
0.416423 0
1.415080 0
0.093079 0
0.126377 0
0.326980 0
0.410094 0
0.219505 0
1.921629 0
1.089834 0
0.395255 0
0.425130 0
0.193593 0
1.457613 0
0.429587 0
0.215684 0
0.008783 0
0.519267 0
1.407678 0
1.458042 0
0.783056 0
0.307666 0
0.195045 0
0.099694 0
0.404550 0
0.025460 0
0.344692 0
1.407765 0
1.548692 0
0.005181 0
0.161343 0
0.164583 0
0.134067 0
0.004533 0
0.726903 0
0.339359 0
0.560697 0
0.195898 0
2.164429 0
0.589636 0
0.404173 0
1.510757 0
1.140914 0
0.498398 0
0.482412 0
0.154809 0
0.263869 0
0.871494 0
0.696511 0
1.176586 0
1.432962 0
0.320622 0
0.248158 0
0.445001 0
1.127887 0
0.279716 0
1.417996 0
0.133455 0
0.114505 0
0.158504 0
0.294532 0
1.664146 0
1.369205 0
0.162770 0
0.400674 0
0.312038 0
0.220416 0
0.096578 0
0.109614 0
0.518088 0
1.119656 0
0.072791 0
1.554723 0
1.280935 0
0.170787 0
0.703770 0
0.098919 0
0.012891 0
0.601423 0
0.617177 0
0.256124 0
0.251181 0
0.233106 0
0.195773 0
0.090018 0
0.279360 0
0.435214 0
1.095032 0
0.765654 0
1.659854 0
0.141676 0
0.230438 0
0.203537 0
1.679632 0
0.452814 0
0.031306 0
0.957228 0
1.003671 0
0.346607 0
0.311558 0
0.065167 0
0.324378 0
0.714548 0
0.095482 0
0.141468 0
1.407939 0
0.273465 0
0.134653 0
0.048501 0
0.264674 0
0.555500 0
0.095652 0
0.031633 0
0.059510 0
0.042657 0
0.174252 0
0.107939 0
0.330174 0
0.077554 0
0.540553 0
1.280977 0
0.011626 0
0.200178 0
0.718248 0
0.593798 0
0.836159 0
0.611932 0
0.272172 0
0.138139 0
0.544473 0
0.241032 0
0.251061 0
0.829567 0
0.675311 0
0.441623 0
0.876274 0
0.511523 0
0.155863 0
0.018013 0
0.705421 0
0.099066 0
0.369143 0
0.535360 0
0.770789 0
0.057212 0
0.936887 0
0.233332 0
0.118127 0
1.318109 0
0.920410 0
0.371228 0
1.058206 0
0.545368 0
1.240853 0
1.110620 0
0.578808 0
0.548086 0
0.156201 0
0.539225 0
0.061986 0
0.171450 0
0.598718 0
1.149158 0
0.166983 0
0.236932 0
0.070151 0
0.467900 0
0.283594 0
0.698059 0
0.022820 0
0.847655 0
0.306718 0
0.346794 0
0.571668 0
0.852030 0
0.992338 0
0.065591 0
0.046671 0
1.444364 0
0.079436 0
0.554442 0
0.119723 0
0.832636 0
0.419969 0
0.902112 0
0.572420 0
0.579887 0
1.065826 0
0.091091 0
0.514869 0
0.625705 0
0.377394 0
1.272256 0
0.479079 0
1.469429 0
0.144694 0
1.364151 0
0.302426 0
0.601407 0
0.623688 0
0.198692 0
0.038330 0
0.356266 0
0.496374 0
0.079902 0
0.287824 0
0.222981 0
0.130364 0
1.569607 0
0.878675 0
0.046349 0
0.354671 0
0.296141 0
1.364593 0
0.811603 0
0.258665 0
0.121366 0
0.110483 0
0.280403 0
0.661635 0
0.450460 0
1.214981 0
1.194262 0
0.385234 0
1.524908 0
0.119148 0
0.087812 0
0.032426 0
0.411796 0
0.295272 0
0.217450 0
1.194853 0
0.343527 0
0.618261 0
0.166462 0
0.135883 0
0.446799 0
0.334190 0
1.252889 0
0.216888 0
0.225157 0
1.102899 0
0.214320 0
0.035926 0
0.282078 0
0.216754 0
0.867515 0
0.137163 0
0.517650 0
0.497265 0
0.489937 0
0.459646 0
0.151694 0
0.669877 0
0.046710 0
0.405693 0
0.128374 0
0.097000 0
1.362933 0
0.127552 0
0.440431 0
0.662823 0
0.840865 0
0.359347 0
0.097008 0
1.453397 0
0.131027 0
0.354126 0
0.655215 0
0.178435 0
0.214884 0
0.169903 0
0.774834 0
0.394333 0
0.490285 0
0.719299 0
0.021562 0
0.542916 0
0.233408 0
0.196487 0
0.127092 0
0.030899 0
1.557366 0
0.598895 0
0.502774 0
0.059113 0
0.708596 0
0.297087 0
0.249313 0
0.841243 0
1.062941 0
0.592805 0
0.396455 0
0.335394 0
0.192612 0
0.212405 0
0.073847 0
0.053560 0
0.117166 0
0.360265 0
0.271166 0
0.311609 0
0.208724 0
1.094520 0
1.415909 0
0.243051 0
0.372643 0
0.391339 0
0.090345 0
0.071838 0
0.794671 0
0.310820 0
0.703747 0
1.568545 0
0.265688 0
0.400126 0
0.521819 0
0.207058 0
0.124477 0
0.083715 0
0.149136 0
0.356532 0
0.411095 0
0.629040 0
0.553080 0
1.388727 0
0.353279 0
0.660726 0
0.430419 0
0.762822 0
0.727765 0
0.304245 0
0.180354 0
0.255750 0
0.310370 0
0.044391 0
0.223855 0
0.140148 0
0.425868 0
0.886071 0
1.308104 0
1.538782 0
1.373693 0
0.113703 0
1.469187 0
0.162228 0
0.057243 0
1.032971 0
0.201063 0
1.108647 0
0.056265 0
0.360456 0
0.335182 0
0.024089 0
0.078154 0
0.148492 0
1.292040 0
0.057837 0
0.305305 0
0.035362 0
0.623869 0
1.497092 0
0.066548 0
0.592908 0
0.240310 0
0.557564 0
0.022139 0
0.142610 0
0.356707 0
0.165739 0
0.338878 0
0.351693 0
0.227513 0
0.227311 0
0.065583 0
0.290810 0
0.338707 0
0.217413 0
0.086420 0
0.063791 0
0.154041 0
0.021292 0
0.021958 0
1.434619 0
0.759919 0
0.663731 0
0.096680 0
0.282900 0
0.428751 0
0.037876 0
0.121801 0
0.177070 0
0.396770 0
0.757122 0
0.054584 0
1.347330 0
0.207182 0
0.084451 0
1.199001 0
0.197550 0
0.019707 0
0.452557 0
0.019443 0
0.275704 0
0.432667 0
0.057463 0
0.339232 0
0.777448 0
0.058375 0
0.313200 0
0.185504 0
0.365351 0
0.349861 0
0.735065 0
0.951410 0
0.163748 0
1.729531 0
0.678789 0
1.304819 0
0.437432 0
0.347415 0
0.576022 0
0.057407 0
0.133582 0
0.403026 0
0.646938 0
0.211866 0
1.039142 0
0.482096 0
0.267513 0
1.270114 0
0.658842 0
0.302096 0
1.223413 0
0.453803 0
0.220501 0
0.453279 0
0.346177 0
0.480885 0
0.368759 0
0.498924 0
0.214642 0
0.076748 0
0.585220 0
0.398787 0
0.228375 0
0.306381 0
0.402632 0
0.333494 0
0.220161 0
0.470536 0
0.026243 0
0.488872 0
0.347202 0
1.494957 0
0.893973 0
0.564614 0
0.265060 0
0.091170 0
0.160457 0
1.002669 0
0.157766 0
0.586932 0
0.529827 0
0.125705 0
1.092869 0
0.194108 0
0.422063 0
0.474644 0
0.831262 0
0.034388 0
0.097558 0
0.079611 0
0.331322 0
0.168477 0
0.711938 0
0.013562 0
0.029845 0
0.432950 0
0.195388 0
0.133935 0
0.285830 0
1.678105 0
0.933553 0
0.053457 0
1.308247 0
0.175958 0
0.025975 0
1.011202 0
0.005317 0
0.820430 0
0.179076 0
0.983149 0
0.137111 0
0.356497 0
0.179743 0
1.380264 0
0.018678 0
0.088927 0
0.316492 0
0.376176 0
0.374636 0
0.815548 0
0.364449 0
0.368554 0
0.275002 0
0.762042 0
0.203645 0
0.777626 0
0.520166 0
0.144653 0
0.337946 0
0.854076 0
0.237204 0
0.753911 0
0.294332 0
0.223425 0
0.107769 0
0.437776 0
0.174831 0
0.010899 0
0.365669 0
0.401719 0
0.292917 0
0.411152 0
0.247807 0
0.668264 0
3.849291 0
1.524201 0
0.486633 0
0.684279 0
0.565939 0
0.218433 0
0.314185 0
0.833666 0
0.076354 0
0.653643 0
0.156064 0
0.880690 0
1.507338 0
0.239771 0
0.415278 0
0.293592 0
0.175188 0
1.066890 0
0.344083 0
0.288592 0
0.245460 0
0.432343 0
0.491620 0
0.266505 0
0.368714 0
0.852519 0
0.385482 0
0.263941 0
0.429824 0
0.609640 0
0.502442 0
0.447325 0
0.101859 0
0.216636 0
0.320947 0
0.222681 0
0.589275 0
0.681816 0
0.620260 0
0.574492 0
0.070420 0
0.126538 0
0.581782 0
1.369509 0
0.059067 0
0.826913 0
1.058262 0
0.976072 0
1.703548 0
0.425553 0
0.877180 0
0.037850 0
0.900112 0
0.408697 0
0.473590 0
0.084730 0
0.039479 0
0.647211 0
0.395436 0
0.004285 0
0.130156 0
0.062065 0
1.140915 0
0.193739 0
0.235099 0
0.780141 0
0.601534 0
0.391788 0
0.718620 0
0.094777 0
0.319068 0
0.626965 0
0.112249 0
0.419102 0
0.967055 0
0.873187 0
1.240780 0
1.423009 0
0.146667 0
1.064720 0
0.457434 0
0.625480 0
0.728982 0
0.601671 0
0.007643 0
0.063174 0
0.136987 0
0.424924 0
0.189529 0
0.377550 0
0.205552 0
0.261505 0
0.153247 0
0.840366 0
0.800815 0
0.694298 0
0.298754 0
0.025053 0
0.281303 0
0.237230 0
0.056457 0
1.207627 0
0.551234 0
0.126794 0
0.876342 0
0.716210 0
0.615910 0
1.513933 0
1.338928 0
0.264671 0
0.788028 0
0.655533 0
0.140474 0
1.376342 0
0.137360 0
0.213159 0
0.085157 0
0.840659 0
0.129520 0
0.316539 0
0.319631 0
1.169862 0
0.113179 0
0.594133 0
0.434423 0
0.418510 0
0.098965 0
0.816568 0
1.426790 0
0.326049 0
0.019180 0
0.083753 0
0.274266 0
0.245915 0
0.087181 0
0.181236 0
1.178831 0
0.648883 0
0.294920 0
0.171668 0
0.805745 0
0.202208 0
0.271964 0
0.063844 0
0.126621 0
0.970524 0
0.303613 0
1.011743 0
0.094655 0
0.825761 0
1.539458 0
1.415462 0
0.365359 0
0.209511 0
0.050663 0
0.762193 0
0.243866 0
0.372494 0
0.877820 0
0.611166 0
1.437070 0
1.305798 0
1.382314 0
0.671170 0
0.083928 0
1.446701 0
0.021598 0
0.023091 0
0.029616 0
1.551230 0
0.364834 0
0.252130 0
0.409398 0
0.275470 0
0.191921 0
0.069573 0
1.245124 0
1.229352 0
0.538108 0
0.395056 0
0.134899 0
0.445496 0
0.674627 0
0.351820 0
0.495040 0
0.265341 0
0.845707 0
1.227031 0
0.818319 0
1.430850 0
1.205746 0
0.813747 0
0.827743 0
0.166839 0
0.154004 0
0.154280 0
0.077570 0
0.733164 0
0.025742 0
0.162610 0
1.420352 0
0.239263 0
0.110626 0
0.564251 0
0.382568 0
0.246154 0
0.043703 0
0.783541 0
0.800401 0
0.971857 0
0.224058 0
0.396273 0
0.611840 0
0.165994 0
1.447194 0
0.525896 0
0.864036 0
0.218492 0
0.099236 0
0.660412 0
0.375161 0
0.070794 0
0.121425 0
1.158951 0
0.660731 0
0.625022 0
0.500745 0
1.452402 0
0.802196 0
0.201163 0
1.198453 0
1.212172 0
0.056952 0
0.108128 0
0.072133 0
0.075041 0
0.502844 0
0.063288 0
1.243165 0
0.189708 0
0.648194 0
0.093528 0
0.054578 0
0.273050 0
0.378823 0
0.812448 0
0.011074 0
0.094796 0
0.451883 0
0.095123 0
0.637161 0
0.165808 0
0.728475 0
0.491240 0
0.586463 0
0.512208 0
0.396378 0
0.509188 0
0.095228 0
0.281288 0
0.024793 0
0.182946 0
0.115901 0
0.461615 0
0.649348 0
0.635793 0
1.477376 0
0.277203 0
1.888136 0
0.111894 0
0.162011 0
1.189346 0
0.734736 0
0.771289 0
0.088193 0
0.594043 0
0.734504 0
1.667449 0
0.024825 0
1.018014 0
0.666163 0
0.342169 0
0.057868 0
0.699347 0
0.655714 0
0.564895 0
1.505134 0
0.924911 0
0.933098 0
1.059309 0
0.665871 0
0.822328 0
0.442767 0
0.729796 0
0.244675 0
0.106437 0
0.123514 0
0.062363 0
0.105405 0
2.506442 0
0.413833 0
0.374312 0
0.193845 0
0.676697 0
0.246250 0
0.194129 0
0.233415 0
0.229068 0
1.593674 0
0.538981 0
0.186735 0
0.641263 0
0.699618 0
0.100206 0
0.424501 0
0.881454 0
0.421892 0
0.100801 0
0.765710 0
0.154111 0
0.194866 0
1.461773 0
0.372582 0
0.560999 0
0.260954 0
0.111844 0
0.567779 0
1.418826 0
1.129223 0
0.874899 0
0.435107 0
0.295791 0
1.373045 0
0.660925 0
0.292671 0
0.040415 0
0.217521 0
0.398148 0
0.477618 0
0.537721 0
0.112344 0
1.477611 0
0.023042 0
0.091273 0
0.532910 0
0.117134 0
0.039573 0
0.727204 0
0.034757 0
0.038068 0
0.252779 0
0.600105 0
0.048083 0
0.045566 0
0.622685 0
0.409915 0
0.834168 0
0.002552 0
0.033814 0
0.354842 0
0.463097 0
0.464005 0
1.398106 0
0.562187 0
0.024517 0
0.083118 0
0.377389 0
1.366592 0
0.604860 0
0.077576 0
0.161568 0
0.089613 0
0.243959 0
0.321693 0
0.651505 0
0.373483 0
0.468957 0
0.936319 0
0.150832 0
1.477298 0
0.043929 0
0.267547 0
0.481050 0
0.667846 0
0.139284 0
0.428155 0
1.407925 0
0.515685 0
0.303972 0
0.797993 0
0.489394 0
0.169039 0
0.210864 0
0.167967 0
1.477974 0
0.472167 0
0.116435 0
0.122842 0
0.102888 0
0.401568 0
0.049236 0
0.153869 0
0.429011 0
0.608920 0
1.145502 0
0.227738 0
0.830126 0
0.500692 0
0.244636 0
0.785335 0
0.545610 0
0.238497 0
0.428995 0
1.068621 0
0.924325 0
0.309554 0
0.098811 0
0.078162 0
0.245681 0
0.220346 0
0.531425 0
0.211258 0
0.084724 0
1.379314 0
0.259569 0
0.655676 0
0.266386 0
1.086056 0
0.123835 0
0.189478 0
1.268398 0
0.670097 0
0.456880 0
0.151005 0
0.512214 0
1.519783 0
1.087773 0
1.366835 0
0.252662 0
0.087212 0
0.463928 0
0.822150 0
0.418657 0
0.135383 0
0.136542 0
1.326543 0
0.518930 0
1.481815 0
0.404161 0
0.444960 0
0.039487 0
0.950835 0
0.305555 0
0.642311 0
0.212134 0
0.146763 0
0.360966 0
1.749626 0
0.007428 0
0.335948 0
0.560956 0
0.178514 0
0.607722 0
0.085772 0
0.167213 0
1.429749 0
0.103256 0
0.032555 0
0.074822 0
0.118960 0
0.165610 0
0.727131 0
0.071376 0
0.043432 0
0.475163 0
0.060647 0
0.157468 0
1.100805 0
0.869136 0
0.517668 0
0.008147 0
0.496452 0
0.250013 0
0.401545 0
0.654543 0
0.061416 0
0.443831 0
0.181229 0
0.321798 0
0.320867 0
0.548706 0
0.141908 0
0.100275 0
0.305248 0
0.034711 0
0.251095 0
0.566253 0
1.787811 0
1.276554 0
0.615084 0
0.608977 0
1.222880 0
0.252855 0
0.515876 0
1.259450 0
0.906365 0
1.535452 0
1.466573 0
0.437060 0
0.737740 0
0.824956 0
1.715848 0
0.302636 0
0.483758 0
0.115414 0
0.166010 0
0.969212 0
1.235704 0
0.212545 0
0.150660 0
0.326334 0
0.271265 0
0.317708 0
0.054203 0
0.458070 0
0.935619 0
0.059463 0
1.640097 0
0.425713 0
0.130181 0
0.946494 0
0.076703 0
0.124232 0
0.216293 0
1.386108 0
0.440622 0
0.049218 0
0.280843 0
0.244358 0
0.017176 0
0.760880 0
0.082973 0
0.742070 0
0.828211 0
0.110882 0
0.507893 0
1.381394 0
0.519118 0
0.457355 0
1.235717 0
0.578208 0
0.560463 0
0.647659 0
0.211957 0
0.077650 0
0.971177 0
0.534622 0
0.514134 0
0.561487 0
0.421014 0
0.239307 0
0.396076 0
0.126073 0
0.065504 0
1.791622 0
0.383155 0
1.252521 0
0.464352 0
1.124793 0
0.440393 0
0.809014 0
0.335051 0
0.230005 0
0.348867 0
0.114696 0
1.484538 0
0.359758 0
0.348594 0
0.390344 0
0.122345 0
0.545005 0
0.054448 0
1.435481 0
0.138912 0
0.056329 0
0.025488 0
0.006115 0
0.355591 0
1.135508 0
1.569930 0
0.986628 0
1.308110 0
0.388110 0
0.301895 0
0.123337 0
0.430189 0
0.016282 0
0.420889 0
0.113101 0
0.114053 0
0.311724 0
0.318035 0
0.802980 0
0.454784 0
1.629107 0
0.026520 0
0.230722 0
0.954519 0
1.041312 0
0.362884 0
0.316228 0
0.970391 0
0.912294 0
0.483154 0
0.198400 0
0.330075 0
1.203731 0
0.348655 0
0.085698 0
0.157882 0
0.137506 0
0.213906 0
0.268753 0
0.465910 0
0.065036 0
0.600653 0
0.934595 0
0.982607 0
0.164694 0
1.120015 0
0.824239 0
0.058717 0
0.044021 0
0.524605 0
1.251475 0
0.234171 0
0.184981 0
0.022730 0
1.096371 0
0.230660 0
0.311890 0
0.022969 0
0.771840 0
0.251419 0
0.446639 0
0.658032 0
0.504115 0
0.264723 0
0.015595 0
0.040128 0
0.154497 0
0.304254 0
1.084374 0
0.052209 0
1.786264 0
0.017346 0
0.045316 0
0.682476 0
0.349875 0
1.262001 0
1.083337 0
0.695615 0
1.256910 0
0.530779 0
1.120248 0
0.037815 0
1.395237 0
1.060346 0
0.684101 0
0.760335 0
1.416329 0
0.513482 0
0.858496 0
0.213527 0
0.558872 0
1.346760 0
1.215015 0
1.441494 0
0.765288 0
0.994564 0
0.022004 0
0.241427 0
0.750931 0
0.034100 0
0.045455 0
0.634536 0
0.232012 0
0.273964 0
0.584164 0
0.085931 0
0.075836 0
0.129287 0
0.558992 0
0.738398 0
0.039875 0
1.759609 0
0.419225 0
0.160556 0
0.274517 0
0.447794 0
0.027290 0
0.966769 0
0.517708 0
1.155387 0
1.284599 0
0.532358 0
1.470351 0
1.347498 0
0.303096 0
0.165495 0
0.858075 0
0.985009 0
0.017083 0
0.116337 0
0.305977 0
0.272569 0
0.137996 0
0.805389 0
0.089686 0
0.080837 0
1.290142 0
0.866440 0
0.461062 0
1.045352 0
0.378334 0
0.303074 0
1.545807 0
1.363136 0
0.275723 0
0.115411 0
0.235298 0
0.111207 0
0.601684 0
0.064294 0
0.210763 0
0.061796 0
0.404112 0
0.978304 0
0.527187 0
0.114187 0
0.253718 0
0.600472 0
0.127094 0
1.327114 0
0.092130 0
0.133045 0
0.571655 0
0.979329 0
0.231406 0
0.870502 0
0.364733 0
0.756137 0
0.414731 0
0.265955 0
0.676597 0
0.375671 0
0.375217 0
0.007003 0
1.390721 0
0.261360 0
1.429415 0
1.442421 0
0.308261 0
0.045403 0
0.262991 0
0.073704 0
0.688187 0
0.127538 0
0.062320 0
0.277304 0
0.509071 0
0.034674 0
0.134090 0
0.012999 0
0.760297 0
0.247796 0
0.943567 0
0.138326 0
1.076286 0
0.759794 0
0.454331 0
0.257768 0
0.474668 0
0.001778 0
0.233660 0
0.955702 0
0.307744 0
0.497360 0
1.396305 0
0.135074 0
0.554997 0
0.434901 0
0.304957 0
0.094819 0
0.510682 0
1.543125 0
0.024914 0
0.521994 0
0.241657 0
0.082780 0
0.003212 0
0.410350 0
0.041866 0
0.267384 0
0.213113 0
0.630261 0
1.163143 0
0.299098 0
0.152389 0
2.366300 0
0.732367 0
0.594771 0
0.701833 0
0.531804 0
0.250611 0
0.564139 0
0.101035 0
0.192950 0
0.521544 0
0.211907 0
0.126066 0
1.320383 0
0.034014 0
0.259418 0
0.142860 0
0.041311 0
0.927793 0
0.247485 0
0.382673 0
0.362473 0
1.026071 0
0.331347 0
0.151612 0
0.405510 0
0.393582 0
0.022489 0
0.912149 0
0.047902 0
0.776519 0
0.146701 0
0.093264 0
1.723713 0
0.081932 0
0.419159 0
0.120480 0
0.516470 0
0.043305 0
0.986623 0
0.101690 0
0.363413 0
0.370132 0
0.193022 0
0.507367 0
1.150129 0
0.206306 0
0.239359 0
0.214076 0
0.564258 0
0.606749 0
0.496615 0
1.136656 0
0.872519 0
0.097008 0
0.732599 0
0.023668 0
0.157033 0
0.632951 0
1.427547 0
0.460843 0
0.212139 0
0.046134 0
1.467153 0
0.533358 0
0.206820 0
0.213971 0
0.351625 0
0.317819 0
0.248407 0
0.340332 0
1.628478 0
0.056497 0
0.223933 0
0.583939 0
0.912021 0
0.002661 0
0.658154 0
0.186873 0
1.374837 0
0.420278 0
0.927306 0
0.443289 0
0.207091 0
0.485987 0
0.670363 0
1.408041 0
0.371355 0
0.451206 0
0.456458 0
0.008469 0
0.784278 0
0.358919 0
0.143977 0
0.223751 0
0.102273 0
0.612018 0
0.005342 0
0.418627 0
0.131386 0
0.980847 0
0.428319 0
0.132527 0
1.163211 0
0.285793 0
0.426580 0
0.575563 0
0.042988 0
0.985558 0
0.082953 0
0.206909 0
0.083146 0
1.499237 0
0.834631 0
0.233461 0
0.374434 0
0.198323 0
1.431801 0
0.926783 0
0.246217 0
0.818102 0
0.118859 0
0.717136 0
0.531445 0
0.748284 0
0.110215 0
0.204377 0
0.586623 0
0.150565 0
0.659744 0
0.302855 0
1.212672 0
0.523921 0
0.370985 0
0.804022 0
0.494812 0
0.085406 0
1.101265 0
0.666408 0
0.434711 0
0.552358 0
0.235130 0
0.310573 0
0.733244 0
0.187935 0
0.101719 0
0.131495 0
0.725408 0
0.339784 0
0.299444 0
0.077710 0
1.094251 0
0.185925 0
1.372037 0
0.471561 0
0.555320 0
0.229200 0
0.252258 0
0.060914 0
0.391331 0
0.280615 0
0.978872 0
0.103862 0
1.131004 0
0.144359 0
0.826856 0
0.188855 0
0.501519 0
1.252079 0
0.129958 0
1.730542 0
0.246513 0
1.224597 0
1.643593 0
0.392045 0
1.026025 0
0.151257 0
0.119183 0
0.058551 0
0.258902 0
0.556412 0
0.433389 0
0.336429 0
0.280292 0
0.290104 0
1.476168 0
0.032349 0
0.025529 0
0.290283 0
0.237006 0
0.285100 0
0.233742 0
0.232673 0
0.152965 0
0.160768 0
0.567596 0
0.520309 0
1.113791 0
0.163618 0
0.710597 0
1.456326 0
0.634482 0
0.405097 0
0.162955 0
0.331382 0
0.395900 0
1.880520 0
0.453962 0
0.518498 0
0.543374 0
0.282898 0
0.008457 0
0.044791 0
0.237839 0
0.101412 0
0.064022 0
0.629897 0
0.459831 0
0.007379 0
0.220588 0
0.277525 0
0.346867 0
0.478688 0
0.529612 0
0.504214 0
0.247464 0
0.389242 0
0.929749 0
0.648784 0
1.444081 0
1.657299 0
0.800336 0
1.163172 0
0.449562 0
0.072022 0
0.534313 0
0.408487 0
0.148100 0
0.227257 0
1.364194 0
0.286051 0
1.559912 0
0.323364 0
0.057609 0
1.466712 0
0.478203 0
0.532449 0
0.402764 0
0.830299 0
1.168275 0
0.130304 0
0.049885 0
0.036298 0
0.154567 0
0.827609 0
0.099254 0
0.485702 0
1.405298 0
0.858430 0
1.061966 0
1.567585 0
0.502090 0
1.029275 0
0.631528 0
0.196070 0
0.560879 0
0.999252 0
0.023229 0
0.661514 0
0.306029 0
1.599284 0
0.307730 0
1.238565 0
0.292184 0
0.870043 0
0.025766 0
1.166584 0
0.376265 0
0.016605 0
0.578256 0
1.412958 0
0.482355 0
0.308003 0
0.257415 0
0.010692 0
0.868194 0
0.284654 0
0.169423 0
0.680114 0
0.174369 0
0.706250 0
0.227678 0
0.326827 0
0.764622 0
0.272742 0
1.009461 0
0.778243 0
0.499732 0
0.627789 0
0.175539 0
0.047248 0
1.002496 0
0.012485 0
0.288077 0
0.806843 0
0.328798 0
0.652275 0
1.458786 0
0.593620 0
0.458805 0
0.163685 0
0.339015 0
1.282684 0
0.030424 0
0.678715 0
0.855618 0
0.947823 0
0.207522 0
0.371450 0
0.289496 0
0.099315 0
0.267006 0
0.552106 0
1.121841 0
0.762954 0
0.283968 0
0.399442 0
0.391794 0
0.844040 0
0.255696 0
0.114234 0
0.934111 0
0.165534 0
1.109414 0
0.156970 0
0.838570 0
0.408383 0
0.258640 0
0.048462 0
0.152721 0
0.077183 0
1.395844 0
0.362972 0
0.859864 0
0.726715 0
0.016358 0
0.384598 0
0.289679 0
1.428742 0
0.387637 0
1.386051 0
0.584469 0
0.225361 0
1.416392 0
0.158545 0
0.320233 0
0.814796 0
0.124756 0
0.553624 0
0.750871 0
0.237408 0
0.432651 0
0.824163 0
0.041079 0
0.046154 0
0.154004 0
0.421365 0
0.034943 0
0.007122 0
0.468196 0
0.055102 0
0.305373 0
0.659405 0
0.149715 0
0.477675 0
0.385074 0
0.063492 0
1.840149 0
0.011340 0
0.472040 0
0.103443 0
1.386183 0
0.313099 0
0.970171 0
0.410709 0
0.397331 0
1.071924 0
0.537310 0
0.090137 0
1.642650 0
0.732803 0
0.521630 0
0.878074 0
0.233781 0
0.078086 0
1.095661 0
0.038203 0
0.105324 0
0.167924 0
0.090123 0
0.720338 0
0.039026 0
0.948493 0
0.028577 0
0.092262 0
1.504752 0
1.788048 0
1.273136 0
0.205134 0
0.045074 0
0.033002 0
1.019093 0
0.229165 0
0.093815 0
0.316599 0
0.082580 0
0.737299 0
0.292646 0
1.356291 0
0.270237 0
0.516058 0
0.083772 0
0.394326 0
2.611153 0
0.584123 0
1.169242 0
0.872274 0
0.172642 0
0.432270 0
0.304120 0
0.090234 0
0.545750 0
0.238970 0
0.039755 0
1.016812 0
0.136100 0
0.591015 0
0.986187 0
0.143358 0
0.047593 0
0.067612 0
0.156766 0
0.187414 0
0.197388 0
0.538407 0
0.347788 0
0.563828 0
0.066483 0
0.090847 0
0.228206 0
0.569576 0
0.753140 0
0.546860 0
0.642973 0
0.838554 0
0.630159 0
1.659501 0
0.058786 0
0.576204 0
0.050291 0
1.508775 0
0.409337 0
0.048888 0
0.372131 0
0.695822 0
0.694195 0
0.695795 0
0.130506 0
0.261031 0
0.007317 0
0.071744 0
0.191211 0
0.301347 0
0.203710 0
0.335201 0
0.927071 0
0.254342 0
0.394269 0
0.004454 0
0.088633 0
1.634968 0
0.074794 0
0.812914 0
0.593327 0
0.161757 0
0.144676 0
0.869348 0
0.139035 0
0.327587 0
0.015581 0
0.496825 0
0.115988 0
0.115176 0
0.049953 0
0.261682 0
0.389871 0
0.004976 0
0.427663 0
0.613031 0
0.120185 0
0.286340 0
0.456952 0
0.032021 0
0.434297 0
0.007060 0
0.391217 0
1.933231 0
0.145002 0
0.067974 0
0.908319 0
0.467569 0
0.150539 0
0.201495 0
0.931380 0
0.084265 0
0.319377 0
0.421940 0
1.400090 0
0.164549 0
0.277231 0
0.954104 0
0.145558 0
0.632341 0
0.387123 0
0.192567 0
1.334100 0
0.631404 0
0.194018 0
0.370436 0
0.039063 0
0.218375 0
0.168334 0
0.324312 0
0.086984 0
0.668815 0
0.021410 0
0.373512 0
0.322115 0
0.239779 0
0.051008 0
0.106601 0
0.152789 0
0.516721 0
0.029244 0
0.151355 0
0.352811 0
0.840892 0
0.289322 0
0.284763 0
0.394065 0
1.893843 0
0.303537 0
0.536317 0
0.852777 0
0.815310 0
0.081814 0
0.827790 0
0.180555 0
0.722154 0
0.162190 0
0.494183 0
0.495018 0
0.010857 0
1.558713 0
0.202527 0
1.051773 0
0.466518 0
0.015480 0
0.363709 0
0.089991 0
0.143282 0
0.226168 0
0.012926 0
1.033314 0
0.666797 0
0.337027 0
0.888076 0
0.322054 0
1.059513 0
0.153149 0
0.545968 0
0.075088 0
0.536030 0
0.405284 0
1.121478 0
0.188146 0
0.268865 0
0.987650 0
0.458158 0
0.342905 0
0.218690 0
0.301074 0
0.311601 0
1.212119 0
0.059327 0
0.012824 0
0.322661 0
0.589417 0
0.532006 0
1.382744 0
0.215787 0
0.137603 0
0.681526 0
1.520845 0
0.339196 0
0.008056 0
0.085262 0
0.089545 0
0.828978 0
1.133843 0
0.453449 0
0.465030 0
0.802828 0
0.182892 0
1.120700 0
0.730787 0
0.662135 0
0.498663 0
0.455529 0
1.014171 0
0.256528 0
0.108623 0
0.048142 0
0.092960 0
0.410926 0
0.366021 0
0.310671 0
0.382750 0
0.691125 0
1.196154 0
1.450742 0
0.364887 0
0.123453 0
1.031563 0
0.477654 0
0.266623 0
0.089352 0
0.071008 0
0.493486 0
1.464571 0
1.612983 0
0.597394 0
1.379111 0
0.333155 0
0.922701 0
0.167159 0
0.437719 0
0.230455 0
0.390351 0
1.010156 0
0.572068 0
1.335781 0
0.179267 0
0.360575 0
0.031175 0
0.009858 0
0.246509 0
0.133059 0
1.071488 0
0.141472 0
0.025290 0
0.098397 0
0.649629 0
0.028767 0
0.214889 0
0.023411 0
0.057502 0
0.088531 0
0.040889 0
0.036638 0
0.513343 0
0.334294 0
1.349672 0
0.013207 0
0.679736 0
1.160279 0
0.016466 0
1.193748 0
0.592558 0
0.325258 0
0.634541 0
0.488510 0
0.546344 0
0.361387 0
1.077219 0
0.070543 0
0.773110 0
0.499133 0
0.140064 0
0.705006 0
0.816820 0
0.004576 0
0.941523 0
0.933375 0
0.130854 0
0.008619 0
0.542591 0
0.719039 0
1.115677 0
0.140372 0
1.024275 0
0.581378 0
0.561081 0
0.523871 0
1.490327 0
0.337196 0
0.317789 0
0.791761 0
1.023470 0
1.117295 0
0.229126 0
0.337401 0
0.310754 0
0.474198 0
0.060349 0
0.335245 0
1.455028 0
0.144550 0
0.449161 0
0.184802 0
0.164925 0
0.502383 0
0.274237 0
0.163737 0
0.166255 0
0.177368 0
0.065160 0
1.163215 0
0.061158 0
0.128172 0
0.661577 0
0.287981 0
0.443452 0
0.069818 0
0.032591 0
0.197954 0
1.019374 0
0.598053 0
0.510143 0
0.536489 0
1.269844 0
1.344488 0
0.576598 0
0.193024 0
0.127362 0
0.094286 0
0.202792 0
0.554056 0
0.793507 0
0.162596 0
0.060688 0
0.103933 0
0.100878 0
0.296537 0
0.240482 0
0.553597 0
0.227192 0
0.045770 0
0.806401 0
0.065794 0
0.775357 0
0.416956 0
0.129346 0
0.433643 0
0.752881 0
1.337486 0
0.248517 0
0.182020 0
0.610374 0
0.178585 0
2.049320 0
0.017867 0
0.039096 0
0.577199 0
0.068557 0
0.346138 0
0.084948 0
0.238053 0
0.109616 0
0.173455 0
0.655339 0
0.916676 0
0.101720 0
0.569711 0
0.129929 0
0.319517 0
0.061822 0
0.181609 0
0.581603 0
0.210694 0
0.556324 0
1.434190 0
0.357193 0
0.112628 0
0.015841 0
1.428946 0
0.201128 0
0.544606 0
0.472049 0
0.587396 0
0.230096 0
1.331971 0
1.288570 0
0.714949 0
0.668216 0
1.093776 0
0.277153 0
0.114564 0
0.544734 0
0.761728 0
0.343133 0
0.716468 0
0.029487 0
0.341688 0
0.382989 0
0.499995 0
0.392590 0
0.019207 0
1.074538 0
0.832864 0
0.024617 0
0.424459 0
0.019867 0
0.120869 0
0.552711 0
0.671992 0
1.378498 0
0.219163 0
0.627362 0
0.387981 0
0.160269 0
0.509021 0
0.056471 0
0.429668 0
0.737888 0
1.037924 0
0.394392 0
0.078211 0
0.296432 0
0.395767 0
0.427421 0
0.169289 0
0.433076 0
0.318384 0
0.024964 0
0.449983 0
0.108846 0
0.304252 0
0.797497 0
0.710231 0
0.081494 0
0.233142 0
1.373832 0
0.447326 0
0.654242 0
0.049449 0
0.252542 0
0.012108 0
0.705299 0
0.065565 0
0.221161 0
0.430409 0
0.065203 0
0.131572 0
0.384579 0
0.034654 0
0.990449 0
0.152671 0
0.326690 0
0.056898 0
0.033462 0
0.026589 0
0.886875 0
0.013444 0
0.145589 0
0.098268 0
0.080665 0
0.248678 0
0.331661 0
0.491377 0
0.020363 0
0.140366 0
0.123116 0
0.055841 0
1.129298 0
0.395160 0
0.434283 0
0.701003 0
0.052242 0
0.563199 0
0.635875 0
0.145480 0
0.096849 0
1.695166 0
0.882203 0
0.337995 0
1.548870 0
0.382582 0
1.685628 0
0.145543 0
1.853220 0
0.366766 0
0.253837 0
0.062656 0
0.696556 0
0.775664 0
1.622689 0
0.103146 0
0.442092 0
0.181988 0
0.196789 0
0.754568 0
0.334131 0
0.307052 0
0.356621 0
0.553740 0
0.822979 0
0.428593 0
0.289034 0
0.094638 0
0.050499 0
1.688017 0
0.455132 0
0.270055 0
1.014661 0
1.708555 0
1.321395 0
0.090600 0
0.648104 0
1.091753 0
0.838730 0
0.066609 0
0.417687 0
0.211885 0
0.026392 0
0.825027 0
0.304063 0
0.517513 0
0.989361 0
1.553498 0
1.042452 0
0.175271 0
0.697720 0
0.153230 0
0.091682 0
0.511289 0
0.125187 0
0.551668 0
1.102643 0
0.236566 0
0.009171 0
0.011350 0
0.131293 0
0.168238 0
0.575480 0
0.179197 0
0.073585 0
0.580317 0
0.429847 0
0.769188 0
0.090164 0
0.739456 0
0.094669 0
0.186532 0
0.920093 0
0.100954 0
0.303791 0
0.272007 0
0.229327 0
0.058703 0
1.349054 0
0.441776 0
0.112770 0
0.008539 0
1.442929 0
0.111337 0
0.072867 0
0.054698 0
0.184376 0
0.092283 0
0.140168 0
0.253734 0
0.135430 0
0.060403 0
0.347381 0
0.187778 0
1.069107 0
0.115086 0
0.277454 0
0.257383 0
0.162300 0
0.280953 0
0.079504 0
1.581154 0
0.213137 0
1.209721 0
0.264184 0
0.167922 0
1.278476 0
0.615137 0
0.034117 0
0.703209 0
0.131213 0
0.249316 0
0.225098 0
0.262606 0
0.872485 0
0.372051 0
0.064847 0
1.028187 0
0.036752 0
0.419082 0
1.502248 0
0.360706 0
0.011901 0
0.620800 0
0.481901 0
0.864046 0
0.239652 0
0.233322 0
1.088478 0
0.544294 0
0.411333 0
0.310636 0
0.147355 0
0.219499 0
0.095622 0
0.619054 0
1.247219 0
0.395209 0
0.542792 0
0.112512 0
0.497327 0
0.327822 0
0.208131 0
1.026306 0
0.277159 0
1.078563 0
0.185041 0
0.350795 0
0.198727 0
0.266964 0
0.387143 0
0.086325 0
0.350945 0
0.623479 0
0.375594 0
0.288774 0
1.321523 0
0.170171 0
1.920297 0
0.149498 0
0.153547 0
0.277134 0
0.665523 0
0.059082 0
0.453746 0
0.932984 0
0.429794 0
0.503263 0
0.188151 0
0.021670 0
1.386105 0
0.009610 0
0.042558 0
0.252344 0
0.875836 0
0.583262 0
0.229755 0
0.018970 0
0.602139 0
0.130906 0
0.906272 0
0.496669 0
1.538022 0
0.278794 0
0.491707 0
0.079927 0
0.350334 0
0.039829 0
0.481823 0
1.017370 0
0.460963 0
0.451631 0
0.125873 0
0.135950 0
0.133204 0
0.342917 0
1.023785 0
0.751521 0
0.338842 0
0.758754 0
0.139949 0
0.448404 0
0.045495 0
0.089109 0
0.409923 0
0.422948 0
0.314839 0
0.515002 0
1.804928 0
0.010441 0
0.009258 0
0.411350 0
0.484056 0
0.976551 0
0.133159 0
0.607506 0
0.279339 0
0.205694 0
1.045898 0
0.096372 0
0.110704 0
0.399086 0
1.794994 0
0.584531 0
0.076424 0
0.817124 0
0.629271 0
0.490075 0
0.101363 0
1.196748 0
0.088875 0
0.679090 0
0.092384 0
0.832797 0
0.356534 0
0.162773 0
1.415081 0
0.501353 0
0.340790 0
0.210581 0
0.284215 0
0.612972 0
1.243526 0
0.186116 0
1.200967 0
0.174134 0
0.416805 0
1.389929 0
0.452426 0
1.443158 0
0.165352 0
0.272838 0
0.712736 0
0.169777 0
0.020371 0
0.068405 0
0.245176 0
0.018348 0
0.499642 0
0.446718 0
0.025825 0
0.015367 0
0.311459 0
0.973078 0
0.215466 0
0.070997 0
0.308649 0
0.092986 0
0.296524 0
1.653281 0
0.237197 0
0.963226 0
0.448207 0
0.265510 0
0.212989 0
0.086341 0
0.325493 0
0.995803 0
0.353942 0
0.848125 0
0.973981 0
0.139051 0
0.855083 0
0.137782 0
0.613235 0
0.048194 0
1.493645 0
0.846090 0
0.335715 0
0.504773 0
0.219198 0
0.351213 0
0.680563 0
0.446103 0
0.398856 0
0.344429 0
0.069858 0
0.245897 0
0.816947 0
0.092001 0
0.548281 0
0.453651 0
0.038427 0
0.112060 0
2.138113 0
0.283109 0
0.097319 0
0.004758 0
1.362152 0
1.630587 0
0.260704 0
0.065847 0
0.063676 0
0.341930 0
1.078020 0
1.708283 0
0.487236 0
0.307619 0
0.682614 0
1.593114 0
0.170742 0
0.121226 0
1.417611 0
0.589376 0
0.461715 0
0.195386 0
0.334826 0
0.248575 0
0.043246 0
0.232386 0
0.365200 0
0.366465 0
1.303091 0
0.278183 0
0.187445 0
0.396321 0
0.841743 0
0.771284 0
0.359249 0
0.029977 0
0.726358 0
0.536197 0
1.314824 0
0.120410 0
0.430133 0
0.559359 0
0.717818 0
0.590839 0
0.572727 0
0.154729 0
1.411813 0
1.220088 0
0.593897 0
0.152604 0
0.130219 0
0.063161 0
0.219046 0
1.516846 0
0.594100 0
0.612372 0
0.266707 0
1.442757 0
0.609482 0
0.190201 0
0.176230 0
0.977256 0
0.080755 0
0.152606 0
1.585454 0
0.776949 0
0.119792 0
0.474643 0
1.027469 0
0.969029 0
0.073801 0
0.701670 0
1.184570 0
0.310357 0
0.411448 0
0.353080 0
0.057739 0
0.268801 0
0.214206 0
1.407064 0
0.690304 0
1.093012 0
0.366723 0
0.612515 0
0.926249 0
0.105868 0
0.043026 0
0.074546 0
1.263131 0
0.520055 0
0.735052 0
0.845881 0
0.091359 0
0.135247 0
0.123532 0
0.497563 0
0.161399 0
0.986202 0
0.152711 0
0.539735 0
0.229470 0
0.786412 0
0.337292 0
0.273820 0
0.025041 0
0.472330 0
0.301845 0
0.502115 0
1.643006 0
0.050996 0
0.976291 0
0.099867 0
0.476545 0
0.260606 0
2.558284 0
1.196318 0
0.529047 0
0.506090 0
0.629493 0
0.481374 0
1.125425 0
0.294840 0
0.467611 0
0.883838 0
0.301800 0
0.232238 0
0.112019 0
0.868095 0
0.764806 0
0.236927 0
0.234316 0
0.112872 0
0.255557 0
0.253500 0
0.957550 0
0.211485 0
1.137342 0
0.416380 0
0.018103 0
0.437251 0
0.354889 0
0.626823 0
0.272509 0
0.665746 0
0.111767 0
0.165951 0
0.085551 0
0.754683 0
0.056232 0
0.033700 0
0.165687 0
0.138850 0
0.782159 0
0.142709 0
0.398215 0
0.182346 0
0.158123 0
0.162884 0
0.485524 0
0.058014 0
0.064176 0
0.410740 0
0.175247 0
0.479972 0
0.340276 0
0.078336 0
1.043416 0
1.333161 0
0.524699 0
0.326960 0
0.122111 0
0.899767 0
0.034352 0
0.060435 0
0.211655 0
0.894048 0
0.201100 0
0.512964 0
1.468249 0
0.914654 0
1.326432 0
0.081218 0
0.177581 0
1.001827 0
0.087003 0
0.633009 0
0.030619 0
0.887581 0
0.078085 0
0.137720 0
1.277937 0
0.255642 0
0.432700 0
0.629817 0
0.268042 0
0.639672 0
0.520888 0
0.822183 0
0.083118 0
0.164088 0
0.084379 0
0.025321 0
0.032358 0
0.776531 0
0.132661 0
1.392599 0
0.894381 0
0.221622 0
0.486992 0
0.084697 0
0.855814 0
0.336543 0
0.818051 0
0.726417 0
0.071457 0
0.089194 0
0.131560 0
0.637408 0
0.065307 0
0.777509 0
0.147239 0
0.495652 0
0.069965 0
0.486649 0
1.129229 0
0.280224 0
0.201163 0
0.192622 0
0.210764 0
0.404169 0
0.614106 0
0.106821 0
0.154899 0
0.017919 0
0.168467 0
0.690772 0
0.402769 0
0.029619 0
0.296029 0
0.213830 0
1.646178 0
0.713622 0
0.428703 0
0.186162 0
0.598540 0
0.475817 0
0.359738 0
0.124310 0
0.315683 0
0.507994 0
0.704678 0
1.541342 0
0.253399 0
0.447704 0
0.606539 0
0.280771 0
0.541339 0
0.683796 0
0.525735 0
1.121492 0
0.159359 0
0.591150 0
1.660027 0
0.952136 0
0.406826 0
0.428371 0
0.794094 0
0.021555 0
0.084806 0
0.418271 0
0.335136 0
0.075274 0
0.089728 0
0.774599 0
0.894646 0
0.528838 0
0.370344 0
1.415408 0
0.258795 0
0.161819 0
0.439806 0
0.174516 0
0.398300 0
0.347638 0
0.327874 0
0.107037 0
0.114371 0
0.391187 0
0.636133 0
0.424837 0
0.073027 0
0.049631 0
0.117949 0
0.053512 0
0.495593 0
0.224188 0
0.034686 0
0.348648 0
0.626179 0
0.267276 0
1.507018 0
0.676754 0
0.388519 0
0.096237 0
0.177751 0
0.586801 0
0.290161 0
0.178888 0
0.059375 0
0.121993 0
0.115977 0
1.248957 0
0.180118 0
0.075413 0
0.033277 0
0.095019 0
0.152828 0
1.469383 0
1.252133 0
0.217574 0
1.511094 0
0.042437 0
0.640130 0
0.376786 0
0.241723 0
0.219778 0
0.148536 0
0.163389 0
0.251590 0
0.699331 0
1.754556 0
0.137645 0
0.240593 0
1.366969 0
0.139530 0
0.224497 0
0.742559 0
0.668288 0
0.810661 0
0.259811 0
0.231308 0
0.017629 0
0.035284 0
0.120254 0
0.315902 0
1.116979 0
0.508770 0
0.039389 0
0.751049 0
0.970672 0
1.115688 0
0.101147 0
0.304677 0
0.474290 0
0.895212 0
0.007424 0
0.023535 0
0.607548 0
0.147136 0
0.167678 0
1.740571 0
0.038786 0
0.867219 0
0.422817 0
0.225980 0
0.296516 0
0.056427 0
0.351905 0
0.176868 0
1.524415 0
0.092331 0
0.661515 0
0.688235 0
0.049558 0
0.235167 0
0.302133 0
0.432729 0
1.535269 0
0.068229 0
0.036363 0
0.530082 0
0.059713 0
1.180110 0
0.031184 0
0.049639 0
0.481392 0
0.532030 0
1.387557 0
0.412480 0
0.492939 0
0.414329 0
0.131290 0
1.203931 0
0.163957 0
0.345698 0
1.368214 0
1.564568 0
0.087653 0
0.705790 0
0.330579 0
0.273205 0
0.485863 0
0.660459 0
0.481390 0
0.064091 0
0.264170 0
0.757528 0
0.308450 0
0.639992 0
0.429113 0
0.621826 0
1.445320 0
0.852715 0
0.065055 0
0.441292 0
1.699506 0
1.275219 0
0.850116 0
0.541275 0
1.480908 0
0.235546 0
1.836211 0
0.182695 0
0.068263 0
0.254472 0
0.211993 0
0.761648 0
0.730654 0
0.891629 0
0.053702 0
0.036095 0
0.587779 0
1.468713 0
0.765376 0
1.023843 0
1.272112 0
0.326937 0
0.060977 0
0.390235 0
0.293308 0
0.725124 0
0.471571 0
0.283743 0
0.413717 0
0.266377 0
0.988629 0
0.671956 0
0.308828 0
0.027325 0
0.371787 0
0.636970 0
1.423038 0
0.062235 0
0.181290 0
0.805554 0
0.550565 0
0.985642 0
0.584459 0
0.745920 0
0.644553 0
0.255664 0
0.113021 0
0.484231 0
0.630233 0
0.109172 0
0.046876 0
0.071731 0
0.304948 0
0.074625 0
0.381222 0
0.353908 0
1.211396 0
0.404517 0
0.163918 0
0.017203 0
0.094372 0
0.506454 0
0.250620 0
0.247826 0
0.347595 0
0.003186 0
0.845255 0
1.148183 0
0.294111 0
0.699023 0
0.273636 0
0.027416 0
0.089738 0
0.425056 0
0.273855 0
0.049861 0
0.297565 0
0.247447 0
3.686775 0
0.540858 0
0.262630 0
0.281521 0
1.820502 0
1.648463 0
1.117766 0
0.199192 0
1.453634 0
0.546155 0
0.182169 0
1.062530 0
0.595362 0
0.694319 0
0.042507 0
0.611780 0
0.510244 0
0.342840 0
0.119999 0
0.201176 0
0.533897 0
1.331172 0
1.199367 0
0.195135 0
1.211710 0
0.032974 0
0.036140 0
0.120738 0
0.333689 0
1.112891 0
0.356814 0
1.337244 0
0.401778 0
0.189810 0
0.423909 0
0.485426 0
0.887622 0
1.006439 0
1.054013 0
0.366667 0
0.776326 0
0.332691 0
0.258035 0
0.422211 0
0.049055 0
0.116874 0
0.234060 0
0.010755 0
0.020784 0
0.461039 0
0.240631 0
0.069594 0
0.292005 0
1.400432 0
1.188634 0
0.371069 0
0.090617 0
1.019784 0
0.077391 0
0.365164 0
0.301276 0
0.700842 0
0.629366 0
0.156937 0
0.285638 0
0.963470 0
0.202677 0
1.089838 0
0.279174 0
0.030122 0
1.084368 0
0.388724 0
1.138016 0
0.161778 0
0.008539 0
0.463414 0
0.303977 0
0.223296 0
1.140186 0
0.575831 0
0.960698 0
0.245844 0
0.175286 0
0.199889 0
0.576063 0
1.090210 0
0.150673 0
1.337069 0
0.241771 0
0.661890 0
0.397023 0
1.395899 0
0.453743 0
0.742388 0
0.086807 0
0.168777 0
0.475281 0
0.314897 0
0.428082 0
1.203587 0
0.957035 0
0.407065 0
0.655022 0
0.638847 0
0.767008 0
0.084652 0
1.156676 0
0.155726 0
0.189090 0
1.574270 0
0.643322 0
0.178031 0
0.226832 0
0.722512 0
0.507545 0
1.143587 0
0.360149 0
0.594872 0
0.182198 0
1.374000 0
1.298661 0
0.128399 0
1.097125 0
0.541775 0
1.747578 0
0.122031 0
0.313564 0
0.653551 0
0.201108 0
0.080309 0
0.052712 0
0.071484 0
0.264889 0
0.177059 0
1.255626 0
0.119516 0
0.095573 0
0.304862 0
0.232046 0
0.257987 0
0.352677 0
0.054783 0
0.711540 0
0.199589 0
0.122061 0
0.359478 0
0.278490 0
0.433134 0
0.024976 0
1.085415 0
0.110409 0
0.045806 0
0.498637 0
0.032487 0
0.205434 0
0.045930 0
0.098200 0
0.098646 0
0.046958 0
0.265760 0
0.145431 0
0.248885 0
0.236001 0
0.159201 0
0.877245 0
1.326458 0
0.118537 0
0.006646 0
0.021642 0
1.101533 0
0.042055 0
0.005971 0
0.172682 0
0.123587 0
0.184499 0
0.265860 0
0.027424 0
0.092635 0
0.014861 0
0.002156 0
1.704728 0
0.570713 0
0.017576 0
0.753379 0
1.243712 0
0.365086 0
1.040853 0
0.434951 0
0.252934 0
1.234355 0
0.891129 0
0.259916 0
0.203633 0
0.144181 0
1.234557 0
0.040136 0
1.321366 0
0.609946 0
0.316717 0
0.248094 0
1.330853 0
0.002351 0
0.330835 0
0.433300 0
0.028059 0
0.004885 0
0.233855 0
0.291017 0
0.366520 0
0.533083 0
0.971749 0
0.111166 0
1.172252 0
0.519049 0
1.452275 0
0.427935 0
0.494669 0
0.286263 0
0.289407 0
0.732022 0
0.582598 0
0.104639 0
1.466893 0
0.667617 0
0.317085 0
0.847669 0
1.056392 0
0.292799 0
0.114784 0
0.460513 0
0.121566 0
0.466423 0
0.326854 0
0.137862 0
0.119974 0
0.239541 0
0.314642 0
0.048875 0
0.248298 0
0.500738 0
0.524656 0
0.833118 0
0.455949 0
1.050899 0
0.190155 0
0.060292 0
0.015377 0
0.220285 0
0.550766 0
1.049372 0
0.689931 0
0.924173 0
0.211510 0
1.541401 0
1.046900 0
0.583460 0
0.675968 0
1.152414 0
0.024359 0
0.536839 0
0.684936 0
0.440120 0
0.341783 0
0.636212 0
1.638654 0
0.668462 0
0.290857 0
0.217939 0
0.442104 0
0.504977 0
0.387976 0
0.305096 0
0.015154 0
0.389047 0
0.621603 0
1.208043 0
1.395182 0
0.167583 0
0.927595 0
0.382576 0
0.016677 0
0.043440 0
0.179172 0
0.438757 0
0.079922 0
0.221451 0
0.215646 0
0.067038 0
1.467062 0
0.277829 0
1.371403 0
0.136348 0
0.177046 0
0.166503 0
0.699035 0
0.992790 0
0.120488 0
1.000132 0
0.036438 0
0.312691 0
0.036980 0
1.079319 0
0.554722 0
0.376240 0
0.266639 0
0.952711 0
0.630646 0
0.427754 0
0.309197 0
0.353349 0
0.136306 0
0.479282 0
1.108788 0
0.383496 0
0.860261 0
1.384052 0
0.114693 0
0.145456 0
0.412390 0
0.236852 0
0.683976 0
0.321900 0
0.881283 0
0.180482 0
0.604053 0
0.727803 0
0.579444 0
0.043025 0
0.286100 0
0.743074 0
0.235609 0
0.548448 0
0.227600 0
0.100208 0
0.206402 0
0.106957 0
0.407410 0
0.170260 0
0.617844 0
0.933102 0
0.260866 0
0.078976 0
0.180766 0
1.614278 0
0.737625 0
0.240971 0
0.139345 0
1.150564 0
0.580534 0
1.238328 0
1.090704 0
0.712667 0
0.033942 0
0.020408 0
0.522645 0
1.062863 0
0.376818 0
1.387157 0
1.526864 0
0.089228 0
0.215913 0
2.071455 0
0.210285 0
0.318529 0
0.138715 0
0.251588 0
0.069379 0
0.835591 0
0.105317 0
0.088181 0
0.123159 0
1.206788 0
0.605092 0
0.442534 0
0.495477 0
1.260015 0
0.112510 0
0.291250 0
0.115078 0
0.599168 0
1.464204 0
0.749335 0
0.575493 0
0.920770 0
0.368880 0
0.044189 0
0.086967 0
0.177281 0
0.324026 0
0.282943 0
1.755569 0
0.002215 0
0.560037 0
0.547552 0
0.332158 0
0.342242 0
0.184886 0
1.076326 0
0.009326 0
0.207543 0
0.137271 0
0.212971 0
0.676486 0
0.498970 0
1.432785 0
0.703966 0
0.545582 0
1.196976 0
0.483313 0
0.126062 0
0.038149 0
0.525637 0
0.144564 0
0.774744 0
0.606802 0
1.071287 0
1.238402 0
0.304665 0
0.105620 0
0.129185 0
0.356142 0
0.287339 0
0.139868 0
1.495696 0
0.133694 0
0.854826 0
0.167088 0
0.148628 0
1.052485 0
0.136839 0
0.084861 0
0.210248 0
0.892280 0
0.044805 0
0.640583 0
0.214988 0
0.096552 0
0.261759 0
0.772252 0
0.026297 0
0.060109 0
0.319297 0
0.034996 0
0.448942 0
0.412911 0
0.109515 0
1.139671 0
0.851669 0
0.691334 0
0.687967 0
0.114667 0
0.446371 0
0.022144 0
0.265596 0
0.155517 0
0.679922 0
0.659135 0
0.178694 0
0.133615 0
1.591112 0
0.276562 0
0.281641 0
1.717241 0
0.167635 0
1.329514 0
0.705834 0
0.491693 0
0.295836 0
0.646396 0
0.283626 0
0.080739 0
0.379481 0
0.390304 0
1.090711 0
0.443913 0
0.619255 0
0.085402 0
0.457638 0
1.302484 0
0.017521 0
0.347431 0
0.750331 0
0.207385 0
0.494030 0
0.192255 0
0.936499 0
0.071664 0
0.012974 0
0.245554 0
0.343828 0
0.161390 0
0.554967 0
0.541525 0
1.528484 0
0.080661 0
0.195352 0
0.293459 0
0.091223 0
0.122214 0
0.119539 0
0.155080 0
0.051229 0
0.547530 0
0.740785 0
0.807263 0
0.005634 0
0.127573 0
0.409890 0
0.104956 0
0.258991 0
0.617954 0
0.988301 0
0.522761 0
0.221674 0
1.244809 0
0.538314 0
0.435136 0
0.584326 0
0.293520 0
0.451007 0
0.153788 0
1.432856 0
1.087350 0
0.257134 0
1.490773 0
0.123997 0
0.118935 0
0.481128 0
0.705288 0
0.151304 0
0.895384 0
1.273090 0
0.029535 0
0.393515 0
0.235651 0
1.763229 0
0.194433 0
0.613179 0
0.196771 0
0.313876 0
0.384449 0
0.669405 0
1.033965 0
0.288282 0
0.748598 0
0.121107 0
0.361285 0
0.611856 0
0.830122 0
0.215470 0
1.519630 0
0.017268 0
0.490070 0
0.126320 0
1.126446 0
1.328645 0
0.474568 0
1.189936 0
0.074434 0
0.466075 0
0.221204 0
0.015502 0
0.270224 0
1.527620 0
0.475666 0
0.186841 0
0.199367 0
0.170831 0
0.311686 0
0.364157 0
0.251563 0
0.115598 0
0.369609 0
0.699382 0
0.033386 0
0.545656 0
0.130534 0
0.348743 0
0.307944 0
0.081911 0
0.676266 0
0.267407 0
0.128810 0
0.471372 0
0.267592 0
0.210810 0
0.332984 0
0.738412 0
0.020688 0
0.722312 0
0.144837 0
0.171658 0
0.273894 0
0.214139 0
0.859506 0
0.078642 0
0.227803 0
0.016458 0
0.618961 0
0.021548 0
0.284073 0
0.202560 0
0.186782 0
0.435445 0
0.021974 0
0.304238 0
1.359767 0
0.127785 0
0.899133 0
1.464750 0
0.553631 0
1.375141 0
0.146704 0
0.891979 0
0.110107 0
0.163877 0
1.022840 0
1.111905 0
1.730868 0
1.455881 0
1.429310 0
0.261012 0
0.625857 0
0.433916 0
0.949953 0
0.510138 0
1.155036 0
0.104260 0
1.146009 0
0.586215 0
0.094772 0
0.122729 0
0.627894 0
0.250964 0
0.178792 0
0.161065 0
0.043191 0
0.514683 0
0.023340 0
0.117745 0
0.575001 0
0.046770 0
0.073649 0
0.285994 0
0.187523 0
0.103843 0
0.187801 0
0.032625 0
0.582237 0
0.725772 0
1.484853 0
0.054332 0
0.237412 0
0.040339 0
0.134575 0
0.282904 0
1.194220 0
0.737293 0
0.278234 0
0.232898 0
0.688227 0
0.342923 0
0.575472 0
0.209211 0
0.308681 0
0.661496 0
0.463486 0
0.208406 0
0.725411 0
0.409853 0
0.460904 0
1.117907 0
1.415927 0
0.378556 0
0.256779 0
0.316356 0
1.760606 0
0.593739 0
1.078794 0
0.537465 0
0.323480 0
0.641611 0
0.033732 0
1.004954 0
1.509105 0
1.605041 0
0.940455 0
0.649283 0
1.407436 0
0.335277 0
1.380597 0
0.882952 0
0.616112 0
0.908702 0
0.917191 0
0.596571 0
0.205321 0
0.478340 0
1.405046 0
0.632669 0
0.087620 0
0.321982 0
0.581419 0
1.580558 0
0.320800 0
1.017195 0
0.118540 0
0.186422 0
0.043230 0
0.023389 0
0.900577 0
0.523351 0
0.179831 0
0.837868 0
0.697684 0
0.308501 0
0.090125 0
0.063733 0
0.159974 0
0.846456 0
0.409355 0
0.148932 0
0.408148 0
1.427790 0
0.643371 0
0.668310 0
0.437031 0
0.955133 0
0.958583 0
0.014069 0
0.111253 0
0.158594 0
0.212240 0
0.609078 0
0.542752 0
1.207131 0
0.585946 0
0.991017 0
1.054413 0
0.260275 0
0.383445 0
0.628587 0
1.861305 0
0.923979 0
0.122567 0
0.060840 0
1.195043 0
1.353524 0
0.211873 0
1.030997 0
1.095776 0
0.410110 0
0.202004 0
0.405475 0
0.142204 0
0.227297 0
0.387334 0
0.966087 0
0.213040 0
0.480573 0
0.133640 0
0.475721 0
0.578261 0
0.155850 0
0.022677 0
0.400237 0
0.129629 0
0.120777 0
0.427077 0
0.462205 0
1.227653 0
0.837607 0
0.517411 0
0.362606 0
1.458835 0
0.278484 0
1.336825 0
0.530417 0
0.013011 0
0.050922 0
0.634506 0
0.020508 0
0.068995 0
0.183732 0
1.119030 0
1.142985 0
0.032016 0
0.713579 0
1.083464 0
1.245801 0
1.023103 0
0.876907 0
0.703669 0
0.062602 0
0.349257 0
0.216522 0
1.149591 0
0.323458 0
1.292836 0
0.380949 0
0.642369 0
0.099165 0
0.275284 0
0.011173 0
0.156522 0
0.501782 0
0.658559 0
0.331404 0
0.241098 0
0.623637 0
0.299191 0
0.401976 0
1.356683 0
0.103153 0
1.399227 0
1.652540 0
0.315340 0
0.156894 0
0.255967 0
1.596685 0
1.415139 0
0.345647 0
0.107601 0
0.839961 0
0.614177 0
0.965857 0
1.507664 0
0.049546 0
0.814412 0
0.139337 0
0.391634 0
0.154930 0
0.487892 0
0.053381 0
0.696315 0
0.259827 0
0.079012 0
0.773913 0
0.150642 0
0.422122 0
0.850570 0
0.287935 0
0.032610 0
0.071813 0
0.324075 0
0.165696 0
0.320293 0
0.411782 0
1.383793 0
0.015023 0
0.128414 0
1.220485 0
1.179683 0
0.054737 0
0.071504 0
2.043379 0
0.550192 0
0.054167 0
0.754178 0
0.213018 0
0.059396 0
0.133860 0
0.693992 0
0.229721 0
0.166560 0
1.263872 0
0.187187 0
1.599621 0
0.115891 0
0.528790 0
1.399997 0
1.397052 0
0.019548 0
0.281191 0
0.208577 0
0.521917 0
0.064830 0
0.407574 0
0.599418 0
0.187176 0
0.251941 0
0.331459 0
0.298177 0
1.223042 0
0.464637 0
0.145999 0
0.015082 0
0.053969 0
0.291952 0
0.376340 0
0.422355 0
0.395244 0
0.692127 0
1.935308 0
1.635794 0
0.190215 0
1.073794 0
0.745484 0
0.529125 0
0.477074 0
0.341048 0
0.883038 0
0.691071 0
1.045169 0
0.738881 0
0.335894 0
1.061845 0
0.531285 0
0.235475 0
0.525202 0
0.902024 0
1.369014 0
0.335160 0
0.113754 0
0.436050 0
0.397831 0
0.590749 0
0.324014 0
0.927546 0
1.452234 0
0.191783 0
1.189169 0
0.042137 0
0.391279 0
0.642805 0
1.160396 0
0.166006 0
0.168050 0
1.478615 0
0.268199 0
0.533838 0
0.734223 0
0.663472 0
0.367659 0
0.552161 0
1.441810 0
0.599538 0
0.493947 0
0.605968 0
0.274501 0
0.192551 0
0.400297 0
0.597246 0
0.125357 0
0.267394 0
0.495716 0
0.482692 0
0.573082 0
0.268392 0
0.573721 0
1.190818 0
1.397866 0
1.398481 0
0.097070 0
0.070940 0
0.409484 0
1.134431 0
0.635130 0
0.837870 0
0.344967 0
1.220625 0
1.383374 0
0.521830 0
0.207792 0
0.434721 0
0.480104 0
0.062701 0
0.846149 0
0.026780 0
0.163164 0
0.014484 0
0.227269 0
0.182947 0
0.643285 0
1.377040 0
0.068341 0
0.575454 0
0.309240 0
1.056999 0
0.027476 0
0.333216 0
0.074102 0
0.996204 0
0.096415 0
0.441625 0
0.179264 0
0.398322 0
0.313113 0
0.243669 0
0.144510 0
0.874426 0
0.862977 0
1.348616 0
0.023762 0
0.036099 0
0.894933 0
1.743511 0
0.785104 0
1.624985 0
0.514535 0
0.404701 0
0.636697 0
0.235493 0
0.274117 0
0.862757 0
1.108073 0
0.635972 0
0.458226 0
0.618530 0
0.200364 0
0.064436 0
0.276337 0
0.170440 0
1.037367 0
0.065513 0
0.341101 0
0.760131 0
0.478810 0
0.107002 0
1.278954 0
0.368426 0
0.332220 0
0.200792 0
1.912837 0
0.916655 0
0.331562 0
1.063019 0
1.362320 0
0.810740 0
0.156991 0
0.226523 0
0.308090 0
0.189916 0
0.542801 0
0.038063 0
0.348120 0
0.087255 0
1.410804 0
1.185011 0
0.057948 0
0.081803 0
1.532978 0
0.299772 0
1.780410 0
1.513156 0
0.773685 0
0.109512 0
0.657711 0
0.187527 0
0.972062 0
1.374651 0
0.106572 0
0.409839 0
0.725962 0
0.056438 0
0.310906 0
0.008404 0
0.373845 0
0.519337 0
0.202982 0
0.037575 0
0.458388 0
0.202957 0
0.577664 0
0.304763 0
0.404243 0
1.401983 0
0.068925 0
0.566692 0
0.314851 0
0.263674 0
1.076777 0
0.046512 0
1.090607 0
1.624362 0
0.557803 0
0.046918 0
0.117441 0
0.329363 0
0.813857 0
1.415918 0
0.067555 0
0.133190 0
0.187840 0
0.281309 0
0.484141 0
0.149082 0
0.016486 0
0.236247 0
0.070299 0
0.061879 0
