1.642258 0
0.102417 0
0.791358 0
0.147838 0
0.767688 0
1.190766 0
1.125672 0
0.866242 0
0.278094 0
1.016998 0
0.035918 0
0.185248 0
0.866248 0
0.282756 0
1.223833 0
0.149255 0
0.255495 0
0.112676 0
0.063690 0
0.302584 0
0.038940 0
0.229314 0
0.666049 0
0.049959 0
0.852082 0
0.751371 0
0.543150 0
0.081198 0
0.364960 0
0.786973 0
0.967771 0
1.077122 0
0.042824 0
0.257608 0
0.096717 0
0.037900 0
1.605707 0
1.434064 0
1.277130 0
0.165703 0
0.603855 0
0.740678 0
1.910056 0
0.196606 0
0.634220 0
0.171369 0
1.150684 0
0.199243 0
0.234845 0
0.065002 0
0.448124 0
0.987148 0
1.424884 0
0.957984 0
0.192092 0
0.177057 0
0.134888 0
0.138114 0
0.076007 0
0.688648 0
1.171210 0
0.113561 0
0.435330 0
0.456863 0
0.310032 0
0.003302 0
0.273564 0
0.622880 0
0.197639 0
0.262886 0
0.439621 0
0.173893 0
0.602024 0
0.398096 0
1.177790 0
0.808975 0
0.818788 0
0.358432 0
0.221667 0
0.288146 0
0.683255 0
0.547047 0
0.269383 0
1.305061 0
0.326759 0
0.298784 0
0.183057 0
0.042979 0
0.079367 0
0.023629 0
0.095448 0
1.492401 0
0.101801 0
0.112820 0
0.425586 0
0.363872 0
0.509932 0
0.751233 0
0.945704 0
0.716160 0
0.654951 0
1.203371 0
0.298144 0
0.137473 0
0.245762 0
0.254413 0
0.116669 0
0.210564 0
0.319259 0
1.583309 0
0.110005 0
1.575779 0
0.234846 0
0.263457 0
0.325019 0
0.681082 0
0.585430 0
0.879914 0
0.834130 0
0.440610 0
1.388648 0
0.179359 0
0.024383 0
0.210614 0
0.266076 0
0.144349 0
0.312848 0
0.070376 0
0.701596 0
0.617103 0
0.271798 0
0.377453 0
0.311118 0
0.213085 0
0.380748 0
0.284082 0
0.174573 0
0.011090 0
0.078820 0
0.270547 0
0.214799 0
1.431233 0
1.411660 0
0.009743 0
1.371715 0
0.692371 0
0.378646 0
0.373818 0
1.489364 0
0.774983 0
1.025966 0
0.346758 0
0.157786 0
1.079128 0
0.765685 0
0.223708 0
0.728922 0
1.135259 0
0.228814 0
0.199287 0
0.329811 0
1.413646 0
0.114925 0
0.171341 0
0.692988 0
0.060881 0
0.053480 0
0.453297 0
0.292105 0
0.059354 0
0.204133 0
0.794530 0
0.289616 0
1.091627 0
0.212141 0
0.066819 0
1.675220 0
0.393142 0
0.057034 0
0.249069 0
0.350215 0
0.603967 0
0.348613 0
0.246035 0
0.027405 0
0.285721 0
0.008804 0
0.804335 0
0.030735 0
0.362630 0
0.098506 0
0.181036 0
1.006983 0
0.915726 0
0.641915 0
0.442327 0
1.414555 0
1.458438 0
0.741609 0
0.505152 0
0.093038 0
0.549812 0
0.248466 0
0.281662 0
0.285064 0
0.072401 0
0.333537 0
1.532700 0
1.479380 0
0.505804 0
0.089202 0
0.182137 0
0.500699 0
0.031823 0
0.188455 0
0.072619 0
1.232229 0
0.468528 0
0.263712 0
0.557472 0
0.120105 0
0.806647 0
0.190335 0
0.171913 0
0.123163 0
0.239004 0
0.265135 0
0.487450 0
0.060575 0
0.233240 0
0.200254 0
0.348683 0
0.226477 0
0.233620 0
0.033065 0
0.554238 0
0.244365 0
1.463863 0
0.046097 0
1.004077 0
0.227188 0
1.023389 0
1.108973 0
0.132850 0
0.327240 0
0.245797 0
0.091267 0
0.138536 0
0.043476 0
0.238142 0
0.027449 0
0.275073 0
1.194148 0
0.406012 0
0.583333 0
0.303236 0
0.431303 0
0.138509 0
1.637344 0
0.080773 0
0.189416 0
0.471931 0
0.137250 0
0.187550 0
0.066451 0
0.425947 0
0.158289 0
0.702536 0
0.344826 0
0.719984 0
0.018258 0
0.256892 0
0.355192 0
0.182685 0
0.241709 0
0.154306 0
0.087795 0
0.271268 0
0.127157 0
0.818137 0
0.531821 0
0.697636 0
0.213548 0
0.199375 0
0.516111 0
0.040060 0
1.502708 0
0.449453 0
0.567421 0
0.809910 0
0.287724 0
0.391332 0
0.204437 0
0.408210 0
1.592485 0
0.566621 0
1.608878 0
0.560391 0
1.378606 0
0.354077 0
1.042204 0
1.594573 0
0.241648 0
0.789912 0
0.086760 0
0.471523 0
0.196068 0
0.439144 0
0.176267 0
0.459538 0
0.732832 0
0.326227 0
0.515120 0
1.769506 0
0.743895 0
0.470824 0
0.378320 0
0.480287 0
0.132104 0
0.256925 0
0.406452 0
0.968098 0
1.448053 0
1.365707 0
0.391553 0
1.138191 0
0.720155 0
1.114478 0
0.615140 0
0.462580 0
0.309401 0
1.842914 0
0.482279 0
1.186064 0
0.359469 0
1.443336 0
0.261928 0
1.263478 0
0.351405 0
0.601005 0
0.421724 0
0.104036 0
0.638499 0
1.868822 0
0.085758 0
0.622846 0
0.040190 0
1.081414 0
0.139899 0
1.260555 0
0.299364 0
0.120930 0
0.436435 0
0.431540 0
0.180448 0
0.930206 0
0.262673 0
0.114941 0
0.119930 0
0.076918 0
0.154505 0
0.149217 0
0.087814 0
0.203070 0
0.898528 0
1.362887 0
0.060969 0
0.347637 0
0.185799 0
1.398716 0
0.444953 0
0.033641 0
0.515144 0
0.235140 0
0.154319 0
0.853327 0
0.529192 0
0.490184 0
0.591972 0
0.174620 0
0.035992 0
1.086112 0
1.062956 0
0.248512 0
0.098546 0
0.222761 0
0.180547 0
0.317584 0
0.092527 0
0.017099 0
0.284544 0
0.474236 0
0.062377 0
0.114874 0
0.769327 0
1.265787 0
0.274288 0
0.175631 0
0.042570 0
0.764332 0
0.496675 0
1.275368 0
0.251062 0
0.451866 0
0.306283 0
0.089255 0
0.164857 0
0.511022 0
0.350248 0
0.794460 0
0.195608 0
0.518433 0
0.471344 0
0.769246 0
0.376702 0
0.101911 0
0.718582 0
0.061876 0
0.354618 0
0.020902 0
0.262017 0
0.341572 0
0.651821 0
0.249142 0
0.159252 0
1.458328 0
0.255511 0
0.393508 0
0.256297 0
0.368053 0
0.111886 0
0.519981 0
0.779914 0
0.168364 0
0.266019 0
0.046560 0
0.175890 0
0.031837 0
0.502322 0
0.516343 0
0.211749 0
0.208572 0
0.093538 0
0.829024 0
0.244032 0
0.379783 0
0.257686 0
0.251144 0
0.725127 0
1.030403 0
0.232256 0
0.092011 0
0.094933 0
0.426138 0
0.047130 0
0.689127 0
0.699622 0
0.210833 0
0.103171 0
0.391218 0
0.187938 0
0.087926 0
0.143359 0
0.098165 0
1.161883 0
0.822553 0
0.788418 0
0.113780 0
0.502580 0
0.351636 0
0.439659 0
1.416541 0
0.101194 0
0.011325 0
0.316047 0
0.656217 0
1.000353 0
0.374238 0
1.292014 0
0.186973 0
0.394371 0
0.410344 0
0.164253 0
1.084055 0
0.013041 0
0.522370 0
0.567221 0
0.803425 0
0.202972 0
0.114568 0
0.164964 0
0.247922 0
0.112805 0
0.021048 0
0.022585 0
0.047047 0
0.119732 0
0.017789 0
1.160368 0
0.681699 0
0.208771 0
0.145269 0
0.897221 0
0.628527 0
0.662139 0
0.641548 0
0.909663 0
0.643259 0
0.162437 0
1.002162 0
0.097610 0
0.623230 0
0.417608 0
1.191550 0
0.599532 0
0.293169 0
0.743037 0
0.036698 0
0.100658 0
0.051858 0
0.437389 0
0.790772 0
1.220817 0
0.058140 0
0.165184 0
0.678504 0
0.987930 0
0.379093 0
0.121623 0
1.154443 0
1.022129 0
0.657317 0
0.745026 0
0.035308 0
0.139804 0
1.467331 0
0.508920 0
0.905213 0
0.270468 0
0.533961 0
0.965859 0
0.311337 0
0.249228 0
0.149646 0
0.064156 0
1.555102 0
0.442101 0
0.188921 0
0.044433 0
0.020968 0
0.432771 0
0.168373 0
1.076212 0
0.625662 0
0.659350 0
0.098047 0
0.137453 0
0.871602 0
0.139487 0
0.144058 0
1.376173 0
0.311608 0
1.832481 0
0.144927 0
0.892569 0
0.536584 0
1.391499 0
0.120746 0
0.247308 0
1.244655 0
0.080803 0
0.839674 0
0.608730 0
0.699525 0
0.142418 0
0.841794 0
0.002723 0
0.848259 0
0.124573 0
0.573209 0
0.699633 0
0.242478 0
0.790538 0
0.310529 0
0.280228 0
0.028415 0
0.402634 0
0.346830 0
0.027378 0
0.147935 0
0.925299 0
0.162838 0
0.351999 0
0.390665 0
0.304955 0
0.541200 0
0.303400 0
0.203405 0
0.091302 0
0.034479 0
0.554907 0
0.469713 0
0.060682 0
0.292784 0
1.584748 0
0.570897 0
0.847854 0
0.273932 0
0.517621 0
0.496288 0
0.340712 0
0.744153 0
0.204815 0
0.399102 0
0.682087 0
0.079293 0
0.172267 0
0.066069 0
0.263692 0
0.816974 0
0.255722 0
0.307240 0
0.138869 0
0.064161 0
0.247390 0
0.702629 0
0.320644 0
0.634025 0
0.266692 0
1.290138 0
0.494406 0
0.537584 0
0.185806 0
0.312631 0
1.197464 0
0.384241 0
0.432417 0
0.026365 0
0.501327 0
1.053771 0
0.128443 0
0.870333 0
0.033548 0
0.185793 0
1.131596 0
0.984101 0
1.522607 0
0.032393 0
0.353430 0
0.242974 0
0.040465 0
0.561460 0
0.479515 0
1.679007 0
0.015214 0
1.992020 0
0.644588 0
1.282140 0
0.449540 0
1.404131 0
0.897478 0
0.385919 0
0.401729 0
0.017275 0
0.786614 0
0.422727 0
1.441757 0
0.040117 0
0.943913 0
0.895234 0
0.533785 0
0.557289 0
0.275817 0
0.374709 0
0.246444 0
1.072466 0
1.108756 0
0.631057 0
0.131848 0
0.107329 0
0.390214 0
0.121357 0
0.117491 0
0.060154 0
1.122141 0
0.277505 0
0.536508 0
0.175311 0
0.040322 0
1.351697 0
0.035911 0
0.115730 0
0.345040 0
0.094673 0
1.433102 0
0.652647 0
0.788738 0
1.586922 0
0.622323 0
0.388859 0
1.156933 0
1.558135 0
0.434733 0
1.184382 0
0.416989 0
1.397197 0
0.360023 0
0.827934 0
1.404923 0
0.439492 0
0.377834 0
0.237996 0
0.050436 0
0.477923 0
0.211790 0
0.276657 0
0.033462 0
0.175475 0
0.787223 0
0.427690 0
0.102943 0
0.338690 0
0.464904 0
0.924182 0
1.390787 0
0.284379 0
0.353855 0
0.079149 0
0.899235 0
0.086650 0
0.176501 0
0.833023 0
0.045076 0
0.679089 0
0.335412 0
0.464750 0
0.698769 0
0.322222 0
0.047742 0
0.327194 0
0.021554 0
0.153935 0
0.040064 0
0.133929 0
0.505413 0
0.196544 0
0.399680 0
0.643100 0
0.016448 0
1.421690 0
0.129346 0
0.139426 0
0.022506 0
0.336433 0
0.128116 0
0.277626 0
0.736378 0
0.127758 0
0.484556 0
0.127315 0
0.420572 0
1.591210 0
0.116299 0
1.362157 0
0.008372 0
0.094010 0
0.015347 0
0.029420 0
0.417204 0
0.394014 0
0.600743 0
0.249312 0
0.758791 0
0.074351 0
0.699753 0
0.248816 0
0.219400 0
0.212126 0
0.942628 0
0.639577 0
0.196599 0
0.036733 0
1.164457 0
0.923295 0
0.805440 0
0.337718 0
0.723471 0
0.396374 0
0.993304 0
0.516372 0
0.133709 0
0.180528 0
0.133469 0
0.084882 0
0.047358 0
0.131750 0
0.977163 0
0.117115 0
0.370426 0
0.135767 0
0.114417 0
0.176427 0
0.182814 0
0.311673 0
1.045505 0
0.759692 0
1.362921 0
0.277876 0
1.053071 0
0.092491 0
0.390968 0
0.060522 0
0.394724 0
0.293041 0
0.111303 0
1.093465 0
0.299008 0
0.455328 0
0.883996 0
0.717011 0
0.095974 0
0.708759 0
0.815252 0
1.088690 0
0.290148 0
0.044863 0
0.589500 0
0.290939 0
0.955254 0
0.704726 0
0.359049 0
0.678709 0
0.641561 0
1.498784 0
0.185204 0
0.068965 0
0.087326 0
0.845498 0
1.544885 0
0.024538 0
0.409520 0
0.112608 0
0.295448 0
0.488347 0
0.390634 0
1.086446 0
1.932549 0
0.638913 0
0.661117 0
0.021557 0
0.545140 0
0.068279 0
1.754675 0
0.253800 0
0.161928 0
0.340744 0
0.049175 0
0.978938 0
0.281398 0
0.534373 0
0.813496 0
1.815509 0
1.123785 0
0.024050 0
0.253695 0
0.139502 0
0.427213 0
0.166348 0
0.200941 0
0.172228 0
0.497293 0
0.390793 0
0.221984 0
1.016847 0
0.355713 0
0.088855 0
0.440866 0
0.384117 0
0.153143 0
0.126625 0
0.125433 0
0.257525 0
0.179054 0
0.062952 0
0.192942 0
0.896233 0
0.068055 0
1.074121 0
0.205345 0
0.241042 0
0.197958 0
0.313732 0
0.635612 0
0.495630 0
0.936818 0
0.936327 0
1.286888 0
0.795133 0
0.190354 0
1.624969 0
0.857263 0
0.285514 0
0.075765 0
0.821494 0
0.158783 0
1.139393 0
0.195682 0
0.105369 0
0.232202 0
0.299969 0
0.284613 0
0.259401 0
0.629494 0
0.251281 0
0.372197 0
0.938535 0
0.311902 0
0.016402 0
0.181524 0
0.171390 0
0.106264 0
0.360970 0
0.083112 0
0.150819 0
0.018812 0
0.484676 0
0.796661 0
0.207225 0
0.143691 0
0.215473 0
0.021643 0
0.937003 0
0.309196 0
1.411982 0
0.393617 0
1.331739 0
0.025464 0
0.156810 0
0.116654 0
0.481559 0
0.734128 0
0.166553 0
0.305965 0
0.864682 0
1.147334 0
0.206879 0
0.052444 0
0.882771 0
0.590833 0
0.215738 0
0.108733 0
1.005586 0
0.241653 0
0.069215 0
0.029225 0
1.160167 0
0.009231 0
0.078040 0
0.421048 0
0.715359 0
0.020540 0
0.394842 0
1.123789 0
0.033676 0
0.239793 0
0.620594 0
0.148494 0
0.005169 0
0.685853 0
0.144640 0
0.310914 0
0.286294 0
0.324353 0
0.699246 0
0.423431 0
0.350007 0
0.624237 0
0.194323 0
0.126099 0
1.054626 0
0.195627 0
0.014446 0
0.405075 0
0.211000 0
0.108947 0
0.258523 0
1.698360 0
0.295426 0
0.508231 0
0.288348 0
0.342569 0
0.433053 0
0.267963 0
1.537712 0
0.085791 0
0.028880 0
0.810374 0
1.073380 0
0.255764 0
0.216411 0
1.054835 0
0.027706 0
1.544622 0
1.037597 0
0.035726 0
0.528116 0
0.686541 0
0.514319 0
0.096251 0
0.129752 0
0.183928 0
0.737150 0
0.750005 0
1.289342 0
1.365742 0
0.223376 0
0.376639 0
0.614594 0
0.164864 0
0.241180 0
0.213738 0
0.116369 0
0.132798 0
0.297970 0
0.463044 0
1.001684 0
0.977900 0
0.569664 0
0.914162 0
0.551000 0
0.293561 0
0.848284 0
0.098435 0
0.363922 0
0.881483 0
0.266797 0
0.336960 0
0.413260 0
0.611136 0
0.110449 0
0.048130 0
0.366532 0
0.221385 0
0.922581 0
1.002574 0
0.409770 0
0.829279 0
1.539196 0
0.190550 0
0.740203 0
0.020999 0
0.131502 0
0.121244 0
1.031220 0
0.484410 0
0.116738 0
0.249356 0
0.005582 0
0.695647 0
0.493336 0
0.371304 0
0.163319 0
0.057483 0
0.480591 0
1.092055 0
0.110974 0
0.806243 0
0.777665 0
0.074875 0
0.032172 0
0.178188 0
0.396736 0
0.858746 0
0.636314 0
1.749390 0
1.069224 0
0.102525 0
0.353112 0
0.057234 0
0.181888 0
0.084306 0
1.066657 0
0.699585 0
0.463059 0
0.271749 0
0.417450 0
0.173026 0
1.095254 0
0.284071 0
0.540239 0
0.442548 0
0.016887 0
0.374168 0
1.223079 0
1.422160 0
0.321468 0
0.151846 0
0.738238 0
0.165770 0
0.478437 0
0.214984 0
0.302987 0
1.127880 0
0.188437 0
0.212286 0
0.512754 0
0.361688 0
1.188992 0
0.245204 0
0.454078 0
0.353413 0
0.893485 0
0.141872 0
0.649423 0
1.586143 0
0.131625 0
0.217730 0
0.375522 0
0.810308 0
2.039332 0
1.439651 0
0.132582 0
0.256843 0
0.214330 0
0.941766 0
0.144907 0
1.381466 0
0.256032 0
0.329866 0
0.754213 0
0.810296 0
0.323864 0
0.376901 0
0.478805 0
0.829086 0
0.345935 0
0.183064 0
1.402317 0
0.586788 0
1.013810 0
0.269980 0
0.138844 0
0.342907 0
1.263802 0
0.674258 0
0.310980 0
0.173372 0
0.823133 0
0.472234 0
0.223001 0
0.679649 0
0.379728 0
0.174530 0
0.226089 0
1.574859 0
1.005945 0
1.375477 0
0.078762 0
1.699081 0
0.654214 0
0.071471 0
0.031653 0
0.015710 0
0.352831 0
0.406767 0
0.338051 0
0.108187 0
0.618932 0
0.423811 0
0.095300 0
0.677684 0
1.336642 0
0.499149 0
0.586786 0
0.533869 0
0.270545 0
0.566753 0
0.145157 0
0.044939 0
0.326300 0
0.045396 0
0.647177 0
0.253013 0
0.072603 0
0.107911 0
0.125794 0
0.301955 0
0.027550 0
0.290398 0
0.268549 0
1.334251 0
0.047597 0
0.138365 0
0.404314 0
0.233362 0
0.252452 0
0.254857 0
0.388191 0
1.024823 0
0.786774 0
0.854143 0
0.179316 0
1.570257 0
0.839377 0
0.832795 0
0.470031 0
0.612780 0
0.604190 0
0.227219 0
0.708119 0
0.048845 0
1.336574 0
0.113803 0
0.063203 0
0.057117 0
0.450649 0
0.378310 0
0.239353 0
1.367444 0
0.065421 0
0.279620 0
0.337794 0
0.619720 0
0.266966 0
1.662517 0
0.024231 0
0.197674 0
0.052046 0
1.460263 0
0.067587 0
1.275800 0
0.113865 0
0.110968 0
0.049905 0
0.335893 0
0.477789 0
0.152479 0
0.454613 0
0.038823 0
0.145713 0
0.635299 0
0.594398 0
0.442838 0
0.822446 0
0.119239 0
0.841835 0
0.149647 0
0.356638 0
1.127694 0
0.438741 0
0.849150 0
0.201736 0
0.436498 0
0.023422 0
0.275617 0
0.032152 0
0.158610 0
1.022964 0
1.506591 0
0.236353 0
0.912547 0
0.102674 0
1.188391 0
0.143510 0
0.033745 0
0.176163 0
0.395477 0
0.163487 0
0.259130 0
0.014092 0
0.249908 0
0.486188 0
0.191884 0
0.620583 0
0.797217 0
1.469594 0
1.179934 0
0.007688 0
0.967257 0
0.366514 0
1.137285 0
0.420833 0
0.663662 0
0.032237 0
0.367198 0
0.208997 0
0.624201 0
0.678445 0
0.927659 0
0.128293 0
0.780782 0
0.018064 0
0.781012 0
0.588894 0
0.774637 0
0.021724 0
1.986255 0
0.881469 0
0.178689 0
0.165874 0
0.402540 0
0.270167 0
0.068746 0
0.270718 0
0.024026 0
0.482347 0
0.330896 0
0.334611 0
0.980366 0
1.549627 0
0.685641 0
0.670191 0
0.821457 0
1.675926 0
0.622255 0
0.661198 0
0.083134 0
0.101285 0
1.002372 0
0.278109 0
1.439398 0
0.073477 0
0.066033 0
0.125891 0
0.234178 0
0.099695 0
0.102061 0
0.233496 0
0.147266 0
0.104979 0
0.588502 0
0.065965 0
0.406641 0
0.522590 0
0.073253 0
0.592389 0
0.284333 0
0.059371 0
0.401650 0
0.267381 0
0.236126 0
0.668688 0
0.297065 0
0.191387 0
0.043126 0
1.092529 0
0.594960 0
1.390948 0
0.255798 0
0.860434 0
0.090331 0
0.531327 0
0.634749 0
0.040046 0
0.158490 0
0.378200 0
0.693235 0
0.047561 0
0.605131 0
0.205831 0
0.232016 0
0.362724 0
0.243775 0
0.700513 0
0.307532 0
0.167511 0
0.027105 0
0.638058 0
0.098871 0
0.522883 0
0.125406 0
1.224149 0
0.686999 0
1.202804 0
0.028505 0
0.060015 0
0.367365 0
0.190665 0
0.289444 0
0.276966 0
0.260965 0
0.765233 0
0.002892 0
0.830250 0
1.204459 0
0.317374 0
0.494443 0
0.138883 0
0.191100 0
2.294757 0
0.256235 0
0.243017 0
0.490385 0
1.096076 0
0.557301 0
0.255858 0
0.034020 0
1.284867 0
0.024293 0
0.523140 0
0.649026 0
0.539225 0
0.545737 0
1.805645 0
0.160836 0
0.051297 0
0.359090 0
0.278574 0
0.411877 0
0.063400 0
0.146336 0
0.175895 0
0.244509 0
0.288393 0
1.368866 0
0.936322 0
0.343810 0
0.333753 0
0.749104 0
0.978808 0
2.060597 0
1.256714 0
1.364755 0
0.401069 0
0.354197 0
0.047769 0
1.291422 0
0.765947 0
0.688780 0
0.625261 0
0.216603 0
1.458974 0
1.273030 0
0.516850 0
0.132953 0
0.881606 0
0.586210 0
1.367619 0
0.530366 0
0.371692 0
0.377767 0
1.054222 0
0.169958 0
0.681140 0
0.099730 0
0.686798 0
0.155129 0
0.063086 0
0.413761 0
1.374588 0
0.085994 0
0.351739 0
0.101999 0
1.502157 0
0.021031 0
0.012229 0
0.037271 0
0.185955 0
0.094538 0
0.228749 0
0.116347 0
0.010247 0
0.124407 0
0.542176 0
0.216683 0
0.294337 0
0.252486 0
0.934865 0
1.398342 0
0.785491 0
0.789670 0
0.888835 0
0.077644 0
1.463748 0
0.784934 0
0.487616 0
0.124101 0
0.064127 0
0.473680 0
0.522790 0
0.814394 0
0.510587 0
0.210706 0
0.193998 0
0.678209 0
0.190714 0
0.222594 0
0.178749 0
0.852598 0
0.996875 0
0.351925 0
0.623849 0
0.283018 0
0.182705 0
1.099159 0
0.980251 0
0.637745 0
1.372705 0
0.313610 0
0.518548 0
0.532649 0
0.908360 0
0.315104 0
1.019153 0
0.425262 0
1.083322 0
0.155463 0
0.257130 0
1.566160 0
0.334588 0
0.404206 0
0.271979 0
0.537306 0
0.625831 0
0.703975 0
0.326874 0
1.419314 0
0.568351 0
0.707734 0
1.032360 0
0.459800 0
1.569722 0
0.729262 0
0.070715 0
0.839188 0
0.276372 0
0.277115 0
0.079132 0
0.233832 0
1.434418 0
1.429542 0
0.438099 0
0.079653 0
0.737485 0
0.314956 0
0.333037 0
0.616245 0
0.035297 0
0.047525 0
0.359188 0
0.177160 0
0.574360 0
0.112608 0
0.232927 0
1.063033 0
1.385492 0
0.093034 0
0.080998 0
0.340781 0
0.200660 0
0.217072 0
0.871041 0
0.014187 0
0.562523 0
0.917208 0
0.103637 0
0.475140 0
0.545712 0
0.051445 0
0.257805 0
1.174258 0
0.498094 0
0.433457 0
0.869184 0
0.400994 0
0.501808 0
0.494930 0
1.441909 0
0.437482 0
0.410994 0
1.675704 0
0.678187 0
0.567851 0
0.170506 0
0.142129 0
0.632913 0
2.109616 0
0.222817 0
0.354947 0
0.032913 0
0.063420 0
1.381099 0
1.115543 0
0.543919 0
0.514850 0
0.123198 0
0.025440 0
0.404471 0
0.331011 0
0.066597 0
1.083009 0
0.341163 0
0.618455 0
0.398719 0
0.387637 0
1.211892 0
0.491567 0
1.032467 0
0.081890 0
1.351066 0
0.208752 0
0.749449 0
0.664902 0
0.267397 0
0.354733 0
0.227220 0
1.416054 0
0.020045 0
0.075368 0
1.436035 0
1.170801 0
0.191997 0
1.366023 0
1.407794 0
0.743047 0
0.741328 0
0.156470 0
0.531618 0
1.273863 0
0.289628 0
0.715457 0
0.119704 0
0.709670 0
0.207075 0
0.581620 0
0.257940 0
1.137220 0
0.668926 0
0.060231 0
0.440516 0
0.157446 0
0.889687 0
0.034556 0
0.749578 0
0.459820 0
1.123227 0
0.456781 0
0.355391 0
0.108539 0
1.461428 0
0.351408 0
1.002260 0
0.923723 0
1.013079 0
0.951818 0
0.153249 0
0.656859 0
0.432228 0
0.176022 0
0.253847 0
0.112549 0
0.052220 0
0.333185 0
0.308988 0
0.085852 0
1.497714 0
1.741665 0
0.633735 0
1.282888 0
0.155560 0
0.138278 0
1.591778 0
0.189788 0
0.355789 0
0.059991 0
0.365562 0
0.406202 0
1.450103 0
0.942759 0
0.513350 0
0.012035 0
0.234599 0
0.865635 0
0.480532 0
0.151393 0
0.252444 0
0.112764 0
0.482172 0
0.032214 0
0.016299 0
0.358015 0
0.976804 0
0.412805 0
1.274087 0
0.376127 0
0.508629 0
0.589552 0
0.041996 0
0.134936 0
0.140396 0
0.236616 0
0.005457 0
0.055258 0
0.061807 0
0.806891 0
0.508663 0
0.048097 0
0.256631 0
0.559630 0
0.465972 0
0.391127 0
0.139494 0
0.296043 0
0.111868 0
0.132974 0
0.119719 0
1.328692 0
0.078150 0
0.410065 0
0.128100 0
0.252632 0
0.359717 0
0.137114 0
1.042291 0
0.413753 0
1.037761 0
0.957154 0
1.520913 0
0.211555 0
0.202341 0
0.290801 0
0.573523 0
0.566558 0
1.116958 0
0.214898 0
0.309094 0
0.326093 0
0.293577 0
0.136788 0
0.051495 0
0.164331 0
0.048791 0
0.785291 0
0.462512 0
0.616391 0
0.384049 0
0.385689 0
0.549751 0
0.497675 0
0.019075 0
0.206569 0
0.391441 0
0.809363 0
0.967781 0
0.350019 0
0.175807 0
0.711500 0
0.220905 0
1.493657 0
0.055900 0
1.281496 0
0.792915 0
0.720395 0
1.110079 0
0.671169 0
0.097800 0
0.305480 0
0.634872 0
0.119256 0
0.052854 0
0.239140 0
0.068117 0
0.273394 0
0.277715 0
0.133389 0
0.653243 0
0.752580 0
0.091617 0
0.205079 0
0.084728 0
1.155105 0
0.035540 0
0.325549 0
0.531941 0
0.282663 0
0.058437 0
0.690003 0
0.603108 0
0.315548 0
0.258341 0
0.027562 0
0.464586 0
0.212462 0
0.485879 0
0.656248 0
0.376495 0
0.415161 0
0.256330 0
0.382575 0
0.836796 0
0.170458 0
0.458690 0
0.120243 0
0.367365 0
0.461187 0
1.402943 0
0.017455 0
1.295092 0
0.128062 0
0.166190 0
0.126824 0
0.017056 0
0.022841 0
0.008567 0
0.927475 0
0.479166 0
0.112123 0
0.634606 0
1.455619 0
0.613152 0
0.243006 0
0.851107 0
0.519872 0
0.430570 0
1.296937 0
0.129659 0
0.372011 0
0.196406 0
0.459238 0
0.233371 0
0.458161 0
1.268513 0
0.377768 0
1.086607 0
0.069212 0
0.314415 0
0.024162 0
0.235382 0
0.656547 0
0.475298 0
1.532576 0
0.683729 0
0.190971 0
0.939915 0
0.027851 0
0.180218 0
0.113528 0
1.131511 0
0.190682 0
0.371116 0
0.541900 0
1.433451 0
0.028934 0
0.150978 0
0.149185 0
0.084148 0
0.191124 0
0.142777 0
0.130167 0
1.343920 0
0.092803 0
0.619794 0
0.056243 0
0.536574 0
0.505477 0
0.457680 0
1.503927 0
0.726645 0
1.650586 0
0.508775 0
0.080609 0
1.496312 0
0.114460 0
0.841096 0
0.430913 0
0.111090 0
0.325413 0
0.324178 0
0.105762 0
0.261906 0
1.383451 0
0.144468 0
0.036076 0
1.223569 0
0.094842 0
1.208917 0
0.256013 0
0.883361 0
0.514167 0
0.026682 0
1.144539 0
0.231672 0
0.853275 0
0.036149 0
1.516502 0
0.589053 0
0.623588 0
0.984141 0
0.411718 0
0.445349 0
0.327088 0
0.362665 0
0.128632 0
0.275615 0
0.362734 0
0.568924 0
0.396203 0
0.017410 0
0.585318 0
0.538964 0
0.027044 0
0.792577 0
0.039543 0
0.079298 0
0.307715 0
0.046330 0
0.372623 0
0.418426 0
0.573223 0
0.441330 0
0.505645 0
0.109996 0
0.334499 0
0.256521 0
0.266794 0
1.299272 0
1.078274 0
0.420662 0
0.846392 0
0.618469 0
0.127264 0
0.968597 0
0.171255 0
0.323055 0
0.680281 0
0.241160 0
0.151851 0
0.628839 0
0.990442 0
0.618071 0
0.267597 0
0.743633 0
0.134648 0
1.532726 0
0.200504 0
0.319813 0
0.458656 0
0.212106 0
0.042894 0
0.554964 0
0.081267 0
0.036866 0
0.238266 0
0.235027 0
0.165266 0
0.125747 0
0.814759 0
0.325937 0
0.159230 0
0.078406 0
0.071209 0
0.547952 0
0.461724 0
0.168961 0
0.541188 0
0.010743 0
0.028129 0
0.151524 0
1.372316 0
1.408754 0
0.841681 0
0.650392 0
0.256641 0
0.825882 0
0.611272 0
1.702350 0
0.167893 0
0.894906 0
1.152709 0
1.329435 0
0.318523 0
0.074910 0
0.351038 0
0.590779 0
0.147164 0
0.079090 0
0.077596 0
1.169546 0
0.394479 0
1.494191 0
0.391070 0
0.368493 0
0.585427 0
0.916024 0
0.591925 0
0.407841 0
0.786178 0
1.620941 0
0.654467 0
1.076516 0
0.134697 0
0.552147 0
1.408191 0
0.202389 0
0.014986 0
0.502757 0
0.085393 0
0.031067 0
0.098427 0
0.922291 0
0.034485 0
0.136785 0
0.216265 0
0.499553 0
0.285359 0
0.125492 0
0.092535 0
1.398069 0
0.346794 0
0.300699 0
0.725824 0
0.569310 0
0.168704 0
0.127209 0
0.536442 0
0.498200 0
0.013164 0
0.118994 0
0.578852 0
0.433500 0
1.438895 0
0.296934 0
0.434355 0
0.289037 0
0.067645 0
0.719781 0
0.806047 0
0.677972 0
0.289447 0
0.652019 0
1.361976 0
0.443889 0
0.859173 0
1.295432 0
1.642512 0
0.612099 0
0.387999 0
0.293726 0
0.258352 0
0.392655 0
0.784106 0
0.475698 0
0.309632 0
0.389336 0
0.450319 0
0.941451 0
0.084553 0
0.440256 0
0.431023 0
0.886508 0
0.439519 0
1.560961 0
0.199402 0
0.879462 0
0.114142 0
0.034714 0
0.050387 0
0.333195 0
0.340279 0
1.438675 0
0.228749 0
0.622281 0
0.677072 0
1.403745 0
0.077247 0
0.683415 0
0.233597 0
0.203798 0
0.356335 0
0.332258 0
0.045283 0
0.451119 0
1.318312 0
0.013443 0
0.789752 0
0.182918 0
0.578833 0
0.698465 0
0.764302 0
0.012264 0
0.828227 0
0.076994 0
0.024273 0
0.180150 0
0.344343 0
0.280601 0
0.104588 0
0.633425 0
1.205961 0
0.062571 0
0.649968 0
0.394837 0
0.355113 0
0.942044 0
0.601129 0
0.170080 0
0.948704 0
0.290146 0
0.773670 0
0.403807 0
0.071793 0
0.309517 0
0.441113 0
0.312118 0
0.523331 0
0.399001 0
0.277812 0
0.883953 0
0.279871 0
0.158461 0
0.123666 0
0.729428 0
0.029958 0
0.205974 0
0.308347 0
0.278275 0
0.538604 0
0.133778 0
0.954672 0
0.821186 0
0.384242 0
0.144809 0
1.704914 0
0.617581 0
0.775024 0
0.306551 0
0.114387 0
0.125891 0
0.499328 0
0.412453 0
0.457241 0
0.118670 0
1.510523 0
1.814216 0
0.204164 0
0.623185 0
0.164741 0
0.144176 0
0.244528 0
0.027412 0
0.189558 0
1.247825 0
0.689677 0
0.236756 0
0.289627 0
0.601078 0
0.247560 0
0.160696 0
0.021891 0
1.752474 0
0.755383 0
0.322543 0
0.502187 0
1.151303 0
0.529160 0
0.543312 0
0.099165 0
0.626269 0
0.376191 0
0.091625 0
0.619165 0
0.073274 0
0.204757 0
0.577577 0
1.085226 0
0.732661 0
0.243455 0
0.486105 0
0.604129 0
1.035065 0
0.792251 0
0.555064 0
0.009420 0
0.198688 0
0.085578 0
0.071374 0
0.217632 0
0.536162 0
0.372878 0
0.085550 0
0.106760 0
0.746939 0
0.242869 0
0.501468 0
0.482768 0
0.023137 0
1.472870 0
1.068076 0
0.201409 0
0.310768 0
0.371058 0
0.413749 0
0.792023 0
0.080616 0
0.026359 0
0.053465 0
0.369012 0
0.031353 0
0.482167 0
0.246369 0
0.193091 0
0.097010 0
0.403360 0
0.101055 0
0.414113 0
0.236025 0
1.381250 0
0.009413 0
0.261717 0
0.003344 0
0.294615 0
0.051484 0
0.401733 0
0.421028 0
0.177941 0
0.212115 0
0.140175 0
0.709025 0
1.639412 0
0.518330 0
1.089751 0
0.523857 0
0.544424 0
0.439683 0
0.539629 0
0.084570 0
2.186801 0
0.953016 0
0.588450 0
0.169422 0
0.284695 0
0.271358 0
0.346383 0
0.158887 0
0.116299 0
0.291551 0
1.529806 0
0.117319 0
0.958569 0
0.845856 0
0.145070 0
0.796236 0
0.716613 0
0.416577 0
0.316452 0
0.200492 0
0.763202 0
0.069811 0
0.031211 0
0.093505 0
0.877600 0
0.115401 0
1.169418 0
0.400592 0
0.407931 0
0.533830 0
0.588142 0
0.192036 0
1.276968 0
0.156073 0
0.113004 0
1.672004 0
0.486880 0
0.440907 0
0.068905 0
0.452348 0
0.096452 0
0.800313 0
0.700947 0
0.364691 0
1.588431 0
0.145063 0
0.234132 0
0.343234 0
0.309299 0
1.375931 0
0.220271 0
0.486879 0
0.349889 0
0.374124 0
0.184058 0
0.412146 0
0.555530 0
0.422630 0
0.025472 0
0.203543 0
0.252328 0
0.050370 0
0.526192 0
0.413225 0
0.176542 0
0.450651 0
0.007898 0
0.374020 0
1.354210 0
1.044304 0
0.378406 0
0.287088 0
0.705447 0
0.026088 0
0.037047 0
0.884968 0
0.893822 0
0.478459 0
0.483293 0
0.378775 0
0.351315 0
0.099526 0
1.258137 0
0.130205 0
0.746880 0
1.024683 0
0.460581 0
0.138412 0
0.254200 0
0.365271 0
0.194473 0
0.205318 0
0.180265 0
0.334898 0
0.233130 0
0.864594 0
0.928198 0
0.863385 0
0.435576 0
0.254576 0
1.135663 0
0.210783 0
0.665294 0
0.146988 0
0.289187 0
1.676257 0
1.119599 0
0.341651 0
1.351820 0
1.351875 0
0.481539 0
0.306105 0
0.239603 0
0.966269 0
0.118407 0
1.141543 0
0.824681 0
0.124181 0
1.331042 0
0.243715 0
0.372307 0
0.535718 0
0.788576 0
0.703110 0
0.328383 0
0.187571 0
0.381880 0
0.703364 0
0.144318 0
0.293736 0
0.669094 0
0.698661 0
1.453612 0
0.532957 0
0.031408 0
0.485090 0
0.170231 0
0.204972 0
0.991186 0
0.129645 0
0.366408 0
0.292281 0
0.717719 0
0.498563 0
0.133604 0
0.863243 0
0.033423 0
0.236587 0
1.399074 0
0.484826 0
0.956776 0
0.028976 0
0.690203 0
0.542322 0
0.285952 0
1.136970 0
0.465332 0
0.729705 0
0.057310 0
0.788759 0
0.613205 0
0.130904 0
0.275880 0
0.298297 0
0.070893 0
0.450548 0
0.193657 0
0.390023 0
0.009977 0
0.526431 0
0.299851 0
0.487904 0
0.418403 0
0.285722 0
0.307525 0
0.735851 0
0.613843 0
0.209818 0
0.435495 0
0.661523 0
0.086124 0
0.446813 0
0.303445 0
0.263916 0
0.647136 0
0.199780 0
0.111370 0
0.337735 0
0.194268 0
0.135761 0
0.915373 0
1.007562 0
0.244661 0
0.795932 0
0.842595 0
0.144483 0
0.055112 0
0.012613 0
0.393883 0
0.232164 0
0.002747 0
0.495986 0
0.754180 0
1.029706 0
1.046273 0
0.182331 0
0.201817 0
0.706592 0
0.208906 0
0.215120 0
0.459062 0
0.355055 0
0.258849 0
0.851781 0
0.060433 0
0.648693 0
0.073611 0
0.393341 0
0.771047 0
0.262440 0
0.293289 0
0.368890 0
1.638867 0
0.476680 0
0.052603 0
1.251351 0
0.270886 0
0.156175 0
1.681522 0
0.066300 0
1.511574 0
0.344145 0
0.815695 0
0.178492 0
0.124095 0
1.158091 0
0.144782 0
0.549991 0
0.043525 0
0.131933 0
0.151659 0
0.102609 0
0.154541 0
0.747361 0
0.086276 0
0.513512 0
0.164117 0
0.049219 0
0.276642 0
1.212672 0
0.518018 0
1.494776 0
0.059831 0
0.135985 0
1.063525 0
0.043720 0
0.030596 0
0.296797 0
1.005854 0
0.080528 0
0.014552 0
0.024916 0
0.370829 0
0.488209 0
0.022758 0
0.368750 0
0.482981 0
0.843235 0
0.204532 0
0.353474 0
0.264854 0
0.108094 0
0.180157 0
0.796422 0
0.393200 0
0.524062 0
1.273991 0
0.326749 0
0.819055 0
0.033162 0
0.719642 0
0.143117 0
0.745113 0
0.721453 0
0.193258 0
0.020641 0
0.081674 0
0.269598 0
1.164133 0
0.413524 0
1.964799 0
0.281225 0
1.059290 0
0.324009 0
0.734547 0
0.376354 0
0.304327 0
0.946610 0
0.441497 0
0.832433 0
0.164822 0
0.327355 0
0.301560 0
0.168020 0
1.369160 0
0.651606 0
1.583956 0
0.462448 0
1.426828 0
0.331543 0
0.525099 0
0.274681 0
0.319562 0
0.813318 0
0.525588 0
0.604691 0
0.099347 0
0.128059 0
0.409386 0
0.823911 0
0.382848 0
0.900565 0
0.556589 0
0.082908 0
0.036235 0
0.025811 0
1.285318 0
0.402095 0
1.515573 0
0.124008 0
1.189484 0
0.615152 0
0.468661 0
0.014691 0
0.723357 0
0.204256 0
0.528585 0
0.353270 0
0.458608 0
1.042445 0
0.451394 0
0.237853 0
1.409359 0
1.200116 0
1.312129 0
0.339258 0
0.521475 0
0.490556 0
0.284913 0
0.046161 0
0.171719 0
0.352909 0
0.029420 0
0.643586 0
0.391117 0
0.172248 0
0.969457 0
0.317746 0
0.027178 0
0.303905 0
0.038423 0
0.286886 0
0.327540 0
0.284906 0
0.210114 0
0.607402 0
0.148744 0
0.141888 0
0.137081 0
0.117970 0
0.263364 0
0.334551 0
0.115147 0
0.147225 0
0.147169 0
0.244028 0
0.632214 0
1.479475 0
0.011467 0
0.953752 0
1.467743 0
0.545371 0
0.238161 0
0.117409 0
0.551346 0
0.062208 0
0.729252 0
0.375312 0
1.326154 0
0.080066 0
0.380625 0
0.074598 0
0.017263 0
0.128370 0
0.793759 0
0.278043 0
0.363384 0
1.233645 0
0.274197 0
0.705590 0
0.363037 0
0.535541 0
0.534473 0
1.420610 0
1.399438 0
0.172823 0
0.784230 0
0.739262 0
0.100076 0
0.602664 0
0.178803 0
0.508583 0
0.552496 0
0.329791 0
0.443402 0
0.061473 0
0.137761 0
0.420166 0
0.069108 0
0.244920 0
0.044934 0
0.114593 0
1.506247 0
0.024322 0
1.422955 0
0.053227 0
0.832535 0
0.173651 0
0.240142 0
0.267916 0
0.598287 0
0.144585 0
0.042999 0
0.453550 0
0.629773 0
1.051129 0
0.402146 0
0.095769 0
0.195665 0
0.303381 0
0.521013 0
0.168918 0
0.280930 0
0.061887 0
0.095274 0
0.597322 0
0.444986 0
0.306466 0
0.471337 0
0.244743 0
0.311184 0
0.052482 0
0.405146 0
0.273735 0
1.223778 0
0.043372 0
0.083947 0
1.139507 0
0.193850 0
0.097681 0
0.088387 0
1.041996 0
0.215410 0
0.184962 0
0.862942 0
1.183411 0
0.722506 0
0.132303 0
0.095815 0
0.009078 0
0.103220 0
1.070490 0
0.720350 0
0.601241 0
0.713796 0
0.851883 0
0.771678 0
0.746650 0
0.316856 0
0.322561 0
0.006824 0
0.283603 0
0.159317 0
0.349580 0
0.093853 0
0.971320 0
0.015037 0
0.875411 0
0.228849 0
1.459510 0
0.874257 0
0.735368 0
0.756606 0
0.222679 0
1.442343 0
0.516735 0
0.542650 0
0.414969 0
0.177706 0
1.530833 0
0.144511 0
1.419645 0
0.739177 0
0.851911 0
0.858164 0
0.313116 0
0.058788 0
0.246352 0
0.369700 0
1.267639 0
0.216253 0
0.140621 0
0.399809 0
0.050254 0
1.080208 0
0.309015 0
0.955840 0
0.196095 0
0.346510 0
1.431775 0
0.524440 0
0.031687 0
0.790067 0
0.231763 0
0.261471 0
0.045622 0
0.525614 0
0.707051 0
0.364199 0
0.048820 0
0.031915 0
1.060679 0
0.459503 0
0.259016 0
0.035344 0
0.366478 0
1.143846 0
0.363570 0
0.014052 0
0.701609 0
0.144296 0
0.038059 0
0.294249 0
0.082520 0
0.029322 0
0.090438 0
0.252757 0
0.022556 0
0.461397 0
0.698452 0
1.702978 0
1.063554 0
1.286656 0
0.588907 0
0.276672 0
0.033029 0
0.850264 0
0.429943 0
0.041476 0
0.405403 0
0.521838 0
1.916481 0
0.080015 0
0.362524 0
0.278801 0
0.050034 0
0.126858 0
0.695844 0
0.543762 0
0.004971 0
0.054513 0
0.371583 0
1.032799 0
0.013527 0
0.669587 0
0.125144 0
0.435460 0
1.484581 0
0.035480 0
1.070588 0
0.075694 0
0.817455 0
0.928442 0
0.617083 0
0.539459 0
0.171149 0
0.882355 0
0.035060 0
0.114570 0
0.481201 0
0.778928 0
0.479687 0
0.048636 0
0.264213 0
0.526129 0
0.116502 0
0.138742 0
0.461455 0
1.423866 0
0.592271 0
0.626988 0
0.387992 0
1.039814 0
0.293586 0
0.319057 0
0.983351 0
0.949920 0
0.132405 0
0.608543 0
0.206646 0
1.587145 0
0.331211 0
0.376012 0
0.989925 0
1.098157 0
0.314662 0
0.136649 0
0.711015 0
0.305348 0
0.078844 0
0.174782 0
0.461065 0
0.224606 0
0.553504 0
0.016728 0
0.194915 0
0.235210 0
0.083692 0
0.024603 0
1.655640 0
0.035311 0
0.343560 0
0.937915 0
1.424233 0
0.260998 0
0.175442 0
0.663819 0
0.076571 0
0.334643 0
1.165043 0
0.062961 0
0.250101 0
0.378837 0
1.262619 0
0.105358 0
0.292936 0
0.877613 0
1.318905 0
0.033148 0
0.024641 0
1.322411 0
0.910271 0
0.215521 0
1.276197 0
1.321733 0
0.419404 0
0.010238 0
0.497431 0
0.593661 0
0.107041 0
0.671350 0
0.380251 0
0.140261 0
0.408630 0
0.733638 0
1.759986 0
1.376513 0
1.698354 0
0.146451 0
0.076961 0
0.118341 0
0.232686 0
0.071230 0
0.053096 0
1.555252 0
0.119611 0
0.312607 0
0.359520 0
0.570250 0
0.839444 0
0.160934 0
0.348373 0
0.281311 0
0.067541 0
0.199610 0
1.187803 0
0.653587 0
0.794472 0
1.484340 0
1.226601 0
1.362321 0
0.200960 0
1.380544 0
0.060538 0
0.409851 0
0.047292 0
0.994181 0
1.992054 0
0.704654 0
0.601817 0
0.131608 0
1.448360 0
0.399285 0
0.169041 0
0.815484 0
1.276185 0
0.175071 0
0.056114 0
0.062009 0
0.983171 0
1.141978 0
0.187389 0
0.304583 0
0.778868 0
0.550232 0
0.367936 0
0.061162 0
0.199507 0
0.037628 0
0.017675 0
1.102453 0
0.916899 0
1.014921 0
0.375446 0
0.507909 0
0.418574 0
1.277374 0
0.192200 0
0.962035 0
0.694160 0
1.405219 0
1.171561 0
0.176377 0
0.009104 0
0.582905 0
0.015889 0
0.346781 0
0.458452 0
0.268619 0
0.222865 0
0.346383 0
0.037810 0
0.426682 0
0.750149 0
0.049739 0
0.616214 0
0.564688 0
0.517195 0
0.212051 0
0.019806 0
0.763577 0
0.242569 0
1.503677 0
0.505426 0
0.299443 0
0.169336 0
0.150826 0
0.018961 0
0.031037 0
0.220997 0
0.396227 0
0.371760 0
0.919036 0
0.389197 0
0.272768 0
0.368880 0
0.077596 0
0.041375 0
0.055255 0
0.235406 0
1.215172 0
0.480577 0
1.488184 0
0.951540 0
0.293230 0
0.249982 0
0.654102 0
0.035466 0
0.569814 0
0.021716 0
0.013680 0
0.311816 0
0.061096 0
0.034344 0
0.297658 0
1.550139 0
0.207317 0
1.629299 0
0.191318 0
0.279407 0
1.409617 0
0.133724 0
0.230734 0
0.176089 0
1.161701 0
0.239508 0
1.180534 0
0.386713 0
0.546925 0
0.240587 0
0.424930 0
0.625877 0
0.264640 0
0.081232 0
0.955597 0
0.236754 0
0.106519 0
0.088029 0
0.528835 0
0.308638 0
0.803742 0
0.118934 0
0.396166 0
1.063252 0
0.101948 0
0.219077 0
0.070108 0
0.038760 0
0.400827 0
0.587077 0
1.247761 0
1.645886 0
0.410077 0
0.377782 0
0.779759 0
0.068210 0
1.731683 0
0.145408 0
0.318799 0
0.507400 0
0.061453 0
0.166333 0
0.082064 0
0.459916 0
0.691155 0
0.073685 0
0.182224 0
0.394968 0
0.635524 0
0.528169 0
1.505591 0
0.169031 0
0.399480 0
0.333246 0
0.183357 0
1.637019 0
0.469364 0
0.028441 0
0.459584 0
0.577425 0
0.693368 0
0.607439 0
0.545816 0
0.283994 0
0.263712 0
0.746800 0
0.184614 0
0.028428 0
0.145895 0
0.447388 0
1.494498 0
0.098768 0
0.364760 0
0.548107 0
0.088578 0
0.038129 0
0.062863 0
0.012728 0
1.360735 0
1.490091 0
0.724889 0
0.534016 0
0.705674 0
0.168204 0
0.825182 0
0.744628 0
0.590877 0
0.392749 0
0.239342 0
1.137833 0
0.334667 0
0.441011 0
0.220013 0
0.259775 0
1.176912 0
0.659161 0
0.248611 0
1.513920 0
0.172772 0
0.141850 0
0.327047 0
0.096765 0
0.251087 0
0.146027 0
0.301708 0
0.513943 0
0.491464 0
0.049646 0
0.508631 0
0.336171 0
1.319539 0
0.222024 0
0.351161 0
0.994450 0
1.109460 0
1.166658 0
0.224367 0
0.191571 0
0.126362 0
0.557042 0
0.255941 0
0.102996 0
0.494932 0
0.643178 0
0.662469 0
0.202182 0
0.509675 0
0.202270 0
0.721128 0
0.260665 0
0.193248 0
0.122376 0
0.176263 0
0.709151 0
0.793614 0
0.908109 0
1.394332 0
0.418743 0
0.669757 0
0.144383 0
0.435027 0
0.359720 0
0.380093 0
0.223241 0
0.605624 0
0.136153 0
0.131125 0
0.255644 0
0.278831 0
0.235613 0
0.563716 0
0.682015 0
0.433003 0
0.295210 0
1.118880 0
0.034772 0
0.813812 0
0.241651 0
0.218861 0
0.381944 0
0.186683 0
0.184834 0
1.034261 0
0.844614 0
0.068262 0
0.092178 0
0.350840 0
0.039737 0
0.124427 0
0.143848 0
0.111314 0
0.877882 0
0.183765 0
0.084687 0
0.807553 0
0.274773 0
0.209088 0
0.149646 0
0.335606 0
0.592670 0
0.739205 0
0.099785 0
1.397897 0
0.058807 0
0.195254 0
0.510789 0
0.234718 0
1.092621 0
0.721636 0
0.761080 0
0.143378 0
0.810193 0
1.640359 0
0.811284 0
0.840335 0
0.096913 0
1.531865 0
0.973133 0
0.904142 0
0.119336 0
1.403088 0
1.099848 0
0.122608 0
0.739577 0
0.760878 0
0.723565 0
0.212924 0
0.269355 0
0.064394 0
0.690610 0
0.131976 0
0.298482 0
0.366022 0
0.709693 0
0.284064 0
0.381887 0
0.302532 0
1.543021 0
0.012424 0
1.547900 0
0.072820 0
0.182392 0
0.132824 0
0.368524 0
0.899447 0
0.156974 0
0.168027 0
0.233544 0
0.315296 0
0.406820 0
0.211265 0
0.045249 0
0.212346 0
0.281101 0
0.123657 0
0.244653 0
0.033795 0
0.155246 0
0.106461 0
0.151616 0
0.609421 0
1.576217 0
0.861293 0
0.086235 0
0.186396 0
0.020914 0
0.881301 0
1.448499 0
1.351095 0
1.467766 0
0.075597 0
0.141997 0
1.394515 0
0.107450 0
0.520434 0
0.173097 0
0.913816 0
0.447384 0
1.117424 0
0.618259 0
0.243183 0
0.068014 0
0.068144 0
0.337798 0
0.284048 0
0.700338 0
0.287066 0
0.787867 0
1.365094 0
0.418260 0
1.120296 0
0.197303 0
0.765547 0
0.010295 0
0.388254 0
0.349381 0
1.003766 0
0.767202 0
0.355762 0
0.154315 0
0.217572 0
0.809006 0
1.027073 0
0.443312 0
0.915342 0
0.142835 0
0.600124 0
0.233256 0
0.145466 0
0.744122 0
1.046398 0
0.153961 0
1.614265 0
0.509382 0
1.032186 0
0.326746 0
0.548623 0
0.792955 0
0.059040 0
0.136974 0
0.316493 0
1.493561 0
0.365018 0
1.075656 0
0.572363 0
1.004280 0
1.217227 0
0.166398 0
1.526678 0
1.094317 0
0.538621 0
0.761797 0
1.165635 0
0.347282 0
0.257253 0
0.263468 0
1.397008 0
0.872593 0
0.269740 0
0.029708 0
0.144754 0
0.591320 0
0.049528 0
0.019082 0
1.918985 0
0.869081 0
0.251347 0
0.732301 0
0.346388 0
1.527732 0
0.533536 0
0.559092 0
0.324825 0
0.920986 0
0.288843 0
0.812497 0
0.820336 0
0.025821 0
0.065528 0
0.055527 0
0.233928 0
0.562682 0
1.687620 0
0.075491 0
0.196194 0
0.228433 0
0.963274 0
0.013919 0
0.334828 0
1.522908 0
0.705358 0
1.130557 0
0.234748 0
0.147337 0
0.371978 0
0.285027 0
0.796248 0
0.183744 0
0.679327 0
0.004629 0
0.873541 0
1.099605 0
0.116856 0
0.221225 0
0.416727 0
0.427341 0
0.406434 0
0.310612 0
0.295558 0
0.249882 0
0.123752 0
0.063474 0
1.044169 0
0.850173 0
0.264241 0
0.595413 0
0.116735 0
0.585275 0
0.441112 0
0.306678 0
1.416517 0
0.324642 0
0.936837 0
0.343768 0
0.742171 0
1.531509 0
0.279887 0
0.127941 0
0.693140 0
0.244017 0
0.650158 0
0.031513 0
0.334990 0
0.055598 0
0.259148 0
0.479348 0
1.050602 0
0.021581 0
0.599684 0
0.115254 0
0.494520 0
0.183049 0
0.231702 0
1.030115 0
0.809726 0
0.024418 0
0.198062 0
1.073955 0
0.518293 0
0.491529 0
0.445111 0
0.242815 0
0.448208 0
0.457157 0
0.019616 0
0.058126 0
0.085759 0
0.238661 0
0.069810 0
0.229771 0
0.074314 0
0.316920 0
0.783819 0
0.930528 0
0.318307 0
0.687226 0
0.318494 0
0.352991 0
0.290649 0
0.061932 0
0.859687 0
1.037311 0
0.707614 0
0.152252 0
0.440833 0
0.193607 0
0.470609 0
0.225049 0
1.221194 0
1.396045 0
0.705518 0
0.344279 0
0.368550 0
0.021972 0
0.577590 0
1.030804 0
0.450500 0
1.671662 0
1.571682 0
0.443698 0
0.073633 0
0.212110 0
0.879245 0
0.495324 0
0.703561 0
0.327768 0
0.176987 0
0.304597 0
0.184212 0
0.101441 0
0.024849 0
0.543767 0
0.118304 0
0.673821 0
0.074038 0
0.841291 0
0.970162 0
0.286457 0
1.018863 0
0.982223 0
1.039181 0
0.762116 0
0.007408 0
0.676638 0
0.144133 0
0.432720 0
0.265847 0
1.484173 0
0.631489 0
0.695526 0
1.541931 0
0.178931 0
1.457399 0
1.188882 0
0.060462 0
0.329284 0
0.548975 0
0.714356 0
1.382787 0
0.153670 0
0.160447 0
1.604776 0
0.832660 0
0.117026 0
0.228747 0
0.617389 0
0.040825 0
0.338149 0
1.119753 0
1.582496 0
0.161924 0
0.181120 0
0.472458 0
0.236378 0
0.140156 0
0.879094 0
0.802792 0
0.084586 0
0.322802 0
0.038731 0
0.296572 0
0.009812 0
0.058715 0
0.112178 0
0.088454 0
0.618571 0
0.117426 0
0.241605 0
0.356849 0
0.224551 0
0.032053 0
0.016799 0
0.196889 0
0.374175 0
0.075933 0
0.031564 0
1.244915 0
1.560870 0
0.637099 0
0.765198 0
1.042970 0
0.157964 0
0.246504 0
1.653360 0
0.518640 0
0.279580 0
0.007422 0
0.765851 0
0.034087 0
0.163287 0
0.671037 0
0.298738 0
0.337369 0
0.683072 0
0.160488 0
0.172883 0
0.347441 0
0.267255 0
0.053267 0
0.232315 0
0.141194 0
1.516466 0
1.211086 0
0.686034 0
0.711942 0
0.702987 0
0.032114 0
1.066468 0
0.072182 0
0.279275 0
0.013128 0
0.136602 0
0.060065 0
0.079115 0
0.374708 0
1.073549 0
1.361952 0
0.541463 0
1.065756 0
0.475049 0
0.495170 0
0.225108 0
0.726695 0
0.440480 0
0.706083 0
0.619719 0
0.092454 0
0.072006 0
0.274603 0
0.065475 0
0.101428 0
1.085708 0
0.503158 0
0.046015 0
0.140389 0
0.186313 0
1.141548 0
0.207765 0
0.024077 0
0.322408 0
0.524276 0
0.669291 0
1.404168 0
0.564080 0
0.669537 0
0.598796 0
0.733230 0
0.400616 0
0.734720 0
1.596358 0
0.556768 0
1.175129 0
0.640476 0
1.462236 0
0.719906 0
0.258027 0
0.347372 0
0.583111 0
0.374722 0
1.557067 0
2.336590 0
0.080923 0
0.165137 0
1.489880 0
1.351892 0
0.269820 0
0.171255 0
1.006845 0
0.063277 0
0.143277 0
0.256856 0
0.513125 0
0.478347 0
0.634282 0
0.274968 0
0.437095 0
0.055823 0
0.713156 0
0.738781 0
0.867369 0
0.149549 0
0.756639 0
1.431902 0
0.348420 0
0.893986 0
0.526437 0
0.804215 0
0.262799 0
0.058055 0
1.412073 0
1.875217 0
0.536056 0
0.257605 0
0.791899 0
0.001109 0
0.150652 0
0.238622 0
0.244889 0
0.241413 0
1.620436 0
0.229514 0
0.131769 0
1.044601 0
0.973559 0
0.013669 0
0.446203 0
0.311583 0
0.185339 0
0.013511 0
0.042917 0
0.699736 0
0.326191 0
1.415279 0
0.827764 0
0.789854 0
1.468260 0
0.645441 0
1.528794 0
1.567940 0
0.268689 0
0.129060 0
0.506292 0
0.058609 0
0.260850 0
0.056621 0
0.307272 0
0.186624 0
0.595838 0
0.323758 0
0.516120 0
0.195546 0
1.404532 0
0.273695 0
0.650229 0
0.201756 0
0.154166 0
0.413930 0
0.176004 0
0.100873 0
0.364920 0
0.729720 0
1.396440 0
0.553253 0
0.016009 0
0.417012 0
0.223052 0
0.830672 0
0.374717 0
0.190286 0
0.280380 0
1.908200 0
0.333263 0
0.376795 0
1.433309 0
1.009380 0
0.132875 0
0.436501 0
0.207995 0
0.069653 0
0.998350 0
0.335946 0
0.558660 0
0.337159 0
0.383052 0
0.805142 0
0.691625 0
0.123548 0
0.626315 0
0.148694 0
0.510435 0
0.162299 0
0.988008 0
0.364028 0
0.076647 0
1.224303 0
0.454912 0
1.248516 0
1.724217 0
0.360410 0
0.171972 0
0.690369 0
0.606387 0
0.153960 0
0.359697 0
1.017066 0
1.366900 0
0.398379 0
0.221762 0
1.330545 0
0.228150 0
0.285526 0
0.447843 0
0.296883 0
1.516324 0
0.271791 0
0.337254 0
0.532071 0
0.091757 0
0.474041 0
0.582747 0
0.008083 0
0.807103 0
0.188774 0
0.828627 0
0.937455 0
0.477343 0
0.542259 0
0.611297 0
0.378558 0
0.019435 0
0.727819 0
0.228857 0
0.744027 0
0.154653 0
1.134506 0
0.256224 0
0.806173 0
1.031018 0
0.987284 0
0.525859 0
1.838666 0
0.128854 0
0.402047 0
0.158105 0
0.045827 0
0.331709 0
0.041897 0
0.174515 0
0.935838 0
0.271615 0
0.799247 0
0.424189 0
0.160607 0
0.092786 0
0.098676 0
0.245247 0
0.186771 0
0.245237 0
0.726071 0
1.177892 0
0.247188 0
0.846342 0
0.198767 0
0.145028 0
0.393493 0
0.656409 0
1.083494 0
0.936941 0
0.121727 0
0.177207 0
1.157338 0
1.041088 0
0.664146 0
0.568067 0
0.495294 0
0.584065 0
0.127045 0
1.867404 0
0.638479 0
0.357826 0
0.117234 0
0.101808 0
1.077531 0
0.117093 0
0.705347 0
0.690240 0
0.303321 0
0.857945 0
0.161509 0
0.199664 0
0.311990 0
0.981889 0
0.135211 0
1.560952 0
0.127904 0
0.036218 0
1.042565 0
1.453500 0
0.869405 0
0.258589 0
0.003064 0
0.214909 0
0.351710 0
0.091676 0
0.693310 0
1.514381 0
0.514542 0
0.300506 0
0.244755 0
0.556363 0
0.148734 0
0.220215 0
0.087486 0
0.131176 0
0.655971 0
0.408746 0
0.232786 0
0.195231 0
0.011883 0
0.483086 0
0.415479 0
0.117769 0
0.970573 0
0.446376 0
0.465821 0
0.096547 0
0.931940 0
1.685804 0
1.299952 0
0.653339 0
1.039974 0
0.011957 0
0.351367 0
0.108113 0
0.384100 0
0.845303 0
0.825906 0
0.611127 0
1.534051 0
0.807507 0
0.717179 0
0.558019 0
0.168737 0
0.356035 0
0.254663 0
0.326019 0
0.368289 0
0.060550 0
0.660513 0
0.377008 0
0.213172 0
1.293860 0
0.092001 0
1.831042 0
0.920873 0
1.285076 0
0.085616 0
0.331690 0
0.776328 0
0.180570 0
0.021902 0
0.400184 0
0.125109 0
0.021867 0
0.981076 0
0.967045 0
0.340258 0
0.393483 0
0.693994 0
0.796699 0
1.169634 0
0.156040 0
0.143321 0
0.456143 0
0.511111 0
0.147448 0
0.096500 0
1.103423 0
0.716809 0
0.498947 0
0.006547 0
0.498408 0
0.244308 0
0.401389 0
0.319090 0
0.196283 0
0.283389 0
0.148239 0
0.560101 0
0.262600 0
0.063834 0
0.274251 0
0.326693 0
0.082285 0
0.075736 0
0.229249 0
0.988640 0
0.069867 0
0.512235 0
1.016870 0
0.060057 0
0.410990 0
0.329489 0
0.383584 0
0.003880 0
0.105395 0
0.218741 0
0.299204 0
1.688879 0
0.733150 0
0.352909 0
0.261131 0
0.090152 0
0.274509 0
0.240231 0
0.216353 0
0.119119 0
1.309727 0
0.115732 0
0.301962 0
1.992987 0
0.018055 0
1.012374 0
0.435216 0
0.103270 0
0.709222 0
0.517272 0
0.501392 0
0.605639 0
0.676589 0
0.702782 0
0.571165 0
0.207160 0
0.332980 0
0.203006 0
0.347334 0
0.227717 0
0.526335 0
0.449557 0
0.353524 0
0.413878 0
0.442578 0
0.705790 0
0.205651 0
0.455730 0
1.269287 0
0.175241 0
1.491146 0
1.497099 0
0.762321 0
0.395626 0
0.128833 0
0.399366 0
0.923901 0
1.261325 0
1.648279 0
0.241012 0
0.039738 0
0.122215 0
1.178689 0
1.226668 0
0.108537 0
0.892984 0
0.065151 0
1.473601 0
0.309424 0
0.686340 0
0.869482 0
1.588846 0
0.420067 0
0.898708 0
0.080612 0
0.124222 0
0.763469 0
1.070369 0
0.477965 0
0.142036 0
0.062796 0
0.981001 0
0.719978 0
0.779085 0
0.111577 0
0.530732 0
0.016745 0
0.104166 0
0.548085 0
0.302386 0
0.048558 0
0.322069 0
0.081748 0
0.925459 0
0.391099 0
0.560815 0
0.354207 0
1.434331 0
1.186203 0
0.045740 0
0.145482 0
2.180031 0
0.502978 0
0.066179 0
0.398776 0
0.633729 0
0.150104 0
0.272326 0
0.436478 0
0.878542 0
0.018811 0
0.698172 0
0.188241 0
1.137981 0
0.338643 0
0.736578 0
0.080031 0
0.325300 0
1.494712 0
1.310008 0
0.031451 0
0.053693 0
0.463154 0
0.404611 0
0.206714 0
0.094210 0
0.557751 0
0.596004 0
0.251295 0
0.727519 0
0.196364 0
1.144723 0
1.070433 0
0.531715 0
0.307342 0
0.660497 0
0.250900 0
0.078746 0
0.522280 0
1.217478 0
0.119837 0
0.548959 0
0.194322 0
0.036712 0
0.613360 0
0.277883 0
0.230395 0
0.147056 0
0.782211 0
0.271992 0
1.394531 0
0.698208 0
1.504572 0
0.977594 0
0.102506 0
0.834259 0
0.076085 0
1.036381 0
0.748350 0
1.013851 0
0.350018 0
1.247858 0
0.089904 0
0.263804 0
0.279845 0
0.517585 0
1.073868 0
0.903848 0
0.347745 0
0.025846 0
0.165679 0
0.150364 0
1.747115 0
0.028562 0
0.379465 0
0.343763 0
0.793050 0
0.355083 0
1.264216 0
0.222176 0
0.026055 0
0.155924 0
0.489764 0
0.149728 0
0.131021 0
0.767201 0
0.190634 0
0.047656 0
0.361481 0
0.089606 0
1.581162 0
0.570923 0
0.686421 0
0.343118 0
0.005615 0
0.155861 0
0.152069 0
0.425328 0
0.181952 0
0.136004 0
0.228753 0
0.039004 0
0.285324 0
0.360590 0
0.054111 0
0.434233 0
0.563428 0
0.256480 0
0.006860 0
0.265008 0
0.183080 0
1.490299 0
1.804278 0
1.320221 0
1.663545 0
0.651644 0
1.050719 0
0.440708 0
0.178398 0
0.220408 0
0.056333 0
0.127051 0
0.460642 0
0.928778 0
0.654311 0
0.307473 0
0.395020 0
0.625656 0
0.256926 0
0.419706 0
0.466880 0
1.396881 0
0.327821 0
1.433637 0
0.449772 0
0.557100 0
0.945182 0
1.136161 0
0.048805 0
1.169515 0
0.161433 0
1.806747 0
0.504072 0
0.100436 0
0.684837 0
1.511447 0
1.467346 0
0.293859 0
0.677227 0
0.490099 0
0.381222 0
0.421415 0
0.427610 0
0.244956 0
0.170983 0
0.235169 0
1.435472 0
0.675612 0
1.679190 0
0.118942 0
0.938400 0
0.951316 0
0.767606 0
0.319562 0
0.587339 0
0.327866 0
0.827988 0
0.236791 0
1.174067 0
0.873733 0
0.309560 0
0.021411 0
1.267789 0
1.335405 0
0.486289 0
0.051065 0
1.258449 0
0.204001 0
0.027530 0
0.424123 0
1.396646 0
0.081648 0
0.983793 0
1.490580 0
0.418383 0
0.833473 0
0.251017 0
0.489888 0
0.205458 0
0.083079 0
0.544281 0
0.029216 0
0.186936 0
0.105212 0
0.737322 0
0.220463 0
0.417866 0
0.165411 0
1.292978 0
0.059541 0
0.229730 0
0.257120 0
0.148520 0
0.081994 0
0.308926 0
0.337008 0
0.199861 0
1.374421 0
0.749023 0
0.422341 0
0.204990 0
0.823880 0
0.317712 0
0.549242 0
0.737368 0
0.599506 0
0.064305 0
0.545992 0
0.114223 0
0.380592 0
0.406821 0
0.411015 0
1.077496 0
0.211064 0
0.452673 0
0.171366 0
1.613737 0
0.226024 0
1.006974 0
0.468582 0
0.089474 0
0.615834 0
0.172773 0
0.643230 0
0.036095 0
0.909324 0
0.696639 0
0.057703 0
1.433219 0
0.907465 0
0.765224 0
0.649559 0
0.220383 0
0.167325 0
0.017533 0
0.403429 0
0.213497 0
0.654390 0
1.089714 0
0.045618 0
0.668939 0
0.176424 0
0.121639 0
0.403312 0
0.282966 0
0.448828 0
0.092623 0
0.533805 0
0.111218 0
0.284907 0
0.053628 0
0.221371 0
0.880019 0
0.821193 0
0.358831 0
0.536426 0
1.166487 0
0.744679 0
0.380780 0
0.114332 0
0.610525 0
0.072821 0
0.723486 0
0.303613 0
0.541174 0
0.475542 0
0.551198 0
0.038782 0
0.173527 0
0.084121 0
0.587950 0
0.159088 0
0.063859 0
0.061047 0
0.159906 0
0.105961 0
0.874461 0
1.377906 0
0.062678 0
0.952324 0
0.499575 0
0.253163 0
0.004289 0
0.497222 0
0.942182 0
0.716291 0
0.999357 0
0.882482 0
0.581153 0
0.062229 0
0.149148 0
0.364249 0
0.255400 0
0.352830 0
0.068663 0
1.162909 0
0.590667 0
0.423921 0
1.190188 0
0.436788 0
0.037414 0
0.931910 0
0.211166 0
0.701644 0
0.116364 0
0.402832 0
0.144433 0
0.125113 0
0.124180 0
0.273423 0
0.265057 0
0.238515 0
0.025361 0
0.175186 0
0.831411 0
0.102139 0
0.145722 0
1.500554 0
0.405983 0
0.790616 0
0.406906 0
0.796410 0
0.253955 0
0.465949 0
0.353407 0
0.267347 0
0.312562 0
0.111302 0
0.655555 0
0.210019 0
1.362929 0
0.379201 0
0.727482 0
0.303243 0
0.616352 0
0.884651 0
0.142007 0
0.982663 0
0.522420 0
0.867742 0
0.537161 0
0.104946 0
0.723601 0
0.100091 0
0.691973 0
0.199942 0
0.428120 0
0.141554 0
0.628102 0
0.057987 0
1.885492 0
0.085936 0
1.504872 0
0.151669 0
0.035930 0
0.797839 0
0.096146 0
0.074934 0
0.640002 0
0.054824 0
0.255934 0
0.195419 0
0.016073 0
0.655495 0
0.147045 0
0.493012 0
0.676351 0
0.845086 0
0.948320 0
0.053292 0
0.283460 0
0.105367 0
1.211092 0
0.225433 0
0.057063 0
0.236050 0
0.203890 0
0.106208 0
0.166375 0
0.143116 0
0.483447 0
0.858922 0
0.091816 0
0.587976 0
1.002759 0
0.056213 0
0.024362 0
0.420613 0
0.187732 0
0.414111 0
1.145787 0
0.132824 0
0.485295 0
1.165752 0
0.627326 0
0.811339 0
0.771537 0
0.111616 0
0.892102 0
0.599657 0
0.782851 0
1.087894 0
1.152138 0
1.392387 0
0.625194 0
0.014140 0
0.015181 0
0.342444 0
0.346593 0
0.202885 0
0.691431 0
0.065937 0
0.170990 0
0.311998 0
0.208276 0
0.494545 0
0.126990 0
0.390976 0
0.827950 0
0.573615 0
1.008400 0
0.969181 0
0.478077 0
1.104405 0
0.209903 0
0.377598 0
0.485910 0
0.071477 0
1.625530 0
1.023861 0
0.819372 0
0.554967 0
0.308747 0
1.416114 0
0.152769 0
0.914201 0
0.208582 0
0.108740 0
0.478357 0
0.499571 0
1.168732 0
0.532232 0
0.438334 0
0.020056 0
0.146124 0
0.475794 0
0.996530 0
1.039823 0
0.480407 0
0.148922 0
0.040894 0
0.565616 0
0.233255 0
0.071505 0
0.830201 0
1.276856 0
0.011585 0
0.643491 0
1.431318 0
0.058576 0
0.181066 0
0.569417 0
0.278945 0
0.848483 0
0.402238 0
0.048877 0
0.442709 0
1.238496 0
0.025820 0
0.108203 0
0.017962 0
0.118655 0
0.063363 0
0.510911 0
1.046262 0
0.130319 0
0.780550 0
0.797730 0
0.048849 0
1.365569 0
0.099140 0
0.262788 0
0.155751 0
0.478661 0
0.491215 0
1.085225 0
0.348960 0
0.335221 0
0.932566 0
0.459375 0
0.076636 0
0.490892 0
0.857307 0
0.178714 0
0.280190 0
1.040752 0
0.018202 0
0.181675 0
0.310766 0
0.850069 0
0.672839 0
1.407497 0
0.123616 0
0.856375 0
0.050029 0
0.832930 0
0.735596 0
0.516394 0
0.060677 0
0.045418 0
0.551940 0
0.283102 0
0.109200 0
1.181057 0
0.341881 0
0.368965 0
1.379054 0
0.420464 0
1.012248 0
0.342617 0
1.458973 0
0.655419 0
0.346809 0
0.312814 0
0.747483 0
0.738849 0
0.118063 0
0.535761 0
0.071341 0
0.890736 0
0.184709 0
0.411363 0
1.757812 0
1.118980 0
0.573556 0
0.745445 0
0.121770 0
0.658780 0
0.246830 0
0.049010 0
1.189682 0
0.542330 0
0.383438 0
0.205672 0
0.319250 0
0.163427 0
0.543647 0
0.023918 0
0.239041 0
0.258030 0
0.147914 0
0.505645 0
0.436164 0
0.065956 0
0.195140 0
0.275198 0
0.283911 0
0.444605 0
0.085120 0
0.642284 0
0.180184 0
0.381498 0
0.018122 0
0.695771 0
1.660869 0
0.082728 0
1.119609 0
0.869621 0
0.022918 0
1.086213 0
0.266157 0
0.305908 0
0.248622 0
0.490893 0
0.293286 0
0.011992 0
0.351008 0
0.520333 0
0.556871 0
1.564099 0
0.628718 0
0.214422 0
0.013006 0
0.135291 0
0.431491 0
0.692497 0
1.420835 0
0.084505 0
0.642657 0
0.078641 0
0.269580 0
0.390790 0
0.616251 0
0.216561 0
0.158470 0
0.289495 0
1.227401 0
0.111658 0
0.176982 0
0.113658 0
0.141472 0
0.646184 0
0.089185 0
0.710211 0
0.158649 0
0.617569 0
0.183230 0
0.505570 0
0.057407 0
0.386949 0
1.367326 0
1.202368 0
0.259025 0
2.151960 0
0.694031 0
0.527962 0
0.039493 0
1.045948 0
0.436185 0
0.013064 0
0.425507 0
0.246768 0
1.357757 0
0.624609 0
0.275796 0
0.030767 0
0.706079 0
0.152910 0
0.691206 0
1.480356 0
1.335421 0
0.095689 0
0.064610 0
0.352176 0
0.145499 0
0.154065 0
0.534193 0
0.616821 0
0.452934 0
0.271614 0
0.309245 0
0.101119 0
1.360340 0
0.689780 0
0.321670 0
0.574448 0
1.049577 0
0.311877 0
0.834349 0
0.149796 0
0.373974 0
0.589231 0
0.044460 0
0.489564 0
0.126541 0
1.658466 0
0.729508 0
0.161393 0
0.275536 0
0.440044 0
0.428852 0
0.456147 0
0.117581 0
0.200011 0
0.317566 0
0.062131 0
0.386055 0
0.412039 0
0.026539 0
0.028447 0
1.740436 0
0.137854 0
0.687028 0
0.544380 0
0.327274 0
0.503905 0
1.069574 0
1.057855 0
0.540490 0
0.392768 0
0.660792 0
0.565453 0
0.146938 0
0.437481 0
0.982985 0
0.220755 0
0.707017 0
0.059792 0
0.324592 0
1.118202 0
0.042659 0
1.045973 0
0.144459 0
0.827414 0
0.670373 0
0.505647 0
0.348631 0
0.068126 0
0.237995 0
0.514143 0
0.283286 0
1.472131 0
0.729528 0
0.048656 0
1.055956 0
0.403666 0
0.762126 0
0.205200 0
0.770231 0
0.553782 0
0.015390 0
0.147192 0
0.401820 0
0.086980 0
0.841496 0
0.551374 0
0.269812 0
0.174462 0
0.375582 0
0.411318 0
0.110202 0
0.159444 0
0.490184 0
0.209713 0
1.509281 0
0.172170 0
0.441447 0
0.038093 0
0.910619 0
1.348999 0
0.127730 0
0.506422 0
0.718630 0
0.265219 0
0.105953 0
0.200428 0
0.918479 0
0.689563 0
0.569485 0
0.158701 0
0.112458 0
0.085493 0
0.467847 0
0.553154 0
0.114564 0
1.455205 0
0.166253 0
0.285461 0
1.446940 0
1.425391 0
0.526835 0
0.570384 0
0.467294 0
1.110279 0
0.440337 0
0.588810 0
0.241293 0
0.714098 0
0.605606 0
0.332259 0
0.768215 0
0.182039 0
0.661043 0
0.314592 0
0.152775 0
0.044658 0
0.240027 0
0.959929 0
0.602746 0
1.202206 0
0.289366 0
0.621737 0
0.745844 0
0.031398 0
0.380302 0
0.591794 0
0.798954 0
0.041541 0
0.136195 0
0.542554 0
0.070108 0
0.442599 0
0.473116 0
1.040431 0
0.217151 0
0.464982 0
0.094832 0
1.777604 0
0.281226 0
0.095328 0
0.391877 0
0.963089 0
0.439511 0
1.077758 0
0.343872 0
0.090828 0
0.024595 0
0.694410 0
0.338776 0
0.234990 0
0.973809 0
0.351688 0
0.796611 0
0.695446 0
0.116844 0
0.076781 0
0.026776 0
0.562326 0
0.098222 0
0.368459 0
0.432109 0
0.062543 0
1.114674 0
0.107419 0
0.289357 0
0.195672 0
0.496671 0
0.204620 0
0.410257 0
1.836932 0
0.257463 0
0.159633 0
0.079601 0
0.356055 0
0.438442 0
0.775421 0
0.496387 0
0.300497 0
1.153277 0
0.364458 0
0.038105 0
0.493613 0
0.124513 0
0.630025 0
0.764661 0
0.235475 0
0.799048 0
0.557665 0
1.420206 0
0.549185 0
0.206241 0
0.230727 0
0.338246 0
0.216339 0
0.201556 0
1.138584 0
0.583562 0
0.110208 0
0.251379 0
1.570597 0
0.359483 0
0.612607 0
0.037654 0
0.309750 0
0.124818 0
0.322125 0
0.330030 0
1.320528 0
0.264048 0
0.501394 0
0.336449 0
0.570486 0
0.111358 0
0.535897 0
0.137076 0
0.327709 0
0.584719 0
0.691978 0
0.062553 0
0.475083 0
0.283842 0
0.070393 0
0.346371 0
0.062820 0
0.115752 0
0.055690 0
1.147184 0
1.782554 0
0.854917 0
0.481296 0
0.139326 0
0.537672 0
0.072443 0
0.111006 0
0.118115 0
0.261429 0
0.284078 0
0.299265 0
0.316372 0
0.250918 0
0.342813 0
0.394371 0
0.134828 0
0.007415 0
0.056288 0
0.402299 0
0.533327 0
1.129957 0
0.981569 0
0.102392 0
0.816447 0
1.395030 0
0.006296 0
0.100636 0
0.859143 0
0.458819 0
0.468281 0
0.619992 0
0.048590 0
0.267893 0
1.093109 0
0.984207 0
1.548214 0
0.015965 0
0.497773 0
0.275425 0
0.054423 0
0.335180 0
0.240939 0
0.346603 0
0.043243 0
0.303209 0
0.195054 0
0.502008 0
0.560920 0
0.236430 0
0.798035 0
1.449241 0
0.125825 0
1.739453 0
0.951601 0
0.548414 0
0.727293 0
0.258235 0
0.406478 0
0.922697 0
0.944982 0
0.403272 0
0.317641 0
1.155797 0
1.149511 0
0.103059 0
0.713756 0
0.576275 0
0.299864 0
0.382486 0
0.204873 0
0.023843 0
0.040498 0
0.327804 0
0.101297 0
0.134965 0
0.594954 0
0.641330 0
0.127983 0
1.353101 0
0.431843 0
1.047169 0
0.335403 0
0.023963 0
0.058436 0
0.935100 0
0.233559 0
0.059689 0
1.414539 0
0.483942 0
0.410561 0
0.981816 0
1.377682 0
0.515411 0
0.107526 0
0.042530 0
0.467458 0
0.836934 0
0.084590 0
1.211826 0
0.026094 0
0.276521 0
0.137222 0
0.719303 0
1.575827 0
0.190973 0
0.361121 0
1.209027 0
0.767670 0
0.226440 0
0.522678 0
0.814904 0
0.217520 0
0.496787 0
1.031046 0
0.693864 0
0.554865 0
0.941457 0
0.186292 0
0.047214 0
0.031807 0
0.060033 0
0.300629 0
0.526317 0
0.394294 0
0.060916 0
0.345233 0
1.414541 0
0.357364 0
0.305377 0
0.042216 0
0.937646 0
0.722227 0
0.677944 0
0.598372 0
0.953962 0
1.329752 0
0.473676 0
0.940543 0
0.559302 0
0.508428 0
0.272141 0
0.484548 0
0.466164 0
0.166891 0
0.332941 0
0.032048 0
0.019763 0
0.165165 0
0.138867 0
0.047878 0
0.350770 0
0.681600 0
0.948755 0
1.083589 0
1.497836 0
1.342287 0
1.050570 0
0.687186 0
1.374369 0
0.981818 0
0.765114 0
0.177126 0
0.645468 0
0.436399 0
1.092559 0
0.539524 0
0.346732 0
0.159724 0
0.433675 0
0.186885 0
0.129530 0
0.217194 0
1.272075 0
0.402405 0
1.314894 0
0.266921 0
0.733822 0
0.031006 0
0.400425 0
0.180480 0
0.563538 0
1.051631 0
0.993621 0
0.106282 0
0.089162 0
0.171700 0
0.235137 0
0.042630 0
0.144621 0
0.633903 0
0.381032 0
0.908683 0
0.300913 0
0.559455 0
0.306785 0
0.291385 0
0.113899 0
0.406995 0
0.313830 0
0.359625 0
0.235659 0
0.126409 0
0.498821 0
1.276126 0
0.106375 0
0.210431 0
0.027807 0
0.613509 0
0.770461 0
0.265663 0
0.108410 0
0.354660 0
0.082898 0
0.754817 0
1.550849 0
1.575400 0
0.273339 0
0.072250 0
0.685560 0
0.092041 0
0.507941 0
0.177944 0
0.539307 0
0.417671 0
1.383079 0
0.162999 0
1.209458 0
0.626701 0
0.555330 0
0.093176 0
0.059055 0
1.050534 0
0.052878 0
0.184054 0
0.077945 0
0.725135 0
0.091195 0
0.564830 0
0.295230 0
0.481916 0
0.113502 0
0.184556 0
0.498416 0
0.673037 0
0.316624 0
0.648523 0
0.022340 0
0.397080 0
0.888087 0
0.723874 0
1.374468 0
0.805888 0
0.834983 0
0.143376 0
0.509238 0
0.366457 0
0.606889 0
1.085992 0
0.425184 0
0.162987 0
1.118405 0
0.544292 0
0.325138 0
0.477173 0
0.163934 0
0.154381 0
0.199385 0
0.225697 0
1.234004 0
0.117920 0
0.113483 0
0.896860 0
1.005364 0
0.450679 0
0.335279 0
0.065917 0
0.553879 0
0.097804 0
0.718012 0
0.162480 0
0.030370 0
0.085375 0
0.234678 0
1.093798 0
1.946153 0
0.156336 0
0.064632 0
0.928938 0
0.216070 0
0.110118 0
0.223831 0
0.638143 0
0.447340 0
1.404423 0
1.302111 0
0.054058 0
0.700799 0
1.158775 0
0.050502 0
0.504172 0
0.679973 0
0.211310 0
0.904287 0
0.203672 0
0.734221 0
0.258261 0
0.685722 0
0.052794 0
0.058178 0
1.809029 0
0.052019 0
1.620920 0
0.639112 0
0.090164 0
1.321121 0
0.738210 0
0.012488 0
0.159044 0
1.149496 0
0.965203 0
0.991646 0
0.135633 0
0.491005 0
0.003454 0
0.320762 0
0.395668 0
0.350251 0
0.047860 0
0.976846 0
0.169411 0
0.553782 0
0.243286 0
0.540308 0
0.892524 0
1.008880 0
0.418459 0
0.366285 0
0.621238 0
0.387716 0
0.071247 0
0.129513 0
0.814968 0
0.129671 0
0.337852 0
0.461067 0
0.166615 0
0.613760 0
0.028714 0
0.952283 0
0.026820 0
0.163898 0
0.699922 0
0.049641 0
0.159130 0
0.414518 0
0.099858 0
0.037865 0
0.093110 0
0.129378 0
0.060960 0
0.046750 0
1.510670 0
0.605697 0
1.259234 0
0.767780 0
0.287501 0
1.646675 0
0.521856 0
0.979572 0
0.456623 0
1.146241 0
0.211373 0
0.317068 0
0.281903 0
0.063267 0
0.799533 0
0.052664 0
0.533336 0
0.254335 0
0.392554 0
0.369545 0
2.516212 0
1.410967 0
0.751175 0
0.063116 0
0.173331 0
1.590469 0
0.354506 0
1.205754 0
0.048284 0
0.060760 0
0.130133 0
0.098147 0
0.263504 0
0.279254 0
1.021639 0
0.250560 0
0.515456 0
0.156927 0
0.204301 0
0.321805 0
0.840285 0
0.233641 0
1.189353 0
0.730727 0
0.674959 0
0.290914 0
1.565929 0
0.054193 0
0.141259 0
0.694346 0
0.481340 0
0.230584 0
0.181194 0
1.534899 0
0.174479 0
0.677936 0
0.046215 0
0.407414 0
0.266232 0
0.090296 0
0.668712 0
0.096896 0
1.137681 0
0.337161 0
0.268057 0
0.613593 0
0.467782 0
0.511302 0
0.637345 0
0.075666 0
0.675446 0
0.161019 0
0.421064 0
0.094767 0
0.057557 0
0.692158 0
0.621372 0
0.413057 0
0.029482 0
0.535779 0
0.570718 0
0.972309 0
1.780824 0
0.380189 0
0.922287 0
0.324034 0
0.015534 0
0.991656 0
0.879030 0
0.105810 0
0.965356 0
0.307515 0
0.670580 0
1.464644 0
0.686064 0
0.636632 0
0.098389 0
0.051573 0
0.497313 0
1.211611 0
0.168875 0
0.179350 0
0.748575 0
0.086789 0
0.591061 0
0.112697 0
0.840120 0
0.232858 0
0.116452 0
0.757739 0
0.055403 0
0.253338 0
0.038324 0
0.076896 0
0.834923 0
0.214278 0
0.168888 0
0.169300 0
0.127572 0
0.153212 0
0.730151 0
0.196141 0
0.018665 0
0.793150 0
0.053713 0
0.173033 0
0.265221 0
0.733314 0
0.139133 0
0.910592 0
0.391376 0
0.490722 0
0.175333 0
0.920545 0
1.388215 0
0.022776 0
0.295865 0
0.576344 0
0.312287 0
0.052491 0
0.183683 0
0.118842 0
0.419012 0
0.206887 0
1.043020 0
0.283719 0
0.593650 0
1.469841 0
0.334016 0
0.103169 0
0.290597 0
0.777965 0
0.425966 0
0.612068 0
1.578732 0
0.112219 0
0.317219 0
0.583858 0
0.041908 0
0.227851 0
0.238394 0
0.096184 0
0.185511 0
0.250413 0
0.444944 0
0.121759 0
0.076041 0
0.074181 0
0.837564 0
1.133743 0
0.204000 0
0.510080 0
1.537678 0
0.156109 0
0.228895 0
1.034540 0
0.445906 0
0.387336 0
0.093580 0
0.383840 0
1.676274 0
0.664947 0
0.161962 0
0.012503 0
0.106730 0
0.402937 0
2.280283 0
0.717995 0
0.614699 0
0.713033 0
0.350603 0
0.452535 0
1.211881 0
0.314701 0
0.317187 0
1.088644 0
0.122192 0
0.422087 0
0.145696 0
0.492359 0
0.595566 0
0.119731 0
0.093088 0
0.543469 0
0.114005 0
0.452181 0
0.321900 0
0.232470 0
0.125560 0
0.079432 0
0.097463 0
0.422592 0
0.428457 0
1.437707 0
0.703889 0
0.933195 0
1.165329 0
0.380704 0
0.102945 0
0.675913 0
0.745751 0
1.485774 0
1.076535 0
0.777969 0
0.339511 0
0.494633 0
0.329000 0
0.138235 0
0.769927 0
0.188418 0
0.187173 0
1.163450 0
0.247692 0
0.231095 0
1.504486 0
0.181883 0
0.408496 0
1.080034 0
0.529076 0
0.051212 0
1.036338 0
0.993906 0
0.319771 0
0.040895 0
0.020632 0
1.096235 0
0.310909 0
0.118788 0
0.369989 0
0.766563 0
0.354134 0
0.155022 0
0.552190 0
0.028961 0
0.449964 0
0.635248 0
0.127409 0
0.281820 0
0.513554 0
1.251952 0
0.466702 0
0.002859 0
0.823960 0
0.066889 0
0.059758 0
1.049399 0
0.092822 0
0.857513 0
0.481149 0
0.179304 0
0.386343 0
0.180077 0
0.322701 0
0.778104 0
0.184067 0
0.001260 0
1.144575 0
0.214362 0
1.300060 0
0.051615 0
0.827918 0
0.815766 0
0.291520 0
0.620071 0
0.176131 0
1.502653 0
0.288243 0
0.286875 0
0.385050 0
0.336889 0
0.086117 0
0.047388 0
0.711059 0
0.140042 0
0.147212 0
0.111813 0
0.077947 0
1.483898 0
0.208238 0
0.202029 0
0.848908 0
0.768056 0
1.085458 0
0.285354 0
0.629859 0
0.039953 0
0.269167 0
0.960020 0
1.187662 0
1.048151 0
0.215574 0
0.327770 0
0.611062 0
0.178213 0
0.984506 0
0.288922 0
0.025241 0
0.661044 0
0.205379 0
2.013827 0
0.130083 0
0.083101 0
0.053531 0
0.126607 0
0.769796 0
0.105184 0
0.928508 0
0.115471 0
0.061361 0
1.401170 0
0.150156 0
1.482391 0
0.111938 0
0.063139 0
0.293766 0
0.908115 0
0.298566 0
0.234505 0
0.267924 0
1.033734 0
0.058073 0
0.013027 0
0.313064 0
0.261914 0
1.519478 0
0.828279 0
0.399699 0
0.362530 0
0.521584 0
0.054425 0
0.132913 0
0.462385 0
0.284156 0
0.056114 0
0.019237 0
0.709295 0
0.105837 0
1.424218 0
0.050388 0
0.689927 0
0.311565 0
0.207880 0
0.159403 0
0.879057 0
0.085063 0
0.100384 0
0.147201 0
0.243545 0
0.132683 0
0.382163 0
0.936644 0
0.272029 0
0.079728 0
1.499653 0
1.483008 0
0.081739 0
1.501794 0
0.979087 0
0.481822 0
0.516397 0
1.038450 0
0.603903 0
1.006116 0
0.010719 0
0.431548 0
0.165232 0
0.492074 0
0.108176 0
0.438621 0
0.016634 0
0.361769 0
0.298509 0
0.348709 0
1.437030 0
0.181211 0
0.291982 0
0.762455 0
0.075831 0
0.053189 0
0.525648 0
0.263287 0
0.696283 0
0.337046 0
1.486862 0
0.179025 0
0.363596 0
0.228031 0
0.118118 0
0.408054 0
0.128072 0
1.366701 0
0.385608 0
0.547244 0
0.106471 0
0.223747 0
0.114580 0
0.091624 0
0.053362 0
0.112622 0
1.336032 0
0.131081 0
0.210487 0
0.133913 0
0.878604 0
0.061568 0
0.136407 0
1.505180 0
0.393098 0
0.114482 0
0.193206 0
0.145202 0
0.271877 0
0.066956 0
0.879764 0
0.406265 0
0.005541 0
0.131510 0
0.238365 0
0.047039 0
0.396730 0
0.549675 0
0.432351 0
0.010587 0
0.390838 0
0.742894 0
0.077420 0
0.318560 0
0.028016 0
0.016582 0
1.519529 0
0.613494 0
0.160271 0
0.253064 0
1.447384 0
0.327929 0
0.305771 0
0.636548 0
0.551274 0
0.896215 0
0.136290 0
0.677296 0
0.309450 0
0.083046 0
0.483595 0
1.372229 0
0.761390 0
0.277641 0
0.743881 0
0.204527 0
1.342444 0
0.370525 0
1.616752 0
0.898549 0
0.234109 0
0.076606 0
0.076681 0
0.216704 0
0.130897 0
0.911127 0
0.339889 0
0.372601 0
1.211912 0
1.435887 0
0.178348 0
0.152633 0
0.387828 0
1.353284 0
0.203875 0
0.070820 0
0.108928 0
0.228664 0
0.510981 0
0.464336 0
0.037340 0
0.154537 0
0.122000 0
0.928883 0
0.197390 0
0.211526 0
0.962121 0
0.064341 0
0.130430 0
0.290643 0
1.002278 0
0.669221 0
0.200267 0
0.639893 0
0.636058 0
0.537760 0
0.437825 0
0.094825 0
0.104030 0
0.443236 0
0.533028 0
0.061285 0
1.804917 0
0.583691 0
0.272539 0
0.445071 0
0.717317 0
1.070305 0
0.006915 0
0.374735 0
0.361730 0
0.200183 0
0.481122 0
1.051583 0
1.182680 0
0.376398 0
0.027431 0
0.173481 0
0.334169 0
1.107304 0
0.687301 0
0.062960 0
0.092020 0
0.217052 0
0.046036 0
0.064829 0
0.404225 0
0.326172 0
0.141531 0
0.830477 0
0.860368 0
0.016227 0
0.894304 0
0.705984 0
0.310563 0
0.627454 0
0.034341 0
0.872923 0
0.113234 0
0.909040 0
0.018068 0
1.400046 0
1.438417 0
0.001636 0
0.331044 0
1.015136 0
0.470910 0
0.363177 0
0.107126 0
1.770330 0
0.217061 0
0.257091 0
0.404143 0
1.289211 0
0.411814 0
0.538379 0
0.232566 0
0.180054 0
1.063704 0
0.072394 0
0.055210 0
0.824900 0
0.188811 0
0.860371 0
0.370463 0
0.197939 0
0.239811 0
0.064466 0
0.764838 0
0.037566 0
0.121844 0
1.412851 0
0.028863 0
0.223322 0
1.302939 0
0.320638 0
0.321472 0
0.056423 0
0.926949 0
0.817207 0
0.272310 0
1.132688 0
0.885767 0
0.020357 0
0.024089 0
0.053431 0
0.066539 0
0.876306 0
0.021937 0
0.498653 0
0.432144 0
0.976365 0
0.158593 0
0.372000 0
0.025163 0
0.055161 0
0.050982 0
0.257970 0
0.399243 0
0.038047 0
0.370171 0
1.129794 0
1.143788 0
1.371213 0
0.183004 0
0.019489 0
1.764983 0
0.349921 0
0.038176 0
0.205556 0
0.207707 0
0.236281 0
0.132921 0
0.128677 0
1.524360 0
0.724059 0
0.090141 0
0.361828 0
1.860716 0
0.581904 0
0.400359 0
0.590361 0
1.199292 0
0.098056 0
0.159482 0
0.234793 0
0.706385 0
0.019734 0
0.257014 0
0.059026 0
0.020963 0
1.265284 0
1.484744 0
0.489989 0
0.326065 0
0.186192 0
0.221147 0
1.084708 0
0.333982 0
0.803943 0
0.233951 0
0.383322 0
0.380938 0
1.082475 0
0.099313 0
1.145481 0
0.753927 0
0.156851 0
0.034374 0
0.348840 0
0.070022 0
1.060667 0
0.345102 0
1.539878 0
1.365259 0
0.490681 0
0.033884 0
0.487533 0
0.018010 0
0.470100 0
1.445695 0
0.025628 0
0.381014 0
0.124039 0
0.252614 0
0.483285 0
0.091465 0
1.139888 0
0.243847 0
0.245339 0
0.302681 0
0.311114 0
0.178295 0
0.102048 0
0.069905 0
0.642581 0
0.078754 0
0.489467 0
0.022843 0
0.926890 0
0.186951 0
0.490794 0
1.415523 0
0.443880 0
0.134748 0
0.382217 0
0.415857 0
0.124196 0
0.459864 0
0.033498 0
0.010212 0
0.770483 0
0.324876 0
0.101044 0
0.007154 0
0.051116 0
0.884339 0
0.087586 0
0.164146 0
0.021124 0
1.162637 0
0.252151 0
0.154450 0
0.750955 0
0.077354 0
0.107807 0
0.245775 0
0.272194 0
0.950835 0
0.143709 0
1.032122 0
0.077746 0
0.980204 0
0.724048 0
0.096735 0
0.397336 0
0.220415 0
0.647281 0
0.177884 0
0.067440 0
1.079936 0
0.558754 0
0.952729 0
0.098415 0
0.034297 0
0.300520 0
0.204191 0
0.387609 0
0.238941 0
0.357250 0
0.294299 0
0.079620 0
0.159470 0
1.499856 0
0.015538 0
0.415687 0
0.298246 0
0.131037 0
0.688532 0
0.091824 0
0.696607 0
0.353229 0
1.240585 0
0.174948 0
0.247134 0
0.452323 0
0.475414 0
0.775705 0
0.236471 0
0.191224 0
0.971989 0
0.220491 0
0.239722 0
0.706087 0
0.178827 0
0.188018 0
0.380607 0
0.048818 0
0.303645 0
0.072874 0
0.253318 0
0.224442 0
0.067340 0
0.286020 0
1.086506 0
0.030724 0
0.368063 0
1.305890 0
0.296937 0
0.214421 0
0.253316 0
1.777520 0
0.089598 0
0.048487 0
0.158643 0
0.724972 0
0.216070 0
0.228766 0
0.336662 0
0.158002 0
0.519393 0
0.431828 0
0.375593 0
0.685270 0
0.976656 0
0.159433 0
0.165204 0
0.713280 0
0.129540 0
0.207777 0
0.375947 0
0.056064 0
0.594169 0
0.046865 0
0.062145 0
0.259549 0
0.227186 0
0.834629 0
0.111293 0
0.373276 0
0.172862 0
0.103916 0
1.378032 0
0.161615 0
0.173987 0
0.565053 0
1.649346 0
0.067764 0
0.220425 0
0.577310 0
0.145254 0
0.936614 0
0.545281 0
0.653277 0
0.474035 0
1.483268 0
0.921222 0
0.750936 0
0.249260 0
0.053846 0
0.142683 0
0.464076 0
0.701271 0
0.095265 0
1.022546 0
0.802027 0
1.218992 0
0.081215 0
1.059991 0
0.425529 0
0.009685 0
0.263744 0
0.226591 0
0.039472 0
0.203378 0
0.428876 0
1.281022 0
1.233454 0
0.226842 0
0.779850 0
0.055427 0
0.321494 0
0.750349 0
0.427798 0
0.441128 0
0.443821 0
0.524318 0
0.328086 0
0.555642 0
0.502455 0
0.747395 0
1.360689 0
1.237688 0
0.885472 0
0.491056 0
2.203486 0
0.194323 0
0.833348 0
1.414451 0
0.974072 0
0.191706 0
1.412297 0
0.759933 0
0.073667 0
0.243919 0
0.807078 0
0.370599 0
0.108847 0
1.422377 0
0.860792 0
0.189078 0
0.405598 0
0.579860 0
0.752969 0
0.599722 0
0.107441 0
0.435636 0
0.586325 0
0.395345 0
0.480250 0
0.195660 0
0.586700 0
0.072601 0
0.195610 0
0.244255 0
0.239791 0
0.836606 0
0.710987 0
1.472333 0
0.515592 0
1.228030 0
1.147133 0
1.581481 0
0.292798 0
1.855954 0
0.122821 0
0.090888 0
0.510749 0
0.131077 0
0.833413 0
0.361185 0
0.228106 0
0.222275 0
1.003690 0
0.313761 0
0.034996 0
0.254072 0
0.165336 0
0.308404 0
0.075563 0
0.118711 0
0.078883 0
0.435126 0
0.251966 0
1.388093 0
0.388925 0
0.634067 0
0.034582 0
0.475283 0
0.649548 0
0.021612 0
0.208886 0
1.139472 0
0.341223 0
0.042274 0
0.315574 0
0.376896 0
0.577469 0
0.659286 0
0.215679 0
0.297024 0
0.132569 0
0.626420 0
0.595403 0
0.742664 0
1.259149 0
0.287752 0
0.178954 0
0.585609 0
0.035580 0
0.428732 0
1.377578 0
0.053467 0
0.728238 0
0.056344 0
1.433652 0
0.165797 0
0.103391 0
0.014684 0
0.003538 0
1.018293 0
0.072954 0
0.786645 0
0.537661 0
0.207800 0
0.630889 0
0.234755 0
0.050281 0
1.167883 0
0.569449 0
0.660076 0
1.338898 0
0.201863 0
0.697561 0
0.227115 0
0.225025 0
0.925088 0
1.234134 0
0.182721 0
1.819614 0
0.607557 0
0.997847 0
0.993949 0
0.389615 0
0.282267 0
0.115340 0
0.078144 0
0.152425 0
0.220637 0
1.156698 0
0.279941 0
0.253663 0
0.062170 0
0.093312 0
0.251680 0
0.394667 0
0.757636 0
0.256103 0
0.768724 0
0.035043 0
0.239587 0
0.447933 0
0.773413 0
1.087118 0
0.757804 0
0.661599 0
0.139274 0
0.084495 0
0.263458 0
0.320148 0
0.160057 0
0.445835 0
0.064610 0
0.045565 0
0.066959 0
0.261563 0
0.237845 0
0.238279 0
0.320884 0
0.973802 0
0.023876 0
0.050412 0
0.079667 0
1.338881 0
0.829228 0
1.876405 0
0.263954 0
0.758306 0
0.348684 0
0.227796 0
1.217886 0
0.090326 0
0.318724 0
2.244101 0
0.446209 0
0.006111 0
0.272343 0
0.833322 0
0.269265 0
0.752874 0
0.058355 0
0.148236 0
0.669652 0
1.295052 0
0.381203 0
0.357169 0
0.319459 0
0.228428 0
0.720292 0
0.267916 0
0.077556 0
1.583993 0
0.092955 0
0.364855 0
0.570855 0
0.169696 0
0.949634 0
0.393432 0
0.281881 0
0.029779 0
0.005763 0
0.003065 0
0.024290 0
1.430323 0
0.930677 0
1.096704 0
1.951400 0
0.986082 0
0.485435 0
0.264395 0
0.284599 0
0.407495 0
0.194119 0
0.344826 0
0.568641 0
1.243080 0
0.552888 0
0.282020 0
1.209720 0
1.587185 0
0.736333 0
0.167366 0
0.908506 0
1.056761 0
0.250316 0
0.619657 0
0.160053 0
0.159251 0
1.104055 0
0.247804 0
0.807822 0
0.527501 0
0.102497 0
0.134839 0
0.197675 0
0.254673 0
0.100110 0
0.591504 0
0.092403 0
0.478839 0
0.294303 0
0.321488 0
0.492891 0
1.067409 0
0.127672 0
0.444901 0
0.111298 0
0.293765 0
0.098063 0
0.154208 0
0.628923 0
0.751672 0
0.227622 0
0.165250 0
0.971134 0
0.781490 0
0.029797 0
0.653283 0
0.390027 0
0.321170 0
0.052149 0
1.110425 0
1.095045 0
0.875325 0
0.398179 0
0.609052 0
0.531167 0
0.032237 0
0.237363 0
0.173114 0
2.297437 0
0.028771 0
1.398698 0
0.087832 0
0.632654 0
1.272023 0
1.543857 0
0.193836 0
0.302750 0
0.050502 0
0.344857 0
1.425141 0
0.089939 0
0.456207 0
0.095105 0
1.187058 0
0.292291 0
0.225472 0
0.914741 0
0.093390 0
0.267892 0
1.209168 0
0.117876 0
0.114781 0
0.432167 0
0.415857 0
1.359405 0
0.817765 0
0.103069 0
0.262158 0
0.037185 0
0.724339 0
0.496529 0
1.609595 0
0.172959 0
0.263761 0
0.178986 0
1.328762 0
0.290679 0
0.307238 0
0.073753 0
0.146843 0
0.437303 0
0.035887 0
0.268743 0
0.173514 0
0.190487 0
0.604430 0
0.269984 0
0.503038 0
1.082977 0
0.087001 0
0.759293 0
0.389970 0
0.851976 0
1.554058 0
0.243517 0
0.116754 0
0.171336 0
0.591078 0
0.204675 0
0.311531 0
1.502661 0
1.199848 0
1.704735 0
1.739887 0
0.461610 0
0.533936 0
0.398821 0
0.694327 0
0.061878 0
0.298037 0
0.592459 0
0.149841 0
0.618612 0
0.362012 0
0.180910 0
0.804029 0
0.088124 0
0.041106 0
1.677485 0
0.079311 0
0.418481 0
0.076210 0
0.012690 0
0.138428 0
0.275620 0
0.535935 0
0.157318 0
0.393155 0
1.793867 0
0.403753 0
1.086521 0
0.079115 0
0.067442 0
0.260788 0
0.628293 0
0.553274 0
1.503849 0
0.025215 0
0.641882 0
0.216519 0
0.332059 0
0.361155 0
1.006859 0
0.004306 0
0.045308 0
1.529064 0
0.634046 0
0.123538 0
0.418443 0
0.258065 0
1.622752 0
0.163921 0
0.244583 0
0.140416 0
1.132081 0
0.257436 0
0.314976 0
0.470098 0
0.311893 0
0.054782 0
0.770830 0
0.406161 0
0.104440 0
1.276872 0
0.689432 0
0.602235 0
0.025559 0
0.586853 0
0.007266 0
1.067896 0
0.028756 0
0.178544 0
0.299099 0
0.683507 0
0.401900 0
0.417197 0
0.542318 0
0.402021 0
0.117803 0
0.229165 0
0.498042 0
0.533378 0
1.950771 0
0.815803 0
0.278224 0
1.055512 0
2.144868 0
0.786283 0
0.820308 0
0.364135 0
0.521110 0
0.353733 0
0.364934 0
1.554256 0
0.143019 0
0.102389 0
0.417732 0
0.338266 0
0.564341 0
0.790603 0
0.362159 0
0.199969 0
0.286776 0
1.594640 0
0.170580 0
0.400341 0
0.791536 0
0.035905 0
0.138977 0
0.821797 0
0.572900 0
0.100075 0
0.023219 0
0.596553 0
0.702006 0
0.422856 0
1.000244 0
0.218025 0
1.469720 0
0.449638 0
0.056051 0
0.626026 0
2.061042 0
0.300551 0
0.846923 0
0.570983 0
0.805984 0
0.105450 0
0.421404 0
1.578244 0
0.042611 0
0.279099 0
1.024266 0
0.368999 0
0.286474 0
0.437881 0
0.063177 0
0.138953 0
0.972708 0
0.645315 0
0.955364 0
0.403032 0
0.759713 0
0.059430 0
0.211495 0
0.235667 0
1.511110 0
1.256314 0
0.260598 0
0.313820 0
0.081403 0
0.278458 0
0.682390 0
0.435536 0
1.231284 0
0.133416 0
0.263303 0
0.408477 0
0.659051 0
0.329960 0
0.826886 0
0.198687 0
0.139099 0
0.791137 0
0.388277 0
0.031409 0
0.936153 0
0.471403 0
0.101674 0
0.883788 0
0.603180 0
1.441803 0
0.891206 0
0.868916 0
0.555782 0
1.378127 0
0.307279 0
0.110783 0
0.872195 0
0.384989 0
0.168487 0
1.079304 0
1.382222 0
0.215572 0
0.489352 0
1.230410 0
0.029880 0
0.712371 0
1.177432 0
0.078022 0
0.326931 0
0.666975 0
0.284918 0
0.248710 0
0.540808 0
0.304532 0
0.198151 0
0.068010 0
0.176148 0
0.435509 0
0.857007 0
0.535382 0
0.158344 0
0.188069 0
0.142021 0
0.034723 0
0.299842 0
1.139382 0
0.127593 0
1.419142 0
0.387064 0
0.535439 0
0.463793 0
0.027319 0
0.352442 0
0.041974 0
0.390013 0
0.155646 0
0.102995 0
0.380827 0
0.094664 0
0.218010 0
1.198010 0
0.653756 0
0.086825 0
0.569577 0
1.581861 0
1.413265 0
1.179505 0
0.056589 0
0.178738 0
0.084559 0
0.719330 0
0.262855 0
1.109089 0
0.577977 0
0.039601 0
0.108198 0
0.712301 0
0.120283 0
1.168881 0
0.021617 0
0.377940 0
0.264494 0
0.554409 0
0.275855 0
0.963959 0
1.077034 0
1.441749 0
1.163533 0
0.168999 0
1.444510 0
0.817451 0
0.127087 0
0.499804 0
0.052392 0
0.994990 0
0.295575 0
0.489684 0
0.047383 0
0.060635 0
0.779148 0
0.446402 0
0.338164 0
0.528485 0
0.946481 0
0.029488 0
0.221684 0
0.501498 0
0.623562 0
1.100514 0
0.131360 0
0.198886 0
0.087010 0
0.354158 0
1.362503 0
0.197019 0
0.585946 0
0.090929 0
0.310703 0
0.019296 0
0.147232 0
0.546454 0
0.260440 0
0.186277 0
0.244393 0
0.651907 0
0.520389 0
0.070550 0
0.177036 0
0.821384 0
0.309567 0
1.301575 0
0.291997 0
0.818258 0
0.662979 0
0.145570 0
0.463002 0
0.379484 0
0.518844 0
0.974636 0
0.229491 0
0.410641 0
0.524588 0
0.237695 0
1.140031 0
0.646188 0
0.272276 0
0.871007 0
0.151967 0
0.138933 0
1.089713 0
1.363315 0
0.159080 0
0.174352 0
0.068450 0
0.132027 0
0.772239 0
0.918553 0
0.517079 0
0.824503 0
0.266556 0
0.231399 0
0.061901 0
0.054013 0
0.750576 0
0.594545 0
0.082839 0
0.694598 0
0.294097 0
0.031941 0
0.975647 0
0.013092 0
0.022973 0
0.761717 0
0.813001 0
0.037409 0
0.807060 0
0.578134 0
0.135545 0
0.191662 0
0.716706 0
1.315211 0
0.629519 0
0.387089 0
0.059477 0
0.011745 0
0.223232 0
0.006777 0
0.622728 0
0.319938 0
0.799669 0
0.478555 0
0.040591 0
0.056881 0
0.692259 0
0.154054 0
0.681748 0
1.720194 0
0.845857 0
0.631221 0
0.257660 0
0.445663 0
0.024474 0
0.489541 0
1.418444 0
0.087378 0
0.818278 0
1.438578 0
0.730470 0
0.488021 0
0.474345 0
0.077999 0
0.075715 0
0.201357 0
1.561188 0
0.111481 0
0.127942 0
0.939828 0
0.108457 0
0.094870 0
0.133886 0
0.311668 0
0.372469 0
0.457158 0
0.494057 0
0.174175 0
0.127560 0
1.171619 0
0.107836 0
0.360623 0
1.564438 0
0.217538 0
0.123043 0
0.218307 0
0.293442 0
1.438472 0
0.911937 0
0.958264 0
1.520734 0
0.673548 0
0.196125 0
0.609541 0
0.019816 0
0.003471 0
1.373593 0
0.381357 0
0.336351 0
0.130296 0
0.589980 0
0.392800 0
0.191577 0
0.579634 0
0.534746 0
1.077859 0
0.332342 0
0.120206 0
0.560256 0
0.975837 0
0.618488 0
0.739137 0
0.077281 0
0.378899 0
0.168405 0
0.060867 0
0.387041 0
0.412240 0
0.040788 0
0.599657 0
1.406278 0
0.067113 0
1.174169 0
0.258580 0
0.755543 0
0.609261 0
0.099403 0
0.735676 0
0.848873 0
0.225136 0
0.262310 0
0.317993 0
0.235535 0
0.142786 0
0.747507 0
1.080747 0
0.725605 0
0.156457 0
0.338949 0
1.380479 0
0.500406 0
0.247301 0
0.063925 0
0.143902 0
0.549361 0
0.786125 0
0.233908 0
0.783051 0
1.387562 0
0.365372 0
0.563109 0
0.291102 0
0.360732 0
0.294697 0
0.026374 0
0.594999 0
0.121754 0
0.725273 0
0.147417 0
0.473789 0
0.434134 0
0.179215 0
1.055864 0
1.538418 0
0.534080 0
0.204079 0
0.585869 0
0.733794 0
0.722993 0
0.377937 0
0.283874 0
0.342628 0
0.122786 0
0.075896 0
0.936266 0
0.351003 0
0.560416 0
0.431419 0
0.180641 0
0.151514 0
0.214939 0
0.129752 0
0.296609 0
1.401383 0
0.307013 0
0.044047 0
0.258327 0
0.794719 0
0.028744 0
0.337121 0
0.842720 0
0.838159 0
0.335475 0
0.162689 0
0.145259 0
1.241817 0
0.027268 0
0.199711 0
0.392181 0
0.306279 0
0.271140 0
0.318007 0
0.377437 0
1.205381 0
0.456096 0
0.507412 0
0.425595 0
0.610495 0
1.047330 0
0.122133 0
0.123245 0
0.293278 0
0.384602 0
0.224480 0
0.894961 0
0.328197 0
0.422694 0
0.081236 0
0.296788 0
0.107253 0
0.181740 0
0.140278 0
0.063965 0
0.627227 0
0.054838 0
0.065433 0
0.050335 0
0.571443 0
0.332463 0
0.365837 0
1.305372 0
0.073510 0
0.841049 0
1.393050 0
0.071432 0
1.426387 0
0.795929 0
0.150066 0
0.175291 0
0.498121 0
0.190750 0
0.266427 0
1.130558 0
0.054427 0
0.624388 0
0.464275 0
0.288942 0
0.301915 0
0.674628 0
0.683790 0
0.066697 0
0.143361 0
0.419699 0
1.001774 0
0.728186 0
0.476169 0
0.395647 0
0.065751 0
0.094912 0
0.006097 0
0.167301 0
0.378570 0
0.251728 0
1.467454 0
0.420884 0
0.489190 0
0.362649 0
1.418274 0
0.115760 0
0.465644 0
0.016710 0
0.516204 0
0.177007 0
0.141338 0
0.278889 0
0.002947 0
0.199225 0
0.723806 0
0.179652 0
1.261790 0
0.191284 0
0.283433 0
0.821724 0
1.024148 0
1.520234 0
0.215354 0
0.115822 0
0.349878 0
0.160123 0
0.164253 0
0.287604 0
1.148553 0
0.129278 0
0.880617 0
0.380806 0
0.022635 0
0.514729 0
0.732523 0
0.347955 0
0.469065 0
0.099226 0
0.363644 0
0.312816 0
0.958580 0
0.139555 0
0.497440 0
0.373233 0
0.054235 0
0.385533 0
0.724785 0
0.134878 0
0.788622 0
0.080421 0
1.394266 0
0.170410 0
0.099971 0
1.235547 0
0.130947 0
0.016248 0
0.467173 0
0.472564 0
0.658224 0
0.700474 0
0.263953 0
0.140285 0
0.611793 0
0.335175 0
1.626237 0
0.676397 0
0.357104 0
0.607064 0
0.415234 0
1.479432 0
1.014252 0
0.486366 0
0.132395 0
0.076520 0
0.154613 0
0.026337 0
0.053395 0
0.881095 0
1.365906 0
0.096280 0
0.021957 0
0.053574 0
0.031882 0
0.460300 0
0.154503 0
0.215513 0
0.486324 0
0.457578 0
0.681966 0
0.096576 0
0.193454 0
0.029426 0
1.052397 0
0.016513 0
0.139524 0
0.435285 0
1.387349 0
0.704878 0
0.239038 0
0.566330 0
0.369342 0
0.491434 0
0.129412 0
0.446377 0
0.064678 0
1.408405 0
0.453400 0
0.217791 0
0.697423 0
0.975283 0
0.199135 0
0.058743 0
0.307519 0
0.540617 0
1.089486 0
0.182876 0
0.521900 0
0.086311 0
0.056956 0
0.136906 0
0.770298 0
0.536765 0
0.511145 0
0.611865 0
0.090369 0
0.280591 0
0.283050 0
0.115709 0
0.187132 0
0.234100 0
0.091941 0
0.146628 0
0.032311 0
0.062765 0
0.044064 0
0.206885 0
1.094307 0
0.369371 0
0.397974 0
0.359941 0
0.002510 0
0.055807 0
0.210964 0
0.954574 0
1.110115 0
0.507366 0
1.503158 0
0.296009 0
0.587951 0
0.343482 0
0.903396 0
0.227830 0
0.261851 0
0.719756 0
0.162951 0
0.232095 0
1.389926 0
1.102490 0
1.455532 0
0.047796 0
1.205235 0
1.439248 0
0.768277 0
0.317132 0
0.031488 0
0.144094 0
1.457152 0
0.777980 0
0.266223 0
0.274058 0
0.682237 0
0.172206 0
0.112339 0
1.122746 0
0.281422 0
0.314883 0
0.176146 0
0.161331 0
0.048721 0
0.077560 0
0.020199 0
0.128106 0
0.051111 0
0.336525 0
0.329789 0
0.126447 0
0.116108 0
0.035122 0
0.361477 0
0.540138 0
0.100641 0
0.197772 0
0.188248 0
0.634985 0
1.205248 0
0.599932 0
0.368090 0
0.601234 0
0.512661 0
0.555811 0
0.270692 0
0.125761 0
0.246678 0
0.901813 0
0.358130 0
0.069744 0
0.145701 0
0.273975 0
0.178893 0
1.498283 0
1.391037 0
0.747326 0
0.019439 0
0.186930 0
0.295624 0
1.197982 0
0.233912 0
0.318884 0
0.697688 0
1.319663 0
0.296734 0
1.047219 0
1.353651 0
0.126809 0
0.123559 0
0.952865 0
1.388574 0
0.209394 0
1.075084 0
0.320469 0
0.788980 0
1.290914 0
0.092159 0
0.279328 0
0.145764 0
0.548436 0
0.147086 0
0.049533 0
0.165187 0
0.183563 0
1.007008 0
0.653120 0
0.237284 0
0.199589 0
0.178412 0
0.006536 0
1.480757 0
0.223740 0
0.019184 0
0.822551 0
0.110478 0
1.039180 0
0.344580 0
0.031866 0
2.736989 0
1.299423 0
0.322662 0
1.249262 0
0.599040 0
0.927970 0
0.207513 0
0.617331 0
0.379218 0
0.059812 0
0.105418 0
0.459044 0
0.615320 0
0.140908 0
0.250373 0
0.335550 0
0.192900 0
0.023726 0
0.181647 0
0.648395 0
0.834844 0
0.292265 0
0.449061 0
0.041004 0
0.252904 0
0.690781 0
0.387828 0
0.275158 0
0.951437 0
0.299747 0
0.161903 0
0.018078 0
0.496196 0
0.251507 0
0.190816 0
0.916349 0
0.035208 0
0.287775 0
0.511757 0
0.178251 0
0.121388 0
1.453535 0
0.193826 0
0.022449 0
0.967612 0
1.314333 0
0.390312 0
1.291563 0
0.176509 0
0.165286 0
1.075193 0
0.236455 0
0.084446 0
0.273481 0
1.308421 0
0.155970 0
0.058901 0
1.483537 0
0.250915 0
0.830844 0
0.477992 0
0.093134 0
0.412681 0
0.715080 0
0.381261 0
0.840378 0
0.511051 0
0.460717 0
0.972423 0
0.640570 0
0.238153 0
0.800078 0
0.068257 0
0.249427 0
0.387201 0
0.090816 0
0.388090 0
0.487520 0
0.338385 0
0.497892 0
0.244386 0
0.329271 0
1.742294 0
0.951696 0
0.263703 0
0.798305 0
1.013631 0
0.641812 0
0.902942 0
0.381691 0
0.044748 0
0.728838 0
0.123192 0
0.045408 0
0.388603 0
1.451842 0
0.363755 0
0.111173 0
2.296258 0
0.442612 0
0.492045 0
0.224197 0
0.350786 0
0.618727 0
0.450062 0
1.273964 0
0.240593 0
0.981449 0
0.566377 0
0.543664 0
0.733396 0
0.362291 0
0.070143 0
0.989321 0
0.515202 0
0.288349 0
2.045778 0
1.487101 0
0.068475 0
0.335664 0
1.744672 0
0.090639 0
1.808013 0
0.770743 0
0.087124 0
0.739522 0
0.137363 0
0.303043 0
0.528812 0
0.273345 0
0.045734 0
1.565202 0
0.488555 0
1.060587 0
0.193053 0
0.405833 0
0.192668 0
0.222242 0
0.031847 0
0.451035 0
0.166021 0
0.043014 0
0.076759 0
0.369553 0
0.099909 0
0.080939 0
0.042704 0
0.440369 0
0.230786 0
1.527222 0
0.134533 0
0.611211 0
0.169623 0
0.428854 0
0.595900 0
0.332478 0
0.704457 0
1.053978 0
1.537811 0
0.842898 0
1.675994 0
0.362582 0
0.691344 0
0.040636 0
1.929889 0
1.571836 0
0.224997 0
0.043548 0
1.403048 0
0.026507 0
0.953398 0
0.170803 0
0.558506 0
0.104387 0
0.443819 0
0.405325 0
0.340053 0
0.819568 0
0.849210 0
0.983175 0
0.671474 0
1.522211 0
0.182694 0
0.750459 0
0.421505 0
1.129353 0
0.148417 0
0.228329 0
0.045000 0
0.082320 0
0.056792 0
0.466136 0
0.708757 0
1.367412 0
0.068658 0
0.124333 0
0.091025 0
0.052849 0
0.067113 0
0.027323 0
0.225865 0
0.483437 0
0.094473 0
0.559183 0
0.461707 0
0.692936 0
0.248562 0
0.735444 0
0.478201 0
1.001338 0
0.105138 0
0.513905 0
0.228320 0
0.968968 0
0.503148 0
0.801417 0
1.324553 0
0.845570 0
1.043038 0
0.555148 0
0.399014 0
1.062188 0
0.424584 0
0.550002 0
0.387977 0
0.018614 0
0.203582 0
0.026606 0
0.228494 0
0.563216 0
0.591643 0
0.139083 0
0.290974 0
0.016948 0
0.340973 0
0.386400 0
0.403154 0
0.468327 0
0.018450 0
0.319235 0
0.326232 0
0.368363 0
0.028328 0
0.725004 0
0.955296 0
0.171947 0
0.617465 0
1.636884 0
0.202780 0
0.326832 0
0.884250 0
0.485013 0
0.238469 0
0.062454 0
0.678840 0
1.663952 0
0.021022 0
0.626413 0
0.378531 0
1.595782 0
0.171718 0
0.554428 0
0.290069 0
0.391187 0
0.024143 0
0.213500 0
0.284454 0
0.213297 0
0.086289 0
0.166058 0
0.331022 0
0.615443 0
0.367587 0
1.028338 0
0.023189 0
0.680933 0
0.292919 0
1.685497 0
0.167580 0
0.219443 0
0.997243 0
1.280588 0
0.362663 0
0.007449 0
0.383030 0
0.350731 0
0.477475 0
0.960858 0
0.043589 0
0.123614 0
0.296130 0
0.378660 0
0.468253 0
0.009847 0
0.144694 0
1.984731 0
0.212609 0
0.102710 0
0.381920 0
0.785081 0
0.552555 0
1.128981 0
0.644330 0
0.218646 0
0.732986 0
1.361245 0
0.347059 0
0.172446 0
0.709959 0
0.191157 0
0.434554 0
0.542885 0
0.204537 0
0.619230 0
0.824919 0
0.124895 0
0.338490 0
0.335261 0
0.691918 0
0.029795 0
0.064039 0
0.861319 0
0.249205 0
0.941670 0
0.101948 0
0.362121 0
0.490019 0
1.111601 0
0.185741 0
0.764528 0
0.338105 0
0.421577 0
0.919369 0
0.193243 0
0.625306 0
0.255800 0
0.202643 0
0.321628 0
0.278748 0
0.631628 0
0.654804 0
0.777399 0
0.119998 0
0.284306 0
0.382598 0
0.349715 0
0.130853 0
0.935272 0
0.047980 0
0.562414 0
0.510420 0
0.344239 0
0.337875 0
0.229041 0
0.009091 0
0.411843 0
0.247406 0
1.007736 0
0.613180 0
0.454250 0
0.037707 0
0.140994 0
1.845530 0
0.503163 0
0.595143 0
0.142082 0
0.208427 0
0.599852 0
0.041903 0
0.649291 0
0.289547 0
0.562732 0
0.918750 0
0.278003 0
1.082184 0
0.816732 0
0.416899 0
0.349444 0
0.005283 0
0.149783 0
0.487901 0
0.443523 0
0.251937 0
0.308759 0
0.450386 0
0.080623 0
0.641082 0
0.415868 0
0.639523 0
1.622062 0
0.432306 0
0.216302 0
0.455529 0
1.470556 0
0.493101 0
0.235881 0
0.059864 0
0.953785 0
0.681726 0
0.446491 0
0.476313 0
0.451375 0
0.234048 0
0.873533 0
1.293944 0
0.659510 0
0.353908 0
0.780602 0
0.274173 0
0.107929 0
0.657025 0
1.376548 0
0.050125 0
1.297348 0
0.623394 0
0.577578 0
0.106063 0
0.548844 0
0.234572 0
1.009209 0
0.757610 0
0.454647 0
0.625503 0
0.207055 0
0.319258 0
1.615418 0
0.258016 0
0.081908 0
0.686247 0
0.352006 0
0.177257 0
0.080017 0
0.389722 0
1.509037 0
0.814596 0
0.008453 0
0.446133 0
0.098921 0
0.121170 0
0.685178 0
0.666416 0
0.047739 0
0.385054 0
0.381838 0
0.421294 0
0.587163 0
0.500220 0
0.590055 0
0.364161 0
0.773807 0
0.442220 0
1.356979 0
0.058394 0
0.684040 0
0.441522 0
0.032740 0
0.731006 0
1.282928 0
0.540645 0
0.153404 0
0.913841 0
0.066461 0
0.344979 0
0.965784 0
0.602728 0
0.771017 0
0.453563 0
0.243408 0
0.357336 0
0.399131 0
0.024493 0
1.752459 0
1.198271 0
1.030017 0
0.461389 0
0.533289 0
0.162777 0
0.539503 0
0.550598 0
0.297232 0
0.452770 0
0.407259 0
0.085023 0
0.378658 0
0.963915 0
0.284254 0
0.479344 0
0.054820 0
0.153701 0
0.270200 0
0.313500 0
0.113939 0
0.067468 0
0.487651 0
1.128335 0
1.273397 0
0.576217 0
0.310544 0
0.406749 0
1.043582 0
0.702111 0
0.668453 0
0.645569 0
0.247294 0
0.096833 0
1.378461 0
1.113982 0
0.350778 0
0.106734 0
0.175890 0
0.523524 0
0.688304 0
0.042455 0
0.907878 0
0.897639 0
0.232342 0
0.572397 0
0.809750 0
0.058251 0
0.207126 0
0.605333 0
0.224383 0
0.736740 0
0.161260 0
0.914986 0
0.879299 0
0.826775 0
0.084438 0
0.313019 0
0.489086 0
0.012976 0
0.638318 0
0.034955 0
0.014278 0
0.100386 0
0.897813 0
0.883108 0
0.086716 0
0.595005 0
0.199305 0
0.320796 0
1.005665 0
1.668144 0
0.828040 0
0.316126 0
0.736671 0
0.628167 0
0.159431 0
0.154121 0
0.210483 0
0.375054 0
0.153858 0
0.725865 0
1.026293 0
0.133263 0
0.007647 0
0.857167 0
0.158359 0
0.741566 0
1.329387 0
0.146047 0
0.424739 0
0.038038 0
1.472105 0
0.163335 0
0.479546 0
0.067725 0
0.469598 0
0.552598 0
0.680796 0
0.274760 0
0.737031 0
0.893778 0
0.237224 0
0.144997 0
0.267278 0
0.184426 0
0.288996 0
0.749168 0
0.231562 0
0.242154 0
0.350418 0
0.234155 0
0.378257 0
1.688313 0
0.043079 0
0.464428 0
1.111613 0
0.132120 0
0.049388 0
0.161721 0
0.420272 0
0.560368 0
0.736079 0
0.823910 0
0.392235 0
0.061684 0
0.307151 0
0.355849 0
0.284319 0
0.303655 0
0.309242 0
0.194191 0
0.002736 0
0.058184 0
0.586482 0
0.729956 0
0.373713 0
0.101515 0
0.321221 0
0.211957 0
0.275389 0
0.770618 0
0.853745 0
0.056457 0
0.185549 0
0.507363 0
0.700118 0
0.331389 0
0.548013 0
0.278217 0
0.222362 0
1.203508 0
1.500114 0
0.399410 0
0.621599 0
0.251621 0
0.433366 0
0.386641 0
0.480439 0
0.610186 0
0.686664 0
1.191524 0
1.029487 0
0.481258 0
0.604559 0
1.223184 0
0.499161 0
1.575563 0
0.397911 0
0.017995 0
0.076937 0
1.285612 0
0.580293 0
0.263012 0
0.768534 0
0.315102 0
0.728190 0
0.092074 0
0.122182 0
0.477434 0
0.601312 0
0.556282 0
0.330078 0
0.501651 0
0.570880 0
1.381863 0
0.815381 0
0.480169 0
0.008959 0
0.178822 0
0.287069 0
0.637973 0
0.410380 0
1.067629 0
0.621980 0
0.555325 0
0.229111 0
0.578810 0
1.033120 0
0.806342 0
0.077596 0
0.711789 0
0.199151 0
0.023415 0
1.369956 0
0.328252 0
0.236776 0
0.133979 0
0.445801 0
0.674116 0
0.291259 0
0.115483 0
1.135522 0
0.116746 0
0.412796 0
0.239647 0
0.580767 0
0.107249 0
1.089819 0
0.052169 0
0.038433 0
0.246238 0
0.749549 0
0.177170 0
0.316502 0
0.972626 0
0.274938 0
0.413675 0
0.849821 0
0.974769 0
0.129348 0
1.505265 0
0.006429 0
0.230758 0
0.794745 0
0.112108 0
0.312490 0
1.062989 0
0.550151 0
0.624055 0
0.710596 0
0.222137 0
0.675098 0
0.277196 0
0.361053 0
0.616296 0
0.514160 0
0.399031 0
0.388679 0
0.868198 0
0.341042 0
0.238694 0
0.804806 0
0.110270 0
0.268247 0
0.791807 0
0.125470 0
0.935337 0
0.208424 0
0.705982 0
0.261256 0
0.172520 0
0.876142 0
0.231871 0
0.941902 0
0.230452 0
0.816959 0
0.633934 0
0.082860 0
0.748184 0
0.463431 0
0.247459 0
0.130889 0
0.616309 0
0.928708 0
0.551272 0
0.199261 0
0.029951 0
0.015814 0
0.615915 0
0.348852 0
0.215650 0
0.655017 0
0.192242 0
0.712430 0
0.500433 0
0.973635 0
0.328052 0
0.148695 0
0.378086 0
0.382826 0
0.463606 0
0.664082 0
0.039744 0
0.328399 0
1.371902 0
1.446921 0
0.027844 0
0.273702 0
0.573598 0
0.586105 0
0.835136 0
0.237744 0
0.026294 0
0.299108 0
0.915879 0
1.044562 0
0.819338 0
0.369967 0
0.652259 0
0.023616 0
1.269260 0
0.103786 0
0.214496 0
0.175998 0
1.625423 0
0.027593 0
0.528354 0
0.110547 0
0.360498 0
0.051134 0
0.075892 0
0.133156 0
0.319049 0
0.190256 0
0.108868 0
0.128952 0
0.579879 0
0.254305 0
0.404802 0
0.041302 0
0.450727 0
0.563314 0
0.789012 0
0.021502 0
0.220410 0
0.068791 0
0.201479 0
1.437597 0
0.262611 0
1.779031 0
0.490484 0
1.498411 0
0.772718 0
0.844595 0
0.288732 0
1.173137 0
0.278600 0
0.240576 0
0.476330 0
0.079220 0
0.193160 0
0.097902 0
0.371943 0
0.096687 0
0.616061 0
0.765803 0
0.126327 0
0.534969 0
0.741247 0
0.040794 0
0.642148 0
1.594030 0
1.272664 0
0.772509 0
0.673578 0
0.817458 0
0.391489 0
0.210446 0
1.546748 0
0.127935 0
0.990033 0
0.325032 0
0.246370 0
0.534425 0
0.445566 0
0.142187 0
0.910463 0
0.067271 0
0.550621 0
0.572746 0
0.274722 0
0.470755 0
0.519589 0
0.200875 0
0.528304 0
0.225767 0
0.230188 0
0.842391 0
0.186175 0
0.327358 0
1.074881 0
0.397087 0
0.274766 0
1.513262 0
0.447029 0
0.918770 0
0.038127 0
0.860673 0
0.288104 0
1.031716 0
1.379529 0
0.506775 0
0.753739 0
0.127397 0
0.535379 0
0.404315 0
0.738667 0
0.771539 0
0.310869 0
0.030717 0
1.374158 0
0.043046 0
0.954375 0
0.357759 0
0.801820 0
0.248394 0
0.510017 0
0.447193 0
0.074922 0
1.005448 0
0.167327 0
0.994770 0
0.076503 0
0.997457 0
0.564380 0
0.536960 0
0.472141 0
0.430681 0
0.078713 0
0.088220 0
0.230491 0
0.416323 0
0.319442 0
0.562237 0
0.278930 0
0.288840 0
0.321006 0
0.675931 0
0.116575 0
0.661119 0
1.326272 0
0.438169 0
0.155039 0
0.139587 0
0.306213 0
0.382296 0
1.137670 0
1.170445 0
1.362953 0
0.145194 0
0.031443 0
0.147225 0
0.303407 0
0.550441 0
0.229004 0
0.662130 0
0.028773 0
0.048060 0
0.144762 0
0.203745 0
0.816923 0
0.686821 0
0.044105 0
0.909913 0
0.604574 0
0.371659 0
0.081368 0
0.537546 0
0.256061 0
1.150665 0
0.976856 0
0.945005 0
0.158353 0
0.316854 0
0.045264 0
0.861934 0
0.555169 0
0.180996 0
0.235119 0
0.076993 0
0.717119 0
0.298275 0
0.609019 0
0.429056 0
0.775792 0
0.811514 0
0.140663 0
0.768513 0
0.566648 0
0.619375 0
0.285279 0
0.477034 0
0.538298 0
0.235381 0
0.673765 0
0.201828 0
0.851278 0
0.129623 0
0.808163 0
1.014126 0
0.177339 0
0.101477 0
0.040793 0
0.101378 0
0.221546 0
0.180872 0
0.065741 0
1.424489 0
0.745707 0
0.121008 0
0.174806 0
0.605018 0
0.365372 0
0.271242 0
0.554936 0
0.665238 0
0.693686 0
0.115122 0
0.854876 0
0.010674 0
0.933774 0
0.175988 0
0.165629 0
0.222342 0
0.349872 0
0.584773 0
0.496455 0
0.053020 0
0.082649 0
0.103193 0
0.612368 0
0.266773 0
0.228859 0
0.443161 0
0.180908 0
1.625588 0
0.285136 0
0.704537 0
0.404234 0
0.191695 0
0.263731 0
0.768362 0
0.283861 0
1.543010 0
0.116243 0
0.517676 0
1.423631 0
0.714625 0
0.832266 0
0.793280 0
0.077806 0
0.853678 0
0.255572 0
0.329249 0
0.289273 0
1.514129 0
0.515067 0
0.190968 0
1.079673 0
0.187162 0
0.124836 0
0.175429 0
0.284861 0
0.131681 0
0.320885 0
0.915847 0
0.857283 0
0.242885 0
0.347307 0
1.721249 0
0.608904 0
0.729230 0
1.403050 0
0.020670 0
0.083249 0
0.280526 0
0.300900 0
0.151726 0
0.091153 0
0.800716 0
1.035492 0
0.782452 0
0.297781 0
1.705657 0
0.037766 0
0.026305 0
1.304870 0
0.075756 0
0.722382 0
0.092416 0
0.076044 0
1.216655 0
0.324667 0
0.011569 0
0.531325 0
0.072931 0
1.230487 0
0.189973 0
0.326504 0
0.700022 0
0.067564 0
0.108827 0
0.428749 0
0.132294 0
0.020303 0
1.285269 0
0.846824 0
0.082006 0
0.109829 0
0.321578 0
1.407290 0
0.436693 0
0.046040 0
0.285598 0
0.150010 0
1.498524 0
1.402179 0
0.507602 0
0.108495 0
0.130857 0
0.251661 0
1.470178 0
0.415343 0
0.392960 0
1.427634 0
0.465487 0
0.107983 0
0.028408 0
0.706287 0
0.090108 0
0.241799 0
0.704302 0
0.602422 0
0.117626 0
0.114011 0
1.001301 0
0.968130 0
0.128665 0
1.340529 0
1.553752 0
0.781435 0
0.551556 0
1.247936 0
0.656025 0
0.312932 0
0.593818 0
0.939480 0
0.157509 0
0.196143 0
0.303726 0
0.191971 0
0.250604 0
0.472874 0
0.731682 0
0.477505 0
0.395297 0
0.051346 0
0.472521 0
0.067454 0
0.047099 0
0.599152 0
0.542201 0
1.296921 0
0.305123 0
0.335012 0
0.268117 0
1.198419 0
0.547708 0
0.248702 0
0.901037 0
0.996662 0
0.057615 0
0.292191 0
1.389171 0
0.142670 0
0.627276 0
0.787297 0
0.945105 0
1.205827 0
0.528441 0
0.543421 0
0.932833 0
0.728437 0
0.149477 0
0.994601 0
0.063255 0
0.089864 0
0.269572 0
0.588371 0
0.111436 0
1.461338 0
1.223588 0
0.134078 0
0.353587 0
0.585963 0
0.907959 0
1.193377 0
0.204991 0
0.130135 0
1.322656 0
0.413584 0
0.968244 0
0.410777 0
0.755964 0
1.312853 0
0.153270 0
0.176099 0
0.466450 0
0.517206 0
0.455474 0
0.679551 0
0.227438 0
0.075966 0
1.477782 0
1.143072 0
0.876690 0
0.323435 0
0.111407 0
0.937400 0
0.162952 0
0.236462 0
0.639352 0
0.674183 0
0.356088 0
0.330867 0
0.186814 0
0.447525 0
0.018335 0
1.061636 0
1.499025 0
1.008485 0
0.077336 0
0.022410 0
0.136988 0
1.421714 0
0.123676 0
1.543625 0
0.110871 0
0.478328 0
0.590817 0
0.045964 0
0.330536 0
0.437853 0
0.336137 0
0.275022 0
1.669393 0
1.756216 0
1.375625 0
0.458214 0
1.364183 0
0.738899 0
0.077359 0
0.368871 0
0.432219 0
1.605897 0
0.300181 0
0.142706 0
0.827733 0
1.565521 0
0.496458 0
1.496482 0
0.419035 0
0.151159 0
0.795644 0
0.435281 0
0.343373 0
1.433759 0
0.109478 0
0.071451 0
0.280663 0
1.219564 0
1.054004 0
1.450314 0
0.664337 0
1.391290 0
0.862951 0
0.060298 0
0.208496 0
0.286368 0
0.054063 0
0.795307 0
0.214199 0
0.223940 0
0.147401 0
1.376606 0
0.854127 0
0.010247 0
0.151106 0
1.479211 0
0.026278 0
1.252678 0
0.238747 0
0.248485 0
0.424236 0
0.218351 0
0.970441 0
1.227468 0
0.325812 0
0.120106 0
0.467316 0
0.327345 0
0.014663 0
0.039317 0
0.022224 0
0.531231 0
0.099648 0
0.465977 0
0.089887 0
0.003433 0
0.224373 0
0.191842 0
0.119328 0
0.070410 0
1.165807 0
0.055943 0
1.462360 0
0.214675 0
0.862899 0
0.249341 0
0.350088 0
0.043677 0
1.132074 0
1.302677 0
0.918085 0
0.916899 0
1.596079 0
0.122873 0
0.072902 0
0.789085 0
0.211414 0
0.666474 0
0.370486 0
0.215051 0
0.002059 0
0.340847 0
0.528138 0
0.061548 0
0.104383 0
0.127860 0
0.036618 0
1.595919 0
1.233247 0
1.226657 0
0.931459 0
0.596364 0
0.780533 0
0.297600 0
0.186292 0
0.496533 0
0.413194 0
0.072230 0
0.906684 0
0.867962 0
0.168528 0
0.160786 0
0.443651 0
0.536982 0
0.071480 0
0.168056 0
1.488534 0
0.755217 0
0.139912 0
0.363826 0
0.135820 0
0.196832 0
0.767041 0
0.146326 0
0.705753 0
0.020320 0
0.116904 0
0.643955 0
0.093300 0
0.708970 0
0.012533 0
0.109949 0
0.916645 0
0.123425 0
0.026963 0
0.137305 0
0.091738 0
0.189369 0
0.763469 0
0.137192 0
0.011286 0
0.219194 0
0.027950 0
0.221395 0
0.032542 0
0.925548 0
0.110461 0
1.701063 0
0.579358 0
0.226738 0
0.057294 0
0.635686 0
0.500978 0
0.011540 0
0.428154 0
0.495785 0
0.704222 0
0.968556 0
0.183903 0
0.037381 0
0.282375 0
0.107309 0
0.482880 0
0.395293 0
0.334975 0
1.177410 0
0.187132 0
0.020249 0
0.236487 0
0.363955 0
0.267716 0
1.144889 0
0.304895 0
0.051198 0
0.740416 0
0.536573 0
0.641570 0
0.528762 0
1.072140 0
1.155169 0
0.391205 0
0.598745 0
0.334054 0
0.071699 0
0.040350 0
0.531862 0
0.451213 0
0.138618 0
0.808162 0
0.006962 0
0.620870 0
0.218697 0
0.523423 0
1.450612 0
0.547205 0
0.204503 0
0.413858 0
0.307789 0
0.111314 0
0.870147 0
0.414368 0
1.488005 0
0.633709 0
0.180618 0
0.199073 0
0.397451 0
0.124137 0
0.679378 0
0.317813 0
0.845784 0
0.424226 0
0.502075 0
0.146943 0
0.829261 0
0.173740 0
0.761566 0
1.020259 0
1.102241 0
0.630833 0
0.318278 0
0.524777 0
0.713465 0
0.434739 0
0.298576 0
0.334613 0
0.890643 0
0.348915 0
0.621770 0
0.167324 0
0.103338 0
0.384676 0
0.021066 0
0.369390 0
0.091443 0
0.168003 0
0.173581 0
0.320308 0
0.077021 0
0.111270 0
0.056038 0
0.144491 0
0.588474 0
0.743037 0
0.243632 0
0.557307 0
0.490595 0
0.309889 0
0.252150 0
0.411637 0
0.469694 0
0.293805 0
0.144251 0
0.547553 0
0.372898 0
0.264563 0
0.281543 0
0.168128 0
1.109550 0
1.051742 0
0.181151 0
0.731867 0
0.047993 0
0.126029 0
0.708590 0
0.261283 0
0.073167 0
0.230007 0
0.617597 0
0.097788 0
0.415780 0
0.443828 0
1.191018 0
1.454527 0
0.020772 0
0.468456 0
0.020097 0
0.092751 0
0.715310 0
0.059289 0
0.208288 0
0.761490 0
0.159463 0
0.158120 0
0.467382 0
1.411989 0
0.013490 0
0.371237 0
1.273025 0
0.232007 0
0.209617 0
0.099733 0
0.314048 0
0.835963 0
0.724128 0
0.269410 0
1.147373 0
0.132763 0
0.223984 0
0.407773 0
1.302944 0
1.246792 0
0.760927 0
0.458888 0
0.421399 0
1.236823 0
0.361354 0
0.192273 0
1.161427 0
0.168236 0
1.411434 0
1.412152 0
1.374517 0
0.373721 0
0.214111 0
0.056203 0
0.272704 0
0.163858 0
0.845160 0
0.063545 0
0.073871 0
0.984600 0
0.356008 0
0.236992 0
0.275154 0
0.081943 0
1.163740 0
0.034995 0
0.523277 0
0.058928 0
0.873126 0
0.907622 0
0.165900 0
1.510467 0
0.347312 0
0.634448 0
1.287045 0
0.127763 0
0.022475 0
0.285215 0
1.578963 0
0.214603 0
0.127531 0
1.904038 0
0.829665 0
0.115147 0
0.989545 0
0.919957 0
0.331443 0
0.192197 0
0.047800 0
0.422839 0
0.097248 0
0.562037 0
0.048636 0
0.023048 0
0.114949 0
0.038699 0
0.700115 0
0.129699 0
0.187181 0
0.214624 0
0.097512 0
0.317560 0
0.146636 0
0.369906 0
0.032199 0
0.583178 0
0.282840 0
0.043803 0
0.264724 0
0.229867 0
0.506902 0
0.633153 0
0.064179 0
0.460069 0
1.077309 0
0.772092 0
0.237341 0
0.308302 0
0.075553 0
0.824793 0
0.075801 0
0.391231 0
0.043936 0
0.714353 0
1.486848 0
0.504470 0
0.161566 0
0.366115 0
0.259460 0
0.028622 0
0.101795 0
0.049676 0
0.423930 0
1.540550 0
0.832058 0
0.014637 0
0.540972 0
0.021808 0
0.097404 0
0.010085 0
0.259156 0
0.042871 0
0.169535 0
0.146517 0
0.284819 0
1.554860 0
0.391065 0
1.414935 0
0.267978 0
0.611067 0
0.669444 0
0.158468 0
2.089903 0
2.357082 0
0.482549 0
0.384320 0
0.293428 0
0.835212 0
0.242842 0
0.171776 0
0.173384 0
0.504710 0
2.017760 0
0.179960 0
0.469100 0
0.994308 0
0.300919 0
1.464311 0
1.328549 0
0.090476 0
0.432943 0
0.181732 0
0.414455 0
0.520183 0
0.122967 0
0.293563 0
0.630990 0
0.099688 0
0.071895 0
0.450239 0
0.079278 0
0.244214 0
0.105086 0
0.695774 0
0.823294 0
0.662840 0
0.301239 0
0.187057 0
0.034038 0
0.194464 0
0.078634 0
0.087434 0
0.146839 0
0.212195 0
1.083799 0
0.233343 0
0.373825 0
0.226949 0
0.701485 0
0.497255 0
0.818456 0
0.326365 0
0.134639 0
1.304725 0
0.409120 0
0.054036 0
0.062486 0
0.666712 0
0.471312 0
0.380843 0
0.467443 0
0.232720 0
0.844978 0
0.510661 0
0.283901 0
0.831528 0
0.701770 0
0.254943 0
0.829554 0
0.615554 0
0.115364 0
0.059835 0
0.020143 0
0.158987 0
1.407926 0
1.147035 0
1.055341 0
0.202739 0
0.557558 0
0.251482 0
0.235469 0
0.056867 0
0.673450 0
0.833719 0
0.304153 0
0.069352 0
1.311990 0
0.129554 0
1.531971 0
0.802799 0
0.426412 0
0.368862 0
0.224265 0
0.961726 0
0.058812 0
0.101605 0
0.311179 0
0.272492 0
0.333109 0
0.169414 0
0.023108 0
1.174581 0
1.447210 0
0.567872 0
0.369640 0
1.607901 0
1.034236 0
0.257385 0
1.297243 0
0.355968 0
0.134245 0
0.604631 0
0.655603 0
0.442059 0
0.094542 0
0.754344 0
0.104716 0
1.042387 0
0.161873 0
0.301626 0
0.310469 0
0.150744 0
0.227328 0
0.223009 0
0.305831 0
1.440669 0
0.061341 0
0.500564 0
0.065167 0
0.295500 0
1.295352 0
0.369098 0
0.931480 0
0.102982 0
0.140207 0
0.451658 0
0.191830 0
0.020516 0
0.126911 0
0.350913 0
0.373993 0
0.408672 0
0.427711 0
0.062342 0
1.079406 0
0.735664 0
0.022210 0
0.023543 0
0.026968 0
0.103352 0
0.091342 0
0.675692 0
0.349916 0
0.265138 0
0.403888 0
0.358432 0
0.028065 0
0.215788 0
0.452924 0
0.277962 0
0.034017 0
0.199749 0
0.149510 0
0.076725 0
0.831163 0
0.718283 0
0.165843 0
0.417428 0
0.298909 0
1.430359 0
0.412615 0
0.425937 0
0.049449 0
0.153501 0
0.835972 0
1.151232 0
0.567858 0
0.391961 0
0.494338 0
1.642833 0
0.251039 0
0.087823 0
0.106708 0
0.173420 0
0.678601 0
0.871166 0
0.555812 0
0.050261 0
0.162005 0
0.441528 0
1.079575 0
0.060785 0
1.165147 0
0.012945 0
0.023997 0
0.187842 0
0.268105 0
0.423058 0
0.095159 0
0.089276 0
0.095259 0
0.423895 0
0.589790 0
0.350757 0
0.250100 0
0.940044 0
1.321380 0
2.198374 0
2.004187 0
0.785042 0
1.456912 0
1.342588 0
0.754201 0
0.731964 0
1.618898 0
0.133387 0
0.134299 0
1.683785 0
0.269653 0
0.193756 0
1.405869 0
0.407559 0
1.360206 0
0.177361 0
0.075801 0
0.657175 0
0.575890 0
0.348431 0
0.523771 0
0.265765 0
1.869534 0
0.262970 0
0.173350 0
0.375356 0
0.198520 0
0.805736 0
0.774435 0
1.846632 0
0.973309 0
0.042142 0
0.049065 0
1.565984 0
0.482238 0
0.105189 0
0.029925 0
0.302455 0
0.445915 0
1.508975 0
0.199466 0
0.088202 0
0.291988 0
0.041879 0
0.188159 0
0.130673 0
0.528283 0
0.425770 0
0.457156 0
0.886953 0
0.203958 0
0.155136 0
1.239776 0
0.019969 0
0.604661 0
0.277112 0
1.144697 0
1.780890 0
0.341092 0
0.560969 0
0.795713 0
0.351827 0
0.511225 0
0.953041 0
0.625884 0
0.541767 0
1.511843 0
0.169715 0
0.410932 0
0.643433 0
0.297015 0
0.081694 0
1.150460 0
0.628807 0
0.809320 0
0.285682 0
0.272021 0
0.061038 0
0.213213 0
0.027470 0
0.363288 0
0.116664 0
1.062405 0
0.015621 0
1.642277 0
0.022232 0
0.306653 0
0.222502 0
0.559712 0
0.761068 0
0.058091 0
1.336418 0
0.057530 0
1.451593 0
0.263661 0
0.495823 0
0.500068 0
0.272472 0
0.077291 0
0.952670 0
0.072250 0
0.275102 0
0.098766 0
0.328772 0
0.564424 0
1.501705 0
0.802470 0
1.580487 0
0.807420 0
1.084802 0
0.735009 0
1.354756 0
0.386061 0
0.435668 0
0.431732 0
0.888985 0
0.387532 0
0.483746 0
0.120375 0
0.536425 0
0.340641 0
0.310269 0
0.148964 0
0.581299 0
0.428371 0
0.803471 0
0.440649 0
0.785676 0
0.274058 0
0.743927 0
1.827042 0
0.413318 0
0.177552 0
1.487490 0
0.256981 0
0.191518 0
0.764991 0
0.027441 0
1.014220 0
0.449480 0
0.166364 0
1.269842 0
0.633429 0
1.463661 0
1.702793 0
1.391029 0
0.106471 0
0.842257 0
0.236647 0
0.451844 0
0.727826 0
0.136086 0
0.208754 0
0.516406 0
0.479631 0
0.984603 0
0.217222 0
2.044703 0
0.231515 0
0.248533 0
1.077010 0
1.778298 0
0.444759 0
1.599519 0
0.052600 0
0.844528 0
1.146435 0
0.158002 0
0.874288 0
0.273703 0
0.064030 0
0.194016 0
0.099600 0
0.256004 0
0.216971 0
0.146740 0
0.389699 0
0.223565 0
1.574451 0
0.396613 0
0.443661 0
0.659999 0
0.156578 0
0.135188 0
0.188861 0
0.364771 0
0.292486 0
0.525723 0
0.048405 0
0.626911 0
0.257717 0
0.071883 0
0.098826 0
0.552535 0
0.188446 0
1.085182 0
0.570876 0
1.402904 0
1.286150 0
0.115961 0
1.262919 0
0.574437 0
0.175898 0
1.429525 0
0.309301 0
1.544785 0
0.149311 0
0.820308 0
0.061499 0
0.105053 0
0.048352 0
1.724487 0
1.141773 0
0.112171 0
1.228959 0
1.123060 0
0.470474 0
0.368994 0
0.517156 0
0.914279 0
0.462262 0
0.415446 0
0.380866 0
0.096661 0
0.554451 0
1.302676 0
0.300728 0
0.404716 0
0.732563 0
0.185034 0
0.541065 0
0.678161 0
0.091326 0
1.524828 0
0.248787 0
1.461837 0
0.776219 0
1.403841 0
0.084036 0
1.415567 0
0.040254 0
0.476919 0
0.107157 0
0.112936 0
0.424405 0
0.070991 0
0.615780 0
0.820863 0
0.100261 0
0.032527 0
0.355723 0
0.764265 0
0.332339 0
0.099502 0
0.247729 0
0.092350 0
1.181338 0
0.239904 0
0.526924 0
1.400661 0
0.226928 0
0.183535 0
0.429390 0
0.154274 0
0.111877 0
1.157982 0
0.101881 0
0.115132 0
0.645148 0
0.084329 0
0.431342 0
0.082239 0
0.411359 0
0.019293 0
0.293617 0
0.249028 0
0.106269 0
0.937901 0
0.021066 0
0.882785 0
0.553355 0
0.131566 0
0.082691 0
0.072864 0
0.383207 0
0.780937 0
0.213366 0
0.044985 0
0.416990 0
0.883289 0
1.094732 0
0.526787 0
0.098111 0
0.354864 0
1.597559 0
0.822880 0
0.575025 0
0.109017 0
0.266096 0
0.065402 0
0.030888 0
0.558539 0
0.504208 0
0.727392 0
0.114524 0
0.182389 0
0.528804 0
0.660282 0
0.600786 0
0.149854 0
1.513157 0
0.902676 0
0.889059 0
0.348384 0
0.785847 0
0.116337 0
1.099352 0
0.255121 0
1.108835 0
0.855542 0
0.257474 0
0.106348 0
0.233092 0
0.241414 0
1.284298 0
1.115951 0
0.463642 0
0.081311 0
0.119604 0
0.125072 0
0.990938 0
0.189342 0
0.080565 0
0.437496 0
0.698049 0
0.743225 0
0.332728 0
0.114462 0
0.411596 0
0.598692 0
1.176100 0
0.024897 0
0.079576 0
0.284452 0
0.018505 0
0.046963 0
0.346122 0
0.173531 0
0.130287 0
0.111859 0
0.517522 0
0.147449 0
0.915325 0
0.300093 0
0.935741 0
0.148666 0
0.412595 0
0.720903 0
0.268553 0
0.241429 0
0.822231 0
0.538354 0
0.073950 0
0.589054 0
0.116224 0
0.905420 0
0.166321 0
1.421132 0
0.622681 0
0.224351 0
0.094777 0
0.896066 0
0.075003 0
0.029737 0
0.036205 0
0.751023 0
0.488142 0
0.228913 0
0.553341 0
0.133960 0
0.090212 0
0.169842 0
0.021929 0
0.237912 0
0.086191 0
0.444923 0
0.380902 0
0.197105 0
0.188337 0
0.004672 0
0.677221 0
0.033035 0
0.349505 0
0.872327 0
0.171361 0
0.660423 0
0.290286 0
0.214249 0
0.002359 0
0.163764 0
0.344917 0
0.207174 0
0.027589 0
0.036052 0
0.156561 0
1.694853 0
0.210042 0
0.087768 0
0.026633 0
0.099822 0
0.065538 0
0.031379 0
0.869499 0
1.694918 0
0.248691 0
0.215475 0
0.389441 0
0.027681 0
0.141191 0
0.204743 0
0.703904 0
0.673616 0
1.024810 0
0.418680 0
0.482045 0
0.502964 0
0.472416 0
0.861406 0
0.352084 0
0.365201 0
1.130331 0
0.270829 0
0.444656 0
1.562730 0
0.084969 0
1.435587 0
0.009611 0
0.256114 0
1.398111 0
0.125725 0
0.495870 0
1.429452 0
0.324845 0
0.294612 0
0.176746 0
1.393499 0
1.541592 0
0.332185 0
0.306489 0
0.173648 0
0.877631 0
0.091770 0
0.315882 0
1.279274 0
0.248717 0
0.126779 0
0.337926 0
0.170121 0
0.181825 0
0.170374 0
0.844830 0
1.680758 0
0.461781 0
0.205410 0
0.557864 0
0.439793 0
0.364958 0
0.975958 0
0.077361 0
0.093441 0
0.851403 0
0.663766 0
0.458487 0
0.673666 0
0.630974 0
0.221573 0
0.759861 0
0.416861 0
0.493829 0
1.647121 0
1.300930 0
0.487904 0
0.167483 0
0.172687 0
0.192277 0
0.028337 0
1.242345 0
0.282737 0
0.129547 0
0.287310 0
0.052712 0
0.361194 0
1.176439 0
0.235564 0
0.282088 0
0.247178 0
0.526782 0
0.164026 0
1.053503 0
0.167045 0
0.044476 0
0.173302 0
0.115826 0
1.885746 0
0.085468 0
0.360781 0
0.103436 0
0.104202 0
0.135841 0
0.656548 0
0.141374 0
0.087753 0
0.134980 0
0.035400 0
0.854227 0
0.091316 0
0.757729 0
0.063811 0
0.729679 0
0.472479 0
0.105716 0
0.071059 0
0.125007 0
0.008526 0
1.107905 0
0.166787 0
0.110968 0
0.339394 0
0.876687 0
0.008707 0
0.219686 0
0.617493 0
0.035489 0
0.345723 0
0.436560 0
0.292636 0
0.697176 0
0.029874 0
0.365956 0
0.222272 0
0.018232 0
0.219029 0
1.245177 0
1.369972 0
0.059363 0
0.167142 0
0.956896 0
0.258356 0
0.729543 0
0.399905 0
0.055718 0
1.363526 0
0.656591 0
0.469405 0
1.412538 0
0.538110 0
0.463347 0
0.266916 0
0.561504 0
0.266569 0
0.121898 0
0.161755 0
1.301600 0
0.601234 0
1.389014 0
0.100911 0
0.676716 0
0.242763 0
0.323261 0
0.073996 0
0.048322 0
0.196308 0
0.573610 0
0.233274 0
0.503362 0
0.172970 0
0.569806 0
0.171298 0
1.632779 0
0.036570 0
1.403507 0
0.639252 0
0.243279 0
0.134372 0
0.650396 0
0.337784 0
0.228733 0
0.443822 0
0.145360 0
0.054235 0
0.719061 0
0.301642 0
0.159936 0
0.075694 0
1.511944 0
0.128344 0
0.409387 0
0.030295 0
0.168617 0
0.263346 0
0.351624 0
0.152251 0
1.292813 0
0.190958 0
0.852373 0
0.224724 0
0.746838 0
1.525106 0
0.539766 0
0.483878 0
0.093946 0
1.416024 0
0.311472 0
0.189805 0
0.410291 0
0.428877 0
0.031175 0
0.288060 0
0.266339 0
0.660004 0
0.060069 0
0.491026 0
0.113200 0
0.956666 0
0.789426 0
0.832259 0
0.240814 0
0.237665 0
0.039869 0
0.264625 0
0.167268 0
0.306538 0
0.023790 0
0.292758 0
0.125109 0
1.706773 0
0.007634 0
0.123840 0
0.421623 0
1.088159 0
0.025257 0
0.280929 0
0.176089 0
0.169231 0
1.328304 0
0.551499 0
1.038423 0
0.164660 0
0.103289 0
0.050801 0
0.382650 0
0.404961 0
0.366758 0
0.068563 0
0.120272 0
0.068897 0
0.160053 0
0.681752 0
0.692205 0
0.633591 0
0.603692 0
0.510009 0
0.335486 0
0.430309 0
1.244965 0
0.730570 0
0.835860 0
0.032129 0
1.559298 0
0.841566 0
1.718731 0
0.368803 0
0.679118 0
0.149296 0
0.017795 0
0.081333 0
0.478430 0
0.617612 0
0.393740 0
0.044329 0
0.957305 0
1.093696 0
0.487733 0
0.026346 0
0.127095 0
0.515474 0
0.765416 0
0.663346 0
0.037584 0
0.397016 0
0.115452 0
0.094999 0
0.469465 0
0.023693 0
0.770978 0
1.387460 0
0.486619 0
0.042650 0
0.452705 0
0.737704 0
0.724906 0
0.271344 0
0.007805 0
0.030514 0
0.233759 0
0.371134 0
0.566329 0
0.318193 0
0.152484 0
0.626136 0
0.317371 0
0.008298 0
0.202634 0
0.373804 0
0.346494 0
0.668868 0
0.360082 0
0.791237 0
0.771689 0
0.025038 0
0.265351 0
0.051425 0
0.499412 0
2.236953 0
0.179074 0
0.126009 0
1.899153 0
0.274365 0
0.978700 0
1.122913 0
0.811617 0
1.455051 0
0.477663 0
0.227621 0
0.419432 0
0.160668 0
0.637032 0
0.173268 0
0.105380 0
1.482731 0
0.309834 0
0.135131 0
0.088138 0
0.930846 0
0.011763 0
1.501359 0
0.635953 0
0.163339 0
0.353861 0
0.783846 0
1.444499 0
0.977668 0
0.009936 0
0.943988 0
0.304236 0
0.513441 0
0.438031 0
0.885270 0
0.248811 0
0.046168 0
0.785971 0
0.106630 0
1.809531 0
0.938325 0
0.317126 0
0.632832 0
0.581150 0
0.455124 0
0.314922 0
0.297941 0
1.596020 0
1.187742 0
0.805094 0
0.523252 0
0.202044 0
0.718368 0
0.195913 0
1.026644 0
0.581699 0
0.201737 0
0.122265 0
0.693871 0
0.060191 0
1.243148 0
0.758740 0
0.359071 0
0.109809 0
0.661011 0
0.157814 0
0.590347 0
0.016933 0
0.195565 0
0.655008 0
0.206006 0
0.055808 0
1.559157 0
0.234413 0
0.154526 0
0.636495 0
0.160122 0
0.888699 0
0.227407 0
0.613891 0
0.062761 0
0.072113 0
0.044806 0
0.374134 0
0.035999 0
0.588123 0
0.425374 0
0.303487 0
0.009911 0
0.673277 0
1.166925 0
0.512826 0
0.091534 0
0.671055 0
0.762737 0
0.557505 0
0.083132 0
0.017396 0
0.440332 0
1.363881 0
0.055491 0
0.664410 0
0.420773 0
0.249863 0
0.733911 0
0.742777 0
0.085124 0
1.212896 0
1.112277 0
0.087079 0
0.962738 0
0.087860 0
0.457298 0
1.265319 0
0.335590 0
0.156211 0
1.386173 0
0.155745 0
0.216944 0
0.414864 0
0.150789 0
0.546920 0
1.966676 0
0.027605 0
0.340119 0
1.196835 0
0.067527 0
0.530977 0
0.383104 0
2.052999 0
0.509810 0
0.069417 0
0.187641 0
0.775413 0
0.012766 0
1.403273 0
0.026793 0
0.122751 0
0.234501 0
0.515269 0
1.437395 0
0.993375 0
0.273735 0
1.383886 0
0.958141 0
0.227202 0
0.675007 0
1.208853 0
0.227569 0
0.192875 0
0.076476 0
0.552846 0
0.313584 0
0.461886 0
0.870426 0
1.827007 0
0.808110 0
1.198164 0
0.419549 0
0.093180 0
0.345449 0
0.070767 0
1.071352 0
0.029713 0
0.348065 0
0.035647 0
0.027135 0
0.228297 0
1.744784 0
0.494185 0
1.423416 0
0.543929 0
0.026162 0
0.111601 0
0.582509 0
0.848656 0
0.334653 0
0.757423 0
0.161655 0
0.732640 0
0.782913 0
0.056821 0
0.073505 0
0.213776 0
0.301233 0
1.006855 0
0.620477 0
0.307322 0
0.956446 0
0.670063 0
0.230476 0
0.485164 0
0.946415 0
0.919177 0
0.640878 0
0.312739 0
0.667963 0
0.014411 0
0.479037 0
1.596269 0
0.470511 0
0.763119 0
0.030798 0
0.264466 0
1.071713 0
0.505906 0
0.115352 0
0.090728 0
0.679342 0
0.668011 0
0.289406 0
0.030302 0
0.512177 0
0.060446 0
0.413139 0
0.041253 0
1.572742 0
0.580723 0
0.009423 0
0.003422 0
0.141546 0
1.462805 0
0.477780 0
0.006109 0
1.259568 0
0.482852 0
0.407720 0
0.703218 0
0.419513 0
0.496637 0
0.033027 0
0.299478 0
0.590292 0
0.068465 0
0.233852 0
0.651799 0
1.370345 0
0.082794 0
0.105308 0
0.297183 0
0.181774 0
0.950517 0
0.399838 0
1.058373 0
1.381809 0
0.181970 0
0.379391 0
0.316626 0
0.590667 0
0.344762 0
0.140497 0
