0.786307 0
1.360459 0
0.706594 0
1.134257 0
0.271013 0
0.700556 0
0.322846 0
0.836533 0
1.490700 0
0.360107 0
0.107270 0
0.378214 0
0.310318 0
0.382945 0
0.286814 0
0.183086 0
1.465188 0
0.157454 0
0.195148 0
0.063427 0
0.255067 0
0.454443 0
0.964650 0
0.196714 0
1.001779 0
0.192861 0
0.037397 0
0.462282 0
0.047048 0
0.100996 0
0.059145 0
1.352493 0
0.164638 0
0.151378 0
0.472160 0
0.089731 0
0.084272 0
0.873023 0
0.542354 0
0.674619 0
0.286813 0
0.642138 0
0.805888 0
0.012601 0
0.136431 0
0.691856 0
0.123154 0
0.866518 0
0.080465 0
0.447586 0
0.027147 0
0.576491 0
0.450814 0
1.135701 0
0.104773 0
0.508499 0
1.463194 0
0.050589 0
0.304395 0
0.018692 0
0.278380 0
0.407423 0
0.163241 0
0.099482 0
0.542363 0
0.461453 0
0.794309 0
0.109994 0
0.231949 0
0.090637 0
1.497179 0
0.715798 0
0.396498 0
0.594713 0
0.779866 0
0.305876 0
0.281990 0
0.336010 0
0.985674 0
0.349706 0
0.906688 0
0.890936 0
0.564885 0
0.221967 0
0.070743 0
0.126819 0
0.464480 0
1.478020 0
1.288508 0
1.146804 0
1.087338 0
0.503159 0
0.062700 0
0.243203 0
0.397307 0
0.348735 0
0.115191 0
0.450211 0
1.236546 0
1.359346 0
0.504711 0
0.664405 0
0.733733 0
0.980938 0
0.258201 0
0.396948 0
0.332215 0
0.607161 0
0.178153 0
0.434920 0
0.081822 0
0.573258 0
0.049307 0
0.136590 0
0.586023 0
1.380754 0
0.265808 0
0.909789 0
0.796603 0
0.368826 0
0.668150 0
0.040568 0
0.169481 0
0.247234 0
0.452641 0
0.109430 0
0.081441 0
0.462003 0
0.126971 0
0.123133 0
0.847779 0
1.728939 0
0.399227 0
0.594548 0
0.083362 0
1.995875 0
0.198824 0
0.118868 0
0.567658 0
0.515579 0
0.028413 0
0.290236 0
0.430120 0
0.184670 0
0.548813 0
0.628760 0
0.026930 0
0.295177 0
0.407448 0
0.253961 0
0.049024 0
1.272064 0
1.024423 0
0.332080 0
0.103539 0
0.064855 0
0.113631 0
1.549993 0
0.096306 0
0.236006 0
0.020442 0
0.964578 0
1.122212 0
0.478387 0
0.168320 0
1.217355 0
0.204209 0
0.013216 0
0.228478 0
0.337451 0
0.047381 0
0.427803 0
1.108078 0
0.758238 0
0.190144 0
0.640365 0
0.197349 0
0.362157 0
1.466518 0
0.594210 0
0.242897 0
0.077545 0
1.383872 0
0.033430 0
1.009956 0
0.475633 0
0.001312 0
0.387993 0
0.775397 0
0.800969 0
0.231578 0
1.000364 0
0.863759 0
0.824863 0
0.713065 0
0.981526 0
0.505401 0
0.131754 0
1.286788 0
0.624125 0
0.234534 0
0.085878 0
0.280802 0
0.452698 0
0.728183 0
0.682447 0
0.581913 0
0.688237 0
0.340207 0
0.080881 0
0.374887 0
1.530930 0
0.716659 0
0.142252 0
0.245649 0
0.056279 0
0.024754 0
0.238828 0
0.331808 0
0.050764 0
0.624154 0
0.130751 0
1.367693 0
0.810453 0
0.540269 0
0.120143 0
0.551210 0
1.534604 0
1.077381 0
0.122368 0
0.262673 0
1.355345 0
0.833012 0
1.379137 0
0.884799 0
0.114000 0
0.228858 0
0.508906 0
0.286198 0
0.075684 0
0.313084 0
0.504189 0
0.978682 0
0.549883 0
0.019489 0
0.926807 0
1.090474 0
0.183827 0
0.378679 0
0.722568 0
0.295217 0
1.059311 0
1.292500 0
0.070034 0
0.170456 0
0.803751 0
0.063046 0
0.490966 0
0.232065 0
0.229485 0
0.597210 0
0.424992 0
0.331440 0
1.166413 0
1.586427 0
0.339875 0
0.741547 0
0.020395 0
0.577033 0
0.216916 0
0.008145 0
0.882222 0
1.427855 0
1.215671 0
1.477804 0
0.614815 0
0.409334 0
0.494053 0
0.292020 0
0.640291 0
1.632052 0
0.236059 0
0.669821 0
0.068288 0
1.365784 0
1.368330 0
0.232438 0
0.212901 0
0.062548 0
0.208057 0
0.629324 0
1.381650 0
0.078684 0
0.045274 0
0.876347 0
0.338286 0
0.541192 0
0.027305 0
0.181585 0
0.206442 0
0.338826 0
0.670015 0
0.081087 0
0.026421 0
0.102835 0
0.531003 0
0.057142 0
0.634958 0
0.977635 0
0.389855 0
0.552931 0
0.449782 0
1.477293 0
0.077865 0
0.623676 0
0.192126 0
1.114818 0
0.281721 0
0.942702 0
1.176038 0
0.061512 0
0.143993 0
0.500167 0
1.368741 0
0.071012 0
0.702198 0
0.045522 0
0.816209 0
0.362215 0
0.534493 0
0.365336 0
0.330370 0
0.750372 0
0.243071 0
0.207431 0
1.106532 0
0.018519 0
0.714695 0
0.520384 0
1.576125 0
0.201255 0
0.200284 0
0.616515 0
0.050001 0
0.442972 0
0.414406 0
0.023099 0
0.786612 0
0.406467 0
0.797806 0
1.064674 0
0.778528 0
1.202844 0
1.064873 0
0.503928 0
0.658355 0
0.372546 0
0.174591 0
0.987004 0
0.872014 0
0.658696 0
1.379955 0
0.509250 0
0.020523 0
0.373149 0
0.003600 0
0.592582 0
0.100306 0
1.528537 0
0.147219 0
0.369768 0
0.345004 0
0.524835 0
0.124128 0
0.196311 0
0.012360 0
0.069568 0
0.379055 0
0.262685 0
0.471185 0
0.182789 0
0.090524 0
0.578848 0
0.249162 0
1.392466 0
0.580383 0
0.337359 0
1.472713 0
0.085702 0
0.203524 0
0.902721 0
0.778825 0
0.352176 0
0.679407 0
0.586947 0
0.482487 0
0.822561 0
0.359927 0
0.319212 0
0.117081 0
0.694336 0
0.620574 0
1.448411 0
0.680928 0
0.258561 0
0.879537 0
0.273194 0
0.880720 0
0.316888 0
0.289928 0
0.690379 0
0.482090 0
0.819246 0
0.320637 0
0.081769 0
0.779432 0
0.149547 0
0.195675 0
0.838264 0
0.159695 0
0.327450 0
1.409152 0
0.722518 0
0.182955 0
0.690311 0
0.077473 0
0.086615 0
0.043568 0
0.628005 0
0.333605 0
0.422748 0
0.832798 0
0.725801 0
0.236985 0
0.115627 0
0.369442 0
0.917110 0
0.200490 0
0.450807 0
0.249497 0
0.405514 0
1.044928 0
0.111240 0
0.682563 0
0.033973 0
1.025106 0
1.690796 0
0.257984 0
0.177305 0
1.017757 0
0.698837 0
0.120249 0
1.405792 0
0.005326 0
1.560348 0
0.066617 0
0.517851 0
1.117037 0
0.104105 0
0.277854 0
0.432922 0
0.595422 0
0.614386 0
0.728978 0
1.478368 0
0.401939 0
0.519583 0
0.504829 0
1.108679 0
0.394153 0
0.249750 0
1.491814 0
0.148735 0
0.053795 0
0.018608 0
0.258909 0
0.012455 0
0.315876 0
0.783598 0
0.073320 0
0.745917 0
1.400795 0
0.122808 0
0.409112 0
0.328190 0
0.239448 0
0.328266 0
0.067861 0
0.558676 0
0.075965 0
0.091156 0
1.422633 0
0.776472 0
0.686467 0
0.219604 0
0.548398 0
0.146765 0
0.104719 0
1.362337 0
0.177592 0
0.178228 0
0.180553 0
0.733585 0
0.026400 0
1.249926 0
0.221615 0
0.552742 0
1.090480 0
0.511823 0
0.928769 0
0.461235 0
0.341019 0
0.376073 0
0.467791 0
0.106229 0
0.887916 0
0.205568 0
0.177631 0
0.134581 0
0.262945 0
0.969557 0
0.307700 0
0.280202 0
0.147114 0
1.042145 0
0.182017 0
0.235842 0
1.178047 0
1.794223 0
0.157562 0
0.653218 0
0.903749 0
0.828392 0
0.042296 0
0.460250 0
0.030112 0
1.106066 0
0.335912 0
0.652790 0
0.245842 0
1.633447 0
0.976019 0
0.400746 0
0.393019 0
0.438403 0
0.172998 0
0.287211 0
0.629942 0
0.308666 0
0.048432 0
0.080515 0
0.293281 0
0.011655 0
0.203503 0
0.351559 0
1.681471 0
0.246163 0
0.807559 0
0.396895 0
0.049431 0
0.156723 0
0.085965 0
0.367004 0
0.090559 0
0.086533 0
0.994459 0
0.300593 0
1.314238 0
0.482196 0
1.212021 0
0.624475 0
1.707469 0
0.194177 0
0.055397 0
0.194686 0
0.118992 0
0.100591 0
0.142498 0
0.012181 0
0.498947 0
0.232302 0
0.416484 0
0.731983 0
0.064981 0
1.616226 0
0.170080 0
0.233789 0
1.360484 0
0.488426 0
0.574952 0
0.884933 0
0.229413 0
0.642993 0
0.136045 0
1.139741 0
0.507172 0
0.240085 0
1.716499 0
0.366155 0
0.090125 0
0.553021 0
0.135068 0
0.259388 0
1.663663 0
0.212948 0
0.336204 0
0.541473 0
0.634437 0
1.430305 0
0.535371 0
0.105562 0
0.669334 0
1.216278 0
0.324777 0
0.837674 0
0.229879 0
0.992406 0
0.348300 0
0.900740 0
0.068479 0
1.498523 0
0.114127 0
0.697557 0
0.285590 0
0.095065 0
0.385673 0
0.520468 0
0.530861 0
0.455712 0
0.155325 0
0.355633 0
0.266624 0
0.217769 0
0.206752 0
1.295423 0
0.261393 0
0.351272 0
0.200157 0
1.109232 0
0.013628 0
0.369848 0
0.668749 0
0.106072 0
0.028471 0
0.208392 0
0.029019 0
0.524217 0
0.199754 0
0.646558 0
0.222170 0
0.015165 0
1.019844 0
0.125161 0
0.044015 0
0.111038 0
0.523230 0
0.832855 0
0.236326 0
1.373682 0
0.289447 0
0.021437 0
0.182197 0
1.389086 0
1.017093 0
0.703175 0
0.337993 0
0.325628 0
0.091499 0
0.110025 0
0.064903 0
0.250397 0
0.055408 0
0.211571 0
0.037421 0
0.380695 0
0.084459 0
0.954113 0
0.650694 0
0.157071 0
1.472307 0
0.062901 0
0.889487 0
0.041364 0
0.068207 0
0.820539 0
0.156186 0
0.005458 0
1.375835 0
0.006668 0
0.434584 0
0.567884 0
0.592667 0
0.639191 0
0.428112 0
0.048570 0
0.438465 0
0.133183 0
0.224853 0
0.135570 0
0.789883 0
0.264326 0
0.227656 0
0.204375 0
0.967300 0
1.331862 0
0.314866 0
0.289997 0
0.366157 0
0.415214 0
1.206864 0
0.664103 0
0.322088 0
0.635139 0
0.897655 0
0.331418 0
0.043491 0
0.226354 0
0.368230 0
0.124238 0
0.694322 0
0.296525 0
0.733359 0
0.954131 0
0.353293 0
0.264835 0
0.086880 0
1.429397 0
0.560843 0
0.022796 0
0.143275 0
0.088612 0
0.065776 0
0.041976 0
0.507041 0
0.029379 0
0.676308 0
1.371069 0
0.325690 0
0.371655 0
0.874333 0
0.394833 0
0.293528 0
0.221875 0
0.733148 0
0.968849 0
0.391270 0
0.640062 0
0.390817 0
1.433228 0
0.720250 0
0.100235 0
0.935984 0
0.134299 0
0.114401 0
1.404601 0
0.723240 0
0.165956 0
1.042305 0
0.040683 0
0.051330 0
0.345491 0
0.824645 0
0.093573 0
1.086227 0
0.422817 0
0.694715 0
0.355272 0
1.021495 0
0.538350 0
0.422354 0
0.265453 0
0.153183 0
0.789010 0
0.114736 0
0.033370 0
0.180828 0
0.914910 0
0.719782 0
0.531211 0
0.107857 0
0.110221 0
0.670172 0
0.058214 0
0.367319 0
0.153148 0
0.206602 0
0.476317 0
0.666642 0
0.541231 0
2.153490 0
0.285858 0
0.264186 0
0.649519 0
0.041995 0
0.471204 0
0.244255 0
0.448548 0
0.182314 0
0.405823 0
1.641722 0
0.167839 0
0.192140 0
0.369860 0
1.400880 0
0.611751 0
0.249425 0
0.269511 0
0.168523 0
1.304462 0
0.275819 0
1.066582 0
0.192779 0
0.523715 0
0.397807 0
0.159367 0
0.589134 0
0.050212 0
0.706431 0
0.651060 0
0.193730 0
0.188570 0
0.042836 0
0.732117 0
0.147811 0
0.298541 0
0.414715 0
0.536214 0
0.182783 0
0.596625 0
0.235888 0
1.274463 0
0.336207 0
0.494188 0
0.203243 0
0.243125 0
1.052504 0
0.141941 0
0.259180 0
0.447117 0
0.119238 0
0.659549 0
0.004842 0
0.248676 0
1.337492 0
0.588248 0
0.339650 0
0.324376 0
0.069120 0
1.011792 0
0.300204 0
1.467715 0
0.112401 0
0.863058 0
1.408068 0
0.747437 0
0.585977 0
0.893477 0
0.048705 0
1.208434 0
0.260659 0
0.948023 0
0.153074 0
0.314539 0
0.069895 0
0.043254 0
0.145977 0
0.066570 0
0.655794 0
0.012469 0
0.086953 0
1.232591 0
0.093118 0
0.489754 0
0.290502 0
1.244862 0
0.148370 0
0.348488 0
0.436898 0
0.853391 0
0.253688 0
0.066434 0
0.071247 0
0.083396 0
0.123000 0
0.030516 0
1.007283 0
0.002801 0
0.326066 0
0.624345 0
0.657150 0
1.139576 0
1.098254 0
0.641028 0
0.203959 0
0.321974 0
0.985086 0
0.310165 0
0.170309 0
0.564310 0
1.059809 0
0.573178 0
0.679862 0
0.342940 0
1.339744 0
0.361133 0
0.322080 0
0.538162 0
0.333323 0
0.676358 0
0.109965 0
0.182597 0
0.275738 0
0.110872 0
0.248988 0
1.150243 0
0.355898 0
0.904885 0
0.141421 0
0.379616 0
0.250351 0
0.082522 0
1.449921 0
0.115175 0
0.017823 0
1.306498 0
0.247695 0
0.241270 0
0.130854 0
0.278001 0
0.190392 0
0.398137 0
0.909036 0
0.026481 0
0.616155 0
0.445072 0
0.232683 0
0.056375 0
0.632393 0
0.294291 0
0.365911 0
0.343855 0
0.376326 0
0.127056 0
0.579889 0
0.289892 0
0.158622 0
0.289910 0
0.494885 0
0.855343 0
0.127183 0
1.308496 0
0.594301 0
0.711925 0
0.325514 0
0.415637 0
0.134055 0
0.853323 0
1.447185 0
0.814894 0
1.397309 0
0.672349 0
0.168526 0
0.829970 0
0.047297 0
0.633907 0
0.269118 0
0.051235 0
0.922724 0
0.152802 0
0.122172 0
1.480719 0
0.014066 0
0.406670 0
0.368254 0
1.551399 0
0.097584 0
0.540146 0
0.212075 0
0.071563 0
0.424200 0
0.443492 0
0.138476 0
1.124452 0
0.258826 0
0.095434 0
0.339123 0
0.011008 0
0.875249 0
1.259417 0
0.084599 0
0.735910 0
0.462564 0
0.342406 0
0.072840 0
0.674128 0
0.313229 0
0.011396 0
0.472725 0
0.286704 0
0.055196 0
0.026841 0
0.126328 0
0.836062 0
0.605422 0
0.876258 0
1.472999 0
0.164517 0
0.240524 0
0.178193 0
0.283363 0
0.903895 0
0.194167 0
0.098130 0
0.064961 0
0.423978 0
0.815555 0
0.224169 0
0.476442 0
0.595893 0
0.678912 0
0.446350 0
0.065226 0
1.204146 0
2.181209 0
0.239574 0
0.789556 0
0.452653 0
0.415417 0
1.515256 0
0.790555 0
0.407904 0
0.301850 0
0.751480 0
0.071032 0
0.061020 0
0.084639 0
0.072691 0
0.283024 0
0.711659 0
0.625078 0
0.217507 0
0.356261 0
0.317246 0
0.581489 0
0.402372 0
0.043006 0
0.577348 0
0.122691 0
1.023427 0
0.544594 0
0.774363 0
1.093955 0
0.089344 0
1.026391 0
0.131240 0
0.542785 0
0.617861 0
0.876038 0
0.209485 0
0.220142 0
0.008619 0
1.513803 0
0.556073 0
0.307891 0
0.411051 0
0.516947 0
0.005052 0
0.036484 0
0.840463 0
0.355269 0
0.218398 0
0.019459 0
0.159710 0
0.158225 0
0.388948 0
0.089599 0
0.089663 0
0.329193 0
1.210232 0
0.922842 0
0.393608 0
0.731342 0
1.128236 0
0.124705 0
0.268306 0
0.433252 0
0.170640 0
0.063042 0
0.078904 0
0.185165 0
0.035904 0
0.020156 0
0.434601 0
0.078947 0
0.274939 0
0.247319 0
0.337067 0
0.489306 0
0.167754 0
0.279983 0
1.242328 0
0.080725 0
0.515573 0
0.025369 0
0.030319 0
0.229242 0
0.839475 0
1.366979 0
0.092898 0
0.187572 0
1.003344 0
1.060256 0
0.016126 0
1.429375 0
0.444036 0
0.775022 0
0.730942 0
0.227639 0
0.356594 0
0.129009 0
0.520856 0
1.385539 0
0.315030 0
0.202220 0
0.027424 0
1.422285 0
1.145943 0
0.078736 0
0.208068 0
0.264124 0
0.285806 0
0.512950 0
0.263363 0
0.855321 0
0.074519 0
0.237671 0
0.105700 0
0.181761 0
0.084249 0
0.071266 0
0.645846 0
0.435196 0
0.078162 0
0.057767 0
0.071115 0
0.038637 0
0.013006 0
0.215515 0
0.522762 0
0.699088 0
0.046470 0
0.062910 0
0.828764 0
0.391329 0
1.103195 0
0.243921 0
0.495928 0
0.141827 0
0.602532 0
0.318874 0
0.031154 0
0.047384 0
0.040924 0
0.202257 0
0.988811 0
0.223598 0
0.164160 0
1.121956 0
0.560403 0
1.438880 0
0.562909 0
0.028020 0
0.285088 0
0.518531 0
1.402641 0
0.691206 0
0.382389 0
0.157534 0
0.811058 0
0.378597 0
0.221734 0
0.643889 0
0.512011 0
0.410773 0
0.225721 0
0.100605 0
0.114743 0
0.170588 0
0.317094 0
0.158811 0
0.039637 0
1.545434 0
0.330228 0
0.887569 0
0.544481 0
1.385211 0
2.386327 0
0.581725 0
0.457079 0
0.186233 0
0.994705 0
0.100687 0
1.273357 0
0.508777 0
0.831597 0
0.301373 0
0.520243 0
0.080588 0
0.259495 0
0.242704 0
0.229353 0
0.079488 0
0.512615 0
0.101916 0
0.478229 0
0.589195 0
1.549656 0
1.911268 0
1.718143 0
0.340959 0
1.268284 0
0.101903 0
0.236919 0
0.025113 0
0.594999 0
1.118673 0
0.298820 0
0.306113 0
0.939921 0
0.059923 0
0.310978 0
1.158180 0
0.195442 0
0.375227 0
0.675485 0
1.380048 0
0.372796 0
0.122430 0
0.782042 0
1.438676 0
0.244721 0
0.480872 0
0.244744 0
0.559697 0
0.181894 0
0.335892 0
0.285664 0
0.331206 0
0.247892 0
1.226123 0
0.790930 0
0.271020 0
0.158605 0
0.012683 0
0.758462 0
0.045247 0
1.509637 0
0.262755 0
0.006726 0
0.461491 0
0.641434 0
1.492791 0
1.372196 0
0.150090 0
0.424983 0
0.192416 0
0.144042 0
0.251132 0
0.418561 0
0.061525 0
0.242046 0
1.056719 0
0.018349 0
0.094884 0
0.983812 0
0.139786 0
1.547949 0
0.064956 0
0.031962 0
0.858507 0
0.015656 0
0.097168 0
0.188600 0
0.141408 0
0.716157 0
0.080837 0
1.569394 0
0.446853 0
0.218442 0
0.704346 0
0.919362 0
1.053127 0
0.819909 0
1.017783 0
0.299212 0
0.886208 0
0.199293 0
0.863975 0
1.422550 0
0.004119 0
0.780649 0
0.406086 0
0.574139 0
0.231754 0
0.618639 0
0.782348 0
1.872042 0
0.613088 0
0.645803 0
0.486945 0
0.391686 0
0.284647 0
0.323042 0
0.166042 0
0.304957 0
0.382299 0
1.119824 0
1.441440 0
0.032429 0
0.254696 0
0.453760 0
0.039877 0
1.081065 0
0.071968 0
0.114306 0
0.267947 0
0.778928 0
0.513213 0
0.887114 0
0.157967 0
0.327992 0
0.407813 0
1.022325 0
0.447590 0
0.557590 0
0.977501 0
0.042375 0
0.131968 0
0.870666 0
0.520412 0
0.305798 0
1.561763 0
1.473473 0
0.755559 0
0.349518 0
0.737447 0
0.357785 0
0.191236 0
0.118444 0
1.048502 0
1.559661 0
0.081810 0
0.332349 0
0.385751 0
0.345654 0
0.182788 0
0.008402 0
0.137124 0
1.615033 0
0.049552 0
0.156915 0
1.167561 0
0.087762 0
0.174866 0
0.297998 0
0.086433 0
1.480958 0
1.246045 0
0.394701 0
0.204781 0
0.290092 0
0.009137 0
0.633815 0
1.031899 0
0.172966 0
0.265452 0
1.375139 0
0.028261 0
0.821359 0
0.464273 0
0.862815 0
0.334033 0
0.220548 0
0.166499 0
1.034768 0
1.135726 0
0.037184 0
2.016110 0
0.089663 0
0.166241 0
0.311425 0
0.958272 0
0.335705 0
0.251073 0
0.561026 0
0.481267 0
1.282403 0
0.742638 0
0.320169 0
0.045135 0
0.256851 0
1.429852 0
0.139711 0
0.046871 0
0.440097 0
0.320877 0
1.722735 0
0.330494 0
0.316693 0
0.299121 0
0.980491 0
0.708157 0
0.503878 0
0.284057 0
0.292397 0
0.569567 0
0.991997 0
0.501489 0
0.133648 0
1.577577 0
0.425949 0
0.359829 0
0.382238 0
0.081259 0
0.283096 0
0.246876 0
1.684871 0
0.282814 0
1.544258 0
0.402169 0
0.718730 0
0.985961 0
0.987382 0
0.692684 0
1.005298 0
0.151035 0
0.564375 0
0.118374 0
0.672079 0
2.167062 0
1.496791 0
1.034217 0
0.951070 0
1.680565 0
1.002609 0
0.108669 0
0.144176 0
0.138596 0
0.656553 0
0.857885 0
0.536758 0
0.145843 0
0.147335 0
0.617717 0
0.414876 0
1.103076 0
0.552124 0
0.641390 0
0.728915 0
0.999466 0
0.230692 0
1.184356 0
0.377540 0
0.640134 0
0.528198 0
0.606700 0
0.115146 0
1.340441 0
0.561471 0
0.296295 0
0.280008 0
0.335397 0
0.503634 0
1.332581 0
0.156872 0
0.849983 0
1.483366 0
0.419644 0
0.202353 0
1.573976 0
0.337041 0
1.306589 0
0.212838 0
0.566330 0
0.081073 0
0.286598 0
0.039691 0
0.830294 0
0.115930 0
0.265023 0
0.513120 0
0.153014 0
1.198411 0
0.084941 0
0.046848 0
0.499425 0
0.025953 0
0.251943 0
0.227275 0
0.327173 0
0.927169 0
1.301785 0
0.447224 0
1.402294 0
0.339664 0
0.992157 0
1.283511 0
1.173946 0
0.387417 0
1.050568 0
1.152782 0
0.360373 0
0.922663 0
1.360547 0
0.160684 0
0.819886 0
0.791430 0
0.300233 0
0.195902 0
0.336683 0
0.222455 0
0.279670 0
0.640828 0
0.752902 0
0.256231 0
1.182057 0
0.297261 0
0.051856 0
0.506864 0
0.074154 0
0.245590 0
0.163945 0
0.070939 0
0.939387 0
0.205550 0
0.164332 0
0.169817 0
0.291086 0
0.052085 0
0.143893 0
0.143503 0
0.692443 0
0.767505 0
0.072325 0
0.111127 0
0.308462 0
0.289311 0
1.068717 0
1.159714 0
0.576573 0
0.082857 0
0.859326 0
0.643737 0
1.354186 0
0.633438 0
0.238488 0
0.186788 0
0.094358 0
0.019678 0
0.427009 0
0.516316 0
0.514022 0
0.011662 0
0.142449 0
0.380056 0
0.039217 0
0.069243 0
0.285208 0
0.185921 0
1.128091 0
0.832568 0
0.511314 0
0.780104 0
0.257449 0
0.717508 0
0.209396 0
0.425268 0
0.352675 0
0.086041 0
0.219790 0
0.476962 0
0.218035 0
0.391837 0
0.439111 0
0.048892 0
0.513195 0
0.085371 0
0.117184 0
0.529294 0
0.393158 0
0.825282 0
0.176014 0
0.048846 0
0.467698 0
0.461986 0
0.172789 0
0.152104 0
1.537772 0
0.585941 0
0.660544 0
0.412365 0
0.150493 0
0.719521 0
0.280699 0
0.131255 0
0.168365 0
0.553288 0
0.111702 0
0.225376 0
1.673809 0
0.941055 0
0.212491 0
0.692537 0
0.876078 0
0.656126 0
1.266095 0
0.351823 0
0.069012 0
0.269491 0
0.614261 0
0.685043 0
0.795659 0
0.824643 0
0.245356 0
0.061316 0
0.459042 0
0.150259 0
0.239493 0
0.010931 0
0.169304 0
0.613095 0
0.860068 0
0.746861 0
0.109390 0
0.593942 0
0.190365 0
0.132480 0
1.133155 0
0.097700 0
0.115270 0
0.523063 0
0.759428 0
0.469558 0
0.074248 0
1.098383 0
0.053820 0
0.015917 0
0.324796 0
0.274081 0
0.339483 0
0.864150 0
0.372237 0
0.236037 0
0.047661 0
0.208191 0
0.623603 0
0.137217 0
0.991670 0
1.458931 0
1.447083 0
1.129462 0
1.114702 0
0.517853 0
0.111945 0
0.010533 0
0.505188 0
0.843479 0
0.083113 0
0.442063 0
0.947881 0
0.954032 0
0.090049 0
0.168207 0
0.048467 0
0.173373 0
0.676672 0
0.542623 0
1.307371 0
1.562050 0
0.613010 0
0.509302 0
0.817887 0
0.226019 0
0.053131 0
0.099304 0
0.284676 0
0.488233 0
0.004951 0
0.337413 0
0.291318 0
0.100872 0
0.293634 0
1.516277 0
0.611743 0
0.602539 0
0.149771 0
0.839187 0
0.844676 0
0.264118 0
0.283639 0
0.493397 0
0.098029 0
1.440752 0
0.488533 0
0.313674 0
0.262368 0
0.258154 0
0.674905 0
0.669687 0
1.005231 0
0.653725 0
0.369048 0
0.105013 0
0.134770 0
0.442940 0
0.631621 0
0.257948 0
0.294662 0
0.787405 0
0.020960 0
0.049121 0
0.248719 0
0.666773 0
1.384320 0
0.316980 0
0.044014 0
0.018262 0
0.007516 0
0.081532 0
1.044908 0
0.134914 0
0.229321 0
0.009691 0
0.416981 0
0.095929 0
0.331465 0
0.099254 0
0.061135 0
0.203052 0
0.532443 0
1.430005 0
0.258120 0
0.775407 0
0.063906 0
0.105964 0
0.123364 0
0.562057 0
0.697690 0
0.205419 0
0.738100 0
0.498389 0
0.132800 0
0.183343 0
0.883197 0
0.981187 0
0.677376 0
0.847031 0
0.258444 0
0.767998 0
0.349907 0
0.025405 0
0.704263 0
0.084127 0
0.326349 0
0.671713 0
0.023596 0
0.373346 0
1.221479 0
0.801684 0
0.575082 0
0.216483 0
0.318817 0
0.771379 0
0.542034 0
0.888671 0
0.212515 0
0.249912 0
0.987684 0
0.908296 0
1.091755 0
1.070874 0
0.235580 0
0.591714 0
0.196772 0
0.107665 0
0.393640 0
1.191561 0
0.047742 0
0.848919 0
0.518596 0
0.394170 0
0.208531 0
0.215588 0
0.150724 0
0.517906 0
0.178115 0
0.275809 0
0.571022 0
0.210496 0
0.102641 0
0.346609 0
0.631806 0
0.364149 0
0.071927 0
1.037839 0
0.174077 0
0.255799 0
0.549777 0
0.410795 0
0.286996 0
0.154910 0
1.514651 0
1.314702 0
0.068784 0
1.613107 0
1.420295 0
0.136517 0
0.981957 0
0.093243 0
0.037361 0
0.889261 0
0.261213 0
1.114354 0
0.023345 0
0.184858 0
0.161265 0
0.217911 0
1.719779 0
0.628041 0
0.211188 0
0.068133 0
0.072169 0
0.243068 0
1.111343 0
0.361967 0
0.696340 0
0.128170 0
0.117266 0
0.797345 0
1.298388 0
0.706117 0
1.201857 0
0.179392 0
0.303260 0
0.259872 0
0.644533 0
0.050271 0
0.026313 0
1.427529 0
0.692817 0
0.064405 0
0.104842 0
0.062948 0
0.182858 0
1.107067 0
0.098640 0
0.425928 0
0.239027 0
0.814940 0
0.303931 0
0.213678 0
0.344144 0
1.229420 0
0.591038 0
0.019380 0
1.499563 0
0.190440 0
0.314410 0
1.532132 0
0.331486 0
0.257099 0
0.730853 0
0.405931 0
0.116527 0
0.976409 0
0.413078 0
0.108498 0
0.550139 0
0.273335 0
0.257753 0
0.230138 0
0.338068 0
0.077751 0
0.049302 0
0.030172 0
0.364748 0
1.489462 0
1.166378 0
0.132769 0
0.042535 0
0.606338 0
0.888600 0
0.840657 0
0.659157 0
1.432954 0
0.593408 0
0.065224 0
0.435958 0
0.307885 0
0.997708 0
0.021462 0
1.048295 0
0.139855 0
1.753910 0
1.429278 0
0.697857 0
0.414001 0
0.325179 0
0.131970 0
0.069054 0
0.292703 0
0.022336 0
0.185454 0
0.120590 0
0.810213 0
0.238188 0
0.022620 0
1.340804 0
0.521470 0
0.157374 0
0.588389 0
1.142538 0
0.889179 0
0.696021 0
1.533367 0
1.372970 0
0.950921 0
0.308833 0
0.404122 0
0.266470 0
0.798463 0
0.760380 0
0.345987 0
1.403817 0
0.037209 0
0.172691 0
0.030478 0
0.164667 0
0.707451 0
0.697897 0
0.516983 0
0.984361 0
0.891582 0
0.880568 0
0.036523 0
0.160841 0
0.475109 0
0.794738 0
0.653185 0
0.172389 0
0.016097 0
0.544662 0
0.080172 0
0.250066 0
0.232542 0
0.443411 0
0.135156 0
0.137356 0
0.150710 0
0.368647 0
0.418656 0
1.552949 0
0.165470 0
0.551169 0
1.681440 0
0.557353 0
0.296189 0
0.423343 0
0.106097 0
1.695406 0
1.473228 0
0.503302 0
0.336094 0
0.277475 0
0.974344 0
0.539439 0
0.787986 0
0.156591 0
0.975937 0
1.120624 0
0.671344 0
0.523986 0
0.822841 0
0.376889 0
0.462683 0
0.661786 0
0.127595 0
0.450181 0
0.268790 0
0.280269 0
0.119443 0
0.248251 0
0.072524 0
0.307441 0
0.381784 0
1.074822 0
0.098273 0
0.450864 0
0.390108 0
0.051967 0
0.889722 0
0.088682 0
0.131556 0
0.047805 0
0.264323 0
0.066741 0
0.427554 0
0.362227 0
0.723456 0
0.619663 0
0.071671 0
1.373505 0
0.710345 0
1.017478 0
0.108395 0
0.277110 0
0.173680 0
0.170105 0
0.100038 0
0.113638 0
0.814752 0
1.364281 0
0.327129 0
0.041331 0
0.795674 0
0.621642 0
0.467860 0
0.746444 0
0.130698 0
0.249620 0
0.151633 0
0.225495 0
0.184694 0
0.938505 0
0.264276 0
0.825942 0
0.056693 0
0.629709 0
0.412032 0
0.203016 0
0.232549 0
0.395684 0
0.293448 0
0.504337 0
0.224604 0
0.404545 0
0.834877 0
0.889323 0
0.646966 0
0.251014 0
0.148947 0
0.467886 0
0.673637 0
0.055860 0
0.079740 0
0.838502 0
0.151750 0
0.866605 0
0.099690 0
0.056209 0
0.613151 0
0.047547 0
0.754371 0
0.613995 0
0.197032 0
0.070606 0
1.312171 0
0.090168 0
0.650487 0
0.477181 0
1.309298 0
0.293601 0
0.102762 0
0.025771 0
1.010794 0
0.128835 0
0.038875 0
0.269458 0
0.214481 0
1.121693 0
0.952935 0
0.255697 0
0.260261 0
0.365636 0
0.610532 0
0.367170 0
0.181677 0
0.262957 0
0.873496 0
0.515681 0
0.304284 0
0.827465 0
0.780632 0
0.083164 0
0.065986 0
0.155468 0
0.129929 0
0.700410 0
0.125920 0
0.913891 0
1.007942 0
1.308555 0
0.481297 0
0.546447 0
0.424571 0
1.009345 0
0.132925 0
0.985554 0
0.012781 0
0.023960 0
0.081509 0
0.332382 0
0.276741 0
0.627294 0
0.104751 0
0.192500 0
0.015688 0
1.080427 0
0.721147 0
0.315509 0
0.137069 0
0.371479 0
0.359637 0
0.403570 0
1.151911 0
0.527091 0
0.116404 0
0.058107 0
0.216481 0
0.339722 0
0.504515 0
0.023601 0
0.697244 0
1.548703 0
0.333265 0
0.046607 0
0.558731 0
0.038430 0
0.229477 0
1.549069 0
0.066911 0
0.334347 0
0.178250 0
0.210075 0
0.095183 0
0.086604 0
0.307717 0
0.414195 0
0.887228 0
0.100215 0
0.093707 0
0.401792 0
0.413529 0
0.987976 0
0.050427 0
1.068836 0
0.255751 0
0.393376 0
0.113273 0
0.120463 0
1.164475 0
1.432949 0
1.156172 0
0.107059 0
0.732642 0
0.316645 0
0.395977 0
0.730568 0
1.659267 0
0.048488 0
1.492831 0
0.513291 0
0.505936 0
0.658150 0
0.199137 0
0.603457 0
0.545121 0
0.130740 0
0.301799 0
1.763069 0
1.008910 0
0.316547 0
0.655209 0
0.982275 0
0.222140 0
0.814945 0
0.687800 0
0.196636 0
1.096150 0
0.638938 0
0.123397 0
0.096123 0
0.223203 0
0.065550 0
0.335542 0
0.470307 0
0.417980 0
1.349248 0
0.146589 0
0.357125 0
0.051147 0
0.744606 0
0.849361 0
0.406778 0
1.419165 0
0.243273 0
0.233292 0
0.614942 0
0.080721 0
0.851630 0
0.980197 0
0.388239 0
0.583314 0
0.260197 0
0.077475 0
0.577314 0
1.455771 0
0.109196 0
1.081471 0
0.581258 0
0.558618 0
1.552816 0
0.020841 0
0.295214 0
0.012209 0
0.038730 0
0.305148 0
0.266147 0
0.669248 0
0.103987 0
2.010598 0
0.616393 0
0.071022 0
0.629314 0
0.114029 0
0.924925 0
0.337775 0
0.176863 0
0.278504 0
0.211136 0
0.261383 0
0.557950 0
0.578430 0
0.507192 0
0.599530 0
0.273920 0
1.230343 0
0.942012 0
0.802177 0
0.100692 0
0.618269 0
0.155906 0
0.924423 0
0.320477 0
0.308080 0
0.177782 0
0.940737 0
0.531631 0
0.525902 0
0.109689 0
0.157972 0
0.341721 0
0.212302 0
0.262584 0
0.062181 0
1.201233 0
0.272126 0
0.171468 0
0.022696 0
0.325686 0
0.249318 0
0.693278 0
0.628638 0
0.585433 0
1.258570 0
0.180063 0
0.683751 0
0.437543 0
0.243637 0
0.374491 0
0.120656 0
1.624078 0
0.345228 0
0.042790 0
0.317624 0
0.597005 0
0.360091 0
0.493799 0
0.323643 0
0.801554 0
0.317232 0
1.432288 0
0.348345 0
0.222826 0
0.864283 0
0.808661 0
0.108586 0
0.381648 0
0.042805 0
0.183227 0
1.137718 0
0.032253 0
0.444012 0
1.774366 0
0.441790 0
0.027414 0
0.113679 0
0.319569 0
0.169029 0
0.095074 0
0.662490 0
0.152331 0
0.454852 0
0.590887 0
0.031401 0
0.399432 0
0.039899 0
0.207279 0
1.240210 0
0.776382 0
0.099476 0
0.458428 0
0.009882 0
0.702107 0
0.412300 0
0.427736 0
0.338092 0
1.398828 0
0.439560 0
0.559133 0
0.690848 0
0.513658 0
0.778179 0
0.991061 0
0.154032 0
0.160375 0
0.039227 0
0.190138 0
0.431476 0
0.133753 0
0.077864 0
0.960383 0
0.531273 0
0.426829 0
0.045904 0
0.651144 0
0.050287 0
0.935785 0
0.213227 0
0.228961 0
0.001498 0
1.259942 0
0.827091 0
1.188084 0
0.048674 0
0.351368 0
0.368368 0
0.002590 0
0.061906 0
0.361201 0
0.687148 0
0.203345 0
0.087818 0
0.823582 0
0.195065 0
0.109618 0
0.217116 0
1.869861 0
1.753275 0
1.510182 0
0.750173 0
1.410624 0
0.353950 0
0.107970 0
0.125888 0
0.666348 0
0.506308 0
0.804664 0
0.738851 0
0.877700 0
0.668631 0
0.756423 0
0.083262 0
0.064766 0
0.146133 0
0.171929 0
0.148541 0
1.492269 0
1.524339 0
0.062500 0
0.233517 0
0.110065 0
0.181912 0
0.672913 0
0.924694 0
0.287235 0
0.783607 0
0.888660 0
0.259396 0
1.280470 0
0.423584 0
0.451035 0
0.612369 0
0.699869 0
0.208098 0
0.320073 0
1.538765 0
1.257690 0
0.444335 0
0.300122 0
0.054675 0
1.130280 0
0.008891 0
0.702063 0
0.362634 0
0.167899 0
1.470408 0
0.262802 0
0.308968 0
1.370820 0
0.621607 0
1.331727 0
1.545557 0
0.247502 0
0.476563 0
0.249961 0
0.721231 0
1.699739 0
0.420219 0
0.136298 0
0.293934 0
0.008436 0
0.191444 0
0.388309 0
0.625150 0
0.452603 0
0.287456 0
0.083197 0
0.381912 0
0.172948 0
0.126349 0
0.150511 0
0.303580 0
0.638283 0
0.024563 0
0.087955 0
0.057898 0
0.247103 0
0.198697 0
0.647184 0
0.348269 0
0.208360 0
0.678208 0
0.638853 0
0.789814 0
0.363330 0
0.023037 0
0.078804 0
0.366113 0
0.783014 0
0.529381 0
0.371087 0
0.662017 0
0.081308 0
0.963124 0
0.257619 0
0.466687 0
0.024469 0
0.358310 0
0.041753 0
0.082062 0
0.601568 0
0.155500 0
0.266675 0
0.530365 0
1.521376 0
0.224367 0
1.137970 0
0.724876 0
1.105908 0
0.284602 0
2.288804 0
1.277409 0
0.401986 0
0.381680 0
1.393702 0
0.711966 0
0.289232 0
0.403571 0
0.106846 0
0.197432 0
0.049615 0
0.090384 0
0.333032 0
0.067343 0
1.171546 0
0.905686 0
0.832257 0
0.048025 0
0.460393 0
0.438745 0
0.885339 0
0.416930 0
0.910562 0
0.098656 0
0.273948 0
0.115313 0
0.697649 0
0.472833 0
0.221641 0
0.053174 0
0.127075 0
0.329365 0
0.468837 0
0.086957 0
0.457005 0
0.757669 0
0.398323 0
0.176153 0
0.030749 0
0.604077 0
0.350924 0
0.192265 0
1.486055 0
0.218062 0
0.188064 0
0.345139 0
0.456594 0
0.273478 0
0.104219 0
0.166792 0
1.511045 0
0.448407 0
0.905230 0
0.341337 0
0.282328 0
0.774569 0
0.303595 0
0.685987 0
1.438819 0
0.870055 0
0.133921 0
0.359270 0
0.333976 0
0.054392 0
0.122461 0
0.222302 0
0.203415 0
1.143968 0
0.489592 0
0.362069 0
0.726245 0
0.896086 0
0.543376 0
0.619291 0
0.032492 0
0.745106 0
0.781030 0
0.647452 0
0.607413 0
0.080709 0
1.083612 0
0.950510 0
0.437179 0
0.590341 0
0.746453 0
0.266193 0
0.010503 0
0.027353 0
0.517476 0
0.222979 0
1.361763 0
1.054294 0
0.120368 0
0.080756 0
0.572183 0
0.353915 0
0.488780 0
0.428967 0
1.051012 0
0.197516 0
0.547416 0
1.402707 0
0.060981 0
0.260740 0
0.029487 0
0.454464 0
0.016683 0
1.317381 0
0.101005 0
1.012463 0
1.430990 0
0.079685 0
0.351472 0
1.367278 0
0.104859 0
0.607618 0
0.209084 0
0.357808 0
0.051603 0
1.494056 0
0.183380 0
1.608072 0
0.561520 0
0.908252 0
0.924201 0
0.468003 0
0.632735 0
0.395434 0
0.311693 0
0.120035 0
1.500250 0
0.558642 0
0.183016 0
0.691736 0
0.208159 0
0.417206 0
0.008379 0
0.026894 0
0.407205 0
1.564016 0
0.011812 0
0.202444 0
0.728797 0
0.131819 0
0.009979 0
0.137773 0
1.599128 0
0.379170 0
0.859501 0
0.221961 0
0.345428 0
1.027183 0
0.127454 0
0.528777 0
0.408278 0
0.192293 0
0.197052 0
1.288455 0
0.021592 0
0.099518 0
0.762066 0
0.145556 0
0.056803 0
0.355933 0
0.431232 0
1.577897 0
1.625913 0
0.635506 0
0.190065 0
0.596775 0
0.587321 0
0.077094 0
0.930159 0
0.258019 0
1.301747 0
0.471955 0
0.546732 0
0.042609 0
0.478270 0
0.109324 0
0.648595 0
0.459861 0
0.685232 0
0.380625 0
0.265472 0
0.273582 0
0.824217 0
0.485740 0
0.755286 0
0.881745 0
0.134343 0
0.661830 0
0.392681 0
0.231602 0
0.068477 0
0.908255 0
0.049254 0
0.172417 0
0.669132 0
1.332697 0
0.788201 0
0.592663 0
0.179690 0
0.318185 0
0.058924 0
1.888837 0
0.091032 0
0.448328 0
0.355700 0
0.014360 0
0.350070 0
0.266052 0
0.553492 0
0.435924 0
0.420462 0
1.417708 0
0.320086 0
0.289624 0
0.889445 0
0.008406 0
0.222160 0
0.108189 0
0.209050 0
0.439542 0
1.024229 0
1.054567 0
0.404794 0
0.243225 0
0.469106 0
1.528453 0
0.185807 0
1.176998 0
0.703438 0
0.112737 0
0.028273 0
0.057738 0
0.277096 0
0.068674 0
0.276066 0
0.141086 0
0.170241 0
0.344164 0
0.461814 0
1.004907 0
0.107449 0
1.177325 0
0.877917 0
0.233541 0
0.674410 0
0.688157 0
0.565002 0
0.633397 0
0.496895 0
0.032237 0
0.183924 0
0.203300 0
1.114318 0
0.631688 0
0.848565 0
0.293380 0
0.641368 0
0.217063 0
1.449679 0
0.000778 0
0.778703 0
0.130450 0
0.861019 0
0.346941 0
1.634724 0
0.724076 0
0.625142 0
0.382648 0
0.691086 0
1.729895 0
0.507656 0
0.689464 0
0.459682 0
1.625869 0
0.123090 0
1.381784 0
0.982756 0
0.800396 0
1.378725 0
0.638644 0
0.131387 0
1.177512 0
0.110765 0
0.128169 0
0.583574 0
0.331802 0
0.048935 0
0.528784 0
0.675654 0
1.117128 0
1.558504 0
1.421303 0
0.111808 0
0.436520 0
0.480869 0
0.330893 0
0.311342 0
0.016508 0
0.945961 0
0.646694 0
0.213198 0
0.754383 0
1.061013 0
1.089130 0
1.653693 0
0.118220 0
0.720561 0
0.381902 0
0.273025 0
0.125581 0
0.336325 0
0.097534 0
0.987275 0
0.736190 0
0.070418 0
0.161632 0
0.097577 0
0.690662 0
1.378426 0
0.011667 0
0.562509 0
0.167629 0
0.296733 0
0.885325 0
0.142470 0
1.450609 0
0.077309 0
0.676209 0
1.164107 0
0.212693 0
0.139330 0
0.583861 0
0.657174 0
0.670923 0
1.075461 0
1.666296 0
0.319210 0
0.375659 0
0.124095 0
0.052178 0
0.664135 0
0.581359 0
0.267229 0
0.318456 0
0.252745 0
0.358767 0
1.641176 0
0.777644 0
0.532877 0
0.485662 0
1.204551 0
1.093346 0
1.894880 0
1.544305 0
0.754808 0
1.459497 0
0.743379 0
0.251561 0
0.627141 0
0.183264 0
0.611512 0
0.198056 0
0.137212 0
0.072536 0
0.378073 0
1.042292 0
0.793395 0
0.249757 0
0.311826 0
0.121856 0
0.212501 0
0.559078 0
0.380096 0
0.168249 0
0.389906 0
1.028824 0
0.251691 0
0.265705 0
0.276057 0
0.344992 0
1.729807 0
0.426342 0
0.669768 0
0.120743 0
1.170327 0
0.528952 0
1.151942 0
0.542575 0
0.063561 0
0.684491 0
0.014751 0
0.486127 0
1.533397 0
1.238199 0
1.515097 0
0.835313 0
1.179245 0
0.244541 0
1.092723 0
0.143718 0
0.040099 0
0.446957 0
0.206069 0
0.588957 0
0.888786 0
0.305148 0
0.783090 0
0.047055 0
0.752953 0
0.062607 0
0.820319 0
0.272335 0
0.368025 0
0.295804 0
0.076143 0
0.719638 0
0.974844 0
0.486995 0
0.487470 0
1.332380 0
0.081321 0
0.028699 0
0.039737 0
1.296080 0
0.113348 0
0.180744 0
0.110953 0
0.022503 0
1.405550 0
0.651278 0
0.472078 0
0.612198 0
0.218276 0
0.229870 0
0.216329 0
0.292444 0
0.370910 0
1.492077 0
1.742435 0
0.142434 0
1.514432 0
0.028016 0
0.243726 0
0.959902 0
0.491315 0
0.936842 0
0.069565 0
0.876736 0
0.002667 0
1.298804 0
0.051448 0
1.034121 0
0.502331 0
0.955160 0
0.150690 0
0.416904 0
0.351113 0
0.843007 0
0.398721 0
0.076589 0
1.173944 0
0.283777 0
1.010697 0
0.480020 0
0.648938 0
0.265286 0
0.133090 0
0.181203 0
0.316144 0
0.048511 0
1.416399 0
0.388511 0
0.149065 0
0.498382 0
0.210594 0
0.677940 0
0.200172 0
0.440448 0
0.176261 0
0.150176 0
1.220098 0
0.182578 0
0.057009 0
0.724637 0
0.538785 0
1.357628 0
2.154855 0
0.164177 0
0.564323 0
0.446313 0
0.029353 0
0.275627 0
0.175061 0
0.208730 0
0.100166 0
0.329038 0
0.230297 0
0.530213 0
0.127617 0
0.338249 0
0.770179 0
0.107165 0
0.020524 0
0.392022 0
0.647877 0
0.072862 0
0.336753 0
0.035173 0
0.394800 0
0.091853 0
0.093102 0
1.141846 0
0.282956 0
1.037921 0
0.246213 0
0.472875 0
0.330221 0
0.370365 0
0.447533 0
0.067729 0
0.283478 0
0.007907 0
0.253111 0
0.365106 0
0.355117 0
0.147990 0
0.232713 0
0.014430 0
0.490640 0
0.480664 0
0.572528 0
0.101847 0
0.253147 0
0.236551 0
0.490842 0
0.146473 0
0.023792 0
1.283628 0
1.743105 0
0.768341 0
0.217881 0
0.327615 0
0.565075 0
0.559335 0
0.067689 0
0.062720 0
0.219770 0
0.479873 0
1.257132 0
0.248814 0
0.362817 0
0.083221 0
0.154677 0
0.731669 0
0.855001 0
0.193431 0
0.650905 0
0.281277 0
0.950542 0
0.863913 0
0.367517 0
0.509408 0
0.249919 0
0.296020 0
1.136217 0
0.350133 0
0.172553 0
0.047835 0
1.396224 0
0.483566 0
0.576750 0
1.099321 0
0.290416 0
0.351542 0
0.161713 0
0.182864 0
0.136884 0
0.491473 0
1.388109 0
0.471566 0
0.241093 0
0.127899 0
0.214364 0
0.452876 0
0.929114 0
0.066266 0
0.494472 0
0.332923 0
0.078413 0
0.161842 0
0.601153 0
0.014958 0
0.192669 0
0.734581 0
0.086123 0
0.591950 0
0.957430 0
0.333307 0
0.094297 0
0.307724 0
0.094213 0
0.191612 0
1.002406 0
1.244517 0
0.684624 0
0.880094 0
0.248472 0
0.310364 0
0.828640 0
0.496252 0
0.989491 0
0.168861 0
1.503331 0
0.262728 0
1.527547 0
0.008441 0
0.956200 0
1.396956 0
1.659933 0
0.028501 0
0.656122 0
0.378521 0
0.101546 0
0.167870 0
0.229473 0
0.857080 0
0.005828 0
0.429401 0
0.348574 0
0.653504 0
1.578277 0
0.430322 0
0.211474 0
0.399907 0
0.078952 0
0.425767 0
1.469747 0
0.091447 0
0.968771 0
0.022672 0
0.668120 0
1.702992 0
0.076255 0
0.041215 0
0.507206 0
0.765257 0
0.244094 0
0.598545 0
0.102290 0
0.410199 0
0.387054 0
1.154185 0
0.090083 0
1.401287 0
0.123844 0
0.555471 0
0.452677 0
0.047342 0
1.002419 0
0.907352 0
0.423262 0
0.086205 0
0.283373 0
0.160275 0
0.191596 0
0.586275 0
0.043867 0
0.224744 0
0.083484 0
0.502551 0
1.022235 0
0.096313 0
0.580022 0
0.622372 0
1.456562 0
1.162329 0
1.757887 0
0.254870 0
0.383996 0
0.251652 0
0.058260 0
0.089474 0
0.410027 0
0.548378 0
0.049087 0
1.085781 0
0.682221 0
0.056712 0
0.383785 0
0.258144 0
0.773608 0
0.263783 0
0.071552 0
0.957383 0
0.740267 0
1.423595 0
1.116410 0
0.651308 0
0.453342 0
0.120061 0
0.172694 0
0.519335 0
1.265469 0
0.652358 0
0.120808 0
0.363532 0
0.723532 0
0.282917 0
0.242329 0
0.058337 0
0.518430 0
0.436076 0
0.263552 0
0.189063 0
0.955228 0
1.077351 0
0.530638 0
0.008035 0
0.425778 0
0.129244 0
0.165099 0
0.404256 0
0.115031 0
0.046859 0
0.109857 0
0.052059 0
0.066430 0
0.164551 0
1.438339 0
0.115328 0
0.005985 0
0.427644 0
0.017949 0
0.908795 0
1.144852 0
0.385877 0
0.039075 0
0.792334 0
1.228603 0
0.014975 0
0.924662 0
0.049406 0
0.010706 0
0.288458 0
0.122518 0
0.893871 0
0.126165 0
0.122156 0
0.569985 0
0.588786 0
0.575604 0
0.623729 0
0.901441 0
0.230132 0
0.034305 0
0.319080 0
0.639037 0
0.131706 0
0.165648 0
0.729428 0
0.469868 0
0.539872 0
0.084310 0
0.385651 0
0.604967 0
0.013757 0
0.080091 0
0.223727 0
0.849882 0
0.142798 0
0.021732 0
0.404754 0
1.778252 0
1.187595 0
0.909699 0
0.618371 0
0.986182 0
0.250593 0
0.276989 0
0.432381 0
0.269276 0
0.084849 0
0.304197 0
0.590269 0
0.206833 0
0.459784 0
0.411791 0
0.145624 0
0.347971 0
0.789716 0
1.031846 0
0.088643 0
0.709796 0
0.566990 0
0.616337 0
0.606163 0
0.850358 0
0.338476 0
0.152198 0
0.228723 0
0.058972 0
0.483471 0
0.193114 0
0.291274 0
0.060671 0
0.253377 0
0.156384 0
0.133295 0
1.365933 0
0.247618 0
0.378336 0
0.798256 0
0.027262 0
0.175767 0
0.278536 0
0.054207 0
0.027703 0
1.197781 0
0.092966 0
0.035003 0
0.729497 0
0.075660 0
0.096438 0
0.731125 0
0.620753 0
0.414071 0
0.029151 0
0.938893 0
0.397958 0
0.035156 0
0.031630 0
1.070155 0
0.800392 0
0.390513 0
1.051854 0
0.340004 0
0.149033 0
0.535211 0
0.363442 0
0.016855 0
0.055992 0
0.188764 0
0.791761 0
0.159513 0
0.612853 0
0.071175 0
0.064523 0
1.340955 0
0.155047 0
0.187382 0
0.542810 0
0.738314 0
1.491151 0
0.287421 0
0.102665 0
0.144827 0
0.343714 0
0.240940 0
0.331958 0
0.253941 0
0.484708 0
0.319633 0
1.339929 0
0.052813 0
0.670363 0
0.305936 0
0.496854 0
0.311670 0
0.543976 0
0.348238 0
0.058230 0
0.006536 0
0.691115 0
0.438360 0
1.010864 0
0.216364 0
0.825968 0
0.125533 0
0.243454 0
0.894230 0
0.188979 0
0.031457 0
0.192436 0
0.242946 0
0.088133 0
0.938373 0
0.367657 0
0.045616 0
0.281609 0
0.227008 0
0.354742 0
0.486162 0
0.352368 0
1.119139 0
1.081228 0
1.130426 0
0.431376 0
0.111208 0
0.430595 0
0.918748 0
0.231813 0
0.311925 0
1.723771 0
1.190446 0
0.259779 0
0.677926 0
1.488726 0
0.506444 0
0.052978 0
0.152377 0
0.309772 0
0.653539 0
0.566601 0
0.351739 0
0.234655 0
0.412978 0
1.485515 0
0.520173 0
0.912239 0
0.019594 0
0.289791 0
0.430829 0
0.010390 0
0.202477 0
1.215532 0
0.280942 0
1.407095 0
0.838511 0
0.143488 0
0.385023 0
1.421479 0
0.929217 0
0.025132 0
0.018659 0
0.313488 0
0.146342 0
0.792379 0
0.511987 0
0.468220 0
0.137453 0
0.078936 0
0.674594 0
0.210837 0
0.350912 0
0.320924 0
0.481595 0
0.054517 0
0.841431 0
0.531114 0
0.073160 0
1.414541 0
1.063598 0
0.604017 0
0.145376 0
0.040135 0
0.269173 0
1.081965 0
0.885423 0
0.033396 0
0.244425 0
1.379913 0
0.451624 0
0.826570 0
0.388631 0
1.591691 0
0.095184 0
0.100709 0
0.921272 0
0.459242 0
0.262900 0
0.227590 0
0.497978 0
0.406768 0
0.197746 0
0.075910 0
0.858428 0
0.778980 0
1.067680 0
0.318358 0
0.531506 0
0.183397 0
0.358177 0
0.170654 0
0.038368 0
0.015799 0
1.641860 0
0.018224 0
0.014675 0
0.477484 0
0.208942 0
1.258925 0
1.522400 0
0.489558 0
0.147534 0
0.713225 0
0.080958 0
0.158572 0
0.366340 0
0.867403 0
0.286801 0
0.233024 0
0.148282 0
0.090274 0
0.057306 0
0.822710 0
0.079045 0
1.546677 0
0.559702 0
0.952329 0
0.025987 0
0.106669 0
0.679556 0
0.038662 0
0.048405 0
0.383537 0
0.392946 0
0.962533 0
0.362355 0
0.235792 0
0.072009 0
0.260229 0
1.507974 0
1.409665 0
0.488223 0
0.810237 0
0.081575 0
0.509337 0
0.295100 0
1.514469 0
0.190607 0
0.049036 0
0.777865 0
0.878823 0
0.119709 0
0.157751 0
0.016753 0
0.466335 0
0.136994 0
0.742340 0
0.486730 0
0.746365 0
0.676461 0
0.285032 0
0.302306 0
0.105979 0
0.343865 0
0.485819 0
0.099575 0
0.080108 0
0.021411 0
1.435843 0
0.422862 0
0.095205 0
0.462180 0
0.763018 0
0.171294 0
0.032041 0
0.922860 0
0.376964 0
0.402971 0
0.073796 0
0.073914 0
0.349134 0
0.355742 0
0.344216 0
0.109379 0
0.526056 0
1.023173 0
0.909424 0
0.089878 0
0.032373 0
0.682017 0
1.103436 0
0.018131 0
0.897682 0
0.606913 0
0.750697 0
0.516449 0
0.193874 0
0.177627 0
0.398649 0
0.595679 0
0.166331 0
0.602257 0
0.521376 0
0.211686 0
0.280491 0
0.310280 0
0.199516 0
0.061198 0
0.352298 0
0.898898 0
0.093896 0
0.097641 0
0.137868 0
0.875810 0
0.279183 0
0.109266 0
0.495693 0
0.613894 0
0.606664 0
0.139909 0
0.492218 0
0.366072 0
1.417712 0
1.280866 0
0.722947 0
0.756765 0
0.730510 0
1.437585 0
0.339382 0
0.519776 0
1.481838 0
0.393226 0
0.162362 0
0.185537 0
0.134229 0
0.386439 0
0.159003 0
0.359621 0
0.385184 0
0.555791 0
1.257007 0
0.050045 0
0.066185 0
0.340121 0
0.327281 0
0.303801 0
0.665314 0
0.013434 0
0.654283 0
0.859867 0
0.421570 0
0.891554 0
1.013658 0
0.125237 0
0.151863 0
0.859278 0
0.324932 0
0.472532 0
0.335167 0
0.226863 0
0.592158 0
0.933536 0
0.374994 0
0.939950 0
0.473540 0
0.394439 0
0.104035 0
0.242416 0
0.261883 0
0.227661 0
0.405886 0
0.527465 0
0.469701 0
0.157122 0
1.396397 0
0.731511 0
0.659362 0
0.106185 0
0.474639 0
0.201851 0
0.053600 0
0.227905 0
1.181005 0
0.714120 0
1.455331 0
0.501775 0
0.021815 0
0.212415 0
0.017640 0
1.152440 0
0.699919 0
1.338567 0
0.236512 0
0.396997 0
0.528938 0
0.034069 0
0.676058 0
0.230636 0
0.059488 0
0.133050 0
0.084802 0
0.084792 0
0.039023 0
0.276092 0
0.877897 0
0.205242 0
0.099486 0
1.291906 0
0.195385 0
0.529211 0
0.023062 0
0.173121 0
0.269587 0
0.139671 0
0.205830 0
0.313874 0
0.210570 0
0.917655 0
0.165053 0
0.553980 0
1.068547 0
0.881123 0
1.320821 0
0.760069 0
0.158071 0
0.104373 0
0.668620 0
0.576723 0
0.545744 0
0.289670 0
0.700186 0
0.160380 0
1.019644 0
0.163108 0
0.088048 0
0.517538 0
0.120496 0
0.358161 0
0.964451 0
0.314735 0
0.055945 0
0.026284 0
0.025486 0
0.932535 0
0.204327 0
0.748487 0
0.237994 0
0.563133 0
1.152410 0
0.492292 0
1.564638 0
0.238658 0
0.627985 0
0.169900 0
0.053191 0
0.177277 0
0.779529 0
0.429188 0
0.119665 0
0.988056 0
1.044001 0
0.234056 0
1.575766 0
0.414575 0
1.045463 0
0.738146 0
0.080438 0
0.202467 0
0.028414 0
0.039452 0
1.287099 0
0.613580 0
1.138898 0
0.258059 0
1.056635 0
0.206881 0
0.729929 0
0.099089 0
0.482349 0
0.040530 0
0.855985 0
0.766300 0
0.309643 0
0.987830 0
0.085887 0
0.395060 0
0.033128 0
0.315022 0
0.530015 0
0.542254 0
0.114073 0
0.074770 0
0.368989 0
0.133612 0
0.025133 0
1.017982 0
0.815867 0
0.028909 0
0.504087 0
0.329761 0
0.323697 0
0.039870 0
1.678375 0
0.048878 0
0.081700 0
0.894701 0
0.038940 0
0.239015 0
1.207731 0
0.099926 0
0.225811 0
0.071895 0
0.702842 0
0.375398 0
0.155555 0
1.537521 0
0.382984 0
0.906045 0
1.404063 0
0.528577 0
0.410956 0
1.026830 0
0.671367 0
0.307003 0
0.231239 0
1.045375 0
0.562316 0
1.245908 0
0.339776 0
0.172860 0
0.241958 0
0.106439 0
0.666780 0
1.423856 0
0.250589 0
0.024061 0
0.148724 0
1.013103 0
0.258116 0
0.175422 0
0.647965 0
0.218623 0
0.567859 0
0.101572 0
0.021208 0
1.007854 0
0.247301 0
1.405785 0
0.272346 0
0.059821 0
0.028060 0
0.271374 0
0.750336 0
0.921464 0
0.666084 0
0.590177 0
0.407577 0
0.054744 0
0.067965 0
0.263827 0
0.010129 0
0.041414 0
0.407125 0
0.103144 0
1.795052 0
1.331158 0
0.883250 0
1.025399 0
0.298604 0
0.351837 0
0.029526 0
1.006584 0
1.678118 0
0.165494 0
0.177505 0
0.741524 0
0.101508 0
0.451933 0
0.158692 0
0.073086 0
0.733442 0
0.322227 0
0.406728 0
1.192822 0
0.375549 0
0.250177 0
0.331649 0
0.098617 0
1.445463 0
0.351084 0
0.060009 0
0.589420 0
0.641346 0
0.689569 0
1.703249 0
1.647290 0
0.366911 0
0.139104 0
1.611313 0
0.482791 0
0.001820 0
0.064874 0
0.576745 0
1.083799 0
0.022784 0
0.124482 0
0.408439 0
0.598801 0
0.281547 0
0.009479 0
0.284848 0
0.957545 0
0.172618 0
0.197593 0
0.214844 0
1.157134 0
0.551622 0
0.962390 0
0.315769 0
0.802518 0
0.436185 0
0.155937 0
0.015881 0
0.302116 0
0.288027 0
0.670758 0
0.222247 0
0.267290 0
0.105215 0
1.584500 0
0.768596 0
0.069029 0
1.059613 0
0.026506 0
0.511325 0
0.443321 0
0.268531 0
0.128059 0
0.332533 0
0.036096 0
0.866846 0
0.232880 0
0.733156 0
0.324412 0
0.109390 0
0.583749 0
0.422221 0
1.380851 0
0.245185 0
0.022094 0
0.645630 0
0.612893 0
0.143066 0
0.099713 0
0.465402 0
0.643549 0
0.142655 0
0.323875 0
0.782073 0
0.118612 0
0.782678 0
0.505421 0
0.489319 0
1.080698 0
0.564061 0
0.133067 0
1.608929 0
0.299191 0
0.232456 0
0.024853 0
0.294837 0
0.864759 0
0.953024 0
1.373231 0
0.039379 0
0.654286 0
0.114392 0
0.252518 0
0.096620 0
0.639411 0
0.318401 0
0.281562 0
0.098217 0
0.100431 0
0.932572 0
0.440757 0
0.086947 0
1.068413 0
0.330140 0
0.184360 0
0.539173 0
0.352493 0
0.168102 0
0.314646 0
0.405244 0
0.234766 0
0.249197 0
0.430171 0
0.267027 0
0.231051 0
1.155175 0
1.038450 0
0.144216 0
0.232268 0
0.173797 0
0.180242 0
0.373692 0
0.477172 0
0.165560 0
1.002875 0
0.352823 0
0.366059 0
0.642237 0
0.184403 0
0.190977 0
0.301929 0
0.967135 0
0.844059 0
0.369529 0
0.132250 0
0.726281 0
0.150800 0
0.361211 0
0.653629 0
0.438512 0
0.239096 0
1.067910 0
0.125970 0
0.653286 0
0.959821 0
0.345652 0
1.076868 0
0.379154 0
0.658810 0
0.703793 0
0.209810 0
0.153062 0
0.165312 0
0.165583 0
0.263819 0
1.405651 0
0.205100 0
0.531556 0
0.059265 0
0.505580 0
0.780833 0
0.157614 0
0.207808 0
0.864510 0
0.123954 0
0.199026 0
0.642355 0
0.580457 0
0.250322 0
0.074674 0
0.417405 0
0.358657 0
0.350716 0
0.591429 0
0.334125 0
0.151658 0
0.035590 0
0.104167 0
0.007926 0
0.620528 0
0.379843 0
0.172666 0
0.308519 0
0.229775 0
0.768038 0
1.471973 0
0.474842 0
1.157837 0
1.022073 0
0.107866 0
0.036634 0
0.280914 0
0.123596 0
0.037600 0
0.827610 0
0.034398 0
0.400366 0
0.146446 0
0.664756 0
0.190498 0
0.785233 0
0.443762 0
0.003473 0
0.213412 0
0.474128 0
0.501285 0
0.378761 0
0.492087 0
0.461158 0
0.055927 0
0.281348 0
0.746296 0
0.534746 0
1.108725 0
0.178339 0
0.260000 0
0.096132 0
0.150270 0
0.072209 0
1.624810 0
0.069503 0
0.077596 0
0.890437 0
0.247903 0
0.188383 0
0.527328 0
0.867347 0
1.448247 0
0.298875 0
1.758991 0
1.880684 0
0.584993 0
0.287449 0
0.376077 0
0.283266 0
0.266610 0
0.510774 0
0.602845 0
0.316868 0
1.201944 0
0.626178 0
0.287717 0
0.166183 0
0.254026 0
0.031837 0
0.233462 0
0.148465 0
0.033271 0
0.229917 0
0.167235 0
0.995806 0
0.675295 0
0.016489 0
0.187052 0
0.631897 0
0.339787 0
0.188682 0
1.391431 0
0.244504 0
0.051676 0
0.611530 0
0.233152 0
0.271271 0
0.413902 0
0.426325 0
0.447204 0
0.404288 0
0.213286 0
0.164423 0
0.268590 0
0.133613 0
0.389045 0
0.110808 0
1.009956 0
0.111991 0
0.029428 0
0.439635 0
0.107871 0
0.237827 0
1.392511 0
0.053069 0
0.053797 0
1.280033 0
1.072628 0
0.036907 0
0.074623 0
0.369287 0
0.285741 0
0.341390 0
1.061879 0
0.202792 0
1.128988 0
0.540608 0
0.242979 0
0.501910 0
1.256076 0
0.421558 0
0.032660 0
0.025091 0
0.394507 0
0.250898 0
0.871495 0
0.232676 0
0.044546 0
1.458660 0
1.684010 0
0.103189 0
0.153717 0
0.676706 0
1.442752 0
0.268825 0
0.044653 0
0.283453 0
0.129311 0
0.381571 0
1.016709 0
0.753434 0
0.578582 0
0.791359 0
0.264581 0
1.458066 0
0.457553 0
0.813234 0
0.209499 0
1.064311 0
1.429621 0
0.128847 0
0.148733 0
0.382122 0
1.320294 0
0.532857 0
0.207750 0
0.501533 0
0.196669 0
0.166443 0
0.118229 0
0.410571 0
0.078318 0
0.430817 0
0.122295 0
0.099659 0
0.097958 0
1.287848 0
0.188396 0
0.084851 0
0.761443 0
2.032841 0
0.188300 0
0.449354 0
1.424260 0
1.921403 0
0.039222 0
0.058517 0
1.027261 0
0.088208 0
0.525268 0
1.305717 0
0.278858 0
0.751635 0
0.593287 0
1.103544 0
0.099316 0
0.872143 0
0.047279 0
0.019689 0
0.392481 0
0.804462 0
1.248463 0
0.344165 0
1.009002 0
0.014842 0
0.445193 0
0.187077 0
0.418979 0
0.044447 0
0.790893 0
0.145018 0
1.552877 0
0.118707 0
0.192556 0
0.156751 0
0.673389 0
1.142392 0
1.543426 0
1.080142 0
1.612642 0
0.015233 0
0.522220 0
0.111321 0
0.956996 0
0.015779 0
1.092468 0
0.360389 0
0.428660 0
0.690231 0
0.384980 0
0.214515 0
0.173098 0
0.584825 0
0.393703 0
1.403620 0
0.371189 0
1.944241 0
0.385018 0
0.046535 0
1.144545 0
0.065651 0
0.330418 0
0.182420 0
0.891531 0
0.179088 0
0.494598 0
0.726297 0
0.145212 0
0.002774 0
0.395542 0
0.208847 0
1.119011 0
0.088312 0
0.136068 0
0.528688 0
0.083182 0
0.201583 0
0.122995 0
0.984191 0
0.523588 0
0.058597 0
0.925313 0
0.342038 0
0.882502 0
0.519376 0
1.254059 0
0.723108 0
0.515035 0
0.386070 0
0.142898 0
1.046168 0
0.189909 0
0.576571 0
0.246743 0
0.099510 0
1.375702 0
0.049339 0
1.362807 0
0.746410 0
0.055264 0
0.109404 0
0.561478 0
0.203448 0
0.201511 0
0.462517 0
0.111685 0
0.136364 0
1.555817 0
0.304489 0
0.106128 0
0.509268 0
0.365062 0
1.378737 0
0.041124 0
0.450130 0
0.024344 0
0.667394 0
0.862495 0
0.030620 0
0.134521 0
0.103554 0
0.149611 0
1.034937 0
0.876842 0
0.910751 0
0.156310 0
0.220264 0
1.525009 0
1.456538 0
0.295132 0
0.887586 0
0.094428 0
0.305502 0
1.406802 0
0.073921 0
0.624943 0
1.009859 0
0.211883 0
0.100509 0
1.514084 0
0.830649 0
0.506881 0
0.348861 0
1.124285 0
0.908537 0
0.544789 0
0.135693 0
0.186675 0
0.250602 0
0.041318 0
0.737775 0
0.445100 0
0.344387 0
0.290352 0
0.052145 0
0.152522 0
0.081624 0
0.294703 0
1.303605 0
0.892667 0
0.498667 0
0.590615 0
1.612560 0
0.119625 0
1.273140 0
0.421000 0
0.708852 0
0.260314 0
0.480153 0
0.722621 0
1.199368 0
0.361315 0
0.072866 0
0.783800 0
0.993273 0
0.544482 0
0.547270 0
1.193943 0
0.439817 0
0.172773 0
0.176357 0
0.712368 0
0.379533 0
0.200327 0
0.226355 0
0.145862 0
0.121889 0
0.989925 0
0.297898 0
1.489663 0
0.430013 0
0.384421 0
0.034657 0
0.095509 0
1.175164 0
0.198788 0
0.773089 0
0.075403 0
1.750524 0
0.018269 0
1.703201 0
1.287694 0
0.311490 0
0.244050 0
0.121386 0
0.381343 0
0.167183 0
0.601729 0
0.866637 0
0.600242 0
1.420895 0
0.407230 0
0.436854 0
0.284906 0
0.017905 0
0.875433 0
1.091689 0
0.065521 0
0.391148 0
0.147053 0
0.934958 0
0.545851 0
0.577128 0
0.743600 0
0.952099 0
0.336844 0
0.657382 0
0.552305 0
0.022565 0
0.292564 0
0.552469 0
0.278822 0
1.413471 0
0.984069 0
0.008646 0
0.525901 0
0.171403 0
0.864155 0
0.212859 0
0.290162 0
0.708861 0
0.143010 0
0.049679 0
0.353490 0
0.766057 0
0.528817 0
0.324528 0
0.219980 0
0.596200 0
0.549827 0
0.843657 0
0.612359 0
0.720223 0
0.643174 0
0.008019 0
0.681154 0
0.370238 0
0.554856 0
0.537150 0
0.121302 0
0.265269 0
0.486377 0
0.309189 0
0.187498 0
0.103265 0
0.287777 0
1.080410 0
0.200221 0
0.059543 0
1.622248 0
0.039429 0
0.095467 0
0.315620 0
0.093211 0
1.406417 0
0.580800 0
0.093288 0
1.735166 0
0.548471 0
1.396461 0
0.322241 0
0.020234 0
0.872849 0
0.139289 0
0.871891 0
1.295375 0
1.050502 0
0.312654 0
0.267945 0
1.133119 0
0.578121 0
0.107106 0
1.037857 0
0.379086 0
0.314964 0
0.231289 0
0.141910 0
0.599724 0
0.500859 0
1.140131 0
0.236525 0
0.570690 0
0.037809 0
0.647676 0
0.182924 0
1.146647 0
0.207366 0
0.404348 0
0.349137 0
0.395187 0
0.386439 0
0.105963 0
0.800692 0
0.762285 0
0.141483 0
0.116553 0
0.662193 0
0.068335 0
0.302350 0
0.173540 0
0.910874 0
1.460231 0
0.058989 0
0.393284 0
0.416160 0
0.123253 0
1.082132 0
0.170809 0
1.169853 0
0.858598 0
0.596681 0
0.548607 0
0.185600 0
0.107674 0
0.658270 0
0.453713 0
0.132653 0
0.862754 0
0.361286 0
0.250885 0
1.021731 0
0.373155 0
0.378375 0
0.099268 0
1.404437 0
0.210832 0
0.971493 0
0.486569 0
0.506326 0
0.082247 0
0.052144 0
0.540265 0
1.992740 0
0.096681 0
0.100196 0
1.032662 0
0.584608 0
0.508062 0
0.164335 0
0.875219 0
0.114897 0
0.871078 0
0.764996 0
0.092236 0
0.195612 0
0.294705 0
0.092758 0
0.605604 0
1.526782 0
0.212143 0
2.105869 0
0.055770 0
0.289414 0
0.225957 0
0.156872 0
0.280307 0
0.399226 0
1.360943 0
1.086928 0
0.780568 0
0.884730 0
0.465331 0
0.108729 0
0.036674 0
0.044107 0
0.328473 0
0.225034 0
0.408986 0
0.167708 0
0.543379 0
0.851535 0
1.217795 0
0.818207 0
0.188494 0
0.506305 0
0.287032 0
0.504391 0
0.283419 0
0.019509 0
0.282874 0
0.165933 0
0.618278 0
0.395264 0
0.238900 0
0.154761 0
0.191492 0
0.313092 0
0.052963 0
0.201324 0
0.126059 0
0.027831 0
0.780901 0
0.129460 0
0.731120 0
0.518184 0
1.429561 0
0.303150 0
1.077410 0
0.074994 0
1.479165 0
0.393615 0
0.849420 0
0.079468 0
0.374631 0
0.044351 0
0.003767 0
0.129926 0
0.095674 0
0.049531 0
1.364771 0
0.114862 0
0.315880 0
0.043097 0
0.028952 0
0.095714 0
0.452975 0
0.178718 0
1.220517 0
0.121149 0
0.271136 0
0.206572 0
0.887628 0
0.173501 0
0.094699 0
0.101313 0
0.165550 0
0.033978 0
0.324183 0
0.768352 0
0.240704 0
0.353582 0
1.578474 0
0.227335 0
0.833902 0
0.209390 0
0.766746 0
0.320018 0
0.034138 0
0.186801 0
0.427646 0
1.512664 0
0.608465 0
0.153784 0
0.143348 0
0.154800 0
0.075807 0
0.065522 0
0.955301 0
0.212302 0
0.818288 0
0.661535 0
0.597014 0
0.083925 0
1.401090 0
0.596917 0
0.180699 0
0.064655 0
0.445353 0
0.231283 0
0.036519 0
0.385288 0
0.943200 0
0.644150 0
0.355130 0
1.094233 0
0.195910 0
1.106552 0
1.335162 0
0.040240 0
0.742034 0
0.092821 0
0.261678 0
0.262278 0
0.066520 0
0.304074 0
1.391100 0
0.443516 0
0.039417 0
0.195091 0
0.655141 0
0.190997 0
0.051034 0
0.447219 0
0.177481 0
0.449334 0
0.365965 0
0.513237 0
0.658785 0
0.644997 0
1.184946 0
0.265798 0
0.006411 0
0.050731 0
0.403814 0
1.215129 0
0.072536 0
0.051436 0
0.244129 0
0.061421 0
0.391145 0
0.067714 0
0.397680 0
0.184305 0
0.268180 0
0.259582 0
0.976290 0
0.304932 0
1.391245 0
0.297211 0
1.217130 0
1.398001 0
0.854352 0
1.243098 0
0.081361 0
1.095853 0
0.297303 0
0.331629 0
1.019814 0
0.338872 0
0.531747 0
0.582720 0
0.167695 0
0.635451 0
0.285944 0
0.989818 0
0.233572 0
0.291386 0
0.114802 0
0.739595 0
1.008274 0
1.246903 0
0.874156 0
0.129810 0
0.650107 0
0.301217 0
1.156113 0
0.160337 0
0.187495 0
1.246369 0
0.188441 0
0.915275 0
0.297656 0
1.036820 0
0.419198 0
1.208412 0
0.965748 0
0.039067 0
0.580445 0
0.567465 0
0.057709 0
0.053261 0
0.073685 0
0.067774 0
0.416309 0
0.190106 0
0.220165 0
0.141886 0
0.137152 0
0.060000 0
0.515280 0
0.265572 0
0.034184 0
0.219532 0
1.251310 0
0.482521 0
0.484291 0
0.711784 0
0.391079 0
0.143553 0
0.036507 0
0.057078 0
1.066038 0
0.351481 0
0.377094 0
0.646472 0
0.201304 0
0.386467 0
0.478610 0
1.228210 0
0.102949 0
0.941435 0
0.407100 0
0.324753 0
0.499266 0
0.687580 0
0.003814 0
0.257354 0
0.630871 0
1.393701 0
0.650752 0
0.892160 0
0.457084 0
0.775341 0
0.558205 0
0.114226 0
0.603103 0
0.347467 0
0.288407 0
0.592540 0
0.513300 0
0.400919 0
0.804893 0
0.518629 0
0.299208 0
1.539120 0
0.155801 0
0.714097 0
0.413025 0
0.949799 0
0.717076 0
0.090517 0
1.322927 0
0.260349 0
1.343232 0
0.502941 0
0.192188 0
0.706052 0
0.213720 0
0.594642 0
0.084005 0
0.170923 0
1.481384 0
0.054358 0
0.282689 0
0.188699 0
0.294204 0
0.380026 0
0.425683 0
0.299359 0
1.019274 0
0.170926 0
1.152278 0
0.228661 0
0.732680 0
0.434549 0
0.197944 0
1.030020 0
0.740030 0
0.104387 0
0.205350 0
0.041459 0
0.044289 0
0.612403 0
0.206122 0
0.402598 0
0.835527 0
0.729181 0
0.494732 0
0.130506 0
0.161033 0
0.363916 0
1.178180 0
0.503807 0
0.433266 0
0.090197 0
1.052778 0
0.939324 0
0.539620 0
0.879153 0
0.069460 0
0.083916 0
0.203357 0
0.960462 0
0.542370 0
0.128291 0
0.582024 0
1.751390 0
0.335312 0
1.565901 0
0.670469 0
0.479228 0
0.274494 0
0.720503 0
0.127820 0
0.039256 0
0.248899 0
1.286101 0
0.072453 0
0.436472 0
0.050142 0
1.336559 0
0.552429 0
0.652457 0
0.657876 0
0.697849 0
0.519539 0
0.219216 0
0.461363 0
0.465382 0
0.241903 0
0.471491 0
0.261692 0
0.566671 0
0.427665 0
0.361427 0
0.498104 0
0.462076 0
0.402826 0
0.035121 0
0.935144 0
1.149238 0
0.417322 0
0.586616 0
0.876931 0
0.054350 0
0.109966 0
0.134160 0
0.373592 0
0.672136 0
1.393920 0
0.528658 0
0.254969 0
0.298209 0
0.528993 0
0.263550 0
1.382484 0
0.216649 0
0.126321 0
0.180135 0
0.322097 0
1.394397 0
1.413653 0
0.209570 0
1.403504 0
0.388016 0
0.036420 0
1.659818 0
0.501738 0
0.302808 0
0.167450 0
0.853165 0
1.190609 0
1.039906 0
0.054806 0
0.087015 0
0.818905 0
0.198076 0
0.110681 0
0.558580 0
0.347678 0
0.245849 0
0.228264 0
0.639534 0
0.257866 0
0.847067 0
1.653537 0
0.434399 0
0.981314 0
1.553253 0
0.171340 0
0.441589 0
0.163828 0
0.542384 0
0.834595 0
0.988052 0
0.141891 0
1.382060 0
0.181810 0
0.201762 0
0.457733 0
0.044247 0
0.064916 0
0.628394 0
1.430798 0
1.221160 0
0.986158 0
1.693281 0
0.277187 0
0.270287 0
0.660601 0
0.631593 0
0.445632 0
0.572515 0
0.703396 0
0.546399 0
0.906222 0
0.303728 0
0.963740 0
0.760813 0
0.205067 0
0.099396 0
0.114799 0
0.122440 0
0.006743 0
0.009060 0
0.809455 0
0.496261 0
0.301348 0
0.586076 0
0.147955 0
0.670340 0
0.668749 0
0.423442 0
0.126631 0
0.310094 0
1.033890 0
0.106901 0
1.139376 0
0.425992 0
0.103568 0
1.396338 0
0.556874 0
1.675221 0
0.613331 0
0.300725 0
1.043943 0
0.786030 0
0.856705 0
0.082844 0
0.875382 0
0.128096 0
0.243455 0
0.508783 0
0.837029 0
0.457175 0
0.438708 0
0.148296 0
0.312866 0
1.073047 0
0.697076 0
0.805423 0
0.196332 0
0.036226 0
0.354594 0
1.206089 0
0.061856 0
0.240463 0
0.212403 0
0.330223 0
1.768054 0
0.065747 0
0.669711 0
1.347386 0
0.542401 0
0.408698 0
0.376352 0
0.368899 0
0.484360 0
0.112629 0
1.425855 0
0.358845 0
0.142340 0
0.053410 0
0.323055 0
0.120664 0
0.072564 0
1.195812 0
1.258810 0
0.344864 0
0.350726 0
0.013949 0
0.130368 0
0.103046 0
0.915394 0
0.160563 0
0.976266 0
0.782175 0
0.236867 0
0.913573 0
0.851079 0
0.150359 0
0.551500 0
0.236169 0
0.602987 0
0.025921 0
0.538426 0
0.340378 0
0.265265 0
0.138003 0
0.098548 0
0.328076 0
0.046636 0
0.661531 0
0.343192 0
0.876369 0
0.339314 0
0.090440 0
0.220331 0
0.015996 0
0.623176 0
0.843150 0
0.349337 0
0.150356 0
0.697478 0
0.097361 0
0.032495 0
0.602649 0
0.083843 0
1.376746 0
0.480769 0
0.202432 0
0.419179 0
0.983114 0
0.133129 0
0.163283 0
0.740329 0
0.274216 0
1.157192 0
1.166214 0
0.371971 0
1.080897 0
0.015987 0
0.914155 0
0.619928 0
0.334459 0
1.272530 0
0.888971 0
1.453596 0
0.713849 0
0.680558 0
1.203566 0
1.024342 0
0.659559 0
0.613860 0
1.662273 0
0.201221 0
0.185112 0
1.085229 0
0.607484 0
0.599303 0
0.107898 0
0.431240 0
0.107483 0
0.442501 0
0.240897 0
0.685789 0
0.353928 0
0.570806 0
0.095752 0
0.778580 0
1.463709 0
0.437640 0
1.347536 0
0.025167 0
1.163055 0
0.511718 0
0.519292 0
0.040037 0
0.420624 0
0.089889 0
0.353970 0
0.595295 0
1.578824 0
0.236352 0
0.137148 0
0.708328 0
0.478522 0
1.094139 0
0.157246 0
1.125036 0
0.023603 0
0.937183 0
0.054237 0
0.229147 0
0.942602 0
0.095247 0
0.053842 0
0.542215 0
0.360056 0
0.534223 0
0.178341 0
0.231548 0
0.256950 0
0.121158 0
0.553361 0
0.461460 0
0.174792 0
0.141669 0
1.121330 0
0.082778 0
0.031668 0
0.460708 0
0.609931 0
1.540218 0
0.236113 0
1.414378 0
1.066454 0
0.332839 0
0.085002 0
0.094586 0
1.234283 0
0.209551 0
0.318255 0
1.491044 0
0.283378 0
0.239945 0
0.896270 0
1.322436 0
1.409216 0
0.468633 0
0.026276 0
1.602141 0
0.254932 0
1.007072 0
0.759219 0
0.594544 0
0.023405 0
0.208388 0
0.139544 0
0.988890 0
0.356954 0
0.277757 0
0.518058 0
0.228172 0
0.449523 0
0.174906 0
0.107500 0
0.056406 0
0.251283 0
0.319954 0
0.082976 0
0.449960 0
0.293692 0
0.605048 0
0.766313 0
0.216623 0
0.086505 0
0.727513 0
0.086958 0
0.068097 0
0.028278 0
0.126041 0
0.264072 0
0.094172 0
0.832051 0
0.237179 0
1.293284 0
0.809574 0
0.491869 0
1.149411 0
0.103269 0
0.255179 0
0.197147 0
0.371615 0
1.707472 0
0.384610 0
0.349735 0
0.049929 0
0.221005 0
0.395474 0
1.361996 0
0.439818 0
0.014188 0
0.389674 0
0.747031 0
0.559507 0
1.363319 0
0.024629 0
0.088112 0
0.977821 0
0.083710 0
0.226617 0
0.138593 0
0.321917 0
0.743554 0
0.495110 0
0.015912 0
0.877380 0
0.143088 0
0.271743 0
0.150659 0
1.108568 0
0.156715 0
0.701186 0
0.860086 0
0.081671 0
1.144774 0
0.169847 0
0.910861 0
0.719770 0
1.422299 0
0.457353 0
0.130985 0
0.016143 0
0.180743 0
0.795550 0
0.822627 0
0.623937 0
0.171692 0
0.766308 0
0.271112 0
0.335840 0
0.752399 0
0.232811 0
0.467285 0
1.221378 0
0.140906 0
0.694352 0
0.642806 0
0.253733 0
0.173452 0
0.629603 0
0.042172 0
0.098823 0
0.057580 0
0.044332 0
0.611264 0
0.385360 0
0.667528 0
1.643749 0
1.131060 0
0.055852 0
0.345772 0
0.025939 0
0.168648 0
0.095877 0
0.309072 0
0.353395 0
0.468153 0
0.729100 0
1.480823 0
0.089641 0
0.870481 0
0.622164 0
0.751805 0
0.523710 0
0.400442 0
1.115379 0
0.417130 0
0.216496 0
0.497230 0
0.499998 0
0.039431 0
0.402238 0
0.103576 0
1.521036 0
0.127506 0
0.341736 0
0.076281 0
0.345013 0
0.195110 0
0.057052 0
0.205456 0
0.272168 0
0.512897 0
0.090240 0
0.622167 0
0.161691 0
0.851646 0
0.071070 0
0.133875 0
0.319016 0
0.031643 0
0.661952 0
0.532946 0
0.345978 0
0.800860 0
1.641100 0
0.836562 0
0.572153 0
0.152194 0
0.245066 0
0.471041 0
0.013529 0
0.423465 0
0.395200 0
0.738612 0
0.250282 0
1.211155 0
0.116421 0
0.167700 0
1.494301 0
0.488439 0
0.417591 0
0.209462 0
0.081144 0
0.953462 0
0.710549 0
0.975317 0
0.060805 0
0.727155 0
0.060826 0
0.541408 0
0.689797 0
0.056505 0
1.475931 0
0.771792 0
0.877049 0
1.475198 0
0.783951 0
1.409053 0
1.629052 0
0.286516 0
0.057648 0
0.065966 0
0.712538 0
0.301624 0
0.581349 0
0.665011 0
0.169271 0
0.334496 0
1.174717 0
0.257102 0
0.163303 0
0.260451 0
0.414241 0
0.071704 0
0.288058 0
0.546846 0
0.047157 0
0.996112 0
0.808452 0
0.920648 0
0.579981 0
1.153613 0
0.305828 0
0.113108 0
1.766168 0
0.870341 0
0.756691 0
0.369838 0
0.610037 0
0.913438 0
0.948460 0
0.224844 0
0.103000 0
0.379930 0
0.592092 0
0.710381 0
0.170398 0
0.294618 0
0.119314 0
0.683187 0
0.182058 0
0.363894 0
1.261059 0
0.988750 0
0.026358 0
0.503095 0
0.480596 0
0.668359 0
0.049257 0
0.038140 0
0.201306 0
0.425197 0
0.515980 0
0.372835 0
0.751094 0
0.763266 0
0.137565 0
0.764820 0
0.763911 0
0.145718 0
0.034432 0
0.126704 0
0.177885 0
0.434616 0
0.264853 0
0.007032 0
0.028828 0
1.382405 0
0.347786 0
0.456237 0
0.563643 0
0.616801 0
0.477889 0
0.293266 0
0.172822 0
0.520646 0
0.752638 0
0.303051 0
0.263415 0
0.383683 0
0.147386 0
0.497897 0
1.441110 0
0.264777 0
0.275829 0
0.673173 0
0.868233 0
1.403577 0
0.214160 0
0.066592 0
0.291645 0
1.490103 0
0.024461 0
0.181882 0
0.923470 0
0.845556 0
1.168176 0
0.388450 0
0.820353 0
0.557089 0
0.252823 0
0.203193 0
0.205781 0
1.410651 0
0.772761 0
0.478400 0
0.713789 0
0.520761 0
0.201826 0
0.248851 0
1.467034 0
0.749043 0
0.429655 0
0.275418 0
0.140931 0
0.249476 0
0.843837 0
0.925469 0
0.037949 0
0.525733 0
0.163872 0
0.081053 0
0.209721 0
0.461679 0
0.511096 0
0.612748 0
0.257047 0
0.186546 0
0.291865 0
0.339940 0
0.918943 0
0.322684 0
0.137000 0
0.323838 0
0.482667 0
0.262919 0
0.016359 0
0.041783 0
0.538924 0
0.079296 0
0.965905 0
0.237768 0
1.434444 0
0.630015 0
0.122363 0
0.989135 0
0.501430 0
1.361553 0
0.076401 0
0.425249 0
0.114416 0
0.562756 0
0.343546 0
0.185937 0
0.825159 0
0.064603 0
0.069686 0
0.991003 0
0.096812 0
0.066653 0
1.652627 0
0.116682 0
0.100336 0
0.479993 0
1.130010 0
0.264781 0
0.586207 0
0.635196 0
0.952067 0
0.404573 0
1.522080 0
0.272021 0
0.281589 0
1.672234 0
0.326049 0
0.063417 0
0.194731 0
0.226037 0
0.518726 0
0.085626 0
0.715123 0
1.630405 0
0.806329 0
0.543960 0
0.111028 0
0.303697 0
0.525121 0
0.751368 0
0.636867 0
0.124342 0
0.056545 0
0.566115 0
0.295457 0
1.337239 0
0.905394 0
0.724478 0
0.606815 0
0.270855 0
1.173479 0
0.215202 0
0.179863 0
0.536495 0
0.830357 0
0.647460 0
0.061109 0
0.363160 0
0.067700 0
0.517035 0
0.322324 0
0.087378 0
1.539109 0
0.508969 0
0.397769 0
0.130466 0
0.505226 0
0.077843 0
0.361701 0
0.198634 0
0.414527 0
0.591606 0
0.935040 0
0.140593 0
0.562285 0
0.249844 0
0.199180 0
0.065834 0
0.208377 0
0.077150 0
0.762292 0
0.267704 0
0.365671 0
0.182378 0
0.940236 0
0.051895 0
0.407880 0
0.178130 0
0.655445 0
0.804041 0
0.350005 0
0.957539 0
0.506110 0
0.177784 0
1.345018 0
0.087412 0
0.420324 0
0.869960 0
0.023790 0
0.744139 0
0.064650 0
0.173083 0
0.626773 0
0.026425 0
1.466885 0
0.873290 0
0.094545 0
0.275361 0
1.127337 0
0.949531 0
0.394117 0
0.141686 0
0.938702 0
0.035826 0
0.517594 0
0.336679 0
0.437927 0
0.272764 0
1.559900 0
0.211731 0
0.365673 0
0.126458 0
1.446236 0
0.413040 0
0.234810 0
0.678612 0
0.067265 0
0.047715 0
0.053592 0
0.680944 0
0.790644 0
0.217143 0
0.195656 0
1.374996 0
0.593235 0
1.206466 0
0.228621 0
1.591702 0
0.120626 0
0.131030 0
0.036741 0
1.471989 0
2.386042 0
0.394895 0
0.233382 0
1.205172 0
0.189447 0
1.388465 0
0.171057 0
2.009237 0
0.657688 0
0.585634 0
0.067800 0
0.042156 0
1.438481 0
0.778717 0
0.885208 0
0.659348 0
1.092021 0
0.240071 0
0.507350 0
0.286121 0
0.390911 0
1.607771 0
0.806884 0
0.025142 0
1.439187 0
0.290111 0
0.464844 0
0.734789 0
0.859617 0
0.116131 0
1.469258 0
0.114045 0
0.282066 0
0.782314 0
0.030744 0
0.378170 0
0.368250 0
0.530790 0
1.465191 0
0.580642 0
0.347692 0
0.544726 0
0.567321 0
0.363412 0
0.086646 0
0.349447 0
0.302573 0
0.454424 0
0.344588 0
0.258963 0
0.783743 0
0.030884 0
1.275723 0
0.348020 0
0.101522 0
0.636527 0
0.454154 0
0.189491 0
0.050885 0
0.412116 0
0.370811 0
1.446922 0
0.404368 0
1.066283 0
0.362587 0
0.598418 0
0.048403 0
0.028399 0
0.918926 0
0.319677 0
0.100169 0
0.224520 0
0.308063 0
1.805999 0
0.832725 0
1.108324 0
1.054612 0
0.140339 0
0.796281 0
0.022566 0
0.037949 0
0.087627 0
0.046542 0
0.101507 0
0.055832 0
0.494836 0
0.288774 0
0.599432 0
0.348640 0
0.651011 0
0.283936 0
0.491735 0
0.478842 0
0.681726 0
0.090383 0
0.365401 0
0.100220 0
0.021402 0
0.398468 0
0.755229 0
0.472883 0
0.124478 0
0.097448 0
0.249174 0
1.337946 0
1.481494 0
0.228365 0
0.249289 0
0.315244 0
1.637209 0
0.453317 0
0.198416 0
0.766998 0
0.351176 0
0.401658 0
0.688740 0
0.872464 0
0.106296 0
0.973761 0
1.161170 0
0.414236 0
0.248853 0
0.087082 0
0.538748 0
1.389927 0
0.796725 0
0.266343 0
0.420798 0
0.676989 0
1.640212 0
0.181185 0
0.826369 0
0.734846 0
0.871931 0
0.221331 0
0.457390 0
0.066471 0
0.557869 0
0.341477 0
0.320884 0
0.792553 0
0.074400 0
0.483365 0
0.144633 0
1.533816 0
0.433179 0
0.071356 0
1.395882 0
0.742528 0
0.108647 0
0.223059 0
1.269652 0
0.448868 0
0.164896 0
0.119772 0
0.130134 0
0.078547 0
0.608215 0
0.285207 0
0.130218 0
0.179502 0
0.218459 0
0.280546 0
0.108182 0
0.527768 0
0.095130 0
1.423816 0
0.267045 0
0.124648 0
0.848912 0
0.362351 0
0.233989 0
0.171974 0
0.931442 0
0.143694 0
0.045812 0
0.254574 0
0.294363 0
0.592207 0
0.650336 0
0.278570 0
0.526229 0
0.066381 0
0.355684 0
0.981069 0
1.288883 0
0.229183 0
0.733518 0
0.112470 0
0.881383 0
0.341418 0
0.365808 0
0.197777 0
0.265424 0
0.371980 0
0.252875 0
0.047487 0
0.774064 0
0.970816 0
1.000012 0
0.759295 0
0.181060 0
0.343778 0
1.640408 0
0.118833 0
0.281568 0
1.435500 0
0.385420 0
0.584606 0
0.048391 0
0.629330 0
0.287340 0
0.495896 0
0.231743 0
0.184750 0
0.211841 0
0.627490 0
0.424332 0
0.300241 0
0.278658 0
0.118408 0
1.278434 0
0.043870 0
0.373079 0
0.928187 0
1.448504 0
1.750004 0
0.322584 0
0.326375 0
0.618475 0
0.038309 0
1.420832 0
0.210072 0
0.202305 0
0.835690 0
0.215729 0
0.267318 0
0.065037 0
0.360988 0
0.952927 0
0.600516 0
0.595247 0
1.001895 0
1.232023 0
0.578653 0
0.904515 0
0.082347 0
0.295577 0
1.410871 0
0.234338 0
0.570884 0
0.277493 0
0.194854 0
0.064376 0
0.813450 0
0.085329 0
0.446186 0
0.744745 0
0.918815 0
1.827420 0
0.539665 0
0.187064 0
0.133471 0
0.402466 0
0.076143 0
0.475639 0
0.045794 0
0.155581 0
0.185476 0
0.234323 0
0.860279 0
0.276016 0
0.075606 0
1.044610 0
1.276051 0
0.896108 0
0.281071 0
0.168433 0
0.451210 0
0.005788 0
1.654037 0
0.881589 0
0.629900 0
0.789714 0
0.105452 0
0.144135 0
0.853038 0
0.624367 0
1.444190 0
0.258382 0
1.333116 0
0.532408 0
0.193006 0
0.099432 0
0.266352 0
0.345369 0
0.327394 0
0.334007 0
0.527804 0
0.525320 0
0.059403 0
0.267172 0
0.055404 0
0.302720 0
1.061918 0
0.366393 0
0.970875 0
0.271994 0
1.097036 0
0.090731 0
0.230344 0
1.361134 0
0.616114 0
0.850451 0
0.912442 0
0.123891 0
0.251292 0
0.272408 0
0.569339 0
1.042987 0
0.485983 0
1.177644 0
1.603059 0
0.188397 0
0.101596 0
0.304510 0
0.100961 0
0.020757 0
0.212941 0
0.108591 0
1.295883 0
0.868697 0
0.238294 0
0.309637 0
0.293446 0
0.791020 0
0.302288 0
1.305831 0
0.241168 0
0.130272 0
0.643070 0
0.527139 0
0.324309 0
0.101573 0
0.520655 0
0.394283 0
0.465534 0
0.180091 0
1.023988 0
0.185116 0
0.011732 0
0.324070 0
0.389461 0
0.390415 0
0.130809 0
0.230418 0
0.309615 0
0.610027 0
0.833254 0
0.269353 0
0.140194 0
1.428285 0
1.435517 0
0.237966 0
0.881633 0
0.422031 0
0.314195 0
0.684244 0
0.025736 0
0.070402 0
0.286483 0
0.010874 0
0.274852 0
0.952932 0
0.650026 0
0.158410 0
0.262439 0
0.255342 0
0.074565 0
0.212795 0
0.266644 0
1.398751 0
0.287954 0
1.799016 0
0.276024 0
0.317736 0
1.410627 0
0.194429 0
0.439195 0
0.513465 0
0.214650 0
0.333343 0
1.461606 0
0.328884 0
0.427144 0
1.169344 0
0.214034 0
0.649018 0
0.239829 0
0.859136 0
0.505616 0
1.268174 0
1.120889 0
1.172638 0
0.326240 0
1.608078 0
0.076754 0
0.021709 0
0.255233 0
0.048128 0
1.975510 0
0.463573 0
0.207503 0
0.188572 0
0.729632 0
0.478825 0
0.128001 0
1.261692 0
1.711082 0
0.328779 0
1.087072 0
0.321599 0
1.561103 0
0.049985 0
0.045209 0
0.580518 0
0.886344 0
0.029395 0
0.122210 0
0.171203 0
0.315859 0
0.073670 0
0.038236 0
0.403317 0
1.571694 0
0.166280 0
0.188621 0
0.729960 0
0.212857 0
0.508669 0
0.021438 0
0.122065 0
0.048941 0
0.527616 0
0.576578 0
0.330313 0
0.231900 0
0.648209 0
0.213579 0
0.612004 0
0.380852 0
0.073406 0
0.092498 0
0.458051 0
0.351540 0
0.861959 0
0.673184 0
0.026289 0
0.143527 0
0.630058 0
1.348326 0
0.864877 0
0.041076 0
0.044382 0
0.126388 0
0.259296 0
0.161742 0
0.048234 0
1.336292 0
0.319152 0
0.399930 0
0.134856 0
1.785268 0
0.705347 0
0.833391 0
0.708295 0
0.830974 0
0.060496 0
1.630226 0
0.660280 0
1.173653 0
0.279080 0
0.315812 0
0.266962 0
0.850852 0
0.344298 0
0.267800 0
0.679939 0
1.403075 0
0.580499 0
0.365834 0
1.289701 0
1.250997 0
0.142396 0
0.543453 0
0.412024 0
0.456883 0
0.264931 0
0.384899 0
0.505091 0
1.044244 0
0.592323 0
0.169132 0
0.094921 0
0.057626 0
1.170120 0
0.836237 0
0.762753 0
0.292323 0
1.562995 0
0.446547 0
0.626547 0
0.836659 0
0.747863 0
0.166363 0
0.165879 0
1.659349 0
0.514708 0
0.109361 0
0.122819 0
0.035078 0
0.440607 0
0.339289 0
0.704542 0
0.202688 0
0.085159 0
0.758990 0
1.583953 0
0.650191 0
0.725208 0
0.980025 0
0.022182 0
0.205189 0
0.200862 0
0.189931 0
1.627591 0
0.129869 0
0.622395 0
0.583451 0
0.223993 0
0.175142 0
0.710972 0
0.256651 0
0.205740 0
0.494776 0
0.590532 0
0.005577 0
0.413627 0
0.488240 0
0.072509 0
0.304028 0
1.137615 0
0.198323 0
0.184021 0
0.098557 0
0.039714 0
0.206008 0
0.348990 0
0.631564 0
1.214965 0
0.043097 0
0.258148 0
0.358351 0
0.817793 0
0.052335 0
0.769914 0
0.339165 0
1.053642 0
0.335908 0
0.146363 0
1.462378 0
0.292357 0
0.044884 0
1.511855 0
0.925783 0
1.173046 0
0.338501 0
0.476865 0
0.693047 0
0.686963 0
0.087709 0
0.664545 0
0.071169 0
1.464369 0
0.493452 0
0.956720 0
1.338181 0
0.459213 0
0.557994 0
0.125316 0
0.151359 0
0.158548 0
0.038374 0
0.106432 0
0.364790 0
0.564239 0
0.273790 0
0.445011 0
0.376776 0
0.332278 0
0.269590 0
0.733974 0
0.818516 0
0.191858 0
0.179692 0
0.026472 0
0.201748 0
0.059447 0
0.545596 0
0.065476 0
0.169689 0
0.260644 0
1.468013 0
0.405990 0
0.034141 0
0.036669 0
0.656653 0
0.651409 0
0.359536 0
0.309107 0
0.035904 0
0.571091 0
0.119774 0
0.150658 0
1.127277 0
0.037848 0
0.379495 0
0.094073 0
0.067691 0
0.296902 0
0.108482 0
1.430152 0
0.509685 0
1.748731 0
0.897868 0
1.503929 0
0.536789 0
0.947578 0
0.389621 0
0.527466 0
0.207246 0
0.196450 0
1.770603 0
0.504948 0
0.307740 0
1.151361 0
0.101004 0
0.018618 0
0.047590 0
0.140749 0
0.829843 0
0.060245 0
0.152669 0
0.412061 0
0.598302 0
1.454089 0
0.109975 0
0.158169 0
0.330645 0
0.702515 0
0.185650 0
0.205888 0
0.225777 0
0.134197 0
0.526886 0
0.634006 0
0.148245 0
0.188789 0
0.187781 0
0.261114 0
0.330266 0
0.154052 0
0.660959 0
0.410134 0
0.896756 0
0.032438 0
0.321747 0
1.529889 0
0.960008 0
1.274418 0
0.739336 0
0.338270 0
0.445891 0
0.995770 0
0.320900 0
1.048859 0
0.571286 0
0.637229 0
0.258237 0
0.160706 0
0.433339 0
0.094894 0
0.488953 0
0.051777 0
0.835843 0
0.409433 0
0.068445 0
0.354544 0
0.493389 0
0.650897 0
0.087610 0
0.305861 0
0.740401 0
0.802267 0
0.421777 0
0.654297 0
0.253475 0
0.244796 0
0.895532 0
0.145452 0
1.494156 0
0.015837 0
1.099634 0
1.484383 0
0.595055 0
0.069494 0
0.132943 0
0.079882 0
0.177614 0
0.317469 0
0.120184 0
0.866700 0
0.032891 0
0.171537 0
0.861645 0
0.035695 0
0.247773 0
0.212422 0
0.658675 0
0.409598 0
1.353389 0
0.250524 0
1.721995 0
0.125521 0
0.293463 0
0.707682 0
0.073065 0
0.375207 0
1.015965 0
0.334701 0
0.198375 0
0.072465 0
0.085986 0
0.433459 0
0.135565 0
0.528860 0
0.979624 0
0.067413 0
0.515035 0
0.665073 0
0.127897 0
0.386539 0
0.892138 0
0.192673 0
0.280569 0
0.193825 0
0.953656 0
0.050292 0
1.460386 0
0.306075 0
0.581879 0
0.211053 0
0.080852 0
0.468014 0
0.176564 0
0.021508 0
0.959203 0
0.979598 0
0.271690 0
0.261656 0
0.498858 0
0.978823 0
0.656994 0
0.009180 0
0.541527 0
0.668866 0
0.015330 0
0.119818 0
0.745413 0
1.535595 0
0.953914 0
0.767381 0
0.538089 0
1.051147 0
1.526011 0
0.224799 0
0.172148 0
0.688251 0
0.181476 0
0.664874 0
0.374638 0
0.198815 0
0.107441 0
0.027178 0
0.315253 0
0.875611 0
0.075629 0
0.566600 0
0.134839 0
0.304308 0
0.288641 0
0.105657 0
1.893305 0
0.014546 0
0.020720 0
0.125799 0
0.679654 0
0.100823 0
0.342156 0
0.738156 0
0.429091 0
0.908559 0
0.065390 0
1.000981 0
0.102797 0
0.023002 0
0.378840 0
0.712312 0
0.178703 0
1.196623 0
0.276374 0
0.031047 0
0.643002 0
1.576727 0
0.238189 0
1.372089 0
1.413316 0
0.935842 0
0.660379 0
0.687190 0
1.449604 0
0.661902 0
1.181717 0
0.187100 0
0.213577 0
0.216428 0
0.166291 0
0.211686 0
0.034472 0
0.693773 0
0.188494 0
0.921180 0
0.002176 0
1.150110 0
0.275814 0
0.133437 0
0.319008 0
1.359101 0
0.811965 0
0.227132 0
0.267129 0
0.188604 0
0.398825 0
0.106260 0
0.229472 0
1.135624 0
0.235856 0
0.156676 0
0.313307 0
0.287741 0
0.185193 0
0.043758 0
0.208213 0
0.397925 0
0.512979 0
0.039358 0
0.069374 0
1.533666 0
0.529398 0
0.258217 0
0.620388 0
0.179445 0
0.097912 0
0.711183 0
0.429422 0
0.137343 0
0.318094 0
0.376167 0
0.605141 0
0.117588 0
0.219705 0
1.598241 0
0.044875 0
0.199374 0
0.072572 0
0.794225 0
0.824470 0
0.118132 0
0.271165 0
0.274996 0
0.527657 0
0.438203 0
0.418277 0
0.238260 0
0.060396 0
1.649736 0
0.198715 0
0.284342 0
1.454797 0
0.210916 0
0.536629 0
0.146390 0
0.234775 0
0.999487 0
0.595298 0
0.067670 0
0.118222 0
0.280004 0
0.088617 0
0.179406 0
0.809997 0
0.164320 0
0.151471 0
0.882293 0
0.691384 0
0.221554 0
0.491837 0
1.414219 0
1.590699 0
0.488241 0
0.153424 0
0.198340 0
0.049236 0
0.468640 0
0.173684 0
0.183626 0
1.602479 0
0.149628 0
0.648935 0
0.614069 0
0.442643 0
0.729267 0
0.303803 0
1.090057 0
0.240059 0
1.364678 0
0.000870 0
1.334066 0
0.591671 0
1.347843 0
0.925709 0
0.794904 0
0.241194 0
0.371397 0
0.667344 0
0.551809 0
0.386362 0
0.273482 0
0.271542 0
0.302382 0
0.183096 0
1.311381 0
0.143523 0
0.315221 0
0.081467 0
0.291546 0
0.111652 0
0.872907 0
0.103458 0
0.486678 0
0.341756 0
0.732690 0
0.671204 0
0.115514 0
0.368829 0
0.176553 0
1.104363 0
0.036424 0
0.441444 0
0.045175 0
0.827926 0
0.393241 0
1.424705 0
0.463149 0
1.235184 0
0.286335 0
0.489274 0
0.032371 0
0.497327 0
0.840756 0
0.628093 0
0.109125 0
0.116399 0
0.124050 0
0.127137 0
0.385710 0
0.373597 0
0.193407 0
0.024788 0
0.207537 0
0.131469 0
1.127849 0
0.385279 0
0.438411 0
0.489296 0
1.142745 0
0.094619 0
1.072793 0
0.271558 0
0.269380 0
0.084722 0
0.014792 0
0.396631 0
0.978786 0
0.449155 0
0.134655 0
0.165520 0
0.797822 0
0.321074 0
0.107576 0
0.373374 0
1.337474 0
1.700253 0
0.373722 0
0.301485 0
0.032646 0
0.225117 0
0.441357 0
0.192994 0
0.073802 0
0.229129 0
0.020222 0
0.123876 0
0.010978 0
0.836165 0
1.245050 0
0.345740 0
1.324750 0
0.091122 0
0.370904 0
0.329614 0
0.004319 0
0.228189 0
0.018650 0
0.021778 0
0.775855 0
0.552832 0
0.043929 0
0.903122 0
0.275936 0
0.220188 0
0.975123 0
0.069286 0
0.477680 0
0.918182 0
0.730707 0
0.816018 0
1.378257 0
0.322816 0
1.518186 0
0.171788 0
1.409470 0
0.438052 0
0.086964 0
1.079288 0
0.428702 0
1.037871 0
0.201355 0
0.430006 0
0.557786 0
0.209967 0
0.351818 0
0.616071 0
0.193213 0
0.224049 0
0.147379 0
0.161894 0
0.533029 0
0.603475 0
0.904436 0
0.696181 0
0.685132 0
0.043275 0
0.341008 0
0.583734 0
1.074809 0
0.282477 0
1.183848 0
0.363914 0
0.044027 0
0.158808 0
0.340225 0
0.429999 0
0.186315 0
0.532727 0
0.423748 0
0.081251 0
0.241629 0
0.442642 0
0.262422 0
0.178818 0
0.117483 0
0.108613 0
0.650665 0
0.068699 0
0.519409 0
1.394051 0
0.159194 0
0.275352 0
0.779713 0
0.279960 0
0.027646 0
0.736412 0
0.644164 0
0.708363 0
0.572823 0
0.689686 0
0.620586 0
0.499301 0
0.197375 0
0.467835 0
0.568452 0
0.122886 0
0.056330 0
0.372357 0
0.836833 0
0.720860 0
0.025960 0
0.977954 0
0.309011 0
0.280383 0
0.246313 0
0.233659 0
0.965484 0
0.157560 0
1.393767 0
0.900325 0
0.338167 0
0.120894 0
1.414972 0
0.916850 0
0.589373 0
0.438526 0
1.163273 0
0.080780 0
0.105109 0
0.016708 0
0.542948 0
0.079755 0
0.845710 0
0.190648 0
0.059453 0
0.445480 0
0.214583 0
0.411504 0
0.568064 0
0.793225 0
0.702857 0
0.371778 0
0.230547 0
0.152207 0
0.790865 0
0.084173 0
0.272513 0
0.151771 0
0.273038 0
1.701354 0
0.175429 0
0.540859 0
0.085662 0
0.046699 0
0.081322 0
0.077471 0
1.054289 0
0.040125 0
0.024309 0
0.776847 0
0.411472 0
0.429649 0
0.555365 0
0.231489 0
0.283995 0
0.072493 0
0.515133 0
0.582726 0
0.349715 0
1.487916 0
0.090999 0
0.168464 0
0.037939 0
1.018178 0
0.083544 0
0.126126 0
0.204582 0
0.087441 0
0.049469 0
0.445958 0
0.696137 0
0.196312 0
0.319726 0
0.063052 0
0.147887 0
0.059132 0
0.523201 0
0.553929 0
0.802037 0
0.459329 0
0.188441 0
0.255141 0
1.628869 0
0.045300 0
0.207172 0
0.005788 0
0.083103 0
0.578751 0
0.185565 0
1.344128 0
0.611144 0
0.353281 0
0.063653 0
0.471985 0
1.037415 0
0.007395 0
0.838887 0
0.035788 0
1.300218 0
0.192366 0
0.273973 0
0.319099 0
0.220715 0
0.043392 0
0.769263 0
0.213559 0
0.399003 0
0.015527 0
0.739033 0
0.200940 0
0.022245 0
0.557931 0
0.047992 0
0.276283 0
0.356653 0
1.014695 0
1.686695 0
1.065512 0
0.471721 0
0.551920 0
1.124815 0
0.488933 0
0.726610 0
0.009032 0
0.968561 0
0.656296 0
0.647473 0
0.426706 0
0.406713 0
0.624794 0
0.814421 0
0.130196 0
0.381785 0
0.315458 0
0.950713 0
0.788343 0
0.891534 0
0.171210 0
1.125564 0
1.377506 0
0.332019 0
1.618949 0
0.257449 0
1.300163 0
0.811286 0
0.991575 0
0.715353 0
0.610956 0
0.279629 0
0.517671 0
1.094898 0
0.956439 0
0.207390 0
0.104113 0
0.080672 0
0.068192 0
0.142153 0
0.053019 0
0.731394 0
0.374017 0
1.593071 0
0.102855 0
0.376620 0
0.047080 0
0.242006 0
0.200850 0
0.454442 0
0.277331 0
0.516399 0
0.503819 0
1.200168 0
0.026318 0
0.871818 0
0.652845 0
0.129421 0
0.668655 0
0.216892 0
0.534168 0
1.023563 0
0.301929 0
0.409428 0
0.565072 0
0.427681 0
0.165452 0
0.087816 0
0.368154 0
0.386550 0
0.623107 0
0.514024 0
0.034434 0
0.518887 0
0.857451 0
0.175545 0
0.275984 0
0.621514 0
0.087659 0
0.609811 0
0.151402 0
0.848925 0
0.114897 0
1.199384 0
0.142583 0
0.932563 0
0.558441 0
0.143635 0
0.312473 0
0.750961 0
0.262402 0
0.026529 0
0.085232 0
0.600338 0
1.424095 0
0.189118 0
0.606895 0
0.510714 0
0.054718 0
0.067538 0
0.426454 0
1.537387 0
1.750572 0
0.091292 0
0.238233 0
0.058623 0
0.396671 0
0.138614 0
0.109005 0
0.523412 0
0.249525 0
0.566712 0
0.771799 0
1.301375 0
0.210499 0
0.822757 0
0.502265 0
0.261884 0
1.528948 0
0.787566 0
0.097473 0
0.788470 0
0.914407 0
0.030411 0
0.662792 0
0.429614 0
0.120560 0
0.086975 0
0.301830 0
0.016200 0
0.068529 0
1.602895 0
0.786532 0
0.314547 0
0.673026 0
0.943967 0
0.144915 0
1.789734 0
1.167795 0
1.212434 0
0.358159 0
0.068321 0
0.173705 0
0.475211 0
0.346607 0
0.675482 0
0.391058 0
0.243133 0
0.485413 0
0.417713 0
0.321548 0
0.469131 0
0.333093 0
0.374484 0
0.133888 0
1.368573 0
0.463268 0
0.379208 0
0.245275 0
1.370218 0
1.145266 0
0.084196 0
0.143859 0
0.044597 0
0.049494 0
0.179718 0
0.198469 0
0.560772 0
1.508961 0
1.351808 0
0.048161 0
0.504219 0
1.027253 0
0.137681 0
0.115292 0
0.050459 0
0.055343 0
0.037485 0
0.100216 0
0.333754 0
0.046529 0
0.033052 0
1.127033 0
1.203065 0
0.104423 0
0.198872 0
0.258014 0
0.014778 0
0.223740 0
0.155228 0
0.372928 0
0.806548 0
0.071679 0
0.509411 0
0.250840 0
1.629340 0
0.266792 0
0.396702 0
0.528202 0
0.294128 0
0.201810 0
0.239975 0
0.694975 0
0.514481 0
0.103314 0
0.494099 0
0.173327 0
0.137830 0
0.203106 0
0.479162 0
0.512680 0
0.268461 0
0.979212 0
0.183617 0
1.453544 0
0.798968 0
0.230827 0
0.108949 0
0.894810 0
0.243888 0
0.385048 0
1.364282 0
0.166916 0
0.239259 0
0.907599 0
0.368964 0
1.746485 0
0.096555 0
0.365095 0
0.566479 0
1.183623 0
0.048938 0
0.383329 0
0.211879 0
0.035614 0
1.560248 0
0.839598 0
0.214356 0
0.365846 0
0.082247 0
0.152446 0
0.491859 0
0.358069 0
0.767715 0
1.763620 0
0.150729 0
0.073239 0
0.231578 0
1.012556 0
0.216803 0
0.020054 0
1.057932 0
1.043088 0
0.082042 0
0.014255 0
0.180463 0
0.639269 0
0.464705 0
0.801984 0
0.252585 0
0.193505 0
0.545444 0
0.039981 0
0.171547 0
0.240060 0
0.075127 0
0.214475 0
0.554993 0
0.431078 0
0.278679 0
0.486433 0
1.675454 0
1.459014 0
0.077840 0
0.072818 0
0.555492 0
0.467172 0
1.410632 0
1.364646 0
0.281458 0
0.440990 0
0.348422 0
0.456565 0
0.119748 0
1.783393 0
0.351830 0
0.269975 0
0.241681 0
1.149020 0
0.451661 0
1.438482 0
0.167276 0
0.359428 0
0.148848 0
0.176723 0
1.123352 0
0.686693 0
0.846987 0
0.132892 0
0.313030 0
0.947521 0
0.201448 0
0.949210 0
0.145173 0
0.532807 0
0.450758 0
0.480964 0
0.248352 0
0.157562 0
0.913029 0
0.179573 0
0.091357 0
0.724378 0
0.132705 0
0.378943 0
0.049649 0
0.477446 0
0.162275 0
0.937137 0
1.030475 0
1.308770 0
0.781804 0
1.414277 0
0.026013 0
0.769523 0
1.401605 0
1.377510 0
1.517246 0
0.306078 0
1.282919 0
0.085679 0
0.172964 0
0.239330 0
0.039112 0
0.290158 0
0.492074 0
1.556521 0
0.471670 0
0.521090 0
0.297624 0
0.238691 0
0.407668 0
0.144487 0
1.484849 0
1.386095 0
1.535325 0
0.028064 0
0.285069 0
0.054355 0
0.545087 0
0.254102 0
0.285980 0
0.180836 0
0.406571 0
0.159727 0
0.497977 0
0.077291 0
0.117209 0
0.280726 0
0.429696 0
0.485653 0
1.402824 0
0.708342 0
0.124158 0
1.424814 0
0.073961 0
0.681234 0
1.373668 0
0.472373 0
0.494228 0
0.148098 0
0.309331 0
0.459825 0
0.905737 0
0.180622 0
0.113010 0
0.255737 0
0.429276 0
0.614548 0
0.789886 0
0.147837 0
1.361980 0
0.209423 0
0.053117 0
0.169619 0
0.359676 0
0.474960 0
0.289530 0
0.117265 0
0.142530 0
0.339123 0
0.920345 0
1.189151 0
0.008146 0
0.092676 0
0.337780 0
0.606298 0
1.004795 0
0.192747 0
1.516696 0
0.227072 0
0.708393 0
0.139078 0
0.173889 0
0.460707 0
0.915432 0
0.549323 0
0.300645 0
0.847581 0
0.684768 0
0.224538 0
0.238630 0
0.254129 0
0.940133 0
0.269413 0
0.300012 0
0.296952 0
0.138408 0
0.079696 0
0.834972 0
0.754242 0
1.471062 0
0.385767 0
0.892363 0
0.570700 0
1.427137 0
0.104084 0
0.886271 0
0.212245 0
0.022889 0
0.151722 0
0.340784 0
0.231841 0
0.298475 0
0.140556 0
0.237426 0
1.266546 0
0.016285 0
0.695956 0
0.561763 0
0.132737 0
1.291744 0
0.182485 0
0.065603 0
0.174254 0
0.632212 0
0.743219 0
0.237146 0
0.345989 0
0.845603 0
0.061352 0
0.499276 0
0.942402 0
0.179002 0
0.335397 0
0.113227 0
0.430180 0
0.212341 0
0.482349 0
0.138277 0
1.438862 0
0.014102 0
1.162900 0
0.027843 0
0.964985 0
0.330866 0
0.180962 0
0.303274 0
0.750501 0
0.046601 0
0.993000 0
0.168210 0
0.260692 0
0.583558 0
0.125689 0
0.126054 0
0.738393 0
0.574943 0
0.602365 0
0.689890 0
0.767201 0
1.469033 0
0.224505 0
0.534093 0
1.273365 0
0.163660 0
0.274505 0
0.412472 0
0.274296 0
0.011188 0
0.355508 0
1.266786 0
0.096018 0
0.079451 0
0.566006 0
1.076576 0
0.836345 0
0.513984 0
0.350796 0
1.285868 0
0.737953 0
0.728875 0
0.110806 0
0.320774 0
0.244532 0
1.007084 0
0.062045 0
0.001520 0
1.538471 0
1.450084 0
0.476633 0
0.497316 0
0.175111 0
0.291909 0
0.154214 0
1.647769 0
0.223690 0
0.726011 0
1.464690 0
0.656188 0
0.065887 0
1.029961 0
0.137634 0
0.244595 0
0.301247 0
0.318840 0
0.354643 0
0.467182 0
0.188178 0
0.429055 0
0.133404 0
0.503520 0
0.760274 0
1.564492 0
0.563467 0
0.183660 0
0.038955 0
0.352641 0
0.230763 0
0.635628 0
0.015113 0
0.032242 0
0.278634 0
1.176687 0
0.409307 0
0.192385 0
0.751599 0
0.455113 0
0.145729 0
0.223383 0
0.011553 0
0.791358 0
0.194594 0
0.711013 0
1.775837 0
0.869658 0
0.283230 0
1.037069 0
1.120442 0
0.411986 0
0.938971 0
0.893439 0
0.040528 0
0.015009 0
0.862108 0
0.296448 0
0.686959 0
1.006555 0
0.710176 0
0.908659 0
0.318458 0
0.167712 0
0.211221 0
0.740330 0
0.852028 0
0.137347 0
0.090383 0
0.542876 0
0.153029 0
0.193311 0
0.487300 0
0.446658 0
0.227249 0
0.724929 0
0.046403 0
0.511901 0
0.164840 0
0.101501 0
0.117966 0
1.430233 0
0.547827 0
0.689485 0
0.151436 0
0.392872 0
0.022872 0
0.027036 0
1.233860 0
0.280012 0
0.360202 0
0.006499 0
0.860231 0
0.814699 0
0.137995 0
0.872377 0
0.138161 0
0.214370 0
0.028972 0
1.184315 0
0.059605 0
0.388521 0
0.104922 0
0.413783 0
0.396439 0
1.373094 0
1.523157 0
0.220444 0
0.528610 0
0.131258 0
0.586980 0
0.508943 0
0.323661 0
0.325694 0
0.705017 0
1.532851 0
1.597072 0
0.347226 0
1.239384 0
0.313087 0
0.647459 0
0.621838 0
0.675363 0
0.678946 0
0.610734 0
0.068778 0
0.152454 0
0.380078 0
0.116001 0
2.761170 0
0.798589 0
0.101341 0
0.579201 0
0.695152 0
0.176944 0
0.675463 0
0.515374 0
0.015124 0
0.430612 0
0.245967 0
0.088895 0
0.294559 0
0.234199 0
0.297205 0
0.039536 0
0.018127 0
0.224738 0
0.842953 0
0.417507 0
0.113141 0
0.097831 0
0.125708 0
1.089186 0
0.347836 0
0.162724 0
0.748767 0
1.246759 0
0.490129 0
0.257544 0
0.921903 0
0.110480 0
0.401717 0
0.139367 0
0.094496 0
0.251797 0
0.463248 0
0.204777 0
0.897704 0
0.317553 0
0.058661 0
0.589261 0
0.011439 0
0.204706 0
0.840782 0
0.010803 0
0.790973 0
0.387576 0
0.364368 0
1.142726 0
0.745480 0
0.334269 0
0.084001 0
1.473895 0
0.058401 0
0.873600 0
1.405896 0
1.155796 0
1.418076 0
1.213803 0
0.511099 0
1.014527 0
0.499205 0
0.300899 0
0.042400 0
0.223860 0
1.412001 0
0.220638 0
0.124850 0
0.251192 0
0.647155 0
0.343565 0
0.516602 0
0.177449 0
1.231399 0
0.161504 0
0.373496 0
0.420763 0
0.880169 0
0.077852 0
1.164218 0
0.874693 0
0.176617 0
1.168563 0
0.160089 0
0.091251 0
0.391417 0
1.201384 0
0.318658 0
0.364476 0
0.221820 0
0.803461 0
0.089948 0
0.613608 0
0.078893 0
0.548710 0
1.424216 0
1.130126 0
0.249273 0
0.454212 0
0.952651 0
0.059187 0
0.195523 0
0.407557 0
0.620744 0
0.566241 0
1.480406 0
0.216263 0
0.020878 0
0.810037 0
0.309795 0
0.076813 0
0.101413 0
0.049984 0
0.518854 0
0.235824 0
1.299221 0
0.072065 0
0.111382 0
0.480812 0
0.235716 0
0.609161 0
0.014062 0
0.037352 0
0.838831 0
0.233526 0
0.587741 0
0.114678 0
0.115601 0
0.537001 0
0.192311 0
0.092149 0
0.170524 0
1.525835 0
0.027545 0
0.520459 0
0.044745 0
0.248376 0
1.451696 0
0.282940 0
1.371502 0
1.710046 0
0.601333 0
0.368537 0
0.248186 0
0.026559 0
0.236304 0
0.351921 0
0.836581 0
0.100766 0
1.367219 0
0.115350 0
0.115371 0
0.386493 0
0.127090 0
0.080384 0
0.433522 0
0.856823 0
0.049404 0
1.385831 0
1.182520 0
0.326750 0
0.534642 0
0.360647 0
0.794320 0
0.526135 0
1.251436 0
0.719336 0
0.037211 0
0.457338 0
0.004803 0
1.207392 0
0.103477 0
0.304899 0
0.044679 0
0.265451 0
0.247220 0
0.087787 0
0.554987 0
0.767200 0
0.061305 0
0.098850 0
1.337147 0
0.489039 0
0.558082 0
1.399926 0
0.767140 0
0.265374 0
0.417099 0
1.801862 0
0.361785 0
0.575300 0
0.965683 0
1.145357 0
0.366908 0
0.165707 0
0.413798 0
0.252149 0
0.847234 0
0.200606 0
0.067881 0
0.435494 0
0.260227 0
0.492756 0
0.272430 0
2.188762 0
0.255511 0
0.086952 0
0.375699 0
0.527974 0
0.133627 0
1.316090 0
0.221265 0
0.144089 0
0.666502 0
0.253951 0
0.916303 0
0.186431 0
0.417363 0
0.968766 0
0.221241 0
1.061293 0
0.339751 0
0.060579 0
0.120551 0
1.534737 0
0.132714 0
0.009911 0
0.585776 0
1.312470 0
0.205962 0
0.627659 0
0.106127 0
0.312376 0
0.195924 0
0.722268 0
0.244133 0
0.482844 0
0.368782 0
0.394195 0
0.008790 0
0.710526 0
0.223631 0
0.120616 0
0.262010 0
0.332783 0
0.634909 0
0.419303 0
0.264485 0
0.702249 0
1.454584 0
0.233559 0
0.099092 0
1.103079 0
0.573533 0
0.057572 0
1.366913 0
0.193618 0
0.048851 0
0.084192 0
0.241945 0
0.073307 0
0.127372 0
0.326418 0
0.133186 0
0.615840 0
1.134717 0
1.224534 0
0.084851 0
0.554677 0
0.880964 0
0.380366 0
0.551933 0
0.121679 0
0.020919 0
0.143092 0
0.154921 0
0.325686 0
0.751188 0
1.496312 0
0.674345 0
0.179784 0
0.507090 0
0.344213 0
1.394954 0
0.099516 0
0.256208 0
0.185066 0
0.071516 0
0.562082 0
0.086549 0
0.998295 0
1.000654 0
0.055313 0
0.890035 0
0.720526 0
0.362537 0
0.055662 0
0.335240 0
0.971874 0
0.762740 0
0.620830 0
0.028208 0
0.513783 0
0.910151 0
0.093774 0
0.773449 0
0.554515 0
1.530217 0
0.042810 0
0.549312 0
0.795144 0
0.468155 0
0.042380 0
0.938290 0
0.728742 0
0.410481 0
1.266070 0
0.248634 0
0.430738 0
0.215360 0
1.750720 0
0.480235 0
0.079679 0
1.471912 0
0.767137 0
0.267722 0
0.817099 0
0.021999 0
0.164761 0
0.171971 0
0.029792 0
0.341526 0
0.465385 0
0.506633 0
0.193021 0
0.191471 0
0.582224 0
0.224156 0
0.774341 0
1.588516 0
0.109422 0
0.666524 0
0.017861 0
0.487402 0
0.387670 0
0.469424 0
0.031392 0
0.452704 0
0.390621 0
0.750199 0
0.338188 0
0.230927 0
0.172849 0
0.055971 0
0.100002 0
0.380539 0
0.360428 0
0.003882 0
0.639691 0
0.125931 0
0.612871 0
0.153625 0
0.383215 0
0.181177 0
0.273597 0
0.928928 0
0.466192 0
1.168437 0
0.295413 0
0.258301 0
0.523287 0
0.109931 0
0.670638 0
0.070338 0
0.204483 0
1.235499 0
0.186074 0
1.002106 0
0.150177 0
0.381882 0
0.512190 0
0.164433 0
0.105227 0
0.287335 0
1.408721 0
0.589738 0
1.636318 0
0.088556 0
0.182122 0
0.061809 0
0.968205 0
0.616273 0
0.646999 0
1.433100 0
0.801221 0
0.436968 0
1.226268 0
0.240604 0
0.014046 0
0.684273 0
0.050326 0
0.529191 0
0.304690 0
0.634545 0
0.088659 0
0.061474 0
1.362454 0
0.171457 0
0.320991 0
1.502132 0
0.239973 0
0.902055 0
0.077172 0
1.418430 0
1.013380 0
0.523677 0
0.042041 0
0.774623 0
0.110894 0
0.370512 0
0.034565 0
0.199258 0
0.169361 0
0.220558 0
0.372336 0
0.357015 0
0.178985 0
0.436112 0
0.089407 0
1.419951 0
0.126117 0
0.510301 0
0.006292 0
0.092738 0
0.362416 0
1.110128 0
0.152633 0
1.026905 0
0.016710 0
0.610860 0
1.415514 0
0.061840 0
0.380385 0
0.265679 0
0.354409 0
0.929419 0
0.562438 0
0.333820 0
0.288408 0
0.453002 0
0.438526 0
0.105258 0
0.040243 0
0.192905 0
0.159331 0
0.587236 0
0.740428 0
0.359341 0
0.251638 0
0.137003 0
0.610251 0
1.192287 0
0.110349 0
0.910259 0
0.150360 0
0.378837 0
0.549626 0
0.981759 0
0.038620 0
0.728072 0
0.308305 0
0.331905 0
0.131213 0
1.599805 0
0.036069 0
0.144079 0
0.732154 0
0.168500 0
0.503438 0
0.201695 0
0.243589 0
0.152735 0
1.255297 0
0.693472 0
0.095890 0
0.304184 0
0.143743 0
1.227366 0
0.017900 0
0.183238 0
0.170708 0
0.287500 0
0.091904 0
0.839400 0
0.405042 0
0.233555 0
0.020253 0
0.015618 0
0.030609 0
0.071723 0
1.097086 0
0.170093 0
1.037854 0
0.015484 0
0.291187 0
0.333148 0
1.176647 0
0.438338 0
0.435666 0
0.141972 0
0.117588 0
0.084452 0
0.407097 0
0.300239 0
0.505315 0
0.606327 0
1.030276 0
1.167305 0
0.266054 0
0.067733 0
0.826381 0
0.119378 0
0.119491 0
0.458504 0
0.188616 0
0.262450 0
0.020732 0
0.470273 0
0.532410 0
1.370698 0
0.556776 0
0.031246 0
0.136459 0
1.322974 0
0.990994 0
0.244498 0
0.003292 0
0.038173 0
0.743786 0
0.077591 0
0.003568 0
0.750007 0
0.351458 0
1.507679 0
1.377294 0
0.115619 0
0.230325 0
0.129938 0
0.593523 0
0.001422 0
0.290671 0
0.345056 0
0.158153 0
0.042377 0
0.374742 0
1.274085 0
0.234963 0
0.330492 0
0.213879 0
0.092468 0
0.427872 0
0.211260 0
0.550135 0
1.528382 0
0.258208 0
1.613641 0
0.738998 0
0.656038 0
0.414594 0
0.506258 0
0.202435 0
0.165316 0
0.181934 0
0.235628 0
0.033386 0
0.473344 0
0.532148 0
0.061940 0
0.318537 0
0.400196 0
1.608529 0
1.095314 0
0.316512 0
0.338167 0
0.390581 0
0.114830 0
0.199619 0
0.089842 0
0.452013 0
0.446763 0
0.073182 0
1.293961 0
0.496042 0
0.262790 0
0.321122 0
0.718946 0
0.446918 0
0.460639 0
0.058032 0
0.204754 0
0.056346 0
0.168785 0
1.083512 0
0.407843 0
0.117856 0
0.314989 0
1.588581 0
0.163058 0
0.325076 0
0.140999 0
1.334378 0
0.112157 0
0.032490 0
0.666298 0
0.041346 0
1.117412 0
0.428280 0
0.261512 0
0.228636 0
0.453318 0
0.854375 0
1.423376 0
0.035010 0
0.104766 0
0.080429 0
0.048218 0
0.815044 0
0.128439 0
0.507759 0
1.035134 0
0.103538 0
1.167275 0
0.608044 0
0.327070 0
0.117281 0
0.003658 0
0.038836 0
0.372126 0
1.184792 0
0.722113 0
1.411367 0
0.225548 0
0.203346 0
0.231109 0
0.191774 0
0.203642 0
0.020943 0
0.226928 0
0.149228 0
0.358738 0
1.120832 0
0.341700 0
0.124960 0
0.563957 0
1.233569 0
0.296875 0
0.062757 0
0.049702 0
0.657153 0
0.463431 0
0.040654 0
0.305594 0
0.358914 0
0.676855 0
0.868730 0
0.200375 0
0.241140 0
0.933519 0
0.180388 0
0.054505 0
1.471869 0
0.361080 0
0.145923 0
0.347700 0
0.905452 0
0.120894 0
0.158869 0
0.105321 0
0.426358 0
0.715510 0
0.424883 0
0.273195 0
1.383134 0
0.506808 0
0.274480 0
1.048885 0
0.576089 0
0.794924 0
1.345277 0
0.058293 0
0.260114 0
0.082267 0
0.795995 0
0.150675 0
0.282124 0
0.093747 0
0.607900 0
0.885013 0
0.246879 0
0.313184 0
0.192926 0
0.347845 0
0.331668 0
0.929771 0
0.145541 0
0.020553 0
0.194249 0
0.477993 0
1.355899 0
0.771511 0
0.627843 0
0.932979 0
0.167301 0
1.277383 0
1.150506 0
0.269143 0
0.005446 0
0.858698 0
0.097648 0
0.211168 0
0.364232 0
0.105564 0
0.463297 0
1.163889 0
0.136460 0
0.207518 0
0.229717 0
1.066417 0
0.004468 0
1.242372 0
0.589950 0
0.715512 0
0.603867 0
0.338169 0
0.341806 0
0.372362 0
0.458803 0
0.535115 0
1.216983 0
0.415963 0
0.840851 0
0.684742 0
0.602434 0
0.121176 0
0.526841 0
0.257810 0
0.083119 0
0.751316 0
0.111308 0
0.028335 0
0.704521 0
0.038848 0
0.348950 0
0.868224 0
0.462294 0
0.256531 0
0.429337 0
0.815179 0
0.215131 0
0.841684 0
0.833541 0
0.784781 0
0.178465 0
0.387539 0
0.334069 0
0.814528 0
0.500332 0
0.031117 0
1.302035 0
0.359054 0
0.107401 0
0.043550 0
0.154122 0
1.010148 0
0.508713 0
0.313461 0
0.916152 0
0.407436 0
0.513461 0
2.093945 0
0.064825 0
0.114849 0
1.308045 0
0.506177 0
1.146410 0
0.019452 0
0.504766 0
0.382888 0
0.122753 0
0.136007 0
0.327471 0
0.402902 0
0.645035 0
0.008309 0
0.088726 0
0.851069 0
0.225014 0
0.834877 0
0.109643 0
0.020432 0
0.004751 0
0.013185 0
0.384970 0
1.482166 0
0.528559 0
0.011072 0
0.442974 0
0.249853 0
0.791347 0
1.378314 0
0.209416 0
0.389169 0
0.104512 0
0.423415 0
1.505066 0
0.454509 0
0.207006 0
0.024147 0
0.370462 0
0.425656 0
0.915805 0
0.432283 0
0.165414 0
0.341110 0
0.101137 0
0.251248 0
0.946790 0
1.372351 0
0.301543 0
1.243086 0
0.730267 0
0.599384 0
1.366682 0
0.537126 0
0.614687 0
1.390892 0
0.764390 0
0.244599 0
1.042786 0
1.067383 0
0.256935 0
0.102151 0
0.326312 0
0.627121 0
0.179311 0
0.108750 0
0.117875 0
0.074219 0
0.335993 0
0.120559 0
0.312561 0
0.585919 0
0.524172 0
0.240924 0
0.445782 0
0.133245 0
0.151763 0
0.485724 0
0.263078 0
0.106672 0
0.276602 0
0.569590 0
1.510805 0
0.111678 0
0.259149 0
0.253168 0
1.397992 0
0.551844 0
0.138446 0
0.214248 0
0.451796 0
0.094174 0
0.398334 0
0.035671 0
0.165502 0
0.903053 0
0.517017 0
0.101397 0
1.423920 0
0.992434 0
0.550885 0
0.184281 0
1.018841 0
0.106374 0
0.157675 0
0.137979 0
0.035816 0
0.864592 0
1.470085 0
0.031642 0
0.362608 0
0.466122 0
0.540210 0
0.025532 0
0.396767 0
0.058815 0
0.225508 0
0.402096 0
0.391291 0
1.488430 0
0.351103 0
0.469455 0
0.324760 0
0.281164 0
0.410011 0
0.231604 0
0.020711 0
1.223119 0
0.544114 0
0.259705 0
0.168038 0
1.573061 0
0.106328 0
0.133107 0
0.763243 0
0.117234 0
0.210549 0
0.176183 0
0.718829 0
0.095443 0
0.023258 0
0.580648 0
0.747331 0
0.357699 0
0.083625 0
0.228558 0
0.023413 0
0.540784 0
0.042857 0
0.131803 0
0.121710 0
0.229131 0
0.070154 0
0.175078 0
1.505813 0
0.707369 0
0.202446 0
0.711909 0
0.058056 0
1.887307 0
0.311765 0
0.294072 0
0.808650 0
1.012636 0
0.140537 0
1.384621 0
0.173415 0
0.090303 0
1.025857 0
0.159458 0
0.061414 0
0.924839 0
0.136676 0
1.084786 0
0.053947 0
0.296801 0
0.431595 0
0.193700 0
0.066834 0
1.614277 0
0.310506 0
0.348671 0
0.335713 0
1.023834 0
0.154095 0
0.624504 0
0.161182 0
1.314574 0
0.737852 0
0.575154 0
0.027969 0
0.045493 0
0.544870 0
0.110827 0
0.571468 0
0.325278 0
0.096920 0
0.191104 0
1.004758 0
0.625657 0
0.057818 0
0.024436 0
0.485654 0
0.099264 0
0.763359 0
0.012117 0
0.175123 0
0.371549 0
0.051651 0
1.550072 0
1.500193 0
0.468118 0
0.146580 0
0.863140 0
0.535773 0
0.385802 0
0.475341 0
0.433802 0
0.939301 0
0.296297 0
0.215972 0
0.111281 0
0.245421 0
0.247897 0
0.308143 0
0.033804 0
0.219740 0
0.614076 0
0.012567 0
0.294652 0
0.736771 0
0.936015 0
0.253062 0
0.386225 0
1.239191 0
0.957844 0
0.085475 0
0.962907 0
0.057085 0
1.026531 0
0.312459 0
0.359440 0
0.237003 0
1.436906 0
0.713012 0
0.586402 0
0.177899 0
0.264671 0
0.085574 0
1.459868 0
1.503470 0
0.505751 0
0.559732 0
0.834708 0
0.442071 0
0.611571 0
0.146591 0
0.545724 0
0.296744 0
0.527881 0
0.378665 0
0.075092 0
0.459813 0
0.971810 0
1.102731 0
0.289715 0
0.026960 0
0.161400 0
0.977971 0
0.285845 0
0.070579 0
0.763282 0
1.413616 0
0.136043 0
0.216521 0
0.798150 0
0.188287 0
0.157659 0
0.871989 0
0.611198 0
1.138280 0
0.267051 0
0.041567 0
0.261157 0
0.066634 0
0.206735 0
0.015299 0
0.024989 0
0.361517 0
0.357817 0
1.309986 0
0.125099 0
0.455706 0
0.187900 0
0.558782 0
0.339163 0
0.153054 0
0.054354 0
0.268139 0
0.118550 0
0.234131 0
0.400364 0
1.023707 0
0.053799 0
0.174487 0
0.176857 0
0.223894 0
0.063742 0
0.974972 0
0.139701 0
0.150085 0
0.078284 0
0.232098 0
0.329041 0
1.194616 0
0.036420 0
0.095771 0
0.540636 0
0.415184 0
0.260112 0
0.371075 0
0.016275 0
1.044433 0
0.286008 0
0.072743 0
1.502926 0
0.475937 0
1.389889 0
0.065810 0
1.196067 0
0.602710 0
0.889513 0
0.347241 0
0.118998 0
0.033170 0
0.005444 0
0.486822 0
1.365553 0
0.414827 0
0.205351 0
0.033805 0
0.149547 0
0.114971 0
0.268022 0
0.272936 0
0.606959 0
0.054137 0
0.157170 0
0.049575 0
0.915581 0
0.097888 0
0.853160 0
1.110667 0
0.263156 0
0.438982 0
0.098176 0
1.260577 0
0.655386 0
0.330591 0
0.617443 0
0.732160 0
0.110156 0
0.080334 0
0.500629 0
0.170029 0
0.674520 0
0.671738 0
1.578738 0
1.039255 0
0.257558 0
0.342381 0
0.125853 0
1.977466 0
0.171277 0
0.733732 0
0.117910 0
1.628065 0
0.180074 0
0.794074 0
0.222785 0
0.133914 0
1.251559 0
0.364943 0
0.444527 0
0.143133 0
0.552313 0
1.232272 0
0.899612 0
0.360054 0
0.103803 0
0.120718 0
0.137528 0
0.868275 0
1.337711 0
0.388568 0
0.501654 0
0.066289 0
0.342225 0
0.121712 0
0.293673 0
0.347872 0
0.573038 0
0.040744 0
0.163031 0
0.042523 0
0.461159 0
0.259783 0
0.002347 0
1.324239 0
0.116899 0
0.301292 0
0.461560 0
0.284652 0
0.136787 0
0.072280 0
0.044709 0
0.458482 0
0.373715 0
0.384611 0
0.088538 0
1.667518 0
0.311411 0
0.752289 0
0.298134 0
0.358161 0
0.026011 0
1.629745 0
0.232995 0
0.777577 0
0.275210 0
0.404330 0
0.134490 0
0.617469 0
0.551148 0
0.152381 0
0.312454 0
1.433870 0
1.126288 0
0.474408 0
1.316512 0
0.726551 0
0.212427 0
0.896726 0
1.205402 0
1.245776 0
0.124639 0
1.416294 0
0.600870 0
0.403403 0
0.300057 0
0.732424 0
0.301883 0
0.125853 0
0.387345 0
0.027662 0
0.179699 0
0.028343 0
0.819523 0
0.448076 0
0.154399 0
0.362812 0
1.806837 0
0.335063 0
0.116457 0
0.126934 0
0.194899 0
0.379900 0
0.110087 0
0.720796 0
0.043563 0
0.367497 0
0.542744 0
0.368207 0
1.006714 0
0.143977 0
0.893723 0
0.105080 0
0.533283 0
0.584948 0
0.377599 0
1.292739 0
0.185230 0
0.488319 0
1.075238 0
0.234711 0
0.466487 0
0.438823 0
0.246136 0
0.702348 0
0.684666 0
0.101865 0
0.039765 0
0.456363 0
1.269301 0
0.122018 0
0.449874 0
0.405944 0
0.235979 0
0.029313 0
0.055193 0
1.032949 0
0.369641 0
0.187392 0
0.057937 0
0.211686 0
0.832684 0
0.164115 0
0.380653 0
0.136576 0
1.120947 0
1.420084 0
0.467241 0
1.110824 0
0.193580 0
0.061692 0
0.051230 0
0.667546 0
0.339531 0
0.190597 0
0.416300 0
0.246762 0
0.830430 0
0.781067 0
0.439264 0
0.776687 0
0.157995 0
0.974701 0
0.937195 0
0.222351 0
0.144569 0
0.677638 0
1.006219 0
0.392566 0
0.363281 0
0.305738 0
0.010552 0
0.669763 0
0.881839 0
0.239401 0
0.481187 0
0.472573 0
1.112899 0
0.360529 0
0.328004 0
0.333838 0
0.166586 0
0.042933 0
0.081487 0
0.154245 0
0.209500 0
0.101187 0
1.219578 0
0.148410 0
0.318183 0
0.227981 0
0.414460 0
0.273359 0
0.550026 0
1.701640 0
0.672201 0
1.511231 0
1.067986 0
1.482290 0
0.301059 0
0.134330 0
0.593337 0
0.184945 0
0.283516 0
0.543791 0
0.470861 0
0.105261 0
0.429594 0
0.614596 0
0.373194 0
1.162687 0
0.244399 0
0.739460 0
0.039664 0
0.082241 0
0.021710 0
1.287722 0
0.991934 0
0.355407 0
0.029750 0
0.060105 0
1.758457 0
0.854858 0
1.529847 0
0.384915 0
0.084163 0
0.033522 0
0.041495 0
0.415405 0
0.100085 0
1.045377 0
1.698020 0
0.371087 0
0.203524 0
0.314939 0
0.408799 0
1.093655 0
0.012432 0
1.366867 0
0.863686 0
0.943633 0
0.232212 0
0.004258 0
0.320256 0
0.105562 0
0.277684 0
0.641160 0
0.131930 0
0.047930 0
1.171566 0
0.126375 0
0.506582 0
0.780256 0
0.108653 0
0.510291 0
0.307774 0
0.130378 0
0.653419 0
0.084690 0
0.512086 0
0.157545 0
0.452463 0
0.256439 0
1.514920 0
0.420314 0
0.615419 0
0.299159 0
0.636534 0
0.297203 0
0.592162 0
0.188565 0
1.690194 0
1.487938 0
1.681920 0
0.884065 0
1.458299 0
0.144029 0
0.469531 0
0.378533 0
0.426946 0
0.325643 0
1.479672 0
0.256270 0
0.582248 0
0.230135 0
0.513851 0
0.137494 0
0.202417 0
0.559676 0
0.513477 0
0.518717 0
0.057641 0
1.501748 0
0.573748 0
0.550216 0
0.096762 0
0.087619 0
0.380932 0
0.093557 0
0.200655 0
0.505264 0
0.100726 0
0.846346 0
0.271410 0
0.264983 0
0.037799 0
0.737233 0
0.808441 0
1.104511 0
0.143417 0
0.909865 0
1.349804 0
0.542866 0
1.417861 0
0.314171 0
1.170412 0
0.545145 0
0.006237 0
0.574920 0
0.623216 0
0.067323 0
0.234537 0
0.435624 0
1.136998 0
0.343563 0
0.128857 0
0.186310 0
0.174335 0
0.749168 0
0.454221 0
0.145181 0
0.485601 0
0.649193 0
0.500232 0
0.045852 0
0.592971 0
0.421117 0
0.532622 0
0.382950 0
0.637612 0
0.573607 0
0.754067 0
0.366956 0
0.070324 0
0.214120 0
0.161333 0
0.218997 0
1.826720 0
1.053103 0
0.311932 0
0.979179 0
0.241566 0
0.364506 0
0.186060 0
0.084573 0
1.084383 0
0.876394 0
0.294433 0
0.851616 0
0.236835 0
0.124662 0
0.017927 0
0.373370 0
0.888229 0
0.108567 0
0.144084 0
0.202424 0
0.382737 0
0.369169 0
0.166383 0
0.548703 0
0.011792 0
0.302006 0
0.709586 0
0.533939 0
0.282984 0
0.430173 0
0.223416 0
0.661913 0
0.458229 0
0.124230 0
0.745856 0
1.063172 0
0.013732 0
0.980009 0
0.117247 0
0.101014 0
0.464458 0
0.299483 0
0.402918 0
0.254435 0
0.330234 0
0.924764 0
0.085177 0
0.149716 0
0.373194 0
0.677128 0
1.156400 0
0.339329 0
1.414371 0
0.441562 0
0.096875 0
0.586057 0
0.560053 0
0.484260 0
0.121042 0
0.003308 0
0.217774 0
0.228924 0
0.427484 0
0.516777 0
1.354175 0
0.428105 0
0.259904 0
0.032273 0
0.239868 0
0.816274 0
0.358001 0
0.222109 0
0.311400 0
1.434586 0
0.538540 0
0.086373 0
0.044370 0
0.805045 0
0.670663 0
0.521312 0
0.004349 0
0.090614 0
0.079489 0
0.830918 0
0.476214 0
0.085858 0
0.797283 0
0.479070 0
0.534176 0
0.146114 0
0.318803 0
0.944692 0
1.836169 0
0.721370 0
0.248752 0
0.266294 0
0.298428 0
0.081171 0
0.632298 0
0.854186 0
0.151101 0
0.115951 0
1.147033 0
0.617730 0
0.114340 0
0.090919 0
0.280476 0
0.494142 0
0.060706 0
0.354430 0
0.372411 0
0.090537 0
0.663773 0
0.175517 0
0.381893 0
0.310522 0
0.467763 0
1.226072 0
0.274667 0
0.025160 0
0.264753 0
1.599610 0
0.865790 0
0.197703 0
1.236824 0
0.355079 0
1.085383 0
0.352575 0
0.937836 0
0.219359 0
1.181836 0
0.148371 0
0.424427 0
0.072707 0
0.176495 0
0.125882 0
0.741764 0
0.614692 0
0.054498 0
0.056340 0
0.105648 0
0.260300 0
0.044952 0
0.231394 0
0.029680 0
0.479656 0
0.356575 0
0.716562 0
0.612761 0
0.548356 0
0.129651 0
0.030245 0
1.286235 0
0.185655 0
0.467872 0
0.132675 0
0.217514 0
0.162826 0
0.551124 0
0.012412 0
0.057549 0
0.290867 0
0.293468 0
0.482468 0
1.005980 0
1.424131 0
0.245509 0
0.055295 0
0.272102 0
0.435009 0
0.520366 0
0.012327 0
1.309093 0
1.427674 0
0.204362 0
0.448572 0
1.015255 0
0.044964 0
0.426186 0
0.236151 0
0.255929 0
0.087254 0
0.409833 0
1.367171 0
0.154345 0
0.462300 0
0.371524 0
0.176644 0
0.232143 0
0.903200 0
0.018543 0
1.189918 0
0.667676 0
1.407011 0
1.435870 0
1.361471 0
0.079380 0
1.195736 0
2.421639 0
0.489906 0
0.071854 0
0.295219 0
0.059914 0
0.674275 0
0.262730 0
0.237126 0
0.840941 0
0.530856 0
0.130662 0
0.404599 0
0.293828 0
0.085402 0
0.135273 0
0.964382 0
0.576428 0
0.191964 0
0.062113 0
1.360504 0
1.437892 0
0.230569 0
0.287431 0
0.278362 0
0.239656 0
0.062190 0
0.086641 0
0.296185 0
0.074838 0
0.174857 0
0.291921 0
0.125477 0
1.231779 0
0.135194 0
0.425241 0
0.148636 0
0.172239 0
0.045016 0
0.959921 0
0.054610 0
0.107397 0
0.338521 0
0.340669 0
0.088351 0
0.100603 0
0.083384 0
0.030092 0
0.548163 0
0.480143 0
1.401266 0
1.288875 0
0.059798 0
0.979067 0
1.488625 0
0.334213 0
0.304498 0
1.012857 0
0.170174 0
0.338469 0
0.659697 0
0.082363 0
1.402007 0
0.183829 0
0.759493 0
0.724963 0
1.549783 0
0.070283 0
0.322665 0
0.542431 0
1.432174 0
0.765138 0
0.284958 0
0.112707 0
0.076817 0
0.389923 0
0.559416 0
0.125310 0
0.446882 0
0.295513 0
0.110858 0
0.907904 0
0.093938 0
0.137617 0
0.284724 0
0.106644 0
0.293503 0
1.449041 0
0.279697 0
0.212289 0
0.114371 0
0.175322 0
0.139478 0
0.003984 0
0.096507 0
0.531441 0
0.807394 0
0.688273 0
0.013100 0
0.260798 0
0.187714 0
0.111504 0
0.332413 0
0.874899 0
0.824776 0
0.502773 0
1.360434 0
0.740605 0
0.654370 0
0.378064 0
0.291750 0
0.308725 0
0.222509 0
0.486761 0
0.581312 0
0.248907 0
0.193339 0
0.051294 0
0.762864 0
1.168775 0
0.465162 0
1.185119 0
0.265708 0
0.687238 0
0.389305 0
0.329152 0
0.590659 0
0.191706 0
0.072930 0
0.560159 0
0.383907 0
1.062683 0
0.080651 0
0.466161 0
0.324143 0
0.830123 0
0.397249 0
0.101087 0
0.327195 0
0.034718 0
0.061511 0
0.391694 0
0.123723 0
0.711158 0
0.888200 0
0.019718 0
0.178819 0
0.934668 0
0.544723 0
0.371771 0
0.005422 0
0.230197 0
0.202111 0
1.435439 0
0.403615 0
0.099086 0
1.207198 0
0.075729 0
0.072252 0
0.472738 0
0.113582 0
0.079446 0
0.147022 0
1.601880 0
0.231043 0
0.162108 0
1.363030 0
0.449440 0
0.020054 0
0.089055 0
0.153316 0
0.279564 0
0.341180 0
0.093853 0
0.496509 0
0.309015 0
0.004470 0
1.691878 0
0.427323 0
0.596434 0
0.025670 0
0.023181 0
0.101623 0
0.027233 0
0.572519 0
0.653068 0
0.437537 0
0.612171 0
0.439456 0
0.561086 0
0.050756 0
0.329001 0
0.558937 0
1.335182 0
0.298795 0
0.328188 0
1.117062 0
0.346438 0
0.560614 0
1.473454 0
0.071839 0
1.202345 0
0.103277 0
0.752153 0
0.627948 0
1.416193 0
0.631836 0
0.598101 0
0.604203 0
0.554039 0
0.458368 0
0.222984 0
0.351416 0
0.122413 0
0.503438 0
0.312405 0
0.359357 0
0.444320 0
0.267855 0
0.447812 0
0.072105 0
0.143890 0
1.043735 0
1.972151 0
0.889252 0
0.033955 0
1.272278 0
0.495784 0
1.504150 0
0.414509 0
0.570816 0
0.881107 0
0.054459 0
0.117280 0
0.767649 0
0.073147 0
0.945260 0
0.920625 0
0.131681 0
0.120227 0
0.180891 0
0.576610 0
0.115991 0
0.981473 0
0.053353 0
0.091736 0
0.161715 0
0.147864 0
0.113489 0
0.325974 0
0.118855 0
0.046545 0
1.215445 0
0.230056 0
1.281162 0
0.819973 0
0.735980 0
0.611921 0
0.243469 0
0.315951 0
0.156307 0
0.154576 0
0.214170 0
0.319660 0
0.678707 0
0.559574 0
0.701107 0
0.728484 0
0.156792 0
1.417101 0
0.784714 0
0.423514 0
0.860735 0
0.463549 0
1.723887 0
0.045676 0
1.217669 0
0.181030 0
0.675808 0
0.099333 0
0.051007 0
0.215977 0
0.013050 0
0.412714 0
0.058276 0
0.220949 0
0.298760 0
0.277918 0
0.250523 0
0.056619 0
1.195147 0
0.890789 0
0.365660 0
0.661712 0
0.620385 0
2.157903 0
0.275715 0
0.225242 0
0.673067 0
0.768930 0
0.082435 0
0.496829 0
0.150011 0
1.123349 0
0.214861 0
0.861020 0
0.153710 0
1.206227 0
0.142924 0
0.157076 0
0.752321 0
0.089430 0
0.259784 0
0.153586 0
0.792423 0
0.341658 0
0.302477 0
0.171128 0
0.202722 0
0.371091 0
1.269258 0
0.303681 0
0.299963 0
0.441004 0
0.300856 0
0.104526 0
0.069303 0
1.446146 0
1.370920 0
0.106753 0
0.250745 0
0.012040 0
0.058664 0
0.294791 0
0.590576 0
1.656019 0
0.209537 0
0.293573 0
0.414055 0
0.149293 0
0.407515 0
0.512164 0
0.050103 0
0.456420 0
0.664178 0
1.243118 0
0.119928 0
0.382910 0
0.015329 0
0.347847 0
0.029276 0
0.937972 0
0.394182 0
0.645218 0
0.020219 0
0.443262 0
0.270210 0
0.178773 0
1.480663 0
0.043036 0
0.369113 0
0.153484 0
0.391049 0
0.352491 0
0.335389 0
0.178990 0
0.261545 0
0.303568 0
0.146988 0
0.167163 0
0.286986 0
0.129600 0
1.112019 0
0.140861 0
0.076218 0
0.501352 0
0.016361 0
0.208079 0
0.236390 0
0.214039 0
0.425670 0
0.784846 0
0.378823 0
0.695041 0
1.143636 0
0.025539 0
0.222070 0
0.644420 0
0.455619 0
1.476230 0
0.150587 0
1.004287 0
1.540254 0
0.272551 0
0.128244 0
1.095591 0
0.727086 0
0.052196 0
0.079902 0
0.782971 0
1.011959 0
0.811591 0
0.145256 0
1.024003 0
0.278456 0
0.271646 0
0.143614 0
0.311170 0
0.855476 0
1.274748 0
0.092165 0
0.448283 0
0.144300 0
1.478336 0
0.053902 0
1.190854 0
0.335362 0
0.572497 0
0.900364 0
0.843670 0
1.762615 0
0.439999 0
0.165171 0
1.207659 0
1.302300 0
0.016959 0
0.143694 0
0.081891 0
0.598112 0
0.294132 0
0.338055 0
0.171443 0
0.186030 0
0.185453 0
0.129121 0
0.135178 0
0.808501 0
0.554398 0
0.147744 0
0.280705 0
0.410041 0
0.081392 0
0.490444 0
0.354665 0
0.263154 0
0.010076 0
0.081966 0
1.017169 0
0.007510 0
0.488064 0
0.231399 0
0.665817 0
0.092373 0
1.057167 0
1.135349 0
0.223707 0
0.010827 0
0.235341 0
0.087121 0
1.451730 0
0.018907 0
0.086144 0
0.002195 0
0.025045 0
1.024037 0
0.426473 0
1.499385 0
0.423903 0
0.254377 0
1.918899 0
0.003467 0
1.513465 0
0.232627 0
1.823986 0
0.045526 0
