0.540084 0
0.667264 0
0.256527 0
0.252899 0
0.840196 0
0.496955 0
1.127403 0
0.084467 0
0.404839 0
0.782351 0
0.278969 0
0.061127 0
1.029193 0
0.231874 0
0.208927 0
0.131090 0
0.869439 0
0.206095 0
0.030414 0
0.622594 0
0.054074 0
0.489736 0
0.038879 0
0.321591 0
0.600638 0
0.843815 0
0.244506 0
0.133903 0
0.022268 0
0.205544 0
0.214341 0
0.314610 0
1.330191 0
0.185469 0
0.132302 0
0.082656 0
0.275801 0
0.203328 0
1.164342 0
0.382785 0
1.070569 0
1.190559 0
1.127312 0
0.211220 0
0.750106 0
0.899854 0
0.192702 0
0.029305 0
0.564701 0
1.189299 0
0.135345 0
0.060979 0
0.368324 0
0.950682 0
0.017493 0
0.026469 0
0.567106 0
0.514167 0
0.027310 0
0.526388 0
0.240629 0
0.367494 0
0.086935 0
0.467548 0
0.208111 0
0.290300 0
0.658516 0
0.134976 0
0.049659 0
0.118459 0
1.179116 0
0.165540 0
0.370327 0
0.501313 0
1.582773 0
1.290426 0
0.547555 0
1.186324 0
0.991395 0
0.032310 0
0.975121 0
0.110827 0
0.123076 0
0.135110 0
0.150588 0
0.031623 0
0.131537 0
0.625454 0
0.137594 0
0.004717 0
0.803026 0
1.868320 0
0.098954 0
0.089241 0
0.239813 0
0.770510 0
1.049744 0
0.760017 0
0.753133 0
0.234130 0
0.731005 0
0.400730 0
0.549882 0
1.025277 0
0.296828 0
1.191623 0
1.445776 0
0.084840 0
0.154753 0
0.043977 0
0.509800 0
0.740432 0
0.053658 0
0.202370 0
1.136552 0
1.195272 0
0.830296 0
1.254082 0
1.078503 0
0.629085 0
0.378794 0
0.573379 0
0.486708 0
0.777861 0
0.303240 0
0.074648 0
0.487524 0
0.345224 0
0.963991 0
0.072386 0
0.026437 0
0.144727 0
0.597961 0
0.032596 0
0.682257 0
1.302986 0
0.098180 0
0.097493 0
0.068244 0
0.277337 0
0.185371 0
1.464608 0
0.029807 0
0.132533 0
0.331152 0
0.895575 0
0.700286 0
0.354378 0
0.099748 0
0.509788 0
0.064451 0
1.158460 0
0.406119 0
0.072141 0
0.519005 0
1.704601 0
0.119302 0
0.118395 0
0.588577 0
0.273713 0
0.317659 0
0.333394 0
0.435456 0
0.411996 0
0.136540 0
0.183867 0
0.038091 0
0.243390 0
0.112134 0
1.661557 0
0.677968 0
0.907958 0
0.009823 0
0.208057 0
0.163785 0
0.514577 0
0.969110 0
1.020375 0
0.756577 0
1.232549 0
0.848472 0
0.132023 0
1.255186 0
1.481818 0
0.664867 0
0.144504 0
0.735147 0
0.075627 0
0.405386 0
1.248890 0
0.484428 0
0.897337 0
1.337356 0
0.401368 0
0.120257 0
1.266455 0
1.013040 0
0.663189 0
0.583882 0
0.083332 0
0.496698 0
0.127044 0
0.604541 0
0.205345 0
0.042711 0
0.606562 0
1.683650 0
0.055339 0
0.272093 0
0.562792 0
0.178802 0
0.253913 0
0.073167 0
0.483943 0
0.181528 0
0.299970 0
0.151318 0
1.638040 0
0.585611 0
0.709926 0
0.274752 0
0.307175 0
0.589707 0
0.010744 0
1.069268 0
1.283616 0
0.111727 0
0.058811 0
0.068176 0
0.597682 0
0.299469 0
0.073626 0
0.143214 0
0.070769 0
0.692935 0
0.793071 0
0.704036 0
0.061799 0
0.033908 0
0.572306 0
0.070219 0
0.779631 0
0.533322 0
0.085657 0
0.222144 0
0.550847 0
0.636241 0
0.544773 0
0.254114 0
0.244718 0
0.297259 0
0.805138 0
0.987274 0
0.610930 0
0.147505 0
0.432690 0
0.305728 0
0.196284 0
0.411353 0
0.486470 0
1.503380 0
0.815873 0
0.059937 0
0.508313 0
0.103160 0
0.314209 0
0.543580 0
0.133312 0
0.863110 0
0.853339 0
0.157627 0
0.737306 0
0.471930 0
0.451427 0
0.062726 0
0.081379 0
1.406588 0
0.336289 0
0.798514 0
0.345202 0
0.497039 0
0.155966 0
0.182431 0
1.111626 0
0.424452 0
0.222803 0
0.908101 0
1.393657 0
0.579145 0
0.121450 0
0.426979 0
1.544721 0
0.095780 0
0.175970 0
0.522058 0
1.022590 0
0.160699 0
0.237603 0
0.378855 0
0.811096 0
0.346332 0
0.357225 0
0.677135 0
1.245237 0
0.492753 0
1.206936 0
0.361985 0
0.546116 0
0.105744 0
0.704194 0
0.442061 0
0.044886 0
0.115819 0
0.804055 0
0.913550 0
0.056550 0
1.379936 0
0.483703 0
1.008335 0
0.835875 0
0.024480 0
1.192747 0
0.629069 0
0.034331 0
1.317306 0
0.069509 0
1.016222 0
1.187608 0
0.534938 0
0.750933 0
0.029835 0
0.848552 0
0.102969 0
0.143836 0
0.037710 0
0.467466 0
1.409797 0
0.204582 0
0.366804 0
1.105218 0
0.360193 0
0.052608 0
0.157008 0
0.502710 0
0.309417 0
0.986045 0
0.029677 0
0.521968 0
0.085310 0
0.560282 0
0.165342 0
0.638890 0
0.081693 0
0.145865 0
0.437007 0
1.331080 0
0.557124 0
0.353427 0
0.351865 0
1.593848 0
0.320267 0
0.370166 0
0.127033 0
0.362356 0
0.117827 0
0.825296 0
0.270750 0
0.075548 0
0.524343 0
0.426292 0
0.102050 0
0.494864 0
1.310577 0
0.250148 0
1.014942 0
1.641403 0
0.300933 0
0.208855 0
1.078553 0
0.095898 0
0.383150 0
1.090607 0
0.257365 0
0.103757 0
0.132334 0
0.143344 0
0.568632 0
0.522246 0
0.499968 0
0.230902 0
0.494494 0
1.382421 0
0.490220 0
0.553084 0
0.062699 0
0.554052 0
0.030173 0
0.510988 0
0.425380 0
0.027759 0
1.381554 0
1.347344 0
1.594021 0
0.550317 0
0.284257 0
0.330105 0
1.115877 0
0.085223 0
0.054071 0
0.281502 0
1.788596 0
0.280639 0
0.839166 0
0.408152 0
0.065216 0
0.328889 0
1.492628 0
0.024874 0
0.103258 0
0.462563 0
1.067325 0
0.571815 0
0.057911 0
0.031149 0
1.128737 0
0.689569 0
0.255640 0
0.628041 0
0.170548 0
0.205702 0
0.908218 0
0.321142 0
0.346829 0
0.027067 0
0.005729 0
0.158189 0
0.397725 0
0.405086 0
1.492705 0
0.037761 0
0.045408 0
0.065461 0
0.110429 0
0.332688 0
0.467882 0
0.533847 0
0.516395 0
0.448904 0
0.255134 0
0.377376 0
1.377939 0
0.491131 0
0.129371 0
0.192687 0
0.265305 0
0.481305 0
0.153012 0
0.454809 0
0.634574 0
0.084998 0
0.277535 0
0.215081 0
0.568676 0
0.905794 0
0.236456 0
0.579469 0
0.218393 0
0.640578 0
0.377889 0
0.129052 0
0.176639 0
0.974734 0
0.472336 0
0.074489 0
1.436043 0
0.420169 0
0.334203 0
0.149945 0
0.054454 0
0.079150 0
0.461997 0
0.149237 0
0.139193 0
0.801414 0
0.128047 0
1.030616 0
0.041246 0
0.539128 0
0.070826 0
0.186239 0
0.048075 0
0.267424 0
0.725624 0
0.085867 0
0.494321 0
0.226743 0
0.053595 0
0.444505 0
0.369047 0
1.369054 0
0.385731 0
0.109768 0
0.787449 0
0.144110 0
0.360212 0
0.329462 0
0.106504 0
0.088940 0
0.473106 0
1.122344 0
0.451445 0
0.013951 0
0.189095 0
0.806067 0
0.042355 0
0.451306 0
1.138528 0
0.347514 0
0.397465 0
1.015915 0
0.758691 0
0.181709 0
0.479279 0
0.098201 0
0.291210 0
0.626090 0
0.539537 0
0.149731 0
0.403305 0
1.454401 0
0.003608 0
0.365040 0
0.740852 0
0.271924 0
0.196611 0
0.538447 0
0.938098 0
1.606336 0
0.954595 0
1.416691 0
1.292219 0
0.202715 0
0.162260 0
0.423290 0
0.769603 0
0.704784 0
0.149427 0
0.221806 0
1.139485 0
0.518569 0
1.744975 0
0.450830 0
1.518489 0
0.245682 0
0.104731 0
0.202605 0
0.989336 0
0.934592 0
0.131089 0
0.101455 0
1.317095 0
0.830970 0
0.455898 0
1.249651 0
1.481435 0
0.052759 0
0.323935 0
1.456636 0
0.278094 0
0.329864 0
0.411752 0
1.154673 0
0.422167 0
0.371864 0
0.308805 0
1.031390 0
0.620340 0
0.152404 0
0.008521 0
0.255299 0
0.057986 0
1.418735 0
0.892847 0
0.399993 0
1.045930 0
0.193619 0
0.013551 0
0.130145 0
0.501146 0
0.109878 0
0.069170 0
1.390382 0
0.527482 0
0.272939 0
0.134524 0
0.240883 0
0.070340 0
0.075790 0
0.785142 0
0.187266 0
0.081597 0
0.313849 0
0.106397 0
0.299158 0
0.903060 0
0.211522 0
0.275450 0
0.207327 0
0.041677 0
0.620766 0
0.131359 0
0.047666 0
1.042765 0
0.298594 0
0.067200 0
0.367627 0
0.099310 0
0.136820 0
0.477417 0
0.039877 0
1.887928 0
0.171507 0
1.392063 0
0.092180 0
0.982950 0
0.103696 0
0.451937 0
0.926269 0
1.692381 0
0.021023 0
0.383126 0
0.145733 0
0.276154 0
0.013557 0
0.251033 0
0.827116 0
1.404029 0
0.211301 0
0.339766 0
0.074089 0
0.301498 0
0.525037 0
0.307010 0
0.466745 0
0.772101 0
1.419374 0
0.662011 0
0.125934 0
0.780053 0
0.249351 0
0.177315 0
0.510606 0
1.524238 0
0.389764 0
0.725133 0
0.284845 0
1.114156 0
0.653966 0
0.701780 0
0.310282 0
0.202404 0
0.123441 0
1.374104 0
0.670273 0
0.036849 0
0.383408 0
0.714313 0
0.694313 0
0.380742 0
0.032692 0
0.702728 0
1.106183 0
0.351329 0
0.855234 0
0.353832 0
0.080048 0
0.278936 0
0.223390 0
0.124860 0
0.005030 0
0.098577 0
0.205201 0
0.302885 0
0.309048 0
0.211900 0
1.398054 0
0.252770 0
0.603040 0
0.235102 0
0.829427 0
0.383690 0
0.068836 0
1.043321 0
0.010778 0
1.015392 0
0.707503 0
0.069701 0
0.841431 0
1.578136 0
0.229732 0
0.462735 0
0.360239 0
0.280773 0
0.046622 0
0.080664 0
1.693355 0
0.664121 0
0.030610 0
0.100027 0
0.211817 0
0.098677 0
0.572896 0
0.693145 0
0.450302 0
0.582058 0
0.568846 0
0.320863 0
0.300792 0
0.070173 0
0.474749 0
0.427924 0
0.069003 0
0.180995 0
1.067629 0
0.564966 0
0.343661 0
0.143061 0
0.147064 0
1.100812 0
0.068387 0
0.434541 0
1.256284 0
0.217143 0
0.084793 0
0.760857 0
0.222660 0
0.177640 0
0.366857 0
0.211179 0
0.090243 0
0.504384 0
0.237367 0
0.194746 0
0.111438 0
0.072109 0
0.419568 0
0.914468 0
0.072710 0
0.618890 0
0.184050 0
0.314259 0
0.611666 0
0.193922 0
0.031425 0
0.014786 0
0.517258 0
0.273641 0
0.642663 0
0.213377 0
0.512545 0
0.297808 0
0.021965 0
0.106057 0
1.145104 0
0.253306 0
0.272359 0
0.044401 0
0.397345 0
0.403733 0
1.263487 0
0.872754 0
0.742509 0
1.490428 0
0.432728 0
0.016187 0
0.313130 0
1.449496 0
0.766821 0
1.292024 0
0.517320 0
0.345930 0
0.354806 0
0.206956 0
0.187959 0
0.409522 0
0.145162 0
1.133143 0
1.052854 0
0.917103 0
0.952123 0
0.028640 0
1.679022 0
0.173766 0
0.747978 0
0.401034 0
0.090558 0
0.546447 0
0.052603 0
0.005085 0
0.030489 0
1.473005 0
0.541396 0
0.125910 0
0.245466 0
0.108812 0
0.127486 0
0.853864 0
0.737325 0
0.026580 0
0.525700 0
0.436564 0
0.339821 0
0.505844 0
1.128674 0
0.144366 0
0.321192 0
0.411003 0
0.436250 0
0.165588 0
0.447443 0
0.467374 0
0.574542 0
0.580406 0
0.133163 0
0.149665 0
0.239204 0
0.573835 0
0.810685 0
0.930003 0
0.339002 0
0.255974 0
0.019748 0
0.896139 0
0.023213 0
0.127020 0
0.280196 0
0.243535 0
0.081118 0
0.688356 0
0.285748 0
0.193245 0
0.392925 0
1.408998 0
0.838815 0
0.461870 0
0.368937 0
1.036597 0
0.986714 0
0.248153 0
0.292205 0
0.261126 0
0.074820 0
0.024068 0
0.998825 0
0.538068 0
0.246755 0
0.275831 0
0.395673 0
0.048196 0
0.435287 0
0.455292 0
0.344910 0
0.626030 0
0.070447 0
0.366761 0
0.789828 0
0.561779 0
0.071275 0
0.949419 0
0.383262 0
0.006378 0
0.606614 0
0.456868 0
1.245732 0
0.127552 0
0.461029 0
1.386438 0
0.852012 0
0.004467 0
0.360818 0
0.595944 0
0.279259 0
0.142115 0
0.060480 0
0.826471 0
0.240985 0
0.917966 0
0.145514 0
0.479581 0
0.278090 0
0.680212 0
0.017822 0
0.141249 0
0.285582 0
0.605916 0
0.275147 0
0.992450 0
0.498661 0
0.415802 0
0.013578 0
0.507992 0
0.377128 0
0.146703 0
0.428646 0
0.220454 0
0.022671 0
0.035948 0
0.471712 0
0.429596 0
0.852690 0
0.157840 0
0.865375 0
0.057579 0
0.850725 0
0.465023 0
0.682970 0
0.326784 0
0.281477 0
0.149804 0
0.104114 0
0.109972 0
0.201529 0
0.258368 0
1.321327 0
0.403744 0
0.340639 0
0.437053 0
0.420189 0
1.191441 0
1.213288 0
1.488278 0
0.386513 0
0.624230 0
0.515118 0
0.235001 0
0.214485 0
0.549760 0
0.765198 0
0.416150 0
0.084771 0
0.470280 0
1.039549 0
0.575009 0
2.024055 0
0.385851 0
0.336352 0
0.310231 0
0.814447 0
1.490232 0
0.127165 0
1.478369 0
0.192024 0
0.265304 0
0.157085 0
0.165361 0
0.031877 0
0.536815 0
0.205182 0
0.957199 0
0.429295 0
0.593730 0
0.396509 0
0.226448 0
0.124192 0
1.091926 0
1.445791 0
0.305558 0
0.455121 0
0.354756 0
0.124743 0
0.807334 0
1.369707 0
0.136523 0
1.074915 0
0.759069 0
0.005389 0
0.651333 0
0.335937 0
0.050663 0
0.332345 0
0.472615 0
0.123684 0
0.812461 0
1.381801 0
0.218339 0
0.061328 0
0.808791 0
0.175091 0
0.045726 0
1.042877 0
0.028666 0
0.312167 0
0.078372 0
0.016038 0
0.327601 0
0.305928 0
0.622905 0
0.656726 0
0.161352 0
0.371740 0
1.229359 0
0.023491 0
0.313582 0
0.136636 0
0.193085 0
0.446450 0
0.422036 0
0.077420 0
0.184210 0
1.616404 0
0.506515 0
0.164845 0
1.718828 0
0.657965 0
0.976732 0
0.607501 0
0.937393 0
0.430079 0
0.962143 0
0.806786 0
0.191972 0
0.319015 0
0.675200 0
0.058066 0
0.475248 0
0.396220 0
0.463219 0
0.244699 0
0.050918 0
0.218097 0
0.095764 0
0.776783 0
0.359927 0
0.313753 0
0.260142 0
0.022137 0
0.067411 0
0.071816 0
0.140691 0
1.044819 0
0.888787 0
0.571394 0
0.421678 0
0.730024 0
0.161111 0
0.026957 0
1.226585 0
0.180961 0
0.091961 0
0.995316 0
0.117645 0
0.118301 0
0.063650 0
0.222254 0
0.023182 0
0.068446 0
0.026442 0
0.203620 0
0.057892 0
0.237705 0
0.558349 0
0.571194 0
0.807431 0
0.017666 0
0.497041 0
0.882282 0
0.270067 0
0.288130 0
0.924072 0
0.072758 0
0.671341 0
0.042417 0
0.528943 0
0.423298 0
0.235560 0
0.254716 0
0.017508 0
0.668672 0
0.057629 0
0.014234 0
0.056465 0
0.485551 0
0.078128 0
0.390599 0
0.059666 0
0.400020 0
0.422343 0
0.032890 0
0.168154 0
0.012918 0
0.600936 0
0.018090 0
0.121063 0
0.345712 0
0.057412 0
0.104017 0
0.130307 0
0.354882 0
0.291784 0
0.063232 0
1.022824 0
0.078394 0
0.430517 0
0.063735 0
0.552330 0
0.058751 0
0.492721 0
0.786367 0
0.542170 0
0.111766 0
0.201478 0
0.113730 0
0.065959 0
0.741970 0
0.438448 0
1.139192 0
0.624231 0
0.550560 0
1.115685 0
1.445462 0
0.535456 0
0.758119 0
1.782644 0
0.994938 0
0.923881 0
0.139307 0
0.238483 0
0.459012 0
0.172376 0
0.303893 0
0.069802 0
0.855951 0
0.270024 0
0.188331 0
0.373615 0
0.247592 0
0.127482 0
1.049563 0
0.432276 0
1.062950 0
0.210903 0
0.755667 0
0.402309 0
0.031865 0
0.268284 0
0.626255 0
0.264404 0
0.289335 0
0.883925 0
0.062285 0
0.286847 0
0.083848 0
0.140722 0
0.878994 0
0.483413 0
0.289477 0
1.323813 0
0.767310 0
0.049282 0
0.095480 0
0.111324 0
0.036162 0
0.470153 0
0.493946 0
0.443472 0
0.707770 0
0.860051 0
0.727656 0
0.129711 0
0.786812 0
0.744984 0
0.954430 0
0.062955 0
1.128268 0
0.555096 0
0.164303 0
1.220260 0
0.614806 0
0.636356 0
0.015520 0
0.225558 0
0.846392 0
0.330951 0
0.210372 0
0.065052 0
0.284638 0
0.202364 0
0.414692 0
0.109963 0
0.427765 0
0.538714 0
0.533984 0
0.319433 0
1.117122 0
0.620242 0
0.998836 0
1.547102 0
1.149469 0
0.160121 0
0.099364 0
0.485399 0
0.193598 0
0.122699 0
0.111961 0
1.525376 0
0.326900 0
0.173174 0
0.127846 0
0.464738 0
0.306775 0
1.192970 0
0.376670 0
0.550074 0
0.013204 0
0.810818 0
0.377557 0
0.178864 0
0.049043 0
1.138232 0
1.369618 0
0.311155 0
0.508162 0
1.365320 0
0.308353 0
0.574118 0
0.293839 0
0.638908 0
0.370552 0
0.557244 0
0.200744 0
0.077134 0
1.684804 0
0.276370 0
0.496300 0
0.770498 0
1.360526 0
1.055604 0
0.124806 0
0.318440 0
0.103950 0
0.091571 0
0.242614 0
0.474694 0
0.584509 0
0.878116 0
0.162387 0
0.864653 0
0.207887 0
0.412510 0
0.622191 0
0.061725 0
0.754349 0
0.598375 0
0.727597 0
0.090413 0
0.145886 0
0.598687 0
0.191158 0
0.044685 0
0.514430 0
0.519197 0
0.562153 0
0.118305 0
1.061383 0
0.586571 0
0.049028 0
0.035137 0
0.226359 0
0.054158 0
0.137806 0
0.857877 0
1.110795 0
0.315999 0
1.962857 0
0.895612 0
0.075176 0
0.514931 0
0.598491 0
0.792098 0
0.986429 0
0.230699 0
0.082986 0
1.061223 0
0.898933 0
1.294286 0
0.810749 0
0.012518 0
0.351672 0
0.451011 0
0.108396 0
0.664333 0
0.330709 0
1.597004 0
0.072242 0
1.515342 0
0.062705 0
0.882895 0
0.175982 0
1.071885 0
0.210760 0
0.368906 0
0.084187 0
0.014658 0
0.215729 0
0.401945 0
0.655189 0
0.205780 0
0.381076 0
0.389687 0
0.050674 0
0.657485 0
0.108954 0
0.047826 0
0.627220 0
0.016927 0
0.467325 0
0.535336 0
0.231892 0
0.035244 0
0.119909 0
0.243602 0
0.662961 0
0.087467 0
0.139848 0
0.419285 0
0.427188 0
1.268282 0
0.020617 0
0.085483 0
0.075875 0
1.441161 0
0.070688 0
0.205922 0
1.254194 0
0.027954 0
0.354034 0
1.238696 0
0.617459 0
1.210056 0
0.330115 0
0.391930 0
0.420020 0
0.851052 0
1.518427 0
0.657726 0
0.251398 0
0.920001 0
0.053677 0
0.244620 0
0.379091 0
0.342296 0
0.769878 0
0.194466 0
0.717797 0
0.593644 0
0.129589 0
0.229238 0
0.332713 0
0.302000 0
0.990411 0
1.151661 0
0.251467 0
0.045460 0
0.099673 0
0.554660 0
1.472083 0
0.456719 0
0.173759 0
0.712704 0
0.102797 0
1.508537 0
0.376414 0
0.035906 0
1.035350 0
0.171651 0
0.050237 0
0.780424 0
0.622042 0
1.546327 0
0.032522 0
1.432132 0
0.074381 0
0.064185 0
0.450263 0
0.255082 0
0.071972 0
1.119126 0
0.013729 0
0.519831 0
0.081024 0
0.259931 0
0.978695 0
0.572213 0
0.320818 0
0.449035 0
1.207121 0
0.162980 0
0.487986 0
0.009639 0
0.792981 0
0.226109 0
0.701979 0
0.893709 0
1.079185 0
0.672997 0
0.552523 0
0.173513 0
1.020408 0
0.360919 0
0.175283 0
0.685772 0
0.180735 0
0.194467 0
0.361320 0
0.300110 0
0.328669 0
1.522639 0
1.488279 0
0.591023 0
0.625448 0
0.900624 0
0.722340 0
0.162267 0
0.158997 0
0.098329 0
0.486759 0
0.422767 0
1.049026 0
1.957069 0
0.235269 0
0.840659 0
0.174775 0
0.158551 0
0.598995 0
0.630764 0
0.380528 0
0.439514 0
0.345491 0
1.256603 0
0.588153 0
0.228216 0
0.120863 0
1.632192 0
0.880485 0
0.121331 0
0.208607 0
0.141100 0
0.645457 0
0.330241 0
0.157348 0
0.020254 0
0.424717 0
0.159662 0
0.478103 0
0.618089 0
0.096427 0
0.162902 0
0.346363 0
0.024674 0
0.100287 0
1.340494 0
0.325345 0
1.357354 0
0.346004 0
0.519272 0
0.633484 0
0.212394 0
0.452572 0
0.594675 0
0.399876 0
0.423148 0
0.548361 0
1.235102 0
0.064034 0
1.698538 0
1.375496 0
0.597641 0
0.720650 0
0.281554 0
1.408833 0
0.140542 0
0.554351 0
0.207418 0
0.547936 0
0.763497 0
0.082542 0
0.855219 0
0.034267 0
0.153158 0
0.417337 0
0.202962 0
1.443076 0
0.160111 0
0.071069 0
0.512642 0
0.333453 0
0.539340 0
0.382344 0
1.469283 0
0.019264 0
0.043460 0
0.262061 0
0.956550 0
0.931554 0
0.296029 0
0.442342 0
1.396366 0
1.630178 0
0.891556 0
0.395244 0
0.641356 0
0.278901 0
0.700215 0
0.312522 0
0.626030 0
1.238736 0
0.645628 0
0.563579 0
0.844051 0
0.104552 0
0.737620 0
0.560842 0
0.672601 0
0.022859 0
0.497373 0
0.723456 0
1.481885 0
0.768858 0
0.040431 0
0.204572 0
1.404941 0
0.242962 0
0.049753 0
0.498693 0
0.050241 0
0.638241 0
0.705458 0
0.199184 0
0.391653 0
0.296624 0
0.864490 0
0.072021 0
0.982713 0
0.067385 0
0.093761 0
0.206345 0
1.049468 0
0.128882 0
0.188137 0
0.366419 0
1.206379 0
0.056266 0
0.749511 0
0.835012 0
1.509705 0
0.010410 0
0.025745 0
0.166143 0
0.386302 0
0.176119 0
0.290308 0
1.002736 0
0.156201 0
0.354539 0
0.051343 0
0.008363 0
1.783280 0
1.015772 0
0.145276 0
0.133905 0
0.177739 0
0.645630 0
0.608582 0
0.285099 0
0.138843 0
0.193684 0
0.317101 0
0.374747 0
1.421183 0
0.070645 0
0.600879 0
0.851166 0
1.262501 0
0.426941 0
1.079396 0
0.347302 0
0.501814 0
0.089954 0
0.950349 0
0.109018 0
0.261290 0
0.513491 0
0.293640 0
0.257833 0
0.380395 0
1.041676 0
0.235384 0
0.086282 0
0.444624 0
0.858008 0
0.673637 0
0.479280 0
0.292080 0
1.744541 0
0.214127 0
0.975480 0
0.598546 0
1.363175 0
0.071181 0
0.177601 0
0.400446 0
0.715940 0
0.121302 0
0.730633 0
0.114543 0
0.119772 0
0.194245 0
0.206420 0
1.140799 0
0.105778 0
0.088785 0
1.011632 0
0.301890 0
0.358163 0
0.214947 0
0.516686 0
0.741208 0
1.299452 0
0.428043 0
0.363651 0
1.493738 0
0.403580 0
1.316783 0
1.582788 0
0.934615 0
0.008032 0
0.337104 0
0.582994 0
0.175609 0
0.681370 0
0.140130 0
0.429294 0
0.271430 0
0.592789 0
0.452302 0
0.169591 0
1.371161 0
0.187484 0
0.065538 0
1.633892 0
0.130591 0
0.259708 0
0.158571 0
0.974751 0
0.268033 0
0.034702 0
0.143845 0
0.532823 0
0.514104 0
0.189401 0
0.291766 0
0.098851 0
0.940215 0
1.677904 0
0.083234 0
0.697052 0
0.339448 0
0.099588 0
0.095879 0
0.299711 0
0.194127 0
0.572311 0
1.218034 0
0.436415 0
1.400714 0
1.462176 0
0.103729 0
0.289080 0
1.499748 0
0.357881 0
0.346288 0
0.383137 0
1.108528 0
0.498835 0
0.395955 0
0.374059 0
0.318844 0
0.017906 0
0.007686 0
0.165364 0
0.076552 0
0.047378 0
0.243232 0
1.345281 0
1.902491 0
1.584530 0
1.387462 0
0.699181 0
0.205916 0
0.513026 0
0.323327 0
0.477628 0
0.834108 0
0.133153 0
0.882764 0
1.474066 0
1.377254 0
0.392088 0
0.419561 0
0.119603 0
0.030813 0
0.096536 0
0.201611 0
0.474645 0
0.066278 0
0.928823 0
1.373616 0
0.384890 0
0.478114 0
0.177918 0
0.108133 0
0.169183 0
0.249795 0
0.430079 0
0.037585 0
0.417572 0
1.066388 0
0.171431 0
1.263905 0
0.291501 0
0.066453 0
0.018982 0
0.487980 0
1.567364 0
0.147501 0
0.752856 0
0.457048 0
0.718426 0
1.027423 0
0.569593 0
0.161291 0
0.113536 0
0.694279 0
0.192936 0
1.900536 0
0.365347 0
0.241105 0
1.526925 0
0.780662 0
0.338358 0
1.078421 0
0.213427 0
0.596119 0
0.361346 0
0.480238 0
1.399059 0
0.500222 0
0.460363 0
0.161499 0
0.232460 0
0.119393 0
0.377809 0
0.027539 0
0.789889 0
0.292224 0
0.284961 0
0.007911 0
0.723469 0
0.008953 0
0.125472 0
0.092972 0
0.597904 0
0.089172 0
0.883196 0
1.428723 0
0.293396 0
1.820934 0
0.769300 0
0.716227 0
0.126475 0
0.105467 0
0.156690 0
0.516245 0
0.069728 0
0.290689 0
1.131539 0
0.205416 0
0.475465 0
0.848553 0
0.598756 0
0.250256 0
0.972645 0
0.518920 0
0.529972 0
0.069947 0
0.353047 0
0.226331 0
0.119869 0
0.042474 0
0.406683 0
0.182693 0
0.232781 0
0.163242 0
0.877921 0
0.395794 0
0.099594 0
0.076857 0
0.502247 0
0.119925 0
0.462633 0
0.238416 0
0.085733 0
0.972490 0
0.395954 0
0.681370 0
0.385297 0
0.065834 0
0.915708 0
0.752426 0
0.698271 0
0.556215 0
1.062046 0
0.184850 0
0.113094 0
0.319729 0
0.035731 0
1.123551 0
0.305438 0
0.255739 0
0.187853 0
0.062945 0
0.788713 0
0.170240 0
0.897220 0
0.261275 0
0.764984 0
0.033661 0
0.926125 0
0.621629 0
0.225710 0
0.422578 0
0.441581 0
0.758909 0
0.160829 0
1.017045 0
0.061015 0
0.124809 0
0.143978 0
0.331941 0
0.387157 0
1.421749 0
0.388837 0
0.281124 0
0.355113 0
0.620148 0
0.519788 0
0.192721 0
0.235889 0
0.451293 0
0.899100 0
0.404949 0
0.008002 0
0.521448 0
0.217892 0
1.464632 0
1.648159 0
1.465242 0
0.749571 0
0.268923 0
0.272138 0
1.398632 0
1.863263 0
0.744894 0
1.515533 0
0.151796 0
0.317625 0
0.421036 0
0.438730 0
0.012166 0
0.171927 0
0.659747 0
0.025595 0
1.675050 0
0.646277 0
0.297724 0
0.224681 0
2.139318 0
0.162317 0
0.910041 0
0.350987 0
0.456987 0
1.423284 0
0.594717 0
0.074880 0
0.578432 0
0.132682 0
0.517631 0
1.451744 0
0.380662 0
0.531606 0
0.032890 0
0.053180 0
0.364640 0
0.153096 0
0.818099 0
0.046845 0
1.292273 0
0.486659 0
0.463087 0
0.385789 0
0.408828 0
0.524016 0
1.154192 0
1.588714 0
0.108001 0
0.446913 0
1.370624 0
0.023591 0
0.474459 0
0.038269 0
0.331049 0
0.058496 0
0.093951 0
1.170310 0
0.069775 0
0.266283 0
0.093168 0
0.020709 0
0.316024 0
0.080651 0
0.435131 0
0.787931 0
1.010890 0
0.208356 0
0.722318 0
0.903236 0
0.980749 0
0.668090 0
0.161128 0
0.192752 0
0.418752 0
0.231738 0
0.082390 0
0.761650 0
0.042449 0
0.039473 0
0.779674 0
0.008418 0
0.134517 0
0.273335 0
0.897981 0
0.044801 0
0.622999 0
0.538302 0
0.219258 0
0.575575 0
0.790021 0
0.638578 0
0.989777 0
0.241304 0
0.005707 0
0.497373 0
0.548761 0
0.617651 0
0.450534 0
0.892707 0
0.057671 0
0.132791 0
0.548907 0
0.126353 0
0.179608 0
0.701604 0
0.399429 0
0.474377 0
0.595857 0
0.501006 0
1.797074 0
0.131157 0
0.609536 0
0.120580 0
0.309814 0
1.240631 0
0.193614 0
0.204379 0
0.132463 0
0.096748 0
0.229816 0
0.592959 0
0.593544 0
0.590036 0
0.126512 0
0.316275 0
1.544129 0
0.053608 0
1.471970 0
0.472534 0
0.439298 0
0.227754 0
0.852682 0
0.016556 0
0.405950 0
0.576457 0
0.159521 0
0.076750 0
0.063046 0
1.061591 0
0.276384 0
0.818701 0
0.268180 0
0.145104 0
0.098908 0
0.828957 0
0.548750 0
1.291992 0
0.585919 0
0.374682 0
0.224074 0
0.240230 0
0.860794 0
0.013455 0
0.672672 0
0.407208 0
1.027806 0
1.263451 0
0.544118 0
0.434556 0
0.219906 0
0.007803 0
0.177644 0
0.131948 0
0.395713 0
1.116419 0
0.081900 0
0.023158 0
0.845183 0
0.245931 0
1.078525 0
0.496115 0
0.211790 0
0.385007 0
0.089289 0
0.243594 0
0.323445 0
0.082814 0
1.519857 0
0.208519 0
0.044053 0
0.728522 0
0.461472 0
0.704997 0
0.119902 0
1.584486 0
0.057763 0
0.038998 0
0.285744 0
0.147080 0
1.335573 0
0.110262 0
0.447379 0
0.067309 0
1.242812 0
0.430012 0
0.067295 0
1.498352 0
0.119739 0
0.747373 0
1.296787 0
0.504505 0
0.369551 0
0.500227 0
0.338798 0
0.172775 0
0.500544 0
1.501894 0
0.122602 0
0.199570 0
2.031989 0
1.526483 0
0.485940 0
0.580658 0
0.811071 0
1.479883 0
0.374699 0
0.239690 0
0.116710 0
0.285924 0
0.286403 0
0.687496 0
0.659437 0
0.624308 0
0.053319 0
0.251372 0
0.761680 0
0.071574 0
0.436104 0
0.645554 0
0.122511 0
0.191766 0
0.028011 0
0.920058 0
0.745965 0
1.287436 0
1.565509 0
1.566589 0
0.024966 0
1.004881 0
0.234435 0
0.922692 0
0.144191 0
0.765215 0
0.324236 0
0.508985 0
0.826645 0
0.641391 0
0.088465 0
0.168046 0
0.302643 0
0.744367 0
0.125930 0
1.666836 0
0.418406 0
1.491397 0
0.322591 0
0.338996 0
0.038613 0
0.800170 0
1.363948 0
1.103618 0
0.086338 0
0.133849 0
0.818463 0
0.782741 0
0.247301 0
0.004604 0
1.366331 0
1.447110 0
0.911138 0
0.520355 0
0.436389 0
0.498735 0
0.122364 0
0.227297 0
1.421482 0
1.427907 0
0.218271 0
1.296730 0
0.260912 0
0.648372 0
0.163907 0
0.170178 0
0.697236 0
0.065317 0
0.020653 0
0.976966 0
0.007133 0
0.357451 0
0.382981 0
0.059015 0
0.944412 0
0.898755 0
0.048269 0
0.198751 0
0.516004 0
0.968696 0
0.687011 0
0.258790 0
0.127258 0
1.542145 0
0.670932 0
0.050213 0
0.345570 0
1.550332 0
0.817288 0
0.987402 0
0.331612 0
0.201801 0
0.328832 0
0.469597 0
1.047850 0
0.146999 0
0.560434 0
1.484372 0
0.101676 0
0.347181 0
1.372934 0
0.168771 0
0.164436 0
0.163848 0
1.111946 0
0.023691 0
1.364053 0
0.060143 0
1.150701 0
0.860436 0
0.111898 0
0.187196 0
0.403838 0
0.669130 0
0.252856 0
0.594280 0
0.400859 0
0.022457 0
1.504892 0
0.074636 0
0.667367 0
0.026899 0
0.779635 0
0.228889 0
0.093066 0
0.387366 0
0.260609 0
0.422920 0
0.283398 0
0.058333 0
0.202985 0
0.362715 0
0.836617 0
1.619670 0
0.083675 0
0.169368 0
0.093057 0
0.250538 0
0.111722 0
0.031581 0
0.555012 0
0.036060 0
0.152123 0
0.839015 0
0.185183 0
0.265910 0
0.262935 0
0.027281 0
0.356408 0
0.314450 0
0.080560 0
0.181432 0
0.721030 0
0.412862 0
0.750855 0
0.417847 0
0.719772 0
0.010881 0
0.435592 0
0.377234 0
0.007136 0
0.398012 0
0.337087 0
0.427262 0
0.126827 0
0.458522 0
0.025965 0
0.115317 0
0.106746 0
0.126719 0
0.585424 0
1.650822 0
0.017786 0
0.187581 0
0.485620 0
0.061535 0
1.396773 0
0.973398 0
0.380740 0
1.058872 0
0.620370 0
0.108995 0
0.239525 0
0.410391 0
1.265249 0
0.440820 0
1.033246 0
0.799471 0
0.711336 0
0.862593 0
1.150643 0
0.327437 0
1.580718 0
0.606313 0
0.111847 0
0.438681 0
0.341701 0
0.799070 0
0.747582 0
0.507603 0
0.939325 0
0.909663 0
0.319637 0
1.154867 0
0.669402 0
0.057508 0
0.171822 0
0.734565 0
0.085159 0
0.662433 0
0.594896 0
0.465378 0
0.078460 0
0.158290 0
0.565337 0
0.499154 0
0.561639 0
0.515980 0
0.640504 0
0.672940 0
0.048262 0
0.070577 0
1.418095 0
0.136101 0
1.343046 0
0.229154 0
1.159384 0
0.517186 0
0.280773 0
0.482660 0
0.723516 0
0.014733 0
0.873585 0
0.201325 0
0.706413 0
0.269026 0
0.033587 0
0.798200 0
1.296821 0
0.044707 0
0.448150 0
0.392561 0
0.488012 0
0.257132 0
0.160872 0
0.135806 0
1.310673 0
0.101260 0
1.320151 0
0.393465 0
0.039461 0
0.124912 0
0.291697 0
0.127688 0
0.461351 0
0.436208 0
0.122789 0
0.476038 0
0.362057 0
0.043716 0
0.470266 0
0.113122 0
0.150928 0
0.373653 0
0.460325 0
0.612807 0
0.253099 0
0.152439 0
0.359831 0
0.634792 0
0.057457 0
0.289047 0
1.000100 0
0.283484 0
1.490348 0
0.386003 0
0.412782 0
0.714292 0
0.054457 0
0.059092 0
0.404100 0
0.091340 0
0.303865 0
0.113406 0
0.834985 0
0.143334 0
0.037836 0
0.303928 0
0.806430 0
1.383205 0
0.243152 0
0.251067 0
0.465357 0
0.609054 0
0.644956 0
0.594212 0
0.560365 0
1.423832 0
0.249806 0
1.350915 0
1.422576 0
0.265168 0
1.747358 0
0.236222 0
1.606113 0
0.976173 0
0.469750 0
0.526250 0
0.276696 0
0.497852 0
0.101985 0
0.094405 0
0.522312 0
0.126108 0
0.963302 0
0.347533 0
0.857884 0
0.207016 0
0.043577 0
0.783387 0
1.174730 0
0.367883 0
1.220347 0
0.116989 0
0.648673 0
1.374777 0
0.084705 0
0.219059 0
0.408162 0
0.049365 0
0.340853 0
1.471767 0
0.602875 0
0.503875 0
0.133828 0
0.628015 0
0.640542 0
0.155483 0
0.023237 0
0.219793 0
0.929100 0
0.375966 0
0.345214 0
0.320202 0
0.256566 0
0.135163 0
1.123873 0
0.357813 0
0.660607 0
1.079139 0
0.434162 0
0.327227 0
0.100843 0
0.465133 0
1.490132 0
0.427240 0
1.059801 0
1.502576 0
0.043564 0
0.200947 0
0.007392 0
0.248051 0
0.525130 0
0.660025 0
1.181153 0
0.012356 0
0.471565 0
0.290447 0
0.195273 0
0.135582 0
0.156325 0
0.188786 0
0.802436 0
1.040833 0
0.593139 0
0.785318 0
0.568813 0
0.067793 0
0.055684 0
0.044252 0
0.063756 0
0.018151 0
0.212242 0
0.289443 0
0.068604 0
0.488766 0
0.362891 0
0.647658 0
0.420718 0
0.136827 0
0.081315 0
0.375312 0
0.171035 0
0.144799 0
0.301034 0
0.048245 0
0.242370 0
0.392369 0
0.316546 0
1.284307 0
0.254015 0
0.388486 0
0.631421 0
0.749784 0
0.554776 0
0.099056 0
0.070251 0
0.236381 0
0.055341 0
0.100250 0
0.039928 0
0.359873 0
0.346390 0
1.308274 0
0.850580 0
0.013927 0
0.932914 0
0.268855 0
0.361383 0
0.098659 0
0.456519 0
0.176639 0
0.375137 0
0.043458 0
0.928639 0
1.390012 0
0.169964 0
0.125492 0
0.850049 0
0.043134 0
0.898882 0
0.169997 0
0.781085 0
0.199679 0
0.062836 0
1.265725 0
0.640091 0
0.305179 0
0.325102 0
0.128978 0
0.744669 0
0.915448 0
0.152802 0
0.588794 0
0.273375 0
0.745583 0
0.282072 0
0.948652 0
0.373126 0
0.102558 0
0.314491 0
0.112776 0
0.152172 0
0.227806 0
0.164018 0
0.098275 0
0.499726 0
0.697219 0
1.593132 0
0.528239 0
0.433622 0
0.093935 0
0.548839 0
0.487261 0
0.769770 0
0.037261 0
0.354670 0
0.016332 0
0.026578 0
0.211101 0
0.294608 0
0.681076 0
0.233766 0
0.512616 0
1.728934 0
0.190424 0
0.244109 0
0.148937 0
0.048581 0
1.006024 0
0.280828 0
0.074818 0
0.478215 0
0.394888 0
0.868739 0
0.582227 0
0.377850 0
0.545606 0
0.252181 0
0.433079 0
1.238647 0
0.298339 0
1.212894 0
0.131681 0
1.043238 0
0.148670 0
0.572659 0
1.407434 0
0.909456 0
0.610341 0
0.166448 0
0.256239 0
0.493085 0
0.424277 0
0.064169 0
0.155609 0
0.582723 0
0.175928 0
0.419783 0
0.858696 0
1.411303 0
0.044302 0
0.656593 0
0.596823 0
0.119056 0
0.823451 0
0.073870 0
0.062513 0
0.552576 0
0.952520 0
0.136942 0
0.464107 0
0.011048 0
0.137398 0
0.086578 0
0.135354 0
0.617655 0
1.007096 0
0.231682 0
0.934836 0
0.307077 0
0.148737 0
0.388604 0
0.511267 0
0.589849 0
0.752414 0
0.618554 0
0.245055 0
0.347470 0
0.107681 0
0.982067 0
0.440932 0
0.382493 0
0.727188 0
0.183749 0
0.708768 0
0.888982 0
0.266645 0
0.768225 0
0.250684 0
0.054959 0
0.076470 0
0.655025 0
0.280697 0
0.622486 0
1.393407 0
0.206747 0
0.157021 0
0.911487 0
0.312116 0
0.215257 0
1.001973 0
0.408759 0
0.232234 0
0.193000 0
0.263278 0
0.152578 0
0.202388 0
0.112751 0
0.097411 0
0.946864 0
0.553550 0
1.115176 0
0.102545 0
0.538006 0
0.237453 0
0.990737 0
0.167085 0
0.759373 0
0.474109 0
0.082702 0
0.169368 0
1.584941 0
0.027097 0
0.248671 0
0.091377 0
0.182740 0
0.255653 0
1.026776 0
0.422517 0
0.234390 0
1.724840 0
0.181108 0
0.472210 0
0.766017 0
0.395053 0
0.104497 0
1.373654 0
0.425506 0
0.042859 0
0.375465 0
0.876006 0
0.052568 0
0.261058 0
0.854500 0
0.517924 0
1.700206 0
0.348090 0
0.495902 0
0.309086 0
0.364130 0
1.357327 0
0.860312 0
1.651973 0
0.478829 0
1.613295 0
0.027847 0
1.528700 0
0.525252 0
0.267419 0
0.458558 0
0.119277 0
0.066240 0
0.241740 0
0.424714 0
0.240361 0
0.036822 0
1.459596 0
0.024431 0
0.187644 0
0.101251 0
0.156109 0
0.596569 0
0.008358 0
0.059136 0
0.655507 0
0.779839 0
0.396537 0
0.202592 0
0.636760 0
0.473210 0
0.262524 0
0.285702 0
0.507740 0
0.195701 0
0.577150 0
0.091187 0
0.070639 0
0.542245 0
0.548772 0
0.070758 0
1.640269 0
0.459068 0
0.642692 0
0.160984 0
0.455916 0
0.399718 0
0.351853 0
0.443524 0
0.861452 0
0.660139 0
0.583293 0
0.286448 0
0.251419 0
0.448313 0
0.037392 0
0.928408 0
0.644392 0
2.139935 0
0.124236 0
0.149177 0
1.428738 0
0.038558 0
0.477435 0
1.009246 0
0.463407 0
0.340783 0
0.654207 0
0.804605 0
0.851090 0
0.076976 0
0.852855 0
0.025738 0
0.091200 0
0.174743 0
1.584712 0
1.032003 0
0.041360 0
0.358881 0
1.167502 0
0.186960 0
0.368734 0
0.357627 0
0.239371 0
0.309758 0
0.370132 0
0.532604 0
0.344098 0
0.762168 0
0.340887 0
0.169460 0
0.022353 0
0.051703 0
0.447003 0
1.369200 0
0.193727 0
0.026391 0
0.017327 0
0.211810 0
0.663915 0
0.043412 0
0.380260 0
0.872511 0
0.879578 0
1.500614 0
0.693188 0
0.218237 0
0.102222 0
0.719007 0
1.099428 0
0.093460 0
0.569920 0
1.580690 0
0.427645 0
0.168285 0
0.538857 0
0.850593 0
0.667760 0
0.276890 0
1.112597 0
0.012710 0
0.146158 0
0.981822 0
0.396336 0
1.449475 0
0.412992 0
0.208727 0
0.364354 0
0.247324 0
0.965855 0
0.394498 0
1.034372 0
0.356430 0
0.570916 0
0.809741 0
0.035522 0
1.841092 0
0.357409 0
0.151011 0
0.214756 0
0.143340 0
0.643337 0
0.139588 0
0.051340 0
0.097437 0
0.284207 0
0.797934 0
0.124450 0
0.041050 0
0.105395 0
0.111014 0
0.318474 0
0.960448 0
1.797911 0
0.695191 0
0.281334 0
0.311941 0
0.259545 0
0.134147 0
0.188606 0
0.169948 0
0.680122 0
0.993152 0
0.634225 0
1.184784 0
0.007556 0
0.008844 0
0.016499 0
0.283235 0
0.304548 0
0.394174 0
0.231225 0
0.921146 0
0.532000 0
0.734008 0
0.060632 0
0.373531 0
0.357952 0
0.368160 0
1.025516 0
0.043917 0
0.715831 0
0.484515 0
1.116164 0
0.336671 0
1.737234 0
0.087492 0
0.292557 0
0.383995 0
1.186884 0
0.696448 0
0.541887 0
0.120637 0
0.328596 0
0.257463 0
0.181095 0
0.214158 0
0.946895 0
0.135524 0
0.334960 0
0.141351 0
0.911819 0
0.078566 0
0.181390 0
1.463064 0
0.753617 0
0.054294 0
0.122133 0
0.276976 0
1.675895 0
1.896223 0
0.963460 0
0.849338 0
1.460256 0
0.094431 0
0.683301 0
0.100463 0
0.159986 0
0.055835 0
0.733538 0
0.140763 0
0.522348 0
0.853749 0
0.267879 0
0.356492 0
0.363309 0
0.346495 0
1.160273 0
0.205263 0
0.096723 0
0.096535 0
0.139096 0
0.264973 0
0.348447 0
0.371244 0
0.284704 0
0.252133 0
0.502650 0
0.525023 0
0.036010 0
0.047875 0
0.543210 0
0.997782 0
0.139151 0
1.245242 0
0.469228 0
0.735731 0
0.213123 0
0.048601 0
0.907738 0
0.038130 0
0.275909 0
1.617696 0
0.276867 0
0.988329 0
0.385846 0
0.106239 0
0.493907 0
0.469707 0
0.388718 0
0.221363 0
0.160989 0
0.088889 0
0.303502 0
0.183769 0
0.063005 0
0.879255 0
1.217355 0
0.092111 0
0.120760 0
0.281382 0
1.127120 0
0.752760 0
0.121615 0
0.932517 0
0.101047 0
0.023235 0
0.460555 0
0.083977 0
0.088145 0
0.128480 0
0.536405 0
0.135978 0
1.278889 0
0.464445 0
0.084111 0
0.131496 0
0.211295 0
1.318740 0
1.155998 0
0.107422 0
0.661950 0
0.390472 0
0.102367 0
0.836306 0
0.419312 0
1.450750 0
0.286599 0
0.105701 0
0.666562 0
0.085575 0
0.575169 0
0.057592 0
0.147342 0
0.309000 0
0.724369 0
0.303834 0
0.589195 0
0.177421 0
1.776557 0
0.176446 0
0.257369 0
0.099984 0
0.054335 0
0.026779 0
0.423911 0
0.120360 0
0.147871 0
0.213974 0
0.036330 0
1.028145 0
0.024937 0
0.320215 0
1.290698 0
0.235844 0
0.505607 0
0.001305 0
0.542306 0
0.122468 0
0.307496 0
1.382127 0
0.041973 0
0.859814 0
0.523205 0
0.577229 0
0.323241 0
0.197177 0
0.336294 0
0.522178 0
0.441976 0
0.572149 0
0.348282 0
0.406898 0
0.952413 0
0.682680 0
1.168872 0
0.873604 0
0.625826 0
0.151354 0
0.635371 0
1.394663 0
0.683371 0
0.422208 0
0.188834 0
1.489051 0
0.245765 0
0.040958 0
0.541615 0
1.127364 0
1.363094 0
0.580923 0
0.702270 0
0.809645 0
1.535809 0
0.390430 0
1.387361 0
0.105665 0
0.560579 0
0.246605 0
0.412189 0
0.648045 0
0.308117 0
0.197612 0
0.195961 0
0.298900 0
0.115879 0
1.162045 0
0.662490 0
0.594642 0
0.212245 0
0.214330 0
0.099624 0
0.048981 0
0.454318 0
0.066358 0
0.210224 0
0.621301 0
0.337801 0
0.692841 0
1.065994 0
0.036741 0
0.010065 0
0.143679 0
0.073585 0
0.368360 0
0.472615 0
0.697429 0
0.049048 0
0.581688 0
1.374765 0
0.287780 0
1.167140 0
0.075977 0
0.120413 0
0.030008 0
0.102276 0
0.496220 0
0.147019 0
0.683261 0
0.268241 0
0.206853 0
1.272061 0
0.306720 0
1.095824 0
0.080030 0
0.494723 0
0.196466 0
0.046345 0
0.510364 0
0.224817 0
0.807828 0
0.872598 0
0.094099 0
1.308712 0
1.050628 0
0.786704 0
1.464320 0
0.258336 0
0.761939 0
0.302420 0
0.682123 0
0.158733 0
0.464866 0
0.885521 0
0.609052 0
0.087004 0
0.348154 0
0.631987 0
0.049341 0
0.323649 0
0.161622 0
1.516773 0
1.139789 0
0.128025 0
0.202981 0
0.991857 0
0.390969 0
0.166574 0
0.210208 0
0.133423 0
0.119493 0
0.363637 0
0.109640 0
0.505543 0
0.261948 0
0.258804 0
0.167278 0
0.839997 0
0.817320 0
0.649563 0
0.906437 0
0.018701 0
0.084660 0
1.801582 0
0.674694 0
0.486560 0
0.147816 0
1.545970 0
0.767420 0
0.770853 0
0.030986 0
0.916025 0
0.355358 0
0.135476 0
0.505232 0
0.106575 0
0.942097 0
0.264428 0
0.056031 0
1.124911 0
0.919985 0
0.275640 0
0.831959 0
0.136691 0
0.140058 0
0.438972 0
0.302755 0
0.546578 0
0.277436 0
0.497436 0
0.078361 0
0.212578 0
1.278429 0
0.080487 0
1.456992 0
0.473391 0
0.021007 0
0.434865 0
0.055673 0
0.291374 0
0.253858 0
0.564821 0
1.426278 0
0.135391 0
0.183852 0
0.248845 0
0.551250 0
0.011117 0
0.554028 0
0.005802 0
0.103611 0
0.210743 0
0.080868 0
0.157119 0
0.954609 0
0.106811 0
0.657641 0
0.288083 0
0.101245 0
0.054329 0
0.269832 0
0.114915 0
0.913292 0
0.179047 0
0.029947 0
0.480713 0
0.587120 0
1.194788 0
0.103140 0
0.300860 0
0.347722 0
0.776107 0
0.482872 0
0.612329 0
0.802484 0
0.427782 0
0.861215 0
0.430508 0
0.668166 0
0.806735 0
0.308333 0
0.056636 0
0.055875 0
0.308745 0
0.191859 0
0.454321 0
0.581583 0
0.162781 0
0.539290 0
0.778876 0
1.421733 0
0.437723 0
0.104853 0
0.583256 0
0.813078 0
0.227721 0
0.862809 0
0.238782 0
1.053613 0
0.445719 0
0.293462 0
0.512931 0
0.686933 0
0.704363 0
0.131277 0
0.239847 0
0.423072 0
0.482261 0
0.371328 0
1.434771 0
0.024975 0
0.637392 0
0.608409 0
0.112087 0
0.713469 0
1.500104 0
0.309089 0
0.142098 0
0.152196 0
0.340473 0
0.075671 0
0.565175 0
0.241481 0
0.047989 0
0.171253 0
0.438658 0
0.265072 0
0.395725 0
0.233828 0
0.080726 0
0.379857 0
0.231244 0
0.409758 0
0.486720 0
0.004677 0
0.166890 0
1.080926 0
0.218367 0
0.297987 0
0.255679 0
0.821365 0
1.388772 0
0.680898 0
0.221402 0
0.063937 0
0.011272 0
0.173210 0
0.075411 0
0.164165 0
0.287825 0
0.047144 0
0.260614 0
0.537816 0
0.927686 0
0.324000 0
0.254123 0
0.717400 0
0.138763 0
0.230070 0
1.361298 0
0.198212 0
0.112357 0
1.892232 0
0.513328 0
0.137620 0
0.156215 0
1.317537 0
0.530544 0
0.971848 0
0.351704 0
0.400740 0
0.587649 0
0.743431 0
0.465267 0
0.192429 0
0.603634 0
0.296717 0
1.495073 0
0.334149 0
0.163595 0
1.424933 0
0.149154 0
0.685971 0
0.569856 0
1.186837 0
1.362662 0
0.938621 0
0.035700 0
0.212156 0
0.037087 0
0.339901 0
0.580990 0
1.273564 0
0.108943 0
1.226849 0
0.046271 0
0.407849 0
0.426746 0
0.729513 0
0.130778 0
0.262189 0
0.103093 0
0.084473 0
0.561179 0
0.621031 0
0.353462 0
0.663759 0
0.012662 0
0.598784 0
1.376485 0
0.322967 0
0.148138 0
0.276655 0
0.847118 0
0.248853 0
0.160332 0
0.579232 0
0.137873 0
0.021745 0
0.640265 0
0.051732 0
0.172227 0
0.309661 0
1.115853 0
0.405681 0
0.404185 0
0.505051 0
0.221052 0
0.421943 0
0.519927 0
0.229239 0
1.417989 0
0.371808 0
0.181547 0
0.481070 0
0.444286 0
0.113806 0
0.574322 0
0.491116 0
0.036820 0
1.869425 0
1.402719 0
0.079114 0
1.490649 0
0.078722 0
0.134524 0
1.471172 0
0.063191 0
0.114736 0
1.238389 0
0.491633 0
0.205990 0
0.462026 0
0.044348 0
0.965742 0
0.185470 0
0.647378 0
1.211234 0
0.350900 0
1.484107 0
1.101475 0
1.593763 0
1.395598 0
0.516834 0
0.262615 0
0.348299 0
0.878707 0
0.267040 0
0.094543 0
0.156582 0
0.114419 0
0.154014 0
0.785338 0
0.077436 0
0.115394 0
1.059131 0
0.947167 0
0.332824 0
1.510997 0
0.239328 0
0.862700 0
0.588118 0
0.946717 0
0.209936 0
0.593057 0
0.587082 0
1.423890 0
0.058234 0
1.104918 0
0.120037 0
0.503126 0
0.027800 0
1.227524 0
0.018614 0
0.101318 0
0.442206 0
0.311695 0
0.449938 0
0.026750 0
0.106993 0
0.385728 0
0.031781 0
1.060996 0
0.477223 0
0.052133 0
0.332861 0
0.560151 0
0.393761 0
0.201074 0
0.105394 0
0.466218 0
1.183663 0
0.038094 0
0.629966 0
0.088162 0
2.108080 0
0.387053 0
0.151486 0
0.246220 0
0.073887 0
0.744523 0
0.242161 0
0.069586 0
0.097871 0
0.045461 0
0.422892 0
0.772422 0
0.318173 0
0.100046 0
0.029686 0
0.600083 0
0.033957 0
0.118116 0
1.260838 0
0.316907 0
0.132935 0
0.241982 0
0.434080 0
1.101477 0
0.139300 0
0.506303 0
0.058134 0
0.589245 0
0.400244 0
1.079624 0
0.288465 0
1.379726 0
1.226451 0
0.309148 0
0.561806 0
0.252066 0
0.294437 0
0.284837 0
0.088171 0
1.820467 0
1.168048 0
0.063512 0
0.412428 0
0.105552 0
0.060272 0
0.080248 0
0.262040 0
0.341913 0
1.268026 0
0.224481 0
0.370365 0
0.420620 0
0.610463 0
0.197845 0
0.518479 0
0.829788 0
1.001666 0
0.375635 0
1.550210 0
0.128780 0
1.302726 0
0.198191 0
0.849088 0
0.341179 0
0.081790 0
0.309138 0
0.048125 0
0.153871 0
0.168875 0
0.079974 0
0.771559 0
0.089336 0
0.088366 0
0.196051 0
0.253469 0
0.243918 0
0.176607 0
0.302246 0
0.265546 0
1.203845 0
0.114475 0
0.444283 0
0.750677 0
0.109436 0
0.156671 0
0.205132 0
0.189844 0
0.204640 0
0.618250 0
0.690843 0
0.445042 0
0.063946 0
0.025873 0
0.415263 0
0.108563 0
0.114324 0
0.177660 0
0.372387 0
0.718608 0
1.475259 0
0.409742 0
1.466516 0
0.281679 0
0.148389 0
1.085552 0
0.607991 0
0.093777 0
0.231840 0
0.080811 0
1.521293 0
0.459468 0
1.322877 0
0.470795 0
0.877189 0
0.276899 0
0.003106 0
0.853554 0
0.354760 0
0.826190 0
0.741528 0
0.711708 0
1.256626 0
0.325845 0
0.529725 0
0.347919 0
0.073859 0
0.678820 0
0.266782 0
0.018413 0
0.988278 0
0.595822 0
1.336496 0
0.062566 0
1.109198 0
0.013917 0
0.261542 0
0.188420 0
0.413448 0
0.040828 0
0.013824 0
0.364695 0
0.288183 0
1.003463 0
0.087984 0
0.230491 0
1.513116 0
0.741037 0
0.871108 0
0.559933 0
0.637356 0
0.876217 0
1.263870 0
1.374502 0
0.825255 0
0.334877 0
0.111349 0
0.478489 0
0.443990 0
0.635343 0
0.093161 0
0.356691 0
0.644742 0
0.468988 0
0.429630 0
0.380524 0
0.147967 0
0.492725 0
0.196835 0
0.328961 0
1.430104 0
1.346921 0
0.015910 0
0.132121 0
0.021569 0
0.502098 0
0.426856 0
0.280375 0
0.469061 0
1.343490 0
0.088770 0
0.136300 0
0.552627 0
0.156609 0
0.124720 0
0.295214 0
0.051286 0
0.313129 0
0.366230 0
1.587653 0
0.136152 0
0.215947 0
1.362813 0
0.231153 0
0.903166 0
0.029209 0
0.881928 0
0.246428 0
0.396615 0
0.873941 0
0.634791 0
0.058564 0
0.250347 0
0.097292 0
0.654509 0
0.408890 0
0.234847 0
0.023577 0
0.081856 0
0.106627 0
0.168784 0
0.056730 0
0.708348 0
0.094337 0
0.341074 0
0.557297 0
0.069004 0
0.368528 0
1.255652 0
1.109278 0
0.847002 0
1.413827 0
0.413718 0
0.048220 0
0.692497 0
0.195384 0
0.115119 0
1.303113 0
0.041417 0
0.929555 0
0.212624 0
1.368365 0
0.028961 0
0.310965 0
1.853794 0
2.107791 0
1.418764 0
0.330446 0
0.031752 0
0.054762 0
0.324740 0
0.888886 0
1.000340 0
0.290375 0
1.175736 0
0.243242 0
1.592274 0
0.084498 0
0.629264 0
0.217249 0
0.684723 0
1.213699 0
1.681057 0
0.150750 0
0.154974 0
0.298800 0
0.074050 0
0.274976 0
0.043016 0
0.559099 0
0.384132 0
1.211216 0
0.061779 0
0.025893 0
0.503884 0
0.123836 0
1.442409 0
1.409570 0
0.848641 0
0.106177 0
0.141115 0
0.641613 0
0.198850 0
1.129851 0
0.469166 0
0.173618 0
0.203342 0
0.779879 0
0.180702 0
0.275723 0
0.638380 0
0.258617 0
0.641520 0
1.354143 0
1.518700 0
0.502292 0
1.126619 0
1.745886 0
0.869739 0
0.200954 0
0.167763 0
0.099741 0
0.137633 0
0.008812 0
0.959653 0
0.016851 0
0.564949 0
1.307349 0
0.939003 0
0.065276 0
0.156988 0
0.114473 0
0.409272 0
0.093340 0
0.118395 0
0.307101 0
0.094333 0
0.113879 0
0.629801 0
0.400712 0
1.599450 0
0.055404 0
0.125807 0
0.635873 0
0.935402 0
0.361528 0
0.613479 0
0.171171 0
0.001662 0
0.290564 0
0.242215 0
0.738925 0
0.627649 0
1.061110 0
0.464778 0
0.080410 0
1.511153 0
0.225503 0
0.155114 0
0.275376 0
1.090286 0
0.244320 0
0.516798 0
0.603079 0
0.202556 0
0.154342 0
0.154069 0
0.374772 0
0.223562 0
0.076348 0
0.191913 0
0.444608 0
0.815970 0
0.420952 0
0.371826 0
0.650460 0
0.989546 0
1.512155 0
0.506980 0
0.099114 0
0.112472 0
0.602349 0
0.283520 0
0.607766 0
0.346341 0
0.297488 0
0.277748 0
1.489361 0
0.551845 0
0.705993 0
0.509969 0
0.053178 0
0.682605 0
0.396445 0
0.981438 0
0.052511 0
0.140126 0
0.236702 0
2.279232 0
0.071879 0
0.035206 0
1.467134 0
0.734549 0
0.767779 0
0.186606 0
0.173550 0
0.678191 0
0.352122 0
0.664077 0
1.634760 0
0.152862 0
0.890403 0
0.231958 0
0.203649 0
0.072626 0
0.590388 0
0.304735 0
0.949980 0
0.095730 0
0.927677 0
1.415977 0
0.372186 0
0.019826 0
1.211149 0
0.314309 0
0.266763 0
0.058414 0
0.268602 0
1.273590 0
0.139302 0
0.943585 0
0.192549 0
0.300764 0
0.491356 0
0.457015 0
0.488131 0
0.053604 0
0.289050 0
0.185305 0
0.479210 0
0.473766 0
0.614750 0
1.445753 0
0.452878 0
1.869513 0
1.383714 0
0.232909 0
0.063718 0
0.242814 0
1.122715 0
0.973316 0
0.591906 0
0.197864 0
0.660346 0
1.403329 0
0.651843 0
0.889935 0
0.126625 0
0.329279 0
0.750446 0
0.573112 0
0.018288 0
0.069525 0
0.750101 0
0.010235 0
0.408170 0
0.355267 0
0.136411 0
0.140315 0
0.102137 0
0.218755 0
0.090912 0
1.258422 0
0.001598 0
0.822557 0
0.144309 0
0.422930 0
1.386220 0
0.558283 0
0.521574 0
0.169300 0
0.296723 0
1.299492 0
0.157932 0
1.069940 0
0.361494 0
0.043190 0
0.571626 0
0.271538 0
1.185841 0
0.467624 0
0.420554 0
0.036599 0
0.205694 0
0.569437 0
0.154406 0
0.197489 0
0.274305 0
0.185603 0
0.248934 0
1.063440 0
0.256595 0
0.932039 0
0.532234 0
0.191869 0
0.217062 0
0.080126 0
0.094752 0
0.549193 0
0.287846 0
0.671327 0
0.219255 0
0.605203 0
0.907087 0
0.162751 0
0.035667 0
0.621835 0
0.425222 0
0.408880 0
0.029894 0
0.157547 0
0.032051 0
0.141208 0
0.082748 0
0.865569 0
0.023301 0
0.802549 0
0.279010 0
0.077340 0
0.494558 0
0.046718 0
0.568568 0
0.095458 0
0.027253 0
1.808226 0
0.445822 0
1.444402 0
0.531286 0
0.738888 0
1.371551 0
0.237602 0
0.202751 0
0.103334 0
0.318939 0
0.061905 0
0.133080 0
0.026540 0
0.286706 0
0.069405 0
0.412172 0
0.309559 0
0.194251 0
0.341447 0
0.167175 0
0.265055 0
0.242777 0
0.301445 0
0.557220 0
1.582757 0
0.364248 0
0.237220 0
0.123997 0
0.123868 0
0.854622 0
1.273366 0
0.210977 0
0.141834 0
0.108825 0
0.550202 0
1.453498 0
1.026464 0
0.691645 0
1.039810 0
0.284287 0
0.222203 0
0.265756 0
0.585743 0
0.129283 0
0.209581 0
0.099374 0
0.039257 0
0.320095 0
1.042872 0
1.557168 0
0.537810 0
0.231715 0
0.224050 0
0.123821 0
0.072923 0
0.053172 0
1.144317 0
0.482679 0
0.097330 0
0.162742 0
1.231362 0
0.218350 0
0.853416 0
0.415909 0
0.028403 0
0.413488 0
0.222306 0
1.370508 0
0.255429 0
0.515477 0
0.080210 0
0.741370 0
0.153403 0
0.052902 0
0.639221 0
0.117228 0
0.860492 0
0.221347 0
1.776405 0
0.140571 0
1.288093 0
0.017802 0
0.084463 0
0.680049 0
0.694564 0
0.544102 0
0.602838 0
0.054571 0
0.362176 0
0.039994 0
0.596858 0
0.508180 0
0.107572 0
0.454250 0
0.121254 0
0.396040 0
0.114385 0
0.194145 0
0.251891 0
0.345386 0
0.070701 0
0.110430 0
0.138232 0
0.517249 0
0.453404 0
1.194533 0
0.124055 0
0.228160 0
0.502576 0
0.216046 0
0.602638 0
0.161410 0
0.919092 0
1.161543 0
0.033945 0
0.035663 0
0.316714 0
0.157105 0
0.425548 0
0.404451 0
0.017777 0
1.115322 0
0.635958 0
0.112400 0
0.231602 0
0.254922 0
0.532864 0
0.414036 0
0.547086 0
0.209295 0
0.387727 0
1.915293 0
0.488161 0
0.604617 0
0.321617 0
0.553057 0
0.125317 0
0.895241 0
0.227912 0
0.070893 0
0.258377 0
0.213600 0
1.121329 0
1.252855 0
0.468783 0
1.498686 0
0.117765 0
0.083018 0
1.510312 0
0.963790 0
1.097973 0
0.893551 0
1.430105 0
0.177499 0
0.312517 0
0.185595 0
0.237346 0
0.019565 0
0.702238 0
0.229935 0
0.600490 0
0.060618 0
0.195617 0
1.591846 0
1.379616 0
0.330115 0
0.099979 0
0.502487 0
0.500079 0
0.050894 0
0.017465 0
1.758118 0
0.595833 0
0.210978 0
0.463310 0
1.286693 0
1.158652 0
1.371742 0
0.278889 0
0.380850 0
0.172727 0
0.203821 0
0.217722 0
1.218717 0
0.563389 0
0.561486 0
0.099744 0
0.582693 0
0.076897 0
1.153321 0
0.645219 0
0.610521 0
1.048766 0
0.548182 0
0.216799 0
0.148937 0
0.164124 0
0.021638 0
0.129352 0
0.392650 0
0.299504 0
1.669744 0
0.442978 0
0.588494 0
0.011119 0
0.104052 0
0.150069 0
0.411323 0
1.042397 0
0.032148 0
0.320428 0
0.052343 0
0.699495 0
0.124085 0
0.387494 0
1.217500 0
0.213978 0
0.148246 0
0.379450 0
0.079098 0
0.463248 0
0.499980 0
1.207705 0
0.567609 0
0.239009 0
0.142350 0
0.786285 0
0.541000 0
0.120914 0
0.093410 0
0.026360 0
0.481661 0
0.051675 0
0.150380 0
1.677269 0
0.820484 0
0.799187 0
0.655649 0
1.077906 0
0.940584 0
0.184452 0
1.527375 0
0.083712 0
0.167675 0
0.199776 0
1.364356 0
0.175238 0
0.098773 0
0.193196 0
0.327866 0
0.124804 0
0.101196 0
1.069043 0
0.180964 0
0.215111 0
0.048997 0
0.433576 0
0.770892 0
0.779638 0
0.710580 0
0.076295 0
0.251115 0
0.178712 0
1.176437 0
0.089567 0
0.584478 0
0.264337 0
1.286068 0
0.325053 0
0.143439 0
0.081546 0
0.487101 0
0.017475 0
1.068391 0
1.385607 0
0.044704 0
0.221755 0
0.521489 0
0.131441 0
0.605118 0
0.819058 0
0.071813 0
0.011519 0
0.247945 0
0.098387 0
0.494303 0
0.072115 0
0.942793 0
1.235646 0
0.248499 0
0.035988 0
0.455057 0
0.285543 0
0.459924 0
0.083240 0
0.058861 0
0.112099 0
0.534360 0
0.318627 0
0.029341 0
0.471819 0
0.014737 0
0.743518 0
0.107083 0
0.204108 0
0.072058 0
0.182986 0
0.029476 0
0.224700 0
0.939099 0
0.397912 0
0.130696 0
0.455844 0
1.538226 0
0.237577 0
0.094164 0
0.154380 0
0.356742 0
0.128719 0
0.230437 0
0.087547 0
1.042918 0
0.581780 0
0.368530 0
0.222585 0
0.135981 0
0.041248 0
0.066541 0
0.201352 0
0.563461 0
0.450519 0
0.863760 0
0.030836 0
0.379532 0
0.961253 0
0.131457 0
0.305675 0
0.319353 0
0.386254 0
0.113421 0
0.496645 0
0.234255 0
0.789987 0
0.900928 0
0.164833 0
0.197323 0
0.393824 0
0.434400 0
0.335529 0
0.143091 0
0.483219 0
0.255556 0
1.376693 0
0.850499 0
0.315944 0
0.829343 0
1.179737 0
0.153559 0
0.138551 0
0.535314 0
0.460023 0
0.474575 0
0.433318 0
0.995330 0
0.542875 0
1.194196 0
1.048501 0
1.489986 0
0.161914 0
1.375747 0
0.195431 0
0.150253 0
0.026278 0
0.452831 0
0.798907 0
0.021589 0
0.573820 0
0.977986 0
0.716261 0
0.818032 0
0.173808 0
0.048792 0
0.073154 0
0.181820 0
1.027868 0
0.083133 0
0.274675 0
1.012002 0
1.153460 0
0.293138 0
0.368092 0
0.131240 0
0.263976 0
0.075892 0
0.102750 0
0.900263 0
0.464258 0
0.319530 0
0.435803 0
0.015557 0
0.278341 0
0.406056 0
0.567642 0
0.077024 0
0.245838 0
0.156131 0
0.312256 0
0.247497 0
0.956171 0
0.343288 0
0.379015 0
0.238314 0
0.539906 0
1.200539 0
0.130617 0
0.029473 0
0.693508 0
0.427356 0
0.312942 0
0.039507 0
0.229552 0
0.049570 0
0.057819 0
0.172935 0
1.374949 0
0.904700 0
0.015576 0
0.584190 0
0.149055 0
0.218835 0
0.367783 0
0.414451 0
0.015571 0
1.548738 0
0.894761 0
0.394578 0
0.021700 0
1.443320 0
0.080174 0
0.209765 0
0.763286 0
0.002500 0
0.172416 0
0.587430 0
0.106983 0
0.486689 0
1.033276 0
0.016842 0
0.141342 0
0.392257 0
0.502115 0
1.572256 0
1.220542 0
0.152364 0
0.494380 0
0.550266 0
0.023364 0
0.186212 0
0.211112 0
0.168920 0
0.825373 0
0.144088 0
1.054652 0
1.224237 0
1.043091 0
0.452509 0
0.507019 0
0.497838 0
0.291198 0
0.497327 0
1.577793 0
0.518301 0
0.721357 0
0.320845 0
0.698631 0
1.701215 0
0.365228 0
0.488477 0
0.269359 0
0.515924 0
0.196546 0
0.153627 0
0.315373 0
0.690188 0
0.937057 0
0.280518 0
0.529841 0
0.957458 0
0.131179 0
1.604396 0
0.913273 0
0.728926 0
0.279324 0
0.052954 0
0.156547 0
1.228963 0
0.170477 0
1.610242 0
0.086470 0
0.639795 0
1.530712 0
0.086798 0
1.139008 0
0.624623 0
0.422486 0
1.066605 0
1.397045 0
0.371711 0
1.043900 0
0.237847 0
1.421502 0
0.223040 0
1.434055 0
0.141642 0
0.079053 0
1.412571 0
0.093554 0
0.934662 0
0.346325 0
0.116635 0
0.681662 0
0.038839 0
0.137472 0
0.105753 0
0.032101 0
0.768841 0
0.005689 0
0.204388 0
0.166943 0
2.045988 0
0.728741 0
0.080716 0
0.139434 0
0.041396 0
1.035606 0
0.145833 0
0.940166 0
0.252718 0
0.101151 0
0.065454 0
0.519283 0
0.092340 0
0.390390 0
0.213180 0
0.467043 0
0.653462 0
0.059496 0
0.534529 0
1.552350 0
1.386648 0
1.294686 0
1.446287 0
0.433932 0
0.010748 0
0.529341 0
1.125975 0
0.378126 0
0.943940 0
0.613787 0
1.950130 0
0.711998 0
0.195655 0
0.440972 0
0.246601 0
0.149664 0
0.613636 0
0.599721 0
1.456686 0
0.602390 0
0.423969 0
0.856573 0
0.218842 0
1.879813 0
0.452418 0
1.256755 0
0.195462 0
1.083698 0
0.192748 0
1.396388 0
2.006861 0
0.399510 0
1.447174 0
0.035259 0
0.334969 0
0.103630 0
0.697825 0
0.032752 0
0.246591 0
0.164116 0
0.286118 0
0.575544 0
0.725979 0
0.420007 0
0.356214 0
0.348516 0
0.933249 0
0.454923 0
0.778271 0
0.861542 0
0.424490 0
0.036786 0
0.696611 0
1.224305 0
0.560966 0
0.091700 0
0.140178 0
0.019632 0
0.197386 0
0.019123 0
0.189872 0
1.121947 0
0.610311 0
0.615008 0
0.609385 0
0.574621 0
0.555162 0
0.794686 0
0.331196 0
1.340625 0
0.627795 0
0.817258 0
1.187321 0
0.514832 0
0.275170 0
0.097908 0
1.470987 0
0.053267 0
0.658695 0
0.052976 0
0.119402 0
1.355393 0
0.099239 0
0.392703 0
0.002892 0
0.151536 0
0.046631 0
0.153289 0
0.159872 0
0.186864 0
0.440397 0
0.037224 0
1.662934 0
0.305838 0
0.331390 0
1.103416 0
0.535310 0
0.338622 0
0.282032 0
0.030821 0
0.005280 0
0.071480 0
0.141064 0
0.248310 0
0.456417 0
1.169926 0
0.610398 0
0.016933 0
0.385247 0
0.349424 0
1.134557 0
0.274715 0
0.015280 0
0.726599 0
0.070984 0
0.049061 0
0.371292 0
0.048286 0
0.374439 0
1.025634 0
0.998564 0
0.158685 0
0.801917 0
1.316486 0
1.399271 0
0.479989 0
0.227651 0
0.380347 0
0.348827 0
0.192781 0
0.067418 0
1.123951 0
0.091853 0
0.502350 0
0.179638 0
0.187878 0
0.376324 0
1.043723 0
0.170209 0
0.042844 0
0.027998 0
0.355779 0
0.041849 0
0.821250 0
0.015521 0
0.461950 0
0.612139 0
1.392352 0
2.027781 0
0.738760 0
0.214474 0
0.257765 0
1.389303 0
0.493913 0
0.439012 0
1.248403 0
0.068423 0
1.349360 0
0.578113 0
0.011646 0
0.709634 0
0.317306 0
0.776369 0
0.667001 0
0.468806 0
0.195791 0
0.533647 0
1.492036 0
1.653545 0
0.079030 0
0.795257 0
0.095999 0
0.027435 0
0.415725 0
0.136903 0
0.809452 0
0.374569 0
0.981314 0
0.510335 0
0.897850 0
0.148652 0
1.212592 0
0.817249 0
0.117031 0
0.558131 0
0.234522 0
1.518967 0
0.057063 0
0.215396 0
0.283944 0
0.044960 0
0.031585 0
0.070741 0
0.972837 0
0.364045 0
0.019552 0
1.168781 0
0.300119 0
0.076541 0
1.282804 0
0.752263 0
0.589052 0
0.002774 0
0.222420 0
0.445853 0
0.194974 0
0.376723 0
0.046998 0
0.162746 0
0.317298 0
0.096304 0
0.458282 0
0.487375 0
0.501054 0
0.234492 0
0.225323 0
0.345803 0
1.299216 0
0.856146 0
0.588559 0
0.724465 0
0.122327 0
0.371199 0
0.515551 0
0.105845 0
0.522465 0
0.204587 0
0.369249 0
0.330319 0
0.126539 0
0.126210 0
0.041782 0
0.589478 0
0.662617 0
0.684493 0
0.252587 0
0.088374 0
0.709949 0
0.029966 0
0.042672 0
0.872903 0
0.183882 0
1.083059 0
0.314440 0
0.125598 0
0.183606 0
0.949286 0
0.652387 0
0.740732 0
1.173223 0
1.332114 0
0.219152 0
0.795726 0
0.035667 0
0.181977 0
0.991314 0
0.257592 0
1.486451 0
0.968843 0
0.189733 0
0.703117 0
0.103745 0
1.025661 0
0.087693 0
1.252704 0
0.466316 0
0.293911 0
0.233931 0
0.484147 0
1.074910 0
0.452310 0
1.357968 0
1.030551 0
0.374985 0
0.101865 0
0.484554 0
0.100606 0
1.207693 0
0.353290 0
0.018253 0
0.008078 0
0.788409 0
0.284539 0
1.407756 0
0.072660 0
0.445613 0
0.028173 0
1.477198 0
0.304869 0
0.410938 0
0.271944 0
1.813224 0
0.476105 0
1.519906 0
0.918310 0
0.563838 0
1.540878 0
0.714008 0
0.163970 0
0.017997 0
0.346086 0
1.391732 0
0.118901 0
0.148827 0
0.489444 0
0.747266 0
0.198863 0
0.327764 0
0.832368 0
0.011405 0
0.015612 0
0.477959 0
0.209321 0
0.071367 0
1.366032 0
0.777840 0
0.308588 0
0.533861 0
0.053979 0
1.424126 0
0.286680 0
0.047068 0
0.060850 0
0.672908 0
0.499625 0
0.705614 0
0.933716 0
0.543040 0
0.208519 0
0.862056 0
0.162775 0
0.456486 0
1.503577 0
0.273584 0
0.429558 0
0.327833 0
0.135335 0
0.587533 0
0.277106 0
0.299786 0
0.442504 0
1.498604 0
0.092340 0
0.571953 0
0.183871 0
0.669927 0
0.585118 0
0.069480 0
0.217139 0
0.390348 0
0.230204 0
0.453946 0
0.058101 0
0.279548 0
0.293755 0
0.230094 0
0.331743 0
0.236888 0
1.412755 0
0.077283 0
0.227718 0
0.815694 0
1.698574 0
0.635339 0
0.128212 0
0.228803 0
0.315188 0
0.036592 0
0.194326 0
0.281966 0
0.617115 0
0.670155 0
0.903323 0
0.419180 0
0.163678 0
0.640728 0
0.226368 0
1.197668 0
1.393681 0
0.077548 0
0.379260 0
0.034170 0
1.431187 0
1.345434 0
0.199458 0
0.596951 0
0.176637 0
0.085608 0
0.576695 0
0.007279 0
0.551300 0
0.053600 0
0.202075 0
0.630516 0
0.651503 0
0.296284 0
0.370867 0
0.447753 0
0.280914 0
0.241791 0
0.167942 0
0.079186 0
0.014671 0
0.313222 0
1.352966 0
0.654925 0
0.190014 0
0.440555 0
1.585092 0
0.568184 0
0.072314 0
1.113206 0
0.233025 0
0.112157 0
0.447899 0
0.832796 0
0.492432 0
0.041750 0
0.057389 0
0.413599 0
0.374763 0
0.230719 0
0.704552 0
0.070162 0
1.900247 0
0.362753 0
0.473756 0
0.066985 0
0.609440 0
0.204395 0
0.358058 0
0.813890 0
1.972045 0
0.717952 0
0.517493 0
0.566205 0
0.325722 0
0.426483 0
0.068876 0
0.061890 0
0.167566 0
0.070247 0
0.558715 0
0.062693 0
0.371334 0
0.093264 0
0.781150 0
0.144953 0
0.047798 0
0.189820 0
0.249625 0
0.140213 0
0.054640 0
0.307077 0
0.505260 0
0.150483 0
0.164614 0
0.143652 0
0.071688 0
0.248686 0
0.385987 0
0.041583 0
0.750702 0
0.875268 0
0.572002 0
0.285256 0
0.417701 0
0.141197 0
0.415589 0
0.744859 0
0.383883 0
0.506974 0
1.113992 0
1.096117 0
0.520156 0
0.263501 0
1.321917 0
0.614730 0
0.093261 0
0.695895 0
0.224271 0
0.113098 0
0.060140 0
0.266334 0
0.101610 0
0.068648 0
0.311121 0
1.570434 0
0.213652 0
0.315318 0
0.373098 0
1.321029 0
0.324326 0
0.016558 0
0.542820 0
0.268488 0
1.604068 0
0.223817 0
0.575821 0
0.293400 0
1.101440 0
0.307440 0
0.054839 0
0.151848 0
0.864277 0
0.287021 0
0.355853 0
0.576603 0
0.624522 0
1.839696 0
0.158993 0
0.180700 0
1.519688 0
0.206784 0
0.207353 0
0.099467 0
0.657026 0
0.033928 0
0.942352 0
0.156174 0
0.018221 0
0.039504 0
0.004327 0
0.226101 0
0.019890 0
0.431253 0
0.209229 0
0.452004 0
1.487016 0
0.249643 0
0.215015 0
0.686226 0
1.557063 0
0.183976 0
0.291592 0
0.389128 0
0.161840 0
0.243345 0
0.038727 0
0.413618 0
0.354908 0
0.582116 0
0.257477 0
1.368765 0
0.980071 0
0.616677 0
0.383638 0
0.109305 0
0.565325 0
0.640015 0
0.121405 0
1.000277 0
0.683319 0
0.413523 0
0.305704 0
0.686086 0
0.288228 0
0.186383 0
0.078303 0
0.090519 0
0.976401 0
0.181028 0
0.715121 0
0.424757 0
0.124868 0
0.550184 0
0.301812 0
0.517418 0
1.529453 0
0.186203 0
0.042046 0
0.547065 0
0.520742 0
0.466928 0
0.388904 0
0.123699 0
0.225552 0
0.136288 0
0.174221 0
0.027987 0
1.456706 0
0.756288 0
0.012774 0
0.442320 0
0.082644 0
0.027878 0
1.638086 0
0.062289 0
0.194322 0
0.223239 0
0.403809 0
0.186362 0
1.107121 0
0.165187 0
1.204098 0
1.026558 0
0.070662 0
0.218346 0
1.170952 0
0.111970 0
0.262846 0
0.389175 0
1.567464 0
0.062165 0
1.433216 0
0.944191 0
0.483177 0
0.019126 0
0.840988 0
0.369391 0
0.035135 0
0.156708 0
0.203415 0
0.061884 0
0.306634 0
0.186890 0
1.145135 0
0.474159 0
0.168760 0
0.031277 0
0.136699 0
1.525409 0
0.092498 0
0.249181 0
0.422788 0
0.138249 0
0.007602 0
0.190766 0
0.703137 0
0.286981 0
0.168587 0
1.467177 0
0.476872 0
0.024908 0
0.024526 0
0.469079 0
1.117076 0
1.368545 0
1.336343 0
0.466272 0
0.344900 0
0.735017 0
0.678417 0
1.368634 0
0.812599 0
1.048315 0
0.396993 0
0.586693 0
0.399427 0
0.511882 0
1.123112 0
0.643442 0
0.283769 0
0.648092 0
1.365906 0
0.826458 0
0.100978 0
0.730685 0
0.051421 0
1.158349 0
0.173483 0
0.203985 0
0.701301 0
0.225682 0
0.337408 0
0.156162 0
0.094620 0
0.592703 0
0.373718 0
0.183615 0
0.711440 0
0.273133 0
0.126034 0
0.793880 0
0.167133 0
0.643299 0
0.312572 0
0.065869 0
0.085513 0
0.867957 0
0.009471 0
0.186158 0
0.266350 0
1.555743 0
0.138995 0
0.033351 0
0.023652 0
0.853782 0
0.499808 0
0.282872 0
0.297610 0
0.131848 0
0.925117 0
0.027233 0
0.415308 0
1.149091 0
0.400140 0
0.137794 0
0.245645 0
0.236284 0
0.238760 0
0.125279 0
0.464680 0
0.131945 0
0.349140 0
1.385867 0
0.696093 0
0.531038 0
0.451015 0
0.581747 0
0.461536 0
0.103933 0
0.476421 0
0.509275 0
0.263364 0
0.527211 0
0.742501 0
0.286790 0
0.399829 0
0.104489 0
0.064300 0
0.469922 0
0.937572 0
0.042134 0
1.366884 0
0.202872 0
0.254894 0
0.250638 0
0.287372 0
0.056461 0
0.311203 0
0.286474 0
0.934331 0
0.531365 0
0.239116 0
0.090704 0
0.030418 0
0.043683 0
0.763149 0
0.978302 0
0.217223 0
0.510794 0
0.514347 0
1.041558 0
0.974118 0
0.122420 0
0.797756 0
1.249092 0
0.538943 0
1.288796 0
0.096421 0
0.175966 0
0.425344 0
0.918321 0
0.491759 0
0.515787 0
0.570747 0
0.287639 0
0.064108 0
1.107013 0
0.320687 0
0.077462 0
0.860160 0
0.476353 0
0.356025 0
0.069672 0
0.320512 0
0.415704 0
1.297205 0
0.447135 0
0.362891 0
0.613438 0
0.232130 0
1.364861 0
0.113744 0
1.262170 0
0.541415 0
0.493090 0
0.200972 0
0.083036 0
0.422018 0
0.214713 0
0.095056 0
0.477638 0
0.473964 0
0.146563 0
0.286559 0
0.066510 0
0.767989 0
0.431289 0
0.094324 0
0.466783 0
0.323814 0
0.195105 0
0.058213 0
0.455834 0
0.412983 0
1.031807 0
0.014007 0
0.814313 0
0.088422 0
0.151058 0
0.013589 0
1.266172 0
0.057936 0
1.228864 0
0.266188 0
0.124697 0
0.826192 0
0.337791 0
0.796608 0
0.935590 0
0.448451 0
0.304172 0
0.938306 0
1.180096 0
0.034916 0
0.431274 0
0.074851 0
0.046499 0
0.686148 0
1.397215 0
0.097706 0
0.263944 0
0.085141 0
0.183043 0
0.294813 0
1.563533 0
0.374143 0
0.410604 0
0.015328 0
0.262732 0
0.869838 0
0.522023 0
0.081155 0
1.366655 0
0.382758 0
1.040434 0
0.165953 0
0.507546 0
0.251994 0
0.233343 0
1.322848 0
0.204898 0
0.195701 0
0.082938 0
0.055561 0
1.394446 0
0.137914 0
0.787275 0
2.051763 0
0.185174 0
0.207057 0
0.130418 0
0.527581 0
0.795090 0
1.420035 0
0.075987 0
0.394088 0
0.026836 0
0.418707 0
0.554680 0
0.810583 0
0.126035 0
1.578804 0
0.270436 0
0.304868 0
0.888911 0
0.012354 0
0.041074 0
0.113221 0
0.480051 0
0.131415 0
0.765562 0
0.233226 0
1.202864 0
0.061705 0
0.614165 0
1.104920 0
0.132728 0
1.541380 0
0.140291 0
1.410938 0
0.740347 0
1.101460 0
0.082994 0
0.621440 0
1.015674 0
1.372163 0
0.844112 0
0.236105 0
0.598548 0
0.134672 0
1.193416 0
0.107564 0
0.082137 0
0.207100 0
0.852941 0
0.711383 0
0.348298 0
0.276263 0
0.341760 0
0.951879 0
0.144000 0
0.227252 0
1.086863 0
1.962291 0
0.615827 0
0.316999 0
0.149508 0
0.519584 0
1.271139 0
0.108854 0
0.237064 0
0.210304 0
0.484539 0
0.171266 0
0.011566 0
0.619318 0
0.687884 0
0.053612 0
0.071962 0
0.092162 0
0.776172 0
0.035549 0
0.076488 0
0.559657 0
0.006371 0
0.851031 0
0.370749 0
1.613666 0
0.303257 0
0.434606 0
0.624003 0
0.142888 0
0.090316 0
0.108746 0
0.525412 0
0.280982 0
0.476794 0
0.286939 0
0.727463 0
0.987908 0
1.413951 0
0.037404 0
0.439802 0
0.619333 0
0.242589 0
0.542138 0
0.712979 0
0.063216 0
0.423596 0
0.863257 0
1.598542 0
0.208490 0
0.121581 0
0.083088 0
0.434826 0
0.543173 0
0.410756 0
0.100943 0
0.166866 0
1.781607 0
0.718188 0
0.147925 0
1.648949 0
0.386628 0
0.218267 0
0.631881 0
1.267621 0
0.422222 0
0.284652 0
0.374294 0
0.037259 0
0.107924 0
1.646218 0
0.681404 0
1.305502 0
0.260807 0
0.587012 0
0.014372 0
0.183157 0
0.087982 0
0.489849 0
0.188482 0
0.778716 0
0.458769 0
0.290949 0
0.067001 0
0.228698 0
0.293114 0
0.388346 0
0.411833 0
0.197809 0
0.599824 0
1.010899 0
1.086744 0
0.546098 0
0.383799 0
0.906518 0
0.920586 0
0.254831 0
0.277334 0
1.529508 0
0.233221 0
0.266042 0
0.764947 0
0.115871 0
0.176672 0
0.276452 0
1.186582 0
0.775509 0
0.430649 0
0.424691 0
0.769701 0
0.167499 0
0.050223 0
0.706289 0
1.335080 0
0.295303 0
0.073594 0
0.201664 0
0.010375 0
0.151091 0
0.037290 0
1.903889 0
0.162339 0
0.334409 0
0.356852 0
0.346604 0
0.917858 0
0.300869 0
0.151274 0
0.416919 0
0.549511 0
0.193395 0
0.153920 0
0.101303 0
0.400563 0
0.691309 0
0.196196 0
0.306956 0
0.384337 0
0.083796 0
0.085217 0
0.684284 0
0.250069 0
0.085857 0
0.549064 0
0.973340 0
1.476454 0
1.471004 0
0.345286 0
0.515444 0
0.282391 0
0.632242 0
0.532213 0
1.286651 0
0.404442 0
0.158667 0
0.195451 0
0.024894 0
1.111422 0
0.226112 0
0.255106 0
0.777651 0
0.670089 0
1.079018 0
0.845711 0
0.648274 0
0.138550 0
0.789450 0
0.923984 0
0.031180 0
0.011681 0
1.552763 0
0.562432 0
0.102848 0
0.013832 0
0.489936 0
0.327583 0
0.402305 0
0.042029 0
0.835708 0
0.380809 0
0.409979 0
0.230463 0
0.704981 0
0.023826 0
1.675520 0
1.382842 0
0.044900 0
0.889616 0
0.020319 0
0.429669 0
0.020240 0
1.195784 0
0.149843 0
0.298475 0
0.286141 0
0.363555 0
0.854251 0
0.647495 0
0.668572 0
1.497540 0
1.326548 0
0.134764 0
0.229921 0
0.320253 0
0.399311 0
0.017254 0
0.418641 0
0.796486 0
0.551292 0
0.375213 0
0.519426 0
0.411979 0
0.317394 0
0.248806 0
0.002456 0
0.205657 0
1.364571 0
0.747401 0
1.153041 0
0.466881 0
0.438787 0
0.750561 0
0.347906 0
0.492543 0
0.762168 0
0.145192 0
0.079164 0
2.052133 0
0.112652 0
0.874665 0
0.097587 0
0.964358 0
0.129472 0
0.945112 0
0.412508 0
0.986330 0
1.227603 0
0.019299 0
0.804167 0
0.561703 0
0.331900 0
0.684805 0
0.745618 0
1.136762 0
0.926129 0
0.239382 0
0.023838 0
0.987551 0
0.667725 0
0.060795 0
0.779531 0
0.516418 0
0.492697 0
0.455020 0
0.177424 0
0.265209 0
0.090787 0
0.014797 0
0.848909 0
0.140533 0
0.036118 0
0.570464 0
0.015113 0
0.056097 0
0.176790 0
1.361994 0
0.358717 0
0.419519 0
0.475773 0
0.313253 0
1.391668 0
1.101731 0
1.275955 0
0.229495 0
0.290362 0
0.022540 0
0.581920 0
1.055892 0
0.538634 0
0.316985 0
0.017371 0
0.802064 0
0.230785 0
0.098621 0
0.490680 0
0.313706 0
1.591987 0
0.649945 0
0.083094 0
0.055945 0
0.117468 0
0.841968 0
0.076436 0
0.210262 0
0.440768 0
0.088616 0
0.021953 0
0.523749 0
0.989029 0
0.104477 0
0.884981 0
0.149775 0
0.248368 0
0.146577 0
0.428043 0
0.670404 0
0.390303 0
1.324811 0
0.154427 0
0.079407 0
1.174959 0
0.049348 0
0.189600 0
1.772165 0
0.077258 0
0.129299 0
0.889186 0
0.586916 0
0.206333 0
0.021181 0
0.254069 0
0.517126 0
0.145793 0
0.620861 0
1.115556 0
0.328694 0
0.385461 0
0.567076 0
0.270428 0
0.804856 0
0.131927 0
0.155846 0
0.181644 0
0.512194 0
0.711045 0
0.147177 0
0.086308 0
0.768001 0
0.259917 0
0.741526 0
0.698478 0
0.053326 0
0.241239 0
1.311208 0
0.075469 0
1.039786 0
0.033171 0
0.313194 0
1.556655 0
1.050479 0
0.301844 0
0.181749 0
0.109439 0
0.681788 0
0.357047 0
0.210379 0
0.534223 0
0.527824 0
0.129943 0
0.032564 0
1.001996 0
0.441142 0
0.232491 0
1.108000 0
0.188501 0
0.460527 0
0.152408 0
0.218000 0
0.140613 0
0.277669 0
0.081477 0
0.305934 0
0.532229 0
0.200258 0
0.846295 0
0.200067 0
0.312692 0
0.017324 0
0.053176 0
0.136471 0
0.023342 0
0.743549 0
0.217580 0
0.128970 0
0.266908 0
0.238131 0
0.321961 0
0.025381 0
0.596553 0
0.098807 0
0.726133 0
0.102073 0
0.202110 0
0.873154 0
0.064923 0
0.075797 0
0.759183 0
0.479375 0
0.610540 0
0.248494 0
0.122162 0
0.264632 0
0.108805 0
1.500019 0
0.689572 0
0.886198 0
0.388431 0
0.760791 0
0.249956 0
0.715093 0
0.190866 0
0.595975 0
0.894258 0
0.914164 0
0.538765 0
0.891831 0
0.603605 0
0.042713 0
1.534213 0
0.874112 0
0.372275 0
0.504456 0
1.518556 0
0.134423 0
0.433506 0
1.024830 0
0.165139 0
0.340388 0
0.208108 0
0.845418 0
0.369664 0
0.082536 0
0.469193 0
0.162742 0
0.394278 0
0.704560 0
0.030530 0
0.468344 0
1.179004 0
0.326778 0
0.836008 0
1.257431 0
1.098855 0
1.233710 0
0.486823 0
1.045855 0
0.978506 0
1.028050 0
1.038234 0
0.442364 0
1.168259 0
0.276215 0
0.343652 0
0.193664 0
0.039085 0
0.100933 0
0.293517 0
0.116068 0
0.207831 0
0.734956 0
0.508097 0
0.182851 0
0.124741 0
1.115232 0
0.510323 0
0.705206 0
1.537325 0
0.527571 0
0.191740 0
0.243526 0
0.476506 0
0.509048 0
0.306388 0
0.087186 0
0.632092 0
0.172562 0
0.320680 0
0.449660 0
0.690895 0
0.695378 0
0.179957 0
0.227209 0
0.460119 0
0.454998 0
0.096048 0
0.525859 0
0.155050 0
0.198706 0
0.766557 0
0.275114 0
0.215509 0
0.386111 0
0.841703 0
0.689829 0
0.558591 0
0.169082 0
1.479153 0
0.860913 0
0.093797 0
1.188771 0
0.482626 0
0.220810 0
0.181058 0
0.832839 0
0.940813 0
0.848081 0
0.130417 0
0.123914 0
0.081651 0
0.364591 0
0.115774 0
0.031394 0
0.592330 0
0.328676 0
0.044433 0
0.238757 0
0.013269 0
0.366607 0
0.279116 0
1.237006 0
2.244559 0
0.606593 0
1.692107 0
0.371747 0
0.786361 0
0.729268 0
0.119117 0
0.090132 0
0.103859 0
0.483300 0
0.144163 0
0.287172 0
0.132326 0
0.901480 0
0.827173 0
0.644681 0
0.369603 0
0.062270 0
0.318496 0
1.050463 0
1.434804 0
0.205379 0
0.118438 0
0.186479 0
0.459655 0
0.819329 0
0.374430 0
0.116164 0
1.158796 0
0.238138 0
0.341105 0
1.038238 0
0.670813 0
0.067489 0
1.610612 0
0.521031 0
0.950346 0
0.072146 0
0.315042 0
0.039035 0
0.138987 0
0.416414 0
0.800261 0
1.032255 0
0.038838 0
0.349646 0
0.123434 0
0.248504 0
0.077013 0
1.123558 0
0.753863 0
0.214954 0
0.035780 0
0.202450 0
0.390539 0
0.687148 0
0.764176 0
1.401979 0
0.052107 0
0.254192 0
0.096802 0
1.280191 0
0.010336 0
0.606901 0
0.267982 0
0.011421 0
0.472853 0
0.705911 0
0.029572 0
0.102410 0
0.311282 0
0.351052 0
0.130360 0
0.190518 0
0.490815 0
0.379338 0
0.835261 0
0.214122 0
0.353190 0
1.693153 0
0.145790 0
0.379454 0
1.163966 0
0.061401 0
1.455143 0
0.931626 0
0.328276 0
0.292278 0
0.162432 0
0.821223 0
0.478732 0
0.572827 0
0.044381 0
0.413711 0
0.462711 0
0.028486 0
0.088677 0
0.353937 0
0.364711 0
1.218712 0
0.126115 0
0.071798 0
0.692475 0
0.138089 0
0.082723 0
1.630893 0
0.341140 0
0.367050 0
1.254510 0
0.184155 0
0.033868 0
1.576725 0
0.245999 0
0.227572 0
0.634162 0
1.488059 0
1.690384 0
1.574254 0
0.325525 0
0.167861 0
0.202709 0
1.401561 0
0.940766 0
0.003416 0
0.558402 0
0.708893 0
0.403193 0
0.186644 0
0.898626 0
0.825913 0
0.393551 0
0.109755 0
0.616410 0
1.990392 0
1.420272 0
0.643968 0
0.451014 0
0.176373 0
0.374280 0
0.646042 0
1.082531 0
0.566500 0
0.709461 0
0.305426 0
0.229086 0
0.067387 0
1.370950 0
1.036592 0
0.836681 0
0.555928 0
0.031334 0
0.360897 0
0.579167 0
0.123282 0
0.969001 0
0.104096 0
0.093959 0
0.099612 0
0.043628 0
0.180657 0
1.335547 0
0.009345 0
1.253279 0
0.618187 0
0.261132 0
1.014637 0
1.649479 0
0.160458 0
0.207837 0
0.187145 0
1.680355 0
0.517902 0
0.230464 0
0.589207 0
0.248595 0
1.201352 0
0.282420 0
0.664998 0
1.202502 0
0.113759 0
0.095487 0
0.512989 0
0.135583 0
0.760922 0
0.206927 0
0.386023 0
1.117121 0
0.093568 0
1.122379 0
0.181644 0
0.095502 0
0.671129 0
0.452347 0
0.424186 0
0.847408 0
0.260035 0
0.032434 0
0.469995 0
0.288939 0
0.097722 0
0.827138 0
0.671923 0
1.515370 0
0.083642 0
0.138998 0
0.356162 0
1.116767 0
0.822594 0
1.429226 0
0.013154 0
0.157522 0
0.443977 0
0.408240 0
0.329662 0
0.735092 0
0.068624 0
0.213315 0
0.259529 0
0.741666 0
0.087507 0
0.010573 0
0.088434 0
0.289788 0
0.187995 0
0.020888 0
0.993317 0
0.450660 0
1.184320 0
0.574564 0
0.553932 0
0.489243 0
1.693104 0
1.001755 0
0.822316 0
0.822726 0
0.809312 0
0.394262 0
0.350218 0
0.496413 0
0.662280 0
0.324277 0
0.145734 0
0.245678 0
0.064378 0
0.282278 0
0.509689 0
0.606122 0
0.144629 0
0.436057 0
0.062674 0
0.893524 0
1.328137 0
0.233422 0
0.333867 0
0.235296 0
0.498529 0
1.249623 0
0.394833 0
0.689580 0
0.221731 0
0.476169 0
0.150175 0
0.762895 0
0.123063 0
0.174990 0
0.783956 0
0.029013 0
1.289920 0
0.079416 0
0.950639 0
1.078060 0
1.170859 0
0.358031 0
0.569532 0
0.392837 0
0.100827 0
0.296103 0
0.189154 0
0.691757 0
0.353678 0
0.902719 0
0.384548 0
1.008812 0
0.076550 0
0.251112 0
1.439318 0
0.032057 0
0.514863 0
1.084898 0
0.152736 0
1.071860 0
0.443400 0
0.026581 0
0.004395 0
0.102099 0
1.850303 0
0.447450 0
0.922943 0
0.165662 0
0.226327 0
1.394892 0
0.193299 0
0.052243 0
0.311825 0
0.043168 0
0.989096 0
0.166339 0
0.173086 0
1.312109 0
0.966380 0
0.261697 0
0.002624 0
0.716586 0
0.215309 0
0.257186 0
0.009623 0
0.430968 0
0.137687 0
0.542493 0
0.257064 0
0.771615 0
0.535023 0
0.235224 0
1.381353 0
0.056663 0
1.360478 0
0.391660 0
0.329825 0
0.135633 0
0.415920 0
0.382292 0
0.604353 0
0.697500 0
0.705113 0
0.395626 0
1.601632 0
0.524364 0
0.037440 0
0.075647 0
1.089756 0
0.244574 0
0.644831 0
0.257458 0
0.941421 0
0.315599 0
0.121871 0
0.334605 0
0.518463 0
0.325895 0
0.063567 0
0.407229 0
0.525418 0
0.543505 0
0.248355 0
0.668792 0
0.431936 0
0.944393 0
0.406962 0
1.089688 0
0.017412 0
0.317783 0
1.035853 0
0.476395 0
1.378827 0
0.151707 0
0.223837 0
1.295654 0
0.570929 0
1.369103 0
0.115792 0
0.254709 0
0.095702 0
0.054869 0
0.284397 0
1.362999 0
0.344557 0
0.485901 0
0.112867 0
0.207326 0
0.592940 0
0.222772 0
0.357343 0
0.561274 0
0.284341 0
0.130590 0
1.016125 0
0.520933 0
0.592864 0
1.354734 0
0.514450 0
0.633161 0
0.006121 0
1.460631 0
0.128671 0
0.060135 0
0.122342 0
1.364149 0
0.047412 0
0.440964 0
0.569754 0
0.095595 0
0.167031 0
0.092713 0
0.335129 0
0.561705 0
0.563179 0
0.028139 0
0.012738 0
1.001230 0
0.945361 0
0.153056 0
0.251082 0
0.118821 0
0.005406 0
0.195924 0
0.235767 0
0.202253 0
0.121743 0
0.567907 0
0.659593 0
0.274193 0
0.732677 0
1.319252 0
0.996215 0
0.113987 0
0.139594 0
1.364406 0
0.132847 0
0.474600 0
0.487876 0
0.789094 0
0.358287 0
0.653263 0
1.117614 0
0.431894 0
0.317487 0
0.095005 0
1.508323 0
1.329995 0
1.242494 0
0.478117 0
0.502454 0
0.117364 0
0.459425 0
0.870434 0
1.462379 0
1.563898 0
0.671160 0
0.952524 0
0.405986 0
0.124879 0
0.106986 0
0.897680 0
0.444660 0
0.107341 0
0.286915 0
0.782100 0
1.220565 0
0.223822 0
1.430111 0
0.718933 0
0.326600 0
0.539410 0
1.503170 0
1.453433 0
0.098389 0
0.136574 0
0.615476 0
0.856800 0
0.151974 0
0.014419 0
0.134048 0
0.833541 0
0.081431 0
0.691617 0
0.591056 0
0.050870 0
0.594121 0
0.269718 0
0.953410 0
0.122092 0
0.107249 0
0.219187 0
0.425316 0
0.030776 0
0.650940 0
0.218134 0
0.044066 0
0.889576 0
0.671510 0
0.507529 0
0.092217 0
0.693561 0
0.048599 0
1.166193 0
0.006572 0
1.395183 0
0.019737 0
0.034189 0
0.150883 0
0.662174 0
0.897278 0
1.184662 0
1.418172 0
0.210052 0
0.939811 0
0.141294 0
0.316808 0
0.199692 0
0.111779 0
0.485559 0
0.335314 0
0.717156 0
0.366469 0
0.348293 0
0.494007 0
0.139486 0
0.042568 0
0.045390 0
1.518341 0
0.799257 0
1.198057 0
0.965186 0
0.444364 0
0.427772 0
0.195097 0
0.046437 0
0.858441 0
0.257759 0
0.411592 0
1.070861 0
1.192510 0
0.657225 0
1.465193 0
0.911987 0
0.488823 0
0.111795 0
0.396613 0
1.543380 0
1.422069 0
0.811195 0
0.081528 0
0.252923 0
0.059556 0
0.593425 0
0.295963 0
2.123727 0
0.168223 0
0.316086 0
0.125202 0
1.425352 0
0.520916 0
0.561978 0
0.904055 0
1.031346 0
0.017507 0
0.233934 0
0.996364 0
1.254856 0
0.268089 0
0.684354 0
0.091036 0
0.886103 0
0.249821 0
0.772192 0
1.360189 0
1.318165 0
0.641276 0
1.504230 0
0.121593 0
0.181791 0
0.882650 0
0.010495 0
0.532076 0
0.637435 0
1.710116 0
0.033234 0
0.610755 0
0.571395 0
0.074345 0
1.252633 0
0.804400 0
0.012297 0
0.617205 0
0.621455 0
1.477073 0
0.343916 0
0.611111 0
0.273988 0
0.190288 0
1.323724 0
0.191159 0
0.692576 0
0.084316 0
0.017433 0
0.224019 0
0.025525 0
0.398741 0
0.195068 0
0.037670 0
0.165331 0
0.235980 0
0.826931 0
0.291764 0
1.586330 0
1.140578 0
0.003818 0
0.052401 0
0.678065 0
0.516833 0
0.409448 0
0.289034 0
0.111886 0
0.150955 0
0.225742 0
0.238529 0
0.449114 0
0.061241 0
0.884702 0
0.357095 0
0.167400 0
0.720559 0
0.483158 0
0.055023 0
0.999901 0
0.171114 0
0.658066 0
1.007888 0
0.313798 0
0.619253 0
0.129572 0
0.287567 0
0.075886 0
1.315933 0
1.268976 0
0.142908 0
0.149164 0
0.129562 0
0.970550 0
0.059228 0
0.205055 0
0.724509 0
0.528740 0
0.402902 0
0.832317 0
0.310964 0
0.403173 0
0.570548 0
0.142066 0
0.366206 0
0.815843 0
0.215102 0
0.285539 0
0.282347 0
1.105384 0
1.426002 0
0.714598 0
0.280594 0
0.302240 0
0.129461 0
1.081915 0
1.467609 0
0.178699 0
0.065835 0
1.373953 0
0.024310 0
0.387548 0
0.073551 0
0.183828 0
0.140989 0
1.146359 0
1.456757 0
0.025034 0
0.015790 0
0.983605 0
0.533344 0
0.463343 0
1.504274 0
0.275149 0
0.281402 0
0.061806 0
0.059923 0
0.383433 0
1.623939 0
0.864018 0
0.176019 0
1.255390 0
0.776130 0
0.033928 0
0.296250 0
0.155889 0
0.552414 0
0.079755 0
0.615248 0
0.130454 0
0.320305 0
1.358682 0
0.097960 0
0.442141 0
1.152367 0
0.136895 0
1.374853 0
0.159042 0
1.038499 0
0.104271 0
0.162353 0
0.530200 0
0.023013 0
0.161944 0
0.104542 0
0.396817 0
0.698346 0
0.682954 0
0.386899 0
0.040698 0
0.725571 0
0.491945 0
0.069100 0
0.309769 0
0.653685 0
1.169604 0
0.025364 0
0.437976 0
0.199904 0
0.128742 0
0.752393 0
0.407907 0
0.382418 0
0.019039 0
0.267348 0
0.981487 0
0.710656 0
0.195334 0
0.121542 0
0.429694 0
0.026053 0
0.207368 0
0.186163 0
1.540177 0
1.193473 0
0.227409 0
0.737597 0
0.435849 0
0.215643 0
0.220462 0
0.177243 0
1.028831 0
0.372708 0
0.120205 0
0.142378 0
0.415727 0
0.203087 0
0.097199 0
0.319747 0
0.836435 0
0.433423 0
1.391098 0
0.647070 0
0.712966 0
0.040198 0
0.512006 0
0.198587 0
0.041707 0
0.074800 0
1.167554 0
0.169720 0
1.086131 0
0.455487 0
0.053305 0
1.544649 0
0.237411 0
0.202472 0
0.244575 0
0.821526 0
0.630480 0
0.585419 0
0.070166 0
0.276396 0
1.478188 0
0.110073 0
0.255885 0
0.767703 0
0.144272 0
0.192378 0
1.099971 0
0.137567 0
1.222317 0
0.159967 0
0.092300 0
0.577062 0
0.069856 0
1.006076 0
1.236966 0
0.038369 0
0.165978 0
0.078566 0
0.880318 0
0.835804 0
0.137101 0
0.500566 0
0.456105 0
0.248612 0
0.295993 0
0.023944 0
1.789240 0
1.510132 0
0.738009 0
1.413428 0
0.069056 0
0.804499 0
0.521286 0
0.338481 0
0.866927 0
0.627957 0
0.077439 0
0.383464 0
0.544347 0
0.560470 0
0.049890 0
1.668968 0
1.583206 0
1.433460 0
0.158321 0
0.113647 0
0.128154 0
0.805876 0
0.153234 0
0.771394 0
0.895249 0
0.772794 0
0.206479 0
0.780705 0
0.062398 0
0.001547 0
1.268122 0
0.959336 0
0.372913 0
0.417202 0
0.023893 0
0.011745 0
0.061703 0
1.802499 0
0.536952 0
0.152730 0
0.782403 0
0.291288 0
0.201482 0
1.317591 0
0.600124 0
0.176871 0
0.496817 0
0.664415 0
0.158253 0
1.088746 0
0.119382 0
0.065621 0
0.209698 0
0.185345 0
0.563647 0
0.186092 0
0.361521 0
0.755065 0
1.147029 0
0.057684 0
0.503802 0
0.481173 0
0.662034 0
0.700590 0
0.207002 0
1.317790 0
0.484743 0
0.752258 0
0.611671 0
0.291576 0
0.522124 0
0.179158 0
0.721339 0
0.819214 0
0.129245 0
0.650365 0
0.549615 0
0.168690 0
0.089053 0
0.640279 0
0.849615 0
0.717237 0
0.349912 0
0.193528 0
0.073488 0
0.179064 0
1.322368 0
0.063669 0
0.339882 0
0.179249 0
0.917292 0
0.056855 0
0.690421 0
0.255148 0
0.181265 0
0.261206 0
0.316199 0
1.060504 0
0.504631 0
0.249296 0
1.128006 0
0.220775 0
0.129249 0
0.123062 0
0.788287 0
0.154493 0
0.105069 0
0.190273 0
0.608672 0
0.237997 0
0.332065 0
0.458157 0
0.342746 0
0.367721 0
0.811596 0
0.407501 0
0.357492 0
0.102244 0
0.021193 0
0.482061 0
0.186407 0
0.588627 0
0.050252 0
0.511025 0
0.671921 0
0.846917 0
0.664806 0
0.582553 0
1.382165 0
0.539485 0
0.112155 0
0.307347 0
0.509231 0
0.029621 0
0.400054 0
0.134864 0
0.128902 0
0.953665 0
1.349238 0
0.454578 0
0.004380 0
0.032310 0
0.863154 0
0.572652 0
0.284962 0
0.746738 0
0.532538 0
1.417148 0
0.457801 0
0.955935 0
1.496918 0
0.189205 0
0.382156 0
0.364814 0
0.899445 0
1.401434 0
0.570291 0
0.072214 0
0.710011 0
0.234470 0
0.321133 0
0.471981 0
0.263109 0
0.614825 0
0.030591 0
0.265494 0
1.072615 0
1.205361 0
0.207605 0
1.260106 0
1.079694 0
0.115800 0
0.027981 0
0.330685 0
0.897115 0
0.086306 0
0.114797 0
1.392120 0
1.626087 0
0.929259 0
0.494833 0
0.968824 0
0.411413 0
0.392081 0
0.071022 0
0.547132 0
1.366723 0
0.559916 0
0.538462 0
0.077652 0
0.028388 0
0.162142 0
1.542298 0
0.041866 0
1.443327 0
0.256156 0
0.043433 0
0.848034 0
0.180928 0
0.234901 0
0.553920 0
0.693018 0
0.079079 0
0.594871 0
0.470315 0
0.598180 0
0.911023 0
0.085505 0
0.256715 0
0.190060 0
0.010748 0
0.249257 0
0.101724 0
0.234663 0
0.131310 0
0.164051 0
0.807071 0
0.084897 0
0.668687 0
1.521887 0
1.061750 0
0.173290 0
1.209579 0
0.425973 0
0.605802 0
0.078451 0
0.213790 0
1.362911 0
0.156230 0
0.316231 0
0.022776 0
0.304357 0
0.067474 0
0.045985 0
0.926326 0
0.262270 0
0.272052 0
0.503892 0
0.680316 0
0.194830 0
0.168995 0
0.443679 0
0.136411 0
0.127593 0
0.734774 0
0.256831 0
0.640319 0
0.620478 0
0.265275 0
0.109052 0
0.318351 0
1.065351 0
0.064801 0
0.812811 0
0.105240 0
0.150091 0
1.464241 0
0.292229 0
0.336111 0
0.597426 0
0.911486 0
0.643633 0
1.106238 0
0.155778 0
0.042870 0
0.981407 0
0.133720 0
1.225644 0
0.878449 0
0.208715 0
0.617135 0
1.568913 0
0.169490 0
0.266968 0
0.626229 0
0.307422 0
0.236195 0
0.179230 0
0.138845 0
0.099712 0
0.091359 0
0.166734 0
0.572352 0
0.238092 0
0.024073 0
0.719892 0
0.093527 0
0.290954 0
0.483490 0
0.269808 0
0.519784 0
0.076972 0
0.626520 0
0.004574 0
0.208963 0
1.392370 0
0.923100 0
0.311278 0
0.082547 0
0.411252 0
1.299608 0
0.418781 0
0.119602 0
0.083395 0
0.228777 0
0.579648 0
0.094587 0
0.096498 0
1.179489 0
0.233404 0
0.600961 0
0.994358 0
0.574831 0
0.253098 0
0.333227 0
0.322240 0
0.679223 0
0.225739 0
0.024681 0
0.498219 0
0.417492 0
0.095557 0
0.562341 0
0.983728 0
0.266471 0
0.049106 0
1.421714 0
1.147736 0
0.352825 0
0.590252 0
1.052433 0
0.417623 0
0.170254 0
0.400829 0
0.503661 0
0.422269 0
0.412848 0
0.068830 0
0.464064 0
1.816242 0
1.373396 0
0.218223 0
0.320127 0
1.403336 0
0.348954 0
0.335800 0
0.833937 0
0.363048 0
0.734199 0
0.065127 0
0.140653 0
0.210491 0
0.506336 0
0.265807 0
0.332854 0
0.607264 0
0.054040 0
0.221730 0
0.333325 0
0.324046 0
0.061897 0
1.476503 0
0.492622 0
0.422734 0
0.195882 0
0.518342 0
0.436328 0
0.933060 0
0.251561 0
0.042341 0
0.011093 0
0.559828 0
0.290263 0
0.456574 0
0.437747 0
0.282637 0
0.317334 0
0.064953 0
0.031375 0
0.102226 0
0.031380 0
0.316938 0
0.171637 0
0.153905 0
0.250281 0
0.009460 0
1.403010 0
1.198925 0
0.016423 0
0.208270 0
0.082369 0
1.036502 0
0.320082 0
0.233038 0
0.145417 0
1.376523 0
0.162614 0
0.126138 0
0.837983 0
0.013884 0
0.292315 0
0.418826 0
0.393340 0
0.605104 0
0.419624 0
0.058762 0
0.203628 0
0.271276 0
0.971596 0
0.308076 0
0.024390 0
0.487352 0
0.332415 0
0.295346 0
0.562046 0
0.180298 0
0.102360 0
0.175147 0
0.069946 0
1.408487 0
0.085277 0
0.803084 0
0.483816 0
0.884520 0
0.182201 0
0.672086 0
0.118755 0
0.020495 0
0.302474 0
0.371839 0
0.750195 0
0.604750 0
0.272116 0
0.329202 0
0.160401 0
0.119063 0
1.244909 0
0.152473 0
0.067537 0
1.627967 0
0.442009 0
0.666184 0
1.888075 0
0.183795 0
1.000607 0
0.342119 0
0.281526 0
0.361519 0
1.558423 0
0.209782 0
0.608171 0
0.839251 0
0.333085 0
0.245173 0
0.126703 0
0.384105 0
0.399576 0
0.864710 0
0.499009 0
1.597417 0
0.451655 0
0.096772 0
1.016680 0
0.722562 0
0.662349 0
1.367049 0
0.404506 0
0.601826 0
0.276559 0
1.303689 0
0.011315 0
0.704527 0
0.288467 0
0.398979 0
1.005192 0
0.818218 0
0.321177 0
0.240789 0
0.114245 0
0.598189 0
0.371514 0
0.435067 0
0.912110 0
0.295000 0
1.458141 0
0.093537 0
0.034374 0
0.405512 0
1.228105 0
0.110804 0
0.084615 0
0.183639 0
0.659455 0
0.421103 0
0.244134 0
0.129560 0
0.192006 0
0.876311 0
0.059245 0
0.343237 0
0.810553 0
0.089973 0
0.305045 0
0.206339 0
0.105820 0
1.353677 0
0.765755 0
1.168298 0
0.676859 0
0.624650 0
0.141810 0
1.453647 0
1.372778 0
0.165873 0
0.233597 0
0.375821 0
0.245562 0
0.130572 0
0.649633 0
0.080794 0
0.159750 0
0.177316 0
0.207499 0
0.096700 0
0.159709 0
0.092445 0
0.647798 0
0.149009 0
0.434478 0
1.066034 0
0.085997 0
0.200954 0
0.266945 0
0.299781 0
0.251555 0
0.338024 0
0.040739 0
0.505375 0
0.184174 0
0.148341 0
0.022833 0
0.490269 0
1.484263 0
0.661146 0
0.192152 0
0.192932 0
0.292632 0
0.391885 0
0.528260 0
0.310361 0
0.102515 0
0.107516 0
0.976400 0
0.092340 0
0.106236 0
1.413188 0
0.681073 0
0.238231 0
0.498251 0
0.250224 0
0.852153 0
0.408450 0
0.700033 0
0.449052 0
1.164543 0
0.218749 0
0.812946 0
0.087698 0
0.502215 0
0.377353 0
0.289518 0
0.064142 0
0.221366 0
0.527431 0
0.053100 0
0.580124 0
0.265599 0
0.476626 0
1.223196 0
1.679913 0
0.394749 0
0.299290 0
0.224560 0
0.037293 0
0.639356 0
0.745790 0
0.025521 0
0.021265 0
0.161411 0
0.044137 0
1.111091 0
0.601118 0
0.508711 0
0.432020 0
0.505513 0
0.967084 0
0.296843 0
0.230584 0
0.232508 0
0.377330 0
0.133333 0
0.132566 0
0.310814 0
0.425595 0
0.551698 0
0.144411 0
1.488756 0
1.057691 0
0.380299 0
0.082679 0
0.158106 0
0.146892 0
0.502049 0
0.718899 0
0.024706 0
0.624614 0
0.002552 0
0.282027 0
1.297636 0
0.173978 0
0.967059 0
0.413667 0
0.199051 0
0.149501 0
1.419464 0
0.846808 0
0.148537 0
0.130701 0
0.548190 0
0.395661 0
0.366930 0
1.383157 0
0.947771 0
0.107172 0
0.182553 0
0.024856 0
0.029005 0
0.262198 0
0.807904 0
0.021106 0
0.182835 0
0.512843 0
0.312782 0
1.649428 0
0.112372 0
0.479957 0
1.462088 0
0.103808 0
0.210034 0
0.411243 0
0.170970 0
0.306940 0
0.571501 0
0.747694 0
1.182558 0
0.340727 0
0.631949 0
0.497968 0
0.629446 0
1.401677 0
1.135900 0
0.150094 0
0.050967 0
0.149814 0
0.275927 0
0.888099 0
0.346152 0
0.734841 0
0.871675 0
0.401534 0
0.178405 0
0.984253 0
0.380008 0
0.516249 0
0.270127 0
0.134456 0
0.401386 0
0.161208 0
0.352203 0
0.247457 0
0.843522 0
0.148390 0
0.158721 0
0.325486 0
0.123419 0
0.519508 0
0.042855 0
0.034853 0
0.521864 0
0.292230 0
0.198637 0
0.361575 0
0.215632 0
0.335299 0
0.401511 0
1.165291 0
0.765010 0
0.525533 0
0.782926 0
0.639466 0
0.757230 0
0.408091 0
0.385550 0
1.143585 0
0.912355 0
0.135749 0
0.833829 0
0.990277 0
0.255129 0
0.503751 0
0.287752 0
0.483511 0
0.643523 0
0.141475 0
0.145981 0
0.341218 0
0.678275 0
0.547716 0
0.217553 0
0.269816 0
0.384210 0
0.076296 0
0.381686 0
0.267075 0
0.259382 0
0.109725 0
1.336796 0
0.152053 0
0.369707 0
0.044567 0
0.618979 0
1.048269 0
0.200318 0
0.116862 0
0.394488 0
0.216145 0
0.371974 0
0.618185 0
0.666339 0
0.756096 0
0.110007 0
0.201485 0
0.504583 0
0.786447 0
1.039096 0
0.054344 0
0.075191 0
0.075548 0
0.877677 0
1.316642 0
0.557250 0
0.163325 0
1.454769 0
1.125948 0
0.156131 0
1.489746 0
0.064419 0
1.280184 0
0.271750 0
0.693113 0
0.123115 0
0.211375 0
0.448492 0
0.341848 0
0.199017 0
0.716007 0
0.021679 0
0.960747 0
1.333510 0
0.627150 0
0.237776 0
0.653521 0
1.235499 0
0.280145 0
0.513834 0
1.694715 0
0.234294 0
0.295063 0
0.052230 0
0.196275 0
0.497785 0
0.356744 0
0.193758 0
0.570228 0
0.196845 0
0.106673 0
0.050785 0
0.675488 0
1.432694 0
0.886645 0
1.080889 0
0.066007 0
0.223763 0
0.177822 0
0.673346 0
0.787814 0
0.232993 0
0.193590 0
0.703214 0
0.330366 0
0.957425 0
0.157268 0
0.819956 0
1.523559 0
0.259352 0
0.200904 0
0.510949 0
0.343147 0
1.386660 0
0.950641 0
0.118057 0
0.438157 0
0.710195 0
0.323263 0
0.696146 0
0.144578 0
0.601088 0
0.038015 0
0.048051 0
0.079673 0
0.184810 0
0.794792 0
0.135471 0
0.611903 0
0.021292 0
0.408729 0
1.272422 0
0.086136 0
0.653871 0
0.104277 0
0.459872 0
0.940300 0
0.262044 0
0.980397 0
0.157899 0
0.525133 0
1.181254 0
0.419681 0
1.302227 0
0.464881 0
0.249916 0
0.189400 0
0.011460 0
0.011974 0
0.087891 0
1.467211 0
1.505373 0
0.150694 0
0.029655 0
0.034222 0
1.499501 0
0.237961 0
0.071980 0
0.243418 0
1.095399 0
0.267366 0
0.211571 0
0.727107 0
1.378845 0
0.029592 0
0.239776 0
0.090742 0
0.072169 0
0.843907 0
0.051929 0
0.217811 0
1.600702 0
0.316321 0
0.144508 0
0.893830 0
0.308898 0
0.627532 0
0.400094 0
0.475866 0
0.104668 0
0.063663 0
1.926231 0
0.373989 0
0.502362 0
0.942077 0
0.082132 0
0.693587 0
0.075430 0
0.617364 0
0.296177 0
0.107083 0
0.922560 0
0.360933 0
1.081650 0
0.392182 0
0.673589 0
0.305325 0
0.574002 0
1.447309 0
0.169335 0
0.172872 0
0.182838 0
0.301136 0
1.600643 0
0.426025 0
0.377458 0
0.548186 0
0.264091 0
1.174849 0
0.464100 0
0.062206 0
0.782615 0
1.529471 0
0.486306 0
0.344822 0
0.168383 0
0.549033 0
1.325573 0
0.075572 0
0.261808 0
0.201890 0
1.135838 0
1.462353 0
0.304757 0
0.290330 0
0.768256 0
0.802064 0
0.108745 0
0.330424 0
0.033317 0
1.623820 0
0.156554 0
0.228227 0
0.526090 0
0.162766 0
0.091933 0
0.054695 0
0.189090 0
0.065882 0
0.562343 0
0.242934 0
0.388134 0
0.168105 0
0.060242 0
0.108570 0
0.121769 0
0.351096 0
0.013929 0
1.430861 0
0.886906 0
0.443606 0
0.680847 0
0.181373 0
0.008936 0
1.404424 0
0.523935 0
0.394698 0
0.119899 0
0.409174 0
1.033407 0
0.451766 0
1.393935 0
0.045522 0
0.566652 0
0.106040 0
0.147980 0
0.159750 0
0.293159 0
0.485561 0
0.104019 0
0.270824 0
1.022683 0
0.534617 0
0.305297 0
0.742133 0
1.376997 0
0.076786 0
0.073252 0
1.742081 0
0.142654 0
0.302003 0
1.324934 0
0.017201 0
0.106366 0
1.308232 0
0.374294 0
1.096003 0
0.098816 0
1.568140 0
0.499634 0
0.047030 0
0.322225 0
1.463792 0
1.210764 0
0.305648 0
0.554781 0
0.285224 0
1.560196 0
0.174292 0
0.437940 0
0.697894 0
0.983236 0
0.560256 0
0.353254 0
0.585481 0
0.241818 0
0.719196 0
0.523659 0
0.747508 0
0.145575 0
1.017838 0
0.135331 0
0.134933 0
0.342074 0
0.108451 0
0.287791 0
1.295577 0
0.179120 0
0.219880 0
0.684149 0
0.345146 0
1.381511 0
0.244747 0
0.386562 0
0.704693 0
0.046921 0
1.475304 0
0.462096 0
0.988383 0
0.500519 0
0.273906 0
0.190961 0
1.458999 0
1.391202 0
1.305944 0
0.226809 0
0.083762 0
0.693748 0
0.281887 0
0.140116 0
0.675782 0
0.743209 0
0.596969 0
0.535238 0
0.181957 0
0.101306 0
1.023737 0
0.755544 0
0.218855 0
0.089253 0
0.254406 0
0.245223 0
0.105458 0
0.220517 0
0.157614 0
0.369916 0
1.236513 0
0.750898 0
0.290356 0
0.235131 0
0.897431 0
0.966671 0
0.489280 0
0.084551 0
0.932478 0
0.242429 0
0.047115 0
0.523974 0
0.173291 0
0.520637 0
0.372142 0
0.056512 0
0.282025 0
0.264631 0
0.431700 0
0.809237 0
0.201968 0
0.978600 0
0.588658 0
0.217396 0
0.189020 0
0.026639 0
0.135787 0
0.448454 0
0.136743 0
1.405141 0
0.304731 0
0.200601 0
1.574772 0
0.028764 0
0.517669 0
0.810084 0
0.035263 0
0.090156 0
1.180874 0
1.196224 0
0.046312 0
0.059022 0
0.825925 0
0.057694 0
0.217144 0
0.651479 0
0.099648 0
0.425921 0
0.267306 0
0.432113 0
0.308846 0
0.229166 0
0.398942 0
1.445931 0
0.697581 0
0.023523 0
0.956886 0
0.693997 0
0.146111 0
0.771843 0
0.567150 0
1.207659 0
0.296950 0
0.232320 0
0.269902 0
0.198801 0
0.200960 0
0.684243 0
0.758601 0
0.284383 0
0.285387 0
0.223078 0
0.330076 0
0.109557 0
0.448197 0
0.092994 0
0.240739 0
0.509322 0
0.650131 0
1.311872 0
1.426071 0
1.454890 0
0.507549 0
0.187065 0
0.258190 0
0.348177 0
1.221659 0
0.546821 0
0.235216 0
0.072031 0
1.379715 0
0.430804 0
0.358350 0
0.297815 0
0.135417 0
1.069144 0
0.199702 0
0.394930 0
0.225328 0
0.151955 0
0.115781 0
0.899145 0
1.457016 0
1.047692 0
0.903619 0
0.902571 0
0.909444 0
1.400162 0
0.020074 0
0.442130 0
0.391840 0
0.018884 0
0.251187 0
0.063669 0
1.410392 0
1.052548 0
0.183237 0
0.624191 0
0.805483 0
0.386036 0
0.241921 0
1.552006 0
0.674060 0
1.099970 0
0.083338 0
0.053231 0
0.029734 0
0.057807 0
0.804247 0
0.240652 0
0.167516 0
0.185441 0
0.038054 0
0.141570 0
1.167636 0
0.288558 0
0.201931 0
0.030111 0
0.218594 0
0.112682 0
0.967724 0
0.193266 0
0.902816 0
0.309376 0
0.091104 0
0.219956 0
0.530530 0
0.509700 0
0.714474 0
1.262999 0
0.764116 0
0.366284 0
0.367116 0
0.300247 0
0.316214 0
0.016712 0
0.329679 0
0.353106 0
0.421849 0
0.017426 0
0.197509 0
0.247506 0
0.371960 0
0.546352 0
0.391330 0
1.225081 0
0.288041 0
0.579038 0
0.130236 0
0.138211 0
1.379133 0
0.829447 0
0.630721 0
1.240451 0
0.047408 0
0.829365 0
0.300988 0
1.257188 0
0.255387 0
0.630359 0
0.728752 0
0.058171 0
0.705263 0
0.027820 0
0.318166 0
0.395299 0
0.261090 0
1.008054 0
0.544110 0
0.747613 0
0.115499 0
0.071913 0
0.930046 0
0.210681 0
0.043595 0
0.752521 0
0.618831 0
0.605006 0
0.336027 0
0.266535 0
0.009502 0
0.012885 0
0.526365 0
1.303518 0
0.591433 0
0.533649 0
0.223447 0
0.064373 0
0.810148 0
0.073803 0
0.701718 0
0.526381 0
0.402778 0
0.518449 0
1.076400 0
1.087636 0
0.882450 0
1.112018 0
0.595597 0
0.240987 0
1.372793 0
1.044563 0
0.036411 0
0.588181 0
0.006616 0
0.096012 0
1.590649 0
0.297628 0
1.347474 0
0.825448 0
0.042768 0
0.729268 0
0.817405 0
0.072381 0
0.675843 0
0.166770 0
0.390592 0
0.248588 0
0.297482 0
0.602291 0
0.762322 0
0.430281 0
1.009417 0
0.148605 0
0.205098 0
0.265158 0
0.182664 0
0.217448 0
0.005773 0
0.211732 0
0.184352 0
0.712029 0
1.213999 0
0.576029 0
1.281438 0
0.579332 0
0.328615 0
0.528856 0
1.104590 0
0.223607 0
0.289420 0
0.264653 0
0.501721 0
0.038098 0
0.505790 0
0.992526 0
1.293165 0
1.530757 0
1.097827 0
0.590035 0
0.275736 0
0.474298 0
0.386550 0
0.217444 0
0.966043 0
0.263666 0
0.654288 0
0.980166 0
0.370255 0
0.668209 0
0.403184 0
0.155475 0
0.032104 0
0.209259 0
0.039513 0
0.130828 0
0.033492 0
0.113092 0
0.106997 0
0.555335 0
0.435247 0
0.139505 0
0.448966 0
0.801247 0
0.319744 0
0.064944 0
0.237057 0
1.525060 0
0.645512 0
0.769453 0
0.116051 0
0.303404 0
1.478524 0
1.043394 0
0.059069 0
0.016003 0
0.178094 0
0.101452 0
0.569751 0
0.150309 0
0.582512 0
0.046692 0
0.507012 0
0.119366 0
0.641780 0
0.103810 0
0.937499 0
0.735849 0
0.066743 0
0.427726 0
0.595984 0
0.710078 0
0.197661 0
0.032603 0
0.031930 0
0.244386 0
0.096582 0
0.586764 0
0.006481 0
0.153895 0
0.303635 0
0.011609 0
0.211526 0
0.540870 0
0.165866 0
0.107692 0
0.509647 0
0.714544 0
0.005690 0
0.339374 0
0.532805 0
0.227498 0
1.535455 0
0.329595 0
0.558332 0
1.213881 0
0.035544 0
0.355553 0
1.349661 0
0.706116 0
0.149113 0
1.687975 0
0.629247 0
0.914422 0
0.286427 0
0.140784 0
0.510550 0
0.532958 0
0.035838 0
0.733682 0
1.610529 0
1.686204 0
0.697932 0
0.096101 0
0.325458 0
0.708677 0
0.003304 0
0.063764 0
0.035592 0
0.470948 0
0.069954 0
0.065382 0
0.514989 0
0.097511 0
0.469159 0
0.289567 0
0.699325 0
0.737398 0
0.379004 0
0.156714 0
0.057796 0
0.210778 0
0.188416 0
1.294811 0
0.857828 0
0.736932 0
1.159869 0
1.618862 0
0.877497 0
1.383624 0
0.693457 0
0.595146 0
1.542477 0
1.026559 0
0.924115 0
0.210100 0
0.343987 0
0.886195 0
0.725790 0
0.948116 0
1.326846 0
0.460230 0
0.726228 0
0.306126 0
0.248340 0
0.149683 0
0.252012 0
0.345132 0
0.107494 0
0.440553 0
0.150577 0
1.956176 0
0.994141 0
0.192788 0
0.989432 0
0.452797 0
0.917336 0
0.024007 0
0.284756 0
0.304474 0
0.089317 0
0.050533 0
0.808021 0
0.501111 0
0.674802 0
0.732282 0
0.175939 0
0.254607 0
0.167959 0
0.492015 0
0.107161 0
0.141284 0
0.240030 0
0.508306 0
0.183526 0
0.320472 0
0.006529 0
1.335357 0
0.440242 0
0.213394 0
0.079165 0
1.130296 0
0.381279 0
0.244466 0
0.095794 0
1.320855 0
0.167267 0
0.211339 0
1.485989 0
0.652205 0
1.273391 0
0.198766 0
1.643697 0
1.485932 0
1.483974 0
0.412464 0
0.484461 0
0.061855 0
1.086336 0
0.669135 0
1.615264 0
0.106655 0
0.354057 0
0.140303 0
0.709656 0
1.621220 0
0.069095 0
0.289161 0
0.738515 0
0.543469 0
0.161103 0
1.373907 0
0.032837 0
0.019708 0
0.392721 0
0.982994 0
0.697892 0
0.048396 0
0.299170 0
0.436435 0
0.793440 0
0.560169 0
0.200467 0
0.472358 0
0.510929 0
0.043637 0
0.118245 0
0.381352 0
0.700970 0
1.304257 0
0.367603 0
1.332541 0
0.022314 0
0.495970 0
0.915622 0
1.214333 0
0.359108 0
0.295465 0
1.254925 0
0.308406 0
0.531231 0
0.950285 0
0.288994 0
0.206185 0
0.721505 0
1.488607 0
1.491372 0
0.304739 0
1.181677 0
0.494529 0
0.917809 0
0.044590 0
0.197637 0
0.214441 0
0.299701 0
0.315839 0
0.622187 0
0.155060 0
1.272405 0
0.065141 0
0.072214 0
0.170841 0
0.802523 0
0.113415 0
0.768623 0
1.349594 0
0.100366 0
0.411824 0
0.705163 0
0.878376 0
0.082889 0
0.404938 0
1.003930 0
0.752658 0
0.196074 0
1.474354 0
0.049161 0
1.408373 0
0.613400 0
0.247161 0
0.034136 0
0.334355 0
1.446026 0
0.059910 0
0.388959 0
0.047640 0
1.603844 0
0.519383 0
0.057097 0
1.523385 0
0.948311 0
0.115068 0
0.210404 0
0.062838 0
0.580839 0
0.123624 0
0.587262 0
0.289085 0
0.094062 0
0.135568 0
0.136605 0
0.318919 0
0.452575 0
0.036001 0
0.499683 0
0.419689 0
0.088767 0
0.037495 0
0.162722 0
0.730346 0
0.323346 0
0.352474 0
0.306559 0
0.813876 0
1.421219 0
0.574448 0
0.207465 0
0.257644 0
0.389869 0
0.309975 0
0.407139 0
0.601148 0
0.139868 0
0.413901 0
0.842283 0
1.271287 0
1.904467 0
0.105801 0
1.102574 0
0.134615 0
0.474585 0
0.358830 0
1.253874 0
0.583054 0
0.265895 0
0.476528 0
1.505642 0
0.688863 0
0.597247 0
1.371924 0
0.258862 0
0.381238 0
0.251581 0
0.290168 0
0.553464 0
0.590835 0
0.434489 0
0.102756 0
0.722679 0
1.053603 0
0.438879 0
0.261786 0
1.547069 0
0.335324 0
0.241420 0
0.452309 0
0.145836 0
0.597016 0
0.882089 0
0.321725 0
0.303282 0
0.344261 0
0.318662 0
0.246542 0
0.711552 0
0.268037 0
0.715103 0
0.032018 0
0.756952 0
0.535065 0
0.059776 0
1.266236 0
0.765162 0
0.076240 0
0.822049 0
0.992900 0
0.373736 0
0.156548 0
0.065337 0
0.150539 0
0.119975 0
1.610525 0
0.150416 0
1.083335 0
0.055618 0
0.827877 0
0.806107 0
0.053700 0
0.032467 0
0.095241 0
0.345882 0
0.472766 0
0.009172 0
0.142947 0
0.357951 0
0.031262 0
0.193996 0
0.938117 0
0.095569 0
1.614248 0
0.241111 0
0.065076 0
0.858804 0
0.155493 0
0.342140 0
0.715364 0
0.391452 0
0.451596 0
1.515941 0
0.927864 0
0.119757 0
0.636910 0
1.277333 0
0.342234 0
1.314118 0
0.059290 0
1.381515 0
0.155077 0
0.508658 0
0.055322 0
0.367808 0
0.016846 0
1.067520 0
0.151922 0
1.542876 0
0.719130 0
0.407442 0
0.700201 0
0.215176 0
0.098746 0
0.783297 0
0.087513 0
0.061815 0
0.720770 0
0.654313 0
0.317122 0
0.341496 0
0.020120 0
0.088659 0
1.498774 0
0.351573 0
0.881087 0
0.856350 0
0.445055 0
0.426179 0
1.326858 0
0.433189 0
0.231372 0
1.426366 0
0.240503 0
0.587267 0
0.673842 0
1.838112 0
0.111678 0
0.236080 0
0.815768 0
0.055176 0
0.248256 0
0.347248 0
0.150150 0
0.577083 0
1.176162 0
0.253818 0
0.052469 0
1.019334 0
0.633617 0
0.158102 0
0.221611 0
0.366817 0
0.128920 0
0.094891 0
0.674336 0
0.087755 0
0.183146 0
0.318301 0
0.438735 0
0.446161 0
0.079559 0
0.924721 0
0.034946 0
0.638079 0
0.107910 0
0.321806 0
0.323329 0
0.382500 0
0.386997 0
0.153341 0
0.158823 0
0.099217 0
0.561094 0
0.137938 0
0.251661 0
0.341876 0
0.714370 0
0.015296 0
0.131009 0
0.047659 0
0.523674 0
0.637545 0
0.650727 0
0.221458 0
0.182656 0
0.413742 0
1.651128 0
0.484045 0
0.398462 0
0.314311 0
0.111076 0
0.349825 0
0.024946 0
0.060716 0
1.392491 0
0.056635 0
1.259392 0
0.496278 0
0.416606 0
0.107023 0
0.315292 0
0.638497 0
0.205116 0
0.190233 0
0.102813 0
0.384354 0
0.030600 0
0.391614 0
0.055719 0
1.303277 0
0.025913 0
0.005172 0
0.064936 0
0.023200 0
0.408149 0
0.500095 0
1.141237 0
0.414220 0
0.253516 0
0.011427 0
0.160702 0
1.361895 0
0.333043 0
0.341891 0
0.103197 0
0.024038 0
0.311295 0
0.312898 0
0.506030 0
0.693536 0
0.393796 0
0.353987 0
0.762405 0
0.646032 0
0.092590 0
0.105273 0
0.167379 0
0.104593 0
1.151299 0
0.722917 0
0.112077 0
0.275146 0
0.160012 0
0.711715 0
0.160461 0
0.886987 0
0.058045 0
0.066420 0
0.019510 0
0.434013 0
0.513227 0
0.245034 0
0.079364 0
0.166434 0
0.018909 0
0.195637 0
0.770981 0
0.184081 0
0.884235 0
1.033735 0
0.054522 0
0.538739 0
0.659877 0
0.835118 0
0.467851 0
0.271207 0
0.305692 0
1.144924 0
1.117691 0
0.014260 0
0.134413 0
0.411373 0
0.180460 0
0.201990 0
0.797682 0
0.289491 0
0.269634 0
0.416019 0
0.708776 0
0.342784 0
0.897764 0
0.058357 0
0.092788 0
0.422404 0
0.150536 0
1.354940 0
0.134599 0
0.068148 0
0.229522 0
0.037304 0
0.005854 0
0.407438 0
1.512154 0
0.763341 0
0.166577 0
0.194699 0
0.185765 0
1.560473 0
0.412627 0
0.903093 0
0.093194 0
0.367983 0
0.170400 0
1.156132 0
1.081678 0
1.162045 0
0.297334 0
0.180253 0
0.825736 0
0.139066 0
0.281587 0
0.549998 0
0.527069 0
0.396883 0
0.477269 0
0.190516 0
0.110651 0
0.251236 0
0.020629 0
0.812123 0
0.189580 0
1.210567 0
0.850180 0
0.519488 0
0.322034 0
0.626354 0
0.182957 0
0.821688 0
1.452139 0
0.123206 0
0.592561 0
0.213521 0
0.303625 0
0.246893 0
0.459891 0
0.394646 0
0.827268 0
0.142416 0
1.459839 0
1.398383 0
0.394081 0
0.110708 0
0.445711 0
0.179534 0
0.816739 0
0.480509 0
1.136405 0
0.023039 0
0.086728 0
0.216106 0
0.323982 0
1.173594 0
1.016755 0
0.402641 0
0.635324 0
0.207418 0
0.969803 0
1.208781 0
0.449675 0
0.290486 0
0.259077 0
0.141587 0
0.031829 0
0.191406 0
0.346685 0
0.288861 0
0.636571 0
1.128374 0
0.170450 0
0.617887 0
0.513260 0
0.200079 0
1.448696 0
0.811511 0
0.240380 0
0.156526 0
1.517989 0
0.147735 0
0.027535 0
0.331680 0
0.224738 0
0.067299 0
0.160007 0
0.800232 0
1.478574 0
0.093506 0
0.018317 0
1.088295 0
0.419189 0
0.357127 0
0.235988 0
0.033950 0
0.124233 0
0.419468 0
0.105271 0
0.276968 0
0.134908 0
1.135967 0
0.338144 0
1.282178 0
0.180310 0
1.047248 0
0.008833 0
1.469940 0
0.133530 0
0.588507 0
0.045479 0
0.196783 0
0.259687 0
0.298079 0
0.433571 0
1.589866 0
0.252948 0
0.799996 0
0.560826 0
0.189885 0
0.263450 0
0.124650 0
1.365008 0
0.479047 0
0.296525 0
0.713623 0
1.213268 0
0.608859 0
0.130800 0
1.026599 0
0.713015 0
0.558431 0
0.131261 0
0.087672 0
0.143189 0
0.570095 0
0.895079 0
0.851714 0
0.137031 0
0.076226 0
1.375987 0
0.051323 0
0.714820 0
0.064275 0
1.303265 0
0.546838 0
0.094319 0
1.326292 0
0.286691 0
1.431152 0
0.257090 0
0.169434 0
0.479750 0
0.073695 0
0.389191 0
0.128676 0
0.541093 0
0.476129 0
0.386049 0
0.597274 0
0.204361 0
0.399027 0
0.088834 0
0.347587 0
0.304606 0
0.982363 0
0.397110 0
0.024874 0
0.881986 0
0.196998 0
1.391000 0
0.544136 0
1.451370 0
0.228706 0
1.596221 0
0.443632 0
0.415262 0
0.334247 0
0.081876 0
1.094730 0
1.447388 0
0.010369 0
0.012460 0
0.916675 0
1.292387 0
0.060052 0
1.425918 0
0.113594 0
0.039204 0
0.222228 0
0.177025 0
0.254731 0
0.063415 0
0.105062 0
0.138378 0
0.348323 0
0.028176 0
0.549784 0
0.798496 0
0.150192 0
0.516688 0
0.310028 0
0.342575 0
0.429789 0
0.539317 0
0.131943 0
1.405154 0
0.994074 0
1.298416 0
0.707414 0
0.674622 0
0.880918 0
0.199516 0
0.169927 0
0.156294 0
0.242343 0
0.937466 0
0.108387 0
0.184992 0
0.851054 0
0.997032 0
0.025486 0
0.031255 0
0.129767 0
1.060515 0
0.054890 0
0.281249 0
0.065847 0
1.282459 0
0.242194 0
0.206790 0
0.149908 0
0.043899 0
0.164853 0
0.020031 0
1.444466 0
0.852010 0
0.043587 0
1.020491 0
0.829280 0
0.451153 0
0.244550 0
0.093101 0
0.324924 0
0.627176 0
0.043869 0
1.322898 0
0.336976 0
1.418434 0
1.331589 0
0.471673 0
0.214379 0
0.718569 0
0.509504 0
0.313065 0
0.513072 0
0.795176 0
0.351457 0
0.045324 0
0.018138 0
1.265775 0
0.328213 0
0.538729 0
0.128565 0
0.303780 0
0.239598 0
1.337624 0
0.196982 0
1.639685 0
0.815761 0
1.190645 0
0.048203 0
0.394271 0
0.848874 0
0.250995 0
1.254176 0
0.013593 0
0.189850 0
0.018240 0
0.753810 0
1.468474 0
0.827680 0
0.646130 0
0.068116 0
0.154365 0
0.283280 0
0.372807 0
0.380932 0
0.825333 0
1.385354 0
0.707360 0
0.343985 0
0.373846 0
0.241826 0
0.418411 0
0.485903 0
1.844507 0
0.193112 0
0.224621 0
0.549428 0
0.946061 0
0.700554 0
0.635339 0
1.416681 0
0.149652 0
0.615589 0
0.964813 0
0.225589 0
0.791539 0
0.073681 0
0.515897 0
0.692535 0
0.290441 0
0.960408 0
0.042867 0
0.573646 0
0.867313 0
0.092586 0
0.093628 0
1.884744 0
0.431424 0
0.161635 0
0.096714 0
1.726731 0
0.079490 0
0.044363 0
1.188592 0
0.474458 0
0.877212 0
0.131848 0
0.397731 0
0.280523 0
0.398620 0
0.261014 0
0.100964 0
0.197771 0
0.097106 0
0.156264 0
0.499056 0
0.034793 0
0.449530 0
0.027698 0
0.274925 0
1.421474 0
0.283606 0
0.208210 0
0.298910 0
0.338052 0
0.227782 0
1.587547 0
0.065087 0
0.222724 0
0.252627 0
0.049988 0
0.176444 0
0.463376 0
0.642960 0
0.224042 0
0.410088 0
0.631095 0
0.011089 0
0.077921 0
0.874240 0
0.133502 0
0.657969 0
0.228519 0
0.112669 0
0.514337 0
0.701163 0
0.443329 0
0.550055 0
0.099370 0
0.074993 0
0.702863 0
0.096509 0
0.031514 0
0.013457 0
0.169078 0
1.063535 0
0.553011 0
0.116443 0
0.602735 0
0.113016 0
0.151797 0
0.719981 0
0.172338 0
0.693398 0
0.540765 0
0.252112 0
0.776755 0
0.445360 0
0.506923 0
0.062487 0
0.242409 0
0.722244 0
0.002772 0
0.395029 0
1.319875 0
0.242759 0
0.407586 0
0.434539 0
0.195000 0
0.707355 0
0.228510 0
0.651199 0
0.177613 0
0.728194 0
0.391473 0
0.104296 0
1.118493 0
0.325457 0
0.112976 0
0.032937 0
1.046893 0
0.101607 0
0.093462 0
0.645690 0
0.131704 0
0.103148 0
0.702080 0
0.556275 0
0.608483 0
0.223790 0
0.293527 0
0.129586 0
0.856888 0
0.618368 0
1.105596 0
0.156695 0
0.523418 0
0.572956 0
0.127724 0
0.147797 0
0.146428 0
0.484992 0
0.321347 0
0.664560 0
0.103272 0
0.193138 0
0.858170 0
0.645603 0
0.208235 0
0.628932 0
0.350725 0
0.430416 0
0.345443 0
0.144531 0
0.264514 0
0.270601 0
0.774978 0
0.405891 0
0.682477 0
0.158516 0
0.165208 0
0.369213 0
0.109229 0
0.734632 0
0.105665 0
1.119863 0
0.112668 0
1.381694 0
0.213890 0
0.568040 0
0.337972 0
0.178288 0
0.843934 0
0.388171 0
0.511666 0
0.826429 0
0.150743 0
0.458150 0
0.044995 0
0.279218 0
0.729359 0
0.708456 0
0.197400 0
0.595349 0
0.004701 0
0.317395 0
0.220963 0
0.138194 0
1.192253 0
0.945124 0
1.134525 0
0.543859 0
1.280101 0
0.337827 0
0.031663 0
0.936299 0
1.629984 0
0.957026 0
0.124947 0
0.789922 0
1.434004 0
0.135639 0
0.076791 0
0.117554 0
0.152024 0
0.070462 0
0.810914 0
0.442030 0
0.668762 0
1.750513 0
0.141344 0
0.411235 0
0.408477 0
1.130473 0
0.247661 0
0.135848 0
0.544383 0
0.363272 0
0.091876 0
0.590058 0
1.041901 0
0.846288 0
0.668718 0
0.166818 0
0.355124 0
0.975873 0
0.155526 0
0.054818 0
0.108202 0
1.232513 0
0.667753 0
0.282472 0
0.231891 0
0.025535 0
0.494010 0
0.225492 0
0.090845 0
0.893612 0
0.136321 0
0.145971 0
0.057726 0
1.572605 0
0.356992 0
0.481251 0
1.716792 0
0.752201 0
0.157516 0
0.056503 0
0.085397 0
1.439789 0
0.964109 0
0.950652 0
0.071576 0
0.604135 0
1.467982 0
1.016570 0
0.131797 0
0.301030 0
0.684671 0
0.111084 0
0.204372 0
0.303320 0
0.636335 0
0.355354 0
0.131460 0
0.040775 0
0.506310 0
1.063690 0
1.287787 0
0.119101 0
0.406806 0
0.595347 0
0.492010 0
0.066086 0
1.539571 0
0.205831 0
0.286875 0
0.135571 0
0.221130 0
0.143713 0
0.186787 0
0.492021 0
0.400898 0
0.526556 0
0.206509 0
0.967106 0
1.063935 0
0.914813 0
0.327699 0
0.029964 0
0.827026 0
0.206298 0
0.100122 0
0.107953 0
1.083087 0
0.794711 0
0.642299 0
1.529956 0
0.148491 0
1.594117 0
0.612995 0
0.043673 0
1.607886 0
0.035116 0
0.097232 0
0.509101 0
1.353823 0
0.411910 0
0.285907 0
0.426828 0
0.563818 0
0.311671 0
0.724254 0
0.733471 0
0.125853 0
1.209873 0
0.254293 0
0.149086 0
1.223643 0
1.416868 0
0.066356 0
0.289107 0
0.576061 0
1.397632 0
0.775025 0
0.613486 0
0.068290 0
0.185381 0
0.194804 0
0.103070 0
0.519270 0
0.152174 0
0.231083 0
0.624562 0
0.058614 0
0.933347 0
0.439868 0
0.533184 0
0.143383 0
0.474446 0
0.079027 0
0.320439 0
1.211594 0
0.895038 0
0.866124 0
0.046018 0
0.548213 0
0.964745 0
1.141408 0
0.351263 0
0.257282 0
0.047924 0
0.092935 0
0.491894 0
0.478132 0
0.914399 0
0.177797 0
0.957937 0
0.190675 0
0.181524 0
0.113616 0
1.135452 0
0.924195 0
0.160729 0
0.137614 0
1.411116 0
0.926396 0
0.012750 0
0.218712 0
0.009052 0
0.104903 0
1.432994 0
0.269126 0
0.076614 0
0.897905 0
0.005969 0
0.579218 0
0.676200 0
0.740391 0
0.585526 0
0.564978 0
0.026674 0
0.513289 0
1.043272 0
1.052357 0
0.115861 0
0.758566 0
0.094245 0
0.058000 0
0.010371 0
1.225248 0
0.204883 0
0.089016 0
0.026724 0
0.220193 0
0.150979 0
0.552280 0
0.259188 0
1.297196 0
1.629970 0
0.368283 0
0.559408 0
0.593615 0
0.947483 0
0.222387 0
0.000119 0
0.894543 0
1.372590 0
1.074766 0
0.583035 0
0.473931 0
0.388494 0
1.310140 0
0.356988 0
0.117415 0
1.574059 0
0.182540 0
0.465268 0
0.343170 0
0.138105 0
0.117201 0
0.421849 0
0.249710 0
0.373823 0
0.432682 0
0.664261 0
1.000786 0
0.303744 0
0.401355 0
0.072100 0
0.266779 0
0.020210 0
1.442999 0
0.575397 0
0.055354 0
0.137091 0
0.290835 0
0.627396 0
1.418911 0
1.101521 0
0.764060 0
0.308157 0
0.098503 0
0.983112 0
0.012344 0
0.012304 0
0.786922 0
1.372030 0
0.056660 0
1.120549 0
0.081262 0
0.600774 0
0.026112 0
0.573506 0
0.377917 0
0.503235 0
1.173527 0
0.027871 0
0.049693 0
1.493485 0
0.555845 0
0.012480 0
0.349534 0
0.677678 0
0.570189 0
0.143748 0
0.062107 0
0.631380 0
0.284760 0
0.974572 0
0.152464 0
0.525450 0
0.224378 0
0.226984 0
0.710712 0
0.053611 0
1.000503 0
0.026314 0
0.174714 0
0.195758 0
0.022760 0
0.131370 0
0.057728 0
0.881103 0
0.360947 0
0.066161 0
1.300916 0
0.195739 0
0.039463 0
0.038692 0
1.113315 0
0.088587 0
0.331881 0
0.309828 0
0.695670 0
0.569094 0
0.538916 0
1.527915 0
0.287941 0
0.422476 0
0.019154 0
0.923602 0
0.999267 0
0.274373 0
0.011460 0
0.288937 0
0.477172 0
0.037559 0
1.012306 0
0.467099 0
1.816519 0
0.583621 0
0.443103 0
0.423057 0
0.711763 0
0.165880 0
0.442199 0
0.294829 0
0.117448 0
0.542709 0
1.190400 0
1.199837 0
0.229118 0
1.820803 0
0.274454 0
0.299919 0
0.619239 0
1.148741 0
0.372527 0
0.390172 0
0.281099 0
0.231676 0
0.261091 0
0.474499 0
0.180424 0
1.480803 0
0.046957 0
0.256649 0
0.493609 0
0.050472 0
1.044575 0
0.017103 0
1.201239 0
0.065318 0
0.327358 0
0.240050 0
0.818651 0
0.083344 0
0.814811 0
0.098165 0
0.722590 0
0.316477 0
0.198131 0
1.190656 0
0.179628 0
0.340555 0
0.688022 0
0.032443 0
0.037021 0
0.024141 0
1.224654 0
0.290054 0
0.181100 0
0.014462 0
0.387477 0
0.507454 0
0.581834 0
1.337667 0
1.367384 0
0.263830 0
1.386560 0
0.487181 0
0.127843 0
1.118322 0
1.095954 0
0.224308 0
0.568217 0
0.787222 0
0.089911 0
0.112601 0
0.096661 0
0.244258 0
0.091956 0
0.369293 0
0.007534 0
0.095765 0
0.424655 0
0.108756 0
0.421277 0
0.040404 0
0.340416 0
0.702944 0
0.295027 0
0.270229 0
0.021713 0
0.653668 0
0.203137 0
0.258076 0
0.709701 0
1.407130 0
0.243916 0
1.411891 0
0.092659 0
0.450794 0
0.491488 0
0.105136 0
1.511443 0
0.223644 0
0.069900 0
0.367226 0
1.186919 0
0.220603 0
0.445336 0
0.218311 0
0.266431 0
0.279998 0
0.446447 0
0.472069 0
0.012045 0
0.024164 0
0.455919 0
0.660618 0
0.632579 0
0.197222 0
0.477564 0
0.648535 0
0.619912 0
0.180117 0
1.622679 0
0.186252 0
0.672480 0
0.263939 0
1.056721 0
0.692548 0
0.698527 0
0.714900 0
0.340648 0
0.057538 0
0.782669 0
0.119155 0
0.669353 0
0.096100 0
0.072915 0
0.527956 0
0.795532 0
1.529314 0
1.419783 0
1.224344 0
0.135653 0
0.733557 0
0.746885 0
1.529561 0
0.108382 0
0.082387 0
0.536176 0
0.452863 0
0.204758 0
0.050960 0
0.084508 0
1.061313 0
1.017728 0
0.581538 0
0.341754 0
0.482024 0
0.414982 0
0.204473 0
0.789746 0
0.866624 0
1.204031 0
0.207008 0
0.203381 0
0.228906 0
0.574176 0
0.233182 0
1.104103 0
0.677434 0
1.612501 0
0.401781 0
0.593936 0
0.051132 0
0.632049 0
0.083318 0
0.019412 0
0.298695 0
0.429772 0
1.576834 0
0.364560 0
0.816489 0
0.182191 0
0.261590 0
0.109349 0
0.344018 0
0.330197 0
0.512665 0
0.225130 0
1.018939 0
0.313978 0
0.011299 0
0.231139 0
0.007739 0
0.652391 0
0.688894 0
0.868364 0
0.089723 0
0.229982 0
0.565952 0
0.265016 0
0.296852 0
0.269279 0
0.571215 0
0.754199 0
0.013842 0
0.676003 0
0.584613 0
0.207228 0
0.049452 0
0.033533 0
0.024919 0
0.873056 0
0.942460 0
0.727824 0
0.441411 0
0.498038 0
0.177273 0
0.447435 0
0.263203 0
0.485783 0
1.490131 0
0.346224 0
0.241114 0
0.406591 0
0.535839 0
0.574441 0
0.859546 0
0.263421 0
0.348921 0
0.359666 0
0.121844 0
0.204816 0
0.953082 0
0.262394 0
1.218031 0
1.388078 0
0.069600 0
0.086494 0
0.656681 0
0.665158 0
0.179235 0
0.556583 0
0.482622 0
0.098987 0
0.328211 0
0.040428 0
0.989727 0
0.305930 0
0.388994 0
0.217274 0
0.507026 0
0.696898 0
0.687226 0
0.298397 0
0.415363 0
0.099426 0
0.227299 0
0.928235 0
0.277131 0
0.624340 0
0.271450 0
0.628600 0
0.316267 0
0.012043 0
0.811979 0
0.923019 0
1.408764 0
0.461678 0
0.709294 0
0.180399 0
0.311331 0
0.055300 0
0.363909 0
0.450929 0
0.149562 0
0.647867 0
0.524142 0
1.190977 0
0.103062 0
0.142914 0
0.185878 0
0.201476 0
0.841124 0
0.129386 0
0.311578 0
1.301263 0
0.330232 0
0.158950 0
0.258869 0
0.354247 0
0.397772 0
0.155200 0
0.181797 0
0.278640 0
1.452115 0
0.622348 0
0.041660 0
0.269337 0
1.366197 0
0.047906 0
0.901522 0
0.053322 0
0.142705 0
0.034575 0
0.362165 0
1.286035 0
0.616275 0
0.369794 0
0.453555 0
1.307264 0
0.592995 0
0.230444 0
0.873761 0
1.009392 0
0.515603 0
0.269705 0
0.230439 0
0.258668 0
1.583637 0
0.225955 0
0.110075 0
0.293226 0
0.065790 0
0.423601 0
0.529619 0
1.417639 0
0.265667 0
0.303158 0
1.215861 0
0.029425 0
0.109861 0
0.514916 0
0.883650 0
0.967361 0
0.220362 0
0.223564 0
0.728233 0
0.624593 0
0.290419 0
1.365157 0
0.181614 0
0.369614 0
0.852338 0
0.867930 0
0.113828 0
0.155584 0
0.582636 0
1.450667 0
0.248055 0
0.172753 0
0.231639 0
0.125444 0
0.245674 0
0.474702 0
0.064842 0
0.540245 0
0.296305 0
0.279854 0
0.858421 0
1.475575 0
0.328693 0
0.058106 0
0.274560 0
0.137053 0
0.247513 0
0.426007 0
1.438596 0
0.024558 0
1.249383 0
0.556169 0
0.103440 0
1.018780 0
0.189246 0
1.318799 0
0.270943 0
0.564417 0
0.629626 0
0.383620 0
0.278379 0
0.076008 0
0.205083 0
0.525156 0
0.310984 0
0.047185 0
0.757941 0
0.523640 0
0.406289 0
0.096701 0
1.685392 0
0.404031 0
0.943264 0
0.801038 0
0.777310 0
0.297764 0
0.010223 0
1.454400 0
0.936821 0
0.029487 0
1.464341 0
0.174030 0
1.220991 0
1.554653 0
0.534920 0
0.002242 0
0.593468 0
0.418043 0
0.591295 0
0.076080 0
0.238885 0
1.085815 0
0.077449 0
0.637704 0
0.426191 0
1.123760 0
0.435744 0
0.007567 0
0.105188 0
0.205042 0
1.383887 0
0.084929 0
0.146626 0
0.024889 0
1.520968 0
1.362788 0
1.212168 0
0.073605 0
0.589507 0
1.250748 0
0.082152 0
0.408181 0
