1.462610 0
1.338734 0
0.351727 0
0.684658 0
1.446864 0
0.551696 0
0.184162 0
0.811695 0
1.452159 0
0.532060 0
0.242114 0
0.354287 0
1.360907 0
0.106322 0
0.375986 0
0.596511 0
0.651693 0
0.024084 0
0.044977 0
0.822210 0
0.497609 0
0.291212 0
0.155724 0
0.107514 0
0.315644 0
0.389464 0
0.824203 0
0.094366 0
0.028706 0
0.332793 0
0.365206 0
0.574020 0
0.326520 0
0.028970 0
0.706182 0
0.039373 0
0.388158 0
0.141115 0
0.837200 0
0.395440 0
0.840536 0
0.474065 0
0.066155 0
0.028883 0
0.281721 0
0.076278 0
1.198828 0
0.321283 0
0.123393 0
0.166323 0
0.056497 0
0.243465 0
0.066557 0
0.388008 0
0.746068 0
0.192559 0
0.248522 0
0.274240 0
1.223837 0
0.466033 0
0.427092 0
1.363433 0
0.027018 0
0.235373 0
0.476838 0
0.391525 0
0.069885 0
0.145295 0
0.098352 0
1.024334 0
0.197965 0
0.827601 0
0.401408 0
1.421724 0
0.184291 0
0.491024 0
0.424391 0
0.270163 0
0.057563 0
0.581632 0
0.009046 0
0.354088 0
0.607591 0
0.484460 0
0.308105 0
0.017817 0
0.222814 0
1.149202 0
0.902533 0
1.289093 0
0.111380 0
0.113460 0
1.026668 0
0.098772 0
0.224666 0
0.279484 0
0.716611 0
0.390770 0
0.486460 0
0.120776 0
0.925947 0
0.131783 0
0.227681 0
0.748060 0
0.569684 0
0.278000 0
0.178478 0
0.360352 0
0.070739 0
1.383795 0
0.362920 0
0.564318 0
0.384578 0
0.462541 0
0.075694 0
0.053410 0
0.430876 0
0.186850 0
0.581939 0
0.108555 0
0.075787 0
1.050109 0
1.297202 0
0.164682 0
0.063806 0
0.126175 0
0.296951 0
0.078349 0
0.296959 0
0.230909 0
0.091429 0
0.297671 0
0.071815 0
0.080380 0
0.251557 0
0.022677 0
0.336697 0
0.073967 0
1.459269 0
0.590779 0
1.171594 0
0.115060 0
0.288864 0
1.316088 0
1.381545 0
0.310241 0
0.047435 0
0.018274 0
0.909017 0
0.870665 0
0.724335 0
0.583797 0
0.734498 0
0.502033 0
0.135985 0
0.203992 0
1.177015 0
0.038185 0
0.337583 0
1.059530 0
0.342594 0
0.535250 0
1.079789 0
0.373065 0
0.181514 0
0.456959 0
0.147275 0
1.176907 0
0.298879 0
0.113213 0
0.013145 0
0.697281 0
0.091232 0
0.591482 0
0.987990 0
0.271604 0
1.377946 0
0.420052 0
1.135617 0
0.257901 0
0.521780 0
0.325164 0
0.501559 0
0.525826 0
0.126992 0
0.601473 0
0.078587 0
0.122929 0
0.031109 0
0.706617 0
1.018283 0
0.054141 0
1.124885 0
1.307853 0
0.496270 0
0.474615 0
1.092846 0
0.860598 0
0.077977 0
0.096904 0
0.374835 0
1.127577 0
0.039582 0
0.015913 0
0.612704 0
0.244725 0
0.235631 0
0.260568 0
0.339357 0
0.958530 0
0.127900 0
0.136309 0
0.038351 0
0.040128 0
0.664138 0
0.507970 0
0.079089 0
0.445066 0
0.088647 0
0.385565 0
0.441751 0
0.334231 0
1.802322 0
1.539939 0
0.460680 0
1.533424 0
1.402084 0
0.449121 0
0.812016 0
0.646005 0
0.400974 0
0.199523 0
0.190934 0
0.011453 0
0.019919 0
0.269616 0
0.698320 0
0.010776 0
0.077080 0
1.716047 0
0.529388 0
0.012651 0
0.511294 0
0.199170 0
1.385170 0
0.921471 0
0.194618 0
0.495771 0
0.080511 0
0.971579 0
0.151538 0
1.747967 0
0.141234 0
0.182751 0
0.388138 0
1.464716 0
0.392339 0
0.176807 0
0.503939 0
1.638653 0
0.163316 0
1.461656 0
0.007482 0
0.801868 0
0.315850 0
0.579080 0
0.053393 0
1.343080 0
0.046644 0
0.155001 0
0.329708 0
0.724397 0
0.097410 0
0.075916 0
0.345166 0
1.458962 0
1.350888 0
0.842707 0
0.229694 0
0.169255 0
0.742906 0
0.812717 0
0.757841 0
1.398498 0
0.248842 0
0.329268 0
0.094414 0
0.752139 0
0.197176 0
0.465095 0
1.061111 0
0.257171 0
0.197176 0
1.546253 0
1.010611 0
1.523977 0
0.630011 0
0.217096 0
0.019276 0
0.570319 0
0.064143 0
0.041338 0
0.840419 0
0.256108 0
0.306860 0
0.622706 0
0.709900 0
0.223548 0
0.385983 0
0.100313 0
1.389000 0
0.728225 0
0.035838 0
0.369607 0
0.414040 0
0.251624 0
0.042544 0
1.461471 0
0.834608 0
0.272592 0
0.227947 0
0.324953 0
0.087807 0
0.229926 0
0.376176 0
1.494282 0
0.538593 0
0.604666 0
1.360232 0
0.993541 0
0.262125 0
0.210797 0
0.058208 0
0.781812 0
1.619590 0
0.117539 0
1.508556 0
0.174696 0
0.840688 0
0.085834 0
1.476975 0
0.061461 0
1.441348 0
0.904928 0
0.155285 0
0.412192 0
0.770202 0
0.061500 0
0.260671 0
0.658827 0
0.325563 0
0.266830 0
0.941402 0
0.578302 0
1.175717 0
1.240114 0
0.148401 0
1.486517 0
1.181198 0
1.240361 0
0.170585 0
1.379951 0
0.794495 0
0.838582 0
0.928488 0
1.498308 0
0.638318 0
0.348017 0
0.601542 0
1.145104 0
0.463187 0
1.422973 0
0.949835 0
0.159925 0
0.774730 0
0.141086 0
0.171834 0
0.277868 0
0.903640 0
0.183757 0
1.231050 0
0.430495 0
0.462604 0
1.201013 0
0.089893 0
0.054137 0
0.838708 0
0.163830 0
0.175547 0
0.293671 0
0.132806 0
0.975987 0
0.022048 0
0.055008 0
1.469124 0
0.257869 0
0.399932 0
0.317960 0
0.394241 0
0.568767 0
0.257796 0
0.582289 0
1.379543 0
1.856816 0
0.169135 0
0.304698 0
0.549765 0
1.050609 0
0.117330 0
1.380546 0
0.210513 0
0.555308 0
0.244256 0
0.433282 0
0.337736 0
1.201988 0
0.888947 0
0.938218 0
0.088080 0
0.477958 0
1.338527 0
1.210450 0
0.484592 0
0.240972 0
0.457664 0
0.456497 0
0.793130 0
0.377528 0
0.449581 0
0.194380 0
0.082878 0
0.231552 0
1.002717 0
0.311528 0
0.855717 0
0.271920 0
0.064023 0
0.766631 0
0.052318 0
0.032969 0
0.013371 0
0.104753 0
1.216447 0
0.003344 0
0.425748 0
0.322770 0
0.291461 0
1.507349 0
0.259169 0
0.209170 0
0.247811 0
0.810675 0
0.673574 0
0.065199 0
0.813076 0
0.958496 0
0.943176 0
0.055997 0
1.311776 0
0.947214 0
0.032556 0
0.259251 0
0.495011 0
0.039266 0
0.659938 0
0.688832 0
0.688794 0
0.850116 0
0.168925 0
0.389770 0
0.180074 0
0.219648 0
0.168583 0
0.327053 0
0.130589 0
0.099304 0
0.579147 0
1.424897 0
0.344887 0
1.385433 0
0.267218 0
1.009487 0
0.021182 0
0.246107 0
0.566732 0
0.570839 0
0.945745 0
0.545012 0
0.031521 0
0.058450 0
0.239292 0
0.607341 0
0.160252 0
0.156500 0
0.353775 0
0.025958 0
0.208238 0
0.432249 0
0.181585 0
0.234784 0
0.014514 0
0.687133 0
0.290328 0
0.031034 0
0.239299 0
0.283122 0
0.456986 0
0.639204 0
0.024675 0
0.229514 0
0.321519 0
0.369031 0
0.078128 0
0.022066 0
1.234661 0
1.953005 0
0.351795 0
0.736886 0
1.496068 0
0.266718 0
0.535373 0
0.932001 0
0.354272 0
0.220093 0
0.310945 0
0.145553 0
0.447938 0
0.242791 0
0.076487 0
0.005993 0
0.166451 0
0.264492 0
0.181569 0
0.078672 0
0.308905 0
0.066287 0
0.280815 0
0.046530 0
0.224843 0
0.499639 0
0.587974 0
0.659775 0
0.183561 0
0.651577 0
0.335559 0
0.640666 0
0.045950 0
0.075871 0
0.022952 0
0.055062 0
0.898400 0
0.472577 0
0.115115 0
0.495348 0
0.309883 0
0.529227 0
0.037395 0
0.848089 0
0.509267 0
0.465920 0
0.708457 0
0.397183 0
0.474799 0
0.203201 0
1.630793 0
0.108685 0
0.137974 0
0.144508 0
0.572968 0
0.892021 0
0.673191 0
0.649618 0
0.197745 0
0.253942 0
0.145061 0
1.004128 0
0.538348 0
0.075670 0
0.143590 0
0.458324 0
0.603367 0
0.516586 0
0.176486 0
1.736944 0
0.499496 0
0.359849 0
0.429066 0
0.019242 0
1.080624 0
0.076398 0
0.195511 0
0.062813 0
0.245239 0
0.138663 0
1.369063 0
1.330084 0
0.434017 0
0.671148 0
0.822060 0
0.215943 0
0.660219 0
0.794297 0
0.028450 0
0.937745 0
0.230198 0
0.910831 0
0.062627 0
0.121180 0
0.182274 0
0.722513 0
0.591715 0
0.428515 0
0.183790 0
0.348580 0
0.174649 0
0.042145 0
0.023820 0
0.839150 0
0.600448 0
0.044262 0
0.032957 0
0.483064 0
0.128927 0
0.124978 0
1.629477 0
0.380327 0
0.109635 0
0.239668 0
0.667589 0
0.093437 0
0.503225 0
1.382292 0
0.362646 0
1.030413 0
0.784096 0
0.677431 0
0.186844 0
1.328019 0
1.478750 0
1.218500 0
0.005234 0
0.578716 0
0.352238 0
0.303561 0
1.452907 0
0.469195 0
0.048147 0
0.242745 0
0.722714 0
0.350894 0
0.152853 0
0.737362 0
0.223261 0
0.610054 0
0.226674 0
0.407689 0
0.136241 0
0.073720 0
0.103149 0
0.139033 0
1.751171 0
0.250656 0
1.376449 0
0.187257 0
0.194432 0
1.239921 0
0.866332 0
0.484308 0
0.122938 0
0.073156 0
0.065398 0
0.274251 0
0.315356 0
1.501544 0
0.768192 0
0.342980 0
0.052105 0
0.201972 0
0.499084 0
1.197134 0
0.881922 0
0.326086 0
0.081443 0
0.064930 0
0.268362 0
0.301358 0
0.540989 0
0.395412 0
1.267067 0
0.264808 0
0.238738 0
0.078285 0
0.507070 0
0.406831 0
0.632857 0
0.478335 0
0.397153 0
0.449479 0
1.565719 0
0.698761 0
0.047117 0
0.380263 0
0.084309 0
0.793383 0
0.186808 0
0.293416 0
0.594911 0
0.099479 0
0.575964 0
0.047896 0
0.183279 0
0.319794 0
0.114323 0
0.128821 0
0.907462 0
0.125422 0
0.725283 0
0.704950 0
0.402857 0
1.409522 0
0.140091 0
0.671679 0
0.022266 0
1.589970 0
0.456377 0
0.006020 0
0.181210 0
0.220657 0
0.961171 0
0.503848 0
0.386148 0
0.083266 0
0.456866 0
0.219218 0
0.235451 0
0.128810 0
0.212067 0
0.549345 0
0.645358 0
0.200110 0
1.182324 0
1.298133 0
1.431078 0
0.831567 0
1.362221 0
0.606718 0
0.639403 0
0.668546 0
0.563324 0
0.582697 0
0.846753 0
0.872869 0
0.245341 0
0.217678 0
0.687097 0
0.420417 0
0.007129 0
0.530703 0
0.048987 0
0.714295 0
0.218574 0
0.765577 0
0.211692 0
1.237167 0
1.403710 0
1.485026 0
0.356083 0
0.841284 0
0.800685 0
0.868689 0
0.768942 0
0.805738 0
0.089929 0
0.041816 0
0.520494 0
0.179390 0
0.743394 0
0.267627 0
0.206513 0
0.706785 0
0.549374 0
0.100374 0
0.108270 0
0.146351 0
0.208675 0
0.186340 0
0.442097 0
1.507698 0
0.169773 0
0.225546 0
0.370753 0
0.069106 0
0.221834 0
1.573351 0
0.799763 0
0.578093 0
0.039635 0
0.214564 0
0.110156 0
0.091853 0
0.342999 0
0.566223 0
0.184975 0
0.749171 0
0.148785 0
1.202977 0
0.018726 0
0.280610 0
0.035343 0
0.091216 0
0.474984 0
0.064300 0
0.933161 0
0.706453 0
0.091352 0
0.074043 0
0.264931 0
0.652755 0
1.376331 0
0.340984 0
0.007103 0
0.010153 0
0.236090 0
1.078294 0
0.468443 0
0.864867 0
0.142806 0
0.966777 0
2.203925 0
0.147384 0
0.682982 0
1.213248 0
0.315076 0
0.495770 0
0.985175 0
0.833196 0
0.167901 0
0.973741 0
0.943812 0
0.629991 0
0.575827 0
0.182372 0
0.120201 0
1.209716 0
0.827430 0
0.730822 0
0.068034 0
1.036629 0
0.177435 0
0.147974 0
0.105864 0
0.668804 0
0.398937 0
1.017649 0
0.797799 0
0.980741 0
1.502619 0
0.388048 0
0.859166 0
0.313516 0
0.212428 0
0.075207 0
0.409456 0
1.399482 0
0.747554 0
0.256782 0
0.162807 0
0.678444 0
0.510466 0
0.964826 0
1.194196 0
0.466028 0
0.418417 0
0.322452 0
0.070223 0
0.431553 0
0.431918 0
0.185533 0
0.373615 0
0.639833 0
0.879072 0
0.197596 0
0.104976 0
0.670402 0
0.485847 0
0.993109 0
1.335820 0
1.380633 0
0.698224 0
0.286774 0
0.562979 0
0.767444 0
0.267168 0
0.637541 0
0.854117 0
1.704777 0
0.760566 0
1.043303 0
0.348013 0
0.741370 0
0.083510 0
0.094904 0
0.444160 0
0.210214 0
0.469770 0
0.308914 0
0.173563 0
0.209920 0
0.354993 0
0.031642 0
0.384050 0
0.035011 0
1.562098 0
0.396601 0
0.784420 0
0.282961 0
0.325072 0
0.037918 0
0.495126 0
0.031131 0
0.228013 0
1.060969 0
1.326159 0
0.813813 0
0.302834 0
0.666336 0
0.145900 0
0.069836 0
0.352287 0
0.020262 0
0.422517 0
0.495239 0
0.082758 0
0.752728 0
0.446913 0
0.743094 0
0.133567 0
0.137174 0
0.150467 0
0.014774 0
0.234888 0
0.727082 0
0.006308 0
0.473780 0
0.216705 0
1.235607 0
1.394371 0
0.269113 0
0.155724 0
0.033766 0
0.191399 0
0.312022 0
1.004112 0
0.650287 0
0.906935 0
1.451753 0
0.089379 0
0.298987 0
0.287048 0
0.127863 0
0.852808 0
0.126067 0
1.563727 0
0.986519 0
0.703344 0
0.131916 0
0.010994 0
1.402019 0
0.533709 0
0.926876 0
1.369889 0
0.077312 0
0.631200 0
0.817633 0
0.695048 0
0.066892 0
0.165443 0
0.072984 0
0.158721 0
0.822842 0
1.553303 0
0.045719 0
0.064245 0
0.120681 0
0.060167 0
1.577005 0
0.305232 0
0.263372 0
1.647836 0
0.126654 0
0.347344 0
0.072626 0
0.160678 0
1.664708 0
0.205677 0
0.069456 0
0.479554 0
0.414669 0
1.253152 0
1.276314 0
0.518434 0
1.581606 0
0.467862 0
0.459529 0
0.050191 0
0.296741 0
1.353209 0
0.913702 0
0.058292 0
0.887594 0
0.625964 0
1.313420 0
0.187428 0
0.538374 0
0.457504 0
0.098449 0
0.711097 0
0.065794 0
0.587761 0
0.794305 0
0.039908 0
1.509899 0
0.639383 0
0.461797 0
0.145804 0
1.131659 0
0.577987 0
0.220035 0
0.698762 0
0.322070 0
0.278084 0
0.101734 0
0.090890 0
0.257741 0
0.371843 0
0.032365 0
0.071065 0
0.037838 0
1.085759 0
0.443354 0
0.569322 0
0.595773 0
0.026576 0
0.304503 0
0.756341 0
0.145160 0
0.012965 0
0.836438 0
0.212210 0
0.123423 0
0.161073 0
0.453440 0
0.058045 0
0.057748 0
0.394208 0
0.058052 0
0.442347 0
1.141570 0
0.057138 0
1.590917 0
1.236172 0
1.087735 0
0.665511 0
0.183246 0
0.613111 0
0.562358 0
0.257226 0
0.956731 0
0.489974 0
0.223764 0
1.476641 0
0.151679 0
0.529355 0
0.138646 0
0.172222 0
0.282807 0
0.870021 0
0.333337 0
0.034828 0
0.326445 0
0.447737 0
0.338426 0
0.303645 0
0.101891 0
0.441591 0
0.312052 0
0.824192 0
0.452305 0
0.219445 0
0.114478 0
0.032015 0
0.417461 0
0.525257 0
0.559893 0
0.100195 0
0.028438 0
0.111436 0
0.033886 0
1.276757 0
0.185217 0
0.450728 0
0.384653 0
0.527441 0
1.399512 0
0.096594 0
0.597952 0
1.268546 0
0.129071 0
1.170190 0
0.213520 0
0.007268 0
0.365725 0
1.751543 0
0.334556 0
0.273438 0
0.173127 0
0.217295 0
1.209018 0
0.449743 0
0.737573 0
0.085765 0
0.194160 0
0.445872 0
0.019409 0
0.215203 0
0.843554 0
0.153804 0
0.083656 0
0.271774 0
0.048036 0
0.263975 0
0.446307 0
0.256575 0
0.172278 0
0.128397 0
0.825005 0
0.390460 0
0.090289 0
0.001955 0
1.180151 0
0.323749 0
0.524792 0
0.070298 0
0.604371 0
0.711406 0
0.035378 0
0.249568 0
0.431877 0
0.373389 0
0.865908 0
0.359065 0
0.367631 0
0.157377 0
0.426454 0
0.433873 0
1.316272 0
0.421500 0
0.506296 0
0.533069 0
0.280395 0
0.168914 0
0.336454 0
0.689836 0
0.282811 0
0.488211 0
0.364861 0
0.517937 0
0.398489 0
0.535360 0
0.242054 0
0.313701 0
0.656108 0
0.236016 0
0.465692 0
0.191249 0
0.091065 0
0.042734 0
0.485816 0
1.233833 0
0.125606 0
0.153746 0
0.162725 0
0.236699 0
0.107618 0
0.977146 0
0.622543 0
0.449347 0
1.561464 0
1.030429 0
0.112753 0
0.232697 0
0.147339 0
0.601844 0
0.593390 0
0.125419 0
1.455991 0
0.560688 0
0.011275 0
0.668754 0
0.938273 0
0.120490 0
0.698488 0
0.531452 0
0.221919 0
1.039609 0
1.387549 0
0.195825 0
0.755493 0
1.418497 0
0.246495 0
0.825975 0
0.065841 0
1.008898 0
0.526602 0
0.638678 0
0.187804 0
0.174429 0
0.494413 0
0.348303 0
0.093808 0
0.035542 0
0.131126 0
0.941445 0
0.774646 0
0.047205 0
0.332076 0
0.607181 0
0.660340 0
0.312562 0
1.017747 0
0.285255 0
1.212006 0
0.024279 0
0.131043 0
0.340324 0
0.157907 0
0.800547 0
0.650187 0
1.316778 0
0.860673 0
0.290592 0
0.025071 0
1.094181 0
0.470562 0
0.254847 0
0.194176 0
0.337154 0
0.302059 0
1.383676 0
0.245037 0
0.019928 0
0.886344 0
0.398098 0
0.281213 0
0.673694 0
0.055705 0
0.425756 0
0.369188 0
0.952575 0
0.366644 0
0.162838 0
0.124240 0
0.300087 0
1.158720 0
0.487617 0
0.084692 0
0.224079 0
0.112675 0
1.379399 0
1.370200 0
0.166439 0
0.365929 0
0.556768 0
0.917011 0
1.230552 0
0.061022 0
1.450899 0
0.091394 0
0.872712 0
0.190941 0
0.990227 0
0.014939 0
0.048920 0
0.114760 0
0.027657 0
0.298383 0
0.037700 0
0.693845 0
0.519493 0
0.535002 0
0.229540 0
0.043919 0
0.282610 0
0.141962 0
1.243816 0
0.091332 0
0.226130 0
0.166819 0
0.885531 0
1.057850 0
0.124210 0
0.177179 0
0.593395 0
0.420584 0
1.412216 0
1.501917 0
1.394887 0
0.197783 0
0.251635 0
0.062258 0
0.383486 0
0.082773 0
0.549557 0
0.461045 0
0.202337 0
0.069177 0
0.206028 0
0.019269 0
0.367832 0
1.392404 0
0.123223 0
0.192766 0
0.148889 0
0.197308 0
0.794090 0
0.485579 0
0.048465 0
0.819796 0
1.230753 0
0.320359 0
0.081980 0
0.398294 0
0.262064 0
1.622000 0
0.947282 0
0.012842 0
0.100199 0
0.189247 0
0.788526 0
1.744813 0
0.661616 0
0.183846 0
0.195201 0
0.309431 0
0.124855 0
0.762098 0
0.366568 0
0.714942 0
0.090356 0
0.087928 0
0.579509 0
1.354713 0
0.248499 0
0.692519 0
0.177296 0
0.157881 0
1.267290 0
0.621587 0
0.087469 0
0.010010 0
0.731961 0
0.740457 0
0.501554 0
0.021433 0
0.055943 0
1.162775 0
0.215708 0
0.888611 0
0.763319 0
0.342791 0
1.402749 0
1.568798 0
0.204900 0
0.953669 0
0.610618 0
0.286450 0
0.083282 0
0.374931 0
0.378406 0
0.104403 0
0.312220 0
0.791835 0
0.644184 0
0.502791 0
0.160265 0
0.054600 0
0.571716 0
0.086780 0
0.094028 0
0.278270 0
0.348021 0
0.327707 0
0.524809 0
1.896970 0
0.427977 0
0.091070 0
0.776838 0
0.637745 0
0.576887 0
0.129639 0
0.381632 0
1.041760 0
1.020900 0
0.154771 0
0.695237 0
0.251029 0
0.408418 0
1.505602 0
0.122841 0
0.031609 0
0.075537 0
0.551902 0
0.320513 0
0.280441 0
0.174628 0
1.199335 0
0.926853 0
0.294512 0
0.408659 0
0.671532 0
0.252856 0
0.788997 0
0.267691 0
0.216818 0
0.088955 0
0.651397 0
1.536874 0
0.238508 0
0.583695 0
0.210175 0
1.437637 0
0.555743 0
0.037365 0
0.248115 0
0.037700 0
1.572192 0
0.224654 0
0.851759 0
0.321473 0
0.962696 0
0.181096 0
1.113150 0
0.103223 0
1.503538 0
0.094495 0
0.070638 0
0.532399 0
0.187556 0
0.435626 0
0.232789 0
1.371090 0
0.826860 0
1.097808 0
0.380822 0
0.594543 0
0.245596 0
0.171601 0
0.923589 0
0.130582 0
0.404883 0
0.375915 0
0.198712 0
0.306001 0
0.267578 0
0.758681 0
0.706282 0
1.290032 0
1.493945 0
0.708768 0
0.459289 0
1.444531 0
0.382103 0
0.445149 0
0.366758 0
0.178707 0
1.400955 0
0.214493 0
0.039211 0
0.429408 0
0.247165 0
1.043616 0
0.789543 0
0.352224 0
1.248074 0
0.587502 0
1.098396 0
0.304905 0
0.094459 0
0.107632 0
0.179511 0
0.371091 0
0.446263 0
0.572663 0
0.329258 0
0.150474 0
0.014007 0
0.282986 0
1.284553 0
0.018190 0
1.024387 0
1.389710 0
0.744093 0
0.579379 0
1.595100 0
0.188809 0
0.177948 0
0.165533 0
0.159158 0
0.421798 0
0.203323 0
1.239307 0
0.565468 0
0.220871 0
0.388885 0
1.611072 0
0.103437 0
0.689855 0
0.076143 0
0.105090 0
0.286467 0
0.083931 0
0.063382 0
0.477422 0
0.924887 0
0.696330 0
0.280029 0
0.019593 0
0.363783 0
0.123217 0
0.399702 0
1.002415 0
0.521678 0
0.748673 0
0.594196 0
0.137095 0
0.440433 0
0.125486 0
0.274937 0
0.653543 0
0.599262 0
1.133428 0
0.534170 0
0.088888 0
0.340809 0
1.108791 0
0.968336 0
0.062176 0
0.015558 0
0.016782 0
0.129820 0
0.476856 0
0.238651 0
0.299079 0
0.001726 0
0.116100 0
0.595972 0
0.308077 0
0.134007 0
0.474451 0
0.650127 0
0.081905 0
0.411156 0
0.358526 0
0.421003 0
0.099142 0
0.144842 0
1.369912 0
0.509870 0
0.587495 0
0.145164 0
0.224219 0
1.001667 0
1.905466 0
0.134895 0
0.095812 0
0.114503 0
1.198082 0
1.739180 0
1.075621 0
1.407906 0
0.634179 0
0.102057 0
0.644032 0
0.173080 0
1.232657 0
0.288893 0
0.118876 0
0.229866 0
1.006387 0
0.080601 0
0.048404 0
0.690986 0
0.088661 0
0.021873 0
0.145105 0
0.049088 0
0.092285 0
0.131812 0
0.870945 0
0.724423 0
0.122907 0
0.099710 0
0.307781 0
0.786283 0
0.567183 0
0.010048 0
0.334912 0
0.078485 0
0.265428 0
0.611740 0
0.733932 0
0.458451 0
0.327473 0
0.476713 0
1.381166 0
0.082284 0
0.176075 0
0.064537 0
0.395842 0
0.448744 0
0.236545 0
0.230364 0
0.056687 0
0.820766 0
0.429858 0
0.128266 0
1.228318 0
0.123313 0
0.854211 0
0.036290 0
1.267827 0
0.088721 0
0.713753 0
0.162108 0
1.442195 0
0.026177 0
0.156603 0
0.093172 0
0.123551 0
0.088886 0
0.012471 0
0.448620 0
0.319600 0
0.072154 0
1.165930 0
0.143774 0
0.019921 0
0.407993 0
0.291249 0
0.069874 0
0.420048 0
0.652182 0
0.165235 0
0.112524 0
0.506905 0
0.006828 0
0.650907 0
0.019380 0
0.894991 0
0.327940 0
0.316849 0
0.651967 0
1.134432 0
1.031353 0
1.024344 0
0.242435 0
0.760209 0
0.311006 0
0.220844 0
0.131037 0
0.261478 0
0.088424 0
0.305347 0
0.400870 0
0.088195 0
0.183951 0
0.029895 0
0.830170 0
0.482617 0
0.559454 0
0.100710 0
0.176366 0
0.058570 0
0.410268 0
0.254624 0
0.033857 0
0.381762 0
0.150248 0
0.231766 0
0.844803 0
0.382253 0
0.181082 0
0.791146 0
1.144891 0
0.602583 0
1.228957 0
0.194957 0
1.185348 0
0.374016 0
0.526566 0
0.649105 0
0.106299 0
0.329639 0
1.102832 0
1.259246 0
0.068865 0
0.219848 0
0.107375 0
0.075262 0
0.399329 0
0.122020 0
1.371333 0
0.413463 0
0.052737 0
0.059747 0
1.012262 0
0.245511 0
0.028428 0
0.041036 0
0.469850 0
0.783859 0
1.365726 0
0.092978 0
0.169627 0
0.359160 0
0.878303 0
1.028965 0
0.080389 0
0.412544 0
0.774046 0
0.519082 0
0.802584 0
0.643443 0
0.024264 0
0.397109 0
0.377310 0
0.224571 0
0.492093 0
0.721855 0
0.061256 0
0.111873 0
1.349292 0
0.129058 0
0.710136 0
0.607322 0
1.089237 0
0.815040 0
0.873327 0
0.849007 0
1.592539 0
0.898083 0
0.697235 0
0.157141 0
0.346512 0
0.555302 0
0.248207 0
0.117271 0
0.566388 0
0.874738 0
0.473428 0
0.726873 0
1.102150 0
0.470282 0
1.437095 0
0.479005 0
0.918003 0
0.113020 0
0.781754 0
1.394502 0
0.748471 0
0.198205 0
1.005551 0
0.748809 0
1.084808 0
0.055859 0
0.093872 0
0.324857 0
1.135733 0
0.591728 0
0.380102 0
0.033193 0
0.301667 0
0.857516 0
0.038058 0
0.556302 0
0.582609 0
0.435158 0
0.097175 0
0.011445 0
0.640983 0
0.067868 0
0.046682 0
0.624884 0
0.335552 0
0.463823 0
0.474890 0
0.111949 0
0.181358 0
0.225250 0
0.317654 0
0.380972 0
0.021453 0
0.065311 0
0.119960 0
0.212771 0
0.119295 0
0.266692 0
0.196002 0
0.380727 0
0.784473 0
0.623021 0
1.463805 0
0.081166 0
0.071405 0
0.245058 0
0.150187 0
0.055504 0
0.166368 0
0.245906 0
0.528682 0
1.226129 0
0.701596 0
0.377671 0
1.591954 0
0.649559 0
0.458109 0
1.241814 0
0.065649 0
0.116475 0
0.341037 0
0.036974 0
0.216968 0
0.442760 0
0.928248 0
0.020330 0
0.725015 0
0.218523 0
0.910079 0
0.711303 0
0.094683 0
1.253234 0
1.262579 0
0.016341 0
0.521306 0
0.587629 0
0.262470 0
0.085652 0
0.323959 0
0.903598 0
0.422320 0
0.452552 0
0.153446 0
0.834679 0
0.846394 0
0.332636 0
0.182441 0
0.128594 0
0.644543 0
0.052425 0
0.668334 0
0.521618 0
1.401956 0
0.312446 0
0.378617 0
1.595958 0
0.351027 0
0.376505 0
0.359797 0
0.915546 0
0.394598 0
0.574384 0
1.203801 0
1.211543 0
1.010785 0
1.419437 0
0.276061 0
0.053748 0
0.634197 0
0.259174 0
0.563600 0
0.130105 0
0.758471 0
0.239277 0
0.087072 0
0.540873 0
0.039246 0
0.165815 0
0.164585 0
0.013034 0
0.607254 0
0.094194 0
0.348653 0
0.027575 0
0.274401 0
0.271707 0
0.106187 0
0.455836 0
0.886965 0
0.121005 0
0.586449 0
0.830055 0
0.839961 0
0.028560 0
0.836886 0
0.176461 0
0.757374 0
0.425169 0
0.046973 0
0.091586 0
0.051511 0
0.438908 0
0.157108 0
1.195768 0
0.171892 0
0.211995 0
0.014322 0
1.280127 0
0.354986 0
0.484014 0
1.670398 0
0.070619 0
0.603542 0
0.134415 0
0.731143 0
0.403236 0
1.028391 0
0.317338 0
0.143691 0
0.533965 0
0.390410 0
0.015924 0
0.223718 0
0.359007 0
0.202883 0
0.554172 0
0.293648 0
1.269530 0
1.548167 0
0.675593 0
0.100528 0
1.411644 0
0.209230 0
0.110419 0
0.218634 0
1.251044 0
0.153602 0
0.230029 0
0.281594 0
0.871723 0
0.270697 0
0.310706 0
0.282146 0
0.511086 0
1.551537 0
0.565911 0
0.721173 0
0.120071 0
0.516557 0
0.258745 0
0.624716 0
0.264137 0
1.501570 0
0.028994 0
0.815922 0
0.231786 0
0.147960 0
0.380852 0
0.124987 0
0.493785 0
0.288601 0
0.051771 0
0.439665 0
0.044067 0
0.804023 0
0.092645 0
1.610019 0
0.081875 0
0.068881 0
0.035764 0
0.106368 0
0.406720 0
0.056775 0
0.214945 0
1.068333 0
0.349997 0
0.411531 0
0.867615 0
0.105798 0
0.256296 0
0.052157 0
0.171837 0
0.310451 0
0.087174 0
0.140779 0
0.358862 0
0.224960 0
1.352154 0
0.053896 0
1.292192 0
1.126800 0
0.371879 0
0.344019 0
0.023792 0
0.139841 0
0.352421 0
1.420282 0
0.466469 0
0.255260 0
0.210450 0
0.314906 0
0.612376 0
0.721413 0
0.466910 0
0.005624 0
0.129022 0
0.378546 0
0.303419 0
0.501166 0
0.300421 0
0.442531 0
0.082940 0
0.319608 0
0.032406 0
0.151084 0
0.209575 0
0.459808 0
0.168485 0
0.033542 0
0.379331 0
1.791861 0
0.169615 0
0.316341 0
0.886020 0
0.392771 0
0.753606 0
0.959584 0
1.036777 0
1.210730 0
0.288325 0
0.857097 0
0.616984 0
0.237051 0
1.075809 0
1.134923 0
0.525119 0
0.429563 0
0.139936 0
0.558088 0
0.036671 0
0.079068 0
0.281276 0
0.832955 0
0.129729 0
0.749226 0
0.531718 0
1.016884 0
0.096794 0
0.650748 0
0.585893 0
0.092568 0
0.200785 0
0.551017 0
0.348593 0
0.633757 0
0.960967 0
1.576809 0
0.026284 0
0.337645 0
0.016527 0
0.506190 0
0.185137 0
0.888419 0
0.491532 0
0.558914 0
0.395967 0
0.130131 0
0.018386 0
0.713591 0
1.958009 0
0.124553 0
0.586502 0
0.621477 0
0.905522 0
0.255480 0
0.362156 0
0.153165 0
0.219995 0
1.013942 0
0.178176 0
1.051694 0
0.079447 0
0.598750 0
0.007280 0
0.204995 0
0.273688 0
2.522434 0
0.106333 0
0.783444 0
0.352391 0
0.594043 0
0.082569 0
0.453532 0
0.080615 0
0.481327 0
0.291274 0
0.834206 0
0.048502 0
0.012922 0
0.773268 0
0.611808 0
1.284261 0
0.199250 0
0.219646 0
0.176739 0
0.476418 0
0.008887 0
1.555050 0
0.635659 0
0.099792 0
0.356494 0
0.579887 0
0.654687 0
1.438471 0
0.079971 0
0.375165 0
0.313694 0
0.046344 0
0.166269 0
0.540885 0
0.478964 0
0.593517 0
0.839754 0
0.484275 0
0.144040 0
1.426956 0
0.772403 0
0.110996 0
0.182789 0
1.024783 0
0.733335 0
0.488339 0
0.440203 0
0.462708 0
0.187311 0
0.254346 0
0.826219 0
1.053557 0
0.163001 0
0.025733 0
0.804370 0
1.461191 0
0.082454 0
0.499282 0
0.070063 0
0.900430 0
0.028792 0
0.454439 0
0.121840 0
0.149448 0
0.041475 0
0.855054 0
0.414694 0
0.341671 0
0.128623 0
1.438612 0
1.391082 0
0.070329 0
0.061612 0
0.347884 0
0.482364 0
0.393272 0
0.160817 0
0.337602 0
0.213524 0
0.454552 0
0.529420 0
0.452577 0
0.841394 0
0.412699 0
0.131336 0
0.447936 0
0.530349 0
0.715697 0
0.342058 0
0.046760 0
0.387098 0
0.620036 0
0.528388 0
0.374490 0
1.393234 0
0.247958 0
1.222117 0
0.138019 0
0.264915 0
0.219196 0
0.207765 0
0.630589 0
0.136519 0
1.099981 0
0.342364 0
0.011381 0
0.167938 0
0.379243 0
0.212610 0
0.075135 0
0.003059 0
0.762250 0
1.285631 0
0.234193 0
0.932690 0
0.005728 0
1.558023 0
0.129859 0
0.793275 0
0.399364 0
0.002361 0
0.791438 0
0.880804 0
0.411950 0
0.973622 0
1.403875 0
0.335079 0
0.283557 0
0.718163 0
1.544255 0
0.063920 0
0.049611 0
0.504505 0
0.042697 0
1.843249 0
0.073688 0
0.354979 0
0.382956 0
0.482664 0
1.451264 0
0.161841 0
0.397386 0
1.138651 0
0.927827 0
0.669132 0
1.070321 0
1.355755 0
1.235996 0
0.293129 0
0.524691 0
0.477283 0
0.788475 0
0.061535 0
0.094655 0
0.560636 0
0.830824 0
0.785989 0
0.392764 0
0.418306 0
0.394871 0
0.113773 0
0.633488 0
0.404919 0
0.120468 0
0.643566 0
0.054703 0
0.238561 0
0.098948 0
0.800167 0
0.238342 0
0.230535 0
0.279557 0
0.914878 0
0.625490 0
0.085916 0
0.846760 0
1.247827 0
0.319093 0
0.275106 0
0.302234 0
0.260938 0
0.121107 0
0.146957 0
1.262249 0
0.475128 0
0.346997 0
0.057991 0
0.054087 0
0.358678 0
0.845953 0
0.396813 0
0.104218 0
0.062297 0
0.034153 0
0.202714 0
1.435118 0
0.866697 0
0.100322 0
0.630201 0
0.215589 0
0.997616 0
1.430928 0
0.316580 0
1.151900 0
0.937566 0
0.135966 0
0.131890 0
0.089106 0
0.153088 0
0.980600 0
1.257275 0
0.173243 0
0.517368 0
0.179623 0
0.005329 0
0.535154 0
0.520859 0
0.195043 0
1.404078 0
0.456984 0
0.562831 0
0.581015 0
0.077221 0
0.166713 0
0.908627 0
0.546462 0
1.369514 0
0.390807 0
0.003335 0
0.213422 0
1.128057 0
0.112484 0
0.740411 0
0.289142 0
0.587153 0
0.047699 0
0.418604 0
0.369110 0
0.268871 0
0.200531 0
0.105537 0
0.296543 0
0.272826 0
1.249665 0
0.638787 0
0.223080 0
0.614404 0
0.160884 0
1.575832 0
0.170584 0
0.360351 0
0.144948 0
0.277692 0
0.272509 0
0.550275 0
0.986227 0
1.409045 0
0.659185 0
0.868121 0
0.803448 0
0.357981 0
0.213332 0
0.134586 0
0.253339 0
0.703449 0
0.597880 0
0.317937 0
0.455389 0
0.083864 0
0.262125 0
0.033085 0
0.389037 0
1.515828 0
1.238646 0
0.620574 0
0.057016 0
0.135210 0
0.114514 0
0.116880 0
0.209603 0
0.825865 0
0.911297 0
0.728786 0
0.067988 0
0.274156 0
0.525437 0
0.433316 0
0.318321 0
1.515883 0
0.060235 0
0.407019 0
0.436200 0
0.069793 0
0.601605 0
0.042961 0
0.350955 0
1.053287 0
0.023349 0
0.664486 0
0.083507 0
0.511833 0
1.215713 0
0.406646 0
0.038098 0
0.095555 0
0.007677 0
0.235855 0
0.299595 0
1.516670 0
0.105830 0
0.007970 0
1.400249 0
0.438738 0
0.203900 0
0.463716 0
0.202799 0
0.510549 0
0.776135 0
0.152207 0
1.425409 0
0.900149 0
0.209210 0
0.754734 0
0.219451 0
0.089443 0
0.033930 0
0.788287 0
0.926420 0
1.005655 0
0.882120 0
1.143990 0
0.168435 0
1.640255 0
0.035972 0
0.175635 0
0.417707 0
1.240646 0
0.502875 0
0.051057 0
0.662846 0
0.589029 0
0.680904 0
0.530428 0
0.002497 0
1.147406 0
0.085874 0
1.068020 0
0.006411 0
1.477356 0
0.602372 0
0.308307 0
0.275585 0
0.341972 0
0.753631 0
1.439766 0
0.243568 0
0.487155 0
0.359213 0
0.918250 0
0.160795 0
0.510239 0
0.109477 0
0.682209 0
0.095827 0
0.216128 0
0.240434 0
0.057698 0
0.832569 0
1.092065 0
0.214402 0
0.108961 0
0.658087 0
1.001478 0
0.273180 0
0.020722 0
0.183412 0
0.845150 0
0.112116 0
0.053200 0
0.090736 0
0.282981 0
0.185850 0
0.787494 0
0.483371 0
0.985629 0
1.423699 0
0.810781 0
0.954514 0
0.277425 0
0.011746 0
0.181053 0
0.164360 0
0.090294 0
0.252480 0
0.333507 0
0.065265 0
0.121533 0
0.392632 0
0.080419 0
0.212771 0
0.112394 0
0.053137 0
0.915775 0
0.523770 0
0.194391 0
0.884407 0
0.096527 0
0.130019 0
0.011535 0
0.084230 0
0.217626 0
0.364172 0
0.065423 0
0.005367 0
0.619388 0
0.841794 0
0.045507 0
0.449285 0
0.841239 0
0.335000 0
0.036641 0
1.533179 0
0.112257 0
0.382699 0
0.366464 0
0.175384 0
0.033779 0
1.069317 0
0.069729 0
0.019137 0
1.044009 0
1.224392 0
0.145290 0
0.451825 0
0.236467 0
0.412166 0
0.556729 0
0.505555 0
0.285495 0
0.091358 0
0.356359 0
0.434285 0
1.873453 0
0.597143 0
0.063428 0
0.569138 0
0.448438 0
0.984059 0
1.407136 0
0.147474 0
0.814810 0
0.218873 0
0.024251 0
0.233926 0
0.092434 0
0.420834 0
0.164326 0
0.455505 0
0.463090 0
0.302216 0
0.427578 0
0.889655 0
0.145172 0
0.621635 0
0.378094 0
0.663172 0
0.264281 0
0.286917 0
1.427174 0
0.544961 0
0.736139 0
0.373869 0
1.455160 0
1.083923 0
0.050319 0
0.076603 0
0.166555 0
0.479909 0
0.136975 0
0.562423 0
0.033024 0
0.797328 0
0.081538 0
0.354931 0
0.703803 0
0.306642 0
0.553291 0
1.331807 0
1.792477 0
0.170979 0
0.089699 0
1.125748 0
0.226838 0
0.122461 0
0.213247 0
0.315440 0
0.122894 0
1.336112 0
0.045081 0
0.047568 0
0.611882 0
0.076464 0
0.409595 0
1.453427 0
0.406930 0
0.029796 0
0.378925 0
0.867100 0
0.248324 0
0.752777 0
0.994280 0
0.024362 0
0.381242 0
0.288115 0
0.276577 0
0.261676 0
0.096778 0
0.443698 0
0.132057 0
0.542368 0
0.208744 0
0.689593 0
0.057928 0
0.303685 0
0.012887 0
0.332977 0
0.680784 0
0.020438 0
0.180133 0
0.509696 0
0.184171 0
0.376649 0
0.299807 0
0.380442 0
0.995048 0
1.220899 0
0.792956 0
0.108524 0
0.278124 0
0.857461 0
0.237676 0
1.990422 0
0.619913 0
0.241306 0
0.486282 0
0.843758 0
0.371929 0
0.016428 0
0.175709 0
0.301244 0
0.624324 0
0.994098 0
0.387592 0
0.090179 0
0.369524 0
0.075170 0
0.416217 0
0.356070 0
0.051675 0
0.437990 0
0.118265 0
0.054829 0
0.476060 0
0.559546 0
0.064200 0
0.670248 0
1.460545 0
0.020879 0
0.433135 0
0.398940 0
1.432295 0
0.786310 0
0.781715 0
1.294270 0
0.308081 0
0.148991 0
1.398750 0
0.360598 0
0.391228 0
0.716379 0
0.132794 0
1.491086 0
0.303298 0
0.376047 0
0.340191 0
1.027835 0
0.378324 0
0.616653 0
0.760183 0
1.667981 0
1.411676 0
0.145346 0
0.209152 0
0.217232 0
1.393823 0
0.567429 0
0.292699 0
0.582520 0
0.181846 0
0.220747 0
0.148435 0
0.098452 0
1.133973 0
0.154524 0
1.706483 0
0.328826 0
0.760882 0
0.522214 0
0.052078 0
1.510548 0
0.111165 0
1.438830 0
0.396360 0
1.221515 0
0.389680 0
0.702974 0
0.280773 0
0.317621 0
0.437889 0
0.091351 0
0.229736 0
0.578588 0
1.302621 0
0.071665 0
0.432065 0
0.739439 0
0.585680 0
0.461767 0
0.266639 0
0.159447 0
0.460582 0
0.234009 0
0.528988 0
0.343599 0
0.007419 0
0.200921 0
0.827909 0
0.112517 0
0.839087 0
0.271282 0
0.906108 0
0.048247 0
0.266934 0
0.209022 0
0.206990 0
1.750009 0
1.211156 0
0.161316 0
0.156816 0
0.075103 0
1.324517 0
0.932148 0
0.803242 0
0.771746 0
0.060635 0
0.180841 0
0.101279 0
0.379356 0
0.056943 0
0.226502 0
0.183595 0
0.072413 0
0.754654 0
0.357244 0
0.399659 0
0.550689 0
0.321391 0
0.448901 0
1.916778 0
0.025352 0
0.162745 0
0.181197 0
0.372878 0
0.075037 0
0.204318 0
1.030788 0
0.502731 0
0.564359 0
0.355502 0
0.453685 0
0.112518 0
0.603758 0
0.248684 0
0.226314 0
1.267269 0
0.045867 0
0.396985 0
1.205683 0
0.093743 0
0.355640 0
0.233570 0
0.254826 0
0.732023 0
0.389402 0
0.141200 0
0.104419 0
0.248377 0
0.112393 0
0.230200 0
0.533162 0
0.113042 0
1.311040 0
0.480636 0
0.208824 0
0.139141 0
0.046445 0
0.325759 0
0.096832 0
0.642661 0
1.612888 0
0.190384 0
1.395185 0
0.115124 0
1.917712 0
0.353754 0
0.192113 0
0.188213 0
0.392576 0
0.301213 0
1.480292 0
0.936200 0
0.983037 0
0.498514 0
0.698573 0
0.134449 0
0.113834 0
1.240775 0
0.149199 0
0.082597 0
0.176602 0
0.305899 0
0.079431 0
0.377197 0
1.450156 0
1.394765 0
0.158771 0
0.159969 0
1.051706 0
1.068989 0
0.212912 0
0.447601 0
0.281409 0
0.146890 0
1.025866 0
1.211314 0
0.316842 0
1.105080 0
0.263117 0
0.123322 0
0.018899 0
0.176543 0
0.766248 0
0.051868 0
1.033607 0
0.112680 0
0.187803 0
0.049890 0
0.057175 0
0.536313 0
0.554551 0
0.548404 0
0.283996 0
0.858346 0
0.256523 0
0.464547 0
1.688281 0
0.379785 0
1.249627 0
0.758922 0
0.163959 0
1.412718 0
0.219036 0
0.162672 0
0.122061 0
0.864572 0
0.527757 0
0.655495 0
0.233915 0
0.006540 0
0.697040 0
0.281516 0
0.955159 0
0.404539 0
0.299299 0
0.087308 0
0.033486 0
0.982970 0
0.002601 0
2.238960 0
0.202954 0
0.560128 0
0.560235 0
1.549375 0
0.337882 0
0.512048 0
0.130341 0
0.863297 0
0.050520 0
0.169301 0
0.646580 0
0.880216 0
0.228695 0
0.522081 0
0.347380 0
0.534557 0
0.086052 0
0.681825 0
0.108828 0
0.443998 0
0.088611 0
0.871289 0
0.381994 0
0.356064 0
0.700184 0
0.234786 0
0.827421 0
0.085504 0
0.033096 0
0.175587 0
0.519610 0
1.121593 0
0.089233 0
1.149127 0
0.435874 0
0.236798 0
0.183157 0
0.130722 0
0.252212 0
0.904627 0
0.313946 0
0.559991 0
0.024592 0
0.135244 0
0.146603 0
1.015103 0
0.203533 0
0.038607 0
1.010889 0
1.268699 0
0.169774 0
1.517540 0
0.938405 0
0.644066 0
1.347571 0
0.221173 0
0.410473 0
0.025258 0
0.627620 0
0.596359 0
0.332711 0
0.454989 0
0.372197 0
0.128526 0
0.369926 0
0.848427 0
1.067338 0
0.337775 0
1.651392 0
0.691945 0
0.242117 0
0.874877 0
0.254135 0
0.199963 0
0.239011 0
0.554813 0
0.108259 0
0.218741 0
0.073494 0
0.060966 0
0.834285 0
1.262177 0
0.447578 0
1.535589 0
0.619244 0
0.646174 0
0.615401 0
0.125965 0
0.005631 0
0.456548 0
0.759470 0
1.067184 0
1.006919 0
0.208163 0
0.548212 0
1.207599 0
0.196997 0
0.258194 0
0.903860 0
0.349237 0
1.410895 0
1.395390 0
0.185385 0
1.027245 0
0.284301 0
0.430120 0
0.467958 0
0.101396 0
1.347996 0
0.159753 0
0.085950 0
0.082889 0
0.826110 0
1.805539 0
1.015215 0
0.408189 0
0.331429 0
0.708779 0
0.450915 0
0.299252 0
0.770268 0
1.051722 0
0.556722 0
0.671106 0
0.225004 0
0.936537 0
1.089751 0
0.068561 0
0.110312 0
0.010187 0
0.043376 0
0.893065 0
0.443499 0
0.341529 0
0.201046 0
0.161865 0
1.719136 0
0.229261 0
0.190842 0
0.411066 0
0.126918 0
0.019841 0
1.536163 0
0.142199 0
0.089131 0
1.374335 0
0.160147 0
0.023113 0
0.236565 0
0.204802 0
0.372336 0
0.083512 0
0.370683 0
0.525942 0
0.427238 0
1.198861 0
0.375365 0
0.631196 0
0.128391 0
0.023326 0
2.016178 0
0.017863 0
0.120110 0
1.124425 0
0.686887 0
0.568606 0
0.816020 0
0.554305 0
0.077685 0
0.186974 0
0.627522 0
0.151500 0
0.634444 0
0.019069 0
0.149774 0
1.296891 0
0.023401 0
0.969702 0
0.401618 0
0.282397 0
0.420908 0
0.668361 0
0.129377 0
1.141414 0
0.805025 0
0.443694 0
0.670967 0
0.919735 0
0.351681 0
0.517048 0
1.368487 0
0.380704 0
0.280292 0
0.273511 0
0.767056 0
0.285233 0
0.213057 0
0.170828 0
0.064193 0
0.291313 0
1.455453 0
0.379498 0
1.404515 0
0.023545 0
0.064023 0
1.129540 0
0.101196 0
0.516342 0
2.119227 0
0.072485 0
0.876497 0
1.057909 0
0.726555 0
0.878204 0
0.367220 0
0.185034 0
0.075305 0
0.065862 0
0.242357 0
0.830293 0
0.624970 0
0.024505 0
0.792610 0
0.739015 0
0.049918 0
0.104253 0
0.039661 0
0.657789 0
0.146522 0
0.065610 0
0.014470 0
0.235514 0
0.245141 0
0.425734 0
0.966289 0
0.425606 0
0.486586 0
0.400138 0
1.036897 0
1.115244 0
0.263315 0
0.766505 0
0.420989 0
0.294537 0
0.153077 0
0.135654 0
0.137527 0
0.025067 0
0.210264 0
0.144287 0
0.402685 0
0.225693 0
0.062601 0
0.033958 0
0.348550 0
0.916529 0
0.023975 0
0.162273 0
1.638858 0
0.608819 0
0.610274 0
0.083727 0
1.660528 0
0.099251 0
0.852664 0
0.706627 0
0.219407 0
0.225860 0
0.708712 0
1.315080 0
0.344635 0
0.105437 0
0.907668 0
0.273359 0
0.322062 0
0.634780 0
0.166291 0
0.032936 0
0.555903 0
0.093477 0
0.249813 0
0.523949 0
0.239531 0
0.029276 0
0.266746 0
0.301924 0
0.454508 0
0.095683 0
0.154029 0
0.105983 0
0.700896 0
0.142808 0
1.385709 0
0.204579 0
0.311726 0
0.111393 0
0.494048 0
0.474557 0
1.381576 0
0.952086 0
0.115499 0
0.581998 0
0.732784 0
0.089357 0
0.261797 0
0.740319 0
0.425542 0
0.503143 0
1.263862 0
0.859842 0
0.105020 0
1.033679 0
0.069590 0
0.092428 0
0.100289 0
0.226117 0
1.396642 0
0.993950 0
0.113900 0
0.013740 0
0.158243 0
0.110255 0
0.209276 0
1.829295 0
0.027079 0
0.940641 0
0.301402 0
1.032756 0
0.910308 0
1.345861 0
0.430612 0
0.205526 0
0.446269 0
0.280763 0
0.714410 0
0.367448 0
0.176217 0
0.681446 0
0.328944 0
0.161868 0
0.735063 0
1.589737 0
0.730438 0
0.125725 0
0.838557 0
1.799591 0
0.503441 0
0.025199 0
0.745785 0
0.221020 0
1.387056 0
0.281894 0
0.029024 0
0.466772 0
0.250111 0
0.708438 0
0.069429 0
1.257949 0
1.411864 0
0.033030 0
0.691926 0
0.099362 0
0.519197 0
1.462081 0
1.745667 0
0.164949 0
0.461602 0
0.121416 0
1.179051 0
0.035901 0
0.227131 0
0.074262 0
1.210492 0
0.947746 0
0.519035 0
1.010725 0
0.541213 0
1.381617 0
0.627759 0
1.769286 0
0.175293 0
0.074319 0
0.802611 0
0.769053 0
0.255798 0
0.131418 0
0.551564 0
0.244672 0
0.038521 0
0.845917 0
0.487029 0
0.731297 0
0.098279 0
0.630131 0
0.065001 0
1.064139 0
0.782617 0
0.515757 0
1.705675 0
0.978686 0
0.392534 0
0.361949 0
0.160790 0
0.407083 0
0.051679 0
0.373568 0
0.269591 0
0.636751 0
0.338083 0
0.648939 0
0.346378 0
0.620295 0
0.614280 0
0.787056 0
0.378379 0
0.222477 0
0.456376 0
0.361543 0
0.089039 0
0.010208 0
0.390096 0
0.268929 0
1.125975 0
0.094086 0
0.513646 0
1.416616 0
0.705180 0
0.262646 0
0.287566 0
1.203642 0
0.271222 0
0.043827 0
0.021428 0
0.079622 0
0.052507 0
0.327537 0
0.071144 0
0.760027 0
1.194867 0
0.016177 0
0.076236 0
0.051027 0
0.127703 0
0.499162 0
0.295539 0
0.054207 0
0.136176 0
0.498057 0
0.232921 0
0.473312 0
0.884634 0
0.342785 0
0.969710 0
0.157611 0
0.010660 0
1.630831 0
0.796893 0
0.389978 0
0.130680 0
0.098152 0
0.549122 0
0.326324 0
0.238457 0
0.396679 0
1.326774 0
0.420440 0
0.177699 0
0.653689 0
0.213388 0
0.461384 0
0.329945 0
0.777985 0
1.398811 0
0.819282 0
1.388380 0
0.093644 0
0.117131 0
0.146232 0
0.033372 0
0.814404 0
0.023644 0
0.309787 0
0.725300 0
0.242533 0
0.010882 0
0.008167 0
0.459390 0
0.784428 0
0.640410 0
0.464201 0
0.320650 0
0.321341 0
0.476660 0
0.234939 0
1.112044 0
0.422895 0
0.677643 0
0.272919 0
0.868162 0
0.442131 0
0.135655 0
1.262474 0
0.181192 0
0.611276 0
1.611596 0
0.112297 0
1.162507 0
0.191518 0
1.125791 0
0.123094 0
0.382854 0
0.358955 0
0.157852 0
0.053061 0
0.117346 0
0.301585 0
0.190930 0
0.206607 0
0.398726 0
0.294199 0
0.724796 0
0.523184 0
0.058629 0
1.289655 0
0.278036 0
0.111899 0
0.036292 0
0.322212 0
0.061097 0
0.672824 0
0.275423 0
0.498779 0
0.796664 0
0.121546 0
1.377286 0
0.331442 0
0.598453 0
0.625128 0
0.786889 0
0.585506 0
0.265991 0
0.009984 0
0.946457 0
0.492935 0
0.590769 0
0.387148 0
0.415061 0
0.118914 0
0.099337 0
0.287725 0
0.375132 0
0.424270 0
0.517401 0
0.491378 0
0.218004 0
1.511727 0
1.511016 0
0.317141 0
0.143402 0
0.987521 0
0.236063 0
0.976705 0
0.446757 0
0.119451 0
0.548066 0
2.006199 0
0.772118 0
0.829569 0
0.226182 0
0.112265 0
0.286960 0
0.427335 0
1.481586 0
0.522367 0
0.112485 0
0.256344 0
0.174206 0
0.077755 0
0.133844 0
0.010126 0
0.598462 0
0.408448 0
0.184442 0
1.389208 0
0.046544 0
0.117115 0
1.555736 0
1.118544 0
0.302349 0
1.443018 0
0.692945 0
1.065522 0
1.265376 0
1.026431 0
0.454641 0
0.184027 0
0.680415 0
0.135980 0
0.323588 0
1.004354 0
0.708424 0
0.363000 0
1.434012 0
0.212870 0
0.336322 0
1.225550 0
0.579185 0
0.341413 0
0.140353 0
0.635811 0
0.583290 0
1.179867 0
0.269608 0
0.127175 0
1.570442 0
0.079820 0
0.087885 0
0.065417 0
0.787175 0
0.018344 0
0.671117 0
0.025664 0
0.677305 0
0.138040 0
0.018834 0
0.099270 0
0.514246 0
0.710244 0
0.444386 0
0.432183 0
1.732236 0
0.118922 0
0.591313 0
0.217878 0
0.568975 0
0.563740 0
0.107417 0
0.309907 0
0.156572 0
0.184794 0
0.007173 0
0.067149 0
0.899547 0
0.759634 0
0.131207 0
0.487693 0
1.200989 0
1.021034 0
0.342225 0
0.056025 0
0.808701 0
0.146144 0
0.430970 0
0.123175 0
0.062147 0
0.071913 0
0.385088 0
0.081265 0
0.205700 0
0.438236 0
0.100147 0
0.603543 0
0.705912 0
1.301983 0
0.042235 0
0.752721 0
0.167677 0
0.670610 0
1.465654 0
1.054302 0
0.108568 0
0.180181 0
0.075596 0
0.772381 0
0.064828 0
0.516563 0
0.059378 0
0.148635 0
0.108966 0
0.099602 0
0.022107 0
0.588245 0
0.625852 0
1.619321 0
1.465334 0
0.813491 0
0.893494 0
0.642289 0
0.038021 0
0.072109 0
0.082040 0
1.674894 0
0.614645 0
0.868249 0
0.613397 0
0.798779 0
0.543303 0
0.377018 0
0.123075 0
0.185619 0
0.212040 0
0.262273 0
0.065766 0
0.669750 0
0.482794 0
0.450945 0
0.196025 0
0.165043 0
0.204262 0
0.598074 0
0.963310 0
0.113065 0
1.360095 0
0.306412 0
0.202278 0
0.035184 0
1.373700 0
0.068197 0
0.347652 0
1.098518 0
0.652972 0
0.589254 0
0.017784 0
0.037425 0
0.588980 0
1.434870 0
0.362617 0
0.192875 0
0.303864 0
0.474317 0
0.148391 0
0.928993 0
0.569027 0
0.450402 0
1.013305 0
0.574160 0
0.998480 0
0.354588 0
1.452891 0
1.488194 0
0.695121 0
0.094892 0
1.766334 0
0.141289 0
0.079370 0
0.222443 0
0.174003 0
0.729057 0
1.401983 0
0.148288 0
0.054251 0
0.160528 0
1.626552 0
0.267539 0
0.976693 0
0.487666 0
0.051485 0
1.589186 0
0.110548 0
0.067298 0
0.043129 0
1.157514 0
0.950175 0
0.616347 0
1.379028 0
0.213421 0
0.951623 0
0.350354 0
0.130591 0
0.101396 0
0.617236 0
0.785958 0
0.384451 0
0.019774 0
0.784583 0
0.090405 0
0.405737 0
0.300174 0
0.165622 0
0.368897 0
0.038968 0
0.902721 0
0.602620 0
0.241140 0
0.015919 0
0.039861 0
0.369043 0
0.470821 0
0.734143 0
0.190753 0
0.586526 0
0.787703 0
0.273042 0
0.194052 0
1.976287 0
0.632659 0
1.503486 0
0.974028 0
0.252416 0
0.198354 0
0.512969 0
0.313061 0
0.144849 0
0.131358 0
1.690996 0
1.614180 0
0.079806 0
0.141196 0
0.230188 0
0.759079 0
0.400361 0
0.243597 0
0.379080 0
0.140812 0
0.050447 0
0.259962 0
0.192560 0
0.205864 0
0.799878 0
1.289642 0
1.552691 0
0.128999 0
0.740695 0
0.692095 0
0.106114 0
1.321370 0
0.101141 0
0.771349 0
0.822591 0
0.498917 0
0.204552 0
0.841017 0
0.499060 0
0.236906 0
0.649168 0
0.141360 0
0.394629 0
0.092417 0
0.038484 0
0.684659 0
1.316854 0
0.727981 0
0.590222 0
1.372931 0
0.166224 0
0.417615 0
1.322985 0
0.254530 0
0.214173 0
0.520578 0
0.282688 0
0.503729 0
0.825405 0
0.263728 0
0.553045 0
0.119422 0
0.537034 0
0.449918 0
0.280799 0
0.005447 0
1.104792 0
0.005876 0
0.093253 0
0.282508 0
0.362824 0
0.170973 0
0.281139 0
0.564670 0
0.030712 0
0.381031 0
1.378154 0
0.041328 0
0.159834 0
0.553945 0
0.056148 0
0.060038 0
0.155876 0
0.039329 0
0.290162 0
1.495680 0
0.166739 0
0.064517 0
0.288726 0
1.450652 0
0.110258 0
0.929950 0
0.195297 0
0.769678 0
1.409639 0
1.500896 0
0.799682 0
1.114923 0
1.303039 0
0.631821 0
0.368923 0
0.563998 0
0.305944 0
0.363370 0
0.679379 0
0.106239 0
0.198617 0
0.258141 0
0.062516 0
0.824225 0
0.170789 0
0.170862 0
1.260223 0
0.279867 0
0.377974 0
1.924546 0
0.923027 0
0.905109 0
0.372695 0
0.082598 0
1.182531 0
0.095769 0
0.547144 0
0.683997 0
0.057670 0
0.047457 0
0.281143 0
0.135029 0
1.397526 0
0.747296 0
0.183595 0
0.016519 0
0.312780 0
0.290335 0
0.149835 0
0.149877 0
0.054067 0
0.550875 0
0.745356 0
0.695799 0
0.940324 0
0.199603 0
0.816371 0
0.895537 0
0.370516 0
0.406933 0
0.048468 0
0.134912 0
0.805524 0
1.154011 0
0.570009 0
1.368952 0
0.286619 0
0.396127 0
0.018870 0
0.088890 0
0.150064 0
0.278666 0
0.207453 0
0.517826 0
0.763168 0
0.014532 0
0.644904 0
0.081118 0
0.489165 0
0.895671 0
0.179714 0
0.388974 0
0.177082 0
0.035790 0
0.412549 0
1.155274 0
0.908225 0
1.353053 0
0.223564 0
0.226538 0
1.009655 0
0.210385 0
0.384766 0
0.593915 0
0.719052 0
0.671584 0
0.545073 0
0.317602 0
0.112515 0
0.662179 0
0.812226 0
0.496953 0
0.176655 0
0.272807 0
0.539954 0
1.540125 0
0.045447 0
0.168680 0
0.326052 0
1.453654 0
0.420713 0
0.549915 0
0.194580 0
0.313149 0
0.344988 0
0.717676 0
0.085582 0
0.958625 0
1.746849 0
0.630942 0
1.404620 0
0.867778 0
0.274278 0
1.182978 0
0.710282 0
0.316613 0
0.263823 0
1.435105 0
0.141896 0
0.276739 0
1.220439 0
0.206413 0
0.172343 0
0.493790 0
0.563274 0
0.745752 0
0.101772 0
0.653724 0
1.415084 0
0.464714 0
0.730202 0
0.072269 0
0.641245 0
1.054454 0
0.420343 0
1.277377 0
0.304304 0
0.238409 0
0.268828 0
0.278209 0
0.904969 0
1.298166 0
0.955872 0
0.040069 0
0.994803 0
0.119485 0
0.224056 0
0.230205 0
0.023814 0
0.505750 0
0.312118 0
0.284062 0
0.323485 0
0.320591 0
0.185560 0
0.193993 0
0.987885 0
0.807961 0
0.322305 0
0.430335 0
0.297726 0
0.654249 0
0.184993 0
0.723538 0
0.997831 0
0.024227 0
0.856661 0
0.372061 0
0.352275 0
0.417301 0
0.379016 0
0.394562 0
1.231755 0
0.212307 0
0.120289 0
1.076369 0
1.243790 0
0.564269 0
1.371265 0
0.611552 0
0.660322 0
0.016896 0
0.018833 0
0.292199 0
0.537911 0
0.051414 0
0.014009 0
0.005944 0
0.017090 0
0.307107 0
0.127083 0
0.262514 0
0.194818 0
0.100174 0
1.388445 0
0.670924 0
0.799456 0
0.297638 0
0.568324 0
0.115043 0
0.468780 0
0.190357 0
0.682755 0
1.396147 0
0.231221 0
0.749709 0
0.427823 0
0.194635 0
0.208449 0
0.466892 0
0.059892 0
0.259561 0
0.135474 0
0.844092 0
0.294132 0
1.603626 0
0.122771 0
0.179616 0
0.223128 0
0.996443 0
0.185055 0
0.480787 0
0.834010 0
0.111992 0
1.109744 0
1.035806 0
0.304462 0
0.851641 0
0.035380 0
0.136743 0
0.353684 0
0.829711 0
0.166204 0
0.541117 0
0.110059 0
1.168903 0
1.099314 0
0.127395 0
0.021187 0
0.090643 0
0.940811 0
0.184704 0
1.107393 0
0.237762 0
0.589384 0
0.056703 0
0.319751 0
0.250932 0
1.390512 0
0.343712 0
0.073492 0
0.158086 0
0.176659 0
0.006309 0
0.757086 0
0.540497 0
0.633874 0
0.095815 0
0.306208 0
1.540198 0
0.366804 0
0.269148 0
0.291589 0
0.109364 0
0.021022 0
0.259242 0
0.209207 0
0.232298 0
0.613147 0
0.724279 0
1.024801 0
0.021328 0
0.799820 0
0.700503 0
0.087596 0
0.544476 0
0.452676 0
0.023936 0
0.410158 0
0.220474 0
0.152078 0
0.642649 0
0.576487 0
0.323213 0
0.070519 0
0.284846 0
0.026296 0
0.089051 0
0.126315 0
0.749291 0
0.530828 0
0.570029 0
0.173696 0
0.470039 0
0.215887 0
0.052812 0
1.169120 0
0.335959 0
0.481561 0
0.160154 0
0.580125 0
0.809692 0
1.244316 0
0.758385 0
0.649099 0
0.577910 0
0.676802 0
0.160388 0
0.154579 0
0.428761 0
0.034898 0
0.508846 0
0.456746 0
0.220534 0
0.600906 0
0.766437 0
0.148051 0
0.752654 0
0.663435 0
0.113310 0
0.877384 0
1.549628 0
0.252628 0
0.041177 0
1.141103 0
0.581943 0
0.225647 0
0.780336 0
0.041564 0
0.394363 0
0.466657 0
0.029964 0
0.597681 0
1.425369 0
0.684814 0
0.149911 0
0.936953 0
0.476307 0
0.517873 0
0.954036 0
0.237220 0
0.215218 0
0.208816 0
0.313068 0
1.597154 0
0.827814 0
0.863018 0
0.075920 0
0.403762 0
0.304686 0
0.096371 0
2.087855 0
0.174118 0
0.351190 0
0.604676 0
0.263291 0
0.187599 0
0.095875 0
0.603228 0
0.207972 0
0.089820 0
0.664989 0
0.887777 0
0.435661 0
1.166114 0
0.134352 0
0.058369 0
0.513134 0
0.031777 0
0.082358 0
0.162562 0
0.058179 0
0.667082 0
0.224584 0
0.192035 0
0.003712 0
0.071592 0
1.417530 0
0.622118 0
0.492748 0
0.148369 0
0.387361 0
0.248758 0
0.377541 0
0.509294 0
0.040901 0
0.434498 0
0.633405 0
0.177737 0
0.233699 0
0.650520 0
0.329540 0
0.420474 0
0.103731 0
0.422339 0
0.029522 0
0.060547 0
0.665636 0
0.029253 0
0.587243 0
0.152928 0
0.914165 0
0.134877 0
0.409250 0
0.291757 0
0.383117 0
1.553330 0
1.431055 0
0.701773 0
0.656318 0
0.670448 0
0.137025 0
0.517533 0
1.272493 0
1.446090 0
0.332470 0
0.392653 0
0.299546 0
0.076947 0
0.395629 0
0.038208 0
1.022461 0
0.392507 0
1.363999 0
1.474052 0
0.872097 0
0.350376 0
0.376921 0
0.117816 0
1.111955 0
0.403070 0
0.015464 0
0.212861 0
0.053108 0
0.025031 0
0.695500 0
0.177088 0
0.275684 0
0.747639 0
0.216052 0
0.543490 0
0.652989 0
0.083462 0
0.270637 0
0.529181 0
0.819145 0
0.274780 0
0.025770 0
0.142716 0
0.349513 0
0.215705 0
0.742213 0
0.545197 0
0.361875 0
0.294895 0
1.411070 0
0.145579 0
0.582375 0
0.251588 0
0.164601 0
0.155493 0
0.417376 0
0.695639 0
0.416063 0
0.909312 0
0.095315 0
1.737920 0
0.811339 0
0.352638 0
0.435688 0
0.723127 0
0.175155 0
1.349182 0
0.265346 0
1.256583 0
0.439809 0
0.147867 0
0.337995 0
0.284276 0
0.198790 0
0.985025 0
0.683300 0
0.089656 0
0.235455 0
0.864713 0
0.730301 0
0.494253 0
0.170632 0
0.942859 0
0.117619 0
0.216722 0
0.671506 0
0.796542 0
1.032773 0
0.560367 0
0.436381 0
1.235254 0
0.408829 0
0.531256 0
0.204229 0
0.374926 0
0.505059 0
0.534899 0
1.395129 0
0.772497 0
0.091376 0
0.120634 0
0.841650 0
0.143757 0
0.334103 0
0.270234 0
0.437600 0
0.150145 0
0.167390 0
0.199832 0
0.715136 0
0.265440 0
1.044664 0
1.012507 0
0.029640 0
0.179242 0
1.338075 0
0.324466 0
0.275015 0
1.345136 0
0.520526 0
0.117554 0
1.145950 0
0.819204 0
0.193768 0
0.424991 0
0.314676 0
1.364009 0
0.319292 0
0.987511 0
0.586086 0
0.659006 0
1.203086 0
0.310593 0
0.065094 0
0.587913 0
1.361672 0
0.236513 0
0.566477 0
0.641808 0
0.195919 0
0.336777 0
0.485497 0
0.287209 0
0.214123 0
1.514141 0
0.987287 0
0.585283 0
0.022528 0
0.668821 0
0.590578 0
1.626535 0
0.084269 0
0.584145 0
0.358860 0
0.179984 0
1.607125 0
0.522210 0
0.313403 0
0.161484 0
1.399240 0
0.133354 0
0.874157 0
0.521328 0
0.094170 0
0.328265 0
0.254206 0
1.789051 0
0.542825 0
0.207470 0
0.579121 0
0.577722 0
0.608137 0
1.055498 0
1.172630 0
0.141788 0
0.153625 0
0.618438 0
0.252098 0
0.342461 0
0.272864 0
0.345505 0
1.368258 0
0.309733 0
1.479028 0
0.232346 0
0.062522 0
0.341939 0
0.061437 0
0.136587 0
0.508008 0
1.007194 0
0.167650 0
0.394428 0
1.068617 0
1.506674 0
0.206188 0
0.123573 0
0.582636 0
0.288960 0
0.560498 0
0.102788 0
0.572762 0
0.672187 0
1.423123 0
0.667539 0
0.503407 0
0.263764 0
0.371300 0
0.571263 0
0.059753 0
0.191718 0
0.309815 0
0.598939 0
0.312864 0
1.329275 0
0.371135 0
0.086918 0
1.400219 0
0.910606 0
1.372319 0
0.117627 0
1.516516 0
0.053988 0
0.016715 0
0.515352 0
0.956362 0
0.248540 0
0.681921 0
1.425595 0
0.026969 0
0.215111 0
0.089529 0
1.277794 0
0.416915 0
0.061044 0
0.035752 0
0.197695 0
0.890022 0
1.273887 0
0.631626 0
0.299953 0
0.149490 0
0.123391 0
0.346411 0
0.985382 0
0.201952 0
0.327137 0
1.308002 0
1.140904 0
0.115261 0
0.294446 0
0.088044 0
0.555377 0
0.728319 0
1.373098 0
0.046894 0
0.117869 0
0.256501 0
0.204720 0
0.745224 0
0.498904 0
1.149209 0
0.092319 0
0.086512 0
0.430581 0
0.675448 0
0.332685 0
1.027184 0
0.252557 0
0.023341 0
0.985856 0
0.019131 0
1.492831 0
0.600280 0
0.595654 0
0.251794 0
0.032245 0
0.100657 0
0.295220 0
0.085261 0
0.210455 0
0.235980 0
0.445394 0
0.594980 0
0.112185 0
0.177651 0
0.073528 0
0.706992 0
0.782749 0
0.527026 0
0.185860 0
1.047284 0
0.113920 0
1.758636 0
0.087590 0
1.054411 0
0.047805 0
0.067850 0
0.672807 0
0.349134 0
0.334919 0
0.279413 0
0.662090 0
0.384941 0
0.027101 0
0.148314 0
0.853143 0
0.387460 0
0.165915 0
0.042267 0
0.065386 0
0.033347 0
0.028911 0
0.478599 0
0.937144 0
0.499199 0
0.660209 0
0.255156 0
1.561923 0
0.035863 0
0.010915 0
0.261385 0
0.429648 0
0.029569 0
0.179820 0
0.139947 0
0.824091 0
1.039511 0
0.034969 0
0.317591 0
0.148863 0
1.353773 0
0.271558 0
1.645258 0
0.750737 0
0.183299 0
0.526306 0
1.396576 0
0.920214 0
1.374276 0
0.247743 0
0.360857 0
0.049600 0
1.455986 0
0.057360 0
0.438900 0
0.348697 0
0.066673 0
0.220037 0
0.514473 0
0.266190 0
0.110264 0
0.485371 0
0.219190 0
0.040913 0
1.358256 0
0.457785 0
0.792623 0
0.972649 0
0.437743 0
1.789978 0
0.371341 0
0.881711 0
0.030034 0
0.246406 0
0.717000 0
1.249961 0
0.247640 0
0.011211 0
0.546243 0
0.354186 0
0.184586 0
0.075745 0
0.789462 0
0.065543 0
1.485401 0
0.316204 0
0.350067 0
0.887953 0
0.203660 0
0.137172 0
1.561034 0
1.003847 0
0.048990 0
0.609492 0
0.508969 0
0.278634 0
0.342002 0
0.120526 0
0.217714 0
0.311931 0
0.998910 0
0.062478 0
0.301444 0
0.091543 0
1.376573 0
0.489146 0
0.209151 0
1.599690 0
0.127857 0
1.514645 0
0.116742 0
0.466342 0
0.302152 0
0.022323 0
0.064710 0
0.061814 0
0.500506 0
0.133794 0
0.394432 0
0.573560 0
0.015738 0
1.010535 0
0.703289 0
0.008500 0
1.277745 0
0.025140 0
0.093628 0
0.425110 0
0.151479 0
1.471509 0
1.101472 0
0.266669 0
0.220904 0
0.694178 0
0.182356 0
0.115805 0
0.444182 0
0.502275 0
0.410718 0
1.147872 0
0.850063 0
1.719124 0
1.282099 0
0.093062 0
0.277398 0
0.690665 0
0.032891 0
0.034699 0
0.626095 0
0.410816 0
0.213137 0
0.670834 0
0.067504 0
0.495798 0
1.960946 0
1.426258 0
0.669013 0
0.084657 0
0.211155 0
0.456693 0
0.128000 0
1.361487 0
0.251039 0
0.123419 0
0.514782 0
0.615676 0
0.173676 0
0.462133 0
0.309108 0
0.152654 0
0.536918 0
0.319764 0
0.563530 0
0.270432 0
0.610685 0
1.083839 0
0.924749 0
0.304500 0
1.495774 0
0.093205 0
0.277851 0
0.041281 0
0.545360 0
0.102442 0
0.526588 0
0.060957 0
0.166012 0
0.057043 0
0.853969 0
1.209169 0
0.113950 0
0.059392 0
0.500963 0
0.989921 0
0.300669 0
1.367887 0
0.040774 0
0.647906 0
0.076244 0
1.538175 0
0.042530 0
0.175288 0
0.137341 0
1.129481 0
0.939691 0
0.090013 0
0.183671 0
0.888972 0
0.048098 0
0.699884 0
0.072148 0
0.744915 0
0.316410 0
1.620050 0
0.211686 0
1.133112 0
0.552748 0
1.069861 0
0.652812 0
0.247370 0
1.062569 0
0.437085 0
0.671061 0
0.504637 0
0.508731 0
1.010581 0
0.824408 0
0.019821 0
0.580456 0
0.469667 0
0.538514 0
0.235133 0
1.199187 0
0.004880 0
0.351148 0
0.403038 0
0.144595 0
0.716080 0
0.153254 0
0.489180 0
0.453140 0
0.181399 0
0.011765 0
0.287470 0
1.226019 0
1.485783 0
0.053424 0
0.238514 0
0.476457 0
1.205346 0
0.317866 0
0.258149 0
0.336598 0
0.340505 0
0.394172 0
0.413456 0
0.467988 0
0.418154 0
1.005387 0
1.569751 0
0.306858 0
0.786090 0
0.158346 0
0.380086 0
0.600789 0
0.369680 0
0.025676 0
0.211557 0
0.336181 0
0.134722 0
1.370746 0
0.470683 0
0.909651 0
1.058155 0
0.249064 0
0.596783 0
0.403406 0
0.887758 0
0.299116 0
0.255189 0
1.053150 0
0.035792 0
0.342219 0
0.381748 0
0.243785 0
0.489483 0
1.010576 0
0.177618 0
0.226479 0
0.851260 0
0.241457 0
0.798082 0
0.092169 0
0.542195 0
0.041779 0
0.118865 0
0.099969 0
0.089147 0
0.031234 0
0.116246 0
0.663246 0
0.163272 0
0.449007 0
0.164721 0
0.056155 0
0.307886 0
1.009781 0
0.210309 0
0.222808 0
0.041010 0
0.196322 0
0.841461 0
0.094897 0
0.255084 0
0.242116 0
0.514837 0
0.532509 0
0.114566 0
0.262656 0
0.038087 0
0.110001 0
0.197843 0
0.306666 0
0.008838 0
0.398560 0
1.472247 0
0.084457 0
0.542167 0
1.531671 0
0.175907 0
0.620107 0
1.342820 0
0.052961 0
0.035232 0
0.125778 0
0.370044 0
0.440773 0
0.081059 0
0.286021 0
0.145133 0
0.034916 0
0.690851 0
0.001667 0
0.584028 0
0.472806 0
0.754671 0
0.343313 0
1.214136 0
0.275904 0
0.370622 0
0.198780 0
0.220992 0
0.247900 0
0.979139 0
0.136874 0
0.965414 0
0.621039 0
0.126083 0
0.079403 0
0.429265 0
0.278969 0
1.330434 0
0.057700 0
0.388367 0
1.040001 0
1.245584 0
0.213317 0
0.279015 0
0.505580 0
1.556277 0
0.101093 0
0.091258 0
0.044143 0
0.101603 0
0.641222 0
0.339893 0
0.727728 0
0.361349 0
0.190049 0
0.496634 0
0.620895 0
0.667354 0
0.434676 0
0.655180 0
1.316103 0
0.161704 0
0.154902 0
1.146566 0
0.164520 0
0.064752 0
0.098762 0
0.441505 0
0.010919 0
0.478921 0
0.088180 0
1.638825 0
0.754572 0
1.016966 0
0.027149 0
0.323752 0
0.726875 0
0.120945 0
0.012008 0
0.320568 0
0.062073 0
0.027018 0
0.881935 0
0.201666 0
0.440376 0
0.109641 0
0.314304 0
0.536510 0
0.145636 0
1.576007 0
1.303269 0
0.356805 0
0.696458 0
1.389577 0
0.080182 0
0.492426 0
0.394059 0
0.457585 0
0.359591 0
0.480356 0
0.120449 0
0.632016 0
0.005871 0
0.350967 0
0.109012 0
0.319198 0
0.218320 0
1.398065 0
0.142062 0
0.707829 0
0.481140 0
0.103017 0
0.314211 0
0.693026 0
0.258322 0
0.771913 0
0.596434 0
0.628223 0
0.648302 0
0.304528 0
0.083303 0
2.200560 0
0.472768 0
1.453231 0
1.352942 0
0.526070 0
0.167622 0
0.343861 0
0.636169 0
0.082187 0
1.113299 0
0.515967 0
0.050334 0
0.303484 0
0.607791 0
0.835217 0
0.154599 0
1.133851 0
1.552147 0
0.216502 0
1.709426 0
0.230934 0
0.030756 0
0.391615 0
0.995014 0
0.780584 0
0.217400 0
0.178658 0
0.136143 0
0.026922 0
0.691677 0
0.784014 0
0.215499 0
0.077150 0
0.885317 0
0.660816 0
0.516665 0
0.068931 0
0.570174 0
0.403843 0
0.298025 0
0.131096 0
0.227951 0
0.034768 0
0.178248 0
0.267770 0
0.653022 0
1.366124 0
1.161087 0
0.266675 0
0.118320 0
0.452582 0
1.610996 0
0.211745 0
0.115691 0
0.616701 0
0.094105 0
1.166702 0
1.440665 0
0.431070 0
0.307000 0
0.129557 0
0.407856 0
0.547064 0
0.966634 0
1.060953 0
0.321123 0
1.136335 0
0.004588 0
0.148409 0
0.261834 0
1.092683 0
0.209920 0
0.910640 0
0.344163 0
0.078808 0
1.015235 0
1.597764 0
1.124237 0
0.021553 0
0.119918 0
0.348631 0
0.725229 0
0.132180 0
1.534554 0
1.687857 0
0.203717 0
0.429035 0
1.320941 0
0.591197 0
0.038691 0
0.244899 0
0.091009 0
0.367808 0
0.299462 0
0.064443 0
0.006269 0
0.244517 0
0.562166 0
0.479222 0
1.409249 0
0.859567 0
1.001542 0
0.843769 0
0.821972 0
0.949792 0
1.420849 0
0.814972 0
1.454267 0
0.471639 0
0.078984 0
0.250920 0
0.173450 0
0.314239 0
0.222354 0
0.963463 0
0.658745 0
1.381149 0
0.090276 0
0.221932 0
0.192904 0
1.500944 0
0.293628 0
0.446714 0
0.041184 0
0.326497 0
0.882690 0
0.083981 0
0.232121 0
0.165337 0
0.993074 0
0.104547 0
0.782228 0
0.245842 0
0.352045 0
1.069521 0
0.308531 0
0.228808 0
1.135882 0
0.262054 0
0.111088 0
0.010487 0
0.496669 0
0.306040 0
0.019335 0
0.036986 0
0.486646 0
0.039437 0
0.455003 0
0.608841 0
0.840890 0
0.512260 0
1.425166 0
0.792754 0
1.098529 0
0.255761 0
0.053385 0
0.439261 0
0.367159 0
0.783297 0
0.416567 0
0.078719 0
0.341444 0
0.321093 0
0.689277 0
0.379336 0
0.470694 0
0.606647 0
0.449149 0
0.011975 0
0.010062 0
0.978481 0
0.440933 0
0.511736 0
0.125249 0
0.681642 0
0.584996 0
0.640302 0
0.320798 0
0.194682 0
0.193160 0
0.741131 0
1.012532 0
0.521999 0
0.636606 0
0.599752 0
1.411607 0
0.382484 0
0.267541 0
0.184694 0
0.949113 0
0.150830 0
0.039821 0
0.909498 0
0.956418 0
1.517905 0
0.372551 0
0.136156 0
0.657001 0
1.077594 0
0.154561 0
0.190620 0
0.238414 0
0.885834 0
0.437381 0
0.591195 0
0.745828 0
0.707271 0
0.689687 0
0.132424 0
0.332502 0
0.482999 0
0.418155 0
0.668435 0
0.667726 0
0.427194 0
0.546405 0
0.355149 0
0.141677 0
0.145348 0
0.159687 0
0.617318 0
0.144771 0
0.560014 0
0.327996 0
0.044978 0
0.114795 0
0.184118 0
1.333369 0
0.531515 0
0.246876 0
0.126244 0
0.333057 0
0.342475 0
0.247028 0
1.020954 0
0.337294 0
0.554473 0
0.367225 0
0.734769 0
0.306050 0
0.301154 0
0.162354 0
1.476590 0
0.352373 0
0.329323 0
0.468523 0
0.586591 0
0.092298 0
0.407998 0
0.305259 0
0.402885 0
0.720841 0
0.832400 0
0.057909 0
1.392412 0
0.292490 0
0.159710 0
0.996206 0
0.768172 0
0.734549 0
1.293227 0
1.247770 0
0.250100 0
0.161848 0
0.005164 0
0.037119 0
1.104469 0
0.021107 0
0.681372 0
1.003961 0
0.537395 0
0.281497 0
0.137556 0
0.256868 0
0.477404 0
0.101666 0
0.833013 0
0.086886 0
0.081742 0
0.278080 0
0.056123 0
0.072626 0
1.250439 0
0.131775 0
1.914145 0
0.560215 0
0.211181 0
0.748161 0
0.520113 0
0.363069 0
0.537795 0
0.192594 0
0.129867 0
1.312222 0
0.393352 0
0.121554 0
0.598248 0
0.113687 0
0.327734 0
1.203242 0
0.284259 0
0.943628 0
0.376807 0
0.070539 0
0.459406 0
0.042299 0
0.739096 0
0.466991 0
0.700026 0
0.130237 0
0.074354 0
1.697354 0
0.157671 0
0.288127 0
0.042576 0
0.897292 0
0.642959 0
0.228467 0
0.470860 0
0.439186 0
0.366074 0
0.495874 0
0.824607 0
0.397177 0
0.385441 0
0.762980 0
0.603912 0
0.140176 0
0.167751 0
0.307103 0
0.388684 0
0.726794 0
0.379500 0
0.470111 0
0.739432 0
0.211338 0
0.113567 0
1.116537 0
0.036879 0
0.102713 0
1.214440 0
0.085779 0
0.334854 0
1.092540 0
0.327034 0
1.420288 0
0.060703 0
0.268803 0
0.145115 0
0.059120 0
0.651401 0
1.333776 0
0.098653 0
0.613998 0
0.302073 0
0.756566 0
0.520549 0
0.024269 0
0.872155 0
0.161258 0
0.390660 0
0.373159 0
0.541784 0
0.909284 0
1.783603 0
1.342612 0
0.250704 0
0.550657 0
0.378754 0
0.509252 0
0.295085 0
0.019214 0
0.086791 0
1.200777 0
0.412657 0
0.289199 0
0.074441 0
0.058006 0
0.371786 0
0.123830 0
0.562499 0
0.184302 0
2.182163 0
0.155220 0
1.008486 0
0.430564 0
0.315415 0
0.994462 0
0.507942 0
0.275574 0
1.614955 0
1.476218 0
1.764848 0
0.023556 0
0.927323 0
0.607560 0
0.086599 0
0.597907 0
0.317730 0
0.505305 0
0.954736 0
0.300835 0
0.536526 0
0.731932 0
0.662348 0
0.189877 0
0.165798 0
0.569417 0
0.221809 0
0.324429 0
0.668375 0
0.571030 0
1.007046 0
1.406577 0
1.095625 0
0.398950 0
0.258445 0
0.152332 0
1.058499 0
0.164653 0
0.452385 0
0.296629 0
0.472407 0
0.473309 0
0.045052 0
0.256646 0
0.119886 0
0.596031 0
0.777101 0
0.143567 0
0.633765 0
0.686657 0
0.329757 0
0.077227 0
0.074698 0
1.360438 0
0.064342 0
0.221446 0
0.449533 0
0.909511 0
0.373205 0
0.221798 0
0.385100 0
0.110690 0
1.361523 0
0.147415 0
0.100910 0
0.472606 0
0.010121 0
1.478326 0
0.122499 0
0.358812 0
0.133015 0
0.407006 0
0.506682 0
0.209180 0
0.082639 0
0.998702 0
0.892268 0
0.090538 0
0.095275 0
0.241462 0
0.432070 0
0.579272 0
0.339371 0
0.385467 0
0.163542 0
0.015573 0
0.183526 0
1.247602 0
0.385444 0
0.530788 0
0.204189 0
0.256536 0
1.095320 0
0.501082 0
0.348998 0
0.306307 0
1.145455 0
1.177108 0
0.101922 0
1.067258 0
0.420381 0
0.229429 0
0.728483 0
0.309536 0
0.164983 0
0.117231 0
0.465314 0
0.175625 0
0.219498 0
0.116359 0
0.307754 0
0.553527 0
0.185853 0
0.045436 0
0.036065 0
0.688518 0
0.463396 0
0.820740 0
0.130400 0
0.371366 0
0.011656 0
0.177240 0
0.642446 0
0.323505 0
0.109031 0
1.470037 0
0.001175 0
0.183340 0
0.169006 0
1.755213 0
0.918713 0
0.199061 0
0.754828 0
0.520112 0
0.242375 0
0.092950 0
0.240284 0
0.161018 0
0.123000 0
0.701020 0
0.954682 0
0.649394 0
0.161930 0
1.394136 0
1.288403 0
0.569432 0
0.314346 0
0.026529 0
0.207295 0
0.292751 0
0.279141 0
2.317992 0
0.614842 0
1.131604 0
0.119679 0
0.361671 0
0.440898 0
0.129447 0
0.351305 0
0.281369 0
0.170803 0
0.178971 0
1.073612 0
0.244488 0
0.136217 0
0.319396 0
1.036942 0
0.712410 0
0.713229 0
0.161352 0
0.733101 0
0.173008 0
0.483180 0
0.823544 0
0.616380 0
0.453263 0
0.212973 0
0.871923 0
0.110691 0
0.976606 0
0.086064 0
0.591410 0
0.072377 0
0.037986 0
1.182424 0
0.773724 0
1.188337 0
0.593112 0
0.151800 0
0.452226 0
0.012250 0
1.775614 0
0.249251 0
0.216327 0
0.042929 0
0.309598 0
1.261629 0
0.402455 0
0.795888 0
0.597690 0
0.147244 0
0.155441 0
0.106141 0
1.477115 0
0.023512 0
0.091088 0
0.028188 0
0.266073 0
0.088115 0
0.821485 0
0.469294 0
0.073697 0
1.677910 0
1.360155 0
0.512260 0
0.026147 0
0.558498 0
0.867940 0
0.006050 0
0.053683 0
0.601897 0
0.876259 0
0.924952 0
0.002471 0
0.806784 0
0.167590 0
0.595011 0
0.603024 0
1.027971 0
0.962951 0
0.087244 0
1.136813 0
0.157427 0
0.841292 0
0.377407 0
0.217286 0
0.686092 0
1.244178 0
0.145325 0
0.203448 0
0.124312 0
0.451758 0
0.701184 0
0.269474 0
1.886453 0
0.703368 0
0.393145 0
0.216970 0
0.288572 0
0.043396 0
0.573446 0
0.636662 0
0.625305 0
1.492812 0
0.145490 0
0.860696 0
1.557364 0
0.168303 0
0.219447 0
0.580958 0
0.103779 0
0.171811 0
0.382286 0
1.154750 0
0.147379 0
0.333367 0
0.578008 0
0.476372 0
0.291108 0
0.470975 0
0.192413 0
1.073711 0
0.032631 0
0.386270 0
0.224219 0
0.777973 0
0.152256 0
0.578621 0
0.922196 0
0.020753 0
0.253261 0
0.355809 0
0.630966 0
0.380089 0
0.209795 0
0.048149 0
0.255171 0
0.563100 0
0.511292 0
0.334019 0
0.816236 0
0.354109 0
0.384121 0
0.039694 0
0.302094 0
0.459952 0
1.565203 0
0.150146 0
0.017553 0
0.490544 0
1.040495 0
0.381440 0
0.235779 0
0.330857 0
1.362329 0
0.063078 0
0.321546 0
0.531914 0
1.529446 0
0.359350 0
1.495891 0
0.118556 0
0.353634 0
0.123717 0
1.039194 0
0.277130 0
0.766356 0
0.268578 0
0.762167 0
0.440815 0
0.548951 0
1.428620 0
0.069220 0
0.025831 0
0.011920 0
0.029482 0
0.697979 0
0.149670 0
0.848338 0
0.882859 0
0.871953 0
0.554772 0
0.341955 0
0.112777 0
0.322722 0
0.428413 0
1.179532 0
0.537062 0
0.044587 0
0.088174 0
0.583703 0
0.843786 0
0.420258 0
1.035464 0
0.565738 0
0.419813 0
0.408822 0
0.056162 0
0.278688 0
0.489907 0
0.358357 0
1.475799 0
0.224020 0
0.124066 0
0.184177 0
0.447014 0
0.280799 0
1.269435 0
0.019966 0
0.514657 0
0.345583 0
0.563708 0
0.790545 0
0.081832 0
0.381070 0
1.084072 0
0.019927 0
0.167052 0
1.416356 0
0.036535 0
1.121445 0
0.364851 0
0.080918 0
0.008511 0
0.111761 0
0.675494 0
0.568263 0
1.023753 0
0.091607 0
0.265323 0
0.227401 0
0.449859 0
0.331293 0
0.441676 0
1.106466 0
0.653597 0
0.293957 0
0.336243 0
0.161518 0
0.056421 0
1.479940 0
0.100868 0
0.055421 0
0.015646 0
0.388110 0
0.090965 0
0.517819 0
1.136720 0
1.418059 0
0.042644 0
0.732500 0
0.002672 0
0.692063 0
0.218909 0
1.154459 0
1.389180 0
1.456445 0
0.421913 0
1.303407 0
1.355066 0
0.972606 0
0.945070 0
0.089471 0
0.671182 0
0.118138 0
0.304398 0
0.074915 0
1.526334 0
0.190778 0
1.534612 0
0.115282 0
0.481449 0
0.067095 0
0.543596 0
0.914030 0
0.565646 0
0.389438 0
0.079189 0
0.311995 0
0.189405 0
0.702804 0
1.116412 0
1.378334 0
0.102294 0
0.020903 0
0.766722 0
0.659812 0
0.291550 0
0.263930 0
1.530887 0
0.240872 0
0.238423 0
0.886763 0
0.391093 0
0.817608 0
0.044336 0
0.548743 0
0.461556 0
0.310634 0
0.165817 0
1.519941 0
0.044104 0
0.286096 0
0.126968 0
0.030226 0
0.198036 0
0.325940 0
0.120852 0
0.594179 0
0.597645 0
0.352847 0
0.019746 0
0.323457 0
0.478514 0
0.401305 0
0.193236 0
0.545103 0
0.333096 0
0.319022 0
0.294936 0
0.420928 0
0.908049 0
0.448057 0
0.328804 0
0.476549 0
0.210876 0
0.024935 0
0.146829 0
0.098676 0
0.222841 0
0.066568 0
1.468168 0
0.029192 0
0.329778 0
0.061169 0
1.401897 0
0.746198 0
0.101959 0
0.690081 0
0.904871 0
0.132235 0
0.020134 0
0.616978 0
0.020183 0
0.348233 0
1.099551 0
0.665127 0
0.314435 0
0.094712 0
0.224136 0
0.666427 0
0.166745 0
0.209781 0
0.337050 0
0.062921 0
0.461405 0
0.668217 0
1.215185 0
0.633371 0
0.989508 0
0.637736 0
0.865439 0
0.614631 0
0.127532 0
0.653808 0
0.756985 0
0.737294 0
0.323995 0
1.360788 0
0.158032 0
0.041475 0
0.927817 0
0.131883 0
0.372375 0
0.117297 0
1.606358 0
0.245445 0
0.371823 0
0.164374 0
0.201489 0
0.405502 0
0.041718 0
0.027909 0
0.319261 0
0.510603 0
0.167782 0
0.467635 0
0.424694 0
0.397485 0
1.193847 0
0.513962 0
0.101881 0
0.838876 0
0.259276 0
0.219351 0
0.414990 0
0.372506 0
0.128033 0
0.124241 0
0.108654 0
0.015080 0
0.730866 0
0.953982 0
0.029191 0
0.876028 0
0.067332 0
0.071120 0
0.837845 0
0.598448 0
1.530010 0
0.832033 0
0.507445 0
0.560873 0
0.327850 0
0.128471 0
0.349013 0
0.484812 0
1.206905 0
0.583050 0
0.121831 0
0.219203 0
0.833875 0
0.171931 0
0.274963 0
0.123610 0
0.681874 0
2.062745 0
0.396341 0
0.431594 0
0.307842 0
0.411898 0
0.625645 0
1.000973 0
0.056342 0
0.785192 0
1.462226 0
1.448342 0
0.543106 0
0.355199 0
1.372568 0
0.068054 0
1.352364 0
0.795682 0
0.211516 0
0.188584 0
0.067316 0
0.010936 0
0.396088 0
1.314244 0
0.257331 0
1.512038 0
0.184582 0
0.270877 0
0.202962 0
0.450821 0
0.484231 0
0.564993 0
0.533043 0
0.004207 0
0.275174 0
0.049350 0
0.012882 0
0.247185 0
0.658572 0
1.397277 0
0.634058 0
0.470157 0
0.387664 0
0.098733 0
0.136138 0
0.176508 0
0.126580 0
0.703679 0
0.443266 0
0.473652 0
0.153562 0
0.346832 0
0.256962 0
0.396975 0
0.832990 0
0.302876 0
0.512432 0
0.135270 0
0.749276 0
0.113784 0
1.004397 0
1.364600 0
1.430547 0
0.311332 0
0.127530 0
0.442582 0
0.263637 0
0.449933 0
1.246767 0
0.938100 0
0.633584 0
1.404931 0
0.582187 0
0.058475 0
0.203239 0
0.306205 0
0.410000 0
0.156742 0
1.639453 0
0.072529 0
0.687404 0
1.888110 0
0.565999 0
0.646319 0
0.078505 0
0.304818 0
0.765183 0
0.124206 0
0.037137 0
0.109668 0
0.220306 0
0.375832 0
0.026911 0
0.238781 0
0.273542 0
0.175762 0
1.357821 0
0.243853 0
0.402917 0
0.076246 0
0.412160 0
0.581171 0
0.661293 0
0.402381 0
0.543048 0
0.191879 0
0.022896 0
0.649602 0
0.289726 0
0.047341 0
0.382171 0
0.190561 0
0.011347 0
0.281352 0
0.149831 0
0.143269 0
0.793311 0
0.221411 0
0.091488 0
0.364067 0
0.535465 0
1.252876 0
0.049320 0
0.054846 0
0.256688 0
0.203249 0
0.637756 0
0.337658 0
0.403060 0
0.202630 0
1.678426 0
0.335644 0
0.317007 0
0.206940 0
1.433580 0
0.073303 0
0.029790 0
1.442447 0
0.318768 0
0.025508 0
1.169969 0
0.276583 0
1.431974 0
0.492014 0
0.756330 0
0.684952 0
0.422115 0
0.211868 0
0.132420 0
0.278025 0
1.670460 0
0.447520 0
0.266208 0
1.158319 0
1.377367 0
0.350491 0
0.910365 0
0.559000 0
0.356424 0
1.565792 0
0.568094 0
0.127707 0
0.170811 0
0.652400 0
0.039656 0
0.822466 0
0.074791 0
0.243558 0
0.563408 0
0.712766 0
0.913556 0
0.151393 0
1.168173 0
0.356316 0
0.544437 0
0.962455 0
0.394773 0
0.271119 0
0.182564 0
0.496010 0
0.189607 0
0.007140 0
1.139484 0
1.102365 0
0.459199 0
0.954027 0
0.426100 0
1.215218 0
1.330896 0
0.760588 0
0.413593 0
0.089374 0
0.108308 0
0.053195 0
0.468456 0
0.712540 0
0.120235 0
0.738978 0
1.508930 0
0.733452 0
0.170050 0
0.141631 0
0.429932 0
1.544811 0
0.190405 0
0.224377 0
0.431619 0
0.813294 0
0.870982 0
0.736883 0
0.220801 0
0.689512 0
0.816630 0
0.478547 0
0.025978 0
0.166684 0
0.061184 0
1.023065 0
0.849682 0
0.238267 0
0.261100 0
1.388204 0
0.014440 0
0.536914 0
0.426667 0
0.640869 0
0.033534 0
0.180812 0
0.487012 0
1.124125 0
0.014064 0
0.953668 0
1.523205 0
0.427856 0
0.528042 0
1.142875 0
1.035810 0
0.484523 0
0.974699 0
0.516902 0
0.187015 0
0.705567 0
0.200719 0
0.469788 0
0.159401 0
0.465626 0
0.094796 0
1.218921 0
1.077831 0
0.861096 0
0.145349 0
0.065424 0
0.613167 0
0.703870 0
0.376935 0
1.312719 0
0.088488 0
0.051550 0
0.755689 0
0.549437 0
0.436633 0
0.017408 0
1.168864 0
0.781712 0
0.049550 0
0.407407 0
0.259143 0
0.161816 0
0.325654 0
1.522829 0
0.104211 0
0.288207 0
0.085193 0
0.158653 0
0.565705 0
0.188254 0
0.043528 0
0.236803 0
0.689022 0
0.416316 0
0.611093 0
1.023119 0
0.058226 0
0.070696 0
0.636545 0
0.006608 0
0.401844 0
1.306630 0
2.057071 0
0.313130 0
0.342369 0
1.190199 0
0.446674 0
0.701689 0
0.173305 0
1.159279 0
0.173004 0
0.203825 0
0.891448 0
0.374007 0
0.051644 0
0.347652 0
0.821084 0
0.556631 0
0.349869 0
0.347506 0
0.526199 0
0.001365 0
0.579743 0
1.209990 0
0.047821 0
0.004398 0
0.106517 0
0.046257 0
0.658643 0
1.419659 0
0.399260 0
0.500798 0
0.958711 0
0.152367 0
0.848156 0
1.009151 0
0.320620 0
0.215925 0
0.308901 0
0.844996 0
0.221034 0
0.313811 0
0.118749 0
0.799356 0
0.723589 0
0.390346 0
0.186245 0
0.415951 0
1.164988 0
0.060897 0
1.027161 0
0.108700 0
0.136413 0
0.047922 0
0.121750 0
0.294956 0
0.192179 0
0.445632 0
0.022902 0
0.101791 0
0.087306 0
0.037121 0
1.331434 0
0.817325 0
0.151176 0
0.809312 0
0.398936 0
0.025670 0
0.066194 0
0.251108 0
0.623863 0
0.615261 0
0.156173 0
1.172340 0
1.002244 0
0.380476 0
0.151929 0
0.012659 0
0.437697 0
0.110897 0
1.017014 0
1.458382 0
0.442606 0
0.316317 0
0.503126 0
0.853898 0
0.343358 0
0.169775 0
0.287674 0
0.266338 0
1.417895 0
0.107557 0
0.691559 0
0.315577 0
0.010407 0
0.377716 0
0.054999 0
0.284189 0
0.006239 0
0.550035 0
0.172710 0
0.409065 0
0.034544 0
0.778559 0
0.848040 0
0.972325 0
0.427395 0
0.581029 0
1.004958 0
0.200855 0
0.110313 0
0.033983 0
0.103155 0
0.353315 0
0.753648 0
0.444219 0
0.690286 0
0.522859 0
1.143987 0
0.124469 0
0.155980 0
0.554823 0
1.696790 0
0.035678 0
0.166852 0
0.052530 0
0.264662 0
0.338534 0
0.224710 0
0.130316 0
0.805386 0
0.928913 0
0.021419 0
0.704344 0
1.304397 0
0.306936 0
0.187618 0
0.491055 0
0.706107 0
0.406049 0
0.068849 0
0.623328 0
0.000393 0
1.019204 0
0.127284 0
1.537129 0
0.110261 0
0.122482 0
0.166999 0
1.702466 0
0.334765 0
0.919375 0
0.440819 0
0.264151 0
0.385534 0
0.600167 0
0.085971 0
0.084161 0
0.282368 0
1.417479 0
0.639375 0
1.103404 0
0.142506 0
1.218623 0
0.651291 0
0.197447 0
0.657288 0
0.661189 0
0.308002 0
0.396951 0
0.104161 0
0.972310 0
0.498689 0
0.483149 0
0.637826 0
0.364413 0
0.081626 0
1.510891 0
0.017836 0
0.954145 0
0.119665 0
0.528317 0
0.965951 0
0.139637 0
0.467256 0
0.959473 0
0.017855 0
0.048001 0
2.127975 0
0.779202 0
0.394422 0
0.817922 0
0.531423 0
0.244766 0
0.062743 0
0.591168 0
0.018901 0
0.361090 0
0.502936 0
0.125522 0
1.486974 0
0.269550 0
0.245239 0
0.088912 0
0.281302 0
0.790051 0
0.577217 0
0.303962 0
1.455305 0
0.102003 0
0.485538 0
0.029592 0
0.589107 0
0.416457 0
0.812911 0
0.197298 0
1.727984 0
0.167126 0
0.518201 0
0.338143 0
0.486384 0
0.186574 0
0.296959 0
0.725350 0
0.271416 0
0.292875 0
1.247600 0
0.407269 0
0.830616 0
0.531377 0
0.823237 0
1.031814 0
0.109031 0
0.396779 0
0.507938 0
0.294129 0
0.565418 0
0.635588 0
0.586913 0
0.009797 0
0.113986 0
0.043126 0
0.074426 0
0.772123 0
0.211984 0
0.290556 0
0.009238 0
0.360813 0
0.979654 0
0.237772 0
0.205620 0
1.073487 0
0.590882 0
0.148157 0
0.877579 0
0.295908 0
0.375505 0
0.755328 0
0.479057 0
1.500069 0
0.043831 0
0.022011 0
0.400775 0
0.230632 0
0.251447 0
0.395144 0
0.171550 0
0.744057 0
0.518632 0
0.981638 0
0.656867 0
0.053603 0
0.240949 0
0.076067 0
1.058957 0
0.094428 0
0.017514 0
1.198592 0
1.513614 0
0.237592 0
0.040632 0
0.015601 0
0.401487 0
1.202973 0
1.626555 0
1.797047 0
1.027564 0
0.438248 0
0.165776 0
1.291170 0
0.467863 0
0.291885 0
0.040105 0
0.043857 0
0.304392 0
0.111861 0
0.008110 0
0.414276 0
0.231837 0
0.171540 0
0.308636 0
0.819953 0
1.835971 0
0.908913 0
0.094991 0
0.228003 0
1.543274 0
0.263822 0
1.545390 0
0.050269 0
0.680913 0
0.041054 0
0.660837 0
0.198338 0
0.918331 0
0.467631 0
0.128145 0
0.981301 0
0.058760 0
0.150856 0
0.382100 0
0.495247 0
0.435768 0
0.734643 0
0.015319 0
0.096242 0
0.012971 0
0.112148 0
0.848213 0
0.382483 0
0.536078 0
0.586999 0
0.116027 0
0.305660 0
0.161529 0
0.386075 0
0.307583 0
0.019677 0
0.914363 0
0.075574 0
0.388295 0
0.294092 0
1.237571 0
0.419342 0
0.295380 0
1.056411 0
0.143071 0
0.167018 0
0.219522 0
0.063013 0
0.655556 0
0.278071 0
0.629345 0
1.013206 0
0.288017 0
0.523437 0
0.061311 0
0.261027 0
0.637552 0
0.089447 0
0.253251 0
0.428467 0
0.270860 0
0.893540 0
0.056453 0
0.175973 0
0.917163 0
0.338384 0
0.963462 0
0.015392 0
0.170571 0
1.250984 0
1.464522 0
0.263749 0
0.834607 0
0.298716 0
0.800308 0
0.678601 0
0.102814 0
1.366131 0
0.837484 0
0.149238 0
0.287078 0
0.143762 0
0.346556 0
1.254357 0
0.816465 0
0.284538 0
0.019886 0
1.285420 0
0.310959 0
0.142482 0
0.597933 0
0.250971 0
0.150095 0
0.197379 0
0.037009 0
0.995771 0
0.279556 0
1.353065 0
0.048900 0
0.185006 0
0.419706 0
0.934832 0
1.009858 0
0.541995 0
0.440654 0
1.782091 0
0.556133 0
0.948483 0
0.137996 0
0.196595 0
0.052863 0
0.014556 0
0.605952 0
0.807464 0
0.794850 0
0.181161 0
1.273270 0
0.804204 0
0.345026 0
0.103477 0
0.113155 0
0.175448 0
0.517147 0
1.411944 0
0.612395 0
0.434608 0
0.279301 0
0.205005 0
0.032472 0
0.315921 0
0.073955 0
0.416625 0
0.191211 0
0.221548 0
0.919554 0
0.979477 0
0.419322 0
0.918429 0
1.017811 0
0.353313 0
0.399644 0
0.362705 0
0.197890 0
0.981716 0
1.107264 0
0.145728 0
0.844150 0
1.243665 0
0.292585 0
1.158271 0
0.186315 0
0.401544 0
0.071757 0
0.471022 0
0.275953 0
0.770338 0
0.451013 0
1.414728 0
1.143373 0
0.115595 0
0.263708 0
1.081555 0
0.244723 0
0.262692 0
0.037411 0
1.546358 0
0.939334 0
0.091655 0
0.112895 0
0.038576 0
0.428606 0
1.286797 0
0.068342 0
0.184693 0
0.553672 0
0.049058 0
0.046879 0
0.156344 0
0.632407 0
0.041478 0
0.630375 0
0.256470 0
0.193842 0
0.011046 0
1.240529 0
1.459657 0
0.074322 0
1.039429 0
1.480099 0
0.434013 0
0.540921 0
0.165838 0
0.758558 0
0.717929 0
0.111503 0
0.101980 0
0.992068 0
0.602067 0
0.971505 0
0.149047 0
0.316558 0
0.030691 0
0.163834 0
0.276996 0
0.092681 0
0.940635 0
0.598340 0
0.795118 0
0.153221 0
0.051493 0
0.685861 0
0.797538 0
0.529190 0
0.277843 0
0.222354 0
0.881551 0
0.117941 0
0.257118 0
0.216450 0
0.983545 0
0.128035 0
0.926938 0
0.406061 0
0.127658 0
0.304279 0
0.196679 0
0.362208 0
0.309408 0
0.104870 0
0.112627 0
0.455939 0
0.309396 0
0.514751 0
0.966457 0
0.329712 0
0.023656 0
0.041669 0
0.558193 0
0.448154 0
0.291333 0
0.368603 0
0.009806 0
1.388952 0
0.699110 0
0.059278 0
0.413061 0
0.332206 0
0.473574 0
0.559349 0
0.179553 0
0.150921 0
0.119092 0
0.574922 0
0.233384 0
0.206547 0
1.294628 0
0.295263 0
0.903129 0
0.144792 0
0.168288 0
0.118193 0
0.294078 0
0.531549 0
1.390115 0
0.310345 0
0.262139 0
0.077324 0
0.081770 0
0.091731 0
0.071614 0
1.568305 0
0.181467 0
0.328069 0
0.025466 0
0.326110 0
0.219445 0
0.419391 0
0.233375 0
0.232585 0
0.532381 0
0.017382 0
0.678463 0
0.072451 0
0.303129 0
0.529036 0
0.416961 0
0.471515 0
0.211093 0
1.152239 0
0.437630 0
0.142378 0
0.231788 0
0.222253 0
0.051931 0
0.270876 0
0.576660 0
0.010738 0
0.663781 0
0.926049 0
0.793021 0
0.172159 0
0.791245 0
0.831076 0
0.349524 0
0.430641 0
0.477102 0
0.059317 0
0.568318 0
0.058382 0
0.481613 0
0.420791 0
0.886909 0
0.657800 0
0.359361 0
0.009055 0
0.054703 0
1.420338 0
0.372848 0
0.456047 0
0.055298 0
0.288578 0
0.323592 0
0.165478 0
0.349393 0
0.376600 0
0.887958 0
0.734508 0
0.295575 0
0.164413 0
0.348169 0
0.304551 0
0.388824 0
0.280897 0
0.067274 0
0.186636 0
1.465755 0
0.083879 0
0.169291 0
0.393926 0
0.373419 0
0.255659 0
1.278748 0
0.106321 0
0.623015 0
0.930538 0
1.652764 0
0.391738 0
0.040664 0
0.694548 0
0.027145 0
0.921348 0
1.367138 0
0.132742 0
1.364579 0
0.139879 0
0.073824 0
0.148557 0
0.671157 0
0.184585 0
0.132152 0
0.797793 0
0.383889 0
2.205707 0
1.006697 0
1.715414 0
0.216163 0
1.561019 0
1.101478 0
0.286626 0
0.252356 0
0.533179 0
0.163267 0
0.179015 0
0.523002 0
0.293607 0
0.156784 0
0.205990 0
0.557674 0
0.646865 0
0.131319 0
0.407697 0
0.061425 0
0.477126 0
0.517751 0
0.461421 0
0.132344 0
0.784318 0
0.325266 0
0.078166 0
0.172506 0
0.149036 0
0.475501 0
0.302210 0
1.949916 0
0.487251 0
0.381288 0
0.141216 0
1.041027 0
0.477694 0
0.292544 0
0.325160 0
0.061634 0
1.469194 0
0.114886 0
0.372653 0
1.388522 0
0.044368 0
0.753698 0
0.427763 0
0.428318 0
0.059512 0
0.112329 0
0.164883 0
0.792102 0
0.649374 0
0.329701 0
0.263806 0
0.371436 0
0.296563 0
0.106759 0
0.030379 0
0.174932 0
1.144717 0
1.049145 0
1.395315 0
0.073711 0
0.348642 0
0.244353 0
0.149604 0
0.474026 0
0.155067 0
0.214570 0
0.301107 0
0.959996 0
1.204361 0
0.059685 0
0.434234 0
0.245957 0
0.550295 0
0.103432 0
1.119001 0
0.273927 0
0.520859 0
0.482721 0
0.179273 0
0.411631 0
0.089903 0
0.215862 0
0.077890 0
1.991283 0
1.013901 0
1.324671 0
0.295038 0
0.941848 0
0.665095 0
1.090139 0
1.362721 0
0.763203 0
0.200036 0
0.002052 0
1.820345 0
0.638005 0
0.275205 0
0.147107 0
0.657679 0
0.013172 0
0.064437 0
0.090493 0
0.530130 0
0.692092 0
0.133722 0
0.586766 0
0.013549 0
1.665997 0
0.425975 0
0.486851 0
0.772272 0
0.903472 0
0.256611 0
0.809304 0
1.334867 0
1.124242 0
0.388826 0
1.678128 0
0.021491 0
0.299250 0
0.054891 0
0.075348 0
0.114013 0
0.269965 0
0.364012 0
0.089818 0
0.629100 0
0.069210 0
0.689501 0
0.107595 0
0.013589 0
0.849323 0
0.257247 0
0.196161 0
0.641532 0
0.074498 0
0.226827 0
1.573920 0
0.015569 0
0.205312 0
0.017550 0
1.704646 0
0.383195 0
0.245861 0
0.437625 0
0.313919 0
0.143808 0
1.121097 0
0.282299 0
0.749213 0
0.230936 0
0.338961 0
0.344889 0
0.367371 0
0.243059 0
0.264933 0
0.429306 0
0.260468 0
0.043850 0
0.037938 0
0.367521 0
0.186844 0
0.156982 0
0.587692 0
1.302719 0
0.149839 0
0.356049 0
0.194463 0
0.083315 0
0.017651 0
0.424322 0
0.115288 0
0.052094 0
0.679887 0
0.266106 0
0.401571 0
0.619163 0
0.471617 0
0.230947 0
0.480545 0
0.506485 0
0.289938 0
0.586300 0
0.413086 0
0.093548 0
0.280047 0
0.093678 0
1.636028 0
0.100666 0
1.206394 0
1.393094 0
0.097581 0
0.634669 0
0.165098 0
1.479782 0
0.982845 0
0.534225 0
0.522796 0
0.417012 0
0.902263 0
0.284162 0
0.388636 0
0.762022 0
0.067693 0
1.519170 0
0.369431 0
0.158274 0
0.796011 0
1.462350 0
0.166303 0
0.151779 0
0.883003 0
0.357254 0
0.128370 0
0.188255 0
0.040316 0
0.640167 0
0.918646 0
0.185124 0
0.030518 0
0.381390 0
0.124313 0
0.695229 0
0.065444 0
0.242946 0
0.820229 0
0.601749 0
0.078532 0
0.020795 0
0.143875 0
0.614546 0
1.006590 0
0.047899 0
0.940504 0
0.822040 0
0.404308 0
0.393216 0
0.187863 0
0.421072 0
1.122530 0
0.260954 0
0.056734 0
0.313449 0
0.174972 0
1.449873 0
1.396788 0
0.594332 0
0.300675 0
0.147305 0
0.220011 0
0.038308 0
0.298968 0
0.033764 0
0.456077 0
0.034981 0
0.177493 0
0.524158 0
0.774695 0
0.019866 0
0.460168 0
0.354998 0
0.708359 0
0.879686 0
1.497485 0
0.322717 0
1.320050 0
0.633142 0
0.073645 0
0.196501 0
0.970521 0
0.581729 0
0.580127 0
1.212308 0
0.983558 0
0.072527 0
0.486346 0
0.226170 0
0.307997 0
0.514986 0
0.682152 0
0.106369 0
0.186507 0
0.836346 0
0.004190 0
0.076567 0
0.951688 0
0.066710 0
0.117417 0
0.652839 0
1.325254 0
0.019451 0
0.432581 0
0.921328 0
0.288254 0
1.391366 0
1.381827 0
0.704660 0
0.294476 0
1.357140 0
0.264666 0
0.710177 0
0.204572 0
0.482233 0
0.440059 0
0.650624 0
1.449008 0
0.180349 0
0.350567 0
0.359109 0
0.367987 0
1.071278 0
1.086563 0
0.155644 0
0.136558 0
0.339338 0
0.407988 0
1.220415 0
0.070006 0
0.722341 0
0.178354 0
0.717443 0
0.521293 0
0.506874 0
0.312997 0
0.586075 0
0.177156 0
0.773391 0
0.044941 0
0.448630 0
0.099358 0
0.152822 0
0.270389 0
0.039257 0
1.236983 0
0.333818 0
0.533307 0
0.038386 0
0.504789 0
0.216926 0
1.745185 0
0.127212 0
0.135555 0
0.658221 0
1.505600 0
0.781875 0
1.582922 0
0.146584 0
2.036244 0
0.475762 0
0.400919 0
1.380953 0
0.562373 0
0.229105 0
0.520989 0
0.363723 0
1.454991 0
0.042884 0
0.347806 0
0.398240 0
0.992154 0
0.383569 0
0.026869 0
0.155536 0
1.206718 0
0.651702 0
0.076693 0
0.114894 0
0.305905 0
0.226001 0
0.042717 0
0.397584 0
0.617804 0
0.844136 0
0.777087 0
0.157888 0
0.268662 0
1.326006 0
0.050406 0
0.060170 0
0.014005 0
0.957431 0
0.555125 0
0.166893 0
0.314389 0
0.263814 0
1.207997 0
0.096571 0
0.061324 0
0.293071 0
0.035543 0
0.628474 0
1.390873 0
1.630120 0
0.634849 0
0.088495 0
1.056062 0
0.547524 0
0.959179 0
0.188717 0
0.660981 0
0.035155 0
0.628372 0
1.363321 0
0.026158 0
0.151844 0
0.386457 0
0.262870 0
0.804325 0
1.348143 0
0.369862 0
0.081474 0
0.019673 0
0.179951 0
0.411132 0
0.139024 0
0.198009 0
0.217684 0
1.389623 0
0.359740 0
0.165409 0
0.474610 0
0.628335 0
0.746680 0
0.501235 0
0.790494 0
1.590569 0
0.892274 0
0.164278 0
0.530215 0
0.933591 0
0.278809 0
0.087740 0
0.248475 0
0.303824 0
0.423953 0
0.962147 0
0.209973 0
0.554446 0
0.709008 0
0.798297 0
0.431960 0
0.176732 0
0.118180 0
0.169836 0
0.096383 0
0.368593 0
0.257559 0
2.157050 0
0.375598 0
0.236714 0
0.985260 0
0.020397 0
0.787037 0
1.383555 0
0.377844 0
0.335750 0
0.522986 0
1.414275 0
0.099766 0
0.513815 0
0.119130 0
0.610360 0
0.094776 0
0.039106 0
0.281270 0
0.630626 0
0.082552 0
0.062469 0
0.948828 0
0.905523 0
0.239184 0
1.430021 0
0.205385 0
1.367173 0
0.495165 0
0.808745 0
0.467094 0
1.979390 0
0.679072 0
0.386252 0
0.269233 0
0.178525 0
0.188429 0
0.339219 0
0.123839 0
0.031130 0
0.460335 0
0.027291 0
0.489306 0
0.072048 0
0.299922 0
0.793662 0
0.022742 0
0.386864 0
0.443934 0
0.855080 0
0.243335 0
0.981796 0
0.395169 0
0.056897 0
0.707503 0
0.791164 0
0.067114 0
0.053048 0
0.616111 0
0.257531 0
0.413890 0
0.913429 0
0.195392 0
0.449046 0
0.306742 0
0.691940 0
0.372896 0
0.254133 0
0.729543 0
0.823295 0
0.438600 0
0.898739 0
0.151157 0
0.734817 0
0.176521 0
0.860754 0
0.562607 0
0.388156 0
0.456788 0
0.500333 0
0.833270 0
0.627863 0
0.242962 0
0.377239 0
1.705740 0
0.325669 0
1.396032 0
0.415312 0
0.107814 0
0.314132 0
0.376064 0
0.467231 0
0.414920 0
0.299185 0
0.302606 0
0.186491 0
0.723140 0
0.293181 0
0.066910 0
1.436744 0
0.276739 0
1.462111 0
1.556481 0
0.118662 0
0.590708 0
0.025248 0
0.792841 0
0.602238 0
0.070420 0
0.078895 0
0.519504 0
0.269516 0
0.132476 0
0.065922 0
0.031910 0
0.177571 0
0.137039 0
0.141312 0
0.023704 0
1.322168 0
0.688287 0
0.103948 0
0.254974 0
1.324178 0
0.218942 0
1.363357 0
1.457414 0
0.472276 0
0.352849 0
0.301467 0
0.018895 0
0.668677 0
0.089964 0
0.017670 0
0.647902 0
0.589766 0
0.633292 0
0.078195 0
0.307253 0
0.021771 0
0.912851 0
0.160970 0
0.118400 0
0.091863 0
1.146454 0
0.408648 0
0.590065 0
0.574737 0
0.774778 0
0.463094 0
0.268932 0
0.478639 0
1.470784 0
0.247686 0
0.457409 0
0.206583 0
0.264352 0
0.084371 0
0.134482 0
0.062455 0
0.792020 0
0.755225 0
1.246962 0
0.065345 0
0.230963 0
0.632587 0
0.364995 0
1.512550 0
0.100630 0
1.211824 0
0.336776 0
0.099316 0
0.147989 0
0.270703 0
0.617133 0
0.517548 0
0.646083 0
0.110347 0
0.187058 0
0.953315 0
1.100121 0
0.744865 0
0.080182 0
0.600774 0
0.453314 0
0.066978 0
0.336602 0
0.661215 0
1.405810 0
0.452220 0
0.925577 0
0.653826 0
0.926367 0
0.347661 0
0.549466 0
0.413663 0
0.844251 0
0.063459 0
0.384348 0
0.165593 0
0.447062 0
0.034629 0
1.061979 0
0.120255 0
1.173436 0
0.163790 0
1.094690 0
0.043035 0
0.309222 0
0.153590 0
0.219345 0
0.074709 0
0.257075 0
0.972098 0
0.039574 0
0.555209 0
0.593058 0
0.157396 0
0.197426 0
0.154148 0
0.111006 0
0.273103 0
0.173015 0
0.151377 0
0.016353 0
0.376294 0
0.288859 0
1.004526 0
0.239296 0
0.249678 0
0.194724 0
0.378013 0
0.769546 0
0.915986 0
0.524382 0
0.365870 0
0.421245 0
0.237878 0
0.102897 0
0.367971 0
0.056056 0
0.240313 0
1.678014 0
0.244287 0
0.004913 0
0.227549 0
0.326826 0
0.559910 0
0.368298 0
0.898432 0
1.761103 0
1.406755 0
0.029016 0
0.268774 0
0.417522 0
0.426323 0
0.218035 0
0.117675 0
0.206718 0
0.632049 0
0.165490 0
0.449300 0
0.897058 0
0.051457 0
0.059799 0
0.752509 0
0.008488 0
0.178767 0
1.166499 0
0.369409 0
1.400844 0
0.005007 0
1.383469 0
1.402804 0
0.499492 0
1.531832 0
0.062705 0
0.711809 0
0.275670 0
0.845357 0
0.205594 0
0.975637 0
0.019032 0
0.351331 0
0.168197 0
0.042756 0
0.830542 0
0.966592 0
0.078806 0
0.410685 0
0.897319 0
0.660792 0
0.308127 0
1.417134 0
0.238673 0
0.112103 0
1.395280 0
0.248437 0
0.407967 0
0.243159 0
0.423388 0
0.732853 0
0.260032 0
0.225785 0
0.419085 0
0.530801 0
0.374538 0
0.133335 0
0.173603 0
0.610282 0
0.463145 0
1.082677 0
0.166758 0
0.647382 0
0.204335 0
0.226478 0
0.817917 0
0.750125 0
0.045835 0
0.272190 0
0.275627 0
0.382241 0
1.241179 0
0.897875 0
0.609487 0
0.274216 0
1.628200 0
0.850627 0
0.060292 0
0.049330 0
0.629268 0
1.265666 0
0.926935 0
0.141139 0
0.550584 0
0.074719 0
1.226052 0
0.145851 0
0.105499 0
1.054585 0
0.314883 0
0.034835 0
0.531743 0
0.750288 0
0.709705 0
1.345660 0
0.809909 0
1.446706 0
0.005016 0
0.254225 0
0.834157 0
1.483854 0
0.076028 0
1.214599 0
0.851455 0
0.356537 0
0.156036 0
0.168756 0
0.316744 0
0.050307 0
0.307565 0
0.270642 0
0.350752 0
0.348011 0
0.621149 0
0.419834 0
0.209589 0
0.210903 0
0.034182 0
0.433056 0
0.119707 0
0.717565 0
0.121975 0
0.712432 0
0.712152 0
0.088676 0
0.127636 0
0.504024 0
0.277932 0
0.131080 0
0.198288 0
0.492671 0
0.291557 0
0.808970 0
0.406918 0
0.007757 0
0.222164 0
1.190907 0
0.401545 0
0.152568 0
1.471813 0
0.292090 0
1.224347 0
1.391207 0
0.161160 0
0.238453 0
0.170313 0
0.094895 0
0.405423 0
0.818413 0
1.409392 0
1.444748 0
0.428990 0
0.106137 0
1.557124 0
0.336924 0
0.722851 0
1.449120 0
0.112309 0
0.128130 0
0.034342 0
0.063117 0
0.912896 0
0.203170 0
0.652860 0
0.435080 0
0.553248 0
0.250896 0
0.060034 0
0.225931 0
0.047394 0
1.641703 0
0.699111 0
0.816626 0
0.437216 0
0.572578 0
1.157388 0
0.179836 0
0.886643 0
0.252439 0
0.327431 0
0.270292 0
0.762523 0
0.846821 0
0.025064 0
0.404799 0
0.161922 0
0.339870 0
0.110856 0
0.141372 0
0.055426 0
0.168242 0
1.129713 0
1.400588 0
0.263398 0
0.086811 0
0.147244 0
0.536771 0
0.188073 0
0.261923 0
0.898008 0
0.651650 0
0.395472 0
0.249613 0
0.566242 0
0.098536 0
0.558064 0
0.194160 0
0.839722 0
0.445996 0
0.101335 0
0.120502 0
0.685962 0
0.054581 0
0.043562 0
0.657950 0
0.392333 0
0.147443 0
0.250283 0
0.120879 0
1.372959 0
0.035712 0
0.554839 0
0.284049 0
0.517075 0
1.327073 0
1.246356 0
0.813885 0
0.039790 0
0.957021 0
0.466790 0
1.032404 0
1.168242 0
1.541095 0
0.439611 0
0.540466 0
0.586484 0
0.284646 0
0.177969 0
1.571674 0
0.897460 0
0.187828 0
0.252774 0
0.999437 0
0.407165 0
0.160330 0
0.251723 0
0.328611 0
0.165454 0
0.412157 0
0.072341 0
0.039066 0
0.074201 0
0.381503 0
0.263930 0
0.704247 0
0.263548 0
0.330398 0
0.913082 0
0.069010 0
0.229203 0
0.319640 0
0.294496 0
0.571174 0
0.137966 0
0.089348 0
0.082355 0
0.624177 0
0.360088 0
0.280055 0
0.595605 0
0.626707 0
0.362142 0
0.528340 0
1.380550 0
0.168620 0
0.615567 0
0.270767 0
0.267306 0
0.120982 0
0.312062 0
1.176501 0
0.857215 0
0.929878 0
0.430685 0
0.275684 0
0.158169 0
1.055920 0
1.515224 0
0.049979 0
1.360052 0
0.362532 0
0.113739 0
0.677445 0
0.197303 0
0.563829 0
1.649872 0
0.638406 0
0.014580 0
0.083601 0
1.364745 0
0.907342 0
0.765981 0
0.131932 0
1.437408 0
0.169311 0
0.469921 0
0.617446 0
0.731244 0
0.164655 0
0.704671 0
0.024913 0
0.007572 0
0.347087 0
0.006859 0
0.056198 0
0.059829 0
0.183855 0
0.333412 0
0.443733 0
1.430655 0
0.022844 0
0.016892 0
1.540702 0
0.167651 0
0.346133 0
0.297080 0
0.281295 0
0.695972 0
0.651551 0
0.454644 0
0.369048 0
0.971180 0
0.056124 0
0.048263 0
0.593064 0
0.426684 0
0.734694 0
0.405796 0
0.686054 0
0.463920 0
0.729527 0
0.508814 0
0.507422 0
0.110897 0
0.105141 0
0.825327 0
1.311976 0
0.186633 0
0.385643 0
0.470414 0
0.321832 0
0.411565 0
1.383628 0
0.126837 0
0.182086 0
0.419896 0
1.462372 0
0.381928 0
0.781876 0
1.230237 0
0.019040 0
0.593697 0
1.449279 0
0.153000 0
0.062132 0
0.098765 0
0.400133 0
0.532467 0
1.678018 0
0.948319 0
1.208996 0
0.273066 0
0.803456 0
0.032407 0
0.600977 0
0.059741 0
0.057839 0
1.363830 0
0.192421 0
0.495836 0
0.345270 0
0.007858 0
0.741611 0
0.048178 0
0.201419 0
0.600437 0
0.124409 0
0.189556 0
0.444592 0
0.317111 0
0.330253 0
0.473081 0
0.432245 0
0.092237 0
0.312234 0
0.157163 0
0.429932 0
0.045052 0
0.066071 0
1.056324 0
0.023883 0
0.062756 0
0.027325 0
0.096190 0
0.134086 0
0.112202 0
0.154121 0
0.776620 0
0.400501 0
0.890902 0
1.136934 0
1.322877 0
0.164730 0
1.489504 0
0.367947 0
0.265888 0
0.781725 0
0.605939 0
0.815118 0
0.496318 0
1.796421 0
0.380755 0
0.844908 0
0.826842 0
0.344849 0
0.427775 0
0.431098 0
1.308159 0
0.051421 0
0.498707 0
0.288545 0
0.000106 0
1.124458 0
1.408920 0
0.762660 0
0.248659 0
0.109888 0
1.123050 0
1.237188 0
0.379221 0
0.427125 0
0.910539 0
0.244164 0
0.754496 0
0.901816 0
0.074192 0
0.887470 0
0.270766 0
0.418491 0
0.168951 0
0.537799 0
0.602551 0
0.706951 0
0.126503 0
0.272524 0
1.156562 0
0.246275 0
1.309516 0
2.127269 0
0.632131 0
0.107495 0
0.301245 0
0.060231 0
0.272331 0
0.243588 0
0.145667 0
0.156681 0
0.804414 0
0.698454 0
1.394105 0
0.443334 0
0.278923 0
0.123936 0
0.519886 0
0.019569 0
1.003231 0
0.306762 0
0.502106 0
0.615261 0
0.180493 0
0.145955 0
0.504754 0
0.383244 0
0.656540 0
0.908114 0
0.031374 0
0.704850 0
0.009861 0
0.612946 0
1.228328 0
0.919317 0
0.222100 0
0.144493 0
0.664761 0
0.175412 0
0.070090 0
0.518053 0
0.571360 0
0.422715 0
0.065097 0
0.059486 0
1.306363 0
0.172104 0
0.084368 0
0.317416 0
0.279668 0
0.097048 0
0.138479 0
0.318784 0
0.695512 0
0.341811 0
0.822668 0
0.281057 0
0.098778 0
0.399375 0
0.233449 0
1.466166 0
0.487275 0
1.635524 0
0.865810 0
1.369676 0
0.526004 0
0.567792 0
0.738219 0
0.115925 0
1.158466 0
0.496446 0
0.550183 0
0.036206 0
0.198470 0
1.994021 0
0.452002 0
0.244710 0
0.103968 0
0.368723 0
0.090842 0
1.310220 0
0.011880 0
1.335985 0
1.117306 0
0.363504 0
0.654113 0
1.624822 0
0.182301 0
1.664918 0
1.275817 0
0.495087 0
0.186631 0
0.630925 0
0.124909 0
1.355259 0
0.149173 0
0.402147 0
0.496399 0
0.392714 0
0.459527 0
0.848681 0
0.605607 0
0.113920 0
0.953448 0
0.490284 0
0.504276 0
1.698961 0
0.553098 0
1.374577 0
0.478853 0
0.077864 0
0.228892 0
0.249196 0
0.753316 0
0.154766 0
0.132409 0
1.000482 0
0.354879 0
0.141374 0
0.508216 0
0.072089 0
1.321633 0
0.784924 0
0.123314 0
0.931212 0
0.170537 0
0.352179 0
0.123573 0
0.292826 0
0.756030 0
0.454214 0
0.935375 0
0.456679 0
0.134236 0
1.506680 0
0.330965 0
0.081018 0
0.863530 0
0.214828 0
0.417783 0
1.527368 0
0.863620 0
0.560541 0
0.049071 0
0.257906 0
0.606731 0
1.318583 0
0.120840 0
0.089251 0
0.077260 0
0.608576 0
0.176228 0
0.940790 0
0.031156 0
0.145257 0
0.041276 0
0.029407 0
0.537748 0
0.868095 0
0.160171 0
0.143313 0
0.426712 0
0.545803 0
0.004247 0
0.073150 0
0.123196 0
0.302272 0
0.046458 0
0.008094 0
0.499382 0
0.284278 0
0.085313 0
0.417062 0
0.643006 0
1.465500 0
0.149544 0
0.356146 0
0.888533 0
0.176255 0
0.223865 0
0.018364 0
0.781335 0
0.326480 0
0.446713 0
0.285046 0
0.415772 0
0.103987 0
0.713369 0
1.650267 0
0.050584 0
0.636640 0
0.757989 0
0.390712 0
0.060040 0
0.904026 0
0.800786 0
1.131410 0
0.497897 0
0.265201 0
0.287328 0
0.119931 0
0.750677 0
0.422476 0
0.904697 0
0.806100 0
1.254037 0
0.076211 0
0.371075 0
1.472993 0
1.246573 0
0.189652 0
0.364231 0
0.346929 0
0.623657 0
0.338998 0
0.319062 0
0.872977 0
0.208866 0
0.328799 0
0.229360 0
1.086884 0
0.160292 0
0.617588 0
1.060441 0
1.339252 0
0.574959 0
0.365447 0
0.493569 0
0.504022 0
0.587680 0
0.155423 0
1.313563 0
0.242333 0
0.177397 0
0.080341 0
0.889872 0
0.473859 0
1.358506 0
0.950638 0
0.649223 0
0.901527 0
0.686114 0
0.108130 0
0.108852 0
0.355890 0
0.350527 0
0.405783 0
0.898755 0
0.012171 0
0.046382 0
0.409865 0
0.460036 0
0.689378 0
0.010202 0
0.846941 0
0.360161 0
0.264539 0
0.070685 0
0.226438 0
0.069983 0
0.886767 0
0.592199 0
0.354895 0
0.398709 0
0.127048 0
0.223697 0
1.089075 0
0.411447 0
0.052992 0
0.061399 0
0.423765 0
0.437464 0
0.829167 0
0.387016 0
0.327512 0
0.027732 0
0.446891 0
0.228457 0
0.500539 0
0.158969 0
0.351731 0
0.434581 0
0.460717 0
0.563122 0
1.293816 0
0.998265 0
1.466370 0
1.006885 0
0.224419 0
0.036250 0
0.412213 0
0.293378 0
0.648519 0
0.259797 0
0.951750 0
0.590495 0
0.512641 0
0.296513 0
0.205857 0
0.617488 0
0.244343 0
0.725697 0
0.589114 0
0.330902 0
0.290749 0
0.113544 0
0.242156 0
1.478616 0
1.397911 0
1.062651 0
0.671808 0
0.233556 0
0.601452 0
1.709921 0
0.128203 0
0.219274 0
0.221888 0
0.733416 0
0.320311 0
0.207442 0
0.267945 0
1.216002 0
0.431322 0
0.775736 0
0.541103 0
1.036964 0
0.056738 0
0.471281 0
1.542328 0
0.085986 0
0.375669 0
0.183038 0
0.579946 0
0.334061 0
0.731251 0
0.241142 0
0.031069 0
0.254091 0
0.684347 0
0.047672 0
1.177501 0
0.942812 0
1.134899 0
0.529160 0
0.041698 0
0.229027 0
0.365261 0
1.055217 0
0.972579 0
0.823902 0
0.374749 0
0.112486 0
1.534984 0
0.766686 0
1.586290 0
0.494497 0
0.443083 0
0.339941 0
0.082492 0
0.051044 0
0.012683 0
0.177599 0
0.956663 0
0.015861 0
1.146099 0
0.367369 0
0.096132 0
1.526088 0
0.839419 0
0.300661 0
0.397481 0
0.385089 0
0.243169 0
0.053872 0
0.600519 0
0.398910 0
0.365405 0
0.755629 0
0.024239 0
0.053365 0
1.488262 0
1.188426 0
0.800778 0
0.898096 0
0.325467 0
1.340995 0
0.974366 0
0.739502 0
0.409856 0
0.088955 0
0.610684 0
0.023467 0
0.049490 0
0.020124 0
0.677572 0
1.115977 0
0.839019 0
0.314420 0
0.128688 0
0.759181 0
0.262689 0
1.559715 0
0.247061 0
1.357306 0
0.244466 0
0.438107 0
0.232497 0
0.177402 0
0.719276 0
1.752717 0
0.821392 0
0.391061 0
0.093436 0
0.738133 0
0.206640 0
0.155006 0
0.865769 0
0.473191 0
0.063578 0
0.489941 0
0.117544 0
0.235446 0
0.144016 0
0.040625 0
0.024740 0
0.686024 0
1.532177 0
0.197085 0
0.182714 0
0.361545 0
0.111282 0
0.429635 0
0.027170 0
1.327975 0
0.465011 0
0.686862 0
0.295412 0
0.066320 0
0.047396 0
0.194370 0
0.610117 0
0.082163 0
0.594942 0
0.087182 0
0.101682 0
0.290250 0
1.015799 0
1.364715 0
0.165798 0
0.363740 0
1.034403 0
0.724474 0
0.016101 0
0.154039 0
0.380616 0
1.632101 0
0.064663 0
0.385988 0
2.225341 0
0.604054 0
0.680662 0
0.252777 0
1.234485 0
0.389117 0
0.010543 0
0.615682 0
0.250223 0
0.028563 0
0.211447 0
0.267251 0
0.021379 0
0.104264 0
1.402613 0
0.397613 0
0.035749 0
0.199440 0
0.151422 0
0.046210 0
0.706283 0
0.795710 0
1.710043 0
0.616490 0
0.007404 0
0.004475 0
0.605561 0
0.227350 0
0.558682 0
0.628676 0
0.050819 0
1.602114 0
0.054976 0
0.812322 0
0.238324 0
0.528630 0
0.344768 0
1.452361 0
0.257020 0
1.176035 0
0.226502 0
0.144003 0
0.435609 0
0.353038 0
0.633920 0
0.578411 0
0.400377 0
0.373517 0
0.625074 0
0.926753 0
0.389413 0
0.126482 0
1.088558 0
0.170494 0
0.266241 0
0.825274 0
0.187953 0
0.225329 0
0.994713 0
0.583988 0
0.280021 0
0.320733 0
1.240314 0
0.160738 0
1.414928 0
0.177181 0
0.156492 0
0.591146 0
0.445164 0
0.624141 0
0.337997 0
0.258946 0
0.273266 0
1.738507 0
0.011402 0
0.588020 0
1.545927 0
0.075327 0
0.243130 0
0.070403 0
1.429675 0
0.589303 0
0.403618 0
0.668814 0
0.390125 0
0.038961 0
0.160365 0
0.052758 0
0.123281 0
1.442483 0
0.144801 0
0.491440 0
1.103922 0
0.172653 0
1.105655 0
0.143757 0
1.035198 0
0.150929 0
0.707365 0
0.196336 0
0.536443 0
1.052860 0
0.249808 0
0.420595 0
0.497320 0
1.079172 0
0.064118 0
1.038798 0
0.021830 0
0.265196 0
0.617153 0
0.354287 0
0.136396 0
1.366083 0
0.051098 0
0.318792 0
0.391283 0
0.219480 0
1.446256 0
0.786914 0
0.383485 0
0.365326 0
1.147718 0
0.439115 0
0.568560 0
0.161727 0
0.328596 0
0.124315 0
0.538611 0
0.121997 0
1.013164 0
0.299956 0
0.053885 0
0.253490 0
0.044788 0
0.204631 0
0.227979 0
0.711475 0
0.060217 0
1.214934 0
1.155796 0
0.179308 0
1.077353 0
0.200613 0
1.271350 0
0.971289 0
0.900328 0
0.035931 0
1.099253 0
0.584812 0
0.419528 0
0.629885 0
0.316168 0
0.333654 0
0.390835 0
1.454306 0
0.219905 0
0.092376 0
0.281934 0
0.333946 0
0.356510 0
0.665369 0
0.455165 0
0.178909 0
0.226500 0
0.527356 0
0.009586 0
0.412166 0
0.417894 0
0.313070 0
0.182126 0
0.146308 0
1.083354 0
0.177168 0
0.123663 0
0.132312 0
0.158268 0
0.196546 0
0.185541 0
1.629337 0
0.458523 0
0.644120 0
0.060385 0
0.980934 0
0.405011 0
0.159679 0
0.651984 0
0.146888 0
0.044833 0
0.108660 0
0.209429 0
0.346779 0
0.608967 0
0.014702 0
0.390238 0
0.022008 0
0.994098 0
0.018262 0
0.048870 0
0.103469 0
0.064347 0
0.685417 0
0.860278 0
0.073471 0
0.305056 0
0.062110 0
0.046661 0
0.400659 0
0.240573 0
1.031451 0
0.135490 0
0.187100 0
0.071845 0
1.212534 0
1.430692 0
0.500323 0
0.123205 0
0.261134 0
0.138927 0
1.555760 0
0.534519 0
1.278054 0
1.157981 0
0.910650 0
0.322324 0
0.654435 0
0.684832 0
0.606069 0
0.421456 0
0.068412 0
0.215611 0
0.048253 0
0.065490 0
0.994261 0
0.354900 0
1.074976 0
1.838355 0
0.043507 0
0.470523 0
0.252578 0
0.225659 0
0.777156 0
0.162034 0
0.404152 0
0.204890 0
0.273386 0
0.166110 0
1.023882 0
0.740193 0
1.411032 0
1.231833 0
0.662251 0
0.408472 0
0.247765 0
0.091268 0
0.604003 0
0.103610 0
0.354469 0
0.069551 0
0.087249 0
0.563761 0
0.199742 0
0.078897 0
0.416784 0
0.511615 0
0.196657 0
0.080131 0
1.075595 0
1.441885 0
0.676242 0
0.196686 0
0.051744 0
1.878121 0
0.648261 0
1.910807 0
0.133907 0
0.037816 0
0.090909 0
0.600908 0
0.509199 0
0.863619 0
0.774227 0
0.933521 0
0.194694 0
0.371616 0
1.850048 0
0.256033 0
0.731098 0
0.575261 0
1.512202 0
0.518714 0
0.211946 0
1.069174 0
0.010487 0
0.147884 0
0.697060 0
0.280255 0
0.713822 0
0.580831 0
0.204621 0
0.092416 0
1.151688 0
0.077021 0
0.988381 0
0.163687 0
0.295921 0
0.408663 0
0.422302 0
0.075165 0
0.206913 0
0.131707 0
0.188766 0
0.993867 0
0.085283 0
0.491356 0
0.086671 0
1.492827 0
0.065035 0
0.005277 0
0.261247 0
0.154212 0
0.102649 0
1.159247 0
0.546686 0
0.394388 0
0.641732 0
0.447100 0
0.941157 0
0.575387 0
0.265676 0
0.126543 0
0.186994 0
0.338164 0
0.303458 0
1.121679 0
1.222258 0
0.232202 0
1.629124 0
1.205802 0
1.519426 0
0.988066 0
0.712330 0
0.168897 0
0.878470 0
1.445679 0
0.052752 0
0.591824 0
0.144439 0
0.514047 0
0.085085 0
0.514178 0
0.867458 0
0.064556 0
0.663358 0
0.099475 0
0.089702 0
0.147122 0
1.118059 0
0.226854 0
1.072397 0
1.381948 0
0.251626 0
0.111098 0
0.197447 0
0.792835 0
0.266332 0
0.072861 0
0.271808 0
0.016196 0
1.445115 0
0.268337 0
0.564055 0
0.260437 0
0.825859 0
0.022515 0
0.403313 0
0.349206 0
1.151486 0
1.039917 0
0.020931 0
0.060588 0
0.162729 0
0.367941 0
0.899910 0
1.266618 0
1.877116 0
0.730706 0
0.572040 0
0.128282 0
0.230776 0
0.273848 0
0.802086 0
0.448754 0
0.429641 0
0.550503 0
0.135290 0
0.441074 0
0.084283 0
0.666863 0
0.124123 0
0.117978 0
0.248752 0
0.426596 0
0.104383 0
0.656612 0
0.469184 0
0.052438 0
0.179368 0
0.028066 0
0.180798 0
0.368729 0
0.166534 0
0.590861 0
0.115143 0
0.561491 0
0.789685 0
1.392734 0
0.536460 0
0.276230 0
0.007706 0
0.136934 0
0.156933 0
1.441389 0
1.319922 0
0.145645 0
0.049240 0
1.152903 0
1.229077 0
1.367729 0
0.432175 0
1.260860 0
0.649728 0
0.441791 0
0.493477 0
0.027131 0
0.926211 0
1.995031 0
1.477889 0
0.821074 0
0.628801 0
0.206764 0
0.277669 0
1.518481 0
0.331826 0
0.329315 0
1.102059 0
1.221140 0
0.194062 0
0.303483 0
0.252233 0
0.442503 0
0.078242 0
1.231558 0
0.502360 0
0.549998 0
0.031611 0
0.036873 0
0.381984 0
0.475281 0
0.207642 0
0.581934 0
0.426673 0
0.799942 0
0.963663 0
0.780017 0
0.079746 0
0.863612 0
0.622423 0
0.595736 0
0.047401 0
0.606234 0
0.241306 0
0.667158 0
0.371960 0
0.023344 0
0.194066 0
0.147673 0
0.891936 0
0.733532 0
1.299594 0
0.536641 0
0.185996 0
0.505071 0
0.444130 0
0.830099 0
0.424527 0
0.049667 0
1.428422 0
0.390788 0
1.363640 0
0.047847 0
0.365999 0
1.421440 0
0.181159 0
0.094214 0
1.220926 0
0.671325 0
0.086786 0
0.347727 0
0.318312 0
0.565715 0
0.540703 0
1.757149 0
0.187239 0
0.838205 0
0.205874 0
0.289684 0
0.463221 0
1.221036 0
0.154794 0
0.419186 0
0.277642 0
0.891456 0
0.839324 0
0.095854 0
0.171185 0
0.085054 0
0.114323 0
0.563437 0
0.342648 0
0.338727 0
0.366319 0
0.498490 0
0.128447 0
0.108509 0
0.870759 0
0.383912 0
0.189272 0
0.780785 0
0.204391 0
0.601551 0
0.227388 0
0.727891 0
0.067165 0
0.413845 0
0.196650 0
1.087725 0
0.045218 0
0.011682 0
0.694149 0
2.637007 0
0.573933 0
0.562011 0
0.294593 0
0.781703 0
1.434698 0
0.072837 0
0.218273 0
0.540263 0
0.198443 0
0.030981 0
0.204186 0
1.581925 0
0.205277 0
0.083033 0
0.037739 0
0.556400 0
0.201775 0
0.494639 0
0.410954 0
0.237546 0
0.106809 0
0.700222 0
0.057866 0
0.495557 0
0.243742 0
0.201633 0
0.650222 0
0.544630 0
0.015492 0
0.181649 0
0.294839 0
0.251419 0
0.580322 0
0.534702 0
0.056724 0
0.192822 0
0.519874 0
0.402490 0
0.552576 0
0.196756 0
0.658292 0
0.421238 0
0.207506 0
0.901017 0
0.127972 0
0.101114 0
0.173710 0
0.016112 0
1.852818 0
0.039892 0
1.375206 0
0.313530 0
0.122118 0
0.703843 0
0.531198 0
0.367637 0
0.319244 0
0.215029 0
0.026006 0
1.366931 0
1.102060 0
0.400499 0
0.167240 0
0.402761 0
0.013866 0
1.403994 0
0.317275 0
0.512133 0
0.571256 0
0.066070 0
0.842031 0
1.194209 0
0.990714 0
0.420439 0
0.124798 0
0.314660 0
0.098833 0
0.368773 0
0.754939 0
0.706693 0
0.048507 0
1.478801 0
0.321411 0
0.174349 0
0.631610 0
0.935413 0
0.452199 0
0.695070 0
0.777684 0
1.186286 0
0.010247 0
0.051999 0
1.080729 0
0.386251 0
0.612223 0
0.729071 0
0.029898 0
0.178599 0
0.393640 0
0.297655 0
0.175788 0
0.373645 0
0.534399 0
0.297252 0
0.753692 0
0.995660 0
0.167315 0
1.447356 0
0.248767 0
0.492716 0
0.157598 0
0.647471 0
0.694811 0
0.271217 0
0.519937 0
0.123588 0
0.284671 0
0.467885 0
0.346098 0
0.313110 0
0.152356 0
0.317300 0
1.138195 0
1.574424 0
0.072542 0
0.574219 0
1.137662 0
0.101073 0
0.035629 0
0.303694 0
0.220311 0
0.022651 0
0.474632 0
0.153831 0
0.518051 0
0.239775 0
0.202689 0
0.477527 0
0.179459 0
0.547983 0
0.511247 0
0.260473 0
0.171512 0
0.711584 0
0.064965 0
0.370485 0
1.846516 0
0.724060 0
0.060491 0
0.195988 0
0.513429 0
0.522334 0
0.216992 0
0.101382 0
0.014686 0
0.404669 0
0.012127 0
0.025935 0
0.689408 0
0.834324 0
0.058158 0
0.378244 0
0.149421 0
0.499413 0
0.723992 0
0.029450 0
0.155393 0
0.281023 0
0.224998 0
0.382102 0
1.499384 0
0.101522 0
0.060108 0
0.334103 0
0.960426 0
0.012183 0
0.636678 0
0.183591 0
1.379015 0
0.002552 0
1.234081 0
0.222619 0
0.328522 0
0.889106 0
0.255030 0
0.207441 0
0.594921 0
0.091341 0
0.162723 0
0.667093 0
1.031546 0
0.413036 0
0.005347 0
0.515131 0
0.803595 0
1.453386 0
1.612313 0
0.413305 0
0.728854 0
0.827208 0
0.777480 0
0.523886 0
1.402087 0
0.375259 0
0.208107 0
0.155653 0
0.764548 0
0.257969 0
0.047681 0
0.353948 0
0.484397 0
0.237213 0
1.242617 0
0.209778 0
0.473350 0
0.253062 0
0.421926 0
0.023549 0
1.134219 0
0.935355 0
0.076581 0
0.636910 0
0.492377 0
0.642213 0
0.559217 0
1.177696 0
0.301410 0
0.273782 0
0.293892 0
0.325879 0
0.029573 0
0.424572 0
0.138911 0
0.063256 0
0.076061 0
0.084432 0
0.765143 0
0.646992 0
0.989910 0
0.026594 0
0.427719 0
0.033427 0
0.398123 0
0.697636 0
0.257691 0
0.153177 0
0.159839 0
0.155554 0
0.147031 0
0.541275 0
0.308805 0
1.763906 0
0.731529 0
0.861171 0
0.026232 0
1.394448 0
0.848041 0
0.393176 0
0.339821 0
0.096894 0
0.683549 0
0.866101 0
1.604842 0
0.380238 0
0.386430 0
0.103956 0
0.568609 0
0.462521 0
1.319642 0
0.084951 0
0.379345 0
0.179433 0
0.077681 0
0.211723 0
1.360962 0
0.001973 0
0.027484 0
0.470192 0
0.459377 0
1.498509 0
1.017230 0
0.570900 0
1.578291 0
0.654622 0
0.883778 0
1.156508 0
0.621241 0
0.739350 0
0.367367 0
0.369885 0
0.094876 0
0.527959 0
0.716836 0
0.912989 0
0.553159 0
0.572975 0
0.066768 0
1.204252 0
0.654298 0
0.066701 0
0.139531 0
0.463269 0
0.109454 0
0.088090 0
0.999940 0
0.447905 0
0.868227 0
0.396536 0
0.072110 0
0.291052 0
1.487906 0
0.090201 0
0.804882 0
0.144258 0
0.224494 0
1.015721 0
1.129560 0
0.701439 0
0.942590 0
0.937387 0
0.821970 0
0.180762 0
1.185925 0
0.758371 0
1.670664 0
1.365255 0
0.344180 0
0.156714 0
0.465202 0
0.046973 0
0.430406 0
1.223814 0
0.569323 0
0.104882 0
0.114121 0
0.637500 0
0.600034 0
0.437828 0
0.251875 0
0.277239 0
0.052088 0
0.038945 0
0.450775 0
1.166398 0
0.737530 0
0.953201 0
0.089541 0
0.418146 0
0.221151 0
0.156598 0
0.341754 0
0.166424 0
0.319660 0
0.545097 0
0.098062 0
0.591453 0
0.119784 0
0.715690 0
1.509458 0
0.183507 0
0.071494 0
0.382653 0
0.542994 0
0.104497 0
1.029500 0
0.827439 0
0.627335 0
0.082827 0
0.437046 0
0.250401 0
1.347380 0
0.675172 0
1.503793 0
0.328204 0
1.531105 0
0.058460 0
0.119283 0
0.015271 0
0.700664 0
0.026252 0
0.241554 0
0.105094 0
1.212751 0
0.157239 0
0.151870 0
0.713182 0
0.201507 0
1.594320 0
1.380626 0
0.745003 0
1.268189 0
0.864522 0
0.698600 0
0.912340 0
0.956303 0
0.507111 0
0.238705 0
0.392594 0
0.079361 0
0.087547 0
0.072605 0
0.553674 0
0.149063 0
0.285404 0
0.044528 0
0.313506 0
0.043386 0
0.499068 0
0.632804 0
0.057421 0
0.069147 0
0.370848 0
0.094126 0
0.407554 0
0.112918 0
0.264030 0
0.138846 0
0.217085 0
0.369536 0
0.247809 0
0.095980 0
0.288926 0
0.054693 0
0.261360 0
0.255464 0
1.264298 0
0.689323 0
0.970049 0
0.309547 0
0.385441 0
1.133761 0
0.522437 0
0.365428 0
0.418515 0
0.253426 0
1.446506 0
1.559674 0
0.833897 0
0.641788 0
0.153598 0
0.753632 0
0.930061 0
1.373026 0
1.634262 0
0.215412 0
0.081562 0
0.375977 0
1.290105 0
0.079115 0
0.568300 0
0.429514 0
0.287224 0
0.894742 0
0.870375 0
0.768093 0
0.339537 0
0.478192 0
0.680155 0
0.530521 0
0.294996 0
0.517244 0
0.097946 0
0.825847 0
1.379839 0
0.017342 0
0.003229 0
0.193325 0
0.581100 0
0.527513 0
0.359588 0
0.914576 0
0.541463 0
0.207320 0
0.176123 0
0.014998 0
0.900406 0
0.796649 0
0.163470 0
0.623025 0
0.446066 0
0.275575 0
0.020919 0
0.386477 0
0.165962 0
0.386498 0
0.264919 0
0.039900 0
0.262558 0
0.682947 0
0.421085 0
0.405175 0
0.138593 0
0.243372 0
0.249604 0
0.397631 0
0.379340 0
0.309797 0
0.180731 0
0.727502 0
0.105988 0
0.780383 0
0.524769 0
0.212942 0
0.554339 0
0.048641 0
0.335249 0
0.466947 0
0.490312 0
0.048308 0
0.282675 0
1.041363 0
0.223733 0
0.164088 0
0.134162 0
0.020709 0
0.567355 0
0.172157 0
0.419073 0
0.365177 0
1.404066 0
0.524493 0
0.396883 0
0.820663 0
0.279773 0
0.125612 0
0.050897 0
0.262508 0
1.763095 0
1.368567 0
0.028770 0
0.213723 0
0.841430 0
0.246931 0
0.173322 0
1.019577 0
1.511986 0
0.400182 0
0.034035 0
0.999180 0
0.421558 0
0.018329 0
0.510287 0
1.161640 0
0.724217 0
0.384895 0
0.267774 0
0.013741 0
1.605456 0
0.122697 0
0.507044 0
0.261257 0
0.185936 0
0.474815 0
0.463679 0
0.385457 0
0.088735 0
0.394063 0
0.028645 0
0.187707 0
1.207423 0
0.307485 0
0.370841 0
0.008851 0
0.996360 0
0.452440 0
0.615637 0
0.185650 0
1.490210 0
1.419268 0
0.018199 0
0.026054 0
0.300373 0
0.070680 0
0.459044 0
1.098729 0
0.282613 0
0.133404 0
1.426456 0
0.909089 0
0.103018 0
0.267619 0
0.109388 0
0.286808 0
0.715099 0
0.614044 0
0.458372 0
0.273248 0
0.320277 0
0.127322 0
0.298823 0
0.833503 0
0.515270 0
1.491010 0
0.416835 0
0.498001 0
0.209526 0
0.611402 0
0.264732 0
0.634590 0
0.991898 0
0.232526 0
0.159398 0
0.407342 0
0.507661 0
1.116045 0
1.016039 0
0.742390 0
1.135333 0
0.235225 0
0.297220 0
0.306689 0
0.120933 0
0.205906 0
0.195959 0
0.559524 0
0.185325 0
0.485492 0
1.390356 0
0.972500 0
0.051110 0
0.782192 0
0.136398 0
0.574844 0
0.373467 0
0.118572 0
0.566128 0
0.116616 0
0.485854 0
0.827804 0
1.315405 0
0.195855 0
0.386978 0
1.169054 0
0.295315 0
0.560614 0
0.116399 0
1.040937 0
0.044341 0
0.808302 0
0.399793 0
0.546007 0
1.046536 0
0.137235 0
0.560559 0
0.365524 0
1.114140 0
0.130686 0
0.603893 0
0.440197 0
1.128886 0
0.344702 0
1.058406 0
0.995826 0
1.395156 0
0.734917 0
0.552554 0
1.529261 0
0.403479 0
0.053623 0
0.171866 0
0.614267 0
0.325578 0
1.378535 0
0.259027 0
0.160143 0
0.875262 0
0.007831 0
0.536464 0
1.366478 0
0.462172 0
1.125482 0
1.236385 0
0.481608 0
0.456123 0
0.450765 0
0.131624 0
0.607330 0
0.377771 0
1.285925 0
1.256388 0
1.437249 0
0.372756 0
0.092114 0
0.149341 0
0.185206 0
0.623013 0
0.096400 0
0.031211 0
0.595612 0
1.120469 0
0.439759 0
0.157208 0
0.556611 0
0.840257 0
1.052507 0
0.065842 0
0.815283 0
0.404920 0
1.593294 0
0.767713 0
0.621534 0
0.060962 0
0.444927 0
0.393021 0
0.987536 0
0.346805 0
0.249881 0
0.927209 0
0.199532 0
1.471870 0
0.545523 0
0.197056 0
0.174060 0
0.185708 0
0.026080 0
0.190719 0
0.550346 0
0.766903 0
0.020533 0
0.188640 0
0.362520 0
0.198615 0
0.175915 0
0.250251 0
0.538262 0
0.379999 0
0.095379 0
0.099189 0
0.018427 0
0.018376 0
0.673549 0
0.300871 0
0.088493 0
0.363150 0
0.056973 0
0.105908 0
0.403833 0
0.381302 0
0.139776 0
0.158060 0
1.393577 0
0.120698 0
0.022564 0
0.137201 0
0.023034 0
0.468848 0
0.426231 0
0.407537 0
0.326791 0
0.466580 0
0.105608 0
0.405336 0
0.694214 0
0.708653 0
0.109817 0
0.974407 0
0.251058 0
0.870984 0
1.676921 0
0.074323 0
0.214253 0
0.383299 0
0.116454 0
1.032710 0
0.021938 0
0.118588 0
0.161176 0
0.613896 0
1.131772 0
1.402560 0
0.195755 0
0.304041 0
0.104868 0
0.187473 0
0.307794 0
0.335527 0
0.285557 0
1.545895 0
0.876903 0
0.487618 0
0.075245 0
1.505040 0
0.999492 0
0.216569 0
0.234541 0
0.286955 0
1.190839 0
0.552759 0
0.313289 0
0.192119 0
0.608385 0
1.003801 0
0.119494 0
0.379159 0
0.225239 0
0.188303 0
0.552033 0
0.236232 0
0.045451 0
0.359178 0
0.534148 0
0.574334 0
0.738226 0
0.451479 0
0.014643 0
0.112363 0
0.297022 0
0.141468 0
0.027388 0
0.523648 0
0.198228 0
0.530651 0
0.544401 0
0.945894 0
0.107155 0
0.477707 0
0.819714 0
0.086219 0
0.096085 0
0.012191 0
0.096412 0
0.012951 0
0.367188 0
0.154962 0
0.363796 0
0.239788 0
0.135468 0
0.997678 0
0.595529 0
0.959489 0
0.007700 0
0.085371 0
0.042759 0
0.379120 0
0.517760 0
0.370799 0
0.232616 0
1.230777 0
0.093982 0
0.598048 0
0.077062 0
0.439668 0
0.443808 0
0.038644 0
0.679752 0
0.879713 0
0.038375 0
0.005470 0
0.047861 0
0.297975 0
0.221568 0
0.485839 0
0.647107 0
0.284509 0
0.389810 0
0.413041 0
1.382440 0
0.065263 0
0.836118 0
0.271954 0
0.124748 0
0.313555 0
1.449749 0
2.203742 0
0.135573 0
1.377777 0
0.424934 0
0.138833 0
0.106142 0
1.370833 0
0.247893 0
0.639054 0
0.354202 0
0.093631 0
0.828522 0
0.566734 0
0.963518 0
0.151742 0
0.145948 0
0.293647 0
1.151887 0
0.110915 0
0.133412 0
0.275813 0
1.404462 0
0.021682 0
1.302281 0
0.343616 0
0.177068 0
0.247871 0
0.200202 0
0.710677 0
0.492298 0
0.062240 0
0.455918 0
0.913342 0
1.206212 0
0.216253 0
0.167881 0
1.125819 0
0.021190 0
1.459670 0
0.073130 0
0.568769 0
0.413834 0
0.364519 0
0.273196 0
0.403256 0
0.473781 0
2.204309 0
0.164812 0
0.142108 0
1.438493 0
0.342301 0
0.170527 0
1.455348 0
0.030075 0
0.908446 0
0.131200 0
0.006944 0
0.164078 0
0.740678 0
0.014181 0
0.184788 0
0.443403 0
0.595906 0
0.628193 0
0.049529 0
1.436074 0
0.780045 0
0.326306 0
0.011901 0
0.523482 0
0.265431 0
0.951092 0
0.701670 0
0.188106 0
0.006753 0
0.206668 0
0.284203 0
0.784529 0
0.909609 0
1.376526 0
0.171896 0
0.235969 0
0.531193 0
0.018116 0
0.736831 0
0.103813 0
0.522803 0
0.822659 0
0.181634 0
0.103930 0
0.316950 0
1.367285 0
0.476955 0
0.346677 0
0.039008 0
0.099103 0
0.188154 0
0.086323 0
0.116378 0
0.279612 0
0.317185 0
0.424318 0
0.587809 0
1.164549 0
0.219019 0
0.141069 0
0.195331 0
