0.520373 0
0.893665 0
0.228427 0
1.244331 0
0.617331 0
0.626689 0
1.459944 0
0.655899 0
0.549848 0
0.140273 0
0.148248 0
0.768601 0
1.091257 0
0.548740 0
0.062465 0
1.463655 0
0.237937 0
0.094720 0
0.042027 0
1.022321 0
0.224278 0
0.442645 0
0.231541 0
0.097540 0
0.804261 0
0.587924 0
0.984283 0
0.487518 0
0.031338 0
0.094205 0
0.391301 0
0.586057 0
0.027296 0
0.308386 0
0.018476 0
0.176236 0
0.069615 0
0.586690 0
0.864469 0
0.162256 0
0.713633 0
0.005711 0
1.561024 0
1.633549 0
0.041342 0
0.707548 0
0.075456 0
0.656614 0
0.431642 0
0.266119 0
0.198022 0
0.203374 0
0.334234 0
1.073107 0
1.434125 0
0.286168 0
0.057265 0
0.743776 0
0.347702 0
0.066943 0
0.622548 0
0.553051 0
0.995853 0
0.226507 0
0.073715 0
0.005803 0
0.807904 0
0.440190 0
0.042105 0
0.014257 0
0.317719 0
0.192613 0
0.080116 0
0.029725 0
0.369956 0
0.459133 0
0.527298 0
0.228667 0
0.791322 0
0.143456 0
0.013819 0
0.351454 0
0.636223 0
0.182164 0
0.720272 0
1.126487 0
0.078871 0
0.208108 0
0.644953 0
0.098992 0
0.774435 0
0.603300 0
0.280430 0
0.875253 0
0.181724 0
1.361754 0
0.472000 0
0.493230 0
0.519986 0
0.567048 0
0.699091 0
0.688207 0
0.377677 0
1.479423 0
0.533318 0
1.342920 0
0.141219 0
0.687153 0
0.164737 0
0.102383 0
0.160528 0
1.206222 0
0.045936 0
0.535268 0
0.300885 0
0.363446 0
0.241777 0
0.071160 0
0.388598 0
0.434422 0
0.604064 0
0.210329 0
0.054034 0
0.020934 0
2.329224 0
0.104770 0
0.286812 0
0.381943 0
0.195980 0
0.873338 0
0.148024 0
0.134376 0
0.391829 0
0.172687 0
0.173223 0
0.622595 0
0.338538 0
0.145000 0
0.245245 0
0.221932 0
0.007096 0
1.289778 0
0.589125 0
0.158688 0
0.048512 0
1.291676 0
1.583148 0
0.014671 0
0.456034 0
0.121540 0
1.032237 0
0.029308 0
0.636328 0
0.058535 0
0.116192 0
0.967048 0
0.324064 0
0.151392 0
0.851365 0
0.195918 0
0.266949 0
0.529847 0
0.747413 0
0.516791 0
0.696217 0
0.165752 0
1.104174 0
0.492223 0
0.573590 0
0.642002 0
0.236829 0
0.153021 0
0.238261 0
0.095700 0
0.558794 0
0.073624 0
0.133217 0
0.178405 0
0.290913 0
0.334630 0
0.151495 0
0.153768 0
0.029412 0
0.187285 0
0.031193 0
0.505319 0
0.145345 0
0.212865 0
0.703347 0
0.780237 0
0.563258 0
1.813242 0
1.057920 0
1.169725 0
0.561702 0
0.592261 0
0.877522 0
0.178821 0
1.136418 0
0.576471 0
0.429870 0
0.305770 0
1.266620 0
0.363386 0
0.136382 0
0.135084 0
0.301334 0
0.661689 0
0.218679 0
0.085897 0
1.579712 0
0.174283 0
0.668957 0
0.180242 0
0.362974 0
0.478408 0
0.039646 0
0.997213 0
0.469619 0
0.104124 0
0.186893 0
0.208743 0
0.321165 0
0.040902 0
0.505908 0
0.817459 0
0.082666 0
1.312782 0
0.529546 0
0.094498 0
0.830332 0
0.481363 0
1.427435 0
0.450219 0
0.560204 0
1.362829 0
0.025672 0
0.476778 0
0.381749 0
0.929507 0
0.081109 0
1.606520 0
0.124506 0
0.124793 0
0.043912 0
1.507261 0
0.355827 0
0.042151 0
0.340123 0
0.690659 0
0.531561 0
1.145345 0
0.340560 0
0.555327 0
1.461768 0
0.053636 0
0.360752 0
0.378207 0
0.109931 0
0.385701 0
0.134698 0
0.087433 0
0.359227 0
0.338599 0
1.238489 0
0.027786 0
0.492656 0
0.279979 0
0.183653 0
0.898557 0
0.284232 0
1.118164 0
1.093963 0
0.178432 0
0.600423 0
1.200990 0
1.677242 0
0.556348 0
0.857390 0
0.294219 0
0.219113 0
0.778703 0
0.251967 0
0.052102 0
0.220111 0
0.140628 0
0.129803 0
1.085067 0
0.773815 0
0.477576 0
0.084297 0
0.445773 0
0.487984 0
0.150742 0
0.237956 0
0.259051 0
0.551830 0
1.512939 0
0.758338 0
0.387348 0
0.474997 0
0.345432 0
0.353777 0
1.529850 0
0.357137 0
0.280596 0
0.116770 0
0.972836 0
0.123058 0
0.346509 0
0.261936 0
0.609461 0
0.165534 0
0.848119 0
1.071245 0
0.609863 0
0.104354 0
0.459813 0
0.329082 0
0.567059 0
0.516607 0
1.105849 0
0.598779 0
0.024073 0
0.012940 0
0.560562 0
0.738292 0
0.495580 0
0.243139 0
0.968616 0
0.214452 0
1.421259 0
0.332172 0
0.671924 0
0.047357 0
0.888288 0
0.372907 0
0.288121 0
0.356629 0
0.825031 0
0.010850 0
0.172582 0
0.120369 0
0.729362 0
0.459692 0
0.101642 0
0.859198 0
0.005652 0
0.493017 0
0.063643 0
0.360552 0
0.360211 0
0.125222 0
0.040976 0
0.157133 0
0.157340 0
0.121286 0
0.168256 0
0.072002 0
0.337871 0
0.301737 0
0.138244 0
0.164680 0
0.671075 0
0.844958 0
0.076895 0
0.569072 0
0.239907 0
0.663257 0
0.136587 0
0.096040 0
0.406018 0
0.028525 0
1.030033 0
0.951773 0
0.583581 0
0.620564 0
0.761402 0
0.757773 0
0.314130 0
1.137908 0
0.414088 0
0.527530 0
1.316458 0
1.254688 0
0.367137 0
0.512098 0
0.555133 0
0.241740 0
0.507111 0
0.937594 0
0.479761 0
0.881545 0
1.350263 0
0.742580 0
0.082634 0
0.085449 0
0.258709 0
0.271613 0
1.431203 0
0.144927 0
0.956991 0
0.206482 0
0.121015 0
1.416657 0
0.743590 0
0.780993 0
0.889189 0
1.330394 0
0.318913 0
0.633144 0
0.645808 0
0.118410 0
0.035968 0
0.482217 0
0.051295 0
0.039350 0
0.120306 0
0.275940 0
0.734058 0
0.419180 0
0.034805 0
0.250071 0
1.029834 0
0.507631 0
0.250334 0
0.029005 0
0.233521 0
0.467004 0
0.306032 0
0.529684 0
0.161736 0
0.099660 0
0.509109 0
0.174390 0
1.368165 0
0.607738 0
0.328919 0
0.422465 0
0.029864 0
0.566229 0
0.517233 0
0.359470 0
0.124166 0
0.944781 0
0.928106 0
0.524546 0
1.401935 0
1.274784 0
0.211205 0
1.058077 0
0.905248 0
0.133018 0
0.168998 0
0.076978 0
0.392424 0
0.041848 0
0.637050 0
0.601827 0
0.100638 0
0.056835 0
0.024121 0
0.589680 0
0.694680 0
0.295156 0
0.028032 0
0.134336 0
0.093992 0
0.561795 0
0.653184 0
0.099774 0
0.441538 0
0.350244 0
0.316293 0
0.432469 0
1.230708 0
0.491239 0
0.074932 0
0.358709 0
0.127131 0
0.033445 0
0.842365 0
1.525957 0
0.563235 0
0.595554 0
1.427057 0
0.154180 0
0.154259 0
0.244887 0
0.105572 0
0.439595 0
0.281064 0
0.438108 0
0.111809 0
1.390027 0
0.763512 0
0.815626 0
0.109619 0
0.204203 0
0.247161 0
0.905562 0
0.307693 0
0.802363 0
1.030925 0
0.188850 0
0.500191 0
0.211081 0
0.028425 0
1.414303 0
0.176902 0
0.025093 0
0.123347 0
0.918977 0
0.037098 0
0.045896 0
0.197539 0
0.902413 0
0.744609 0
0.089165 0
0.053954 0
0.196669 0
0.947714 0
0.341978 0
0.234788 0
0.793443 0
0.401006 0
0.582600 0
0.780449 0
0.113519 0
0.901384 0
0.276856 0
0.190146 0
0.895651 0
0.279273 0
0.075002 0
1.217556 0
1.176626 0
1.501207 0
0.564733 0
0.134275 0
0.918160 0
0.841276 0
0.249065 0
0.448882 0
0.309113 0
0.127660 0
0.381567 0
0.192847 0
0.582789 0
0.098418 0
0.595484 0
0.473357 0
0.208885 0
0.427040 0
0.824579 0
0.140046 0
0.010645 0
0.338715 0
0.222817 0
1.197127 0
0.020863 0
1.079551 0
0.192220 0
0.039963 0
1.478270 0
0.808007 0
0.400136 0
0.051189 0
0.430887 0
0.130155 0
0.288058 0
0.762375 0
0.329189 0
0.388700 0
0.262245 0
0.138667 0
0.188883 0
1.511155 0
0.128214 0
0.132259 0
0.053140 0
0.277496 0
0.081043 0
0.898849 0
0.144525 0
0.184572 0
0.187591 0
0.169671 0
1.016125 0
1.508052 0
0.821057 0
0.382104 0
0.266588 0
0.416068 0
0.185879 0
1.174549 0
0.071525 0
0.932340 0
1.141445 0
0.289742 0
0.711113 0
0.212619 0
0.127954 0
1.759532 0
0.064465 0
0.111649 0
1.249347 0
0.258528 0
0.350018 0
0.670243 0
0.101372 0
0.063274 0
0.998154 0
0.514907 0
0.085125 0
0.039015 0
1.370176 0
0.150333 0
0.509668 0
0.648396 0
0.241761 0
0.785778 0
0.610699 0
0.801139 0
0.675259 0
0.013620 0
0.057144 0
0.243384 0
0.850123 0
0.346429 0
0.240850 0
1.050668 0
0.374226 0
0.264864 0
0.045739 0
0.910365 0
1.339113 0
2.216678 0
0.425346 0
0.850154 0
0.060366 0
0.170864 0
1.385940 0
0.146736 0
0.658004 0
0.013735 0
0.008240 0
0.699866 0
0.404340 0
0.048383 0
0.083850 0
1.106815 0
0.409962 0
0.521538 0
0.072207 0
1.307886 0
0.229044 0
1.151190 0
0.133505 0
0.407421 0
0.073866 0
0.662824 0
0.223009 0
0.049084 0
0.099605 0
0.223293 0
0.066161 0
0.120573 0
0.187268 0
1.343076 0
0.470433 0
0.046158 0
0.406957 0
0.085524 0
0.563921 0
0.086206 0
0.144474 0
1.160141 0
0.422123 0
0.839981 0
0.371668 0
0.082950 0
0.704893 0
0.127418 0
0.644886 0
0.663141 0
0.299401 0
0.865861 0
0.024994 0
0.487438 0
0.352773 0
0.096884 0
0.685357 0
1.437750 0
0.466036 0
0.630198 0
0.165661 0
0.180569 0
0.054068 0
0.025840 0
0.366243 0
0.092761 0
0.774422 0
0.097377 0
0.623072 0
0.042348 0
0.139781 0
0.082280 0
0.182763 0
0.045558 0
0.196771 0
0.226474 0
0.284130 0
0.562836 0
1.258361 0
0.308754 0
0.279419 0
0.558191 0
0.634039 0
1.051537 0
0.214961 0
0.538369 0
0.144828 0
0.770592 0
0.034567 0
0.715783 0
0.189021 0
0.348503 0
0.134733 0
0.422187 0
0.533228 0
0.401467 0
0.810948 0
1.099791 0
0.313863 0
0.337652 0
0.191436 0
0.817347 0
0.122925 0
0.424683 0
1.248873 0
0.347952 0
0.601455 0
0.386534 0
0.235447 0
0.278892 0
0.458086 0
1.637784 0
0.852400 0
0.228889 0
0.512497 0
0.659814 0
0.463732 0
0.649841 0
0.038446 0
0.462648 0
0.315741 0
1.010273 0
1.175200 0
0.328270 0
0.516739 0
0.053909 0
0.548989 0
0.436184 0
0.474619 0
0.014193 0
0.018289 0
0.222426 0
0.372648 0
0.326796 0
0.235333 0
0.126004 0
0.879630 0
0.500070 0
0.209164 0
0.078044 0
0.196099 0
0.875834 0
1.478224 0
0.124161 0
0.359228 0
0.886830 0
0.116931 0
0.014477 0
1.417994 0
0.886991 0
0.113818 0
0.891750 0
0.713724 0
0.102708 0
0.389655 0
0.134537 0
0.444796 0
0.879038 0
0.659649 0
0.518293 0
1.265578 0
0.400634 0
0.205230 0
0.117082 0
0.439466 0
0.052638 0
1.265594 0
0.805586 0
0.884880 0
0.015031 0
0.436820 0
0.301029 0
0.008514 0
0.379438 0
0.408857 0
1.026407 0
0.681477 0
0.623511 0
0.902130 0
0.135040 0
0.092594 0
0.409895 0
0.525810 0
0.145146 0
0.498430 0
0.073982 0
1.361800 0
0.149461 0
0.298891 0
0.216433 0
0.618576 0
0.196153 0
0.067648 0
0.332248 0
0.246064 0
1.458897 0
0.964791 0
0.166204 0
0.058210 0
0.167786 0
0.036275 0
0.049665 0
0.275938 0
0.167381 0
0.342902 0
0.209192 0
0.180392 0
1.545226 0
1.315420 0
0.105544 0
0.364705 0
0.904051 0
0.278753 0
0.212860 0
0.903735 0
0.635453 0
0.070857 0
0.008356 0
0.597564 0
0.178745 0
0.315948 0
0.078237 0
0.173967 0
1.457067 0
0.974439 0
0.388332 0
0.344123 0
1.195681 0
0.557456 0
0.173732 0
1.411643 0
1.278387 0
0.512707 0
0.768477 0
0.094763 0
0.481693 0
0.171242 0
1.375214 0
0.638209 0
0.290091 0
0.919774 0
0.550258 0
0.178188 0
0.082364 0
0.051797 0
0.018441 0
0.194466 0
0.004901 0
0.365465 0
0.329835 0
0.059060 0
1.054898 0
0.395931 0
0.158567 0
0.117811 0
1.064115 0
0.752367 0
0.937813 0
0.987776 0
1.222198 0
0.973849 0
0.496406 0
1.020207 0
0.661910 0
0.514558 0
0.233337 0
0.454662 0
0.286527 0
0.297170 0
0.157171 0
0.433679 0
1.516378 0
0.909378 0
0.420571 0
0.052503 0
0.749563 0
0.026737 0
0.191269 0
0.454437 0
0.363582 0
0.169702 0
0.557703 0
0.334799 0
0.631478 0
0.353823 0
0.043316 0
0.110610 0
0.629737 0
0.438918 0
0.076930 0
0.309951 0
0.163715 0
0.055671 0
0.978712 0
0.310102 0
0.216396 0
0.270887 0
0.076774 0
0.711664 0
0.089009 0
1.267873 0
0.201267 0
0.049382 0
0.536601 0
1.038231 0
0.420638 0
0.074818 0
0.289829 0
0.630693 0
0.084245 0
0.306169 0
0.234871 0
0.140615 0
0.677857 0
0.032788 0
0.166451 0
0.089429 0
0.630130 0
0.967961 0
0.234975 0
0.150315 0
0.467591 0
0.415889 0
1.427905 0
0.213473 0
0.165481 0
0.095811 0
0.136971 0
0.079046 0
0.454317 0
1.232061 0
0.569359 0
0.654777 0
1.451404 0
0.053437 0
0.676893 0
0.303431 0
0.331980 0
0.434506 0
0.489462 0
1.486525 0
1.422904 0
0.392484 0
0.326867 0
1.428389 0
0.687755 0
0.306726 0
0.365481 0
0.043400 0
0.841984 0
0.228426 0
0.162023 0
1.073365 0
1.372427 0
0.575503 0
1.271127 0
0.159591 0
0.485939 0
0.091775 0
0.311838 0
1.080147 0
0.828949 0
0.126316 0
1.254282 0
0.502252 0
0.250735 0
0.869465 0
0.775486 0
0.423676 0
0.574427 0
0.036303 0
0.197992 0
0.845875 0
0.462662 0
0.393798 0
0.033168 0
0.749318 0
1.553389 0
0.011942 0
1.393193 0
0.837310 0
0.042023 0
1.141343 0
1.368149 0
0.047958 0
0.376241 0
0.172425 0
0.113431 0
1.449785 0
0.958642 0
0.617242 0
0.170541 0
0.008537 0
0.013137 0
0.043465 0
0.032348 0
0.308307 0
0.155882 0
1.237168 0
0.576771 0
0.729563 0
0.918311 0
1.103855 0
0.037859 0
0.375621 0
0.531887 0
0.716611 0
0.553985 0
0.812726 0
0.154219 0
1.458813 0
0.154986 0
0.685778 0
0.868371 0
0.032864 0
0.355113 0
0.309200 0
0.553131 0
0.052084 0
0.657811 0
0.336234 0
0.746341 0
0.412700 0
1.692949 0
0.140974 0
0.130788 0
0.043780 0
0.018401 0
0.901472 0
0.088722 0
0.869373 0
0.166922 0
0.438596 0
0.577922 0
0.135474 0
0.450508 0
1.403449 0
0.392113 0
0.288342 0
0.173917 0
0.069164 0
1.543657 0
1.320551 0
0.032058 0
0.266223 0
0.212428 0
0.917981 0
0.026828 0
0.950229 0
0.111220 0
0.068207 0
0.276429 0
1.089751 0
0.210537 0
0.529390 0
1.521459 0
0.402919 0
0.222428 0
0.623562 0
0.481329 0
0.148035 0
0.643251 0
0.850740 0
1.018483 0
0.382566 0
0.154874 0
1.145029 0
0.292072 0
0.202170 0
0.262014 0
1.476238 0
1.130215 0
0.433231 0
0.153200 0
0.026271 0
0.926264 0
0.397924 0
0.059020 0
0.232469 0
0.596186 0
0.995222 0
0.411738 0
0.229805 0
0.464339 0
0.273442 0
0.191999 0
1.445917 0
1.131634 0
0.050676 0
0.439993 0
0.061920 0
0.657953 0
0.719922 0
0.183490 0
0.009007 0
0.406958 0
0.427803 0
0.785067 0
0.017543 0
0.335342 0
0.184953 0
0.331668 0
0.412894 0
1.368839 0
0.606288 0
1.461717 0
0.017118 0
0.127032 0
1.258457 0
0.036687 0
1.563760 0
0.668364 0
0.589424 0
0.086256 0
0.051677 0
0.859940 0
0.711427 0
1.221627 0
1.426558 0
0.132811 0
0.218582 0
0.494655 0
0.225806 0
0.569617 0
1.228872 0
0.225388 0
0.182953 0
1.481549 0
0.570493 0
0.168390 0
0.260486 0
0.464977 0
0.103655 0
0.076993 0
0.279672 0
0.097496 0
0.107297 0
0.273562 0
0.295273 0
0.015510 0
1.394873 0
0.501339 0
0.252584 0
0.239336 0
0.545944 0
0.068835 0
0.180744 0
1.839021 0
0.719318 0
0.647790 0
0.246044 0
0.233309 0
0.315578 0
1.436641 0
0.318679 0
0.209858 0
0.856072 0
0.205060 0
0.083209 0
0.185769 0
0.471993 0
0.250165 0
0.079742 0
0.490157 0
0.043056 0
0.091796 0
0.228834 0
0.047472 0
0.217606 0
0.174061 0
0.818832 0
0.064245 0
0.183405 0
0.266811 0
0.127392 0
0.252988 0
0.360244 0
0.210858 0
0.249352 0
0.072777 0
0.271532 0
0.232486 0
0.090252 0
0.290735 0
0.386889 0
0.373236 0
0.083898 0
0.197550 0
0.171154 0
0.547569 0
1.804462 0
0.419602 0
0.549521 0
0.013301 0
0.093745 0
0.069188 0
0.335032 0
0.926800 0
0.321202 0
0.069660 0
0.037798 0
0.154914 0
0.411946 0
0.037623 0
0.111860 0
0.468130 0
1.578829 0
1.582115 0
0.248303 0
0.089166 0
1.246450 0
1.149013 0
1.248399 0
0.065956 0
0.421214 0
0.901585 0
1.293807 0
0.683250 0
1.386166 0
0.300402 0
0.077890 0
1.262556 0
0.125198 0
0.497987 0
0.623310 0
1.381888 0
0.144173 0
0.200415 0
1.341340 0
0.079636 0
0.127001 0
0.603935 0
0.023852 0
0.271405 0
0.334672 0
1.105030 0
0.668913 0
0.168387 0
0.748970 0
0.307345 0
1.142583 0
0.104258 0
0.601277 0
0.761801 0
1.519977 0
0.478414 0
1.362294 0
0.028508 0
0.338985 0
0.317797 0
0.486520 0
0.255160 0
0.110185 0
0.491612 0
0.446421 0
1.052215 0
0.132726 0
0.062801 0
0.486029 0
0.145370 0
1.579677 0
0.440760 0
0.479166 0
0.263355 0
0.061109 0
0.182291 0
0.153740 0
0.406600 0
0.282421 0
0.191503 0
0.569415 0
0.690796 0
1.337242 0
0.109757 0
0.481685 0
0.152878 0
0.309075 0
0.269840 0
1.375848 0
1.355735 0
0.670991 0
0.388373 0
0.917118 0
0.725408 0
0.180015 0
0.009437 0
1.595786 0
0.041493 0
1.695718 0
0.466023 0
0.794164 0
0.358126 0
0.064105 0
0.148868 0
0.659431 0
0.125638 0
0.145696 0
2.279349 0
0.187146 0
0.288158 0
0.568883 0
0.040450 0
0.110247 0
0.225590 0
0.191726 0
0.111375 0
0.300920 0
0.251286 0
0.574955 0
0.396013 0
0.246221 0
0.079228 0
0.503237 0
0.396297 0
0.247905 0
0.364668 0
0.217807 0
0.958732 0
0.187773 0
0.029625 0
0.251935 0
0.416487 0
0.381574 0
1.642854 0
0.401940 0
0.625367 0
0.106932 0
0.410696 0
0.110878 0
0.242112 0
0.184681 0
0.138474 0
0.310803 0
0.474007 0
0.209555 0
0.928742 0
0.417384 0
0.399519 0
0.300654 0
0.475517 0
0.135756 0
1.780474 0
0.124403 0
0.228045 0
0.490794 0
1.433519 0
0.871447 0
0.077186 0
0.105639 0
0.415568 0
0.385318 0
0.489533 0
0.255692 0
0.238751 0
0.069451 0
1.421542 0
1.605401 0
0.111081 0
0.112765 0
0.104519 0
0.055815 0
0.037570 0
1.000351 0
0.534148 0
0.891136 0
1.563145 0
1.477861 0
0.198207 0
0.967317 0
0.483245 0
0.841834 0
0.892650 0
0.501805 0
0.606670 0
1.598662 0
0.367709 0
0.943843 0
0.330618 0
0.919172 0
0.080049 0
0.058926 0
0.579193 0
0.127124 0
0.112108 0
0.831391 0
0.080524 0
1.231311 0
0.224420 0
0.036640 0
0.640701 0
1.640409 0
0.233306 0
0.823541 0
0.520792 0
0.291837 0
0.167716 0
0.379792 0
0.305369 0
0.294941 0
1.193301 0
0.138817 0
0.534889 0
1.373565 0
1.558913 0
0.103803 0
0.032477 0
0.026936 0
1.064170 0
0.051809 0
0.165832 0
1.796361 0
0.125778 0
0.450780 0
0.105001 0
0.027849 0
0.913140 0
0.364429 0
0.213297 0
0.361602 0
0.315048 0
1.080301 0
0.622019 0
0.600048 0
0.838610 0
1.220174 0
0.426986 0
0.224583 0
0.092496 0
0.293432 0
0.389107 0
0.852230 0
1.062183 0
0.521272 0
0.148697 0
1.065800 0
0.052465 0
0.506737 0
1.044957 0
0.908413 0
0.015149 0
1.502221 0
0.152140 0
0.667138 0
0.390270 0
0.446267 0
1.202580 0
0.339926 0
1.203167 0
0.188042 0
0.113472 0
1.244902 0
1.053217 0
0.849418 0
0.454112 0
0.394495 0
1.140394 0
0.883480 0
0.828594 0
0.251058 0
0.833802 0
0.199210 0
0.149139 0
0.034221 0
0.985903 0
1.126222 0
1.406223 0
0.904808 0
0.699379 0
0.046260 0
0.147983 0
0.171957 0
0.425163 0
0.632828 0
0.207461 0
0.294425 0
0.074065 0
0.074033 0
0.003785 0
0.009149 0
0.126318 0
0.469298 0
0.086213 0
0.200756 0
1.487123 0
1.208972 0
0.351106 0
0.765426 0
0.859362 0
0.240964 0
0.621823 0
0.592145 0
1.462238 0
0.551683 0
0.123211 0
0.120528 0
0.449172 0
0.724682 0
0.027433 0
0.156736 0
0.115739 0
0.050935 0
0.300392 0
1.661674 0
0.452335 0
0.448024 0
0.102222 0
0.305608 0
0.894657 0
0.096657 0
0.170337 0
0.038622 0
0.464614 0
0.676215 0
0.968905 0
1.077376 0
0.158858 0
0.621410 0
0.732327 0
0.048241 0
0.451915 0
0.275651 0
0.803674 0
0.801033 0
0.387030 0
0.138333 0
1.033951 0
0.088047 0
0.140797 0
0.993480 0
0.159497 0
1.332134 0
0.168068 0
0.343318 0
0.541711 0
0.070828 0
0.522321 0
0.612183 0
0.696833 0
0.665470 0
0.104516 0
0.005731 0
0.673551 0
0.202417 0
0.204367 0
0.514614 0
0.024861 0
0.306386 0
0.158603 0
0.954228 0
0.065780 0
0.376755 0
0.252103 0
0.359677 0
0.029184 0
0.353146 0
0.026677 0
0.678102 0
1.956026 0
0.768303 0
0.541229 0
0.726230 0
0.126149 0
0.424207 0
0.511911 0
0.128446 0
0.152625 0
0.524546 0
0.304421 0
0.662888 0
0.411179 0
0.014632 0
0.925698 0
0.623385 0
1.477005 0
0.351789 0
0.292183 0
0.237751 0
1.410136 0
0.632145 0
1.544354 0
0.097509 0
1.318487 0
0.994475 0
0.446306 0
0.446202 0
1.409506 0
0.275527 0
0.227073 0
0.859716 0
0.135565 0
1.591459 0
1.399779 0
0.983101 0
1.160891 0
0.513421 0
0.854459 0
0.199360 0
0.211309 0
0.809006 0
0.280161 0
0.189124 0
0.614085 0
0.242584 0
0.111347 0
0.173356 0
0.793567 0
0.209029 0
0.197546 0
1.528787 0
0.072866 0
0.201200 0
0.306351 0
0.241007 0
0.195550 0
0.588555 0
1.222505 0
0.986624 0
0.187050 0
1.103577 0
0.496508 0
0.261998 0
0.134752 0
0.873993 0
0.260989 0
1.201659 0
0.912201 0
0.117771 0
1.085911 0
0.724703 0
0.061752 0
0.078777 0
0.773623 0
0.316302 0
0.318249 0
0.256907 0
0.298105 0
0.435958 0
0.318530 0
0.101054 0
0.504181 0
0.219549 0
0.405344 0
0.533429 0
1.545625 0
0.125416 0
1.464314 0
0.189302 0
0.010913 0
0.105177 0
0.071335 0
0.114974 0
0.173233 0
1.529478 0
0.194081 0
0.695080 0
0.387953 0
0.019008 0
0.174204 0
0.439101 0
0.393770 0
0.195365 0
0.907601 0
0.500997 0
0.503241 0
0.070224 0
0.073464 0
0.225239 0
1.108569 0
0.809798 0
1.105874 0
1.365911 0
0.365754 0
0.008361 0
0.072296 0
0.133423 0
0.058599 0
1.527461 0
0.236090 0
0.337965 0
0.492242 0
1.179855 0
0.037920 0
0.251518 0
0.538498 0
1.473924 0
0.886961 0
0.001361 0
1.217296 0
0.003176 0
0.482701 0
0.295635 0
1.421990 0
0.523378 0
0.493346 0
0.167565 0
0.360981 0
0.078207 0
0.463573 0
0.241457 0
0.568582 0
0.734220 0
0.570620 0
0.448696 0
0.208244 0
0.163382 0
0.060113 0
0.719144 0
0.717841 0
0.061822 0
0.313992 0
0.808145 0
0.331535 0
0.545133 0
0.279867 0
1.420699 0
0.206394 0
0.383606 0
0.430611 0
0.098592 0
0.141299 0
0.049918 0
0.110595 0
0.458569 0
0.629644 0
0.586679 0
0.746318 0
0.455847 0
0.073216 0
0.143171 0
0.083663 0
1.010105 0
0.210829 0
0.382252 0
0.619789 0
0.561309 0
0.878057 0
0.759817 0
0.219111 0
0.046129 0
0.113673 0
0.292707 0
0.338777 0
0.491125 0
0.084581 0
0.905429 0
0.560970 0
0.020611 0
0.458903 0
0.537715 0
0.962153 0
0.204540 0
0.267427 0
0.027916 0
0.043178 0
0.103342 0
0.453637 0
1.153783 0
0.076290 0
0.964576 0
0.131898 0
0.178894 0
0.474881 0
0.211748 0
1.166159 0
0.063845 0
0.632449 0
0.180419 0
0.900672 0
0.481081 0
0.020320 0
0.159718 0
0.424163 0
0.022439 0
1.342027 0
0.220236 0
1.136933 0
0.013532 0
0.006691 0
0.157799 0
0.082422 0
0.106942 0
0.155792 0
0.637052 0
0.095914 0
0.119005 0
0.403567 0
1.343349 0
2.084416 0
1.363056 0
0.635331 0
0.704380 0
0.006534 0
2.081057 0
0.727260 0
0.355863 0
0.893028 0
0.283246 0
0.339735 0
1.573789 0
0.602049 0
0.250396 0
0.154664 0
0.245241 0
0.641215 0
0.902571 0
0.203133 0
0.195070 0
0.116177 0
0.041336 0
0.192525 0
1.023810 0
0.486512 0
0.323704 0
0.258177 0
0.202358 0
0.208378 0
0.453276 0
0.178362 0
0.189879 0
1.060693 0
0.080786 0
0.405532 0
0.465830 0
0.072148 0
0.198488 0
0.439404 0
0.071234 0
0.021026 0
0.035168 0
0.261834 0
1.582487 0
0.043684 0
0.597994 0
0.525017 0
0.727679 0
0.113086 0
0.043593 0
0.651447 0
1.321051 0
0.178565 0
0.393423 0
0.570933 0
0.184720 0
0.023137 0
0.296355 0
0.087839 0
0.962998 0
0.249671 0
0.268174 0
0.800449 0
0.019750 0
0.104493 0
1.484125 0
0.659184 0
0.058978 0
1.484210 0
1.423671 0
1.198961 0
0.054904 0
0.794467 0
0.388300 0
0.589753 0
0.408153 0
0.084466 0
0.288416 0
1.029934 0
0.246841 0
0.195985 0
0.196895 0
0.274843 0
0.153222 0
0.255159 0
0.182204 0
0.883750 0
0.280643 0
0.059649 0
0.362639 0
1.060937 0
0.341287 0
0.119029 0
1.727154 0
0.526545 0
0.418160 0
0.102373 0
0.096564 0
0.219041 0
0.128614 0
0.239867 0
0.686524 0
1.316908 0
1.586407 0
0.716910 0
1.086923 0
0.668903 0
0.515398 0
0.953134 0
0.154823 0
1.560409 0
0.442517 0
0.968533 0
1.218733 0
0.231346 0
0.247818 0
1.099779 0
0.472268 0
0.163295 0
0.803893 0
0.188042 0
0.127972 0
0.120392 0
0.065816 0
0.433154 0
0.118437 0
0.190880 0
0.361517 0
0.551421 0
1.630176 0
0.869765 0
0.199974 0
1.280524 0
0.721206 0
0.841810 0
1.233539 0
0.641888 0
0.015043 0
0.225243 0
0.615061 0
0.327325 0
0.504199 0
0.193957 0
0.200383 0
0.861573 0
0.088136 0
0.144240 0
0.614939 0
1.408081 0
0.332733 0
0.788442 0
0.323431 0
0.168887 0
0.010277 0
0.768670 0
0.785427 0
0.350839 0
1.048636 0
0.473734 0
1.405256 0
0.356294 0
0.495992 0
0.418794 0
1.369565 0
0.504631 0
0.522544 0
0.779667 0
0.291245 0
0.169563 0
0.627347 0
0.060962 0
0.637647 0
0.916461 0
0.027830 0
1.045018 0
0.034414 0
1.135373 0
0.269639 0
0.229528 0
0.154059 0
1.235857 0
0.325235 0
0.003898 0
1.414550 0
0.173924 0
0.421802 0
0.627095 0
1.494667 0
0.904122 0
1.362384 0
0.104386 0
0.722000 0
1.507060 0
0.276216 0
0.449609 0
1.474104 0
0.226907 0
0.908121 0
0.196818 0
0.003500 0
1.692943 0
1.014152 0
1.174298 0
1.018964 0
0.171527 0
0.060159 0
0.950055 0
0.215746 0
0.112634 0
0.621231 0
0.103801 0
1.313051 0
0.084721 0
1.693411 0
1.527948 0
0.525110 0
0.376803 0
0.077343 0
0.220245 0
0.136213 0
0.229593 0
1.003416 0
0.136100 0
0.575761 0
0.516118 0
0.053965 0
0.512499 0
0.150957 0
0.520261 0
0.356983 0
0.430486 0
1.001814 0
0.624960 0
0.305916 0
0.852443 0
0.233493 0
0.136830 0
0.191845 0
0.211130 0
0.145115 0
1.854462 0
0.814243 0
0.313556 0
0.264115 0
0.172386 0
0.083666 0
0.227085 0
0.444754 0
0.061853 0
0.116169 0
1.011667 0
0.625469 0
0.880658 0
0.239315 0
0.886196 0
0.241315 0
1.016297 0
0.012718 0
1.562095 0
0.578263 0
0.640387 0
0.597194 0
0.061095 0
0.066353 0
0.216041 0
0.549553 0
0.808526 0
0.418073 0
0.670508 0
0.226956 0
1.492849 0
0.793198 0
0.202676 0
1.264591 0
0.111141 0
0.374458 0
0.573329 0
0.115135 0
0.632359 0
0.525307 0
0.466470 0
0.480133 0
0.442931 0
0.256920 0
0.870919 0
0.470093 0
1.028063 0
0.571729 0
0.170727 0
0.283635 0
0.131372 0
0.021098 0
0.752360 0
0.801166 0
0.011193 0
0.676360 0
1.142660 0
0.215548 0
0.297418 0
0.291473 0
1.386226 0
0.532807 0
0.127804 0
0.970154 0
0.204330 0
0.813308 0
0.116148 0
0.196562 0
0.113507 0
2.952454 0
1.173475 0
1.233137 0
0.995665 0
0.983942 0
0.476514 0
0.825343 0
1.541962 0
0.409472 0
0.122071 0
0.057940 0
1.158873 0
0.054663 0
0.381765 0
1.398539 0
0.031359 0
0.816443 0
0.917504 0
0.505940 0
1.060069 0
0.753842 0
0.945849 0
1.063603 0
0.301944 0
0.051157 0
0.277667 0
0.353276 0
0.310977 0
0.090151 0
1.615841 0
0.712867 0
0.506252 0
0.148416 0
0.489969 0
0.225327 0
0.492889 0
0.511287 0
0.071700 0
0.812502 0
0.266480 0
0.819865 0
0.887881 0
0.287165 0
0.058828 0
0.011839 0
0.367816 0
0.134287 0
1.283976 0
1.448626 0
0.289456 0
0.472920 0
0.031535 0
1.185943 0
1.006485 0
0.279649 0
0.116719 0
1.212334 0
0.451337 0
0.207868 0
0.178243 0
0.120979 0
0.257304 0
0.426383 0
1.192465 0
0.507577 0
0.289101 0
0.452666 0
0.382115 0
0.330448 0
0.192092 0
0.004288 0
0.702151 0
0.296232 0
0.048508 0
0.045817 0
0.170598 0
0.288935 0
1.191411 0
0.569059 0
0.043278 0
0.429796 0
0.320794 0
0.547806 0
0.019113 0
0.068277 0
0.160473 0
0.553306 0
0.392214 0
0.442664 0
0.416585 0
1.495852 0
0.055846 0
0.251063 0
0.014532 0
0.597651 0
0.085067 0
0.273508 0
0.059958 0
0.244496 0
0.763861 0
0.004172 0
0.337663 0
0.249711 0
0.362123 0
0.460010 0
0.181967 0
0.574674 0
0.200927 0
1.446435 0
0.126303 0
1.552094 0
1.369308 0
0.480244 0
0.620146 0
0.454936 0
0.040024 0
0.073660 0
0.101788 0
0.113395 0
0.392519 0
0.508542 0
0.060838 0
0.180157 0
0.806656 0
0.186801 0
0.660108 0
0.019588 0
0.086030 0
0.634505 0
0.112833 0
0.237833 0
0.489338 0
0.198278 0
0.200257 0
0.748478 0
0.008788 0
0.460835 0
0.083299 0
0.093855 0
0.025534 0
0.677489 0
0.607078 0
1.684791 0
0.896849 0
0.010777 0
0.207864 0
0.092592 0
0.075051 0
0.049098 0
0.292050 0
0.082896 0
0.371226 0
0.219885 0
0.618401 0
0.716562 0
0.026407 0
0.139485 0
0.189178 0
0.042333 0
0.516935 0
0.077190 0
0.218209 0
0.029908 0
0.244952 0
0.905279 0
0.882470 0
0.889596 0
0.206228 0
0.058592 0
0.078828 0
1.004327 0
0.595300 0
0.513954 0
0.061901 0
0.380092 0
0.541913 0
0.325304 0
0.075280 0
0.388890 0
0.455133 0
1.024005 0
0.382978 0
0.118466 0
0.179726 0
0.111700 0
0.332357 0
1.882304 0
0.214998 0
0.389711 0
0.193252 0
1.040829 0
0.375695 0
0.651488 0
0.698525 0
0.287945 0
0.976927 0
0.295718 0
0.457227 0
0.336409 0
0.135312 0
0.324898 0
0.348268 0
1.279586 0
0.042324 0
0.608948 0
0.378879 0
0.703831 0
0.626704 0
0.634529 0
0.459433 0
0.402895 0
0.061824 0
0.283371 0
1.526595 0
0.029506 0
0.552847 0
0.075482 0
0.952051 0
0.232013 0
1.664279 0
0.263440 0
0.304021 0
0.547242 0
0.587083 0
0.075556 0
0.739998 0
0.491785 0
0.475924 0
0.471847 0
0.348689 0
0.468984 0
1.314031 0
0.207914 0
0.313984 0
0.034703 0
0.466660 0
0.540126 0
0.058343 0
0.687126 0
1.012202 0
0.498965 0
0.087962 0
0.357405 0
0.467458 0
1.041675 0
0.349050 0
0.004074 0
0.164246 0
0.320781 0
0.121078 0
1.143940 0
0.626304 0
0.397680 0
0.400972 0
0.703544 0
0.344476 0
0.689612 0
0.155141 0
0.801317 0
0.041959 0
0.022913 0
0.150936 0
0.990437 0
0.213623 0
0.034347 0
0.310517 0
0.104267 0
0.418904 0
0.371864 0
0.517420 0
0.429413 0
0.118687 0
0.133560 0
0.185678 0
0.382802 0
0.057201 0
0.632647 0
0.836353 0
1.599778 0
0.369760 0
1.481358 0
0.590151 0
0.309963 0
0.367925 0
1.391963 0
0.310674 0
0.218647 0
0.291380 0
0.292915 0
0.984621 0
0.344498 0
0.629330 0
0.688545 0
0.289439 0
0.769858 0
0.090255 0
0.258388 0
0.048483 0
1.253282 0
0.074752 0
0.591954 0
0.981475 0
1.439517 0
1.066264 0
1.459023 0
0.249557 0
0.422158 0
0.016463 0
0.198302 0
0.101927 0
0.415835 0
0.667582 0
0.794183 0
0.667507 0
0.012985 0
0.151277 0
0.060162 0
0.176906 0
0.037490 0
0.176009 0
0.113177 0
0.350210 0
0.138066 0
0.359225 0
0.280988 0
0.321084 0
0.240725 0
0.696852 0
0.007516 0
0.480056 0
1.695977 0
1.590226 0
0.533090 0
0.663191 0
0.727728 0
0.097905 0
0.831115 0
0.525623 0
0.206777 0
0.504299 0
0.531973 0
0.726846 0
1.201619 0
1.137743 0
0.197614 0
0.952976 0
0.436162 0
0.704060 0
0.224602 0
0.366986 0
0.678058 0
1.366145 0
0.978503 0
0.828301 0
0.174968 0
0.021996 0
1.205822 0
0.287502 0
0.312287 0
0.442756 0
1.038211 0
1.113289 0
1.048047 0
0.021608 0
0.372957 0
0.006295 0
1.039390 0
1.003995 0
0.039380 0
0.910577 0
0.006148 0
0.804027 0
0.018926 0
0.027082 0
0.415412 0
0.759712 0
0.654470 0
0.562247 0
0.427900 0
1.396471 0
0.182311 0
1.524171 0
0.748871 0
0.197547 0
1.651612 0
0.244882 0
0.199796 0
0.329390 0
1.927923 0
0.515059 0
0.919738 0
1.337380 0
0.425975 0
0.747723 0
1.196324 0
0.569254 0
1.403376 0
0.078800 0
1.065086 0
1.262964 0
0.113796 0
0.513863 0
0.534724 0
0.133491 0
0.950505 0
0.966921 0
1.101826 0
0.423599 0
1.461359 0
0.076644 0
0.066481 0
0.425369 0
0.021407 0
0.112106 0
0.112020 0
0.112507 0
0.044508 0
0.080870 0
0.625521 0
1.168934 0
0.161544 0
0.028499 0
1.025649 0
0.068009 0
1.013563 0
1.390275 0
0.102143 0
1.005885 0
1.190338 0
0.309758 0
0.072513 0
0.882258 0
0.568705 0
0.212480 0
1.076426 0
0.013749 0
0.596416 0
1.376283 0
0.227084 0
0.291268 0
0.811069 0
0.147831 0
0.697609 0
0.941677 0
0.603999 0
0.356171 0
0.850455 0
0.547887 0
0.021618 0
0.500785 0
0.791675 0
0.078447 0
0.282564 0
1.256660 0
0.002353 0
0.177169 0
0.224309 0
0.420414 0
0.394755 0
0.412820 0
0.716579 0
0.560842 0
0.252162 0
0.249270 0
0.421976 0
0.628564 0
0.288707 0
0.521385 0
0.028047 0
0.265572 0
1.652322 0
0.744575 0
0.206954 0
0.200867 0
1.418610 0
0.448921 0
0.886826 0
0.500150 0
0.077901 0
0.419177 0
1.559294 0
0.615166 0
0.725482 0
0.130686 0
0.151217 0
0.170330 0
0.409502 0
0.210344 0
0.168322 0
1.546079 0
0.286903 0
0.805057 0
0.315258 0
0.205899 0
0.924599 0
1.158844 0
0.183364 0
0.227241 0
0.271752 0
0.294288 0
0.153829 0
0.265012 0
0.671984 0
0.447004 0
0.171962 0
0.257689 0
0.294007 0
0.892797 0
1.573991 0
1.004050 0
0.308830 0
0.551540 0
0.433556 0
0.980817 0
0.152893 0
0.092225 0
1.165466 0
0.139448 0
0.137568 0
0.691228 0
0.242485 0
0.165044 0
0.688015 0
0.188415 0
0.035129 0
1.498646 0
0.013998 0
0.946046 0
0.070527 0
0.256773 0
0.072378 0
0.361820 0
1.532546 0
0.761144 0
0.678965 0
0.098050 0
0.332438 0
0.290968 0
0.576094 0
0.768969 0
0.367707 0
0.142577 0
0.061605 0
0.626052 0
0.065734 0
0.878367 0
0.648850 0
0.792585 0
0.372302 0
0.494997 0
1.397927 0
0.251089 0
1.599907 0
1.022339 0
0.277433 0
0.158689 0
0.050286 0
0.039473 0
0.010300 0
0.291906 0
1.390204 0
0.455502 0
0.111095 0
0.041537 0
0.380866 0
0.084625 0
1.396657 0
1.148943 0
0.774589 0
0.043063 0
0.139784 0
0.029132 0
0.673511 0
0.782755 0
0.343271 0
0.374267 0
1.623713 0
0.826681 0
0.675356 0
0.738668 0
0.393787 0
0.972765 0
1.003010 0
0.306661 0
0.976205 0
0.141354 0
0.754698 0
0.245740 0
0.330021 0
0.103384 0
1.073063 0
1.472938 0
0.079024 0
0.475469 0
0.571787 0
0.316864 0
0.062735 0
0.261726 0
0.202034 0
1.546312 0
0.809441 0
0.227602 0
0.150204 0
0.315688 0
0.307693 0
0.177050 0
0.388248 0
0.660991 0
0.720892 0
0.499141 0
0.327049 0
0.450034 0
1.500905 0
1.742759 0
0.039472 0
0.626444 0
0.921539 0
0.173868 0
0.627596 0
0.050063 0
0.023914 0
0.586575 0
0.798256 0
0.206893 0
0.178959 0
0.811012 0
1.435025 0
1.439060 0
0.069394 0
0.220130 0
0.411920 0
0.056645 0
0.226947 0
0.246466 0
0.122094 0
1.348944 0
0.853255 0
0.058640 0
0.371602 0
0.149129 0
0.500237 0
1.177394 0
0.253297 0
0.357674 0
0.151034 0
0.006177 0
0.024659 0
0.324903 0
1.454759 0
0.134785 0
1.501716 0
0.292202 0
0.235154 0
0.686061 0
0.025366 0
0.250749 0
0.729432 0
0.104941 0
0.878044 0
0.510029 0
0.264086 0
0.794647 0
0.826378 0
0.394310 0
0.213883 0
0.975280 0
1.065913 0
0.532241 0
0.721056 0
0.787829 0
0.263570 0
0.244049 0
0.497248 0
0.858555 0
0.325725 0
0.860751 0
1.292427 0
0.775225 0
0.341193 0
1.653713 0
0.239907 0
0.251060 0
0.240728 0
0.203878 0
1.121190 0
0.621847 0
0.067935 0
0.106705 0
0.703812 0
0.229814 0
0.130660 0
0.245363 0
0.181927 0
0.101567 0
0.967407 0
1.734998 0
0.261399 0
0.200902 0
0.615218 0
0.027399 0
0.461034 0
0.074311 0
0.497030 0
0.603252 0
1.501079 0
0.292057 0
0.520044 0
0.440072 0
0.566877 0
0.253900 0
0.177191 0
0.286582 0
0.775490 0
0.483556 0
0.354525 0
0.808951 0
1.217359 0
0.414025 0
0.396118 0
0.027251 0
0.267314 0
0.021537 0
0.612959 0
0.282010 0
1.613948 0
0.920101 0
0.571249 0
0.770223 0
0.973047 0
0.109358 0
1.158540 0
0.183308 0
0.080035 0
1.398180 0
0.085747 0
1.159884 0
0.181827 0
0.119182 0
1.029378 0
1.472898 0
0.034956 0
0.206729 0
0.063566 0
0.826626 0
0.003579 0
1.255627 0
1.278304 0
0.330666 0
1.176917 0
0.426396 0
1.033041 0
0.003931 0
0.046390 0
0.086377 0
0.042267 0
0.174969 0
0.246182 0
0.471410 0
0.094578 0
0.274911 0
0.031754 0
0.026117 0
0.526473 0
0.948904 0
0.478829 0
1.153416 0
0.054183 0
0.027876 0
1.178009 0
0.387160 0
1.293231 0
1.860881 0
0.586320 0
0.423989 0
0.250352 0
0.321047 0
0.147373 0
0.155404 0
0.000545 0
0.342141 0
0.098184 0
0.172673 0
0.265612 0
0.596857 0
0.248920 0
0.048661 0
0.065509 0
0.160954 0
1.655080 0
1.584972 0
0.148285 0
0.274035 0
0.881134 0
0.690848 0
0.136882 0
0.081256 0
0.212493 0
0.146329 0
0.375759 0
0.126882 0
0.089613 0
0.340967 0
2.076265 0
1.095156 0
1.380213 0
0.156936 0
1.162769 0
0.869197 0
0.293735 0
0.383211 0
0.236728 0
0.507757 0
1.325766 0
0.129761 0
0.764405 0
0.460181 0
0.374196 0
0.364799 0
0.419132 0
0.444056 0
0.241049 0
0.216943 0
0.832311 0
0.440289 0
1.145699 0
0.159946 0
0.161632 0
0.471199 0
0.345888 0
0.078942 0
1.106593 0
0.824682 0
0.452663 0
0.080782 0
1.446830 0
0.603321 0
0.490959 0
0.763229 0
0.183034 0
1.489263 0
0.966427 0
0.218544 0
0.988308 0
0.176987 0
1.695055 0
0.629981 0
0.015706 0
0.354210 0
0.028226 0
0.203687 0
0.379743 0
2.048798 0
1.220488 0
0.348698 0
0.374598 0
0.443959 0
0.379603 0
0.087953 0
0.130256 0
0.844323 0
0.112356 0
1.926275 0
1.494576 0
0.623122 0
0.020270 0
0.195877 0
1.590459 0
0.560376 0
1.302707 0
1.670630 0
0.521764 0
0.239857 0
0.574104 0
0.869514 0
0.153492 0
0.501511 0
0.161212 0
0.479376 0
0.031953 0
0.481448 0
0.314565 0
0.464540 0
0.183981 0
0.136169 0
0.318351 0
1.390955 0
1.640810 0
0.186302 0
1.409454 0
0.254635 0
0.141807 0
0.141878 0
0.252141 0
0.029969 0
0.153726 0
1.933264 0
0.992124 0
1.429701 0
0.070762 0
0.086374 0
0.771647 0
0.160640 0
0.994774 0
1.832663 0
0.984130 0
0.446791 0
0.758942 0
1.515577 0
0.392518 0
0.426940 0
0.497504 0
1.368255 0
0.307351 0
0.618269 0
0.669809 0
1.301455 0
1.496477 0
0.486086 0
0.204740 0
0.738072 0
0.314784 0
0.170532 0
1.890488 0
0.305973 0
0.516362 0
0.130138 0
0.309342 0
0.151134 0
0.537388 0
0.961792 0
0.148632 0
0.058032 0
1.247105 0
0.106073 0
0.341605 0
0.260549 0
0.084026 0
0.169612 0
0.139885 0
0.608704 0
0.525193 0
0.024741 0
0.035458 0
0.175241 0
0.469144 0
0.964369 0
0.877929 0
0.416685 0
0.349631 0
1.731574 0
0.433662 0
0.523482 0
0.207170 0
0.121318 0
0.064495 0
0.009641 0
1.416099 0
0.292099 0
0.124077 0
0.051962 0
0.565707 0
0.427351 0
0.164205 0
0.202828 0
0.293898 0
0.781749 0
0.664003 0
0.262678 0
0.016741 0
0.847435 0
0.028342 0
0.641334 0
0.787774 0
0.223142 0
0.288206 0
1.075495 0
0.340135 0
0.290469 0
0.277411 0
1.299839 0
1.156258 0
0.235371 0
1.666198 0
0.415049 0
0.286727 0
0.185346 0
0.093834 0
0.161974 0
0.039941 0
0.165442 0
0.124978 0
0.059994 0
0.051774 0
0.753882 0
0.044526 0
0.512882 0
0.081381 0
0.049612 0
0.311781 0
2.158825 0
0.476778 0
0.129095 0
1.139589 0
0.029121 0
0.631127 0
0.391578 0
0.959941 0
0.057973 0
0.582967 0
0.208446 0
0.033522 0
0.596109 0
0.187076 0
0.534474 0
0.351724 0
0.998971 0
0.636425 0
0.305350 0
0.108942 0
0.295667 0
0.194763 0
1.772058 0
0.548568 0
0.091751 0
1.509052 0
1.415654 0
0.488069 0
0.053804 0
0.384011 0
1.663467 0
0.997854 0
0.109646 0
0.352931 0
0.350236 0
0.358635 0
0.527394 0
0.152018 0
0.343865 0
0.331424 0
0.931779 0
0.137258 0
0.339730 0
0.046790 0
0.208539 0
0.462702 0
0.008036 0
0.972874 0
1.058597 0
0.011659 0
0.287300 0
0.209171 0
0.094722 0
0.259047 0
0.135843 0
1.281564 0
0.208081 0
0.494850 0
0.187833 0
0.095805 0
0.184612 0
0.424631 0
0.293725 0
0.154940 0
0.135363 0
0.797228 0
1.538341 0
1.111098 0
0.656950 0
0.561334 0
0.210790 0
0.544340 0
0.371071 0
0.354257 0
0.029537 0
0.416954 0
1.492447 0
0.107780 0
0.165025 0
0.009002 0
0.007104 0
0.175746 0
0.731394 0
0.949939 0
0.154382 0
1.409118 0
0.807931 0
0.543599 0
0.189362 0
1.395685 0
0.369876 0
1.256701 0
0.206266 0
0.219292 0
1.244958 0
1.432245 0
0.424549 0
1.423401 0
0.205418 0
0.787962 0
0.356085 0
0.159574 0
0.155220 0
0.256808 0
0.048502 0
1.261698 0
0.630940 0
0.137041 0
0.270695 0
0.255550 0
0.492718 0
0.266822 0
0.768536 0
0.054684 0
0.078001 0
0.034353 0
0.774539 0
0.255089 0
0.028002 0
1.521705 0
0.686183 0
0.678573 0
0.320737 0
1.456426 0
0.090735 0
0.240199 0
0.506283 0
0.300159 0
0.936790 0
0.381018 0
0.054840 0
1.408111 0
0.387165 0
0.217418 0
0.851758 0
1.060486 0
0.147539 0
0.406760 0
0.861461 0
0.298411 0
1.275849 0
1.718604 0
0.077107 0
0.022104 0
0.070440 0
0.515872 0
0.009120 0
0.083372 0
0.422338 0
0.496670 0
0.232490 0
1.176859 0
0.120679 0
0.942343 0
1.609663 0
0.163154 0
0.383683 0
0.931808 0
1.108723 0
0.970524 0
0.956637 0
0.020045 0
0.060825 0
0.366260 0
0.091206 0
0.340983 0
0.433314 0
0.623091 0
0.351687 0
0.038797 0
0.532044 0
0.901172 0
0.047089 0
0.501879 0
0.084939 0
0.208717 0
0.047793 0
0.282578 0
0.315418 0
0.376485 0
0.048261 0
0.329422 0
0.359186 0
0.395433 0
0.042274 0
0.004593 0
0.136875 0
0.134096 0
0.603336 0
0.537202 0
0.688814 0
0.529474 0
0.218499 0
0.284684 0
0.187871 0
0.152419 0
0.343940 0
0.469385 0
0.003751 0
0.748407 0
0.384676 0
1.134007 0
0.266911 0
0.853373 0
0.249506 0
0.269065 0
0.295126 0
0.496372 0
1.430861 0
0.400370 0
0.759057 0
0.669933 0
0.302380 0
0.640620 0
1.076116 0
0.152472 0
1.533904 0
0.323816 0
0.774985 0
1.722526 0
0.246996 0
0.415447 0
0.552541 0
0.206888 0
0.554637 0
0.619929 0
0.355103 0
0.059651 0
0.562178 0
0.630644 0
1.444382 0
1.001158 0
0.540594 0
0.025082 0
0.966160 0
0.328627 0
0.034895 0
0.066167 0
0.080217 0
0.924512 0
0.523164 0
0.041150 0
0.369306 0
0.930776 0
0.114660 0
0.074188 0
0.527536 0
0.053261 0
0.450415 0
0.417028 0
1.461914 0
1.258262 0
0.014564 0
0.025778 0
0.690247 0
0.310646 0
0.057912 0
0.755069 0
0.075722 0
0.211550 0
1.930713 0
0.912381 0
0.406451 0
0.290708 0
0.345668 0
0.615742 0
0.258216 0
0.081489 0
0.109195 0
0.416286 0
1.222807 0
0.036676 0
0.602178 0
0.452779 0
0.094756 0
0.243221 0
0.064837 0
1.150274 0
0.460796 0
0.134849 0
1.124062 0
0.051575 0
1.387068 0
0.484194 0
0.233058 0
0.751407 0
0.419154 0
0.894439 0
0.008587 0
0.270707 0
0.253625 0
0.330085 0
0.130365 0
0.225282 0
0.832857 0
0.018432 0
0.557546 0
0.916365 0
0.953554 0
0.020606 0
0.034215 0
1.288114 0
0.907431 0
0.772295 0
0.498282 0
0.487501 0
1.184204 0
0.227588 0
1.118403 0
0.561823 0
0.099711 0
0.511302 0
0.718026 0
0.088319 0
0.214193 0
0.592935 0
0.299546 0
0.327128 0
0.887270 0
0.123574 0
0.384445 0
0.328274 0
0.299632 0
1.078535 0
0.120080 0
0.352238 0
0.423358 0
0.175211 0
0.761204 0
1.986697 0
0.395318 0
0.359862 0
0.090647 0
1.521809 0
1.208682 0
0.437412 0
0.014780 0
0.356159 0
0.597587 0
1.370719 0
0.847534 0
0.286778 0
0.127516 0
1.268054 0
0.010702 0
1.044234 0
1.848338 0
0.043421 0
0.374624 0
0.235560 0
0.680525 0
0.084575 0
0.133827 0
0.182844 0
0.661852 0
0.117924 0
0.898186 0
0.858588 0
0.574070 0
0.052355 0
0.170834 0
0.230834 0
1.366424 0
0.816856 0
0.902178 0
1.431758 0
0.577551 0
0.349787 0
0.776761 0
0.677035 0
0.397873 0
1.629139 0
0.208732 0
0.090914 0
0.736038 0
0.487873 0
1.119945 0
0.256588 0
0.341944 0
0.414351 0
0.194067 0
0.868121 0
0.994470 0
0.431390 0
0.723837 0
1.376345 0
1.622351 0
1.564960 0
0.434643 0
0.059847 0
0.209981 0
0.311396 0
0.940838 0
0.093840 0
0.290973 0
0.222345 0
0.302732 0
0.222140 0
0.839674 0
0.083411 0
0.550729 0
0.419120 0
0.530489 0
0.383882 0
0.200722 0
0.833543 0
0.171579 0
0.020362 0
0.359542 0
0.610410 0
0.114803 0
0.641902 0
1.234504 0
0.304031 0
0.777562 0
0.159722 0
0.594508 0
0.047485 0
0.396115 0
0.684213 0
0.021471 0
0.544794 0
0.115601 0
0.135579 0
0.400853 0
0.300736 0
1.073037 0
0.075758 0
1.373359 0
0.269082 0
0.290085 0
0.384898 0
0.642635 0
0.134048 0
1.106794 0
0.087179 0
1.565813 0
0.250045 0
0.845524 0
0.037103 0
0.390656 0
0.271629 0
1.250306 0
0.045996 0
1.773793 0
0.043161 0
0.021827 0
0.130411 0
0.968851 0
0.129710 0
0.879704 0
0.050941 0
0.348088 0
0.065992 0
0.630182 0
0.053653 0
0.491282 0
0.688672 0
0.139280 0
0.086859 0
1.628387 0
1.408591 0
0.399999 0
1.409163 0
0.140924 0
0.207444 0
0.217572 0
0.009386 0
0.152400 0
0.414734 0
0.292979 0
1.290340 0
0.159819 0
0.241889 0
0.865470 0
0.239526 0
0.431732 0
0.461717 0
0.512019 0
0.027562 0
0.250511 0
0.370095 0
0.855370 0
1.930111 0
0.188624 0
1.623990 0
0.543336 0
0.277722 0
0.296038 0
1.001506 0
0.282637 0
0.815732 0
0.424712 0
0.653927 0
0.904798 0
0.717855 0
1.086242 0
1.203020 0
0.921658 0
0.084113 0
0.081444 0
0.442388 0
1.191213 0
0.101899 0
0.837327 0
0.648826 0
1.441242 0
0.083858 0
0.318640 0
0.067421 0
0.954978 0
0.330024 0
0.031146 0
0.377317 0
0.467933 0
0.899972 0
0.285181 0
0.031738 0
1.195427 0
0.792339 0
0.566957 0
1.078931 0
0.773434 0
0.497058 0
0.088264 0
0.836375 0
0.017791 0
0.570048 0
1.219444 0
0.175704 0
0.540940 0
1.357313 0
0.217312 0
0.019963 0
0.016506 0
0.177027 0
0.238350 0
0.127918 0
0.117756 0
0.079279 0
0.181479 0
0.161561 0
0.564578 0
0.690585 0
0.368034 0
0.022761 0
0.159014 0
0.096769 0
0.789060 0
0.458595 0
0.029507 0
0.046023 0
0.063816 0
0.689911 0
0.087007 0
0.551575 0
0.181466 0
0.717558 0
0.149334 0
0.478728 0
0.000692 0
0.078505 0
0.067414 0
0.480718 0
0.428477 0
0.569916 0
0.027735 0
0.179033 0
0.092998 0
0.927153 0
0.368328 0
1.846271 0
0.940748 0
0.170520 0
1.022756 0
0.444210 0
0.468788 0
0.597064 0
0.402197 0
0.121590 0
0.280036 0
0.087384 0
0.088434 0
0.608199 0
1.177163 0
0.199563 0
1.044341 0
0.097114 0
0.037195 0
0.036507 0
0.141767 0
0.045200 0
0.548504 0
0.121423 0
0.369182 0
0.342694 0
0.127902 0
0.323825 0
1.401438 0
1.083081 0
1.081453 0
0.707070 0
0.621814 0
0.427196 0
0.241968 0
0.197171 0
0.833638 0
0.115455 0
1.152143 0
0.089600 0
0.642509 0
0.437822 0
0.118477 0
0.040363 0
0.208074 0
0.296798 0
0.219644 0
0.440757 0
1.120214 0
0.617184 0
0.299777 0
0.052193 0
0.379766 0
0.256451 0
0.410945 0
0.173663 0
0.385990 0
0.775953 0
1.454571 0
0.543055 0
0.095725 0
0.161603 0
0.192479 0
0.865641 0
0.275239 0
0.025011 0
0.344402 0
0.029489 0
1.183650 0
0.940167 0
0.038988 0
0.127151 0
0.413502 0
0.320185 0
0.894241 0
0.845204 0
0.056286 0
0.191205 0
1.034378 0
0.004870 0
0.046820 0
1.203503 0
0.114828 0
1.678638 0
0.141096 0
0.203761 0
0.298867 0
0.482057 0
1.412595 0
0.518178 0
0.702936 0
0.212263 0
0.821150 0
1.215835 0
0.515630 0
0.692277 0
0.380894 0
0.756325 0
0.039546 0
0.432884 0
0.480116 0
0.547855 0
0.004010 0
0.039650 0
0.679520 0
0.538678 0
1.623821 0
0.731743 0
0.218115 0
0.341781 0
0.082773 0
0.138816 0
0.054548 0
0.428887 0
0.189657 0
0.034401 0
0.307398 0
0.589956 0
0.156296 0
0.664395 0
0.259032 0
1.364858 0
0.345684 0
0.634058 0
0.505602 0
0.317798 0
0.363527 0
0.105963 0
0.530280 0
0.044118 0
0.948390 0
0.405883 0
0.012015 0
0.606927 0
0.623303 0
0.331916 0
0.413906 0
0.461484 0
1.303818 0
0.349565 0
0.179942 0
0.154009 0
1.398365 0
1.320382 0
0.804503 0
1.169785 0
0.325244 0
0.428504 0
0.040604 0
1.460608 0
0.052925 0
0.409528 0
0.071172 0
0.358382 0
0.305252 0
0.278102 0
0.546350 0
1.376850 0
0.514128 0
0.559732 0
0.013623 0
0.892356 0
1.184760 0
0.076879 0
0.215745 0
0.118930 0
0.319474 0
0.013665 0
0.186098 0
1.045202 0
0.185022 0
0.080722 0
1.442352 0
1.818299 0
0.162904 0
0.016446 0
0.311531 0
0.313594 0
0.376614 0
0.088138 0
0.399115 0
0.443339 0
0.335786 0
0.779080 0
0.064223 0
0.189038 0
1.624740 0
1.140084 0
0.681583 0
1.405343 0
0.133694 0
0.055131 0
0.503988 0
0.394175 0
0.358843 0
0.706698 0
0.439640 0
0.475970 0
0.157969 0
1.085766 0
0.186695 0
0.168471 0
0.148370 0
0.202240 0
0.141927 0
0.351836 0
0.377304 0
0.155596 0
0.039461 0
0.802137 0
0.750824 0
0.516527 0
0.694421 0
0.041305 0
0.924112 0
0.433750 0
0.916808 0
0.500064 0
0.030765 0
0.433913 0
1.139664 0
0.086252 0
1.364707 0
1.131892 0
0.251706 0
0.083418 0
0.093040 0
0.530256 0
0.146277 0
0.059227 0
0.530050 0
0.624109 0
0.300103 0
0.647111 0
1.108729 0
0.415460 0
0.662404 0
0.221012 0
0.028609 0
0.414974 0
0.271864 0
0.009324 0
0.223981 0
0.160170 0
0.335043 0
0.311684 0
0.146872 0
0.633856 0
0.785926 0
1.221892 0
0.592960 0
0.036015 0
0.433795 0
0.069439 0
0.262045 0
0.035061 0
0.933452 0
0.151840 0
0.298440 0
0.424246 0
0.211064 0
0.057260 0
0.353770 0
0.064613 0
0.244311 0
0.114030 0
0.275822 0
0.072784 0
0.121504 0
0.760027 0
0.221808 0
0.690715 0
0.309230 0
0.256668 0
0.232014 0
0.434409 0
0.025292 0
0.198486 0
0.770339 0
0.383219 0
0.315539 0
0.008857 0
1.584794 0
0.079183 0
1.437862 0
0.080202 0
0.384766 0
0.161437 0
0.368797 0
0.267665 0
0.212493 0
0.390522 0
0.014930 0
0.058715 0
0.924633 0
1.513725 0
0.506594 0
0.280769 0
0.059598 0
0.310600 0
0.546297 0
0.616790 0
0.259809 0
1.488570 0
0.282228 0
0.147747 0
0.577522 0
0.325508 0
0.879751 0
0.019294 0
0.492467 0
0.578765 0
0.558933 0
0.037764 0
1.073941 0
0.103483 0
0.652735 0
0.916924 0
0.696252 0
0.435993 0
1.006926 0
0.646170 0
0.033038 0
0.205134 0
0.897390 0
0.736479 0
1.162911 0
0.668653 0
0.086816 0
0.096996 0
0.489538 0
0.567639 0
0.742302 0
0.007415 0
0.081492 0
0.272924 0
0.185880 0
0.207117 0
0.093285 0
0.249693 0
1.562885 0
0.161871 0
0.074501 0
0.871418 0
0.036014 0
0.795566 0
0.595637 0
0.168477 0
0.030441 0
0.651977 0
0.576872 0
0.302216 0
0.733680 0
0.390050 0
0.259243 0
0.238236 0
0.892139 0
1.422642 0
0.239628 0
0.091160 0
0.027234 0
0.020732 0
0.104014 0
0.276418 0
0.074237 0
0.356937 0
0.189538 0
0.090892 0
0.224538 0
0.254920 0
0.794333 0
0.025443 0
0.058538 0
0.252169 0
1.448926 0
0.643519 0
0.580538 0
0.320504 0
0.760583 0
0.139315 0
0.641432 0
0.416685 0
0.418578 0
0.078528 0
0.579405 0
0.682207 0
0.591364 0
0.830925 0
0.925956 0
0.109162 0
0.905335 0
0.045263 0
0.454484 0
0.036920 0
0.173154 0
0.061269 0
0.154975 0
0.488003 0
1.236448 0
0.793921 0
0.012309 0
0.334105 0
0.513783 0
0.547860 0
0.302628 0
0.246200 0
0.417787 0
0.700985 0
0.733493 0
0.408645 0
0.871679 0
0.011227 0
1.018870 0
0.634192 0
0.235976 0
0.422918 0
0.123512 0
0.099841 0
0.681427 0
0.391749 0
0.807395 0
0.351850 0
0.050249 0
0.355441 0
0.099859 0
0.358930 0
0.213152 0
0.997082 0
0.438176 0
1.293381 0
0.378483 0
0.984021 0
1.502896 0
0.694419 0
0.839929 0
0.405077 0
1.295276 0
0.014753 0
0.340265 0
0.811852 0
1.867672 0
0.044603 0
0.212655 0
1.499452 0
0.256383 0
0.283988 0
0.090814 0
0.753175 0
0.097340 0
0.833577 0
0.247688 0
0.071103 0
0.040654 0
1.226899 0
0.330446 0
0.612532 0
0.103639 0
0.318395 0
0.636488 0
0.026432 0
0.076395 0
1.120274 0
1.496227 0
0.187903 0
0.033988 0
0.125693 0
0.421070 0
0.435976 0
0.110390 0
0.344455 0
0.664743 0
0.613107 0
0.569763 0
1.473770 0
0.229977 0
0.927931 0
0.534216 0
0.068316 0
0.373917 0
0.396872 0
0.099067 0
0.197851 0
0.064309 0
1.732081 0
0.290303 0
0.091234 0
0.931170 0
0.783809 0
1.367029 0
0.103569 0
0.845204 0
0.103951 0
1.209313 0
0.375362 0
0.702483 0
1.246900 0
0.109614 0
1.863509 0
0.723380 0
0.406665 0
0.503683 0
0.612157 0
0.244815 0
0.831152 0
1.478888 0
0.102055 0
1.244522 0
0.604765 0
0.127566 0
0.274440 0
0.407702 0
0.374963 0
0.372086 0
0.143002 0
1.335564 0
0.077037 0
1.404955 0
0.039511 0
0.137347 0
0.320642 0
0.218406 0
0.289607 0
1.315530 0
0.390566 0
0.372465 0
1.485322 0
1.453634 0
0.481890 0
0.449916 0
0.147452 0
0.830160 0
0.068681 0
0.084792 0
0.049579 0
0.630047 0
0.532666 0
1.217789 0
0.704977 0
0.119700 0
0.624030 0
0.251537 0
0.755247 0
0.072685 0
0.385684 0
0.073280 0
0.266322 0
0.918873 0
0.180148 0
0.944771 0
0.747124 0
0.650120 0
0.035132 0
1.134687 0
0.504865 0
0.099417 0
0.516432 0
0.464401 0
0.046602 0
0.189042 0
0.656471 0
0.371100 0
0.285510 0
0.277134 0
0.108433 0
0.613246 0
0.074469 0
0.282879 0
0.176869 0
0.112682 0
0.660050 0
0.097985 0
1.364071 0
0.619568 0
0.223605 0
0.062037 0
0.420413 0
0.480251 0
0.132397 0
0.947074 0
1.220584 0
0.284232 0
0.243538 0
1.379259 0
0.953082 0
0.374987 0
0.862055 0
0.033851 0
0.248688 0
1.019182 0
0.429878 0
0.013232 0
0.605421 0
0.818686 0
0.729719 0
1.092692 0
1.383029 0
0.190758 0
0.089153 0
0.855730 0
0.021718 0
0.000311 0
0.475479 0
1.534517 0
0.455932 0
0.067072 0
0.175653 0
0.383574 0
0.096073 0
0.306263 0
0.553997 0
0.429536 0
0.715032 0
0.397588 0
0.851105 0
0.138818 0
0.709748 0
0.875170 0
0.321111 0
0.063826 0
0.325282 0
0.512397 0
0.412319 0
0.164651 0
0.982713 0
0.411076 0
0.642937 0
0.449157 0
0.400509 0
0.116796 0
0.297029 0
0.672025 0
0.097948 0
0.154233 0
0.320607 0
0.207978 0
0.789519 0
0.243772 0
0.204326 0
0.663994 0
0.484790 0
0.396530 0
0.553753 0
0.145557 0
0.150193 0
0.011462 0
0.354675 0
0.941962 0
1.057351 0
0.281144 0
0.376969 0
0.330122 0
0.218891 0
0.020282 0
0.724731 0
0.408260 0
0.339792 0
0.202760 0
0.887273 0
0.574308 0
0.060562 0
0.226912 0
1.107425 0
0.436742 0
0.715776 0
1.016892 0
0.018108 0
0.098523 0
0.745863 0
0.393975 0
0.100421 0
0.419227 0
0.340054 0
0.252139 0
1.236929 0
0.407217 0
0.188347 0
0.123659 0
0.840626 0
0.429509 0
0.393097 0
0.260188 0
0.107142 0
0.394178 0
0.721416 0
1.205483 0
0.112740 0
0.486334 0
0.788440 0
0.126763 0
1.058396 0
0.452514 0
0.179171 0
0.197149 0
1.149996 0
0.150341 0
0.587788 0
0.597822 0
1.473207 0
0.041965 0
0.567642 0
0.140431 0
0.421920 0
1.345308 0
0.347869 0
0.123863 0
0.357709 0
0.527443 0
0.444777 0
1.368459 0
0.420370 0
0.153117 0
1.031016 0
0.044379 0
0.792560 0
0.972914 0
0.028671 0
0.567283 0
0.575409 0
0.039263 0
0.308371 0
0.074179 0
0.294508 0
0.628546 0
0.462854 0
0.518015 0
0.907950 0
0.211031 0
0.504555 0
0.856331 0
0.266290 0
0.019159 0
0.414914 0
0.454082 0
0.379025 0
0.137605 0
0.484862 0
0.016115 0
0.373409 0
0.700144 0
0.620482 0
0.828062 0
0.142596 0
0.985036 0
1.000074 0
1.436302 0
0.440895 0
0.175444 0
1.591166 0
0.123235 0
0.731022 0
0.138703 0
0.651038 0
0.140843 0
0.065843 0
0.126401 0
1.285622 0
1.208814 0
1.223113 0
0.497949 0
0.097699 0
0.456643 0
1.486556 0
0.332241 0
0.705378 0
0.671680 0
0.918527 0
0.070841 0
0.608906 0
0.044590 0
0.701238 0
0.334256 0
0.759765 0
0.188265 0
0.421897 0
0.038351 0
0.345384 0
0.487922 0
0.720628 0
0.777229 0
0.202828 0
0.058532 0
0.151184 0
0.326854 0
0.559743 0
0.124626 0
0.360073 0
0.711548 0
0.340578 0
0.398055 0
0.152165 0
0.500489 0
0.269357 0
1.310926 0
0.038870 0
0.106959 0
0.003813 0
0.068478 0
0.403222 0
0.923592 0
0.993273 0
0.009768 0
0.456080 0
0.225889 0
0.029212 0
0.820593 0
0.559006 0
0.163070 0
0.180160 0
1.202938 0
1.158462 0
1.650946 0
0.203501 0
0.709622 0
1.701324 0
0.149051 0
0.244672 0
0.937225 0
0.262618 0
0.316457 0
0.744884 0
0.557727 0
1.056958 0
0.493051 0
0.051474 0
0.102689 0
0.849853 0
0.265708 0
0.239159 0
0.033445 0
0.357890 0
0.748137 0
0.052304 0
1.174740 0
0.343809 0
0.446223 0
0.264429 0
0.047936 0
0.058260 0
0.390523 0
0.216554 0
0.274981 0
0.222352 0
1.389459 0
0.218862 0
0.086061 0
0.241259 0
0.467818 0
0.328356 0
0.739509 0
0.021498 0
0.609346 0
0.238123 0
0.489711 0
0.159238 0
0.673013 0
0.251639 0
0.272431 0
0.245788 0
1.410344 0
0.094936 0
0.249726 0
0.419634 0
0.596650 0
0.320970 0
0.161818 0
0.463054 0
1.373248 0
1.556148 0
0.631776 0
0.042937 0
0.043181 0
0.011934 0
0.473572 0
0.254039 0
0.450254 0
0.119248 0
0.450036 0
0.167881 0
0.107147 0
1.509887 0
0.994448 0
0.403579 0
0.413827 0
1.526389 0
0.183768 0
0.173574 0
0.137504 0
0.156445 0
0.033983 0
0.109524 0
0.059600 0
1.438758 0
0.494217 0
0.644263 0
0.079215 0
0.268798 0
0.436966 0
0.018342 0
1.306217 0
0.577864 0
1.413967 0
0.670667 0
0.847019 0
0.196124 0
0.348046 0
0.352491 0
1.087287 0
1.819788 0
0.426512 0
0.730037 0
0.113730 0
0.911945 0
0.625090 0
0.098831 0
1.095353 0
0.112346 0
0.453271 0
0.172137 0
0.134149 0
0.304709 0
0.389968 0
0.324207 0
1.022684 0
0.053068 0
0.171718 0
1.129458 0
0.054583 0
0.032193 0
0.042369 0
0.202851 0
0.739506 0
0.298065 0
0.104611 0
0.481676 0
0.582427 0
0.109225 0
0.134009 0
1.097765 0
0.175400 0
0.962928 0
0.044152 0
0.709583 0
0.142934 0
0.938467 0
0.265632 0
1.155315 0
0.610363 0
0.599240 0
0.068928 0
0.576762 0
1.089748 0
0.961339 0
0.164417 0
0.377253 0
0.286037 0
0.394103 0
0.884189 0
0.760427 0
0.593292 0
0.270479 0
0.259568 0
0.318560 0
0.487039 0
0.018197 0
0.140592 0
0.804943 0
0.010065 0
1.114435 0
0.330919 0
0.329136 0
0.702043 0
1.254366 0
0.266151 0
0.218383 0
0.015827 0
0.101850 0
0.587269 0
0.846629 0
0.583460 0
0.469874 0
0.297972 0
0.103876 0
1.014488 0
0.963007 0
0.208870 0
0.342927 0
0.234660 0
0.477192 0
1.395755 0
0.382251 0
0.565486 0
1.037740 0
0.099178 0
0.052370 0
0.511313 0
0.025872 0
0.360987 0
0.179789 0
1.014230 0
0.297037 0
0.511328 0
0.484311 0
0.593410 0
0.617377 0
0.023722 0
0.538033 0
0.390884 0
1.139017 0
0.055196 0
0.005570 0
0.802475 0
1.095218 0
1.568486 0
0.669737 0
1.439415 0
0.230564 0
0.511778 0
0.705806 0
0.664589 0
0.269248 0
0.829104 0
0.143161 0
1.262012 0
0.306252 0
0.064143 0
0.463900 0
0.651570 0
0.210886 0
1.075813 0
0.114599 0
0.476403 0
0.538287 0
0.241287 0
0.983230 0
0.235735 0
0.131801 0
0.020503 0
0.017573 0
0.130317 0
0.639913 0
0.526807 0
0.467541 0
0.522275 0
0.288054 0
0.156008 0
0.292661 0
0.932471 0
0.366332 0
1.424305 0
0.420976 0
1.446512 0
0.690903 0
1.901159 0
0.047819 0
0.824726 0
0.394368 0
0.265711 0
1.084079 0
1.465944 0
0.879793 0
0.176275 0
1.383258 0
0.625903 0
0.185370 0
0.185152 0
0.589515 0
0.523907 0
0.101907 0
0.154611 0
0.718386 0
0.084908 0
0.721400 0
0.013839 0
0.020588 0
0.019614 0
0.330259 0
0.291603 0
0.514389 0
0.667287 0
0.107036 0
1.360438 0
0.073900 0
1.247910 0
0.074599 0
1.168706 0
0.762879 0
0.270046 0
0.328310 0
0.676966 0
0.887622 0
0.181563 0
0.584013 0
0.175789 0
0.148227 0
0.070047 0
0.123092 0
1.361620 0
0.065447 0
0.404736 0
0.723076 0
0.232475 0
0.175623 0
0.486161 0
0.517448 0
1.359218 0
0.194384 0
1.363071 0
0.451701 0
0.452685 0
0.545040 0
0.110021 0
1.234388 0
0.051906 0
0.114079 0
0.126059 0
0.265672 0
0.266250 0
0.708110 0
0.024410 0
0.081120 0
0.027224 0
0.057088 0
0.729088 0
0.290166 0
0.633021 0
1.450871 0
0.094439 0
1.691290 0
0.291968 0
0.824400 0
0.585364 0
1.297273 0
0.534434 0
0.035016 0
0.291163 0
0.931228 0
0.325817 0
0.747061 0
0.736912 0
0.038957 0
0.472675 0
0.274404 0
0.420235 0
0.488075 0
0.043131 0
1.299340 0
0.095153 0
0.278735 0
0.472340 0
1.096163 0
1.490324 0
0.686110 0
1.494019 0
0.810880 0
0.351050 0
0.092398 0
0.283564 0
1.584753 0
0.325704 0
0.582776 0
0.036535 0
0.752779 0
1.210990 0
0.025823 0
0.399607 0
0.069627 0
0.105537 0
1.050911 0
0.004718 0
0.180644 0
0.031882 0
0.218963 0
0.031992 0
0.371192 0
0.411386 0
1.451072 0
0.830597 0
0.348299 0
0.083080 0
0.248338 0
1.643682 0
0.080380 0
0.110291 0
0.508871 0
0.086022 0
0.419598 0
0.150450 0
0.289561 0
0.671887 0
0.476477 0
0.485430 0
0.075608 0
0.610147 0
0.157802 0
0.479115 0
0.235521 0
0.534099 0
0.291882 0
0.566851 0
0.998799 0
1.562574 0
0.661790 0
0.388603 0
0.507123 0
0.391734 0
0.216192 0
0.104490 0
0.598925 0
0.189898 0
0.171661 0
0.831895 0
0.083527 0
1.086502 0
0.831960 0
0.358875 0
0.336252 0
0.339366 0
0.119041 0
0.272033 0
1.416050 0
0.932895 0
0.665550 0
0.531490 0
0.173997 0
0.047396 0
0.047521 0
0.090095 0
0.129564 0
0.415770 0
0.988114 0
0.293744 0
1.516155 0
0.133554 0
0.147570 0
0.555160 0
0.214804 0
1.096751 0
0.180843 0
0.061988 0
0.043824 0
0.013302 0
1.903937 0
1.446255 0
0.042841 0
0.594925 0
0.058544 0
0.076549 0
0.233178 0
0.201611 0
0.316483 0
1.432538 0
0.692478 0
0.104133 0
0.150611 0
0.510086 0
0.758111 0
0.830978 0
0.401204 0
0.335838 0
1.199359 0
0.626370 0
0.776266 0
0.051525 0
0.883984 0
0.405846 0
0.291581 0
0.399508 0
0.030714 0
0.377737 0
0.297787 0
0.016361 0
0.095018 0
0.056338 0
0.675533 0
0.361823 0
1.316228 0
0.102269 0
0.109695 0
0.900346 0
0.336132 0
0.085047 0
0.433130 0
0.330248 0
0.258740 0
0.134732 0
0.341567 0
0.080557 0
1.527385 0
0.078140 0
0.260164 0
0.111533 0
0.164252 0
0.555419 0
0.796130 0
0.792259 0
0.201907 0
1.133953 0
0.368095 0
0.251960 0
0.625878 0
0.663843 0
0.955013 0
0.759840 0
0.426891 0
0.364684 0
0.568342 0
0.811428 0
0.051460 0
0.664522 0
0.192045 0
0.136598 0
0.292114 0
0.089679 0
0.090364 0
0.251673 0
0.252850 0
0.011102 0
1.525185 0
0.228169 0
0.067137 0
0.133141 0
1.115053 0
1.475841 0
0.121023 0
0.721945 0
1.793054 0
0.252908 0
0.193754 0
1.677471 0
0.665545 0
1.431385 0
0.706336 0
0.061372 0
0.276562 0
0.377139 0
0.455266 0
1.211475 0
0.504890 0
0.014169 0
0.262192 0
0.086719 0
0.268937 0
0.027372 0
0.108358 0
1.145730 0
0.852757 0
0.050173 0
0.271191 0
0.838409 0
0.261698 0
0.325856 0
0.189512 0
0.185693 0
0.853812 0
1.807911 0
1.527141 0
0.109180 0
0.393702 0
0.490065 0
0.007526 0
0.143179 0
0.697043 0
0.816352 0
0.256474 0
0.784559 0
0.179266 0
0.101794 0
0.509126 0
0.118973 0
1.463750 0
0.382007 0
1.447837 0
0.524521 0
0.540833 0
0.473462 0
0.992130 0
0.814288 0
0.954904 0
0.372317 0
0.524599 0
0.441408 0
1.077228 0
0.078602 0
0.822530 0
0.141067 0
0.638581 0
0.028002 0
1.233821 0
0.294798 0
0.149184 0
0.032901 0
1.498827 0
0.313116 0
0.171537 0
1.341155 0
0.549440 0
0.601592 0
0.138397 0
0.253032 0
0.604424 0
0.326060 0
0.680700 0
1.404714 0
0.350527 0
0.294573 0
0.322110 0
0.224062 0
0.140094 0
1.396791 0
0.073512 0
0.085849 0
0.622133 0
0.248235 0
0.638119 0
0.748217 0
1.489370 0
1.231069 0
0.029600 0
0.877817 0
1.500836 0
1.643810 0
0.152319 0
0.210398 0
0.347233 0
0.272870 0
0.109255 0
0.626509 0
0.571552 0
0.012762 0
0.231665 0
1.002063 0
0.408131 0
0.112491 0
0.064190 0
1.341575 0
0.172919 0
0.234993 0
0.032893 0
0.773770 0
0.208143 0
0.311141 0
1.067202 0
0.238942 0
0.128039 0
0.046594 0
1.319080 0
0.291307 0
0.641951 0
0.167150 0
0.300852 0
0.022735 0
0.318091 0
0.382587 0
0.459166 0
0.891631 0
0.124977 0
0.981543 0
0.391345 0
0.608927 0
0.108354 0
0.957525 0
0.432330 0
0.188026 0
0.059098 0
0.275464 0
1.454680 0
1.393260 0
0.031681 0
0.024359 0
0.121194 0
0.385071 0
0.398778 0
0.120565 0
1.217911 0
0.169061 0
0.596670 0
0.241870 0
0.377862 0
0.083679 0
1.614421 0
0.096364 0
0.873280 0
0.204649 0
1.591154 0
0.233380 0
0.198703 0
0.232814 0
0.221685 0
0.127984 0
0.076009 0
0.344102 0
1.232396 0
1.480302 0
0.844202 0
0.507227 0
0.510840 0
0.202746 0
0.272891 0
0.623511 0
0.479650 0
0.582977 0
0.201951 0
0.391452 0
0.494774 0
0.187652 0
0.739882 0
0.088906 0
0.119037 0
0.199617 0
0.682383 0
0.688486 0
0.048855 0
0.417534 0
0.291113 0
0.166492 0
1.529059 0
0.671694 0
0.965788 0
0.301738 0
0.345787 0
0.265478 0
0.023357 0
1.025679 0
0.012046 0
0.193904 0
0.276253 0
0.388750 0
0.413963 0
0.709091 0
0.213617 0
0.952131 0
0.092114 0
0.093056 0
0.414156 0
0.400586 0
0.094431 0
0.691161 0
0.662237 0
0.390836 0
1.173590 0
1.135211 0
0.207250 0
0.754225 0
0.560678 0
1.494446 0
0.816819 0
0.363106 0
0.653885 0
0.037721 0
0.568309 0
0.843641 0
0.606461 0
0.318507 0
0.250288 0
1.213323 0
0.360302 0
1.330852 0
0.005434 0
0.570364 0
0.680963 0
0.065532 0
0.655172 0
0.194185 0
0.225899 0
0.041245 0
0.619120 0
0.090492 0
0.368138 0
0.349068 0
0.004167 0
0.012792 0
0.502392 0
0.415328 0
1.082479 0
0.833173 0
0.226309 0
0.895986 0
0.035450 0
0.171979 0
0.491963 0
0.462028 0
0.522699 0
0.710522 0
0.171926 0
0.285749 0
0.958290 0
1.369169 0
1.108952 0
0.049738 0
1.179282 0
0.079187 0
0.679426 0
0.892398 0
1.351779 0
1.476277 0
0.985105 0
0.315844 0
1.757399 0
0.089360 0
0.893177 0
0.114554 0
1.142435 0
0.080012 0
0.791097 0
0.843492 0
0.222578 0
0.125826 0
0.137265 0
0.390894 0
0.024519 0
0.532974 0
0.145964 0
0.544309 0
0.124906 0
0.560534 0
0.057417 0
0.117888 0
1.437818 0
0.222766 0
0.836096 0
0.368473 0
0.183124 0
0.846911 0
1.393659 0
0.050143 0
0.355432 0
1.198303 0
1.079032 0
0.210350 0
0.882973 0
0.203479 0
0.345464 0
0.546615 0
1.152131 0
0.349708 0
0.039689 0
0.539285 0
0.109505 0
0.987923 0
0.566303 0
1.539966 0
0.560163 0
2.235087 0
0.463264 0
0.537896 0
1.640350 0
1.415441 0
0.683954 0
0.131755 0
0.292543 0
0.709236 0
0.401732 0
0.260191 0
0.500425 0
0.539271 0
0.531016 0
1.043293 0
0.187449 0
0.228957 0
0.497780 0
0.025986 0
0.007225 0
0.197475 0
0.561129 0
0.713926 0
0.054265 0
0.215634 0
0.716654 0
0.661670 0
0.419738 0
0.120489 0
0.349488 0
0.159247 0
0.678068 0
0.824607 0
0.515413 0
0.441432 0
0.245712 0
1.212738 0
0.373127 0
1.204704 0
0.136168 0
1.280182 0
0.652824 0
0.239573 0
0.255511 0
1.376695 0
0.266264 0
0.975212 0
1.149438 0
0.241574 0
0.294477 0
1.192719 0
0.443636 0
0.227382 0
1.600789 0
0.735800 0
0.088418 0
0.912461 0
0.783698 0
0.140498 0
0.723494 0
0.289749 0
0.640675 0
0.571818 0
0.223460 0
0.132543 0
0.066874 0
0.377964 0
1.326552 0
0.401010 0
0.176471 0
0.119788 0
1.033538 0
0.075184 0
1.070873 0
1.405918 0
0.300786 0
0.196729 0
0.491821 0
0.062672 0
0.301597 0
1.200496 0
0.658643 0
0.168669 0
0.159136 0
0.078516 0
0.162887 0
1.322737 0
0.031955 0
0.709422 0
0.208260 0
1.090125 0
0.213306 0
0.024753 0
0.062012 0
1.127198 0
0.312373 0
0.023599 0
0.175975 0
0.236812 0
0.130794 0
0.409026 0
1.430417 0
0.359570 0
0.215337 0
0.868310 0
0.106771 0
0.160589 0
0.612734 0
0.679690 0
0.390386 0
0.498967 0
0.035242 0
1.025012 0
0.526296 0
0.644035 0
0.077449 0
1.539178 0
0.567066 0
0.357759 0
0.614447 0
0.692793 0
0.699235 0
0.284818 0
0.529711 0
0.134062 0
1.185073 0
0.566710 0
0.254572 0
0.929443 0
0.215439 0
0.025358 0
1.294284 0
0.024796 0
0.928049 0
0.423739 0
0.177484 0
1.369515 0
1.164880 0
0.411174 0
0.218554 0
0.280169 0
0.155483 0
0.674878 0
0.258306 0
0.255592 0
0.302204 0
1.143025 0
1.197861 0
0.508013 0
0.075067 0
0.580412 0
0.147868 0
0.390278 0
0.153476 0
0.783707 0
2.055907 0
1.459527 0
0.157362 0
0.180567 0
0.275701 0
0.017548 0
0.073040 0
0.943501 0
0.293650 0
0.133311 0
0.135559 0
0.062746 0
0.221334 0
0.684287 0
0.618299 0
0.094582 0
1.072773 0
0.104756 0
0.226643 0
0.657143 0
0.351797 0
0.250015 0
0.522801 0
1.660611 0
0.162557 0
1.691560 0
0.291640 0
0.777631 0
0.235518 0
0.305472 0
0.273047 0
0.030061 0
1.101442 0
1.686374 0
0.900333 0
0.181121 0
1.047704 0
1.474041 0
0.327046 0
0.558875 0
0.966254 0
0.181580 0
0.169448 0
0.950837 0
0.787561 0
0.259483 0
0.786035 0
0.862353 0
0.670441 0
0.094495 0
0.496273 0
0.567134 0
0.112418 0
0.767109 0
0.168907 0
0.901105 0
0.040090 0
0.022717 0
1.291942 0
0.762031 0
0.035601 0
0.258991 0
0.199352 0
0.717610 0
0.183632 0
0.173843 0
1.365595 0
0.291504 0
0.466211 0
0.048946 0
0.378539 0
0.433977 0
0.770379 0
1.474183 0
0.403503 0
0.258785 0
0.174841 0
0.068757 0
0.563968 0
0.229253 0
1.294207 0
0.135773 0
0.354240 0
1.126669 0
1.039567 0
0.702231 0
0.010842 0
0.204738 0
0.855364 0
0.466958 0
0.336919 0
0.992018 0
0.749894 0
0.592164 0
0.534323 0
0.388825 0
0.290717 0
0.104086 0
0.413496 0
0.233521 0
0.279511 0
0.290665 0
0.075880 0
0.502922 0
0.774030 0
0.392024 0
0.689543 0
0.649564 0
0.475804 0
1.033207 0
0.147584 0
0.142395 0
0.050412 0
0.682710 0
1.125287 0
0.478111 0
0.917583 0
0.569289 0
0.243501 0
0.324856 0
0.924391 0
1.428395 0
0.304311 0
0.862864 0
0.534175 0
0.781955 0
0.203240 0
0.235322 0
0.071377 0
0.302185 0
0.573750 0
0.896295 0
0.463069 0
0.436032 0
0.148340 0
0.201873 0
0.284766 0
0.657637 0
0.678398 0
1.088114 0
0.260762 0
0.152724 0
0.941925 0
0.011828 0
0.522396 0
0.249013 0
0.327919 0
0.185516 0
0.524231 0
0.310958 0
0.123995 0
0.482337 0
1.326105 0
0.194153 0
0.085124 0
0.024731 0
0.185937 0
0.965365 0
0.400680 0
1.466546 0
0.584188 0
0.243160 0
0.068987 0
0.280919 0
0.604709 0
0.128031 0
0.472795 0
0.239599 0
0.031457 0
0.066104 0
0.150847 0
0.169156 0
0.015960 0
0.776525 0
0.220741 0
0.214153 0
0.017434 0
0.174172 0
0.503814 0
0.561246 0
0.972576 0
0.186801 0
0.478672 0
0.240939 0
0.381415 0
1.476286 0
0.517690 0
0.195821 0
0.218367 0
0.463038 0
0.360189 0
0.154428 0
0.132985 0
0.579586 0
0.220781 0
0.564676 0
0.224927 0
0.185122 0
0.080245 0
0.053281 0
0.423126 0
0.041122 0
0.350863 0
0.886528 0
0.976868 0
0.975908 0
1.893909 0
0.272257 0
1.396319 0
0.569809 0
0.124932 0
0.298352 0
0.609690 0
0.564068 0
0.048321 0
1.601875 0
0.152486 0
0.480453 0
0.032963 0
1.697518 0
0.749970 0
0.046018 0
0.405067 0
0.192427 0
0.593741 0
0.236650 0
0.788048 0
0.479020 0
0.251165 0
1.896456 0
0.233019 0
0.187401 0
0.027426 0
0.616763 0
0.999181 0
0.195661 0
0.019861 0
0.659477 0
0.097319 0
1.025434 0
0.408588 0
0.150510 0
0.329338 0
1.403895 0
1.070331 0
0.126948 0
0.955518 0
2.495336 0
0.482994 0
0.189684 0
0.176097 0
1.469403 0
0.245968 0
0.804260 0
0.006435 0
0.496983 0
0.333742 0
0.008697 0
0.645193 0
0.287494 0
0.310671 0
0.085660 0
0.008425 0
1.343004 0
0.123167 0
0.725397 0
0.466687 0
0.113498 0
0.392764 0
0.316241 0
0.145370 0
0.762397 0
0.263877 0
0.050587 0
0.118603 0
0.283492 0
0.766452 0
0.781671 0
0.064852 0
0.100585 0
0.548879 0
0.691300 0
0.619438 0
0.110516 0
1.459625 0
0.943794 0
0.664337 0
0.090660 0
0.016961 0
1.493537 0
1.231079 0
0.179645 0
1.367396 0
0.552298 0
0.561253 0
0.545600 0
0.200562 0
0.207133 0
0.267571 0
0.415807 0
0.913349 0
0.099180 0
0.077668 0
0.339369 0
0.859204 0
0.075704 0
0.084153 0
0.414092 0
1.772426 0
0.450102 0
0.038901 0
0.184608 0
0.463457 0
0.227695 0
0.150594 0
0.417034 0
0.488284 0
1.802933 0
0.168967 0
1.419894 0
0.219130 0
0.543362 0
0.884676 0
0.094751 0
0.868696 0
0.094610 0
0.408849 0
0.049754 0
0.230969 0
0.575021 0
0.186613 0
0.147824 0
0.617156 0
0.119655 0
0.024926 0
0.185555 0
0.296194 0
0.475720 0
1.426731 0
0.321901 0
0.905247 0
0.549747 0
0.236711 0
0.265894 0
0.195101 0
0.147841 0
0.445705 0
0.056239 0
0.659908 0
0.216496 0
0.057988 0
0.152625 0
0.215693 0
0.177495 0
0.690529 0
0.112784 0
1.134340 0
0.445074 0
0.023659 0
0.039417 0
0.310101 0
0.300120 0
0.367795 0
0.083450 0
0.044738 0
0.569535 0
0.427600 0
0.172697 0
0.388894 0
0.532430 0
0.169129 0
1.586906 0
0.491108 0
0.920996 0
0.032323 0
0.012419 0
0.095854 0
0.449994 0
0.335635 0
1.387581 0
0.132481 0
0.267496 0
0.381240 0
0.362571 0
0.089373 0
0.657569 0
0.090852 0
0.088592 0
0.606913 0
0.080230 0
0.004034 0
0.040402 0
0.323553 0
0.204573 0
0.035073 0
0.072994 0
0.450706 0
0.252608 0
1.062240 0
1.096460 0
0.533276 0
1.102612 0
0.634371 0
0.223077 0
1.567605 0
0.586779 0
0.590946 0
1.320895 0
0.588666 0
1.516070 0
1.029501 0
0.140950 0
1.380441 0
0.218220 0
1.458162 0
0.050540 0
0.097966 0
0.900371 0
0.044754 0
0.618700 0
0.030270 0
0.136396 0
1.414899 0
0.144108 0
1.898212 0
0.722067 0
0.232750 0
0.341459 0
0.381980 0
1.151780 0
0.104636 0
1.254582 0
0.027461 0
0.143357 0
0.549089 0
0.093899 0
0.552292 0
0.438468 0
0.288235 0
0.482979 0
0.962640 0
0.165019 0
0.114050 0
0.069820 0
0.618311 0
0.156484 0
0.866799 0
0.943625 0
0.520925 0
0.026812 0
0.408212 0
0.736374 0
0.976271 0
1.452430 0
0.034873 0
1.436873 0
1.069120 0
0.297712 0
0.078720 0
0.285480 0
0.006969 0
0.028978 0
0.453091 0
0.139151 0
0.158572 0
0.741121 0
0.108731 0
1.525053 0
0.128013 0
0.123367 0
0.107422 0
0.295288 0
0.063169 0
0.011682 0
0.033848 0
0.809257 0
1.659431 0
0.669766 0
0.895645 0
0.988713 0
0.381503 0
0.112779 0
1.385262 0
0.262355 0
1.494977 0
0.513892 0
0.730041 0
0.200212 0
0.100657 0
1.449755 0
0.476019 0
1.523169 0
0.435513 0
1.482529 0
0.130541 0
1.615660 0
0.295810 0
0.564566 0
0.674447 0
0.246000 0
0.333974 0
0.461072 0
0.860685 0
0.432216 0
0.181239 0
1.371743 0
0.264847 0
0.260387 0
0.286932 0
1.063606 0
0.227105 0
1.259484 0
1.371879 0
0.197068 0
0.596946 0
0.355742 0
0.774282 0
0.193331 0
0.043605 0
0.061647 0
0.410628 0
0.276229 0
0.548860 0
0.406066 0
0.689171 0
0.065390 0
0.066402 0
0.108201 0
0.863540 0
0.352350 0
0.834904 0
1.568652 0
0.297521 0
0.090797 0
0.760160 0
0.065265 0
0.618783 0
0.082677 0
1.856117 0
0.470714 0
0.101317 0
0.076149 0
0.181962 0
1.091140 0
0.470711 0
0.052114 0
0.220118 0
0.205938 0
0.116336 0
0.126193 0
0.331227 0
0.060144 0
1.705801 0
0.232880 0
0.173117 0
0.207124 0
0.479499 0
0.499699 0
0.096624 0
0.104462 0
0.772983 0
0.149350 0
0.306973 0
0.195518 0
0.272355 0
0.256486 0
1.318408 0
0.090984 0
0.157032 0
0.037365 0
0.415655 0
1.037598 0
1.052068 0
0.425883 0
0.920778 0
0.426979 0
0.506629 0
0.647578 0
1.092872 0
0.121749 0
0.061493 0
0.051207 0
0.589435 0
1.497204 0
0.248453 0
0.131950 0
0.382834 0
0.183882 0
1.636894 0
0.200115 0
0.305875 0
0.764635 0
0.413628 0
0.498245 0
1.297915 0
1.762472 0
1.041730 0
0.153332 0
0.224534 0
0.389852 0
0.040712 0
0.222440 0
1.053121 0
1.453102 0
1.279678 0
0.676864 0
1.598568 0
0.075336 0
0.224540 0
1.740354 0
0.556028 0
0.291853 0
0.393843 0
0.672051 0
0.672576 0
0.054726 0
0.172915 0
1.524264 0
0.529498 0
0.426849 0
0.595620 0
0.229575 0
0.118094 0
0.233709 0
0.228958 0
0.275980 0
0.499015 0
0.660614 0
0.390101 0
0.111682 0
1.085868 0
1.876853 0
1.081350 0
1.361247 0
0.141363 0
0.238594 0
0.131475 0
0.501859 0
0.235296 0
0.849969 0
0.253603 0
0.131132 0
0.591848 0
0.954248 0
0.226594 0
0.353585 0
1.072932 0
0.035227 0
0.685300 0
0.086592 0
0.660697 0
0.104683 0
1.572970 0
1.284888 0
0.433187 0
0.261342 0
1.405053 0
0.777045 0
0.624673 0
1.016483 0
0.191791 0
0.392475 0
0.478735 0
0.545548 0
0.096564 0
0.091362 0
0.802914 0
0.091523 0
0.115263 0
0.022210 0
0.007061 0
0.398951 0
0.282917 0
0.443376 0
1.013938 0
0.148671 0
0.636750 0
0.507490 0
0.051602 0
1.276524 0
0.752238 0
1.168105 0
0.161463 0
0.449921 0
1.718450 0
0.750274 0
0.216424 0
0.652416 0
0.112276 0
0.219553 0
0.350825 0
0.653192 0
0.526721 0
0.329366 0
0.798825 0
0.431413 0
1.144244 0
0.325635 0
0.412387 0
0.478078 0
0.036324 0
1.232028 0
1.468865 0
0.007755 0
0.347912 0
0.115772 0
0.346190 0
0.567557 0
1.085901 0
0.288849 0
1.491767 0
0.460189 0
1.644836 0
1.154361 0
0.887597 0
0.774632 0
0.831116 0
0.659444 0
0.741441 0
0.453549 0
0.252943 0
1.042107 0
1.448413 0
1.380881 0
0.410473 0
0.744048 0
0.526151 0
0.177859 0
0.165409 0
0.036117 0
1.096996 0
0.963972 0
0.919656 0
0.512276 0
1.409528 0
0.192416 0
0.737668 0
1.014379 0
0.023968 0
0.235272 0
1.396501 0
0.210309 0
0.590555 0
0.136365 0
0.139221 0
0.225317 0
0.164014 0
0.116667 0
0.748471 0
0.199976 0
1.673085 0
0.516555 0
0.850152 0
0.039358 0
0.134546 0
0.128016 0
0.323078 0
0.862157 0
0.426275 0
0.021706 0
1.802895 0
0.051963 0
1.446273 0
0.475492 0
0.807167 0
0.340733 0
0.024691 0
0.013930 0
0.149001 0
0.874092 0
0.396111 0
0.042651 0
0.574623 0
0.346132 0
0.038743 0
0.558284 0
0.059118 0
0.326404 0
0.264121 0
0.327608 0
0.003138 0
0.403480 0
0.158692 0
0.010942 0
1.416089 0
0.757284 0
0.054080 0
0.407548 0
1.382369 0
0.448095 0
0.615587 0
0.550661 0
1.127184 0
0.247436 0
0.885108 0
0.086743 0
0.173448 0
0.466876 0
1.285719 0
1.004231 0
0.414642 0
0.285484 0
1.193539 0
0.252175 0
0.815719 0
0.923460 0
0.278747 0
0.299993 0
0.215615 0
0.722104 0
0.260431 0
0.329573 0
1.195825 0
1.566648 0
0.257820 0
0.094618 0
0.191871 0
0.221638 0
1.398630 0
0.040600 0
0.426621 0
1.669478 0
0.200546 0
0.632057 0
0.011593 0
1.221286 0
0.299415 0
0.838345 0
0.093394 0
0.384906 0
0.205158 0
0.788281 0
0.225784 0
0.587087 0
1.285857 0
0.507862 0
0.459962 0
0.805456 0
0.482496 0
0.870341 0
0.900829 0
0.135273 0
0.095253 0
0.540627 0
0.071799 0
0.559152 0
0.179402 0
0.083219 0
0.163275 0
0.169777 0
1.381135 0
1.439656 0
0.264386 0
1.229578 0
0.224983 0
0.715458 0
0.164886 0
0.124164 0
0.147772 0
0.451832 0
0.826314 0
0.658162 0
0.487781 0
0.128354 0
0.378855 0
0.339660 0
0.701944 0
0.147237 0
0.100028 0
1.632963 0
0.058549 0
0.182270 0
0.544605 0
0.137240 0
0.028575 0
0.434097 0
0.545057 0
0.198048 0
0.351757 0
0.570749 0
0.691885 0
0.205979 0
0.298766 0
0.686911 0
1.213526 0
0.154113 0
0.957286 0
1.002350 0
0.589739 0
1.735917 0
0.035187 0
1.010745 0
0.307741 0
0.304498 0
1.363235 0
1.792266 0
0.843831 0
0.978615 0
0.522189 0
0.158542 0
1.182225 0
0.281585 0
0.282518 0
0.927343 0
0.244196 0
0.337921 0
1.149691 0
1.923303 0
0.051334 0
0.591983 0
0.427846 0
0.213428 0
0.896742 0
0.043554 0
0.331219 0
0.565803 0
0.476948 0
0.678120 0
1.701510 0
0.901588 0
0.070454 0
0.036916 0
0.303679 0
0.825261 0
0.374868 0
0.818658 0
0.557047 0
0.445683 0
0.858274 0
0.147304 0
0.477572 0
0.207538 0
0.366513 0
0.206390 0
0.085275 0
0.687107 0
1.457987 0
0.197871 0
0.031713 0
1.802729 0
1.257398 0
0.254506 0
0.978133 0
0.698075 0
0.099843 0
0.611347 0
0.839712 0
1.023037 0
0.140910 0
1.029544 0
0.332192 0
0.376553 0
0.038143 0
0.781400 0
0.103431 0
0.708036 0
0.132107 0
1.427918 0
0.084880 0
0.845591 0
1.101013 0
0.617274 0
0.368998 0
0.626010 0
0.283667 0
0.631415 0
0.075640 0
0.015826 0
1.069511 0
0.370727 0
0.370873 0
0.401075 0
0.098490 0
1.680117 0
1.368058 0
0.038010 0
0.044271 0
1.206276 0
1.284004 0
0.093922 0
0.400659 0
0.151749 0
0.787266 0
0.207545 0
0.418212 0
0.735134 0
0.044079 0
0.878443 0
0.363508 0
0.812816 0
1.072823 0
0.974377 0
0.135758 0
0.073830 0
0.696328 0
0.833462 0
0.688133 0
1.328278 0
0.536258 0
1.199645 0
0.391893 0
0.645239 0
0.257244 0
0.152513 0
0.348871 0
0.374492 0
0.945061 0
0.381066 0
1.500757 0
1.253504 0
0.184177 0
0.438752 0
0.133834 0
0.209501 0
0.784522 0
0.333337 0
0.181228 0
0.574106 0
0.523242 0
0.591601 0
0.389602 0
0.154844 0
0.256585 0
0.168300 0
0.477836 0
0.030103 0
1.390247 0
0.270780 0
0.365112 0
0.175902 0
0.275786 0
0.064586 0
0.395495 0
0.193489 0
0.460235 0
0.564928 0
0.132721 0
0.325511 0
0.734733 0
0.079044 0
0.484380 0
0.688087 0
0.321781 0
0.295153 0
1.052485 0
0.576818 0
0.473203 0
0.237519 0
0.566271 0
0.374881 0
0.027926 0
0.241903 0
1.596888 0
0.724908 0
0.258926 0
0.070315 0
0.386284 0
0.735417 0
0.424806 0
0.334709 0
0.318831 0
0.298011 0
0.129263 0
0.259983 0
0.222485 0
1.093600 0
0.679609 0
0.498076 0
0.694331 0
0.768032 0
0.840196 0
0.270648 0
0.030369 0
0.501503 0
0.459153 0
0.328575 0
1.010441 0
0.138433 0
0.169177 0
0.093997 0
0.041157 0
1.841204 0
1.038960 0
0.333772 0
0.358681 0
1.241810 0
0.009182 0
0.526878 0
0.563723 0
1.851117 0
0.901832 0
0.316944 0
0.035732 0
0.723882 0
0.002286 0
0.383409 0
0.161187 0
1.048157 0
0.435470 0
0.297849 0
0.263827 0
0.266707 0
0.420122 0
0.320530 0
0.014149 0
0.009838 0
0.248121 0
0.666310 0
1.437444 0
0.424295 0
0.571956 0
0.167239 0
0.603601 0
0.659739 0
0.781145 0
0.144496 0
0.194537 0
1.367615 0
0.460703 0
0.910502 0
0.136250 0
0.174181 0
0.191164 0
0.364467 0
0.767758 0
0.451625 0
0.240588 0
0.290841 0
0.047672 0
0.026555 0
0.793642 0
0.174231 0
0.212697 0
0.282440 0
0.455819 0
0.100952 0
0.351018 0
0.635534 0
0.547808 0
0.063655 0
0.255237 0
0.404242 0
0.864768 0
0.242191 0
0.023197 0
0.087863 0
0.188727 0
0.988001 0
0.014987 0
1.087025 0
0.021112 0
0.337668 0
0.653636 0
0.380363 0
1.385909 0
0.930578 0
0.430015 0
0.728255 0
0.561906 0
0.314464 0
0.322823 0
0.011460 0
1.181181 0
1.394439 0
0.479954 0
0.387270 0
0.561509 0
0.786489 0
0.006840 0
0.295991 0
0.363273 0
0.394823 0
0.081962 0
0.345621 0
0.548271 0
0.121306 0
0.582190 0
0.290167 0
2.053877 0
0.176459 0
0.271714 0
0.377535 0
0.333452 0
0.622200 0
1.061427 0
0.935118 0
0.181740 0
0.182409 0
0.185726 0
0.092576 0
0.023285 0
0.508892 0
0.168938 0
0.216461 0
0.009819 0
0.159545 0
1.273323 0
0.026148 0
1.564852 0
0.298306 0
1.291713 0
0.028250 0
0.902129 0
0.061183 0
0.369318 0
0.976555 0
0.465304 0
0.252501 0
0.152400 0
0.100042 0
0.274711 0
0.254117 0
1.077422 0
0.049049 0
0.264684 0
0.039573 0
0.509972 0
0.485340 0
1.906671 0
0.078689 0
0.358501 0
0.081112 0
0.415908 0
1.656914 0
0.446555 0
0.418000 0
0.322146 0
0.408723 0
0.495154 0
0.372795 0
0.169475 0
0.458448 0
0.128340 0
0.334398 0
1.159312 0
0.337234 0
0.159403 0
0.186610 0
0.043177 0
1.538902 0
0.467107 0
0.622186 0
0.080228 0
0.152539 0
0.229859 0
0.065386 0
0.490130 0
0.705528 0
0.624995 0
0.344322 0
0.116632 0
0.163348 0
0.985917 0
0.387830 0
0.093658 0
0.969682 0
0.656088 0
1.538750 0
0.251445 0
0.978755 0
0.066473 0
0.114578 0
0.662269 0
0.095683 0
0.658128 0
1.033362 0
1.080615 0
0.413566 0
0.073918 0
0.705128 0
0.039508 0
0.843768 0
0.361406 0
0.108327 0
1.286780 0
1.334811 0
0.173616 0
0.733653 0
0.371566 0
0.820540 0
1.122593 0
0.403912 0
0.165845 0
1.437820 0
0.700467 0
0.558078 0
0.173262 0
0.526090 0
0.148648 0
0.086240 0
0.053262 0
0.028086 0
0.009043 0
1.723357 0
0.188441 0
0.743225 0
0.348109 0
0.252600 0
0.777821 0
1.548238 0
0.740944 0
1.534945 0
1.151403 0
0.408545 0
1.059986 0
2.063833 0
0.588709 0
0.396225 0
0.241889 0
0.776777 0
0.517473 0
0.461355 0
0.892803 0
0.121200 0
0.260871 0
0.135062 0
0.176519 0
0.090926 0
0.109889 0
1.174140 0
0.847304 0
1.205817 0
0.563909 0
0.433512 0
1.165584 0
0.636907 0
0.232169 0
0.279947 0
0.886290 0
0.156806 0
0.570227 0
0.419734 0
0.224784 0
0.105708 0
0.824899 0
0.605977 0
0.105270 0
0.127736 0
0.128147 0
0.224304 0
0.082121 0
0.008368 0
0.447103 0
0.209788 0
0.419504 0
1.177364 0
0.257902 0
0.094530 0
0.512505 0
0.345170 0
0.834112 0
0.190074 0
0.419500 0
0.347290 0
0.390039 0
0.486048 0
0.398432 0
0.507092 0
1.400061 0
1.413006 0
0.144380 0
1.264293 0
0.552136 0
0.080493 0
1.101194 0
0.117561 0
0.380273 0
0.073764 0
0.455890 0
0.395932 0
0.188088 0
0.073880 0
0.143461 0
0.023524 0
1.584130 0
0.012124 0
0.602363 0
0.020749 0
0.616208 0
0.043073 0
1.728012 0
0.406633 0
0.237504 0
0.332391 0
1.495134 0
0.134343 0
0.503473 0
0.305354 0
0.870218 0
0.069029 0
0.037414 0
0.308726 0
0.698385 0
0.370819 0
0.491239 0
0.331220 0
0.204158 0
0.137747 0
0.126237 0
0.755887 0
1.282581 0
1.521144 0
0.148250 0
0.358441 0
0.066593 0
0.195246 0
1.305793 0
0.424709 0
0.563133 0
0.304492 0
1.093118 0
1.582740 0
0.576286 0
0.064137 0
0.054788 0
0.719859 0
0.510155 0
0.367363 0
0.145213 0
1.664114 0
0.549113 0
0.229132 0
0.210649 0
1.449489 0
0.035780 0
0.026725 0
0.167640 0
0.129369 0
0.131064 0
1.706250 0
0.077010 0
0.153516 0
0.175029 0
0.282385 0
0.162386 0
1.257602 0
0.380654 0
0.407519 0
2.131555 0
1.182832 0
0.280966 0
0.542381 0
0.253451 0
0.825650 0
0.086468 0
0.407683 0
0.006798 0
1.006848 0
0.147433 0
0.861123 0
0.332507 0
0.499141 0
0.691934 0
0.549505 0
0.209790 0
0.307802 0
0.245936 0
0.289830 0
1.630371 0
1.373893 0
0.269122 0
0.142627 0
1.211400 0
0.823250 0
0.336625 0
0.065459 0
0.217320 0
0.417230 0
0.642986 0
0.051543 0
0.226187 0
2.256452 0
0.506425 0
0.385664 0
0.204496 0
0.167630 0
0.859112 0
1.197332 0
1.130192 0
0.777640 0
1.040643 0
1.454634 0
0.441148 0
0.088282 0
0.253836 0
0.054590 0
0.431494 0
0.615097 0
0.185450 0
0.297980 0
0.450386 0
0.610665 0
0.218132 0
0.078752 0
0.839683 0
1.504996 0
1.270355 0
0.189850 0
0.552757 0
0.117250 0
0.883247 0
0.031153 0
0.337595 0
0.544763 0
0.327931 0
0.763949 0
0.204454 0
0.059026 0
0.263249 0
0.513024 0
0.174978 0
0.691849 0
0.115098 0
0.451900 0
0.486500 0
0.575603 0
0.072439 0
0.006440 0
0.709726 0
0.714026 0
0.566024 0
0.758876 0
1.321987 0
0.220438 0
0.389125 0
0.879592 0
0.915133 0
1.009548 0
0.139007 0
0.190886 0
0.049404 0
0.382936 0
0.325696 0
1.389231 0
0.548683 0
0.132093 0
0.203998 0
1.168292 0
0.042596 0
0.056625 0
0.460514 0
0.134214 0
0.687336 0
0.186566 0
0.092586 0
0.391301 0
1.387912 0
0.002240 0
0.332489 0
1.472295 0
0.777664 0
0.209464 0
0.649843 0
0.310012 0
0.512600 0
0.589665 0
0.243227 0
0.704398 0
0.062817 0
0.287405 0
1.115744 0
0.087776 0
0.714927 0
0.862818 0
0.127174 0
0.040987 0
0.142845 0
0.169453 0
0.504274 0
0.343066 0
0.631004 0
0.730292 0
0.368442 0
0.590694 0
1.714849 0
0.046300 0
1.220267 0
0.622557 0
1.178841 0
0.592424 0
0.426125 0
0.430962 0
0.798028 0
0.928774 0
0.478909 0
0.200154 0
0.427492 0
0.485092 0
0.819429 0
0.908447 0
0.501276 0
0.691900 0
0.128230 0
0.097781 0
0.214953 0
0.725223 0
0.158078 0
0.345779 0
0.062879 0
0.043502 0
0.136795 0
0.347551 0
0.552925 0
0.070217 0
0.069053 0
0.021579 0
1.062752 0
0.929598 0
0.649593 0
0.699244 0
0.733774 0
1.114630 0
0.825727 0
0.466438 0
0.372134 0
0.026500 0
1.480591 0
0.061489 0
0.349728 0
0.485667 0
0.435053 0
0.820067 0
0.305758 0
0.036481 0
0.061585 0
0.225040 0
0.244491 0
1.182007 0
1.073495 0
0.500352 0
0.089645 0
0.110012 0
1.177076 0
0.276432 0
0.435933 0
0.348731 0
0.077633 0
0.057763 0
0.395945 0
0.134811 0
0.148496 0
0.501664 0
0.011690 0
1.116908 0
0.199119 0
0.681856 0
0.323743 0
0.447446 0
0.494387 0
0.247266 0
0.649567 0
1.395034 0
0.238646 0
0.205548 0
0.255544 0
0.299691 0
0.561236 0
1.449155 0
0.305471 0
1.150118 0
0.381163 0
0.821576 0
0.219061 0
0.360022 0
0.312557 0
0.506841 0
0.236639 0
0.501696 0
0.501543 0
0.043346 0
0.036093 0
0.186362 0
0.474535 0
0.131116 0
0.221873 0
0.121604 0
0.550053 0
0.044808 0
0.292666 0
0.096552 0
0.041445 0
0.254323 0
0.441286 0
0.034691 0
0.348750 0
0.930919 0
1.308811 0
0.458337 0
0.913544 0
0.147185 0
0.372838 0
1.345044 0
1.392903 0
0.143383 0
0.042204 0
0.451027 0
0.165911 0
0.376117 0
2.439226 0
1.184435 0
0.309552 0
0.256610 0
0.429774 0
0.270716 0
0.355090 0
0.291622 0
1.113741 0
0.170727 0
0.232084 0
0.246385 0
0.504484 0
0.944584 0
1.252597 0
0.479055 0
1.280018 0
0.214585 0
0.302176 0
0.463812 0
0.772402 0
0.078949 0
0.793812 0
0.956925 0
0.215973 0
0.976644 0
0.828466 0
0.056020 0
0.444920 0
0.019053 0
0.035032 0
0.427951 0
1.381269 0
0.796762 0
0.414023 0
0.393456 0
0.380872 0
1.675916 0
0.117096 0
0.050159 0
0.562569 0
0.128795 0
1.346659 0
0.273189 0
1.134198 0
0.120329 0
0.468219 0
1.184753 0
0.058878 0
0.155751 0
0.490378 0
0.149126 0
0.096356 0
0.922336 0
1.119019 0
0.203789 0
0.007112 0
0.165985 0
0.524779 0
0.866326 0
0.210824 0
0.415895 0
1.099170 0
0.306660 0
1.412597 0
0.846561 0
0.146569 0
1.245179 0
0.017516 0
0.834377 0
0.774390 0
0.295799 0
0.156316 0
0.339615 0
0.143228 0
0.777083 0
0.580502 0
0.823289 0
0.190414 0
0.363871 0
0.750347 0
0.951667 0
0.035117 0
0.505135 0
0.697393 0
0.963779 0
1.387733 0
0.256269 0
0.324812 0
1.461916 0
0.184929 0
0.111658 0
0.904634 0
0.154652 0
0.185020 0
0.066621 0
0.127607 0
0.592589 0
1.239655 0
0.262289 0
0.159174 0
0.012394 0
0.184632 0
2.052807 0
1.123549 0
0.616947 0
0.815304 0
1.021295 0
0.488251 0
0.493174 0
0.551030 0
1.230996 0
0.225928 0
0.498518 0
0.266353 0
0.223560 0
0.836619 0
0.397203 0
0.226113 0
0.275157 0
0.429128 0
0.289810 0
0.287730 0
0.075860 0
0.097031 0
0.243144 0
0.090105 0
0.457111 0
1.556285 0
0.659264 0
0.164925 0
0.053272 0
0.209365 0
0.525542 0
1.405153 0
1.423774 0
0.198415 0
0.310487 0
0.108951 0
0.698153 0
1.620625 0
1.289041 0
0.283704 0
0.877695 0
0.577006 0
1.004837 0
0.272779 0
0.148509 0
0.110756 0
0.190696 0
0.371823 0
0.220815 0
0.673504 0
0.162551 0
0.999078 0
0.650561 0
0.824319 0
0.351083 0
1.618000 0
0.568232 0
0.249216 0
0.089242 0
0.882516 0
0.186754 0
0.046684 0
0.227543 0
0.292119 0
0.055386 0
0.707103 0
0.337752 0
0.135892 0
0.095715 0
0.856508 0
0.210945 0
0.151232 0
0.043093 0
0.045819 0
0.396271 0
0.254835 0
0.501461 0
1.122875 0
0.670767 0
1.126372 0
0.684925 0
0.151915 0
0.338312 0
0.942483 0
0.155940 0
0.350849 0
1.452919 0
0.668482 0
0.302045 0
0.085942 0
0.141388 0
0.605069 0
0.697995 0
0.084934 0
0.228130 0
0.772950 0
0.236179 0
0.709095 0
0.135406 0
0.038409 0
0.181944 0
0.619003 0
0.428084 0
0.647809 0
1.196261 0
0.990667 0
0.793538 0
0.962429 0
0.858890 0
0.260827 0
0.020216 0
0.153662 0
0.250064 0
0.639439 0
1.350707 0
0.238529 0
0.329761 0
0.050690 0
0.450877 0
0.529649 0
0.609228 0
0.584801 0
1.486115 0
0.302766 0
0.691542 0
1.756449 0
0.080753 0
1.851183 0
0.318188 0
0.189748 0
0.154138 0
0.065150 0
1.378931 0
0.420213 0
0.414745 0
1.011959 0
0.089720 0
0.666172 0
0.184816 0
0.041504 0
0.133036 0
0.848890 0
0.066375 0
0.159237 0
0.049563 0
0.441174 0
0.851441 0
1.209843 0
0.790130 0
0.291740 0
0.670068 0
1.092919 0
0.397402 0
0.261121 0
0.869233 0
0.603700 0
0.507222 0
0.958824 0
1.153635 0
0.252931 0
0.204254 0
0.857381 0
0.123129 0
1.410301 0
1.372342 0
1.009192 0
0.268587 0
0.116713 0
0.073323 0
0.021223 0
0.179798 0
0.564591 0
1.403649 0
0.047362 0
0.073301 0
0.762938 0
0.202040 0
0.055938 0
0.420099 0
0.771420 0
0.014158 0
0.285525 0
0.869201 0
0.487050 0
0.007567 0
0.909231 0
0.175271 0
0.134564 0
0.733687 0
0.729380 0
0.216925 0
0.031059 0
0.263866 0
0.149296 0
0.776824 0
0.152459 0
0.221216 0
0.146443 0
0.011989 0
0.307481 0
0.476213 0
1.375702 0
0.933174 0
0.361135 0
0.264814 0
0.554922 0
0.818144 0
0.270184 0
0.061022 0
0.656369 0
0.187403 0
0.864856 0
0.153471 0
1.299165 0
0.384642 0
1.089249 0
0.373718 0
0.149753 0
0.766779 0
0.949307 0
1.657668 0
1.311486 0
1.760401 0
0.295669 0
0.509041 0
0.201088 0
0.397403 0
0.280781 0
0.519939 0
0.772273 0
0.075343 0
0.125019 0
0.156852 0
1.384104 0
0.422865 0
0.106853 0
0.324636 0
0.285541 0
0.203185 0
0.626474 0
0.264749 0
1.407283 0
0.888475 0
0.424515 0
0.205852 0
0.110181 0
1.463560 0
0.183743 0
0.072957 0
0.586616 0
0.051817 0
0.354972 0
1.644357 0
1.543155 0
0.364716 0
1.069243 0
1.459815 0
1.537434 0
0.497453 0
0.697811 0
0.127642 0
1.546188 0
0.372943 0
0.730751 0
1.476662 0
0.056670 0
1.011253 0
0.054926 0
0.067316 0
0.275691 0
0.911321 0
0.513105 0
0.037667 0
0.626363 0
0.382791 0
0.381219 0
0.419665 0
0.013664 0
0.361655 0
1.015224 0
0.236106 0
1.254328 0
0.079120 0
0.033366 0
0.408022 0
1.142348 0
0.809568 0
1.370305 0
0.277855 0
0.982421 0
0.071022 0
1.147836 0
0.959286 0
0.182132 0
0.116465 0
0.538786 0
0.644837 0
0.260930 0
0.142790 0
1.716135 0
0.109415 0
1.490882 0
0.679027 0
1.445820 0
0.801913 0
0.233711 0
0.511935 0
0.437098 0
0.315433 0
0.126994 0
0.263368 0
0.279716 0
1.136275 0
0.167470 0
0.214506 0
0.458230 0
0.970074 0
0.128879 0
0.200614 0
0.319315 0
0.828617 0
1.520106 0
0.508588 0
0.643647 0
0.877092 0
0.214181 0
0.298220 0
0.220371 0
0.482668 0
0.940776 0
0.823215 0
0.993726 0
1.447589 0
0.218831 0
0.132431 0
0.594201 0
1.069844 0
0.667253 0
0.751974 0
0.151731 0
0.371880 0
0.255081 0
0.251641 0
0.642562 0
1.049614 0
0.079042 0
0.410436 0
1.154426 0
0.528172 0
1.103324 0
0.730817 0
0.329657 0
0.174379 0
1.418429 0
0.664520 0
0.628494 0
0.497022 0
0.087864 0
0.186507 0
0.413493 0
0.330799 0
0.041229 0
0.364205 0
0.083850 0
0.354638 0
0.383842 0
0.074024 0
0.204617 0
0.059732 0
0.640848 0
0.043556 0
1.317152 0
0.179856 0
0.669134 0
1.362286 0
0.284197 0
0.688648 0
0.663971 0
0.484693 0
0.403063 0
0.026293 0
0.331789 0
0.425883 0
0.135030 0
0.270243 0
1.360886 0
0.180049 0
0.330388 0
0.015197 0
0.220422 0
0.102000 0
0.096580 0
0.254804 0
0.570977 0
1.059530 0
0.956239 0
1.301275 0
1.341434 0
0.195097 0
0.060147 0
0.182231 0
0.051227 0
0.414614 0
0.499421 0
0.164674 0
0.941913 0
0.376637 0
0.103401 0
1.695985 0
0.038616 0
1.337013 0
1.196120 0
1.109677 0
0.862853 0
1.530852 0
0.871734 0
0.371955 0
0.331972 0
0.939580 0
0.577273 0
1.017803 0
0.340413 0
0.433741 0
0.649392 0
0.634056 0
0.578695 0
0.594444 0
0.704575 0
0.300943 0
0.258764 0
1.659994 0
1.432894 0
0.334172 0
0.465101 0
0.517725 0
0.162025 0
0.641324 0
1.429139 0
0.862223 0
0.067755 0
0.994111 0
0.382934 0
0.473213 0
0.125943 0
0.526641 0
0.835035 0
0.596294 0
1.428336 0
0.656967 0
0.214050 0
0.439512 0
0.395892 0
0.122129 0
0.075607 0
0.920776 0
0.216916 0
0.018365 0
1.250478 0
1.162509 0
0.521684 0
1.126807 0
0.437771 0
0.652809 0
0.958362 0
1.229167 0
0.577097 0
0.139825 0
0.061650 0
0.639449 0
0.259580 0
0.140890 0
0.051161 0
0.008731 0
0.325679 0
0.355786 0
0.075103 0
0.329526 0
0.393907 0
0.479633 0
0.007924 0
1.048869 0
0.138829 0
0.189771 0
1.043724 0
0.149672 0
0.506199 0
0.768976 0
0.191046 0
0.386757 0
0.708977 0
0.361351 0
0.305241 0
0.371731 0
1.379341 0
0.166310 0
0.747458 0
1.143754 0
0.202960 0
1.140981 0
0.257960 0
0.056255 0
0.624103 0
0.307402 0
0.991688 0
0.092353 0
1.092976 0
0.367971 0
0.679665 0
0.490843 0
0.211758 0
0.365611 0
0.333546 0
0.797870 0
0.052200 0
0.167485 0
0.246769 0
0.156279 0
0.074089 0
0.762327 0
0.544083 0
1.521805 0
0.587637 0
0.216760 0
0.167582 0
0.212832 0
0.696411 0
1.282228 0
0.253354 0
0.028267 0
0.208096 0
1.036055 0
0.322033 0
0.169728 0
0.065724 0
0.166930 0
0.432969 0
0.623715 0
0.755966 0
1.027805 0
0.649489 0
1.120048 0
1.003059 0
0.204259 0
0.094688 0
0.811767 0
1.013454 0
0.491628 0
0.557246 0
0.425371 0
0.646690 0
0.097723 0
1.629663 0
0.183219 0
0.405995 0
1.127220 0
0.075028 0
0.247046 0
0.201175 0
0.344874 0
0.250394 0
0.641878 0
0.100922 0
0.374308 0
0.168853 0
1.186568 0
0.475879 0
0.380168 0
0.488250 0
0.068744 0
0.756599 0
0.465945 0
0.099159 0
0.569220 0
0.668551 0
0.120350 0
0.179952 0
0.482243 0
0.502509 0
0.415926 0
0.737426 0
0.829089 0
0.506530 0
1.506881 0
0.075424 0
0.666176 0
0.137428 0
0.173938 0
0.283451 0
0.032687 0
0.272155 0
1.066250 0
0.237323 0
0.291420 0
0.974872 0
1.267321 0
0.274942 0
1.377511 0
0.051838 0
0.610944 0
0.737019 0
0.004035 0
0.156574 0
0.407181 0
0.148138 0
0.044723 0
0.322139 0
1.460137 0
0.448687 0
0.832338 0
0.335546 0
0.015676 0
0.920391 0
0.282796 0
0.823602 0
0.535568 0
0.410650 0
0.023130 0
0.358918 0
1.271586 0
0.283380 0
0.076169 0
0.317055 0
0.366239 0
0.107345 0
0.422115 0
0.731646 0
0.409458 0
0.405342 0
0.867861 0
0.556906 0
0.850065 0
0.284223 0
0.328631 0
0.768515 0
0.847390 0
1.710421 0
0.237163 0
0.245227 0
0.066066 0
0.340059 0
0.777229 0
0.318847 0
0.372776 0
0.279104 0
0.770481 0
1.503185 0
1.272011 0
0.416505 0
0.354551 0
0.398360 0
0.134101 0
0.151146 0
0.186874 0
0.129221 0
0.215040 0
0.164881 0
0.210487 0
0.834279 0
1.533460 0
0.410073 0
0.134097 0
0.559363 0
0.046350 0
0.960109 0
0.031558 0
1.228332 0
0.108089 0
0.524745 0
0.460963 0
0.517337 0
1.031196 0
0.167920 0
0.332149 0
1.289236 0
1.200366 0
1.295134 0
0.710898 0
0.322452 0
0.276721 0
0.074463 0
0.806745 0
0.276032 0
0.327633 0
0.017171 0
1.125176 0
0.983011 0
0.378524 0
0.110554 0
0.427537 0
0.012077 0
0.374624 0
1.286553 0
0.071031 0
0.217896 0
1.517231 0
0.401153 0
0.448073 0
0.545948 0
1.489203 0
0.450260 0
0.172642 0
0.500502 0
0.113191 0
0.041479 0
0.903083 0
0.928709 0
0.156545 0
0.829918 0
0.558957 0
0.799963 0
1.442422 0
0.585178 0
0.825078 0
0.401984 0
1.438124 0
0.416010 0
0.148134 0
1.370674 0
0.001743 0
0.728285 0
0.149726 0
0.201277 0
0.883289 0
0.652719 0
0.106791 0
0.797759 0
0.170813 0
0.223643 0
0.022474 0
0.601441 0
0.404472 0
0.405548 0
0.560135 0
1.006234 0
0.800535 0
0.326045 0
0.458467 0
0.343166 0
0.946015 0
0.043600 0
0.135866 0
0.429134 0
0.548234 0
0.122851 0
1.247287 0
1.455388 0
0.182905 0
0.450014 0
0.448107 0
0.462879 0
0.707259 0
1.119306 0
0.477382 0
0.738115 0
0.339326 0
0.256876 0
0.582023 0
0.573413 0
1.275379 0
0.264638 0
1.463584 0
0.158767 0
0.218820 0
0.320073 0
0.097977 0
0.062906 0
0.931795 0
0.340043 0
0.390444 0
0.404685 0
0.134277 0
0.236579 0
0.903665 0
0.129392 0
1.025391 0
0.023610 0
0.090555 0
0.387035 0
0.556471 0
0.851522 0
0.302403 0
0.025079 0
0.294014 0
0.903131 0
0.768620 0
0.293718 0
0.134046 0
0.077318 0
0.164845 0
0.028002 0
0.017398 0
0.302103 0
0.267713 0
0.249744 0
0.682055 0
0.420349 0
1.645721 0
0.547486 0
1.099817 0
0.858071 0
0.209224 0
0.207198 0
0.145443 0
0.592980 0
0.455889 0
0.583233 0
0.226334 0
0.725454 0
0.701690 0
0.576488 0
0.080732 0
0.451444 0
0.103322 0
0.219832 0
0.159069 0
0.964569 0
0.223924 0
1.485447 0
0.146666 0
0.928939 0
0.564643 0
1.363732 0
0.054922 0
0.977090 0
0.156254 0
1.270110 0
0.151596 0
0.714107 0
0.086576 0
0.516982 0
0.362187 0
0.017267 0
0.366203 0
0.332974 0
0.298849 0
0.082209 0
1.353222 0
0.330864 0
1.368994 0
0.042730 0
0.254225 0
0.606883 0
0.004197 0
0.279237 0
0.116281 0
1.384804 0
0.031629 0
1.447712 0
0.063277 0
0.298823 0
0.187151 0
0.116941 0
0.006075 0
0.418417 0
0.439835 0
0.431224 0
0.473205 0
0.884141 0
0.194707 0
0.697883 0
1.333643 0
1.467850 0
0.445624 0
0.333283 0
0.742515 0
0.654180 0
0.379931 0
0.803782 0
1.708799 0
0.556844 0
1.076891 0
1.287406 0
0.218405 0
0.228132 0
0.191621 0
0.538758 0
1.042844 0
1.389222 0
0.309966 0
0.175538 0
0.049754 0
0.123105 0
0.055546 0
0.068488 0
0.061998 0
1.462143 0
0.039452 0
0.064281 0
0.076494 0
0.064440 0
0.178864 0
0.083155 0
0.258060 0
0.025277 0
0.108692 0
0.045691 0
1.371153 0
0.270248 0
0.353449 0
0.142808 0
0.270385 0
0.616703 0
0.283691 0
1.789414 0
0.125316 0
0.359791 0
1.542571 0
0.376081 0
0.054409 0
0.114116 0
0.778215 0
0.841860 0
0.481838 0
0.571589 0
0.147694 0
0.175930 0
0.105320 0
0.248890 0
0.968775 0
0.146919 0
0.132345 0
0.077159 0
0.044954 0
0.241633 0
0.627693 0
0.073179 0
0.017120 0
0.004911 0
0.009685 0
0.023937 0
0.478778 0
0.013571 0
0.137570 0
0.075257 0
1.010665 0
0.466280 0
0.376048 0
0.077210 0
0.091495 0
0.262333 0
0.427082 0
0.808883 0
0.107648 0
0.079031 0
0.218762 0
0.343478 0
1.369049 0
0.207110 0
1.181514 0
0.395680 0
0.092464 0
0.582833 0
0.351915 0
0.392946 0
1.368657 0
0.926266 0
0.118978 0
0.357083 0
0.092022 0
0.402368 0
0.729390 0
0.212728 0
0.026741 0
0.526513 0
0.159427 0
0.043173 0
0.184926 0
0.138261 0
0.707421 0
0.175484 0
1.236725 0
0.520815 0
0.914122 0
1.150168 0
0.297557 0
0.159262 0
1.085557 0
0.427968 0
0.895103 0
0.710730 0
0.740650 0
0.134855 0
0.502278 0
0.423432 0
0.505410 0
0.520417 0
0.771136 0
0.047284 0
0.648108 0
0.606436 0
0.250512 0
0.098167 0
0.304821 0
0.231519 0
0.565351 0
0.033690 0
0.404898 0
1.654866 0
0.185335 0
0.653568 0
0.317888 0
0.182034 0
0.151981 0
0.660230 0
1.037906 0
0.140644 0
0.910323 0
0.064284 0
0.528560 0
0.321180 0
0.396788 0
0.317406 0
0.993414 0
1.666516 0
1.408766 0
0.755266 0
0.236754 0
1.429981 0
0.345487 0
0.081979 0
0.693441 0
0.180873 0
1.223711 0
1.026178 0
0.313905 0
0.198489 0
0.489348 0
0.156794 0
0.010951 0
1.517035 0
0.013422 0
0.337494 0
0.438886 0
0.149041 0
0.595337 0
0.429438 0
0.953630 0
0.172278 0
0.089174 0
0.957873 0
0.060718 0
0.483997 0
0.138382 0
1.218652 0
0.114863 0
0.134296 0
1.576517 0
0.038091 0
0.906924 0
0.068764 0
0.050944 0
0.019465 0
0.009297 0
1.302033 0
0.047667 0
0.239052 0
0.452704 0
0.328493 0
0.055844 0
0.275195 0
1.356865 0
0.304312 0
0.542440 0
0.085887 0
0.641885 0
0.419818 0
0.751933 0
1.342896 0
1.374903 0
0.260440 0
0.824532 0
0.021965 0
1.488666 0
0.360641 0
0.076532 0
0.398814 0
0.008258 0
0.240273 0
0.296432 0
0.075268 0
1.171434 0
0.081144 0
0.934495 0
1.244286 0
0.812401 0
0.421972 0
0.660769 0
0.798322 0
0.386405 0
0.276216 0
0.607632 0
0.407780 0
0.066908 0
0.516697 0
0.456998 0
0.595731 0
0.338240 0
0.856893 0
0.151197 0
0.736206 0
0.291688 0
0.057344 0
0.402473 0
0.316122 0
0.973828 0
0.031007 0
1.128590 0
1.876825 0
0.225987 0
0.705916 0
0.708800 0
0.244877 0
0.301037 0
0.319992 0
0.322556 0
0.335291 0
0.284696 0
0.339637 0
0.211605 0
0.183535 0
0.278264 0
0.050139 0
0.425625 0
1.049890 0
0.909813 0
0.422345 0
0.248283 0
0.464539 0
0.062387 0
0.535580 0
0.454734 0
1.422468 0
0.178305 0
0.237875 0
0.425646 0
0.414354 0
0.497532 0
1.925211 0
0.023138 0
0.656563 0
0.072012 0
0.239538 0
0.217172 0
0.485590 0
1.320857 0
0.088065 0
0.269538 0
0.373053 0
0.449005 0
0.200191 0
1.482033 0
0.749273 0
0.269306 0
0.542795 0
0.611955 0
0.713296 0
0.297973 0
0.426905 0
0.072243 0
0.122993 0
0.197842 0
1.459957 0
0.151059 0
0.333873 0
0.374038 0
0.770452 0
0.054194 0
1.062058 0
0.281093 0
0.561691 0
0.057509 0
0.294933 0
0.560765 0
0.604908 0
0.360452 0
0.583753 0
0.169814 0
0.185400 0
0.760241 0
0.806749 0
0.959025 0
0.928389 0
0.990058 0
0.667588 0
0.748326 0
0.763927 0
0.360079 0
1.384742 0
0.242715 0
0.380343 0
0.437742 0
0.568978 0
0.632700 0
0.368816 0
0.149663 0
0.027929 0
0.359166 0
0.715330 0
1.335916 0
0.702314 0
0.296249 0
0.344074 0
0.340563 0
1.232175 0
0.020305 0
0.028309 0
0.040637 0
0.556905 0
0.178522 0
0.111680 0
0.773488 0
0.206963 0
0.070044 0
1.744268 0
1.993903 0
0.445871 0
0.190188 0
0.256530 0
0.568056 0
0.142980 0
0.057414 0
0.106414 0
0.135595 0
0.156247 0
0.063462 0
0.902576 0
0.445360 0
1.415165 0
1.503796 0
0.265776 0
0.199697 0
0.089479 0
0.643297 0
0.165529 0
0.129525 0
0.466375 0
0.187972 0
1.287022 0
0.249157 0
0.168982 0
0.707397 0
1.202462 0
0.863334 0
0.045489 0
0.097935 0
0.157081 0
0.053449 0
0.590203 0
0.481360 0
0.651909 0
0.185908 0
0.411634 0
0.455381 0
0.981889 0
0.564155 0
0.019901 0
0.657493 0
0.482499 0
1.682594 0
1.654610 0
1.056013 0
0.046825 0
1.276286 0
0.074577 0
0.258399 0
0.704676 0
0.230923 0
0.142992 0
0.482516 0
1.420938 0
0.369980 0
0.350222 0
0.188948 0
1.230909 0
0.039769 0
0.324499 0
0.699324 0
0.045206 0
0.469143 0
0.297980 0
0.015482 0
0.379183 0
0.625027 0
0.161564 0
1.208273 0
0.365798 0
1.221767 0
0.374704 0
0.291679 0
0.503281 0
0.294010 0
0.386715 0
1.526079 0
0.267839 0
0.163214 0
0.231081 0
0.447498 0
0.606619 0
0.150817 0
1.540097 0
0.466040 0
0.262329 0
1.803646 0
0.135217 0
0.424977 0
0.967507 0
0.337940 0
0.467778 0
1.275151 0
1.441671 0
0.558405 0
1.080873 0
0.746854 0
0.015315 0
0.827019 0
0.242385 0
0.326547 0
0.534474 0
0.517429 0
0.299880 0
0.129751 0
0.217547 0
0.030979 0
0.040055 0
0.116421 0
1.287201 0
0.039245 0
0.344839 0
0.197190 0
0.134321 0
0.798913 0
0.217408 0
0.460587 0
0.039949 0
0.670407 0
0.253240 0
1.180443 0
0.161337 0
0.422453 0
0.401480 0
0.550971 0
0.049486 0
0.069295 0
0.034650 0
0.063631 0
0.143617 0
0.388253 0
0.729960 0
0.041272 0
1.347369 0
0.740041 0
0.153591 0
0.355750 0
0.760032 0
0.514537 0
0.251988 0
0.238567 0
0.057597 0
1.387024 0
0.014635 0
1.187151 0
0.395110 0
0.383289 0
0.241004 0
0.247463 0
0.769699 0
0.838093 0
0.341318 0
0.038816 0
0.889899 0
0.142926 0
0.505897 0
0.107675 0
0.934491 0
0.503143 0
0.108391 0
0.130804 0
1.389285 0
0.334980 0
1.221568 0
0.333351 0
0.180936 0
0.106711 0
0.781977 0
0.346065 0
0.371553 0
0.210542 0
0.056057 0
0.075275 0
1.515081 0
0.446958 0
0.388294 0
0.697428 0
0.888397 0
0.206551 0
1.003294 0
0.198721 0
0.476019 0
1.394132 0
0.983640 0
0.139877 0
0.157422 0
0.086856 0
0.079882 0
0.500999 0
0.509751 0
0.150210 0
0.313940 0
0.270308 0
0.690809 0
0.424628 0
0.238790 0
0.538706 0
0.296022 0
0.159781 0
1.344157 0
0.431971 0
0.114079 0
0.705160 0
1.538998 0
0.329026 0
1.303343 0
0.611775 0
0.226381 0
0.127778 0
0.041355 0
0.228905 0
0.636902 0
0.278364 0
0.148107 0
0.586208 0
0.176124 0
0.985648 0
0.457464 0
1.487035 0
0.417245 0
1.026118 0
0.037946 0
0.469295 0
0.441868 0
1.361913 0
0.431970 0
0.250139 0
0.316060 0
1.193117 0
0.027274 0
0.183685 0
1.568497 0
0.434609 0
0.213556 0
0.364013 0
0.472719 0
0.246646 0
0.764834 0
1.502422 0
0.213163 0
0.036881 0
0.153517 0
0.590285 0
0.094019 0
1.682715 0
0.544505 0
0.515141 0
0.457913 0
0.917813 0
0.807489 0
0.254842 0
0.573038 0
0.141866 0
0.689340 0
0.080630 0
0.921837 0
0.619703 0
0.380090 0
0.808158 0
0.764678 0
0.253432 0
0.137280 0
0.030126 0
0.566811 0
0.587842 0
0.392864 0
0.484455 0
1.432096 0
0.004906 0
0.452924 0
0.544731 0
0.702295 0
0.582315 0
0.047338 0
0.097946 0
0.756183 0
0.326236 0
0.386579 0
1.194337 0
0.406197 0
0.287165 0
0.394722 0
1.267785 0
1.722102 0
0.121130 0
0.189297 0
1.456442 0
0.233606 0
0.643568 0
0.827808 0
1.394892 0
1.109298 0
0.039485 0
0.346686 0
1.357320 0
0.494776 0
1.062619 0
0.390113 0
0.728735 0
0.211992 0
0.590685 0
1.372638 0
0.201883 0
0.935853 0
0.245425 0
0.179018 0
0.418750 0
0.400595 0
1.270895 0
0.372948 0
0.978980 0
0.081203 0
0.106761 0
1.208338 0
0.340378 0
0.214213 0
1.399083 0
0.512264 0
0.223248 0
1.474565 0
0.040113 0
1.260282 0
0.745494 0
0.824587 0
0.879209 0
0.750505 0
0.349386 0
0.973010 0
0.637660 0
0.347580 0
0.127473 0
0.153032 0
0.065302 0
0.455511 0
0.219984 0
0.040980 0
0.164449 0
0.328271 0
0.433391 0
0.902413 0
0.282922 0
1.122287 0
0.260688 0
0.051644 0
0.288390 0
0.052231 0
0.152657 0
0.684612 0
0.675085 0
0.249542 0
1.027428 0
0.665949 0
1.544279 0
1.135753 0
0.036694 0
0.273471 0
0.370293 0
1.003530 0
0.151074 0
0.421162 0
0.466060 0
0.349669 0
0.451997 0
0.229162 0
0.780157 0
0.613281 0
1.110840 0
1.069038 0
0.217516 0
0.077384 0
0.182092 0
0.237472 0
0.194681 0
0.005333 0
0.914222 0
0.046154 0
1.795358 0
0.001595 0
0.088054 0
0.119163 0
0.928470 0
0.647322 0
0.703948 0
0.070929 0
0.640079 0
0.068070 0
0.529592 0
1.005045 0
0.063124 0
1.365786 0
1.362759 0
0.441612 0
0.393940 0
1.138067 0
0.132334 0
0.511772 0
0.507577 0
0.487663 0
0.284690 0
0.153095 0
0.866362 0
1.479792 0
0.074123 0
0.247357 0
0.646083 0
0.270330 0
0.314401 0
0.119850 0
1.156205 0
0.621135 0
0.647661 0
0.152931 0
0.593279 0
0.277827 0
0.167172 0
0.598192 0
0.087827 0
0.249042 0
1.477724 0
0.823054 0
0.026635 0
0.346242 0
0.019784 0
1.251702 0
0.166491 0
0.526326 0
1.520324 0
0.122586 0
1.244449 0
0.349348 0
0.284265 0
0.354804 0
0.274717 0
0.019218 0
0.020381 0
0.504426 0
0.368126 0
0.574324 0
0.222716 0
1.136578 0
1.076813 0
1.251645 0
0.291795 0
0.011559 0
0.459806 0
0.070045 0
0.365690 0
1.062787 0
0.520635 0
0.759579 0
0.052220 0
0.162830 0
1.173607 0
0.022771 0
0.198610 0
0.110703 0
0.312294 0
0.553267 0
0.622591 0
0.672215 0
0.812729 0
0.130809 0
0.381112 0
0.096273 0
0.087600 0
1.018763 0
0.541726 0
0.084262 0
0.050107 0
0.807513 0
0.050305 0
0.209769 0
0.145553 0
0.124027 0
0.655754 0
1.708822 0
1.219553 0
1.153680 0
0.080578 0
0.408788 0
0.023114 0
0.602034 0
0.147547 0
0.177358 0
0.590191 0
0.253354 0
0.035381 0
0.356321 0
1.372332 0
2.169548 0
1.231709 0
0.293479 0
0.353537 0
0.308947 0
0.174267 0
0.790530 0
0.504025 0
0.146430 0
1.222904 0
1.319520 0
0.114990 0
0.355340 0
0.601306 0
0.129728 0
0.719631 0
1.247247 0
0.884917 0
1.140013 0
0.509133 0
0.404283 0
0.268581 0
0.154143 0
1.463538 0
0.076343 0
0.125119 0
0.080198 0
0.287489 0
0.654214 0
1.425720 0
0.261901 0
0.455810 0
1.050654 0
0.296550 0
0.046743 0
0.639191 0
0.408877 0
0.737337 0
0.139937 0
0.043793 0
0.010207 0
1.531030 0
1.433447 0
0.264637 0
0.902994 0
0.731097 0
0.328488 0
0.057720 0
0.757754 0
0.630069 0
0.025365 0
0.054086 0
0.175213 0
0.032821 0
0.496248 0
0.019099 0
0.580927 0
0.015105 0
0.010047 0
0.521912 0
0.039506 0
0.347750 0
1.675045 0
0.070351 0
0.053865 0
1.337526 0
0.792957 0
0.521918 0
0.332426 0
0.276156 0
0.067045 0
0.533002 0
0.257254 0
0.015120 0
0.353705 0
1.121204 0
0.138842 0
0.257582 0
0.960719 0
0.087147 0
0.192543 0
0.245587 0
1.197075 0
0.229752 0
0.735731 0
1.025045 0
0.239370 0
1.271532 0
0.040111 0
0.235230 0
0.129972 0
1.363478 0
0.308675 0
0.873559 0
0.341550 0
0.623202 0
0.663210 0
0.099351 0
0.136485 0
0.389051 0
1.370991 0
0.030535 0
1.375515 0
0.263654 0
0.168130 0
0.028141 0
1.408750 0
0.502236 0
0.291131 0
0.219324 0
0.500557 0
0.284393 0
0.197039 0
0.328026 0
0.449275 0
0.962181 0
1.010185 0
0.665591 0
0.098407 0
0.042495 0
0.033571 0
0.229995 0
0.101655 0
1.320370 0
0.121111 0
0.956512 0
0.056843 0
0.884534 0
0.091663 0
0.147046 0
1.200195 0
0.180558 0
0.697701 0
0.067447 0
0.470880 0
0.345339 0
0.281955 0
0.295610 0
0.732274 0
0.267755 0
0.338179 0
0.024818 0
0.204543 0
1.583395 0
0.286566 0
0.163644 0
0.029715 0
0.071764 0
0.173919 0
0.336921 0
0.192888 0
0.061439 0
0.401127 0
1.461722 0
0.146375 0
0.135320 0
1.043885 0
0.701014 0
0.661419 0
0.654701 0
0.126868 0
0.362769 0
0.521209 0
1.395561 0
0.188362 0
0.086626 0
0.422646 0
0.259190 0
0.178130 0
1.111711 0
0.160827 0
0.080137 0
0.118727 0
0.125349 0
0.294201 0
0.156810 0
0.391069 0
0.051959 0
0.118148 0
1.236074 0
0.512631 0
0.570412 0
0.714594 0
1.017867 0
0.440485 0
1.530282 0
0.225458 0
0.055193 0
0.143637 0
1.452356 0
0.438542 0
0.086159 0
0.312464 0
0.569792 0
0.282160 0
0.364842 0
0.015655 0
0.975514 0
0.327328 0
0.709988 0
0.283080 0
0.122484 0
0.283401 0
0.481873 0
0.122685 0
1.872687 0
0.142983 0
0.642148 0
0.508205 0
0.410533 0
0.193781 0
0.816886 0
0.509665 0
0.804748 0
0.973486 0
0.971137 0
0.795544 0
0.198511 0
1.283683 0
0.868013 0
0.604436 0
0.677763 0
0.419966 0
0.299935 0
1.194478 0
0.028737 0
0.788967 0
1.094515 0
0.570133 0
0.668020 0
0.040205 0
0.765502 0
0.848830 0
0.217214 0
0.164188 0
0.401911 0
0.425220 0
1.210187 0
1.065863 0
0.131792 0
0.268450 0
0.024616 0
0.204029 0
0.108479 0
0.412554 0
0.876289 0
0.942724 0
0.845364 0
0.171395 0
0.325684 0
0.014666 0
0.332360 0
0.859658 0
1.560951 0
0.980967 0
0.044256 0
0.994410 0
0.584086 0
0.911024 0
0.835776 0
0.240139 0
0.116987 0
0.071652 0
0.667079 0
1.443069 0
1.065533 0
0.009385 0
0.258575 0
0.546081 0
0.143102 0
0.131499 0
1.018227 0
0.823649 0
0.584874 0
0.470414 0
0.187736 0
0.889400 0
0.093947 0
1.437215 0
0.339235 0
0.162059 0
0.090052 0
0.258568 0
1.482398 0
0.358610 0
0.053565 0
0.221355 0
0.690918 0
1.012641 0
0.595195 0
0.497482 0
0.102086 0
0.361675 0
0.227989 0
1.572283 0
0.099175 0
0.096742 0
0.987502 0
0.208767 0
0.045772 0
0.236321 0
0.149088 0
0.493713 0
0.711267 0
1.158332 0
0.124900 0
0.419084 0
0.315532 0
0.431295 0
0.954378 0
0.713334 0
1.251633 0
0.324370 0
0.064619 0
0.185571 0
1.297782 0
0.146731 0
0.301037 0
1.367219 0
0.276116 0
0.501887 0
0.127278 0
0.043141 0
0.423833 0
0.200679 0
0.500327 0
0.344184 0
0.034568 0
0.257450 0
0.633113 0
0.174626 0
0.194683 0
0.179992 0
1.281709 0
0.136304 0
0.521695 0
0.270804 0
0.167462 0
1.194267 0
0.021801 0
1.438237 0
0.222327 0
0.269025 0
1.114128 0
0.539585 0
0.244637 0
0.690041 0
0.913696 0
0.788783 0
0.087605 0
0.070781 0
0.031352 0
1.003809 0
0.106081 0
0.048608 0
0.176567 0
0.309816 0
0.069970 0
0.927037 0
0.505760 0
0.092770 0
0.034699 0
0.539177 0
0.761640 0
0.373369 0
0.101541 0
0.042663 0
0.015463 0
0.096744 0
0.394486 0
1.148360 0
0.068336 0
0.169327 0
0.108192 0
0.665846 0
0.954746 0
1.114292 0
0.245070 0
0.307627 0
0.234099 0
0.046741 0
1.302102 0
0.204066 0
1.005257 0
0.084892 0
0.186747 0
0.146542 0
0.830513 0
0.026847 0
0.071847 0
0.031301 0
0.433701 0
0.440478 0
0.104160 0
0.032057 0
0.057650 0
0.018136 0
0.518955 0
0.346455 0
1.756635 0
0.071120 0
0.044326 0
0.020131 0
0.051106 0
0.090401 0
0.487926 0
1.269900 0
0.273065 0
0.337979 0
0.732208 0
1.052052 0
0.444580 0
0.022870 0
1.239898 0
0.544901 0
1.039079 0
0.642571 0
0.415745 0
0.223526 0
0.446113 0
0.673587 0
0.469651 0
0.723232 0
0.431155 0
0.267158 0
0.997916 0
0.528096 0
0.044478 0
0.575702 0
0.208765 0
0.560462 0
0.341038 0
0.975216 0
0.470451 0
0.069291 0
0.364746 0
0.425749 0
1.070550 0
0.297147 0
0.369837 0
0.135694 0
0.229757 0
0.750428 0
0.017274 0
0.136329 0
0.206746 0
0.112330 0
0.776146 0
0.127856 0
0.043222 0
0.705218 0
0.396909 0
0.129152 0
0.166648 0
0.425863 0
0.366195 0
0.201793 0
0.034599 0
1.871087 0
0.176290 0
0.041160 0
0.466820 0
0.681284 0
0.853126 0
0.228890 0
0.169294 0
0.498184 0
0.673324 0
0.019394 0
1.439039 0
0.535170 0
0.483091 0
0.142530 0
0.873081 0
0.054657 0
0.088296 0
0.384001 0
0.206051 0
0.099036 0
0.253893 0
0.007850 0
0.798433 0
0.050941 0
0.933922 0
0.034742 0
0.895852 0
0.194050 0
1.322238 0
1.578754 0
0.691617 0
0.097086 0
1.360770 0
0.657272 0
0.609215 0
0.088298 0
0.011719 0
0.331891 0
0.003392 0
0.097678 0
0.650868 0
1.001667 0
0.007458 0
0.046033 0
0.103109 0
0.566337 0
0.178207 0
0.316482 0
1.417678 0
0.364144 0
0.488117 0
0.787660 0
0.108417 0
0.416809 0
0.493337 0
1.200251 0
0.298118 0
0.853032 0
0.163816 0
0.278088 0
0.253465 0
1.007396 0
1.179887 0
0.440205 0
0.804888 0
0.490295 0
1.043499 0
0.678936 0
0.723114 0
0.201626 0
0.234764 0
0.862080 0
0.568276 0
1.004020 0
1.532815 0
0.059226 0
0.225843 0
0.576148 0
0.097946 0
0.224181 0
0.147938 0
0.332387 0
1.366551 0
0.717716 0
0.717353 0
0.561808 0
0.125269 0
0.181209 0
0.429303 0
1.573444 0
0.405610 0
0.099777 0
0.620584 0
1.226544 0
0.088179 0
0.143963 0
0.094006 0
0.205979 0
0.870966 0
0.092555 0
0.043183 0
0.112825 0
0.137291 0
1.189903 0
0.098508 0
0.171199 0
0.447118 0
0.055228 0
0.069592 0
0.845747 0
0.102743 0
0.522838 0
0.654506 0
0.018584 0
0.141285 0
0.284081 0
0.329126 0
0.025625 0
0.344394 0
0.443617 0
0.280467 0
0.716800 0
0.242453 0
1.019839 0
0.556156 0
0.056702 0
0.348865 0
1.199395 0
0.318434 0
0.717068 0
0.148391 0
0.541771 0
0.610288 0
0.038373 0
1.486427 0
0.342505 0
0.144766 0
0.094748 0
0.089305 0
0.038870 0
0.897964 0
0.105930 0
0.116905 0
0.436326 0
1.549049 0
0.400551 0
1.142051 0
0.922241 0
0.630786 0
0.555207 0
0.493151 0
1.391690 0
0.591540 0
0.072718 0
0.607100 0
0.615105 0
0.915469 0
1.453099 0
0.427804 0
0.797504 0
1.118483 0
0.543487 0
0.987709 0
1.022575 0
0.181711 0
1.626013 0
0.180075 0
0.281882 0
0.357416 0
0.836799 0
0.065423 0
0.586751 0
1.047732 0
0.445452 0
0.426577 0
1.490340 0
0.080789 0
0.950595 0
0.423356 0
0.088037 0
0.504218 0
0.324139 0
0.067591 0
0.034677 0
0.993543 0
0.455958 0
0.198920 0
0.260458 0
1.161650 0
0.055766 0
0.178694 0
0.243022 0
0.855819 0
0.787018 0
0.368757 0
0.190246 0
0.106885 0
0.025567 0
0.694081 0
0.112670 0
0.723096 0
0.263727 0
0.193559 0
0.476228 0
0.175070 0
0.390363 0
0.069192 0
0.440849 0
0.136870 0
0.218099 0
0.170350 0
0.478831 0
0.192503 0
0.283352 0
0.148100 0
0.066743 0
0.049756 0
0.079759 0
0.601203 0
1.475696 0
0.170205 0
1.115250 0
0.018096 0
1.074042 0
0.123353 0
0.213251 0
0.362979 0
1.070060 0
0.022488 0
0.526540 0
1.593299 0
1.425810 0
0.421542 0
0.006505 0
1.363918 0
0.680741 0
0.364360 0
0.196524 0
0.248190 0
0.077661 0
0.044419 0
0.906071 0
0.175867 0
1.296013 0
1.100324 0
0.450619 0
0.504906 0
0.094987 0
0.022916 0
0.604899 0
0.847075 0
0.091868 0
0.328769 0
0.261772 0
0.637317 0
1.648267 0
2.203957 0
0.071805 0
0.846697 0
0.465123 0
0.590923 0
0.466157 0
0.236475 0
0.513940 0
0.850815 0
0.158423 0
0.188136 0
0.853929 0
0.516750 0
0.162083 0
1.036064 0
0.562238 0
0.149822 0
0.533189 0
0.380673 0
0.579462 0
0.945701 0
1.159691 0
0.130862 0
0.474764 0
0.108436 0
0.411799 0
0.123813 0
0.160833 0
0.162070 0
1.682002 0
0.136116 0
0.417105 0
0.127221 0
1.371938 0
0.226890 0
0.570065 0
0.105701 0
0.122163 0
0.689993 0
0.325013 0
0.284747 0
0.298679 0
0.121596 0
0.206320 0
0.104507 0
0.209096 0
0.218419 0
0.433558 0
0.259402 0
0.154572 0
0.137061 0
0.226986 0
0.678424 0
0.739865 0
1.395758 0
0.008729 0
0.401515 0
0.255236 0
1.385786 0
0.538701 0
0.353541 0
0.070249 0
0.733547 0
0.487416 0
0.163694 0
0.081105 0
0.030034 0
0.793240 0
1.203093 0
0.565290 0
0.033359 0
0.031107 0
0.267892 0
1.538909 0
1.306695 0
0.045695 0
1.627650 0
0.261304 0
0.110085 0
0.449025 0
1.187702 0
0.258045 0
0.241046 0
0.020233 0
0.082514 0
0.509608 0
0.326049 0
0.233433 0
0.740183 0
0.286336 0
0.090067 0
0.119761 0
1.432743 0
0.237065 0
1.390917 0
0.450555 0
0.117471 0
1.648190 0
0.313386 0
0.031495 0
0.508172 0
0.040820 0
0.761773 0
0.538068 0
0.226397 0
0.168515 0
0.261790 0
0.141705 0
0.618442 0
0.585493 0
0.302377 0
0.966217 0
1.245107 0
0.137645 0
0.759945 0
0.056675 0
0.621386 0
0.523852 0
0.462029 0
0.222511 0
0.451383 0
0.083705 0
0.134292 0
0.187451 0
0.658285 0
0.916472 0
0.052729 0
0.244104 0
0.059950 0
0.073410 0
0.430216 0
0.211610 0
0.031392 0
0.858965 0
0.557602 0
0.051474 0
0.739751 0
0.757916 0
1.043308 0
1.540069 0
0.649132 0
0.986002 0
0.054505 0
0.033113 0
0.320439 0
1.076860 0
1.396869 0
0.077813 0
0.021618 0
0.197146 0
0.320778 0
0.792752 0
0.440410 0
0.532599 0
0.359549 0
0.388916 0
0.148572 0
0.113655 0
0.220628 0
0.004392 0
0.011048 0
0.308114 0
1.103433 0
0.357538 0
0.902120 0
0.697548 0
0.074776 0
0.730342 0
0.072323 0
0.237408 0
1.300055 0
0.216934 0
1.281109 0
1.397334 0
1.124721 0
0.190283 0
0.106940 0
0.151391 0
0.532114 0
0.382450 0
0.104947 0
0.065337 0
0.347787 0
0.420336 0
0.177221 0
0.370301 0
1.441395 0
0.096180 0
0.382673 0
0.528815 0
1.079372 0
0.046998 0
0.143892 0
1.775078 0
0.805441 0
0.221778 0
0.322708 0
0.326056 0
0.104854 0
1.276068 0
0.996439 0
0.264044 0
0.086721 0
0.391108 0
0.712139 0
0.163638 0
0.078877 0
0.803981 0
1.362890 0
0.116405 0
1.678907 0
0.601912 0
0.265050 0
0.023092 0
0.275832 0
0.615517 0
0.197264 0
0.482260 0
0.034325 0
0.031852 0
0.461124 0
0.714800 0
0.036363 0
0.051077 0
0.738225 0
0.380487 0
0.225473 0
0.165620 0
0.335803 0
0.777380 0
0.594489 0
1.154189 0
0.266703 0
0.116639 0
1.374576 0
1.181486 0
1.447372 0
0.647900 0
0.964536 0
0.240339 0
0.715487 0
0.333312 0
0.981189 0
0.694710 0
0.740097 0
0.078667 0
0.179264 0
0.229122 0
0.621651 0
0.095923 0
0.181038 0
0.496489 0
0.250300 0
0.080087 0
0.029167 0
0.247842 0
0.413641 0
0.307264 0
1.852410 0
0.053005 0
0.606761 0
0.064563 0
0.601863 0
0.928364 0
0.424526 0
0.552645 0
0.822800 0
0.015330 0
0.060877 0
1.211438 0
0.205976 0
0.426153 0
0.116273 0
0.119761 0
0.078255 0
0.560939 0
1.279793 0
0.254264 0
0.522954 0
1.245752 0
0.710982 0
0.135058 0
0.017914 0
0.024964 0
0.958478 0
0.599332 0
0.602779 0
1.400877 0
1.379657 0
0.697895 0
0.379410 0
0.190557 0
0.666694 0
1.394116 0
0.410840 0
0.190382 0
0.199999 0
0.377600 0
0.672999 0
0.286076 0
0.887454 0
0.318515 0
0.115702 0
1.485921 0
0.735275 0
1.060655 0
1.095988 0
1.230034 0
0.371028 0
1.402393 0
0.159842 0
0.063393 0
0.680390 0
0.754643 0
0.026212 0
0.211091 0
0.308859 0
0.628390 0
0.043361 0
1.063931 0
0.602993 0
0.580254 0
0.196044 0
0.532941 0
0.593599 0
0.049361 0
1.242304 0
0.407902 0
0.727666 0
1.702361 0
0.226774 0
0.322549 0
0.177003 0
0.512409 0
0.010925 0
0.820942 0
0.139927 0
0.031863 0
0.905079 0
1.473791 0
0.127281 0
0.656535 0
0.108511 0
0.016632 0
0.382258 0
0.104614 0
0.392111 0
0.534718 0
0.022362 0
0.102148 0
1.376771 0
0.933593 0
0.530873 0
1.116331 0
0.389865 0
0.085348 0
0.123066 0
0.039199 0
0.614995 0
1.285867 0
0.028770 0
0.313122 0
1.140723 0
0.807443 0
0.064485 0
0.806489 0
0.521777 0
0.064309 0
0.223325 0
0.961891 0
0.278770 0
0.276499 0
0.091756 0
0.056665 0
0.197712 0
0.367391 0
1.090952 0
0.460313 0
1.265465 0
0.542610 0
0.193177 0
0.012171 0
0.281427 0
0.182462 0
0.998085 0
1.218449 0
0.056074 0
1.015676 0
0.161388 0
0.630363 0
0.155598 0
0.398277 0
0.675511 0
0.119803 0
1.118642 0
0.135654 0
0.011431 0
0.892451 0
1.199460 0
0.329765 0
