0.818039 0
0.621066 0
0.245149 0
0.317994 0
1.253598 0
0.403653 0
0.278837 0
1.500467 0
0.127229 0
0.545836 0
0.304151 0
1.211903 0
0.078557 0
0.381518 0
0.040244 0
1.559481 0
0.116809 0
0.077298 0
0.593877 0
0.203119 0
0.182703 0
0.362661 0
1.334998 0
0.015472 0
0.363041 0
0.641191 0
0.399710 0
0.545993 0
0.615901 0
0.065026 0
1.019751 0
0.433551 0
0.208932 0
0.155501 0
0.191673 0
0.189331 0
1.542640 0
0.676180 0
0.658585 0
0.375685 0
0.102395 0
0.489281 0
0.685580 0
0.571326 0
0.105071 0
0.389441 0
0.248748 0
0.439801 0
0.203725 0
1.470758 0
0.267340 0
1.451524 0
0.300907 0
0.022544 0
0.262217 0
0.039778 0
0.051358 0
0.677374 0
0.074900 0
0.133094 0
0.256863 0
0.564806 0
1.274830 0
0.267531 0
0.871924 0
0.351743 0
0.706997 0
0.378706 0
1.010293 0
0.470952 0
0.482542 0
1.058745 0
0.662971 0
0.819168 0
0.466518 0
0.063078 0
0.036585 0
0.229655 0
0.394958 0
0.242885 0
0.010322 0
0.421417 0
0.020888 0
0.043898 0
0.321795 0
0.417530 0
0.453318 0
1.189686 0
0.715442 0
0.201193 0
1.109163 0
0.869086 0
0.450104 0
0.401959 0
0.145976 0
0.062879 0
0.229546 0
0.277734 0
0.304136 0
1.397568 0
0.236905 0
0.178019 0
0.712479 0
0.470488 0
0.166570 0
0.625048 0
0.177042 0
0.881046 0
0.100529 0
0.722697 0
0.845689 0
0.042842 0
0.356145 0
1.521493 0
0.061796 0
1.378108 0
0.510290 0
0.890920 0
0.433909 0
1.075245 0
0.415972 0
0.631574 0
0.349961 0
0.731165 0
0.017233 0
0.050352 0
0.541168 0
0.195607 0
0.358833 0
0.417833 0
0.018224 0
0.100715 0
0.369457 0
1.062813 0
0.841794 0
1.411334 0
0.678178 0
1.233348 0
0.117202 0
0.961224 0
1.368806 0
0.301253 0
1.503431 0
0.504162 0
0.407388 0
1.101825 0
0.075202 0
0.992356 0
0.798788 0
0.176881 0
1.453709 0
0.241901 0
0.781086 0
0.164737 0
0.612897 0
0.043408 0
0.595986 0
0.083025 0
0.775100 0
1.796105 0
0.466077 0
0.319525 0
0.370386 0
0.006616 0
0.111443 0
0.075427 0
0.315943 0
0.156153 0
1.181205 0
0.092099 0
0.143184 0
0.774646 0
0.060034 0
1.496875 0
0.635576 0
0.156166 0
1.258032 0
0.011372 0
0.141987 0
1.332911 0
0.185431 0
0.362473 0
0.325397 0
0.205066 0
0.105112 0
0.218224 0
0.518539 0
0.859166 0
0.118071 0
0.215708 0
0.091566 0
0.236142 0
0.300058 0
0.475255 0
0.363318 0
1.092186 0
0.773619 0
0.258282 0
0.273456 0
0.401635 0
0.984111 0
0.829821 0
0.138174 0
0.081165 0
0.387695 0
0.105567 0
0.079476 0
0.232768 0
0.039789 0
0.048501 0
0.155810 0
1.004426 0
1.220546 0
0.998655 0
0.219546 0
0.637024 0
1.239862 0
0.156049 0
0.309241 0
0.021630 0
0.496086 0
0.029874 0
2.306501 0
0.644473 0
0.273267 0
0.333623 0
0.308349 0
0.176717 0
0.244272 0
0.359620 0
0.700936 0
0.474843 0
0.508405 0
0.817603 0
0.270640 0
1.370938 0
1.210536 0
0.575736 0
0.479254 0
0.212459 0
0.282363 0
0.073560 0
0.040737 0
1.440084 0
0.264890 0
0.872821 0
0.065323 0
0.208653 0
0.868920 0
0.139397 0
0.059249 0
0.009545 0
0.056665 0
1.457249 0
0.007050 0
0.970247 0
1.586750 0
0.762678 0
0.524140 0
0.483913 0
0.052105 0
1.645092 0
0.040912 0
0.396759 0
0.176400 0
1.291657 0
0.027857 0
0.062354 0
0.563099 0
1.050511 0
0.601254 0
0.103546 0
0.181304 0
0.336160 0
1.415918 0
0.562075 0
0.042090 0
1.090863 0
0.184787 0
0.379383 0
0.895232 0
1.049542 0
1.193481 0
0.210670 0
0.108418 0
0.484563 0
0.137017 0
0.344097 0
0.544258 0
0.470943 0
0.606194 0
0.587373 0
0.296528 0
0.156244 0
0.357909 0
0.283585 0
0.741315 0
0.286605 0
0.672604 0
0.115603 0
0.379754 0
0.348817 0
0.288307 0
1.301649 0
0.985501 0
0.236630 0
0.390855 0
0.085770 0
0.413030 0
0.101403 0
0.135422 0
0.021120 0
0.345626 0
0.400840 0
0.635004 0
0.011011 0
0.027001 0
0.906780 0
0.010523 0
0.529360 0
0.415533 0
0.457732 0
0.068736 0
0.576759 0
0.367344 0
1.076490 0
0.228077 0
0.428692 0
0.081972 0
0.327580 0
0.521332 0
0.180184 0
0.118446 0
0.371921 0
0.614133 0
0.477696 0
0.498908 0
0.025588 0
0.997495 0
0.097068 0
0.490972 0
0.863884 0
0.219982 0
1.075821 0
0.760898 0
0.039288 0
0.376339 0
0.177280 0
0.540917 0
0.338044 0
0.131451 0
0.182305 0
0.456366 0
0.557802 0
0.904523 0
0.181882 0
0.327454 0
0.504709 0
0.403480 0
0.079611 0
0.262992 0
0.675004 0
0.407963 0
0.818944 0
0.593080 0
0.351228 0
1.547812 0
0.188541 0
0.867042 0
0.025633 0
1.309774 0
0.157568 0
0.223138 0
1.049085 0
1.461865 0
1.127659 0
0.009186 0
1.330735 0
1.393882 0
0.738549 0
0.060212 0
0.646269 0
0.511567 0
0.569251 0
0.282971 0
2.705413 0
1.412379 0
0.840303 0
1.499675 0
0.489620 0
0.231993 0
0.258844 0
0.088230 0
0.572352 0
0.894100 0
0.503513 0
0.553214 0
0.268959 0
0.108634 0
0.083703 0
0.633538 0
0.171060 0
0.930702 0
0.655575 0
0.261036 0
0.320637 0
0.705501 0
0.186965 0
0.080459 0
0.295912 0
0.592721 0
0.653058 0
0.509975 0
1.426931 0
0.978837 0
0.449552 0
0.265218 0
1.481355 0
0.154335 0
0.622083 0
0.018706 0
0.110326 0
0.293516 0
0.101355 0
0.679713 0
0.034239 0
1.173674 0
0.060003 0
1.069086 0
0.207855 0
0.044177 0
1.261302 0
0.552627 0
0.102839 0
1.319324 0
0.497374 0
0.353476 0
0.518416 0
0.044391 0
0.077241 0
1.244357 0
0.633757 0
0.523294 0
0.247352 0
1.388342 0
0.840869 0
0.009918 0
0.081483 0
0.433574 0
0.483304 0
0.651021 0
0.161806 0
0.538307 0
0.128463 0
0.401427 0
1.018524 0
0.014138 0
0.866414 0
0.155434 0
0.415084 0
0.104246 0
0.029491 0
0.051770 0
0.121207 0
0.106381 0
0.940329 0
0.204020 0
0.327254 0
0.195658 0
0.184863 0
0.314571 0
0.108239 0
0.181172 0
0.015178 0
0.427903 0
1.392497 0
0.027007 0
0.249928 0
0.567780 0
0.275376 0
1.772818 0
1.424264 0
0.027662 0
0.099708 0
0.776292 0
0.598949 0
0.279835 0
0.078630 0
0.357466 0
1.057336 0
0.308780 0
1.033895 0
0.283210 0
0.980096 0
0.606668 0
0.323648 0
0.174618 0
0.339231 0
0.930088 0
0.465521 0
1.129374 0
0.940151 0
0.018909 0
1.143044 0
0.005110 0
0.530683 0
0.267541 0
0.061009 0
0.109974 0
0.470106 0
1.461905 0
0.456787 0
0.201380 0
0.125371 0
0.461658 0
0.261380 0
0.256341 0
1.450892 0
1.090376 0
0.046854 0
0.206375 0
0.045018 0
0.072903 0
0.490194 0
0.156729 0
0.784409 0
0.462608 0
0.885979 0
0.170784 0
0.343007 0
0.137867 0
1.320084 0
1.254302 0
0.080058 0
0.122614 0
0.113095 0
1.509622 0
0.924711 0
0.130336 0
0.741940 0
0.855103 0
0.438603 0
0.352715 0
1.468532 0
0.833933 0
1.408183 0
0.877335 0
1.191881 0
0.295378 0
0.585733 0
0.537126 0
0.196786 0
0.333609 0
1.557909 0
0.297768 0
0.013883 0
0.890869 0
0.152487 0
0.979650 0
0.294985 0
0.284075 0
0.818382 0
0.421033 0
0.208059 0
0.332550 0
0.064040 0
0.925116 0
1.268071 0
0.923187 0
0.134486 0
0.518205 0
0.010390 0
0.616223 0
1.060528 0
1.071692 0
0.444666 0
0.062736 0
0.152731 0
0.159325 0
1.353839 0
0.031515 0
0.346607 0
0.087561 0
0.365620 0
0.344788 0
0.486962 0
0.298228 0
0.458047 0
0.045722 0
0.265722 0
0.403379 0
0.187563 0
0.101797 0
0.164654 0
0.293633 0
0.449345 0
0.256692 0
0.275688 0
1.375635 0
0.178669 0
0.212603 0
0.691738 0
0.208362 0
0.317061 0
1.475799 0
0.279350 0
0.482309 0
0.099812 0
0.390756 0
0.700515 0
0.807797 0
0.691473 0
0.031933 0
0.368575 0
1.570814 0
0.054335 0
0.096187 0
0.293120 0
0.573158 0
0.009123 0
1.106904 0
0.999523 0
0.340997 0
2.412664 0
1.103439 0
0.945604 0
0.371015 0
0.489433 0
0.501992 0
0.137143 0
0.944423 0
0.672889 0
0.565752 0
1.530620 0
0.484232 0
0.359572 0
0.365820 0
1.691453 0
0.080173 0
0.788349 0
1.134517 0
0.034075 0
0.396988 0
0.978346 0
0.405259 0
0.058906 0
0.294303 0
0.181229 0
0.282143 0
0.179471 0
1.017989 0
0.164372 0
0.144034 0
0.033388 0
0.068799 0
1.520217 0
0.390581 0
1.324734 0
0.383052 0
0.411876 0
0.314328 0
0.101456 0
0.696601 0
1.168801 0
0.633925 0
0.296300 0
0.047030 0
0.413732 0
0.137393 0
0.382203 0
0.182187 0
1.315950 0
0.352515 0
0.138224 0
0.073962 0
0.327447 0
0.083217 0
0.018809 0
0.293192 0
0.643402 0
0.444785 0
0.369477 0
0.233737 0
0.749087 0
1.420496 0
1.200052 0
0.083140 0
0.342422 0
0.323256 0
0.009284 0
0.199579 0
1.448255 0
0.333438 0
1.387393 0
0.216973 0
0.174025 0
1.634007 0
0.389250 0
0.477390 0
0.426146 0
0.028267 0
1.382521 0
0.150676 0
0.017662 0
0.254705 0
1.760931 0
0.005890 0
0.074414 0
0.675208 0
0.275450 0
0.209072 0
0.277886 0
0.711588 0
1.034311 0
0.211964 0
1.201164 0
0.478256 0
1.637074 0
0.433423 0
0.755961 0
0.111726 0
0.124201 0
0.250847 0
0.691287 0
0.546672 0
0.742827 0
0.653792 0
0.237875 0
0.636799 0
1.056192 0
0.490296 0
1.078731 0
0.236558 0
0.649748 0
1.000156 0
0.426617 0
0.112061 0
0.272558 0
0.140067 0
0.271219 0
0.833452 0
0.414360 0
0.375021 0
0.760237 0
1.225632 0
0.451168 0
0.125354 0
0.174820 0
0.746054 0
1.213077 0
0.152334 0
0.239259 0
0.077121 0
0.410469 0
0.578177 0
0.678633 0
0.011180 0
0.053501 0
0.541758 0
0.135619 0
1.479258 0
0.156563 0
1.210909 0
0.635985 0
0.182609 0
1.361809 0
1.250655 0
0.970447 0
0.687813 0
0.437738 0
1.177882 0
1.468699 0
0.696428 0
0.454538 0
0.411688 0
0.367358 0
0.023152 0
0.175951 0
0.031620 0
1.010121 0
0.152145 0
1.443630 0
0.745004 0
0.105998 0
0.058142 0
0.461048 0
1.295849 0
0.059842 0
0.061966 0
0.021660 0
0.241181 0
0.006632 0
0.103580 0
0.778800 0
0.085059 0
0.512332 0
0.587704 0
1.374156 0
1.191256 0
0.225224 0
0.452363 0
0.035726 0
1.035270 0
0.129786 0
0.052248 0
1.381776 0
0.120759 0
0.186073 0
0.130759 0
0.026332 0
0.016576 0
0.002749 0
0.512465 0
0.031877 0
0.101099 0
0.805763 0
1.116010 0
0.115558 0
0.186083 0
0.624331 0
0.471975 0
0.391062 0
0.052878 0
0.396126 0
0.207621 0
0.487591 0
0.434970 0
0.414284 0
0.783087 0
0.368059 0
0.316673 0
0.643481 0
0.318084 0
0.502285 0
0.554558 0
0.266564 0
0.197556 0
0.568906 0
0.603818 0
0.366787 0
0.134559 0
0.514457 0
0.367219 0
0.148883 0
0.453696 0
0.343212 0
0.374368 0
0.072440 0
0.098396 0
0.034546 0
0.581139 0
1.318419 0
0.064796 0
0.645042 0
0.129012 0
1.374589 0
0.413778 0
0.097632 0
0.189438 0
0.023259 0
0.166875 0
1.266125 0
0.331145 0
0.763734 0
0.271591 0
0.635004 0
0.115333 0
0.080930 0
0.409542 0
0.012284 0
0.627708 0
0.249880 0
1.172194 0
0.437743 0
0.722547 0
0.697871 0
0.361263 0
1.370393 0
1.265510 0
0.472566 0
1.110626 0
0.408627 0
0.056620 0
1.437519 0
0.237460 0
0.009620 0
0.414980 0
0.325562 0
0.940492 0
0.129157 0
0.245513 0
0.157978 0
0.184704 0
0.085721 0
1.212513 0
0.088282 0
0.062202 0
0.953457 0
0.322863 0
0.079539 0
0.257629 0
0.717638 0
0.639541 0
0.314512 0
0.094171 0
1.299914 0
0.961702 0
0.243603 0
1.240974 0
0.899587 0
0.096396 0
1.538972 0
0.122994 0
0.763184 0
0.295217 0
1.570713 0
0.305391 0
0.032262 0
0.813178 0
0.309992 0
0.084224 0
0.231014 0
0.705510 0
0.630673 0
0.174370 0
0.361953 0
0.532712 0
0.587755 0
0.833853 0
1.388370 0
0.392488 0
0.113811 0
0.172391 0
0.126580 0
0.556129 0
0.740140 0
0.850017 0
0.678959 0
0.407683 0
0.656043 0
0.199515 0
0.357288 0
0.153691 0
0.338008 0
1.105007 0
1.729727 0
0.702908 0
0.880140 0
1.043871 0
0.362585 0
0.018417 0
0.716295 0
0.124337 0
0.147225 0
0.303395 0
0.217946 0
0.409085 0
0.024339 0
0.630826 0
0.121274 0
0.188345 0
0.149897 0
0.468198 0
1.293638 0
0.423627 0
0.434759 0
0.019700 0
0.453786 0
0.726303 0
1.496139 0
0.750667 0
0.100737 0
0.123576 0
0.051499 0
0.342530 0
0.117924 0
0.913715 0
0.764009 0
0.375027 0
0.018784 0
0.292672 0
0.146777 0
0.223175 0
0.378601 0
0.059443 0
0.627297 0
1.207283 0
0.124243 0
0.274017 0
0.547296 0
0.140388 0
0.693116 0
0.169303 0
0.020937 0
0.013265 0
0.547771 0
0.735870 0
0.794446 0
0.159840 0
0.111673 0
0.185917 0
0.252009 0
1.265178 0
1.368479 0
0.817092 0
0.197481 0
0.564492 0
0.096265 0
0.211277 0
0.682156 0
0.168074 0
0.122483 0
0.446621 0
0.115818 0
0.314878 0
0.026186 0
0.321141 0
1.367226 0
0.188748 0
1.078180 0
0.212192 0
1.627084 0
0.648173 0
0.678997 0
0.113300 0
0.069113 0
0.848833 0
1.376241 0
0.575975 0
0.100404 0
0.375540 0
0.108702 0
0.909024 0
0.647928 0
2.022251 0
0.084391 0
0.332439 0
0.088834 0
0.572602 0
0.221167 0
0.060105 0
0.423009 0
0.185188 0
0.064904 0
0.835363 0
0.634462 0
0.720318 0
0.184226 0
0.218716 0
0.848883 0
0.576049 0
0.132384 0
0.685246 0
0.285638 0
0.413999 0
1.603649 0
0.104638 0
1.138735 0
0.119317 0
0.363296 0
0.153903 0
0.323264 0
0.115981 0
0.188947 0
0.086247 0
0.423887 0
0.292829 0
0.083613 0
0.263384 0
0.659526 0
0.300469 0
0.224227 0
0.180311 0
1.430907 0
0.113585 0
0.522535 0
0.138281 0
0.149259 0
1.014025 0
0.547460 0
0.253565 0
0.028887 0
0.300646 0
0.080406 0
0.087932 0
0.171747 0
1.615188 0
0.608755 0
0.057798 0
1.295716 0
0.263789 0
0.359841 0
0.289244 0
0.087592 0
0.195369 0
0.356212 0
0.062280 0
0.324902 0
0.499132 0
0.421239 0
0.821925 0
0.297974 0
0.709209 0
0.289377 0
0.840638 0
0.115500 0
1.113394 0
0.237994 0
0.234330 0
0.146036 0
1.418848 0
0.142756 0
0.213489 0
0.348335 0
0.160970 0
0.179810 0
1.463178 0
1.005825 0
0.791075 0
0.879223 0
0.258640 0
0.417174 0
0.578829 0
0.192935 0
0.840208 0
0.375234 0
0.319940 0
0.951503 0
0.745400 0
0.859832 0
0.944504 0
0.285141 0
0.547260 0
0.319075 0
1.071443 0
0.031296 0
0.813046 0
1.014434 0
0.027779 0
0.522321 0
1.112624 0
1.102206 0
0.453830 0
0.642748 0
0.030687 0
0.158071 0
0.347291 0
0.513616 0
0.275782 0
0.052280 0
1.099241 0
0.230749 0
0.402153 0
0.627131 0
0.594713 0
0.142019 0
0.074304 0
0.385344 0
1.496466 0
0.566996 0
0.135164 0
0.016088 0
0.814144 0
0.109000 0
1.011594 0
0.178975 0
0.027445 0
0.148694 0
0.058643 0
0.131347 0
0.133045 0
0.136860 0
0.324855 0
0.013044 0
0.224064 0
0.299751 0
0.729738 0
0.052000 0
0.145467 0
0.809318 0
0.366622 0
0.306197 0
0.337272 0
0.380033 0
0.166796 0
0.429170 0
0.067664 0
0.213025 0
0.049112 0
0.573752 0
0.735117 0
0.594006 0
0.617329 0
0.340608 0
0.563912 0
0.884796 0
0.041414 0
0.412918 0
0.068840 0
0.368017 0
0.995549 0
0.933223 0
1.952601 0
0.529295 0
0.269935 0
0.401111 0
0.331128 0
1.141452 0
0.395597 0
0.481068 0
0.362676 0
0.133122 0
1.310426 0
0.654968 0
0.242928 0
0.914791 0
0.255885 0
0.334470 0
0.351887 0
0.282403 0
0.049904 0
0.319213 0
0.896362 0
0.057656 0
0.421094 0
0.220748 0
0.448872 0
0.297355 0
0.317673 0
0.358858 0
1.827476 0
0.845980 0
0.075186 0
0.193747 0
0.084829 0
0.094838 0
0.774664 0
0.335005 0
0.284951 0
0.170072 0
0.181893 0
0.205755 0
0.799147 0
0.046327 0
0.200596 0
0.113525 0
0.511600 0
0.808976 0
0.695724 0
0.587219 0
0.076477 0
0.090859 0
1.279814 0
0.466660 0
0.291909 0
0.561024 0
0.116422 0
0.054523 0
0.108644 0
0.136585 0
0.123251 0
0.071493 0
0.341685 0
1.225719 0
0.359209 0
1.143169 0
0.181215 0
0.008987 0
0.326294 0
0.334240 0
0.314558 0
0.164319 0
0.034635 0
0.435158 0
0.737631 0
0.131422 0
0.377015 0
0.090380 0
0.181572 0
0.374929 0
0.074142 0
0.336983 0
0.182659 0
0.092521 0
0.339664 0
1.164397 0
0.480171 0
1.518553 0
0.235330 0
0.743084 0
1.407265 0
0.407494 0
1.385269 0
0.160346 0
0.433024 0
1.392629 0
0.367778 0
0.073898 0
0.420852 0
0.920475 0
0.675764 0
0.684274 0
1.553307 0
1.399125 0
0.135253 0
1.443322 0
0.768175 0
0.173206 0
0.275732 0
0.298551 0
0.446515 0
0.051013 0
1.296436 0
0.243694 0
0.703661 0
1.083030 0
0.294647 0
0.750632 0
0.039246 0
0.438624 0
0.284312 0
0.146446 0
0.220393 0
0.197838 0
0.528409 0
0.187376 0
1.007779 0
0.258783 0
0.078783 0
0.726374 0
0.048782 0
0.633871 0
0.333460 0
0.461184 0
1.109378 0
1.029248 0
0.687303 0
0.039541 0
0.883679 0
1.032093 0
0.727647 0
0.099661 0
0.049700 0
0.270738 0
0.373088 0
0.041447 0
1.016319 0
1.426848 0
1.097773 0
0.871378 0
0.281236 0
0.105083 0
0.402502 0
0.040964 0
0.214241 0
0.199297 0
0.446293 0
1.479993 0
0.571502 0
0.016898 0
0.875414 0
0.057364 0
0.080329 0
0.136262 0
1.122873 0
0.623032 0
0.396500 0
0.169643 0
0.926599 0
0.343141 0
0.501831 0
0.048291 0
0.480959 0
0.324436 0
0.161953 0
0.726503 0
0.544392 0
0.115190 0
0.221171 0
0.378715 0
0.367454 0
0.934035 0
1.423797 0
0.786880 0
0.219155 0
0.894319 0
0.084795 0
0.001439 0
0.257986 0
0.388018 0
0.221521 0
0.807590 0
1.387499 0
1.109195 0
0.564025 0
0.340433 0
0.815655 0
0.302798 0
0.329009 0
0.532631 0
0.338611 0
0.516519 0
0.309227 0
0.219090 0
0.248127 0
0.913147 0
0.369956 0
0.069083 0
0.332272 0
1.285984 0
0.198147 0
0.152469 0
0.054346 0
0.082389 0
0.026094 0
0.106869 0
1.025096 0
0.150489 0
0.522116 0
0.351206 0
0.293612 0
0.859370 0
0.086988 0
1.080127 0
0.259287 0
1.130017 0
0.578798 0
0.438836 0
0.438173 0
0.242353 0
0.592247 0
0.120586 0
0.208577 0
0.871154 0
1.436588 0
0.055022 0
0.123977 0
0.871992 0
0.287346 0
0.655413 0
0.859565 0
0.590799 0
0.112270 0
0.015109 0
0.144102 0
0.510366 0
0.602648 0
0.047108 0
0.067147 0
0.970177 0
0.955211 0
0.008250 0
0.304807 0
0.649226 0
0.619314 0
1.401055 0
0.274162 0
1.603315 0
0.613245 0
1.091290 0
0.155959 0
0.303678 0
0.476409 0
0.129247 0
0.035827 0
1.202696 0
0.266331 0
0.040989 0
0.294112 0
0.184117 0
0.647480 0
0.872007 0
0.037314 0
1.677693 0
0.704784 0
1.095487 0
0.306433 0
0.362827 0
0.605089 0
0.235014 0
0.196876 0
0.830726 0
0.084346 0
1.103468 0
1.764064 0
0.021530 0
0.463629 0
1.387360 0
0.219179 0
0.237656 0
0.365111 0
0.064808 0
0.425359 0
0.086189 0
0.227440 0
0.018527 0
0.889144 0
1.646673 0
0.500091 0
0.877772 0
0.900156 0
0.036749 0
1.674865 0
0.948835 0
1.353080 0
1.129663 0
0.349332 0
1.392193 0
0.392985 0
0.229367 0
0.701691 0
0.305331 0
0.189424 0
0.249622 0
0.301506 0
0.283661 0
0.093129 0
0.700168 0
0.779636 0
1.069104 0
0.666124 0
0.433506 0
0.796999 0
0.182771 0
0.858226 0
0.319952 0
0.046399 0
0.709711 0
0.203048 0
0.213848 0
0.606157 0
0.328638 0
0.284323 0
0.047237 0
0.333470 0
0.337306 0
0.349330 0
1.102137 0
1.038941 0
0.358309 0
0.379158 0
1.288395 0
0.443572 0
1.658499 0
0.181857 0
0.130496 0
1.436772 0
0.149521 0
0.536270 0
0.875796 0
0.369731 0
1.035024 0
0.302885 0
0.551144 0
0.516517 0
0.339836 0
0.392139 0
0.158536 0
0.732820 0
0.100262 0
0.075128 0
0.420782 0
0.258739 0
1.174338 0
0.149086 0
1.208670 0
0.048351 0
0.079168 0
0.055803 0
0.187175 0
0.841349 0
0.328704 0
0.203088 0
0.664208 0
1.274481 0
0.385126 0
1.379822 0
0.019584 0
0.040028 0
1.393509 0
0.314019 0
0.460312 0
1.604768 0
0.440825 0
0.985919 0
0.364413 0
1.136438 0
0.104884 0
0.225436 0
0.300275 0
0.216069 0
0.184317 0
0.762239 0
0.030342 0
0.686362 0
0.427885 0
0.009641 0
0.310796 0
0.176577 0
0.220765 0
0.051707 0
0.041689 0
0.685476 0
0.254699 0
1.127981 0
0.431731 0
0.269751 0
0.188662 0
0.400130 0
1.258728 0
0.169255 0
0.339551 0
0.478429 0
0.546751 0
0.472774 0
0.071653 0
0.217471 0
0.713668 0
0.764582 0
0.491933 0
0.073166 0
0.285729 0
1.608709 0
1.804915 0
0.278203 0
1.504855 0
0.434985 0
0.295084 0
0.316098 0
0.675202 0
0.790154 0
1.787329 0
0.980732 0
0.423682 0
0.156804 0
1.774863 0
0.119744 0
0.653475 0
1.406038 0
0.222305 0
0.384746 0
0.414268 0
0.420360 0
0.090575 0
1.067299 0
1.031227 0
1.221261 0
0.097326 0
0.158074 0
0.626520 0
0.487798 0
0.304451 0
0.206942 0
0.304771 0
0.654304 0
1.132308 0
0.014143 0
0.354905 0
0.303684 0
0.216212 0
0.459069 0
0.015988 0
0.340321 0
1.139496 0
0.343223 0
0.077605 0
0.234984 0
1.381652 0
0.067663 0
1.294278 0
0.136334 0
0.444469 0
0.276147 0
1.366913 0
0.156885 0
0.625377 0
0.013878 0
0.061423 0
0.225143 0
1.291268 0
0.210334 0
0.377207 0
1.192252 0
1.285164 0
0.604632 0
0.126050 0
0.069887 0
0.571415 0
0.410095 0
1.617085 0
0.718091 0
0.307232 0
0.971256 0
0.075117 0
0.100674 0
0.686598 0
0.446954 0
1.515039 0
0.136985 0
0.160927 0
0.334235 0
1.374928 0
0.146551 0
0.235475 0
0.122504 0
1.181973 0
1.189046 0
0.041913 0
0.110872 0
0.544897 0
0.538657 0
0.193387 0
0.478261 0
0.221730 0
0.509562 0
0.232285 0
0.127201 0
1.536174 0
0.107734 0
0.358753 0
0.243091 0
0.655629 0
0.772993 0
1.422055 0
0.910305 0
0.187177 0
0.248208 0
0.310730 0
0.404831 0
0.146049 0
0.109418 0
0.158180 0
0.534370 0
0.119961 0
1.914717 0
0.123531 0
0.768817 0
0.487358 0
1.092451 0
0.143582 0
0.138582 0
0.605416 0
0.088333 0
0.277655 0
0.707706 0
0.238818 0
0.894781 0
0.643682 0
0.240311 0
0.075481 0
0.020474 0
0.277810 0
0.090863 0
0.076047 0
0.292861 0
1.593250 0
0.142380 0
0.326067 0
0.103965 0
0.251167 0
0.126753 0
0.568216 0
0.633465 0
0.127686 0
0.476048 0
0.012683 0
0.176447 0
0.439827 0
0.394337 0
0.094211 0
0.164095 0
0.588647 0
0.379134 0
1.000930 0
0.108207 0
0.052693 0
0.857739 0
0.061363 0
0.353382 0
1.350474 0
1.178249 0
0.581620 0
0.531597 0
0.708265 0
0.467158 0
1.035892 0
0.344443 0
0.005249 0
1.597987 0
0.437791 0
0.634815 0
0.091451 0
0.040840 0
1.185065 0
1.341163 0
1.021715 0
0.296385 0
0.188255 0
1.089239 0
0.718871 0
0.019527 0
0.030934 0
0.054385 0
0.056914 0
0.160136 0
0.089539 0
0.255404 0
0.250544 0
0.040047 0
1.422450 0
0.758769 0
1.400330 0
0.061964 0
1.524166 0
1.489861 0
0.111415 0
0.180950 0
0.128419 0
0.321068 0
0.485753 0
0.865853 0
0.876331 0
0.648532 0
0.594036 0
1.313396 0
1.342936 0
0.624388 0
0.156268 0
1.139137 0
0.923437 0
0.159181 0
0.947626 0
0.056175 0
0.449357 0
0.166477 0
0.234297 0
1.195477 0
1.386006 0
0.178362 0
1.276044 0
0.056068 0
0.143591 0
0.389914 0
1.214861 0
1.369976 0
0.140992 0
0.314693 0
0.457427 0
1.457835 0
0.894234 0
1.285396 0
0.537513 0
0.532426 0
0.037509 0
0.697366 0
0.423035 0
0.549870 0
0.102723 0
0.155784 0
0.263385 0
0.783314 0
0.197178 0
0.097996 0
0.214419 0
0.954252 0
0.249368 0
0.934385 0
0.363096 0
0.330611 0
1.048100 0
0.322427 0
0.623818 0
0.083660 0
0.707912 0
0.272607 0
0.864888 0
0.400131 0
0.107870 0
0.019268 0
2.000522 0
0.478438 0
0.546253 0
0.048094 0
0.043131 0
0.602411 0
0.438849 0
0.094703 0
0.501098 0
0.094762 0
0.058171 0
0.067577 0
0.570786 0
0.019520 0
0.027041 0
0.430863 0
1.949502 0
0.156468 0
0.196912 0
0.138868 0
0.302726 0
0.089181 0
0.902734 0
0.011160 0
0.277279 0
0.060160 0
0.495763 0
1.458806 0
0.204709 0
0.721096 0
0.023136 0
1.920416 0
0.065312 0
0.300141 0
0.156858 0
0.990586 0
0.092271 0
1.318724 0
0.203657 0
0.123813 0
0.638238 0
0.276296 0
0.517667 0
0.729535 0
0.315143 0
0.216989 0
0.304790 0
0.081023 0
0.471709 0
1.068076 0
1.529563 0
1.057218 0
1.095520 0
0.413785 0
0.973446 0
0.616491 0
0.974317 0
0.219440 0
0.279770 0
0.709058 0
0.346454 0
0.195307 0
1.098946 0
0.656693 0
1.197726 0
1.513255 0
0.612102 0
0.223509 0
0.185872 0
1.419935 0
0.503684 0
0.743664 0
1.195930 0
0.312610 0
1.165869 0
1.412493 0
0.722341 0
0.692883 0
0.453095 0
1.400296 0
0.863819 0
0.241188 0
0.072497 0
0.485891 0
0.339399 0
0.225060 0
0.008079 0
1.705920 0
1.199787 0
1.078815 0
0.209202 0
0.533964 0
0.647671 0
0.054512 0
0.628489 0
0.254133 0
0.180996 0
0.067278 0
0.316096 0
0.070590 0
0.416747 0
1.162624 0
0.388868 0
1.009677 0
0.646838 0
0.296920 0
0.004194 0
0.018589 0
0.296496 0
0.114520 0
0.943282 0
0.585483 0
0.155629 0
0.182741 0
0.472133 0
0.337812 0
0.362586 0
1.570874 0
0.240996 0
0.037137 0
0.595415 0
0.202237 0
0.047995 0
0.436403 0
0.088748 0
0.280125 0
0.629582 0
0.203694 0
0.003730 0
0.732125 0
0.232970 0
0.199673 0
0.182691 0
0.608546 0
0.265054 0
0.193414 0
0.969536 0
0.308558 0
0.002742 0
0.302727 0
0.184312 0
0.151448 0
0.722469 0
0.304006 0
0.834232 0
1.452426 0
0.232780 0
0.469259 0
0.104178 0
0.063370 0
0.139060 0
0.112159 0
0.680101 0
0.103542 0
0.444416 0
0.624376 0
0.833073 0
1.097007 0
0.023776 0
0.223159 0
0.031410 0
0.321785 0
0.104522 0
0.312160 0
0.038536 0
0.591676 0
0.825257 0
1.466982 0
0.611391 0
0.069405 0
0.100301 0
0.157966 0
1.218012 0
0.161100 0
0.855941 0
0.209564 0
0.293902 0
0.057753 0
0.214435 0
1.204278 0
0.013065 0
1.152881 0
0.243937 0
0.197139 0
0.278312 0
0.068103 0
0.904927 0
0.052405 0
0.247154 0
0.535734 0
0.063043 0
0.636665 0
0.621854 0
0.383665 0
0.177796 0
0.272732 0
0.184022 0
0.308907 0
0.153457 0
0.142621 0
0.445460 0
0.067702 0
0.168500 0
0.986886 0
0.544541 0
0.314481 0
0.101446 0
0.070957 0
1.479460 0
0.022193 0
0.103482 0
0.493199 0
0.107827 0
1.601046 0
0.121333 0
0.541613 0
0.662578 0
1.056861 0
1.420210 0
0.120635 0
0.043967 0
1.885387 0
0.304607 0
0.008761 0
0.637389 0
0.603204 0
0.441986 0
1.446473 0
0.081980 0
0.042371 0
0.745005 0
0.953631 0
1.047567 0
0.177747 0
0.604919 0
0.849635 0
0.221065 0
0.147916 0
0.519302 0
0.817773 0
1.417048 0
1.047452 0
0.454461 0
0.525127 0
0.243394 0
0.535211 0
0.546812 0
0.510242 0
0.779567 0
0.427706 0
0.137535 0
0.497005 0
0.391236 0
0.628546 0
1.401436 0
0.175268 0
1.357134 0
0.139740 0
0.079190 0
0.376066 0
0.124714 0
0.164868 0
0.542916 0
0.064108 0
1.235792 0
0.769228 0
0.684647 0
1.082630 0
1.449130 0
0.294630 0
0.384198 0
0.389533 0
1.192364 0
0.052251 0
1.648657 0
0.332669 0
1.428060 0
1.246382 0
0.497033 0
0.147743 0
0.701902 0
0.726326 0
0.565331 0
0.213364 0
0.591795 0
1.325679 0
0.083974 0
0.352768 0
1.498501 0
0.054740 0
0.101301 0
1.252955 0
0.194451 0
0.208936 0
0.275638 0
0.064402 0
0.417653 0
0.782498 0
0.156924 0
0.052791 0
0.121288 0
0.182335 0
0.009312 0
0.089837 0
0.081113 0
0.647840 0
1.004903 0
0.212422 0
0.259009 0
0.261689 0
0.668849 0
0.025170 0
0.609433 0
1.171350 0
0.059231 0
0.810321 0
0.285221 0
0.203058 0
0.056108 0
1.353033 0
0.942307 0
0.300665 0
0.116270 0
1.121844 0
0.076642 0
0.600243 0
0.346954 0
0.715733 0
0.923943 0
0.573516 0
1.672391 0
0.825477 0
0.040928 0
0.470160 0
0.119292 0
0.119196 0
0.075199 0
0.596916 0
0.208154 0
0.930384 0
0.023457 0
0.111487 0
0.190364 0
0.733456 0
0.255549 0
0.868827 0
1.172656 0
0.013064 0
0.519624 0
0.253468 0
0.548618 0
0.235499 0
0.196047 0
0.580136 0
0.441011 0
0.982375 0
0.448370 0
0.935601 0
0.522838 0
0.405189 0
0.368787 0
0.057734 0
0.355392 0
0.640842 0
1.077713 0
0.183077 0
0.227887 0
0.045168 0
0.566248 0
1.363330 0
0.114503 0
0.476866 0
0.166844 0
1.331862 0
0.297402 0
0.760838 0
1.407826 0
0.392843 0
1.786524 0
0.312953 0
0.102274 0
0.650842 0
0.673411 0
1.375875 0
1.122047 0
0.998412 0
0.758559 0
0.093879 0
0.987763 0
0.501611 0
0.501712 0
1.071861 0
0.111524 0
0.006121 0
0.104948 0
0.514667 0
0.703776 0
0.300337 0
0.086112 0
1.115995 0
0.756914 0
0.465400 0
0.227402 0
0.049194 0
0.762985 0
0.204193 0
0.405339 0
0.996157 0
0.454591 0
0.167695 0
0.169369 0
0.376227 0
0.269782 0
0.068387 0
0.051931 0
0.539518 0
0.393090 0
0.111810 0
0.124712 0
0.338621 0
0.397056 0
0.068675 0
0.698556 0
0.913196 0
1.327275 0
1.428941 0
0.305220 0
0.218465 0
0.675910 0
0.237692 0
0.314577 0
0.080284 0
0.358616 0
0.224064 0
0.006492 0
0.037774 0
0.739327 0
0.198659 0
1.379955 0
0.314499 0
0.947690 0
1.135496 0
0.835096 0
2.118918 0
1.030764 0
0.250754 0
0.300953 0
0.477947 0
0.681309 0
0.214584 0
0.373761 0
0.114894 0
0.810395 0
0.397517 0
0.671820 0
0.540406 0
0.210551 0
0.152353 0
1.447769 0
0.105768 0
0.381484 0
0.377462 0
0.341899 0
0.965105 0
0.131210 0
0.813115 0
1.348431 0
0.064315 0
0.448025 0
0.093082 0
0.045267 0
0.860394 0
0.308057 0
1.577258 0
0.286385 0
0.772618 0
0.644143 0
0.037657 0
0.537500 0
0.277079 0
0.139205 0
1.509342 0
0.076148 0
0.259764 0
0.186269 0
0.792206 0
0.940074 0
1.060998 0
0.098921 0
0.428310 0
0.494233 0
0.175420 0
0.290027 0
0.206238 0
0.047509 0
0.042822 0
1.378564 0
0.101046 0
0.457767 0
0.019251 0
0.414943 0
0.267770 0
0.687095 0
0.464224 0
0.245418 0
0.953668 0
0.257112 0
0.332175 0
0.337251 0
0.793909 0
0.171693 0
0.594071 0
0.524081 0
0.649749 0
1.508283 0
0.120794 0
0.273639 0
0.831192 0
0.270994 0
0.125083 0
0.717938 0
0.225519 0
0.235950 0
0.317112 0
0.068389 0
0.645722 0
0.790193 0
0.995561 0
1.379378 0
0.151427 0
0.371776 0
0.196882 0
0.947700 0
0.503217 0
0.940500 0
0.413593 0
0.687384 0
0.002390 0
0.060731 0
0.103206 0
0.116988 0
1.372396 0
0.505497 0
0.644850 0
0.697373 0
0.310455 0
0.564610 0
0.254886 0
0.804087 0
1.159953 0
0.836683 0
0.939975 0
0.307275 0
0.311868 0
0.643704 0
0.130435 0
0.716286 0
0.298192 0
1.026008 0
1.001100 0
0.944184 0
0.222363 0
0.853606 0
0.097652 0
0.161102 0
0.927341 0
1.094844 0
1.748471 0
0.027583 0
0.614413 0
0.022971 0
0.501090 0
0.044572 0
0.016688 0
0.391273 0
0.282486 0
0.374312 0
1.396916 0
0.350206 0
0.736796 0
0.799817 0
0.370709 0
0.843047 0
0.137478 0
0.298842 0
0.377592 0
0.840156 0
1.261517 0
0.565877 0
0.349399 0
0.777931 0
0.331000 0
0.163392 0
0.384479 0
0.370746 0
0.344301 0
0.104661 0
0.729248 0
0.327784 0
1.198575 0
1.199747 0
0.788354 0
0.301556 0
0.032099 0
0.559548 0
0.829591 0
0.275723 0
0.858503 0
0.715561 0
0.124435 0
0.738390 0
1.422582 0
0.089075 0
1.646772 0
0.436991 0
0.095244 0
0.099486 0
0.004301 0
0.482429 0
0.881802 0
0.112592 0
0.490586 0
0.096325 0
1.149868 0
0.294518 0
0.057254 0
0.401249 0
0.035736 0
1.080334 0
0.626423 0
0.667980 0
0.518522 0
0.039772 0
0.474752 0
0.092473 0
0.217259 0
0.164487 0
0.171836 0
0.298147 0
0.459291 0
0.233493 0
0.237920 0
0.817070 0
0.430778 0
0.226981 0
0.807553 0
0.552652 0
0.792959 0
0.513671 0
0.146351 0
0.271767 0
0.060370 0
0.170538 0
1.482108 0
0.389588 0
0.323676 0
0.416651 0
1.257641 0
0.687148 0
0.341046 0
0.068153 0
0.534428 0
0.321416 0
1.228030 0
0.015581 0
0.496710 0
0.168239 0
0.158187 0
0.619776 0
0.384877 0
1.347604 0
0.704464 0
0.131537 0
0.072367 0
0.905442 0
0.179704 0
0.058938 0
1.387411 0
1.418324 0
0.265495 0
0.128187 0
0.575867 0
0.612838 0
0.390007 0
0.005208 0
0.419555 0
0.774285 0
0.117594 0
0.761131 0
0.792888 0
0.007751 0
0.244743 0
0.984905 0
1.369201 0
0.394201 0
0.698649 0
0.331002 0
0.004681 0
0.208978 0
1.360829 0
0.225543 0
0.395418 0
0.130559 0
0.013683 0
0.559331 0
0.351986 0
0.725622 0
0.033847 0
0.037823 0
0.285040 0
0.194556 0
0.257774 0
0.473093 0
0.009460 0
0.238419 0
0.848145 0
0.179830 0
0.034222 0
0.481783 0
0.419728 0
0.293051 0
0.252994 0
0.230833 0
0.710955 0
0.099141 0
0.045929 0
0.062907 0
0.488676 0
0.208304 0
0.264292 0
0.420718 0
0.815918 0
0.650150 0
0.698894 0
0.952588 0
0.499234 0
1.257779 0
0.118943 0
0.389732 0
0.555890 0
1.129442 0
0.090768 0
0.138528 0
0.444409 0
1.108870 0
1.436979 0
1.119770 0
0.143813 0
0.887292 0
0.054863 0
0.236909 0
0.273533 0
0.705685 0
0.170031 0
0.111457 0
0.080413 0
0.216941 0
0.914388 0
0.237475 0
0.095153 0
0.545714 0
0.192265 0
0.277544 0
0.569405 0
0.220660 0
0.202736 0
0.146214 0
0.390520 0
0.497466 0
0.177794 0
0.693131 0
1.399969 0
1.360741 0
0.776162 0
0.488604 0
0.519431 0
0.327611 0
0.027395 0
0.007242 0
0.111553 0
0.039523 0
0.126101 0
0.430665 0
0.432047 0
0.136813 0
0.043448 0
0.180032 0
0.385209 0
0.119625 0
0.319730 0
0.099622 0
0.900878 0
0.057421 0
0.806598 0
0.619667 0
0.352925 0
0.250758 0
0.354031 0
0.807128 0
0.354739 0
0.085553 0
0.654773 0
0.590765 0
0.228911 0
0.961556 0
0.044546 0
1.743764 0
0.544771 0
0.045790 0
0.161082 0
0.489724 0
1.616219 0
0.338037 0
0.175229 0
0.681106 0
0.581632 0
0.781727 0
1.505050 0
0.797754 0
0.392152 0
0.377775 0
0.328121 0
0.539549 0
0.462274 0
0.959048 0
0.674986 0
0.284189 0
0.342187 0
1.088021 0
1.156490 0
0.490648 0
0.129626 0
0.786775 0
0.132510 0
0.222160 0
0.109090 0
0.406826 0
0.832639 0
0.062306 0
0.442231 0
0.045688 0
0.094562 0
0.073781 0
0.046938 0
0.041432 0
0.075846 0
1.137805 0
0.280706 0
0.488993 0
0.591148 0
0.531874 0
0.866432 0
0.294988 0
0.081354 0
0.746448 0
0.015915 0
0.219772 0
0.137279 0
0.882262 0
0.041028 0
0.033633 0
1.120381 0
0.512185 0
0.386550 0
0.143096 0
0.457482 0
0.025450 0
0.050294 0
0.086367 0
0.030502 0
0.543704 0
0.276270 0
0.237555 0
0.101636 0
0.115798 0
1.125288 0
0.337921 0
1.492150 0
2.255483 0
0.336432 0
0.288222 0
0.014260 0
0.281438 0
0.550911 0
0.206271 0
0.281437 0
1.448352 0
0.571177 0
1.256901 0
0.054248 0
0.722486 0
0.610142 0
0.080612 0
0.020719 0
0.442073 0
0.251715 0
0.418509 0
0.392050 0
0.485327 0
0.526802 0
0.254235 0
2.221441 0
0.235320 0
0.642498 0
0.027436 0
0.828733 0
0.508423 0
0.557746 0
0.039216 0
0.492081 0
0.084957 0
0.143694 0
0.652527 0
1.577021 0
0.230310 0
0.470999 0
0.323157 0
0.716859 0
0.833227 0
0.853029 0
0.729937 0
0.235070 0
1.383997 0
0.179755 0
1.427748 0
0.183383 0
0.790025 0
0.346383 0
1.278308 0
1.023280 0
0.192657 0
0.576719 0
0.463847 0
0.579386 0
1.627820 0
0.154824 0
0.042218 0
0.692772 0
1.430327 0
1.445355 0
0.078903 0
0.399974 0
0.568620 0
1.267198 0
0.714552 0
0.453465 0
0.176761 0
0.020828 0
1.720324 0
1.130791 0
0.400137 0
1.298927 0
0.457094 0
0.111927 0
0.763464 0
0.493116 0
0.294726 0
0.176618 0
0.145128 0
0.099670 0
0.028329 0
0.793318 0
0.549725 0
0.772808 0
0.027621 0
0.076918 0
0.445217 0
0.625287 0
1.369643 0
0.443483 0
0.260002 0
0.028309 0
0.673147 0
0.770608 0
0.273929 0
1.377981 0
0.145799 0
0.025545 0
0.867377 0
0.068231 0
0.056154 0
0.254705 0
0.029863 0
1.298739 0
0.526518 0
0.026974 0
0.780558 0
0.229337 0
0.681020 0
0.354033 0
0.179302 0
0.242282 0
0.181388 0
0.987003 0
0.014194 0
0.004668 0
0.036331 0
0.214971 0
0.297798 0
0.169597 0
0.478109 0
0.213495 0
0.286337 0
0.089124 0
0.072968 0
1.184645 0
0.041408 0
0.450955 0
0.250815 0
0.128469 0
0.053558 0
0.050199 0
0.405544 0
0.082642 0
0.221053 0
0.103635 0
1.333020 0
0.272574 0
0.727222 0
1.433526 0
0.526268 0
0.018728 0
0.161961 0
0.037073 0
0.143711 0
0.308925 0
2.127918 0
0.123511 0
0.197585 0
1.155356 0
1.442314 0
1.380036 0
1.377679 0
0.228306 0
0.753422 0
0.458930 0
0.240425 0
1.808296 0
0.258634 0
0.925709 0
0.069599 0
0.544327 0
0.768619 0
0.916646 0
0.138712 0
1.377890 0
0.095332 0
0.144774 0
1.353946 0
0.658074 0
0.248014 0
1.225283 0
1.063980 0
0.026235 0
0.108339 0
0.196228 0
1.396551 0
0.733003 0
0.235265 0
0.871706 0
0.138354 0
0.235246 0
0.953374 0
0.191437 0
0.457630 0
0.447778 0
1.576119 0
0.432037 0
0.225184 0
0.379248 0
0.527884 0
0.287560 0
0.737843 0
0.400553 0
0.284290 0
0.904965 0
0.063076 0
0.126556 0
0.043039 0
0.301456 0
0.435695 0
1.680540 0
0.005626 0
0.592932 0
0.377904 0
0.310772 0
1.107959 0
0.171797 0
0.909694 0
0.198063 0
0.185400 0
0.647987 0
0.572812 0
0.658642 0
0.247554 0
0.595830 0
1.742282 0
1.313908 0
0.171440 0
0.638369 0
0.037502 0
0.284944 0
0.609547 0
0.050567 0
1.335883 0
0.646420 0
0.633298 0
0.119427 0
0.782578 0
0.145177 0
0.572518 0
0.601450 0
0.017667 0
0.129851 0
0.198694 0
1.414966 0
1.668250 0
0.058952 0
0.320201 0
0.310888 0
0.088423 0
1.302124 0
0.345224 0
1.484937 0
0.117638 0
0.114054 0
1.819397 0
0.102732 0
1.588583 0
0.183685 0
0.139790 0
0.813610 0
0.502918 0
1.081043 0
1.165933 0
0.245995 0
0.661664 0
0.508882 0
0.605207 0
0.489891 0
0.869595 0
0.126791 0
0.610865 0
0.698165 0
0.257078 0
1.326380 0
0.922051 0
0.057178 0
0.355026 0
0.341246 0
1.102939 0
0.457186 0
1.416925 0
0.097715 0
0.610868 0
0.144027 0
0.939952 0
0.586868 0
0.272804 0
1.042819 0
0.209656 0
0.101429 0
0.035910 0
0.074167 0
0.618285 0
0.485867 0
0.143965 0
0.124648 0
0.256653 0
0.164453 0
0.184991 0
0.399728 0
0.214784 0
0.066444 0
0.041597 0
0.191505 0
0.542894 0
1.775282 0
1.926380 0
0.803847 0
0.547370 0
0.065508 0
0.174175 0
0.281459 0
0.215001 0
0.320776 0
1.656056 0
0.143282 0
0.509043 0
0.288223 0
0.179763 0
0.659364 0
0.070372 0
0.114704 0
0.073734 0
1.124731 0
0.315113 0
0.152150 0
0.091774 0
0.132324 0
0.482798 0
0.332885 0
0.250093 0
0.055295 0
0.419002 0
0.253103 0
0.020925 0
0.087420 0
0.011071 0
0.543157 0
0.215210 0
0.094196 0
0.662683 0
0.359654 0
0.022476 0
0.115251 0
0.333459 0
0.246924 0
0.200508 0
0.008073 0
0.560318 0
0.546664 0
0.171246 0
0.088879 0
0.282850 0
0.735420 0
0.157169 0
0.717697 0
1.477322 0
1.123669 0
0.537855 0
1.467512 0
0.614538 0
0.582911 0
0.156981 0
0.056029 0
1.480939 0
0.673572 0
0.895042 0
0.097118 0
0.635077 0
1.439726 0
0.191861 0
0.036222 0
0.383770 0
1.363734 0
1.034580 0
0.936178 0
0.042798 0
0.519428 0
0.190102 0
0.596625 0
0.217823 0
0.308053 0
0.259702 0
0.502324 0
0.311103 0
0.046054 0
1.061975 0
0.360409 0
0.096568 0
0.028052 0
0.069081 0
0.497479 0
0.076238 0
0.086073 0
0.790883 0
0.122545 0
0.628335 0
0.055830 0
0.567733 0
0.297055 0
0.218589 0
0.293314 0
1.647012 0
0.428942 0
0.666895 0
0.293999 0
0.668119 0
0.377397 0
0.967305 0
0.306893 0
0.406188 0
1.378731 0
0.835846 0
1.555473 0
0.772126 0
0.148531 0
0.650252 0
0.307065 0
0.189212 0
0.267598 0
0.311610 0
1.100491 0
0.724059 0
0.540053 0
1.509326 0
1.017387 0
1.392693 0
0.804724 0
0.093036 0
0.168127 0
0.386916 0
1.386106 0
1.142448 0
0.552618 0
0.601158 0
0.549991 0
0.718530 0
0.020512 0
1.297742 0
0.018910 0
0.377578 0
1.723718 0
0.572201 0
0.096832 0
0.419615 0
0.381438 0
0.032489 0
0.242483 0
1.476228 0
0.096397 0
0.267109 0
0.770966 0
0.258202 0
0.073836 0
0.075229 0
0.098752 0
0.350328 0
1.700725 0
1.599503 0
0.941975 0
0.562335 0
0.544310 0
0.183287 0
0.680084 0
0.156723 0
0.212782 0
1.439073 0
0.546376 0
1.401553 0
0.433964 0
1.176056 0
0.443996 0
0.656660 0
1.627223 0
0.261263 0
0.343360 0
0.319005 0
0.092753 0
0.038145 0
0.518654 0
0.218166 0
0.166787 0
0.286042 0
0.054500 0
0.145165 0
0.087869 0
0.359994 0
0.524743 0
0.219348 0
0.071135 0
0.278153 0
0.531138 0
0.605985 0
0.232387 0
0.037351 0
0.675814 0
0.088451 0
0.456767 0
0.689593 0
0.191478 0
1.378677 0
0.939240 0
0.107330 0
0.159089 0
0.339694 0
0.181363 0
0.066695 0
0.097907 0
0.323017 0
0.029007 0
0.752365 0
1.139118 0
1.134845 0
0.259962 0
1.409552 0
0.525258 0
0.008644 0
0.124280 0
0.165930 0
0.032419 0
0.433241 0
0.482986 0
0.612083 0
0.018643 0
0.467839 0
0.754720 0
0.176719 0
0.015169 0
1.480270 0
0.378790 0
0.748743 0
0.529132 0
1.477451 0
0.259132 0
0.275496 0
0.182250 0
0.238615 0
0.129426 0
1.644153 0
0.296259 0
0.388296 0
0.058462 0
0.258478 0
0.743832 0
0.251476 0
0.005889 0
0.024777 0
0.018614 0
1.366011 0
1.469668 0
0.860760 0
1.436541 0
0.292219 0
0.654012 0
0.258013 0
0.492896 0
0.476130 0
0.900527 0
0.130029 0
1.365679 0
0.977094 0
0.071254 0
0.145231 0
1.802832 0
1.173448 0
0.040356 0
0.562503 0
0.528474 0
0.169390 0
1.153276 0
0.502869 0
0.726066 0
0.272068 0
1.399788 0
1.676753 0
1.394662 0
0.267658 0
0.452381 0
0.511557 0
0.705392 0
0.079196 0
1.370257 0
0.013983 0
0.643833 0
0.045460 0
0.031107 0
0.620563 0
0.358127 0
0.218688 0
0.071235 0
0.301957 0
0.263059 0
0.689593 0
1.079860 0
0.495621 0
0.589795 0
0.063669 0
0.265847 0
0.308953 0
0.352749 0
0.417982 0
0.050409 0
0.079133 0
0.097265 0
0.048351 0
0.422852 0
1.015748 0
0.296248 0
0.356412 0
0.008818 0
0.204575 0
0.948835 0
0.609142 0
0.371323 0
0.100996 0
0.863040 0
1.241074 0
0.050707 0
0.479616 0
0.214741 0
0.104998 0
0.262492 0
0.735187 0
0.011933 0
0.900432 0
0.208116 0
0.061312 0
1.472723 0
0.045712 0
1.385759 0
1.461423 0
0.127849 0
1.384952 0
0.598476 0
0.033657 0
1.736851 0
0.133952 0
1.015906 0
1.048829 0
1.411939 0
1.520392 0
0.026915 0
0.503224 0
0.154711 0
0.686539 0
0.609400 0
0.010485 0
0.364692 0
0.197122 0
0.173808 0
1.391556 0
0.000844 0
0.399505 0
0.353064 0
1.390755 0
1.256666 0
0.565532 0
0.686092 0
0.414922 0
1.376325 0
0.448771 0
0.738051 0
0.091470 0
1.010532 0
0.377985 0
0.550277 0
0.712079 0
1.237948 0
0.515852 0
0.453325 0
0.880051 0
0.062999 0
0.869284 0
0.530946 0
0.959188 0
0.394427 0
0.911400 0
0.208201 0
0.109435 0
0.288178 0
0.052686 0
0.436130 0
0.801215 0
0.760315 0
1.156913 0
0.032356 0
0.782237 0
0.382414 0
0.054632 0
0.141594 0
0.373343 0
0.207983 0
0.073036 0
0.102655 0
0.370164 0
0.162853 0
0.446854 0
0.083648 0
0.260048 0
0.386960 0
0.661608 0
0.044310 0
0.669976 0
0.029992 0
0.119516 0
1.078981 0
0.270783 0
1.057480 0
0.144814 0
1.438815 0
0.015425 0
0.634105 0
0.907339 0
1.455095 0
0.090952 0
0.463368 0
1.457703 0
0.255739 0
0.421430 0
0.191080 0
1.306316 0
0.775362 0
0.239026 0
0.495339 0
0.351171 0
0.038348 0
0.135207 0
0.520578 0
0.362080 0
0.056551 0
0.110084 0
0.279909 0
0.199135 0
0.085656 0
0.004295 0
0.201347 0
0.231284 0
0.304856 0
1.474541 0
0.045440 0
0.214440 0
0.242871 0
0.153041 0
0.421438 0
0.466200 0
0.588314 0
0.611436 0
0.087107 0
0.451418 0
0.317784 0
0.288535 0
0.374846 0
0.073636 0
0.180986 0
0.126555 0
0.139989 0
0.157398 0
1.004534 0
0.183939 0
0.164887 0
0.257953 0
0.482950 0
0.581439 0
0.489273 0
0.894518 0
0.145213 0
0.050455 0
1.381132 0
0.794525 0
0.988920 0
0.738490 0
0.614317 0
0.577290 0
0.865339 0
0.216242 0
0.943610 0
0.862302 0
0.733083 0
0.088268 0
0.403587 0
0.368131 0
0.777420 0
0.171762 0
0.655120 0
0.224484 0
0.071865 0
0.063117 0
0.290651 0
0.064030 0
0.178817 0
0.385885 0
0.449534 0
1.731448 0
0.021147 0
0.134433 0
0.676713 0
0.828302 0
1.339555 0
0.244058 0
0.404848 0
0.349351 0
0.156609 0
0.359944 0
0.058456 0
0.211409 0
0.099136 0
0.204995 0
0.202600 0
0.259456 0
0.910102 0
0.543849 0
0.026087 0
0.423218 0
0.027253 0
0.035977 0
0.024466 0
0.120050 0
1.367467 0
1.218208 0
1.189613 0
0.142501 0
0.040896 0
0.046647 0
0.146795 0
1.583256 0
0.187689 0
0.133427 0
0.413094 0
0.639668 0
1.308986 0
0.478190 0
0.776382 0
0.277714 0
0.264772 0
0.171317 0
0.792407 0
0.399804 0
0.021521 0
0.024539 0
0.377181 0
0.044586 0
0.291275 0
0.547477 0
0.396982 0
0.282689 0
0.173450 0
0.299894 0
0.105145 0
0.007214 0
0.153280 0
0.025937 0
0.072707 0
0.013294 0
0.305494 0
0.452858 0
0.218809 0
0.132763 0
0.615672 0
0.124806 0
0.123669 0
0.719630 0
0.493003 0
0.532170 0
1.172111 0
0.554743 0
0.407844 0
0.867599 0
0.700795 0
0.205610 0
0.284982 0
0.817163 0
0.383722 0
0.182679 0
0.355351 0
0.183938 0
0.148675 0
1.444114 0
0.291169 0
1.264720 0
0.512148 0
0.403751 0
0.234255 0
0.052029 0
1.121891 0
0.255489 0
0.449215 0
0.689088 0
0.412841 0
0.618020 0
0.724351 0
0.201133 0
0.098754 0
0.990038 0
0.188576 0
0.570937 0
2.129272 0
0.033668 0
0.552303 0
0.446285 0
0.144041 0
0.232198 0
0.129226 0
1.377435 0
0.560565 0
0.156084 0
0.482312 0
0.081600 0
0.308054 0
0.011264 0
0.421669 0
0.440560 0
0.124649 0
0.296459 0
0.528153 0
0.187217 0
0.449791 0
0.156727 0
1.048201 0
1.076980 0
0.299638 0
0.208821 0
1.387466 0
0.096144 0
0.065672 0
0.298581 0
0.435401 0
0.278819 0
0.461930 0
0.147453 0
1.695062 0
0.467897 0
0.620299 0
0.142159 0
0.076716 0
0.172101 0
0.325933 0
0.195704 0
1.933850 0
0.430969 0
0.529564 0
1.297672 0
0.467802 0
0.655704 0
0.327253 0
0.027575 0
0.248961 0
0.109978 0
0.950632 0
1.039259 0
0.059460 0
1.389678 0
0.280962 0
0.038348 0
0.317808 0
0.281171 0
0.049290 0
0.302984 0
0.243946 0
0.011039 0
1.469324 0
0.311886 0
0.079785 0
0.129444 0
0.006516 0
0.884620 0
0.062597 0
1.456508 0
0.266266 0
0.718823 0
0.076406 0
0.079252 0
0.087585 0
0.220776 0
1.195087 0
0.651935 0
0.400770 0
0.291831 0
0.654419 0
0.749715 0
0.155777 0
1.150630 0
0.092114 0
0.117088 0
0.232172 0
0.044049 0
0.627791 0
0.032226 0
0.335770 0
0.806891 0
0.388866 0
0.076961 0
0.378353 0
0.685728 0
1.069651 0
1.643788 0
0.423684 0
0.067575 0
0.175908 0
0.615288 0
0.271555 0
1.384727 0
0.115438 0
0.104216 0
0.066961 0
0.483368 0
0.393000 0
0.609483 0
0.580558 0
1.171424 0
0.482820 0
0.357155 0
0.107481 0
0.037916 0
0.166586 0
0.368512 0
0.726660 0
1.523658 0
0.447664 0
0.149857 0
0.506728 0
0.506315 0
0.182834 0
0.415942 0
0.188630 0
0.495567 0
0.509916 0
0.832139 0
0.253781 0
0.793066 0
0.195313 0
0.816326 0
0.518278 0
0.832293 0
0.283223 0
0.784878 0
0.351092 0
0.142642 0
1.837882 0
0.135861 0
0.011777 0
0.271579 0
1.640583 0
0.595607 0
0.064244 0
1.016711 0
0.572331 0
2.546205 0
0.707648 0
1.620794 0
0.042656 0
1.442479 0
0.732697 0
0.436553 0
0.366853 0
0.553115 0
0.841700 0
0.054539 0
0.437123 0
0.242212 0
0.009550 0
0.361309 0
1.116501 0
1.062072 0
0.192488 0
0.286071 0
1.319955 0
0.419653 0
0.146648 0
1.121475 0
0.275464 0
0.403235 0
1.121578 0
0.156560 0
0.444701 0
0.278033 0
1.367976 0
0.073874 0
1.094874 0
0.060765 0
0.032817 0
0.170913 0
0.309311 0
0.257837 0
0.272022 0
1.574744 0
0.660449 0
0.030405 0
0.089560 0
0.755394 0
1.302735 0
0.783322 0
0.376070 0
0.565532 0
0.019366 0
0.110969 0
0.414508 0
0.834018 0
0.279718 0
0.143498 0
0.159021 0
1.300636 0
0.125389 0
1.220054 0
1.397476 0
0.525730 0
0.827491 0
0.111275 0
1.233086 0
0.717824 0
0.471241 0
0.685867 0
0.587104 0
0.548905 0
0.941655 0
0.197486 0
0.172536 0
0.296787 0
0.021268 0
0.352441 0
1.110222 0
0.039050 0
0.807541 0
1.701624 0
0.525919 0
0.154740 0
0.962187 0
0.732356 0
0.555415 0
0.019295 0
0.238488 0
0.547776 0
0.088313 0
1.407028 0
0.816969 0
0.105704 0
0.709926 0
0.231058 0
0.355374 0
0.456139 0
1.018942 0
1.062658 0
0.169252 0
0.241573 0
0.921109 0
0.795037 0
0.524718 0
0.219619 0
0.125499 0
0.589771 0
1.595236 0
0.468318 0
0.032939 0
0.682805 0
1.017486 0
0.440566 0
0.183455 0
1.292330 0
1.065307 0
0.693291 0
0.655715 0
0.932406 0
1.131848 0
0.332595 0
0.299457 0
0.246975 0
0.355796 0
0.197128 0
0.098028 0
0.115179 0
0.083305 0
1.283716 0
0.447838 0
0.525625 0
0.281052 0
0.398686 0
0.157597 0
0.242612 0
0.237569 0
0.348803 0
0.155706 0
0.262883 0
0.298286 0
0.080683 0
0.840519 0
0.188546 0
1.330229 0
0.102957 0
0.090106 0
0.498160 0
0.413909 0
1.025030 0
0.795129 0
1.406170 0
0.119448 0
0.134546 0
0.121419 0
0.589893 0
0.337841 0
0.443193 0
0.085747 0
0.374477 0
1.044355 0
0.215338 0
1.622311 0
0.156568 0
0.244039 0
0.247611 0
0.710881 0
0.347293 0
0.531647 0
0.627252 0
0.624986 0
0.060197 0
0.108027 0
0.286043 0
0.686044 0
0.024578 0
0.062794 0
0.244185 0
0.962665 0
0.543273 0
0.865306 0
0.029427 0
0.221587 0
0.303744 0
0.153349 0
0.764487 0
0.387987 0
0.605157 0
0.938695 0
0.296741 0
0.020283 0
0.528407 0
0.198696 0
0.679129 0
0.126659 0
0.306106 0
0.608365 0
0.249659 0
0.151233 0
0.002894 0
0.420030 0
1.091215 0
1.044368 0
0.026651 0
1.372598 0
0.250519 0
0.428695 0
0.001317 0
0.671477 0
1.343894 0
0.691330 0
0.839191 0
1.419037 0
0.630522 0
0.764769 0
0.149112 0
1.825944 0
0.342957 0
0.065118 0
1.660867 0
0.317014 0
0.997546 0
0.112765 0
0.063155 0
0.224003 0
0.286996 0
0.524257 0
0.256607 0
0.683028 0
0.137146 0
1.923401 0
0.060532 0
0.334144 0
0.332124 0
0.081201 0
0.381328 0
0.265988 0
0.333127 0
0.595397 0
0.533794 0
1.139989 0
0.297691 0
0.597477 0
0.394859 0
0.348874 0
0.630145 0
0.045038 0
0.522107 0
0.346555 0
1.093477 0
0.233468 0
0.136724 0
0.129743 0
0.493212 0
0.803037 0
0.534256 0
0.017741 0
0.138899 0
0.113168 0
0.117267 0
0.320792 0
0.327464 0
1.069014 0
0.379609 0
0.209756 0
0.982487 0
1.721780 0
0.030169 0
0.213485 0
0.315397 0
0.497179 0
0.411778 0
0.631076 0
0.919752 0
0.804987 0
0.804494 0
0.574653 0
0.451876 0
1.514421 0
0.323674 0
0.843764 0
0.266292 0
0.006103 0
0.516766 0
0.215456 0
1.118910 0
0.075515 0
0.677460 0
0.855710 0
0.888045 0
0.567138 0
0.192334 0
0.178511 0
1.440539 0
0.800979 0
0.409102 0
0.216184 0
1.054300 0
0.075151 0
0.474119 0
0.779470 0
0.813531 0
0.615057 0
0.914996 0
0.772098 0
0.160603 0
0.395427 0
0.259797 0
0.882913 0
1.174244 0
0.654162 0
1.556765 0
0.064939 0
0.051846 0
0.157213 0
0.464435 0
0.093149 0
0.364107 0
0.127554 0
0.443063 0
0.340260 0
0.241310 0
0.209043 0
0.762640 0
1.142632 0
1.445785 0
0.470307 0
0.735209 0
0.331392 0
0.234843 0
0.040890 0
0.740218 0
0.255182 0
0.164295 0
0.538438 0
0.244722 0
0.132697 0
1.423461 0
0.499554 0
0.055321 0
0.193842 0
0.542722 0
1.279189 0
0.468074 0
1.699070 0
0.703465 0
0.268899 0
1.274090 0
0.182843 0
0.263537 0
0.108918 0
0.642010 0
0.176059 0
0.265573 0
1.055690 0
0.620825 0
0.512403 0
0.139463 0
0.008726 0
0.038009 0
0.024543 0
0.469097 0
0.120205 0
0.560847 0
1.609344 0
0.264139 0
0.669096 0
0.507317 0
0.983238 0
0.051604 0
0.590037 0
0.020141 0
0.448591 0
1.436219 0
0.014493 0
1.205443 0
0.104251 0
0.317590 0
0.095540 0
0.411314 0
0.003141 0
0.416390 0
1.628909 0
1.302251 0
0.419151 0
1.421186 0
1.012697 0
0.184493 0
0.603548 0
0.164354 0
0.783722 0
1.345533 0
1.387098 0
0.721474 0
0.059080 0
0.666395 0
0.841795 0
0.797604 0
2.518144 0
0.800091 0
0.668574 0
0.247850 0
1.513914 0
0.333042 0
0.180718 0
0.318523 0
0.276602 0
0.261309 0
0.284902 0
0.534773 0
0.588322 0
0.272782 0
1.562928 0
0.957954 0
2.332727 0
1.389267 0
0.144877 0
0.102173 0
0.088833 0
0.076061 0
0.195630 0
1.226656 0
1.530996 0
0.205608 0
0.523208 0
0.112893 0
0.171287 0
0.659837 0
0.137666 0
0.501860 0
0.588594 0
0.333369 0
0.508454 0
2.062748 0
0.048164 0
0.290768 0
0.896114 0
0.226088 0
0.904530 0
1.036272 0
0.922654 0
0.262306 0
0.546043 0
0.251951 0
0.419237 0
0.246221 0
1.138948 0
0.438303 0
0.268095 0
0.018750 0
0.129889 0
0.251460 0
0.370434 0
0.492596 0
0.212908 0
0.655598 0
0.553381 0
0.533269 0
0.196257 0
0.079034 0
0.034910 0
0.314473 0
0.754354 0
0.562260 0
0.179272 0
0.553655 0
0.570713 0
0.528965 0
0.120277 0
0.548781 0
0.313415 0
0.390633 0
0.489077 0
0.146834 0
0.066644 0
0.160496 0
0.043640 0
0.032975 0
0.558889 0
1.108211 0
0.137857 0
0.975456 0
0.600876 0
0.514383 0
0.477238 0
0.780957 0
0.194476 0
1.232219 0
1.022063 0
1.057211 0
0.137920 0
0.532833 0
0.128448 0
1.130800 0
0.080665 0
0.073330 0
0.276912 0
0.337983 0
0.149146 0
1.215732 0
0.710194 0
0.035538 0
0.029503 0
0.612460 0
0.153274 0
0.246118 0
0.058113 0
0.011791 0
1.017604 0
0.025086 0
0.339261 0
0.020139 0
0.709151 0
0.562068 0
0.648513 0
0.263660 0
0.380583 0
0.288454 0
0.278360 0
0.447658 0
1.613815 0
0.035345 0
0.166107 0
0.218615 0
0.366925 0
0.586461 0
0.666267 0
0.368288 0
0.974899 0
0.366851 0
0.153029 0
0.840538 0
0.274591 0
0.860153 0
0.545694 0
0.120006 0
1.089387 0
0.177764 0
0.038192 0
0.012441 0
0.420855 0
1.483123 0
0.019994 0
0.408940 0
0.167802 0
1.717528 0
0.754408 0
0.485351 0
0.104639 0
0.077361 0
0.247792 0
0.024342 0
1.368269 0
0.028633 0
0.354765 0
0.013629 0
0.059693 0
0.562395 0
0.096469 0
0.289824 0
0.741991 0
0.006407 0
0.357312 0
1.303398 0
0.222810 0
0.388843 0
0.063713 0
1.410406 0
0.264912 0
0.737528 0
0.227320 0
0.588842 0
0.228689 0
0.434328 0
1.381728 0
0.949945 0
0.030968 0
0.201127 0
0.897687 0
0.676452 0
0.183541 0
0.054999 0
0.917170 0
1.555342 0
1.059625 0
0.579993 0
0.062216 0
0.233919 0
0.251920 0
0.076084 0
0.275701 0
0.396748 0
0.283003 0
0.027572 0
0.860813 0
0.131932 0
0.536930 0
0.330406 0
0.600882 0
0.256236 0
0.128437 0
0.528863 0
0.757225 0
0.328534 0
0.974499 0
0.419227 0
1.010481 0
0.722647 0
0.108370 0
0.307165 0
0.033660 0
1.368692 0
0.473842 0
0.296189 0
0.502660 0
0.429881 0
0.239810 0
0.362330 0
0.646331 0
0.107638 0
0.969418 0
0.293271 0
0.656789 0
0.094287 0
0.545610 0
0.435164 0
0.326578 0
1.406164 0
0.041357 0
0.081173 0
0.202867 0
0.088222 0
0.576351 0
0.973352 0
1.705623 0
0.606698 0
0.854505 0
1.447444 0
0.338924 0
0.419225 0
1.497464 0
0.524469 0
0.328807 0
0.819753 0
0.733088 0
0.560430 0
0.268051 0
0.563051 0
1.910405 0
0.021511 0
0.127350 0
0.088312 0
0.300714 0
0.172909 0
0.260496 0
0.150355 0
1.176658 0
0.357399 0
0.748338 0
0.013381 0
0.455930 0
0.221010 0
0.091380 0
0.205497 0
0.602428 0
0.169278 0
0.017696 0
0.077664 0
0.582304 0
0.504466 0
0.244743 0
0.342788 0
0.310650 0
0.133516 0
1.466405 0
0.616847 0
0.708243 0
1.017812 0
0.659377 0
0.487658 0
0.420231 0
0.548721 0
0.839824 0
0.289852 0
0.370243 0
0.276099 0
0.363465 0
0.215582 0
0.077601 0
0.203950 0
0.653838 0
0.095646 0
0.645811 0
1.283704 0
0.320724 0
0.025766 0
0.293102 0
0.627016 0
0.306549 0
0.503163 0
0.137850 0
0.614169 0
0.251133 0
0.290789 0
0.830566 0
0.005326 0
0.805556 0
0.968202 0
0.818298 0
0.339086 0
0.296049 0
0.171557 0
0.906603 0
0.363898 0
1.349490 0
0.897380 0
0.113961 0
0.336880 0
0.316271 0
1.423215 0
0.400781 0
0.065522 0
0.286184 0
1.368254 0
0.980075 0
0.079294 0
0.286794 0
0.129569 0
0.449946 0
1.191704 0
0.213982 0
0.430669 0
0.776701 0
0.632005 0
0.322915 0
0.146289 0
0.053136 0
0.225988 0
0.110785 0
0.150742 0
0.191928 0
0.054537 0
1.389818 0
1.507869 0
0.488243 0
0.222912 0
0.355252 0
1.404450 0
1.270037 0
0.180461 0
1.025888 0
0.582770 0
0.780548 0
0.101371 0
0.023570 0
0.789876 0
0.153512 0
0.161918 0
0.138026 0
0.109823 0
0.373763 0
1.564119 0
0.148838 0
0.391460 0
0.019978 0
0.712192 0
0.285926 0
1.411060 0
0.589631 0
0.108926 0
0.616124 0
0.563670 0
0.047631 0
1.136518 0
0.212678 0
0.998069 0
0.211260 0
0.777601 0
0.062303 0
0.116054 0
0.332608 0
0.085621 0
1.463842 0
0.385896 0
1.015830 0
0.134557 0
0.095625 0
0.533266 0
0.197109 0
0.310282 0
0.328623 0
0.373311 0
0.101662 0
0.454915 0
0.207689 0
0.457778 0
0.021996 0
0.240562 0
0.090487 0
0.056156 0
0.171803 0
1.447819 0
0.544686 0
1.216747 0
0.608754 0
0.034656 0
0.379668 0
0.524492 0
0.340978 0
0.005595 0
1.538397 0
0.113866 0
0.919707 0
0.483009 0
0.088552 0
1.458414 0
1.290502 0
0.148279 0
0.054394 0
1.069282 0
1.782742 0
0.324494 0
0.313276 0
0.110518 0
0.550801 0
1.037359 0
0.985487 0
0.842386 0
0.285743 0
0.111151 0
0.447390 0
0.085642 0
0.072371 0
0.048732 0
0.059648 0
0.091832 0
0.472486 0
0.215404 0
0.465013 0
0.090131 0
0.130784 0
0.146156 0
0.040640 0
1.023611 0
0.051232 0
0.744230 0
0.368290 0
1.178506 0
0.205623 0
0.407298 0
0.065544 0
0.728841 0
0.693478 0
0.671837 0
0.302384 0
0.279336 0
0.898763 0
0.630205 0
1.389058 0
1.481617 0
0.440137 0
0.120454 0
0.501029 0
0.178752 0
0.094373 0
1.050120 0
0.050796 0
0.626519 0
0.725231 0
0.153845 0
0.522081 0
0.217960 0
0.398992 0
0.220980 0
0.514914 0
1.312640 0
0.223491 0
0.631323 0
0.840191 0
0.774675 0
0.244132 0
0.636134 0
0.885618 0
0.067810 0
1.404662 0
0.229928 0
0.307052 0
0.352111 0
1.033840 0
0.493765 0
1.277548 0
0.927889 0
0.533743 0
0.158106 0
1.031315 0
0.077924 0
0.093910 0
0.330062 0
0.853100 0
0.144522 0
0.037746 0
0.669939 0
1.250710 0
0.017389 0
0.106735 0
1.448274 0
0.080310 0
1.382953 0
0.367304 0
0.230325 0
0.333278 0
0.199882 0
1.420668 0
0.864124 0
1.617126 0
0.343680 0
0.309115 0
0.134252 0
0.253827 0
0.737413 0
0.149393 0
1.046388 0
0.638305 0
0.258710 0
0.093694 0
0.088940 0
0.873817 0
0.295933 0
0.614487 0
0.348784 0
0.454341 0
0.221533 0
1.047779 0
0.041729 0
0.232467 0
0.612937 0
0.106383 0
1.085935 0
0.405687 0
0.253954 0
0.114537 0
1.518522 0
0.672862 0
0.877349 0
0.308661 0
0.027197 0
0.458664 0
0.219598 0
1.030623 0
1.366286 0
0.871037 0
0.136746 0
1.297690 0
0.568049 0
0.562729 0
0.273135 0
0.804606 0
0.757052 0
0.393401 0
0.054331 0
0.175285 0
0.820288 0
0.131996 0
0.102088 0
0.388989 0
1.342408 0
1.443303 0
0.468168 0
0.024859 0
1.091987 0
0.341996 0
0.604070 0
0.093925 0
0.168255 0
0.076464 0
0.546527 0
0.008979 0
0.158847 0
0.348818 0
0.203225 0
1.214859 0
0.470024 0
0.811840 0
1.001799 0
0.392041 0
0.253721 0
0.193262 0
0.098086 0
0.545670 0
0.733705 0
0.814075 0
0.215989 0
0.361018 0
1.872710 0
1.461062 0
0.211766 0
0.724707 0
0.991613 0
0.062806 0
0.355916 0
0.252478 0
0.046021 0
0.328694 0
0.769416 0
0.039655 0
0.557407 0
1.415667 0
0.556591 0
0.123104 0
0.107079 0
0.135206 0
1.242108 0
0.527194 0
0.115866 0
0.602829 0
1.363553 0
0.083516 0
0.681938 0
2.159821 0
0.571403 0
0.025347 0
0.073335 0
0.197526 0
0.145253 0
1.145017 0
1.457731 0
0.427249 0
0.567606 0
0.555652 0
0.795268 0
0.170777 0
0.982053 0
0.128209 0
0.129680 0
1.441666 0
0.930481 0
1.086039 0
1.312537 0
0.103203 0
0.789662 0
0.104801 0
0.218472 0
1.433108 0
0.244428 0
0.903720 0
1.068769 0
0.893649 0
0.042366 0
0.113437 0
0.510115 0
0.023965 0
0.051345 0
0.039049 0
0.190673 0
0.460663 0
0.790617 0
0.223052 0
1.230125 0
1.184999 0
0.736284 0
0.351314 0
0.214299 0
0.504386 0
1.075930 0
0.090554 0
0.014353 0
0.676515 0
0.634059 0
0.331789 0
0.156490 0
0.913530 0
0.380641 0
1.381604 0
1.132223 0
0.022907 0
0.423159 0
0.302099 0
1.459242 0
0.611883 0
0.087057 0
0.423353 0
0.171150 0
0.724075 0
0.668318 0
0.177705 0
0.041995 0
0.140107 0
0.185825 0
0.505501 0
0.184804 0
1.049272 0
0.060489 0
0.405760 0
0.478083 0
1.072052 0
0.094191 0
0.026270 0
0.251558 0
0.405724 0
0.124889 0
0.953317 0
0.019997 0
1.065281 0
0.497066 0
0.086089 0
1.040506 0
0.060293 0
0.680136 0
0.312903 0
0.222488 0
0.681466 0
0.074544 0
0.626433 0
0.296834 0
0.264846 0
0.277923 0
1.104145 0
0.559926 0
0.031430 0
0.334101 0
0.669820 0
0.258453 0
0.008592 0
0.030096 0
0.180599 0
0.070668 0
0.172744 0
0.137550 0
0.299831 0
0.081155 0
0.152650 0
0.729241 0
0.099745 0
0.056155 0
0.576191 0
0.184112 0
0.205554 0
0.016451 0
0.282612 0
1.011214 0
0.772227 0
0.480304 0
0.957149 0
1.537463 0
0.230472 0
0.985352 0
0.278835 0
0.360332 0
0.860955 0
0.582723 0
0.309008 0
0.442965 0
0.568506 0
0.830174 0
0.540736 0
0.503983 0
0.308690 0
1.249035 0
1.447415 0
0.766881 0
0.284959 0
1.588811 0
1.086225 0
0.063102 0
0.555691 0
0.472997 0
0.300045 0
0.811052 0
0.471524 0
0.566224 0
0.107706 0
1.028157 0
0.695212 0
0.334012 0
0.548077 0
0.087088 0
0.135808 0
0.252622 0
0.218982 0
0.412187 0
0.188208 0
0.015561 0
0.814647 0
0.199901 0
0.559656 0
1.069900 0
0.269040 0
0.062283 0
1.486535 0
0.943620 0
0.149692 0
0.073306 0
0.250174 0
0.369373 0
0.285147 0
0.277866 0
1.514926 0
0.312886 0
0.181867 0
0.715916 0
0.603556 0
1.480051 0
0.832582 0
0.254548 0
0.452844 0
1.111013 0
0.091788 0
0.062673 0
0.062614 0
0.166785 0
0.274946 0
0.294098 0
1.174751 0
1.014019 0
0.800356 0
0.882719 0
0.987444 0
0.766295 0
0.832320 0
0.185742 0
0.703113 0
0.918784 0
1.549180 0
0.655180 0
0.110338 0
0.660124 0
0.089989 0
0.004168 0
0.001756 0
0.081596 0
0.072178 0
0.362614 0
0.313331 0
0.810341 0
0.000952 0
0.903404 0
0.587603 0
1.215148 0
0.119133 0
1.307293 0
0.483158 0
1.093007 0
0.471850 0
0.503630 0
0.193349 0
0.595170 0
0.592725 0
0.420867 0
0.120396 0
0.339386 0
0.497940 0
0.331329 0
0.071088 0
0.946393 0
0.505649 0
0.232925 0
0.134669 0
0.340145 0
1.461154 0
0.572125 0
0.954196 0
0.357062 0
0.269144 0
0.209522 0
0.214106 0
0.208241 0
1.443649 0
0.864169 0
0.086183 0
0.486636 0
0.489322 0
0.441868 0
0.349704 0
0.334035 0
1.667389 0
0.343850 0
0.165810 0
1.103260 0
0.010471 0
0.208664 0
0.355261 0
0.231044 0
1.236064 0
0.963838 0
0.449430 0
1.530887 0
0.010468 0
0.987614 0
0.939280 0
0.428449 0
0.436793 0
1.460360 0
0.020074 0
0.028438 0
0.428188 0
0.117271 0
1.115220 0
0.229754 0
0.571288 0
0.783332 0
0.256151 0
0.485887 0
1.365373 0
0.188945 0
0.348143 0
0.877159 0
0.939821 0
0.755395 0
1.242462 0
1.340211 0
0.219798 0
0.021499 0
0.670986 0
0.564160 0
0.375807 0
0.144601 0
0.886731 0
0.059460 0
0.127554 0
0.065574 0
1.129727 0
0.908752 0
0.237825 0
0.161584 0
0.060568 0
1.341716 0
0.685750 0
0.011491 0
0.225063 0
0.388164 0
1.921943 0
0.552699 0
0.586112 0
0.993729 0
0.327062 0
0.317526 0
0.581213 0
0.292019 0
0.099641 0
0.466082 0
0.569205 0
0.873963 0
1.092267 0
0.305118 0
0.483784 0
0.167371 0
0.118151 0
0.160220 0
1.214691 0
0.927732 0
1.117696 0
0.144672 0
1.465834 0
0.033281 0
0.108813 0
1.225046 0
0.251514 0
0.422586 0
0.053902 0
0.180324 0
0.028778 0
0.022332 0
0.190413 0
0.618546 0
0.088080 0
0.448188 0
0.016609 0
0.451778 0
1.660304 0
0.762831 0
0.128021 0
0.035741 0
0.276870 0
1.463730 0
0.881948 0
1.185888 0
0.070409 0
0.108970 0
0.717686 0
0.231677 0
1.396769 0
0.421842 0
0.407454 0
0.305914 0
0.715937 0
0.198542 0
0.211586 0
1.385205 0
0.291828 0
0.430232 0
0.987061 0
1.553610 0
0.761124 0
0.093322 0
0.082390 0
0.892876 0
0.255176 0
1.200592 0
0.634039 0
0.249607 0
0.322879 0
0.121766 0
0.450622 0
0.186187 0
0.362238 0
0.446933 0
0.021234 0
0.347368 0
0.082898 0
1.488091 0
0.059231 0
0.810415 0
0.017101 0
0.346608 0
0.584174 0
0.620965 0
0.633385 0
0.259134 0
0.240866 0
0.369371 0
0.098562 0
0.821765 0
0.780491 0
0.029272 0
1.366308 0
0.081904 0
0.612380 0
0.078294 0
0.284334 0
0.920413 0
0.523046 0
0.299563 0
0.529727 0
0.477531 0
1.399191 0
1.812053 0
0.393598 0
0.157288 0
0.214217 0
0.173889 0
0.066438 0
0.096382 0
0.535295 0
0.331494 0
0.178565 0
0.379006 0
0.300959 0
0.626930 0
0.283755 0
0.105351 0
1.268805 0
0.144294 0
0.464618 0
0.328498 0
0.658707 0
0.015601 0
0.957699 0
0.122991 0
0.425751 0
0.019881 0
0.083637 0
0.588759 0
0.246056 0
1.380488 0
0.881824 0
0.113293 0
0.551069 0
0.124484 0
0.353654 0
1.210393 0
0.831465 0
0.087478 0
0.931676 0
0.042016 0
0.660928 0
0.408133 0
0.390349 0
0.185048 0
0.095389 0
0.116763 0
0.026892 0
0.366136 0
0.680322 0
0.570064 0
0.402117 0
1.024321 0
0.815590 0
0.265751 0
0.535385 0
0.710341 0
0.517236 0
0.059954 0
1.405486 0
1.229077 0
0.043512 0
0.596872 0
0.054983 0
0.022078 0
0.147952 0
1.002081 0
1.078361 0
0.541141 0
0.587952 0
0.064014 0
1.056125 0
0.165606 0
0.113002 0
0.033894 0
0.157837 0
0.079792 0
0.032770 0
0.043766 0
0.633406 0
0.262761 0
0.051094 0
0.805830 0
0.167233 0
0.762023 0
0.176092 0
0.565762 0
0.697296 0
0.022480 0
0.688687 0
1.108442 0
0.451335 0
0.257033 0
0.446338 0
0.267877 0
0.407931 0
0.041380 0
0.543559 0
0.060568 0
1.191040 0
1.055684 0
0.646101 0
0.385924 0
0.307336 0
0.150181 0
0.369579 0
0.446218 0
1.336070 0
0.584209 0
0.522460 0
0.167586 0
0.999605 0
0.268970 0
0.195513 0
0.572330 0
0.875486 0
0.319018 0
1.260576 0
0.239060 0
1.496337 0
0.490425 0
1.246311 0
0.158261 0
0.028910 0
0.239720 0
0.076510 0
1.380447 0
0.234010 0
0.472338 0
0.808378 0
0.193386 0
0.463936 0
0.488030 0
0.634956 0
0.726520 0
0.142803 0
0.779444 0
0.786114 0
0.230029 0
0.062765 0
0.835732 0
0.010674 0
1.571425 0
1.479170 0
1.069945 0
0.189317 0
0.017013 0
0.333677 0
1.407044 0
0.044275 0
0.278698 0
1.330828 0
0.314731 0
0.505728 0
0.807439 0
1.440756 0
0.385947 0
1.612026 0
0.313167 0
0.141797 0
0.146843 0
0.465957 0
0.682592 0
0.105797 0
0.236019 0
0.708864 0
0.327728 0
0.032204 0
0.258429 0
0.415271 0
0.609003 0
0.044090 0
0.193924 0
0.519075 0
0.284983 0
0.100931 0
0.664269 0
0.212602 0
0.350819 0
1.681496 0
0.639951 0
0.688644 0
0.037206 0
0.444496 0
0.047094 0
0.378652 0
0.234422 0
0.269092 0
0.553928 0
0.116630 0
0.022325 0
0.105467 0
0.745834 0
0.690397 0
0.120706 0
0.075908 0
0.247884 0
1.596230 0
0.125355 0
0.042791 0
0.809294 0
0.166384 0
0.411404 0
0.203610 0
0.123828 0
1.011178 0
0.192986 0
0.863144 0
0.320169 0
0.871682 0
1.246307 0
0.108381 0
0.343054 0
0.274791 0
0.430349 0
0.171266 0
1.031072 0
0.369886 0
1.330959 0
0.320253 0
0.034717 0
0.367534 0
0.869414 0
0.339061 0
0.266221 0
0.402154 0
0.247136 0
1.353906 0
0.535415 0
0.618401 0
0.111811 0
0.584124 0
0.737896 0
0.367874 0
0.400188 0
0.507395 0
0.453692 0
0.079405 0
0.721696 0
0.127801 0
0.293005 0
0.980435 0
1.297563 0
0.118018 0
1.173646 0
0.354270 0
0.670915 0
1.596046 0
1.152722 0
0.058576 0
0.817420 0
0.362853 0
0.182222 0
1.140972 0
1.559050 0
1.439963 0
0.026587 0
0.095024 0
1.089903 0
0.413196 0
0.279411 0
0.294100 0
0.072414 0
0.408934 0
0.331686 0
0.103629 0
0.311996 0
0.517121 0
0.316529 0
0.250073 0
1.485484 0
0.283995 0
1.479893 0
0.131371 0
0.221241 0
0.622829 0
0.612397 0
0.110692 0
0.127830 0
0.218600 0
0.138865 0
1.477836 0
0.307206 0
1.521943 0
0.235646 0
0.369331 0
0.449892 0
0.703507 0
0.250248 0
0.083959 0
0.183887 0
0.720268 0
0.189676 0
1.083674 0
0.182368 0
0.129351 0
0.093059 0
0.088676 0
0.474708 0
0.071164 0
0.190674 0
0.345820 0
1.233064 0
0.230024 0
1.413957 0
0.449357 0
1.866938 0
0.173311 0
0.165241 0
0.672301 0
0.661804 0
0.255503 0
0.433175 0
0.571184 0
0.267508 0
0.465755 0
0.218111 0
0.114735 0
0.518950 0
0.703176 0
0.103222 0
0.474141 0
0.365643 0
0.220937 0
0.093617 0
0.330562 0
0.454705 0
0.741977 0
0.297534 0
0.378128 0
0.394952 0
1.800482 0
1.320927 0
0.328450 0
0.093866 0
0.301445 0
1.391679 0
0.363506 0
0.066181 0
0.797477 0
1.548375 0
0.281497 0
0.078623 0
1.204438 0
0.279018 0
0.385253 0
0.953110 0
0.210450 0
0.126350 0
0.171539 0
1.157993 0
0.645106 0
0.607418 0
0.142967 0
0.043633 0
0.473952 0
0.075064 0
0.690208 0
0.109077 0
0.414383 0
0.043119 0
0.393404 0
0.112730 0
0.145376 0
0.399970 0
1.506873 0
0.683676 0
0.050332 0
0.004302 0
0.233569 0
0.209379 0
0.309345 0
0.214766 0
0.175870 0
0.067762 0
1.052549 0
0.325212 0
0.399549 0
0.208432 0
0.044998 0
0.680453 0
1.103539 0
0.046824 0
0.699957 0
1.645020 0
0.135357 0
0.148625 0
0.726748 0
0.051647 0
0.248337 0
0.123368 0
0.034459 0
0.024049 0
0.527338 0
0.685035 0
0.102805 0
0.653589 0
0.283049 0
0.088073 0
0.711493 0
1.402637 0
0.685056 0
1.088481 0
0.053092 0
0.639419 0
0.828357 0
0.330419 0
1.402674 0
0.015502 0
0.493225 0
0.872541 0
1.488675 0
0.144300 0
0.524685 0
0.225042 0
0.182184 0
1.123697 0
0.516403 0
0.098500 0
1.250589 0
0.707609 0
0.196419 0
1.339923 0
0.395024 0
0.373815 0
0.322120 0
0.159083 0
0.297500 0
0.351231 0
1.038228 0
0.084524 0
0.404969 0
0.164781 0
0.003708 0
0.588998 0
0.689665 0
0.703383 0
0.374904 0
1.457370 0
0.564337 0
0.521968 0
0.289021 0
0.272780 0
1.970795 0
0.426343 0
0.156853 0
0.056087 0
1.203999 0
0.256814 0
0.568907 0
0.992226 0
0.673187 0
0.272191 0
0.228933 0
1.445888 0
0.513660 0
0.652874 0
0.023890 0
0.685256 0
0.189546 0
0.223517 0
0.832175 0
1.210763 0
0.430563 0
0.805913 0
0.316616 0
1.432839 0
0.284269 0
0.484316 0
0.675938 0
1.309070 0
0.663099 0
0.563914 0
0.836164 0
0.304135 0
1.031237 0
1.218346 0
0.407942 0
0.119297 0
0.865980 0
0.432597 0
1.277747 0
0.037518 0
0.398193 0
1.416966 0
0.039463 0
0.187402 0
0.237176 0
1.001768 0
0.702919 0
0.137315 0
0.378576 0
0.392839 0
0.405935 0
0.848685 0
1.370654 0
0.153376 0
0.017006 0
0.763255 0
1.633325 0
0.882822 0
0.112576 0
0.104769 0
0.215337 0
0.067115 0
0.171030 0
0.145846 0
0.063274 0
0.808765 0
0.583242 0
0.077334 0
0.092754 0
0.371203 0
0.133983 0
0.206674 0
0.051198 0
1.369161 0
0.315512 0
0.192957 0
0.584851 0
0.687098 0
0.263127 0
1.008108 0
1.022683 0
0.246054 0
0.037557 0
0.291894 0
0.460180 0
0.791822 0
0.711921 0
1.148315 0
0.026656 0
0.145543 0
0.007715 0
1.369163 0
0.311922 0
0.884629 0
0.582295 0
0.981250 0
0.030381 0
0.706544 0
0.080023 0
1.064178 0
1.135680 0
0.602456 0
0.199500 0
0.643152 0
0.233874 0
1.345926 0
0.178732 0
0.141303 0
0.862849 0
0.393503 0
0.200057 0
0.492473 0
0.002984 0
0.043501 0
0.046811 0
0.186355 0
0.036087 0
0.345809 0
0.442032 0
0.199786 0
0.294868 0
0.131457 0
1.004537 0
0.060558 0
0.201369 0
0.370287 0
0.152310 0
0.350700 0
0.402271 0
0.185003 0
1.298118 0
1.084243 0
0.540227 0
1.652701 0
0.128094 0
0.355112 0
0.009115 0
0.391404 0
1.031771 0
1.102682 0
1.075285 0
0.556776 0
1.024377 0
0.378742 0
1.280563 0
1.351083 0
0.087284 0
0.618728 0
0.391230 0
0.094410 0
0.424938 0
1.452983 0
0.712977 0
0.048420 0
0.604016 0
0.860140 0
0.216761 0
0.153099 0
0.407218 0
0.222108 0
1.432996 0
0.025160 0
0.444678 0
0.715749 0
0.386069 0
0.058842 0
0.607412 0
0.903952 0
0.068572 0
0.528681 0
0.183676 0
1.232433 0
0.062824 0
0.007386 0
0.679013 0
1.111736 0
0.851311 0
0.296715 0
0.305502 0
0.327603 0
1.571683 0
0.425833 0
1.287990 0
0.194830 0
0.180147 0
0.184995 0
0.166683 0
0.117595 0
0.237529 0
0.299035 0
0.108055 0
0.362683 0
0.014514 0
0.065907 0
1.130322 0
0.567546 0
0.898623 0
0.578619 0
0.141522 0
0.323095 0
0.158118 0
0.184475 0
0.107449 0
0.214823 0
0.066774 0
0.272499 0
0.040377 0
0.118019 0
0.042769 0
0.426278 0
0.197492 0
0.773147 0
0.101524 0
0.117039 0
0.136680 0
0.001070 0
0.188790 0
0.890549 0
1.377638 0
0.034674 0
0.208377 0
0.517733 0
0.019209 0
0.125672 0
0.021751 0
1.903155 0
0.094461 0
0.011295 0
0.232937 0
0.601945 0
1.194055 0
0.236815 0
0.370669 0
0.235748 0
0.177970 0
0.139199 0
0.676846 0
1.251294 0
0.369541 0
0.285948 0
0.158057 0
0.067395 0
0.313066 0
0.587333 0
0.511099 0
0.457356 0
1.580830 0
0.581764 0
0.102707 0
1.201675 0
0.410310 0
0.149000 0
0.027353 0
0.078429 0
0.112319 0
0.828429 0
0.839601 0
0.067077 0
0.370159 0
0.113517 0
1.065101 0
0.830472 0
0.686189 0
1.481029 0
1.409954 0
0.368693 0
0.074749 0
0.126313 0
0.179334 0
0.347034 0
0.526361 0
1.017464 0
1.871684 0
0.153313 0
0.068231 0
0.314409 0
0.564126 0
0.056195 0
0.765918 0
0.130260 0
0.523642 0
0.347290 0
0.089618 0
0.341055 0
0.474569 0
1.455668 0
0.487476 0
0.186243 0
1.465103 0
0.571430 0
0.047638 0
0.114405 0
0.120744 0
0.235726 0
0.098064 0
0.154479 0
0.067982 0
0.151373 0
0.521083 0
0.024851 0
0.003343 0
0.027431 0
1.247964 0
0.105398 0
0.089885 0
0.807915 0
0.318588 0
0.605706 0
0.117649 0
1.606242 0
0.380950 0
0.136426 0
0.016783 0
0.699679 0
0.175447 0
0.567690 0
0.047229 0
0.880727 0
0.077367 0
0.617065 0
0.276892 0
0.118558 0
0.041480 0
0.005385 0
1.818318 0
0.146513 0
0.113606 0
0.505898 0
0.142551 0
0.016860 0
0.313074 0
0.008760 0
0.494642 0
0.060518 0
0.352347 0
0.229853 0
0.853249 0
0.501170 0
1.424457 0
0.018818 0
0.026329 0
0.283221 0
0.495824 0
1.434089 0
0.290435 0
1.361062 0
0.547195 0
0.269803 0
0.269780 0
1.050102 0
0.163513 0
0.289404 0
1.427986 0
0.337028 0
0.338935 0
0.251350 0
0.584091 0
1.371210 0
0.186507 0
1.675447 0
0.960604 0
0.613197 0
1.634785 0
0.122249 0
0.428392 0
0.855092 0
0.143271 0
0.026455 0
0.416114 0
0.868083 0
0.906060 0
1.216626 0
1.303908 0
0.780010 0
1.426975 0
0.097066 0
0.288785 0
0.041699 0
0.032188 0
1.367265 0
0.079990 0
0.541310 0
0.059381 0
0.748830 0
0.878869 0
0.805293 0
0.867416 0
0.127257 0
0.269494 0
1.606926 0
1.075360 0
0.025186 0
0.006916 0
0.552500 0
0.143752 0
0.254684 0
0.952269 0
0.469647 0
0.373519 0
0.272534 0
0.054588 0
0.340548 0
0.783424 0
0.457064 0
0.078883 0
0.115890 0
0.081335 0
0.378451 0
0.364226 0
0.316573 0
0.092894 0
0.094195 0
0.552981 0
1.129945 0
1.614293 0
0.001798 0
1.091185 0
0.369501 0
0.015177 0
0.020219 0
0.316746 0
0.723344 0
0.182333 0
0.122551 0
0.303780 0
0.050066 0
0.623982 0
0.179738 0
0.769260 0
0.348692 0
0.147821 0
0.506940 0
1.183666 0
0.359013 0
0.273805 0
0.270837 0
0.531699 0
0.093336 0
0.904981 0
0.063203 0
0.152762 0
0.258694 0
0.297021 0
0.101823 0
0.260087 0
0.358379 0
1.191669 0
0.945230 0
0.115946 0
0.184015 0
0.068257 0
0.274318 0
1.508724 0
0.472791 0
1.372114 0
1.472712 0
0.898218 0
0.501110 0
0.705355 0
0.905416 0
0.519948 0
0.224711 0
0.627275 0
0.205960 0
0.020828 0
0.483107 0
0.461988 0
0.384619 0
0.522438 0
0.041231 0
0.075623 0
0.182751 0
0.383587 0
1.350035 0
0.138578 0
1.004521 0
0.015130 0
1.543821 0
0.033474 0
0.281236 0
0.016654 0
0.136920 0
1.373516 0
0.136842 0
0.041737 0
0.623637 0
0.490747 0
0.035806 0
0.381360 0
0.117094 0
0.116404 0
0.722762 0
0.607970 0
0.628449 0
0.039438 0
0.042429 0
0.615933 0
0.117695 0
0.368470 0
0.966420 0
0.332830 0
0.227847 0
0.072622 0
0.124087 0
1.337953 0
1.108376 0
0.345148 0
0.602975 0
0.238875 0
0.267091 0
0.264454 0
0.169723 0
0.943518 0
0.535180 0
0.034219 0
0.598880 0
0.832669 0
1.298955 0
0.124097 0
1.453181 0
0.321167 0
0.436179 0
0.997821 0
0.736160 0
0.608386 0
0.378946 0
0.773296 0
0.175921 0
0.496633 0
0.128809 0
0.098196 0
0.395571 0
0.665634 0
0.879385 0
0.090226 0
0.683557 0
0.178175 0
0.551535 0
1.275431 0
0.360495 0
0.152592 0
0.112364 0
0.053063 0
1.299837 0
0.134903 0
0.185651 0
0.288334 0
0.129339 0
0.579318 0
0.438779 0
0.176093 0
0.849547 0
0.625638 0
0.235240 0
0.260955 0
0.044757 0
0.276283 0
0.700854 0
0.287646 0
0.194742 0
0.136094 0
1.323997 0
0.786754 0
0.494158 0
0.353454 0
0.616955 0
0.220151 0
0.174632 0
1.050370 0
0.730092 0
0.565720 0
0.111088 0
0.042565 0
0.091811 0
1.267700 0
1.018874 0
0.562561 0
0.530400 0
0.571277 0
1.292266 0
0.029945 0
0.354174 0
0.611458 0
1.299433 0
1.549815 0
0.310828 0
0.254972 0
1.512483 0
1.488505 0
0.312196 0
0.405125 0
0.967185 0
0.058159 0
0.157727 0
0.034169 0
1.457919 0
0.262149 0
0.217744 0
1.025328 0
0.718040 0
0.012947 0
0.096819 0
0.196979 0
0.203674 0
0.076848 0
0.465152 0
0.370588 0
1.043160 0
1.105702 0
0.181355 0
0.606116 0
0.014914 0
0.223930 0
0.062374 0
0.520076 0
0.692333 0
1.229396 0
0.059665 0
0.031100 0
1.080463 0
0.178380 0
0.345127 0
0.252375 0
0.193413 0
0.463829 0
0.432656 0
0.721614 0
0.041670 0
0.784817 0
0.065478 0
1.047630 0
1.511211 0
0.271704 0
0.315040 0
0.074113 0
0.822517 0
0.445360 0
1.251282 0
0.133352 0
0.180387 0
0.652327 0
0.808101 0
0.073272 0
0.053071 0
1.709888 0
0.412064 0
0.358884 0
0.367977 0
0.926699 0
0.846844 0
0.070514 0
0.275622 0
1.196749 0
0.464509 0
0.565871 0
0.545370 0
0.575334 0
0.229744 0
1.596945 0
0.202459 0
0.608899 0
1.022400 0
0.241062 0
0.890903 0
0.999960 0
0.632418 0
0.196244 0
0.138770 0
0.426732 0
1.038431 0
0.214804 0
0.267343 0
0.072111 0
0.089483 0
0.503740 0
0.761398 0
0.189476 0
0.796424 0
0.296178 0
1.296896 0
1.143723 0
1.365268 0
0.213461 0
0.752978 0
0.095086 0
0.416692 0
0.294270 0
0.297622 0
0.423626 0
1.704358 0
0.619319 0
0.065969 0
0.109990 0
0.353446 0
0.003479 0
0.753097 0
1.139456 0
0.107848 0
1.228510 0
0.107113 0
0.058861 0
1.506943 0
0.871938 0
1.090060 0
0.484323 0
1.054837 0
0.399359 0
0.144912 0
0.296579 0
0.123001 0
0.555776 0
0.140445 0
0.530461 0
1.316578 0
0.239871 0
2.222609 0
0.036973 0
0.118620 0
0.224719 0
1.128372 0
0.997580 0
0.753337 0
0.675803 0
0.495270 0
0.845857 0
0.385296 0
0.594644 0
0.042206 0
0.913090 0
0.519752 0
0.810777 0
0.404020 0
0.548821 0
0.579825 0
0.177445 0
0.296573 0
0.225573 0
1.422319 0
1.584337 0
0.294468 0
0.167427 0
0.632021 0
0.296227 0
0.319468 0
0.704687 0
0.441232 0
0.733832 0
0.283678 0
0.058998 0
0.462183 0
0.217073 0
0.595994 0
0.754717 0
0.714788 0
0.248854 0
0.090113 0
0.043769 0
0.633476 0
0.404254 0
0.409889 0
0.258597 0
0.472858 0
0.628744 0
0.005663 0
0.292203 0
0.296111 0
0.004689 0
0.337862 0
0.016227 0
1.593231 0
0.345016 0
0.799340 0
1.457640 0
0.158599 0
0.156416 0
0.736849 0
0.891969 0
0.072408 0
0.283895 0
0.581837 0
0.491262 0
0.203742 0
0.709654 0
0.955969 0
1.364195 0
0.807078 0
0.321530 0
0.788714 0
1.406077 0
0.491404 0
0.064089 0
0.569263 0
0.764450 0
0.676431 0
0.025498 0
0.412156 0
0.012272 0
0.800265 0
0.239088 0
0.988700 0
0.584373 0
0.228031 0
1.551821 0
0.063390 0
0.322335 0
0.631596 0
0.329805 0
0.322686 0
0.771690 0
0.292145 0
0.177276 0
0.232599 0
0.154696 0
0.175746 0
0.332978 0
0.450031 0
1.166786 0
0.368805 0
0.285752 0
0.926017 0
0.222270 0
0.688358 0
0.094034 0
1.141916 0
0.365189 0
1.095650 0
0.097069 0
0.283137 0
0.299273 0
0.316846 0
0.591441 0
0.354764 0
0.115858 0
0.060506 0
0.378622 0
0.184122 0
0.148818 0
0.017244 0
0.407601 0
0.925697 0
0.136067 0
0.033825 0
0.353343 0
0.223999 0
0.101545 0
0.334833 0
0.609028 0
0.375600 0
0.394545 0
0.674523 0
1.146645 0
0.080483 0
0.230262 0
1.402200 0
0.034835 0
0.470425 0
0.507018 0
0.415839 0
0.564749 0
0.366861 0
0.083115 0
0.077755 0
0.332750 0
0.129494 0
0.900550 0
1.428418 0
1.150997 0
0.017566 0
1.199837 0
0.508623 0
0.068142 0
0.051033 0
0.287522 0
0.002543 0
0.305537 0
0.403284 0
0.327333 0
0.504672 0
0.317096 0
0.853427 0
0.121597 0
0.297931 0
0.360123 0
1.547804 0
0.044251 0
0.131843 0
0.168681 0
0.323534 0
0.562644 0
0.554414 0
0.045987 0
0.740140 0
0.318633 0
0.457443 0
0.184432 0
0.231988 0
0.617659 0
0.485088 0
0.803024 0
0.750987 0
1.168749 0
0.216849 0
0.296616 0
0.497133 0
0.983514 0
0.083458 0
0.341083 0
0.896054 0
0.074262 0
1.703362 0
0.536554 0
0.049242 0
0.270219 0
0.450995 0
0.145993 0
0.834731 0
0.983896 0
0.827325 0
0.302769 0
1.398000 0
0.905026 0
0.378410 0
1.087408 0
1.463735 0
0.167017 0
0.134210 0
0.105560 0
0.953323 0
0.050098 0
0.173039 0
0.609762 0
1.480261 0
0.193783 0
0.220533 0
0.208443 0
0.021707 0
0.166137 0
0.067219 0
0.907247 0
0.303063 0
0.155469 0
0.528873 0
0.503964 0
0.479679 0
0.010923 0
0.706054 0
0.412211 0
0.167307 0
0.744820 0
0.371485 0
0.680768 0
0.016861 0
0.293678 0
0.016567 0
0.193145 0
0.919977 0
0.304689 0
0.168953 0
1.051282 0
1.301372 0
0.233888 0
0.053801 0
0.453455 0
0.448809 0
2.238134 0
0.143943 0
0.500294 0
0.119926 0
1.213145 0
1.285548 0
0.203763 0
0.258834 0
0.094779 0
0.455672 0
0.271679 0
0.055827 0
0.547162 0
0.006000 0
0.079379 0
0.047436 0
1.594995 0
0.577159 0
0.614577 0
0.530385 0
0.489955 0
0.463423 0
0.549863 0
0.028224 0
0.001534 0
1.235441 0
0.120882 0
0.429221 0
0.073832 0
0.714132 0
0.549704 0
0.496640 0
1.019410 0
0.472464 0
0.307786 0
0.722008 0
0.675325 0
1.050149 0
0.498269 0
0.427794 0
0.288434 0
0.576061 0
0.957870 0
0.372079 0
0.457543 0
0.353689 0
0.759462 0
0.317140 0
0.351107 0
1.137902 0
0.788248 0
0.416347 0
1.088261 0
1.559601 0
0.189999 0
0.256655 0
0.821777 0
0.255897 0
0.272243 0
0.364268 0
0.166999 0
0.793993 0
0.452396 0
0.172772 0
0.503097 0
0.320869 0
0.668830 0
0.217191 0
0.012755 0
0.301286 0
0.275657 0
1.511527 0
1.307747 0
0.774499 0
0.146534 0
1.442447 0
1.389694 0
0.237449 0
0.772009 0
0.460247 0
0.339292 0
0.476418 0
0.247766 0
1.019947 0
0.073539 0
0.618413 0
0.306031 0
0.561934 0
0.108728 0
0.034063 0
0.126792 0
0.418628 0
0.105283 0
0.692330 0
0.296976 0
0.450945 0
1.253915 0
0.093025 0
0.373244 0
0.798405 0
0.927089 0
0.204054 0
0.285145 0
0.873369 0
1.705797 0
1.573464 0
0.515078 0
0.342628 0
0.235592 0
0.193092 0
1.272761 0
1.743152 0
0.369813 0
0.053063 0
1.676698 0
0.063536 0
0.525329 0
0.360396 0
0.353314 0
0.015612 0
0.439825 0
0.172584 0
0.858133 0
0.373903 0
1.128855 0
1.019139 0
0.312259 0
0.008207 0
0.404880 0
0.266686 0
0.349301 0
1.369877 0
1.255145 0
0.342695 0
0.232192 0
0.457836 0
0.771238 0
0.374558 0
0.188284 0
0.264947 0
1.448335 0
0.863555 0
0.493928 0
1.095074 0
0.949084 0
1.303136 0
1.155021 0
0.293870 0
0.081545 0
0.486689 0
0.226675 0
0.260374 0
0.119012 0
0.880306 0
0.170501 0
0.274628 0
0.438345 0
0.297637 0
0.092620 0
0.449726 0
0.151988 0
0.413167 0
1.374447 0
0.322418 0
0.807036 0
0.418655 0
0.429343 0
1.017505 0
0.437792 0
0.027063 0
0.333294 0
0.371231 0
0.590036 0
0.101008 0
1.733510 0
0.505736 0
0.023492 0
0.705768 0
0.443533 0
1.087421 0
0.217016 0
1.374591 0
0.132117 0
0.025147 0
0.213521 0
0.486880 0
0.269766 0
0.065027 0
1.445421 0
0.360565 0
0.510212 0
0.086389 0
0.156289 0
0.827072 0
0.237252 0
0.119814 0
0.262682 0
0.067500 0
0.006216 0
0.390308 0
0.265381 0
0.116123 0
0.578282 0
0.218885 0
0.110860 0
0.070027 0
1.206237 0
0.253940 0
0.827040 0
0.264331 0
0.208280 0
0.029157 0
0.556003 0
0.407685 0
0.171943 0
0.373501 0
0.083295 0
0.335950 0
0.012683 0
0.948267 0
0.247318 0
0.270140 0
0.595781 0
0.215693 0
0.632503 0
1.532722 0
0.043798 0
0.561326 0
0.171410 0
0.971641 0
0.046384 0
0.224416 0
0.027555 0
0.718010 0
1.738098 0
0.008118 0
0.148864 0
1.623776 0
0.456314 0
0.201515 0
1.419189 0
0.766376 0
0.032302 0
0.644768 0
0.481816 0
0.482858 0
0.381530 0
0.767151 0
0.298328 0
0.183807 0
0.368272 0
1.021769 0
0.256257 0
1.307524 0
0.078314 0
0.135353 0
0.540406 0
0.844397 0
0.123153 0
1.262518 0
0.546267 0
0.030373 0
0.091144 0
0.896999 0
0.241981 0
0.114216 0
0.252677 0
0.343907 0
0.463621 0
0.133722 0
0.142848 0
1.542934 0
0.821486 0
0.352174 0
0.383876 0
0.160866 0
1.338627 0
0.032537 0
1.359472 0
0.014664 0
0.075114 0
1.460281 0
0.793049 0
0.281131 0
0.349668 0
0.203713 0
0.940120 0
0.866248 0
0.230170 0
0.037381 0
0.196288 0
0.486149 0
0.553321 0
0.766815 0
0.025288 0
0.625634 0
0.433071 0
0.897944 0
0.191711 0
0.345702 0
1.556915 0
0.128787 0
0.548299 0
1.049030 0
1.473006 0
0.617726 0
0.011440 0
0.092376 0
0.164746 0
0.170262 0
0.176203 0
0.496385 0
0.317059 0
0.350491 0
1.116609 0
0.660560 0
0.757947 0
0.456866 0
0.954798 0
0.108789 0
1.296781 0
1.609070 0
0.494116 0
0.897232 0
0.250540 0
0.424839 0
0.389975 0
0.292233 0
1.450784 0
0.598085 0
0.122841 0
1.237414 0
0.291372 0
0.472155 0
1.061223 0
1.674528 0
0.574136 0
0.509380 0
0.552362 0
0.115675 0
0.481116 0
0.208721 0
0.276074 0
0.163962 0
0.739029 0
0.130087 0
0.130408 0
1.429053 0
0.232658 0
1.370134 0
0.757118 0
0.339357 0
1.632867 0
0.205976 0
0.183290 0
0.232248 0
0.475979 0
0.059179 0
0.700508 0
0.827222 0
0.267317 0
0.317077 0
0.085992 0
1.451248 0
0.246238 0
0.636219 0
0.020847 0
0.069499 0
0.174166 0
0.866022 0
0.275335 0
0.852391 0
0.457566 0
0.104191 0
0.531344 0
0.878414 0
0.052689 0
0.011872 0
0.054252 0
0.451015 0
0.632230 0
0.093629 0
0.544575 0
0.494828 0
0.433835 0
0.130592 0
0.075512 0
0.380864 0
0.657730 0
0.054506 0
0.331453 0
1.405536 0
0.327443 0
0.489909 0
1.031350 0
0.739334 0
0.417310 0
0.930222 0
0.188469 0
0.391716 0
0.196247 0
0.029692 0
0.664517 0
0.682176 0
0.144104 0
0.348587 0
1.569874 0
0.282682 0
1.310554 0
0.154746 0
0.154979 0
0.811691 0
0.091202 0
0.307232 0
0.163359 0
1.507860 0
1.095080 0
0.518348 0
1.374136 0
0.033205 0
0.085504 0
0.929316 0
0.412442 0
1.149662 0
0.325946 0
0.142943 0
0.022758 0
1.192671 0
0.291938 0
0.292828 0
0.505054 0
0.780244 0
0.793389 0
0.654375 0
0.610018 0
0.285338 0
0.115251 0
0.206121 0
0.557289 0
0.954913 0
0.582989 0
0.547098 0
0.090223 0
0.146444 0
0.569569 0
0.150973 0
0.171473 0
0.495845 0
0.232981 0
0.392131 0
0.097250 0
0.555790 0
0.158449 0
0.216280 0
0.551516 0
1.777648 0
1.229735 0
0.316180 0
0.295409 0
0.847224 0
0.017561 0
0.698782 0
0.080048 0
1.192600 0
0.204324 0
0.739384 0
1.387333 0
0.540370 0
0.086474 0
0.150924 0
0.363713 0
1.963271 0
0.471213 0
0.202360 0
1.339145 0
0.012750 0
0.593900 0
1.432515 0
0.211207 0
0.048804 0
0.702476 0
1.431540 0
1.578198 0
0.336174 0
0.372168 0
0.035069 0
0.009355 0
0.430759 0
0.064545 0
0.289164 0
0.728373 0
0.247434 0
0.543897 0
0.834119 0
0.070644 0
0.646722 0
0.524079 0
0.025059 0
0.239482 0
1.348730 0
1.519135 0
0.152976 0
0.360170 0
0.149311 0
0.045208 0
0.061101 0
0.982214 0
0.312199 0
0.136462 0
0.057454 0
0.466882 0
0.444250 0
0.159183 0
1.036472 0
0.001088 0
1.148075 0
0.222074 0
0.179592 0
0.502747 0
0.015052 0
0.136585 0
0.094794 0
0.758334 0
0.143102 0
1.398502 0
0.014031 0
1.117613 0
0.263873 0
1.497277 0
0.150816 0
0.626201 0
0.778699 0
1.001055 0
0.315799 0
0.385995 0
0.189045 0
0.269980 0
0.062943 0
0.095796 0
0.176263 0
0.193991 0
0.962806 0
0.456796 0
0.177741 0
1.213178 0
0.146805 0
0.036473 0
0.022513 0
0.775725 0
0.096201 0
0.907406 0
0.714833 0
0.543414 0
0.708727 0
0.838132 0
0.146440 0
0.072759 0
0.332111 0
0.085820 0
1.374239 0
0.523144 0
1.986168 0
0.063350 0
0.212262 0
0.062969 0
0.280443 0
0.045486 0
0.489826 0
0.698806 0
0.260245 0
1.260341 0
0.931616 0
0.518201 0
0.095390 0
0.511145 0
0.493933 0
0.880294 0
0.024381 0
0.364389 0
0.052222 0
0.861660 0
1.228945 0
1.367153 0
0.143589 0
1.368099 0
0.081479 0
0.095794 0
0.095609 0
0.822578 0
0.284149 0
0.215799 0
0.046187 0
0.243927 0
0.055581 0
0.938652 0
0.356224 0
0.207739 0
1.312039 0
0.280434 0
1.000057 0
0.808306 0
0.322427 0
0.477027 0
1.484211 0
0.510855 0
0.077484 0
0.453750 0
0.041174 0
0.745324 0
0.255508 0
1.498507 0
0.142731 0
0.873277 0
0.028803 0
0.189295 0
0.835494 0
0.038617 0
0.477505 0
0.093647 0
0.511485 0
0.072687 0
0.382806 0
0.283414 0
0.286578 0
0.578394 0
0.771888 0
0.683267 0
0.572620 0
0.437482 0
0.286458 0
1.454266 0
0.156078 0
1.190444 0
0.783460 0
0.168465 0
0.324455 0
0.461752 0
0.914762 0
0.024165 0
0.164661 0
1.022972 0
0.248918 0
1.013798 0
1.380828 0
1.066397 0
0.179084 0
0.316826 0
0.197722 0
0.325461 0
0.595726 0
0.925247 0
0.631159 0
0.328083 0
0.095224 0
0.951512 0
0.647714 0
0.272925 0
0.810617 0
0.981637 0
0.254794 0
0.466260 0
0.255853 0
0.090793 0
0.118190 0
0.638923 0
0.031288 0
0.486842 0
0.503964 0
0.103327 0
0.367447 0
0.780783 0
0.101851 0
0.196921 0
0.503279 0
0.054565 0
0.440974 0
0.377344 0
1.446775 0
0.496659 0
0.250900 0
0.897238 0
0.122847 0
0.484204 0
0.037817 0
0.005157 0
0.232819 0
0.447517 0
0.265052 0
1.495899 0
0.211274 0
0.140007 0
1.044164 0
0.172427 0
0.112303 0
0.285924 0
0.194143 0
0.314482 0
0.446154 0
0.076304 0
0.446796 0
0.166978 0
0.049331 0
0.313558 0
0.440840 0
0.868224 0
1.251545 0
0.210447 0
0.806958 0
0.181739 0
0.323178 0
0.425010 0
0.044896 0
0.151934 0
0.050816 0
0.110417 0
0.927279 0
0.203164 0
0.298099 0
0.935326 0
0.423460 0
0.149357 0
1.457892 0
0.446435 0
0.025274 0
0.178298 0
0.232309 0
0.159676 0
1.374076 0
0.212187 0
0.590504 0
0.399049 0
0.058375 0
0.211347 0
1.169382 0
1.227470 0
0.700401 0
0.552132 0
0.653753 0
1.757006 0
1.046649 0
0.786743 0
0.217814 0
0.174095 0
0.134637 0
0.596892 0
0.645944 0
0.559720 0
0.957039 0
0.211698 0
0.641777 0
0.220965 0
0.072241 0
0.719328 0
0.378222 0
0.124043 0
0.224855 0
0.576279 0
0.483160 0
0.134201 0
0.223015 0
0.058311 0
0.022466 0
1.362337 0
0.541645 0
1.227646 0
0.355531 0
0.045186 0
0.419951 0
0.329683 0
0.580470 0
0.090070 0
0.722138 0
0.585659 0
0.367844 0
0.047142 0
0.446004 0
0.548000 0
0.080483 0
0.665391 0
0.150165 0
0.214607 0
0.260364 0
0.167951 0
0.050474 0
0.280850 0
0.270101 0
1.132763 0
0.245315 0
0.184095 0
0.191383 0
1.397073 0
0.278970 0
0.085373 0
0.100419 0
0.388031 0
0.766477 0
0.612507 0
0.024879 0
0.968079 0
0.535545 0
0.622439 0
1.726060 0
1.337343 0
0.560618 0
1.216234 0
0.829651 0
1.411538 0
1.368058 0
0.393616 0
0.718332 0
1.437906 0
0.100649 0
0.391796 0
0.173372 0
0.306043 0
0.194163 0
0.288066 0
0.133223 0
0.569874 0
1.037229 0
0.113999 0
1.439565 0
0.283717 0
0.060652 0
1.202649 0
0.920439 0
0.060955 0
0.012249 0
0.536282 0
0.017488 0
0.299638 0
0.650796 0
0.454775 0
1.051061 0
0.346901 0
1.460270 0
0.407115 0
1.508349 0
0.769178 0
0.550905 0
0.426687 0
0.397227 0
0.287018 0
0.400191 0
0.217440 0
1.018503 0
0.161457 0
0.092036 0
0.271530 0
1.556707 0
0.637975 0
0.107816 0
0.236376 0
0.313290 0
0.126806 0
0.373737 0
1.301108 0
0.790090 0
0.201286 0
0.819310 0
0.300067 0
0.314039 0
0.020226 0
0.472938 0
0.174296 0
0.043898 0
0.546386 0
0.077382 0
0.502498 0
0.269037 0
1.437701 0
0.677972 0
0.071939 0
0.715839 0
0.391489 0
0.236049 0
0.951108 0
1.188805 0
0.607056 0
0.098064 0
0.181907 0
1.567794 0
0.122320 0
0.595504 0
0.327573 0
0.110168 0
0.005280 0
0.229947 0
0.055720 0
0.901701 0
0.177931 0
0.413152 0
0.265868 0
0.182897 0
1.546242 0
0.238248 0
0.665758 0
1.377275 0
0.563773 0
0.537546 0
0.500050 0
0.013480 0
0.381446 0
0.973749 0
0.025995 0
0.035106 0
0.385960 0
0.109523 0
1.549842 0
0.137194 0
0.103395 0
0.037065 0
0.033524 0
0.193496 0
0.081384 0
0.187694 0
0.459328 0
0.043837 0
0.412551 0
0.695012 0
0.009384 0
1.057655 0
0.489204 0
0.159819 0
0.063532 0
1.182311 0
0.131246 0
0.622764 0
0.457980 0
0.840852 0
0.139905 0
0.154975 0
0.820145 0
0.082473 0
1.488803 0
0.766061 0
0.472798 0
0.742101 0
0.578223 0
0.364546 0
0.258786 0
0.196079 0
0.069062 0
0.855016 0
0.466372 0
0.284673 0
1.037794 0
0.105137 0
0.824786 0
0.329457 0
1.060965 0
0.439452 0
1.364069 0
0.265523 0
0.081753 0
0.416395 0
0.782984 0
0.303442 0
0.168495 0
1.466220 0
0.165106 0
0.323232 0
0.271971 0
0.032092 0
0.377282 0
1.594116 0
0.777897 0
0.406010 0
0.340753 0
1.398001 0
0.424865 0
0.211458 0
0.090967 0
1.574526 0
0.371173 0
0.770714 0
0.019091 0
0.214081 0
1.111835 0
0.430506 0
0.106765 0
0.930155 0
0.962719 0
0.039021 0
1.176316 0
0.109593 0
0.182068 0
0.526706 0
1.191471 0
0.102681 0
1.327618 0
0.326524 0
0.046731 0
0.107974 0
0.217013 0
0.422839 0
0.082685 0
0.961968 0
0.497603 0
0.222869 0
0.657723 0
0.403418 0
0.558261 0
0.715805 0
0.425634 0
0.329697 0
0.217950 0
0.070338 0
0.408880 0
0.285558 0
0.096891 0
0.292678 0
1.083546 0
0.363051 0
0.110056 0
0.065219 0
0.419717 0
0.244248 0
1.037407 0
0.200992 0
0.077159 0
1.409349 0
0.528295 0
0.838294 0
0.779631 0
1.058243 0
1.047611 0
0.301851 0
1.558962 0
0.338405 0
0.703610 0
0.214296 0
0.096241 0
1.702146 0
0.256943 0
0.382190 0
1.396671 0
0.388420 0
0.473082 0
0.775009 0
0.571564 0
0.789246 0
1.432751 0
1.896036 0
0.878453 0
0.572735 0
0.699488 0
1.388216 0
1.412805 0
0.031536 0
0.129333 0
1.396166 0
0.089872 0
0.741606 0
1.550229 0
0.870239 0
0.052374 0
1.189963 0
0.095513 0
1.194864 0
0.062661 0
0.145478 0
0.116408 0
0.068840 0
0.058443 0
1.374725 0
0.526368 0
0.541455 0
1.132937 0
0.033620 0
0.837686 0
0.482202 0
0.399675 0
0.425151 0
1.328808 0
0.214753 0
0.568540 0
1.674553 0
0.567039 0
0.397273 0
0.131949 0
1.284953 0
0.214843 0
1.538434 0
0.867093 0
0.078558 0
0.921800 0
0.825539 0
0.040349 0
0.255397 0
0.738139 0
0.016136 0
1.414827 0
0.004815 0
0.919952 0
0.108360 0
0.633890 0
0.450572 0
0.439821 0
0.234653 0
0.232436 0
0.059950 0
0.514092 0
0.334364 0
0.394136 0
0.685716 0
0.025836 0
0.827563 0
0.034223 0
0.135069 0
0.530060 0
0.143745 0
0.497142 0
0.183819 0
0.554184 0
1.497089 0
1.141815 0
0.087623 0
0.832070 0
0.119955 0
0.162928 0
0.257025 0
0.835428 0
0.214313 0
0.098781 0
0.824898 0
0.109613 0
0.458233 0
0.895888 0
0.353786 0
0.014282 0
1.052185 0
0.375633 0
0.161932 0
0.340673 0
0.004574 0
0.441737 0
0.647471 0
0.148899 0
0.431911 0
1.447305 0
1.191771 0
0.919426 0
1.360557 0
1.128025 0
0.926633 0
1.646542 0
0.943791 0
0.523381 0
0.240506 0
0.768564 0
0.519770 0
0.501688 0
0.324579 0
0.442625 0
0.513741 0
0.237528 0
0.317986 0
0.287079 0
0.107949 0
0.552686 0
1.049111 0
0.234724 0
0.248840 0
0.584451 0
1.266713 0
0.771772 0
0.388153 0
0.802694 0
0.209875 0
0.947239 0
0.262922 0
0.314686 0
0.763823 0
0.285668 0
1.341266 0
1.975161 0
0.388636 0
0.292735 0
0.154348 0
0.144583 0
0.042551 0
0.258127 0
0.300874 0
1.739239 0
0.795641 0
0.239866 0
0.726991 0
0.171060 0
0.062859 0
1.568650 0
0.311498 0
0.425321 0
0.908939 0
0.869421 0
0.190063 0
0.611286 0
0.204148 0
0.166725 0
0.458196 0
0.176156 0
0.050166 0
0.671435 0
1.086711 0
0.348686 0
0.117307 0
0.412221 0
0.199857 0
0.537078 0
0.373372 0
0.068248 0
0.242091 0
0.010012 0
0.923342 0
1.022995 0
1.033912 0
0.040998 0
0.240141 0
0.479925 0
0.932800 0
1.292940 0
0.146423 0
1.374733 0
0.877351 0
0.501068 0
0.059632 0
1.383989 0
0.383905 0
0.428149 0
0.773115 0
1.566049 0
0.293399 0
0.341777 0
0.523449 0
0.023190 0
0.217582 0
0.106026 0
0.304576 0
0.244840 0
0.147401 0
0.606244 0
0.632297 0
0.246788 0
0.664670 0
1.419497 0
0.112677 0
0.126754 0
1.026444 0
0.462623 0
0.273262 0
1.201109 0
0.984200 0
0.274340 0
0.713140 0
0.148712 0
0.313961 0
0.198670 0
0.169870 0
0.425918 0
0.317424 0
0.677787 0
0.274321 0
0.374624 0
0.041906 0
0.194659 0
0.092257 0
1.105605 0
0.067499 0
0.550017 0
0.019599 0
0.027963 0
0.280131 0
0.473910 0
0.139947 0
0.266668 0
0.800678 0
0.298222 0
0.353247 0
0.991363 0
0.544837 0
0.090277 0
0.608637 0
0.117196 0
0.895812 0
0.833599 0
0.151716 0
0.815420 0
0.761096 0
0.248850 0
0.464245 0
0.670950 0
0.584691 0
0.063877 0
0.124071 0
0.223461 0
1.682879 0
0.175473 0
0.366840 0
0.140885 0
1.373521 0
0.361329 0
0.396602 0
0.074131 0
1.307970 0
0.099921 0
0.369301 0
0.341397 0
0.047969 0
0.414247 0
1.434485 0
0.568366 0
0.073585 0
0.415949 0
0.073080 0
0.140987 0
0.213485 0
0.036987 0
1.382410 0
0.329251 0
1.634933 0
0.466870 0
0.368931 0
0.786590 0
0.683480 0
0.248361 0
0.041311 0
0.181120 0
1.390273 0
0.760050 0
0.311240 0
0.080331 0
0.213603 0
1.578244 0
0.351672 0
0.432509 0
0.960598 0
2.048764 0
0.321367 0
1.370078 0
1.068213 0
0.243247 0
0.725739 0
0.259162 0
0.467973 0
0.875478 0
0.046356 0
0.574962 0
0.690066 0
0.211774 0
0.239810 0
0.928569 0
0.499777 0
1.183172 0
0.386607 0
1.178488 0
0.338621 0
0.337791 0
0.852079 0
0.100776 0
0.943820 0
1.445019 0
0.743058 0
1.055806 0
0.153094 0
0.065231 0
0.683507 0
1.088217 0
0.327096 0
0.198723 0
0.810271 0
1.410717 0
0.909424 0
0.260994 0
1.717318 0
0.157604 0
0.045907 0
0.344094 0
0.414985 0
0.075133 0
0.019895 0
0.106612 0
0.192554 0
0.186071 0
0.075927 0
0.160236 0
0.950613 0
1.222330 0
1.007977 0
0.412966 0
0.286294 0
0.146100 0
0.342842 0
0.502531 0
0.322671 0
0.761089 0
0.391470 0
0.707380 0
0.145109 0
0.898772 0
0.153715 0
1.406508 0
0.257209 0
0.039195 0
0.135735 0
0.026169 0
0.625286 0
0.094823 0
0.039091 0
0.069014 0
0.255964 0
0.520511 0
0.360503 0
0.195222 0
0.105250 0
0.234984 0
0.297140 0
2.031956 0
0.523468 0
0.273480 0
0.189326 0
0.200616 0
0.217736 0
0.081257 0
0.100977 0
1.502088 0
0.195690 0
0.194566 0
0.216936 0
0.485889 0
0.054158 0
0.357476 0
0.033870 0
0.519917 0
0.056435 0
0.770383 0
1.507336 0
0.326158 0
1.749467 0
0.127849 0
0.351511 0
0.495138 0
0.412926 0
0.240943 0
0.038599 0
0.150030 0
0.314864 0
0.540812 0
0.440100 0
0.620196 0
1.275068 0
0.404299 0
0.278022 0
1.676625 0
1.156705 0
0.722687 0
0.411091 0
0.497310 0
0.469336 0
1.803903 0
1.386795 0
0.049104 0
0.112830 0
0.409123 0
0.321746 0
0.052847 0
1.473947 0
1.615746 0
0.966397 0
0.249797 0
0.563930 0
0.071279 0
0.469434 0
0.802254 0
0.197734 0
1.476388 0
0.337339 0
0.455857 0
0.070430 0
0.712854 0
0.555528 0
0.296858 0
0.190427 0
1.293239 0
0.038075 0
0.217802 0
0.693260 0
0.756143 0
0.034051 0
0.123834 0
0.683363 0
0.566209 0
0.858909 0
0.583435 0
0.763818 0
0.012826 0
0.032390 0
0.666816 0
1.043863 0
0.832254 0
0.282174 0
0.645321 0
0.769055 0
0.222389 0
0.316374 0
0.431069 0
0.470512 0
0.242305 0
0.212409 0
0.720439 0
0.110508 0
1.518560 0
0.852199 0
0.571253 0
0.002393 0
1.403270 0
1.437665 0
0.310430 0
0.402559 0
0.436724 0
0.064493 0
0.166896 0
0.095584 0
0.799485 0
0.379117 0
0.691559 0
1.209904 0
0.559741 0
1.066632 0
0.277362 0
0.022626 0
0.356094 0
0.147014 0
0.051580 0
0.075724 0
0.242553 0
0.611086 0
0.962198 0
0.066514 0
0.252820 0
1.379605 0
0.250976 0
0.294623 0
0.470555 0
1.397791 0
0.358505 0
0.348102 0
1.068538 0
0.683999 0
0.203047 0
2.237478 0
0.598602 0
0.311781 0
0.958106 0
0.924601 0
0.729485 0
1.167071 0
0.547160 0
0.192121 0
0.262809 0
0.741604 0
1.080961 0
0.036277 0
0.518862 0
1.452496 0
0.372015 0
0.573711 0
0.085093 0
0.936176 0
1.224867 0
0.304801 0
0.539277 0
0.237357 0
0.343666 0
0.676014 0
0.066542 0
0.161963 0
0.356429 0
1.926736 0
0.092478 0
0.062030 0
0.489986 0
0.359912 0
0.647512 0
1.076221 0
0.143746 0
0.604289 0
0.179719 0
0.276698 0
0.489665 0
0.122630 0
0.058462 0
0.019611 0
0.868419 0
0.301555 0
0.043506 0
0.411956 0
0.109347 0
0.206139 0
0.638497 0
0.189820 0
0.255218 0
0.083574 0
0.290553 0
0.265847 0
0.214189 0
0.166950 0
0.281952 0
0.424509 0
0.242799 0
0.038262 0
1.023345 0
0.115228 0
0.514988 0
0.436606 0
0.828571 0
0.748257 0
0.303759 0
0.368042 0
0.692404 0
1.389735 0
0.581077 0
0.087026 0
0.049145 0
0.630164 0
1.364217 0
0.119713 0
0.313513 0
0.122716 0
0.892228 0
0.378884 0
0.766215 0
0.073463 0
0.056421 0
0.979329 0
0.449943 0
0.673858 0
0.825440 0
1.104811 0
0.353852 0
0.308908 0
0.062133 0
0.059542 0
0.164845 0
1.099527 0
0.817669 0
0.781397 0
0.491990 0
0.350062 0
0.098705 0
1.177221 0
0.221491 0
0.153990 0
0.995370 0
0.304911 0
0.073479 0
1.394110 0
0.470474 0
0.119424 0
1.147805 0
0.098482 0
0.044421 0
0.472214 0
0.425785 0
0.125943 0
0.126282 0
0.144364 0
0.037488 0
0.082720 0
0.400222 0
0.214116 0
0.300195 0
0.037671 0
0.377000 0
0.684682 0
0.144218 0
0.888699 0
0.168122 0
0.282245 0
0.965257 0
0.492459 0
1.048583 0
1.089800 0
0.479614 0
0.379199 0
0.114765 0
1.522636 0
0.193672 0
0.186836 0
0.013490 0
0.127631 0
0.203410 0
0.061454 0
0.374527 0
0.191483 0
0.291125 0
0.341132 0
0.040374 0
0.568876 0
0.077746 0
0.149035 0
0.195706 0
0.740402 0
0.526475 0
1.483534 0
0.686798 0
0.186575 0
0.696368 0
0.110746 0
1.082360 0
0.981141 0
1.608094 0
0.071514 0
0.541112 0
0.141081 0
0.177867 0
0.031269 0
0.090737 0
0.135202 0
0.070890 0
0.030626 0
0.012200 0
0.132924 0
0.432055 0
0.422920 0
0.009646 0
0.066014 0
1.370421 0
0.486482 0
0.107689 0
0.810368 0
1.245765 0
0.213605 0
0.300923 0
0.020652 0
0.610996 0
0.237423 0
0.002228 0
0.448443 0
0.328878 0
0.110105 0
0.681774 0
0.210832 0
0.344800 0
1.395798 0
0.218571 0
0.353966 0
0.381511 0
0.639197 0
0.211965 0
0.027471 0
0.116155 0
0.721099 0
0.628914 0
0.977693 0
0.025045 0
0.128696 0
0.393060 0
0.611974 0
0.101797 0
0.408172 0
1.118326 0
0.500514 0
0.230746 0
0.889887 0
0.170831 0
0.144271 0
1.423759 0
0.415007 0
0.522567 0
0.746576 0
1.280374 0
0.258373 0
0.274608 0
0.110906 0
1.065207 0
0.649346 0
0.498567 0
0.238908 0
0.307382 0
1.086241 0
0.283264 0
0.890155 0
0.048626 0
0.674270 0
0.199503 0
0.980485 0
0.024559 0
1.198987 0
0.059279 0
1.496902 0
0.194851 0
0.044156 0
0.067505 0
0.139611 0
0.097369 0
0.622494 0
0.783962 0
1.363665 0
0.275726 0
0.330013 0
0.238685 0
0.047017 0
1.720828 0
0.148853 0
0.033226 0
0.522833 0
0.240344 0
0.197177 0
0.260570 0
0.539684 0
1.301600 0
0.006320 0
0.016190 0
0.082531 0
0.342130 0
1.282763 0
0.108064 0
0.197836 0
1.443326 0
0.066318 0
0.593143 0
0.235682 0
1.122281 0
0.308359 0
0.058955 0
1.244235 0
0.009452 0
0.109886 0
0.505035 0
0.063720 0
0.182980 0
0.217763 0
0.945662 0
0.189921 0
0.836229 0
0.478724 0
0.234972 0
1.157323 0
0.132296 0
0.563295 0
0.032134 0
0.559620 0
1.531229 0
1.377647 0
0.814597 0
1.225599 0
0.262174 0
0.731795 0
0.405994 0
1.477683 0
0.469901 0
0.440838 0
0.071833 0
0.798374 0
0.285515 0
0.986433 0
0.323118 0
0.441254 0
0.028249 0
0.836155 0
0.537048 0
0.021155 0
0.469354 0
0.226673 0
0.313838 0
0.047689 0
1.290816 0
0.415927 0
0.528537 0
0.575815 0
0.268430 0
0.536706 0
0.296154 0
0.126060 0
0.077911 0
0.836207 0
0.514888 0
0.701157 0
0.390358 0
1.756071 0
0.103641 0
0.078833 0
0.815765 0
1.018110 0
0.168505 0
1.143984 0
0.090504 0
0.889202 0
0.918361 0
0.409857 0
1.117064 0
0.040247 0
0.775275 0
0.418767 0
0.065130 0
0.965501 0
0.181405 0
0.749114 0
1.303089 0
0.463185 0
0.468367 0
0.481244 0
0.040747 0
0.478311 0
0.189755 0
0.621464 0
0.034515 0
0.462458 0
0.920847 0
0.453501 0
1.129589 0
0.373240 0
1.349050 0
1.028545 0
0.611571 0
0.239735 0
0.735607 0
0.154689 0
0.124364 0
0.575721 0
1.036125 0
0.138474 0
0.027085 0
0.072105 0
0.345285 0
0.135150 0
0.227642 0
0.855966 0
2.224869 0
0.144694 0
0.097430 0
0.203908 0
0.368759 0
0.222736 0
1.588536 0
0.070966 0
0.193478 0
0.201647 0
1.055745 0
0.303696 0
1.005877 0
1.209710 0
1.662444 0
0.431776 0
0.096667 0
0.835870 0
0.682440 0
0.328702 0
0.087744 0
0.430492 0
0.306216 0
0.029960 0
1.377817 0
0.197381 0
0.878941 0
0.483023 0
1.215119 0
1.094963 0
0.646088 0
0.002145 0
0.829539 0
0.171171 0
0.057912 0
0.191462 0
0.354644 0
0.113336 0
0.187040 0
0.266148 0
0.717933 0
0.803678 0
0.226266 0
0.698823 0
0.237805 0
0.524386 0
0.230731 0
0.330481 0
0.311976 0
0.144374 0
0.220875 0
0.207891 0
0.240999 0
0.510008 0
0.301728 0
0.204916 0
0.030424 0
0.035841 0
0.650338 0
1.064209 0
1.631400 0
0.051406 0
0.564741 0
1.211131 0
1.111725 0
0.673686 0
0.617786 0
1.462752 0
0.198026 0
0.257305 0
0.045536 0
0.704008 0
0.700752 0
0.524675 0
1.343132 0
0.509576 0
0.553825 0
0.140206 0
0.492868 0
0.561915 0
0.367858 0
0.261695 0
1.238426 0
0.484486 0
0.019310 0
0.768883 0
0.027475 0
0.552729 0
0.608005 0
0.016861 0
0.825376 0
1.237914 0
0.898657 0
0.369369 0
0.078371 0
1.401640 0
0.507279 0
0.603666 0
0.441793 0
0.483873 0
0.488597 0
0.067151 0
1.327384 0
0.179030 0
0.684602 0
0.398466 0
0.472174 0
1.060672 0
0.590178 0
0.095553 0
0.063927 0
0.124791 0
0.148145 0
0.355528 0
0.301767 0
0.618433 0
0.268634 0
0.281969 0
0.038794 0
0.237166 0
0.037896 0
0.296120 0
0.965036 0
0.066510 0
0.938771 0
0.008194 0
0.317927 0
0.210631 0
0.797580 0
0.444516 0
0.138537 0
0.779019 0
0.546267 0
0.247344 0
0.014636 0
0.096453 0
0.164271 0
0.407815 0
1.841664 0
0.219836 0
1.002008 0
0.707922 0
1.502910 0
0.731403 0
0.620917 0
0.121503 0
0.191240 0
0.655883 0
0.344746 0
0.454677 0
0.258888 0
0.350325 0
0.038738 0
0.294966 0
1.277069 0
0.272287 0
0.298244 0
0.108614 0
0.121829 0
0.095265 0
0.043267 0
0.614720 0
0.127144 0
0.113792 0
0.223138 0
0.351650 0
0.759374 0
0.027349 0
0.025876 0
0.605221 0
0.554094 0
0.436960 0
1.071612 0
0.100490 0
0.123940 0
0.591276 0
0.986806 0
0.783024 0
0.362301 0
0.041430 0
0.214423 0
1.320138 0
0.101132 0
0.941561 0
0.198020 0
0.148650 0
0.962289 0
0.382055 0
0.334571 0
0.026928 0
0.017208 0
0.816697 0
0.212930 0
0.187618 0
0.159065 0
0.553520 0
0.153441 0
0.213379 0
0.601477 0
0.138637 0
0.432031 0
1.178861 0
0.508969 0
0.016414 0
0.043575 0
0.270850 0
0.679271 0
0.197603 0
0.967053 0
0.051722 0
0.008406 0
0.030632 0
0.246091 0
0.285443 0
0.189771 0
0.045380 0
1.392457 0
0.794730 0
0.240944 0
0.559092 0
0.147065 0
0.220342 0
0.030794 0
0.033852 0
0.516446 0
0.063132 0
0.081177 0
0.164483 0
0.369553 0
0.665440 0
0.289156 0
0.710374 0
0.963530 0
0.590323 0
0.819858 0
0.426486 0
0.230122 0
0.684670 0
1.319363 0
0.537097 0
0.827340 0
0.171378 0
0.600233 0
0.600322 0
0.103200 0
0.959040 0
0.213386 0
0.147448 0
0.038814 0
1.074629 0
0.213055 0
0.359900 0
0.541408 0
0.481566 0
0.972712 0
1.241583 0
0.021459 0
0.544911 0
0.184166 0
0.138340 0
0.333564 0
0.421383 0
0.360716 0
0.024562 0
0.163235 0
0.373827 0
0.833695 0
0.236617 0
0.165967 0
0.165549 0
0.010853 0
0.352743 0
0.260956 0
0.139416 0
0.204193 0
0.106068 0
0.962551 0
1.166120 0
0.298420 0
0.167197 0
0.954748 0
0.432163 0
0.195131 0
1.075354 0
0.394203 0
0.005325 0
0.086749 0
0.222333 0
0.028637 0
1.105479 0
0.197411 0
1.213040 0
0.075243 0
1.266576 0
0.579583 0
0.457068 0
0.396775 0
0.403116 0
0.038961 0
0.028271 0
0.159702 0
0.114144 0
0.352698 0
0.675234 0
1.180348 0
0.117505 0
0.079710 0
0.702515 0
0.082037 0
0.181458 0
0.157832 0
0.655857 0
2.214481 0
0.773011 0
0.390047 0
0.808797 0
0.643007 0
0.193615 0
0.178089 0
0.026930 0
1.214547 0
0.944804 0
0.232363 0
1.361312 0
0.296377 0
0.218611 0
0.191419 0
0.046194 0
0.456716 0
0.188450 0
1.505915 0
1.212812 0
1.258887 0
0.628832 0
0.207632 0
0.624101 0
0.098279 0
0.379488 0
0.506238 0
1.573138 0
0.096715 0
0.198743 0
0.040486 0
0.724595 0
0.383382 0
1.019649 0
0.329401 0
0.276132 0
1.702261 0
0.469988 0
0.463842 0
0.120949 0
0.566416 0
0.663256 0
0.484045 0
1.169768 0
0.099933 0
0.530748 0
0.164043 0
0.317122 0
0.362414 0
0.091189 0
0.028960 0
0.078466 0
0.259643 0
0.642929 0
1.026460 0
0.366154 0
0.189472 0
1.204145 0
0.157418 0
0.351968 0
1.463719 0
0.080612 0
0.721770 0
0.463970 0
0.091245 0
1.232423 0
0.558969 0
0.062211 0
0.150387 0
0.160421 0
0.172659 0
0.424460 0
0.110367 0
0.662593 0
0.011558 0
0.267267 0
0.353536 0
0.900646 0
0.082635 0
0.194745 0
0.176291 0
0.147671 0
0.418402 0
0.696794 0
0.027205 0
0.012438 0
1.049693 0
0.187456 0
0.037797 0
0.555250 0
0.965048 0
0.949071 0
0.230791 0
0.448624 0
1.154331 0
0.686976 0
0.664092 0
0.240429 0
0.027731 0
0.113302 0
0.054727 0
0.225329 0
0.574311 0
0.740645 0
0.568978 0
0.142139 0
0.425422 0
0.213213 0
0.005393 0
0.372859 0
0.461727 0
0.229581 0
0.393454 0
0.924010 0
0.723440 0
0.348621 0
0.159389 0
0.099074 0
0.039428 0
0.263027 0
0.076035 0
0.703626 0
0.274684 0
1.232264 0
1.245305 0
1.128091 0
0.010575 0
0.794146 0
0.083940 0
1.641552 0
0.178894 0
0.215866 0
1.317863 0
0.312713 0
0.272908 0
1.122602 0
0.520743 0
0.256112 0
0.135669 0
0.785035 0
0.935431 0
0.127222 0
1.617694 0
0.825007 0
1.391117 0
0.770577 0
0.115687 0
0.959397 0
0.249283 0
1.347884 0
0.495126 0
0.602440 0
0.015289 0
0.569140 0
0.813040 0
0.387401 0
0.256607 0
0.027807 0
1.160784 0
0.255570 0
0.778462 0
0.125609 0
0.090459 0
0.166149 0
0.127793 0
0.719043 0
0.667359 0
1.037696 0
0.396401 0
0.077199 0
0.920168 0
0.853364 0
1.110126 0
0.560566 0
0.673949 0
0.855473 0
0.274955 0
1.086397 0
0.281655 0
0.100169 0
0.156462 0
1.313645 0
0.428700 0
0.354683 0
0.154898 0
1.404208 0
0.289120 0
0.072144 0
0.909836 0
0.020328 0
0.275878 0
0.597001 0
0.435153 0
0.092930 0
1.356016 0
1.270601 0
0.086326 0
0.322493 0
1.091028 0
0.084774 0
1.042075 0
0.398884 0
1.460825 0
0.912210 0
0.175504 0
0.650693 0
0.610746 0
0.095630 0
0.185667 0
0.427246 0
0.323068 0
0.025134 0
0.129933 0
1.472147 0
0.013170 0
0.343731 0
0.557574 0
0.233494 0
0.646625 0
0.144165 0
0.690107 0
1.084750 0
0.286359 0
0.155234 0
0.887139 0
0.086520 0
0.073170 0
0.772660 0
0.121266 0
0.582988 0
0.332497 0
0.524896 0
1.142017 0
0.349740 0
0.897749 0
0.421292 0
0.392506 0
0.331245 0
0.773212 0
0.136069 0
0.699576 0
0.648416 0
0.594855 0
0.034271 0
0.238760 0
0.065370 0
0.253580 0
1.259653 0
0.889005 0
1.138045 0
1.215694 0
0.265830 0
0.047830 0
0.139332 0
0.306123 0
0.784868 0
0.099614 0
0.696940 0
0.914323 0
0.393184 0
0.829460 0
0.188514 0
0.235527 0
0.530907 0
1.193357 0
0.310804 0
0.018093 0
0.542885 0
0.535090 0
0.171942 0
0.326055 0
0.005305 0
0.125139 0
0.190273 0
0.857123 0
0.337190 0
0.060222 0
0.260036 0
0.922186 0
0.340741 0
0.924713 0
0.097942 0
0.658391 0
1.035605 0
0.244047 0
0.266275 0
0.027068 0
0.038560 0
0.852482 0
1.591234 0
0.266480 0
0.490908 0
1.143714 0
0.254499 0
0.980832 0
0.007247 0
0.127735 0
0.049247 0
0.272505 0
0.372673 0
1.360498 0
1.015663 0
0.358162 0
0.274434 0
0.770238 0
0.290775 0
0.733435 0
0.131208 0
0.048702 0
0.004709 0
0.284878 0
0.370179 0
0.367998 0
0.369824 0
0.402107 0
0.406656 0
0.186987 0
0.113524 0
0.458600 0
0.172438 0
0.573002 0
1.392490 0
0.107355 0
0.279696 0
0.228123 0
0.255779 0
0.424798 0
0.118436 0
0.131781 0
0.499770 0
0.027988 0
1.372291 0
1.662743 0
0.481138 0
0.375240 0
0.208820 0
0.094676 0
0.311187 0
0.722469 0
0.021427 0
1.087802 0
0.339214 0
0.102206 0
0.142828 0
0.446521 0
0.202856 0
0.981492 0
0.212879 0
0.433479 0
0.028289 0
0.038288 0
0.402032 0
1.465623 0
0.119664 0
0.020417 0
0.323424 0
0.096365 0
0.206709 0
0.330036 0
1.317418 0
1.608270 0
0.151787 0
0.315186 0
0.281260 0
0.012046 0
0.174261 0
0.026612 0
0.248488 0
0.185510 0
0.383293 0
0.896131 0
0.050361 0
0.371750 0
0.361498 0
0.500385 0
0.942450 0
0.774205 0
0.264021 0
0.057815 0
0.184605 0
1.329128 0
0.248672 0
1.011272 0
0.021464 0
1.290691 0
0.115142 0
0.942553 0
0.204865 0
0.493786 0
0.442336 0
0.445197 0
0.794187 0
0.395858 0
0.023199 0
0.578934 0
0.023198 0
0.242431 0
0.025043 0
0.395347 0
0.180846 0
0.133938 0
0.705383 0
0.454595 0
0.840142 0
0.104380 0
0.429572 0
0.058707 0
0.065092 0
0.301011 0
0.017163 0
0.280078 0
0.400718 0
0.169782 0
0.200234 0
0.016721 0
1.547922 0
0.492376 0
0.757646 0
0.284953 0
1.631303 0
0.887997 0
0.478752 0
1.374300 0
0.635818 0
0.287939 0
0.323009 0
1.434308 0
0.468819 0
0.182199 0
1.132178 0
0.206154 0
0.138121 0
0.391889 0
0.218530 0
0.239299 0
0.067587 0
0.069004 0
1.326247 0
0.184272 0
0.115598 0
0.600972 0
0.083345 0
0.199786 0
0.495602 0
1.454388 0
0.304415 0
0.021549 0
0.454481 0
0.236557 0
0.423639 0
0.456679 0
0.356730 0
0.210291 0
0.521864 0
0.539939 0
0.772462 0
1.661650 0
0.474903 0
0.337490 0
0.090564 0
0.641603 0
0.863433 0
0.786094 0
0.204373 0
0.200107 0
0.585557 0
0.266096 0
0.872714 0
0.718333 0
0.164696 0
0.516834 0
0.474397 0
1.381915 0
1.164647 0
0.958475 0
1.595631 0
0.024737 0
0.081682 0
0.197384 0
0.089590 0
0.787814 0
0.150265 0
0.043756 0
1.051511 0
0.009018 0
0.427520 0
0.601414 0
0.116246 0
0.340270 0
0.385418 0
0.025187 0
0.535864 0
0.245328 0
0.122031 0
0.353904 0
0.714064 0
1.309395 0
0.977892 0
0.132251 0
0.262293 0
0.068984 0
0.384943 0
0.232525 0
0.022875 0
0.114039 0
0.461112 0
0.640543 0
0.191966 0
1.405292 0
0.037649 0
0.819790 0
0.441814 0
0.464818 0
1.464774 0
0.574740 0
0.236631 0
0.723242 0
0.493764 0
0.160016 0
0.620647 0
0.485366 0
0.598240 0
0.159765 0
0.999020 0
0.436520 0
0.368751 0
0.116491 0
0.270226 0
0.190007 0
0.138772 0
0.251035 0
0.266775 0
0.896234 0
0.810928 0
0.285859 0
0.022122 0
1.060586 0
0.670750 0
0.492948 0
0.096758 0
0.601712 0
0.036630 0
0.105630 0
1.056792 0
0.134625 0
0.951864 0
0.922377 0
0.067585 0
0.124276 0
0.969520 0
0.138881 0
0.028471 0
0.404921 0
0.120790 0
1.207527 0
0.024692 0
0.605535 0
1.384515 0
0.131256 0
0.085420 0
1.067520 0
1.340632 0
0.154595 0
1.076899 0
0.112073 0
1.143914 0
0.103669 0
0.042434 0
1.484932 0
1.395874 0
0.285609 0
0.553807 0
0.612778 0
0.134180 0
0.682576 0
1.380449 0
0.423319 0
1.145264 0
0.063891 0
1.297293 0
0.663228 0
0.120184 0
0.179252 0
0.369718 0
0.771884 0
0.030256 0
0.003849 0
0.409864 0
0.032026 0
0.380293 0
0.742671 0
1.095052 0
0.994362 0
0.225012 0
0.873995 0
0.601418 0
0.185223 0
0.185413 0
0.557705 0
0.976082 0
0.043985 0
0.886333 0
0.170676 0
0.824293 0
0.586489 0
0.932101 0
1.073532 0
0.606781 0
0.539925 0
0.234038 0
0.131518 0
0.164981 0
0.030212 0
0.384772 0
1.693866 0
0.760284 0
0.309628 0
0.581881 0
0.406839 0
1.304349 0
0.225367 0
1.352291 0
0.484367 0
0.134011 0
0.606216 0
0.931412 0
0.498184 0
0.233543 0
0.760393 0
0.370232 0
0.047112 0
0.442066 0
1.886783 0
0.405176 0
0.677016 0
0.361152 0
0.624738 0
0.548193 0
1.013256 0
0.641187 0
0.666927 0
0.087133 0
0.218106 0
0.335819 0
0.444337 0
0.536653 0
0.574525 0
0.021577 0
0.612107 0
0.108197 0
0.660168 0
0.151084 0
0.782250 0
0.255527 0
0.764319 0
0.361117 0
0.468172 0
1.373733 0
0.017629 0
0.452602 0
0.871648 0
0.056543 0
0.593636 0
0.025624 0
0.018347 0
1.389099 0
1.486371 0
0.225381 0
0.302084 0
0.109898 0
0.258173 0
0.196213 0
0.938299 0
0.044384 0
1.364420 0
0.182201 0
0.762641 0
0.227877 0
0.167232 0
0.117136 0
0.336581 0
0.898283 0
0.347418 0
1.095940 0
0.528235 0
0.015053 0
0.046487 0
0.334597 0
0.068470 0
0.248882 0
0.016010 0
0.066756 0
0.222028 0
0.101931 0
0.064869 0
0.254801 0
0.711434 0
0.719282 0
0.243100 0
0.303129 0
0.509427 0
0.022167 0
0.367945 0
0.333718 0
0.463474 0
0.153663 0
0.204422 0
0.011937 0
0.903852 0
0.362882 0
0.176411 0
0.330727 0
0.428753 0
0.055913 0
0.265236 0
0.591508 0
0.247659 0
0.413715 0
0.489391 0
0.141310 0
0.344588 0
0.479706 0
0.535051 0
0.263539 0
0.195077 0
1.018300 0
0.219268 0
0.133883 0
0.372762 0
0.497407 0
1.529432 0
0.468462 0
0.193923 0
0.858626 0
0.208883 0
0.192296 0
0.748966 0
0.047228 0
0.047139 0
0.785736 0
0.243122 0
0.632919 0
1.618900 0
0.150446 0
1.666126 0
1.674142 0
0.616809 0
0.117325 0
0.042730 0
0.461735 0
0.310366 0
1.135480 0
0.026011 0
1.436567 0
0.620351 0
0.609034 0
0.493346 0
0.900947 0
0.096132 0
0.035042 0
0.603951 0
0.064692 0
0.250407 0
0.777778 0
0.262030 0
0.899488 0
1.516747 0
1.170112 0
1.470466 0
0.019099 0
0.124863 0
0.155442 0
0.034348 0
0.383012 0
0.673969 0
0.489256 0
1.160377 0
0.265033 0
0.717071 0
0.034665 0
0.033733 0
0.300864 0
0.958705 0
0.754429 0
0.242311 0
0.946162 0
1.287927 0
0.967471 0
0.285217 0
0.312372 0
1.587381 0
0.818246 0
0.436600 0
0.518668 0
0.290216 0
0.170287 0
0.181203 0
0.090846 0
0.059057 0
0.934427 0
0.026234 0
0.106534 0
0.874747 0
0.407586 0
0.011777 0
1.215476 0
1.369480 0
0.224766 0
0.049054 0
0.414382 0
0.360024 0
0.063528 0
0.293572 0
0.083233 0
0.416439 0
0.068832 0
0.259739 0
1.467390 0
0.034426 0
0.424241 0
0.529237 0
0.273609 0
0.201700 0
0.632608 0
0.337450 0
0.661376 0
0.635566 0
0.341833 0
1.184075 0
0.607284 0
0.257584 0
0.416312 0
0.428500 0
0.148930 0
0.131015 0
0.039191 0
1.091019 0
1.058316 0
0.975152 0
0.767715 0
1.330968 0
0.074769 0
0.096348 0
0.199577 0
0.089500 0
0.099818 0
0.515661 0
1.654253 0
0.383592 0
0.210900 0
0.304288 0
0.442004 0
0.365198 0
0.311318 0
0.026185 0
1.514095 0
0.313059 0
0.065654 0
0.669225 0
0.713994 0
1.414824 0
0.085649 0
0.743566 0
1.061568 0
0.089780 0
0.722413 0
0.033083 0
0.235345 0
0.103844 0
0.544896 0
0.370618 0
0.109079 0
0.286933 0
0.664134 0
0.488690 0
0.440991 0
0.915740 0
0.601426 0
0.460735 0
1.505743 0
0.039150 0
0.357579 0
1.483639 0
0.008664 0
0.606812 0
0.130187 0
0.936684 0
0.407411 0
0.566074 0
0.929724 0
0.230005 0
0.315305 0
1.706716 0
0.115801 0
0.306068 0
1.487973 0
0.068897 0
1.023153 0
0.746633 0
0.645632 0
0.965336 0
0.133688 0
1.034626 0
0.144396 0
0.619141 0
0.150949 0
0.943524 0
0.937761 0
1.055550 0
0.350979 0
0.095472 0
0.564155 0
0.059668 0
0.083400 0
0.255515 0
0.367280 0
0.177327 0
0.174495 0
1.660659 0
0.669603 0
0.343134 0
0.083111 0
0.107440 0
0.443754 0
1.265450 0
0.514848 0
0.260103 0
0.440210 0
0.158756 0
0.147447 0
0.029266 0
0.322450 0
0.408248 0
0.192493 0
0.668570 0
0.215128 0
0.392332 0
0.461091 0
1.117081 0
1.105769 0
0.164765 0
0.337588 0
0.183817 0
0.592914 0
0.198031 0
0.222590 0
0.457271 0
0.437967 0
0.059088 0
0.203591 0
0.210019 0
1.578315 0
0.732770 0
0.727257 0
0.338956 0
1.389333 0
0.444627 0
0.054178 0
0.075134 0
0.672500 0
1.113520 0
0.302342 0
0.307411 0
0.118734 0
1.351786 0
0.198643 0
0.284415 0
0.122262 0
0.436245 0
0.226720 0
0.203211 0
1.228943 0
0.063855 0
0.160531 0
0.131572 0
0.185024 0
0.036566 0
0.898298 0
0.338616 0
0.084953 0
0.410747 0
1.646641 0
0.261260 0
0.772397 0
1.448720 0
0.028025 0
0.195215 0
0.768301 0
0.334297 0
1.273338 0
0.451765 0
0.388317 0
0.475218 0
0.429170 0
0.173127 0
0.409782 0
0.694646 0
1.505169 0
0.124224 0
0.935936 0
0.068390 0
0.208101 0
0.043206 0
0.079097 0
0.071349 0
0.218215 0
0.092232 0
0.220917 0
0.703458 0
0.224851 0
0.107167 0
0.043743 0
0.738949 0
0.964216 0
0.943836 0
0.089780 0
0.814241 0
0.229448 0
0.446827 0
0.798698 0
0.218781 0
0.246240 0
0.410119 0
0.748246 0
0.342930 0
0.185684 0
0.471023 0
0.156183 0
1.046635 0
0.060186 0
0.688368 0
0.051922 0
0.179504 0
0.638234 0
0.521761 0
0.075583 0
1.274018 0
0.505273 0
0.141832 0
0.984549 0
0.057568 0
0.229218 0
1.400902 0
0.228160 0
0.543736 0
0.034962 0
1.121716 0
0.419583 0
0.060501 0
0.803103 0
0.791720 0
0.345328 0
0.642486 0
0.469884 0
0.704910 0
0.202506 0
1.612491 0
0.652971 0
0.141889 0
0.628217 0
0.424927 0
1.103807 0
0.153399 0
1.405709 0
1.021793 0
0.162988 0
0.390092 0
0.285883 0
0.298207 0
1.319968 0
0.288170 0
0.563618 0
0.143303 0
0.233718 0
0.220529 0
1.128999 0
0.953042 0
0.058144 0
0.031867 0
0.604832 0
0.391963 0
0.321253 0
0.816336 0
0.222671 0
0.483365 0
0.545249 0
0.079772 0
0.158695 0
0.355590 0
0.041100 0
0.435743 0
0.065550 0
0.764488 0
0.380427 0
0.561352 0
0.092782 0
0.658855 0
0.362878 0
0.029808 0
0.473194 0
0.556407 0
0.015089 0
0.949678 0
0.602993 0
1.100184 0
0.193039 0
0.832287 0
0.006580 0
0.117196 0
1.036652 0
0.682940 0
1.254753 0
1.095799 0
0.726824 0
0.627810 0
0.436839 0
0.167318 0
1.356298 0
1.175448 0
1.376454 0
1.251793 0
0.540465 0
0.957022 0
0.541288 0
0.139565 0
0.032871 0
1.594952 0
0.026984 0
0.482003 0
0.883153 0
0.694945 0
0.550019 0
0.085819 0
0.454889 0
0.118720 0
0.353578 0
1.713999 0
0.083080 0
0.273285 0
0.114146 0
0.537524 0
0.031841 0
0.139949 0
0.561592 0
1.007039 0
0.163982 0
