1.467673 0
0.763734 0
1.680457 0
0.523820 0
0.628351 0
0.244429 0
0.188293 0
0.452126 0
1.037333 0
0.884802 0
0.082904 0
0.162458 0
0.119935 0
1.982576 0
0.074154 0
0.206061 0
0.758049 0
0.472062 0
0.635969 0
0.754113 0
0.279603 0
0.423669 0
1.050560 0
0.756081 0
1.131808 0
1.018893 0
0.075646 0
0.478243 0
0.388403 0
0.205233 0
0.186747 0
0.199064 0
0.654758 0
1.386242 0
0.818011 0
0.357398 0
0.417206 0
0.174089 0
0.193716 0
1.353253 0
0.816721 0
0.505890 0
1.253852 0
0.330278 0
0.172648 0
0.493281 0
0.052306 0
0.482972 0
1.036064 0
0.645924 0
0.809103 0
0.447111 0
0.015698 0
0.504351 0
0.770679 0
0.172055 0
0.083322 0
0.044256 0
0.604881 0
0.243742 0
1.651102 0
1.124096 0
0.419957 0
0.871806 0
0.388408 0
0.026320 0
0.339218 0
0.722249 0
0.509531 0
0.025931 0
0.073135 0
0.443042 0
0.322327 0
0.124539 0
0.034523 0
0.648993 0
2.007958 0
1.259322 0
1.300931 0
0.780299 0
0.058949 0
0.856518 0
1.096862 0
1.441604 0
0.461286 0
0.722019 0
0.231049 0
0.197447 0
0.021107 0
0.081205 0
0.506922 0
0.169141 0
0.154398 0
0.139546 0
0.154630 0
0.981038 0
0.717068 0
0.651348 0
0.054001 0
0.061685 0
1.160833 0
0.358659 0
0.088073 0
0.750457 0
0.028667 0
1.366320 0
0.355431 0
0.036017 0
0.103783 0
0.661556 0
0.042224 0
0.438019 0
0.310174 0
0.067464 0
0.104723 0
0.288400 0
0.484089 0
0.998543 0
0.037645 0
1.208289 0
0.135818 0
0.152120 0
0.127435 0
0.256648 0
0.065382 0
0.278454 0
0.507315 0
0.209318 0
0.232345 0
0.028471 0
0.545378 0
0.228897 0
1.236207 0
0.478392 0
0.493389 0
0.092594 0
0.154938 0
0.058453 0
0.293272 0
0.484201 0
1.271886 0
0.112578 0
0.394945 0
0.906175 0
0.052443 0
0.676378 0
0.269083 0
0.317995 0
0.009695 0
0.818299 0
0.407234 0
0.305423 0
0.016069 0
1.450627 0
0.283500 0
0.343592 0
0.026503 0
0.439118 0
0.049917 0
0.062684 0
0.159624 0
1.126497 0
0.414896 0
0.171831 0
1.477262 0
0.654123 0
0.359788 0
1.452998 0
0.261745 0
0.648938 0
0.002056 0
0.066009 0
0.101823 0
0.723966 0
1.353049 0
0.165510 0
0.089421 0
1.608406 0
0.021822 0
1.394652 0
0.088801 0
0.073013 0
0.554452 0
1.270942 0
0.047278 0
0.884146 0
0.417912 0
0.052823 0
0.961661 0
0.362777 0
0.488894 0
0.262269 0
1.263995 0
0.139053 0
0.527223 0
1.076426 0
1.068005 0
0.900903 0
0.307258 0
0.139963 0
0.601725 0
1.200251 0
1.267378 0
0.278110 0
0.471703 0
0.221508 0
0.856738 0
0.116623 0
0.978325 0
0.046700 0
1.214236 0
0.092888 0
0.760743 0
0.458117 0
0.217754 0
0.647883 0
1.144195 0
0.198534 0
0.201184 0
1.322288 0
0.245449 0
0.113893 0
0.365950 0
0.561762 0
0.300150 0
0.790019 0
0.247880 0
1.189221 0
0.154518 0
0.197416 0
0.626055 0
0.037636 0
1.359579 0
0.041000 0
0.658012 0
1.370425 0
0.034131 0
0.127106 0
0.006809 0
0.343007 0
0.189615 0
0.130392 0
0.228217 0
0.237192 0
1.598776 0
0.187153 0
0.969591 0
1.206006 0
0.005984 0
0.573394 0
0.183037 0
1.244096 0
0.756161 0
0.153992 0
0.102240 0
0.133701 0
0.469279 0
0.449242 0
0.136761 0
0.863270 0
0.452535 0
0.029662 0
0.802555 0
0.940917 0
0.155154 0
0.050144 0
0.397725 0
0.241553 0
0.908593 0
0.225761 0
0.577240 0
0.482770 0
0.264171 0
0.064042 0
0.032197 0
0.259035 0
0.242396 0
0.463459 0
0.141683 0
0.429502 0
0.573362 0
0.011757 0
1.596031 0
0.602886 0
0.254745 0
0.384567 0
0.218876 0
0.167283 0
0.028721 0
1.213752 0
0.106059 0
0.283171 0
0.442025 0
0.254374 0
0.420004 0
0.060401 0
0.066392 0
0.858627 0
0.091851 0
0.340953 0
1.420362 0
0.291953 0
0.128768 0
0.115306 0
0.154683 0
0.095936 0
0.183651 0
1.274705 0
0.147220 0
0.760842 0
0.215854 0
0.296792 0
1.463916 0
0.259915 0
0.370061 0
0.161804 0
0.716319 0
0.109593 0
1.472036 0
0.564194 0
0.116888 0
0.495302 0
1.311109 0
0.325139 0
0.456821 0
0.646776 0
0.480534 0
1.481082 0
0.638914 0
1.976090 0
0.716072 0
1.390440 0
0.387898 0
0.612405 0
0.994178 0
0.220899 0
0.131594 0
0.182929 0
1.177443 0
0.120890 0
0.098569 0
0.136506 0
0.629566 0
0.587713 0
0.529742 0
0.341551 0
1.610768 0
0.346227 0
0.931766 0
0.082629 0
0.159572 0
0.342763 0
1.368271 0
0.820567 0
0.932473 0
0.292132 0
0.118821 0
0.332128 0
0.314893 0
0.231531 0
0.282587 0
0.555039 0
0.962769 0
0.235443 0
0.152424 0
0.193319 0
0.634474 0
0.349177 0
1.004262 0
0.308046 0
0.274165 0
0.303253 0
0.193170 0
0.669904 0
0.475167 0
0.685299 0
0.341575 0
0.393216 0
0.598813 0
0.515677 0
1.227872 0
0.257933 0
0.631795 0
0.768722 0
0.930606 0
0.042265 0
0.122499 0
0.881019 0
0.397305 0
0.359912 0
0.808227 0
0.046121 0
0.605471 0
0.600313 0
0.004426 0
0.182472 0
0.859799 0
1.486992 0
0.618914 0
1.387397 0
0.362072 0
0.632178 0
0.414069 0
0.822474 0
0.072045 0
0.509094 0
0.720048 0
0.280372 0
0.367994 0
0.313506 0
1.149002 0
0.593740 0
0.063565 0
0.019787 0
0.163354 0
0.224096 0
0.299560 0
0.107243 0
1.424101 0
0.416374 0
0.183061 0
0.868301 0
0.606033 0
0.745096 0
0.962412 0
0.491867 0
0.284487 0
1.210851 0
0.616362 0
0.124298 0
0.279717 0
0.214496 0
0.653348 0
0.423465 0
1.202142 0
0.518652 0
0.315274 0
0.146573 0
0.132568 0
0.407921 0
0.269793 0
0.316926 0
0.052965 0
0.053306 0
0.030333 0
0.695600 0
0.331237 0
0.229936 0
0.515987 0
0.257322 0
0.048574 0
0.927321 0
0.513018 0
0.184508 0
0.392942 0
0.036206 0
0.331984 0
0.136155 0
0.283629 0
0.050091 0
0.068737 0
0.390951 0
0.322214 0
0.064491 0
0.165400 0
1.445942 0
1.503810 0
1.061883 0
0.289576 0
0.129833 0
0.395557 0
0.931956 0
1.259975 0
0.210562 0
0.751859 0
0.801338 0
0.377124 0
0.322579 0
0.193404 0
0.170899 0
0.236968 0
0.054671 0
0.316971 0
0.701358 0
0.268314 0
0.029999 0
0.019938 0
0.193915 0
0.193670 0
0.015659 0
0.004126 0
1.022670 0
0.260276 0
0.145072 0
0.199758 0
0.007231 0
0.070240 0
0.031362 0
0.594277 0
0.063103 0
0.064881 0
0.929899 0
0.472748 0
0.096625 0
0.089237 0
0.097302 0
0.587801 0
0.957412 0
1.132445 0
0.234163 0
0.831245 0
0.910532 0
0.126353 0
0.079004 0
0.320077 0
0.106852 0
0.720267 0
0.045467 0
1.495339 0
0.094262 0
0.950472 0
0.697870 0
0.159236 0
0.862178 0
0.133907 0
0.568962 0
0.149691 0
1.274091 0
0.704918 0
0.254837 0
0.268216 0
1.284572 0
0.832263 0
0.460642 0
0.314388 0
0.088151 0
0.217989 0
0.833442 0
0.567829 0
0.058199 0
0.708747 0
0.197796 0
1.179648 0
0.350212 0
0.620242 0
0.040403 0
1.148681 0
0.282038 0
0.338014 0
1.256724 0
1.110806 0
0.636823 0
0.933017 0
1.334584 0
0.425105 0
1.164499 0
0.306535 0
0.468072 0
0.523755 0
0.399332 0
0.076751 0
0.160554 0
1.033997 0
0.442638 0
0.317472 0
0.297802 0
0.527197 0
0.422212 0
0.149889 0
1.429684 0
1.155558 0
0.377025 0
1.394953 0
1.460627 0
0.425619 0
0.378573 0
1.692841 0
0.005165 0
1.150651 0
0.607829 0
0.361752 0
0.120300 0
0.242498 0
0.785258 0
0.165952 0
0.267178 0
0.705961 0
0.016530 0
0.027543 0
0.794015 0
0.402305 0
1.398939 0
0.847224 0
0.764350 0
1.227832 0
0.656697 0
0.471775 0
0.513630 0
0.940377 0
0.011336 0
0.530128 0
0.023212 0
0.834508 0
0.140197 0
0.282198 0
0.280927 0
0.066618 0
0.561063 0
0.618584 0
0.060756 0
1.548280 0
0.524405 0
0.087363 0
0.979841 0
0.250042 0
0.040192 0
1.390191 0
0.232264 0
0.151789 0
0.447530 0
0.238926 0
0.538247 0
0.644255 0
1.047403 0
0.276161 0
0.134215 0
0.240666 0
0.335189 0
1.314858 0
1.632241 0
1.551586 0
0.348179 0
0.467152 0
0.394996 0
0.846704 0
0.842863 0
0.382325 0
0.571187 0
0.141588 0
1.466338 0
0.620751 0
0.387296 0
0.055742 0
0.350219 0
0.317586 0
0.800623 0
0.295036 0
0.195469 0
0.726693 0
0.122315 0
1.474695 0
0.233729 0
0.109112 0
0.289964 0
0.452463 0
1.412804 0
0.087001 0
0.890699 0
0.146388 0
0.053315 0
0.451708 0
0.651377 0
0.867927 0
0.779139 0
0.096360 0
0.473256 0
0.256020 0
0.160594 0
1.064343 0
0.214241 0
0.145148 0
0.612461 0
0.085815 0
0.573426 0
1.071512 0
1.630724 0
0.474080 0
0.670938 0
0.020582 0
0.012332 0
0.124444 0
0.106185 0
0.306863 0
0.980790 0
0.031009 0
0.339521 0
0.012893 0
1.376102 0
0.098194 0
0.068897 0
0.201565 0
0.486216 0
0.276574 0
0.948287 0
0.888217 0
0.200284 0
0.573524 0
0.087324 0
0.210428 0
0.166341 0
1.421134 0
1.136219 0
0.608775 0
0.021771 0
1.099203 0
0.774972 0
0.396676 0
0.868625 0
0.820887 0
0.483625 0
0.082815 0
0.926996 0
0.302641 0
0.044836 0
1.531925 0
0.779599 0
0.488265 0
1.545786 0
0.264697 0
0.179459 0
0.641736 0
0.428517 0
0.270703 0
0.350718 0
0.615159 0
0.411542 0
0.213839 0
0.162116 0
0.393473 0
0.217488 0
0.537474 0
0.738838 0
0.885558 0
0.278643 0
0.712184 0
1.663233 0
0.307703 0
0.134298 0
0.245303 0
1.394627 0
0.868857 0
1.425378 0
0.196995 0
0.531461 0
0.424447 0
0.074371 0
0.016082 0
0.048672 0
0.505412 0
0.690416 0
1.382783 0
0.528472 0
0.008541 0
1.010321 0
1.379480 0
0.468334 0
0.508931 0
0.235356 0
0.214833 0
0.601982 0
1.417128 0
0.105296 0
1.007527 0
0.565789 0
1.435946 0
0.054688 0
0.092614 0
0.168525 0
0.114230 0
0.374786 0
1.148710 0
0.272219 0
0.068587 0
0.406940 0
1.243906 0
0.084838 0
0.289624 0
0.885081 0
0.381766 0
1.255766 0
0.276197 0
0.359874 0
0.750497 0
0.199157 0
0.328864 0
1.461684 0
0.676955 0
0.353290 0
0.603179 0
1.183074 0
0.118371 0
0.128473 0
0.480734 0
1.511628 0
0.061773 0
0.371692 0
0.514257 0
0.081925 0
0.296352 0
0.723644 0
0.130373 0
0.347913 0
1.223725 0
1.340545 0
0.365614 0
0.452132 0
1.253077 0
0.496723 0
0.188939 0
0.485024 0
1.373127 0
0.071492 0
0.179499 0
0.316908 0
0.252786 0
0.814361 0
0.058713 0
0.259147 0
0.351783 0
0.419669 0
0.875836 0
0.475550 0
0.352541 0
0.652113 0
0.204897 0
0.489119 0
0.091597 0
0.644394 0
1.799800 0
1.494114 0
0.222180 0
0.515309 0
0.257974 0
0.157294 0
1.186584 0
0.502829 0
0.321844 0
0.720677 0
0.009000 0
0.026411 0
0.609399 0
0.036150 0
0.049937 0
0.843888 0
1.079161 0
1.074373 0
0.128952 0
0.287435 0
0.602801 0
1.267059 0
0.819499 0
0.704969 0
0.466246 0
0.375711 0
0.146044 0
0.266810 0
0.692199 0
0.371314 0
0.203970 0
0.075942 0
0.233917 0
0.279707 0
0.785877 0
0.070919 0
0.570894 0
1.603366 0
0.455231 0
0.429098 0
0.208768 0
0.229287 0
0.546653 0
0.151977 0
0.440382 0
0.202658 0
0.523707 0
0.484002 0
0.247305 0
0.465433 0
0.383338 0
0.698998 0
0.788896 0
0.269990 0
0.505100 0
0.127588 0
0.033622 0
0.864807 0
0.171535 0
0.434091 0
0.397055 0
0.167303 0
0.483761 0
0.341972 0
0.725766 0
0.265877 0
1.493261 0
0.344590 0
0.193399 0
0.511813 0
0.042298 0
1.362914 0
0.661888 0
1.151357 0
0.018444 0
0.498190 0
0.552812 0
0.094965 0
1.431682 0
0.465959 0
0.523372 0
0.634948 0
0.443765 0
0.275346 0
0.839245 0
0.912231 0
0.722659 0
0.013742 0
0.505267 0
0.360082 0
0.593823 0
0.006686 0
0.373088 0
0.445843 0
0.578788 0
0.079639 0
0.659963 0
0.817702 0
0.800009 0
0.155627 0
1.173857 0
0.563830 0
0.468855 0
0.279920 0
0.974606 0
0.134578 0
0.577181 0
0.030096 0
0.763137 0
0.107188 0
0.730886 0
0.117918 0
0.827975 0
0.185328 0
1.237552 0
0.085105 0
0.516766 0
0.219263 0
0.590689 0
1.397023 0
0.603248 0
0.510293 0
0.133355 0
0.614140 0
0.515451 0
0.424816 0
0.217975 0
0.016856 0
1.587560 0
1.076238 0
0.787446 0
0.315655 0
0.106200 0
0.352583 0
0.363078 0
0.509597 0
0.463534 0
0.335062 0
0.157155 0
0.184957 0
0.322902 0
0.439675 0
0.754967 0
0.082914 0
0.379505 0
0.074289 0
0.092068 0
0.060042 0
0.044713 0
0.279991 0
1.441036 0
0.084952 0
0.964959 0
0.113969 0
1.487961 0
0.155371 0
0.348257 0
0.431625 0
0.034738 0
0.294780 0
1.000280 0
0.905393 0
1.422843 0
0.842971 0
1.404469 0
0.545708 0
0.895612 0
0.779074 0
0.281054 0
0.298193 0
0.227042 0
0.373190 0
0.936338 0
0.080901 0
1.135754 0
0.076221 0
0.366969 0
0.717166 0
0.132363 0
0.442640 0
0.366470 0
1.524618 0
0.921306 0
0.348755 0
0.651679 0
0.345290 0
0.536576 0
0.078953 0
0.084197 0
0.080766 0
0.612176 0
0.830833 0
0.895339 0
0.578705 0
1.035269 0
0.220983 0
1.252243 0
0.861565 0
0.204614 0
0.638783 0
0.963733 0
0.119503 0
0.559395 0
0.662503 0
0.971338 0
1.313797 0
0.057466 0
0.173917 0
0.326149 0
0.004803 0
0.197244 0
0.072602 0
0.036612 0
0.270328 0
0.883035 0
0.233428 0
0.045010 0
0.501667 0
0.256052 0
0.426408 0
0.469411 0
0.928239 0
0.137721 0
0.163834 0
0.492623 0
0.351172 0
0.091375 0
0.517955 0
0.011274 0
0.309177 0
0.076664 0
0.320836 0
0.326840 0
0.028287 0
0.515146 0
0.470944 0
1.287144 0
1.325975 0
0.634785 0
0.972992 0
0.312555 0
0.909040 0
0.213015 0
0.083376 0
0.326571 0
0.396480 0
0.071223 0
1.286240 0
0.211895 0
0.554117 0
0.103189 0
0.359357 0
0.097744 0
0.124343 0
1.119640 0
0.152965 0
0.074725 0
0.199172 0
0.379356 0
0.068787 0
0.195771 0
0.056079 0
1.706562 0
0.899434 0
0.156341 0
0.899113 0
1.448344 0
0.348110 0
0.176226 0
0.745989 0
0.037230 0
0.484546 0
0.426465 0
0.096046 0
0.110662 0
0.733081 0
0.031668 0
1.145347 0
0.413448 0
0.719555 0
0.022006 0
0.187563 0
1.457861 0
0.252109 0
0.097935 0
0.045926 0
0.191882 0
0.665069 0
0.051725 0
0.256789 0
0.937692 0
0.639127 0
0.519845 0
0.638111 0
0.733632 0
0.170187 0
0.005856 0
1.538264 0
1.627291 0
0.114665 0
1.316571 0
0.417073 0
1.612253 0
0.617093 0
0.466505 0
1.061262 0
0.102835 0
0.784520 0
0.587143 0
0.790867 0
0.566035 0
0.832290 0
1.370800 0
0.170870 0
0.065411 0
0.142850 0
0.307895 0
0.582869 0
0.128842 0
0.019682 0
0.541084 0
0.612088 0
0.236140 0
0.490917 0
1.285690 0
0.007094 0
1.407015 0
0.435367 0
0.287818 0
0.743189 0
0.196800 0
1.193944 0
0.295171 0
0.469272 0
0.478629 0
0.057556 0
0.155596 0
1.264800 0
0.073632 0
1.601873 0
0.662171 0
0.920635 0
0.561978 0
1.562027 0
0.668621 0
1.395579 0
0.182400 0
0.077378 0
1.001191 0
0.071447 0
0.518766 0
0.289904 0
0.315528 0
0.138458 0
0.256058 0
1.513367 0
1.049866 0
1.677726 0
0.416228 0
1.011815 0
0.067853 0
0.226105 0
0.067266 0
0.180814 0
0.166615 0
1.499312 0
0.501566 0
1.452581 0
1.460966 0
0.428053 0
0.107724 0
0.713317 0
0.043965 0
0.489689 0
1.201951 0
0.047241 0
0.406047 0
1.054338 0
0.268355 0
0.729270 0
0.688021 0
1.765159 0
1.388037 0
0.159026 0
0.424415 0
0.738911 0
0.884936 0
0.056342 0
0.442619 0
0.594800 0
0.579359 0
0.453809 0
0.390173 0
0.166532 0
0.827755 0
0.297552 0
0.289625 0
0.469559 0
1.015836 0
1.375338 0
0.418139 0
0.064925 0
1.564287 0
0.123641 0
0.033900 0
0.186101 0
1.033043 0
0.779896 0
0.481453 0
0.214424 0
1.504808 0
0.038475 0
1.537686 0
0.172456 0
0.219430 0
0.174632 0
1.298610 0
0.847465 0
0.004292 0
0.099019 0
0.088859 0
0.206065 0
1.649677 0
0.346089 0
0.781933 0
0.130657 0
0.726565 0
0.606260 0
0.315453 0
0.255241 0
0.079094 0
0.070553 0
0.290867 0
0.684748 0
0.189602 0
0.123551 0
0.140019 0
0.044176 0
1.109068 0
0.771553 0
0.517386 0
0.580208 0
0.676602 0
0.002814 0
1.342860 0
0.366661 0
0.097798 0
1.082738 0
1.340407 0
0.962522 0
0.442777 0
0.187937 0
0.372168 0
0.082413 0
0.361724 0
0.660133 0
0.140635 0
0.078457 0
0.377075 0
0.964359 0
0.232055 0
0.224781 0
0.031326 0
0.508626 0
0.234515 0
0.290136 0
0.262691 0
0.445572 0
0.938506 0
0.023257 0
0.070663 0
0.195185 0
0.139765 0
0.539854 0
0.916947 0
0.023171 0
1.279016 0
0.594849 0
0.811896 0
1.430580 0
1.273415 0
0.170166 0
1.600743 0
0.238170 0
1.388250 0
0.072270 0
0.073826 0
0.299062 0
0.202539 0
0.192960 0
0.438285 0
0.082750 0
0.177909 0
0.585664 0
0.509047 0
0.084564 0
0.190077 0
0.442136 0
0.260560 0
0.135216 0
1.550089 0
0.897391 0
0.683394 0
0.283147 0
1.685388 0
0.063108 0
0.510904 0
0.394389 0
0.127997 0
0.146447 0
1.727826 0
0.503090 0
0.524128 0
0.483897 0
0.047865 0
1.154265 0
1.385891 0
0.136008 0
0.035434 0
1.061660 0
1.288142 0
0.590631 0
0.763945 0
0.799145 0
0.153495 0
0.013563 0
0.260992 0
0.228577 0
0.029892 0
1.449291 0
0.002909 0
0.214820 0
0.402653 0
0.741572 0
1.325661 0
1.013357 0
0.445903 0
0.454880 0
0.409698 0
0.834839 0
0.250545 0
0.197810 0
1.101953 0
0.198310 0
0.454593 0
0.100077 0
1.447983 0
1.274882 0
0.388370 0
1.120474 0
0.320922 0
0.174578 0
0.069929 0
0.381901 0
0.066982 0
0.432415 0
0.682127 0
1.765860 0
0.362031 0
0.842808 0
0.709534 0
1.029277 0
0.326708 0
0.400880 0
0.264235 0
0.515436 0
0.546127 0
1.023801 0
0.130260 0
0.476114 0
0.027369 0
0.647652 0
0.275841 0
0.566595 0
0.113250 0
0.572053 0
0.042804 0
0.234592 0
0.808014 0
0.225979 0
0.642211 0
0.059441 0
1.563354 0
0.282820 0
0.154182 0
0.245094 0
0.222049 0
0.008024 0
0.150184 0
0.030020 0
1.060094 0
0.166111 0
0.251734 0
0.411708 0
1.679108 0
0.807432 0
0.154907 0
0.402859 0
0.307542 0
0.212519 0
0.121014 0
0.812089 0
0.426491 0
0.026159 0
0.337403 0
0.003506 0
0.892773 0
0.662732 0
0.177792 0
0.305988 0
0.015747 0
0.342638 0
0.872154 0
0.053895 0
0.574267 0
0.626026 0
0.227306 0
0.285375 0
0.461182 0
0.015098 0
0.243693 0
0.010097 0
0.452981 0
0.267479 0
0.824350 0
0.192507 0
0.395261 0
0.025804 0
0.752911 0
1.052425 0
0.363422 0
0.434780 0
0.796898 0
1.385760 0
0.440856 0
0.298237 0
0.149904 0
0.269318 0
0.511871 0
0.029370 0
0.275279 0
0.928929 0
0.765649 0
0.425971 0
0.065948 0
1.019453 0
0.743781 0
0.736751 0
0.124018 0
0.294115 0
0.921662 0
0.469650 0
0.170198 0
0.227582 0
0.894732 0
1.256206 0
0.763340 0
0.888682 0
0.248526 0
0.238837 0
0.559918 0
0.817246 0
1.127986 0
0.145070 0
0.995049 0
0.253921 0
1.953369 0
0.383927 0
0.938519 0
0.920332 0
0.051465 0
0.110351 0
0.049889 0
0.287905 0
1.367881 0
1.001712 0
0.309427 0
0.320086 0
0.461595 0
0.475291 0
0.098844 0
0.180494 0
0.709627 0
0.534782 0
0.439617 0
0.233969 0
1.078369 0
0.811459 0
0.453731 0
0.208940 0
0.459184 0
0.008549 0
0.245030 0
0.275053 0
0.042798 0
0.825732 0
0.091704 0
0.797707 0
0.050260 0
1.159745 0
0.266891 0
1.449168 0
0.455361 0
0.470820 0
0.560070 0
0.080228 0
1.132366 0
1.363619 0
0.018604 0
0.460603 0
0.323149 0
0.051854 0
0.710709 0
0.063028 0
0.030059 0
0.544895 0
0.572657 0
1.402120 0
0.347318 0
0.281621 0
0.770119 0
0.181680 0
0.006667 0
0.463564 0
0.483036 0
0.306385 0
0.932421 0
0.900769 0
1.107082 0
0.631126 0
0.445594 0
0.260318 0
0.779365 0
0.331653 0
0.734021 0
0.306755 0
0.321939 0
0.965369 0
0.313333 0
0.149681 0
1.196138 0
0.163692 0
0.071713 0
0.645678 0
1.017274 0
0.442733 0
0.092172 0
1.449608 0
0.202802 0
0.064242 0
0.183986 0
1.364391 0
0.006974 0
0.719881 0
0.492142 0
1.214364 0
0.123599 0
0.815490 0
1.011835 0
0.720563 0
1.204310 0
0.480570 0
0.343094 0
1.349521 0
0.761782 0
0.769916 0
0.068431 0
0.281993 0
0.575916 0
0.033167 0
0.346028 0
1.458428 0
0.171463 0
0.101538 0
0.521346 0
0.672274 0
0.269016 0
1.085339 0
0.042870 0
1.409369 0
0.436752 0
1.074352 0
0.425543 0
0.330675 0
0.097934 0
0.412237 0
0.669304 0
1.061105 0
0.075395 0
1.370853 0
0.497468 0
0.140613 0
0.144705 0
0.366301 0
1.370792 0
0.190292 0
0.132651 0
0.382742 0
1.163366 0
1.081710 0
0.159842 0
0.156687 0
0.580297 0
0.742248 0
0.372341 0
0.997345 0
0.505868 0
0.392511 0
0.261276 0
0.076203 0
0.849414 0
0.347301 0
0.247786 0
0.356495 0
1.055474 0
0.091725 0
0.660279 0
1.055001 0
0.240059 0
0.040581 0
0.129804 0
0.793000 0
0.251138 0
0.425577 0
1.023262 0
0.780562 0
0.042767 0
0.536124 0
0.005475 0
0.199309 0
0.502251 0
1.247531 0
0.781311 0
0.345179 0
0.037335 0
0.117391 0
0.402328 0
0.170233 0
0.484621 0
0.736497 0
0.183866 0
0.073520 0
1.160127 0
1.500489 0
0.837638 0
0.105712 0
0.529483 0
1.022334 0
0.809079 0
0.188119 0
1.494884 0
0.203216 0
0.086633 0
0.378295 0
0.239401 0
0.955174 0
0.926956 0
0.808398 0
0.027382 0
0.087351 0
1.372828 0
0.247627 0
0.266355 0
0.929180 0
0.679825 0
1.102972 0
0.250645 0
0.066590 0
0.188517 0
0.347663 0
0.789308 0
0.445370 0
0.171199 0
0.338302 0
0.778202 0
0.229725 0
1.042626 0
0.088634 0
0.901249 0
0.100591 0
0.015260 0
0.044777 0
0.027773 0
0.364371 0
0.505492 0
0.839404 0
0.400660 0
0.315395 0
1.394514 0
0.351140 0
0.287076 0
1.157882 0
0.251677 0
1.441028 0
0.288006 0
0.254390 0
0.039225 0
0.897032 0
0.024997 0
0.343744 0
0.021892 0
0.647044 0
0.315112 0
0.653548 0
0.196827 0
0.216370 0
0.399390 0
0.129612 0
0.208879 0
0.065479 0
0.429070 0
0.025145 0
0.385122 0
1.206549 0
1.768960 0
0.029660 0
0.315925 0
1.541583 0
0.663583 0
0.049950 0
0.065741 0
0.321585 0
0.291974 0
0.156587 0
1.023661 0
0.852225 0
0.982591 0
0.240730 0
0.235234 0
0.013180 0
0.272237 0
0.085816 0
0.232986 0
0.413510 0
1.260462 0
0.670274 0
0.052965 0
0.475266 0
0.059170 0
0.263541 0
0.574944 0
0.578235 0
0.711580 0
0.958569 0
0.134915 0
0.655560 0
0.759441 0
0.410337 0
0.259186 0
1.217897 0
0.894944 0
0.179059 0
0.948810 0
0.120534 0
0.568571 0
0.164294 0
0.100423 0
0.693395 0
0.225500 0
0.703854 0
0.072909 0
0.160766 0
1.387640 0
0.058574 0
0.217678 0
0.850242 0
0.064398 0
0.268334 0
0.794525 0
0.050264 0
0.713938 0
1.050562 0
0.025877 0
0.279383 0
0.934135 0
0.456839 0
0.800615 0
0.278306 0
0.135088 0
0.048323 0
0.068672 0
0.368656 0
0.282047 0
0.543673 0
1.459709 0
0.472264 0
0.164021 0
0.210946 0
0.243913 0
0.174872 0
1.118835 0
0.248530 0
0.406758 0
0.410470 0
0.488734 0
0.027800 0
0.285238 0
0.160595 0
0.171601 0
1.358907 0
0.187627 0
0.385223 0
0.018799 0
0.021074 0
0.031342 0
0.461874 0
0.522550 0
0.033246 0
0.175359 0
0.148892 0
0.951515 0
0.756531 0
0.655727 0
0.367474 0
0.557389 0
0.100776 0
0.085083 0
1.061333 0
1.142990 0
0.275533 0
0.423334 0
0.569301 0
0.851616 0
0.940418 0
0.075305 0
0.472108 0
0.402565 0
0.565213 0
0.671953 0
1.602543 0
0.285515 0
0.185282 0
0.009753 0
0.777725 0
0.356508 0
0.161834 0
0.151118 0
0.007961 0
0.469904 0
0.183518 0
0.830777 0
1.608579 0
0.375978 0
0.504347 0
0.553373 0
1.475807 0
0.806094 0
1.997365 0
0.172491 0
2.135743 0
0.321982 0
1.286037 0
0.276812 0
1.363866 0
0.186151 0
1.400830 0
0.980083 0
1.450557 0
1.353904 0
0.038652 0
0.237219 0
1.512318 0
0.076935 0
0.044994 0
0.844331 0
0.212658 0
0.193836 0
0.035906 0
1.104202 0
0.217917 0
0.191567 0
0.526414 0
0.214160 0
1.290465 0
0.015908 0
0.041179 0
0.055168 0
0.176469 0
0.211361 0
0.628501 0
1.040487 0
0.060691 0
0.076595 0
0.083412 0
1.340083 0
1.479721 0
0.097807 0
0.484837 0
0.299683 0
0.522900 0
0.247526 0
0.017971 0
0.977223 0
0.008149 0
0.109150 0
0.104001 0
0.130768 0
0.541678 0
0.473806 0
0.165365 0
0.335110 0
0.008470 0
0.520217 0
1.056417 0
0.465557 0
1.054736 0
0.537162 0
0.201405 0
1.747205 0
1.604379 0
0.919396 0
0.130913 0
1.201165 0
0.752327 0
0.091742 0
0.130578 0
0.123614 0
0.212489 0
0.011268 0
0.425367 0
0.919648 0
0.517066 0
0.506681 0
0.391700 0
0.184656 0
0.994306 0
0.544159 0
0.029763 0
0.754551 0
0.451079 0
0.288839 0
0.353204 0
0.018104 0
0.290734 0
0.461180 0
0.105622 0
0.124919 0
0.672611 0
0.254402 0
0.401078 0
0.561298 0
0.505290 0
0.327294 0
0.152973 0
0.923723 0
0.478074 0
0.513960 0
0.395541 0
0.041587 0
0.623819 0
0.116172 0
0.788440 0
0.131944 0
0.515234 0
0.660298 0
1.350892 0
1.444920 0
0.331964 0
1.058478 0
0.335929 0
0.126514 0
0.279008 0
1.224233 0
0.975048 0
0.149039 0
0.393104 0
0.335681 0
0.370272 0
0.558522 0
0.705365 0
0.570015 0
0.313816 0
0.280874 0
0.677549 0
0.267857 0
0.020339 0
0.638999 0
1.644128 0
0.201849 0
0.126319 0
1.145234 0
1.076990 0
0.017423 0
0.628023 0
0.106648 0
0.641066 0
0.639086 0
0.189203 0
0.302197 0
0.272685 0
0.075171 0
0.127625 0
0.638409 0
0.067187 0
0.060030 0
0.649611 0
0.998771 0
1.465623 0
0.436300 0
0.050896 0
0.779965 0
0.158152 0
0.975864 0
0.534756 0
0.186971 0
0.367082 0
1.227514 0
0.239243 0
0.385442 0
0.035614 0
0.529165 0
1.592612 0
0.763469 0
0.339882 0
0.542344 0
0.137982 0
0.133765 0
0.571519 0
0.288461 0
1.524464 0
0.265098 0
0.098612 0
0.159140 0
0.613705 0
1.417394 0
0.314682 0
0.755954 0
0.082116 0
0.242050 0
0.049613 0
0.031180 0
0.186226 0
0.334818 0
0.186720 0
0.220519 0
0.056729 0
0.462761 0
0.426919 0
0.699370 0
0.559904 0
0.690489 0
0.016180 0
1.421946 0
0.532352 0
0.378474 0
1.117850 0
0.227907 0
0.870627 0
0.033705 0
0.514348 0
0.045681 0
0.898688 0
0.309757 0
0.095034 0
0.171864 0
1.331916 0
0.501386 0
0.673185 0
0.614254 0
0.341254 0
0.488667 0
0.173057 0
0.097600 0
0.940867 0
0.120577 0
0.603595 0
0.812197 0
0.204973 0
0.207730 0
0.345143 0
0.322339 0
1.317082 0
0.447827 0
0.594644 0
1.047663 0
0.469091 0
0.120906 0
0.389682 0
0.109258 0
0.236326 0
0.691761 0
1.498508 0
0.084837 0
0.583033 0
0.270889 0
0.085814 0
1.152818 0
0.758474 0
0.151291 0
0.191476 0
0.059832 0
0.298250 0
2.191319 0
0.647553 0
0.926383 0
0.247467 0
1.857838 0
0.442300 0
0.050197 0
0.302862 0
2.158867 0
0.427413 0
0.611055 0
0.062844 0
1.114213 0
0.624067 0
0.062317 0
1.073833 0
0.377466 0
0.037453 0
0.178430 0
0.057257 0
0.323631 0
0.046290 0
0.855829 0
0.149862 0
0.655705 0
0.056731 0
0.027920 0
0.341367 0
0.750998 0
0.190215 0
0.344816 0
0.129449 0
0.033839 0
0.268535 0
0.530059 0
0.040902 0
0.032524 0
0.380698 0
0.908280 0
0.492010 0
0.228852 0
0.396106 0
0.330391 0
0.367469 0
0.557417 0
0.037612 0
0.322284 0
1.453676 0
0.662843 0
0.818899 0
0.394304 0
1.435553 0
0.219242 0
0.832011 0
0.193248 0
0.215937 0
0.269886 0
0.665898 0
0.164173 0
0.073056 0
0.202031 0
0.129381 0
0.283288 0
0.707799 0
0.867689 0
0.201920 0
0.334015 0
0.254613 0
0.092764 0
0.149062 0
1.085511 0
0.200087 0
0.730341 0
0.352595 0
0.491976 0
0.363078 0
0.132672 0
0.902912 0
0.080063 0
0.167724 0
0.123888 0
0.063043 0
0.141467 0
0.364972 0
0.069830 0
0.613272 0
0.333904 0
0.142455 0
0.883650 0
1.570545 0
0.738140 0
0.207095 0
0.455231 0
0.779489 0
0.556789 0
0.999191 0
0.829535 0
0.547737 0
0.232347 0
0.149849 0
0.324965 0
0.101445 0
0.098113 0
0.197211 0
0.918889 0
0.489926 0
1.411404 0
1.292352 0
0.188102 0
0.362425 0
0.411709 0
0.448508 0
0.470307 0
0.803574 0
0.457001 0
0.616535 0
0.904107 0
1.459572 0
0.333037 0
0.633947 0
1.076890 0
0.960887 0
0.083130 0
0.360445 0
0.030695 0
0.863771 0
1.623258 0
0.101039 0
0.631913 0
0.420358 0
0.783767 0
0.872585 0
0.389119 0
0.130523 0
1.402138 0
0.171462 0
0.899335 0
0.637928 0
0.347231 0
0.076152 0
0.107128 0
0.584858 0
0.171970 0
0.182016 0
1.334295 0
0.540808 0
0.332142 0
0.305894 0
1.559522 0
1.368028 0
0.962849 0
0.318925 0
0.283011 0
0.998454 0
0.198964 0
0.763914 0
0.147875 0
0.410563 0
0.646238 0
1.317516 0
0.548589 0
0.112549 0
0.700888 0
0.125741 0
0.079222 0
0.451857 0
0.668961 0
0.158555 0
0.275236 0
0.461730 0
0.061964 0
0.416365 0
0.260414 0
0.706282 0
1.821968 0
1.217323 0
0.248460 0
2.147417 0
0.639618 0
0.226587 0
0.189558 0
1.495824 0
0.151584 0
0.286154 0
0.050805 0
0.026041 0
0.022492 0
1.384283 0
0.017275 0
0.989636 0
0.204497 0
0.388672 0
0.058231 0
0.063191 0
0.175587 0
0.212958 0
0.079554 0
0.895890 0
0.336116 0
0.808642 0
1.388688 0
0.708455 0
1.273513 0
0.981355 0
0.119497 0
1.066870 0
0.308140 0
0.804670 0
0.607891 0
0.555828 0
0.024546 0
0.240215 0
1.027869 0
0.269498 0
0.111760 0
0.045590 0
0.350233 0
0.336709 0
0.217119 0
0.774624 0
0.877678 0
0.975834 0
1.021436 0
0.063013 0
0.788546 0
0.982439 0
0.453153 0
1.381594 0
0.293874 0
0.549711 0
0.036319 0
0.010923 0
0.608193 0
0.453619 0
0.407444 0
0.004591 0
0.234391 0
0.269533 0
0.612548 0
0.202836 0
0.060557 0
1.385363 0
1.282550 0
0.226859 0
1.053539 0
0.788528 0
0.678055 0
1.166324 0
0.137572 0
0.020577 0
0.171806 0
0.109882 0
0.458952 0
1.254748 0
0.459760 0
1.523750 0
0.047278 0
1.031671 0
0.818010 0
0.077929 0
0.127884 0
1.026546 0
0.867518 0
0.343920 0
1.096059 0
0.095895 0
0.159816 0
0.425460 0
1.188031 0
0.086117 0
0.198868 0
0.688780 0
0.169493 0
0.321477 0
0.297321 0
0.246032 0
0.658476 0
0.561931 0
0.209881 0
1.571329 0
0.674737 0
0.495824 0
0.634633 0
1.085646 0
1.402484 0
0.512254 0
0.472034 0
0.346869 0
0.291963 0
0.977442 0
0.233846 0
0.492487 0
1.557740 0
0.247697 0
0.303191 0
0.870136 0
0.694270 0
0.413897 0
1.019819 0
0.418800 0
0.534490 0
0.260614 0
0.075010 0
0.591768 0
0.152527 0
1.023103 0
0.662893 0
1.075763 0
0.484133 0
1.397143 0
0.314430 0
0.314246 0
1.122815 0
0.233913 0
0.435050 0
0.304337 0
0.268512 0
2.367392 0
1.460273 0
0.510708 0
0.134820 0
0.109344 0
1.322615 0
0.043014 0
0.580890 0
1.383956 0
0.130912 0
1.099741 0
0.360825 0
0.344758 0
0.102524 0
0.241871 0
0.487459 0
1.415031 0
0.122239 0
1.219061 0
0.679769 0
0.322545 0
0.473641 0
0.106453 0
1.639287 0
0.708646 0
0.016209 0
1.100466 0
1.066306 0
0.916092 0
0.271132 0
0.173023 0
0.108672 0
0.201020 0
1.213662 0
0.585267 0
0.913056 0
0.618592 0
0.206600 0
0.029428 0
1.094819 0
0.496779 0
0.446814 0
0.522097 0
0.950371 0
0.470162 0
0.324756 0
0.057923 0
0.344744 0
0.077816 0
0.431050 0
0.408388 0
1.071426 0
0.388725 0
0.293472 0
0.242782 0
0.727791 0
0.521479 0
0.174601 0
1.377073 0
0.141476 0
1.196018 0
0.278487 0
0.135211 0
0.200215 0
0.223429 0
0.908148 0
0.206731 0
0.360204 0
0.205376 0
0.204918 0
1.164127 0
0.382499 0
0.445095 0
0.150035 0
1.517290 0
0.081343 0
0.707581 0
0.394046 0
0.639366 0
0.050703 0
0.179066 0
0.744190 0
0.082058 0
0.716477 0
0.550838 0
0.639630 0
0.549716 0
0.673046 0
0.126343 0
0.711580 0
0.578164 0
0.237803 0
0.337121 0
0.025568 0
0.834215 0
0.108804 0
0.249706 0
0.682577 0
0.277785 0
1.143068 0
0.095711 0
0.142686 0
0.711137 0
0.457928 0
0.668133 0
0.128768 0
0.920156 0
1.180834 0
0.238054 0
0.038990 0
0.222424 0
0.459295 0
1.172809 0
0.889186 0
0.085549 0
0.037740 0
0.257593 0
0.514350 0
0.425123 0
1.183993 0
0.448791 0
0.399508 0
0.198371 0
0.080132 0
0.157628 0
0.752528 0
0.767783 0
0.145746 0
0.090021 0
0.048632 0
0.598995 0
0.354687 0
0.132887 0
1.287982 0
0.548155 0
0.380141 0
0.085369 0
0.298845 0
0.567582 0
0.139078 0
0.265329 0
0.003675 0
0.009920 0
0.048000 0
0.094006 0
0.142807 0
1.559902 0
1.366427 0
0.940078 0
0.231245 0
0.465908 0
1.076556 0
0.939271 0
1.031360 0
1.073136 0
0.597144 0
0.594237 0
0.780065 0
0.233420 0
0.314059 0
0.069137 0
1.581078 0
0.507100 0
0.180286 0
0.332793 0
0.518330 0
0.682628 0
0.096133 0
0.547191 0
0.566925 0
0.223009 0
0.138784 0
0.578603 0
0.130227 0
0.400671 0
0.435615 0
0.059026 0
0.627411 0
0.253659 0
1.519059 0
0.064639 0
0.614552 0
0.040764 0
0.751016 0
0.370379 0
1.121583 0
0.190975 0
0.628303 0
0.377606 0
0.112517 0
0.814963 0
0.514532 0
0.084727 0
0.765186 0
0.382976 0
1.527000 0
0.473831 0
0.108822 0
0.042338 0
0.375517 0
1.654634 0
0.313981 0
0.338790 0
1.069717 0
0.650052 0
0.761943 0
0.584178 0
0.693001 0
0.203936 0
0.457887 0
0.189793 0
0.331720 0
0.284463 0
0.125144 0
0.057472 0
1.449198 0
0.350447 0
0.560734 0
0.541522 0
0.359824 0
0.917327 0
0.453589 0
0.576926 0
0.930015 0
0.208556 0
0.393954 0
0.251189 0
0.166818 0
1.657220 0
1.403531 0
0.766532 0
0.936677 0
0.880438 0
0.024993 0
0.162813 0
0.856887 0
0.992290 0
0.395676 0
0.502252 0
0.279941 0
0.928738 0
0.519939 0
0.637844 0
1.123438 0
0.136236 0
0.067585 0
0.480412 0
0.091992 0
0.045056 0
0.039952 0
1.428793 0
0.050902 0
0.201198 0
0.123328 0
0.228578 0
0.676445 0
0.263201 0
0.751371 0
0.140867 0
0.147567 0
0.076503 0
0.526320 0
0.094876 0
1.518527 0
0.118910 0
0.207455 0
0.022369 0
0.257862 0
0.029237 0
0.624903 0
0.574325 0
0.181548 0
0.365974 0
0.224378 0
0.169204 0
0.207240 0
0.344081 0
0.167966 0
0.420169 0
0.084687 0
0.391095 0
0.198036 0
0.233913 0
0.015145 0
0.066254 0
0.943785 0
1.021428 0
0.533352 0
0.395117 0
1.496458 0
0.166798 0
0.147529 0
0.090891 0
0.039126 0
0.859873 0
0.514698 0
0.233778 0
0.560299 0
0.049511 0
0.252399 0
0.955572 0
0.755539 0
0.045548 0
0.866765 0
0.416074 0
0.011584 0
0.143228 0
0.572051 0
0.249393 0
2.771964 0
0.605562 0
0.073677 0
0.712508 0
0.169465 0
0.495128 0
0.243467 0
0.187462 0
1.495924 0
0.454892 0
1.846274 0
0.005139 0
0.147620 0
1.159658 0
0.636414 0
0.322524 0
0.660087 0
1.562743 0
0.439623 0
0.608587 0
1.051714 0
0.364389 0
0.318163 0
0.077478 0
0.727322 0
0.455120 0
0.545661 0
0.135721 0
0.431352 0
1.590145 0
1.208334 0
0.093114 0
0.704418 0
0.123031 0
0.539186 0
0.289323 0
0.313948 0
0.015828 0
1.538093 0
0.362128 0
1.097526 0
0.163050 0
0.924369 0
0.144951 0
0.895519 0
0.152310 0
1.388281 0
0.631442 0
0.142953 0
0.025959 0
0.114839 0
0.409333 0
0.784741 0
0.032430 0
0.698689 0
1.408971 0
0.024965 0
1.055868 0
0.382226 0
0.044053 0
0.814098 0
0.097678 0
0.213925 0
0.239427 0
0.615721 0
0.827490 0
0.741622 0
0.135031 0
1.345961 0
0.145231 0
1.416416 0
0.771039 0
0.274096 0
0.069131 0
0.509685 0
0.678710 0
0.055688 0
0.188418 0
1.068872 0
0.316302 0
0.120526 0
0.053476 0
0.279875 0
1.471363 0
0.264130 0
0.223387 0
0.350660 0
0.037458 0
1.723384 0
0.618636 0
0.295703 0
0.541592 0
0.205619 0
0.041064 0
1.502275 0
0.122473 0
0.515005 0
0.175209 0
1.019153 0
0.238383 0
0.442035 0
0.360181 0
0.017146 0
0.271006 0
1.402090 0
0.419290 0
0.090926 0
0.074029 0
1.039254 0
0.696350 0
0.580135 0
0.317093 0
1.332088 0
0.501815 0
1.621369 0
0.137619 0
0.841806 0
0.235154 0
0.225769 0
0.456805 0
0.438535 0
0.576494 0
0.793708 0
0.940492 0
0.754067 0
0.066707 0
1.179145 0
0.118500 0
0.145109 0
0.130889 0
0.524068 0
0.195484 0
0.570531 0
0.226614 0
0.085176 0
0.029262 0
0.402934 0
0.071869 0
0.011613 0
0.220866 0
0.138857 0
0.836931 0
0.240391 0
0.259577 0
0.068701 0
0.376691 0
0.907798 0
0.811542 0
0.305187 0
0.087782 0
0.546928 0
0.375553 0
0.098565 0
0.285394 0
0.237585 0
0.437382 0
0.044693 0
0.313921 0
0.058983 0
0.344724 0
0.163778 0
0.597655 0
1.400799 0
1.153095 0
0.419963 0
0.322403 0
0.504192 0
0.094024 0
1.259040 0
0.306769 0
0.709196 0
0.006536 0
1.592236 0
1.035245 0
0.658772 0
1.613709 0
0.011039 0
0.188951 0
0.136928 0
0.652370 0
0.527149 0
0.120623 0
0.291499 0
0.725773 0
0.316182 0
1.360881 0
0.036395 0
0.825093 0
0.396331 0
0.679655 0
0.885663 0
0.527599 0
0.316692 0
0.503582 0
0.401737 0
0.538668 0
0.538523 0
0.186472 0
0.706510 0
0.926533 0
0.104788 0
0.700084 0
0.027653 0
0.635894 0
0.598313 0
0.213513 0
0.988934 0
0.668569 0
0.003967 0
1.120671 0
1.557895 0
1.480391 0
0.249479 0
0.210805 0
0.513288 0
1.066567 0
0.345893 0
0.404874 0
0.916075 0
0.281185 0
0.945900 0
0.114955 0
1.061153 0
0.152007 0
0.209378 0
1.582525 0
0.202925 0
0.614340 0
0.385759 0
0.035650 0
0.393392 0
0.676472 0
0.512790 0
0.485514 0
1.500018 0
0.599866 0
1.319784 0
0.135756 0
0.073242 0
0.094858 0
0.086618 0
0.717876 0
0.168945 0
0.413223 0
0.122092 0
0.195531 0
0.232013 0
0.012720 0
0.571577 0
0.195086 0
0.272036 0
0.414336 0
0.261530 0
0.522588 0
0.128070 0
0.053688 0
0.666632 0
0.706975 0
0.505757 0
0.350462 0
0.493757 0
0.815812 0
1.360908 0
0.437443 0
0.172922 0
0.812571 0
0.431528 0
0.103363 0
0.012188 0
0.930678 0
0.410555 0
0.348647 0
0.215272 0
1.335378 0
0.456351 0
0.831792 0
0.195490 0
0.043408 0
0.317110 0
0.259273 0
0.066410 0
0.579704 0
0.266367 0
0.718403 0
0.350266 0
0.232556 0
0.170970 0
1.174561 0
0.150547 0
0.239903 0
0.486418 0
0.729527 0
0.193027 0
0.135628 0
0.298904 0
0.176340 0
2.322700 0
1.106913 0
0.435965 0
1.144628 0
0.473429 0
0.548379 0
0.462385 0
0.161676 0
0.122390 0
0.861775 0
0.704817 0
0.226400 0
0.248585 0
0.110008 0
1.266587 0
0.878091 0
0.184859 0
0.332559 0
0.250076 0
0.839837 0
0.586822 0
1.448262 0
0.765597 0
0.265304 0
0.048267 0
0.241988 0
0.042466 0
1.445379 0
0.888447 0
0.552135 0
0.294831 0
0.086260 0
0.154465 0
0.179972 0
0.107638 0
0.228152 0
0.802353 0
1.696042 0
0.075560 0
1.502797 0
0.045403 0
0.542684 0
0.019952 0
0.017465 0
0.626950 0
0.276573 0
1.025868 0
0.402030 0
0.244823 0
0.587653 0
0.267656 0
0.628134 0
0.143134 0
0.029969 0
0.249120 0
0.315654 0
0.115817 0
0.423393 0
0.620435 0
0.018711 0
0.466070 0
0.092981 0
1.435136 0
0.741307 0
0.585518 0
0.236208 0
0.119491 0
0.403733 0
0.019128 0
0.027917 0
0.728434 0
0.901706 0
0.134350 0
0.070196 0
0.202302 0
0.462233 0
0.037833 0
0.959303 0
0.042297 0
0.472989 0
0.463460 0
1.475667 0
0.102196 0
1.541440 0
0.573694 0
0.407663 0
0.021458 0
0.016462 0
0.022457 0
0.684387 0
0.627763 0
0.083174 0
0.314330 0
0.767664 0
0.121715 0
0.738442 0
0.222012 0
0.526908 0
0.417388 0
1.372216 0
0.532933 0
0.344127 0
0.216432 0
0.051303 0
1.063933 0
0.198857 0
1.470959 0
0.100277 0
0.103634 0
0.133416 0
0.275088 0
0.386476 0
0.512461 0
0.501168 0
0.070779 0
0.494708 0
0.023994 0
0.760635 0
0.281426 0
0.210136 0
0.279032 0
0.952149 0
0.092435 0
0.251510 0
0.557347 0
0.813338 0
0.062068 0
0.646197 0
1.376650 0
0.253413 0
0.099971 0
0.568238 0
0.137667 0
0.150669 0
0.067778 0
0.636808 0
0.419578 0
0.317549 0
0.229443 0
0.614257 0
0.208363 0
0.418443 0
0.799682 0
0.061359 0
0.855516 0
0.230165 0
0.417086 0
0.348752 0
0.174089 0
0.420381 0
0.611399 0
0.345732 0
0.709583 0
0.235573 0
0.156928 0
0.623917 0
0.516943 0
1.417547 0
0.439994 0
1.254831 0
0.317000 0
0.340919 0
1.080688 0
1.594308 0
0.159894 0
0.694129 0
0.460150 0
0.067274 0
0.744172 0
0.673914 0
0.704599 0
0.298865 0
0.311405 0
0.689745 0
0.195927 0
0.588682 0
0.707491 0
0.363766 0
0.516921 0
0.894116 0
0.333706 0
0.129325 0
0.035890 0
0.371954 0
1.378361 0
0.096824 0
0.816782 0
0.788600 0
0.221839 0
0.523321 0
0.177660 0
1.140518 0
0.194464 0
1.091165 0
0.089787 0
1.016575 0
0.094057 0
0.025754 0
0.945023 0
0.178041 0
1.498818 0
1.351961 0
0.283683 0
0.662012 0
0.387595 0
0.367099 0
1.104517 0
0.637943 0
0.032526 0
0.577541 0
0.146468 0
0.330239 0
0.054755 0
0.248941 0
1.023556 0
0.385599 0
0.659440 0
0.488223 0
0.060805 0
0.701183 0
0.138389 0
0.016617 0
0.210186 0
0.081392 0
0.006076 0
0.193505 0
0.976093 0
1.435528 0
0.093970 0
0.285367 0
0.537333 0
0.097527 0
0.008706 0
0.276729 0
0.630295 0
0.705504 0
0.653689 0
0.949383 0
0.085091 0
0.813577 0
0.084357 0
1.735553 0
0.217772 0
1.388351 0
0.358662 0
0.107124 0
0.722088 0
0.144929 0
0.714974 0
0.170819 0
0.695353 0
1.604185 0
0.094735 0
0.270055 0
0.322500 0
1.392400 0
0.105716 0
0.477322 0
0.372138 0
0.043017 0
0.042165 0
0.245454 0
0.236674 0
0.849804 0
0.262865 0
0.336933 0
0.136496 0
0.658654 0
0.445050 0
0.004026 0
0.346762 0
0.772187 0
0.768561 0
1.405470 0
0.024993 0
0.591304 0
1.030918 0
0.590614 0
0.383185 0
1.682959 0
0.496476 0
0.285274 0
0.473050 0
0.954184 0
0.098024 0
0.547841 0
1.110657 0
0.132175 0
0.358352 0
0.429734 0
0.548707 0
0.538417 0
1.572696 0
1.430996 0
0.662909 0
0.278636 0
0.293336 0
0.324104 0
0.034174 0
0.706977 0
0.120396 0
0.369582 0
0.581464 0
1.124815 0
0.440699 0
0.228423 0
1.111835 0
0.146681 0
0.642115 0
0.398806 0
0.014909 0
0.187098 0
0.064249 0
0.200518 0
0.153034 0
0.592465 0
0.398925 0
0.006376 0
0.006313 0
0.026577 0
0.685385 0
1.474288 0
0.670813 0
0.536011 0
1.726156 0
0.088150 0
0.062154 0
0.026783 0
0.535420 0
0.038768 0
0.199401 0
0.397275 0
0.580077 0
1.572468 0
0.005398 0
0.313936 0
0.616852 0
0.144512 0
0.147860 0
0.586333 0
0.282189 0
0.267692 0
0.722089 0
0.487570 0
0.124697 0
0.385136 0
0.518826 0
0.640117 0
0.369465 0
0.466888 0
0.722948 0
0.150023 0
0.484735 0
0.299837 0
0.033401 0
0.166530 0
0.074179 0
0.321723 0
0.121796 0
0.279410 0
1.131220 0
0.707594 0
0.495542 0
0.237539 0
0.292158 0
0.181716 0
1.487179 0
1.749521 0
0.526687 0
0.776666 0
0.168806 0
1.521364 0
0.676885 0
0.633357 0
0.403238 0
0.755705 0
0.635641 0
0.092293 0
1.060219 0
0.125372 0
0.161084 0
0.300266 0
0.398411 0
0.171709 0
0.688543 0
0.638555 0
1.413339 0
0.460744 0
0.063411 0
0.350940 0
1.225174 0
0.317574 0
0.395916 0
0.699577 0
0.161784 0
0.878942 0
0.131739 0
0.431800 0
1.086685 0
0.274290 0
0.403991 0
0.888873 0
0.874453 0
0.172465 0
0.321053 0
0.505649 0
0.780107 0
0.129636 0
0.167754 0
0.194520 0
0.724855 0
0.679846 0
0.498334 0
0.587056 0
0.281542 0
0.100563 0
0.806369 0
0.577175 0
0.130506 0
0.148362 0
0.572202 0
0.122175 0
0.323115 0
0.350028 0
0.058621 0
0.174704 0
0.972099 0
1.403656 0
0.188587 0
0.090049 0
0.353109 0
0.427672 0
0.033172 0
0.095164 0
0.092202 0
0.561757 0
0.080879 0
0.927616 0
0.074345 0
0.679633 0
0.377956 0
0.870405 0
0.261216 0
0.102581 0
0.284267 0
0.427568 0
0.001707 0
1.364457 0
0.232782 0
1.224075 0
0.762356 0
0.584610 0
0.036561 0
0.149244 0
0.518205 0
0.871021 0
0.704304 0
0.240065 0
0.344202 0
0.179759 0
0.936641 0
0.093977 0
0.119218 0
1.216521 0
0.453624 0
0.523797 0
0.565891 0
0.515874 0
0.224388 0
0.250810 0
1.214961 0
0.119528 0
0.316858 0
0.766376 0
0.061669 0
0.738371 0
0.693957 0
0.149688 0
0.902575 0
0.287382 0
1.444178 0
0.465818 0
0.811678 0
0.229040 0
0.061426 0
1.311811 0
0.166961 0
0.744681 0
0.353264 0
0.451109 0
0.038365 0
0.154250 0
0.587101 0
0.821229 0
0.056936 0
0.166150 0
1.549962 0
0.036887 0
0.408957 0
0.975144 0
0.771894 0
0.824571 0
1.175784 0
0.233877 0
0.816622 0
0.248881 0
0.659981 0
0.183485 0
0.583715 0
0.520879 0
0.274794 0
0.244288 0
0.205024 0
0.159960 0
1.618611 0
0.329808 0
0.026820 0
0.507671 0
0.318589 0
0.046545 0
1.098475 0
0.616439 0
0.641508 0
0.585962 0
0.588424 0
1.468311 0
1.736086 0
0.464040 0
0.376692 0
0.190761 0
0.799634 0
0.033569 0
0.241108 0
1.508951 0
0.554733 0
0.235083 0
0.540142 0
0.494048 0
0.181152 0
1.029765 0
0.237054 0
0.736396 0
0.286455 0
0.826042 0
0.032764 0
0.368404 0
0.223628 0
0.522886 0
1.284139 0
0.190362 0
0.848538 0
1.089824 0
0.531037 0
0.382878 0
0.679463 0
0.149376 0
0.122282 0
1.344815 0
0.296602 0
1.545722 0
1.108477 0
0.640103 0
0.204183 0
1.437742 0
0.280334 0
0.446454 0
0.396848 0
0.442154 0
1.471685 0
0.139093 0
0.602812 0
0.186837 0
0.125533 0
0.073814 0
1.625566 0
0.180815 0
1.040417 0
0.347896 0
1.128904 0
0.119235 0
0.063095 0
0.058591 0
0.037388 0
1.713315 0
0.334174 0
1.573253 0
0.143120 0
0.527160 0
0.235148 0
0.622154 0
0.286649 0
0.490429 0
0.283657 0
1.058966 0
1.029615 0
0.384591 0
1.284685 0
0.297416 0
1.519156 0
0.200631 0
1.426179 0
0.379226 0
0.160323 0
0.862761 0
0.159222 0
0.192493 0
0.038511 0
1.374995 0
0.651021 0
1.281346 0
1.135431 0
0.773472 0
0.109708 0
0.595313 0
0.318544 0
0.245929 0
0.590308 0
0.110882 0
0.536317 0
0.390093 0
1.571699 0
0.066542 0
0.422028 0
0.525689 0
0.976650 0
0.345247 0
0.023485 0
0.113956 0
0.158870 0
0.695950 0
0.955979 0
0.038600 0
0.330292 0
0.222221 0
0.147701 0
0.843203 0
0.302996 0
0.256888 0
0.194547 0
0.289258 0
0.215339 0
0.520718 0
0.752815 0
1.351880 0
1.452604 0
0.008523 0
0.503635 0
0.438203 0
0.376965 0
1.006846 0
1.409248 0
0.099367 0
0.320809 0
0.523271 0
0.310176 0
1.807938 0
1.448920 0
0.587842 0
0.797277 0
0.555065 0
1.443668 0
0.180319 0
1.548213 0
0.720541 0
0.463820 0
0.277852 0
1.397967 0
0.266374 0
0.200586 0
0.051998 0
0.426214 0
0.799738 0
0.128979 0
0.379389 0
0.057409 0
0.206572 0
0.876426 0
0.350186 0
0.457440 0
1.399321 0
0.245086 0
0.238831 0
1.309221 0
0.298122 0
0.614876 0
0.923148 0
0.879918 0
0.029981 0
0.347228 0
0.318453 0
0.151992 0
0.350724 0
0.388646 0
1.518874 0
0.898364 0
0.041483 0
0.387588 0
0.504107 0
0.444487 0
0.530296 0
0.304257 0
1.215637 0
0.227198 0
1.207859 0
0.192198 0
0.179671 0
1.329889 0
0.010489 0
0.089546 0
1.483299 0
0.544390 0
0.752158 0
0.467920 0
0.187289 0
0.614381 0
0.058992 0
0.265633 0
0.642052 0
0.147060 0
0.006549 0
0.169922 0
0.636743 0
0.122959 0
1.161679 0
1.275771 0
0.689315 0
0.095018 0
0.641839 0
0.473859 0
0.292307 0
0.453747 0
1.681522 0
0.440975 0
0.610424 0
0.823663 0
0.091083 0
0.333688 0
0.894104 0
1.430267 0
0.519185 0
0.973113 0
0.222498 0
0.654732 0
0.161643 0
0.097032 0
0.500912 0
0.287379 0
0.724883 0
0.085973 0
1.371412 0
0.138471 0
0.682809 0
1.375591 0
0.023288 0
0.409511 0
1.768777 0
0.322396 0
0.343065 0
0.140444 0
1.629387 0
1.539546 0
0.511184 0
0.329461 0
1.268836 0
0.446591 0
0.170382 0
1.426691 0
0.368848 0
0.184262 0
0.175284 0
0.766306 0
0.277147 0
0.393706 0
0.497695 0
0.845264 0
0.457218 0
0.755920 0
0.126568 0
0.291134 0
1.631087 0
0.539339 0
1.134216 0
0.675968 0
0.438758 0
1.382256 0
0.208643 0
0.837625 0
0.244112 0
1.201836 0
0.251521 0
0.494637 0
0.752763 0
0.327570 0
0.490674 0
1.055174 0
0.762335 0
0.017173 0
0.505388 0
0.328403 0
0.538994 0
0.239598 0
0.996456 0
0.765447 0
0.417441 0
0.270876 0
0.037098 0
1.028534 0
0.101847 0
0.065579 0
1.038575 0
0.278313 0
0.392607 0
0.163073 0
0.305380 0
0.836974 0
0.486992 0
0.231161 0
0.311283 0
0.890594 0
0.962647 0
0.478104 0
0.013260 0
0.478973 0
0.184549 0
0.531230 0
1.134000 0
0.242716 0
0.229939 0
0.608313 0
0.889694 0
0.146002 0
0.232957 0
0.334816 0
1.409031 0
0.258734 0
0.188206 0
0.079354 0
0.129073 0
0.731469 0
0.341299 0
0.697816 0
0.631448 0
1.344002 0
0.975031 0
1.069624 0
0.023565 0
0.881236 0
0.092390 0
0.225393 0
1.172477 0
0.794998 0
0.001770 0
0.320630 0
0.054055 0
0.291405 0
0.519043 0
0.215254 0
0.755015 0
0.228578 0
0.119895 0
0.039693 0
0.092453 0
0.213649 0
0.027305 0
0.346380 0
0.498692 0
1.445851 0
0.056151 0
0.007316 0
0.644676 0
0.762344 0
0.635949 0
0.117389 0
0.214578 0
0.328235 0
0.305833 0
0.670720 0
0.352563 0
1.008870 0
0.109373 0
1.000047 0
0.487607 0
0.163072 0
0.547161 0
0.171456 0
0.883448 0
1.441764 0
0.281774 0
0.498644 0
0.624568 0
0.268813 0
0.073824 0
0.698534 0
1.448154 0
0.336957 0
0.174795 0
0.247497 0
0.104940 0
0.063285 0
0.130661 0
0.578795 0
0.618412 0
0.536120 0
1.162415 0
0.107085 0
0.268167 0
0.154659 0
0.478878 0
0.271084 0
0.493945 0
1.135488 0
0.181579 0
0.056848 0
0.776320 0
0.029704 0
0.023066 0
0.121120 0
0.310662 0
0.241923 0
0.365784 0
0.332177 0
0.852861 0
0.580418 0
0.361193 0
0.352192 0
0.046675 0
0.153050 0
0.114608 0
0.191902 0
0.345272 0
0.708152 0
0.531932 0
0.055709 0
0.056816 0
1.172836 0
0.110915 0
0.676131 0
0.288287 0
0.110657 0
0.453340 0
0.396278 0
0.200844 0
0.256076 0
0.194922 0
1.350545 0
0.067041 0
0.524821 0
0.981254 0
0.070886 0
0.017635 0
0.190909 0
0.322390 0
1.186759 0
0.085873 0
0.257971 0
1.237901 0
1.142277 0
0.517362 0
0.256723 0
0.430235 0
0.641288 0
0.209995 0
1.447958 0
1.448359 0
0.219548 0
0.101832 0
0.656891 0
1.078815 0
0.226459 0
1.512260 0
0.127401 0
0.057529 0
0.909218 0
0.058110 0
0.953885 0
1.575991 0
0.720007 0
0.228963 0
1.166412 0
0.534539 0
0.207447 0
1.033785 0
1.118566 0
1.484104 0
0.668475 0
0.219276 0
0.354096 0
0.107286 0
0.508045 0
0.271142 0
0.455771 0
0.581369 0
1.882640 0
0.217808 0
0.071438 0
0.153499 0
1.544844 0
0.295449 0
0.319493 0
1.034602 0
1.304314 0
0.540228 0
0.259234 0
1.563884 0
0.814478 0
0.070332 0
0.084849 0
0.008707 0
0.153636 0
0.214542 0
1.064768 0
0.031673 0
0.144600 0
0.677366 0
0.193417 0
0.506758 0
0.332202 0
0.505272 0
0.066255 0
0.611593 0
0.394344 0
0.327172 0
0.185681 0
0.885061 0
0.352076 0
0.328643 0
0.705364 0
0.440535 0
0.556016 0
1.188536 0
0.035715 0
0.174358 0
0.488321 0
0.919766 0
0.477778 0
0.079622 0
0.649961 0
1.344262 0
0.218109 0
0.281691 0
0.062165 0
0.471418 0
0.753402 0
0.323770 0
0.013695 0
0.976306 0
0.251419 0
0.880443 0
0.427840 0
0.464436 0
1.514817 0
0.795826 0
0.487877 0
0.219176 0
1.439997 0
0.736147 0
0.301973 0
0.569107 0
0.734626 0
0.256331 0
0.359148 0
0.511654 0
1.046787 0
0.146382 0
0.204197 0
1.162316 0
0.149748 0
0.141758 0
0.362096 0
0.593861 0
0.599162 0
0.023103 0
0.223443 0
0.016538 0
0.319215 0
0.286044 0
0.499250 0
0.926533 0
0.627354 0
0.226458 0
1.336240 0
0.328329 0
0.044696 0
0.198438 0
0.071458 0
1.383617 0
0.147170 0
0.797427 0
0.024976 0
0.115395 0
1.204586 0
0.253889 0
0.233674 0
0.270611 0
0.302283 0
0.797959 0
0.073743 0
0.715661 0
0.432745 0
0.173926 0
0.125698 0
0.454140 0
1.500012 0
0.807523 0
0.423963 0
0.255479 0
0.650871 0
0.354083 0
0.406076 0
0.526077 0
1.039792 0
0.632526 0
0.139528 0
0.725192 0
0.592049 0
0.399043 0
0.174199 0
0.104140 0
1.134593 0
0.711426 0
0.476385 0
0.331310 0
0.030122 0
0.206704 0
0.542057 0
0.503463 0
1.316337 0
0.055636 0
0.520074 0
0.006151 0
0.111167 0
0.994278 0
0.807913 0
1.137713 0
0.494859 0
0.803447 0
0.187778 0
0.176173 0
0.620824 0
1.533012 0
0.286948 0
0.013065 0
0.438067 0
1.833263 0
0.021204 0
0.771288 0
0.966186 0
0.703669 0
0.264124 0
0.479641 0
0.027415 0
0.447973 0
1.421400 0
0.775034 0
1.069838 0
0.638279 0
0.546887 0
0.224736 0
0.414228 0
0.060470 0
0.555983 0
0.063909 0
0.634670 0
0.016035 0
0.762106 0
0.083458 0
0.141940 0
0.403793 0
0.372947 0
0.334669 0
1.200648 0
0.510866 0
0.322792 0
1.464887 0
0.080842 0
0.163288 0
0.065870 0
0.159197 0
0.020700 0
0.215749 0
0.191801 0
1.962939 0
0.072955 0
0.257653 0
0.020986 0
0.554264 0
0.105592 0
0.418216 0
0.723731 0
0.244555 0
0.164804 0
0.164358 0
0.820035 0
0.319750 0
0.122291 0
0.411079 0
1.146486 0
0.298972 0
0.488448 0
0.294080 0
0.250905 0
1.115742 0
0.130884 0
0.230530 0
0.460462 0
0.107230 0
0.139460 0
1.360388 0
0.428483 0
0.974204 0
0.482614 0
0.947877 0
0.856625 0
0.608946 0
0.027032 0
0.149642 0
0.606138 0
0.494920 0
0.694638 0
0.402970 0
0.543684 0
0.051204 0
0.047445 0
0.089647 0
0.417535 0
0.205303 0
0.930388 0
0.390863 0
1.592468 0
0.769967 0
0.685786 0
0.256418 0
0.330925 0
0.702717 0
1.244081 0
0.404221 0
1.066792 0
0.169305 0
1.252448 0
0.750742 0
0.770335 0
0.134382 0
0.367412 0
0.778221 0
0.372487 0
0.441188 0
0.106791 0
0.447560 0
1.491595 0
0.384395 0
0.090462 0
0.081365 0
1.024344 0
0.156105 0
0.042613 0
0.294189 0
0.210814 0
0.287549 0
0.248199 0
0.020452 0
0.244553 0
0.135103 0
0.758851 0
0.094478 0
0.287637 0
0.671415 0
0.034711 0
0.025345 0
0.130176 0
0.053917 0
0.662911 0
1.265913 0
0.842148 0
1.476152 0
0.330081 0
0.248471 0
0.961051 0
0.291603 0
0.653177 0
1.370424 0
0.215358 0
0.274040 0
0.407558 0
0.068824 0
0.074225 0
0.180393 0
0.387261 0
0.127484 0
0.039517 0
0.082802 0
0.162059 0
0.145480 0
0.955983 0
0.889070 0
1.068620 0
0.042158 0
0.029143 0
0.140506 0
0.192102 0
0.197084 0
0.034806 0
1.520234 0
0.199822 0
0.063798 0
1.515548 0
0.408962 0
1.124140 0
0.069883 0
0.401281 0
0.160822 0
0.355824 0
0.078125 0
0.710321 0
0.193242 0
0.492897 0
0.213911 0
1.287298 0
0.078600 0
0.205858 0
0.207019 0
0.713015 0
1.199587 0
1.216081 0
0.272900 0
0.362331 0
0.751294 0
0.323544 0
0.157320 0
0.827916 0
0.507529 0
0.205200 0
0.043325 0
0.263421 0
0.679405 0
0.235779 0
0.898584 0
0.150842 0
0.081105 0
0.159201 0
0.700099 0
0.234594 0
0.528790 0
0.115196 0
0.026041 0
0.780940 0
0.636685 0
0.224048 0
0.113911 0
0.382290 0
1.196347 0
0.541088 0
0.389815 0
0.684058 0
0.191959 0
0.115079 0
0.378866 0
0.175443 0
1.385002 0
0.141103 0
0.196349 0
0.017017 0
0.335428 0
0.050211 0
1.554247 0
0.400015 0
0.680423 0
0.107395 0
0.347104 0
0.296766 0
0.603339 0
1.488712 0
0.997105 0
0.336764 0
0.385530 0
1.578863 0
0.124254 0
0.595412 0
0.108836 0
0.610696 0
0.573851 0
0.100832 0
0.162736 0
0.703435 0
0.311758 0
0.035408 0
0.753058 0
0.764301 0
0.928963 0
0.038267 0
1.557840 0
0.749142 0
0.205880 0
0.643246 0
0.954290 0
0.134367 0
1.427423 0
0.160138 0
0.791888 0
0.052922 0
0.436701 0
0.469780 0
0.248846 0
1.622685 0
0.049151 0
0.900282 0
0.027542 0
0.245777 0
0.960322 0
0.440338 0
0.278649 0
0.598499 0
0.089491 0
0.818275 0
0.504238 0
0.411231 0
0.427323 0
0.121050 0
0.620098 0
0.219602 0
0.378267 0
0.328389 0
0.392236 0
1.038247 0
0.526306 0
0.413233 0
0.066537 0
1.482547 0
0.736502 0
0.562026 0
1.537885 0
0.668970 0
1.393496 0
0.315638 0
0.082440 0
0.261106 0
0.769020 0
0.535403 0
0.270930 0
0.256121 0
0.372558 0
0.278906 0
0.223814 0
0.279122 0
0.757380 0
0.086514 0
0.470154 0
0.105726 0
0.520527 0
0.122038 0
0.437616 0
0.641299 0
0.456601 0
0.522036 0
1.141098 0
1.778701 0
1.602472 0
0.174580 0
1.500125 0
0.378640 0
0.042536 0
0.074350 0
0.167494 0
0.601504 0
0.149486 0
0.552590 0
0.201193 0
1.020735 0
0.840978 0
0.065605 0
0.159103 0
0.597312 0
0.125489 0
0.238392 0
2.350299 0
1.336990 0
0.784819 0
0.231822 0
0.733846 0
0.026656 0
1.507799 0
0.487008 0
0.069180 0
0.422270 0
0.154508 0
1.533108 0
0.040609 0
1.359928 0
0.522164 0
0.010235 0
0.056630 0
0.577896 0
0.104991 0
0.038814 0
0.086720 0
0.700990 0
0.175323 0
0.756378 0
0.265964 0
0.194567 0
0.085853 0
0.008204 0
0.100031 0
0.061528 0
0.431379 0
0.690765 0
0.670911 0
0.030866 0
0.262096 0
0.237653 0
0.265607 0
1.003924 0
0.392396 0
0.229232 0
0.102256 0
0.010298 0
0.284695 0
0.234246 0
0.047250 0
0.686533 0
0.117803 0
0.533148 0
0.612305 0
0.258297 0
0.466216 0
0.002054 0
0.625304 0
0.959369 0
0.183257 0
0.891599 0
0.064881 0
0.102315 0
0.267768 0
0.063534 0
0.368488 0
0.919112 0
0.404916 0
1.035718 0
0.319401 0
0.580129 0
0.183806 0
0.112931 0
0.239662 0
0.082962 0
1.256430 0
0.656624 0
0.291492 0
0.070513 0
1.447033 0
0.181405 0
0.348320 0
0.514439 0
1.478301 0
0.105705 0
0.354924 0
0.272469 0
0.150788 0
0.654766 0
0.183374 0
0.030282 0
0.835728 0
0.860459 0
0.276886 0
0.746547 0
1.389514 0
0.664950 0
0.623249 0
0.126717 0
0.442670 0
0.209496 0
0.922861 0
0.057180 0
1.725101 0
0.365672 0
0.248733 0
0.189564 0
1.121926 0
0.317484 0
0.112676 0
0.073773 0
0.038413 0
0.221371 0
0.689625 0
0.062919 0
1.700663 0
1.191798 0
0.476072 0
0.277400 0
0.363175 0
0.036241 0
0.407806 0
0.423360 0
0.120335 0
0.014026 0
0.026123 0
0.522044 0
0.757660 0
0.260842 0
1.437103 0
0.061293 0
0.324564 0
0.311448 0
0.563708 0
0.007374 0
0.498080 0
0.213913 0
0.057623 0
0.087249 0
0.075177 0
0.317048 0
0.053951 0
0.015566 0
0.162292 0
1.601712 0
0.203795 0
1.710801 0
0.553340 0
0.224303 0
0.190128 0
0.233700 0
0.164542 0
0.141172 0
0.463370 0
0.052084 0
0.809781 0
0.279050 0
0.219129 0
0.485844 0
0.019983 0
1.068178 0
1.460698 0
1.634553 0
0.362674 0
0.136662 0
0.254601 0
0.021618 0
0.075551 0
0.451356 0
1.056495 0
0.306486 0
0.457066 0
0.939154 0
0.458834 0
0.597733 0
0.733595 0
1.440192 0
0.463153 0
1.063451 0
0.732458 0
0.311530 0
1.155683 0
0.524706 0
1.028474 0
0.342431 0
0.976603 0
1.161527 0
0.043177 0
0.070966 0
0.089689 0
0.068526 0
0.060282 0
0.167909 0
1.184995 0
0.075644 0
0.486868 0
0.346298 0
0.471385 0
0.336447 0
0.619565 0
0.945656 0
1.415847 0
0.356349 0
0.336525 0
1.461200 0
0.074160 0
0.558991 0
0.081157 0
0.265811 0
0.037412 0
0.128639 0
0.377886 0
0.836755 0
0.593630 0
0.982245 0
0.346331 0
0.165499 0
1.329855 0
0.422411 0
0.868545 0
0.017926 0
1.107273 0
0.026454 0
0.094868 0
1.240776 0
0.170979 0
0.332248 0
1.101087 0
0.670854 0
0.132987 0
1.051263 0
0.146011 0
1.067128 0
0.111424 0
0.745874 0
0.598879 0
1.302361 0
0.247977 0
0.661442 0
0.096771 0
0.538056 0
0.208229 0
0.316551 0
0.026317 0
0.166080 0
0.038493 0
0.078265 0
0.033641 0
0.403917 0
0.385300 0
1.227674 0
1.179119 0
1.235701 0
1.585233 0
0.277693 0
0.446561 0
0.211061 0
0.058107 0
0.308735 0
0.220880 0
0.109609 0
0.186634 0
0.272110 0
0.219701 0
0.220569 0
0.485962 0
0.161891 0
0.840497 0
1.197782 0
0.167173 0
0.164244 0
0.080322 0
1.074048 0
0.458920 0
0.083231 0
1.002234 0
0.100036 0
0.551839 0
0.166151 0
0.232645 0
0.099212 0
0.300317 0
0.272634 0
0.556061 0
1.475081 0
0.429444 0
0.193795 0
0.945606 0
0.244652 0
0.143023 0
0.354893 0
0.605358 0
1.285905 0
0.249609 0
0.230201 0
0.067834 0
1.503757 0
0.311747 0
0.291055 0
0.723508 0
0.079273 0
0.235291 0
0.237499 0
0.062697 0
0.168276 0
0.643500 0
0.533521 0
0.440835 0
1.082291 0
0.609925 0
0.429209 0
0.261779 0
0.525360 0
0.024442 0
0.412302 0
0.232635 0
0.437241 0
0.192510 0
0.197271 0
0.146575 0
0.469606 0
0.084066 0
0.493169 0
0.020987 0
1.111709 0
0.156912 0
0.042487 0
0.136698 0
0.442359 0
0.076147 0
0.297266 0
0.236380 0
0.097116 0
0.045175 0
1.217131 0
0.224500 0
0.704787 0
0.006465 0
0.258197 0
0.170101 0
0.229725 0
0.057221 0
0.302411 0
0.643060 0
0.142327 0
1.562976 0
0.175985 0
0.929837 0
0.937858 0
0.117840 0
0.877539 0
0.010686 0
0.077502 0
1.505837 0
0.326268 0
0.664631 0
0.547538 0
0.094433 0
0.105425 0
0.111017 0
1.904081 0
0.236822 0
0.565583 0
0.278736 0
0.167166 0
0.838140 0
1.499553 0
0.147008 0
0.143013 0
0.081657 0
0.451462 0
0.114521 0
0.611669 0
0.363120 0
0.518944 0
0.005318 0
0.489015 0
0.583142 0
1.125858 0
0.926518 0
0.655174 0
0.979359 0
0.258224 0
0.496263 0
0.165804 0
0.113052 0
0.371683 0
0.597224 0
0.853310 0
0.688917 0
0.038033 0
1.281570 0
0.276894 0
0.317595 0
0.814946 0
0.052459 0
1.228228 0
0.933732 0
0.940122 0
0.319560 0
0.176127 0
0.480202 0
0.501560 0
0.044100 0
1.140925 0
0.566544 0
0.161987 0
0.222010 0
0.355674 0
0.195510 0
0.037403 0
1.239593 0
0.019135 0
0.229681 0
0.132064 0
0.266765 0
0.282355 0
0.839010 0
0.205096 0
0.330269 0
0.184063 0
0.511765 0
0.021829 0
0.243972 0
0.174943 0
0.675424 0
0.507264 0
0.703113 0
0.180855 0
0.076064 0
0.332493 0
0.587222 0
1.340106 0
0.192928 0
0.344684 0
0.404718 0
0.030170 0
0.486470 0
1.031208 0
0.041871 0
0.009517 0
0.021607 0
0.069078 0
0.909868 0
0.326244 0
0.067207 0
0.337806 0
0.257165 0
1.024774 0
0.639008 0
0.758795 0
0.126213 0
0.096930 0
0.555579 0
0.355822 0
1.286445 0
0.686014 0
0.385359 0
0.684738 0
0.259322 0
0.492822 0
0.301192 0
0.125307 0
0.204146 0
1.407151 0
0.141107 0
0.307015 0
0.119356 0
0.391664 0
0.515006 0
0.199779 0
0.057619 0
0.134353 0
0.338853 0
0.247539 0
0.149546 0
0.163819 0
1.086597 0
0.531603 0
0.244085 0
0.017197 0
0.424947 0
0.309182 0
1.517807 0
0.616934 0
1.124718 0
0.290383 0
0.399058 0
0.604780 0
0.368935 0
0.456446 0
0.053651 0
0.248897 0
0.244341 0
0.202080 0
1.698760 0
0.125093 0
0.453906 0
0.575290 0
0.115847 0
0.564228 0
0.212593 0
0.039300 0
0.377182 0
0.908670 0
0.553641 0
1.266809 0
1.924772 0
0.491463 0
1.452627 0
0.321292 0
0.956933 0
2.060196 0
0.015813 0
0.553562 0
0.173106 0
0.162914 0
0.256405 0
0.263868 0
0.589836 0
0.043410 0
1.455798 0
0.396229 0
0.193933 0
0.381944 0
1.174928 0
0.150849 0
0.371973 0
0.286213 0
1.457351 0
0.754779 0
0.052018 0
1.200487 0
0.094582 0
0.236692 0
0.591463 0
1.185520 0
0.095800 0
0.770312 0
0.019175 0
0.301025 0
0.207566 0
0.213538 0
0.312988 0
0.367145 0
0.718496 0
0.247720 0
0.040542 0
1.183721 0
0.831289 0
0.795449 0
0.942814 0
0.095593 0
0.748198 0
0.743968 0
0.912996 0
0.952123 0
0.674119 0
0.294351 0
0.615722 0
0.644850 0
0.146496 0
0.055657 0
1.367966 0
0.160166 0
0.125086 0
0.783939 0
0.197395 0
0.428866 0
0.359252 0
0.063377 0
0.003346 0
0.186632 0
0.638216 0
0.020176 0
0.781172 0
1.485032 0
0.388215 0
1.755789 0
0.453802 0
0.322561 0
1.228919 0
0.429484 0
0.492117 0
0.011737 0
0.405481 0
0.027946 0
0.179868 0
0.130072 0
0.858867 0
0.048512 0
0.766772 0
0.241984 0
0.650415 0
1.412933 0
0.468183 0
0.651519 0
1.423078 0
0.200302 0
0.258933 0
1.053174 0
0.601021 0
0.311819 0
0.227402 0
0.713575 0
1.622279 0
0.057509 0
0.411619 0
0.066839 0
0.153362 0
0.075330 0
0.153913 0
0.284609 0
0.605295 0
0.743509 0
0.545176 0
0.268800 0
1.517364 0
0.475206 0
0.114492 0
0.198423 0
0.142904 0
0.286942 0
0.733187 0
0.653971 0
0.966511 0
0.385568 0
0.024859 0
0.015996 0
1.290289 0
0.055257 0
0.748867 0
0.011821 0
0.486701 0
0.036574 0
0.532711 0
0.914675 0
0.094883 0
0.829720 0
0.459210 0
0.713490 0
0.307734 0
0.232913 0
0.129764 0
0.103202 0
0.193948 0
0.038964 0
0.264801 0
1.085020 0
1.375763 0
0.073356 0
0.353341 0
0.087235 0
0.339470 0
0.248112 0
0.019571 0
0.912174 0
0.048840 0
0.559487 0
0.025612 0
1.103090 0
0.697363 0
0.488596 0
0.027197 0
0.319011 0
0.223156 0
0.197637 0
0.201205 0
0.401117 0
0.153109 0
0.670256 0
0.394988 0
0.792925 0
0.185386 0
0.452224 0
0.317297 0
0.815449 0
0.220510 0
0.667026 0
0.167995 0
0.959620 0
1.630461 0
0.160579 0
0.671423 0
0.304164 0
0.553718 0
1.497466 0
0.190528 0
0.403938 0
0.154792 0
0.558817 0
0.020085 0
1.183522 0
1.029608 0
0.318574 0
1.504557 0
0.678911 0
0.643254 0
0.694956 0
0.308450 0
0.357537 0
0.177345 0
1.068272 0
0.027964 0
0.108666 0
0.595256 0
0.377606 0
0.539122 0
0.431917 0
0.425229 0
0.060364 0
0.603354 0
1.422933 0
0.648896 0
0.697847 0
0.749422 0
0.248673 0
0.464008 0
0.237143 0
0.336058 0
0.004158 0
0.122683 0
0.838677 0
1.126007 0
0.198226 0
0.102856 0
0.334886 0
1.176928 0
0.507506 0
1.168285 0
0.464174 0
0.564122 0
0.418402 0
0.325072 0
0.506304 0
0.709881 0
0.613593 0
0.196991 0
0.183284 0
0.204752 0
0.191937 0
0.870588 0
1.002128 0
0.092215 0
0.293508 0
1.421767 0
0.690346 0
0.050218 0
0.527561 0
0.731571 0
0.098718 0
0.106957 0
0.240472 0
0.804972 0
0.676104 0
0.439363 0
0.449054 0
1.611819 0
0.191407 0
0.310665 0
1.514575 0
0.662282 0
0.195577 0
0.112653 0
1.176932 0
0.092184 0
0.145884 0
0.472071 0
1.060257 0
0.312393 0
1.680304 0
0.662340 0
0.984324 0
0.161273 0
0.028899 0
0.270189 0
0.143598 0
0.175460 0
0.301071 0
1.417709 0
0.355268 0
0.921009 0
0.810265 0
0.473579 0
0.036022 0
1.500152 0
0.532492 0
0.697032 0
1.449816 0
0.207774 0
0.739434 0
0.346054 0
1.029251 0
1.205106 0
0.704772 0
0.605333 0
1.310688 0
0.077495 0
1.007413 0
0.473450 0
0.209664 0
0.183547 0
0.130014 0
1.074835 0
0.913131 0
1.276082 0
0.375488 0
0.027200 0
0.607578 0
0.223039 0
0.040714 0
0.382266 0
0.130646 0
0.141967 0
0.760369 0
0.022194 0
0.536569 0
0.500230 0
0.893484 0
0.186276 0
0.438560 0
0.374090 0
1.201874 0
0.353658 0
0.408057 0
0.412856 0
0.388531 0
1.294755 0
0.093776 0
0.636534 0
0.189675 0
0.674399 0
0.693463 0
0.708893 0
0.484796 0
1.410521 0
0.066243 0
0.182818 0
0.074462 0
0.059047 0
1.143688 0
0.550554 0
1.292066 0
0.567114 0
0.503895 0
0.114691 0
0.709935 0
0.076794 0
1.352385 0
0.884684 0
1.297665 0
0.337995 0
0.452851 0
0.496469 0
0.465596 0
0.808629 0
0.194441 0
0.118824 0
1.067024 0
0.083643 0
0.341349 0
0.569022 0
0.044533 0
0.057222 0
0.600379 0
0.120961 0
0.543461 0
0.272734 0
0.297823 0
0.110889 0
0.509196 0
0.265813 0
0.753307 0
1.040783 0
0.117705 0
0.128055 0
0.458379 0
1.493023 0
0.404743 0
0.176440 0
0.036195 0
1.299744 0
0.179874 0
0.694639 0
0.212681 0
0.443735 0
0.185989 0
0.384734 0
0.234457 0
0.057342 0
0.526442 0
0.203170 0
0.064094 0
0.721435 0
0.847473 0
0.992518 0
1.111547 0
0.474264 0
0.295071 0
0.841669 0
1.365670 0
0.093977 0
0.253425 0
0.113756 0
0.104322 0
1.533033 0
0.202886 0
1.357527 0
0.854374 0
0.088987 0
0.022633 0
1.620374 0
0.818946 0
0.010419 0
0.538129 0
0.348945 0
0.217214 0
0.097682 0
0.359599 0
0.193318 0
0.011182 0
0.179954 0
1.446725 0
0.115181 0
0.589173 0
0.182741 0
0.145723 0
0.126118 0
0.680015 0
0.168297 0
0.445017 0
0.165574 0
0.291113 0
0.131397 0
0.127110 0
1.504760 0
0.959305 0
0.941958 0
0.090737 0
1.796636 0
0.265138 0
0.629851 0
0.227645 0
0.394968 0
0.102509 0
0.217244 0
1.330044 0
0.517456 0
0.455236 0
1.385424 0
0.072402 0
0.173149 0
1.039982 0
0.733503 0
0.464935 0
0.772649 0
0.016769 0
0.155810 0
0.134710 0
0.238839 0
0.040830 0
0.140301 0
0.395302 0
1.785674 0
0.591139 0
0.356753 0
0.315270 0
0.274826 0
0.385522 0
0.923124 0
0.208484 0
1.288646 0
0.764132 0
1.105716 0
0.572007 0
0.431267 0
0.895453 0
0.141551 0
0.261650 0
1.827087 0
0.731725 0
0.176149 0
0.454154 0
0.093418 0
0.946565 0
0.776272 0
0.292037 0
0.347028 0
0.921218 0
0.153531 0
1.021842 0
0.064661 0
0.681268 0
0.249917 0
0.230024 0
0.034502 0
1.651942 0
0.318717 0
0.171532 0
0.156206 0
0.377516 0
0.114888 0
1.414293 0
0.246575 0
0.356879 0
0.166812 0
0.340945 0
0.654500 0
0.362756 0
0.457062 0
0.137971 0
0.215983 0
0.502902 0
1.046562 0
0.062268 0
0.537403 0
0.168921 0
1.494211 0
0.501561 0
0.369492 0
0.491338 0
1.336517 0
1.019755 0
0.260860 0
0.254090 0
0.008778 0
0.718615 0
0.086693 0
0.344448 0
0.176525 0
0.502206 0
0.024413 0
0.054949 0
1.400186 0
0.707245 0
0.016142 0
0.790000 0
1.100134 0
0.654760 0
0.128947 0
0.052536 0
0.938562 0
0.457890 0
1.435958 0
0.843901 0
1.454416 0
0.716064 0
0.122674 0
0.412535 0
0.317761 0
0.594766 0
0.355942 0
0.317168 0
1.223941 0
0.270701 0
0.109649 0
1.344081 0
0.584548 0
0.855475 0
0.109688 0
0.435489 0
0.149225 0
0.520301 0
0.050511 0
1.405196 0
0.338143 0
0.256300 0
0.384290 0
1.002198 0
0.247569 0
0.742507 0
0.122599 0
0.964870 0
0.067362 0
0.627091 0
1.552050 0
0.904416 0
0.037495 0
1.460863 0
0.378063 0
0.137778 0
0.717640 0
1.436115 0
0.563354 0
1.165478 0
1.816567 0
0.232794 0
0.990717 0
0.945473 0
0.209427 0
0.533796 0
1.672905 0
0.637603 0
0.638048 0
0.218304 0
0.315345 0
1.550551 0
0.625853 0
1.135033 0
0.061854 0
0.199331 0
1.076543 0
0.050443 0
0.411809 0
1.150228 0
1.367695 0
0.096073 0
0.233903 0
0.058745 0
0.284767 0
1.085105 0
0.150669 0
0.288059 0
0.087142 0
1.204848 0
0.947880 0
0.105079 0
0.247952 0
0.102543 0
0.346513 0
1.127715 0
0.242306 0
1.426545 0
0.827430 0
0.495915 0
0.714069 0
0.884955 0
1.517831 0
0.674682 0
0.320155 0
1.552307 0
1.653347 0
0.202974 0
0.589553 0
0.156026 0
0.685897 0
0.269502 0
1.674038 0
0.652949 0
0.595510 0
0.359536 0
1.172232 0
0.382643 0
0.251591 0
0.653603 0
0.645323 0
1.536373 0
0.964637 0
0.081404 0
1.465681 0
1.051066 0
0.914835 0
0.064454 0
0.130758 0
0.472479 0
0.184261 0
1.043102 0
1.428612 0
0.304993 0
0.142977 0
0.128391 0
0.358937 0
0.306661 0
0.043570 0
0.619184 0
0.735123 0
0.417303 0
0.685487 0
0.379817 0
1.479216 0
1.780271 0
0.206385 0
0.256107 0
1.383523 0
1.066005 0
0.018493 0
0.395795 0
0.289458 0
0.011912 0
0.092195 0
0.562754 0
0.496565 0
0.079524 0
0.603764 0
0.120623 0
0.086205 0
0.167306 0
0.148809 0
0.480968 0
0.025256 0
0.026938 0
0.111502 0
0.146369 0
0.526060 0
0.691668 0
0.133651 0
1.193033 0
0.572199 0
0.943217 0
0.919564 0
0.440192 0
0.112477 0
0.853532 0
0.661224 0
0.609646 0
0.228192 0
0.447744 0
0.703806 0
1.657087 0
0.591598 0
0.820192 0
0.287887 0
0.672824 0
0.461985 0
0.266105 0
0.217142 0
0.474146 0
0.063374 0
1.197154 0
0.258796 0
1.491327 0
0.376619 0
0.418905 0
0.039877 0
0.107286 0
0.623657 0
1.518999 0
0.351797 0
0.200495 0
0.049361 0
0.256846 0
0.239751 0
0.022914 0
0.517287 0
0.412154 0
0.572364 0
0.008386 0
0.246120 0
0.293669 0
0.542452 0
0.316564 0
0.890091 0
0.309054 0
0.148821 0
0.115274 0
0.079887 0
0.265797 0
0.532029 0
0.346370 0
1.254455 0
0.236000 0
0.166645 0
0.168879 0
0.460577 0
0.733743 0
0.452608 0
0.011921 0
0.642471 0
0.362211 0
0.380928 0
0.474810 0
0.522071 0
0.252938 0
1.464948 0
0.459585 0
0.846119 0
0.436814 0
1.239606 0
0.268801 0
0.446016 0
0.153484 0
0.542007 0
0.058776 0
0.475705 0
0.020140 0
0.163473 0
1.929701 0
1.482028 0
1.089277 0
0.690776 0
0.237915 0
0.990620 0
0.425843 0
0.161650 0
1.542981 0
0.605676 0
0.214270 0
0.492234 0
0.271456 0
1.347666 0
1.276362 0
0.817581 0
0.925974 0
0.687033 0
0.624806 0
0.174000 0
0.846862 0
0.085515 0
0.346904 0
0.282257 0
0.067455 0
0.798160 0
0.418686 0
0.466285 0
0.495412 0
0.486219 0
0.664138 0
0.143075 0
0.126106 0
1.001095 0
0.297107 0
0.714400 0
0.108859 0
0.947092 0
0.168939 0
0.132838 0
0.420219 0
0.013647 0
0.108438 0
0.105972 0
0.920158 0
0.345213 0
0.034627 0
0.297753 0
0.821118 0
1.095096 0
0.046394 0
0.136835 0
1.298693 0
0.204005 0
0.187427 0
0.380585 0
0.325658 0
0.336491 0
0.274127 0
0.172400 0
0.061321 0
0.386687 0
0.234359 0
0.546614 0
1.132137 0
1.100352 0
0.936709 0
0.060079 0
0.098119 0
1.366882 0
0.328831 0
1.349940 0
0.943086 0
0.246871 0
0.380065 0
0.568867 0
0.771805 0
0.139882 0
0.008516 0
0.452325 0
0.158737 0
0.193108 0
0.699009 0
1.006011 0
0.526298 0
0.248982 0
0.443845 0
0.151120 0
0.197633 0
0.588971 0
0.967516 0
0.750982 0
0.179820 0
0.442792 0
0.095887 0
0.161008 0
0.171053 0
0.233782 0
0.528235 0
0.339376 0
0.234835 0
0.207580 0
0.186760 0
0.315681 0
0.534745 0
0.304541 0
2.176964 0
0.418881 0
1.509906 0
0.276780 0
1.211801 0
0.497780 0
0.609805 0
0.130611 0
0.789080 0
0.213197 0
0.184966 0
0.960568 0
0.346365 0
0.372586 0
0.179633 0
0.264084 0
0.195409 0
0.746822 0
0.877645 0
2.041507 0
0.092217 0
0.057666 0
0.209710 0
0.486041 0
1.687307 0
0.628831 0
0.727126 0
0.635078 0
0.141268 0
0.701748 0
0.454937 0
0.399904 0
0.592596 0
0.512513 0
1.669708 0
0.390505 0
0.019072 0
0.325518 0
0.788124 0
0.519874 0
0.990400 0
0.033602 0
0.538140 0
1.039836 0
0.343253 0
0.766857 0
0.936918 0
0.215456 0
0.304144 0
1.292415 0
0.279865 0
0.783060 0
1.393151 0
0.096871 0
0.243896 0
0.011366 0
1.047747 0
0.368177 0
1.276640 0
0.220714 0
1.479381 0
1.040918 0
0.098584 0
1.824988 0
0.372730 0
0.014625 0
0.641234 0
0.119429 0
0.113461 0
0.404324 0
0.006147 0
0.398218 0
1.455307 0
1.606600 0
1.710568 0
0.065621 0
0.190733 0
0.656961 0
0.024377 0
0.059752 0
0.033707 0
0.490084 0
0.054768 0
0.407520 0
0.399210 0
0.318066 0
0.171313 0
1.197556 0
0.677416 0
0.771486 0
0.131268 0
0.066307 0
0.324928 0
0.860333 0
1.433499 0
0.083566 0
0.199558 0
0.228887 0
0.066564 0
0.133632 0
1.420783 0
0.456677 0
0.015405 0
0.878334 0
0.507763 0
0.635764 0
0.294545 0
1.196471 0
1.320652 0
0.087395 0
0.298109 0
0.707574 0
0.338892 0
1.152155 0
0.227486 0
1.404869 0
0.382162 0
0.691978 0
0.726474 0
1.310400 0
0.719143 0
0.544761 0
0.415495 0
0.551189 0
0.589153 0
0.243225 0
0.387726 0
0.590468 0
0.933654 0
0.035334 0
0.048235 0
0.161253 0
0.338222 0
0.203269 0
0.144001 0
1.227923 0
1.381510 0
1.389949 0
0.174744 0
0.167252 0
0.638191 0
0.058402 0
0.125064 0
0.504680 0
0.636166 0
0.250683 0
0.268356 0
1.727345 0
0.057791 0
1.485829 0
0.210245 0
1.189355 0
0.153317 0
0.362022 0
0.281290 0
1.375208 0
0.470314 0
0.512666 0
0.158052 0
1.379683 0
0.469802 0
0.924252 0
1.528377 0
0.247455 0
1.229259 0
0.270325 0
0.391410 0
0.471284 0
0.122845 0
0.053106 0
0.297198 0
0.027130 0
0.082080 0
0.636503 0
1.502986 0
0.328908 0
0.216331 0
1.374656 0
0.208695 0
0.081527 0
1.349410 0
0.696667 0
0.029139 0
0.474415 0
0.118552 0
0.913143 0
0.783947 0
0.200351 0
0.523081 0
0.066777 0
0.222728 0
1.524218 0
0.283804 0
0.048926 0
0.469693 0
0.428568 0
0.786594 0
0.411147 0
1.396258 0
1.708707 0
1.602154 0
0.827228 0
0.898330 0
0.706476 0
0.173401 0
1.375136 0
0.968409 0
0.556354 0
0.993424 0
0.397192 0
0.079112 0
1.039528 0
0.646740 0
0.787217 0
0.375428 0
1.420192 0
0.722819 0
0.261334 0
0.554743 0
0.407239 0
1.527482 0
0.126926 0
1.276532 0
0.339724 0
0.371400 0
0.425885 0
0.401734 0
0.428306 0
0.692380 0
1.470848 0
0.717129 0
0.173104 0
0.538830 0
0.221595 0
0.241399 0
0.398823 0
0.182503 0
0.385377 0
0.916064 0
0.060660 0
0.059875 0
0.042151 0
0.663517 0
0.727965 0
1.623433 0
0.859014 0
0.504249 0
0.312475 0
0.135539 0
0.113306 0
1.031250 0
0.290689 0
0.222056 0
0.485473 0
0.190750 0
0.914464 0
0.406008 0
0.300097 0
1.492547 0
1.322559 0
0.154818 0
0.802199 0
0.366215 0
0.822725 0
0.289618 0
0.443974 0
1.416956 0
0.319969 0
0.678531 0
0.608143 0
0.256656 0
0.123563 0
0.073423 0
0.720045 0
0.117673 0
0.322784 0
1.390148 0
0.513125 0
1.435011 0
0.326154 0
0.426566 0
0.560094 0
0.116826 0
0.138065 0
0.097855 0
0.115187 0
0.376065 0
0.216481 0
0.408827 0
0.139886 0
0.172407 0
0.203034 0
0.048127 0
0.748841 0
0.876797 0
0.276306 0
0.345663 0
1.437949 0
0.107194 0
0.683300 0
0.259893 0
0.361058 0
0.175072 0
1.347811 0
0.542467 0
0.507304 0
0.166319 0
0.687649 0
0.389658 0
0.774029 0
0.328567 0
0.431084 0
0.106592 0
1.307683 0
1.028570 0
0.331631 0
1.418501 0
0.128733 0
0.562031 0
1.216159 0
0.313304 0
0.867030 0
0.998040 0
1.769102 0
0.136499 0
0.051169 0
1.378449 0
0.745995 0
0.308753 0
0.459217 0
0.145243 0
1.063140 0
0.125080 0
0.049222 0
0.024839 0
0.211402 0
0.278353 0
0.421244 0
0.697589 0
0.712384 0
0.119417 0
1.521079 0
0.365366 0
0.041635 0
0.829840 0
1.060354 0
0.090683 0
0.047351 0
0.248520 0
0.094160 0
0.365464 0
0.274055 0
0.034448 0
0.174423 0
0.213285 0
0.426131 0
0.154127 0
0.320876 0
1.157840 0
0.626920 0
0.051355 0
0.087162 0
0.200993 0
0.397857 0
0.485641 0
0.005004 0
0.580006 0
0.682072 0
0.045216 0
1.190335 0
1.037194 0
0.047883 0
0.108809 0
0.198841 0
0.855511 0
1.360899 0
0.167513 0
0.500854 0
0.250989 0
0.359663 0
0.987866 0
0.317135 0
0.034500 0
0.386277 0
0.170355 0
0.468174 0
0.244970 0
0.399515 0
0.602194 0
0.704924 0
1.228069 0
0.159208 0
1.781410 0
0.445323 0
0.641299 0
0.214241 0
0.734051 0
0.049316 0
0.998000 0
0.894478 0
2.142808 0
0.269245 0
0.295576 0
0.525084 0
0.054497 0
0.045870 0
0.140176 0
0.331312 0
0.459204 0
0.712501 0
0.250324 0
0.011614 0
0.020621 0
0.174362 0
0.192560 0
0.059465 0
0.146545 0
0.687403 0
0.348047 0
0.098468 0
0.827440 0
0.234224 0
0.282158 0
0.312494 0
1.411291 0
0.094503 0
0.194492 0
0.974478 0
0.394683 0
0.410483 0
0.385906 0
0.230139 0
0.378570 0
0.629124 0
0.139320 0
0.707891 0
0.081155 0
0.430104 0
0.039561 0
0.210187 0
0.396655 0
0.616659 0
0.184624 0
0.138347 0
1.520024 0
0.126667 0
1.366463 0
0.055441 0
0.662149 0
0.093030 0
0.242089 0
0.033108 0
0.181279 0
0.733040 0
0.172484 0
0.364610 0
0.070361 0
0.184555 0
0.105801 0
0.116600 0
1.021865 0
0.295799 0
0.207283 0
0.303922 0
0.419789 0
0.525738 0
0.120009 0
0.212287 0
0.061905 0
0.121230 0
0.189183 0
0.045492 0
1.724253 0
1.561896 0
0.498715 0
0.397953 0
0.239994 0
1.518731 0
0.055874 0
0.760014 0
0.443416 0
0.546732 0
0.168000 0
1.618224 0
0.189258 0
0.109423 0
0.184940 0
0.145591 0
0.795923 0
1.475699 0
0.482478 0
0.812926 0
1.459402 0
0.037655 0
0.279508 0
1.354440 0
0.613874 0
0.391454 0
0.013333 0
0.621718 0
0.533277 0
0.015759 0
0.194838 0
1.173257 0
1.466836 0
0.668032 0
1.203335 0
0.664537 0
0.319121 0
0.243771 0
0.010935 0
1.052212 0
0.151327 0
0.069326 0
0.567922 0
0.031487 0
0.094459 0
0.753896 0
0.133800 0
0.414348 0
0.052690 0
0.655524 0
0.477206 0
0.454227 0
0.371181 0
0.326824 0
0.213705 0
0.297937 0
0.261309 0
0.071066 0
0.533904 0
0.625969 0
0.373280 0
0.886466 0
0.032657 0
0.112526 0
0.664740 0
1.562367 0
0.424309 0
0.622597 0
0.285219 0
0.151164 0
0.281805 0
0.709302 0
0.382766 0
0.598397 0
0.242689 0
0.948052 0
0.667107 0
0.385626 0
0.806616 0
0.243882 0
1.047886 0
0.026758 0
0.462579 0
0.181692 0
0.566454 0
0.186769 0
0.452797 0
0.430649 0
1.386236 0
0.675589 0
0.193369 0
1.351882 0
0.146780 0
0.007802 0
0.593499 0
0.527327 0
0.446821 0
0.834764 0
0.418645 0
0.534127 0
0.892651 0
0.147314 0
0.095414 0
1.309288 0
0.110117 0
1.502421 0
0.080799 0
0.416141 0
0.311228 0
0.053300 0
0.194401 0
0.596474 0
0.341435 0
1.027972 0
0.052901 0
0.250524 0
0.301923 0
1.405216 0
0.036490 0
0.042870 0
0.916303 0
0.136267 0
0.323190 0
0.037614 0
0.296296 0
0.097369 0
0.446513 0
1.397220 0
0.165351 0
0.466688 0
0.382503 0
0.475118 0
0.070637 0
1.041561 0
0.192717 0
0.664835 0
0.080545 0
0.077359 0
0.121689 0
0.222865 0
0.101055 0
0.171984 0
1.180983 0
0.032668 0
0.247641 0
0.319925 0
0.136604 0
0.554366 0
0.914837 0
0.011286 0
0.260297 0
1.105044 0
0.714627 0
0.066726 0
0.034735 0
1.540417 0
0.910580 0
0.622157 0
0.780594 0
0.159505 0
0.934581 0
0.307262 0
0.557708 0
1.107403 0
0.295253 0
0.689838 0
0.113649 0
0.895974 0
0.500381 0
0.343880 0
1.326630 0
0.759381 0
0.510707 0
0.236796 0
0.305498 0
0.104847 0
0.107823 0
0.460439 0
1.008440 0
0.491079 0
0.344532 0
0.334108 0
0.410590 0
0.755446 0
0.096516 0
1.233749 0
0.098565 0
0.551779 0
0.654825 0
0.615793 0
0.869412 0
1.421239 0
0.518474 0
1.531114 0
1.429070 0
0.289041 0
0.683293 0
1.736795 0
0.276540 0
1.564335 0
0.122339 0
1.191940 0
0.075010 0
1.232300 0
0.430491 0
0.224778 0
0.367434 0
0.428650 0
0.485034 0
0.437579 0
0.180127 0
0.827585 0
0.851983 0
1.602575 0
0.262702 0
0.851633 0
0.739632 0
1.336760 0
1.033411 0
1.368099 0
0.237851 0
0.648400 0
0.118218 0
0.550638 0
0.503658 0
0.448087 0
0.170760 0
1.443824 0
0.351688 0
0.240592 0
0.305389 0
1.382993 0
0.087419 0
0.320390 0
0.605411 0
0.213104 0
0.246062 0
0.105275 0
0.998812 0
0.176051 0
0.687328 0
1.033635 0
0.549488 0
0.098649 0
0.006497 0
0.055207 0
0.509858 0
0.357900 0
0.092273 0
0.167643 0
0.041353 0
1.661152 0
0.494807 0
0.238227 0
0.247535 0
0.807657 0
0.350457 0
0.441678 0
0.093596 0
1.200411 0
0.452448 0
0.240349 0
1.087184 0
0.051880 0
0.021619 0
0.662827 0
0.059818 0
0.859780 0
0.014997 0
0.084768 0
1.646910 0
0.160747 0
0.084125 0
1.225564 0
0.297051 0
0.055051 0
0.842277 0
0.933297 0
0.570890 0
0.598041 0
1.163581 0
0.552005 0
0.215326 0
0.055652 0
0.249147 0
0.591071 0
1.226880 0
0.101247 0
0.039427 0
0.255722 0
0.193742 0
0.166098 0
0.024164 0
0.204873 0
0.315820 0
0.523708 0
0.716628 0
0.326028 0
0.972534 0
0.567974 0
0.025551 0
0.316207 0
0.043878 0
0.136774 0
0.216609 0
0.072036 0
0.520458 0
0.237827 0
0.217890 0
0.108870 0
0.273342 0
0.202239 0
0.645599 0
0.076011 0
0.572595 0
0.818736 0
0.158779 0
0.149468 0
0.557212 0
0.660136 0
0.530176 0
0.404687 0
0.477360 0
0.242328 0
0.446001 0
0.198863 0
1.586508 0
1.551288 0
0.006224 0
1.194111 0
0.154715 0
0.151633 0
0.715280 0
0.584143 0
0.118273 0
0.178852 0
0.162547 0
1.266793 0
0.760520 0
0.427610 0
1.507700 0
0.834085 0
0.246482 0
0.625986 0
1.390155 0
0.506739 0
0.514171 0
0.642935 0
0.069572 0
0.056321 0
0.285939 0
0.006999 0
0.895889 0
0.709976 0
0.405912 0
2.241921 0
0.325885 0
0.351150 0
0.389072 0
0.009423 0
0.036220 0
0.184169 0
1.662947 0
0.229840 0
0.916343 0
0.423876 0
0.354444 0
0.597591 0
0.925267 0
0.052679 0
1.074016 0
1.461276 0
0.131414 0
0.461839 0
0.587589 0
0.156978 0
1.025052 0
0.639246 0
0.167633 0
0.017264 0
0.149904 0
1.203730 0
0.866307 0
0.773187 0
0.881067 0
0.318333 0
0.512256 0
1.657764 0
0.715600 0
0.131073 0
0.179411 0
0.803003 0
0.285889 0
0.841104 0
0.580316 0
0.331463 0
0.316797 0
0.032779 0
0.262362 0
0.147252 0
0.368209 0
1.290456 0
0.983300 0
1.892182 0
0.801897 0
0.629377 0
0.114859 0
1.475295 0
1.083972 0
0.069902 0
1.446718 0
1.841931 0
1.493627 0
0.106620 0
0.454824 0
0.039815 0
0.461617 0
1.263294 0
0.144820 0
0.044999 0
0.265071 0
0.112273 0
0.218167 0
0.108084 0
0.096721 0
0.120050 0
0.568461 0
0.748527 0
0.101338 0
0.863666 0
0.349462 0
1.088523 0
0.175621 0
0.149702 0
0.088678 0
0.158689 0
1.301515 0
0.026252 0
0.120237 0
0.105450 0
0.898242 0
0.491568 0
0.640142 0
0.135705 0
0.020865 0
0.946482 0
1.377871 0
1.311234 0
0.673217 0
1.037480 0
0.589003 0
0.343056 0
1.516907 0
0.210982 0
0.151340 0
0.214546 0
1.342011 0
0.087206 0
0.024787 0
1.227643 0
0.105145 0
0.143160 0
0.884100 0
0.071927 0
0.166541 0
0.666940 0
0.075271 0
0.052381 0
0.990506 0
0.895344 0
0.461374 0
0.791330 0
0.125624 0
0.140775 0
0.257545 0
0.575376 0
0.099530 0
0.724670 0
0.200221 0
0.278051 0
0.810378 0
0.093848 0
0.767285 0
0.222988 0
0.059546 0
0.039634 0
0.162241 0
1.117829 0
1.190838 0
0.823882 0
1.156923 0
1.292272 0
0.046760 0
0.063291 0
1.232458 0
0.297409 0
0.506760 0
0.709912 0
0.724436 0
0.121126 0
0.149587 0
0.081878 0
0.253280 0
1.050736 0
0.154021 0
0.318828 0
0.477623 0
0.640004 0
0.416537 0
1.268577 0
0.272142 0
0.503488 0
0.429804 0
0.090021 0
0.077184 0
0.607694 0
0.501213 0
1.180356 0
0.583785 0
0.100843 0
0.098522 0
0.605893 0
0.361536 0
0.069222 0
0.278052 0
0.105011 0
0.928976 0
0.381188 0
1.419542 0
0.575795 0
0.124259 0
0.443758 0
0.180947 0
0.165848 0
0.404897 0
0.504660 0
0.299820 0
0.466459 0
1.378099 0
0.330997 0
0.961049 0
1.132906 0
1.177061 0
0.612745 0
1.505160 0
0.551609 0
1.263653 0
0.031821 0
0.571170 0
1.002386 0
0.031587 0
1.508689 0
0.025281 0
0.664113 0
0.704126 0
1.025225 0
1.469524 0
1.232368 0
0.056696 0
0.005281 0
1.269916 0
0.127766 0
0.066290 0
1.431754 0
0.010017 0
0.470245 0
0.747631 0
0.770045 0
0.502650 0
0.613690 0
0.852505 0
0.048980 0
0.694613 0
0.179066 0
0.635582 0
0.164230 0
0.362467 0
0.497283 0
0.216201 0
0.985060 0
0.482829 0
0.349510 0
0.990392 0
1.516218 0
0.721381 0
1.137811 0
0.141304 0
1.729467 0
0.521917 0
0.164444 0
0.038784 0
0.961694 0
0.112506 0
0.928324 0
1.319357 0
1.319343 0
1.464017 0
0.978024 0
0.076613 0
0.030966 0
0.935439 0
0.177907 0
0.257906 0
0.071855 0
0.021214 0
0.388244 0
0.209563 0
0.591263 0
0.308182 0
0.184394 0
0.091310 0
1.276050 0
0.368722 0
0.860865 0
0.572651 0
0.745785 0
0.409269 0
0.634508 0
0.271498 0
1.045077 0
1.060009 0
0.102250 0
0.777009 0
0.082581 0
0.162324 0
0.023498 0
1.477621 0
0.811015 0
0.051213 0
0.529996 0
0.707636 0
0.160792 0
1.225646 0
0.472692 0
0.124445 0
0.402634 0
0.128274 0
0.515656 0
0.008040 0
0.425531 0
0.271165 0
1.096646 0
0.005023 0
0.217073 0
0.673832 0
0.192220 0
0.091926 0
0.321040 0
0.054048 0
0.232229 0
0.052134 0
0.800297 0
0.250202 0
0.664253 0
0.590922 0
0.939363 0
0.723154 0
0.086466 0
0.070541 0
0.412876 0
1.565180 0
0.275106 0
0.086023 0
0.027960 0
0.083543 0
0.359463 0
0.533642 0
0.563901 0
0.277386 0
0.736278 0
0.420692 0
0.061133 0
0.885227 0
0.240954 0
0.235536 0
0.094745 0
0.660120 0
0.421415 0
0.310878 0
0.090220 0
0.882861 0
0.945208 0
0.828679 0
0.667331 0
0.277663 0
0.529671 0
0.123869 0
0.169682 0
0.270934 0
0.065411 0
0.099361 0
0.846495 0
0.286595 0
0.416145 0
0.066657 0
0.165932 0
0.576031 0
0.606059 0
0.165268 0
0.241154 0
0.049099 0
1.427462 0
0.025078 0
0.018976 0
0.109124 0
0.253448 0
1.360753 0
0.338705 0
0.147432 0
0.469522 0
0.013279 0
0.860215 0
0.130664 0
0.249937 0
0.021714 0
0.815563 0
1.257054 0
0.487190 0
0.484169 0
0.317181 0
0.179153 0
0.695023 0
0.006266 0
0.058025 0
1.351811 0
0.077547 0
1.482357 0
0.227733 0
0.033324 0
0.830124 0
0.442363 0
0.496095 0
0.259704 0
1.373469 0
0.125285 0
1.083928 0
0.051079 0
1.720698 0
2.153554 0
1.314898 0
0.149761 0
1.049329 0
0.024931 0
0.331581 0
1.002214 0
1.256970 0
0.462510 0
0.445989 0
1.076716 0
0.335722 0
0.453336 0
1.026875 0
0.382089 0
0.401666 0
0.866535 0
0.168472 0
0.123233 0
0.326833 0
0.197420 0
0.463769 0
0.862833 0
0.205830 0
0.732207 0
0.269084 0
0.217266 0
0.022406 0
0.231435 0
1.394679 0
0.954303 0
0.648949 0
0.621374 0
0.178073 0
0.433044 0
0.704593 0
0.474880 0
0.182895 0
0.052414 0
0.650115 0
0.516839 0
0.998970 0
0.041702 0
0.806270 0
0.158961 0
0.326248 0
0.077907 0
0.334696 0
0.215809 0
0.436554 0
1.490317 0
0.607960 0
0.580051 0
0.269202 0
0.059385 0
0.892891 0
1.961435 0
0.522048 0
0.188458 0
0.172311 0
0.886870 0
0.202508 0
0.306534 0
0.100669 0
0.752654 0
0.078067 0
0.018574 0
0.030958 0
0.519254 0
0.078132 0
1.037312 0
0.473545 0
0.715301 0
0.141816 0
0.456470 0
0.119876 0
0.699580 0
1.167452 0
0.529175 0
1.655898 0
0.439802 0
0.192211 0
0.107487 0
1.462313 0
0.140543 0
0.394488 0
0.171900 0
0.509239 0
0.635752 0
0.858842 0
0.020428 0
0.906319 0
1.439039 0
0.237607 0
0.177180 0
0.595239 0
1.211387 0
0.029930 0
0.507680 0
0.062086 0
0.095742 0
0.117248 0
0.725016 0
0.835816 0
0.642057 0
0.411206 0
0.092464 0
0.144732 0
0.358104 0
0.327347 0
0.365671 0
0.446970 0
0.322405 0
0.266815 0
0.074383 0
0.258301 0
0.264912 0
0.203580 0
0.075543 0
0.101590 0
0.245707 0
0.404295 0
0.719721 0
1.679229 0
0.410683 0
0.241098 0
0.177491 0
1.424941 0
0.167097 0
0.260785 0
0.364439 0
1.163335 0
0.460388 0
0.903796 0
1.456945 0
0.186135 0
0.349004 0
0.032478 0
0.237544 0
0.545816 0
0.575450 0
1.677223 0
0.229712 0
0.270887 0
0.460334 0
0.403263 0
0.091062 0
0.499170 0
0.252270 0
0.440344 0
0.220944 0
0.731437 0
0.029454 0
0.210426 0
0.470290 0
0.099962 0
0.175820 0
1.367532 0
0.631530 0
0.472022 0
0.184539 0
0.023131 0
0.536926 0
0.468933 0
0.024281 0
1.473841 0
1.391547 0
0.846376 0
0.074778 0
0.522365 0
0.785038 0
0.122469 0
0.055179 0
0.166460 0
0.997386 0
0.666136 0
0.404342 0
0.138502 0
0.497932 0
1.381372 0
0.458919 0
0.495419 0
0.056233 0
1.522553 0
1.457191 0
0.598131 0
0.372777 0
0.312230 0
0.607138 0
0.689768 0
0.517594 0
0.276441 0
0.836467 0
0.129440 0
1.430974 0
0.897174 0
0.807310 0
0.492357 0
0.937275 0
0.214367 0
0.498132 0
0.002510 0
0.083532 0
0.184803 0
0.386671 0
0.444940 0
0.071848 0
0.042702 0
0.612378 0
0.259587 0
0.241636 0
1.208763 0
0.129121 0
0.465396 0
0.169452 0
0.004290 0
0.553772 0
0.281134 0
0.724584 0
1.188181 0
1.075339 0
0.263632 0
0.143260 0
0.203385 0
1.054758 0
0.246031 0
1.364350 0
0.100442 0
0.464906 0
0.213386 0
1.036814 0
0.084312 0
0.610727 0
1.042706 0
0.568873 0
0.323824 0
1.421596 0
0.532677 0
0.298416 0
0.985928 0
0.437774 0
0.063798 0
0.716066 0
0.318813 0
0.999223 0
0.941759 0
0.324735 0
0.240099 0
0.645302 0
0.042000 0
0.154712 0
0.231954 0
0.163573 0
0.746718 0
0.237532 0
0.071053 0
0.080503 0
0.177345 0
0.308128 0
0.128874 0
0.481039 0
0.555867 0
0.623868 0
0.128086 0
0.783414 0
0.579526 0
0.077084 0
0.086012 0
0.372454 0
0.766359 0
0.189063 0
0.139993 0
0.286060 0
0.782229 0
0.373364 0
1.053029 0
0.082453 0
0.578663 0
0.029913 0
0.301323 0
0.544344 0
0.480430 0
0.574547 0
0.146446 0
0.084434 0
2.215196 0
0.504135 0
0.707295 0
0.112781 0
0.773124 0
0.019433 0
2.053019 0
0.257881 0
1.299628 0
0.118493 0
0.467172 0
0.418539 0
0.727868 0
0.061276 0
0.443617 0
0.783659 0
0.035347 0
0.037562 0
0.248368 0
1.203236 0
0.041793 0
0.264544 0
0.152435 0
0.324467 0
0.167441 0
0.574382 0
0.179824 0
0.917559 0
1.058689 0
0.708972 0
0.065062 0
0.658962 0
0.100160 0
1.024157 0
0.289831 0
0.921087 0
0.975281 0
0.805882 0
0.417062 0
0.781744 0
1.200930 0
0.710509 0
0.455436 0
0.156185 0
0.063434 0
0.225940 0
0.075084 0
0.947743 0
0.159587 0
0.178371 0
0.094565 0
0.089472 0
0.471135 0
0.302050 0
0.957595 0
1.149840 0
0.177519 0
0.126039 0
0.123174 0
0.150456 0
0.463546 0
1.346222 0
0.294658 0
0.543597 0
0.759834 0
0.183200 0
0.097769 0
0.630420 0
0.761040 0
0.864648 0
0.345560 0
0.244865 0
0.159307 0
0.777587 0
1.136899 0
0.289507 0
0.150415 0
0.374715 0
0.248805 0
0.434141 0
0.736891 0
0.158373 0
0.670250 0
0.410349 0
0.614387 0
0.132527 0
0.550097 0
0.229782 0
0.198739 0
0.056860 0
0.282796 0
0.632663 0
0.067568 0
0.195590 0
1.422035 0
0.679997 0
1.293604 0
0.911470 0
0.165236 0
0.228549 0
1.390324 0
1.459143 0
0.005219 0
0.365849 0
0.940330 0
0.147692 0
0.172787 0
0.224338 0
0.748855 0
0.674131 0
1.299752 0
0.255145 0
0.695825 0
1.212898 0
0.165429 0
0.063035 0
0.489504 0
1.619748 0
0.490802 0
0.230630 0
0.299487 0
0.019650 0
0.414592 0
0.319793 0
0.094871 0
0.465450 0
0.327437 0
1.062229 0
0.105284 0
0.604317 0
0.033852 0
0.010677 0
0.998340 0
0.249688 0
0.370000 0
0.195885 0
0.307022 0
0.765811 0
0.871300 0
0.185907 0
0.205308 0
0.187311 0
0.322296 0
1.090675 0
0.267433 0
0.806803 0
0.129755 0
0.548040 0
0.848906 0
0.865819 0
0.049374 0
0.434653 0
0.317542 0
0.178337 0
0.713191 0
0.025036 0
0.363290 0
1.460626 0
0.179496 0
0.880501 0
0.360707 0
0.272510 0
0.220148 0
0.652074 0
1.088290 0
0.485848 0
0.192164 0
0.122659 0
0.713121 0
1.484692 0
1.099691 0
0.171700 0
0.126565 0
0.361200 0
1.257914 0
0.151499 0
0.860247 0
0.375116 0
0.172184 0
0.130206 0
0.363982 0
0.693085 0
1.409358 0
1.112694 0
0.123187 0
0.368370 0
0.086908 0
0.143004 0
0.056084 0
0.352378 0
0.208211 0
0.523437 0
0.767502 0
0.882025 0
0.167620 0
0.109171 0
1.166251 0
0.386893 0
0.010958 0
1.180649 0
0.218411 0
0.096487 0
0.590268 0
0.278484 0
0.660670 0
0.324943 0
0.074444 0
0.378183 0
0.575242 0
0.247527 0
0.006621 0
1.391257 0
0.164359 0
1.145552 0
0.644077 0
0.758183 0
0.371663 0
0.099986 0
0.121175 0
0.231093 0
0.309152 0
0.821544 0
0.295914 0
0.204075 0
0.034012 0
0.025779 0
0.423254 0
0.830998 0
0.219985 0
1.393811 0
0.160612 0
0.371828 0
0.579935 0
0.672949 0
0.141926 0
0.379651 0
0.433277 0
0.590077 0
0.192699 0
0.454884 0
0.025371 0
0.049642 0
0.644081 0
0.429879 0
1.459032 0
0.203734 0
0.107272 0
1.368764 0
1.477162 0
0.733236 0
0.263670 0
1.266878 0
1.063382 0
0.905666 0
0.069899 0
0.169989 0
0.120186 0
0.942389 0
0.423162 0
0.520217 0
0.658928 0
0.418081 0
0.360500 0
0.023335 0
0.139229 0
0.274531 0
0.125156 0
0.061213 0
0.119647 0
0.272911 0
0.143904 0
0.658142 0
0.151588 0
0.034522 0
1.399511 0
0.439341 0
0.444393 0
0.187376 0
0.295270 0
0.795144 0
1.346975 0
0.501594 0
0.261134 0
0.399107 0
0.785127 0
1.521458 0
0.503627 0
0.935434 0
0.304698 0
0.192943 0
0.426415 0
0.632833 0
1.240414 0
1.499367 0
0.342813 0
0.091062 0
1.319933 0
0.683768 0
0.748540 0
1.008363 0
0.024104 0
0.014869 0
1.475189 0
0.047841 0
1.406180 0
0.441782 0
0.207166 0
1.143484 0
0.146992 0
0.633204 0
0.290743 0
0.246568 0
1.395861 0
0.879829 0
0.729274 0
0.227386 0
0.500694 0
0.167864 0
0.141407 0
0.832308 0
0.614272 0
0.190666 0
0.054790 0
0.149787 0
0.598125 0
0.321999 0
0.636806 0
0.733546 0
0.491431 0
0.619727 0
0.584074 0
0.439374 0
1.440888 0
0.862409 0
1.401915 0
0.761997 0
1.136131 0
0.856645 0
0.312891 0
2.224657 0
0.287463 0
0.399179 0
0.361046 0
0.421567 0
0.266062 0
0.788081 0
0.619114 0
1.250298 0
0.624481 0
0.236557 0
1.259063 0
1.032092 0
0.561450 0
0.991314 0
0.168737 0
0.042226 0
0.083220 0
1.215054 0
0.275181 0
0.045306 0
0.053138 0
0.093569 0
0.193034 0
0.426965 0
0.328188 0
0.075394 0
0.475558 0
0.113720 0
0.078708 0
0.673766 0
0.258523 0
1.037196 0
0.124137 0
0.207931 0
0.445970 0
0.425036 0
0.092676 0
0.254908 0
0.206692 0
0.080456 0
0.206365 0
0.487131 0
0.426757 0
0.357402 0
0.395014 0
0.354069 0
0.684460 0
0.036227 0
0.031891 0
0.343579 0
0.663847 0
0.085458 0
0.693547 0
0.608480 0
0.225582 0
0.257371 0
0.108494 0
0.364059 0
0.164616 0
0.190180 0
0.628668 0
0.159594 0
0.238584 0
1.364220 0
0.026125 0
1.285848 0
0.208069 0
0.664318 0
0.082402 0
0.456750 0
0.113399 0
0.135061 0
1.635076 0
0.736160 0
0.091183 0
0.300537 0
0.142501 0
0.315668 0
0.006635 0
0.788138 0
0.259792 0
0.015207 0
0.069829 0
0.234382 0
0.003061 0
0.112586 0
0.201777 0
0.537859 0
1.393150 0
1.576231 0
0.101360 0
0.608830 0
0.389610 0
0.170422 0
1.189115 0
0.116915 0
0.091442 0
0.412545 0
0.029832 0
0.129733 0
0.170943 0
0.383920 0
0.613438 0
0.456532 0
1.097599 0
0.746705 0
0.372226 0
0.701710 0
0.299140 0
0.829767 0
0.753475 0
0.763884 0
0.244236 0
0.184814 0
0.613315 0
0.368879 0
0.093516 0
0.797990 0
0.155189 0
0.843506 0
0.369876 0
0.808076 0
1.802920 0
0.039213 0
0.163403 0
0.740053 0
0.007963 0
0.016668 0
0.297315 0
0.018986 0
0.323295 0
0.350528 0
0.047227 0
0.850393 0
0.243917 0
0.022826 0
0.556525 0
0.381121 0
0.303197 0
0.255296 0
0.350134 0
0.143429 0
0.287492 0
0.689545 0
0.202849 0
0.026203 0
0.159981 0
1.401761 0
0.439175 0
0.291976 0
0.280724 0
0.078820 0
0.117244 0
0.266832 0
0.406651 0
0.157313 0
0.262619 0
0.115500 0
1.228396 0
0.105915 0
0.476917 0
0.295613 0
1.002008 0
0.028577 0
0.076938 0
0.003874 0
0.489928 0
1.470092 0
0.826601 0
0.167169 0
1.401208 0
0.385787 0
0.542392 0
0.738461 0
0.335739 0
0.097119 0
0.265628 0
0.008183 0
0.216692 0
0.165510 0
0.002973 0
0.424870 0
0.716914 0
0.713377 0
0.010675 0
0.104179 0
0.136536 0
0.239401 0
0.009376 0
0.839583 0
0.229243 0
0.200418 0
0.570685 0
0.263154 0
0.105210 0
1.372052 0
0.306749 0
0.275261 0
1.689790 0
0.146393 0
0.036394 0
0.227353 0
1.106483 0
0.162688 0
0.013047 0
0.997765 0
1.547334 0
0.876169 0
0.168264 0
0.587794 0
0.251208 0
0.110879 0
0.575173 0
0.314869 0
0.474743 0
0.430188 0
1.287865 0
0.301040 0
0.567489 0
0.171891 0
1.091134 0
0.574843 0
0.470098 0
0.138165 0
0.112916 0
0.056097 0
0.177993 0
0.035244 0
0.960252 0
0.599876 0
0.393855 0
1.375238 0
0.401679 0
1.092730 0
0.142372 0
0.408424 0
0.473370 0
0.101382 0
1.115028 0
0.071973 0
0.178407 0
0.610175 0
0.381093 0
0.905510 0
0.045897 0
0.057666 0
0.799174 0
0.209981 0
0.159008 0
0.874931 0
0.520794 0
0.144213 0
0.115373 0
0.220275 0
0.103843 0
1.275617 0
0.047275 0
1.535249 0
0.078267 0
0.139514 0
1.385634 0
0.670184 0
0.309266 0
0.013829 0
0.354415 0
0.343705 0
0.577416 0
0.173155 0
0.050880 0
0.751164 0
0.434701 0
0.178487 0
0.389227 0
0.049940 0
0.354663 0
0.103072 0
0.279310 0
0.311607 0
0.238575 0
0.184844 0
0.385951 0
0.263337 0
0.204118 0
0.162387 0
1.128942 0
0.056868 0
1.192925 0
0.515797 0
0.528869 0
0.674520 0
0.125759 0
1.270640 0
0.587931 0
0.223384 0
0.163871 0
0.152624 0
0.538404 0
0.084488 0
0.084132 0
0.076638 0
1.014067 0
0.332996 0
1.135553 0
0.068716 0
0.603290 0
0.280583 0
0.378167 0
0.239700 0
0.774722 0
0.999524 0
0.177705 0
0.065537 0
1.310195 0
0.087091 0
0.041104 0
0.024520 0
0.214621 0
0.663469 0
1.468957 0
0.564240 0
0.405402 0
0.263506 0
1.447466 0
0.084221 0
0.806440 0
0.049448 0
0.978462 0
0.016427 0
1.327595 0
0.054608 0
0.612414 0
1.064322 0
0.203077 0
0.423370 0
0.020789 0
0.149027 0
0.189183 0
1.372696 0
0.027093 0
0.296956 0
1.161445 0
0.599267 0
1.319502 0
0.124563 0
1.145149 0
0.116669 0
0.833915 0
0.532731 0
0.814164 0
0.519735 0
1.254904 0
1.750008 0
0.110717 0
0.375347 0
0.802704 0
0.993197 0
0.806029 0
0.857129 0
0.307547 0
0.531506 0
0.487726 0
0.138134 0
0.797853 0
0.314246 0
0.639861 0
0.345432 0
0.133123 0
1.824644 0
0.058097 0
1.075147 0
1.112920 0
0.483143 0
1.416508 0
1.502052 0
0.869795 0
1.434458 0
1.468617 0
0.609687 0
0.701245 0
0.145137 0
0.241721 0
0.395684 0
0.394687 0
0.452983 0
0.540204 0
0.522802 0
0.008589 0
0.770202 0
0.078622 0
0.249226 0
0.106006 0
0.789691 0
0.304100 0
0.024038 0
0.372129 0
0.501150 0
0.295439 0
0.334660 0
0.414367 0
2.112199 0
0.268811 0
1.254038 0
0.152331 0
0.862311 0
0.314322 0
0.171322 0
0.139315 0
0.773732 0
1.400263 0
0.243363 0
0.982283 0
0.215257 0
0.728285 0
0.152980 0
0.253611 0
0.044837 0
0.677896 0
0.171239 0
0.248523 0
0.067644 0
1.457193 0
0.451451 0
0.672460 0
1.588798 0
1.363914 0
0.121018 0
0.116093 0
0.448006 0
0.231216 0
0.209792 0
0.719761 0
0.519592 0
0.055507 0
0.946111 0
0.576471 0
0.029067 0
1.069010 0
0.146886 0
0.714288 0
0.118983 0
0.419896 0
0.475510 0
0.262563 0
0.093994 0
0.508177 0
0.633333 0
0.376929 0
0.427081 0
0.140880 0
0.169671 0
0.549359 0
1.812460 0
0.325793 0
0.273511 0
0.066405 0
0.295534 0
0.101417 0
0.226148 0
0.575027 0
0.913633 0
0.062050 0
1.319112 0
0.572596 0
0.396392 0
0.315601 0
0.813648 0
0.117302 0
0.175882 0
0.099299 0
0.473400 0
0.240923 0
0.264262 0
0.046161 0
0.094290 0
0.475699 0
1.238083 0
0.885461 0
1.619762 0
0.493953 0
0.033253 0
0.857813 0
0.427913 0
0.029728 0
0.868211 0
0.621930 0
0.088052 0
0.507559 0
0.140228 0
0.750451 0
0.552824 0
0.445672 0
0.387098 0
0.466105 0
0.391499 0
0.797787 0
0.207640 0
0.427807 0
0.210202 0
0.193755 0
0.368111 0
0.284983 0
0.159720 0
0.539729 0
0.260976 0
1.654952 0
0.391135 0
1.261324 0
0.444375 0
0.257773 0
0.118133 0
0.385031 0
0.691884 0
0.324785 0
1.195125 0
0.319018 0
0.512968 0
0.574798 0
0.378405 0
0.047455 0
0.071670 0
0.066002 0
0.514929 0
0.273007 0
1.495160 0
1.482121 0
0.125653 0
0.399925 0
0.068138 0
0.441304 0
0.869718 0
0.171291 0
0.713137 0
0.916840 0
0.310101 0
0.185971 0
0.294277 0
0.957325 0
0.658810 0
0.743850 0
0.403968 0
1.520613 0
0.137657 0
0.181260 0
0.016435 0
1.147570 0
0.016780 0
1.387057 0
0.107646 0
1.701529 0
0.353657 0
0.043686 0
1.093678 0
1.298735 0
0.320409 0
0.271275 0
0.091101 0
0.736270 0
0.190317 0
0.867886 0
0.243520 0
0.047403 0
0.232777 0
0.057500 0
0.231771 0
0.045136 0
0.065698 0
0.058042 0
1.137005 0
0.906078 0
0.151264 0
0.375707 0
0.167107 0
0.941366 0
0.896828 0
0.289378 0
1.374566 0
0.161672 0
1.016199 0
0.695583 0
1.610248 0
0.121355 0
0.283949 0
0.100973 0
0.548673 0
0.933975 0
0.186776 0
0.301979 0
0.255588 0
0.574333 0
0.177427 0
0.366376 0
0.780940 0
0.858840 0
0.395709 0
0.291420 0
0.331343 0
0.285966 0
0.356213 0
0.269965 0
0.778366 0
0.250071 0
0.457258 0
0.569849 0
0.671413 0
0.303761 0
0.073472 0
1.336156 0
0.378848 0
0.247682 0
0.096695 0
0.933648 0
0.433573 0
0.199196 0
0.230571 0
0.297602 0
0.118994 0
0.559817 0
0.143606 0
0.051046 0
0.579101 0
0.072655 0
0.929246 0
0.269049 0
0.877417 0
0.014416 0
0.375672 0
0.078481 0
0.193700 0
0.364512 0
0.447202 0
0.307886 0
0.937358 0
0.301699 0
0.747758 0
0.206958 0
0.063829 0
0.188853 0
0.455132 0
0.480992 0
1.412292 0
1.772249 0
0.357066 0
0.226052 0
0.564628 0
0.113623 0
1.427007 0
0.785663 0
0.181194 0
0.600919 0
0.362694 0
0.988248 0
0.777229 0
1.181754 0
0.391999 0
0.117817 0
0.467662 0
0.187605 0
0.312572 0
0.738509 0
0.788855 0
0.209629 0
0.206032 0
0.217200 0
0.382485 0
0.902155 0
0.332147 0
0.794918 0
0.361076 0
0.432870 0
0.155157 0
0.014371 0
0.018266 0
0.977727 0
0.223207 0
0.113092 0
1.003398 0
1.248889 0
0.152570 0
0.016420 0
0.640165 0
0.056339 0
0.374272 0
0.063327 0
0.251051 0
1.409943 0
0.205264 0
0.232653 0
0.208823 0
1.375356 0
1.419325 0
0.060411 0
0.130422 0
0.654783 0
0.885287 0
0.851513 0
1.097320 0
0.078630 0
0.415440 0
0.179183 0
0.035099 0
1.272495 0
0.634303 0
1.110602 0
0.323964 0
0.376552 0
0.859696 0
1.008770 0
0.657983 0
0.449520 0
0.073690 0
0.186538 0
0.517181 0
1.281217 0
0.063829 0
0.128543 0
0.604935 0
1.604025 0
0.447881 0
0.116570 0
0.207720 0
0.560342 0
0.286830 0
0.790558 0
0.712108 0
0.798746 0
0.610466 0
0.137442 0
0.036600 0
0.095918 0
0.977817 0
0.263984 0
0.810583 0
0.610645 0
1.265395 0
0.241410 0
0.053942 0
1.974674 0
0.584179 0
0.947839 0
0.230642 0
0.123257 0
0.617740 0
0.073500 0
0.128929 0
0.634318 0
0.127051 0
0.634156 0
2.017065 0
0.295213 0
0.899417 0
0.234017 0
0.341473 0
0.532227 0
0.356436 0
0.120498 0
0.019440 0
0.631545 0
0.819363 0
0.604599 0
0.018843 0
0.023067 0
0.510438 0
0.334480 0
0.696423 0
0.883974 0
0.188391 0
0.139868 0
0.221662 0
0.036681 0
0.402373 0
1.223847 0
0.652083 0
1.453520 0
0.187269 0
0.024608 0
0.969822 0
1.234300 0
0.376267 0
0.441996 0
0.151453 0
0.018100 0
0.298266 0
0.024087 0
0.209561 0
0.402476 0
0.238936 0
0.068355 0
0.441823 0
0.311742 0
0.206015 0
1.118490 0
0.253509 0
0.774614 0
0.204051 0
0.161170 0
0.308370 0
0.031395 0
0.807847 0
0.068869 0
1.051934 0
0.237285 0
0.140237 0
0.852944 0
0.057546 0
0.170308 0
0.454802 0
1.405570 0
0.112989 0
1.465519 0
1.128654 0
1.521157 0
1.079403 0
0.266037 0
0.744399 0
0.182941 0
0.131823 0
0.330893 0
0.153923 0
0.658541 0
0.808350 0
1.879121 0
1.405540 0
1.375898 0
0.719170 0
1.383208 0
0.287882 0
1.060837 0
0.519688 0
0.123562 0
0.113824 0
0.500141 0
0.307952 0
0.026539 0
1.369034 0
0.750081 0
0.868814 0
1.346163 0
0.290797 0
0.088698 0
1.564883 0
0.638119 0
1.280660 0
0.053922 0
0.045707 0
0.023399 0
1.089306 0
0.350089 0
1.136131 0
0.166344 0
1.529343 0
0.143458 0
0.161973 0
0.272647 0
1.494652 0
0.215166 0
1.428420 0
0.476637 0
1.451689 0
0.025198 0
0.077443 0
0.942777 0
0.091036 0
0.694223 0
0.477328 0
0.817751 0
0.085337 0
0.198829 0
0.539390 0
0.171040 0
1.496780 0
0.152296 0
0.371959 0
0.073154 0
0.343761 0
0.415407 0
0.100447 0
0.794604 0
0.016906 0
0.797341 0
0.345910 0
0.240721 0
0.527745 0
0.224059 0
0.586760 0
1.028389 0
0.190824 0
0.388438 0
1.362567 0
0.030031 0
0.097627 0
0.094311 0
0.225580 0
0.605647 0
0.965911 0
0.232081 0
0.974744 0
0.303740 0
0.340174 0
0.156228 0
0.116208 0
0.078653 0
0.144719 0
0.202656 0
0.218884 0
0.506880 0
0.513911 0
0.665810 0
0.162692 0
0.197310 0
2.035895 0
0.694206 0
0.588671 0
1.258070 0
0.118106 0
1.057182 0
1.052024 0
0.535030 0
0.617203 0
0.586009 0
0.244359 0
1.424500 0
0.243017 0
0.176516 0
0.914305 0
0.045521 0
1.323807 0
0.496515 0
0.816792 0
1.397858 0
0.163840 0
0.041019 0
0.779623 0
0.436406 0
1.633800 0
0.216562 0
0.282597 0
0.987979 0
1.241570 0
0.381555 0
0.060752 0
0.239273 0
0.397735 0
0.051112 0
0.259356 0
0.023534 0
0.631496 0
0.159354 0
0.683678 0
0.304560 0
0.398742 0
0.009981 0
0.309902 0
1.065562 0
1.611393 0
0.730920 0
1.466334 0
0.107155 0
1.378179 0
1.151056 0
0.560064 0
0.081015 0
0.059739 0
0.242584 0
0.019563 0
0.381536 0
0.271679 0
0.414358 0
0.763227 0
1.116212 0
0.411789 0
0.035160 0
0.257238 0
0.022634 0
0.431327 0
1.335461 0
0.305769 0
0.595576 0
0.423861 0
0.641014 0
0.433624 0
0.110255 0
0.408935 0
1.047775 0
0.027537 0
0.761464 0
0.418483 0
0.078165 0
1.155114 0
0.215483 0
0.057395 0
0.227723 0
0.530931 0
0.879097 0
0.518623 0
1.437751 0
0.287476 0
0.079946 0
0.608579 0
0.521630 0
1.195765 0
0.029038 0
0.231623 0
0.225801 0
0.050629 0
0.780811 0
0.854020 0
0.170214 0
0.315346 0
1.041366 0
1.105516 0
0.728352 0
1.428160 0
0.267820 0
0.470634 0
0.209394 0
0.327195 0
0.512066 0
0.338221 0
0.390650 0
0.383490 0
1.230367 0
0.284487 0
0.605946 0
0.161912 0
0.596416 0
0.141393 0
0.106491 0
1.431866 0
0.403722 0
0.523495 0
0.319278 0
1.513754 0
0.458181 0
0.200244 0
0.093543 0
0.458770 0
0.210787 0
0.346800 0
0.138413 0
0.523079 0
0.910869 0
0.067986 0
0.696065 0
0.113971 0
0.734618 0
0.373733 0
1.043727 0
0.571943 0
0.100035 0
0.102939 0
0.410332 0
0.371012 0
0.455581 0
0.623063 0
1.111927 0
1.535247 0
0.398539 0
0.119255 0
0.598013 0
0.178537 0
1.251439 0
0.049385 0
1.299253 0
0.013306 0
0.373795 0
1.448436 0
0.762410 0
0.149557 0
0.128348 0
1.547592 0
0.719303 0
0.303437 0
0.582705 0
0.556968 0
0.015414 0
0.453232 0
1.119749 0
1.373184 0
0.127079 0
0.461988 0
0.021999 0
0.923687 0
0.143911 0
0.114714 0
0.068301 0
0.374907 0
0.004162 0
1.246731 0
0.776502 0
0.759994 0
0.386790 0
0.480933 0
0.484090 0
0.677775 0
0.687414 0
0.035058 0
0.207697 0
0.722499 0
0.696907 0
0.730182 0
0.752955 0
1.132071 0
0.179563 0
0.483044 0
0.019561 0
0.768221 0
0.247709 0
1.424723 0
0.664151 0
1.461809 0
1.385946 0
0.139456 0
0.868642 0
0.413288 0
0.195981 0
0.660787 0
0.083366 0
0.464949 0
0.647804 0
1.091059 0
1.177909 0
0.104769 0
1.529354 0
0.023668 0
0.394397 0
1.045312 0
0.064683 0
0.169543 0
0.330500 0
0.035998 0
0.355477 0
0.360866 0
0.315468 0
0.647199 0
0.268409 0
0.219625 0
0.687961 0
0.431396 0
0.091910 0
0.194625 0
0.447167 0
0.539727 0
0.800861 0
0.342855 0
0.093777 0
0.605106 0
0.520494 0
0.402159 0
0.416098 0
0.008477 0
0.066644 0
0.113241 0
0.039795 0
1.465968 0
1.083206 0
0.365603 0
0.629366 0
0.105893 0
0.551978 0
0.249168 0
0.195248 0
0.055880 0
0.069072 0
0.239519 0
0.016508 0
0.041345 0
0.032873 0
0.185574 0
0.429912 0
1.362993 0
1.507836 0
0.217407 0
0.401666 0
0.317638 0
1.061254 0
0.703754 0
0.611851 0
0.073833 0
1.103473 0
0.042702 0
0.434820 0
0.357172 0
0.468897 0
0.243180 0
0.478096 0
0.004576 0
0.109180 0
0.126901 0
1.820246 0
0.019474 0
0.086794 0
0.054994 0
0.950591 0
0.385075 0
0.691135 0
0.269919 0
0.395129 0
0.929092 0
0.625968 0
0.005070 0
0.044791 0
0.015368 0
0.454130 0
0.481457 0
0.022735 0
0.053135 0
0.791206 0
0.203759 0
0.021103 0
0.424150 0
1.380454 0
0.882723 0
0.325471 0
0.996288 0
0.179918 0
0.502179 0
0.199581 0
0.134175 0
1.161983 0
0.353881 0
0.479929 0
0.982653 0
0.765373 0
0.319978 0
0.204505 0
0.188541 0
0.345137 0
0.261739 0
0.207525 0
0.232476 0
0.045222 0
1.095853 0
0.133930 0
0.138973 0
0.643302 0
0.248034 0
0.078293 0
0.683825 0
0.425155 0
0.132229 0
0.167425 0
0.686099 0
0.810580 0
0.375368 0
0.064245 0
0.512213 0
0.122635 0
0.029714 0
0.154309 0
0.104398 0
0.063330 0
0.685047 0
0.211617 0
1.382046 0
0.101218 0
0.770705 0
0.405291 0
1.016875 0
0.214609 0
0.498428 0
0.621262 0
1.417463 0
0.475153 0
0.517296 0
0.898126 0
0.300224 0
0.568206 0
0.126640 0
0.010730 0
0.090435 0
0.142174 0
0.813160 0
0.106664 0
0.713311 0
0.188583 0
0.273330 0
0.029798 0
0.199124 0
0.483996 0
0.477104 0
0.064230 0
0.187659 0
0.279202 0
0.652531 0
0.509311 0
1.353685 0
0.337017 0
0.947060 0
0.225288 0
0.561386 0
0.292247 0
0.121199 0
0.309316 0
0.720385 0
0.096871 0
0.689947 0
0.098815 0
0.195960 0
0.188198 0
0.402274 0
0.020557 0
0.589843 0
0.052154 0
0.036069 0
1.062147 0
0.262395 0
0.401028 0
0.125703 0
0.480685 0
0.051155 0
0.223661 0
0.865292 0
0.060911 0
0.118523 0
0.009052 0
0.186630 0
0.589881 0
1.122374 0
0.277695 0
0.496869 0
0.539813 0
0.557246 0
0.722152 0
0.165223 0
1.000701 0
0.834438 0
0.618992 0
0.778792 0
0.117232 0
0.123324 0
0.908505 0
0.372582 0
1.324417 0
0.280486 0
0.353742 0
1.350782 0
2.027779 0
0.170727 0
0.630619 0
0.379823 0
0.064613 0
0.202274 0
0.722509 0
1.177291 0
0.622286 0
1.585540 0
0.699782 0
0.195855 0
0.016871 0
0.029739 0
0.277299 0
1.657416 0
0.104155 0
1.121180 0
0.554787 0
0.474022 0
1.405355 0
1.629188 0
0.379654 0
1.413990 0
0.044156 0
0.086807 0
0.899232 0
0.030043 0
0.102778 0
0.481147 0
0.102991 0
0.326537 0
0.111592 0
0.392493 0
0.517262 0
0.268063 0
0.169599 0
0.115500 0
0.228688 0
0.367112 0
0.436409 0
0.915779 0
0.088683 0
0.690320 0
0.224336 0
0.202840 0
0.652853 0
1.236742 0
1.055605 0
0.002110 0
1.688329 0
0.320150 0
0.320920 0
0.411864 0
0.995270 0
0.156754 0
0.930611 0
1.261571 0
0.124756 0
0.181853 0
0.189851 0
0.052698 0
1.399493 0
0.126018 0
0.061788 0
0.099137 0
0.304899 0
0.525458 0
0.418634 0
1.165096 0
0.808733 0
0.095514 0
0.592748 0
0.938666 0
0.304426 0
1.575515 0
0.124673 0
0.161685 0
1.047307 0
1.031825 0
1.545607 0
0.287103 0
0.213262 0
0.322861 0
1.140712 0
0.280008 0
0.368362 0
0.180070 0
1.101511 0
0.400422 0
1.360269 0
0.448710 0
0.492406 0
0.253257 0
0.144496 0
0.147127 0
0.522147 0
0.212716 0
0.153105 0
0.730315 0
1.341880 0
1.098623 0
0.146294 0
0.775588 0
1.579303 0
0.231824 0
0.131884 0
0.056331 0
1.373692 0
0.965164 0
1.183449 0
0.728737 0
0.669726 0
0.168063 0
0.110772 0
0.372232 0
0.135327 0
0.235338 0
0.222217 0
0.513300 0
1.036730 0
0.514683 0
0.421665 0
1.275308 0
0.020522 0
0.359083 0
0.013059 0
0.364149 0
0.447524 0
0.324592 0
1.453187 0
0.400395 0
0.878460 0
0.130072 0
0.038595 0
0.447193 0
0.659511 0
0.323848 0
0.334826 0
1.545661 0
0.109291 0
1.035285 0
0.117084 0
0.100299 0
0.485767 0
0.316887 0
0.064259 0
0.102764 0
0.728713 0
0.369732 0
0.006489 0
0.069236 0
0.627161 0
1.015393 0
0.035421 0
0.305234 0
0.140364 0
0.829469 0
0.050285 0
0.010488 0
0.035516 0
0.025251 0
1.498677 0
0.353616 0
0.510438 0
0.134546 0
1.060282 0
0.205232 0
0.281167 0
0.366278 0
1.059060 0
0.476017 0
1.383240 0
0.220197 0
0.138575 0
0.621295 0
0.173625 0
0.346529 0
0.405680 0
0.042100 0
0.193933 0
0.254312 0
0.214215 0
1.539846 0
0.316707 0
0.778983 0
0.584367 0
1.144838 0
0.153517 0
0.502750 0
1.380031 0
0.635218 0
0.074552 0
0.096912 0
0.227092 0
0.729872 0
0.544893 0
1.272123 0
0.992891 0
0.087075 0
0.114373 0
1.345528 0
0.282474 0
0.207369 0
1.105699 0
1.193671 0
0.284801 0
0.969512 0
0.048600 0
1.165485 0
0.091740 0
0.294665 0
0.574475 0
0.081407 0
0.158233 0
0.503847 0
0.113610 0
0.525508 0
0.698363 0
0.516328 0
0.225875 0
0.463840 0
0.087766 0
0.110966 0
0.288387 0
0.236259 0
0.503298 0
0.092486 0
0.278294 0
0.267344 0
0.016160 0
0.130692 0
0.986420 0
1.414741 0
1.370625 0
0.932535 0
0.863473 0
0.739425 0
0.009581 0
0.712577 0
0.007537 0
0.236153 0
0.089204 0
0.756846 0
0.099427 0
0.193382 0
0.542755 0
0.212228 0
0.192233 0
0.755186 0
0.529836 0
0.148986 0
0.038525 0
0.264810 0
1.086071 0
0.339137 0
1.538149 0
0.193144 0
0.360089 0
0.210666 0
0.250426 0
1.243175 0
0.256611 0
0.848199 0
0.391854 0
0.256260 0
1.229748 0
0.243459 0
1.049455 0
1.017501 0
1.002969 0
0.219445 0
0.215624 0
1.974465 0
0.471090 0
0.485884 0
0.998789 0
0.593858 0
0.345237 0
0.211518 0
0.334119 0
0.739224 0
2.225744 0
0.261114 0
0.451495 0
0.293494 0
0.425539 0
1.125012 0
0.028762 0
0.387341 0
0.719849 0
0.433412 0
0.101911 0
0.608790 0
0.184608 0
0.158785 0
0.545232 0
0.890829 0
0.174285 0
0.733360 0
0.437266 0
1.056596 0
0.547527 0
0.528483 0
0.291967 0
0.018812 0
0.122667 0
0.140104 0
0.197563 0
0.259166 0
0.466995 0
0.202961 0
0.038704 0
0.089094 0
0.314044 0
0.247472 0
0.270480 0
1.001708 0
0.201176 0
0.623509 0
0.038972 0
0.147748 0
1.745102 0
0.207178 0
0.198878 0
1.395123 0
0.007592 0
0.070531 0
0.017792 0
0.099297 0
0.339834 0
0.065335 0
0.175414 0
0.094220 0
0.416004 0
0.079387 0
0.764113 0
0.807170 0
0.608552 0
0.295676 0
0.539823 0
0.874171 0
0.641483 0
0.461806 0
0.077193 0
0.291346 0
0.090606 0
0.925236 0
1.454291 0
0.656735 0
0.924352 0
0.801716 0
0.136932 0
0.067541 0
1.395426 0
0.517035 0
0.667812 0
0.078046 0
0.501489 0
0.445237 0
0.089174 0
0.405872 0
1.486552 0
0.708855 0
0.952128 0
0.471895 0
0.500790 0
1.110863 0
0.375617 0
0.497210 0
1.122639 0
0.992808 0
0.425722 0
0.128449 0
0.675763 0
0.084525 0
0.365491 0
0.346120 0
0.737576 0
0.476003 0
0.200476 0
0.488843 0
0.197151 0
0.115012 0
1.411901 0
0.730824 0
0.030853 0
0.064562 0
1.363633 0
0.519756 0
0.294951 0
1.118982 0
1.375550 0
0.731347 0
0.549416 0
0.041448 0
0.334922 0
1.305665 0
0.947918 0
0.164045 0
0.255745 0
1.162197 0
0.520515 0
0.106559 0
0.052051 0
0.406576 0
0.084016 0
0.232178 0
0.723445 0
0.329915 0
0.196556 0
0.241171 0
0.148477 0
0.312592 0
0.026975 0
0.467002 0
0.214989 0
1.208700 0
0.382814 0
0.319069 0
0.411104 0
0.059534 0
0.070511 0
0.074406 0
0.304386 0
0.111714 0
1.503892 0
0.704004 0
0.130713 0
0.880889 0
1.090693 0
0.072059 0
0.114379 0
0.564357 0
0.605595 0
0.590144 0
1.089457 0
0.920373 0
0.646917 0
1.595114 0
0.440286 0
0.159001 0
0.026488 0
0.215569 0
0.081065 0
0.430161 0
0.161692 0
1.456549 0
0.723303 0
0.317096 0
0.317814 0
0.201470 0
0.976797 0
0.398299 0
1.362084 0
0.363441 0
0.301555 0
0.382487 0
0.667468 0
0.003677 0
0.332623 0
0.012267 0
0.248832 0
0.195382 0
1.309872 0
0.189231 0
0.305667 0
1.405670 0
0.276545 0
0.408940 0
0.087025 0
1.888372 0
0.005201 0
0.587836 0
0.274143 0
0.192137 0
0.338801 0
0.284626 0
0.273643 0
1.207011 0
0.619111 0
0.973796 0
0.066015 0
0.303647 0
0.496745 0
1.488241 0
0.068474 0
0.502960 0
0.289139 0
0.054762 0
0.205913 0
0.298830 0
0.510248 0
1.438182 0
0.411770 0
0.056684 0
0.197004 0
0.450953 0
0.975046 0
0.570238 0
0.311814 0
0.019243 0
0.593112 0
0.791177 0
0.562099 0
0.881950 0
1.161828 0
0.670466 0
0.068350 0
0.268680 0
0.672692 0
0.540226 0
0.319651 0
0.350147 0
0.034617 0
0.141741 0
0.976104 0
0.532637 0
0.280336 0
0.550859 0
0.050919 0
0.346403 0
0.059636 0
0.049771 0
0.908179 0
0.041789 0
1.460040 0
0.359347 0
0.159004 0
0.046955 0
0.537224 0
0.715353 0
0.962203 0
0.097755 0
0.229893 0
0.183854 0
0.799430 0
1.260765 0
0.468019 0
0.201019 0
0.277484 0
0.253820 0
0.296644 0
0.245110 0
1.453795 0
1.565972 0
0.299040 0
0.162087 0
0.767776 0
0.226461 0
0.634939 0
0.161460 0
0.533008 0
0.119328 0
1.586358 0
1.172896 0
0.120245 0
0.348748 0
1.064441 0
1.181610 0
0.213717 0
0.261835 0
0.334186 0
0.471504 0
0.227649 0
0.157721 0
0.784412 0
0.169292 0
0.027029 0
0.288921 0
0.201908 0
0.121003 0
1.302401 0
0.199609 0
1.564802 0
1.151668 0
0.088976 0
0.026770 0
0.083363 0
1.580054 0
0.313061 0
0.035624 0
0.032609 0
1.069320 0
1.220677 0
0.874495 0
0.337020 0
1.485546 0
0.191343 0
0.449343 0
0.129301 0
0.417714 0
0.444502 0
1.294195 0
0.263442 0
0.086398 0
0.102365 0
0.473879 0
1.596864 0
1.417176 0
0.287653 0
0.794481 0
0.478003 0
0.162492 0
0.827224 0
1.135372 0
0.867139 0
0.453534 0
1.522189 0
0.513821 0
0.727572 0
1.410053 0
0.406847 0
0.815151 0
0.244667 0
0.045949 0
0.064900 0
1.146768 0
0.198557 0
1.777065 0
0.747584 0
0.114000 0
0.156906 0
0.077925 0
0.517013 0
0.486721 0
0.105157 0
0.587686 0
0.432741 0
0.146736 0
0.254137 0
1.642357 0
0.138913 0
0.488297 0
0.103436 0
0.360500 0
0.402096 0
0.955099 0
0.878040 0
0.406963 0
0.515627 0
0.353626 0
0.821221 0
0.411319 0
0.212756 0
1.394187 0
0.087003 0
0.298705 0
1.172852 0
0.602694 0
0.086061 0
0.133990 0
0.605114 0
0.798095 0
0.089702 0
0.717985 0
0.893576 0
0.131353 0
0.461514 0
0.207697 0
0.699065 0
1.630248 0
0.106550 0
0.474526 0
0.520007 0
0.060746 0
1.333555 0
0.294457 0
0.228520 0
0.795791 0
1.393754 0
0.646536 0
1.512216 0
0.360106 0
0.904818 0
0.978014 0
0.029940 0
0.191038 0
0.027774 0
1.266569 0
0.399555 0
0.040771 0
0.617642 0
1.018291 0
0.189043 0
0.108543 0
0.760034 0
0.335280 0
0.187387 0
1.323076 0
1.289751 0
1.444898 0
0.280915 0
0.520335 0
1.182780 0
1.184652 0
1.010733 0
0.161691 0
1.068687 0
0.576131 0
0.817435 0
0.066314 0
0.403430 0
0.299880 0
0.175708 0
1.175677 0
0.452140 0
0.757880 0
0.519891 0
0.640610 0
1.224116 0
0.257132 0
0.235765 0
0.756148 0
0.174952 0
0.696341 0
0.564066 0
0.029993 0
0.157735 0
0.959495 0
0.231748 0
0.064935 0
0.205685 0
0.188274 0
1.058330 0
0.679422 0
1.221545 0
0.362326 0
1.268844 0
0.753079 0
0.141834 0
0.764590 0
0.473383 0
0.087853 0
1.030420 0
0.530909 0
0.453345 0
0.222986 0
0.578237 0
0.112844 0
0.330320 0
0.751640 0
1.081078 0
0.697097 0
0.037316 0
0.220353 0
0.066620 0
1.738158 0
0.199022 0
0.586054 0
0.076444 0
0.509396 0
0.191735 0
0.640122 0
0.393928 0
0.517458 0
0.194337 0
0.121818 0
0.165977 0
0.970779 0
0.022093 0
0.297773 0
0.089899 0
0.453879 0
1.644686 0
0.448456 0
0.429129 0
0.519908 0
0.329147 0
0.800082 0
0.063445 0
0.400202 0
0.445409 0
0.440122 0
0.862772 0
0.374057 0
0.462530 0
0.456539 0
0.426950 0
0.643571 0
0.336026 0
0.025651 0
0.844925 0
0.023757 0
0.126436 0
0.535370 0
0.394931 0
0.520759 0
1.373765 0
1.253191 0
0.239627 0
0.196141 0
0.668111 0
0.133212 0
0.136788 0
0.170791 0
0.204808 0
0.714376 0
0.086665 0
0.696899 0
0.571185 0
0.045493 0
0.299219 0
0.468593 0
0.625278 0
1.543525 0
0.286096 0
0.030958 0
0.242420 0
0.906183 0
0.291792 0
0.704798 0
0.649814 0
1.182097 0
0.705750 0
0.111092 0
0.018339 0
0.487644 0
0.038737 0
0.410508 0
0.048960 0
0.147976 0
0.358929 0
0.445391 0
1.452197 0
0.265510 0
0.540374 0
0.957962 0
0.299524 0
0.276338 0
0.110893 0
0.311176 0
0.185419 0
0.298589 0
0.356526 0
0.600904 0
0.248970 0
0.340106 0
0.479115 0
1.559516 0
1.539496 0
0.529880 0
0.542511 0
0.350254 0
0.408925 0
0.156448 0
0.304713 0
0.579197 0
0.315767 0
0.163743 0
0.618652 0
1.324965 0
0.729948 0
0.545361 0
0.563316 0
0.113371 0
0.694073 0
0.091564 0
0.019124 0
0.712197 0
0.055933 0
0.477174 0
0.467800 0
0.935477 0
0.102888 0
0.275235 0
1.889592 0
0.431080 0
1.054861 0
0.208135 0
0.586618 0
0.008678 0
0.864345 0
0.702186 0
0.089791 0
0.663114 0
0.389484 0
0.901291 0
0.434131 0
0.177426 0
0.520721 0
1.265172 0
0.324320 0
0.213061 0
0.224768 0
