0.813396 0
1.554334 0
0.940346 0
0.504038 0
0.122130 0
0.708308 0
0.377426 0
1.061850 0
0.100417 0
0.442435 0
1.632466 0
0.392236 0
0.667388 0
0.275760 0
0.270852 0
0.881065 0
0.111188 0
0.203245 0
0.512204 0
1.082191 0
0.145899 0
0.261495 0
0.151311 0
0.085980 0
0.066102 0
0.513385 0
0.068837 0
0.050960 0
0.185656 0
0.116112 0
0.034930 0
0.185542 0
1.017368 0
0.014447 0
0.214859 0
0.174264 0
0.281881 0
0.177828 0
0.622023 0
1.154137 0
0.044603 0
0.060499 0
0.170844 0
0.072998 0
0.023630 0
0.711075 0
0.452962 0
0.685770 0
1.001608 0
1.025730 0
0.086480 0
0.066717 0
0.139420 0
0.312137 0
0.166414 0
0.137879 0
0.175848 0
0.163651 0
0.288289 0
0.174789 0
0.586976 0
1.073222 0
0.512268 0
0.018958 0
0.234160 0
0.302847 0
1.547725 0
0.005955 0
0.471666 0
1.358612 0
0.008926 0
0.237123 0
0.093648 0
0.086421 0
0.474212 0
0.428815 0
0.010191 0
0.025186 0
0.369481 0
0.017816 0
1.006393 0
0.113294 0
0.226345 0
0.477448 0
1.029112 0
0.427227 0
0.560408 0
0.796119 0
0.646679 0
1.545760 0
0.973453 0
0.762171 0
1.558544 0
0.133275 0
0.619152 0
0.074209 0
0.428046 0
0.545009 0
0.417305 0
0.923406 0
0.117589 0
0.731984 0
0.305273 0
0.783200 0
0.544373 0
0.202495 0
0.060928 0
0.681260 0
0.228203 0
0.444560 0
0.791739 0
0.236538 0
0.762344 0
0.058992 0
0.523339 0
0.014491 0
1.445348 0
0.940986 0
0.283856 0
1.133055 0
1.011929 0
1.132495 0
0.173318 0
0.577781 0
0.122121 0
0.045387 0
0.408231 0
0.006802 0
0.936969 0
0.076190 0
0.072260 0
1.156527 0
0.411999 0
0.170453 0
0.636660 0
1.363323 0
1.708016 0
0.220646 0
0.096643 0
0.083878 0
0.791236 0
0.442966 0
0.496261 0
0.003548 0
1.004025 0
0.714793 0
0.875515 0
0.988253 0
0.084855 0
1.560996 0
0.665758 0
0.358226 0
0.439686 0
0.297017 0
0.004577 0
0.253591 0
0.128863 0
0.826288 0
0.403849 0
0.025030 0
1.295933 0
0.620222 0
0.252660 0
0.147811 0
0.960522 0
0.506474 0
0.094075 0
0.750950 0
0.145850 0
0.193928 0
0.702515 0
0.699738 0
0.560554 0
0.020809 0
0.198738 0
0.990311 0
0.095400 0
1.123930 0
0.777430 0
0.377366 0
0.835060 0
0.352887 0
0.195085 0
0.399568 0
0.321869 0
0.149260 0
0.405414 0
0.752220 0
1.046771 0
0.470215 0
0.721831 0
0.042785 0
0.161122 0
0.842359 0
0.408035 0
0.326500 0
0.745670 0
0.916114 0
0.432234 0
0.095204 0
0.390357 0
0.135464 0
1.389757 0
0.629202 0
0.085786 0
1.556489 0
0.199015 0
0.065075 0
0.471217 0
0.237981 0
0.601443 0
1.026064 0
0.373963 0
0.526320 0
1.096896 0
0.706882 0
0.110896 0
0.471513 0
0.017065 0
1.616146 0
0.111404 0
0.341007 0
0.639372 0
0.147552 0
1.319319 0
0.495739 0
0.831349 0
0.678121 0
0.519537 0
0.322458 0
0.706396 0
0.129223 0
1.795872 0
0.120963 0
0.839144 0
0.843976 0
0.812752 0
0.305450 0
0.067213 0
0.021037 0
0.247396 0
0.053272 0
0.095895 0
0.131910 0
0.052805 0
0.268134 0
0.413394 0
0.065477 0
0.017854 0
0.019613 0
0.437250 0
0.657722 0
1.296633 0
0.231817 0
1.422758 0
1.055621 0
1.469005 0
0.401384 0
0.750281 0
0.072407 0
1.447906 0
0.407271 0
0.247166 0
0.004669 0
0.287890 0
0.618461 0
0.550791 0
0.318077 0
0.492691 0
1.496067 0
0.203430 0
0.143453 0
0.198695 0
1.029400 0
0.065274 0
0.231728 0
0.262227 0
0.143250 0
1.419640 0
0.380536 0
0.044685 0
0.021334 0
0.455765 0
0.306207 0
1.367347 0
1.210899 0
0.308828 0
1.421938 0
1.145599 0
0.852550 0
0.201892 0
0.204770 0
0.398935 0
0.390968 0
0.328324 0
0.286058 0
0.417191 0
0.316911 0
0.950789 0
0.091908 0
0.362904 0
0.496633 0
0.077407 0
0.616036 0
0.351104 0
0.395693 0
0.521290 0
0.658292 0
0.998727 0
1.169991 0
0.212708 0
1.144855 0
0.168115 0
0.754894 0
0.574832 0
0.109295 0
0.490119 0
0.302159 0
0.635657 0
0.547748 0
1.551865 0
0.403905 0
0.083671 0
0.204543 0
0.386559 0
1.918788 0
0.069203 0
0.235295 0
1.794026 0
1.380341 0
1.113998 0
0.387137 0
0.162762 0
0.160901 0
0.663174 0
0.402402 0
0.038495 0
1.443958 0
0.437470 0
0.575184 0
0.289656 0
0.941205 0
1.457217 0
0.570407 0
0.665532 0
0.396149 0
1.207626 0
0.269730 0
0.259389 0
0.651686 0
0.347487 0
1.276219 0
1.005815 0
0.186081 0
0.327957 0
0.062949 0
0.553656 0
0.228641 0
0.916116 0
1.237269 0
0.682459 0
0.151758 0
0.767140 0
1.104757 0
1.512978 0
0.644351 0
0.101904 0
0.890242 0
0.009015 0
0.291798 0
0.276326 0
0.187777 0
0.375133 0
0.006595 0
0.604942 0
0.331540 0
0.099041 0
0.662088 0
0.764937 0
0.618911 0
0.876922 0
0.449023 0
0.431701 0
0.981519 0
0.359733 0
0.283398 0
0.099058 0
0.707517 0
1.067446 0
0.521948 0
0.151705 0
0.285616 0
0.405775 0
0.959919 0
0.823609 0
0.294530 0
1.438068 0
1.030703 0
0.082142 0
0.269623 0
0.108788 0
1.152429 0
1.099492 0
0.552190 0
0.020065 0
0.025113 0
0.102126 0
0.799379 0
0.622817 0
1.441937 0
0.057809 0
0.275313 0
1.250636 0
0.404260 0
0.443593 0
0.401371 0
0.104928 0
0.037795 0
0.080758 0
0.192908 0
0.341419 0
0.281322 0
0.161551 0
0.678958 0
0.477598 0
0.102043 0
0.569718 0
0.368832 0
0.473558 0
0.190383 0
0.354284 0
0.408660 0
0.100817 0
0.435036 0
0.747050 0
1.406352 0
0.294869 0
0.033125 0
0.501007 0
0.337217 0
0.618107 0
1.026088 0
0.163926 0
0.529078 0
1.116062 0
0.168445 0
0.738607 0
0.429095 0
0.506636 0
0.369438 0
0.018973 0
1.081332 0
0.586993 0
0.386489 0
0.181537 0
0.267290 0
0.875393 0
0.260948 0
0.480491 0
0.627407 0
0.004620 0
0.013867 0
0.095034 0
1.028436 0
0.438660 0
1.344873 0
0.039671 0
0.374068 0
1.319430 0
0.808979 0
0.081693 0
0.128671 0
0.734213 0
0.089535 0
0.380765 0
1.462473 0
0.055500 0
0.281261 0
0.004594 0
1.426647 0
0.237487 0
0.054153 0
0.374477 0
0.206266 0
0.218170 0
0.914247 0
0.499678 0
0.123146 0
0.573984 0
0.399393 0
0.278820 0
0.413706 0
1.198589 0
0.167220 0
0.229576 0
0.342179 0
1.761503 0
1.172983 0
0.450859 0
1.515520 0
0.586637 0
0.141689 0
0.026133 0
1.036548 0
0.120808 0
0.042009 0
0.054934 0
1.036470 0
1.065990 0
0.312782 0
0.139419 0
0.814708 0
0.625401 0
0.208617 0
0.205931 0
0.737365 0
0.136730 0
1.489978 0
0.142818 0
0.438270 0
0.404117 0
1.499390 0
1.257040 0
0.299040 0
0.198798 0
0.520295 0
0.136339 0
1.148970 0
1.385280 0
0.636304 0
0.510252 0
0.644819 0
0.719320 0
0.011637 0
0.246202 0
0.383396 0
0.016441 0
0.029160 0
0.121304 0
0.778004 0
0.073311 0
0.011926 0
1.130470 0
0.281889 0
0.616310 0
0.602333 0
0.071880 0
0.551112 0
0.796608 0
1.117031 0
1.261050 0
1.498853 0
0.802857 0
0.565793 0
1.003368 0
0.008591 0
0.425647 0
0.126548 0
0.862105 0
0.096878 0
0.307082 0
0.049525 0
0.543375 0
0.119564 0
0.379432 0
1.342698 0
0.822651 0
0.502137 0
0.910397 0
0.308253 0
1.117034 0
0.535796 0
1.419081 0
0.577711 0
0.257713 0
0.170363 0
0.366930 0
0.050863 0
0.483852 0
1.251068 0
0.576505 0
0.905913 0
0.101773 0
0.088361 0
0.188527 0
0.374786 0
0.693709 0
0.238487 0
1.844127 0
0.063911 0
0.116741 0
0.267527 0
0.296892 0
0.071984 0
0.333705 0
1.129102 0
0.855499 0
1.193594 0
0.248267 0
0.805871 0
0.215619 0
1.923354 0
0.012118 0
0.005647 0
0.633803 0
1.513243 0
0.069764 0
0.036528 0
1.427356 0
0.082714 0
0.058622 0
0.412664 0
0.777852 0
0.859610 0
0.100295 0
0.062293 0
0.500233 0
0.093360 0
0.946993 0
1.142753 0
0.068942 0
0.109172 0
0.312293 0
0.362567 0
0.481745 0
1.638173 0
0.506901 0
0.337839 0
0.554226 0
0.219452 0
0.925881 0
0.605301 0
0.076484 0
0.097302 0
0.065658 0
0.749054 0
0.247272 0
0.126191 0
0.155840 0
0.664241 0
1.891099 0
0.161409 0
1.423728 0
1.057220 0
1.409286 0
1.456818 0
1.485791 0
1.420026 0
0.167399 0
0.499158 0
0.683727 0
1.396105 0
1.126324 0
0.061553 0
0.047113 0
0.897151 0
1.965842 0
0.351094 0
0.033269 0
0.297862 0
0.240035 0
0.988991 0
0.465297 0
0.927397 0
0.531207 0
0.069073 0
0.209613 0
0.241050 0
0.069822 0
0.307554 0
0.649804 0
0.613949 0
0.415116 0
0.378936 0
1.435908 0
0.501735 0
0.839423 0
0.334433 0
1.070388 0
0.823412 0
0.998871 0
0.287599 0
0.147297 0
0.012852 0
1.097641 0
0.363305 0
0.821664 0
0.583620 0
0.353835 0
0.459646 0
0.068982 0
0.676207 0
0.283764 0
0.154462 0
0.200242 0
0.118188 0
0.426313 0
0.464369 0
0.232756 0
0.186279 0
0.384134 0
0.421817 0
0.253534 0
0.432282 0
0.504056 0
0.053830 0
0.059743 0
0.178003 0
0.849531 0
0.531493 0
0.458015 0
0.008949 0
0.202977 0
0.279255 0
0.098815 0
0.042227 0
0.029722 0
0.955103 0
0.481140 0
0.191401 0
1.516237 0
0.671092 0
0.243163 0
0.509504 0
0.695401 0
0.806543 0
1.049968 0
0.633690 0
0.533361 0
1.031596 0
0.579883 0
0.322305 0
0.155218 0
0.032358 0
0.002110 0
1.013154 0
0.131118 0
0.717423 0
1.627517 0
0.222270 0
0.779888 0
0.029979 0
0.030843 0
0.495393 0
0.363322 0
0.075242 0
1.054774 0
0.793102 0
0.863367 0
1.244408 0
0.553038 0
0.462792 0
1.482142 0
0.173002 0
0.406254 0
0.518648 0
0.602980 0
0.375706 0
0.300386 0
1.156626 0
0.212314 0
0.512838 0
0.319227 0
1.371197 0
0.838934 0
0.433039 0
0.274702 0
0.250932 0
0.350657 0
0.381460 0
0.717744 0
0.345036 0
0.373657 0
0.187480 0
0.276023 0
0.949064 0
1.959694 0
0.263356 0
0.347126 0
0.079147 0
0.195908 0
0.378809 0
0.012362 0
0.160800 0
0.070937 0
0.357880 0
1.051110 0
0.060173 0
1.104435 0
1.033763 0
0.076309 0
0.178314 0
0.031731 0
1.347404 0
0.956621 0
1.252595 0
0.993471 0
0.181376 0
0.392326 0
0.470579 0
0.301163 0
0.101437 0
0.534344 0
0.443316 0
0.894102 0
0.289882 0
0.412705 0
1.368496 0
0.780317 0
0.251728 0
0.728946 0
0.331489 0
0.544885 0
0.443431 0
0.307124 0
0.662399 0
0.057355 0
0.147601 0
0.007242 0
0.987898 0
0.260425 0
0.791316 0
0.129104 0
0.175473 0
0.183043 0
0.305050 0
0.276355 0
0.264047 0
0.048909 0
0.573553 0
0.976092 0
0.202709 0
0.347443 0
0.099550 0
0.099243 0
0.380161 0
0.036767 0
0.103892 0
0.084862 0
0.307111 0
0.423996 0
0.163770 0
0.362316 0
0.490730 0
1.160367 0
0.164965 0
0.329306 0
0.207054 0
1.487461 0
1.608431 0
0.346297 0
1.047483 0
0.189466 0
1.373074 0
0.277189 0
0.987945 0
0.182034 0
0.167343 0
0.257951 0
0.369170 0
0.563959 0
0.760320 0
0.941098 0
1.051247 0
0.321582 0
0.971187 0
1.245855 0
0.523146 0
0.556471 0
0.019601 0
0.309750 0
0.386299 0
0.718955 0
0.485496 0
0.131057 0
0.350968 0
1.159164 0
0.019068 0
0.599823 0
0.075687 0
0.289250 0
0.188078 0
0.234698 0
0.197504 0
0.293799 0
0.389421 0
0.339997 0
0.276636 0
1.738877 0
0.365304 0
0.422336 0
0.599978 0
0.029803 0
0.392692 0
0.847972 0
0.542058 0
0.889374 0
1.364312 0
0.493648 0
0.663322 0
0.715787 0
0.967719 0
0.103855 0
0.213641 0
0.198099 0
0.878514 0
0.351436 0
1.406837 0
0.680089 0
0.044190 0
0.596932 0
0.300383 0
0.348098 0
0.092798 0
0.116236 0
0.297428 0
0.651966 0
0.059216 0
0.178156 0
1.070101 0
0.836844 0
0.211375 0
1.103615 0
0.667132 0
0.111148 0
0.329055 0
0.099749 0
1.215059 0
0.560453 0
0.001491 0
0.352462 0
0.644130 0
1.678198 0
0.278644 0
0.000667 0
0.589052 0
0.270566 0
0.152210 0
0.117126 0
1.085941 0
0.399092 0
1.058855 0
0.656041 0
0.514544 0
1.384301 0
0.965183 0
0.976030 0
0.218698 0
0.539424 0
0.187303 0
0.452161 0
0.300629 0
0.190263 0
1.111717 0
0.533829 0
0.498025 0
0.579011 0
0.456369 0
0.797580 0
1.810018 0
0.072537 0
0.384099 0
0.429924 0
0.016529 0
0.966245 0
1.191566 0
0.717347 0
1.374130 0
0.636005 0
0.046633 0
0.398733 0
0.573297 0
0.227055 0
0.410857 0
0.061957 0
1.578584 0
0.538784 0
0.586361 0
1.395613 0
0.119111 0
0.528995 0
0.019185 0
0.157497 0
1.263895 0
0.861202 0
1.005565 0
1.209644 0
0.078045 0
1.713592 0
0.447534 0
0.063914 0
0.042142 0
0.487936 0
0.447250 0
0.464933 0
0.731044 0
0.179618 0
0.111206 0
0.384387 0
0.195946 0
0.189690 0
0.049191 0
1.424847 0
0.182154 0
1.245423 0
0.994800 0
1.394360 0
0.443746 0
0.557648 0
0.452041 0
0.295313 0
0.045706 0
0.298363 0
0.442503 0
1.410392 0
0.076575 0
0.398876 0
0.366393 0
0.383012 0
0.612927 0
0.999924 0
1.180822 0
0.634652 0
0.503408 0
0.114657 0
0.103844 0
1.064780 0
1.732677 0
1.164648 0
0.330212 0
0.260355 0
0.580976 0
0.927497 0
0.117807 0
0.524758 0
0.860249 0
0.472811 0
0.184699 0
0.085921 0
0.173480 0
0.506585 0
0.469578 0
0.338759 0
0.226134 0
0.269516 0
0.789085 0
0.179777 0
0.123259 0
0.646499 0
0.122286 0
0.115644 0
0.541480 0
0.170082 0
0.400429 0
0.503563 0
0.180820 0
0.191071 0
0.827106 0
0.054917 0
0.715362 0
1.441483 0
0.047114 0
0.693403 0
0.358964 0
1.426279 0
0.101281 0
1.420597 0
0.845971 0
0.593027 0
0.247859 0
1.300104 0
0.893051 0
0.713076 0
0.379738 0
0.217024 0
0.073607 0
0.043112 0
0.291456 0
0.843217 0
0.038275 0
0.045571 0
0.726022 0
0.072401 0
0.840698 0
0.435547 0
0.250237 0
0.483039 0
1.124779 0
0.867105 0
0.204140 0
0.071586 0
0.096195 0
0.132497 0
0.279845 0
0.772860 0
0.201725 0
0.031342 0
0.157793 0
0.554378 0
0.825719 0
0.796720 0
0.145098 0
0.397725 0
0.167181 0
0.172813 0
0.111673 0
0.401977 0
0.097722 0
0.038261 0
0.579727 0
0.030828 0
0.299312 0
1.491654 0
0.027667 0
0.368123 0
0.028909 0
0.447208 0
0.218982 0
0.097647 0
0.155383 0
1.034682 0
1.395185 0
0.159382 0
0.863978 0
0.009998 0
1.177210 0
0.448450 0
0.133596 0
0.774745 0
0.991387 0
0.473131 0
0.108110 0
0.922489 0
1.322838 0
0.198608 0
0.155255 0
0.608071 0
1.034694 0
0.746121 0
0.281777 0
0.219796 0
1.075582 0
0.760538 0
0.107430 0
0.365159 0
0.191537 0
0.128577 0
0.589430 0
0.558773 0
1.260919 0
0.268406 0
0.298196 0
0.139313 0
0.186534 0
0.116075 0
0.171880 0
0.493242 0
0.108910 0
0.073965 0
1.118328 0
0.139868 0
0.542667 0
0.111705 0
0.158568 0
0.063793 0
0.211690 0
0.026011 0
0.981176 0
0.399602 0
0.126865 0
0.280995 0
0.560008 0
0.510844 0
0.241093 0
0.779592 0
0.502041 0
1.064558 0
0.117006 0
0.231404 0
0.053146 0
0.211847 0
0.078738 0
0.031844 0
0.262495 0
0.640865 0
0.637767 0
0.114832 0
0.297021 0
0.752423 0
0.053992 0
0.135850 0
0.562120 0
0.915709 0
0.399265 0
0.319026 0
0.547317 0
0.427836 0
0.758893 0
0.830446 0
0.007751 0
0.678914 0
0.418380 0
0.204837 0
0.059521 0
0.399849 0
0.127700 0
0.314022 0
0.349501 0
0.458038 0
0.178340 0
0.855711 0
0.553002 0
0.333044 0
0.026682 0
0.027713 0
0.306983 0
0.278016 0
0.066261 0
0.350403 0
0.613298 0
0.500902 0
0.192074 0
0.252594 0
0.229607 0
0.055541 0
1.265499 0
0.279281 0
1.351387 0
0.223396 0
1.033700 0
0.133601 0
1.119183 0
0.523897 0
0.005072 0
0.645284 0
0.337348 0
0.108685 0
0.328781 0
0.516478 0
0.089704 0
0.807401 0
0.850085 0
0.482487 0
0.355885 0
0.818085 0
0.220452 0
1.438782 0
1.041458 0
0.618413 0
1.473241 0
0.296807 0
0.734286 0
0.316821 0
0.412813 0
0.541649 0
0.202024 0
0.130662 0
0.557675 0
0.333635 0
0.461873 0
0.384582 0
0.583015 0
0.794791 0
0.896177 0
0.049855 0
0.869947 0
1.105139 0
0.956897 0
0.126149 0
1.000754 0
0.972031 0
0.023345 0
0.602624 0
0.106896 0
1.520081 0
0.113362 0
0.330210 0
0.774647 0
0.378210 0
0.138517 0
0.034388 0
0.245869 0
0.513819 0
0.048447 0
0.160047 0
0.209047 0
1.569293 0
0.102429 0
0.455736 0
1.428675 0
0.597196 0
0.048864 0
0.297236 0
0.470060 0
0.744850 0
1.084265 0
0.655200 0
0.005890 0
0.400067 0
1.278318 0
0.549863 0
0.651126 0
0.116040 0
0.400156 0
0.909738 0
0.969589 0
1.544809 0
0.043255 0
0.206479 0
0.436791 0
0.071422 0
1.696035 0
0.627002 0
1.026906 0
0.441888 0
0.055123 0
0.031386 0
0.159387 0
0.575716 0
0.537849 0
0.440771 0
0.593826 0
0.185669 0
0.291207 0
1.254407 0
1.092201 0
1.592869 0
1.081811 0
0.262000 0
0.116762 0
0.087249 0
0.079222 0
0.242125 0
0.220579 0
0.387255 0
0.394497 0
0.239151 0
0.849410 0
0.029618 0
0.044886 0
0.829368 0
0.155557 0
1.082315 0
0.511771 0
0.004338 0
1.328858 0
1.119688 0
0.932272 0
0.756252 0
1.097931 0
0.281361 0
0.207525 0
0.257825 0
0.338721 0
0.272276 0
0.060514 0
1.255652 0
0.385939 0
0.395406 0
0.397947 0
0.110886 0
0.074010 0
1.392029 0
1.175507 0
1.605848 0
1.281376 0
0.038082 0
0.088164 0
0.909011 0
0.361459 0
0.069019 0
0.023874 0
0.281645 0
1.079882 0
0.589292 0
0.017135 0
0.825382 0
0.067572 0
0.945355 0
0.049443 0
0.386700 0
0.010195 0
0.013789 0
0.600757 0
0.168727 0
0.270382 0
0.206561 0
0.051988 0
0.786301 0
0.501944 0
0.652597 0
1.638230 0
0.343523 0
0.123208 0
0.684959 0
0.108712 0
1.923441 0
0.473773 0
0.024253 0
0.160258 0
0.441992 0
1.415344 0
0.481456 0
0.516325 0
0.371682 0
0.452646 0
1.064724 0
0.198332 0
0.007741 0
0.293718 0
0.470305 0
0.029497 0
0.563302 0
0.298687 0
0.934674 0
0.680835 0
0.252902 0
0.798033 0
0.397108 0
0.334550 0
0.558837 0
0.024193 0
0.069234 0
0.013247 0
1.211720 0
0.036066 0
0.869356 0
1.333166 0
0.271872 0
0.089728 0
0.462330 0
0.217982 0
0.010370 0
0.015493 0
0.321572 0
0.395771 0
0.041830 0
0.029662 0
0.145558 0
0.267692 0
0.301344 0
0.450498 0
1.410707 0
0.285178 0
0.395498 0
0.206156 0
0.095877 0
0.484143 0
0.364531 0
0.078118 0
0.329393 0
0.657491 0
0.115931 0
0.805595 0
0.063389 0
0.457830 0
0.052566 0
0.484262 0
0.421121 0
0.310706 0
0.140422 0
0.538099 0
0.507848 0
1.266436 0
0.102491 0
0.130055 0
0.597559 0
0.608789 0
2.298326 0
0.290332 0
1.159280 0
0.334689 0
0.248595 0
0.973112 0
1.751350 0
1.409914 0
0.083262 0
0.372769 0
0.105152 0
0.430258 0
0.136727 0
0.765723 0
0.250090 0
0.186264 0
0.165073 0
0.106695 0
0.828406 0
0.691139 0
0.845690 0
0.108677 0
0.119484 0
1.148213 0
0.157163 0
0.084960 0
1.192416 0
0.381065 0
0.027309 0
1.373807 0
0.421107 0
0.737577 0
0.193868 0
0.559751 0
0.535827 0
0.134746 0
0.038559 0
0.844546 0
2.025838 0
0.120062 0
0.057581 0
0.368282 0
0.118873 0
0.733785 0
0.449645 0
0.255204 0
0.395977 0
0.232911 0
1.501051 0
0.168605 0
0.018803 0
0.209295 0
0.077048 0
0.432132 0
0.793019 0
0.379389 0
0.683052 0
0.411584 0
0.199121 0
0.702431 0
0.515159 0
0.326363 0
1.038516 0
0.425205 0
1.043226 0
1.030421 0
0.080257 0
1.019698 0
0.678116 0
0.844166 0
0.187007 0
0.580962 0
1.399715 0
1.543419 0
1.027348 0
1.790318 0
0.421976 0
0.661665 0
0.115571 0
0.483582 0
0.394116 0
0.467482 0
0.824866 0
0.395830 0
0.194451 0
0.712929 0
0.106125 0
0.467611 0
0.374349 0
0.322137 0
0.065687 0
0.394655 0
0.349747 0
0.199592 0
0.039191 0
0.406589 0
0.341911 0
0.233851 0
0.101864 0
0.973387 0
0.309657 0
0.340451 0
1.414950 0
0.080408 0
0.190890 0
0.742980 0
0.593816 0
0.132553 0
0.125800 0
0.214304 0
0.722583 0
0.853520 0
0.473999 0
0.107023 0
0.168483 0
1.390055 0
0.840028 0
0.600433 0
0.893509 0
0.957100 0
0.202888 0
0.021357 0
0.174776 0
1.265551 0
1.204991 0
0.422964 0
0.545111 0
0.100265 0
0.075434 0
0.277584 0
0.867733 0
0.695540 0
0.533696 0
0.051186 0
1.115327 0
0.319128 0
1.375908 0
0.249742 0
0.133667 0
0.170744 0
0.356385 0
0.589719 0
1.414761 0
0.737021 0
0.019497 0
0.192335 0
0.091402 0
0.027955 0
0.060571 0
0.709654 0
1.462582 0
0.039871 0
0.543630 0
0.314888 0
0.409262 0
0.009932 0
0.156377 0
0.371137 0
0.288826 0
0.496940 0
0.111616 0
0.262928 0
1.426193 0
0.333702 0
0.497157 0
0.243494 0
1.342243 0
1.385976 0
0.244650 0
0.913851 0
0.183444 0
0.275447 0
0.449734 0
1.066068 0
0.490722 0
0.021674 0
0.728011 0
0.290765 0
0.743934 0
1.466412 0
1.065689 0
0.142147 0
1.633325 0
0.285907 0
1.240052 0
1.226574 0
1.296514 0
0.636776 0
0.454336 0
0.387483 0
0.548251 0
0.641258 0
0.840374 0
0.110419 0
0.671471 0
0.913130 0
0.447980 0
0.289843 0
0.775968 0
0.309101 0
0.592568 0
0.167722 0
0.744439 0
0.534699 0
0.493097 0
0.689313 0
0.423792 0
0.197413 0
0.597509 0
0.176593 0
0.106800 0
0.059520 0
0.443915 0
0.115369 0
0.568929 0
0.874916 0
1.079979 0
0.686717 0
0.328237 0
0.109853 0
0.286408 0
0.619118 0
0.681989 0
0.076664 0
0.080350 0
0.226424 0
0.605111 0
0.205055 0
0.125797 0
0.195375 0
0.420893 0
0.171674 0
0.407926 0
0.328889 0
0.127192 0
0.067229 0
0.405363 0
0.791693 0
0.252534 0
0.061128 0
1.350514 0
2.190076 0
0.097669 0
0.456840 0
0.135357 0
0.399216 0
0.109960 0
0.400068 0
0.514186 0
0.818376 0
1.011122 0
0.054912 0
0.161174 0
0.481706 0
0.057016 0
1.079336 0
0.251585 0
2.148703 0
1.562029 0
0.189440 0
0.360123 0
0.728812 0
0.720673 0
0.421059 0
0.091946 0
0.365244 0
0.715495 0
1.509351 0
0.065887 0
0.191090 0
1.427459 0
0.102158 0
0.102301 0
0.537914 0
0.630299 0
0.558054 0
0.165352 0
0.788458 0
0.575743 0
0.070755 0
0.953719 0
0.273673 0
1.036471 0
1.383007 0
0.123461 0
1.058396 0
0.020375 0
0.369826 0
0.328361 0
0.070557 0
0.026803 0
1.411965 0
0.216559 0
0.360087 0
0.150619 0
0.194975 0
0.268732 0
0.254316 0
0.243024 0
0.674890 0
0.238631 0
1.553629 0
0.923264 0
0.170238 0
1.087738 0
0.169843 0
0.116868 0
0.304621 0
0.389201 0
0.095477 0
0.219016 0
1.108054 0
0.586721 0
0.420966 0
0.060504 0
0.856044 0
0.280064 0
0.025636 0
0.494058 0
0.280362 0
0.728775 0
1.051186 0
0.083205 0
0.073870 0
0.106526 0
0.387244 0
0.569706 0
0.427224 0
0.449088 0
1.591602 0
0.435699 0
0.272504 0
0.259661 0
1.396694 0
0.246047 0
0.210306 0
0.970204 0
0.458519 0
0.008764 0
0.090062 0
1.181542 0
0.429179 0
0.129181 0
0.864168 0
0.725422 0
0.705554 0
0.165853 0
0.348862 0
0.886306 0
0.434356 0
0.333736 0
0.096901 0
0.817320 0
0.257167 0
0.014862 0
0.001860 0
0.173267 0
0.504652 0
0.065378 0
1.671803 0
0.750803 0
1.049668 0
1.531686 0
0.415982 0
1.731589 0
0.175362 0
1.457993 0
0.089013 0
0.619702 0
0.409287 0
0.059772 0
0.064358 0
0.347984 0
0.849558 0
0.573112 0
0.272558 0
0.136321 0
0.112778 0
0.395861 0
0.759596 0
0.410038 0
0.619863 0
0.205394 0
0.256470 0
0.270238 0
0.161801 0
0.216583 0
0.461472 0
0.033547 0
0.470336 0
0.042729 0
0.076846 0
0.419137 0
0.282653 0
0.275684 0
1.363627 0
0.811542 0
1.117791 0
0.816595 0
0.196944 0
0.242887 0
0.018691 0
0.496090 0
0.422788 0
0.165228 0
0.099300 0
0.300907 0
0.015459 0
0.562638 0
1.423476 0
0.312523 0
0.117772 0
0.578737 0
1.255273 0
0.056885 0
1.124698 0
0.197139 0
0.309216 0
0.067900 0
0.064614 0
0.823937 0
1.198194 0
1.216695 0
0.067084 0
0.064528 0
0.152215 0
0.668633 0
0.227485 0
0.101167 0
0.954578 0
0.366980 0
0.953345 0
0.473093 0
0.783661 0
0.211197 0
0.051946 0
1.311434 0
0.923302 0
0.805654 0
0.129645 0
0.111226 0
0.931427 0
0.935275 0
0.270288 0
0.022882 0
0.378429 0
0.249572 0
1.071352 0
0.948336 0
0.153025 0
0.168514 0
0.831905 0
0.600401 0
0.466922 0
0.014057 0
0.848030 0
0.170441 0
0.300801 0
0.055204 0
0.107930 0
0.437803 0
0.398791 0
0.575097 0
0.102439 0
0.247475 0
0.518988 0
1.504024 0
1.233775 0
0.887525 0
1.803154 0
0.525654 0
0.640058 0
0.242022 0
0.180892 0
0.189957 0
0.085700 0
1.019996 0
0.581286 0
0.232057 0
0.334229 0
0.049539 0
0.360989 0
0.707164 0
1.196820 0
0.573680 0
0.121446 0
0.610026 0
1.196926 0
1.528635 0
0.513379 0
1.066095 0
0.353270 0
0.597246 0
0.602365 0
1.235982 0
0.416734 0
0.563557 0
0.313894 0
0.335905 0
0.081914 0
0.058369 0
0.787144 0
0.340513 0
0.401308 0
0.315676 0
0.087021 0
0.118209 0
0.603335 0
0.733484 0
0.496930 0
0.756505 0
0.496492 0
0.602292 0
0.717113 0
0.252849 0
0.619929 0
0.089145 0
0.562311 0
0.106486 0
0.154859 0
0.185796 0
0.495611 0
0.213137 0
0.299293 0
0.293991 0
0.298938 0
1.439051 0
0.588633 0
0.261026 0
0.487272 0
1.283944 0
1.070757 0
0.388425 0
0.340127 0
0.079744 0
1.062524 0
0.235761 0
0.445481 0
1.085696 0
0.221935 0
0.385928 0
0.340598 0
0.194367 0
0.416908 0
0.139689 0
0.810339 0
0.568654 0
0.469512 0
1.039176 0
0.476316 0
0.154260 0
0.288676 0
0.589209 0
0.320454 0
0.154400 0
0.762079 0
0.324308 0
0.550270 0
0.192876 0
0.507206 0
0.087686 0
0.554756 0
0.440430 0
0.157273 0
0.036159 0
0.179630 0
0.238258 0
0.337278 0
0.381553 0
0.975784 0
0.439227 0
1.119979 0
0.474099 0
0.050659 0
0.073834 0
0.274108 0
0.292841 0
0.131157 0
0.933819 0
0.294792 0
1.578532 0
0.248607 0
0.254331 0
0.191420 0
0.427176 0
0.605953 0
1.386217 0
0.039035 0
0.148726 0
0.102093 0
0.161377 0
1.472351 0
0.240864 0
0.192220 0
0.010451 0
0.359714 0
0.182546 0
0.533908 0
0.521323 0
0.620442 0
0.045501 0
0.739240 0
0.885804 0
0.270943 0
0.018226 0
0.252741 0
0.615907 0
0.857379 0
0.603423 0
0.052310 0
0.332076 0
0.176861 0
0.281552 0
1.366118 0
0.836621 0
0.216535 0
1.645111 0
0.014729 0
0.175627 0
0.270854 0
0.148483 0
0.131831 0
0.156315 0
0.052702 0
0.584111 0
0.057865 0
0.382003 0
0.327876 0
0.235160 0
0.325978 0
0.563031 0
0.244979 0
0.252180 0
0.908758 0
0.223939 0
1.515998 0
0.241119 0
1.295351 0
0.467818 0
0.531109 0
1.625861 0
0.133035 0
0.360051 0
0.244407 0
0.141997 0
0.073843 0
0.448226 0
0.324406 0
0.076138 0
0.137886 0
0.664649 0
0.522178 0
0.870125 0
0.431230 0
0.641215 0
0.259433 0
0.519249 0
0.236823 0
0.314017 0
0.375580 0
0.194546 0
0.381317 0
0.069093 0
1.809404 0
0.186609 0
1.719808 0
0.264554 0
0.348794 0
0.223924 0
0.630270 0
1.239591 0
1.617723 0
1.804021 0
1.405065 0
0.307804 0
1.754162 0
0.138805 0
0.823285 0
0.103402 0
1.373228 0
0.207312 0
0.706512 0
0.063808 0
0.094656 0
1.190045 0
0.299027 0
2.011339 0
0.355563 0
0.600705 0
0.411038 0
0.313446 0
0.213012 0
0.023084 0
0.139851 0
0.474721 0
0.475431 0
0.272261 0
0.063494 0
0.533639 0
0.616906 0
0.271198 0
0.537832 0
0.687636 0
1.022242 0
0.183834 0
0.578874 0
0.369691 0
0.722419 0
0.108084 0
0.155496 0
0.006685 0
0.232225 0
0.180343 0
0.110792 0
1.311475 0
0.114656 0
0.254086 0
0.055316 0
0.092576 0
0.664789 0
1.426291 0
0.657671 0
0.058671 0
0.320491 0
0.162423 0
0.714480 0
0.403729 0
0.014493 0
0.691763 0
0.209918 0
1.549112 0
0.078789 0
0.736947 0
1.039125 0
0.089812 0
0.081996 0
0.072237 0
1.426781 0
0.303739 0
1.116289 0
0.603612 0
0.251477 0
0.592964 0
0.269199 0
0.030685 0
0.185562 0
0.142414 0
2.111426 0
0.230989 0
0.647775 0
1.668510 0
1.156193 0
0.205830 0
0.360821 0
0.409040 0
0.074993 0
0.196743 0
0.065462 0
1.133062 0
0.806126 0
0.034844 0
0.083144 0
0.149317 0
0.421518 0
0.338099 0
0.169198 0
0.355079 0
1.415882 0
0.794998 0
0.089413 0
0.977791 0
0.739825 0
0.277168 0
0.033197 0
0.034941 0
0.143483 0
1.100948 0
0.294614 0
0.164311 0
0.085808 0
0.257768 0
0.153449 0
0.692362 0
0.411421 0
0.292280 0
0.202034 0
1.116541 0
0.481198 0
0.580418 0
0.459194 0
1.311403 0
0.316529 0
0.474359 0
0.115452 0
0.365127 0
0.313736 0
0.952217 0
1.206837 0
0.116885 0
0.301901 0
0.514540 0
0.233981 0
0.443070 0
0.264245 0
0.601160 0
0.039304 0
1.422442 0
0.222725 0
0.090915 0
1.650186 0
0.616662 0
1.417416 0
0.853357 0
0.078109 0
0.580308 0
0.822998 0
0.446997 0
0.276666 0
0.206992 0
0.697353 0
0.110973 0
0.113571 0
0.274576 0
0.015807 0
1.814443 0
0.503257 0
0.589795 0
0.232419 0
0.421642 0
0.912531 0
0.142647 0
0.349745 0
1.194360 0
1.119397 0
0.253049 0
0.076736 0
0.169235 0
0.871637 0
0.127480 0
0.108193 0
1.067354 0
1.791427 0
1.457662 0
1.217218 0
1.079999 0
1.097428 0
0.143187 0
0.587543 0
1.729445 0
1.365791 0
0.837744 0
1.084573 0
0.305384 0
0.778496 0
0.263541 0
0.410464 0
0.190950 0
0.189335 0
0.088655 0
0.120237 0
0.206048 0
0.392229 0
0.076557 0
0.289527 0
0.900454 0
0.182979 0
0.840689 0
1.885694 0
0.334925 0
0.821629 0
1.141315 0
0.144121 0
0.381657 0
0.137274 0
0.049023 0
0.456782 0
0.305410 0
0.690761 0
0.119656 0
0.379435 0
0.100691 0
0.386263 0
0.040129 0
0.110838 0
0.875484 0
0.372121 0
0.592218 0
1.571225 0
0.129161 0
0.446633 0
0.248889 0
0.337341 0
0.678965 0
0.172912 0
0.009057 0
0.322638 0
0.587289 0
0.245111 0
0.493995 0
0.066751 0
0.986982 0
0.091649 0
1.446310 0
0.133010 0
0.177724 0
1.598553 0
0.589564 0
0.126910 0
0.353156 0
1.542270 0
0.821719 0
0.123885 0
0.038776 0
0.155001 0
0.133757 0
0.336842 0
0.273572 0
0.011391 0
0.216797 0
0.110498 0
0.238296 0
0.292454 0
0.236128 0
0.909926 0
0.170587 0
0.606142 0
0.196850 0
1.283136 0
0.618230 0
1.446263 0
0.772131 0
0.717767 0
0.029266 0
0.007339 0
0.550797 0
0.692803 0
0.200050 0
0.074804 0
0.205257 0
1.479836 0
0.009839 0
0.280795 0
0.450957 0
0.113824 0
1.051224 0
0.529711 0
0.029554 0
0.619992 0
0.683389 0
1.072671 0
0.387485 0
0.294980 0
0.884059 0
0.273539 0
0.161542 0
0.397609 0
0.678700 0
0.578030 0
0.533104 0
0.826112 0
0.666687 0
0.134213 0
1.520298 0
0.514772 0
0.435600 0
0.977532 0
0.229062 0
1.036395 0
0.884437 0
0.436499 0
0.135735 0
0.119402 0
0.472303 0
0.165202 0
0.020509 0
0.240491 0
1.041618 0
0.254957 0
0.420669 0
0.634979 0
0.362242 0
0.278275 0
0.558946 0
1.228852 0
0.225835 0
0.204312 0
0.220255 0
0.289143 0
0.046465 0
0.405403 0
0.547211 0
1.483420 0
0.278136 0
1.103490 0
0.086726 0
1.635554 0
0.119305 0
0.986244 0
0.182289 0
0.010177 0
0.794852 0
0.371017 0
0.705442 0
0.187582 0
0.878035 0
0.579650 0
0.165206 0
0.255377 0
0.153091 0
0.565515 0
0.295943 0
1.370513 0
0.455360 0
0.361353 0
0.365338 0
0.977179 0
0.455782 0
0.919889 0
0.133628 0
0.350190 0
0.150911 0
0.111174 0
0.666519 0
0.984389 0
0.332770 0
0.639264 0
0.035115 0
0.409191 0
1.042015 0
0.949561 0
0.090667 0
0.568663 0
0.192451 0
0.728444 0
0.075042 0
0.655133 0
0.023266 0
1.448842 0
0.338016 0
0.251502 0
0.040146 0
0.307713 0
0.546971 0
1.040074 0
0.379793 0
0.221004 0
0.300993 0
1.400377 0
0.368806 0
0.214635 0
0.172626 0
0.384457 0
0.485030 0
0.606799 0
0.265349 0
0.428173 0
0.278592 0
1.002966 0
0.524585 0
0.486485 0
0.398948 0
0.607564 0
0.602093 0
0.337197 0
0.803525 0
0.091707 0
1.367972 0
0.209037 0
0.193503 0
0.301714 0
0.348345 0
0.091642 0
0.036264 0
0.082373 0
0.463947 0
0.873673 0
0.044987 0
0.240346 0
0.585428 0
0.451001 0
0.230802 0
0.547434 0
1.731362 0
1.494709 0
0.137237 0
1.432489 0
0.536564 0
1.500707 0
0.124985 0
0.872563 0
0.484386 0
0.089677 0
0.015195 0
0.049203 0
0.438123 0
0.636305 0
1.074467 0
0.133093 0
1.363470 0
1.317851 0
0.182279 0
1.423050 0
0.355654 0
0.811431 0
0.492519 0
0.807545 0
0.579581 0
0.701501 0
0.249174 0
0.098711 0
0.248655 0
0.529480 0
0.168138 0
0.649676 0
0.336492 0
0.501049 0
0.201741 0
0.898449 0
0.051305 0
0.715419 0
1.166542 0
0.267311 0
0.792937 0
0.561502 0
0.295556 0
0.185115 0
0.534584 0
0.494955 0
0.976185 0
0.443802 0
0.545490 0
0.062464 0
0.549017 0
1.111397 0
0.606283 0
0.192831 0
0.823111 0
0.735532 0
0.820629 0
0.398796 0
0.213603 0
1.027080 0
0.280230 0
1.402305 0
0.180743 0
0.949485 0
0.604939 0
0.165933 0
0.489490 0
0.071679 0
1.577567 0
1.529160 0
0.142704 0
0.129332 0
0.565161 0
0.291638 0
0.301991 0
0.665221 0
0.235254 0
0.538777 0
0.649090 0
0.898378 0
0.337642 0
0.230462 0
1.070252 0
1.384291 0
0.038960 0
0.940023 0
0.043675 0
0.472334 0
0.367112 0
0.610316 0
0.778382 0
0.279292 0
1.005712 0
0.086148 0
0.109080 0
0.186728 0
0.842838 0
1.023819 0
0.135887 0
0.306251 0
0.339349 0
0.572506 0
0.174055 0
0.548716 0
0.353798 0
0.406291 0
0.801981 0
1.096992 0
0.920645 0
0.194116 0
0.233109 0
0.068350 0
0.338964 0
1.459806 0
0.230797 0
0.863930 0
0.902769 0
0.358801 0
0.539890 0
0.401794 0
0.146844 0
0.246018 0
1.512878 0
0.624545 0
0.013879 0
0.396377 0
0.680946 0
0.142463 0
0.316981 0
1.216906 0
0.032359 0
0.524620 0
0.033572 0
0.683219 0
0.183998 0
0.410639 0
1.556780 0
1.290291 0
0.087177 0
0.413592 0
0.232157 0
0.386304 0
0.401204 0
0.466683 0
0.027630 0
0.188177 0
0.012697 0
0.553441 0
0.548203 0
0.099564 0
0.598644 0
0.355431 0
0.309817 0
0.615491 0
0.618022 0
0.111406 0
0.087767 0
0.604125 0
0.866754 0
0.522889 0
0.142360 0
0.107464 0
0.270797 0
1.206194 0
0.073376 0
1.061717 0
0.362229 0
0.553309 0
0.592196 0
1.053592 0
0.015396 0
0.066493 0
0.181227 0
1.448846 0
1.571715 0
0.714777 0
0.259233 0
0.821811 0
0.201921 0
0.003389 0
0.058823 0
0.207998 0
0.076686 0
0.320109 0
0.118766 0
0.091835 0
0.145596 0
0.974585 0
1.710808 0
0.754079 0
0.247143 0
0.679137 0
1.275162 0
0.728991 0
0.190951 0
0.138881 0
0.162089 0
1.393364 0
0.575475 0
0.199917 0
0.086999 0
0.346705 0
0.127302 0
0.103399 0
0.721740 0
1.136495 0
0.446691 0
0.124997 0
0.446751 0
0.647137 0
0.160808 0
0.219822 0
0.939325 0
1.491035 0
0.088002 0
0.040059 0
0.294010 0
0.410204 0
0.108548 0
1.049316 0
0.705456 0
0.850552 0
0.147303 0
0.098224 0
0.213523 0
0.185604 0
0.432773 0
0.450240 0
0.284849 0
0.408807 0
0.075536 0
0.327504 0
0.728147 0
0.357560 0
0.344200 0
0.009935 0
0.136908 0
0.549245 0
0.590408 0
0.542704 0
0.840786 0
0.663993 0
0.363923 0
1.678932 0
0.271415 0
1.305761 0
0.708183 0
0.072031 0
0.281888 0
0.060649 0
0.999469 0
1.142977 0
0.605719 0
0.132704 0
0.075832 0
0.005079 0
0.137558 0
0.166289 0
0.041175 0
0.268857 0
1.361940 0
0.726978 0
1.222017 0
0.233443 0
0.063933 0
0.503336 0
0.277703 0
0.953147 0
0.358658 0
0.417768 0
0.470629 0
0.137923 0
0.547239 0
0.947500 0
0.094998 0
1.116074 0
0.043778 0
0.611860 0
0.907374 0
0.091921 0
0.007321 0
0.578997 0
0.318363 0
0.968801 0
0.493256 0
0.077515 0
0.319745 0
0.949087 0
0.809443 0
0.101421 0
0.309587 0
1.490466 0
0.149183 0
1.764829 0
0.271470 0
1.827511 0
0.645770 0
0.166614 0
0.358058 0
0.547920 0
0.116473 0
0.077661 0
0.684171 0
0.197032 0
0.096955 0
1.026255 0
0.178516 0
1.544885 0
0.174362 0
0.432026 0
0.203754 0
0.249851 0
0.574000 0
0.153708 0
0.657426 0
0.076634 0
1.473743 0
0.284097 0
0.924105 0
1.113901 0
0.645849 0
0.388760 0
0.080194 0
0.049765 0
0.619769 0
0.363689 0
0.252751 0
0.619905 0
0.228605 0
0.291913 0
0.302293 0
0.156190 0
0.467834 0
0.527858 0
0.173308 0
0.107737 0
0.299835 0
1.585328 0
0.555675 0
0.031275 0
0.716289 0
0.391777 0
0.016659 0
0.251300 0
0.197515 0
0.029471 0
0.104993 0
0.729899 0
0.344079 0
1.564490 0
0.704029 0
1.237271 0
0.277458 0
0.204572 0
0.025691 0
1.181941 0
1.176290 0
0.054876 0
0.116394 0
0.191060 0
0.198798 0
0.171456 0
0.807058 0
0.520823 0
0.504463 0
0.572732 0
1.322001 0
1.202702 0
0.742025 0
0.954141 0
0.606524 0
0.006342 0
0.317054 0
0.567099 0
0.154287 0
0.248972 0
1.622000 0
0.691394 0
0.694152 0
0.275878 0
0.299958 0
0.063654 0
1.128952 0
0.585738 0
0.124652 0
0.600627 0
0.157413 0
0.182375 0
0.637412 0
0.898693 0
0.188053 0
1.306491 0
0.939600 0
0.374967 0
1.458197 0
0.277726 0
0.275561 0
0.187265 0
1.021719 0
0.157116 0
0.764258 0
0.443849 0
0.966611 0
0.869930 0
0.101453 0
0.714514 0
0.771173 0
0.519542 0
0.772472 0
0.285056 0
0.321139 0
0.235429 0
0.829697 0
1.538321 0
0.843216 0
0.229986 0
0.171242 0
0.698793 0
0.105347 0
0.031206 0
0.260649 0
0.445172 0
0.341491 0
0.258208 0
0.032556 0
0.360157 0
1.163024 0
0.269465 0
0.975879 0
0.104455 0
0.153228 0
0.469724 0
0.239607 0
0.406090 0
0.522270 0
0.063174 0
0.947471 0
0.116977 0
0.957539 0
0.967790 0
1.257552 0
0.883714 0
0.650479 0
0.081338 0
0.007265 0
0.224369 0
1.126517 0
0.197766 0
0.272488 0
0.026553 0
1.396963 0
0.137240 0
1.489311 0
0.656148 0
0.090688 0
0.052770 0
0.308930 0
0.187016 0
0.892620 0
0.171028 0
0.164663 0
0.883134 0
0.601893 0
0.086203 0
0.151910 0
0.009130 0
0.267044 0
0.301518 0
0.139705 0
0.329162 0
0.799290 0
0.107085 0
0.020389 0
0.379209 0
1.180763 0
1.584045 0
0.125487 0
0.547126 0
0.078023 0
0.153230 0
0.008236 0
0.395861 0
2.568275 0
1.454898 0
0.362152 0
0.241299 0
0.767612 0
0.314348 0
0.631953 0
0.354900 0
0.204957 0
0.118859 0
1.143320 0
0.584700 0
0.645337 0
0.400649 0
0.339995 0
0.048585 0
1.095410 0
0.210483 0
0.808232 0
0.166562 0
0.070852 0
1.262240 0
0.346865 0
1.213955 0
0.544789 0
0.174836 0
0.413473 0
0.091748 0
0.760834 0
0.239306 0
0.057232 0
0.107322 0
1.011604 0
0.037235 0
0.345743 0
0.430504 0
0.035534 0
1.245810 0
0.023759 0
0.514213 0
1.552599 0
0.972027 0
0.666201 0
0.133681 0
0.122269 0
0.285318 0
0.417373 0
0.410384 0
0.480992 0
0.058274 0
1.336937 0
0.324193 0
0.185729 0
0.103241 0
0.111339 0
0.806062 0
0.391910 0
1.042445 0
0.103895 0
0.309738 0
0.548932 0
1.970935 0
0.151601 0
0.353758 0
0.523170 0
1.753742 0
1.075311 0
0.037166 0
0.116478 0
0.218865 0
0.247242 0
0.128736 0
0.206644 0
0.041210 0
0.523015 0
1.022720 0
0.248885 0
0.041356 0
0.373698 0
0.223109 0
0.044865 0
0.170215 0
0.589935 0
0.250854 0
0.252777 0
0.675188 0
0.970764 0
0.143732 0
0.138074 0
0.562567 0
0.505143 0
0.131251 0
0.480907 0
0.021271 0
0.668985 0
0.159757 0
0.534741 0
0.130606 0
0.832272 0
0.081298 0
0.033369 0
0.544795 0
0.445047 0
0.698531 0
0.492226 0
0.466296 0
0.490063 0
0.082058 0
0.165886 0
0.206700 0
0.121362 0
0.095086 0
0.486568 0
0.859908 0
0.061541 0
0.143346 0
0.377496 0
0.262615 0
0.827039 0
0.097268 0
0.321275 0
0.154211 0
0.277996 0
1.789318 0
0.722494 0
0.559431 0
0.127198 0
0.042910 0
0.572988 0
1.553097 0
1.768502 0
0.107673 0
0.725053 0
0.336323 0
0.384263 0
0.071063 0
0.464039 0
0.588015 0
1.509692 0
0.396932 0
0.193853 0
0.041099 0
0.170261 0
0.288474 0
0.231133 0
0.251273 0
0.495786 0
1.740442 0
0.133521 0
0.207844 0
0.598234 0
0.594333 0
0.176226 0
0.201805 0
0.831235 0
0.394602 0
0.427125 0
0.265933 0
0.106508 0
1.035962 0
0.161434 0
1.140473 0
0.455633 0
1.328373 0
0.009237 0
1.393759 0
0.090896 0
0.071260 0
0.372994 0
0.034956 0
0.239356 0
0.102475 0
0.452919 0
0.189574 0
0.035779 0
0.041251 0
0.648418 0
0.085640 0
0.105359 0
1.082184 0
0.625000 0
1.479748 0
0.105130 0
0.801851 0
0.052632 0
0.101395 0
0.040597 0
0.137119 0
0.081739 0
0.780766 0
0.576506 0
0.134736 0
0.203100 0
1.648405 0
0.209676 0
0.172124 0
1.395139 0
0.781089 0
0.599758 0
0.751905 0
0.318922 0
0.673735 0
0.556572 0
0.209508 0
0.499312 0
0.645355 0
1.164693 0
0.094383 0
1.184106 0
0.217252 0
0.069362 0
0.118994 0
0.863597 0
0.634483 0
0.105474 0
1.035781 0
0.075678 0
0.091128 0
0.650725 0
0.115410 0
0.102681 0
0.444239 0
0.426513 0
0.217560 0
0.753306 0
0.111494 0
2.172671 0
0.478753 0
0.116924 0
1.390760 0
0.016903 0
0.060338 0
0.239955 0
0.167855 0
0.863506 0
0.543253 0
0.112936 0
0.867812 0
0.471841 0
0.485983 0
0.022800 0
0.092973 0
0.063282 0
0.169370 0
0.393744 0
0.261932 0
1.193662 0
0.151836 0
1.061658 0
0.641958 0
0.211352 0
0.372557 0
0.934322 0
0.125750 0
0.259208 0
0.252986 0
0.241425 0
0.232203 0
0.152421 0
0.024971 0
1.010227 0
0.454247 0
0.275009 0
0.199930 0
0.383538 0
0.215227 0
1.508405 0
0.976887 0
0.154105 0
0.250305 0
0.010947 0
1.483927 0
0.424709 0
0.042291 0
0.722518 0
0.583621 0
0.246261 0
0.064638 0
1.080134 0
0.106138 0
0.491170 0
0.792843 0
0.197898 0
0.321982 0
0.401758 0
0.203924 0
0.697560 0
0.091865 0
0.023510 0
0.269807 0
0.245622 0
0.279803 0
1.025394 0
0.447611 0
0.151428 0
0.137331 0
0.091418 0
1.137888 0
0.959891 0
0.637164 0
0.072797 0
0.223241 0
0.195369 0
0.023639 0
0.315035 0
0.873883 0
0.103727 0
0.226488 0
0.127831 0
0.514790 0
1.403114 0
0.049425 0
0.018923 0
0.230088 0
0.586606 0
0.573465 0
0.767265 0
1.502575 0
0.055658 0
0.446662 0
0.067884 0
1.011818 0
0.093013 0
0.322710 0
0.422702 0
0.644112 0
0.115969 0
0.436741 0
1.268334 0
0.338065 0
0.084134 0
0.365705 0
0.320684 0
0.119410 0
1.032139 0
0.154072 0
0.108199 0
1.180275 0
0.380042 0
0.233114 0
0.766364 0
0.218361 0
0.648589 0
0.310804 0
0.054965 0
1.333486 0
0.080247 0
0.275424 0
0.079619 0
0.379557 0
0.203049 0
0.685333 0
0.684733 0
0.406883 0
0.012829 0
0.137887 0
0.668233 0
0.310756 0
0.336052 0
1.340370 0
0.386222 0
0.446201 0
0.262341 0
0.258186 0
0.212710 0
0.520331 0
0.187991 0
0.115501 0
0.284139 0
0.148611 0
0.170304 0
0.093610 0
0.027072 0
0.290451 0
0.842406 0
0.448210 0
0.567308 0
1.084198 0
0.763887 0
0.209919 0
0.395126 0
0.608148 0
0.734043 0
0.227799 0
0.567227 0
0.529481 0
0.104006 0
1.528934 0
0.302449 0
0.241574 0
0.612422 0
0.209322 0
0.070452 0
0.624103 0
0.544310 0
0.492055 0
0.196227 0
0.389015 0
0.020878 0
1.013072 0
0.532015 0
0.461698 0
0.262170 0
0.994847 0
0.127248 0
0.465163 0
0.723143 0
0.016465 0
0.033213 0
0.123375 0
0.093688 0
0.253863 0
0.037586 0
0.945135 0
0.192993 0
0.335018 0
0.667697 0
0.918296 0
0.325182 0
1.364733 0
0.546078 0
0.382160 0
0.253372 0
0.970050 0
0.271124 0
0.094955 0
0.187319 0
1.687859 0
0.511326 0
0.441283 0
1.782953 0
0.029396 0
0.309823 0
0.835298 0
0.062382 0
1.019272 0
0.057748 0
0.081193 0
1.214717 0
0.688023 0
0.155728 0
0.886028 0
0.501206 0
0.964948 0
0.677349 0
0.130189 0
0.681561 0
0.296767 0
0.283884 0
1.598405 0
0.615867 0
0.088597 0
0.559662 0
0.563411 0
0.249698 0
0.039114 0
0.257891 0
0.246991 0
0.440572 0
0.120651 0
0.628828 0
0.678676 0
1.089863 0
0.573344 0
0.058512 0
0.023598 0
0.510922 0
0.392555 0
0.509937 0
0.172417 0
0.691480 0
0.600649 0
0.670506 0
0.385478 0
0.709184 0
0.405905 0
1.488244 0
0.480289 0
0.756562 0
1.341726 0
0.539538 0
1.150556 0
0.476605 0
1.891313 0
0.591492 0
0.140485 0
0.066908 0
0.342856 0
0.330981 0
1.600109 0
0.212357 0
0.092001 0
0.447046 0
0.185833 0
0.304959 0
0.745001 0
0.512446 0
0.703371 0
0.397069 0
0.152756 0
0.110839 0
0.386935 0
0.904796 0
0.069075 0
0.064323 0
0.180370 0
0.292785 0
0.493715 0
0.238763 0
0.922908 0
1.005444 0
0.071904 0
0.627780 0
0.626061 0
0.240118 0
0.248154 0
0.495725 0
0.614393 0
0.312556 0
1.227073 0
0.226932 0
0.018865 0
0.181608 0
0.242544 0
0.619146 0
0.407616 0
0.049192 0
0.032991 0
0.283724 0
0.092110 0
1.004441 0
0.143850 0
0.357180 0
0.134094 0
0.072961 0
0.652628 0
0.063530 0
0.056877 0
1.325531 0
0.500684 0
0.369305 0
0.540617 0
0.266749 0
0.048036 0
0.892420 0
0.058592 0
0.423176 0
1.138682 0
0.057403 0
0.326343 0
1.343438 0
0.202055 0
0.325490 0
0.214564 0
0.346115 0
1.142089 0
0.255439 0
0.993883 0
0.909883 0
0.378332 0
0.156036 0
1.513667 0
0.623526 0
0.292063 0
0.496057 0
0.097949 0
0.397608 0
0.216934 0
0.262411 0
0.959367 0
0.110178 0
0.324729 0
0.532419 0
0.134651 0
0.146067 0
1.732847 0
1.385692 0
1.510842 0
0.440069 0
0.092819 0
0.137097 0
0.367475 0
0.154470 0
1.202596 0
0.079706 0
0.754909 0
0.470423 0
0.274398 0
0.224699 0
0.390464 0
0.012437 0
0.630724 0
1.148787 0
0.678193 0
0.449408 0
0.448753 0
0.069037 0
0.293193 0
0.062268 0
0.246291 0
0.308629 0
0.041904 0
0.226951 0
1.791519 0
0.260672 0
0.057853 0
0.026927 0
0.036443 0
0.699942 0
1.008241 0
0.297950 0
0.399671 0
0.058634 0
0.054015 0
0.034300 0
0.154010 0
0.394677 0
0.054062 0
0.048235 0
0.192430 0
0.694710 0
0.938732 0
1.547994 0
0.221599 0
0.295625 0
0.051987 0
0.188512 0
0.172706 0
0.607465 0
0.251477 0
0.209019 0
0.305616 0
0.117137 0
0.243192 0
0.785857 0
1.375652 0
0.527159 0
0.079013 0
0.199174 0
1.118284 0
1.440756 0
0.121880 0
0.367514 0
0.546785 0
1.377078 0
0.351327 0
0.236512 0
0.451884 0
0.023220 0
1.402191 0
0.084321 0
0.048353 0
0.049040 0
1.271877 0
0.095959 0
0.031593 0
0.066359 0
0.097686 0
0.052621 0
0.055722 0
0.153852 0
0.690255 0
0.268201 0
0.017115 0
0.132367 0
0.040069 0
0.274116 0
1.280929 0
0.051404 0
0.296066 0
0.174282 0
1.098062 0
0.760718 0
0.272322 0
0.111209 0
0.852062 0
0.246485 0
0.247033 0
1.091446 0
1.366656 0
0.256816 0
0.533800 0
0.074792 0
0.718987 0
0.011225 0
0.224450 0
0.183777 0
0.078804 0
0.788905 0
0.249639 0
0.007107 0
0.070631 0
0.345772 0
0.551906 0
0.371935 0
0.000338 0
0.380139 0
1.477910 0
0.995450 0
0.763317 0
1.365389 0
0.315200 0
0.583838 0
0.889181 0
0.931227 0
0.402980 0
0.311870 0
1.157961 0
0.416001 0
0.127897 0
0.396110 0
0.769101 0
0.129389 0
0.170669 0
0.882307 0
0.238373 0
0.200849 0
0.380876 0
0.783007 0
0.770560 0
1.165289 0
1.502639 0
0.308008 0
0.183332 0
0.798579 0
0.321803 0
0.391780 0
0.088675 0
0.184608 0
0.240817 0
0.135719 0
0.075088 0
0.969231 0
0.062345 0
0.109485 0
0.673164 0
0.019602 0
1.426048 0
0.786839 0
0.311202 0
0.076514 0
0.569452 0
0.382104 0
0.164706 0
0.246364 0
0.324501 0
0.251691 0
0.077659 0
0.058587 0
0.456975 0
1.754639 0
0.127281 0
0.272865 0
0.231794 0
0.360755 0
0.824594 0
0.413789 0
0.652089 0
0.371174 0
0.543207 0
0.028370 0
0.591911 0
0.142586 0
0.344351 0
0.014819 0
0.366056 0
0.132991 0
1.434029 0
0.613283 0
0.133366 0
0.088524 0
0.599439 0
0.189091 0
0.216971 0
0.379815 0
1.390816 0
0.065678 0
0.030668 0
0.077499 0
0.209493 0
0.087716 0
0.662954 0
0.016513 0
0.685389 0
1.170062 0
0.514405 0
0.378899 0
0.658935 0
0.104595 0
1.017711 0
0.047654 0
0.604855 0
0.161454 0
0.037127 0
0.612742 0
0.341223 0
0.247842 0
0.931281 0
0.732421 0
0.387279 0
0.239349 0
0.954307 0
0.193848 0
0.009429 0
0.473848 0
0.315675 0
1.303474 0
1.445275 0
1.406887 0
0.288630 0
0.293496 0
0.524127 0
0.252865 0
1.518783 0
1.576387 0
1.776804 0
1.412627 0
0.473082 0
0.915708 0
0.182615 0
0.183538 0
0.717154 0
0.120322 0
0.297014 0
1.069825 0
1.043176 0
0.166609 0
0.135945 0
0.392672 0
0.720937 0
0.441374 0
0.870916 0
1.239679 0
0.263956 0
0.366635 0
0.630598 0
0.324111 0
0.287243 0
0.166167 0
0.111549 0
0.926626 0
0.945354 0
0.494255 0
1.323272 0
0.059424 0
0.547636 0
0.208316 0
0.992582 0
0.291234 0
0.021339 0
1.461526 0
0.679569 0
0.238318 0
0.096227 0
0.255870 0
0.916748 0
0.034361 0
0.428541 0
0.314370 0
0.821215 0
0.605884 0
0.199309 0
0.824590 0
0.602774 0
0.071034 0
0.225177 0
0.284140 0
0.171078 0
0.430385 0
0.024640 0
0.230902 0
1.019054 0
0.130895 0
0.185985 0
0.030599 0
0.658400 0
1.395358 0
1.069854 0
0.347360 0
0.851939 0
1.064049 0
0.410380 0
0.130801 0
0.078163 0
0.317225 0
0.704820 0
0.034481 0
0.280876 0
0.339958 0
0.115543 0
0.087472 0
0.070276 0
0.540799 0
0.500096 0
0.538192 0
0.036162 0
0.283329 0
0.025482 0
1.799900 0
0.842370 0
1.316402 0
0.020447 0
0.075013 0
1.579675 0
0.135162 0
0.064507 0
0.595279 0
0.401815 0
1.379074 0
1.420334 0
0.155790 0
0.117333 0
0.157278 0
0.165423 0
0.065479 0
0.008943 0
0.140244 0
0.356643 0
0.541119 0
0.257936 0
0.328629 0
0.285127 0
0.350196 0
0.279561 0
1.708392 0
0.212375 0
0.714363 0
0.120187 0
0.089750 0
0.016497 0
0.205997 0
0.109971 0
0.018591 0
0.317852 0
1.761629 0
0.529483 0
0.655718 0
0.690848 0
0.486438 0
0.391051 0
0.773228 0
0.243265 0
0.298127 0
1.627367 0
0.114695 0
0.600631 0
0.373619 0
0.232438 0
1.565227 0
0.139900 0
1.128351 0
0.049837 0
1.032930 0
0.369125 0
0.742166 0
1.003535 0
0.956997 0
1.676273 0
0.056592 0
1.368995 0
0.025343 0
0.758606 0
0.066459 0
0.016669 0
0.676520 0
1.309698 0
0.024843 0
1.043411 0
0.247847 0
0.690778 0
1.448919 0
0.822516 0
0.159964 0
0.012527 0
0.460597 0
0.675007 0
1.491020 0
0.219766 0
0.344927 0
0.511764 0
0.329166 0
0.207944 0
0.918965 0
0.024835 0
1.293251 0
1.602882 0
0.200935 0
0.204652 0
0.690149 0
0.830526 0
0.449780 0
0.410379 0
0.292663 0
1.516321 0
0.050348 0
0.666762 0
0.657459 0
0.578616 0
1.441280 0
0.178284 0
1.391565 0
1.346897 0
0.755978 0
0.080961 0
0.003564 0
0.356875 0
0.777624 0
1.179010 0
1.402493 0
0.218986 0
0.486422 0
0.067430 0
0.234118 0
0.511519 0
1.950135 0
0.487284 0
0.243140 0
0.227063 0
0.358048 0
0.040999 0
0.776177 0
0.529387 0
0.977267 0
0.445762 0
0.155747 0
0.193128 0
0.444154 0
0.006243 0
0.482997 0
0.264938 0
0.090415 0
1.097818 0
0.412642 0
0.405271 0
0.242507 0
1.395306 0
0.533341 0
0.315143 0
1.775721 0
0.328130 0
0.594496 0
0.333395 0
0.316966 0
0.184179 0
0.314916 0
1.477459 0
0.181361 0
0.113975 0
0.213132 0
0.083364 0
0.424662 0
0.238025 0
0.259137 0
0.422427 0
0.315163 0
0.608360 0
0.770387 0
0.132209 0
0.024871 0
0.390483 0
0.109618 0
0.142807 0
0.600383 0
1.385194 0
0.380833 0
0.097509 0
0.036853 0
0.480249 0
0.179410 0
0.377987 0
0.031429 0
0.526167 0
0.427159 0
1.231419 0
0.256009 0
0.371725 0
0.367189 0
1.034531 0
0.122960 0
0.375699 0
0.286582 0
0.385316 0
0.090775 0
1.059298 0
1.457505 0
0.631786 0
0.570908 0
0.368327 0
0.256926 0
0.078466 0
0.122861 0
0.306394 0
0.331951 0
0.124342 0
0.200803 0
0.303274 0
0.764435 0
0.021011 0
0.124792 0
1.579985 0
0.347261 0
0.093890 0
0.434502 0
1.420721 0
0.112757 0
0.804228 0
1.032694 0
0.123135 0
0.578445 0
0.030866 0
0.514068 0
1.116836 0
0.094478 0
0.583943 0
0.399171 0
0.464665 0
0.077865 0
2.075012 0
0.039128 0
0.136520 0
0.697442 0
0.171563 0
0.525954 0
2.145190 0
0.905645 0
1.165082 0
0.427242 0
1.376597 0
0.363036 0
0.935364 0
0.514555 0
0.307993 0
0.114771 0
0.742136 0
0.192783 0
0.244105 0
0.211196 0
1.074802 0
0.187125 0
0.155992 0
0.870627 0
1.221776 0
0.860709 0
0.063786 0
0.052550 0
0.432979 0
0.267824 0
0.328358 0
0.835148 0
1.380574 0
1.623925 0
0.400058 0
0.191546 0
0.024141 0
0.171317 0
0.598057 0
1.609141 0
0.332003 0
0.049125 0
0.050639 0
0.746144 0
0.923657 0
0.167067 0
0.060844 0
0.154560 0
0.751678 0
0.168579 0
0.312728 0
0.398436 0
0.073514 0
0.325956 0
0.141771 0
0.840998 0
0.241043 0
0.589512 0
0.391981 0
0.133605 0
1.448238 0
1.248963 0
0.326528 0
0.473513 0
0.966175 0
0.214347 0
0.661417 0
0.052992 0
0.023588 0
0.280694 0
0.508638 0
1.019486 0
1.402024 0
0.207842 0
0.016546 0
1.005444 0
0.107130 0
1.034032 0
0.056264 0
0.324929 0
0.069430 0
0.399879 0
0.864430 0
0.682515 0
0.233891 0
0.580704 0
0.075949 0
0.460106 0
0.240985 0
0.571434 0
0.450580 0
0.601915 0
0.884018 0
0.881144 0
0.241167 0
0.188832 0
0.222433 0
1.017576 0
1.160010 0
1.464461 0
0.181393 0
0.015511 0
0.357796 0
1.879141 0
1.560699 0
0.047775 0
0.017899 0
0.044510 0
0.174897 0
0.888772 0
1.333526 0
1.395561 0
0.180325 0
0.399076 0
0.667713 0
0.409547 0
1.132791 0
0.439631 0
0.136594 0
0.146476 0
1.027066 0
0.123194 0
0.304657 0
0.297923 0
0.570224 0
1.044235 0
0.099746 0
0.744866 0
1.465651 0
0.355792 0
0.512381 0
0.349841 0
0.228474 0
0.413750 0
0.143344 0
0.076795 0
0.109716 0
0.423985 0
0.356327 0
0.198578 0
0.211047 0
1.110921 0
0.026024 0
0.048275 0
0.022074 0
0.677832 0
1.628759 0
0.577230 0
1.698082 0
0.081922 0
0.172159 0
1.196283 0
1.091133 0
0.985006 0
1.342625 0
0.267944 0
0.167342 0
0.044588 0
0.480933 0
0.348430 0
0.776691 0
0.932248 0
0.038312 0
0.083981 0
0.045839 0
0.401045 0
0.519964 0
0.752583 0
0.688565 0
0.742065 0
1.159320 0
0.151206 0
0.471212 0
0.352552 0
0.116352 0
1.293771 0
0.012725 0
0.028168 0
0.816710 0
0.241972 0
0.020118 0
0.530502 0
0.035465 0
0.239851 0
0.090533 0
0.603969 0
0.223934 0
0.721698 0
0.323059 0
0.805134 0
0.273381 0
0.189174 0
1.082938 0
0.281231 0
1.368342 0
1.088053 0
0.854985 0
0.238324 0
0.206757 0
0.101215 0
1.087256 0
0.396087 0
0.519065 0
1.206178 0
0.970598 0
0.276640 0
0.255280 0
0.222990 0
0.164820 0
1.470026 0
0.450722 0
0.405672 0
0.216112 0
0.099987 0
0.412727 0
0.551826 0
0.701697 0
1.390727 0
0.077400 0
0.052360 0
0.602688 0
0.667699 0
0.569607 0
0.050339 0
0.617906 0
0.298517 0
0.799775 0
0.894262 0
0.104842 0
0.219636 0
0.195549 0
1.367376 0
0.975603 0
0.331055 0
0.399215 0
0.034814 0
0.922634 0
0.073787 0
0.137676 0
0.037256 0
0.909788 0
0.155923 0
0.734359 0
0.135644 0
0.469427 0
0.738938 0
0.328194 0
0.450212 0
0.046058 0
0.673111 0
0.209633 0
0.217932 0
0.661050 0
0.400363 0
0.613016 0
1.362885 0
0.135514 0
1.385116 0
1.080877 0
0.574889 0
0.625090 0
0.042554 0
0.048693 0
0.132488 0
0.248967 0
0.493826 0
0.539058 0
0.298667 0
0.020939 0
0.736325 0
0.278010 0
0.349772 0
0.112782 0
0.268711 0
0.020802 0
0.550965 0
0.524365 0
0.233516 0
0.919657 0
0.540092 0
0.374726 0
0.278004 0
0.432337 0
0.245323 0
0.035672 0
0.059491 0
0.879850 0
0.321419 0
0.515924 0
0.470176 0
0.222110 0
0.097531 0
0.528563 0
1.369292 0
0.437392 0
0.151829 0
0.102649 0
0.263248 0
1.428932 0
0.338910 0
0.568467 0
0.248121 0
0.592836 0
0.475639 0
0.016868 0
0.120895 0
1.385499 0
0.407486 0
1.364153 0
0.223435 0
0.467848 0
0.099422 0
0.496068 0
0.406155 0
0.069359 0
1.592015 0
1.994643 0
0.280119 0
0.075576 0
0.181402 0
0.075290 0
0.064405 0
0.132334 0
0.188975 0
0.439136 0
0.177795 0
0.240012 0
0.605362 0
0.383772 0
0.156583 0
0.205603 0
0.224690 0
0.700948 0
0.065961 0
0.881758 0
0.248853 0
0.451241 0
0.408167 0
0.045174 0
0.100485 0
0.979362 0
1.547773 0
1.218679 0
0.817915 0
0.058619 0
0.284663 0
0.946930 0
0.135978 0
0.724429 0
0.558405 0
0.025928 0
1.143361 0
0.808894 0
0.633927 0
0.049248 0
0.743864 0
1.114327 0
0.112420 0
0.255116 0
0.609086 0
0.601655 0
0.326013 0
0.208876 0
0.338497 0
1.219538 0
1.356818 0
0.037683 0
0.640570 0
0.648571 0
0.737048 0
0.068685 0
0.623665 0
1.387287 0
0.326933 0
0.196092 0
0.596936 0
0.185847 0
0.260285 0
0.521141 0
0.029987 0
0.197974 0
1.194290 0
0.217490 0
0.577571 0
1.171210 0
0.236255 0
0.721160 0
0.569013 0
0.207961 0
0.487821 0
0.226788 0
0.240910 0
0.121954 0
0.151430 0
0.351813 0
1.229988 0
0.374417 0
1.910650 0
0.409931 0
0.341084 0
0.500134 0
0.227202 0
1.635173 0
0.587267 0
0.470030 0
0.218260 0
1.251032 0
0.274181 0
0.954844 0
0.149785 0
0.198860 0
1.002068 0
1.545443 0
1.448372 0
0.598491 0
0.167562 0
0.089030 0
0.510249 0
0.791425 0
0.900827 0
0.031416 0
0.342333 0
0.103337 0
0.027679 0
0.420168 0
0.157401 0
0.935660 0
0.033970 0
0.741208 0
0.294800 0
0.026194 0
0.325020 0
0.347653 0
0.627345 0
0.210631 0
0.486525 0
0.790414 0
0.434439 0
0.145560 0
0.120935 0
0.276472 0
0.027053 0
0.225326 0
0.466310 0
0.356863 0
0.729784 0
0.093899 0
1.173472 0
0.502106 0
0.596704 0
0.180391 0
0.070422 0
0.089819 0
0.210797 0
0.036161 0
0.794596 0
0.101564 0
0.205108 0
0.201588 0
0.387827 0
0.021824 0
0.448480 0
0.721141 0
0.946242 0
0.648605 0
0.382414 0
0.125457 0
1.006483 0
0.447009 0
0.099645 0
1.516227 0
0.074616 0
0.023269 0
0.112105 0
0.077416 0
0.008831 0
0.288269 0
0.017832 0
0.685797 0
0.047102 0
0.058494 0
1.335965 0
1.266222 0
0.080031 0
0.155259 0
0.282113 0
0.709016 0
1.467155 0
0.414653 0
0.310144 0
0.602913 0
0.271797 0
0.133113 0
0.132005 0
0.191987 0
1.400985 0
1.061730 0
0.138178 0
0.838445 0
1.692489 0
0.606504 0
0.077003 0
0.050715 0
1.177090 0
0.343606 0
0.198269 0
0.263999 0
1.427887 0
0.384570 0
0.261070 0
0.546641 0
0.513335 0
0.419394 0
0.480933 0
0.411626 0
0.466208 0
1.695312 0
0.853517 0
0.139779 0
1.548702 0
0.080173 0
0.661513 0
0.527776 0
0.034655 0
0.099993 0
0.058459 0
0.714089 0
0.448834 0
0.017248 0
0.981714 0
0.423797 0
0.206695 0
0.039212 0
0.091110 0
0.652534 0
0.047216 0
0.262259 0
0.076895 0
0.302457 0
0.017344 0
0.032678 0
0.032077 0
0.229821 0
0.244351 0
0.246745 0
0.092691 0
0.326831 0
0.450660 0
0.187310 0
0.596345 0
0.318159 0
0.843440 0
0.222970 0
0.356440 0
0.200923 0
1.351096 0
1.517681 0
0.689488 0
0.316969 0
0.367626 0
1.497568 0
0.436068 0
0.085667 0
0.258947 0
0.817261 0
0.130595 0
0.650434 0
0.346077 0
0.740252 0
0.369801 0
0.016527 0
0.140264 0
1.542031 0
0.203170 0
0.888413 0
1.007669 0
0.132234 0
0.456906 0
0.014187 0
0.278984 0
0.613762 0
0.291793 0
0.407707 0
0.101398 0
0.232041 0
0.282123 0
0.538959 0
0.069906 0
0.115604 0
0.132253 0
0.206546 0
0.666035 0
0.042082 0
0.170822 0
0.828227 0
0.803572 0
1.074379 0
0.710809 0
0.196726 0
0.956854 0
1.094142 0
0.480395 0
0.859855 0
0.201250 0
1.046463 0
1.360081 0
0.291204 0
0.144809 0
0.209443 0
0.286930 0
0.611987 0
0.268698 0
1.137073 0
0.105518 0
0.069857 0
0.104027 0
0.908927 0
0.224311 0
0.653331 0
0.094055 0
0.291486 0
0.038508 0
0.648917 0
0.118036 0
0.818653 0
1.169710 0
0.402813 0
0.680939 0
0.239504 0
0.673401 0
0.078024 0
0.301910 0
0.278103 0
0.920484 0
1.423998 0
0.734634 0
0.298717 0
0.348091 0
0.146983 0
0.623256 0
0.402489 0
0.181341 0
0.394819 0
0.186813 0
0.823023 0
1.047375 0
0.246325 0
0.371539 0
0.068790 0
0.123464 0
0.045669 0
0.048042 0
0.021816 0
0.140831 0
0.337521 0
0.464120 0
0.157176 0
0.810953 0
0.314961 0
0.037421 0
0.404766 0
0.458069 0
0.489473 0
0.568013 0
0.053113 0
0.280111 0
0.234339 0
0.489479 0
1.053204 0
0.226672 0
0.277455 0
0.217009 0
0.418526 0
0.244804 0
0.114624 0
0.096670 0
0.891902 0
0.714349 0
0.172224 0
1.399426 0
1.371026 0
0.163748 0
0.643366 0
0.667788 0
1.433237 0
0.047391 0
0.671437 0
0.045681 0
1.049337 0
0.251828 0
0.121069 0
0.460649 0
0.503653 0
0.425533 0
0.377408 0
0.526378 0
1.529911 0
0.701274 0
0.403887 0
0.837825 0
0.277498 0
0.155847 0
0.464855 0
0.396471 0
1.354961 0
0.470049 0
0.495925 0
0.314934 0
0.256764 0
0.020923 0
0.701493 0
0.901072 0
0.154694 0
0.647576 0
0.061300 0
0.288338 0
0.915265 0
0.022795 0
0.190453 0
0.054994 0
0.101080 0
0.088002 0
1.502071 0
0.545615 0
1.065579 0
0.768661 0
0.119824 0
0.401454 0
0.253171 0
0.115332 0
0.362657 0
0.381837 0
0.412397 0
0.518594 0
0.051461 0
0.710397 0
1.390917 0
0.281032 0
0.229760 0
0.509689 0
0.992264 0
0.070594 0
0.044264 0
0.183769 0
0.508445 0
0.119764 0
0.317123 0
1.091529 0
0.123359 0
0.374507 0
1.371618 0
0.419231 0
0.194058 0
1.276405 0
0.280599 0
1.629630 0
0.159644 0
0.612076 0
1.235235 0
0.274257 0
0.220771 0
0.398388 0
0.007682 0
1.037661 0
0.652370 0
0.023843 0
0.155699 0
0.394567 0
0.656725 0
0.120147 0
0.462632 0
0.373490 0
0.904716 0
0.239995 0
0.172244 0
1.500742 0
0.544378 0
0.639419 0
0.339153 0
0.007845 0
0.206709 0
0.190466 0
0.381942 0
0.491715 0
1.462492 0
1.308112 0
1.677350 0
0.986298 0
0.710432 0
0.481805 0
1.010044 0
0.388075 0
0.106221 0
0.810169 0
0.358961 0
0.905385 0
1.382219 0
0.422935 0
0.228361 0
0.146246 0
0.536673 0
1.323207 0
0.893198 0
0.555833 0
0.129972 0
1.699037 0
1.042619 0
0.417485 0
1.374516 0
1.393640 0
0.640523 0
0.504437 0
0.019631 0
0.223017 0
0.025040 0
0.842311 0
0.509235 0
0.826060 0
0.254725 0
0.237325 0
1.110047 0
0.012267 0
0.170543 0
0.627277 0
0.623334 0
0.586798 0
0.268787 0
0.355983 0
0.457198 0
0.174106 0
0.620390 0
0.281584 0
1.412287 0
0.092998 0
0.937781 0
0.161559 0
0.128449 0
0.235655 0
0.018236 0
0.641836 0
0.848712 0
0.317323 0
0.934400 0
0.144118 0
0.629376 0
0.920066 0
0.584444 0
1.010453 0
1.574715 0
0.256677 0
0.647997 0
0.238348 0
0.601392 0
0.567795 0
0.475630 0
1.222178 0
0.118641 0
0.660752 0
0.168338 0
0.096001 0
0.462678 0
0.205131 0
0.528056 0
0.255418 0
0.235142 0
0.759178 0
0.503721 0
0.128887 0
0.315360 0
0.433607 0
0.275656 0
0.360083 0
0.172350 0
0.110901 0
0.151750 0
1.444698 0
0.735866 0
0.175682 0
0.389967 0
0.753504 0
0.136068 0
0.034066 0
0.480337 0
0.378101 0
0.360665 0
0.273532 0
0.688986 0
1.380877 0
0.552405 0
0.130308 0
0.277421 0
0.622001 0
1.160952 0
0.528325 0
0.695585 0
0.427279 0
1.608856 0
0.077854 0
0.577494 0
0.845539 0
0.475516 0
0.585070 0
0.076746 0
0.162574 0
0.530901 0
0.658141 0
0.608171 0
0.029495 0
0.304736 0
0.350191 0
0.528948 0
0.035322 0
0.180967 0
0.225934 0
0.219819 0
0.166475 0
0.184250 0
0.291570 0
0.195974 0
0.208475 0
0.540378 0
0.269094 0
0.058791 0
0.084763 0
0.399367 0
0.401488 0
0.021041 0
0.031019 0
0.016510 0
0.318194 0
0.629696 0
0.861680 0
0.258164 0
1.532372 0
0.230244 0
1.385219 0
0.688124 0
1.518786 0
0.152155 0
0.096940 0
0.142933 0
0.016507 0
0.328678 0
0.508226 0
0.535804 0
0.270518 0
0.335103 0
0.555430 0
0.895930 0
0.032783 0
1.352208 0
0.293102 0
0.062110 0
0.130909 0
0.922162 0
1.399990 0
0.361518 0
0.046601 0
0.136352 0
0.271994 0
1.596609 0
0.792452 0
0.734230 0
0.957235 0
0.072843 0
0.128068 0
0.033823 0
0.137669 0
0.332837 0
0.974864 0
0.048232 0
0.303680 0
0.727380 0
0.317856 0
0.064684 0
0.190639 0
0.376786 0
1.703894 0
0.004955 0
1.120709 0
0.446081 0
1.427356 0
1.001912 0
0.233069 0
0.584622 0
0.513433 0
0.679732 0
0.812936 0
1.366694 0
1.456649 0
0.329964 0
0.703115 0
0.203859 0
0.055338 0
0.400134 0
0.793178 0
0.126590 0
0.516356 0
0.415863 0
1.533991 0
1.321586 0
0.465122 0
1.952010 0
0.242064 0
0.303204 0
0.837098 0
1.413843 0
0.885196 0
1.698044 0
0.356784 0
0.449450 0
0.510157 0
0.261887 0
0.107914 0
0.049867 0
0.773567 0
0.203448 0
0.485682 0
0.118665 0
0.224725 0
0.659574 0
0.742031 0
0.190055 0
0.396466 0
0.175076 0
2.177746 0
0.214676 0
0.650936 0
0.201601 0
0.197247 0
0.041990 0
0.358190 0
0.143984 0
1.552911 0
1.394944 0
0.175266 0
0.282156 0
0.930516 0
0.091780 0
0.336389 0
0.170938 0
1.169629 0
1.395455 0
0.584656 0
0.503266 0
0.516595 0
0.448519 0
0.560571 0
0.410373 0
0.033585 0
0.855842 0
0.021583 0
1.214058 0
0.108436 0
0.008025 0
1.030120 0
0.021926 0
0.674390 0
0.287565 0
0.058738 0
0.468115 0
0.814201 0
0.203979 0
0.711663 0
0.775397 0
0.722022 0
0.253300 0
0.003558 0
0.080886 0
0.274263 0
0.153664 0
1.274875 0
0.668132 0
0.348658 0
0.181794 0
0.449513 0
0.056049 0
0.268644 0
0.300062 0
0.287177 0
0.088802 0
0.515760 0
0.125430 0
0.912722 0
0.002230 0
0.487287 0
0.014057 0
0.479517 0
0.517043 0
1.009760 0
0.637137 0
0.698011 0
0.803350 0
0.132597 0
0.248052 0
0.965878 0
1.547030 0
0.460985 0
0.388636 0
1.236639 0
0.337168 0
0.099977 0
0.347784 0
0.654122 0
1.212759 0
0.071916 0
0.200168 0
0.375807 0
0.536244 0
0.094099 0
0.799553 0
0.207117 0
0.224654 0
0.155549 0
0.291769 0
0.146954 0
0.358108 0
0.612702 0
0.166213 0
0.641715 0
0.307202 0
0.479476 0
0.052309 0
0.802458 0
0.478756 0
0.807578 0
0.563158 0
0.420246 0
0.460035 0
0.684325 0
0.325783 0
1.119105 0
0.169884 0
0.722237 0
0.120338 0
0.257524 0
0.202394 0
0.543725 0
0.706937 0
1.342925 0
0.199375 0
1.427696 0
0.187605 0
0.446181 0
0.800421 0
0.477910 0
0.178235 0
0.844584 0
0.400126 0
0.353556 0
0.360820 0
0.327881 0
0.530998 0
0.236589 0
0.762363 0
0.978378 0
0.629016 0
0.165853 0
0.538272 0
0.625420 0
0.331621 0
0.472649 0
0.447773 0
0.708023 0
0.245789 0
0.517464 0
0.079080 0
1.401699 0
0.022694 0
0.321341 0
1.182339 0
0.305968 0
0.190027 0
0.438388 0
0.171196 0
0.252582 0
0.704751 0
0.438319 0
0.654499 0
0.455406 0
0.721978 0
0.712090 0
0.179866 0
0.470582 0
0.038018 0
1.290627 0
0.631872 0
0.592801 0
1.360145 0
0.584202 0
1.608246 0
0.046958 0
0.300322 0
1.023914 0
0.168574 0
0.103145 0
1.407714 0
0.345467 0
1.378613 0
1.343182 0
0.629666 0
0.320207 0
0.223099 0
0.370703 0
0.645738 0
1.242782 0
0.404112 0
0.464169 0
1.667608 0
0.694222 0
0.621831 0
0.582644 0
0.344332 0
0.291591 0
0.663165 0
0.071497 0
0.159264 0
0.407810 0
0.170298 0
1.103864 0
0.210265 0
0.191973 0
0.497614 0
1.395515 0
0.414099 0
1.453237 0
1.335001 0
0.142890 0
0.305541 0
0.343211 0
0.054776 0
0.469933 0
0.451671 0
0.226305 0
0.544110 0
0.049681 0
0.174435 0
0.906219 0
0.225483 0
0.358967 0
0.910056 0
0.069136 0
0.011133 0
0.348136 0
0.353005 0
0.210461 0
0.083678 0
0.306098 0
0.255269 0
0.401182 0
0.070889 0
0.225434 0
0.042671 0
1.156445 0
0.500100 0
0.044025 0
0.190222 0
1.776140 0
1.437267 0
0.955223 0
0.020174 0
0.150039 0
0.251213 0
0.036561 0
1.571331 0
0.115621 0
0.540153 0
0.399461 0
1.728949 0
0.344951 0
1.897162 0
0.280220 0
0.081143 0
1.113764 0
0.721459 0
0.211307 0
0.351386 0
0.138582 0
1.160739 0
0.859289 0
1.225956 0
1.268335 0
0.560211 0
0.175316 0
0.546588 0
0.501221 0
1.512449 0
0.151355 0
0.534614 0
0.516252 0
1.238074 0
0.684459 0
0.331659 0
0.034005 0
0.781218 0
0.386997 0
1.391315 0
1.397055 0
0.762237 0
0.813809 0
0.714883 0
0.398992 0
0.292542 0
0.085165 0
0.192843 0
1.366967 0
0.260753 0
1.088951 0
0.280407 0
1.397701 0
0.792352 0
0.020835 0
0.063992 0
1.253953 0
0.753576 0
0.060041 0
2.121779 0
1.393180 0
0.942040 0
0.770248 0
0.379579 0
0.971672 0
0.535313 0
1.464492 0
0.774743 0
0.834756 0
1.298851 0
0.231252 0
0.640092 0
0.489717 0
0.397670 0
0.102930 0
1.362132 0
0.610722 0
0.375317 0
0.769268 0
0.334331 0
0.967218 0
0.621744 0
0.128753 0
0.625570 0
0.323511 0
0.319993 0
0.372642 0
0.043321 0
0.434602 0
1.663442 0
0.742047 0
1.432926 0
0.124508 0
0.620357 0
0.408310 0
0.368392 0
0.074498 0
0.506899 0
0.256662 0
0.031739 0
1.050818 0
0.007064 0
0.510420 0
0.984470 0
0.223821 0
1.339589 0
0.073275 0
0.606940 0
0.465225 0
1.447935 0
0.505980 0
0.520640 0
0.208249 0
0.150854 0
0.936192 0
0.895435 0
0.788540 0
0.219950 0
0.373990 0
0.680353 0
0.287722 0
0.092633 0
0.330926 0
0.017030 0
0.805362 0
0.236893 0
0.129820 0
1.152746 0
0.518627 0
1.159533 0
0.582333 0
0.022702 0
0.989717 0
1.021535 0
0.519908 0
0.231682 0
0.092923 0
1.543436 0
0.068718 0
0.196867 0
0.205994 0
0.423576 0
0.524608 0
1.053231 0
1.135523 0
0.643909 0
0.113300 0
0.056453 0
0.006589 0
0.438776 0
1.586693 0
0.190005 0
0.270655 0
0.535776 0
0.496606 0
0.249355 0
0.551774 0
0.167457 0
0.327240 0
0.518756 0
1.313829 0
0.177412 0
0.140329 0
0.614752 0
0.632109 0
0.126800 0
0.403397 0
1.425858 0
0.438679 0
0.840524 0
0.251692 0
0.056754 0
0.306331 0
0.400873 0
1.289183 0
0.342621 0
0.371380 0
0.265899 0
0.383415 0
0.140860 0
0.080094 0
0.310096 0
0.201949 0
0.139516 0
0.430886 0
0.313270 0
0.300486 0
0.088530 0
0.501793 0
0.014455 0
1.029430 0
0.494744 0
0.047191 0
0.998393 0
0.206177 0
0.088304 0
0.124414 0
0.762547 0
0.155022 0
0.707396 0
0.074325 0
0.759880 0
1.178700 0
0.500200 0
0.226954 0
0.369355 0
0.055564 0
1.097924 0
0.493807 0
0.557105 0
0.137016 0
0.158896 0
1.499782 0
1.445255 0
0.602708 0
0.623006 0
0.077474 0
1.710038 0
0.179966 0
0.550416 0
0.845746 0
0.081132 0
0.278513 0
0.075247 0
0.048969 0
0.242490 0
0.348889 0
0.620534 0
0.881757 0
0.059967 0
2.329914 0
0.222871 0
1.129698 0
0.092951 0
0.658537 0
0.358637 0
1.501749 0
0.010532 0
0.063461 0
0.056016 0
0.024205 0
0.052403 0
0.019307 0
1.379494 0
0.786942 0
0.596506 0
0.443547 0
0.200762 0
1.034275 0
0.647076 0
0.498018 0
0.587699 0
0.327573 0
1.034908 0
0.870640 0
1.035101 0
0.093957 0
0.245000 0
0.490547 0
1.722753 0
0.080235 0
0.773696 0
0.163451 0
0.062560 0
0.126119 0
0.098755 0
0.952081 0
0.265040 0
0.272711 0
0.194576 0
0.184308 0
0.345677 0
0.128852 0
1.545676 0
0.076111 0
0.741292 0
0.580757 0
0.515376 0
0.452401 0
0.424581 0
0.104420 0
1.075648 0
0.366626 0
0.504709 0
0.343451 0
1.365447 0
1.344270 0
0.685147 0
0.487114 0
0.211426 0
0.106617 0
0.541561 0
0.194481 0
0.196616 0
0.297638 0
0.309181 0
0.166713 0
0.727773 0
0.665750 0
1.410061 0
1.021504 0
0.037436 0
0.019546 0
0.223390 0
0.700595 0
0.101292 0
1.189953 0
0.341980 0
0.017662 0
0.340789 0
0.459081 0
0.140346 0
1.245070 0
0.208836 0
0.006664 0
0.019496 0
0.112111 0
0.848954 0
0.147408 0
0.901610 0
0.039156 0
0.401038 0
1.046499 0
0.284558 0
0.485117 0
0.293286 0
0.441285 0
0.222129 0
0.404712 0
0.618932 0
1.058126 0
0.021391 0
0.152452 0
0.059659 0
0.302667 0
0.005586 0
0.449341 0
0.037108 0
0.020662 0
1.131900 0
0.087338 0
0.599856 0
0.270022 0
0.304664 0
0.279171 0
0.985395 0
1.710087 0
0.250250 0
0.709618 0
0.338429 0
0.783545 0
0.235793 0
1.136778 0
0.449664 0
0.607590 0
0.260181 0
0.245175 0
0.592967 0
0.148319 0
1.279090 0
0.112521 0
0.504140 0
0.239853 0
0.926853 0
0.053179 0
0.022029 0
0.697451 0
0.041898 0
0.114422 0
0.035813 0
0.694369 0
0.643030 0
0.242442 0
0.162985 0
1.872152 0
0.864404 0
0.980616 0
0.629420 0
1.404358 0
0.452644 0
1.636018 0
0.794312 0
0.288006 0
0.602314 0
0.021629 0
0.446944 0
0.078568 0
0.238494 0
0.137897 0
1.210621 0
0.162157 0
1.023821 0
0.713201 0
0.073722 0
0.333879 0
0.124516 0
0.352460 0
0.083980 0
1.993630 0
0.097024 0
0.371540 0
0.167812 0
0.996318 0
0.465849 0
0.515251 0
0.137593 0
0.452703 0
0.214138 0
1.041172 0
0.787258 0
0.477610 0
0.073119 0
0.222710 0
0.265937 0
1.497913 0
0.366211 0
0.284576 0
0.309781 0
0.813494 0
0.601913 0
0.106488 0
0.189507 0
0.441931 0
0.310637 0
1.618043 0
0.389278 0
1.399500 0
0.778319 0
0.101927 0
1.455437 0
0.184926 0
0.594461 0
0.034980 0
0.467104 0
0.458344 0
0.803406 0
0.042893 0
0.848107 0
1.451782 0
0.494120 0
1.778137 0
0.849423 0
0.243678 0
0.501934 0
0.553128 0
0.474103 0
0.269006 0
0.059775 0
1.397477 0
0.376185 0
0.186747 0
0.880369 0
0.029907 0
1.329559 0
0.284370 0
0.121211 0
0.074281 0
0.131767 0
0.505880 0
0.162185 0
0.187595 0
0.259897 0
0.073191 0
0.370532 0
0.443136 0
0.255072 0
0.118272 0
0.051239 0
0.040456 0
0.702537 0
1.183745 0
1.252704 0
0.598889 0
0.277459 0
1.402234 0
0.076554 0
0.501751 0
0.498583 0
0.153107 0
0.718882 0
0.120461 0
0.802627 0
0.943931 0
0.453653 0
0.057544 0
0.313737 0
0.117636 0
0.411460 0
0.334157 0
0.580070 0
0.274726 0
0.272560 0
0.567408 0
0.386064 0
0.269047 0
0.584579 0
0.886213 0
0.557397 0
0.360724 0
0.582262 0
0.606727 0
0.054368 0
0.249726 0
0.992817 0
0.074051 0
0.146499 0
0.143208 0
1.453035 0
0.157596 0
0.641269 0
0.297063 0
0.803631 0
1.664452 0
1.507205 0
0.033253 0
0.644793 0
0.447802 0
0.815636 0
0.699840 0
0.176364 0
0.019360 0
0.168778 0
1.072034 0
1.252947 0
0.359938 0
0.106931 0
1.364581 0
0.176758 0
1.532589 0
0.130843 0
0.375666 0
1.281512 0
0.474699 0
0.035253 0
0.174054 0
0.217071 0
0.159526 0
0.050225 0
1.055106 0
0.244759 0
0.155197 0
0.283443 0
0.800453 0
0.373662 0
0.287009 0
0.264376 0
0.372030 0
0.603934 0
0.113503 0
0.878921 0
0.521710 0
0.418035 0
0.102171 0
0.599778 0
0.559022 0
0.433943 0
0.480074 0
0.030833 0
1.002792 0
0.345814 0
0.108948 0
0.429326 0
0.236410 0
0.184247 0
1.368139 0
0.117986 0
0.071962 0
0.579824 0
0.942460 0
0.576532 0
0.306006 0
1.168436 0
0.830111 0
0.534473 0
0.561984 0
0.246549 0
0.015988 0
0.389800 0
1.587546 0
0.213261 0
0.711458 0
0.208294 0
0.944485 0
1.471767 0
0.891907 0
0.586726 0
0.102670 0
0.179468 0
0.034647 0
0.164283 0
0.087315 0
0.011466 0
0.191282 0
0.820132 0
0.513188 0
0.105986 0
0.441642 0
0.017512 0
1.448429 0
0.523282 0
0.019046 0
0.073175 0
1.088245 0
0.010624 0
0.160275 0
0.202834 0
0.221706 0
0.900058 0
0.107354 0
0.103386 0
0.026523 0
0.385139 0
0.408360 0
1.757344 0
0.762094 0
0.066802 0
0.141615 0
0.438517 0
0.326234 0
0.396483 0
0.071639 0
0.295217 0
0.217228 0
0.782620 0
0.716108 0
0.920531 0
1.438391 0
0.250306 0
0.393012 0
0.622149 0
0.844060 0
0.326112 0
0.274703 0
0.146229 0
0.922712 0
0.020418 0
0.176462 0
0.516881 0
0.012290 0
1.385488 0
0.343018 0
0.154631 0
1.116537 0
1.214988 0
0.933427 0
0.063943 0
1.129636 0
0.539635 0
0.468119 0
0.284237 0
0.597123 0
0.560234 0
0.875323 0
0.865911 0
0.280262 0
0.818921 0
0.149304 0
0.165844 0
0.406403 0
0.958432 0
0.971411 0
1.364573 0
0.115179 0
0.184602 0
0.742928 0
0.100177 0
0.549932 0
1.427254 0
0.150148 0
0.091560 0
1.490475 0
1.410990 0
0.402257 0
0.414633 0
0.624894 0
0.538823 0
1.037143 0
0.618980 0
0.015235 0
0.102231 0
0.027135 0
0.581706 0
0.295961 0
0.889623 0
0.068449 0
0.066406 0
0.572374 0
1.850291 0
0.601376 0
0.547706 0
0.583974 0
0.745544 0
0.405433 0
0.229269 0
0.072905 0
0.895429 0
0.007495 0
0.724783 0
0.196925 0
0.339091 0
0.151788 0
0.238610 0
0.248130 0
0.458458 0
1.600726 0
0.747822 0
0.055466 0
0.768646 0
0.083239 0
0.663550 0
0.112858 0
0.413763 0
0.425649 0
0.095430 0
0.374946 0
0.129396 0
0.746728 0
0.091423 0
1.415094 0
0.078015 0
0.208355 0
0.495229 0
0.148279 0
0.246086 0
0.194167 0
0.007259 0
0.170145 0
0.209654 0
0.105188 0
1.659459 0
1.215633 0
0.073773 0
0.104272 0
0.165903 0
0.327549 0
0.002665 0
0.500818 0
0.232304 0
0.132037 0
0.003377 0
0.505629 0
1.019340 0
0.230848 0
0.084589 0
0.033261 0
1.215643 0
0.022021 0
0.442449 0
0.154307 0
1.012423 0
0.021540 0
0.547472 0
0.245211 0
0.549898 0
0.237973 0
0.916295 0
0.367274 0
0.198489 0
0.622505 0
1.125936 0
0.636192 0
0.552996 0
0.272844 0
0.188207 0
0.209347 0
0.691792 0
0.619834 0
0.744742 0
0.363846 0
1.302220 0
0.540659 0
0.055817 0
0.339253 0
0.281356 0
1.248881 0
0.162014 0
0.635530 0
0.183554 0
0.793845 0
0.543009 0
0.462382 0
0.117937 0
0.037750 0
0.676748 0
0.015998 0
0.135174 0
0.532522 0
0.512411 0
0.585489 0
0.159903 0
0.034336 0
0.255038 0
1.362599 0
0.293282 0
0.059330 0
0.839073 0
0.178297 0
0.354648 0
0.667355 0
0.236044 0
0.450964 0
0.726622 0
1.366967 0
0.457253 0
0.547558 0
1.477624 0
0.074806 0
0.647243 0
1.125586 0
0.015941 0
1.814930 0
0.006995 0
0.277977 0
0.412780 0
0.367423 0
0.670806 0
0.973947 0
1.022107 0
0.791785 0
0.536653 0
0.257778 0
0.845322 0
0.611403 0
0.201753 0
0.512553 0
0.236640 0
0.341223 0
0.410133 0
0.882949 0
0.229156 0
1.526358 0
0.274364 0
0.298525 0
0.092691 0
0.075845 0
0.155078 0
0.268978 0
1.060594 0
0.054999 0
0.552106 0
1.153095 0
0.783969 0
0.169655 0
0.043249 0
0.277513 0
0.632452 0
0.006374 0
0.447109 0
0.420870 0
0.886922 0
0.329179 0
0.176865 0
0.285539 0
0.337313 0
1.324039 0
0.182313 0
0.211322 0
0.396736 0
0.982768 0
0.143502 0
0.068091 0
0.170608 0
0.117333 0
0.227658 0
2.146264 0
0.580754 0
0.323034 0
0.141820 0
0.689818 0
1.002220 0
0.245838 0
0.793982 0
0.160431 0
0.123647 0
1.246707 0
0.142043 0
0.720350 0
0.141353 0
0.397766 0
0.403418 0
0.528727 0
1.394632 0
0.763312 0
0.092345 0
1.076324 0
0.062345 0
0.398958 0
0.204545 0
0.968236 0
0.746388 0
0.431115 0
0.077750 0
0.219452 0
0.060725 0
0.207731 0
0.193493 0
0.590410 0
0.071755 0
1.023504 0
0.102966 0
0.336556 0
0.319748 0
0.037847 0
0.172004 0
0.065812 0
0.025210 0
0.568684 0
0.440255 0
0.420501 0
0.902429 0
0.265160 0
0.098792 0
0.433426 0
0.122413 0
0.288644 0
0.627239 0
0.074007 0
0.089343 0
1.454015 0
0.985741 0
0.108724 0
0.006151 0
0.299271 0
1.378909 0
0.738375 0
0.577391 0
0.006586 0
0.199532 0
0.285862 0
0.403116 0
0.170079 0
0.516436 0
1.412841 0
0.034058 0
0.178807 0
0.041761 0
0.575350 0
1.412229 0
0.476691 0
0.057261 0
0.275249 0
0.651888 0
0.261678 0
0.128681 0
1.616835 0
0.793776 0
0.320110 0
0.479360 0
1.064782 0
1.432606 0
0.892219 0
0.095808 0
0.707134 0
0.183317 0
1.403420 0
0.380360 0
0.021021 0
0.005394 0
0.784541 0
0.119056 0
1.531148 0
0.024960 0
1.237617 0
0.712744 0
0.649134 0
1.607824 0
0.389021 0
0.014017 0
0.214023 0
2.006179 0
0.890250 0
1.425782 0
0.143516 0
0.465384 0
1.441442 0
0.274703 0
0.318769 0
0.115768 0
0.309046 0
0.435540 0
1.387663 0
0.441979 0
0.265790 0
0.686737 0
0.356727 0
1.136471 0
0.676946 0
0.366253 0
0.212782 0
0.289490 0
1.440549 0
0.285566 0
1.140242 0
1.021841 0
0.544763 0
0.510863 0
0.641366 0
0.305765 0
0.263254 0
0.161937 0
0.769367 0
1.399772 0
0.229234 0
0.178510 0
0.833368 0
1.651923 0
0.154840 0
0.283052 0
0.464570 0
0.054834 0
1.169124 0
0.100396 0
0.353948 0
0.949201 0
0.192326 0
0.083648 0
0.977809 0
0.055265 0
0.619099 0
1.542907 0
0.021215 0
0.020655 0
0.518296 0
0.036110 0
0.300053 0
0.596671 0
0.250881 0
0.097517 0
0.810548 0
0.354766 0
0.344757 0
1.349928 0
0.501391 0
0.067403 0
0.650891 0
0.111135 0
0.185984 0
0.061152 0
0.641477 0
0.793963 0
0.465788 0
0.050022 0
0.768546 0
0.295292 0
0.333545 0
0.121645 0
1.094890 0
1.432598 0
0.231301 0
0.466209 0
0.380462 0
0.014669 0
0.144852 0
0.230284 0
0.128101 0
0.971841 0
0.205396 0
0.539570 0
0.854953 0
0.095245 0
0.496377 0
0.299996 0
1.054616 0
0.788935 0
0.382990 0
0.218889 0
0.091456 0
0.957247 0
0.202066 0
1.111701 0
2.066671 0
1.024232 0
0.239242 0
0.318498 0
0.174405 0
0.556607 0
0.552480 0
0.669505 0
0.611413 0
0.103901 0
0.158738 0
0.588201 0
0.297621 0
0.133624 0
0.532646 0
0.236904 0
0.379944 0
0.839781 0
0.101275 0
0.034708 0
0.113946 0
0.909301 0
0.469921 0
0.296552 0
1.455062 0
0.207243 0
1.211203 0
0.234735 0
0.619143 0
0.942597 0
0.274383 0
0.057626 0
0.372090 0
1.121878 0
0.401678 0
0.761644 0
0.086900 0
0.727602 0
0.299379 0
1.004782 0
0.834958 0
1.533176 0
0.036831 0
0.729673 0
0.070159 0
0.159063 0
1.381514 0
0.146843 0
0.068818 0
0.005545 0
0.540461 0
0.378449 0
0.638162 0
0.648640 0
0.081815 0
0.663049 0
0.495627 0
0.217499 0
0.005877 0
1.345862 0
0.352313 0
0.807665 0
0.170019 0
0.326003 0
0.600841 0
0.370155 0
0.469866 0
0.106582 0
1.022562 0
0.835148 0
0.027897 0
0.797886 0
0.519916 0
0.148707 0
0.165986 0
0.888906 0
0.527944 0
0.317058 0
0.948491 0
0.751706 0
0.557395 0
0.432120 0
1.374259 0
0.253887 0
0.212310 0
0.046080 0
0.300792 0
1.038412 0
0.027482 0
0.002917 0
0.919891 0
1.494513 0
1.288898 0
0.598894 0
0.980527 0
0.977457 0
0.841663 0
0.372254 0
1.379421 0
1.037931 0
1.474316 0
0.294774 0
0.290283 0
1.094027 0
0.038888 0
0.046840 0
0.490035 0
0.382812 0
0.113389 0
0.378057 0
0.615956 0
0.309091 0
0.557285 0
0.548461 0
0.415117 0
0.328040 0
0.012551 0
0.113686 0
0.115749 0
0.191788 0
0.049643 0
0.160903 0
0.188260 0
0.209221 0
0.593891 0
0.208821 0
0.379085 0
0.233791 0
0.026419 0
0.836258 0
0.228215 0
0.252073 0
0.130290 0
0.038659 0
0.416349 0
0.193911 0
0.654725 0
0.428418 0
0.262832 0
0.131241 0
0.162398 0
0.625818 0
0.401783 0
0.905121 0
0.236226 0
0.264882 0
0.441376 0
0.406902 0
0.251413 0
1.288865 0
0.079851 0
0.035647 0
0.288023 0
0.381513 0
0.154679 0
0.633298 0
0.586199 0
1.006948 0
1.363862 0
1.669032 0
0.181554 0
0.810866 0
0.889947 0
0.474084 0
0.503975 0
1.328038 0
0.555075 0
0.160821 0
0.506494 0
0.586946 0
0.067485 0
0.149997 0
0.206571 0
0.502959 0
0.017983 0
1.252486 0
0.009519 0
0.210918 0
0.198070 0
1.575684 0
1.219024 0
1.354554 0
0.772873 0
1.020305 0
0.349035 0
0.636539 0
0.504117 0
0.287864 0
0.794800 0
1.059817 0
0.318275 0
1.695058 0
0.184839 0
1.478579 0
0.133926 0
0.577059 0
1.384150 0
0.029232 0
1.127809 0
1.394604 0
0.396543 0
0.965885 0
0.225433 0
1.299582 0
0.038091 0
0.537606 0
0.424459 0
0.052229 0
1.477852 0
1.476182 0
1.035318 0
1.055835 0
0.815888 0
0.426681 0
0.661221 0
0.332958 0
0.512981 0
0.253427 0
0.304461 0
0.348375 0
0.328860 0
0.084881 0
0.072640 0
1.759445 0
0.340474 0
0.723090 0
0.412837 0
0.280077 0
0.467216 0
0.018903 0
0.342898 0
0.369594 0
0.678080 0
0.233732 0
0.486060 0
0.262266 0
0.275625 0
0.545851 0
0.361370 0
0.567697 0
0.663466 0
0.119664 0
0.863530 0
0.717651 0
0.050518 0
0.627200 0
0.187496 0
1.380738 0
0.129061 0
0.428468 0
0.425311 0
0.715116 0
0.114639 0
1.148613 0
0.694374 0
0.003692 0
0.046083 0
0.695431 0
0.021612 0
0.303820 0
0.719816 0
0.203999 0
0.209840 0
0.074240 0
0.577022 0
1.063201 0
0.452355 0
0.975786 0
0.324754 0
0.216376 0
0.035089 0
0.021012 0
0.404772 0
0.872324 0
0.174540 0
1.369672 0
0.004399 0
0.494611 0
1.597699 0
0.137214 0
1.039490 0
1.145181 0
0.008426 0
0.100639 0
0.249498 0
1.258386 0
0.660401 0
0.349969 0
0.957128 0
0.074711 0
0.196824 0
0.314889 0
1.441708 0
1.436201 0
1.134633 0
0.831581 0
1.317701 0
0.332163 0
0.240747 0
0.401958 0
0.976470 0
1.248028 0
0.378055 0
0.492126 0
0.293064 0
0.123626 0
0.438751 0
0.092009 0
0.388951 0
0.404319 0
1.373077 0
0.156270 0
0.304920 0
0.083793 0
0.105216 0
0.691555 0
1.098087 0
0.249808 0
0.158991 0
0.461244 0
1.406101 0
0.012008 0
1.047601 0
1.020752 0
0.064924 0
0.695055 0
0.697404 0
0.437463 0
0.015746 0
0.267961 0
0.051532 0
1.543934 0
0.190980 0
0.158651 0
1.676241 0
0.177656 0
1.481790 0
0.759891 0
0.505635 0
0.446205 0
0.531782 0
0.048276 0
0.239614 0
0.372025 0
0.566571 0
0.343513 0
0.621805 0
0.574978 0
0.292379 0
0.214524 0
0.523005 0
0.516474 0
0.338486 0
0.454686 0
0.711410 0
0.363086 0
0.310666 0
0.080952 0
0.242891 0
0.116578 0
0.462079 0
0.027748 0
0.151313 0
0.716116 0
0.078856 0
0.007915 0
0.213658 0
0.736479 0
0.813472 0
0.223478 0
0.093084 0
0.410167 0
0.164756 0
0.420243 0
0.429840 0
0.393932 0
0.724049 0
0.836012 0
0.032061 0
1.386552 0
0.449596 0
0.370101 0
0.095626 0
0.022864 0
0.135634 0
0.173695 0
0.177394 0
0.258783 0
0.360729 0
0.058631 0
0.062145 0
0.998910 0
0.065806 0
0.194397 0
0.210007 0
0.513788 0
0.408001 0
0.065041 0
0.048531 0
0.329649 0
0.522650 0
0.698938 0
0.167564 0
0.171957 0
0.159054 0
0.015293 0
0.120534 0
0.204948 0
1.560009 0
0.350987 0
0.767973 0
0.316597 0
0.202266 0
0.836735 0
0.149714 0
0.643099 0
0.181605 0
0.322546 0
0.750791 0
0.080083 0
0.439671 0
0.311876 0
0.244911 0
0.129522 0
0.430141 0
0.610198 0
1.023272 0
0.818333 0
0.887671 0
0.109181 0
0.456167 0
0.783020 0
0.742468 0
0.023527 0
0.106966 0
0.264741 0
0.833919 0
0.654869 0
0.039951 0
0.411072 0
1.384070 0
1.242280 0
0.044899 0
0.594920 0
0.323274 0
0.285665 0
0.703591 0
0.794478 0
0.404005 0
0.174837 0
0.774385 0
1.603374 0
0.142976 0
0.796410 0
0.064973 0
0.748874 0
0.008510 0
0.448469 0
0.485852 0
1.566105 0
0.466407 0
0.670111 0
0.024796 0
0.001719 0
0.709558 0
0.549684 0
0.100114 0
0.567276 0
0.906309 0
0.940668 0
0.147094 0
0.468037 0
0.592253 0
0.472635 0
0.087973 0
0.111082 0
0.538890 0
0.096673 0
0.237320 0
0.436932 0
0.222662 0
0.487486 0
0.741307 0
0.075129 0
0.376799 0
1.231249 0
0.371776 0
1.785754 0
0.296393 0
0.593134 0
0.159250 0
0.097143 0
0.114210 0
0.293322 0
1.173434 0
0.120027 0
0.331196 0
0.379523 0
0.809611 0
0.166220 0
1.466733 0
0.095165 0
0.269027 0
0.065648 0
0.165579 0
0.032602 0
0.168836 0
0.425864 0
0.063699 0
0.166475 0
0.121960 0
0.562965 0
0.069898 0
0.255338 0
0.026188 0
0.760597 0
0.351101 0
0.141801 0
0.127738 0
0.091270 0
0.688692 0
0.826129 0
0.405367 0
1.371327 0
0.281995 0
1.442015 0
0.160475 0
0.196124 0
1.468333 0
0.299656 0
0.469154 0
0.783499 0
0.844490 0
0.278714 0
1.241306 0
0.057962 0
1.067305 0
0.050963 0
1.260402 0
0.200540 0
1.010373 0
0.567180 0
0.888703 0
0.728871 0
0.076218 0
0.137768 0
0.182121 0
0.116286 0
1.106535 0
0.464608 0
0.039142 0
0.019056 0
0.304006 0
0.458454 0
0.942462 0
0.288794 0
0.135326 0
0.002552 0
0.052181 0
0.244945 0
0.043587 0
1.611004 0
1.047894 0
1.514238 0
0.138855 0
0.426792 0
0.176050 0
0.031524 0
0.016047 0
0.516739 0
0.276278 0
0.595987 0
0.190111 0
0.075777 0
0.194314 0
0.611348 0
0.872909 0
0.198671 0
0.389158 0
0.842209 0
0.410134 0
1.417920 0
0.432176 0
0.174327 0
0.636001 0
0.125380 0
0.403744 0
0.614842 0
0.412435 0
0.539021 0
0.128826 0
1.445959 0
1.358425 0
0.122379 0
0.136186 0
1.297613 0
0.681564 0
0.197417 0
0.380020 0
0.275970 0
0.218830 0
0.167920 0
0.245297 0
0.637157 0
0.800451 0
0.320544 0
0.133944 0
1.434538 0
0.234495 0
0.086604 0
0.232008 0
0.214570 0
0.233128 0
0.167569 0
0.190753 0
0.045512 0
1.805019 0
0.149373 0
0.554750 0
0.050135 0
0.079354 0
0.013002 0
0.165926 0
0.573573 0
0.138382 0
0.395983 0
1.204702 0
1.090335 0
0.525165 0
0.211181 0
0.125362 0
0.535855 0
0.305444 0
0.027673 0
0.796632 0
0.681234 0
0.009628 0
0.161619 0
0.046048 0
0.505073 0
0.015602 0
0.946933 0
0.221626 0
0.131733 0
0.400840 0
0.363583 0
0.175264 0
0.699079 0
0.176020 0
0.246058 0
0.092152 0
0.046556 0
0.249259 0
0.959025 0
0.468340 0
0.031684 0
0.038779 0
0.707753 0
0.026535 0
0.733837 0
0.484013 0
0.329147 0
1.383516 0
2.483213 0
0.189279 0
0.664827 0
0.137154 0
0.311113 0
0.138732 0
0.026227 0
0.369911 0
0.023430 0
1.027445 0
0.317166 0
0.730247 0
0.200121 0
0.282677 0
0.069343 0
0.244747 0
0.098236 0
0.282305 0
0.193811 0
0.788379 0
0.038879 0
0.028875 0
0.845346 0
0.787252 0
0.724582 0
0.521179 0
0.513245 0
0.443392 0
0.081041 0
0.318373 0
0.764198 0
0.378693 0
1.053903 0
0.066871 0
0.634139 0
0.080522 0
0.057869 0
1.045985 0
1.454352 0
0.560830 0
0.108992 0
0.334634 0
0.203276 0
0.135998 0
0.365610 0
0.801522 0
0.142076 0
1.390096 0
0.539293 0
0.235088 0
0.748786 0
1.554346 0
1.567143 0
0.236080 0
0.174520 0
0.054809 0
0.037780 0
1.418162 0
0.028558 0
0.153211 0
0.520917 0
0.116923 0
0.122281 0
0.335411 0
1.607700 0
0.394602 0
0.064309 0
0.164077 0
0.014151 0
0.235171 0
0.030123 0
0.741173 0
0.162683 0
0.577822 0
0.277706 0
1.414920 0
0.299901 0
0.557609 0
0.184597 0
0.056101 0
0.471243 0
0.272634 0
0.192285 0
0.355512 0
1.538901 0
0.474846 0
0.775869 0
0.929815 0
0.700542 0
0.264352 0
0.871199 0
0.212949 0
0.304731 0
0.768968 0
0.366278 0
0.072601 0
0.199063 0
0.124156 0
0.304492 0
0.309548 0
0.378027 0
0.165849 0
0.204264 0
0.700903 0
0.029750 0
0.192013 0
1.511423 0
0.593600 0
0.916765 0
0.527143 0
0.236693 0
1.659056 0
0.023162 0
0.080516 0
0.245848 0
0.049946 0
0.817576 0
0.256853 0
0.199842 0
0.388123 0
0.897501 0
0.206729 0
0.222015 0
1.060446 0
0.455348 0
0.206490 0
1.021572 0
1.435931 0
0.649045 0
0.071087 0
0.273207 0
0.408711 0
0.043807 0
0.499880 0
0.823167 0
0.489420 0
0.124057 0
0.565793 0
0.018645 0
0.553620 0
0.665133 0
0.289589 0
0.892041 0
0.175102 0
0.179650 0
0.380848 0
0.237645 0
0.418692 0
0.863424 0
0.126094 0
0.044350 0
0.302568 0
0.567900 0
0.884025 0
0.041983 0
0.119621 0
0.314564 0
0.190399 0
1.010717 0
0.405649 0
1.057851 0
0.307284 0
0.190218 0
0.593521 0
0.477149 0
0.620893 0
1.518824 0
0.258803 0
0.123728 0
1.267587 0
0.038101 0
0.589241 0
0.055265 0
0.062862 0
1.004894 0
0.243205 0
0.457772 0
0.916971 0
0.058692 0
0.584105 0
0.214998 0
0.319730 0
0.291891 0
0.213249 0
0.848899 0
0.748917 0
0.152028 0
1.764546 0
0.323843 0
0.110954 0
0.530715 0
0.305365 0
0.102630 0
1.415705 0
0.126832 0
0.289023 0
0.767465 0
0.344111 0
0.136026 0
0.276013 0
0.189244 0
0.159278 0
0.022397 0
0.537446 0
1.107209 0
0.986319 0
0.159455 0
0.060129 0
1.650740 0
1.331969 0
1.470379 0
0.402720 0
1.451984 0
1.422858 0
0.643397 0
0.117851 0
1.384864 0
1.307844 0
0.606341 0
0.130539 0
0.453340 0
0.250411 0
0.200068 0
0.191722 0
0.930132 0
0.145567 0
0.445716 0
0.595490 0
0.050639 0
0.065232 0
0.865366 0
0.851294 0
0.132552 0
0.207379 0
1.554077 0
0.285299 0
0.720614 0
0.276679 0
0.282171 0
0.086905 0
0.679068 0
0.644002 0
0.949507 0
0.210158 0
0.165446 0
0.468099 0
0.600609 0
0.574671 0
0.092136 0
0.301684 0
0.146794 0
0.413143 0
1.377682 0
0.295350 0
0.330401 0
0.611196 0
0.152152 0
0.309541 0
0.848188 0
0.223432 0
0.126498 0
0.080626 0
0.869458 0
0.990954 0
0.186234 0
0.324802 0
0.241276 0
0.029324 0
0.517192 0
1.261240 0
0.341944 0
0.155061 0
0.685630 0
0.121675 0
0.027866 0
0.976056 0
0.815074 0
0.431600 0
1.518796 0
0.008441 0
0.233807 0
0.228122 0
1.155654 0
0.006411 0
0.012907 0
0.381320 0
0.152869 0
0.234661 0
0.619718 0
0.489110 0
0.270699 0
1.193566 0
1.554492 0
0.097559 0
0.195876 0
0.264603 0
1.431665 0
0.800312 0
0.335606 0
0.252031 0
0.034555 0
0.017154 0
0.125801 0
2.614933 0
0.080413 0
0.168970 0
0.497810 0
0.154328 0
0.597854 0
0.344412 0
1.021169 0
0.269001 0
0.298698 0
0.098534 0
0.791801 0
0.173948 0
0.603178 0
1.225616 0
1.078391 0
0.074289 0
0.154841 0
0.216739 0
1.405013 0
0.318613 0
0.021683 0
0.690407 0
0.280255 0
1.220812 0
0.406458 0
0.864878 0
0.099973 0
0.466900 0
0.128579 0
0.983091 0
0.067386 0
0.093537 0
0.609385 0
0.702903 0
0.124518 0
1.700840 0
0.419018 0
1.515390 0
0.077092 0
0.609904 0
0.179304 0
0.674300 0
0.275609 0
0.300830 0
0.071454 0
0.141060 0
1.399799 0
0.126375 0
0.206930 0
0.317387 0
0.032008 0
0.034357 0
1.390112 0
0.202930 0
2.077556 0
0.031202 0
1.198212 0
0.903452 0
0.518328 0
0.644796 0
0.152929 0
0.495265 0
1.666252 0
0.517813 0
0.186832 0
0.031264 0
2.069028 0
0.005979 0
0.901290 0
1.590718 0
0.154654 0
0.048267 0
0.381583 0
0.356125 0
0.135915 0
1.237983 0
1.000585 0
1.498220 0
0.640058 0
0.112866 0
1.427785 0
0.626212 0
0.405597 0
0.043815 0
0.183301 0
0.168864 0
0.068070 0
0.535884 0
0.043227 0
0.081014 0
0.195659 0
0.499225 0
0.110140 0
0.017504 0
0.095528 0
0.574071 0
1.526735 0
0.309734 0
0.098322 0
1.046822 0
0.083288 0
1.010602 0
0.051174 0
0.649127 0
1.375748 0
0.691788 0
0.291672 0
0.229542 0
1.609747 0
0.848405 0
0.374929 0
0.938250 0
0.295993 0
0.816113 0
0.880382 0
0.240017 0
1.167507 0
0.473224 0
0.431105 0
0.865093 0
0.467324 0
0.337824 0
0.235301 0
1.315279 0
0.223911 0
0.773894 0
0.113977 0
0.345524 0
1.115778 0
0.369790 0
0.584484 0
0.480108 0
0.022945 0
0.270733 0
0.757314 0
0.227457 0
0.881988 0
1.396091 0
0.461557 0
0.108990 0
0.210784 0
0.092249 0
0.752264 0
0.228806 0
0.240120 0
0.155582 0
0.676501 0
0.237666 0
1.713453 0
0.454743 0
0.157578 0
0.553891 0
0.462800 0
0.733801 0
0.074717 0
0.479507 0
0.127223 0
0.347480 0
0.086733 0
0.533010 0
0.569868 0
0.156182 0
0.455738 0
0.151478 0
0.889660 0
0.084906 0
1.049662 0
0.386744 0
1.383159 0
0.231323 0
0.508841 0
1.432648 0
1.036020 0
1.683577 0
1.415564 0
1.468896 0
0.124544 0
0.546584 0
0.430362 0
0.035015 0
0.223158 0
0.795578 0
0.804433 0
0.109053 0
0.043783 0
0.239652 0
0.512273 0
0.093542 0
1.418173 0
1.594539 0
0.814556 0
0.449355 0
0.209362 0
0.003968 0
0.352382 0
0.019429 0
0.776883 0
0.329148 0
0.328323 0
0.480922 0
0.184492 0
0.535357 0
0.517873 0
0.473652 0
0.102402 0
0.050407 0
0.316893 0
0.096532 0
0.526377 0
0.051445 0
0.367325 0
1.332980 0
0.758461 0
0.143120 0
1.432196 0
0.251315 0
0.349707 0
0.512195 0
0.861708 0
1.962921 0
0.172489 0
0.169267 0
0.263232 0
0.092736 0
0.332316 0
1.623597 0
0.351284 0
1.353404 0
0.692855 0
0.222459 0
0.230846 0
0.078299 0
0.598349 0
0.329463 0
0.275391 0
0.239509 0
0.265419 0
0.176920 0
0.748309 0
0.127620 0
0.063644 0
0.677940 0
0.143742 0
0.142954 0
0.073213 0
0.057836 0
0.374552 0
0.105507 0
0.041611 0
0.246077 0
0.834771 0
0.314392 0
0.062341 0
0.659639 0
1.399281 0
0.436535 0
0.304211 0
0.307372 0
0.156375 0
0.146443 0
0.704845 0
0.160093 0
0.191180 0
0.260026 0
0.396347 0
0.400587 0
0.509634 0
0.177383 0
0.501638 0
1.798236 0
0.710179 0
0.789914 0
0.747861 0
0.566773 0
0.556986 0
0.349977 0
0.514696 0
0.578850 0
0.538334 0
0.198735 0
0.094797 0
0.423146 0
0.329664 0
0.510571 0
0.653153 0
1.178539 0
1.029409 0
0.668399 0
0.147146 0
0.073701 0
0.361286 0
1.433012 0
0.167343 0
0.307341 0
0.190904 0
0.312342 0
0.144046 0
0.223721 0
1.230231 0
1.373404 0
0.408971 0
0.690957 0
0.315329 0
0.382677 0
0.378607 0
0.406046 0
0.479399 0
1.621340 0
0.441787 0
0.081806 0
0.103214 0
0.071881 0
0.912494 0
1.548113 0
0.376245 0
0.847457 0
0.528075 0
0.199173 0
1.614506 0
1.117249 0
2.419858 0
0.082153 0
0.407741 0
0.830776 0
0.031761 0
0.509241 0
0.289499 0
0.354824 0
0.377536 0
0.433110 0
0.027959 0
0.109392 0
0.182224 0
0.071933 0
0.506028 0
1.439503 0
1.039267 0
0.059777 0
0.677840 0
0.035185 0
0.112899 0
0.278149 0
1.374161 0
0.090126 0
0.189462 0
0.048668 0
0.270359 0
0.214434 0
0.221767 0
0.137118 0
0.329218 0
0.830141 0
0.473273 0
0.580107 0
1.420846 0
1.057685 0
0.259395 0
0.035344 0
0.113034 0
0.619080 0
0.737561 0
0.547917 0
0.276743 0
1.083287 0
1.658333 0
0.075301 0
0.552897 0
1.407110 0
1.359745 0
0.887961 0
0.397852 0
0.176237 0
1.392389 0
0.956325 0
0.027096 0
1.660272 0
0.423760 0
0.144402 0
0.148524 0
0.738705 0
0.268913 0
0.329867 0
0.053416 0
0.318077 0
0.390673 0
0.172650 0
0.306758 0
0.014897 0
0.266906 0
0.277406 0
0.180224 0
0.011604 0
2.152816 0
0.336642 0
0.420673 0
0.283082 0
0.275305 0
0.143002 0
0.373984 0
1.041620 0
0.914358 0
0.084973 0
0.496738 0
0.677288 0
0.489510 0
0.321313 0
0.400411 0
0.975555 0
0.690598 0
0.654661 0
1.043355 0
0.766203 0
0.192797 0
0.175972 0
1.066070 0
1.108974 0
1.315495 0
0.374144 0
0.089445 0
0.658885 0
0.314898 0
0.585224 0
0.575931 0
0.201194 0
0.364615 0
0.124712 0
0.232824 0
0.031652 0
0.032367 0
0.183132 0
0.696757 0
0.103004 0
0.203725 0
1.361503 0
0.040483 0
0.045602 0
0.352703 0
0.912782 0
0.532744 0
0.226166 0
0.194846 0
0.940952 0
0.596997 0
0.481430 0
0.763390 0
0.136665 0
0.717274 0
0.834495 0
0.033821 0
0.076953 0
0.138864 0
0.408467 0
0.510648 0
0.244641 0
0.624596 0
0.039616 0
0.526161 0
0.330293 0
0.098157 0
0.558694 0
0.063606 0
0.083746 0
0.107494 0
0.872404 0
0.781631 0
0.316508 0
0.005186 0
0.003128 0
0.066598 0
1.191090 0
1.021980 0
1.530126 0
0.436087 0
0.223740 0
0.381492 0
0.574582 0
0.898601 0
0.415486 0
0.001500 0
0.665022 0
0.938763 0
0.955659 0
0.095437 0
0.924978 0
0.083643 0
0.027021 0
0.069492 0
0.239577 0
0.216006 0
0.436174 0
0.089772 0
0.064746 0
0.685715 0
0.004477 0
1.363106 0
1.195619 0
0.738512 0
0.162493 0
0.452132 0
1.458914 0
0.204744 0
0.620952 0
1.322322 0
0.786514 0
0.036819 0
0.747138 0
0.532385 0
0.240933 0
0.271009 0
0.628930 0
0.923853 0
0.387193 0
0.654249 0
0.697103 0
0.092658 0
0.356537 0
0.305286 0
0.075494 0
0.084233 0
0.361706 0
0.144360 0
1.342566 0
1.023213 0
0.965635 0
0.033913 0
0.262047 0
0.387035 0
1.589091 0
0.273136 0
0.121351 0
0.188789 0
0.734758 0
0.071816 0
0.285570 0
0.411790 0
0.380645 0
0.508382 0
1.459574 0
0.465981 0
0.092931 0
0.134864 0
1.026197 0
0.641161 0
0.154160 0
0.237322 0
0.060387 0
0.095698 0
0.164190 0
0.185282 0
0.340806 0
1.203278 0
0.030340 0
0.305717 0
0.027733 0
0.135667 0
0.767469 0
1.381479 0
0.482371 0
1.180956 0
0.232785 0
0.192901 0
0.005991 0
0.192284 0
1.347978 0
0.156956 0
0.251882 0
0.208197 0
0.549154 0
0.259172 0
0.117628 0
0.319029 0
0.472545 0
1.147801 0
0.256217 0
0.120874 0
0.605985 0
0.007713 0
0.657547 0
1.331600 0
0.122450 0
0.812209 0
0.406431 0
0.272974 0
0.882087 0
0.536213 0
0.243737 0
0.600342 0
0.109097 0
0.194065 0
1.388584 0
0.245165 0
1.410899 0
0.130301 0
0.275296 0
0.942899 0
0.052197 0
1.541465 0
1.109865 0
0.292426 0
0.181722 0
2.331206 0
0.595804 0
0.313594 0
0.717643 0
0.895238 0
0.774329 0
0.181038 0
0.895345 0
0.227196 0
0.378262 0
0.186733 0
0.184200 0
0.352590 0
0.393877 0
0.572334 0
0.398166 0
0.310564 0
0.175225 0
0.437539 0
0.129481 0
0.595850 0
0.607643 0
1.417671 0
0.593407 0
0.737813 0
0.715410 0
1.405942 0
0.071499 0
1.402967 0
0.777173 0
0.166791 0
1.537303 0
0.512892 0
1.119232 0
0.158260 0
0.478702 0
0.221655 0
0.130714 0
0.247489 0
0.062597 0
0.028502 0
0.876840 0
0.208755 0
0.043406 0
0.090969 0
0.061133 0
1.412729 0
0.084744 0
0.616970 0
0.581524 0
0.102249 0
0.080798 0
0.188557 0
1.427475 0
0.931091 0
0.096532 0
0.239628 0
0.827381 0
0.386796 0
1.380761 0
1.413704 0
0.653999 0
0.792753 0
0.240300 0
0.118452 0
0.163488 0
1.299803 0
0.352973 0
0.075604 0
0.518109 0
1.526471 0
0.467183 0
0.427966 0
0.916535 0
0.334287 0
1.419783 0
0.340951 0
0.077172 0
0.262178 0
0.294887 0
0.102815 0
0.451787 0
0.531873 0
0.026769 0
0.002326 0
0.508999 0
0.312720 0
0.040273 0
0.914610 0
1.475782 0
0.011774 0
0.263755 0
0.273448 0
0.246920 0
0.201672 0
0.288521 0
0.004788 0
1.452029 0
0.284497 0
0.060542 0
0.397103 0
0.136214 0
0.053775 0
1.488621 0
0.614035 0
0.015703 0
0.132334 0
1.426994 0
1.426573 0
0.889845 0
0.290284 0
0.529119 0
1.273799 0
0.918412 0
0.161309 0
0.274314 0
1.558904 0
0.243018 0
0.253180 0
0.306900 0
1.192564 0
0.295853 0
0.905834 0
0.385811 0
0.600661 0
0.151216 0
0.246464 0
0.115903 0
0.107886 0
1.201631 0
1.563400 0
0.911833 0
0.136497 0
0.628815 0
0.115000 0
0.078154 0
0.203829 0
0.311921 0
0.128281 0
0.854411 0
0.467534 0
0.756260 0
0.075537 0
1.325331 0
0.614737 0
0.922765 0
0.234315 0
0.016244 0
0.732924 0
0.357206 0
0.340472 0
0.610478 0
0.223530 0
0.271855 0
0.514158 0
0.982341 0
0.354194 0
0.485181 0
0.353291 0
0.588728 0
0.660745 0
0.240175 0
1.446741 0
0.775612 0
1.479625 0
0.013469 0
0.467160 0
0.345349 0
1.375074 0
0.131368 0
1.264551 0
0.229148 0
0.206907 0
0.317899 0
0.253880 0
1.087977 0
1.221654 0
0.009886 0
1.563396 0
0.265458 0
0.050348 0
0.045145 0
0.507671 0
0.671808 0
0.492207 0
1.209627 0
0.706759 0
0.069380 0
0.060870 0
0.004288 0
0.220952 0
1.360309 0
0.192643 0
0.002977 0
1.071536 0
0.038376 0
0.279489 0
0.325399 0
0.080792 0
0.249194 0
0.025660 0
0.399369 0
0.621238 0
1.305323 0
0.751876 0
0.266496 0
1.258787 0
0.334168 0
0.136610 0
0.557171 0
0.554618 0
0.518923 0
1.349465 0
0.673149 0
0.375966 0
0.206132 0
0.175638 0
0.124623 0
0.140185 0
0.307211 0
0.410591 0
0.160521 0
0.196718 0
0.492160 0
0.721498 0
0.047249 0
0.214787 0
0.132336 0
0.234919 0
0.239443 0
0.264385 0
0.136844 0
0.692115 0
0.914806 0
0.125425 0
0.335036 0
0.027332 0
0.895070 0
1.362706 0
0.636190 0
0.207443 0
0.317972 0
0.623434 0
0.064574 0
0.173472 0
1.969178 0
0.156099 0
0.030852 0
0.232912 0
0.123526 0
0.088779 0
1.429042 0
0.081023 0
0.051424 0
0.406545 0
0.353013 0
0.270956 0
1.383096 0
0.740929 0
0.637615 0
0.132955 0
0.398030 0
1.329077 0
0.622481 0
0.097156 0
0.154724 0
0.499469 0
0.544471 0
1.270271 0
0.047848 0
1.516565 0
0.019493 0
0.438436 0
0.030613 0
0.895229 0
0.376176 0
0.367712 0
0.722427 0
0.109818 0
0.541733 0
0.718090 0
1.396193 0
0.226947 0
0.034209 0
0.415874 0
0.814501 0
0.101985 0
0.164254 0
0.423370 0
0.213460 0
0.060302 0
0.015429 0
0.018485 0
0.776194 0
0.206988 0
0.034427 0
0.836728 0
0.551227 0
0.129990 0
0.062171 0
0.005859 0
0.478011 0
0.051282 0
1.339424 0
0.441452 0
0.011778 0
0.573981 0
0.057186 0
1.299837 0
0.520157 0
0.402768 0
0.201513 0
0.079001 0
1.270037 0
0.221779 0
0.359493 0
0.558635 0
0.030482 0
0.063780 0
1.300200 0
0.590654 0
0.334216 0
0.243147 0
1.553277 0
0.672787 0
0.039019 0
0.092368 0
1.525839 0
0.664899 0
0.117671 0
0.475228 0
0.310760 0
0.666442 0
0.028593 0
0.337791 0
0.133118 0
0.285841 0
1.714581 0
1.027627 0
0.385939 0
0.309180 0
0.066055 0
0.014197 0
0.092202 0
0.843489 0
0.702196 0
0.467840 0
1.111948 0
0.950613 0
1.397538 0
0.255605 0
0.798291 0
1.020360 0
0.550970 0
0.171396 0
0.461055 0
0.127252 0
0.070375 0
0.291020 0
1.521000 0
0.124273 0
0.550927 0
0.712663 0
0.221368 0
0.600082 0
0.714742 0
0.834736 0
0.138677 0
0.106727 0
0.562703 0
0.151217 0
0.063898 0
0.513446 0
0.042565 0
0.997699 0
0.042138 0
0.023332 0
0.064006 0
0.136554 0
0.817544 0
0.215280 0
0.163501 0
1.242860 0
0.256403 0
0.576263 0
0.780560 0
0.417818 0
0.451166 0
0.910848 0
0.925603 0
1.324872 0
0.157733 0
0.345415 0
0.085326 0
0.343186 0
0.584178 0
0.174159 0
0.676101 0
0.103805 0
0.669653 0
1.478515 0
1.085087 0
0.549250 0
0.231984 0
0.871993 0
0.218638 0
1.237683 0
0.253606 0
0.760418 0
0.527006 0
0.608827 0
1.477764 0
1.190870 0
0.486473 0
0.098039 0
0.484014 0
0.596669 0
0.231716 0
0.602216 0
0.927858 0
0.893465 0
0.422334 0
0.047126 0
0.349489 0
0.344055 0
0.117829 0
1.690077 0
0.477479 0
0.321549 0
1.064076 0
0.168655 0
0.115504 0
0.219942 0
0.204019 0
0.423426 0
0.313509 0
1.617275 0
0.616127 0
0.719797 0
0.309978 0
0.160792 0
1.086235 0
0.203278 0
0.610117 0
0.450986 0
0.125442 0
0.098404 0
0.305152 0
0.314252 0
0.411626 0
0.214989 0
0.391792 0
0.586595 0
0.131035 0
0.732643 0
1.191430 0
0.215620 0
0.927246 0
0.042461 0
0.011865 0
0.138026 0
0.219294 0
0.228517 0
0.356674 0
0.426101 0
0.819009 0
0.050804 0
0.344248 0
0.265617 0
1.603753 0
0.129795 0
0.486109 0
0.567325 0
0.264418 0
0.821731 0
0.276733 0
1.253250 0
0.364320 0
0.376058 0
0.622094 0
0.039647 0
0.292856 0
0.831239 0
1.518012 0
0.186734 0
0.107581 0
0.032486 0
0.388407 0
0.106687 0
0.613877 0
1.065406 0
0.044147 0
0.453864 0
0.289879 0
0.320061 0
0.085278 0
1.409013 0
0.524632 0
0.151133 0
0.283181 0
0.331619 0
0.043750 0
0.169970 0
0.357636 0
0.069055 0
0.622500 0
0.195277 0
0.427356 0
0.795926 0
0.285055 0
0.191042 0
1.423190 0
1.360118 0
0.872430 0
0.759040 0
0.800109 0
0.849278 0
1.192714 0
0.304951 0
0.569622 0
0.596439 0
0.249092 0
0.086722 0
0.177683 0
0.610147 0
0.106346 0
0.161987 0
0.461470 0
1.399175 0
0.447611 0
0.152966 0
0.852493 0
1.690442 0
0.219082 0
0.811140 0
0.411799 0
0.785605 0
1.380440 0
1.059155 0
1.101411 0
0.185596 0
2.563844 0
0.450427 0
0.214871 0
1.144520 0
0.073340 0
0.785473 0
0.583031 0
0.142493 0
0.361032 0
0.518069 0
0.288086 0
0.753133 0
0.533760 0
0.382252 0
0.536783 0
0.021322 0
0.240301 0
0.522618 0
0.180124 0
0.277221 0
0.165107 0
0.117774 0
0.324084 0
0.019231 0
0.495231 0
0.229422 0
0.284719 0
0.195141 0
0.467609 0
1.669213 0
0.269144 0
0.560216 0
0.289143 0
0.747626 0
0.206493 0
0.008111 0
0.275508 0
0.168466 0
0.034715 0
0.282793 0
1.187826 0
0.243705 0
0.142312 0
0.624873 0
0.221483 0
0.067947 0
0.300122 0
0.810667 0
0.584867 0
0.774915 0
0.254994 0
0.606349 0
0.083017 0
0.435515 0
0.372611 0
1.265464 0
0.366982 0
0.056244 0
0.158589 0
1.466560 0
1.456441 0
0.604492 0
0.349837 0
1.307506 0
0.054949 0
0.821666 0
0.045389 0
0.381658 0
0.475326 0
0.008294 0
0.143688 0
1.396734 0
0.232032 0
0.581821 0
0.481104 0
1.881908 0
1.370630 0
0.040914 0
0.758460 0
1.112331 0
0.473464 0
0.378109 0
0.335039 0
0.384444 0
0.343233 0
0.697729 0
0.756106 0
0.927440 0
0.182639 0
0.553092 0
0.506425 0
0.944150 0
0.610531 0
0.044666 0
0.875312 0
0.597262 0
0.246300 0
0.267295 0
0.455080 0
0.044996 0
0.113603 0
0.398474 0
0.180782 0
0.358222 0
0.104490 0
0.539975 0
0.141192 0
0.587286 0
0.535487 0
0.472374 0
0.393639 0
0.708110 0
0.851378 0
0.561335 0
0.034678 0
1.389633 0
0.122343 0
1.036937 0
0.066184 0
0.129414 0
0.261601 0
0.298294 0
0.626948 0
0.053448 0
0.039421 0
0.053180 0
0.767192 0
0.637001 0
0.398891 0
0.772992 0
0.099031 0
0.903387 0
0.619143 0
0.491680 0
0.228846 0
0.127289 0
0.379594 0
0.132947 0
0.099473 0
0.112525 0
0.127843 0
0.064262 0
0.045446 0
0.078305 0
0.371007 0
0.169930 0
0.924215 0
0.427096 0
1.229055 0
0.004863 0
0.104510 0
0.442542 0
0.123887 0
0.254789 0
1.131158 0
0.325447 0
0.522040 0
0.469568 0
0.344981 0
0.087847 0
0.632745 0
0.069608 0
0.555867 0
0.068327 0
0.278808 0
0.013632 0
0.581124 0
0.083063 0
0.243367 0
0.215395 0
1.589512 0
0.033315 0
0.086421 0
0.945935 0
0.120666 0
0.131368 0
0.266391 0
0.036447 0
1.172716 0
0.327847 0
0.467012 0
0.625610 0
0.555085 0
0.466873 0
0.720366 0
0.087779 0
0.527009 0
0.356460 0
0.187297 0
0.464480 0
0.149679 0
0.224732 0
0.459063 0
0.336449 0
1.490092 0
0.520285 0
0.431512 0
0.218261 0
0.224438 0
0.527603 0
0.177826 0
0.165779 0
1.867136 0
0.264653 0
0.408384 0
0.801467 0
0.511844 0
0.724279 0
0.605533 0
1.389621 0
0.149910 0
1.258290 0
0.041236 0
1.107074 0
0.294798 0
0.827204 0
0.334575 0
0.122375 0
0.027114 0
0.584437 0
0.019732 0
0.125826 0
0.314838 0
0.784021 0
0.129733 0
0.788843 0
0.459586 0
0.490784 0
0.063072 0
0.148910 0
0.260379 0
0.663019 0
0.034953 0
0.123002 0
0.067325 0
0.010011 0
0.864727 0
0.394728 0
0.062002 0
0.424741 0
0.087682 0
0.528659 0
0.355402 0
0.620147 0
0.391644 0
0.996821 0
0.871910 0
0.416550 0
0.261231 0
0.215123 0
0.615355 0
0.570417 0
0.219367 0
0.917025 0
0.779403 0
0.425189 0
0.254370 0
0.888368 0
0.114516 0
0.185261 0
0.328082 0
0.421944 0
1.201563 0
0.058770 0
1.254365 0
1.253218 0
0.433790 0
0.815757 0
0.990420 0
0.866031 0
0.142100 0
0.096909 0
0.301096 0
0.584427 0
0.064061 0
0.522253 0
0.793385 0
0.968653 0
0.601325 0
0.490594 0
1.337784 0
0.594360 0
0.221650 0
0.291991 0
0.999677 0
0.227727 0
0.727756 0
0.366513 0
0.774910 0
0.454211 0
0.530681 0
0.055607 0
0.296298 0
0.173158 0
0.264859 0
0.356635 0
0.056521 0
1.122461 0
0.096022 0
0.022325 0
0.622315 0
1.120094 0
0.517857 0
0.047367 0
0.076013 0
0.043449 0
0.655822 0
0.083815 0
0.183892 0
0.509192 0
0.149510 0
0.167553 0
0.589695 0
0.282414 0
0.014381 0
1.351528 0
0.052006 0
0.102881 0
1.241406 0
0.413286 0
0.481077 0
1.427960 0
0.009949 0
0.028333 0
0.263961 0
0.165018 0
0.919025 0
0.861438 0
1.075343 0
0.450350 0
0.225603 0
0.047846 0
0.977484 0
0.168323 0
0.171162 0
0.480693 0
0.505459 0
0.706998 0
0.312825 0
0.866686 0
0.509242 0
0.079912 0
0.168151 0
0.525655 0
0.056342 0
1.338347 0
0.332787 0
0.093516 0
0.311324 0
0.348206 0
0.544328 0
0.447327 0
0.247679 0
0.183266 0
0.655915 0
0.154182 0
0.142819 0
0.102125 0
0.584102 0
0.195616 0
0.139403 0
1.066240 0
0.266398 0
0.054700 0
0.098270 0
0.335275 0
0.261698 0
0.294572 0
0.365436 0
0.548981 0
0.390033 0
1.912027 0
1.112247 0
0.387045 0
1.080550 0
0.372597 0
0.958464 0
0.244791 0
1.430736 0
0.292270 0
0.183652 0
0.641405 0
0.110000 0
1.155482 0
0.766346 0
0.633236 0
0.852428 0
1.099563 0
0.096750 0
0.057158 0
0.108061 0
0.356657 0
0.270178 0
0.251452 0
0.619443 0
0.774513 0
0.773233 0
0.935126 0
0.121195 0
0.473530 0
0.748955 0
0.160773 0
0.704715 0
0.687997 0
0.803433 0
0.028876 0
0.033920 0
0.770511 0
1.222956 0
1.376546 0
0.338806 0
0.033437 0
1.008723 0
0.168050 0
0.405140 0
1.180462 0
0.020739 0
1.422839 0
0.528528 0
1.286078 0
0.102431 0
0.227398 0
0.273771 0
0.265199 0
0.786659 0
0.692110 0
0.919394 0
0.302210 0
0.917709 0
0.603869 0
1.033954 0
0.496314 0
0.343388 0
0.131717 0
0.276850 0
1.083769 0
0.088004 0
0.236928 0
0.304089 0
0.451656 0
0.414089 0
0.519646 0
1.070193 0
0.049125 0
0.086475 0
0.047699 0
0.487987 0
0.319279 0
0.213337 0
0.859109 0
0.099620 0
0.006616 0
1.233143 0
0.741895 0
0.083522 0
0.311175 0
0.790808 0
0.688980 0
0.353252 0
0.492612 0
0.520307 0
0.191152 0
0.183928 0
0.802326 0
0.271325 0
0.285216 0
0.048740 0
0.263489 0
0.967106 0
1.314768 0
0.525087 0
1.162030 0
0.201986 0
0.388864 0
0.139931 0
0.024255 0
1.033684 0
0.035379 0
0.097382 0
0.198315 0
0.860424 0
0.834856 0
0.925532 0
1.464214 0
0.526985 0
0.499422 0
0.756184 0
0.263378 0
0.083620 0
1.229938 0
0.823012 0
0.291557 0
0.178703 0
0.880192 0
0.329649 0
0.280645 0
0.637318 0
0.102109 0
0.275503 0
0.327131 0
0.250678 0
0.152831 0
0.221387 0
0.093159 0
0.046094 0
0.295452 0
1.479143 0
0.281778 0
0.642523 0
0.245246 0
0.371583 0
0.873677 0
0.355726 0
0.384699 0
0.351087 0
0.744738 0
1.433052 0
0.156068 0
0.177505 0
0.083608 0
0.040206 0
0.203134 0
0.034143 0
1.166227 0
0.951692 0
0.195488 0
1.023189 0
0.401306 0
0.648066 0
0.189221 0
0.124925 0
0.255165 0
0.065978 0
1.097687 0
0.092804 0
0.220140 0
0.062204 0
0.523010 0
0.268705 0
0.197203 0
0.072605 0
0.326397 0
0.321725 0
0.357591 0
1.592461 0
0.259657 0
0.619410 0
1.066217 0
0.133085 0
0.104425 0
1.088349 0
1.068258 0
1.338347 0
0.219556 0
0.282232 0
0.045858 0
0.447876 0
0.741360 0
0.133091 0
0.332579 0
0.081359 0
0.462970 0
0.198693 0
0.135198 0
0.338639 0
0.128413 0
1.007011 0
0.069454 0
0.269915 0
0.403666 0
0.144849 0
0.240024 0
0.032142 0
0.857176 0
0.810862 0
0.468750 0
0.168428 0
0.371886 0
0.249308 0
0.925877 0
0.197571 0
0.071496 0
0.148155 0
1.629366 0
0.264168 0
0.150635 0
0.430876 0
0.990299 0
0.245343 0
1.172877 0
0.150529 0
0.201936 0
0.564512 0
0.493858 0
0.264914 0
0.055741 0
0.931506 0
0.133139 0
1.402129 0
0.864637 0
0.389363 0
0.398990 0
1.238914 0
0.885139 0
1.007890 0
0.171591 0
0.078654 0
0.417304 0
0.964310 0
0.074815 0
0.149993 0
0.256970 0
0.781561 0
0.027032 0
0.102058 0
0.704809 0
0.193113 0
0.417950 0
1.056284 0
0.157456 0
0.311631 0
0.485546 0
0.378540 0
0.102476 0
0.178651 0
0.364239 0
0.480593 0
0.479112 0
0.754512 0
0.027452 0
1.047530 0
0.059559 0
0.701147 0
0.956236 0
0.306416 0
0.747333 0
0.036281 0
0.055024 0
0.425914 0
0.138571 0
1.193756 0
0.127987 0
0.147253 0
1.081452 0
0.942138 0
0.216325 0
0.867851 0
1.161008 0
0.117218 0
0.063279 0
0.104745 0
0.213022 0
0.125431 0
0.413690 0
0.021870 0
0.042431 0
0.647782 0
0.512903 0
0.005447 0
0.235312 0
1.334619 0
0.455255 0
0.149241 0
0.375681 0
0.437367 0
1.375510 0
1.457547 0
0.092740 0
0.755924 0
0.232192 0
1.389661 0
0.873452 0
0.370179 0
1.442145 0
0.244492 0
0.332365 0
0.103281 0
0.283487 0
0.036533 0
0.121012 0
1.351172 0
0.033796 0
1.639128 0
0.834369 0
1.006405 0
1.222975 0
0.639812 0
0.025874 0
0.689679 0
0.346570 0
1.009036 0
0.099122 0
0.534027 0
1.029546 0
0.152784 0
0.226985 0
0.392735 0
0.574132 0
1.140240 0
0.503384 0
0.060166 0
0.064545 0
0.895200 0
0.013868 0
0.263194 0
1.042291 0
0.992052 0
0.186191 0
1.866769 0
1.532771 0
1.600793 0
1.662894 0
2.080078 0
0.463578 0
0.052367 0
0.107352 0
0.239224 0
0.188983 0
1.226249 0
1.083006 0
0.676720 0
0.175333 0
0.259109 0
0.260471 0
1.088710 0
0.509165 0
1.117757 0
0.511334 0
0.148850 0
0.604374 0
0.076386 0
0.081076 0
0.975646 0
0.581320 0
0.109334 0
1.372060 0
0.162812 0
0.948556 0
0.267280 0
0.650744 0
0.358177 0
0.664651 0
0.110475 0
1.518215 0
0.941065 0
0.029724 0
1.752970 0
0.204592 0
0.128591 0
0.452488 0
0.484401 0
0.216890 0
0.388444 0
1.004224 0
0.023625 0
0.061121 0
0.278883 0
0.608542 0
0.158737 0
0.238153 0
0.490699 0
0.257297 0
0.412474 0
0.257186 0
0.076672 0
0.517091 0
0.572292 0
0.012061 0
0.800418 0
0.757182 0
0.026221 0
1.384383 0
1.147227 0
0.491249 0
0.375748 0
0.388928 0
0.174775 0
0.711898 0
0.710467 0
0.415834 0
0.447618 0
0.140692 0
0.354764 0
0.982817 0
1.021136 0
0.032458 0
0.472914 0
0.331220 0
1.080379 0
1.053604 0
0.728325 0
0.246835 0
0.164383 0
0.067873 0
0.144958 0
0.945336 0
0.055884 0
0.314120 0
0.777641 0
0.484768 0
0.925377 0
0.248572 0
0.344925 0
1.189717 0
0.521939 0
0.041566 0
0.373109 0
0.248904 0
0.337863 0
0.283761 0
0.837452 0
1.194189 0
0.323984 0
0.948277 0
0.866700 0
0.652165 0
0.916846 0
0.413490 0
1.520975 0
1.582033 0
0.381870 0
1.129285 0
0.371551 0
0.707886 0
0.380169 0
0.533384 0
0.521359 0
0.357862 0
0.490802 0
0.336184 0
0.539743 0
1.258847 0
0.755901 0
0.651370 0
0.364613 0
0.087695 0
0.096056 0
0.034010 0
1.097577 0
0.136040 0
0.399676 0
0.680211 0
0.490530 0
0.728539 0
0.210368 0
0.080427 0
0.277509 0
0.922140 0
0.333903 0
0.239179 0
0.903737 0
0.179262 0
0.179660 0
0.165718 0
1.169780 0
0.889636 0
1.122239 0
0.291535 0
0.197031 0
0.007274 0
2.009965 0
0.500751 0
0.161939 0
0.096995 0
0.384932 0
0.279532 0
0.072464 0
0.183911 0
1.382921 0
0.292211 0
0.035033 0
0.039008 0
0.284108 0
0.345519 0
0.229039 0
0.422946 0
0.512380 0
0.478933 0
0.276049 0
0.406003 0
0.158003 0
0.013176 0
0.779254 0
0.053563 0
0.250043 0
0.155667 0
0.460823 0
0.113449 0
0.166768 0
0.076398 0
1.442727 0
0.040374 0
1.510043 0
0.094249 0
0.494574 0
0.020070 0
1.446320 0
0.908432 0
0.232307 0
1.058748 0
0.023261 0
0.752535 0
0.762525 0
0.225865 0
0.172355 0
0.077334 0
0.230129 0
0.263745 0
0.757046 0
0.403316 0
0.318428 0
0.558123 0
0.362194 0
0.902274 0
0.267190 0
0.426822 0
0.970524 0
1.099885 0
0.244121 0
0.226585 0
0.326726 0
0.224329 0
0.815480 0
1.562167 0
1.373109 0
0.640678 0
0.291577 0
0.626584 0
1.389494 0
0.878652 0
0.313194 0
0.916429 0
0.667671 0
0.405467 0
0.912040 0
0.165532 0
0.301702 0
0.297595 0
0.648026 0
0.375044 0
0.777496 0
0.924326 0
0.138972 0
0.457803 0
0.049475 0
0.008289 0
0.804853 0
0.089449 0
0.122017 0
0.639859 0
0.605709 0
1.686016 0
0.234097 0
1.466236 0
0.677438 0
0.358531 0
0.055280 0
0.171420 0
0.124554 0
1.257840 0
1.728966 0
0.078077 0
0.927361 0
0.111585 0
0.972352 0
0.512891 0
0.080039 0
0.808112 0
1.545623 0
0.085203 0
0.724522 0
0.629169 0
1.098654 0
0.219891 0
0.540625 0
0.002559 0
0.181251 0
0.935365 0
0.842098 0
0.926413 0
0.715411 0
0.066585 0
0.234907 0
0.017678 0
0.774765 0
0.153567 0
0.425159 0
0.056112 0
0.588394 0
0.484810 0
0.080995 0
0.034965 0
0.370194 0
0.746262 0
0.358582 0
0.331588 0
0.083506 0
0.213166 0
0.208987 0
0.254347 0
0.186259 0
0.548408 0
0.326596 0
1.405840 0
1.286755 0
1.599872 0
0.546347 0
1.386424 0
0.493284 0
0.152835 0
0.163303 0
0.472259 0
0.580547 0
0.717555 0
0.964294 0
0.667600 0
0.437812 0
0.036650 0
0.382726 0
0.499793 0
0.094538 0
0.074564 0
0.014912 0
0.952159 0
0.732043 0
0.040804 0
1.429227 0
0.488178 0
0.590008 0
1.176928 0
0.013219 0
0.095159 0
0.914673 0
0.127376 0
0.362048 0
1.355406 0
0.658393 0
0.919082 0
0.024938 0
0.393822 0
1.917049 0
1.356179 0
0.413647 0
0.085230 0
0.714365 0
1.104436 0
0.517523 0
0.290557 0
0.398256 0
0.924840 0
0.209596 0
0.364013 0
0.658535 0
0.509347 0
1.020949 0
0.981529 0
0.556850 0
1.175321 0
0.558623 0
0.058518 0
0.013344 0
0.202410 0
0.317211 0
0.767461 0
1.654151 0
0.221782 0
0.077341 0
1.375313 0
0.028030 0
0.760928 0
0.438567 0
0.103214 0
0.466835 0
0.192716 0
0.390445 0
0.219451 0
0.955479 0
0.498742 0
0.009215 0
0.154809 0
1.497095 0
1.382135 0
1.436511 0
0.236263 0
0.054314 0
0.352888 0
0.908785 0
0.874712 0
0.417993 0
0.187657 0
0.894341 0
1.513729 0
0.092832 0
0.174103 0
0.384653 0
1.628501 0
0.192520 0
0.319530 0
0.789079 0
0.102839 0
0.086325 0
0.769460 0
0.228211 0
0.941241 0
0.729144 0
0.714259 0
0.210859 0
0.573928 0
0.569774 0
0.270958 0
0.843550 0
0.063030 0
0.473574 0
0.150870 0
1.115942 0
0.254704 0
1.058394 0
0.328364 0
0.066952 0
0.289619 0
0.201798 0
0.247099 0
0.609186 0
0.858273 0
0.986304 0
0.026945 0
1.004232 0
0.126987 0
0.355769 0
0.329997 0
0.856426 0
0.023028 0
0.174330 0
0.410583 0
0.181915 0
0.457461 0
0.123068 0
0.234952 0
0.422376 0
0.568318 0
0.419685 0
0.073080 0
1.043510 0
1.026278 0
1.546373 0
0.044752 0
0.167652 0
0.198613 0
0.152682 0
0.987997 0
1.085173 0
0.548082 0
0.714585 0
0.426314 0
1.414550 0
0.206663 0
0.099640 0
1.094513 0
0.045241 0
0.703577 0
0.316016 0
0.825818 0
0.032713 0
0.446857 0
0.407046 0
0.031989 0
0.143122 0
0.407405 0
0.861781 0
0.829246 0
0.259676 0
1.053662 0
0.536441 0
0.335379 0
0.978551 0
1.343100 0
0.039157 0
1.295393 0
1.521697 0
0.297266 0
0.172150 0
0.471129 0
0.422091 0
0.215356 0
1.050597 0
0.201557 0
1.052419 0
0.506484 0
0.489246 0
0.175837 0
0.886042 0
0.600831 0
1.080108 0
0.146644 0
0.044459 0
0.029746 0
0.189316 0
0.534768 0
0.420856 0
0.455829 0
0.222894 0
0.291313 0
1.250080 0
0.890526 0
0.638200 0
0.516730 0
0.759063 0
0.327456 0
0.126494 0
1.085155 0
0.115467 0
0.310241 0
0.134728 0
0.632203 0
0.147815 0
0.826202 0
0.133744 0
0.066683 0
0.518739 0
0.850548 0
0.360925 0
0.813288 0
0.827503 0
0.098649 0
0.171712 0
0.052565 0
0.122645 0
0.743023 0
0.196208 0
0.044537 0
0.237875 0
0.233160 0
0.348322 0
1.594557 0
1.423783 0
0.404211 0
0.429850 0
1.167130 0
0.660438 0
0.385580 0
0.835561 0
0.531641 0
0.212687 0
0.535067 0
0.166747 0
0.408819 0
0.154511 0
0.041410 0
0.157224 0
0.095047 0
0.116341 0
0.373175 0
0.012844 0
0.051222 0
0.007070 0
0.025109 0
0.646597 0
0.472537 0
0.354031 0
0.465005 0
0.342689 0
0.126753 0
0.494003 0
0.541690 0
0.077809 0
0.071908 0
0.239619 0
0.444875 0
0.381723 0
0.176430 0
0.371343 0
0.170736 0
1.306742 0
1.259819 0
0.270124 0
0.273409 0
1.054839 0
0.653785 0
1.483638 0
0.956606 0
0.735466 0
0.316876 0
1.583669 0
0.124575 0
0.088879 0
1.855993 0
0.665809 0
0.242698 0
0.366683 0
0.129227 0
0.697040 0
0.055698 0
1.379518 0
1.128486 0
0.589725 0
0.174230 0
0.084047 0
1.346545 0
0.168237 0
0.521866 0
0.503286 0
0.473003 0
0.239566 0
0.264049 0
0.045720 0
0.584542 0
0.179043 0
0.190543 0
0.814119 0
0.211282 0
0.143816 0
1.801567 0
0.593527 0
0.359879 0
0.713913 0
0.146119 0
0.836807 0
0.175128 0
0.256037 0
1.296684 0
0.275328 0
0.107149 0
0.161297 0
0.310196 0
0.991896 0
0.088000 0
0.112032 0
0.355313 0
0.067868 0
0.111766 0
0.064628 0
0.602403 0
0.126054 0
0.359035 0
0.373400 0
0.251490 0
0.388658 0
1.755288 0
0.060468 0
1.093808 0
1.373633 0
0.011373 0
0.480518 0
1.589548 0
0.144541 0
1.421976 0
0.475273 0
1.107414 0
0.071851 0
0.066219 0
0.134107 0
0.767976 0
0.239266 0
0.075854 0
0.097790 0
0.090480 0
0.446177 0
1.089248 0
1.119468 0
0.176305 0
0.246479 0
0.207420 0
1.208996 0
1.074251 0
0.638747 0
0.345855 0
0.082899 0
0.495232 0
0.219567 0
0.169745 0
1.082894 0
1.570673 0
0.450075 0
0.160412 0
0.701033 0
0.243471 0
0.900911 0
0.317277 0
0.307555 0
1.364136 0
0.151256 0
1.144179 0
0.973222 0
0.129561 0
0.290460 0
0.456800 0
0.264587 0
1.397898 0
0.022426 0
0.235750 0
1.550679 0
0.569383 0
0.632163 0
0.090307 0
0.011443 0
0.936611 0
0.056934 0
1.056412 0
1.153799 0
0.404773 0
0.683427 0
0.608181 0
0.634892 0
0.309054 0
