1.589715 0
0.488844 0
0.984659 0
0.249816 0
0.146481 0
0.749249 0
0.322696 0
0.320794 0
0.252160 0
0.266740 0
0.478967 0
0.351127 0
0.285273 0
0.582978 0
0.282746 0
0.071671 0
0.128320 0
0.121994 0
0.687674 0
1.116421 0
0.971787 0
0.236905 0
1.276480 0
0.859242 0
0.037039 0
1.864529 0
0.226254 0
1.052866 0
0.816930 0
0.257807 0
0.520275 0
0.613151 0
0.217132 0
0.243474 0
0.304981 0
0.849689 0
0.145115 0
0.767575 0
0.327287 0
0.353611 0
0.504000 0
0.466500 0
0.104308 0
0.361841 0
0.253696 0
0.104539 0
0.505982 0
0.673056 0
0.528689 0
0.921207 0
0.679503 0
0.071334 0
0.707689 0
1.309130 0
0.143957 0
0.104029 0
0.530548 0
0.648831 0
1.344041 0
0.626898 0
0.419573 0
0.151903 0
0.439803 0
1.463609 0
1.163807 0
1.022235 0
0.103728 0
0.570967 0
0.773742 0
0.764469 0
1.393320 0
0.844304 0
0.340131 0
0.237632 0
0.100018 0
0.712471 0
0.507130 0
0.129911 0
0.240103 0
0.776760 0
0.605057 0
0.088154 0
0.910092 0
1.284534 0
1.486377 0
0.139624 0
0.141167 0
1.252340 0
0.128107 0
0.700326 0
0.607134 0
0.448165 0
0.682540 0
0.868404 0
0.524420 0
0.387560 0
0.696456 0
0.350347 0
0.987093 0
0.236832 0
1.281368 0
0.499685 0
0.342727 0
0.641895 0
0.969948 0
0.231202 0
0.230292 0
0.904745 0
1.684943 0
0.757492 0
0.563591 0
1.488868 0
0.050234 0
0.197004 0
0.962177 0
0.469786 0
0.387314 0
0.088580 0
0.403143 0
0.611346 0
0.603453 0
0.325339 0
0.084485 0
0.138963 0
0.174043 0
0.232491 0
0.028654 0
0.254627 0
0.031152 0
0.090788 0
0.631859 0
1.250016 0
0.259605 0
0.276099 0
0.313396 0
0.049100 0
0.847108 0
0.330706 0
1.347394 0
0.827466 0
0.325512 0
1.506423 0
0.538054 0
0.705711 0
0.400265 0
0.240979 0
0.034106 0
0.465075 0
1.378829 0
1.090525 0
0.427158 0
0.170531 0
0.304290 0
0.277413 0
0.212433 0
0.945877 0
0.431110 0
0.246630 0
0.403659 0
0.505160 0
0.035691 0
0.040342 0
0.172672 0
0.136722 0
0.065423 0
0.030536 0
0.574156 0
0.548917 0
0.391258 0
0.028255 0
0.370061 0
0.235747 0
0.745285 0
1.521834 0
0.453187 0
0.027405 0
0.181979 0
0.255601 0
0.512550 0
0.049113 0
0.095056 0
0.994340 0
0.248171 0
0.159836 0
0.594423 0
0.512075 0
0.497042 0
0.048004 0
1.721449 0
0.230536 0
1.263857 0
0.127490 0
0.122497 0
0.193121 0
0.038385 0
0.088481 0
0.279009 0
0.800989 0
0.277866 0
0.454795 0
0.344681 0
1.620286 0
0.215873 0
0.598204 0
1.102686 0
0.288935 0
0.260242 0
0.063256 0
1.037610 0
1.004985 0
0.697455 0
0.044264 0
0.982134 0
1.468952 0
0.834691 0
0.248630 0
0.327669 0
0.397363 0
0.896776 0
0.549133 0
1.355827 0
0.336713 0
0.360105 0
0.060633 0
0.609976 0
0.494236 0
0.329365 0
0.866627 0
0.127087 0
1.019235 0
0.548698 0
0.341813 0
0.282493 0
0.388699 0
0.139820 0
0.200942 0
0.116409 0
0.620760 0
0.160011 0
0.264503 0
0.756775 0
0.920134 0
0.014873 0
0.232270 0
0.385821 0
1.472751 0
0.216773 0
0.415237 0
1.359087 0
0.236242 0
1.491168 0
0.549627 0
0.109244 0
1.113203 0
0.298282 0
1.407539 0
0.970854 0
0.122153 0
0.710010 0
1.384555 0
0.379412 0
0.323259 0
0.256764 0
0.652346 0
0.615850 0
0.790516 0
0.737082 0
0.296979 0
1.119536 0
0.585610 0
0.639880 0
0.112738 0
0.504394 0
0.324640 0
0.263267 0
0.014481 0
0.112410 0
1.670857 0
0.155699 0
0.388521 0
0.635970 0
0.020917 0
0.517841 0
0.716021 0
0.449570 0
0.336691 0
0.015076 0
0.288466 0
0.144401 0
0.088746 0
0.453890 0
0.386777 0
0.109636 0
0.019874 0
0.648388 0
0.910846 0
0.295325 0
0.542919 0
0.233894 0
0.271586 0
0.109448 0
0.408005 0
0.247746 0
0.080149 0
0.783493 0
0.424331 0
0.068392 0
0.245894 0
0.664567 0
1.404335 0
0.192738 0
1.656662 0
0.899969 0
1.104603 0
0.010144 0
1.686572 0
0.175683 0
0.299371 0
0.059494 0
0.294941 0
0.416385 0
0.185169 0
0.096527 0
0.012197 0
1.538445 0
0.060235 0
1.582101 0
0.989543 0
1.053578 0
0.439556 0
0.658795 0
1.080793 0
0.742119 0
0.530531 0
0.216140 0
0.269953 0
1.374078 0
1.058269 0
0.890269 0
0.218052 0
0.218200 0
0.372172 0
0.244521 0
0.464835 0
0.166950 0
0.836629 0
0.980783 0
0.324657 0
0.627859 0
0.752705 0
0.851473 0
0.203980 0
0.359028 0
0.186397 0
0.079199 0
0.306570 0
1.037888 0
0.218856 0
0.888127 0
0.695936 0
0.241794 0
0.228409 0
0.641634 0
0.043666 0
0.604726 0
1.150266 0
0.364769 0
0.162883 0
0.813270 0
0.152191 0
0.105142 0
0.379293 0
1.534349 0
0.020190 0
1.416607 0
0.312768 0
0.665343 0
0.528579 0
0.159734 0
0.309531 0
1.654592 0
1.062887 0
0.167821 0
0.375568 0
0.412963 0
0.145235 0
0.310590 0
1.299717 0
0.086991 0
0.177632 0
0.367448 0
0.159778 0
0.518784 0
0.485802 0
1.272738 0
0.410796 0
0.308494 0
0.514819 0
0.125349 0
0.044481 0
0.505042 0
0.571514 0
0.551494 0
0.473581 0
0.344251 0
0.145835 0
0.692696 0
0.788491 0
0.842560 0
0.178125 0
0.402428 0
0.728063 0
1.021143 0
0.215892 0
0.020414 0
0.031714 0
0.726969 0
0.536793 0
0.164813 0
0.026547 0
0.692976 0
0.132971 0
0.081420 0
0.126807 0
0.886001 0
0.398541 0
0.604242 0
2.004256 0
0.266500 0
0.939887 0
0.923257 0
0.704734 0
0.494769 0
0.046940 0
0.228501 0
0.036907 0
0.770681 0
0.025353 0
1.145083 0
0.611547 0
1.538945 0
0.001565 0
0.038151 0
0.398304 0
0.293326 0
0.604098 0
0.480391 0
0.543402 0
0.594632 0
0.148221 0
0.127424 0
0.458724 0
0.214488 0
0.484569 0
0.138279 0
1.418656 0
0.375921 0
0.210873 0
0.817861 0
1.878002 0
0.403915 0
0.637755 0
0.064977 0
0.536448 0
0.072371 0
0.198786 0
0.776770 0
0.173935 0
1.316164 0
0.284320 0
1.392695 0
0.309630 0
0.146354 0
0.285870 0
0.023681 0
0.185462 0
0.803153 0
0.485203 0
1.005721 0
0.318548 0
0.434136 0
0.064755 0
0.045558 0
0.197415 0
0.959493 0
0.121148 0
0.196491 0
0.344017 0
0.858709 0
0.227769 0
0.272937 0
0.096254 0
0.151507 0
0.815920 0
1.003776 0
0.179468 0
1.618014 0
0.438832 0
0.122284 0
0.069700 0
0.008394 0
0.467917 0
0.212753 0
0.501257 0
0.189612 0
1.250755 0
0.773064 0
0.314822 0
0.296430 0
0.163662 0
0.172798 0
0.153935 0
0.524293 0
1.304839 0
0.116744 0
0.130550 0
0.119601 0
0.727896 0
0.380659 0
0.357528 0
1.087170 0
1.097571 0
0.105975 0
1.388944 0
0.715113 0
0.122437 0
0.072352 0
0.186875 0
0.403190 0
0.375993 0
1.289388 0
1.299053 0
0.100096 0
0.033115 0
0.153880 0
0.253053 0
1.154651 0
0.344582 0
0.771311 0
0.070113 0
0.282216 0
2.726513 0
0.402894 0
0.830417 0
0.540108 0
0.590323 0
0.225419 0
0.417365 0
0.063616 0
1.026342 0
0.316953 0
0.167071 0
0.423751 0
0.131583 0
0.680141 0
0.104521 0
0.070090 0
1.145777 0
0.107498 0
0.844611 0
0.969665 0
0.057388 0
0.079928 0
0.227217 0
0.061600 0
0.167586 0
0.218028 0
0.055170 0
0.105862 0
1.472635 0
0.040204 0
1.290924 0
0.289516 0
1.119065 0
0.205109 0
0.031502 0
0.054310 0
0.057497 0
0.219105 0
0.266080 0
0.738497 0
0.084473 0
0.471935 0
0.742606 0
0.196378 0
0.905098 0
0.025916 0
0.389858 0
0.185972 0
1.290697 0
0.171318 0
0.089690 0
0.339622 0
0.024653 0
0.369033 0
0.105127 0
0.222197 0
0.380192 0
0.155604 0
0.525928 0
0.344510 0
0.232162 0
0.255411 0
0.298573 0
1.279488 0
0.215846 0
0.677883 0
0.141538 0
0.385729 0
0.816451 0
1.267226 0
1.045858 0
0.014145 0
1.034474 0
0.048079 0
0.063416 0
1.471044 0
0.865940 0
0.559681 0
0.085398 0
0.220870 0
0.777027 0
0.631726 0
0.633350 0
0.936276 0
0.168592 0
0.391113 0
0.033995 0
0.440095 0
0.338275 0
0.900085 0
1.188013 0
0.703822 0
0.828507 0
0.271018 0
0.268117 0
0.982016 0
0.512202 0
0.837224 0
0.141380 0
1.119668 0
0.569249 0
1.444365 0
0.644641 0
0.898716 0
0.198571 0
0.524251 0
0.061042 0
1.465749 0
0.138842 0
0.226539 0
0.179324 0
0.535505 0
0.344084 0
0.092344 0
0.089246 0
0.315574 0
0.026083 0
0.091390 0
1.383563 0
0.067044 0
0.256891 0
1.193571 0
0.846104 0
0.559333 0
0.133488 0
0.296606 0
0.128559 0
1.057043 0
0.034466 0
0.502432 0
0.520254 0
0.038968 0
0.315729 0
0.111397 0
0.196882 0
0.519784 0
0.174719 0
0.946268 0
0.236297 0
0.460781 0
0.390734 0
1.177249 0
0.304879 0
1.170856 0
0.585338 0
0.996913 0
0.171050 0
1.402015 0
1.236245 0
0.652104 0
0.801560 0
1.248064 0
0.343209 0
0.174144 0
0.472421 0
0.140629 0
0.563877 0
0.732867 0
1.644974 0
0.141121 0
0.908732 0
0.064910 0
0.894541 0
0.086821 0
0.345710 0
0.348050 0
0.088658 0
0.201877 0
0.453313 0
0.006546 0
0.729313 0
0.770196 0
0.329517 0
0.236735 0
0.721181 0
0.048574 0
0.197476 0
0.761403 0
0.327590 0
0.222996 0
0.833301 0
0.074401 0
0.039723 0
0.726820 0
0.261149 0
0.871199 0
0.773776 0
0.106254 0
0.106644 0
0.780253 0
1.441311 0
1.194489 0
0.233175 0
0.913305 0
0.293467 0
0.348344 0
0.084898 0
0.276713 0
0.513518 0
0.052716 0
0.124710 0
0.346136 0
0.447908 0
1.807694 0
2.947000 0
0.106836 0
0.455132 0
0.215683 0
0.416817 0
0.232178 0
0.369092 0
0.447384 0
0.082293 0
0.427766 0
0.444095 0
0.198351 0
0.279324 0
0.467181 0
0.132335 0
0.155880 0
0.093895 0
0.215903 0
0.294741 0
0.450816 0
0.368973 0
0.229318 0
1.252092 0
0.021113 0
0.538737 0
0.038121 0
0.036632 0
0.106327 0
0.057175 0
0.087027 0
0.419000 0
0.130594 0
0.076473 0
0.104758 0
0.289645 0
0.751054 0
0.432099 0
0.559901 0
0.226482 0
0.034402 0
0.034291 0
1.480781 0
0.135744 0
2.267961 0
0.173797 0
0.533385 0
0.169064 0
0.689864 0
0.386980 0
1.014807 0
0.365597 0
0.037245 0
0.800364 0
1.343663 0
0.215458 0
0.244917 0
0.150186 0
0.555858 0
0.207884 0
0.308327 0
0.173980 0
1.420295 0
0.098372 0
0.823825 0
0.103478 0
0.148623 0
0.485832 0
1.557502 0
0.183967 0
0.516643 0
1.410908 0
0.227743 0
1.469753 0
0.127310 0
1.471377 0
0.203373 0
0.283130 0
1.044674 0
0.658315 0
0.457927 0
0.179734 0
0.798470 0
0.790037 0
0.011929 0
0.093520 0
0.284513 0
1.643337 0
0.715541 0
0.670368 0
0.236078 0
1.151433 0
0.743824 0
0.201066 0
0.368696 0
0.691226 0
0.227808 0
0.882630 0
0.091363 0
1.423622 0
0.077182 0
0.493352 0
0.117659 0
0.979649 0
0.526882 0
1.389809 0
0.286871 0
0.453868 0
0.100643 0
1.201183 0
0.018019 0
0.453113 0
1.377620 0
0.337727 0
0.085081 0
0.183906 0
0.172303 0
0.257693 0
1.226091 0
0.222801 0
0.032584 0
0.132036 0
0.231675 0
0.271946 0
1.074768 0
0.210589 0
0.078855 0
1.004087 0
1.551682 0
1.285730 0
0.620304 0
0.704830 0
0.366648 0
1.402112 0
0.125771 0
0.794999 0
0.275870 0
0.864366 0
1.141432 0
0.163034 0
0.015665 0
1.012326 0
0.197359 0
0.405442 0
0.168080 0
0.651583 0
0.224804 0
0.141967 0
0.183964 0
0.167017 0
0.061863 0
0.646402 0
0.104051 0
0.624686 0
0.147999 0
0.018304 0
0.577213 0
0.043874 0
0.089584 0
0.628649 0
0.002494 0
0.605266 0
0.303369 0
0.303325 0
0.067434 0
0.728028 0
0.040866 0
0.038512 0
0.557304 0
0.740405 0
0.749563 0
0.257498 0
0.018651 0
0.219189 0
0.509632 0
0.320472 0
1.019127 0
0.485674 0
0.222501 0
0.542237 0
0.239604 0
0.255755 0
0.402610 0
0.727927 0
1.120943 0
0.720492 0
0.343422 0
0.986398 0
0.261059 0
0.643564 0
1.815168 0
0.195421 0
1.059018 0
2.144740 0
0.446007 0
0.351814 0
0.436247 0
0.363918 0
0.179830 0
0.528416 0
1.388406 0
0.028996 0
0.178888 0
0.246252 0
1.152347 0
0.544262 0
0.147161 0
0.014708 0
0.047422 0
1.475472 0
0.113616 0
1.534045 0
0.748885 0
0.474713 0
0.061267 0
1.478208 0
0.424350 0
0.115825 0
0.716585 0
1.409151 0
0.089368 0
0.798906 0
0.950749 0
0.675929 0
0.425694 0
0.055533 0
0.051676 0
1.019763 0
0.898447 0
0.189647 0
0.065855 0
1.526988 0
0.238295 0
1.070575 0
0.729400 0
0.265389 0
0.052152 0
0.278232 0
1.162585 0
1.400213 0
1.190656 0
0.015903 0
0.322855 0
1.197220 0
0.827604 0
0.348061 0
0.299871 0
0.411837 0
1.491561 0
0.216353 0
0.596908 0
0.156148 0
0.856687 0
0.118520 0
0.305532 0
1.074373 0
0.946594 0
0.383926 0
0.912702 0
0.472738 0
0.601879 0
0.695327 0
0.212520 0
0.197081 0
0.315654 0
0.016081 0
0.995558 0
0.111617 0
0.171186 0
0.800932 0
0.427596 0
0.137651 0
0.436925 0
0.513640 0
1.075995 0
1.289831 0
1.197382 0
0.036749 0
0.073109 0
0.143091 0
0.869971 0
0.426168 0
0.445340 0
0.617837 0
0.058615 0
1.391976 0
0.675369 0
1.094170 0
0.185491 0
0.581593 0
1.213421 0
0.810319 0
0.410045 0
0.447159 0
0.299891 0
1.533111 0
1.246375 0
0.191108 0
1.237780 0
1.419497 0
0.317571 0
0.574662 0
0.085011 0
0.447588 0
0.318299 0
0.221700 0
0.287554 0
0.122991 0
0.527356 0
0.148967 0
0.156723 0
0.594447 0
1.104599 0
0.812935 0
0.784405 0
0.478489 0
0.023083 0
0.172668 0
1.778715 0
0.379114 0
0.263003 0
0.734752 0
0.042961 0
0.507768 0
0.909252 0
0.735997 0
0.179816 0
0.764757 0
0.052972 0
0.131702 0
1.381778 0
0.233426 0
0.175251 0
1.014825 0
0.120853 0
0.257564 0
0.340083 0
1.825581 0
1.216770 0
0.423557 0
0.606083 0
1.251448 0
0.144556 0
0.648726 0
0.047314 0
0.264217 0
0.193666 0
1.108267 0
0.287089 0
0.103704 0
0.510373 0
0.277134 0
0.273692 0
0.386718 0
1.338979 0
0.113073 0
0.284025 0
0.414566 0
0.506097 0
1.143218 0
0.404807 0
1.397665 0
0.067045 0
0.009728 0
0.242747 0
0.523494 0
0.220559 0
0.140026 0
0.398955 0
0.261966 0
0.306509 0
1.634647 0
0.295407 0
0.192540 0
0.718553 0
0.553625 0
0.198484 0
0.091935 0
0.447292 0
0.023139 0
0.489632 0
0.259382 0
0.129481 0
0.403703 0
0.150155 0
0.050032 0
0.165282 0
1.218241 0
0.373768 0
0.294183 0
0.320436 0
0.162315 0
0.221978 0
0.089371 0
1.453590 0
0.272135 0
0.103530 0
0.078695 0
0.204851 0
1.408955 0
0.091768 0
0.813442 0
0.246813 0
0.701932 0
0.525124 0
0.097273 0
0.302515 0
0.131841 0
0.082931 0
0.238134 0
0.227151 0
0.348521 0
0.261789 0
0.041807 0
0.040392 0
0.565687 0
0.058695 0
0.166647 0
0.094660 0
0.055893 0
0.013044 0
0.271215 0
0.039713 0
0.320239 0
0.716084 0
0.652680 0
0.073428 0
0.684681 0
1.080615 0
0.271718 0
0.617162 0
0.215155 0
0.658341 0
1.462775 0
0.191581 0
1.354896 0
1.376761 0
0.053777 0
0.142026 0
0.877195 0
0.019182 0
0.677465 0
1.414736 0
0.379237 0
0.026739 0
0.086132 0
1.378065 0
0.070064 0
0.922095 0
0.160487 0
0.098688 0
0.040599 0
0.060439 0
1.407046 0
0.298280 0
0.167118 0
0.240118 0
0.474063 0
0.064183 0
1.073557 0
0.050056 0
1.108184 0
0.112332 0
1.437316 0
0.053275 0
0.445731 0
0.797071 0
1.111066 0
0.653356 0
0.196316 0
0.591081 0
0.303996 0
0.233851 0
0.670260 0
0.493590 0
0.436963 0
0.068154 0
0.271252 0
0.607779 0
0.228451 0
0.499026 0
0.241476 0
0.620145 0
1.010200 0
1.132984 0
0.992975 0
0.799692 0
0.787650 0
0.452836 0
1.007394 0
0.209692 0
0.111528 0
0.056959 0
0.175047 0
0.622665 0
0.111315 0
0.201959 0
0.276487 0
0.534181 0
0.943773 0
0.538932 0
0.033118 0
0.034668 0
0.576026 0
0.463620 0
0.055992 0
0.467385 0
0.347580 0
1.079253 0
0.208113 0
0.090238 0
0.076512 0
0.437492 0
0.236861 0
0.735128 0
0.085590 0
0.384431 0
0.216058 0
0.926142 0
0.430457 0
0.123582 0
1.447937 0
0.677425 0
0.074448 0
1.360355 0
0.213882 0
0.124445 0
0.073723 0
0.427618 0
0.213138 0
0.524203 0
0.230431 0
0.688639 0
0.292525 0
0.601150 0
1.028019 0
0.294065 0
0.198406 0
0.036108 0
0.514016 0
1.223498 0
0.211346 0
0.304499 0
0.450999 0
0.824134 0
0.253519 0
0.086387 0
0.439552 0
0.116947 0
1.230953 0
0.782955 0
0.011729 0
0.156874 0
0.144885 0
0.184126 0
0.147035 0
0.223785 0
0.253709 0
0.224081 0
1.440750 0
0.325225 0
0.462078 0
0.090336 0
0.226228 0
0.432428 0
0.178560 0
0.152267 0
0.385564 0
0.188149 0
0.237644 0
0.297903 0
0.597915 0
0.539610 0
0.050314 0
1.074283 0
0.363439 0
0.228273 0
0.355848 0
0.152424 0
0.224371 0
0.011213 0
0.622513 0
0.129982 0
0.309390 0
0.324658 0
0.121996 0
1.108117 0
0.090269 0
0.681324 0
0.773988 0
0.536318 0
0.498989 0
0.723012 0
0.424871 0
0.799174 0
1.725394 0
0.646957 0
0.920048 0
0.345821 0
0.225443 0
0.344030 0
0.389444 0
1.447947 0
0.102774 0
0.051613 0
0.089629 0
0.307896 0
0.813757 0
0.851030 0
0.145734 0
0.057333 0
0.072557 0
0.609812 0
0.208857 0
0.066714 0
0.190089 0
0.177173 0
0.044190 0
0.270868 0
0.508575 0
0.216979 0
1.055880 0
1.380734 0
0.649511 0
1.721488 0
0.790833 0
0.188907 0
0.127631 0
0.009019 0
0.793969 0
0.084958 0
1.247303 0
0.564105 0
0.717936 0
0.044914 0
0.052610 0
0.222890 0
1.199807 0
1.371309 0
0.137732 0
1.272081 0
1.069015 0
0.044394 0
0.579948 0
0.812960 0
0.252589 0
0.098481 0
0.967474 0
1.388376 0
0.064478 0
0.161151 0
0.102418 0
0.405881 0
0.460951 0
1.559789 0
0.388251 0
0.308514 0
0.059529 0
1.737498 0
0.704102 0
0.509740 0
0.353938 0
0.495738 0
0.193418 0
0.285970 0
0.470325 0
0.848168 0
0.764494 0
0.140150 0
1.450255 0
0.419071 0
0.176571 0
0.035184 0
0.295030 0
0.820268 0
0.031967 0
0.012231 0
0.342120 0
1.870916 0
0.178248 0
1.198204 0
0.621864 0
0.444560 0
0.676553 0
0.474014 0
0.158792 0
0.375588 0
0.480034 0
0.484440 0
0.298108 0
0.043510 0
1.436201 0
1.464601 0
0.120390 0
0.176201 0
0.310975 0
0.199676 0
0.032647 0
0.211788 0
1.111702 0
0.016530 0
0.578365 0
0.775682 0
0.067459 0
0.079438 0
0.867335 0
0.423625 0
1.335101 0
0.964124 0
0.215951 0
0.576137 0
0.353059 0
0.109085 0
0.380987 0
0.319173 0
1.466946 0
0.724527 0
1.114560 0
0.455899 0
0.371132 0
0.261838 0
1.334650 0
0.373765 0
0.475415 0
1.307129 0
0.644858 0
0.030206 0
0.715426 0
0.408636 0
0.697356 0
0.196199 0
0.057529 0
1.108280 0
1.218988 0
0.155551 0
0.330788 0
1.026306 0
0.089661 0
0.245000 0
1.357370 0
0.183722 0
1.240337 0
0.423546 0
0.390233 0
1.387068 0
0.016840 0
0.105940 0
0.225675 0
0.076588 0
0.730997 0
0.904521 0
0.365695 0
0.186839 0
0.373500 0
0.169104 0
0.673695 0
0.326622 0
0.210203 0
0.918634 0
0.085729 0
0.006704 0
0.126118 0
0.389488 0
0.433666 0
0.220906 0
0.178212 0
0.087601 0
0.035081 0
0.031985 0
0.201581 0
1.148322 0
0.291147 0
0.294791 0
1.284236 0
0.828982 0
0.044481 0
0.089157 0
0.565427 0
0.578253 0
0.793794 0
1.141912 0
0.049011 0
0.551819 0
0.479789 0
0.192983 0
0.575871 0
0.312249 0
0.232242 0
0.334598 0
0.062726 0
0.079503 0
0.274369 0
0.792620 0
0.797369 0
0.144260 0
0.707996 0
0.567181 0
0.218401 0
0.550188 0
0.608699 0
0.462478 0
0.311344 0
0.051591 0
0.966947 0
0.628382 0
0.335186 0
1.311469 0
0.738640 0
0.105431 0
1.567934 0
0.369829 0
0.345148 0
0.941493 0
0.333351 0
0.274967 0
0.700639 0
0.563881 0
0.212752 0
0.199000 0
0.554351 0
0.792110 0
0.458060 0
0.346072 0
0.051321 0
0.715801 0
0.267855 0
0.367442 0
1.422342 0
1.507239 0
0.252285 0
1.118931 0
0.254932 0
0.106899 0
1.309484 0
1.233324 0
0.918269 0
0.175450 0
0.264183 0
0.708838 0
0.185174 0
0.223978 0
0.263868 0
0.105955 0
0.008921 0
0.292285 0
0.674747 0
0.161964 0
0.392275 0
1.663892 0
0.878229 0
0.337071 0
0.401916 0
0.119192 0
0.678378 0
0.139222 0
0.742665 0
0.173082 0
0.016093 0
0.128443 0
0.594436 0
0.067444 0
0.200525 0
0.299787 0
1.382867 0
1.489021 0
0.366227 0
0.003106 0
1.394913 0
0.248181 0
0.270352 0
0.942269 0
0.414346 0
0.027646 0
0.105537 0
0.324679 0
0.156080 0
0.280849 0
0.557953 0
1.233310 0
0.974856 0
0.979133 0
0.089436 0
0.173885 0
1.431821 0
0.692411 0
0.306643 0
0.814892 0
0.810960 0
0.702716 0
0.221285 0
0.329077 0
0.166634 0
0.164384 0
1.384909 0
1.083620 0
0.518125 0
1.563164 0
0.052281 0
0.144630 0
0.538952 0
0.679680 0
0.285295 0
0.788465 0
0.477749 0
1.217303 0
0.091854 0
0.378228 0
0.472676 0
0.104261 0
0.133930 0
0.051024 0
0.944623 0
0.372830 0
0.067885 0
0.432524 0
1.053490 0
1.393508 0
1.048162 0
0.475556 0
1.076643 0
0.377912 0
0.645883 0
0.519792 0
0.614365 0
0.420419 0
1.314816 0
0.455318 0
0.027189 0
0.278083 0
0.496904 0
0.796308 0
0.959106 0
1.497299 0
1.011167 0
0.958403 0
0.229579 0
1.487733 0
0.876850 0
0.612671 0
0.123384 0
0.292159 0
0.064888 0
0.427988 0
0.027821 0
0.061067 0
0.202438 0
0.546868 0
0.545217 0
0.159625 0
0.010102 0
1.438115 0
0.812132 0
0.768217 0
0.627897 0
1.376136 0
0.597021 0
0.331713 0
0.723598 0
0.548529 0
0.101128 0
0.036356 0
0.211876 0
0.182737 0
0.013781 0
0.406547 0
0.096694 0
1.051155 0
0.854504 0
0.123810 0
0.277441 0
0.098481 0
1.621990 0
0.013779 0
0.167798 0
0.383593 0
0.357771 0
0.043494 0
0.500998 0
1.284818 0
1.243164 0
0.863188 0
1.729004 0
0.027541 0
0.253430 0
0.706555 0
0.356135 0
0.197733 0
0.295329 0
0.751702 0
0.245640 0
0.563173 0
0.237931 0
1.196173 0
1.539417 0
0.858600 0
0.359925 0
0.610339 0
0.402739 0
0.247904 0
1.655411 0
1.099350 0
0.640367 0
0.759322 0
0.326623 0
0.621589 0
0.940289 0
1.186276 0
1.455327 0
0.963809 0
0.357901 0
0.838291 0
0.302945 0
1.109847 0
0.501623 0
0.190390 0
0.589201 0
0.220534 0
1.490738 0
0.187321 0
0.414833 0
0.306484 0
0.599646 0
0.749786 0
0.029233 0
0.070153 0
0.346299 0
0.066807 0
0.716837 0
0.019405 0
0.179015 0
0.426528 0
0.205419 0
0.735074 0
0.505933 0
0.245828 0
0.409532 0
0.033958 0
0.530076 0
0.103512 0
1.363031 0
0.014082 0
0.278642 0
0.164726 0
0.443750 0
0.491906 0
0.209166 0
0.057136 0
0.813890 0
0.245208 0
0.995562 0
0.263809 0
0.110598 0
0.421288 0
0.100854 0
0.848709 0
0.424497 0
0.295319 0
0.360421 0
0.475192 0
0.499930 0
0.192930 0
0.264121 0
1.082931 0
0.057556 0
0.621977 0
0.009814 0
1.643827 0
0.681511 0
0.289952 0
1.123582 0
0.471566 0
0.138564 0
0.249730 0
0.151015 0
0.375225 0
0.271622 0
0.505086 0
0.611704 0
0.241980 0
2.225885 0
0.448345 0
0.034954 0
0.438872 0
0.793030 0
0.633273 0
0.276376 0
0.015505 0
0.073628 0
0.570375 0
1.297035 0
0.366433 0
1.357607 0
0.774282 0
0.713023 0
0.399128 0
0.379098 0
0.602798 0
0.605658 0
0.260698 0
1.697202 0
0.705724 0
0.568248 0
0.171411 0
0.285579 0
0.508833 0
0.419476 0
1.370288 0
0.934514 0
0.123985 0
0.329986 0
0.243835 0
0.721002 0
1.427449 0
0.535348 0
0.262922 0
0.616544 0
1.030758 0
0.967585 0
0.540751 0
0.133700 0
0.527913 0
0.086433 0
0.816857 0
0.703500 0
0.331928 0
1.405983 0
0.434905 0
0.535457 0
0.124306 0
0.152687 0
1.290128 0
0.023436 0
0.200287 0
0.309465 0
0.131481 0
0.043436 0
0.101850 0
0.306140 0
0.042867 0
0.300790 0
0.100025 0
1.098322 0
0.295217 0
1.736249 0
0.921697 0
0.385198 0
0.446480 0
0.520803 0
1.808230 0
1.309355 0
0.329631 0
0.313064 0
0.429704 0
0.800844 0
1.136582 0
0.020335 0
0.509038 0
0.448265 0
0.181459 0
0.005446 0
0.454544 0
0.564015 0
1.127629 0
1.118630 0
1.376079 0
0.624947 0
0.035063 0
0.386826 0
0.020309 0
0.165705 0
0.350120 0
0.377081 0
0.151033 0
0.113802 0
0.679275 0
0.858969 0
0.666706 0
0.562115 0
0.501547 0
0.138292 0
0.848208 0
0.648695 0
0.299789 0
0.431230 0
0.251932 0
0.389036 0
0.118725 0
0.964731 0
1.950087 0
1.115316 0
1.014239 0
0.385168 0
0.388333 0
0.223455 0
0.278331 0
0.148133 0
0.724091 0
1.826507 0
0.859830 0
0.266506 0
0.176287 0
0.289233 0
0.680606 0
0.181510 0
0.093983 0
0.131582 0
0.038504 0
0.311746 0
1.308825 0
0.276475 0
0.812699 0
1.893242 0
0.315161 0
0.289850 0
0.793433 0
0.203758 0
1.449621 0
1.216163 0
0.103583 0
0.248458 0
0.293062 0
0.185000 0
0.432556 0
0.561502 0
0.874378 0
1.599306 0
0.083341 0
0.613158 0
0.125634 0
0.132395 0
0.254704 0
0.066803 0
0.705076 0
0.244427 0
1.232645 0
0.713398 0
0.090724 0
0.225969 0
0.174753 0
0.307129 0
0.471058 0
0.811151 0
1.358171 0
0.016541 0
0.224677 0
0.455465 0
0.201064 0
0.748029 0
0.018675 0
0.412636 0
0.900198 0
0.300908 0
0.580827 0
0.749850 0
0.233592 0
0.056408 0
0.024697 0
1.331677 0
0.125152 0
0.996270 0
0.634821 0
0.060602 0
0.408985 0
0.814734 0
1.403829 0
0.062689 0
0.139526 0
0.079434 0
0.518933 0
0.636660 0
0.879413 0
0.350037 0
1.046255 0
2.269506 0
0.921704 0
0.280352 0
0.385105 0
0.940128 0
0.293121 0
0.299577 0
0.188449 0
0.907016 0
0.160591 0
1.208723 0
0.806236 0
0.693086 0
0.073465 0
0.179218 0
1.468402 0
0.736344 0
0.159329 0
0.352626 0
1.234098 0
0.709057 0
1.100721 0
0.045422 0
1.400638 0
1.064941 0
0.333954 0
0.099947 0
0.637799 0
0.196371 0
0.172298 0
0.138791 0
0.137493 0
0.332692 0
0.718436 0
0.223032 0
0.166087 0
0.701457 0
0.183879 0
0.068215 0
0.132980 0
0.147806 0
0.082496 0
0.053160 0
0.405226 0
0.411771 0
0.693229 0
0.227167 0
1.432844 0
0.228251 0
0.596043 0
0.342799 0
0.272141 0
0.129914 0
0.638701 0
0.148450 0
0.081266 0
0.846990 0
0.005929 0
0.096443 0
0.502270 0
0.083885 0
0.313782 0
0.892583 0
0.368203 0
0.035934 0
0.906298 0
0.434162 0
0.182112 0
0.227569 0
0.158745 0
0.887520 0
0.670214 0
0.099480 0
0.300187 0
0.347467 0
0.813096 0
0.261511 0
0.739902 0
0.199728 0
0.264448 0
0.133015 0
1.420136 0
0.403854 0
0.129037 0
0.945105 0
0.195502 0
0.204096 0
0.204624 0
0.733143 0
1.420011 0
0.562606 0
0.333515 0
0.145995 0
0.773501 0
0.107003 0
1.096068 0
0.087630 0
0.530423 0
0.017093 0
0.295913 0
0.315873 0
1.571404 0
1.303650 0
0.689041 0
1.117846 0
0.955823 0
0.459680 0
0.323376 0
1.462497 0
1.012955 0
0.117567 0
0.487003 0
0.182657 0
1.073114 0
0.546057 0
0.594737 0
0.328155 0
0.493723 0
0.289473 0
0.194101 0
0.221529 0
0.057691 0
1.526165 0
0.852025 0
0.542617 0
0.248186 0
0.351108 0
0.265027 0
0.986196 0
0.629202 0
0.621222 0
0.205868 0
0.376277 0
0.686295 0
0.187178 0
0.060899 0
0.916151 0
0.808110 0
0.128445 0
0.019630 0
1.289213 0
0.467344 0
0.465201 0
0.092976 0
0.011925 0
0.250207 0
0.200025 0
1.386105 0
0.438465 0
0.076472 0
0.132520 0
0.308698 0
1.374183 0
0.330614 0
0.243344 0
1.062159 0
0.651242 0
1.755165 0
0.441641 0
0.194310 0
0.235847 0
0.440433 0
0.061247 0
0.526383 0
0.430578 0
0.151946 0
1.242250 0
0.105530 0
0.171509 0
0.098655 0
0.174002 0
0.929759 0
0.826957 0
0.936295 0
0.294605 0
0.254380 0
0.160893 0
0.525942 0
0.915523 0
0.981066 0
0.176661 0
1.032600 0
0.372209 0
0.460007 0
0.239771 0
0.483418 0
1.284334 0
0.396100 0
0.479164 0
0.633412 0
1.121257 0
0.078263 0
0.487605 0
0.101268 0
0.137479 0
0.324302 0
0.423397 0
1.291366 0
0.935918 0
0.087145 0
0.078056 0
0.787872 0
0.058247 0
0.584076 0
0.786612 0
1.395768 0
0.017616 0
1.364612 0
0.880767 0
0.306299 0
1.299587 0
0.053717 0
0.137434 0
0.107782 0
0.611810 0
0.365241 0
0.180483 0
0.116465 0
0.785957 0
1.002042 0
1.139234 0
0.910850 0
0.204532 0
0.224089 0
0.875740 0
0.096706 0
0.370740 0
0.054557 0
0.629286 0
0.073890 0
1.654854 0
0.815423 0
0.963434 0
0.070595 0
0.283382 0
1.046473 0
0.592390 0
0.048651 0
0.386832 0
0.688476 0
1.030207 0
0.022033 0
0.642277 0
0.036160 0
0.716992 0
0.063079 0
0.032982 0
0.147147 0
1.024615 0
0.276545 0
0.448075 0
0.240245 0
0.631396 0
0.070496 0
0.233770 0
0.071182 0
0.068150 0
0.053536 0
0.823754 0
0.154180 0
1.586615 0
0.140956 0
0.825513 0
0.021015 0
0.852497 0
0.271534 0
0.132668 0
0.156335 0
0.224226 0
0.893443 0
1.030136 0
0.241113 0
0.215139 0
1.460142 0
0.682613 0
0.745310 0
0.020978 0
0.175066 0
0.385421 0
0.112176 0
0.401452 0
0.137190 0
0.520672 0
0.029616 0
0.137134 0
0.045121 0
0.304789 0
0.281565 0
0.721696 0
0.881771 0
0.725394 0
0.132324 0
0.216521 0
1.209050 0
0.712760 0
0.585772 0
0.354346 0
0.008318 0
0.707071 0
0.255259 0
0.939759 0
0.654687 0
0.167629 0
0.361314 0
0.344555 0
0.127705 0
0.542375 0
0.230273 0
1.455472 0
0.604659 0
0.219726 0
0.535696 0
0.857035 0
0.732891 0
0.463377 0
0.573498 0
0.644398 0
0.146551 0
1.472263 0
0.304350 0
0.055641 0
0.678759 0
0.474826 0
0.809474 0
0.004844 0
0.525602 0
0.528966 0
0.720640 0
0.380668 0
0.134723 0
1.451588 0
0.406543 0
0.299914 0
0.222656 0
0.493344 0
0.293456 0
0.252605 0
0.138987 0
0.415914 0
0.745900 0
2.064302 0
1.394616 0
0.097335 0
0.504687 0
1.375430 0
0.266909 0
0.290484 0
0.147460 0
0.155057 0
0.214586 0
0.188995 0
0.352389 0
0.696360 0
1.264990 0
0.438442 0
0.263344 0
0.042181 0
0.560514 0
0.049031 0
0.944720 0
0.722625 0
0.278569 0
0.407808 0
0.743189 0
1.456038 0
0.337576 0
0.090297 0
0.065262 0
0.435694 0
0.048786 0
0.478137 0
0.102236 0
0.304029 0
1.249534 0
0.093591 0
0.025736 0
0.543798 0
0.356385 0
0.151040 0
0.835428 0
0.900829 0
0.861790 0
0.162240 0
0.324012 0
0.239010 0
0.381323 0
0.042055 0
0.055089 0
0.567561 0
0.344000 0
0.664362 0
0.015796 0
0.202245 0
0.032893 0
0.581028 0
0.892761 0
1.358345 0
0.081081 0
0.178356 0
0.262305 0
0.020386 0
1.265861 0
0.689275 0
0.399832 0
0.265248 0
0.060232 0
0.180454 0
0.450287 0
0.826615 0
0.272586 0
0.856607 0
0.385365 0
0.569485 0
0.040351 0
0.604011 0
0.423213 0
0.686979 0
0.378996 0
0.317357 0
0.321557 0
0.507579 0
1.374711 0
0.897238 0
0.025186 0
0.263387 0
1.073133 0
0.037460 0
0.027393 0
0.472348 0
1.663041 0
1.420638 0
0.340954 0
0.241806 0
1.192485 0
0.355783 0
0.697527 0
0.252500 0
1.069248 0
1.134915 0
0.480976 0
0.267159 0
0.255160 0
1.677505 0
0.131850 0
0.040779 0
0.274886 0
1.344122 0
0.998269 0
0.736904 0
0.555581 0
0.122090 0
0.199026 0
0.071875 0
0.383590 0
0.098485 0
0.470511 0
0.180092 0
0.195357 0
0.102611 0
0.240914 0
0.539310 0
0.296660 0
0.519248 0
0.146473 0
0.066620 0
1.176188 0
1.112812 0
0.180506 0
0.231994 0
1.635224 0
1.475680 0
0.645322 0
0.097393 0
1.518973 0
0.269550 0
0.384134 0
0.297893 0
0.501972 0
0.110072 0
0.284676 0
0.556407 0
0.349289 0
0.159452 0
0.237888 0
0.255491 0
0.784909 0
0.089228 0
0.406891 0
1.460572 0
1.538108 0
0.031871 0
0.860613 0
0.088878 0
0.150210 0
0.852050 0
0.099132 0
0.026604 0
0.046552 0
0.972873 0
0.961279 0
0.190742 0
0.466233 0
0.575561 0
1.434983 0
0.617987 0
0.008120 0
0.055601 0
0.198110 0
0.356036 0
0.236983 0
0.167510 0
0.118642 0
0.402733 0
0.260994 0
0.276678 0
0.900905 0
1.406691 0
0.189954 0
0.609075 0
1.300270 0
0.019641 0
0.711724 0
0.082267 0
0.110716 0
0.246502 0
0.658772 0
0.382931 0
0.169737 0
0.831081 0
0.128573 0
0.284914 0
0.226440 0
0.579916 0
0.553466 0
0.514753 0
0.005401 0
0.254273 0
0.050137 0
0.057883 0
0.214689 0
0.544251 0
1.052709 0
0.915379 0
0.390620 0
0.502792 0
0.321620 0
0.085691 0
0.424668 0
2.036325 0
0.305732 0
0.669990 0
0.123346 0
0.111374 0
0.035796 0
0.210360 0
0.031129 0
0.588399 0
0.062293 0
0.494067 0
0.305178 0
0.311470 0
0.260097 0
0.359228 0
0.388219 0
0.497830 0
0.165893 0
0.307786 0
0.113798 0
0.688994 0
0.219571 0
0.334538 0
0.639719 0
0.141721 0
0.115862 0
0.460630 0
0.093421 0
0.214367 0
0.464591 0
0.856347 0
0.359531 0
0.293965 0
0.917662 0
0.211922 0
0.428081 0
0.017565 0
0.019935 0
0.393500 0
0.008136 0
0.124218 0
0.017821 0
0.448481 0
0.030775 0
0.444558 0
0.749611 0
1.128218 0
1.253104 0
1.621392 0
0.554467 0
0.262764 0
1.204231 0
0.039373 0
0.117139 0
0.104042 0
0.433864 0
1.322270 0
0.147461 0
0.767329 0
0.499928 0
0.039228 0
1.027888 0
0.964256 0
1.407650 0
0.751884 0
0.037987 0
0.223464 0
0.202545 0
1.159595 0
0.763744 0
1.418391 0
0.244510 0
1.050373 0
0.356821 0
0.184319 0
0.473522 0
0.352424 0
0.200967 0
0.163817 0
0.314261 0
0.338435 0
0.204134 0
0.749549 0
0.229154 0
1.278237 0
0.262093 0
0.146207 0
0.141532 0
0.026422 0
0.965180 0
0.329807 0
0.126047 0
0.385181 0
0.757761 0
0.074383 0
0.140628 0
0.355228 0
1.210001 0
0.508552 0
0.055705 0
0.092733 0
0.591050 0
0.694035 0
0.491975 0
0.761304 0
0.473543 0
0.097828 0
0.169842 0
0.087732 0
0.190650 0
1.300372 0
0.295211 0
0.795485 0
0.509537 0
0.113768 0
0.225204 0
0.299780 0
0.067328 0
1.618244 0
0.150391 0
0.631858 0
0.640042 0
0.342351 0
0.453140 0
0.479060 0
0.484447 0
0.368860 0
0.139239 0
0.356464 0
0.956039 0
0.250299 0
0.039264 0
0.220207 0
0.277875 0
0.183007 0
0.354516 0
0.274905 0
0.911404 0
0.550942 0
0.106125 0
1.667804 0
0.517845 0
0.006800 0
0.073828 0
0.211470 0
0.686634 0
0.172720 0
0.230971 0
0.494868 0
0.354490 0
0.800640 0
0.015674 0
0.058367 0
0.075497 0
0.627155 0
0.058995 0
0.161948 0
0.604667 0
0.231799 0
0.022436 0
0.031196 0
0.014321 0
0.506493 0
0.124362 0
0.105953 0
0.151693 0
0.240262 0
0.136824 0
0.354057 0
0.011851 0
0.180968 0
0.837084 0
0.505565 0
0.072964 0
0.027944 0
0.564792 0
0.177782 0
0.015500 0
0.667915 0
0.261661 0
0.156729 0
0.142540 0
0.174446 0
0.280852 0
0.534962 0
0.646421 0
1.204367 0
0.058608 0
0.773790 0
0.186001 0
0.048263 0
0.027113 0
0.055346 0
0.231639 0
0.443137 0
1.226975 0
0.504332 0
0.358819 0
0.279621 0
0.175040 0
0.574139 0
0.119787 0
0.206274 0
1.253945 0
0.512911 0
1.341512 0
1.722671 0
0.518563 0
0.355487 0
0.339784 0
0.692966 0
0.372022 0
0.824969 0
0.715823 0
0.447594 0
0.729984 0
0.058777 0
0.938039 0
0.387887 0
0.167421 0
0.105768 0
1.135903 0
0.332332 0
0.147327 0
0.110567 0
0.951308 0
0.666463 0
1.394793 0
0.263675 0
0.142068 0
0.103502 0
0.182898 0
1.932861 0
0.051923 0
0.431530 0
0.871682 0
0.143859 0
0.809693 0
0.339806 0
1.400394 0
0.528186 0
1.002961 0
0.015108 0
1.214135 0
0.246301 0
0.072856 0
0.169654 0
1.155404 0
0.354614 0
0.476273 0
1.489778 0
0.154614 0
0.994726 0
0.912917 0
1.376329 0
0.031316 0
0.374679 0
0.365664 0
0.060524 0
0.215520 0
0.193228 0
0.386441 0
0.041114 0
0.346978 0
0.038582 0
0.006644 0
0.462375 0
0.810560 0
0.214004 0
0.009963 0
0.589271 0
0.519043 0
0.304457 0
0.126511 0
1.570989 0
0.566710 0
0.384777 0
0.326188 0
0.217319 0
0.096387 0
0.141431 0
0.735859 0
0.117715 0
0.425043 0
0.612595 0
0.236252 0
0.262789 0
0.499694 0
0.335288 0
0.887438 0
0.279252 0
0.325354 0
0.051846 0
0.847420 0
0.538159 0
1.105718 0
0.295169 0
0.776336 0
0.267674 0
0.112944 0
0.466797 0
0.503371 0
0.578246 0
0.623322 0
0.330245 0
0.084376 0
0.200270 0
1.795709 0
0.318383 0
0.292153 0
0.532949 0
0.060941 0
0.323242 0
0.332946 0
0.088620 0
0.298914 0
0.203383 0
1.054351 0
1.578800 0
0.731513 0
1.651593 0
1.223157 0
0.080498 0
0.102598 0
0.027849 0
1.223956 0
0.187944 0
0.072954 0
0.067295 0
0.250452 0
0.139482 0
0.258029 0
0.048054 0
0.623879 0
0.058154 0
0.033917 0
1.355545 0
1.401898 0
0.090404 0
0.248510 0
0.324849 0
0.033282 0
0.049819 0
0.039844 0
0.876267 0
0.359836 0
0.087587 0
0.331060 0
0.035004 0
1.498872 0
0.128672 0
0.227978 0
1.370024 0
0.009265 0
0.578466 0
0.334736 0
1.528105 0
0.206865 0
0.843552 0
0.212539 0
0.033164 0
0.033889 0
0.551857 0
0.037828 0
1.369273 0
0.135797 0
0.865250 0
0.040999 0
1.117364 0
0.003799 0
0.433645 0
0.822865 0
0.151094 0
0.790981 0
0.287455 0
0.383637 0
0.618439 0
0.228234 0
1.603638 0
0.360550 0
0.897262 0
0.038744 0
0.510346 0
0.233072 0
0.006701 0
1.414426 0
0.394195 0
1.905822 0
0.420354 0
1.074199 0
1.407633 0
0.298282 0
0.484473 0
0.167840 0
1.931253 0
0.031780 0
0.128970 0
1.180074 0
0.034970 0
0.350232 0
0.089824 0
2.172895 0
0.085383 0
0.106941 0
0.657879 0
0.288517 0
0.355907 0
0.339432 0
0.084965 0
0.177029 0
0.344816 0
0.664346 0
0.507379 0
1.428086 0
0.417573 0
0.064977 0
0.037278 0
0.759845 0
0.205937 0
0.111764 0
0.413387 0
1.217168 0
0.382185 0
1.680127 0
0.128367 0
0.968471 0
1.477182 0
0.207047 0
0.122762 0
0.492514 0
0.294847 0
0.056094 0
0.326829 0
0.123270 0
0.224851 0
0.153368 0
0.574740 0
0.120956 0
0.462240 0
0.087261 0
0.362010 0
0.043642 0
1.735392 0
0.321052 0
0.072107 0
1.475078 0
0.223687 0
0.904206 0
0.387728 0
0.111089 0
0.026596 0
0.346256 0
1.421757 0
0.461830 0
0.227747 0
0.716244 0
0.332097 0
1.441954 0
0.715791 0
0.235076 0
0.254963 0
0.308073 0
0.185131 0
0.133190 0
0.710504 0
0.051904 0
0.412887 0
0.753835 0
0.784868 0
0.714271 0
1.435742 0
0.825436 0
0.599389 0
1.360342 0
0.789709 0
0.155904 0
0.957312 0
0.573879 0
0.756518 0
1.030553 0
0.360993 0
0.140856 0
0.171611 0
0.084254 0
0.381696 0
0.003060 0
0.390382 0
1.437748 0
0.171415 0
0.902151 0
0.573094 0
0.323959 0
0.435034 0
1.325149 0
1.437492 0
0.891986 0
0.370012 0
0.319941 0
0.051614 0
0.107760 0
0.416185 0
0.104697 0
0.574873 0
0.113039 0
0.048262 0
0.472168 0
0.301328 0
0.352658 0
0.716385 0
0.061306 0
0.056060 0
0.092235 0
0.449761 0
0.102260 0
0.054269 0
0.622235 0
0.360030 0
0.300844 0
1.716758 0
0.929208 0
0.669701 0
0.575443 0
0.580317 0
0.142749 0
0.330638 0
0.378497 0
0.133316 0
0.406863 0
0.173783 0
0.466981 0
1.024260 0
0.818300 0
0.635517 0
0.606039 0
0.056547 0
1.372911 0
0.126786 0
1.470801 0
0.063846 0
1.137883 0
0.101670 0
0.237687 0
1.300420 0
1.371569 0
0.619649 0
0.950621 0
0.084555 0
0.208788 0
0.303241 0
0.233913 0
0.577391 0
1.850934 0
0.424516 0
0.141161 0
0.547588 0
0.231333 0
0.795532 0
0.137259 0
0.618156 0
0.266735 0
1.295749 0
0.905922 0
1.566988 0
0.690859 0
0.651424 0
0.211715 0
0.098454 0
0.749316 0
0.203853 0
0.291321 0
0.979262 0
0.007291 0
0.992938 0
0.020440 0
0.544530 0
0.074196 0
0.065658 0
0.601719 0
0.172860 0
1.567345 0
0.017670 0
0.049930 0
0.360433 0
0.139086 0
0.398429 0
0.073461 0
0.622374 0
0.315861 0
0.662588 0
0.747489 0
0.032757 0
0.377942 0
0.582022 0
0.256281 0
1.253234 0
0.750679 0
0.387670 0
0.337532 0
1.551912 0
0.202675 0
0.250418 0
1.265149 0
1.074787 0
0.475225 0
0.275091 0
1.407111 0
0.069167 0
0.573876 0
1.076451 0
0.487377 0
0.580777 0
1.471920 0
0.421938 0
0.108670 0
0.260656 0
0.098900 0
0.382466 0
0.062057 0
0.172912 0
0.116434 0
0.032540 0
0.407668 0
0.628498 0
0.301499 0
1.483136 0
0.067948 0
0.695866 0
0.340781 0
0.028231 0
1.174568 0
0.836411 0
0.192656 0
0.747360 0
0.491384 0
0.495680 0
0.590659 0
0.343368 0
0.054774 0
0.379481 0
0.144667 0
0.589063 0
1.094014 0
0.311559 0
1.018997 0
0.176503 0
0.852625 0
0.037237 0
0.123367 0
0.370162 0
1.126798 0
0.345826 0
0.339732 0
0.345610 0
0.425420 0
0.315326 0
1.543520 0
0.321216 0
0.080622 0
0.229113 0
1.461893 0
0.169449 0
0.063514 0
1.047337 0
0.496199 0
0.046707 0
0.374146 0
0.461558 0
1.426798 0
0.461654 0
0.087942 0
1.029456 0
1.150526 0
0.395308 0
0.205519 0
0.189171 0
0.708904 0
0.597097 0
0.245759 0
0.059476 0
0.033196 0
1.030162 0
0.389042 0
0.441034 0
0.088185 0
0.958633 0
1.598494 0
0.091734 0
0.251621 0
0.504088 0
1.351087 0
0.467393 0
0.238743 0
0.367427 0
1.740813 0
0.247107 0
0.110773 0
1.369391 0
0.393391 0
0.636316 0
0.210658 0
0.746457 0
1.446220 0
0.474476 0
0.733581 0
1.257674 0
1.238304 0
0.312314 0
0.099401 0
1.348427 0
0.028375 0
0.028695 0
0.029044 0
1.291435 0
0.220741 0
0.053378 0
1.053869 0
0.070629 0
0.474553 0
0.026294 0
0.037975 0
0.638298 0
0.011812 0
1.135362 0
0.055481 0
0.198577 0
0.229136 0
0.655083 0
0.428388 0
0.438543 0
0.856818 0
1.512767 0
0.156903 0
0.912519 0
0.662458 0
0.704386 0
0.777020 0
0.012447 0
0.181741 0
0.798011 0
1.769149 0
0.168215 0
0.511609 0
0.089409 0
0.296724 0
0.112889 0
1.155247 0
0.471741 0
0.045770 0
0.327248 0
0.403633 0
0.138386 0
0.225983 0
0.267478 0
0.274956 0
0.129183 0
0.525754 0
0.866622 0
0.057284 0
0.099909 0
1.766820 0
0.896316 0
0.537971 0
0.274149 0
0.669753 0
0.143378 0
0.054109 0
1.447313 0
0.658420 0
0.667047 0
0.228209 0
0.157037 0
0.246825 0
0.588722 0
0.054165 0
1.561843 0
0.080845 0
0.896275 0
0.479687 0
0.145646 0
0.770434 0
0.362654 0
0.322763 0
0.231530 0
0.008200 0
0.988371 0
0.274093 0
0.311434 0
0.438008 0
1.520343 0
0.680419 0
0.208023 0
1.082031 0
0.871605 0
0.564325 0
0.217407 0
0.557131 0
0.042176 0
0.226365 0
1.092846 0
0.041812 0
0.422627 0
1.159028 0
1.567835 0
0.139110 0
0.862510 0
0.114491 0
0.095974 0
0.466451 0
1.614032 0
0.122751 0
0.283134 0
0.951814 0
0.257124 0
1.352517 0
0.326581 0
0.265007 0
1.571375 0
0.370658 0
0.022263 0
0.025512 0
0.235730 0
0.702586 0
0.591389 0
0.060408 0
0.203446 0
0.509805 0
0.734495 0
0.382968 0
1.252550 0
0.096532 0
0.141598 0
0.622071 0
0.471955 0
0.606737 0
1.367539 0
0.045601 0
0.777143 0
0.982973 0
1.288742 0
0.311491 0
0.232320 0
1.184298 0
0.079503 0
0.145460 0
0.033058 0
0.184795 0
0.269557 0
0.197758 0
0.152999 0
0.667779 0
0.333338 0
0.261761 0
0.089811 0
0.104035 0
0.307138 0
0.155285 0
0.500458 0
0.385638 0
0.110505 0
0.188500 0
0.375403 0
0.133974 0
0.226222 0
1.404774 0
0.081988 0
0.196251 0
0.079676 0
0.229671 0
0.166546 0
0.489715 0
0.294517 0
1.002934 0
0.749177 0
0.542078 0
0.509363 0
0.155409 0
0.827459 0
0.374572 0
0.230033 0
0.493399 0
0.365625 0
0.601835 0
0.203103 0
0.242309 0
0.086875 0
0.609456 0
0.304628 0
0.478016 0
1.387591 0
0.133852 0
0.843439 0
0.179792 0
1.134140 0
0.599596 0
0.537946 0
1.556833 0
0.051916 0
0.441403 0
0.153923 0
0.347662 0
0.657831 0
0.060531 0
0.092072 0
0.453856 0
0.086808 0
0.360282 0
0.208272 0
0.120988 0
0.020272 0
0.366881 0
0.057070 0
0.604736 0
0.902134 0
0.311022 0
1.147475 0
0.642379 0
0.557267 0
0.158337 0
0.025282 0
0.286444 0
0.429562 0
0.204338 0
0.245480 0
0.300080 0
0.517704 0
0.550432 0
1.280417 0
0.032129 0
0.044726 0
1.065558 0
0.580155 0
0.186271 0
1.103525 0
0.302293 0
0.243327 0
0.574025 0
0.257154 0
0.237150 0
0.321689 0
0.113825 0
0.061577 0
0.025675 0
0.599399 0
0.380818 0
0.938952 0
0.503267 0
0.237127 0
1.244300 0
0.594326 0
0.918466 0
0.124628 0
0.192532 0
0.211075 0
0.532606 0
1.205124 0
0.858872 0
1.345213 0
0.211444 0
0.078707 0
0.237779 0
0.453448 0
1.588208 0
0.603060 0
0.462217 0
1.062683 0
0.139489 0
0.251682 0
0.715807 0
0.108125 0
0.017508 0
0.533969 0
1.139973 0
0.039057 0
0.092337 0
0.178668 0
0.903248 0
0.554117 0
0.289087 0
0.548301 0
0.195617 0
0.291186 0
0.675354 0
0.171277 0
1.372635 0
0.255892 0
0.166997 0
0.198205 0
0.508691 0
0.360485 0
0.107066 0
1.034524 0
1.779671 0
0.872614 0
1.570752 0
1.562297 0
0.255503 0
0.576661 0
0.101331 0
0.042134 0
1.013464 0
0.445502 0
0.405731 0
0.534125 0
0.055499 0
0.045617 0
0.751936 0
0.181558 0
1.099341 0
0.013851 0
0.171051 0
0.362353 0
0.105925 0
0.455888 0
0.016507 0
0.345971 0
0.644737 0
0.636351 0
0.591928 0
0.532884 0
0.223435 0
0.847738 0
0.171286 0
0.182614 0
0.736034 0
0.374144 0
0.188319 0
0.439222 0
0.267677 0
1.087981 0
0.525070 0
0.464724 0
0.073204 0
0.362803 0
0.026691 0
0.680648 0
1.624873 0
0.495411 0
0.191078 0
0.213476 0
0.080028 0
1.514897 0
0.181240 0
1.872692 0
0.181866 0
0.036412 0
0.347598 0
0.450334 0
1.061302 0
0.480395 0
0.036698 0
0.042364 0
0.166627 0
0.096371 0
0.455831 0
0.720288 0
0.316952 0
0.028652 0
0.008817 0
0.038863 0
0.209298 0
0.382154 0
0.258416 0
1.623167 0
0.485583 0
0.396013 0
0.111266 0
0.811316 0
0.215779 0
0.930002 0
0.033538 0
0.886339 0
0.279921 0
0.414598 0
0.065748 0
0.321748 0
1.754897 0
0.175030 0
0.454126 0
0.541009 0
1.536484 0
0.405676 0
0.076539 0
0.464977 0
0.574474 0
0.384673 0
0.122256 0
0.441346 0
1.252301 0
0.623201 0
0.465367 0
1.395142 0
0.791072 0
0.198700 0
0.218399 0
0.102897 0
0.097043 0
0.024153 0
0.143017 0
0.840819 0
1.853356 0
0.376156 0
0.453871 0
0.447162 0
0.535603 0
0.419180 0
0.058947 0
0.054164 0
0.677427 0
0.360968 0
0.198420 0
0.612710 0
0.558339 0
1.468499 0
0.338374 0
1.618364 0
0.106598 0
0.043009 0
0.615694 0
0.931161 0
0.074082 0
1.311108 0
0.259085 0
0.229718 0
0.173261 0
0.698313 0
0.123224 0
1.480630 0
1.418030 0
1.037601 0
0.218963 0
0.843452 0
0.124314 0
0.247739 0
0.246097 0
0.053299 0
0.073603 0
0.269269 0
0.935681 0
0.067258 0
0.575316 0
1.004419 0
0.789033 0
1.443975 0
0.312482 0
0.046585 0
0.308685 0
0.171756 0
0.112852 0
0.064994 0
0.095092 0
0.192187 0
0.558309 0
0.077314 0
1.026398 0
0.768996 0
0.198140 0
1.347049 0
0.053495 0
0.417995 0
0.610970 0
0.411990 0
0.185618 0
0.131157 0
0.189008 0
0.043077 0
0.110859 0
0.301274 0
1.003764 0
1.173108 0
0.867563 0
1.156502 0
0.948915 0
0.293327 0
0.477332 0
0.444227 0
0.789623 0
0.599683 0
0.454779 0
0.082065 0
0.288128 0
0.279927 0
0.141435 0
0.196107 0
0.670363 0
0.007896 0
0.807850 0
0.031994 0
0.372602 0
0.049784 0
0.637359 0
0.213843 0
0.929400 0
0.200033 0
1.225693 0
0.974075 0
0.279508 0
1.020651 0
1.343378 0
0.676908 0
1.105775 0
0.826117 0
0.378707 0
0.071260 0
0.536963 0
1.257742 0
3.115051 0
0.766996 0
1.015858 0
1.500082 0
0.936296 0
0.233642 0
0.595581 0
0.112381 0
0.539612 0
0.737827 0
0.826078 0
0.488512 0
0.504906 0
0.988488 0
0.108972 0
0.641563 0
0.153317 0
0.066818 0
1.053520 0
1.518334 0
0.074391 0
0.963678 0
0.081104 0
0.629421 0
0.475424 0
0.318153 0
0.151959 0
0.260188 0
1.248803 0
0.652840 0
0.018092 0
0.040442 0
0.449589 0
1.411052 0
0.945362 0
0.890798 0
1.939579 0
0.224063 0
0.075520 0
0.049405 0
0.355408 0
0.359373 0
0.470924 0
0.067009 0
1.307546 0
0.439054 0
0.396111 0
0.465730 0
0.034700 0
0.176486 0
0.303661 0
0.059904 0
0.380918 0
0.148052 0
0.229931 0
0.140028 0
0.726474 0
0.817788 0
0.816952 0
0.056128 0
0.295913 0
0.132367 0
0.244112 0
0.070883 0
0.473293 0
0.272381 0
0.660195 0
0.746182 0
0.157183 0
1.246127 0
0.331151 0
0.865862 0
0.045117 0
0.334279 0
0.157287 0
1.388837 0
0.285342 0
0.035585 0
0.131528 0
1.032750 0
0.941595 0
0.150602 0
1.096997 0
0.073438 0
0.376364 0
0.220662 0
0.247928 0
0.417215 0
0.174176 0
0.389165 0
0.715336 0
1.247375 0
1.150512 0
0.865690 0
0.348057 0
0.962177 0
0.184729 0
1.159491 0
1.396575 0
1.992988 0
0.774956 0
0.735248 0
0.241548 0
0.470008 0
0.087763 0
0.972146 0
0.446247 0
0.093680 0
0.204521 0
0.073088 0
0.505641 0
1.194787 0
0.191017 0
0.552582 0
0.441610 0
0.072957 0
0.852078 0
0.378025 0
0.361215 0
1.392287 0
0.487574 0
0.252378 0
0.847868 0
0.888151 0
1.361785 0
0.465821 0
0.360576 0
0.258448 0
0.999681 0
0.180989 0
0.129958 0
0.882411 0
0.257746 0
1.700069 0
0.180210 0
0.798720 0
0.112713 0
0.179902 0
0.249888 0
0.678006 0
0.247140 0
0.495547 0
0.031441 0
0.808254 0
0.878884 0
0.859774 0
0.420063 0
0.428938 0
0.135054 0
0.144248 0
0.145783 0
0.527162 0
0.613474 0
0.295703 0
0.583302 0
0.009719 0
0.541778 0
0.267701 0
0.328567 0
0.402695 0
1.592739 0
0.809961 0
1.888371 0
0.388069 0
0.456125 0
0.495438 0
0.494956 0
0.131121 0
0.306457 0
0.505332 0
0.220993 0
0.537765 0
0.170164 0
0.249679 0
0.025801 0
0.255733 0
0.050995 0
0.112826 0
0.882365 0
0.912095 0
0.130124 0
0.818918 0
0.186597 0
0.190468 0
0.002853 0
0.211372 0
0.440586 0
0.093212 0
0.375200 0
0.190529 0
0.414143 0
0.488036 0
0.286884 0
0.316068 0
1.173900 0
1.815137 0
0.795762 0
0.539217 0
0.929080 0
0.119180 0
1.125354 0
0.125632 0
1.366051 0
0.147054 0
0.302725 0
0.503980 0
0.357348 0
0.044348 0
0.293655 0
0.342533 0
0.457479 0
1.688522 0
0.648376 0
0.826890 0
0.241331 0
0.209060 0
0.502470 0
0.179308 0
0.657221 0
0.496587 0
0.894678 0
0.437434 0
0.112665 0
1.096009 0
0.611194 0
0.089642 0
0.929016 0
0.057861 0
0.089207 0
1.354855 0
0.187286 0
0.551596 0
2.568237 0
0.444344 0
0.663212 0
1.022589 0
0.559211 0
0.430338 0
0.025815 0
1.083672 0
0.779688 0
0.295371 0
0.655596 0
0.150311 0
0.590537 0
0.471193 0
0.212540 0
1.434925 0
0.334184 0
0.505235 0
0.204283 0
0.198200 0
0.279264 0
0.195468 0
0.061222 0
0.892721 0
0.261835 0
1.030326 0
0.101577 0
0.639107 0
0.060092 0
0.981030 0
0.166567 0
0.882605 0
0.155505 0
0.890648 0
0.223565 0
0.483556 0
0.381560 0
0.291880 0
0.044036 0
0.653812 0
0.612935 0
1.392919 0
0.699537 0
0.774798 0
1.104748 0
0.340353 0
0.058898 0
0.150085 0
0.116597 0
0.338985 0
0.256105 0
0.536372 0
0.090750 0
0.205229 0
0.611751 0
0.435686 0
0.887443 0
0.278839 0
0.516000 0
0.159736 0
0.331802 0
0.126513 0
0.150963 0
0.373401 0
1.023367 0
0.448962 0
0.373994 0
0.039204 0
0.177312 0
0.622255 0
0.576480 0
0.616376 0
1.259766 0
1.384893 0
0.355917 0
0.045038 0
1.691448 0
0.172726 0
0.991384 0
0.257941 0
0.416223 0
0.660990 0
0.154953 0
0.723533 0
0.678107 0
0.381767 0
0.616192 0
0.360289 0
0.773091 0
0.572193 0
1.218992 0
0.546851 0
0.707728 0
0.455992 0
0.031324 0
0.692655 0
0.082875 0
0.008642 0
0.134648 0
0.115988 0
0.812139 0
0.309885 0
0.067451 0
1.147519 0
0.548013 0
0.098841 0
1.822886 0
0.678984 0
0.482822 0
1.045051 0
0.056756 0
0.835042 0
0.157138 0
0.041322 0
0.285121 0
0.697761 0
0.052791 0
0.272360 0
0.233529 0
0.347344 0
1.726511 0
0.632437 0
1.432100 0
0.421855 0
0.212864 0
1.228342 0
0.607238 0
0.841538 0
0.117602 0
0.004233 0
0.213205 0
1.033072 0
0.098702 0
0.220763 0
0.087045 0
0.510519 0
0.490028 0
0.077367 0
0.197181 0
0.113662 0
0.154479 0
0.560390 0
0.249664 0
0.299390 0
0.075551 0
0.033377 0
0.455217 0
0.067222 0
0.333662 0
0.378620 0
0.321785 0
0.035827 0
0.031357 0
1.574604 0
0.968765 0
0.723879 0
0.540423 0
0.274902 0
0.267120 0
0.345834 0
0.159306 0
0.312902 0
0.287902 0
0.688626 0
0.184152 0
0.980809 0
0.552553 0
0.191292 0
0.083316 0
0.191827 0
0.802368 0
1.136635 0
0.496589 0
1.031584 0
1.512727 0
0.087333 0
0.116696 0
0.241339 0
0.556516 0
1.006483 0
0.169047 0
1.289705 0
0.055971 0
0.376790 0
0.338887 0
0.195859 0
1.247817 0
0.292658 0
0.168293 0
0.237932 0
0.511187 0
0.745581 0
1.405402 0
0.440147 0
0.838113 0
0.690804 0
0.964016 0
0.660313 0
1.422922 0
0.972245 0
0.656106 0
0.088137 0
0.798516 0
0.138896 0
1.113817 0
0.935024 0
0.023924 0
0.132143 0
0.642163 0
0.016218 0
0.257933 0
0.102719 0
0.112558 0
0.146761 0
0.025002 0
0.268511 0
0.077746 0
0.059906 0
1.381492 0
0.487202 0
0.905948 0
0.556162 0
0.079672 0
0.052926 0
0.313826 0
0.967164 0
0.036745 0
0.105626 0
0.100634 0
0.939010 0
0.149591 0
0.107690 0
0.176814 0
0.101085 0
0.096961 0
0.042631 0
0.173429 0
0.799197 0
0.123504 0
0.363829 0
0.087046 0
0.046597 0
0.316113 0
0.513180 0
0.132507 0
0.667523 0
0.023378 0
0.090794 0
0.056609 0
0.366462 0
0.021149 0
0.847299 0
0.397526 0
0.024365 0
1.505477 0
0.405545 0
0.571774 0
1.072735 0
0.783039 0
1.444359 0
0.556080 0
0.510936 0
0.685323 0
0.125285 0
0.236794 0
0.345475 0
0.207208 0
0.716133 0
0.563344 0
0.414621 0
0.453093 0
0.374319 0
0.189968 0
0.122121 0
0.620520 0
0.440915 0
0.518597 0
0.775837 0
0.104559 0
0.031121 0
0.279482 0
1.578297 0
0.334210 0
0.043897 0
0.580456 0
0.950536 0
1.160830 0
0.378165 0
0.278291 0
0.075752 0
0.034035 0
1.933802 0
0.016891 0
0.833923 0
1.441112 0
0.426327 0
0.043605 0
0.526526 0
1.372457 0
1.147045 0
0.045170 0
0.126591 0
0.164196 0
0.097373 0
0.270513 0
0.026011 0
0.453970 0
0.518195 0
0.018994 0
0.838222 0
0.293456 0
0.926237 0
0.043606 0
0.128775 0
0.408333 0
0.447290 0
0.489883 0
0.066882 0
0.196672 0
1.715750 0
0.228521 0
0.281666 0
0.305146 0
0.063731 0
0.456077 0
0.126037 0
0.232958 0
0.279487 0
0.284933 0
0.641827 0
0.345621 0
0.007957 0
0.286783 0
0.195919 0
0.344726 0
0.172717 0
1.928982 0
0.314923 0
0.136403 0
1.044481 0
1.113350 0
1.285489 0
0.484293 0
1.104321 0
0.446944 0
1.422983 0
0.091021 0
0.159464 0
1.290419 0
0.029262 0
0.201979 0
1.684044 0
0.440348 0
1.567913 0
0.373899 0
0.353737 0
0.640997 0
0.891314 0
0.003453 0
0.350866 0
0.092588 0
0.764463 0
0.863806 0
0.744096 0
0.762648 0
0.356126 0
0.490234 0
0.161835 0
1.021581 0
0.366313 0
0.285813 0
0.592080 0
0.089138 0
0.410640 0
0.242630 0
1.575436 0
0.859767 0
0.148585 0
0.140461 0
0.697761 0
0.065966 0
0.259149 0
0.206599 0
0.586309 0
0.379655 0
0.534673 0
0.417897 0
0.026819 0
0.050671 0
0.037174 0
0.231555 0
0.213763 0
0.026626 0
0.895048 0
0.204373 0
1.559104 0
0.242849 0
0.032198 0
0.276753 0
1.318440 0
0.223080 0
1.139711 0
1.150949 0
0.112917 0
1.175342 0
0.160723 0
0.343007 0
0.177949 0
0.644197 0
0.825183 0
0.123741 0
0.312898 0
0.422211 0
0.119265 0
0.697876 0
0.957266 0
0.181895 0
0.581296 0
0.150259 0
0.597414 0
0.117932 0
0.106581 0
0.439341 0
0.021343 0
0.044512 0
0.252669 0
0.096407 0
0.269088 0
0.634626 0
1.394015 0
0.066687 0
0.327099 0
0.017126 0
0.239035 0
0.042241 0
0.458279 0
0.046561 0
0.269728 0
0.405616 0
0.058344 0
0.473982 0
0.109519 0
0.631259 0
0.091782 0
0.182026 0
0.217374 0
1.555101 0
0.032867 0
1.331509 0
0.022424 0
0.684389 0
0.269490 0
0.459776 0
0.028668 0
0.257010 0
0.374647 0
0.472915 0
0.048697 0
0.105142 0
1.568532 0
0.192094 0
0.192256 0
0.154487 0
0.343521 0
0.618941 0
0.418721 0
1.041256 0
0.976822 0
0.326657 0
0.787942 0
0.936528 0
0.540903 0
0.193226 0
0.464023 0
0.942376 0
0.049241 0
0.509351 0
0.155893 0
0.563646 0
0.378177 0
0.542039 0
0.833993 0
0.452932 0
0.561329 0
1.239053 0
1.253945 0
0.752878 0
0.786005 0
0.332414 0
0.104328 0
0.513910 0
0.217314 0
1.287053 0
0.353168 0
0.203312 0
1.566104 0
0.162010 0
0.127308 0
0.107867 0
0.141880 0
1.746080 0
0.971547 0
0.735387 0
1.183516 0
0.222753 0
0.023471 0
0.271566 0
0.258329 0
0.158521 0
0.200819 0
0.519351 0
1.237138 0
0.811773 0
0.155325 0
0.077403 0
0.595763 0
0.794656 0
0.259575 0
0.235342 0
0.465717 0
0.898838 0
0.308901 0
0.239979 0
1.069669 0
0.124197 0
0.203818 0
0.126801 0
0.086196 0
0.703693 0
0.716999 0
0.281379 0
0.030968 0
0.427516 0
1.593336 0
1.334971 0
0.400978 0
0.866332 0
0.617321 0
0.055275 0
0.481692 0
0.622095 0
0.233282 0
0.582921 0
0.387455 0
0.094782 0
0.560690 0
0.195016 0
0.033803 0
0.010572 0
0.283805 0
0.042303 0
0.052294 0
0.261362 0
0.018976 0
1.339434 0
0.832865 0
0.637409 0
0.623443 0
0.045655 0
0.288257 0
1.436960 0
0.319099 0
0.897891 0
0.813191 0
0.210108 0
0.880660 0
1.513795 0
0.168270 0
0.128109 0
1.104707 0
0.756302 0
0.441246 0
0.151002 0
0.623027 0
0.708895 0
1.115604 0
0.580414 0
0.243365 0
0.138105 0
1.365083 0
0.055771 0
0.241692 0
1.058116 0
0.137025 0
0.179083 0
0.363541 0
0.356710 0
0.333339 0
0.736424 0
0.513123 0
0.160577 0
0.315201 0
0.085252 0
0.355696 0
0.057029 0
0.080542 0
0.819367 0
0.625118 0
0.449490 0
0.126884 0
0.065753 0
0.023447 0
0.544226 0
0.036972 0
0.035095 0
0.042601 0
0.296476 0
0.052946 0
0.058555 0
0.007991 0
0.659671 0
0.094876 0
0.215090 0
0.362931 0
0.443202 0
1.803147 0
0.032127 0
0.276110 0
0.491209 0
0.663338 0
0.606208 0
0.791467 0
0.528065 0
0.255982 0
1.089233 0
0.097447 0
1.208926 0
1.600397 0
0.166956 0
1.128773 0
0.271877 0
0.530095 0
0.009922 0
0.133149 0
0.125430 0
0.050153 0
0.643716 0
1.012410 0
0.381918 0
0.007896 0
0.046678 0
0.303992 0
1.142741 0
0.333992 0
0.508132 0
0.730020 0
0.279432 0
0.533089 0
0.341974 0
0.470464 0
0.028533 0
0.167457 0
1.625420 0
0.601104 0
0.559165 0
0.038482 0
0.047534 0
0.859152 0
1.500087 0
0.139723 0
0.275594 0
0.206860 0
0.057889 0
0.998712 0
0.107864 0
0.233199 0
1.119855 0
0.019616 0
0.054026 0
0.201584 0
0.176471 0
0.469661 0
1.043407 0
0.989595 0
0.374797 0
0.711338 0
0.070434 0
0.136729 0
0.099215 0
0.108498 0
0.131784 0
0.054386 0
0.149972 0
1.060103 0
0.421997 0
0.021849 0
0.152723 0
0.448460 0
0.043019 0
0.535589 0
0.083705 0
0.436158 0
0.429218 0
0.151965 0
0.830898 0
1.398769 0
0.319064 0
0.800829 0
0.301300 0
0.131764 0
0.060069 0
0.294484 0
0.296265 0
0.336128 0
0.154751 0
0.218289 0
1.373252 0
0.416846 0
0.777321 0
0.053696 0
0.192888 0
0.311610 0
0.164672 0
0.184723 0
0.099483 0
1.248324 0
0.439487 0
0.097994 0
0.260492 0
0.287464 0
1.553485 0
0.382439 0
0.168396 0
0.152043 0
1.646849 0
0.035091 0
0.438851 0
0.502112 0
1.336513 0
0.152871 0
0.174660 0
0.143703 0
0.232048 0
0.215616 0
0.266492 0
1.099503 0
1.220730 0
0.238389 0
0.217006 0
0.187672 0
0.297954 0
0.632998 0
0.536717 0
1.450001 0
0.413649 0
0.115817 0
0.109214 0
0.051147 0
2.064213 0
0.322365 0
0.455423 0
0.637768 0
0.169962 0
0.722196 0
0.502424 0
0.768029 0
0.484104 0
0.410288 0
0.680469 0
1.720295 0
0.235473 0
1.485756 0
0.125504 0
1.042968 0
0.115978 0
1.192901 0
0.213501 0
0.305428 0
0.467896 0
1.362193 0
0.624354 0
0.859980 0
1.365279 0
0.075020 0
0.229120 0
0.674030 0
0.492461 0
0.049944 0
0.601635 0
0.054184 0
0.166681 0
0.515037 0
0.517986 0
0.365486 0
1.491341 0
0.113439 0
0.399340 0
0.054976 0
0.944281 0
1.487911 0
1.454494 0
1.215898 0
1.608879 0
0.854636 0
0.438718 0
0.014892 0
0.070970 0
0.518140 0
1.346731 0
0.054068 0
0.271332 0
0.648923 0
0.010578 0
0.657980 0
1.001579 0
0.409463 0
0.652720 0
0.790816 0
0.094165 0
0.866153 0
0.139974 0
0.618341 0
1.885691 0
0.030053 0
1.167858 0
0.098143 0
0.215983 0
0.014342 0
0.822044 0
0.265642 0
0.082113 0
0.450902 0
0.141051 0
0.647480 0
0.182477 0
0.447924 0
0.644260 0
0.106581 0
0.315714 0
0.195716 0
0.191990 0
0.876545 0
0.592553 0
1.371598 0
1.131167 0
0.014251 0
1.531401 0
0.074665 0
0.434859 0
0.570615 0
0.572944 0
0.509189 0
0.054309 0
0.136262 0
0.353761 0
0.121113 0
0.008237 0
0.176805 0
0.409300 0
0.284200 0
1.046511 0
0.160831 0
0.578125 0
0.120785 0
0.405037 0
0.626839 0
1.309119 0
0.070298 0
0.421750 0
0.245309 0
0.866754 0
0.352376 0
0.642677 0
1.149814 0
0.552079 0
0.462996 0
0.056244 0
0.092370 0
0.098667 0
0.705530 0
0.567924 0
0.291356 0
1.448679 0
0.168410 0
1.016319 0
0.112735 0
0.227600 0
0.091488 0
0.102175 0
0.268528 0
0.037805 0
0.811354 0
0.220893 0
0.145830 0
0.234616 0
1.048247 0
1.851279 0
0.389978 0
0.152318 0
0.375828 0
0.477613 0
0.165777 0
0.193935 0
0.043161 0
0.354733 0
0.148970 0
0.272844 0
0.137599 0
0.189865 0
1.193755 0
0.678555 0
1.549348 0
0.601175 0
0.169505 0
0.704853 0
0.989096 0
0.385153 0
0.455279 0
0.106004 0
1.340608 0
1.392402 0
1.241128 0
0.175588 0
0.310430 0
0.076650 0
0.485388 0
0.095431 0
0.219793 0
0.144419 0
0.966533 0
0.062482 0
0.418786 0
0.193834 0
0.414946 0
0.119673 0
0.664637 0
0.447038 0
0.080771 0
0.027764 0
0.327397 0
0.090777 0
0.152729 0
0.101447 0
0.012248 0
0.127973 0
1.300643 0
0.237920 0
0.198994 0
0.386455 0
0.664593 0
0.122530 0
0.766229 0
0.173814 0
0.257855 0
0.038893 0
0.623860 0
0.809848 0
0.828887 0
0.281158 0
0.114893 0
0.194988 0
0.031909 0
1.386117 0
0.820871 0
0.260336 0
0.613132 0
0.218350 0
0.658982 0
0.590744 0
1.418794 0
0.611229 0
0.547501 0
0.851958 0
0.447895 0
0.221591 0
0.127975 0
0.989383 0
0.154351 0
1.378747 0
0.300986 0
0.301892 0
0.099067 0
0.260137 0
0.392237 0
1.663212 0
0.155858 0
0.375077 0
0.807772 0
1.044683 0
0.389040 0
0.806969 0
1.224483 0
0.220817 0
0.727412 0
0.090989 0
0.185080 0
0.390716 0
0.604978 0
0.136574 0
0.138318 0
1.387619 0
0.799654 0
0.493364 0
1.326031 0
0.208479 0
1.053483 0
0.328684 0
0.437633 0
0.283321 0
1.677991 0
1.553913 0
1.167789 0
0.852174 0
0.529182 0
0.405211 0
0.372740 0
0.180940 0
0.815557 0
0.467020 0
0.246289 0
1.179157 0
0.947307 0
0.581968 0
1.367045 0
0.909511 0
0.280198 0
0.536879 0
0.399608 0
0.339958 0
0.066090 0
0.288247 0
0.748602 0
1.593879 0
0.228935 0
0.073081 0
1.093122 0
0.471830 0
0.606333 0
0.725399 0
0.826280 0
0.278995 0
0.209751 0
0.425474 0
0.395601 0
1.325797 0
1.390932 0
0.611132 0
0.218856 0
1.250756 0
0.229302 0
0.221031 0
0.131807 0
0.055911 0
0.112023 0
0.874393 0
0.567937 0
0.373488 0
0.719198 0
0.366758 0
0.493645 0
0.066207 0
0.120310 0
0.399674 0
0.556399 0
0.602688 0
0.613697 0
0.037729 0
0.679490 0
0.371009 0
0.068316 0
0.974620 0
0.086866 0
0.307149 0
0.122486 0
1.005068 0
1.397635 0
0.580073 0
0.160638 0
0.548944 0
1.190047 0
0.299797 0
0.495741 0
1.043661 0
1.715764 0
0.319502 0
0.409997 0
0.441581 0
0.235116 0
0.260142 0
0.517850 0
0.491242 0
0.743002 0
0.170640 0
0.235805 0
0.511493 0
0.812511 0
0.135728 0
0.280359 0
1.616915 0
0.073382 0
0.265768 0
0.320944 0
0.064981 0
0.600591 0
0.428029 0
0.256928 0
1.843254 0
0.494013 0
0.058197 0
0.171609 0
0.101811 0
1.006145 0
0.215565 0
0.615550 0
0.113204 0
0.086681 0
0.248761 0
0.022294 0
0.027197 0
1.152832 0
0.247714 0
0.270582 0
0.735747 0
0.137969 0
0.613332 0
1.491783 0
0.339932 0
0.007284 0
0.613661 0
0.085823 0
0.323915 0
0.280186 0
0.157691 0
1.046137 0
1.162853 0
0.495172 0
0.793943 0
0.427549 0
0.067081 0
0.163163 0
1.326519 0
0.246189 0
0.391179 0
0.084424 0
0.409043 0
0.203438 0
0.300486 0
0.777068 0
1.472034 0
0.747996 0
0.017411 0
0.347674 0
0.035198 0
0.515589 0
0.686695 0
0.084985 0
0.027753 0
0.386315 0
0.211620 0
0.312388 0
0.031411 0
0.990821 0
0.106359 0
0.004223 0
0.327464 0
0.011423 0
0.162852 0
0.275963 0
0.207652 0
0.026323 0
0.566577 0
0.317738 0
0.041207 0
1.563011 0
0.206272 0
0.290913 0
0.444216 0
0.744316 0
0.137289 0
0.298636 0
0.244875 0
0.388411 0
0.185800 0
0.939398 0
0.760978 0
0.178034 0
0.217161 0
1.704412 0
0.935384 0
1.491807 0
0.254324 0
0.379741 0
0.256637 0
0.160147 0
1.426644 0
0.582667 0
0.192458 0
1.122049 0
0.102384 0
0.397856 0
0.283015 0
0.602644 0
0.048574 0
0.238309 0
0.522000 0
0.273342 0
0.440072 0
0.414088 0
0.179523 0
1.354512 0
0.064800 0
1.147093 0
0.042952 0
0.534959 0
0.690059 0
0.626140 0
0.246171 0
0.127029 0
0.027303 0
0.484199 0
0.115268 0
0.344950 0
0.557187 0
0.935392 0
0.553861 0
0.104575 0
1.489970 0
0.296666 0
0.081708 0
1.159541 0
0.808753 0
1.068478 0
0.075890 0
0.014501 0
0.138903 0
0.154544 0
0.408530 0
0.024455 0
0.343722 0
1.295047 0
0.144466 0
0.319625 0
0.626457 0
0.208318 0
0.711901 0
0.183460 0
0.103128 0
0.034904 0
0.029371 0
0.253372 0
0.029575 0
0.041083 0
0.402562 0
0.144459 0
0.943310 0
0.854305 0
0.366650 0
0.191035 0
0.050893 0
0.029363 0
0.498317 0
0.416020 0
0.525558 0
0.044270 0
0.902889 0
0.039051 0
0.133748 0
0.193728 0
1.528931 0
0.104891 0
0.589563 0
0.187538 0
1.051826 0
0.597737 0
0.301718 0
1.083118 0
0.137056 0
0.308874 0
1.150363 0
0.115338 0
0.148991 0
0.496799 0
0.353715 0
0.522669 0
0.125169 0
0.226815 0
0.243015 0
0.404496 0
1.164040 0
0.479686 0
0.403506 0
0.257154 0
0.340031 0
0.246366 0
0.688989 0
0.108061 0
0.636627 0
0.988400 0
0.835818 0
0.054149 0
0.905710 0
0.555342 0
0.248232 0
1.268159 0
0.446832 0
0.089727 0
0.435826 0
0.559102 0
0.150059 0
0.135926 0
0.151281 0
1.463819 0
0.232492 0
0.183796 0
0.559712 0
0.388833 0
0.054147 0
0.403097 0
1.630046 0
0.686936 0
0.313474 0
0.076458 0
0.181404 0
0.091605 0
1.221503 0
0.740949 0
0.405974 0
1.285826 0
0.076094 0
0.097698 0
0.650921 0
0.484127 0
1.605665 0
0.315294 0
0.126209 0
0.059713 0
0.141054 0
0.391083 0
0.092583 0
0.037762 0
0.311271 0
0.044910 0
0.182561 0
0.398163 0
0.069327 0
1.463266 0
1.217790 0
0.214162 0
0.998018 0
0.233360 0
0.208302 0
0.079801 0
0.488172 0
0.222366 0
1.535739 0
0.580617 0
0.347728 0
0.549026 0
0.071146 0
1.172264 0
0.300243 0
0.336256 0
0.218092 0
0.181665 0
0.194573 0
0.051957 0
0.363281 0
0.516816 0
0.165459 0
0.768673 0
0.072607 0
1.387878 0
0.136202 0
0.672448 0
0.119121 0
0.075216 0
0.038645 0
0.210008 0
0.199109 0
0.197083 0
0.089756 0
0.263393 0
0.098858 0
0.274111 0
0.966086 0
0.223208 0
0.238127 0
1.260109 0
0.480916 0
0.290750 0
0.265520 0
1.619739 0
0.605758 0
1.413189 0
0.495818 0
0.259843 0
1.972010 0
1.181725 0
1.647187 0
0.549331 0
0.273649 0
0.112101 0
0.163925 0
0.802015 0
0.434781 0
0.448064 0
1.688025 0
0.283726 0
0.223428 0
0.595011 0
0.369970 0
0.892321 0
0.850084 0
0.297074 0
1.468736 0
0.134661 0
1.527704 0
0.678436 0
0.129727 0
0.108573 0
0.190507 0
0.184178 0
0.221698 0
0.110902 0
0.656689 0
0.197205 0
0.341635 0
0.212066 0
0.194102 0
0.290595 0
0.832307 0
1.427491 0
0.097161 0
0.784907 0
0.535209 0
0.989780 0
0.452011 0
0.008474 0
0.174930 0
0.084106 0
0.094045 0
0.261320 0
0.567038 0
1.093305 0
0.758626 0
0.116254 0
0.297226 0
0.053464 0
0.372576 0
0.099683 0
0.529475 0
0.151719 0
0.130911 0
0.193515 0
0.022643 0
0.906168 0
0.269438 0
0.006162 0
0.315463 0
0.274214 0
1.250797 0
0.259675 0
0.331565 0
0.243868 0
1.067716 0
0.171123 0
0.821717 0
0.110910 0
0.451071 0
0.861033 0
0.222986 0
0.708632 0
0.089060 0
0.512913 0
0.198761 0
0.052769 0
0.050387 0
1.487484 0
0.584262 0
0.744278 0
0.473615 0
0.166106 0
0.313931 0
0.265913 0
0.410555 0
0.616672 0
0.844361 0
0.223851 0
1.466844 0
0.191045 0
0.069634 0
0.971269 0
0.174768 0
0.630114 0
0.430169 0
0.484238 0
0.238832 0
0.309420 0
0.630302 0
0.290516 0
0.303638 0
0.138863 0
0.210439 0
0.143510 0
0.457071 0
0.378679 0
1.414641 0
1.392499 0
1.748274 0
0.855649 0
0.021485 0
0.556385 0
0.367763 0
0.720773 0
0.198575 0
0.108541 0
0.024282 0
0.258864 0
0.440832 0
0.348260 0
0.625383 0
0.675926 0
1.366246 0
1.085501 0
0.089046 0
0.091258 0
0.243130 0
0.134762 0
0.189117 0
0.437896 0
0.582007 0
1.058062 0
0.153790 0
0.089913 0
0.605033 0
0.112532 0
1.448646 0
0.128958 0
0.417487 0
0.638320 0
0.680128 0
0.635857 0
1.504409 0
1.408627 0
0.098414 0
0.373832 0
0.320396 0
0.165734 0
0.646133 0
0.295716 0
1.721993 0
0.283194 0
0.954191 0
0.092923 0
0.651956 0
0.300267 0
0.273944 0
0.043517 0
1.405149 0
0.189212 0
0.844969 0
1.014512 0
0.069988 0
0.163145 0
0.169070 0
0.617197 0
0.551203 0
0.011268 0
0.201376 0
0.286591 0
0.211378 0
0.482766 0
0.164887 0
0.037664 0
0.237908 0
0.195709 0
2.483386 0
1.206072 0
0.642853 0
0.810563 0
1.146527 0
0.983443 0
0.474784 0
0.811753 0
0.633154 0
1.496417 0
0.742273 0
0.285281 0
0.844849 0
0.441662 0
0.167665 0
0.099894 0
0.106703 0
1.626887 0
0.506916 0
0.513447 0
1.109093 0
0.171853 0
0.470235 0
0.243437 0
0.094560 0
0.267301 0
1.468914 0
0.380768 0
0.429464 0
0.424570 0
0.681393 0
0.194846 0
0.201316 0
0.325025 0
0.421729 0
0.217510 0
0.032588 0
0.708154 0
0.097690 0
0.108497 0
0.810250 0
0.354969 0
0.111681 0
0.344476 0
0.412369 0
0.578273 0
1.229229 0
1.382987 0
0.070046 0
0.480586 0
0.443453 0
0.214177 0
0.705897 0
0.353552 0
0.400077 0
0.430367 0
0.084237 0
0.435147 0
0.767237 0
0.947258 0
0.463877 0
0.657609 0
0.014508 0
0.614373 0
0.493730 0
0.329696 0
0.869573 0
1.200690 0
0.022271 0
1.326552 0
0.496356 0
0.025942 0
0.395081 0
0.627940 0
0.144789 0
0.465682 0
0.093745 0
0.079093 0
0.834360 0
0.159087 0
1.422712 0
0.525044 0
0.064807 0
0.132965 0
0.626319 0
0.897381 0
0.421974 0
0.975650 0
0.841102 0
0.492222 0
0.797758 0
0.911256 0
0.004370 0
0.718152 0
0.831012 0
0.086732 0
0.308213 0
0.224501 0
0.542815 0
0.719419 0
0.724429 0
0.689059 0
0.229615 0
0.340067 0
0.467424 0
0.585712 0
0.336138 0
0.606337 0
0.417921 0
0.405908 0
0.622452 0
1.123432 0
0.179492 0
0.912970 0
0.110366 0
0.081660 0
0.147740 0
0.166929 0
0.216540 0
0.417147 0
0.479331 0
0.101667 0
0.847145 0
0.238471 0
0.166230 0
0.176587 0
0.215616 0
1.370153 0
0.528422 0
0.247141 0
0.195090 0
0.315228 0
0.432071 0
0.771220 0
0.534311 0
0.164952 0
0.675424 0
0.410580 0
0.444354 0
0.754654 0
0.012878 0
0.218691 0
0.278711 0
0.049460 0
1.055570 0
0.353206 0
0.375567 0
0.272650 0
0.770054 0
0.236138 0
0.204589 0
0.833357 0
0.315686 0
0.304878 0
1.492352 0
0.974786 0
0.100577 0
0.047639 0
0.276815 0
0.060393 0
0.256456 0
0.852409 0
0.962621 0
0.263713 0
0.704735 0
0.292576 0
1.684481 0
0.937167 0
0.568731 0
0.780232 0
0.135251 0
1.438207 0
0.411038 0
1.341854 0
0.581147 0
0.192349 0
0.053411 0
0.051966 0
0.359947 0
0.131785 0
0.601572 0
0.040605 0
0.396675 0
0.230340 0
0.401640 0
0.100981 0
0.474917 0
0.078343 0
0.057887 0
0.664452 0
0.340369 0
0.672753 0
0.671257 0
1.477315 0
0.529766 0
0.189028 0
0.247521 0
0.213148 0
0.815277 0
0.671879 0
0.423842 0
0.386643 0
0.324927 0
0.159677 0
0.755552 0
0.370844 0
0.402089 0
0.162484 0
0.339611 0
0.145946 0
1.404014 0
0.774645 0
1.822519 0
0.205483 0
0.372904 0
0.454101 0
0.184593 0
1.002918 0
0.266699 0
0.332097 0
0.178810 0
1.436357 0
0.098458 0
1.315603 0
1.615064 0
0.256198 0
0.183542 0
0.095711 0
0.922238 0
0.318667 0
0.100586 0
0.127208 0
0.213403 0
0.801585 0
0.270911 0
0.562036 0
1.492993 0
0.030854 0
0.152828 0
0.404931 0
0.064593 0
0.079439 0
0.219063 0
0.152912 0
0.739685 0
1.364748 0
0.091873 0
0.513534 0
0.023877 0
0.535061 0
0.103668 0
0.922935 0
1.246256 0
0.019016 0
0.369721 0
0.187875 0
0.367136 0
1.184401 0
0.255190 0
0.246625 0
0.018002 0
0.957454 0
1.533467 0
0.537313 0
0.850275 0
0.481075 0
1.384318 0
0.006328 0
0.257022 0
0.137514 0
0.818329 0
0.669175 0
0.520948 0
0.755067 0
0.316129 0
0.452387 0
0.132350 0
0.051888 0
0.130084 0
0.015710 0
1.387015 0
0.023837 0
0.002794 0
1.436793 0
0.342869 0
0.225185 0
0.779578 0
1.393430 0
0.788642 0
0.504520 0
0.780000 0
0.459616 0
1.437268 0
1.224993 0
0.382166 0
0.126031 0
0.494841 0
0.213395 0
0.158868 0
1.448733 0
0.838947 0
0.470627 0
0.322914 0
0.337891 0
0.084001 0
0.536914 0
0.152498 0
0.705775 0
0.984263 0
1.407258 0
0.034023 0
0.301861 0
0.235225 0
1.313521 0
0.220788 0
0.285870 0
0.079311 0
0.656662 0
0.051780 0
0.506204 0
0.659343 0
0.233220 0
0.303382 0
1.037875 0
0.107168 0
0.101793 0
0.673488 0
0.283715 0
0.181061 0
0.047190 0
0.523551 0
1.117687 0
1.543478 0
0.405570 0
1.004441 0
0.257905 0
0.018840 0
0.073560 0
1.396138 0
0.289550 0
0.071716 0
0.079266 0
0.034742 0
0.119395 0
0.550944 0
0.388203 0
0.076019 0
0.533901 0
0.147283 0
0.678739 0
0.342753 0
0.161608 0
0.557281 0
0.783288 0
0.620061 0
0.184883 0
0.142055 0
0.816335 0
0.888108 0
0.582224 0
0.051334 0
0.452017 0
0.032148 0
0.116993 0
1.075737 0
0.160391 0
1.361615 0
0.023570 0
0.003451 0
0.418435 0
0.144670 0
0.126548 0
0.072355 0
0.045860 0
0.128946 0
0.583126 0
0.305458 0
1.157920 0
0.544918 0
0.005567 0
0.522305 0
3.461275 0
1.442365 0
0.739022 0
0.241645 0
0.492809 0
0.565795 0
0.157912 0
0.716698 0
0.110141 0
0.794943 0
0.138883 0
0.874041 0
0.777681 0
0.041686 0
0.724521 0
1.163594 0
0.205198 0
0.772518 0
0.985202 0
0.103740 0
0.237605 0
0.030216 0
1.734944 0
0.052136 0
0.432016 0
0.815514 0
1.736852 0
0.223104 0
0.311428 0
0.066887 0
0.047026 0
0.547152 0
0.324437 0
0.256750 0
0.102573 0
0.962407 0
0.040578 0
0.847695 0
1.064962 0
0.460181 0
0.627513 0
0.047119 0
0.169184 0
0.949609 0
1.385705 0
0.833136 0
0.126184 0
0.740909 0
1.513659 0
0.527172 0
0.816857 0
0.371375 0
0.484215 0
0.086220 0
0.030731 0
0.929793 0
0.317281 0
0.222469 0
0.454363 0
0.964450 0
0.244903 0
0.079127 0
0.294794 0
0.108999 0
0.532541 0
0.585221 0
0.397463 0
0.309871 0
1.485408 0
0.203623 0
0.543090 0
0.414308 0
0.125172 0
1.063193 0
0.356337 0
0.024336 0
1.223087 0
0.079268 0
0.181301 0
0.807380 0
0.548245 0
1.184620 0
0.319590 0
0.040650 0
0.444621 0
0.312298 0
0.151661 0
0.845567 0
0.402205 0
0.673963 0
0.299676 0
0.483017 0
0.533345 0
0.268158 0
1.174384 0
0.501400 0
0.215055 0
1.030199 0
0.405370 0
0.206460 0
1.324455 0
0.233741 0
0.360075 0
0.496493 0
0.377558 0
0.390295 0
0.314011 0
0.138097 0
0.915923 0
0.093434 0
0.338077 0
0.322399 0
0.724770 0
1.612523 0
0.093146 0
1.376765 0
0.370564 0
0.990756 0
0.209250 0
0.260161 0
0.799372 0
1.094107 0
0.538580 0
0.065335 0
0.179918 0
0.349466 0
0.105774 0
0.322931 0
0.302691 0
1.386060 0
0.085383 0
0.561431 0
0.301203 0
0.267395 0
1.403067 0
0.034967 0
0.284058 0
0.710522 0
1.791416 0
1.478856 0
1.174357 0
0.131850 0
0.467510 0
0.553311 0
1.380441 0
0.860441 0
0.826472 0
0.862894 0
0.142040 0
0.108428 0
0.359741 0
0.755882 0
1.567106 0
0.683091 0
0.987129 0
0.867710 0
0.699540 0
0.174653 0
0.872826 0
0.125689 0
0.192677 0
0.006369 0
0.230130 0
0.362204 0
0.015518 0
0.704713 0
1.001466 0
1.089305 0
0.078525 0
0.350417 0
0.095533 0
1.118752 0
0.477293 0
0.193382 0
0.162610 0
0.794256 0
0.672460 0
0.171261 0
0.874966 0
1.389465 0
0.540305 0
0.113858 0
1.577626 0
0.059465 0
0.518826 0
0.048538 0
0.208463 0
0.329620 0
0.002943 0
0.561869 0
0.817502 0
0.135472 0
0.177504 0
0.384061 0
0.059878 0
0.183265 0
0.396767 0
0.516953 0
0.093728 0
0.201781 0
0.229377 0
1.404594 0
1.132681 0
1.631184 0
1.164274 0
0.229442 0
0.172689 0
0.068098 0
0.593122 0
0.497551 0
0.932868 0
0.742330 0
0.110850 0
0.054316 0
0.099287 0
0.592841 0
0.170791 0
0.185808 0
0.177977 0
1.738668 0
1.454333 0
0.180462 0
0.117287 0
0.114960 0
1.336209 0
0.759172 0
0.291476 0
0.292597 0
0.243579 0
0.069595 0
0.466440 0
0.647249 0
0.028960 0
0.194731 0
0.491450 0
0.556301 0
0.053201 0
1.176992 0
0.566108 0
0.063701 0
0.383720 0
0.419940 0
0.935433 0
0.393722 0
0.142906 0
0.240635 0
0.105555 0
0.063376 0
0.279978 0
1.405354 0
0.232745 0
0.063556 0
0.378337 0
0.487145 0
0.317488 0
0.786685 0
0.725237 0
0.377585 0
0.053982 0
1.098062 0
0.227452 0
0.204457 0
0.108082 0
0.358290 0
0.095072 0
0.091643 0
0.278587 0
0.943981 0
0.083225 0
0.050304 0
0.336550 0
0.539822 0
0.008261 0
1.661613 0
0.013340 0
0.558627 0
0.437774 0
1.314662 0
0.995409 0
0.124873 0
1.049497 0
1.239391 0
1.191132 0
0.336866 0
0.042471 0
0.013528 0
1.271666 0
0.078495 0
0.489354 0
0.478942 0
0.083178 0
0.099879 0
0.392312 0
0.595595 0
0.284931 0
0.185247 0
0.462447 0
0.198065 0
0.550259 0
0.049523 0
0.463327 0
0.576853 0
0.008000 0
0.779996 0
0.707132 0
0.125133 0
0.483824 0
0.359325 0
0.253679 0
1.035716 0
0.570649 0
0.948562 0
1.429885 0
0.803436 0
0.839515 0
0.135503 0
0.457207 0
0.329807 0
1.014344 0
0.224618 0
0.742667 0
0.190134 0
0.130332 0
0.531210 0
0.064526 0
0.460057 0
1.026006 0
0.516270 0
0.277375 0
0.318904 0
0.076272 0
1.476099 0
0.192469 0
0.408392 0
0.041928 0
0.352019 0
0.037458 0
0.369665 0
1.098565 0
1.340400 0
0.876748 0
0.160473 0
0.108209 0
0.657542 0
1.062170 0
0.314447 0
0.139233 0
0.144582 0
0.596164 0
0.391910 0
0.506829 0
0.210672 0
0.022444 0
0.778947 0
0.948704 0
0.233382 0
0.321639 0
0.022115 0
0.087867 0
0.207188 0
0.135871 0
0.326188 0
0.114350 0
0.259473 0
0.053248 0
0.210776 0
0.295496 0
0.007788 0
0.082714 0
0.597448 0
0.605021 0
1.499669 0
0.104678 0
0.405351 0
1.053356 0
0.082956 0
0.721034 0
0.333621 0
1.437648 0
0.288894 0
0.291554 0
0.006562 0
0.959579 0
0.066740 0
0.157615 0
0.120280 0
0.754657 0
0.489692 0
0.080635 0
0.156899 0
0.050391 0
0.061123 0
0.125016 0
0.194041 0
1.361838 0
0.704002 0
0.876033 0
0.286423 0
1.249007 0
0.931615 0
0.217486 0
0.778509 0
0.627495 0
0.242002 0
0.263935 0
0.584123 0
0.204186 0
0.060367 0
1.003844 0
0.203612 0
0.368324 0
1.486310 0
0.375637 0
0.091665 0
0.045495 0
0.661797 0
0.441113 0
0.655470 0
0.947584 0
0.266576 0
0.295790 0
0.820438 0
0.779606 0
0.431403 0
1.046414 0
0.604787 0
1.392828 0
0.658796 0
0.270923 0
1.512906 0
0.514376 0
0.856868 0
0.131092 0
0.241595 0
0.293423 0
0.787630 0
0.159175 0
0.259618 0
0.493262 0
0.134917 0
1.093360 0
0.372370 0
0.318263 0
1.404389 0
0.041911 0
0.592478 0
0.363270 0
0.221057 0
1.395715 0
0.034136 0
1.227498 0
1.110637 0
0.654668 0
0.806873 0
0.116295 0
1.622840 0
0.114301 0
0.435253 0
0.043283 0
0.082980 0
0.989816 0
0.278496 0
0.265340 0
0.365978 0
0.764277 0
1.418478 0
1.106653 0
0.083084 0
0.306628 0
0.151515 0
0.079985 0
0.042456 0
0.782163 0
0.069777 0
1.161038 0
0.090349 0
0.374648 0
1.430840 0
0.110147 0
0.196901 0
0.177605 0
0.220479 0
0.235970 0
0.092965 0
0.058564 0
1.388591 0
1.299992 0
0.523633 0
0.293674 0
1.046421 0
0.516099 0
1.585695 0
1.032374 0
1.569535 0
1.066674 0
0.581509 0
0.427520 0
0.337354 0
0.162681 0
0.109025 0
0.113240 0
0.616561 0
0.097863 0
0.392638 0
0.379562 0
0.568164 0
0.157551 0
0.107702 0
0.038663 0
0.520925 0
1.165130 0
0.526759 0
0.228435 0
0.096667 0
1.559791 0
0.620033 0
0.659544 0
0.628905 0
1.432995 0
0.983970 0
0.244017 0
0.042087 0
0.827029 0
0.325066 0
0.538467 0
0.053549 0
0.646391 0
0.636941 0
0.563165 0
0.236782 0
0.260368 0
0.578921 0
0.095445 0
0.397469 0
0.586299 0
0.535508 0
0.290945 0
0.178985 0
0.204423 0
0.462763 0
0.548047 0
0.008384 0
0.470743 0
0.773234 0
1.267564 0
0.174657 0
0.317532 0
0.488094 0
1.054066 0
0.085891 0
0.026215 0
0.631553 0
0.035796 0
1.401404 0
0.499588 0
0.199062 0
0.705233 0
0.792910 0
0.237219 0
0.519508 0
0.013921 0
0.190686 0
0.416754 0
0.418434 0
0.720982 0
1.670016 0
0.326105 0
0.324281 0
0.342819 0
0.070455 0
0.163137 0
0.279678 0
1.450656 0
0.014239 0
0.180276 0
0.281394 0
0.413579 0
1.588747 0
0.111029 0
0.282397 0
0.542076 0
1.007024 0
0.335487 0
1.119392 0
0.072789 0
0.133271 0
0.180718 0
0.124329 0
0.684896 0
0.647597 0
0.300605 0
0.566480 0
0.521241 0
0.553865 0
0.775116 0
0.206627 0
0.272973 0
0.756613 0
0.995235 0
0.652861 0
1.454177 0
0.417352 0
0.212385 0
0.146175 0
1.582780 0
1.360931 0
0.534952 0
1.535310 0
0.259577 0
1.216264 0
0.848236 0
0.029128 0
0.565601 0
0.136756 0
0.481390 0
0.294147 0
0.528607 0
0.124436 0
0.548873 0
0.205443 0
0.463406 0
0.494281 0
0.395725 0
0.440625 0
0.595845 0
1.435297 0
0.361200 0
0.647301 0
0.839546 0
0.835652 0
0.051081 0
1.161426 0
0.514683 0
1.426800 0
0.320155 0
0.277888 0
1.102389 0
0.953944 0
1.324895 0
0.133079 0
0.260992 0
1.525521 0
1.292555 0
1.064852 0
0.404777 0
1.440272 0
0.321222 0
0.194036 0
0.506639 0
0.676547 0
0.545808 0
0.012656 0
0.429712 0
1.471818 0
0.058253 0
1.901880 0
1.435915 0
1.167661 0
1.033999 0
0.079317 0
0.881393 0
0.190169 0
0.491559 0
0.189226 0
0.012710 0
0.105849 0
1.032710 0
0.513916 0
0.136984 0
0.240290 0
0.358275 0
0.149976 0
1.049307 0
0.490440 0
0.876500 0
0.420538 0
0.015188 0
0.564298 0
0.175704 0
0.140449 0
0.207799 0
0.076967 0
0.323643 0
1.796641 0
0.745827 0
0.546145 0
0.294495 0
0.429141 0
0.647061 0
0.174524 0
0.431598 0
0.273237 0
0.168071 0
0.220451 0
1.548515 0
0.949247 0
0.644008 0
0.339102 0
0.596628 0
0.328491 0
0.147415 0
0.237006 0
0.604028 0
0.303483 0
0.652853 0
0.143311 0
1.751099 0
0.200776 0
0.610116 0
1.222755 0
0.707222 0
0.437513 0
1.370767 0
0.726109 0
0.113557 0
0.029922 0
0.173940 0
0.078049 0
0.055172 0
0.275845 0
0.306648 0
0.462546 0
0.010393 0
0.360086 0
0.149825 0
0.114319 0
0.803466 0
0.255795 0
0.906909 0
0.564053 0
1.385064 0
0.180210 0
0.500624 0
1.104874 0
0.835633 0
0.267231 0
0.273105 0
1.097720 0
0.522085 0
0.369974 0
0.148311 0
0.119529 0
0.062301 0
0.149656 0
0.209687 0
0.500553 0
0.051587 0
0.037820 0
0.477550 0
0.298648 0
0.075511 0
0.016018 0
0.095421 0
0.233362 0
1.297519 0
0.631259 0
0.978238 0
0.699623 0
0.499369 0
0.194268 0
0.164560 0
0.050967 0
1.032461 0
1.221381 0
0.489559 0
0.021380 0
0.159327 0
0.060238 0
0.928866 0
0.080364 0
0.272963 0
0.075480 0
1.115118 0
1.446570 0
0.640633 0
1.362598 0
0.779493 0
0.754292 0
0.925531 0
0.267368 0
0.220882 0
0.347553 0
0.061069 0
0.609402 0
1.222451 0
2.097270 0
1.384720 0
0.642049 0
0.289103 0
0.353981 0
0.278935 0
0.512650 0
0.405028 0
0.315663 0
0.268556 0
1.698006 0
0.335713 0
0.092315 0
0.286354 0
0.053559 0
0.162371 0
0.528358 0
0.100891 0
0.390166 0
0.482764 0
0.037858 0
0.355052 0
0.261129 0
1.519940 0
1.396058 0
0.044537 0
0.037939 0
0.690997 0
0.591405 0
1.173301 0
0.181379 0
0.201588 0
0.628081 0
0.039343 0
0.592485 0
0.133054 0
0.024630 0
0.765080 0
0.171649 0
0.116447 0
0.117097 0
0.321394 0
0.278261 0
0.102487 0
0.570808 0
0.350912 0
0.158345 0
1.382171 0
0.165499 0
1.366465 0
0.896508 0
0.622456 0
0.566450 0
1.566294 0
0.267403 0
0.439669 0
0.248647 0
1.035015 0
0.795712 0
0.487942 0
0.087470 0
0.302389 0
0.397134 0
0.609806 0
0.618495 0
0.567594 0
0.441213 0
1.429878 0
0.469226 0
1.136824 0
0.172841 0
0.517597 0
0.185372 0
0.086681 0
0.110575 0
0.413147 0
0.074847 0
0.048586 0
0.091055 0
0.044087 0
0.650537 0
0.704219 0
0.033912 0
0.638454 0
0.509614 0
0.440960 0
1.254729 0
0.361366 0
0.198656 0
0.947574 0
1.421734 0
0.626227 0
0.044489 0
0.517911 0
0.225587 0
0.233666 0
0.685360 0
0.172116 0
1.544127 0
0.091444 0
0.146601 0
1.041269 0
0.574575 0
0.179403 0
0.089535 0
0.068417 0
0.198699 0
1.137373 0
0.118174 0
1.769356 0
0.489145 0
0.464260 0
0.127224 0
1.562528 0
1.126444 0
0.745383 0
1.130559 0
1.407583 0
0.310539 0
0.744262 0
0.169589 0
1.072969 0
0.084878 0
0.510256 0
0.273423 0
0.410284 0
1.324638 0
0.237704 0
1.862588 0
0.079359 0
0.208296 0
0.612862 0
0.379501 0
0.142105 0
0.278525 0
0.032983 0
0.830631 0
0.104953 0
0.321167 0
1.535748 0
0.830438 0
0.105574 0
0.053315 0
0.448413 0
0.018143 0
0.303264 0
1.118045 0
0.594426 0
0.049652 0
0.086981 0
0.064815 0
0.403681 0
0.043850 0
0.865348 0
0.653358 0
0.319801 0
0.057963 0
0.836425 0
0.067445 0
1.409499 0
0.752881 0
0.154965 0
0.666460 0
1.378654 0
0.104768 0
0.709928 0
0.220661 0
1.528566 0
0.073790 0
0.237650 0
0.764936 0
0.278799 0
0.005895 0
0.619091 0
0.555884 0
0.238655 0
0.114544 0
0.174882 0
0.996168 0
0.507085 0
0.734815 0
0.054927 0
1.362859 0
0.036960 0
0.031218 0
0.031246 0
0.233965 0
0.405400 0
0.404543 0
0.026928 0
0.579074 0
0.940886 0
0.253836 0
0.116353 0
0.015709 0
0.056739 0
0.625267 0
0.053155 0
1.142937 0
0.184551 0
0.525670 0
0.073246 0
0.751526 0
0.142996 0
0.251977 0
0.625474 0
0.301571 0
0.081363 0
1.267150 0
0.122497 0
0.174472 0
1.349483 0
0.750895 0
0.627062 0
0.345223 0
0.347553 0
0.143451 0
0.103885 0
0.731409 0
0.099401 0
1.165068 0
0.783190 0
1.079018 0
0.573500 0
0.829697 0
0.879058 0
0.668997 0
0.448296 0
0.095399 0
0.537337 0
0.155364 0
0.187914 0
0.038410 0
0.251133 0
0.036553 0
0.122955 0
0.391820 0
0.136432 0
0.020382 0
0.141036 0
0.022331 0
1.467566 0
0.127361 0
0.593368 0
0.039313 0
0.054632 0
0.042327 0
0.762941 0
0.447796 0
0.600872 0
0.987791 0
0.068234 0
0.607850 0
0.115632 0
1.510046 0
0.008836 0
0.177041 0
0.186962 0
0.083912 0
0.499131 0
0.584601 0
0.835625 0
0.645154 0
0.264125 0
0.083605 0
0.638594 0
0.107660 0
0.179180 0
1.558925 0
0.396578 0
1.451961 0
0.252388 0
0.238535 0
0.463548 0
0.074407 0
0.132994 0
1.024365 0
0.331566 0
0.003661 0
0.293837 0
1.163506 0
0.007956 0
1.443507 0
0.054230 0
1.373031 0
0.397559 0
1.367639 0
0.020967 0
0.402474 0
0.287193 0
0.739832 0
0.470102 0
0.503825 0
0.434575 0
0.297498 0
0.728053 0
0.755775 0
0.948963 0
0.254526 0
0.049936 0
0.439093 0
0.196933 0
1.325715 0
0.722689 0
0.907491 0
1.144986 0
0.494562 0
0.377851 0
0.673832 0
0.003916 0
0.128412 0
1.634285 0
0.140431 0
1.002192 0
0.265743 0
0.594892 0
0.845828 0
1.017227 0
0.119366 0
0.314738 0
0.073421 0
0.402161 0
0.459732 0
0.305787 0
0.862476 0
0.078459 0
1.143504 0
0.868092 0
0.232451 0
0.258612 0
1.092294 0
0.275239 0
0.713857 0
0.058363 0
1.016891 0
0.520650 0
0.101616 0
0.183342 0
0.129275 0
0.231443 0
0.398252 0
0.300937 0
0.159412 0
1.299909 0
0.352398 0
0.686372 0
0.085707 0
0.500520 0
0.768040 0
0.272081 0
0.512481 0
0.566824 0
0.340023 0
0.019319 0
1.216530 0
0.528375 0
0.189108 0
0.192595 0
0.223671 0
0.253938 0
0.268200 0
0.130446 0
1.169220 0
0.718885 0
0.578374 0
0.691046 0
0.157738 0
0.650555 0
0.835892 0
0.078557 0
0.241875 0
0.141476 0
1.572913 0
0.199791 0
0.097624 0
0.172836 0
0.476268 0
0.647213 0
0.932103 0
0.271359 0
0.838358 0
0.410125 0
0.376845 0
0.206393 0
0.356510 0
0.848844 0
1.197448 0
0.601658 0
1.365035 0
0.651078 0
0.206406 0
0.346346 0
0.232933 0
0.015583 0
0.739156 0
0.117478 0
0.443084 0
0.151119 0
0.933838 0
0.549223 0
0.027392 0
0.452096 0
0.900267 0
1.351426 0
0.055015 0
0.061568 0
0.694918 0
0.228571 0
0.751035 0
0.148070 0
1.118718 0
1.791747 0
0.229859 0
0.605200 0
0.346271 0
0.916744 0
0.333612 0
1.544561 0
0.619881 0
0.835913 0
0.176204 0
0.980372 0
0.253567 0
0.082114 0
0.195385 0
0.248946 0
0.353794 0
1.392135 0
0.138378 0
0.127676 0
0.395024 0
0.920736 0
0.036035 0
0.029427 0
0.271385 0
0.148274 0
1.454412 0
0.146275 0
0.045140 0
0.112422 0
0.161667 0
0.118876 0
0.380394 0
0.291604 0
0.338187 0
0.852272 0
0.469188 0
0.225203 0
0.096544 0
0.009153 0
0.145659 0
0.529757 0
0.596885 0
0.306816 0
0.876834 0
0.047521 0
0.930060 0
0.318169 0
0.628951 0
1.881396 0
0.931978 0
0.403593 0
0.233245 0
0.866026 0
0.118587 0
0.575420 0
0.332408 0
0.254963 0
0.391425 0
0.488244 0
0.119274 0
0.179374 0
0.259584 0
0.138347 0
0.714509 0
0.680361 0
0.097415 0
0.151124 0
0.425959 0
0.337880 0
0.027436 0
0.075414 0
0.644110 0
0.045854 0
0.036155 0
0.045072 0
0.103053 0
0.916118 0
1.504774 0
0.052676 0
0.053301 0
1.459984 0
0.246957 0
0.555103 0
0.021349 0
0.060226 0
0.411158 0
0.002275 0
0.240805 0
0.030127 0
0.535440 0
1.367705 0
0.214384 0
1.207331 0
0.907353 0
0.237338 0
0.569018 0
0.120830 0
0.336421 0
0.174463 0
0.787312 0
0.076210 0
0.918332 0
0.029428 0
0.326675 0
0.014980 0
0.115283 0
0.059802 0
1.336453 0
1.452983 0
1.399663 0
0.786942 0
0.256154 0
0.150495 0
1.067551 0
0.636513 0
0.648423 0
0.126782 0
1.480166 0
0.348863 0
0.432410 0
0.968849 0
0.469132 0
0.748460 0
0.840781 0
0.464665 0
0.331176 0
1.288031 0
0.563367 0
0.535481 0
0.215985 0
0.642760 0
0.166166 0
0.376081 0
1.572057 0
1.490987 0
0.903189 0
1.253680 0
0.283497 0
0.603267 0
0.424159 0
0.435282 0
1.146290 0
0.590003 0
0.034982 0
1.357800 0
0.240228 0
0.579412 0
0.171956 0
0.255528 0
0.079347 0
0.077840 0
0.021780 0
0.016606 0
0.500590 0
0.357278 0
1.060533 0
0.258654 0
0.830238 0
0.460496 0
0.403623 0
0.014108 0
0.343424 0
0.836306 0
0.467778 0
0.323942 0
0.080337 0
0.030210 0
0.391253 0
0.099519 0
0.702567 0
1.015616 0
0.011025 0
0.964265 0
0.053973 0
0.177648 0
0.404134 0
0.114030 0
0.506992 0
0.755260 0
0.310381 0
1.354206 0
0.389527 0
0.485145 0
0.481869 0
0.333995 0
0.084883 0
0.550849 0
0.083256 0
0.064466 0
0.826268 0
0.132043 0
0.976573 0
0.378594 0
0.658877 0
0.017235 0
0.765950 0
0.024218 0
1.373226 0
0.049287 0
0.545700 0
0.724715 0
0.397066 0
0.170374 0
0.158493 0
0.014389 0
1.191805 0
1.647301 0
1.075122 0
1.450327 0
0.131178 0
0.045605 0
0.056527 0
0.924626 0
0.509968 0
2.261133 0
1.501231 0
0.275875 0
0.434420 0
0.127042 0
0.251220 0
0.090129 0
0.368511 0
0.250851 0
0.507119 0
0.205697 0
0.595670 0
1.399672 0
0.502144 0
0.424123 0
0.083986 0
0.146444 0
0.389346 0
0.756352 0
0.092330 0
0.814764 0
0.247886 0
0.244017 0
0.611985 0
0.917732 0
0.440753 0
0.030028 0
0.029247 0
0.176529 0
0.760504 0
0.151854 0
0.265528 0
0.362231 0
1.212638 0
0.910799 0
0.181685 0
0.388844 0
1.542027 0
0.700765 0
0.197917 0
0.364075 0
1.047052 0
0.779797 0
0.212805 0
0.208443 0
2.021801 0
0.118444 0
0.239033 0
0.531212 0
0.540091 0
0.194369 0
0.065442 0
1.178448 0
1.344594 0
0.672531 0
0.200455 0
0.276909 0
0.009345 0
0.855378 0
0.579572 0
0.162218 0
1.461020 0
0.107803 0
0.147405 0
0.094782 0
0.302779 0
0.394589 0
0.261132 0
1.376722 0
0.007625 0
0.467051 0
0.200415 0
0.471762 0
0.299340 0
0.432614 0
0.149098 0
0.408610 0
0.715533 0
0.119214 0
0.412062 0
1.310009 0
0.289537 0
0.412991 0
0.077318 0
0.377416 0
0.371983 0
0.021960 0
0.271182 0
0.591967 0
0.369264 0
0.084073 0
0.012447 0
0.134700 0
0.067818 0
0.212435 0
0.530471 0
0.675391 0
0.115658 0
0.246776 0
0.992518 0
0.230049 0
0.063238 0
1.257132 0
1.368686 0
0.084550 0
0.359298 0
1.148801 0
0.011899 0
0.439308 0
1.024016 0
0.488883 0
0.599191 0
0.389747 0
0.915741 0
0.501078 0
0.315207 0
0.224618 0
1.145434 0
1.615782 0
0.757669 0
0.875358 0
1.032083 0
1.437569 0
0.121582 0
0.730840 0
1.975877 0
1.070729 0
0.277455 0
0.453082 0
0.566327 0
0.055665 0
0.101083 0
0.064907 0
0.630603 0
0.012796 0
0.455139 0
0.197087 0
0.299000 0
0.283207 0
0.894549 0
0.680151 0
1.401720 0
0.010927 0
0.060360 0
0.063085 0
1.097884 0
0.359028 0
0.320254 0
0.426235 0
0.704791 0
0.071158 0
0.011564 0
0.303009 0
0.007433 0
0.939114 0
0.129538 0
0.240588 0
0.173565 0
0.443809 0
0.647373 0
0.089170 0
0.900778 0
0.322433 0
0.267206 0
0.843197 0
0.807216 0
0.662315 0
0.582462 0
0.536183 0
0.053421 0
1.385648 0
0.067156 0
0.344050 0
0.036786 0
0.205328 0
0.342290 0
0.672714 0
0.622765 0
0.304031 0
0.188012 0
0.592200 0
0.697337 0
0.495694 0
0.373416 0
0.110754 0
0.543938 0
1.564003 0
0.982830 0
0.617082 0
0.536052 0
0.258012 0
0.472048 0
0.733113 0
1.781666 0
0.113518 0
0.125094 0
1.560570 0
0.535501 0
0.273466 0
0.095541 0
0.082007 0
1.040756 0
0.127754 0
0.234752 0
0.680027 0
0.149355 0
0.194883 0
1.440675 0
0.393082 0
1.039247 0
0.160807 0
0.740365 0
0.140793 0
0.682177 0
0.787289 0
0.620880 0
1.051373 0
0.538759 0
0.172256 0
0.332313 0
0.879590 0
0.259536 0
0.460905 0
1.080913 0
0.681783 0
0.099869 0
1.427116 0
0.338202 0
0.448583 0
0.296398 0
0.384772 0
0.080801 0
1.767738 0
0.601940 0
0.791206 0
0.282780 0
0.132195 0
1.238061 0
0.064357 0
0.172507 0
0.920503 0
0.449886 0
0.733562 0
0.209765 0
0.035839 0
0.170954 0
0.935925 0
0.627958 0
0.437139 0
0.193947 0
0.628306 0
1.554113 0
0.495822 0
0.502361 0
0.957510 0
0.245563 0
0.053368 0
0.889169 0
0.426527 0
0.621685 0
0.243595 0
0.311610 0
0.371209 0
0.136931 0
0.200998 0
1.642858 0
0.045805 0
0.295373 0
0.017669 0
0.979541 0
0.151786 0
0.051327 0
0.042095 0
0.187923 0
0.395150 0
0.250212 0
0.500271 0
0.196303 0
0.375238 0
0.429150 0
0.395306 0
0.003723 0
0.227007 0
0.361022 0
0.132613 0
0.224779 0
0.313067 0
0.321750 0
0.631128 0
1.111948 0
0.082992 0
0.119975 0
0.846115 0
0.070436 0
0.379170 0
1.379306 0
0.642648 0
1.449803 0
1.142946 0
0.948267 0
0.626690 0
0.587818 0
0.193607 0
0.394407 0
0.522675 0
1.246329 0
0.766098 0
0.126917 0
0.147654 0
0.085591 0
0.460914 0
0.163401 0
0.102996 0
0.420856 0
0.536209 0
0.907103 0
0.903972 0
0.609959 0
0.606856 0
0.891963 0
0.907652 0
0.504742 0
0.463821 0
0.062171 0
1.394062 0
0.444102 0
0.038361 0
0.172959 0
1.461408 0
0.508335 0
0.532206 0
0.153862 0
0.023019 0
0.596036 0
1.426224 0
0.095893 0
0.152199 0
0.347289 0
0.260794 0
0.348458 0
0.300064 0
0.547540 0
0.605300 0
0.985883 0
0.047747 0
0.705956 0
0.732196 0
0.269540 0
0.105816 0
1.262188 0
1.073272 0
0.111711 0
0.231570 0
1.135445 0
0.705629 0
0.045022 0
0.500364 0
0.648262 0
0.003715 0
0.354732 0
0.179917 0
0.171312 0
0.644162 0
0.163125 0
0.607672 0
0.491201 0
1.396360 0
0.702924 0
0.196295 0
0.948032 0
0.095931 0
0.216802 0
0.052588 0
0.213555 0
0.030064 0
0.081628 0
0.024594 0
1.128060 0
0.033477 0
0.111009 0
0.464668 0
0.095911 0
0.279433 0
0.626772 0
1.129967 0
0.232834 0
0.867250 0
0.575324 0
0.035169 0
0.806382 0
0.608081 0
1.292355 0
0.028677 0
0.196932 0
0.031578 0
1.394427 0
0.629125 0
0.294880 0
0.027356 0
0.890087 0
0.336995 0
0.570742 0
1.609774 0
0.934739 0
0.834897 0
0.920250 0
0.459896 0
0.207741 0
0.900298 0
0.043408 0
0.845267 0
0.393573 0
0.737621 0
0.684967 0
0.235971 0
0.719937 0
0.436746 0
0.444431 0
0.042036 0
1.323080 0
1.588079 0
1.147137 0
0.015978 0
1.032353 0
0.101250 0
0.742181 0
1.503478 0
0.280443 0
0.061204 0
0.462877 0
0.255202 0
0.710909 0
1.479245 0
0.100715 0
1.119569 0
0.189321 0
0.207594 0
2.232516 0
0.483961 0
0.774793 0
0.247164 0
0.406362 0
0.075994 0
0.270392 0
0.017118 0
0.071461 0
1.098955 0
0.408953 0
0.366101 0
0.113957 0
0.082078 0
0.064206 0
1.981556 0
1.050972 0
0.648127 0
0.665769 0
0.178395 0
0.232953 0
0.107737 0
0.333245 0
0.552173 0
0.031087 0
0.025730 0
0.127349 0
1.404819 0
0.326952 0
0.408581 0
0.743459 0
1.455227 0
0.334535 0
0.442703 0
0.855888 0
0.285196 0
0.198421 0
0.257171 0
0.323611 0
0.195885 0
0.294047 0
0.144041 0
1.079275 0
0.110838 0
0.109317 0
0.555373 0
1.037942 0
0.023087 0
1.106611 0
0.047164 0
0.214830 0
0.024871 0
0.314949 0
0.152741 0
0.026826 0
0.822390 0
0.140397 0
0.363563 0
0.125732 0
0.377348 0
0.434146 0
0.139186 0
0.178928 0
0.353635 0
1.127999 0
0.206870 0
1.319995 0
0.896661 0
0.855938 0
0.446867 0
0.440727 0
0.212540 0
0.603461 0
1.027402 0
0.596603 0
0.551750 0
0.265411 0
0.284197 0
0.099341 0
0.279516 0
0.808336 0
0.218970 0
0.079021 0
0.610874 0
0.080851 0
0.586598 0
0.031324 0
0.960114 0
1.460361 0
0.172272 0
0.097868 0
0.947463 0
0.280671 0
0.857458 0
0.419797 0
1.262323 0
0.571620 0
0.060692 0
0.137545 0
1.350106 0
0.522275 0
0.378000 0
0.257747 0
0.419553 0
0.428862 0
1.393727 0
0.062329 0
0.341114 0
0.268972 0
0.214072 0
0.411138 0
0.139767 0
0.066646 0
1.122110 0
0.361867 0
0.620635 0
0.591056 0
0.147217 0
0.645887 0
0.341251 0
0.162451 0
0.083828 0
0.519440 0
0.433201 0
0.365818 0
0.229858 0
0.013499 0
1.016165 0
0.495154 0
0.089414 0
0.014373 0
1.565840 0
1.378318 0
0.892059 0
0.121817 0
0.132069 0
0.202224 0
0.059051 0
0.154392 0
0.523224 0
1.484495 0
0.136702 0
1.181251 0
0.068669 0
0.301591 0
0.037896 0
0.001733 0
0.321624 0
0.603138 0
0.430944 0
0.567151 0
0.109414 0
0.959332 0
0.164035 0
0.297127 0
0.477254 0
1.473053 0
0.700588 0
0.161724 0
0.159156 0
0.231974 0
0.153674 0
0.498293 0
0.170474 0
0.198868 0
0.302465 0
0.079229 0
0.220150 0
0.408020 0
0.881480 0
0.239324 0
1.409214 0
0.056964 0
0.481743 0
0.597455 0
1.398547 0
0.323387 0
0.277752 0
0.394082 0
0.440495 0
0.171356 0
0.093580 0
0.766827 0
1.349112 0
0.335761 0
0.056306 0
0.785191 0
0.282038 0
0.046741 0
0.542959 0
0.307411 0
0.575437 0
0.013412 0
0.038770 0
0.699975 0
0.291381 0
0.160966 0
0.017747 0
1.042369 0
0.186227 0
0.125695 0
0.050259 0
0.506914 0
0.292055 0
0.431920 0
0.048257 0
0.518636 0
0.271374 0
0.547846 0
0.541780 0
0.121951 0
0.708918 0
0.089541 0
0.927726 0
0.862577 0
1.170250 0
0.044764 0
0.268658 0
0.005785 0
0.971843 0
0.892343 0
1.504753 0
0.416829 0
0.240575 0
0.523281 0
0.007102 0
0.687900 0
0.293390 0
0.220718 0
0.050672 0
0.039504 0
0.047243 0
0.610947 0
0.141261 0
0.322467 0
0.518699 0
0.084288 0
0.194772 0
0.275166 0
1.161038 0
0.874814 0
0.164403 0
1.601229 0
0.363178 0
0.763870 0
0.484346 0
0.382586 0
0.133200 0
0.289091 0
0.078309 0
0.140483 0
0.458885 0
0.239738 0
0.073711 0
0.456456 0
0.357100 0
0.575272 0
0.378664 0
0.899034 0
0.301360 0
0.180033 0
0.415222 0
0.614299 0
0.301967 0
1.201849 0
0.291073 0
0.190535 0
0.569255 0
0.624240 0
0.216357 0
0.216859 0
0.214264 0
0.456987 0
0.760691 0
0.547182 0
0.463299 0
0.145274 0
0.392536 0
0.072545 0
0.026513 0
0.162435 0
0.195331 0
0.229506 0
0.035124 0
1.501630 0
0.694311 0
1.146901 0
0.071668 0
0.220826 0
0.215887 0
0.099129 0
0.565092 0
1.031596 0
0.508850 0
0.267711 0
0.008812 0
0.297912 0
0.872396 0
0.176235 0
1.403107 0
0.592350 0
0.239262 0
1.519464 0
1.166760 0
0.062205 0
0.237350 0
1.021490 0
0.018284 0
0.427425 0
0.611259 0
1.054063 0
0.933422 0
1.046360 0
0.159554 0
0.169059 0
0.269738 0
0.870633 0
0.100185 0
0.208696 0
1.540476 0
1.048873 0
0.469577 0
1.362999 0
0.017763 0
0.113690 0
0.107024 0
0.093032 0
0.216223 0
0.886382 0
0.521700 0
0.210806 0
1.452850 0
0.755866 0
0.449032 0
0.533740 0
0.787010 0
0.355961 0
0.106040 0
0.674653 0
0.369574 0
0.203846 0
0.555308 0
0.407175 0
0.130806 0
0.035658 0
0.073945 0
0.139305 0
0.203682 0
0.698447 0
0.196775 0
1.555338 0
0.586272 0
0.730724 0
0.682066 0
0.099789 0
0.081504 0
0.237304 0
0.701841 0
1.483946 0
0.024312 0
0.550003 0
0.396866 0
0.415254 0
1.716639 0
0.073250 0
0.497783 0
0.811083 0
1.600889 0
0.672170 0
0.603076 0
0.328308 0
0.087153 0
0.550790 0
1.462567 0
1.448770 0
0.256852 0
0.367410 0
0.162287 0
1.721634 0
0.026116 0
0.216275 0
0.661396 0
0.279681 0
0.083882 0
0.100347 0
0.005623 0
0.093696 0
0.733641 0
0.281994 0
0.057628 0
0.659158 0
0.911089 0
0.745612 0
0.188251 0
1.492014 0
0.182190 0
0.621311 0
0.262549 0
0.284388 0
1.143248 0
0.179308 0
0.870649 0
0.192534 0
0.070784 0
0.133725 0
0.346061 0
0.221104 0
1.333254 0
1.130893 0
0.272893 0
0.387491 0
0.682445 0
0.100640 0
0.435020 0
0.805397 0
0.390037 0
0.279207 0
0.022539 0
0.393650 0
1.396873 0
0.373169 0
0.920977 0
1.067956 0
0.542703 0
0.342155 0
0.238720 0
0.071525 0
0.829625 0
1.502597 0
1.143183 0
1.540912 0
0.002503 0
0.142708 0
0.222032 0
0.093894 0
1.303736 0
0.216854 0
0.526401 0
0.476180 0
1.622982 0
0.225834 0
0.505805 0
0.238553 0
0.433361 0
0.472365 0
0.175284 0
0.614526 0
0.205010 0
0.077281 0
0.559883 0
1.184920 0
0.042935 0
0.126111 0
0.942176 0
0.693325 0
0.228465 0
0.749416 0
0.361592 0
1.338027 0
0.835383 0
0.572992 0
0.268905 0
0.491662 0
0.139559 0
0.291226 0
0.074202 0
0.409074 0
0.041014 0
0.830359 0
0.277499 0
0.356550 0
0.339437 0
0.156376 0
0.045914 0
0.588533 0
0.590551 0
0.430678 0
0.379615 0
0.473305 0
1.416952 0
0.368667 0
0.363504 0
0.135889 0
0.192940 0
0.196684 0
0.569045 0
0.071387 0
0.792658 0
0.056854 0
1.465740 0
0.448118 0
1.270564 0
0.499890 0
0.039863 0
0.377880 0
0.191386 0
0.376575 0
0.083716 0
0.521284 0
0.065794 0
0.150117 0
0.015573 0
0.045411 0
1.188171 0
0.320014 0
0.034918 0
0.079126 0
1.313450 0
0.114213 0
0.006233 0
0.126466 0
0.235454 0
0.108746 0
0.277769 0
0.031242 0
0.502574 0
1.033834 0
0.087109 0
1.587272 0
0.184266 0
0.575440 0
1.561206 0
0.355091 0
0.159445 0
0.016482 0
0.105341 0
0.333133 0
0.092327 0
0.589260 0
0.205429 0
0.194081 0
0.128794 0
0.305606 0
0.687169 0
0.079068 0
0.832004 0
0.180780 0
0.939947 0
0.361282 0
1.174960 0
0.423754 0
0.281614 0
0.127694 0
0.659279 0
0.492333 0
0.194510 0
1.438885 0
0.534406 0
1.325999 0
0.495277 0
0.261084 0
0.459878 0
0.467894 0
0.352394 0
0.483822 0
0.611244 0
1.363758 0
0.688136 0
0.279697 0
0.594425 0
0.647116 0
0.680702 0
0.224507 0
0.908127 0
0.123702 0
0.205474 0
0.034368 0
0.787336 0
0.118137 0
0.191512 0
0.307697 0
0.090755 0
0.288426 0
1.354435 0
0.104282 0
0.168442 0
0.113287 0
0.033870 0
0.790353 0
0.146526 0
0.099438 0
0.168737 0
0.129155 0
0.771424 0
0.793340 0
0.707075 0
0.307446 0
0.238722 0
0.114449 0
0.556668 0
0.313880 0
0.150285 0
0.950775 0
0.147083 0
0.113285 0
1.290507 0
0.355169 0
0.364865 0
0.412707 0
0.152171 0
0.063638 0
0.044304 0
0.162865 0
0.371164 0
0.233336 0
1.060410 0
0.262342 0
1.383993 0
0.164863 0
0.115965 0
0.586371 0
0.775911 0
0.354576 0
0.580388 0
0.020634 0
0.127141 0
0.215705 0
0.537672 0
0.368036 0
0.029023 0
0.392620 0
0.314978 0
1.361095 0
0.495422 0
1.217300 0
1.220815 0
0.252279 0
0.085807 0
0.225720 0
0.057023 0
1.175740 0
0.934563 0
0.007323 0
0.008579 0
0.677754 0
0.546040 0
0.122816 0
0.683029 0
0.259056 0
0.122125 0
1.090258 0
0.260187 0
1.394387 0
0.756280 0
0.431695 0
0.478428 0
0.446658 0
0.280805 0
0.054410 0
0.042065 0
0.122833 0
0.155287 0
0.082063 0
0.861275 0
0.110085 0
0.564778 0
0.307623 0
0.821461 0
0.095976 0
0.243411 0
1.521452 0
0.113544 0
0.172676 0
0.530399 0
0.436968 0
0.262153 0
0.635586 0
0.261835 0
0.437198 0
0.078904 0
0.110124 0
0.303385 0
0.551594 0
0.160779 0
0.334207 0
0.130131 0
0.043682 0
0.026280 0
0.504223 0
0.061784 0
0.734345 0
0.926587 0
0.031211 0
0.543576 0
0.331959 0
0.230951 0
0.359841 0
0.274279 0
0.395657 0
0.030544 0
0.099197 0
0.446929 0
0.106458 0
0.463100 0
0.506971 0
0.353089 0
0.888750 0
1.032875 0
0.901606 0
1.068387 0
0.295263 0
0.686016 0
0.246512 0
0.083449 0
1.295247 0
0.142791 0
0.974417 0
0.450740 0
0.028419 0
0.650025 0
0.407392 0
0.134856 0
0.432370 0
0.086478 0
0.147087 0
0.739972 0
0.223912 0
0.731639 0
0.930165 0
0.106820 0
0.861860 0
0.825724 0
1.360914 0
0.192080 0
0.017634 0
0.813949 0
0.071043 0
0.401189 0
0.455502 0
0.340820 0
0.167454 0
1.567540 0
1.081334 0
0.270566 0
0.278278 0
0.710490 0
0.072976 0
0.251641 0
0.094440 0
1.043414 0
0.518107 0
0.558771 0
1.372661 0
0.383676 0
0.322343 0
0.614713 0
1.232519 0
0.360233 0
0.488388 0
0.196648 0
0.521177 0
0.451178 0
0.330309 0
0.216771 0
0.812815 0
1.231324 0
0.977125 0
0.081152 0
0.119182 0
0.571765 0
0.276687 0
0.985690 0
1.107293 0
1.203462 0
1.110452 0
0.019164 0
0.238904 0
0.607282 0
0.145511 0
0.141156 0
0.315861 0
1.531914 0
0.080100 0
1.073040 0
0.354846 0
0.470299 0
0.061178 0
0.114881 0
0.504247 0
0.260033 0
0.459075 0
0.841303 0
0.290611 0
0.371952 0
0.158241 0
0.287016 0
0.212808 0
0.590893 0
0.010977 0
0.394616 0
1.086033 0
0.130603 0
0.204336 0
0.235151 0
0.567984 0
0.844638 0
0.275183 0
0.058990 0
0.441192 0
0.626124 0
0.154688 0
0.286376 0
0.318068 0
1.085324 0
0.351619 0
1.640352 0
0.894348 0
0.407167 0
0.751670 0
1.249231 0
1.395242 0
0.067784 0
0.798969 0
0.327196 0
0.085010 0
0.058764 0
0.033110 0
0.225019 0
0.065867 0
0.074743 0
1.316679 0
1.405208 0
0.506796 0
0.443193 0
1.255893 0
0.053157 0
1.711801 0
0.367912 0
0.349385 0
0.643902 0
0.869305 0
0.645671 0
0.111164 0
0.014425 0
0.886805 0
0.426692 0
0.588387 0
0.390639 0
0.096522 0
0.102838 0
1.136861 0
0.582073 0
1.416395 0
0.143694 0
0.074214 0
1.585329 0
0.247884 0
1.383063 0
1.220268 0
1.236697 0
0.065708 0
0.514786 0
0.094790 0
0.081316 0
0.574964 0
0.443053 0
1.049164 0
0.831019 0
0.572109 0
0.452520 0
0.610366 0
0.081004 0
0.316833 0
0.395809 0
0.106106 0
1.074278 0
0.125637 0
0.469024 0
0.171017 0
0.959245 0
1.041593 0
0.903589 0
0.189796 0
0.102298 0
1.184040 0
0.052594 0
0.523405 0
0.282850 0
0.669491 0
0.394018 0
0.488442 0
0.080884 0
0.424810 0
0.564135 0
0.995576 0
1.046994 0
1.119637 0
1.151386 0
1.307294 0
0.106943 0
0.066974 0
0.097418 0
0.636153 0
0.944711 0
1.236216 0
0.253543 0
0.374326 0
0.172070 0
0.325678 0
0.062847 0
0.800082 0
0.575148 0
0.110327 0
0.942012 0
0.054350 0
1.008913 0
0.564541 0
0.281315 0
0.753459 0
0.950443 0
0.278549 0
1.692363 0
0.148310 0
0.535052 0
1.504923 0
0.127196 0
0.316918 0
0.437328 0
0.582730 0
0.398906 0
0.708212 0
0.054526 0
0.229461 0
0.202740 0
0.473002 0
0.116729 0
0.310630 0
0.273334 0
0.077986 0
0.701515 0
0.679034 0
0.273835 0
0.067271 0
1.217126 0
1.400499 0
0.713593 0
0.172334 0
0.327474 0
0.204781 0
0.684681 0
0.757516 0
0.910871 0
0.058989 0
0.874311 0
0.350262 0
0.234879 0
0.587851 0
0.678927 0
0.297035 0
0.184546 0
0.362985 0
0.770483 0
0.508201 0
0.151566 0
1.301222 0
2.459630 0
0.753280 0
0.047772 0
0.791606 0
0.636509 0
1.377988 0
0.297641 0
0.514894 0
0.484648 0
0.190954 0
0.100344 0
1.016237 0
0.023569 0
0.071072 0
0.250594 0
0.085231 0
0.177390 0
0.555829 0
1.409076 0
0.502432 0
1.149999 0
0.108332 0
0.344209 0
0.398186 0
0.349629 0
0.346871 0
0.005208 0
0.911960 0
0.025084 0
0.136579 0
0.119341 0
0.659883 0
0.338956 0
0.635221 0
0.124070 0
0.418636 0
0.202664 0
0.610401 0
1.490371 0
0.589910 0
0.468177 0
0.167032 0
0.225269 0
0.074514 0
0.432929 0
0.070992 0
0.150962 0
0.071170 0
0.005575 0
0.487266 0
0.887910 0
0.391707 0
0.641097 0
0.720445 0
1.155538 0
1.424963 0
1.454766 0
0.481274 0
0.419588 0
0.321595 0
0.176246 0
0.184347 0
0.858565 0
0.029948 0
0.567476 0
0.516653 0
1.571378 0
0.327992 0
0.299810 0
0.370814 0
0.174096 0
0.294460 0
0.676615 0
0.750994 0
0.080822 0
0.292962 0
0.358177 0
1.121394 0
0.012272 0
0.790764 0
1.319631 0
0.709308 0
0.398955 0
0.196863 0
0.450912 0
1.546663 0
0.494051 0
0.395932 0
0.145790 0
0.204361 0
0.914657 0
0.203862 0
0.453532 0
0.303045 0
0.220693 0
0.968930 0
0.634911 0
0.298472 0
0.537341 0
0.052346 0
0.091250 0
0.055082 0
1.165981 0
0.055345 0
1.363181 0
0.799032 0
0.045789 0
0.989831 0
0.062869 0
0.187306 0
1.035448 0
0.140520 0
0.229113 0
0.013243 0
0.046289 0
1.343036 0
0.527947 0
0.419644 0
0.402493 0
0.317594 0
0.065784 0
0.192307 0
0.041098 0
0.215390 0
0.406760 0
0.062369 0
0.866386 0
0.105344 0
0.438378 0
0.800069 0
0.829877 0
0.246719 0
0.131440 0
0.617383 0
0.857655 0
0.378756 0
0.789421 0
0.521059 0
0.929739 0
0.297896 0
0.041980 0
0.487622 0
0.613388 0
0.291460 0
0.245657 0
0.074249 0
0.162787 0
0.075515 0
0.383945 0
0.626662 0
0.513181 0
0.466261 0
0.955399 0
0.024894 0
0.826238 0
0.339036 0
2.119865 0
0.761308 0
0.186076 0
1.287931 0
0.064547 0
0.069637 0
0.346945 0
0.444765 0
1.678431 0
0.054004 0
0.247030 0
0.129147 0
0.911817 0
0.397759 0
0.151381 0
0.419457 0
0.089853 0
0.486955 0
0.186982 0
0.241505 0
0.183174 0
0.750894 0
0.136285 0
0.398889 0
1.266368 0
1.070456 0
0.432764 0
0.450989 0
0.707606 0
0.649145 0
1.469804 0
0.148466 0
0.136610 0
0.375297 0
0.461954 0
0.164177 0
0.682182 0
1.080826 0
0.099157 0
0.323590 0
0.530053 0
0.153220 0
1.475735 0
0.189517 0
0.072669 0
0.276782 0
0.287759 0
1.222539 0
0.371261 0
0.378235 0
0.196550 0
1.184872 0
0.182159 0
0.236991 0
0.287595 0
0.678392 0
1.016186 0
1.601181 0
0.310382 0
1.154988 0
1.396384 0
0.555162 0
1.176417 0
1.484664 0
1.141749 0
0.650443 0
0.470170 0
0.553647 0
0.034713 0
0.042792 0
0.040273 0
0.130084 0
0.766626 0
0.775170 0
0.153215 0
0.188910 0
0.961460 0
0.098092 0
0.230135 0
0.850212 0
0.269084 0
0.107332 0
0.758525 0
0.040649 0
0.648914 0
0.063620 0
0.009121 0
0.434124 0
0.093623 0
0.081115 0
1.195143 0
0.031530 0
0.037093 0
1.451228 0
0.996826 0
0.312362 0
0.111909 0
1.148834 0
0.956041 0
0.025522 0
0.444456 0
0.372769 0
0.664494 0
0.150092 0
0.673407 0
0.163557 0
0.051906 0
0.218430 0
0.347382 0
0.776136 0
0.614859 0
0.011490 0
0.326094 0
0.083995 0
1.034070 0
0.680186 0
0.340378 0
0.159039 0
0.156733 0
0.977232 0
1.456545 0
0.835306 0
0.846835 0
0.072087 0
0.126786 0
0.049458 0
0.165117 0
0.769875 0
0.430507 0
0.235273 0
0.139091 0
0.119614 0
0.075717 0
0.463797 0
0.072409 0
0.439874 0
0.576296 0
1.442714 0
0.541641 0
1.169939 0
0.139732 0
0.967399 0
0.236910 0
0.141585 0
0.059953 0
1.014644 0
0.203964 0
0.149598 0
0.420579 0
0.192654 0
0.511433 0
0.529908 0
0.360039 0
0.080031 0
0.293696 0
0.687374 0
0.201617 0
0.515917 0
0.603158 0
0.191708 0
0.657477 0
0.815392 0
0.837864 0
0.483171 0
0.273068 0
0.133196 0
1.029792 0
0.392635 0
0.774143 0
0.017033 0
0.154345 0
0.228366 0
0.448312 0
0.462694 0
0.466607 0
0.216489 0
0.698320 0
0.315708 0
0.129582 0
0.323125 0
1.560121 0
0.030073 0
0.631207 0
0.014169 0
0.510477 0
0.142677 0
0.850677 0
0.382853 0
0.653309 0
0.411635 0
0.321508 0
0.490758 0
0.137216 0
0.269250 0
0.065867 0
0.543162 0
0.317381 0
0.372866 0
0.190047 0
0.311580 0
0.067076 0
0.772662 0
0.755595 0
0.524271 0
0.737615 0
0.075086 0
1.775129 0
1.050960 0
0.059715 0
0.184691 0
0.272447 0
0.537385 0
0.068650 0
0.731367 0
0.273478 0
0.016301 0
0.544058 0
0.671789 0
0.098557 0
0.698230 0
0.585317 0
0.366188 0
0.231453 0
1.421111 0
2.172986 0
0.019960 0
1.147782 0
0.099592 0
1.365836 0
0.018679 0
0.085747 0
0.462479 0
1.034495 0
0.019228 0
0.267829 0
0.193587 0
0.681751 0
0.423045 0
0.079978 0
0.823258 0
0.194207 0
0.118220 0
0.412459 0
1.286576 0
0.537964 0
0.439942 0
0.490686 0
0.219399 0
0.154159 0
0.773664 0
0.286370 0
0.180910 0
0.603386 0
0.761003 0
0.180198 0
0.092010 0
0.885242 0
1.417854 0
0.261672 0
0.560602 0
0.181418 0
0.519218 0
0.523708 0
0.308286 0
0.168720 0
0.224759 0
0.383247 0
0.735427 0
0.372817 0
0.379307 0
0.096331 0
0.108984 0
0.607788 0
0.108376 0
0.710141 0
0.348226 0
0.137530 0
0.139820 0
0.393838 0
0.949962 0
0.143004 0
0.350066 0
0.475116 0
0.024221 0
0.013373 0
0.768417 0
1.493007 0
0.273414 0
0.050563 0
0.891218 0
1.295626 0
0.276370 0
0.553913 0
0.153659 0
0.104303 0
0.589776 0
0.500467 0
0.359132 0
0.304704 0
0.130606 0
0.226604 0
0.137968 0
0.178795 0
0.426468 0
0.082250 0
0.521308 0
0.342868 0
0.646754 0
0.107439 0
0.527154 0
0.246198 0
0.611442 0
1.460521 0
1.479071 0
0.056848 0
0.738055 0
0.249868 0
0.605439 0
0.518220 0
0.008218 0
1.016076 0
0.414942 0
0.055609 0
0.332375 0
0.473366 0
0.800462 0
0.496506 0
1.536825 0
0.728046 0
0.406342 0
0.162667 0
0.777214 0
0.648809 0
0.691559 0
0.212367 0
0.433108 0
0.039512 0
0.288717 0
0.381642 0
0.325248 0
0.908022 0
1.414201 0
0.323091 0
0.224119 0
0.609067 0
0.304385 0
0.890287 0
0.934105 0
0.072837 0
1.542109 0
0.911409 0
0.343137 0
0.059356 0
0.647999 0
0.174465 0
0.063325 0
0.410130 0
0.975731 0
0.790204 0
0.578402 0
0.156475 0
0.430844 0
0.152253 0
0.685971 0
0.426374 0
0.168837 0
0.619126 0
1.349884 0
1.508146 0
0.426708 0
0.168398 0
0.793860 0
0.450950 0
0.628890 0
1.168032 0
0.017685 0
0.318986 0
0.618665 0
1.330018 0
1.030703 0
0.797815 0
0.051071 0
0.010146 0
1.036074 0
0.558746 0
0.326235 0
1.448525 0
0.903998 0
0.189764 0
0.824917 0
0.035656 0
0.031541 0
0.324199 0
1.056567 0
1.353325 0
0.170643 0
0.488604 0
0.126753 0
1.125361 0
0.783828 0
0.083784 0
0.013810 0
0.356968 0
1.233787 0
0.095986 0
0.036023 0
0.963618 0
0.200407 0
0.006144 0
0.324248 0
1.114841 0
0.639442 0
0.665263 0
0.309470 0
0.204886 0
1.442912 0
0.170080 0
0.149180 0
0.377080 0
0.336524 0
0.528487 0
0.145100 0
0.281303 0
0.907135 0
1.187488 0
0.266088 0
0.259245 0
1.388613 0
0.748187 0
0.106155 0
0.342520 0
0.034536 0
0.185377 0
0.065860 0
0.596432 0
0.228494 0
1.349793 0
0.635751 0
0.174083 0
0.068882 0
1.666816 0
0.025127 0
0.073382 0
0.032897 0
0.042147 0
0.051287 0
0.180318 0
0.311001 0
0.546670 0
0.351153 0
0.620163 0
0.586335 0
0.721125 0
0.816967 0
0.046219 0
0.626018 0
0.428801 0
0.374155 0
1.544888 0
1.291406 0
1.481136 0
0.844740 0
0.221857 0
0.311864 0
0.339957 0
0.644872 0
0.106239 0
0.011405 0
0.808033 0
0.335938 0
0.452925 0
0.543489 0
0.674469 0
0.506605 0
0.436384 0
0.137997 0
0.615905 0
0.114147 0
0.008192 0
0.211687 0
0.735219 0
0.093908 0
0.177162 0
0.480498 0
0.259170 0
0.580015 0
0.310534 0
0.403697 0
0.701127 0
0.437622 0
0.023296 0
0.027794 0
0.133056 0
0.209219 0
0.625647 0
0.450430 0
0.170921 0
0.199066 0
0.507373 0
1.561390 0
0.400756 0
0.103447 0
0.510086 0
0.644538 0
1.366266 0
1.010561 0
0.290740 0
0.408211 0
0.954204 0
0.568703 0
0.587316 0
0.606094 0
0.113769 0
0.606732 0
1.782649 0
0.249287 0
0.179233 0
0.378417 0
0.250427 0
0.383633 0
0.450802 0
0.152053 0
0.403022 0
0.144235 0
1.467857 0
0.370448 0
0.417855 0
0.578821 0
0.187143 0
0.817411 0
0.035229 0
0.588589 0
0.237913 0
1.196338 0
0.367825 0
0.111864 0
0.808506 0
0.322706 0
0.307977 0
0.253452 0
0.379645 0
0.401500 0
0.310507 0
0.072389 0
0.865267 0
1.632471 0
0.416678 0
1.108711 0
0.151321 0
0.053488 0
0.324816 0
0.425880 0
0.080675 0
0.081454 0
0.123286 0
1.549057 0
1.235424 0
0.741189 0
0.719274 0
0.077181 0
1.474892 0
0.833619 0
0.374595 0
0.148761 0
0.205197 0
0.834863 0
0.083590 0
0.389694 0
0.468760 0
0.950172 0
0.219732 0
0.099866 0
0.746346 0
0.116514 0
0.224578 0
0.277983 0
0.466243 0
0.074462 0
0.277963 0
0.481816 0
0.575862 0
0.103097 0
0.066515 0
0.973089 0
0.038325 0
0.205620 0
0.132849 0
0.119524 0
0.769046 0
0.490202 0
0.117836 0
0.152003 0
0.044490 0
0.255609 0
0.149907 0
1.066510 0
0.171608 0
0.045982 0
0.131128 0
0.760862 0
0.267785 0
0.753519 0
0.869985 0
0.207244 0
0.753763 0
0.905882 0
0.197015 0
0.738374 0
0.712026 0
0.189351 0
1.548568 0
0.265479 0
0.251665 0
0.144749 0
0.083480 0
0.422053 0
0.407260 0
0.048670 0
1.400864 0
0.103596 0
0.224456 0
0.665114 0
0.347007 0
0.017733 0
0.272539 0
0.129840 0
0.394779 0
0.219989 0
0.992160 0
0.308781 0
0.175950 0
0.591797 0
0.272887 0
0.769841 0
0.294678 0
1.510330 0
0.609062 0
0.319733 0
0.069807 0
0.895934 0
0.212680 0
1.353970 0
0.102936 0
0.258031 0
0.155167 0
0.910996 0
0.632276 0
1.442436 0
0.026727 0
1.145670 0
0.806070 0
0.978010 0
0.073986 0
1.152444 0
0.183010 0
0.635306 0
1.397283 0
0.850476 0
0.855489 0
0.135977 0
0.534830 0
1.010197 0
0.072450 0
0.097885 0
0.138892 0
0.217875 0
0.225544 0
0.244919 0
0.669576 0
0.253497 0
0.508971 0
0.087694 0
0.147522 0
0.629768 0
0.195595 0
0.976029 0
0.196924 0
0.275813 0
0.540081 0
0.292724 0
0.241547 0
0.300845 0
0.590546 0
0.093830 0
0.325949 0
0.543031 0
0.286489 0
0.502153 0
0.561470 0
0.017956 0
0.709401 0
0.290130 0
0.767292 0
0.027157 0
0.267248 0
0.024852 0
0.516238 0
0.228095 0
1.551016 0
0.507105 0
0.224294 0
0.190278 0
0.833225 0
0.886950 0
0.869695 0
1.480999 0
0.145520 0
0.164889 0
1.357442 0
0.177562 0
0.111559 0
0.450969 0
0.393609 0
1.438394 0
1.049811 0
0.069142 0
0.274796 0
0.050485 0
0.145879 0
0.179301 0
1.402155 0
0.914006 0
1.017097 0
1.075011 0
0.296644 0
0.348901 0
0.179868 0
0.495869 0
0.312766 0
0.506851 0
0.461332 0
0.117238 0
0.415296 0
0.706433 0
0.795150 0
0.472570 0
0.347215 0
0.335770 0
0.725620 0
0.194227 0
0.683563 0
0.108129 0
0.558397 0
0.938438 0
0.639850 0
0.681817 0
1.115904 0
0.152614 0
0.364942 0
0.248091 0
0.752177 0
0.009424 0
0.112433 0
0.182034 0
0.608889 0
0.118894 0
0.799277 0
0.496255 0
0.085168 0
0.061450 0
0.280286 0
0.125035 0
1.009104 0
0.127784 0
0.280313 0
0.992116 0
0.128045 0
0.212693 0
0.788242 0
0.043025 0
0.169080 0
0.131112 0
0.226449 0
0.561306 0
0.104153 0
1.384266 0
0.885004 0
1.239114 0
1.040562 0
0.786104 0
0.082334 0
0.384497 0
0.847132 0
0.897121 0
0.116178 0
0.158027 0
0.297526 0
0.284208 0
0.049728 0
0.075522 0
0.024354 0
0.050682 0
0.141097 0
0.015956 0
1.489865 0
1.155368 0
0.791207 0
1.206746 0
0.357793 0
0.065339 0
1.181837 0
0.846591 0
0.417351 0
1.358138 0
0.066868 0
0.275823 0
0.879658 0
0.209883 0
0.331565 0
0.105753 0
0.676236 0
0.274650 0
1.074381 0
1.656646 0
0.201193 0
0.303529 0
0.546397 0
0.641896 0
0.376451 0
0.070085 0
0.267480 0
0.792519 0
0.257056 0
0.585159 0
1.116622 0
0.036991 0
0.421441 0
0.192702 0
0.028075 0
0.347098 0
0.910461 0
0.774598 0
0.569191 0
0.602289 0
0.465052 0
1.025052 0
0.014608 0
0.261974 0
0.076148 0
1.192129 0
0.123811 0
0.816619 0
0.089288 0
0.386423 0
0.543882 0
0.107076 0
0.258915 0
0.380128 0
0.346928 0
0.229229 0
0.267354 0
0.087095 0
1.386796 0
0.337691 0
0.509049 0
0.208398 0
0.288132 0
0.739128 0
0.191650 0
0.549557 0
0.009842 0
0.145555 0
0.261943 0
0.869620 0
0.120956 0
0.798120 0
0.123571 0
0.424116 0
0.807446 0
0.615999 0
0.307535 0
0.275953 0
1.763048 0
0.055959 0
0.265492 0
1.097863 0
0.109836 0
0.823856 0
0.685090 0
0.226264 0
0.356479 0
0.069852 0
1.184950 0
0.531715 0
0.042554 0
0.006117 0
1.184398 0
0.210432 0
0.013732 0
0.586789 0
1.412565 0
0.870796 0
0.648884 0
0.557330 0
0.035018 0
0.247798 0
0.814650 0
0.386156 0
0.022377 0
1.258267 0
0.612023 0
0.016310 0
0.386642 0
0.874123 0
0.569773 0
1.281077 0
0.551752 0
0.143731 0
0.054981 0
0.088191 0
1.185770 0
0.176843 0
1.707199 0
0.156146 0
0.089357 0
0.294606 0
0.208303 0
1.004091 0
0.752704 0
0.327457 0
0.163777 0
0.056754 0
0.378902 0
1.207256 0
0.745216 0
0.036135 0
0.894774 0
0.792893 0
0.229145 0
0.128776 0
0.477449 0
0.203020 0
0.809548 0
1.222086 0
0.308183 0
0.453755 0
0.262691 0
1.607987 0
0.070062 0
1.711719 0
0.116693 0
0.703672 0
1.109787 0
0.681778 0
0.021323 0
0.778471 0
0.112386 0
0.679288 0
0.076910 0
0.255550 0
0.273021 0
1.023468 0
0.599806 0
1.497845 0
0.304353 0
0.514063 0
1.561797 0
1.017173 0
0.130920 0
0.739300 0
0.298207 0
0.869092 0
0.147896 0
0.228993 0
0.399560 0
0.546538 0
0.306123 0
0.117644 0
1.213097 0
0.598955 0
0.474940 0
0.163746 0
0.540198 0
0.541093 0
0.106664 0
0.132180 0
0.503537 0
0.222716 0
0.009584 0
0.171906 0
0.355480 0
1.433811 0
0.503839 0
1.509643 0
0.897711 0
0.721677 0
0.156012 0
0.222464 0
0.703158 0
0.658303 0
0.522968 0
0.081085 0
1.404343 0
0.075876 0
0.131130 0
0.018631 0
1.538326 0
0.343011 0
0.439994 0
0.100036 0
0.013583 0
0.337001 0
0.437029 0
1.185528 0
0.137345 0
2.021511 0
0.160744 0
0.041719 0
0.410658 0
0.393350 0
0.462162 0
0.884270 0
0.036234 0
0.608517 0
0.146279 0
1.315599 0
0.176022 0
1.440395 0
0.058393 0
0.071230 0
0.423276 0
0.147190 0
0.161052 0
0.478774 0
0.615448 0
0.377551 0
0.440281 0
0.235240 0
0.849079 0
1.272370 0
2.038856 0
0.212180 0
0.606230 0
1.408431 0
1.063768 0
0.153327 0
0.143274 0
0.724151 0
0.155006 0
1.462135 0
0.069512 0
0.165518 0
0.508425 0
0.399938 0
0.051536 0
0.209690 0
0.681407 0
0.523485 0
0.434573 0
0.036838 0
0.089746 0
0.893408 0
0.530173 0
0.322124 0
0.107479 0
0.285584 0
0.218164 0
0.340099 0
1.386568 0
0.473081 0
0.376496 0
1.073765 0
0.023588 0
0.407320 0
0.302331 0
0.079791 0
0.294730 0
0.016079 0
0.824815 0
0.138804 0
0.497534 0
0.065362 0
0.053660 0
1.625624 0
0.062941 0
1.041870 0
0.299694 0
0.272858 0
0.092168 0
0.315755 0
0.061828 0
0.096387 0
0.006305 0
0.428091 0
0.388934 0
0.484523 0
0.530626 0
0.861235 0
1.192481 0
0.146807 0
1.389755 0
0.427952 0
0.353919 0
0.256829 0
0.025065 0
0.830565 0
0.386050 0
0.299480 0
0.252550 0
0.470343 0
0.701997 0
0.822808 0
0.333680 0
1.265490 0
1.031529 0
0.340905 0
0.106100 0
1.410787 0
0.106138 0
0.179898 0
0.290255 0
0.605327 0
1.500260 0
1.440453 0
0.072722 0
0.666385 0
0.559779 0
1.096398 0
1.630115 0
0.378893 0
0.808928 0
0.062930 0
0.751982 0
0.196402 0
0.993579 0
0.141636 0
0.537294 0
