j	k	likelihood
0.005	50	-818769.644986126
0.005	100	-818650.465536512
0.005	150	-818581.706986451
0.005	200	-818533.636316136
0.005	250	-818496.818137161
0.005	300	-818467.055317521
0.005	350	-818442.119785451
0.005	400	-818420.689354719
0.005	450	-818401.916346448
0.005	500	-818385.225409692
0.005	550	-818370.208512794
0.005	600	-818356.566016707
0.005	650	-818344.071542869
0.005	700	-818332.549979474
0.005	750	-818321.863147422
0.005	800	-818311.900137487
0.005	850	-818302.570606212
0.005	900	-818293.800007835
0.005	950	-818285.526128917
0.005	1000	-818277.696521439
0.005	1050	-818270.266568958
0.005	1100	-818263.198007774
0.005	1150	-818256.457780426
0.005	1200	-818250.017136022
0.005	1250	-818243.850916391
0.005	1300	-818237.936983818
0.005	1350	-818232.255758066
0.005	1400	-818226.789838655
0.005	1450	-818221.523694119
0.005	1500	-818216.443404691
0.005	1550	-818211.536447571
0.005	1600	-818206.791516791
0.005	1650	-818202.198371121
0.005	1700	-818197.747704915
0.005	1750	-818193.431037964
0.005	1800	-818189.240621027
0.005	1850	-818185.16935448
0.005	1900	-818181.210717897
0.005	1950	-818177.358709016
0.005	2000	-818173.607790377
0.005	2050	-818169.95284273
0.005	2100	-818166.389124105
0.005	2150	-818162.91223374
0.005	2200	-818159.518080224
0.005	2250	-818156.202853293
0.005	2300	-818152.962998657
0.005	2350	-818149.795195716
0.005	2400	-818146.69633756
0.005	2450	-818143.663513062
0.005	2500	-818140.693990816
0.005	2550	-818137.785204716
0.005	2600	-818134.934740898
0.005	2650	-818132.140325943
0.005	2700	-818129.399816275
0.005	2750	-818126.711188451
0.005	2800	-818124.072530379
0.005	2850	-818121.482033335
0.005	2900	-818118.937984627
0.005	2950	-818116.438760987
0.005	3000	-818113.982822414
0.005	3050	-818111.568706632
0.005	3100	-818109.195023931
0.005	3150	-818106.860452487
0.005	3200	-818104.563733994
0.005	3250	-818102.303669679
0.005	3300	-818100.079116616
0.005	3350	-818097.888984323
0.005	3400	-818095.732231612
0.005	3450	-818093.607863628
0.005	3500	-818091.514929229
0.005	3550	-818089.45251838
0.005	3600	-818087.419759892
0.005	3650	-818085.415819208
0.005	3700	-818083.439896375
0.005	3750	-818081.49122422
0.005	3800	-818079.569066511
0.005	3850	-818077.672716368
0.005	3900	-818075.801494719
0.005	3950	-818073.954748855
0.005	4000	-818072.131851084
0.005	4050	-818070.332197488
0.005	4100	-818068.555206714
0.005	4150	-818066.800318882
0.005	4200	-818065.066994562
0.005	4250	-818063.354713746
0.005	4300	-818061.662974959
0.005	4350	-818059.991294395
0.005	4400	-818058.339205092
0.005	4450	-818056.706256142
0.005	4500	-818055.092011977
0.005	4550	-818053.496051708
0.005	4600	-818051.917968445
0.005	4650	-818050.357368666
0.005	4700	-818048.813871705
0.005	4750	-818047.287109111
0.005	4800	-818045.776724223
0.005	4850	-818044.282371595
0.005	4900	-818042.803716591
0.005	4950	-818041.340434901
0.005	5000	-818039.892212135
0.005	5050	-818038.458743411
0.005	5100	-818037.039733014
0.005	5150	-818035.634893992
0.005	5200	-818034.243947829
0.005	5250	-818032.8666241
0.005	5300	-818031.502660219
0.005	5350	-818030.151801066
0.005	5400	-818028.813798746
0.005	5450	-818027.488412319
0.005	5500	-818026.175407531
0.005	5550	-818024.87455659
0.005	5600	-818023.585637903
0.005	5650	-818022.308435862
0.005	5700	-818021.042740633
0.005	5750	-818019.788347988
0.005	5800	-818018.545059032
0.005	5850	-818017.312680084
0.005	5900	-818016.091022469
0.005	5950	-818014.87990236
0.005	6000	-818013.679140574
0.005	6050	-818012.488562496
0.005	6100	-818011.307997835
0.005	6150	-818010.137280553
0.005	6200	-818008.976248689
0.005	6250	-818007.824744229
0.005	6300	-818006.682612996
0.005	6350	-818005.549704509
0.005	6400	-818004.425871874
0.005	6450	-818003.31097167
0.005	6500	-818002.204863855
0.005	6550	-818001.107411612
0.005	6600	-818000.01848132
0.005	6650	-817998.937942407
0.005	6700	-817997.865667267
0.005	6750	-817996.801531186
0.005	6800	-817995.745412249
0.005	6850	-817994.697191222
0.005	6900	-817993.656751556
0.005	6950	-817992.623979208
0.005	7000	-817991.598762654
0.005	7050	-817990.58099276
0.005	7100	-817989.570562737
0.005	7150	-817988.567368069
0.005	7200	-817987.571306467
0.005	7250	-817986.582277783
0.005	7300	-817985.600183933
0.005	7350	-817984.62492891
0.005	7400	-817983.656418664
0.005	7450	-817982.694561048
0.005	7500	-817981.739265805
0.005	7550	-817980.790444504
0.005	7600	-817979.848010476
0.005	7650	-817978.911878776
0.005	7700	-817977.981966154
0.005	7750	-817977.058190957
0.005	7800	-817976.140473171
0.005	7850	-817975.228734302
0.005	7900	-817974.322897387
0.005	7950	-817973.422886933
0.005	8000	-817972.528628866
0.005	8050	-817971.640050526
0.005	8100	-817970.757080636
0.005	8150	-817969.879649211
0.005	8200	-817969.007687597
0.005	8250	-817968.141128388
0.005	8300	-817967.27990543
0.005	8350	-817966.423953748
0.005	8400	-817965.573209564
0.005	8450	-817964.727610243
0.005	8500	-817963.887094282
0.005	8550	-817963.051601253
0.005	8600	-817962.221071808
0.005	8650	-817961.39544763
0.005	8700	-817960.574671451
0.005	8750	-817959.758686966
0.005	8800	-817958.947438856
0.005	8850	-817958.140872752
0.005	8900	-817957.338935208
0.005	8950	-817956.5415737
0.005	9000	-817955.748736579
0.005	9050	-817954.960373066
0.005	9100	-817954.176433242
0.005	9150	-817953.396867997
0.005	9200	-817952.621629046
0.005	9250	-817951.850668888
0.005	9300	-817951.083940814
0.005	9350	-817950.321398848
0.005	9400	-817949.562997794
0.005	9450	-817948.808693153
0.005	9500	-817948.058441142
0.005	9550	-817947.312198699
0.005	9600	-817946.569923399
0.005	9650	-817945.831573527
0.005	9700	-817945.097107999
0.005	9750	-817944.366486391
0.005	9800	-817943.639668875
0.005	9850	-817942.916616254
0.005	9900	-817942.197289946
0.005	9950	-817941.481651939
0.005	10000	-817940.769664798
0.005	10050	-817940.061291666
0.005	10100	-817939.356496235
0.005	10150	-817938.655242742
0.005	10200	-817937.957495955
0.005	10250	-817937.263221151
0.005	10300	-817936.57238414
0.005	10350	-817935.884951225
0.005	10400	-817935.200889191
0.005	10450	-817934.520165336
0.005	10500	-817933.842747394
0.005	10550	-817933.168603595
0.005	10600	-817932.497702583
0.005	10650	-817931.830013503
0.005	10700	-817931.16550589
0.005	10750	-817930.504149743
0.005	10800	-817929.845915453
0.005	10850	-817929.190773863
0.005	10900	-817928.538696182
0.005	10950	-817927.889654038
0.005	11000	-817927.243619464
0.005	11050	-817926.600564838
0.005	11100	-817925.960462959
0.005	11150	-817925.323286962
0.005	11200	-817924.689010381
0.005	11250	-817924.057607071
0.005	11300	-817923.429051262
0.005	11350	-817922.803317505
0.005	11400	-817922.180380728
0.005	11450	-817921.560216155
0.005	11500	-817920.942799359
0.005	11550	-817920.328106219
0.005	11600	-817919.71611293
0.005	11650	-817919.106796025
0.005	11700	-817918.500132298
0.005	11750	-817917.896098878
0.005	11800	-817917.294673158
0.005	11850	-817916.695832861
0.005	11900	-817916.09955594
0.005	11950	-817915.505820682
0.005	12000	-817914.914605615
0.01	50	-818191.196458654
0.01	100	-817957.941283357
0.01	150	-817823.814634481
0.01	200	-817730.261777203
0.01	250	-817658.740045263
0.01	300	-817601.013081759
0.01	350	-817552.713607234
0.01	400	-817511.252510242
0.01	450	-817474.971281029
0.01	500	-817442.745091313
0.01	550	-817413.776784609
0.01	600	-817387.481344466
0.01	650	-817363.417053525
0.01	700	-817341.242419747
0.01	750	-817320.688117604
0.01	800	-817301.538081639
0.01	850	-817283.616394981
0.01	900	-817266.777967944
0.01	950	-817250.901765986
0.01	1000	-817235.885795342
0.01	1050	-817221.643326793
0.01	1100	-817208.100008674
0.01	1150	-817195.191629617
0.01	1200	-817182.86236346
0.01	1250	-817171.063376995
0.01	1300	-817159.751714286
0.01	1350	-817148.889394361
0.01	1400	-817138.442675037
0.01	1450	-817128.381447774
0.01	1500	-817118.67873637
0.01	1550	-817109.310279021
0.01	1600	-817100.25417766
0.01	1650	-817091.490601901
0.01	1700	-817083.001537838
0.01	1750	-817074.770573783
0.01	1800	-817066.782716513
0.01	1850	-817059.024233131
0.01	1900	-817051.482514258
0.01	1950	-817044.145955267
0.01	2000	-817037.003852744
0.01	2050	-817030.046313906
0.01	2100	-817023.264177111
0.01	2150	-817016.648941838
0.01	2200	-817010.192706857
0.01	2250	-817003.888115348
0.01	2300	-816997.728306302
0.01	2350	-816991.706871046
0.01	2400	-816985.817814537
0.01	2450	-816980.055520643
0.01	2500	-816974.41472099
0.01	2550	-816968.890466945
0.01	2600	-816963.478104365
0.01	2650	-816958.173250726
0.01	2700	-816952.971774556
0.01	2750	-816947.869776602
0.01	2800	-816942.863572868
0.01	2850	-816937.949679073
0.01	2900	-816933.124796569
0.01	2950	-816928.385799399
0.01	3000	-816923.729722497
0.01	3050	-816919.153750859
0.01	3100	-816914.655209677
0.01	3150	-816910.231555141
0.01	3200	-816905.880366097
0.01	3250	-816901.599336286
0.01	3300	-816897.38626725
0.01	3350	-816893.239061684
0.01	3400	-816889.15571741
0.01	3450	-816885.134321662
0.01	3500	-816881.173045908
0.01	3550	-816877.270140967
0.01	3600	-816873.423932516
0.01	3650	-816869.632816863
0.01	3700	-816865.895257074
0.01	3750	-816862.2097793
0.01	3800	-816858.574969418
0.01	3850	-816854.98946982
0.01	3900	-816851.451976477
0.01	3950	-816847.961236145
0.01	4000	-816844.516043788
0.01	4050	-816841.115240137
0.01	4100	-816837.7577094
0.01	4150	-816834.442377126
0.01	4200	-816831.168208203
0.01	4250	-816827.934204975
0.01	4300	-816824.739405409
0.01	4350	-816821.582881475
0.01	4400	-816818.463737588
0.01	4450	-816815.381109039
0.01	4500	-816812.334160649
0.01	4550	-816809.322085428
0.01	4600	-816806.344103368
0.01	4650	-816803.399460165
0.01	4700	-816800.487426203
0.01	4750	-816797.607295412
0.01	4800	-816794.758384324
0.01	4850	-816791.940031096
0.01	4900	-816789.151594612
0.01	4950	-816786.392453635
0.01	5000	-816783.662005982
0.01	5050	-816780.959667768
0.01	5100	-816778.284872693
0.01	5150	-816775.63707128
0.01	5200	-816773.015730295
0.01	5250	-816770.42033206
0.01	5300	-816767.850373875
0.01	5350	-816765.305367474
0.01	5400	-816762.784838413
0.01	5450	-816760.288325615
0.01	5500	-816757.815380837
0.01	5550	-816755.365568232
0.01	5600	-816752.93846387
0.01	5650	-816750.533655318
0.01	5700	-816748.150741237
0.01	5750	-816745.789330974
0.01	5800	-816743.44904419
0.01	5850	-816741.129510511
0.01	5900	-816738.830369182
0.01	5950	-816736.551268722
0.01	6000	-816734.291866621
0.01	6050	-816732.051829063
0.01	6100	-816729.830830566
0.01	6150	-816727.628553794
0.01	6200	-816725.44468921
0.01	6250	-816723.278934892
0.01	6300	-816721.130996225
0.01	6350	-816719.000585716
0.01	6400	-816716.887422726
0.01	6450	-816714.791233291
0.01	6500	-816712.711749876
0.01	6550	-816710.64871123
0.01	6600	-816708.601862126
0.01	6650	-816706.570953211
0.01	6700	-816704.55574084
0.01	6750	-816702.555986887
0.01	6800	-816700.571458561
0.01	6850	-816698.601928304
0.01	6900	-816696.647173555
0.01	6950	-816694.706976696
0.01	7000	-816692.781124838
0.01	7050	-816690.869409705
0.01	7100	-816688.971627521
0.01	7150	-816687.087578851
0.01	7200	-816685.217068512
0.01	7250	-816683.359905416
0.01	7300	-816681.515902495
0.01	7350	-816679.684876544
0.01	7400	-816677.866648186
0.01	7450	-816676.061041679
0.01	7500	-816674.267884873
0.01	7550	-816672.487009133
0.01	7600	-816670.71824915
0.01	7650	-816668.961443007
0.01	7700	-816667.216431891
0.01	7750	-816665.483060217
0.01	7800	-816663.761175388
0.01	7850	-816662.050627792
0.01	7900	-816660.351270722
0.01	7950	-816658.662960267
0.01	8000	-816656.985555285
0.01	8050	-816655.318917296
0.01	8100	-816653.662910432
0.01	8150	-816652.017401364
0.01	8200	-816650.382259292
0.01	8250	-816648.757355765
0.01	8300	-816647.142564743
0.01	8350	-816645.53776247
0.01	8400	-816643.942827459
0.01	8450	-816642.35764039
0.01	8500	-816640.782084112
0.01	8550	-816639.216043549
0.01	8600	-816637.659405661
0.01	8650	-816636.112059426
0.01	8700	-816634.573895755
0.01	8750	-816633.044807455
0.01	8800	-816631.524689209
0.01	8850	-816630.013437496
0.01	8900	-816628.510950592
0.01	8950	-816627.017128488
0.01	9000	-816625.531872879
0.01	9050	-816624.055087104
0.01	9100	-816622.586676149
0.01	9150	-816621.126546564
0.01	9200	-816619.674606456
0.01	9250	-816618.230765444
0.01	9300	-816616.794934608
0.01	9350	-816615.367026538
0.01	9400	-816613.946955173
0.01	9450	-816612.53463588
0.01	9500	-816611.129985385
0.01	9550	-816609.732921728
0.01	9600	-816608.34336426
0.01	9650	-816606.961233605
0.01	9700	-816605.586451636
0.01	9750	-816604.218941435
0.01	9800	-816602.858627302
0.01	9850	-816601.505434694
0.01	9900	-816600.159290226
0.01	9950	-816598.820121616
0.01	10000	-816597.487857714
0.01	10050	-816596.162428422
0.01	10100	-816594.843764723
0.01	10150	-816593.531798627
0.01	10200	-816592.226463143
0.01	10250	-816590.927692297
0.01	10300	-816589.635421098
0.01	10350	-816588.349585476
0.01	10400	-816587.070122347
0.01	10450	-816585.796969512
0.01	10500	-816584.530065685
0.01	10550	-816583.269350466
0.01	10600	-816582.014764326
0.01	10650	-816580.766248581
0.01	10700	-816579.523745387
0.01	10750	-816578.287197721
0.01	10800	-816577.056549365
0.01	10850	-816575.831744878
0.01	10900	-816574.612729618
0.01	10950	-816573.399449673
0.01	11000	-816572.191851909
0.01	11050	-816570.989883895
0.01	11100	-816569.793493946
0.01	11150	-816568.602631057
0.01	11200	-816567.417244941
0.01	11250	-816566.237285972
0.01	11300	-816565.062705208
0.01	11350	-816563.893454351
0.01	11400	-816562.729485766
0.01	11450	-816561.570752422
0.01	11500	-816560.417207952
0.01	11550	-816559.26880656
0.01	11600	-816558.125503071
0.01	11650	-816556.987252888
0.01	11700	-816555.854012036
0.01	11750	-816554.725737034
0.01	11800	-816553.602385039
0.01	11850	-816552.483913714
0.01	11900	-816551.370281275
0.01	11950	-816550.261446469
0.01	12000	-816549.157368576
0.015	50	-817626.355237765
0.015	100	-817284.044975548
0.015	150	-817087.876258482
0.015	200	-816951.375066151
0.015	250	-816847.216175625
0.015	300	-816763.280154175
0.015	350	-816693.148317114
0.015	400	-816633.019185237
0.015	450	-816580.459769613
0.015	500	-816533.821271341
0.015	550	-816491.936035407
0.015	600	-816453.947708975
0.015	650	-816419.210098299
0.015	700	-816387.223917545
0.015	750	-816357.595606655
0.015	800	-816330.009595312
0.015	850	-816304.209076642
0.015	900	-816279.982344303
0.015	950	-816257.152870313
0.015	1000	-816235.571960914
0.015	1050	-816215.113227891
0.015	1100	-816195.668363224
0.015	1150	-816177.143865854
0.015	1200	-816159.458474719
0.015	1250	-816142.541133004
0.015	1300	-816126.329357457
0.015	1350	-816110.767919772
0.015	1400	-816095.807771266
0.015	1450	-816081.405159016
0.015	1500	-816067.520893968
0.015	1550	-816054.119740908
0.015	1600	-816041.169906707
0.015	1650	-816028.642608409
0.015	1700	-816016.511706905
0.015	1750	-816004.753394366
0.015	1800	-815993.3459265
0.015	1850	-815982.269391968
0.015	1900	-815971.505513052
0.015	1950	-815961.037472622
0.015	2000	-815950.849763317
0.015	2050	-815940.928055674
0.015	2100	-815931.259082361
0.015	2150	-815921.830536257
0.015	2200	-815912.630980401
0.015	2250	-815903.649768343
0.015	2300	-815894.876973148
0.015	2350	-815886.303324406
0.015	2400	-815877.920151825
0.015	2450	-815869.719334766
0.015	2500	-815861.693256975
0.015	2550	-815853.834765849
0.015	2600	-815846.137135737
0.015	2650	-815838.594034752
0.015	2700	-815831.199494778
0.015	2750	-815823.947884271
0.015	2800	-815816.833883497
0.015	2850	-815809.85246207
0.015	2900	-815802.998858404
0.015	2950	-815796.268561002
0.015	3000	-815789.657291309
0.015	3050	-815783.160988029
0.015	3100	-815776.775792693
0.015	3150	-815770.498036497
0.015	3200	-815764.324228045
0.015	3250	-815758.251042207
0.015	3300	-815752.275309727
0.015	3350	-815746.394007699
0.015	3400	-815740.60425072
0.015	3450	-815734.903282695
0.015	3500	-815729.288469289
0.015	3550	-815723.757290871
0.015	3600	-815718.307335971
0.015	3650	-815712.936295194
0.015	3700	-815707.641955607
0.015	3750	-815702.422195409
0.015	3800	-815697.274979038
0.015	3850	-815692.198352598
0.015	3900	-815687.190439515
0.015	3950	-815682.249436579
0.015	4000	-815677.37361017
0.015	4050	-815672.561292682
0.015	4100	-815667.810879339
0.015	4150	-815663.120824973
0.015	4200	-815658.489641199
0.015	4250	-815653.915893633
0.015	4300	-815649.39819934
0.015	4350	-815644.93522442
0.015	4400	-815640.525681689
0.015	4450	-815636.168328595
0.015	4500	-815631.8619651
0.015	4550	-815627.605431857
0.015	4600	-815623.397608321
0.015	4650	-815619.237411122
0.015	4700	-815615.123792368
0.015	4750	-815611.05573816
0.015	4800	-815607.032267141
0.015	4850	-815603.052429121
0.015	4900	-815599.115303757
0.015	4950	-815595.219999357
0.015	5000	-815591.365651667
0.015	5050	-815587.55142278
0.015	5100	-815583.776500084
0.015	5150	-815580.040095274
0.015	5200	-815576.34144335
0.015	5250	-815572.679801726
0.015	5300	-815569.054449406
0.015	5350	-815565.464686104
0.015	5400	-815561.909831501
0.015	5450	-815558.389224461
0.015	5500	-815554.902222343
0.015	5550	-815551.448200325
0.015	5600	-815548.026550741
0.015	5650	-815544.636682442
0.015	5700	-815541.278020247
0.015	5750	-815537.950004346
0.015	5800	-815534.652089772
0.015	5850	-815531.383745856
0.015	5900	-815528.144455789
0.015	5950	-815524.933716081
0.015	6000	-815521.75103614
0.015	6050	-815518.595937857
0.015	6100	-815515.467955134
0.015	6150	-815512.366633547
0.015	6200	-815509.291529915
0.015	6250	-815506.242211936
0.015	6300	-815503.218257884
0.015	6350	-815500.219256209
0.015	6400	-815497.244805236
0.015	6450	-815494.294512842
0.015	6500	-815491.367996219
0.015	6550	-815488.464881462
0.015	6600	-815485.584803423
0.015	6650	-815482.727405348
0.015	6700	-815479.892338661
0.015	6750	-815477.079262734
0.015	6800	-815474.287844612
0.015	6850	-815471.517758789
0.015	6900	-815468.768687021
0.015	6950	-815466.040318068
0.015	7000	-815463.332347555
0.015	7050	-815460.644477661
0.015	7100	-815457.976417082
0.015	7150	-815455.327880692
0.015	7200	-815452.698589471
0.015	7250	-815450.088270332
0.015	7300	-815447.496655888
0.015	7350	-815444.923484317
0.015	7400	-815442.368499285
0.015	7450	-815439.831449661
0.015	7500	-815437.312089508
0.015	7550	-815434.810177858
0.015	7600	-815432.325478606
0.015	7650	-815429.857760377
0.015	7700	-815427.406796405
0.015	7750	-815424.972364424
0.015	7800	-815422.554246506
0.015	7850	-815420.152229021
0.015	7900	-815417.766102441
0.015	7950	-815415.395661295
0.015	8000	-815413.040704057
0.015	8050	-815410.70103303
0.015	8100	-815408.37645425
0.015	8150	-815406.066777414
0.015	8200	-815403.771815769
0.015	8250	-815401.491386024
0.015	8300	-815399.225308284
0.015	8350	-815396.973405936
0.015	8400	-815394.735505628
0.015	8450	-815392.51143709
0.015	8500	-815390.301033176
0.015	8550	-815388.104129714
0.015	8600	-815385.920565431
0.015	8650	-815383.750181958
0.015	8700	-815381.592823683
0.015	8750	-815379.448337704
0.015	8800	-815377.316573832
0.015	8850	-815375.197384418
0.015	8900	-815373.090624397
0.015	8950	-815370.996151161
0.015	9000	-815368.913824535
0.015	9050	-815366.843506722
0.015	9100	-815364.785062231
0.015	9150	-815362.738357843
0.015	9200	-815360.703262564
0.015	9250	-815358.679647561
0.015	9300	-815356.667386121
0.015	9350	-815354.666353603
0.015	9400	-815352.676427407
0.015	9450	-815350.697486902
0.015	9500	-815348.7294134
0.015	9550	-815346.772090154
0.015	9600	-815344.825402225
0.015	9650	-815342.889236527
0.015	9700	-815340.963481744
0.015	9750	-815339.048028336
0.015	9800	-815337.142768422
0.015	9850	-815335.247595838
0.015	9900	-815333.362406056
0.015	9950	-815331.487096141
0.015	10000	-815329.621564738
0.015	10050	-815327.765712045
0.015	10100	-815325.919439766
0.015	10150	-815324.082651073
0.015	10200	-815322.255250609
0.015	10250	-815320.437144428
0.015	10300	-815318.628239983
0.015	10350	-815316.8284461
0.015	10400	-815315.037672938
0.015	10450	-815313.25583197
0.015	10500	-815311.482835975
0.015	10550	-815309.718598967
0.015	10600	-815307.963036223
0.015	10650	-815306.216064232
0.015	10700	-815304.477600683
0.015	10750	-815302.747564421
0.015	10800	-815301.025875448
0.015	10850	-815299.312454886
0.015	10900	-815297.607224983
0.015	10950	-815295.910109037
0.015	11000	-815294.221031464
0.015	11050	-815292.53991768
0.015	11100	-815290.866694134
0.015	11150	-815289.201288315
0.015	11200	-815287.54362867
0.015	11250	-815285.893644633
0.015	11300	-815284.25126658
0.015	11350	-815282.616425842
0.015	11400	-815280.989054657
0.015	11450	-815279.369086171
0.015	11500	-815277.756454423
0.015	11550	-815276.151094324
0.015	11600	-815274.552941636
0.015	11650	-815272.961932969
0.015	11700	-815271.37800576
0.015	11750	-815269.801098267
0.015	11800	-815268.231149518
0.015	11850	-815266.668099378
0.015	11900	-815265.111888437
0.015	11950	-815263.562458063
0.015	12000	-815262.019750385
0.02	50	-817074.781264458
0.02	100	-816628.357535445
0.02	150	-816373.41081896
0.02	200	-816196.44244803
0.02	250	-816061.66622807
0.02	300	-815953.234139821
0.02	350	-815862.762883311
0.02	400	-815785.292494292
0.02	450	-815717.651378299
0.02	500	-815657.691918566
0.02	550	-815603.894316573
0.02	600	-815555.144710583
0.02	650	-815510.603121104
0.02	700	-815469.620914175
0.02	750	-815431.687090065
0.02	800	-815396.392126314
0.02	850	-815363.402925405
0.02	900	-815332.445019278
0.02	950	-815303.289651388
0.02	1000	-815275.744218783
0.02	1050	-815249.645079678
0.02	1100	-815224.852058461
0.02	1150	-815201.244190454
0.02	1200	-815178.716385765
0.02	1250	-815157.176784681
0.02	1300	-815136.544639667
0.02	1350	-815116.748603323
0.02	1400	-815097.725332645
0.02	1450	-815079.418342045
0.02	1500	-815061.77705399
0.02	1550	-815044.756007742
0.02	1600	-815028.314195876
0.02	1650	-815012.414504432
0.02	1700	-814997.023238161
0.02	1750	-814982.109715587
0.02	1800	-814967.645922172
0.02	1850	-814953.606211752
0.02	1900	-814939.967048445
0.02	1950	-814926.706782674
0.02	2000	-814913.805456014
0.02	2050	-814901.244630526
0.02	2100	-814889.007239078
0.02	2150	-814877.07745348
0.02	2200	-814865.440568091
0.02	2250	-814854.082896743
0.02	2300	-814842.991681171
0.02	2350	-814832.155009449
0.02	2400	-814821.561743157
0.02	2450	-814811.201452254
0.02	2500	-814801.064356513
0.02	2550	-814791.141273019
0.02	2600	-814781.423568703
0.02	2650	-814771.90311759
0.02	2700	-814762.572262022
0.02	2750	-814753.423777582
0.02	2800	-814744.450841171
0.02	2850	-814735.647001996
0.02	2900	-814727.006155089
0.02	2950	-814718.522517158
0.02	3000	-814710.190604563
0.02	3050	-814702.005212966
0.02	3100	-814693.961398867
0.02	3150	-814686.054462478
0.02	3200	-814678.279932123
0.02	3250	-814670.633549739
0.02	3300	-814663.111257542
0.02	3350	-814655.709185768
0.02	3400	-814648.423641251
0.02	3450	-814641.251096938
0.02	3500	-814634.188182077
0.02	3550	-814627.231673192
0.02	3600	-814620.378485658
0.02	3650	-814613.625665888
0.02	3700	-814606.970384042
0.02	3750	-814600.409927259
0.02	3800	-814593.941693293
0.02	3850	-814587.56318466
0.02	3900	-814581.272003074
0.02	3950	-814575.065844317
0.02	4000	-814568.94249337
0.02	4050	-814562.89981997
0.02	4100	-814556.935774224
0.02	4150	-814551.048382792
0.02	4200	-814545.235745029
0.02	4250	-814539.496029509
0.02	4300	-814533.827470735
0.02	4350	-814528.228366013
0.02	4400	-814522.697072527
0.02	4450	-814517.232004556
0.02	4500	-814511.831630913
0.02	4550	-814506.494472439
0.02	4600	-814501.219099719
0.02	4650	-814496.004130872
0.02	4700	-814490.848229471
0.02	4750	-814485.750102592
0.02	4800	-814480.708498933
0.02	4850	-814475.722207094
0.02	4900	-814470.79005386
0.02	4950	-814465.910902662
0.02	5000	-814461.083652047
0.02	5050	-814456.307234245
0.02	5100	-814451.580613866
0.02	5150	-814446.902786536
0.02	5200	-814442.272777733
0.02	5250	-814437.689641611
0.02	5300	-814433.152459856
0.02	5350	-814428.660340699
0.02	5400	-814424.212417818
0.02	5450	-814419.807849473
0.02	5500	-814415.445817532
0.02	5550	-814411.125526614
0.02	5600	-814406.846203257
0.02	5650	-814402.607095141
0.02	5700	-814398.407470305
0.02	5750	-814394.246616425
0.02	5800	-814390.12384012
0.02	5850	-814386.038466328
0.02	5900	-814381.989837586
0.02	5950	-814377.977313521
0.02	6000	-814374.000270196
0.02	6050	-814370.058099584
0.02	6100	-814366.15020904
0.02	6150	-814362.276020761
0.02	6200	-814358.434971335
0.02	6250	-814354.626511224
0.02	6300	-814350.850104362
0.02	6350	-814347.105227669
0.02	6400	-814343.391370688
0.02	6450	-814339.708035159
0.02	6500	-814336.054734614
0.02	6550	-814332.430994054
0.02	6600	-814328.83634955
0.02	6650	-814325.270347964
0.02	6700	-814321.732546516
0.02	6750	-814318.22251259
0.02	6800	-814314.739823326
0.02	6850	-814311.284065417
0.02	6900	-814307.85483474
0.02	6950	-814304.45173617
0.02	7000	-814301.07438324
0.02	7050	-814297.722397948
0.02	7100	-814294.395410473
0.02	7150	-814291.093058985
0.02	7200	-814287.814989362
0.02	7250	-814284.560855018
0.02	7300	-814281.330316689
0.02	7350	-814278.123042198
0.02	7400	-814274.938706283
0.02	7450	-814271.776990392
0.02	7500	-814268.637582541
0.02	7550	-814265.520177088
0.02	7600	-814262.424474566
0.02	7650	-814259.350181567
0.02	7700	-814256.297010509
0.02	7750	-814253.264679556
0.02	7800	-814250.252912394
0.02	7850	-814247.261438171
0.02	7900	-814244.289991273
0.02	7950	-814241.338311231
0.02	8000	-814238.406142607
0.02	8050	-814235.493234818
0.02	8100	-814232.599342062
0.02	8150	-814229.724223158
0.02	8200	-814226.867641455
0.02	8250	-814224.029364732
0.02	8300	-814221.209165036
0.02	8350	-814218.406818641
0.02	8400	-814215.622105903
0.02	8450	-814212.854811183
0.02	8500	-814210.10472274
0.02	8550	-814207.371632646
0.02	8600	-814204.655336669
0.02	8650	-814201.955634228
0.02	8700	-814199.2723283
0.02	8750	-814196.605225273
0.02	8800	-814193.954134974
0.02	8850	-814191.318870506
0.02	8900	-814188.69924819
0.02	8950	-814186.095087532
0.02	9000	-814183.506211077
0.02	9050	-814180.932444441
0.02	9100	-814178.373616128
0.02	9150	-814175.829557561
0.02	9200	-814173.300102955
0.02	9250	-814170.7850893
0.02	9300	-814168.28435627
0.02	9350	-814165.797746159
0.02	9400	-814163.325103873
0.02	9450	-814160.866276804
0.02	9500	-814158.421114826
0.02	9550	-814155.989470235
0.02	9600	-814153.571197696
0.02	9650	-814151.166154163
0.02	9700	-814148.774198867
0.02	9750	-814146.395193269
0.02	9800	-814144.02900099
0.02	9850	-814141.675487774
0.02	9900	-814139.334521449
0.02	9950	-814137.00597191
0.02	10000	-814134.689711005
0.02	10050	-814132.385612566
0.02	10100	-814130.093552349
0.02	10150	-814127.813407968
0.02	10200	-814125.545058898
0.02	10250	-814123.288386426
0.02	10300	-814121.043273575
0.02	10350	-814118.809605149
0.02	10400	-814116.587267597
0.02	10450	-814114.376149111
0.02	10500	-814112.176139431
0.02	10550	-814109.987129982
0.02	10600	-814107.809013701
0.02	10650	-814105.641685101
0.02	10700	-814103.485040193
0.02	10750	-814101.338976487
0.02	10800	-814099.203392935
0.02	10850	-814097.078189941
0.02	10900	-814094.963269272
0.02	10950	-814092.858534118
0.02	11000	-814090.763888993
0.02	11050	-814088.679239728
0.02	11100	-814086.604493484
0.02	11150	-814084.539558682
0.02	11200	-814082.484345001
0.02	11250	-814080.43876335
0.02	11300	-814078.402725861
0.02	11350	-814076.37614583
0.02	11400	-814074.358937747
0.02	11450	-814072.351017214
0.02	11500	-814070.352301005
0.02	11550	-814068.362706964
0.02	11600	-814066.382154012
0.02	11650	-814064.410562184
0.02	11700	-814062.447852531
0.02	11750	-814060.49394713
0.02	11800	-814058.548769096
0.02	11850	-814056.612242513
0.02	11900	-814054.684292466
0.02	11950	-814052.764844979
0.02	12000	-814050.853827047
0.025	50	-816536.237341254
0.025	100	-815990.564797611
0.025	150	-815680.04386299
0.025	200	-815465.038259532
0.025	250	-815301.619332462
0.025	300	-815170.363337137
0.025	350	-815061.008154985
0.025	400	-814967.488557633
0.025	450	-814885.929750084
0.025	500	-814813.710103653
0.025	550	-814748.975765603
0.025	600	-814690.368983799
0.025	650	-814636.866515507
0.025	700	-814587.678686651
0.025	750	-814542.183738239
0.025	800	-814499.883651962
0.025	850	-814460.373556883
0.025	900	-814423.320007526
0.025	950	-814388.445222332
0.025	1000	-814355.5154264
0.025	1050	-814324.332082553
0.025	1100	-814294.725194557
0.025	1150	-814266.54812282
0.025	1200	-814239.673521498
0.025	1250	-814213.990118602
0.025	1300	-814189.400138241
0.025	1350	-814165.817217573
0.025	1400	-814143.164709065
0.025	1450	-814121.374285786
0.025	1500	-814100.38478729
0.025	1550	-814080.141258038
0.025	1600	-814060.594141218
0.025	1650	-814041.698598774
0.025	1700	-814023.413934829
0.025	1750	-814005.70310415
0.025	1800	-813988.532291119
0.025	1850	-813971.870547431
0.025	1900	-813955.689479039
0.025	1950	-813939.962974461
0.025	2000	-813924.66696815
0.025	2050	-813909.779233577
0.025	2100	-813895.279201807
0.025	2150	-813881.147801731
0.025	2200	-813867.367319021
0.025	2250	-813853.92127129
0.025	2300	-813840.794297187
0.025	2350	-813827.972057634
0.025	2400	-813815.441147693
0.025	2450	-813803.189017647
0.025	2500	-813791.203902275
0.025	2550	-813779.474757186
0.025	2600	-813767.991201527
0.025	2650	-813756.743466153
0.025	2700	-813745.722346843
0.025	2750	-813734.919161849
0.025	2800	-813724.325713285
0.025	2850	-813713.934252118
0.025	2900	-813703.737446132
0.025	2950	-813693.728350785
0.025	3000	-813683.900382516
0.025	3050	-813674.247294281
0.025	3100	-813664.763153207
0.025	3150	-813655.442319909
0.025	3200	-813646.279429664
0.025	3250	-813637.269374876
0.025	3300	-813628.407289092
0.025	3350	-813619.688532081
0.025	3400	-813611.10867614
0.025	3450	-813602.663493367
0.025	3500	-813594.348943942
0.025	3550	-813586.161165138
0.025	3600	-813578.09646122
0.025	3650	-813570.151293993
0.025	3700	-813562.322274047
0.025	3750	-813554.606152555
0.025	3800	-813546.999813682
0.025	3850	-813539.500267432
0.025	3900	-813532.104643008
0.025	3950	-813524.810182638
0.025	4000	-813517.614235681
0.025	4050	-813510.514253258
0.025	4100	-813503.507783087
0.025	4150	-813496.592464682
0.025	4200	-813489.766024925
0.025	4250	-813483.026273748
0.025	4300	-813476.371100212
0.025	4350	-813469.798468748
0.025	4400	-813463.306415612
0.025	4450	-813456.893045611
0.025	4500	-813450.556528918
0.025	4550	-813444.295098139
0.025	4600	-813438.107045527
0.025	4650	-813431.990720338
0.025	4700	-813425.944526327
0.025	4750	-813419.966919389
0.025	4800	-813414.056405349
0.025	4850	-813408.211537817
0.025	4900	-813402.430916207
0.025	4950	-813396.713183785
0.025	5000	-813391.057025949
0.025	5050	-813385.461168425
0.025	5100	-813379.924375708
0.025	5150	-813374.445449496
0.025	5200	-813369.02322719
0.025	5250	-813363.656580548
0.025	5300	-813358.344414303
0.025	5350	-813353.085664918
0.025	5400	-813347.879299409
0.025	5450	-813342.724314132
0.025	5500	-813337.619733725
0.025	5550	-813332.564610076
0.025	5600	-813327.55802128
0.025	5650	-813322.599070725
0.025	5700	-813317.686886152
0.025	5750	-813312.820618817
0.025	5800	-813307.999442619
0.025	5850	-813303.222553325
0.025	5900	-813298.489167852
0.025	5950	-813293.798523439
0.025	6000	-813289.149877047
0.025	6050	-813284.542504639
0.025	6100	-813279.975700542
0.025	6150	-813275.448776862
0.025	6200	-813270.961062873
0.025	6250	-813266.511904456
0.025	6300	-813262.100663556
0.025	6350	-813257.726717683
0.025	6400	-813253.389459389
0.025	6450	-813249.088295799
0.025	6500	-813244.822648143
0.025	6550	-813240.591951326
0.025	6600	-813236.395653508
0.025	6650	-813232.233215687
0.025	6700	-813228.104111279
0.025	6750	-813224.007825793
0.025	6800	-813219.943856418
0.025	6850	-813215.911711727
0.025	6900	-813211.910911278
0.025	6950	-813207.940985324
0.025	7000	-813204.001474495
0.025	7050	-813200.091929505
0.025	7100	-813196.211910846
0.025	7150	-813192.360988501
0.025	7200	-813188.53874171
0.025	7250	-813184.744758661
0.025	7300	-813180.978636274
0.025	7350	-813177.239979947
0.025	7400	-813173.528403309
0.025	7450	-813169.843528003
0.025	7500	-813166.184983489
0.025	7550	-813162.552406778
0.025	7600	-813158.945442304
0.025	7650	-813155.363741648
0.025	7700	-813151.806963378
0.025	7750	-813148.274772898
0.025	7800	-813144.766842228
0.025	7850	-813141.282849819
0.025	7900	-813137.822480455
0.025	7950	-813134.385424995
0.025	8000	-813130.971380299
0.025	8050	-813127.580049041
0.025	8100	-813124.211139537
0.025	8150	-813120.864365662
0.025	8200	-813117.539446681
0.025	8250	-813114.236107078
0.025	8300	-813110.954076489
0.025	8350	-813107.693089562
0.025	8400	-813104.452885777
0.025	8450	-813101.233209433
0.025	8500	-813098.033809423
0.025	8550	-813094.854439202
0.025	8600	-813091.694856648
0.025	8650	-813088.554823942
0.025	8700	-813085.434107505
0.025	8750	-813082.33247787
0.025	8800	-813079.249709589
0.025	8850	-813076.185581161
0.025	8900	-813073.139874908
0.025	8950	-813070.112376926
0.025	9000	-813067.102876949
0.025	9050	-813064.11116833
0.025	9100	-813061.137047908
0.025	9150	-813058.180315942
0.025	9200	-813055.240776056
0.025	9250	-813052.318235149
0.025	9300	-813049.412503301
0.025	9350	-813046.523393755
0.025	9400	-813043.650722796
0.025	9450	-813040.794309734
0.025	9500	-813037.95397678
0.025	9550	-813035.129549049
0.025	9600	-813032.320854439
0.025	9650	-813029.527723614
0.025	9700	-813026.749989927
0.025	9750	-813023.987489375
0.025	9800	-813021.240060513
0.025	9850	-813018.507544463
0.025	9900	-813015.789784777
0.025	9950	-813013.086627463
0.025	10000	-813010.397920893
0.025	10050	-813007.72351576
0.025	10100	-813005.063265042
0.025	10150	-813002.417023965
0.025	10200	-812999.784649916
0.025	10250	-812997.16600245
0.025	10300	-812994.560943202
0.025	10350	-812991.969335892
0.025	10400	-812989.391046242
0.025	10450	-812986.825941967
0.025	10500	-812984.27389272
0.025	10550	-812981.734770055
0.025	10600	-812979.208447391
0.025	10650	-812976.694799999
0.025	10700	-812974.193704919
0.025	10750	-812971.705040977
0.025	10800	-812969.228688712
0.025	10850	-812966.764530377
0.025	10900	-812964.312449859
0.025	10950	-812961.872332716
0.025	11000	-812959.44406609
0.025	11050	-812957.027538697
0.025	11100	-812954.622640807
0.025	11150	-812952.229264183
0.025	11200	-812949.847302125
0.025	11250	-812947.476649338
0.025	11300	-812945.117202001
0.025	11350	-812942.768857684
0.025	11400	-812940.43151534
0.025	11450	-812938.105075317
0.025	11500	-812935.789439245
0.025	11550	-812933.484510096
0.025	11600	-812931.190192138
0.025	11650	-812928.906390881
0.025	11700	-812926.633013083
0.025	11750	-812924.369966761
0.025	11800	-812922.117161068
0.025	11850	-812919.874506412
0.025	11900	-812917.641914294
0.025	11950	-812915.419297397
0.025	12000	-812913.2065695
0.03	50	-816010.519528661
0.03	100	-815370.387793396
0.03	150	-815007.437741779
0.03	200	-814756.775074176
0.03	250	-814566.644168835
0.03	300	-814414.196817367
0.03	350	-814287.376903899
0.03	400	-814179.066507214
0.03	450	-814084.722577173
0.03	500	-814001.27393899
0.03	550	-813926.550514774
0.03	600	-813858.964075709
0.03	650	-813797.31847382
0.03	700	-813740.691168213
0.03	750	-813688.356209151
0.03	800	-813639.732444498
0.03	850	-813594.347666872
0.03	900	-813551.813168675
0.03	950	-813511.805286997
0.03	1000	-813474.051759862
0.03	1050	-813438.321466904
0.03	1100	-813404.41659737
0.03	1150	-813372.166589228
0.03	1200	-813341.423380888
0.03	1250	-813312.057649506
0.03	1300	-813283.955800368
0.03	1350	-813257.017534873
0.03	1400	-813231.153868939
0.03	1450	-813206.285505668
0.03	1500	-813182.341489081
0.03	1550	-813159.258082754
0.03	1600	-813136.977830018
0.03	1650	-813115.448761329
0.03	1700	-813094.623722553
0.03	1750	-813074.459802298
0.03	1800	-813054.917841632
0.03	1850	-813035.962012231
0.03	1900	-813017.559451978
0.03	1950	-812999.679948765
0.03	2000	-812982.295665184
0.03	2050	-812965.380897872
0.03	2100	-812948.911866467
0.03	2150	-812932.866527876
0.03	2200	-812917.224412328
0.03	2250	-812901.966478288
0.03	2300	-812887.074983529
0.03	2350	-812872.533370517
0.03	2400	-812858.326163893
0.03	2450	-812844.438879008
0.03	2500	-812830.857939649
0.03	2550	-812817.570604244
0.03	2600	-812804.564899279
0.03	2650	-812791.82955927
0.03	2700	-812779.353972408
0.03	2750	-812767.128131308
0.03	2800	-812755.142588334
0.03	2850	-812743.388414843
0.03	2900	-812731.857164218
0.03	2950	-812720.540837975
0.03	3000	-812709.43185485
0.03	3050	-812698.523022532
0.03	3100	-812687.807511598
0.03	3150	-812677.278831792
0.03	3200	-812666.930809998
0.03	3250	-812656.757570113
0.03	3300	-812646.753514391
0.03	3350	-812636.913306293
0.03	3400	-812627.231854579
0.03	3450	-812617.704298595
0.03	3500	-812608.325994701
0.03	3550	-812599.09250355
0.03	3600	-812589.999578467
0.03	3650	-812581.043154436
0.03	3700	-812572.219338021
0.03	3750	-812563.524397877
0.03	3800	-812554.954755956
0.03	3850	-812546.506979285
0.03	3900	-812538.177772259
0.03	3950	-812529.963969468
0.03	4000	-812521.862529003
0.03	4050	-812513.870526106
0.03	4100	-812505.985147317
0.03	4150	-812498.203684917
0.03	4200	-812490.523531722
0.03	4250	-812482.94217623
0.03	4300	-812475.457197991
0.03	4350	-812468.066263304
0.03	4400	-812460.767121174
0.03	4450	-812453.557599421
0.03	4500	-812446.435601128
0.03	4550	-812439.399101171
0.03	4600	-812432.446143043
0.03	4650	-812425.574835791
0.03	4700	-812418.783351145
0.03	4750	-812412.069920782
0.03	4800	-812405.43283378
0.03	4850	-812398.870434145
0.03	4900	-812392.381118513
0.03	4950	-812385.963333974
0.03	5000	-812379.615575965
0.03	5050	-812373.336386315
0.03	5100	-812367.124351353
0.03	5150	-812360.978100152
0.03	5200	-812354.896302806
0.03	5250	-812348.877668844
0.03	5300	-812342.920945679
0.03	5350	-812337.024917167
0.03	5400	-812331.188402192
0.03	5450	-812325.410253385
0.03	5500	-812319.689355794
0.03	5550	-812314.024625734
0.03	5600	-812308.415009626
0.03	5650	-812302.859482891
0.03	5700	-812297.357048916
0.03	5750	-812291.906738008
0.03	5800	-812286.507606502
0.03	5850	-812281.158735823
0.03	5900	-812275.859231578
0.03	5950	-812270.608222748
0.03	6000	-812265.404860895
0.03	6050	-812260.248319363
0.03	6100	-812255.13779258
0.03	6150	-812250.07249531
0.03	6200	-812245.051662025
0.03	6250	-812240.074546206
0.03	6300	-812235.140419771
0.03	6350	-812230.248572432
0.03	6400	-812225.398311168
0.03	6450	-812220.588959634
0.03	6500	-812215.819857651
0.03	6550	-812211.090360701
0.03	6600	-812206.399839443
0.03	6650	-812201.74767922
0.03	6700	-812197.133279634
0.03	6750	-812192.556054099
0.03	6800	-812188.015429427
0.03	6850	-812183.51084542
0.03	6900	-812179.041754478
0.03	6950	-812174.607621274
0.03	7000	-812170.207922303
0.03	7050	-812165.842145617
0.03	7100	-812161.509790465
0.03	7150	-812157.210366943
0.03	7200	-812152.943395751
0.03	7250	-812148.708407806
0.03	7300	-812144.504944029
0.03	7350	-812140.332555018
0.03	7400	-812136.190800805
0.03	7450	-812132.079250595
0.03	7500	-812127.997482478
0.03	7550	-812123.945083246
0.03	7600	-812119.921648109
0.03	7650	-812115.926780489
0.03	7700	-812111.960091812
0.03	7750	-812108.021201267
0.03	7800	-812104.10973562
0.03	7850	-812100.225329023
0.03	7900	-812096.367622805
0.03	7950	-812092.536265277
0.03	8000	-812088.730911604
0.03	8050	-812084.951223558
0.03	8100	-812081.196869422
0.03	8150	-812077.46752375
0.03	8200	-812073.762867291
0.03	8250	-812070.082586772
0.03	8300	-812066.426374776
0.03	8350	-812062.793929598
0.03	8400	-812059.184955112
0.03	8450	-812055.599160598
0.03	8500	-812052.036260671
0.03	8550	-812048.495975096
0.03	8600	-812044.978028703
0.03	8650	-812041.482151242
0.03	8700	-812038.00807729
0.03	8750	-812034.555546125
0.03	8800	-812031.124301603
0.03	8850	-812027.714092089
0.03	8900	-812024.324670317
0.03	8950	-812020.955793295
0.03	9000	-812017.607222236
0.03	9050	-812014.278722413
0.03	9100	-812010.970063123
0.03	9150	-812007.681017564
0.03	9200	-812004.411362752
0.03	9250	-812001.160879422
0.03	9300	-811997.929351994
0.03	9350	-811994.716568439
0.03	9400	-811991.522320211
0.03	9450	-811988.346402213
0.03	9500	-811985.188612691
0.03	9550	-811982.048753116
0.03	9600	-811978.926628231
0.03	9650	-811975.822045865
0.03	9700	-811972.73481693
0.03	9750	-811969.664755343
0.03	9800	-811966.611677981
0.03	9850	-811963.575404555
0.03	9900	-811960.555757642
0.03	9950	-811957.552562551
0.03	10000	-811954.565647304
0.03	10050	-811951.594842595
0.03	10100	-811948.639981684
0.03	10150	-811945.700900378
0.03	10200	-811942.777436998
0.03	10250	-811939.869432287
0.03	10300	-811936.976729383
0.03	10350	-811934.099173797
0.03	10400	-811931.236613319
0.03	10450	-811928.388897968
0.03	10500	-811925.555880033
0.03	10550	-811922.737413915
0.03	10600	-811919.93335618
0.03	10650	-811917.143565472
0.03	10700	-811914.367902457
0.03	10750	-811911.60622983
0.03	10800	-811908.858412258
0.03	10850	-811906.124316307
0.03	10900	-811903.40381048
0.03	10950	-811900.696765103
0.03	11000	-811898.003052358
0.03	11050	-811895.322546185
0.03	11100	-811892.655122299
0.03	11150	-811890.000658155
0.03	11200	-811887.359032864
0.03	11250	-811884.730127238
0.03	11300	-811882.113823695
0.03	11350	-811879.510006279
0.03	11400	-811876.918560579
0.03	11450	-811874.339373746
0.03	11500	-811871.77233446
0.03	11550	-811869.217332888
0.03	11600	-811866.67426063
0.03	11650	-811864.143010773
0.03	11700	-811861.623477793
0.03	11750	-811859.115557563
0.03	11800	-811856.619147295
0.03	11850	-811854.134145595
0.03	11900	-811851.660452344
0.03	11950	-811849.197968732
0.03	12000	-811846.74659722
0.035	50	-815497.440924488
0.035	100	-814767.566455339
0.035	150	-814355.275262635
0.035	200	-814071.287310406
0.035	250	-813856.332536106
0.035	300	-813684.28795696
0.035	350	-813541.387322606
0.035	400	-813419.511952393
0.035	450	-813313.485035418
0.035	500	-813219.809983132
0.035	550	-813136.018066383
0.035	600	-813060.303792934
0.035	650	-812991.308306473
0.035	700	-812927.984240833
0.035	750	-812869.507914515
0.035	800	-812815.220311521
0.035	850	-812764.586246527
0.035	900	-812717.165397678
0.035	950	-812672.591306001
0.035	1000	-812630.55585619
0.035	1050	-812590.797611879
0.035	1100	-812553.092914155
0.035	1150	-812517.24899554
0.035	1200	-812483.098587269
0.035	1250	-812450.495648516
0.035	1300	-812419.311949495
0.035	1350	-812389.434312164
0.035	1400	-812360.762362651
0.035	1450	-812333.20668611
0.035	1500	-812306.68730062
0.035	1550	-812281.132386538
0.035	1600	-812256.477221705
0.035	1650	-812232.663283951
0.035	1700	-812209.637490336
0.035	1750	-812187.351549043
0.035	1800	-812165.761404528
0.035	1850	-812144.826760231
0.035	1900	-812124.510666438
0.035	1950	-812104.779162689
0.035	2000	-812085.600966575
0.035	2050	-812066.947201717
0.035	2100	-812048.791159284
0.035	2150	-812031.108088157
0.035	2200	-812013.875009797
0.035	2250	-811997.070554329
0.035	2300	-811980.67481509
0.035	2350	-811964.669219093
0.035	2400	-811949.036411595
0.035	2450	-811933.7601526
0.035	2500	-811918.825224274
0.035	2550	-811904.217347597
0.035	2600	-811889.923107365
0.035	2650	-811875.929884435
0.035	2700	-811862.225794523
0.035	2750	-811848.799632673
0.035	2800	-811835.640822902
0.035	2850	-811822.739372351
0.035	2900	-811810.085829568
0.035	2950	-811797.671246382
0.035	3000	-811785.487143131
0.035	3050	-811773.525476743
0.035	3100	-811761.778611535
0.035	3150	-811750.239292365
0.035	3200	-811738.900619999
0.035	3250	-811727.756028365
0.035	3300	-811716.7992636
0.035	3350	-811706.024364768
0.035	3400	-811695.425645994
0.035	3450	-811684.997679882
0.035	3500	-811674.73528226
0.035	3550	-811664.633497952
0.035	3600	-811654.687587618
0.035	3650	-811644.893015462
0.035	3700	-811635.245437865
0.035	3750	-811625.740692762
0.035	3800	-811616.374789737
0.035	3850	-811607.143900785
0.035	3900	-811598.044351688
0.035	3950	-811589.072613972
0.035	4000	-811580.225297316
0.035	4050	-811571.499142538
0.035	4100	-811562.891014955
0.035	4150	-811554.397898149
0.035	4200	-811546.01688815
0.035	4250	-811537.745187993
0.035	4300	-811529.580102535
0.035	4350	-811521.51903358
0.035	4400	-811513.559475403
0.035	4450	-811505.699010384
0.035	4500	-811497.935304958
0.035	4550	-811490.266105809
0.035	4600	-811482.689236301
0.035	4650	-811475.202592984
0.035	4700	-811467.804142428
0.035	4750	-811460.491918171
0.035	4800	-811453.264017825
0.035	4850	-811446.118600321
0.035	4900	-811439.053883373
0.035	4950	-811432.06814097
0.035	5000	-811425.159701095
0.035	5050	-811418.326943465
0.035	5100	-811411.568297481
0.035	5150	-811404.882240207
0.035	5200	-811398.267294473
0.035	5250	-811391.722027097
0.035	5300	-811385.24504714
0.035	5350	-811378.835004311
0.035	5400	-811372.490587359
0.035	5450	-811366.210522639
0.035	5500	-811359.993572693
0.035	5550	-811353.838534865
0.035	5600	-811347.744240078
0.035	5650	-811341.709551554
0.035	5700	-811335.733363662
0.035	5750	-811329.814600808
0.035	5800	-811323.952216355
0.035	5850	-811318.145191596
0.035	5900	-811312.392534803
0.035	5950	-811306.693280237
0.035	6000	-811301.046487332
0.035	6050	-811295.451239746
0.035	6100	-811289.906644612
0.035	6150	-811284.411831722
0.035	6200	-811278.965952767
0.035	6250	-811273.568180632
0.035	6300	-811268.217708686
0.035	6350	-811262.913750118
0.035	6400	-811257.655537295
0.035	6450	-811252.442321166
0.035	6500	-811247.27337066
0.035	6550	-811242.147972112
0.035	6600	-811237.065428722
0.035	6650	-811232.025060052
0.035	6700	-811227.026201505
0.035	6750	-811222.068203814
0.035	6800	-811217.150432632
0.035	6850	-811212.272268048
0.035	6900	-811207.433104152
0.035	6950	-811202.632348659
0.035	7000	-811197.869422437
0.035	7050	-811193.143759202
0.035	7100	-811188.454805073
0.035	7150	-811183.802018283
0.035	7200	-811179.184868756
0.035	7250	-811174.602837842
0.035	7300	-811170.055417968
0.035	7350	-811165.542112306
0.035	7400	-811161.062434521
0.035	7450	-811156.61590842
0.035	7500	-811152.202067731
0.035	7550	-811147.820455815
0.035	7600	-811143.470625352
0.035	7650	-811139.152138195
0.035	7700	-811134.864565024
0.035	7750	-811130.607485155
0.035	7800	-811126.38048633
0.035	7850	-811122.183164447
0.035	7900	-811118.015123399
0.035	7950	-811113.875974819
0.035	8000	-811109.765337908
0.035	8050	-811105.682839258
0.035	8100	-811101.628112617
0.035	8150	-811097.600798743
0.035	8200	-811093.600545225
0.035	8250	-811089.62700629
0.035	8300	-811085.67984267
0.035	8350	-811081.758721428
0.035	8400	-811077.863315765
0.035	8450	-811073.993304945
0.035	8500	-811070.148374105
0.035	8550	-811066.328214095
0.035	8600	-811062.532521372
0.035	8650	-811058.760997861
0.035	8700	-811055.013350825
0.035	8750	-811051.289292723
0.035	8800	-811047.588541117
0.035	8850	-811043.910818537
0.035	8900	-811040.255852354
0.035	8950	-811036.623374684
0.035	9000	-811033.013122295
0.035	9050	-811029.424836451
0.035	9100	-811025.858262869
0.035	9150	-811022.313151597
0.035	9200	-811018.789256876
0.035	9250	-811015.286337111
0.035	9300	-811011.804154749
0.035	9350	-811008.342476189
0.035	9400	-811004.901071684
0.035	9450	-811001.479715294
0.035	9500	-810998.078184761
0.035	9550	-810994.696261464
0.035	9600	-810991.33373031
0.035	9650	-810987.990379692
0.035	9700	-810984.666001375
0.035	9750	-810981.360390473
0.035	9800	-810978.073345334
0.035	9850	-810974.8046675
0.035	9900	-810971.554161628
0.035	9950	-810968.321635444
0.035	10000	-810965.106899633
0.035	10050	-810961.909767846
0.035	10100	-810958.730056584
0.035	10150	-810955.567585168
0.035	10200	-810952.422175676
0.035	10250	-810949.293652873
0.035	10300	-810946.181844187
0.035	10350	-810943.086579623
0.035	10400	-810940.007691746
0.035	10450	-810936.945015612
0.035	10500	-810933.898388714
0.035	10550	-810930.86765092
0.035	10600	-810927.852644483
0.035	10650	-810924.853213947
0.035	10700	-810921.869206109
0.035	10750	-810918.900469992
0.035	10800	-810915.946856777
0.035	10850	-810913.008219811
0.035	10900	-810910.08441447
0.035	10950	-810907.175298271
0.035	11000	-810904.280730667
0.035	11050	-810901.400573136
0.035	11100	-810898.534689075
0.035	11150	-810895.682943795
0.035	11200	-810892.845204474
0.035	11250	-810890.021340126
0.035	11300	-810887.211221566
0.035	11350	-810884.414721376
0.035	11400	-810881.631713884
0.035	11450	-810878.862075124
0.035	11500	-810876.105682789
0.035	11550	-810873.362416239
0.035	11600	-810870.632156437
0.035	11650	-810867.914785951
0.035	11700	-810865.210188879
0.035	11750	-810862.518250901
0.035	11800	-810859.838859133
0.035	11850	-810857.171902249
0.035	11900	-810854.517270325
0.035	11950	-810851.874854876
0.035	12000	-810849.244548832
0.04	50	-814996.825960698
0.04	100	-814181.853847008
0.04	150	-813723.253870167
0.04	200	-813408.225371193
0.04	250	-813170.293454228
0.04	300	-812980.208504822
0.04	350	-812822.577058799
0.04	400	-812688.330982949
0.04	450	-812571.693757188
0.04	500	-812468.767184498
0.04	550	-812376.801208331
0.04	600	-812293.786089843
0.04	650	-812218.210303574
0.04	700	-812148.90957072
0.04	750	-812084.968829948
0.04	800	-812025.656381218
0.04	850	-811970.378343225
0.04	900	-811918.646361867
0.04	950	-811870.054210223
0.04	1000	-811824.260503589
0.04	1050	-811780.975712963
0.04	1100	-811739.952258766
0.04	1150	-811700.976850525
0.04	1200	-811663.864489914
0.04	1250	-811628.453723209
0.04	1300	-811594.602844234
0.04	1350	-811562.186829104
0.04	1400	-811531.094840218
0.04	1450	-811501.228177856
0.04	1500	-811472.498586504
0.04	1550	-811444.826845021
0.04	1600	-811418.141585647
0.04	1650	-811392.378298806
0.04	1700	-811367.478489789
0.04	1750	-811343.388960489
0.04	1800	-811320.061194655
0.04	1850	-811297.450829279
0.04	1900	-811275.517198134
0.04	1950	-811254.222935968
0.04	2000	-811233.533634029
0.04	2050	-811213.417539065
0.04	2100	-811193.8452895
0.04	2150	-811174.789683391
0.04	2200	-811156.225473643
0.04	2250	-811138.129186897
0.04	2300	-811120.478962681
0.04	2350	-811103.254410384
0.04	2400	-811086.436481554
0.04	2450	-811070.007355788
0.04	2500	-811053.950338343
0.04	2550	-811038.249768175
0.04	2600	-811022.89093514
0.04	2650	-811007.860005247
0.04	2700	-810993.143953067
0.04	2750	-810978.730500544
0.04	2800	-810964.608061402
0.04	2850	-810950.765690595
0.04	2900	-810937.193038355
0.04	2950	-810923.880308126
0.04	3000	-810910.818218197
0.04	3050	-810897.99796666
0.04	3100	-810885.411199081
0.04	3150	-810873.049979057
0.04	3200	-810860.906760985
0.04	3250	-810848.974365094
0.04	3300	-810837.245954353
0.04	3350	-810825.715013226
0.04	3400	-810814.375327989
0.04	3450	-810803.220968569
0.04	3500	-810792.246271678
0.04	3550	-810781.445825178
0.04	3600	-810770.814453652
0.04	3650	-810760.347204831
0.04	3700	-810750.039337107
0.04	3750	-810739.886307898
0.04	3800	-810729.88376269
0.04	3850	-810720.027524965
0.04	3900	-810710.313586639
0.04	3950	-810700.738099305
0.04	4000	-810691.297365835
0.04	4050	-810681.987832716
0.04	4100	-810672.806082708
0.04	4150	-810663.748828062
0.04	4200	-810654.812904134
0.04	4250	-810645.995263301
0.04	4300	-810637.292969389
0.04	4350	-810628.703192326
0.04	4400	-810620.223203123
0.04	4450	-810611.850369183
0.04	4500	-810603.582149831
0.04	4550	-810595.416092146
0.04	4600	-810587.349826974
0.04	4650	-810579.381065239
0.04	4700	-810571.507594345
0.04	4750	-810563.727274881
0.04	4800	-810556.038037459
0.04	4850	-810548.437879679
0.04	4900	-810540.924863323
0.04	4950	-810533.49711168
0.04	5000	-810526.152806963
0.04	5050	-810518.890187899
0.04	5100	-810511.707547454
0.04	5150	-810504.603230599
0.04	5200	-810497.575632313
0.04	5250	-810490.623195503
0.04	5300	-810483.744409244
0.04	5350	-810476.937806916
0.04	5400	-810470.201964506
0.04	5450	-810463.535499027
0.04	5500	-810456.937066937
0.04	5550	-810450.405362666
0.04	5600	-810443.939117258
0.04	5650	-810437.537096955
0.04	5700	-810431.198101979
0.04	5750	-810424.920965271
0.04	5800	-810418.704551333
0.04	5850	-810412.547755121
0.04	5900	-810406.449500969
0.04	5950	-810400.408741544
0.04	6000	-810394.424456898
0.04	6050	-810388.495653531
0.04	6100	-810382.62136346
0.04	6150	-810376.800643401
0.04	6200	-810371.032573899
0.04	6250	-810365.316258601
0.04	6300	-810359.650823424
0.04	6350	-810354.035415862
0.04	6400	-810348.469204321
0.04	6450	-810342.951377388
0.04	6500	-810337.481143229
0.04	6550	-810332.057728944
0.04	6600	-810326.680380002
0.04	6650	-810321.348359651
0.04	6700	-810316.060948367
0.04	6750	-810310.817443306
0.04	6800	-810305.617157858
0.04	6850	-810300.459421107
0.04	6900	-810295.343577361
0.04	6950	-810290.268985713
0.04	7000	-810285.2350196
0.04	7050	-810280.24106638
0.04	7100	-810275.286526924
0.04	7150	-810270.370815253
0.04	7200	-810265.49335811
0.04	7250	-810260.653594613
0.04	7300	-810255.850975958
0.04	7350	-810251.084964985
0.04	7400	-810246.35503594
0.04	7450	-810241.660674093
0.04	7500	-810237.001375474
0.04	7550	-810232.376646581
0.04	7600	-810227.786004036
0.04	7650	-810223.228974404
0.04	7700	-810218.705093839
0.04	7750	-810214.213907898
0.04	7800	-810209.754971223
0.04	7850	-810205.327847375
0.04	7900	-810200.932108528
0.04	7950	-810196.567335306
0.04	8000	-810192.233116533
0.04	8050	-810187.929049015
0.04	8100	-810183.654737381
0.04	8150	-810179.409793807
0.04	8200	-810175.193837911
0.04	8250	-810171.006496507
0.04	8300	-810166.84740345
0.04	8350	-810162.71619946
0.04	8400	-810158.612531946
0.04	8450	-810154.536054856
0.04	8500	-810150.486428491
0.04	8550	-810146.463319387
0.04	8600	-810142.466400136
0.04	8650	-810138.49534925
0.04	8700	-810134.549851045
0.04	8750	-810130.629595454
0.04	8800	-810126.734277931
0.04	8850	-810122.863599327
0.04	8900	-810119.017265728
0.04	8950	-810115.194988381
0.04	9000	-810111.396483527
0.04	9050	-810107.621472334
0.04	9100	-810103.869680755
0.04	9150	-810100.140839419
0.04	9200	-810096.43468356
0.04	9250	-810092.750952845
0.04	9300	-810089.089391369
0.04	9350	-810085.449747476
0.04	9400	-810081.831773707
0.04	9450	-810078.235226694
0.04	9500	-810074.659867073
0.04	9550	-810071.105459406
0.04	9600	-810067.57177209
0.04	9650	-810064.058577283
0.04	9700	-810060.565650799
0.04	9750	-810057.092772054
0.04	9800	-810053.639723977
0.04	9850	-810050.206292965
0.04	9900	-810046.792268758
0.04	9950	-810043.397444431
0.04	10000	-810040.021616263
0.04	10050	-810036.664583728
0.04	10100	-810033.326149395
0.04	10150	-810030.006118856
0.04	10200	-810026.704300724
0.04	10250	-810023.420506487
0.04	10300	-810020.15455052
0.04	10350	-810016.906249995
0.04	10400	-810013.675424827
0.04	10450	-810010.461897625
0.04	10500	-810007.265493656
0.04	10550	-810004.086040761
0.04	10600	-810000.923369306
0.04	10650	-809997.777312189
0.04	10700	-809994.647704695
0.04	10750	-809991.534384542
0.04	10800	-809988.437191777
0.04	10850	-809985.355968764
0.04	10900	-809982.290560133
0.04	10950	-809979.240812691
0.04	11000	-809976.206575483
0.04	11050	-809973.18769964
0.04	11100	-809970.184038398
0.04	11150	-809967.195447077
0.04	11200	-809964.221782976
0.04	11250	-809961.262905406
0.04	11300	-809958.318675608
0.04	11350	-809955.388956745
0.04	11400	-809952.473613849
0.04	11450	-809949.572513784
0.04	11500	-809946.685525235
0.04	11550	-809943.812518662
0.04	11600	-809940.953366269
0.04	11650	-809938.107941975
0.04	11700	-809935.276121379
0.04	11750	-809932.457781737
0.04	11800	-809929.652801923
0.04	11850	-809926.861062415
0.04	11900	-809924.082445265
0.04	11950	-809921.316834055
0.04	12000	-809918.564113887
0.045	50	-814508.507820613
0.045	100	-813613.013517494
0.045	150	-813111.082954144
0.045	200	-812767.25291189
0.045	250	-812508.150395727
0.045	300	-812301.545780143
0.045	350	-812130.50038126
0.045	400	-811985.047304526
0.045	450	-811858.843937648
0.045	500	-811747.613959483
0.045	550	-811648.343064821
0.045	600	-811558.830092658
0.045	650	-811477.420733169
0.045	700	-811402.841581329
0.045	750	-811334.092443226
0.045	800	-811270.374026573
0.045	850	-811211.03796109
0.045	900	-811155.55137813
0.045	950	-811103.471255232
0.045	1000	-811054.425473562
0.045	1050	-811008.09859204
0.045	1100	-810964.221000038
0.045	1150	-810922.560532821
0.045	1200	-810882.915910007
0.045	1250	-810845.111542966
0.045	1300	-810808.993383343
0.045	1350	-810774.425572833
0.045	1400	-810741.287716042
0.045	1450	-810709.472643103
0.045	1500	-810678.884560361
0.045	1550	-810649.437511507
0.045	1600	-810621.054088773
0.045	1650	-810593.664347315
0.045	1700	-810567.204885524
0.045	1750	-810541.618061861
0.045	1800	-810516.851324835
0.045	1850	-810492.856636988
0.045	1900	-810469.5899776
0.045	1950	-810447.010911672
0.045	2000	-810425.082214792
0.045	2050	-810403.769545521
0.045	2100	-810383.041158282
0.045	2150	-810362.867650838
0.045	2200	-810343.22174166
0.045	2250	-810324.078072801
0.045	2300	-810305.413035188
0.045	2350	-810287.204612999
0.045	2400	-810269.432244995
0.045	2450	-810252.076700483
0.045	2500	-810235.119968119
0.045	2550	-810218.545156016
0.045	2600	-810202.336401866
0.045	2650	-810186.478791757
0.045	2700	-810170.958286853
0.045	2750	-810155.761656968
0.045	2800	-810140.876420264
0.045	2850	-810126.290788457
0.045	2900	-810111.993616879
0.045	2950	-810097.974358975
0.045	3000	-810084.223024694
0.045	3050	-810070.730142419
0.045	3100	-810057.486724052
0.045	3150	-810044.48423303
0.045	3200	-810031.714554882
0.045	3250	-810019.169970128
0.045	3300	-810006.843129362
0.045	3350	-809994.727030126
0.045	3400	-809982.814995743
0.045	3450	-809971.100655538
0.045	3500	-809959.577926667
0.045	3550	-809948.240997192
0.045	3600	-809937.084310398
0.045	3650	-809926.102550243
0.045	3700	-809915.290627736
0.045	3750	-809904.643668418
0.045	3800	-809894.157000507
0.045	3850	-809883.826143967
0.045	3900	-809873.646800286
0.045	3950	-809863.614842876
0.045	4000	-809853.726308092
0.045	4050	-809843.977386927
0.045	4100	-809834.364417085
0.045	4150	-809824.883875653
0.045	4200	-809815.532372178
0.045	4250	-809806.306642189
0.045	4300	-809797.203541081
0.045	4350	-809788.220038387
0.045	4400	-809779.353212377
0.045	4450	-809770.60024496
0.045	4500	-809761.958416918
0.045	4550	-809753.425103323
0.045	4600	-809744.997769359
0.045	4650	-809736.67396619
0.045	4700	-809728.451327252
0.045	4750	-809720.327564558
0.045	4800	-809712.30046534
0.045	4850	-809704.367888826
0.045	4900	-809696.527763165
0.045	4950	-809688.778082523
0.045	5000	-809681.116904367
0.045	5050	-809673.542346824
0.045	5100	-809666.05258621
0.045	5150	-809658.64585472
0.045	5200	-809651.320438137
0.045	5250	-809644.074673746
0.045	5300	-809636.906948301
0.045	5350	-809629.815696079
0.045	5400	-809622.799397136
0.045	5450	-809615.856575406
0.045	5500	-809608.985797208
0.045	5550	-809602.185669545
0.045	5600	-809595.454838654
0.045	5650	-809588.79198852
0.045	5700	-809582.195839526
0.045	5750	-809575.66514713
0.045	5800	-809569.198700608
0.045	5850	-809562.795321848
0.045	5900	-809556.453864206
0.045	5950	-809550.173211406
0.045	6000	-809543.952276499
0.045	6050	-809537.790000813
0.045	6100	-809531.685353042
0.045	6150	-809525.637328315
0.045	6200	-809519.644947253
0.045	6250	-809513.707255195
0.045	6300	-809507.82332133
0.045	6350	-809501.992237951
0.045	6400	-809496.213119695
0.045	6450	-809490.485102798
0.045	6500	-809484.807344446
0.045	6550	-809479.179022079
0.045	6600	-809473.599332748
0.045	6650	-809468.067492564
0.045	6700	-809462.58273602
0.045	6750	-809457.144315488
0.045	6800	-809451.751500632
0.045	6850	-809446.403577934
0.045	6900	-809441.099850118
0.045	6950	-809435.839635742
0.045	7000	-809430.622268667
0.045	7050	-809425.44709764
0.045	7100	-809420.313485832
0.045	7150	-809415.220810449
0.045	7200	-809410.168462317
0.045	7250	-809405.155845467
0.045	7300	-809400.1823768
0.045	7350	-809395.247485695
0.045	7400	-809390.350613658
0.045	7450	-809385.491214017
0.045	7500	-809380.668751555
0.045	7550	-809375.882702215
0.045	7600	-809371.132552779
0.045	7650	-809366.417800609
0.045	7700	-809361.73795332
0.045	7750	-809357.092528527
0.045	7800	-809352.481053592
0.045	7850	-809347.903065323
0.045	7900	-809343.358109781
0.045	7950	-809338.84574198
0.045	8000	-809334.365525719
0.045	8050	-809329.917033296
0.045	8100	-809325.499845329
0.045	8150	-809321.113550512
0.045	8200	-809316.757745465
0.045	8250	-809312.432034465
0.045	8300	-809308.136029311
0.045	8350	-809303.869349089
0.045	8400	-809299.631620042
0.045	8450	-809295.422475373
0.045	8500	-809291.241555041
0.045	8550	-809287.088505658
0.045	8600	-809282.962980292
0.045	8650	-809278.864638313
0.045	8700	-809274.793145239
0.045	8750	-809270.748172621
0.045	8800	-809266.729397877
0.045	8850	-809262.736504124
0.045	8900	-809258.769180134
0.045	8950	-809254.827120092
0.045	9000	-809250.910023554
0.045	9050	-809247.017595295
0.045	9100	-809243.149545188
0.045	9150	-809239.30558809
0.045	9200	-809235.485443731
0.045	9250	-809231.688836599
0.045	9300	-809227.91549586
0.045	9350	-809224.165155209
0.045	9400	-809220.437552805
0.045	9450	-809216.732431167
0.045	9500	-809213.049537071
0.045	9550	-809209.388621461
0.045	9600	-809205.749439361
0.045	9650	-809202.131749778
0.045	9700	-809198.535315634
0.045	9750	-809194.959903674
0.045	9800	-809191.405284364
0.045	9850	-809187.871231874
0.045	9900	-809184.357523909
0.045	9950	-809180.863941714
0.045	10000	-809177.390269981
0.045	10050	-809173.936296741
0.045	10100	-809170.501813343
0.045	10150	-809167.086614373
0.045	10200	-809163.690497558
0.045	10250	-809160.313263747
0.045	10300	-809156.954716809
0.045	10350	-809153.614663613
0.045	10400	-809150.292913926
0.045	10450	-809146.989280395
0.045	10500	-809143.703578452
0.045	10550	-809140.435626278
0.045	10600	-809137.185244774
0.045	10650	-809133.952257469
0.045	10700	-809130.736490459
0.045	10750	-809127.537772425
0.045	10800	-809124.355934504
0.045	10850	-809121.190810309
0.045	10900	-809118.042235829
0.045	10950	-809114.910049404
0.045	11000	-809111.794091712
0.045	11050	-809108.694205658
0.045	11100	-809105.610236398
0.045	11150	-809102.542031257
0.045	11200	-809099.489439711
0.045	11250	-809096.452313337
0.045	11300	-809093.43050575
0.045	11350	-809090.423872631
0.045	11400	-809087.432271614
0.045	11450	-809084.455562322
0.045	11500	-809081.493606259
0.045	11550	-809078.546266837
0.045	11600	-809075.613409301
0.045	11650	-809072.694900745
0.045	11700	-809069.790609995
0.045	11750	-809066.90040768
0.045	11800	-809064.024166127
0.045	11850	-809061.161759346
0.045	11900	-809058.313063049
0.045	11950	-809055.477954531
0.045	12000	-809052.656312732
0.05	50	-814032.327028425
0.05	100	-813060.818031337
0.05	150	-812518.482334719
0.05	200	-812148.045286844
0.05	250	-811869.53969717
0.05	300	-811647.90105108
0.05	350	-811464.726527525
0.05	400	-811309.200556763
0.05	450	-811174.447624336
0.05	500	-811055.836454582
0.05	550	-810950.105331995
0.05	600	-810854.874309285
0.05	650	-810768.356025904
0.05	700	-810689.175613549
0.05	750	-810616.253890519
0.05	800	-810548.72897804
0.05	850	-810485.902150688
0.05	900	-810427.19948017
0.05	950	-810372.144066458
0.05	1000	-810320.335544359
0.05	1050	-810271.434699469
0.05	1100	-810225.151742858
0.05	1150	-810181.237251398
0.05	1200	-810139.475080725
0.05	1250	-810099.676758915
0.05	1300	-810061.677005862
0.05	1350	-810025.330118658
0.05	1400	-809990.507030434
0.05	1450	-809957.092897972
0.05	1500	-809924.985108607
0.05	1550	-809894.091622074
0.05	1600	-809864.329582412
0.05	1650	-809835.624148877
0.05	1700	-809807.907505969
0.05	1750	-809781.118020635
0.05	1800	-809755.199521445
0.05	1850	-809730.100678983
0.05	1900	-809705.774471256
0.05	1950	-809682.177720258
0.05	2000	-809659.270688892
0.05	2050	-809637.016728977
0.05	2100	-809615.381972817
0.05	2150	-809594.335062095
0.05	2200	-809573.846908841
0.05	2250	-809553.890483821
0.05	2300	-809534.44062909
0.05	2350	-809515.473891059
0.05	2400	-809496.968371762
0.05	2450	-809478.903595801
0.05	2500	-809461.260391218
0.05	2550	-809444.020782367
0.05	2600	-809427.16789362
0.05	2650	-809410.685862391
0.05	2700	-809394.55976063
0.05	2750	-809378.775523647
0.05	2800	-809363.31988557
0.05	2850	-809348.180320679
0.05	2900	-809333.344989989
0.05	2950	-809318.802692535
0.05	3000	-809304.542820848
0.05	3050	-809290.555320252
0.05	3100	-809276.830651597
0.05	3150	-809263.359756902
0.05	3200	-809250.134028041
0.05	3250	-809237.145277697
0.05	3300	-809224.385712701
0.05	3350	-809211.84790946
0.05	3400	-809199.524791201
0.05	3450	-809187.409606936
0.05	3500	-809175.49591204
0.05	3550	-809163.777550146
0.05	3600	-809152.24863646
0.05	3650	-809140.903542169
0.05	3700	-809129.736880028
0.05	3750	-809118.743490793
0.05	3800	-809107.918430806
0.05	3850	-809097.256960213
0.05	3900	-809086.754532035
0.05	3950	-809076.406782025
0.05	4000	-809066.209519067
0.05	4050	-809056.158716262
0.05	4100	-809046.250502534
0.05	4150	-809036.481154862
0.05	4200	-809026.847090816
0.05	4250	-809017.34486172
0.05	4300	-809007.971146099
0.05	4350	-808998.722743619
0.05	4400	-808989.596569304
0.05	4450	-808980.589648141
0.05	4500	-808971.699109959
0.05	4550	-808962.922184622
0.05	4600	-808954.256197501
0.05	4650	-808945.698565166
0.05	4700	-808937.246791343
0.05	4750	-808928.898463079
0.05	4800	-808920.651247132
0.05	4850	-808912.502886503
0.05	4900	-808904.45119726
0.05	4950	-808896.494065334
0.05	5000	-808888.629443751
0.05	5050	-808880.855349737
0.05	5100	-808873.169862161
0.05	5150	-808865.571118983
0.05	5200	-808858.05731496
0.05	5250	-808850.626699295
0.05	5300	-808843.277573557
0.05	5350	-808836.008289626
0.05	5400	-808828.817247711
0.05	5450	-808821.702894574
0.05	5500	-808814.663721677
0.05	5550	-808807.698263585
0.05	5600	-808800.805096279
0.05	5650	-808793.982835695
0.05	5700	-808787.230136225
0.05	5750	-808780.545689323
0.05	5800	-808773.928222195
0.05	5850	-808767.37649648
0.05	5900	-808760.889307084
0.05	5950	-808754.465480989
0.05	6000	-808748.103876131
0.05	6050	-808741.80338033
0.05	6100	-808735.562910298
0.05	6150	-808729.381410634
0.05	6200	-808723.257852894
0.05	6250	-808717.191234672
0.05	6300	-808711.180578774
0.05	6350	-808705.224932363
0.05	6400	-808699.323366171
0.05	6450	-808693.474973745
0.05	6500	-808687.678870716
0.05	6550	-808681.934194062
0.05	6600	-808676.240101492
0.05	6650	-808670.595770751
0.05	6700	-808665.000399004
0.05	6750	-808659.453202255
0.05	6800	-808653.953414752
0.05	6850	-808648.50028844
0.05	6900	-808643.093092402
0.05	6950	-808637.731112394
0.05	7000	-808632.41365031
0.05	7050	-808627.140023714
0.05	7100	-808621.909565367
0.05	7150	-808616.721622827
0.05	7200	-808611.575557973
0.05	7250	-808606.470746609
0.05	7300	-808601.40657807
0.05	7350	-808596.382454857
0.05	7400	-808591.397792224
0.05	7450	-808586.452017843
0.05	7500	-808581.544571478
0.05	7550	-808576.674904623
0.05	7600	-808571.842480179
0.05	7650	-808567.046772187
0.05	7700	-808562.287265457
0.05	7750	-808557.563455333
0.05	7800	-808552.874847387
0.05	7850	-808548.220957177
0.05	7900	-808543.601309929
0.05	7950	-808539.015440338
0.05	8000	-808534.462892287
0.05	8050	-808529.943218632
0.05	8100	-808525.455980951
0.05	8150	-808521.000749349
0.05	8200	-808516.577102181
0.05	8250	-808512.184625929
0.05	8300	-808507.822914941
0.05	8350	-808503.491571242
0.05	8400	-808499.19020435
0.05	8450	-808494.918431091
0.05	8500	-808490.675875443
0.05	8550	-808486.462168305
0.05	8600	-808482.276947375
0.05	8650	-808478.119856976
0.05	8700	-808473.990547914
0.05	8750	-808469.888677277
0.05	8800	-808465.813908319
0.05	8850	-808461.765910328
0.05	8900	-808457.744358462
0.05	8950	-808453.748933591
0.05	9000	-808449.779322244
0.05	9050	-808445.835216374
0.05	9100	-808441.916313309
0.05	9150	-808438.022315623
0.05	9200	-808434.152930973
0.05	9250	-808430.307872019
0.05	9300	-808426.486856319
0.05	9350	-808422.689606199
0.05	9400	-808418.915848654
0.05	9450	-808415.165315245
0.05	9500	-808411.437742006
0.05	9550	-808407.732869329
0.05	9600	-808404.050441894
0.05	9650	-808400.390208547
0.05	9700	-808396.751922258
0.05	9750	-808393.135339953
0.05	9800	-808389.540222532
0.05	9850	-808385.966334702
0.05	9900	-808382.413444926
0.05	9950	-808378.881325356
0.05	10000	-808375.369751727
0.05	10050	-808371.878503328
0.05	10100	-808368.407362891
0.05	10150	-808364.956116516
0.05	10200	-808361.524553643
0.05	10250	-808358.112466942
0.05	10300	-808354.71965226
0.05	10350	-808351.345908577
0.05	10400	-808347.991037923
0.05	10450	-808344.65484532
0.05	10500	-808341.337138711
0.05	10550	-808338.037728935
0.05	10600	-808334.756429659
0.05	10650	-808331.493057293
0.05	10700	-808328.247430959
0.05	10750	-808325.019372451
0.05	10800	-808321.80870617
0.05	10850	-808318.615259059
0.05	10900	-808315.438860592
0.05	10950	-808312.279342685
0.05	11000	-808309.136539677
0.05	11050	-808306.010288285
0.05	11100	-808302.900427533
0.05	11150	-808299.806798724
0.05	11200	-808296.729245436
0.05	11250	-808293.667613395
0.05	11300	-808290.621750509
0.05	11350	-808287.591506818
0.05	11400	-808284.576734403
0.05	11450	-808281.577287426
0.05	11500	-808278.593022013
0.05	11550	-808275.623796297
0.05	11600	-808272.669470311
0.05	11650	-808269.72990602
0.05	11700	-808266.804967216
0.05	11750	-808263.89451955
0.05	11800	-808260.998430456
0.05	11850	-808258.11656914
0.05	11900	-808255.248806553
0.05	11950	-808252.395015343
0.05	12000	-808249.55506983
0.055	50	-813568.130557596
0.055	100	-812525.048020347
0.055	150	-811945.181271166
0.055	200	-811550.288520669
0.055	250	-811254.109496338
0.055	300	-811018.888440021
0.055	350	-810824.838579035
0.055	400	-810660.345159584
0.055	450	-810518.032535954
0.055	500	-810392.937338472
0.055	550	-810281.567044085
0.055	600	-810181.375370389
0.055	650	-810090.451491665
0.055	700	-810007.326618447
0.055	750	-809930.848625917
0.055	800	-809860.097970356
0.055	850	-809794.329633602
0.055	900	-809732.932021178
0.055	950	-809675.397220412
0.055	1000	-809621.299061094
0.055	1050	-809570.276653571
0.055	1100	-809522.021847315
0.055	1150	-809476.269544605
0.055	1200	-809432.79012659
0.055	1250	-809391.383463927
0.055	1300	-809351.87413192
0.055	1350	-809314.107551952
0.055	1400	-809277.946852812
0.055	1450	-809243.270297378
0.055	1500	-809209.969157092
0.055	1550	-809177.945944399
0.055	1600	-809147.112933404
0.055	1650	-809117.390914427
0.055	1700	-809088.70813962
0.055	1750	-809060.999425702
0.055	1800	-809034.205386625
0.055	1850	-809008.271774411
0.055	1900	-808983.148910319
0.055	1950	-808958.79119212
0.055	2000	-808935.156665459
0.055	2050	-808912.206649795
0.055	2100	-808889.905410641
0.055	2150	-808868.219871573
0.055	2200	-808847.119360282
0.055	2250	-808826.575384039
0.055	2300	-808806.561430584
0.055	2350	-808787.05279106
0.055	2400	-808768.026402132
0.055	2450	-808749.460704935
0.055	2500	-808731.335518632
0.055	2550	-808713.631926931
0.055	2600	-808696.332175974
0.055	2650	-808679.419582163
0.055	2700	-808662.878448965
0.055	2750	-808646.693991562
0.055	2800	-808630.852268461
0.055	2850	-808615.340119358
0.055	2900	-808600.14510866
0.055	2950	-808585.255473848
0.055	3000	-808570.660078422
0.055	3050	-808556.348368834
0.055	3100	-808542.310334994
0.055	3150	-808528.536474055
0.055	3200	-808515.017757215
0.055	3250	-808501.74559906
0.055	3300	-808488.711829362
0.055	3350	-808475.908667122
0.055	3400	-808463.328696514
0.055	3450	-808450.964844725
0.055	3500	-808438.810361335
0.055	3550	-808426.858799332
0.055	3600	-808415.103997378
0.055	3650	-808403.540063447
0.055	3700	-808392.16135951
0.055	3750	-808380.962487378
0.055	3800	-808369.938275413
0.055	3850	-808359.083766241
0.055	3900	-808348.394205201
0.055	3950	-808337.865029592
0.055	4000	-808327.491858594
0.055	4050	-808317.270483903
0.055	4100	-808307.196860848
0.055	4150	-808297.267100167
0.055	4200	-808287.477460236
0.055	4250	-808277.824339768
0.055	4300	-808268.304271016
0.055	4350	-808258.913913309
0.055	4400	-808249.650046982
0.055	4450	-808240.509567717
0.055	4500	-808231.489481159
0.055	4550	-808222.586897808
0.055	4600	-808213.799028323
0.055	4650	-808205.12317892
0.055	4700	-808196.556747188
0.055	4750	-808188.09721801
0.055	4800	-808179.742159757
0.055	4850	-808171.489220714
0.055	4900	-808163.336125616
0.055	4950	-808155.280672451
0.055	5000	-808147.320729372
0.055	5050	-808139.454231786
0.055	5100	-808131.679179596
0.055	5150	-808123.993634587
0.055	5200	-808116.395717901
0.055	5250	-808108.883607704
0.055	5300	-808101.455536921
0.055	5350	-808094.109791088
0.055	5400	-808086.844706302
0.055	5450	-808079.658667301
0.055	5500	-808072.550105592
0.055	5550	-808065.517497704
0.055	5600	-808058.559363478
0.055	5650	-808051.674264485
0.055	5700	-808044.860802495
0.055	5750	-808038.11761798
0.055	5800	-808031.44338877
0.055	5850	-808024.83682866
0.055	5900	-808018.296686152
0.055	5950	-808011.821743283
0.055	6000	-808005.410814379
0.055	6050	-807999.062744962
0.055	6100	-807992.776410718
0.055	6150	-807986.550716421
0.055	6200	-807980.384594974
0.055	6250	-807974.277006472
0.055	6300	-807968.226937267
0.055	6350	-807962.233399142
0.055	6400	-807956.295428463
0.055	6450	-807950.412085369
0.055	6500	-807944.58245302
0.055	6550	-807938.805636858
0.055	6600	-807933.080763915
0.055	6650	-807927.406982087
0.055	6700	-807921.783459546
0.055	6750	-807916.209384065
0.055	6800	-807910.68396243
0.055	6850	-807905.20641986
0.055	6900	-807899.775999449
0.055	6950	-807894.391961601
0.055	7000	-807889.053583578
0.055	7050	-807883.76015893
0.055	7100	-807878.510997037
0.055	7150	-807873.30542268
0.055	7200	-807868.142775532
0.055	7250	-807863.022409775
0.055	7300	-807857.943693677
0.055	7350	-807852.906009172
0.055	7400	-807847.908751491
0.055	7450	-807842.951328786
0.055	7500	-807838.033161756
0.055	7550	-807833.153683314
0.055	7600	-807828.312338254
0.055	7650	-807823.508582911
0.055	7700	-807818.741884843
0.055	7750	-807814.011722571
0.055	7800	-807809.317585221
0.055	7850	-807804.658972288
0.055	7900	-807800.035393361
0.055	7950	-807795.446367805
0.055	8000	-807790.891424592
0.055	8050	-807786.370101969
0.055	8100	-807781.881947268
0.055	8150	-807777.426516634
0.055	8200	-807773.003374882
0.055	8250	-807768.612095139
0.055	8300	-807764.252258784
0.055	8350	-807759.923455128
0.055	8400	-807755.625281267
0.055	8450	-807751.357341904
0.055	8500	-807747.119249133
0.055	8550	-807742.910622237
0.055	8600	-807738.73108757
0.055	8650	-807734.580278362
0.055	8700	-807730.457834524
0.055	8750	-807726.363402536
0.055	8800	-807722.296635248
0.055	8850	-807718.257191765
0.055	8900	-807714.244737283
0.055	8950	-807710.258942954
0.055	9000	-807706.299485718
0.055	9050	-807702.366048221
0.055	9100	-807698.458318638
0.055	9150	-807694.575990565
0.055	9200	-807690.718762912
0.055	9250	-807686.886339746
0.055	9300	-807683.078430209
0.055	9350	-807679.294748394
0.055	9400	-807675.535013219
0.055	9450	-807671.798948327
0.055	9500	-807668.086282009
0.055	9550	-807664.396747068
0.055	9600	-807660.730080738
0.055	9650	-807657.086024576
0.055	9700	-807653.464324388
0.055	9750	-807649.864730131
0.055	9800	-807646.286995794
0.055	9850	-807642.730879354
0.055	9900	-807639.196142689
0.055	9950	-807635.682551462
0.055	10000	-807632.18987507
0.055	10050	-807628.717886563
0.055	10100	-807625.266362563
0.055	10150	-807621.835083176
0.055	10200	-807618.423831974
0.055	10250	-807615.032395852
0.055	10300	-807611.660564998
0.055	10350	-807608.30813285
0.055	10400	-807604.974895981
0.055	10450	-807601.66065406
0.055	10500	-807598.365209797
0.055	10550	-807595.088368895
0.055	10600	-807591.829939927
0.055	10650	-807588.589734357
0.055	10700	-807585.36756645
0.055	10750	-807582.163253194
0.055	10800	-807578.976614313
0.055	10850	-807575.807472129
0.055	10900	-807572.655651598
0.055	10950	-807569.520980177
0.055	11000	-807566.403287845
0.055	11050	-807563.302407014
0.055	11100	-807560.218172513
0.055	11150	-807557.150421509
0.055	11200	-807554.098993487
0.055	11250	-807551.063730201
0.055	11300	-807548.044475644
0.055	11350	-807545.041075969
0.055	11400	-807542.053379496
0.055	11450	-807539.081236634
0.055	11500	-807536.124499884
0.055	11550	-807533.183023754
0.055	11600	-807530.256664774
0.055	11650	-807527.345281387
0.055	11700	-807524.448734009
0.055	11750	-807521.566884913
0.055	11800	-807518.699598249
0.055	11850	-807515.846739973
0.055	11900	-807513.008177837
0.055	11950	-807510.18378135
0.055	12000	-807507.373421757
0.06	50	-813115.771200123
0.06	100	-812005.491498627
0.06	150	-811390.917735298
0.06	200	-810973.67854544
0.06	250	-810661.518936284
0.06	300	-810414.134096776
0.06	350	-810210.43260497
0.06	400	-810038.049429138
0.06	450	-809889.141151288
0.06	500	-809758.434865035
0.06	550	-809642.223611351
0.06	600	-809537.807042884
0.06	650	-809443.160309352
0.06	700	-809356.72812397
0.06	750	-809277.291365486
0.06	800	-809203.877664542
0.06	850	-809135.699702731
0.06	900	-809072.111552991
0.06	950	-809012.577103001
0.06	1000	-808956.646773692
0.06	1050	-808903.9400585
0.06	1100	-808854.13222678
0.06	1150	-808806.944058923
0.06	1200	-808762.133823095
0.06	1250	-808719.490933341
0.06	1300	-808678.830885004
0.06	1350	-808639.991172094
0.06	1400	-808602.827967694
0.06	1450	-808567.213403182
0.06	1500	-808533.033321758
0.06	1550	-808500.185410956
0.06	1600	-808468.577640177
0.06	1650	-808438.126945641
0.06	1700	-808408.758117544
0.06	1750	-808380.40285326
0.06	1800	-808352.99894793
0.06	1850	-808326.489599321
0.06	1900	-808300.822808243
0.06	1950	-808275.950859128
0.06	2000	-808251.829868573
0.06	2050	-808228.419391212
0.06	2100	-808205.682074638
0.06	2150	-808183.583356229
0.06	2200	-808162.091195848
0.06	2250	-808141.175839632
0.06	2300	-808120.809610546
0.06	2350	-808100.966722139
0.06	2400	-808081.623112605
0.06	2450	-808062.756296453
0.06	2500	-808044.345231742
0.06	2550	-808026.370200788
0.06	2600	-808008.812702859
0.06	2650	-807991.65535755
0.06	2700	-807974.881817297
0.06	2750	-807958.476688305
0.06	2800	-807942.425458855
0.06	2850	-807926.714434085
0.06	2900	-807911.330676698
0.06	2950	-807896.261952914
0.06	3000	-807881.49668303
0.06	3050	-807867.023896334
0.06	3100	-807852.833189711
0.06	3150	-807838.914689738
0.06	3200	-807825.259017823
0.06	3250	-807811.857258114
0.06	3300	-807798.700928074
0.06	3350	-807785.781951155
0.06	3400	-807773.09263175
0.06	3450	-807760.62563188
0.06	3500	-807748.373949763
0.06	3550	-807736.330899796
0.06	3600	-807724.490094157
0.06	3650	-807712.845425576
0.06	3700	-807701.391051413
0.06	3750	-807690.121378785
0.06	3800	-807679.031050745
0.06	3850	-807668.114933396
0.06	3900	-807657.368103835
0.06	3950	-807646.785838954
0.06	4000	-807636.363604871
0.06	4050	-807626.097047157
0.06	4100	-807615.981981591
0.06	4150	-807606.014385541
0.06	4200	-807596.190389897
0.06	4250	-807586.506271411
0.06	4300	-807576.958445619
0.06	4350	-807567.543460112
0.06	4400	-807558.2579882
0.06	4450	-807549.098823002
0.06	4500	-807540.062871831
0.06	4550	-807531.147150904
0.06	4600	-807522.348780376
0.06	4650	-807513.664979655
0.06	4700	-807505.093062909
0.06	4750	-807496.630434939
0.06	4800	-807488.274587126
0.06	4850	-807480.023093774
0.06	4900	-807471.873608463
0.06	4950	-807463.823860719
0.06	5000	-807455.871652827
0.06	5050	-807448.014856793
0.06	5100	-807440.251411451
0.06	5150	-807432.579319781
0.06	5200	-807424.99664624
0.06	5250	-807417.501514388
0.06	5300	-807410.092104478
0.06	5350	-807402.766651245
0.06	5400	-807395.5234418
0.06	5450	-807388.360813591
0.06	5500	-807381.277152487
0.06	5550	-807374.270890945
0.06	5600	-807367.340506247
0.06	5650	-807360.484518855
0.06	5700	-807353.701490797
0.06	5750	-807346.990024174
0.06	5800	-807340.348759663
0.06	5850	-807333.776375166
0.06	5900	-807327.271584497
0.06	5950	-807320.833136059
0.06	6000	-807314.459811677
0.06	6050	-807308.150425434
0.06	6100	-807301.903822523
0.06	6150	-807295.718878236
0.06	6200	-807289.594496907
0.06	6250	-807283.529610939
0.06	6300	-807277.523179885
0.06	6350	-807271.574189523
0.06	6400	-807265.681651021
0.06	6450	-807259.844600095
0.06	6500	-807254.062096214
0.06	6550	-807248.33322185
0.06	6600	-807242.65708174
0.06	6650	-807237.032802149
0.06	6700	-807231.459530271
0.06	6750	-807225.936433491
0.06	6800	-807220.462698827
0.06	6850	-807215.037532294
0.06	6900	-807209.660158326
0.06	6950	-807204.329819242
0.06	7000	-807199.04577468
0.06	7050	-807193.807301092
0.06	7100	-807188.613691261
0.06	7150	-807183.464253796
0.06	7200	-807178.358312684
0.06	7250	-807173.295206847
0.06	7300	-807168.274289708
0.06	7350	-807163.29492877
0.06	7400	-807158.356505227
0.06	7450	-807153.458413572
0.06	7500	-807148.600061221
0.06	7550	-807143.780868164
0.06	7600	-807139.000266586
0.06	7650	-807134.257700601
0.06	7700	-807129.55262585
0.06	7750	-807124.884509227
0.06	7800	-807120.252828572
0.06	7850	-807115.65707237
0.06	7900	-807111.096739477
0.06	7950	-807106.571338846
0.06	8000	-807102.080389252
0.06	8050	-807097.623419036
0.06	8100	-807093.199965884
0.06	8150	-807088.809576531
0.06	8200	-807084.45180659
0.06	8250	-807080.126220286
0.06	8300	-807075.832390253
0.06	8350	-807071.569897325
0.06	8400	-807067.338330314
0.06	8450	-807063.137285819
0.06	8500	-807058.966368077
0.06	8550	-807054.825188673
0.06	8600	-807050.713366476
0.06	8650	-807046.630527382
0.06	8700	-807042.576304192
0.06	8750	-807038.550336392
0.06	8800	-807034.55227006
0.06	8850	-807030.581757667
0.06	8900	-807026.638457939
0.06	8950	-807022.722035686
0.06	9000	-807018.832161721
0.06	9050	-807014.968512629
0.06	9100	-807011.130770734
0.06	9150	-807007.318623889
0.06	9200	-807003.531765385
0.06	9250	-806999.769893833
0.06	9300	-806996.032713016
0.06	9350	-806992.319931799
0.06	9400	-806988.631264009
0.06	9450	-806984.966428307
0.06	9500	-806981.325148114
0.06	9550	-806977.707151475
0.06	9600	-806974.112170976
0.06	9650	-806970.539943632
0.06	9700	-806966.990210809
0.06	9750	-806963.462718117
0.06	9800	-806959.957215317
0.06	9850	-806956.473456245
0.06	9900	-806953.011198712
0.06	9950	-806949.570204427
0.06	10000	-806946.150238922
0.06	10050	-806942.751071449
0.06	10100	-806939.372474939
0.06	10150	-806936.014225881
0.06	10200	-806932.676104288
0.06	10250	-806929.357893604
0.06	10300	-806926.059380634
0.06	10350	-806922.780355507
0.06	10400	-806919.520611545
0.06	10450	-806916.279945264
0.06	10500	-806913.058156275
0.06	10550	-806909.855047219
0.06	10600	-806906.670423739
0.06	10650	-806903.504094378
0.06	10700	-806900.35587057
0.06	10750	-806897.225566535
0.06	10800	-806894.112999244
0.06	10850	-806891.017988396
0.06	10900	-806887.94035633
0.06	10950	-806884.879927945
0.06	11000	-806881.836530732
0.06	11050	-806878.809994679
0.06	11100	-806875.800152207
0.06	11150	-806872.806838145
0.06	11200	-806869.829889705
0.06	11250	-806866.869146392
0.06	11300	-806863.924450004
0.06	11350	-806860.995644552
0.06	11400	-806858.082576248
0.06	11450	-806855.185093459
0.06	11500	-806852.303046656
0.06	11550	-806849.436288379
0.06	11600	-806846.584673218
0.06	11650	-806843.748057755
0.06	11700	-806840.926300519
0.06	11750	-806838.119261999
0.06	11800	-806835.326804539
0.06	11850	-806832.548792383
0.06	11900	-806829.785091576
0.06	11950	-806827.035569946
0.06	12000	-806824.300097128
0.065	50	-812675.107081277
0.065	100	-811501.943325664
0.065	150	-810855.437834549
0.065	200	-810417.920588557
0.065	250	-810091.437520996
0.065	300	-809833.275524076
0.065	350	-809621.116959271
0.065	400	-809441.894847537
0.065	450	-809287.329952844
0.065	500	-809151.862091713
0.065	550	-809031.586014033
0.065	600	-808923.659400221
0.065	650	-808825.952674081
0.065	700	-808736.831359631
0.065	750	-808655.015189994
0.065	800	-808579.483729112
0.065	850	-808509.411282564
0.065	900	-808444.120865752
0.065	950	-808383.050929067
0.065	1000	-808325.73083663
0.065	1050	-808271.762484464
0.065	1100	-808220.806309162
0.065	1150	-808172.570491358
0.065	1200	-808126.802520593
0.065	1250	-808083.282530709
0.065	1300	-808041.81797967
0.065	1350	-808002.239362582
0.065	1400	-807964.396727281
0.065	1450	-807928.156819584
0.065	1500	-807893.400727004
0.065	1550	-807860.021920724
0.065	1600	-807827.924617859
0.065	1650	-807797.022403681
0.065	1700	-807767.237065931
0.065	1750	-807738.497603472
0.065	1800	-807710.739379063
0.065	1850	-807683.903391887
0.065	1900	-807657.935650396
0.065	1950	-807632.786629126
0.065	2000	-807608.410796646
0.065	2050	-807584.766203671
0.065	2100	-807561.814122541
0.065	2150	-807539.518730482
0.065	2200	-807517.846830496
0.065	2250	-807496.767604803
0.065	2300	-807476.252396147
0.065	2350	-807456.274513572
0.065	2400	-807436.809059264
0.065	2450	-807417.832773893
0.065	2500	-807399.323898144
0.065	2550	-807381.262048444
0.065	2600	-807363.628105114
0.065	2650	-807346.40411165
0.065	2700	-807329.573183675
0.065	2750	-807313.119426598
0.065	2800	-807297.027860919
0.065	2850	-807281.284354393
0.065	2900	-807265.875560339
0.065	2950	-807250.788861353
0.065	3000	-807236.012317987
0.065	3050	-807221.534621764
0.065	3100	-807207.345052225
0.065	3150	-807193.43343745
0.065	3200	-807179.790117881
0.065	3250	-807166.405913029
0.065	3300	-807153.272090787
0.065	3350	-807140.380339178
0.065	3400	-807127.72274023
0.065	3450	-807115.291745903
0.065	3500	-807103.080155719
0.065	3550	-807091.0810961
0.065	3600	-807079.28800122
0.065	3650	-807067.694595132
0.065	3700	-807056.29487529
0.065	3750	-807045.083097085
0.065	3800	-807034.053759603
0.065	3850	-807023.201592136
0.065	3900	-807012.521541838
0.065	3950	-807002.008761981
0.065	4000	-806991.658601127
0.065	4050	-806981.466592938
0.065	4100	-806971.428446617
0.065	4150	-806961.540038001
0.065	4200	-806951.797401186
0.065	4250	-806942.196720619
0.065	4300	-806932.734323798
0.065	4350	-806923.406674233
0.065	4400	-806914.210364972
0.065	4450	-806905.142112469
0.065	4500	-806896.198750745
0.065	4550	-806887.377225942
0.065	4600	-806878.674591229
0.065	4650	-806870.088001884
0.065	4700	-806861.614710727
0.065	4750	-806853.252063757
0.065	4800	-806844.997496126
0.065	4850	-806836.848528169
0.065	4900	-806828.802761803
0.065	4950	-806820.857876983
0.065	5000	-806813.011628484
0.065	5050	-806805.261842695
0.065	5100	-806797.606414707
0.065	5150	-806790.04330548
0.065	5200	-806782.57053915
0.065	5250	-806775.186200513
0.065	5300	-806767.888432612
0.065	5350	-806760.675434421
0.065	5400	-806753.545458652
0.065	5450	-806746.496809691
0.065	5500	-806739.527841614
0.065	5550	-806732.636956281
0.065	5600	-806725.822601556
0.065	5650	-806719.083269567
0.065	5700	-806712.41749507
0.065	5750	-806705.823853909
0.065	5800	-806699.300961475
0.065	5850	-806692.847471324
0.065	5900	-806686.462073784
0.065	5950	-806680.14349465
0.065	6000	-806673.890493956
0.065	6050	-806667.701864753
0.065	6100	-806661.576431994
0.065	6150	-806655.513051425
0.065	6200	-806649.510608519
0.065	6250	-806643.568017512
0.065	6300	-806637.684220411
0.065	6350	-806631.858186064
0.065	6400	-806626.088909294
0.065	6450	-806620.37541004
0.065	6500	-806614.716732555
0.065	6550	-806609.111944593
0.065	6600	-806603.560136677
0.065	6650	-806598.060421389
0.065	6700	-806592.611932638
0.065	6750	-806587.213825026
0.065	6800	-806581.865273189
0.065	6850	-806576.565471187
0.065	6900	-806571.313631903
0.065	6950	-806566.10898649
0.065	7000	-806560.950783783
0.065	7050	-806555.838289795
0.065	7100	-806550.770787218
0.065	7150	-806545.747574897
0.065	7200	-806540.76796739
0.065	7250	-806535.831294483
0.065	7300	-806530.936900776
0.065	7350	-806526.08414521
0.065	7400	-806521.272400742
0.065	7450	-806516.501053831
0.065	7500	-806511.76950419
0.065	7550	-806507.077164316
0.065	7600	-806502.423459157
0.065	7650	-806497.807825801
0.065	7700	-806493.229713099
0.065	7750	-806488.688581402
0.065	7800	-806484.183902163
0.065	7850	-806479.715157745
0.065	7900	-806475.281841034
0.065	7950	-806470.883455211
0.065	8000	-806466.519513473
0.065	8050	-806462.189538766
0.065	8100	-806457.893063531
0.065	8150	-806453.629629455
0.065	8200	-806449.398787231
0.065	8250	-806445.20009634
0.065	8300	-806441.033124822
0.065	8350	-806436.897449061
0.065	8400	-806432.792653558
0.065	8450	-806428.718330744
0.065	8500	-806424.674080799
0.065	8550	-806420.65951141
0.065	8600	-806416.674237658
0.065	8650	-806412.717881774
0.065	8700	-806408.790072998
0.065	8750	-806404.89044739
0.065	8800	-806401.018647708
0.065	8850	-806397.17432319
0.065	8900	-806393.357129434
0.065	8950	-806389.56672825
0.065	9000	-806385.802787518
0.065	9050	-806382.06498101
0.065	9100	-806378.352988291
0.065	9150	-806374.666494593
0.065	9200	-806371.005190614
0.065	9250	-806367.368772514
0.065	9300	-806363.756941655
0.065	9350	-806360.169404588
0.065	9400	-806356.605872907
0.065	9450	-806353.066063077
0.065	9500	-806349.549696438
0.065	9550	-806346.056498997
0.065	9600	-806342.586201379
0.065	9650	-806339.138538694
0.065	9700	-806335.713250475
0.065	9750	-806332.310080566
0.065	9800	-806328.928777007
0.065	9850	-806325.569091983
0.065	9900	-806322.230781697
0.065	9950	-806318.913606321
0.065	10000	-806315.617329894
0.065	10050	-806312.341720231
0.065	10100	-806309.086548867
0.065	10150	-806305.851590942
0.065	10200	-806302.636625187
0.065	10250	-806299.441433811
0.065	10300	-806296.265802395
0.065	10350	-806293.10951991
0.065	10400	-806289.972378568
0.065	10450	-806286.854173808
0.065	10500	-806283.754704191
0.065	10550	-806280.673771379
0.065	10600	-806277.611180041
0.065	10650	-806274.56673781
0.065	10700	-806271.540255216
0.065	10750	-806268.531545639
0.065	10800	-806265.540425226
0.065	10850	-806262.566712873
0.065	10900	-806259.610230178
0.065	10950	-806256.670801323
0.065	11000	-806253.748253101
0.065	11050	-806250.842414818
0.065	11100	-806247.953118267
0.065	11150	-806245.080197684
0.065	11200	-806242.223489678
0.065	11250	-806239.382833205
0.065	11300	-806236.558069535
0.065	11350	-806233.749042157
0.065	11400	-806230.955596823
0.065	11450	-806228.177581426
0.065	11500	-806225.414846014
0.065	11550	-806222.667242698
0.065	11600	-806219.934625691
0.065	11650	-806217.216851179
0.065	11700	-806214.513777381
0.065	11750	-806211.825264415
0.065	11800	-806209.151174335
0.065	11850	-806206.491371079
0.065	11900	-806203.845720422
0.065	11950	-806201.214089958
0.065	12000	-806198.596349036
0.07	50	-812246.001263572
0.07	100	-811014.204760803
0.07	150	-810338.495327567
0.07	200	-809882.728654296
0.07	250	-809543.544565694
0.07	300	-809275.96099862
0.07	350	-809056.511673923
0.07	400	-808871.47542965
0.07	450	-808712.168768215
0.07	500	-808572.766196338
0.07	550	-808449.180095371
0.07	600	-808338.43809237
0.07	650	-808238.315044774
0.07	700	-808147.104482268
0.07	750	-808063.470749432
0.07	800	-807986.350023816
0.07	850	-807914.882092515
0.07	900	-807848.362131292
0.07	950	-807786.205866235
0.07	1000	-807727.923913524
0.07	1050	-807673.102553579
0.07	1100	-807621.389104096
0.07	1150	-807572.480638432
0.07	1200	-807526.115175398
0.07	1250	-807482.064721233
0.07	1300	-807440.129717663
0.07	1350	-807400.134569937
0.07	1400	-807361.924013534
0.07	1450	-807325.360138568
0.07	1500	-807290.319934745
0.07	1550	-807256.693251921
0.07	1600	-807224.381095062
0.07	1650	-807193.294190148
0.07	1700	-807163.351771449
0.07	1750	-807134.480550368
0.07	1800	-807106.613834568
0.07	1850	-807079.690771934
0.07	1900	-807053.655698801
0.07	1950	-807028.457575791
0.07	2000	-807004.04949765
0.07	2050	-806980.388265661
0.07	2100	-806957.434013472
0.07	2150	-806935.149878533
0.07	2200	-806913.501712621
0.07	2250	-806892.457826139
0.07	2300	-806871.9887615
0.07	2350	-806852.067091779
0.07	2400	-806832.667241377
0.07	2450	-806813.765325844
0.07	2500	-806795.339008458
0.07	2550	-806777.367371624
0.07	2600	-806759.830801107
0.07	2650	-806742.710881819
0.07	2700	-806725.990303699
0.07	2750	-806709.652776485
0.07	2800	-806693.682952528
0.07	2850	-806678.066356724
0.07	2900	-806662.789322663
0.07	2950	-806647.838934592
0.07	3000	-806633.202974336
0.07	3050	-806618.869872813
0.07	3100	-806604.828665679
0.07	3150	-806591.068952595
0.07	3200	-806577.580859908
0.07	3250	-806564.355006263
0.07	3300	-806551.382470964
0.07	3350	-806538.654764906
0.07	3400	-806526.163803572
0.07	3450	-806513.901882229
0.07	3500	-806501.861652885
0.07	3550	-806490.03610305
0.07	3600	-806478.418535889
0.07	3650	-806467.002551981
0.07	3700	-806455.782032195
0.07	3750	-806444.751121937
0.07	3800	-806433.904216275
0.07	3850	-806423.235946302
0.07	3900	-806412.741166245
0.07	3950	-806402.414941497
0.07	4000	-806392.252537432
0.07	4050	-806382.249408933
0.07	4100	-806372.401190604
0.07	4150	-806362.70368756
0.07	4200	-806353.152866853
0.07	4250	-806343.744849367
0.07	4300	-806334.475902254
0.07	4350	-806325.342431781
0.07	4400	-806316.34097664
0.07	4450	-806307.468201655
0.07	4500	-806298.720891803
0.07	4550	-806290.095946644
0.07	4600	-806281.590375017
0.07	4650	-806273.20129008
0.07	4700	-806264.925904589
0.07	4750	-806256.761526445
0.07	4800	-806248.705554513
0.07	4850	-806240.755474622
0.07	4900	-806232.908855828
0.07	4950	-806225.163346809
0.07	5000	-806217.516672538
0.07	5050	-806209.966631015
0.07	5100	-806202.511090318
0.07	5150	-806195.147985619
0.07	5200	-806187.875316535
0.07	5250	-806180.691144459
0.07	5300	-806173.593590121
0.07	5350	-806166.580831255
0.07	5400	-806159.651100297
0.07	5450	-806152.802682306
0.07	5500	-806146.033912946
0.07	5550	-806139.343176505
0.07	5600	-806132.728904083
0.07	5650	-806126.189571827
0.07	5700	-806119.723699285
0.07	5750	-806113.329847727
0.07	5800	-806107.00661872
0.07	5850	-806100.752652581
0.07	5900	-806094.566627044
0.07	5950	-806088.447255882
0.07	6000	-806082.393287672
0.07	6050	-806076.403504537
0.07	6100	-806070.476721016
0.07	6150	-806064.611782909
0.07	6200	-806058.807566249
0.07	6250	-806053.062976231
0.07	6300	-806047.376946271
0.07	6350	-806041.748437027
0.07	6400	-806036.176435542
0.07	6450	-806030.659954298
0.07	6500	-806025.198030503
0.07	6550	-806019.789725166
0.07	6600	-806014.434122417
0.07	6650	-806009.130328727
0.07	6700	-806003.877472233
0.07	6750	-805998.674702021
0.07	6800	-805993.521187501
0.07	6850	-805988.416117763
0.07	6900	-805983.358700982
0.07	6950	-805978.348163811
0.07	7000	-805973.383750874
0.07	7050	-805968.464724137
0.07	7100	-805963.590362502
0.07	7150	-805958.759961205
0.07	7200	-805953.972831396
0.07	7250	-805949.228299635
0.07	7300	-805944.525707473
0.07	7350	-805939.864411011
0.07	7400	-805935.243780483
0.07	7450	-805930.663199814
0.07	7500	-805926.122066318
0.07	7550	-805921.619790247
0.07	7600	-805917.155794455
0.07	7650	-805912.729514052
0.07	7700	-805908.340396065
0.07	7750	-805903.987899105
0.07	7800	-805899.671493062
0.07	7850	-805895.390658787
0.07	7900	-805891.144887813
0.07	7950	-805886.933682055
0.07	8000	-805882.756553536
0.07	8050	-805878.613024149
0.07	8100	-805874.502625357
0.07	8150	-805870.42489796
0.07	8200	-805866.379391858
0.07	8250	-805862.36566583
0.07	8300	-805858.383287265
0.07	8350	-805854.431831991
0.07	8400	-805850.51088403
0.07	8450	-805846.620035401
0.07	8500	-805842.758885934
0.07	8550	-805838.927043048
0.07	8600	-805835.124121591
0.07	8650	-805831.349743636
0.07	8700	-805827.603538319
0.07	8750	-805823.885141683
0.07	8800	-805820.194196446
0.07	8850	-805816.530351944
0.07	8900	-805812.893263869
0.07	8950	-805809.282594182
0.07	9000	-805805.698010965
0.07	9050	-805802.139188234
0.07	9100	-805798.605805834
0.07	9150	-805795.097549314
0.07	9200	-805791.614109761
0.07	9250	-805788.155183695
0.07	9300	-805784.720472947
0.07	9350	-805781.309684519
0.07	9400	-805777.922530494
0.07	9450	-805774.558727901
0.07	9500	-805771.217998601
0.07	9550	-805767.900069204
0.07	9600	-805764.604670961
0.07	9650	-805761.331539621
0.07	9700	-805758.080415379
0.07	9750	-805754.851042759
0.07	9800	-805751.643170543
0.07	9850	-805748.456551621
0.07	9900	-805745.290942967
0.07	9950	-805742.146105532
0.07	10000	-805739.02180414
0.07	10050	-805735.917807425
0.07	10100	-805732.833887751
0.07	10150	-805729.769821113
0.07	10200	-805726.725387102
0.07	10250	-805723.700368789
0.07	10300	-805720.69455267
0.07	10350	-805717.707728611
0.07	10400	-805714.739689753
0.07	10450	-805711.790232452
0.07	10500	-805708.859156229
0.07	10550	-805705.946263687
0.07	10600	-805703.05136046
0.07	10650	-805700.174255176
0.07	10700	-805697.314759324
0.07	10750	-805694.472687285
0.07	10800	-805691.64785622
0.07	10850	-805688.840086041
0.07	10900	-805686.049199333
0.07	10950	-805683.275021326
0.07	11000	-805680.517379845
0.07	11050	-805677.776105225
0.07	11100	-805675.051030314
0.07	11150	-805672.34199038
0.07	11200	-805669.648823099
0.07	11250	-805666.971368491
0.07	11300	-805664.309468865
0.07	11350	-805661.662968821
0.07	11400	-805659.031715145
0.07	11450	-805656.415556812
0.07	11500	-805653.81434496
0.07	11550	-805651.227932774
0.07	11600	-805648.656175541
0.07	11650	-805646.098930564
0.07	11700	-805643.556057105
0.07	11750	-805641.027416404
0.07	11800	-805638.512871605
0.07	11850	-805636.012287728
0.07	11900	-805633.525531644
0.07	11950	-805631.052472038
0.07	12000	-805628.592979363
0.075	50	-811828.321409875
0.075	100	-810542.083078829
0.075	150	-809839.8512024
0.075	200	-809367.825068877
0.075	250	-809017.528711504
0.075	300	-808741.849057279
0.075	350	-808516.247918205
0.075	400	-808326.397156599
0.075	450	-808163.240178799
0.075	500	-808020.707862012
0.075	550	-807894.545923449
0.075	600	-807781.663685204
0.075	650	-807679.749461777
0.075	700	-807587.03187244
0.075	750	-807502.125538669
0.075	800	-807423.927855062
0.075	850	-807351.547882586
0.075	900	-807284.256119493
0.075	950	-807221.448232216
0.075	1000	-807162.618355953
0.075	1050	-807107.339100316
0.075	1100	-807055.246345509
0.075	1150	-807006.027521159
0.075	1200	-806959.412457368
0.075	1250	-806915.16616224
0.075	1300	-806873.083061544
0.075	1350	-806832.98236084
0.075	1400	-806794.704278971
0.075	1450	-806758.106964587
0.075	1500	-806723.063953151
0.075	1550	-806689.462055205
0.075	1600	-806657.199591564
0.075	1650	-806626.184909548
0.075	1700	-806596.335128588
0.075	1750	-806567.575074212
0.075	1800	-806539.836367537
0.075	1850	-806513.056644107
0.075	1900	-806487.178880753
0.075	1950	-806462.150813102
0.075	2000	-806437.92442954
0.075	2050	-806414.455530117
0.075	2100	-806391.703340536
0.075	2150	-806369.63017331
0.075	2200	-806348.201129422
0.075	2250	-806327.383834703
0.075	2300	-806307.148206424
0.075	2350	-806287.466245934
0.075	2400	-806268.311853933
0.075	2450	-806249.66066563
0.075	2500	-806231.489903182
0.075	2550	-806213.7782433
0.075	2600	-806196.505698285
0.075	2650	-806179.653508822
0.075	2700	-806163.204047197
0.075	2750	-806147.140729755
0.075	2800	-806131.447937628
0.075	2850	-806116.110944662
0.075	2900	-806101.115851973
0.075	2950	-806086.449528255
0.075	3000	-806072.099555391
0.075	3050	-806058.054178649
0.075	3100	-806044.302261181
0.075	3150	-806030.833242308
0.075	3200	-806017.637099138
0.075	3250	-806004.704311456
0.075	3300	-805992.025829203
0.075	3350	-805979.593042701
0.075	3400	-805967.397755024
0.075	3450	-805955.432156588
0.075	3500	-805943.688801554
0.075	3550	-805932.160586051
0.075	3600	-805920.840727943
0.075	3650	-805909.722748073
0.075	3700	-805898.800452838
0.075	3750	-805888.067917965
0.075	3800	-805877.51947343
0.075	3850	-805867.149689421
0.075	3900	-805856.953363193
0.075	3950	-805846.925506856
0.075	4000	-805837.061335908
0.075	4050	-805827.356258596
0.075	4100	-805817.805865842
0.075	4150	-805808.405921916
0.075	4200	-805799.152355645
0.075	4250	-805790.041252144
0.075	4300	-805781.0688451
0.075	4350	-805772.23150948
0.075	4400	-805763.525754708
0.075	4450	-805754.948218237
0.075	4500	-805746.495659457
0.075	4550	-805738.164954014
0.075	4600	-805729.953088437
0.075	4650	-805721.857155024
0.075	4700	-805713.874347082
0.075	4750	-805706.00195439
0.075	4800	-805698.237358877
0.075	4850	-805690.578030658
0.075	4900	-805683.021524128
0.075	4950	-805675.565474339
0.075	5000	-805668.207593616
0.075	5050	-805660.945668266
0.075	5100	-805653.777555439
0.075	5150	-805646.7011803
0.075	5200	-805639.714533161
0.075	5250	-805632.815666855
0.075	5300	-805626.002694234
0.075	5350	-805619.273785798
0.075	5400	-805612.627167366
0.075	5450	-805606.061117937
0.075	5500	-805599.573967679
0.075	5550	-805593.16409588
0.075	5600	-805586.82992913
0.075	5650	-805580.569939539
0.075	5700	-805574.382643012
0.075	5750	-805568.266597629
0.075	5800	-805562.220402118
0.075	5850	-805556.242694354
0.075	5900	-805550.332149932
0.075	5950	-805544.487480855
0.075	6000	-805538.707434208
0.075	6050	-805532.990790915
0.075	6100	-805527.33636461
0.075	6150	-805521.743000431
0.075	6200	-805516.209574004
0.075	6250	-805510.734990337
0.075	6300	-805505.31818289
0.075	6350	-805499.958112561
0.075	6400	-805494.653766823
0.075	6450	-805489.404158807
0.075	6500	-805484.208326491
0.075	6550	-805479.065331874
0.075	6600	-805473.974260177
0.075	6650	-805468.934219155
0.075	6700	-805463.944338328
0.075	6750	-805459.003768325
0.075	6800	-805454.111680208
0.075	6850	-805449.267264836
0.075	6900	-805444.469732242
0.075	6950	-805439.718311085
0.075	7000	-805435.012248031
0.075	7050	-805430.350807253
0.075	7100	-805425.733269855
0.075	7150	-805421.158933432
0.075	7200	-805416.627111526
0.075	7250	-805412.137133169
0.075	7300	-805407.688342459
0.075	7350	-805403.280098079
0.075	7400	-805398.911772912
0.075	7450	-805394.582753634
0.075	7500	-805390.292440277
0.075	7550	-805386.040245909
0.075	7600	-805381.825596238
0.075	7650	-805377.647929255
0.075	7700	-805373.5066949
0.075	7750	-805369.401354763
0.075	7800	-805365.33138172
0.075	7850	-805361.296259612
0.075	7900	-805357.295483042
0.075	7950	-805353.32855699
0.075	8000	-805349.394996567
0.075	8050	-805345.494326765
0.075	8100	-805341.626082174
0.075	8150	-805337.789806754
0.075	8200	-805333.985053552
0.075	8250	-805330.211384509
0.075	8300	-805326.4683702
0.075	8350	-805322.755589643
0.075	8400	-805319.072630058
0.075	8450	-805315.419086659
0.075	8500	-805311.794562491
0.075	8550	-805308.198668175
0.075	8600	-805304.631021789
0.075	8650	-805301.091248613
0.075	8700	-805297.578981008
0.075	8750	-805294.093858212
0.075	8800	-805290.635526184
0.075	8850	-805287.203637448
0.075	8900	-805283.797850923
0.075	8950	-805280.417831776
0.075	9000	-805277.063251264
0.075	9050	-805273.733786616
0.075	9100	-805270.429120877
0.075	9150	-805267.148942754
0.075	9200	-805263.89294652
0.075	9250	-805260.66083186
0.075	9300	-805257.452303751
0.075	9350	-805254.267072352
0.075	9400	-805251.104852883
0.075	9450	-805247.965365501
0.075	9500	-805244.848335182
0.075	9550	-805241.753491647
0.075	9600	-805238.68056923
0.075	9650	-805235.629306769
0.075	9700	-805232.599447534
0.075	9750	-805229.590739117
0.075	9800	-805226.602933313
0.075	9850	-805223.635786066
0.075	9900	-805220.68905738
0.075	9950	-805217.762511184
0.075	10000	-805214.855915315
0.075	10050	-805211.969041376
0.075	10100	-805209.101664692
0.075	10150	-805206.253564227
0.075	10200	-805203.424522478
0.075	10250	-805200.614325459
0.075	10300	-805197.822762563
0.075	10350	-805195.049626544
0.075	10400	-805192.294713417
0.075	10450	-805189.557822405
0.075	10500	-805186.838755864
0.075	10550	-805184.137319244
0.075	10600	-805181.453320985
0.075	10650	-805178.786572493
0.075	10700	-805176.13688807
0.075	10750	-805173.504084851
0.075	10800	-805170.88798275
0.075	10850	-805168.288404406
0.075	10900	-805165.705175137
0.075	10950	-805163.13812287
0.075	11000	-805160.587078121
0.075	11050	-805158.051873903
0.075	11100	-805155.532345715
0.075	11150	-805153.028331459
0.075	11200	-805150.539671452
0.075	11250	-805148.066208304
0.075	11300	-805145.607786947
0.075	11350	-805143.164254523
0.075	11400	-805140.735460402
0.075	11450	-805138.321256117
0.075	11500	-805135.921495292
0.075	11550	-805133.536033679
0.075	11600	-805131.16472904
0.075	11650	-805128.807441149
0.075	11700	-805126.464031762
0.075	11750	-805124.134364549
0.075	11800	-805121.818305111
0.075	11850	-805119.515720878
0.075	11900	-805117.226481136
0.075	11950	-805114.950456948
0.075	12000	-805112.68752117
0.08	50	-811421.939488457
0.08	100	-810085.391229667
0.08	150	-809359.2732999
0.08	200	-808872.940071793
0.08	250	-808513.087487221
0.08	300	-808230.608031144
0.08	350	-807999.967506469
0.08	400	-807806.277458427
0.08	450	-807640.138978399
0.08	500	-807495.260712488
0.08	550	-807367.237204107
0.08	600	-807252.871051725
0.08	650	-807149.772916871
0.08	700	-807056.113483893
0.08	750	-806970.46322685
0.08	800	-806891.685285685
0.08	850	-806818.861724016
0.08	900	-806751.241470078
0.08	950	-806688.2027483
0.08	1000	-806629.225438776
0.08	1050	-806573.870389238
0.08	1100	-806521.763691939
0.08	1150	-806472.584568229
0.08	1200	-806426.055916327
0.08	1250	-806381.936853117
0.08	1300	-806340.016768363
0.08	1350	-806300.11053974
0.08	1400	-806262.054648464
0.08	1450	-806225.704000786
0.08	1500	-806190.929307592
0.08	1550	-806157.614909364
0.08	1600	-806125.656959084
0.08	1650	-806094.961895185
0.08	1700	-806065.445151044
0.08	1750	-806037.030058591
0.08	1800	-806009.646912331
0.08	1850	-805983.232166537
0.08	1900	-805957.727743709
0.08	1950	-805933.08043638
0.08	2000	-805909.241387641
0.08	2050	-805886.165638431
0.08	2100	-805863.811731513
0.08	2150	-805842.141363991
0.08	2200	-805821.11908138
0.08	2250	-805800.712007477
0.08	2300	-805780.889605173
0.08	2350	-805761.623464007
0.08	2400	-805742.887111107
0.08	2450	-805724.655842365
0.08	2500	-805706.906571435
0.08	2550	-805689.617694324
0.08	2600	-805672.768967697
0.08	2650	-805656.341399239
0.08	2700	-805640.31714875
0.08	2750	-805624.679438676
0.08	2800	-805609.412473142
0.08	2850	-805594.501364287
0.08	2900	-805579.932065533
0.08	2950	-805565.691310542
0.08	3000	-805551.766557796
0.08	3050	-805538.145939751
0.08	3100	-805524.818216437
0.08	3150	-805511.772732892
0.08	3200	-805498.999380089
0.08	3250	-805486.488559098
0.08	3300	-805474.231147969
0.08	3350	-805462.218471413
0.08	3400	-805450.442272666
0.08	3450	-805438.894687562
0.08	3500	-805427.568220603
0.08	3550	-805416.455722716
0.08	3600	-805405.550370737
0.08	3650	-805394.845648258
0.08	3700	-805384.335327952
0.08	3750	-805374.013455098
0.08	3800	-805363.874332216
0.08	3850	-805353.912504783
0.08	3900	-805344.122747926
0.08	3950	-805334.500053994
0.08	4000	-805325.039620932
0.08	4050	-805315.736841419
0.08	4100	-805306.587292735
0.08	4150	-805297.586727225
0.08	4200	-805288.731063382
0.08	4250	-805280.016377495
0.08	4300	-805271.438895806
0.08	4350	-805262.994987106
0.08	4400	-805254.681155852
0.08	4450	-805246.494035575
0.08	4500	-805238.430382808
0.08	4550	-805230.487071273
0.08	4600	-805222.661086427
0.08	4650	-805214.949520308
0.08	4700	-805207.349566727
0.08	4750	-805199.858516632
0.08	4800	-805192.473753798
0.08	4850	-805185.192750749
0.08	4900	-805178.013064821
0.08	4950	-805170.932334564
0.08	5000	-805163.948276229
0.08	5050	-805157.058680472
0.08	5100	-805150.261409238
0.08	5150	-805143.554392787
0.08	5200	-805136.935626919
0.08	5250	-805130.403170236
0.08	5300	-805123.955141655
0.08	5350	-805117.589717977
0.08	5400	-805111.305131587
0.08	5450	-805105.099668285
0.08	5500	-805098.971665172
0.08	5550	-805092.919508723
0.08	5600	-805086.94163283
0.08	5650	-805081.036517083
0.08	5700	-805075.202684968
0.08	5750	-805069.438702318
0.08	5800	-805063.743175661
0.08	5850	-805058.114750808
0.08	5900	-805052.552111378
0.08	5950	-805047.053977433
0.08	6000	-805041.619104225
0.08	6050	-805036.24628088
0.08	6100	-805030.934329278
0.08	6150	-805025.682102863
0.08	6200	-805020.488485557
0.08	6250	-805015.352390747
0.08	6300	-805010.272760235
0.08	6350	-805005.248563317
0.08	6400	-805000.27879585
0.08	6450	-804995.362479356
0.08	6500	-804990.498660196
0.08	6550	-804985.686408741
0.08	6600	-804980.924818611
0.08	6650	-804976.213005894
0.08	6700	-804971.550108446
0.08	6750	-804966.935285216
0.08	6800	-804962.367715554
0.08	6850	-804957.846598576
0.08	6900	-804953.371152556
0.08	6950	-804948.940614335
0.08	7000	-804944.554238764
0.08	7050	-804940.211298113
0.08	7100	-804935.911081599
0.08	7150	-804931.652894842
0.08	7200	-804927.436059396
0.08	7250	-804923.25991224
0.08	7300	-804919.123805395
0.08	7350	-804915.027105407
0.08	7400	-804910.969192976
0.08	7450	-804906.949462527
0.08	7500	-804902.967321835
0.08	7550	-804899.022191626
0.08	7600	-804895.113505219
0.08	7650	-804891.240708171
0.08	7700	-804887.403257939
0.08	7750	-804883.600623552
0.08	7800	-804879.832285293
0.08	7850	-804876.097734373
0.08	7900	-804872.396472661
0.08	7950	-804868.728012385
0.08	8000	-804865.091875846
0.08	8050	-804861.48759515
0.08	8100	-804857.914711978
0.08	8150	-804854.372777289
0.08	8200	-804850.86135109
0.08	8250	-804847.380002235
0.08	8300	-804843.92830815
0.08	8350	-804840.505854642
0.08	8400	-804837.112235674
0.08	8450	-804833.747053137
0.08	8500	-804830.409916707
0.08	8550	-804827.100443577
0.08	8600	-804823.818258337
0.08	8650	-804820.562992729
0.08	8700	-804817.334285523
0.08	8750	-804814.131782311
0.08	8800	-804810.955135356
0.08	8850	-804807.804003418
0.08	8900	-804804.678051608
0.08	8950	-804801.57695123
0.08	9000	-804798.500379642
0.08	9050	-804795.448020085
0.08	9100	-804792.419561598
0.08	9150	-804789.414698807
0.08	9200	-804786.433131862
0.08	9250	-804783.474566277
0.08	9300	-804780.538712803
0.08	9350	-804777.625287319
0.08	9400	-804774.734010717
0.08	9450	-804771.864608784
0.08	9500	-804769.016812065
0.08	9550	-804766.190355812
0.08	9600	-804763.384979828
0.08	9650	-804760.600428386
0.08	9700	-804757.836450135
0.08	9750	-804755.092797986
0.08	9800	-804752.369229028
0.08	9850	-804749.665504471
0.08	9900	-804746.981389465
0.08	9950	-804744.316653131
0.08	10000	-804741.671068381
0.08	10050	-804739.044411882
0.08	10100	-804736.436463968
0.08	10150	-804733.847008565
0.08	10200	-804731.275833118
0.08	10250	-804728.7227285
0.08	10300	-804726.187488947
0.08	10350	-804723.669912019
0.08	10400	-804721.169798468
0.08	10450	-804718.686952241
0.08	10500	-804716.221180363
0.08	10550	-804713.772292904
0.08	10600	-804711.340102901
0.08	10650	-804708.924426306
0.08	10700	-804706.52508193
0.08	10750	-804704.141891379
0.08	10800	-804701.774678994
0.08	10850	-804699.423271812
0.08	10900	-804697.087499499
0.08	10950	-804694.767194311
0.08	11000	-804692.46219102
0.08	11050	-804690.172326893
0.08	11100	-804687.897441637
0.08	11150	-804685.637377319
0.08	11200	-804683.39197838
0.08	11250	-804681.16109154
0.08	11300	-804678.944565784
0.08	11350	-804676.742252283
0.08	11400	-804674.554004403
0.08	11450	-804672.379677619
0.08	11500	-804670.21912951
0.08	11550	-804668.072219689
0.08	11600	-804665.938809779
0.08	11650	-804663.818763406
0.08	11700	-804661.711946084
0.08	11750	-804659.618225268
0.08	11800	-804657.53747027
0.08	11850	-804655.469552223
0.08	11900	-804653.41434408
0.08	11950	-804651.371720534
0.08	12000	-804649.341558042
0.085	50	-811026.731509855
0.085	100	-809643.947531481
0.085	150	-808896.535971834
0.085	200	-808397.811442682
0.085	250	-808029.926907472
0.085	300	-807741.915616743
0.085	350	-807507.32244379
0.085	400	-807310.744735441
0.085	450	-807142.471671176
0.085	500	-806996.010787525
0.085	550	-806866.820734474
0.085	600	-806751.608804388
0.085	650	-806647.916765144
0.085	700	-806553.864235354
0.085	750	-806467.983029682
0.085	800	-806389.106488282
0.085	850	-806316.293343902
0.085	900	-806248.774009101
0.085	950	-806185.911837965
0.085	1000	-806127.174641364
0.085	1050	-806072.113378971
0.085	1100	-806020.345973734
0.085	1150	-805971.544846633
0.085	1200	-805925.427196411
0.085	1250	-805881.747333641
0.085	1300	-805840.290572258
0.085	1350	-805800.868315923
0.085	1400	-805763.314071061
0.085	1450	-805727.480185753
0.085	1500	-805693.235162505
0.085	1550	-805660.461428571
0.085	1600	-805629.053474057
0.085	1650	-805598.916287837
0.085	1700	-805569.964036223
0.085	1750	-805542.118940937
0.085	1800	-805515.31032147
0.085	1850	-805489.473774123
0.085	1900	-805464.550465042
0.085	1950	-805440.48651888
0.085	2000	-805417.232488151
0.085	2050	-805394.742890907
0.085	2100	-805372.975806474
0.085	2150	-805351.892520842
0.085	2200	-805331.457214557
0.085	2250	-805311.636687292
0.085	2300	-805292.400113913
0.085	2350	-805273.718828073
0.085	2400	-805255.566129498
0.085	2450	-805237.917112111
0.085	2500	-805220.74851026
0.085	2550	-805204.0385609
0.085	2600	-805187.766879738
0.085	2650	-805171.914349723
0.085	2700	-805156.4630205
0.085	2750	-805141.396017409
0.085	2800	-805126.697459188
0.085	2850	-805112.352383201
0.085	2900	-805098.346677528
0.085	2950	-805084.667019148
0.085	3000	-805071.300817504
0.085	3050	-805058.236163053
0.085	3100	-805045.461780093
0.085	3150	-805032.966983588
0.085	3200	-805020.741639642
0.085	3250	-805008.776129017
0.085	3300	-804997.061313736
0.085	3350	-804985.588506232
0.085	3400	-804974.349440894
0.085	3450	-804963.336247855
0.085	3500	-804952.541428663
0.085	3550	-804941.957833881
0.085	3600	-804931.578642234
0.085	3650	-804921.397341304
0.085	3700	-804911.407709612
0.085	3750	-804901.603799961
0.085	3800	-804891.979923915
0.085	3850	-804882.530637365
0.085	3900	-804873.250727092
0.085	3950	-804864.135198188
0.085	4000	-804855.179262309
0.085	4050	-804846.378326773
0.085	4100	-804837.727984244
0.085	4150	-804829.224003156
0.085	4200	-804820.862318741
0.085	4250	-804812.639024542
0.085	4300	-804804.550364547
0.085	4350	-804796.592725721
0.085	4400	-804788.762631033
0.085	4450	-804781.056732859
0.085	4500	-804773.471806866
0.085	4550	-804766.00474609
0.085	4600	-804758.652555502
0.085	4650	-804751.412346842
0.085	4700	-804744.281333691
0.085	4750	-804737.256826879
0.085	4800	-804730.336230141
0.085	4850	-804723.517035952
0.085	4900	-804716.796821677
0.085	4950	-804710.173245848
0.085	5000	-804703.644044689
0.085	5050	-804697.207028782
0.085	5100	-804690.86007995
0.085	5150	-804684.601148278
0.085	5200	-804678.428249259
0.085	5250	-804672.339461149
0.085	5300	-804666.33292238
0.085	5350	-804660.406829191
0.085	5400	-804654.559433243
0.085	5450	-804648.789039513
0.085	5500	-804643.094004143
0.085	5550	-804637.472732469
0.085	5600	-804631.923677163
0.085	5650	-804626.445336387
0.085	5700	-804621.036252087
0.085	5750	-804615.695008351
0.085	5800	-804610.420229838
0.085	5850	-804605.210580312
0.085	5900	-804600.064761172
0.085	5950	-804594.981510109
0.085	6000	-804589.959599803
0.085	6050	-804584.997836675
0.085	6100	-804580.095059698
0.085	6150	-804575.250139237
0.085	6200	-804570.46197597
0.085	6250	-804565.729499861
0.085	6300	-804561.051669128
0.085	6350	-804556.427469291
0.085	6400	-804551.855912255
0.085	6450	-804547.336035437
0.085	6500	-804542.866900898
0.085	6550	-804538.447594549
0.085	6600	-804534.077225373
0.085	6650	-804529.754924644
0.085	6700	-804525.479845259
0.085	6750	-804521.25116101
0.085	6800	-804517.068065937
0.085	6850	-804512.929773667
0.085	6900	-804508.835516853
0.085	6950	-804504.784546525
0.085	7000	-804500.776131535
0.085	7050	-804496.80955806
0.085	7100	-804492.884129015
0.085	7150	-804488.999163556
0.085	7200	-804485.153996647
0.085	7250	-804481.347978529
0.085	7300	-804477.580474291
0.085	7350	-804473.850863408
0.085	7400	-804470.158539388
0.085	7450	-804466.5029093
0.085	7500	-804462.883393399
0.085	7550	-804459.299424768
0.085	7600	-804455.750448925
0.085	7650	-804452.235923498
0.085	7700	-804448.755317873
0.085	7750	-804445.308112872
0.085	7800	-804441.89380041
0.085	7850	-804438.511883241
0.085	7900	-804435.161874601
0.085	7950	-804431.843297971
0.085	8000	-804428.555686783
0.085	8050	-804425.298584141
0.085	8100	-804422.071542586
0.085	8150	-804418.874123828
0.085	8200	-804415.705898499
0.085	8250	-804412.566445953
0.085	8300	-804409.455353988
0.085	8350	-804406.372218675
0.085	8400	-804403.31664412
0.085	8450	-804400.288242258
0.085	8500	-804397.286632671
0.085	8550	-804394.311442356
0.085	8600	-804391.362305589
0.085	8650	-804388.438863727
0.085	8700	-804385.540764978
0.085	8750	-804382.667664324
0.085	8800	-804379.81922329
0.085	8850	-804376.99510979
0.085	8900	-804374.19499801
0.085	8950	-804371.418568204
0.085	9000	-804368.665506579
0.085	9050	-804365.935505152
0.085	9100	-804363.228261612
0.085	9150	-804360.543479172
0.085	9200	-804357.880866449
0.085	9250	-804355.240137324
0.085	9300	-804352.621010854
0.085	9350	-804350.023211117
0.085	9400	-804347.446467121
0.085	9450	-804344.890512649
0.085	9500	-804342.355086214
0.085	9550	-804339.839930894
0.085	9600	-804337.344794267
0.085	9650	-804334.869428282
0.085	9700	-804332.413589201
0.085	9750	-804329.977037446
0.085	9800	-804327.559537546
0.085	9850	-804325.160858053
0.085	9900	-804322.780771427
0.085	9950	-804320.419053971
0.085	10000	-804318.07548573
0.085	10050	-804315.749850435
0.085	10100	-804313.441935396
0.085	10150	-804311.151531446
0.085	10200	-804308.87843286
0.085	10250	-804306.622437266
0.085	10300	-804304.383345629
0.085	10350	-804302.160962087
0.085	10400	-804299.955093982
0.085	10450	-804297.765551739
0.085	10500	-804295.592148809
0.085	10550	-804293.43470161
0.085	10600	-804291.293029486
0.085	10650	-804289.166954613
0.085	10700	-804287.05630197
0.085	10750	-804284.960899253
0.085	10800	-804282.880576856
0.085	10850	-804280.815167798
0.085	10900	-804278.764507659
0.085	10950	-804276.728434558
0.085	11000	-804274.70678909
0.085	11050	-804272.69941425
0.085	11100	-804270.706155432
0.085	11150	-804268.726860359
0.085	11200	-804266.761379029
0.085	11250	-804264.809563692
0.085	11300	-804262.871268797
0.085	11350	-804260.946350947
0.085	11400	-804259.034668858
0.085	11450	-804257.136083329
0.085	11500	-804255.250457186
0.085	11550	-804253.377655267
0.085	11600	-804251.517544341
0.085	11650	-804249.669993148
0.085	11700	-804247.834872272
0.085	11750	-804246.012054176
0.085	11800	-804244.201413131
0.085	11850	-804242.402825204
0.085	11900	-804240.616168205
0.085	11950	-804238.84132167
0.085	12000	-804237.078166833
0.09	50	-810642.577288762
0.09	100	-809217.575390744
0.09	150	-808451.419766905
0.09	200	-807942.184157094
0.09	250	-807567.76110055
0.09	300	-807275.458477699
0.09	350	-807037.97450284
0.09	400	-806839.437911219
0.09	450	-806669.856001834
0.09	500	-806522.556051181
0.09	550	-806392.875890056
0.09	600	-806277.438761668
0.09	650	-806173.726171524
0.09	700	-806079.813437725
0.09	750	-805994.1991177
0.09	800	-805915.691134894
0.09	850	-805843.328496902
0.09	900	-805776.326102978
0.09	950	-805714.03496364
0.09	1000	-805655.91296735
0.09	1050	-805601.503025389
0.09	1100	-805550.416479874
0.09	1150	-805502.320332553
0.09	1200	-805456.927291202
0.09	1250	-805413.987923616
0.09	1300	-805373.284408804
0.09	1350	-805334.625512919
0.09	1400	-805297.842514588
0.09	1450	-805262.785873616
0.09	1500	-805229.322487134
0.09	1550	-805197.333413983
0.09	1600	-805166.711975289
0.09	1650	-805137.362159488
0.09	1700	-805109.19727545
0.09	1750	-805082.138809319
0.09	1800	-805056.1154491
0.09	1850	-805031.06224894
0.09	1900	-805006.919909549
0.09	1950	-804983.634156392
0.09	2000	-804961.155200041
0.09	2050	-804939.437266171
0.09	2100	-804918.438184786
0.09	2150	-804898.119030032
0.09	2200	-804878.443803252
0.09	2250	-804859.379153387
0.09	2300	-804840.894129514
0.09	2350	-804822.959961243
0.09	2400	-804805.54986339
0.09	2450	-804788.638861675
0.09	2500	-804772.203636951
0.09	2550	-804756.22238555
0.09	2600	-804740.6746939
0.09	2650	-804725.541425613
0.09	2700	-804710.804619711
0.09	2750	-804696.447398604
0.09	2800	-804682.453884824
0.09	2850	-804668.809125406
0.09	2900	-804655.499023311
0.09	2950	-804642.510274892
0.09	3000	-804629.830312945
0.09	3050	-804617.447254671
0.09	3100	-804605.349854138
0.09	3150	-804593.527458682
0.09	3200	-804581.969968975
0.09	3250	-804570.667802303
0.09	3300	-804559.61185883
0.09	3350	-804548.793490512
0.09	3400	-804538.204472459
0.09	3450	-804527.836976449
0.09	3500	-804517.683546514
0.09	3550	-804507.737076296
0.09	3600	-804497.990788108
0.09	3650	-804488.438213501
0.09	3700	-804479.073175211
0.09	3750	-804469.889770428
0.09	3800	-804460.882355167
0.09	3850	-804452.045529792
0.09	3900	-804443.374125452
0.09	3950	-804434.863191495
0.09	4000	-804426.507983666
0.09	4050	-804418.303953098
0.09	4100	-804410.246736025
0.09	4150	-804402.332144149
0.09	4200	-804394.556155595
0.09	4250	-804386.914906462
0.09	4300	-804379.404682873
0.09	4350	-804372.021913538
0.09	4400	-804364.763162717
0.09	4450	-804357.625123669
0.09	4500	-804350.604612404
0.09	4550	-804343.69856193
0.09	4600	-804336.904016645
0.09	4650	-804330.218127243
0.09	4700	-804323.63814578
0.09	4750	-804317.161421066
0.09	4800	-804310.785394292
0.09	4850	-804304.507594933
0.09	4900	-804298.325636809
0.09	4950	-804292.237214446
0.09	5000	-804286.240099537
0.09	5050	-804280.332137649
0.09	5100	-804274.511245108
0.09	5150	-804268.775405972
0.09	5200	-804263.122669266
0.09	5250	-804257.551146263
0.09	5300	-804252.059007969
0.09	5350	-804246.644482657
0.09	5400	-804241.305853632
0.09	5450	-804236.041456981
0.09	5500	-804230.849679545
0.09	5550	-804225.728956898
0.09	5600	-804220.677771492
0.09	5650	-804215.694650817
0.09	5700	-804210.778165734
0.09	5750	-804205.9269288
0.09	5800	-804201.139592754
0.09	5850	-804196.414848964
0.09	5900	-804191.751426067
0.09	5950	-804187.148088578
0.09	6000	-804182.603635594
0.09	6050	-804178.11689956
0.09	6100	-804173.686745106
0.09	6150	-804169.312067836
0.09	6200	-804164.991793354
0.09	6250	-804160.724876118
0.09	6300	-804156.510298507
0.09	6350	-804152.347069854
0.09	6400	-804148.234225506
0.09	6450	-804144.170825992
0.09	6500	-804140.15595616
0.09	6550	-804136.188724331
0.09	6600	-804132.26826161
0.09	6650	-804128.393721072
0.09	6700	-804124.564277074
0.09	6750	-804120.779124574
0.09	6800	-804117.037478471
0.09	6850	-804113.338572942
0.09	6900	-804109.681660913
0.09	6950	-804106.066013365
0.09	7000	-804102.490918871
0.09	7050	-804098.955682987
0.09	7100	-804095.45962776
0.09	7150	-804092.002091239
0.09	7200	-804088.582426945
0.09	7250	-804085.200003477
0.09	7300	-804081.854203993
0.09	7350	-804078.544425806
0.09	7400	-804075.270079992
0.09	7450	-804072.030590958
0.09	7500	-804068.825396057
0.09	7550	-804065.653945219
0.09	7600	-804062.515700616
0.09	7650	-804059.410136258
0.09	7700	-804056.336737721
0.09	7750	-804053.295001777
0.09	7800	-804050.284436093
0.09	7850	-804047.304558958
0.09	7900	-804044.354898922
0.09	7950	-804041.434994586
0.09	8000	-804038.544394312
0.09	8050	-804035.682655901
0.09	8100	-804032.849346438
0.09	8150	-804030.04404195
0.09	8200	-804027.266327235
0.09	8250	-804024.515795586
0.09	8300	-804021.792048589
0.09	8350	-804019.094695921
0.09	8400	-804016.423355103
0.09	8450	-804013.777651326
0.09	8500	-804011.157217239
0.09	8550	-804008.561692771
0.09	8600	-804005.990724942
0.09	8650	-804003.443967678
0.09	8700	-804000.921081648
0.09	8750	-803998.421734077
0.09	8800	-803995.945598622
0.09	8850	-803993.492355163
0.09	8900	-803991.061689698
0.09	8950	-803988.65329415
0.09	9000	-803986.266866257
0.09	9050	-803983.902109429
0.09	9100	-803981.558732585
0.09	9150	-803979.236450054
0.09	9200	-803976.934981412
0.09	9250	-803974.654051399
0.09	9300	-803972.393389773
0.09	9350	-803970.152731186
0.09	9400	-803967.931815096
0.09	9450	-803965.730385628
0.09	9500	-803963.548191483
0.09	9550	-803961.384985837
0.09	9600	-803959.240526228
0.09	9650	-803957.114574455
0.09	9700	-803955.006896492
0.09	9750	-803952.917262404
0.09	9800	-803950.84544622
0.09	9850	-803948.791225885
0.09	9900	-803946.75438314
0.09	9950	-803944.734703484
0.09	10000	-803942.731976032
0.09	10050	-803940.745993474
0.09	10100	-803938.776552003
0.09	10150	-803936.823451217
0.09	10200	-803934.886494056
0.09	10250	-803932.96548674
0.09	10300	-803931.060238677
0.09	10350	-803929.170562418
0.09	10400	-803927.296273578
0.09	10450	-803925.43719078
0.09	10500	-803923.593135577
0.09	10550	-803921.763932415
0.09	10600	-803919.949408552
0.09	10650	-803918.14939401
0.09	10700	-803916.363721523
0.09	10750	-803914.592226467
0.09	10800	-803912.834746824
0.09	10850	-803911.091123103
0.09	10900	-803909.36119834
0.09	10950	-803907.644817977
0.09	11000	-803905.941829877
0.09	11050	-803904.252084241
0.09	11100	-803902.575433564
0.09	11150	-803900.911732614
0.09	11200	-803899.260838365
0.09	11250	-803897.622609957
0.09	11300	-803895.996908645
0.09	11350	-803894.383597797
0.09	11400	-803892.782542799
0.09	11450	-803891.193611066
0.09	11500	-803889.61667197
0.09	11550	-803888.051596818
0.09	11600	-803886.498258798
0.09	11650	-803884.95653298
0.09	11700	-803883.426296234
0.09	11750	-803881.907427247
0.09	11800	-803880.399806434
0.09	11850	-803878.903315956
0.09	11900	-803877.417839656
0.09	11950	-803875.943263034
0.09	12000	-803874.479473235
0.095	50	-810269.360226567
0.095	100	-808806.10304438
0.095	150	-808023.711140115
0.095	200	-807505.810066432
0.095	250	-807126.311961159
0.095	300	-806830.931871924
0.095	350	-806591.594826786
0.095	400	-806392.006012601
0.095	450	-806221.920513494
0.095	500	-806074.505928325
0.095	550	-805944.994140644
0.095	600	-805829.935443961
0.095	650	-805726.759587295
0.095	700	-805633.504251676
0.095	750	-805548.640055508
0.095	800	-805470.953818407
0.095	850	-805399.468369151
0.095	900	-805333.386045252
0.095	950	-805272.047996679
0.095	1000	-805214.904298277
0.095	1050	-805161.491619159
0.095	1100	-805111.416279703
0.095	1150	-805064.341217519
0.095	1200	-805019.975834643
0.095	1250	-804978.067998802
0.095	1300	-804938.397676251
0.095	1350	-804900.771815188
0.095	1400	-804865.020198076
0.095	1450	-804830.992052305
0.095	1500	-804798.553259915
0.095	1550	-804767.584044452
0.095	1600	-804737.977041182
0.095	1650	-804709.6356773
0.095	1700	-804682.472804771
0.095	1750	-804656.409540274
0.095	1800	-804631.374276051
0.095	1850	-804607.301832553
0.095	1900	-804584.132729263
0.095	1950	-804561.812554779
0.095	2000	-804540.291420397
0.095	2050	-804519.523484391
0.095	2100	-804499.466536392
0.095	2150	-804480.081633062
0.095	2200	-804461.332777692
0.095	2250	-804443.186637616
0.095	2300	-804425.612294182
0.095	2350	-804408.581021037
0.095	2400	-804392.066086865
0.095	2450	-804376.042579537
0.095	2500	-804360.487248941
0.095	2550	-804345.378366142
0.095	2600	-804330.695597003
0.095	2650	-804316.419888376
0.095	2700	-804302.533365576
0.095	2750	-804289.019239712
0.095	2800	-804275.861723835
0.095	2850	-804263.045956882
0.095	2900	-804250.557934635
0.095	2950	-804238.384446834
0.095	3000	-804226.513019935
0.095	3050	-804214.931864797
0.095	3100	-804203.629828902
0.095	3150	-804192.596352574
0.095	3200	-804181.821428892
0.095	3250	-804171.295566798
0.095	3300	-804161.009757264
0.095	3350	-804150.955442079
0.095	3400	-804141.124485147
0.095	3450	-804131.509145943
0.095	3500	-804122.102055004
0.095	3550	-804112.896191276
0.095	3600	-804103.884861107
0.095	3650	-804095.061678794
0.095	3700	-804086.420548551
0.095	3750	-804077.955647674
0.095	3800	-804069.661410997
0.095	3850	-804061.532516348
0.095	3900	-804053.563871023
0.095	3950	-804045.750599165
0.095	4000	-804038.08803
0.095	4050	-804030.571686822
0.095	4100	-804023.197276741
0.095	4150	-804015.960681008
0.095	4200	-804008.857946055
0.095	4250	-804001.885275006
0.095	4300	-803995.039019777
0.095	4350	-803988.315673633
0.095	4400	-803981.711864194
0.095	4450	-803975.224346885
0.095	4500	-803968.849998738
0.095	4550	-803962.585812592
0.095	4600	-803956.428891585
0.095	4650	-803950.376444046
0.095	4700	-803944.425778573
0.095	4750	-803938.574299446
0.095	4800	-803932.81950232
0.095	4850	-803927.158970051
0.095	4900	-803921.590368916
0.095	4950	-803916.111444856
0.095	5000	-803910.720020055
0.095	5050	-803905.41398962
0.095	5100	-803900.19131848
0.095	5150	-803895.050038437
0.095	5200	-803889.988245347
0.095	5250	-803885.004096461
0.095	5300	-803880.095807912
0.095	5350	-803875.261652308
0.095	5400	-803870.499956435
0.095	5450	-803865.8090991
0.095	5500	-803861.187509092
0.095	5550	-803856.633663158
0.095	5600	-803852.146084199
0.095	5650	-803847.723339439
0.095	5700	-803843.36403875
0.095	5750	-803839.06683302
0.095	5800	-803834.830412614
0.095	5850	-803830.653505915
0.095	5900	-803826.534877886
0.095	5950	-803822.473328744
0.095	6000	-803818.467692689
0.095	6050	-803814.516836635
0.095	6100	-803810.619659096
0.095	6150	-803806.775089005
0.095	6200	-803802.98208468
0.095	6250	-803799.239632779
0.095	6300	-803795.546747324
0.095	6350	-803791.902468751
0.095	6400	-803788.305863017
0.095	6450	-803784.756020706
0.095	6500	-803781.252056258
0.095	6550	-803777.793107096
0.095	6600	-803774.378332937
0.095	6650	-803771.006915009
0.095	6700	-803767.678055353
0.095	6750	-803764.390976184
0.095	6800	-803761.144919183
0.095	6850	-803757.939144942
0.095	6900	-803754.772932311
0.095	6950	-803751.645577821
0.095	7000	-803748.556395194
0.095	7050	-803745.50471471
0.095	7100	-803742.489882799
0.095	7150	-803739.511261475
0.095	7200	-803736.568227872
0.095	7250	-803733.66017382
0.095	7300	-803730.786505367
0.095	7350	-803727.946642366
0.095	7400	-803725.140018089
0.095	7450	-803722.366078784
0.095	7500	-803719.624283353
0.095	7550	-803716.914102925
0.095	7600	-803714.235020549
0.095	7650	-803711.586530831
0.095	7700	-803708.968139608
0.095	7750	-803706.379363636
0.095	7800	-803703.819730271
0.095	7850	-803701.288777184
0.095	7900	-803698.786052049
0.095	7950	-803696.311112316
0.095	8000	-803693.86352489
0.095	8050	-803691.442865911
0.095	8100	-803689.048720484
0.095	8150	-803686.680682428
0.095	8200	-803684.338354073
0.095	8250	-803682.021346005
0.095	8300	-803679.729276868
0.095	8350	-803677.461773134
0.095	8400	-803675.218468907
0.095	8450	-803672.999005727
0.095	8500	-803670.803032382
0.095	8550	-803668.630204687
0.095	8600	-803666.480185369
0.095	8650	-803664.352643814
0.095	8700	-803662.247255956
0.095	8750	-803660.163704108
0.095	8800	-803658.101676757
0.095	8850	-803656.060868471
0.095	8900	-803654.040979699
0.095	8950	-803652.041716659
0.095	9000	-803650.062791171
0.095	9050	-803648.103920547
0.095	9100	-803646.164827445
0.095	9150	-803644.245239728
0.095	9200	-803642.344890358
0.095	9250	-803640.463517274
0.095	9300	-803638.600863263
0.095	9350	-803636.756675842
0.095	9400	-803634.930707179
0.095	9450	-803633.122713941
0.095	9500	-803631.33245721
0.095	9550	-803629.559702397
0.095	9600	-803627.804219115
0.095	9650	-803626.065781095
0.095	9700	-803624.344166089
0.095	9750	-803622.639155798
0.095	9800	-803620.950535746
0.095	9850	-803619.278095226
0.095	9900	-803617.621627203
0.095	9950	-803615.980928241
0.095	10000	-803614.355798409
0.095	10050	-803612.746041214
0.095	10100	-803611.151463526
0.095	10150	-803609.57187551
0.095	10200	-803608.007090527
0.095	10250	-803606.456925107
0.095	10300	-803604.921198855
0.095	10350	-803603.399734386
0.095	10400	-803601.892357259
0.095	10450	-803600.398895934
0.095	10500	-803598.919181692
0.095	10550	-803597.453048585
0.095	10600	-803596.000333366
0.095	10650	-803594.560875449
0.095	10700	-803593.13451685
0.095	10750	-803591.721102126
0.095	10800	-803590.320478323
0.095	10850	-803588.932494937
0.095	10900	-803587.557003863
0.095	10950	-803586.193859307
0.095	11000	-803584.842917823
0.095	11050	-803583.50403818
0.095	11100	-803582.177081364
0.095	11150	-803580.861910523
0.095	11200	-803579.558390925
0.095	11250	-803578.266389919
0.095	11300	-803576.985776899
0.095	11350	-803575.71642323
0.095	11400	-803574.458202263
0.095	11450	-803573.210989256
0.095	11500	-803571.974661363
0.095	11550	-803570.749097571
0.095	11600	-803569.534178697
0.095	11650	-803568.329787309
0.095	11700	-803567.135807747
0.095	11750	-803565.95212605
0.095	11800	-803564.778629941
0.095	11850	-803563.615208788
0.095	11900	-803562.461753566
0.095	11950	-803561.318156863
0.095	12000	-803560.18431281
0.1	50	-809906.96711131
0.1	100	-808409.36332109
0.1	150	-807613.202182063
0.1	200	-807088.447598713
0.1	250	-806705.308824788
0.1	300	-806408.0393012
0.1	350	-806167.863555468
0.1	400	-805968.107773213
0.1	450	-805798.304129706
0.1	500	-805651.480865883
0.1	550	-805522.778591489
0.1	600	-805408.685595397
0.1	650	-805306.588253113
0.1	700	-805214.493172404
0.1	750	-805130.848268686
0.1	800	-805054.423502028
0.1	850	-804984.229010685
0.1	900	-804919.457472472
0.1	950	-804859.442617039
0.1	1000	-804803.628777245
0.1	1050	-804751.548153795
0.1	1100	-804702.803575716
0.1	1150	-804657.055246172
0.1	1200	-804614.010424075
0.1	1250	-804573.415299468
0.1	1300	-804535.0485298
0.1	1350	-804498.71604837
0.1	1400	-804464.246858147
0.1	1450	-804431.489596429
0.1	1500	-804400.309707951
0.1	1550	-804370.587102744
0.1	1600	-804342.214202891
0.1	1650	-804315.09430396
0.1	1700	-804289.140192563
0.1	1750	-804264.272973914
0.1	1800	-804240.421072544
0.1	1850	-804217.519376605
0.1	1900	-804195.508501927
0.1	1950	-804174.334156433
0.1	2000	-804153.946589089
0.1	2050	-804134.300110352
0.1	2100	-804115.352673338
0.1	2150	-804097.065506879
0.1	2200	-804079.40279292
0.1	2250	-804062.331382061
0.1	2300	-804045.820542123
0.1	2350	-804029.841735045
0.1	2400	-804014.368418674
0.1	2450	-803999.375870026
0.1	2500	-803984.84102738
0.1	2550	-803970.742348904
0.1	2600	-803957.059685748
0.1	2650	-803943.774167876
0.1	2700	-803930.868101232
0.1	2750	-803918.324874807
0.1	2800	-803906.128876579
0.1	2850	-803894.265417353
0.1	2900	-803882.720661554
0.1	2950	-803871.481564301
0.1	3000	-803860.535814083
0.1	3050	-803849.871780433
0.1	3100	-803839.478466135
0.1	3150	-803829.345463452
0.1	3200	-803819.462914023
0.1	3250	-803809.82147202
0.1	3300	-803800.412270382
0.1	3350	-803791.226889606
0.1	3400	-803782.257329103
0.1	3450	-803773.495980715
0.1	3500	-803764.935604254
0.1	3550	-803756.569304933
0.1	3600	-803748.390512396
0.1	3650	-803740.392961354
0.1	3700	-803732.570673589
0.1	3750	-803724.917941223
0.1	3800	-803717.429311205
0.1	3850	-803710.099570858
0.1	3900	-803702.923734394
0.1	3950	-803695.897030393
0.1	4000	-803689.014890074
0.1	4050	-803682.272936368
0.1	4100	-803675.666973675
0.1	4150	-803669.192978351
0.1	4200	-803662.847089696
0.1	4250	-803656.625601592
0.1	4300	-803650.52495465
0.1	4350	-803644.541728811
0.1	4400	-803638.67263642
0.1	4450	-803632.914515699
0.1	4500	-803627.264324657
0.1	4550	-803621.71913527
0.1	4600	-803616.276128109
0.1	4650	-803610.932587182
0.1	4700	-803605.685895121
0.1	4750	-803600.533528649
0.1	4800	-803595.473054258
0.1	4850	-803590.502124147
0.1	4900	-803585.618472437
0.1	4950	-803580.819911455
0.1	5000	-803576.104328372
0.1	5050	-803571.469681926
0.1	5100	-803566.913999337
0.1	5150	-803562.435373391
0.1	5200	-803558.031959666
0.1	5250	-803553.701973931
0.1	5300	-803549.443689605
0.1	5350	-803545.255435432
0.1	5400	-803541.135593205
0.1	5450	-803537.082595641
0.1	5500	-803533.094924327
0.1	5550	-803529.171107803
0.1	5600	-803525.309719703
0.1	5650	-803521.509377016
0.1	5700	-803517.768738389
0.1	5750	-803514.086502553
0.1	5800	-803510.461406802
0.1	5850	-803506.892225516
0.1	5900	-803503.37776881
0.1	5950	-803499.916881184
0.1	6000	-803496.508440294
0.1	6050	-803493.151355701
0.1	6100	-803489.844567749
0.1	6150	-803486.587046463
0.1	6200	-803483.377790469
0.1	6250	-803480.21582602
0.1	6300	-803477.100205985
0.1	6350	-803474.030008974
0.1	6400	-803471.004338407
0.1	6450	-803468.022321703
0.1	6500	-803465.083109427
0.1	6550	-803462.185874547
0.1	6600	-803459.32981164
0.1	6650	-803456.514136245
0.1	6700	-803453.738084094
0.1	6750	-803451.000910495
0.1	6800	-803448.301889695
0.1	6850	-803445.640314245
0.1	6900	-803443.015494446
0.1	6950	-803440.426757767
0.1	7000	-803437.873448288
0.1	7050	-803435.354926222
0.1	7100	-803432.870567366
0.1	7150	-803430.419762639
0.1	7200	-803428.001917626
0.1	7250	-803425.616452117
0.1	7300	-803423.262799682
0.1	7350	-803420.940407254
0.1	7400	-803418.648734734
0.1	7450	-803416.387254593
0.1	7500	-803414.155451517
0.1	7550	-803411.952822036
0.1	7600	-803409.778874203
0.1	7650	-803407.633127205
0.1	7700	-803405.515111114
0.1	7750	-803403.424366519
0.1	7800	-803401.360444255
0.1	7850	-803399.322905104
0.1	7900	-803397.311319533
0.1	7950	-803395.325267403
0.1	8000	-803393.364337699
0.1	8050	-803391.428128309
0.1	8100	-803389.516245777
0.1	8150	-803387.628305033
0.1	8200	-803385.763929199
0.1	8250	-803383.922749378
0.1	8300	-803382.104404387
0.1	8350	-803380.308540603
0.1	8400	-803378.534811754
0.1	8450	-803376.782878703
0.1	8500	-803375.052409282
0.1	8550	-803373.343078113
0.1	8600	-803371.654566419
0.1	8650	-803369.986561856
0.1	8700	-803368.338758346
0.1	8750	-803366.710855945
0.1	8800	-803365.102560664
0.1	8850	-803363.513584307
0.1	8900	-803361.943644342
0.1	8950	-803360.392463784
0.1	9000	-803358.85977101
0.1	9050	-803357.345299653
0.1	9100	-803355.848788494
0.1	9150	-803354.369981295
0.1	9200	-803352.908626691
0.1	9250	-803351.464478092
0.1	9300	-803350.037293549
0.1	9350	-803348.62683567
0.1	9400	-803347.232871454
0.1	9450	-803345.855172265
0.1	9500	-803344.493513667
0.1	9550	-803343.147675351
0.1	9600	-803341.817441045
0.1	9650	-803340.502598413
0.1	9700	-803339.202938953
0.1	9750	-803337.918257932
0.1	9800	-803336.648354289
0.1	9850	-803335.393030538
0.1	9900	-803334.152092722
0.1	9950	-803332.925350296
0.1	10000	-803331.712616077
0.1	10050	-803330.513706159
0.1	10100	-803329.32843983
0.1	10150	-803328.156639534
0.1	10200	-803326.998130759
0.1	10250	-803325.852742014
0.1	10300	-803324.720304723
0.1	10350	-803323.600653198
0.1	10400	-803322.493624543
0.1	10450	-803321.39905863
0.1	10500	-803320.316798006
0.1	10550	-803319.246687863
0.1	10600	-803318.188575966
0.1	10650	-803317.142312597
0.1	10700	-803316.10775052
0.1	10750	-803315.084744916
0.1	10800	-803314.073153329
0.1	10850	-803313.072835638
0.1	10900	-803312.083653984
0.1	10950	-803311.105472726
0.1	11000	-803310.13815843
0.1	11050	-803309.18157977
0.1	11100	-803308.235607528
0.1	11150	-803307.300114549
0.1	11200	-803306.374975666
0.1	11250	-803305.460067689
0.1	11300	-803304.55526938
0.1	11350	-803303.660461359
0.1	11400	-803302.775526138
0.1	11450	-803301.90034802
0.1	11500	-803301.034813097
0.1	11550	-803300.178809244
0.1	11600	-803299.332225996
0.1	11650	-803298.494954619
0.1	11700	-803297.666888002
0.1	11750	-803296.847920662
0.1	11800	-803296.037948703
0.1	11850	-803295.236869785
0.1	11900	-803294.444583109
0.1	11950	-803293.660989348
0.1	12000	-803292.88599068
0.105	50	-809555.287932773
0.105	100	-808027.193419041
0.105	150	-807219.690365933
0.105	200	-806689.861477711
0.105	250	-806304.48816112
0.105	300	-806006.492180442
0.105	350	-805766.469471669
0.105	400	-805567.411258059
0.105	450	-805398.655757988
0.105	500	-805253.11191625
0.105	550	-805125.843547294
0.105	600	-805013.287728935
0.105	650	-804912.795725813
0.105	700	-804822.34953859
0.105	750	-804740.379535473
0.105	800	-804665.642994105
0.105	850	-804597.140793852
0.105	900	-804534.058806457
0.105	950	-804475.725739771
0.105	1000	-804421.582220104
0.105	1050	-804371.157721731
0.105	1100	-804324.053084833
0.105	1150	-804279.927083023
0.105	1200	-804238.485972638
0.105	1250	-804199.475268757
0.105	1300	-804162.673206143
0.105	1350	-804127.885490226
0.105	1400	-804094.941046658
0.105	1450	-804063.688551663
0.105	1500	-804033.993578479
0.105	1550	-804005.736234266
0.105	1600	-803978.809190481
0.105	1650	-803953.116031309
0.105	1700	-803928.569860992
0.105	1750	-803905.092123271
0.105	1800	-803882.6115956
0.105	1850	-803861.063528387
0.105	1900	-803840.388904964
0.105	1950	-803820.533802808
0.105	2000	-803801.448839924
0.105	2050	-803783.088693295
0.105	2100	-803765.411678525
0.105	2150	-803748.379381657
0.105	2200	-803731.956335648
0.105	2250	-803716.109735252
0.105	2300	-803700.809185014
0.105	2350	-803686.026475891
0.105	2400	-803671.735386738
0.105	2450	-803657.911507457
0.105	2500	-803644.532081038
0.105	2550	-803631.57586219
0.105	2600	-803619.022990452
0.105	2650	-803606.854876168
0.105	2700	-803595.054097734
0.105	2750	-803583.604308811
0.105	2800	-803572.490154483
0.105	2850	-803561.697195212
0.105	2900	-803551.211837848
0.105	2950	-803541.021272887
0.105	3000	-803531.113417371
0.105	3050	-803521.47686274
0.105	3100	-803512.100827212
0.105	3150	-803502.97511228
0.105	3200	-803494.090062732
0.105	3250	-803485.436530076
0.105	3300	-803477.00583888
0.105	3350	-803468.789755823
0.105	3400	-803460.780461189
0.105	3450	-803452.970522575
0.105	3500	-803445.352870611
0.105	3550	-803437.920776538
0.105	3600	-803430.667831419
0.105	3650	-803423.58792691
0.105	3700	-803416.675237415
0.105	3750	-803409.924203539
0.105	3800	-803403.329516671
0.105	3850	-803396.886104673
0.105	3900	-803390.589118559
0.105	3950	-803384.433920066
0.105	4000	-803378.416070053
0.105	4050	-803372.531317703
0.105	4100	-803366.77559039
0.105	4150	-803361.144984239
0.105	4200	-803355.635755294
0.105	4250	-803350.244311189
0.105	4300	-803344.967203406
0.105	4350	-803339.801119989
0.105	4400	-803334.742878699
0.105	4450	-803329.789420566
0.105	4500	-803324.937803875
0.105	4550	-803320.185198466
0.105	4600	-803315.528880379
0.105	4650	-803310.966226817
0.105	4700	-803306.494711395
0.105	4750	-803302.111899662
0.105	4800	-803297.815444843
0.105	4850	-803293.603083886
0.105	4900	-803289.472633652
0.105	4950	-803285.421987357
0.105	5000	-803281.449111184
0.105	5050	-803277.552041115
0.105	5100	-803273.728879883
0.105	5150	-803269.977794088
0.105	5200	-803266.297011517
0.105	5250	-803262.684818518
0.105	5300	-803259.139557605
0.105	5350	-803255.659625078
0.105	5400	-803252.243468848
0.105	5450	-803248.889586342
0.105	5500	-803245.596522482
0.105	5550	-803242.362867804
0.105	5600	-803239.187256663
0.105	5650	-803236.06836548
0.105	5700	-803233.004911127
0.105	5750	-803229.995649363
0.105	5800	-803227.039373348
0.105	5850	-803224.134912209
0.105	5900	-803221.281129694
0.105	5950	-803218.476922884
0.105	6000	-803215.721220957
0.105	6050	-803213.012984
0.105	6100	-803210.351201894
0.105	6150	-803207.734893223
0.105	6200	-803205.163104262
0.105	6250	-803202.634907972
0.105	6300	-803200.149403064
0.105	6350	-803197.705713114
0.105	6400	-803195.302985665
0.105	6450	-803192.940391425
0.105	6500	-803190.617123465
0.105	6550	-803188.332396461
0.105	6600	-803186.085445953
0.105	6650	-803183.875527653
0.105	6700	-803181.701916793
0.105	6750	-803179.563907438
0.105	6800	-803177.460811908
0.105	6850	-803175.391960157
0.105	6900	-803173.356699219
0.105	6950	-803171.354392661
0.105	7000	-803169.384420029
0.105	7050	-803167.446176379
0.105	7100	-803165.539071739
0.105	7150	-803163.66253073
0.105	7200	-803161.815992001
0.105	7250	-803159.99890787
0.105	7300	-803158.210743901
0.105	7350	-803156.450978465
0.105	7400	-803154.719102377
0.105	7450	-803153.014618544
0.105	7500	-803151.337041535
0.105	7550	-803149.685897334
0.105	7600	-803148.060722915
0.105	7650	-803146.461065943
0.105	7700	-803144.886484513
0.105	7750	-803143.336546785
0.105	7800	-803141.810830734
0.105	7850	-803140.308923837
0.105	7900	-803138.830422847
0.105	7950	-803137.374933481
0.105	8000	-803135.942070217
0.105	8050	-803134.53145601
0.105	8100	-803133.142722084
0.105	8150	-803131.775507699
0.105	8200	-803130.429459907
0.105	8250	-803129.104233381
0.105	8300	-803127.799490175
0.105	8350	-803126.514899547
0.105	8400	-803125.250137746
0.105	8450	-803124.00488784
0.105	8500	-803122.778839544
0.105	8550	-803121.571689017
0.105	8600	-803120.383138725
0.105	8650	-803119.212897245
0.105	8700	-803118.06067914
0.105	8750	-803116.926204795
0.105	8800	-803115.809200242
0.105	8850	-803114.709397044
0.105	8900	-803113.626532152
0.105	8950	-803112.560347771
0.105	9000	-803111.510591206
0.105	9050	-803110.47701477
0.105	9100	-803109.459375623
0.105	9150	-803108.4574357
0.105	9200	-803107.470961525
0.105	9250	-803106.499724171
0.105	9300	-803105.54349911
0.105	9350	-803104.602066109
0.105	9400	-803103.675209141
0.105	9450	-803102.762716264
0.105	9500	-803101.864379546
0.105	9550	-803100.97999497
0.105	9600	-803100.109362308
0.105	9650	-803099.252285078
0.105	9700	-803098.408570414
0.105	9750	-803097.578029032
0.105	9800	-803096.76047509
0.105	9850	-803095.955726158
0.105	9900	-803095.163603112
0.105	9950	-803094.38393007
0.105	10000	-803093.616534306
0.105	10050	-803092.861246199
0.105	10100	-803092.117899145
0.105	10150	-803091.386329508
0.105	10200	-803090.666376535
0.105	10250	-803089.957882292
0.105	10300	-803089.260691633
0.105	10350	-803088.574652102
0.105	10400	-803087.899613893
0.105	10450	-803087.235429787
0.105	10500	-803086.581955093
0.105	10550	-803085.939047615
0.105	10600	-803085.306567568
0.105	10650	-803084.684377536
0.105	10700	-803084.072342437
0.105	10750	-803083.47032946
0.105	10800	-803082.878208029
0.105	10850	-803082.295849733
0.105	10900	-803081.723128298
0.105	10950	-803081.159919547
0.105	11000	-803080.606101354
0.105	11050	-803080.061553581
0.105	11100	-803079.526158067
0.105	11150	-803078.999798569
0.105	11200	-803078.482360735
0.105	11250	-803077.973732052
0.105	11300	-803077.473801825
0.105	11350	-803076.982461118
0.105	11400	-803076.499602746
0.105	11450	-803076.025121227
0.105	11500	-803075.558912731
0.105	11550	-803075.100875097
0.105	11600	-803074.650907728
0.105	11650	-803074.208911632
0.105	11700	-803073.774789353
0.105	11750	-803073.34844493
0.105	11800	-803072.929783906
0.105	11850	-803072.51871328
0.105	11900	-803072.115141443
0.105	11950	-803071.718978225
0.105	12000	-803071.330134817
0.11	50	-809214.215710896
0.11	100	-807659.434698418
0.11	150	-806842.978309953
0.11	200	-806309.822458495
0.11	250	-805923.593284584
0.11	300	-805626.009524763
0.11	350	-805387.109665971
0.11	400	-805189.593506997
0.11	450	-805022.633913045
0.11	500	-804879.040340874
0.11	550	-804753.814096796
0.11	600	-804643.351692692
0.11	650	-804544.977426933
0.11	700	-804456.655063758
0.11	750	-804376.802501278
0.11	800	-804304.168446279
0.11	850	-804237.747895497
0.11	900	-804176.722720881
0.11	950	-804120.418966402
0.11	1000	-804068.275551776
0.11	1050	-804019.820936019
0.11	1100	-803974.65544569
0.11	1150	-803932.437705665
0.11	1200	-803892.874088771
0.11	1250	-803855.710418566
0.11	1300	-803820.725376023
0.11	1350	-803787.725210123
0.11	1400	-803756.539457211
0.11	1450	-803727.017448618
0.11	1500	-803699.025440123
0.11	1550	-803672.444235974
0.11	1600	-803647.167209666
0.11	1650	-803623.098645172
0.11	1700	-803600.152338988
0.11	1750	-803578.250415563
0.11	1800	-803557.322318797
0.11	1850	-803537.303949197
0.11	1900	-803518.136922593
0.11	1950	-803499.767930395
0.11	2000	-803482.148185635
0.11	2050	-803465.232941112
0.11	2100	-803448.981069169
0.11	2150	-803433.35469363
0.11	2200	-803418.318866677
0.11	2250	-803403.841284084
0.11	2300	-803389.89203376
0.11	2350	-803376.443372807
0.11	2400	-803363.469529663
0.11	2450	-803350.946527728
0.11	2500	-803338.852028049
0.11	2550	-803327.165188475
0.11	2600	-803315.866537407
0.11	2650	-803304.937860237
0.11	2700	-803294.36209725
0.11	2750	-803284.123251314
0.11	2800	-803274.206304548
0.11	2850	-803264.597142793
0.11	2900	-803255.28248711
0.11	2950	-803246.249831505
0.11	3000	-803237.487386228
0.11	3050	-803228.984026107
0.11	3100	-803220.729243327
0.11	3150	-803212.713104264
0.11	3200	-803204.926209946
0.11	3250	-803197.359659794
0.11	3300	-803190.00501832
0.11	3350	-803182.854284493
0.11	3400	-803175.899863543
0.11	3450	-803169.134540978
0.11	3500	-803162.551458566
0.11	3550	-803156.144092183
0.11	3600	-803149.90623132
0.11	3650	-803143.831960038
0.11	3700	-803137.915639422
0.11	3750	-803132.151891177
0.11	3800	-803126.535582509
0.11	3850	-803121.061811958
0.11	3900	-803115.725896305
0.11	3950	-803110.523358307
0.11	4000	-803105.449915286
0.11	4050	-803100.501468478
0.11	4100	-803095.674093098
0.11	4150	-803090.96402903
0.11	4200	-803086.367672133
0.11	4250	-803081.881566086
0.11	4300	-803077.502394757
0.11	4350	-803073.226975058
0.11	4400	-803069.052250177
0.11	4450	-803064.975283356
0.11	4500	-803060.993251862
0.11	4550	-803057.103441504
0.11	4600	-803053.303241294
0.11	4650	-803049.590138586
0.11	4700	-803045.961714357
0.11	4750	-803042.415638852
0.11	4800	-803038.949667449
0.11	4850	-803035.561636697
0.11	4900	-803032.24946066
0.11	4950	-803029.011127435
0.11	5000	-803025.844695831
0.11	5050	-803022.748292227
0.11	5100	-803019.720107655
0.11	5150	-803016.75839495
0.11	5200	-803013.861466143
0.11	5250	-803011.02768991
0.11	5300	-803008.255489185
0.11	5350	-803005.543338901
0.11	5400	-803002.889763852
0.11	5450	-803000.293336589
0.11	5500	-802997.752675561
0.11	5550	-802995.266443179
0.11	5600	-802992.833344128
0.11	5650	-802990.452123633
0.11	5700	-802988.121565914
0.11	5750	-802985.840492642
0.11	5800	-802983.607761472
0.11	5850	-802981.42226471
0.11	5900	-802979.282927953
0.11	5950	-802977.188708872
0.11	6000	-802975.138595954
0.11	6050	-802973.131607429
0.11	6100	-802971.166790126
0.11	6150	-802969.243218445
0.11	6200	-802967.359993336
0.11	6250	-802965.516241398
0.11	6300	-802963.711113893
0.11	6350	-802961.94378593
0.11	6400	-802960.213455588
0.11	6450	-802958.51934314
0.11	6500	-802956.860690276
0.11	6550	-802955.236759339
0.11	6600	-802953.646832678
0.11	6650	-802952.090211921
0.11	6700	-802950.566217339
0.11	6750	-802949.074187229
0.11	6800	-802947.613477323
0.11	6850	-802946.183460188
0.11	6900	-802944.783524705
0.11	6950	-802943.413075513
0.11	7000	-802942.071532516
0.11	7050	-802940.758330398
0.11	7100	-802939.472918142
0.11	7150	-802938.214758566
0.11	7200	-802936.983327921
0.11	7250	-802935.778115448
0.11	7300	-802934.598622994
0.11	7350	-802933.444364573
0.11	7400	-802932.314866079
0.11	7450	-802931.209664846
0.11	7500	-802930.128309356
0.11	7550	-802929.070358862
0.11	7600	-802928.035383098
0.11	7650	-802927.022961959
0.11	7700	-802926.032685195
0.11	7750	-802925.064152139
0.11	7800	-802924.116971404
0.11	7850	-802923.190760641
0.11	7900	-802922.285146249
0.11	7950	-802921.399763153
0.11	8000	-802920.534254558
0.11	8050	-802919.68827169
0.11	8100	-802918.861473597
0.11	8150	-802918.053526937
0.11	8200	-802917.264105735
0.11	8250	-802916.492891199
0.11	8300	-802915.739571529
0.11	8350	-802915.003841716
0.11	8400	-802914.285403349
0.11	8450	-802913.583964479
0.11	8500	-802912.899239385
0.11	8550	-802912.230948453
0.11	8600	-802911.578817997
0.11	8650	-802910.942580105
0.11	8700	-802910.321972479
0.11	8750	-802909.716738327
0.11	8800	-802909.126626152
0.11	8850	-802908.551389684
0.11	8900	-802907.990787696
0.11	8950	-802907.44458391
0.11	9000	-802906.912546851
0.11	9050	-802906.39444973
0.11	9100	-802905.890070321
0.11	9150	-802905.399190869
0.11	9200	-802904.921597949
0.11	9250	-802904.457082391
0.11	9300	-802904.005439131
0.11	9350	-802903.566467159
0.11	9400	-802903.139969388
0.11	9450	-802902.725752573
0.11	9500	-802902.323627205
0.11	9550	-802901.933407445
0.11	9600	-802901.554911016
0.11	9650	-802901.187959116
0.11	9700	-802900.832376354
0.11	9750	-802900.487990656
0.11	9800	-802900.154633199
0.11	9850	-802899.832138302
0.11	9900	-802899.52034341
0.11	9950	-802899.219088967
0.11	10000	-802898.928218385
0.11	10050	-802898.647577951
0.11	10100	-802898.377016778
0.11	10150	-802898.116386721
0.11	10200	-802897.865542359
0.11	10250	-802897.624340872
0.11	10300	-802897.392642026
0.11	10350	-802897.170308112
0.11	10400	-802896.957203869
0.11	10450	-802896.753196454
0.11	10500	-802896.558155366
0.11	10550	-802896.371952424
0.11	10600	-802896.194461668
0.11	10650	-802896.025559387
0.11	10700	-802895.865123988
0.11	10750	-802895.713036006
0.11	10800	-802895.569178029
0.11	10850	-802895.433434679
0.11	10900	-802895.305692555
0.11	10950	-802895.185840171
0.11	11000	-802895.07376796
0.11	11050	-802894.969368213
0.11	11100	-802894.872535014
0.11	11150	-802894.783164244
0.11	11200	-802894.701153528
0.11	11250	-802894.626402191
0.11	11300	-802894.558811226
0.11	11350	-802894.498283272
0.11	11400	-802894.444722585
0.11	11450	-802894.39803495
0.11	11500	-802894.358127746
0.11	11550	-802894.324909818
0.11	11600	-802894.298291509
0.11	11650	-802894.278184618
0.11	11700	-802894.26450235
0.11	11750	-802894.257159313
0.11	11800	-802894.256071476
0.11	11850	-802894.261156144
0.11	11900	-802894.272331943
0.11	11950	-802894.289518767
0.11	12000	-802894.312637805
0.115	50	-808883.646336011
0.115	100	-807305.932487062
0.115	150	-806482.873554102
0.115	200	-805948.107077819
0.115	250	-805562.374080413
0.115	300	-805266.317652653
0.115	350	-805029.489218225
0.115	400	-804834.340195615
0.115	450	-804669.906357745
0.115	500	-804528.917232181
0.115	550	-804406.325716401
0.115	600	-804298.49825573
0.115	650	-804202.740211286
0.115	700	-804117.003388047
0.115	750	-804039.698214207
0.115	800	-803969.568873143
0.115	850	-803905.607801057
0.115	900	-803846.99563032
0.115	950	-803793.058059092
0.115	1000	-803743.234266072
0.115	1050	-803697.053375974
0.115	1100	-803654.116650435
0.115	1150	-803614.083822919
0.115	1200	-803576.662480903
0.115	1250	-803541.59972115
0.115	1300	-803508.675522905
0.115	1350	-803477.697434959
0.115	1400	-803448.496278604
0.115	1450	-803420.922643986
0.115	1500	-803394.844012022
0.115	1550	-803370.142373555
0.115	1600	-803346.712247218
0.115	1650	-803324.459019154
0.115	1700	-803303.297544545
0.115	1750	-803283.150963292
0.115	1800	-803263.949692226
0.115	1850	-803245.630563385
0.115	1900	-803228.136083974
0.115	1950	-803211.413798213
0.115	2000	-803195.415734795
0.115	2050	-803180.097926801
0.115	2100	-803165.419992892
0.115	2150	-803151.344770992
0.115	2200	-803137.8379966
0.115	2250	-803124.86801964
0.115	2300	-803112.405554326
0.115	2350	-803100.42345773
0.115	2400	-803088.896533169
0.115	2450	-803077.801355152
0.115	2500	-803067.116113223
0.115	2550	-803056.820472288
0.115	2600	-803046.895447428
0.115	2650	-803037.32329139
0.115	2700	-803028.087393401
0.115	2750	-803019.172187811
0.115	2800	-803010.563071616
0.115	2850	-803002.246329769
0.115	2900	-802994.209067372
0.115	2950	-802986.439148199
0.115	3000	-802978.925138675
0.115	3050	-802971.656256787
0.115	3100	-802964.622325578
0.115	3150	-802957.813730468
0.115	3200	-802951.221380314
0.115	3250	-802944.836671634
0.115	3300	-802938.651455821
0.115	3350	-802932.65800894
0.115	3400	-802926.849003992
0.115	3450	-802921.217485324
0.115	3500	-802915.756845018
0.115	3550	-802910.460801111
0.115	3600	-802905.323377409
0.115	3650	-802900.338884848
0.115	3700	-802895.501904184
0.115	3750	-802890.807269953
0.115	3800	-802886.250055608
0.115	3850	-802881.825559596
0.115	3900	-802877.52929259
0.115	3950	-802873.356965367
0.115	4000	-802869.304477716
0.115	4050	-802865.367907992
0.115	4100	-802861.543503353
0.115	4150	-802857.82767067
0.115	4200	-802854.21696802
0.115	4250	-802850.70809673
0.115	4300	-802847.297893885
0.115	4350	-802843.98332537
0.115	4400	-802840.761479283
0.115	4450	-802837.629559757
0.115	4500	-802834.584881261
0.115	4550	-802831.624863038
0.115	4600	-802828.74702407
0.115	4650	-802825.948978238
0.115	4700	-802823.228429783
0.115	4750	-802820.583169021
0.115	4800	-802818.011068328
0.115	4850	-802815.510078313
0.115	4900	-802813.078224236
0.115	4950	-802810.713602604
0.115	5000	-802808.414377976
0.115	5050	-802806.178779904
0.115	5100	-802804.005100086
0.115	5150	-802801.891689602
0.115	5200	-802799.836956386
0.115	5250	-802797.839362736
0.115	5300	-802795.89742306
0.115	5350	-802794.009701577
0.115	5400	-802792.17481034
0.115	5450	-802790.391407173
0.115	5500	-802788.658193832
0.115	5550	-802786.973914187
0.115	5600	-802785.337352544
0.115	5650	-802783.747331982
0.115	5700	-802782.202712883
0.115	5750	-802780.702391393
0.115	5800	-802779.245298044
0.115	5850	-802777.830396443
0.115	5900	-802776.456681982
0.115	5950	-802775.123180612
0.115	6000	-802773.828947725
0.115	6050	-802772.573066994
0.115	6100	-802771.354649368
0.115	6150	-802770.172832055
0.115	6200	-802769.026777523
0.115	6250	-802767.915672623
0.115	6300	-802766.838727681
0.115	6350	-802765.795175683
0.115	6400	-802764.784271429
0.115	6450	-802763.805290794
0.115	6500	-802762.857529983
0.115	6550	-802761.940304822
0.115	6600	-802761.052950053
0.115	6650	-802760.194818733
0.115	6700	-802759.365281592
0.115	6750	-802758.563726396
0.115	6800	-802757.789557433
0.115	6850	-802757.042194909
0.115	6900	-802756.321074484
0.115	6950	-802755.625646698
0.115	7000	-802754.95537652
0.115	7050	-802754.309742855
0.115	7100	-802753.688238139
0.115	7150	-802753.090367858
0.115	7200	-802752.515650162
0.115	7250	-802751.963615436
0.115	7300	-802751.43380594
0.115	7350	-802750.925775466
0.115	7400	-802750.439088884
0.115	7450	-802749.973321906
0.115	7500	-802749.528060697
0.115	7550	-802749.10290157
0.115	7600	-802748.697450678
0.115	7650	-802748.311323718
0.115	7700	-802747.944145638
0.115	7750	-802747.595550389
0.115	7800	-802747.265180634
0.115	7850	-802746.952687479
0.115	7900	-802746.657730275
0.115	7950	-802746.379976339
0.115	8000	-802746.119100726
0.115	8050	-802745.874786031
0.115	8100	-802745.646722145
0.115	8150	-802745.434606087
0.115	8200	-802745.238141753
0.115	8250	-802745.057039764
0.115	8300	-802744.891017267
0.115	8350	-802744.739797727
0.115	8400	-802744.603110812
0.115	8450	-802744.480692165
0.115	8500	-802744.372283276
0.115	8550	-802744.277631306
0.115	8600	-802744.196488944
0.115	8650	-802744.128614241
0.115	8700	-802744.073770511
0.115	8750	-802744.031726137
0.115	8800	-802744.002254466
0.115	8850	-802743.985133681
0.115	8900	-802743.98014667
0.115	8950	-802743.987080884
0.115	9000	-802744.005728264
0.115	9050	-802744.035885086
0.115	9100	-802744.077351853
0.115	9150	-802744.129933218
0.115	9200	-802744.193437845
0.115	9250	-802744.267678323
0.115	9300	-802744.352471078
0.115	9350	-802744.447636242
0.115	9400	-802744.552997603
0.115	9450	-802744.668382502
0.115	9500	-802744.793621722
0.115	9550	-802744.92854943
0.115	9600	-802745.073003091
0.115	9650	-802745.226823377
0.115	9700	-802745.389854099
0.115	9750	-802745.56194213
0.115	9800	-802745.742937325
0.115	9850	-802745.932692474
0.115	9900	-802746.131063193
0.115	9950	-802746.337907893
0.115	10000	-802746.553087699
0.115	10050	-802746.776466371
0.115	10100	-802747.007910293
0.115	10150	-802747.247288358
0.115	10200	-802747.494471921
0.115	10250	-802747.74933479
0.115	10300	-802748.011753102
0.115	10350	-802748.281605302
0.115	10400	-802748.558772118
0.115	10450	-802748.843136459
0.115	10500	-802749.13458339
0.115	10550	-802749.433000094
0.115	10600	-802749.738275799
0.115	10650	-802750.050301765
0.115	10700	-802750.368971221
0.115	10750	-802750.694179301
0.115	10800	-802751.025823049
0.115	10850	-802751.363801343
0.115	10900	-802751.708014864
0.115	10950	-802752.058366057
0.115	11000	-802752.414759105
0.115	11050	-802752.777099872
0.115	11100	-802753.145295883
0.115	11150	-802753.51925627
0.115	11200	-802753.898891756
0.115	11250	-802754.284114632
0.115	11300	-802754.674838673
0.115	11350	-802755.070979191
0.115	11400	-802755.472452902
0.115	11450	-802755.879177979
0.115	11500	-802756.291073997
0.115	11550	-802756.708061874
0.115	11600	-802757.130063887
0.115	11650	-802757.557003627
0.115	11700	-802757.988805962
0.115	11750	-802758.42539703
0.115	11800	-802758.866704192
0.115	11850	-802759.312656028
0.115	11900	-802759.763182306
0.115	11950	-802760.218213945
0.115	12000	-802760.677683019
0.12	50	-808563.478419859
0.12	100	-806966.535898092
0.12	150	-806139.188349451
0.12	200	-805604.497418083
0.12	250	-805220.58674496
0.12	300	-804927.149904075
0.12	350	-804693.320894548
0.12	400	-804501.345312087
0.12	450	-804340.149760774
0.12	500	-804202.403152719
0.12	550	-804083.023891357
0.12	600	-803978.358711972
0.12	650	-803885.701954144
0.12	700	-803802.999649132
0.12	750	-803728.65968016
0.12	800	-803661.425691924
0.12	850	-803600.290829318
0.12	900	-803544.437200242
0.12	950	-803493.192436384
0.12	1000	-803445.997907348
0.12	1050	-803402.385055091
0.12	1100	-803361.957499195
0.12	1150	-803324.377316133
0.12	1200	-803289.354385818
0.12	1250	-803256.638024747
0.12	1300	-803226.010346144
0.12	1350	-803197.280940083
0.12	1400	-803170.282573694
0.12	1450	-803144.867687478
0.12	1500	-803120.905519009
0.12	1550	-803098.2797251
0.12	1600	-803076.886403327
0.12	1650	-803056.632435798
0.12	1700	-803037.434094938
0.12	1750	-803019.215863534
0.12	1800	-803001.909431077
0.12	1850	-802985.452836233
0.12	1900	-802969.789730711
0.12	1950	-802954.868744872
0.12	2000	-802940.642938749
0.12	2050	-802927.069325251
0.12	2100	-802914.108454597
0.12	2150	-802901.724050887
0.12	2200	-802889.882693149
0.12	2250	-802878.553534801
0.12	2300	-802867.708055907
0.12	2350	-802857.319843977
0.12	2400	-802847.364399443
0.12	2450	-802837.818962552
0.12	2500	-802828.662359037
0.12	2550	-802819.874862122
0.12	2600	-802811.438068901
0.12	2650	-802803.334789358
0.12	2700	-802795.54894648
0.12	2750	-802788.065486248
0.12	2800	-802780.870296334
0.12	2850	-802773.950132507
0.12	2900	-802767.292551947
0.12	2950	-802760.885852683
0.12	3000	-802754.719018504
0.12	3050	-802748.781668791
0.12	3100	-802743.064012732
0.12	3150	-802737.556807464
0.12	3200	-802732.25131984
0.12	3250	-802727.139291301
0.12	3300	-802722.212905727
0.12	3350	-802717.464759841
0.12	3400	-802712.887836015
0.12	3450	-802708.475477223
0.12	3500	-802704.221363908
0.12	3550	-802700.119492683
0.12	3600	-802696.164156572
0.12	3650	-802692.349926807
0.12	3700	-802688.671635905
0.12	3750	-802685.124361993
0.12	3800	-802681.703414287
0.12	3850	-802678.404319557
0.12	3900	-802675.222809587
0.12	3950	-802672.154809445
0.12	4000	-802669.196426626
0.12	4050	-802666.343940843
0.12	4100	-802663.593794592
0.12	4150	-802660.942584272
0.12	4200	-802658.387051901
0.12	4250	-802655.924077369
0.12	4300	-802653.550671204
0.12	4350	-802651.263967757
0.12	4400	-802649.061218831
0.12	4450	-802646.939787711
0.12	4500	-802644.897143535
0.12	4550	-802642.930856041
0.12	4600	-802641.038590574
0.12	4650	-802639.218103439
0.12	4700	-802637.467237512
0.12	4750	-802635.783918058
0.12	4800	-802634.166148886
0.12	4850	-802632.612008614
0.12	4900	-802631.119647219
0.12	4950	-802629.687282761
0.12	5000	-802628.313198269
0.12	5050	-802626.995738777
0.12	5100	-802625.733308626
0.12	5150	-802624.524368766
0.12	5200	-802623.367434304
0.12	5250	-802622.261072148
0.12	5300	-802621.203898757
0.12	5350	-802620.194578022
0.12	5400	-802619.231819294
0.12	5450	-802618.31437543
0.12	5500	-802617.44104099
0.12	5550	-802616.610650547
0.12	5600	-802615.822077005
0.12	5650	-802615.074230081
0.12	5700	-802614.366054792
0.12	5750	-802613.696530063
0.12	5800	-802613.064667385
0.12	5850	-802612.469509527
0.12	5900	-802611.910129321
0.12	5950	-802611.385628497
0.12	6000	-802610.895136592
0.12	6050	-802610.437809847
0.12	6100	-802610.012830254
0.12	6150	-802609.619404547
0.12	6200	-802609.256763313
0.12	6250	-802608.924160089
0.12	6300	-802608.620870526
0.12	6350	-802608.346191598
0.12	6400	-802608.099440809
0.12	6450	-802607.879955467
0.12	6500	-802607.687092012
0.12	6550	-802607.520225266
0.12	6600	-802607.378747866
0.12	6650	-802607.262069584
0.12	6700	-802607.169616774
0.12	6750	-802607.100831788
0.12	6800	-802607.055172415
0.12	6850	-802607.032111385
0.12	6900	-802607.031135847
0.12	6950	-802607.051746895
0.12	7000	-802607.093459097
0.12	7050	-802607.155800061
0.12	7100	-802607.238310002
0.12	7150	-802607.340541336
0.12	7200	-802607.462058253
0.12	7250	-802607.60243641
0.12	7300	-802607.76126249
0.12	7350	-802607.938133888
0.12	7400	-802608.13265837
0.12	7450	-802608.344453746
0.12	7500	-802608.573147565
0.12	7550	-802608.818376774
0.12	7600	-802609.079787506
0.12	7650	-802609.357034704
0.12	7700	-802609.649781942
0.12	7750	-802609.95770109
0.12	7800	-802610.280472122
0.12	7850	-802610.617782844
0.12	7900	-802610.969328655
0.12	7950	-802611.334812349
0.12	8000	-802611.713943874
0.12	8050	-802612.106440136
0.12	8100	-802612.512024805
0.12	8150	-802612.930428089
0.12	8200	-802613.361386585
0.12	8250	-802613.804643051
0.12	8300	-802614.259946282
0.12	8350	-802614.727050914
0.12	8400	-802615.205717238
0.12	8450	-802615.695711098
0.12	8500	-802616.196803665
0.12	8550	-802616.708771362
0.12	8600	-802617.23139567
0.12	8650	-802617.764463011
0.12	8700	-802618.307764609
0.12	8750	-802618.861096345
0.12	8800	-802619.424258668
0.12	8850	-802619.997056425
0.12	8900	-802620.579298802
0.12	8950	-802621.170799149
0.12	9000	-802621.771374912
0.12	9050	-802622.3808475
0.12	9100	-802622.9990422
0.12	9150	-802623.625788071
0.12	9200	-802624.260917833
0.12	9250	-802624.904267807
0.12	9300	-802625.555677766
0.12	9350	-802626.214990902
0.12	9400	-802626.882053724
0.12	9450	-802627.556715956
0.12	9500	-802628.238830469
0.12	9550	-802628.928253205
0.12	9600	-802629.624843097
0.12	9650	-802630.328462
0.12	9700	-802631.038974599
0.12	9750	-802631.756248383
0.12	9800	-802632.48015351
0.12	9850	-802633.210562812
0.12	9900	-802633.947351689
0.12	9950	-802634.690398051
0.12	10000	-802635.439582267
0.12	10050	-802636.19478711
0.12	10100	-802636.95589767
0.12	10150	-802637.722801361
0.12	10200	-802638.495387777
0.12	10250	-802639.273548749
0.12	10300	-802640.057178173
0.12	10350	-802640.84617206
0.12	10400	-802641.640428453
0.12	10450	-802642.439847361
0.12	10500	-802643.244330734
0.12	10550	-802644.05378242
0.12	10600	-802644.868108115
0.12	10650	-802645.68721532
0.12	10700	-802646.51101331
0.12	10750	-802647.339413067
0.12	10800	-802648.172327285
0.12	10850	-802649.009670306
0.12	10900	-802649.851358067
0.12	10950	-802650.697308104
0.12	11000	-802651.547439477
0.12	11050	-802652.401672777
0.12	11100	-802653.259930045
0.12	11150	-802654.122134801
0.12	11200	-802654.988211941
0.12	11250	-802655.858087775
0.12	11300	-802656.731689939
0.12	11350	-802657.608947407
0.12	11400	-802658.48979045
0.12	11450	-802659.374150598
0.12	11500	-802660.261960628
0.12	11550	-802661.153154521
0.12	11600	-802662.047667461
0.12	11650	-802662.945435795
0.12	11700	-802663.846396997
0.12	11750	-802664.750489666
0.12	11800	-802665.657653489
0.12	11850	-802666.567829228
0.12	11900	-802667.480958691
0.12	11950	-802668.396984713
0.12	12000	-802669.315851127
0.125	50	-808253.613156298
0.125	100	-806641.097658475
0.125	150	-805811.739459507
0.125	200	-805278.78088372
0.125	250	-804897.993539041
0.125	300	-804608.246372151
0.125	350	-804378.32485856
0.125	400	-804190.310848874
0.125	450	-804033.049369537
0.125	500	-803899.167790019
0.125	550	-803783.563753327
0.125	600	-803682.574501022
0.125	650	-803593.491155765
0.125	700	-803514.260070977
0.125	750	-803443.291436238
0.125	800	-803379.332280967
0.125	850	-803321.379676291
0.125	900	-803268.619876749
0.125	950	-803220.384689026
0.125	1000	-803176.11957274
0.125	1050	-803135.359910005
0.125	1100	-803097.713076009
0.125	1150	-803062.844702336
0.125	1200	-803030.468019307
0.125	1250	-803000.335491955
0.125	1300	-802972.232187258
0.125	1350	-802945.97046369
0.125	1400	-802921.385682099
0.125	1450	-802898.332713062
0.125	1500	-802876.683071591
0.125	1550	-802856.322549979
0.125	1600	-802837.149249475
0.125	1650	-802819.071933651
0.125	1700	-802802.008643101
0.125	1750	-802785.885523785
0.125	1800	-802770.635831077
0.125	1850	-802756.199079276
0.125	1900	-802742.520312024
0.125	1950	-802729.549473903
0.125	2000	-802717.240866939
0.125	2050	-802705.552678943
0.125	2100	-802694.446572538
0.125	2150	-802683.887325997
0.125	2200	-802673.842518307
0.125	2250	-802664.282252166
0.125	2300	-802655.178909609
0.125	2350	-802646.506935898
0.125	2400	-802638.242647779
0.125	2450	-802630.364063042
0.125	2500	-802622.850748604
0.125	2550	-802615.683684682
0.125	2600	-802608.845143345
0.125	2650	-802602.318579361
0.125	2700	-802596.088532127
0.125	2750	-802590.140537308
0.125	2800	-802584.461047045
0.125	2850	-802579.037357807
0.125	2900	-802573.857545027
0.125	2950	-802568.91040376
0.125	3000	-802564.185394765
0.125	3050	-802559.672595397
0.125	3100	-802555.36265482
0.125	3150	-802551.246753139
0.125	3200	-802547.316563945
0.125	3250	-802543.564220117
0.125	3300	-802539.982282378
0.125	3350	-802536.563710439
0.125	3400	-802533.301836484
0.125	3450	-802530.190340774
0.125	3500	-802527.22322907
0.125	3550	-802524.394811947
0.125	3600	-802521.699685541
0.125	3650	-802519.132713856
0.125	3700	-802516.689012298
0.125	3750	-802514.363932457
0.125	3800	-802512.153048011
0.125	3850	-802510.052141566
0.125	3900	-802508.057192506
0.125	3950	-802506.164365614
0.125	4000	-802504.370000573
0.125	4050	-802502.670602032
0.125	4100	-802501.062830494
0.125	4150	-802499.543493742
0.125	4200	-802498.109538768
0.125	4250	-802496.758044368
0.125	4300	-802495.486214079
0.125	4350	-802494.291369611
0.125	4400	-802493.170944733
0.125	4450	-802492.122479475
0.125	4500	-802491.143614716
0.125	4550	-802490.232087118
0.125	4600	-802489.385724291
0.125	4650	-802488.602440386
0.125	4700	-802487.880231762
0.125	4750	-802487.217173093
0.125	4800	-802486.611413551
0.125	4850	-802486.061173298
0.125	4900	-802485.564740125
0.125	4950	-802485.120466331
0.125	5000	-802484.726765718
0.125	5050	-802484.382110786
0.125	5100	-802484.085030065
0.125	5150	-802483.834105628
0.125	5200	-802483.627970674
0.125	5250	-802483.465307279
0.125	5300	-802483.344844299
0.125	5350	-802483.265355269
0.125	5400	-802483.225656559
0.125	5450	-802483.224605488
0.125	5500	-802483.261098636
0.125	5550	-802483.334070189
0.125	5600	-802483.442490354
0.125	5650	-802483.58536391
0.125	5700	-802483.761728781
0.125	5750	-802483.97065467
0.125	5800	-802484.211241815
0.125	5850	-802484.482619759
0.125	5900	-802484.78394618
0.125	5950	-802485.114405793
0.125	6000	-802485.473209298
0.125	6050	-802485.859592386
0.125	6100	-802486.272814756
0.125	6150	-802486.712159208
0.125	6200	-802487.176930786
0.125	6250	-802487.666455908
0.125	6300	-802488.180081623
0.125	6350	-802488.717174794
0.125	6400	-802489.277121394
0.125	6450	-802489.859325817
0.125	6500	-802490.463210189
0.125	6550	-802491.088213755
0.125	6600	-802491.733792259
0.125	6650	-802492.399417327
0.125	6700	-802493.084575967
0.125	6750	-802493.788769985
0.125	6800	-802494.511515485
0.125	6850	-802495.252342378
0.125	6900	-802496.01079391
0.125	6950	-802496.786426188
0.125	7000	-802497.578807782
0.125	7050	-802498.387519265
0.125	7100	-802499.212152841
0.125	7150	-802500.052311947
0.125	7200	-802500.907610876
0.125	7250	-802501.777674438
0.125	7300	-802502.662137606
0.125	7350	-802503.560645185
0.125	7400	-802504.4728515
0.125	7450	-802505.39842009
0.125	7500	-802506.337023417
0.125	7550	-802507.288342584
0.125	7600	-802508.25206705
0.125	7650	-802509.227894391
0.125	7700	-802510.215530046
0.125	7750	-802511.214687028
0.125	7800	-802512.22508577
0.125	7850	-802513.246453844
0.125	7900	-802514.278525742
0.125	7950	-802515.321042697
0.125	8000	-802516.373752456
0.125	8050	-802517.436409104
0.125	8100	-802518.508772863
0.125	8150	-802519.590609908
0.125	8200	-802520.68169222
0.125	8250	-802521.781797363
0.125	8300	-802522.89070837
0.125	8350	-802524.00821357
0.125	8400	-802525.134106431
0.125	8450	-802526.26818542
0.125	8500	-802527.410253852
0.125	8550	-802528.560119748
0.125	8600	-802529.717595735
0.125	8650	-802530.882498873
0.125	8700	-802532.054650555
0.125	8750	-802533.233876396
0.125	8800	-802534.420006095
0.125	8850	-802535.612873327
0.125	8900	-802536.81231565
0.125	8950	-802538.018174375
0.125	9000	-802539.23029449
0.125	9050	-802540.448524549
0.125	9100	-802541.672716567
0.125	9150	-802542.902725935
0.125	9200	-802544.138411346
0.125	9250	-802545.379634685
0.125	9300	-802546.62626095
0.125	9350	-802547.878158174
0.125	9400	-802549.135197361
0.125	9450	-802550.397252375
0.125	9500	-802551.664199892
0.125	9550	-802552.935919319
0.125	9600	-802554.212292736
0.125	9650	-802555.493204799
0.125	9700	-802556.778542703
0.125	9750	-802558.068196107
0.125	9800	-802559.36205707
0.125	9850	-802560.660020006
0.125	9900	-802561.961981592
0.125	9950	-802563.267840741
0.125	10000	-802564.577498548
0.125	10050	-802565.890858212
0.125	10100	-802567.207825007
0.125	10150	-802568.528306225
0.125	10200	-802569.852211111
0.125	10250	-802571.179450848
0.125	10300	-802572.509938487
0.125	10350	-802573.843588883
0.125	10400	-802575.180318722
0.125	10450	-802576.520046384
0.125	10500	-802577.862691983
0.125	10550	-802579.208177274
0.125	10600	-802580.556425648
0.125	10650	-802581.907362053
0.125	10700	-802583.260913023
0.125	10750	-802584.617006566
0.125	10800	-802585.975572173
0.125	10850	-802587.336540791
0.125	10900	-802588.699844762
0.125	10950	-802590.065417797
0.125	11000	-802591.433194973
0.125	11050	-802592.80311266
0.125	11100	-802594.175108513
0.125	11150	-802595.54912145
0.125	11200	-802596.925091617
0.125	11250	-802598.302960347
0.125	11300	-802599.682670148
0.125	11350	-802601.064164684
0.125	11400	-802602.447388728
0.125	11450	-802603.83228815
0.125	11500	-802605.218809897
0.125	11550	-802606.606901968
0.125	11600	-802607.996513358
0.125	11650	-802609.387594102
0.125	11700	-802610.780095198
0.125	11750	-802612.173968602
0.125	11800	-802613.569167213
0.125	11850	-802614.965644845
0.125	11900	-802616.363356214
0.125	11950	-802617.762256905
0.125	12000	-802619.162303393
0.13	50	-807953.95419091
0.13	100	-806329.473947558
0.13	150	-805500.347972136
0.13	200	-804970.74998917
0.13	250	-804594.36255352
0.13	300	-804309.353647682
0.13	350	-804084.228395901
0.13	400	-803900.946508184
0.13	450	-803748.29869746
0.13	500	-803618.889626432
0.13	550	-803507.609733339
0.13	600	-803410.796844737
0.13	650	-803325.746562222
0.13	700	-803250.411569395
0.13	750	-803183.20914141
0.13	800	-803122.893555889
0.13	850	-803068.468977277
0.13	900	-803019.128434821
0.13	950	-802974.210114783
0.13	1000	-802933.165433877
0.13	1050	-802895.53530933
0.13	1100	-802860.932245022
0.13	1150	-802829.026618085
0.13	1200	-802799.536047896
0.13	1250	-802772.217059551
0.13	1300	-802746.858478053
0.13	1350	-802723.276143472
0.13	1400	-802701.308645581
0.13	1450	-802680.813853274
0.13	1500	-802661.666069301
0.13	1550	-802643.753681381
0.13	1600	-802626.977210404
0.13	1650	-802611.247678834
0.13	1700	-802596.485238891
0.13	1750	-802582.618013175
0.13	1800	-802569.581109737
0.13	1850	-802557.315781622
0.13	1900	-802545.768706332
0.13	1950	-802534.891365619
0.13	2000	-802524.639509439
0.13	2050	-802514.972691025
0.13	2100	-802505.853862088
0.13	2150	-802497.249019187
0.13	2200	-802489.126893951
0.13	2250	-802481.458680682
0.13	2300	-802474.217796259
0.13	2350	-802467.37966789
0.13	2400	-802460.921544949
0.13	2450	-802454.822331831
0.13	2500	-802449.062438959
0.13	2550	-802443.623649844
0.13	2600	-802438.489002061
0.13	2650	-802433.64268053
0.13	2700	-802429.06992157
0.13	2750	-802424.756926572
0.13	2800	-802420.690784039
0.13	2850	-802416.859399188
0.13	2900	-802413.251430129
0.13	2950	-802409.856230063
0.13	3000	-802406.663794719
0.13	3050	-802403.664714507
0.13	3100	-802400.850130952
0.13	3150	-802398.211696936
0.13	3200	-802395.741540269
0.13	3250	-802393.432230477
0.13	3300	-802391.276748239
0.13	3350	-802389.268457417
0.13	3400	-802387.401079335
0.13	3450	-802385.668669063
0.13	3500	-802384.065593659
0.13	3550	-802382.586512008
0.13	3600	-802381.226356301
0.13	3650	-802379.98031484
0.13	3700	-802378.843816165
0.13	3750	-802377.812514346
0.13	3800	-802376.882275349
0.13	3850	-802376.049164364
0.13	3900	-802375.309434069
0.13	3950	-802374.659513666
0.13	4000	-802374.095998748
0.13	4050	-802373.61564177
0.13	4100	-802373.215343263
0.13	4150	-802372.892143556
0.13	4200	-802372.643215101
0.13	4250	-802372.465855222
0.13	4300	-802372.357479473
0.13	4350	-802372.315615283
0.13	4400	-802372.337896042
0.13	4450	-802372.422055618
0.13	4500	-802372.565923125
0.13	4550	-802372.767418087
0.13	4600	-802373.024545829
0.13	4650	-802373.335393218
0.13	4700	-802373.698124568
0.13	4750	-802374.110977887
0.13	4800	-802374.572261243
0.13	4850	-802375.08034943
0.13	4900	-802375.633680748
0.13	4950	-802376.23075402
0.13	5000	-802376.870125748
0.13	5050	-802377.550407426
0.13	5100	-802378.270263025
0.13	5150	-802379.028406592
0.13	5200	-802379.82359999
0.13	5250	-802380.654650728
0.13	5300	-802381.520409982
0.13	5350	-802382.41977063
0.13	5400	-802383.351665441
0.13	5450	-802384.315065359
0.13	5500	-802385.308977844
0.13	5550	-802386.332445345
0.13	5600	-802387.384543769
0.13	5650	-802388.464381139
0.13	5700	-802389.571096218
0.13	5750	-802390.70385726
0.13	5800	-802391.861860783
0.13	5850	-802393.044330442
0.13	5900	-802394.250515919
0.13	5950	-802395.479691883
0.13	6000	-802396.731157019
0.13	6050	-802398.004233044
0.13	6100	-802399.298263838
0.13	6150	-802400.612614564
0.13	6200	-802401.946670859
0.13	6250	-802403.29983804
0.13	6300	-802404.671540366
0.13	6350	-802406.061220304
0.13	6400	-802407.468337874
0.13	6450	-802408.89236997
0.13	6500	-802410.332809754
0.13	6550	-802411.789166051
0.13	6600	-802413.260962767
0.13	6650	-802414.747738356
0.13	6700	-802416.249045302
0.13	6750	-802417.764449604
0.13	6800	-802419.293530294
0.13	6850	-802420.835878983
0.13	6900	-802422.391099426
0.13	6950	-802423.958807088
0.13	7000	-802425.538628735
0.13	7050	-802427.130202068
0.13	7100	-802428.733175308
0.13	7150	-802430.347206885
0.13	7200	-802431.971965051
0.13	7250	-802433.607127598
0.13	7300	-802435.252381472
0.13	7350	-802436.90742254
0.13	7400	-802438.571955246
0.13	7450	-802440.245692345
0.13	7500	-802441.928354649
0.13	7550	-802443.619670724
0.13	7600	-802445.319376698
0.13	7650	-802447.027215942
0.13	7700	-802448.742938933
0.13	7750	-802450.466302936
0.13	7800	-802452.197071855
0.13	7850	-802453.935015994
0.13	7900	-802455.679911861
0.13	7950	-802457.431541989
0.13	8000	-802459.189694725
0.13	8050	-802460.954164075
0.13	8100	-802462.724749525
0.13	8150	-802464.501255864
0.13	8200	-802466.283493032
0.13	8250	-802468.071275973
0.13	8300	-802469.864424459
0.13	8350	-802471.662762977
0.13	8400	-802473.466120571
0.13	8450	-802475.274330704
0.13	8500	-802477.087231152
0.13	8550	-802478.904663851
0.13	8600	-802480.726474781
0.13	8650	-802482.55251387
0.13	8700	-802484.382634854
0.13	8750	-802486.216695182
0.13	8800	-802488.054555906
0.13	8850	-802489.89608159
0.13	8900	-802491.741140177
0.13	8950	-802493.589602939
0.13	9000	-802495.441344349
0.13	9050	-802497.296242019
0.13	9100	-802499.154176591
0.13	9150	-802501.015031643
0.13	9200	-802502.878693655
0.13	9250	-802504.745051881
0.13	9300	-802506.61399831
0.13	9350	-802508.485427542
0.13	9400	-802510.359236791
0.13	9450	-802512.235325736
0.13	9500	-802514.113596523
0.13	9550	-802515.99395365
0.13	9600	-802517.876303927
0.13	9650	-802519.760556403
0.13	9700	-802521.646622332
0.13	9750	-802523.534415078
0.13	9800	-802525.423850094
0.13	9850	-802527.314844839
0.13	9900	-802529.207318755
0.13	9950	-802531.101193181
0.13	10000	-802532.996391344
0.13	10050	-802534.892838266
0.13	10100	-802536.790460771
0.13	10150	-802538.689187389
0.13	10200	-802540.588948327
0.13	10250	-802542.489675461
0.13	10300	-802544.391302239
0.13	10350	-802546.293763682
0.13	10400	-802548.19699633
0.13	10450	-802550.1009382
0.13	10500	-802552.005528767
0.13	10550	-802553.9107089
0.13	10600	-802555.816420848
0.13	10650	-802557.722608212
0.13	10700	-802559.629215883
0.13	10750	-802561.536190051
0.13	10800	-802563.443478131
0.13	10850	-802565.351028753
0.13	10900	-802567.258791752
0.13	10950	-802569.166718112
0.13	11000	-802571.074759936
0.13	11050	-802572.98287043
0.13	11100	-802574.891003899
0.13	11150	-802576.799115672
0.13	11200	-802578.707162119
0.13	11250	-802580.615100603
0.13	11300	-802582.522889468
0.13	11350	-802584.430488019
0.13	11400	-802586.337856488
0.13	11450	-802588.244956015
0.13	11500	-802590.15174863
0.13	11550	-802592.058197242
0.13	11600	-802593.964265592
0.13	11650	-802595.869918262
0.13	11700	-802597.77512065
0.13	11750	-802599.679838925
0.13	11800	-802601.584040051
0.13	11850	-802603.487691737
0.13	11900	-802605.390762438
0.13	11950	-802607.293221316
0.13	12000	-802609.195038253
0.135	50	-807664.407498773
0.135	100	-806031.524244879
0.135	150	-805204.839121649
0.135	200	-804680.202157424
0.135	250	-804309.467486092
0.135	300	-804030.224575481
0.135	350	-803810.765651143
0.135	400	-803632.969420422
0.135	450	-803485.599224725
0.135	500	-803361.25562282
0.135	550	-803254.835229056
0.135	600	-803162.686398783
0.135	650	-803082.116801594
0.135	700	-803011.091373303
0.135	750	-802948.039183366
0.135	800	-802891.725562452
0.135	850	-802841.164885998
0.135	900	-802795.559544155
0.135	950	-802754.256271206
0.135	1000	-802716.714276848
0.135	1050	-802682.48158116
0.135	1100	-802651.177165858
0.135	1150	-802622.477322875
0.135	1200	-802596.105080498
0.135	1250	-802571.82191864
0.135	1300	-802549.421209537
0.135	1350	-802528.722974404
0.135	1400	-802509.569654915
0.135	1450	-802491.822675353
0.135	1500	-802475.359626319
0.135	1550	-802460.071941586
0.135	1600	-802445.862969169
0.135	1650	-802432.646359987
0.135	1700	-802420.34471414
0.135	1750	-802408.88843762
0.135	1800	-802398.214771827
0.135	1850	-802388.266965917
0.135	1900	-802378.993567844
0.135	1950	-802370.347814521
0.135	2000	-802362.287105112
0.135	2050	-802354.772544485
0.135	2100	-802347.768546023
0.135	2150	-802341.242484907
0.135	2200	-802335.164394518
0.135	2250	-802329.506699731
0.135	2300	-802324.24398195
0.135	2350	-802319.352771555
0.135	2400	-802314.811364048
0.135	2450	-802310.599656768
0.135	2500	-802306.69900353
0.135	2550	-802303.092084961
0.135	2600	-802299.762792463
0.135	2650	-802296.69612429
0.135	2700	-802293.878092184
0.135	2750	-802291.295637328
0.135	2800	-802288.936554644
0.135	2850	-802286.789424353
0.135	2900	-802284.843550018
0.135	2950	-802283.088902481
0.135	3000	-802281.516068896
0.135	3050	-802280.116206358
0.135	3100	-802278.88099972
0.135	3150	-802277.802623114
0.135	3200	-802276.873704755
0.135	3250	-802276.087294779
0.135	3300	-802275.436835788
0.135	3350	-802274.916135816
0.135	3400	-802274.519343513
0.135	3450	-802274.24092532
0.135	3500	-802274.075644471
0.135	3550	-802274.018541606
0.135	3600	-802274.064916934
0.135	3650	-802274.210313718
0.135	3700	-802274.450502999
0.135	3750	-802274.781469502
0.135	3800	-802275.199398517
0.135	3850	-802275.700663782
0.135	3900	-802276.281816193
0.135	3950	-802276.939573368
0.135	4000	-802277.670809847
0.135	4050	-802278.472548098
0.135	4100	-802279.34195
0.135	4150	-802280.276309022
0.135	4200	-802281.273042831
0.135	4250	-802282.329686452
0.135	4300	-802283.44388585
0.135	4350	-802284.613391911
0.135	4400	-802285.836054825
0.135	4450	-802287.109818844
0.135	4500	-802288.432717317
0.135	4550	-802289.802868091
0.135	4600	-802291.218469137
0.135	4650	-802292.677794492
0.135	4700	-802294.179190402
0.135	4750	-802295.721071737
0.135	4800	-802297.30191856
0.135	4850	-802298.920272976
0.135	4900	-802300.574736077
0.135	4950	-802302.263965111
0.135	5000	-802303.986670814
0.135	5050	-802305.741614889
0.135	5100	-802307.52760758
0.135	5150	-802309.343505442
0.135	5200	-802311.188209214
0.135	5250	-802313.060661767
0.135	5300	-802314.959846249
0.135	5350	-802316.884784211
0.135	5400	-802318.834533934
0.135	5450	-802320.808188813
0.135	5500	-802322.804875791
0.135	5550	-802324.823753907
0.135	5600	-802326.864012927
0.135	5650	-802328.924872012
0.135	5700	-802331.005578459
0.135	5750	-802333.105406547
0.135	5800	-802335.223656377
0.135	5850	-802337.359652807
0.135	5900	-802339.512744444
0.135	5950	-802341.682302652
0.135	6000	-802343.867720648
0.135	6050	-802346.068412596
0.135	6100	-802348.283812779
0.135	6150	-802350.513374818
0.135	6200	-802352.756570862
0.135	6250	-802355.012890917
0.135	6300	-802357.281842092
0.135	6350	-802359.56294799
0.135	6400	-802361.855748029
0.135	6450	-802364.159796881
0.135	6500	-802366.474663837
0.135	6550	-802368.799932325
0.135	6600	-802371.135199309
0.135	6650	-802373.480074848
0.135	6700	-802375.834181565
0.135	6750	-802378.197154211
0.135	6800	-802380.568639204
0.135	6850	-802382.948294231
0.135	6900	-802385.335787815
0.135	6950	-802387.730798918
0.135	7000	-802390.133016624
0.135	7050	-802392.542139708
0.135	7100	-802394.957876347
0.135	7150	-802397.379943765
0.135	7200	-802399.808067935
0.135	7250	-802402.241983242
0.135	7300	-802404.681432241
0.135	7350	-802407.126165329
0.135	7400	-802409.575940519
0.135	7450	-802412.030523157
0.135	7500	-802414.489685673
0.135	7550	-802416.953207365
0.135	7600	-802419.420874144
0.135	7650	-802421.892478333
0.135	7700	-802424.367818443
0.135	7750	-802426.846698983
0.135	7800	-802429.32893024
0.135	7850	-802431.814328126
0.135	7900	-802434.302713975
0.135	7950	-802436.793914357
0.135	8000	-802439.287760925
0.135	8050	-802441.784090274
0.135	8100	-802444.282743729
0.135	8150	-802446.78356725
0.135	8200	-802449.286411262
0.135	8250	-802451.791130503
0.135	8300	-802454.297583932
0.135	8350	-802456.805634536
0.135	8400	-802459.315149268
0.135	8450	-802461.825998874
0.135	8500	-802464.33805783
0.135	8550	-802466.851204168
0.135	8600	-802469.36531941
0.135	8650	-802471.880288454
0.135	8700	-802474.395999469
0.135	8750	-802476.912343799
0.135	8800	-802479.429215853
0.135	8850	-802481.946513051
0.135	8900	-802484.464135689
0.135	8950	-802486.981986894
0.135	9000	-802489.499972515
0.135	9050	-802492.018001055
0.135	9100	-802494.535983587
0.135	9150	-802497.053833693
0.135	9200	-802499.571467381
0.135	9250	-802502.088802997
0.135	9300	-802504.605761208
0.135	9350	-802507.122264882
0.135	9400	-802509.638239054
0.135	9450	-802512.153610867
0.135	9500	-802514.668309494
0.135	9550	-802517.1822661
0.135	9600	-802519.695413771
0.135	9650	-802522.207687476
0.135	9700	-802524.719023981
0.135	9750	-802527.229361857
0.135	9800	-802529.738641373
0.135	9850	-802532.246804478
0.135	9900	-802534.753794756
0.135	9950	-802537.259557376
0.135	10000	-802539.764039029
0.135	10050	-802542.267187927
0.135	10100	-802544.768953726
0.135	10150	-802547.269287506
0.135	10200	-802549.768141721
0.135	10250	-802552.265470188
0.135	10300	-802554.761228008
0.135	10350	-802557.255371561
0.135	10400	-802559.747858468
0.135	10450	-802562.238647556
0.135	10500	-802564.727698831
0.135	10550	-802567.214973425
0.135	10600	-802569.7004336
0.135	10650	-802572.18404269
0.135	10700	-802574.665765092
0.135	10750	-802577.145566221
0.135	10800	-802579.623412501
0.135	10850	-802582.099271329
0.135	10900	-802584.573111041
0.135	10950	-802587.044900913
0.135	11000	-802589.514611111
0.135	11050	-802591.982212683
0.135	11100	-802594.447677537
0.135	11150	-802596.91097841
0.135	11200	-802599.372088838
0.135	11250	-802601.830983166
0.135	11300	-802604.287636512
0.135	11350	-802606.742024718
0.135	11400	-802609.194124403
0.135	11450	-802611.643912854
0.135	11500	-802614.091368089
0.135	11550	-802616.536468785
0.135	11600	-802618.979194286
0.135	11650	-802621.419524579
0.135	11700	-802623.857440288
0.135	11750	-802626.292922634
0.135	11800	-802628.725953451
0.135	11850	-802631.156515155
0.135	11900	-802633.584590712
0.135	11950	-802636.010163671
0.135	12000	-802638.433218096
0.14	50	-807384.881269761
0.14	100	-805747.111186518
0.14	150	-804925.042120195
0.14	200	-804406.939528642
0.14	250	-804043.087428669
0.14	300	-803770.618021782
0.14	350	-803557.677376352
0.14	400	-803386.103874734
0.14	450	-803244.660111602
0.14	500	-803125.960915404
0.14	550	-803024.922285749
0.14	600	-802937.912918123
0.14	650	-802862.260034641
0.14	700	-802795.946661011
0.14	750	-802737.418300775
0.14	800	-802685.455085116
0.14	850	-802639.084669991
0.14	900	-802597.521351538
0.14	950	-802560.12254541
0.14	1000	-802526.357059706
0.14	1050	-802495.781558499
0.14	1100	-802468.02282718
0.14	1150	-802442.764221143
0.14	1200	-802419.735179106
0.14	1250	-802398.703014214
0.14	1300	-802379.466420492
0.14	1350	-802361.850286638
0.14	1400	-802345.701517259
0.14	1450	-802330.885638217
0.14	1500	-802317.284018203
0.14	1550	-802304.791578686
0.14	1600	-802293.314893952
0.14	1650	-802282.770605369
0.14	1700	-802273.084090141
0.14	1750	-802264.188337985
0.14	1800	-802256.022998241
0.14	1850	-802248.533568027
0.14	1900	-802241.670697168
0.14	1950	-802235.389590917
0.14	2000	-802229.649494412
0.14	2050	-802224.413246177
0.14	2100	-802219.646889964
0.14	2150	-802215.319336162
0.14	2200	-802211.402065593
0.14	2250	-802207.868869373
0.14	2300	-802204.695620079
0.14	2350	-802201.860069596
0.14	2400	-802199.341670298
0.14	2450	-802197.121416268
0.14	2500	-802195.181702132
0.14	2550	-802193.506197131
0.14	2600	-802192.079732638
0.14	2650	-802190.888201358
0.14	2700	-802189.918466916
0.14	2750	-802189.158282543
0.14	2800	-802188.596217807
0.14	2850	-802188.221592467
0.14	2900	-802188.02441671
0.14	2950	-802187.995336967
0.14	3000	-802188.125586761
0.14	3050	-802188.406942111
0.14	3100	-802188.831680798
0.14	3150	-802189.392545391
0.14	3200	-802190.082709418
0.14	3250	-802190.895746442
0.14	3300	-802191.825601771
0.14	3350	-802192.86656653
0.14	3400	-802194.013253897
0.14	3450	-802195.260577151
0.14	3500	-802196.60372966
0.14	3550	-802198.038166306
0.14	3600	-802199.559586396
0.14	3650	-802201.163917921
0.14	3700	-802202.847302987
0.14	3750	-802204.606084317
0.14	3800	-802206.436792806
0.14	3850	-802208.33613594
0.14	3900	-802210.300987072
0.14	3950	-802212.328375472
0.14	4000	-802214.415477058
0.14	4050	-802216.55960578
0.14	4100	-802218.758205632
0.14	4150	-802221.008843158
0.14	4200	-802223.309200484
0.14	4250	-802225.657068841
0.14	4300	-802228.050342476
0.14	4350	-802230.487012972
0.14	4400	-802232.965163938
0.14	4450	-802235.482966076
0.14	4500	-802238.038672489
0.14	4550	-802240.630614306
0.14	4600	-802243.257196643
0.14	4650	-802245.916894708
0.14	4700	-802248.608250222
0.14	4750	-802251.329868022
0.14	4800	-802254.080412858
0.14	4850	-802256.858606424
0.14	4900	-802259.663224493
0.14	4950	-802262.493094299
0.14	5000	-802265.347091985
0.14	5050	-802268.224140257
0.14	5100	-802271.12320617
0.14	5150	-802274.043298993
0.14	5200	-802276.983468204
0.14	5250	-802279.942801662
0.14	5300	-802282.92042379
0.14	5350	-802285.915493885
0.14	5400	-802288.927204548
0.14	5450	-802291.954780149
0.14	5500	-802294.997475439
0.14	5550	-802298.054574143
0.14	5600	-802301.125387723
0.14	5650	-802304.209254121
0.14	5700	-802307.305536629
0.14	5750	-802310.413622778
0.14	5800	-802313.532923297
0.14	5850	-802316.662871125
0.14	5900	-802319.802920466
0.14	5950	-802322.95254589
0.14	6000	-802326.111241487
0.14	6050	-802329.278520059
0.14	6100	-802332.453912334
0.14	6150	-802335.636966232
0.14	6200	-802338.827246181
0.14	6250	-802342.02433244
0.14	6300	-802345.227820446
0.14	6350	-802348.437320243
0.14	6400	-802351.652455846
0.14	6450	-802354.872864757
0.14	6500	-802358.098197385
0.14	6550	-802361.32811656
0.14	6600	-802364.562297059
0.14	6650	-802367.80042512
0.14	6700	-802371.042198029
0.14	6750	-802374.2873237
0.14	6800	-802377.53552024
0.14	6850	-802380.786515603
0.14	6900	-802384.040047195
0.14	6950	-802387.295861531
0.14	7000	-802390.553713904
0.14	7050	-802393.813368056
0.14	7100	-802397.07459585
0.14	7150	-802400.337177004
0.14	7200	-802403.600898797
0.14	7250	-802406.865555773
0.14	7300	-802410.130949517
0.14	7350	-802413.39688837
0.14	7400	-802416.663187201
0.14	7450	-802419.929667199
0.14	7500	-802423.196155595
0.14	7550	-802426.46248552
0.14	7600	-802429.728495736
0.14	7650	-802432.994030476
0.14	7700	-802436.258939247
0.14	7750	-802439.523076651
0.14	7800	-802442.78630219
0.14	7850	-802446.048480144
0.14	7900	-802449.309479347
0.14	7950	-802452.569173096
0.14	8000	-802455.827438938
0.14	8050	-802459.084158592
0.14	8100	-802462.339217758
0.14	8150	-802465.592506001
0.14	8200	-802468.843916646
0.14	8250	-802472.093346613
0.14	8300	-802475.340696321
0.14	8350	-802478.585869585
0.14	8400	-802481.828773476
0.14	8450	-802485.069318245
0.14	8500	-802488.307417186
0.14	8550	-802491.542986587
0.14	8600	-802494.775945563
0.14	8650	-802498.006216045
0.14	8700	-802501.233722628
0.14	8750	-802504.458392528
0.14	8800	-802507.680155459
0.14	8850	-802510.898943579
0.14	8900	-802514.11469143
0.14	8950	-802517.327335814
0.14	9000	-802520.536815773
0.14	9050	-802523.743072477
0.14	9100	-802526.946049192
0.14	9150	-802530.145691196
0.14	9200	-802533.341945712
0.14	9250	-802536.534761872
0.14	9300	-802539.724090618
0.14	9350	-802542.909884709
0.14	9400	-802546.092098594
0.14	9450	-802549.270688399
0.14	9500	-802552.445611888
0.14	9550	-802555.616828377
0.14	9600	-802558.784298715
0.14	9650	-802561.947985229
0.14	9700	-802565.107851683
0.14	9750	-802568.263863206
0.14	9800	-802571.415986316
0.14	9850	-802574.564188799
0.14	9900	-802577.708439734
0.14	9950	-802580.848709425
0.14	10000	-802583.98496936
0.14	10050	-802587.117192201
0.14	10100	-802590.245351724
0.14	10150	-802593.3694228
0.14	10200	-802596.489381352
0.14	10250	-802599.60520434
0.14	10300	-802602.716869713
0.14	10350	-802605.82435639
0.14	10400	-802608.927644238
0.14	10450	-802612.026714011
0.14	10500	-802615.121547377
0.14	10550	-802618.212126844
0.14	10600	-802621.298435762
0.14	10650	-802624.380458289
0.14	10700	-802627.458179369
0.14	10750	-802630.531584707
0.14	10800	-802633.600660744
0.14	10850	-802636.665394654
0.14	10900	-802639.725774303
0.14	10950	-802642.781788223
0.14	11000	-802645.833425627
0.14	11050	-802648.880676355
0.14	11100	-802651.923530857
0.14	11150	-802654.961980207
0.14	11200	-802657.996016055
0.14	11250	-802661.02563061
0.14	11300	-802664.050816647
0.14	11350	-802667.071567474
0.14	11400	-802670.087876914
0.14	11450	-802673.099739308
0.14	11500	-802676.107149465
0.14	11550	-802679.110102689
0.14	11600	-802682.108594754
0.14	11650	-802685.102621853
0.14	11700	-802688.092180647
0.14	11750	-802691.07726821
0.14	11800	-802694.057882011
0.14	11850	-802697.034019951
0.14	11900	-802700.005680291
0.14	11950	-802702.97286168
0.14	12000	-802705.935563127
0.145	50	-807115.285800789
0.145	100	-805476.100429405
0.145	150	-804660.789997729
0.145	200	-804150.768778012
0.145	250	-803795.006664606
0.145	300	-803530.29865211
0.145	350	-803324.710690581
0.145	400	-803160.081061047
0.145	450	-803025.197923716
0.145	500	-802912.708524933
0.145	550	-802817.561289995
0.145	600	-802736.154935863
0.145	650	-802665.843619131
0.145	700	-802604.634210619
0.145	750	-802550.993220078
0.145	800	-802503.719270698
0.145	850	-802461.856321285
0.145	900	-802424.633079091
0.145	950	-802391.419740084
0.145	1000	-802361.696486477
0.145	1050	-802335.03014158
0.145	1100	-802311.056597599
0.145	1150	-802289.467401945
0.145	1200	-802269.999387505
0.145	1250	-802252.426563139
0.145	1300	-802236.553704925
0.145	1350	-802222.211242582
0.145	1400	-802209.251142992
0.145	1450	-802197.543569305
0.145	1500	-802186.974148953
0.145	1550	-802177.441723902
0.145	1600	-802168.856485893
0.145	1650	-802161.138421292
0.145	1700	-802154.216006872
0.145	1750	-802148.025110053
0.145	1800	-802142.508057003
0.145	1850	-802137.61283917
0.145	1900	-802133.292434709
0.145	1950	-802129.504225687
0.145	2000	-802126.20949566
0.145	2050	-802123.372994749
0.145	2100	-802120.962561936
0.145	2150	-802118.948795892
0.145	2200	-802117.304767127
0.145	2250	-802116.005765607
0.145	2300	-802115.029078699
0.145	2350	-802114.353795358
0.145	2400	-802113.960632911
0.145	2450	-802113.831783494
0.145	2500	-802113.950777583
0.145	2550	-802114.302362351
0.145	2600	-802114.872393091
0.145	2650	-802115.647736088
0.145	2700	-802116.616181436
0.145	2750	-802117.766364771
0.145	2800	-802119.087696844
0.145	2850	-802120.570299888
0.145	2900	-802122.204950232
0.145	2950	-802123.98302636
0.145	3000	-802125.896461737
0.145	3050	-802127.937702079
0.145	3100	-802130.099666422
0.145	3150	-802132.375711732
0.145	3200	-802134.759600548
0.145	3250	-802137.245471498
0.145	3300	-802139.827812299
0.145	3350	-802142.501435048
0.145	3400	-802145.261453546
0.145	3450	-802148.103262511
0.145	3500	-802151.022518421
0.145	3550	-802154.015121954
0.145	3600	-802157.077201756
0.145	3650	-802160.205099488
0.145	3700	-802163.395356036
0.145	3750	-802166.644698743
0.145	3800	-802169.950029593
0.145	3850	-802173.308414329
0.145	3900	-802176.717072274
0.145	3950	-802180.173366952
0.145	4000	-802183.67479738
0.145	4050	-802187.218989912
0.145	4100	-802190.80369076
0.145	4150	-802194.426758909
0.145	4200	-802198.086159605
0.145	4250	-802201.779958251
0.145	4300	-802205.506314709
0.145	4350	-802209.263477987
0.145	4400	-802213.049781247
0.145	4450	-802216.863637214
0.145	4500	-802220.703533751
0.145	4550	-802224.568029847
0.145	4600	-802228.455751765
0.145	4650	-802232.365389476
0.145	4700	-802236.295693301
0.145	4750	-802240.245470742
0.145	4800	-802244.213583547
0.145	4850	-802248.198944874
0.145	4900	-802252.200516745
0.145	4950	-802256.217307505
0.145	5000	-802260.248369538
0.145	5050	-802264.292797084
0.145	5100	-802268.349724147
0.145	5150	-802272.418322565
0.145	5200	-802276.497800194
0.145	5250	-802280.587399134
0.145	5300	-802284.686394116
0.145	5350	-802288.794090951
0.145	5400	-802292.909825067
0.145	5450	-802297.032960108
0.145	5500	-802301.162886646
0.145	5550	-802305.299020931
0.145	5600	-802309.440803705
0.145	5650	-802313.58769911
0.145	5700	-802317.739193609
0.145	5750	-802321.894794992
0.145	5800	-802326.054031441
0.145	5850	-802330.216450602
0.145	5900	-802334.381618737
0.145	5950	-802338.549119931
0.145	6000	-802342.718555276
0.145	6050	-802346.889542181
0.145	6100	-802351.061713636
0.145	6150	-802355.234717566
0.145	6200	-802359.408216202
0.145	6250	-802363.581885451
0.145	6300	-802367.755414354
0.145	6350	-802371.928504529
0.145	6400	-802376.100869629
0.145	6450	-802380.27223487
0.145	6500	-802384.442336542
0.145	6550	-802388.610921579
0.145	6600	-802392.777747092
0.145	6650	-802396.942579977
0.145	6700	-802401.105196543
0.145	6750	-802405.265382092
0.145	6800	-802409.422930587
0.145	6850	-802413.577644316
0.145	6900	-802417.729333537
0.145	6950	-802421.877816194
0.145	7000	-802426.0229176
0.145	7050	-802430.164470149
0.145	7100	-802434.302313047
0.145	7150	-802438.436292063
0.145	7200	-802442.56625925
0.145	7250	-802446.692072722
0.145	7300	-802450.813596419
0.145	7350	-802454.930699877
0.145	7400	-802459.043258058
0.145	7450	-802463.151151082
0.145	7500	-802467.254264066
0.145	7550	-802471.352486972
0.145	7600	-802475.445714345
0.145	7650	-802479.533845218
0.145	7700	-802483.616782916
0.145	7750	-802487.694434904
0.145	7800	-802491.766712608
0.145	7850	-802495.833531323
0.145	7900	-802499.894810019
0.145	7950	-802503.950471246
0.145	8000	-802508.000440978
0.145	8050	-802512.044648502
0.145	8100	-802516.083026308
0.145	8150	-802520.115509947
0.145	8200	-802524.142037946
0.145	8250	-802528.16255168
0.145	8300	-802532.176995311
0.145	8350	-802536.185315623
0.145	8400	-802540.187461997
0.145	8450	-802544.183386273
0.145	8500	-802548.173042675
0.145	8550	-802552.156387754
0.145	8600	-802556.133380256
0.145	8650	-802560.10398108
0.145	8700	-802564.068153204
0.145	8750	-802568.025861587
0.145	8800	-802571.977073126
0.145	8850	-802575.921756574
0.145	8900	-802579.859882482
0.145	8950	-802583.79142312
0.145	9000	-802587.716352451
0.145	9050	-802591.634646036
0.145	9100	-802595.546281002
0.145	9150	-802599.451235974
0.145	9200	-802603.349491035
0.145	9250	-802607.241027661
0.145	9300	-802611.125828702
0.145	9350	-802615.003878286
0.145	9400	-802618.875161826
0.145	9450	-802622.739665942
0.145	9500	-802626.597378435
0.145	9550	-802630.448288229
0.145	9600	-802634.292385364
0.145	9650	-802638.129660928
0.145	9700	-802641.960107028
0.145	9750	-802645.783716765
0.145	9800	-802649.600484187
0.145	9850	-802653.410404266
0.145	9900	-802657.213472858
0.145	9950	-802661.009686674
0.145	10000	-802664.799043269
0.145	10050	-802668.581540969
0.145	10100	-802672.357178899
0.145	10150	-802676.125956912
0.145	10200	-802679.887875577
0.145	10250	-802683.642936178
0.145	10300	-802687.391140643
0.145	10350	-802691.132491561
0.145	10400	-802694.866992129
0.145	10450	-802698.594646165
0.145	10500	-802702.315458055
0.145	10550	-802706.029432745
0.145	10600	-802709.736575727
0.145	10650	-802713.436893009
0.145	10700	-802717.130391101
0.145	10750	-802720.817076994
0.145	10800	-802724.496958159
0.145	10850	-802728.170042496
0.145	10900	-802731.836338353
0.145	10950	-802735.495854496
0.145	11000	-802739.148600088
0.145	11050	-802742.794584689
0.145	11100	-802746.433818222
0.145	11150	-802750.066310972
0.145	11200	-802753.69207358
0.145	11250	-802757.311117003
0.145	11300	-802760.923452532
0.145	11350	-802764.529091768
0.145	11400	-802768.128046607
0.145	11450	-802771.720329224
0.145	11500	-802775.305952074
0.145	11550	-802778.884927885
0.145	11600	-802782.45726962
0.145	11650	-802786.02299049
0.145	11700	-802789.582103952
0.145	11750	-802793.134623686
0.145	11800	-802796.680563573
0.145	11850	-802800.219937711
0.145	11900	-802803.752760398
0.145	11950	-802807.279046117
0.145	12000	-802810.79880953
0.15	50	-806855.533394515
0.15	100	-805218.360522982
0.15	150	-804411.919450162
0.15	200	-803911.500942261
0.15	250	-803565.014475212
0.15	300	-803309.036718917
0.15	350	-803111.618849628
0.15	400	-802954.638822774
0.15	450	-802826.936368569
0.15	500	-802721.209077613
0.15	550	-802632.450675571
0.15	600	-802557.099454663
0.15	650	-802492.543787303
0.15	700	-802436.820063782
0.15	750	-802388.420306157
0.15	800	-802346.165266168
0.15	850	-802309.118181829
0.15	900	-802276.524637471
0.15	950	-802247.769674833
0.15	1000	-802222.346596952
0.15	1050	-802199.833876399
0.15	1100	-802179.877793113
0.15	1150	-802162.179195608
0.15	1200	-802146.483277274
0.15	1250	-802132.571589682
0.15	1300	-802120.255737398
0.15	1350	-802109.372352163
0.15	1400	-802099.779051212
0.15	1450	-802091.35116042
0.15	1500	-802083.979037259
0.15	1550	-802077.565868547
0.15	1600	-802072.02584676
0.15	1650	-802067.282650742
0.15	1700	-802063.268172618
0.15	1750	-802059.921445486
0.15	1800	-802057.187735502
0.15	1850	-802055.017769649
0.15	1900	-802053.367075944
0.15	1950	-802052.195417283
0.15	2000	-802051.466303813
0.15	2050	-802051.146571271
0.15	2100	-802051.20601507
0.15	2150	-802051.617071688
0.15	2200	-802052.35454045
0.15	2250	-802053.395339622
0.15	2300	-802054.718292166
0.15	2350	-802056.303936905
0.15	2400	-802058.134361692
0.15	2450	-802060.193055608
0.15	2500	-802062.46477771
0.15	2550	-802064.935440232
0.15	2600	-802067.592004353
0.15	2650	-802070.422387062
0.15	2700	-802073.415377658
0.15	2750	-802076.560562845
0.15	2800	-802079.848259352
0.15	2850	-802083.269453219
0.15	2900	-802086.815744979
0.15	2950	-802090.479300134
0.15	3000	-802094.252804246
0.15	3050	-802098.129422265
0.15	3100	-802102.10276152
0.15	3150	-802106.16683807
0.15	3200	-802110.316046031
0.15	3250	-802114.545129642
0.15	3300	-802118.849157651
0.15	3350	-802123.223499974
0.15	3400	-802127.663806211
0.15	3450	-802132.165986068
0.15	3500	-802136.726191267
0.15	3550	-802141.340798984
0.15	3600	-802146.006396573
0.15	3650	-802150.719767516
0.15	3700	-802155.477878418
0.15	3750	-802160.27786707
0.15	3800	-802165.117031385
0.15	3850	-802169.992819117
0.15	3900	-802174.902818411
0.15	3950	-802179.844749016
0.15	4000	-802184.816454123
0.15	4050	-802189.81589282
0.15	4100	-802194.841133031
0.15	4150	-802199.890345008
0.15	4200	-802204.961795211
0.15	4250	-802210.053840672
0.15	4300	-802215.164923693
0.15	4350	-802220.293566911
0.15	4400	-802225.438368708
0.15	4450	-802230.59799891
0.15	4500	-802235.771194752
0.15	4550	-802240.95675716
0.15	4600	-802246.153547166
0.15	4650	-802251.360482655
0.15	4700	-802256.576535286
0.15	4750	-802261.800727544
0.15	4800	-802267.032130062
0.15	4850	-802272.269859049
0.15	4900	-802277.513073894
0.15	4950	-802282.760974904
0.15	5000	-802288.012801186
0.15	5050	-802293.267828658
0.15	5100	-802298.525368157
0.15	5150	-802303.784763659
0.15	5200	-802309.04539063
0.15	5250	-802314.306654443
0.15	5300	-802319.567988874
0.15	5350	-802324.828854731
0.15	5400	-802330.08873851
0.15	5450	-802335.347151134
0.15	5500	-802340.603626783
0.15	5550	-802345.857721793
0.15	5600	-802351.109013557
0.15	5650	-802356.357099557
0.15	5700	-802361.601596393
0.15	5750	-802366.842138895
0.15	5800	-802372.078379279
0.15	5850	-802377.309986312
0.15	5900	-802382.536644585
0.15	5950	-802387.758053762
0.15	6000	-802392.973927881
0.15	6050	-802398.183994726
0.15	6100	-802403.387995199
0.15	6150	-802408.585682703
0.15	6200	-802413.776822617
0.15	6250	-802418.961191747
0.15	6300	-802424.138577808
0.15	6350	-802429.308778961
0.15	6400	-802434.471603341
0.15	6450	-802439.626868615
0.15	6500	-802444.774401585
0.15	6550	-802449.914037765
0.15	6600	-802455.045621035
0.15	6650	-802460.169003256
0.15	6700	-802465.284043921
0.15	6750	-802470.390609856
0.15	6800	-802475.488574892
0.15	6850	-802480.577819563
0.15	6900	-802485.658230816
0.15	6950	-802490.729701765
0.15	7000	-802495.792131413
0.15	7050	-802500.845424392
0.15	7100	-802505.889490766
0.15	7150	-802510.92424576
0.15	7200	-802515.949609584
0.15	7250	-802520.965507184
0.15	7300	-802525.971868091
0.15	7350	-802530.968626196
0.15	7400	-802535.955719584
0.15	7450	-802540.933090367
0.15	7500	-802545.900684494
0.15	7550	-802550.858451634
0.15	7600	-802555.80634498
0.15	7650	-802560.744321136
0.15	7700	-802565.672339951
0.15	7750	-802570.590364428
0.15	7800	-802575.498360543
0.15	7850	-802580.396297162
0.15	7900	-802585.2841459
0.15	7950	-802590.161881028
0.15	8000	-802595.029479365
0.15	8050	-802599.886920151
0.15	8100	-802604.734184963
0.15	8150	-802609.571257629
0.15	8200	-802614.398124125
0.15	8250	-802619.214772487
0.15	8300	-802624.021192727
0.15	8350	-802628.817376766
0.15	8400	-802633.603318342
0.15	8450	-802638.379012929
0.15	8500	-802643.144457691
0.15	8550	-802647.899651388
0.15	8600	-802652.644594322
0.15	8650	-802657.379288287
0.15	8700	-802662.103736472
0.15	8750	-802666.81794344
0.15	8800	-802671.521915041
0.15	8850	-802676.215658387
0.15	8900	-802680.899181781
0.15	8950	-802685.572494673
0.15	9000	-802690.2356076
0.15	9050	-802694.888532167
0.15	9100	-802699.53128098
0.15	9150	-802704.163867607
0.15	9200	-802708.786306559
0.15	9250	-802713.398613196
0.15	9300	-802718.000803746
0.15	9350	-802722.592895253
0.15	9400	-802727.17490552
0.15	9450	-802731.746853103
0.15	9500	-802736.308757265
0.15	9550	-802740.860637927
0.15	9600	-802745.402515685
0.15	9650	-802749.934411733
0.15	9700	-802754.45634786
0.15	9750	-802758.968346424
0.15	9800	-802763.470430311
0.15	9850	-802767.962622916
0.15	9900	-802772.444948136
0.15	9950	-802776.917430325
0.15	10000	-802781.380094272
0.15	10050	-802785.832965199
0.15	10100	-802790.276068718
0.15	10150	-802794.709430816
0.15	10200	-802799.133077876
0.15	10250	-802803.547036576
0.15	10300	-802807.951333946
0.15	10350	-802812.345997327
0.15	10400	-802816.731054331
0.15	10450	-802821.106532862
0.15	10500	-802825.472461075
0.15	10550	-802829.828867379
0.15	10600	-802834.175780402
0.15	10650	-802838.513228995
0.15	10700	-802842.841242222
0.15	10750	-802847.159849316
0.15	10800	-802851.469079714
0.15	10850	-802855.768962993
0.15	10900	-802860.059528918
0.15	10950	-802864.340807372
0.15	11000	-802868.61282838
0.15	11050	-802872.875622102
0.15	11100	-802877.129218793
0.15	11150	-802881.373648831
0.15	11200	-802885.608942675
0.15	11250	-802889.835130878
0.15	11300	-802894.052244076
0.15	11350	-802898.260312973
0.15	11400	-802902.459368322
0.15	11450	-802906.649440952
0.15	11500	-802910.830561729
0.15	11550	-802915.002761551
0.15	11600	-802919.166071375
0.15	11650	-802923.320522157
0.15	11700	-802927.466144902
0.15	11750	-802931.602970606
0.15	11800	-802935.731030291
0.15	11850	-802939.850354975
0.15	11900	-802943.960975675
0.15	11950	-802948.062923415
0.15	12000	-802952.156229186
0.155	50	-806605.538264065
0.155	100	-804973.762787772
0.155	150	-804178.270695018
0.155	200	-803688.95125441
0.155	250	-803352.904954951
0.155	300	-803106.607858436
0.155	350	-802918.161025523
0.155	400	-802769.521419818
0.155	450	-802649.606042663
0.155	500	-802551.180537088
0.155	550	-802469.296640871
0.155	600	-802400.441650022
0.155	650	-802342.045335537
0.155	700	-802292.179202314
0.155	750	-802249.365226058
0.155	800	-802212.449870048
0.155	850	-802180.518582765
0.155	900	-802152.836253421
0.155	950	-802128.804802242
0.155	1000	-802107.932371552
0.155	1050	-802089.810548553
0.155	1100	-802074.097260315
0.155	1150	-802060.503746405
0.155	1200	-802048.784510201
0.155	1250	-802038.729477944
0.155	1300	-802030.157815561
0.155	1350	-802022.913005678
0.155	1400	-802016.858893018
0.155	1450	-802011.876481629
0.155	1500	-802007.861321285
0.155	1550	-802004.721359681
0.155	1600	-802002.375165821
0.155	1650	-802000.750451459
0.155	1700	-801999.782833528
0.155	1750	-801999.414792794
0.155	1800	-801999.594793114
0.155	1850	-802000.276533162
0.155	1900	-802001.418307636
0.155	1950	-802002.982459869
0.155	2000	-802004.934910722
0.155	2050	-802007.244751719
0.155	2100	-802009.883892282
0.155	2150	-802012.826752994
0.155	2200	-802016.049997856
0.155	2250	-802019.532299984
0.155	2300	-802023.254135935
0.155	2350	-802027.197604621
0.155	2400	-802031.346267483
0.155	2450	-802035.685007073
0.155	2500	-802040.199901609
0.155	2550	-802044.878113405
0.155	2600	-802049.707789485
0.155	2650	-802054.677972798
0.155	2700	-802059.778522805
0.155	2750	-802065.000044195
0.155	2800	-802070.333822909
0.155	2850	-802075.771768554
0.155	2900	-802081.306362446
0.155	2950	-802086.930610697
0.155	3000	-802092.638001809
0.155	3050	-802098.422468176
0.155	3100	-802104.278351216
0.155	3150	-802110.200369651
0.155	3200	-802116.183590641
0.155	3250	-802122.22340346
0.155	3300	-802128.315495503
0.155	3350	-802134.455830341
0.155	3400	-802140.640627621
0.155	3450	-802146.866344708
0.155	3500	-802153.129659788
0.155	3550	-802159.427456397
0.155	3600	-802165.756809172
0.155	3650	-802172.11497075
0.155	3700	-802178.499359701
0.155	3750	-802184.90754938
0.155	3800	-802191.337257678
0.155	3850	-802197.786337518
0.155	3900	-802204.252768059
0.155	3950	-802210.734646604
0.155	4000	-802217.230181027
0.155	4050	-802223.737682837
0.155	4100	-802230.255560667
0.155	4150	-802236.782314261
0.155	4200	-802243.316528886
0.155	4250	-802249.856870142
0.155	4300	-802256.402079089
0.155	4350	-802262.950967739
0.155	4400	-802269.502414871
0.155	4450	-802276.055362091
0.155	4500	-802282.608810156
0.155	4550	-802289.161815558
0.155	4600	-802295.713487328
0.155	4650	-802302.262984043
0.155	4700	-802308.809511009
0.155	4750	-802315.352317659
0.155	4800	-802321.89069505
0.155	4850	-802328.423973618
0.155	4900	-802334.951520953
0.155	4950	-802341.472739823
0.155	5000	-802347.987066206
0.155	5050	-802354.49396756
0.155	5100	-802360.992941075
0.155	5150	-802367.483512142
0.155	5200	-802373.965232835
0.155	5250	-802380.437680497
0.155	5300	-802386.900456424
0.155	5350	-802393.353184634
0.155	5400	-802399.79551067
0.155	5450	-802406.227100478
0.155	5500	-802412.647639406
0.155	5550	-802419.056831177
0.155	5600	-802425.454396968
0.155	5650	-802431.840074507
0.155	5700	-802438.21361728
0.155	5750	-802444.5747937
0.155	5800	-802450.923386405
0.155	5850	-802457.259191503
0.155	5900	-802463.582017927
0.155	5950	-802469.891686831
0.155	6000	-802476.188030921
0.155	6050	-802482.470893956
0.155	6100	-802488.740130177
0.155	6150	-802494.995603787
0.155	6200	-802501.237188496
0.155	6250	-802507.464767028
0.155	6300	-802513.678230715
0.155	6350	-802519.877479055
0.155	6400	-802526.062419342
0.155	6450	-802532.232966283
0.155	6500	-802538.389041635
0.155	6550	-802544.530573875
0.155	6600	-802550.657497884
0.155	6650	-802556.769754625
0.155	6700	-802562.867290879
0.155	6750	-802568.950058946
0.155	6800	-802575.018016373
0.155	6850	-802581.071125744
0.155	6900	-802587.109354407
0.155	6950	-802593.132674253
0.155	7000	-802599.141061508
0.155	7050	-802605.134496526
0.155	7100	-802611.112963574
0.155	7150	-802617.076450685
0.155	7200	-802623.024949436
0.155	7250	-802628.958454797
0.155	7300	-802634.876964974
0.155	7350	-802640.78048125
0.155	7400	-802646.669007823
0.155	7450	-802652.542551692
0.155	7500	-802658.401122502
0.155	7550	-802664.244732416
0.155	7600	-802670.073396009
0.155	7650	-802675.887130121
0.155	7700	-802681.685953791
0.155	7750	-802687.469888094
0.155	7800	-802693.23895609
0.155	7850	-802698.993182684
0.155	7900	-802704.732594578
0.155	7950	-802710.457220136
0.155	8000	-802716.167089325
0.155	8050	-802721.862233639
0.155	8100	-802727.542685987
0.155	8150	-802733.208480673
0.155	8200	-802738.859653272
0.155	8250	-802744.496240587
0.155	8300	-802750.118280592
0.155	8350	-802755.725812343
0.155	8400	-802761.318875951
0.155	8450	-802766.897512498
0.155	8500	-802772.46176399
0.155	8550	-802778.011673319
0.155	8600	-802783.547284193
0.155	8650	-802789.068641095
0.155	8700	-802794.575789257
0.155	8750	-802800.068774575
0.155	8800	-802805.547643605
0.155	8850	-802811.012443508
0.155	8900	-802816.46322201
0.155	8950	-802821.900027366
0.155	9000	-802827.322908332
0.155	9050	-802832.731914117
0.155	9100	-802838.127094369
0.155	9150	-802843.508499138
0.155	9200	-802848.876178831
0.155	9250	-802854.23018421
0.155	9300	-802859.570566342
0.155	9350	-802864.897376592
0.155	9400	-802870.210666571
0.155	9450	-802875.510488148
0.155	9500	-802880.796893411
0.155	9550	-802886.06993463
0.155	9600	-802891.329664255
0.155	9650	-802896.576134899
0.155	9700	-802901.809399311
0.155	9750	-802907.029510341
0.155	9800	-802912.236520964
0.155	9850	-802917.430484213
0.155	9900	-802922.611453222
0.155	9950	-802927.779481149
0.155	10000	-802932.934621204
0.155	10050	-802938.076926618
0.155	10100	-802943.206450642
0.155	10150	-802948.32324651
0.155	10200	-802953.427367456
0.155	10250	-802958.518866684
0.155	10300	-802963.597797358
0.155	10350	-802968.664212609
0.155	10400	-802973.718165502
0.155	10450	-802978.759709028
0.155	10500	-802983.788896113
0.155	10550	-802988.805779598
0.155	10600	-802993.810412232
0.155	10650	-802998.802846653
0.155	10700	-803003.783135413
0.155	10750	-803008.751330923
0.155	10800	-803013.707485488
0.155	10850	-803018.651651273
0.155	10900	-803023.583880326
0.155	10950	-803028.504224534
0.155	11000	-803033.412735649
0.155	11050	-803038.30946527
0.155	11100	-803043.194464832
0.155	11150	-803048.067785614
0.155	11200	-803052.929478729
0.155	11250	-803057.779595117
0.155	11300	-803062.618185549
0.155	11350	-803067.445300597
0.155	11400	-803072.260990681
0.155	11450	-803077.065306018
0.155	11500	-803081.858296623
0.155	11550	-803086.640012347
0.155	11600	-803091.410502823
0.155	11650	-803096.169817494
0.155	11700	-803100.918005619
0.155	11750	-803105.655116218
0.155	11800	-803110.381198132
0.155	11850	-803115.096299993
0.155	11900	-803119.800470219
0.155	11950	-803124.493757007
0.155	12000	-803129.176208365
0.16	50	-806365.216443223
0.16	100	-804742.181200375
0.16	150	-803959.687334226
0.16	200	-803482.93898618
0.16	250	-803158.476834857
0.16	300	-802922.792896243
0.16	350	-802744.102095216
0.16	400	-802604.479301131
0.16	450	-802492.944188744
0.16	500	-802402.347946943
0.16	550	-802327.812877234
0.16	600	-802265.884585001
0.16	650	-802214.041325885
0.16	700	-802170.395236899
0.16	750	-802133.502625404
0.16	800	-802102.239196685
0.16	850	-802075.715496992
0.16	900	-802053.218110929
0.16	950	-802034.167837949
0.16	1000	-802018.089350529
0.16	1050	-802004.588791909
0.16	1100	-801993.336974598
0.16	1150	-801984.056600653
0.16	1200	-801976.512416482
0.16	1250	-801970.503540257
0.16	1300	-801965.857419014
0.16	1350	-801962.425023349
0.16	1400	-801960.076991871
0.16	1450	-801958.700512611
0.16	1500	-801958.19678108
0.16	1550	-801958.47891388
0.16	1600	-801959.470224935
0.16	1650	-801961.102792619
0.16	1700	-801963.316261885
0.16	1750	-801966.05683744
0.16	1800	-801969.27643329
0.16	1850	-801972.931950954
0.16	1900	-801976.98466413
0.16	1950	-801981.399691912
0.16	2000	-801986.145546049
0.16	2050	-801991.193740316
0.16	2100	-801996.518452309
0.16	2150	-802002.09622966
0.16	2200	-802007.905733949
0.16	2250	-802013.927516818
0.16	2300	-802020.143823735
0.16	2350	-802026.53842134
0.16	2400	-802033.09644536
0.16	2450	-802039.804266106
0.16	2500	-802046.649369346
0.16	2550	-802053.62025049
0.16	2600	-802060.706320454
0.16	2650	-802067.897821598
0.16	2700	-802075.18575273
0.16	2750	-802082.561801814
0.16	2800	-802090.018285689
0.16	2850	-802097.5480958
0.16	2900	-802105.144649394
0.16	2950	-802112.801845451
0.16	3000	-802120.514024906
0.16	3050	-802128.27593461
0.16	3100	-802136.082694717
0.16	3150	-802143.929769036
0.16	3200	-802151.812938102
0.16	3250	-802159.728274671
0.16	3300	-802167.672121386
0.16	3350	-802175.641070384
0.16	3400	-802183.631944661
0.16	3450	-802191.641781024
0.16	3500	-802199.667814541
0.16	3550	-802207.707464128
0.16	3600	-802215.758319508
0.16	3650	-802223.818129086
0.16	3700	-802231.884788859
0.16	3750	-802239.956332178
0.16	3800	-802248.030920362
0.16	3850	-802256.106833936
0.16	3900	-802264.182464678
0.16	3950	-802272.256308143
0.16	4000	-802280.326956835
0.16	4050	-802288.393093814
0.16	4100	-802296.453486828
0.16	4150	-802304.506982875
0.16	4200	-802312.552503093
0.16	4250	-802320.589038073
0.16	4300	-802328.615643501
0.16	4350	-802336.631436053
0.16	4400	-802344.635589634
0.16	4450	-802352.627331839
0.16	4500	-802360.605940676
0.16	4550	-802368.570741492
0.16	4600	-802376.521104116
0.16	4650	-802384.45644018
0.16	4700	-802392.376200632
0.16	4750	-802400.279873396
0.16	4800	-802408.166981196
0.16	4850	-802416.037079506
0.16	4900	-802423.889754634
0.16	4950	-802431.72462195
0.16	5000	-802439.541324178
0.16	5050	-802447.339529829
0.16	5100	-802455.118931738
0.16	5150	-802462.879245659
0.16	5200	-802470.620208971
0.16	5250	-802478.341579453
0.16	5300	-802486.043134102
0.16	5350	-802493.724668102
0.16	5400	-802501.385993783
0.16	5450	-802509.026939628
0.16	5500	-802516.647349424
0.16	5550	-802524.247081382
0.16	5600	-802531.826007341
0.16	5650	-802539.384012012
0.16	5700	-802546.920992253
0.16	5750	-802554.436856421
0.16	5800	-802561.931523729
0.16	5850	-802569.404923638
0.16	5900	-802576.856995291
0.16	5950	-802584.287686992
0.16	6000	-802591.6969557
0.16	6050	-802599.084766528
0.16	6100	-802606.451092325
0.16	6150	-802613.795913239
0.16	6200	-802621.119216291
0.16	6250	-802628.420995025
0.16	6300	-802635.701249127
0.16	6350	-802642.959984087
0.16	6400	-802650.197210896
0.16	6450	-802657.412945693
0.16	6500	-802664.607209515
0.16	6550	-802671.780028017
0.16	6600	-802678.931431181
0.16	6650	-802686.061453111
0.16	6700	-802693.170131757
0.16	6750	-802700.25750874
0.16	6800	-802707.323629083
0.16	6850	-802714.368541062
0.16	6900	-802721.392295991
0.16	6950	-802728.394948052
0.16	7000	-802735.376554099
0.16	7050	-802742.337173541
0.16	7100	-802749.276868144
0.16	7150	-802756.195701913
0.16	7200	-802763.093740931
0.16	7250	-802769.97105326
0.16	7300	-802776.827708769
0.16	7350	-802783.663779059
0.16	7400	-802790.47933732
0.16	7450	-802797.274458249
0.16	7500	-802804.049217918
0.16	7550	-802810.803693701
0.16	7600	-802817.537964175
0.16	7650	-802824.252109026
0.16	7700	-802830.946208971
0.16	7750	-802837.620345695
0.16	7800	-802844.274601733
0.16	7850	-802850.909060442
0.16	7900	-802857.523805914
0.16	7950	-802864.118922915
0.16	8000	-802870.694496812
0.16	8050	-802877.250613545
0.16	8100	-802883.787359529
0.16	8150	-802890.304821644
0.16	8200	-802896.80308716
0.16	8250	-802903.282243677
0.16	8300	-802909.742379124
0.16	8350	-802916.183581682
0.16	8400	-802922.605939745
0.16	8450	-802929.009541886
0.16	8500	-802935.39447683
0.16	8550	-802941.760833411
0.16	8600	-802948.108700528
0.16	8650	-802954.438167141
0.16	8700	-802960.749322213
0.16	8750	-802967.042254694
0.16	8800	-802973.317053499
0.16	8850	-802979.573807477
0.16	8900	-802985.812605383
0.16	8950	-802992.033535867
0.16	9000	-802998.236687437
0.16	9050	-803004.422148453
0.16	9100	-803010.590007096
0.16	9150	-803016.740351362
0.16	9200	-803022.873269026
0.16	9250	-803028.988847647
0.16	9300	-803035.087174548
0.16	9350	-803041.168336783
0.16	9400	-803047.232421143
0.16	9450	-803053.279514131
0.16	9500	-803059.309701971
0.16	9550	-803065.323070563
0.16	9600	-803071.319705498
0.16	9650	-803077.299692041
0.16	9700	-803083.263115106
0.16	9750	-803089.210059294
0.16	9800	-803095.140608816
0.16	9850	-803101.054847539
0.16	9900	-803106.952858952
0.16	9950	-803112.834726189
0.16	10000	-803118.700531976
0.16	10050	-803124.550358654
0.16	10100	-803130.384288189
0.16	10150	-803136.202402125
0.16	10200	-803142.004781622
0.16	10250	-803147.791507407
0.16	10300	-803153.562659816
0.16	10350	-803159.318318766
0.16	10400	-803165.058563744
0.16	10450	-803170.783473825
0.16	10500	-803176.493127656
0.16	10550	-803182.187603459
0.16	10600	-803187.866979015
0.16	10650	-803193.531331685
0.16	10700	-803199.180738389
0.16	10750	-803204.815275622
0.16	10800	-803210.435019432
0.16	10850	-803216.040045435
0.16	10900	-803221.630428806
0.16	10950	-803227.206244285
0.16	11000	-803232.767566169
0.16	11050	-803238.314468316
0.16	11100	-803243.847024141
0.16	11150	-803249.365306633
0.16	11200	-803254.869388324
0.16	11250	-803260.359341316
0.16	11300	-803265.835237271
0.16	11350	-803271.297147401
0.16	11400	-803276.745142505
0.16	11450	-803282.179292917
0.16	11500	-803287.599668561
0.16	11550	-803293.006338898
0.16	11600	-803298.399372981
0.16	11650	-803303.778839412
0.16	11700	-803309.144806369
0.16	11750	-803314.497341595
0.16	11800	-803319.83651241
0.16	11850	-803325.162385708
0.16	11900	-803330.475027944
0.16	11950	-803335.774505163
0.16	12000	-803341.060882973
0.165	50	-806134.485701936
0.165	100	-804523.492284484
0.165	150	-803756.016223529
0.165	200	-803293.287297567
0.165	250	-802981.533313662
0.165	300	-802757.377661035
0.165	350	-802589.212437914
0.165	400	-802459.26888647
0.165	450	-802356.694462638
0.165	500	-802274.443183215
0.165	550	-802207.720307702
0.165	600	-802153.138935719
0.165	650	-802108.232798756
0.165	700	-802071.16010739
0.165	750	-802040.515816602
0.165	800	-802015.208352874
0.165	850	-801994.376204497
0.165	900	-801977.330005469
0.165	950	-801963.511404112
0.165	1000	-801952.46326697
0.165	1050	-801943.807711284
0.165	1100	-801937.229652861
0.165	1150	-801932.464309615
0.165	1200	-801929.287587975
0.165	1250	-801927.508601032
0.165	1300	-801926.963783974
0.165	1350	-801927.512220838
0.165	1400	-801929.031900242
0.165	1450	-801931.416690564
0.165	1500	-801934.573877963
0.165	1550	-801938.422148132
0.165	1600	-801942.889921185
0.165	1650	-801947.913969299
0.165	1700	-801953.4382626
0.165	1750	-801959.413000449
0.165	1800	-801965.793794277
0.165	1850	-801972.540974907
0.165	1900	-801979.619002859
0.165	1950	-801986.995964247
0.165	2000	-801994.643137991
0.165	2050	-802002.534623019
0.165	2100	-802010.647015906
0.165	2150	-802018.959131185
0.165	2200	-802027.451757914
0.165	2250	-802036.107447196
0.165	2300	-802044.910326067
0.165	2350	-802053.84593415
0.165	2400	-802062.901079805
0.165	2450	-802072.063713199
0.165	2500	-802081.322813986
0.165	2550	-802090.668291745
0.165	2600	-802100.090897416
0.165	2650	-802109.58214449
0.165	2700	-802119.134238666
0.165	2750	-802128.74001489
0.165	2800	-802138.39288101
0.165	2850	-802148.086767176
0.165	2900	-802157.816080346
0.165	2950	-802167.575663297
0.165	3000	-802177.36075769
0.165	3050	-802187.166970628
0.165	3100	-802196.990244498
0.165	3150	-802206.826829515
0.165	3200	-802216.673258917
0.165	3250	-802226.526326377
0.165	3300	-802236.383065415
0.165	3350	-802246.240730724
0.165	3400	-802256.096781078
0.165	3450	-802265.948863699
0.165	3500	-802275.794800056
0.165	3550	-802285.632572758
0.165	3600	-802295.460313636
0.165	3650	-802305.276292745
0.165	3700	-802315.078908287
0.165	3750	-802324.866677384
0.165	3800	-802334.63822752
0.165	3850	-802344.392288718
0.165	3900	-802354.127686316
0.165	3950	-802363.84333429
0.165	4000	-802373.538229086
0.165	4050	-802383.211443952
0.165	4100	-802392.862123665
0.165	4150	-802402.489479675
0.165	4200	-802412.092785565
0.165	4250	-802421.671372919
0.165	4300	-802431.224627411
0.165	4350	-802440.751985225
0.165	4400	-802450.25292969
0.165	4450	-802459.726988225
0.165	4500	-802469.173729399
0.165	4550	-802478.592760284
0.165	4600	-802487.98372393
0.165	4650	-802497.346297046
0.165	4700	-802506.680187821
0.165	4750	-802515.985133924
0.165	4800	-802525.260900584
0.165	4850	-802534.507278838
0.165	4900	-802543.724083891
0.165	4950	-802552.911153566
0.165	5000	-802562.068346868
0.165	5050	-802571.195542649
0.165	5100	-802580.292638323
0.165	5150	-802589.359548723
0.165	5200	-802598.396204957
0.165	5250	-802607.402553413
0.165	5300	-802616.378554756
0.165	5350	-802625.324183033
0.165	5400	-802634.239424836
0.165	5450	-802643.124278464
0.165	5500	-802651.97875321
0.165	5550	-802660.802868636
0.165	5600	-802669.596653913
0.165	5650	-802678.360147213
0.165	5700	-802687.093395101
0.165	5750	-802695.796451997
0.165	5800	-802704.46937968
0.165	5850	-802713.112246753
0.165	5900	-802721.725128241
0.165	5950	-802730.308105118
0.165	6000	-802738.86126394
0.165	6050	-802747.384696414
0.165	6100	-802755.878499104
0.165	6150	-802764.34277303
0.165	6200	-802772.7776234
0.165	6250	-802781.183159275
0.165	6300	-802789.55949331
0.165	6350	-802797.906741474
0.165	6400	-802806.225022801
0.165	6450	-802814.514459176
0.165	6500	-802822.775175067
0.165	6550	-802831.00729736
0.165	6600	-802839.210955132
0.165	6650	-802847.386279493
0.165	6700	-802855.533403375
0.165	6750	-802863.652461386
0.165	6800	-802871.743589665
0.165	6850	-802879.806925707
0.165	6900	-802887.842608248
0.165	6950	-802895.850777121
0.165	7000	-802903.831573125
0.165	7050	-802911.785137941
0.165	7100	-802919.711613993
0.165	7150	-802927.611144341
0.165	7200	-802935.483872606
0.165	7250	-802943.329942868
0.165	7300	-802951.149499582
0.165	7350	-802958.942687478
0.165	7400	-802966.709651511
0.165	7450	-802974.450536786
0.165	7500	-802982.165488459
0.165	7550	-802989.854651712
0.165	7600	-802997.518171679
0.165	7650	-803005.156193373
0.165	7700	-803012.768861654
0.165	7750	-803020.356321171
0.165	7800	-803027.918716324
0.165	7850	-803035.456191195
0.165	7900	-803042.968889525
0.165	7950	-803050.456954694
0.165	8000	-803057.920529643
0.165	8050	-803065.359756868
0.165	8100	-803072.774778379
0.165	8150	-803080.16573568
0.165	8200	-803087.532769721
0.165	8250	-803094.8760209
0.165	8300	-803102.195629008
0.165	8350	-803109.491733235
0.165	8400	-803116.764472125
0.165	8450	-803124.013983572
0.165	8500	-803131.240404806
0.165	8550	-803138.443872354
0.165	8600	-803145.624522039
0.165	8650	-803152.782488978
0.165	8700	-803159.91790754
0.165	8750	-803167.030911371
0.165	8800	-803174.121633332
0.165	8850	-803181.190205548
0.165	8900	-803188.236759346
0.165	8950	-803195.261425296
0.165	9000	-803202.264333152
0.165	9050	-803209.245611885
0.165	9100	-803216.205389659
0.165	9150	-803223.143793838
0.165	9200	-803230.060950963
0.165	9250	-803236.956986765
0.165	9300	-803243.832026155
0.165	9350	-803250.686193212
0.165	9400	-803257.519611201
0.165	9450	-803264.332402561
0.165	9500	-803271.124688892
0.165	9550	-803277.896590978
0.165	9600	-803284.648228756
0.165	9650	-803291.379721358
0.165	9700	-803298.091187063
0.165	9750	-803304.78274333
0.165	9800	-803311.454506799
0.165	9850	-803318.106593267
0.165	9900	-803324.739117721
0.165	9950	-803331.352194311
0.165	10000	-803337.945936386
0.165	10050	-803344.520456455
0.165	10100	-803351.075866221
0.165	10150	-803357.612276576
0.165	10200	-803364.12979759
0.165	10250	-803370.628538541
0.165	10300	-803377.1086079
0.165	10350	-803383.570113325
0.165	10400	-803390.013161692
0.165	10450	-803396.437859076
0.165	10500	-803402.844310771
0.165	10550	-803409.232621282
0.165	10600	-803415.602894323
0.165	10650	-803421.955232851
0.165	10700	-803428.289739044
0.165	10750	-803434.606514305
0.165	10800	-803440.905659281
0.165	10850	-803447.187273861
0.165	10900	-803453.451457184
0.165	10950	-803459.698307626
0.165	11000	-803465.927922842
0.165	11050	-803472.140399728
0.165	11100	-803478.33583446
0.165	11150	-803484.514322479
0.165	11200	-803490.675958498
0.165	11250	-803496.820836517
0.165	11300	-803502.949049829
0.165	11350	-803509.060691009
0.165	11400	-803515.155851924
0.165	11450	-803521.234623764
0.165	11500	-803527.297097003
0.165	11550	-803533.343361436
0.165	11600	-803539.373506182
0.165	11650	-803545.387619678
0.165	11700	-803551.385789684
0.165	11750	-803557.368103304
0.165	11800	-803563.33464697
0.165	11850	-803569.28550646
0.165	11900	-803575.220766911
0.165	11950	-803581.140512805
0.165	12000	-803587.04482798
0.17	50	-805913.265466575
0.17	100	-804317.575007553
0.17	150	-803567.107348178
0.17	200	-803119.823093271
0.17	250	-802821.881896269
0.17	300	-802610.152806225
0.17	350	-802453.267740694
0.17	400	-802333.652356806
0.17	450	-802240.606709132
0.17	500	-802167.204716397
0.17	550	-802108.746835676
0.17	600	-802061.922727142
0.17	650	-802024.328496261
0.17	700	-801994.173794142
0.17	750	-801970.096478595
0.17	800	-801951.041126257
0.17	850	-801936.176969682
0.17	900	-801924.841010708
0.17	950	-801916.497685643
0.17	1000	-801910.709692815
0.17	1050	-801907.116518615
0.17	1100	-801905.418379964
0.17	1150	-801905.364046438
0.17	1200	-801906.741485856
0.17	1250	-801909.370595383
0.17	1300	-801913.09749285
0.17	1350	-801917.789990191
0.17	1400	-801923.33397195
0.17	1450	-801929.63047414
0.17	1500	-801936.593310116
0.17	1550	-801944.147127328
0.17	1600	-801952.225806403
0.17	1650	-801960.771134088
0.17	1700	-801969.731697035
0.17	1750	-801979.061954588
0.17	1800	-801988.721457867
0.17	1850	-801998.67418882
0.17	1900	-802008.887998357
0.17	1950	-802019.334126839
0.17	2000	-802029.986792952
0.17	2050	-802040.822840226
0.17	2100	-802051.821431733
0.17	2150	-802062.9637857
0.17	2200	-802074.232945764
0.17	2250	-802085.613580683
0.17	2300	-802097.09180928
0.17	2350	-802108.655046964
0.17	2400	-802120.29187086
0.17	2450	-802131.991900974
0.17	2500	-802143.7456952
0.17	2550	-802155.5446564
0.17	2600	-802167.380949966
0.17	2650	-802179.247430496
0.17	2700	-802191.137576488
0.17	2750	-802203.045432041
0.17	2800	-802214.965554716
0.17	2850	-802226.892968817
0.17	2900	-802238.823123463
0.17	2950	-802250.7518549
0.17	3000	-802262.675352584
0.17	3050	-802274.590128538
0.17	3100	-802286.492989746
0.17	3150	-802298.381013144
0.17	3200	-802310.251522969
0.17	3250	-802322.10207025
0.17	3300	-802333.930414147
0.17	3350	-802345.734504991
0.17	3400	-802357.512468892
0.17	3450	-802369.262593637
0.17	3500	-802380.983315884
0.17	3550	-802392.673209449
0.17	3600	-802404.330974568
0.17	3650	-802415.955428141
0.17	3700	-802427.5454947
0.17	3750	-802439.100198218
0.17	3800	-802450.618654519
0.17	3850	-802462.100064352
0.17	3900	-802473.543707029
0.17	3950	-802484.9489345
0.17	4000	-802496.315165997
0.17	4050	-802507.641883034
0.17	4100	-802518.92862479
0.17	4150	-802530.174983917
0.17	4200	-802541.380602562
0.17	4250	-802552.545168801
0.17	4300	-802563.668413253
0.17	4350	-802574.750106004
0.17	4400	-802585.790053739
0.17	4450	-802596.788097066
0.17	4500	-802607.744108072
0.17	4550	-802618.657988038
0.17	4600	-802629.529665294
0.17	4650	-802640.359093288
0.17	4700	-802651.14624873
0.17	4750	-802661.89112991
0.17	4800	-802672.593755118
0.17	4850	-802683.254161137
0.17	4900	-802693.872401949
0.17	4950	-802704.448547385
0.17	5000	-802714.982682007
0.17	5050	-802725.474903943
0.17	5100	-802735.925323911
0.17	5150	-802746.33406423
0.17	5200	-802756.701257934
0.17	5250	-802767.027047938
0.17	5300	-802777.311586265
0.17	5350	-802787.555033303
0.17	5400	-802797.757557156
0.17	5450	-802807.919332983
0.17	5500	-802818.040542424
0.17	5550	-802828.121373037
0.17	5600	-802838.162017808
0.17	5650	-802848.162674631
0.17	5700	-802858.123545887
0.17	5750	-802868.044838017
0.17	5800	-802877.926761127
0.17	5850	-802887.769528623
0.17	5900	-802897.573356849
0.17	5950	-802907.33846481
0.17	6000	-802917.065073837
0.17	6050	-802926.753407309
0.17	6100	-802936.403690401
0.17	6150	-802946.016149848
0.17	6200	-802955.591013692
0.17	6250	-802965.128511103
0.17	6300	-802974.628872119
0.17	6350	-802984.092327543
0.17	6400	-802993.519108719
0.17	6450	-803002.90944735
0.17	6500	-803012.263575405
0.17	6550	-803021.581724924
0.17	6600	-803030.864127926
0.17	6650	-803040.111016257
0.17	6700	-803049.322621508
0.17	6750	-803058.499174851
0.17	6800	-803067.640907029
0.17	6850	-803076.74804817
0.17	6900	-803085.820827765
0.17	6950	-803094.859474569
0.17	7000	-803103.864216514
0.17	7050	-803112.835280662
0.17	7100	-803121.772893135
0.17	7150	-803130.677279047
0.17	7200	-803139.548662461
0.17	7250	-803148.387266343
0.17	7300	-803157.193312497
0.17	7350	-803165.967021545
0.17	7400	-803174.708612859
0.17	7450	-803183.418304572
0.17	7500	-803192.096313497
0.17	7550	-803200.742855137
0.17	7600	-803209.358143614
0.17	7650	-803217.942391693
0.17	7700	-803226.495810738
0.17	7750	-803235.018610678
0.17	7800	-803243.511000015
0.17	7850	-803251.973185793
0.17	7900	-803260.40537359
0.17	7950	-803268.80776751
0.17	8000	-803277.18057015
0.17	8050	-803285.523982643
0.17	8100	-803293.838204577
0.17	8150	-803302.123434059
0.17	8200	-803310.379867654
0.17	8250	-803318.607700437
0.17	8300	-803326.807125944
0.17	8350	-803334.97833619
0.17	8400	-803343.121521664
0.17	8450	-803351.236871334
0.17	8500	-803359.324572649
0.17	8550	-803367.384811536
0.17	8600	-803375.417772412
0.17	8650	-803383.423638171
0.17	8700	-803391.402590201
0.17	8750	-803399.354808391
0.17	8800	-803407.280471134
0.17	8850	-803415.179755318
0.17	8900	-803423.05283636
0.17	8950	-803430.899888184
0.17	9000	-803438.721083256
0.17	9050	-803446.516592568
0.17	9100	-803454.286585652
0.17	9150	-803462.031230617
0.17	9200	-803469.750694096
0.17	9250	-803477.44514132
0.17	9300	-803485.114736086
0.17	9350	-803492.759640795
0.17	9400	-803500.380016419
0.17	9450	-803507.976022569
0.17	9500	-803515.547817439
0.17	9550	-803523.095557889
0.17	9600	-803530.619399396
0.17	9650	-803538.119496079
0.17	9700	-803545.596000727
0.17	9750	-803553.049064812
0.17	9800	-803560.478838457
0.17	9850	-803567.8854705
0.17	9900	-803575.269108476
0.17	9950	-803582.629898623
0.17	10000	-803589.967985923
0.17	10050	-803597.283514064
0.17	10100	-803604.576625515
0.17	10150	-803611.84746147
0.17	10200	-803619.096161914
0.17	10250	-803626.322865598
0.17	10300	-803633.527710076
0.17	10350	-803640.71083169
0.17	10400	-803647.872365597
0.17	10450	-803655.012445787
0.17	10500	-803662.131205075
0.17	10550	-803669.228775121
0.17	10600	-803676.30528645
0.17	10650	-803683.360868434
0.17	10700	-803690.39564935
0.17	10750	-803697.409756342
0.17	10800	-803704.403315456
0.17	10850	-803711.376451663
0.17	10900	-803718.329288836
0.17	10950	-803725.261949789
0.17	11000	-803732.174556263
0.17	11050	-803739.067228975
0.17	11100	-803745.940087579
0.17	11150	-803752.793250724
0.17	11200	-803759.626836016
0.17	11250	-803766.440960075
0.17	11300	-803773.235738513
0.17	11350	-803780.011285952
0.17	11400	-803786.767716042
0.17	11450	-803793.505141463
0.17	11500	-803800.223673936
0.17	11550	-803806.923424229
0.17	11600	-803813.604502183
0.17	11650	-803820.267016693
0.17	11700	-803826.911075748
0.17	11750	-803833.536786408
0.17	11800	-803840.144254854
0.17	11850	-803846.733586349
0.17	11900	-803853.3048853
0.17	11950	-803859.858255214
0.17	12000	-803866.393798738
0.175	50	-805701.476744739
0.175	100	-804124.310682704
0.175	150	-803392.81370449
0.175	200	-802962.376885526
0.175	250	-802679.334239112
0.175	300	-802480.913638861
0.175	350	-802336.048811926
0.175	400	-802227.397452966
0.175	450	-802144.43674653
0.175	500	-802080.377382534
0.175	550	-802030.627103032
0.175	600	-801991.961078698
0.175	650	-801962.044595847
0.175	700	-801939.144039952
0.175	750	-801921.944367462
0.175	800	-801909.429684969
0.175	850	-801900.802730424
0.175	900	-801895.429157129
0.175	950	-801892.798098809
0.175	1000	-801892.493697643
0.175	1050	-801894.174182034
0.175	1100	-801897.556248436
0.175	1150	-801902.403236654
0.175	1200	-801908.516062179
0.175	1250	-801915.726181778
0.175	1300	-801923.890078437
0.175	1350	-801932.884895468
0.175	1400	-801942.604949509
0.175	1450	-801952.958922597
0.175	1500	-801963.867583799
0.175	1550	-801975.261927593
0.175	1600	-801987.081642697
0.175	1650	-801999.273845081
0.175	1700	-802011.792023554
0.175	1750	-802024.595157538
0.175	1800	-802037.646975292
0.175	1850	-802050.915327194
0.175	1900	-802064.371653995
0.175	1950	-802077.990533625
0.175	2000	-802091.749293574
0.175	2050	-802105.627677991
0.175	2100	-802119.607560863
0.175	2150	-802133.672697976
0.175	2200	-802147.808511848
0.175	2250	-802162.001904529
0.175	2300	-802176.241094349
0.175	2350	-802190.515473059
0.175	2400	-802204.815480518
0.175	2450	-802219.132494476
0.175	2500	-802233.458733476
0.175	2550	-802247.787171014
0.175	2600	-802262.111459565
0.175	2650	-802276.425863175
0.175	2700	-802290.725197518
0.175	2750	-802305.004776524
0.175	2800	-802319.260364728
0.175	2850	-802333.488134701
0.175	2900	-802347.684628923
0.175	2950	-802361.846725552
0.175	3000	-802375.97160774
0.175	3050	-802390.056735975
0.175	3100	-802404.09982318
0.175	3150	-802418.098812262
0.175	3200	-802432.051855807
0.175	3250	-802445.957297727
0.175	3300	-802459.813656633
0.175	3350	-802473.619610778
0.175	3400	-802487.373984322
0.175	3450	-802501.075734981
0.175	3500	-802514.723942635
0.175	3550	-802528.317799073
0.175	3600	-802541.856598586
0.175	3650	-802555.339729393
0.175	3700	-802568.766665836
0.175	3750	-802582.136961219
0.175	3800	-802595.450241251
0.175	3850	-802608.706198095
0.175	3900	-802621.904584836
0.175	3950	-802635.045210476
0.175	4000	-802648.127935308
0.175	4050	-802661.152666691
0.175	4100	-802674.119355132
0.175	4150	-802687.027990731
0.175	4200	-802699.878599856
0.175	4250	-802712.671242155
0.175	4300	-802725.406007717
0.175	4350	-802738.083014531
0.175	4400	-802750.702406113
0.175	4450	-802763.264349295
0.175	4500	-802775.769032251
0.175	4550	-802788.21666257
0.175	4600	-802800.607465612
0.175	4650	-802812.941682858
0.175	4700	-802825.219570487
0.175	4750	-802837.441397972
0.175	4800	-802849.607446886
0.175	4850	-802861.718009676
0.175	4900	-802873.773388651
0.175	4950	-802885.773894947
0.175	5000	-802897.719847633
0.175	5050	-802909.61157285
0.175	5100	-802921.449403024
0.175	5150	-802933.233676134
0.175	5200	-802944.964735076
0.175	5250	-802956.642926976
0.175	5300	-802968.268602664
0.175	5350	-802979.842116129
0.175	5400	-802991.363824
0.175	5450	-803002.834085119
0.175	5500	-803014.253260109
0.175	5550	-803025.62171098
0.175	5600	-803036.93980076
0.175	5650	-803048.207893173
0.175	5700	-803059.426352343
0.175	5750	-803070.595542459
0.175	5800	-803081.715827576
0.175	5850	-803092.78757133
0.175	5900	-803103.81113672
0.175	5950	-803114.786885917
0.175	6000	-803125.715180062
0.175	6050	-803136.596379092
0.175	6100	-803147.430841588
0.175	6150	-803158.218924615
0.175	6200	-803168.960983612
0.175	6250	-803179.657372227
0.175	6300	-803190.308442247
0.175	6350	-803200.914543466
0.175	6400	-803211.476023616
0.175	6450	-803221.993228268
0.175	6500	-803232.466500739
0.175	6550	-803242.896182054
0.175	6600	-803253.282610874
0.175	6650	-803263.626123421
0.175	6700	-803273.927053464
0.175	6750	-803284.185732229
0.175	6800	-803294.402488398
0.175	6850	-803304.57764806
0.175	6900	-803314.711534687
0.175	6950	-803324.804469088
0.175	7000	-803334.856769418
0.175	7050	-803344.868751137
0.175	7100	-803354.840727009
0.175	7150	-803364.773007069
0.175	7200	-803374.665898656
0.175	7250	-803384.519706356
0.175	7300	-803394.334732038
0.175	7350	-803404.111274834
0.175	7400	-803413.849631142
0.175	7450	-803423.550094639
0.175	7500	-803433.212956259
0.175	7550	-803442.838504241
0.175	7600	-803452.427024104
0.175	7650	-803461.978798668
0.175	7700	-803471.494108063
0.175	7750	-803480.973229746
0.175	7800	-803490.416438502
0.175	7850	-803499.82400648
0.175	7900	-803509.19620318
0.175	7950	-803518.533295493
0.175	8000	-803527.835547716
0.175	8050	-803537.103221546
0.175	8100	-803546.336576121
0.175	8150	-803555.535868034
0.175	8200	-803564.701351359
0.175	8250	-803573.833277649
0.175	8300	-803582.931895978
0.175	8350	-803591.99745295
0.175	8400	-803601.030192737
0.175	8450	-803610.030357069
0.175	8500	-803618.998185281
0.175	8550	-803627.933914329
0.175	8600	-803636.837778818
0.175	8650	-803645.710011005
0.175	8700	-803654.550840842
0.175	8750	-803663.360495982
0.175	8800	-803672.139201818
0.175	8850	-803680.887181495
0.175	8900	-803689.604655929
0.175	8950	-803698.291843838
0.175	9000	-803706.948961766
0.175	9050	-803715.576224091
0.175	9100	-803724.173843071
0.175	9150	-803732.742028854
0.175	9200	-803741.280989477
0.175	9250	-803749.790930938
0.175	9300	-803758.27205718
0.175	9350	-803766.724570123
0.175	9400	-803775.14866969
0.175	9450	-803783.544553829
0.175	9500	-803791.912418527
0.175	9550	-803800.252457844
0.175	9600	-803808.564863918
0.175	9650	-803816.849826997
0.175	9700	-803825.107535475
0.175	9750	-803833.338175881
0.175	9800	-803841.541932915
0.175	9850	-803849.718989478
0.175	9900	-803857.869526683
0.175	9950	-803865.993723863
0.175	10000	-803874.09175863
0.175	10050	-803882.163806845
0.175	10100	-803890.21004267
0.175	10150	-803898.230638586
0.175	10200	-803906.225765402
0.175	10250	-803914.195592277
0.175	10300	-803922.140286743
0.175	10350	-803930.060014714
0.175	10400	-803937.95494052
0.175	10450	-803945.825226913
0.175	10500	-803953.67103509
0.175	10550	-803961.492524705
0.175	10600	-803969.289853908
0.175	10650	-803977.063179325
0.175	10700	-803984.812656113
0.175	10750	-803992.538437954
0.175	10800	-804000.240677083
0.175	10850	-804007.919524299
0.175	10900	-804015.575128972
0.175	10950	-804023.207639094
0.175	11000	-804030.817201259
0.175	11050	-804038.403960688
0.175	11100	-804045.968061257
0.175	11150	-804053.509645509
0.175	11200	-804061.028854642
0.175	11250	-804068.525828577
0.175	11300	-804076.000705925
0.175	11350	-804083.453624026
0.175	11400	-804090.884718955
0.175	11450	-804098.294125544
0.175	11500	-804105.681977383
0.175	11550	-804113.048406865
0.175	11600	-804120.393545142
0.175	11650	-804127.717522214
0.175	11700	-804135.02046687
0.175	11750	-804142.30250676
0.175	11800	-804149.563768364
0.175	11850	-804156.804377044
0.175	11900	-804164.024457019
0.175	11950	-804171.224131406
0.175	12000	-804178.403522227
0.18	50	-805499.042054316
0.18	100	-803943.582875642
0.18	150	-803232.991186947
0.18	200	-802820.782662978
0.18	250	-802553.706002041
0.18	300	-802369.459955607
0.18	350	-802237.341402116
0.18	400	-802140.277282184
0.18	450	-802067.946159522
0.18	500	-802013.712162905
0.18	550	-801973.102257243
0.18	600	-801942.985959294
0.18	650	-801921.104453516
0.18	700	-801905.786082028
0.18	750	-801895.767037461
0.18	800	-801890.074288085
0.18	850	-801887.946798145
0.18	900	-801888.781122096
0.18	950	-801892.092971479
0.18	1000	-801897.489519362
0.18	1050	-801904.64908735
0.18	1100	-801913.306010825
0.18	1150	-801923.239201728
0.18	1200	-801934.263394635
0.18	1250	-801946.222368393
0.18	1300	-801958.983641796
0.18	1350	-801972.434282501
0.18	1400	-801986.477565891
0.18	1450	-802001.030289749
0.18	1500	-802016.020599532
0.18	1550	-802031.386214869
0.18	1600	-802047.072973646
0.18	1650	-802063.033629685
0.18	1700	-802079.226854091
0.18	1750	-802095.616401372
0.18	1800	-802112.170409677
0.18	1850	-802128.860810826
0.18	1900	-802145.662830751
0.18	1950	-802162.554564611
0.18	2000	-802179.51661417
0.18	2050	-802196.531777019
0.18	2100	-802213.584779406
0.18	2150	-802230.66204569
0.18	2200	-802247.751498886
0.18	2250	-802264.842387471
0.18	2300	-802281.925134668
0.18	2350	-802298.991206876
0.18	2400	-802316.032998532
0.18	2450	-802333.043731111
0.18	2500	-802350.017364336
0.18	2550	-802366.948517878
0.18	2600	-802383.832402287
0.18	2650	-802400.664757799
0.18	2700	-802417.441800123
0.18	2750	-802434.160172269
0.18	2800	-802450.816901659
0.18	2850	-802467.409361965
0.18	2900	-802483.935238932
0.18	2950	-802500.39249993
0.18	3000	-802516.779366597
0.18	3050	-802533.094290339
0.18	3100	-802549.335930334
0.18	3150	-802565.503133756
0.18	3200	-802581.59491791
0.18	3250	-802597.61045424
0.18	3300	-802613.549053784
0.18	3350	-802629.410154106
0.18	3400	-802645.193307432
0.18	3450	-802660.898169947
0.18	3500	-802676.524492072
0.18	3550	-802692.072109649
0.18	3600	-802707.540935956
0.18	3650	-802722.930954409
0.18	3700	-802738.242211982
0.18	3750	-802753.474813203
0.18	3800	-802768.628914643
0.18	3850	-802783.704719956
0.18	3900	-802798.702475332
0.18	3950	-802813.622465323
0.18	4000	-802828.465009092
0.18	4050	-802843.230456925
0.18	4100	-802857.919187113
0.18	4150	-802872.531602992
0.18	4200	-802887.068130398
0.18	4250	-802901.529215181
0.18	4300	-802915.915321013
0.18	4350	-802930.226927407
0.18	4400	-802944.464527801
0.18	4450	-802958.628627911
0.18	4500	-802972.719744174
0.18	4550	-802986.738402322
0.18	4600	-803000.685136058
0.18	4650	-803014.560485924
0.18	4700	-803028.364998153
0.18	4750	-803042.099223691
0.18	4800	-803055.763717311
0.18	4850	-803069.359036734
0.18	4900	-803082.885741884
0.18	4950	-803096.344394193
0.18	5000	-803109.735555955
0.18	5050	-803123.059789756
0.18	5100	-803136.317657908
0.18	5150	-803149.509722007
0.18	5200	-803162.636542457
0.18	5250	-803175.698678065
0.18	5300	-803188.696685709
0.18	5350	-803201.631119975
0.18	5400	-803214.50253285
0.18	5450	-803227.311473474
0.18	5500	-803240.058487871
0.18	5550	-803252.744118728
0.18	5600	-803265.368905219
0.18	5650	-803277.933382773
0.18	5700	-803290.438082981
0.18	5750	-803302.883533372
0.18	5800	-803315.270257372
0.18	5850	-803327.59877411
0.18	5900	-803339.869598383
0.18	5950	-803352.083240525
0.18	6000	-803364.240206358
0.18	6050	-803376.340997125
0.18	6100	-803388.386109413
0.18	6150	-803400.37603513
0.18	6200	-803412.311261467
0.18	6250	-803424.192270866
0.18	6300	-803436.019540987
0.18	6350	-803447.793544709
0.18	6400	-803459.514750112
0.18	6450	-803471.183620467
0.18	6500	-803482.800614238
0.18	6550	-803494.366185113
0.18	6600	-803505.880781973
0.18	6650	-803517.344848943
0.18	6700	-803528.758825372
0.18	6750	-803540.123145882
0.18	6800	-803551.438240384
0.18	6850	-803562.704534099
0.18	6900	-803573.922447587
0.18	6950	-803585.092396782
0.18	7000	-803596.214793029
0.18	7050	-803607.290043086
0.18	7100	-803618.318549212
0.18	7150	-803629.300709156
0.18	7200	-803640.236916232
0.18	7250	-803651.127559337
0.18	7300	-803661.973022986
0.18	7350	-803672.773687386
0.18	7400	-803683.529928439
0.18	7450	-803694.242117803
0.18	7500	-803704.910622957
0.18	7550	-803715.53580719
0.18	7600	-803726.118029704
0.18	7650	-803736.657645626
0.18	7700	-803747.155006052
0.18	7750	-803757.610458119
0.18	7800	-803768.024345
0.18	7850	-803778.397006021
0.18	7900	-803788.728776629
0.18	7950	-803799.019988487
0.18	8000	-803809.270969513
0.18	8050	-803819.482043916
0.18	8100	-803829.653532238
0.18	8150	-803839.785751392
0.18	8200	-803849.879014745
0.18	8250	-803859.933632104
0.18	8300	-803869.949909824
0.18	8350	-803879.928150788
0.18	8400	-803889.868654503
0.18	8450	-803899.771717103
0.18	8500	-803909.637631425
0.18	8550	-803919.466687019
0.18	8600	-803929.259170221
0.18	8650	-803939.015364182
0.18	8700	-803948.735548886
0.18	8750	-803958.42000123
0.18	8800	-803968.068995038
0.18	8850	-803977.682801118
0.18	8900	-803987.261687282
0.18	8950	-803996.805918398
0.18	9000	-804006.315756421
0.18	9050	-804015.791460446
0.18	9100	-804025.233286726
0.18	9150	-804034.641488726
0.18	9200	-804044.016317141
0.18	9250	-804053.358019954
0.18	9300	-804062.666842452
0.18	9350	-804071.943027282
0.18	9400	-804081.18681446
0.18	9450	-804090.39844143
0.18	9500	-804099.578143085
0.18	9550	-804108.726151804
0.18	9600	-804117.842697471
0.18	9650	-804126.928007552
0.18	9700	-804135.98230706
0.18	9750	-804145.005818645
0.18	9800	-804153.998762604
0.18	9850	-804162.961356897
0.18	9900	-804171.89381721
0.18	9950	-804180.796356944
0.18	10000	-804189.669187292
0.18	10050	-804198.512517224
0.18	10100	-804207.326553544
0.18	10150	-804216.111500908
0.18	10200	-804224.86756186
0.18	10250	-804233.594936842
0.18	10300	-804242.293824238
0.18	10350	-804250.964420404
0.18	10400	-804259.606919669
0.18	10450	-804268.221514392
0.18	10500	-804276.808394969
0.18	10550	-804285.367749858
0.18	10600	-804293.89976562
0.18	10650	-804302.40462692
0.18	10700	-804310.882516576
0.18	10750	-804319.333615555
0.18	10800	-804327.758103028
0.18	10850	-804336.15615637
0.18	10900	-804344.527951189
0.18	10950	-804352.873661348
0.18	11000	-804361.193459001
0.18	11050	-804369.487514589
0.18	11100	-804377.755996882
0.18	11150	-804385.999072986
0.18	11200	-804394.216908388
0.18	11250	-804402.409666937
0.18	11300	-804410.577510911
0.18	11350	-804418.720600995
0.18	11400	-804426.83909633
0.18	11450	-804434.933154509
0.18	11500	-804443.002931625
0.18	11550	-804451.048582268
0.18	11600	-804459.070259547
0.18	11650	-804467.068115105
0.18	11700	-804475.042299152
0.18	11750	-804482.992960467
0.18	11800	-804490.920246424
0.18	11850	-804498.824303016
0.18	11900	-804506.70527485
0.18	11950	-804514.563305179
0.18	12000	-804522.398535923
0.185	50	-805305.88535646
0.185	100	-803775.277316221
0.185	150	-803087.498480596
0.185	200	-802694.877765353
0.185	250	-802444.816706495
0.185	300	-802275.595885304
0.185	350	-802156.936031829
0.185	400	-802072.070132024
0.185	450	-802010.902099821
0.185	500	-801966.965972006
0.185	550	-801935.919727117
0.185	600	-801914.735951292
0.185	650	-801901.238356536
0.185	700	-801893.822393709
0.185	750	-801891.279572098
0.185	800	-801892.683006338
0.185	850	-801897.310568603
0.185	900	-801904.591930937
0.185	950	-801914.071234714
0.185	1000	-801925.380246587
0.185	1050	-801938.218711377
0.185	1100	-801952.339744239
0.185	1150	-801967.53881494
0.185	1200	-801983.645334135
0.185	1250	-802000.516152389
0.185	1300	-802018.030483569
0.185	1350	-802036.085902324
0.185	1400	-802054.59516015
0.185	1450	-802073.483631945
0.185	1500	-802092.68725263
0.185	1550	-802112.150838146
0.185	1600	-802131.826710284
0.185	1650	-802151.673563543
0.185	1700	-802171.655526115
0.185	1750	-802191.741377658
0.185	1800	-802211.903894444
0.185	1850	-802232.119298514
0.185	1900	-802252.366792449
0.185	1950	-802272.628164617
0.185	2000	-802292.887453181
0.185	2050	-802313.130658828
0.185	2100	-802333.345498452
0.185	2150	-802353.521193254
0.185	2200	-802373.648285788
0.185	2250	-802393.718481644
0.185	2300	-802413.724512041
0.185	2350	-802433.660014184
0.185	2400	-802453.519426927
0.185	2450	-802473.297899511
0.185	2500	-802492.991211545
0.185	2550	-802512.595702747
0.185	2600	-802532.108211088
0.185	2650	-802551.526018224
0.185	2700	-802570.84680128
0.185	2750	-802590.068590207
0.185	2800	-802609.189729931
0.185	2850	-802628.208846764
0.185	2900	-802647.124818507
0.185	2950	-802665.93674784
0.185	3000	-802684.643938597
0.185	3050	-802703.245874536
0.185	3100	-802721.742200419
0.185	3150	-802740.132704991
0.185	3200	-802758.417305829
0.185	3250	-802776.596035631
0.185	3300	-802794.669030011
0.185	3350	-802812.63651648
0.185	3400	-802830.498804503
0.185	3450	-802848.25627661
0.185	3500	-802865.909380346
0.185	3550	-802883.45862103
0.185	3600	-802900.904555185
0.185	3650	-802918.247784687
0.185	3700	-802935.488951388
0.185	3750	-802952.628732319
0.185	3800	-802969.667835327
0.185	3850	-802986.606995136
0.185	3900	-803003.446969814
0.185	3950	-803020.18853748
0.185	4000	-803036.832493489
0.185	4050	-803053.379647677
0.185	4100	-803069.830822085
0.185	4150	-803086.186848709
0.185	4200	-803102.448567609
0.185	4250	-803118.616825089
0.185	4300	-803134.692472153
0.185	4350	-803150.676363011
0.185	4400	-803166.569353796
0.185	4450	-803182.372301392
0.185	4500	-803198.086062364
0.185	4550	-803213.711491991
0.185	4600	-803229.249443416
0.185	4650	-803244.700766871
0.185	4700	-803260.066308977
0.185	4750	-803275.346912134
0.185	4800	-803290.543413921
0.185	4850	-803305.656646664
0.185	4900	-803320.687436939
0.185	4950	-803335.636605189
0.185	5000	-803350.504965409
0.185	5050	-803365.293324779
0.185	5100	-803380.002483485
0.185	5150	-803394.63323438
0.185	5200	-803409.186362848
0.185	5250	-803423.662646624
0.185	5300	-803438.062855637
0.185	5350	-803452.387751871
0.185	5400	-803466.638089288
0.185	5450	-803480.814613727
0.185	5500	-803494.918062841
0.185	5550	-803508.949166075
0.185	5600	-803522.908644574
0.185	5650	-803536.797211241
0.185	5700	-803550.615570647
0.185	5750	-803564.364419098
0.185	5800	-803578.044444607
0.185	5850	-803591.656326952
0.185	5900	-803605.20073767
0.185	5950	-803618.678340112
0.185	6000	-803632.089789499
0.185	6050	-803645.435732948
0.185	6100	-803658.716809538
0.185	6150	-803671.933650381
0.185	6200	-803685.086878669
0.185	6250	-803698.177109755
0.185	6300	-803711.204951221
0.185	6350	-803724.171002949
0.185	6400	-803737.075857196
0.185	6450	-803749.920098693
0.185	6500	-803762.704304694
0.185	6550	-803775.429045099
0.185	6600	-803788.094882498
0.185	6650	-803800.702372283
0.185	6700	-803813.252062727
0.185	6750	-803825.744495069
0.185	6800	-803838.180203599
0.185	6850	-803850.559715766
0.185	6900	-803862.883552236
0.185	6950	-803875.152227
0.185	7000	-803887.366247463
0.185	7050	-803899.526114524
0.185	7100	-803911.632322671
0.185	7150	-803923.685360055
0.185	7200	-803935.685708601
0.185	7250	-803947.633844072
0.185	7300	-803959.530236181
0.185	7350	-803971.375348636
0.185	7400	-803983.16963927
0.185	7450	-803994.9135601
0.185	7500	-804006.607557413
0.185	7550	-804018.252071843
0.185	7600	-804029.84753848
0.185	7650	-804041.39438692
0.185	7700	-804052.89304136
0.185	7750	-804064.343920672
0.185	7800	-804075.747438491
0.185	7850	-804087.104003267
0.185	7900	-804098.414018386
0.185	7950	-804109.677882196
0.185	8000	-804120.895988107
0.185	8050	-804132.068724676
0.185	8100	-804143.196475653
0.185	8150	-804154.279620055
0.185	8200	-804165.31853227
0.185	8250	-804176.313582077
0.185	8300	-804187.26513475
0.185	8350	-804198.173551112
0.185	8400	-804209.039187608
0.185	8450	-804219.862396357
0.185	8500	-804230.643525224
0.185	8550	-804241.382917908
0.185	8600	-804252.080913943
0.185	8650	-804262.737848826
0.185	8700	-804273.354054046
0.185	8750	-804283.929857134
0.185	8800	-804294.465581728
0.185	8850	-804304.961547667
0.185	8900	-804315.418070989
0.185	8950	-804325.835464023
0.185	9000	-804336.214035435
0.185	9050	-804346.554090297
0.185	9100	-804356.855930103
0.185	9150	-804367.119852856
0.185	9200	-804377.346153114
0.185	9250	-804387.535122026
0.185	9300	-804397.687047384
0.185	9350	-804407.802213705
0.185	9400	-804417.88090222
0.185	9450	-804427.923390968
0.185	9500	-804437.929954844
0.185	9550	-804447.900865587
0.185	9600	-804457.836391921
0.185	9650	-804467.736799511
0.185	9700	-804477.602351046
0.185	9750	-804487.433306287
0.185	9800	-804497.22992209
0.185	9850	-804506.992452464
0.185	9900	-804516.721148599
0.185	9950	-804526.416258914
0.185	10000	-804536.078029102
0.185	10050	-804545.706702142
0.185	10100	-804555.302518383
0.185	10150	-804564.86571553
0.185	10200	-804574.396528719
0.185	10250	-804583.895190535
0.185	10300	-804593.361931069
0.185	10350	-804602.796977908
0.185	10400	-804612.200556225
0.185	10450	-804621.572888768
0.185	10500	-804630.914195924
0.185	10550	-804640.224695731
0.185	10600	-804649.504603931
0.185	10650	-804658.754133981
0.185	10700	-804667.973497093
0.185	10750	-804677.162902263
0.185	10800	-804686.322556314
0.185	10850	-804695.452663911
0.185	10900	-804704.553427585
0.185	10950	-804713.625047784
0.185	11000	-804722.667722884
0.185	11050	-804731.681649212
0.185	11100	-804740.667021099
0.185	11150	-804749.624030885
0.185	11200	-804758.552868944
0.185	11250	-804767.453723729
0.185	11300	-804776.326781777
0.185	11350	-804785.172227761
0.185	11400	-804793.990244464
0.185	11450	-804802.781012873
0.185	11500	-804811.544712154
0.185	11550	-804820.281519671
0.185	11600	-804828.991611063
0.185	11650	-804837.675160198
0.185	11700	-804846.332339254
0.185	11750	-804854.963318696
0.185	11800	-804863.568267331
0.185	11850	-804872.147352321
0.185	11900	-804880.700739179
0.185	11950	-804889.228591835
0.185	12000	-804897.731072617
0.19	50	-805121.93199227
0.19	100	-803619.281814367
0.19	150	-802956.196958264
0.19	200	-802584.502763456
0.19	250	-802352.489599427
0.19	300	-802199.129737893
0.19	350	-802094.627826342
0.19	400	-802022.559291529
0.19	450	-801973.077094382
0.19	500	-801939.901453365
0.19	550	-801918.833006763
0.19	600	-801906.956023061
0.19	650	-801902.183284969
0.19	700	-801902.982435354
0.19	750	-801908.204324749
0.19	800	-801916.971452829
0.19	850	-801928.603242849
0.19	900	-801942.564668405
0.19	950	-801958.43012514
0.19	1000	-801975.857512096
0.19	1050	-801994.569306655
0.19	1100	-802014.338526627
0.19	1150	-802034.978169346
0.19	1200	-802056.333164603
0.19	1250	-802078.274171802
0.19	1300	-802100.692748007
0.19	1350	-802123.49754753
0.19	1400	-802146.611306357
0.19	1450	-802169.968429702
0.19	1500	-802193.513047601
0.19	1550	-802217.197436784
0.19	1600	-802240.980731495
0.19	1650	-802264.827864067
0.19	1700	-802288.708689418
0.19	1750	-802312.597257675
0.19	1800	-802336.471206998
0.19	1850	-802360.311254372
0.19	1900	-802384.10076668
0.19	1950	-802407.825398008
0.19	2000	-802431.472781752
0.19	2050	-802455.032268264
0.19	2100	-802478.494700677
0.19	2150	-802501.852222567
0.19	2200	-802525.098112587
0.19	2250	-802548.226641794
0.19	2300	-802571.232950268
0.19	2350	-802594.112940119
0.19	2400	-802616.863182488
0.19	2450	-802639.480836556
0.19	2500	-802661.963578822
0.19	2550	-802684.309541238
0.19	2600	-802706.517256971
0.19	2650	-802728.585612829
0.19	2700	-802750.513807363
0.19	2750	-802772.301313993
0.19	2800	-802793.947848454
0.19	2850	-802815.453340077
0.19	2900	-802836.817906284
0.19	2950	-802858.041830139
0.19	3000	-802879.125540313
0.19	3050	-802900.06959336
0.19	3100	-802920.874657956
0.19	3150	-802941.541500891
0.19	3200	-802962.070974583
0.19	3250	-802982.46400595
0.19	3300	-803002.721586514
0.19	3350	-803022.84476358
0.19	3400	-803042.834632327
0.19	3450	-803062.692328773
0.19	3500	-803082.419023498
0.19	3550	-803102.015916051
0.19	3600	-803121.484229888
0.19	3650	-803140.825207955
0.19	3700	-803160.04010863
0.19	3750	-803179.130202214
0.19	3800	-803198.096767693
0.19	3850	-803216.941089922
0.19	3900	-803235.664457106
0.19	3950	-803254.268158504
0.19	4000	-803272.753482451
0.19	4050	-803291.121714565
0.19	4100	-803309.374136171
0.19	4150	-803327.512022874
0.19	4200	-803345.536643358
0.19	4250	-803363.449258256
0.19	4300	-803381.251119193
0.19	4350	-803398.943467971
0.19	4400	-803416.527535787
0.19	4450	-803434.004542646
0.19	4500	-803451.375696743
0.19	4550	-803468.642194047
0.19	4600	-803485.805217865
0.19	4650	-803502.865938495
0.19	4700	-803519.825512962
0.19	4750	-803536.685084763
0.19	4800	-803553.445783711
0.19	4850	-803570.108725734
0.19	4900	-803586.675012834
0.19	4950	-803603.145732953
0.19	5000	-803619.521959968
0.19	5050	-803635.804753661
0.19	5100	-803651.995159713
0.19	5150	-803668.094209744
0.19	5200	-803684.102921362
0.19	5250	-803700.022298216
0.19	5300	-803715.853330092
0.19	5350	-803731.596992991
0.19	5400	-803747.254249241
0.19	5450	-803762.826047611
0.19	5500	-803778.313323434
0.19	5550	-803793.716998745
0.19	5600	-803809.037982408
0.19	5650	-803824.277170283
0.19	5700	-803839.435445359
0.19	5750	-803854.513677912
0.19	5800	-803869.51272568
0.19	5850	-803884.433433998
0.19	5900	-803899.276635984
0.19	5950	-803914.043152705
0.19	6000	-803928.733793325
0.19	6050	-803943.349355304
0.19	6100	-803957.890624538
0.19	6150	-803972.358375546
0.19	6200	-803986.753371643
0.19	6250	-804001.0763651
0.19	6300	-804015.32809732
0.19	6350	-804029.50929899
0.19	6400	-804043.620690275
0.19	6450	-804057.662980964
0.19	6500	-804071.636870651
0.19	6550	-804085.543048879
0.19	6600	-804099.38219531
0.19	6650	-804113.1549799
0.19	6700	-804126.862063029
0.19	6750	-804140.504095691
0.19	6800	-804154.081719617
0.19	6850	-804167.595567455
0.19	6900	-804181.046262899
0.19	6950	-804194.434420851
0.19	7000	-804207.760647555
0.19	7050	-804221.025540765
0.19	7100	-804234.229689856
0.19	7150	-804247.373675999
0.19	7200	-804260.45807226
0.19	7250	-804273.483443772
0.19	7300	-804286.45034784
0.19	7350	-804299.359334101
0.19	7400	-804312.210944625
0.19	7450	-804325.005714053
0.19	7500	-804337.744169735
0.19	7550	-804350.426831831
0.19	7600	-804363.054213443
0.19	7650	-804375.626820745
0.19	7700	-804388.145153073
0.19	7750	-804400.609703055
0.19	7800	-804413.020956726
0.19	7850	-804425.379393645
0.19	7900	-804437.685486965
0.19	7950	-804449.939703593
0.19	8000	-804462.142504261
0.19	8050	-804474.294343635
0.19	8100	-804486.395670412
0.19	8150	-804498.446927444
0.19	8200	-804510.448551785
0.19	8250	-804522.400974843
0.19	8300	-804534.304622432
0.19	8350	-804546.15991489
0.19	8400	-804557.967267153
0.19	8450	-804569.727088839
0.19	8500	-804581.439784359
0.19	8550	-804593.105752983
0.19	8600	-804604.725388922
0.19	8650	-804616.29908142
0.19	8700	-804627.827214837
0.19	8750	-804639.310168716
0.19	8800	-804650.748317864
0.19	8850	-804662.142032427
0.19	8900	-804673.491677979
0.19	8950	-804684.79761558
0.19	9000	-804696.060201844
0.19	9050	-804707.279789024
0.19	9100	-804718.456725079
0.19	9150	-804729.591353737
0.19	9200	-804740.684014548
0.19	9250	-804751.735042984
0.19	9300	-804762.744770472
0.19	9350	-804773.713524468
0.19	9400	-804784.641628528
0.19	9450	-804795.529402341
0.19	9500	-804806.377161833
0.19	9550	-804817.185219186
0.19	9600	-804827.953882906
0.19	9650	-804838.683457888
0.19	9700	-804849.374245474
0.19	9750	-804860.026543492
0.19	9800	-804870.640646308
0.19	9850	-804881.216844904
0.19	9900	-804891.755426904
0.19	9950	-804902.256676634
0.19	10000	-804912.720875183
0.19	10050	-804923.148300414
0.19	10100	-804933.539227061
0.19	10150	-804943.893926749
0.19	10200	-804954.212668034
0.19	10250	-804964.495716458
0.19	10300	-804974.743334606
0.19	10350	-804984.955782135
0.19	10400	-804995.133315803
0.19	10450	-805005.276189551
0.19	10500	-805015.384654493
0.19	10550	-805025.458959011
0.19	10600	-805035.499348755
0.19	10650	-805045.506066692
0.19	10700	-805055.479353156
0.19	10750	-805065.419445877
0.19	10800	-805075.326580018
0.19	10850	-805085.20098821
0.19	10900	-805095.042900598
0.19	10950	-805104.852544858
0.19	11000	-805114.630146254
0.19	11050	-805124.375927653
0.19	11100	-805134.090109573
0.19	11150	-805143.772910201
0.19	11200	-805153.424545444
0.19	11250	-805163.045228939
0.19	11300	-805172.635172107
0.19	11350	-805182.194584168
0.19	11400	-805191.723672176
0.19	11450	-805201.222641048
0.19	11500	-805210.691693597
0.19	11550	-805220.131030549
0.19	11600	-805229.540850591
0.19	11650	-805238.921350382
0.19	11700	-805248.272724585
0.19	11750	-805257.595165901
0.19	11800	-805266.888865083
0.19	11850	-805276.154010971
0.19	11900	-805285.390790512
0.19	11950	-805294.599388799
0.19	12000	-805303.779989066
0.195	50	-804947.108622996
0.195	100	-803475.486180187
0.195	150	-802838.950582518
0.195	200	-802489.501344429
0.195	250	-802276.551522946
0.195	300	-802139.873859346
0.195	350	-802050.216356706
0.195	400	-801991.532879106
0.195	450	-801954.248860741
0.195	500	-801932.286782908
0.195	550	-801921.601447466
0.195	600	-801919.397309769
0.195	650	-801923.68268178
0.195	700	-801933.00241413
0.195	750	-801946.270668503
0.195	800	-801962.662523148
0.195	850	-801981.541557974
0.195	900	-802002.41020044
0.195	950	-802024.874897731
0.195	1000	-802048.621196937
0.195	1050	-802073.395597183
0.195	1100	-802098.992124201
0.195	1150	-802125.242257228
0.195	1200	-802152.007274525
0.195	1250	-802179.172369392
0.195	1300	-802206.642079331
0.195	1350	-802234.336701308
0.195	1400	-802262.189455362
0.195	1450	-802290.144222343
0.195	1500	-802318.153725873
0.195	1550	-802346.178061371
0.195	1600	-802374.183498116
0.195	1650	-802402.141498007
0.195	1700	-802430.027907226
0.195	1750	-802457.822287065
0.195	1800	-802485.50735711
0.195	1850	-802513.068529998
0.195	1900	-802540.493520968
0.195	1950	-802567.772018858
0.195	2000	-802594.895407969
0.195	2050	-802621.85653197
0.195	2100	-802648.649492998
0.195	2150	-802675.269480015
0.195	2200	-802701.712621887
0.195	2250	-802727.975861204
0.195	2300	-802754.05684564
0.195	2350	-802779.953834287
0.195	2400	-802805.665616556
0.195	2450	-802831.191441981
0.195	2500	-802856.530959223
0.195	2550	-802881.684163054
0.195	2600	-802906.651348148
0.195	2650	-802931.433068747
0.195	2700	-802956.030103448
0.195	2750	-802980.443424386
0.195	2800	-803004.67417021
0.195	2850	-803028.723622432
0.195	2900	-803052.59318462
0.195	2950	-803076.284364168
0.195	3000	-803099.798756243
0.195	3050	-803123.13802965
0.195	3100	-803146.303914451
0.195	3150	-803169.298191008
0.195	3200	-803192.122680352
0.195	3250	-803214.779235744
0.195	3300	-803237.269735203
0.195	3350	-803259.596074928
0.195	3400	-803281.760163552
0.195	3450	-803303.763917065
0.195	3500	-803325.609254355
0.195	3550	-803347.298093304
0.195	3600	-803368.832347379
0.195	3650	-803390.213922628
0.195	3700	-803411.444715083
0.195	3750	-803432.526608496
0.195	3800	-803453.461472352
0.195	3850	-803474.251160202
0.195	3900	-803494.897508166
0.195	3950	-803515.402333718
0.195	4000	-803535.767434592
0.195	4050	-803555.994587913
0.195	4100	-803576.085549431
0.195	4150	-803596.042052931
0.195	4200	-803615.865809695
0.195	4250	-803635.558508163
0.195	4300	-803655.121813579
0.195	4350	-803674.557367812
0.195	4400	-803693.866789192
0.195	4450	-803713.051672416
0.195	4500	-803732.113588558
0.195	4550	-803751.054085065
0.195	4600	-803769.874685836
0.195	4650	-803788.576891308
0.195	4700	-803807.162178652
0.195	4750	-803825.632001881
0.195	4800	-803843.987792096
0.195	4850	-803862.230957657
0.195	4900	-803880.36288448
0.195	4950	-803898.384936247
0.195	5000	-803916.298454692
0.195	5050	-803934.10475988
0.195	5100	-803951.805150509
0.195	5150	-803969.400904192
0.195	5200	-803986.893277777
0.195	5250	-804004.283507644
0.195	5300	-804021.572810037
0.195	5350	-804038.762381381
0.195	5400	-804055.853398579
0.195	5450	-804072.847019369
0.195	5500	-804089.744382616
0.195	5550	-804106.546608643
0.195	5600	-804123.254799561
0.195	5650	-804139.870039565
0.195	5700	-804156.393395268
0.195	5750	-804172.825916013
0.195	5800	-804189.168634169
0.195	5850	-804205.422565457
0.195	5900	-804221.58870924
0.195	5950	-804237.668048831
0.195	6000	-804253.661551794
0.195	6050	-804269.570170215
0.195	6100	-804285.394841006
0.195	6150	-804301.136486204
0.195	6200	-804316.796013196
0.195	6250	-804332.374315066
0.195	6300	-804347.872270815
0.195	6350	-804363.290745634
0.195	6400	-804378.630591172
0.195	6450	-804393.892645792
0.195	6500	-804409.077734832
0.195	6550	-804424.186670831
0.195	6600	-804439.220253774
0.195	6650	-804454.179271346
0.195	6700	-804469.064499154
0.195	6750	-804483.876700968
0.195	6800	-804498.616628909
0.195	6850	-804513.285023717
0.195	6900	-804527.882614938
0.195	6950	-804542.410121121
0.195	7000	-804556.868250074
0.195	7050	-804571.257699017
0.195	7100	-804585.579154799
0.195	7150	-804599.833294101
0.195	7200	-804614.020783618
0.195	7250	-804628.142280231
0.195	7300	-804642.198431226
0.195	7350	-804656.189874431
0.195	7400	-804670.117238419
0.195	7450	-804683.981142675
0.195	7500	-804697.782197752
0.195	7550	-804711.521005446
0.195	7600	-804725.198158953
0.195	7650	-804738.81424303
0.195	7700	-804752.369834134
0.195	7750	-804765.865500605
0.195	7800	-804779.301802782
0.195	7850	-804792.679293155
0.195	7900	-804805.998516521
0.195	7950	-804819.260010109
0.195	8000	-804832.464303718
0.195	8050	-804845.611919848
0.195	8100	-804858.70337384
0.195	8150	-804871.739173998
0.195	8200	-804884.719821697
0.195	8250	-804897.645811543
0.195	8300	-804910.517631455
0.195	8350	-804923.335762798
0.195	8400	-804936.100680505
0.195	8450	-804948.812853165
0.195	8500	-804961.472743165
0.195	8550	-804974.080806782
0.195	8600	-804986.637494274
0.195	8650	-804999.143250016
0.195	8700	-805011.598512556
0.195	8750	-805024.003714765
0.195	8800	-805036.359283902
0.195	8850	-805048.665641716
0.195	8900	-805060.923204537
0.195	8950	-805073.132383369
0.195	9000	-805085.293583995
0.195	9050	-805097.407207033
0.195	9100	-805109.473648043
0.195	9150	-805121.49329761
0.195	9200	-805133.46654142
0.195	9250	-805145.39376035
0.195	9300	-805157.275330541
0.195	9350	-805169.111623468
0.195	9400	-805180.903006029
0.195	9450	-805192.649840614
0.195	9500	-805204.352485179
0.195	9550	-805216.011293316
0.195	9600	-805227.626614322
0.195	9650	-805239.198793275
0.195	9700	-805250.728171095
0.195	9750	-805262.215084612
0.195	9800	-805273.659866627
0.195	9850	-805285.062845979
0.195	9900	-805296.42434762
0.195	9950	-805307.744692646
0.195	10000	-805319.024198388
0.195	10050	-805330.263178452
0.195	10100	-805341.461942779
0.195	10150	-805352.620797715
0.195	10200	-805363.740046049
0.195	10250	-805374.819987086
0.195	10300	-805385.860916671
0.195	10350	-805396.863127279
0.195	10400	-805407.826908034
0.195	10450	-805418.752544783
0.195	10500	-805429.640320131
0.195	10550	-805440.490513501
0.195	10600	-805451.303401166
0.195	10650	-805462.079256313
0.195	10700	-805472.818349076
0.195	10750	-805483.520946588
0.195	10800	-805494.18731303
0.195	10850	-805504.817709667
0.195	10900	-805515.412394879
0.195	10950	-805525.971624234
0.195	11000	-805536.495650505
0.195	11050	-805546.984723717
0.195	11100	-805557.439091187
0.195	11150	-805567.858997562
0.195	11200	-805578.24468486
0.195	11250	-805588.596392497
0.195	11300	-805598.914357355
0.195	11350	-805609.198813784
0.195	11400	-805619.449993637
0.195	11450	-805629.668126342
0.195	11500	-805639.853438894
0.195	11550	-805650.006155921
0.195	11600	-805660.1264997
0.195	11650	-805670.214690178
0.195	11700	-805680.270945051
0.195	11750	-805690.295479747
0.195	11800	-805700.288507471
0.195	11850	-805710.250239238
0.195	11900	-805720.180883914
0.195	11950	-805730.080648239
0.195	12000	-805739.949736836
0.2	50	-804781.34317343
0.2	100	-803343.78214791
0.2	150	-802735.625812035
0.2	200	-802409.720201788
0.2	250	-802216.83278919
0.2	300	-802097.644492302
0.2	350	-802023.505486923
0.2	400	-801978.783676918
0.2	450	-801954.200129234
0.2	500	-801943.895479523
0.2	550	-801943.990057034
0.2	600	-801951.816902041
0.2	650	-801965.486231137
0.2	700	-801983.625052363
0.2	750	-802005.214754771
0.2	800	-802029.486144649
0.2	850	-802055.849527347
0.2	900	-802083.846905422
0.2	950	-802113.11854858
0.2	1000	-802143.37914483
0.2	1050	-802174.400484635
0.2	1100	-802205.998689737
0.2	1150	-802238.024660549
0.2	1200	-802270.356839884
0.2	1250	-802302.895668116
0.2	1300	-802335.559289951
0.2	1350	-802368.280198449
0.2	1400	-802401.002588865
0.2	1450	-802433.680255233
0.2	1500	-802466.274906276
0.2	1550	-802498.754807634
0.2	1600	-802531.09368043
0.2	1650	-802563.26980248
0.2	1700	-802595.265270982
0.2	1750	-802627.065394531
0.2	1800	-802658.658189524
0.2	1850	-802690.033961176
0.2	1900	-802721.184953515
0.2	1950	-802752.105055917
0.2	2000	-802782.789556166
0.2	2050	-802813.234932036
0.2	2100	-802843.438674766
0.2	2150	-802873.399139189
0.2	2200	-802903.115416155
0.2	2250	-802932.587223651
0.2	2300	-802961.814813649
0.2	2350	-802990.798892331
0.2	2400	-803019.540551517
0.2	2450	-803048.04120977
0.2	2500	-803076.30256157
0.2	2550	-803104.326533579
0.2	2600	-803132.115246756
0.2	2650	-803159.670983709
0.2	2700	-803186.996160408
0.2	2750	-803214.093301679
0.2	2800	-803240.965019993
0.2	2850	-803267.61399712
0.2	2900	-803294.042968171
0.2	2950	-803320.254707852
0.2	3000	-803346.252018455
0.2	3050	-803372.037719614
0.2	3100	-803397.614639306
0.2	3150	-803422.985606154
0.2	3200	-803448.153442801
0.2	3250	-803473.120960177
0.2	3300	-803497.890952605
0.2	3350	-803522.466193607
0.2	3400	-803546.849432331
0.2	3450	-803571.04339055
0.2	3500	-803595.050760069
0.2	3550	-803618.874200665
0.2	3600	-803642.516338261
0.2	3650	-803665.979763521
0.2	3700	-803689.26703067
0.2	3750	-803712.380656615
0.2	3800	-803735.323120202
0.2	3850	-803758.096861721
0.2	3900	-803780.704282574
0.2	3950	-803803.147745049
0.2	4000	-803825.429572267
0.2	4050	-803847.552048166
0.2	4100	-803869.517417681
0.2	4150	-803891.327886908
0.2	4200	-803912.985623388
0.2	4250	-803934.492756458
0.2	4300	-803955.851377608
0.2	4350	-803977.063540943
0.2	4400	-803998.131263612
0.2	4450	-804019.056526356
0.2	4500	-804039.841273973
0.2	4550	-804060.487415908
0.2	4600	-804080.99682679
0.2	4650	-804101.371347009
0.2	4700	-804121.612783321
0.2	4750	-804141.722909411
0.2	4800	-804161.703466488
0.2	4850	-804181.556163904
0.2	4900	-804201.282679747
0.2	4950	-804220.884661433
0.2	5000	-804240.363726301
0.2	5050	-804259.721462194
0.2	5100	-804278.959428085
0.2	5150	-804298.079154608
0.2	5200	-804317.08214467
0.2	5250	-804335.969873992
0.2	5300	-804354.743791702
0.2	5350	-804373.405320835
0.2	5400	-804391.955858932
0.2	5450	-804410.396778542
0.2	5500	-804428.729427748
0.2	5550	-804446.95513069
0.2	5600	-804465.075188071
0.2	5650	-804483.090877646
0.2	5700	-804501.003454717
0.2	5750	-804518.814152602
0.2	5800	-804536.524183104
0.2	5850	-804554.134736981
0.2	5900	-804571.646984375
0.2	5950	-804589.062075252
0.2	6000	-804606.381139847
0.2	6050	-804623.605289071
0.2	6100	-804640.735614914
0.2	6150	-804657.773190868
0.2	6200	-804674.71907229
0.2	6250	-804691.574296812
0.2	6300	-804708.339884692
0.2	6350	-804725.0168392
0.2	6400	-804741.606146959
0.2	6450	-804758.108778306
0.2	6500	-804774.525687623
0.2	6550	-804790.857813665
0.2	6600	-804807.106079918
0.2	6650	-804823.271394862
0.2	6700	-804839.354652329
0.2	6750	-804855.356731785
0.2	6800	-804871.278498627
0.2	6850	-804887.120804466
0.2	6900	-804902.884487425
0.2	6950	-804918.570372392
0.2	7000	-804934.179271315
0.2	7050	-804949.711983445
0.2	7100	-804965.169295592
0.2	7150	-804980.551982382
0.2	7200	-804995.860806504
0.2	7250	-805011.096518942
0.2	7300	-805026.2598592
0.2	7350	-805041.351555557
0.2	7400	-805056.37232526
0.2	7450	-805071.322874757
0.2	7500	-805086.203899894
0.2	7550	-805101.016086144
0.2	7600	-805115.760108794
0.2	7650	-805130.436633143
0.2	7700	-805145.046314701
0.2	7750	-805159.589799369
0.2	7800	-805174.067723627
0.2	7850	-805188.480714724
0.2	7900	-805202.829390838
0.2	7950	-805217.114361249
0.2	8000	-805231.336226529
0.2	8050	-805245.495578672
0.2	8100	-805259.593001279
0.2	8150	-805273.6290697
0.2	8200	-805287.60435121
0.2	8250	-805301.519405129
0.2	8300	-805315.374782988
0.2	8350	-805329.171028661
0.2	8400	-805342.908678515
0.2	8450	-805356.588261543
0.2	8500	-805370.210299494
0.2	8550	-805383.775307006
0.2	8600	-805397.28379174
0.2	8650	-805410.736254494
0.2	8700	-805424.133189328
0.2	8750	-805437.475083699
0.2	8800	-805450.762418556
0.2	8850	-805463.995668468
0.2	8900	-805477.175301731
0.2	8950	-805490.301780485
0.2	9000	-805503.375560805
0.2	9050	-805516.397092829
0.2	9100	-805529.366820838
0.2	9150	-805542.285183383
0.2	9200	-805555.152613351
0.2	9250	-805567.969538085
0.2	9300	-805580.736379483
0.2	9350	-805593.453554049
0.2	9400	-805606.121473051
0.2	9450	-805618.740542554
0.2	9500	-805631.31116352
0.2	9550	-805643.833731915
0.2	9600	-805656.308638762
0.2	9650	-805668.736270246
0.2	9700	-805681.117007776
0.2	9750	-805693.451228079
0.2	9800	-805705.739303261
0.2	9850	-805717.981600904
0.2	9900	-805730.178484117
0.2	9950	-805742.330311607
0.2	10000	-805754.437437792
0.2	10050	-805766.500212807
0.2	10100	-805778.518982619
0.2	10150	-805790.494089069
0.2	10200	-805802.425869961
0.2	10250	-805814.3146591
0.2	10300	-805826.160786367
0.2	10350	-805837.96457778
0.2	10400	-805849.726355569
0.2	10450	-805861.446438188
0.2	10500	-805873.125140447
0.2	10550	-805884.76277349
0.2	10600	-805896.359644911
0.2	10650	-805907.916058774
0.2	10700	-805919.432315687
0.2	10750	-805930.908712845
0.2	10800	-805942.345544081
0.2	10850	-805953.74309992
0.2	10900	-805965.101667623
0.2	10950	-805976.421531251
0.2	11000	-805987.702971691
0.2	11050	-805998.946266727
0.2	11100	-806010.151691062
0.2	11150	-806021.319516386
0.2	11200	-806032.450011399
0.2	11250	-806043.543441869
0.2	11300	-806054.600070678
0.2	11350	-806065.620157858
0.2	11400	-806076.603960616
0.2	11450	-806087.551733403
0.2	11500	-806098.46372794
0.2	11550	-806109.340193267
0.2	11600	-806120.181375748
0.2	11650	-806130.987519164
0.2	11700	-806141.758864697
0.2	11750	-806152.495651003
0.2	11800	-806163.198114225
0.2	11850	-806173.866488045
0.2	11900	-806184.501003707
0.2	11950	-806195.101890052
0.2	12000	-806205.669373564
0.205	50	-804624.564778411
0.205	100	-803224.063303547
0.205	150	-802646.091512125
0.205	200	-802345.008930172
0.205	250	-802173.167060316
0.205	300	-802072.261642165
0.205	350	-802014.303226948
0.205	400	-801984.108971481
0.205	450	-801972.718471786
0.205	500	-801974.506222534
0.205	550	-801985.76930648
0.205	600	-802003.977642132
0.205	650	-802027.349644598
0.205	700	-802054.599363993
0.205	750	-802084.779280434
0.205	800	-802117.1790345
0.205	850	-802151.258189791
0.205	900	-802186.600414912
0.205	950	-802222.881547223
0.205	1000	-802259.846886438
0.205	1050	-802297.294764707
0.205	1100	-802335.064471217
0.205	1150	-802373.027252143
0.205	1200	-802411.079517932
0.205	1250	-802449.137657765
0.205	1300	-802487.134039991
0.205	1350	-802525.013898117
0.205	1400	-802562.732885359
0.205	1450	-802600.255139116
0.205	1500	-802637.551737879
0.205	1550	-802674.599462923
0.205	1600	-802711.379798327
0.205	1650	-802747.878119088
0.205	1700	-802784.083028357
0.205	1750	-802819.985813876
0.205	1800	-802855.580000205
0.205	1850	-802890.860978321
0.205	1900	-802925.825698054
0.205	1950	-802960.472411869
0.205	2000	-802994.800460693
0.205	2050	-803028.810094359
0.205	2100	-803062.502320737
0.205	2150	-803095.878778606
0.205	2200	-803128.941630308
0.205	2250	-803161.693470938
0.205	2300	-803194.137251461
0.205	2350	-803226.276213381
0.205	2400	-803258.113833329
0.205	2450	-803289.653775855
0.205	2500	-803320.899853374
0.205	2550	-803351.855991949
0.205	2600	-803382.526202268
0.205	2650	-803412.914554889
0.205	2700	-803443.025159168
0.205	2750	-803472.862145417
0.205	2800	-803502.429649715
0.205	2850	-803531.73180104
0.205	2900	-803560.772710433
0.205	2950	-803589.556461851
0.205	3000	-803618.087104505
0.205	3050	-803646.368646442
0.205	3100	-803674.405049262
0.205	3150	-803702.200223743
0.205	3200	-803729.758026302
0.205	3250	-803757.082256142
0.205	3300	-803784.176653
0.205	3350	-803811.044895429
0.205	3400	-803837.690599503
0.205	3450	-803864.117317939
0.205	3500	-803890.328539525
0.205	3550	-803916.327688823
0.205	3600	-803942.118126164
0.205	3650	-803967.70314776
0.205	3700	-803993.085986104
0.205	3750	-804018.269810407
0.205	3800	-804043.257727261
0.205	3850	-804068.052781319
0.205	3900	-804092.657956134
0.205	3950	-804117.076175019
0.205	4000	-804141.310302004
0.205	4050	-804165.363142801
0.205	4100	-804189.237445864
0.205	4150	-804212.935903393
0.205	4200	-804236.461152453
0.205	4250	-804259.815776036
0.205	4300	-804283.002304171
0.205	4350	-804306.023215016
0.205	4400	-804328.880935963
0.205	4450	-804351.577844745
0.205	4500	-804374.116270514
0.205	4550	-804396.498494925
0.205	4600	-804418.726753211
0.205	4650	-804440.803235231
0.205	4700	-804462.73008652
0.205	4750	-804484.50940931
0.205	4800	-804506.143263538
0.205	4850	-804527.63366783
0.205	4900	-804548.982600487
0.205	4950	-804570.192000426
0.205	5000	-804591.263768099
0.205	5050	-804612.199766444
0.205	5100	-804633.00182173
0.205	5150	-804653.671724468
0.205	5200	-804674.211230229
0.205	5250	-804694.622060504
0.205	5300	-804714.905903506
0.205	5350	-804735.064414952
0.205	5400	-804755.099218854
0.205	5450	-804775.011908256
0.205	5500	-804794.804045992
0.205	5550	-804814.477165357
0.205	5600	-804834.032770865
0.205	5650	-804853.472338884
0.205	5700	-804872.797318313
0.205	5750	-804892.00913123
0.205	5800	-804911.109173518
0.205	5850	-804930.09881548
0.205	5900	-804948.979402425
0.205	5950	-804967.752255252
0.205	6000	-804986.418671043
0.205	6050	-805004.979923559
0.205	6100	-805023.437263822
0.205	6150	-805041.79192062
0.205	6200	-805060.045101012
0.205	6250	-805078.197990821
0.205	6300	-805096.251755127
0.205	6350	-805114.207538733
0.205	6400	-805132.066466603
0.205	6450	-805149.829644339
0.205	6500	-805167.498158573
0.205	6550	-805185.073077431
0.205	6600	-805202.555450912
0.205	6650	-805219.946311292
0.205	6700	-805237.246673531
0.205	6750	-805254.457535649
0.205	6800	-805271.579879055
0.205	6850	-805288.614668968
0.205	6900	-805305.562854719
0.205	6950	-805322.425370119
0.205	7000	-805339.203133786
0.205	7050	-805355.897049448
0.205	7100	-805372.508006296
0.205	7150	-805389.03687926
0.205	7200	-805405.48452932
0.205	7250	-805421.851803811
0.205	7300	-805438.139536676
0.205	7350	-805454.348548785
0.205	7400	-805470.479648153
0.205	7450	-805486.533630274
0.205	7500	-805502.511278298
0.205	7550	-805518.413363352
0.205	7600	-805534.240644731
0.205	7650	-805549.993870185
0.205	7700	-805565.673776118
0.205	7750	-805581.281087806
0.205	7800	-805596.816519665
0.205	7850	-805612.28077542
0.205	7900	-805627.674548344
0.205	7950	-805642.998521453
0.205	8000	-805658.253367702
0.205	8050	-805673.439750191
0.205	8100	-805688.558322358
0.205	8150	-805703.609728154
0.205	8200	-805718.594602232
0.205	8250	-805733.513570136
0.205	8300	-805748.367248439
0.205	8350	-805763.15624497
0.205	8400	-805777.881158923
0.205	8450	-805792.542581048
0.205	8500	-805807.141093818
0.205	8550	-805821.677271555
0.205	8600	-805836.151680596
0.205	8650	-805850.56487946
0.205	8700	-805864.917418956
0.205	8750	-805879.209842334
0.205	8800	-805893.442685456
0.205	8850	-805907.616476894
0.205	8900	-805921.731738054
0.205	8950	-805935.788983351
0.205	9000	-805949.788720277
0.205	9050	-805963.731449595
0.205	9100	-805977.617665375
0.205	9150	-805991.447855183
0.205	9200	-806005.222500162
0.205	9250	-806018.942075141
0.205	9300	-806032.607048772
0.205	9350	-806046.217883607
0.205	9400	-806059.775036222
0.205	9450	-806073.278957315
0.205	9500	-806086.730091814
0.205	9550	-806100.128878959
0.205	9600	-806113.475752415
0.205	9650	-806126.771140356
0.205	9700	-806140.015465578
0.205	9750	-806153.209145546
0.205	9800	-806166.352592541
0.205	9850	-806179.4462137
0.205	9900	-806192.49041112
0.205	9950	-806205.485581946
0.205	10000	-806218.432118437
0.205	10050	-806231.330408082
0.205	10100	-806244.180833603
0.205	10150	-806256.983773132
0.205	10200	-806269.739600204
0.205	10250	-806282.448683874
0.205	10300	-806295.111388774
0.205	10350	-806307.728075198
0.205	10400	-806320.299099132
0.205	10450	-806332.824812384
0.205	10500	-806345.305562599
0.205	10550	-806357.741693351
0.205	10600	-806370.133544186
0.205	10650	-806382.48145071
0.205	10700	-806394.785744637
0.205	10750	-806407.046753846
0.205	10800	-806419.26480245
0.205	10850	-806431.440210845
0.205	10900	-806443.573295771
0.205	10950	-806455.66437038
0.205	11000	-806467.713744253
0.205	11050	-806479.721723504
0.205	11100	-806491.688610799
0.205	11150	-806503.614705419
0.205	11200	-806515.500303307
0.205	11250	-806527.345697125
0.205	11300	-806539.151176287
0.205	11350	-806550.91702703
0.205	11400	-806562.643532441
0.205	11450	-806574.330972518
0.205	11500	-806585.979624203
0.205	11550	-806597.589761433
0.205	11600	-806609.161655181
0.205	11650	-806620.695573513
0.205	11700	-806632.191781608
0.205	11750	-806643.6505418
0.205	11800	-806655.072113655
0.205	11850	-806666.456753956
0.205	11900	-806677.80471679
0.205	11950	-806689.116253557
0.205	12000	-806700.391613028
0.21	50	-804476.703732153
0.21	100	-803116.225015946
0.21	150	-802570.218869199
0.21	200	-802295.219924426
0.21	250	-802145.391233218
0.21	300	-802063.54894841
0.21	350	-802022.421591303
0.21	400	-802007.310400231
0.21	450	-802009.596136912
0.21	500	-802023.902675744
0.21	550	-802046.714943519
0.21	600	-802075.647927421
0.21	650	-802109.034454788
0.21	700	-802145.680438881
0.21	750	-802184.713263049
0.21	800	-802225.484466108
0.21	850	-802267.505367519
0.21	900	-802310.403363244
0.21	950	-802353.891578248
0.21	1000	-802397.747373086
0.21	1050	-802441.796853276
0.21	1100	-802485.903530511
0.21	1150	-802529.95990707
0.21	1200	-802573.881151487
0.21	1250	-802617.600292264
0.21	1300	-802661.064527895
0.21	1350	-802704.232367651
0.21	1400	-802747.071397523
0.21	1450	-802789.556521078
0.21	1500	-802831.668564735
0.21	1550	-802873.39316475
0.21	1600	-802914.719873868
0.21	1650	-802955.641440467
0.21	1700	-802996.153224034
0.21	1750	-803036.252719059
0.21	1800	-803075.93916572
0.21	1850	-803115.213230331
0.21	1900	-803154.076742217
0.21	1950	-803192.53247639
0.21	2000	-803230.58397363
0.21	2050	-803268.23539116
0.21	2100	-803305.491378498
0.21	2150	-803342.356974069
0.21	2200	-803378.837519003
0.21	2250	-803414.938585228
0.21	2300	-803450.6659154
0.21	2350	-803486.025372795
0.21	2400	-803521.022899483
0.21	2450	-803555.664481424
0.21	2500	-803589.956119469
0.21	2550	-803623.903805255
0.21	2600	-803657.513501203
0.21	2650	-803690.791124096
0.21	2700	-803723.742531517
0.21	2750	-803756.373510894
0.21	2800	-803788.689770533
0.21	2850	-803820.696932584
0.21	2900	-803852.400527379
0.21	2950	-803883.805989161
0.21	3000	-803914.918652832
0.21	3050	-803945.743751667
0.21	3100	-803976.286415742
0.21	3150	-804006.55167109
0.21	3200	-804036.544439315
0.21	3250	-804066.269537769
0.21	3300	-804095.731680017
0.21	3350	-804124.935476691
0.21	3400	-804153.885436565
0.21	3450	-804182.58596788
0.21	3500	-804211.041379826
0.21	3550	-804239.255884147
0.21	3600	-804267.233596931
0.21	3650	-804294.978540408
0.21	3700	-804322.494644839
0.21	3750	-804349.785750481
0.21	3800	-804376.855609565
0.21	3850	-804403.707888286
0.21	3900	-804430.346168791
0.21	3950	-804456.773951203
0.21	4000	-804482.994655611
0.21	4050	-804509.011624058
0.21	4100	-804534.828122452
0.21	4150	-804560.447342574
0.21	4200	-804585.872403898
0.21	4250	-804611.106355514
0.21	4300	-804636.152177941
0.21	4350	-804661.012784909
0.21	4400	-804685.691025153
0.21	4450	-804710.189684103
0.21	4500	-804734.511485541
0.21	4550	-804758.659093314
0.21	4600	-804782.635112821
0.21	4650	-804806.442092677
0.21	4700	-804830.082526139
0.21	4750	-804853.558852631
0.21	4800	-804876.873459156
0.21	4850	-804900.028681707
0.21	4900	-804923.026806588
0.21	4950	-804945.870071785
0.21	5000	-804968.560668186
0.21	5050	-804991.100740861
0.21	5100	-805013.492390268
0.21	5150	-805035.737673394
0.21	5200	-805057.838604952
0.21	5250	-805079.797158405
0.21	5300	-805101.615267112
0.21	5350	-805123.294825329
0.21	5400	-805144.837689228
0.21	5450	-805166.245677875
0.21	5500	-805187.520574193
0.21	5550	-805208.664125864
0.21	5600	-805229.678046245
0.21	5650	-805250.564015224
0.21	5700	-805271.323680077
0.21	5750	-805291.958656267
0.21	5800	-805312.470528267
0.21	5850	-805332.860850303
0.21	5900	-805353.131147119
0.21	5950	-805373.282914703
0.21	6000	-805393.317620986
0.21	6050	-805413.236706544
0.21	6100	-805433.041585238
0.21	6150	-805452.733644876
0.21	6200	-805472.314247836
0.21	6250	-805491.784731687
0.21	6300	-805511.146409761
0.21	6350	-805530.400571741
0.21	6400	-805549.548484218
0.21	6450	-805568.591391233
0.21	6500	-805587.53051479
0.21	6550	-805606.3670554
0.21	6600	-805625.10219255
0.21	6650	-805643.737085211
0.21	6700	-805662.272872268
0.21	6750	-805680.710673036
0.21	6800	-805699.051587646
0.21	6850	-805717.296697532
0.21	6900	-805735.447065798
0.21	6950	-805753.503737668
0.21	7000	-805771.467740873
0.21	7050	-805789.340086033
0.21	7100	-805807.12176702
0.21	7150	-805824.813761371
0.21	7200	-805842.417030576
0.21	7250	-805859.932520498
0.21	7300	-805877.361161657
0.21	7350	-805894.703869578
0.21	7400	-805911.961545125
0.21	7450	-805929.135074785
0.21	7500	-805946.225331
0.21	7550	-805963.233172436
0.21	7600	-805980.159444299
0.21	7650	-805997.00497859
0.21	7700	-806013.770594397
0.21	7750	-806030.457098154
0.21	7800	-806047.065283903
0.21	7850	-806063.595933545
0.21	7900	-806080.049817093
0.21	7950	-806096.427692892
0.21	8000	-806112.730307899
0.21	8050	-806128.958397853
0.21	8100	-806145.112687554
0.21	8150	-806161.19389103
0.21	8200	-806177.202711796
0.21	8250	-806193.139843024
0.21	8300	-806209.00596777
0.21	8350	-806224.801759152
0.21	8400	-806240.527880564
0.21	8450	-806256.184985847
0.21	8500	-806271.773719474
0.21	8550	-806287.294716745
0.21	8600	-806302.748603925
0.21	8650	-806318.135998465
0.21	8700	-806333.457509134
0.21	8750	-806348.713736182
0.21	8800	-806363.905271512
0.21	8850	-806379.032698847
0.21	8900	-806394.096593833
0.21	8950	-806409.097524247
0.21	9000	-806424.036050103
0.21	9050	-806438.912723809
0.21	9100	-806453.728090293
0.21	9150	-806468.48268716
0.21	9200	-806483.177044796
0.21	9250	-806497.811686524
0.21	9300	-806512.387128711
0.21	9350	-806526.903880901
0.21	9400	-806541.362445927
0.21	9450	-806555.763320054
0.21	9500	-806570.106993043
0.21	9550	-806584.393948333
0.21	9600	-806598.624663095
0.21	9650	-806612.799608361
0.21	9700	-806626.919249136
0.21	9750	-806640.984044491
0.21	9800	-806654.994447664
0.21	9850	-806668.950906178
0.21	9900	-806682.853861907
0.21	9950	-806696.703751197
0.21	10000	-806710.501004949
0.21	10050	-806724.246048707
0.21	10100	-806737.939302749
0.21	10150	-806751.581182182
0.21	10200	-806765.172097019
0.21	10250	-806778.712452266
0.21	10300	-806792.202648
0.21	10350	-806805.643079458
0.21	10400	-806819.034137104
0.21	10450	-806832.376206722
0.21	10500	-806845.669669467
0.21	10550	-806858.91490197
0.21	10600	-806872.112276388
0.21	10650	-806885.262160485
0.21	10700	-806898.364917683
0.21	10750	-806911.420907166
0.21	10800	-806924.430483927
0.21	10850	-806937.393998811
0.21	10900	-806950.311798623
0.21	10950	-806963.184226159
0.21	11000	-806976.011620288
0.21	11050	-806988.794315997
0.21	11100	-807001.532644453
0.21	11150	-807014.226933075
0.21	11200	-807026.877505575
0.21	11250	-807039.484682026
0.21	11300	-807052.048778903
0.21	11350	-807064.570109157
0.21	11400	-807077.048982253
0.21	11450	-807089.485704217
0.21	11500	-807101.880577707
0.21	11550	-807114.233902055
0.21	11600	-807126.545973296
0.21	11650	-807138.817084256
0.21	11700	-807151.047524562
0.21	11750	-807163.237580704
0.21	11800	-807175.387536088
0.21	11850	-807187.497671075
0.21	11900	-807199.568263005
0.21	11950	-807211.599586275
0.21	12000	-807223.591912372
0.215	50	-804337.691440323
0.215	100	-803020.164371222
0.215	150	-802507.881308985
0.215	200	-802260.208282879
0.215	250	-802133.345328938
0.215	300	-802071.333560854
0.215	350	-802047.676462967
0.215	400	-802048.193803655
0.215	450	-802064.629890831
0.215	500	-802091.873317881
0.215	550	-802126.60781281
0.215	600	-802166.60152077
0.215	650	-802210.307816417
0.215	700	-802256.629234699
0.215	750	-802304.771823936
0.215	800	-802354.15204368
0.215	850	-802404.335432417
0.215	900	-802454.995145813
0.215	950	-802505.88329176
0.215	1000	-802556.810719663
0.215	1050	-802607.632521827
0.215	1100	-802658.237471673
0.215	1150	-802708.540223891
0.215	1200	-802758.475483315
0.215	1250	-802807.993597388
0.215	1300	-802857.057191484
0.215	1350	-802905.638577318
0.215	1400	-802953.717740573
0.215	1450	-803001.280766791
0.215	1500	-803048.318602004
0.215	1550	-803094.82607103
0.215	1600	-803140.801095641
0.215	1650	-803186.244068971
0.215	1700	-803231.157352751
0.215	1750	-803275.544871717
0.215	1800	-803319.411785338
0.215	1850	-803362.764221363
0.215	1900	-803405.609059032
0.215	1950	-803447.953752375
0.215	2000	-803489.806185979
0.215	2050	-803531.174557153
0.215	2100	-803572.067279637
0.215	2150	-803612.492904956
0.215	2200	-803652.460058222
0.215	2250	-803691.977385847
0.215	2300	-803731.053513079
0.215	2350	-803769.697009622
0.215	2400	-803807.916361972
0.215	2450	-803845.719951333
0.215	2500	-803883.116036075
0.215	2550	-803920.11273811
0.215	2600	-803956.718032323
0.215	2650	-803992.939738751
0.215	2700	-804028.785516848
0.215	2750	-804064.262861642
0.215	2800	-804099.379101294
0.215	2850	-804134.141395995
0.215	2900	-804168.556737796
0.215	2950	-804202.631951318
0.215	3000	-804236.373695107
0.215	3050	-804269.788463596
0.215	3100	-804302.88258941
0.215	3150	-804335.662246148
0.215	3200	-804368.133451324
0.215	3250	-804400.302069589
0.215	3300	-804432.173816099
0.215	3350	-804463.754259975
0.215	3400	-804495.048827844
0.215	3450	-804526.062807451
0.215	3500	-804556.801351252
0.215	3550	-804587.269480036
0.215	3600	-804617.472086494
0.215	3650	-804647.413938789
0.215	3700	-804677.099684032
0.215	3750	-804706.533851773
0.215	3800	-804735.72085734
0.215	3850	-804764.665005185
0.215	3900	-804793.37049211
0.215	3950	-804821.84141044
0.215	4000	-804850.081751076
0.215	4050	-804878.095406549
0.215	4100	-804905.88617388
0.215	4150	-804933.457757471
0.215	4200	-804960.813771804
0.215	4250	-804987.957744171
0.215	4300	-805014.89311722
0.215	4350	-805041.623251494
0.215	4400	-805068.151427851
0.215	4450	-805094.480849811
0.215	4500	-805120.614645873
0.215	4550	-805146.555871696
0.215	4600	-805172.307512245
0.215	4650	-805197.872483847
0.215	4700	-805223.253636223
0.215	4750	-805248.453754381
0.215	4800	-805273.475560524
0.215	4850	-805298.321715843
0.215	4900	-805322.99482228
0.215	4950	-805347.497424196
0.215	5000	-805371.832010031
0.215	5050	-805396.001013897
0.215	5100	-805420.006817056
0.215	5150	-805443.851749478
0.215	5200	-805467.538091205
0.215	5250	-805491.068073787
0.215	5300	-805514.443881585
0.215	5350	-805537.667653082
0.215	5400	-805560.74148214
0.215	5450	-805583.667419213
0.215	5500	-805606.44747252
0.215	5550	-805629.083609165
0.215	5600	-805651.577756268
0.215	5650	-805673.931802004
0.215	5700	-805696.147596654
0.215	5750	-805718.226953562
0.215	5800	-805740.171650168
0.215	5850	-805761.983428875
0.215	5900	-805783.663998003
0.215	5950	-805805.215032637
0.215	6000	-805826.638175507
0.215	6050	-805847.935037772
0.215	6100	-805869.107199864
0.215	6150	-805890.156212219
0.215	6200	-805911.083596063
0.215	6250	-805931.890844125
0.215	6300	-805952.579421323
0.215	6350	-805973.150765488
0.215	6400	-805993.606287998
0.215	6450	-806013.947374421
0.215	6500	-806034.175385166
0.215	6550	-806054.291656062
0.215	6600	-806074.29749895
0.215	6650	-806094.194202271
0.215	6700	-806113.983031603
0.215	6750	-806133.665230202
0.215	6800	-806153.242019526
0.215	6850	-806172.714599752
0.215	6900	-806192.084150259
0.215	6950	-806211.351830105
0.215	7000	-806230.518778491
0.215	7050	-806249.586115229
0.215	7100	-806268.554941164
0.215	7150	-806287.42633861
0.215	7200	-806306.201371763
0.215	7250	-806324.881087097
0.215	7300	-806343.466513778
0.215	7350	-806361.958664026
0.215	7400	-806380.358533495
0.215	7450	-806398.66710163
0.215	7500	-806416.885332028
0.215	7550	-806435.014172758
0.215	7600	-806453.054556726
0.215	7650	-806471.007401983
0.215	7700	-806488.873612026
0.215	7750	-806506.654076131
0.215	7800	-806524.349669649
0.215	7850	-806541.961254268
0.215	7900	-806559.489678341
0.215	7950	-806576.935777128
0.215	8000	-806594.300373077
0.215	8050	-806611.584276099
0.215	8100	-806628.788283804
0.215	8150	-806645.913181758
0.215	8200	-806662.959743733
0.215	8250	-806679.928731928
0.215	8300	-806696.820897223
0.215	8350	-806713.636979382
0.215	8400	-806730.377707284
0.215	8450	-806747.043799147
0.215	8500	-806763.635962708
0.215	8550	-806780.154895455
0.215	8600	-806796.601284817
0.215	8650	-806812.97580836
0.215	8700	-806829.279133956
0.215	8750	-806845.511920009
0.215	8800	-806861.674815604
0.215	8850	-806877.768460689
0.215	8900	-806893.793486249
0.215	8950	-806909.750514487
0.215	9000	-806925.640158963
0.215	9050	-806941.463024768
0.215	9100	-806957.219708697
0.215	9150	-806972.910799367
0.215	9200	-806988.536877406
0.215	9250	-807004.098515551
0.215	9300	-807019.596278839
0.215	9350	-807035.03072473
0.215	9400	-807050.40240322
0.215	9450	-807065.711857001
0.215	9500	-807080.959621591
0.215	9550	-807096.146225454
0.215	9600	-807111.272190117
0.215	9650	-807126.338030302
0.215	9700	-807141.344254051
0.215	9750	-807156.291362824
0.215	9800	-807171.179851634
0.215	9850	-807186.01020914
0.215	9900	-807200.782917774
0.215	9950	-807215.49845383
0.215	10000	-807230.157287581
0.215	10050	-807244.759883377
0.215	10100	-807259.306699749
0.215	10150	-807273.798189498
0.215	10200	-807288.234799795
0.215	10250	-807302.616972286
0.215	10300	-807316.945143168
0.215	10350	-807331.219743285
0.215	10400	-807345.441198221
0.215	10450	-807359.609928374
0.215	10500	-807373.726349062
0.215	10550	-807387.790870582
0.215	10600	-807401.803898306
0.215	10650	-807415.765832756
0.215	10700	-807429.677069685
0.215	10750	-807443.538000141
0.215	10800	-807457.349010565
0.215	10850	-807471.110482847
0.215	10900	-807484.822794393
0.215	10950	-807498.486318224
0.215	11000	-807512.101422998
0.215	11050	-807525.668473129
0.215	11100	-807539.187828818
0.215	11150	-807552.659846136
0.215	11200	-807566.08487708
0.215	11250	-807579.463269631
0.215	11300	-807592.795367829
0.215	11350	-807606.081511825
0.215	11400	-807619.32203794
0.215	11450	-807632.517278714
0.215	11500	-807645.667562993
0.215	11550	-807658.773215951
0.215	11600	-807671.834559159
0.215	11650	-807684.851910641
0.215	11700	-807697.825584923
0.215	11750	-807710.755893087
0.215	11800	-807723.643142818
0.215	11850	-807736.487638454
0.215	11900	-807749.289681041
0.215	11950	-807762.049568377
0.215	12000	-807774.767595059
0.22	50	-804207.460374626
0.22	100	-802935.780110166
0.22	150	-802458.954418346
0.22	200	-802239.831714639
0.22	250	-802136.872386335
0.22	300	-802095.446020675
0.22	350	-802089.88746243
0.22	400	-802106.569083013
0.22	450	-802137.620864238
0.22	500	-802178.211279048
0.22	550	-802225.233682537
0.22	600	-802276.617367637
0.22	650	-802330.94231415
0.22	700	-802387.212376023
0.22	750	-802444.715978736
0.22	800	-802502.937484534
0.22	850	-802561.499080385
0.22	900	-802620.121685656
0.22	950	-802678.598062412
0.22	1000	-802736.773956323
0.22	1050	-802794.534642063
0.22	1100	-802851.795178466
0.22	1150	-802908.493255436
0.22	1200	-802964.583880284
0.22	1250	-803020.035388376
0.22	1300	-803074.826419294
0.22	1350	-803128.943605366
0.22	1400	-803182.379791298
0.22	1450	-803235.132653509
0.22	1500	-803287.203623166
0.22	1550	-803338.59704154
0.22	1600	-803389.319494635
0.22	1650	-803439.379286997
0.22	1700	-803488.786024184
0.22	1750	-803537.5502807
0.22	1800	-803585.683335324
0.22	1850	-803633.196959927
0.22	1900	-803680.103250981
0.22	1950	-803726.414495077
0.22	2000	-803772.143061841
0.22	2050	-803817.30131885
0.22	2100	-803861.901564307
0.22	2150	-803905.955974089
0.22	2200	-803949.476560399
0.22	2250	-803992.475139908
0.22	2300	-804034.963309504
0.22	2350	-804076.952428267
0.22	2400	-804118.453604544
0.22	2450	-804159.477687064
0.22	2500	-804200.035259394
0.22	2550	-804240.13663707
0.22	2600	-804279.791866906
0.22	2650	-804319.010728017
0.22	2700	-804357.802734219
0.22	2750	-804396.177137546
0.22	2800	-804434.142932582
0.22	2850	-804471.708861495
0.22	2900	-804508.883419516
0.22	2950	-804545.674860873
0.22	3000	-804582.091204846
0.22	3050	-804618.140242147
0.22	3100	-804653.829541272
0.22	3150	-804689.166454955
0.22	3200	-804724.158126622
0.22	3250	-804758.811496736
0.22	3300	-804793.133309127
0.22	3350	-804827.13011721
0.22	3400	-804860.808290034
0.22	3450	-804894.174018263
0.22	3500	-804927.233319962
0.22	3550	-804959.992046251
0.22	3600	-804992.455886794
0.22	3650	-805024.630375133
0.22	3700	-805056.520893844
0.22	3750	-805088.132679541
0.22	3800	-805119.470827707
0.22	3850	-805150.540297371
0.22	3900	-805181.345915626
0.22	3950	-805211.892381987
0.22	4000	-805242.18427258
0.22	4050	-805272.226044237
0.22	4100	-805302.022038352
0.22	4150	-805331.576484698
0.22	4200	-805360.893505057
0.22	4250	-805389.977116677
0.22	4300	-805418.8312357
0.22	4350	-805447.45968039
0.22	4400	-805475.866174251
0.22	4450	-805504.054349069
0.22	4500	-805532.027747781
0.22	4550	-805559.789827319
0.22	4600	-805587.343961271
0.22	4650	-805614.693442488
0.22	4700	-805641.841485592
0.22	4750	-805668.791229382
0.22	4800	-805695.545739159
0.22	4850	-805722.10800896
0.22	4900	-805748.48096372
0.22	4950	-805774.66746136
0.22	5000	-805800.670294767
0.22	5050	-805826.492193772
0.22	5100	-805852.135826957
0.22	5150	-805877.60380351
0.22	5200	-805902.898674922
0.22	5250	-805928.022936678
0.22	5300	-805952.979029873
0.22	5350	-805977.769342741
0.22	5400	-806002.396212226
0.22	5450	-806026.861925362
0.22	5500	-806051.168720717
0.22	5550	-806075.318789747
0.22	5600	-806099.314278086
0.22	5650	-806123.157286827
0.22	5700	-806146.849873742
0.22	5750	-806170.394054454
0.22	5800	-806193.791803592
0.22	5850	-806217.045055879
0.22	5900	-806240.155707223
0.22	5950	-806263.125615717
0.22	6000	-806285.956602667
0.22	6050	-806308.650453559
0.22	6100	-806331.208918959
0.22	6150	-806353.633715458
0.22	6200	-806375.926526532
0.22	6250	-806398.089003384
0.22	6300	-806420.122765783
0.22	6350	-806442.029402851
0.22	6400	-806463.810473825
0.22	6450	-806485.467508822
0.22	6500	-806507.002009546
0.22	6550	-806528.415450011
0.22	6600	-806549.709277195
0.22	6650	-806570.884911726
0.22	6700	-806591.943748505
0.22	6750	-806612.887157332
0.22	6800	-806633.716483508
0.22	6850	-806654.433048421
0.22	6900	-806675.038150113
0.22	6950	-806695.533063826
0.22	7000	-806715.919042543
0.22	7050	-806736.197317497
0.22	7100	-806756.36909869
0.22	7150	-806776.435575365
0.22	7200	-806796.397916498
0.22	7250	-806816.257271246
0.22	7300	-806836.014769403
0.22	7350	-806855.671521839
0.22	7400	-806875.228620904
0.22	7450	-806894.687140885
0.22	7500	-806914.048138352
0.22	7550	-806933.312652573
0.22	7600	-806952.48170592
0.22	7650	-806971.556304176
0.22	7700	-806990.537436954
0.22	7750	-807009.426078017
0.22	7800	-807028.223185608
0.22	7850	-807046.929702808
0.22	7900	-807065.546557838
0.22	7950	-807084.074664376
0.22	8000	-807102.51492187
0.22	8050	-807120.868215833
0.22	8100	-807139.135418114
0.22	8150	-807157.317387207
0.22	8200	-807175.414968512
0.22	8250	-807193.428994601
0.22	8300	-807211.360285477
0.22	8350	-807229.209648847
0.22	8400	-807246.977880339
0.22	8450	-807264.665763778
0.22	8500	-807282.274071388
0.22	8550	-807299.80356404
0.22	8600	-807317.254991489
0.22	8650	-807334.629092553
0.22	8700	-807351.926595368
0.22	8750	-807369.14821757
0.22	8800	-807386.294666506
0.22	8850	-807403.36663944
0.22	8900	-807420.364823719
0.22	8950	-807437.289896994
0.22	9000	-807454.142527397
0.22	9050	-807470.923373692
0.22	9100	-807487.633085501
0.22	9150	-807504.272303423
0.22	9200	-807520.84165924
0.22	9250	-807537.341776051
0.22	9300	-807553.773268465
0.22	9350	-807570.136742726
0.22	9400	-807586.432796882
0.22	9450	-807602.662020931
0.22	9500	-807618.824996965
0.22	9550	-807634.922299306
0.22	9600	-807650.954494666
0.22	9650	-807666.922142255
0.22	9700	-807682.825793937
0.22	9750	-807698.665994345
0.22	9800	-807714.443281012
0.22	9850	-807730.158184514
0.22	9900	-807745.811228551
0.22	9950	-807761.402930106
0.22	10000	-807776.933799536
0.22	10050	-807792.404340701
0.22	10100	-807807.815051064
0.22	10150	-807823.166421815
0.22	10200	-807838.458937956
0.22	10250	-807853.693078417
0.22	10300	-807868.869316173
0.22	10350	-807883.988118312
0.22	10400	-807899.049946162
0.22	10450	-807914.05525537
0.22	10500	-807929.004496004
0.22	10550	-807943.89811264
0.22	10600	-807958.736544453
0.22	10650	-807973.520225308
0.22	10700	-807988.249583849
0.22	10750	-808002.925043572
0.22	10800	-808017.547022918
0.22	10850	-808032.11593535
0.22	10900	-808046.632189435
0.22	10950	-808061.096188925
0.22	11000	-808075.508332826
0.22	11050	-808089.869015479
0.22	11100	-808104.178626619
0.22	11150	-808118.43755148
0.22	11200	-808132.646170822
0.22	11250	-808146.804861044
0.22	11300	-808160.913994211
0.22	11350	-808174.973938153
0.22	11400	-808188.985056513
0.22	11450	-808202.947708817
0.22	11500	-808216.86225053
0.22	11550	-808230.729033122
0.22	11600	-808244.548404148
0.22	11650	-808258.320707257
0.22	11700	-808272.046282305
0.22	11750	-808285.725465384
0.22	11800	-808299.358588872
0.22	11850	-808312.94598151
0.22	11900	-808326.487968436
0.22	11950	-808339.984871254
0.22	12000	-808353.437008072
0.225	50	-804085.944029762
0.225	100	-802862.972568615
0.225	150	-802423.315870424
0.225	200	-802233.95045064
0.225	250	-802155.818360033
0.225	300	-802135.720145943
0.225	350	-802148.877821549
0.225	400	-802182.25006315
0.225	450	-802228.374404699
0.225	500	-802282.714183079
0.225	550	-802342.383077118
0.225	600	-802405.479419565
0.225	650	-802470.715777289
0.225	700	-802537.201960411
0.225	750	-802604.312435259
0.225	800	-802671.602408956
0.225	850	-802738.753113411
0.225	900	-802805.535207993
0.225	950	-802871.78375666
0.225	1000	-802937.380788613
0.225	1050	-803002.242939109
0.225	1100	-803066.312560944
0.225	1150	-803129.55124874
0.225	1200	-803191.935066849
0.225	1250	-803253.450997192
0.225	1300	-803314.09427165
0.225	1350	-803373.866353126
0.225	1400	-803432.773397248
0.225	1450	-803490.825073594
0.225	1500	-803548.033657868
0.225	1550	-803604.413330218
0.225	1600	-803659.979631092
0.225	1650	-803714.749038496
0.225	1700	-803768.738639241
0.225	1750	-803821.965873244
0.225	1800	-803874.448335032
0.225	1850	-803926.203620049
0.225	1900	-803977.249206236
0.225	1950	-804027.602363479
0.225	2000	-804077.280085065
0.225	2050	-804126.299036575
0.225	2100	-804174.675518642
0.225	2150	-804222.4254406
0.225	2200	-804269.56430289
0.225	2250	-804316.107186321
0.225	2300	-804362.068746725
0.225	2350	-804407.463213891
0.225	2400	-804452.304393857
0.225	2450	-804496.605673717
0.225	2500	-804540.38002851
0.225	2550	-804583.640029479
0.225	2600	-804626.397853565
0.225	2650	-804668.665293638
0.225	2700	-804710.453769261
0.225	2750	-804751.774337837
0.225	2800	-804792.637705948
0.225	2850	-804833.054240698
0.225	2900	-804873.033981122
0.225	2950	-804912.586649353
0.225	3000	-804951.721661724
0.225	3050	-804990.448139578
0.225	3100	-805028.774919818
0.225	3150	-805066.710565224
0.225	3200	-805104.26337442
0.225	3250	-805141.441391547
0.225	3300	-805178.252415603
0.225	3350	-805214.704009486
0.225	3400	-805250.803508669
0.225	3450	-805286.558029598
0.225	3500	-805321.974477756
0.225	3550	-805357.05955541
0.225	3600	-805391.819769068
0.225	3650	-805426.261436638
0.225	3700	-805460.39069431
0.225	3750	-805494.21350313
0.225	3800	-805527.735655359
0.225	3850	-805560.962780538
0.225	3900	-805593.900351294
0.225	3950	-805626.553688973
0.225	4000	-805658.927968961
0.225	4050	-805691.028225847
0.225	4100	-805722.859358362
0.225	4150	-805754.426134077
0.225	4200	-805785.733193988
0.225	4250	-805816.785056843
0.225	4300	-805847.586123307
0.225	4350	-805878.140680017
0.225	4400	-805908.452903381
0.225	4450	-805938.526863291
0.225	4500	-805968.366526686
0.225	4550	-805997.975760926
0.225	4600	-806027.358337078
0.225	4650	-806056.517933062
0.225	4700	-806085.458136663
0.225	4750	-806114.182448406
0.225	4800	-806142.694284403
0.225	4850	-806170.996978961
0.225	4900	-806199.093787225
0.225	4950	-806226.987887598
0.225	5000	-806254.682384164
0.225	5050	-806282.180308971
0.225	5100	-806309.484624224
0.225	5150	-806336.59822444
0.225	5200	-806363.523938452
0.225	5250	-806390.264531425
0.225	5300	-806416.822706726
0.225	5350	-806443.201107752
0.225	5400	-806469.402319714
0.225	5450	-806495.428871306
0.225	5500	-806521.283236375
0.225	5550	-806546.967835466
0.225	5600	-806572.485037383
0.225	5650	-806597.837160627
0.225	5700	-806623.026474842
0.225	5750	-806648.055202157
0.225	5800	-806672.925518528
0.225	5850	-806697.639555016
0.225	5900	-806722.199398994
0.225	5950	-806746.607095385
0.225	6000	-806770.864647756
0.225	6050	-806794.974019492
0.225	6100	-806818.937134811
0.225	6150	-806842.755879852
0.225	6200	-806866.432103653
0.225	6250	-806889.967619134
0.225	6300	-806913.364204039
0.225	6350	-806936.623601847
0.225	6400	-806959.747522651
0.225	6450	-806982.737644009
0.225	6500	-807005.595611783
0.225	6550	-807028.323040908
0.225	6600	-807050.921516223
0.225	6650	-807073.392593164
0.225	6700	-807095.737798521
0.225	6750	-807117.958631146
0.225	6800	-807140.05656263
0.225	6850	-807162.033037957
0.225	6900	-807183.889476166
0.225	6950	-807205.627270957
0.225	7000	-807227.247791321
0.225	7050	-807248.752382085
0.225	7100	-807270.142364529
0.225	7150	-807291.419036896
0.225	7200	-807312.583674976
0.225	7250	-807333.637532585
0.225	7300	-807354.581842084
0.225	7350	-807375.417814876
0.225	7400	-807396.146641895
0.225	7450	-807416.769494042
0.225	7500	-807437.287522652
0.225	7550	-807457.701859931
0.225	7600	-807478.013619393
0.225	7650	-807498.22389624
0.225	7700	-807518.333767818
0.225	7750	-807538.344293948
0.225	7800	-807558.256517353
0.225	7850	-807578.071464023
0.225	7900	-807597.790143538
0.225	7950	-807617.413549469
0.225	8000	-807636.942659687
0.225	8050	-807656.378436702
0.225	8100	-807675.721828009
0.225	8150	-807694.973766358
0.225	8200	-807714.135170107
0.225	8250	-807733.206943485
0.225	8300	-807752.189976909
0.225	8350	-807771.085147264
0.225	8400	-807789.893318153
0.225	8450	-807808.615340204
0.225	8500	-807827.252051298
0.225	8550	-807845.804276862
0.225	8600	-807864.27283008
0.225	8650	-807882.658512164
0.225	8700	-807900.962112573
0.225	8750	-807919.184409262
0.225	8800	-807937.326168884
0.225	8850	-807955.38814704
0.225	8900	-807973.371088464
0.225	8950	-807991.275727252
0.225	9000	-808009.102787069
0.225	9050	-808026.85298132
0.225	9100	-808044.527013378
0.225	9150	-808062.125576758
0.225	9200	-808079.649355304
0.225	9250	-808097.09902337
0.225	9300	-808114.475246
0.225	9350	-808131.778679101
0.225	9400	-808149.009969607
0.225	9450	-808166.169755653
0.225	9500	-808183.25866671
0.225	9550	-808200.277323787
0.225	9600	-808217.226339549
0.225	9650	-808234.106318479
0.225	9700	-808250.917857015
0.225	9750	-808267.661543727
0.225	9800	-808284.337959405
0.225	9850	-808300.947677241
0.225	9900	-808317.491262953
0.225	9950	-808333.96927489
0.225	10000	-808350.382264192
0.225	10050	-808366.730774904
0.225	10100	-808383.015344097
0.225	10150	-808399.236501998
0.225	10200	-808415.394772081
0.225	10250	-808431.490671226
0.225	10300	-808447.524709776
0.225	10350	-808463.497391706
0.225	10400	-808479.409214684
0.225	10450	-808495.260670197
0.225	10500	-808511.052243666
0.225	10550	-808526.784414511
0.225	10600	-808542.45765629
0.225	10650	-808558.072436778
0.225	10700	-808573.629218046
0.225	10750	-808589.128456586
0.225	10800	-808604.570603384
0.225	10850	-808619.956104004
0.225	10900	-808635.285398695
0.225	10950	-808650.558922451
0.225	11000	-808665.777105125
0.225	11050	-808680.940371475
0.225	11100	-808696.049141284
0.225	11150	-808711.103829415
0.225	11200	-808726.104845883
0.225	11250	-808741.05259595
0.225	11300	-808755.94748019
0.225	11350	-808770.789894563
0.225	11400	-808785.580230482
0.225	11450	-808800.318874884
0.225	11500	-808815.006210319
0.225	11550	-808829.642614982
0.225	11600	-808844.228462801
0.225	11650	-808858.764123515
0.225	11700	-808873.249962694
0.225	11750	-808887.686341848
0.225	11800	-808902.073618465
0.225	11850	-808916.412146072
0.225	11900	-808930.702274296
0.225	11950	-808944.944348928
0.225	12000	-808959.138711973
0.23	50	-803973.076882656
0.23	100	-802801.643620649
0.23	150	-802400.845352961
0.23	200	-802242.427158283
0.23	250	-802190.032022259
0.23	300	-802191.992921531
0.23	350	-802224.474262161
0.23	400	-802275.054360392
0.23	450	-802336.699934273
0.23	500	-802405.183995448
0.23	550	-802477.85111584
0.23	600	-802552.976463851
0.23	650	-802629.411100855
0.23	700	-802706.37537121
0.23	750	-802783.333398248
0.23	800	-802859.914137223
0.23	850	-802935.860229133
0.23	900	-803010.994022518
0.23	950	-803085.194507991
0.23	1000	-803158.38136585
0.23	1050	-803230.503753175
0.23	1100	-803301.532310518
0.23	1150	-803371.453393832
0.23	1200	-803440.26486764
0.23	1250	-803507.973009027
0.23	1300	-803574.590211286
0.23	1350	-803640.133269805
0.23	1400	-803704.622095916
0.23	1450	-803768.078748026
0.23	1500	-803830.526699992
0.23	1550	-803891.990287909
0.23	1600	-803952.494291999
0.23	1650	-804012.063621374
0.23	1700	-804070.723077388
0.23	1750	-804128.497177306
0.23	1800	-804185.410024406
0.23	1850	-804241.485213928
0.23	1900	-804296.745766609
0.23	1950	-804351.214083629
0.23	2000	-804404.911918002
0.23	2050	-804457.860358709
0.23	2100	-804510.079824541
0.23	2150	-804561.590065361
0.23	2200	-804612.410169062
0.23	2250	-804662.558572672
0.23	2300	-804712.05307657
0.23	2350	-804760.910860989
0.23	2400	-804809.148503981
0.23	2450	-804856.782000487
0.23	2500	-804903.826781907
0.23	2550	-804950.297736042
0.23	2600	-804996.209226983
0.23	2650	-805041.575114881
0.23	2700	-805086.408775358
0.23	2750	-805130.723118561
0.23	2800	-805174.530607654
0.23	2850	-805217.843276772
0.23	2900	-805260.672748439
0.23	2950	-805303.030250253
0.23	3000	-805344.926631071
0.23	3050	-805386.372376457
0.23	3100	-805427.377623594
0.23	3150	-805467.952175484
0.23	3200	-805508.105514618
0.23	3250	-805547.846816044
0.23	3300	-805587.184959814
0.23	3350	-805626.128542932
0.23	3400	-805664.685890745
0.23	3450	-805702.86506783
0.23	3500	-805740.673888389
0.23	3550	-805778.119926158
0.23	3600	-805815.210523902
0.23	3650	-805851.952802434
0.23	3700	-805888.353669271
0.23	3750	-805924.419826864
0.23	3800	-805960.157780465
0.23	3850	-805995.573845655
0.23	3900	-806030.67415551
0.23	3950	-806065.464667465
0.23	4000	-806099.951169862
0.23	4050	-806134.139288209
0.23	4100	-806168.034491151
0.23	4150	-806201.642096218
0.23	4200	-806234.967275265
0.23	4250	-806268.015059726
0.23	4300	-806300.790345589
0.23	4350	-806333.297898225
0.23	4400	-806365.54235694
0.23	4450	-806397.528239378
0.23	4500	-806429.259945718
0.23	4550	-806460.741762714
0.23	4600	-806491.977867528
0.23	4650	-806522.972331474
0.23	4700	-806553.729123511
0.23	4750	-806584.252113698
0.23	4800	-806614.545076404
0.23	4850	-806644.611693482
0.23	4900	-806674.455557249
0.23	4950	-806704.080173387
0.23	5000	-806733.488963709
0.23	5050	-806762.685268824
0.23	5100	-806791.672350688
0.23	5150	-806820.453395076
0.23	5200	-806849.031513937
0.23	5250	-806877.409747674
0.23	5300	-806905.591067337
0.23	5350	-806933.578376705
0.23	5400	-806961.374514338
0.23	5450	-806988.982255526
0.23	5500	-807016.404314156
0.23	5550	-807043.643344527
0.23	5600	-807070.701943091
0.23	5650	-807097.582650149
0.23	5700	-807124.287951442
0.23	5750	-807150.820279748
0.23	5800	-807177.182016361
0.23	5850	-807203.375492562
0.23	5900	-807229.402991012
0.23	5950	-807255.266747109
0.23	6000	-807280.968950298
0.23	6050	-807306.511745337
0.23	6100	-807331.897233491
0.23	6150	-807357.127473751
0.23	6200	-807382.204483952
0.23	6250	-807407.130241846
0.23	6300	-807431.906686217
0.23	6350	-807456.535717872
0.23	6400	-807481.019200651
0.23	6450	-807505.358962384
0.23	6500	-807529.556795835
0.23	6550	-807553.614459574
0.23	6600	-807577.533678883
0.23	6650	-807601.316146575
0.23	6700	-807624.963523829
0.23	6750	-807648.477440971
0.23	6800	-807671.859498248
0.23	6850	-807695.111266577
0.23	6900	-807718.234288239
0.23	6950	-807741.23007761
0.23	7000	-807764.100121829
0.23	7050	-807786.845881444
0.23	7100	-807809.46879106
0.23	7150	-807831.970259946
0.23	7200	-807854.351672654
0.23	7250	-807876.614389571
0.23	7300	-807898.759747533
0.23	7350	-807920.789060303
0.23	7400	-807942.703619166
0.23	7450	-807964.504693431
0.23	7500	-807986.193530905
0.23	7550	-808007.771358403
0.23	7600	-808029.239382236
0.23	7650	-808050.598788638
0.23	7700	-808071.850744243
0.23	7750	-808092.9963965
0.23	7800	-808114.036874115
0.23	7850	-808134.973287436
0.23	7900	-808155.806728885
0.23	7950	-808176.538273328
0.23	8000	-808197.168978451
0.23	8050	-808217.69988514
0.23	8100	-808238.132017835
0.23	8150	-808258.466384878
0.23	8200	-808278.703978845
0.23	8250	-808298.845776897
0.23	8300	-808318.892741091
0.23	8350	-808338.845818677
0.23	8400	-808358.705942436
0.23	8450	-808378.474030947
0.23	8500	-808398.150988917
0.23	8550	-808417.737707394
0.23	8600	-808437.235064128
0.23	8650	-808456.643923779
0.23	8700	-808475.965138186
0.23	8750	-808495.199546657
0.23	8800	-808514.347976182
0.23	8850	-808533.411241681
0.23	8900	-808552.390146254
0.23	8950	-808571.285481408
0.23	9000	-808590.09802727
0.23	9050	-808608.828552813
0.23	9100	-808627.477816094
0.23	9150	-808646.04656441
0.23	9200	-808664.535534569
0.23	9250	-808682.945453014
0.23	9300	-808701.277036098
0.23	9350	-808719.530990207
0.23	9400	-808737.708011977
0.23	9450	-808755.808788479
0.23	9500	-808773.833997377
0.23	9550	-808791.784307123
0.23	9600	-808809.660377096
0.23	9650	-808827.462857799
0.23	9700	-808845.192391012
0.23	9750	-808862.84960992
0.23	9800	-808880.435139315
0.23	9850	-808897.94959571
0.23	9900	-808915.393587497
0.23	9950	-808932.767715097
0.23	10000	-808950.072571095
0.23	10050	-808967.308740378
0.23	10100	-808984.476800266
0.23	10150	-809001.577320656
0.23	10200	-809018.610864131
0.23	10250	-809035.577986103
0.23	10300	-809052.479234936
0.23	10350	-809069.315152054
0.23	10400	-809086.086272064
0.23	10450	-809102.793122872
0.23	10500	-809119.436225805
0.23	10550	-809136.016095707
0.23	10600	-809152.53324106
0.23	10650	-809168.98816408
0.23	10700	-809185.381360821
0.23	10750	-809201.713321284
0.23	10800	-809217.984529515
0.23	10850	-809234.1954637
0.23	10900	-809250.346596253
0.23	10950	-809266.438393933
0.23	11000	-809282.471317904
0.23	11050	-809298.445823844
0.23	11100	-809314.36236204
0.23	11150	-809330.221377451
0.23	11200	-809346.02330981
0.23	11250	-809361.768593701
0.23	11300	-809377.457658648
0.23	11350	-809393.090929174
0.23	11400	-809408.668824902
0.23	11450	-809424.191760624
0.23	11500	-809439.660146372
0.23	11550	-809455.074387482
0.23	11600	-809470.434884688
0.23	11650	-809485.742034194
0.23	11700	-809500.996227699
0.23	11750	-809516.19785253
0.23	11800	-809531.347291656
0.23	11850	-809546.44492378
0.23	11900	-809561.491123401
0.23	11950	-809576.486260854
0.23	12000	-809591.430702419
0.235	50	-803868.794353805
0.235	100	-802751.69662426
0.235	150	-802391.424499748
0.235	200	-802265.126859535
0.235	250	-802239.364868536
0.235	300	-802264.104393121
0.235	350	-802316.506879108
0.235	400	-802384.803255129
0.235	450	-802462.410812297
0.235	500	-802545.426876593
0.235	550	-802631.437357112
0.235	600	-802718.901959207
0.235	650	-802806.816072824
0.235	700	-802894.515096799
0.235	750	-802981.556380901
0.235	800	-803067.645493623
0.235	850	-803152.588817567
0.235	900	-803236.262313098
0.235	950	-803318.59049976
0.235	1000	-803399.532057313
0.235	1050	-803479.069809293
0.235	1100	-803557.203663432
0.235	1150	-803633.945580986
0.235	1200	-803709.315958754
0.235	1250	-803783.341007723
0.235	1300	-803856.050843001
0.235	1350	-803927.478086611
0.235	1400	-803997.656843266
0.235	1450	-804066.621949676
0.235	1500	-804134.408425689
0.235	1550	-804201.051075222
0.235	1600	-804266.584198913
0.235	1650	-804331.041390276
0.235	1700	-804394.455394575
0.235	1750	-804456.858014708
0.235	1800	-804518.280052373
0.235	1850	-804578.751275751
0.235	1900	-804638.300406824
0.235	1950	-804696.955123415
0.235	2000	-804754.74207189
0.235	2050	-804811.686887717
0.235	2100	-804867.814221449
0.235	2150	-804923.147768576
0.235	2200	-804977.710301756
0.235	2250	-805031.52370457
0.235	2300	-805084.60900594
0.235	2350	-805136.986414706
0.235	2400	-805188.675353856
0.235	2450	-805239.694494212
0.235	2500	-805290.061787234
0.235	2550	-805339.794496847
0.235	2600	-805388.909230174
0.235	2650	-805437.421967096
0.235	2700	-805485.348088597
0.235	2750	-805532.702403926
0.235	2800	-805579.499176518
0.235	2850	-805625.752148744
0.235	2900	-805671.47456546
0.235	2950	-805716.679196478
0.235	3000	-805761.378357899
0.235	3050	-805805.583932412
0.235	3100	-805849.307388595
0.235	3150	-805892.559799236
0.235	3200	-805935.351858721
0.235	3250	-805977.693899623
0.235	3300	-806019.595908357
0.235	3350	-806061.067540118
0.235	3400	-806102.118133043
0.235	3450	-806142.756721678
0.235	3500	-806182.992049752
0.235	3550	-806222.832582346
0.235	3600	-806262.286517422
0.235	3650	-806301.361796815
0.235	3700	-806340.066116685
0.235	3750	-806378.406937433
0.235	3800	-806416.391493152
0.235	3850	-806454.02680064
0.235	3900	-806491.319667945
0.235	3950	-806528.276702531
0.235	4000	-806564.904319056
0.235	4050	-806601.20874676
0.235	4100	-806637.196036543
0.235	4150	-806672.872067684
0.235	4200	-806708.242554292
0.235	4250	-806743.313051396
0.235	4300	-806778.088960829
0.235	4350	-806812.575536816
0.235	4400	-806846.777891292
0.235	4450	-806880.700999032
0.235	4500	-806914.349702506
0.235	4550	-806947.72871657
0.235	4600	-806980.842632897
0.235	4650	-807013.69592429
0.235	4700	-807046.292948745
0.235	4750	-807078.637953347
0.235	4800	-807110.735078067
0.235	4850	-807142.588359335
0.235	4900	-807174.201733481
0.235	4950	-807205.57904004
0.235	5000	-807236.724024924
0.235	5050	-807267.640343481
0.235	5100	-807298.331563386
0.235	5150	-807328.801167459
0.235	5200	-807359.052556352
0.235	5250	-807389.089051132
0.235	5300	-807418.913895778
0.235	5350	-807448.530259556
0.235	5400	-807477.941239331
0.235	5450	-807507.149861754
0.235	5500	-807536.159085416
0.235	5550	-807564.97180287
0.235	5600	-807593.590842613
0.235	5650	-807622.018970965
0.235	5700	-807650.258893935
0.235	5750	-807678.313258932
0.235	5800	-807706.184656499
0.235	5850	-807733.875621929
0.235	5900	-807761.388636837
0.235	5950	-807788.726130705
0.235	6000	-807815.890482324
0.235	6050	-807842.88402122
0.235	6100	-807869.709029013
0.235	6150	-807896.367740753
0.235	6200	-807922.862346176
0.235	6250	-807949.194990938
0.235	6300	-807975.367777815
0.235	6350	-808001.382767838
0.235	6400	-808027.241981405
0.235	6450	-808052.947399366
0.235	6500	-808078.500964049
0.235	6550	-808103.904580271
0.235	6600	-808129.160116309
0.235	6650	-808154.269404824
0.235	6700	-808179.234243798
0.235	6750	-808204.056397405
0.235	6800	-808228.737596849
0.235	6850	-808253.279541201
0.235	6900	-808277.683898218
0.235	6950	-808301.952305073
0.235	7000	-808326.086369155
0.235	7050	-808350.087668763
0.235	7100	-808373.957753834
0.235	7150	-808397.698146611
0.235	7200	-808421.310342309
0.235	7250	-808444.795809784
0.235	7300	-808468.155992107
0.235	7350	-808491.392307233
0.235	7400	-808514.506148534
0.235	7450	-808537.498885409
0.235	7500	-808560.371863811
0.235	7550	-808583.126406804
0.235	7600	-808605.763815077
0.235	7650	-808628.28536746
0.235	7700	-808650.692321414
0.235	7750	-808672.985913499
0.235	7800	-808695.167359859
0.235	7850	-808717.23785666
0.235	7900	-808739.198580555
0.235	7950	-808761.050689066
0.235	8000	-808782.795321057
0.235	8050	-808804.433597104
0.235	8100	-808825.966619884
0.235	8150	-808847.395474591
0.235	8200	-808868.721229278
0.235	8250	-808889.944935236
0.235	8300	-808911.067627348
0.235	8350	-808932.090324429
0.235	8400	-808953.014029553
0.235	8450	-808973.839730401
0.235	8500	-808994.568399566
0.235	8550	-809015.200994847
0.235	8600	-809035.738459589
0.235	8650	-809056.181722944
0.235	8700	-809076.531700167
0.235	8750	-809096.789292913
0.235	8800	-809116.955389474
0.235	8850	-809137.030865073
0.235	8900	-809157.016582122
0.235	8950	-809176.913390454
0.235	9000	-809196.722127591
0.235	9050	-809216.443618968
0.235	9100	-809236.078678184
0.235	9150	-809255.628107213
0.235	9200	-809275.092696642
0.235	9250	-809294.473225872
0.235	9300	-809313.770463347
0.235	9350	-809332.985166762
0.235	9400	-809352.118083243
0.235	9450	-809371.169949579
0.235	9500	-809390.14149237
0.235	9550	-809409.033428269
0.235	9600	-809427.846464125
0.235	9650	-809446.581297178
0.235	9700	-809465.238615234
0.235	9750	-809483.819096841
0.235	9800	-809502.323411448
0.235	9850	-809520.752219573
0.235	9900	-809539.106172961
0.235	9950	-809557.385914756
0.235	10000	-809575.592079619
0.235	10050	-809593.725293925
0.235	10100	-809611.786175868
0.235	10150	-809629.775335628
0.235	10200	-809647.693375494
0.235	10250	-809665.540890027
0.235	10300	-809683.318466164
0.235	10350	-809701.026683378
0.235	10400	-809718.666113762
0.235	10450	-809736.237322221
0.235	10500	-809753.740866526
0.235	10550	-809771.177297489
0.235	10600	-809788.54715904
0.235	10650	-809805.850988364
0.235	10700	-809823.089316018
0.235	10750	-809840.262666017
0.235	10800	-809857.371555976
0.235	10850	-809874.41649718
0.235	10900	-809891.397994715
0.235	10950	-809908.316547553
0.235	11000	-809925.172648663
0.235	11050	-809941.966785102
0.235	11100	-809958.699438108
0.235	11150	-809975.371083205
0.235	11200	-809991.982190279
0.235	11250	-810008.533223672
0.235	11300	-810025.024642282
0.235	11350	-810041.456899642
0.235	11400	-810057.830443989
0.235	11450	-810074.14571838
0.235	11500	-810090.403160736
0.235	11550	-810106.603203945
0.235	11600	-810122.746275945
0.235	11650	-810138.832799776
0.235	11700	-810154.863193672
0.235	11750	-810170.837871135
0.235	11800	-810186.757241006
0.235	11850	-810202.621707528
0.235	11900	-810218.431670422
0.235	11950	-810234.187524959
0.235	12000	-810249.889662019
0.24	50	-803773.032770586
0.24	100	-802713.036369673
0.24	150	-802394.936824917
0.24	200	-802301.916852339
0.24	250	-802303.671027019
0.24	300	-802351.89756523
0.24	350	-802424.809027582
0.24	400	-802511.321569129
0.24	450	-802605.324203016
0.24	500	-802703.253040411
0.24	550	-802802.945648259
0.24	600	-802903.053877047
0.24	650	-803002.723207455
0.24	700	-803101.408556089
0.24	750	-803198.764022854
0.24	800	-803294.574617165
0.24	850	-803388.712764802
0.24	900	-803481.109934649
0.24	950	-803571.737755467
0.24	1000	-803660.59523607
0.24	1050	-803747.699994904
0.24	1100	-803833.082172216
0.24	1150	-803916.780166303
0.24	1200	-803998.837627483
0.24	1250	-804079.301329844
0.24	1300	-804158.21966224
0.24	1350	-804235.641559828
0.24	1400	-804311.615751634
0.24	1450	-804386.190235935
0.24	1500	-804459.411920893
0.24	1550	-804531.326385107
0.24	1600	-804601.977725623
0.24	1650	-804671.408469504
0.24	1700	-804739.659531451
0.24	1750	-804806.770204744
0.24	1800	-804872.778175936
0.24	1850	-804937.719556282
0.24	1900	-805001.628924708
0.24	1950	-805064.539378456
0.24	2000	-805126.48258849
0.24	2050	-805187.488857618
0.24	2100	-805247.587179723
0.24	2150	-805306.80529904
0.24	2200	-805365.169768537
0.24	2250	-805422.706007008
0.24	2300	-805479.438354291
0.24	2350	-805535.390124521
0.24	2400	-805590.58365712
0.24	2450	-805645.040365555
0.24	2500	-805698.780783741
0.24	2550	-805751.824610163
0.24	2600	-805804.190749738
0.24	2650	-805855.897353465
0.24	2700	-805906.961855999
0.24	2750	-805957.401011116
0.24	2800	-806007.230925323
0.24	2850	-806056.467089519
0.24	2900	-806105.12440901
0.24	2950	-806153.21723175
0.24	3000	-806200.759375099
0.24	3050	-806247.764151043
0.24	3100	-806294.244390047
0.24	3150	-806340.212463569
0.24	3200	-806385.680305342
0.24	3250	-806430.659431486
0.24	3300	-806475.160959537
0.24	3350	-806519.195626433
0.24	3400	-806562.773805511
0.24	3450	-806605.905522615
0.24	3500	-806648.600471381
0.24	3550	-806690.868027618
0.24	3600	-806732.717263023
0.24	3650	-806774.156958154
0.24	3700	-806815.195614716
0.24	3750	-806855.84146723
0.24	3800	-806896.10249411
0.24	3850	-806935.986428187
0.24	3900	-806975.500766668
0.24	3950	-807014.652780659
0.24	4000	-807053.449524168
0.24	4050	-807091.897842696
0.24	4100	-807130.004381402
0.24	4150	-807167.775592878
0.24	4200	-807205.217744549
0.24	4250	-807242.336925718
0.24	4300	-807279.139054314
0.24	4350	-807315.62988328
0.24	4400	-807351.815006686
0.24	4450	-807387.699865584
0.24	4500	-807423.289753553
0.24	4550	-807458.589822046
0.24	4600	-807493.605085447
0.24	4650	-807528.340425949
0.24	4700	-807562.800598185
0.24	4750	-807596.990233682
0.24	4800	-807630.913845097
0.24	4850	-807664.575830314
0.24	4900	-807697.980476302
0.24	4950	-807731.131962882
0.24	5000	-807764.034366288
0.24	5050	-807796.6916626
0.24	5100	-807829.107731027
0.24	5150	-807861.286357051
0.24	5200	-807893.231235491
0.24	5250	-807924.945973358
0.24	5300	-807956.434092684
0.24	5350	-807987.699033172
0.24	5400	-808018.744154783
0.24	5450	-808049.572740223
0.24	5500	-808080.187997296
0.24	5550	-808110.593061189
0.24	5600	-808140.790996705
0.24	5650	-808170.784800353
0.24	5700	-808200.577402381
0.24	5750	-808230.171668773
0.24	5800	-808259.570403084
0.24	5850	-808288.776348309
0.24	5900	-808317.792188626
0.24	5950	-808346.620551049
0.24	6000	-808375.264007117
0.24	6050	-808403.725074423
0.24	6100	-808432.006218148
0.24	6150	-808460.109852511
0.24	6200	-808488.038342211
0.24	6250	-808515.79400375
0.24	6300	-808543.379106788
0.24	6350	-808570.795875364
0.24	6400	-808598.046489204
0.24	6450	-808625.133084811
0.24	6500	-808652.057756698
0.24	6550	-808678.822558451
0.24	6600	-808705.429503798
0.24	6650	-808731.880567682
0.24	6700	-808758.177687225
0.24	6750	-808784.32276273
0.24	6800	-808810.317658607
0.24	6850	-808836.164204283
0.24	6900	-808861.864195076
0.24	6950	-808887.419393066
0.24	7000	-808912.831527923
0.24	7050	-808938.10229768
0.24	7100	-808963.233369535
0.24	7150	-808988.226380608
0.24	7200	-809013.082938631
0.24	7250	-809037.804622706
0.24	7300	-809062.392983966
0.24	7350	-809086.84954623
0.24	7400	-809111.175806669
0.24	7450	-809135.373236418
0.24	7500	-809159.443281205
0.24	7550	-809183.38736191
0.24	7600	-809207.20687516
0.24	7650	-809230.903193888
0.24	7700	-809254.477667854
0.24	7750	-809277.931624187
0.24	7800	-809301.266367893
0.24	7850	-809324.483182344
0.24	7900	-809347.583329767
0.24	7950	-809370.568051704
0.24	8000	-809393.438569482
0.24	8050	-809416.196084638
0.24	8100	-809438.841779359
0.24	8150	-809461.376816906
0.24	8200	-809483.802342008
0.24	8250	-809506.119481277
0.24	8300	-809528.329343568
0.24	8350	-809550.433020391
0.24	8400	-809572.431586237
0.24	8450	-809594.326098959
0.24	8500	-809616.117600121
0.24	8550	-809637.807115309
0.24	8600	-809659.395654495
0.24	8650	-809680.884212331
0.24	8700	-809702.273768478
0.24	8750	-809723.565287898
0.24	8800	-809744.759721148
0.24	8850	-809765.858004686
0.24	8900	-809786.861061148
0.24	8950	-809807.769799604
0.24	9000	-809828.585115842
0.24	9050	-809849.307892634
0.24	9100	-809869.938999971
0.24	9150	-809890.479295335
0.24	9200	-809910.929623925
0.24	9250	-809931.290818893
0.24	9300	-809951.563701592
0.24	9350	-809971.749081781
0.24	9400	-809991.847757846
0.24	9450	-810011.860517046
0.24	9500	-810031.788135665
0.24	9550	-810051.631379282
0.24	9600	-810071.391002915
0.24	9650	-810091.067751256
0.24	9700	-810110.662358833
0.24	9750	-810130.175550213
0.24	9800	-810149.608040183
0.24	9850	-810168.960533927
0.24	9900	-810188.23372718
0.24	9950	-810207.428306439
0.24	10000	-810226.544949081
0.24	10050	-810245.584323566
0.24	10100	-810264.547089571
0.24	10150	-810283.433898154
0.24	10200	-810302.245391903
0.24	10250	-810320.982205083
0.24	10300	-810339.644963786
0.24	10350	-810358.234286079
0.24	10400	-810376.750782108
0.24	10450	-810395.195054288
0.24	10500	-810413.56769739
0.24	10550	-810431.8692987
0.24	10600	-810450.100438122
0.24	10650	-810468.261688317
0.24	10700	-810486.353614836
0.24	10750	-810504.376776208
0.24	10800	-810522.331724086
0.24	10850	-810540.219003348
0.24	10900	-810558.039152196
0.24	10950	-810575.792702318
0.24	11000	-810593.480178912
0.24	11050	-810611.102100867
0.24	11100	-810628.658980827
0.24	11150	-810646.151325292
0.24	11200	-810663.579634752
0.24	11250	-810680.944403724
0.24	11300	-810698.246120904
0.24	11350	-810715.485269226
0.24	11400	-810732.662325966
0.24	11450	-810749.777762822
0.24	11500	-810766.83204602
0.24	11550	-810783.825636384
0.24	11600	-810800.75898942
0.24	11650	-810817.6325554
0.24	11700	-810834.446779456
0.24	11750	-810851.202101645
0.24	11800	-810867.898957017
0.24	11850	-810884.537775729
0.24	11900	-810901.118983078
0.24	11950	-810917.642999592
0.24	12000	-810934.11024111
0.245	50	-803685.729332497
0.245	100	-802685.56902987
0.245	150	-802411.267659991
0.245	200	-802352.666635067
0.245	250	-802382.807171273
0.245	300	-802455.218303028
0.245	350	-802549.217214615
0.245	400	-802654.437547159
0.245	450	-802765.260947955
0.245	500	-802878.476617731
0.245	550	-802992.183980447
0.245	600	-803105.234548353
0.245	650	-803216.929584256
0.245	700	-803326.847929981
0.245	750	-803434.743914354
0.245	800	-803540.484778763
0.245	850	-803644.011263373
0.245	900	-803745.312216903
0.245	950	-803844.40793612
0.245	1000	-803941.339070121
0.245	1050	-804036.159144914
0.245	1100	-804128.929484884
0.245	1150	-804219.715745116
0.245	1200	-804308.585540141
0.245	1250	-804395.606827078
0.245	1300	-804480.8468121
0.245	1350	-804564.371222669
0.245	1400	-804646.243836377
0.245	1450	-804726.526190421
0.245	1500	-804805.277418147
0.245	1550	-804882.5541748
0.245	1600	-804958.410625426
0.245	1650	-805032.898475659
0.245	1700	-805106.067031455
0.245	1750	-805177.96327781
0.245	1800	-805248.631969404
0.245	1850	-805318.115727811
0.245	1900	-805386.455141919
0.245	1950	-805453.688868675
0.245	2000	-805519.853732551
0.245	2050	-805584.984822428
0.245	2100	-805649.115585075
0.245	2150	-805712.277914724
0.245	2200	-805774.502238464
0.245	2250	-805835.817597281
0.245	2300	-805896.2517228
0.245	2350	-805955.831109713
0.245	2400	-806014.581084004
0.245	2450	-806072.525867264
0.245	2500	-806129.688637068
0.245	2550	-806186.091583737
0.245	2600	-806241.755963684
0.245	2650	-806296.702149427
0.245	2700	-806350.949676593
0.245	2750	-806404.517288032
0.245	2800	-806457.422975221
0.245	2850	-806509.684017137
0.245	2900	-806561.317016778
0.245	2950	-806612.337935484
0.245	3000	-806662.762125164
0.245	3050	-806712.604358599
0.245	3100	-806761.878857991
0.245	3150	-806810.599321753
0.245	3200	-806858.77894979
0.245	3250	-806906.430467272
0.245	3300	-806953.566147078
0.245	3350	-807000.197830897
0.245	3400	-807046.336949195
0.245	3450	-807091.994540012
0.245	3500	-807137.181266758
0.245	3550	-807181.907434955
0.245	3600	-807226.183008159
0.245	3650	-807270.017622933
0.245	3700	-807313.420603055
0.245	3750	-807356.400972984
0.245	3800	-807398.967470563
0.245	3850	-807441.128559128
0.245	3900	-807482.892438916
0.245	3950	-807524.267057954
0.245	4000	-807565.260122351
0.245	4050	-807605.879106081
0.245	4100	-807646.131260302
0.245	4150	-807686.023622168
0.245	4200	-807725.563023265
0.245	4250	-807764.756097579
0.245	4300	-807803.609289125
0.245	4350	-807842.128859197
0.245	4400	-807880.320893288
0.245	4450	-807918.19130763
0.245	4500	-807955.74585552
0.245	4550	-807992.990133295
0.245	4600	-808029.929586037
0.245	4650	-808066.569513037
0.245	4700	-808102.915073018
0.245	4750	-808138.971289105
0.245	4800	-808174.743053591
0.245	4850	-808210.235132499
0.245	4900	-808245.452169937
0.245	4950	-808280.39869224
0.245	5000	-808315.079112025
0.245	5050	-808349.497731951
0.245	5100	-808383.658748434
0.245	5150	-808417.566255109
0.245	5200	-808451.224246251
0.245	5250	-808484.636619968
0.245	5300	-808517.807181322
0.245	5350	-808550.73964529
0.245	5400	-808583.437639615
0.245	5450	-808615.904707576
0.245	5500	-808648.144310601
0.245	5550	-808680.159830803
0.245	5600	-808711.954573432
0.245	5650	-808743.531769187
0.245	5700	-808774.894576507
0.245	5750	-808806.0460837
0.245	5800	-808836.989311059
0.245	5850	-808867.727212865
0.245	5900	-808898.262679302
0.245	5950	-808928.598538359
0.245	6000	-808958.737557593
0.245	6050	-808988.68244587
0.245	6100	-809018.435855052
0.245	6150	-809048.000381573
0.245	6200	-809077.378568035
0.245	6250	-809106.572904672
0.245	6300	-809135.585830812
0.245	6350	-809164.419736264
0.245	6400	-809193.076962701
0.245	6450	-809221.5598049
0.245	6500	-809249.870512076
0.245	6550	-809278.011289026
0.245	6600	-809305.984297359
0.245	6650	-809333.791656617
0.245	6700	-809361.435445354
0.245	6750	-809388.917702238
0.245	6800	-809416.240427034
0.245	6850	-809443.405581649
0.245	6900	-809470.415091059
0.245	6950	-809497.270844252
0.245	7000	-809523.974695146
0.245	7050	-809550.528463437
0.245	7100	-809576.933935484
0.245	7150	-809603.192865095
0.245	7200	-809629.30697434
0.245	7250	-809655.277954315
0.245	7300	-809681.107465914
0.245	7350	-809706.797140518
0.245	7400	-809732.348580734
0.245	7450	-809757.763361039
0.245	7500	-809783.043028491
0.245	7550	-809808.189103329
0.245	7600	-809833.20307962
0.245	7650	-809858.086425863
0.245	7700	-809882.840585558
0.245	7750	-809907.466977819
0.245	7800	-809931.966997873
0.245	7850	-809956.342017654
0.245	7900	-809980.593386294
0.245	7950	-810004.722430626
0.245	8000	-810028.730455714
0.245	8050	-810052.6187453
0.245	8100	-810076.388562295
0.245	8150	-810100.041149216
0.245	8200	-810123.57772864
0.245	8250	-810146.999503625
0.245	8300	-810170.307658143
0.245	8350	-810193.503357478
0.245	8400	-810216.587748614
0.245	8450	-810239.561960644
0.245	8500	-810262.427105125
0.245	8550	-810285.184276461
0.245	8600	-810307.834552232
0.245	8650	-810330.378993577
0.245	8700	-810352.818645506
0.245	8750	-810375.154537244
0.245	8800	-810397.387682532
0.245	8850	-810419.519079968
0.245	8900	-810441.549713293
0.245	8950	-810463.480551688
0.245	9000	-810485.312550071
0.245	9050	-810507.04664938
0.245	9100	-810528.683776842
0.245	9150	-810550.224846237
0.245	9200	-810571.670758188
0.245	9250	-810593.022400375
0.245	9300	-810614.280647818
0.245	9350	-810635.446363099
0.245	9400	-810656.520396622
0.245	9450	-810677.503586814
0.245	9500	-810698.396760389
0.245	9550	-810719.200732535
0.245	9600	-810739.916307139
0.245	9650	-810760.544277019
0.245	9700	-810781.085424091
0.245	9750	-810801.540519617
0.245	9800	-810821.910324347
0.245	9850	-810842.195588767
0.245	9900	-810862.397053244
0.245	9950	-810882.515448217
0.245	10000	-810902.551494398
0.245	10050	-810922.505902926
0.245	10100	-810942.379375537
0.245	10150	-810962.172604756
0.245	10200	-810981.886274011
0.245	10250	-811001.521057851
0.245	10300	-811021.077622062
0.245	10350	-811040.556623843
0.245	10400	-811059.958711925
0.245	10450	-811079.284526758
0.245	10500	-811098.534700622
0.245	10550	-811117.709857774
0.245	10600	-811136.810614606
0.245	10650	-811155.83757974
0.245	10700	-811174.791354198
0.245	10750	-811193.672531498
0.245	10800	-811212.481697808
0.245	10850	-811231.219432048
0.245	10900	-811249.88630602
0.245	10950	-811268.48288452
0.245	11000	-811287.00972546
0.245	11050	-811305.467379984
0.245	11100	-811323.856392566
0.245	11150	-811342.177301118
0.245	11200	-811360.430637115
0.245	11250	-811378.616925689
0.245	11300	-811396.73668572
0.245	11350	-811414.790429949
0.245	11400	-811432.778665068
0.245	11450	-811450.70189183
0.245	11500	-811468.560605127
0.245	11550	-811486.355294088
0.245	11600	-811504.086442165
0.245	11650	-811521.754527239
0.245	11700	-811539.360021674
0.245	11750	-811556.90339244
0.245	11800	-811574.385101171
0.245	11850	-811591.805604255
0.245	11900	-811609.165352903
0.245	11950	-811626.464793266
0.245	12000	-811643.704366454
0.25	50	-803606.822078116
0.25	100	-802669.202113408
0.25	150	-802440.304093572
0.25	200	-802417.24783406
0.25	250	-802476.632436409
0.25	300	-802573.915237794
0.25	350	-802689.570994477
0.25	400	-802813.982742934
0.25	450	-802942.045442789
0.25	500	-803070.915524594
0.25	550	-803198.964348752
0.25	600	-803325.250515828
0.25	650	-803449.236692588
0.25	700	-803570.629998649
0.25	750	-803689.288426512
0.25	800	-803805.164204642
0.25	850	-803918.268629089
0.25	900	-804028.649774851
0.25	950	-804136.378144486
0.25	1000	-804241.537320643
0.25	1050	-804344.217834111
0.25	1100	-804444.513131652
0.25	1150	-804542.516933137
0.25	1200	-804638.321517819
0.25	1250	-804732.016636612
0.25	1300	-804823.688848594
0.25	1350	-804913.421145456
0.25	1400	-805001.292771184
0.25	1450	-805087.379173398
0.25	1500	-805171.752042287
0.25	1550	-805254.479406935
0.25	1600	-805335.625767632
0.25	1650	-805415.252249688
0.25	1700	-805493.416768482
0.25	1750	-805570.174198777
0.25	1800	-805645.576543553
0.25	1850	-805719.673099181
0.25	1900	-805792.510614875
0.25	1950	-805864.133445179
0.25	2000	-805934.583694769
0.25	2050	-806003.901355241
0.25	2100	-806072.124433837
0.25	2150	-806139.289074272
0.25	2200	-806205.429669827
0.25	2250	-806270.578969135
0.25	2300	-806334.768174957
0.25	2350	-806398.027036379
0.25	2400	-806460.383934817
0.25	2450	-806521.865964206
0.25	2500	-806582.499005828
0.25	2550	-806642.307798048
0.25	2600	-806701.316001399
0.25	2650	-806759.54625933
0.25	2700	-806817.02025486
0.25	2750	-806873.758763538
0.25	2800	-806929.781702907
0.25	2850	-806985.108178722
0.25	2900	-807039.756528245
0.25	2950	-807093.744360668
0.25	3000	-807147.088595057
0.25	3050	-807199.805495873
0.25	3100	-807251.910706249
0.25	3150	-807303.419279259
0.25	3200	-807354.345707259
0.25	3250	-807404.703949408
0.25	3300	-807454.50745762
0.25	3350	-807503.769200891
0.25	3400	-807552.50168825
0.25	3450	-807600.716990356
0.25	3500	-807648.426759852
0.25	3550	-807695.642250548
0.25	3600	-807742.374335557
0.25	3650	-807788.633524362
0.25	3700	-807834.429978985
0.25	3750	-807879.77352924
0.25	3800	-807924.673687205
0.25	3850	-807969.139660851
0.25	3900	-808013.180366998
0.25	3950	-808056.804443578
0.25	4000	-808100.020261237
0.25	4050	-808142.835934375
0.25	4100	-808185.259331594
0.25	4150	-808227.298085634
0.25	4200	-808268.959602787
0.25	4250	-808310.251071889
0.25	4300	-808351.17947282
0.25	4350	-808391.751584637
0.25	4400	-808431.973993253
0.25	4450	-808471.853098843
0.25	4500	-808511.395122793
0.25	4550	-808550.60611441
0.25	4600	-808589.49195726
0.25	4650	-808628.058375279
0.25	4700	-808666.310938512
0.25	4750	-808704.255068688
0.25	4800	-808741.896044504
0.25	4850	-808779.239006655
0.25	4900	-808816.28896267
0.25	4950	-808853.050791544
0.25	5000	-808889.529248141
0.25	5050	-808925.728967422
0.25	5100	-808961.654468514
0.25	5150	-808997.31015857
0.25	5200	-809032.700336479
0.25	5250	-809067.829196471
0.25	5300	-809102.700831468
0.25	5350	-809137.319236437
0.25	5400	-809171.688311472
0.25	5450	-809205.811864843
0.25	5500	-809239.693615888
0.25	5550	-809273.337197808
0.25	5600	-809306.746160329
0.25	5650	-809339.923972282
0.25	5700	-809372.874024067
0.25	5750	-809405.599630049
0.25	5800	-809438.104030838
0.25	5850	-809470.390395478
0.25	5900	-809502.461823581
0.25	5950	-809534.321347378
0.25	6000	-809565.971933656
0.25	6050	-809597.416485696
0.25	6100	-809628.657845049
0.25	6150	-809659.698793328
0.25	6200	-809690.542053912
0.25	6250	-809721.19029356
0.25	6300	-809751.646124003
0.25	6350	-809781.912103471
0.25	6400	-809811.990738159
0.25	6450	-809841.884483648
0.25	6500	-809871.595746296
0.25	6550	-809901.126884528
0.25	6600	-809930.48021015
0.25	6650	-809959.657989573
0.25	6700	-809988.662445009
0.25	6750	-810017.495755644
0.25	6800	-810046.160058735
0.25	6850	-810074.657450715
0.25	6900	-810102.989988217
0.25	6950	-810131.159689116
0.25	7000	-810159.168533491
0.25	7050	-810187.018464583
0.25	7100	-810214.711389712
0.25	7150	-810242.249181192
0.25	7200	-810269.63367715
0.25	7250	-810296.866682403
0.25	7300	-810323.949969259
0.25	7350	-810350.885278302
0.25	7400	-810377.674319141
0.25	7450	-810404.318771183
0.25	7500	-810430.820284323
0.25	7550	-810457.180479656
0.25	7600	-810483.400950139
0.25	7650	-810509.483261267
0.25	7700	-810535.428951681
0.25	7750	-810561.239533823
0.25	7800	-810586.916494507
0.25	7850	-810612.461295517
0.25	7900	-810637.875374171
0.25	7950	-810663.160143861
0.25	8000	-810688.316994611
0.25	8050	-810713.347293573
0.25	8100	-810738.252385551
0.25	8150	-810763.033593475
0.25	8200	-810787.692218895
0.25	8250	-810812.229542447
0.25	8300	-810836.646824284
0.25	8350	-810860.945304538
0.25	8400	-810885.126203731
0.25	8450	-810909.190723221
0.25	8500	-810933.140045566
0.25	8550	-810956.975334948
0.25	8600	-810980.697737547
0.25	8650	-811004.308381926
0.25	8700	-811027.808379374
0.25	8750	-811051.198824284
0.25	8800	-811074.480794485
0.25	8850	-811097.655351589
0.25	8900	-811120.723541301
0.25	8950	-811143.686393763
0.25	9000	-811166.544923853
0.25	9050	-811189.300131491
0.25	9100	-811211.953001925
0.25	9150	-811234.504506041
0.25	9200	-811256.955600642
0.25	9250	-811279.307228697
0.25	9300	-811301.56031963
0.25	9350	-811323.715789602
0.25	9400	-811345.774541725
0.25	9450	-811367.737466327
0.25	9500	-811389.605441214
0.25	9550	-811411.379331875
0.25	9600	-811433.059991753
0.25	9650	-811454.648262429
0.25	9700	-811476.144973881
0.25	9750	-811497.550944659
0.25	9800	-811518.866982143
0.25	9850	-811540.093882714
0.25	9900	-811561.232431971
0.25	9950	-811582.283404911
0.25	10000	-811603.247566156
0.25	10050	-811624.125670084
0.25	10100	-811644.918461084
0.25	10150	-811665.626673669
0.25	10200	-811686.251032694
0.25	10250	-811706.792253503
0.25	10300	-811727.251042117
0.25	10350	-811747.628095377
0.25	10400	-811767.924101131
0.25	10450	-811788.139738356
0.25	10500	-811808.275677342
0.25	10550	-811828.332579814
0.25	10600	-811848.311099114
0.25	10650	-811868.211880318
0.25	10700	-811888.035560378
0.25	10750	-811907.782768263
0.25	10800	-811927.454125111
0.25	10850	-811947.050244326
0.25	10900	-811966.571731736
0.25	10950	-811986.019185717
0.25	11000	-812005.393197288
0.25	11050	-812024.694350274
0.25	11100	-812043.923221388
0.25	11150	-812063.08038037
0.25	11200	-812082.166390095
0.25	11250	-812101.181806675
0.25	11300	-812120.127179581
0.25	11350	-812139.003051745
0.25	11400	-812157.809959657
0.25	11450	-812176.548433491
0.25	11500	-812195.218997168
0.25	11550	-812213.822168495
0.25	11600	-812232.358459227
0.25	11650	-812250.82837519
0.25	11700	-812269.232416353
0.25	11750	-812287.571076925
0.25	11800	-812305.844845461
0.25	11850	-812324.05420492
0.25	11900	-812342.199632763
0.25	11950	-812360.281601058
0.25	12000	-812378.300576524
